Steca Elektronik GmbH;MPPT6000;760749IH008963540005
Date;Time;SOC[%];Kaptest[Ah];Vbat[V];Ibat_M[A];Vbat.sense[V];VPV1_M[V];VPV2_M[V];PVpower_M[W];PV1power_M[W];PV2power_M[W];Ophours[h];Ibat_total[A]SOC;Icharge_total[A];Iload_total[A];BatPower_total[W];BatTemp[°C];ChargeMode;ErrorState;ErrorNr;StateAux1;StateAux2;StateAux3;IntTemp1[°C];IntTemp2[°C];Derating;Ah_in_24h_M[Ah];Ah_in_total_M[Ah];Ah_in_24h_SYS[Ah];Ah_in_total_SYS[Ah];Ah_out_24h_SYS[Ah];Ah_out_total_SYS[Ah];Day_night;Status_AUXIO
2026/04/18;00:00:56;99;-; 52.75; 0.0;-; 7.8; 10.0; 0.0;-;-;1832;-0.1; 0.0; 0.0;-6; 24.6;F;1;29;On;On;Off; 22.9; 22.6;0;0;1076;0;1076;0;891;0;-
2026/04/18;00:01:56;99;-; 52.75; 0.0;-; 7.9; 10.1; 0.0;-;-;1832;-0.1; 0.0; 0.0;-6; 24.5;F;1;29;On;On;Off; 22.9; 22.6;0;0;1076;0;1076;0;891;0;-
2026/04/18;00:02:56;99;-; 52.75; 0.0;-; 8.6; 10.2; 0.0;-;-;1832;-0.1; 0.0; 0.0;-5; 24.6;F;1;29;On;On;Off; 22.9; 22.6;0;0;1076;0;1076;0;891;0;-
2026/04/18;00:03:56;99;-; 52.75; 0.0;-; 8.4; 10.1; 0.0;-;-;1832;-0.1; 0.0; 0.0;-5; 24.6;F;1;29;On;On;Off; 22.9; 22.6;0;0;1076;0;1076;0;891;0;-
2026/04/18;00:04:56;99;-; 52.75; 0.0;-; 7.9; 10.0; 0.0;-;-;1832;-0.1; 0.0; 0.0;-5; 24.6;F;1;29;On;On;Off; 22.9; 22.6;0;0;1076;0;1076;0;891;0;-
2026/04/18;00:05:56;99;-; 52.73; 0.0;-; 8.4; 10.2; 0.0;-;-;1832;-0.1; 0.0; 0.0;-6; 24.6;F;1;29;On;On;Off; 22.9; 22.6;0;0;1076;0;1076;0;891;0;-
2026/04/18;00:06:56;99;-; 52.73; 0.0;-; 8.2; 10.1; 0.0;-;-;1832;-0.1; 0.0; 0.0;-5; 24.6;F;1;29;On;On;Off; 22.9; 22.6;0;0;1076;0;1076;0;891;0;-
2026/04/18;00:07:56;99;-; 52.75; 0.0;-; 8.1; 10.1; 0.0;-;-;1832;-0.1; 0.0; 0.0;-5; 24.6;F;1;29;On;On;Off; 22.9; 22.6;0;0;1076;0;1076;0;891;0;-
2026/04/18;00:08:56;99;-; 52.75; 0.0;-; 11.0; 11.1; 0.0;-;-;1832;-0.1; 0.0; 0.0;-5; 24.6;F;1;29;On;On;Off; 22.9; 22.6;0;0;1076;0;1076;0;891;0;-
2026/04/18;00:09:56;99;-; 52.75; 0.0;-; 7.8; 10.0; 0.0;-;-;1832;-0.1; 0.0; 0.0;-5; 24.6;F;1;29;On;On;Off; 22.9; 22.6;0;0;1076;0;1076;0;891;0;-
2026/04/18;00:10:56;99;-; 52.73; 0.0;-; 7.8; 10.0; 0.0;-;-;1832;-0.1; 0.0; 0.0;-5; 24.6;F;1;29;On;On;Off; 22.8; 22.6;0;0;1076;0;1076;0;891;0;-
2026/04/18;00:11:55;99;-; 52.73; 0.0;-; 7.8; 9.9; 0.0;-;-;1832;-0.1; 0.0; 0.0;-5; 24.6;F;1;29;On;On;Off; 22.9; 22.6;0;0;1076;0;1076;0;891;0;-
2026/04/18;00:12:55;99;-; 52.73; 0.0;-; 8.0; 10.1; 0.0;-;-;1832;-0.1; 0.0; 0.0;-6; 24.6;F;1;29;On;On;Off; 22.9; 22.6;0;0;1076;0;1076;0;891;0;-
2026/04/18;00:13:55;99;-; 52.75; 0.0;-; 8.3; 10.3; 0.0;-;-;1832;-0.1; 0.0; 0.0;-6; 24.6;F;1;29;On;On;Off; 22.8; 22.6;0;0;1076;0;1076;0;891;0;-
2026/04/18;00:14:55;99;-; 52.73; 0.0;-; 7.7; 10.1; 0.0;-;-;1833;-0.1; 0.0; 0.0;-6; 24.6;F;1;29;On;On;Off; 22.9; 22.6;0;0;1076;0;1076;0;891;0;-
2026/04/18;00:15:55;99;-; 52.73; 0.0;-; 7.8; 9.9; 0.0;-;-;1833;-0.1; 0.0; 0.0;-6; 24.6;F;1;29;On;On;Off; 22.9; 22.6;0;0;1076;0;1076;0;891;0;-
2026/04/18;00:16:55;99;-; 52.75; 0.0;-; 8.8; 10.0; 0.0;-;-;1833;-0.1; 0.0; 0.0;-6; 24.6;F;1;29;On;On;Off; 22.8; 22.6;0;0;1076;0;1076;0;891;0;-
2026/04/18;00:17:55;99;-; 52.75; 0.0;-; 7.8; 10.0; 0.0;-;-;1833;-0.1; 0.0; 0.0;-5; 24.6;F;1;29;On;On;Off; 22.8; 22.6;0;0;1076;0;1076;0;891;0;-
2026/04/18;00:18:55;99;-; 52.75; 0.0;-; 7.8; 10.0; 0.0;-;-;1833;-0.1; 0.0; 0.0;-5; 24.6;F;1;29;On;On;Off; 22.8; 22.6;0;0;1076;0;1076;0;891;0;-
2026/04/18;00:19:55;99;-; 52.73; 0.0;-; 7.8; 9.9; 0.0;-;-;1833;-0.1; 0.0; 0.0;-5; 24.6;F;1;29;On;On;Off; 22.8; 22.6;0;0;1076;0;1076;0;891;0;-
2026/04/18;00:20:55;99;-; 52.75; 0.0;-; 7.8; 10.0; 0.0;-;-;1833;-0.1; 0.0; 0.0;-6; 24.6;F;1;29;On;On;Off; 22.8; 22.6;0;0;1076;0;1076;0;891;0;-
2026/04/18;00:21:55;99;-; 52.73; 0.0;-; 7.9; 10.0; 0.0;-;-;1833;-0.1; 0.0; 0.0;-5; 24.6;F;1;29;On;On;Off; 22.8; 22.6;0;0;1076;0;1076;0;891;0;-
2026/04/18;00:22:55;99;-; 52.75; 0.0;-; 7.8; 10.0; 0.0;-;-;1833;-0.1; 0.0; 0.0;-5; 24.6;F;1;29;On;On;Off; 22.8; 22.6;0;0;1076;0;1076;0;891;0;-
2026/04/18;00:23:55;99;-; 52.73; 0.0;-; 7.8; 10.1; 0.0;-;-;1833;-0.1; 0.0; 0.0;-5; 24.6;F;1;29;On;On;Off; 22.8; 22.6;0;0;1076;0;1076;0;891;0;-
2026/04/18;00:24:55;99;-; 52.73; 0.0;-; 11.0; 11.2; 0.0;-;-;1833;-0.1; 0.0; 0.0;-5; 24.6;F;1;29;On;On;Off; 22.8; 22.6;0;0;1076;0;1076;0;891;0;-
2026/04/18;00:25:55;98;-; 52.73; 0.0;-; 11.0; 11.3; 0.0;-;-;1833;-0.1; 0.0; 0.0;-5; 24.6;F;1;29;On;On;Off; 22.8; 22.6;0;0;1076;0;1076;0;891;0;-
2026/04/18;00:26:55;98;-; 52.73; 0.0;-; 11.0; 11.3; 0.0;-;-;1833;-0.1; 0.0; 0.0;-5; 24.6;F;1;29;On;On;Off; 22.8; 22.6;0;0;1076;0;1076;0;891;0;-
2026/04/18;00:27:54;98;-; 52.73; 0.0;-; 9.1; 10.1; 0.0;-;-;1833;-0.1; 0.0; 0.0;-5; 24.6;F;1;29;On;On;Off; 22.8; 22.6;0;0;1076;0;1076;0;891;0;-
2026/04/18;00:28:54;98;-; 52.71; 0.0;-; 8.1; 10.2; 0.0;-;-;1833;-0.1; 0.0; 0.0;-6; 24.6;F;1;29;On;On;Off; 22.8; 22.6;0;0;1076;0;1076;0;891;0;-
2026/04/18;00:29:54;98;-; 52.73; 0.0;-; 8.6; 10.4; 0.0;-;-;1833;-0.1; 0.0; 0.0;-6; 24.5;F;1;29;On;On;Off; 22.8; 22.6;0;0;1076;0;1076;0;891;0;-
2026/04/18;00:30:54;98;-; 52.73; 0.0;-; 13.7; 10.2; 0.0;-;-;1833;-0.1; 0.0; 0.0;-5; 24.5;F;1;29;On;On;Off; 22.8; 22.6;0;0;1076;0;1076;0;891;0;-
2026/04/18;00:31:54;98;-; 52.73; 0.0;-; 7.9; 10.2; 0.0;-;-;1833;-0.1; 0.0; 0.0;-5; 24.5;F;1;29;On;On;Off; 22.8; 22.6;0;0;1076;0;1076;0;891;0;-
2026/04/18;00:32:54;98;-; 52.71; 0.0;-; 8.2; 10.1; 0.0;-;-;1833;-0.1; 0.0; 0.0;-5; 24.5;F;1;29;On;On;Off; 22.8; 22.6;0;0;1076;0;1076;0;891;0;-
2026/04/18;00:33:54;98;-; 52.73; 0.0;-; 8.0; 10.1; 0.0;-;-;1833;-0.1; 0.0; 0.0;-5; 24.5;F;1;29;On;On;Off; 22.8; 22.6;0;0;1076;0;1076;0;891;0;-
2026/04/18;00:34:54;98;-; 52.73; 0.0;-; 14.8; 10.2; 0.0;-;-;1833;-0.1; 0.0; 0.0;-5; 24.5;F;1;29;On;On;Off; 22.8; 22.6;0;0;1076;0;1076;0;891;0;-
2026/04/18;00:35:54;98;-; 52.71; 0.0;-; 7.9; 10.1; 0.0;-;-;1833;-0.1; 0.0; 0.0;-5; 24.5;F;1;29;On;On;Off; 22.8; 22.6;0;0;1076;0;1076;0;891;0;-
2026/04/18;00:36:54;98;-; 52.73; 0.0;-; 8.0; 10.0; 0.0;-;-;1833;-0.1; 0.0; 0.0;-5; 24.5;F;1;29;On;On;Off; 22.8; 22.6;0;0;1076;0;1076;0;891;0;-
2026/04/18;00:37:54;98;-; 52.73; 0.0;-; 8.0; 10.1; 0.0;-;-;1833;-0.1; 0.0; 0.0;-6; 24.5;F;1;29;On;On;Off; 22.8; 22.6;0;0;1076;0;1076;0;891;0;-
2026/04/18;00:38:54;98;-; 52.71; 0.0;-; 8.0; 10.1; 0.0;-;-;1833;-0.1; 0.0; 0.0;-6; 24.5;F;1;29;On;On;Off; 22.8; 22.6;0;0;1076;0;1076;0;891;0;-
2026/04/18;00:39:54;98;-; 52.71; 0.0;-; 8.0; 10.1; 0.0;-;-;1833;-0.1; 0.0; 0.0;-5; 24.5;F;1;29;On;On;Off; 22.8; 22.6;0;0;1076;0;1076;0;891;0;-
2026/04/18;00:40:54;98;-; 52.71; 0.0;-; 8.0; 10.2; 0.0;-;-;1833;-0.1; 0.0; 0.0;-5; 24.5;F;1;29;On;On;Off; 22.8; 22.6;0;0;1076;0;1076;0;891;0;-
2026/04/18;00:41:54;98;-; 52.73; 0.0;-; 8.0; 10.1; 0.0;-;-;1833;-0.1; 0.0; 0.0;-6; 24.5;F;1;29;On;On;Off; 22.8; 22.6;0;0;1076;0;1076;0;891;0;-
2026/04/18;00:42:54;98;-; 52.73; 0.0;-; 8.1; 10.2; 0.0;-;-;1833;-0.1; 0.0; 0.0;-5; 24.4;F;1;29;On;On;Off; 22.8; 22.6;0;0;1076;0;1076;0;891;0;-
2026/04/18;00:43:53;98;-; 52.73; 0.0;-; 8.0; 10.1; 0.0;-;-;1833;-0.1; 0.0; 0.0;-5; 24.4;F;1;29;On;On;Off; 22.8; 22.5;0;0;1076;0;1076;0;891;0;-
2026/04/18;00:44:53;98;-; 52.71; 0.0;-; 7.9; 10.0; 0.0;-;-;1833;-0.1; 0.0; 0.0;-5; 24.4;F;1;29;On;On;Off; 22.8; 22.5;0;0;1076;0;1076;0;891;0;-
2026/04/18;00:45:53;98;-; 52.73; 0.0;-; 8.0; 10.1; 0.0;-;-;1833;-0.1; 0.0; 0.0;-5; 24.4;F;1;29;On;On;Off; 22.8; 22.5;0;0;1076;0;1076;0;891;0;-
2026/04/18;00:46:53;98;-; 52.73; 0.0;-; 7.9; 10.1; 0.0;-;-;1833;-0.1; 0.0; 0.0;-5; 24.4;F;1;29;On;On;Off; 22.8; 22.6;0;0;1076;0;1076;0;891;0;-
2026/04/18;00:47:53;98;-; 52.73; 0.0;-; 8.0; 10.0; 0.0;-;-;1833;-0.1; 0.0; 0.0;-6; 24.4;F;1;29;On;On;Off; 22.8; 22.5;0;0;1076;0;1076;0;891;0;-
2026/04/18;00:48:53;98;-; 52.73; 0.0;-; 7.9; 10.2; 0.0;-;-;1833;-0.1; 0.0; 0.0;-6; 24.4;F;1;29;On;On;Off; 22.8; 22.5;0;0;1076;0;1076;0;891;0;-
2026/04/18;00:49:53;98;-; 52.71; 0.0;-; 7.9; 10.1; 0.0;-;-;1833;-0.1; 0.0; 0.0;-6; 24.4;F;1;29;On;On;Off; 22.8; 22.5;0;0;1076;0;1076;0;891;0;-
2026/04/18;00:50:53;98;-; 52.71; 0.0;-; 7.9; 10.2; 0.0;-;-;1833;-0.1; 0.0; 0.0;-5; 24.4;F;1;29;On;On;Off; 22.8; 22.5;0;0;1076;0;1076;0;891;0;-
2026/04/18;00:51:53;98;-; 52.73; 0.0;-; 7.8; 10.1; 0.0;-;-;1833;-0.1; 0.0; 0.0;-5; 24.4;F;1;29;On;On;Off; 22.8; 22.5;0;0;1076;0;1076;0;891;0;-
2026/04/18;00:52:53;98;-; 52.73; 0.0;-; 7.9; 10.0; 0.0;-;-;1833;-0.1; 0.0; 0.0;-5; 24.4;F;1;29;On;On;Off; 22.8; 22.5;0;0;1076;0;1076;0;891;0;-
2026/04/18;00:53:53;98;-; 52.73; 0.0;-; 7.9; 10.0; 0.0;-;-;1833;-0.1; 0.0; 0.0;-5; 24.4;F;1;29;On;On;Off; 22.8; 22.5;0;0;1076;0;1076;0;891;0;-
2026/04/18;00:54:53;98;-; 52.73; 0.0;-; 7.9; 10.2; 0.0;-;-;1833;-0.1; 0.0; 0.0;-6; 24.4;F;1;29;On;On;Off; 22.8; 22.5;0;0;1076;0;1076;0;891;0;-
2026/04/18;00:55:53;98;-; 52.71; 0.0;-; 7.9; 10.0; 0.0;-;-;1833;-0.1; 0.0; 0.0;-6; 24.4;F;1;29;On;On;Off; 22.8; 22.5;0;0;1076;0;1076;0;891;0;-
2026/04/18;00:56:53;98;-; 52.73; 0.0;-; 7.9; 10.0; 0.0;-;-;1833;-0.1; 0.0; 0.0;-6; 24.3;F;1;29;On;On;Off; 22.8; 22.5;0;0;1076;0;1076;0;891;0;-
2026/04/18;00:57:53;98;-; 52.71; 0.0;-; 7.8; 10.0; 0.0;-;-;1833;-0.1; 0.0; 0.0;-5; 24.3;F;1;29;On;On;Off; 22.8; 22.5;0;0;1076;0;1076;0;891;0;-
2026/04/18;00:58:53;98;-; 52.71; 0.0;-; 7.9; 10.1; 0.0;-;-;1833;-0.1; 0.0; 0.0;-5; 24.3;F;1;29;On;On;Off; 22.8; 22.5;0;0;1076;0;1076;0;891;0;-
2026/04/18;00:59:52;98;-; 52.71; 0.0;-; 7.8; 10.2; 0.0;-;-;1833;-0.1; 0.0; 0.0;-5; 24.3;F;1;29;On;On;Off; 22.8; 22.5;0;0;1076;0;1076;0;891;0;-
2026/04/18;01:00:52;98;-; 52.71; 0.0;-; 7.8; 10.0; 0.0;-;-;1833;-0.1; 0.0; 0.0;-5; 24.3;F;1;29;On;On;Off; 22.8; 22.5;0;0;1076;0;1076;0;891;0;-
2026/04/18;01:01:52;98;-; 52.69; 0.0;-; 7.8; 9.9; 0.0;-;-;1833;-0.1; 0.0; 0.0;-5; 24.3;F;1;29;On;On;Off; 22.8; 22.5;0;0;1076;0;1076;0;891;0;-
2026/04/18;01:02:52;98;-; 52.71; 0.0;-; 7.8; 10.1; 0.0;-;-;1833;-0.1; 0.0; 0.0;-5; 24.3;F;1;29;On;On;Off; 22.8; 22.5;0;0;1076;0;1076;0;891;0;-
2026/04/18;01:03:52;98;-; 52.71; 0.0;-; 7.8; 10.1; 0.0;-;-;1833;-0.1; 0.0; 0.0;-6; 24.3;F;1;29;On;On;Off; 22.8; 22.5;0;0;1076;0;1076;0;891;0;-
2026/04/18;01:04:52;98;-; 52.71; 0.0;-; 7.8; 10.0; 0.0;-;-;1833;-0.1; 0.0; 0.0;-5; 24.3;F;1;29;On;On;Off; 22.8; 22.5;0;0;1076;0;1076;0;891;0;-
2026/04/18;01:05:52;98;-; 52.71; 0.0;-; 7.8; 10.0; 0.0;-;-;1833;-0.1; 0.0; 0.0;-6; 24.3;F;1;29;On;On;Off; 22.8; 22.5;0;0;1076;0;1076;0;891;0;-
2026/04/18;01:06:52;98;-; 52.71; 0.0;-; 7.8; 10.0; 0.0;-;-;1833;-0.1; 0.0; 0.0;-6; 24.3;F;1;29;On;On;Off; 22.8; 22.5;0;0;1076;0;1076;0;891;0;-
2026/04/18;01:07:52;98;-; 52.71; 0.0;-; 7.9; 10.0; 0.0;-;-;1833;-0.1; 0.0; 0.0;-5; 24.3;F;1;29;On;On;Off; 22.8; 22.5;0;0;1076;0;1076;0;891;0;-
2026/04/18;01:08:52;98;-; 52.71; 0.0;-; 7.8; 10.0; 0.0;-;-;1833;-0.1; 0.0; 0.0;-6; 24.3;F;1;29;On;On;Off; 22.7; 22.5;0;0;1076;0;1076;0;891;0;-
2026/04/18;01:09:52;98;-; 52.69; 0.0;-; 7.8; 10.1; 0.0;-;-;1833;-0.1; 0.0; 0.0;-6; 24.3;F;1;29;On;On;Off; 22.7; 22.5;0;0;1076;0;1076;0;891;0;-
2026/04/18;01:10:52;98;-; 52.69; 0.0;-; 7.9; 10.0; 0.0;-;-;1833;-0.1; 0.0; 0.0;-6; 24.3;F;1;29;On;On;Off; 22.7; 22.5;0;0;1076;0;1076;0;891;0;-
2026/04/18;01:11:52;98;-; 52.71; 0.0;-; 7.8; 10.1; 0.0;-;-;1833;-0.1; 0.0; 0.0;-5; 24.3;F;1;29;On;On;Off; 22.8; 22.5;0;0;1076;0;1076;0;891;0;-
2026/04/18;01:12:52;98;-; 52.69; 0.0;-; 7.9; 9.9; 0.0;-;-;1833;-0.1; 0.0; 0.0;-5; 24.3;F;1;29;On;On;Off; 22.7; 22.5;0;0;1076;0;1076;0;891;0;-
2026/04/18;01:13:52;98;-; 52.71; 0.0;-; 7.9; 10.1; 0.0;-;-;1833;-0.1; 0.0; 0.0;-5; 24.3;F;1;29;On;On;Off; 22.7; 22.5;0;0;1076;0;1076;0;891;0;-
2026/04/18;01:14:51;98;-; 52.71; 0.0;-; 7.9; 10.1; 0.0;-;-;1834;-0.1; 0.0; 0.0;-5; 24.3;F;1;29;On;On;Off; 22.7; 22.5;0;0;1076;0;1076;0;891;0;-
2026/04/18;01:15:51;98;-; 52.69; 0.0;-; 7.9; 10.1; 0.0;-;-;1834;-0.1; 0.0; 0.0;-5; 24.3;F;1;29;On;On;Off; 22.7; 22.5;0;0;1076;0;1076;0;891;0;-
2026/04/18;01:16:51;98;-; 52.71; 0.0;-; 8.1; 10.2; 0.0;-;-;1834;-0.1; 0.0; 0.0;-6; 24.2;F;1;29;On;On;Off; 22.7; 22.5;0;0;1076;0;1076;0;891;0;-
2026/04/18;01:17:51;98;-; 52.69; 0.0;-; 8.0; 10.1; 0.0;-;-;1834;-0.1; 0.0; 0.0;-6; 24.2;F;1;29;On;On;Off; 22.7; 22.5;0;0;1076;0;1076;0;891;0;-
2026/04/18;01:18:51;98;-; 52.71; 0.0;-; 7.9; 10.1; 0.0;-;-;1834;-0.1; 0.0; 0.0;-6; 24.3;F;1;29;On;On;Off; 22.7; 22.5;0;0;1076;0;1076;0;891;0;-
2026/04/18;01:19:51;98;-; 52.71; 0.0;-; 7.9; 10.1; 0.0;-;-;1834;-0.1; 0.0; 0.0;-5; 24.2;F;1;29;On;On;Off; 22.7; 22.4;0;0;1076;0;1076;0;891;0;-
2026/04/18;01:20:51;98;-; 52.71; 0.0;-; 7.9; 10.0; 0.0;-;-;1834;-0.1; 0.0; 0.0;-5; 24.3;F;1;29;On;On;Off; 22.7; 22.5;0;0;1076;0;1076;0;891;0;-
2026/04/18;01:21:51;98;-; 52.71; 0.0;-; 7.9; 10.0; 0.0;-;-;1834;-0.1; 0.0; 0.0;-5; 24.3;F;1;29;On;On;Off; 22.7; 22.4;0;0;1076;0;1076;0;891;0;-
2026/04/18;01:22:51;98;-; 52.71; 0.0;-; 8.0; 10.2; 0.0;-;-;1834;-0.1; 0.0; 0.0;-5; 24.3;F;1;29;On;On;Off; 22.7; 22.4;0;0;1076;0;1076;0;891;0;-
2026/04/18;01:23:51;98;-; 52.71; 0.0;-; 7.9; 10.2; 0.0;-;-;1834;-0.1; 0.0; 0.0;-5; 24.3;F;1;29;On;On;Off; 22.7; 22.4;0;0;1076;0;1076;0;891;0;-
2026/04/18;01:24:51;98;-; 52.71; 0.0;-; 7.9; 10.1; 0.0;-;-;1834;-0.1; 0.0; 0.0;-5; 24.3;F;1;29;On;On;Off; 22.7; 22.4;0;0;1076;0;1076;0;891;0;-
2026/04/18;01:25:51;98;-; 52.71; 0.0;-; 7.8; 10.1; 0.0;-;-;1834;-0.1; 0.0; 0.0;-5; 24.3;F;1;29;On;On;Off; 22.7; 22.5;0;0;1076;0;1076;0;891;0;-
2026/04/18;01:26:51;98;-; 52.71; 0.0;-; 7.8; 10.0; 0.0;-;-;1834;-0.1; 0.0; 0.0;-5; 24.3;F;1;29;On;On;Off; 22.7; 22.4;0;0;1076;0;1076;0;891;0;-
2026/04/18;01:27:51;98;-; 52.71; 0.0;-; 7.8; 10.1; 0.0;-;-;1834;-0.1; 0.0; 0.0;-5; 24.3;F;1;29;On;On;Off; 22.7; 22.4;0;0;1076;0;1076;0;891;0;-
2026/04/18;01:28:51;98;-; 52.71; 0.0;-; 7.8; 10.0; 0.0;-;-;1834;-0.1; 0.0; 0.0;-5; 24.3;F;1;29;On;On;Off; 22.7; 22.4;0;0;1076;0;1076;0;891;0;-
2026/04/18;01:29:51;98;-; 52.71; 0.0;-; 7.9; 10.0; 0.0;-;-;1834;-0.1; 0.0; 0.0;-6; 24.3;F;1;29;On;On;Off; 22.7; 22.4;0;0;1076;0;1076;0;891;0;-
2026/04/18;01:30:50;98;-; 52.69; 0.0;-; 7.9; 10.0; 0.0;-;-;1834;-0.1; 0.0; 0.0;-5; 24.3;F;1;29;On;On;Off; 22.7; 22.4;0;0;1076;0;1076;0;891;0;-
2026/04/18;01:31:50;98;-; 52.71; 0.0;-; 7.8; 10.1; 0.0;-;-;1834;-0.1; 0.0; 0.0;-6; 24.3;F;1;29;On;On;Off; 22.7; 22.4;0;0;1076;0;1076;0;891;0;-
2026/04/18;01:32:50;98;-; 52.71; 0.0;-; 7.8; 10.0; 0.0;-;-;1834;-0.1; 0.0; 0.0;-5; 24.3;F;1;29;On;On;Off; 22.7; 22.4;0;0;1076;0;1076;0;891;0;-
2026/04/18;01:33:50;98;-; 52.71; 0.0;-; 7.9; 10.0; 0.0;-;-;1834;-0.1; 0.0; 0.0;-5; 24.3;F;1;29;On;On;Off; 22.7; 22.5;0;0;1076;0;1076;0;891;0;-
2026/04/18;01:34:50;98;-; 52.69; 0.0;-; 7.8; 9.9; 0.0;-;-;1834;-0.1; 0.0; 0.0;-6; 24.3;F;1;29;On;On;Off; 22.7; 22.5;0;0;1076;0;1076;0;891;0;-
2026/04/18;01:35:50;98;-; 52.69; 0.0;-; 7.9; 10.0; 0.0;-;-;1834;-0.1; 0.0; 0.0;-6; 24.3;F;1;29;On;On;Off; 22.7; 22.4;0;0;1076;0;1076;0;891;0;-
2026/04/18;01:36:50;98;-; 52.69; 0.0;-; 7.8; 10.0; 0.0;-;-;1834;-0.1; 0.0; 0.0;-5; 24.3;F;1;29;On;On;Off; 22.7; 22.4;0;0;1076;0;1076;0;891;0;-
2026/04/18;01:37:50;98;-; 52.71; 0.0;-; 7.8; 10.1; 0.0;-;-;1834;-0.1; 0.0; 0.0;-6; 24.3;F;1;29;On;On;Off; 22.7; 22.4;0;0;1076;0;1076;0;891;0;-
2026/04/18;01:38:50;98;-; 52.71; 0.0;-; 7.9; 10.0; 0.0;-;-;1834;-0.1; 0.0; 0.0;-6; 24.3;F;1;29;On;On;Off; 22.7; 22.4;0;0;1076;0;1076;0;891;0;-
2026/04/18;01:39:50;98;-; 52.69; 0.0;-; 7.9; 10.1; 0.0;-;-;1834;-0.1; 0.0; 0.0;-6; 24.3;F;1;29;On;On;Off; 22.7; 22.4;0;0;1076;0;1076;0;891;0;-
2026/04/18;01:40:50;98;-; 52.69; 0.0;-; 7.9; 10.1; 0.0;-;-;1834;-0.1; 0.0; 0.0;-6; 24.3;F;1;29;On;On;Off; 22.7; 22.4;0;0;1076;0;1076;0;891;0;-
2026/04/18;01:41:50;98;-; 52.67; 0.0;-; 8.0; 10.2; 0.0;-;-;1834;-0.1; 0.0; 0.0;-6; 24.3;F;1;29;On;On;Off; 22.7; 22.4;0;0;1076;0;1076;0;891;0;-
2026/04/18;01:42:50;98;-; 52.69; 0.0;-; 7.9; 10.2; 0.0;-;-;1834;-0.1; 0.0; 0.0;-6; 24.3;F;1;29;On;On;Off; 22.7; 22.4;0;0;1076;0;1076;0;891;0;-
2026/04/18;01:43:50;98;-; 52.69; 0.0;-; 8.1; 10.1; 0.0;-;-;1834;-0.1; 0.0; 0.0;-5; 24.3;F;1;29;On;On;Off; 22.7; 22.4;0;0;1076;0;1076;0;891;0;-
2026/04/18;01:44:50;98;-; 52.69; 0.0;-; 8.0; 10.2; 0.0;-;-;1834;-0.1; 0.0; 0.0;-5; 24.3;F;1;29;On;On;Off; 22.7; 22.4;0;0;1076;0;1076;0;891;0;-
2026/04/18;01:45:50;98;-; 52.69; 0.0;-; 8.2; 10.3; 0.0;-;-;1834;-0.1; 0.0; 0.0;-5; 24.4;F;1;29;On;On;Off; 22.7; 22.4;0;0;1076;0;1076;0;891;0;-
2026/04/18;01:46:49;98;-; 52.69; 0.0;-; 8.1; 10.2; 0.0;-;-;1834;-0.1; 0.0; 0.0;-5; 24.4;F;1;29;On;On;Off; 22.7; 22.4;0;0;1076;0;1076;0;891;0;-
2026/04/18;01:47:49;98;-; 52.67; 0.0;-; 8.2; 10.4; 0.0;-;-;1834;-0.1; 0.0; 0.0;-5; 24.4;F;1;29;On;On;Off; 22.7; 22.4;0;0;1076;0;1076;0;891;0;-
2026/04/18;01:48:49;98;-; 52.69; 0.0;-; 8.1; 10.3; 0.0;-;-;1834;-0.1; 0.0; 0.0;-5; 24.4;F;1;29;On;On;Off; 22.7; 22.4;0;0;1076;0;1076;0;891;0;-
2026/04/18;01:49:49;98;-; 52.69; 0.0;-; 8.2; 10.4; 0.0;-;-;1834;-0.1; 0.0; 0.0;-6; 24.4;F;1;29;On;On;Off; 22.7; 22.4;0;0;1076;0;1076;0;891;0;-
2026/04/18;01:50:49;98;-; 52.69; 0.0;-; 8.1; 10.3; 0.0;-;-;1834;-0.1; 0.0; 0.0;-5; 24.4;F;1;29;On;On;Off; 22.7; 22.4;0;0;1076;0;1076;0;891;0;-
2026/04/18;01:51:49;98;-; 52.69; 0.0;-; 8.1; 10.4; 0.0;-;-;1834;-0.1; 0.0; 0.0;-6; 24.4;F;1;29;On;On;Off; 22.7; 22.4;0;0;1076;0;1076;0;891;0;-
2026/04/18;01:52:49;98;-; 52.69; 0.0;-; 8.0; 10.2; 0.0;-;-;1834;-0.1; 0.0; 0.0;-6; 24.4;F;1;29;On;On;Off; 22.7; 22.4;0;0;1076;0;1076;0;891;0;-
2026/04/18;01:53:49;98;-; 52.69; 0.0;-; 8.0; 10.3; 0.0;-;-;1834;-0.1; 0.0; 0.0;-6; 24.4;F;1;29;On;On;Off; 22.7; 22.4;0;0;1076;0;1076;0;891;0;-
2026/04/18;01:54:49;98;-; 52.69; 0.0;-; 8.0; 10.2; 0.0;-;-;1834;-0.1; 0.0; 0.0;-6; 24.4;F;1;29;On;On;Off; 22.7; 22.4;0;0;1076;0;1076;0;891;0;-
2026/04/18;01:55:49;98;-; 52.69; 0.0;-; 8.0; 10.0; 0.0;-;-;1834;-0.1; 0.0; 0.0;-5; 24.4;F;1;29;On;On;Off; 22.7; 22.4;0;0;1076;0;1076;0;891;0;-
2026/04/18;01:56:49;98;-; 52.69; 0.0;-; 7.9; 10.3; 0.0;-;-;1834;-0.1; 0.0; 0.0;-5; 24.4;F;1;29;On;On;Off; 22.7; 22.4;0;0;1076;0;1076;0;891;0;-
2026/04/18;01:57:49;98;-; 52.69; 0.0;-; 8.0; 10.3; 0.0;-;-;1834;-0.1; 0.0; 0.0;-5; 24.4;F;1;29;On;On;Off; 22.7; 22.4;0;0;1076;0;1076;0;891;0;-
2026/04/18;01:58:49;98;-; 52.69; 0.0;-; 7.8; 10.0; 0.0;-;-;1834;-0.1; 0.0; 0.0;-4; 24.4;F;1;29;On;On;Off; 22.7; 22.4;0;0;1076;0;1076;0;891;0;-
2026/04/18;01:59:49;98;-; 52.69; 0.0;-; 7.9; 10.1; 0.0;-;-;1834;-0.1; 0.0; 0.0;-4; 24.4;F;1;29;On;On;Off; 22.7; 22.4;0;0;1076;0;1076;0;891;0;-
2026/04/18;02:00:49;98;-; 52.69; 0.0;-; 7.8; 10.1; 0.0;-;-;1834;-0.1; 0.0; 0.0;-5; 24.4;F;1;29;On;On;Off; 22.7; 22.4;0;0;1076;0;1076;0;891;0;-
2026/04/18;02:01:49;98;-; 52.69; 0.0;-; 7.8; 10.0; 0.0;-;-;1834;-0.1; 0.0; 0.0;-5; 24.3;F;1;29;On;On;Off; 22.7; 22.4;0;0;1076;0;1076;0;891;0;-
2026/04/18;02:02:48;98;-; 52.69; 0.0;-; 7.8; 10.0; 0.0;-;-;1834;-0.1; 0.0; 0.0;-5; 24.3;F;1;29;On;On;Off; 22.7; 22.4;0;0;1076;0;1076;0;891;0;-
2026/04/18;02:03:48;98;-; 52.69; 0.0;-; 7.7; 10.1; 0.0;-;-;1834;-0.1; 0.0; 0.0;-5; 24.3;F;1;29;On;On;Off; 22.7; 22.4;0;0;1076;0;1076;0;891;0;-
2026/04/18;02:04:48;98;-; 52.67; 0.0;-; 7.7; 10.1; 0.0;-;-;1834;-0.1; 0.0; 0.0;-5; 24.3;F;1;29;On;On;Off; 22.7; 22.4;0;0;1076;0;1076;0;891;0;-
2026/04/18;02:05:48;98;-; 52.69; 0.0;-; 7.8; 10.0; 0.0;-;-;1834;-0.1; 0.0; 0.0;-5; 24.3;F;1;29;On;On;Off; 22.7; 22.4;0;0;1076;0;1076;0;891;0;-
2026/04/18;02:06:48;98;-; 52.69; 0.0;-; 7.9; 10.0; 0.0;-;-;1834;-0.1; 0.0; 0.0;-5; 24.3;F;1;29;On;On;Off; 22.7; 22.4;0;0;1076;0;1076;0;891;0;-
2026/04/18;02:07:48;98;-; 52.67; 0.0;-; 7.8; 10.0; 0.0;-;-;1834;-0.1; 0.0; 0.0;-6; 24.3;F;1;29;On;On;Off; 22.7; 22.4;0;0;1076;0;1076;0;891;0;-
2026/04/18;02:08:48;98;-; 52.67; 0.0;-; 7.9; 10.1; 0.0;-;-;1834;-0.1; 0.0; 0.0;-6; 24.3;F;1;29;On;On;Off; 22.7; 22.4;0;0;1076;0;1076;0;891;0;-
2026/04/18;02:09:48;98;-; 52.67; 0.0;-; 7.8; 10.0; 0.0;-;-;1834;-0.1; 0.0; 0.0;-6; 24.3;F;1;29;On;On;Off; 22.7; 22.4;0;0;1076;0;1076;0;891;0;-
2026/04/18;02:10:48;98;-; 52.67; 0.0;-; 7.9; 10.1; 0.0;-;-;1834;-0.1; 0.0; 0.0;-6; 24.3;F;1;29;On;On;Off; 22.7; 22.4;0;0;1076;0;1076;0;891;0;-
2026/04/18;02:11:48;98;-; 52.69; 0.0;-; 7.8; 10.1; 0.0;-;-;1834;-0.1; 0.0; 0.0;-5; 24.3;F;1;29;On;On;Off; 22.7; 22.4;0;0;1076;0;1076;0;891;0;-
2026/04/18;02:12:48;98;-; 52.67; 0.0;-; 8.0; 10.2; 0.0;-;-;1834;-0.1; 0.0; 0.0;-5; 24.3;F;1;29;On;On;Off; 22.7; 22.4;0;0;1076;0;1076;0;891;0;-
2026/04/18;02:13:48;98;-; 52.67; 0.0;-; 7.9; 10.1; 0.0;-;-;1834;-0.1; 0.0; 0.0;-5; 24.3;F;1;29;On;On;Off; 22.7; 22.4;0;0;1076;0;1076;0;891;0;-
2026/04/18;02:14:48;98;-; 52.67; 0.0;-; 7.9; 10.2; 0.0;-;-;1835;-0.1; 0.0; 0.0;-5; 24.3;F;1;29;On;On;Off; 22.7; 22.4;0;0;1076;0;1076;0;891;0;-
2026/04/18;02:15:48;98;-; 52.65; 0.0;-; 7.9; 10.1; 0.0;-;-;1835;-0.1; 0.0; 0.0;-5; 24.3;F;1;29;On;On;Off; 22.7; 22.4;0;0;1076;0;1076;0;891;0;-
2026/04/18;02:16:48;98;-; 52.67; 0.0;-; 8.0; 10.1; 0.0;-;-;1835;-0.1; 0.0; 0.0;-6; 24.3;F;1;29;On;On;Off; 22.7; 22.4;0;0;1076;0;1076;0;891;0;-
2026/04/18;02:17:48;98;-; 52.67; 0.0;-; 8.0; 10.2; 0.0;-;-;1835;-0.1; 0.0; 0.0;-5; 24.3;F;1;29;On;On;Off; 22.6; 22.4;0;0;1076;0;1076;0;891;0;-
2026/04/18;02:18:47;98;-; 52.67; 0.0;-; 7.9; 10.3; 0.0;-;-;1835;-0.1; 0.0; 0.0;-5; 24.3;F;1;29;On;On;Off; 22.6; 22.4;0;0;1076;0;1076;0;891;0;-
2026/04/18;02:19:47;98;-; 52.67; 0.0;-; 7.9; 10.2; 0.0;-;-;1835;-0.1; 0.0; 0.0;-5; 24.3;F;1;29;On;On;Off; 22.7; 22.4;0;0;1076;0;1076;0;891;0;-
2026/04/18;02:20:47;98;-; 52.67; 0.0;-; 8.1; 10.4; 0.0;-;-;1835;-0.1; 0.0; 0.0;-5; 24.3;F;1;29;On;On;Off; 22.7; 22.4;0;0;1076;0;1076;0;891;0;-
2026/04/18;02:21:47;98;-; 52.67; 0.0;-; 8.0; 10.2; 0.0;-;-;1835;-0.1; 0.0; 0.0;-6; 24.2;F;1;29;On;On;Off; 22.7; 22.4;0;0;1076;0;1076;0;891;0;-
2026/04/18;02:22:47;98;-; 52.65; 0.0;-; 8.0; 10.2; 0.0;-;-;1835;-0.1; 0.0; 0.0;-6; 24.2;F;1;29;On;On;Off; 22.6; 22.4;0;0;1076;0;1076;0;891;0;-
2026/04/18;02:23:47;98;-; 52.67; 0.0;-; 8.0; 10.3; 0.0;-;-;1835;-0.1; 0.0; 0.0;-5; 24.2;F;1;29;On;On;Off; 22.6; 22.4;0;0;1076;0;1076;0;891;0;-
2026/04/18;02:24:47;98;-; 52.67; 0.0;-; 10.4; 10.9; 0.0;-;-;1835;-0.1; 0.0; 0.0;-5; 24.2;F;1;29;On;On;Off; 22.6; 22.4;0;0;1076;0;1076;0;891;0;-
2026/04/18;02:25:47;98;-; 52.67; 0.0;-; 7.9; 10.3; 0.0;-;-;1835;-0.1; 0.0; 0.0;-6; 24.2;F;1;29;On;On;Off; 22.6; 22.4;0;0;1076;0;1076;0;891;0;-
2026/04/18;02:26:47;98;-; 52.65; 0.0;-; 7.9; 10.1; 0.0;-;-;1835;-0.1; 0.0; 0.0;-5; 24.2;F;1;29;On;On;Off; 22.6; 22.4;0;0;1076;0;1076;0;891;0;-
2026/04/18;02:27:47;98;-; 52.67; 0.0;-; 7.9; 10.2; 0.0;-;-;1835;-0.1; 0.0; 0.0;-5; 24.2;F;1;29;On;On;Off; 22.6; 22.4;0;0;1076;0;1076;0;891;0;-
2026/04/18;02:28:47;98;-; 52.65; 0.0;-; 7.9; 10.0; 0.0;-;-;1835;-0.1; 0.0; 0.0;-6; 24.2;F;1;29;On;On;Off; 22.6; 22.4;0;0;1076;0;1076;0;891;0;-
2026/04/18;02:29:47;98;-; 52.67; 0.0;-; 7.9; 10.1; 0.0;-;-;1835;-0.1; 0.0; 0.0;-5; 24.2;F;1;29;On;On;Off; 22.6; 22.4;0;0;1076;0;1076;0;891;0;-
2026/04/18;02:30:47;98;-; 52.67; 0.0;-; 7.8; 10.1; 0.0;-;-;1835;-0.1; 0.0; 0.0;-5; 24.2;F;1;29;On;On;Off; 22.6; 22.4;0;0;1076;0;1076;0;891;0;-
2026/04/18;02:31:47;98;-; 52.67; 0.0;-; 7.8; 10.1; 0.0;-;-;1835;-0.1; 0.0; 0.0;-6; 24.2;F;1;29;On;On;Off; 22.6; 22.4;0;0;1076;0;1076;0;891;0;-
2026/04/18;02:32:47;98;-; 52.65; 0.0;-; 7.9; 10.0; 0.0;-;-;1835;-0.1; 0.0; 0.0;-6; 24.2;F;1;29;On;On;Off; 22.6; 22.3;0;0;1076;0;1076;0;891;0;-
2026/04/18;02:33:46;98;-; 52.67; 0.0;-; 7.8; 10.1; 0.0;-;-;1835;-0.1; 0.0; 0.0;-6; 24.2;F;1;29;On;On;Off; 22.6; 22.4;0;0;1076;0;1076;0;891;0;-
2026/04/18;02:34:46;98;-; 52.67; 0.0;-; 7.8; 10.1; 0.0;-;-;1835;-0.1; 0.0; 0.0;-6; 24.2;F;1;29;On;On;Off; 22.6; 22.3;0;0;1076;0;1076;0;891;0;-
2026/04/18;02:35:46;98;-; 52.67; 0.0;-; 7.8; 10.0; 0.0;-;-;1835;-0.1; 0.0; 0.0;-6; 24.2;F;1;29;On;On;Off; 22.6; 22.3;0;0;1076;0;1076;0;891;0;-
2026/04/18;02:36:46;98;-; 52.67; 0.0;-; 7.8; 10.0; 0.0;-;-;1835;-0.1; 0.0; 0.0;-6; 24.2;F;1;29;On;On;Off; 22.6; 22.4;0;0;1076;0;1076;0;891;0;-
2026/04/18;02:37:46;98;-; 52.67; 0.0;-; 7.7; 10.1; 0.0;-;-;1835;-0.1; 0.0; 0.0;-6; 24.1;F;1;29;On;On;Off; 22.6; 22.3;0;0;1076;0;1076;0;891;0;-
2026/04/18;02:38:46;98;-; 52.67; 0.0;-; 7.7; 10.1; 0.0;-;-;1835;-0.1; 0.0; 0.0;-6; 24.1;F;1;29;On;On;Off; 22.6; 22.3;0;0;1076;0;1076;0;891;0;-
2026/04/18;02:39:46;98;-; 52.67; 0.0;-; 7.8; 10.1; 0.0;-;-;1835;-0.1; 0.0; 0.0;-6; 24.1;F;1;29;On;On;Off; 22.6; 22.4;0;0;1076;0;1076;0;891;0;-
2026/04/18;02:40:46;98;-; 52.67; 0.0;-; 7.8; 10.2; 0.0;-;-;1835;-0.1; 0.0; 0.0;-5; 24.1;F;1;29;On;On;Off; 22.6; 22.3;0;0;1076;0;1076;0;891;0;-
2026/04/18;02:41:46;98;-; 52.67; 0.0;-; 7.8; 10.2; 0.0;-;-;1835;-0.1; 0.0; 0.0;-6; 24.1;F;1;29;On;On;Off; 22.6; 22.4;0;0;1076;0;1076;0;891;0;-
2026/04/18;02:42:46;98;-; 52.67; 0.0;-; 7.8; 10.1; 0.0;-;-;1835;-0.1; 0.0; 0.0;-6; 24.1;F;1;29;On;On;Off; 22.6; 22.3;0;0;1076;0;1076;0;891;0;-
2026/04/18;02:43:46;98;-; 52.67; 0.0;-; 7.7; 10.1; 0.0;-;-;1835;-0.1; 0.0; 0.0;-6; 24.1;F;1;29;On;On;Off; 22.6; 22.3;0;0;1076;0;1076;0;891;0;-
2026/04/18;02:44:46;98;-; 52.67; 0.0;-; 7.8; 10.1; 0.0;-;-;1835;-0.1; 0.0; 0.0;-6; 24.1;F;1;29;On;On;Off; 22.6; 22.3;0;0;1076;0;1076;0;891;0;-
2026/04/18;02:45:46;98;-; 52.67; 0.0;-; 7.8; 10.0; 0.0;-;-;1835;-0.1; 0.0; 0.0;-5; 24.1;F;1;29;On;On;Off; 22.6; 22.3;0;0;1076;0;1076;0;891;0;-
2026/04/18;02:46:46;98;-; 52.67; 0.0;-; 7.8; 10.2; 0.0;-;-;1835;-0.1; 0.0; 0.0;-6; 24.1;F;1;29;On;On;Off; 22.6; 22.3;0;0;1076;0;1076;0;891;0;-
2026/04/18;02:47:46;98;-; 52.65; 0.0;-; 7.9; 10.2; 0.0;-;-;1835;-0.1; 0.0; 0.0;-6; 24.1;F;1;29;On;On;Off; 22.6; 22.3;0;0;1076;0;1076;0;891;0;-
2026/04/18;02:48:46;98;-; 52.67; 0.0;-; 7.9; 10.2; 0.0;-;-;1835;-0.1; 0.0; 0.0;-6; 24.1;F;1;29;On;On;Off; 22.6; 22.3;0;0;1076;0;1076;0;891;0;-
2026/04/18;02:49:45;98;-; 52.67; 0.0;-; 7.9; 10.3; 0.0;-;-;1835;-0.1; 0.0; 0.0;-6; 24.1;F;1;29;On;On;Off; 22.6; 22.3;0;0;1076;0;1076;0;891;0;-
2026/04/18;02:50:45;98;-; 52.65; 0.0;-; 7.9; 10.2; 0.0;-;-;1835;-0.1; 0.0; 0.0;-6; 24.1;F;1;29;On;On;Off; 22.6; 22.3;0;0;1076;0;1076;0;891;0;-
2026/04/18;02:51:45;98;-; 52.65; 0.0;-; 7.9; 10.2; 0.0;-;-;1835;-0.1; 0.0; 0.0;-5; 24.1;F;1;29;On;On;Off; 22.6; 22.3;0;0;1076;0;1076;0;891;0;-
2026/04/18;02:52:45;98;-; 52.65; 0.0;-; 7.9; 10.3; 0.0;-;-;1835;-0.1; 0.0; 0.0;-5; 24.1;F;1;29;On;On;Off; 22.6; 22.3;0;0;1076;0;1076;0;891;0;-
2026/04/18;02:53:45;98;-; 52.65; 0.0;-; 7.9; 10.3; 0.0;-;-;1835;-0.1; 0.0; 0.0;-5; 24.1;F;1;29;On;On;Off; 22.6; 22.3;0;0;1076;0;1076;0;891;0;-
2026/04/18;02:54:45;98;-; 52.65; 0.0;-; 8.1; 10.3; 0.0;-;-;1835;-0.1; 0.0; 0.0;-6; 24.1;F;1;29;On;On;Off; 22.6; 22.3;0;0;1076;0;1076;0;891;0;-
2026/04/18;02:55:45;98;-; 52.67; 0.0;-; 8.1; 10.4; 0.0;-;-;1835;-0.1; 0.0; 0.0;-6; 24.1;F;1;29;On;On;Off; 22.6; 22.3;0;0;1076;0;1076;0;891;0;-
2026/04/18;02:56:45;98;-; 52.65; 0.0;-; 8.2; 10.5; 0.0;-;-;1835;-0.1; 0.0; 0.0;-5; 24.0;F;1;29;On;On;Off; 22.6; 22.3;0;0;1076;0;1076;0;891;0;-
2026/04/18;02:57:45;98;-; 52.65; 0.0;-; 8.1; 10.3; 0.0;-;-;1835;-0.1; 0.0; 0.0;-5; 24.1;F;1;29;On;On;Off; 22.6; 22.3;0;0;1076;0;1076;0;891;0;-
2026/04/18;02:58:45;98;-; 52.65; 0.0;-; 8.2; 10.5; 0.0;-;-;1835;-0.1; 0.0; 0.0;-6; 24.0;F;1;29;On;On;Off; 22.6; 22.3;0;0;1076;0;1076;0;891;0;-
2026/04/18;02:59:45;98;-; 52.65; 0.0;-; 9.9; 10.9; 0.0;-;-;1835;-0.1; 0.0; 0.0;-5; 24.0;F;1;29;On;On;Off; 22.6; 22.3;0;0;1076;0;1076;0;891;0;-
2026/04/18;03:00:45;98;-; 52.65; 0.0;-; 10.0; 11.0; 0.0;-;-;1835;-0.1; 0.0; 0.0;-5; 24.0;F;1;29;On;On;Off; 22.6; 22.3;0;0;1076;0;1076;0;891;0;-
2026/04/18;03:01:45;98;-; 52.65; 0.0;-; 10.1; 11.0; 0.0;-;-;1835;-0.1; 0.0; 0.0;-5; 24.0;F;1;29;On;On;Off; 22.6; 22.3;0;0;1076;0;1076;0;891;0;-
2026/04/18;03:02:45;98;-; 52.65; 0.0;-; 10.0; 11.0; 0.0;-;-;1835;-0.1; 0.0; 0.0;-5; 24.0;F;1;29;On;On;Off; 22.6; 22.3;0;0;1076;0;1076;0;891;0;-
2026/04/18;03:03:45;98;-; 52.65; 0.0;-; 10.1; 11.2; 0.0;-;-;1835;-0.1; 0.0; 0.0;-5; 24.0;F;1;29;On;On;Off; 22.6; 22.3;0;0;1076;0;1076;0;891;0;-
2026/04/18;03:04:45;98;-; 52.65; 0.0;-; 10.2; 11.3; 0.0;-;-;1835;-0.1; 0.0; 0.0;-5; 24.0;F;1;29;On;On;Off; 22.6; 22.3;0;0;1076;0;1076;0;891;0;-
2026/04/18;03:05:44;98;-; 52.65; 0.0;-; 10.2; 11.2; 0.0;-;-;1835;-0.1; 0.0; 0.0;-5; 24.0;F;1;29;On;On;Off; 22.6; 22.3;0;0;1076;0;1076;0;891;0;-
2026/04/18;03:06:44;98;-; 52.65; 0.0;-; 10.3; 11.2; 0.0;-;-;1835;-0.1; 0.0; 0.0;-6; 24.0;F;1;29;On;On;Off; 22.6; 22.3;0;0;1076;0;1076;0;891;0;-
2026/04/18;03:07:44;98;-; 52.65; 0.0;-; 10.3; 11.1; 0.0;-;-;1835;-0.1; 0.0; 0.0;-6; 24.0;F;1;29;On;On;Off; 22.6; 22.3;0;0;1076;0;1076;0;891;0;-
2026/04/18;03:08:44;98;-; 52.65; 0.0;-; 10.4; 11.2; 0.0;-;-;1835;-0.1; 0.0; 0.0;-5; 24.0;F;1;29;On;On;Off; 22.6; 22.3;0;0;1076;0;1076;0;891;0;-
2026/04/18;03:09:44;98;-; 52.63; 0.0;-; 10.6; 11.4; 0.0;-;-;1835;-0.1; 0.0; 0.0;-5; 24.0;F;1;29;On;On;Off; 22.6; 22.3;0;0;1076;0;1076;0;891;0;-
2026/04/18;03:10:44;98;-; 52.63; 0.0;-; 10.6; 11.5; 0.0;-;-;1835;-0.1; 0.0; 0.0;-5; 24.0;F;1;29;On;On;Off; 22.6; 22.3;0;0;1076;0;1076;0;891;0;-
2026/04/18;03:11:44;98;-; 52.63; 0.0;-; 10.6; 11.4; 0.0;-;-;1835;-0.1; 0.0; 0.0;-5; 24.0;F;1;29;On;On;Off; 22.6; 22.3;0;0;1076;0;1076;0;891;0;-
2026/04/18;03:12:44;98;-; 52.65; 0.0;-; 10.8; 11.7; 0.0;-;-;1835;-0.1; 0.0; 0.0;-6; 24.0;F;1;29;On;On;Off; 22.6; 22.3;0;0;1076;0;1076;0;891;0;-
2026/04/18;03:13:44;98;-; 52.65; 0.0;-; 10.9; 11.7; 0.0;-;-;1835;-0.1; 0.0; 0.0;-6; 24.0;F;1;29;On;On;Off; 22.6; 22.3;0;0;1076;0;1076;0;891;0;-
2026/04/18;03:14:44;98;-; 52.65; 0.0;-; 11.1; 12.0; 0.0;-;-;1836;-0.1; 0.0; 0.0;-5; 24.0;F;1;29;On;On;Off; 22.6; 22.3;0;0;1076;0;1076;0;891;0;-
2026/04/18;03:15:44;98;-; 52.65; 0.0;-; 11.3; 12.0; 0.0;-;-;1836;-0.1; 0.0; 0.0;-5; 24.0;F;1;29;On;On;Off; 22.6; 22.3;0;0;1076;0;1076;0;891;0;-
2026/04/18;03:16:44;98;-; 52.65; 0.0;-; 11.3; 12.1; 0.0;-;-;1836;-0.1; 0.0; 0.0;-5; 24.0;F;1;29;On;On;Off; 22.6; 22.3;0;0;1076;0;1076;0;891;0;-
2026/04/18;03:17:44;97;-; 52.63; 0.0;-; 11.5; 12.1; 0.0;-;-;1836;-0.1; 0.0; 0.0;-6; 24.0;F;1;29;On;On;Off; 22.6; 22.3;0;0;1076;0;1076;0;891;0;-
2026/04/18;03:18:44;97;-; 52.65; 0.0;-; 11.6; 12.3; 0.0;-;-;1836;-0.1; 0.0; 0.0;-6; 24.0;F;1;29;On;On;Off; 22.6; 22.3;0;0;1076;0;1076;0;891;0;-
2026/04/18;03:19:44;97;-; 52.63; 0.0;-; 11.8; 12.4; 0.0;-;-;1836;-0.1; 0.0; 0.0;-6; 24.0;F;1;29;On;On;Off; 22.6; 22.3;0;0;1076;0;1076;0;891;0;-
2026/04/18;03:20:44;97;-; 52.63; 0.0;-; 11.9; 12.5; 0.0;-;-;1836;-0.1; 0.0; 0.0;-6; 23.9;F;1;29;On;On;Off; 22.6; 22.3;0;0;1076;0;1076;0;891;0;-
2026/04/18;03:21:43;97;-; 52.63; 0.0;-; 12.1; 12.8; 0.0;-;-;1836;-0.1; 0.0; 0.0;-6; 23.9;F;1;29;On;On;Off; 22.6; 22.3;0;0;1076;0;1076;0;891;0;-
2026/04/18;03:22:43;97;-; 52.65; 0.0;-; 12.2; 12.9; 0.0;-;-;1836;-0.1; 0.0; 0.0;-6; 23.9;F;1;29;On;On;Off; 22.6; 22.3;0;0;1076;0;1076;0;891;0;-
2026/04/18;03:23:43;97;-; 52.65; 0.0;-; 12.4; 13.0; 0.0;-;-;1836;-0.1; 0.0; 0.0;-6; 24.0;F;1;29;On;On;Off; 22.6; 22.3;0;0;1076;0;1076;0;891;0;-
2026/04/18;03:24:43;97;-; 52.63; 0.0;-; 12.6; 13.2; 0.0;-;-;1836;-0.1; 0.0; 0.0;-6; 23.9;F;1;29;On;On;Off; 22.6; 22.3;0;0;1076;0;1076;0;891;0;-
2026/04/18;03:25:43;97;-; 52.65; 0.0;-; 12.8; 13.3; 0.0;-;-;1836;-0.1; 0.0; 0.0;-6; 23.9;F;1;29;On;On;Off; 22.6; 22.3;0;0;1076;0;1076;0;891;0;-
2026/04/18;03:26:43;97;-; 52.65; 0.0;-; 12.9; 13.4; 0.0;-;-;1836;-0.1; 0.0; 0.0;-6; 23.9;F;1;29;On;On;Off; 22.6; 22.3;0;0;1076;0;1076;0;891;0;-
2026/04/18;03:27:43;97;-; 52.65; 0.0;-; 13.2; 13.5; 0.0;-;-;1836;-0.1; 0.0; 0.0;-6; 23.9;F;1;29;On;On;Off; 22.6; 22.3;0;0;1076;0;1076;0;891;0;-
2026/04/18;03:28:43;97;-; 52.65; 0.0;-; 13.5; 13.6; 0.0;-;-;1836;-0.1; 0.0; 0.0;-6; 23.9;F;1;29;On;On;Off; 22.6; 22.3;0;0;1076;0;1076;0;891;0;-
2026/04/18;03:29:43;97;-; 52.65; 0.0;-; 13.7; 14.0; 0.0;-;-;1836;-0.1; 0.0; 0.0;-5; 23.9;F;1;29;On;On;Off; 22.6; 22.3;0;0;1076;0;1076;0;891;0;-
2026/04/18;03:30:43;97;-; 52.65; 0.0;-; 14.0; 14.0; 0.0;-;-;1836;-0.1; 0.0; 0.0;-5; 23.9;F;1;29;On;On;Off; 22.6; 22.3;0;0;1076;0;1076;0;891;0;-
2026/04/18;03:31:43;97;-; 52.65; 0.0;-; 14.3; 14.4; 0.0;-;-;1836;-0.1; 0.0; 0.0;-5; 23.9;F;1;29;On;On;Off; 22.6; 22.3;0;0;1076;0;1076;0;891;0;-
2026/04/18;03:32:43;97;-; 52.63; 0.0;-; 14.5; 14.4; 0.0;-;-;1836;-0.1; 0.0; 0.0;-5; 23.9;F;1;29;On;On;Off; 22.6; 22.3;0;0;1076;0;1076;0;891;0;-
2026/04/18;03:33:43;97;-; 52.65; 0.0;-; 14.9; 14.8; 0.0;-;-;1836;-0.1; 0.0; 0.0;-5; 23.9;F;1;29;On;On;Off; 22.6; 22.3;0;0;1076;0;1076;0;891;0;-
2026/04/18;03:34:43;97;-; 52.65; 0.0;-; 15.1; 15.0; 0.0;-;-;1836;-0.1; 0.0; 0.0;-5; 23.9;F;1;29;On;On;Off; 22.6; 22.3;0;0;1076;0;1076;0;891;0;-
2026/04/18;03:35:43;97;-; 52.65; 0.0;-; 15.6; 15.4; 0.0;-;-;1836;-0.1; 0.0; 0.0;-6; 23.9;F;1;29;On;On;Off; 22.6; 22.3;0;0;1076;0;1076;0;891;0;-
2026/04/18;03:36:43;97;-; 52.63; 0.0;-; 16.0; 15.7; 0.0;-;-;1836;-0.1; 0.0; 0.0;-6; 23.9;F;1;29;On;On;Off; 22.6; 22.3;0;0;1076;0;1076;0;891;0;-
2026/04/18;03:37:42;97;-; 52.65; 0.0;-; 16.6; 16.1; 0.0;-;-;1836;-0.1; 0.0; 0.0;-6; 23.9;F;1;29;On;On;Off; 22.6; 22.3;0;0;1076;0;1076;0;891;0;-
2026/04/18;03:38:42;97;-; 52.63; 0.0;-; 17.0; 16.4; 0.0;-;-;1836;-0.1; 0.0; 0.0;-6; 23.9;F;1;29;On;On;Off; 22.6; 22.3;0;0;1076;0;1076;0;891;0;-
2026/04/18;03:39:42;97;-; 52.63; 0.0;-; 17.6; 17.0; 0.0;-;-;1836;-0.1; 0.0; 0.0;-6; 23.9;F;1;29;On;On;Off; 22.6; 22.3;0;0;1076;0;1076;0;891;0;-
2026/04/18;03:40:42;97;-; 52.61; 0.0;-; 18.1; 17.6; 0.0;-;-;1836;-0.1; 0.0; 0.0;-6; 23.9;F;1;29;On;On;Off; 22.6; 22.3;0;0;1076;0;1076;0;891;0;-
2026/04/18;03:41:42;97;-; 52.63; 0.0;-; 18.9; 18.0; 0.0;-;-;1836;-0.1; 0.0; 0.0;-6; 23.8;F;1;29;On;On;Off; 22.6; 22.3;0;0;1076;0;1076;0;891;0;-
2026/04/18;03:42:42;97;-; 52.63; 0.0;-; 19.5; 18.7; 0.0;-;-;1836;-0.1; 0.0; 0.0;-6; 23.8;F;1;29;On;On;Off; 22.5; 22.3;0;0;1076;0;1076;0;891;0;-
2026/04/18;03:43:42;97;-; 52.63; 0.0;-; 20.2; 19.3; 0.0;-;-;1836;-0.1; 0.0; 0.0;-6; 23.8;F;1;29;On;On;Off; 22.6; 22.3;0;0;1076;0;1076;0;891;0;-
2026/04/18;03:44:42;97;-; 52.63; 0.0;-; 20.8; 19.8; 0.0;-;-;1836;-0.1; 0.0; 0.0;-6; 23.8;F;1;29;On;On;Off; 22.5; 22.3;0;0;1076;0;1076;0;891;0;-
2026/04/18;03:45:42;97;-; 52.63; 0.0;-; 21.6; 20.4; 0.0;-;-;1836;-0.1; 0.0; 0.0;-6; 23.8;F;1;29;On;On;Off; 22.5; 22.3;0;0;1076;0;1076;0;891;0;-
2026/04/18;03:46:42;97;-; 52.63; 0.0;-; 22.4; 21.2; 0.0;-;-;1836;-0.1; 0.0; 0.0;-6; 23.8;F;1;29;On;On;Off; 22.5; 22.3;0;0;1076;0;1076;0;891;0;-
2026/04/18;03:47:42;97;-; 52.61; 0.0;-; 23.1; 21.8; 0.0;-;-;1836;-0.1; 0.0; 0.0;-7; 23.8;F;1;29;On;On;Off; 22.5; 22.3;0;0;1076;0;1076;0;891;0;-
2026/04/18;03:48:42;97;-; 52.61; 0.0;-; 23.9; 22.6; 0.0;-;-;1836;-0.1; 0.0; 0.0;-6; 23.8;F;1;29;On;On;Off; 22.5; 22.3;0;0;1076;0;1076;0;891;0;-
2026/04/18;03:49:42;97;-; 52.63; 0.0;-; 25.0; 23.5; 0.0;-;-;1836;-0.1; 0.0; 0.0;-6; 23.8;F;1;29;On;On;Off; 22.5; 22.3;0;0;1076;0;1076;0;891;0;-
2026/04/18;03:50:42;97;-; 52.63; 0.0;-; 25.8; 24.1; 0.0;-;-;1836;-0.1; 0.0; 0.0;-6; 23.8;F;1;29;On;On;Off; 22.5; 22.3;0;0;1076;0;1076;0;891;0;-
2026/04/18;03:51:42;97;-; 52.63; 0.0;-; 26.7; 24.9; 0.0;-;-;1836;-0.1; 0.0; 0.0;-6; 23.8;F;1;29;On;On;Off; 22.5; 22.3;0;0;1076;0;1076;0;891;0;-
2026/04/18;03:52:41;97;-; 52.63; 0.0;-; 27.6; 26.1; 0.0;-;-;1836;-0.1; 0.0; 0.0;-6; 23.8;F;1;29;On;On;Off; 22.5; 22.3;0;0;1076;0;1076;0;891;0;-
2026/04/18;03:53:41;97;-; 52.61; 0.0;-; 28.6; 27.0; 0.0;-;-;1836;-0.1; 0.0; 0.0;-6; 23.8;F;1;29;On;On;Off; 22.5; 22.2;0;0;1076;0;1076;0;891;0;-
2026/04/18;03:54:41;97;-; 52.61; 0.0;-; 29.5; 27.9; 0.0;-;-;1836;-0.1; 0.0; 0.0;-7; 23.8;F;1;29;On;On;Off; 22.5; 22.3;0;0;1076;0;1076;0;891;0;-
2026/04/18;03:55:41;97;-; 52.61; 0.0;-; 30.7; 28.9; 0.0;-;-;1836;-0.1; 0.0; 0.0;-6; 23.8;F;1;29;On;On;Off; 22.5; 22.3;0;0;1076;0;1076;0;891;0;-
2026/04/18;03:56:41;97;-; 52.63; 0.0;-; 31.7; 30.1; 0.0;-;-;1836;-0.1; 0.0; 0.0;-6; 23.8;F;1;29;On;On;Off; 22.5; 22.2;0;0;1076;0;1076;0;891;0;-
2026/04/18;03:57:41;97;-; 52.61; 0.0;-; 32.9; 31.0; 0.0;-;-;1836;-0.1; 0.0; 0.0;-6; 23.8;F;1;29;On;On;Off; 22.5; 22.2;0;0;1076;0;1076;0;891;0;-
2026/04/18;03:58:41;97;-; 52.63; 0.0;-; 33.9; 32.2; 0.0;-;-;1836;-0.1; 0.0; 0.0;-6; 23.8;F;1;29;On;On;Off; 22.5; 22.2;0;0;1076;0;1076;0;891;0;-
2026/04/18;03:59:41;97;-; 52.61; 0.0;-; 34.8; 33.0; 0.0;-;-;1836;-0.1; 0.0; 0.0;-6; 23.8;F;1;29;On;On;Off; 22.5; 22.2;0;0;1076;0;1076;0;891;0;-
2026/04/18;04:00:41;97;-; 52.63; 0.0;-; 36.0; 34.0; 0.0;-;-;1836;-0.1; 0.0; 0.0;-5; 23.8;F;1;29;On;On;Off; 22.5; 22.2;0;0;1076;0;1076;0;891;0;-
2026/04/18;04:01:41;97;-; 52.63; 0.0;-; 37.0; 35.1; 0.0;-;-;1836;-0.1; 0.0; 0.0;-6; 23.8;F;1;29;On;On;Off; 22.5; 22.2;0;0;1076;0;1076;0;891;0;-
2026/04/18;04:02:41;97;-; 52.63; 0.0;-; 38.1; 36.2; 0.0;-;-;1836;-0.1; 0.0; 0.0;-6; 23.8;F;1;29;On;On;Off; 22.5; 22.2;0;0;1076;0;1076;0;891;0;-
2026/04/18;04:03:41;97;-; 52.63; 0.0;-; 39.2; 37.1; 0.0;-;-;1836;-0.1; 0.0; 0.0;-6; 23.8;F;1;29;On;On;Off; 22.5; 22.2;0;0;1076;0;1076;0;891;0;-
2026/04/18;04:04:41;97;-; 52.61; 0.0;-; 40.2; 38.1; 0.0;-;-;1836;-0.1; 0.0; 0.0;-5; 23.7;F;1;29;On;On;Off; 22.5; 22.2;0;0;1076;0;1076;0;891;0;-
2026/04/18;04:05:41;97;-; 52.63; 0.0;-; 41.2; 39.1; 0.0;-;-;1836;-0.1; 0.0; 0.0;-5; 23.7;F;1;29;On;On;Off; 22.5; 22.2;0;0;1076;0;1076;0;891;0;-
2026/04/18;04:06:41;97;-; 52.63; 0.0;-; 42.2; 40.1; 0.0;-;-;1836;-0.1; 0.0; 0.0;-5; 23.7;F;1;29;On;On;Off; 22.5; 22.2;0;0;1076;0;1076;0;891;0;-
2026/04/18;04:07:41;97;-; 52.63; 0.0;-; 43.4; 41.3; 0.0;-;-;1836;-0.1; 0.0; 0.0;-5; 23.7;F;1;29;On;On;Off; 22.5; 22.2;0;0;1076;0;1076;0;891;0;-
2026/04/18;04:08:40;97;-; 52.63; 0.0;-; 44.4; 42.4; 0.0;-;-;1836;-0.1; 0.0; 0.0;-6; 23.7;F;1;29;On;On;Off; 22.5; 22.2;0;0;1076;0;1076;0;891;0;-
2026/04/18;04:09:40;97;-; 52.63; 0.0;-; 45.4; 43.6; 0.0;-;-;1836;-0.1; 0.0; 0.0;-5; 23.7;F;1;29;On;On;Off; 22.5; 22.2;0;0;1076;0;1076;0;891;0;-
2026/04/18;04:10:40;97;-; 52.63; 0.0;-; 46.4; 44.7; 0.0;-;-;1836;-0.1; 0.0; 0.0;-6; 23.7;F;1;29;On;On;Off; 22.5; 22.2;0;0;1076;0;1076;0;891;0;-
2026/04/18;04:11:40;97;-; 52.61; 0.0;-; 47.5; 45.9; 0.0;-;-;1836;-0.1; 0.0; 0.0;-5; 23.7;F;1;29;On;On;Off; 22.5; 22.2;0;0;1076;0;1076;0;891;0;-
2026/04/18;04:12:40;97;-; 52.63; 0.0;-; 48.5; 47.1; 0.0;-;-;1836;-0.1; 0.0; 0.0;-5; 23.7;F;1;29;On;On;Off; 22.5; 22.2;0;0;1076;0;1076;0;891;0;-
2026/04/18;04:13:40;97;-; 52.61; 0.0;-; 49.6; 48.0; 0.0;-;-;1836;-0.1; 0.0; 0.0;-5; 23.7;F;1;29;On;On;Off; 22.5; 22.2;0;0;1076;0;1076;0;891;0;-
2026/04/18;04:14:40;97;-; 52.63; 0.0;-; 50.6; 49.0; 0.0;-;-;1837;-0.1; 0.0; 0.0;-5; 23.7;F;1;29;On;On;Off; 22.5; 22.2;0;0;1076;0;1076;0;891;0;-
2026/04/18;04:15:40;97;-; 52.63; 0.0;-; 51.4; 50.0; 0.0;-;-;1837;-0.1; 0.0; 0.0;-5; 23.7;F;1;29;On;On;Off; 22.5; 22.2;0;0;1076;0;1076;0;891;0;-
2026/04/18;04:16:40;97;-; 52.61; 0.0;-; 52.4; 51.0; 0.0;-;-;1837;-0.1; 0.0; 0.0;-5; 23.7;F;1;29;On;On;Off; 22.5; 22.2;0;0;1076;0;1076;0;891;0;-
2026/04/18;04:17:40;97;-; 52.61; 0.0;-; 53.2; 51.8; 0.0;-;-;1837;-0.1; 0.0; 0.0;-5; 23.7;F;1;29;On;On;Off; 22.5; 22.2;0;0;1076;0;1076;0;891;0;-
2026/04/18;04:18:40;97;-; 52.63; 0.0;-; 53.8; 52.6; 0.0;-;-;1837;-0.1; 0.0; 0.0;-5; 23.7;F;1;29;On;On;Off; 22.5; 22.2;0;0;1076;0;1076;0;891;0;-
2026/04/18;04:19:40;97;-; 52.63; 0.0;-; 54.6; 53.4; 0.0;-;-;1837;-0.1; 0.0; 0.0;-5; 23.7;F;1;29;On;On;Off; 22.5; 22.2;0;0;1076;0;1076;0;891;0;-
2026/04/18;04:20:40;97;-; 52.61; 0.0;-; 55.4; 54.3; 0.0;-;-;1837;-0.1; 0.0; 0.0;-5; 23.7;F;1;29;On;On;Off; 22.5; 22.2;0;0;1076;0;1076;0;891;0;-
2026/04/18;04:21:40;97;-; 52.63; 0.0;-; 56.0; 55.1; 0.0;-;-;1837;-0.1; 0.0; 0.0;-6; 23.7;F;1;29;On;On;Off; 22.4; 22.2;0;0;1076;0;1076;0;891;0;-
2026/04/18;04:22:40;97;-; 52.61; 0.0;-; 56.6; 55.7; 0.0;-;-;1837;-0.1; 0.0; 0.0;-6; 23.7;F;1;29;On;On;Off; 22.5; 22.2;0;0;1076;0;1076;0;891;0;-
2026/04/18;04:23:40;97;-; 52.61; 0.0;-; 57.2; 56.3; 0.0;-;-;1837;-0.1; 0.0; 0.0;-6; 23.7;F;1;29;On;On;Off; 22.4; 22.2;0;0;1076;0;1076;0;891;0;-
2026/04/18;04:24:39;97;-; 52.61; 0.0;-; 57.8; 57.0; 0.0;-;-;1837;-0.1; 0.0; 0.0;-7; 23.7;F;1;29;On;On;Off; 22.4; 22.2;0;0;1076;0;1076;0;891;0;-
2026/04/18;04:25:39;97;-; 52.59; 0.0;-; 58.4; 57.6; 0.0;-;-;1837;-0.1; 0.0; 0.0;-7; 23.7;F;1;29;On;On;Off; 22.4; 22.2;0;0;1076;0;1076;0;891;0;-
2026/04/18;04:26:39;97;-; 52.61; 0.0;-; 58.9; 58.1; 0.0;-;-;1837;-0.1; 0.0; 0.0;-6; 23.6;F;1;29;On;On;Off; 22.4; 22.2;0;0;1076;0;1076;0;891;0;-
2026/04/18;04:27:39;97;-; 52.61; 0.0;-; 59.5; 58.7; 0.0;-;-;1837;-0.1; 0.0; 0.0;-7; 23.6;F;1;29;On;On;Off; 22.4; 22.2;0;0;1076;0;1076;0;891;0;-
2026/04/18;04:28:39;97;-; 52.61; 0.0;-; 59.9; 59.2; 0.0;-;-;1837;-0.1; 0.0; 0.0;-7; 23.6;F;1;29;On;On;Off; 22.4; 22.2;0;0;1076;0;1076;0;891;0;-
2026/04/18;04:29:39;97;-; 52.61; 0.0;-; 60.5; 59.8; 0.0;-;-;1837;-0.1; 0.0; 0.0;-7; 23.7;F;1;29;On;On;Off; 22.4; 22.2;0;0;1076;0;1076;0;891;0;-
2026/04/18;04:30:39;97;-; 52.61; 0.0;-; 61.0; 60.4; 0.0;-;-;1837;-0.1; 0.0; 0.0;-6; 23.7;F;1;29;On;On;Off; 22.4; 22.1;0;0;1076;0;1076;0;891;0;-
2026/04/18;04:31:39;97;-; 52.61; 0.0;-; 61.8; 61.0; 0.0;-;-;1837;-0.1; 0.0; 0.0;-6; 23.7;F;1;29;On;On;Off; 22.4; 22.1;0;0;1076;0;1076;0;891;0;-
2026/04/18;04:32:39;97;-; 52.61; 0.0;-; 62.2; 61.5; 0.0;-;-;1837;-0.1; 0.0; 0.0;-7; 23.7;F;1;29;On;On;Off; 22.4; 22.1;0;0;1076;0;1076;0;891;0;-
2026/04/18;04:33:39;97;-; 52.61; 0.0;-; 63.0; 62.1; 0.0;-;-;1837;-0.1; 0.0; 0.0;-7; 23.7;F;1;29;On;On;Off; 22.4; 22.2;0;0;1076;0;1076;0;891;0;-
2026/04/18;04:34:39;97;-; 52.61; 0.0;-; 63.4; 62.8; 0.0;-;-;1837;-0.2; 0.0; 0.0;-7; 23.7;F;1;29;On;On;Off; 22.4; 22.1;0;0;1076;0;1076;0;891;0;-
2026/04/18;04:35:39;97;-; 52.61; 0.0;-; 64.0; 63.3; 0.0;-;-;1837;-0.1; 0.0; 0.0;-7; 23.7;F;1;29;On;On;Off; 22.4; 22.2;0;0;1076;0;1076;0;891;0;-
2026/04/18;04:36:39;97;-; 52.61; 0.0;-; 64.5; 63.9; 0.0;-;-;1837;-0.1; 0.0; 0.0;-7; 23.7;F;1;29;On;On;Off; 22.4; 22.1;0;0;1076;0;1076;0;891;0;-
2026/04/18;04:37:39;97;-; 52.61; 0.0;-; 65.1; 64.6; 0.0;-;-;1837;-0.2; 0.0; 0.0;-7; 23.7;F;1;29;On;On;Off; 22.4; 22.1;0;0;1076;0;1076;0;891;0;-
2026/04/18;04:38:39;97;-; 52.61; 0.0;-; 65.6; 65.1; 0.0;-;-;1837;-0.1; 0.0; 0.0;-7; 23.8;F;1;29;On;On;Off; 22.4; 22.1;0;0;1076;0;1076;0;891;0;-
2026/04/18;04:39:39;97;-; 52.61; 0.0;-; 66.1; 65.8; 0.0;-;-;1837;-0.1; 0.0; 0.0;-6; 23.8;F;1;29;On;On;Off; 22.4; 22.1;0;0;1076;0;1076;0;891;0;-
2026/04/18;04:40:38;97;-; 52.59; 0.0;-; 66.7; 66.4; 0.0;-;-;1837;-0.1; 0.0; 0.0;-7; 23.8;F;1;29;On;On;Off; 22.4; 22.1;0;0;1076;0;1076;0;891;0;-
2026/04/18;04:41:38;97;-; 52.61; 0.0;-; 67.0; 66.7; 0.0;-;-;1837;-0.1; 0.0; 0.0;-6; 23.8;F;1;29;On;On;Off; 22.4; 22.2;0;0;1076;0;1076;0;891;0;-
2026/04/18;04:42:38;97;-; 52.61; 0.0;-; 67.5; 67.1; 0.0;-;-;1837;-0.1; 0.0; 0.0;-7; 23.8;F;1;29;On;On;Off; 22.4; 22.1;0;0;1076;0;1076;0;891;0;-
2026/04/18;04:43:38;97;-; 52.61; 0.0;-; 67.7; 67.4; 0.0;-;-;1837;-0.1; 0.0; 0.0;-7; 23.8;F;1;29;On;On;Off; 22.4; 22.1;0;0;1076;0;1076;0;891;0;-
2026/04/18;04:44:38;97;-; 52.61; 0.0;-; 67.9; 67.5; 0.0;-;-;1837;-0.1; 0.0; 0.0;-7; 23.8;F;1;29;On;On;Off; 22.4; 22.2;0;0;1076;0;1076;0;891;0;-
2026/04/18;04:45:38;97;-; 52.61; 0.0;-; 68.1; 67.7; 0.0;-;-;1837;-0.1; 0.0; 0.0;-7; 23.8;F;1;29;On;On;Off; 22.4; 22.1;0;0;1076;0;1076;0;891;0;-
2026/04/18;04:46:38;97;-; 52.63; 0.0;-; 68.1; 67.9; 0.0;-;-;1837;-0.1; 0.0; 0.0;-7; 23.8;F;1;29;On;On;Off; 22.4; 22.1;0;0;1076;0;1076;0;891;1;-
2026/04/18;04:47:38;97;-; 52.65; 0.0;-; 68.3; 68.0; 0.0;-;-;1837;-0.1; 0.0; 0.0;-7; 23.8;F;1;29;On;On;Off; 22.4; 22.1;0;0;1076;0;1076;0;891;1;-
2026/04/18;04:48:38;97;-; 52.63; 0.0;-; 68.5; 68.1; 0.0;-;-;1837;-0.1; 0.0; 0.0;-6; 23.8;F;1;29;On;On;Off; 22.4; 22.1;0;0;1076;0;1076;0;891;1;-
2026/04/18;04:49:38;97;-; 52.63; 0.0;-; 68.7; 68.3; 0.0;-;-;1837;-0.1; 0.0; 0.0;-6; 23.8;F;1;29;On;On;Off; 22.5; 22.2;0;0;1076;0;1076;0;891;1;-
2026/04/18;04:50:38;97;-; 52.63; 0.0;-; 68.8; 68.3; 0.0;-;-;1837;-0.1; 0.0; 0.0;-6; 23.8;F;1;29;On;On;Off; 22.5; 22.1;0;0;1076;0;1076;0;891;1;-
2026/04/18;04:51:38;97;-; 52.63; 0.0;-; 68.9; 68.6; 0.0;-;-;1837;-0.1; 0.0; 0.0;-5; 23.8;F;1;29;On;On;Off; 22.5; 22.2;0;0;1076;0;1076;0;891;1;-
2026/04/18;04:52:38;97;-; 52.63; 0.0;-; 69.1; 68.8; 0.0;-;-;1837;-0.1; 0.0; 0.0;-6; 23.8;F;1;29;On;On;Off; 22.5; 22.2;0;0;1076;0;1076;0;891;1;-
2026/04/18;04:53:38;97;-; 52.63; 0.0;-; 69.3; 69.0; 0.0;-;-;1837;-0.1; 0.0; 0.0;-5; 23.8;F;1;29;On;On;Off; 22.5; 22.2;0;0;1076;0;1076;0;891;1;-
2026/04/18;04:54:38;97;-; 52.63; 0.0;-; 69.5; 69.3; 0.0;-;-;1837;-0.1; 0.0; 0.0;-5; 23.8;F;1;29;On;On;Off; 22.5; 22.2;0;0;1076;0;1076;0;891;1;-
2026/04/18;04:55:38;97;-; 52.63; 0.0;-; 69.5; 69.4; 0.0;-;-;1837;-0.1; 0.0; 0.0;-5; 23.8;F;1;29;On;On;Off; 22.5; 22.2;0;0;1076;0;1076;0;891;1;-
2026/04/18;04:56:37;97;-; 52.63; 0.0;-; 69.7; 69.5; 0.0;-;-;1837;-0.1; 0.0; 0.0;-6; 23.8;F;1;29;On;On;Off; 22.5; 22.2;0;1;1077;1;1077;0;891;1;-
2026/04/18;04:57:37;97;-; 52.65; 0.0;-; 69.8; 69.6; 0.0;-;-;1837;-0.1; 0.0; 0.0;-5; 23.8;F;1;29;On;On;Off; 22.5; 22.2;0;1;1077;1;1077;0;891;1;-
2026/04/18;04:58:37;97;-; 52.65; 0.0;-; 70.0; 69.7; 0.0;-;-;1837;-0.1; 0.0; 0.0;-5; 23.8;F;1;29;On;On;Off; 22.5; 22.2;0;1;1077;1;1077;0;891;1;-
2026/04/18;04:59:37;97;-; 52.65; 0.0;-; 70.1; 69.8; 0.0;-;-;1837;-0.1; 0.0; 0.0;-6; 23.8;F;1;29;On;On;Off; 22.5; 22.2;0;1;1077;1;1077;0;891;1;-
2026/04/18;05:00:37;97;-; 52.61; 0.2;-; 68.7; 70.0; 9.2; 9.2;-;1837;-0.1; 0.0; 0.0;-5; 23.8;F;1;29;On;On;Off; 23.1; 22.2;0;1;1077;1;1077;0;891;1;-
2026/04/18;05:01:37;97;-; 52.55; 0.3;-; 68.5; 68.3; 18.3; 9.2; 9.2;1837; 0.0; 0.3; 0.3;1; 23.8;F;1;29;On;On;Off; 24.7; 24.2;0;1;1077;1;1077;0;891;1;-
2026/04/18;05:02:37;97;-; 52.55; 0.0;-; 70.5; 70.3; 1.4; 0.7; 0.7;1837; 0.0; 0.3; 0.3;2; 23.8;F;1;29;On;On;Off; 23.8; 24.7;0;1;1077;1;1077;0;891;1;-
2026/04/18;05:03:37;97;-; 52.57; 0.0;-; 70.6; 70.4; 1.4; 0.7; 0.7;1837;-0.1; 0.0; 0.0;-6; 23.8;F;1;29;On;On;Off; 23.2; 22.9;0;1;1077;1;1077;0;891;1;-
2026/04/18;05:04:37;97;-; 52.53; 0.4;-; 68.7; 68.3; 21.2; 10.6; 10.6;1837; 0.0; 0.2; 0.2;1; 23.8;F;1;29;On;On;Off; 25.0; 24.0;0;1;1077;1;1077;0;891;1;-
2026/04/18;05:05:37;97;-; 52.53; 0.2;-; 70.8; 68.4; 10.5; 0.7; 9.8;1837; 0.2; 0.4; 0.4;8; 23.8;F;1;29;On;On;Off; 25.2; 25.1;0;1;1077;1;1077;0;891;1;-
2026/04/18;05:06:37;97;-; 52.53; 0.0;-; 71.0; 70.8; 1.4; 0.7; 0.7;1837;-0.1; 0.1; 0.1;-3; 23.8;F;1;29;On;On;Off; 23.8; 23.5;0;1;1077;1;1077;0;891;1;-
2026/04/18;05:07:37;97;-; 52.53; 0.3;-; 68.6; 70.9; 15.5; 11.3; 4.2;1837;-0.1; 0.1; 0.1;-3; 23.8;F;1;29;On;On;Off; 25.0; 23.2;0;1;1077;1;1077;0;891;1;-
2026/04/18;05:08:37;97;-; 52.53; 0.4;-; 68.5; 68.3; 23.2; 11.9; 11.3;1837; 0.2; 0.4; 0.4;11; 23.8;F;1;29;On;On;Off; 25.8; 25.2;0;1;1077;1;1077;0;891;1;-
2026/04/18;05:09:37;97;-; 52.53; 0.0;-; 71.2; 71.1; 1.4; 0.7; 0.7;1837; 0.1; 0.2; 0.2;3; 23.8;F;1;29;On;On;Off; 24.3; 24.5;0;1;1077;1;1077;0;891;1;-
2026/04/18;05:10:37;97;-; 52.53; 0.2;-; 69.7; 71.1; 11.3; 10.6; 0.7;1837;-0.1; 0.0; 0.0;-6; 23.8;F;1;29;On;On;Off; 24.1; 23.5;0;1;1077;1;1077;0;891;1;-
2026/04/18;05:11:36;97;-; 52.53; 0.5;-; 68.5; 68.4; 25.3; 13.4; 11.9;1837; 0.2; 0.4; 0.4;11; 23.8;F;1;29;On;On;Off; 25.9; 25.2;0;1;1077;1;1077;0;891;1;-
2026/04/18;05:12:36;97;-; 52.55; 0.3;-; 71.6; 68.4; 13.4; 0.7; 12.7;1837; 0.3; 0.4; 0.4;14; 23.8;F;1;29;On;On;Off; 25.0; 25.8;0;1;1077;1;1077;0;891;1;-
2026/04/18;05:13:36;97;-; 52.55; 0.0;-; 71.6; 71.3; 1.4; 0.7; 0.7;1837;-0.1; 0.1; 0.1;-4; 23.8;F;1;29;On;On;Off; 24.3; 24.0;0;1;1077;1;1077;0;891;1;-
2026/04/18;05:14:36;97;-; 52.55; 0.5;-; 68.8; 68.3; 28.2; 14.8; 13.4;1838; 0.1; 0.2; 0.2;3; 23.8;F;1;29;On;On;Off; 25.8; 24.6;0;1;1077;1;1077;0;891;1;-
2026/04/18;05:15:36;97;-; 52.59; 0.3;-; 71.9; 69.6; 14.1; 0.7; 13.4;1838; 0.4; 0.5; 0.5;22; 23.8;F;1;29;On;On;Off; 26.4; 25.9;0;1;1077;1;1077;0;891;1;-
2026/04/18;05:16:36;97;-; 52.55; 0.0;-; 72.0; 71.7; 0.0; 0.0; 0.0;1838; 0.0; 0.2; 0.2;1; 23.7;F;1;29;On;On;Off; 24.7; 24.5;0;1;1077;1;1077;0;891;1;-
2026/04/18;05:17:36;97;-; 52.57; 0.3;-; 68.7; 71.7; 16.2; 15.5; 0.7;1838;-0.1; 0.1; 0.1;-3; 23.7;F;1;29;On;On;Off; 25.6; 24.0;0;1;1077;1;1077;0;891;1;-
2026/04/18;05:18:36;97;-; 52.61; 0.6;-; 68.7; 69.5; 29.6; 16.2; 13.4;1838; 0.4; 0.5; 0.5;22; 23.7;F;1;29;On;On;Off; 26.5; 25.9;0;1;1077;1;1077;0;891;1;-
2026/04/18;05:19:36;97;-; 52.59; 0.0;-; 72.3; 71.9; 0.7; 0.0; 0.7;1838; 0.3; 0.4; 0.4;15; 23.7;F;1;29;On;On;Off; 25.2; 25.7;0;1;1077;1;1077;0;891;1;-
2026/04/18;05:20:36;97;-; 52.57; 0.1;-; 72.5; 72.0; 4.9; 4.2; 0.7;1838;-0.1; 0.0; 0.0;-6; 23.7;F;1;29;On;On;Off; 24.6; 24.3;0;1;1077;1;1077;0;891;1;-
2026/04/18;05:21:36;97;-; 52.63; 0.5;-; 68.7; 70.1; 28.9; 16.9; 12.0;1838; 0.3; 0.4; 0.4;17; 23.7;F;1;29;On;On;Off; 26.5; 25.7;0;1;1077;1;1077;0;891;1;-
2026/04/18;05:22:36;97;-; 52.67; 0.3;-; 72.5; 68.5; 16.2; 0.0; 16.2;1838; 0.6; 0.6; 0.6;28; 23.7;F;1;29;On;On;Off; 25.9; 26.4;0;1;1077;1;1077;0;891;1;-
2026/04/18;05:23:36;97;-; 52.61; 0.0;-; 72.5; 72.2; 0.7; 0.0; 0.7;1838;-0.0; 0.1; 0.1;-1; 23.7;F;1;29;On;On;Off; 25.0; 24.6;0;1;1077;1;1077;0;891;1;-
2026/04/18;05:24:36;97;-; 52.65; 0.7;-; 68.8; 68.4; 34.6; 17.7; 16.9;1838; 0.1; 0.2; 0.2;4; 23.7;F;1;29;On;On;Off; 26.3; 24.8;0;1;1077;1;1077;0;891;1;-
2026/04/18;05:25:36;97;-; 52.71; 0.7;-; 68.9; 68.5; 34.6; 17.7; 16.9;1838; 0.7; 0.7; 0.7;36; 23.7;F;1;29;On;On;Off; 27.0; 26.4;0;1;1077;1;1077;0;891;1;-
2026/04/18;05:26:36;97;-; 52.73; 0.4;-; 68.7; 72.5; 19.1; 18.4; 0.7;1838; 0.6; 0.5; 0.5;29; 23.7;F;1;29;On;On;Off; 27.2; 25.3;0;1;1077;1;1077;0;891;1;-
2026/04/18;05:27:35;97;-; 52.73; 0.4;-; 68.9; 72.5; 19.1; 18.4; 0.7;1838; 0.3; 0.4; 0.4;17; 23.6;F;1;29;On;On;Off; 27.1; 24.9;0;1;1077;1;1077;0;891;1;-
2026/04/18;05:28:35;97;-; 52.79; 0.7;-; 68.8; 68.7; 37.5; 19.1; 18.4;1838; 0.6; 0.6; 0.6;32; 23.6;F;1;29;On;On;Off; 27.3; 26.6;0;1;1077;1;1077;0;891;1;-
2026/04/18;05:29:35;97;-; 52.81; 0.7;-; 68.9; 69.6; 35.4; 19.1; 16.3;1838; 0.8; 0.7; 0.7;41; 23.6;F;1;29;On;On;Off; 27.5; 27.0;0;1;1077;1;1077;0;891;1;-
2026/04/18;05:30:35;97;-; 52.85; 0.6;-; 70.6; 68.8; 33.3; 15.6; 17.7;1838; 0.8; 0.7; 0.7;42; 23.6;F;1;29;On;On;Off; 27.7; 27.2;0;1;1077;1;1077;0;891;1;-
2026/04/18;05:31:35;97;-; 52.89; 0.7;-; 69.0; 68.8; 39.0; 19.9; 19.1;1838; 0.8; 0.7; 0.7;42; 23.6;F;1;29;On;On;Off; 27.9; 27.4;0;1;1077;1;1077;0;891;1;-
2026/04/18;05:32:35;97;-; 52.93; 0.7;-; 70.7; 68.9; 35.5; 16.3; 19.1;1838; 0.9; 0.7; 0.7;44; 23.6;F;1;29;On;On;Off; 28.0; 27.5;0;1;1077;1;1077;0;891;1;-
2026/04/18;05:33:35;97;-; 52.97; 0.7;-; 69.2; 69.0; 39.7; 20.6; 19.1;1838; 0.9; 0.7; 0.7;45; 23.6;F;1;29;On;On;Off; 28.1; 27.6;0;1;1077;1;1077;0;891;1;-
2026/04/18;05:34:35;97;-; 53.01; 0.8;-; 69.1; 69.1; 40.5; 20.6; 19.9;1838; 0.9; 0.7; 0.7;46; 23.6;F;1;29;On;On;Off; 28.3; 27.8;0;1;1077;1;1077;0;891;1;-
2026/04/18;05:35:35;97;-; 53.06; 0.8;-; 69.3; 69.1; 40.5; 20.6; 19.9;1838; 0.9; 0.8; 0.8;47; 23.6;F;1;29;On;On;Off; 28.4; 27.9;0;1;1077;1;1077;0;891;1;-
2026/04/18;05:36:35;97;-; 53.08; 0.8;-; 69.3; 69.1; 41.3; 20.6; 20.6;1838; 0.9; 0.8; 0.8;48; 23.6;F;1;29;On;On;Off; 28.5; 28.0;0;1;1077;1;1077;0;891;1;-
2026/04/18;05:37:35;97;-; 53.12; 0.8;-; 69.4; 69.2; 42.0; 21.4; 20.6;1838; 1.0; 0.8; 0.8;49; 23.6;F;1;29;On;On;Off; 28.6; 28.1;0;1;1077;1;1077;0;891;1;-
2026/04/18;05:38:35;97;-; 53.16; 0.8;-; 69.4; 69.2; 42.1; 21.4; 20.7;1838; 1.0; 0.8; 0.8;50; 23.6;F;1;29;On;On;Off; 28.7; 28.2;0;1;1077;1;1077;0;891;1;-
2026/04/18;05:39:35;97;-; 53.20; 0.7;-; 70.9; 69.4; 38.5; 17.8; 20.7;1838; 1.0; 0.8; 0.8;50; 23.6;F;1;29;On;On;Off; 28.8; 28.3;0;1;1077;1;1077;0;891;1;-
2026/04/18;05:40:35;97;-; 53.22; 0.8;-; 69.5; 69.4; 43.6; 22.1; 21.4;1838; 1.0; 0.8; 0.8;50; 23.6;F;1;29;On;On;Off; 28.9; 28.4;0;1;1077;1;1077;0;891;1;-
2026/04/18;05:41:35;97;-; 53.28; 0.8;-; 69.5; 69.4; 43.6; 22.1; 21.5;1838; 1.0; 0.8; 0.8;52; 23.6;F;1;29;On;On;Off; 29.0; 28.5;0;1;1077;1;1077;0;891;1;-
2026/04/18;05:42:35;97;-; 53.32; 0.8;-; 69.7; 69.4; 44.3; 22.8; 21.5;1838; 1.0; 0.8; 0.8;53; 23.6;F;1;29;On;On;Off; 29.0; 28.5;0;1;1077;1;1077;0;891;1;-
2026/04/18;05:43:34;97;-; 53.36; 0.8;-; 69.6; 69.5; 44.3; 22.9; 21.5;1838; 1.0; 0.8; 0.8;54; 23.6;F;1;29;On;On;Off; 29.1; 28.6;0;1;1077;1;1077;0;891;1;-
2026/04/18;05:44:34;97;-; 53.40; 0.8;-; 69.8; 69.5; 45.1; 22.9; 22.2;1838; 1.1; 0.8; 0.8;55; 23.6;F;1;29;On;On;Off; 29.2; 28.7;0;1;1077;1;1077;0;891;1;-
2026/04/18;05:45:34;97;-; 53.44; 0.8;-; 69.7; 69.5; 45.1; 22.9; 22.2;1838; 1.1; 0.8; 0.8;57; 23.6;F;1;29;On;On;Off; 29.3; 28.8;0;1;1077;1;1077;0;891;1;-
2026/04/18;05:46:34;97;-; 53.48; 0.8;-; 70.9; 69.8; 42.3; 20.1; 22.2;1838; 1.1; 0.8; 0.8;58; 23.6;F;1;29;On;On;Off; 29.3; 28.8;0;1;1077;1;1077;0;891;1;-
2026/04/18;05:47:34;97;-; 53.52; 0.9;-; 69.8; 69.6; 45.9; 23.7; 22.2;1838; 1.1; 0.8; 0.8;58; 23.6;F;1;29;On;On;Off; 29.4; 28.9;0;1;1077;1;1077;0;891;1;-
2026/04/18;05:48:34;97;-; 53.58; 0.9;-; 69.8; 69.8; 46.7; 24.4; 22.3;1838; 1.1; 0.9; 0.9;58; 23.5;F;1;29;On;On;Off; 29.5; 29.0;0;1;1077;1;1077;0;891;1;-
2026/04/18;05:49:34;97;-; 53.62; 0.9;-; 69.9; 69.8; 47.4; 24.4; 23.0;1838; 1.1; 0.9; 0.9;59; 23.5;F;1;29;On;On;Off; 29.5; 29.0;0;1;1077;1;1077;0;891;1;-
2026/04/18;05:50:34;97;-; 53.64; 0.9;-; 69.9; 69.9; 46.7; 23.7; 23.0;1838; 1.1; 0.9; 0.9;60; 23.5;F;1;29;On;On;Off; 29.6; 29.1;0;1;1077;1;1077;0;891;1;-
2026/04/18;05:51:34;97;-; 53.70; 0.9;-; 70.0; 70.0; 47.5; 24.5; 23.0;1838; 1.1; 0.9; 0.9;60; 23.5;F;1;29;On;On;Off; 29.7; 29.2;0;1;1077;1;1077;0;891;1;-
2026/04/18;05:52:34;97;-; 53.72; 0.9;-; 70.0; 69.9; 47.5; 24.5; 23.0;1838; 1.1; 0.9; 0.9;60; 23.5;F;1;29;On;On;Off; 29.7; 29.2;0;1;1077;1;1077;0;891;1;-
2026/04/18;05:53:34;97;-; 53.78; 0.9;-; 70.2; 70.1; 48.3; 24.5; 23.8;1838; 1.2; 0.9; 0.9;62; 23.5;F;1;29;On;On;Off; 29.8; 29.3;0;1;1077;1;1077;0;891;1;-
2026/04/18;05:54:34;97;-; 53.81; 0.8;-; 71.4; 70.1; 43.3; 20.2; 23.1;1838; 1.2; 0.9; 0.9;63; 23.5;F;1;29;On;On;Off; 29.8; 29.3;0;1;1077;1;1077;0;891;1;-
2026/04/18;05:55:34;97;-; 53.83; 0.9;-; 70.2; 70.1; 47.6; 24.5; 23.1;1838; 1.2; 0.9; 0.9;62; 23.5;F;1;29;On;On;Off; 29.9; 29.4;0;1;1077;1;1077;0;891;1;-
2026/04/18;05:56:34;97;-; 53.87; 0.9;-; 70.2; 70.2; 48.4; 24.5; 23.8;1838; 1.2; 0.9; 0.9;63; 23.5;F;1;29;On;On;Off; 29.9; 29.4;0;1;1077;1;1077;0;891;1;-
2026/04/18;05:57:34;97;-; 53.91; 0.9;-; 70.3; 70.2; 49.2; 25.3; 23.9;1838; 1.2; 0.9; 0.9;63; 23.5;F;1;29;On;On;Off; 30.0; 29.5;0;1;1077;1;1077;0;891;1;-
2026/04/18;05:58:33;97;-; 53.95; 0.8;-; 71.9; 70.3; 43.4; 19.5; 23.9;1838; 1.2; 0.9; 0.9;63; 23.5;F;1;29;On;On;Off; 30.0; 29.5;0;1;1077;1;1077;0;891;1;-
2026/04/18;05:59:33;97;-; 53.99; 0.9;-; 70.4; 70.3; 49.3; 25.4; 23.9;1838; 1.2; 0.9; 0.9;63; 23.5;F;1;29;On;On;Off; 30.1; 29.6;0;1;1077;1;1077;0;891;1;-
2026/04/18;06:00:33;97;-; 54.03; 0.9;-; 70.5; 70.4; 49.3; 25.4; 23.9;1838; 1.2; 0.9; 0.9;64; 23.5;F;1;29;On;On;Off; 30.1; 29.6;0;1;1077;1;1077;0;891;1;-
2026/04/18;06:01:33;97;-; 54.07; 0.9;-; 70.6; 70.4; 50.0; 25.4; 24.6;1838; 1.2; 0.9; 0.9;63; 23.5;F;1;29;On;On;Off; 30.2; 29.7;0;1;1077;1;1077;0;891;1;-
2026/04/18;06:02:33;97;-; 54.11; 0.9;-; 70.7; 70.5; 50.8; 26.1; 24.7;1838; 1.2; 0.9; 0.9;64; 23.5;F;1;29;On;On;Off; 30.2; 29.7;0;1;1077;1;1077;0;891;1;-
2026/04/18;06:03:33;98;-; 54.15; 0.9;-; 70.5; 71.3; 47.9; 25.4; 22.5;1838; 1.2; 0.9; 0.9;64; 23.5;F;1;29;On;On;Off; 30.2; 29.7;0;1;1077;1;1077;0;891;1;-
2026/04/18;06:04:33;98;-; 54.17; 0.9;-; 70.7; 70.6; 50.8; 26.2; 24.7;1838; 1.2; 0.9; 0.9;65; 23.5;F;1;29;On;On;Off; 30.3; 29.8;0;1;1077;1;1077;0;891;1;-
2026/04/18;06:05:33;98;-; 54.21; 0.9;-; 70.7; 70.6; 50.2; 25.5; 24.7;1838; 1.2; 0.9; 0.9;65; 23.5;F;1;29;On;On;Off; 30.3; 29.8;0;1;1077;1;1077;0;891;1;-
2026/04/18;06:06:33;98;-; 54.27; 0.9;-; 70.7; 70.6; 50.2; 25.5; 24.7;1838; 1.2; 0.9; 0.9;65; 23.5;F;1;29;On;On;Off; 30.3; 29.8;0;1;1077;1;1077;0;891;1;-
2026/04/18;06:07:33;98;-; 54.27; 1.0;-; 70.8; 70.8; 51.7; 26.2; 25.5;1838; 1.2; 0.9; 0.9;66; 23.5;F;1;29;On;On;Off; 30.4; 29.9;0;1;1077;1;1077;0;891;1;-
2026/04/18;06:08:33;98;-; 54.33; 0.9;-; 71.0; 70.8; 51.0; 26.2; 24.8;1838; 1.2; 0.9; 0.9;66; 23.5;F;1;29;On;On;Off; 30.4; 29.9;0;1;1077;1;1077;0;891;1;-
2026/04/18;06:09:33;98;-; 54.37; 1.0;-; 70.9; 70.8; 51.8; 26.2; 25.5;1838; 1.3; 0.9; 0.9;67; 23.5;F;1;29;On;On;Off; 30.4; 30.0;0;1;1077;1;1077;0;891;1;-
2026/04/18;06:10:33;98;-; 54.39; 1.0;-; 70.9; 70.7; 51.8; 26.2; 25.5;1838; 1.3; 0.9; 0.9;66; 23.5;F;1;29;On;On;Off; 30.5; 30.0;0;1;1077;1;1077;0;891;1;-
2026/04/18;06:11:33;98;-; 54.43; 1.0;-; 70.9; 70.9; 51.8; 26.3; 25.6;1838; 1.3; 0.9; 0.9;68; 23.5;F;1;29;On;On;Off; 30.5; 30.0;0;1;1077;1;1077;0;891;1;-
2026/04/18;06:12:33;98;-; 54.47; 1.0;-; 71.1; 70.9; 51.9; 26.3; 25.6;1838; 1.3; 0.9; 0.9;68; 23.5;F;1;29;On;On;Off; 30.5; 30.1;0;1;1077;1;1077;0;891;1;-
2026/04/18;06:13:32;98;-; 54.51; 1.0;-; 71.1; 70.9; 53.3; 27.0; 26.3;1838; 1.3; 1.0; 1.0;70; 23.5;F;1;29;On;On;Off; 30.6; 30.1;0;1;1077;1;1077;0;891;1;-
2026/04/18;06:14:32;98;-; 54.54; 1.0;-; 71.1; 70.9; 53.4; 27.0; 26.3;1839; 1.3; 1.0; 1.0;70; 23.5;F;1;29;On;On;Off; 30.6; 30.1;0;1;1077;1;1077;0;891;1;-
2026/04/18;06:15:32;98;-; 54.56; 0.9;-; 71.0; 72.3; 46.8; 26.3; 20.5;1839; 1.3; 1.0; 1.0;71; 23.5;F;1;29;On;On;Off; 30.6; 30.1;0;1;1077;1;1077;0;891;1;-
2026/04/18;06:16:32;98;-; 54.62; 0.9;-; 72.6; 71.2; 47.6; 20.5; 27.1;1839; 1.3; 1.0; 1.0;70; 23.5;F;1;29;On;On;Off; 30.7; 30.2;0;1;1077;1;1077;0;891;1;-
2026/04/18;06:17:32;98;-; 54.66; 1.0;-; 71.3; 71.1; 55.0; 27.1; 27.9;1839; 1.4; 1.0; 1.0;73; 23.5;F;1;29;On;On;Off; 30.7; 30.2;0;1;1077;1;1077;0;891;1;-
2026/04/18;06:18:32;98;-; 54.72; 1.0;-; 71.4; 71.2; 55.8; 27.9; 27.9;1839; 1.4; 1.0; 1.0;75; 23.5;F;1;29;On;On;Off; 30.7; 30.2;0;1;1077;1;1077;0;891;1;-
2026/04/18;06:19:32;98;-; 54.74; 1.0;-; 72.2; 71.4; 52.1; 24.2; 27.9;1839; 1.4; 1.0; 1.0;74; 23.5;F;1;29;On;On;Off; 30.7; 30.2;0;1;1077;1;1077;1;892;1;-
2026/04/18;06:20:32;98;-; 54.80; 0.9;-; 72.7; 71.3; 50.0; 22.1; 27.9;1839; 1.4; 1.0; 1.0;74; 23.5;F;1;29;On;On;Off; 30.8; 30.3;0;1;1077;1;1077;1;892;1;-
2026/04/18;06:21:32;98;-; 54.84; 0.9;-; 72.7; 71.4; 50.7; 21.3; 29.4;1839; 1.4; 1.0; 1.0;76; 23.5;F;1;29;On;On;Off; 30.8; 30.3;0;1;1077;1;1077;1;892;1;-
2026/04/18;06:22:32;98;-; 54.88; 1.1;-; 71.7; 71.6; 58.2; 28.7; 29.5;1839; 1.5; 1.0; 1.0;78; 23.5;F;1;29;On;On;Off; 30.8; 30.3;0;1;1077;1;1077;1;892;1;-
2026/04/18;06:23:32;98;-; 54.94; 1.0;-; 71.6; 71.5; 57.4; 28.7; 28.7;1839; 1.5; 1.0; 1.0;78; 23.5;F;1;29;On;On;Off; 30.8; 30.3;0;1;1077;1;1077;1;892;1;-
2026/04/18;06:24:32;98;-; 55.00; 1.1;-; 71.7; 71.6; 58.3; 28.8; 29.5;1839; 1.5; 1.0; 1.0;79; 23.5;F;1;29;On;On;Off; 30.9; 30.4;0;1;1077;1;1077;1;892;1;-
2026/04/18;06:25:32;99;-; 55.02; 1.1;-; 71.9; 71.7; 59.1; 29.5; 29.5;1839; 1.5; 1.0; 1.0;80; 23.5;F;1;29;On;On;Off; 30.9; 30.4;0;1;1077;1;1077;1;892;1;-
2026/04/18;06:26:32;99;-; 55.10; 1.1;-; 71.7; 71.8; 59.1; 29.6; 29.6;1839; 1.5; 1.1; 1.1;82; 23.5;F;1;29;On;On;Off; 30.9; 30.4;0;1;1077;1;1077;1;892;1;-
2026/04/18;06:27:32;99;-; 55.14; 1.1;-; 72.0; 71.8; 59.2; 29.6; 29.6;1839; 1.5; 1.1; 1.1;82; 23.5;F;1;29;On;On;Off; 30.9; 30.4;0;2;1078;2;1078;1;892;1;-
2026/04/18;06:28:32;99;-; 55.20; 1.1;-; 72.0; 71.8; 60.7; 30.3; 30.3;1839; 1.5; 1.1; 1.1;83; 23.5;F;1;29;On;On;Off; 31.0; 30.5;0;2;1078;2;1078;1;892;1;-
2026/04/18;06:29:31;99;-; 55.24; 1.0;-; 72.2; 72.7; 57.0; 31.1; 25.9;1839; 1.6; 1.1; 1.1;84; 23.5;F;1;29;On;On;Off; 31.0; 30.5;0;2;1078;2;1078;1;892;1;-
2026/04/18;06:30:31;99;-; 55.31; 1.1;-; 72.1; 72.0; 63.0; 31.9; 31.1;1839; 1.5; 1.1; 1.1;83; 23.5;F;1;29;On;On;Off; 31.0; 30.5;0;2;1078;2;1078;1;892;1;-
2026/04/18;06:31:31;99;-; 55.33; 1.0;-; 72.1; 73.1; 56.3; 32.6; 23.7;1839; 1.6; 1.1; 1.1;86; 23.5;F;1;29;On;On;Off; 31.0; 30.5;0;2;1078;2;1078;1;892;1;-
2026/04/18;06:32:31;99;-; 55.41; 1.1;-; 72.3; 72.2; 62.4; 32.0; 30.5;1839; 1.6; 1.1; 1.1;86; 23.5;F;1;29;On;On;Off; 31.1; 30.6;0;2;1078;2;1078;1;892;1;-
2026/04/18;06:33:31;99;-; 55.47; 1.1;-; 72.3; 72.2; 62.5; 32.7; 29.8;1839; 1.6; 1.1; 1.1;87; 23.5;F;1;29;On;On;Off; 31.1; 30.6;0;2;1078;2;1078;1;892;1;-
2026/04/18;06:34:31;99;-; 55.55; 1.2;-; 72.4; 72.3; 64.1; 33.5; 30.5;1839; 1.6; 1.1; 1.1;88; 23.5;F;1;29;On;On;Off; 31.1; 30.6;0;2;1078;2;1078;1;892;1;-
2026/04/18;06:35:31;99;-; 55.63; 1.1;-; 72.6; 72.5; 63.5; 33.6; 29.9;1839; 1.7; 1.1; 1.1;92; 23.5;F;1;29;On;On;Off; 31.1; 30.6;0;2;1078;2;1078;1;892;1;-
2026/04/18;06:36:31;99;-; 55.63; 1.0;-; 73.8; 72.8; 53.0; 24.6; 28.4;1839; 1.6; 1.1; 1.1;90; 23.5;F;1;29;On;On;Off; 31.2; 30.6;0;2;1078;2;1078;1;892;1;-
2026/04/18;06:37:31;99;-; 55.71; 1.0;-; 74.0; 72.6; 53.1; 23.2; 29.9;1839; 1.6; 1.1; 1.1;90; 23.5;F;1;29;On;On;Off; 31.2; 30.6;0;2;1078;2;1078;1;892;1;-
2026/04/18;06:38:31;99;-; 55.77; 1.2;-; 72.7; 72.6; 64.4; 34.4; 29.9;1839; 1.6; 1.1; 1.1;88; 23.5;F;1;29;On;On;Off; 31.2; 30.7;0;2;1078;2;1078;1;892;1;-
2026/04/18;06:39:31;99;-; 55.83; 1.1;-; 72.9; 72.7; 62.9; 33.7; 29.2;1839; 1.6; 1.1; 1.1;88; 23.5;F;1;29;On;On;Off; 31.2; 30.7;0;2;1078;2;1078;1;892;1;-
2026/04/18;06:40:31;100;-; 55.85; 1.0;-; 72.8; 73.4; 58.4; 34.5; 23.9;1839; 1.6; 1.1; 1.1;87; 23.5;F;1;29;On;On;Off; 31.2; 30.7;0;2;1078;2;1078;1;892;1;-
2026/04/18;06:41:31;100;-; 55.85; 1.0;-; 74.0; 72.8; 53.1; 23.9; 29.2;1839; 1.6; 1.1; 1.1;89; 23.5;F;1;29;On;On;Off; 31.2; 30.7;0;2;1078;2;1078;1;892;1;-
2026/04/18;06:42:31;100;-; 55.93; 0.9;-; 74.2; 72.9; 51.0; 22.5; 28.5;1839; 1.5; 1.1; 1.1;84; 23.5;F;1;29;On;On;Off; 31.3; 30.8;0;2;1078;2;1078;1;892;1;-
2026/04/18;06:43:31;100;-; 55.97; 1.1;-; 73.0; 72.9; 61.5; 33.0; 28.5;1839; 1.6; 1.1; 1.1;85; 23.5;F;1;29;On;On;Off; 31.3; 30.8;0;2;1078;2;1078;1;892;1;-
2026/04/18;06:44:30;100;-; 56.01; 1.1;-; 73.0; 73.0; 60.8; 33.0; 27.8;1839; 1.5; 1.1; 1.1;84; 23.5;F;1;29;On;On;Off; 31.3; 30.8;0;2;1078;2;1078;1;892;1;-
2026/04/18;06:45:30;100;-; 55.99; 1.1;-; 73.1; 72.9; 60.0; 32.3; 27.8;1839; 1.5; 1.0; 1.0;82; 23.5;F;1;29;On;On;Off; 31.3; 30.8;0;2;1078;2;1078;1;892;1;-
2026/04/18;06:46:30;100;-; 55.99; 1.1;-; 73.0; 72.9; 59.3; 31.5; 27.8;1839; 1.5; 1.0; 1.0;80; 23.5;F;1;29;On;On;Off; 31.3; 30.8;0;2;1078;2;1078;1;892;1;-
2026/04/18;06:47:30;100;-; 55.95; 1.0;-; 73.1; 72.9; 58.5; 30.8; 27.7;1839; 1.4; 1.0; 1.0;74; 23.5;F;1;29;On;On;Off; 31.4; 30.8;0;2;1078;2;1078;1;892;1;-
2026/04/18;06:48:30;100;-; 55.99; 1.0;-; 73.1; 72.9; 57.8; 30.1; 27.8;1839; 1.4; 1.0; 1.0;77; 23.5;F;1;29;On;On;Off; 31.4; 30.8;0;2;1078;2;1078;1;892;1;-
2026/04/18;06:49:30;100;-; 55.97; 1.0;-; 73.0; 72.9; 50.3; 23.3; 27.0;1839; 1.4; 1.0; 1.0;74; 23.5;F;1;29;On;On;Off; 31.4; 30.9;0;2;1078;2;1078;1;892;1;-
2026/04/18;06:50:30;100;-; 55.99; 1.0;-; 73.2; 73.0; 55.6; 28.5; 27.0;1839; 1.3; 1.0; 1.0;72; 23.5;F;1;29;On;On;Off; 31.4; 30.9;0;2;1078;2;1078;1;892;1;-
2026/04/18;06:51:30;100;-; 55.99; 1.0;-; 73.0; 73.0; 54.0; 27.0; 27.0;1839; 1.3; 0.9; 0.9;70; 23.5;F;1;29;On;On;Off; 31.4; 30.9;0;2;1078;2;1078;1;892;1;-
2026/04/18;06:52:30;100;-; 55.97; 1.0;-; 73.1; 72.9; 54.8; 27.8; 27.0;1839; 1.3; 0.9; 0.9;68; 23.5;F;1;29;On;On;Off; 31.4; 30.9;0;2;1078;2;1078;1;892;1;-
2026/04/18;06:53:30;100;-; 56.02; 1.0;-; 73.0; 72.9; 53.3; 27.0; 26.3;1839; 1.2; 0.9; 0.9;68; 23.5;F;1;29;On;On;Off; 31.4; 30.9;0;2;1078;2;1078;1;892;1;-
2026/04/18;06:54:30;100;-; 56.06; 0.9;-; 73.2; 73.0; 51.1; 25.5; 25.5;1839; 1.2; 0.9; 0.9;66; 23.5;F;1;29;On;On;Off; 31.4; 30.9;0;2;1078;2;1078;1;892;1;-
2026/04/18;06:55:30;100;-; 56.06; 0.7;-; 74.4; 73.1; 38.3; 12.0; 26.3;1839; 1.2; 0.9; 0.9;65; 23.5;F;1;29;On;On;Off; 31.4; 30.9;0;2;1078;2;1078;1;892;1;-
2026/04/18;06:56:30;100;-; 56.08; 0.9;-; 73.4; 73.1; 51.1; 25.6; 25.6;1839; 1.1; 0.9; 0.9;63; 23.4;F;1;29;On;On;Off; 31.5; 30.9;0;2;1078;2;1078;1;892;1;-
2026/04/18;06:57:30;100;-; 56.14; 0.9;-; 73.1; 73.0; 50.4; 24.9; 25.6;1839; 1.1; 0.9; 0.9;61; 23.4;F;1;29;On;On;Off; 31.5; 31.0;0;2;1078;2;1078;1;892;1;-
2026/04/18;06:58:30;100;-; 56.16; 0.9;-; 73.3; 73.2; 50.4; 24.9; 25.6;1839; 1.1; 0.9; 0.9;60; 23.4;F;1;29;On;On;Off; 31.5; 31.0;0;2;1078;2;1078;1;892;1;-
2026/04/18;06:59:29;100;-; 56.18; 0.6;-; 74.6; 73.2; 33.1; 9.0; 24.1;1839; 1.1; 0.9; 0.9;59; 23.5;F;1;29;On;On;Off; 31.5; 31.0;0;2;1078;2;1078;1;892;1;-
2026/04/18;07:00:29;100;-; 56.22; 0.8;-; 73.5; 73.2; 47.5; 22.6; 24.9;1839; 1.1; 0.8; 0.8;58; 23.5;F;1;29;On;On;Off; 31.5; 31.0;0;2;1078;2;1078;1;892;1;-
2026/04/18;07:01:29;100;-; 56.26; 0.9;-; 73.4; 73.4; 48.3; 23.4; 24.9;1839; 1.0; 0.8; 0.8;57; 23.4;F;1;29;On;On;Off; 31.5; 31.0;0;2;1078;2;1078;1;892;1;-
2026/04/18;07:02:29;100;-; 56.28; 0.9;-; 73.5; 73.3; 48.3; 23.4; 24.9;1839; 1.0; 0.8; 0.8;56; 23.4;F;1;29;On;On;Off; 31.5; 31.0;0;2;1078;2;1078;1;892;1;-
2026/04/18;07:03:29;100;-; 56.32; 0.8;-; 73.7; 73.4; 47.6; 22.7; 24.9;1839; 1.0; 0.8; 0.8;55; 23.4;F;1;29;On;On;Off; 31.5; 31.1;0;2;1078;2;1078;1;892;1;-
2026/04/18;07:04:29;100;-; 56.40; 0.8;-; 73.5; 73.4; 47.7; 22.7; 25.0;1839; 1.0; 0.8; 0.8;54; 23.4;F;1;29;On;On;Off; 31.6; 31.1;0;2;1078;2;1078;1;892;1;-
2026/04/18;07:05:29;100;-; 56.38; 0.9;-; 73.5; 73.3; 48.4; 22.7; 25.7;1839; 1.0; 0.8; 0.8;53; 23.4;F;1;29;On;On;Off; 31.6; 31.1;0;2;1078;2;1078;1;892;1;-
2026/04/18;07:06:29;100;-; 56.38; 0.9;-; 73.6; 73.4; 48.4; 22.7; 25.7;1839; 1.0; 0.8; 0.8;52; 23.4;F;1;29;On;On;Off; 31.6; 31.1;0;2;1078;2;1078;1;892;1;-
2026/04/18;07:07:29;100;-; 56.40; 0.9;-; 73.7; 73.5; 49.2; 22.7; 26.5;1839; 0.9; 0.8; 0.8;51; 23.4;F;1;29;On;On;Off; 31.6; 31.1;0;2;1078;2;1078;1;892;1;-
2026/04/18;07:08:29;100;-; 56.42; 0.8;-; 73.8; 74.2; 43.1; 23.4; 19.7;1839; 0.9; 0.8; 0.8;50; 23.4;F;1;29;On;On;Off; 31.6; 31.1;0;2;1078;2;1078;1;892;1;-
2026/04/18;07:09:29;100;-; 56.40; 0.8;-; 74.3; 73.6; 45.4; 18.1; 27.2;1839; 0.9; 0.8; 0.8;49; 23.4;F;1;29;On;On;Off; 31.6; 31.1;0;2;1078;2;1078;1;892;1;-
2026/04/18;07:10:29;100;-; 56.42; 0.8;-; 73.6; 73.7; 47.7; 22.7; 25.0;1839; 0.9; 0.7; 0.7;49; 23.4;F;1;29;On;On;Off; 31.6; 31.1;0;2;1078;2;1078;1;892;1;-
2026/04/18;07:11:29;100;-; 56.40; 0.6;-; 75.0; 73.4; 35.5; 5.3; 30.3;1839; 0.9; 0.7; 0.7;48; 23.4;F;1;29;On;On;Off; 31.7; 31.1;0;2;1078;2;1078;1;892;1;-
2026/04/18;07:12:29;100;-; 56.42; 0.8;-; 73.6; 74.6; 43.1; 24.2; 18.9;1839; 0.8; 0.7; 0.7;46; 23.4;F;1;29;On;On;Off; 31.7; 31.2;0;2;1078;2;1078;1;892;1;-
2026/04/18;07:13:29;100;-; 56.42; 0.9;-; 73.7; 73.7; 49.9; 26.5; 23.4;1839; 0.8; 0.7; 0.7;46; 23.4;F;1;29;On;On;Off; 31.7; 31.2;0;2;1078;2;1078;1;892;1;-
2026/04/18;07:14:28;100;-; 56.42; 0.6;-; 74.9; 74.2; 34.0; 8.3; 25.7;1840; 0.8; 0.7; 0.7;46; 23.4;F;1;29;On;On;Off; 31.7; 31.2;0;2;1078;2;1078;1;892;1;-
2026/04/18;07:15:28;100;-; 56.42; 0.7;-; 74.5; 74.2; 40.8; 14.4; 26.5;1840; 0.8; 0.7; 0.7;45; 23.4;F;1;29;On;On;Off; 31.7; 31.2;0;2;1078;2;1078;1;892;1;-
2026/04/18;07:16:28;100;-; 56.42; 0.7;-; 75.4; 73.6; 40.8; 4.5; 36.3;1840; 0.8; 0.7; 0.7;44; 23.4;F;1;29;On;On;Off; 31.7; 31.2;0;2;1078;2;1078;1;892;1;-
2026/04/18;07:17:28;100;-; 56.44; 0.8;-; 74.6; 74.0; 46.1; 16.6; 29.5;1840; 0.8; 0.7; 0.7;44; 23.4;F;1;29;On;On;Off; 31.7; 31.2;0;2;1078;2;1078;1;892;1;-
2026/04/18;07:18:28;100;-; 56.42; 0.7;-; 76.2; 73.6; 37.1; 0.0; 37.1;1840; 0.8; 0.7; 0.7;43; 23.4;F;1;29;On;On;Off; 31.8; 31.2;0;2;1078;2;1078;1;892;1;-
2026/04/18;07:19:28;100;-; 56.42; 0.7;-; 74.9; 74.7; 40.8; 12.1; 28.8;1840; 0.8; 0.7; 0.7;43; 23.4;F;1;29;On;On;Off; 31.8; 31.2;0;2;1078;2;1078;1;892;1;-
2026/04/18;07:20:28;100;-; 56.42; 0.7;-; 75.6; 73.7; 38.5; 10.6; 28.0;1840; 0.8; 0.7; 0.7;42; 23.4;F;1;29;On;On;Off; 31.8; 31.2;0;2;1078;2;1078;1;892;1;-
2026/04/18;07:21:28;100;-; 56.44; 0.8;-; 74.4; 74.9; 47.6; 18.1; 29.5;1840; 0.8; 0.7; 0.7;42; 23.4;F;1;29;On;On;Off; 31.8; 31.3;0;2;1078;2;1078;1;892;1;-
2026/04/18;07:22:28;100;-; 56.42; 0.8;-; 76.1; 73.6; 44.6; 0.0; 44.6;1840; 0.8; 0.7; 0.7;41; 23.4;F;1;29;On;On;Off; 31.8; 31.3;0;2;1078;2;1078;1;892;1;-
2026/04/18;07:23:28;100;-; 56.42; 0.7;-; 74.2; 76.1; 38.6; 36.3; 2.3;1840; 0.8; 0.7; 0.7;41; 23.4;F;1;29;On;On;Off; 31.8; 31.3;0;2;1078;2;1078;1;892;1;-
2026/04/18;07:24:28;100;-; 56.44; 0.8;-; 75.4; 74.8; 43.1; 6.8; 36.3;1840; 0.8; 0.7; 0.7;41; 23.4;F;1;29;On;On;Off; 31.8; 31.3;0;2;1078;2;1078;2;893;1;-
2026/04/18;07:25:28;100;-; 56.44; 0.8;-; 76.2; 73.9; 42.4; 0.0; 42.4;1840; 0.8; 0.7; 0.7;41; 23.4;F;1;29;On;On;Off; 31.8; 31.3;0;2;1078;2;1078;2;893;1;-
2026/04/18;07:26:28;100;-; 56.42; 0.7;-; 76.4; 74.2; 37.1; 0.0; 37.1;1840; 0.8; 0.7; 0.7;41; 23.4;F;1;29;On;On;Off; 31.8; 31.3;0;2;1078;2;1078;2;893;1;-
2026/04/18;07:27:28;100;-; 56.42; 0.8;-; 75.9; 74.6; 42.4; 11.4; 31.0;1840; 0.8; 0.7; 0.7;41; 23.4;F;1;29;On;On;Off; 31.9; 31.3;0;2;1078;2;1078;2;893;1;-
2026/04/18;07:28:28;100;-; 56.42; 0.8;-; 76.7; 74.1; 46.9; 0.0; 46.9;1840; 0.8; 0.7; 0.7;41; 23.4;F;1;29;On;On;Off; 31.9; 31.4;0;2;1078;2;1078;2;893;1;-
2026/04/18;07:29:27;100;-; 56.42; 0.6;-; 75.4; 75.9; 34.1; 34.1; 0.0;1840; 0.8; 0.7; 0.7;42; 23.4;F;1;29;On;On;Off; 31.9; 31.4;0;2;1078;2;1078;2;893;1;-
2026/04/18;07:30:27;100;-; 56.42; 0.9;-; 76.7; 73.7; 53.0; 0.0; 53.0;1840; 0.8; 0.7; 0.7;41; 23.4;F;1;29;On;On;Off; 31.9; 31.4;0;2;1078;2;1078;2;893;1;-
2026/04/18;07:31:27;100;-; 56.42; 0.6;-; 76.9; 75.3; 33.3; 0.0; 33.3;1840; 0.7; 0.7; 0.7;41; 23.4;F;1;29;On;On;Off; 31.9; 31.4;0;2;1078;2;1078;2;893;1;-
2026/04/18;07:32:27;100;-; 56.44; 0.8;-; 75.5; 76.0; 43.1; 16.6; 26.5;1840; 0.7; 0.7; 0.7;41; 23.4;F;1;29;On;On;Off; 31.9; 31.4;0;2;1078;2;1078;2;893;1;-
2026/04/18;07:33:27;100;-; 56.42; 1.1;-; 77.2; 74.2; 61.3; 0.0; 61.3;1840; 0.7; 0.7; 0.7;41; 23.4;F;1;29;On;On;Off; 31.9; 31.4;0;2;1078;2;1078;2;893;1;-
2026/04/18;07:34:27;100;-; 56.44; 0.6;-; 75.4; 76.3; 35.5; 15.9; 19.7;1840; 0.7; 0.7; 0.7;41; 23.4;F;1;29;On;On;Off; 31.9; 31.4;0;2;1078;2;1078;2;893;1;-
2026/04/18;07:35:27;100;-; 56.44; 0.9;-; 74.6; 77.2; 53.0; 53.0; 0.0;1840; 0.7; 0.7; 0.7;41; 23.4;F;1;29;On;On;Off; 32.0; 31.4;0;2;1078;2;1078;2;893;1;-
2026/04/18;07:36:27;100;-; 56.44; 0.9;-; 76.8; 74.8; 52.2; 0.0; 52.2;1840; 0.7; 0.7; 0.7;40; 23.4;F;1;29;On;On;Off; 32.0; 31.4;0;3;1079;3;1079;2;893;1;-
2026/04/18;07:37:27;100;-; 56.44; 0.7;-; 75.9; 76.1; 41.6; 25.0; 16.6;1840; 0.8; 0.7; 0.7;41; 23.4;F;1;29;On;On;Off; 32.0; 31.5;0;3;1079;3;1079;2;893;1;-
2026/04/18;07:38:27;100;-; 56.42; 0.7;-; 75.0; 77.0; 40.1; 22.7; 17.4;1840; 0.7; 0.7; 0.7;40; 23.4;F;1;29;On;On;Off; 32.0; 31.5;0;3;1079;3;1079;2;893;1;-
2026/04/18;07:39:27;100;-; 56.44; 0.7;-; 76.3; 76.2; 37.8; 28.0; 9.8;1840; 0.7; 0.7; 0.7;41; 23.4;F;1;29;On;On;Off; 32.0; 31.5;0;3;1079;3;1079;2;893;1;-
2026/04/18;07:40:27;100;-; 56.42; 0.6;-; 76.6; 76.2; 35.5; 2.3; 33.3;1840; 0.7; 0.7; 0.7;40; 23.4;F;1;29;On;On;Off; 32.0; 31.5;0;3;1079;3;1079;2;893;1;-
2026/04/18;07:41:27;100;-; 56.42; 1.0;-; 75.0; 77.4; 58.2; 58.2; 0.0;1840; 0.7; 0.7; 0.7;40; 23.4;F;1;29;On;On;Off; 32.0; 31.5;0;3;1079;3;1079;2;893;1;-
2026/04/18;07:42:27;100;-; 56.44; 1.0;-; 74.9; 77.5; 53.7; 53.7; 0.0;1840; 0.7; 0.7; 0.7;40; 23.4;F;1;29;On;On;Off; 32.0; 31.5;0;3;1079;3;1079;2;893;1;-
2026/04/18;07:43:27;100;-; 56.42; 0.7;-; 77.2; 75.7; 38.6; 0.0; 38.6;1840; 0.7; 0.7; 0.7;41; 23.4;F;1;29;On;On;Off; 32.0; 31.5;0;3;1079;3;1079;2;893;1;-
2026/04/18;07:44:26;100;-; 56.44; 0.8;-; 76.9; 75.9; 43.9; 0.0; 43.9;1840; 0.7; 0.7; 0.7;40; 23.4;F;1;29;On;On;Off; 32.0; 31.5;0;3;1079;3;1079;2;893;1;-
2026/04/18;07:45:26;100;-; 56.44; 0.9;-; 77.2; 74.9; 50.0; 0.0; 50.0;1840; 0.7; 0.7; 0.7;41; 23.4;F;1;29;On;On;Off; 32.0; 31.5;0;3;1079;3;1079;2;893;1;-
2026/04/18;07:46:26;100;-; 56.42; 0.4;-; 76.9; 76.5; 24.9; 3.0; 21.9;1840; 0.7; 0.7; 0.7;41; 23.4;F;1;29;On;On;Off; 32.0; 31.5;0;3;1079;3;1079;2;893;1;-
2026/04/18;07:47:26;100;-; 56.44; 0.8;-; 77.1; 75.9; 43.9; 0.0; 43.9;1840; 0.8; 0.7; 0.7;41; 23.4;F;1;29;On;On;Off; 32.0; 31.6;0;3;1079;3;1079;2;893;1;-
2026/04/18;07:48:26;100;-; 56.42; 0.6;-; 76.6; 76.8; 34.8; 32.5; 2.3;1840; 0.7; 0.7; 0.7;41; 23.4;F;1;29;On;On;Off; 32.1; 31.6;0;3;1079;3;1079;2;893;1;-
2026/04/18;07:49:26;100;-; 56.44; 1.0;-; 77.2; 75.9; 56.0; 0.0; 56.0;1840; 0.7; 0.7; 0.7;41; 23.4;F;1;29;On;On;Off; 32.1; 31.6;0;3;1079;3;1079;2;893;1;-
2026/04/18;07:50:26;100;-; 56.44; 1.1;-; 75.9; 77.6; 61.3; 61.3; 0.0;1840; 0.8; 0.7; 0.7;42; 23.4;F;1;29;On;On;Off; 32.1; 31.6;0;3;1079;3;1079;2;893;1;-
2026/04/18;07:51:26;100;-; 56.44; 0.6;-; 76.0; 77.6; 31.8; 26.5; 5.3;1840; 0.8; 0.7; 0.7;42; 23.4;F;1;29;On;On;Off; 32.1; 31.6;0;3;1079;3;1079;2;893;1;-
2026/04/18;07:52:26;100;-; 56.44; 1.1;-; 75.7; 77.5; 59.8; 59.8; 0.0;1840; 0.8; 0.7; 0.7;41; 23.4;F;1;29;On;On;Off; 32.1; 31.6;0;3;1079;3;1079;2;893;1;-
2026/04/18;07:53:26;100;-; 56.42; 0.8;-; 75.9; 77.1; 44.6; 44.6; 0.0;1840; 0.8; 0.7; 0.7;42; 23.4;F;1;29;On;On;Off; 32.1; 31.6;0;3;1079;3;1079;2;893;1;-
2026/04/18;07:54:26;100;-; 56.42; 0.5;-; 74.2; 77.2; 31.0; 24.2; 6.8;1840; 0.8; 0.7; 0.7;41; 23.4;F;1;29;On;On;Off; 32.1; 31.6;0;3;1079;3;1079;2;893;1;-
2026/04/18;07:55:26;100;-; 56.44; 0.8;-; 74.3; 76.2; 43.1; 0.0; 43.1;1840; 0.7; 0.7; 0.7;41; 23.4;F;1;29;On;On;Off; 32.1; 31.6;0;3;1079;3;1079;2;893;1;-
2026/04/18;07:56:26;100;-; 56.42; 0.2;-; 74.2; 77.3; 12.8; 0.7; 12.1;1840; 0.7; 0.7; 0.7;41; 23.4;F;1;29;On;On;Off; 32.0; 31.6;0;3;1079;3;1079;2;893;1;-
2026/04/18;07:57:26;100;-; 56.42; 0.1;-; 74.3; 77.2; 8.3; 0.0; 8.3;1840; 0.5; 0.5; 0.5;29; 23.4;F;1;29;On;On;Off; 30.0; 31.4;0;3;1079;3;1079;2;893;1;-
2026/04/18;07:58:26;100;-; 56.44; 0.9;-; 75.4; 76.4; 49.2; 0.0; 49.2;1840; 0.6; 0.5; 0.5;33; 23.4;F;1;29;On;On;Off; 31.0; 31.2;0;3;1079;3;1079;2;893;1;-
2026/04/18;07:59:25;100;-; 56.42; 1.2;-; 75.5; 75.7; 65.1; 0.0; 65.1;1840; 0.8; 0.7; 0.7;41; 23.4;F;1;29;On;On;Off; 31.8; 31.3;0;3;1079;3;1079;2;893;1;-
2026/04/18;08:00:25;100;-; 56.42; 0.5;-; 74.5; 76.5; 27.2; 0.7; 26.5;1840; 0.6; 0.5; 0.5;34; 23.4;F;1;29;On;On;Off; 30.0; 31.3;0;3;1079;3;1079;2;893;1;-
2026/04/18;08:01:25;100;-; 56.44; 0.8;-; 76.4; 75.9; 47.7; 0.0; 47.7;1840; 0.5; 0.5; 0.5;29; 23.3;F;1;29;On;On;Off; 29.6; 31.1;0;3;1079;3;1079;2;893;1;-
2026/04/18;08:02:25;100;-; 56.44; 0.8;-; 76.1; 77.1; 43.1; 21.9; 21.2;1840; 0.7; 0.7; 0.7;41; 23.4;F;1;29;On;On;Off; 31.5; 31.2;0;3;1079;3;1079;2;893;1;-
2026/04/18;08:03:25;100;-; 56.42; 0.5;-; 77.2; 77.2; 29.5; 28.8; 0.7;1840; 0.7; 0.7; 0.7;41; 23.4;F;1;29;On;On;Off; 31.7; 31.3;0;3;1079;3;1079;2;893;1;-
2026/04/18;08:04:25;100;-; 56.44; 0.8;-; 77.8; 75.3; 44.6; 6.0; 38.6;1840; 0.7; 0.7; 0.7;40; 23.3;F;1;29;On;On;Off; 31.8; 31.3;0;3;1079;3;1079;2;893;1;-
2026/04/18;08:05:25;100;-; 56.44; 0.7;-; 77.2; 75.2; 37.0; 16.6; 20.4;1840; 0.7; 0.7; 0.7;41; 23.3;F;1;29;On;On;Off; 31.8; 31.4;0;3;1079;3;1079;2;893;1;-
2026/04/18;08:06:25;100;-; 56.44; 0.9;-; 76.7; 75.3; 51.5; 51.5; 0.0;1840; 0.8; 0.7; 0.7;41; 23.4;F;1;29;On;On;Off; 31.9; 31.4;0;3;1079;3;1079;2;893;1;-
2026/04/18;08:07:25;100;-; 56.42; 0.6;-; 77.7; 74.1; 32.5; 32.5; 0.0;1840; 0.8; 0.7; 0.7;42; 23.3;F;1;29;On;On;Off; 31.8; 31.4;0;3;1079;3;1079;2;893;1;-
2026/04/18;08:08:25;100;-; 56.42; 0.3;-; 77.6; 73.7; 15.1; 14.4; 0.7;1840; 0.7; 0.7; 0.7;40; 23.3;F;1;29;On;On;Off; 31.9; 30.6;0;3;1079;3;1079;2;893;1;-
2026/04/18;08:09:25;100;-; 56.44; 0.2;-; 77.8; 73.8; 12.1; 11.4; 0.7;1840; 0.5; 0.5; 0.5;29; 23.3;F;1;29;On;On;Off; 31.6; 29.3;0;3;1079;3;1079;2;893;1;-
2026/04/18;08:10:25;100;-; 56.44; 0.8;-; 76.6; 74.4; 44.6; 44.6; 0.0;1840; 0.7; 0.6; 0.6;36; 23.3;F;1;29;On;On;Off; 31.5; 30.7;0;3;1079;3;1079;2;893;1;-
2026/04/18;08:11:25;100;-; 56.42; 0.7;-; 77.3; 73.8; 38.6; 30.3; 8.3;1840; 0.8; 0.7; 0.7;42; 23.3;F;1;29;On;On;Off; 31.6; 31.1;0;3;1079;3;1079;2;893;1;-
2026/04/18;08:12:25;100;-; 56.46; 0.5;-; 77.1; 74.6; 26.4; 25.7; 0.7;1840; 0.6; 0.5; 0.5;33; 23.4;F;1;29;On;On;Off; 31.5; 29.2;0;3;1079;3;1079;2;893;1;-
2026/04/18;08:13:25;100;-; 56.44; 0.6;-; 78.0; 75.2; 34.8; 0.0; 34.8;1840; 0.6; 0.5; 0.5;30; 23.3;F;1;29;On;On;Off; 31.3; 29.4;0;3;1079;3;1079;2;893;1;-
2026/04/18;08:14:24;100;-; 56.44; 0.7;-; 77.0; 77.8; 40.9; 34.1; 6.8;1841; 0.7; 0.7; 0.7;41; 23.3;F;1;29;On;On;Off; 31.5; 30.9;0;3;1079;3;1079;2;893;1;-
2026/04/18;08:15:24;100;-; 56.44; 0.7;-; 77.6; 77.5; 40.8; 9.0; 31.8;1841; 0.7; 0.7; 0.7;40; 23.3;F;1;29;On;On;Off; 31.6; 31.1;0;3;1079;3;1079;2;893;1;-
2026/04/18;08:16:24;100;-; 56.42; 0.5;-; 76.9; 78.2; 29.5; 18.9; 10.6;1841; 0.7; 0.7; 0.7;41; 23.3;F;1;29;On;On;Off; 31.7; 31.2;0;3;1079;3;1079;2;893;1;-
2026/04/18;08:17:24;100;-; 56.44; 0.8;-; 77.0; 78.5; 46.9; 46.9; 0.0;1841; 0.7; 0.7; 0.7;40; 23.4;F;1;29;On;On;Off; 31.8; 31.2;0;3;1079;3;1079;2;893;1;-
2026/04/18;08:18:24;100;-; 56.44; 0.8;-; 77.8; 76.8; 45.4; 3.8; 41.7;1841; 0.7; 0.7; 0.7;40; 23.3;F;1;29;On;On;Off; 31.8; 31.3;0;3;1079;3;1079;2;893;1;-
2026/04/18;08:19:24;100;-; 56.44; 1.1;-; 77.8; 76.8; 62.1; 0.0; 62.1;1841; 0.7; 0.7; 0.7;40; 23.3;F;1;29;On;On;Off; 31.8; 31.3;0;3;1079;3;1079;2;893;1;-
2026/04/18;08:20:24;100;-; 56.44; 0.7;-; 76.7; 77.9; 37.8; 23.5; 14.4;1841; 0.7; 0.7; 0.7;40; 23.3;F;1;29;On;On;Off; 31.9; 31.4;0;3;1079;3;1079;2;893;1;-
2026/04/18;08:21:24;100;-; 56.44; 0.7;-; 76.8; 77.9; 40.9; 40.9; 0.0;1841; 0.7; 0.7; 0.7;40; 23.3;F;1;29;On;On;Off; 31.9; 31.4;0;3;1079;3;1079;2;893;1;-
2026/04/18;08:22:24;100;-; 56.44; 0.8;-; 76.5; 77.8; 45.4; 31.0; 14.4;1841; 0.7; 0.7; 0.7;39; 23.3;F;1;29;On;On;Off; 31.9; 31.4;0;3;1079;3;1079;2;893;1;-
2026/04/18;08:23:24;100;-; 56.44; 0.9;-; 77.5; 76.7; 50.0; 0.0; 50.0;1841; 0.7; 0.7; 0.7;40; 23.3;F;1;29;On;On;Off; 31.9; 31.4;0;3;1079;3;1079;2;893;1;-
2026/04/18;08:24:24;100;-; 56.44; 0.7;-; 76.6; 77.6; 40.9; 37.9; 3.0;1841; 0.7; 0.7; 0.7;40; 23.3;F;1;29;On;On;Off; 32.0; 31.5;0;3;1079;3;1079;2;893;1;-
2026/04/18;08:25:24;100;-; 56.44; 0.8;-; 77.7; 77.0; 44.6; 0.0; 44.6;1841; 0.7; 0.7; 0.7;40; 23.3;F;1;29;On;On;Off; 32.0; 31.5;0;3;1079;3;1079;2;893;1;-
2026/04/18;08:26:24;100;-; 56.44; 0.7;-; 77.2; 76.9; 39.3; 6.8; 32.6;1841; 0.7; 0.7; 0.7;39; 23.3;F;1;29;On;On;Off; 32.0; 31.5;0;3;1079;3;1079;2;893;1;-
2026/04/18;08:27:24;100;-; 56.44; 1.2;-; 76.5; 77.9; 67.4; 67.4; 0.0;1841; 0.7; 0.7; 0.7;40; 23.3;F;1;29;On;On;Off; 32.0; 31.5;0;3;1079;3;1079;2;893;1;-
2026/04/18;08:28:24;100;-; 56.44; 1.1;-; 77.7; 76.4; 62.8; 0.0; 62.8;1841; 0.7; 0.7; 0.7;40; 23.3;F;1;29;On;On;Off; 32.0; 31.5;0;3;1079;3;1079;2;893;1;-
2026/04/18;08:29:23;100;-; 56.44; 0.7;-; 77.6; 76.5; 40.9; 0.0; 40.9;1841; 0.7; 0.7; 0.7;40; 23.3;F;1;29;On;On;Off; 32.1; 31.6;0;3;1079;3;1079;2;893;1;-
2026/04/18;08:30:23;100;-; 56.44; 0.9;-; 77.5; 76.2; 49.2; 0.0; 49.2;1841; 0.7; 0.7; 0.7;40; 23.3;F;1;29;On;On;Off; 32.1; 31.6;0;3;1079;3;1079;2;893;1;-
2026/04/18;08:31:23;100;-; 56.44; 1.0;-; 76.2; 77.6; 58.3; 58.3; 0.0;1841; 0.7; 0.7; 0.7;40; 23.3;F;1;29;On;On;Off; 32.1; 31.6;0;3;1079;3;1079;2;893;1;-
2026/04/18;08:32:23;100;-; 56.44; 0.9;-; 77.4; 76.2; 53.0; 0.0; 53.0;1841; 0.7; 0.7; 0.7;40; 23.3;F;1;29;On;On;Off; 32.1; 31.6;0;3;1079;3;1079;2;893;1;-
2026/04/18;08:33:23;100;-; 56.44; 1.2;-; 76.1; 77.6; 65.1; 65.1; 0.0;1841; 0.7; 0.7; 0.7;39; 23.3;F;1;29;On;On;Off; 32.1; 31.6;0;3;1079;3;1079;2;893;1;-
2026/04/18;08:34:23;100;-; 56.42; 0.8;-; 76.3; 77.5; 44.6; 37.9; 6.8;1841; 0.7; 0.7; 0.7;39; 23.3;F;1;29;On;On;Off; 32.1; 31.6;0;3;1079;3;1079;2;893;1;-
2026/04/18;08:35:23;100;-; 56.42; 0.4;-; 77.6; 76.8; 25.0; 0.0; 25.0;1841; 0.7; 0.7; 0.7;39; 23.3;F;1;29;On;On;Off; 32.2; 31.6;0;3;1079;3;1079;2;893;1;-
2026/04/18;08:36:23;100;-; 56.44; 0.8;-; 77.3; 76.5; 43.1; 15.9; 27.3;1841; 0.7; 0.7; 0.7;39; 23.3;F;1;29;On;On;Off; 32.1; 31.7;0;3;1079;3;1079;2;893;1;-
2026/04/18;08:37:23;100;-; 56.42; 0.5;-; 76.6; 77.5; 26.4; 25.0; 1.5;1841; 0.7; 0.7; 0.7;39; 23.3;F;1;29;On;On;Off; 32.2; 31.7;0;3;1079;3;1079;2;893;1;-
2026/04/18;08:38:23;100;-; 56.42; 0.8;-; 76.8; 77.5; 42.4; 42.4; 0.0;1841; 0.7; 0.7; 0.7;38; 23.3;F;1;29;On;On;Off; 32.2; 31.7;0;3;1079;3;1079;2;893;1;-
2026/04/18;08:39:23;100;-; 56.44; 1.1;-; 77.6; 76.2; 60.6; 0.0; 60.6;1841; 0.7; 0.7; 0.7;39; 23.3;F;1;29;On;On;Off; 32.2; 31.7;0;3;1079;3;1079;2;893;1;-
2026/04/18;08:40:23;100;-; 56.44; 0.5;-; 77.6; 76.8; 28.0; 3.8; 24.2;1841; 0.7; 0.7; 0.7;38; 23.3;F;1;29;On;On;Off; 32.2; 31.7;0;3;1079;3;1079;2;893;1;-
2026/04/18;08:41:23;100;-; 56.42; 0.6;-; 77.3; 76.8; 32.5; 18.9; 13.6;1841; 0.7; 0.7; 0.7;39; 23.3;F;1;29;On;On;Off; 32.2; 31.7;0;3;1079;3;1079;2;893;1;-
2026/04/18;08:42:23;100;-; 56.44; 0.8;-; 77.4; 76.6; 45.5; 0.0; 45.5;1841; 0.7; 0.7; 0.7;39; 23.3;F;1;29;On;On;Off; 32.2; 31.7;0;3;1079;3;1079;2;893;1;-
2026/04/18;08:43:23;100;-; 56.44; 1.0;-; 76.1; 77.6; 56.0; 56.0; 0.0;1841; 0.7; 0.7; 0.7;40; 23.3;F;1;29;On;On;Off; 32.3; 31.8;0;3;1079;3;1079;2;893;1;-
2026/04/18;08:44:22;100;-; 56.44; 1.2;-; 76.2; 77.5; 68.9; 68.9; 0.0;1841; 0.7; 0.7; 0.7;39; 23.3;F;1;29;On;On;Off; 32.3; 31.8;0;3;1079;3;1079;2;893;1;-
2026/04/18;08:45:22;100;-; 56.42; 0.4;-; 77.5; 76.8; 24.9; 1.5; 23.4;1841; 0.7; 0.7; 0.7;39; 23.3;F;1;29;On;On;Off; 32.3; 31.8;0;3;1079;3;1079;2;893;1;-
2026/04/18;08:46:22;100;-; 56.42; 0.6;-; 76.9; 77.1; 35.5; 14.4; 21.2;1841; 0.7; 0.7; 0.7;39; 23.3;F;1;29;On;On;Off; 32.3; 31.8;0;3;1079;3;1079;2;893;1;-
2026/04/18;08:47:22;100;-; 56.44; 1.1;-; 76.2; 77.3; 63.6; 63.6; 0.0;1841; 0.7; 0.7; 0.7;39; 23.3;F;1;29;On;On;Off; 32.3; 31.8;0;3;1079;3;1079;2;893;1;-
2026/04/18;08:48:22;100;-; 56.44; 0.6;-; 76.9; 76.9; 34.8; 31.0; 3.8;1841; 0.7; 0.7; 0.7;39; 23.3;F;1;29;On;On;Off; 32.3; 31.8;0;3;1079;3;1079;2;893;1;-
2026/04/18;08:49:22;100;-; 56.44; 0.6;-; 76.5; 77.1; 31.8; 14.4; 17.4;1841; 0.7; 0.7; 0.7;39; 23.3;F;1;29;On;On;Off; 32.3; 31.8;0;3;1079;3;1079;2;893;1;-
2026/04/18;08:50:22;100;-; 56.44; 0.8;-; 76.6; 77.1; 44.6; 44.6; 0.0;1841; 0.7; 0.7; 0.7;39; 23.3;F;1;29;On;On;Off; 32.3; 31.8;0;3;1079;3;1079;2;893;1;-
2026/04/18;08:51:22;100;-; 56.44; 1.0;-; 76.2; 77.3; 56.8; 56.8; 0.0;1841; 0.7; 0.7; 0.7;38; 23.3;F;1;29;On;On;Off; 32.3; 31.8;0;3;1079;3;1079;2;893;1;-
2026/04/18;08:52:22;100;-; 56.44; 0.6;-; 76.7; 76.6; 35.5; 25.0; 10.6;1841; 0.7; 0.7; 0.7;38; 23.3;F;1;29;On;On;Off; 32.3; 31.8;0;3;1079;3;1079;2;893;1;-
2026/04/18;08:53:22;100;-; 56.44; 1.1;-; 76.2; 77.2; 60.6; 60.6; 0.0;1841; 0.7; 0.7; 0.7;38; 23.3;F;1;29;On;On;Off; 32.3; 31.8;0;3;1079;3;1079;2;893;1;-
2026/04/18;08:54:22;100;-; 56.44; 0.8;-; 77.1; 76.5; 43.1; 0.0; 43.1;1841; 0.7; 0.7; 0.7;38; 23.3;F;1;29;On;On;Off; 32.3; 31.8;0;3;1079;3;1079;2;893;1;-
2026/04/18;08:55:22;100;-; 56.44; 0.5;-; 76.7; 76.8; 30.2; 14.4; 15.9;1841; 0.7; 0.7; 0.7;38; 23.3;F;1;29;On;On;Off; 32.3; 31.8;0;3;1079;3;1079;2;893;1;-
2026/04/18;08:56:22;100;-; 56.42; 0.3;-; 77.0; 76.4; 19.7; 0.7; 18.9;1841; 0.7; 0.7; 0.7;37; 23.3;F;1;29;On;On;Off; 32.3; 31.8;0;3;1079;3;1079;3;894;1;-
2026/04/18;08:57:22;100;-; 56.44; 0.9;-; 77.1; 76.3; 51.5; 0.0; 51.5;1841; 0.7; 0.7; 0.7;38; 23.3;F;1;29;On;On;Off; 32.3; 31.8;0;3;1079;3;1079;3;894;1;-
2026/04/18;08:58:22;100;-; 56.42; 0.6;-; 76.6; 76.8; 34.1; 26.5; 7.6;1841; 0.7; 0.7; 0.7;38; 23.3;F;1;29;On;On;Off; 32.3; 31.9;0;3;1079;3;1079;3;894;1;-
2026/04/18;08:59:21;100;-; 56.44; 0.8;-; 77.0; 75.8; 46.2; 0.7; 45.4;1841; 0.7; 0.7; 0.7;38; 23.3;F;1;29;On;On;Off; 32.3; 31.9;0;3;1079;3;1079;3;894;1;-
2026/04/18;09:00:21;100;-; 56.44; 0.7;-; 76.7; 76.6; 40.1; 40.1; 0.0;1841; 0.7; 0.7; 0.7;39; 23.3;F;1;29;On;On;Off; 32.3; 31.9;0;3;1079;3;1079;3;894;1;-
2026/04/18;09:01:21;100;-; 56.44; 0.7;-; 76.4; 76.7; 40.1; 22.7; 17.4;1841; 0.7; 0.7; 0.7;38; 23.3;F;1;29;On;On;Off; 32.4; 31.9;0;3;1079;3;1079;3;894;1;-
2026/04/18;09:02:21;100;-; 56.42; 1.1;-; 75.9; 76.9; 62.1; 62.1; 0.0;1841; 0.7; 0.7; 0.7;39; 23.3;F;1;29;On;On;Off; 32.4; 31.9;0;3;1079;3;1079;3;894;1;-
2026/04/18;09:03:21;100;-; 56.44; 1.0;-; 77.0; 75.8; 56.0; 0.0; 56.0;1841; 0.7; 0.7; 0.7;39; 23.3;F;1;29;On;On;Off; 32.4; 31.9;0;3;1079;3;1079;3;894;1;-
2026/04/18;09:04:21;100;-; 56.42; 0.4;-; 76.9; 76.5; 21.1; 3.0; 18.1;1841; 0.7; 0.7; 0.7;39; 23.3;F;1;29;On;On;Off; 32.4; 31.9;0;3;1079;3;1079;3;894;1;-
2026/04/18;09:05:21;100;-; 56.44; 0.7;-; 76.9; 76.1; 37.9; 3.8; 34.1;1841; 0.7; 0.7; 0.7;39; 23.3;F;1;29;On;On;Off; 32.4; 31.9;0;3;1079;3;1079;3;894;1;-
2026/04/18;09:06:21;100;-; 56.44; 0.9;-; 76.0; 77.0; 50.7; 50.7; 0.0;1841; 0.7; 0.7; 0.7;38; 23.3;F;1;29;On;On;Off; 32.4; 31.9;0;3;1079;3;1079;3;894;1;-
2026/04/18;09:07:21;100;-; 56.44; 0.8;-; 76.8; 75.9; 46.9; 0.0; 46.9;1841; 0.7; 0.7; 0.7;39; 23.3;F;1;29;On;On;Off; 32.4; 31.9;0;3;1079;3;1079;3;894;1;-
2026/04/18;09:08:21;100;-; 56.44; 1.0;-; 77.0; 75.7; 53.8; 0.0; 53.8;1841; 0.7; 0.7; 0.7;38; 23.3;F;1;29;On;On;Off; 32.4; 31.9;0;4;1080;4;1080;3;894;1;-
2026/04/18;09:09:21;100;-; 56.46; 1.2;-; 76.8; 75.8; 67.4; 0.0; 67.4;1841; 0.7; 0.7; 0.7;38; 23.3;F;1;29;On;On;Off; 32.4; 31.9;0;4;1080;4;1080;3;894;1;-
2026/04/18;09:10:21;100;-; 56.44; 0.8;-; 76.9; 76.0; 43.9; 0.0; 43.9;1841; 0.7; 0.7; 0.7;39; 23.3;F;1;29;On;On;Off; 32.4; 31.9;0;4;1080;4;1080;3;894;1;-
2026/04/18;09:11:21;100;-; 56.44; 0.7;-; 76.4; 76.8; 41.6; 41.6; 0.0;1841; 0.7; 0.7; 0.7;38; 23.3;F;1;29;On;On;Off; 32.4; 31.9;0;4;1080;4;1080;3;894;1;-
2026/04/18;09:12:21;100;-; 56.44; 0.6;-; 76.6; 76.5; 34.8; 28.8; 6.0;1841; 0.7; 0.7; 0.7;38; 23.3;F;1;29;On;On;Off; 32.4; 31.9;0;4;1080;4;1080;3;894;1;-
2026/04/18;09:13:21;100;-; 56.46; 1.0;-; 77.1; 76.0; 53.7; 0.0; 53.7;1841; 0.7; 0.7; 0.7;39; 23.3;F;1;29;On;On;Off; 32.4; 31.9;0;4;1080;4;1080;3;894;1;-
2026/04/18;09:14:20;100;-; 56.42; 0.9;-; 76.2; 76.8; 48.4; 48.4; 0.0;1842; 0.7; 0.7; 0.7;39; 23.3;F;1;29;On;On;Off; 32.4; 31.9;0;4;1080;4;1080;3;894;1;-
2026/04/18;09:15:20;100;-; 56.44; 0.5;-; 77.0; 76.1; 30.2; 6.8; 23.5;1842; 0.7; 0.7; 0.7;38; 23.3;F;1;29;On;On;Off; 32.4; 31.9;0;4;1080;4;1080;3;894;1;-
2026/04/18;09:16:20;100;-; 56.44; 0.4;-; 76.7; 76.8; 21.9; 20.4; 1.5;1842; 0.7; 0.7; 0.7;38; 23.3;F;1;29;On;On;Off; 32.4; 31.9;0;4;1080;4;1080;3;894;1;-
2026/04/18;09:17:20;100;-; 56.42; 0.8;-; 76.6; 76.5; 43.1; 12.8; 30.3;1842; 0.7; 0.7; 0.7;38; 23.3;F;1;29;On;On;Off; 32.4; 31.9;0;4;1080;4;1080;3;894;1;-
2026/04/18;09:18:20;100;-; 56.44; 0.8;-; 76.8; 76.0; 43.1; 0.0; 43.1;1842; 0.7; 0.6; 0.6;38; 23.3;F;1;29;On;On;Off; 32.4; 31.9;0;4;1080;4;1080;3;894;1;-
2026/04/18;09:19:20;100;-; 56.44; 1.0;-; 76.0; 76.8; 56.8; 56.8; 0.0;1842; 0.7; 0.7; 0.7;38; 23.3;F;1;29;On;On;Off; 32.4; 31.9;0;4;1080;4;1080;3;894;1;-
2026/04/18;09:20:20;100;-; 56.42; 0.6;-; 76.3; 76.5; 31.8; 24.2; 7.6;1842; 0.7; 0.7; 0.7;38; 23.3;F;1;29;On;On;Off; 32.4; 31.9;0;4;1080;4;1080;3;894;1;-
2026/04/18;09:21:20;100;-; 56.44; 0.7;-; 76.7; 75.9; 41.6; 17.4; 24.2;1842; 0.7; 0.7; 0.7;38; 23.3;F;1;29;On;On;Off; 32.4; 31.9;0;4;1080;4;1080;3;894;1;-
2026/04/18;09:22:20;100;-; 56.42; 0.6;-; 76.2; 76.6; 34.1; 34.1; 0.0;1842; 0.7; 0.7; 0.7;38; 23.3;F;1;29;On;On;Off; 32.4; 31.9;0;4;1080;4;1080;3;894;1;-
2026/04/18;09:23:20;100;-; 56.42; 0.7;-; 76.2; 76.6; 37.9; 37.9; 0.0;1842; 0.7; 0.7; 0.7;38; 23.3;F;1;29;On;On;Off; 32.4; 31.9;0;4;1080;4;1080;3;894;1;-
2026/04/18;09:24:20;100;-; 56.44; 0.8;-; 75.7; 76.6; 46.9; 46.9; 0.0;1842; 0.7; 0.7; 0.7;38; 23.3;F;1;29;On;On;Off; 32.4; 31.9;0;4;1080;4;1080;3;894;1;-
2026/04/18;09:25:20;100;-; 56.42; 0.6;-; 76.4; 76.3; 32.5; 18.1; 14.4;1842; 0.7; 0.7; 0.7;38; 23.3;F;1;29;On;On;Off; 32.4; 31.9;0;4;1080;4;1080;3;894;1;-
2026/04/18;09:26:20;100;-; 56.44; 0.7;-; 76.1; 76.4; 37.8; 31.0; 6.8;1842; 0.7; 0.6; 0.6;38; 23.3;F;1;29;On;On;Off; 32.4; 31.9;0;4;1080;4;1080;3;894;1;-
2026/04/18;09:27:20;100;-; 56.44; 1.1;-; 76.6; 75.8; 60.6; 0.0; 60.6;1842; 0.7; 0.6; 0.6;38; 23.3;F;1;29;On;On;Off; 32.4; 31.9;0;4;1080;4;1080;3;894;1;-
2026/04/18;09:28:20;100;-; 56.44; 0.5;-; 76.3; 76.3; 31.0; 14.4; 16.6;1842; 0.7; 0.6; 0.6;37; 23.3;F;1;29;On;On;Off; 32.4; 31.9;0;4;1080;4;1080;3;894;1;-
2026/04/18;09:29:19;100;-; 56.42; 0.8;-; 76.1; 76.6; 43.9; 43.9; 0.0;1842; 0.7; 0.6; 0.6;38; 23.3;F;1;29;On;On;Off; 32.4; 31.9;0;4;1080;4;1080;3;894;1;-
2026/04/18;09:30:19;100;-; 56.44; 0.6;-; 76.4; 76.3; 32.6; 21.2; 11.4;1842; 0.7; 0.6; 0.6;38; 23.3;F;1;29;On;On;Off; 32.4; 31.9;0;4;1080;4;1080;3;894;1;-
2026/04/18;09:31:19;100;-; 56.44; 0.8;-; 76.8; 75.7; 43.9; 0.0; 43.9;1842; 0.7; 0.6; 0.6;37; 23.3;F;1;29;On;On;Off; 32.4; 31.9;0;4;1080;4;1080;3;894;1;-
2026/04/18;09:32:19;100;-; 56.44; 0.8;-; 76.6; 75.7; 44.6; 0.0; 44.6;1842; 0.7; 0.6; 0.6;38; 23.3;F;1;29;On;On;Off; 32.4; 31.9;0;4;1080;4;1080;3;894;1;-
2026/04/18;09:33:19;100;-; 56.44; 0.4;-; 76.6; 76.1; 24.9; 10.6; 14.4;1842; 0.7; 0.6; 0.6;38; 23.3;F;1;29;On;On;Off; 32.5; 31.9;0;4;1080;4;1080;3;894;1;-
2026/04/18;09:34:19;100;-; 56.44; 0.7;-; 76.4; 76.0; 37.9; 0.0; 37.9;1842; 0.7; 0.6; 0.6;38; 23.3;F;1;29;On;On;Off; 32.4; 32.0;0;4;1080;4;1080;3;894;1;-
2026/04/18;09:35:19;100;-; 56.44; 0.7;-; 76.4; 76.1; 39.3; 12.1; 27.2;1842; 0.7; 0.6; 0.6;38; 23.3;F;1;29;On;On;Off; 32.5; 32.0;0;4;1080;4;1080;3;894;1;-
2026/04/18;09:36:19;100;-; 56.42; 0.7;-; 76.7; 76.1; 39.3; 0.0; 39.3;1842; 0.7; 0.6; 0.6;37; 23.3;F;1;29;On;On;Off; 32.5; 32.0;0;4;1080;4;1080;3;894;1;-
2026/04/18;09:37:19;100;-; 56.44; 0.8;-; 75.8; 76.7; 43.1; 43.1; 0.0;1842; 0.7; 0.6; 0.6;38; 23.3;F;1;29;On;On;Off; 32.5; 32.0;0;4;1080;4;1080;3;894;1;-
2026/04/18;09:38:19;100;-; 56.44; 0.8;-; 76.6; 76.2; 45.4; 0.0; 45.4;1842; 0.7; 0.6; 0.6;37; 23.3;F;1;29;On;On;Off; 32.5; 32.0;0;4;1080;4;1080;3;894;1;-
2026/04/18;09:39:19;100;-; 56.42; 0.6;-; 76.3; 76.4; 34.8; 21.2; 13.6;1842; 0.7; 0.6; 0.6;38; 23.3;F;1;29;On;On;Off; 32.5; 32.0;0;4;1080;4;1080;3;894;1;-
2026/04/18;09:40:19;100;-; 56.44; 0.6;-; 76.5; 76.0; 34.8; 28.8; 6.0;1842; 0.7; 0.6; 0.6;37; 23.3;F;1;29;On;On;Off; 32.5; 32.0;0;4;1080;4;1080;3;894;1;-
2026/04/18;09:41:19;100;-; 56.44; 0.6;-; 76.7; 76.1; 34.1; 15.1; 18.9;1842; 0.7; 0.6; 0.6;37; 23.3;F;1;29;On;On;Off; 32.5; 32.0;0;4;1080;4;1080;3;894;1;-
2026/04/18;09:42:19;100;-; 56.44; 0.7;-; 76.1; 76.3; 37.8; 19.7; 18.1;1842; 0.7; 0.6; 0.6;37; 23.3;F;1;29;On;On;Off; 32.5; 32.0;0;4;1080;4;1080;3;894;1;-
2026/04/18;09:43:19;100;-; 56.44; 0.7;-; 76.4; 76.2; 40.1; 40.1; 0.0;1842; 0.7; 0.6; 0.6;37; 23.3;F;1;29;On;On;Off; 32.5; 32.0;0;4;1080;4;1080;3;894;1;-
2026/04/18;09:44:18;100;-; 56.46; 1.2;-; 75.8; 76.7; 65.1; 65.1; 0.0;1842; 0.7; 0.6; 0.6;37; 23.3;F;1;29;On;On;Off; 32.5; 32.0;0;4;1080;4;1080;3;894;1;-
2026/04/18;09:45:18;100;-; 56.44; 0.6;-; 76.4; 75.9; 33.3; 17.4; 15.9;1842; 0.7; 0.6; 0.6;37; 23.3;F;1;29;On;On;Off; 32.5; 32.0;0;4;1080;4;1080;3;894;1;-
2026/04/18;09:46:18;100;-; 56.42; 0.5;-; 76.1; 76.6; 28.8; 15.1; 13.6;1842; 0.7; 0.6; 0.6;37; 23.3;F;1;29;On;On;Off; 32.5; 32.0;0;4;1080;4;1080;3;894;1;-
2026/04/18;09:47:18;100;-; 56.42; 0.6;-; 76.3; 76.2; 31.8; 10.6; 21.2;1842; 0.7; 0.6; 0.6;38; 23.3;F;1;29;On;On;Off; 32.5; 32.0;0;4;1080;4;1080;3;894;1;-
2026/04/18;09:48:18;100;-; 56.44; 0.8;-; 76.4; 75.8; 42.4; 19.7; 22.7;1842; 0.7; 0.6; 0.6;37; 23.3;F;1;29;On;On;Off; 32.5; 32.0;0;4;1080;4;1080;3;894;1;-
2026/04/18;09:49:18;100;-; 56.42; 0.4;-; 76.5; 76.1; 23.4; 3.0; 20.4;1842; 0.7; 0.6; 0.6;37; 23.3;F;1;29;On;On;Off; 32.5; 32.0;0;4;1080;4;1080;3;894;1;-
2026/04/18;09:50:18;100;-; 56.44; 0.7;-; 76.6; 75.7; 40.9; 21.2; 19.7;1842; 0.7; 0.6; 0.6;37; 23.3;F;1;29;On;On;Off; 32.5; 32.0;0;4;1080;4;1080;3;894;1;-
2026/04/18;09:51:18;100;-; 56.44; 0.7;-; 76.3; 76.0; 37.1; 29.5; 7.6;1842; 0.7; 0.6; 0.6;36; 23.3;F;1;29;On;On;Off; 32.5; 32.0;0;4;1080;4;1080;3;894;1;-
2026/04/18;09:52:18;100;-; 56.44; 1.1;-; 75.6; 76.6; 64.4; 64.4; 0.0;1842; 0.7; 0.6; 0.6;36; 23.3;F;1;29;On;On;Off; 32.5; 32.0;0;4;1080;4;1080;3;894;1;-
2026/04/18;09:53:18;100;-; 56.44; 0.7;-; 75.9; 76.4; 39.3; 39.3; 0.0;1842; 0.7; 0.6; 0.6;36; 23.3;F;1;29;On;On;Off; 32.5; 32.0;0;4;1080;4;1080;3;894;1;-
2026/04/18;09:54:18;100;-; 56.44; 0.7;-; 76.2; 76.5; 39.3; 39.3; 0.0;1842; 0.7; 0.6; 0.6;37; 23.3;F;1;29;On;On;Off; 32.5; 32.0;0;4;1080;4;1080;3;894;1;-
2026/04/18;09:55:18;100;-; 56.44; 0.6;-; 75.7; 76.4; 36.3; 21.2; 15.1;1842; 0.7; 0.6; 0.6;36; 23.3;F;1;29;On;On;Off; 32.5; 32.0;0;4;1080;4;1080;3;894;1;-
2026/04/18;09:56:18;100;-; 56.42; 0.5;-; 76.4; 76.0; 26.5; 0.0; 26.5;1842; 0.7; 0.6; 0.6;36; 23.3;F;1;29;On;On;Off; 32.5; 32.0;0;4;1080;4;1080;3;894;1;-
2026/04/18;09:57:18;100;-; 56.44; 0.8;-; 76.2; 75.7; 42.4; 0.0; 42.4;1842; 0.7; 0.6; 0.6;36; 23.3;F;1;29;On;On;Off; 32.5; 32.0;0;4;1080;4;1080;3;894;1;-
2026/04/18;09:58:18;100;-; 56.44; 0.6;-; 75.5; 74.9; 34.8; 15.9; 18.9;1842; 0.7; 0.6; 0.6;37; 23.3;F;1;29;On;On;Off; 32.5; 32.0;0;4;1080;4;1080;3;894;1;-
2026/04/18;09:59:17;100;-; 56.02; 0.0;-; 73.7; 73.5; 0.0; 0.0; 0.0;1842; 0.6; 0.6; 0.6;34; 23.3;F;1;29;On;On;Off; 32.4; 31.9;0;4;1080;4;1080;3;894;1;-
2026/04/18;10:00:17;100;-; 55.65; 0.8;-; 72.5; 72.5; 42.5; 23.1; 19.4;1842; 0.4; 0.5; 0.5;24; 23.3;F;1;29;On;On;Off; 32.4; 31.9;0;4;1080;4;1080;3;894;1;-
2026/04/18;10:01:17;100;-; 56.08; 0.4;-; 74.5; 73.2; 22.6; 0.0; 22.6;1842; 0.7; 0.7; 0.7;37; 23.3;F;1;29;On;On;Off; 32.4; 31.9;0;4;1080;4;1080;3;894;1;-
2026/04/18;10:02:17;100;-; 56.44; 0.4;-; 77.2; 77.5; 24.9; 19.7; 5.3;1842; 0.7; 0.7; 0.7;39; 23.3;F;1;29;On;On;Off; 32.5; 32.0;0;4;1080;4;1080;3;894;1;-
2026/04/18;10:03:17;100;-; 56.44; 0.5;-; 77.3; 77.5; 29.5; 0.0; 29.5;1842; 0.7; 0.6; 0.6;36; 23.3;F;1;29;On;On;Off; 32.5; 32.0;0;4;1080;4;1080;3;894;1;-
2026/04/18;10:04:17;100;-; 56.44; 1.1;-; 77.8; 76.5; 59.8; 0.0; 59.8;1842; 0.6; 0.6; 0.6;35; 23.3;F;1;29;On;On;Off; 32.5; 32.0;0;4;1080;4;1080;3;894;1;-
2026/04/18;10:05:17;100;-; 56.44; 1.0;-; 76.7; 77.2; 57.5; 57.5; 0.0;1842; 0.7; 0.6; 0.6;36; 23.3;F;1;29;On;On;Off; 32.5; 32.0;0;4;1080;4;1080;3;894;1;-
2026/04/18;10:06:17;100;-; 56.46; 0.7;-; 76.4; 77.1; 40.1; 33.3; 6.8;1842; 0.7; 0.6; 0.6;36; 23.3;F;1;29;On;On;Off; 32.5; 32.0;0;4;1080;4;1080;3;894;1;-
2026/04/18;10:07:17;100;-; 56.44; 0.8;-; 76.7; 77.1; 46.2; 46.2; 0.0;1842; 0.6; 0.6; 0.6;35; 23.3;F;1;29;On;On;Off; 32.5; 32.0;0;4;1080;4;1080;3;894;1;-
2026/04/18;10:08:17;100;-; 56.44; 0.6;-; 76.8; 76.7; 31.8; 7.6; 24.2;1842; 0.7; 0.6; 0.6;36; 23.3;F;1;29;On;On;Off; 32.5; 32.0;0;4;1080;4;1080;3;894;1;-
2026/04/18;10:09:17;100;-; 56.44; 0.7;-; 77.2; 76.0; 37.8; 2.3; 35.5;1842; 0.6; 0.6; 0.6;35; 23.3;F;1;29;On;On;Off; 32.5; 32.0;0;4;1080;4;1080;3;894;1;-
2026/04/18;10:10:17;100;-; 56.44; 0.4;-; 77.1; 76.6; 24.2; 10.6; 13.6;1842; 0.6; 0.6; 0.6;35; 23.3;F;1;29;On;On;Off; 32.5; 32.0;0;4;1080;4;1080;3;894;1;-
2026/04/18;10:11:17;100;-; 56.44; 1.0;-; 76.8; 75.8; 53.7; 0.0; 53.7;1842; 0.6; 0.6; 0.6;35; 23.3;F;1;29;On;On;Off; 32.5; 32.0;0;4;1080;4;1080;3;894;1;-
2026/04/18;10:12:17;100;-; 56.44; 0.5;-; 77.4; 76.7; 31.0; 0.0; 31.0;1842; 0.6; 0.6; 0.6;35; 23.2;F;1;29;On;On;Off; 32.5; 32.0;0;4;1080;4;1080;3;894;1;-
2026/04/18;10:13:17;100;-; 56.42; 0.6;-; 74.3; 73.8; 35.5; 18.1; 17.4;1842; 0.6; 0.6; 0.6;34; 23.3;F;1;29;On;On;Off; 32.5; 32.0;0;4;1080;4;1080;3;894;1;-
2026/04/18;10:14:16;100;-; 55.99; 0.9;-; 72.9; 72.7; 48.8; 23.3; 25.5;1843; 0.6; 0.6; 0.6;32; 23.3;F;1;29;On;On;Off; 32.4; 32.0;0;4;1080;4;1080;3;894;1;-
2026/04/18;10:15:16;100;-; 56.42; 0.6;-; 73.8; 73.7; 36.3; 19.7; 16.6;1843; 0.6; 0.6; 0.6;33; 23.2;F;1;29;On;On;Off; 32.4; 31.9;0;4;1080;4;1080;3;894;1;-
2026/04/18;10:16:16;100;-; 56.44; 0.5;-; 76.1; 76.6; 27.2; 25.0; 2.3;1843; 0.7; 0.7; 0.7;38; 23.2;F;1;29;On;On;Off; 32.4; 31.9;0;4;1080;4;1080;3;894;1;-
2026/04/18;10:17:16;100;-; 56.44; 0.7;-; 78.3; 77.5; 40.9; 0.0; 40.9;1843; 0.7; 0.6; 0.6;36; 23.2;F;1;29;On;On;Off; 32.5; 32.0;0;4;1080;4;1080;3;894;1;-
2026/04/18;10:18:16;100;-; 56.44; 0.9;-; 75.0; 76.1; 52.2; 52.2; 0.0;1843; 0.6; 0.6; 0.6;35; 23.3;F;1;29;On;On;Off; 32.5; 32.0;0;4;1080;4;1080;3;894;1;-
2026/04/18;10:19:16;100;-; 56.46; 1.1;-; 78.6; 77.6; 60.6; 0.0; 60.6;1843; 0.7; 0.6; 0.6;36; 23.2;F;1;29;On;On;Off; 32.5; 32.0;0;4;1080;4;1080;3;894;1;-
2026/04/18;10:20:16;100;-; 56.44; 0.8;-; 78.1; 77.3; 43.9; 0.0; 43.9;1843; 0.6; 0.6; 0.6;35; 23.2;F;1;29;On;On;Off; 32.5; 32.0;0;4;1080;4;1080;3;894;1;-
2026/04/18;10:21:16;100;-; 56.46; 0.8;-; 78.0; 77.1; 43.1; 0.0; 43.1;1843; 0.6; 0.6; 0.6;34; 23.2;F;1;29;On;On;Off; 32.5; 32.0;0;4;1080;4;1080;3;894;1;-
2026/04/18;10:22:16;100;-; 56.44; 0.5;-; 77.8; 77.4; 27.2; 25.0; 2.3;1843; 0.6; 0.6; 0.6;34; 23.2;F;1;29;On;On;Off; 32.5; 32.0;0;4;1080;4;1080;3;894;1;-
2026/04/18;10:23:16;100;-; 56.46; 0.7;-; 77.6; 76.9; 38.6; 18.9; 19.7;1843; 0.6; 0.6; 0.6;34; 23.2;F;1;29;On;On;Off; 32.5; 32.0;0;4;1080;4;1080;3;894;1;-
2026/04/18;10:24:16;100;-; 56.44; 0.8;-; 77.1; 77.4; 43.1; 43.1; 0.0;1843; 0.6; 0.6; 0.6;35; 23.2;F;1;29;On;On;Off; 32.5; 32.0;0;4;1080;4;1080;3;894;1;-
2026/04/18;10:25:16;100;-; 56.46; 1.0;-; 77.7; 76.6; 58.3; 0.0; 58.3;1843; 0.6; 0.6; 0.6;35; 23.2;F;1;29;On;On;Off; 32.5; 32.1;0;4;1080;4;1080;3;894;1;-
2026/04/18;10:26:16;100;-; 56.44; 0.6;-; 77.5; 76.7; 32.6; 0.0; 32.6;1843; 0.6; 0.6; 0.6;34; 23.2;F;1;29;On;On;Off; 32.5; 32.0;0;4;1080;4;1080;3;894;1;-
2026/04/18;10:27:16;100;-; 56.46; 0.8;-; 77.7; 76.5; 43.1; 0.0; 43.1;1843; 0.6; 0.6; 0.6;35; 23.2;F;1;29;On;On;Off; 32.5; 32.0;0;4;1080;4;1080;3;894;1;-
2026/04/18;10:28:16;100;-; 56.46; 1.0;-; 77.0; 77.4; 53.8; 53.8; 0.0;1843; 0.6; 0.6; 0.6;35; 23.2;F;1;29;On;On;Off; 32.5; 32.0;0;4;1080;4;1080;3;894;1;-
2026/04/18;10:29:15;100;-; 56.44; 1.0;-; 77.5; 76.4; 53.7; 0.0; 53.7;1843; 0.6; 0.6; 0.6;34; 23.2;F;1;29;On;On;Off; 32.5; 32.0;0;4;1080;4;1080;3;894;1;-
2026/04/18;10:30:15;100;-; 56.44; 0.8;-; 77.5; 76.4; 47.7; 0.0; 47.7;1843; 0.6; 0.6; 0.6;34; 23.2;F;1;29;On;On;Off; 32.5; 32.1;0;4;1080;4;1080;4;895;1;-
2026/04/18;10:31:15;100;-; 56.46; 0.9;-; 76.9; 76.0; 49.2; 0.0; 49.2;1843; 0.6; 0.6; 0.6;35; 23.2;F;1;29;On;On;Off; 32.6; 32.1;0;4;1080;4;1080;4;895;1;-
2026/04/18;10:32:15;100;-; 56.42; 0.8;-; 77.0; 77.3; 44.6; 44.6; 0.0;1843; 0.6; 0.6; 0.6;35; 23.2;F;1;29;On;On;Off; 32.5; 32.1;0;4;1080;4;1080;4;895;1;-
2026/04/18;10:33:15;100;-; 56.44; 0.7;-; 77.1; 76.7; 41.7; 41.7; 0.0;1843; 0.6; 0.6; 0.6;34; 23.2;F;1;29;On;On;Off; 32.5; 32.1;0;4;1080;4;1080;4;895;1;-
2026/04/18;10:34:15;100;-; 56.44; 0.7;-; 76.9; 77.0; 39.3; 39.3; 0.0;1843; 0.6; 0.6; 0.6;34; 23.2;F;1;29;On;On;Off; 32.5; 32.1;0;4;1080;4;1080;4;895;1;-
2026/04/18;10:35:15;100;-; 56.44; 0.7;-; 75.7; 74.5; 41.6; 3.0; 38.6;1843; 0.6; 0.6; 0.6;34; 23.2;F;1;29;On;On;Off; 32.5; 32.0;0;4;1080;4;1080;4;895;1;-
2026/04/18;10:36:15;100;-; 56.44; 0.6;-; 76.3; 76.3; 36.3; 36.3; 0.0;1843; 0.6; 0.6; 0.6;34; 23.2;F;1;29;On;On;Off; 32.6; 32.0;0;4;1080;4;1080;4;895;1;-
2026/04/18;10:37:15;100;-; 56.44; 0.5;-; 76.4; 76.6; 27.2; 18.9; 8.3;1843; 0.6; 0.6; 0.6;34; 23.2;F;1;29;On;On;Off; 32.5; 32.0;0;4;1080;4;1080;4;895;1;-
2026/04/18;10:38:15;100;-; 56.32; 1.1;-; 73.4; 73.3; 63.4; 36.3; 27.2;1843; 0.6; 0.6; 0.6;31; 23.2;F;1;29;On;On;Off; 32.5; 31.9;0;4;1080;4;1080;4;895;1;-
2026/04/18;10:39:15;100;-; 56.46; 0.6;-; 77.3; 77.2; 35.6; 0.0; 35.6;1843; 0.7; 0.6; 0.6;36; 23.2;F;1;29;On;On;Off; 32.5; 32.0;0;4;1080;4;1080;4;895;1;-
2026/04/18;10:40:15;100;-; 56.44; 0.3;-; 77.4; 77.2; 18.1; 17.4; 0.7;1843; 0.4; 0.4; 0.4;24; 23.2;F;1;29;On;On;Off; 32.3; 29.9;0;4;1080;4;1080;4;895;1;-
2026/04/18;10:41:15;100;-; 56.44; 0.3;-; 77.5; 77.2; 19.7; 18.9; 0.7;1843; 0.4; 0.4; 0.4;23; 23.2;F;1;29;On;On;Off; 32.1; 29.6;0;4;1080;4;1080;4;895;1;-
2026/04/18;10:42:15;100;-; 56.48; 0.4;-; 77.0; 77.0; 22.7; 21.9; 0.7;1843; 0.4; 0.4; 0.4;22; 23.2;F;1;29;On;On;Off; 31.9; 29.4;0;4;1080;4;1080;4;895;1;-
2026/04/18;10:43:15;100;-; 56.44; 0.5;-; 76.9; 76.9; 26.4; 25.7; 0.7;1843; 0.4; 0.4; 0.4;23; 23.2;F;1;29;On;On;Off; 31.8; 29.3;0;4;1080;4;1080;4;895;1;-
2026/04/18;10:44:14;100;-; 56.46; 0.4;-; 76.6; 76.6; 24.2; 23.5; 0.7;1843; 0.4; 0.4; 0.4;23; 23.2;F;1;29;On;On;Off; 31.6; 29.2;0;5;1081;5;1081;4;895;1;-
2026/04/18;10:45:14;100;-; 56.48; 0.5;-; 76.5; 76.5; 28.7; 27.3; 1.5;1843; 0.4; 0.4; 0.4;22; 23.2;F;1;29;On;On;Off; 31.5; 29.1;0;5;1081;5;1081;4;895;1;-
2026/04/18;10:46:14;100;-; 56.46; 0.4;-; 76.3; 76.5; 24.2; 23.5; 0.7;1843; 0.4; 0.4; 0.4;22; 23.2;F;1;29;On;On;Off; 31.5; 29.0;0;5;1081;5;1081;4;895;1;-
2026/04/18;10:47:14;100;-; 56.44; 0.2;-; 76.6; 76.4; 11.3; 10.6; 0.7;1843; 0.4; 0.4; 0.4;23; 23.2;F;1;29;On;On;Off; 31.4; 28.9;0;5;1081;5;1081;4;895;1;-
2026/04/18;10:48:14;100;-; 56.46; 0.4;-; 76.4; 76.1; 23.5; 22.7; 0.7;1843; 0.4; 0.4; 0.4;23; 23.2;F;1;29;On;On;Off; 31.3; 28.8;0;5;1081;5;1081;4;895;1;-
2026/04/18;10:49:14;100;-; 56.46; 0.6;-; 76.0; 76.2; 32.5; 31.0; 1.5;1843; 0.4; 0.4; 0.4;22; 23.2;F;1;29;On;On;Off; 31.2; 28.7;0;5;1081;5;1081;4;895;1;-
2026/04/18;10:50:14;100;-; 56.46; 0.1;-; 76.6; 76.1; 7.5; 6.8; 0.7;1843; 0.4; 0.4; 0.4;22; 23.2;F;1;29;On;On;Off; 31.1; 28.6;0;5;1081;5;1081;4;895;1;-
2026/04/18;10:51:14;100;-; 56.46; 0.3;-; 76.4; 76.2; 18.9; 18.1; 0.7;1843; 0.4; 0.4; 0.4;22; 23.2;F;1;29;On;On;Off; 31.0; 28.5;0;5;1081;5;1081;4;895;1;-
2026/04/18;10:52:14;100;-; 56.46; 0.3;-; 74.6; 74.0; 19.7; 18.9; 0.7;1843; 0.3; 0.4; 0.4;19; 23.2;F;1;29;On;On;Off; 30.9; 28.4;0;5;1081;5;1081;4;895;1;-
2026/04/18;10:53:14;100;-; 56.44; 0.5;-; 75.7; 75.2; 28.7; 20.4; 8.3;1843; 0.6; 0.6; 0.6;33; 23.2;F;1;29;On;On;Off; 31.1; 30.4;0;5;1081;5;1081;4;895;1;-
2026/04/18;10:54:14;100;-; 56.44; 0.4;-; 73.7; 74.2; 21.9; 15.1; 6.8;1843; 0.6; 0.6; 0.6;35; 23.2;F;1;29;On;On;Off; 31.3; 30.6;0;5;1081;5;1081;4;895;1;-
2026/04/18;10:55:14;100;-; 56.46; 0.6;-; 75.0; 75.0; 36.3; 21.9; 14.4;1843; 0.6; 0.6; 0.6;34; 23.2;F;1;29;On;On;Off; 31.4; 30.8;0;5;1081;5;1081;4;895;1;-
2026/04/18;10:56:14;100;-; 56.44; 0.5;-; 74.0; 73.7; 28.0; 3.0; 25.0;1843; 0.6; 0.6; 0.6;35; 23.2;F;1;29;On;On;Off; 31.5; 30.8;0;5;1081;5;1081;4;895;1;-
2026/04/18;10:57:14;100;-; 56.46; 0.7;-; 73.8; 74.6; 40.9; 37.9; 3.0;1843; 0.6; 0.6; 0.6;35; 23.2;F;1;29;On;On;Off; 31.5; 30.9;0;5;1081;5;1081;4;895;1;-
2026/04/18;10:58:14;100;-; 56.44; 0.4;-; 75.6; 75.9; 23.5; 12.1; 11.4;1843; 0.6; 0.6; 0.6;34; 23.2;F;1;29;On;On;Off; 31.6; 31.1;0;5;1081;5;1081;4;895;1;-
2026/04/18;10:59:13;100;-; 56.46; 0.5;-; 77.7; 77.3; 25.7; 6.0; 19.7;1843; 0.6; 0.6; 0.6;34; 23.2;F;1;29;On;On;Off; 31.6; 31.1;0;5;1081;5;1081;4;895;1;-
2026/04/18;11:00:13;100;-; 56.46; 0.7;-; 75.1; 74.1; 37.9; 0.0; 37.9;1843; 0.6; 0.6; 0.6;34; 23.1;F;1;29;On;On;Off; 31.6; 31.1;0;5;1081;5;1081;4;895;1;-
2026/04/18;11:01:13;100;-; 56.46; 0.7;-; 77.5; 78.0; 37.8; 29.5; 8.3;1843; 0.6; 0.6; 0.6;33; 23.2;F;1;29;On;On;Off; 31.7; 31.2;0;5;1081;5;1081;4;895;1;-
2026/04/18;11:02:13;100;-; 56.46; 0.8;-; 77.7; 77.0; 44.7; 0.0; 44.7;1843; 0.6; 0.6; 0.6;33; 23.1;F;1;29;On;On;Off; 31.8; 31.3;0;5;1081;5;1081;4;895;1;-
2026/04/18;11:03:13;100;-; 56.44; 0.7;-; 77.0; 77.3; 38.6; 38.6; 0.0;1843; 0.6; 0.6; 0.6;34; 23.2;F;1;29;On;On;Off; 31.8; 31.3;0;5;1081;5;1081;4;895;1;-
2026/04/18;11:04:13;100;-; 56.46; 0.6;-; 77.0; 77.0; 35.6; 0.7; 34.8;1843; 0.6; 0.6; 0.6;34; 23.1;F;1;29;On;On;Off; 31.8; 31.3;0;5;1081;5;1081;4;895;1;-
2026/04/18;11:05:13;100;-; 56.46; 0.9;-; 76.7; 77.2; 53.0; 53.0; 0.0;1843; 0.6; 0.6; 0.6;33; 23.1;F;1;29;On;On;Off; 31.9; 31.4;0;5;1081;5;1081;4;895;1;-
2026/04/18;11:06:13;100;-; 56.46; 0.7;-; 76.6; 76.9; 40.1; 12.8; 27.3;1843; 0.6; 0.6; 0.6;33; 23.1;F;1;29;On;On;Off; 31.9; 31.4;0;5;1081;5;1081;4;895;1;-
2026/04/18;11:07:13;100;-; 56.48; 0.9;-; 76.8; 76.1; 53.1; 0.0; 53.1;1843; 0.6; 0.6; 0.6;34; 23.1;F;1;29;On;On;Off; 32.0; 31.5;0;5;1081;5;1081;4;895;1;-
2026/04/18;11:08:13;100;-; 56.46; 0.5;-; 76.5; 76.1; 27.3; 6.0; 21.2;1843; 0.6; 0.6; 0.6;34; 23.1;F;1;29;On;On;Off; 32.0; 31.5;0;5;1081;5;1081;4;895;1;-
2026/04/18;11:09:13;100;-; 56.46; 0.5;-; 76.2; 76.4; 31.0; 31.0; 0.0;1843; 0.6; 0.6; 0.6;34; 23.1;F;1;29;On;On;Off; 32.0; 31.5;0;5;1081;5;1081;4;895;1;-
2026/04/18;11:10:13;100;-; 56.44; 0.4;-; 75.9; 76.3; 24.2; 24.2; 0.0;1843; 0.6; 0.6; 0.6;33; 23.1;F;1;29;On;On;Off; 32.0; 31.5;0;5;1081;5;1081;4;895;1;-
2026/04/18;11:11:13;100;-; 56.46; 1.1;-; 75.5; 76.2; 59.8; 59.8; 0.0;1843; 0.6; 0.6; 0.6;33; 23.1;F;1;29;On;On;Off; 32.0; 31.5;0;5;1081;5;1081;4;895;1;-
2026/04/18;11:12:13;100;-; 56.46; 0.4;-; 75.7; 75.9; 21.9; 16.6; 5.3;1843; 0.6; 0.6; 0.6;33; 23.1;F;1;29;On;On;Off; 32.0; 31.5;0;5;1081;5;1081;4;895;1;-
2026/04/18;11:13:13;100;-; 56.46; 0.7;-; 75.9; 75.3; 37.1; 7.6; 29.5;1843; 0.6; 0.6; 0.6;33; 23.1;F;1;29;On;On;Off; 32.1; 31.6;0;5;1081;5;1081;4;895;1;-
2026/04/18;11:14:12;100;-; 56.46; 0.9;-; 76.0; 75.2; 50.0; 0.0; 50.0;1844; 0.6; 0.6; 0.6;33; 23.1;F;1;29;On;On;Off; 32.1; 31.6;0;5;1081;5;1081;4;895;1;-
2026/04/18;11:15:12;100;-; 56.46; 0.4;-; 75.5; 75.9; 23.4; 21.9; 1.5;1844; 0.6; 0.6; 0.6;34; 23.1;F;1;29;On;On;Off; 32.1; 31.6;0;5;1081;5;1081;4;895;1;-
2026/04/18;11:16:12;100;-; 56.44; 0.6;-; 75.5; 75.7; 36.3; 36.3; 0.0;1844; 0.6; 0.6; 0.6;33; 23.1;F;1;29;On;On;Off; 32.1; 31.6;0;5;1081;5;1081;4;895;1;-
2026/04/18;11:17:12;100;-; 56.44; 0.5;-; 75.7; 74.9; 29.5; 6.8; 22.7;1844; 0.6; 0.6; 0.6;34; 23.1;F;1;29;On;On;Off; 32.1; 31.6;0;5;1081;5;1081;4;895;1;-
2026/04/18;11:18:12;100;-; 56.46; 0.8;-; 75.8; 75.1; 47.7; 0.0; 47.7;1844; 0.6; 0.6; 0.6;33; 23.1;F;1;29;On;On;Off; 32.1; 31.6;0;5;1081;5;1081;4;895;1;-
2026/04/18;11:19:12;100;-; 56.46; 0.8;-; 75.1; 75.6; 46.2; 46.2; 0.0;1844; 0.6; 0.6; 0.6;33; 23.1;F;1;29;On;On;Off; 32.1; 31.6;0;5;1081;5;1081;4;895;1;-
2026/04/18;11:20:12;100;-; 56.46; 0.9;-; 75.2; 75.4; 48.5; 48.5; 0.0;1844; 0.6; 0.6; 0.6;33; 23.1;F;1;29;On;On;Off; 32.2; 31.6;0;5;1081;5;1081;4;895;1;-
2026/04/18;11:21:12;100;-; 56.44; 0.8;-; 72.7; 71.1; 46.9; 0.0; 46.9;1844; 0.6; 0.6; 0.6;34; 23.1;F;1;29;On;On;Off; 32.2; 31.6;0;5;1081;5;1081;4;895;1;-
2026/04/18;11:22:12;100;-; 56.46; 0.7;-; 75.6; 76.2; 41.6; 37.1; 4.5;1844; 0.6; 0.6; 0.6;34; 23.1;F;1;29;On;On;Off; 32.2; 31.6;0;5;1081;5;1081;4;895;1;-
2026/04/18;11:23:12;100;-; 56.46; 0.7;-; 75.6; 75.0; 39.3; 0.0; 39.3;1844; 0.6; 0.6; 0.6;33; 23.1;F;1;29;On;On;Off; 32.2; 31.7;0;5;1081;5;1081;4;895;1;-
2026/04/18;11:24:12;100;-; 56.46; 0.6;-; 76.0; 75.5; 33.3; 12.1; 21.2;1844; 0.6; 0.6; 0.6;34; 23.1;F;1;29;On;On;Off; 32.2; 31.6;0;5;1081;5;1081;4;895;1;-
2026/04/18;11:25:12;100;-; 56.44; 0.5;-; 75.9; 75.4; 30.2; 2.3; 28.0;1844; 0.6; 0.6; 0.6;33; 23.1;F;1;29;On;On;Off; 32.2; 31.7;0;5;1081;5;1081;4;895;1;-
2026/04/18;11:26:12;100;-; 56.46; 0.7;-; 76.0; 75.1; 37.8; 8.3; 29.5;1844; 0.6; 0.6; 0.6;33; 23.1;F;1;29;On;On;Off; 32.2; 31.7;0;5;1081;5;1081;4;895;1;-
2026/04/18;11:27:12;100;-; 56.46; 1.0;-; 76.0; 74.9; 56.8; 0.0; 56.8;1844; 0.6; 0.6; 0.6;33; 23.1;F;1;29;On;On;Off; 32.2; 31.7;0;5;1081;5;1081;4;895;1;-
2026/04/18;11:28:12;100;-; 56.46; 0.8;-; 75.3; 75.5; 43.1; 43.1; 0.0;1844; 0.6; 0.6; 0.6;33; 23.1;F;1;29;On;On;Off; 32.3; 31.7;0;5;1081;5;1081;4;895;1;-
2026/04/18;11:29:11;100;-; 56.48; 0.7;-; 75.4; 74.7; 39.3; 28.0; 11.4;1844; 0.6; 0.6; 0.6;33; 23.1;F;1;29;On;On;Off; 32.2; 31.7;0;5;1081;5;1081;4;895;1;-
2026/04/18;11:30:11;100;-; 56.46; 0.5;-; 75.5; 75.5; 27.2; 12.8; 14.4;1844; 0.6; 0.6; 0.6;33; 23.1;F;1;29;On;On;Off; 32.3; 31.8;0;5;1081;5;1081;4;895;1;-
2026/04/18;11:31:11;100;-; 56.46; 0.8;-; 74.4; 72.8; 46.2; 0.0; 46.2;1844; 0.6; 0.6; 0.6;33; 23.1;F;1;29;On;On;Off; 32.3; 31.8;0;5;1081;5;1081;4;895;1;-
2026/04/18;11:32:11;100;-; 56.46; 0.8;-; 75.4; 75.5; 42.4; 34.8; 7.6;1844; 0.6; 0.6; 0.6;33; 23.1;F;1;29;On;On;Off; 32.3; 31.8;0;5;1081;5;1081;4;895;1;-
2026/04/18;11:33:11;100;-; 56.46; 0.5;-; 75.3; 75.6; 29.5; 25.0; 4.5;1844; 0.6; 0.6; 0.6;33; 23.1;F;1;29;On;On;Off; 32.3; 31.8;0;5;1081;5;1081;4;895;1;-
2026/04/18;11:34:11;100;-; 56.48; 1.2;-; 73.8; 71.9; 67.4; 0.0; 67.4;1844; 0.6; 0.6; 0.6;33; 23.1;F;1;29;On;On;Off; 32.3; 31.6;0;5;1081;5;1081;4;895;1;-
2026/04/18;11:35:11;100;-; 56.46; 0.8;-; 76.0; 76.4; 42.4; 32.6; 9.8;1844; 0.6; 0.6; 0.6;33; 23.1;F;1;29;On;On;Off; 32.3; 31.8;0;5;1081;5;1081;4;895;1;-
2026/04/18;11:36:11;100;-; 56.44; 0.5;-; 75.1; 75.6; 25.7; 20.4; 5.3;1844; 0.6; 0.6; 0.6;32; 23.1;F;1;29;On;On;Off; 32.3; 31.8;0;5;1081;5;1081;4;895;1;-
2026/04/18;11:37:11;100;-; 56.48; 0.6;-; 76.8; 75.8; 36.4; 11.4; 25.0;1844; 0.6; 0.6; 0.6;33; 23.1;F;1;29;On;On;Off; 32.3; 31.8;0;5;1081;5;1081;4;895;1;-
2026/04/18;11:38:11;100;-; 56.46; 0.6;-; 74.6; 74.3; 34.8; 28.8; 6.0;1844; 0.6; 0.6; 0.6;33; 23.1;F;1;29;On;On;Off; 32.3; 31.8;0;5;1081;5;1081;4;895;1;-
2026/04/18;11:39:11;100;-; 56.46; 1.0;-; 76.1; 76.3; 56.8; 56.8; 0.0;1844; 0.6; 0.6; 0.6;33; 23.1;F;1;29;On;On;Off; 32.3; 31.8;0;5;1081;5;1081;4;895;1;-
2026/04/18;11:40:11;100;-; 56.46; 0.7;-; 76.2; 76.4; 40.1; 40.1; 0.0;1844; 0.6; 0.6; 0.6;32; 23.1;F;1;29;On;On;Off; 32.3; 31.8;0;5;1081;5;1081;4;895;1;-
2026/04/18;11:41:11;100;-; 56.48; 0.8;-; 76.4; 75.7; 44.7; 0.0; 44.7;1844; 0.6; 0.6; 0.6;32; 23.1;F;1;29;On;On;Off; 32.3; 31.9;0;5;1081;5;1081;4;895;1;-
2026/04/18;11:42:11;100;-; 56.46; 0.7;-; 76.0; 75.9; 40.1; 36.4; 3.8;1844; 0.6; 0.6; 0.6;32; 23.1;F;1;29;On;On;Off; 32.4; 31.9;0;5;1081;5;1081;4;895;1;-
2026/04/18;11:43:11;100;-; 56.46; 0.7;-; 75.6; 76.0; 37.0; 31.8; 5.3;1844; 0.6; 0.6; 0.6;33; 23.1;F;1;29;On;On;Off; 32.4; 31.8;0;5;1081;5;1081;4;895;1;-
2026/04/18;11:44:10;100;-; 56.46; 0.7;-; 76.3; 75.5; 39.3; 10.6; 28.8;1844; 0.6; 0.6; 0.6;32; 23.1;F;1;29;On;On;Off; 32.3; 31.9;0;5;1081;5;1081;4;895;1;-
2026/04/18;11:45:10;100;-; 56.48; 0.8;-; 76.1; 75.3; 43.1; 8.3; 34.8;1844; 0.6; 0.6; 0.6;32; 23.1;F;1;29;On;On;Off; 32.4; 31.9;0;5;1081;5;1081;4;895;1;-
2026/04/18;11:46:10;100;-; 56.46; 0.6;-; 75.6; 75.9; 34.0; 6.0; 28.0;1844; 0.6; 0.6; 0.6;33; 23.1;F;1;29;On;On;Off; 32.4; 31.9;0;5;1081;5;1081;4;895;1;-
2026/04/18;11:47:10;100;-; 56.46; 0.8;-; 76.4; 75.3; 45.5; 0.0; 45.5;1844; 0.6; 0.6; 0.6;33; 23.1;F;1;29;On;On;Off; 32.4; 31.9;0;5;1081;5;1081;4;895;1;-
2026/04/18;11:48:10;100;-; 56.46; 0.9;-; 76.3; 75.3; 49.3; 0.0; 49.3;1844; 0.6; 0.6; 0.6;32; 23.1;F;1;29;On;On;Off; 32.4; 31.9;0;5;1081;5;1081;4;895;1;-
2026/04/18;11:49:10;100;-; 56.46; 0.7;-; 75.7; 76.0; 40.1; 40.1; 0.0;1844; 0.6; 0.6; 0.6;32; 23.2;F;1;29;On;On;Off; 32.4; 31.9;0;5;1081;5;1081;4;895;1;-
2026/04/18;11:50:10;100;-; 56.46; 0.6;-; 76.2; 75.9; 33.3; 0.0; 33.3;1844; 0.6; 0.6; 0.6;32; 23.1;F;1;29;On;On;Off; 32.4; 31.9;0;5;1081;5;1081;4;895;1;-
2026/04/18;11:51:10;100;-; 56.46; 0.6;-; 76.1; 75.4; 34.1; 3.8; 30.3;1844; 0.6; 0.6; 0.6;33; 23.2;F;1;29;On;On;Off; 32.4; 31.9;0;5;1081;5;1081;4;895;1;-
2026/04/18;11:52:10;100;-; 56.46; 0.8;-; 76.1; 75.3; 46.9; 0.0; 46.9;1844; 0.6; 0.6; 0.6;32; 23.2;F;1;29;On;On;Off; 32.4; 31.9;0;5;1081;5;1081;4;895;1;-
2026/04/18;11:53:10;100;-; 56.46; 0.6;-; 76.2; 75.3; 35.6; 0.0; 35.6;1844; 0.6; 0.6; 0.6;32; 23.2;F;1;29;On;On;Off; 32.4; 31.9;0;5;1081;5;1081;4;895;1;-
2026/04/18;11:54:10;100;-; 56.44; 0.3;-; 76.1; 75.5; 19.7; 7.6; 12.1;1844; 0.6; 0.6; 0.6;33; 23.2;F;1;29;On;On;Off; 32.4; 31.9;0;5;1081;5;1081;4;895;1;-
2026/04/18;11:55:10;100;-; 56.46; 0.5;-; 75.9; 75.7; 29.5; 1.5; 28.0;1844; 0.6; 0.6; 0.6;33; 23.2;F;1;29;On;On;Off; 32.4; 31.9;0;5;1081;5;1081;4;895;1;-
2026/04/18;11:56:10;100;-; 56.46; 0.6;-; 76.0; 75.6; 34.0; 27.3; 6.8;1844; 0.6; 0.6; 0.6;32; 23.2;F;1;29;On;On;Off; 32.4; 31.9;0;5;1081;5;1081;4;895;1;-
2026/04/18;11:57:10;100;-; 56.44; 0.9;-; 73.0; 71.8; 53.0; 0.0; 53.0;1844; 0.6; 0.6; 0.6;33; 23.2;F;1;29;On;On;Off; 32.4; 31.8;0;5;1081;5;1081;4;895;1;-
2026/04/18;11:58:10;100;-; 56.46; 0.3;-; 73.8; 74.4; 18.9; 18.1; 0.7;1844; 0.6; 0.6; 0.6;32; 23.2;F;1;29;On;On;Off; 32.4; 31.9;0;5;1081;5;1081;4;895;1;-
2026/04/18;11:59:09;100;-; 56.44; 0.5;-; 76.1; 76.5; 31.0; 13.6; 17.4;1844; 0.6; 0.6; 0.6;32; 23.2;F;1;29;On;On;Off; 32.4; 31.9;0;5;1081;5;1081;4;895;1;-
2026/04/18;12:00:09;100;-; 56.46; 0.8;-; 76.2; 76.3; 46.9; 46.9; 0.0;1844; 0.6; 0.6; 0.6;32; 23.2;F;1;29;On;On;Off; 32.4; 31.9;0;5;1081;5;1081;4;895;1;-
2026/04/18;12:01:09;100;-; 56.46; 1.1;-; 74.1; 72.3; 61.3; 0.0; 61.3;1844; 0.6; 0.6; 0.6;32; 23.2;F;1;29;On;On;Off; 32.4; 31.9;0;5;1081;5;1081;4;895;1;-
2026/04/18;12:02:09;100;-; 56.44; 0.7;-; 74.0; 74.3; 38.6; 38.6; 0.0;1844; 0.6; 0.6; 0.6;33; 23.2;F;1;29;On;On;Off; 32.4; 31.9;0;5;1081;5;1081;4;895;1;-
2026/04/18;12:03:09;100;-; 56.46; 0.9;-; 74.4; 73.2; 50.0; 0.0; 50.0;1844; 0.6; 0.6; 0.6;33; 23.2;F;1;29;On;On;Off; 32.4; 31.9;0;5;1081;5;1081;4;895;1;-
2026/04/18;12:04:09;100;-; 56.46; 0.5;-; 75.6; 74.7; 28.0; 0.0; 28.0;1844; 0.6; 0.6; 0.6;33; 23.2;F;1;29;On;On;Off; 32.4; 31.9;0;5;1081;5;1081;4;895;1;-
2026/04/18;12:05:09;100;-; 56.48; 0.5;-; 77.3; 77.2; 31.0; 20.4; 10.6;1844; 0.6; 0.6; 0.6;32; 23.2;F;1;29;On;On;Off; 32.4; 31.9;0;5;1081;5;1081;4;895;1;-
2026/04/18;12:06:09;100;-; 56.46; 0.7;-; 77.5; 77.7; 37.9; 37.9; 0.0;1844; 0.6; 0.6; 0.6;31; 23.2;F;1;29;On;On;Off; 32.5; 32.0;0;5;1081;5;1081;4;895;1;-
2026/04/18;12:07:09;100;-; 56.46; 0.7;-; 76.5; 75.8; 40.1; 4.5; 35.6;1844; 0.6; 0.6; 0.6;32; 23.2;F;1;29;On;On;Off; 32.4; 32.0;0;5;1081;5;1081;4;895;1;-
2026/04/18;12:08:09;100;-; 56.44; 0.5;-; 73.8; 74.1; 27.2; 17.4; 9.8;1844; 0.6; 0.6; 0.6;33; 23.2;F;1;29;On;On;Off; 32.4; 31.9;0;5;1081;5;1081;4;895;1;-
2026/04/18;12:09:09;100;-; 56.46; 0.6;-; 74.0; 74.0; 34.8; 14.4; 20.4;1844; 0.6; 0.6; 0.6;33; 23.2;F;1;29;On;On;Off; 32.4; 31.9;0;5;1081;5;1081;4;895;1;-
2026/04/18;12:10:09;100;-; 56.46; 0.9;-; 74.7; 74.0; 48.5; 0.0; 48.5;1844; 0.6; 0.6; 0.6;33; 23.2;F;1;29;On;On;Off; 32.4; 31.9;0;5;1081;5;1081;4;895;1;-
2026/04/18;12:11:09;100;-; 56.46; 0.2;-; 78.4; 78.3; 13.6; 0.0; 13.6;1844; 0.6; 0.6; 0.6;33; 23.2;F;1;29;On;On;Off; 32.4; 31.9;0;5;1081;5;1081;4;895;1;-
2026/04/18;12:12:09;100;-; 56.46; 0.5;-; 78.0; 77.7; 30.2; 6.0; 24.2;1844; 0.6; 0.6; 0.6;32; 23.2;F;1;29;On;On;Off; 32.5; 32.0;0;5;1081;5;1081;5;896;1;-
2026/04/18;12:13:09;100;-; 56.46; 0.6;-; 76.6; 76.2; 33.2; 31.8; 1.5;1844; 0.6; 0.6; 0.6;32; 23.2;F;1;29;On;On;Off; 32.5; 32.0;0;5;1081;5;1081;5;896;1;-
2026/04/18;12:14:08;100;-; 56.46; 0.8;-; 73.9; 73.2; 42.4; 0.0; 42.4;1845; 0.6; 0.6; 0.6;34; 23.2;F;1;29;On;On;Off; 32.5; 31.9;0;5;1081;5;1081;5;896;1;-
2026/04/18;12:15:08;100;-; 56.46; 0.7;-; 78.4; 77.4; 40.1; 0.0; 40.1;1845; 0.6; 0.6; 0.6;33; 23.2;F;1;29;On;On;Off; 32.4; 31.9;0;5;1081;5;1081;5;896;1;-
2026/04/18;12:16:08;100;-; 56.46; 1.1;-; 74.1; 75.0; 62.1; 62.1; 0.0;1845; 0.6; 0.6; 0.6;32; 23.1;F;1;29;On;On;Off; 32.5; 32.0;0;5;1081;5;1081;5;896;1;-
2026/04/18;12:17:08;100;-; 56.46; 0.6;-; 78.0; 77.1; 33.3; 18.1; 15.2;1845; 0.6; 0.6; 0.6;32; 23.1;F;1;29;On;On;Off; 32.5; 32.0;0;5;1081;5;1081;5;896;1;-
2026/04/18;12:18:08;100;-; 56.46; 0.4;-; 77.0; 77.1; 24.2; 20.4; 3.8;1845; 0.6; 0.6; 0.6;33; 23.1;F;1;29;On;On;Off; 32.5; 32.0;0;5;1081;5;1081;5;896;1;-
2026/04/18;12:19:08;100;-; 56.46; 0.5;-; 77.3; 77.0; 31.0; 6.0; 25.0;1845; 0.6; 0.6; 0.6;32; 23.1;F;1;29;On;On;Off; 32.5; 32.0;0;5;1081;5;1081;5;896;1;-
2026/04/18;12:20:08;100;-; 56.44; 0.6;-; 76.8; 77.1; 36.3; 36.3; 0.0;1845; 0.6; 0.6; 0.6;32; 23.1;F;1;29;On;On;Off; 32.5; 32.0;0;5;1081;5;1081;5;896;1;-
2026/04/18;12:21:08;100;-; 56.46; 0.7;-; 76.3; 76.9; 37.1; 19.7; 17.4;1845; 0.6; 0.6; 0.6;32; 23.1;F;1;29;On;On;Off; 32.5; 32.0;0;5;1081;5;1081;5;896;1;-
2026/04/18;12:22:08;100;-; 56.44; 0.6;-; 76.2; 76.4; 34.0; 21.9; 12.1;1845; 0.6; 0.6; 0.6;33; 23.1;F;1;29;On;On;Off; 32.5; 32.0;0;5;1081;5;1081;5;896;1;-
2026/04/18;12:23:08;100;-; 56.48; 0.8;-; 75.2; 73.8; 46.9; 0.0; 46.9;1845; 0.6; 0.6; 0.6;32; 23.1;F;1;29;On;On;Off; 32.5; 32.0;0;5;1081;5;1081;5;896;1;-
2026/04/18;12:24:08;100;-; 56.46; 0.6;-; 76.6; 76.8; 34.1; 34.1; 0.0;1845; 0.6; 0.6; 0.6;32; 23.1;F;1;29;On;On;Off; 32.5; 32.0;0;5;1081;5;1081;5;896;1;-
2026/04/18;12:25:08;100;-; 56.46; 0.9;-; 76.8; 75.6; 50.7; 0.0; 50.7;1845; 0.6; 0.6; 0.6;32; 23.1;F;1;29;On;On;Off; 32.5; 32.0;0;6;1082;6;1082;5;896;1;-
2026/04/18;12:26:08;100;-; 56.46; 0.6;-; 76.3; 76.0; 31.8; 25.7; 6.0;1845; 0.6; 0.6; 0.6;32; 23.1;F;1;29;On;On;Off; 32.5; 32.0;0;6;1082;6;1082;5;896;1;-
2026/04/18;12:27:08;100;-; 56.48; 0.8;-; 75.7; 76.0; 47.7; 47.7; 0.0;1845; 0.6; 0.6; 0.6;33; 23.1;F;1;29;On;On;Off; 32.5; 32.0;0;6;1082;6;1082;5;896;1;-
2026/04/18;12:28:08;100;-; 56.46; 0.5;-; 76.0; 75.6; 31.0; 25.7; 5.3;1845; 0.6; 0.6; 0.6;33; 23.1;F;1;29;On;On;Off; 32.5; 32.0;0;6;1082;6;1082;5;896;1;-
2026/04/18;12:29:07;100;-; 56.46; 0.7;-; 76.1; 75.7; 37.9; 37.9; 0.0;1845; 0.6; 0.6; 0.6;32; 23.1;F;1;29;On;On;Off; 32.5; 32.0;0;6;1082;6;1082;5;896;1;-
2026/04/18;12:30:07;100;-; 56.44; 0.6;-; 76.0; 76.0; 34.1; 34.1; 0.0;1845; 0.6; 0.6; 0.6;33; 23.1;F;1;29;On;On;Off; 32.5; 32.0;0;6;1082;6;1082;5;896;1;-
2026/04/18;12:31:07;100;-; 56.46; 0.7;-; 75.8; 76.2; 38.6; 38.6; 0.0;1845; 0.6; 0.6; 0.6;33; 23.1;F;1;29;On;On;Off; 32.5; 32.0;0;6;1082;6;1082;5;896;1;-
2026/04/18;12:32:07;100;-; 56.46; 0.7;-; 75.6; 76.0; 39.3; 29.5; 9.8;1845; 0.6; 0.6; 0.6;33; 23.1;F;1;29;On;On;Off; 32.5; 32.0;0;6;1082;6;1082;5;896;1;-
2026/04/18;12:33:07;100;-; 56.46; 0.5;-; 75.7; 76.0; 28.0; 28.0; 0.0;1845; 0.6; 0.6; 0.6;32; 23.1;F;1;29;On;On;Off; 32.5; 32.0;0;6;1082;6;1082;5;896;1;-
2026/04/18;12:34:07;100;-; 56.46; 0.6;-; 75.8; 75.8; 33.3; 31.0; 2.3;1845; 0.6; 0.6; 0.6;32; 23.1;F;1;29;On;On;Off; 32.5; 32.0;0;6;1082;6;1082;5;896;1;-
2026/04/18;12:35:07;100;-; 56.46; 1.0;-; 75.6; 75.8; 55.3; 55.3; 0.0;1845; 0.6; 0.6; 0.6;32; 23.1;F;1;29;On;On;Off; 32.5; 32.0;0;6;1082;6;1082;5;896;1;-
2026/04/18;12:36:07;100;-; 56.46; 0.8;-; 75.4; 75.7; 43.9; 43.9; 0.0;1845; 0.6; 0.6; 0.6;32; 23.1;F;1;29;On;On;Off; 32.5; 32.0;0;6;1082;6;1082;5;896;1;-
2026/04/18;12:37:07;100;-; 56.48; 0.7;-; 75.7; 75.1; 37.1; 3.8; 33.3;1845; 0.6; 0.6; 0.6;32; 23.1;F;1;29;On;On;Off; 32.5; 32.0;0;6;1082;6;1082;5;896;1;-
2026/04/18;12:38:07;100;-; 56.46; 0.5;-; 75.8; 75.0; 27.2; 8.3; 18.9;1845; 0.6; 0.6; 0.6;33; 23.1;F;1;29;On;On;Off; 32.5; 32.0;0;6;1082;6;1082;5;896;1;-
2026/04/18;12:39:07;100;-; 56.46; 1.1;-; 75.7; 74.4; 61.3; 0.0; 61.3;1845; 0.6; 0.6; 0.6;33; 23.1;F;1;29;On;On;Off; 32.5; 32.0;0;6;1082;6;1082;5;896;1;-
2026/04/18;12:40:07;100;-; 56.46; 0.7;-; 75.0; 75.1; 37.0; 35.6; 1.5;1845; 0.6; 0.6; 0.6;33; 23.1;F;1;29;On;On;Off; 32.5; 32.0;0;6;1082;6;1082;5;896;1;-
2026/04/18;12:41:07;100;-; 56.46; 0.7;-; 75.4; 74.9; 37.1; 0.0; 37.1;1845; 0.6; 0.6; 0.6;33; 23.1;F;1;29;On;On;Off; 32.5; 32.0;0;6;1082;6;1082;5;896;1;-
2026/04/18;12:42:07;100;-; 56.46; 0.8;-; 74.7; 74.6; 43.1; 31.8; 11.4;1845; 0.6; 0.6; 0.6;33; 23.1;F;1;29;On;On;Off; 32.5; 32.0;0;6;1082;6;1082;5;896;1;-
2026/04/18;12:43:07;100;-; 56.46; 1.1;-; 75.1; 75.3; 61.3; 61.3; 0.0;1845; 0.6; 0.6; 0.6;32; 23.1;F;1;29;On;On;Off; 32.5; 32.0;0;6;1082;6;1082;5;896;1;-
2026/04/18;12:44:06;100;-; 56.46; 0.5;-; 75.5; 75.5; 27.3; 27.3; 0.0;1845; 0.6; 0.6; 0.6;33; 23.1;F;1;29;On;On;Off; 32.5; 31.9;0;6;1082;6;1082;5;896;1;-
2026/04/18;12:45:06;100;-; 56.46; 1.0;-; 74.7; 73.8; 53.8; 0.0; 53.8;1845; 0.6; 0.6; 0.6;33; 23.1;F;1;29;On;On;Off; 32.5; 32.0;0;6;1082;6;1082;5;896;1;-
2026/04/18;12:46:06;100;-; 56.46; 1.2;-; 73.6; 71.5; 65.1; 0.0; 65.1;1845; 0.6; 0.6; 0.6;33; 23.1;F;1;29;On;On;Off; 32.5; 31.9;0;6;1082;6;1082;5;896;1;-
2026/04/18;12:47:06;100;-; 56.46; 0.5;-; 76.9; 76.5; 28.0; 5.3; 22.7;1845; 0.6; 0.6; 0.6;33; 23.1;F;1;29;On;On;Off; 32.5; 32.0;0;6;1082;6;1082;5;896;1;-
2026/04/18;12:48:06;100;-; 56.46; 0.8;-; 76.4; 76.7; 43.1; 26.5; 16.6;1845; 0.6; 0.6; 0.6;32; 23.0;F;1;29;On;On;Off; 32.5; 32.0;0;6;1082;6;1082;5;896;1;-
2026/04/18;12:49:06;100;-; 56.48; 0.8;-; 76.8; 75.9; 44.7; 0.0; 44.7;1845; 0.6; 0.6; 0.6;32; 23.1;F;1;29;On;On;Off; 32.5; 32.0;0;6;1082;6;1082;5;896;1;-
2026/04/18;12:50:06;100;-; 56.46; 0.7;-; 76.5; 75.5; 40.9; 0.0; 40.9;1845; 0.6; 0.6; 0.6;32; 23.1;F;1;29;On;On;Off; 32.5; 32.0;0;6;1082;6;1082;5;896;1;-
2026/04/18;12:51:06;100;-; 56.46; 0.8;-; 76.2; 76.6; 45.5; 45.5; 0.0;1845; 0.6; 0.6; 0.6;30; 23.1;F;1;29;On;On;Off; 32.5; 32.0;0;6;1082;6;1082;5;896;1;-
2026/04/18;12:52:06;100;-; 56.46; 0.9;-; 76.3; 76.5; 49.2; 49.2; 0.0;1845; 0.6; 0.6; 0.6;31; 23.1;F;1;29;On;On;Off; 32.5; 32.0;0;6;1082;6;1082;5;896;1;-
2026/04/18;12:53:06;100;-; 56.48; 1.0;-; 76.5; 75.6; 56.8; 0.0; 56.8;1845; 0.6; 0.6; 0.6;32; 23.1;F;1;29;On;On;Off; 32.5; 32.0;0;6;1082;6;1082;5;896;1;-
2026/04/18;12:54:06;100;-; 56.48; 1.2;-; 75.5; 76.0; 65.2; 65.2; 0.0;1845; 0.6; 0.6; 0.6;32; 23.1;F;1;29;On;On;Off; 32.5; 32.0;0;6;1082;6;1082;5;896;1;-
2026/04/18;12:55:06;100;-; 56.46; 0.8;-; 76.0; 74.8; 43.9; 0.7; 43.1;1845; 0.6; 0.6; 0.6;32; 23.1;F;1;29;On;On;Off; 32.5; 32.0;0;6;1082;6;1082;5;896;1;-
2026/04/18;12:56:06;100;-; 56.48; 0.7;-; 76.0; 74.9; 41.6; 4.5; 37.1;1845; 0.6; 0.6; 0.6;32; 23.1;F;1;29;On;On;Off; 32.5; 32.0;0;6;1082;6;1082;5;896;1;-
2026/04/18;12:57:06;100;-; 56.46; 0.7;-; 75.4; 75.3; 37.9; 11.4; 26.5;1845; 0.6; 0.6; 0.6;32; 23.1;F;1;29;On;On;Off; 32.5; 32.0;0;6;1082;6;1082;5;896;1;-
2026/04/18;12:58:06;100;-; 56.46; 0.8;-; 75.1; 75.0; 42.4; 42.4; 0.0;1845; 0.6; 0.6; 0.6;32; 23.1;F;1;29;On;On;Off; 32.5; 32.0;0;6;1082;6;1082;5;896;1;-
2026/04/18;12:59:05;100;-; 56.44; 0.5;-; 75.2; 75.0; 30.2; 17.4; 12.8;1845; 0.6; 0.6; 0.6;31; 23.1;F;1;29;On;On;Off; 32.5; 32.0;0;6;1082;6;1082;5;896;1;-
2026/04/18;13:00:05;100;-; 56.46; 0.6;-; 75.4; 74.9; 31.8; 0.0; 31.8;1845; 0.6; 0.6; 0.6;31; 23.1;F;1;29;On;On;Off; 32.5; 32.0;0;6;1082;6;1082;5;896;1;-
2026/04/18;13:01:05;100;-; 56.48; 0.8;-; 74.7; 75.2; 42.4; 42.4; 0.0;1845; 0.6; 0.6; 0.6;31; 23.1;F;1;29;On;On;Off; 32.5; 32.0;0;6;1082;6;1082;5;896;1;-
2026/04/18;13:02:05;100;-; 56.46; 1.0;-; 74.8; 74.9; 54.5; 54.5; 0.0;1845; 0.6; 0.6; 0.6;31; 23.1;F;1;29;On;On;Off; 32.5; 32.0;0;6;1082;6;1082;5;896;1;-
2026/04/18;13:03:05;100;-; 56.46; 0.7;-; 74.8; 74.7; 38.6; 34.1; 4.5;1845; 0.6; 0.6; 0.6;31; 23.1;F;1;29;On;On;Off; 32.5; 32.0;0;6;1082;6;1082;5;896;1;-
2026/04/18;13:04:05;100;-; 56.46; 0.6;-; 74.8; 74.6; 33.3; 11.4; 21.9;1845; 0.6; 0.6; 0.6;31; 23.1;F;1;29;On;On;Off; 32.5; 32.0;0;6;1082;6;1082;5;896;1;-
2026/04/18;13:05:05;100;-; 56.46; 0.6;-; 74.6; 74.8; 31.8; 30.3; 1.5;1845; 0.6; 0.6; 0.6;30; 23.1;F;1;29;On;On;Off; 32.5; 32.0;0;6;1082;6;1082;5;896;1;-
2026/04/18;13:06:05;100;-; 56.46; 0.8;-; 74.3; 74.7; 43.9; 27.3; 16.6;1845; 0.6; 0.6; 0.6;30; 23.1;F;1;29;On;On;Off; 32.5; 32.0;0;6;1082;6;1082;5;896;1;-
2026/04/18;13:07:05;100;-; 56.44; 0.9;-; 73.5; 72.5; 52.2; 0.0; 52.2;1845; 0.6; 0.6; 0.6;30; 23.1;F;1;29;On;On;Off; 32.5; 31.9;0;6;1082;6;1082;5;896;1;-
2026/04/18;13:08:05;100;-; 56.46; 0.5;-; 74.6; 74.7; 25.7; 25.7; 0.0;1845; 0.6; 0.6; 0.6;32; 23.1;F;1;29;On;On;Off; 32.5; 32.0;0;6;1082;6;1082;5;896;1;-
2026/04/18;13:09:05;100;-; 56.46; 1.1;-; 72.7; 70.9; 62.1; 0.0; 62.1;1845; 0.6; 0.6; 0.6;32; 23.1;F;1;29;On;On;Off; 32.5; 32.0;0;6;1082;6;1082;5;896;1;-
2026/04/18;13:10:05;100;-; 56.46; 0.8;-; 74.0; 74.7; 46.9; 46.9; 0.0;1845; 0.6; 0.6; 0.6;31; 23.1;F;1;29;On;On;Off; 32.5; 32.0;0;6;1082;6;1082;5;896;1;-
2026/04/18;13:11:05;100;-; 56.48; 1.0;-; 74.2; 73.0; 54.5; 0.0; 54.5;1845; 0.6; 0.6; 0.6;31; 23.1;F;1;29;On;On;Off; 32.5; 31.9;0;6;1082;6;1082;5;896;1;-
2026/04/18;13:12:05;100;-; 56.44; 0.7;-; 73.8; 74.1; 40.9; 32.6; 8.3;1845; 0.6; 0.6; 0.6;31; 23.1;F;1;29;On;On;Off; 32.5; 31.9;0;6;1082;6;1082;5;896;1;-
2026/04/18;13:13:05;100;-; 56.48; 1.3;-; 73.3; 71.3; 72.7; 0.0; 72.7;1845; 0.6; 0.6; 0.6;32; 23.1;F;1;29;On;On;Off; 32.5; 31.9;0;6;1082;6;1082;5;896;1;-
2026/04/18;13:14:04;100;-; 56.46; 1.0;-; 76.2; 75.7; 54.5; 0.0; 54.5;1846; 0.6; 0.6; 0.6;31; 23.1;F;1;29;On;On;Off; 32.5; 31.9;0;6;1082;6;1082;5;896;1;-
2026/04/18;13:15:04;100;-; 56.48; 1.1;-; 75.4; 74.3; 62.1; 0.0; 62.1;1846; 0.6; 0.6; 0.6;30; 23.1;F;1;29;On;On;Off; 32.5; 32.0;0;6;1082;6;1082;5;896;1;-
2026/04/18;13:16:04;100;-; 56.44; 0.4;-; 76.9; 76.4; 22.7; 7.6; 15.1;1846; 0.6; 0.6; 0.6;31; 23.1;F;1;29;On;On;Off; 32.5; 32.0;0;6;1082;6;1082;5;896;1;-
2026/04/18;13:17:04;100;-; 56.46; 0.9;-; 75.8; 76.4; 50.0; 50.0; 0.0;1846; 0.5; 0.6; 0.6;30; 23.1;F;1;29;On;On;Off; 32.5; 32.0;0;6;1082;6;1082;5;896;1;-
2026/04/18;13:18:04;100;-; 56.46; 0.9;-; 76.4; 75.5; 50.0; 0.0; 50.0;1846; 0.6; 0.6; 0.6;31; 23.1;F;1;29;On;On;Off; 32.5; 32.0;0;6;1082;6;1082;5;896;1;-
2026/04/18;13:19:04;100;-; 56.48; 0.8;-; 75.5; 76.3; 47.7; 47.7; 0.0;1846; 0.6; 0.6; 0.6;31; 23.1;F;1;29;On;On;Off; 32.5; 32.0;0;6;1082;6;1082;5;896;1;-
2026/04/18;13:20:04;100;-; 56.48; 1.1;-; 76.2; 75.5; 62.9; 0.0; 62.9;1846; 0.6; 0.6; 0.6;30; 23.1;F;1;29;On;On;Off; 32.5; 32.0;0;6;1082;6;1082;5;896;1;-
2026/04/18;13:21:04;100;-; 56.46; 0.7;-; 75.5; 76.0; 40.9; 40.2; 0.7;1846; 0.6; 0.6; 0.6;30; 23.1;F;1;29;On;On;Off; 32.5; 32.0;0;6;1082;6;1082;5;896;1;-
2026/04/18;13:22:04;100;-; 56.46; 0.6;-; 75.6; 76.0; 34.0; 29.5; 4.5;1846; 0.6; 0.6; 0.6;30; 23.1;F;1;29;On;On;Off; 32.5; 32.0;0;6;1082;6;1082;5;896;1;-
2026/04/18;13:23:04;100;-; 56.46; 0.5;-; 76.1; 75.5; 28.7; 6.8; 21.9;1846; 0.6; 0.6; 0.6;31; 23.1;F;1;29;On;On;Off; 32.5; 32.0;0;6;1082;6;1082;5;896;1;-
2026/04/18;13:24:04;100;-; 56.46; 0.3;-; 75.8; 75.9; 18.1; 12.8; 5.3;1846; 0.6; 0.6; 0.6;31; 23.1;F;1;29;On;On;Off; 32.5; 32.0;0;6;1082;6;1082;5;896;1;-
2026/04/18;13:25:04;100;-; 56.46; 0.8;-; 74.3; 74.7; 43.9; 43.9; 0.0;1846; 0.6; 0.6; 0.6;31; 23.1;F;1;29;On;On;Off; 32.5; 32.0;0;6;1082;6;1082;5;896;1;-
2026/04/18;13:26:04;100;-; 56.46; 0.5;-; 75.7; 75.9; 25.7; 25.0; 0.7;1846; 0.6; 0.6; 0.6;31; 23.1;F;1;29;On;On;Off; 32.5; 32.0;0;6;1082;6;1082;5;896;1;-
2026/04/18;13:27:04;100;-; 56.46; 0.6;-; 75.8; 74.8; 34.1; 7.6; 26.5;1846; 0.6; 0.6; 0.6;31; 23.1;F;1;29;On;On;Off; 32.5; 32.0;0;6;1082;6;1082;5;896;1;-
2026/04/18;13:28:04;100;-; 56.48; 0.6;-; 75.4; 75.2; 32.5; 5.3; 27.3;1846; 0.6; 0.6; 0.6;31; 23.1;F;1;29;On;On;Off; 32.5; 32.0;0;6;1082;6;1082;5;896;1;-
2026/04/18;13:29:03;100;-; 56.46; 1.0;-; 75.3; 74.5; 53.8; 0.0; 53.8;1846; 0.6; 0.6; 0.6;31; 23.1;F;1;29;On;On;Off; 32.5; 32.0;0;6;1082;6;1082;5;896;1;-
2026/04/18;13:30:03;100;-; 56.46; 0.8;-; 76.1; 75.1; 46.9; 0.0; 46.9;1846; 0.6; 0.6; 0.6;31; 23.0;F;1;29;On;On;Off; 32.5; 31.9;0;6;1082;6;1082;5;896;1;-
2026/04/18;13:31:03;100;-; 56.46; 0.6;-; 76.1; 75.4; 33.3; 0.0; 33.3;1846; 0.6; 0.6; 0.6;31; 23.0;F;1;29;On;On;Off; 32.5; 32.0;0;6;1082;6;1082;5;896;1;-
2026/04/18;13:32:03;100;-; 56.46; 0.7;-; 75.8; 75.1; 37.1; 0.0; 37.1;1846; 0.6; 0.6; 0.6;31; 23.1;F;1;29;On;On;Off; 32.5; 32.0;0;6;1082;6;1082;5;896;1;-
2026/04/18;13:33:03;100;-; 56.46; 0.6;-; 75.7; 75.3; 36.3; 20.4; 15.9;1846; 0.6; 0.6; 0.6;31; 23.0;F;1;29;On;On;Off; 32.5; 32.0;0;6;1082;6;1082;5;896;1;-
2026/04/18;13:34:03;100;-; 56.44; 0.9;-; 75.0; 75.5; 52.2; 52.2; 0.0;1846; 0.6; 0.6; 0.6;31; 23.0;F;1;29;On;On;Off; 32.5; 32.0;0;6;1082;6;1082;5;896;1;-
2026/04/18;13:35:03;100;-; 56.46; 1.0;-; 75.9; 74.8; 54.5; 0.0; 54.5;1846; 0.6; 0.6; 0.6;31; 23.0;F;1;29;On;On;Off; 32.5; 32.0;0;6;1082;6;1082;5;896;1;-
2026/04/18;13:36:03;100;-; 56.46; 0.7;-; 75.3; 75.3; 40.1; 40.1; 0.0;1846; 0.6; 0.6; 0.6;30; 23.0;F;1;29;On;On;Off; 32.5; 32.0;0;6;1082;6;1082;5;896;1;-
2026/04/18;13:37:03;100;-; 56.48; 1.1;-; 75.7; 74.7; 62.1; 0.0; 62.1;1846; 0.6; 0.6; 0.6;30; 23.0;F;1;29;On;On;Off; 32.5; 32.0;0;6;1082;6;1082;5;896;1;-
2026/04/18;13:38:03;100;-; 56.46; 0.5;-; 75.3; 75.4; 31.0; 31.0; 0.0;1846; 0.6; 0.6; 0.6;31; 23.0;F;1;29;On;On;Off; 32.5; 32.0;0;6;1082;6;1082;5;896;1;-
2026/04/18;13:39:03;100;-; 56.46; 0.9;-; 75.3; 75.2; 50.7; 50.7; 0.0;1846; 0.6; 0.6; 0.6;31; 23.0;F;1;29;On;On;Off; 32.5; 32.0;0;6;1082;6;1082;5;896;1;-
2026/04/18;13:40:03;100;-; 56.44; 0.8;-; 74.1; 74.4; 42.4; 42.4; 0.0;1846; 0.6; 0.6; 0.6;31; 23.0;F;1;29;On;On;Off; 32.5; 32.0;0;6;1082;6;1082;5;896;1;-
2026/04/18;13:41:03;100;-; 56.46; 0.6;-; 75.5; 74.7; 34.8; 6.8; 28.0;1846; 0.6; 0.6; 0.6;31; 23.0;F;1;29;On;On;Off; 32.5; 32.0;0;6;1082;6;1082;5;896;1;-
2026/04/18;13:42:03;100;-; 56.46; 0.8;-; 75.7; 74.7; 42.4; 0.0; 42.4;1846; 0.6; 0.6; 0.6;31; 23.0;F;1;29;On;On;Off; 32.5; 32.0;0;6;1082;6;1082;5;896;1;-
2026/04/18;13:43:03;100;-; 56.48; 0.3;-; 75.5; 75.3; 17.4; 0.0; 17.4;1846; 0.6; 0.6; 0.6;30; 23.0;F;1;29;On;On;Off; 32.0; 32.0;0;6;1082;6;1082;5;896;1;-
2026/04/18;13:44:02;100;-; 56.48; 0.4;-; 75.6; 75.2; 23.5; 0.7; 22.7;1846; 0.3; 0.4; 0.4;18; 23.0;F;1;29;On;On;Off; 30.4; 31.8;0;6;1082;6;1082;5;896;1;-
2026/04/18;13:45:02;100;-; 56.48; 0.3;-; 75.7; 75.3; 17.4; 0.0; 17.4;1846; 0.3; 0.4; 0.4;19; 23.0;F;1;29;On;On;Off; 30.1; 31.6;0;6;1082;6;1082;5;896;1;-
2026/04/18;13:46:02;100;-; 56.46; 0.1;-; 75.8; 75.6; 8.3; 0.0; 8.3;1846; 0.3; 0.4; 0.4;19; 23.0;F;1;29;On;On;Off; 29.9; 31.5;0;6;1082;6;1082;5;896;1;-
2026/04/18;13:47:02;100;-; 56.46; 0.2;-; 75.8; 75.5; 13.6; 0.0; 13.6;1846; 0.4; 0.4; 0.4;19; 23.0;F;1;29;On;On;Off; 29.8; 31.4;0;6;1082;6;1082;5;896;1;-
2026/04/18;13:48:02;100;-; 56.48; 0.5;-; 76.0; 75.6; 27.3; 0.0; 27.3;1846; 0.4; 0.4; 0.4;20; 23.0;F;1;29;On;On;Off; 29.7; 31.3;0;6;1082;6;1082;5;896;1;-
2026/04/18;13:49:02;100;-; 56.46; 0.2;-; 76.1; 75.7; 13.6; 0.7; 12.8;1846; 0.3; 0.4; 0.4;18; 23.0;F;1;29;On;On;Off; 29.6; 31.2;0;6;1082;6;1082;5;896;1;-
2026/04/18;13:50:02;100;-; 56.48; 0.4;-; 76.1; 75.5; 21.9; 0.7; 21.2;1846; 0.3; 0.4; 0.4;19; 23.0;F;1;29;On;On;Off; 29.5; 31.1;0;6;1082;6;1082;5;896;1;-
2026/04/18;13:51:02;100;-; 56.48; 0.2;-; 76.3; 75.8; 11.4; 0.0; 11.4;1846; 0.3; 0.4; 0.4;18; 23.0;F;1;29;On;On;Off; 29.4; 31.0;0;6;1082;6;1082;5;896;1;-
2026/04/18;13:52:02;100;-; 56.48; 0.2;-; 75.5; 75.3; 12.1; 0.7; 11.4;1846; 0.4; 0.4; 0.4;19; 23.0;F;1;29;On;On;Off; 29.3; 30.9;0;6;1082;6;1082;5;896;1;-
2026/04/18;13:53:02;100;-; 56.46; 0.3;-; 73.8; 73.8; 14.4; 0.0; 14.4;1846; 0.4; 0.4; 0.4;19; 23.0;F;1;29;On;On;Off; 29.2; 30.8;0;6;1082;6;1082;5;896;1;-
2026/04/18;13:54:02;100;-; 56.48; 0.6;-; 77.5; 76.9; 34.1; 0.0; 34.1;1846; 0.4; 0.4; 0.4;19; 23.0;F;1;29;On;On;Off; 29.1; 30.7;0;6;1082;6;1082;5;896;1;-
2026/04/18;13:55:02;100;-; 56.48; 0.5;-; 77.2; 76.6; 28.7; 0.7; 28.0;1846; 0.3; 0.4; 0.4;18; 23.0;F;1;29;On;On;Off; 29.0; 30.7;0;6;1082;6;1082;5;896;1;-
2026/04/18;13:56:02;100;-; 56.48; 0.3;-; 76.9; 76.7; 15.9; 0.7; 15.2;1846; 0.3; 0.4; 0.4;18; 22.9;F;1;29;On;On;Off; 29.0; 30.6;0;6;1082;6;1082;5;896;1;-
2026/04/18;13:57:02;100;-; 56.48; 0.5;-; 73.6; 73.0; 25.7; 0.0; 25.7;1846; 0.3; 0.4; 0.4;19; 22.9;F;1;29;On;On;Off; 28.9; 30.5;0;6;1082;6;1082;6;897;1;-
2026/04/18;13:58:02;100;-; 56.48; 0.5;-; 75.1; 74.4; 28.0; 0.7; 27.3;1846; 0.3; 0.4; 0.4;18; 22.9;F;1;29;On;On;Off; 28.9; 30.5;0;6;1082;6;1082;6;897;1;-
2026/04/18;13:59:01;100;-; 56.48; 0.5;-; 74.2; 73.6; 30.3; 0.7; 29.5;1846; 0.3; 0.4; 0.4;18; 23.0;F;1;29;On;On;Off; 28.8; 30.4;0;6;1082;6;1082;6;897;1;-
2026/04/18;14:00:01;100;-; 56.48; 0.5;-; 74.7; 74.1; 28.0; 0.7; 27.3;1846; 0.3; 0.4; 0.4;18; 22.9;F;1;29;On;On;Off; 28.7; 30.4;0;6;1082;6;1082;6;897;1;-
2026/04/18;14:01:01;100;-; 56.48; 0.3;-; 74.7; 74.5; 15.1; 0.7; 14.4;1846; 0.3; 0.4; 0.4;18; 23.0;F;1;29;On;On;Off; 28.7; 30.3;0;6;1082;6;1082;6;897;1;-
2026/04/18;14:02:01;100;-; 56.46; 0.1;-; 77.4; 77.3; 6.8; 0.0; 6.8;1846; 0.3; 0.4; 0.4;18; 23.0;F;1;29;On;On;Off; 28.7; 30.3;0;6;1082;6;1082;6;897;1;-
2026/04/18;14:03:01;100;-; 56.50; 0.4;-; 77.3; 77.0; 24.9; 0.7; 24.2;1846; 0.3; 0.4; 0.4;18; 23.0;F;1;29;On;On;Off; 28.6; 30.3;0;6;1082;6;1082;6;897;1;-
2026/04/18;14:04:01;100;-; 56.48; 0.6;-; 77.1; 76.7; 32.5; 0.7; 31.8;1846; 0.3; 0.4; 0.4;17; 23.0;F;1;29;On;On;Off; 28.6; 30.2;0;6;1082;6;1082;6;897;1;-
2026/04/18;14:05:01;100;-; 56.48; 0.5;-; 76.4; 76.2; 25.7; 0.7; 25.0;1846; 0.3; 0.4; 0.4;18; 23.0;F;1;29;On;On;Off; 28.5; 30.2;0;6;1082;6;1082;6;897;1;-
2026/04/18;14:06:01;100;-; 56.48; 0.3;-; 76.9; 76.8; 18.9; 0.7; 18.2;1846; 0.3; 0.4; 0.4;18; 22.9;F;1;29;On;On;Off; 28.5; 30.1;0;6;1082;6;1082;6;897;1;-
2026/04/18;14:07:01;100;-; 56.48; 0.5;-; 76.6; 76.2; 29.5; 0.0; 29.5;1846; 0.3; 0.4; 0.4;18; 23.0;F;1;29;On;On;Off; 28.4; 30.1;0;6;1082;6;1082;6;897;1;-
2026/04/18;14:08:01;100;-; 56.48; 0.3;-; 73.4; 73.1; 19.7; 0.0; 19.7;1846; 0.3; 0.4; 0.4;19; 23.0;F;1;29;On;On;Off; 28.4; 30.0;0;6;1082;6;1082;6;897;1;-
2026/04/18;14:09:01;100;-; 56.48; 0.4;-; 76.6; 76.3; 23.5; 0.7; 22.7;1846; 0.3; 0.4; 0.4;18; 23.0;F;1;29;On;On;Off; 28.4; 30.0;0;6;1082;6;1082;6;897;1;-
2026/04/18;14:10:01;100;-; 56.48; 0.6;-; 74.2; 73.2; 34.1; 0.0; 34.1;1846; 0.3; 0.4; 0.4;18; 23.0;F;1;29;On;On;Off; 28.3; 30.0;0;6;1082;6;1082;6;897;1;-
2026/04/18;14:11:01;100;-; 56.48; 0.6;-; 75.3; 74.7; 35.6; 0.7; 34.8;1846; 0.3; 0.4; 0.4;19; 23.0;F;1;29;On;On;Off; 28.3; 30.0;0;6;1082;6;1082;6;897;1;-
2026/04/18;14:12:01;100;-; 56.48; 0.3;-; 76.5; 76.3; 17.4; 0.7; 16.6;1846; 0.3; 0.4; 0.4;19; 23.0;F;1;29;On;On;Off; 28.3; 30.0;0;6;1082;6;1082;6;897;1;-
2026/04/18;14:13:01;100;-; 56.48; 0.2;-; 76.5; 76.3; 9.0; 0.0; 9.0;1846; 0.3; 0.4; 0.4;18; 23.0;F;1;29;On;On;Off; 28.2; 29.9;0;6;1082;6;1082;6;897;1;-
2026/04/18;14:14:00;100;-; 56.50; 0.5;-; 76.1; 75.8; 25.7; 0.7; 25.0;1847; 0.3; 0.4; 0.4;18; 23.0;F;1;29;On;On;Off; 28.2; 29.9;0;6;1082;6;1082;6;897;1;-
2026/04/18;14:15:00;100;-; 56.48; 0.6;-; 76.2; 75.7; 34.0; 0.7; 33.3;1847; 0.3; 0.4; 0.4;18; 23.0;F;1;29;On;On;Off; 28.2; 29.9;0;6;1082;6;1082;6;897;1;-
2026/04/18;14:16:00;100;-; 56.48; 0.3;-; 76.3; 75.8; 16.6; 0.7; 15.9;1847; 0.3; 0.4; 0.4;18; 23.0;F;1;29;On;On;Off; 28.2; 29.8;0;6;1082;6;1082;6;897;1;-
2026/04/18;14:17:00;100;-; 56.48; 0.4;-; 76.2; 75.8; 20.4; 0.7; 19.7;1847; 0.3; 0.4; 0.4;18; 23.0;F;1;29;On;On;Off; 28.1; 29.8;0;6;1082;6;1082;6;897;1;-
2026/04/18;14:18:00;100;-; 56.48; 0.5;-; 76.1; 75.5; 30.3; 0.7; 29.5;1847; 0.3; 0.4; 0.4;18; 23.0;F;1;29;On;On;Off; 28.1; 29.8;0;7;1083;7;1083;6;897;1;-
2026/04/18;14:19:00;100;-; 56.46; 0.2;-; 75.7; 75.6; 9.8; 0.7; 9.0;1847; 0.3; 0.4; 0.4;17; 23.0;F;1;29;On;On;Off; 28.1; 29.8;0;7;1083;7;1083;6;897;1;-
2026/04/18;14:20:00;100;-; 56.46; 0.2;-; 75.1; 74.7; 11.4; 0.0; 11.4;1847; 0.3; 0.4; 0.4;18; 23.0;F;1;29;On;On;Off; 28.1; 29.7;0;7;1083;7;1083;6;897;1;-
2026/04/18;14:21:00;100;-; 56.48; 0.3;-; 72.3; 72.3; 14.4; 0.0; 14.4;1847; 0.3; 0.4; 0.4;18; 23.0;F;1;29;On;On;Off; 28.1; 29.7;0;7;1083;7;1083;6;897;1;-
2026/04/18;14:22:00;100;-; 56.46; 0.5;-; 73.1; 72.5; 31.0; 0.7; 30.3;1847; 0.3; 0.4; 0.4;19; 23.0;F;1;29;On;On;Off; 28.0; 29.6;0;7;1083;7;1083;6;897;1;-
2026/04/18;14:23:00;100;-; 56.48; 0.5;-; 76.9; 76.4; 30.3; 0.7; 29.5;1847; 0.3; 0.4; 0.4;17; 23.0;F;1;29;On;On;Off; 28.0; 29.7;0;7;1083;7;1083;6;897;1;-
2026/04/18;14:24:00;100;-; 56.46; 0.4;-; 76.3; 76.2; 21.9; 0.0; 21.9;1847; 0.3; 0.4; 0.4;17; 23.0;F;1;29;On;On;Off; 28.0; 29.7;0;7;1083;7;1083;6;897;1;-
2026/04/18;14:25:00;100;-; 56.48; 0.4;-; 73.7; 73.4; 22.7; 0.7; 21.9;1847; 0.3; 0.4; 0.4;18; 23.0;F;1;29;On;On;Off; 28.0; 29.6;0;7;1083;7;1083;6;897;1;-
2026/04/18;14:26:00;100;-; 56.48; 0.3;-; 76.1; 75.7; 18.1; 0.7; 21.9;1847; 0.3; 0.4; 0.4;18; 23.0;F;1;29;On;On;Off; 28.0; 29.6;0;7;1083;7;1083;6;897;1;-
2026/04/18;14:27:00;100;-; 56.48; 0.3;-; 74.6; 74.1; 15.9; 0.0; 15.9;1847; 0.3; 0.4; 0.4;18; 23.0;F;1;29;On;On;Off; 27.9; 29.6;0;7;1083;7;1083;6;897;1;-
2026/04/18;14:28:00;100;-; 56.46; 0.3;-; 78.1; 77.6; 15.1; 0.7; 14.4;1847; 0.3; 0.4; 0.4;18; 23.0;F;1;29;On;On;Off; 27.9; 29.6;0;7;1083;7;1083;6;897;1;-
2026/04/18;14:28:59;100;-; 56.46; 0.1;-; 74.7; 74.3; 7.5; 0.7; 6.8;1847; 0.3; 0.4; 0.4;18; 23.0;F;1;29;On;On;Off; 27.9; 29.6;0;7;1083;7;1083;6;897;1;-
2026/04/18;14:29:59;100;-; 56.50; 0.4;-; 74.7; 74.3; 24.9; 0.7; 24.2;1847; 0.3; 0.4; 0.4;18; 23.0;F;1;29;On;On;Off; 27.9; 29.5;0;7;1083;7;1083;6;897;1;-
2026/04/18;14:30:59;100;-; 56.48; 0.3;-; 75.2; 75.0; 18.2; 0.7; 17.4;1847; 0.3; 0.4; 0.4;18; 23.0;F;1;29;On;On;Off; 27.9; 29.5;0;7;1083;7;1083;6;897;1;-
2026/04/18;14:31:59;100;-; 56.48; 0.4;-; 77.9; 77.7; 21.2; 0.7; 20.4;1847; 0.3; 0.4; 0.4;17; 23.0;F;1;29;On;On;Off; 27.9; 29.5;0;7;1083;7;1083;6;897;1;-
2026/04/18;14:32:59;100;-; 56.46; 0.3;-; 75.7; 75.5; 17.4; 0.7; 16.6;1847; 0.3; 0.4; 0.4;18; 23.0;F;1;29;On;On;Off; 27.8; 29.5;0;7;1083;7;1083;6;897;1;-
2026/04/18;14:33:59;100;-; 56.46; 0.3;-; 78.4; 78.4; 17.4; 0.7; 16.6;1847; 0.3; 0.4; 0.4;18; 23.0;F;1;29;On;On;Off; 27.8; 29.5;0;7;1083;7;1083;6;897;1;-
2026/04/18;14:34:59;100;-; 56.48; 0.4;-; 75.9; 75.4; 24.2; 0.7; 23.5;1847; 0.3; 0.4; 0.4;17; 23.0;F;1;29;On;On;Off; 27.8; 29.5;0;7;1083;7;1083;6;897;1;-
2026/04/18;14:35:59;100;-; 56.48; 0.5;-; 78.0; 77.8; 25.7; 0.0; 25.7;1847; 0.3; 0.4; 0.4;17; 23.0;F;1;29;On;On;Off; 27.8; 29.5;0;7;1083;7;1083;6;897;1;-
2026/04/18;14:36:59;100;-; 56.48; 0.4;-; 74.6; 74.4; 20.4; 0.7; 19.7;1847; 0.3; 0.4; 0.4;18; 23.0;F;1;29;On;On;Off; 27.8; 29.4;0;7;1083;7;1083;6;897;1;-
2026/04/18;14:37:59;100;-; 56.48; 0.4;-; 74.7; 74.2; 21.2; 0.7; 20.4;1847; 0.3; 0.4; 0.4;18; 23.0;F;1;29;On;On;Off; 27.8; 29.4;0;7;1083;7;1083;6;897;1;-
2026/04/18;14:38:59;100;-; 56.48; 0.3;-; 74.6; 74.3; 18.9; 0.0; 18.9;1847; 0.3; 0.4; 0.4;18; 23.0;F;1;29;On;On;Off; 27.8; 29.4;0;7;1083;7;1083;6;897;1;-
2026/04/18;14:39:59;100;-; 56.48; 0.4;-; 74.7; 74.3; 21.9; 0.7; 21.2;1847; 0.3; 0.4; 0.4;18; 23.0;F;1;29;On;On;Off; 27.7; 29.4;0;7;1083;7;1083;6;897;1;-
2026/04/18;14:40:59;100;-; 56.48; 0.3;-; 74.8; 74.7; 17.4; 0.7; 16.6;1847; 0.3; 0.4; 0.4;18; 23.0;F;1;29;On;On;Off; 27.7; 29.4;0;7;1083;7;1083;6;897;1;-
2026/04/18;14:41:59;100;-; 56.48; 0.4;-; 75.0; 74.7; 22.7; 0.7; 21.9;1847; 0.3; 0.4; 0.4;18; 23.0;F;1;29;On;On;Off; 27.7; 29.4;0;7;1083;7;1083;6;897;1;-
2026/04/18;14:42:59;100;-; 56.46; 0.3;-; 75.4; 74.7; 17.4; 0.7; 16.6;1847; 0.3; 0.4; 0.4;18; 23.0;F;1;29;On;On;Off; 27.7; 29.4;0;7;1083;7;1083;6;897;1;-
2026/04/18;14:43:58;100;-; 56.48; 0.6;-; 75.8; 75.2; 32.5; 0.7; 31.8;1847; 0.3; 0.4; 0.4;17; 23.0;F;1;29;On;On;Off; 27.7; 29.4;0;7;1083;7;1083;6;897;1;-
2026/04/18;14:44:58;100;-; 56.48; 0.4;-; 76.0; 75.3; 20.4; 0.7; 19.7;1847; 0.3; 0.4; 0.4;17; 23.0;F;1;29;On;On;Off; 27.7; 29.4;0;7;1083;7;1083;6;897;1;-
2026/04/18;14:45:58;100;-; 56.48; 0.3;-; 76.3; 76.2; 15.1; 0.7; 14.4;1847; 0.3; 0.4; 0.4;17; 23.0;F;1;29;On;On;Off; 27.7; 29.3;0;7;1083;7;1083;6;897;1;-
2026/04/18;14:46:58;100;-; 56.48; 0.5;-; 79.6; 79.1; 26.5; 0.7; 25.7;1847; 0.3; 0.4; 0.4;17; 23.0;F;1;29;On;On;Off; 27.7; 29.4;0;7;1083;7;1083;6;897;1;-
2026/04/18;14:47:58;100;-; 56.48; 0.5;-; 76.7; 76.0; 27.3; 0.7; 26.5;1847; 0.3; 0.4; 0.4;17; 23.0;F;1;29;On;On;Off; 27.7; 29.4;0;7;1083;7;1083;6;897;1;-
2026/04/18;14:48:58;100;-; 56.48; 0.7;-; 76.3; 75.6; 37.8; 0.7; 37.1;1847; 0.3; 0.4; 0.4;17; 23.0;F;1;29;On;On;Off; 27.7; 29.4;0;7;1083;7;1083;6;897;1;-
2026/04/18;14:49:58;100;-; 56.48; 0.3;-; 78.6; 78.6; 16.6; 0.7; 15.9;1847; 0.3; 0.4; 0.4;17; 23.0;F;1;29;On;On;Off; 27.7; 29.3;0;7;1083;7;1083;6;897;1;-
2026/04/18;14:50:58;100;-; 56.48; 0.5;-; 76.1; 75.6; 29.5; 0.7; 28.8;1847; 0.3; 0.4; 0.4;18; 23.0;F;1;29;On;On;Off; 27.7; 29.3;0;7;1083;7;1083;6;897;1;-
2026/04/18;14:51:58;100;-; 56.48; 0.3;-; 79.7; 79.6; 18.9; 0.7; 18.1;1847; 0.3; 0.4; 0.4;18; 23.0;F;1;29;On;On;Off; 27.7; 29.3;0;7;1083;7;1083;6;897;1;-
2026/04/18;14:52:58;100;-; 56.48; 0.3;-; 79.1; 78.7; 18.2; 0.7; 17.4;1847; 0.3; 0.4; 0.4;17; 23.0;F;1;29;On;On;Off; 27.7; 29.3;0;7;1083;7;1083;6;897;1;-
2026/04/18;14:53:58;100;-; 56.48; 0.3;-; 78.6; 78.6; 18.9; 0.7; 18.2;1847; 0.3; 0.4; 0.4;17; 23.0;F;1;29;On;On;Off; 27.7; 29.3;0;7;1083;7;1083;6;897;1;-
2026/04/18;14:54:58;100;-; 56.48; 0.5;-; 78.2; 77.6; 27.3; 0.7; 26.5;1847; 0.3; 0.4; 0.4;17; 23.0;F;1;29;On;On;Off; 27.6; 29.3;0;7;1083;7;1083;6;897;1;-
2026/04/18;14:55:58;100;-; 56.46; 0.1;-; 77.0; 77.1; 5.3; 0.7; 4.5;1847; 0.3; 0.4; 0.4;17; 23.0;F;1;29;On;On;Off; 27.6; 29.3;0;7;1083;7;1083;6;897;1;-
2026/04/18;14:56:58;100;-; 56.48; 0.3;-; 73.8; 73.6; 16.6; 0.7; 15.9;1847; 0.3; 0.4; 0.4;17; 23.0;F;1;29;On;On;Off; 27.6; 29.3;0;7;1083;7;1083;6;897;1;-
2026/04/18;14:57:58;100;-; 56.48; 0.3;-; 73.5; 73.3; 18.9; 0.7; 18.1;1847; 0.3; 0.4; 0.4;18; 23.0;F;1;29;On;On;Off; 27.6; 29.2;0;7;1083;7;1083;6;897;1;-
2026/04/18;14:58:58;100;-; 56.48; 0.4;-; 75.4; 74.9; 20.4; 0.7; 19.7;1847; 0.3; 0.4; 0.4;17; 23.0;F;1;29;On;On;Off; 27.6; 29.2;0;7;1083;7;1083;6;897;1;-
2026/04/18;14:59:57;100;-; 56.48; 0.6;-; 74.6; 73.7; 31.8; 0.7; 31.0;1847; 0.3; 0.4; 0.4;17; 23.0;F;1;29;On;On;Off; 27.6; 29.2;0;7;1083;7;1083;6;897;1;-
2026/04/18;15:00:57;100;-; 56.46; 0.2;-; 75.0; 74.8; 9.8; 0.7; 9.0;1847; 0.3; 0.4; 0.4;17; 23.0;F;1;29;On;On;Off; 27.6; 29.2;0;7;1083;7;1083;6;897;1;-
2026/04/18;15:01:57;100;-; 56.48; 0.5;-; 75.2; 74.6; 28.0; 0.7; 27.3;1847; 0.3; 0.4; 0.4;17; 22.9;F;1;29;On;On;Off; 27.6; 29.2;0;7;1083;7;1083;6;897;1;-
2026/04/18;15:02:57;100;-; 56.46; 0.1;-; 79.3; 79.4; 4.5; 0.7; 3.8;1847; 0.3; 0.4; 0.4;17; 23.0;F;1;29;On;On;Off; 27.6; 29.2;0;7;1083;7;1083;6;897;1;-
2026/04/18;15:03:57;100;-; 56.48; 0.3;-; 78.4; 78.4; 15.1; 0.7; 14.4;1847; 0.3; 0.3; 0.3;16; 23.0;F;1;29;On;On;Off; 27.6; 29.3;0;7;1083;7;1083;6;897;1;-
2026/04/18;15:04:57;100;-; 56.48; 0.5;-; 78.2; 77.8; 28.0; 0.7; 27.3;1847; 0.3; 0.4; 0.4;16; 22.9;F;1;29;On;On;Off; 27.6; 29.3;0;7;1083;7;1083;6;897;1;-
2026/04/18;15:05:57;100;-; 56.48; 0.4;-; 78.2; 77.8; 20.4; 0.0; 20.4;1847; 0.3; 0.4; 0.4;16; 23.0;F;1;29;On;On;Off; 27.6; 29.3;0;7;1083;7;1083;6;897;1;-
2026/04/18;15:06:57;100;-; 56.46; 0.1;-; 77.6; 77.6; 3.8; 0.0; 3.8;1847; 0.3; 0.4; 0.4;17; 23.0;F;1;29;On;On;Off; 27.6; 29.3;0;7;1083;7;1083;6;897;1;-
2026/04/18;15:07:57;100;-; 56.48; 0.4;-; 77.6; 77.1; 24.9; 0.7; 24.2;1847; 0.3; 0.4; 0.4;17; 23.0;F;1;29;On;On;Off; 27.6; 29.3;0;7;1083;7;1083;6;897;1;-
2026/04/18;15:08:57;100;-; 56.48; 0.4;-; 77.2; 76.9; 24.2; 0.7; 23.5;1847; 0.3; 0.4; 0.4;17; 23.0;F;1;29;On;On;Off; 27.6; 29.2;0;7;1083;7;1083;6;897;1;-
2026/04/18;15:09:57;100;-; 56.48; 0.6;-; 76.8; 76.4; 31.8; 0.7; 31.0;1847; 0.3; 0.4; 0.4;17; 23.0;F;1;29;On;On;Off; 27.6; 29.2;0;7;1083;7;1083;6;897;1;-
2026/04/18;15:10:57;100;-; 56.48; 0.5;-; 76.6; 76.1; 26.5; 0.7; 25.7;1847; 0.3; 0.4; 0.4;17; 23.0;F;1;29;On;On;Off; 27.6; 29.2;0;7;1083;7;1083;6;897;1;-
2026/04/18;15:11:57;100;-; 56.46; 0.4;-; 76.3; 75.8; 23.5; 0.7; 22.7;1847; 0.3; 0.4; 0.4;17; 22.9;F;1;29;On;On;Off; 27.6; 29.2;0;7;1083;7;1083;6;897;1;-
2026/04/18;15:12:57;100;-; 56.46; 0.2;-; 76.2; 76.1; 9.0; 0.7; 8.3;1847; 0.3; 0.4; 0.4;17; 22.9;F;1;29;On;On;Off; 27.6; 29.2;0;7;1083;7;1083;6;897;1;-
2026/04/18;15:13:57;100;-; 56.50; 0.5;-; 76.0; 75.7; 26.5; 0.7; 25.7;1848; 0.3; 0.4; 0.4;17; 23.0;F;1;29;On;On;Off; 27.6; 29.2;0;7;1083;7;1083;6;897;1;-
2026/04/18;15:14:56;100;-; 56.48; 0.5;-; 76.1; 75.5; 29.5; 0.7; 28.8;1848; 0.3; 0.4; 0.4;17; 22.9;F;1;29;On;On;Off; 27.5; 29.2;0;7;1083;7;1083;6;897;1;-
2026/04/18;15:15:56;100;-; 56.48; 0.4;-; 76.1; 75.6; 24.2; 0.7; 23.5;1848; 0.3; 0.4; 0.4;17; 23.0;F;1;29;On;On;Off; 27.6; 29.2;0;7;1083;7;1083;6;897;1;-
2026/04/18;15:16:56;100;-; 56.46; 0.2;-; 76.1; 75.9; 9.0; 0.7; 8.3;1848; 0.3; 0.4; 0.4;17; 23.0;F;1;29;On;On;Off; 27.5; 29.2;0;7;1083;7;1083;6;897;1;-
2026/04/18;15:17:56;100;-; 56.48; 0.1;-; 76.1; 76.0; 6.8; 0.7; 6.0;1848; 0.3; 0.4; 0.4;17; 22.9;F;1;29;On;On;Off; 27.5; 29.2;0;7;1083;7;1083;6;897;1;-
2026/04/18;15:18:56;100;-; 56.48; 0.2;-; 75.9; 75.9; 9.0; 0.7; 8.3;1848; 0.3; 0.4; 0.4;17; 22.9;F;1;29;On;On;Off; 27.5; 29.2;0;7;1083;7;1083;6;897;1;-
2026/04/18;15:19:56;100;-; 56.46; 0.5;-; 75.9; 75.5; 30.3; 0.0; 30.3;1848; 0.3; 0.4; 0.4;18; 22.9;F;1;29;On;On;Off; 27.5; 29.2;0;7;1083;7;1083;6;897;1;-
2026/04/18;15:20:56;100;-; 56.46; 0.2;-; 75.9; 75.7; 13.6; 0.7; 12.8;1848; 0.3; 0.4; 0.4;17; 22.9;F;1;29;On;On;Off; 27.5; 29.2;0;7;1083;7;1083;6;897;1;-
2026/04/18;15:21:56;100;-; 56.48; 0.3;-; 75.9; 75.6; 18.9; 0.7; 18.2;1848; 0.3; 0.4; 0.4;17; 22.9;F;1;29;On;On;Off; 27.5; 29.2;0;7;1083;7;1083;6;897;1;-
2026/04/18;15:22:56;100;-; 56.46; 0.4;-; 75.9; 75.4; 21.2; 0.7; 20.4;1848; 0.3; 0.4; 0.4;17; 22.9;F;1;29;On;On;Off; 27.5; 29.2;0;7;1083;7;1083;6;897;1;-
2026/04/18;15:23:56;100;-; 56.46; 0.3;-; 75.8; 75.6; 19.7; 0.7; 18.9;1848; 0.3; 0.4; 0.4;17; 23.0;F;1;29;On;On;Off; 27.5; 29.2;0;7;1083;7;1083;6;897;1;-
2026/04/18;15:24:56;100;-; 56.48; 0.5;-; 75.8; 75.4; 29.5; 0.7; 28.8;1848; 0.3; 0.4; 0.4;18; 23.0;F;1;29;On;On;Off; 27.5; 29.2;0;7;1083;7;1083;6;897;1;-
2026/04/18;15:25:56;100;-; 56.48; 0.3;-; 75.5; 75.3; 15.9; 0.7; 15.2;1848; 0.3; 0.4; 0.4;17; 23.0;F;1;29;On;On;Off; 27.5; 29.2;0;7;1083;7;1083;6;897;1;-
2026/04/18;15:26:56;100;-; 56.48; 0.5;-; 76.2; 75.7; 25.7; 0.0; 25.7;1848; 0.3; 0.4; 0.4;17; 22.9;F;1;29;On;On;Off; 27.5; 29.2;0;7;1083;7;1083;6;897;1;-
2026/04/18;15:27:56;100;-; 56.48; 0.3;-; 76.1; 75.9; 16.6; 0.7; 15.9;1848; 0.3; 0.4; 0.4;17; 22.9;F;1;29;On;On;Off; 27.5; 29.2;0;7;1083;7;1083;6;897;1;-
2026/04/18;15:28:56;100;-; 56.46; 0.3;-; 76.1; 75.8; 18.1; 0.7; 17.4;1848; 0.3; 0.4; 0.4;17; 22.9;F;1;29;On;On;Off; 27.5; 29.2;0;7;1083;7;1083;6;897;1;-
2026/04/18;15:29:55;100;-; 56.48; 0.5;-; 76.1; 75.8; 27.3; 0.0; 27.3;1848; 0.3; 0.4; 0.4;17; 22.9;F;1;29;On;On;Off; 27.5; 29.2;0;7;1083;7;1083;6;897;1;-
2026/04/18;15:30:55;100;-; 56.48; 0.2;-; 75.8; 76.0; 10.6; 0.0; 10.6;1848; 0.3; 0.4; 0.4;16; 22.9;F;1;29;On;On;Off; 27.5; 29.2;0;7;1083;7;1083;6;897;1;-
2026/04/18;15:31:55;100;-; 56.48; 0.3;-; 76.2; 76.0; 16.6; 0.7; 15.9;1848; 0.3; 0.4; 0.4;17; 22.9;F;1;29;On;On;Off; 27.5; 29.2;0;7;1083;7;1083;6;897;1;-
2026/04/18;15:32:55;100;-; 56.48; 0.5;-; 73.7; 73.1; 28.7; 0.7; 28.0;1848; 0.3; 0.4; 0.4;17; 22.9;F;1;29;On;On;Off; 27.5; 29.2;0;7;1083;7;1083;6;897;1;-
2026/04/18;15:33:55;100;-; 56.48; 0.4;-; 74.2; 73.7; 24.2; 0.0; 24.2;1848; 0.3; 0.4; 0.4;17; 22.9;F;1;29;On;On;Off; 27.5; 29.2;0;7;1083;7;1083;6;897;1;-
2026/04/18;15:34:55;100;-; 56.48; 0.5;-; 76.8; 76.4; 31.0; 0.7; 30.3;1848; 0.3; 0.4; 0.4;17; 22.9;F;1;29;On;On;Off; 27.5; 29.2;0;7;1083;7;1083;6;897;1;-
2026/04/18;15:35:55;100;-; 56.48; 0.6;-; 76.7; 76.2; 31.8; 0.7; 31.0;1848; 0.3; 0.4; 0.4;16; 23.0;F;1;29;On;On;Off; 27.5; 29.2;0;7;1083;7;1083;6;897;1;-
2026/04/18;15:36:55;100;-; 56.48; 0.5;-; 76.6; 76.2; 28.7; 0.7; 28.0;1848; 0.3; 0.4; 0.4;16; 23.0;F;1;29;On;On;Off; 27.5; 29.2;0;7;1083;7;1083;6;897;1;-
2026/04/18;15:37:55;100;-; 56.46; 0.3;-; 76.6; 76.1; 18.1; 0.7; 17.4;1848; 0.3; 0.4; 0.4;17; 22.9;F;1;29;On;On;Off; 27.5; 29.2;0;7;1083;7;1083;6;897;1;-
2026/04/18;15:38:55;100;-; 56.48; 0.5;-; 76.0; 75.7; 25.7; 0.7; 25.0;1848; 0.3; 0.4; 0.4;16; 23.0;F;1;29;On;On;Off; 27.5; 29.2;0;7;1083;7;1083;6;897;1;-
2026/04/18;15:39:55;100;-; 56.48; 0.5;-; 76.6; 76.1; 28.0; 0.7; 27.3;1848; 0.3; 0.4; 0.4;17; 22.9;F;1;29;On;On;Off; 27.5; 29.2;0;7;1083;7;1083;6;897;1;-
2026/04/18;15:40:55;100;-; 56.48; 0.2;-; 76.3; 76.4; 13.6; 0.7; 12.8;1848; 0.3; 0.4; 0.4;17; 23.0;F;1;29;On;On;Off; 27.5; 29.2;0;7;1083;7;1083;6;897;1;-
2026/04/18;15:41:55;100;-; 56.46; 0.3;-; 76.4; 76.3; 15.1; 0.7; 14.4;1848; 0.3; 0.4; 0.4;17; 22.9;F;1;29;On;On;Off; 27.5; 29.2;0;7;1083;7;1083;6;897;1;-
2026/04/18;15:42:55;100;-; 56.46; 0.2;-; 76.4; 76.4; 11.3; 0.7; 10.6;1848; 0.3; 0.4; 0.4;16; 22.9;F;1;29;On;On;Off; 27.5; 29.2;0;7;1083;7;1083;6;897;1;-
2026/04/18;15:43:55;100;-; 56.48; 0.3;-; 76.4; 76.3; 15.9; 0.7; 15.2;1848; 0.3; 0.4; 0.4;17; 22.9;F;1;29;On;On;Off; 27.5; 29.2;0;7;1083;7;1083;6;897;1;-
2026/04/18;15:44:54;100;-; 56.48; 0.5;-; 76.3; 75.9; 26.5; 0.7; 25.7;1848; 0.3; 0.4; 0.4;16; 22.9;F;1;29;On;On;Off; 27.5; 29.2;0;7;1083;7;1083;6;897;1;-
2026/04/18;15:45:54;100;-; 56.48; 0.4;-; 76.2; 76.0; 21.9; 0.7; 21.2;1848; 0.3; 0.4; 0.4;17; 22.9;F;1;29;On;On;Off; 27.5; 29.2;0;7;1083;7;1083;6;897;1;-
2026/04/18;15:46:54;100;-; 56.48; 0.3;-; 76.2; 76.2; 17.4; 0.7; 16.6;1848; 0.3; 0.4; 0.4;17; 22.9;F;1;29;On;On;Off; 27.5; 29.2;0;7;1083;7;1083;6;897;1;-
2026/04/18;15:47:54;100;-; 56.48; 0.3;-; 76.2; 75.9; 15.9; 0.7; 15.2;1848; 0.3; 0.4; 0.4;17; 22.9;F;1;29;On;On;Off; 27.5; 29.2;0;7;1083;7;1083;6;897;1;-
2026/04/18;15:48:54;100;-; 56.46; 0.3;-; 76.1; 76.1; 15.1; 0.7; 14.4;1848; 0.3; 0.4; 0.4;17; 22.9;F;1;29;On;On;Off; 27.5; 29.2;0;7;1083;7;1083;6;897;1;-
2026/04/18;15:49:54;100;-; 56.46; 0.1;-; 76.0; 76.2; 6.0; 0.7; 5.3;1848; 0.3; 0.4; 0.4;16; 22.9;F;1;29;On;On;Off; 27.5; 29.2;0;7;1083;7;1083;6;897;1;-
2026/04/18;15:50:54;100;-; 56.48; 0.5;-; 76.1; 75.9; 30.3; 0.7; 29.5;1848; 0.3; 0.4; 0.4;16; 22.9;F;1;29;On;On;Off; 27.5; 29.2;0;7;1083;7;1083;6;897;1;-
2026/04/18;15:51:54;100;-; 56.46; 0.2;-; 76.0; 76.3; 12.1; 0.7; 11.4;1848; 0.3; 0.4; 0.4;16; 22.9;F;1;29;On;On;Off; 27.5; 29.2;0;7;1083;7;1083;6;897;1;-
2026/04/18;15:52:54;100;-; 56.48; 0.5;-; 76.3; 76.0; 27.3; 0.7; 26.5;1848; 0.3; 0.4; 0.4;15; 22.9;F;1;29;On;On;Off; 27.5; 29.2;0;7;1083;7;1083;6;897;1;-
2026/04/18;15:53:54;100;-; 56.46; 0.4;-; 76.4; 76.3; 22.7; 0.7; 21.9;1848; 0.3; 0.4; 0.4;16; 22.9;F;1;29;On;On;Off; 27.5; 29.2;0;7;1083;7;1083;6;897;1;-
2026/04/18;15:54:54;100;-; 56.46; 0.3;-; 74.1; 73.9; 19.7; 0.0; 19.7;1848; 0.3; 0.4; 0.4;16; 22.9;F;1;29;On;On;Off; 27.5; 29.2;0;7;1083;7;1083;6;897;1;-
2026/04/18;15:55:54;100;-; 56.48; 0.3;-; 75.1; 74.8; 15.9; 0.0; 15.9;1848; 0.3; 0.4; 0.4;17; 22.9;F;1;29;On;On;Off; 27.5; 29.2;0;7;1083;7;1083;6;897;1;-
2026/04/18;15:56:54;100;-; 56.48; 0.3;-; 77.0; 76.8; 16.6; 0.7; 15.9;1848; 0.3; 0.4; 0.4;16; 22.9;F;1;29;On;On;Off; 27.5; 29.2;0;7;1083;7;1083;6;897;1;-
2026/04/18;15:57:54;100;-; 56.48; 0.5;-; 76.8; 76.5; 28.0; 0.7; 27.3;1848; 0.3; 0.4; 0.4;16; 22.9;F;1;29;On;On;Off; 27.5; 29.2;0;7;1083;7;1083;6;897;1;-
2026/04/18;15:58:54;100;-; 56.48; 0.5;-; 76.6; 76.3; 27.3; 0.7; 26.5;1848; 0.3; 0.4; 0.4;17; 22.9;F;1;29;On;On;Off; 27.5; 29.2;0;7;1083;7;1083;6;897;1;-
2026/04/18;15:59:54;100;-; 56.48; 0.5;-; 74.4; 73.8; 25.7; 0.7; 25.0;1848; 0.3; 0.4; 0.4;17; 22.9;F;1;29;On;On;Off; 27.5; 29.2;0;7;1083;7;1083;6;897;1;-
2026/04/18;16:00:53;100;-; 56.48; 0.3;-; 75.2; 74.8; 19.7; 0.7; 18.9;1848; 0.3; 0.4; 0.4;17; 22.9;F;1;29;On;On;Off; 27.5; 29.1;0;7;1083;7;1083;6;897;1;-
2026/04/18;16:01:53;100;-; 56.48; 0.4;-; 77.3; 77.1; 20.4; 0.7; 19.7;1848; 0.3; 0.4; 0.4;17; 22.9;F;1;29;On;On;Off; 27.5; 29.2;0;7;1083;7;1083;6;897;1;-
2026/04/18;16:02:53;100;-; 56.46; 0.3;-; 77.3; 77.0; 17.4; 0.7; 16.6;1848; 0.3; 0.4; 0.4;16; 22.9;F;1;29;On;On;Off; 27.5; 29.2;0;7;1083;7;1083;6;897;1;-
2026/04/18;16:03:53;100;-; 56.48; 0.5;-; 76.3; 75.9; 30.3; 0.7; 29.5;1848; 0.3; 0.4; 0.4;16; 22.9;F;1;29;On;On;Off; 27.5; 29.2;0;7;1083;7;1083;6;897;1;-
2026/04/18;16:04:53;100;-; 56.48; 0.2;-; 76.9; 77.0; 9.0; 0.7; 8.3;1848; 0.3; 0.4; 0.4;16; 22.9;F;1;29;On;On;Off; 27.5; 29.2;0;7;1083;7;1083;6;897;1;-
2026/04/18;16:05:53;100;-; 56.50; 0.4;-; 77.2; 76.8; 22.7; 0.7; 21.9;1848; 0.3; 0.4; 0.4;16; 22.9;F;1;29;On;On;Off; 27.5; 29.2;0;7;1083;7;1083;6;897;1;-
2026/04/18;16:06:53;100;-; 56.48; 0.3;-; 76.9; 76.7; 16.6; 0.7; 15.9;1848; 0.3; 0.4; 0.4;16; 22.9;F;1;29;On;On;Off; 27.5; 29.2;0;7;1083;7;1083;6;897;1;-
2026/04/18;16:07:53;100;-; 56.48; 0.5;-; 75.5; 75.0; 31.0; 0.7; 30.3;1848; 0.3; 0.4; 0.4;16; 22.8;F;1;29;On;On;Off; 27.5; 29.2;0;7;1083;7;1083;6;897;1;-
2026/04/18;16:08:53;100;-; 56.48; 0.4;-; 74.3; 73.8; 24.2; 0.7; 23.5;1848; 0.3; 0.4; 0.4;16; 22.8;F;1;29;On;On;Off; 27.5; 29.1;0;7;1083;7;1083;6;897;1;-
2026/04/18;16:09:53;100;-; 56.46; 0.2;-; 74.7; 74.4; 11.3; 0.7; 10.6;1848; 0.3; 0.4; 0.4;16; 22.8;F;1;29;On;On;Off; 27.5; 29.1;0;7;1083;7;1083;6;897;1;-
2026/04/18;16:10:53;100;-; 56.46; 0.1;-; 74.7; 74.9; 6.8; 0.7; 6.0;1848; 0.3; 0.4; 0.4;16; 22.9;F;1;29;On;On;Off; 27.5; 29.1;0;7;1083;7;1083;6;897;1;-
2026/04/18;16:11:53;100;-; 56.48; 0.3;-; 75.0; 74.5; 17.4; 0.7; 16.6;1848; 0.3; 0.4; 0.4;16; 22.8;F;1;29;On;On;Off; 27.5; 29.1;0;7;1083;7;1083;6;897;1;-
2026/04/18;16:12:53;100;-; 56.48; 0.6;-; 75.0; 74.2; 31.8; 0.0; 31.8;1848; 0.3; 0.4; 0.4;15; 22.8;F;1;29;On;On;Off; 27.5; 29.1;0;7;1083;7;1083;6;897;1;-
2026/04/18;16:13:53;100;-; 56.48; 0.3;-; 76.7; 76.4; 15.1; 0.7; 14.4;1849; 0.3; 0.4; 0.4;16; 22.8;F;1;29;On;On;Off; 27.5; 29.1;0;7;1083;7;1083;6;897;1;-
2026/04/18;16:14:53;100;-; 56.48; 0.4;-; 78.4; 78.4; 21.2; 0.7; 20.4;1849; 0.3; 0.3; 0.3;15; 22.8;F;1;29;On;On;Off; 27.5; 29.2;0;7;1083;7;1083;6;897;1;-
2026/04/18;16:15:52;100;-; 56.46; 0.3;-; 78.3; 78.1; 18.9; 0.7; 18.1;1849; 0.3; 0.3; 0.3;15; 22.8;F;1;29;On;On;Off; 27.5; 29.2;0;7;1083;7;1083;6;897;1;-
2026/04/18;16:16:52;100;-; 56.48; 0.5;-; 77.7; 77.6; 30.3; 0.7; 29.5;1849; 0.3; 0.3; 0.3;15; 22.8;F;1;29;On;On;Off; 27.5; 29.2;0;7;1083;7;1083;6;897;1;-
2026/04/18;16:17:52;100;-; 56.48; 0.5;-; 77.8; 77.4; 27.3; 0.7; 26.5;1849; 0.3; 0.4; 0.4;15; 22.8;F;1;29;On;On;Off; 27.5; 29.2;0;7;1083;7;1083;6;897;1;-
2026/04/18;16:18:52;100;-; 56.46; 0.4;-; 77.5; 77.2; 20.4; 0.7; 19.7;1849; 0.3; 0.4; 0.4;15; 22.8;F;1;29;On;On;Off; 27.5; 29.2;0;7;1083;7;1083;6;897;1;-
2026/04/18;16:19:52;100;-; 56.48; 0.5;-; 77.4; 77.0; 28.0; 0.7; 27.3;1849; 0.3; 0.4; 0.4;15; 22.8;F;1;29;On;On;Off; 27.5; 29.2;0;7;1083;7;1083;6;897;1;-
2026/04/18;16:20:52;100;-; 56.48; 0.3;-; 77.1; 76.9; 16.6; 0.0; 16.6;1849; 0.3; 0.4; 0.4;16; 22.8;F;1;29;On;On;Off; 27.5; 29.2;0;7;1083;7;1083;6;897;1;-
2026/04/18;16:21:52;100;-; 56.48; 0.4;-; 77.2; 76.9; 24.9; 0.7; 24.2;1849; 0.3; 0.4; 0.4;15; 22.8;F;1;29;On;On;Off; 27.5; 29.2;0;7;1083;7;1083;6;897;1;-
2026/04/18;16:22:52;100;-; 56.46; 0.3;-; 73.9; 73.7; 16.6; 0.0; 16.6;1849; 0.3; 0.4; 0.4;15; 22.8;F;1;29;On;On;Off; 27.5; 29.1;0;7;1083;7;1083;6;897;1;-
2026/04/18;16:23:52;100;-; 56.48; 0.5;-; 77.0; 76.8; 28.7; 0.7; 28.0;1849; 0.3; 0.4; 0.4;16; 22.8;F;1;29;On;On;Off; 27.5; 29.1;0;7;1083;7;1083;6;897;1;-
2026/04/18;16:24:52;100;-; 56.46; 0.1;-; 77.1; 77.1; 5.3; 0.7; 4.5;1849; 0.3; 0.4; 0.4;16; 22.8;F;1;29;On;On;Off; 27.5; 29.1;0;7;1083;7;1083;6;897;1;-
2026/04/18;16:25:52;100;-; 56.46; 0.4;-; 75.6; 75.4; 21.1; 0.7; 20.4;1849; 0.3; 0.4; 0.4;16; 22.8;F;1;29;On;On;Off; 27.5; 29.1;0;7;1083;7;1083;6;897;1;-
2026/04/18;16:26:52;100;-; 56.48; 0.6;-; 74.2; 73.3; 31.8; 0.7; 31.0;1849; 0.3; 0.4; 0.4;16; 22.8;F;1;29;On;On;Off; 27.4; 29.1;0;7;1083;7;1083;6;897;1;-
2026/04/18;16:27:52;100;-; 56.48; 0.6;-; 74.9; 74.2; 34.8; 0.7; 34.1;1849; 0.3; 0.4; 0.4;16; 22.8;F;1;29;On;On;Off; 27.4; 29.1;0;7;1083;7;1083;6;897;1;-
2026/04/18;16:28:52;100;-; 56.48; 0.1;-; 75.0; 75.3; 5.3; 0.7; 4.5;1849; 0.3; 0.4; 0.4;16; 22.7;F;1;29;On;On;Off; 27.4; 29.1;0;7;1083;7;1083;6;897;1;-
2026/04/18;16:29:52;100;-; 56.48; 0.4;-; 78.1; 78.0; 20.4; 0.7; 19.7;1849; 0.3; 0.4; 0.4;16; 22.8;F;1;29;On;On;Off; 27.4; 29.1;0;7;1083;7;1083;6;897;1;-
2026/04/18;16:30:51;100;-; 56.46; 0.3;-; 77.8; 77.6; 15.9; 0.7; 15.2;1849; 0.3; 0.3; 0.3;16; 22.8;F;1;29;On;On;Off; 27.5; 29.1;0;7;1083;7;1083;6;897;1;-
2026/04/18;16:31:51;100;-; 56.46; 0.3;-; 77.3; 77.1; 17.4; 0.7; 16.6;1849; 0.3; 0.3; 0.3;16; 22.8;F;1;29;On;On;Off; 27.4; 29.1;0;7;1083;7;1083;6;897;1;-
2026/04/18;16:32:51;100;-; 56.46; 0.3;-; 77.4; 77.1; 17.4; 0.7; 16.6;1849; 0.3; 0.4; 0.4;17; 22.7;F;1;29;On;On;Off; 27.4; 29.1;0;7;1083;7;1083;6;897;1;-
2026/04/18;16:33:51;100;-; 56.48; 0.3;-; 77.1; 76.7; 18.9; 0.7; 18.2;1849; 0.3; 0.4; 0.4;16; 22.7;F;1;29;On;On;Off; 27.4; 29.1;0;7;1083;7;1083;6;897;1;-
2026/04/18;16:34:51;100;-; 56.48; 0.5;-; 76.8; 76.6; 28.7; 0.7; 28.0;1849; 0.3; 0.4; 0.4;16; 22.7;F;1;29;On;On;Off; 27.4; 29.1;0;7;1083;7;1083;6;897;1;-
2026/04/18;16:35:51;100;-; 56.50; 0.4;-; 76.7; 76.5; 24.9; 0.7; 24.2;1849; 0.3; 0.4; 0.4;15; 22.7;F;1;29;On;On;Off; 27.4; 29.1;0;7;1083;7;1083;6;897;1;-
2026/04/18;16:36:51;100;-; 56.46; 0.2;-; 76.6; 76.6; 9.8; 0.7; 9.0;1849; 0.3; 0.4; 0.4;16; 22.7;F;1;29;On;On;Off; 27.4; 29.1;0;7;1083;7;1083;6;897;1;-
2026/04/18;16:37:51;100;-; 56.48; 0.5;-; 76.5; 76.1; 28.8; 0.0; 28.8;1849; 0.3; 0.4; 0.4;15; 22.7;F;1;29;On;On;Off; 27.4; 29.1;0;7;1083;7;1083;6;897;1;-
2026/04/18;16:38:51;100;-; 56.48; 0.2;-; 76.7; 76.5; 9.0; 0.7; 8.3;1849; 0.3; 0.4; 0.4;16; 22.7;F;1;29;On;On;Off; 27.4; 29.1;0;7;1083;7;1083;6;897;1;-
2026/04/18;16:39:51;100;-; 56.50; 0.5;-; 76.5; 76.1; 28.7; 0.7; 28.0;1849; 0.3; 0.4; 0.4;16; 22.7;F;1;29;On;On;Off; 27.4; 29.1;0;7;1083;7;1083;6;897;1;-
2026/04/18;16:40:51;100;-; 56.46; 0.3;-; 76.4; 76.3; 17.4; 0.7; 16.6;1849; 0.3; 0.4; 0.4;16; 22.7;F;1;29;On;On;Off; 27.4; 29.1;0;7;1083;7;1083;6;897;1;-
2026/04/18;16:41:51;100;-; 56.46; 0.1;-; 76.5; 76.4; 8.3; 0.7; 7.6;1849; 0.3; 0.4; 0.4;16; 22.7;F;1;29;On;On;Off; 27.4; 29.1;0;7;1083;7;1083;6;897;1;-
2026/04/18;16:42:51;100;-; 56.48; 0.3;-; 75.7; 75.6; 18.1; 0.7; 17.4;1849; 0.3; 0.4; 0.4;17; 22.7;F;1;29;On;On;Off; 27.4; 29.1;0;7;1083;7;1083;7;898;1;-
2026/04/18;16:43:51;100;-; 56.50; 0.2;-; 76.8; 76.6; 12.1; 0.7; 11.4;1849; 0.3; 0.4; 0.4;16; 22.7;F;1;29;On;On;Off; 27.4; 29.1;0;7;1083;7;1083;7;898;1;-
2026/04/18;16:44:51;100;-; 56.50; 0.3;-; 76.8; 76.7; 15.2; 0.0; 15.2;1849; 0.3; 0.4; 0.4;16; 22.7;F;1;29;On;On;Off; 27.4; 29.1;0;7;1083;7;1083;7;898;1;-
2026/04/18;16:45:50;100;-; 56.50; 0.6;-; 76.7; 76.3; 33.3; 0.7; 32.6;1849; 0.3; 0.4; 0.4;16; 22.7;F;1;29;On;On;Off; 27.4; 29.1;0;7;1083;7;1083;7;898;1;-
2026/04/18;16:46:50;100;-; 56.50; 0.5;-; 76.8; 76.2; 28.7; 0.7; 28.0;1849; 0.3; 0.4; 0.4;16; 22.7;F;1;29;On;On;Off; 27.4; 29.1;0;7;1083;7;1083;7;898;1;-
2026/04/18;16:47:50;100;-; 56.48; 0.1;-; 76.8; 76.8; 8.3; 0.7; 7.6;1849; 0.3; 0.4; 0.4;16; 22.7;F;1;29;On;On;Off; 27.4; 29.1;0;7;1083;7;1083;7;898;1;-
2026/04/18;16:48:50;100;-; 56.50; 0.5;-; 76.7; 76.1; 29.5; 0.0; 29.5;1849; 0.3; 0.4; 0.4;16; 22.7;F;1;29;On;On;Off; 27.4; 29.1;0;7;1083;7;1083;7;898;1;-
2026/04/18;16:49:50;100;-; 56.50; 0.5;-; 76.8; 76.2; 26.5; 0.7; 25.7;1849; 0.3; 0.4; 0.4;16; 22.7;F;1;29;On;On;Off; 27.4; 29.1;0;7;1083;7;1083;7;898;1;-
2026/04/18;16:50:50;100;-; 56.50; 0.1;-; 76.8; 76.8; 6.0; 0.7; 5.3;1849; 0.3; 0.4; 0.4;16; 22.7;F;1;29;On;On;Off; 27.4; 29.1;0;7;1083;7;1083;7;898;1;-
2026/04/18;16:51:50;100;-; 56.50; 0.2;-; 76.8; 76.5; 9.8; 0.7; 9.0;1849; 0.3; 0.4; 0.4;16; 22.7;F;1;29;On;On;Off; 27.4; 29.1;0;7;1083;7;1083;7;898;1;-
2026/04/18;16:52:50;100;-; 56.48; 0.2;-; 76.8; 76.8; 9.8; 0.7; 9.0;1849; 0.3; 0.4; 0.4;16; 22.7;F;1;29;On;On;Off; 27.4; 29.1;0;7;1083;7;1083;7;898;1;-
2026/04/18;16:53:50;100;-; 56.48; 0.2;-; 76.9; 76.9; 9.0; 0.7; 8.3;1849; 0.3; 0.4; 0.4;16; 22.7;F;1;29;On;On;Off; 27.4; 29.1;0;7;1083;7;1083;7;898;1;-
2026/04/18;16:54:50;100;-; 56.50; 0.4;-; 77.1; 76.8; 23.5; 0.7; 22.8;1849; 0.3; 0.4; 0.4;16; 22.7;F;1;29;On;On;Off; 27.4; 29.1;0;7;1083;7;1083;7;898;1;-
2026/04/18;16:55:50;100;-; 56.50; 0.3;-; 77.1; 77.0; 15.1; 0.7; 14.4;1849; 0.3; 0.4; 0.4;15; 22.7;F;1;29;On;On;Off; 27.4; 29.1;0;7;1083;7;1083;7;898;1;-
2026/04/18;16:56:50;100;-; 56.48; 0.3;-; 77.1; 76.8; 19.7; 0.7; 19.0;1849; 0.3; 0.4; 0.4;16; 22.7;F;1;29;On;On;Off; 27.4; 29.1;0;7;1083;7;1083;7;898;1;-
2026/04/18;16:57:50;100;-; 56.48; 0.5;-; 77.0; 76.7; 26.5; 0.7; 25.7;1849; 0.3; 0.4; 0.4;16; 22.7;F;1;29;On;On;Off; 27.4; 29.1;0;7;1083;7;1083;7;898;1;-
2026/04/18;16:58:50;100;-; 56.48; 0.4;-; 77.0; 76.8; 22.7; 0.7; 21.9;1849; 0.3; 0.4; 0.4;17; 22.7;F;1;29;On;On;Off; 27.4; 29.1;0;7;1083;7;1083;7;898;1;-
2026/04/18;16:59:50;100;-; 56.50; 0.5;-; 77.0; 76.6; 29.5; 0.7; 28.8;1849; 0.3; 0.4; 0.4;16; 22.7;F;1;29;On;On;Off; 27.4; 29.1;0;7;1083;7;1083;7;898;1;-
2026/04/18;17:00:50;100;-; 56.50; 0.4;-; 77.0; 76.8; 21.2; 0.7; 20.4;1849; 0.3; 0.4; 0.4;16; 22.7;F;1;29;On;On;Off; 27.4; 29.1;0;7;1083;7;1083;7;898;1;-
2026/04/18;17:01:49;100;-; 56.48; 0.2;-; 76.9; 76.8; 9.8; 0.7; 9.0;1849; 0.3; 0.4; 0.4;15; 22.7;F;1;29;On;On;Off; 27.4; 29.1;0;7;1083;7;1083;7;898;1;-
2026/04/18;17:02:49;100;-; 56.50; 0.4;-; 75.2; 74.8; 23.5; 0.7; 22.7;1849; 0.3; 0.4; 0.4;16; 22.7;F;1;29;On;On;Off; 27.4; 29.1;0;7;1083;7;1083;7;898;1;-
2026/04/18;17:03:49;100;-; 56.50; 0.3;-; 77.3; 76.9; 14.4; 0.7; 13.6;1849; 0.3; 0.4; 0.4;16; 22.7;F;1;29;On;On;Off; 27.4; 29.1;0;7;1083;7;1083;7;898;1;-
2026/04/18;17:04:49;100;-; 56.48; 0.5;-; 77.3; 76.8; 28.8; 0.0; 28.8;1849; 0.3; 0.4; 0.4;16; 22.7;F;1;29;On;On;Off; 27.4; 29.1;0;8;1084;8;1084;7;898;1;-
2026/04/18;17:05:49;100;-; 56.50; 0.5;-; 77.1; 76.5; 26.5; 0.7; 25.7;1849; 0.3; 0.4; 0.4;15; 22.7;F;1;29;On;On;Off; 27.4; 29.1;0;8;1084;8;1084;7;898;1;-
2026/04/18;17:06:49;100;-; 56.50; 0.3;-; 77.3; 77.3; 19.7; 0.7; 18.9;1849; 0.3; 0.4; 0.4;15; 22.7;F;1;29;On;On;Off; 27.4; 29.1;0;8;1084;8;1084;7;898;1;-
2026/04/18;17:07:49;100;-; 56.48; 0.3;-; 77.1; 77.1; 14.4; 0.7; 13.6;1849; 0.3; 0.4; 0.4;15; 22.7;F;1;29;On;On;Off; 27.4; 29.1;0;8;1084;8;1084;7;898;1;-
2026/04/18;17:08:49;100;-; 56.50; 0.3;-; 77.2; 77.0; 14.4; 0.7; 13.6;1849; 0.3; 0.4; 0.4;15; 22.7;F;1;29;On;On;Off; 27.4; 29.1;0;8;1084;8;1084;7;898;1;-
2026/04/18;17:09:49;100;-; 56.48; 0.4;-; 77.2; 76.9; 23.5; 0.7; 22.7;1849; 0.3; 0.4; 0.4;15; 22.7;F;1;29;On;On;Off; 27.4; 29.1;0;8;1084;8;1084;7;898;1;-
2026/04/18;17:10:49;100;-; 56.46; 0.3;-; 77.0; 76.8; 19.7; 0.7; 18.9;1849; 0.3; 0.4; 0.4;15; 22.7;F;1;29;On;On;Off; 27.4; 29.1;0;8;1084;8;1084;7;898;1;-
2026/04/18;17:11:49;100;-; 56.48; 0.2;-; 77.0; 76.8; 10.6; 0.7; 9.8;1849; 0.3; 0.4; 0.4;15; 22.7;F;1;29;On;On;Off; 27.4; 29.1;0;8;1084;8;1084;7;898;1;-
2026/04/18;17:12:49;100;-; 56.50; 0.5;-; 76.9; 76.6; 28.0; 0.7; 27.3;1849; 0.3; 0.4; 0.4;15; 22.7;F;1;29;On;On;Off; 27.4; 29.1;0;8;1084;8;1084;7;898;1;-
2026/04/18;17:13:49;100;-; 56.46; 0.2;-; 76.9; 76.8; 9.0; 0.0; 9.0;1850; 0.3; 0.4; 0.4;15; 22.7;F;1;29;On;On;Off; 27.4; 29.1;0;8;1084;8;1084;7;898;1;-
2026/04/18;17:14:49;100;-; 56.48; 0.1;-; 76.9; 77.0; 7.5; 0.7; 6.8;1850; 0.3; 0.4; 0.4;15; 22.7;F;1;29;On;On;Off; 27.4; 29.1;0;8;1084;8;1084;7;898;1;-
2026/04/18;17:15:49;100;-; 56.48; 0.5;-; 76.9; 76.3; 28.0; 0.0; 28.0;1850; 0.3; 0.4; 0.4;15; 22.7;F;1;29;On;On;Off; 27.4; 29.1;0;8;1084;8;1084;7;898;1;-
2026/04/18;17:16:48;100;-; 56.48; 0.3;-; 77.0; 76.7; 15.1; 0.7; 14.4;1850; 0.3; 0.4; 0.4;16; 22.7;F;1;29;On;On;Off; 27.4; 29.1;0;8;1084;8;1084;7;898;1;-
2026/04/18;17:17:48;100;-; 56.48; 0.2;-; 77.0; 76.9; 9.0; 0.7; 8.3;1850; 0.3; 0.4; 0.4;16; 22.7;F;1;29;On;On;Off; 27.4; 29.1;0;8;1084;8;1084;7;898;1;-
2026/04/18;17:18:48;100;-; 56.48; 0.3;-; 75.8; 75.5; 15.9; 0.7; 15.2;1850; 0.3; 0.4; 0.4;15; 22.7;F;1;29;On;On;Off; 27.4; 29.1;0;8;1084;8;1084;7;898;1;-
2026/04/18;17:19:48;100;-; 56.48; 0.4;-; 74.0; 73.5; 21.2; 0.7; 20.4;1850; 0.3; 0.4; 0.4;16; 22.7;F;1;29;On;On;Off; 27.4; 29.0;0;8;1084;8;1084;7;898;1;-
2026/04/18;17:20:48;100;-; 56.46; 0.2;-; 74.4; 74.6; 9.0; 0.0; 9.0;1850; 0.3; 0.4; 0.4;16; 22.7;F;1;29;On;On;Off; 27.4; 29.0;0;8;1084;8;1084;7;898;1;-
2026/04/18;17:21:48;100;-; 56.48; 0.5;-; 74.7; 73.8; 31.0; 0.0; 31.0;1850; 0.3; 0.4; 0.4;16; 22.8;F;1;29;On;On;Off; 27.4; 29.1;0;8;1084;8;1084;7;898;1;-
2026/04/18;17:22:48;100;-; 56.48; 0.3;-; 75.7; 75.7; 17.4; 0.7; 16.6;1850; 0.3; 0.4; 0.4;16; 22.7;F;1;29;On;On;Off; 27.4; 29.0;0;8;1084;8;1084;7;898;1;-
2026/04/18;17:23:48;100;-; 56.48; 0.5;-; 77.8; 77.5; 30.3; 0.7; 29.5;1850; 0.3; 0.3; 0.3;15; 22.8;F;1;29;On;On;Off; 27.4; 29.1;0;8;1084;8;1084;7;898;1;-
2026/04/18;17:24:48;100;-; 56.46; 0.3;-; 77.7; 77.5; 15.1; 0.7; 14.4;1850; 0.3; 0.3; 0.3;16; 22.7;F;1;29;On;On;Off; 27.4; 29.1;0;8;1084;8;1084;7;898;1;-
2026/04/18;17:25:48;100;-; 56.48; 0.3;-; 75.8; 75.4; 19.7; 0.7; 18.9;1850; 0.3; 0.4; 0.4;15; 22.7;F;1;29;On;On;Off; 27.4; 29.1;0;8;1084;8;1084;7;898;1;-
2026/04/18;17:26:48;100;-; 56.48; 0.5;-; 77.5; 77.0; 27.3; 0.7; 26.5;1850; 0.3; 0.4; 0.4;16; 22.8;F;1;29;On;On;Off; 27.4; 29.1;0;8;1084;8;1084;7;898;1;-
2026/04/18;17:27:48;100;-; 56.46; 0.3;-; 77.3; 77.0; 19.7; 0.7; 18.9;1850; 0.3; 0.3; 0.3;16; 22.8;F;1;29;On;On;Off; 27.4; 29.1;0;8;1084;8;1084;7;898;1;-
2026/04/18;17:28:48;100;-; 56.48; 0.2;-; 77.2; 77.3; 9.0; 0.7; 8.3;1850; 0.3; 0.3; 0.3;16; 22.8;F;1;29;On;On;Off; 27.4; 29.1;0;8;1084;8;1084;7;898;1;-
2026/04/18;17:29:48;100;-; 56.48; 0.3;-; 77.2; 77.4; 15.1; 0.7; 14.4;1850; 0.3; 0.3; 0.3;16; 22.8;F;1;29;On;On;Off; 27.4; 29.1;0;8;1084;8;1084;7;898;1;-
2026/04/18;17:30:48;100;-; 56.48; 0.4;-; 77.2; 76.9; 22.7; 0.7; 21.9;1850; 0.3; 0.3; 0.3;16; 22.8;F;1;29;On;On;Off; 27.4; 29.1;0;8;1084;8;1084;7;898;1;-
2026/04/18;17:31:47;100;-; 56.48; 0.5;-; 77.2; 76.8; 26.5; 0.7; 25.7;1850; 0.3; 0.3; 0.3;15; 22.8;F;1;29;On;On;Off; 27.4; 29.1;0;8;1084;8;1084;7;898;1;-
2026/04/18;17:32:47;100;-; 56.48; 0.4;-; 74.6; 74.5; 21.2; 0.7; 20.4;1850; 0.3; 0.4; 0.4;16; 22.8;F;1;29;On;On;Off; 27.4; 29.1;0;8;1084;8;1084;7;898;1;-
2026/04/18;17:33:47;100;-; 56.48; 0.4;-; 77.4; 77.0; 24.2; 0.7; 23.5;1850; 0.3; 0.4; 0.4;16; 22.8;F;1;29;On;On;Off; 27.4; 29.1;0;8;1084;8;1084;7;898;1;-
2026/04/18;17:34:47;100;-; 56.46; 0.5;-; 77.2; 76.9; 25.7; 0.7; 25.0;1850; 0.3; 0.3; 0.3;16; 22.8;F;1;29;On;On;Off; 27.4; 29.1;0;8;1084;8;1084;7;898;1;-
2026/04/18;17:35:47;100;-; 56.48; 0.5;-; 77.0; 76.6; 29.5; 0.7; 28.8;1850; 0.3; 0.3; 0.3;16; 22.8;F;1;29;On;On;Off; 27.4; 29.1;0;8;1084;8;1084;7;898;1;-
2026/04/18;17:36:47;100;-; 56.46; 0.2;-; 76.1; 76.4; 9.0; 0.7; 8.3;1850; 0.3; 0.3; 0.3;16; 22.8;F;1;29;On;On;Off; 27.4; 29.1;0;8;1084;8;1084;7;898;1;-
2026/04/18;17:37:47;100;-; 56.46; 0.3;-; 76.9; 76.8; 19.7; 0.0; 19.7;1850; 0.3; 0.4; 0.4;15; 22.8;F;1;29;On;On;Off; 27.4; 29.1;0;8;1084;8;1084;7;898;1;-
2026/04/18;17:38:47;100;-; 56.48; 0.4;-; 77.0; 76.6; 24.2; 0.7; 23.5;1850; 0.3; 0.3; 0.3;15; 22.8;F;1;29;On;On;Off; 27.4; 29.1;0;8;1084;8;1084;7;898;1;-
2026/04/18;17:39:47;100;-; 56.50; 0.5;-; 76.7; 76.3; 27.3; 0.7; 26.5;1850; 0.3; 0.3; 0.3;15; 22.8;F;1;29;On;On;Off; 27.4; 29.1;0;8;1084;8;1084;7;898;1;-
2026/04/18;17:40:47;100;-; 56.48; 0.2;-; 76.4; 76.2; 10.6; 0.0; 10.6;1850; 0.3; 0.3; 0.3;15; 22.8;F;1;29;On;On;Off; 27.4; 29.1;0;8;1084;8;1084;7;898;1;-
2026/04/18;17:41:47;100;-; 56.48; 0.1;-; 76.1; 76.5; 6.0; 0.7; 5.3;1850; 0.3; 0.3; 0.3;15; 22.8;F;1;29;On;On;Off; 27.4; 29.1;0;8;1084;8;1084;7;898;1;-
2026/04/18;17:42:47;100;-; 56.46; 0.1;-; 77.0; 77.0; 3.0; 0.7; 2.3;1850; 0.3; 0.4; 0.4;15; 22.8;F;1;29;On;On;Off; 27.4; 29.1;0;8;1084;8;1084;7;898;1;-
2026/04/18;17:43:47;100;-; 56.48; 0.1;-; 76.9; 77.2; 6.0; 0.7; 5.3;1850; 0.3; 0.3; 0.3;15; 22.8;F;1;29;On;On;Off; 27.4; 29.1;0;8;1084;8;1084;7;898;1;-
2026/04/18;17:44:47;100;-; 56.48; 0.5;-; 77.0; 76.5; 28.0; 0.7; 27.3;1850; 0.3; 0.3; 0.3;14; 22.7;F;1;29;On;On;Off; 27.4; 29.1;0;8;1084;8;1084;7;898;1;-
2026/04/18;17:45:47;100;-; 56.48; 0.6;-; 77.0; 76.4; 32.6; 0.0; 32.6;1850; 0.3; 0.3; 0.3;16; 22.8;F;1;29;On;On;Off; 27.4; 29.1;0;8;1084;8;1084;7;898;1;-
2026/04/18;17:46:46;100;-; 56.46; 0.3;-; 76.7; 76.7; 14.4; 0.0; 14.4;1850; 0.3; 0.4; 0.4;17; 22.7;F;1;29;On;On;Off; 27.4; 29.1;0;8;1084;8;1084;7;898;1;-
2026/04/18;17:47:46;100;-; 56.48; 0.4;-; 76.6; 76.5; 21.9; 0.7; 21.2;1850; 0.3; 0.4; 0.4;16; 22.7;F;1;29;On;On;Off; 27.4; 29.1;0;8;1084;8;1084;7;898;1;-
2026/04/18;17:48:46;100;-; 56.48; 0.4;-; 77.2; 76.8; 21.9; 0.7; 21.2;1850; 0.3; 0.3; 0.3;16; 22.7;F;1;29;On;On;Off; 27.4; 29.1;0;8;1084;8;1084;7;898;1;-
2026/04/18;17:49:46;100;-; 56.48; 0.1;-; 77.0; 77.1; 8.3; 0.7; 7.6;1850; 0.3; 0.3; 0.3;15; 22.7;F;1;29;On;On;Off; 27.4; 29.1;0;8;1084;8;1084;7;898;1;-
2026/04/18;17:50:46;100;-; 56.48; 0.4;-; 77.0; 76.6; 21.9; 0.7; 21.2;1850; 0.3; 0.3; 0.3;16; 22.7;F;1;29;On;On;Off; 27.4; 29.1;0;8;1084;8;1084;7;898;1;-
2026/04/18;17:51:46;100;-; 56.46; 0.1;-; 74.1; 74.0; 6.0; 0.0; 6.0;1850; 0.3; 0.4; 0.4;15; 22.7;F;1;29;On;On;Off; 27.4; 29.1;0;8;1084;8;1084;7;898;1;-
2026/04/18;17:52:46;100;-; 56.50; 0.5;-; 74.2; 73.6; 28.7; 0.7; 28.0;1850; 0.3; 0.4; 0.4;16; 22.7;F;1;29;On;On;Off; 27.4; 29.0;0;8;1084;8;1084;7;898;1;-
2026/04/18;17:53:46;100;-; 56.48; 0.1;-; 75.3; 75.5; 8.3; 0.7; 7.6;1850; 0.3; 0.4; 0.4;16; 22.7;F;1;29;On;On;Off; 27.4; 29.0;0;8;1084;8;1084;7;898;1;-
2026/04/18;17:54:46;100;-; 56.48; 0.4;-; 77.1; 76.8; 23.5; 0.7; 22.7;1850; 0.3; 0.4; 0.4;16; 22.7;F;1;29;On;On;Off; 27.4; 29.1;0;8;1084;8;1084;7;898;1;-
2026/04/18;17:55:46;100;-; 56.50; 0.4;-; 77.0; 76.6; 24.2; 0.7; 23.5;1850; 0.3; 0.3; 0.3;15; 22.7;F;1;29;On;On;Off; 27.4; 29.1;0;8;1084;8;1084;7;898;1;-
2026/04/18;17:56:46;100;-; 56.50; 0.5;-; 77.0; 76.6; 29.5; 0.7; 28.8;1850; 0.3; 0.3; 0.3;16; 22.7;F;1;29;On;On;Off; 27.4; 29.1;0;8;1084;8;1084;7;898;1;-
2026/04/18;17:57:46;100;-; 56.50; 0.4;-; 77.0; 76.5; 24.9; 0.7; 24.2;1850; 0.3; 0.3; 0.3;16; 22.7;F;1;29;On;On;Off; 27.4; 29.1;0;8;1084;8;1084;7;898;1;-
2026/04/18;17:58:46;100;-; 56.48; 0.2;-; 77.0; 76.8; 13.6; 0.7; 12.8;1850; 0.3; 0.3; 0.3;16; 22.7;F;1;29;On;On;Off; 27.4; 29.1;0;8;1084;8;1084;7;898;1;-
2026/04/18;17:59:46;100;-; 56.48; 0.2;-; 76.7; 77.0; 12.1; 0.7; 11.4;1850; 0.3; 0.3; 0.3;15; 22.7;F;1;29;On;On;Off; 27.4; 29.1;0;8;1084;8;1084;7;898;1;-
2026/04/18;18:00:46;100;-; 56.50; 0.3;-; 76.8; 76.8; 15.9; 0.7; 15.2;1850; 0.3; 0.4; 0.4;16; 22.7;F;1;29;On;On;Off; 27.4; 29.1;0;8;1084;8;1084;7;898;1;-
2026/04/18;18:01:46;100;-; 56.50; 0.5;-; 76.8; 76.3; 27.3; 0.7; 26.5;1850; 0.3; 0.3; 0.3;16; 22.7;F;1;29;On;On;Off; 27.4; 29.1;0;8;1084;8;1084;7;898;1;-
2026/04/18;18:02:45;100;-; 56.48; 0.3;-; 76.7; 76.6; 15.9; 0.7; 15.2;1850; 0.3; 0.3; 0.3;16; 22.7;F;1;29;On;On;Off; 27.4; 29.1;0;8;1084;8;1084;7;898;1;-
2026/04/18;18:03:45;100;-; 56.50; 0.5;-; 76.2; 75.7; 29.5; 0.7; 28.8;1850; 0.3; 0.4; 0.4;16; 22.7;F;1;29;On;On;Off; 27.4; 29.1;0;8;1084;8;1084;7;898;1;-
2026/04/18;18:04:45;100;-; 56.50; 0.4;-; 75.7; 75.2; 22.7; 0.0; 22.7;1850; 0.3; 0.4; 0.4;16; 22.7;F;1;29;On;On;Off; 27.4; 29.0;0;8;1084;8;1084;7;898;1;-
2026/04/18;18:05:45;100;-; 56.50; 0.5;-; 76.8; 76.4; 30.3; 0.7; 29.5;1850; 0.3; 0.4; 0.4;16; 22.7;F;1;29;On;On;Off; 27.4; 29.0;0;8;1084;8;1084;7;898;1;-
2026/04/18;18:06:45;100;-; 56.50; 0.5;-; 75.1; 74.4; 29.5; 0.7; 28.8;1850; 0.3; 0.4; 0.4;16; 22.7;F;1;29;On;On;Off; 27.4; 29.1;0;8;1084;8;1084;7;898;1;-
2026/04/18;18:07:45;100;-; 56.48; 0.3;-; 76.8; 76.9; 14.4; 0.7; 13.6;1850; 0.3; 0.4; 0.4;16; 22.7;F;1;29;On;On;Off; 27.4; 29.0;0;8;1084;8;1084;7;898;1;-
2026/04/18;18:08:45;100;-; 56.48; 0.3;-; 76.7; 76.5; 14.4; 0.7; 13.6;1850; 0.3; 0.4; 0.4;16; 22.7;F;1;29;On;On;Off; 27.4; 29.0;0;8;1084;8;1084;7;898;1;-
2026/04/18;18:09:45;100;-; 56.50; 0.4;-; 74.7; 74.6; 20.4; 0.7; 19.7;1850; 0.3; 0.4; 0.4;16; 22.7;F;1;29;On;On;Off; 27.4; 29.0;0;8;1084;8;1084;7;898;1;-
2026/04/18;18:10:45;100;-; 56.50; 0.3;-; 74.2; 73.5; 19.0; 0.0; 19.0;1850; 0.3; 0.4; 0.4;16; 22.7;F;1;29;On;On;Off; 27.4; 29.0;0;8;1084;8;1084;7;898;1;-
2026/04/18;18:11:45;100;-; 56.50; 0.5;-; 76.1; 75.3; 28.8; 0.0; 28.8;1850; 0.3; 0.4; 0.4;15; 22.7;F;1;29;On;On;Off; 27.4; 29.0;0;8;1084;8;1084;7;898;1;-
2026/04/18;18:12:45;100;-; 56.50; 0.2;-; 76.7; 76.5; 12.8; 0.7; 12.1;1850; 0.3; 0.4; 0.4;15; 22.7;F;1;29;On;On;Off; 27.4; 29.0;0;8;1084;8;1084;7;898;1;-
2026/04/18;18:13:45;100;-; 56.50; 0.5;-; 75.5; 74.7; 28.7; 0.7; 28.0;1851; 0.3; 0.4; 0.4;15; 22.7;F;1;29;On;On;Off; 27.4; 29.0;0;8;1084;8;1084;7;898;1;-
2026/04/18;18:14:45;100;-; 56.50; 0.4;-; 76.9; 76.4; 20.4; 0.7; 19.7;1851; 0.3; 0.4; 0.4;16; 22.7;F;1;29;On;On;Off; 27.4; 29.0;0;8;1084;8;1084;7;898;1;-
2026/04/18;18:15:45;100;-; 56.48; 0.1;-; 76.9; 76.7; 5.3; 0.0; 5.3;1851; 0.3; 0.3; 0.3;15; 22.7;F;1;29;On;On;Off; 27.4; 29.0;0;8;1084;8;1084;7;898;1;-
2026/04/18;18:16:45;100;-; 56.50; 0.3;-; 76.8; 76.5; 15.9; 0.7; 15.2;1851; 0.3; 0.4; 0.4;15; 22.7;F;1;29;On;On;Off; 27.4; 29.0;0;8;1084;8;1084;7;898;1;-
2026/04/18;18:17:44;100;-; 56.50; 0.5;-; 76.6; 75.8; 27.3; 0.7; 26.5;1851; 0.3; 0.4; 0.4;15; 22.7;F;1;29;On;On;Off; 27.4; 29.0;0;8;1084;8;1084;7;898;1;-
2026/04/18;18:18:44;100;-; 56.50; 0.3;-; 76.6; 75.8; 18.2; 0.7; 17.4;1851; 0.3; 0.4; 0.4;15; 22.7;F;1;29;On;On;Off; 27.4; 29.0;0;8;1084;8;1084;7;898;1;-
2026/04/18;18:19:44;100;-; 56.48; 0.3;-; 76.5; 75.9; 18.2; 0.7; 17.4;1851; 0.3; 0.4; 0.4;15; 22.7;F;1;29;On;On;Off; 27.4; 29.0;0;8;1084;8;1084;7;898;1;-
2026/04/18;18:20:44;100;-; 56.50; 0.3;-; 76.3; 75.8; 14.4; 0.7; 13.6;1851; 0.3; 0.4; 0.4;15; 22.7;F;1;29;On;On;Off; 27.4; 29.0;0;8;1084;8;1084;7;898;1;-
2026/04/18;18:21:44;100;-; 56.50; 0.5;-; 76.0; 75.1; 27.3; 0.7; 26.5;1851; 0.3; 0.4; 0.4;15; 22.7;F;1;29;On;On;Off; 27.4; 29.0;0;8;1084;8;1084;7;898;1;-
2026/04/18;18:22:44;100;-; 56.48; 0.2;-; 75.5; 74.8; 13.6; 0.7; 12.8;1851; 0.3; 0.4; 0.4;15; 22.7;F;1;29;On;On;Off; 27.3; 29.0;0;8;1084;8;1084;7;898;1;-
2026/04/18;18:23:44;100;-; 56.50; 0.5;-; 74.2; 72.6; 28.7; 0.7; 28.0;1851; 0.3; 0.4; 0.4;15; 22.7;F;1;29;On;On;Off; 27.4; 29.0;0;8;1084;8;1084;7;898;1;-
2026/04/18;18:24:44;100;-; 56.50; 0.3;-; 75.2; 74.7; 18.9; 0.7; 18.2;1851; 0.3; 0.4; 0.4;15; 22.7;F;1;29;On;On;Off; 27.4; 29.0;0;8;1084;8;1084;7;898;1;-
2026/04/18;18:25:44;100;-; 56.50; 0.5;-; 76.0; 75.1; 28.0; 0.7; 27.3;1851; 0.3; 0.4; 0.4;15; 22.7;F;1;29;On;On;Off; 27.3; 29.0;0;8;1084;8;1084;7;898;1;-
2026/04/18;18:26:44;100;-; 56.48; 0.3;-; 73.7; 73.5; 16.6; 0.7; 15.9;1851; 0.3; 0.4; 0.4;15; 22.7;F;1;29;On;On;Off; 27.4; 29.0;0;8;1084;8;1084;7;898;1;-
2026/04/18;18:27:44;100;-; 56.50; 0.4;-; 73.9; 72.7; 22.7; 0.7; 22.0;1851; 0.3; 0.4; 0.4;16; 22.7;F;1;29;On;On;Off; 27.3; 28.9;0;8;1084;8;1084;7;898;1;-
2026/04/18;18:28:44;100;-; 56.48; 0.0;-; 73.7; 74.7; 2.2; 0.7; 1.5;1851; 0.3; 0.4; 0.4;16; 22.7;F;1;29;On;On;Off; 27.3; 28.9;0;8;1084;8;1084;7;898;1;-
2026/04/18;18:29:44;100;-; 56.50; 0.2;-; 75.5; 75.8; 11.4; 0.0; 11.4;1851; 0.3; 0.4; 0.4;16; 22.7;F;1;29;On;On;Off; 27.3; 28.9;0;8;1084;8;1084;7;898;1;-
2026/04/18;18:30:44;100;-; 56.50; 0.3;-; 75.8; 76.3; 15.1; 0.7; 14.4;1851; 0.3; 0.4; 0.4;16; 22.7;F;1;29;On;On;Off; 27.3; 29.0;0;8;1084;8;1084;7;898;1;-
2026/04/18;18:31:44;100;-; 56.50; 0.4;-; 75.5; 75.6; 24.2; 0.7; 23.5;1851; 0.3; 0.4; 0.4;15; 22.7;F;1;29;On;On;Off; 27.3; 29.0;0;8;1084;8;1084;7;898;1;-
2026/04/18;18:32:43;100;-; 56.50; 0.5;-; 75.0; 74.6; 28.0; 0.7; 27.3;1851; 0.3; 0.4; 0.4;15; 22.7;F;1;29;On;On;Off; 27.3; 29.0;0;8;1084;8;1084;7;898;1;-
2026/04/18;18:33:43;100;-; 56.50; 0.2;-; 74.9; 75.6; 10.6; 0.7; 9.8;1851; 0.3; 0.4; 0.4;16; 22.7;F;1;29;On;On;Off; 27.3; 29.0;0;8;1084;8;1084;7;898;1;-
2026/04/18;18:34:43;100;-; 56.50; 0.5;-; 75.2; 75.1; 28.0; 0.7; 27.3;1851; 0.3; 0.4; 0.4;16; 22.7;F;1;29;On;On;Off; 27.3; 29.0;0;8;1084;8;1084;7;898;1;-
2026/04/18;18:35:43;100;-; 56.50; 0.4;-; 74.9; 75.1; 21.2; 0.7; 20.4;1851; 0.3; 0.4; 0.4;15; 22.7;F;1;29;On;On;Off; 27.3; 29.0;0;8;1084;8;1084;7;898;1;-
2026/04/18;18:36:43;100;-; 56.48; 0.1;-; 74.2; 74.5; 7.5; 0.7; 6.8;1851; 0.3; 0.4; 0.4;15; 22.7;F;1;29;On;On;Off; 27.3; 28.9;0;8;1084;8;1084;7;898;1;-
2026/04/18;18:37:43;100;-; 56.48; 0.1;-; 75.3; 75.9; 6.8; 0.7; 6.1;1851; 0.3; 0.4; 0.4;15; 22.7;F;1;29;On;On;Off; 27.3; 29.0;0;8;1084;8;1084;7;898;1;-
2026/04/18;18:38:43;100;-; 56.48; 0.2;-; 75.0; 75.1; 11.3; 0.7; 10.6;1851; 0.3; 0.4; 0.4;16; 22.7;F;1;29;On;On;Off; 27.3; 29.0;0;8;1084;8;1084;7;898;1;-
2026/04/18;18:39:43;100;-; 56.50; 0.3;-; 74.2; 74.4; 17.4; 0.7; 16.6;1851; 0.3; 0.4; 0.4;16; 22.7;F;1;29;On;On;Off; 27.3; 28.9;0;8;1084;8;1084;7;898;1;-
2026/04/18;18:40:43;100;-; 56.50; 0.6;-; 74.1; 72.1; 33.3; 0.7; 32.6;1851; 0.3; 0.4; 0.4;16; 22.7;F;1;29;On;On;Off; 27.3; 28.9;0;8;1084;8;1084;7;898;1;-
2026/04/18;18:41:43;100;-; 56.50; 0.5;-; 74.5; 74.1; 29.5; 0.7; 28.8;1851; 0.3; 0.4; 0.4;16; 22.7;F;1;29;On;On;Off; 27.3; 28.9;0;8;1084;8;1084;7;898;1;-
2026/04/18;18:42:43;100;-; 56.48; 0.3;-; 73.8; 73.1; 17.4; 0.0; 17.4;1851; 0.3; 0.4; 0.4;16; 22.7;F;1;29;On;On;Off; 27.3; 28.9;0;8;1084;8;1084;7;898;1;-
2026/04/18;18:43:43;100;-; 56.48; 0.3;-; 73.7; 73.0; 14.4; 0.7; 13.6;1851; 0.3; 0.4; 0.4;16; 22.7;F;1;29;On;On;Off; 27.3; 28.9;0;8;1084;8;1084;7;898;1;-
2026/04/18;18:44:43;100;-; 56.50; 0.3;-; 73.5; 72.9; 14.4; 0.7; 13.6;1851; 0.3; 0.4; 0.4;16; 22.7;F;1;29;On;On;Off; 27.3; 28.9;0;8;1084;8;1084;7;898;1;-
2026/04/18;18:45:43;100;-; 56.50; 0.4;-; 73.3; 72.1; 22.7; 0.7; 22.0;1851; 0.3; 0.4; 0.4;17; 22.7;F;1;29;On;On;Off; 27.3; 28.9;0;8;1084;8;1084;7;898;1;-
2026/04/18;18:46:43;100;-; 56.50; 0.4;-; 73.2; 72.1; 21.2; 0.0; 21.2;1851; 0.3; 0.4; 0.4;17; 22.7;F;1;29;On;On;Off; 27.3; 28.9;0;8;1084;8;1084;7;898;1;-
2026/04/18;18:47:43;100;-; 56.48; 0.2;-; 73.3; 73.1; 13.6; 0.0; 13.6;1851; 0.3; 0.4; 0.4;16; 22.7;F;1;29;On;On;Off; 27.2; 28.9;0;8;1084;8;1084;7;898;1;-
2026/04/18;18:48:42;100;-; 56.50; 0.3;-; 73.0; 72.7; 19.0; 0.0; 19.0;1851; 0.3; 0.4; 0.4;17; 22.7;F;1;29;On;On;Off; 27.2; 28.9;0;8;1084;8;1084;7;898;1;-
2026/04/18;18:49:42;100;-; 56.50; 0.4;-; 73.2; 71.3; 24.2; 0.7; 23.5;1851; 0.3; 0.4; 0.4;17; 22.7;F;1;29;On;On;Off; 27.2; 28.8;0;8;1084;8;1084;7;898;1;-
2026/04/18;18:50:42;100;-; 56.48; 0.3;-; 73.2; 72.4; 15.9; 0.7; 15.2;1851; 0.3; 0.4; 0.4;17; 22.7;F;1;29;On;On;Off; 27.3; 28.8;0;8;1084;8;1084;7;898;1;-
2026/04/18;18:51:42;100;-; 56.50; 0.5;-; 73.2; 70.2; 28.8; 0.0; 28.8;1851; 0.3; 0.4; 0.4;16; 22.7;F;1;29;On;On;Off; 27.2; 28.8;0;8;1084;8;1084;7;898;1;-
2026/04/18;18:52:42;100;-; 56.48; 0.1;-; 73.1; 73.7; 4.5; 0.7; 3.8;1851; 0.3; 0.4; 0.4;16; 22.7;F;1;29;On;On;Off; 27.2; 28.8;0;8;1084;8;1084;7;898;1;-
2026/04/18;18:53:42;100;-; 56.48; 0.3;-; 73.0; 71.5; 16.6; 0.7; 15.9;1851; 0.3; 0.4; 0.4;16; 22.7;F;1;29;On;On;Off; 27.2; 28.8;0;8;1084;8;1084;7;898;1;-
2026/04/18;18:54:42;100;-; 56.48; 0.2;-; 73.0; 72.1; 13.6; 0.7; 12.8;1851; 0.3; 0.4; 0.4;17; 22.7;F;1;29;On;On;Off; 27.2; 28.8;0;8;1084;8;1084;7;898;1;-
2026/04/18;18:55:42;100;-; 56.50; 0.3;-; 72.9; 71.2; 19.7; 0.0; 19.7;1851; 0.3; 0.4; 0.4;17; 22.7;F;1;29;On;On;Off; 27.2; 28.8;0;8;1084;8;1084;7;898;1;-
2026/04/18;18:56:42;100;-; 56.48; 0.2;-; 73.0; 72.4; 12.1; 0.7; 11.4;1851; 0.3; 0.4; 0.4;16; 22.7;F;1;29;On;On;Off; 27.2; 28.8;0;8;1084;8;1084;7;898;1;-
2026/04/18;18:57:42;100;-; 56.48; 0.5;-; 72.8; 70.2; 26.5; 0.0; 26.5;1851; 0.3; 0.4; 0.4;16; 22.7;F;1;29;On;On;Off; 27.2; 28.8;0;8;1084;8;1084;7;898;1;-
2026/04/18;18:58:42;100;-; 56.50; 0.4;-; 73.0; 69.7; 25.0; 0.0; 25.0;1851; 0.3; 0.4; 0.4;16; 22.7;F;1;29;On;On;Off; 27.2; 28.8;0;8;1084;8;1084;7;898;1;-
2026/04/18;18:59:42;100;-; 56.48; 0.5;-; 72.9; 69.9; 25.7; 0.0; 25.7;1851; 0.3; 0.4; 0.4;16; 22.7;F;1;29;On;On;Off; 27.2; 28.8;0;8;1084;8;1084;7;898;1;-
2026/04/18;19:00:42;100;-; 56.48; 0.3;-; 72.9; 71.9; 14.4; 0.0; 14.4;1851; 0.3; 0.4; 0.4;16; 22.7;F;1;29;On;On;Off; 27.2; 28.8;0;8;1084;8;1084;7;898;1;-
2026/04/18;19:01:42;100;-; 56.50; 0.5;-; 73.0; 70.0; 25.7; 0.0; 25.7;1851; 0.3; 0.4; 0.4;16; 22.7;F;1;29;On;On;Off; 27.2; 28.8;0;8;1084;8;1084;7;898;1;-
2026/04/18;19:02:42;100;-; 56.50; 0.3;-; 72.9; 71.6; 18.2; 0.0; 18.2;1851; 0.3; 0.4; 0.4;16; 22.7;F;1;29;On;On;Off; 27.2; 28.8;0;8;1084;8;1084;7;898;1;-
2026/04/18;19:03:41;100;-; 56.50; 0.3;-; 72.8; 71.5; 19.0; 0.0; 19.0;1851; 0.3; 0.4; 0.4;16; 22.7;F;1;29;On;On;Off; 27.2; 28.8;0;8;1084;8;1084;7;898;1;-
2026/04/18;19:04:41;100;-; 56.48; 0.1;-; 72.6; 72.8; 8.3; 0.7; 7.6;1851; 0.3; 0.4; 0.4;16; 22.7;F;1;29;On;On;Off; 27.2; 28.8;0;8;1084;8;1084;7;898;1;-
2026/04/18;19:05:41;100;-; 56.48; 0.1;-; 72.5; 72.8; 6.8; 0.7; 6.1;1851; 0.3; 0.4; 0.4;16; 22.7;F;1;29;On;On;Off; 27.2; 28.8;0;8;1084;8;1084;7;898;1;-
2026/04/18;19:06:41;100;-; 56.50; 0.4;-; 72.4; 69.6; 23.5; 0.0; 23.5;1851; 0.3; 0.4; 0.4;16; 22.7;F;1;29;On;On;Off; 27.2; 28.7;0;8;1084;8;1084;7;898;1;-
2026/04/18;19:07:41;100;-; 56.50; 0.4;-; 72.5; 69.5; 23.5; 0.0; 23.5;1851; 0.3; 0.4; 0.4;16; 22.7;F;1;29;On;On;Off; 27.2; 28.7;0;8;1084;8;1084;7;898;1;-
2026/04/18;19:08:41;100;-; 56.48; 0.2;-; 72.3; 71.3; 12.8; 0.0; 12.8;1851; 0.3; 0.4; 0.4;17; 22.7;F;1;29;On;On;Off; 27.2; 28.7;0;8;1084;8;1084;7;898;1;-
2026/04/18;19:09:41;100;-; 56.48; 0.1;-; 72.2; 72.5; 6.8; 0.7; 6.1;1851; 0.3; 0.4; 0.4;16; 22.7;F;1;29;On;On;Off; 27.2; 28.7;0;8;1084;8;1084;7;898;1;-
2026/04/18;19:10:41;100;-; 56.50; 0.4;-; 72.3; 69.5; 20.4; 0.7; 19.7;1851; 0.3; 0.4; 0.4;15; 22.7;F;1;29;On;On;Off; 27.2; 28.7;0;8;1084;8;1084;7;898;1;-
2026/04/18;19:11:41;100;-; 56.50; 0.4;-; 72.3; 69.3; 22.7; 0.0; 22.7;1851; 0.3; 0.4; 0.4;15; 22.7;F;1;29;On;On;Off; 27.1; 28.7;0;8;1084;8;1084;7;898;1;-
2026/04/18;19:12:41;100;-; 56.50; 0.4;-; 72.1; 68.3; 23.5; 0.0; 23.5;1851; 0.3; 0.4; 0.4;16; 22.7;F;1;29;On;On;Off; 27.1; 28.7;0;8;1084;8;1084;7;898;1;-
2026/04/18;19:13:41;100;-; 56.50; 0.3;-; 72.0; 67.9; 19.7; 0.7; 19.0;1852; 0.3; 0.4; 0.4;16; 22.7;F;1;29;On;On;Off; 27.1; 28.7;0;8;1084;8;1084;7;898;1;-
2026/04/18;19:14:41;100;-; 56.48; 0.2;-; 71.8; 70.3; 13.6; 0.0; 13.6;1852; 0.3; 0.4; 0.4;16; 22.7;F;1;29;On;On;Off; 27.1; 28.7;0;8;1084;8;1084;7;898;1;-
2026/04/18;19:15:41;100;-; 56.50; 0.3;-; 71.7; 68.3; 17.4; 0.0; 17.4;1852; 0.3; 0.4; 0.4;16; 22.7;F;1;29;On;On;Off; 27.1; 28.7;0;8;1084;8;1084;7;898;1;-
2026/04/18;19:16:41;100;-; 56.50; 0.4;-; 71.5; 68.5; 21.2; 0.7; 20.4;1852; 0.3; 0.3; 0.3;16; 22.7;F;1;29;On;On;Off; 27.1; 28.7;0;8;1084;8;1084;7;898;1;-
2026/04/18;19:17:41;100;-; 56.50; 0.4;-; 71.5; 67.0; 20.4; 0.0; 20.4;1852; 0.3; 0.3; 0.3;16; 22.7;F;1;29;On;On;Off; 27.1; 28.6;0;8;1084;8;1084;7;898;1;-
2026/04/18;19:18:40;100;-; 56.50; 0.4;-; 71.7; 67.6; 20.4; 0.7; 19.7;1852; 0.3; 0.3; 0.3;16; 22.7;F;1;29;On;On;Off; 27.1; 28.6;0;8;1084;8;1084;7;898;1;-
2026/04/18;19:19:40;100;-; 56.48; 0.3;-; 71.5; 68.7; 17.4; 0.0; 17.4;1852; 0.3; 0.3; 0.3;16; 22.7;F;1;29;On;On;Off; 27.1; 28.6;0;8;1084;8;1084;7;898;1;-
2026/04/18;19:20:40;100;-; 54.33; 0.1;-; 71.1; 70.8; 8.0; 0.0; 8.0;1852; 0.0; 0.2; 0.2;1; 22.6;F;1;29;On;On;Off; 27.1; 28.0;0;8;1084;8;1084;7;898;1;-
2026/04/18;19:21:40;100;-; 53.85; 0.2;-; 70.8; 70.1; 9.4; 0.0; 9.4;1852;-0.1; 0.2; 0.2;-4; 22.6;F;1;29;On;On;Off; 27.0; 28.5;0;8;1084;8;1084;7;898;1;-
2026/04/18;19:22:40;100;-; 53.70; 0.2;-; 70.0; 70.7; 9.3; 8.6; 0.7;1852;-0.1; 0.1; 0.1;-4; 22.6;F;1;29;On;On;Off; 28.6; 26.7;0;8;1084;8;1084;7;898;1;-
2026/04/18;19:23:40;100;-; 53.62; 0.2;-; 70.7; 69.7; 10.0; 0.7; 9.3;1852;-0.1; 0.2; 0.2;-2; 22.7;F;1;29;On;On;Off; 28.8; 27.5;0;8;1084;8;1084;7;898;1;-
2026/04/18;19:24:40;100;-; 53.60; 0.2;-; 70.5; 69.9; 9.3; 0.7; 8.6;1852;-0.1; 0.2; 0.2;-3; 22.7;F;1;29;On;On;Off; 27.2; 28.5;0;8;1084;8;1084;7;898;1;-
2026/04/18;19:25:40;100;-; 53.54; 0.1;-; 69.9; 70.3; 7.9; 7.9; 0.0;1852;-0.1; 0.1; 0.1;-5; 22.7;F;1;29;On;On;Off; 28.1; 26.9;0;8;1084;8;1084;7;898;1;-
2026/04/18;19:26:40;100;-; 53.50; 0.1;-; 69.8; 70.2; 7.9; 7.9; 0.0;1852;-0.1; 0.2; 0.2;-4; 22.6;F;1;29;On;On;Off; 28.8; 26.6;0;8;1084;8;1084;7;898;1;-
2026/04/18;19:27:40;100;-; 53.46; 0.2;-; 70.2; 69.6; 8.6; 0.7; 7.9;1852;-0.1; 0.2; 0.2;-4; 22.6;F;1;29;On;On;Off; 27.4; 28.4;0;8;1084;8;1084;7;898;1;-
2026/04/18;19:28:40;100;-; 53.46; 0.0;-; 70.0; 70.0; 0.7; 0.0; 0.7;1852;-0.1; 0.1; 0.1;-5; 22.6;F;1;29;On;On;Off; 27.1; 27.7;0;8;1084;8;1084;7;898;1;-
2026/04/18;19:29:40;100;-; 53.40; 0.1;-; 69.6; 69.9; 6.4; 6.4; 0.0;1852;-0.2; 0.1; 0.1;-7; 22.6;F;1;29;On;On;Off; 28.7; 26.6;0;8;1084;8;1084;7;898;1;-
2026/04/18;19:30:40;100;-; 53.34; 0.1;-; 69.6; 69.6; 6.4; 0.0; 6.4;1852;-0.2; 0.1; 0.1;-9; 22.6;F;1;29;On;On;Off; 28.0; 28.1;0;8;1084;8;1084;7;898;1;-
2026/04/18;19:31:40;100;-; 53.30; 0.0;-; 69.5; 70.7; 0.7; 0.0; 0.7;1852;-0.2; 0.1; 0.1;-10; 22.6;F;1;29;On;On;Off; 27.1; 28.5;0;8;1084;8;1084;7;898;1;-
2026/04/18;19:32:40;100;-; 53.28; 0.1;-; 69.5; 69.2; 5.7; 5.7; 0.0;1852;-0.2; 0.1; 0.1;-10; 22.6;F;1;29;On;On;Off; 28.5; 26.7;0;8;1084;8;1084;7;898;1;-
2026/04/18;19:33:39;100;-; 53.20; 0.2;-; 69.5; 69.4; 9.9; 5.0; 5.0;1852;-0.2; 0.1; 0.1;-12; 22.6;F;1;29;On;On;Off; 28.8; 27.1;0;8;1084;8;1084;7;898;1;-
2026/04/18;19:34:39;100;-; 53.18; 0.1;-; 68.9; 69.3; 5.6; 0.7; 5.0;1852;-0.3; 0.1; 0.1;-13; 22.6;F;1;29;On;On;Off; 27.2; 28.4;0;8;1084;8;1084;7;898;1;-
2026/04/18;19:35:39;100;-; 53.14; 0.1;-; 69.4; 68.7; 4.9; 4.3; 0.7;1852;-0.2; 0.1; 0.1;-11; 22.6;F;1;29;On;On;Off; 27.7; 27.0;0;8;1084;8;1084;7;898;1;-
2026/04/18;19:36:39;100;-; 53.10; 0.1;-; 69.4; 68.6; 4.9; 4.3; 0.7;1852;-0.3; 0.1; 0.1;-13; 22.6;F;1;29;On;On;Off; 28.8; 26.6;0;8;1084;8;1084;7;898;1;-
2026/04/18;19:37:39;99;-; 53.06; 0.1;-; 68.6; 69.2; 4.9; 0.0; 4.9;1852;-0.3; 0.1; 0.1;-14; 22.6;F;1;29;On;On;Off; 27.4; 28.3;0;8;1084;8;1084;7;898;1;-
2026/04/18;19:38:39;99;-; 53.06; 0.0;-; 68.5; 68.3; 0.0; 0.0; 0.0;1852;-0.3; 0.1; 0.1;-13; 22.6;F;1;29;On;On;Off; 27.1; 28.1;0;8;1084;8;1084;7;898;1;-
2026/04/18;19:39:39;99;-; 53.01; 0.1;-; 69.3; 68.2; 4.2; 3.6; 0.7;1852;-0.2; 0.1; 0.1;-12; 22.6;F;1;29;On;On;Off; 28.7; 26.6;0;8;1084;8;1084;7;898;1;-
2026/04/18;19:40:39;99;-; 52.97; 0.1;-; 68.1; 69.0; 4.2; 0.0; 4.2;1852;-0.3; 0.1; 0.1;-15; 22.6;F;1;29;On;On;Off; 28.3; 27.9;0;8;1084;8;1084;7;898;1;-
2026/04/18;19:41:39;99;-; 52.93; 0.1;-; 67.8; 68.8; 4.2; 0.0; 4.2;1852;-0.3; 0.1; 0.1;-13; 22.6;F;1;29;On;On;Off; 27.1; 28.4;0;8;1084;8;1084;7;898;1;-
2026/04/18;19:42:39;99;-; 52.89; 0.1;-; 69.0; 67.8; 4.2; 3.5; 0.7;1852;-0.2; 0.1; 0.1;-12; 22.6;F;1;29;On;On;Off; 28.4; 26.7;0;8;1084;8;1084;7;898;1;-
2026/04/18;19:43:39;99;-; 52.83; 0.1;-; 70.3; 68.8; 3.5; 0.0; 3.5;1852;-0.3; 0.1; 0.1;-14; 22.6;F;1;29;On;On;Off; 28.7; 26.6;0;8;1084;8;1084;7;898;1;-
2026/04/18;19:44:39;99;-; 52.81; 0.1;-; 67.5; 69.0; 3.5; 0.7; 2.8;1852;-0.3; 0.1; 0.1;-17; 22.6;F;1;29;On;On;Off; 27.2; 28.4;0;8;1084;8;1084;7;898;1;-
2026/04/18;19:45:39;99;-; 52.79; 0.1;-; 68.9; 67.0; 2.8; 2.8; 0.0;1852;-0.3; 0.1; 0.1;-13; 22.6;F;1;29;On;On;Off; 27.3; 27.1;0;8;1084;8;1084;7;898;1;-
2026/04/18;19:46:39;99;-; 52.75; 0.1;-; 68.8; 66.8; 3.5; 2.8; 0.7;1852;-0.3; 0.1; 0.1;-15; 22.6;F;1;29;On;On;Off; 28.7; 26.5;0;8;1084;8;1084;7;898;1;-
2026/04/18;19:47:39;99;-; 52.75; 0.0;-; 66.8; 66.6; 0.7; 0.0; 0.7;1852;-0.3; 0.0; 0.0;-15; 22.6;F;1;29;On;On;Off; 27.4; 26.5;0;8;1084;8;1084;7;898;1;-
2026/04/18;19:48:39;99;-; 52.79; 0.0;-; 66.6; 66.4; 0.7; 0.0; 0.7;1852;-0.2; 0.0; 0.0;-8; 22.6;F;1;29;On;On;Off; 26.7; 26.3;0;8;1084;8;1084;7;898;1;-
2026/04/18;19:49:38;99;-; 52.77; 0.0;-; 66.4; 66.3; 0.7; 0.0; 0.7;1852;-0.2; 0.0; 0.0;-8; 22.6;F;1;29;On;On;Off; 26.5; 26.1;0;8;1084;8;1084;7;898;1;-
2026/04/18;19:50:38;99;-; 52.79; 0.0;-; 66.2; 66.0; 0.7; 0.0; 0.7;1852;-0.2; 0.0; 0.0;-8; 22.6;F;1;29;On;On;Off; 26.4; 26.0;0;8;1084;8;1084;7;898;1;-
2026/04/18;19:51:38;99;-; 52.77; 0.0;-; 65.9; 65.8; 0.0; 0.0; 0.0;1852;-0.2; 0.0; 0.0;-8; 22.6;F;1;29;On;On;Off; 26.2; 25.9;0;8;1084;8;1084;7;898;1;-
2026/04/18;19:52:38;99;-; 52.79; 0.0;-; 65.8; 65.7; 0.7; 0.0; 0.7;1852;-0.2; 0.0; 0.0;-9; 22.6;F;1;29;On;On;Off; 26.2; 25.7;0;8;1084;8;1084;7;898;1;-
2026/04/18;19:53:38;99;-; 52.75; 0.0;-; 65.6; 65.2; 0.0; 0.0; 0.0;1852;-0.2; 0.0; 0.0;-9; 22.6;F;1;29;On;On;Off; 26.1; 25.6;0;8;1084;8;1084;7;898;1;-
2026/04/18;19:54:38;99;-; 52.77; 0.0;-; 65.2; 65.0; 0.7; 0.0; 0.7;1852;-0.2; 0.0; 0.0;-8; 22.6;F;1;29;On;On;Off; 25.9; 25.6;0;8;1084;8;1084;7;898;1;-
2026/04/18;19:55:38;99;-; 52.77; 0.0;-; 64.7; 64.7; 1.4; 0.7; 0.7;1852;-0.2; 0.0; 0.0;-8; 22.6;F;1;29;On;On;Off; 25.9; 25.5;0;8;1084;8;1084;7;898;1;-
2026/04/18;19:56:38;99;-; 52.75; 0.0;-; 64.5; 64.3; 0.0; 0.0; 0.0;1852;-0.2; 0.0; 0.0;-9; 22.6;F;1;29;On;On;Off; 25.8; 25.4;0;8;1084;8;1084;7;898;1;-
2026/04/18;19:57:38;99;-; 52.73; 0.0;-; 64.1; 64.0; 0.0; 0.0; 0.0;1852;-0.2; 0.0; 0.0;-9; 22.6;F;1;29;On;On;Off; 25.7; 25.4;0;8;1084;8;1084;7;898;1;-
2026/04/18;19:58:38;99;-; 52.75; 0.0;-; 63.9; 63.6; 0.7; 0.0; 0.7;1852;-0.2; 0.0; 0.0;-8; 22.6;F;1;29;On;On;Off; 25.6; 25.3;0;8;1084;8;1084;7;898;1;-
2026/04/18;19:59:38;99;-; 52.73; 0.0;-; 63.5; 63.1; 0.7; 0.0; 0.7;1852;-0.2; 0.0; 0.0;-8; 22.6;F;1;29;On;On;Off; 25.6; 25.2;0;8;1084;8;1084;7;898;1;-
2026/04/18;20:00:38;99;-; 52.71; 0.0;-; 62.9; 62.8; 0.7; 0.0; 0.7;1852;-0.2; 0.0; 0.0;-9; 22.6;F;1;29;On;On;Off; 25.6; 25.3;0;8;1084;8;1084;7;898;1;-
2026/04/18;20:01:38;99;-; 52.73; 0.0;-; 62.5; 62.4; 0.7; 0.7; 0.0;1852;-0.2; 0.0; 0.0;-8; 22.6;F;1;29;On;On;Off; 25.5; 25.1;0;8;1084;8;1084;7;898;1;-
2026/04/18;20:02:38;99;-; 52.71; 0.0;-; 62.4; 61.9; 0.7; 0.0; 0.7;1852;-0.2; 0.0; 0.0;-9; 22.6;F;1;29;On;On;Off; 25.5; 25.0;0;8;1084;8;1084;7;898;1;-
2026/04/18;20:03:38;99;-; 52.71; 0.0;-; 61.7; 61.5; 0.7; 0.0; 0.7;1852;-0.2; 0.0; 0.0;-8; 22.6;F;1;29;On;On;Off; 25.4; 25.0;0;8;1084;8;1084;7;898;1;-
2026/04/18;20:04:37;99;-; 52.69; 0.0;-; 61.3; 61.1; 0.0; 0.0; 0.0;1852;-0.2; 0.0; 0.0;-9; 22.6;F;1;29;On;On;Off; 25.3; 25.0;0;8;1084;8;1084;7;898;1;-
2026/04/18;20:05:37;99;-; 52.69; 0.0;-; 60.9; 60.7; 1.4; 0.7; 0.7;1852;-0.2; 0.0; 0.0;-8; 22.6;F;1;29;On;On;Off; 25.2; 24.9;0;8;1084;8;1084;7;898;1;-
2026/04/18;20:06:37;99;-; 52.69; 0.0;-; 60.3; 60.1; 0.7; 0.0; 0.7;1852;-0.2; 0.0; 0.0;-8; 22.6;F;1;29;On;On;Off; 25.2; 24.8;0;8;1084;8;1084;7;898;1;-
2026/04/18;20:07:37;99;-; 52.69; 0.0;-; 60.0; 59.6; 0.7; 0.0; 0.7;1852;-0.2; 0.0; 0.0;-8; 22.6;F;1;29;On;On;Off; 25.2; 24.8;0;8;1084;8;1084;7;898;1;-
2026/04/18;20:08:37;99;-; 52.69; 0.0;-; 59.3; 59.0; 0.0; 0.0; 0.0;1852;-0.2; 0.0; 0.0;-8; 22.6;F;1;29;On;On;Off; 25.1; 24.7;0;8;1084;8;1084;7;898;1;-
2026/04/18;20:09:37;99;-; 52.69; 0.0;-; 58.8; 58.4; 0.7; 0.0; 0.7;1852;-0.2; 0.0; 0.0;-8; 22.6;F;1;29;On;On;Off; 25.1; 24.7;0;8;1084;8;1084;7;898;1;-
2026/04/18;20:10:37;99;-; 52.67; 0.0;-; 58.2; 57.9; 0.7; 0.7;-;1852;-0.2; 0.0; 0.0;-8; 22.6;F;1;29;On;On;Off; 25.0; 24.6;0;8;1084;8;1084;7;898;1;-
2026/04/18;20:11:37;99;-; 52.69; 0.0;-; 57.8; 57.4; 0.0;-;-;1852;-0.2; 0.0; 0.0;-8; 22.6;F;1;29;On;On;Off; 25.0; 24.6;0;8;1084;8;1084;7;898;0;-
2026/04/18;20:12:37;99;-; 52.67; 0.0;-; 57.2; 56.8; 0.0;-;-;1852;-0.2; 0.0; 0.0;-8; 22.6;F;1;29;On;On;Off; 24.9; 24.6;0;8;1084;8;1084;7;898;0;-
2026/04/18;20:13:37;99;-; 52.67; 0.0;-; 56.6; 56.0; 0.0;-;-;1853;-0.2; 0.0; 0.0;-7; 22.5;F;1;29;On;On;Off; 24.8; 24.5;0;8;1084;8;1084;7;898;0;-
2026/04/18;20:14:37;99;-; 52.65; 0.0;-; 55.8; 55.3; 0.0;-;-;1853;-0.1; 0.0; 0.0;-7; 22.5;F;1;29;On;On;Off; 24.7; 24.4;0;8;1084;8;1084;7;898;0;-
2026/04/18;20:15:37;99;-; 52.67; 0.0;-; 55.2; 54.6; 0.0;-;-;1853;-0.2; 0.0; 0.0;-7; 22.6;F;1;29;On;On;Off; 24.7; 24.4;0;8;1084;8;1084;7;898;0;-
2026/04/18;20:16:37;99;-; 52.65; 0.0;-; 54.4; 53.9; 0.0;-;-;1853;-0.2; 0.0; 0.0;-8; 22.6;F;1;29;On;On;Off; 24.6; 24.3;0;8;1084;8;1084;7;898;0;-
2026/04/18;20:17:37;99;-; 52.65; 0.0;-; 53.6; 53.0; 0.0;-;-;1853;-0.2; 0.0; 0.0;-8; 22.5;F;1;29;On;On;Off; 24.6; 24.3;0;8;1084;8;1084;7;898;0;-
2026/04/18;20:18:37;99;-; 52.67; 0.0;-; 52.6; 52.0; 0.0;-;-;1853;-0.2; 0.0; 0.0;-8; 22.5;F;1;29;On;On;Off; 24.5; 24.2;0;8;1084;8;1084;7;898;0;-
2026/04/18;20:19:36;99;-; 52.67; 0.0;-; 51.5; 50.9; 0.0;-;-;1853;-0.2; 0.0; 0.0;-8; 22.5;F;1;29;On;On;Off; 24.5; 24.2;0;8;1084;8;1084;7;898;0;-
2026/04/18;20:20:36;99;-; 52.67; 0.0;-; 50.4; 49.6; 0.0;-;-;1853;-0.1; 0.0; 0.0;-7; 22.5;F;1;29;On;On;Off; 24.4; 24.1;0;8;1084;8;1084;7;898;0;-
2026/04/18;20:21:36;99;-; 52.67; 0.0;-; 49.1; 48.4; 0.0;-;-;1853;-0.2; 0.0; 0.0;-8; 22.5;F;1;29;On;On;Off; 24.4; 24.1;0;8;1084;8;1084;7;898;0;-
2026/04/18;20:22:36;99;-; 52.65; 0.0;-; 47.9; 47.3; 0.0;-;-;1853;-0.2; 0.0; 0.0;-7; 22.5;F;1;29;On;On;Off; 24.3; 24.1;0;8;1084;8;1084;7;898;0;-
2026/04/18;20:23:36;99;-; 52.65; 0.0;-; 46.5; 45.5; 0.0;-;-;1853;-0.1; 0.0; 0.0;-7; 22.5;F;1;29;On;On;Off; 24.3; 24.0;0;8;1084;8;1084;7;898;0;-
2026/04/18;20:24:36;99;-; 52.65; 0.0;-; 45.0; 43.9; 0.0;-;-;1853;-0.2; 0.0; 0.0;-7; 22.5;F;1;29;On;On;Off; 24.3; 24.0;0;8;1084;8;1084;7;898;0;-
2026/04/18;20:25:36;99;-; 52.65; 0.0;-; 43.5; 42.4; 0.0;-;-;1853;-0.2; 0.0; 0.0;-8; 22.5;F;1;29;On;On;Off; 24.2; 24.0;0;8;1084;8;1084;7;898;0;-
2026/04/18;20:26:36;99;-; 52.63; 0.0;-; 41.9; 40.9; 0.0;-;-;1853;-0.1; 0.0; 0.0;-7; 22.5;F;1;29;On;On;Off; 24.2; 23.9;0;8;1084;8;1084;7;898;0;-
2026/04/18;20:27:36;99;-; 52.65; 0.0;-; 40.4; 39.5; 0.0;-;-;1853;-0.1; 0.0; 0.0;-7; 22.5;F;1;29;On;On;Off; 24.2; 23.9;0;8;1084;8;1084;7;898;0;-
2026/04/18;20:28:36;99;-; 52.65; 0.0;-; 38.8; 37.9; 0.0;-;-;1853;-0.2; 0.0; 0.0;-8; 22.5;F;1;29;On;On;Off; 24.1; 23.9;0;8;1084;8;1084;7;898;0;-
2026/04/18;20:29:36;99;-; 52.65; 0.0;-; 37.3; 36.2; 0.0;-;-;1853;-0.2; 0.0; 0.0;-7; 22.5;F;1;29;On;On;Off; 24.1; 23.8;0;8;1084;8;1084;7;898;0;-
2026/04/18;20:30:36;99;-; 52.63; 0.0;-; 35.8; 34.9; 0.0;-;-;1853;-0.1; 0.0; 0.0;-7; 22.5;F;1;29;On;On;Off; 24.1; 23.8;0;8;1084;8;1084;7;898;0;-
2026/04/18;20:31:36;99;-; 52.63; 0.0;-; 34.4; 33.8; 0.0;-;-;1853;-0.2; 0.0; 0.0;-8; 22.5;F;1;29;On;On;Off; 24.0; 23.8;0;8;1084;8;1084;7;898;0;-
2026/04/18;20:32:36;99;-; 52.65; 0.0;-; 33.6; 32.9; 0.0;-;-;1853;-0.2; 0.0; 0.0;-8; 22.5;F;1;29;On;On;Off; 24.0; 23.8;0;8;1084;8;1084;7;898;0;-
2026/04/18;20:33:36;99;-; 52.63; 0.0;-; 32.9; 32.3; 0.0;-;-;1853;-0.2; 0.0; 0.0;-8; 22.5;F;1;29;On;On;Off; 24.0; 23.7;0;8;1084;8;1084;7;898;0;-
2026/04/18;20:34:36;99;-; 52.63; 0.0;-; 32.4; 31.9; 0.0;-;-;1853;-0.2; 0.0; 0.0;-8; 22.5;F;1;29;On;On;Off; 24.0; 23.7;0;8;1084;8;1084;7;898;0;-
2026/04/18;20:35:35;99;-; 52.63; 0.0;-; 31.9; 31.4; 0.0;-;-;1853;-0.2; 0.0; 0.0;-8; 22.5;F;1;29;On;On;Off; 23.9; 23.7;0;8;1084;8;1084;7;898;0;-
2026/04/18;20:36:35;99;-; 52.63; 0.0;-; 31.3; 30.6; 0.0;-;-;1853;-0.2; 0.0; 0.0;-8; 22.5;F;1;29;On;On;Off; 23.9; 23.6;0;8;1084;8;1084;7;898;0;-
2026/04/18;20:37:35;99;-; 52.63; 0.0;-; 30.7; 30.0; 0.0;-;-;1853;-0.2; 0.0; 0.0;-8; 22.5;F;1;29;On;On;Off; 23.9; 23.6;0;8;1084;8;1084;7;898;0;-
2026/04/18;20:38:35;99;-; 52.61; 0.0;-; 29.6; 29.2; 0.0;-;-;1853;-0.2; 0.0; 0.0;-8; 22.5;F;1;29;On;On;Off; 23.8; 23.6;0;8;1084;8;1084;7;898;0;-
2026/04/18;20:39:35;99;-; 52.63; 0.0;-; 28.7; 28.2; 0.0;-;-;1853;-0.2; 0.0; 0.0;-8; 22.5;F;1;29;On;On;Off; 23.8; 23.6;0;8;1084;8;1084;7;898;0;-
2026/04/18;20:40:35;99;-; 52.61; 0.0;-; 27.6; 27.1; 0.0;-;-;1853;-0.2; 0.0; 0.0;-8; 22.5;F;1;29;On;On;Off; 23.8; 23.5;0;8;1084;8;1084;7;898;0;-
2026/04/18;20:41:35;99;-; 52.63; 0.0;-; 26.3; 26.0; 0.0;-;-;1853;-0.2; 0.0; 0.0;-8; 22.5;F;1;29;On;On;Off; 23.8; 23.5;0;8;1084;8;1084;7;898;0;-
2026/04/18;20:42:35;99;-; 52.63; 0.0;-; 25.1; 24.8; 0.0;-;-;1853;-0.2; 0.0; 0.0;-8; 22.5;F;1;29;On;On;Off; 23.8; 23.5;0;8;1084;8;1084;7;898;0;-
2026/04/18;20:43:35;99;-; 52.63; 0.0;-; 23.9; 23.4; 0.0;-;-;1853;-0.2; 0.0; 0.0;-8; 22.5;F;1;29;On;On;Off; 23.8; 23.5;0;8;1084;8;1084;7;898;0;-
2026/04/18;20:44:35;99;-; 52.61; 0.0;-; 22.6; 22.5; 0.0;-;-;1853;-0.2; 0.0; 0.0;-8; 22.5;F;1;29;On;On;Off; 23.7; 23.5;0;8;1084;8;1084;7;898;0;-
2026/04/18;20:45:35;99;-; 52.61; 0.0;-; 21.7; 21.4; 0.0;-;-;1853;-0.2; 0.0; 0.0;-8; 22.5;F;1;29;On;On;Off; 23.7; 23.4;0;8;1084;8;1084;7;898;0;-
2026/04/18;20:46:35;99;-; 52.61; 0.0;-; 20.6; 20.6; 0.0;-;-;1853;-0.2; 0.0; 0.0;-8; 22.5;F;1;29;On;On;Off; 23.7; 23.4;0;8;1084;8;1084;7;898;0;-
2026/04/18;20:47:35;99;-; 52.61; 0.0;-; 19.9; 20.0; 0.0;-;-;1853;-0.2; 0.0; 0.0;-8; 22.5;F;1;29;On;On;Off; 23.7; 23.4;0;8;1084;8;1084;7;898;0;-
2026/04/18;20:48:35;99;-; 52.59; 0.0;-; 19.1; 19.1; 0.0;-;-;1853;-0.2; 0.0; 0.0;-8; 22.5;F;1;29;On;On;Off; 23.6; 23.4;0;8;1084;8;1084;7;898;0;-
2026/04/18;20:49:35;99;-; 52.61; 0.0;-; 18.3; 18.4; 0.0;-;-;1853;-0.2; 0.0; 0.0;-8; 22.5;F;1;29;On;On;Off; 23.6; 23.3;0;8;1084;8;1084;7;898;0;-
2026/04/18;20:50:35;99;-; 52.61; 0.0;-; 17.8; 17.8; 0.0;-;-;1853;-0.2; 0.0; 0.0;-9; 22.5;F;1;29;On;On;Off; 23.6; 23.3;0;8;1084;8;1084;7;898;0;-
2026/04/18;20:51:34;99;-; 52.59; 0.0;-; 17.2; 17.4; 0.0;-;-;1853;-0.2; 0.0; 0.0;-8; 22.5;F;1;29;On;On;Off; 23.6; 23.3;0;8;1084;8;1084;7;898;0;-
2026/04/18;20:52:34;99;-; 52.59; 0.0;-; 16.8; 17.0; 0.0;-;-;1853;-0.2; 0.0; 0.0;-8; 22.5;F;1;29;On;On;Off; 23.6; 23.3;0;8;1084;8;1084;7;898;0;-
2026/04/18;20:53:34;99;-; 52.61; 0.0;-; 16.4; 16.7; 0.0;-;-;1853;-0.2; 0.0; 0.0;-8; 22.5;F;1;29;On;On;Off; 23.6; 23.3;0;8;1084;8;1084;7;898;0;-
2026/04/18;20:54:34;99;-; 52.61; 0.0;-; 16.1; 16.5; 0.0;-;-;1853;-0.2; 0.0; 0.0;-8; 22.5;F;1;29;On;On;Off; 23.5; 23.3;0;8;1084;8;1084;7;898;0;-
2026/04/18;20:55:34;99;-; 52.59; 0.0;-; 15.7; 16.2; 0.0;-;-;1853;-0.2; 0.0; 0.0;-8; 22.5;F;1;29;On;On;Off; 23.5; 23.3;0;8;1084;8;1084;7;898;0;-
2026/04/18;20:56:34;99;-; 52.61; 0.0;-; 15.6; 15.8; 0.0;-;-;1853;-0.2; 0.0; 0.0;-8; 22.4;F;1;29;On;On;Off; 23.5; 23.2;0;8;1084;8;1084;7;898;0;-
2026/04/18;20:57:34;99;-; 52.59; 0.0;-; 15.2; 15.5; 0.0;-;-;1853;-0.2; 0.0; 0.0;-9; 22.4;F;1;29;On;On;Off; 23.5; 23.2;0;8;1084;8;1084;7;898;0;-
2026/04/18;20:58:34;99;-; 52.59; 0.0;-; 15.0; 15.3; 0.0;-;-;1853;-0.2; 0.0; 0.0;-8; 22.4;F;1;29;On;On;Off; 23.5; 23.2;0;8;1084;8;1084;7;898;0;-
2026/04/18;20:59:34;99;-; 52.59; 0.0;-; 14.8; 14.9; 0.0;-;-;1853;-0.2; 0.0; 0.0;-8; 22.5;F;1;29;On;On;Off; 23.5; 23.2;0;8;1084;8;1084;7;898;0;-
2026/04/18;21:00:34;99;-; 52.59; 0.0;-; 14.5; 14.8; 0.0;-;-;1853;-0.2; 0.0; 0.0;-8; 22.4;F;1;29;On;On;Off; 23.4; 23.2;0;8;1084;8;1084;7;898;0;-
2026/04/18;21:01:34;99;-; 52.59; 0.0;-; 14.3; 14.8; 0.0;-;-;1853;-0.2; 0.0; 0.0;-7; 22.4;F;1;29;On;On;Off; 23.4; 23.2;0;8;1084;8;1084;7;898;0;-
2026/04/18;21:02:34;99;-; 52.59; 0.0;-; 14.1; 14.6; 0.0;-;-;1853;-0.1; 0.0; 0.0;-7; 22.4;F;1;29;On;On;Off; 23.4; 23.1;0;8;1084;8;1084;7;898;0;-
2026/04/18;21:03:34;99;-; 52.57; 0.0;-; 14.1; 14.6; 0.0;-;-;1853;-0.2; 0.0; 0.0;-7; 22.4;F;1;29;On;On;Off; 23.4; 23.1;0;8;1084;8;1084;7;898;0;-
2026/04/18;21:04:34;99;-; 52.59; 0.0;-; 14.0; 14.3; 0.0;-;-;1853;-0.2; 0.0; 0.0;-8; 22.4;F;1;29;On;On;Off; 23.4; 23.1;0;8;1084;8;1084;7;898;0;-
2026/04/18;21:05:34;99;-; 52.57; 0.0;-; 13.7; 14.1; 0.0;-;-;1853;-0.2; 0.0; 0.0;-8; 22.4;F;1;29;On;On;Off; 23.4; 23.1;0;8;1084;8;1084;7;898;0;-
2026/04/18;21:06:33;99;-; 52.59; 0.0;-; 13.6; 14.1; 0.0;-;-;1853;-0.2; 0.0; 0.0;-8; 22.4;F;1;29;On;On;Off; 23.4; 23.1;0;8;1084;8;1084;7;898;0;-
2026/04/18;21:07:33;99;-; 52.57; 0.0;-; 13.5; 14.0; 0.0;-;-;1853;-0.2; 0.0; 0.0;-8; 22.4;F;1;29;On;On;Off; 23.3; 23.1;0;8;1084;8;1084;7;898;0;-
2026/04/18;21:08:33;99;-; 52.55; 0.0;-; 13.2; 13.7; 0.0;-;-;1853;-0.2; 0.0; 0.0;-8; 22.4;F;1;29;On;On;Off; 23.3; 23.1;0;8;1084;8;1084;7;898;0;-
2026/04/18;21:09:33;99;-; 52.55; 0.0;-; 13.2; 13.7; 0.0;-;-;1853;-0.2; 0.0; 0.0;-8; 22.4;F;1;29;On;On;Off; 23.3; 23.0;0;8;1084;8;1084;7;898;0;-
2026/04/18;21:10:33;99;-; 52.57; 0.0;-; 13.2; 13.7; 0.0;-;-;1853;-0.2; 0.0; 0.0;-8; 22.4;F;1;29;On;On;Off; 23.3; 23.0;0;8;1084;8;1084;7;898;0;-
2026/04/18;21:11:33;99;-; 52.57; 0.0;-; 13.0; 13.7; 0.0;-;-;1853;-0.2; 0.0; 0.0;-8; 22.4;F;1;29;On;On;Off; 23.3; 23.0;0;8;1084;8;1084;7;898;0;-
2026/04/18;21:12:33;99;-; 52.57; 0.0;-; 12.9; 13.4; 0.0;-;-;1853;-0.2; 0.0; 0.0;-8; 22.4;F;1;29;On;On;Off; 23.3; 23.0;0;8;1084;8;1084;7;898;0;-
2026/04/18;21:13:33;99;-; 52.57; 0.0;-; 12.8; 13.5; 0.0;-;-;1854;-0.2; 0.0; 0.0;-8; 22.4;F;1;29;On;On;Off; 23.3; 23.0;0;8;1084;8;1084;7;898;0;-
2026/04/18;21:14:33;99;-; 52.57; 0.0;-; 12.8; 13.4; 0.0;-;-;1854;-0.2; 0.0; 0.0;-8; 22.4;F;1;29;On;On;Off; 23.3; 23.0;0;8;1084;8;1084;7;898;0;-
2026/04/18;21:15:33;99;-; 52.57; 0.0;-; 12.7; 13.4; 0.0;-;-;1854;-0.2; 0.0; 0.0;-7; 22.4;F;1;29;On;On;Off; 23.2; 23.0;0;8;1084;8;1084;7;898;0;-
2026/04/18;21:16:33;99;-; 52.57; 0.0;-; 12.6; 13.2; 0.0;-;-;1854;-0.1; 0.0; 0.0;-7; 22.4;F;1;29;On;On;Off; 23.2; 23.0;0;8;1084;8;1084;7;898;0;-
2026/04/18;21:17:33;99;-; 52.57; 0.0;-; 12.4; 13.2; 0.0;-;-;1854;-0.2; 0.0; 0.0;-7; 22.4;F;1;29;On;On;Off; 23.2; 23.0;0;8;1084;8;1084;7;898;0;-
2026/04/18;21:18:33;99;-; 52.57; 0.0;-; 12.4; 13.1; 0.0;-;-;1854;-0.2; 0.0; 0.0;-8; 22.4;F;1;29;On;On;Off; 23.2; 22.9;0;8;1084;8;1084;7;898;0;-
2026/04/18;21:19:33;99;-; 52.55; 0.0;-; 12.2; 13.0; 0.0;-;-;1854;-0.2; 0.0; 0.0;-8; 22.3;F;1;29;On;On;Off; 23.2; 22.9;0;8;1084;8;1084;7;898;0;-
2026/04/18;21:20:33;99;-; 52.55; 0.0;-; 12.1; 12.6; 0.0;-;-;1854;-0.2; 0.0; 0.0;-8; 22.3;F;1;29;On;On;Off; 23.2; 22.9;0;8;1084;8;1084;7;898;0;-
2026/04/18;21:21:33;99;-; 52.55; 0.0;-; 12.0; 12.7; 0.0;-;-;1854;-0.2; 0.0; 0.0;-8; 22.3;F;1;29;On;On;Off; 23.2; 22.9;0;8;1084;8;1084;7;898;0;-
2026/04/18;21:22:32;99;-; 52.55; 0.0;-; 11.8; 12.5; 0.0;-;-;1854;-0.2; 0.0; 0.0;-8; 22.3;F;1;29;On;On;Off; 23.2; 22.9;0;8;1084;8;1084;7;898;0;-
2026/04/18;21:23:32;99;-; 52.55; 0.0;-; 11.8; 12.4; 0.0;-;-;1854;-0.2; 0.0; 0.0;-8; 22.3;F;1;29;On;On;Off; 23.2; 22.9;0;8;1084;8;1084;7;898;0;-
2026/04/18;21:24:32;99;-; 52.55; 0.0;-; 11.7; 12.3; 0.0;-;-;1854;-0.2; 0.0; 0.0;-8; 22.3;F;1;29;On;On;Off; 23.2; 22.9;0;8;1084;8;1084;7;898;0;-
2026/04/18;21:25:32;99;-; 52.55; 0.0;-; 11.7; 12.3; 0.0;-;-;1854;-0.2; 0.0; 0.0;-8; 22.3;F;1;29;On;On;Off; 23.1; 22.9;0;8;1084;8;1084;7;898;0;-
2026/04/18;21:26:32;99;-; 52.55; 0.0;-; 11.6; 12.3; 0.0;-;-;1854;-0.2; 0.0; 0.0;-8; 22.3;F;1;29;On;On;Off; 23.1; 22.9;0;8;1084;8;1084;7;898;0;-
2026/04/18;21:27:32;99;-; 52.55; 0.0;-; 11.7; 12.4; 0.0;-;-;1854;-0.2; 0.0; 0.0;-7; 22.3;F;1;29;On;On;Off; 23.1; 22.9;0;8;1084;8;1084;7;898;0;-
2026/04/18;21:28:32;99;-; 52.55; 0.0;-; 11.7; 12.3; 0.0;-;-;1854;-0.1; 0.0; 0.0;-7; 22.3;F;1;29;On;On;Off; 23.1; 22.8;0;8;1084;8;1084;7;898;0;-
2026/04/18;21:29:32;99;-; 52.55; 0.0;-; 11.7; 12.4; 0.0;-;-;1854;-0.1; 0.0; 0.0;-7; 22.3;F;1;29;On;On;Off; 23.1; 22.8;0;8;1084;8;1084;7;898;0;-
2026/04/18;21:30:32;99;-; 52.55; 0.0;-; 11.8; 12.4; 0.0;-;-;1854;-0.1; 0.0; 0.0;-7; 22.3;F;1;29;On;On;Off; 23.1; 22.8;0;8;1084;8;1084;7;898;0;-
2026/04/18;21:31:32;99;-; 52.53; 0.0;-; 11.9; 12.5; 0.0;-;-;1854;-0.2; 0.0; 0.0;-8; 22.3;F;1;29;On;On;Off; 23.1; 22.8;0;8;1084;8;1084;7;898;0;-
2026/04/18;21:32:32;99;-; 52.55; 0.0;-; 11.9; 12.6; 0.0;-;-;1854;-0.2; 0.0; 0.0;-8; 22.3;F;1;29;On;On;Off; 23.1; 22.8;0;8;1084;8;1084;7;898;0;-
2026/04/18;21:33:32;99;-; 52.53; 0.0;-; 12.1; 12.7; 0.0;-;-;1854;-0.2; 0.0; 0.0;-7; 22.3;F;1;29;On;On;Off; 23.1; 22.8;0;8;1084;8;1084;7;898;0;-
2026/04/18;21:34:32;99;-; 52.53; 0.0;-; 12.0; 12.8; 0.0;-;-;1854;-0.1; 0.0; 0.0;-7; 22.3;F;1;29;On;On;Off; 23.1; 22.8;0;8;1084;8;1084;7;898;0;-
2026/04/18;21:35:32;99;-; 52.53; 0.0;-; 12.1; 12.8; 0.0;-;-;1854;-0.1; 0.0; 0.0;-6; 22.3;F;1;29;On;On;Off; 23.0; 22.8;0;8;1084;8;1084;7;898;0;-
2026/04/18;21:36:32;99;-; 52.51; 0.0;-; 12.1; 12.8; 0.0;-;-;1854;-0.1; 0.0; 0.0;-7; 22.3;F;1;29;On;On;Off; 23.0; 22.8;0;8;1084;8;1084;7;898;0;-
2026/04/18;21:37:32;99;-; 52.53; 0.0;-; 12.0; 12.6; 0.0;-;-;1854;-0.1; 0.0; 0.0;-7; 22.3;F;1;29;On;On;Off; 23.0; 22.8;0;8;1084;8;1084;7;898;0;-
2026/04/18;21:38:31;98;-; 52.53; 0.0;-; 11.8; 12.4; 0.0;-;-;1854;-0.1; 0.0; 0.0;-7; 22.3;F;1;29;On;On;Off; 23.0; 22.8;0;8;1084;8;1084;7;898;0;-
2026/04/18;21:39:31;98;-; 52.51; 0.0;-; 11.7; 12.4; 0.0;-;-;1854;-0.1; 0.0; 0.0;-7; 22.3;F;1;29;On;On;Off; 23.0; 22.8;0;8;1084;8;1084;7;898;0;-
2026/04/18;21:40:31;98;-; 52.53; 0.0;-; 11.5; 12.3; 0.0;-;-;1854;-0.1; 0.0; 0.0;-7; 22.3;F;1;29;On;On;Off; 23.0; 22.8;0;8;1084;8;1084;7;898;0;-
2026/04/18;21:41:31;98;-; 52.53; 0.0;-; 11.5; 12.0; 0.0;-;-;1854;-0.1; 0.0; 0.0;-7; 22.3;F;1;29;On;On;Off; 23.0; 22.8;0;8;1084;8;1084;7;898;0;-
2026/04/18;21:42:31;98;-; 52.51; 0.0;-; 11.4; 12.3; 0.0;-;-;1854;-0.1; 0.0; 0.0;-7; 22.3;F;1;29;On;On;Off; 23.0; 22.7;0;8;1084;8;1084;7;898;0;-
2026/04/18;21:43:31;98;-; 52.51; 0.0;-; 11.4; 12.1; 0.0;-;-;1854;-0.1; 0.0; 0.0;-7; 22.3;F;1;29;On;On;Off; 23.0; 22.7;0;8;1084;8;1084;7;898;0;-
2026/04/18;21:44:31;98;-; 52.53; 0.0;-; 11.4; 12.2; 0.0;-;-;1854;-0.2; 0.0; 0.0;-7; 22.3;F;1;29;On;On;Off; 23.0; 22.7;0;8;1084;8;1084;7;898;0;-
2026/04/18;21:45:31;98;-; 52.53; 0.0;-; 11.4; 12.0; 0.0;-;-;1854;-0.2; 0.0; 0.0;-8; 22.3;F;1;29;On;On;Off; 23.0; 22.7;0;8;1084;8;1084;7;898;0;-
2026/04/18;21:46:31;98;-; 52.53; 0.0;-; 11.4; 12.2; 0.0;-;-;1854;-0.2; 0.0; 0.0;-8; 22.3;F;1;29;On;On;Off; 23.0; 22.7;0;8;1084;8;1084;7;898;0;-
2026/04/18;21:47:31;98;-; 52.51; 0.0;-; 11.5; 12.2; 0.0;-;-;1854;-0.2; 0.0; 0.0;-8; 22.3;F;1;29;On;On;Off; 23.0; 22.7;0;8;1084;8;1084;7;898;0;-
2026/04/18;21:48:31;98;-; 52.51; 0.0;-; 11.4; 12.1; 0.0;-;-;1854;-0.2; 0.0; 0.0;-7; 22.3;F;1;29;On;On;Off; 23.0; 22.7;0;8;1084;8;1084;7;898;0;-
2026/04/18;21:49:31;98;-; 52.51; 0.0;-; 11.4; 12.1; 0.0;-;-;1854;-0.2; 0.0; 0.0;-7; 22.3;F;1;29;On;On;Off; 22.9; 22.7;0;8;1084;8;1084;7;898;0;-
2026/04/18;21:50:31;98;-; 52.51; 0.0;-; 11.5; 12.2; 0.0;-;-;1854;-0.2; 0.0; 0.0;-8; 22.3;F;1;29;On;On;Off; 23.0; 22.7;0;8;1084;8;1084;7;898;0;-
2026/04/18;21:51:31;98;-; 52.51; 0.0;-; 11.5; 12.1; 0.0;-;-;1854;-0.2; 0.0; 0.0;-8; 22.3;F;1;29;On;On;Off; 23.0; 22.7;0;8;1084;8;1084;7;898;0;-
2026/04/18;21:52:31;98;-; 52.51; 0.0;-; 11.5; 12.2; 0.0;-;-;1854;-0.1; 0.0; 0.0;-7; 22.3;F;1;29;On;On;Off; 22.9; 22.7;0;8;1084;8;1084;7;898;0;-
2026/04/18;21:53:30;98;-; 52.49; 0.0;-; 11.6; 12.4; 0.0;-;-;1854;-0.1; 0.0; 0.0;-7; 22.3;F;1;29;On;On;Off; 22.9; 22.7;0;8;1084;8;1084;7;898;0;-
2026/04/18;21:54:30;98;-; 52.51; 0.0;-; 11.7; 12.5; 0.0;-;-;1854;-0.1; 0.0; 0.0;-7; 22.3;F;1;29;On;On;Off; 22.9; 22.6;0;8;1084;8;1084;7;898;0;-
2026/04/18;21:55:30;98;-; 52.51; 0.0;-; 11.9; 12.5; 0.0;-;-;1854;-0.1; 0.0; 0.0;-7; 22.3;F;1;29;On;On;Off; 22.9; 22.6;0;8;1084;8;1084;7;898;0;-
2026/04/18;21:56:30;98;-; 52.51; 0.0;-; 12.0; 12.7; 0.0;-;-;1854;-0.1; 0.0; 0.0;-7; 22.2;F;1;29;On;On;Off; 22.9; 22.6;0;8;1084;8;1084;7;898;0;-
2026/04/18;21:57:30;98;-; 52.51; 0.0;-; 12.4; 13.0; 0.0;-;-;1854;-0.1; 0.0; 0.0;-7; 22.2;F;1;29;On;On;Off; 22.9; 22.6;0;8;1084;8;1084;7;898;0;-
2026/04/18;21:58:30;98;-; 52.51; 0.0;-; 12.4; 13.1; 0.0;-;-;1854;-0.2; 0.0; 0.0;-8; 22.3;F;1;29;On;On;Off; 22.9; 22.6;0;8;1084;8;1084;7;898;0;-
2026/04/18;21:59:30;98;-; 52.51; 0.0;-; 12.6; 13.3; 0.0;-;-;1854;-0.1; 0.0; 0.0;-7; 22.3;F;1;29;On;On;Off; 22.9; 22.6;0;8;1084;8;1084;7;898;0;-
2026/04/18;22:00:30;98;-; 52.51; 0.0;-; 12.6; 13.2; 0.0;-;-;1854;-0.2; 0.0; 0.0;-7; 22.3;F;1;29;On;On;Off; 22.9; 22.6;0;8;1084;8;1084;7;898;0;-
2026/04/18;22:01:30;98;-; 52.51; 0.0;-; 12.6; 13.2; 0.0;-;-;1854;-0.2; 0.0; 0.0;-8; 22.3;F;1;29;On;On;Off; 22.9; 22.6;0;8;1084;8;1084;7;898;0;-
2026/04/18;22:02:30;98;-; 52.51; 0.0;-; 12.4; 13.1; 0.0;-;-;1854;-0.2; 0.0; 0.0;-8; 22.3;F;1;29;On;On;Off; 22.9; 22.6;0;8;1084;8;1084;7;898;0;-
2026/04/18;22:03:30;98;-; 52.51; 0.0;-; 12.5; 13.1; 0.0;-;-;1854;-0.2; 0.0; 0.0;-8; 22.3;F;1;29;On;On;Off; 22.9; 22.6;0;8;1084;8;1084;7;898;0;-
2026/04/18;22:04:30;98;-; 52.51; 0.0;-; 12.5; 13.1; 0.0;-;-;1854;-0.2; 0.0; 0.0;-9; 22.3;F;1;29;On;On;Off; 22.9; 22.6;0;8;1084;8;1084;7;898;0;-
2026/04/18;22:05:30;98;-; 52.49; 0.0;-; 12.5; 13.0; 0.0;-;-;1854;-0.2; 0.0; 0.0;-9; 22.3;F;1;29;On;On;Off; 22.9; 22.6;0;8;1084;8;1084;7;898;0;-
2026/04/18;22:06:30;98;-; 52.49; 0.0;-; 12.4; 13.2; 0.0;-;-;1854;-0.2; 0.0; 0.0;-8; 22.3;F;1;29;On;On;Off; 22.9; 22.6;0;8;1084;8;1084;7;898;0;-
2026/04/18;22:07:30;98;-; 52.47; 0.0;-; 12.4; 13.0; 0.0;-;-;1854;-0.2; 0.0; 0.0;-8; 22.3;F;1;29;On;On;Off; 22.8; 22.6;0;8;1084;8;1084;7;898;0;-
2026/04/18;22:08:30;98;-; 52.49; 0.0;-; 12.5; 13.1; 0.0;-;-;1854;-0.2; 0.0; 0.0;-8; 22.3;F;1;29;On;On;Off; 22.9; 22.6;0;8;1084;8;1084;7;898;0;-
2026/04/18;22:09:29;98;-; 52.47; 0.0;-; 12.5; 13.2; 0.0;-;-;1854;-0.2; 0.0; 0.0;-8; 22.3;F;1;29;On;On;Off; 22.8; 22.6;0;8;1084;8;1084;7;898;0;-
2026/04/18;22:10:29;98;-; 52.49; 0.0;-; 12.6; 13.3; 0.0;-;-;1854;-0.2; 0.0; 0.0;-8; 22.3;F;1;29;On;On;Off; 22.8; 22.6;0;8;1084;8;1084;7;898;0;-
2026/04/18;22:11:29;98;-; 52.49; 0.0;-; 12.7; 13.4; 0.0;-;-;1854;-0.2; 0.0; 0.0;-8; 22.3;F;1;29;On;On;Off; 22.8; 22.6;0;8;1084;8;1084;7;898;0;-
2026/04/18;22:12:29;98;-; 52.49; 0.0;-; 12.7; 13.4; 0.0;-;-;1854;-0.2; 0.0; 0.0;-7; 22.3;F;1;29;On;On;Off; 22.8; 22.6;0;8;1084;8;1084;7;898;0;-
2026/04/18;22:13:29;98;-; 52.47; 0.0;-; 12.7; 13.4; 0.0;-;-;1855;-0.2; 0.0; 0.0;-8; 22.3;F;1;29;On;On;Off; 22.8; 22.6;0;8;1084;8;1084;7;898;0;-
2026/04/18;22:14:29;98;-; 52.49; 0.0;-; 12.6; 13.2; 0.0;-;-;1855;-0.2; 0.0; 0.0;-8; 22.3;F;1;29;On;On;Off; 22.8; 22.6;0;8;1084;8;1084;7;898;0;-
2026/04/18;22:15:29;98;-; 52.47; 0.0;-; 12.5; 13.2; 0.0;-;-;1855;-0.2; 0.0; 0.0;-8; 22.3;F;1;29;On;On;Off; 22.8; 22.6;0;8;1084;8;1084;7;898;0;-
2026/04/18;22:16:29;98;-; 52.49; 0.0;-; 12.4; 13.1; 0.0;-;-;1855;-0.2; 0.0; 0.0;-7; 22.3;F;1;29;On;On;Off; 22.8; 22.6;0;8;1084;8;1084;7;898;0;-
2026/04/18;22:17:29;98;-; 52.49; 0.0;-; 12.3; 13.0; 0.0;-;-;1855;-0.2; 0.0; 0.0;-7; 22.3;F;1;29;On;On;Off; 22.8; 22.6;0;8;1084;8;1084;7;898;0;-
2026/04/18;22:18:29;98;-; 52.49; 0.0;-; 12.5; 13.1; 0.0;-;-;1855;-0.2; 0.0; 0.0;-7; 22.3;F;1;29;On;On;Off; 22.8; 22.6;0;8;1084;8;1084;7;898;0;-
2026/04/18;22:19:29;98;-; 52.49; 0.0;-; 12.4; 13.1; 0.0;-;-;1855;-0.2; 0.0; 0.0;-8; 22.3;F;1;29;On;On;Off; 22.8; 22.6;0;8;1084;8;1084;7;898;0;-
2026/04/18;22:20:29;98;-; 52.49; 0.0;-; 12.4; 13.1; 0.0;-;-;1855;-0.2; 0.0; 0.0;-8; 22.3;F;1;29;On;On;Off; 22.8; 22.6;0;8;1084;8;1084;7;898;0;-
2026/04/18;22:21:29;98;-; 52.49; 0.0;-; 12.5; 13.1; 0.0;-;-;1855;-0.2; 0.0; 0.0;-8; 22.3;F;1;29;On;On;Off; 22.8; 22.6;0;8;1084;8;1084;7;898;0;-
2026/04/18;22:22:29;98;-; 52.47; 0.0;-; 12.6; 13.3; 0.0;-;-;1855;-0.2; 0.0; 0.0;-7; 22.3;F;1;29;On;On;Off; 22.8; 22.6;0;8;1084;8;1084;7;898;0;-
2026/04/18;22:23:29;98;-; 52.49; 0.0;-; 12.7; 13.2; 0.0;-;-;1855;-0.2; 0.0; 0.0;-8; 22.3;F;1;29;On;On;Off; 22.8; 22.6;0;8;1084;8;1084;7;898;0;-
2026/04/18;22:24:29;98;-; 52.49; 0.0;-; 12.6; 13.3; 0.0;-;-;1855;-0.2; 0.0; 0.0;-7; 22.3;F;1;29;On;On;Off; 22.8; 22.6;0;8;1084;8;1084;7;898;0;-
2026/04/18;22:25:28;98;-; 52.47; 0.0;-; 12.6; 13.3; 0.0;-;-;1855;-0.2; 0.0; 0.0;-8; 22.3;F;1;29;On;On;Off; 22.8; 22.6;0;8;1084;8;1084;7;898;0;-
2026/04/18;22:26:28;98;-; 52.47; 0.0;-; 12.7; 13.4; 0.0;-;-;1855;-0.2; 0.0; 0.0;-8; 22.3;F;1;29;On;On;Off; 22.8; 22.6;0;8;1084;8;1084;7;898;0;-
2026/04/18;22:27:28;98;-; 52.47; 0.0;-; 12.7; 13.2; 0.0;-;-;1855;-0.2; 0.0; 0.0;-9; 22.3;F;1;29;On;On;Off; 22.8; 22.6;0;8;1084;8;1084;7;898;0;-
2026/04/18;22:28:28;98;-; 52.47; 0.0;-; 12.6; 13.3; 0.0;-;-;1855;-0.2; 0.0; 0.0;-8; 22.3;F;1;29;On;On;Off; 22.8; 22.6;0;8;1084;8;1084;7;898;0;-
2026/04/18;22:29:28;98;-; 52.45; 0.0;-; 12.4; 13.1; 0.0;-;-;1855;-0.2; 0.0; 0.0;-8; 22.3;F;1;29;On;On;Off; 22.8; 22.6;0;8;1084;8;1084;7;898;0;-
2026/04/18;22:30:28;98;-; 52.47; 0.0;-; 12.4; 12.9; 0.0;-;-;1855;-0.2; 0.0; 0.0;-8; 22.3;F;1;29;On;On;Off; 22.8; 22.6;0;8;1084;8;1084;7;898;0;-
2026/04/18;22:31:28;98;-; 52.47; 0.0;-; 11.8; 12.5; 0.0;-;-;1855;-0.2; 0.0; 0.0;-8; 22.3;F;1;29;On;On;Off; 22.8; 22.6;0;8;1084;8;1084;7;898;0;-
2026/04/18;22:32:28;98;-; 52.45; 0.0;-; 11.6; 12.4; 0.0;-;-;1855;-0.2; 0.0; 0.0;-7; 22.3;F;1;29;On;On;Off; 22.8; 22.6;0;8;1084;8;1084;7;898;0;-
2026/04/18;22:33:28;98;-; 52.47; 0.0;-; 11.2; 11.9; 0.0;-;-;1855;-0.2; 0.0; 0.0;-7; 22.3;F;1;29;On;On;Off; 22.8; 22.6;0;8;1084;8;1084;7;898;0;-
2026/04/18;22:34:28;98;-; 52.47; 0.0;-; 11.2; 11.8; 0.0;-;-;1855;-0.2; 0.0; 0.0;-8; 22.3;F;1;29;On;On;Off; 22.8; 22.6;0;8;1084;8;1084;7;898;0;-
2026/04/18;22:35:28;98;-; 52.47; 0.0;-; 11.1; 11.9; 0.0;-;-;1855;-0.2; 0.0; 0.0;-8; 22.3;F;1;29;On;On;Off; 22.8; 22.6;0;8;1084;8;1084;7;898;0;-
2026/04/18;22:36:28;98;-; 52.47; 0.0;-; 11.0; 11.7; 0.0;-;-;1855;-0.2; 0.0; 0.0;-8; 22.3;F;1;29;On;On;Off; 22.8; 22.6;0;8;1084;8;1084;7;898;0;-
2026/04/18;22:37:28;98;-; 52.47; 0.0;-; 11.0; 11.5; 0.0;-;-;1855;-0.2; 0.0; 0.0;-8; 22.3;F;1;29;On;On;Off; 22.8; 22.6;0;8;1084;8;1084;7;898;0;-
2026/04/18;22:38:28;98;-; 52.47; 0.0;-; 10.8; 11.5; 0.0;-;-;1855;-0.2; 0.0; 0.0;-8; 22.3;F;1;29;On;On;Off; 22.8; 22.6;0;8;1084;8;1084;7;898;0;-
2026/04/18;22:39:28;98;-; 52.47; 0.0;-; 10.8; 11.5; 0.0;-;-;1855;-0.2; 0.0; 0.0;-8; 22.3;F;1;29;On;On;Off; 22.8; 22.6;0;8;1084;8;1084;7;898;0;-
2026/04/18;22:40:28;98;-; 52.47; 0.0;-; 10.8; 11.5; 0.0;-;-;1855;-0.2; 0.0; 0.0;-8; 22.3;F;1;29;On;On;Off; 22.8; 22.6;0;8;1084;8;1084;7;898;0;-
2026/04/18;22:41:27;98;-; 52.45; 0.0;-; 10.8; 11.5; 0.0;-;-;1855;-0.2; 0.0; 0.0;-8; 22.3;F;1;29;On;On;Off; 22.8; 22.6;0;8;1084;8;1084;7;898;0;-
2026/04/18;22:42:27;98;-; 52.47; 0.0;-; 10.8; 11.5; 0.0;-;-;1855;-0.2; 0.0; 0.0;-8; 22.3;F;1;29;On;On;Off; 22.8; 22.6;0;8;1084;8;1084;7;898;0;-
2026/04/18;22:43:27;98;-; 52.47; 0.0;-; 10.9; 11.6; 0.0;-;-;1855;-0.2; 0.0; 0.0;-8; 22.3;F;1;29;On;On;Off; 22.8; 22.6;0;8;1084;8;1084;7;898;0;-
2026/04/18;22:44:27;98;-; 52.47; 0.0;-; 11.0; 11.7; 0.0;-;-;1855;-0.2; 0.0; 0.0;-8; 22.3;F;1;29;On;On;Off; 22.8; 22.5;0;8;1084;8;1084;7;898;0;-
2026/04/18;22:45:27;98;-; 52.45; 0.0;-; 11.2; 11.9; 0.0;-;-;1855;-0.2; 0.0; 0.0;-8; 22.3;F;1;29;On;On;Off; 22.8; 22.6;0;8;1084;8;1084;7;898;0;-
2026/04/18;22:46:27;98;-; 52.47; 0.0;-; 11.3; 11.9; 0.0;-;-;1855;-0.2; 0.0; 0.0;-8; 22.3;F;1;29;On;On;Off; 22.8; 22.5;0;8;1084;8;1084;7;898;0;-
2026/04/18;22:47:27;98;-; 52.45; 0.0;-; 11.4; 12.3; 0.0;-;-;1855;-0.2; 0.0; 0.0;-8; 22.3;F;1;29;On;On;Off; 22.8; 22.5;0;8;1084;8;1084;7;898;0;-
2026/04/18;22:48:27;98;-; 52.45; 0.0;-; 11.6; 12.3; 0.0;-;-;1855;-0.2; 0.0; 0.0;-8; 22.3;F;1;29;On;On;Off; 22.8; 22.5;0;8;1084;8;1084;7;898;0;-
2026/04/18;22:49:27;98;-; 52.45; 0.0;-; 11.7; 12.4; 0.0;-;-;1855;-0.2; 0.0; 0.0;-8; 22.3;F;1;29;On;On;Off; 22.8; 22.5;0;8;1084;8;1084;7;898;0;-
2026/04/18;22:50:27;98;-; 52.43; 0.0;-; 11.8; 12.4; 0.0;-;-;1855;-0.2; 0.0; 0.0;-8; 22.3;F;1;29;On;On;Off; 22.8; 22.5;0;8;1084;8;1084;7;898;0;-
2026/04/18;22:51:27;98;-; 52.45; 0.0;-; 11.8; 12.6; 0.0;-;-;1855;-0.2; 0.0; 0.0;-8; 22.3;F;1;29;On;On;Off; 22.8; 22.5;0;8;1084;8;1084;7;898;0;-
2026/04/18;22:52:27;98;-; 52.45; 0.0;-; 11.9; 12.5; 0.0;-;-;1855;-0.2; 0.0; 0.0;-9; 22.3;F;1;29;On;On;Off; 22.8; 22.5;0;8;1084;8;1084;7;898;0;-
2026/04/18;22:53:27;98;-; 52.43; 0.0;-; 12.1; 12.8; 0.0;-;-;1855;-0.2; 0.0; 0.0;-8; 22.3;F;1;29;On;On;Off; 22.8; 22.5;0;8;1084;8;1084;7;898;0;-
2026/04/18;22:54:27;98;-; 52.45; 0.0;-; 12.1; 12.8; 0.0;-;-;1855;-0.2; 0.0; 0.0;-9; 22.3;F;1;29;On;On;Off; 22.8; 22.5;0;8;1084;8;1084;7;898;0;-
2026/04/18;22:55:27;98;-; 52.45; 0.0;-; 12.1; 12.8; 0.0;-;-;1855;-0.2; 0.0; 0.0;-9; 22.3;F;1;29;On;On;Off; 22.8; 22.5;0;8;1084;8;1084;7;898;0;-
2026/04/18;22:56:26;98;-; 52.45; 0.0;-; 12.2; 12.8; 0.0;-;-;1855;-0.2; 0.0; 0.0;-9; 22.3;F;1;29;On;On;Off; 22.8; 22.5;0;8;1084;8;1084;7;898;0;-
2026/04/18;22:57:26;98;-; 52.45; 0.0;-; 12.2; 12.9; 0.0;-;-;1855;-0.2; 0.0; 0.0;-8; 22.3;F;1;29;On;On;Off; 22.8; 22.5;0;8;1084;8;1084;7;898;0;-
2026/04/18;22:58:26;98;-; 52.45; 0.0;-; 12.2; 13.0; 0.0;-;-;1855;-0.2; 0.0; 0.0;-8; 22.3;F;1;29;On;On;Off; 22.8; 22.5;0;8;1084;8;1084;7;898;0;-
2026/04/18;22:59:26;98;-; 52.43; 0.0;-; 12.3; 13.0; 0.0;-;-;1855;-0.2; 0.0; 0.0;-8; 22.3;F;1;29;On;On;Off; 22.8; 22.5;0;8;1084;8;1084;7;898;0;-
2026/04/18;23:00:26;98;-; 52.45; 0.0;-; 10.8; 12.7; 0.0;-;-;1855;-0.2; 0.0; 0.0;-8; 22.3;F;1;29;On;On;Off; 22.8; 22.5;0;8;1084;8;1084;7;898;0;-
2026/04/18;23:01:26;98;-; 52.43; 0.0;-; 11.0; 12.7; 0.0;-;-;1855;-0.2; 0.0; 0.0;-8; 22.3;F;1;29;On;On;Off; 22.7; 22.5;0;8;1084;8;1084;7;898;0;-
2026/04/18;23:02:26;98;-; 52.45; 0.0;-; 11.1; 12.7; 0.0;-;-;1855;-0.2; 0.0; 0.0;-7; 22.3;F;1;29;On;On;Off; 22.7; 22.5;0;8;1084;8;1084;7;898;0;-
2026/04/18;23:03:26;98;-; 52.43; 0.0;-; 11.1; 12.8; 0.0;-;-;1855;-0.2; 0.0; 0.0;-8; 22.3;F;1;29;On;On;Off; 22.8; 22.5;0;8;1084;8;1084;7;898;0;-
2026/04/18;23:04:26;98;-; 52.45; 0.0;-; 11.2; 12.7; 0.0;-;-;1855;-0.2; 0.0; 0.0;-8; 22.2;F;1;29;On;On;Off; 22.7; 22.5;0;8;1084;8;1084;7;898;0;-
2026/04/18;23:05:26;98;-; 52.45; 0.0;-; 11.2; 12.8; 0.0;-;-;1855;-0.2; 0.0; 0.0;-8; 22.2;F;1;29;On;On;Off; 22.7; 22.5;0;8;1084;8;1084;7;898;0;-
2026/04/18;23:06:26;98;-; 52.43; 0.0;-; 11.2; 12.9; 0.0;-;-;1855;-0.2; 0.0; 0.0;-8; 22.2;F;1;29;On;On;Off; 22.7; 22.5;0;8;1084;8;1084;7;898;0;-
2026/04/18;23:07:26;98;-; 52.45; 0.0;-; 11.2; 12.9; 0.0;-;-;1855;-0.2; 0.0; 0.0;-8; 22.2;F;1;29;On;On;Off; 22.7; 22.5;0;8;1084;8;1084;7;898;0;-
2026/04/18;23:08:26;98;-; 52.43; 0.0;-; 11.1; 12.8; 0.0;-;-;1855;-0.2; 0.0; 0.0;-9; 22.2;F;1;29;On;On;Off; 22.7; 22.4;0;8;1084;8;1084;7;898;0;-
2026/04/18;23:09:26;98;-; 52.43; 0.0;-; 11.2; 12.9; 0.0;-;-;1855;-0.2; 0.0; 0.0;-9; 22.2;F;1;29;On;On;Off; 22.7; 22.5;0;8;1084;8;1084;7;898;0;-
2026/04/18;23:10:26;98;-; 52.45; 0.0;-; 11.3; 12.8; 0.0;-;-;1855;-0.2; 0.0; 0.0;-9; 22.2;F;1;29;On;On;Off; 22.7; 22.4;0;8;1084;8;1084;7;898;0;-
2026/04/18;23:11:26;98;-; 52.45; 0.0;-; 11.2; 12.9; 0.0;-;-;1855;-0.2; 0.0; 0.0;-8; 22.2;F;1;29;On;On;Off; 22.7; 22.5;0;8;1084;8;1084;7;898;0;-
2026/04/18;23:12:25;98;-; 52.45; 0.0;-; 11.2; 12.8; 0.0;-;-;1855;-0.2; 0.0; 0.0;-9; 22.2;F;1;29;On;On;Off; 22.7; 22.4;0;8;1084;8;1084;7;898;0;-
2026/04/18;23:13:25;97;-; 52.45; 0.0;-; 11.1; 12.9; 0.0;-;-;1856;-0.2; 0.0; 0.0;-8; 22.2;F;1;29;On;On;Off; 22.7; 22.4;0;8;1084;8;1084;7;898;0;-
2026/04/18;23:14:25;97;-; 52.43; 0.0;-; 11.0; 12.8; 0.0;-;-;1856;-0.2; 0.0; 0.0;-8; 22.2;F;1;29;On;On;Off; 22.7; 22.4;0;8;1084;8;1084;7;898;0;-
2026/04/18;23:15:25;97;-; 52.45; 0.0;-; 10.9; 12.6; 0.0;-;-;1856;-0.2; 0.0; 0.0;-8; 22.2;F;1;29;On;On;Off; 22.7; 22.4;0;8;1084;8;1084;7;898;0;-
2026/04/18;23:16:25;97;-; 52.45; 0.0;-; 10.7; 12.6; 0.0;-;-;1856;-0.2; 0.0; 0.0;-8; 22.2;F;1;29;On;On;Off; 22.7; 22.4;0;8;1084;8;1084;7;898;0;-
2026/04/18;23:17:25;97;-; 52.43; 0.0;-; 10.7; 12.4; 0.0;-;-;1856;-0.2; 0.0; 0.0;-8; 22.2;F;1;29;On;On;Off; 22.7; 22.4;0;8;1084;8;1084;7;898;0;-
2026/04/18;23:18:25;97;-; 52.43; 0.0;-; 10.6; 12.5; 0.0;-;-;1856;-0.2; 0.0; 0.0;-8; 22.2;F;1;29;On;On;Off; 22.7; 22.4;0;8;1084;8;1084;7;898;0;-
2026/04/18;23:19:25;97;-; 52.41; 0.0;-; 10.7; 12.4; 0.0;-;-;1856;-0.2; 0.0; 0.0;-8; 22.2;F;1;29;On;On;Off; 22.7; 22.4;0;8;1084;8;1084;7;898;0;-
2026/04/18;23:20:25;97;-; 52.43; 0.0;-; 10.7; 12.4; 0.0;-;-;1856;-0.2; 0.0; 0.0;-8; 22.2;F;1;29;On;On;Off; 22.7; 22.4;0;8;1084;8;1084;7;898;0;-
2026/04/18;23:21:25;97;-; 52.43; 0.0;-; 10.6; 12.5; 0.0;-;-;1856;-0.2; 0.0; 0.0;-8; 22.2;F;1;29;On;On;Off; 22.7; 22.4;0;8;1084;8;1084;7;898;0;-
2026/04/18;23:22:25;97;-; 52.43; 0.0;-; 10.6; 12.5; 0.0;-;-;1856;-0.2; 0.0; 0.0;-8; 22.2;F;1;29;On;On;Off; 22.7; 22.4;0;8;1084;8;1084;7;898;0;-
2026/04/18;23:23:25;97;-; 52.41; 0.0;-; 10.6; 12.4; 0.0;-;-;1856;-0.2; 0.0; 0.0;-8; 22.2;F;1;29;On;On;Off; 22.7; 22.4;0;8;1084;8;1084;7;898;0;-
2026/04/18;23:24:25;97;-; 52.41; 0.0;-; 10.6; 12.4; 0.0;-;-;1856;-0.2; 0.0; 0.0;-8; 22.2;F;1;29;On;On;Off; 22.6; 22.4;0;8;1084;8;1084;7;898;0;-
2026/04/18;23:25:25;97;-; 52.43; 0.0;-; 10.7; 12.2; 0.0;-;-;1856;-0.2; 0.0; 0.0;-8; 22.2;F;1;29;On;On;Off; 22.6; 22.4;0;8;1084;8;1084;7;898;0;-
2026/04/18;23:26:25;97;-; 52.43; 0.0;-; 10.6; 12.3; 0.0;-;-;1856;-0.2; 0.0; 0.0;-9; 22.2;F;1;29;On;On;Off; 22.6; 22.4;0;8;1084;8;1084;7;898;0;-
2026/04/18;23:27:25;97;-; 52.43; 0.0;-; 10.5; 12.3; 0.0;-;-;1856;-0.2; 0.0; 0.0;-8; 22.2;F;1;29;On;On;Off; 22.6; 22.4;0;8;1084;8;1084;7;898;0;-
2026/04/18;23:28:24;97;-; 52.43; 0.0;-; 10.3; 12.1; 0.0;-;-;1856;-0.2; 0.0; 0.0;-8; 22.2;F;1;29;On;On;Off; 22.6; 22.4;0;8;1084;8;1084;7;898;0;-
2026/04/18;23:29:24;97;-; 52.43; 0.0;-; 10.2; 12.0; 0.0;-;-;1856;-0.2; 0.0; 0.0;-8; 22.2;F;1;29;On;On;Off; 22.6; 22.4;0;8;1084;8;1084;7;898;0;-
2026/04/18;23:30:24;97;-; 52.43; 0.0;-; 10.1; 11.9; 0.0;-;-;1856;-0.2; 0.0; 0.0;-8; 22.1;F;1;29;On;On;Off; 22.6; 22.4;0;8;1084;8;1084;7;898;0;-
2026/04/18;23:31:24;97;-; 52.43; 0.0;-; 10.1; 11.9; 0.0;-;-;1856;-0.2; 0.0; 0.0;-8; 22.1;F;1;29;On;On;Off; 22.6; 22.4;0;8;1084;8;1084;7;898;0;-
2026/04/18;23:32:24;97;-; 52.43; 0.0;-; 10.0; 11.8; 0.0;-;-;1856;-0.2; 0.0; 0.0;-8; 22.2;F;1;29;On;On;Off; 22.6; 22.4;0;8;1084;8;1084;7;898;0;-
2026/04/18;23:33:24;97;-; 52.43; 0.0;-; 10.0; 11.8; 0.0;-;-;1856;-0.2; 0.0; 0.0;-9; 22.2;F;1;29;On;On;Off; 22.6; 22.4;0;8;1084;8;1084;7;898;0;-
2026/04/18;23:34:24;97;-; 52.43; 0.0;-; 9.9; 11.7; 0.0;-;-;1856;-0.2; 0.0; 0.0;-8; 22.1;F;1;29;On;On;Off; 22.6; 22.4;0;8;1084;8;1084;7;898;0;-
2026/04/18;23:35:24;97;-; 52.43; 0.0;-; 9.9; 11.7; 0.0;-;-;1856;-0.2; 0.0; 0.0;-8; 22.1;F;1;29;On;On;Off; 22.6; 22.4;0;8;1084;8;1084;7;898;0;-
2026/04/18;23:36:24;97;-; 52.41; 0.0;-; 9.7; 11.7; 0.0;-;-;1856;-0.2; 0.0; 0.0;-8; 22.1;F;1;29;On;On;Off; 22.6; 22.3;0;8;1084;8;1084;7;898;0;-
2026/04/18;23:37:24;97;-; 52.43; 0.0;-; 9.6; 11.7; 0.0;-;-;1856;-0.2; 0.0; 0.0;-7; 22.1;F;1;29;On;On;Off; 22.6; 22.3;0;8;1084;8;1084;7;898;0;-
2026/04/18;23:38:24;97;-; 52.43; 0.0;-; 9.5; 11.5; 0.0;-;-;1856;-0.2; 0.0; 0.0;-8; 22.2;F;1;29;On;On;Off; 22.6; 22.4;0;8;1084;8;1084;7;898;0;-
2026/04/18;23:39:24;97;-; 52.43; 0.0;-; 9.4; 11.4; 0.0;-;-;1856;-0.2; 0.0; 0.0;-7; 22.2;F;1;29;On;On;Off; 22.6; 22.3;0;8;1084;8;1084;7;898;0;-
2026/04/18;23:40:24;97;-; 52.41; 0.0;-; 9.4; 11.4; 0.0;-;-;1856;-0.1; 0.0; 0.0;-7; 22.1;F;1;29;On;On;Off; 22.6; 22.3;0;8;1084;8;1084;7;898;0;-
2026/04/18;23:41:24;97;-; 52.43; 0.0;-; 9.4; 11.2; 0.0;-;-;1856;-0.1; 0.0; 0.0;-7; 22.1;F;1;29;On;On;Off; 22.6; 22.3;0;8;1084;8;1084;7;898;0;-
2026/04/18;23:42:24;97;-; 52.43; 0.0;-; 9.5; 11.4; 0.0;-;-;1856;-0.1; 0.0; 0.0;-7; 22.1;F;1;29;On;On;Off; 22.6; 22.3;0;8;1084;8;1084;7;898;0;-
2026/04/18;23:43:24;97;-; 52.43; 0.0;-; 9.6; 11.4; 0.0;-;-;1856;-0.1; 0.0; 0.0;-7; 22.1;F;1;29;On;On;Off; 22.6; 22.3;0;8;1084;8;1084;7;898;0;-
2026/04/18;23:44:23;97;-; 52.43; 0.0;-; 9.7; 11.5; 0.0;-;-;1856;-0.2; 0.0; 0.0;-7; 22.1;F;1;29;On;On;Off; 22.6; 22.3;0;8;1084;8;1084;7;898;0;-
2026/04/18;23:45:23;97;-; 52.41; 0.0;-; 9.7; 11.6; 0.0;-;-;1856;-0.1; 0.0; 0.0;-7; 22.1;F;1;29;On;On;Off; 22.6; 22.3;0;8;1084;8;1084;7;898;0;-
2026/04/18;23:46:23;97;-; 52.43; 0.0;-; 9.7; 11.5; 0.0;-;-;1856;-0.1; 0.0; 0.0;-7; 22.1;F;1;29;On;On;Off; 22.6; 22.3;0;8;1084;8;1084;7;898;0;-
2026/04/18;23:47:23;97;-; 52.43; 0.0;-; 9.7; 11.4; 0.0;-;-;1856;-0.2; 0.0; 0.0;-7; 22.1;F;1;29;On;On;Off; 22.6; 22.3;0;8;1084;8;1084;7;898;0;-
2026/04/18;23:48:23;97;-; 52.43; 0.0;-; 9.8; 11.5; 0.0;-;-;1856;-0.2; 0.0; 0.0;-7; 22.1;F;1;29;On;On;Off; 22.6; 22.3;0;8;1084;8;1084;7;898;0;-
2026/04/18;23:49:23;97;-; 52.43; 0.0;-; 9.8; 11.7; 0.0;-;-;1856;-0.2; 0.0; 0.0;-7; 22.1;F;1;29;On;On;Off; 22.6; 22.3;0;8;1084;8;1084;7;898;0;-
2026/04/18;23:50:23;97;-; 52.43; 0.0;-; 9.8; 11.7; 0.0;-;-;1856;-0.1; 0.0; 0.0;-7; 22.1;F;1;29;On;On;Off; 22.6; 22.3;0;8;1084;8;1084;7;898;0;-
2026/04/18;23:51:23;97;-; 52.43; 0.0;-; 10.0; 11.7; 0.0;-;-;1856;-0.2; 0.0; 0.0;-7; 22.1;F;1;29;On;On;Off; 22.6; 22.3;0;8;1084;8;1084;7;898;0;-
2026/04/18;23:52:23;97;-; 52.43; 0.0;-; 10.0; 11.7; 0.0;-;-;1856;-0.2; 0.0; 0.0;-8; 22.1;F;1;29;On;On;Off; 22.6; 22.3;0;8;1084;8;1084;7;898;0;-
2026/04/18;23:53:23;97;-; 52.43; 0.0;-; 9.9; 11.6; 0.0;-;-;1856;-0.2; 0.0; 0.0;-7; 22.1;F;1;29;On;On;Off; 22.6; 22.3;0;8;1084;8;1084;7;898;0;-
2026/04/18;23:54:23;97;-; 52.41; 0.0;-; 9.9; 11.7; 0.0;-;-;1856;-0.2; 0.0; 0.0;-8; 22.1;F;1;29;On;On;Off; 22.6; 22.3;0;8;1084;8;1084;7;898;0;-
2026/04/18;23:55:23;97;-; 52.41; 0.0;-; 9.9; 11.6; 0.0;-;-;1856;-0.2; 0.0; 0.0;-8; 22.1;F;1;29;On;On;Off; 22.6; 22.3;0;8;1084;8;1084;7;898;0;-
2026/04/18;23:56:23;97;-; 52.43; 0.0;-; 9.9; 11.8; 0.0;-;-;1856;-0.2; 0.0; 0.0;-7; 22.1;F;1;29;On;On;Off; 22.6; 22.3;0;8;1084;8;1084;7;898;0;-
2026/04/18;23:57:23;97;-; 52.41; 0.0;-; 9.8; 11.6; 0.0;-;-;1856;-0.2; 0.0; 0.0;-8; 22.1;F;1;29;On;On;Off; 22.6; 22.3;0;8;1084;8;1084;7;898;0;-
2026/04/18;23:58:23;97;-; 52.41; 0.0;-; 9.7; 11.6; 0.0;-;-;1856;-0.2; 0.0; 0.0;-8; 22.1;F;1;29;On;On;Off; 22.6; 22.3;0;8;1084;8;1084;7;898;0;-
2026/04/18;23:59:22;97;-; 52.41; 0.0;-; 9.7; 11.5; 0.0;-;-;1856;-0.2; 0.0; 0.0;-8; 22.1;F;1;29;On;On;Off; 22.6; 22.3;0;8;1084;8;1084;7;898;0;-
