Steca Elektronik GmbH;MPPT6000;760749IH008963540005
Date;Time;SOC[%];Kaptest[Ah];Vbat[V];Ibat_M[A];Vbat.sense[V];VPV1_M[V];VPV2_M[V];PVpower_M[W];PV1power_M[W];PV2power_M[W];Ophours[h];Ibat_total[A]SOC;Icharge_total[A];Iload_total[A];BatPower_total[W];BatTemp[°C];ChargeMode;ErrorState;ErrorNr;StateAux1;StateAux2;StateAux3;IntTemp1[°C];IntTemp2[°C];Derating;Ah_in_24h_M[Ah];Ah_in_total_M[Ah];Ah_in_24h_SYS[Ah];Ah_in_total_SYS[Ah];Ah_out_24h_SYS[Ah];Ah_out_total_SYS[Ah];Day_night;Status_AUXIO
2026/04/23;00:00:51;92;-; 52.37; 0.0;-; 0.0; 0.0; 0.0;-;-;1952;-0.2; 0.0; 0.0;-7; 21.9;F;1;29;On;On;Off; 22.2; 21.9;0;0;1203;0;1203;0;1017;0;-
2026/04/23;00:01:51;92;-; 52.37; 0.0;-; 0.0; 0.0; 0.0;-;-;1952;-0.2; 0.0; 0.0;-8; 21.9;F;1;29;On;On;Off; 22.2; 21.9;0;0;1203;0;1203;0;1017;0;-
2026/04/23;00:02:51;92;-; 52.37; 0.0;-; 0.0; 0.0; 0.0;-;-;1952;-0.2; 0.0; 0.0;-8; 21.9;F;1;29;On;On;Off; 22.2; 21.9;0;0;1203;0;1203;0;1017;0;-
2026/04/23;00:03:51;92;-; 52.35; 0.0;-; 0.0; 0.0; 0.0;-;-;1952;-0.2; 0.0; 0.0;-7; 21.9;F;1;29;On;On;Off; 22.2; 21.9;0;0;1203;0;1203;0;1017;0;-
2026/04/23;00:04:51;92;-; 52.35; 0.0;-; 0.0; 0.0; 0.0;-;-;1952;-0.2; 0.0; 0.0;-8; 21.9;F;1;29;On;On;Off; 22.2; 21.9;0;0;1203;0;1203;0;1017;0;-
2026/04/23;00:05:51;92;-; 52.35; 0.0;-; 0.0; 0.0; 0.0;-;-;1952;-0.2; 0.0; 0.0;-8; 21.9;F;1;29;On;On;Off; 22.2; 21.9;0;0;1203;0;1203;0;1017;0;-
2026/04/23;00:06:51;92;-; 52.35; 0.0;-; 0.0; 0.0; 0.0;-;-;1953;-0.2; 0.0; 0.0;-8; 21.9;F;1;29;On;On;Off; 22.2; 21.9;0;0;1203;0;1203;0;1017;0;-
2026/04/23;00:07:51;92;-; 52.37; 0.0;-; 0.0; 0.0; 0.0;-;-;1953;-0.2; 0.0; 0.0;-8; 21.9;F;1;29;On;On;Off; 22.2; 21.9;0;0;1203;0;1203;0;1017;0;-
2026/04/23;00:08:51;92;-; 52.35; 0.0;-; 0.0; 0.0; 0.0;-;-;1953;-0.2; 0.0; 0.0;-8; 21.9;F;1;29;On;On;Off; 22.2; 21.9;0;0;1203;0;1203;0;1017;0;-
2026/04/23;00:09:51;92;-; 52.37; 0.0;-; 0.0; 0.0; 0.0;-;-;1953;-0.2; 0.0; 0.0;-8; 21.9;F;1;29;On;On;Off; 22.2; 21.9;0;0;1203;0;1203;0;1017;0;-
2026/04/23;00:10:51;92;-; 52.37; 0.0;-; 0.0; 0.0; 0.0;-;-;1953;-0.2; 0.0; 0.0;-8; 21.9;F;1;29;On;On;Off; 22.2; 21.9;0;0;1203;0;1203;0;1017;0;-
2026/04/23;00:11:51;92;-; 52.37; 0.0;-; 0.0; 0.0; 0.0;-;-;1953;-0.2; 0.0; 0.0;-8; 21.9;F;1;29;On;On;Off; 22.2; 21.9;0;0;1203;0;1203;0;1017;0;-
2026/04/23;00:12:51;92;-; 52.35; 0.0;-; 0.0; 0.0; 0.0;-;-;1953;-0.2; 0.0; 0.0;-8; 21.9;F;1;29;On;On;Off; 22.2; 21.9;0;0;1203;0;1203;0;1017;0;-
2026/04/23;00:13:51;92;-; 52.35; 0.0;-; 0.0; 0.0; 0.0;-;-;1953;-0.2; 0.0; 0.0;-8; 21.9;F;1;29;On;On;Off; 22.2; 21.9;0;0;1203;0;1203;0;1017;0;-
2026/04/23;00:14:51;92;-; 52.35; 0.0;-; 0.0; 0.0; 0.0;-;-;1953;-0.2; 0.0; 0.0;-8; 21.9;F;1;29;On;On;Off; 22.2; 21.9;0;0;1203;0;1203;0;1017;0;-
2026/04/23;00:15:50;92;-; 52.37; 0.0;-; 0.0; 0.0; 0.0;-;-;1953;-0.2; 0.0; 0.0;-8; 21.9;F;1;29;On;On;Off; 22.2; 21.9;0;0;1203;0;1203;0;1017;0;-
2026/04/23;00:16:50;92;-; 52.37; 0.0;-; 0.0; 0.0; 0.0;-;-;1953;-0.2; 0.0; 0.0;-8; 21.9;F;1;29;On;On;Off; 22.2; 21.9;0;0;1203;0;1203;0;1017;0;-
2026/04/23;00:17:50;92;-; 52.35; 0.0;-; 0.0; 0.0; 0.0;-;-;1953;-0.2; 0.0; 0.0;-8; 21.9;F;1;29;On;On;Off; 22.2; 21.9;0;0;1203;0;1203;0;1017;0;-
2026/04/23;00:18:50;92;-; 52.37; 0.0;-; 0.0; 0.0; 0.0;-;-;1953;-0.2; 0.0; 0.0;-8; 21.9;F;1;29;On;On;Off; 22.2; 21.9;0;0;1203;0;1203;0;1017;0;-
2026/04/23;00:19:50;92;-; 52.37; 0.0;-; 0.0; 0.0; 0.0;-;-;1953;-0.2; 0.0; 0.0;-8; 21.9;F;1;29;On;On;Off; 22.2; 21.9;0;0;1203;0;1203;0;1017;0;-
2026/04/23;00:20:50;92;-; 52.35; 0.0;-; 0.0; 0.0; 0.0;-;-;1953;-0.2; 0.0; 0.0;-9; 21.9;F;1;29;On;On;Off; 22.2; 21.9;0;0;1203;0;1203;0;1017;0;-
2026/04/23;00:21:50;92;-; 52.37; 0.0;-; 0.0; 0.0; 0.0;-;-;1953;-0.2; 0.0; 0.0;-9; 21.9;F;1;29;On;On;Off; 22.2; 21.9;0;0;1203;0;1203;0;1017;0;-
2026/04/23;00:22:50;92;-; 52.37; 0.0;-; 0.0; 0.0; 0.0;-;-;1953;-0.2; 0.0; 0.0;-9; 21.9;F;1;29;On;On;Off; 22.2; 21.9;0;0;1203;0;1203;0;1017;0;-
2026/04/23;00:23:50;92;-; 52.37; 0.0;-; 0.0; 0.0; 0.0;-;-;1953;-0.2; 0.0; 0.0;-8; 21.9;F;1;29;On;On;Off; 22.2; 21.9;0;0;1203;0;1203;0;1017;0;-
2026/04/23;00:24:50;92;-; 52.35; 0.0;-; 0.0; 0.0; 0.0;-;-;1953;-0.2; 0.0; 0.0;-8; 21.9;F;1;29;On;On;Off; 22.2; 21.9;0;0;1203;0;1203;0;1017;0;-
2026/04/23;00:25:50;92;-; 52.37; 0.0;-; 0.0; 0.0; 0.0;-;-;1953;-0.2; 0.0; 0.0;-8; 21.9;F;1;29;On;On;Off; 22.2; 21.9;0;0;1203;0;1203;0;1017;0;-
2026/04/23;00:26:50;92;-; 52.35; 0.0;-; 0.0; 0.0; 0.0;-;-;1953;-0.2; 0.0; 0.0;-9; 21.9;F;1;29;On;On;Off; 22.2; 21.9;0;0;1203;0;1203;0;1017;0;-
2026/04/23;00:27:50;92;-; 52.35; 0.0;-; 0.0; 0.0; 0.0;-;-;1953;-0.2; 0.0; 0.0;-8; 21.9;F;1;29;On;On;Off; 22.2; 21.9;0;0;1203;0;1203;0;1017;0;-
2026/04/23;00:28:50;92;-; 52.37; 0.0;-; 0.0; 0.0; 0.0;-;-;1953;-0.2; 0.0; 0.0;-8; 21.9;F;1;29;On;On;Off; 22.2; 21.9;0;0;1203;0;1203;0;1017;0;-
2026/04/23;00:29:50;92;-; 52.37; 0.0;-; 0.0; 0.0; 0.0;-;-;1953;-0.2; 0.0; 0.0;-8; 21.9;F;1;29;On;On;Off; 22.2; 21.9;0;0;1203;0;1203;0;1017;0;-
2026/04/23;00:30:50;92;-; 52.35; 0.0;-; 0.0; 0.0; 0.0;-;-;1953;-0.2; 0.0; 0.0;-8; 21.9;F;1;29;On;On;Off; 22.2; 21.9;0;0;1203;0;1203;0;1017;0;-
2026/04/23;00:31:49;92;-; 52.35; 0.0;-; 0.0; 0.0; 0.0;-;-;1953;-0.2; 0.0; 0.0;-8; 21.9;F;1;29;On;On;Off; 22.2; 21.9;0;0;1203;0;1203;0;1017;0;-
2026/04/23;00:32:49;92;-; 52.37; 0.0;-; 0.0; 0.0; 0.0;-;-;1953;-0.2; 0.0; 0.0;-9; 21.9;F;1;29;On;On;Off; 22.2; 21.9;0;0;1203;0;1203;0;1017;0;-
2026/04/23;00:33:49;92;-; 52.37; 0.0;-; 0.0; 0.0; 0.0;-;-;1953;-0.2; 0.0; 0.0;-9; 21.9;F;1;29;On;On;Off; 22.2; 21.9;0;0;1203;0;1203;0;1017;0;-
2026/04/23;00:34:49;92;-; 52.37; 0.0;-; 0.0; 0.0; 0.0;-;-;1953;-0.2; 0.0; 0.0;-9; 21.9;F;1;29;On;On;Off; 22.2; 21.9;0;0;1203;0;1203;0;1017;0;-
2026/04/23;00:35:49;92;-; 52.37; 0.0;-; 0.0; 0.0; 0.0;-;-;1953;-0.2; 0.0; 0.0;-8; 21.9;F;1;29;On;On;Off; 22.2; 21.9;0;0;1203;0;1203;0;1017;0;-
2026/04/23;00:36:49;92;-; 52.35; 0.0;-; 0.0; 0.0; 0.0;-;-;1953;-0.2; 0.0; 0.0;-9; 21.9;F;1;29;On;On;Off; 22.2; 21.9;0;0;1203;0;1203;0;1017;0;-
2026/04/23;00:37:49;92;-; 52.35; 0.0;-; 0.0; 0.0; 0.0;-;-;1953;-0.2; 0.0; 0.0;-9; 21.9;F;1;29;On;On;Off; 22.2; 21.9;0;0;1203;0;1203;0;1017;0;-
2026/04/23;00:38:49;92;-; 52.35; 0.0;-; 0.0; 0.0; 0.0;-;-;1953;-0.2; 0.0; 0.0;-9; 21.9;F;1;29;On;On;Off; 22.2; 21.9;0;0;1203;0;1203;0;1017;0;-
2026/04/23;00:39:49;92;-; 52.37; 0.0;-; 0.0; 0.0; 0.0;-;-;1953;-0.2; 0.0; 0.0;-9; 21.9;F;1;29;On;On;Off; 22.2; 21.9;0;0;1203;0;1203;0;1017;0;-
2026/04/23;00:40:49;92;-; 52.35; 0.0;-; 0.0; 0.0; 0.0;-;-;1953;-0.2; 0.0; 0.0;-9; 21.9;F;1;29;On;On;Off; 22.2; 21.9;0;0;1203;0;1203;0;1017;0;-
2026/04/23;00:41:49;92;-; 52.35; 0.0;-; 0.0; 0.0; 0.0;-;-;1953;-0.2; 0.0; 0.0;-9; 21.9;F;1;29;On;On;Off; 22.2; 21.9;0;0;1203;0;1203;0;1017;0;-
2026/04/23;00:42:49;92;-; 52.37; 0.0;-; 0.0; 0.0; 0.0;-;-;1953;-0.2; 0.0; 0.0;-9; 21.9;F;1;29;On;On;Off; 22.2; 21.9;0;0;1203;0;1203;0;1017;0;-
2026/04/23;00:43:49;92;-; 52.35; 0.0;-; 0.0; 0.0; 0.0;-;-;1953;-0.2; 0.0; 0.0;-9; 21.9;F;1;29;On;On;Off; 22.2; 21.9;0;0;1203;0;1203;0;1017;0;-
2026/04/23;00:44:49;92;-; 52.37; 0.0;-; 0.0; 0.0; 0.0;-;-;1953;-0.2; 0.0; 0.0;-8; 21.9;F;1;29;On;On;Off; 22.2; 21.9;0;0;1203;0;1203;0;1017;0;-
2026/04/23;00:45:49;92;-; 52.37; 0.0;-; 0.0; 0.0; 0.0;-;-;1953;-0.2; 0.0; 0.0;-9; 21.9;F;1;29;On;On;Off; 22.2; 21.9;0;0;1203;0;1203;0;1017;0;-
2026/04/23;00:46:49;92;-; 52.37; 0.0;-; 0.0; 0.0; 0.0;-;-;1953;-0.2; 0.0; 0.0;-9; 21.9;F;1;29;On;On;Off; 22.2; 21.9;0;0;1203;0;1203;0;1017;0;-
2026/04/23;00:47:48;92;-; 52.35; 0.0;-; 0.0; 0.0; 0.0;-;-;1953;-0.2; 0.0; 0.0;-9; 21.9;F;1;29;On;On;Off; 22.2; 21.9;0;0;1203;0;1203;0;1017;0;-
2026/04/23;00:48:48;92;-; 52.35; 0.0;-; 0.0; 0.0; 0.0;-;-;1953;-0.2; 0.0; 0.0;-9; 21.9;F;1;29;On;On;Off; 22.2; 21.9;0;0;1203;0;1203;0;1017;0;-
2026/04/23;00:49:48;92;-; 52.35; 0.0;-; 0.0; 0.0; 0.0;-;-;1953;-0.2; 0.0; 0.0;-9; 21.9;F;1;29;On;On;Off; 22.2; 21.9;0;0;1203;0;1203;0;1017;0;-
2026/04/23;00:50:48;92;-; 52.35; 0.0;-; 0.0; 0.0; 0.0;-;-;1953;-0.2; 0.0; 0.0;-9; 21.9;F;1;29;On;On;Off; 22.2; 21.9;0;0;1203;0;1203;0;1017;0;-
2026/04/23;00:51:48;92;-; 52.35; 0.0;-; 0.0; 0.0; 0.0;-;-;1953;-0.2; 0.0; 0.0;-9; 21.9;F;1;29;On;On;Off; 22.2; 21.9;0;0;1203;0;1203;0;1017;0;-
2026/04/23;00:52:48;92;-; 52.35; 0.0;-; 0.0; 0.0; 0.0;-;-;1953;-0.2; 0.0; 0.0;-8; 21.9;F;1;29;On;On;Off; 22.2; 21.9;0;0;1203;0;1203;0;1017;0;-
2026/04/23;00:53:48;92;-; 52.33; 0.0;-; 0.0; 0.0; 0.0;-;-;1953;-0.2; 0.0; 0.0;-8; 21.9;F;1;29;On;On;Off; 22.2; 21.9;0;0;1203;0;1203;0;1017;0;-
2026/04/23;00:54:48;92;-; 52.35; 0.0;-; 0.0; 0.0; 0.0;-;-;1953;-0.2; 0.0; 0.0;-8; 21.9;F;1;29;On;On;Off; 22.2; 21.9;0;0;1203;0;1203;0;1017;0;-
2026/04/23;00:55:48;91;-; 52.35; 0.0;-; 0.0; 0.0; 0.0;-;-;1953;-0.2; 0.0; 0.0;-8; 21.9;F;1;29;On;On;Off; 22.2; 21.9;0;0;1203;0;1203;0;1017;0;-
2026/04/23;00:56:48;91;-; 52.35; 0.0;-; 0.0; 0.0; 0.0;-;-;1953;-0.2; 0.0; 0.0;-8; 21.9;F;1;29;On;On;Off; 22.2; 21.9;0;0;1203;0;1203;0;1017;0;-
2026/04/23;00:57:48;91;-; 52.33; 0.0;-; 0.0; 0.0; 0.0;-;-;1953;-0.2; 0.0; 0.0;-8; 21.9;F;1;29;On;On;Off; 22.2; 21.9;0;0;1203;0;1203;0;1017;0;-
2026/04/23;00:58:48;91;-; 52.35; 0.0;-; 0.0; 0.0; 0.0;-;-;1953;-0.2; 0.0; 0.0;-8; 21.9;F;1;29;On;On;Off; 22.2; 21.9;0;0;1203;0;1203;0;1017;0;-
2026/04/23;00:59:48;91;-; 52.35; 0.0;-; 0.0; 0.0; 0.0;-;-;1953;-0.2; 0.0; 0.0;-8; 21.9;F;1;29;On;On;Off; 22.2; 21.9;0;0;1203;0;1203;0;1017;0;-
2026/04/23;01:00:48;91;-; 52.35; 0.0;-; 0.0; 0.0; 0.0;-;-;1953;-0.2; 0.0; 0.0;-8; 21.9;F;1;29;On;On;Off; 22.2; 21.9;0;0;1203;0;1203;0;1017;0;-
2026/04/23;01:01:48;91;-; 52.35; 0.0;-; 0.0; 0.0; 0.0;-;-;1953;-0.2; 0.0; 0.0;-8; 21.9;F;1;29;On;On;Off; 22.2; 21.9;0;0;1203;0;1203;0;1017;0;-
2026/04/23;01:02:48;91;-; 52.33; 0.0;-; 0.0; 0.0; 0.0;-;-;1953;-0.2; 0.0; 0.0;-8; 21.9;F;1;29;On;On;Off; 22.2; 21.9;0;0;1203;0;1203;0;1017;0;-
2026/04/23;01:03:47;91;-; 52.35; 0.0;-; 0.0; 0.0; 0.0;-;-;1953;-0.2; 0.0; 0.0;-8; 21.9;F;1;29;On;On;Off; 22.2; 21.9;0;0;1203;0;1203;0;1017;0;-
2026/04/23;01:04:47;91;-; 52.33; 0.0;-; 0.0; 0.0; 0.0;-;-;1953;-0.2; 0.0; 0.0;-8; 21.9;F;1;29;On;On;Off; 22.2; 21.9;0;0;1203;0;1203;0;1017;0;-
2026/04/23;01:05:47;91;-; 52.33; 0.0;-; 0.0; 0.0; 0.0;-;-;1953;-0.2; 0.0; 0.0;-8; 21.9;F;1;29;On;On;Off; 22.2; 21.9;0;0;1203;0;1203;0;1017;0;-
2026/04/23;01:06:47;91;-; 52.33; 0.0;-; 0.0; 0.0; 0.0;-;-;1954;-0.2; 0.0; 0.0;-8; 21.9;F;1;29;On;On;Off; 22.2; 21.9;0;0;1203;0;1203;0;1017;0;-
2026/04/23;01:07:47;91;-; 52.35; 0.0;-; 0.0; 0.0; 0.0;-;-;1954;-0.2; 0.0; 0.0;-8; 21.9;F;1;29;On;On;Off; 22.2; 21.9;0;0;1203;0;1203;0;1017;0;-
2026/04/23;01:08:47;91;-; 52.35; 0.0;-; 0.0; 0.0; 0.0;-;-;1954;-0.2; 0.0; 0.0;-8; 21.9;F;1;29;On;On;Off; 22.2; 21.9;0;0;1203;0;1203;0;1017;0;-
2026/04/23;01:09:47;91;-; 52.35; 0.0;-; 0.0; 0.0; 0.0;-;-;1954;-0.2; 0.0; 0.0;-9; 21.9;F;1;29;On;On;Off; 22.2; 21.9;0;0;1203;0;1203;0;1017;0;-
2026/04/23;01:10:47;91;-; 52.35; 0.0;-; 0.0; 0.0; 0.0;-;-;1954;-0.2; 0.0; 0.0;-9; 21.9;F;1;29;On;On;Off; 22.2; 21.9;0;0;1203;0;1203;0;1017;0;-
2026/04/23;01:11:47;91;-; 52.35; 0.0;-; 0.0; 0.0; 0.0;-;-;1954;-0.2; 0.0; 0.0;-9; 21.9;F;1;29;On;On;Off; 22.2; 21.9;0;0;1203;0;1203;0;1017;0;-
2026/04/23;01:12:47;91;-; 52.33; 0.0;-; 0.0; 0.0; 0.0;-;-;1954;-0.2; 0.0; 0.0;-9; 21.9;F;1;29;On;On;Off; 22.2; 21.9;0;0;1203;0;1203;0;1017;0;-
2026/04/23;01:13:47;91;-; 52.35; 0.0;-; 0.0; 0.0; 0.0;-;-;1954;-0.2; 0.0; 0.0;-9; 21.9;F;1;29;On;On;Off; 22.2; 21.9;0;0;1203;0;1203;0;1017;0;-
2026/04/23;01:14:47;91;-; 52.35; 0.0;-; 0.0; 0.0; 0.0;-;-;1954;-0.2; 0.0; 0.0;-8; 21.9;F;1;29;On;On;Off; 22.2; 21.9;0;0;1203;0;1203;0;1017;0;-
2026/04/23;01:15:47;91;-; 52.35; 0.0;-; 0.0; 0.0; 0.0;-;-;1954;-0.2; 0.0; 0.0;-9; 21.9;F;1;29;On;On;Off; 22.2; 21.9;0;0;1203;0;1203;0;1017;0;-
2026/04/23;01:16:47;91;-; 52.35; 0.0;-; 0.0; 0.0; 0.0;-;-;1954;-0.2; 0.0; 0.0;-9; 21.9;F;1;29;On;On;Off; 22.2; 21.9;0;0;1203;0;1203;0;1017;0;-
2026/04/23;01:17:47;91;-; 52.33; 0.0;-; 0.0; 0.0; 0.0;-;-;1954;-0.2; 0.0; 0.0;-9; 21.9;F;1;29;On;On;Off; 22.2; 21.9;0;0;1203;0;1203;0;1017;0;-
2026/04/23;01:18:46;91;-; 52.35; 0.0;-; 0.0; 0.0; 0.0;-;-;1954;-0.2; 0.0; 0.0;-9; 21.9;F;1;29;On;On;Off; 22.2; 21.9;0;0;1203;0;1203;0;1017;0;-
2026/04/23;01:19:46;91;-; 52.35; 0.0;-; 0.0; 0.0; 0.0;-;-;1954;-0.2; 0.0; 0.0;-9; 21.9;F;1;29;On;On;Off; 22.2; 21.9;0;0;1203;0;1203;0;1017;0;-
2026/04/23;01:20:46;91;-; 52.35; 0.0;-; 0.0; 0.0; 0.0;-;-;1954;-0.2; 0.0; 0.0;-9; 21.9;F;1;29;On;On;Off; 22.2; 21.9;0;0;1203;0;1203;0;1017;0;-
2026/04/23;01:21:46;91;-; 52.35; 0.0;-; 0.0; 0.0; 0.0;-;-;1954;-0.2; 0.0; 0.0;-9; 21.9;F;1;29;On;On;Off; 22.2; 21.9;0;0;1203;0;1203;0;1017;0;-
2026/04/23;01:22:46;91;-; 52.33; 0.0;-; 0.0; 0.0; 0.0;-;-;1954;-0.2; 0.0; 0.0;-9; 21.9;F;1;29;On;On;Off; 22.2; 21.9;0;0;1203;0;1203;0;1017;0;-
2026/04/23;01:23:46;91;-; 52.35; 0.0;-; 0.0; 0.0; 0.0;-;-;1954;-0.2; 0.0; 0.0;-9; 21.9;F;1;29;On;On;Off; 22.2; 21.9;0;0;1203;0;1203;0;1017;0;-
2026/04/23;01:24:46;91;-; 52.33; 0.0;-; 0.0; 0.0; 0.0;-;-;1954;-0.2; 0.0; 0.0;-9; 21.9;F;1;29;On;On;Off; 22.2; 21.9;0;0;1203;0;1203;0;1017;0;-
2026/04/23;01:25:46;91;-; 52.35; 0.0;-; 0.0; 0.0; 0.0;-;-;1954;-0.2; 0.0; 0.0;-9; 21.9;F;1;29;On;On;Off; 22.2; 21.9;0;0;1203;0;1203;0;1017;0;-
2026/04/23;01:26:46;91;-; 52.35; 0.0;-; 0.0; 0.0; 0.0;-;-;1954;-0.2; 0.0; 0.0;-9; 21.9;F;1;29;On;On;Off; 22.2; 21.9;0;0;1203;0;1203;0;1017;0;-
2026/04/23;01:27:46;91;-; 52.35; 0.0;-; 0.0; 0.0; 0.0;-;-;1954;-0.2; 0.0; 0.0;-9; 21.9;F;1;29;On;On;Off; 22.2; 21.9;0;0;1203;0;1203;0;1017;0;-
2026/04/23;01:28:46;91;-; 52.35; 0.0;-; 0.0; 0.0; 0.0;-;-;1954;-0.2; 0.0; 0.0;-9; 21.9;F;1;29;On;On;Off; 22.2; 21.9;0;0;1203;0;1203;0;1017;0;-
2026/04/23;01:29:46;91;-; 52.35; 0.0;-; 0.0; 0.0; 0.0;-;-;1954;-0.2; 0.0; 0.0;-8; 21.9;F;1;29;On;On;Off; 22.2; 21.9;0;0;1203;0;1203;0;1017;0;-
2026/04/23;01:30:46;91;-; 52.35; 0.0;-; 0.0; 0.0; 0.0;-;-;1954;-0.2; 0.0; 0.0;-8; 21.9;F;1;29;On;On;Off; 22.2; 21.9;0;0;1203;0;1203;0;1017;0;-
2026/04/23;01:31:46;91;-; 52.35; 0.0;-; 0.0; 0.0; 0.0;-;-;1954;-0.2; 0.0; 0.0;-8; 21.9;F;1;29;On;On;Off; 22.2; 21.9;0;0;1203;0;1203;0;1017;0;-
2026/04/23;01:32:46;91;-; 52.35; 0.0;-; 0.0; 0.0; 0.0;-;-;1954;-0.2; 0.0; 0.0;-9; 21.9;F;1;29;On;On;Off; 22.2; 21.9;0;0;1203;0;1203;0;1017;0;-
2026/04/23;01:33:46;91;-; 52.35; 0.0;-; 0.0; 0.0; 0.0;-;-;1954;-0.2; 0.0; 0.0;-8; 21.9;F;1;29;On;On;Off; 22.2; 21.9;0;0;1203;0;1203;0;1017;0;-
2026/04/23;01:34:45;91;-; 52.35; 0.0;-; 0.0; 0.0; 0.0;-;-;1954;-0.2; 0.0; 0.0;-8; 21.9;F;1;29;On;On;Off; 22.2; 21.9;0;0;1203;0;1203;0;1017;0;-
2026/04/23;01:35:45;91;-; 52.33; 0.0;-; 0.0; 0.0; 0.0;-;-;1954;-0.2; 0.0; 0.0;-7; 21.9;F;1;29;On;On;Off; 22.2; 21.9;0;0;1203;0;1203;0;1017;0;-
2026/04/23;01:36:45;91;-; 52.35; 0.0;-; 0.0; 0.0; 0.0;-;-;1954;-0.2; 0.0; 0.0;-7; 21.9;F;1;29;On;On;Off; 22.2; 21.9;0;0;1203;0;1203;0;1017;0;-
2026/04/23;01:37:45;91;-; 52.35; 0.0;-; 0.0; 0.0; 0.0;-;-;1954;-0.2; 0.0; 0.0;-7; 21.9;F;1;29;On;On;Off; 22.2; 21.9;0;0;1203;0;1203;0;1017;0;-
2026/04/23;01:38:45;91;-; 52.33; 0.0;-; 0.0; 0.0; 0.0;-;-;1954;-0.2; 0.0; 0.0;-7; 21.9;F;1;29;On;On;Off; 22.2; 21.9;0;0;1203;0;1203;0;1017;0;-
2026/04/23;01:39:45;91;-; 52.35; 0.0;-; 0.0; 0.0; 0.0;-;-;1954;-0.2; 0.0; 0.0;-8; 21.9;F;1;29;On;On;Off; 22.2; 21.9;0;0;1203;0;1203;0;1017;0;-
2026/04/23;01:40:45;91;-; 52.33; 0.0;-; 0.0; 0.0; 0.0;-;-;1954;-0.2; 0.0; 0.0;-8; 21.9;F;1;29;On;On;Off; 22.2; 21.9;0;0;1203;0;1203;0;1017;0;-
2026/04/23;01:41:45;91;-; 52.33; 0.0;-; 0.0; 0.0; 0.0;-;-;1954;-0.2; 0.0; 0.0;-8; 21.9;F;1;29;On;On;Off; 22.2; 21.9;0;0;1203;0;1203;0;1017;0;-
2026/04/23;01:42:45;91;-; 52.33; 0.0;-; 0.0; 0.0; 0.0;-;-;1954;-0.2; 0.0; 0.0;-8; 21.9;F;1;29;On;On;Off; 22.2; 21.9;0;0;1203;0;1203;0;1017;0;-
2026/04/23;01:43:45;91;-; 52.35; 0.0;-; 0.0; 0.0; 0.0;-;-;1954;-0.2; 0.0; 0.0;-8; 21.9;F;1;29;On;On;Off; 22.2; 21.9;0;0;1203;0;1203;0;1017;0;-
2026/04/23;01:44:45;91;-; 52.35; 0.0;-; 0.0; 0.0; 0.0;-;-;1954;-0.2; 0.0; 0.0;-9; 21.9;F;1;29;On;On;Off; 22.2; 21.9;0;0;1203;0;1203;0;1017;0;-
2026/04/23;01:45:45;91;-; 52.33; 0.0;-; 0.0; 0.0; 0.0;-;-;1954;-0.2; 0.0; 0.0;-8; 21.9;F;1;29;On;On;Off; 22.2; 21.9;0;0;1203;0;1203;0;1017;0;-
2026/04/23;01:46:45;91;-; 52.35; 0.0;-; 0.0; 0.0; 0.0;-;-;1954;-0.2; 0.0; 0.0;-9; 21.9;F;1;29;On;On;Off; 22.2; 21.9;0;0;1203;0;1203;0;1017;0;-
2026/04/23;01:47:45;91;-; 52.33; 0.0;-; 0.0; 0.0; 0.0;-;-;1954;-0.2; 0.0; 0.0;-8; 21.9;F;1;29;On;On;Off; 22.2; 21.9;0;0;1203;0;1203;0;1017;0;-
2026/04/23;01:48:45;91;-; 52.35; 0.0;-; 0.0; 0.0; 0.0;-;-;1954;-0.2; 0.0; 0.0;-8; 21.9;F;1;29;On;On;Off; 22.2; 21.9;0;0;1203;0;1203;0;1017;0;-
2026/04/23;01:49:45;91;-; 52.33; 0.0;-; 0.0; 0.0; 0.0;-;-;1954;-0.2; 0.0; 0.0;-9; 21.9;F;1;29;On;On;Off; 22.1; 21.9;0;0;1203;0;1203;0;1017;0;-
2026/04/23;01:50:44;91;-; 52.33; 0.0;-; 0.0; 0.0; 0.0;-;-;1954;-0.2; 0.0; 0.0;-9; 21.9;F;1;29;On;On;Off; 22.1; 21.9;0;0;1203;0;1203;0;1017;0;-
2026/04/23;01:51:44;91;-; 52.35; 0.0;-; 0.0; 0.0; 0.0;-;-;1954;-0.2; 0.0; 0.0;-9; 21.9;F;1;29;On;On;Off; 22.2; 21.9;0;0;1203;0;1203;0;1017;0;-
2026/04/23;01:52:44;91;-; 52.35; 0.0;-; 0.0; 0.0; 0.0;-;-;1954;-0.2; 0.0; 0.0;-9; 21.9;F;1;29;On;On;Off; 22.2; 21.9;0;0;1203;0;1203;0;1017;0;-
2026/04/23;01:53:44;91;-; 52.35; 0.0;-; 0.0; 0.0; 0.0;-;-;1954;-0.2; 0.0; 0.0;-8; 21.9;F;1;29;On;On;Off; 22.2; 21.9;0;0;1203;0;1203;0;1017;0;-
2026/04/23;01:54:44;91;-; 52.35; 0.0;-; 0.0; 0.0; 0.0;-;-;1954;-0.2; 0.0; 0.0;-8; 21.9;F;1;29;On;On;Off; 22.2; 21.9;0;0;1203;0;1203;0;1017;0;-
2026/04/23;01:55:44;91;-; 52.35; 0.0;-; 0.0; 0.0; 0.0;-;-;1954;-0.2; 0.0; 0.0;-8; 21.9;F;1;29;On;On;Off; 22.1; 21.9;0;0;1203;0;1203;0;1017;0;-
2026/04/23;01:56:44;91;-; 52.35; 0.0;-; 0.0; 0.0; 0.0;-;-;1954;-0.2; 0.0; 0.0;-8; 21.9;F;1;29;On;On;Off; 22.2; 21.9;0;0;1203;0;1203;0;1017;0;-
2026/04/23;01:57:44;91;-; 52.33; 0.0;-; 0.0; 0.0; 0.0;-;-;1954;-0.2; 0.0; 0.0;-8; 21.9;F;1;29;On;On;Off; 22.2; 21.9;0;0;1203;0;1203;0;1017;0;-
2026/04/23;01:58:44;91;-; 52.35; 0.0;-; 0.0; 0.0; 0.0;-;-;1954;-0.2; 0.0; 0.0;-8; 21.9;F;1;29;On;On;Off; 22.2; 21.9;0;0;1203;0;1203;0;1017;0;-
2026/04/23;01:59:44;91;-; 52.35; 0.0;-; 0.0; 0.0; 0.0;-;-;1954;-0.2; 0.0; 0.0;-8; 21.9;F;1;29;On;On;Off; 22.2; 21.9;0;0;1203;0;1203;0;1017;0;-
2026/04/23;02:00:44;91;-; 52.35; 0.0;-; 0.0; 0.0; 0.0;-;-;1954;-0.2; 0.0; 0.0;-7; 21.9;F;1;29;On;On;Off; 22.2; 21.9;0;0;1203;0;1203;0;1017;0;-
2026/04/23;02:01:44;91;-; 52.35; 0.0;-; 0.0; 0.0; 0.0;-;-;1954;-0.2; 0.0; 0.0;-7; 21.9;F;1;29;On;On;Off; 22.2; 21.9;0;0;1203;0;1203;0;1017;0;-
2026/04/23;02:02:44;91;-; 52.33; 0.0;-; 0.0; 0.0; 0.0;-;-;1954;-0.2; 0.0; 0.0;-8; 21.9;F;1;29;On;On;Off; 22.2; 21.9;0;0;1203;0;1203;0;1017;0;-
2026/04/23;02:03:44;91;-; 52.33; 0.0;-; 0.0; 0.0; 0.0;-;-;1954;-0.2; 0.0; 0.0;-8; 21.9;F;1;29;On;On;Off; 22.2; 21.9;0;0;1203;0;1203;0;1017;0;-
2026/04/23;02:04:44;91;-; 52.33; 0.0;-; 0.0; 0.0; 0.0;-;-;1954;-0.2; 0.0; 0.0;-8; 21.9;F;1;29;On;On;Off; 22.1; 21.9;0;0;1203;0;1203;0;1017;0;-
2026/04/23;02:05:44;91;-; 52.35; 0.0;-; 0.0; 0.0; 0.0;-;-;1954;-0.2; 0.0; 0.0;-8; 21.9;F;1;29;On;On;Off; 22.2; 21.9;0;0;1203;0;1203;0;1017;0;-
2026/04/23;02:06:43;91;-; 52.35; 0.0;-; 0.0; 0.0; 0.0;-;-;1955;-0.2; 0.0; 0.0;-8; 21.9;F;1;29;On;On;Off; 22.2; 21.9;0;0;1203;0;1203;0;1017;0;-
2026/04/23;02:07:43;91;-; 52.35; 0.0;-; 0.0; 0.0; 0.0;-;-;1955;-0.2; 0.0; 0.0;-7; 21.9;F;1;29;On;On;Off; 22.2; 21.9;0;0;1203;0;1203;0;1017;0;-
2026/04/23;02:08:43;91;-; 52.35; 0.0;-; 0.0; 0.0; 0.0;-;-;1955;-0.2; 0.0; 0.0;-8; 21.9;F;1;29;On;On;Off; 22.2; 21.9;0;0;1203;0;1203;0;1017;0;-
2026/04/23;02:09:43;91;-; 52.33; 0.0;-; 0.0; 0.0; 0.0;-;-;1955;-0.2; 0.0; 0.0;-7; 21.9;F;1;29;On;On;Off; 22.2; 21.9;0;0;1203;0;1203;0;1017;0;-
2026/04/23;02:10:43;91;-; 52.35; 0.0;-; 0.0; 0.0; 0.0;-;-;1955;-0.2; 0.0; 0.0;-7; 21.9;F;1;29;On;On;Off; 22.2; 21.9;0;0;1203;0;1203;0;1017;0;-
2026/04/23;02:11:43;91;-; 52.35; 0.0;-; 0.0; 0.0; 0.0;-;-;1955;-0.2; 0.0; 0.0;-7; 21.9;F;1;29;On;On;Off; 22.2; 21.9;0;0;1203;0;1203;0;1017;0;-
2026/04/23;02:12:43;91;-; 52.33; 0.0;-; 0.0; 0.0; 0.0;-;-;1955;-0.2; 0.0; 0.0;-8; 21.9;F;1;29;On;On;Off; 22.2; 21.9;0;0;1203;0;1203;0;1017;0;-
2026/04/23;02:13:43;91;-; 52.33; 0.0;-; 0.0; 0.0; 0.0;-;-;1955;-0.2; 0.0; 0.0;-8; 21.9;F;1;29;On;On;Off; 22.1; 21.9;0;0;1203;0;1203;0;1017;0;-
2026/04/23;02:14:43;91;-; 52.35; 0.0;-; 0.0; 0.0; 0.0;-;-;1955;-0.2; 0.0; 0.0;-8; 21.9;F;1;29;On;On;Off; 22.2; 21.9;0;0;1203;0;1203;0;1017;0;-
2026/04/23;02:15:43;91;-; 52.35; 0.0;-; 0.0; 0.0; 0.0;-;-;1955;-0.2; 0.0; 0.0;-7; 21.9;F;1;29;On;On;Off; 22.2; 21.9;0;0;1203;0;1203;0;1017;0;-
2026/04/23;02:16:43;91;-; 52.35; 0.0;-; 0.0; 0.0; 0.0;-;-;1955;-0.2; 0.0; 0.0;-8; 21.9;F;1;29;On;On;Off; 22.1; 21.9;0;0;1203;0;1203;0;1017;0;-
2026/04/23;02:17:43;91;-; 52.35; 0.0;-; 0.0; 0.0; 0.0;-;-;1955;-0.2; 0.0; 0.0;-8; 21.9;F;1;29;On;On;Off; 22.2; 21.9;0;0;1203;0;1203;0;1017;0;-
2026/04/23;02:18:43;91;-; 52.35; 0.0;-; 0.0; 0.0; 0.0;-;-;1955;-0.2; 0.0; 0.0;-9; 21.9;F;1;29;On;On;Off; 22.1; 21.9;0;0;1203;0;1203;0;1017;0;-
2026/04/23;02:19:43;91;-; 52.35; 0.0;-; 0.0; 0.0; 0.0;-;-;1955;-0.2; 0.0; 0.0;-9; 21.9;F;1;29;On;On;Off; 22.2; 21.9;0;0;1203;0;1203;0;1017;0;-
2026/04/23;02:20:43;91;-; 52.35; 0.0;-; 0.0; 0.0; 0.0;-;-;1955;-0.2; 0.0; 0.0;-8; 21.9;F;1;29;On;On;Off; 22.2; 21.9;0;0;1203;0;1203;0;1017;0;-
2026/04/23;02:21:43;91;-; 52.33; 0.0;-; 0.0; 0.0; 0.0;-;-;1955;-0.2; 0.0; 0.0;-8; 21.9;F;1;29;On;On;Off; 22.2; 21.9;0;0;1203;0;1203;0;1017;0;-
2026/04/23;02:22:42;91;-; 52.35; 0.0;-; 0.0; 0.0; 0.0;-;-;1955;-0.2; 0.0; 0.0;-8; 21.9;F;1;29;On;On;Off; 22.2; 21.9;0;0;1203;0;1203;0;1017;0;-
2026/04/23;02:23:42;91;-; 52.35; 0.0;-; 0.0; 0.0; 0.0;-;-;1955;-0.2; 0.0; 0.0;-8; 21.9;F;1;29;On;On;Off; 22.2; 21.9;0;0;1203;0;1203;0;1017;0;-
2026/04/23;02:24:42;91;-; 52.35; 0.0;-; 0.0; 0.0; 0.0;-;-;1955;-0.2; 0.0; 0.0;-8; 21.9;F;1;29;On;On;Off; 22.2; 21.9;0;0;1203;0;1203;0;1017;0;-
2026/04/23;02:25:42;91;-; 52.35; 0.0;-; 0.0; 0.0; 0.0;-;-;1955;-0.2; 0.0; 0.0;-8; 21.9;F;1;29;On;On;Off; 22.2; 21.9;0;0;1203;0;1203;0;1017;0;-
2026/04/23;02:26:42;91;-; 52.33; 0.0;-; 0.0; 0.0; 0.0;-;-;1955;-0.2; 0.0; 0.0;-8; 21.9;F;1;29;On;On;Off; 22.2; 21.9;0;0;1203;0;1203;0;1017;0;-
2026/04/23;02:27:42;91;-; 52.35; 0.0;-; 0.0; 0.0; 0.0;-;-;1955;-0.2; 0.0; 0.0;-8; 21.9;F;1;29;On;On;Off; 22.1; 21.9;0;0;1203;0;1203;0;1017;0;-
2026/04/23;02:28:42;91;-; 52.35; 0.0;-; 0.0; 0.0; 0.0;-;-;1955;-0.2; 0.0; 0.0;-8; 21.9;F;1;29;On;On;Off; 22.1; 21.9;0;0;1203;0;1203;0;1017;0;-
2026/04/23;02:29:42;91;-; 52.35; 0.0;-; 0.0; 0.0; 0.0;-;-;1955;-0.2; 0.0; 0.0;-9; 21.9;F;1;29;On;On;Off; 22.2; 21.9;0;0;1203;0;1203;0;1017;0;-
2026/04/23;02:30:42;91;-; 52.35; 0.0;-; 0.0; 0.0; 0.0;-;-;1955;-0.2; 0.0; 0.0;-9; 21.9;F;1;29;On;On;Off; 22.2; 21.9;0;0;1203;0;1203;0;1017;0;-
2026/04/23;02:31:42;91;-; 52.33; 0.0;-; 0.0; 0.0; 0.0;-;-;1955;-0.2; 0.0; 0.0;-9; 21.9;F;1;29;On;On;Off; 22.2; 21.9;0;0;1203;0;1203;0;1017;0;-
2026/04/23;02:32:42;91;-; 52.35; 0.0;-; 0.0; 0.0; 0.0;-;-;1955;-0.2; 0.0; 0.0;-8; 21.9;F;1;29;On;On;Off; 22.1; 21.9;0;0;1203;0;1203;0;1017;0;-
2026/04/23;02:33:42;91;-; 52.33; 0.0;-; 0.0; 0.0; 0.0;-;-;1955;-0.2; 0.0; 0.0;-9; 21.9;F;1;29;On;On;Off; 22.2; 21.9;0;0;1203;0;1203;0;1017;0;-
2026/04/23;02:34:42;91;-; 52.35; 0.0;-; 0.0; 0.0; 0.0;-;-;1955;-0.2; 0.0; 0.0;-8; 21.9;F;1;29;On;On;Off; 22.2; 21.9;0;0;1203;0;1203;0;1017;0;-
2026/04/23;02:35:42;91;-; 52.35; 0.0;-; 0.0; 0.0; 0.0;-;-;1955;-0.2; 0.0; 0.0;-8; 21.9;F;1;29;On;On;Off; 22.2; 21.9;0;0;1203;0;1203;0;1017;0;-
2026/04/23;02:36:42;91;-; 52.35; 0.0;-; 0.0; 0.0; 0.0;-;-;1955;-0.2; 0.0; 0.0;-8; 21.9;F;1;29;On;On;Off; 22.2; 21.9;0;0;1203;0;1203;0;1017;0;-
2026/04/23;02:37:41;91;-; 52.33; 0.0;-; 0.0; 0.0; 0.0;-;-;1955;-0.2; 0.0; 0.0;-8; 21.9;F;1;29;On;On;Off; 22.1; 21.9;0;0;1203;0;1203;0;1017;0;-
2026/04/23;02:38:41;91;-; 52.33; 0.0;-; 0.0; 0.0; 0.0;-;-;1955;-0.2; 0.0; 0.0;-8; 21.9;F;1;29;On;On;Off; 22.2; 21.9;0;0;1203;0;1203;0;1017;0;-
2026/04/23;02:39:41;91;-; 52.35; 0.0;-; 0.0; 0.0; 0.0;-;-;1955;-0.2; 0.0; 0.0;-8; 21.9;F;1;29;On;On;Off; 22.2; 21.9;0;0;1203;0;1203;0;1017;0;-
2026/04/23;02:40:41;91;-; 52.35; 0.0;-; 0.0; 0.0; 0.0;-;-;1955;-0.2; 0.0; 0.0;-8; 21.9;F;1;29;On;On;Off; 22.2; 21.9;0;0;1203;0;1203;0;1017;0;-
2026/04/23;02:41:41;91;-; 52.35; 0.0;-; 0.0; 0.0; 0.0;-;-;1955;-0.2; 0.0; 0.0;-8; 21.9;F;1;29;On;On;Off; 22.1; 21.9;0;0;1203;0;1203;0;1017;0;-
2026/04/23;02:42:41;91;-; 52.33; 0.0;-; 0.0; 0.0; 0.0;-;-;1955;-0.2; 0.0; 0.0;-8; 21.9;F;1;29;On;On;Off; 22.1; 21.9;0;0;1203;0;1203;0;1017;0;-
2026/04/23;02:43:41;91;-; 52.35; 0.0;-; 0.0; 0.0; 0.0;-;-;1955;-0.2; 0.0; 0.0;-8; 21.9;F;1;29;On;On;Off; 22.1; 21.9;0;0;1203;0;1203;0;1017;0;-
2026/04/23;02:44:41;91;-; 52.35; 0.0;-; 0.0; 0.0; 0.0;-;-;1955;-0.2; 0.0; 0.0;-8; 21.9;F;1;29;On;On;Off; 22.2; 21.9;0;0;1203;0;1203;0;1017;0;-
2026/04/23;02:45:41;91;-; 52.33; 0.0;-; 0.0; 0.0; 0.0;-;-;1955;-0.2; 0.0; 0.0;-8; 21.9;F;1;29;On;On;Off; 22.1; 21.9;0;0;1203;0;1203;0;1017;0;-
2026/04/23;02:46:41;91;-; 52.35; 0.0;-; 0.0; 0.0; 0.0;-;-;1955;-0.2; 0.0; 0.0;-7; 21.9;F;1;29;On;On;Off; 22.2; 21.9;0;0;1203;0;1203;0;1017;0;-
2026/04/23;02:47:41;91;-; 52.35; 0.0;-; 0.0; 0.0; 0.0;-;-;1955;-0.2; 0.0; 0.0;-7; 21.9;F;1;29;On;On;Off; 22.2; 21.9;0;0;1203;0;1203;0;1017;0;-
2026/04/23;02:48:41;91;-; 52.35; 0.0;-; 0.0; 0.0; 0.0;-;-;1955;-0.2; 0.0; 0.0;-8; 21.9;F;1;29;On;On;Off; 22.2; 21.9;0;0;1203;0;1203;0;1017;0;-
2026/04/23;02:49:41;91;-; 52.33; 0.0;-; 0.0; 0.0; 0.0;-;-;1955;-0.2; 0.0; 0.0;-8; 21.9;F;1;29;On;On;Off; 22.1; 21.9;0;0;1203;0;1203;0;1017;0;-
2026/04/23;02:50:41;91;-; 52.33; 0.0;-; 0.0; 0.0; 0.0;-;-;1955;-0.2; 0.0; 0.0;-9; 21.9;F;1;29;On;On;Off; 22.2; 21.9;0;0;1203;0;1203;0;1017;0;-
2026/04/23;02:51:41;91;-; 52.33; 0.0;-; 0.0; 0.0; 0.0;-;-;1955;-0.2; 0.0; 0.0;-9; 21.8;F;1;29;On;On;Off; 22.1; 21.9;0;0;1203;0;1203;0;1017;0;-
2026/04/23;02:52:41;91;-; 52.33; 0.0;-; 0.0; 0.0; 0.0;-;-;1955;-0.2; 0.0; 0.0;-9; 21.9;F;1;29;On;On;Off; 22.1; 21.9;0;0;1203;0;1203;0;1017;0;-
2026/04/23;02:53:40;91;-; 52.35; 0.0;-; 0.0; 0.0; 0.0;-;-;1955;-0.2; 0.0; 0.0;-8; 21.9;F;1;29;On;On;Off; 22.1; 21.9;0;0;1203;0;1203;0;1017;0;-
2026/04/23;02:54:40;91;-; 52.35; 0.0;-; 0.0; 0.0; 0.0;-;-;1955;-0.2; 0.0; 0.0;-8; 21.8;F;1;29;On;On;Off; 22.1; 21.9;0;0;1203;0;1203;0;1017;0;-
2026/04/23;02:55:40;91;-; 52.33; 0.0;-; 0.0; 0.0; 0.0;-;-;1955;-0.2; 0.0; 0.0;-8; 21.9;F;1;29;On;On;Off; 22.1; 21.9;0;0;1203;0;1203;0;1017;0;-
2026/04/23;02:56:40;91;-; 52.33; 0.0;-; 0.0; 0.0; 0.0;-;-;1955;-0.2; 0.0; 0.0;-9; 21.9;F;1;29;On;On;Off; 22.1; 21.9;0;0;1203;0;1203;0;1017;0;-
2026/04/23;02:57:40;91;-; 52.35; 0.0;-; 0.0; 0.0; 0.0;-;-;1955;-0.2; 0.0; 0.0;-8; 21.8;F;1;29;On;On;Off; 22.1; 21.9;0;0;1203;0;1203;0;1017;0;-
2026/04/23;02:58:40;91;-; 52.35; 0.0;-; 0.0; 0.0; 0.0;-;-;1955;-0.2; 0.0; 0.0;-8; 21.8;F;1;29;On;On;Off; 22.1; 21.9;0;0;1203;0;1203;0;1017;0;-
2026/04/23;02:59:40;91;-; 52.33; 0.0;-; 0.0; 0.0; 0.0;-;-;1955;-0.2; 0.0; 0.0;-8; 21.8;F;1;29;On;On;Off; 22.1; 21.9;0;0;1203;0;1203;0;1017;0;-
2026/04/23;03:00:40;91;-; 52.33; 0.0;-; 0.0; 0.0; 0.0;-;-;1955;-0.2; 0.0; 0.0;-8; 21.8;F;1;29;On;On;Off; 22.2; 21.9;0;0;1203;0;1203;0;1017;0;-
2026/04/23;03:01:40;91;-; 52.35; 0.0;-; 0.0; 0.0; 0.0;-;-;1955;-0.2; 0.0; 0.0;-8; 21.9;F;1;29;On;On;Off; 22.1; 21.9;0;0;1203;0;1203;0;1017;0;-
2026/04/23;03:02:40;91;-; 52.35; 0.0;-; 0.0; 0.0; 0.0;-;-;1955;-0.2; 0.0; 0.0;-9; 21.8;F;1;29;On;On;Off; 22.1; 21.9;0;0;1203;0;1203;0;1017;0;-
2026/04/23;03:03:40;91;-; 52.35; 0.0;-; 0.0; 0.0; 0.0;-;-;1955;-0.2; 0.0; 0.0;-9; 21.9;F;1;29;On;On;Off; 22.1; 21.9;0;0;1203;0;1203;0;1017;0;-
2026/04/23;03:04:40;91;-; 52.35; 0.0;-; 0.0; 0.0; 0.0;-;-;1955;-0.2; 0.0; 0.0;-8; 21.9;F;1;29;On;On;Off; 22.1; 21.9;0;0;1203;0;1203;0;1017;0;-
2026/04/23;03:05:40;91;-; 52.35; 0.0;-; 0.0; 0.0; 0.0;-;-;1955;-0.2; 0.0; 0.0;-8; 21.8;F;1;29;On;On;Off; 22.1; 21.9;0;0;1203;0;1203;0;1017;0;-
2026/04/23;03:06:40;91;-; 52.35; 0.0;-; 0.0; 0.0; 0.0;-;-;1956;-0.2; 0.0; 0.0;-8; 21.8;F;1;29;On;On;Off; 22.1; 21.9;0;0;1203;0;1203;0;1017;0;-
2026/04/23;03:07:40;91;-; 52.33; 0.0;-; 0.0; 0.0; 0.0;-;-;1956;-0.2; 0.0; 0.0;-8; 21.8;F;1;29;On;On;Off; 22.1; 21.9;0;0;1203;0;1203;0;1017;0;-
2026/04/23;03:08:40;91;-; 52.35; 0.0;-; 0.0; 0.0; 0.0;-;-;1956;-0.2; 0.0; 0.0;-8; 21.8;F;1;29;On;On;Off; 22.1; 21.9;0;0;1203;0;1203;0;1017;0;-
2026/04/23;03:09:39;91;-; 52.33; 0.0;-; 0.0; 0.0; 0.0;-;-;1956;-0.2; 0.0; 0.0;-9; 21.8;F;1;29;On;On;Off; 22.1; 21.9;0;0;1203;0;1203;0;1017;0;-
2026/04/23;03:10:39;91;-; 52.33; 0.0;-; 0.0; 0.0; 0.0;-;-;1956;-0.2; 0.0; 0.0;-9; 21.8;F;1;29;On;On;Off; 22.1; 21.9;0;0;1203;0;1203;0;1017;0;-
2026/04/23;03:11:39;91;-; 52.35; 0.0;-; 0.0; 0.0; 0.0;-;-;1956;-0.2; 0.0; 0.0;-9; 21.8;F;1;29;On;On;Off; 22.1; 21.9;0;0;1203;0;1203;0;1017;0;-
2026/04/23;03:12:39;91;-; 52.33; 0.0;-; 0.0; 0.0; 0.0;-;-;1956;-0.2; 0.0; 0.0;-9; 21.8;F;1;29;On;On;Off; 22.1; 21.9;0;0;1203;0;1203;0;1017;0;-
2026/04/23;03:13:39;91;-; 52.35; 0.0;-; 0.0; 0.0; 0.0;-;-;1956;-0.2; 0.0; 0.0;-9; 21.8;F;1;29;On;On;Off; 22.1; 21.9;0;0;1203;0;1203;0;1017;0;-
2026/04/23;03:14:39;91;-; 52.35; 0.0;-; 0.0; 0.0; 0.0;-;-;1956;-0.2; 0.0; 0.0;-9; 21.8;F;1;29;On;On;Off; 22.1; 21.9;0;0;1203;0;1203;0;1017;0;-
2026/04/23;03:15:39;91;-; 52.33; 0.0;-; 0.0; 0.0; 0.0;-;-;1956;-0.2; 0.0; 0.0;-9; 21.8;F;1;29;On;On;Off; 22.1; 21.9;0;0;1203;0;1203;0;1017;0;-
2026/04/23;03:16:39;91;-; 52.35; 0.0;-; 0.0; 0.0; 0.0;-;-;1956;-0.2; 0.0; 0.0;-8; 21.8;F;1;29;On;On;Off; 22.1; 21.9;0;0;1203;0;1203;0;1017;0;-
2026/04/23;03:17:39;91;-; 52.35; 0.0;-; 0.0; 0.0; 0.0;-;-;1956;-0.2; 0.0; 0.0;-8; 21.8;F;1;29;On;On;Off; 22.1; 21.9;0;0;1203;0;1203;0;1017;0;-
2026/04/23;03:18:39;91;-; 52.35; 0.0;-; 0.0; 0.0; 0.0;-;-;1956;-0.2; 0.0; 0.0;-8; 21.8;F;1;29;On;On;Off; 22.1; 21.9;0;0;1203;0;1203;0;1017;0;-
2026/04/23;03:19:39;91;-; 52.33; 0.0;-; 0.0; 0.0; 0.0;-;-;1956;-0.2; 0.0; 0.0;-8; 21.8;F;1;29;On;On;Off; 22.1; 21.9;0;0;1203;0;1203;0;1017;0;-
2026/04/23;03:20:39;91;-; 52.35; 0.0;-; 0.0; 0.0; 0.0;-;-;1956;-0.2; 0.0; 0.0;-9; 21.8;F;1;29;On;On;Off; 22.1; 21.9;0;0;1203;0;1203;0;1017;0;-
2026/04/23;03:21:39;91;-; 52.35; 0.0;-; 0.0; 0.0; 0.0;-;-;1956;-0.2; 0.0; 0.0;-8; 21.8;F;1;29;On;On;Off; 22.1; 21.9;0;0;1203;0;1203;0;1017;0;-
2026/04/23;03:22:39;91;-; 52.35; 0.0;-; 0.0; 0.0; 0.0;-;-;1956;-0.2; 0.0; 0.0;-8; 21.8;F;1;29;On;On;Off; 22.1; 21.9;0;0;1203;0;1203;0;1017;0;-
2026/04/23;03:23:39;91;-; 52.35; 0.0;-; 0.0; 0.0; 0.0;-;-;1956;-0.2; 0.0; 0.0;-8; 21.8;F;1;29;On;On;Off; 22.1; 21.9;0;0;1203;0;1203;0;1017;0;-
2026/04/23;03:24:39;91;-; 52.33; 0.0;-; 0.0; 0.0; 0.0;-;-;1956;-0.2; 0.0; 0.0;-9; 21.8;F;1;29;On;On;Off; 22.1; 21.9;0;0;1203;0;1203;0;1017;0;-
2026/04/23;03:25:38;91;-; 52.35; 0.0;-; 0.0; 0.0; 0.0;-;-;1956;-0.2; 0.0; 0.0;-8; 21.8;F;1;29;On;On;Off; 22.1; 21.9;0;0;1203;0;1203;0;1017;0;-
2026/04/23;03:26:38;91;-; 52.35; 0.0;-; 0.0; 0.0; 0.0;-;-;1956;-0.2; 0.0; 0.0;-8; 21.8;F;1;29;On;On;Off; 22.1; 21.9;0;0;1203;0;1203;0;1017;0;-
2026/04/23;03:27:38;91;-; 52.33; 0.0;-; 0.0; 0.0; 0.0;-;-;1956;-0.2; 0.0; 0.0;-8; 21.8;F;1;29;On;On;Off; 22.1; 21.9;0;0;1203;0;1203;0;1017;0;-
2026/04/23;03:28:38;91;-; 52.35; 0.0;-; 0.0; 0.0; 0.0;-;-;1956;-0.2; 0.0; 0.0;-8; 21.8;F;1;29;On;On;Off; 22.1; 21.9;0;0;1203;0;1203;0;1017;0;-
2026/04/23;03:29:38;91;-; 52.33; 0.0;-; 0.0; 0.0; 0.0;-;-;1956;-0.2; 0.0; 0.0;-8; 21.8;F;1;29;On;On;Off; 22.1; 21.9;0;0;1203;0;1203;0;1017;0;-
2026/04/23;03:30:38;91;-; 52.33; 0.0;-; 0.0; 0.0; 0.0;-;-;1956;-0.2; 0.0; 0.0;-8; 21.8;F;1;29;On;On;Off; 22.1; 21.9;0;0;1203;0;1203;0;1017;0;-
2026/04/23;03:31:38;91;-; 52.33; 0.0;-; 0.0; 0.0; 0.0;-;-;1956;-0.2; 0.0; 0.0;-8; 21.8;F;1;29;On;On;Off; 22.1; 21.9;0;0;1203;0;1203;0;1017;0;-
2026/04/23;03:32:38;91;-; 52.33; 0.0;-; 0.0; 0.0; 0.0;-;-;1956;-0.2; 0.0; 0.0;-8; 21.8;F;1;29;On;On;Off; 22.1; 21.8;0;0;1203;0;1203;0;1017;0;-
2026/04/23;03:33:38;91;-; 52.33; 0.0;-; 0.0; 0.0; 0.0;-;-;1956;-0.2; 0.0; 0.0;-8; 21.8;F;1;29;On;On;Off; 22.1; 21.8;0;0;1203;0;1203;0;1017;0;-
2026/04/23;03:34:38;91;-; 52.33; 0.0;-; 0.0; 0.0; 0.0;-;-;1956;-0.2; 0.0; 0.0;-8; 21.8;F;1;29;On;On;Off; 22.1; 21.8;0;0;1203;0;1203;0;1017;0;-
2026/04/23;03:35:38;91;-; 52.35; 0.0;-; 0.0; 0.0; 0.0;-;-;1956;-0.2; 0.0; 0.0;-8; 21.8;F;1;29;On;On;Off; 22.1; 21.9;0;0;1203;0;1203;0;1017;0;-
2026/04/23;03:36:38;91;-; 52.35; 0.0;-; 0.0; 0.0; 0.0;-;-;1956;-0.2; 0.0; 0.0;-8; 21.8;F;1;29;On;On;Off; 22.1; 21.9;0;0;1203;0;1203;0;1017;0;-
2026/04/23;03:37:38;91;-; 52.33; 0.0;-; 0.0; 0.0; 0.0;-;-;1956;-0.2; 0.0; 0.0;-9; 21.8;F;1;29;On;On;Off; 22.1; 21.8;0;0;1203;0;1203;0;1017;0;-
2026/04/23;03:38:38;91;-; 52.33; 0.0;-; 0.0; 0.0; 0.0;-;-;1956;-0.2; 0.0; 0.0;-9; 21.8;F;1;29;On;On;Off; 22.1; 21.9;0;0;1203;0;1203;0;1017;0;-
2026/04/23;03:39:38;91;-; 52.33; 0.0;-; 0.0; 0.0; 0.0;-;-;1956;-0.2; 0.0; 0.0;-8; 21.8;F;1;29;On;On;Off; 22.1; 21.8;0;0;1203;0;1203;0;1017;0;-
2026/04/23;03:40:38;91;-; 52.33; 0.0;-; 0.0; 0.0; 0.0;-;-;1956;-0.2; 0.0; 0.0;-9; 21.8;F;1;29;On;On;Off; 22.1; 21.8;0;0;1203;0;1203;0;1017;0;-
2026/04/23;03:41:37;91;-; 52.33; 0.0;-; 0.0; 0.0; 0.0;-;-;1956;-0.2; 0.0; 0.0;-9; 21.8;F;1;29;On;On;Off; 22.1; 21.9;0;0;1203;0;1203;0;1017;0;-
2026/04/23;03:42:37;91;-; 52.33; 0.0;-; 0.0; 0.0; 0.0;-;-;1956;-0.2; 0.0; 0.0;-9; 21.8;F;1;29;On;On;Off; 22.1; 21.9;0;0;1203;0;1203;0;1017;0;-
2026/04/23;03:43:37;91;-; 52.33; 0.0;-; 0.0; 0.0; 0.0;-;-;1956;-0.2; 0.0; 0.0;-9; 21.8;F;1;29;On;On;Off; 22.1; 21.9;0;0;1203;0;1203;0;1017;0;-
2026/04/23;03:44:37;91;-; 52.33; 0.0;-; 0.0; 0.0; 0.0;-;-;1956;-0.2; 0.0; 0.0;-9; 21.8;F;1;29;On;On;Off; 22.1; 21.8;0;0;1203;0;1203;0;1017;0;-
2026/04/23;03:45:37;91;-; 52.33; 0.0;-; 0.0; 0.0; 0.0;-;-;1956;-0.2; 0.0; 0.0;-9; 21.8;F;1;29;On;On;Off; 22.1; 21.9;0;0;1203;0;1203;0;1017;0;-
2026/04/23;03:46:37;91;-; 52.33; 0.0;-; 0.0; 0.0; 0.0;-;-;1956;-0.2; 0.0; 0.0;-9; 21.8;F;1;29;On;On;Off; 22.1; 21.8;0;0;1203;0;1203;0;1017;0;-
2026/04/23;03:47:37;91;-; 52.33; 0.0;-; 0.0; 0.0; 0.0;-;-;1956;-0.2; 0.0; 0.0;-8; 21.8;F;1;29;On;On;Off; 22.1; 21.9;0;0;1203;0;1203;0;1017;0;-
2026/04/23;03:48:37;91;-; 52.33; 0.0;-; 0.0; 0.0; 0.0;-;-;1956;-0.2; 0.0; 0.0;-8; 21.8;F;1;29;On;On;Off; 22.1; 21.8;0;0;1203;0;1203;0;1017;0;-
2026/04/23;03:49:37;91;-; 52.33; 0.0;-; 0.0; 0.0; 0.0;-;-;1956;-0.2; 0.0; 0.0;-8; 21.8;F;1;29;On;On;Off; 22.1; 21.9;0;0;1203;0;1203;0;1017;0;-
2026/04/23;03:50:37;91;-; 52.33; 0.0;-; 0.0; 0.0; 0.0;-;-;1956;-0.2; 0.0; 0.0;-9; 21.8;F;1;29;On;On;Off; 22.1; 21.9;0;0;1203;0;1203;0;1017;0;-
2026/04/23;03:51:37;91;-; 52.33; 0.0;-; 0.0; 0.0; 0.0;-;-;1956;-0.2; 0.0; 0.0;-8; 21.8;F;1;29;On;On;Off; 22.1; 21.9;0;0;1203;0;1203;0;1017;0;-
2026/04/23;03:52:37;90;-; 52.33; 0.0;-; 0.0; 0.0; 0.0;-;-;1956;-0.2; 0.0; 0.0;-8; 21.8;F;1;29;On;On;Off; 22.1; 21.8;0;0;1203;0;1203;0;1017;0;-
2026/04/23;03:53:37;90;-; 52.31; 0.0;-; 0.0; 0.0; 0.0;-;-;1956;-0.2; 0.0; 0.0;-8; 21.8;F;1;29;On;On;Off; 22.1; 21.9;0;0;1203;0;1203;0;1017;0;-
2026/04/23;03:54:37;90;-; 52.33; 0.0;-; 0.0; 0.0; 0.0;-;-;1956;-0.2; 0.0; 0.0;-8; 21.8;F;1;29;On;On;Off; 22.1; 21.8;0;0;1203;0;1203;0;1017;0;-
2026/04/23;03:55:37;90;-; 52.33; 0.0;-; 0.0; 0.0; 0.0;-;-;1956;-0.2; 0.0; 0.0;-8; 21.8;F;1;29;On;On;Off; 22.1; 21.9;0;0;1203;0;1203;0;1017;0;-
2026/04/23;03:56:36;90;-; 52.33; 0.0;-; 0.0; 0.0; 0.0;-;-;1956;-0.2; 0.0; 0.0;-8; 21.8;F;1;29;On;On;Off; 22.1; 21.8;0;0;1203;0;1203;0;1017;0;-
2026/04/23;03:57:36;90;-; 52.33; 0.0;-; 0.0; 0.0; 0.0;-;-;1956;-0.2; 0.0; 0.0;-8; 21.8;F;1;29;On;On;Off; 22.1; 21.8;0;0;1203;0;1203;0;1017;0;-
2026/04/23;03:58:36;90;-; 52.33; 0.0;-; 0.0; 0.0; 0.0;-;-;1956;-0.2; 0.0; 0.0;-9; 21.8;F;1;29;On;On;Off; 22.1; 21.8;0;0;1203;0;1203;0;1017;0;-
2026/04/23;03:59:36;90;-; 52.33; 0.0;-; 0.0; 0.0; 0.0;-;-;1956;-0.2; 0.0; 0.0;-8; 21.8;F;1;29;On;On;Off; 22.1; 21.8;0;0;1203;0;1203;0;1017;0;-
2026/04/23;04:00:36;90;-; 52.33; 0.0;-; 0.0; 0.0; 0.0;-;-;1956;-0.2; 0.0; 0.0;-8; 21.8;F;1;29;On;On;Off; 22.1; 21.8;0;0;1203;0;1203;0;1017;0;-
2026/04/23;04:01:36;90;-; 52.33; 0.0;-; 0.0; 0.0; 0.0;-;-;1956;-0.2; 0.0; 0.0;-8; 21.8;F;1;29;On;On;Off; 22.1; 21.9;0;0;1203;0;1203;0;1017;0;-
2026/04/23;04:02:36;90;-; 52.33; 0.0;-; 0.0; 0.0; 0.0;-;-;1956;-0.2; 0.0; 0.0;-8; 21.8;F;1;29;On;On;Off; 22.1; 21.8;0;0;1203;0;1203;0;1017;0;-
2026/04/23;04:03:36;90;-; 52.33; 0.0;-; 0.0; 0.0; 0.0;-;-;1956;-0.2; 0.0; 0.0;-7; 21.8;F;1;29;On;On;Off; 22.1; 21.9;0;0;1203;0;1203;0;1017;0;-
2026/04/23;04:04:36;90;-; 52.33; 0.0;-; 0.0; 0.0; 0.0;-;-;1956;-0.2; 0.0; 0.0;-8; 21.8;F;1;29;On;On;Off; 22.1; 21.8;0;0;1203;0;1203;0;1017;0;-
2026/04/23;04:05:36;90;-; 52.33; 0.0;-; 0.0; 0.0; 0.0;-;-;1956;-0.2; 0.0; 0.0;-8; 21.8;F;1;29;On;On;Off; 22.1; 21.8;0;0;1203;0;1203;0;1017;0;-
2026/04/23;04:06:36;90;-; 52.33; 0.0;-; 0.0; 0.0; 0.0;-;-;1957;-0.2; 0.0; 0.0;-7; 21.8;F;1;29;On;On;Off; 22.1; 21.9;0;0;1203;0;1203;0;1017;0;-
2026/04/23;04:07:36;90;-; 52.31; 0.0;-; 0.0; 0.0; 0.0;-;-;1957;-0.2; 0.0; 0.0;-7; 21.8;F;1;29;On;On;Off; 22.1; 21.8;0;0;1203;0;1203;0;1017;0;-
2026/04/23;04:08:36;90;-; 52.33; 0.0;-; 0.0; 0.0; 0.0;-;-;1957;-0.2; 0.0; 0.0;-7; 21.8;F;1;29;On;On;Off; 22.1; 21.8;0;0;1203;0;1203;0;1017;0;-
2026/04/23;04:09:36;90;-; 52.31; 0.0;-; 0.0; 0.0; 0.0;-;-;1957;-0.2; 0.0; 0.0;-7; 21.8;F;1;29;On;On;Off; 22.1; 21.8;0;0;1203;0;1203;0;1017;0;-
2026/04/23;04:10:36;90;-; 52.31; 0.0;-; 0.0; 0.0; 0.0;-;-;1957;-0.2; 0.0; 0.0;-8; 21.8;F;1;29;On;On;Off; 22.1; 21.8;0;0;1203;0;1203;0;1017;0;-
2026/04/23;04:11:36;90;-; 52.33; 0.0;-; 0.0; 0.0; 0.0;-;-;1957;-0.2; 0.0; 0.0;-8; 21.8;F;1;29;On;On;Off; 22.1; 21.9;0;0;1203;0;1203;0;1017;0;-
2026/04/23;04:12:35;90;-; 52.33; 0.0;-; 0.0; 0.0; 0.0;-;-;1957;-0.2; 0.0; 0.0;-8; 21.8;F;1;29;On;On;Off; 22.1; 21.8;0;0;1203;0;1203;0;1017;0;-
2026/04/23;04:13:35;90;-; 52.33; 0.0;-; 0.0; 0.0; 0.0;-;-;1957;-0.2; 0.0; 0.0;-7; 21.8;F;1;29;On;On;Off; 22.1; 21.8;0;0;1203;0;1203;0;1017;0;-
2026/04/23;04:14:35;90;-; 52.31; 0.0;-; 0.0; 0.0; 0.0;-;-;1957;-0.2; 0.0; 0.0;-8; 21.8;F;1;29;On;On;Off; 22.1; 21.8;0;0;1203;0;1203;0;1017;0;-
2026/04/23;04:15:35;90;-; 52.31; 0.0;-; 0.0; 0.0; 0.0;-;-;1957;-0.2; 0.0; 0.0;-8; 21.8;F;1;29;On;On;Off; 22.1; 21.8;0;0;1203;0;1203;0;1017;0;-
2026/04/23;04:16:35;90;-; 52.33; 0.0;-; 0.0; 0.0; 0.0;-;-;1957;-0.2; 0.0; 0.0;-8; 21.8;F;1;29;On;On;Off; 22.1; 21.8;0;0;1203;0;1203;0;1017;0;-
2026/04/23;04:17:35;90;-; 52.33; 0.0;-; 0.0; 0.0; 0.0;-;-;1957;-0.2; 0.0; 0.0;-8; 21.8;F;1;29;On;On;Off; 22.1; 21.8;0;0;1203;0;1203;0;1017;0;-
2026/04/23;04:18:35;90;-; 52.33; 0.0;-; 0.0; 0.0; 0.0;-;-;1957;-0.2; 0.0; 0.0;-8; 21.8;F;1;29;On;On;Off; 22.1; 21.8;0;0;1203;0;1203;0;1017;0;-
2026/04/23;04:19:35;90;-; 52.33; 0.0;-; 0.0; 0.0; 0.0;-;-;1957;-0.2; 0.0; 0.0;-8; 21.8;F;1;29;On;On;Off; 22.1; 21.8;0;0;1203;0;1203;0;1017;0;-
2026/04/23;04:20:35;90;-; 52.33; 0.0;-; 0.0; 0.0; 0.0;-;-;1957;-0.2; 0.0; 0.0;-8; 21.8;F;1;29;On;On;Off; 22.1; 21.8;0;0;1203;0;1203;0;1017;0;-
2026/04/23;04:21:35;90;-; 52.33; 0.0;-; 0.0; 0.0; 0.0;-;-;1957;-0.2; 0.0; 0.0;-8; 21.8;F;1;29;On;On;Off; 22.1; 21.8;0;0;1203;0;1203;0;1017;0;-
2026/04/23;04:22:35;90;-; 52.31; 0.0;-; 0.0; 0.0; 0.0;-;-;1957;-0.2; 0.0; 0.0;-8; 21.8;F;1;29;On;On;Off; 22.1; 21.8;0;0;1203;0;1203;0;1017;0;-
2026/04/23;04:23:35;90;-; 52.31; 0.0;-; 0.0; 0.0; 0.0;-;-;1957;-0.2; 0.0; 0.0;-8; 21.8;F;1;29;On;On;Off; 22.1; 21.8;0;0;1203;0;1203;0;1017;0;-
2026/04/23;04:24:35;90;-; 52.33; 0.0;-; 0.0; 0.0; 0.0;-;-;1957;-0.2; 0.0; 0.0;-8; 21.8;F;1;29;On;On;Off; 22.1; 21.8;0;0;1203;0;1203;0;1017;0;-
2026/04/23;04:25:35;90;-; 52.33; 0.0;-; 0.0; 0.0; 0.0;-;-;1957;-0.2; 0.0; 0.0;-8; 21.8;F;1;29;On;On;Off; 22.1; 21.8;0;0;1203;0;1203;0;1017;0;-
2026/04/23;04:26:35;90;-; 52.33; 0.0;-; 0.0; 0.0; 0.0;-;-;1957;-0.2; 0.0; 0.0;-7; 21.8;F;1;29;On;On;Off; 22.1; 21.8;0;0;1203;0;1203;0;1017;0;-
2026/04/23;04:27:35;90;-; 52.31; 0.0;-; 0.0; 0.0; 0.0;-;-;1957;-0.2; 0.0; 0.0;-8; 21.8;F;1;29;On;On;Off; 22.1; 21.8;0;0;1203;0;1203;0;1017;0;-
2026/04/23;04:28:34;90;-; 52.33; 0.0;-; 0.0; 0.0; 0.0;-;-;1957;-0.2; 0.0; 0.0;-8; 21.8;F;1;29;On;On;Off; 22.1; 21.8;0;0;1203;0;1203;0;1017;0;-
2026/04/23;04:29:34;90;-; 52.31; 0.0;-; 0.0; 0.0; 0.0;-;-;1957;-0.2; 0.0; 0.0;-8; 21.8;F;1;29;On;On;Off; 22.1; 21.8;0;0;1203;0;1203;0;1017;0;-
2026/04/23;04:30:34;90;-; 52.33; 0.0;-; 0.0; 0.0; 0.0;-;-;1957;-0.2; 0.0; 0.0;-8; 21.8;F;1;29;On;On;Off; 22.1; 21.8;0;0;1203;0;1203;0;1017;0;-
2026/04/23;04:31:34;90;-; 52.31; 0.0;-; 0.0; 0.0; 0.0;-;-;1957;-0.2; 0.0; 0.0;-8; 21.8;F;1;29;On;On;Off; 22.1; 21.8;0;0;1203;0;1203;0;1017;0;-
2026/04/23;04:32:34;90;-; 52.31; 0.0;-; 0.0; 0.0; 0.0;-;-;1957;-0.2; 0.0; 0.0;-8; 21.8;F;1;29;On;On;Off; 22.1; 21.8;0;0;1203;0;1203;0;1017;0;-
2026/04/23;04:33:34;90;-; 52.33; 0.0;-; 0.0; 0.0; 0.0;-;-;1957;-0.2; 0.0; 0.0;-8; 21.8;F;1;29;On;On;Off; 22.1; 21.8;0;0;1203;0;1203;0;1017;0;-
2026/04/23;04:34:34;90;-; 52.33; 0.0;-; 0.0; 0.0; 0.0;-;-;1957;-0.2; 0.0; 0.0;-8; 21.8;F;1;29;On;On;Off; 22.1; 21.8;0;0;1203;0;1203;0;1017;0;-
2026/04/23;04:35:34;90;-; 52.31; 0.0;-; 0.0; 0.0; 0.0;-;-;1957;-0.2; 0.0; 0.0;-8; 21.8;F;1;29;On;On;Off; 22.1; 21.8;0;0;1203;0;1203;0;1017;0;-
2026/04/23;04:36:34;90;-; 52.33; 0.0;-; 0.0; 0.0; 0.0;-;-;1957;-0.2; 0.0; 0.0;-8; 21.8;F;1;29;On;On;Off; 22.1; 21.8;0;0;1203;0;1203;0;1017;0;-
2026/04/23;04:37:34;90;-; 52.33; 0.0;-; 0.0; 0.0; 0.0;-;-;1957;-0.2; 0.0; 0.0;-8; 21.8;F;1;29;On;On;Off; 22.1; 21.8;0;0;1203;0;1203;0;1017;0;-
2026/04/23;04:38:34;90;-; 52.33; 0.0;-; 0.0; 0.0; 0.0;-;-;1957;-0.2; 0.0; 0.0;-8; 21.8;F;1;29;On;On;Off; 22.1; 21.8;0;0;1203;0;1203;0;1017;0;-
2026/04/23;04:39:34;90;-; 52.31; 0.0;-; 0.0; 0.0; 0.0;-;-;1957;-0.2; 0.0; 0.0;-8; 21.8;F;1;29;On;On;Off; 22.1; 21.8;0;0;1203;0;1203;0;1017;0;-
2026/04/23;04:40:34;90;-; 52.33; 0.0;-; 0.0; 0.0; 0.0;-;-;1957;-0.2; 0.0; 0.0;-8; 21.8;F;1;29;On;On;Off; 22.1; 21.8;0;0;1203;0;1203;0;1017;0;-
2026/04/23;04:41:34;90;-; 52.31; 0.0;-; 0.0; 0.0; 0.0;-;-;1957;-0.2; 0.0; 0.0;-8; 21.8;F;1;29;On;On;Off; 22.1; 21.8;0;0;1203;0;1203;0;1017;0;-
2026/04/23;04:42:34;90;-; 52.31; 0.0;-; 0.0; 0.0; 0.0;-;-;1957;-0.2; 0.0; 0.0;-8; 21.8;F;1;29;On;On;Off; 22.1; 21.8;0;0;1203;0;1203;0;1017;0;-
2026/04/23;04:43:34;90;-; 52.33; 0.0;-; 0.0; 0.0; 0.0;-;-;1957;-0.2; 0.0; 0.0;-8; 21.8;F;1;29;On;On;Off; 22.1; 21.8;0;0;1203;0;1203;0;1017;0;-
2026/04/23;04:44:33;90;-; 52.33; 0.0;-; 0.0; 0.0; 0.0;-;-;1957;-0.2; 0.0; 0.0;-8; 21.8;F;1;29;On;On;Off; 22.1; 21.8;0;0;1203;0;1203;0;1017;0;-
2026/04/23;04:45:33;90;-; 52.31; 0.0;-; 0.0; 0.0; 0.0;-;-;1957;-0.2; 0.0; 0.0;-8; 21.8;F;1;29;On;On;Off; 22.1; 21.8;0;0;1203;0;1203;0;1017;0;-
2026/04/23;04:46:33;90;-; 52.31; 0.0;-; 0.0; 0.0; 0.0;-;-;1957;-0.2; 0.0; 0.0;-8; 21.8;F;1;29;On;On;Off; 22.1; 21.8;0;0;1203;0;1203;0;1017;0;-
2026/04/23;04:47:33;90;-; 52.33; 0.0;-; 0.0; 0.0; 0.0;-;-;1957;-0.2; 0.0; 0.0;-9; 21.8;F;1;29;On;On;Off; 22.1; 21.8;0;0;1203;0;1203;0;1017;0;-
2026/04/23;04:48:33;90;-; 52.31; 0.0;-; 0.0; 0.0; 0.0;-;-;1957;-0.2; 0.0; 0.0;-8; 21.8;F;1;29;On;On;Off; 22.1; 21.8;0;0;1203;0;1203;0;1017;0;-
2026/04/23;04:49:33;90;-; 52.31; 0.0;-; 0.0; 0.0; 0.0;-;-;1957;-0.2; 0.0; 0.0;-9; 21.8;F;1;29;On;On;Off; 22.1; 21.8;0;0;1203;0;1203;0;1017;0;-
2026/04/23;04:50:33;90;-; 52.33; 0.0;-; 0.0; 0.0; 0.0;-;-;1957;-0.2; 0.0; 0.0;-8; 21.8;F;1;29;On;On;Off; 22.1; 21.8;0;0;1203;0;1203;0;1017;0;-
2026/04/23;04:51:33;90;-; 52.31; 0.0;-; 0.0; 0.0; 0.0;-;-;1957;-0.2; 0.0; 0.0;-9; 21.8;F;1;29;On;On;Off; 22.1; 21.8;0;0;1203;0;1203;0;1017;0;-
2026/04/23;04:52:33;90;-; 52.33; 0.0;-; 0.0; 0.0; 0.0;-;-;1957;-0.2; 0.0; 0.0;-8; 21.8;F;1;29;On;On;Off; 22.1; 21.8;0;0;1203;0;1203;0;1017;0;-
2026/04/23;04:53:33;90;-; 52.33; 0.0;-; 0.0; 0.0; 0.0;-;-;1957;-0.2; 0.0; 0.0;-9; 21.8;F;1;29;On;On;Off; 22.1; 21.8;0;0;1203;0;1203;0;1017;0;-
2026/04/23;04:54:33;90;-; 52.31; 0.0;-; 0.0; 0.0; 0.0;-;-;1957;-0.2; 0.0; 0.0;-9; 21.8;F;1;29;On;On;Off; 22.1; 21.8;0;0;1203;0;1203;0;1017;0;-
2026/04/23;04:55:33;90;-; 52.31; 0.0;-; 0.0; 0.0; 0.0;-;-;1957;-0.2; 0.0; 0.0;-8; 21.8;F;1;29;On;On;Off; 22.1; 21.8;0;0;1203;0;1203;0;1017;0;-
2026/04/23;04:56:33;90;-; 52.31; 0.0;-; 0.0; 0.0; 0.0;-;-;1957;-0.2; 0.0; 0.0;-9; 21.8;F;1;29;On;On;Off; 22.1; 21.8;0;0;1203;0;1203;0;1017;0;-
2026/04/23;04:57:33;90;-; 52.33; 0.0;-; 0.0; 0.0; 0.0;-;-;1957;-0.2; 0.0; 0.0;-9; 21.8;F;1;29;On;On;Off; 22.1; 21.8;0;0;1203;0;1203;0;1017;0;-
2026/04/23;04:58:33;90;-; 52.33; 0.0;-; 0.0; 0.0; 0.0;-;-;1957;-0.2; 0.0; 0.0;-9; 21.8;F;1;29;On;On;Off; 22.1; 21.8;0;0;1203;0;1203;0;1017;0;-
2026/04/23;04:59:33;90;-; 52.33; 0.0;-; 0.0; 0.0; 0.0;-;-;1957;-0.2; 0.0; 0.0;-8; 21.8;F;1;29;On;On;Off; 22.1; 21.8;0;0;1203;0;1203;0;1017;0;-
2026/04/23;05:00:32;90;-; 52.33; 0.0;-; 0.0; 0.0; 0.0;-;-;1957;-0.2; 0.0; 0.0;-8; 21.7;F;1;29;On;On;Off; 22.1; 21.8;0;0;1203;0;1203;0;1017;0;-
2026/04/23;05:01:32;90;-; 52.31; 0.0;-; 0.0; 0.0; 0.0;-;-;1957;-0.2; 0.0; 0.0;-8; 21.8;F;1;29;On;On;Off; 22.1; 21.8;0;0;1203;0;1203;0;1017;0;-
2026/04/23;05:02:32;90;-; 52.33; 0.0;-; 0.0; 0.0; 0.0;-;-;1957;-0.2; 0.0; 0.0;-9; 21.8;F;1;29;On;On;Off; 22.1; 21.8;0;0;1203;0;1203;0;1017;0;-
2026/04/23;05:03:32;90;-; 52.31; 0.0;-; 0.0; 0.0; 0.0;-;-;1957;-0.2; 0.0; 0.0;-9; 21.7;F;1;29;On;On;Off; 22.1; 21.8;0;0;1203;0;1203;0;1017;0;-
2026/04/23;05:04:32;90;-; 52.33; 0.0;-; 0.0; 0.0; 0.0;-;-;1957;-0.2; 0.0; 0.0;-9; 21.8;F;1;29;On;On;Off; 22.1; 21.8;0;0;1203;0;1203;0;1017;0;-
2026/04/23;05:05:32;90;-; 52.33; 0.0;-; 0.0; 0.0; 0.0;-;-;1957;-0.2; 0.0; 0.0;-9; 21.8;F;1;29;On;On;Off; 22.1; 21.8;0;0;1203;0;1203;0;1017;0;-
2026/04/23;05:06:32;90;-; 52.31; 0.0;-; 0.0; 0.0; 0.0;-;-;1958;-0.2; 0.0; 0.0;-9; 21.7;F;1;29;On;On;Off; 22.1; 21.8;0;0;1203;0;1203;0;1017;0;-
2026/04/23;05:07:32;90;-; 52.33; 0.0;-; 0.0; 0.0; 0.0;-;-;1958;-0.2; 0.0; 0.0;-9; 21.7;F;1;29;On;On;Off; 22.1; 21.8;0;0;1203;0;1203;0;1017;0;-
2026/04/23;05:08:32;90;-; 52.33; 0.0;-; 0.0; 0.0; 0.0;-;-;1958;-0.2; 0.0; 0.0;-9; 21.7;F;1;29;On;On;Off; 22.1; 21.8;0;0;1203;0;1203;0;1017;0;-
2026/04/23;05:09:32;90;-; 52.31; 0.0;-; 0.0; 0.0; 0.0;-;-;1958;-0.2; 0.0; 0.0;-8; 21.8;F;1;29;On;On;Off; 22.1; 21.8;0;0;1203;0;1203;0;1017;0;-
2026/04/23;05:10:32;90;-; 52.33; 0.0;-; 0.0; 0.0; 0.0;-;-;1958;-0.2; 0.0; 0.0;-9; 21.7;F;1;29;On;On;Off; 22.1; 21.8;0;0;1203;0;1203;0;1017;0;-
2026/04/23;05:11:32;90;-; 52.33; 0.0;-; 0.0; 0.0; 0.0;-;-;1958;-0.2; 0.0; 0.0;-9; 21.7;F;1;29;On;On;Off; 22.1; 21.8;0;0;1203;0;1203;0;1017;0;-
2026/04/23;05:12:32;90;-; 52.31; 0.0;-; 0.0; 0.0; 0.0;-;-;1958;-0.2; 0.0; 0.0;-9; 21.8;F;1;29;On;On;Off; 22.1; 21.8;0;0;1203;0;1203;0;1017;0;-
2026/04/23;05:13:32;90;-; 52.33; 0.0;-; 0.0; 0.0; 0.0;-;-;1958;-0.2; 0.0; 0.0;-8; 21.7;F;1;29;On;On;Off; 22.1; 21.8;0;0;1203;0;1203;0;1017;0;-
2026/04/23;05:14:32;90;-; 52.31; 0.0;-; 0.0; 0.0; 0.0;-;-;1958;-0.2; 0.0; 0.0;-8; 21.8;F;1;29;On;On;Off; 22.1; 21.8;0;0;1203;0;1203;0;1017;0;-
2026/04/23;05:15:31;90;-; 52.31; 0.0;-; 0.0; 0.0; 0.0;-;-;1958;-0.2; 0.0; 0.0;-9; 21.7;F;1;29;On;On;Off; 22.1; 21.8;0;0;1203;0;1203;0;1017;0;-
2026/04/23;05:16:31;90;-; 52.31; 0.0;-; 0.0; 0.0; 0.0;-;-;1958;-0.2; 0.0; 0.0;-8; 21.7;F;1;29;On;On;Off; 22.1; 21.8;0;0;1203;0;1203;0;1017;0;-
2026/04/23;05:17:31;90;-; 52.31; 0.0;-; 0.0; 0.0; 0.0;-;-;1958;-0.2; 0.0; 0.0;-9; 21.8;F;1;29;On;On;Off; 22.1; 21.8;0;0;1203;0;1203;0;1017;0;-
2026/04/23;05:18:31;90;-; 52.33; 0.0;-; 0.0; 0.0; 0.0;-;-;1958;-0.2; 0.0; 0.0;-9; 21.7;F;1;29;On;On;Off; 22.1; 21.8;0;0;1203;0;1203;0;1017;0;-
2026/04/23;05:19:31;90;-; 52.33; 0.0;-; 0.0; 0.0; 0.0;-;-;1958;-0.2; 0.0; 0.0;-9; 21.7;F;1;29;On;On;Off; 22.1; 21.8;0;0;1203;0;1203;0;1017;0;-
2026/04/23;05:20:31;90;-; 52.33; 0.0;-; 0.0; 0.0; 0.0;-;-;1958;-0.2; 0.0; 0.0;-9; 21.7;F;1;29;On;On;Off; 22.1; 21.8;0;0;1203;0;1203;0;1017;0;-
2026/04/23;05:21:31;90;-; 52.31; 0.0;-; 0.0; 0.0; 0.0;-;-;1958;-0.2; 0.0; 0.0;-9; 21.7;F;1;29;On;On;Off; 22.1; 21.8;0;0;1203;0;1203;0;1017;0;-
2026/04/23;05:22:31;90;-; 52.33; 0.0;-; 0.0; 0.0; 0.0;-;-;1958;-0.2; 0.0; 0.0;-9; 21.7;F;1;29;On;On;Off; 22.1; 21.8;0;0;1203;0;1203;0;1017;0;-
2026/04/23;05:23:31;90;-; 52.33; 0.0;-; 0.0; 0.0; 0.0;-;-;1958;-0.2; 0.0; 0.0;-9; 21.8;F;1;29;On;On;Off; 22.1; 21.8;0;0;1203;0;1203;0;1017;0;-
2026/04/23;05:24:31;90;-; 52.33; 0.0;-; 0.0; 0.0; 0.0;-;-;1958;-0.2; 0.0; 0.0;-8; 21.7;F;1;29;On;On;Off; 22.1; 21.8;0;0;1203;0;1203;0;1017;0;-
2026/04/23;05:25:31;90;-; 52.33; 0.0;-; 0.0; 0.0; 0.0;-;-;1958;-0.2; 0.0; 0.0;-8; 21.7;F;1;29;On;On;Off; 22.1; 21.8;0;0;1203;0;1203;0;1017;0;-
2026/04/23;05:26:31;90;-; 52.33; 0.0;-; 0.0; 0.0; 0.0;-;-;1958;-0.2; 0.0; 0.0;-8; 21.7;F;1;29;On;On;Off; 22.1; 21.8;0;0;1203;0;1203;0;1017;0;-
2026/04/23;05:27:31;90;-; 52.31; 0.0;-; 0.0; 0.0; 0.0;-;-;1958;-0.2; 0.0; 0.0;-8; 21.8;F;1;29;On;On;Off; 22.1; 21.8;0;0;1203;0;1203;0;1017;0;-
2026/04/23;05:28:31;90;-; 52.31; 0.0;-; 0.0; 0.0; 0.0;-;-;1958;-0.2; 0.0; 0.0;-8; 21.7;F;1;29;On;On;Off; 22.1; 21.8;0;0;1203;0;1203;0;1017;0;-
2026/04/23;05:29:31;90;-; 52.31; 0.0;-; 0.0; 0.0; 0.0;-;-;1958;-0.2; 0.0; 0.0;-8; 21.7;F;1;29;On;On;Off; 22.1; 21.8;0;0;1203;0;1203;0;1017;0;-
2026/04/23;05:30:31;90;-; 52.31; 0.0;-; 0.0; 0.0; 0.0;-;-;1958;-0.2; 0.0; 0.0;-9; 21.7;F;1;29;On;On;Off; 22.1; 21.8;0;0;1203;0;1203;0;1017;0;-
2026/04/23;05:31:30;90;-; 52.31; 0.0;-; 0.0; 0.0; 0.0;-;-;1958;-0.2; 0.0; 0.0;-9; 21.7;F;1;29;On;On;Off; 22.1; 21.8;0;0;1203;0;1203;0;1017;0;-
2026/04/23;05:32:30;90;-; 52.33; 0.0;-; 0.0; 0.0; 0.0;-;-;1958;-0.2; 0.0; 0.0;-9; 21.7;F;1;29;On;On;Off; 22.1; 21.8;0;0;1203;0;1203;0;1017;0;-
2026/04/23;05:33:30;90;-; 52.33; 0.0;-; 0.0; 0.0; 0.0;-;-;1958;-0.2; 0.0; 0.0;-9; 21.7;F;1;29;On;On;Off; 22.1; 21.8;0;0;1203;0;1203;0;1017;0;-
2026/04/23;05:34:30;90;-; 52.33; 0.0;-; 0.0; 0.0; 0.0;-;-;1958;-0.2; 0.0; 0.0;-9; 21.7;F;1;29;On;On;Off; 22.1; 21.8;0;0;1203;0;1203;0;1017;0;-
2026/04/23;05:35:30;90;-; 52.33; 0.0;-; 0.0; 0.0; 0.0;-;-;1958;-0.2; 0.0; 0.0;-8; 21.7;F;1;29;On;On;Off; 22.1; 21.8;0;0;1203;0;1203;0;1017;0;-
2026/04/23;05:36:30;90;-; 52.33; 0.0;-; 0.0; 0.0; 0.0;-;-;1958;-0.2; 0.0; 0.0;-9; 21.7;F;1;29;On;On;Off; 22.1; 21.8;0;0;1203;0;1203;0;1017;0;-
2026/04/23;05:37:30;90;-; 52.31; 0.0;-; 0.0; 0.0; 0.0;-;-;1958;-0.2; 0.0; 0.0;-9; 21.7;F;1;29;On;On;Off; 22.1; 21.8;0;0;1203;0;1203;0;1017;0;-
2026/04/23;05:38:30;90;-; 52.31; 0.0;-; 0.0; 0.0; 0.0;-;-;1958;-0.2; 0.0; 0.0;-9; 21.7;F;1;29;On;On;Off; 22.1; 21.8;0;0;1203;0;1203;0;1017;0;-
2026/04/23;05:39:30;90;-; 52.33; 0.0;-; 0.0; 0.0; 0.0;-;-;1958;-0.2; 0.0; 0.0;-9; 21.7;F;1;29;On;On;Off; 22.1; 21.8;0;0;1203;0;1203;0;1017;0;-
2026/04/23;05:40:30;90;-; 52.33; 0.0;-; 0.0; 0.0; 0.0;-;-;1958;-0.2; 0.0; 0.0;-9; 21.7;F;1;29;On;On;Off; 22.1; 21.8;0;0;1203;0;1203;0;1017;0;-
2026/04/23;05:41:30;90;-; 52.33; 0.0;-; 0.0; 0.0; 0.0;-;-;1958;-0.2; 0.0; 0.0;-9; 21.7;F;1;29;On;On;Off; 22.1; 21.8;0;0;1203;0;1203;0;1017;0;-
2026/04/23;05:42:30;90;-; 52.31; 0.0;-; 0.0; 0.0; 0.0;-;-;1958;-0.2; 0.0; 0.0;-9; 21.7;F;1;29;On;On;Off; 22.1; 21.8;0;0;1203;0;1203;0;1017;0;-
2026/04/23;05:43:30;90;-; 52.31; 0.0;-; 0.0; 0.0; 0.0;-;-;1958;-0.2; 0.0; 0.0;-9; 21.7;F;1;29;On;On;Off; 22.0; 21.8;0;0;1203;0;1203;0;1017;0;-
2026/04/23;05:44:30;90;-; 52.33; 0.0;-; 0.0; 0.0; 0.0;-;-;1958;-0.2; 0.0; 0.0;-9; 21.7;F;1;29;On;On;Off; 22.1; 21.8;0;0;1203;0;1203;0;1017;0;-
2026/04/23;05:45:30;90;-; 52.33; 0.0;-; 0.0; 0.0; 0.0;-;-;1958;-0.2; 0.0; 0.0;-9; 21.7;F;1;29;On;On;Off; 22.1; 21.8;0;0;1203;0;1203;0;1017;0;-
2026/04/23;05:46:30;90;-; 52.33; 0.0;-; 0.0; 0.0; 0.0;-;-;1958;-0.2; 0.0; 0.0;-9; 21.7;F;1;29;On;On;Off; 22.0; 21.8;0;0;1203;0;1203;0;1017;0;-
2026/04/23;05:47:29;90;-; 52.33; 0.0;-; 0.0; 0.0; 0.0;-;-;1958;-0.2; 0.0; 0.0;-8; 21.7;F;1;29;On;On;Off; 22.1; 21.8;0;0;1203;0;1203;0;1017;0;-
2026/04/23;05:48:29;90;-; 52.31; 0.0;-; 0.0; 0.0; 0.0;-;-;1958;-0.2; 0.0; 0.0;-9; 21.7;F;1;29;On;On;Off; 22.1; 21.8;0;0;1203;0;1203;0;1017;0;-
2026/04/23;05:49:29;90;-; 52.33; 0.0;-; 0.0; 0.0; 0.0;-;-;1958;-0.2; 0.0; 0.0;-8; 21.7;F;1;29;On;On;Off; 22.1; 21.8;0;0;1203;0;1203;0;1017;0;-
2026/04/23;05:50:29;90;-; 52.33; 0.0;-; 0.0; 0.0; 0.0;-;-;1958;-0.2; 0.0; 0.0;-8; 21.7;F;1;29;On;On;Off; 22.0; 21.8;0;0;1203;0;1203;0;1017;0;-
2026/04/23;05:51:29;90;-; 52.33; 0.0;-; 0.0; 0.0; 0.0;-;-;1958;-0.2; 0.0; 0.0;-8; 21.7;F;1;29;On;On;Off; 22.0; 21.8;0;0;1203;0;1203;0;1017;0;-
2026/04/23;05:52:29;90;-; 52.33; 0.0;-; 0.0; 0.0; 0.0;-;-;1958;-0.2; 0.0; 0.0;-8; 21.7;F;1;29;On;On;Off; 22.1; 21.8;0;0;1203;0;1203;0;1017;0;-
2026/04/23;05:53:29;90;-; 52.33; 0.0;-; 0.0; 0.0; 0.0;-;-;1958;-0.2; 0.0; 0.0;-9; 21.7;F;1;29;On;On;Off; 22.1; 21.8;0;0;1203;0;1203;0;1017;0;-
2026/04/23;05:54:29;90;-; 52.31; 0.0;-; 0.0; 0.0; 0.0;-;-;1958;-0.2; 0.0; 0.0;-9; 21.7;F;1;29;On;On;Off; 22.0; 21.8;0;0;1203;0;1203;0;1017;0;-
2026/04/23;05:55:29;90;-; 52.31; 0.0;-; 0.0; 0.0; 0.0;-;-;1958;-0.2; 0.0; 0.0;-9; 21.7;F;1;29;On;On;Off; 22.0; 21.8;0;0;1203;0;1203;0;1017;0;-
2026/04/23;05:56:29;90;-; 52.33; 0.0;-; 0.0; 0.0; 0.0;-;-;1958;-0.2; 0.0; 0.0;-9; 21.7;F;1;29;On;On;Off; 22.1; 21.8;0;0;1203;0;1203;0;1017;0;-
2026/04/23;05:57:29;90;-; 52.33; 0.0;-; 0.0; 0.0; 0.0;-;-;1958;-0.2; 0.0; 0.0;-8; 21.7;F;1;29;On;On;Off; 22.1; 21.8;0;0;1203;0;1203;0;1017;0;-
2026/04/23;05:58:29;90;-; 52.31; 0.0;-; 0.0; 0.0; 0.0;-;-;1958;-0.2; 0.0; 0.0;-8; 21.7;F;1;29;On;On;Off; 22.0; 21.8;0;0;1203;0;1203;0;1017;0;-
2026/04/23;05:59:29;90;-; 52.33; 0.0;-; 0.0; 0.0; 0.0;-;-;1958;-0.2; 0.0; 0.0;-8; 21.7;F;1;29;On;On;Off; 22.0; 21.8;0;0;1203;0;1203;0;1017;0;-
2026/04/23;06:00:29;90;-; 52.20; 0.0;-; 0.0; 0.0; 0.0;-;-;1958;-0.2; 0.0; 0.0;-8; 21.7;F;1;29;On;On;Off; 22.0; 21.8;0;0;1203;0;1203;0;1017;0;-
2026/04/23;06:01:29;90;-; 49.45; 0.0;-; 0.0; 0.0; 0.0;-;-;1958;-0.1; 0.0; 0.0;-7; 21.7;F;1;29;On;On;Off; 22.1; 21.8;0;0;1203;0;1203;0;1017;0;-
2026/04/23;06:02:29;90;-; 49.35; 0.0;-; 0.0; 0.0; 0.0;-;-;1958;-0.1; 0.0; 0.0;-5; 21.6;F;1;29;On;On;Off; 22.1; 21.8;0;0;1203;0;1203;0;1017;0;-
2026/04/23;06:03:28;90;-; 49.75; 0.0;-; 0.0; 0.0; 0.0;-;-;1958;-0.1; 0.0; 0.0;-4; 21.6;F;1;29;On;On;Off; 22.1; 21.8;0;0;1203;0;1203;0;1017;0;-
2026/04/23;06:04:28;90;-; 49.71; 0.0;-; 0.0; 0.0; 0.0;-;-;1958;-0.1; 0.0; 0.0;-4; 21.6;F;1;29;On;On;Off; 22.0; 21.8;0;0;1203;0;1203;0;1017;0;-
2026/04/23;06:05:28;90;-; 49.91; 0.0;-; 0.0; 0.0; 0.0;-;-;1958;-0.1; 0.0; 0.0;-4; 21.6;F;1;29;On;On;Off; 22.0; 21.8;0;0;1203;0;1203;0;1017;0;-
2026/04/23;06:06:28;90;-; 49.67; 0.0;-; 0.0; 0.0; 0.0;-;-;1959;-0.1; 0.0; 0.0;-5; 21.6;F;1;29;On;On;Off; 22.0; 21.8;0;0;1203;0;1203;0;1017;0;-
2026/04/23;06:07:28;89;-; 49.81; 0.0;-; 0.0; 0.0; 0.0;-;-;1959;-0.1; 0.0; 0.0;-5; 21.7;F;1;29;On;On;Off; 22.0; 21.8;0;0;1203;0;1203;0;1017;0;-
2026/04/23;06:08:28;89;-; 49.73; 0.0;-; 0.0; 0.0; 0.0;-;-;1959;-0.1; 0.0; 0.0;-4; 21.7;F;1;29;On;On;Off; 22.0; 21.8;0;0;1203;0;1203;0;1017;0;-
2026/04/23;06:09:28;89;-; 49.65; 0.0;-; 0.0; 0.0; 0.0;-;-;1959;-0.1; 0.0; 0.0;-4; 21.8;F;1;29;On;On;Off; 22.0; 21.8;0;0;1203;0;1203;0;1017;0;-
2026/04/23;06:10:28;89;-; 49.97; 0.0;-; 0.0; 0.0; 0.0;-;-;1959;-0.1; 0.0; 0.0;-4; 21.8;F;1;29;On;On;Off; 22.0; 21.8;0;0;1203;0;1203;0;1017;0;-
2026/04/23;06:11:28;89;-; 49.75; 0.0;-; 0.0; 0.0; 0.0;-;-;1959;-0.1; 0.0; 0.0;-5; 21.8;F;1;29;On;On;Off; 22.0; 21.8;0;0;1203;0;1203;0;1017;0;-
2026/04/23;06:12:28;89;-; 49.77; 0.0;-; 0.0; 0.0; 0.0;-;-;1959;-0.1; 0.0; 0.0;-4; 21.8;F;1;29;On;On;Off; 22.0; 21.8;0;0;1203;0;1203;0;1017;0;-
2026/04/23;06:13:28;89;-; 49.99; 0.0;-; 0.0; 0.0; 0.0;-;-;1959;-0.1; 0.0; 0.0;-5; 21.9;F;1;29;On;On;Off; 22.0; 21.8;0;0;1203;0;1203;0;1017;0;-
2026/04/23;06:14:28;89;-; 49.79; 0.0;-; 0.0; 0.0; 0.0;-;-;1959;-0.1; 0.0; 0.0;-5; 21.9;F;1;29;On;On;Off; 22.0; 21.8;0;0;1203;0;1203;0;1017;0;-
2026/04/23;06:15:28;89;-; 49.73; 0.0;-; 0.0; 0.0; 0.0;-;-;1959;-0.1; 0.0; 0.0;-5; 21.9;F;1;29;On;On;Off; 22.0; 21.8;0;0;1203;0;1203;0;1017;0;-
2026/04/23;06:16:28;89;-; 49.95; 0.0;-; 0.0; 0.0; 0.0;-;-;1959;-0.1; 0.0; 0.0;-5; 22.0;F;1;29;On;On;Off; 22.0; 21.8;0;0;1203;0;1203;0;1017;0;-
2026/04/23;06:17:28;89;-; 49.45; 0.0;-; 0.0; 0.0; 0.0;-;-;1959;-0.1; 0.0; 0.0;-5; 22.0;F;1;29;On;On;Off; 22.0; 21.8;0;0;1203;0;1203;0;1017;0;-
2026/04/23;06:18:28;89;-; 49.41; 0.0;-; 0.0; 0.0; 0.0;-;-;1959;-0.1; 0.0; 0.0;-4; 22.0;F;1;29;On;On;Off; 22.0; 21.8;0;0;1203;0;1203;0;1017;0;-
2026/04/23;06:19:27;89;-; 49.63; 0.0;-; 0.0; 0.0; 0.0;-;-;1959;-0.1; 0.0; 0.0;-4; 22.1;F;1;29;On;On;Off; 22.0; 21.8;0;0;1203;0;1203;0;1017;0;-
2026/04/23;06:20:27;89;-; 49.39; 0.0;-; 0.0; 0.0; 0.0;-;-;1959;-0.1; 0.0; 0.0;-4; 22.1;F;1;29;On;On;Off; 22.0; 21.8;0;0;1203;0;1203;0;1017;0;-
2026/04/23;06:21:27;89;-; 49.37; 0.0;-; 0.0; 0.0; 0.0;-;-;1959;-0.1; 0.0; 0.0;-4; 22.1;F;1;29;On;On;Off; 22.0; 21.8;0;0;1203;0;1203;0;1017;0;-
2026/04/23;06:22:27;89;-; 49.41; 0.0;-; 0.0; 0.0; 0.0;-;-;1959;-0.1; 0.0; 0.0;-4; 22.1;F;1;29;On;On;Off; 22.0; 21.8;0;0;1203;0;1203;0;1017;0;-
2026/04/23;06:23:27;89;-; 49.32; 0.0;-; 0.0; 0.0; 0.0;-;-;1959;-0.1; 0.0; 0.0;-4; 22.1;F;1;29;On;On;Off; 22.0; 21.8;0;0;1203;0;1203;0;1017;0;-
2026/04/23;06:24:27;88;-; 49.30; 0.0;-; 0.0; 0.0; 0.0;-;-;1959;-0.1; 0.0; 0.0;-4; 22.2;F;1;29;On;On;Off; 22.0; 21.8;0;0;1203;0;1203;0;1017;0;-
2026/04/23;06:25:27;88;-; 49.28; 0.0;-; 0.0; 0.0; 0.0;-;-;1959;-0.1; 0.0; 0.0;-4; 22.2;F;1;29;On;On;Off; 22.0; 21.8;0;0;1203;0;1203;0;1017;0;-
2026/04/23;06:26:27;88;-; 49.24; 0.0;-; 0.0; 0.0; 0.0;-;-;1959;-0.1; 0.0; 0.0;-4; 22.2;F;1;29;On;On;Off; 22.0; 21.8;0;0;1203;0;1203;0;1017;0;-
2026/04/23;06:27:27;88;-; 49.22; 0.0;-; 0.0; 0.0; 0.0;-;-;1959;-0.1; 0.0; 0.0;-3; 22.2;F;1;29;On;On;Off; 22.0; 21.8;0;0;1203;0;1203;0;1017;0;-
2026/04/23;06:28:27;88;-; 49.20; 0.0;-; 0.0; 0.0; 0.0;-;-;1959;-0.1; 0.0; 0.0;-3; 22.3;F;1;29;On;On;Off; 22.0; 21.8;0;0;1203;0;1203;0;1017;0;-
2026/04/23;06:29:27;88;-; 49.16; 0.0;-; 0.0; 0.0; 0.0;-;-;1959;-0.1; 0.0; 0.0;-3; 22.3;F;1;29;On;On;Off; 22.0; 21.8;0;0;1203;0;1203;0;1017;0;-
2026/04/23;06:30:27;88;-; 49.14; 0.0;-; 0.0; 0.0; 0.0;-;-;1959;-0.1; 0.0; 0.0;-3; 22.3;F;1;29;On;On;Off; 22.0; 21.8;0;0;1203;0;1203;0;1017;0;-
2026/04/23;06:31:27;88;-; 49.14; 0.0;-; 0.0; 0.0; 0.0;-;-;1959;-0.1; 0.0; 0.0;-3; 22.3;F;1;29;On;On;Off; 22.0; 21.8;0;0;1203;0;1203;0;1017;0;-
2026/04/23;06:32:27;88;-; 49.08; 0.0;-; 0.0; 0.0; 0.0;-;-;1959;-0.1; 0.0; 0.0;-3; 22.3;F;1;29;On;On;Off; 22.0; 21.8;0;0;1203;0;1203;0;1017;0;-
2026/04/23;06:33:27;88;-; 49.08; 0.0;-; 0.0; 0.0; 0.0;-;-;1959;-0.1; 0.0; 0.0;-3; 22.3;F;1;29;On;On;Off; 22.0; 21.8;0;0;1203;0;1203;0;1017;0;-
2026/04/23;06:34:26;88;-; 49.04; 0.0;-; 0.0; 0.0; 0.0;-;-;1959;-0.1; 0.0; 0.0;-3; 22.4;F;1;29;On;On;Off; 22.0; 21.8;0;0;1203;0;1203;0;1017;0;-
2026/04/23;06:35:26;88;-; 49.02; 0.0;-; 0.0; 0.0; 0.0;-;-;1959;-0.1; 0.0; 0.0;-3; 22.4;F;1;29;On;On;Off; 22.0; 21.8;0;0;1203;0;1203;0;1017;0;-
2026/04/23;06:36:26;88;-; 49.00; 0.0;-; 0.0; 0.0; 0.0;-;-;1959;-0.1; 0.0; 0.0;-3; 22.4;F;1;29;On;On;Off; 22.0; 21.8;0;0;1203;0;1203;0;1017;0;-
2026/04/23;06:37:26;88;-; 48.96; 0.0;-; 0.0; 0.0; 0.0;-;-;1959;-0.1; 0.0; 0.0;-3; 22.4;F;1;29;On;On;Off; 22.0; 21.8;0;0;1203;0;1203;0;1017;0;-
2026/04/23;06:38:26;88;-; 48.94; 0.0;-; 0.0; 0.0; 0.0;-;-;1959;-0.1; 0.0; 0.0;-3; 22.4;F;1;29;On;On;Off; 22.0; 21.8;0;0;1203;0;1203;0;1017;0;-
2026/04/23;06:39:26;87;-; 48.90; 0.0;-; 0.0; 0.0; 0.0;-;-;1959;-0.1; 0.0; 0.0;-2; 22.5;F;1;29;On;On;Off; 22.0; 21.8;0;0;1203;0;1203;0;1017;0;-
2026/04/23;06:40:26;87;-; 48.86; 0.0;-; 0.0; 0.0; 0.0;-;-;1959;-0.1; 0.0; 0.0;-3; 22.5;F;1;29;On;On;Off; 22.0; 21.8;0;0;1203;0;1203;0;1017;0;-
2026/04/23;06:41:26;87;-; 48.82; 0.0;-; 0.0; 0.0; 0.0;-;-;1959;-0.1; 0.0; 0.0;-3; 22.5;F;1;29;On;On;Off; 22.0; 21.8;0;0;1203;0;1203;0;1017;0;-
2026/04/23;06:42:26;87;-; 48.80; 0.0;-; 0.0; 0.0; 0.0;-;-;1959;-0.1; 0.0; 0.0;-3; 22.5;F;1;29;On;On;Off; 22.0; 21.8;0;0;1203;0;1203;0;1017;0;-
2026/04/23;06:43:26;87;-; 48.78; 0.0;-; 0.0; 0.0; 0.0;-;-;1959;-0.1; 0.0; 0.0;-2; 22.5;F;1;29;On;On;Off; 22.0; 21.8;0;0;1203;0;1203;0;1017;0;-
2026/04/23;06:44:26;87;-; 48.72; 0.0;-; 0.0; 0.0; 0.0;-;-;1959;-0.1; 0.0; 0.0;-2; 22.5;F;1;29;On;On;Off; 22.0; 21.8;0;0;1203;0;1203;0;1017;0;-
2026/04/23;06:45:26;87;-; 48.72; 0.0;-; 0.0; 0.0; 0.0;-;-;1959;-0.1; 0.0; 0.0;-2; 22.5;F;1;29;On;On;Off; 22.0; 21.8;0;0;1203;0;1203;0;1017;0;-
2026/04/23;06:46:26;87;-; 48.70; 0.0;-; 0.0; 0.0; 0.0;-;-;1959;-0.1; 0.0; 0.0;-2; 22.5;F;1;29;On;On;Off; 22.0; 21.8;0;0;1203;0;1203;0;1017;0;-
2026/04/23;06:47:26;87;-; 48.64; 0.0;-; 0.0; 0.0; 0.0;-;-;1959;-0.1; 0.0; 0.0;-2; 22.6;F;1;29;On;On;Off; 22.1; 21.8;0;0;1203;0;1203;0;1017;0;-
2026/04/23;06:48:26;87;-; 48.62; 0.0;-; 0.0; 0.0; 0.0;-;-;1959;-0.1; 0.0; 0.0;-2; 22.6;F;1;29;On;On;Off; 22.1; 21.8;0;0;1203;0;1203;0;1017;0;-
2026/04/23;06:49:26;87;-; 48.59; 0.0;-; 0.0; 0.0; 0.0;-;-;1959;-0.1; 0.0; 0.0;-2; 22.6;F;1;29;On;On;Off; 22.1; 21.8;0;0;1203;0;1203;0;1017;0;-
2026/04/23;06:50:25;87;-; 48.57; 0.0;-; 0.0; 0.0; 0.0;-;-;1959;-0.1; 0.0; 0.0;-3; 22.6;F;1;29;On;On;Off; 22.1; 21.8;0;0;1203;0;1203;0;1017;0;-
2026/04/23;06:51:25;87;-; 48.60; 0.0;-; 0.0; 0.0; 0.0;-;-;1959;-0.1; 0.0; 0.0;-3; 22.6;F;1;29;On;On;Off; 22.1; 21.8;0;0;1203;0;1203;0;1017;0;-
2026/04/23;06:52:25;86;-; 48.51; 0.0;-; 0.0; 0.0; 0.0;-;-;1959;-0.1; 0.0; 0.0;-3; 22.6;F;1;29;On;On;Off; 22.1; 21.8;0;0;1203;0;1203;0;1017;0;-
2026/04/23;06:53:25;86;-; 48.49; 0.0;-; 0.0; 0.0; 0.0;-;-;1959;-0.1; 0.0; 0.0;-2; 22.6;F;1;29;On;On;Off; 22.0; 21.8;0;0;1203;0;1203;0;1017;0;-
2026/04/23;06:54:25;86;-; 48.51; 0.0;-; 0.0; 0.0; 0.0;-;-;1959;-0.1; 0.0; 0.0;-2; 22.6;F;1;29;On;On;Off; 22.0; 21.8;0;0;1203;0;1203;0;1017;0;-
2026/04/23;06:55:25;86;-; 48.43; 0.0;-; 0.0; 0.0; 0.0;-;-;1959;-0.1; 0.0; 0.0;-2; 22.7;F;1;29;On;On;Off; 22.0; 21.8;0;0;1203;0;1203;0;1017;0;-
2026/04/23;06:56:25;86;-; 48.59; 0.0;-; 0.0; 0.0; 0.0;-;-;1959;-0.1; 0.0; 0.0;-2; 22.7;F;1;29;On;On;Off; 22.0; 21.8;0;0;1203;0;1203;0;1017;0;-
2026/04/23;06:57:25;86;-; 48.49; 0.0;-; 0.0; 0.0; 0.0;-;-;1959;-0.1; 0.0; 0.0;-2; 22.7;F;1;29;On;On;Off; 22.0; 21.8;0;0;1203;0;1203;0;1017;0;-
2026/04/23;06:58:25;86;-; 48.41; 0.0;-; 0.0; 0.0; 0.0;-;-;1959;-0.1; 0.0; 0.0;-2; 22.7;F;1;29;On;On;Off; 22.0; 21.8;0;0;1203;0;1203;0;1017;0;-
2026/04/23;06:59:25;86;-; 48.43; 0.0;-; 0.0; 0.0; 0.0;-;-;1959;-0.1; 0.0; 0.0;-3; 22.7;F;1;29;On;On;Off; 22.1; 21.8;0;0;1203;0;1203;0;1017;0;-
2026/04/23;07:00:25;86;-; 48.62; 0.0;-; 0.0; 0.0; 0.0;-;-;1959;-0.1; 0.0; 0.0;-2; 22.7;F;1;29;On;On;Off; 22.1; 21.8;0;0;1203;0;1203;0;1017;0;-
2026/04/23;07:01:25;86;-; 48.17; 0.0;-; 0.0; 0.0; 0.0;-;-;1959;-0.1; 0.0; 0.0;-2; 22.7;F;1;29;On;On;Off; 22.1; 21.8;0;0;1203;0;1203;0;1017;0;-
2026/04/23;07:02:25;86;-; 48.11; 0.0;-; 0.0; 0.0; 0.0;-;-;1959;-0.1; 0.0; 0.0;-3; 22.7;F;1;29;On;On;Off; 22.1; 21.8;0;0;1203;0;1203;0;1017;0;-
2026/04/23;07:03:25;86;-; 48.23; 0.0;-; 0.0; 0.0; 0.0;-;-;1959;-0.1; 0.0; 0.0;-2; 22.8;F;1;29;On;On;Off; 22.1; 21.8;0;0;1203;0;1203;0;1017;0;-
2026/04/23;07:04:25;86;-; 48.05; 0.0;-; 0.0; 0.0; 0.0;-;-;1959;-0.1; 0.0; 0.0;-3; 22.8;F;1;29;On;On;Off; 22.1; 21.8;0;0;1203;0;1203;0;1017;0;-
2026/04/23;07:05:25;85;-; 48.01; 0.0;-; 0.0; 0.0; 0.0;-;-;1959;-0.1; 0.0; 0.0;-2; 22.8;F;1;29;On;On;Off; 22.1; 21.8;0;0;1203;0;1203;0;1017;0;-
2026/04/23;07:06:24;85;-; 47.95; 0.0;-; 0.0; 0.0; 0.0;-;-;1960;-0.1; 0.0; 0.0;-2; 22.8;F;1;29;On;On;Off; 22.1; 21.8;0;0;1203;0;1203;0;1017;0;-
2026/04/23;07:07:24;85;-; 47.91; 0.0;-; 0.0; 0.0; 0.0;-;-;1960;-0.1; 0.0; 0.0;-3; 22.8;F;1;29;On;On;Off; 22.1; 21.8;0;0;1203;0;1203;0;1017;0;-
2026/04/23;07:08:24;85;-; 47.87; 0.0;-; 0.0; 0.0; 0.0;-;-;1960;-0.1; 0.0; 0.0;-3; 22.8;F;1;29;On;On;Off; 22.1; 21.8;0;0;1203;0;1203;0;1017;0;-
2026/04/23;07:09:24;85;-; 47.84; 0.0;-; 0.0; 0.0; 0.0;-;-;1960;-0.1; 0.0; 0.0;-3; 22.8;F;1;29;On;On;Off; 22.1; 21.8;0;0;1203;0;1203;0;1017;0;-
2026/04/23;07:10:24;85;-; 47.82; 0.0;-; 0.0; 0.0; 0.0;-;-;1960;-0.1; 0.0; 0.0;-3; 22.9;F;1;29;On;On;Off; 22.1; 21.8;0;0;1203;0;1203;0;1017;0;-
2026/04/23;07:11:24;85;-; 47.78; 0.0;-; 0.0; 0.0; 0.0;-;-;1960;-0.1; 0.0; 0.0;-2; 22.9;F;1;29;On;On;Off; 22.1; 21.8;0;0;1203;0;1203;0;1017;0;-
2026/04/23;07:12:24;85;-; 47.72; 0.0;-; 0.0; 0.0; 0.0;-;-;1960;-0.1; 0.0; 0.0;-2; 22.9;F;1;29;On;On;Off; 22.1; 21.8;0;0;1203;0;1203;0;1017;0;-
2026/04/23;07:13:24;85;-; 47.70; 0.0;-; 0.0; 0.0; 0.0;-;-;1960;-0.1; 0.0; 0.0;-3; 22.9;F;1;29;On;On;Off; 22.1; 21.8;0;0;1203;0;1203;0;1017;0;-
2026/04/23;07:14:24;85;-; 47.64; 0.0;-; 0.0; 0.0; 0.0;-;-;1960;-0.1; 0.0; 0.0;-3; 22.9;F;1;29;On;On;Off; 22.1; 21.8;0;0;1203;0;1203;0;1017;0;-
2026/04/23;07:15:24;85;-; 47.60; 0.0;-; 0.0; 0.0; 0.0;-;-;1960;-0.1; 0.0; 0.0;-3; 22.9;F;1;29;On;On;Off; 22.1; 21.8;0;0;1203;0;1203;0;1017;0;-
2026/04/23;07:16:24;84;-; 47.54; 0.0;-; 0.0; 0.0; 0.0;-;-;1960;-0.1; 0.0; 0.0;-3; 22.9;F;1;29;On;On;Off; 22.1; 21.8;0;0;1203;0;1203;0;1017;0;-
2026/04/23;07:17:24;84;-; 47.50; 0.0;-; 0.0; 0.0; 0.0;-;-;1960;-0.1; 0.0; 0.0;-3; 22.9;F;1;29;On;On;Off; 22.1; 21.8;0;0;1203;0;1203;0;1017;0;-
2026/04/23;07:18:24;84;-; 47.46; 0.0;-; 0.0; 0.0; 0.0;-;-;1960;-0.1; 0.0; 0.0;-3; 22.9;F;1;29;On;On;Off; 22.1; 21.8;0;0;1203;0;1203;0;1017;0;-
2026/04/23;07:19:24;84;-; 47.44; 0.0;-; 0.0; 0.0; 0.0;-;-;1960;-0.1; 0.0; 0.0;-3; 22.9;F;1;29;On;On;Off; 22.1; 21.8;0;0;1203;0;1203;0;1017;0;-
2026/04/23;07:20:24;84;-; 47.40; 0.0;-; 0.0; 0.0; 0.0;-;-;1960;-0.1; 0.0; 0.0;-3; 22.9;F;1;29;On;On;Off; 22.1; 21.8;0;0;1203;0;1203;0;1017;0;-
2026/04/23;07:21:24;84;-; 47.36; 0.0;-; 0.0; 0.0; 0.0;-;-;1960;-0.1; 0.0; 0.0;-3; 22.9;F;1;29;On;On;Off; 22.1; 21.8;0;0;1203;0;1203;0;1017;0;-
2026/04/23;07:22:23;84;-; 47.30; 0.0;-; 0.0; 0.0; 0.0;-;-;1960;-0.1; 0.0; 0.0;-2; 22.9;F;1;29;On;On;Off; 22.1; 21.8;0;0;1203;0;1203;0;1017;0;-
2026/04/23;07:23:23;84;-; 47.26; 0.0;-; 0.0; 0.0; 0.0;-;-;1960;-0.1; 0.0; 0.0;-3; 22.9;F;1;29;On;On;Off; 22.1; 21.8;0;0;1203;0;1203;0;1017;0;-
2026/04/23;07:24:23;84;-; 47.20; 0.0;-; 0.0; 0.0; 0.0;-;-;1960;-0.1; 0.0; 0.0;-2; 23.0;F;1;29;On;On;Off; 22.1; 21.8;0;0;1203;0;1203;0;1017;0;-
2026/04/23;07:25:23;84;-; 47.16; 0.0;-; 0.0; 0.0; 0.0;-;-;1960;-0.1; 0.0; 0.0;-2; 23.0;F;1;29;On;On;Off; 22.1; 21.8;0;0;1203;0;1203;0;1017;0;-
2026/04/23;07:26:23;83;-; 47.11; 0.0;-; 0.0; 0.0; 0.0;-;-;1960;-0.1; 0.0; 0.0;-3; 23.0;F;1;29;On;On;Off; 22.1; 21.8;0;0;1203;0;1203;0;1017;0;-
2026/04/23;07:27:23;83;-; 47.07; 0.0;-; 0.0; 0.0; 0.0;-;-;1960;-0.1; 0.0; 0.0;-3; 23.0;F;1;29;On;On;Off; 22.1; 21.8;0;0;1203;0;1203;0;1017;0;-
2026/04/23;07:28:23;83;-; 47.01; 0.0;-; 0.0; 0.0; 0.0;-;-;1960;-0.1; 0.0; 0.0;-3; 23.0;F;1;29;On;On;Off; 22.1; 21.8;0;0;1203;0;1203;0;1017;0;-
2026/04/23;07:29:23;83;-; 46.95; 0.0;-; 0.0; 0.0; 0.0;-;-;1960;-0.1; 0.0; 0.0;-3; 23.0;F;1;29;On;On;Off; 22.1; 21.9;0;0;1203;0;1203;0;1017;0;-
2026/04/23;07:30:23;83;-; 46.93; 0.0;-; 0.0; 0.0; 0.0;-;-;1960;-0.1; 0.0; 0.0;-3; 23.0;F;1;29;On;On;Off; 22.1; 21.9;0;0;1203;0;1203;0;1017;0;-
2026/04/23;07:31:23;83;-; 46.87; 0.0;-; 0.0; 0.0; 0.0;-;-;1960;-0.1; 0.0; 0.0;-3; 23.0;F;1;29;On;On;Off; 22.1; 21.8;0;0;1203;0;1203;0;1017;0;-
2026/04/23;07:32:23;83;-; 46.87; 0.0;-; 0.0; 0.0; 0.0;-;-;1960;-0.1; 0.0; 0.0;-2; 23.0;F;1;29;On;On;Off; 22.1; 21.9;0;0;1203;0;1203;0;1017;0;-
2026/04/23;07:33:23;83;-; 46.77; 0.0;-; 0.0; 0.0; 0.0;-;-;1960;-0.1; 0.0; 0.0;-2; 23.0;F;1;29;On;On;Off; 22.1; 21.8;0;0;1203;0;1203;0;1017;0;-
2026/04/23;07:34:23;83;-; 46.71; 0.0;-; 0.0; 0.0; 0.0;-;-;1960;-0.1; 0.0; 0.0;-2; 23.0;F;1;29;On;On;Off; 22.1; 21.8;0;0;1203;0;1203;0;1017;0;-
2026/04/23;07:35:23;83;-; 46.69; 0.0;-; 0.0; 0.0; 0.0;-;-;1960;-0.1; 0.0; 0.0;-2; 23.0;F;1;29;On;On;Off; 22.1; 21.9;0;0;1203;0;1203;0;1017;0;-
2026/04/23;07:36:23;82;-; 46.65; 0.0;-; 0.0; 0.0; 0.0;-;-;1960;-0.1; 0.0; 0.0;-2; 23.0;F;1;29;On;On;Off; 22.1; 21.9;0;0;1203;0;1203;0;1017;0;-
2026/04/23;07:37:23;82;-; 46.81; 0.0;-; 0.0; 0.0; 0.0;-;-;1960;-0.1; 0.0; 0.0;-2; 23.0;F;1;29;On;On;Off; 22.1; 21.9;0;0;1203;0;1203;0;1017;0;-
2026/04/23;07:38:22;82;-; 46.65; 0.0;-; 0.0; 0.0; 0.0;-;-;1960;-0.1; 0.0; 0.0;-2; 23.0;F;1;29;On;On;Off; 22.1; 21.9;0;0;1203;0;1203;0;1017;0;-
2026/04/23;07:39:22;82;-; 46.47; 0.0;-; 0.0; 0.0; 0.0;-;-;1960;-0.1; 0.0; 0.0;-2; 23.0;F;1;29;On;On;Off; 22.1; 21.9;0;0;1203;0;1203;0;1017;0;-
2026/04/23;07:40:22;82;-; 46.75; 0.0;-; 0.0; 0.0; 0.0;-;-;1960;-0.1; 0.0; 0.0;-3; 23.0;F;1;29;On;On;Off; 22.1; 21.9;0;0;1203;0;1203;0;1017;0;-
2026/04/23;07:41:22;82;-; 46.57; 0.0;-; 0.0; 0.0; 0.0;-;-;1960;-0.1; 0.0; 0.0;-3; 23.1;F;1;29;On;On;Off; 22.1; 21.9;0;0;1203;0;1203;0;1017;0;-
2026/04/23;07:42:22;82;-; 46.30; 0.0;-; 0.0; 0.0; 0.0;-;-;1960;-0.1; 0.0; 0.0;-3; 23.1;F;1;29;On;On;Off; 22.1; 21.9;0;0;1203;0;1203;0;1017;0;-
2026/04/23;07:43:22;82;-; 46.26; 0.0;-; 0.0; 0.0; 0.0;-;-;1960;-0.1; 0.0; 0.0;-2; 23.1;F;1;29;On;On;Off; 22.1; 21.9;0;0;1203;0;1203;0;1017;0;-
2026/04/23;07:44:22;81;-; 46.51; 0.0;-; 0.0; 0.0; 0.0;-;-;1960;-0.1; 0.0; 0.0;-3; 23.1;F;1;29;On;On;Off; 22.1; 21.9;0;0;1203;0;1203;0;1017;0;-
2026/04/23;07:45:22;81;-; 45.98; 0.0;-; 0.0; 0.0; 0.0;-;-;1960;-0.1; 0.0; 0.0;-3; 23.1;F;1;29;On;On;Off; 22.1; 21.9;0;0;1203;0;1203;0;1017;0;-
2026/04/23;07:46:22;81;-; 45.92; 0.0;-; 0.0; 0.0; 0.0;-;-;1960;-0.1; 0.0; 0.0;-3; 23.1;F;1;29;On;On;Off; 22.1; 21.9;0;0;1203;0;1203;0;1017;0;-
2026/04/23;07:47:22;81;-; 45.90; 0.0;-; 0.0; 0.0; 0.0;-;-;1960;-0.1; 0.0; 0.0;-2; 23.1;F;1;29;On;On;Off; 22.2; 21.9;0;0;1203;0;1203;0;1017;0;-
2026/04/23;07:48:22;81;-; 45.76; 0.0;-; 0.0; 0.0; 0.0;-;-;1960;-0.1; 0.0; 0.0;-3; 23.1;F;1;29;On;On;Off; 22.2; 21.9;0;0;1203;0;1203;0;1017;0;-
2026/04/23;07:49:22;81;-; 45.68; 0.0;-; 0.0; 0.0; 0.0;-;-;1960;-0.1; 0.0; 0.0;-2; 23.1;F;1;29;On;On;Off; 22.2; 21.9;0;0;1203;0;1203;0;1017;0;-
2026/04/23;07:50:22;81;-; 45.59; 0.0;-; 0.0; 0.0; 0.0;-;-;1960;-0.1; 0.0; 0.0;-3; 23.1;F;1;29;On;On;Off; 22.2; 21.9;0;0;1203;0;1203;0;1017;0;-
2026/04/23;07:51:22;81;-; 45.49; 0.0;-; 0.0; 0.0; 0.0;-;-;1960;-0.1; 0.0; 0.0;-3; 23.1;F;1;29;On;On;Off; 22.2; 21.9;0;0;1203;0;1203;0;1017;0;-
2026/04/23;07:52:22;80;-; 45.41; 0.0;-; 0.0; 0.0; 0.0;-;-;1960;-0.1; 0.0; 0.0;-2; 23.2;F;1;29;On;On;Off; 22.2; 21.9;0;0;1203;0;1203;0;1017;0;-
2026/04/23;07:53:22;80;-; 45.33; 0.0;-; 0.0; 0.0; 0.0;-;-;1960;-0.1; 0.0; 0.0;-3; 23.2;F;1;29;On;On;Off; 22.2; 21.9;0;0;1203;0;1203;0;1017;0;-
2026/04/23;07:54:21;80;-; 45.21; 0.0;-; 0.0; 0.0; 0.0;-;-;1960;-0.1; 0.0; 0.0;-3; 23.2;F;1;29;On;On;Off; 22.2; 21.9;0;0;1203;0;1203;0;1017;0;-
2026/04/23;07:55:21;80;-; 45.13; 0.0;-; 0.0; 0.0; 0.0;-;-;1960;-0.1; 0.0; 0.0;-3; 23.2;F;1;29;On;On;Off; 22.2; 21.9;0;0;1203;0;1203;0;1017;0;-
2026/04/23;07:56:21;80;-; 45.05; 0.0;-; 0.0; 0.0; 0.0;-;-;1960;-0.1; 0.0; 0.0;-3; 23.2;F;1;29;On;On;Off; 22.2; 21.9;0;0;1203;0;1203;0;1017;0;-
2026/04/23;07:57:21;80;-; 44.93; 0.0;-; 0.0; 0.0; 0.0;-;-;1960;-0.1; 0.0; 0.0;-3; 23.2;F;1;29;On;On;Off; 22.2; 21.9;0;0;1203;0;1203;0;1017;0;-
2026/04/23;07:58:21;80;-; 44.82; 0.0;-; 0.0; 0.0; 0.0;-;-;1960;-0.1; 0.0; 0.0;-3; 23.2;F;1;29;On;On;Off; 22.2; 21.9;0;0;1203;0;1203;0;1017;0;-
2026/04/23;07:59:21;79;-; 44.72; 0.0;-; 0.0; 0.0; 0.0;-;-;1960;-0.1; 0.0; 0.0;-3; 23.2;F;1;29;On;On;Off; 22.2; 21.9;0;0;1203;0;1203;0;1017;0;-
2026/04/23;08:00:21;79;-; 44.56; 0.0;-; 0.0; 0.0; 0.0;-;-;1960;-0.1; 0.0; 0.0;-3; 23.2;F;1;29;On;On;Off; 22.2; 21.9;0;0;1203;0;1203;0;1017;0;-
2026/04/23;08:01:21;79;-; 44.46; 0.0;-; 0.0; 0.0; 0.0;-;-;1960;-0.1; 0.0; 0.0;-3; 23.3;F;1;29;On;On;Off; 22.2; 21.9;0;0;1203;0;1203;0;1017;0;-
2026/04/23;08:02:21;79;-; 44.28; 0.0;-; 0.0; 0.0; 0.0;-;-;1960;-0.1; 0.0; 0.0;-3; 23.3;F;1;29;On;On;Off; 22.2; 21.9;0;0;1203;0;1203;0;1017;0;-
2026/04/23;08:03:21;79;-; 44.16; 0.0;-; 0.0; 0.0; 0.0;-;-;1960;-0.1; 0.0; 0.0;-3; 23.3;F;1;29;On;On;Off; 22.2; 21.9;0;0;1203;0;1203;0;1017;0;-
2026/04/23;08:04:21;79;-; 44.01; 0.0;-; 0.0; 0.0; 0.0;-;-;1960;-0.1; 0.0; 0.0;-3; 23.3;F;1;29;On;On;Off; 22.2; 21.9;0;0;1203;0;1203;0;1017;0;-
2026/04/23;08:05:21;79;-; 43.81; 0.0;-; 0.0; 0.0; 0.0;-;-;1960;-0.1; 0.0; 0.0;-2; 23.3;F;1;29;On;On;Off; 22.2; 21.9;0;0;1203;0;1203;0;1017;0;-
2026/04/23;08:06:21;78;-; 43.63; 0.0;-; 0.0; 0.0; 0.0;-;-;1961;-0.1; 0.0; 0.0;-2; 23.3;F;1;29;On;On;Off; 22.2; 21.9;0;0;1203;0;1203;0;1017;0;-
2026/04/23;08:07:21;78;-; 43.43; 0.0;-; 0.0; 0.0; 0.0;-;-;1961;-0.1; 0.0; 0.0;-3; 23.3;F;1;29;On;On;Off; 22.2; 21.9;0;0;1203;0;1203;0;1017;0;-
2026/04/23;08:08:21;78;-; 43.67; 0.0;-; 0.0; 0.0; 0.0;-;-;1961;-0.1; 0.0; 0.0;-3; 23.3;F;1;29;On;On;Off; 22.2; 21.9;0;0;1203;0;1203;0;1017;0;-
2026/04/23;08:09:20;78;-; 42.86; 0.0;-; 0.0; 0.0; 0.0;-;-;1961;-0.1; 0.0; 0.0;-3; 23.3;F;1;29;On;On;Off; 22.2; 21.9;0;0;1203;0;1203;0;1017;0;-
2026/04/23;08:10:20;78;-; 43.45; 0.0;-; 0.0; 0.0; 0.0;-;-;1961;-0.1; 0.0; 0.0;-3; 23.3;F;1;29;On;On;Off; 22.2; 21.9;0;0;1203;0;1203;0;1017;0;-
2026/04/23;08:11:20;78;-; 42.09; 0.0;-; 0.0; 0.0; 0.0;-;-;1961;-0.1; 0.0; 0.0;-2; 23.3;F;1;29;On;On;Off; 22.2; 21.9;0;0;1203;0;1203;0;1017;0;-
2026/04/23;08:12:20;77;-; 42.21; 0.0;-; 0.0; 0.0; 0.0;-;-;1961;-0.1; 0.0; 0.0;-2; 23.3;F;1;29;On;On;Off; 22.2; 21.9;0;0;1203;0;1203;0;1017;0;-
2026/04/23;08:13:20;77;-; 40.61; 0.0;-; 0.0; 0.0; 0.0;-;-;1961;-0.1; 0.0; 0.0;-2; 23.3;F;1;29;On;On;Off; 22.2; 21.9;0;0;1203;0;1203;0;1017;0;-
2026/04/23;08:14:20;77;-; 44.38; 0.0;-; 0.0; 0.0; 0.0;-;-;1961;-0.1; 0.0; 0.0;-2; 23.3;F;1;29;On;On;Off; 22.2; 21.9;0;0;1203;0;1203;0;1017;0;-
2026/04/23;08:15:20;77;-; 44.89; 0.0;-; 0.0; 0.0; 0.0;-;-;1961;-0.1; 0.0; 0.0;-3; 23.3;F;1;29;On;On;Off; 22.2; 21.9;0;0;1203;0;1203;0;1017;0;-
2026/04/23;08:16:20;77;-; 45.21; 0.0;-; 0.0; 0.0; 0.0;-;-;1961;-0.1; 0.0; 0.0;-4; 23.3;F;1;29;On;On;Off; 22.2; 21.9;0;0;1203;0;1203;0;1017;0;-
2026/04/23;08:17:20;76;-; 45.41; 0.0;-; 0.0; 0.0; 0.0;-;-;1961;-0.1; 0.0; 0.0;-4; 23.3;F;1;29;On;On;Off; 22.2; 21.9;0;0;1203;0;1203;0;1017;0;-
2026/04/23;08:18:20;76;-; 45.55; 0.0;-; 0.0; 0.0; 0.0;-;-;1961;-0.1; 0.0; 0.0;-5; 23.2;F;1;29;On;On;Off; 22.2; 21.9;0;0;1203;0;1203;0;1017;0;-
2026/04/23;08:19:20;76;-; 45.70; 0.0;-; 0.0; 0.0; 0.0;-;-;1961;-0.1; 0.0; 0.0;-4; 23.2;F;1;29;On;On;Off; 22.2; 21.9;0;0;1203;0;1203;0;1017;0;-
2026/04/23;08:20:20;76;-; 45.78; 0.0;-; 0.0; 0.0; 0.0;-;-;1961;-0.1; 0.0; 0.0;-5; 23.2;F;1;29;On;On;Off; 22.2; 21.9;0;0;1203;0;1203;0;1017;0;-
2026/04/23;08:21:20;76;-; 45.88; 0.0;-; 0.0; 0.0; 0.0;-;-;1961;-0.1; 0.0; 0.0;-5; 23.1;F;1;29;On;On;Off; 22.2; 21.9;0;0;1203;0;1203;0;1017;0;-
2026/04/23;08:22:20;76;-; 45.96; 0.0;-; 0.0; 0.0; 0.0;-;-;1961;-0.1; 0.0; 0.0;-5; 23.1;F;1;29;On;On;Off; 22.2; 21.9;0;0;1203;0;1203;0;1017;0;-
2026/04/23;08:23:20;76;-; 46.04; 0.0;-; 0.0; 0.0; 0.0;-;-;1961;-0.1; 0.0; 0.0;-5; 23.1;F;1;29;On;On;Off; 22.2; 21.9;0;0;1203;0;1203;0;1017;0;-
2026/04/23;08:24:20;76;-; 46.08; 0.0;-; 0.0; 0.0; 0.0;-;-;1961;-0.1; 0.0; 0.0;-5; 23.1;F;1;29;On;On;Off; 22.2; 21.9;0;0;1203;0;1203;0;1017;0;-
2026/04/23;08:25:19;75;-; 46.14; 0.0;-; 0.0; 0.0; 0.0;-;-;1961;-0.1; 0.0; 0.0;-5; 23.0;F;1;29;On;On;Off; 22.2; 21.9;0;0;1203;0;1203;0;1017;0;-
2026/04/23;08:26:19;75;-; 46.22; 0.0;-; 0.0; 0.0; 0.0;-;-;1961;-0.1; 0.0; 0.0;-5; 23.0;F;1;29;On;On;Off; 22.2; 21.9;0;0;1203;0;1203;0;1017;0;-
2026/04/23;08:27:19;75;-; 46.26; 0.0;-; 0.0; 0.0; 0.0;-;-;1961;-0.1; 0.0; 0.0;-6; 23.0;F;1;29;On;On;Off; 22.2; 21.9;0;0;1203;0;1203;0;1017;0;-
2026/04/23;08:28:19;75;-; 46.30; 0.0;-; 0.0; 0.0; 0.0;-;-;1961;-0.1; 0.0; 0.0;-5; 23.0;F;1;29;On;On;Off; 22.2; 21.9;0;0;1203;0;1203;0;1017;0;-
2026/04/23;08:29:19;75;-; 46.32; 0.0;-; 0.0; 0.0; 0.0;-;-;1961;-0.1; 0.0; 0.0;-5; 22.9;F;1;29;On;On;Off; 22.2; 21.9;0;0;1203;0;1203;0;1017;0;-
2026/04/23;08:30:19;75;-; 46.36; 0.0;-; 0.0; 0.0; 0.0;-;-;1961;-0.1; 0.0; 0.0;-5; 22.9;F;1;29;On;On;Off; 22.2; 21.9;0;0;1203;0;1203;0;1017;0;-
2026/04/23;08:31:19;75;-; 46.39; 0.0;-; 0.0; 0.0; 0.0;-;-;1961;-0.1; 0.0; 0.0;-5; 22.9;F;1;29;On;On;Off; 22.2; 21.9;0;0;1203;0;1203;0;1017;0;-
2026/04/23;08:32:19;75;-; 46.41; 0.0;-; 0.0; 0.0; 0.0;-;-;1961;-0.1; 0.0; 0.0;-5; 22.9;F;1;29;On;On;Off; 22.2; 21.9;0;0;1203;0;1203;0;1017;0;-
2026/04/23;08:33:19;75;-; 46.45; 0.0;-; 0.0; 0.0; 0.0;-;-;1961;-0.1; 0.0; 0.0;-5; 22.9;F;1;29;On;On;Off; 22.2; 21.9;0;0;1203;0;1203;0;1017;0;-
2026/04/23;08:34:19;74;-; 46.47; 0.0;-; 0.0; 0.0; 0.0;-;-;1961;-0.1; 0.0; 0.0;-5; 22.9;F;1;29;On;On;Off; 22.1; 21.9;0;0;1203;0;1203;0;1017;0;-
2026/04/23;08:35:19;74;-; 46.49; 0.0;-; 0.0; 0.0; 0.0;-;-;1961;-0.1; 0.0; 0.0;-5; 22.9;F;1;29;On;On;Off; 22.1; 21.9;0;0;1203;0;1203;0;1017;0;-
2026/04/23;08:36:19;74;-; 46.51; 0.0;-; 0.0; 0.0; 0.0;-;-;1961;-0.1; 0.0; 0.0;-5; 22.8;F;1;29;On;On;Off; 22.1; 21.9;0;0;1203;0;1203;0;1017;0;-
2026/04/23;08:37:19;74;-; 46.51; 0.0;-; 0.0; 0.0; 0.0;-;-;1961;-0.1; 0.0; 0.0;-5; 22.8;F;1;29;On;On;Off; 22.1; 21.9;0;0;1203;0;1203;0;1017;0;-
2026/04/23;08:38:19;74;-; 46.55; 0.0;-; 0.0; 0.0; 0.0;-;-;1961;-0.1; 0.0; 0.0;-5; 22.8;F;1;29;On;On;Off; 22.1; 21.9;0;0;1203;0;1203;0;1017;0;-
2026/04/23;08:39:19;74;-; 46.57; 0.0;-; 0.0; 0.0; 0.0;-;-;1961;-0.1; 0.0; 0.0;-5; 22.8;F;1;29;On;On;Off; 22.1; 21.9;0;0;1203;0;1203;0;1017;0;-
2026/04/23;08:40:19;74;-; 46.59; 0.0;-; 0.0; 0.0; 0.0;-;-;1961;-0.1; 0.0; 0.0;-6; 22.8;F;1;29;On;On;Off; 22.1; 21.9;0;0;1203;0;1203;0;1017;0;-
2026/04/23;08:41:18;74;-; 46.61; 0.0;-; 0.0; 0.0; 0.0;-;-;1961;-0.1; 0.0; 0.0;-6; 22.7;F;1;29;On;On;Off; 22.1; 21.9;0;0;1203;0;1203;0;1017;0;-
2026/04/23;08:42:18;74;-; 46.59; 0.0;-; 0.0; 0.0; 0.0;-;-;1961;-0.1; 0.0; 0.0;-6; 22.7;F;1;29;On;On;Off; 22.1; 21.9;0;0;1203;0;1203;0;1017;0;-
2026/04/23;08:43:18;74;-; 46.63; 0.0;-; 0.0; 0.0; 0.0;-;-;1961;-0.1; 0.0; 0.0;-6; 22.7;F;1;29;On;On;Off; 22.1; 21.9;0;0;1203;0;1203;0;1017;0;-
2026/04/23;08:44:18;73;-; 46.63; 0.0;-; 0.0; 0.0; 0.0;-;-;1961;-0.1; 0.0; 0.0;-6; 22.7;F;1;29;On;On;Off; 22.1; 21.9;0;0;1203;0;1203;0;1017;0;-
2026/04/23;08:45:18;73;-; 46.65; 0.0;-; 0.0; 0.0; 0.0;-;-;1961;-0.2; 0.0; 0.0;-6; 22.7;F;1;29;On;On;Off; 22.1; 21.9;0;0;1203;0;1203;0;1017;0;-
2026/04/23;08:46:18;73;-; 46.67; 0.0;-; 0.0; 0.0; 0.0;-;-;1961;-0.2; 0.0; 0.0;-6; 22.7;F;1;29;On;On;Off; 22.1; 21.8;0;0;1203;0;1203;0;1017;0;-
2026/04/23;08:47:18;73;-; 46.67; 0.0;-; 0.0; 0.0; 0.0;-;-;1961;-0.1; 0.0; 0.0;-6; 22.7;F;1;29;On;On;Off; 22.1; 21.9;0;0;1203;0;1203;0;1017;0;-
2026/04/23;08:48:18;73;-; 46.69; 0.0;-; 0.0; 0.0; 0.0;-;-;1961;-0.1; 0.0; 0.0;-6; 22.7;F;1;29;On;On;Off; 22.1; 21.8;0;0;1203;0;1203;0;1017;0;-
2026/04/23;08:49:18;73;-; 46.69; 0.0;-; 0.0; 0.0; 0.0;-;-;1961;-0.1; 0.0; 0.0;-5; 22.6;F;1;29;On;On;Off; 22.1; 21.8;0;0;1203;0;1203;0;1017;0;-
2026/04/23;08:50:18;73;-; 46.71; 0.0;-; 0.0; 0.0; 0.0;-;-;1961;-0.1; 0.0; 0.0;-6; 22.6;F;1;29;On;On;Off; 22.1; 21.8;0;0;1203;0;1203;0;1017;0;-
2026/04/23;08:51:18;73;-; 46.71; 0.0;-; 0.0; 0.0; 0.0;-;-;1961;-0.1; 0.0; 0.0;-6; 22.6;F;1;29;On;On;Off; 22.1; 21.8;0;0;1203;0;1203;0;1017;0;-
2026/04/23;08:52:18;73;-; 46.73; 0.0;-; 0.0; 0.0; 0.0;-;-;1961;-0.1; 0.0; 0.0;-6; 22.6;F;1;29;On;On;Off; 22.1; 21.8;0;0;1203;0;1203;0;1017;0;-
2026/04/23;08:53:18;73;-; 46.71; 0.0;-; 0.0; 0.0; 0.0;-;-;1961;-0.1; 0.0; 0.0;-6; 22.6;F;1;29;On;On;Off; 22.1; 21.8;0;0;1203;0;1203;0;1017;0;-
2026/04/23;08:54:18;72;-; 46.75; 0.0;-; 0.0; 0.0; 0.0;-;-;1961;-0.1; 0.0; 0.0;-6; 22.6;F;1;29;On;On;Off; 22.1; 21.8;0;0;1203;0;1203;0;1017;0;-
2026/04/23;08:55:18;72;-; 46.75; 0.0;-; 0.0; 0.0; 0.0;-;-;1961;-0.1; 0.0; 0.0;-6; 22.6;F;1;29;On;On;Off; 22.1; 21.8;0;0;1203;0;1203;0;1017;0;-
2026/04/23;08:56:18;72;-; 46.75; 0.0;-; 0.0; 0.0; 0.0;-;-;1961;-0.1; 0.0; 0.0;-6; 22.6;F;1;29;On;On;Off; 22.1; 21.8;0;0;1203;0;1203;0;1017;0;-
2026/04/23;08:57:17;72;-; 46.77; 0.0;-; 0.0; 0.0; 0.0;-;-;1961;-0.2; 0.0; 0.0;-6; 22.6;F;1;29;On;On;Off; 22.1; 21.8;0;0;1203;0;1203;0;1017;0;-
2026/04/23;08:58:17;72;-; 46.77; 0.0;-; 0.0; 0.0; 0.0;-;-;1961;-0.1; 0.0; 0.0;-6; 22.6;F;1;29;On;On;Off; 22.1; 21.8;0;0;1203;0;1203;0;1017;0;-
2026/04/23;08:59:17;72;-; 46.77; 0.0;-; 0.0; 0.0; 0.0;-;-;1961;-0.2; 0.0; 0.0;-6; 22.6;F;1;29;On;On;Off; 22.1; 21.8;0;0;1203;0;1203;0;1017;0;-
2026/04/23;09:00:17;72;-; 46.79; 0.0;-; 0.0; 0.0; 0.0;-;-;1961;-0.2; 0.0; 0.0;-7; 22.6;F;1;29;On;On;Off; 22.1; 21.8;0;0;1203;0;1203;0;1017;0;-
2026/04/23;09:01:17;72;-; 46.79; 0.0;-; 0.0; 0.0; 0.0;-;-;1961;-0.2; 0.0; 0.0;-6; 22.6;F;1;29;On;On;Off; 22.1; 21.8;0;0;1203;0;1203;0;1017;0;-
2026/04/23;09:02:17;72;-; 46.67; 0.0;-; 0.0; 0.0; 0.0;-;-;1961;-0.2; 0.0; 0.0;-7; 22.6;F;1;29;On;On;Off; 22.1; 21.8;0;0;1203;0;1203;0;1017;0;-
2026/04/23;09:03:17;72;-; 44.38; 0.0;-; 0.0; 0.0; 0.0;-;-;1961;-0.2; 0.0; 0.0;-7; 22.6;F;1;29;On;On;Off; 22.1; 21.8;0;0;1203;0;1203;0;1017;0;-
2026/04/23;09:04:17;71;-; 44.13; 0.0;-; 0.0; 0.0; 0.0;-;-;1961;-0.1; 0.0; 0.0;-5; 22.6;F;1;29;On;On;Off; 22.1; 21.8;0;0;1203;0;1203;0;1017;0;-
2026/04/23;09:05:17;71;-; 44.44; 0.0;-; 0.0; 0.0; 0.0;-;-;1961;-0.1; 0.0; 0.0;-5; 22.6;F;1;29;On;On;Off; 22.1; 21.8;0;0;1203;0;1203;0;1017;0;-
2026/04/23;09:06:17;71;-; 43.65; 0.0;-; 0.0; 0.0; 0.0;-;-;1962;-0.1; 0.0; 0.0;-4; 22.7;F;1;29;On;On;Off; 22.1; 21.8;0;0;1203;0;1203;0;1017;0;-
2026/04/23;09:07:17;71;-; 43.55; 0.0;-; 0.0; 0.0; 0.0;-;-;1962;-0.1; 0.0; 0.0;-5; 22.7;F;1;29;On;On;Off; 22.1; 21.8;0;0;1203;0;1203;0;1017;0;-
2026/04/23;09:08:17;71;-; 43.16; 0.0;-; 0.0; 0.0; 0.0;-;-;1962;-0.1; 0.0; 0.0;-5; 22.8;F;1;29;On;On;Off; 22.1; 21.8;0;0;1203;0;1203;0;1017;0;-
2026/04/23;09:09:17;71;-; 42.88; 0.0;-; 0.0; 0.0; 0.0;-;-;1962;-0.1; 0.0; 0.0;-5; 22.8;F;1;29;On;On;Off; 22.1; 21.9;0;0;1203;0;1203;0;1017;0;-
2026/04/23;09:10:17;70;-; 42.49; 0.0;-; 0.0; 0.0; 0.0;-;-;1962;-0.1; 0.0; 0.0;-4; 22.9;F;1;29;On;On;Off; 22.1; 21.9;0;0;1203;0;1203;0;1017;0;-
2026/04/23;09:11:17;70;-; 41.99; 0.0;-; 0.0; 0.0; 0.0;-;-;1962;-0.1; 0.0; 0.0;-4; 22.9;B;1;29;On;On;Off; 22.1; 21.9;0;0;1203;0;1203;0;1017;0;-
2026/04/23;09:12:16;70;-; 41.74; 0.0;-; 0.0; 0.0; 0.0;-;-;1962;-0.1; 0.0; 0.0;-4; 22.9;B;1;29;On;On;Off; 22.1; 21.9;0;0;1203;0;1203;0;1017;0;-
2026/04/23;09:13:16;70;-; 43.00; 0.0;-; 0.0; 0.0; 0.0;-;-;1962;-0.1; 0.0; 0.0;-4; 23.0;B;1;29;On;On;Off; 22.2; 21.9;0;0;1203;0;1203;0;1017;0;-
2026/04/23;09:14:16;70;-; 44.44; 0.0;-; 0.0; 0.0; 0.0;-;-;1962;-0.1; 0.0; 0.0;-4; 23.0;B;1;29;On;On;Off; 22.2; 21.9;0;0;1203;0;1203;0;1017;0;-
2026/04/23;09:15:16;69;-; 44.78; 0.0;-; 0.0; 0.0; 0.0;-;-;1962;-0.1; 0.0; 0.0;-6; 23.0;B;1;29;On;On;Off; 22.2; 21.9;0;0;1203;0;1203;0;1017;0;-
2026/04/23;09:16:16;69;-; 44.97; 0.0;-; 0.0; 0.0; 0.0;-;-;1962;-0.1; 0.0; 0.0;-6; 23.0;B;1;29;On;On;Off; 22.2; 21.9;0;0;1203;0;1203;0;1017;0;-
2026/04/23;09:17:16;69;-; 45.15; 0.0;-; 0.0; 0.0; 0.0;-;-;1962;-0.1; 0.0; 0.0;-6; 23.0;B;1;29;On;On;Off; 22.2; 21.9;0;0;1203;0;1203;0;1017;0;-
2026/04/23;09:18:16;69;-; 45.27; 0.0;-; 0.0; 0.0; 0.0;-;-;1962;-0.1; 0.0; 0.0;-5; 23.0;B;1;29;On;On;Off; 22.2; 21.9;0;0;1203;0;1203;0;1017;0;-
2026/04/23;09:19:16;69;-; 45.37; 0.0;-; 0.0; 0.0; 0.0;-;-;1962;-0.1; 0.0; 0.0;-5; 23.0;B;1;29;On;On;Off; 22.2; 21.9;0;0;1203;0;1203;0;1017;0;-
2026/04/23;09:20:16;69;-; 45.45; 0.0;-; 0.0; 0.0; 0.0;-;-;1962;-0.1; 0.0; 0.0;-5; 23.0;B;1;29;On;On;Off; 22.2; 21.9;0;0;1203;0;1203;0;1017;0;-
2026/04/23;09:21:16;69;-; 45.53; 0.0;-; 0.0; 0.0; 0.0;-;-;1962;-0.1; 0.0; 0.0;-5; 23.0;B;1;29;On;On;Off; 22.2; 21.9;0;0;1203;0;1203;0;1017;0;-
2026/04/23;09:22:16;69;-; 45.57; 0.0;-; 0.0; 0.0; 0.0;-;-;1962;-0.1; 0.0; 0.0;-5; 23.0;B;1;29;On;On;Off; 22.2; 21.9;0;0;1203;0;1203;0;1017;0;-
2026/04/23;09:23:16;68;-; 45.64; 0.0;-; 0.0; 0.0; 0.0;-;-;1962;-0.1; 0.0; 0.0;-6; 23.1;B;1;29;On;On;Off; 22.2; 21.9;0;0;1203;0;1203;0;1017;0;-
2026/04/23;09:24:16;68;-; 45.68; 0.0;-; 0.0; 0.0; 0.0;-;-;1962;-0.1; 0.0; 0.0;-5; 23.1;B;1;29;On;On;Off; 22.2; 21.9;0;0;1203;0;1203;0;1017;0;-
2026/04/23;09:25:16;68;-; 45.70; 0.0;-; 0.0; 0.0; 0.0;-;-;1962;-0.1; 0.0; 0.0;-6; 23.1;B;1;29;On;On;Off; 22.2; 21.9;0;0;1203;0;1203;0;1017;0;-
2026/04/23;09:26:16;68;-; 45.76; 0.0;-; 0.0; 0.0; 0.0;-;-;1962;-0.1; 0.0; 0.0;-6; 23.1;B;1;29;On;On;Off; 22.2; 21.9;0;0;1203;0;1203;0;1017;0;-
2026/04/23;09:27:16;68;-; 45.80; 0.0;-; 0.0; 0.0; 0.0;-;-;1962;-0.1; 0.0; 0.0;-6; 23.1;B;1;29;On;On;Off; 22.2; 21.9;0;0;1203;0;1203;0;1017;0;-
2026/04/23;09:28:15;68;-; 45.84; 0.0;-; 0.0; 0.0; 0.0;-;-;1962;-0.1; 0.0; 0.0;-6; 23.1;B;1;29;On;On;Off; 22.2; 21.9;0;0;1203;0;1203;0;1017;0;-
2026/04/23;09:29:15;68;-; 45.86; 0.0;-; 0.0; 0.0; 0.0;-;-;1962;-0.1; 0.0; 0.0;-6; 23.1;B;1;29;On;On;Off; 22.2; 21.9;0;0;1203;0;1203;0;1017;0;-
2026/04/23;09:30:15;68;-; 45.90; 0.0;-; 0.0; 0.0; 0.0;-;-;1962;-0.1; 0.0; 0.0;-6; 23.1;B;1;29;On;On;Off; 22.2; 22.0;0;0;1203;0;1203;0;1017;0;-
2026/04/23;09:31:15;68;-; 45.92; 0.0;-; 0.0; 0.0; 0.0;-;-;1962;-0.1; 0.0; 0.0;-6; 23.1;B;1;29;On;On;Off; 22.3; 22.0;0;0;1203;0;1203;0;1017;0;-
2026/04/23;09:32:15;67;-; 45.94; 0.0;-; 0.0; 0.0; 0.0;-;-;1962;-0.1; 0.0; 0.0;-6; 23.1;B;1;29;On;On;Off; 22.3; 22.0;0;0;1203;0;1203;0;1017;0;-
2026/04/23;09:33:15;67;-; 45.96; 0.0;-; 0.0; 0.0; 0.0;-;-;1962;-0.2; 0.0; 0.0;-6; 23.1;B;1;29;On;On;Off; 22.3; 22.0;0;0;1203;0;1203;0;1017;0;-
2026/04/23;09:34:15;67;-; 45.98; 0.0;-; 0.0; 0.0; 0.0;-;-;1962;-0.1; 0.0; 0.0;-6; 23.1;B;1;29;On;On;Off; 22.3; 22.0;0;0;1203;0;1203;0;1017;0;-
2026/04/23;09:35:15;67;-; 46.00; 0.0;-; 0.0; 0.0; 0.0;-;-;1962;-0.1; 0.0; 0.0;-6; 23.1;B;1;29;On;On;Off; 22.3; 22.0;0;0;1203;0;1203;0;1017;0;-
2026/04/23;09:36:15;67;-; 43.53; 0.0;-; 0.0; 0.0; 0.0;-;-;1962;-0.1; 0.0; 0.0;-6; 23.1;B;1;29;On;On;Off; 22.3; 22.0;0;0;1203;0;1203;0;1017;0;-
2026/04/23;09:37:15;67;-; 42.94; 0.0;-; 0.0; 0.0; 0.0;-;-;1962;-0.1; 0.0; 0.0;-5; 23.1;B;1;29;On;On;Off; 22.3; 22.0;0;0;1203;0;1203;0;1017;0;-
2026/04/23;09:38:15;67;-; 42.51; 0.0;-; 0.0; 0.0; 0.0;-;-;1962;-0.1; 0.0; 0.0;-3; 23.1;B;1;29;On;On;Off; 22.3; 22.0;0;0;1203;0;1203;0;1017;0;-
2026/04/23;09:39:15;67;-; 43.34; 0.0;-; 0.0; 0.0; 0.0;-;-;1962;-0.1; 0.0; 0.0;-3; 23.1;B;1;29;On;On;Off; 22.3; 22.0;0;0;1203;0;1203;0;1017;0;-
2026/04/23;09:40:15;66;-; 41.30; 0.0;-; 0.0; 0.0; 0.0;-;-;1962;-0.1; 0.0; 0.0;-3; 23.2;B;1;29;On;On;Off; 22.3; 22.0;0;0;1203;0;1203;0;1017;0;-
2026/04/23;09:41:15;66;-; 40.12; 0.0;-; 0.0; 0.0; 0.0;-;-;1962;-0.1; 0.0; 0.0;-4; 23.2;B;1;29;On;On;Off; 22.3; 22.0;0;0;1203;0;1203;0;1017;0;-
2026/04/23;09:42:15;66;-; 44.36; 0.0;-; 0.0; 0.0; 0.0;-;-;1962;-0.1; 0.0; 0.0;-4; 23.2;B;1;29;On;On;Off; 22.3; 22.0;0;0;1203;0;1203;0;1017;0;-
2026/04/23;09:43:15;66;-; 44.07; 0.0;-; 0.0; 0.0; 0.0;-;-;1962;-0.1; 0.0; 0.0;-6; 23.2;B;1;29;On;On;Off; 22.3; 22.0;0;0;1203;0;1203;0;1017;0;-
2026/04/23;09:44:14;66;-; 44.48; 0.0;-; 0.0; 0.0; 0.0;-;-;1962;-0.1; 0.0; 0.0;-5; 23.3;B;1;29;On;On;Off; 22.3; 22.0;0;0;1203;0;1203;0;1017;0;-
2026/04/23;09:45:14;65;-; 44.14; 0.0;-; 0.0; 0.0; 0.0;-;-;1962;-0.2; 0.0; 0.0;-6; 23.3;B;1;29;On;On;Off; 22.3; 22.1;0;0;1203;0;1203;0;1017;0;-
2026/04/23;09:46:14;65;-; 44.46; 0.0;-; 0.0; 0.0; 0.0;-;-;1962;-0.1; 0.0; 0.0;-5; 23.3;B;1;29;On;On;Off; 22.3; 22.1;0;0;1203;0;1203;0;1017;0;-
2026/04/23;09:47:14;65;-; 44.62; 0.0;-; 0.0; 0.0; 0.0;-;-;1962;-0.1; 0.0; 0.0;-6; 23.3;B;1;29;Off;On;Off; 22.3; 22.1;0;0;1203;0;1203;0;1017;0;-
2026/04/23;09:48:14;65;-; 44.76; 0.0;-; 0.0; 0.0; 0.0;-;-;1962;-0.1; 0.0; 0.0;-6; 23.3;B;1;29;Off;On;Off; 22.4; 22.1;0;0;1203;0;1203;0;1017;0;-
2026/04/23;09:49:14;65;-; 44.84; 0.0;-; 0.0; 0.0; 0.0;-;-;1962;-0.1; 0.0; 0.0;-6; 23.3;B;1;29;Off;On;Off; 22.4; 22.1;0;0;1203;0;1203;0;1017;0;-
2026/04/23;09:50:14;65;-; 46.37; 16.2;-; 68.0; 69.8; 754.4; 381.0; 373.5;1962;-0.1; 0.0; 0.0;-6; 23.3;B;1;29;Off;On;Off; 22.8; 22.3;0;0;1203;0;1203;0;1017;1;-
2026/04/23;09:51:14;65;-; 47.64; 20.2;-; 65.9; 68.3; 966.3; 483.1; 483.1;1962; 8.1; 4.3; 4.3;362; 23.3;B;1;29;Off;On;Off; 24.8; 24.3;0;0;1203;0;1203;0;1017;1;-
2026/04/23;09:52:14;65;-; 48.11; 23.4;-; 64.1; 66.4; 1129.7; 555.8; 573.9;1962; 38.4; 19.1; 19.1;1785; 23.3;B;1;29;Off;On;Off; 25.5; 25.1;0;0;1203;0;1203;0;1017;1;-
2026/04/23;10:51:45;65;-; 48.39; 24.9;-; 66.2; 68.5; 1209.4; 607.3; 602.1;1962; 44.7; 22.2; 22.2;2106; 23.3;B;0;-;Off;On;Off; 26.2; 25.7;0;0;1203;0;1203;1;1018;1;-
2026/04/23;10:52:45;66;-; 48.47; 25.9;-; 66.2; 67.3; 1259.1; 627.6; 631.5;1962; 49.3; 24.4; 24.4;2340; 23.3;B;0;-;Off;On;Off; 26.7; 26.2;0;1;1204;1;1204;1;1018;1;-
2026/04/23;10:53:45;66;-; 48.11; 20.3;-; 65.6; 66.5; 978.7; 485.8; 492.9;1962; 51.6; 25.5; 25.5;2455; 23.3;B;0;-;Off;On;Off; 27.0; 26.5;0;1;1204;1;1204;1;1018;1;-
2026/04/23;10:54:45;67;-; 48.23; 22.5;-; 63.5; 67.8; 1087.1; 535.1; 551.9;1962; 47.9; 23.6; 23.6;2276; 23.4;B;0;-;Off;On;Off; 27.2; 26.6;0;2;1205;2;1205;2;1019;1;-
2026/04/23;10:55:45;67;-; 48.39; 24.9;-; 65.8; 69.8; 1209.0; 611.0; 598.0;1962; 41.8; 20.6; 20.6;1977; 23.5;B;0;-;Off;On;Off; 27.4; 26.8;0;2;1205;2;1205;2;1019;1;-
2026/04/23;10:56:45;67;-; 48.51; 25.9;-; 69.4; 67.5; 1258.6; 623.8; 634.9;1962; 41.9; 20.9; 20.9;1984; 23.5;B;0;-;Off;On;Off; 27.9; 27.4;0;2;1205;2;1205;2;1019;1;-
2026/04/23;10:57:45;68;-; 48.59; 26.2;-; 63.5; 63.0; 1276.0; 633.4; 642.6;1962; 50.9; 25.1; 25.1;2422; 23.6;B;0;-;Off;On;Off; 28.3; 27.7;0;3;1206;3;1206;3;1020;1;-
2026/04/23;10:58:45;68;-; 48.60; 26.6;-; 66.8; 66.2; 1294.0; 644.4; 649.6;1962; 52.3; 25.8; 25.8;2495; 23.7;B;0;-;Off;On;Off; 28.7; 28.1;0;3;1206;3;1206;3;1020;1;-
2026/04/23;10:59:45;69;-; 48.76; 28.0;-; 66.8; 67.2; 1369.5; 683.8; 685.8;1962; 53.3; 26.3; 26.3;2547; 23.8;B;0;-;Off;On;Off; 29.1; 28.5;0;4;1207;4;1207;4;1021;1;-
2026/04/23;11:00:45;69;-; 48.35; 19.1;-; 69.0; 67.6; 925.7; 459.6; 466.1;1962; 55.7; 27.4; 27.4;2669; 23.8;B;0;-;Off;On;Off; 29.2; 28.6;0;4;1207;4;1207;4;1021;1;-
2026/04/23;11:01:45;69;-; 48.35; 20.0;-; 67.7; 67.5; 966.6; 482.3; 484.3;1962; 48.0; 23.3; 23.3;2289; 23.9;B;0;-;Off;On;Off; 29.1; 28.5;0;4;1207;4;1207;5;1022;1;-
2026/04/23;11:02:44;70;-; 48.47; 22.0;-; 65.5; 64.9; 1070.0; 532.1; 537.9;1962; 38.7; 19.3; 19.3;1838; 23.9;B;0;-;Off;On;Off; 29.2; 28.6;0;5;1208;5;1208;5;1022;1;-
2026/04/23;11:03:44;70;-; 48.92; 28.1;-; 65.8; 63.5; 1376.7; 689.0; 687.7;1962; 39.5; 19.9; 19.9;1877; 24.0;B;0;-;Off;On;Off; 30.0; 29.4;0;5;1208;5;1208;5;1022;1;-
2026/04/23;11:04:44;71;-; 48.57; 20.7;-; 67.3; 65.1; 1005.8; 501.9; 503.9;1963; 58.7; 28.9; 28.9;2821; 24.0;B;0;-;Off;On;Off; 30.1; 29.5;0;6;1209;6;1209;6;1023;1;-
2026/04/23;11:05:44;71;-; 49.00; 28.3;-; 68.2; 63.7; 1387.5; 691.4; 696.1;1963; 49.3; 24.1; 24.1;2362; 24.1;B;0;-;Off;On;Off; 30.4; 29.8;0;6;1209;6;1209;6;1023;1;-
2026/04/23;11:06:44;72;-; 49.08; 28.2;-; 68.2; 65.1; 1386.4; 687.9; 698.5;1963; 54.8; 27.4; 27.4;2636; 24.1;B;0;-;Off;On;Off; 30.7; 30.2;0;6;1209;6;1209;7;1024;1;-
2026/04/23;11:07:44;72;-; 49.08; 27.4;-; 68.2; 63.8; 1348.7; 671.7; 677.0;1963; 57.2; 28.1; 28.1;2757; 24.2;B;0;-;Off;On;Off; 31.0; 30.4;0;7;1210;7;1210;7;1024;1;-
2026/04/23;11:08:44;72;-; 49.12; 27.3;-; 64.8; 65.0; 1343.9; 665.0; 678.9;1963; 56.2; 27.4; 27.4;2710; 24.2;B;0;-;Off;On;Off; 31.1; 30.6;0;7;1210;7;1210;7;1024;1;-
2026/04/23;11:09:44;73;-; 48.84; 21.6;-; 64.9; 65.1; 1056.5; 522.0; 534.5;1963; 54.7; 27.2; 27.2;2641; 24.3;B;0;-;Off;On;Off; 31.3; 30.7;0;8;1211;8;1211;8;1025;1;-
2026/04/23;11:10:44;73;-; 48.74; 19.7;-; 65.8; 68.5; 962.0; 481.7; 480.4;1963; 53.1; 26.2; 26.2;2564; 24.3;B;0;-;Off;On;Off; 31.2; 30.6;0;8;1211;8;1211;8;1025;1;-
2026/04/23;11:11:44;74;-; 48.92; 22.4;-; 65.8; 65.3; 1095.2; 545.0; 550.2;1963; 42.7; 20.6; 20.6;2047; 24.3;B;0;-;Off;On;Off; 31.1; 30.5;0;9;1212;9;1212;9;1026;1;-
2026/04/23;11:12:44;74;-; 49.28; 28.0;-; 67.4; 65.4; 1384.7; 688.1; 696.7;1963; 34.8; 17.7; 17.7;1666; 24.4;B;0;-;Off;On;Off; 31.5; 30.9;0;9;1212;9;1212;9;1026;1;-
2026/04/23;11:13:44;74;-; 49.32; 27.2;-; 66.3; 64.0; 1344.0; 672.3; 671.6;1963; 50.8; 25.5; 25.5;2454; 24.4;B;0;-;Off;On;Off; 31.9; 31.3;0;9;1212;9;1212;9;1026;1;-
2026/04/23;11:14:44;75;-; 49.12; 22.4;-; 67.4; 65.0; 1100.0; 548.0; 552.0;1963; 55.7; 27.4; 27.4;2702; 24.4;B;0;-;Off;On;Off; 32.0; 31.4;0;10;1213;10;1213;10;1027;1;-
2026/04/23;11:15:44;75;-; 49.39; 27.3;-; 64.5; 68.1; 1350.2; 674.4; 675.8;1963; 50.6; 24.6; 24.6;2447; 24.4;B;0;-;Off;On;Off; 32.0; 31.5;0;10;1213;10;1213;10;1027;1;-
2026/04/23;11:16:44;76;-; 49.47; 27.7;-; 66.7; 67.9; 1372.8; 687.1; 685.7;1963; 49.4; 24.7; 24.7;2390; 24.5;B;0;-;Off;On;Off; 32.4; 31.8;0;11;1214;11;1214;11;1028;1;-
2026/04/23;11:17:43;76;-; 49.53; 27.8;-; 65.0; 66.2; 1378.0; 685.0; 692.9;1963; 55.7; 27.5; 27.5;2709; 24.5;B;0;-;Off;On;Off; 32.5; 32.0;0;11;1214;11;1214;11;1028;1;-
2026/04/23;11:18:43;77;-; 49.59; 28.0;-; 65.4; 65.6; 1393.6; 692.5; 701.1;1963; 56.1; 27.6; 27.6;2729; 24.6;B;0;-;Off;On;Off; 32.7; 32.1;0;11;1214;11;1214;12;1029;1;-
2026/04/23;11:19:43;77;-; 49.55; 26.5;-; 64.7; 64.4; 1315.8; 652.9; 662.9;1963; 56.5; 27.8; 27.8;2754; 24.6;B;0;-;Off;On;Off; 32.8; 32.2;0;12;1215;12;1215;12;1029;1;-
2026/04/23;11:20:43;78;-; 49.57; 26.0;-; 66.4; 65.0; 1293.2; 642.9; 650.2;1963; 54.6; 26.9; 26.9;2659; 24.6;B;0;-;Off;On;Off; 32.9; 32.3;0;12;1215;12;1215;13;1030;1;-
2026/04/23;11:21:43;78;-; 49.73; 28.2;-; 64.9; 66.6; 1403.3; 697.3; 706.0;1963; 52.8; 26.0; 26.0;2575; 24.6;B;0;-;Off;On;Off; 33.0; 32.5;0;13;1216;13;1216;13;1030;1;-
2026/04/23;11:22:43;79;-; 49.77; 27.9;-; 64.9; 64.6; 1392.7; 692.0; 700.7;1963; 54.2; 26.7; 26.7;2647; 24.7;B;0;-;Off;On;Off; 33.2; 32.6;0;13;1216;13;1216;13;1030;1;-
2026/04/23;11:23:43;79;-; 49.83; 27.8;-; 65.0; 65.5; 1389.5; 691.1; 698.4;1963; 55.5; 27.4; 27.4;2715; 24.7;B;0;-;Off;On;Off; 33.4; 32.8;0;14;1217;14;1217;14;1031;1;-
2026/04/23;11:24:43;80;-; 49.75; 26.4;-; 64.9; 64.6; 1318.3; 655.5; 662.8;1963; 56.4; 27.8; 27.8;2762; 24.7;B;0;-;Off;On;Off; 33.3; 32.7;0;14;1217;14;1217;14;1031;1;-
2026/04/23;11:25:43;80;-; 49.93; 28.5;-; 65.4; 64.8; 1427.8; 709.9; 717.9;1963; 49.5; 24.5; 24.5;2417; 24.7;B;0;-;Off;On;Off; 33.6; 33.0;0;15;1218;15;1218;15;1032;1;-
2026/04/23;11:26:43;81;-; 50.01; 28.9;-; 67.0; 64.9; 1447.5; 718.4; 729.1;1963; 57.1; 28.2; 28.2;2799; 24.8;B;0;-;Off;On;Off; 33.8; 33.2;0;15;1218;15;1218;15;1032;1;-
2026/04/23;11:27:43;81;-; 49.99; 27.6;-; 65.2; 64.9; 1382.5; 686.6; 695.9;1963; 58.4; 28.8; 28.8;2871; 24.8;B;0;-;Off;On;Off; 33.9; 33.3;0;16;1219;16;1219;16;1033;1;-
2026/04/23;11:28:43;82;-; 49.65; 21.0;-; 65.4; 66.2; 1045.2; 515.9; 529.3;1963; 55.6; 27.3; 27.3;2730; 24.8;B;0;-;Off;On;Off; 33.8; 33.2;0;16;1219;16;1219;16;1033;1;-
2026/04/23;11:29:43;82;-; 49.79; 22.1;-; 65.0; 64.6; 1103.6; 550.2; 553.5;1963; 49.3; 24.2; 24.2;2414; 24.8;B;0;-;Off;On;Off; 33.8; 33.2;0;16;1219;16;1219;17;1034;1;-
2026/04/23;11:30:43;82;-; 50.08; 28.6;-; 65.3; 65.0; 1435.0; 712.1; 722.9;1963; 48.5; 24.0; 24.0;2375; 24.8;B;0;-;Off;On;Off; 33.9; 33.3;0;17;1220;17;1220;17;1034;1;-
2026/04/23;11:31:43;83;-; 50.22; 29.1;-; 65.5; 65.2; 1463.1; 727.2; 735.9;1963; 51.1; 25.4; 25.4;2507; 24.8;B;0;-;Off;On;Off; 34.3; 33.7;0;17;1220;17;1220;17;1034;1;-
2026/04/23;11:32:42;83;-; 50.28; 28.8;-; 65.6; 65.2; 1452.9; 722.7; 730.1;1963; 59.0; 29.1; 29.1;2912; 24.9;B;0;-;Off;On;Off; 34.4; 33.8;0;18;1221;18;1221;18;1035;1;-
2026/04/23;11:33:42;84;-; 50.34; 28.9;-; 65.6; 65.3; 1459.9; 726.6; 733.3;1963; 58.9; 29.0; 29.0;2908; 24.9;B;0;-;Off;On;Off; 34.5; 33.9;0;18;1221;18;1221;18;1035;1;-
2026/04/23;11:34:42;84;-; 50.38; 29.0;-; 65.8; 65.4; 1465.1; 729.2; 735.9;1963; 58.8; 29.0; 29.0;2909; 24.9;B;0;-;Off;On;Off; 34.7; 34.1;0;19;1222;19;1222;19;1036;1;-
2026/04/23;11:35:42;85;-; 50.42; 29.0;-; 65.8; 65.5; 1466.9; 729.7; 737.2;1963; 58.9; 29.0; 29.0;2916; 25.0;B;0;-;Off;On;Off; 34.8; 34.2;0;19;1222;19;1222;19;1036;1;-
2026/04/23;11:36:42;85;-; 50.46; 29.2;-; 65.9; 65.5; 1477.6; 735.7; 741.8;1963; 59.0; 29.0; 29.0;2922; 25.0;B;0;-;Off;On;Off; 34.9; 34.3;0;20;1223;20;1223;20;1037;1;-
2026/04/23;11:37:42;86;-; 50.52; 29.0;-; 65.9; 65.5; 1465.8; 729.5; 736.3;1963; 59.0; 29.1; 29.1;2929; 25.0;B;0;-;Off;On;Off; 35.0; 34.4;0;20;1223;20;1223;20;1037;1;-
2026/04/23;11:38:42;87;-; 50.56; 29.1;-; 66.0; 65.6; 1471.6; 732.4; 739.2;1963; 59.0; 29.1; 29.1;2932; 25.0;B;0;-;Off;On;Off; 35.1; 34.5;0;21;1224;21;1224;21;1038;1;-
2026/04/23;11:39:42;87;-; 50.62; 29.1;-; 65.9; 65.8; 1477.5; 735.7; 741.8;1963; 58.9; 29.0; 29.0;2927; 25.0;B;0;-;Off;On;Off; 35.2; 34.6;0;21;1224;21;1224;21;1038;1;-
2026/04/23;11:40:42;88;-; 50.66; 29.3;-; 66.1; 65.7; 1485.3; 739.2; 746.0;1963; 59.1; 29.1; 29.1;2938; 25.1;B;0;-;Off;On;Off; 35.3; 34.7;0;22;1225;22;1225;22;1039;1;-
2026/04/23;11:41:42;88;-; 50.70; 29.4;-; 66.1; 65.8; 1491.9; 742.2; 749.7;1963; 59.4; 29.3; 29.3;2958; 25.1;B;0;-;Off;On;Off; 35.4; 34.8;0;22;1225;22;1225;22;1039;1;-
2026/04/23;11:42:42;89;-; 50.76; 29.4;-; 66.3; 65.9; 1493.0; 742.8; 750.2;1963; 59.5; 29.3; 29.3;2968; 25.1;B;0;-;Off;On;Off; 35.5; 34.9;0;23;1226;23;1226;23;1040;1;-
2026/04/23;11:43:42;89;-; 50.78; 29.3;-; 66.3; 65.9; 1493.5; 743.3; 750.2;1963; 59.6; 29.3; 29.3;2972; 25.1;B;0;-;Off;On;Off; 35.6; 35.0;0;23;1226;23;1226;23;1040;1;-
2026/04/23;11:44:42;90;-; 50.82; 29.1;-; 67.6; 66.0; 1483.8; 735.4; 748.4;1963; 59.5; 29.3; 29.3;2972; 25.2;B;0;-;Off;On;Off; 35.7; 35.1;0;24;1227;24;1227;24;1041;1;-
2026/04/23;11:45:42;90;-; 50.89; 29.4;-; 66.4; 66.0; 1499.1; 746.1; 752.9;1963; 59.4; 29.3; 29.3;2969; 25.2;B;0;-;Off;On;Off; 35.8; 35.1;0;24;1227;24;1227;24;1041;1;-
2026/04/23;11:46:42;91;-; 50.91; 29.3;-; 66.5; 66.2; 1497.0; 745.1; 751.9;1963; 59.5; 29.3; 29.3;2975; 25.2;B;0;-;Off;On;Off; 35.9; 35.2;0;25;1228;25;1228;25;1042;1;-
2026/04/23;11:47:41;91;-; 50.97; 29.5;-; 66.5; 66.1; 1508.2; 750.7; 757.5;1963; 59.6; 29.4; 29.4;2985; 25.2;B;0;-;Off;On;Off; 35.9; 35.3;0;25;1228;25;1228;25;1042;1;-
2026/04/23;11:48:41;92;-; 51.03; 29.6;-; 66.5; 66.2; 1515.5; 754.3; 761.2;1963; 59.8; 29.5; 29.5;2997; 25.3;B;0;-;Off;On;Off; 36.1; 35.4;0;26;1229;26;1229;26;1043;1;-
2026/04/23;11:49:41;92;-; 51.07; 29.5;-; 66.5; 67.3; 1510.6; 756.0; 754.6;1963; 60.1; 29.6; 29.6;3015; 25.3;B;0;-;Off;On;Off; 36.1; 35.5;0;26;1229;26;1229;26;1043;1;-
2026/04/23;11:50:41;93;-; 51.11; 29.9;-; 66.6; 66.3; 1530.8; 763.3; 767.5;1963; 60.3; 29.7; 29.7;3025; 25.3;B;0;-;Off;On;Off; 36.2; 35.6;0;26;1229;26;1229;27;1044;1;-
2026/04/23;11:51:41;93;-; 51.17; 30.1;-; 66.7; 66.4; 1540.9; 768.0; 772.9;1963; 60.5; 29.8; 29.8;3037; 25.3;B;0;-;Off;On;Off; 36.3; 35.7;0;27;1230;27;1230;27;1044;1;-
2026/04/23;11:52:41;94;-; 51.23; 30.2;-; 66.8; 66.4; 1550.9; 773.1; 777.9;1963; 60.4; 29.8; 29.8;3038; 25.4;B;0;-;Off;On;Off; 36.4; 35.8;0;27;1230;27;1230;28;1045;1;-
2026/04/23;11:53:41;95;-; 51.29; 30.4;-; 66.9; 66.6; 1561.7; 778.1; 783.6;1963; 61.2; 30.1; 30.1;3080; 25.4;B;0;-;Off;On;Off; 36.5; 35.9;0;28;1231;28;1231;28;1045;1;-
2026/04/23;11:54:41;95;-; 51.33; 30.4;-; 67.0; 67.9; 1562.8; 786.9; 775.9;1963; 61.5; 30.3; 30.3;3102; 25.4;B;0;-;Off;On;Off; 36.6; 36.0;0;28;1231;28;1231;29;1046;1;-
2026/04/23;11:55:41;96;-; 51.41; 30.9;-; 66.9; 66.7; 1590.8; 793.0; 797.8;1963; 62.0; 30.5; 30.5;3129; 25.5;B;0;-;Off;On;Off; 36.7; 36.1;0;29;1232;29;1232;29;1046;1;-
2026/04/23;11:56:41;96;-; 51.47; 31.1;-; 67.2; 66.8; 1602.2; 799.4; 802.9;1963; 62.5; 30.8; 30.8;3159; 25.5;B;0;-;Off;On;Off; 36.8; 36.2;0;30;1233;30;1233;30;1047;1;-
2026/04/23;11:57:41;97;-; 51.39; 28.6;-; 69.5; 67.9; 1471.7; 724.8; 746.9;1963; 62.9; 31.0; 31.0;3181; 25.5;B;0;-;Off;On;Off; 36.9; 36.2;0;30;1233;30;1233;30;1047;1;-
2026/04/23;11:58:41;97;-; 51.55; 31.0;-; 67.3; 66.9; 1600.7; 797.6; 803.1;1963; 61.2; 29.9; 29.9;3095; 25.5;B;0;-;Off;On;Off; 36.9; 36.3;0;31;1234;31;1234;31;1048;1;-
2026/04/23;11:59:41;98;-; 51.56; 30.5;-; 68.7; 67.7; 1575.5; 783.3; 792.2;1963; 61.3; 30.3; 30.3;3103; 25.5;B;0;-;Off;On;Off; 37.0; 36.4;0;31;1234;31;1234;31;1048;1;-
2026/04/23;12:00:41;98;-; 51.64; 31.2;-; 67.3; 67.0; 1614.0; 803.6; 810.5;1963; 62.9; 30.9; 30.9;3189; 25.6;B;0;-;Off;On;Off; 37.1; 36.5;0;32;1235;32;1235;32;1049;1;-
2026/04/23;12:01:40;99;-; 51.70; 31.4;-; 67.6; 67.1; 1629.1; 810.7; 818.4;1963; 63.2; 31.1; 31.1;3209; 25.6;B;0;-;Off;On;Off; 37.2; 36.6;0;32;1235;32;1235;32;1049;1;-
2026/04/23;12:02:40;100;-; 51.72; 31.1;-; 68.2; 67.1; 1613.1; 796.9; 816.3;1963; 63.6; 31.3; 31.3;3233; 25.6;B;0;-;Off;On;Off; 37.3; 36.7;0;33;1236;33;1236;33;1050;1;-
2026/04/23;12:03:40;100;-; 51.80; 31.9;-; 67.7; 67.2; 1657.9; 825.5; 832.4;1963; 63.3; 31.2; 31.2;3220; 25.6;B;0;-;Off;On;Off; 37.4; 36.8;0;33;1236;33;1236;33;1050;1;-
2026/04/23;12:04:40;100;-; 51.86; 32.3;-; 67.7; 67.3; 1675.8; 834.1; 841.7;1964; 64.6; 31.8; 31.8;3290; 25.7;B;0;-;Off;On;Off; 37.5; 36.9;0;34;1237;34;1237;34;1051;1;-
2026/04/23;12:05:40;100;-; 51.94; 32.7;-; 67.8; 67.5; 1699.3; 846.2; 853.1;1964; 65.2; 32.1; 32.1;3325; 25.7;B;0;-;Off;On;Off; 37.6; 37.0;0;34;1237;34;1237;34;1051;1;-
2026/04/23;12:06:40;100;-; 52.00; 33.3;-; 67.9; 67.6; 1734.7; 863.5; 871.2;1964; 66.0; 32.5; 32.5;3368; 25.7;B;0;-;Off;On;Off; 37.7; 37.1;0;35;1238;35;1238;35;1052;1;-
2026/04/23;12:07:40;100;-; 52.10; 34.0;-; 67.9; 67.7; 1777.2; 885.5; 891.8;1964; 67.1; 33.0; 33.0;3426; 25.8;B;0;-;Off;On;Off; 37.9; 37.2;0;35;1238;35;1238;35;1052;1;-
2026/04/23;12:08:40;100;-; 51.84; 28.4;-; 67.8; 67.4; 1475.3; 733.8; 741.5;1964; 68.4; 33.6; 33.6;3498; 25.8;B;0;-;Off;On;Off; 37.8; 37.2;0;36;1239;36;1239;36;1053;1;-
2026/04/23;12:09:40;100;-; 51.82; 28.0;-; 67.6; 67.3; 1454.6; 725.9; 728.7;1964; 63.1; 30.8; 30.8;3222; 25.8;B;0;-;Off;On;Off; 37.6; 37.0;0;36;1239;36;1239;36;1053;1;-
2026/04/23;12:10:40;100;-; 52.08; 31.8;-; 67.8; 67.5; 1661.2; 828.5; 832.7;1964; 57.1; 28.1; 28.1;2910; 25.9;B;0;-;Off;On;Off; 37.7; 37.0;0;37;1240;37;1240;37;1054;1;-
2026/04/23;12:11:40;100;-; 52.10; 30.8;-; 68.0; 67.7; 1610.7; 801.8; 808.8;1964; 60.1; 29.6; 29.6;3071; 25.9;B;0;-;Off;On;Off; 37.8; 37.2;0;37;1240;37;1240;37;1054;1;-
2026/04/23;12:12:40;100;-; 51.76; 23.9;-; 69.6; 67.3; 1241.1; 596.9; 644.2;1964; 62.5; 30.8; 30.8;3200; 25.9;B;0;-;Off;On;Off; 37.6; 37.0;0;38;1241;38;1241;38;1055;1;-
2026/04/23;12:13:40;100;-; 52.12; 30.9;-; 67.9; 67.5; 1612.1; 800.4; 811.6;1964; 55.8; 27.5; 27.5;2846; 26.0;B;0;-;Off;On;Off; 37.8; 37.2;0;38;1241;38;1241;38;1055;1;-
2026/04/23;12:14:40;100;-; 52.18; 30.9;-; 68.1; 67.7; 1615.2; 810.4; 804.8;1964; 60.1; 29.7; 29.7;3077; 26.0;B;0;-;Off;On;Off; 37.9; 37.2;0;39;1242;39;1242;39;1056;1;-
2026/04/23;12:15:40;100;-; 52.30; 31.5;-; 68.3; 68.0; 1650.4; 828.0; 822.4;1964; 59.5; 29.3; 29.3;3049; 26.0;B;0;-;Off;On;Off; 38.0; 37.3;0;39;1242;39;1242;39;1056;1;-
2026/04/23;12:16:39;100;-; 52.51; 35.5;-; 68.6; 68.2; 1867.5; 933.0; 934.4;1964; 62.2; 30.7; 30.7;3194; 26.1;B;0;-;Off;On;Off; 38.2; 37.5;0;40;1243;40;1243;40;1057;1;-
2026/04/23;12:17:39;100;-; 52.28; 29.5;-; 68.2; 67.9; 1546.8; 769.2; 777.6;1964; 67.0; 32.9; 32.9;3449; 26.1;B;0;-;Off;On;Off; 38.3; 37.6;0;40;1243;40;1243;40;1057;1;-
2026/04/23;12:18:39;100;-; 52.41; 31.1;-; 68.3; 68.2; 1635.2; 818.6; 816.5;1964; 65.3; 32.1; 32.1;3365; 26.1;B;0;-;Off;On;Off; 38.3; 37.6;0;41;1244;41;1244;41;1058;1;-
2026/04/23;12:19:39;100;-; 52.06; 25.2;-; 68.0; 67.7; 1311.8; 653.5; 658.3;1964; 64.7; 31.6; 31.6;3332; 26.2;B;0;-;Off;On;Off; 38.0; 37.3;0;41;1244;41;1244;42;1059;1;-
2026/04/23;12:20:39;100;-; 51.96; 23.6;-; 67.8; 67.6; 1226.3; 612.5; 613.9;1964; 52.9; 26.0; 26.0;2709; 26.2;B;0;-;Off;On;Off; 37.5; 36.9;0;42;1245;42;1245;42;1059;1;-
2026/04/23;12:21:39;100;-; 51.72; 18.3;-; 67.4; 67.2; 950.2; 474.1; 476.2;1964; 45.2; 22.3; 22.3;2306; 26.2;B;0;-;Off;On;Off; 37.3; 36.7;0;42;1245;42;1245;42;1059;1;-
2026/04/23;12:22:39;100;-; 51.74; 19.0;-; 68.0; 67.3; 983.6; 489.0; 494.6;1964; 41.0; 20.0; 20.0;2086; 26.2;B;0;-;Off;On;Off; 37.1; 36.5;0;43;1246;43;1246;43;1060;1;-
2026/04/23;12:23:39;100;-; 51.82; 19.7;-; 68.9; 68.6; 1020.6; 509.2; 511.4;1964; 38.8; 19.2; 19.2;1972; 26.2;B;0;-;Off;On;Off; 37.0; 36.4;0;43;1246;43;1246;43;1060;1;-
2026/04/23;12:24:39;100;-; 51.92; 20.9;-; 67.7; 67.6; 1085.5; 540.7; 544.8;1964; 39.6; 19.6; 19.6;2017; 26.2;B;0;-;Off;On;Off; 37.0; 36.4;0;43;1246;43;1246;43;1060;1;-
2026/04/23;12:25:39;100;-; 51.94; 20.8;-; 67.8; 67.6; 1081.5; 539.0; 542.5;1964; 42.7; 21.1; 21.1;2177; 26.3;B;0;-;Off;On;Off; 36.9; 36.3;0;44;1247;44;1247;44;1061;1;-
2026/04/23;12:26:39;100;-; 51.80; 18.0;-; 67.7; 67.4; 936.4; 467.1; 469.3;1964; 41.6; 20.6; 20.6;2125; 26.3;B;0;-;Off;On;Off; 36.7; 36.2;0;44;1247;44;1247;44;1061;1;-
2026/04/23;12:27:39;100;-; 51.86; 19.2;-; 67.7; 67.4; 996.3; 497.1; 499.2;1964; 38.2; 18.8; 18.8;1948; 26.3;B;0;-;Off;On;Off; 36.6; 36.1;0;44;1247;44;1247;44;1061;1;-
2026/04/23;12:28:39;100;-; 52.12; 21.2;-; 68.0; 67.9; 1107.6; 552.8; 554.8;1964; 36.7; 18.3; 18.3;1872; 26.3;B;0;-;Off;On;Off; 36.9; 36.4;0;44;1247;44;1247;45;1062;1;-
2026/04/23;12:29:39;100;-; 53.04; 39.8;-; 69.9; 69.9; 2116.4; 1066.4; 1050.0;1964; 47.2; 23.5; 23.5;2418; 26.3;B;0;-;Off;On;Off; 37.0; 36.4;0;45;1248;45;1248;45;1062;1;-
2026/04/23;12:30:38;100;-; 52.00; 18.8;-; 68.0; 67.7; 978.7; 488.7; 490.0;1964; 57.2; 28.4; 28.4;2951; 26.3;B;0;-;Off;On;Off; 37.2; 36.6;0;45;1248;45;1248;45;1062;1;-
2026/04/23;12:31:38;100;-; 52.18; 21.5;-; 68.2; 67.8; 1123.2; 562.0; 561.3;1964; 51.6; 24.9; 24.9;2656; 26.3;B;0;-;Off;On;Off; 36.7; 36.2;0;46;1249;46;1249;46;1063;1;-
2026/04/23;12:32:38;100;-; 52.14; 20.7;-; 68.1; 67.8; 1082.0; 540.3; 541.7;1964; 40.5; 20.1; 20.1;2073; 26.3;B;0;-;Off;On;Off; 36.7; 36.1;0;46;1249;46;1249;46;1063;1;-
2026/04/23;12:33:38;100;-; 52.31; 21.9;-; 68.5; 67.9; 1145.7; 570.0; 575.7;1964; 41.8; 20.8; 20.8;2145; 26.4;B;0;-;Off;On;Off; 36.8; 36.2;0;46;1249;46;1249;47;1064;1;-
2026/04/23;12:34:38;100;-; 53.32; 39.9;-; 69.6; 69.2; 2133.2; 1071.2; 1061.9;1964; 49.2; 24.5; 24.5;2534; 26.4;B;0;-;Off;On;Off; 37.1; 36.5;0;47;1250;47;1250;47;1064;1;-
2026/04/23;12:35:38;100;-; 53.24; 37.4;-; 69.4; 69.2; 1997.7; 999.6; 998.2;1964; 61.3; 30.3; 30.3;3180; 26.4;B;0;-;Off;On;Off; 37.4; 36.7;0;47;1250;47;1250;47;1064;1;-
2026/04/23;12:36:38;100;-; 52.79; 28.5;-; 68.9; 68.6; 1510.0; 762.1; 747.9;1964; 59.5; 29.1; 29.1;3089; 26.4;B;0;-;Off;On;Off; 37.3; 36.6;0;48;1251;48;1251;48;1065;1;-
2026/04/23;12:39:22;100;-; 52.89; 29.5;-; 71.4; 68.7; 1562.6; 751.9; 810.8;1964; 54.4; 26.7; 26.7;2818; 26.5;B;0;-;Off;On;Off; 37.4; 36.8;0;48;1251;48;1251;48;1065;1;-
2026/04/23;12:40:22;100;-; 52.49; 22.6;-; 69.4; 68.3; 1188.8; 587.7; 601.1;1964; 59.2; 28.8; 28.8;3075; 26.5;B;0;-;Off;On;Off; 37.1; 36.5;0;49;1252;49;1252;49;1066;1;-
2026/04/23;12:41:22;100;-; 52.51; 22.7;-; 69.8; 68.3; 1193.8; 588.4; 605.3;1964; 47.8; 23.4; 23.4;2467; 26.5;B;0;-;Off;On;Off; 36.9; 36.3;0;49;1252;49;1252;49;1066;1;-
2026/04/23;12:42:22;100;-; 52.61; 23.5;-; 68.7; 68.8; 1235.6; 621.3; 614.2;1964; 44.6; 22.1; 22.1;2299; 26.5;B;0;-;Off;On;Off; 37.0; 36.4;0;50;1253;50;1253;50;1067;1;-
2026/04/23;12:43:22;100;-; 52.49; 21.3;-; 68.5; 68.2; 1117.9; 558.6; 559.3;1964; 50.0; 24.5; 24.5;2589; 26.6;B;0;-;Off;On;Off; 36.8; 36.2;0;50;1253;50;1253;50;1067;1;-
2026/04/23;12:44:22;100;-; 52.47; 20.7;-; 68.5; 68.2; 1088.6; 544.3; 544.3;1964; 43.6; 21.4; 21.4;2251; 26.6;B;0;-;Off;On;Off; 36.7; 36.1;0;50;1253;50;1253;50;1067;1;-
2026/04/23;12:45:22;100;-; 51.92; 17.6;-; 72.8; 67.3; 915.6; 399.5; 516.0;1964; 42.7; 21.1; 21.1;2202; 26.6;F;0;-;Off;On;Off; 36.0; 35.3;0;51;1254;51;1254;51;1068;1;-
2026/04/23;12:46:22;100;-; 52.33; 17.8;-; 68.2; 68.1; 936.2; 468.1; 468.1;1964; 31.5; 15.3; 15.3;1616; 26.6;F;0;-;Off;On;Off; 36.2; 35.7;0;51;1254;51;1254;51;1068;1;-
2026/04/23;12:47:22;100;-; 51.68; 0.0;-; 78.1; 78.0; 0.0;-;-;1964; 36.4; 18.0; 18.0;1873; 26.7;OFF;0;-;Off;On;Off; 36.2; 35.7;0;51;1254;51;1254;51;1068;1;-
2026/04/23;12:48:22;100;-; 52.31; 17.3;-; 68.3; 68.1; 905.3; 453.0; 452.3;1964; 30.9; 14.2; 14.2;1584; 26.7;F;0;-;Off;On;Off; 35.9; 35.3;0;51;1254;51;1254;52;1069;1;-
2026/04/23;12:49:22;100;-; 52.33; 17.3;-; 68.4; 68.8; 909.5; 456.9; 452.6;1964; 31.3; 16.5; 16.5;1608; 26.7;F;0;-;Off;On;Off; 36.0; 35.4;0;52;1255;52;1255;52;1069;1;-
2026/04/23;12:50:22;100;-; 52.49; 19.9;-; 68.5; 68.2; 1044.7; 518.8; 525.9;1964; 35.0; 17.3; 17.3;1800; 26.7;F;0;-;Off;On;Off; 35.9; 35.4;0;52;1255;52;1255;52;1069;1;-
2026/04/23;12:51:22;100;-; 52.57; 19.4;-; 68.6; 68.4; 1022.6; 511.0; 511.7;1964; 36.4; 18.1; 18.1;1877; 26.7;F;0;-;Off;On;Off; 36.0; 35.5;0;52;1255;52;1255;52;1069;1;-
2026/04/23;12:52:22;100;-; 52.61; 19.5;-; 73.8; 71.8; 1027.3; 481.8; 545.4;1964; 39.6; 19.6; 19.6;2045; 26.8;F;0;-;Off;On;Off; 36.0; 35.4;0;53;1256;53;1256;53;1070;1;-
2026/04/23;12:53:22;100;-; 52.63; 20.2;-; 68.8; 68.5; 1064.4; 531.5; 532.9;1964; 40.6; 20.2; 20.2;2101; 26.8;F;0;-;Off;On;Off; 36.0; 35.4;0;53;1256;53;1256;53;1070;1;-
2026/04/23;12:54:21;100;-; 52.57; 18.8;-; 68.6; 68.4; 990.2; 494.0; 496.2;1964; 38.8; 19.0; 19.0;2007; 26.8;F;0;-;Off;On;Off; 35.9; 35.3;0;53;1256;53;1256;53;1070;1;-
2026/04/23;12:55:21;100;-; 52.67; 19.6;-; 68.7; 68.5; 1034.4; 515.4; 519.0;1964; 36.9; 18.3; 18.3;1905; 26.8;F;0;-;Off;On;Off; 35.9; 35.3;0;54;1257;54;1257;54;1071;1;-
2026/04/23;12:56:21;100;-; 53.08; 26.7;-; 70.6; 69.8; 1420.8; 697.2; 723.6;1964; 38.5; 19.1; 19.1;1994; 26.8;F;0;-;Off;On;Off; 36.0; 35.4;0;54;1257;54;1257;54;1071;1;-
2026/04/23;12:57:21;100;-; 53.03; 24.6;-; 69.2; 68.8; 1309.5; 651.6; 658.0;1964; 45.0; 22.4; 22.4;2340; 26.8;F;0;-;Off;On;Off; 36.1; 35.5;0;54;1257;54;1257;54;1071;1;-
2026/04/23;12:58:21;100;-; 52.97; 23.0;-; 69.2; 71.5; 1219.1; 634.5; 584.7;1964; 48.1; 23.8; 23.8;2505; 26.9;F;0;-;Off;On;Off; 36.1; 35.5;0;55;1258;55;1258;55;1072;1;-
2026/04/23;12:59:21;100;-; 52.83; 19.5;-; 69.0; 69.8; 1034.0; 522.0; 512.0;1964; 45.6; 22.3; 22.3;2375; 26.9;F;0;-;On;On;Off; 36.0; 35.4;0;55;1258;55;1258;55;1072;1;-
2026/04/23;13:00:21;100;-; 52.89; 20.6;-; 69.1; 68.8; 1089.4; 542.2; 547.2;1964; 41.7; 20.6; 20.6;2166; 26.9;F;0;-;On;On;Off; 35.9; 35.4;0;55;1258;55;1258;56;1073;1;-
2026/04/23;13:01:21;100;-; 52.89; 20.0;-; 69.3; 68.8; 1058.3; 522.0; 536.3;1964; 40.6; 20.2; 20.2;2109; 26.9;F;0;-;On;On;Off; 36.0; 35.4;0;56;1259;56;1259;56;1073;1;-
2026/04/23;13:02:21;100;-; 51.45; 0.2;-; 68.8; 68.9; 8.2; 4.1; 4.1;1964; 42.2; 20.7; 20.7;2195; 26.9;F;0;-;On;On;Off; 35.9; 35.4;0;56;1259;56;1259;56;1073;1;-
2026/04/23;13:03:21;100;-; 51.05; 0.2;-; 69.2; 66.4; 9.5; 4.8; 4.8;1964; 19.9; 9.1; 9.1;1019; 26.9;F;0;-;On;On;Off; 35.5; 35.0;0;56;1259;56;1259;56;1073;1;-
2026/04/23;13:04:21;99;-; 49.30; 0.0;-; 60.9; 60.5; 0.0; 0.0; 0.0;1964;-0.1; 0.2; 0.2;-5; 26.9;F;0;-;On;On;Off; 33.6; 33.1;0;56;1259;56;1259;56;1073;1;-
2026/04/23;13:05:21;99;-; 49.12; 0.0;-; 54.2; 53.5; 0.0; 0.0; 0.0;1964;-0.1; 0.0; 0.0;-3; 27.0;F;0;-;On;On;Off; 32.8; 32.3;0;56;1259;56;1259;56;1073;1;-
2026/04/23;13:06:21;99;-; 50.40; 0.0;-; 46.4; 46.2; 0.0;-;-;1965;-0.0; 0.0; 0.0;-1; 27.0;OFF;0;-;On;On;Off; 32.3; 31.9;0;56;1259;56;1259;56;1073;1;-
2026/04/23;13:07:21;99;-; 49.00; 0.0;-; 40.9; 40.6; 0.0;-;-;1965;-0.1; 0.0; 0.0;-2; 27.0;OFF;0;-;On;On;Off; 31.9; 31.5;0;56;1259;56;1259;56;1073;1;-
2026/04/23;13:08:20;99;-; 48.92; 0.0;-; 36.0; 35.7; 0.0;-;-;1965;-0.0; 0.0; 0.0;-1; 27.0;OFF;0;-;On;On;Off; 31.5; 31.2;0;56;1259;56;1259;56;1073;1;-
2026/04/23;13:09:20;99;-; 48.82; 0.0;-; 32.0; 31.6; 0.0;-;-;1965; 0.0; 0.0; 0.0;0; 27.1;OFF;0;-;On;On;Off; 31.2; 30.8;0;56;1259;56;1259;56;1073;1;-
2026/04/23;13:10:20;99;-; 48.76; 0.0;-; 28.2; 27.7; 0.0;-;-;1965;-0.0; 0.0; 0.0;0; 26.9;OFF;0;-;On;On;Off; 30.9; 30.5;0;56;1259;56;1259;56;1073;1;-
2026/04/23;13:11:20;-;-; 48.68; 0.0;-; 24.9; 24.3; 0.0;-;-;1965;-0.0; 0.0; 0.0;0; 26.7;OFF;0;-;On;On;Off; 30.6; 30.2;0;56;1259;56;1259;56;1073;1;-
2026/04/23;13:12:20;-;-; 48.62; 0.0;-; 21.8; 21.3; 0.0;-;-;1965;-0.0; 0.0; 0.0;0; 26.5;F;0;-;On;On;Off; 30.3; 30.0;0;56;1259;56;1259;56;1073;0;-
2026/04/23;13:13:20;-;-; 49.95; 35.5;-; 65.0; 65.2; 1780.4; 877.1; 903.3;1965;-0.0; 0.0; 0.0;0; 26.4;B;0;-;On;On;Off; 31.0; 30.5;0;56;1259;56;1259;56;1073;1;-
2026/04/23;13:14:20;-;-; 48.53; 0.2;-; 65.2; 63.2; 9.0; 4.5; 4.5;1965; 21.9; 12.7; 12.7;1056; 26.2;B;0;-;On;On;Off; 32.4; 31.9;0;56;1259;56;1259;57;1074;1;-
2026/04/23;13:15:20;-;-; 48.53; 0.0;-; 62.6; 63.1; 1.3; 0.6; 0.6;1965; 7.4; 2.4; 2.4;356; 26.1;B;0;-;On;On;Off; 32.3; 31.9;0;56;1259;56;1259;57;1074;1;-
2026/04/23;13:16:20;-;-; 48.43; 0.0;-; 76.7; 76.6; 0.0; 0.0; 0.0;1965;-0.1; 0.2; 0.2;-5; 26.0;B;0;-;On;On;Off; 30.3; 29.9;0;56;1259;56;1259;57;1074;1;-
2026/04/23;13:17:20;-;-; 49.22; 21.8;-; 64.1; 63.9; 1077.5; 536.1; 541.4;1965;-0.0; 0.0; 0.0;-2; 25.9;F;0;-;On;On;Off; 31.8; 31.3;0;56;1259;56;1259;57;1074;1;-
2026/04/23;13:18:20;-;-; 49.93; 21.5;-; 66.5; 66.0; 1075.0; 535.1; 539.8;1965; 34.2; 17.6; 17.6;1654; 25.8;B;0;-;On;On;Off; 32.4; 31.9;0;57;1260;57;1260;57;1074;1;-
2026/04/23;13:19:20;-;-; 49.26; 21.2;-; 64.3; 64.4; 1047.5; 521.1; 526.4;1965; 42.6; 21.1; 21.1;2119; 25.7;B;0;-;On;On;Off; 32.7; 32.1;0;57;1260;57;1260;57;1074;1;-
2026/04/23;13:20:20;-;-; 51.27; 20.5;-; 67.0; 66.7; 1051.4; 524.0; 527.4;1965; 44.9; 22.1; 22.1;2177; 25.6;B;0;-;On;On;Off; 32.8; 32.3;0;57;1260;57;1260;58;1075;1;-
2026/04/23;13:21:20;-;-; 51.53; 19.6;-; 68.5; 67.0; 1010.3; 496.9; 513.4;1965; 43.1; 21.3; 21.3;2161; 25.6;B;0;-;On;On;Off; 32.9; 32.3;0;58;1261;58;1261;58;1075;1;-
2026/04/23;13:22:19;-;-; 49.69; 23.3;-; 65.2; 64.5; 1158.8; 576.4; 582.4;1965; 41.4; 20.4; 20.4;2095; 25.5;B;0;-;On;On;Off; 33.0; 32.4;0;58;1261;58;1261;58;1075;1;-
2026/04/23;13:23:19;52;-; 52.37; 33.7;-; 69.5; 68.0; 1771.7; 870.0; 901.7;1965; 44.5; 22.1; 22.1;2207; 25.4;B;0;-;Off;On;Off; 33.2; 32.7;0;59;1262;59;1262;59;1076;1;-
2026/04/23;13:24:19;52;-; 52.16; 23.1;-; 67.9; 67.8; 1209.0; 602.4; 606.6;1965; 50.0; 24.8; 24.8;2539; 25.4;B;0;-;Off;On;Off; 33.6; 33.0;0;59;1262;59;1262;59;1076;1;-
2026/04/23;13:25:19;53;-; 52.81; 32.5;-; 69.0; 68.6; 1718.4; 866.3; 852.1;1965; 52.1; 25.7; 25.7;2673; 25.3;B;0;-;Off;On;Off; 33.7; 33.0;0;59;1262;59;1262;60;1077;1;-
2026/04/23;13:26:19;53;-; 52.41; 26.2;-; 68.4; 68.0; 1376.8; 689.8; 687.0;1965; 52.6; 25.8; 25.8;2707; 25.3;F;0;-;Off;On;Off; 33.2; 32.5;0;60;1263;60;1263;60;1077;1;-
2026/04/23;13:27:19;54;-; 52.65; 25.6;-; 68.7; 68.5; 1350.3; 675.5; 674.8;1965; 39.6; 19.4; 19.4;2028; 25.3;B;0;-;Off;On;Off; 33.9; 33.3;0;60;1263;60;1263;60;1077;1;-
2026/04/23;13:28:19;54;-; 52.39; 21.2;-; 68.5; 70.3; 1112.5; 577.0; 535.5;1965; 54.6; 26.7; 26.7;2823; 25.3;B;0;-;Off;On;Off; 33.8; 33.2;0;61;1264;61;1264;61;1078;1;-
2026/04/23;13:29:19;-;-; 52.51; 22.6;-; 68.5; 68.3; 1189.2; 592.9; 596.4;1965; 45.9; 22.5; 22.5;2369; 25.5;B;0;-;Off;On;Off; 33.9; 33.3;0;61;1264;61;1264;61;1078;1;-
2026/04/23;13:30:19;-;-; 52.61; 23.0;-; 68.7; 68.4; 1214.6; 604.8; 609.8;1965; 45.1; 22.3; 22.3;2326; 25.6;B;0;-;On;On;Off; 34.0; 33.4;0;61;1264;61;1264;61;1078;1;-
2026/04/23;13:31:19;-;-; 52.49; 20.5;-; 68.5; 68.2; 1076.1; 537.0; 539.1;1965; 46.9; 23.1; 23.1;2423; 25.7;B;0;-;On;On;Off; 34.0; 33.4;0;62;1265;62;1265;62;1079;1;-
2026/04/23;13:32:19;-;-; 52.49; 19.9;-; 69.5; 69.3; 1044.4; 520.8; 523.6;1965; 42.4; 20.9; 20.9;2190; 25.8;B;0;-;On;On;Off; 34.0; 33.4;0;62;1265;62;1265;62;1079;1;-
2026/04/23;13:33:19;-;-; 52.51; 19.5;-; 68.6; 68.3; 1027.8; 512.5; 515.3;1965; 41.2; 20.4; 20.4;2127; 25.9;B;0;-;On;On;Off; 34.0; 33.4;0;62;1265;62;1265;63;1080;1;-
2026/04/23;13:34:19;-;-; 52.47; 19.1;-; 68.5; 68.2; 1002.1; 498.9; 503.1;1965; 39.8; 19.6; 19.6;2053; 25.9;B;0;-;On;On;Off; 34.1; 33.5;0;63;1266;63;1266;63;1080;1;-
2026/04/23;13:35:19;-;-; 53.64; 37.7;-; 70.0; 69.6; 2025.5; 1017.0; 1008.4;1965; 38.7; 19.2; 19.2;1999; 26.0;B;0;-;On;On;Off; 34.6; 34.1;0;63;1266;63;1266;63;1080;1;-
2026/04/23;13:36:19;-;-; 50.78; 28.4;-; 66.2; 67.4; 1445.2; 719.2; 726.0;1965; 56.7; 28.6; 28.6;2958; 26.1;B;0;-;On;On;Off; 35.0; 34.4;0;64;1267;64;1267;64;1081;1;-
2026/04/23;13:37:18;-;-; 50.38; 27.3;-; 65.7; 66.9; 1381.1; 690.9; 690.2;1965; 61.5; 29.7; 29.7;3121; 26.2;B;0;-;On;On;Off; 34.9; 34.3;0;64;1267;64;1267;64;1081;1;-
2026/04/23;13:38:18;-;-; 50.01; 22.3;-; 65.7; 66.1; 1115.2; 555.9; 559.3;1965; 53.3; 26.2; 26.2;2645; 26.2;B;0;-;On;On;Off; 34.9; 34.3;0;64;1267;64;1267;65;1082;1;-
2026/04/23;13:39:18;-;-; 50.34; 31.0;-; 65.9; 67.0; 1562.6; 787.7; 774.8;1965; 49.9; 24.3; 24.3;2462; 26.4;B;0;-;On;On;Off; 34.8; 34.3;0;65;1268;65;1268;65;1082;1;-
2026/04/23;13:40:18;-;-; 49.63; 18.3;-; 65.2; 64.9; 909.2; 452.9; 456.3;1965; 50.9; 25.1; 25.1;2504; 26.5;B;0;-;On;On;Off; 34.7; 34.1;0;65;1268;65;1268;65;1082;1;-
2026/04/23;13:41:18;39;-; 51.17; 17.7;-; 66.7; 66.5; 909.2; 453.6; 455.6;1965; 39.4; 19.4; 19.4;1927; 26.5;B;0;-;Off;On;Off; 34.6; 34.0;0;66;1269;66;1269;66;1083;1;-
2026/04/23;13:42:18;-;-; 51.86; 17.4;-; 68.6; 67.9; 904.0; 450.3; 453.7;1965; 38.3; 18.9; 18.9;1894; 26.6;B;0;-;On;On;Off; 34.6; 34.0;0;66;1269;66;1269;66;1083;1;-
2026/04/23;13:43:18;-;-; 52.28; 20.5;-; 68.3; 67.9; 1072.0; 534.3; 537.8;1965; 35.4; 17.5; 17.5;1797; 26.6;B;0;-;On;On;Off; 34.6; 34.0;0;66;1269;66;1269;66;1083;1;-
2026/04/23;13:44:18;-;-; 50.14; 22.9;-; 65.9; 65.6; 1148.0; 571.3; 576.7;1965; 38.0; 18.9; 18.9;1944; 26.7;B;0;-;On;On;Off; 34.7; 34.1;0;67;1270;67;1270;67;1084;1;-
2026/04/23;13:45:18;-;-; 49.79; 23.3;-; 65.7; 64.8; 1164.5; 580.9; 583.6;1965; 43.0; 21.3; 21.3;2145; 26.7;B;0;-;On;On;Off; 34.8; 34.2;0;67;1270;67;1270;67;1084;1;-
2026/04/23;13:46:18;-;-; 49.71; 21.9;-; 65.2; 65.6; 1088.8; 539.7; 549.1;1965; 46.4; 22.8; 22.8;2273; 26.7;B;0;-;On;On;Off; 34.8; 34.2;0;67;1270;67;1270;67;1084;1;-
2026/04/23;13:47:18;-;-; 49.73; 22.1;-; 64.8; 65.6; 1102.5; 546.6; 556.0;1965; 45.0; 22.1; 22.1;2198; 26.8;B;0;-;On;On;Off; 34.9; 34.3;0;68;1271;68;1271;68;1085;1;-
2026/04/23;13:48:18;38;-; 51.78; 24.4;-; 69.0; 68.6; 1263.8; 630.5; 633.3;1965; 46.4; 22.9; 22.9;2264; 26.8;B;0;-;Off;On;Off; 35.0; 34.5;0;68;1271;68;1271;68;1085;1;-
2026/04/23;13:49:18;-;-; 52.33; 25.3;-; 69.8; 68.7; 1324.4; 655.5; 668.8;1965; 49.2; 24.2; 24.2;2445; 26.8;B;0;-;Off;On;Off; 35.0; 34.5;0;68;1271;68;1271;69;1086;1;-
2026/04/23;13:50:18;-;-; 52.35; 22.0;-; 68.5; 68.2; 1153.4; 574.9; 578.4;1965; 44.7; 22.0; 22.0;2288; 26.9;B;0;-;On;On;Off; 35.3; 34.7;0;69;1272;69;1272;69;1086;1;-
2026/04/23;13:51:17;-;-; 51.13; 48.2;-; 66.6; 67.9; 2471.7; 1242.7; 1229.0;1965; 50.5; 25.0; 25.0;2609; 26.9;B;0;-;On;On;Off; 35.5; 34.9;0;69;1272;69;1272;69;1086;1;-
2026/04/23;13:52:17;-;-; 50.28; 26.0;-; 66.7; 68.0; 1307.6; 660.2; 647.4;1965; 64.4; 32.4; 32.4;3227; 27.0;B;0;-;On;On;Off; 36.5; 35.8;0;70;1273;70;1273;70;1087;1;-
2026/04/23;13:53:17;-;-; 50.10; 27.3;-; 65.7; 65.4; 1370.4; 680.5; 689.9;1965; 70.9; 34.5; 34.5;3538; 27.0;B;0;-;On;On;Off; 36.7; 36.0;0;70;1273;70;1273;70;1087;1;-
2026/04/23;13:54:17;-;-; 53.32; 37.3;-; 69.6; 69.3; 1991.4; 993.9; 997.5;1965; 70.2; 34.2; 34.2;3485; 27.0;B;0;-;On;On;Off; 36.7; 36.1;0;71;1274;71;1274;71;1088;1;-
2026/04/23;13:55:17;-;-; 53.50; 33.0;-; 71.0; 69.5; 1767.5; 858.2; 909.2;1965; 66.9; 33.0; 33.0;3427; 27.1;B;0;-;On;On;Off; 36.9; 36.3;0;71;1274;71;1274;72;1089;1;-
2026/04/23;13:56:17;-;-; 53.66; 34.3;-; 70.1; 69.6; 1843.9; 924.5; 919.4;1965; 67.3; 32.9; 32.9;3532; 27.1;B;0;-;On;On;Off; 36.9; 36.3;0;72;1275;72;1275;72;1089;1;-
2026/04/23;13:57:17;-;-; 53.40; 29.6;-; 69.7; 69.4; 1584.1; 792.4; 791.7;1965; 63.4; 31.2; 31.2;3330; 27.2;B;0;-;On;On;Off; 37.1; 36.5;0;73;1276;73;1276;73;1090;1;-
2026/04/23;13:58:17;-;-; 53.68; 32.5;-; 70.1; 69.7; 1748.1; 879.1; 869.0;1965; 65.6; 32.2; 32.2;3455; 27.2;B;0;-;On;On;Off; 37.3; 36.6;0;73;1276;73;1276;73;1090;1;-
2026/04/23;13:59:17;-;-; 53.72; 32.1;-; 70.0; 69.7; 1726.3; 871.1; 855.2;1965; 66.4; 32.6; 32.6;3501; 27.2;B;0;-;On;On;Off; 37.4; 36.7;0;74;1277;74;1277;74;1091;1;-
2026/04/23;14:00:17;-;-; 53.66; 31.7;-; 70.1; 69.7; 1701.3; 859.3; 842.0;1965; 64.5; 31.6; 31.6;3400; 27.2;B;0;-;On;On;Off; 37.5; 36.8;0;74;1277;74;1277;74;1091;1;-
2026/04/23;14:01:17;-;-; 53.60; 31.3;-; 69.9; 70.1; 1683.5; 854.3; 829.1;1965; 63.4; 31.2; 31.2;3348; 27.3;B;0;-;On;On;Off; 37.4; 36.7;0;75;1278;75;1278;75;1092;1;-
2026/04/23;14:02:17;-;-; 53.72; 29.1;-; 70.2; 69.8; 1563.4; 784.6; 778.8;1965; 59.3; 28.9; 28.9;3125; 27.3;B;0;-;On;On;Off; 37.6; 36.9;0;75;1278;75;1278;75;1092;1;-
2026/04/23;14:03:17;-;-; 53.83; 32.1;-; 70.0; 70.0; 1733.6; 882.0; 851.6;1965; 62.2; 30.6; 30.6;3288; 27.3;B;0;-;On;On;Off; 37.4; 36.7;0;76;1279;76;1279;76;1093;1;-
2026/04/23;14:04:17;-;-; 53.42; 24.9;-; 69.7; 69.4; 1332.4; 666.9; 665.5;1965; 55.0; 27.0; 27.0;2895; 27.3;B;0;-;On;On;Off; 37.2; 36.6;0;76;1279;76;1279;76;1093;1;-
2026/04/23;14:05:16;-;-; 53.30; 21.2;-; 69.6; 69.4; 1131.0; 569.1; 561.9;1965; 49.2; 24.2; 24.2;2580; 27.4;B;0;-;On;On;Off; 37.3; 36.6;0;76;1279;76;1279;77;1094;1;-
2026/04/23;14:06:16;-;-; 53.62; 25.7;-; 70.0; 70.6; 1379.1; 703.9; 675.1;1966; 51.8; 25.2; 25.2;2723; 27.4;B;0;-;On;On;Off; 37.4; 36.8;0;77;1280;77;1280;77;1094;1;-
2026/04/23;14:07:16;-;-; 53.08; 18.1;-; 69.3; 70.4; 961.7; 502.2; 459.5;1966; 53.7; 26.5; 26.5;2829; 27.4;B;0;-;On;On;Off; 37.0; 36.4;0;77;1280;77;1280;77;1094;1;-
2026/04/23;14:08:16;-;-; 53.42; 23.1;-; 69.8; 69.5; 1237.0; 619.6; 617.4;1966; 41.2; 20.3; 20.3;2154; 27.4;B;0;-;On;On;Off; 37.1; 36.5;0;78;1281;78;1281;78;1095;1;-
2026/04/23;14:09:16;-;-; 53.12; 18.7;-; 69.4; 69.2; 994.1; 497.8; 496.3;1966; 47.1; 23.0; 23.0;2475; 27.4;B;0;-;On;On;Off; 36.8; 36.2;0;78;1281;78;1281;78;1095;1;-
2026/04/23;14:10:16;-;-; 53.10; 17.0;-; 70.6; 70.3; 903.6; 454.7; 449.0;1966; 39.4; 19.4; 19.4;2058; 27.5;B;0;-;On;On;Off; 36.7; 36.1;0;78;1281;78;1281;79;1096;1;-
2026/04/23;14:11:16;-;-; 53.14; 17.3;-; 70.6; 70.4; 920.6; 462.8; 457.8;1966; 38.5; 19.0; 19.0;2015; 27.5;B;0;-;On;On;Off; 36.6; 36.1;0;79;1282;79;1282;79;1096;1;-
2026/04/23;14:12:16;-;-; 53.36; 20.3;-; 69.6; 69.4; 1084.8; 543.5; 541.3;1966; 37.8; 18.7; 18.7;1975; 27.5;B;0;-;On;On;Off; 36.6; 36.0;0;79;1282;79;1282;79;1096;1;-
2026/04/23;14:13:16;-;-; 53.32; 19.3;-; 69.6; 70.2; 1030.4; 525.9; 504.5;1966; 40.4; 20.0; 20.0;2119; 27.5;B;0;-;On;On;Off; 36.5; 36.0;0;79;1282;79;1282;79;1096;1;-
2026/04/23;14:14:16;-;-; 53.32; 18.9;-; 69.6; 69.3; 1009.6; 504.5; 505.2;1966; 38.3; 18.9; 18.9;2006; 27.5;B;0;-;On;On;Off; 36.5; 35.9;0;80;1283;80;1283;80;1097;1;-
2026/04/23;14:15:16;-;-; 53.44; 20.5;-; 69.7; 69.5; 1095.8; 548.3; 547.6;1966; 38.7; 19.1; 19.1;2028; 27.5;B;0;-;On;On;Off; 36.5; 35.9;0;80;1283;80;1283;80;1097;1;-
2026/04/23;14:16:16;-;-; 53.46; 20.2;-; 69.8; 69.5; 1082.6; 541.3; 541.3;1966; 41.4; 20.4; 20.4;2173; 27.5;B;0;-;On;On;Off; 36.5; 35.9;0;80;1283;80;1283;80;1097;1;-
2026/04/23;14:17:16;-;-; 54.05; 27.8;-; 70.5; 70.2; 1504.5; 750.8; 753.7;1966; 40.6; 20.0; 20.0;2133; 27.5;B;0;-;On;On;Off; 36.9; 36.3;0;81;1284;81;1284;81;1098;1;-
2026/04/23;14:18:16;-;-; 53.64; 19.5;-; 70.2; 69.7; 1047.2; 521.1; 526.1;1966; 51.4; 25.5; 25.5;2723; 27.5;B;0;-;On;On;Off; 36.9; 36.3;0;81;1284;81;1284;81;1098;1;-
2026/04/23;14:19:16;-;-; 53.50; 19.3;-; 69.8; 69.6; 1032.0; 514.9; 517.1;1966; 47.4; 23.1; 23.1;2507; 27.5;B;0;-;On;On;Off; 36.5; 35.9;0;81;1284;81;1284;82;1099;1;-
2026/04/23;14:20:15;-;-; 53.56; 19.5;-; 69.9; 69.7; 1043.9; 520.9; 523.0;1966; 38.8; 19.2; 19.2;2041; 27.5;B;0;-;On;On;Off; 36.5; 35.9;0;82;1285;82;1285;82;1099;1;-
2026/04/23;14:21:15;-;-; 53.68; 21.1;-; 70.1; 69.9; 1137.5; 568.0; 569.5;1966; 39.9; 19.7; 19.7;2102; 27.5;B;0;-;On;On;Off; 36.4; 35.8;0;82;1285;82;1285;82;1099;1;-
2026/04/23;14:22:15;-;-; 53.87; 24.4;-; 70.2; 70.0; 1314.8; 650.9; 663.9;1966; 41.2; 20.4; 20.4;2170; 27.5;B;0;-;On;On;Off; 36.4; 35.8;0;82;1285;82;1285;83;1100;1;-
2026/04/23;14:23:15;-;-; 53.64; 19.4;-; 69.9; 69.8; 1042.6; 521.3; 521.3;1966; 43.4; 21.4; 21.4;2292; 27.5;B;0;-;On;On;Off; 36.4; 35.8;0;83;1286;83;1286;83;1100;1;-
2026/04/23;14:24:15;-;-; 53.60; 18.6;-; 69.9; 69.8; 996.5; 498.6; 497.9;1966; 41.0; 20.1; 20.1;2167; 27.5;B;0;-;On;On;Off; 36.3; 35.7;0;83;1286;83;1286;83;1100;1;-
2026/04/23;14:25:15;-;-; 53.62; 18.4;-; 70.9; 71.0; 988.9; 501.6; 487.2;1966; 38.1; 18.8; 18.8;2007; 27.5;B;0;-;On;On;Off; 36.2; 35.7;0;83;1286;83;1286;84;1101;1;-
2026/04/23;14:26:15;-;-; 53.64; 17.7;-; 70.0; 71.0; 951.5; 489.5; 462.1;1966; 38.0; 18.8; 18.8;2002; 27.5;B;0;-;On;On;Off; 36.2; 35.6;0;84;1287;84;1287;84;1101;1;-
2026/04/23;14:27:15;-;-; 53.74; 19.9;-; 70.2; 69.9; 1071.9; 534.5; 537.4;1966; 38.3; 18.8; 18.8;2019; 27.5;B;0;-;On;On;Off; 36.1; 35.5;0;84;1287;84;1287;84;1101;1;-
2026/04/23;14:28:15;-;-; 53.68; 18.3;-; 70.0; 69.7; 981.0; 487.6; 493.4;1966; 37.2; 18.4; 18.4;1961; 27.6;B;0;-;On;On;Off; 36.1; 35.5;0;84;1287;84;1287;85;1102;1;-
2026/04/23;14:29:15;-;-; 53.79; 19.0;-; 70.3; 70.0; 1024.7; 512.7; 512.0;1966; 37.2; 18.4; 18.4;1962; 27.6;B;0;-;On;On;Off; 36.2; 35.6;0;85;1288;85;1288;85;1102;1;-
2026/04/23;14:30:15;-;-; 53.76; 18.3;-; 70.1; 69.9; 982.5; 491.2; 491.2;1966; 41.1; 20.3; 20.3;2176; 27.6;B;0;-;On;On;Off; 36.1; 35.5;0;85;1288;85;1288;85;1102;1;-
2026/04/23;14:31:15;-;-; 53.91; 19.8;-; 71.4; 70.1; 1068.9; 521.1; 547.8;1966; 37.6; 18.6; 18.6;1989; 27.6;B;0;-;On;On;Off; 36.1; 35.5;0;85;1288;85;1288;85;1102;1;-
2026/04/23;14:32:15;-;-; 54.13; 20.6;-; 70.8; 70.4; 1114.7; 555.1; 559.5;1966; 39.8; 19.8; 19.8;2110; 27.6;B;0;-;On;On;Off; 36.5; 35.8;0;86;1289;86;1289;86;1103;1;-
2026/04/23;14:33:15;-;-; 54.47; 25.5;-; 70.9; 70.7; 1393.6; 693.1; 700.4;1966; 49.4; 24.4; 24.4;2639; 27.6;B;0;-;On;On;Off; 36.7; 36.1;0;86;1289;86;1289;86;1103;1;-
2026/04/23;14:34:14;-;-; 54.72; 28.8;-; 72.5; 71.0; 1578.5; 759.1; 819.4;1966; 56.0; 27.7; 27.7;3008; 27.6;B;0;-;On;On;Off; 36.6; 36.0;0;87;1290;87;1290;87;1104;1;-
2026/04/23;14:35:14;-;-; 55.02; 29.4;-; 73.0; 71.5; 1620.4; 779.9; 840.5;1966; 51.5; 25.3; 25.3;2760; 27.6;B;0;-;On;On;Off; 37.1; 36.4;0;87;1290;87;1290;87;1104;1;-
2026/04/23;14:36:14;-;-; 55.04; 28.7;-; 73.2; 71.5; 1581.0; 740.3; 840.8;1966; 61.4; 30.1; 30.1;3322; 27.6;B;0;-;On;On;Off; 37.2; 36.5;0;87;1290;87;1290;88;1105;1;-
2026/04/23;14:37:14;-;-; 54.58; 21.9;-; 71.3; 71.0; 1197.2; 602.3; 594.9;1966; 57.2; 27.7; 27.7;3089; 27.6;B;0;-;On;On;Off; 36.9; 36.3;0;88;1291;88;1291;88;1105;1;-
2026/04/23;14:38:14;-;-; 54.56; 22.9;-; 72.5; 72.1; 1250.6; 631.1; 619.4;1966; 47.3; 23.3; 23.3;2537; 27.6;B;0;-;On;On;Off; 36.7; 36.1;0;88;1291;88;1291;88;1105;1;-
2026/04/23;14:39:14;-;-; 54.27; 16.0;-; 75.3; 75.8; 867.9; 472.2; 395.7;1966; 44.3; 22.2; 22.2;2370; 27.6;B;0;-;On;On;Off; 36.9; 36.3;0;89;1292;89;1292;89;1106;1;-
2026/04/23;14:40:14;-;-; 55.02; 27.4;-; 71.7; 71.4; 1510.1; 758.0; 752.1;1966; 53.0; 26.2; 26.2;2860; 27.6;B;0;-;On;On;Off; 37.1; 36.5;0;89;1292;89;1292;89;1106;1;-
2026/04/23;14:41:14;-;-; 54.29; 17.2;-; 70.9; 70.7; 933.1; 468.8; 464.4;1966; 54.7; 26.4; 26.4;2957; 27.6;B;0;-;On;On;Off; 36.9; 36.3;0;90;1293;90;1293;90;1107;1;-
2026/04/23;14:42:14;-;-; 55.10; 28.7;-; 71.8; 71.5; 1582.5; 800.5; 782.0;1966; 43.7; 21.5; 21.5;2344; 27.6;B;0;-;On;On;Off; 36.9; 36.3;0;90;1293;90;1293;90;1107;1;-
2026/04/23;14:43:14;-;-; 54.60; 23.7;-; 71.2; 71.0; 1293.7; 646.5; 647.2;1966; 49.1; 24.3; 24.3;2641; 27.7;B;0;-;On;On;Off; 36.7; 36.1;0;90;1293;90;1293;90;1107;1;-
2026/04/23;14:44:14;-;-; 54.72; 23.5;-; 71.5; 71.1; 1289.2; 647.9; 641.3;1966; 42.5; 21.0; 21.0;2283; 27.7;B;0;-;On;On;Off; 36.8; 36.2;0;91;1294;91;1294;91;1108;1;-
2026/04/23;14:45:14;-;-; 55.14; 25.0;-; 72.0; 72.7; 1381.8; 749.0; 632.8;1966; 45.8; 22.5; 22.5;2464; 27.7;B;0;-;On;On;Off; 37.0; 36.4;0;91;1294;91;1294;91;1108;1;-
2026/04/23;14:46:14;-;-; 55.12; 25.5;-; 71.9; 71.6; 1406.2; 709.8; 696.5;1966; 51.6; 25.5; 25.5;2793; 27.7;B;0;-;On;On;Off; 37.0; 36.3;0;91;1294;91;1294;92;1109;1;-
2026/04/23;14:47:14;-;-; 55.04; 24.4;-; 71.9; 71.5; 1346.6; 678.5; 668.1;1966; 49.2; 24.2; 24.2;2661; 27.7;B;0;-;On;On;Off; 36.9; 36.3;0;92;1295;92;1295;92;1109;1;-
2026/04/23;14:48:13;-;-; 55.08; 23.8;-; 71.9; 71.6; 1312.3; 662.4; 649.9;1966; 48.0; 23.7; 23.7;2595; 27.7;B;0;-;On;On;Off; 37.0; 36.3;0;92;1295;92;1295;92;1109;1;-
2026/04/23;14:49:13;-;-; 55.20; 25.3;-; 72.0; 71.6; 1401.1; 703.9; 697.2;1966; 48.8; 23.6; 23.6;2643; 27.7;B;0;-;On;On;Off; 36.9; 36.3;0;93;1296;93;1296;93;1110;1;-
2026/04/23;14:50:13;-;-; 55.06; 21.0;-; 71.9; 73.6; 1158.1; 659.2; 498.9;1966; 46.8; 23.3; 23.3;2533; 27.7;B;0;-;On;On;Off; 36.9; 36.3;0;93;1296;93;1296;93;1110;1;-
2026/04/23;14:51:13;-;-; 55.00; 21.6;-; 71.7; 71.5; 1192.4; 598.0; 594.3;1966; 46.8; 23.1; 23.1;2536; 27.7;B;0;-;On;On;Off; 36.9; 36.3;0;93;1296;93;1296;94;1111;1;-
2026/04/23;14:52:13;-;-; 54.94; 21.1;-; 71.6; 72.4; 1163.4; 619.3; 544.1;1966; 44.8; 22.0; 22.0;2426; 27.7;B;0;-;On;On;Off; 36.7; 36.1;0;94;1297;94;1297;94;1111;1;-
2026/04/23;14:53:13;-;-; 55.31; 25.1;-; 72.2; 71.9; 1393.4; 697.4; 695.9;1966; 40.5; 20.0; 20.0;2187; 27.8;B;0;-;On;On;Off; 36.7; 36.1;0;94;1297;94;1297;94;1111;1;-
2026/04/23;14:54:13;-;-; 55.00; 19.8;-; 73.1; 72.8; 1089.3; 545.1; 544.3;1966; 44.0; 21.9; 21.9;2383; 27.8;B;0;-;On;On;Off; 36.8; 36.2;0;95;1298;95;1298;95;1112;1;-
2026/04/23;14:55:13;-;-; 55.33; 23.3;-; 72.2; 71.8; 1291.7; 649.2; 642.5;1966; 44.1; 21.6; 21.6;2391; 27.8;B;0;-;On;On;Off; 36.8; 36.2;0;95;1298;95;1298;95;1112;1;-
2026/04/23;14:56:13;-;-; 55.33; 22.4;-; 72.2; 71.8; 1240.1; 621.2; 619.0;1966; 45.2; 22.2; 22.2;2456; 27.8;B;0;-;On;On;Off; 36.8; 36.2;0;95;1298;95;1298;95;1112;1;-
2026/04/23;14:57:13;-;-; 55.37; 23.1;-; 72.3; 71.9; 1283.0; 643.0; 640.0;1966; 45.1; 22.2; 22.2;2452; 27.8;B;0;-;On;On;Off; 36.8; 36.2;0;96;1299;96;1299;96;1113;1;-
2026/04/23;14:58:13;-;-; 54.92; 15.4;-; 71.7; 71.6; 848.5; 423.1; 425.3;1966; 43.9; 21.7; 21.7;2386; 27.8;B;0;-;On;On;Off; 36.8; 36.2;0;96;1299;96;1299;96;1113;1;-
2026/04/23;14:59:13;-;-; 55.41; 22.4;-; 72.2; 71.9; 1240.7; 616.6; 624.1;1966; 42.5; 20.9; 20.9;2310; 27.8;B;0;-;On;On;Off; 36.7; 36.1;0;96;1299;96;1299;96;1113;1;-
2026/04/23;15:00:13;-;-; 55.37; 22.5;-; 72.2; 71.6; 1246.2; 615.7; 630.6;1966; 43.7; 21.6; 21.6;2378; 27.8;B;0;-;On;On;Off; 36.6; 36.1;0;97;1300;97;1300;97;1114;1;-
2026/04/23;15:01:13;-;-; 55.27; 19.9;-; 72.3; 71.9; 1100.3; 549.8; 550.5;1966; 41.5; 20.5; 20.5;2257; 27.8;B;0;-;On;On;Off; 36.6; 36.0;0;97;1300;97;1300;97;1114;1;-
2026/04/23;15:02:13;-;-; 55.31; 23.8;-; 71.9; 71.6; 1321.1; 663.5; 657.6;1966; 40.4; 19.7; 19.7;2198; 27.7;B;0;-;On;On;Off; 36.3; 35.8;0;97;1300;97;1300;97;1114;1;-
2026/04/23;15:03:12;-;-; 55.51; 20.1;-; 73.7; 72.1; 1117.7; 528.3; 589.4;1966; 34.6; 17.3; 17.3;1871; 27.7;B;0;-;On;On;Off; 36.5; 35.9;0;98;1301;98;1301;98;1115;1;-
2026/04/23;15:04:12;-;-; 55.57; 21.2;-; 72.6; 72.2; 1182.7; 598.4; 584.3;1966; 43.4; 21.4; 21.4;2366; 27.7;B;0;-;On;On;Off; 36.6; 35.9;0;98;1301;98;1301;98;1115;1;-
2026/04/23;15:05:12;-;-; 55.61; 21.1;-; 72.6; 72.3; 1173.1; 597.4; 575.7;1966; 42.6; 21.0; 21.0;2325; 27.7;B;0;-;On;On;Off; 36.5; 35.9;0;98;1301;98;1301;98;1115;1;-
2026/04/23;15:06:12;-;-; 55.47; 17.6;-; 73.8; 72.2; 976.9; 448.2; 528.7;1967; 42.1; 20.8; 20.8;2301; 27.7;B;0;-;On;On;Off; 36.5; 35.9;0;99;1302;99;1302;99;1116;1;-
2026/04/23;15:07:12;-;-; 55.55; 19.3;-; 72.5; 72.2; 1077.1; 547.5; 529.6;1967; 41.1; 20.1; 20.1;2248; 27.7;B;0;-;On;On;Off; 36.4; 35.8;0;99;1302;99;1302;99;1116;1;-
2026/04/23;15:08:12;-;-; 55.67; 20.3;-; 72.7; 72.3; 1134.0; 577.1; 556.9;1967; 40.4; 20.1; 20.1;2208; 27.7;B;0;-;On;On;Off; 36.4; 35.8;0;99;1302;99;1302;99;1116;1;-
2026/04/23;15:09:12;-;-; 55.61; 19.3;-; 72.6; 72.3; 1074.9; 547.9; 527.0;1967; 41.0; 20.2; 20.2;2246; 27.7;B;0;-;On;On;Off; 36.3; 35.7;0;100;1303;100;1303;100;1117;1;-
2026/04/23;15:10:12;-;-; 55.61; 18.1;-; 72.7; 73.6; 1006.3; 558.4; 447.9;1967; 39.2; 19.3; 19.3;2143; 27.7;B;0;-;On;On;Off; 36.3; 35.7;0;100;1303;100;1303;100;1117;1;-
2026/04/23;15:11:12;-;-; 55.81; 20.2;-; 73.0; 72.6; 1127.8; 571.8; 556.0;1967; 39.1; 19.3; 19.3;2139; 27.7;B;0;-;On;On;Off; 36.3; 35.7;0;100;1303;100;1303;100;1117;1;-
2026/04/23;15:12:12;-;-; 55.65; 19.7;-; 72.8; 72.2; 1098.8; 542.3; 556.5;1967; 40.7; 20.1; 20.1;2234; 27.7;B;0;-;On;On;Off; 36.2; 35.6;0;101;1304;101;1304;101;1118;1;-
2026/04/23;15:13:12;-;-; 55.53; 15.8;-; 73.6; 72.2; 880.3; 404.0; 476.3;1967; 38.0; 18.7; 18.7;2080; 27.7;B;0;-;On;On;Off; 36.2; 35.6;0;101;1304;101;1304;101;1118;1;-
2026/04/23;15:14:12;-;-; 55.87; 19.6;-; 73.0; 72.4; 1099.3; 539.2; 560.2;1967; 37.3; 18.2; 18.2;2042; 27.8;B;0;-;On;On;Off; 36.1; 35.5;0;101;1304;101;1304;101;1118;1;-
2026/04/23;15:15:12;-;-; 55.93; 20.1;-; 73.2; 72.8; 1125.6; 572.2; 553.4;1967; 38.9; 19.4; 19.4;2134; 27.9;B;0;-;On;On;Off; 36.2; 35.5;0;102;1305;102;1305;102;1119;1;-
2026/04/23;15:16:12;-;-; 55.91; 18.5;-; 73.0; 72.6; 1036.3; 520.8; 515.5;1967; 39.6; 19.5; 19.5;2175; 27.9;B;0;-;On;On;Off; 36.1; 35.5;0;102;1305;102;1305;102;1119;1;-
2026/04/23;15:17:11;-;-; 56.02; 19.7;-; 73.1; 72.8; 1106.6; 558.2; 548.4;1967; 38.6; 19.0; 19.0;2124; 27.9;B;0;-;On;On;Off; 36.1; 35.5;0;102;1305;102;1305;102;1119;1;-
2026/04/23;15:18:11;-;-; 56.06; 19.3;-; 73.2; 73.0; 1082.9; 547.9; 535.1;1967; 39.0; 19.3; 19.3;2146; 28.0;B;0;-;On;On;Off; 36.1; 35.5;0;103;1306;103;1306;103;1120;1;-
2026/04/23;15:19:11;-;-; 56.04; 18.9;-; 73.2; 72.9; 1058.5; 536.4; 522.1;1967; 38.9; 19.2; 19.2;2142; 28.0;B;0;-;On;On;Off; 36.1; 35.5;0;103;1306;103;1306;103;1120;1;-
2026/04/23;15:20:11;-;-; 56.08; 18.7;-; 73.1; 72.9; 1053.2; 535.2; 517.9;1967; 38.0; 18.7; 18.7;2093; 28.0;B;0;-;On;On;Off; 36.0; 35.4;0;103;1306;103;1306;103;1120;1;-
2026/04/23;15:21:11;-;-; 56.12; 18.8;-; 73.3; 73.1; 1056.5; 534.3; 522.3;1967; 37.4; 18.5; 18.5;2062; 28.1;B;0;-;On;On;Off; 36.0; 35.4;0;104;1307;104;1307;104;1121;1;-
2026/04/23;15:22:11;-;-; 56.16; 18.7;-; 73.3; 73.0; 1049.4; 532.2; 517.2;1967; 37.4; 18.4; 18.4;2060; 28.1;B;0;-;On;On;Off; 36.0; 35.4;0;104;1307;104;1307;104;1121;1;-
2026/04/23;15:23:11;-;-; 55.99; 14.2;-; 74.7; 74.4; 797.8; 405.7; 392.1;1967; 37.2; 18.4; 18.4;2054; 28.1;B;0;-;On;On;Off; 36.0; 35.3;0;104;1307;104;1307;104;1121;1;-
2026/04/23;15:24:11;-;-; 56.22; 18.4;-; 73.5; 73.1; 1034.2; 525.4; 508.8;1967; 36.8; 18.2; 18.2;2033; 28.1;B;0;-;On;On;Off; 35.9; 35.3;0;104;1307;104;1307;105;1122;1;-
2026/04/23;15:25:11;-;-; 56.22; 18.0;-; 73.2; 73.1; 1012.0; 513.9; 498.1;1967; 36.7; 18.1; 18.1;2030; 28.2;B;0;-;On;On;Off; 35.9; 35.3;0;105;1308;105;1308;105;1122;1;-
2026/04/23;15:26:11;-;-; 56.24; 17.7;-; 73.3; 73.2; 998.0; 506.6; 491.5;1967; 36.0; 17.8; 17.8;1987; 28.2;B;0;-;On;On;Off; 35.9; 35.2;0;105;1308;105;1308;105;1122;1;-
2026/04/23;15:27:11;-;-; 56.24; 17.5;-; 73.4; 73.2; 983.7; 502.0; 481.7;1967; 35.4; 17.5; 17.5;1955; 28.2;B;0;-;On;On;Off; 35.8; 35.2;0;105;1308;105;1308;105;1122;1;-
2026/04/23;15:28:11;-;-; 56.26; 17.1;-; 73.4; 73.1; 964.0; 493.0; 471.1;1967; 34.9; 17.2; 17.2;1929; 28.2;B;0;-;On;On;Off; 35.8; 35.1;0;106;1309;106;1309;106;1123;1;-
2026/04/23;15:29:11;-;-; 56.01; 12.6;-; 74.7; 74.4; 706.6; 366.1; 340.5;1967; 34.2; 16.9; 16.9;1891; 28.2;B;0;-;On;On;Off; 35.7; 35.1;0;106;1309;106;1309;106;1123;1;-
2026/04/23;15:30:11;-;-; 56.24; 16.7;-; 73.4; 73.2; 939.1; 481.7; 457.5;1967; 33.7; 16.6; 16.6;1860; 28.2;B;0;-;On;On;Off; 35.7; 35.1;0;106;1309;106;1309;106;1123;1;-
2026/04/23;15:31:10;-;-; 56.20; 15.1;-; 74.6; 73.2; 851.4; 390.6; 460.8;1967; 33.1; 16.4; 16.4;1830; 28.2;B;0;-;On;On;Off; 35.6; 35.0;0;106;1309;106;1309;107;1124;1;-
2026/04/23;15:32:10;-;-; 56.28; 16.1;-; 73.5; 73.3; 910.6; 471.6; 439.1;1967; 32.6; 16.1; 16.1;1802; 28.2;B;0;-;On;On;Off; 35.6; 34.9;0;107;1310;107;1310;107;1124;1;-
2026/04/23;15:33:10;-;-; 56.32; 16.1;-; 73.5; 73.3; 907.2; 469.5; 437.7;1967; 32.3; 16.0; 16.0;1789; 28.2;B;0;-;On;On;Off; 35.5; 34.9;0;107;1310;107;1310;107;1124;1;-
2026/04/23;15:34:10;-;-; 56.22; 13.7;-; 73.5; 74.7; 771.2; 459.6; 311.7;1967; 31.9; 15.8; 15.8;1767; 28.2;B;0;-;On;On;Off; 35.5; 34.8;0;107;1310;107;1310;107;1124;1;-
2026/04/23;15:35:10;-;-; 56.20; 13.2;-; 74.7; 73.4; 745.4; 326.7; 418.7;1967; 31.4; 15.5; 15.5;1739; 28.2;B;0;-;On;On;Off; 35.4; 34.8;0;108;1311;108;1311;108;1125;1;-
2026/04/23;15:36:10;-;-; 56.32; 15.4;-; 73.5; 73.4; 867.4; 445.4; 422.0;1967; 30.9; 15.3; 15.3;1712; 28.3;B;0;-;On;On;Off; 35.4; 34.8;0;108;1311;108;1311;108;1125;1;-
2026/04/23;15:37:10;-;-; 56.38; 15.2;-; 73.6; 73.4; 860.0; 444.4; 415.6;1967; 30.3; 15.0; 15.0;1676; 28.3;B;0;-;On;On;Off; 35.3; 34.7;0;108;1311;108;1311;108;1125;1;-
2026/04/23;15:38:10;-;-; 56.42; 15.0;-; 73.6; 73.3; 847.1; 430.7; 416.4;1967; 30.2; 15.0; 15.0;1673; 28.3;B;0;-;On;On;Off; 35.3; 34.7;0;108;1311;108;1311;108;1125;1;-
2026/04/23;15:39:10;-;-; 56.42; 14.7;-; 73.7; 73.4; 828.5; 422.6; 405.9;1967; 29.9; 14.8; 14.8;1658; 28.3;B;0;-;On;On;Off; 35.3; 34.6;0;109;1312;109;1312;109;1126;1;-
2026/04/23;15:40:10;-;-; 56.48; 15.2;-; 73.7; 73.5; 858.9; 438.9; 420.0;1967; 29.4; 14.5; 14.5;1629; 28.4;B;0;-;On;On;Off; 35.2; 34.6;0;109;1312;109;1312;109;1126;1;-
2026/04/23;15:41:10;-;-; 56.50; 14.7;-; 73.8; 73.6; 832.2; 423.3; 408.9;1967; 29.4; 14.6; 14.6;1628; 28.4;B;0;-;On;On;Off; 35.2; 34.6;0;109;1312;109;1312;109;1126;1;-
2026/04/23;15:42:10;-;-; 56.54; 14.7;-; 73.8; 73.6; 830.5; 422.1; 408.4;1967; 29.4; 14.6; 14.6;1632; 28.4;B;0;-;On;On;Off; 35.1; 34.6;0;109;1312;109;1312;109;1126;1;-
2026/04/23;15:43:10;-;-; 56.04; 10.6;-; 74.9; 73.0; 594.3; 253.5; 340.8;1967; 29.0; 14.4; 14.4;1610; 28.4;B;0;-;On;On;Off; 35.1; 34.5;0;109;1312;109;1312;110;1127;1;-
2026/04/23;15:44:10;-;-; 56.60; 14.8;-; 74.0; 73.7; 839.7; 426.3; 413.4;1967; 25.2; 12.5; 12.5;1395; 28.4;B;0;-;On;On;Off; 35.1; 34.5;0;110;1313;110;1313;110;1127;1;-
2026/04/23;15:45:10;-;-; 56.81; 14.8;-; 74.1; 73.9; 844.6; 428.4; 416.2;1967; 28.4; 14.1; 14.1;1574; 28.4;B;0;-;On;On;Off; 35.1; 34.5;0;110;1313;110;1313;110;1127;1;-
2026/04/23;15:46:09;-;-; 56.81; 14.7;-; 74.2; 74.0; 834.3; 422.5; 411.8;1967; 29.6; 14.7; 14.7;1651; 28.4;B;0;-;On;On;Off; 35.1; 34.5;0;110;1313;110;1313;110;1127;1;-
2026/04/23;15:47:09;-;-; 56.89; 14.8;-; 74.2; 73.9; 845.6; 415.6; 430.1;1967; 29.1; 14.4; 14.4;1622; 28.4;B;0;-;On;On;Off; 35.0; 34.5;0;110;1313;110;1313;111;1128;1;-
2026/04/23;15:48:09;-;-; 56.89; 14.2;-; 74.3; 73.9; 810.2; 408.6; 401.7;1967; 28.6; 14.2; 14.2;1600; 28.4;B;0;-;On;On;Off; 35.0; 34.4;0;111;1314;111;1314;111;1128;1;-
2026/04/23;15:49:09;-;-; 56.89; 14.0;-; 74.2; 74.0; 795.7; 403.2; 392.5;1967; 28.3; 14.0; 14.0;1584; 28.4;B;0;-;On;On;Off; 35.0; 34.4;0;111;1314;111;1314;111;1128;1;-
2026/04/23;15:50:09;-;-; 56.87; 13.5;-; 74.3; 74.1; 766.1; 390.7; 375.4;1967; 27.7; 13.7; 13.7;1546; 28.4;B;0;-;On;On;Off; 34.9; 34.4;0;111;1314;111;1314;111;1128;1;-
2026/04/23;15:51:09;-;-; 56.70; 11.2;-; 75.4; 73.9; 636.2; 254.9; 381.3;1967; 27.2; 13.5; 13.5;1521; 28.4;B;0;-;On;On;Off; 34.9; 34.3;0;111;1314;111;1314;111;1128;1;-
2026/04/23;15:52:09;-;-; 56.95; 13.4;-; 74.3; 74.1; 764.2; 386.7; 377.5;1967; 26.6; 13.2; 13.2;1488; 28.5;B;0;-;On;On;Off; 34.9; 34.3;0;112;1315;112;1315;112;1129;1;-
2026/04/23;15:53:09;-;-; 56.95; 13.0;-; 74.5; 74.2; 741.7; 377.0; 364.7;1967; 26.5; 13.2; 13.2;1484; 28.5;B;0;-;On;On;Off; 34.8; 34.3;0;112;1315;112;1315;112;1129;1;-
2026/04/23;15:54:09;-;-; 56.79; 12.3;-; 74.2; 74.1; 699.8; 354.5; 345.3;1967; 25.9; 12.8; 12.8;1448; 28.5;B;0;-;On;On;Off; 34.8; 34.3;0;112;1315;112;1315;112;1129;1;-
2026/04/23;15:55:09;-;-; 56.14; 9.0;-; 73.4; 73.2; 505.7; 254.7; 250.9;1967; 24.9; 12.3; 12.3;1392; 28.5;B;0;-;On;On;Off; 34.8; 34.2;0;112;1315;112;1315;112;1129;1;-
2026/04/23;15:56:09;-;-; 56.20; 9.5;-; 73.6; 74.7; 533.3; 316.9; 216.5;1967; 19.9; 9.8; 9.8;1100; 28.5;B;0;-;On;On;Off; 34.7; 34.1;0;112;1315;112;1315;112;1129;1;-
2026/04/23;15:57:09;-;-; 56.95; 13.4;-; 74.3; 73.9; 766.7; 383.0; 383.7;1967; 20.0; 10.1; 10.1;1106; 28.5;B;0;-;On;On;Off; 34.7; 34.1;0;113;1316;113;1316;113;1130;1;-
2026/04/23;15:58:09;-;-; 57.13; 12.5;-; 74.6; 74.7; 714.4; 361.8; 352.6;1967; 23.7; 11.8; 11.8;1324; 28.6;B;0;-;On;On;Off; 34.6; 34.1;0;113;1316;113;1316;113;1130;1;-
2026/04/23;15:59:09;-;-; 57.13; 11.8;-; 75.5; 74.4; 676.1; 310.5; 365.6;1967; 24.0; 11.9; 11.9;1342; 28.5;B;0;-;On;On;Off; 34.7; 34.1;0;113;1316;113;1316;113;1130;1;-
2026/04/23;16:00:08;-;-; 57.11; 11.6;-; 74.6; 75.2; 661.6; 371.8; 289.8;1967; 24.3; 12.1; 12.1;1367; 28.6;B;0;-;On;On;Off; 34.6; 34.1;0;113;1316;113;1316;113;1130;1;-
2026/04/23;16:01:08;-;-; 57.13; 11.3;-; 74.6; 75.0; 649.3; 346.5; 302.8;1967; 23.6; 11.7; 11.7;1323; 28.6;B;0;-;On;On;Off; 34.6; 34.1;0;113;1316;113;1316;113;1130;1;-
2026/04/23;16:02:08;-;-; 57.13; 11.1;-; 74.7; 75.0; 633.9; 321.2; 312.8;1967; 23.0; 11.4; 11.4;1293; 28.6;B;0;-;On;On;Off; 34.6; 34.0;0;113;1316;113;1316;114;1131;1;-
2026/04/23;16:03:08;-;-; 57.11; 10.8;-; 75.5; 74.4; 619.4; 256.8; 362.6;1967; 22.5; 11.2; 11.2;1264; 28.6;B;0;-;On;On;Off; 34.6; 34.0;0;114;1317;114;1317;114;1131;1;-
2026/04/23;16:04:08;-;-; 57.13; 10.6;-; 74.6; 75.1; 607.3; 342.0; 265.3;1967; 22.0; 11.0; 11.0;1236; 28.6;B;0;-;On;On;Off; 34.6; 34.0;0;114;1317;114;1317;114;1131;1;-
2026/04/23;16:05:08;-;-; 57.13; 10.4;-; 75.1; 74.6; 594.0; 288.2; 305.8;1967; 21.5; 10.7; 10.7;1209; 28.6;B;0;-;On;On;Off; 34.5; 34.0;0;114;1317;114;1317;114;1131;1;-
2026/04/23;16:06:08;-;-; 57.13; 10.3;-; 74.6; 74.9; 587.1; 331.1; 256.0;1968; 21.1; 10.5; 10.5;1183; 28.7;B;0;-;On;On;Off; 34.5; 34.0;0;114;1317;114;1317;114;1131;1;-
2026/04/23;16:07:08;-;-; 57.11; 10.0;-; 74.9; 74.6; 571.9; 276.7; 295.1;1968; 20.6; 10.3; 10.3;1157; 28.7;B;0;-;On;On;Off; 34.5; 33.9;0;114;1317;114;1317;115;1132;1;-
2026/04/23;16:08:08;-;-; 57.13; 9.7;-; 74.8; 74.5; 557.3; 276.7; 280.5;1968; 20.1; 10.0; 10.0;1131; 28.7;B;0;-;On;On;Off; 34.5; 33.9;0;115;1318;115;1318;115;1132;1;-
2026/04/23;16:09:08;-;-; 57.13; 9.6;-; 74.6; 74.7; 549.8; 279.9; 269.9;1968; 19.7; 9.8; 9.8;1105; 28.7;B;0;-;On;On;Off; 34.4; 33.9;0;115;1318;115;1318;115;1132;1;-
2026/04/23;16:10:08;-;-; 57.13; 9.4;-; 74.6; 75.3; 536.7; 307.5; 229.3;1968; 19.2; 9.6; 9.6;1080; 28.7;B;0;-;On;On;Off; 34.4; 33.9;0;115;1318;115;1318;115;1132;1;-
2026/04/23;16:11:08;-;-; 57.13; 9.1;-; 75.1; 74.9; 518.2; 295.9; 222.3;1968; 18.8; 9.4; 9.4;1056; 28.8;B;0;-;On;On;Off; 34.4; 33.8;0;115;1318;115;1318;115;1132;1;-
2026/04/23;16:12:08;-;-; 57.11; 8.9;-; 75.3; 74.6; 509.0; 246.1; 262.9;1968; 18.4; 9.2; 9.2;1033; 28.8;B;0;-;On;On;Off; 34.3; 33.8;0;115;1318;115;1318;115;1132;1;-
2026/04/23;16:13:08;-;-; 57.11; 8.7;-; 75.5; 74.4; 497.7; 214.7; 282.9;1968; 18.0; 9.0; 9.0;1009; 28.7;B;0;-;On;On;Off; 34.3; 33.8;0;115;1318;115;1318;115;1132;1;-
2026/04/23;16:14:08;-;-; 57.05; 7.4;-; 75.8; 74.8; 421.2; 180.0; 241.2;1968; 17.6; 8.8; 8.8;986; 28.7;B;0;-;On;On;Off; 34.3; 33.8;0;115;1318;115;1318;116;1133;1;-
2026/04/23;16:15:07;-;-; 57.03; 9.7;-; 75.1; 74.1; 552.7; 235.8; 316.9;1968; 16.8; 8.4; 8.4;942; 28.8;B;0;-;On;On;Off; 34.3; 33.8;0;116;1319;116;1319;116;1133;1;-
2026/04/23;16:16:07;-;-; 57.13; 8.3;-; 75.0; 75.2; 472.9; 256.0; 216.9;1968; 16.3; 8.2; 8.2;911; 28.7;B;0;-;On;On;Off; 34.3; 33.7;0;116;1319;116;1319;116;1133;1;-
2026/04/23;16:17:07;-;-; 57.13; 8.0;-; 74.9; 75.5; 457.0; 297.5; 159.5;1968; 16.4; 8.2; 8.2;922; 28.7;B;0;-;On;On;Off; 34.2; 33.7;0;116;1319;116;1319;116;1133;1;-
2026/04/23;16:18:07;-;-; 57.13; 7.8;-; 75.1; 75.4; 445.4; 210.8; 234.6;1968; 16.1; 8.1; 8.1;902; 28.7;B;0;-;On;On;Off; 34.2; 33.7;0;116;1319;116;1319;116;1133;1;-
2026/04/23;16:19:07;-;-; 57.13; 7.7;-; 74.6; 75.9; 437.8; 294.4; 143.4;1968; 15.7; 7.9; 7.9;879; 28.7;B;0;-;On;On;Off; 34.2; 33.7;0;116;1319;116;1319;116;1133;1;-
2026/04/23;16:20:07;-;-; 57.13; 7.4;-; 74.5; 76.4; 421.6; 315.8; 105.8;1968; 15.3; 7.7; 7.7;859; 28.7;B;0;-;On;On;Off; 34.2; 33.6;0;116;1319;116;1319;116;1133;1;-
2026/04/23;16:21:07;-;-; 57.13; 7.3;-; 74.6; 75.3; 418.7; 256.9; 161.8;1968; 15.0; 7.5; 7.5;840; 28.7;B;0;-;On;On;Off; 34.1; 33.6;0;116;1319;116;1319;117;1134;1;-
2026/04/23;16:22:07;-;-; 57.13; 7.1;-; 75.0; 75.6; 405.5; 253.0; 152.5;1968; 14.6; 7.4; 7.4;821; 28.7;B;0;-;On;On;Off; 34.1; 33.6;0;117;1320;117;1320;117;1134;1;-
2026/04/23;16:23:07;-;-; 56.87; 5.3;-; 75.7; 74.0; 304.5; 89.3; 215.2;1968; 14.3; 7.2; 7.2;802; 28.8;B;0;-;On;On;Off; 34.1; 33.6;0;117;1320;117;1320;117;1134;1;-
2026/04/23;16:24:07;-;-; 57.13; 6.8;-; 74.5; 76.2; 391.7; 282.1; 109.6;1968; 13.6; 6.8; 6.8;761; 28.8;B;0;-;On;On;Off; 34.0; 33.6;0;117;1320;117;1320;117;1134;1;-
2026/04/23;16:25:07;-;-; 57.13; 6.8;-; 75.0; 75.8; 388.7; 236.2; 152.6;1968; 13.3; 6.7; 6.7;747; 28.8;B;0;-;On;On;Off; 34.0; 33.6;0;117;1320;117;1320;117;1134;1;-
2026/04/23;16:26:07;-;-; 57.13; 6.6;-; 74.7; 76.6; 374.8; 269.8; 105.0;1968; 13.4; 6.8; 6.8;753; 28.8;B;0;-;On;On;Off; 34.0; 33.6;0;117;1320;117;1320;117;1134;1;-
2026/04/23;16:27:07;-;-; 57.11; 6.3;-; 74.6; 77.0; 362.6; 297.4; 65.2;1968; 13.1; 6.6; 6.6;734; 28.8;B;0;-;On;On;Off; 34.0; 33.5;0;117;1320;117;1320;117;1134;1;-
2026/04/23;16:28:07;-;-; 57.11; 6.2;-; 75.8; 75.7; 357.1; 234.5; 122.6;1968; 12.8; 6.5; 6.5;716; 28.8;B;0;-;On;On;Off; 34.0; 33.5;0;117;1320;117;1320;117;1134;1;-
2026/04/23;16:29:06;-;-; 57.11; 6.3;-; 75.2; 75.8; 357.9; 187.8; 170.1;1968; 12.5; 6.3; 6.3;699; 28.8;B;0;-;On;On;Off; 33.9; 33.5;0;117;1320;117;1320;117;1134;1;-
2026/04/23;16:30:06;-;-; 57.11; 5.9;-; 75.8; 75.6; 340.3; 162.5; 177.8;1968; 12.2; 6.2; 6.2;683; 28.8;B;0;-;On;On;Off; 33.9; 33.4;0;117;1320;117;1320;118;1135;1;-
2026/04/23;16:31:06;-;-; 57.11; 5.8;-; 75.8; 76.5; 333.5; 260.6; 72.8;1968; 11.9; 6.0; 6.0;669; 28.8;B;0;-;On;On;Off; 33.9; 33.4;0;118;1321;118;1321;118;1135;1;-
2026/04/23;16:32:06;-;-; 57.11; 5.7;-; 74.6; 75.8; 325.7; 211.6; 114.2;1968; 11.6; 5.9; 5.9;654; 28.8;B;0;-;On;On;Off; 33.9; 33.4;0;118;1321;118;1321;118;1135;1;-
2026/04/23;16:33:06;-;-; 57.11; 5.9;-; 75.0; 78.1; 335.6; 335.6; 0.0;1968; 11.4; 5.8; 5.8;640; 28.9;B;0;-;On;On;Off; 33.9; 33.4;0;118;1321;118;1321;118;1135;1;-
2026/04/23;16:34:06;-;-; 57.11; 5.6;-; 76.1; 76.6; 318.7; 175.5; 143.3;1968; 11.2; 5.7; 5.7;627; 28.9;B;0;-;On;On;Off; 33.9; 33.4;0;118;1321;118;1321;118;1135;1;-
2026/04/23;16:35:06;-;-; 57.11; 5.4;-; 74.7; 77.4; 310.4; 281.3; 29.1;1968; 10.9; 5.6; 5.6;613; 28.9;B;0;-;On;On;Off; 33.8; 33.4;0;118;1321;118;1321;118;1135;1;-
2026/04/23;16:36:06;-;-; 57.11; 5.3;-; 74.6; 77.1; 305.8; 295.1; 10.7;1968; 10.7; 5.4; 5.4;601; 28.9;B;0;-;On;On;Off; 33.8; 33.3;0;118;1321;118;1321;118;1135;1;-
2026/04/23;16:37:06;-;-; 57.11; 5.2;-; 76.3; 76.6; 297.4; 193.9; 103.5;1968; 10.5; 5.3; 5.3;587; 29.0;B;0;-;On;On;Off; 33.8; 33.3;0;118;1321;118;1321;118;1135;1;-
2026/04/23;16:38:06;-;-; 57.11; 5.1;-; 75.3; 77.4; 293.5; 282.0; 11.5;1968; 10.3; 5.2; 5.2;576; 29.0;B;0;-;On;On;Off; 33.8; 33.3;0;118;1321;118;1321;118;1135;1;-
2026/04/23;16:39:06;-;-; 57.09; 5.0;-; 77.6; 75.3; 284.9; 19.9; 265.0;1968; 10.0; 5.1; 5.1;563; 29.0;B;0;-;On;On;Off; 33.8; 33.3;0;118;1321;118;1321;118;1135;1;-
2026/04/23;16:40:06;-;-; 57.09; 4.7;-; 78.0; 75.5; 271.1; 13.0; 258.1;1968; 9.8; 5.0; 5.0;551; 29.0;B;0;-;On;On;Off; 33.8; 33.3;0;118;1321;118;1321;118;1135;1;-
2026/04/23;16:41:06;-;-; 57.09; 4.9;-; 77.0; 76.1; 277.4; 114.9; 162.4;1968; 9.6; 4.9; 4.9;538; 29.0;B;0;-;On;On;Off; 33.8; 33.3;0;118;1321;118;1321;119;1136;1;-
2026/04/23;16:42:06;-;-; 57.09; 4.6;-; 77.5; 75.6; 262.8; 71.3; 191.6;1968; 9.4; 4.8; 4.8;526; 29.0;B;0;-;On;On;Off; 33.7; 33.3;0;119;1322;119;1322;119;1136;1;-
2026/04/23;16:43:06;-;-; 57.09; 4.6;-; 75.7; 77.1; 261.9; 198.4; 63.6;1968; 9.2; 4.7; 4.7;515; 29.0;B;0;-;On;On;Off; 33.7; 33.2;0;119;1322;119;1322;119;1136;1;-
2026/04/23;16:44:05;-;-; 57.09; 4.6;-; 75.6; 76.9; 265.1; 211.5; 53.6;1968; 9.0; 4.6; 4.6;504; 29.0;B;0;-;On;On;Off; 33.7; 33.2;0;119;1322;119;1322;119;1136;1;-
2026/04/23;16:45:05;-;-; 57.09; 4.5;-; 75.6; 77.2; 256.6; 256.6; 0.0;1968; 8.8; 4.5; 4.5;494; 29.1;B;0;-;On;On;Off; 33.7; 33.2;0;119;1322;119;1322;119;1136;1;-
2026/04/23;16:46:05;-;-; 57.09; 4.3;-; 77.0; 75.5; 245.9; 42.9; 203.0;1968; 8.6; 4.4; 4.4;484; 29.1;B;0;-;On;On;Off; 33.7; 33.2;0;119;1322;119;1322;119;1136;1;-
2026/04/23;16:47:05;-;-; 57.09; 4.2;-; 76.1; 76.7; 242.1; 165.5; 76.6;1968; 8.4; 4.3; 4.3;473; 29.1;B;0;-;On;On;Off; 33.7; 33.1;0;119;1322;119;1322;119;1136;1;-
2026/04/23;16:48:05;-;-; 57.09; 4.1;-; 77.2; 75.4; 236.0; 28.3; 207.7;1968; 8.3; 4.3; 4.3;464; 29.1;B;0;-;On;On;Off; 33.7; 33.1;0;119;1322;119;1322;119;1136;1;-
2026/04/23;16:49:05;-;-; 57.09; 4.0;-; 75.9; 76.8; 227.5; 206.8; 20.6;1968; 8.1; 4.2; 4.2;454; 29.1;B;0;-;On;On;Off; 33.6; 33.1;0;119;1322;119;1322;119;1136;1;-
2026/04/23;16:50:05;-;-; 57.11; 4.0;-; 75.7; 76.9; 229.0; 193.1; 36.0;1968; 7.9; 4.1; 4.1;445; 29.1;B;0;-;On;On;Off; 33.6; 33.1;0;119;1322;119;1322;119;1136;1;-
2026/04/23;16:51:05;-;-; 57.11; 3.8;-; 75.8; 77.1; 217.6; 195.4; 22.2;1968; 7.7; 4.0; 4.0;434; 29.1;B;0;-;On;On;Off; 33.6; 33.1;0;119;1322;119;1322;119;1136;1;-
2026/04/23;16:52:05;-;-; 57.09; 3.8;-; 77.3; 75.4; 216.8; 26.8; 190.0;1968; 7.6; 3.9; 3.9;424; 29.1;B;0;-;On;On;Off; 33.6; 33.1;0;119;1322;119;1322;119;1136;1;-
2026/04/23;16:53:05;-;-; 57.09; 3.6;-; 76.4; 76.9; 206.9; 128.7; 78.1;1968; 7.4; 3.8; 3.8;414; 29.1;B;0;-;On;On;Off; 33.6; 33.1;0;119;1322;119;1322;119;1136;1;-
2026/04/23;16:54:05;-;-; 57.09; 3.6;-; 76.3; 76.4; 206.1; 140.2; 65.9;1968; 7.2; 3.7; 3.7;405; 29.0;B;0;-;On;On;Off; 33.6; 33.0;0;119;1322;119;1322;119;1136;1;-
2026/04/23;16:55:05;-;-; 57.09; 3.6;-; 77.3; 75.5; 203.0; 25.3; 177.7;1968; 7.0; 3.7; 3.7;395; 29.0;B;0;-;On;On;Off; 33.6; 33.0;0;119;1322;119;1322;120;1137;1;-
2026/04/23;16:56:05;-;-; 57.09; 3.5;-; 75.2; 75.1; 197.6; 137.9; 59.7;1968; 6.9; 3.6; 3.6;386; 29.0;B;0;-;On;On;Off; 33.6; 33.0;0;119;1322;119;1322;120;1137;1;-
2026/04/23;16:57:05;-;-; 57.09; 3.5;-; 74.6; 74.3; 200.7; 102.7; 98.1;1968; 6.7; 3.5; 3.5;377; 29.0;B;0;-;On;On;Off; 33.5; 33.0;0;120;1323;120;1323;120;1137;1;-
2026/04/23;16:58:05;-;-; 57.11; 3.4;-; 76.2; 74.5; 196.9; 42.9; 154.0;1968; 6.6; 3.4; 3.4;368; 29.0;B;0;-;On;On;Off; 33.5; 33.0;0;120;1323;120;1323;120;1137;1;-
2026/04/23;16:59:04;-;-; 57.11; 3.3;-; 74.8; 75.5; 191.5; 129.5; 62.1;1968; 6.4; 3.3; 3.3;357; 29.0;B;0;-;On;On;Off; 33.4; 32.9;0;120;1323;120;1323;120;1137;1;-
2026/04/23;17:00:04;-;-; 56.87; 4.0;-; 74.3; 74.4; 227.4; 119.8; 107.6;1968; 6.3; 3.3; 3.3;350; 29.0;B;0;-;On;On;Off; 33.4; 32.9;0;120;1323;120;1323;120;1137;1;-
2026/04/23;17:01:04;-;-; 56.85; 3.8;-; 74.6; 74.5; 216.7; 109.1; 107.6;1968; 6.1; 3.2; 3.2;344; 29.0;B;0;-;On;On;Off; 33.4; 32.9;0;120;1323;120;1323;120;1137;1;-
2026/04/23;17:02:04;-;-; 56.93; 1.4;-; 76.0; 75.9; 77.9; 38.2; 39.7;1968; 6.0; 3.2; 3.2;337; 29.0;B;0;-;On;On;Off; 33.4; 32.9;0;120;1323;120;1323;120;1137;1;-
2026/04/23;17:03:04;-;-; 57.11; 3.0;-; 75.8; 74.7; 173.1; 59.0; 114.1;1968; 5.9; 3.1; 3.1;332; 29.0;B;0;-;On;On;Off; 33.4; 32.9;0;120;1323;120;1323;120;1137;1;-
2026/04/23;17:04:04;-;-; 57.11; 2.9;-; 75.3; 76.1; 168.5; 114.1; 54.4;1968; 5.9; 3.1; 3.1;331; 28.9;B;0;-;On;On;Off; 33.4; 32.9;0;120;1323;120;1323;120;1137;1;-
2026/04/23;17:05:04;-;-; 57.11; 2.9;-; 77.1; 74.7; 164.8; 28.3; 136.4;1968; 5.8; 3.0; 3.0;323; 28.9;B;0;-;On;On;Off; 33.4; 32.9;0;120;1323;120;1323;120;1137;1;-
2026/04/23;17:06:04;-;-; 57.11; 2.9;-; 76.5; 75.6; 163.2; 88.1; 75.1;1969; 5.7; 3.0; 3.0;317; 29.0;B;0;-;On;On;Off; 33.4; 32.9;0;120;1323;120;1323;120;1137;1;-
2026/04/23;17:07:04;-;-; 57.13; 2.9;-; 77.4; 74.9; 167.0; 0.0; 167.0;1969; 5.5; 2.9; 2.9;310; 29.0;B;0;-;On;On;Off; 33.4; 32.9;0;120;1323;120;1323;120;1137;1;-
2026/04/23;17:08:04;-;-; 57.13; 2.9;-; 76.7; 76.1; 165.5; 106.5; 59.0;1969; 5.4; 2.9; 2.9;304; 29.0;B;0;-;On;On;Off; 33.4; 32.9;0;120;1323;120;1323;120;1137;1;-
2026/04/23;17:09:04;-;-; 57.11; 2.6;-; 75.9; 77.4; 149.4; 132.6; 16.8;1969; 5.3; 2.8; 2.8;298; 29.0;B;0;-;On;On;Off; 33.4; 32.9;0;120;1323;120;1323;120;1137;1;-
2026/04/23;17:10:04;-;-; 57.13; 3.3;-; 75.0; 78.1; 186.3; 186.3; 0.0;1969; 5.2; 2.8; 2.8;291; 29.0;B;0;-;On;On;Off; 33.4; 32.9;0;120;1323;120;1323;120;1137;1;-
2026/04/23;17:11:04;-;-; 57.11; 2.7;-; 75.4; 76.8; 157.1; 113.4; 43.6;1969; 5.1; 2.7; 2.7;285; 29.0;B;0;-;On;On;Off; 33.4; 32.9;0;120;1323;120;1323;120;1137;1;-
2026/04/23;17:12:04;-;-; 57.11; 2.5;-; 74.9; 77.1; 143.3; 134.9; 8.4;1969; 5.0; 2.7; 2.7;279; 28.9;B;0;-;On;On;Off; 33.3; 32.8;0;120;1323;120;1323;120;1137;1;-
2026/04/23;17:13:03;-;-; 57.13; 2.6;-; 74.9; 76.8; 149.4; 112.6; 36.8;1969; 4.9; 2.6; 2.6;274; 28.9;B;0;-;On;On;Off; 33.3; 32.8;0;120;1323;120;1323;120;1137;1;-
2026/04/23;17:14:03;-;-; 57.11; 2.6;-; 75.3; 76.4; 146.3; 111.1; 35.2;1969; 4.8; 2.6; 2.6;269; 28.9;B;0;-;On;On;Off; 33.3; 32.8;0;120;1323;120;1323;121;1138;1;-
2026/04/23;17:15:03;-;-; 57.11; 2.4;-; 75.6; 76.9; 137.1; 94.2; 42.9;1969; 4.7; 2.5; 2.5;265; 28.9;B;0;-;On;On;Off; 33.3; 32.8;0;120;1323;120;1323;121;1138;1;-
2026/04/23;17:16:03;-;-; 57.11; 2.6;-; 74.9; 77.6; 150.2; 150.2; 0.0;1969; 4.7; 2.5; 2.5;261; 28.9;B;0;-;On;On;Off; 33.3; 32.8;0;120;1323;120;1323;121;1138;1;-
2026/04/23;17:17:03;-;-; 57.13; 2.4;-; 77.5; 75.5; 139.4; 16.8; 122.6;1969; 4.6; 2.4; 2.4;256; 28.9;B;0;-;On;On;Off; 33.3; 32.8;0;120;1323;120;1323;121;1138;1;-
2026/04/23;17:18:03;-;-; 57.13; 2.4;-; 76.3; 77.6; 134.9; 103.5; 31.4;1969; 4.5; 2.4; 2.4;250; 28.9;B;0;-;On;On;Off; 33.3; 32.8;0;121;1324;121;1324;121;1138;1;-
2026/04/23;17:19:03;-;-; 57.11; 2.8;-; 78.4; 75.5; 158.6; 0.0; 158.6;1969; 4.4; 2.4; 2.4;245; 28.9;B;0;-;On;On;Off; 33.3; 32.8;0;121;1324;121;1324;121;1138;1;-
2026/04/23;17:20:03;-;-; 57.13; 2.5;-; 76.4; 78.2; 143.3; 143.3; 0.0;1969; 4.3; 2.3; 2.3;240; 28.9;B;0;-;On;On;Off; 33.3; 32.8;0;121;1324;121;1324;121;1138;1;-
2026/04/23;17:21:03;-;-; 57.11; 2.3;-; 75.8; 77.5; 131.8; 128.8; 3.0;1969; 4.2; 2.3; 2.3;236; 28.9;B;0;-;On;On;Off; 33.3; 32.8;0;121;1324;121;1324;121;1138;1;-
2026/04/23;17:22:03;-;-; 57.11; 2.2;-; 77.4; 75.1; 123.4; 8.4; 114.9;1969; 4.2; 2.2; 2.2;233; 28.9;B;0;-;On;On;Off; 33.3; 32.8;0;121;1324;121;1324;121;1138;1;-
2026/04/23;17:23:03;-;-; 57.11; 2.2;-; 75.6; 77.2; 127.2; 127.2; 0.0;1969; 4.1; 2.2; 2.2;229; 28.9;B;0;-;On;On;Off; 33.3; 32.8;0;121;1324;121;1324;121;1138;1;-
2026/04/23;17:24:03;-;-; 57.11; 2.2;-; 75.9; 78.0; 127.2; 127.2; 0.0;1969; 4.0; 2.2; 2.2;225; 28.9;B;0;-;On;On;Off; 33.3; 32.8;0;121;1324;121;1324;121;1138;1;-
2026/04/23;17:25:03;-;-; 57.11; 2.1;-; 77.3; 78.1; 121.9; 56.7; 65.2;1969; 3.9; 2.2; 2.2;221; 28.9;B;0;-;On;On;Off; 33.3; 32.8;0;121;1324;121;1324;121;1138;1;-
2026/04/23;17:26:03;-;-; 57.11; 2.1;-; 77.0; 77.5; 121.9; 107.3; 14.5;1969; 3.9; 2.1; 2.1;217; 28.9;B;0;-;On;On;Off; 33.3; 32.8;0;121;1324;121;1324;121;1138;1;-
2026/04/23;17:27:03;-;-; 57.13; 2.2;-; 78.4; 76.6; 124.1; 0.0; 124.1;1969; 3.8; 2.1; 2.1;214; 28.9;B;0;-;On;On;Off; 33.3; 32.8;0;121;1324;121;1324;121;1138;1;-
2026/04/23;17:28:02;-;-; 57.11; 2.0;-; 78.2; 79.2; 115.7; 71.3; 44.5;1969; 3.8; 2.1; 2.1;212; 28.9;B;0;-;On;On;Off; 33.3; 32.8;0;121;1324;121;1324;121;1138;1;-
2026/04/23;17:29:02;-;-; 57.11; 2.1;-; 77.7; 75.5; 120.3; 20.7; 99.7;1969; 3.7; 2.0; 2.0;208; 28.9;B;0;-;On;On;Off; 33.3; 32.8;0;121;1324;121;1324;121;1138;1;-
2026/04/23;17:30:02;-;-; 57.13; 2.1;-; 78.3; 76.3; 120.3; 0.0; 120.3;1969; 3.7; 2.0; 2.0;205; 28.8;B;0;-;On;On;Off; 33.3; 32.8;0;121;1324;121;1324;121;1138;1;-
2026/04/23;17:31:02;-;-; 57.11; 2.1;-; 78.7; 77.1; 121.9; 0.0; 121.9;1969; 3.6; 2.0; 2.0;201; 28.8;B;0;-;On;On;Off; 33.3; 32.8;0;121;1324;121;1324;121;1138;1;-
2026/04/23;17:32:02;-;-; 57.13; 2.2;-; 77.6; 78.4; 128.0; 128.0; 0.0;1969; 3.5; 2.0; 2.0;199; 28.8;B;0;-;On;On;Off; 33.3; 32.8;0;121;1324;121;1324;121;1138;1;-
2026/04/23;17:33:02;-;-; 57.13; 1.9;-; 77.3; 78.4; 108.8; 59.0; 49.8;1969; 3.5; 1.9; 1.9;196; 28.8;B;0;-;On;On;Off; 33.3; 32.8;0;121;1324;121;1324;121;1138;1;-
2026/04/23;17:34:02;-;-; 57.13; 1.8;-; 78.1; 77.6; 105.0; 5.3; 99.7;1969; 3.4; 1.9; 1.9;193; 28.8;B;0;-;On;On;Off; 33.3; 32.8;0;121;1324;121;1324;121;1138;1;-
2026/04/23;17:35:02;-;-; 57.11; 1.8;-; 78.2; 77.0; 100.4; 0.0; 100.4;1969; 3.4; 1.9; 1.9;190; 28.8;B;0;-;On;On;Off; 33.3; 32.8;0;121;1324;121;1324;121;1138;1;-
2026/04/23;17:36:02;-;-; 57.13; 1.9;-; 76.8; 77.9; 107.3; 89.6; 17.6;1969; 3.3; 1.9; 1.9;187; 28.8;B;0;-;On;On;Off; 33.3; 32.8;0;121;1324;121;1324;121;1138;1;-
2026/04/23;17:37:02;-;-; 57.11; 1.8;-; 78.0; 77.1; 100.4; 44.5; 55.9;1969; 3.3; 1.8; 1.8;185; 28.8;B;0;-;On;On;Off; 33.3; 32.8;0;121;1324;121;1324;121;1138;1;-
2026/04/23;17:38:02;-;-; 57.13; 1.8;-; 78.2; 76.6; 104.3; 2.3; 102.0;1969; 3.2; 1.8; 1.8;182; 28.8;B;0;-;On;On;Off; 33.3; 32.8;0;121;1324;121;1324;121;1138;1;-
2026/04/23;17:39:02;-;-; 57.13; 2.1;-; 76.8; 77.9; 118.1; 118.1; 0.0;1969; 3.2; 1.8; 1.8;180; 28.8;B;0;-;On;On;Off; 33.3; 32.8;0;121;1324;121;1324;121;1138;1;-
2026/04/23;17:40:02;-;-; 57.11; 1.8;-; 76.6; 77.8; 103.5; 99.7; 3.8;1969; 3.2; 1.8; 1.8;177; 28.8;B;0;-;On;On;Off; 33.2; 32.8;0;121;1324;121;1324;121;1138;1;-
2026/04/23;17:41:02;-;-; 57.11; 1.6;-; 77.3; 77.2; 92.0; 61.3; 30.7;1969; 3.1; 1.8; 1.8;175; 28.8;B;0;-;On;On;Off; 33.3; 32.8;0;121;1324;121;1324;121;1138;1;-
2026/04/23;17:42:02;-;-; 57.13; 1.9;-; 76.5; 77.7; 107.4; 107.4; 0.0;1969; 3.1; 1.7; 1.7;173; 28.8;B;0;-;On;On;Off; 33.2; 32.8;0;121;1324;121;1324;121;1138;1;-
2026/04/23;17:43:01;-;-; 57.15; 1.7;-; 77.0; 77.4; 95.1; 95.1; 0.0;1969; 3.1; 1.7; 1.7;172; 28.7;B;0;-;On;On;Off; 33.2; 32.8;0;121;1324;121;1324;122;1139;1;-
2026/04/23;17:44:01;-;-; 57.15; 1.9;-; 76.5; 77.6; 108.8; 108.8; 0.0;1969; 3.0; 1.7; 1.7;169; 28.7;B;0;-;On;On;Off; 33.2; 32.8;0;121;1324;121;1324;122;1139;1;-
2026/04/23;17:45:01;-;-; 57.15; 1.8;-; 77.5; 76.4; 101.2; 0.0; 101.2;1969; 3.0; 1.7; 1.7;166; 28.7;B;0;-;On;On;Off; 33.2; 32.7;0;121;1324;121;1324;122;1139;1;-
2026/04/23;17:46:01;-;-; 57.15; 1.6;-; 77.3; 76.8; 92.7; 49.8; 42.9;1969; 2.9; 1.7; 1.7;164; 28.7;B;0;-;On;On;Off; 33.2; 32.7;0;121;1324;121;1324;122;1139;1;-
2026/04/23;17:47:01;-;-; 57.13; 1.6;-; 77.0; 76.9; 90.5; 44.5; 46.0;1969; 2.9; 1.6; 1.6;162; 28.7;B;0;-;On;On;Off; 33.2; 32.7;0;121;1324;121;1324;122;1139;1;-
2026/04/23;17:48:01;-;-; 56.24; 1.8;-; 73.3; 73.1; 98.8; 50.5; 48.3;1969; 2.9; 1.6; 1.6;160; 28.7;B;0;-;On;On;Off; 33.2; 32.7;0;122;1325;122;1325;122;1139;1;-
2026/04/23;17:49:01;-;-; 57.15; 1.6;-; 76.0; 75.7; 92.0; 54.4; 37.5;1969; 2.7; 1.5; 1.5;148; 28.7;B;0;-;On;On;Off; 33.2; 32.6;0;122;1325;122;1325;122;1139;1;-
2026/04/23;17:50:01;-;-; 57.13; 1.7;-; 76.5; 76.4; 96.6; 42.9; 53.7;1969; 2.8; 1.6; 1.6;157; 28.7;B;0;-;On;On;Off; 33.2; 32.7;0;122;1325;122;1325;122;1139;1;-
2026/04/23;17:51:01;-;-; 57.15; 1.6;-; 77.6; 78.0; 88.9; 57.5; 31.4;1969; 2.7; 1.5; 1.5;150; 28.7;B;0;-;On;On;Off; 33.2; 32.7;0;122;1325;122;1325;122;1139;1;-
2026/04/23;17:52:01;-;-; 57.15; 1.7;-; 78.4; 76.8; 96.6; 0.0; 96.6;1969; 2.7; 1.5; 1.5;150; 28.7;B;0;-;On;On;Off; 33.2; 32.7;0;122;1325;122;1325;122;1139;1;-
2026/04/23;17:53:01;-;-; 57.15; 1.5;-; 77.5; 77.2; 88.2; 69.0; 19.2;1969; 2.6; 1.5; 1.5;148; 28.7;B;0;-;On;On;Off; 33.2; 32.7;0;122;1325;122;1325;122;1139;1;-
2026/04/23;17:54:01;-;-; 57.13; 1.4;-; 77.3; 77.4; 82.0; 19.9; 62.1;1969; 2.6; 1.5; 1.5;146; 28.7;B;0;-;On;On;Off; 33.2; 32.7;0;122;1325;122;1325;122;1139;1;-
2026/04/23;17:55:01;-;-; 57.13; 1.4;-; 76.9; 77.6; 79.6; 43.6; 36.0;1969; 2.6; 1.5; 1.5;144; 28.7;B;0;-;On;On;Off; 33.2; 32.7;0;122;1325;122;1325;122;1139;1;-
2026/04/23;17:56:01;-;-; 57.13; 1.5;-; 77.8; 76.6; 86.6; 0.0; 86.6;1969; 2.5; 1.5; 1.5;142; 28.6;B;0;-;On;On;Off; 33.2; 32.7;0;122;1325;122;1325;122;1139;1;-
2026/04/23;17:57:01;-;-; 57.13; 1.3;-; 77.5; 76.7; 76.7; 3.8; 72.8;1969; 2.5; 1.4; 1.4;140; 28.6;B;0;-;On;On;Off; 33.2; 32.7;0;122;1325;122;1325;122;1139;1;-
2026/04/23;17:58:00;-;-; 57.13; 1.4;-; 77.1; 77.0; 81.2; 39.8; 41.4;1969; 2.5; 1.4; 1.4;138; 28.6;B;0;-;On;On;Off; 33.2; 32.7;0;122;1325;122;1325;122;1139;1;-
2026/04/23;17:59:00;-;-; 57.13; 1.4;-; 76.4; 76.5; 78.9; 42.9; 36.0;1969; 2.4; 1.4; 1.4;137; 28.6;B;0;-;On;On;Off; 33.2; 32.7;0;122;1325;122;1325;122;1139;1;-
2026/04/23;18:00:00;-;-; 56.44; 1.8;-; 74.3; 73.4; 100.7; 34.1; 66.6;1969; 2.4; 1.4; 1.4;134; 28.6;B;0;-;On;On;Off; 33.1; 32.6;0;122;1325;122;1325;122;1139;1;-
2026/04/23;18:01:00;-;-; 57.13; 1.3;-; 77.3; 76.4; 75.9; 15.3; 60.5;1969; 2.3; 1.3; 1.3;126; 28.6;B;0;-;On;On;Off; 33.1; 32.6;0;122;1325;122;1325;122;1139;1;-
2026/04/23;18:02:00;-;-; 57.15; 1.5;-; 77.6; 76.9; 85.8; 0.0; 85.8;1969; 2.4; 1.4; 1.4;133; 28.6;B;0;-;On;On;Off; 33.1; 32.7;0;122;1325;122;1325;122;1139;1;-
2026/04/23;18:03:00;-;-; 57.13; 1.4;-; 76.7; 77.7; 79.7; 68.2; 11.5;1969; 2.3; 1.4; 1.4;130; 28.6;B;0;-;On;On;Off; 33.1; 32.7;0;122;1325;122;1325;122;1139;1;-
2026/04/23;18:04:00;-;-; 57.13; 1.2;-; 77.2; 77.5; 71.3; 65.2; 6.1;1969; 2.3; 1.3; 1.3;128; 28.6;B;0;-;On;On;Off; 33.2; 32.7;0;122;1325;122;1325;122;1139;1;-
2026/04/23;18:05:00;-;-; 57.13; 1.3;-; 77.4; 77.3; 72.8; 21.5; 51.3;1969; 2.3; 1.3; 1.3;127; 28.6;B;0;-;On;On;Off; 33.1; 32.7;0;122;1325;122;1325;122;1139;1;-
2026/04/23;18:06:00;-;-; 57.13; 1.2;-; 78.0; 77.0; 66.6; 0.7; 65.9;1970; 2.2; 1.3; 1.3;125; 28.6;B;0;-;On;On;Off; 33.1; 32.7;0;122;1325;122;1325;122;1139;1;-
2026/04/23;18:07:00;-;-; 57.13; 1.2;-; 76.2; 76.5; 71.2; 62.1; 9.2;1970; 2.2; 1.3; 1.3;122; 28.6;B;0;-;On;On;Off; 33.1; 32.7;0;122;1325;122;1325;122;1139;1;-
2026/04/23;18:08:00;-;-; 57.13; 1.3;-; 76.3; 77.3; 73.5; 47.5; 26.0;1970; 2.1; 1.3; 1.3;120; 28.6;B;0;-;On;On;Off; 33.1; 32.6;0;122;1325;122;1325;122;1139;1;-
2026/04/23;18:09:00;-;-; 57.13; 1.3;-; 74.8; 74.8; 75.1; 47.5; 27.6;1970; 2.1; 1.3; 1.3;120; 28.6;B;0;-;On;On;Off; 33.1; 32.6;0;122;1325;122;1325;122;1139;1;-
2026/04/23;18:10:00;-;-; 56.89; 1.0;-; 75.1; 74.2; 55.7; 17.5; 38.2;1970; 2.1; 1.3; 1.3;118; 28.5;B;0;-;On;On;Off; 33.1; 32.6;0;122;1325;122;1325;122;1139;1;-
2026/04/23;18:11:00;-;-; 57.13; 1.5;-; 74.5; 74.2; 83.5; 39.1; 44.5;1970; 2.0; 1.2; 1.2;113; 28.5;B;0;-;On;On;Off; 33.0; 32.6;0;122;1325;122;1325;122;1139;1;-
2026/04/23;18:12:00;-;-; 57.13; 1.3;-; 74.8; 74.4; 72.8; 27.6; 45.2;1970; 2.0; 1.2; 1.2;114; 28.5;B;0;-;On;On;Off; 33.1; 32.5;0;122;1325;122;1325;122;1139;1;-
2026/04/23;18:12:59;-;-; 57.13; 1.1;-; 74.7; 75.1; 62.8; 40.6; 22.2;1970; 2.0; 1.2; 1.2;113; 28.5;B;0;-;On;On;Off; 33.0; 32.5;0;122;1325;122;1325;122;1139;1;-
2026/04/23;18:13:59;-;-; 57.13; 1.2;-; 74.8; 74.7; 70.5; 36.8; 33.7;1970; 2.0; 1.2; 1.2;113; 28.5;B;0;-;On;On;Off; 33.0; 32.5;0;122;1325;122;1325;122;1139;1;-
2026/04/23;18:14:59;-;-; 57.11; 1.0;-; 75.6; 74.4; 54.4; 0.0; 54.4;1970; 2.0; 1.2; 1.2;112; 28.5;B;0;-;On;On;Off; 32.9; 32.5;0;122;1325;122;1325;122;1139;1;-
2026/04/23;18:15:59;-;-; 57.17; 1.0;-; 75.7; 74.6; 55.2; 0.0; 55.2;1970; 1.9; 1.1; 1.1;107; 28.5;B;0;-;On;On;Off; 30.9; 32.3;0;122;1325;122;1325;122;1139;1;-
2026/04/23;18:16:59;-;-; 57.11; 1.1;-; 75.8; 74.4; 62.1; 0.0; 62.1;1970; 1.7; 1.0; 1.0;97; 28.5;B;0;-;On;On;Off; 30.6; 32.1;0;122;1325;122;1325;122;1139;1;-
2026/04/23;18:17:59;-;-; 57.11; 1.1;-; 75.8; 74.5; 65.1; 0.0; 65.1;1970; 1.7; 1.0; 1.0;96; 28.5;B;0;-;On;On;Off; 30.4; 31.9;0;122;1325;122;1325;122;1139;1;-
2026/04/23;18:18:59;-;-; 57.03; 1.1;-; 75.9; 74.3; 62.0; 0.0; 62.0;1970; 1.7; 0.9; 0.9;95; 28.4;B;0;-;On;On;Off; 30.3; 31.8;0;122;1325;122;1325;122;1139;1;-
2026/04/23;18:19:59;-;-; 57.09; 0.8;-; 75.8; 74.7; 46.0; 0.0; 46.0;1970; 1.7; 0.9; 0.9;94; 28.4;B;0;-;On;On;Off; 30.2; 31.7;0;122;1325;122;1325;122;1139;1;-
2026/04/23;18:20:59;-;-; 56.95; 1.0;-; 75.6; 74.1; 54.2; 0.0; 54.2;1970; 1.6; 0.9; 0.9;92; 28.4;B;0;-;On;On;Off; 30.1; 31.6;0;122;1325;122;1325;122;1139;1;-
2026/04/23;18:21:59;-;-; 57.13; 1.0;-; 75.8; 74.3; 56.7; 0.0; 56.7;1970; 1.6; 0.9; 0.9;91; 28.4;B;0;-;On;On;Off; 30.0; 31.5;0;122;1325;122;1325;122;1139;1;-
2026/04/23;18:22:59;-;-; 57.15; 1.1;-; 76.0; 74.6; 62.8; 0.0; 62.8;1970; 1.6; 0.9; 0.9;92; 28.4;B;0;-;On;On;Off; 29.9; 31.4;0;122;1325;122;1325;122;1139;1;-
2026/04/23;18:23:59;-;-; 57.19; 1.0;-; 76.1; 74.5; 56.0; 0.0; 56.0;1970; 1.7; 0.9; 0.9;93; 28.4;B;0;-;On;On;Off; 29.8; 31.3;0;122;1325;122;1325;122;1139;1;-
2026/04/23;18:24:59;-;-; 57.17; 1.0;-; 76.0; 74.7; 56.7; 0.7; 56.0;1970; 1.6; 0.9; 0.9;91; 28.4;B;0;-;On;On;Off; 29.7; 31.2;0;122;1325;122;1325;122;1139;1;-
2026/04/23;18:25:59;-;-; 57.17; 0.9;-; 76.0; 74.9; 52.9; 0.0; 52.9;1970; 1.6; 0.9; 0.9;91; 28.4;B;0;-;On;On;Off; 29.6; 31.2;0;122;1325;122;1325;122;1139;1;-
2026/04/23;18:26:58;-;-; 57.17; 0.8;-; 76.2; 75.3; 48.3; 0.0; 48.3;1970; 1.6; 0.9; 0.9;90; 28.4;B;0;-;On;On;Off; 29.5; 31.1;0;122;1325;122;1325;122;1139;1;-
2026/04/23;18:27:58;-;-; 57.17; 0.9;-; 76.3; 75.4; 50.6; 0.0; 50.6;1970; 1.6; 0.9; 0.9;90; 28.4;B;0;-;On;On;Off; 29.5; 31.0;0;122;1325;122;1325;122;1139;1;-
2026/04/23;18:28:58;-;-; 57.19; 0.9;-; 76.6; 75.4; 52.1; 0.7; 51.4;1970; 1.6; 0.9; 0.9;90; 28.4;B;0;-;On;On;Off; 29.4; 31.0;0;122;1325;122;1325;122;1139;1;-
2026/04/23;18:29:58;-;-; 57.17; 0.9;-; 76.5; 75.7; 51.4; 0.7; 50.6;1970; 1.6; 0.9; 0.9;88; 28.3;B;0;-;On;On;Off; 29.3; 30.9;0;122;1325;122;1325;122;1139;1;-
2026/04/23;18:30:58;-;-; 57.19; 0.8;-; 76.5; 75.5; 46.8; 0.0; 46.8;1970; 1.6; 0.9; 0.9;88; 28.3;B;0;-;On;On;Off; 29.3; 30.9;0;122;1325;122;1325;123;1140;1;-
2026/04/23;18:31:58;-;-; 57.19; 0.9;-; 76.6; 75.7; 50.6; 0.7; 49.9;1970; 1.6; 0.9; 0.9;87; 28.3;B;0;-;On;On;Off; 29.2; 30.8;0;122;1325;122;1325;123;1140;1;-
2026/04/23;18:32:58;-;-; 57.19; 0.8;-; 76.8; 76.4; 44.4; 0.7; 43.7;1970; 1.5; 0.9; 0.9;86; 28.3;B;0;-;On;On;Off; 29.2; 30.8;0;122;1325;122;1325;123;1140;1;-
2026/04/23;18:33:58;-;-; 57.21; 0.8;-; 76.4; 75.4; 48.3; 0.7; 47.5;1970; 1.5; 0.9; 0.9;86; 28.3;B;0;-;On;On;Off; 29.1; 30.7;0;122;1325;122;1325;123;1140;1;-
2026/04/23;18:34:58;-;-; 57.19; 0.8;-; 77.4; 76.5; 46.8; 0.7; 46.0;1970; 1.5; 0.9; 0.9;86; 28.3;B;0;-;On;On;Off; 29.1; 30.7;0;122;1325;122;1325;123;1140;1;-
2026/04/23;18:35:58;-;-; 57.21; 0.8;-; 76.2; 75.2; 48.4; 0.0; 48.4;1970; 1.5; 0.9; 0.9;86; 28.3;B;0;-;On;On;Off; 29.0; 30.6;0;122;1325;122;1325;123;1140;1;-
2026/04/23;18:36:58;-;-; 57.19; 0.9;-; 75.9; 74.6; 52.2; 0.0; 52.2;1970; 1.5; 0.9; 0.9;85; 28.3;B;0;-;On;On;Off; 29.0; 30.6;0;122;1325;122;1325;123;1140;1;-
2026/04/23;18:37:58;-;-; 57.19; 0.9;-; 75.9; 74.5; 51.4; 0.0; 51.4;1970; 1.5; 0.9; 0.9;85; 28.3;B;0;-;On;On;Off; 28.9; 30.5;0;122;1325;122;1325;123;1140;1;-
2026/04/23;18:38:58;-;-; 57.19; 0.9;-; 75.8; 74.6; 49.9; 0.0; 49.9;1970; 1.5; 0.8; 0.8;83; 28.3;B;0;-;On;On;Off; 28.9; 30.5;0;122;1325;122;1325;123;1140;1;-
2026/04/23;18:39:58;-;-; 57.21; 0.9;-; 76.5; 75.5; 51.4; 0.0; 51.4;1970; 1.5; 0.8; 0.8;83; 28.3;B;0;-;On;On;Off; 28.9; 30.5;0;123;1326;123;1326;123;1140;1;-
2026/04/23;18:40:58;-;-; 57.21; 0.8;-; 76.5; 75.3; 47.5; 0.7; 46.8;1970; 1.5; 0.8; 0.8;83; 28.3;B;0;-;On;On;Off; 28.8; 30.4;0;123;1326;123;1326;123;1140;1;-
2026/04/23;18:41:57;-;-; 57.21; 0.9;-; 75.7; 74.6; 52.9; 0.7; 52.2;1970; 1.5; 0.8; 0.8;82; 28.2;B;0;-;On;On;Off; 28.8; 30.4;0;123;1326;123;1326;123;1140;1;-
2026/04/23;18:42:57;-;-; 57.21; 0.7;-; 76.4; 75.5; 41.4; 0.0; 41.4;1970; 1.5; 0.8; 0.8;82; 28.2;B;0;-;On;On;Off; 28.7; 30.3;0;123;1326;123;1326;123;1140;1;-
2026/04/23;18:43:57;-;-; 57.19; 0.8;-; 76.3; 75.7; 43.0; 0.0; 43.0;1970; 1.5; 0.8; 0.8;82; 28.2;B;0;-;On;On;Off; 28.7; 30.3;0;123;1326;123;1326;123;1140;1;-
2026/04/23;18:44:57;-;-; 57.21; 0.9;-; 76.3; 75.2; 50.6; 0.7; 49.9;1970; 1.5; 0.8; 0.8;81; 28.2;B;0;-;On;On;Off; 28.7; 30.3;0;123;1326;123;1326;123;1140;1;-
2026/04/23;18:45:57;-;-; 57.21; 0.8;-; 76.5; 75.5; 47.5; 0.7; 46.8;1970; 1.4; 0.8; 0.8;81; 28.2;B;0;-;On;On;Off; 28.7; 30.3;0;123;1326;123;1326;123;1140;1;-
2026/04/23;18:46:57;-;-; 57.19; 0.8;-; 76.4; 75.4; 44.5; 0.0; 44.5;1970; 1.4; 0.8; 0.8;80; 28.2;B;0;-;On;On;Off; 28.6; 30.2;0;123;1326;123;1326;123;1140;1;-
2026/04/23;18:47:57;-;-; 57.21; 0.8;-; 76.3; 75.3; 43.0; 0.7; 42.2;1970; 1.4; 0.8; 0.8;80; 28.2;B;0;-;On;On;Off; 28.6; 30.2;0;123;1326;123;1326;123;1140;1;-
2026/04/23;18:48:57;-;-; 57.21; 0.9;-; 76.3; 75.3; 49.1; 0.0; 49.1;1970; 1.4; 0.8; 0.8;79; 28.1;B;0;-;On;On;Off; 28.6; 30.2;0;123;1326;123;1326;123;1140;1;-
2026/04/23;18:49:57;-;-; 57.21; 0.8;-; 76.4; 75.3; 48.3; 0.7; 47.5;1970; 1.4; 0.8; 0.8;79; 28.1;B;0;-;On;On;Off; 28.5; 30.2;0;123;1326;123;1326;123;1140;1;-
2026/04/23;18:50:57;-;-; 57.21; 0.8;-; 76.5; 75.6; 46.8; 0.0; 46.8;1970; 1.4; 0.8; 0.8;79; 28.1;B;0;-;On;On;Off; 28.5; 30.2;0;123;1326;123;1326;123;1140;1;-
2026/04/23;18:51:57;-;-; 57.19; 0.8;-; 76.7; 75.9; 46.0; 0.7; 45.2;1970; 1.4; 0.8; 0.8;77; 28.1;B;0;-;On;On;Off; 28.5; 30.1;0;123;1326;123;1326;123;1140;1;-
2026/04/23;18:52:57;-;-; 57.19; 0.8;-; 76.6; 76.0; 44.5; 0.7; 43.7;1970; 1.4; 0.8; 0.8;77; 28.1;B;0;-;On;On;Off; 28.5; 30.1;0;123;1326;123;1326;123;1140;1;-
2026/04/23;18:53:57;-;-; 57.19; 0.8;-; 77.0; 76.5; 45.3; 0.7; 44.5;1970; 1.4; 0.8; 0.8;77; 28.1;B;0;-;On;On;Off; 28.4; 30.1;0;123;1326;123;1326;123;1140;1;-
2026/04/23;18:54:57;-;-; 57.19; 0.7;-; 77.0; 76.4; 42.2; 0.0; 42.2;1970; 1.4; 0.8; 0.8;77; 28.1;B;0;-;On;On;Off; 28.4; 30.1;0;123;1326;123;1326;123;1140;1;-
2026/04/23;18:55:57;-;-; 57.21; 0.9;-; 76.9; 76.2; 50.6; 0.7; 49.9;1970; 1.4; 0.8; 0.8;76; 28.1;B;0;-;On;On;Off; 28.4; 30.1;0;123;1326;123;1326;123;1140;1;-
2026/04/23;18:56:56;-;-; 57.19; 0.8;-; 76.3; 75.3; 44.5; 0.0; 44.5;1970; 1.3; 0.8; 0.8;75; 28.0;B;0;-;On;On;Off; 28.4; 30.0;0;123;1326;123;1326;123;1140;1;-
2026/04/23;18:57:56;-;-; 57.19; 0.6;-; 75.9; 75.3; 35.3; 0.7; 34.5;1970; 1.3; 0.8; 0.8;75; 28.1;B;0;-;On;On;Off; 28.4; 30.0;0;123;1326;123;1326;123;1140;1;-
2026/04/23;18:58:56;-;-; 57.19; 0.8;-; 75.6; 74.4; 47.5; 0.7; 46.8;1970; 1.3; 0.8; 0.8;75; 28.0;B;0;-;On;On;Off; 28.3; 30.0;0;123;1326;123;1326;123;1140;1;-
2026/04/23;18:59:56;-;-; 57.19; 0.8;-; 75.7; 74.5; 46.0; 0.7; 45.3;1970; 1.3; 0.8; 0.8;75; 28.1;B;0;-;On;On;Off; 28.3; 30.0;0;123;1326;123;1326;123;1140;1;-
2026/04/23;19:00:56;-;-; 57.19; 0.8;-; 76.0; 74.8; 46.0; 0.7; 45.2;1970; 1.3; 0.8; 0.8;74; 28.0;B;0;-;On;On;Off; 28.3; 29.9;0;123;1326;123;1326;123;1140;1;-
2026/04/23;19:01:56;-;-; 57.19; 0.8;-; 76.0; 75.1; 45.2; 0.7; 44.5;1970; 1.3; 0.8; 0.8;74; 28.1;B;0;-;On;On;Off; 28.3; 29.9;0;123;1326;123;1326;123;1140;1;-
2026/04/23;19:02:56;-;-; 57.21; 0.6;-; 76.0; 75.4; 35.3; 0.0; 35.3;1970; 1.3; 0.8; 0.8;73; 28.1;B;0;-;On;On;Off; 28.3; 29.9;0;123;1326;123;1326;123;1140;1;-
2026/04/23;19:03:56;-;-; 57.09; 0.8;-; 75.5; 74.2; 43.6; 0.7; 42.9;1970; 1.3; 0.8; 0.8;72; 28.1;B;0;-;On;On;Off; 28.2; 29.9;0;123;1326;123;1326;123;1140;1;-
2026/04/23;19:04:56;-;-; 57.11; 0.9;-; 75.8; 74.5; 52.0; 0.7; 51.3;1970; 1.3; 0.7; 0.7;70; 28.1;B;0;-;On;On;Off; 28.2; 29.8;0;123;1326;123;1326;123;1140;1;-
2026/04/23;19:05:56;-;-; 57.19; 0.7;-; 76.4; 76.0; 39.9; 0.0; 39.9;1971; 1.3; 0.8; 0.8;72; 28.1;B;0;-;On;On;Off; 28.2; 29.8;0;123;1326;123;1326;123;1140;1;-
2026/04/23;19:06:56;-;-; 57.19; 0.7;-; 76.9; 76.3; 39.1; 0.0; 39.1;1971; 1.3; 0.8; 0.8;72; 28.0;B;0;-;On;On;Off; 28.2; 29.8;0;123;1326;123;1326;123;1140;1;-
2026/04/23;19:07:56;-;-; 57.21; 0.7;-; 75.9; 75.0; 40.7; 0.0; 40.7;1971; 1.3; 0.7; 0.7;71; 28.0;B;0;-;On;On;Off; 28.2; 29.8;0;123;1326;123;1326;123;1140;1;-
2026/04/23;19:08:56;-;-; 57.21; 0.7;-; 76.3; 75.4; 37.6; 0.7; 36.8;1971; 1.3; 0.7; 0.7;71; 28.0;B;0;-;On;On;Off; 28.2; 29.8;0;123;1326;123;1326;123;1140;1;-
2026/04/23;19:09:56;-;-; 57.19; 0.7;-; 76.1; 74.8; 40.6; 0.7; 39.9;1971; 1.3; 0.7; 0.7;71; 28.0;B;0;-;On;On;Off; 28.1; 29.8;0;123;1326;123;1326;123;1140;1;-
2026/04/23;19:10:56;-;-; 57.19; 0.8;-; 76.2; 75.2; 46.0; 0.7; 45.3;1971; 1.3; 0.7; 0.7;70; 28.0;B;0;-;On;On;Off; 28.1; 29.8;0;123;1326;123;1326;123;1140;1;-
2026/04/23;19:11:55;-;-; 57.19; 0.7;-; 75.9; 74.8; 41.4; 0.0; 41.4;1971; 1.3; 0.7; 0.7;70; 28.0;B;0;-;On;On;Off; 28.1; 29.8;0;123;1326;123;1326;123;1140;1;-
2026/04/23;19:12:55;-;-; 57.19; 0.8;-; 76.0; 75.0; 43.7; 0.0; 43.7;1971; 1.3; 0.7; 0.7;70; 28.0;B;0;-;On;On;Off; 28.1; 29.7;0;123;1326;123;1326;123;1140;1;-
2026/04/23;19:13:55;-;-; 56.97; 0.8;-; 75.4; 74.2; 42.8; 0.7; 42.0;1971; 1.2; 0.7; 0.7;70; 28.0;B;0;-;On;On;Off; 28.1; 29.7;0;123;1326;123;1326;123;1140;1;-
2026/04/23;19:14:55;-;-; 57.09; 0.3;-; 75.9; 75.7; 15.3; 0.7; 14.5;1971; 1.2; 0.7; 0.7;66; 28.0;B;0;-;On;On;Off; 28.1; 29.7;0;123;1326;123;1326;123;1140;1;-
2026/04/23;19:15:55;-;-; 57.19; 0.7;-; 76.1; 74.7; 42.2; 0.0; 42.2;1971; 1.2; 0.7; 0.7;69; 28.0;B;0;-;On;On;Off; 28.1; 29.7;0;123;1326;123;1326;123;1140;1;-
2026/04/23;19:16:55;-;-; 57.19; 0.7;-; 76.4; 75.4; 39.9; 0.0; 39.9;1971; 1.2; 0.7; 0.7;69; 28.0;B;0;-;On;On;Off; 28.1; 29.7;0;123;1326;123;1326;123;1140;1;-
2026/04/23;19:17:55;-;-; 57.19; 0.7;-; 76.5; 76.0; 37.6; 0.7; 36.8;1971; 1.2; 0.7; 0.7;68; 28.0;B;0;-;On;On;Off; 28.1; 29.7;0;123;1326;123;1326;123;1140;1;-
2026/04/23;19:18:55;-;-; 57.19; 0.8;-; 76.2; 74.9; 46.0; 0.7; 45.3;1971; 1.2; 0.7; 0.7;68; 28.0;B;0;-;On;On;Off; 28.0; 29.7;0;123;1326;123;1326;123;1140;1;-
2026/04/23;19:19:55;-;-; 57.21; 0.6;-; 76.6; 75.9; 36.8; 0.0; 36.8;1971; 1.2; 0.7; 0.7;67; 28.0;B;0;-;On;On;Off; 28.0; 29.7;0;123;1326;123;1326;123;1140;1;-
2026/04/23;19:20:55;-;-; 57.21; 0.6;-; 76.9; 76.6; 32.9; 0.7; 32.2;1971; 1.2; 0.7; 0.7;67; 28.0;B;0;-;On;On;Off; 28.0; 29.7;0;123;1326;123;1326;123;1140;1;-
2026/04/23;19:21:55;-;-; 57.21; 0.7;-; 77.1; 76.5; 39.9; 0.7; 39.1;1971; 1.2; 0.7; 0.7;68; 27.9;B;0;-;On;On;Off; 28.0; 29.7;0;123;1326;123;1326;123;1140;1;-
2026/04/23;19:22:55;-;-; 57.21; 0.7;-; 77.1; 76.5; 39.1; 0.7; 38.4;1971; 1.2; 0.7; 0.7;68; 27.9;B;0;-;On;On;Off; 28.0; 29.7;0;123;1326;123;1326;123;1140;1;-
2026/04/23;19:23:55;-;-; 57.23; 0.8;-; 76.6; 75.9; 43.0; 0.0; 43.0;1971; 1.2; 0.7; 0.7;68; 27.9;B;0;-;On;On;Off; 28.0; 29.6;0;123;1326;123;1326;123;1140;1;-
2026/04/23;19:24:55;-;-; 57.21; 0.8;-; 76.4; 75.9; 44.5; 0.7; 43.7;1971; 1.2; 0.7; 0.7;67; 27.9;B;0;-;On;On;Off; 28.0; 29.6;0;123;1326;123;1326;123;1140;1;-
2026/04/23;19:25:55;-;-; 57.21; 0.8;-; 76.6; 75.4; 48.4; 0.0; 48.4;1971; 1.2; 0.7; 0.7;66; 27.9;B;0;-;On;On;Off; 28.0; 29.6;0;123;1326;123;1326;123;1140;1;-
2026/04/23;19:26:54;-;-; 57.23; 0.8;-; 76.3; 75.4; 46.0; 0.7; 45.3;1971; 1.2; 0.7; 0.7;66; 27.9;B;0;-;On;On;Off; 28.0; 29.6;0;123;1326;123;1326;123;1140;1;-
2026/04/23;19:27:54;-;-; 57.23; 0.6;-; 76.0; 75.4; 36.8; 0.7; 36.0;1971; 1.2; 0.7; 0.7;65; 27.9;B;0;-;On;On;Off; 28.0; 29.6;0;123;1326;123;1326;123;1140;1;-
2026/04/23;19:28:54;-;-; 57.23; 0.8;-; 76.0; 75.2; 43.7; 0.7; 43.0;1971; 1.2; 0.7; 0.7;65; 27.9;B;0;-;On;On;Off; 27.9; 29.6;0;123;1326;123;1326;123;1140;1;-
2026/04/23;19:29:54;-;-; 57.21; 0.7;-; 76.0; 75.5; 41.4; 0.7; 40.7;1971; 1.2; 0.7; 0.7;66; 27.9;B;0;-;On;On;Off; 27.9; 29.6;0;123;1326;123;1326;123;1140;1;-
2026/04/23;19:30:54;-;-; 57.23; 0.7;-; 76.2; 75.9; 42.2; 0.7; 41.4;1971; 1.2; 0.7; 0.7;65; 27.8;B;0;-;On;On;Off; 27.9; 29.6;0;123;1326;123;1326;123;1140;1;-
2026/04/23;19:31:54;-;-; 57.21; 0.6;-; 76.6; 76.7; 32.2; 0.7; 31.5;1971; 1.2; 0.7; 0.7;64; 27.8;B;0;-;On;On;Off; 27.9; 29.6;0;123;1326;123;1326;123;1140;1;-
2026/04/23;19:32:54;-;-; 57.21; 0.7;-; 76.3; 76.0; 40.6; 0.7; 39.9;1971; 1.1; 0.7; 0.7;64; 27.8;B;0;-;On;On;Off; 27.9; 29.6;0;123;1326;123;1326;123;1140;1;-
2026/04/23;19:33:54;-;-; 57.21; 0.7;-; 76.2; 76.1; 41.4; 0.7; 40.7;1971; 1.1; 0.7; 0.7;64; 27.8;B;0;-;On;On;Off; 27.9; 29.6;0;123;1326;123;1326;123;1140;1;-
2026/04/23;19:34:54;-;-; 57.21; 0.5;-; 76.0; 76.1; 31.5; 0.0; 31.5;1971; 1.1; 0.7; 0.7;63; 27.8;B;0;-;On;On;Off; 27.9; 29.5;0;123;1326;123;1326;123;1140;1;-
2026/04/23;19:35:54;-;-; 57.23; 0.8;-; 76.1; 75.4; 44.5; 0.7; 43.7;1971; 1.1; 0.7; 0.7;64; 27.8;B;0;-;On;On;Off; 27.9; 29.6;0;123;1326;123;1326;123;1140;1;-
2026/04/23;19:36:54;-;-; 57.23; 0.6;-; 76.4; 76.1; 36.8; 0.0; 36.8;1971; 1.1; 0.7; 0.7;63; 27.8;B;0;-;On;On;Off; 27.9; 29.5;0;123;1326;123;1326;123;1140;1;-
2026/04/23;19:37:54;-;-; 57.23; 0.7;-; 76.6; 76.1; 39.1; 0.0; 39.1;1971; 1.1; 0.7; 0.7;63; 27.8;B;0;-;On;On;Off; 27.9; 29.5;0;123;1326;123;1326;123;1140;1;-
2026/04/23;19:38:54;-;-; 57.25; 0.7;-; 76.2; 75.8; 39.2; 0.7; 38.4;1971; 1.1; 0.7; 0.7;62; 27.8;B;0;-;On;On;Off; 27.9; 29.5;0;123;1326;123;1326;123;1140;1;-
2026/04/23;19:39:54;-;-; 57.23; 0.7;-; 75.7; 75.0; 37.6; 0.7; 36.8;1971; 1.1; 0.7; 0.7;63; 27.8;B;0;-;On;On;Off; 27.9; 29.5;0;123;1326;123;1326;123;1140;1;-
2026/04/23;19:40:54;-;-; 57.11; 0.7;-; 75.2; 74.3; 37.5; 0.0; 37.5;1971; 1.1; 0.7; 0.7;63; 27.7;B;0;-;On;On;Off; 27.9; 29.5;0;123;1326;123;1326;123;1140;1;-
2026/04/23;19:41:53;-;-; 57.23; 1.5;-; 69.7; 75.9; 83.7; 83.7; 0.0;1971; 1.1; 0.7; 0.7;61; 27.7;B;0;-;On;On;Off; 28.0; 29.5;0;123;1326;123;1326;123;1140;1;-
2026/04/23;19:42:53;-;-; 57.23; 1.0;-; 72.5; 74.7; 59.1; 47.6; 11.5;1971; 1.1; 0.7; 0.7;63; 27.7;B;0;-;On;On;Off; 29.9; 29.7;0;123;1326;123;1326;123;1140;1;-
2026/04/23;19:43:53;-;-; 57.25; 1.0;-; 73.0; 75.2; 55.3; 49.1; 6.1;1971; 1.4; 0.9; 0.9;77; 27.7;B;0;-;On;On;Off; 30.2; 29.9;0;123;1326;123;1326;123;1140;1;-
2026/04/23;19:44:53;-;-; 57.23; 1.2;-; 71.6; 75.8; 66.8; 66.8; 0.0;1971; 1.4; 0.9; 0.9;76; 27.7;B;0;-;On;On;Off; 30.4; 30.1;0;123;1326;123;1326;123;1140;1;-
2026/04/23;19:45:53;-;-; 57.23; 1.2;-; 67.3; 75.2; 66.8; 66.8; 0.0;1971; 1.3; 0.9; 0.9;75; 27.7;B;0;-;On;On;Off; 30.5; 30.2;0;123;1326;123;1326;123;1140;1;-
2026/04/23;19:46:53;-;-; 56.20; 0.3;-; 73.3; 73.7; 15.8; 15.8; 0.0;1971; 1.3; 0.9; 0.9;75; 27.7;B;0;-;On;On;Off; 30.5; 30.3;0;123;1326;123;1326;123;1140;1;-
2026/04/23;19:47:53;-;-; 55.27; 0.2;-; 73.2; 73.7; 11.8; 11.8; 0.0;1971; 1.1; 0.7; 0.7;61; 27.7;B;0;-;On;On;Off; 30.5; 28.2;0;123;1326;123;1326;123;1140;1;-
2026/04/23;19:48:53;-;-; 55.26; 0.7;-; 72.0; 71.5; 37.8; 17.0; 20.8;1971; 0.6; 0.4; 0.4;33; 27.7;B;0;-;On;On;Off; 30.3; 29.1;0;123;1326;123;1326;123;1140;1;-
2026/04/23;19:49:53;-;-; 55.00; 0.7;-; 71.8; 71.6; 38.3; 19.9; 18.5;1971; 0.8; 0.6; 0.6;42; 27.7;B;0;-;On;On;Off; 30.6; 30.0;0;123;1326;123;1326;124;1141;1;-
2026/04/23;19:50:53;-;-; 55.02; 0.7;-; 71.7; 71.6; 39.8; 20.7; 19.2;1971; 0.8; 0.7; 0.7;45; 27.6;B;0;-;On;On;Off; 30.7; 30.2;0;123;1326;123;1326;124;1141;1;-
2026/04/23;19:51:53;-;-; 55.18; 0.7;-; 71.9; 71.8; 40.7; 20.7; 20.0;1971; 0.9; 0.7; 0.7;47; 27.6;B;0;-;On;On;Off; 30.8; 30.3;0;123;1326;123;1326;124;1141;1;-
2026/04/23;19:52:53;-;-; 55.16; 0.7;-; 71.9; 71.8; 37.7; 19.2; 18.5;1971; 0.9; 0.7; 0.7;50; 27.6;B;0;-;On;On;Off; 30.9; 30.4;0;123;1326;123;1326;124;1141;1;-
2026/04/23;19:53:53;-;-; 54.96; 0.7;-; 71.6; 71.6; 37.6; 19.1; 18.4;1971; 0.9; 0.7; 0.7;47; 27.6;B;0;-;On;On;Off; 30.9; 30.5;0;123;1326;123;1326;124;1141;1;-
2026/04/23;19:54:53;-;-; 54.54; 0.4;-; 71.2; 72.7; 21.2; 21.2; 0.0;1971; 0.8; 0.6; 0.6;44; 27.6;B;0;-;On;On;Off; 30.9; 29.0;0;123;1326;123;1326;124;1141;1;-
2026/04/23;19:55:53;-;-; 54.54; 0.3;-; 72.5; 73.0; 14.6; 14.6; 0.0;1971; 0.6; 0.4; 0.4;31; 27.6;B;0;-;On;On;Off; 30.7; 28.4;0;123;1326;123;1326;124;1141;1;-
2026/04/23;19:56:53;-;-; 54.98; 0.7;-; 71.6; 71.6; 40.5; 20.6; 19.9;1971; 0.6; 0.4; 0.4;31; 27.6;B;0;-;On;On;Off; 30.8; 30.1;0;123;1326;123;1326;124;1141;1;-
2026/04/23;19:57:52;-;-; 55.04; 0.7;-; 71.8; 71.6; 37.6; 19.2; 18.5;1971; 1.0; 0.7; 0.7;52; 27.6;B;0;-;On;On;Off; 30.9; 30.4;0;123;1326;123;1326;124;1141;1;-
2026/04/23;19:58:52;-;-; 55.00; 0.7;-; 71.7; 71.6; 38.3; 19.2; 19.2;1971; 0.9; 0.7; 0.7;47; 27.6;B;0;-;On;On;Off; 31.1; 30.5;0;123;1326;123;1326;124;1141;1;-
2026/04/23;19:59:52;-;-; 55.06; 0.7;-; 71.7; 71.6; 39.8; 20.7; 19.2;1971; 0.8; 0.7; 0.7;45; 27.6;B;0;-;On;On;Off; 31.1; 30.6;0;123;1326;123;1326;124;1141;1;-
2026/04/23;20:00:52;-;-; 55.22; 0.7;-; 72.1; 71.7; 40.7; 20.7; 20.0;1971; 0.9; 0.7; 0.7;48; 27.6;B;0;-;On;On;Off; 31.2; 30.7;0;123;1326;123;1326;124;1141;1;-
2026/04/23;20:01:52;-;-; 55.27; 0.7;-; 72.2; 72.0; 39.2; 20.0; 19.3;1971; 0.9; 0.7; 0.7;50; 27.6;B;0;-;On;On;Off; 31.3; 30.7;0;124;1327;124;1327;124;1141;1;-
2026/04/23;20:02:52;-;-; 55.31; 0.5;-; 72.2; 73.2; 27.4; 20.8; 6.6;1971; 0.9; 0.7; 0.7;49; 27.6;B;0;-;On;On;Off; 31.3; 30.8;0;124;1327;124;1327;124;1141;1;-
2026/04/23;20:03:52;-;-; 55.47; 0.8;-; 72.4; 72.2; 43.1; 21.6; 21.6;1971; 0.9; 0.7; 0.7;50; 27.6;B;0;-;On;On;Off; 31.4; 30.9;0;124;1327;124;1327;124;1141;1;-
2026/04/23;20:04:52;-;-; 55.61; 0.8;-; 72.5; 72.5; 43.3; 22.4; 20.9;1971; 1.0; 0.7; 0.7;53; 27.5;B;0;-;On;On;Off; 31.4; 30.9;0;124;1327;124;1327;124;1141;1;-
2026/04/23;20:05:52;-;-; 55.61; 0.5;-; 72.6; 73.6; 28.3; 21.6; 6.7;1972; 1.0; 0.7; 0.7;55; 27.5;B;0;-;On;On;Off; 31.5; 31.0;0;124;1327;124;1327;124;1141;1;-
2026/04/23;20:06:52;-;-; 55.39; 0.4;-; 73.5; 72.2; 23.0; 4.4; 18.6;1972; 1.0; 0.7; 0.7;54; 27.5;B;0;-;On;On;Off; 31.5; 31.0;0;124;1327;124;1327;124;1141;1;-
2026/04/23;20:07:52;-;-; 55.10; 0.7;-; 71.9; 71.7; 36.9; 19.2; 17.7;1972; 0.9; 0.7; 0.7;50; 27.5;B;0;-;On;On;Off; 31.5; 31.0;0;124;1327;124;1327;124;1141;1;-
2026/04/23;20:08:52;-;-; 54.64; 0.4;-; 71.2; 72.8; 23.4; 23.4; 0.0;1972; 0.8; 0.6; 0.6;44; 27.4;B;0;-;On;On;Off; 31.5; 29.6;0;124;1327;124;1327;124;1141;1;-
2026/04/23;20:09:52;-;-; 54.64; 0.5;-; 71.3; 72.6; 28.6; 27.9; 0.7;1972; 0.6; 0.5; 0.5;32; 27.4;B;0;-;On;On;Off; 31.2; 28.9;0;124;1327;124;1327;124;1141;1;-
2026/04/23;20:10:52;-;-; 54.94; 0.6;-; 71.7; 71.6; 35.3; 21.3; 14.0;1972; 0.6; 0.4; 0.4;31; 27.4;B;0;-;On;On;Off; 31.2; 30.6;0;124;1327;124;1327;124;1141;1;-
2026/04/23;20:11:52;-;-; 54.84; 0.4;-; 71.6; 72.3; 22.0; 21.3; 0.7;1972; 0.9; 0.7; 0.7;47; 27.4;B;0;-;On;On;Off; 31.4; 30.6;0;124;1327;124;1327;124;1141;1;-
2026/04/23;20:12:51;-;-; 54.70; 0.4;-; 71.3; 72.4; 24.2; 23.4; 0.7;1972; 0.8; 0.6; 0.6;41; 27.4;B;0;-;On;On;Off; 31.2; 28.9;0;124;1327;124;1327;124;1141;1;-
2026/04/23;20:13:51;-;-; 54.80; 0.6;-; 71.5; 71.1; 35.2; 19.1; 16.1;1972; 0.6; 0.4; 0.4;31; 27.4;B;0;-;On;On;Off; 31.1; 30.1;0;124;1327;124;1327;124;1141;1;-
2026/04/23;20:14:51;-;-; 54.54; 0.6;-; 71.1; 71.0; 35.1; 19.0; 16.1;1972; 0.8; 0.6; 0.6;41; 27.4;B;0;-;On;On;Off; 31.3; 30.7;0;124;1327;124;1327;124;1141;1;-
2026/04/23;20:15:51;-;-; 54.21; 0.4;-; 70.7; 72.3; 19.6; 19.6; 0.0;1972; 0.8; 0.6; 0.6;41; 27.3;B;0;-;On;On;Off; 31.2; 29.0;0;124;1327;124;1327;124;1141;1;-
2026/04/23;20:16:51;-;-; 54.03; 0.5;-; 71.7; 70.5; 29.7; 12.3; 17.4;1972; 0.5; 0.4; 0.4;25; 27.3;B;0;-;On;On;Off; 31.0; 28.8;0;124;1327;124;1327;124;1141;1;-
2026/04/23;20:17:51;-;-; 54.27; 0.7;-; 70.9; 70.8; 35.6; 18.9; 16.7;1972; 0.6; 0.4; 0.4;29; 27.4;B;0;-;On;On;Off; 31.1; 30.5;0;124;1327;124;1327;124;1141;1;-
2026/04/23;20:18:51;-;-; 54.19; 0.4;-; 70.6; 72.3; 20.3; 20.3; 0.0;1972; 0.8; 0.6; 0.6;43; 27.3;B;0;-;On;On;Off; 31.2; 29.4;0;124;1327;124;1327;124;1141;1;-
2026/04/23;20:19:51;-;-; 53.99; 0.3;-; 70.5; 72.1; 18.8; 18.8; 0.0;1972; 0.6; 0.5; 0.5;33; 27.3;B;0;-;On;On;Off; 31.0; 28.7;0;124;1327;124;1327;124;1141;1;-
2026/04/23;20:20:51;-;-; 53.95; 0.6;-; 70.5; 70.3; 32.6; 18.1; 14.5;1972; 0.5; 0.4; 0.4;25; 27.3;B;0;-;On;On;Off; 31.0; 30.2;0;124;1327;124;1327;124;1141;1;-
2026/04/23;20:21:51;-;-; 53.93; 0.4;-; 70.3; 71.9; 19.5; 18.8; 0.7;1972; 0.7; 0.6; 0.6;36; 27.3;B;0;-;On;On;Off; 31.1; 30.6;0;124;1327;124;1327;124;1141;1;-
2026/04/23;20:22:51;-;-; 53.79; 0.3;-; 70.2; 71.7; 17.3; 16.6; 0.7;1972; 0.7; 0.5; 0.5;36; 27.3;B;0;-;On;On;Off; 31.0; 28.7;0;124;1327;124;1327;124;1141;1;-
2026/04/23;20:23:51;-;-; 53.66; 0.3;-; 71.6; 69.9; 15.0; 1.4; 13.6;1972; 0.4; 0.3; 0.3;21; 27.3;B;0;-;On;On;Off; 30.9; 29.6;0;124;1327;124;1327;124;1141;1;-
2026/04/23;20:24:51;-;-; 53.58; 0.3;-; 71.4; 69.8; 14.3; 0.7; 13.6;1972; 0.4; 0.3; 0.3;20; 27.3;B;0;-;On;On;Off; 29.1; 30.3;0;124;1327;124;1327;124;1141;1;-
2026/04/23;20:25:51;-;-; 53.54; 0.2;-; 69.9; 71.2; 12.9; 12.9; 0.0;1972; 0.3; 0.3; 0.3;14; 27.3;B;0;-;On;On;Off; 29.8; 28.6;0;124;1327;124;1327;124;1141;1;-
2026/04/23;20:26:51;-;-; 53.50; 0.2;-; 69.8; 71.2; 12.9; 12.9; 0.0;1972; 0.2; 0.2; 0.2;8; 27.3;B;0;-;On;On;Off; 30.5; 28.3;0;124;1327;124;1327;124;1141;1;-
2026/04/23;20:27:50;-;-; 53.48; 0.2;-; 71.3; 69.6; 12.2; 0.0; 12.2;1972; 0.3; 0.3; 0.3;14; 27.3;B;0;-;On;On;Off; 29.0; 30.0;0;124;1327;124;1327;124;1141;1;-
2026/04/23;20:28:50;-;-; 53.46; 0.0;-; 71.2; 71.1; 0.0; 0.0; 0.0;1972; 0.3; 0.3; 0.3;15; 27.2;B;0;-;On;On;Off; 28.7; 29.1;0;124;1327;124;1327;124;1141;1;-
2026/04/23;20:29:50;-;-; 53.42; 0.2;-; 69.7; 71.0; 12.9; 12.9; 0.0;1972; 0.1; 0.1; 0.1;7; 27.2;B;0;-;On;On;Off; 30.2; 28.1;0;124;1327;124;1327;124;1141;1;-
2026/04/23;20:30:50;-;-; 53.40; 0.2;-; 71.4; 69.5; 12.1; 0.0; 12.1;1972; 0.2; 0.2; 0.2;11; 27.2;B;0;-;On;On;Off; 29.6; 29.6;0;124;1327;124;1327;124;1141;1;-
2026/04/23;20:31:50;-;-; 53.38; 0.2;-; 71.4; 69.6; 12.1; 0.0; 12.1;1972; 0.3; 0.3; 0.3;15; 27.2;B;0;-;On;On;Off; 28.6; 29.9;0;124;1327;124;1327;124;1141;1;-
2026/04/23;20:32:50;-;-; 53.38; 0.3;-; 69.8; 71.0; 13.6; 13.6; 0.0;1972; 0.2; 0.2; 0.2;9; 27.2;B;0;-;On;On;Off; 29.9; 28.0;0;124;1327;124;1327;124;1141;1;-
2026/04/23;20:33:50;-;-; 53.36; 0.5;-; 69.6; 69.5; 25.0; 12.9; 12.1;1972; 0.2; 0.2; 0.2;9; 27.2;B;0;-;On;On;Off; 30.1; 28.6;0;124;1327;124;1327;124;1141;1;-
2026/04/23;20:34:50;-;-; 53.34; 0.2;-; 71.1; 69.6; 11.4; 0.7; 10.7;1972; 0.3; 0.3; 0.3;15; 27.2;B;0;-;On;On;Off; 28.5; 29.7;0;124;1327;124;1327;124;1141;1;-
2026/04/23;20:35:50;-;-; 53.32; 0.2;-; 69.7; 70.7; 12.1; 12.1; 0.0;1972; 0.2; 0.2; 0.2;9; 27.2;B;0;-;On;On;Off; 28.9; 28.1;0;124;1327;124;1327;124;1141;1;-
2026/04/23;20:36:50;-;-; 53.32; 0.2;-; 69.4; 70.7; 11.4; 11.4; 0.0;1972; 0.1; 0.1; 0.1;4; 27.1;B;0;-;On;On;Off; 30.0; 27.8;0;124;1327;124;1327;124;1141;1;-
2026/04/23;20:37:50;-;-; 53.30; 0.2;-; 70.8; 69.3; 10.7; 0.0; 10.7;1972; 0.2; 0.2; 0.2;9; 27.1;B;0;-;On;On;Off; 28.6; 29.5;0;124;1327;124;1327;124;1141;1;-
2026/04/23;20:38:50;-;-; 53.26; 0.0;-; 70.9; 70.6; 0.0; 0.0; 0.0;1972; 0.2; 0.3; 0.3;11; 27.1;B;0;-;On;On;Off; 28.2; 29.1;0;124;1327;124;1327;124;1141;1;-
2026/04/23;20:39:50;-;-; 53.28; 0.2;-; 69.5; 70.8; 12.1; 12.1; 0.0;1972; 0.1; 0.1; 0.1;5; 27.1;B;0;-;On;On;Off; 29.8; 27.7;0;124;1327;124;1327;124;1141;1;-
2026/04/23;20:40:50;-;-; 53.26; 0.2;-; 70.8; 69.4; 10.0; 0.0; 10.0;1972; 0.2; 0.2; 0.2;9; 27.1;B;0;-;On;On;Off; 29.5; 29.1;0;124;1327;124;1327;124;1141;1;-
2026/04/23;20:41:50;-;-; 53.24; 0.2;-; 70.5; 69.3; 10.7; 0.7; 10.0;1972; 0.2; 0.3; 0.3;11; 27.1;B;0;-;On;On;Off; 28.2; 29.5;0;124;1327;124;1327;124;1141;1;-
2026/04/23;20:42:49;-;-; 53.22; 0.2;-; 69.4; 70.2; 9.3; 9.3; 0.0;1972; 0.1; 0.2; 0.2;6; 27.0;B;0;-;On;On;Off; 29.4; 27.7;0;124;1327;124;1327;124;1141;1;-
2026/04/23;20:43:49;-;-; 53.20; 0.3;-; 69.4; 69.3; 17.1; 9.3; 7.8;1972; 0.0; 0.1; 0.1;1; 27.0;B;0;-;On;On;Off; 29.8; 27.9;0;124;1327;124;1327;124;1141;1;-
2026/04/23;20:44:49;-;-; 53.20; 0.1;-; 70.2; 70.5; 3.6; 0.0; 3.6;1972; 0.1; 0.2; 0.2;6; 27.0;B;0;-;On;On;Off; 28.2; 29.4;0;124;1327;124;1327;124;1141;1;-
2026/04/23;20:45:49;-;-; 53.16; 0.1;-; 69.3; 70.0; 7.8; 7.8; 0.0;1972; 0.1; 0.2; 0.2;3; 27.0;B;0;-;On;On;Off; 28.2; 28.0;0;124;1327;124;1327;124;1141;1;-
2026/04/23;20:46:49;-;-; 53.18; 0.2;-; 69.5; 70.0; 8.5; 8.5; 0.0;1972; 0.0; 0.1; 0.1;1; 27.0;B;0;-;On;On;Off; 29.7; 27.5;0;124;1327;124;1327;124;1141;1;-
2026/04/23;20:47:49;-;-; 53.16; 0.2;-; 70.1; 69.1; 8.5; 0.7; 7.8;1972; 0.1; 0.2; 0.2;3; 27.0;B;0;-;On;On;Off; 28.5; 29.2;0;124;1327;124;1327;124;1141;1;-
2026/04/23;20:48:49;-;-; 53.16; 0.0;-; 69.9; 69.9; 0.0; 0.0; 0.0;1972; 0.1; 0.2; 0.2;4; 27.0;B;0;-;On;On;Off; 28.0; 29.2;0;124;1327;124;1327;124;1141;1;-
2026/04/23;20:49:49;-;-; 53.14; 0.1;-; 69.4; 69.6; 7.1; 7.1; 0.0;1972; 0.0; 0.1; 0.1;1; 27.0;B;0;-;On;On;Off; 29.5; 27.4;0;124;1327;124;1327;124;1141;1;-
2026/04/23;20:50:49;-;-; 53.10; 0.1;-; 69.7; 69.1; 6.4; 0.0; 6.4;1972; 0.0; 0.1; 0.1;1; 27.0;B;0;-;On;On;Off; 29.6; 28.6;0;124;1327;124;1327;124;1141;1;-
2026/04/23;20:51:49;-;-; 53.10; 0.1;-; 69.6; 69.2; 5.7; 0.0; 5.7;1972;-0.0; 0.2; 0.2;-1; 26.9;B;0;-;On;On;Off; 28.0; 29.3;0;124;1327;124;1327;124;1141;1;-
2026/04/23;20:52:49;-;-; 53.10; 0.1;-; 69.3; 69.2; 5.7; 5.7; 0.0;1972;-0.0; 0.1; 0.1;0; 26.9;B;0;-;On;On;Off; 28.9; 27.5;0;124;1327;124;1327;124;1141;1;-
2026/04/23;20:53:49;-;-; 53.04; 0.1;-; 70.5; 69.2; 5.6; 0.7; 4.9;1972;-0.0; 0.1; 0.1;-1; 26.9;B;0;-;On;On;Off; 29.6; 27.4;0;124;1327;124;1327;124;1141;1;-
2026/04/23;20:54:49;-;-; 53.04; 0.1;-; 68.9; 69.1; 4.9; 0.0; 4.9;1972;-0.0; 0.1; 0.1;-2; 26.9;B;0;-;On;On;Off; 28.1; 29.2;0;124;1327;124;1327;124;1141;1;-
2026/04/23;20:55:49;-;-; 53.06; 0.0;-; 69.3; 68.6; 2.1; 2.1; 0.0;1972;-0.1; 0.1; 0.1;-4; 26.9;B;0;-;On;On;Off; 27.8; 28.1;0;124;1327;124;1327;124;1141;1;-
2026/04/23;20:56:49;-;-; 53.04; 0.1;-; 69.3; 68.3; 4.2; 4.2; 0.0;1972;-0.1; 0.1; 0.1;-3; 26.9;B;0;-;On;On;Off; 29.4; 27.3;0;124;1327;124;1327;124;1141;1;-
2026/04/23;20:57:48;-;-; 53.01; 0.1;-; 68.5; 69.1; 4.2; 0.0; 4.2;1972;-0.1; 0.1; 0.1;-6; 26.9;B;0;-;On;On;Off; 28.6; 28.9;0;124;1327;124;1327;124;1141;1;-
2026/04/23;20:58:48;-;-; 52.99; 0.1;-; 68.3; 69.1; 3.6; 0.0; 3.6;1972;-0.1; 0.1; 0.1;-7; 26.9;B;0;-;On;On;Off; 27.8; 29.2;0;124;1327;124;1327;124;1141;1;-
2026/04/23;20:59:48;-;-; 52.99; 0.1;-; 69.1; 68.4; 4.2; 4.2; 0.0;1972;-0.1; 0.1; 0.1;-6; 26.9;B;0;-;On;On;Off; 29.2; 27.3;0;124;1327;124;1327;124;1141;1;-
2026/04/23;21:00:48;-;-; 52.95; 0.1;-; 69.1; 68.9; 7.8; 4.2; 3.6;1972;-0.1; 0.1; 0.1;-4; 26.9;B;0;-;On;On;Off; 29.5; 28.1;0;124;1327;124;1327;124;1141;1;-
2026/04/23;21:01:48;-;-; 52.97; 0.0;-; 68.4; 70.3; 0.0; 0.0; 0.0;1972;-0.1; 0.1; 0.1;-7; 26.8;B;0;-;On;On;Off; 27.8; 29.1;0;124;1327;124;1327;124;1141;1;-
2026/04/23;21:02:48;-;-; 52.97; 0.1;-; 69.0; 68.3; 4.2; 4.2; 0.0;1972;-0.1; 0.1; 0.1;-5; 26.8;B;0;-;On;On;Off; 28.4; 27.5;0;124;1327;124;1327;124;1141;1;-
2026/04/23;21:03:48;-;-; 52.97; 0.1;-; 69.1; 68.2; 4.2; 4.2; 0.0;1972;-0.1; 0.1; 0.1;-4; 26.8;B;0;-;On;On;Off; 29.4; 27.2;0;124;1327;124;1327;124;1141;1;-
2026/04/23;21:04:48;-;-; 52.97; 0.1;-; 68.1; 69.1; 3.6; 0.0; 3.6;1972;-0.1; 0.1; 0.1;-6; 26.8;B;0;-;On;On;Off; 28.0; 29.0;0;124;1327;124;1327;124;1141;1;-
2026/04/23;21:05:48;-;-; 52.97; 0.0;-; 68.4; 68.1; 0.0; 0.0; 0.0;1973;-0.1; 0.1; 0.1;-7; 26.8;B;0;-;On;On;Off; 27.7; 28.2;0;124;1327;124;1327;124;1141;1;-
2026/04/23;21:06:48;-;-; 52.95; 0.1;-; 69.2; 68.1; 4.2; 4.2; 0.0;1973;-0.1; 0.1; 0.1;-4; 26.8;B;0;-;On;On;Off; 29.3; 27.2;0;124;1327;124;1327;124;1141;1;-
2026/04/23;21:07:48;-;-; 52.93; 0.1;-; 68.0; 69.0; 3.5; 0.0; 3.5;1973;-0.1; 0.1; 0.1;-7; 26.7;B;0;-;On;On;Off; 28.8; 28.7;0;124;1327;124;1327;124;1141;1;-
2026/04/23;21:08:48;-;-; 52.93; 0.1;-; 67.9; 68.9; 2.8; 0.0; 2.8;1973;-0.2; 0.1; 0.1;-8; 26.7;B;0;-;On;On;Off; 27.7; 29.0;0;124;1327;124;1327;124;1141;1;-
2026/04/23;21:09:48;-;-; 52.93; 0.1;-; 69.2; 67.6; 2.8; 2.8; 0.0;1973;-0.1; 0.1; 0.1;-6; 26.7;B;0;-;On;On;Off; 29.0; 27.2;0;124;1327;124;1327;124;1141;1;-
2026/04/23;21:10:48;-;-; 52.91; 0.1;-; 69.0; 67.4; 2.8; 2.8; 0.0;1973;-0.1; 0.0; 0.0;-5; 26.7;B;0;-;On;On;Off; 29.3; 27.2;0;124;1327;124;1327;124;1141;1;-
2026/04/23;21:11:48;-;-; 52.97; 0.0;-; 67.0; 67.0; 0.0; 0.0; 0.0;1973;-0.2; 0.1; 0.1;-8; 26.7;B;0;-;On;On;Off; 27.5; 27.0;0;124;1327;124;1327;124;1141;1;-
2026/04/23;21:12:47;-;-; 52.97; 0.0;-; 66.6; 66.6; 0.0; 0.0; 0.0;1973;-0.0; 0.0; 0.0;-1; 26.7;B;0;-;On;On;Off; 27.3; 26.7;0;124;1327;124;1327;124;1141;1;-
2026/04/23;21:13:47;-;-; 52.99; 0.0;-; 66.3; 66.1; 0.0; 0.0; 0.0;1973;-0.0; 0.0; 0.0;-1; 26.7;B;0;-;On;On;Off; 27.0; 26.6;0;124;1327;124;1327;124;1141;1;-
2026/04/23;21:14:47;-;-; 53.01; 0.0;-; 65.6; 65.6; 0.0; 0.0; 0.0;1973;-0.0; 0.0; 0.0;0; 26.7;B;0;-;On;On;Off; 26.8; 26.5;0;124;1327;124;1327;124;1141;1;-
2026/04/23;21:15:47;-;-; 53.03; 0.0;-; 65.3; 65.1; 0.7; 0.7; 0.0;1973;-0.0; 0.0; 0.0;0; 26.6;B;0;-;On;On;Off; 26.7; 26.4;0;124;1327;124;1327;124;1141;1;-
2026/04/23;21:16:47;-;-; 53.03; 0.0;-; 64.7; 64.5; 0.0; 0.0; 0.0;1973; 0.0; 0.0; 0.0;0; 26.6;B;0;-;On;On;Off; 26.7; 26.2;0;124;1327;124;1327;124;1141;1;-
2026/04/23;21:17:47;-;-; 53.03; 0.0;-; 64.4; 64.2; 0.7; 0.7; 0.0;1973;-0.0; 0.0; 0.0;0; 26.7;B;0;-;On;On;Off; 26.6; 26.2;0;124;1327;124;1327;124;1141;1;-
2026/04/23;21:18:47;-;-; 53.03; 0.0;-; 64.0; 63.8; 0.0; 0.0; 0.0;1973;-0.0; 0.0; 0.0;0; 26.6;B;0;-;On;On;Off; 26.4; 26.1;0;124;1327;124;1327;124;1141;1;-
2026/04/23;21:19:47;-;-; 53.03; 0.0;-; 63.5; 63.4; 0.7; 0.7; 0.0;1973;-0.0; 0.0; 0.0;0; 26.6;B;0;-;On;On;Off; 26.4; 25.9;0;124;1327;124;1327;124;1141;1;-
2026/04/23;21:20:47;-;-; 53.04; 0.0;-; 63.2; 62.8; 0.0; 0.0; 0.0;1973;-0.0; 0.0; 0.0;-1; 26.6;B;0;-;On;On;Off; 26.3; 26.0;0;124;1327;124;1327;124;1141;1;-
2026/04/23;21:21:47;-;-; 53.03; 0.0;-; 62.2; 62.2; 0.0; 0.0; 0.0;1973;-0.0; 0.0; 0.0;-1; 26.6;B;0;-;On;On;Off; 26.2; 25.8;0;124;1327;124;1327;124;1141;1;-
2026/04/23;21:22:47;-;-; 53.04; 0.0;-; 61.5; 61.4; 0.0; 0.0; 0.0;1973;-0.0; 0.0; 0.0;-1; 26.6;B;0;-;On;On;Off; 26.2; 25.7;0;124;1327;124;1327;124;1141;1;-
2026/04/23;21:23:47;-;-; 53.04; 0.0;-; 61.0; 60.9; 0.7; 0.7; 0.0;1973;-0.0; 0.0; 0.0;-1; 26.6;B;0;-;On;On;Off; 26.1; 25.6;0;124;1327;124;1327;124;1141;1;-
2026/04/23;21:24:47;-;-; 53.03; 0.0;-; 60.3; 60.1; 0.0; 0.0; 0.0;1973;-0.0; 0.0; 0.0;-1; 26.6;B;0;-;On;On;Off; 25.9; 25.6;0;124;1327;124;1327;124;1141;1;-
2026/04/23;21:25:47;-;-; 53.03; 0.0;-; 59.6; 59.4; 0.7; 0.7; 0.0;1973;-0.0; 0.0; 0.0;0; 26.5;B;0;-;On;On;Off; 25.9; 25.5;0;124;1327;124;1327;124;1141;1;-
2026/04/23;21:26:47;-;-; 53.04; 0.0;-; 58.8; 58.6; 0.0; 0.0; 0.0;1973;-0.0; 0.0; 0.0;-1; 26.5;B;0;-;On;On;Off; 25.8; 25.4;0;124;1327;124;1327;124;1141;1;-
2026/04/23;21:27:46;-;-; 53.04; 0.0;-; 58.2; 57.9; 0.0; 0.0;-;1973;-0.0; 0.0; 0.0;0; 26.5;B;0;-;On;On;Off; 25.8; 25.4;0;124;1327;124;1327;124;1141;1;-
2026/04/23;21:28:46;-;-; 53.04; 0.0;-; 57.7; 57.3; 0.0;-;-;1973;-0.0; 0.0; 0.0;0; 26.5;B;0;-;On;On;Off; 25.7; 25.3;0;124;1327;124;1327;124;1141;0;-
2026/04/23;21:29:46;-;-; 53.04; 0.0;-; 57.0; 56.7; 0.0;-;-;1973;-0.0; 0.0; 0.0;-1; 26.5;B;0;-;On;On;Off; 25.6; 25.2;0;124;1327;124;1327;124;1141;0;-
2026/04/23;21:30:46;-;-; 53.04; 0.0;-; 56.4; 56.0; 0.0;-;-;1973;-0.0; 0.0; 0.0;0; 26.5;B;0;-;On;On;Off; 25.5; 25.2;0;124;1327;124;1327;124;1141;0;-
2026/04/23;21:31:46;-;-; 53.04; 0.0;-; 55.7; 55.2; 0.0;-;-;1973; 0.0; 0.0; 0.0;0; 26.5;B;0;-;On;On;Off; 25.4; 25.1;0;124;1327;124;1327;124;1141;0;-
2026/04/23;21:32:46;-;-; 53.04; 0.0;-; 55.1; 54.7; 0.0;-;-;1973; 0.0; 0.0; 0.0;0; 26.5;B;0;-;On;On;Off; 25.3; 25.0;0;124;1327;124;1327;124;1141;0;-
2026/04/23;21:33:46;-;-; 53.04; 0.0;-; 54.7; 53.9; 0.0;-;-;1973; 0.0; 0.0; 0.0;0; 26.5;B;0;-;On;On;Off; 25.2; 25.0;0;124;1327;124;1327;124;1141;0;-
2026/04/23;21:34:46;-;-; 53.04; 0.0;-; 53.8; 53.4; 0.0;-;-;1973;-0.0; 0.0; 0.0;0; 26.4;B;0;-;On;On;Off; 25.2; 24.9;0;124;1327;124;1327;124;1141;0;-
2026/04/23;21:35:46;-;-; 53.04; 0.0;-; 53.3; 52.5; 0.0;-;-;1973; 0.0; 0.0; 0.0;0; 26.4;B;0;-;On;On;Off; 25.1; 24.9;0;124;1327;124;1327;124;1141;0;-
2026/04/23;21:36:46;-;-; 53.04; 0.0;-; 52.5; 51.7; 0.0;-;-;1973;-0.0; 0.0; 0.0;0; 26.4;B;0;-;On;On;Off; 25.1; 24.8;0;124;1327;124;1327;124;1141;0;-
2026/04/23;21:37:46;-;-; 53.04; 0.0;-; 51.8; 51.0; 0.0;-;-;1973; 0.0; 0.0; 0.0;0; 26.4;B;0;-;On;On;Off; 25.0; 24.7;0;124;1327;124;1327;124;1141;0;-
2026/04/23;21:38:46;-;-; 53.04; 0.0;-; 51.0; 50.2; 0.0;-;-;1973; 0.0; 0.0; 0.0;0; 26.4;B;0;-;On;On;Off; 25.0; 24.7;0;124;1327;124;1327;124;1141;0;-
2026/04/23;21:39:46;-;-; 53.04; 0.0;-; 50.3; 49.5; 0.0;-;-;1973; 0.0; 0.0; 0.0;0; 26.4;B;0;-;On;On;Off; 24.9; 24.6;0;124;1327;124;1327;124;1141;0;-
2026/04/23;21:40:46;-;-; 53.04; 0.0;-; 49.5; 48.4; 0.0;-;-;1973;-0.0; 0.0; 0.0;0; 26.4;B;0;-;On;On;Off; 24.9; 24.6;0;124;1327;124;1327;124;1141;0;-
2026/04/23;21:41:46;-;-; 53.04; 0.0;-; 48.6; 47.6; 0.0;-;-;1973; 0.0; 0.0; 0.0;0; 26.4;B;0;-;On;On;Off; 24.8; 24.5;0;124;1327;124;1327;124;1141;0;-
2026/04/23;21:42:45;-;-; 53.04; 0.0;-; 47.7; 46.8; 0.0;-;-;1973; 0.0; 0.0; 0.0;0; 26.4;B;0;-;On;On;Off; 24.8; 24.5;0;124;1327;124;1327;124;1141;0;-
2026/04/23;21:43:45;-;-; 53.03; 0.0;-; 47.0; 46.0; 0.0;-;-;1973; 0.0; 0.0; 0.0;0; 26.4;B;0;-;On;On;Off; 24.7; 24.4;0;124;1327;124;1327;124;1141;0;-
2026/04/23;21:44:45;-;-; 53.04; 0.0;-; 46.2; 45.0; 0.0;-;-;1973;-0.0; 0.0; 0.0;0; 26.4;B;0;-;On;On;Off; 24.7; 24.4;0;124;1327;124;1327;124;1141;0;-
2026/04/23;21:45:45;-;-; 53.04; 0.0;-; 45.3; 44.3; 0.0;-;-;1973; 0.0; 0.0; 0.0;0; 26.4;B;0;-;On;On;Off; 24.6; 24.3;0;124;1327;124;1327;124;1141;0;-
2026/04/23;21:46:45;-;-; 53.04; 0.0;-; 44.5; 43.4; 0.0;-;-;1973;-0.0; 0.0; 0.0;0; 26.4;B;0;-;On;On;Off; 24.6; 24.3;0;124;1327;124;1327;124;1141;0;-
2026/04/23;21:47:45;-;-; 53.03; 0.0;-; 43.7; 42.4; 0.0;-;-;1973;-0.0; 0.0; 0.0;0; 26.4;B;0;-;On;On;Off; 24.6; 24.3;0;124;1327;124;1327;124;1141;0;-
2026/04/23;21:48:45;-;-; 53.04; 0.0;-; 42.8; 41.4; 0.0;-;-;1973;-0.0; 0.0; 0.0;0; 26.3;B;0;-;On;On;Off; 24.5; 24.2;0;124;1327;124;1327;124;1141;0;-
2026/04/23;21:49:45;-;-; 53.04; 0.0;-; 41.8; 40.6; 0.0;-;-;1973;-0.0; 0.0; 0.0;0; 26.3;B;0;-;On;On;Off; 24.5; 24.2;0;124;1327;124;1327;124;1141;0;-
2026/04/23;21:50:45;-;-; 53.04; 0.0;-; 40.8; 39.4; 0.0;-;-;1973;-0.0; 0.0; 0.0;0; 26.3;B;0;-;On;On;Off; 24.4; 24.2;0;124;1327;124;1327;124;1141;0;-
2026/04/23;21:51:45;-;-; 53.03; 0.0;-; 39.7; 38.4; 0.0;-;-;1973;-0.0; 0.0; 0.0;0; 26.3;B;0;-;On;On;Off; 24.4; 24.1;0;124;1327;124;1327;124;1141;0;-
2026/04/23;21:52:45;-;-; 53.03; 0.0;-; 38.7; 37.5; 0.0;-;-;1973;-0.0; 0.0; 0.0;0; 26.3;B;0;-;On;On;Off; 24.4; 24.1;0;124;1327;124;1327;124;1141;0;-
2026/04/23;21:53:45;-;-; 53.03; 0.0;-; 37.7; 36.6; 0.0;-;-;1973; 0.0; 0.0; 0.0;0; 26.3;B;0;-;On;On;Off; 24.3; 24.1;0;124;1327;124;1327;124;1141;0;-
2026/04/23;21:54:45;-;-; 53.01; 0.0;-; 36.7; 35.7; 0.0;-;-;1973;-0.0; 0.0; 0.0;0; 26.3;B;0;-;On;On;Off; 24.3; 24.0;0;124;1327;124;1327;124;1141;0;-
2026/04/23;21:55:45;-;-; 53.03; 0.0;-; 35.8; 34.6; 0.0;-;-;1973;-0.0; 0.0; 0.0;0; 26.3;B;0;-;On;On;Off; 24.3; 24.0;0;124;1327;124;1327;124;1141;0;-
2026/04/23;21:56:45;-;-; 53.03; 0.0;-; 34.8; 33.8; 0.0;-;-;1973; 0.0; 0.0; 0.0;0; 26.3;B;0;-;On;On;Off; 24.2; 24.0;0;124;1327;124;1327;124;1141;0;-
2026/04/23;21:57:45;-;-; 53.01; 0.0;-; 33.9; 33.0; 0.0;-;-;1973; 0.0; 0.0; 0.0;0; 26.3;B;0;-;On;On;Off; 24.2; 24.0;0;124;1327;124;1327;124;1141;0;-
2026/04/23;21:58:44;-;-; 53.03; 0.0;-; 32.6; 31.3; 0.0;-;-;1973;-0.0; 0.0; 0.0;0; 26.3;B;0;-;On;On;Off; 24.2; 23.9;0;124;1327;124;1327;124;1141;0;-
2026/04/23;21:59:44;-;-; 53.03; 0.0;-; 31.6; 30.1; 0.0;-;-;1973;-0.0; 0.0; 0.0;0; 26.3;B;0;-;On;On;Off; 24.2; 23.9;0;124;1327;124;1327;124;1141;0;-
2026/04/23;22:00:44;-;-; 53.03; 0.0;-; 30.5; 29.1; 0.0;-;-;1973;-0.0; 0.0; 0.0;-1; 26.3;B;0;-;On;On;Off; 24.1; 23.9;0;124;1327;124;1327;124;1141;0;-
2026/04/23;22:01:44;-;-; 53.03; 0.0;-; 29.6; 28.1; 0.0;-;-;1973;-0.0; 0.0; 0.0;-1; 26.3;B;0;-;On;On;Off; 24.1; 23.8;0;124;1327;124;1327;124;1141;0;-
2026/04/23;22:02:44;-;-; 53.03; 0.0;-; 28.7; 27.4; 0.0;-;-;1973;-0.0; 0.0; 0.0;0; 26.3;B;0;-;On;On;Off; 24.1; 23.8;0;124;1327;124;1327;124;1141;0;-
2026/04/23;22:03:44;-;-; 53.03; 0.0;-; 28.1; 26.5; 0.0;-;-;1973;-0.0; 0.0; 0.0;0; 26.3;B;0;-;On;On;Off; 24.1; 23.8;0;124;1327;124;1327;124;1141;0;-
2026/04/23;22:04:44;-;-; 53.03; 0.0;-; 27.4; 25.7; 0.0;-;-;1973;-0.0; 0.0; 0.0;0; 26.3;B;0;-;On;On;Off; 24.0; 23.8;0;124;1327;124;1327;124;1141;0;-
2026/04/23;22:05:44;-;-; 53.03; 0.0;-; 26.8; 25.0; 0.0;-;-;1974;-0.0; 0.0; 0.0;0; 26.3;B;0;-;On;On;Off; 24.0; 23.8;0;124;1327;124;1327;124;1141;0;-
2026/04/23;22:06:44;-;-; 53.03; 0.0;-; 26.1; 24.5; 0.0;-;-;1974;-0.0; 0.0; 0.0;0; 26.2;B;0;-;On;On;Off; 24.0; 23.8;0;124;1327;124;1327;124;1141;0;-
2026/04/23;22:07:44;-;-; 53.01; 0.0;-; 25.5; 23.9; 0.0;-;-;1974;-0.0; 0.0; 0.0;0; 26.2;B;0;-;On;On;Off; 24.0; 23.7;0;124;1327;124;1327;124;1141;0;-
2026/04/23;22:08:44;-;-; 53.01; 0.0;-; 24.9; 23.1; 0.0;-;-;1974;-0.0; 0.0; 0.0;0; 26.2;B;0;-;On;On;Off; 24.0; 23.7;0;124;1327;124;1327;124;1141;0;-
2026/04/23;22:09:44;-;-; 53.01; 0.0;-; 24.5; 22.7; 0.0;-;-;1974;-0.0; 0.0; 0.0;0; 26.2;B;0;-;On;On;Off; 24.0; 23.7;0;124;1327;124;1327;124;1141;0;-
2026/04/23;22:10:44;-;-; 53.01; 0.0;-; 24.0; 22.5; 0.0;-;-;1974;-0.0; 0.0; 0.0;0; 26.2;B;0;-;On;On;Off; 23.9; 23.7;0;124;1327;124;1327;124;1141;0;-
2026/04/23;22:11:44;-;-; 53.01; 0.0;-; 23.5; 22.0; 0.0;-;-;1974;-0.0; 0.0; 0.0;0; 26.2;B;0;-;On;On;Off; 23.9; 23.6;0;124;1327;124;1327;124;1141;0;-
2026/04/23;22:12:44;-;-; 53.01; 0.0;-; 23.3; 21.7; 0.0;-;-;1974;-0.0; 0.0; 0.0;0; 26.2;B;0;-;On;On;Off; 23.9; 23.6;0;124;1327;124;1327;124;1141;0;-
2026/04/23;22:13:43;-;-; 53.01; 0.0;-; 22.5; 21.0; 0.0;-;-;1974;-0.0; 0.0; 0.0;0; 26.2;B;0;-;On;On;Off; 23.9; 23.6;0;124;1327;124;1327;124;1141;0;-
2026/04/23;22:14:43;-;-; 53.01; 0.0;-; 21.8; 20.2; 0.0;-;-;1974;-0.0; 0.0; 0.0;-1; 26.1;B;0;-;On;On;Off; 23.8; 23.6;0;124;1327;124;1327;124;1141;0;-
2026/04/23;22:15:43;-;-; 53.01; 0.0;-; 20.9; 19.4; 0.0;-;-;1974;-0.0; 0.0; 0.0;-1; 26.1;B;0;-;On;On;Off; 23.8; 23.6;0;124;1327;124;1327;124;1141;0;-
2026/04/23;22:16:43;-;-; 52.99; 0.0;-; 20.0; 18.4; 0.0;-;-;1974;-0.0; 0.0; 0.0;-1; 26.1;B;0;-;On;On;Off; 23.8; 23.5;0;124;1327;124;1327;124;1141;0;-
2026/04/23;22:17:43;-;-; 53.01; 0.0;-; 19.1; 17.2; 0.0;-;-;1974;-0.0; 0.0; 0.0;-2; 26.1;B;0;-;On;On;Off; 23.8; 23.5;0;124;1327;124;1327;124;1141;0;-
2026/04/23;22:18:43;-;-; 53.01; 0.0;-; 18.3; 16.6; 0.0;-;-;1974;-0.0; 0.0; 0.0;-1; 26.2;B;0;-;On;On;Off; 23.8; 23.5;0;124;1327;124;1327;124;1141;0;-
2026/04/23;22:19:43;-;-; 52.99; 0.0;-; 17.7; 15.9; 0.0;-;-;1974;-0.0; 0.0; 0.0;-1; 26.2;B;0;-;On;On;Off; 23.8; 23.5;0;124;1327;124;1327;124;1141;0;-
2026/04/23;22:20:43;-;-; 53.01; 0.0;-; 17.1; 15.5; 0.0;-;-;1974;-0.0; 0.0; 0.0;-1; 26.2;B;0;-;On;On;Off; 23.8; 23.5;0;124;1327;124;1327;124;1141;0;-
2026/04/23;22:21:43;-;-; 53.01; 0.0;-; 16.7; 14.9; 0.0;-;-;1974;-0.0; 0.0; 0.0;-1; 26.2;B;0;-;On;On;Off; 23.8; 23.5;0;124;1327;124;1327;124;1141;0;-
2026/04/23;22:22:43;-;-; 53.01; 0.0;-; 16.0; 14.3; 0.0;-;-;1974;-0.0; 0.0; 0.0;-1; 26.2;B;0;-;On;On;Off; 23.8; 23.5;0;124;1327;124;1327;124;1141;0;-
2026/04/23;22:23:43;-;-; 52.99; 0.0;-; 15.7; 13.9; 0.0;-;-;1974;-0.0; 0.0; 0.0;-1; 26.2;B;0;-;On;On;Off; 23.7; 23.5;0;124;1327;124;1327;124;1141;0;-
2026/04/23;22:24:43;-;-; 52.99; 0.0;-; 15.2; 13.2; 0.0;-;-;1974;-0.0; 0.0; 0.0;-1; 26.2;B;0;-;On;On;Off; 23.7; 23.4;0;124;1327;124;1327;124;1141;0;-
2026/04/23;22:25:43;-;-; 52.99; 0.0;-; 14.9; 13.2; 0.0;-;-;1974;-0.0; 0.0; 0.0;-1; 26.1;B;0;-;On;On;Off; 23.7; 23.4;0;124;1327;124;1327;124;1141;0;-
2026/04/23;22:26:43;-;-; 52.99; 0.0;-; 14.6; 12.6; 0.0;-;-;1974;-0.0; 0.0; 0.0;-1; 26.1;B;0;-;On;On;Off; 23.7; 23.4;0;124;1327;124;1327;124;1141;0;-
2026/04/23;22:27:43;-;-; 52.99; 0.0;-; 14.5; 12.5; 0.0;-;-;1974;-0.0; 0.0; 0.0;-1; 26.1;B;0;-;On;On;Off; 23.7; 23.4;0;124;1327;124;1327;124;1141;0;-
2026/04/23;22:28:43;-;-; 52.99; 0.0;-; 14.3; 12.3; 0.0;-;-;1974;-0.0; 0.0; 0.0;0; 26.1;B;0;-;On;On;Off; 23.7; 23.4;0;124;1327;124;1327;124;1141;0;-
2026/04/23;22:29:42;-;-; 52.99; 0.0;-; 13.8; 11.9; 0.0;-;-;1974;-0.0; 0.0; 0.0;-1; 26.1;B;0;-;On;On;Off; 23.6; 23.4;0;124;1327;124;1327;124;1141;0;-
2026/04/23;22:30:42;-;-; 52.99; 0.0;-; 13.6; 11.6; 0.0;-;-;1974;-0.0; 0.0; 0.0;0; 26.1;B;0;-;On;On;Off; 23.6; 23.3;0;124;1327;124;1327;124;1141;0;-
2026/04/23;22:31:42;-;-; 52.97; 0.0;-; 13.3; 11.4; 0.0;-;-;1974;-0.0; 0.0; 0.0;0; 26.1;B;0;-;On;On;Off; 23.6; 23.3;0;124;1327;124;1327;124;1141;0;-
2026/04/23;22:32:42;-;-; 52.97; 0.0;-; 12.9; 11.0; 0.0;-;-;1974;-0.0; 0.0; 0.0;-1; 26.0;B;0;-;On;On;Off; 23.6; 23.3;0;124;1327;124;1327;124;1141;0;-
2026/04/23;22:33:42;-;-; 52.99; 0.0;-; 12.7; 11.0; 0.0;-;-;1974;-0.0; 0.0; 0.0;-1; 26.0;B;0;-;On;On;Off; 23.6; 23.3;0;124;1327;124;1327;124;1141;0;-
2026/04/23;22:34:42;-;-; 52.99; 0.0;-; 12.6; 10.7; 0.0;-;-;1974;-0.0; 0.0; 0.0;-1; 26.0;B;0;-;On;On;Off; 23.6; 23.3;0;124;1327;124;1327;124;1141;0;-
2026/04/23;22:35:42;-;-; 52.99; 0.0;-; 12.1; 10.3; 0.0;-;-;1974;-0.0; 0.0; 0.0;-1; 26.0;B;0;-;On;On;Off; 23.6; 23.3;0;124;1327;124;1327;124;1141;0;-
2026/04/23;22:36:42;-;-; 52.99; 0.0;-; 12.0; 10.0; 0.0;-;-;1974;-0.0; 0.0; 0.0;-1; 26.0;B;0;-;On;On;Off; 23.5; 23.3;0;124;1327;124;1327;124;1141;0;-
2026/04/23;22:37:42;-;-; 52.99; 0.0;-; 11.5; 9.7; 0.0;-;-;1974;-0.0; 0.0; 0.0;-1; 26.0;B;0;-;On;On;Off; 23.5; 23.3;0;124;1327;124;1327;124;1141;0;-
2026/04/23;22:38:42;-;-; 52.97; 0.0;-; 11.5; 9.5; 0.0;-;-;1974;-0.0; 0.0; 0.0;-1; 25.9;B;0;-;On;On;Off; 23.5; 23.3;0;124;1327;124;1327;124;1141;0;-
2026/04/23;22:39:42;-;-; 52.97; 0.0;-; 11.2; 9.3; 0.0;-;-;1974;-0.0; 0.0; 0.0;-1; 26.0;B;0;-;On;On;Off; 23.5; 23.3;0;124;1327;124;1327;124;1141;0;-
2026/04/23;22:40:42;-;-; 52.97; 0.0;-; 11.1; 9.0; 0.0;-;-;1974;-0.0; 0.0; 0.0;-1; 26.0;B;0;-;On;On;Off; 23.5; 23.2;0;124;1327;124;1327;124;1141;0;-
2026/04/23;22:41:42;-;-; 52.97; 0.0;-; 10.7; 8.8; 0.0;-;-;1974;-0.0; 0.0; 0.0;0; 25.9;B;0;-;On;On;Off; 23.5; 23.2;0;124;1327;124;1327;124;1141;0;-
2026/04/23;22:42:42;-;-; 52.97; 0.0;-; 10.7; 8.7; 0.0;-;-;1974;-0.0; 0.0; 0.0;0; 25.9;B;0;-;On;On;Off; 23.5; 23.2;0;124;1327;124;1327;124;1141;0;-
2026/04/23;22:43:42;-;-; 52.97; 0.0;-; 10.6; 8.6; 0.0;-;-;1974;-0.0; 0.0; 0.0;-1; 25.9;B;0;-;On;On;Off; 23.5; 23.2;0;124;1327;124;1327;124;1141;0;-
2026/04/23;22:44:41;-;-; 52.97; 0.0;-; 10.4; 8.5; 0.0;-;-;1974;-0.0; 0.0; 0.0;0; 25.9;B;0;-;On;On;Off; 23.5; 23.2;0;124;1327;124;1327;124;1141;0;-
2026/04/23;22:45:41;-;-; 52.97; 0.0;-; 10.2; 8.3; 0.0;-;-;1974;-0.0; 0.0; 0.0;-1; 25.9;B;0;-;On;On;Off; 23.5; 23.2;0;124;1327;124;1327;124;1141;0;-
2026/04/23;22:46:41;-;-; 52.95; 0.0;-; 10.2; 8.3; 0.0;-;-;1974;-0.0; 0.0; 0.0;-1; 25.9;B;0;-;On;On;Off; 23.4; 23.2;0;124;1327;124;1327;124;1141;0;-
2026/04/23;22:47:41;-;-; 52.97; 0.0;-; 10.1; 8.1; 0.0;-;-;1974;-0.0; 0.0; 0.0;-1; 25.9;B;0;-;On;On;Off; 23.4; 23.2;0;124;1327;124;1327;124;1141;0;-
2026/04/23;22:48:41;-;-; 52.97; 0.0;-; 10.0; 8.2; 0.0;-;-;1974;-0.0; 0.0; 0.0;-1; 25.9;B;0;-;On;On;Off; 23.4; 23.1;0;124;1327;124;1327;124;1141;0;-
2026/04/23;22:49:41;-;-; 52.97; 0.0;-; 9.9; 7.9; 0.0;-;-;1974;-0.0; 0.0; 0.0;-1; 25.9;B;0;-;On;On;Off; 23.4; 23.1;0;124;1327;124;1327;124;1141;0;-
2026/04/23;22:50:41;-;-; 52.97; 0.0;-; 9.7; 7.6; 0.0;-;-;1974;-0.0; 0.0; 0.0;-1; 25.9;B;0;-;On;On;Off; 23.4; 23.1;0;124;1327;124;1327;124;1141;0;-
2026/04/23;22:51:41;-;-; 52.95; 0.0;-; 9.6; 7.7; 0.0;-;-;1974;-0.0; 0.0; 0.0;-1; 25.9;B;0;-;On;On;Off; 23.4; 23.1;0;124;1327;124;1327;124;1141;0;-
2026/04/23;22:52:41;-;-; 52.97; 0.0;-; 9.8; 7.9; 0.0;-;-;1974;-0.0; 0.0; 0.0;-2; 25.9;B;0;-;On;On;Off; 23.4; 23.1;0;124;1327;124;1327;124;1141;0;-
2026/04/23;22:53:41;-;-; 52.97; 0.0;-; 10.0; 8.1; 0.0;-;-;1974;-0.0; 0.0; 0.0;-2; 25.9;B;0;-;On;On;Off; 23.4; 23.1;0;124;1327;124;1327;124;1141;0;-
2026/04/23;22:54:41;-;-; 52.97; 0.0;-; 10.0; 8.0; 0.0;-;-;1974;-0.0; 0.0; 0.0;-1; 25.9;B;0;-;On;On;Off; 23.4; 23.1;0;124;1327;124;1327;124;1141;0;-
2026/04/23;22:55:41;-;-; 52.97; 0.0;-; 10.0; 8.0; 0.0;-;-;1974;-0.0; 0.0; 0.0;-1; 25.9;B;0;-;On;On;Off; 23.4; 23.1;0;124;1327;124;1327;124;1141;0;-
2026/04/23;22:56:41;-;-; 52.97; 0.0;-; 10.0; 8.0; 0.0;-;-;1974;-0.0; 0.0; 0.0;-1; 25.9;B;0;-;On;On;Off; 23.4; 23.1;0;124;1327;124;1327;124;1141;0;-
2026/04/23;22:57:41;-;-; 52.95; 0.0;-; 9.9; 7.9; 0.0;-;-;1974;-0.0; 0.0; 0.0;-2; 25.8;B;0;-;On;On;Off; 23.4; 23.1;0;124;1327;124;1327;124;1141;0;-
2026/04/23;22:58:41;-;-; 52.97; 0.0;-; 9.9; 7.9; 0.0;-;-;1974;-0.0; 0.0; 0.0;-1; 25.8;B;0;-;On;On;Off; 23.3; 23.1;0;124;1327;124;1327;124;1141;0;-
2026/04/23;22:59:41;-;-; 52.95; 0.0;-; 9.8; 7.7; 0.0;-;-;1974;-0.0; 0.0; 0.0;-1; 25.8;B;0;-;On;On;Off; 23.3; 23.1;0;124;1327;124;1327;124;1141;0;-
2026/04/23;23:00:40;-;-; 52.95; 0.0;-; 9.7; 7.6; 0.0;-;-;1974;-0.0; 0.0; 0.0;-1; 25.8;B;0;-;On;On;Off; 23.3; 23.1;0;124;1327;124;1327;124;1141;0;-
2026/04/23;23:01:40;-;-; 52.95; 0.0;-; 9.6; 7.6; 0.0;-;-;1974;-0.0; 0.0; 0.0;-2; 25.8;B;0;-;On;On;Off; 23.3; 23.0;0;124;1327;124;1327;124;1141;0;-
2026/04/23;23:02:40;-;-; 52.95; 0.0;-; 9.9; 7.7; 0.0;-;-;1974;-0.0; 0.0; 0.0;-1; 25.8;B;0;-;On;On;Off; 23.3; 23.0;0;124;1327;124;1327;124;1141;0;-
2026/04/23;23:03:40;-;-; 52.95; 0.0;-; 10.0; 8.0; 0.0;-;-;1974;-0.0; 0.0; 0.0;-2; 25.8;B;0;-;On;On;Off; 23.3; 23.0;0;124;1327;124;1327;124;1141;0;-
2026/04/23;23:04:40;-;-; 52.95; 0.0;-; 9.9; 7.9; 0.0;-;-;1974;-0.0; 0.0; 0.0;-2; 25.8;B;0;-;On;On;Off; 23.3; 23.0;0;124;1327;124;1327;124;1141;0;-
2026/04/23;23:05:40;-;-; 52.95; 0.0;-; 9.9; 8.0; 0.0;-;-;1975;-0.0; 0.0; 0.0;-1; 25.8;B;0;-;On;On;Off; 23.3; 23.0;0;124;1327;124;1327;124;1141;0;-
2026/04/23;23:06:40;-;-; 52.95; 0.0;-; 9.9; 7.7; 0.0;-;-;1975;-0.0; 0.0; 0.0;-2; 25.8;B;0;-;On;On;Off; 23.3; 23.0;0;124;1327;124;1327;124;1141;0;-
2026/04/23;23:07:40;-;-; 52.95; 0.0;-; 10.0; 7.9; 0.0;-;-;1975;-0.0; 0.0; 0.0;-2; 25.8;B;0;-;On;On;Off; 23.3; 23.0;0;124;1327;124;1327;124;1141;0;-
2026/04/23;23:08:40;-;-; 52.95; 0.0;-; 10.1; 8.0; 0.0;-;-;1975;-0.0; 0.0; 0.0;-2; 25.8;B;0;-;On;On;Off; 23.3; 23.0;0;124;1327;124;1327;124;1141;0;-
2026/04/23;23:09:40;-;-; 52.95; 0.0;-; 10.1; 7.9; 0.0;-;-;1975;-0.0; 0.0; 0.0;-2; 25.7;B;0;-;On;On;Off; 23.3; 23.0;0;124;1327;124;1327;124;1141;0;-
2026/04/23;23:10:40;-;-; 52.95; 0.0;-; 9.6; 7.6; 0.0;-;-;1975;-0.0; 0.0; 0.0;-2; 25.7;B;0;-;On;On;Off; 23.3; 23.0;0;124;1327;124;1327;124;1141;0;-
2026/04/23;23:11:40;-;-; 52.95; 0.0;-; 9.6; 7.6; 0.0;-;-;1975;-0.0; 0.0; 0.0;-2; 25.7;B;0;-;On;On;Off; 23.3; 23.0;0;124;1327;124;1327;124;1141;0;-
2026/04/23;23:12:40;-;-; 52.93; 0.0;-; 9.7; 7.7; 0.0;-;-;1975;-0.0; 0.0; 0.0;-2; 25.7;B;0;-;On;On;Off; 23.3; 23.0;0;124;1327;124;1327;124;1141;0;-
2026/04/23;23:13:40;-;-; 52.95; 0.0;-; 9.9; 8.0; 0.0;-;-;1975;-0.0; 0.0; 0.0;-2; 25.7;B;0;-;On;On;Off; 23.3; 23.0;0;124;1327;124;1327;124;1141;0;-
2026/04/23;23:14:40;-;-; 52.95; 0.0;-; 9.8; 7.9; 0.0;-;-;1975;-0.0; 0.0; 0.0;-2; 25.7;B;0;-;On;On;Off; 23.3; 23.0;0;124;1327;124;1327;124;1141;0;-
2026/04/23;23:15:39;-;-; 52.95; 0.0;-; 10.0; 7.9; 0.0;-;-;1975;-0.0; 0.0; 0.0;-2; 25.7;B;0;-;On;On;Off; 23.3; 23.0;0;124;1327;124;1327;124;1141;0;-
2026/04/23;23:16:39;-;-; 52.95; 0.0;-; 9.9; 7.9; 0.0;-;-;1975;-0.1; 0.0; 0.0;-2; 25.7;B;0;-;On;On;Off; 23.2; 23.0;0;124;1327;124;1327;124;1141;0;-
2026/04/23;23:17:39;-;-; 52.95; 0.0;-; 9.7; 7.7; 0.0;-;-;1975;-0.0; 0.0; 0.0;-2; 25.7;B;0;-;On;On;Off; 23.2; 23.0;0;124;1327;124;1327;124;1141;0;-
2026/04/23;23:18:39;-;-; 52.95; 0.0;-; 9.6; 7.8; 0.0;-;-;1975;-0.0; 0.0; 0.0;-2; 25.7;B;0;-;On;On;Off; 23.2; 23.0;0;124;1327;124;1327;124;1141;0;-
2026/04/23;23:19:39;-;-; 52.93; 0.0;-; 9.7; 7.7; 0.0;-;-;1975;-0.1; 0.0; 0.0;-3; 25.7;B;0;-;On;On;Off; 23.2; 23.0;0;124;1327;124;1327;124;1141;0;-
2026/04/23;23:20:39;-;-; 52.93; 0.0;-; 9.7; 7.6; 0.0;-;-;1975;-0.1; 0.0; 0.0;-2; 25.7;B;0;-;On;On;Off; 23.2; 23.0;0;124;1327;124;1327;124;1141;0;-
2026/04/23;23:21:39;-;-; 52.93; 0.0;-; 9.7; 7.8; 0.0;-;-;1975;-0.0; 0.0; 0.0;-2; 25.7;B;0;-;On;On;Off; 23.2; 22.9;0;124;1327;124;1327;124;1141;0;-
2026/04/23;23:22:39;-;-; 52.93; 0.0;-; 9.7; 7.8; 0.0;-;-;1975;-0.0; 0.0; 0.0;-2; 25.7;B;0;-;On;On;Off; 23.2; 23.0;0;124;1327;124;1327;124;1141;0;-
2026/04/23;23:23:39;-;-; 52.93; 0.0;-; 9.7; 7.7; 0.0;-;-;1975;-0.0; 0.0; 0.0;-2; 25.7;B;0;-;On;On;Off; 23.2; 22.9;0;124;1327;124;1327;124;1141;0;-
2026/04/23;23:24:39;-;-; 52.93; 0.0;-; 9.7; 7.8; 0.0;-;-;1975;-0.1; 0.0; 0.0;-2; 25.7;B;0;-;On;On;Off; 23.2; 22.9;0;124;1327;124;1327;124;1141;0;-
2026/04/23;23:25:39;-;-; 52.91; 0.0;-; 9.8; 7.7; 0.0;-;-;1975;-0.1; 0.0; 0.0;-2; 25.7;B;0;-;On;On;Off; 23.2; 22.9;0;124;1327;124;1327;124;1141;0;-
2026/04/23;23:26:39;-;-; 52.93; 0.0;-; 9.7; 7.7; 0.0;-;-;1975;-0.1; 0.0; 0.0;-3; 25.7;B;0;-;On;On;Off; 23.2; 22.9;0;124;1327;124;1327;124;1141;0;-
2026/04/23;23:27:39;-;-; 52.93; 0.0;-; 9.8; 7.7; 0.0;-;-;1975;-0.1; 0.0; 0.0;-3; 25.6;B;0;-;On;On;Off; 23.2; 22.9;0;124;1327;124;1327;124;1141;0;-
2026/04/23;23:28:39;-;-; 52.93; 0.0;-; 11.0; 8.4; 0.0;-;-;1975;-0.1; 0.0; 0.0;-2; 25.6;B;0;-;On;On;Off; 23.2; 22.9;0;124;1327;124;1327;124;1141;0;-
2026/04/23;23:29:39;-;-; 52.93; 0.0;-; 10.8; 8.3; 0.0;-;-;1975;-0.0; 0.0; 0.0;-2; 25.6;B;0;-;On;On;Off; 23.2; 22.9;0;124;1327;124;1327;124;1141;0;-
2026/04/23;23:30:39;-;-; 52.93; 0.0;-; 10.8; 8.0; 0.0;-;-;1975;-0.1; 0.0; 0.0;-2; 25.6;B;0;-;On;On;Off; 23.2; 22.9;0;124;1327;124;1327;124;1141;0;-
2026/04/23;23:31:38;-;-; 52.93; 0.0;-; 10.8; 8.0; 0.0;-;-;1975;-0.1; 0.0; 0.0;-3; 25.6;B;0;-;On;On;Off; 23.2; 22.9;0;124;1327;124;1327;124;1141;0;-
2026/04/23;23:32:38;-;-; 52.93; 0.0;-; 9.5; 7.4; 0.0;-;-;1975;-0.1; 0.0; 0.0;-2; 25.6;B;0;-;On;On;Off; 23.2; 22.9;0;124;1327;124;1327;124;1141;0;-
2026/04/23;23:33:38;-;-; 52.93; 0.0;-; 9.4; 7.5; 0.0;-;-;1975;-0.0; 0.0; 0.0;-1; 25.6;B;0;-;On;On;Off; 23.1; 22.9;0;124;1327;124;1327;124;1141;0;-
2026/04/23;23:34:38;-;-; 52.93; 0.0;-; 9.4; 7.4; 0.0;-;-;1975;-0.0; 0.0; 0.0;-2; 25.6;B;0;-;On;On;Off; 23.2; 22.9;0;124;1327;124;1327;124;1141;0;-
2026/04/23;23:35:38;-;-; 52.93; 0.0;-; 9.4; 7.3; 0.0;-;-;1975;-0.0; 0.0; 0.0;-1; 25.6;B;0;-;On;On;Off; 23.1; 22.9;0;124;1327;124;1327;124;1141;0;-
2026/04/23;23:36:38;-;-; 52.93; 0.0;-; 9.4; 7.4; 0.0;-;-;1975;-0.0; 0.0; 0.0;-1; 25.6;B;0;-;On;On;Off; 23.1; 22.9;0;124;1327;124;1327;124;1141;0;-
2026/04/23;23:37:38;-;-; 52.93; 0.0;-; 9.3; 7.3; 0.0;-;-;1975;-0.0; 0.0; 0.0;-1; 25.6;B;0;-;On;On;Off; 23.1; 22.9;0;124;1327;124;1327;124;1141;0;-
2026/04/23;23:38:38;-;-; 52.93; 0.0;-; 9.4; 7.3; 0.0;-;-;1975;-0.0; 0.0; 0.0;-2; 25.6;B;0;-;On;On;Off; 23.1; 22.9;0;124;1327;124;1327;124;1141;0;-
2026/04/23;23:39:38;-;-; 52.93; 0.0;-; 9.2; 7.2; 0.0;-;-;1975;-0.0; 0.0; 0.0;-1; 25.6;B;0;-;On;On;Off; 23.1; 22.9;0;124;1327;124;1327;124;1141;0;-
2026/04/23;23:40:38;-;-; 52.91; 0.0;-; 9.3; 7.3; 0.0;-;-;1975;-0.0; 0.0; 0.0;-1; 25.6;B;0;-;On;On;Off; 23.1; 22.9;0;124;1327;124;1327;124;1141;0;-
2026/04/23;23:41:38;-;-; 52.93; 0.0;-; 9.2; 7.4; 0.0;-;-;1975;-0.0; 0.0; 0.0;-2; 25.5;B;0;-;On;On;Off; 23.1; 22.9;0;124;1327;124;1327;124;1141;0;-
2026/04/23;23:42:38;-;-; 52.91; 0.0;-; 9.2; 7.4; 0.0;-;-;1975;-0.0; 0.0; 0.0;-1; 25.5;B;0;-;On;On;Off; 23.1; 22.9;0;124;1327;124;1327;124;1141;0;-
2026/04/23;23:43:38;-;-; 52.91; 0.0;-; 9.2; 7.6; 0.0;-;-;1975;-0.0; 0.0; 0.0;-2; 25.5;B;0;-;On;On;Off; 23.1; 22.8;0;124;1327;124;1327;124;1141;0;-
2026/04/23;23:44:38;-;-; 52.91; 0.0;-; 9.0; 7.2; 0.0;-;-;1975;-0.0; 0.0; 0.0;-2; 25.5;B;0;-;On;On;Off; 23.1; 22.8;0;124;1327;124;1327;124;1141;0;-
2026/04/23;23:45:38;-;-; 52.91; 0.0;-; 9.2; 7.4; 0.0;-;-;1975;-0.0; 0.0; 0.0;-2; 25.5;B;0;-;On;On;Off; 23.1; 22.8;0;124;1327;124;1327;124;1141;0;-
2026/04/23;23:46:38;-;-; 52.91; 0.0;-; 9.0; 7.1; 0.0;-;-;1975;-0.0; 0.0; 0.0;-1; 25.5;B;0;-;On;On;Off; 23.1; 22.8;0;124;1327;124;1327;124;1141;0;-
2026/04/23;23:47:37;-;-; 52.91; 0.0;-; 9.1; 7.1; 0.0;-;-;1975;-0.0; 0.0; 0.0;-2; 25.5;B;0;-;On;On;Off; 23.1; 22.8;0;124;1327;124;1327;124;1141;0;-
2026/04/23;23:48:37;-;-; 52.91; 0.0;-; 9.1; 7.0; 0.0;-;-;1975;-0.1; 0.0; 0.0;-2; 25.5;B;0;-;On;On;Off; 23.1; 22.8;0;124;1327;124;1327;124;1141;0;-
2026/04/23;23:49:37;-;-; 52.89; 0.0;-; 9.1; 7.3; 0.0;-;-;1975;-0.0; 0.0; 0.0;-1; 25.5;B;0;-;On;On;Off; 23.1; 22.8;0;124;1327;124;1327;124;1141;0;-
2026/04/23;23:50:37;-;-; 52.91; 0.0;-; 9.2; 7.2; 0.0;-;-;1975;-0.0; 0.0; 0.0;-2; 25.5;B;0;-;On;On;Off; 23.1; 22.8;0;124;1327;124;1327;124;1141;0;-
2026/04/23;23:51:37;-;-; 52.91; 0.0;-; 9.2; 7.3; 0.0;-;-;1975;-0.1; 0.0; 0.0;-2; 25.5;B;0;-;On;On;Off; 23.1; 22.8;0;124;1327;124;1327;124;1141;0;-
2026/04/23;23:52:37;-;-; 52.89; 0.0;-; 9.3; 7.3; 0.0;-;-;1975;-0.1; 0.0; 0.0;-3; 25.4;B;0;-;On;On;Off; 23.1; 22.8;0;124;1327;124;1327;124;1141;0;-
2026/04/23;23:53:37;-;-; 52.91; 0.0;-; 9.3; 7.3; 0.0;-;-;1975;-0.1; 0.0; 0.0;-2; 25.5;B;0;-;On;On;Off; 23.1; 22.8;0;124;1327;124;1327;124;1141;0;-
2026/04/23;23:54:37;-;-; 52.91; 0.0;-; 9.2; 7.5; 0.0;-;-;1975;-0.0; 0.0; 0.0;-2; 25.4;B;0;-;On;On;Off; 23.1; 22.8;0;124;1327;124;1327;124;1141;0;-
2026/04/23;23:55:37;-;-; 52.91; 0.0;-; 9.2; 7.3; 0.0;-;-;1975;-0.1; 0.0; 0.0;-2; 25.4;B;0;-;On;On;Off; 23.1; 22.8;0;124;1327;124;1327;124;1141;0;-
2026/04/23;23:56:37;-;-; 52.91; 0.0;-; 9.2; 7.3; 0.0;-;-;1975;-0.0; 0.0; 0.0;-1; 25.4;B;0;-;On;On;Off; 23.1; 22.8;0;124;1327;124;1327;124;1141;0;-
2026/04/23;23:57:37;-;-; 52.91; 0.0;-; 9.2; 7.4; 0.0;-;-;1975;-0.1; 0.0; 0.0;-2; 25.4;B;0;-;On;On;Off; 23.1; 22.8;0;124;1327;124;1327;124;1141;0;-
2026/04/23;23:58:37;-;-; 52.91; 0.0;-; 9.1; 7.2; 0.0;-;-;1975;-0.0; 0.0; 0.0;-2; 25.4;B;0;-;On;On;Off; 23.1; 22.8;0;124;1327;124;1327;124;1141;0;-
2026/04/23;23:59:37;-;-; 52.91; 0.0;-; 9.3; 7.3; 0.0;-;-;1975;-0.1; 0.0; 0.0;-2; 25.4;B;0;-;On;On;Off; 23.1; 22.8;0;124;1327;124;1327;124;1141;0;-
