Steca Elektronik GmbH;MPPT6000;760749IH008963540005
Date;Time;SOC[%];Kaptest[Ah];Vbat[V];Ibat_M[A];Vbat.sense[V];VPV1_M[V];VPV2_M[V];PVpower_M[W];PV1power_M[W];PV2power_M[W];Ophours[h];Ibat_total[A]SOC;Icharge_total[A];Iload_total[A];BatPower_total[W];BatTemp[°C];ChargeMode;ErrorState;ErrorNr;StateAux1;StateAux2;StateAux3;IntTemp1[°C];IntTemp2[°C];Derating;Ah_in_24h_M[Ah];Ah_in_total_M[Ah];Ah_in_24h_SYS[Ah];Ah_in_total_SYS[Ah];Ah_out_24h_SYS[Ah];Ah_out_total_SYS[Ah];Day_night;Status_AUXIO
2026/04/15;00:00:38;97;-; 52.39; 0.0;-; 7.3; 5.9; 0.0;-;-;1760;-0.2; 0.0; 0.0;-9; 22.1;F;1;29;On;On;Off; 22.8; 22.6;0;0;964;0;964;0;778;0;-
2026/04/15;00:01:38;97;-; 52.39; 0.0;-; 7.2; 5.9; 0.0;-;-;1760;-0.2; 0.0; 0.0;-9; 22.1;F;1;29;On;On;Off; 22.8; 22.6;0;0;964;0;964;0;778;0;-
2026/04/15;00:02:38;97;-; 52.39; 0.0;-; 7.3; 5.9; 0.0;-;-;1760;-0.2; 0.0; 0.0;-9; 22.1;F;1;29;On;On;Off; 22.8; 22.6;0;0;964;0;964;0;778;0;-
2026/04/15;00:03:37;97;-; 52.39; 0.0;-; 7.5; 6.1; 0.0;-;-;1760;-0.2; 0.0; 0.0;-9; 22.1;F;1;29;On;On;Off; 22.8; 22.6;0;0;964;0;964;0;778;0;-
2026/04/15;00:04:37;97;-; 52.39; 0.0;-; 7.4; 5.8; 0.0;-;-;1760;-0.2; 0.0; 0.0;-9; 22.1;F;1;29;On;On;Off; 22.8; 22.6;0;0;964;0;964;0;778;0;-
2026/04/15;00:05:37;97;-; 52.37; 0.0;-; 7.3; 5.9; 0.0;-;-;1760;-0.2; 0.0; 0.0;-9; 22.1;F;1;29;On;On;Off; 22.8; 22.6;0;0;964;0;964;0;778;0;-
2026/04/15;00:06:37;97;-; 52.39; 0.0;-; 7.3; 6.1; 0.0;-;-;1760;-0.2; 0.0; 0.0;-9; 22.1;F;1;29;On;On;Off; 22.8; 22.6;0;0;964;0;964;0;778;0;-
2026/04/15;00:07:37;97;-; 52.39; 0.0;-; 7.2; 5.8; 0.0;-;-;1760;-0.2; 0.0; 0.0;-9; 22.1;F;1;29;On;On;Off; 22.8; 22.6;0;0;964;0;964;0;778;0;-
2026/04/15;00:08:37;97;-; 52.39; 0.0;-; 7.3; 5.9; 0.0;-;-;1760;-0.2; 0.0; 0.0;-9; 22.1;F;1;29;On;On;Off; 22.8; 22.6;0;0;964;0;964;0;778;0;-
2026/04/15;00:09:37;97;-; 52.39; 0.0;-; 7.2; 6.0; 0.0;-;-;1760;-0.2; 0.0; 0.0;-9; 22.1;F;1;29;On;On;Off; 22.8; 22.6;0;0;964;0;964;0;778;0;-
2026/04/15;00:10:37;97;-; 52.39; 0.0;-; 7.2; 5.9; 0.0;-;-;1760;-0.2; 0.0; 0.0;-9; 22.1;F;1;29;On;On;Off; 22.8; 22.6;0;0;964;0;964;0;778;0;-
2026/04/15;00:11:37;97;-; 52.39; 0.0;-; 7.2; 6.0; 0.0;-;-;1760;-0.2; 0.0; 0.0;-9; 22.1;F;1;29;On;On;Off; 22.8; 22.6;0;0;964;0;964;0;778;0;-
2026/04/15;00:12:37;97;-; 52.37; 0.0;-; 7.3; 5.9; 0.0;-;-;1760;-0.2; 0.0; 0.0;-9; 22.1;F;1;29;On;On;Off; 22.8; 22.6;0;0;964;0;964;0;778;0;-
2026/04/15;00:13:37;97;-; 52.39; 0.0;-; 7.2; 5.9; 0.0;-;-;1760;-0.2; 0.0; 0.0;-9; 22.1;F;1;29;On;On;Off; 22.8; 22.6;0;0;964;0;964;0;778;0;-
2026/04/15;00:14:37;97;-; 52.37; 0.0;-; 7.2; 6.0; 0.0;-;-;1760;-0.2; 0.0; 0.0;-9; 22.1;F;1;29;On;On;Off; 22.8; 22.6;0;0;964;0;964;0;778;0;-
2026/04/15;00:15:37;97;-; 52.39; 0.0;-; 7.1; 6.0; 0.0;-;-;1760;-0.2; 0.0; 0.0;-9; 22.1;F;1;29;On;On;Off; 22.8; 22.6;0;0;964;0;964;0;778;0;-
2026/04/15;00:16:37;97;-; 52.39; 0.0;-; 7.2; 5.9; 0.0;-;-;1760;-0.2; 0.0; 0.0;-9; 22.1;F;1;29;On;On;Off; 22.8; 22.6;0;0;964;0;964;0;778;0;-
2026/04/15;00:17:37;97;-; 52.39; 0.0;-; 7.1; 6.0; 0.0;-;-;1760;-0.2; 0.0; 0.0;-9; 22.1;F;1;29;On;On;Off; 22.8; 22.6;0;0;964;0;964;0;778;0;-
2026/04/15;00:18:37;97;-; 52.37; 0.0;-; 7.2; 6.0; 0.0;-;-;1760;-0.2; 0.0; 0.0;-9; 22.1;F;1;29;On;On;Off; 22.8; 22.6;0;0;964;0;964;0;778;0;-
2026/04/15;00:19:36;97;-; 52.39; 0.0;-; 7.3; 6.0; 0.0;-;-;1761;-0.2; 0.0; 0.0;-9; 22.1;F;1;29;On;On;Off; 22.8; 22.5;0;0;964;0;964;0;778;0;-
2026/04/15;00:20:36;97;-; 52.39; 0.0;-; 7.2; 5.9; 0.0;-;-;1761;-0.2; 0.0; 0.0;-9; 22.1;F;1;29;On;On;Off; 22.8; 22.6;0;0;964;0;964;0;778;0;-
2026/04/15;00:21:36;97;-; 52.39; 0.0;-; 7.3; 6.1; 0.0;-;-;1761;-0.2; 0.0; 0.0;-9; 22.1;F;1;29;On;On;Off; 22.8; 22.5;0;0;964;0;964;0;778;0;-
2026/04/15;00:22:36;97;-; 52.39; 0.0;-; 7.3; 6.2; 0.0;-;-;1761;-0.2; 0.0; 0.0;-10; 22.1;F;1;29;On;On;Off; 22.8; 22.5;0;0;964;0;964;0;778;0;-
2026/04/15;00:23:36;97;-; 52.39; 0.0;-; 7.3; 5.9; 0.0;-;-;1761;-0.2; 0.0; 0.0;-9; 22.1;F;1;29;On;On;Off; 22.8; 22.5;0;0;964;0;964;0;778;0;-
2026/04/15;00:24:36;97;-; 52.39; 0.0;-; 7.2; 5.9; 0.0;-;-;1761;-0.2; 0.0; 0.0;-9; 22.1;F;1;29;On;On;Off; 22.8; 22.5;0;0;964;0;964;0;778;0;-
2026/04/15;00:25:36;97;-; 52.39; 0.0;-; 7.3; 6.1; 0.0;-;-;1761;-0.2; 0.0; 0.0;-9; 22.1;F;1;29;On;On;Off; 22.8; 22.5;0;0;964;0;964;0;778;0;-
2026/04/15;00:26:36;97;-; 52.39; 0.0;-; 7.3; 6.1; 0.0;-;-;1761;-0.2; 0.0; 0.0;-9; 22.1;F;1;29;On;On;Off; 22.8; 22.5;0;0;964;0;964;0;778;0;-
2026/04/15;00:27:36;97;-; 52.39; 0.0;-; 7.3; 6.1; 0.0;-;-;1761;-0.2; 0.0; 0.0;-9; 22.1;F;1;29;On;On;Off; 22.8; 22.5;0;0;964;0;964;0;778;0;-
2026/04/15;00:28:36;97;-; 52.37; 0.0;-; 7.3; 6.2; 0.0;-;-;1761;-0.2; 0.0; 0.0;-9; 22.1;F;1;29;On;On;Off; 22.8; 22.5;0;0;964;0;964;0;778;0;-
2026/04/15;00:29:36;97;-; 52.37; 0.0;-; 7.2; 6.3; 0.0;-;-;1761;-0.2; 0.0; 0.0;-9; 22.1;F;1;29;On;On;Off; 22.8; 22.5;0;0;964;0;964;0;778;0;-
2026/04/15;00:30:36;97;-; 52.39; 0.0;-; 7.3; 6.1; 0.0;-;-;1761;-0.2; 0.0; 0.0;-9; 22.1;F;1;29;On;On;Off; 22.8; 22.5;0;0;964;0;964;0;778;0;-
2026/04/15;00:31:36;96;-; 52.39; 0.0;-; 7.3; 6.1; 0.0;-;-;1761;-0.2; 0.0; 0.0;-9; 22.1;F;1;29;On;On;Off; 22.8; 22.5;0;0;964;0;964;0;778;0;-
2026/04/15;00:32:36;96;-; 52.37; 0.0;-; 7.3; 6.1; 0.0;-;-;1761;-0.2; 0.0; 0.0;-9; 22.1;F;1;29;On;On;Off; 22.8; 22.5;0;0;964;0;964;0;778;0;-
2026/04/15;00:33:36;96;-; 52.39; 0.0;-; 7.1; 6.0; 0.0;-;-;1761;-0.2; 0.0; 0.0;-9; 22.1;F;1;29;On;On;Off; 22.8; 22.5;0;0;964;0;964;0;778;0;-
2026/04/15;00:34:36;96;-; 52.39; 0.0;-; 7.3; 6.2; 0.0;-;-;1761;-0.2; 0.0; 0.0;-9; 22.1;F;1;29;On;On;Off; 22.8; 22.5;0;0;964;0;964;0;778;0;-
2026/04/15;00:35:35;96;-; 52.39; 0.0;-; 7.1; 5.9; 0.0;-;-;1761;-0.2; 0.0; 0.0;-9; 22.1;F;1;29;On;On;Off; 22.8; 22.5;0;0;964;0;964;0;778;0;-
2026/04/15;00:36:35;96;-; 52.39; 0.0;-; 7.3; 6.0; 0.0;-;-;1761;-0.2; 0.0; 0.0;-9; 22.1;F;1;29;On;On;Off; 22.8; 22.5;0;0;964;0;964;0;778;0;-
2026/04/15;00:37:35;96;-; 52.37; 0.0;-; 7.3; 6.0; 0.0;-;-;1761;-0.2; 0.0; 0.0;-9; 22.1;F;1;29;On;On;Off; 22.8; 22.5;0;0;964;0;964;0;778;0;-
2026/04/15;00:38:35;96;-; 52.37; 0.0;-; 7.3; 6.1; 0.0;-;-;1761;-0.2; 0.0; 0.0;-8; 22.1;F;1;29;On;On;Off; 22.8; 22.5;0;0;964;0;964;0;778;0;-
2026/04/15;00:39:35;96;-; 52.37; 0.0;-; 7.4; 6.2; 0.0;-;-;1761;-0.2; 0.0; 0.0;-9; 22.1;F;1;29;On;On;Off; 22.8; 22.5;0;0;964;0;964;0;778;0;-
2026/04/15;00:40:35;96;-; 52.37; 0.0;-; 7.4; 6.1; 0.0;-;-;1761;-0.2; 0.0; 0.0;-8; 22.1;F;1;29;On;On;Off; 22.8; 22.5;0;0;964;0;964;0;778;0;-
2026/04/15;00:41:35;96;-; 52.39; 0.0;-; 7.3; 6.1; 0.0;-;-;1761;-0.2; 0.0; 0.0;-9; 22.1;F;1;29;On;On;Off; 22.8; 22.5;0;0;964;0;964;0;778;0;-
2026/04/15;00:42:35;96;-; 52.37; 0.0;-; 7.4; 6.1; 0.0;-;-;1761;-0.2; 0.0; 0.0;-8; 22.1;F;1;29;On;On;Off; 22.8; 22.5;0;0;964;0;964;0;778;0;-
2026/04/15;00:43:35;96;-; 52.39; 0.0;-; 7.3; 6.0; 0.0;-;-;1761;-0.2; 0.0; 0.0;-8; 22.1;F;1;29;On;On;Off; 22.8; 22.5;0;0;964;0;964;0;778;0;-
2026/04/15;00:44:35;96;-; 52.39; 0.0;-; 7.3; 6.1; 0.0;-;-;1761;-0.2; 0.0; 0.0;-9; 22.1;F;1;29;On;On;Off; 22.8; 22.5;0;0;964;0;964;0;778;0;-
2026/04/15;00:45:35;96;-; 52.39; 0.0;-; 7.3; 6.3; 0.0;-;-;1761;-0.2; 0.0; 0.0;-9; 22.1;F;1;29;On;On;Off; 22.8; 22.5;0;0;964;0;964;0;778;0;-
2026/04/15;00:46:35;96;-; 52.37; 0.0;-; 7.3; 6.1; 0.0;-;-;1761;-0.2; 0.0; 0.0;-8; 22.1;F;1;29;On;On;Off; 22.8; 22.5;0;0;964;0;964;0;778;0;-
2026/04/15;00:47:35;96;-; 52.37; 0.0;-; 7.3; 6.2; 0.0;-;-;1761;-0.2; 0.0; 0.0;-8; 22.1;F;1;29;On;On;Off; 22.7; 22.5;0;0;964;0;964;0;778;0;-
2026/04/15;00:48:35;96;-; 52.37; 0.0;-; 7.4; 6.1; 0.0;-;-;1761;-0.2; 0.0; 0.0;-8; 22.1;F;1;29;On;On;Off; 22.7; 22.5;0;0;964;0;964;0;778;0;-
2026/04/15;00:49:35;96;-; 52.37; 0.0;-; 7.4; 6.1; 0.0;-;-;1761;-0.2; 0.0; 0.0;-8; 22.1;F;1;29;On;On;Off; 22.8; 22.5;0;0;964;0;964;0;778;0;-
2026/04/15;00:50:34;96;-; 52.37; 0.0;-; 7.4; 6.3; 0.0;-;-;1761;-0.2; 0.0; 0.0;-8; 22.1;F;1;29;On;On;Off; 22.8; 22.5;0;0;964;0;964;0;778;0;-
2026/04/15;00:51:34;96;-; 52.37; 0.0;-; 7.5; 6.3; 0.0;-;-;1761;-0.2; 0.0; 0.0;-8; 22.1;F;1;29;On;On;Off; 22.7; 22.5;0;0;964;0;964;0;778;0;-
2026/04/15;00:52:34;96;-; 52.37; 0.0;-; 7.5; 6.1; 0.0;-;-;1761;-0.2; 0.0; 0.0;-8; 22.1;F;1;29;On;On;Off; 22.7; 22.5;0;0;964;0;964;0;778;0;-
2026/04/15;00:53:34;96;-; 52.37; 0.0;-; 7.5; 6.3; 0.0;-;-;1761;-0.2; 0.0; 0.0;-8; 22.1;F;1;29;On;On;Off; 22.7; 22.5;0;0;964;0;964;0;778;0;-
2026/04/15;00:54:34;96;-; 52.37; 0.0;-; 7.6; 6.3; 0.0;-;-;1761;-0.2; 0.0; 0.0;-9; 22.1;F;1;29;On;On;Off; 22.7; 22.5;0;0;964;0;964;0;778;0;-
2026/04/15;00:55:34;96;-; 52.35; 0.0;-; 7.5; 6.2; 0.0;-;-;1761;-0.2; 0.0; 0.0;-8; 22.1;F;1;29;On;On;Off; 22.8; 22.5;0;0;964;0;964;0;778;0;-
2026/04/15;00:56:34;96;-; 52.37; 0.0;-; 7.5; 6.3; 0.0;-;-;1761;-0.2; 0.0; 0.0;-8; 22.1;F;1;29;On;On;Off; 22.8; 22.5;0;0;964;0;964;0;778;0;-
2026/04/15;00:57:34;96;-; 52.37; 0.0;-; 7.5; 6.3; 0.0;-;-;1761;-0.2; 0.0; 0.0;-9; 22.1;F;1;29;On;On;Off; 22.7; 22.5;0;0;964;0;964;0;778;0;-
2026/04/15;00:58:34;96;-; 52.37; 0.0;-; 7.7; 6.3; 0.0;-;-;1761;-0.2; 0.0; 0.0;-9; 22.1;F;1;29;On;On;Off; 22.7; 22.5;0;0;964;0;964;0;778;0;-
2026/04/15;00:59:34;96;-; 52.37; 0.0;-; 7.6; 6.3; 0.0;-;-;1761;-0.2; 0.0; 0.0;-9; 22.1;F;1;29;On;On;Off; 22.7; 22.5;0;0;964;0;964;0;778;0;-
2026/04/15;01:00:34;96;-; 52.37; 0.0;-; 7.6; 6.3; 0.0;-;-;1761;-0.2; 0.0; 0.0;-9; 22.1;F;1;29;On;On;Off; 22.7; 22.5;0;0;964;0;964;0;778;0;-
2026/04/15;01:01:34;96;-; 52.37; 0.0;-; 7.6; 6.2; 0.0;-;-;1761;-0.2; 0.0; 0.0;-9; 22.1;F;1;29;On;On;Off; 22.7; 22.5;0;0;964;0;964;0;778;0;-
2026/04/15;01:02:34;96;-; 52.37; 0.0;-; 7.6; 6.2; 0.0;-;-;1761;-0.2; 0.0; 0.0;-9; 22.1;F;1;29;On;On;Off; 22.7; 22.5;0;0;964;0;964;0;778;0;-
2026/04/15;01:03:34;96;-; 52.35; 0.0;-; 7.6; 6.4; 0.0;-;-;1761;-0.2; 0.0; 0.0;-9; 22.1;F;1;29;On;On;Off; 22.7; 22.5;0;0;964;0;964;0;778;0;-
2026/04/15;01:04:34;96;-; 52.37; 0.0;-; 7.6; 6.3; 0.0;-;-;1761;-0.2; 0.0; 0.0;-8; 22.1;F;1;29;On;On;Off; 22.7; 22.5;0;0;964;0;964;0;778;0;-
2026/04/15;01:05:34;96;-; 52.37; 0.0;-; 7.6; 6.3; 0.0;-;-;1761;-0.2; 0.0; 0.0;-9; 22.1;F;1;29;On;On;Off; 22.7; 22.5;0;0;964;0;964;0;778;0;-
2026/04/15;01:06:33;96;-; 52.37; 0.0;-; 7.6; 6.2; 0.0;-;-;1761;-0.2; 0.0; 0.0;-9; 22.1;F;1;29;On;On;Off; 22.7; 22.5;0;0;964;0;964;0;778;0;-
2026/04/15;01:07:33;96;-; 52.37; 0.0;-; 7.6; 6.2; 0.0;-;-;1761;-0.2; 0.0; 0.0;-9; 22.1;F;1;29;On;On;Off; 22.7; 22.5;0;0;964;0;964;0;778;0;-
2026/04/15;01:08:33;96;-; 52.35; 0.0;-; 7.7; 6.2; 0.0;-;-;1761;-0.2; 0.0; 0.0;-9; 22.1;F;1;29;On;On;Off; 22.7; 22.5;0;0;964;0;964;0;778;0;-
2026/04/15;01:09:33;96;-; 52.35; 0.0;-; 7.7; 6.5; 0.0;-;-;1761;-0.2; 0.0; 0.0;-9; 22.1;F;1;29;On;On;Off; 22.7; 22.5;0;0;964;0;964;0;778;0;-
2026/04/15;01:10:33;96;-; 52.37; 0.0;-; 7.6; 6.2; 0.0;-;-;1761;-0.2; 0.0; 0.0;-9; 22.1;F;1;29;On;On;Off; 22.7; 22.5;0;0;964;0;964;0;778;0;-
2026/04/15;01:11:33;96;-; 52.37; 0.0;-; 7.7; 6.3; 0.0;-;-;1761;-0.2; 0.0; 0.0;-8; 22.1;F;1;29;On;On;Off; 22.7; 22.5;0;0;964;0;964;0;778;0;-
2026/04/15;01:12:33;96;-; 52.35; 0.0;-; 7.6; 6.3; 0.0;-;-;1761;-0.2; 0.0; 0.0;-8; 22.1;F;1;29;On;On;Off; 22.7; 22.5;0;0;964;0;964;0;778;0;-
2026/04/15;01:13:33;96;-; 52.37; 0.0;-; 7.6; 6.3; 0.0;-;-;1761;-0.2; 0.0; 0.0;-8; 22.1;F;1;29;On;On;Off; 22.7; 22.5;0;0;964;0;964;0;778;0;-
2026/04/15;01:14:33;96;-; 52.37; 0.0;-; 7.7; 6.4; 0.0;-;-;1761;-0.2; 0.0; 0.0;-9; 22.1;F;1;29;On;On;Off; 22.7; 22.5;0;0;964;0;964;0;778;0;-
2026/04/15;01:15:33;96;-; 52.37; 0.0;-; 7.7; 6.3; 0.0;-;-;1761;-0.2; 0.0; 0.0;-9; 22.1;F;1;29;On;On;Off; 22.7; 22.5;0;0;964;0;964;0;778;0;-
2026/04/15;01:16:33;96;-; 52.35; 0.0;-; 7.7; 6.4; 0.0;-;-;1761;-0.2; 0.0; 0.0;-9; 22.1;F;1;29;On;On;Off; 22.7; 22.5;0;0;964;0;964;0;778;0;-
2026/04/15;01:17:33;96;-; 52.35; 0.0;-; 7.6; 6.5; 0.0;-;-;1761;-0.2; 0.0; 0.0;-9; 22.1;F;1;29;On;On;Off; 22.7; 22.5;0;0;964;0;964;0;778;0;-
2026/04/15;01:18:33;96;-; 52.35; 0.0;-; 7.6; 6.3; 0.0;-;-;1761;-0.2; 0.0; 0.0;-9; 22.1;F;1;29;On;On;Off; 22.7; 22.5;0;0;964;0;964;0;778;0;-
2026/04/15;01:19:33;96;-; 52.37; 0.0;-; 7.7; 6.3; 0.0;-;-;1762;-0.2; 0.0; 0.0;-10; 22.1;F;1;29;On;On;Off; 22.7; 22.5;0;0;964;0;964;0;778;0;-
2026/04/15;01:20:33;96;-; 52.35; 0.0;-; 7.7; 6.3; 0.0;-;-;1762;-0.2; 0.0; 0.0;-9; 22.1;F;1;29;On;On;Off; 22.7; 22.5;0;0;964;0;964;0;778;0;-
2026/04/15;01:21:33;96;-; 52.37; 0.0;-; 7.7; 6.4; 0.0;-;-;1762;-0.2; 0.0; 0.0;-9; 22.1;F;1;29;On;On;Off; 22.7; 22.5;0;0;964;0;964;0;778;0;-
2026/04/15;01:22:32;96;-; 52.37; 0.0;-; 7.7; 6.3; 0.0;-;-;1762;-0.2; 0.0; 0.0;-9; 22.1;F;1;29;On;On;Off; 22.7; 22.5;0;0;964;0;964;0;778;0;-
2026/04/15;01:23:32;96;-; 52.35; 0.0;-; 7.7; 6.5; 0.0;-;-;1762;-0.2; 0.0; 0.0;-9; 22.1;F;1;29;On;On;Off; 22.7; 22.5;0;0;964;0;964;0;778;0;-
2026/04/15;01:24:32;96;-; 52.37; 0.0;-; 7.7; 6.6; 0.0;-;-;1762;-0.2; 0.0; 0.0;-9; 22.1;F;1;29;On;On;Off; 22.7; 22.5;0;0;964;0;964;0;778;0;-
2026/04/15;01:25:32;96;-; 52.35; 0.0;-; 7.7; 6.4; 0.0;-;-;1762;-0.2; 0.0; 0.0;-9; 22.1;F;1;29;On;On;Off; 22.7; 22.5;0;0;964;0;964;0;778;0;-
2026/04/15;01:26:32;96;-; 52.35; 0.0;-; 7.7; 6.3; 0.0;-;-;1762;-0.2; 0.0; 0.0;-9; 22.1;F;1;29;On;On;Off; 22.7; 22.5;0;0;964;0;964;0;778;0;-
2026/04/15;01:27:32;96;-; 52.35; 0.0;-; 7.7; 6.3; 0.0;-;-;1762;-0.2; 0.0; 0.0;-9; 22.1;F;1;29;On;On;Off; 22.7; 22.5;0;0;964;0;964;0;778;0;-
2026/04/15;01:28:32;96;-; 52.35; 0.0;-; 7.7; 6.3; 0.0;-;-;1762;-0.2; 0.0; 0.0;-9; 22.1;F;1;29;On;On;Off; 22.7; 22.5;0;0;964;0;964;0;778;0;-
2026/04/15;01:29:32;96;-; 52.37; 0.0;-; 7.8; 6.5; 0.0;-;-;1762;-0.2; 0.0; 0.0;-9; 22.1;F;1;29;On;On;Off; 22.7; 22.5;0;0;964;0;964;0;778;0;-
2026/04/15;01:30:32;96;-; 52.37; 0.0;-; 7.7; 6.6; 0.0;-;-;1762;-0.2; 0.0; 0.0;-9; 22.1;F;1;29;On;On;Off; 22.7; 22.5;0;0;964;0;964;0;778;0;-
2026/04/15;01:31:32;96;-; 52.37; 0.0;-; 7.7; 6.6; 0.0;-;-;1762;-0.2; 0.0; 0.0;-9; 22.1;F;1;29;On;On;Off; 22.7; 22.5;0;0;964;0;964;0;778;0;-
2026/04/15;01:32:32;96;-; 52.37; 0.0;-; 7.7; 6.5; 0.0;-;-;1762;-0.2; 0.0; 0.0;-9; 22.1;F;1;29;On;On;Off; 22.7; 22.5;0;0;964;0;964;0;778;0;-
2026/04/15;01:33:32;96;-; 52.37; 0.0;-; 7.8; 6.5; 0.0;-;-;1762;-0.2; 0.0; 0.0;-10; 22.1;F;1;29;On;On;Off; 22.7; 22.5;0;0;964;0;964;0;778;0;-
2026/04/15;01:34:32;96;-; 52.37; 0.0;-; 7.8; 6.5; 0.0;-;-;1762;-0.2; 0.0; 0.0;-9; 22.1;F;1;29;On;On;Off; 22.7; 22.4;0;0;964;0;964;0;778;0;-
2026/04/15;01:35:32;96;-; 52.35; 0.0;-; 7.8; 6.5; 0.0;-;-;1762;-0.2; 0.0; 0.0;-9; 22.1;F;1;29;On;On;Off; 22.7; 22.4;0;0;964;0;964;0;778;0;-
2026/04/15;01:36:32;96;-; 52.37; 0.0;-; 7.8; 6.5; 0.0;-;-;1762;-0.2; 0.0; 0.0;-9; 22.1;F;1;29;On;On;Off; 22.7; 22.5;0;0;964;0;964;0;778;0;-
2026/04/15;01:37:32;96;-; 52.35; 0.0;-; 7.8; 6.4; 0.0;-;-;1762;-0.2; 0.0; 0.0;-9; 22.1;F;1;29;On;On;Off; 22.7; 22.4;0;0;964;0;964;0;778;0;-
2026/04/15;01:38:31;96;-; 52.37; 0.0;-; 7.8; 6.5; 0.0;-;-;1762;-0.2; 0.0; 0.0;-9; 22.1;F;1;29;On;On;Off; 22.7; 22.5;0;0;964;0;964;0;778;0;-
2026/04/15;01:39:31;96;-; 52.37; 0.0;-; 7.8; 6.7; 0.0;-;-;1762;-0.2; 0.0; 0.0;-9; 22.1;F;1;29;On;On;Off; 22.7; 22.5;0;0;964;0;964;0;778;0;-
2026/04/15;01:40:31;96;-; 52.37; 0.0;-; 7.8; 6.7; 0.0;-;-;1762;-0.2; 0.0; 0.0;-9; 22.1;F;1;29;On;On;Off; 22.7; 22.5;0;0;964;0;964;0;778;0;-
2026/04/15;01:41:31;96;-; 52.37; 0.0;-; 7.8; 6.5; 0.0;-;-;1762;-0.2; 0.0; 0.0;-9; 22.1;F;1;29;On;On;Off; 22.7; 22.4;0;0;964;0;964;0;778;0;-
2026/04/15;01:42:31;96;-; 52.37; 0.0;-; 7.8; 6.5; 0.0;-;-;1762;-0.2; 0.0; 0.0;-9; 22.1;F;1;29;On;On;Off; 22.7; 22.5;0;0;964;0;964;0;778;0;-
2026/04/15;01:43:31;96;-; 52.37; 0.0;-; 7.8; 6.6; 0.0;-;-;1762;-0.2; 0.0; 0.0;-9; 22.1;F;1;29;On;On;Off; 22.7; 22.4;0;0;964;0;964;0;778;0;-
2026/04/15;01:44:31;96;-; 52.37; 0.0;-; 7.8; 6.5; 0.0;-;-;1762;-0.2; 0.0; 0.0;-9; 22.1;F;1;29;On;On;Off; 22.7; 22.5;0;0;964;0;964;0;778;0;-
2026/04/15;01:45:31;96;-; 52.37; 0.0;-; 7.8; 6.5; 0.0;-;-;1762;-0.2; 0.0; 0.0;-9; 22.1;F;1;29;On;On;Off; 22.7; 22.4;0;0;964;0;964;0;778;0;-
2026/04/15;01:46:31;96;-; 52.35; 0.0;-; 7.7; 6.6; 0.0;-;-;1762;-0.2; 0.0; 0.0;-9; 22.1;F;1;29;On;On;Off; 22.7; 22.4;0;0;964;0;964;0;778;0;-
2026/04/15;01:47:31;96;-; 52.37; 0.0;-; 7.8; 6.5; 0.0;-;-;1762;-0.2; 0.0; 0.0;-9; 22.1;F;1;29;On;On;Off; 22.7; 22.4;0;0;964;0;964;0;778;0;-
2026/04/15;01:48:31;96;-; 52.37; 0.0;-; 7.8; 6.6; 0.0;-;-;1762;-0.2; 0.0; 0.0;-9; 22.1;F;1;29;On;On;Off; 22.7; 22.4;0;0;964;0;964;0;778;0;-
2026/04/15;01:49:31;96;-; 52.35; 0.0;-; 7.8; 6.6; 0.0;-;-;1762;-0.2; 0.0; 0.0;-9; 22.1;F;1;29;On;On;Off; 22.7; 22.4;0;0;964;0;964;0;778;0;-
2026/04/15;01:50:31;96;-; 52.35; 0.0;-; 7.8; 6.5; 0.0;-;-;1762;-0.2; 0.0; 0.0;-10; 22.0;F;1;29;On;On;Off; 22.7; 22.4;0;0;964;0;964;0;778;0;-
2026/04/15;01:51:31;96;-; 52.37; 0.0;-; 7.8; 6.6; 0.0;-;-;1762;-0.2; 0.0; 0.0;-10; 22.0;F;1;29;On;On;Off; 22.7; 22.4;0;0;964;0;964;0;778;0;-
2026/04/15;01:52:31;96;-; 52.35; 0.0;-; 7.8; 6.5; 0.0;-;-;1762;-0.2; 0.0; 0.0;-10; 22.1;F;1;29;On;On;Off; 22.7; 22.4;0;0;964;0;964;0;778;0;-
2026/04/15;01:53:30;96;-; 52.35; 0.0;-; 7.8; 6.7; 0.0;-;-;1762;-0.2; 0.0; 0.0;-9; 22.0;F;1;29;On;On;Off; 22.7; 22.4;0;0;964;0;964;0;778;0;-
2026/04/15;01:54:30;96;-; 52.35; 0.0;-; 7.8; 6.5; 0.0;-;-;1762;-0.2; 0.0; 0.0;-9; 22.1;F;1;29;On;On;Off; 22.7; 22.4;0;0;964;0;964;0;778;0;-
2026/04/15;01:55:30;96;-; 52.37; 0.0;-; 7.8; 6.4; 0.0;-;-;1762;-0.2; 0.0; 0.0;-10; 22.0;F;1;29;On;On;Off; 22.7; 22.4;0;0;964;0;964;0;778;0;-
2026/04/15;01:56:30;96;-; 52.35; 0.0;-; 7.8; 6.6; 0.0;-;-;1762;-0.2; 0.0; 0.0;-10; 22.1;F;1;29;On;On;Off; 22.7; 22.4;0;0;964;0;964;0;778;0;-
2026/04/15;01:57:30;96;-; 52.37; 0.0;-; 7.9; 6.6; 0.0;-;-;1762;-0.2; 0.0; 0.0;-10; 22.0;F;1;29;On;On;Off; 22.7; 22.4;0;0;964;0;964;0;778;0;-
2026/04/15;01:58:30;96;-; 52.35; 0.0;-; 7.9; 6.6; 0.0;-;-;1762;-0.2; 0.0; 0.0;-10; 22.0;F;1;29;On;On;Off; 22.7; 22.4;0;0;964;0;964;0;778;0;-
2026/04/15;01:59:30;96;-; 52.35; 0.0;-; 7.8; 6.5; 0.0;-;-;1762;-0.2; 0.0; 0.0;-10; 22.1;F;1;29;On;On;Off; 22.7; 22.4;0;0;964;0;964;0;778;0;-
2026/04/15;02:00:30;96;-; 52.37; 0.0;-; 7.8; 6.6; 0.0;-;-;1762;-0.2; 0.0; 0.0;-9; 22.0;F;1;29;On;On;Off; 22.7; 22.4;0;0;964;0;964;0;778;0;-
2026/04/15;02:01:30;96;-; 52.35; 0.0;-; 7.8; 6.6; 0.0;-;-;1762;-0.2; 0.0; 0.0;-10; 22.0;F;1;29;On;On;Off; 22.7; 22.4;0;0;964;0;964;0;778;0;-
2026/04/15;02:02:30;96;-; 52.35; 0.0;-; 7.8; 6.7; 0.0;-;-;1762;-0.2; 0.0; 0.0;-9; 22.0;F;1;29;On;On;Off; 22.7; 22.4;0;0;964;0;964;0;778;0;-
2026/04/15;02:03:30;96;-; 52.37; 0.0;-; 7.8; 6.6; 0.0;-;-;1762;-0.2; 0.0; 0.0;-10; 22.0;F;1;29;On;On;Off; 22.7; 22.4;0;0;964;0;964;0;778;0;-
2026/04/15;02:04:30;95;-; 52.35; 0.0;-; 7.8; 6.7; 0.0;-;-;1762;-0.2; 0.0; 0.0;-10; 22.0;F;1;29;On;On;Off; 22.7; 22.4;0;0;964;0;964;0;778;0;-
2026/04/15;02:05:30;95;-; 52.35; 0.0;-; 7.7; 6.5; 0.0;-;-;1762;-0.2; 0.0; 0.0;-10; 22.0;F;1;29;On;On;Off; 22.6; 22.4;0;0;964;0;964;0;778;0;-
2026/04/15;02:06:30;95;-; 52.35; 0.0;-; 7.9; 6.7; 0.0;-;-;1762;-0.2; 0.0; 0.0;-9; 22.0;F;1;29;On;On;Off; 22.6; 22.4;0;0;964;0;964;0;778;0;-
2026/04/15;02:07:30;95;-; 52.35; 0.0;-; 7.8; 6.7; 0.0;-;-;1762;-0.2; 0.0; 0.0;-10; 22.0;F;1;29;On;On;Off; 22.7; 22.4;0;0;964;0;964;0;778;0;-
2026/04/15;02:08:30;95;-; 52.33; 0.0;-; 7.9; 6.7; 0.0;-;-;1762;-0.2; 0.0; 0.0;-9; 22.0;F;1;29;On;On;Off; 22.7; 22.4;0;0;964;0;964;0;778;0;-
2026/04/15;02:09:29;95;-; 52.35; 0.0;-; 7.9; 6.8; 0.0;-;-;1762;-0.2; 0.0; 0.0;-9; 22.0;F;1;29;On;On;Off; 22.7; 22.4;0;0;964;0;964;0;778;0;-
2026/04/15;02:10:29;95;-; 52.35; 0.0;-; 7.8; 6.8; 0.0;-;-;1762;-0.2; 0.0; 0.0;-9; 22.0;F;1;29;On;On;Off; 22.6; 22.4;0;0;964;0;964;0;778;0;-
2026/04/15;02:11:29;95;-; 52.35; 0.0;-; 7.8; 6.7; 0.0;-;-;1762;-0.2; 0.0; 0.0;-10; 22.0;F;1;29;On;On;Off; 22.6; 22.4;0;0;964;0;964;0;778;0;-
2026/04/15;02:12:29;95;-; 52.35; 0.0;-; 7.9; 6.7; 0.0;-;-;1762;-0.2; 0.0; 0.0;-10; 22.0;F;1;29;On;On;Off; 22.7; 22.4;0;0;964;0;964;0;778;0;-
2026/04/15;02:13:29;95;-; 52.35; 0.0;-; 7.8; 6.4; 0.0;-;-;1762;-0.2; 0.0; 0.0;-10; 22.0;F;1;29;On;On;Off; 22.6; 22.4;0;0;964;0;964;0;778;0;-
2026/04/15;02:14:29;95;-; 52.35; 0.0;-; 7.8; 6.6; 0.0;-;-;1762;-0.2; 0.0; 0.0;-10; 22.0;F;1;29;On;On;Off; 22.6; 22.4;0;0;964;0;964;0;778;0;-
2026/04/15;02:15:29;95;-; 52.35; 0.0;-; 7.9; 6.7; 0.0;-;-;1762;-0.2; 0.0; 0.0;-9; 22.0;F;1;29;On;On;Off; 22.7; 22.4;0;0;964;0;964;0;778;0;-
2026/04/15;02:16:29;95;-; 52.35; 0.0;-; 7.8; 6.5; 0.0;-;-;1762;-0.2; 0.0; 0.0;-9; 22.0;F;1;29;On;On;Off; 22.7; 22.4;0;0;964;0;964;0;778;0;-
2026/04/15;02:17:29;95;-; 52.35; 0.0;-; 7.9; 6.7; 0.0;-;-;1762;-0.2; 0.0; 0.0;-9; 22.0;F;1;29;On;On;Off; 22.6; 22.4;0;0;964;0;964;0;778;0;-
2026/04/15;02:18:29;95;-; 52.35; 0.0;-; 7.8; 6.7; 0.0;-;-;1762;-0.2; 0.0; 0.0;-9; 22.0;F;1;29;On;On;Off; 22.6; 22.4;0;0;964;0;964;0;778;0;-
2026/04/15;02:19:29;95;-; 52.35; 0.0;-; 7.8; 6.6; 0.0;-;-;1763;-0.2; 0.0; 0.0;-8; 22.0;F;1;29;On;On;Off; 22.6; 22.4;0;0;964;0;964;0;778;0;-
2026/04/15;02:20:29;95;-; 52.35; 0.0;-; 7.9; 6.7; 0.0;-;-;1763;-0.2; 0.0; 0.0;-9; 22.0;F;1;29;On;On;Off; 22.6; 22.4;0;0;964;0;964;0;778;0;-
2026/04/15;02:21:29;95;-; 52.33; 0.0;-; 8.4; 6.8; 0.0;-;-;1763;-0.2; 0.0; 0.0;-8; 22.0;F;1;29;On;On;Off; 22.6; 22.4;0;0;964;0;964;0;778;0;-
2026/04/15;02:22:29;95;-; 52.35; 0.0;-; 7.9; 6.6; 0.0;-;-;1763;-0.2; 0.0; 0.0;-9; 22.0;F;1;29;On;On;Off; 22.6; 22.4;0;0;964;0;964;0;778;0;-
2026/04/15;02:23:29;95;-; 52.35; 0.0;-; 7.8; 6.7; 0.0;-;-;1763;-0.2; 0.0; 0.0;-9; 22.0;F;1;29;On;On;Off; 22.6; 22.4;0;0;964;0;964;0;778;0;-
2026/04/15;02:24:29;95;-; 52.35; 0.0;-; 7.9; 6.7; 0.0;-;-;1763;-0.2; 0.0; 0.0;-9; 22.0;F;1;29;On;On;Off; 22.6; 22.4;0;0;964;0;964;0;778;0;-
2026/04/15;02:25:28;95;-; 52.33; 0.0;-; 7.9; 6.7; 0.0;-;-;1763;-0.2; 0.0; 0.0;-9; 22.0;F;1;29;On;On;Off; 22.7; 22.4;0;0;964;0;964;0;778;0;-
2026/04/15;02:26:28;95;-; 52.35; 0.0;-; 7.9; 6.6; 0.0;-;-;1763;-0.2; 0.0; 0.0;-10; 22.0;F;1;29;On;On;Off; 22.6; 22.4;0;0;964;0;964;0;778;0;-
2026/04/15;02:27:28;95;-; 52.33; 0.0;-; 7.9; 6.5; 0.0;-;-;1763;-0.2; 0.0; 0.0;-9; 22.0;F;1;29;On;On;Off; 22.6; 22.4;0;0;964;0;964;0;778;0;-
2026/04/15;02:28:28;95;-; 52.33; 0.0;-; 7.9; 6.7; 0.0;-;-;1763;-0.2; 0.0; 0.0;-9; 22.0;F;1;29;On;On;Off; 22.6; 22.4;0;0;964;0;964;0;778;0;-
2026/04/15;02:29:28;95;-; 52.33; 0.0;-; 7.9; 6.6; 0.0;-;-;1763;-0.2; 0.0; 0.0;-9; 22.0;F;1;29;On;On;Off; 22.6; 22.4;0;0;964;0;964;0;778;0;-
2026/04/15;02:30:28;95;-; 52.35; 0.0;-; 7.9; 6.7; 0.0;-;-;1763;-0.2; 0.0; 0.0;-9; 22.0;F;1;29;On;On;Off; 22.6; 22.4;0;0;964;0;964;0;778;0;-
2026/04/15;02:31:28;95;-; 52.35; 0.0;-; 7.9; 6.7; 0.0;-;-;1763;-0.2; 0.0; 0.0;-9; 22.0;F;1;29;On;On;Off; 22.6; 22.4;0;0;964;0;964;0;778;0;-
2026/04/15;02:32:28;95;-; 52.33; 0.0;-; 7.8; 6.7; 0.0;-;-;1763;-0.2; 0.0; 0.0;-10; 22.0;F;1;29;On;On;Off; 22.6; 22.4;0;0;964;0;964;0;778;0;-
2026/04/15;02:33:28;95;-; 52.33; 0.0;-; 7.9; 6.6; 0.0;-;-;1763;-0.2; 0.0; 0.0;-10; 22.0;F;1;29;On;On;Off; 22.6; 22.4;0;0;964;0;964;0;778;0;-
2026/04/15;02:34:28;95;-; 52.35; 0.0;-; 7.9; 6.7; 0.0;-;-;1763;-0.2; 0.0; 0.0;-10; 22.0;F;1;29;On;On;Off; 22.6; 22.4;0;0;964;0;964;0;778;0;-
2026/04/15;02:35:28;95;-; 52.35; 0.0;-; 7.9; 6.6; 0.0;-;-;1763;-0.2; 0.0; 0.0;-10; 22.0;F;1;29;On;On;Off; 22.6; 22.4;0;0;964;0;964;0;778;0;-
2026/04/15;02:36:28;95;-; 52.35; 0.0;-; 7.9; 6.6; 0.0;-;-;1763;-0.2; 0.0; 0.0;-10; 22.0;F;1;29;On;On;Off; 22.6; 22.4;0;0;964;0;964;0;778;0;-
2026/04/15;02:37:28;95;-; 52.35; 0.0;-; 7.8; 6.7; 0.0;-;-;1763;-0.2; 0.0; 0.0;-9; 22.0;F;1;29;On;On;Off; 22.6; 22.4;0;0;964;0;964;0;778;0;-
2026/04/15;02:38:28;95;-; 52.35; 0.0;-; 7.9; 6.5; 0.0;-;-;1763;-0.2; 0.0; 0.0;-9; 22.0;F;1;29;On;On;Off; 22.6; 22.4;0;0;964;0;964;0;778;0;-
2026/04/15;02:39:28;95;-; 52.35; 0.0;-; 7.9; 6.6; 0.0;-;-;1763;-0.2; 0.0; 0.0;-10; 22.0;F;1;29;On;On;Off; 22.6; 22.4;0;0;964;0;964;0;778;0;-
2026/04/15;02:40:28;95;-; 52.35; 0.0;-; 7.9; 6.6; 0.0;-;-;1763;-0.2; 0.0; 0.0;-10; 22.0;F;1;29;On;On;Off; 22.6; 22.4;0;0;964;0;964;0;778;0;-
2026/04/15;02:41:27;95;-; 52.35; 0.0;-; 7.9; 6.6; 0.0;-;-;1763;-0.2; 0.0; 0.0;-9; 22.0;F;1;29;On;On;Off; 22.6; 22.3;0;0;964;0;964;0;778;0;-
2026/04/15;02:42:27;95;-; 52.33; 0.0;-; 8.0; 6.7; 0.0;-;-;1763;-0.2; 0.0; 0.0;-9; 22.0;F;1;29;On;On;Off; 22.6; 22.4;0;0;964;0;964;0;778;0;-
2026/04/15;02:43:27;95;-; 52.33; 0.0;-; 7.8; 6.7; 0.0;-;-;1763;-0.2; 0.0; 0.0;-9; 22.0;F;1;29;On;On;Off; 22.6; 22.4;0;0;964;0;964;0;778;0;-
2026/04/15;02:44:27;95;-; 52.35; 0.0;-; 7.9; 6.7; 0.0;-;-;1763;-0.2; 0.0; 0.0;-10; 22.0;F;1;29;On;On;Off; 22.6; 22.4;0;0;964;0;964;0;778;0;-
2026/04/15;02:45:27;95;-; 52.35; 0.0;-; 7.9; 6.8; 0.0;-;-;1763;-0.2; 0.0; 0.0;-9; 22.0;F;1;29;On;On;Off; 22.6; 22.3;0;0;964;0;964;0;778;0;-
2026/04/15;02:46:27;95;-; 52.35; 0.0;-; 7.9; 6.7; 0.0;-;-;1763;-0.2; 0.0; 0.0;-9; 22.0;F;1;29;On;On;Off; 22.6; 22.4;0;0;964;0;964;0;778;0;-
2026/04/15;02:47:27;95;-; 52.35; 0.0;-; 7.9; 6.7; 0.0;-;-;1763;-0.2; 0.0; 0.0;-9; 22.0;F;1;29;On;On;Off; 22.6; 22.3;0;0;964;0;964;0;778;0;-
2026/04/15;02:48:27;95;-; 52.35; 0.0;-; 7.9; 6.8; 0.0;-;-;1763;-0.2; 0.0; 0.0;-10; 22.0;F;1;29;On;On;Off; 22.6; 22.3;0;0;964;0;964;0;778;0;-
2026/04/15;02:49:27;95;-; 52.35; 0.0;-; 7.9; 6.7; 0.0;-;-;1763;-0.2; 0.0; 0.0;-9; 22.0;F;1;29;On;On;Off; 22.6; 22.4;0;0;964;0;964;0;778;0;-
2026/04/15;02:50:27;95;-; 52.33; 0.0;-; 7.9; 6.6; 0.0;-;-;1763;-0.2; 0.0; 0.0;-9; 22.0;F;1;29;On;On;Off; 22.6; 22.3;0;0;964;0;964;0;778;0;-
2026/04/15;02:51:27;95;-; 52.35; 0.0;-; 7.9; 6.6; 0.0;-;-;1763;-0.2; 0.0; 0.0;-9; 22.0;F;1;29;On;On;Off; 22.6; 22.3;0;0;964;0;964;0;778;0;-
2026/04/15;02:52:27;95;-; 52.35; 0.0;-; 7.9; 6.7; 0.0;-;-;1763;-0.2; 0.0; 0.0;-10; 22.0;F;1;29;On;On;Off; 22.6; 22.3;0;0;964;0;964;0;778;0;-
2026/04/15;02:53:27;95;-; 52.33; 0.0;-; 7.9; 6.6; 0.0;-;-;1763;-0.2; 0.0; 0.0;-10; 22.0;F;1;29;On;On;Off; 22.6; 22.3;0;0;964;0;964;0;778;0;-
2026/04/15;02:54:27;95;-; 52.35; 0.0;-; 7.9; 6.8; 0.0;-;-;1763;-0.2; 0.0; 0.0;-10; 22.0;F;1;29;On;On;Off; 22.6; 22.3;0;0;964;0;964;0;778;0;-
2026/04/15;02:55:27;95;-; 52.33; 0.0;-; 7.9; 6.7; 0.0;-;-;1763;-0.2; 0.0; 0.0;-9; 22.0;F;1;29;On;On;Off; 22.6; 22.3;0;0;964;0;964;0;778;0;-
2026/04/15;02:56:27;95;-; 52.35; 0.0;-; 8.0; 6.7; 0.0;-;-;1763;-0.2; 0.0; 0.0;-10; 22.0;F;1;29;On;On;Off; 22.6; 22.3;0;0;964;0;964;0;778;0;-
2026/04/15;02:57:26;95;-; 52.35; 0.0;-; 7.9; 6.6; 0.0;-;-;1763;-0.2; 0.0; 0.0;-10; 22.0;F;1;29;On;On;Off; 22.6; 22.3;0;0;964;0;964;0;778;0;-
2026/04/15;02:58:26;95;-; 52.35; 0.0;-; 7.9; 6.7; 0.0;-;-;1763;-0.2; 0.0; 0.0;-10; 22.0;F;1;29;On;On;Off; 22.6; 22.3;0;0;964;0;964;0;778;0;-
2026/04/15;02:59:26;95;-; 52.33; 0.0;-; 7.9; 6.8; 0.0;-;-;1763;-0.2; 0.0; 0.0;-9; 22.0;F;1;29;On;On;Off; 22.6; 22.3;0;0;964;0;964;0;778;0;-
2026/04/15;03:00:26;95;-; 52.35; 0.0;-; 9.9; 7.3; 0.0;-;-;1763;-0.2; 0.0; 0.0;-9; 22.0;F;1;29;On;On;Off; 22.6; 22.3;0;0;964;0;964;0;778;0;-
2026/04/15;03:01:26;95;-; 52.33; 0.0;-; 10.0; 7.4; 0.0;-;-;1763;-0.2; 0.0; 0.0;-9; 22.0;F;1;29;On;On;Off; 22.6; 22.3;0;0;964;0;964;0;778;0;-
2026/04/15;03:02:26;95;-; 52.33; 0.0;-; 10.0; 7.5; 0.0;-;-;1763;-0.2; 0.0; 0.0;-8; 22.0;F;1;29;On;On;Off; 22.6; 22.3;0;0;964;0;964;0;778;0;-
2026/04/15;03:03:26;95;-; 52.35; 0.0;-; 10.0; 7.4; 0.0;-;-;1763;-0.2; 0.0; 0.0;-9; 22.0;F;1;29;On;On;Off; 22.6; 22.3;0;0;964;0;964;0;778;0;-
2026/04/15;03:04:26;95;-; 52.35; 0.0;-; 10.1; 7.3; 0.0;-;-;1763;-0.2; 0.0; 0.0;-9; 22.0;F;1;29;On;On;Off; 22.6; 22.3;0;0;964;0;964;0;778;0;-
2026/04/15;03:05:26;95;-; 52.33; 0.0;-; 10.0; 7.4; 0.0;-;-;1763;-0.2; 0.0; 0.0;-9; 22.0;F;1;29;On;On;Off; 22.6; 22.3;0;0;964;0;964;0;778;0;-
2026/04/15;03:06:26;95;-; 52.35; 0.0;-; 10.0; 7.4; 0.0;-;-;1763;-0.2; 0.0; 0.0;-10; 22.0;F;1;29;On;On;Off; 22.6; 22.3;0;0;964;0;964;0;778;0;-
2026/04/15;03:07:26;95;-; 52.33; 0.0;-; 10.0; 7.4; 0.0;-;-;1763;-0.2; 0.0; 0.0;-9; 22.0;F;1;29;On;On;Off; 22.6; 22.3;0;0;964;0;964;0;778;0;-
2026/04/15;03:08:26;95;-; 52.33; 0.0;-; 10.0; 7.6; 0.0;-;-;1763;-0.2; 0.0; 0.0;-10; 22.0;F;1;29;On;On;Off; 22.6; 22.3;0;0;964;0;964;0;778;0;-
2026/04/15;03:09:26;95;-; 52.35; 0.0;-; 10.1; 7.6; 0.0;-;-;1763;-0.2; 0.0; 0.0;-9; 22.0;F;1;29;On;On;Off; 22.6; 22.3;0;0;964;0;964;0;778;0;-
2026/04/15;03:10:26;95;-; 52.33; 0.0;-; 10.1; 7.5; 0.0;-;-;1763;-0.2; 0.0; 0.0;-9; 22.0;F;1;29;On;On;Off; 22.6; 22.3;0;0;964;0;964;0;778;0;-
2026/04/15;03:11:26;95;-; 52.33; 0.0;-; 10.1; 7.4; 0.0;-;-;1763;-0.2; 0.0; 0.0;-9; 22.0;F;1;29;On;On;Off; 22.6; 22.3;0;0;964;0;964;0;778;0;-
2026/04/15;03:12:25;95;-; 52.33; 0.0;-; 10.0; 7.5; 0.0;-;-;1763;-0.2; 0.0; 0.0;-8; 22.0;F;1;29;On;On;Off; 22.6; 22.3;0;0;964;0;964;0;778;0;-
2026/04/15;03:13:25;95;-; 52.35; 0.0;-; 10.1; 7.6; 0.0;-;-;1763;-0.2; 0.0; 0.0;-8; 22.0;F;1;29;On;On;Off; 22.6; 22.3;0;0;964;0;964;0;778;0;-
2026/04/15;03:14:25;95;-; 52.35; 0.0;-; 10.1; 7.4; 0.0;-;-;1763;-0.2; 0.0; 0.0;-8; 22.0;F;1;29;On;On;Off; 22.6; 22.3;0;0;964;0;964;0;778;0;-
2026/04/15;03:15:25;95;-; 52.35; 0.0;-; 10.2; 7.6; 0.0;-;-;1763;-0.2; 0.0; 0.0;-9; 22.0;F;1;29;On;On;Off; 22.6; 22.3;0;0;964;0;964;0;778;0;-
2026/04/15;03:16:25;95;-; 52.35; 0.0;-; 10.1; 7.5; 0.0;-;-;1763;-0.2; 0.0; 0.0;-8; 22.0;F;1;29;On;On;Off; 22.6; 22.3;0;0;964;0;964;0;778;0;-
2026/04/15;03:17:25;95;-; 52.35; 0.0;-; 10.2; 7.6; 0.0;-;-;1763;-0.2; 0.0; 0.0;-8; 22.0;F;1;29;On;On;Off; 22.6; 22.3;0;0;964;0;964;0;778;0;-
2026/04/15;03:18:25;95;-; 52.33; 0.0;-; 10.1; 7.6; 0.0;-;-;1763;-0.2; 0.0; 0.0;-9; 22.0;F;1;29;On;On;Off; 22.6; 22.3;0;0;964;0;964;0;778;0;-
2026/04/15;03:19:25;95;-; 52.35; 0.0;-; 10.2; 7.5; 0.0;-;-;1764;-0.2; 0.0; 0.0;-9; 22.0;F;1;29;On;On;Off; 22.6; 22.3;0;0;964;0;964;0;778;0;-
2026/04/15;03:20:25;95;-; 52.35; 0.0;-; 10.2; 7.5; 0.0;-;-;1764;-0.2; 0.0; 0.0;-9; 22.0;F;1;29;On;On;Off; 22.6; 22.3;0;0;964;0;964;0;778;0;-
2026/04/15;03:21:25;95;-; 52.35; 0.0;-; 10.2; 7.6; 0.0;-;-;1764;-0.2; 0.0; 0.0;-9; 22.0;F;1;29;On;On;Off; 22.6; 22.3;0;0;964;0;964;0;778;0;-
2026/04/15;03:22:25;95;-; 52.33; 0.0;-; 10.2; 7.5; 0.0;-;-;1764;-0.2; 0.0; 0.0;-9; 22.0;F;1;29;On;On;Off; 22.6; 22.3;0;0;964;0;964;0;778;0;-
2026/04/15;03:23:25;95;-; 52.33; 0.0;-; 10.2; 7.7; 0.0;-;-;1764;-0.2; 0.0; 0.0;-9; 22.0;F;1;29;On;On;Off; 22.6; 22.3;0;0;964;0;964;0;778;0;-
2026/04/15;03:24:25;95;-; 52.35; 0.0;-; 10.2; 7.7; 0.0;-;-;1764;-0.2; 0.0; 0.0;-9; 22.0;F;1;29;On;On;Off; 22.6; 22.3;0;0;964;0;964;0;778;0;-
2026/04/15;03:25:25;95;-; 52.35; 0.0;-; 10.2; 7.7; 0.0;-;-;1764;-0.2; 0.0; 0.0;-9; 22.0;F;1;29;On;On;Off; 22.6; 22.3;0;0;964;0;964;0;778;0;-
2026/04/15;03:26:25;95;-; 52.35; 0.0;-; 10.3; 7.6; 0.0;-;-;1764;-0.2; 0.0; 0.0;-9; 22.0;F;1;29;On;On;Off; 22.6; 22.3;0;0;964;0;964;0;778;0;-
2026/04/15;03:27:25;95;-; 52.33; 0.0;-; 10.3; 7.8; 0.0;-;-;1764;-0.2; 0.0; 0.0;-9; 22.0;F;1;29;On;On;Off; 22.6; 22.3;0;0;964;0;964;0;778;0;-
2026/04/15;03:28:24;95;-; 52.35; 0.0;-; 10.4; 7.8; 0.0;-;-;1764;-0.2; 0.0; 0.0;-9; 22.0;F;1;29;On;On;Off; 22.6; 22.3;0;0;964;0;964;0;778;0;-
2026/04/15;03:29:24;95;-; 52.35; 0.0;-; 10.3; 7.8; 0.0;-;-;1764;-0.2; 0.0; 0.0;-9; 22.0;F;1;29;On;On;Off; 22.6; 22.3;0;0;964;0;964;0;778;0;-
2026/04/15;03:30:24;95;-; 52.33; 0.0;-; 10.4; 7.8; 0.0;-;-;1764;-0.2; 0.0; 0.0;-9; 22.0;F;1;29;On;On;Off; 22.6; 22.3;0;0;964;0;964;0;778;0;-
2026/04/15;03:31:24;95;-; 52.35; 0.0;-; 10.3; 7.8; 0.0;-;-;1764;-0.2; 0.0; 0.0;-9; 22.0;F;1;29;On;On;Off; 22.6; 22.3;0;0;964;0;964;0;778;0;-
2026/04/15;03:32:24;95;-; 52.33; 0.0;-; 10.5; 7.9; 0.0;-;-;1764;-0.2; 0.0; 0.0;-9; 22.0;F;1;29;On;On;Off; 22.6; 22.3;0;0;964;0;964;0;778;0;-
2026/04/15;03:33:24;95;-; 52.35; 0.0;-; 10.5; 8.0; 0.0;-;-;1764;-0.2; 0.0; 0.0;-9; 22.0;F;1;29;On;On;Off; 22.6; 22.3;0;0;964;0;964;0;778;0;-
2026/04/15;03:34:24;95;-; 52.35; 0.0;-; 10.5; 8.0; 0.0;-;-;1764;-0.2; 0.0; 0.0;-9; 22.0;F;1;29;On;On;Off; 22.6; 22.3;0;0;964;0;964;0;778;0;-
2026/04/15;03:35:24;95;-; 52.35; 0.0;-; 10.6; 8.0; 0.0;-;-;1764;-0.2; 0.0; 0.0;-9; 22.0;F;1;29;On;On;Off; 22.6; 22.3;0;0;964;0;964;0;778;0;-
2026/04/15;03:36:24;95;-; 52.33; 0.0;-; 10.7; 8.3; 0.0;-;-;1764;-0.2; 0.0; 0.0;-9; 22.0;F;1;29;On;On;Off; 22.6; 22.3;0;0;964;0;964;0;778;0;-
2026/04/15;03:37:24;95;-; 52.33; 0.0;-; 10.7; 8.2; 0.0;-;-;1764;-0.2; 0.0; 0.0;-9; 22.0;F;1;29;On;On;Off; 22.6; 22.3;0;0;964;0;964;0;778;0;-
2026/04/15;03:38:24;95;-; 52.33; 0.0;-; 10.6; 8.2; 0.0;-;-;1764;-0.2; 0.0; 0.0;-9; 22.0;F;1;29;On;On;Off; 22.6; 22.3;0;0;964;0;964;0;778;0;-
2026/04/15;03:39:24;95;-; 52.33; 0.0;-; 10.8; 8.2; 0.0;-;-;1764;-0.2; 0.0; 0.0;-10; 22.0;F;1;29;On;On;Off; 22.6; 22.3;0;0;964;0;964;0;778;0;-
2026/04/15;03:40:24;95;-; 52.33; 0.0;-; 10.9; 8.3; 0.0;-;-;1764;-0.2; 0.0; 0.0;-10; 22.0;F;1;29;On;On;Off; 22.6; 22.3;0;0;964;0;964;0;778;0;-
2026/04/15;03:41:24;95;-; 52.33; 0.0;-; 10.9; 8.5; 0.0;-;-;1764;-0.2; 0.0; 0.0;-10; 22.0;F;1;29;On;On;Off; 22.6; 22.3;0;0;964;0;964;0;778;0;-
2026/04/15;03:42:24;94;-; 52.33; 0.0;-; 11.0; 8.4; 0.0;-;-;1764;-0.2; 0.0; 0.0;-9; 22.0;F;1;29;On;On;Off; 22.6; 22.3;0;0;964;0;964;0;778;0;-
2026/04/15;03:43:24;94;-; 52.33; 0.0;-; 11.1; 8.5; 0.0;-;-;1764;-0.2; 0.0; 0.0;-9; 22.0;F;1;29;On;On;Off; 22.6; 22.3;0;0;964;0;964;0;778;0;-
2026/04/15;03:44:23;94;-; 52.33; 0.0;-; 11.2; 8.8; 0.0;-;-;1764;-0.2; 0.0; 0.0;-9; 22.0;F;1;29;On;On;Off; 22.6; 22.3;0;0;964;0;964;0;778;0;-
2026/04/15;03:45:23;94;-; 52.33; 0.0;-; 11.4; 8.8; 0.0;-;-;1764;-0.2; 0.0; 0.0;-9; 22.0;F;1;29;On;On;Off; 22.6; 22.3;0;0;964;0;964;0;778;0;-
2026/04/15;03:46:23;94;-; 52.33; 0.0;-; 11.5; 9.0; 0.0;-;-;1764;-0.2; 0.0; 0.0;-9; 22.0;F;1;29;On;On;Off; 22.6; 22.3;0;0;964;0;964;0;778;0;-
2026/04/15;03:47:23;94;-; 52.33; 0.0;-; 11.6; 9.2; 0.0;-;-;1764;-0.2; 0.0; 0.0;-9; 22.0;F;1;29;On;On;Off; 22.6; 22.3;0;0;964;0;964;0;778;0;-
2026/04/15;03:48:23;94;-; 52.33; 0.0;-; 11.7; 9.2; 0.0;-;-;1764;-0.2; 0.0; 0.0;-9; 22.0;F;1;29;On;On;Off; 22.6; 22.3;0;0;964;0;964;0;778;0;-
2026/04/15;03:49:23;94;-; 52.33; 0.0;-; 11.9; 9.4; 0.0;-;-;1764;-0.2; 0.0; 0.0;-9; 22.0;F;1;29;On;On;Off; 22.6; 22.3;0;0;964;0;964;0;778;0;-
2026/04/15;03:50:23;94;-; 52.33; 0.0;-; 12.1; 9.6; 0.0;-;-;1764;-0.2; 0.0; 0.0;-10; 22.0;F;1;29;On;On;Off; 22.6; 22.3;0;0;964;0;964;0;778;0;-
2026/04/15;03:51:23;94;-; 52.33; 0.0;-; 12.3; 9.8; 0.0;-;-;1764;-0.2; 0.0; 0.0;-10; 22.0;F;1;29;On;On;Off; 22.6; 22.3;0;0;964;0;964;0;778;0;-
2026/04/15;03:52:23;94;-; 52.33; 0.0;-; 12.5; 10.0; 0.0;-;-;1764;-0.2; 0.0; 0.0;-10; 22.0;F;1;29;On;On;Off; 22.6; 22.3;0;0;964;0;964;0;778;0;-
2026/04/15;03:53:23;94;-; 52.33; 0.0;-; 12.7; 10.4; 0.0;-;-;1764;-0.2; 0.0; 0.0;-10; 22.0;F;1;29;On;On;Off; 22.6; 22.3;0;0;964;0;964;0;778;0;-
2026/04/15;03:54:23;94;-; 52.33; 0.0;-; 13.1; 10.6; 0.0;-;-;1764;-0.2; 0.0; 0.0;-10; 22.0;F;1;29;On;On;Off; 22.6; 22.3;0;0;964;0;964;0;778;0;-
2026/04/15;03:55:23;94;-; 52.33; 0.0;-; 13.3; 10.7; 0.0;-;-;1764;-0.2; 0.0; 0.0;-10; 22.0;F;1;29;On;On;Off; 22.6; 22.3;0;0;964;0;964;0;778;0;-
2026/04/15;03:56:23;94;-; 52.33; 0.0;-; 13.7; 11.2; 0.0;-;-;1764;-0.2; 0.0; 0.0;-10; 22.0;F;1;29;On;On;Off; 22.6; 22.3;0;0;964;0;964;0;778;0;-
2026/04/15;03:57:23;94;-; 52.33; 0.0;-; 13.9; 11.5; 0.0;-;-;1764;-0.2; 0.0; 0.0;-10; 22.0;F;1;29;On;On;Off; 22.6; 22.3;0;0;964;0;964;0;778;0;-
2026/04/15;03:58:23;94;-; 52.33; 0.0;-; 14.4; 12.0; 0.0;-;-;1764;-0.2; 0.0; 0.0;-9; 22.0;F;1;29;On;On;Off; 22.6; 22.3;0;0;964;0;964;0;778;0;-
2026/04/15;03:59:23;94;-; 52.33; 0.0;-; 14.8; 12.5; 0.0;-;-;1764;-0.2; 0.0; 0.0;-9; 22.0;F;1;29;On;On;Off; 22.6; 22.3;0;0;964;0;964;0;778;0;-
2026/04/15;04:00:22;94;-; 52.33; 0.0;-; 15.3; 12.9; 0.0;-;-;1764;-0.2; 0.0; 0.0;-9; 22.0;F;1;29;On;On;Off; 22.6; 22.3;0;0;964;0;964;0;778;0;-
2026/04/15;04:01:22;94;-; 52.33; 0.0;-; 15.9; 13.6; 0.0;-;-;1764;-0.2; 0.0; 0.0;-10; 22.0;F;1;29;On;On;Off; 22.5; 22.3;0;0;964;0;964;0;778;0;-
2026/04/15;04:02:22;94;-; 52.31; 0.0;-; 16.5; 14.2; 0.0;-;-;1764;-0.2; 0.0; 0.0;-10; 22.0;F;1;29;On;On;Off; 22.6; 22.3;0;0;964;0;964;0;778;0;-
2026/04/15;04:03:22;94;-; 52.31; 0.0;-; 17.2; 14.8; 0.0;-;-;1764;-0.2; 0.0; 0.0;-10; 22.0;F;1;29;On;On;Off; 22.6; 22.3;0;0;964;0;964;0;778;0;-
2026/04/15;04:04:22;94;-; 52.33; 0.0;-; 17.8; 15.5; 0.0;-;-;1764;-0.2; 0.0; 0.0;-10; 22.0;F;1;29;On;On;Off; 22.5; 22.3;0;0;964;0;964;0;778;0;-
2026/04/15;04:05:22;94;-; 52.31; 0.0;-; 18.7; 16.4; 0.0;-;-;1764;-0.2; 0.0; 0.0;-9; 22.0;F;1;29;On;On;Off; 22.6; 22.3;0;0;964;0;964;0;778;0;-
2026/04/15;04:06:22;94;-; 52.31; 0.0;-; 19.7; 17.4; 0.0;-;-;1764;-0.2; 0.0; 0.0;-9; 22.0;F;1;29;On;On;Off; 22.5; 22.3;0;0;964;0;964;0;778;0;-
2026/04/15;04:07:22;94;-; 52.33; 0.0;-; 20.4; 18.4; 0.0;-;-;1764;-0.2; 0.0; 0.0;-10; 22.0;F;1;29;On;On;Off; 22.5; 22.3;0;0;964;0;964;0;778;0;-
2026/04/15;04:08:22;94;-; 52.33; 0.0;-; 21.4; 19.5; 0.0;-;-;1764;-0.2; 0.0; 0.0;-10; 22.0;F;1;29;On;On;Off; 22.6; 22.3;0;0;964;0;964;0;778;0;-
2026/04/15;04:09:22;94;-; 52.31; 0.0;-; 22.4; 20.4; 0.0;-;-;1764;-0.2; 0.0; 0.0;-9; 22.0;F;1;29;On;On;Off; 22.6; 22.3;0;0;964;0;964;0;778;0;-
2026/04/15;04:10:22;94;-; 52.33; 0.0;-; 23.5; 21.6; 0.0;-;-;1764;-0.2; 0.0; 0.0;-9; 22.0;F;1;29;On;On;Off; 22.5; 22.3;0;0;964;0;964;0;778;0;-
2026/04/15;04:11:22;94;-; 52.31; 0.0;-; 24.7; 22.9; 0.0;-;-;1764;-0.2; 0.0; 0.0;-9; 22.0;F;1;29;On;On;Off; 22.6; 22.3;0;0;964;0;964;0;778;0;-
2026/04/15;04:12:22;94;-; 52.33; 0.0;-; 26.1; 24.2; 0.0;-;-;1764;-0.2; 0.0; 0.0;-9; 22.0;F;1;29;On;On;Off; 22.6; 22.3;0;0;964;0;964;0;778;0;-
2026/04/15;04:13:22;94;-; 52.33; 0.0;-; 27.4; 25.6; 0.0;-;-;1764;-0.2; 0.0; 0.0;-9; 22.0;F;1;29;On;On;Off; 22.5; 22.3;0;0;964;0;964;0;778;0;-
2026/04/15;04:14:22;94;-; 52.33; 0.0;-; 28.6; 27.0; 0.0;-;-;1764;-0.2; 0.0; 0.0;-10; 22.0;F;1;29;On;On;Off; 22.6; 22.3;0;0;964;0;964;0;778;0;-
2026/04/15;04:15:22;94;-; 52.31; 0.0;-; 30.2; 28.5; 0.0;-;-;1764;-0.2; 0.0; 0.0;-9; 22.0;F;1;29;On;On;Off; 22.5; 22.3;0;0;964;0;964;0;778;0;-
2026/04/15;04:16:21;94;-; 52.31; 0.0;-; 31.6; 29.9; 0.0;-;-;1764;-0.2; 0.0; 0.0;-9; 22.0;F;1;29;On;On;Off; 22.5; 22.3;0;0;964;0;964;0;778;0;-
2026/04/15;04:17:21;94;-; 52.33; 0.0;-; 33.0; 31.5; 0.0;-;-;1764;-0.2; 0.0; 0.0;-9; 22.0;F;1;29;On;On;Off; 22.6; 22.3;0;0;964;0;964;0;778;0;-
2026/04/15;04:18:21;94;-; 52.33; 0.0;-; 34.3; 32.9; 0.0;-;-;1764;-0.2; 0.0; 0.0;-9; 22.0;F;1;29;On;On;Off; 22.6; 22.3;0;0;964;0;964;0;778;0;-
2026/04/15;04:19:21;94;-; 52.33; 0.0;-; 35.7; 34.1; 0.0;-;-;1765;-0.2; 0.0; 0.0;-9; 22.0;F;1;29;On;On;Off; 22.5; 22.3;0;0;964;0;964;0;778;0;-
2026/04/15;04:20:21;94;-; 52.31; 0.0;-; 37.0; 35.5; 0.0;-;-;1765;-0.2; 0.0; 0.0;-10; 22.0;F;1;29;On;On;Off; 22.5; 22.3;0;0;964;0;964;0;778;0;-
2026/04/15;04:21:21;94;-; 52.33; 0.0;-; 38.4; 36.6; 0.0;-;-;1765;-0.2; 0.0; 0.0;-10; 22.0;F;1;29;On;On;Off; 22.5; 22.3;0;0;964;0;964;0;778;0;-
2026/04/15;04:22:21;94;-; 52.33; 0.0;-; 39.6; 38.1; 0.0;-;-;1765;-0.2; 0.0; 0.0;-9; 22.0;F;1;29;On;On;Off; 22.5; 22.3;0;0;964;0;964;0;778;0;-
2026/04/15;04:23:21;94;-; 52.33; 0.0;-; 40.9; 39.3; 0.0;-;-;1765;-0.2; 0.0; 0.0;-9; 22.0;F;1;29;On;On;Off; 22.5; 22.2;0;0;964;0;964;0;778;0;-
2026/04/15;04:24:21;94;-; 52.31; 0.0;-; 42.2; 40.6; 0.0;-;-;1765;-0.2; 0.0; 0.0;-9; 22.0;F;1;29;On;On;Off; 22.5; 22.2;0;0;964;0;964;0;778;0;-
2026/04/15;04:25:21;94;-; 52.33; 0.0;-; 43.3; 41.8; 0.0;-;-;1765;-0.2; 0.0; 0.0;-9; 22.0;F;1;29;On;On;Off; 22.5; 22.2;0;0;964;0;964;0;778;0;-
2026/04/15;04:26:21;94;-; 52.33; 0.0;-; 44.4; 43.1; 0.0;-;-;1765;-0.2; 0.0; 0.0;-9; 21.9;F;1;29;On;On;Off; 22.5; 22.3;0;0;964;0;964;0;778;0;-
2026/04/15;04:27:21;94;-; 52.33; 0.0;-; 45.6; 44.2; 0.0;-;-;1765;-0.2; 0.0; 0.0;-9; 21.9;F;1;29;On;On;Off; 22.5; 22.2;0;0;964;0;964;0;778;0;-
2026/04/15;04:28:21;94;-; 52.31; 0.0;-; 46.6; 45.4; 0.0;-;-;1765;-0.2; 0.0; 0.0;-9; 22.0;F;1;29;On;On;Off; 22.5; 22.2;0;0;964;0;964;0;778;0;-
2026/04/15;04:29:21;94;-; 52.31; 0.0;-; 47.7; 46.6; 0.0;-;-;1765;-0.2; 0.0; 0.0;-9; 21.9;F;1;29;On;On;Off; 22.5; 22.2;0;0;964;0;964;0;778;0;-
2026/04/15;04:30:21;94;-; 52.33; 0.0;-; 48.9; 47.7; 0.0;-;-;1765;-0.2; 0.0; 0.0;-9; 22.0;F;1;29;On;On;Off; 22.5; 22.2;0;0;964;0;964;0;778;0;-
2026/04/15;04:31:20;94;-; 52.33; 0.0;-; 50.0; 48.8; 0.0;-;-;1765;-0.2; 0.0; 0.0;-9; 22.0;F;1;29;On;On;Off; 22.5; 22.2;0;0;964;0;964;0;778;0;-
2026/04/15;04:32:20;94;-; 52.31; 0.0;-; 50.9; 49.9; 0.0;-;-;1765;-0.2; 0.0; 0.0;-9; 21.9;F;1;29;On;On;Off; 22.5; 22.2;0;0;964;0;964;0;778;0;-
2026/04/15;04:33:20;94;-; 52.33; 0.0;-; 51.9; 50.9; 0.0;-;-;1765;-0.2; 0.0; 0.0;-9; 21.9;F;1;29;On;On;Off; 22.5; 22.2;0;0;964;0;964;0;778;0;-
2026/04/15;04:34:20;94;-; 52.31; 0.0;-; 52.9; 51.9; 0.0;-;-;1765;-0.2; 0.0; 0.0;-9; 21.9;F;1;29;On;On;Off; 22.5; 22.2;0;0;964;0;964;0;778;0;-
2026/04/15;04:35:20;94;-; 52.33; 0.0;-; 53.8; 53.0; 0.0;-;-;1765;-0.2; 0.0; 0.0;-8; 22.0;F;1;29;On;On;Off; 22.5; 22.2;0;0;964;0;964;0;778;0;-
2026/04/15;04:36:20;94;-; 52.33; 0.0;-; 54.6; 53.9; 0.0;-;-;1765;-0.2; 0.0; 0.0;-9; 21.9;F;1;29;On;On;Off; 22.5; 22.2;0;0;964;0;964;0;778;0;-
2026/04/15;04:37:20;94;-; 52.31; 0.0;-; 55.6; 54.7; 0.0;-;-;1765;-0.2; 0.0; 0.0;-9; 21.9;F;1;29;On;On;Off; 22.5; 22.2;0;0;964;0;964;0;778;0;-
2026/04/15;04:38:20;94;-; 52.31; 0.0;-; 56.4; 55.6; 0.0;-;-;1765;-0.2; 0.0; 0.0;-9; 21.9;F;1;29;On;On;Off; 22.5; 22.2;0;0;964;0;964;0;778;0;-
2026/04/15;04:39:20;94;-; 52.33; 0.0;-; 57.1; 56.4; 0.0;-;-;1765;-0.2; 0.0; 0.0;-9; 21.9;F;1;29;On;On;Off; 22.5; 22.2;0;0;964;0;964;0;778;0;-
2026/04/15;04:40:20;94;-; 52.31; 0.0;-; 57.7; 57.1; 0.0;-;-;1765;-0.2; 0.0; 0.0;-9; 21.9;F;1;29;On;On;Off; 22.5; 22.2;0;0;964;0;964;0;778;0;-
2026/04/15;04:41:20;94;-; 52.31; 0.0;-; 58.4; 57.9; 0.0;-;-;1765;-0.2; 0.0; 0.0;-8; 21.9;F;1;29;On;On;Off; 22.5; 22.2;0;0;964;0;964;0;778;0;-
2026/04/15;04:42:20;94;-; 52.33; 0.0;-; 59.2; 58.5; 0.0;-;-;1765;-0.2; 0.0; 0.0;-9; 21.9;F;1;29;On;On;Off; 22.5; 22.2;0;0;964;0;964;0;778;0;-
2026/04/15;04:43:20;94;-; 52.31; 0.0;-; 59.7; 59.2; 0.0;-;-;1765;-0.2; 0.0; 0.0;-9; 21.9;F;1;29;On;On;Off; 22.5; 22.2;0;0;964;0;964;0;778;0;-
2026/04/15;04:44:20;94;-; 52.33; 0.0;-; 60.3; 59.8; 0.0;-;-;1765;-0.2; 0.0; 0.0;-9; 21.9;F;1;29;On;On;Off; 22.5; 22.2;0;0;964;0;964;0;778;0;-
2026/04/15;04:45:20;94;-; 52.33; 0.0;-; 60.9; 60.4; 0.0;-;-;1765;-0.2; 0.0; 0.0;-9; 21.9;F;1;29;On;On;Off; 22.5; 22.2;0;0;964;0;964;0;778;0;-
2026/04/15;04:46:20;94;-; 52.33; 0.0;-; 61.4; 61.0; 0.0;-;-;1765;-0.2; 0.0; 0.0;-8; 21.9;F;1;29;On;On;Off; 22.5; 22.2;0;0;964;0;964;0;778;0;-
2026/04/15;04:47:19;94;-; 52.33; 0.0;-; 61.8; 61.4; 0.0;-;-;1765;-0.2; 0.0; 0.0;-8; 21.9;F;1;29;On;On;Off; 22.5; 22.2;0;0;964;0;964;0;778;0;-
2026/04/15;04:48:19;94;-; 52.33; 0.0;-; 62.3; 61.9; 0.0;-;-;1765;-0.2; 0.0; 0.0;-9; 21.9;F;1;29;On;On;Off; 22.5; 22.2;0;0;964;0;964;0;778;0;-
2026/04/15;04:49:19;94;-; 52.33; 0.0;-; 62.7; 62.3; 0.0;-;-;1765;-0.2; 0.0; 0.0;-9; 21.9;F;1;29;On;On;Off; 22.5; 22.2;0;0;964;0;964;0;778;0;-
2026/04/15;04:50:19;94;-; 52.33; 0.0;-; 63.2; 62.8; 0.0;-;-;1765;-0.2; 0.0; 0.0;-9; 21.9;F;1;29;On;On;Off; 22.5; 22.2;0;0;964;0;964;0;778;0;-
2026/04/15;04:51:19;94;-; 52.31; 0.0;-; 63.6; 63.1; 0.0;-;-;1765;-0.2; 0.0; 0.0;-9; 21.9;F;1;29;On;On;Off; 22.5; 22.2;0;0;964;0;964;0;778;0;-
2026/04/15;04:52:19;94;-; 52.33; 0.0;-; 63.9; 63.6; 0.0;-;-;1765;-0.2; 0.0; 0.0;-9; 21.9;F;1;29;On;On;Off; 22.5; 22.2;0;0;964;0;964;0;778;0;-
2026/04/15;04:53:19;94;-; 52.33; 0.0;-; 64.2; 63.8; 0.0;-;-;1765;-0.2; 0.0; 0.0;-9; 21.9;F;1;29;On;On;Off; 22.5; 22.2;0;0;964;0;964;0;778;0;-
2026/04/15;04:54:19;94;-; 52.33; 0.0;-; 64.6; 64.2; 0.0;-;-;1765;-0.2; 0.0; 0.0;-9; 21.9;F;1;29;On;On;Off; 22.5; 22.2;0;0;964;0;964;0;778;0;-
2026/04/15;04:55:19;94;-; 52.33; 0.0;-; 65.0; 64.4; 0.0;-;-;1765;-0.2; 0.0; 0.0;-8; 21.9;F;1;29;On;On;Off; 22.5; 22.2;0;0;964;0;964;0;778;0;-
2026/04/15;04:56:19;94;-; 52.31; 0.0;-; 65.2; 64.8; 0.0;-;-;1765;-0.2; 0.0; 0.0;-8; 21.9;F;1;29;On;On;Off; 22.5; 22.2;0;0;964;0;964;0;778;0;-
2026/04/15;04:57:19;94;-; 52.33; 0.0;-; 65.5; 65.2; 0.0;-;-;1765;-0.2; 0.0; 0.0;-9; 21.9;F;1;29;On;On;Off; 22.5; 22.2;0;0;964;0;964;0;778;0;-
2026/04/15;04:58:19;94;-; 52.33; 0.0;-; 65.7; 65.4; 0.0;-;-;1765;-0.2; 0.0; 0.0;-9; 21.9;F;1;29;On;On;Off; 22.5; 22.2;0;0;964;0;964;0;778;0;-
2026/04/15;04:59:19;94;-; 52.33; 0.0;-; 66.1; 65.7; 0.0;-;-;1765;-0.2; 0.0; 0.0;-9; 21.9;F;1;29;On;On;Off; 22.5; 22.2;0;0;964;0;964;0;778;0;-
2026/04/15;05:00:19;94;-; 52.33; 0.0;-; 66.4; 65.9; 0.0;-;-;1765;-0.2; 0.0; 0.0;-9; 21.9;F;1;29;On;On;Off; 22.5; 22.2;0;0;964;0;964;0;778;0;-
2026/04/15;05:01:19;94;-; 52.31; 0.0;-; 66.5; 66.2; 0.0;-;-;1765;-0.2; 0.0; 0.0;-9; 21.9;F;1;29;On;On;Off; 22.5; 22.2;0;0;964;0;964;0;778;0;-
2026/04/15;05:02:19;94;-; 52.31; 0.0;-; 66.8; 66.5; 0.0;-;-;1765;-0.2; 0.0; 0.0;-8; 21.9;F;1;29;On;On;Off; 22.5; 22.2;0;0;964;0;964;0;778;0;-
2026/04/15;05:03:18;94;-; 52.33; 0.0;-; 67.1; 66.7; 0.0;-;-;1765;-0.2; 0.0; 0.0;-8; 21.9;F;1;29;On;On;Off; 22.5; 22.2;0;0;964;0;964;0;778;0;-
2026/04/15;05:04:18;94;-; 52.33; 0.0;-; 67.2; 67.0; 0.0;-;-;1765;-0.2; 0.0; 0.0;-9; 21.9;F;1;29;On;On;Off; 22.5; 22.2;0;0;964;0;964;0;778;0;-
2026/04/15;05:05:18;94;-; 52.33; 0.0;-; 67.4; 67.1; 0.0;-;-;1765;-0.2; 0.0; 0.0;-8; 21.9;F;1;29;On;On;Off; 22.5; 22.2;0;0;964;0;964;0;778;0;-
2026/04/15;05:06:18;94;-; 52.31; 0.0;-; 67.7; 67.4; 0.0;-;-;1765;-0.2; 0.0; 0.0;-9; 21.9;F;1;29;On;On;Off; 22.5; 22.2;0;0;964;0;964;0;778;0;-
2026/04/15;05:07:18;94;-; 52.35; 0.0;-; 67.8; 67.5; 0.0;-;-;1765;-0.2; 0.0; 0.0;-9; 21.9;F;1;29;On;On;Off; 22.4; 22.2;0;0;964;0;964;0;778;1;-
2026/04/15;05:08:18;94;-; 52.33; 0.0;-; 67.9; 67.7; 0.0;-;-;1765;-0.2; 0.0; 0.0;-9; 21.9;F;1;29;On;On;Off; 22.5; 22.2;0;0;964;0;964;0;778;1;-
2026/04/15;05:09:18;94;-; 52.33; 0.0;-; 68.1; 67.9; 0.0;-;-;1765;-0.2; 0.0; 0.0;-9; 21.9;F;1;29;On;On;Off; 22.5; 22.2;0;0;964;0;964;0;778;1;-
2026/04/15;05:10:18;94;-; 52.35; 0.0;-; 68.2; 68.1; 0.0;-;-;1765;-0.2; 0.0; 0.0;-9; 21.9;F;1;29;On;On;Off; 22.5; 22.2;0;0;964;0;964;0;778;1;-
2026/04/15;05:11:18;94;-; 52.33; 0.0;-; 68.5; 68.2; 0.0;-;-;1765;-0.2; 0.0; 0.0;-9; 21.9;F;1;29;On;On;Off; 22.5; 22.2;0;0;964;0;964;0;778;1;-
2026/04/15;05:12:18;94;-; 52.35; 0.0;-; 68.8; 68.4; 0.0;-;-;1765;-0.2; 0.0; 0.0;-8; 21.9;F;1;29;On;On;Off; 22.5; 22.2;0;0;964;0;964;0;778;1;-
2026/04/15;05:13:18;94;-; 52.35; 0.0;-; 68.8; 68.8; 0.0;-;-;1765;-0.2; 0.0; 0.0;-9; 21.9;F;1;29;On;On;Off; 22.5; 22.2;0;0;964;0;964;0;778;1;-
2026/04/15;05:14:18;94;-; 52.33; 0.0;-; 69.1; 68.8; 0.0;-;-;1765;-0.2; 0.0; 0.0;-8; 21.9;F;1;29;On;On;Off; 22.5; 22.2;0;0;964;0;964;0;778;1;-
2026/04/15;05:15:18;94;-; 52.33; 0.0;-; 69.2; 69.0; 0.0;-;-;1765;-0.2; 0.0; 0.0;-8; 21.9;F;1;29;On;On;Off; 22.5; 22.2;0;0;964;0;964;0;778;1;-
2026/04/15;05:16:18;94;-; 52.33; 0.0;-; 69.3; 69.2; 0.0;-;-;1765;-0.2; 0.0; 0.0;-8; 21.9;F;1;29;On;On;Off; 22.5; 22.2;0;0;964;0;964;0;778;1;-
2026/04/15;05:17:18;94;-; 52.33; 0.0;-; 69.4; 69.4; 0.0;-;-;1765;-0.2; 0.0; 0.0;-8; 21.9;F;1;29;On;On;Off; 22.5; 22.2;0;0;964;0;964;0;778;1;-
2026/04/15;05:18:18;94;-; 52.33; 0.0;-; 69.6; 69.6; 0.0;-;-;1765;-0.2; 0.0; 0.0;-7; 21.9;F;1;29;On;On;Off; 22.5; 22.2;0;0;964;0;964;0;778;1;-
2026/04/15;05:19:17;94;-; 52.33; 0.0;-; 69.8; 69.7; 0.0;-;-;1766;-0.2; 0.0; 0.0;-8; 21.9;F;1;29;On;On;Off; 22.5; 22.2;0;0;964;0;964;0;778;1;-
2026/04/15;05:20:17;94;-; 52.33; 0.0;-; 70.0; 69.9; 0.0;-;-;1766;-0.2; 0.0; 0.0;-8; 21.9;F;1;29;On;On;Off; 22.5; 22.2;0;0;964;0;964;0;778;1;-
2026/04/15;05:21:17;94;-; 52.35; 0.0;-; 70.3; 70.0; 0.0;-;-;1766;-0.2; 0.0; 0.0;-7; 21.9;F;1;29;On;On;Off; 22.5; 22.2;0;0;964;0;964;0;778;1;-
2026/04/15;05:22:17;94;-; 52.28; 0.3;-; 68.1; 67.9; 18.2; 9.1; 9.1;1766;-0.1; 0.2; 0.2;-3; 21.9;F;1;29;On;On;Off; 24.4; 23.4;0;0;964;0;964;0;778;1;-
2026/04/15;05:23:17;94;-; 52.26; 0.2;-; 70.6; 68.0; 9.8; 0.0; 9.8;1766; 0.0; 0.3; 0.3;2; 21.9;F;1;29;On;On;Off; 24.5; 24.6;0;0;964;0;964;0;778;1;-
2026/04/15;05:24:17;94;-; 52.28; 0.0;-; 70.7; 70.5; 0.0; 0.0; 0.0;1766;-0.1; 0.1; 0.1;-6; 21.9;F;1;29;On;On;Off; 23.4; 23.1;0;0;964;0;964;0;778;1;-
2026/04/15;05:25:17;94;-; 52.26; 0.2;-; 68.1; 70.8; 10.5; 10.5; 0.0;1766;-0.1; 0.1; 0.1;-5; 21.9;F;1;29;On;On;Off; 24.7; 22.8;0;0;964;0;964;0;778;1;-
2026/04/15;05:26:17;94;-; 52.24; 0.4;-; 68.1; 67.9; 21.7; 11.2; 10.5;1766; 0.1; 0.4; 0.4;7; 22.0;F;1;29;On;On;Off; 25.4; 24.9;0;0;964;0;964;0;778;1;-
2026/04/15;05:27:17;94;-; 52.24; 0.0;-; 71.2; 71.0; 0.7; 0.0; 0.7;1766; 0.0; 0.2; 0.2;0; 21.9;F;1;29;On;On;Off; 24.0; 24.3;0;0;964;0;964;0;778;1;-
2026/04/15;05:28:17;93;-; 52.24; 0.2;-; 70.0; 71.1; 8.4; 8.4; 0.0;1766;-0.2; 0.0; 0.0;-8; 21.9;F;1;29;On;On;Off; 24.0; 23.3;0;0;964;0;964;0;778;1;-
2026/04/15;05:29:17;93;-; 52.24; 0.5;-; 68.1; 68.0; 23.8; 11.9; 11.9;1766; 0.1; 0.3; 0.3;6; 21.9;F;1;29;On;On;Off; 25.6; 24.9;0;0;964;0;964;0;778;1;-
2026/04/15;05:30:17;93;-; 52.24; 0.3;-; 71.4; 68.0; 13.3; 0.7; 12.6;1766; 0.2; 0.4; 0.4;9; 22.0;F;1;29;On;On;Off; 24.6; 25.5;0;0;964;0;964;0;778;1;-
2026/04/15;05:31:17;93;-; 52.24; 0.0;-; 71.6; 71.4; 0.7; 0.7; 0.0;1766;-0.1; 0.1; 0.1;-6; 21.9;F;1;29;On;On;Off; 24.0; 23.7;0;0;964;0;964;0;778;1;-
2026/04/15;05:32:17;93;-; 52.26; 0.5;-; 68.1; 68.0; 25.9; 13.3; 12.6;1766; 0.0; 0.2; 0.2;0; 21.9;F;1;29;On;On;Off; 25.6; 24.2;0;0;964;0;964;0;778;1;-
2026/04/15;05:33:17;93;-; 52.30; 0.3;-; 71.9; 68.1; 13.3; 0.0; 13.3;1766; 0.4; 0.5; 0.5;18; 21.9;F;1;29;On;On;Off; 26.0; 25.7;0;0;964;0;964;0;778;1;-
2026/04/15;05:34:17;93;-; 52.28; 0.0;-; 72.0; 71.8; 0.7; 0.7; 0.0;1766;-0.0; 0.2; 0.2;0; 21.9;F;1;29;On;On;Off; 24.5; 24.3;0;0;964;0;964;0;778;1;-
2026/04/15;05:35:16;93;-; 52.28; 0.3;-; 68.3; 72.0; 15.4; 14.7; 0.7;1766;-0.1; 0.1; 0.1;-4; 21.9;F;1;29;On;On;Off; 25.5; 23.8;0;0;964;0;964;0;778;1;-
2026/04/15;05:36:16;93;-; 52.31; 0.6;-; 68.2; 68.0; 30.8; 15.4; 15.4;1766; 0.4; 0.5; 0.5;20; 22.0;F;1;29;On;On;Off; 26.3; 25.7;0;0;964;0;964;0;778;1;-
2026/04/15;05:37:16;93;-; 52.33; 0.0;-; 72.6; 72.2; 0.7; 0.0; 0.7;1766; 0.3; 0.4; 0.4;14; 21.9;F;1;29;On;On;Off; 24.9; 25.6;0;0;964;0;964;0;778;1;-
2026/04/15;05:38:16;93;-; 52.31; 0.3;-; 68.1; 72.3; 16.8; 16.8; 0.0;1766;-0.2; 0.0; 0.0;-8; 21.9;F;1;29;On;On;Off; 24.5; 24.1;0;0;964;0;964;0;778;1;-
2026/04/15;05:39:16;93;-; 52.39; 0.7;-; 68.3; 68.5; 35.1; 17.6; 17.6;1766; 0.4; 0.4; 0.4;18; 21.9;F;1;29;On;On;Off; 26.3; 25.5;0;0;964;0;964;0;778;1;-
2026/04/15;05:40:16;93;-; 52.43; 0.7;-; 68.5; 68.2; 35.9; 18.3; 17.6;1766; 0.7; 0.7; 0.7;35; 21.9;F;1;29;On;On;Off; 26.7; 26.3;0;0;964;0;964;0;778;1;-
2026/04/15;05:41:16;93;-; 52.45; 0.7;-; 68.4; 68.3; 35.9; 18.3; 17.6;1766; 0.7; 0.7; 0.7;36; 22.0;F;1;29;On;On;Off; 27.0; 26.5;0;0;964;0;964;0;778;1;-
2026/04/15;05:42:16;93;-; 52.51; 0.7;-; 68.6; 68.4; 37.3; 19.0; 18.3;1766; 0.7; 0.7; 0.7;37; 21.9;F;1;29;On;On;Off; 27.2; 26.7;0;0;964;0;964;0;778;1;-
2026/04/15;05:43:16;93;-; 52.57; 0.7;-; 68.6; 68.5; 36.6; 18.3; 18.3;1766; 0.7; 0.7; 0.7;38; 21.9;F;1;29;On;On;Off; 27.4; 26.9;0;0;964;0;964;0;778;1;-
2026/04/15;05:44:16;93;-; 52.61; 0.7;-; 68.7; 68.4; 38.0; 19.0; 19.0;1766; 0.8; 0.7; 0.7;39; 21.9;F;1;29;On;On;Off; 27.6; 27.1;0;0;964;0;964;0;778;1;-
2026/04/15;05:45:16;93;-; 52.67; 0.7;-; 68.8; 68.8; 38.1; 19.0; 19.0;1766; 0.8; 0.7; 0.7;40; 21.9;F;1;29;On;On;Off; 27.7; 27.2;0;0;964;0;964;0;778;1;-
2026/04/15;05:46:16;93;-; 52.71; 0.7;-; 68.8; 68.6; 38.9; 19.8; 19.1;1766; 0.8; 0.7; 0.7;42; 21.9;F;1;29;On;On;Off; 27.9; 27.4;0;0;964;0;964;0;778;1;-
2026/04/15;05:47:16;93;-; 52.77; 0.8;-; 68.9; 68.6; 39.6; 19.8; 19.8;1766; 0.8; 0.8; 0.8;43; 21.9;F;1;29;On;On;Off; 28.0; 27.5;0;0;964;0;964;0;778;1;-
2026/04/15;05:48:16;93;-; 52.81; 0.8;-; 68.9; 68.7; 41.0; 20.5; 20.5;1766; 0.9; 0.8; 0.8;45; 21.9;F;1;29;On;On;Off; 28.1; 27.6;0;0;964;0;964;0;778;1;-
2026/04/15;05:49:16;93;-; 52.87; 0.8;-; 68.9; 68.9; 41.8; 21.3; 20.5;1766; 0.9; 0.8; 0.8;47; 22.0;F;1;29;On;On;Off; 28.2; 27.7;0;0;964;0;964;0;778;1;-
2026/04/15;05:50:15;93;-; 52.93; 0.8;-; 70.7; 68.9; 41.9; 19.9; 22.0;1766; 1.0; 0.8; 0.8;49; 21.9;F;1;29;On;On;Off; 28.3; 27.8;0;0;964;0;964;0;778;1;-
2026/04/15;05:51:15;94;-; 52.99; 0.9;-; 69.2; 69.2; 45.4; 22.7; 22.7;1766; 1.0; 0.8; 0.8;52; 21.9;F;1;29;On;On;Off; 28.4; 28.0;0;0;964;0;964;0;778;1;-
2026/04/15;05:52:15;94;-; 53.08; 0.9;-; 69.3; 69.1; 47.0; 23.5; 23.5;1766; 1.1; 0.9; 0.9;56; 21.9;F;1;29;On;On;Off; 28.6; 28.1;0;0;964;0;964;0;778;1;-
2026/04/15;05:53:15;94;-; 53.14; 0.9;-; 69.4; 69.3; 48.5; 24.2; 24.2;1766; 1.1; 0.9; 0.9;59; 21.9;F;1;29;On;On;Off; 28.7; 28.1;0;0;964;0;964;0;778;1;-
2026/04/15;05:54:15;94;-; 53.22; 1.0;-; 69.5; 69.3; 50.7; 25.7; 25.0;1766; 1.2; 0.9; 0.9;62; 21.9;F;1;29;On;On;Off; 28.8; 28.2;0;0;964;0;964;0;778;1;-
2026/04/15;05:55:15;94;-; 53.34; 0.9;-; 70.8; 69.5; 48.6; 22.9; 25.7;1766; 1.2; 0.9; 0.9;65; 21.9;F;1;29;On;On;Off; 28.9; 28.3;0;0;964;0;964;0;778;1;-
2026/04/15;05:56:15;94;-; 53.42; 1.0;-; 69.8; 69.5; 53.0; 26.5; 26.5;1766; 1.3; 1.0; 1.0;67; 21.9;F;1;29;On;On;Off; 28.9; 28.4;0;0;964;0;964;0;778;1;-
2026/04/15;05:57:15;94;-; 53.56; 1.0;-; 69.8; 69.8; 53.9; 27.3; 26.6;1766; 1.3; 1.0; 1.0;70; 21.9;F;1;29;On;On;Off; 29.0; 28.5;0;0;964;0;964;0;778;1;-
2026/04/15;05:58:15;94;-; 53.66; 1.0;-; 69.9; 69.9; 56.1; 28.0; 28.0;1766; 1.4; 1.0; 1.0;72; 21.9;F;1;29;On;On;Off; 29.1; 28.6;0;0;964;0;964;0;778;1;-
2026/04/15;05:59:15;94;-; 53.76; 1.1;-; 70.2; 70.0; 57.0; 28.9; 28.1;1766; 1.4; 1.0; 1.0;76; 21.9;F;1;29;On;On;Off; 29.2; 28.7;0;0;964;0;964;0;778;1;-
2026/04/15;06:00:15;94;-; 53.87; 1.1;-; 70.4; 70.1; 58.6; 29.6; 28.9;1766; 1.5; 1.1; 1.1;78; 21.9;F;1;29;On;On;Off; 29.3; 28.8;0;0;964;0;964;0;778;1;-
2026/04/15;06:01:15;94;-; 54.01; 1.1;-; 70.4; 70.2; 59.4; 29.7; 29.7;1766; 1.5; 1.1; 1.1;80; 21.9;F;1;29;On;On;Off; 29.3; 28.8;0;0;964;0;964;0;778;1;-
2026/04/15;06:02:15;94;-; 54.13; 1.1;-; 70.7; 70.5; 60.9; 30.5; 30.5;1766; 1.6; 1.1; 1.1;83; 21.9;F;1;29;On;On;Off; 29.4; 28.9;0;0;964;0;964;0;778;1;-
2026/04/15;06:03:15;94;-; 54.27; 1.1;-; 70.8; 70.6; 61.1; 30.5; 30.5;1766; 1.6; 1.1; 1.1;85; 21.9;F;1;29;On;On;Off; 29.5; 29.0;0;0;964;0;964;1;779;1;-
2026/04/15;06:04:15;94;-; 54.39; 1.1;-; 70.9; 70.8; 61.2; 30.6; 30.6;1766; 1.6; 1.1; 1.1;86; 21.9;F;1;29;On;On;Off; 29.6; 29.1;0;0;964;0;964;1;779;1;-
2026/04/15;06:05:15;94;-; 54.51; 1.1;-; 71.1; 70.9; 62.2; 31.5; 30.7;1766; 1.6; 1.1; 1.1;87; 21.9;F;1;29;On;On;Off; 29.6; 29.1;0;0;964;0;964;1;779;1;-
2026/04/15;06:06:14;94;-; 54.60; 1.0;-; 72.5; 71.2; 57.1; 26.4; 30.7;1766; 1.6; 1.1; 1.1;85; 21.9;F;1;29;On;On;Off; 29.7; 29.2;0;0;964;0;964;1;779;1;-
2026/04/15;06:07:14;94;-; 54.76; 1.2;-; 71.5; 71.3; 63.9; 32.3; 31.6;1766; 1.6; 1.1; 1.1;86; 21.9;F;1;29;On;On;Off; 29.8; 29.3;0;0;964;0;964;1;779;1;-
2026/04/15;06:08:14;94;-; 54.88; 1.1;-; 71.6; 71.4; 62.5; 31.7; 30.9;1766; 1.6; 1.1; 1.1;87; 21.9;F;1;29;On;On;Off; 29.8; 29.3;0;0;964;0;964;1;779;1;-
2026/04/15;06:09:14;94;-; 55.00; 1.2;-; 71.7; 71.6; 64.2; 32.4; 31.7;1766; 1.6; 1.1; 1.1;87; 21.9;F;1;29;On;On;Off; 29.9; 29.4;0;0;964;0;964;1;779;1;-
2026/04/15;06:10:14;94;-; 55.12; 1.0;-; 71.9; 73.1; 57.6; 32.5; 25.1;1766; 1.6; 1.1; 1.1;89; 21.9;F;1;29;On;On;Off; 30.0; 29.4;0;1;965;1;965;1;779;1;-
2026/04/15;06:11:14;94;-; 55.24; 1.0;-; 73.4; 71.9; 57.0; 25.2; 31.9;1766; 1.6; 1.1; 1.1;88; 21.9;F;1;29;On;On;Off; 30.0; 29.5;0;1;965;1;965;1;779;1;-
2026/04/15;06:12:14;94;-; 55.37; 1.2;-; 72.2; 72.1; 64.6; 32.7; 32.0;1766; 1.6; 1.1; 1.1;88; 21.9;F;1;29;On;On;Off; 30.1; 29.6;0;1;965;1;965;1;779;1;-
2026/04/15;06:13:14;94;-; 55.47; 1.2;-; 72.3; 72.2; 64.7; 32.7; 32.0;1766; 1.6; 1.1; 1.1;88; 21.9;F;1;29;On;On;Off; 30.1; 29.6;0;1;965;1;965;1;779;1;-
2026/04/15;06:14:14;95;-; 55.55; 1.1;-; 72.5; 72.3; 63.3; 32.1; 31.3;1766; 1.6; 1.1; 1.1;86; 21.9;F;1;29;On;On;Off; 30.2; 29.7;0;1;965;1;965;1;779;1;-
2026/04/15;06:15:14;95;-; 55.59; 1.1;-; 72.6; 72.4; 61.2; 30.6; 30.6;1766; 1.5; 1.1; 1.1;81; 21.9;F;1;29;On;On;Off; 30.2; 29.7;0;1;965;1;965;1;779;1;-
2026/04/15;06:16:14;95;-; 55.67; 1.1;-; 72.8; 72.4; 59.8; 29.9; 29.9;1766; 1.4; 1.0; 1.0;78; 21.9;F;1;29;On;On;Off; 30.3; 29.8;0;1;965;1;965;1;779;1;-
2026/04/15;06:17:14;95;-; 55.73; 1.0;-; 72.9; 72.5; 57.6; 29.1; 28.4;1766; 1.4; 1.0; 1.0;75; 21.9;F;1;29;On;On;Off; 30.3; 29.8;0;1;965;1;965;1;779;1;-
2026/04/15;06:18:14;95;-; 55.79; 1.0;-; 72.9; 72.6; 56.9; 28.4; 28.4;1766; 1.4; 1.0; 1.0;74; 21.9;F;1;29;On;On;Off; 30.4; 29.9;0;1;965;1;965;1;779;1;-
2026/04/15;06:19:14;95;-; 55.81; 0.9;-; 72.8; 73.2; 52.4; 28.5; 23.9;1767; 1.3; 1.0; 1.0;73; 21.9;F;1;29;On;On;Off; 30.4; 29.9;0;1;965;1;965;1;779;1;-
2026/04/15;06:20:14;95;-; 55.87; 1.0;-; 72.8; 72.8; 57.7; 29.2; 28.5;1767; 1.3; 1.0; 1.0;70; 21.9;F;1;29;On;On;Off; 30.5; 30.0;0;1;965;1;965;1;779;1;-
2026/04/15;06:21:13;95;-; 55.95; 1.0;-; 73.0; 72.9; 57.1; 28.5; 28.5;1767; 1.3; 1.0; 1.0;72; 21.9;F;1;29;On;On;Off; 30.5; 30.0;0;1;965;1;965;1;779;1;-
2026/04/15;06:22:13;95;-; 56.01; 1.0;-; 73.2; 72.9; 58.6; 29.3; 29.3;1767; 1.3; 1.0; 1.0;72; 21.9;F;1;29;On;On;Off; 30.5; 30.0;0;1;965;1;965;1;779;1;-
2026/04/15;06:23:13;95;-; 56.16; 1.0;-; 73.3; 73.2; 57.3; 28.6; 28.6;1767; 1.3; 1.0; 1.0;70; 21.9;F;1;29;On;On;Off; 30.6; 30.1;0;1;965;1;965;1;779;1;-
2026/04/15;06:24:13;95;-; 56.32; 1.0;-; 73.6; 73.4; 55.9; 27.9; 27.9;1767; 1.3; 1.0; 1.0;70; 21.9;F;1;29;On;On;Off; 30.6; 30.1;0;1;965;1;965;1;779;1;-
2026/04/15;06:25:13;95;-; 56.40; 1.0;-; 73.6; 73.4; 57.5; 28.7; 28.7;1767; 1.3; 1.0; 1.0;69; 21.9;F;1;29;On;On;Off; 30.7; 30.2;0;1;965;1;965;1;779;1;-
2026/04/15;06:26:13;95;-; 56.46; 0.8;-; 73.6; 74.8; 43.9; 28.0; 15.9;1767; 1.3; 1.0; 1.0;69; 21.9;F;1;29;On;On;Off; 30.7; 30.2;0;1;965;1;965;1;779;1;-
2026/04/15;06:27:13;96;-; 56.52; 1.0;-; 73.8; 73.7; 56.0; 28.0; 28.0;1767; 1.3; 1.0; 1.0;70; 21.9;F;1;29;On;On;Off; 30.7; 30.2;0;1;965;1;965;1;779;1;-
2026/04/15;06:28:13;96;-; 56.48; 0.8;-; 74.8; 73.5; 46.9; 18.2; 28.8;1767; 1.2; 0.9; 0.9;64; 21.9;F;1;29;On;On;Off; 30.8; 30.3;0;1;965;1;965;1;779;1;-
2026/04/15;06:29:13;96;-; 56.52; 1.0;-; 73.8; 73.6; 57.6; 28.8; 28.8;1767; 1.1; 0.9; 0.9;62; 21.9;F;1;29;On;On;Off; 30.8; 30.3;0;1;965;1;965;1;779;1;-
2026/04/15;06:30:13;96;-; 56.54; 0.9;-; 73.9; 73.9; 51.6; 26.6; 25.0;1767; 1.1; 0.9; 0.9;61; 21.9;F;1;29;On;On;Off; 30.9; 30.4;0;1;965;1;965;1;779;1;-
2026/04/15;06:31:13;96;-; 56.48; 0.9;-; 73.9; 73.8; 52.3; 26.5; 25.7;1767; 1.1; 0.9; 0.9;60; 21.9;F;1;29;On;On;Off; 30.9; 30.4;0;1;965;1;965;1;779;1;-
2026/04/15;06:32:13;96;-; 56.52; 0.9;-; 73.8; 73.6; 51.5; 25.8; 25.8;1767; 1.0; 0.9; 0.9;58; 21.9;F;1;29;On;On;Off; 30.9; 30.4;0;1;965;1;965;1;779;1;-
2026/04/15;06:33:13;96;-; 56.48; 0.9;-; 73.8; 73.5; 51.5; 25.7; 25.7;1767; 1.0; 0.8; 0.8;54; 21.9;F;1;29;On;On;Off; 30.9; 30.4;0;1;965;1;965;1;779;1;-
2026/04/15;06:34:13;96;-; 56.54; 0.9;-; 73.9; 73.6; 50.0; 24.2; 25.8;1767; 1.0; 0.9; 0.9;57; 21.9;F;1;29;On;On;Off; 31.0; 30.5;0;1;965;1;965;1;779;1;-
2026/04/15;06:35:13;96;-; 56.52; 0.7;-; 73.8; 74.7; 37.9; 24.2; 13.6;1767; 1.0; 0.8; 0.8;56; 21.9;F;1;29;On;On;Off; 31.0; 30.5;0;1;965;1;965;1;779;1;-
2026/04/15;06:36:13;96;-; 56.54; 0.9;-; 73.8; 73.7; 49.3; 24.2; 25.0;1767; 1.0; 0.8; 0.8;55; 21.9;F;1;29;On;On;Off; 31.0; 30.5;0;1;965;1;965;1;779;1;-
2026/04/15;06:37:12;96;-; 56.54; 0.9;-; 73.7; 73.6; 48.5; 23.5; 25.0;1767; 1.0; 0.8; 0.8;53; 21.9;F;1;29;On;On;Off; 31.1; 30.5;0;1;965;1;965;1;779;1;-
2026/04/15;06:38:12;97;-; 56.52; 0.8;-; 73.7; 73.5; 47.7; 23.5; 24.2;1767; 1.0; 0.8; 0.8;53; 21.9;F;1;29;On;On;Off; 31.1; 30.6;0;1;965;1;965;1;779;1;-
2026/04/15;06:39:12;97;-; 56.52; 0.8;-; 73.8; 73.7; 47.0; 23.5; 23.5;1767; 0.9; 0.8; 0.8;51; 21.9;F;1;29;On;On;Off; 31.1; 30.6;0;1;965;1;965;1;779;1;-
2026/04/15;06:40:12;97;-; 56.50; 0.7;-; 74.6; 73.5; 40.9; 17.4; 23.5;1767; 0.9; 0.8; 0.8;51; 21.9;F;1;29;On;On;Off; 31.1; 30.6;0;1;965;1;965;1;779;1;-
2026/04/15;06:41:12;97;-; 56.50; 0.8;-; 73.8; 73.5; 46.2; 22.7; 23.5;1767; 0.9; 0.8; 0.8;50; 21.9;F;1;29;On;On;Off; 31.2; 30.6;0;1;965;1;965;1;779;1;-
2026/04/15;06:42:12;97;-; 56.46; 0.8;-; 73.8; 73.6; 45.5; 22.7; 22.7;1767; 0.9; 0.8; 0.8;49; 21.9;F;1;29;On;On;Off; 31.2; 30.7;0;1;965;1;965;1;779;1;-
2026/04/15;06:43:12;97;-; 56.46; 0.8;-; 73.7; 73.5; 44.6; 21.9; 22.7;1767; 0.9; 0.8; 0.8;48; 21.9;F;1;29;On;On;Off; 31.2; 30.7;0;1;965;1;965;1;779;1;-
2026/04/15;06:44:12;97;-; 56.40; 0.8;-; 73.5; 73.5; 43.8; 21.9; 21.9;1767; 0.8; 0.8; 0.8;47; 21.9;F;1;29;On;On;Off; 31.2; 30.7;0;1;965;1;965;1;779;1;-
2026/04/15;06:45:12;97;-; 56.36; 0.8;-; 73.5; 73.4; 44.6; 21.9; 22.7;1767; 0.8; 0.8; 0.8;46; 21.9;F;1;29;On;On;Off; 31.2; 30.7;0;1;965;1;965;1;779;1;-
2026/04/15;06:46:12;97;-; 56.36; 0.6;-; 74.7; 73.4; 35.5; 12.8; 22.7;1767; 0.8; 0.7; 0.7;44; 21.9;F;1;29;On;On;Off; 31.2; 30.7;0;1;965;1;965;1;779;1;-
2026/04/15;06:47:12;97;-; 56.42; 0.8;-; 73.8; 73.4; 44.6; 21.9; 22.7;1767; 0.8; 0.8; 0.8;46; 21.9;F;1;29;On;On;Off; 31.3; 30.8;0;1;965;1;965;1;779;1;-
2026/04/15;06:48:12;97;-; 56.48; 0.8;-; 73.7; 73.6; 46.2; 22.7; 23.5;1767; 0.9; 0.8; 0.8;48; 21.9;F;1;29;On;On;Off; 31.3; 30.8;0;1;965;1;965;1;779;1;-
2026/04/15;06:49:12;97;-; 56.54; 0.8;-; 74.3; 73.6; 45.5; 21.2; 24.2;1767; 0.9; 0.8; 0.8;48; 21.9;F;1;29;On;On;Off; 31.3; 30.8;0;1;965;1;965;1;779;1;-
2026/04/15;06:50:12;97;-; 56.52; 0.7;-; 73.8; 74.5; 41.7; 25.0; 16.6;1767; 0.9; 0.8; 0.8;48; 21.9;F;1;29;On;On;Off; 31.3; 30.8;0;1;965;1;965;1;779;1;-
2026/04/15;06:51:12;98;-; 56.48; 0.4;-; 75.1; 74.8; 22.7; 10.6; 12.1;1767; 0.8; 0.8; 0.8;46; 21.9;F;1;29;On;On;Off; 31.4; 30.8;0;1;965;1;965;1;779;1;-
2026/04/15;06:52:11;98;-; 56.56; 0.9;-; 73.9; 74.1; 50.0; 25.8; 24.2;1767; 0.9; 0.8; 0.8;47; 21.9;F;1;29;On;On;Off; 31.4; 30.8;0;1;965;1;965;1;779;1;-
2026/04/15;06:53:11;98;-; 56.54; 0.7;-; 74.9; 73.7; 38.7; 12.1; 26.6;1767; 0.8; 0.8; 0.8;47; 21.9;F;1;29;On;On;Off; 31.4; 30.9;0;1;965;1;965;1;779;1;-
2026/04/15;06:54:11;98;-; 56.50; 0.5;-; 75.0; 74.8; 26.5; 12.1; 14.4;1767; 0.8; 0.7; 0.7;46; 21.9;F;1;29;On;On;Off; 31.4; 30.9;0;1;965;1;965;1;779;1;-
2026/04/15;06:55:11;98;-; 56.54; 0.7;-; 74.8; 74.6; 37.9; 16.7; 21.2;1767; 0.8; 0.7; 0.7;45; 21.9;F;1;29;On;On;Off; 31.4; 30.9;0;1;965;1;965;1;779;1;-
2026/04/15;06:56:11;98;-; 56.56; 0.7;-; 74.3; 74.8; 39.4; 24.2; 15.2;1767; 0.8; 0.7; 0.7;45; 21.9;F;1;29;On;On;Off; 31.4; 30.9;0;1;965;1;965;1;779;1;-
2026/04/15;06:57:11;98;-; 56.54; 0.7;-; 75.4; 74.2; 38.7; 12.1; 26.6;1767; 0.8; 0.7; 0.7;44; 21.9;F;1;29;On;On;Off; 31.5; 30.9;0;1;965;1;965;1;779;1;-
2026/04/15;06:58:11;98;-; 56.54; 0.8;-; 75.1; 73.8; 42.5; 19.7; 22.8;1767; 0.8; 0.7; 0.7;43; 21.9;F;1;29;On;On;Off; 31.5; 30.9;0;1;965;1;965;1;779;1;-
2026/04/15;06:59:11;98;-; 56.54; 0.6;-; 75.9; 73.9; 36.4; 9.9; 26.6;1767; 0.8; 0.7; 0.7;43; 21.9;F;1;29;On;On;Off; 31.5; 31.0;0;1;965;1;965;1;779;1;-
2026/04/15;07:00:11;98;-; 56.56; 0.7;-; 74.4; 74.5; 40.2; 26.6; 13.7;1767; 0.8; 0.7; 0.7;43; 21.9;F;1;29;On;On;Off; 31.5; 31.0;0;1;965;1;965;1;779;1;-
2026/04/15;07:01:11;98;-; 56.56; 0.6;-; 74.0; 75.9; 34.1; 29.6; 4.5;1767; 0.8; 0.7; 0.7;42; 21.9;F;1;29;On;On;Off; 31.5; 31.0;0;1;965;1;965;1;779;1;-
2026/04/15;07:02:11;98;-; 56.56; 0.8;-; 75.0; 74.4; 43.9; 20.4; 23.5;1767; 0.8; 0.7; 0.7;42; 21.9;F;1;29;On;On;Off; 31.5; 31.0;0;1;965;1;965;1;779;1;-
2026/04/15;07:03:11;99;-; 56.54; 0.6;-; 74.9; 75.4; 35.6; 21.2; 14.4;1767; 0.8; 0.7; 0.7;42; 21.9;F;1;29;On;On;Off; 31.5; 31.0;0;1;965;1;965;1;779;1;-
2026/04/15;07:04:11;99;-; 56.56; 0.7;-; 76.1; 73.9; 39.4; 10.6; 28.8;1767; 0.8; 0.7; 0.7;41; 21.9;F;1;29;On;On;Off; 31.5; 31.0;0;1;965;1;965;1;779;1;-
2026/04/15;07:05:11;99;-; 56.56; 0.7;-; 75.5; 74.3; 42.4; 16.7; 25.8;1767; 0.8; 0.7; 0.7;41; 21.9;F;1;29;On;On;Off; 31.6; 31.1;0;1;965;1;965;1;779;1;-
2026/04/15;07:06:11;99;-; 56.54; 0.5;-; 74.7; 76.4; 31.0; 25.8; 5.3;1767; 0.7; 0.7; 0.7;41; 21.9;F;1;29;On;On;Off; 31.6; 31.1;0;1;965;1;965;1;779;1;-
2026/04/15;07:07:10;99;-; 56.54; 0.6;-; 76.4; 74.0; 35.6; 5.3; 30.4;1767; 0.7; 0.7; 0.7;40; 21.9;F;1;29;On;On;Off; 31.6; 31.1;0;1;965;1;965;1;779;1;-
2026/04/15;07:08:10;99;-; 56.56; 0.8;-; 75.6; 73.8; 42.5; 6.1; 36.4;1767; 0.7; 0.7; 0.7;39; 21.9;F;1;29;On;On;Off; 31.6; 31.1;0;1;965;1;965;1;779;1;-
2026/04/15;07:09:10;99;-; 56.56; 0.9;-; 75.5; 73.9; 49.3; 17.5; 31.8;1767; 0.7; 0.7; 0.7;39; 21.9;F;1;29;On;On;Off; 31.6; 31.1;0;1;965;1;965;1;779;1;-
2026/04/15;07:10:10;99;-; 56.54; 0.6;-; 74.0; 76.7; 36.4; 36.4; 0.0;1767; 0.7; 0.7; 0.7;39; 21.9;F;1;29;On;On;Off; 31.6; 31.1;0;1;965;1;965;1;779;1;-
2026/04/15;07:11:10;99;-; 56.56; 0.7;-; 75.7; 74.8; 40.9; 10.6; 30.4;1767; 0.7; 0.7; 0.7;39; 21.9;F;1;29;On;On;Off; 31.6; 31.1;0;1;965;1;965;2;780;1;-
2026/04/15;07:12:10;99;-; 56.56; 0.5;-; 75.1; 75.9; 31.1; 25.0; 6.1;1767; 0.7; 0.7; 0.7;39; 21.9;F;1;29;On;On;Off; 31.6; 31.1;0;1;965;1;965;2;780;1;-
2026/04/15;07:13:10;99;-; 56.54; 0.6;-; 74.6; 75.7; 36.4; 30.4; 6.1;1767; 0.7; 0.7; 0.7;38; 21.9;F;1;29;On;On;Off; 31.6; 31.1;0;1;965;1;965;2;780;1;-
2026/04/15;07:14:10;99;-; 56.54; 0.5;-; 75.4; 75.8; 28.8; 9.9; 19.0;1767; 0.7; 0.7; 0.7;37; 21.9;F;1;29;On;On;Off; 31.7; 31.1;0;1;965;1;965;2;780;1;-
2026/04/15;07:15:10;100;-; 56.56; 0.6;-; 75.7; 75.6; 34.9; 15.9; 19.0;1767; 0.7; 0.7; 0.7;36; 21.9;F;1;29;On;On;Off; 31.7; 31.2;0;1;965;1;965;2;780;1;-
2026/04/15;07:16:10;100;-; 56.54; 0.5;-; 74.1; 76.4; 30.3; 27.3; 3.0;1767; 0.6; 0.7; 0.7;35; 21.9;F;1;29;On;On;Off; 31.7; 31.2;0;1;965;1;965;2;780;1;-
2026/04/15;07:17:10;100;-; 56.54; 0.6;-; 76.2; 73.8; 33.4; 6.8; 26.6;1767; 0.6; 0.7; 0.7;35; 21.9;F;1;29;On;On;Off; 31.7; 31.2;0;1;965;1;965;2;780;1;-
2026/04/15;07:18:10;100;-; 56.56; 0.6;-; 74.0; 76.1; 31.8; 27.3; 4.5;1767; 0.7; 0.7; 0.7;36; 21.9;F;1;29;On;On;Off; 31.7; 31.2;0;1;965;1;965;2;780;1;-
2026/04/15;07:19:10;100;-; 56.56; 0.8;-; 74.7; 73.7; 47.0; 15.9; 31.1;1768; 0.6; 0.6; 0.6;35; 21.9;F;1;29;On;On;Off; 31.7; 31.2;0;1;965;1;965;2;780;1;-
2026/04/15;07:20:10;100;-; 56.56; 0.6;-; 75.8; 73.7; 33.3; 1.5; 31.8;1768; 0.6; 0.6; 0.6;35; 21.9;F;1;29;On;On;Off; 31.7; 31.2;0;1;965;1;965;2;780;1;-
2026/04/15;07:21:10;100;-; 56.54; 0.6;-; 75.8; 73.8; 33.3; 9.1; 24.2;1768; 0.6; 0.6; 0.6;34; 21.9;F;1;29;On;On;Off; 31.7; 31.2;0;1;965;1;965;2;780;1;-
2026/04/15;07:22:09;100;-; 56.54; 0.5;-; 76.0; 73.6; 28.0; 0.0; 28.0;1768; 0.6; 0.6; 0.6;33; 21.9;F;1;29;On;On;Off; 31.7; 31.2;0;1;965;1;965;2;780;1;-
2026/04/15;07:23:09;100;-; 56.54; 0.5;-; 74.6; 75.1; 31.1; 15.9; 15.2;1768; 0.6; 0.6; 0.6;33; 21.9;F;1;29;On;On;Off; 31.7; 31.2;0;2;966;2;966;2;780;1;-
2026/04/15;07:24:09;100;-; 56.54; 0.5;-; 74.1; 75.4; 30.3; 19.7; 10.6;1768; 0.6; 0.6; 0.6;33; 21.9;F;1;29;On;On;Off; 31.7; 31.2;0;2;966;2;966;2;780;1;-
2026/04/15;07:25:09;100;-; 56.54; 0.7;-; 74.2; 74.3; 41.0; 19.0; 22.0;1768; 0.6; 0.6; 0.6;32; 21.9;F;1;29;On;On;Off; 31.7; 31.2;0;2;966;2;966;2;780;1;-
2026/04/15;07:26:09;100;-; 56.56; 0.7;-; 74.6; 73.9; 40.2; 18.2; 22.0;1768; 0.6; 0.6; 0.6;32; 21.9;F;1;29;On;On;Off; 31.7; 31.2;0;2;966;2;966;2;780;1;-
2026/04/15;07:27:09;100;-; 56.56; 0.7;-; 74.6; 73.6; 40.9; 15.9; 25.0;1768; 0.6; 0.6; 0.6;32; 21.9;F;1;29;On;On;Off; 31.7; 31.2;0;2;966;2;966;2;780;1;-
2026/04/15;07:28:09;100;-; 56.54; 0.6;-; 74.2; 74.7; 34.8; 20.4; 14.4;1768; 0.6; 0.6; 0.6;32; 21.9;F;1;29;On;On;Off; 31.7; 31.2;0;2;966;2;966;2;780;1;-
2026/04/15;07:29:09;100;-; 56.56; 0.6;-; 74.7; 74.6; 33.4; 15.9; 17.4;1768; 0.6; 0.6; 0.6;32; 21.9;F;1;29;On;On;Off; 31.7; 31.2;0;2;966;2;966;2;780;1;-
2026/04/15;07:30:09;100;-; 56.54; 0.5;-; 75.6; 73.5; 29.6; 3.8; 25.8;1768; 0.6; 0.6; 0.6;31; 21.9;F;1;29;On;On;Off; 31.8; 31.2;0;2;966;2;966;2;780;1;-
2026/04/15;07:31:09;100;-; 56.56; 0.5;-; 74.3; 75.4; 28.8; 19.0; 9.9;1768; 0.6; 0.6; 0.6;31; 21.9;F;1;29;On;On;Off; 31.8; 31.2;0;2;966;2;966;2;780;1;-
2026/04/15;07:32:09;100;-; 56.54; 0.5;-; 74.4; 75.3; 29.6; 17.4; 12.1;1768; 0.6; 0.6; 0.6;31; 21.9;F;1;29;On;On;Off; 31.8; 31.2;0;2;966;2;966;2;780;1;-
2026/04/15;07:33:09;100;-; 56.54; 0.5;-; 75.2; 74.0; 29.5; 5.3; 24.2;1768; 0.6; 0.6; 0.6;32; 21.9;F;1;29;On;On;Off; 31.8; 31.3;0;2;966;2;966;2;780;1;-
2026/04/15;07:34:09;100;-; 56.56; 0.7;-; 74.0; 74.7; 37.9; 20.4; 17.4;1768; 0.6; 0.6; 0.6;31; 21.9;F;1;29;On;On;Off; 31.8; 31.3;0;2;966;2;966;2;780;1;-
2026/04/15;07:35:09;100;-; 56.54; 0.5;-; 74.2; 75.6; 30.4; 22.8; 7.6;1768; 0.6; 0.6; 0.6;31; 21.9;F;1;29;On;On;Off; 31.8; 31.3;0;2;966;2;966;2;780;1;-
2026/04/15;07:36:09;100;-; 56.56; 0.6;-; 75.4; 73.7; 35.6; 9.9; 25.8;1768; 0.5; 0.6; 0.6;30; 21.9;F;1;29;On;On;Off; 31.8; 31.3;0;2;966;2;966;2;780;1;-
2026/04/15;07:37:08;100;-; 56.56; 0.7;-; 75.0; 74.0; 37.1; 16.7; 20.5;1768; 0.6; 0.6; 0.6;30; 21.9;F;1;29;On;On;Off; 31.8; 31.3;0;2;966;2;966;2;780;1;-
2026/04/15;07:38:08;100;-; 56.56; 0.7;-; 74.8; 74.5; 37.9; 18.2; 19.7;1768; 0.5; 0.6; 0.6;30; 21.9;F;1;29;On;On;Off; 31.8; 31.3;0;2;966;2;966;2;780;1;-
2026/04/15;07:39:08;100;-; 56.56; 0.7;-; 74.7; 74.6; 37.1; 12.9; 24.2;1768; 0.5; 0.6; 0.6;29; 21.9;F;1;29;On;On;Off; 31.8; 31.3;0;2;966;2;966;2;780;1;-
2026/04/15;07:40:08;100;-; 56.56; 0.6;-; 75.9; 73.8; 31.8; 7.6; 24.2;1768; 0.5; 0.6; 0.6;29; 21.9;F;1;29;On;On;Off; 31.8; 31.3;0;2;966;2;966;2;780;1;-
2026/04/15;07:41:08;100;-; 56.56; 0.5;-; 74.1; 76.3; 28.8; 25.8; 3.0;1768; 0.5; 0.6; 0.6;30; 21.9;F;1;29;On;On;Off; 31.8; 31.3;0;2;966;2;966;2;780;1;-
2026/04/15;07:42:08;100;-; 56.54; 0.6;-; 74.1; 76.3; 32.6; 32.6; 0.0;1768; 0.5; 0.6; 0.6;30; 21.9;F;1;29;On;On;Off; 31.8; 31.3;0;2;966;2;966;2;780;1;-
2026/04/15;07:43:08;100;-; 56.56; 0.5;-; 74.2; 76.4; 26.6; 22.8; 3.8;1768; 0.6; 0.6; 0.6;30; 21.9;F;1;29;On;On;Off; 31.8; 31.3;0;2;966;2;966;2;780;1;-
2026/04/15;07:44:08;100;-; 56.56; 0.6;-; 74.0; 75.9; 33.4; 30.4; 3.0;1768; 0.6; 0.6; 0.6;31; 21.9;F;1;29;On;On;Off; 31.8; 31.3;0;2;966;2;966;2;780;1;-
2026/04/15;07:45:08;100;-; 56.56; 0.7;-; 75.6; 73.7; 37.2; 0.0; 37.2;1768; 0.5; 0.6; 0.6;30; 21.9;F;1;29;On;On;Off; 31.8; 31.3;0;2;966;2;966;2;780;1;-
2026/04/15;07:46:08;100;-; 56.56; 0.7;-; 75.7; 73.9; 38.7; 12.1; 26.6;1768; 0.5; 0.6; 0.6;30; 21.9;F;1;29;On;On;Off; 31.8; 31.3;0;2;966;2;966;2;780;1;-
2026/04/15;07:47:08;100;-; 56.54; 0.5;-; 74.1; 76.5; 28.8; 28.8; 0.0;1768; 0.6; 0.6; 0.6;31; 21.9;F;1;29;On;On;Off; 31.8; 31.3;0;2;966;2;966;2;780;1;-
2026/04/15;07:48:08;100;-; 56.56; 0.6;-; 74.7; 75.8; 33.3; 20.4; 12.9;1768; 0.6; 0.6; 0.6;31; 21.9;F;1;29;On;On;Off; 31.8; 31.3;0;2;966;2;966;2;780;1;-
2026/04/15;07:49:08;100;-; 56.56; 0.5;-; 75.3; 75.3; 28.8; 25.8; 3.0;1768; 0.6; 0.6; 0.6;31; 21.9;F;1;29;On;On;Off; 31.8; 31.3;0;2;966;2;966;2;780;1;-
2026/04/15;07:50:08;100;-; 56.56; 0.7;-; 75.8; 73.6; 41.7; 9.1; 32.6;1768; 0.6; 0.6; 0.6;31; 21.9;F;1;29;On;On;Off; 31.8; 31.3;0;2;966;2;966;2;780;1;-
2026/04/15;07:51:08;100;-; 56.56; 0.5;-; 74.5; 76.2; 30.3; 27.3; 3.0;1768; 0.6; 0.6; 0.6;31; 21.9;F;1;29;On;On;Off; 31.9; 31.3;0;2;966;2;966;2;780;1;-
2026/04/15;07:52:07;100;-; 56.56; 0.8;-; 76.4; 73.8; 43.2; 0.0; 43.2;1768; 0.6; 0.6; 0.6;31; 21.9;F;1;29;On;On;Off; 31.9; 31.4;0;2;966;2;966;2;780;1;-
2026/04/15;07:53:07;100;-; 56.56; 0.5;-; 74.7; 75.3; 30.3; 28.0; 2.3;1768; 0.5; 0.6; 0.6;30; 21.9;F;1;29;On;On;Off; 31.9; 31.3;0;2;966;2;966;2;780;1;-
2026/04/15;07:54:07;100;-; 56.56; 0.7;-; 74.0; 75.3; 38.7; 28.8; 9.9;1768; 0.6; 0.6; 0.6;30; 21.9;F;1;29;On;On;Off; 31.9; 31.3;0;2;966;2;966;2;780;1;-
2026/04/15;07:55:07;100;-; 56.56; 0.6;-; 75.4; 74.4; 36.4; 9.9; 26.6;1768; 0.6; 0.6; 0.6;31; 21.9;F;1;29;On;On;Off; 31.9; 31.4;0;2;966;2;966;2;780;1;-
2026/04/15;07:56:07;100;-; 56.54; 0.6;-; 74.5; 74.8; 33.3; 12.9; 20.4;1768; 0.6; 0.6; 0.6;30; 21.9;F;1;29;On;On;Off; 31.9; 31.3;0;2;966;2;966;2;780;1;-
2026/04/15;07:57:07;100;-; 56.54; 0.5;-; 75.4; 73.9; 30.3; 2.3; 28.0;1768; 0.6; 0.6; 0.6;31; 21.9;F;1;29;On;On;Off; 31.9; 31.3;0;2;966;2;966;2;780;1;-
2026/04/15;07:58:07;100;-; 56.56; 0.6;-; 74.5; 74.5; 34.8; 10.6; 24.2;1768; 0.5; 0.6; 0.6;30; 21.9;F;1;29;On;On;Off; 31.9; 31.4;0;2;966;2;966;2;780;1;-
2026/04/15;07:59:07;100;-; 56.54; 0.7;-; 74.6; 74.6; 39.4; 16.7; 22.8;1768; 0.5; 0.6; 0.6;30; 21.9;F;1;29;On;On;Off; 31.9; 31.4;0;2;966;2;966;2;780;1;-
2026/04/15;08:00:07;100;-; 56.56; 0.6;-; 74.8; 75.2; 32.6; 15.2; 17.4;1768; 0.6; 0.6; 0.6;30; 21.9;F;1;29;On;On;Off; 31.9; 31.4;0;2;966;2;966;2;780;1;-
2026/04/15;08:01:07;100;-; 56.54; 0.7;-; 74.5; 74.8; 38.7; 27.3; 11.4;1768; 0.6; 0.6; 0.6;30; 21.9;F;1;29;On;On;Off; 31.9; 31.4;0;2;966;2;966;2;780;1;-
2026/04/15;08:02:07;100;-; 56.56; 0.6;-; 75.2; 74.8; 34.9; 11.4; 23.5;1768; 0.5; 0.6; 0.6;29; 21.9;F;1;29;On;On;Off; 31.9; 31.4;0;2;966;2;966;2;780;1;-
2026/04/15;08:03:07;100;-; 56.56; 0.5;-; 74.4; 75.8; 31.1; 27.3; 3.8;1768; 0.5; 0.6; 0.6;30; 21.9;F;1;29;On;On;Off; 31.9; 31.4;0;2;966;2;966;2;780;1;-
2026/04/15;08:04:07;100;-; 56.56; 0.6;-; 74.2; 75.5; 33.4; 31.1; 2.3;1768; 0.6; 0.6; 0.6;30; 21.9;F;1;29;On;On;Off; 31.9; 31.4;0;2;966;2;966;2;780;1;-
2026/04/15;08:05:07;100;-; 56.54; 0.6;-; 76.2; 73.8; 32.6; 3.0; 29.6;1768; 0.6; 0.6; 0.6;30; 21.9;F;1;29;On;On;Off; 31.9; 31.4;0;2;966;2;966;2;780;1;-
2026/04/15;08:06:07;100;-; 56.56; 0.6;-; 74.0; 76.3; 36.4; 22.8; 13.6;1768; 0.5; 0.6; 0.6;30; 21.9;F;1;29;On;On;Off; 31.9; 31.4;0;2;966;2;966;2;780;1;-
2026/04/15;08:07:06;100;-; 56.54; 0.6;-; 76.5; 73.7; 36.4; 0.0; 36.4;1768; 0.5; 0.6; 0.6;30; 21.9;F;1;29;On;On;Off; 31.9; 31.4;0;2;966;2;966;2;780;1;-
2026/04/15;08:08:06;100;-; 56.56; 0.7;-; 75.7; 73.7; 40.2; 4.5; 35.6;1768; 0.6; 0.6; 0.6;30; 21.9;F;1;29;On;On;Off; 31.9; 31.4;0;2;966;2;966;2;780;1;-
2026/04/15;08:09:06;100;-; 56.56; 0.6;-; 74.8; 75.6; 34.9; 30.4; 4.5;1768; 0.6; 0.6; 0.6;30; 21.9;F;1;29;On;On;Off; 31.9; 31.4;0;2;966;2;966;2;780;1;-
2026/04/15;08:10:06;100;-; 56.56; 0.7;-; 74.3; 76.6; 38.7; 38.7; 0.0;1768; 0.6; 0.6; 0.6;30; 21.9;F;1;29;On;On;Off; 32.0; 31.4;0;2;966;2;966;2;780;1;-
2026/04/15;08:11:06;100;-; 56.56; 0.7;-; 76.2; 75.5; 39.4; 39.4; 0.0;1768; 0.5; 0.6; 0.6;30; 21.9;F;1;29;On;On;Off; 31.9; 31.5;0;2;966;2;966;2;780;1;-
2026/04/15;08:12:06;100;-; 56.56; 0.6;-; 76.9; 76.0; 33.4; 11.4; 22.0;1768; 0.6; 0.6; 0.6;30; 21.9;F;1;29;On;On;Off; 32.0; 31.5;0;2;966;2;966;2;780;1;-
2026/04/15;08:13:06;100;-; 56.58; 0.8;-; 76.9; 74.6; 45.6; 0.0; 45.6;1768; 0.5; 0.6; 0.6;30; 21.9;F;1;29;On;On;Off; 32.0; 31.5;0;2;966;2;966;2;780;1;-
2026/04/15;08:14:06;100;-; 56.56; 0.6;-; 75.8; 76.9; 34.9; 34.9; 0.0;1768; 0.6; 0.6; 0.6;30; 21.9;F;1;29;On;On;Off; 32.0; 31.5;0;2;966;2;966;2;780;1;-
2026/04/15;08:15:06;100;-; 56.56; 0.7;-; 77.1; 78.3; 41.7; 41.7; 0.0;1768; 0.5; 0.6; 0.6;29; 21.9;F;1;29;On;On;Off; 32.0; 31.5;0;2;966;2;966;2;780;1;-
2026/04/15;08:16:06;100;-; 56.56; 0.6;-; 76.7; 77.6; 35.6; 12.1; 23.5;1768; 0.5; 0.6; 0.6;29; 21.9;F;1;29;On;On;Off; 32.0; 31.5;0;2;966;2;966;2;780;1;-
2026/04/15;08:17:06;100;-; 56.54; 0.5;-; 77.4; 75.8; 28.0; 15.9; 12.1;1768; 0.5; 0.6; 0.6;29; 21.9;F;1;29;On;On;Off; 32.0; 31.5;0;2;966;2;966;2;780;1;-
2026/04/15;08:18:06;100;-; 56.58; 1.1;-; 77.9; 75.1; 62.2; 0.0; 62.2;1768; 0.5; 0.6; 0.6;29; 21.9;F;1;29;On;On;Off; 32.0; 31.5;0;2;966;2;966;2;780;1;-
2026/04/15;08:19:06;100;-; 56.56; 1.1;-; 75.1; 77.7; 59.9; 59.9; 0.0;1769; 0.5; 0.6; 0.6;30; 21.9;F;1;29;On;On;Off; 32.0; 31.5;0;2;966;2;966;2;780;1;-
2026/04/15;08:20:06;100;-; 56.56; 0.5;-; 76.7; 76.7; 31.1; 31.1; 0.0;1769; 0.5; 0.6; 0.6;30; 21.9;F;1;29;On;On;Off; 32.0; 31.5;0;2;966;2;966;2;780;1;-
2026/04/15;08:21:06;100;-; 56.56; 0.6;-; 76.3; 74.7; 34.9; 0.7; 34.2;1769; 0.6; 0.6; 0.6;30; 21.9;F;1;29;On;On;Off; 32.0; 31.5;0;2;966;2;966;2;780;1;-
2026/04/15;08:22:05;100;-; 56.56; 0.6;-; 76.7; 76.7; 33.4; 28.8; 4.5;1769; 0.6; 0.6; 0.6;30; 21.9;F;1;29;On;On;Off; 32.0; 31.5;0;2;966;2;966;2;780;1;-
2026/04/15;08:23:05;100;-; 56.58; 0.7;-; 75.7; 76.1; 39.4; 26.6; 12.9;1769; 0.6; 0.6; 0.6;30; 21.9;F;1;29;On;On;Off; 32.0; 31.5;0;2;966;2;966;2;780;1;-
2026/04/15;08:24:05;100;-; 56.56; 0.9;-; 77.1; 74.2; 52.3; 0.0; 52.3;1769; 0.6; 0.6; 0.6;30; 21.9;F;1;29;On;On;Off; 32.0; 31.5;0;2;966;2;966;2;780;1;-
2026/04/15;08:25:05;100;-; 56.56; 0.5;-; 75.7; 75.4; 29.6; 19.0; 10.6;1769; 0.5; 0.6; 0.6;30; 21.9;F;1;29;On;On;Off; 32.0; 31.5;0;2;966;2;966;2;780;1;-
2026/04/15;08:26:05;100;-; 56.56; 0.7;-; 76.7; 75.3; 37.2; 0.0; 37.2;1769; 0.5; 0.6; 0.6;30; 21.9;F;1;29;On;On;Off; 32.0; 31.5;0;2;966;2;966;2;780;1;-
2026/04/15;08:27:05;100;-; 56.56; 0.6;-; 76.0; 74.7; 34.9; 6.1; 28.8;1769; 0.5; 0.6; 0.6;29; 21.9;F;1;29;On;On;Off; 32.0; 31.5;0;2;966;2;966;2;780;1;-
2026/04/15;08:28:05;100;-; 56.54; 0.7;-; 74.6; 76.6; 39.4; 39.4; 0.0;1769; 0.5; 0.6; 0.6;29; 21.9;F;1;29;On;On;Off; 32.0; 31.5;0;2;966;2;966;2;780;1;-
2026/04/15;08:29:05;100;-; 56.56; 0.5;-; 75.6; 76.0; 25.8; 10.6; 15.2;1769; 0.5; 0.6; 0.6;29; 21.9;F;1;29;On;On;Off; 32.0; 31.5;0;2;966;2;966;2;780;1;-
2026/04/15;08:30:05;100;-; 56.54; 0.6;-; 76.6; 74.8; 31.8; 0.0; 31.8;1769; 0.5; 0.6; 0.6;30; 21.9;F;1;29;On;On;Off; 32.0; 31.5;0;2;966;2;966;2;780;1;-
2026/04/15;08:31:05;100;-; 56.56; 0.6;-; 77.7; 76.1; 36.4; 0.0; 36.4;1769; 0.5; 0.6; 0.6;30; 21.9;F;1;29;On;On;Off; 32.0; 31.5;0;2;966;2;966;2;780;1;-
2026/04/15;08:32:05;100;-; 56.56; 0.7;-; 76.1; 75.1; 40.2; 0.0; 40.2;1769; 0.5; 0.6; 0.6;29; 21.9;F;1;29;On;On;Off; 32.0; 31.5;0;2;966;2;966;2;780;1;-
2026/04/15;08:33:05;100;-; 56.56; 1.0;-; 77.5; 74.6; 57.7; 0.0; 57.7;1769; 0.5; 0.6; 0.6;29; 21.9;F;1;29;On;On;Off; 32.0; 31.5;0;2;966;2;966;2;780;1;-
2026/04/15;08:34:05;100;-; 56.56; 0.6;-; 76.4; 76.5; 34.9; 0.0; 34.9;1769; 0.5; 0.6; 0.6;29; 21.9;F;1;29;On;On;Off; 32.1; 31.6;0;2;966;2;966;2;780;1;-
2026/04/15;08:35:05;100;-; 56.56; 0.8;-; 75.9; 77.4; 44.0; 44.0; 0.0;1769; 0.5; 0.6; 0.6;29; 21.9;F;1;29;On;On;Off; 32.1; 31.6;0;2;966;2;966;2;780;1;-
2026/04/15;08:36:05;100;-; 56.56; 0.8;-; 78.2; 76.2; 43.2; 0.0; 43.2;1769; 0.5; 0.6; 0.6;29; 21.9;F;1;29;On;On;Off; 32.1; 31.6;0;2;966;2;966;2;780;1;-
2026/04/15;08:37:04;100;-; 56.56; 0.7;-; 77.9; 76.4; 41.8; 0.0; 41.8;1769; 0.5; 0.6; 0.6;29; 21.9;F;1;29;On;On;Off; 32.1; 31.6;0;2;966;2;966;2;780;1;-
2026/04/15;08:38:04;100;-; 56.58; 0.6;-; 75.8; 77.1; 35.6; 16.7; 19.0;1769; 0.5; 0.6; 0.6;28; 21.9;F;1;29;On;On;Off; 32.1; 31.6;0;2;966;2;966;2;780;1;-
2026/04/15;08:39:04;100;-; 56.58; 0.8;-; 77.4; 75.4; 47.8; 0.0; 47.8;1769; 0.5; 0.6; 0.6;28; 21.9;F;1;29;On;On;Off; 32.1; 31.6;0;2;966;2;966;2;780;1;-
2026/04/15;08:40:04;100;-; 56.56; 0.9;-; 76.7; 78.3; 50.1; 50.1; 0.0;1769; 0.5; 0.6; 0.6;28; 21.9;F;1;29;On;On;Off; 32.1; 31.6;0;2;966;2;966;2;780;1;-
2026/04/15;08:41:04;100;-; 56.56; 0.6;-; 77.3; 78.8; 32.6; 32.6; 0.0;1769; 0.5; 0.6; 0.6;28; 21.9;F;1;29;On;On;Off; 32.1; 31.6;0;2;966;2;966;2;780;1;-
2026/04/15;08:42:04;100;-; 56.56; 1.0;-; 78.1; 76.8; 54.6; 0.0; 54.6;1769; 0.5; 0.6; 0.6;28; 21.9;F;1;29;On;On;Off; 32.1; 31.6;0;2;966;2;966;2;780;1;-
2026/04/15;08:43:04;100;-; 56.56; 1.0;-; 76.5; 78.3; 59.2; 59.2; 0.0;1769; 0.5; 0.6; 0.6;28; 21.9;F;1;29;On;On;Off; 32.1; 31.7;0;2;966;2;966;2;780;1;-
2026/04/15;08:44:04;100;-; 56.56; 0.6;-; 76.8; 76.6; 31.8; 28.0; 3.8;1769; 0.5; 0.6; 0.6;28; 21.9;F;1;29;On;On;Off; 32.1; 31.6;0;2;966;2;966;2;780;1;-
2026/04/15;08:45:04;100;-; 56.56; 0.6;-; 78.2; 77.4; 31.8; 0.0; 31.8;1769; 0.5; 0.6; 0.6;29; 21.9;F;1;29;On;On;Off; 32.1; 31.7;0;2;966;2;966;2;780;1;-
2026/04/15;08:46:04;100;-; 56.56; 0.6;-; 77.7; 77.2; 34.1; 20.5; 13.7;1769; 0.5; 0.6; 0.6;28; 21.9;F;1;29;On;On;Off; 32.2; 31.7;0;2;966;2;966;2;780;1;-
2026/04/15;08:47:04;100;-; 56.58; 0.6;-; 77.2; 78.1; 33.3; 20.5; 12.9;1769; 0.5; 0.6; 0.6;28; 21.9;F;1;29;On;On;Off; 32.2; 31.7;0;2;966;2;966;2;780;1;-
2026/04/15;08:48:04;100;-; 56.56; 0.7;-; 78.0; 76.8; 38.7; 0.0; 38.7;1769; 0.5; 0.6; 0.6;28; 21.9;F;1;29;On;On;Off; 32.2; 31.7;0;2;966;2;966;2;780;1;-
2026/04/15;08:49:04;100;-; 56.56; 0.5;-; 77.4; 77.0; 31.1; 15.2; 15.9;1769; 0.5; 0.6; 0.6;28; 21.9;F;1;29;On;On;Off; 32.2; 31.7;0;2;966;2;966;3;781;1;-
2026/04/15;08:50:04;100;-; 56.56; 0.9;-; 75.2; 77.1; 53.1; 53.1; 0.0;1769; 0.5; 0.6; 0.6;28; 21.9;F;1;29;On;On;Off; 32.2; 31.7;0;2;966;2;966;3;781;1;-
2026/04/15;08:51:04;100;-; 56.56; 0.5;-; 77.9; 78.4; 27.3; 8.3; 19.0;1769; 0.5; 0.6; 0.6;28; 21.9;F;1;29;On;On;Off; 32.2; 31.7;0;2;966;2;966;3;781;1;-
2026/04/15;08:52:03;100;-; 56.56; 0.6;-; 78.0; 77.6; 34.9; 27.3; 7.6;1769; 0.5; 0.6; 0.6;27; 21.9;F;1;29;On;On;Off; 32.2; 31.7;0;2;966;2;966;3;781;1;-
2026/04/15;08:53:03;100;-; 56.56; 0.6;-; 78.1; 77.4; 33.3; 20.5; 12.9;1769; 0.5; 0.6; 0.6;28; 21.9;F;1;29;On;On;Off; 32.2; 31.8;0;2;966;2;966;3;781;1;-
2026/04/15;08:54:03;100;-; 56.58; 0.6;-; 76.8; 77.9; 35.6; 25.8; 9.9;1769; 0.5; 0.6; 0.6;27; 21.9;F;1;29;On;On;Off; 32.3; 31.8;0;2;966;2;966;3;781;1;-
2026/04/15;08:55:03;100;-; 56.56; 0.6;-; 77.2; 77.8; 32.6; 32.6; 0.0;1769; 0.5; 0.6; 0.6;27; 21.9;F;1;29;On;On;Off; 32.3; 31.8;0;2;966;2;966;3;781;1;-
2026/04/15;08:56:03;100;-; 56.56; 0.3;-; 77.4; 78.0; 19.7; 15.9; 3.8;1769; 0.5; 0.6; 0.6;28; 22.0;F;1;29;On;On;Off; 32.3; 31.8;0;2;966;2;966;3;781;1;-
2026/04/15;08:57:03;100;-; 56.56; 0.8;-; 78.3; 77.0; 46.3; 0.0; 46.3;1769; 0.5; 0.6; 0.6;28; 22.0;F;1;29;On;On;Off; 32.3; 31.8;0;2;966;2;966;3;781;1;-
2026/04/15;08:58:03;100;-; 56.56; 0.9;-; 77.9; 77.0; 52.3; 0.0; 52.3;1769; 0.5; 0.6; 0.6;28; 21.9;F;1;29;On;On;Off; 32.3; 31.8;0;2;966;2;966;3;781;1;-
2026/04/15;08:59:03;100;-; 56.56; 0.5;-; 76.2; 77.3; 25.8; 23.5; 2.3;1769; 0.5; 0.6; 0.6;27; 21.9;F;1;29;On;On;Off; 32.3; 31.8;0;2;966;2;966;3;781;1;-
2026/04/15;09:00:03;100;-; 56.58; 0.6;-; 76.4; 76.7; 35.6; 17.5; 18.2;1769; 0.5; 0.6; 0.6;28; 21.9;F;1;29;On;On;Off; 32.3; 31.8;0;2;966;2;966;3;781;1;-
2026/04/15;09:01:03;100;-; 56.56; 1.0;-; 77.4; 76.1; 53.9; 0.0; 53.9;1769; 0.5; 0.6; 0.6;28; 22.0;F;1;29;On;On;Off; 32.3; 31.8;0;2;966;2;966;3;781;1;-
2026/04/15;09:02:03;100;-; 56.56; 0.6;-; 77.5; 78.2; 33.4; 33.4; 0.0;1769; 0.5; 0.6; 0.6;28; 21.9;F;1;29;On;On;Off; 32.3; 31.8;0;2;966;2;966;3;781;1;-
2026/04/15;09:03:03;100;-; 56.56; 0.7;-; 76.2; 75.5; 38.6; 18.2; 20.5;1769; 0.5; 0.6; 0.6;28; 21.9;F;1;29;On;On;Off; 32.3; 31.8;0;3;967;3;967;3;781;1;-
2026/04/15;09:04:03;100;-; 56.58; 0.9;-; 78.1; 76.5; 50.1; 0.0; 50.1;1769; 0.5; 0.6; 0.6;28; 22.0;F;1;29;On;On;Off; 32.3; 31.8;0;3;967;3;967;3;781;1;-
2026/04/15;09:05:03;100;-; 56.56; 0.8;-; 78.8; 77.9; 44.8; 0.0; 44.8;1769; 0.5; 0.6; 0.6;28; 21.9;F;1;29;On;On;Off; 32.3; 31.8;0;3;967;3;967;3;781;1;-
2026/04/15;09:06:03;100;-; 56.56; 0.8;-; 77.9; 78.6; 44.0; 44.0; 0.0;1769; 0.5; 0.6; 0.6;28; 21.9;F;1;29;On;On;Off; 32.4; 31.8;0;3;967;3;967;3;781;1;-
2026/04/15;09:07:02;100;-; 56.56; 0.4;-; 77.7; 77.9; 23.5; 3.0; 20.5;1769; 0.5; 0.6; 0.6;27; 21.9;F;1;29;On;On;Off; 32.3; 31.9;0;3;967;3;967;3;781;1;-
2026/04/15;09:08:02;100;-; 56.56; 0.4;-; 78.3; 77.8; 22.8; 19.0; 3.8;1769; 0.5; 0.6; 0.6;27; 22.0;F;1;29;On;On;Off; 32.4; 31.8;0;3;967;3;967;3;781;1;-
2026/04/15;09:09:02;100;-; 56.56; 0.6;-; 76.9; 77.8; 33.4; 19.7; 13.7;1769; 0.5; 0.6; 0.6;27; 21.9;F;1;29;On;On;Off; 32.4; 31.9;0;3;967;3;967;3;781;1;-
2026/04/15;09:10:02;100;-; 56.56; 1.1;-; 77.4; 78.5; 63.8; 63.8; 0.0;1769; 0.5; 0.6; 0.6;27; 22.0;F;1;29;On;On;Off; 32.4; 31.9;0;3;967;3;967;3;781;1;-
2026/04/15;09:11:02;100;-; 56.56; 0.5;-; 78.3; 77.8; 25.8; 0.0; 25.8;1769; 0.5; 0.6; 0.6;27; 22.0;F;1;29;On;On;Off; 32.4; 31.9;0;3;967;3;967;3;781;1;-
2026/04/15;09:12:02;100;-; 56.58; 0.9;-; 77.4; 76.0; 50.1; 0.0; 50.1;1769; 0.5; 0.6; 0.6;27; 21.9;F;1;29;On;On;Off; 32.4; 31.9;0;3;967;3;967;3;781;1;-
2026/04/15;09:13:02;100;-; 56.56; 0.7;-; 78.6; 77.3; 37.9; 13.7; 24.2;1769; 0.5; 0.6; 0.6;27; 22.0;F;1;29;On;On;Off; 32.4; 31.9;0;3;967;3;967;3;781;1;-
2026/04/15;09:14:02;100;-; 56.56; 0.7;-; 76.8; 77.6; 40.2; 9.1; 31.1;1769; 0.5; 0.6; 0.6;27; 22.0;F;1;29;On;On;Off; 32.4; 31.9;0;3;967;3;967;3;781;1;-
2026/04/15;09:15:02;100;-; 56.58; 0.8;-; 78.2; 77.1; 44.0; 0.0; 44.0;1769; 0.5; 0.6; 0.6;27; 22.0;F;1;29;On;On;Off; 32.4; 31.9;0;3;967;3;967;3;781;1;-
2026/04/15;09:16:02;100;-; 56.58; 0.9;-; 77.5; 78.5; 48.6; 48.6; 0.0;1769; 0.5; 0.6; 0.6;27; 22.0;F;1;29;On;On;Off; 32.4; 31.9;0;3;967;3;967;3;781;1;-
2026/04/15;09:17:02;100;-; 56.58; 0.5;-; 77.6; 78.1; 28.8; 9.1; 19.7;1769; 0.5; 0.6; 0.6;27; 22.0;F;1;29;On;On;Off; 32.4; 31.9;0;3;967;3;967;3;781;1;-
2026/04/15;09:18:02;100;-; 56.56; 0.5;-; 78.4; 77.7; 28.0; 0.0; 28.0;1769; 0.5; 0.6; 0.6;26; 22.0;F;1;29;On;On;Off; 32.4; 31.9;0;3;967;3;967;3;781;1;-
2026/04/15;09:19:02;100;-; 56.58; 1.1;-; 78.3; 77.3; 62.2; 0.0; 62.2;1770; 0.5; 0.6; 0.6;26; 22.0;F;1;29;On;On;Off; 32.4; 31.9;0;3;967;3;967;3;781;1;-
2026/04/15;09:20:02;100;-; 56.56; 0.6;-; 77.6; 77.9; 34.8; 28.0; 6.8;1770; 0.5; 0.6; 0.6;27; 22.0;F;1;29;On;On;Off; 32.4; 31.9;0;3;967;3;967;3;781;1;-
2026/04/15;09:21:02;100;-; 56.56; 0.6;-; 77.7; 78.1; 31.8; 5.3; 26.6;1770; 0.5; 0.6; 0.6;26; 22.0;F;1;29;On;On;Off; 32.4; 31.9;0;3;967;3;967;3;781;1;-
2026/04/15;09:22:01;100;-; 56.58; 0.6;-; 77.1; 77.9; 35.6; 31.8; 3.8;1770; 0.5; 0.6; 0.6;26; 22.0;F;1;29;On;On;Off; 32.4; 31.9;0;3;967;3;967;3;781;1;-
2026/04/15;09:23:01;100;-; 56.56; 0.9;-; 77.1; 77.9; 48.6; 48.6; 0.0;1770; 0.5; 0.6; 0.6;27; 22.0;F;1;29;On;On;Off; 32.4; 31.9;0;3;967;3;967;3;781;1;-
2026/04/15;09:24:01;100;-; 56.58; 0.9;-; 77.9; 76.9; 53.2; 0.0; 53.2;1770; 0.5; 0.6; 0.6;27; 22.0;F;1;29;On;On;Off; 32.5; 32.0;0;3;967;3;967;3;781;1;-
2026/04/15;09:25:01;100;-; 56.58; 0.6;-; 77.7; 77.0; 36.4; 0.0; 36.4;1770; 0.5; 0.6; 0.6;27; 22.0;F;1;29;On;On;Off; 32.4; 31.9;0;3;967;3;967;3;781;1;-
2026/04/15;09:26:01;100;-; 56.56; 0.3;-; 77.5; 77.3; 19.7; 0.0; 19.7;1770; 0.4; 0.5; 0.5;20; 22.0;F;1;29;On;On;Off; 30.6; 31.9;0;3;967;3;967;3;781;1;-
2026/04/15;09:27:01;100;-; 56.54; 0.3;-; 77.5; 77.3; 19.0; 0.0; 19.0;1770; 0.3; 0.4; 0.4;15; 22.0;F;1;29;On;On;Off; 30.1; 31.6;0;3;967;3;967;3;781;1;-
2026/04/15;09:28:01;100;-; 56.56; 0.2;-; 77.5; 77.3; 12.1; 0.0; 12.1;1770; 0.3; 0.4; 0.4;14; 22.0;F;1;29;On;On;Off; 29.9; 31.5;0;3;967;3;967;3;781;1;-
2026/04/15;09:29:01;100;-; 56.56; 0.5;-; 77.5; 77.0; 26.6; 0.0; 26.6;1770; 0.3; 0.4; 0.4;14; 22.0;F;1;29;On;On;Off; 29.7; 31.3;0;3;967;3;967;3;781;1;-
2026/04/15;09:30:01;100;-; 56.54; 0.4;-; 77.0; 76.7; 24.2; 0.0; 24.2;1770; 0.3; 0.4; 0.4;15; 22.0;F;1;29;On;On;Off; 29.6; 31.2;0;3;967;3;967;3;781;1;-
2026/04/15;09:31:01;100;-; 56.56; 0.3;-; 77.2; 77.0; 17.4; 0.0; 17.4;1770; 0.3; 0.4; 0.4;15; 22.0;F;1;29;On;On;Off; 29.5; 31.1;0;3;967;3;967;3;781;1;-
2026/04/15;09:32:01;100;-; 56.56; 0.4;-; 77.2; 76.8; 23.5; 0.7; 22.8;1770; 0.3; 0.4; 0.4;15; 22.0;F;1;29;On;On;Off; 29.4; 31.0;0;3;967;3;967;3;781;1;-
2026/04/15;09:33:01;100;-; 56.54; 0.3;-; 77.1; 77.0; 16.7; 0.0; 16.7;1770; 0.3; 0.4; 0.4;15; 22.0;F;1;29;On;On;Off; 29.3; 30.9;0;3;967;3;967;3;781;1;-
2026/04/15;09:34:01;100;-; 56.54; 0.4;-; 77.1; 76.6; 21.2; 0.7; 20.4;1770; 0.3; 0.4; 0.4;15; 22.0;F;1;29;On;On;Off; 29.2; 30.8;0;3;967;3;967;3;781;1;-
2026/04/15;09:35:01;100;-; 56.54; 0.5;-; 76.8; 76.5; 26.6; 0.0; 26.6;1770; 0.3; 0.4; 0.4;15; 22.0;F;1;29;On;On;Off; 29.1; 30.7;0;3;967;3;967;3;781;1;-
2026/04/15;09:36:01;100;-; 56.56; 0.3;-; 76.7; 76.5; 15.9; 0.7; 15.2;1770; 0.3; 0.4; 0.4;15; 22.0;F;1;29;On;On;Off; 29.0; 30.6;0;3;967;3;967;3;781;1;-
2026/04/15;09:37:00;100;-; 56.56; 0.5;-; 75.8; 75.4; 28.0; 0.7; 27.3;1770; 0.3; 0.4; 0.4;15; 22.0;F;1;29;On;On;Off; 28.9; 30.6;0;3;967;3;967;3;781;1;-
2026/04/15;09:38:00;100;-; 56.54; 0.3;-; 75.4; 75.1; 15.2; 0.0; 15.2;1770; 0.3; 0.4; 0.4;15; 22.0;F;1;29;On;On;Off; 28.9; 30.5;0;3;967;3;967;3;781;1;-
2026/04/15;09:39:00;100;-; 56.54; 0.5;-; 75.2; 74.4; 30.4; 0.0; 30.4;1770; 0.3; 0.4; 0.4;15; 22.0;F;1;29;On;On;Off; 28.8; 30.4;0;3;967;3;967;3;781;1;-
2026/04/15;09:40:00;100;-; 56.54; 0.4;-; 75.1; 74.6; 20.4; 0.0; 20.4;1770; 0.3; 0.4; 0.4;15; 22.0;F;1;29;On;On;Off; 28.7; 30.3;0;3;967;3;967;3;781;1;-
2026/04/15;09:41:00;100;-; 56.54; 0.4;-; 75.0; 74.7; 24.2; 0.7; 23.5;1770; 0.3; 0.4; 0.4;15; 22.0;F;1;29;On;On;Off; 28.7; 30.3;0;3;967;3;967;3;781;1;-
2026/04/15;09:42:00;100;-; 56.56; 0.3;-; 75.3; 75.0; 16.7; 0.7; 15.9;1770; 0.3; 0.4; 0.4;16; 22.0;F;1;29;On;On;Off; 28.6; 30.2;0;3;967;3;967;3;781;1;-
2026/04/15;09:43:00;100;-; 56.56; 0.4;-; 75.5; 75.2; 22.7; 0.7; 22.0;1770; 0.3; 0.4; 0.4;15; 22.0;F;1;29;On;On;Off; 28.5; 30.2;0;3;967;3;967;3;781;1;-
2026/04/15;09:44:00;100;-; 56.54; 0.4;-; 76.2; 75.8; 22.0; 0.7; 21.2;1770; 0.3; 0.4; 0.4;15; 22.0;F;1;29;On;On;Off; 28.5; 30.1;0;3;967;3;967;3;781;1;-
2026/04/15;09:45:00;100;-; 56.56; 0.3;-; 76.5; 76.3; 19.7; 0.0; 19.7;1770; 0.3; 0.4; 0.4;15; 22.0;F;1;29;On;On;Off; 28.4; 30.1;0;3;967;3;967;3;781;1;-
2026/04/15;09:46:00;100;-; 56.54; 0.4;-; 76.6; 76.4; 24.2; 0.0; 24.2;1770; 0.3; 0.4; 0.4;15; 22.0;F;1;29;On;On;Off; 28.4; 30.0;0;3;967;3;967;3;781;1;-
2026/04/15;09:47:00;100;-; 56.56; 0.5;-; 77.1; 76.7; 27.3; 0.0; 27.3;1770; 0.3; 0.4; 0.4;15; 22.0;F;1;29;On;On;Off; 28.3; 30.0;0;3;967;3;967;3;781;1;-
2026/04/15;09:48:00;100;-; 56.56; 0.2;-; 76.2; 76.3; 11.4; 0.0; 11.4;1770; 0.3; 0.4; 0.4;15; 22.0;F;1;29;On;On;Off; 28.3; 30.0;0;3;967;3;967;3;781;1;-
2026/04/15;09:49:00;100;-; 56.58; 0.3;-; 76.7; 76.4; 16.7; 0.7; 15.9;1770; 0.3; 0.4; 0.4;15; 22.0;F;1;29;On;On;Off; 28.2; 29.9;0;3;967;3;967;3;781;1;-
2026/04/15;09:50:00;100;-; 56.56; 0.6;-; 77.2; 76.6; 31.8; 0.7; 31.1;1770; 0.3; 0.4; 0.4;15; 22.0;F;1;29;On;On;Off; 28.2; 29.9;0;3;967;3;967;3;781;1;-
2026/04/15;09:51:00;100;-; 56.56; 0.2;-; 76.5; 76.6; 13.6; 0.7; 12.9;1770; 0.3; 0.4; 0.4;15; 22.0;F;1;29;On;On;Off; 28.2; 29.8;0;3;967;3;967;3;781;1;-
2026/04/15;09:52:00;100;-; 56.56; 0.5;-; 77.0; 76.6; 25.8; 0.7; 25.0;1770; 0.3; 0.4; 0.4;15; 22.0;F;1;29;On;On;Off; 28.1; 29.8;0;3;967;3;967;3;781;1;-
2026/04/15;09:52:59;100;-; 56.56; 0.5;-; 77.0; 76.4; 27.3; 0.7; 26.6;1770; 0.3; 0.4; 0.4;15; 22.0;F;1;29;On;On;Off; 28.1; 29.8;0;3;967;3;967;3;781;1;-
2026/04/15;09:53:59;100;-; 56.56; 0.3;-; 77.2; 77.0; 15.9; 0.0; 15.9;1770; 0.3; 0.4; 0.4;15; 22.0;F;1;29;On;On;Off; 28.1; 29.7;0;3;967;3;967;3;781;1;-
2026/04/15;09:54:59;100;-; 56.58; 0.5;-; 77.9; 77.5; 27.3; 0.7; 26.6;1770; 0.3; 0.4; 0.4;14; 22.0;F;1;29;On;On;Off; 28.0; 29.7;0;3;967;3;967;3;781;1;-
2026/04/15;09:55:59;100;-; 56.58; 0.3;-; 78.6; 78.5; 19.0; 0.0; 19.0;1770; 0.3; 0.3; 0.3;14; 22.0;F;1;29;On;On;Off; 28.0; 29.7;0;3;967;3;967;3;781;1;-
2026/04/15;09:56:59;100;-; 56.56; 0.3;-; 78.4; 78.1; 17.4; 0.7; 16.7;1770; 0.3; 0.3; 0.3;14; 22.0;F;1;29;On;On;Off; 28.0; 29.7;0;3;967;3;967;3;781;1;-
2026/04/15;09:57:59;100;-; 56.58; 0.4;-; 78.3; 78.0; 25.0; 0.0; 25.0;1770; 0.3; 0.3; 0.3;14; 22.0;F;1;29;On;On;Off; 28.0; 29.7;0;3;967;3;967;3;781;1;-
2026/04/15;09:58:59;100;-; 56.56; 0.3;-; 78.0; 77.6; 14.4; 0.7; 13.6;1770; 0.3; 0.3; 0.3;14; 22.0;F;1;29;On;On;Off; 27.9; 29.6;0;3;967;3;967;3;781;1;-
2026/04/15;09:59:59;100;-; 56.56; 0.5;-; 77.0; 76.6; 28.0; 0.7; 27.3;1770; 0.3; 0.4; 0.4;15; 22.0;F;1;29;On;On;Off; 27.9; 29.6;0;3;967;3;967;3;781;1;-
2026/04/15;10:00:59;100;-; 56.58; 0.3;-; 77.3; 77.1; 15.1; 0.7; 14.4;1770; 0.3; 0.4; 0.4;15; 22.0;F;1;29;On;On;Off; 27.9; 29.6;0;3;967;3;967;3;781;1;-
2026/04/15;10:01:59;100;-; 56.56; 0.4;-; 77.4; 77.1; 23.5; 0.0; 23.5;1770; 0.3; 0.4; 0.4;15; 22.0;F;1;29;On;On;Off; 27.9; 29.5;0;3;967;3;967;3;781;1;-
2026/04/15;10:02:59;100;-; 56.56; 0.3;-; 77.3; 76.9; 18.2; 0.7; 17.5;1770; 0.3; 0.4; 0.4;15; 22.0;F;1;29;On;On;Off; 27.8; 29.5;0;3;967;3;967;3;781;1;-
2026/04/15;10:03:59;100;-; 56.56; 0.1;-; 77.0; 77.0; 8.3; 0.0; 8.3;1770; 0.3; 0.4; 0.4;15; 22.0;F;1;29;On;On;Off; 27.8; 29.5;0;3;967;3;967;3;781;1;-
2026/04/15;10:04:59;100;-; 56.56; 0.5;-; 76.9; 76.6; 27.3; 0.0; 27.3;1770; 0.3; 0.4; 0.4;15; 22.0;F;1;29;On;On;Off; 27.8; 29.5;0;3;967;3;967;3;781;1;-
2026/04/15;10:05:59;100;-; 56.56; 0.4;-; 76.8; 76.7; 23.5; 0.7; 22.8;1770; 0.3; 0.4; 0.4;15; 22.0;F;1;29;On;On;Off; 27.8; 29.4;0;3;967;3;967;3;781;1;-
2026/04/15;10:06:59;100;-; 56.56; 0.5;-; 76.6; 76.5; 26.6; 0.0; 26.6;1770; 0.3; 0.4; 0.4;15; 22.0;F;1;29;On;On;Off; 27.8; 29.4;0;3;967;3;967;3;781;1;-
2026/04/15;10:07:58;100;-; 56.56; 0.4;-; 76.6; 76.1; 21.2; 0.0; 21.2;1770; 0.3; 0.4; 0.4;14; 22.0;F;1;29;On;On;Off; 27.7; 29.4;0;3;967;3;967;3;781;1;-
2026/04/15;10:08:58;100;-; 56.56; 0.5;-; 76.4; 76.2; 28.8; 0.7; 28.0;1770; 0.3; 0.4; 0.4;15; 22.0;F;1;29;On;On;Off; 27.7; 29.4;0;3;967;3;967;3;781;1;-
2026/04/15;10:09:58;100;-; 56.56; 0.5;-; 76.3; 75.9; 29.6; 0.7; 28.8;1770; 0.3; 0.4; 0.4;15; 22.0;F;1;29;On;On;Off; 27.7; 29.4;0;3;967;3;967;3;781;1;-
2026/04/15;10:10:58;100;-; 56.56; 0.4;-; 76.2; 75.9; 22.0; 0.7; 21.2;1770; 0.3; 0.4; 0.4;15; 22.0;F;1;29;On;On;Off; 27.7; 29.3;0;3;967;3;967;3;781;1;-
2026/04/15;10:11:58;100;-; 56.56; 0.3;-; 76.2; 75.9; 19.7; 0.7; 19.0;1770; 0.3; 0.4; 0.4;15; 22.0;F;1;29;On;On;Off; 27.7; 29.3;0;3;967;3;967;3;781;1;-
2026/04/15;10:12:58;100;-; 56.56; 0.1;-; 76.2; 76.0; 3.8; 0.0; 3.8;1770; 0.3; 0.4; 0.4;15; 22.0;F;1;29;On;On;Off; 27.6; 29.3;0;3;967;3;967;3;781;1;-
2026/04/15;10:13:58;100;-; 56.56; 0.5;-; 76.1; 75.9; 26.5; 0.7; 25.8;1770; 0.3; 0.4; 0.4;15; 22.0;F;1;29;On;On;Off; 27.6; 29.3;0;3;967;3;967;3;781;1;-
2026/04/15;10:14:58;100;-; 56.56; 0.3;-; 76.1; 75.8; 18.2; 0.0; 18.2;1770; 0.3; 0.4; 0.4;15; 22.0;F;1;29;On;On;Off; 27.6; 29.3;0;3;967;3;967;3;781;1;-
2026/04/15;10:15:58;100;-; 56.56; 0.3;-; 76.1; 76.0; 15.1; 0.7; 14.4;1770; 0.3; 0.4; 0.4;15; 22.0;F;1;29;On;On;Off; 27.6; 29.3;0;3;967;3;967;3;781;1;-
2026/04/15;10:16:58;100;-; 56.58; 0.4;-; 76.0; 75.6; 24.2; 0.7; 23.5;1770; 0.3; 0.4; 0.4;15; 22.0;F;1;29;On;On;Off; 27.6; 29.2;0;3;967;3;967;3;781;1;-
2026/04/15;10:17:58;100;-; 56.56; 0.4;-; 75.9; 75.5; 23.5; 0.7; 22.8;1770; 0.3; 0.4; 0.4;15; 22.0;F;1;29;On;On;Off; 27.6; 29.2;0;3;967;3;967;3;781;1;-
2026/04/15;10:18:58;100;-; 56.56; 0.4;-; 76.0; 75.4; 23.5; 0.0; 23.5;1771; 0.3; 0.4; 0.4;15; 22.0;F;1;29;On;On;Off; 27.5; 29.2;0;3;967;3;967;3;781;1;-
2026/04/15;10:19:58;100;-; 56.56; 0.4;-; 75.7; 75.5; 24.2; 0.0; 24.2;1771; 0.3; 0.4; 0.4;14; 22.0;F;1;29;On;On;Off; 27.5; 29.2;0;3;967;3;967;3;781;1;-
2026/04/15;10:20:58;100;-; 56.58; 0.5;-; 75.8; 75.3; 25.8; 0.0; 25.8;1771; 0.3; 0.4; 0.4;14; 22.0;F;1;29;On;On;Off; 27.5; 29.2;0;3;967;3;967;3;781;1;-
2026/04/15;10:21:58;100;-; 56.56; 0.2;-; 75.8; 75.7; 12.1; 0.0; 12.1;1771; 0.3; 0.4; 0.4;14; 22.0;F;1;29;On;On;Off; 27.5; 29.2;0;3;967;3;967;3;781;1;-
2026/04/15;10:22:57;100;-; 56.56; 0.5;-; 75.9; 75.5; 28.0; 0.7; 27.3;1771; 0.3; 0.4; 0.4;15; 22.0;F;1;29;On;On;Off; 27.5; 29.2;0;3;967;3;967;3;781;1;-
2026/04/15;10:23:57;100;-; 56.56; 0.1;-; 75.8; 75.9; 6.1; 0.0; 6.1;1771; 0.3; 0.4; 0.4;15; 22.0;F;1;29;On;On;Off; 27.5; 29.1;0;3;967;3;967;3;781;1;-
2026/04/15;10:24:57;100;-; 56.56; 0.2;-; 75.8; 75.8; 12.1; 0.7; 11.4;1771; 0.3; 0.4; 0.4;14; 22.0;F;1;29;On;On;Off; 27.5; 29.1;0;3;967;3;967;3;781;1;-
2026/04/15;10:25:57;100;-; 56.56; 0.3;-; 75.9; 75.8; 15.1; 0.7; 14.4;1771; 0.3; 0.4; 0.4;14; 22.0;F;1;29;On;On;Off; 27.4; 29.1;0;3;967;3;967;3;781;1;-
2026/04/15;10:26:57;100;-; 56.58; 0.3;-; 76.0; 75.9; 17.4; 0.7; 16.7;1771; 0.3; 0.4; 0.4;15; 22.0;F;1;29;On;On;Off; 27.5; 29.1;0;3;967;3;967;3;781;1;-
2026/04/15;10:27:57;100;-; 56.56; 0.2;-; 76.0; 75.9; 10.6; 0.7; 9.9;1771; 0.3; 0.4; 0.4;15; 22.0;F;1;29;On;On;Off; 27.4; 29.1;0;3;967;3;967;3;781;1;-
2026/04/15;10:28:57;100;-; 56.56; 0.4;-; 76.0; 75.6; 25.0; 0.7; 24.2;1771; 0.3; 0.4; 0.4;14; 22.0;F;1;29;On;On;Off; 27.4; 29.1;0;3;967;3;967;3;781;1;-
2026/04/15;10:29:57;100;-; 56.56; 0.2;-; 75.9; 75.7; 10.6; 0.7; 9.9;1771; 0.3; 0.4; 0.4;15; 22.0;F;1;29;On;On;Off; 27.4; 29.1;0;3;967;3;967;3;781;1;-
2026/04/15;10:30:57;100;-; 56.58; 0.4;-; 75.9; 75.5; 22.0; 0.7; 21.2;1771; 0.3; 0.4; 0.4;15; 22.0;F;1;29;On;On;Off; 27.4; 29.1;0;3;967;3;967;3;781;1;-
2026/04/15;10:31:57;100;-; 56.56; 0.3;-; 75.9; 75.7; 15.9; 0.7; 15.2;1771; 0.3; 0.4; 0.4;15; 22.0;F;1;29;On;On;Off; 27.4; 29.1;0;3;967;3;967;3;781;1;-
2026/04/15;10:32:57;100;-; 56.58; 0.4;-; 75.8; 75.3; 25.0; 0.0; 25.0;1771; 0.3; 0.4; 0.4;15; 22.0;F;1;29;On;On;Off; 27.4; 29.0;0;3;967;3;967;3;781;1;-
2026/04/15;10:33:57;100;-; 56.56; 0.4;-; 75.6; 75.2; 22.0; 0.7; 21.2;1771; 0.3; 0.4; 0.4;14; 22.0;F;1;29;On;On;Off; 27.4; 29.1;0;3;967;3;967;3;781;1;-
2026/04/15;10:34:57;100;-; 56.56; 0.3;-; 75.7; 75.4; 17.4; 0.0; 17.4;1771; 0.3; 0.4; 0.4;14; 22.0;F;1;29;On;On;Off; 27.4; 29.0;0;3;967;3;967;3;781;1;-
2026/04/15;10:35:57;100;-; 56.56; 0.1;-; 75.6; 75.3; 6.8; 0.7; 6.1;1771; 0.3; 0.4; 0.4;14; 22.0;F;1;29;On;On;Off; 27.4; 29.0;0;3;967;3;967;3;781;1;-
2026/04/15;10:36:57;100;-; 56.56; 0.4;-; 75.5; 75.0; 21.2; 0.7; 20.5;1771; 0.3; 0.4; 0.4;14; 22.0;F;1;29;On;On;Off; 27.4; 29.0;0;3;967;3;967;3;781;1;-
2026/04/15;10:37:56;100;-; 56.56; 0.2;-; 75.5; 75.5; 9.8; 0.7; 9.1;1771; 0.3; 0.4; 0.4;14; 22.0;F;1;29;On;On;Off; 27.4; 29.0;0;3;967;3;967;3;781;1;-
2026/04/15;10:38:56;100;-; 56.56; 0.5;-; 75.4; 74.9; 28.8; 0.7; 28.0;1771; 0.3; 0.4; 0.4;14; 22.0;F;1;29;On;On;Off; 27.4; 29.0;0;3;967;3;967;3;781;1;-
2026/04/15;10:39:56;100;-; 56.56; 0.1;-; 75.4; 75.4; 6.8; 0.7; 6.1;1771; 0.3; 0.4; 0.4;14; 22.0;F;1;29;On;On;Off; 27.4; 29.0;0;3;967;3;967;3;781;1;-
2026/04/15;10:40:56;100;-; 56.56; 0.4;-; 75.3; 75.0; 24.2; 0.7; 23.5;1771; 0.3; 0.4; 0.4;14; 22.0;F;1;29;On;On;Off; 27.4; 29.0;0;3;967;3;967;3;781;1;-
2026/04/15;10:41:56;100;-; 56.58; 0.5;-; 75.3; 75.0; 27.3; 0.7; 26.6;1771; 0.3; 0.4; 0.4;14; 22.0;F;1;29;On;On;Off; 27.4; 29.0;0;3;967;3;967;3;781;1;-
2026/04/15;10:42:56;100;-; 56.56; 0.3;-; 75.5; 75.1; 17.4; 0.7; 16.7;1771; 0.3; 0.4; 0.4;14; 22.0;F;1;29;On;On;Off; 27.4; 29.0;0;3;967;3;967;3;781;1;-
2026/04/15;10:43:56;100;-; 56.54; 0.1;-; 75.3; 75.2; 8.3; 0.7; 7.6;1771; 0.2; 0.4; 0.4;13; 22.0;F;1;29;On;On;Off; 27.4; 29.0;0;3;967;3;967;3;781;1;-
2026/04/15;10:44:56;100;-; 56.54; 0.2;-; 75.2; 75.1; 9.8; 0.7; 9.1;1771; 0.3; 0.4; 0.4;14; 22.0;F;1;29;On;On;Off; 27.3; 29.0;0;3;967;3;967;3;781;1;-
2026/04/15;10:45:56;100;-; 56.56; 0.3;-; 75.3; 74.9; 16.7; 0.7; 15.9;1771; 0.3; 0.4; 0.4;14; 22.0;F;1;29;On;On;Off; 27.3; 29.0;0;3;967;3;967;3;781;1;-
2026/04/15;10:46:56;100;-; 56.56; 0.5;-; 75.2; 75.0; 25.8; 0.7; 25.0;1771; 0.2; 0.4; 0.4;13; 22.0;F;1;29;On;On;Off; 27.3; 29.0;0;3;967;3;967;3;781;1;-
2026/04/15;10:47:56;100;-; 56.56; 0.3;-; 75.2; 75.1; 18.9; 0.7; 18.2;1771; 0.3; 0.4; 0.4;14; 22.0;F;1;29;On;On;Off; 27.3; 29.0;0;3;967;3;967;3;781;1;-
2026/04/15;10:48:56;100;-; 56.54; 0.4;-; 75.3; 74.8; 25.0; 0.7; 24.2;1771; 0.3; 0.4; 0.4;14; 22.0;F;1;29;On;On;Off; 27.3; 29.0;0;3;967;3;967;3;781;1;-
2026/04/15;10:49:56;100;-; 56.54; 0.5;-; 75.2; 74.8; 25.8; 0.7; 25.0;1771; 0.2; 0.4; 0.4;13; 22.0;F;1;29;On;On;Off; 27.3; 29.0;0;3;967;3;967;3;781;1;-
2026/04/15;10:50:56;100;-; 56.54; 0.2;-; 75.1; 75.1; 13.6; 0.7; 12.9;1771; 0.2; 0.4; 0.4;13; 22.0;F;1;29;On;On;Off; 27.3; 29.0;0;3;967;3;967;3;781;1;-
2026/04/15;10:51:56;100;-; 56.56; 0.5;-; 75.1; 74.7; 27.3; 0.7; 26.6;1771; 0.2; 0.4; 0.4;13; 22.0;F;1;29;On;On;Off; 27.3; 29.0;0;3;967;3;967;3;781;1;-
2026/04/15;10:52:55;100;-; 56.56; 0.5;-; 75.0; 74.8; 26.6; 0.0; 26.6;1771; 0.2; 0.4; 0.4;13; 22.0;F;1;29;On;On;Off; 27.3; 29.0;0;3;967;3;967;3;781;1;-
2026/04/15;10:53:55;100;-; 56.54; 0.2;-; 75.0; 74.9; 13.6; 0.0; 13.6;1771; 0.3; 0.4; 0.4;14; 22.0;F;1;29;On;On;Off; 27.3; 29.0;0;3;967;3;967;3;781;1;-
2026/04/15;10:54:55;100;-; 56.54; 0.4;-; 74.9; 74.7; 20.4; 0.0; 20.4;1771; 0.3; 0.4; 0.4;14; 22.0;F;1;29;On;On;Off; 27.3; 28.9;0;3;967;3;967;3;781;1;-
2026/04/15;10:55:55;100;-; 56.54; 0.4;-; 75.0; 74.7; 24.2; 0.0; 24.2;1771; 0.3; 0.4; 0.4;14; 22.0;F;1;29;On;On;Off; 27.3; 28.9;0;3;967;3;967;3;781;1;-
2026/04/15;10:56:55;100;-; 56.54; 0.4;-; 75.0; 74.7; 20.4; 0.7; 19.7;1771; 0.3; 0.4; 0.4;14; 22.0;F;1;29;On;On;Off; 27.3; 28.9;0;3;967;3;967;3;781;1;-
2026/04/15;10:57:55;100;-; 56.54; 0.2;-; 74.9; 74.7; 13.6; 0.0; 13.6;1771; 0.3; 0.4; 0.4;15; 22.0;F;1;29;On;On;Off; 27.3; 28.9;0;3;967;3;967;3;781;1;-
2026/04/15;10:58:55;100;-; 56.54; 0.4;-; 74.8; 74.7; 23.5; 0.7; 22.8;1771; 0.3; 0.4; 0.4;14; 22.0;F;1;29;On;On;Off; 27.3; 29.0;0;3;967;3;967;3;781;1;-
2026/04/15;10:59:55;100;-; 56.54; 0.3;-; 74.9; 74.6; 18.9; 0.7; 18.2;1771; 0.3; 0.4; 0.4;14; 22.0;F;1;29;On;On;Off; 27.3; 28.9;0;3;967;3;967;3;781;1;-
2026/04/15;11:00:55;100;-; 56.56; 0.5;-; 74.8; 74.7; 28.0; 0.7; 27.3;1771; 0.3; 0.4; 0.4;14; 22.0;F;1;29;On;On;Off; 27.3; 28.9;0;3;967;3;967;3;781;1;-
2026/04/15;11:01:55;100;-; 56.54; 0.5;-; 74.8; 74.4; 25.8; 0.7; 25.0;1771; 0.3; 0.4; 0.4;14; 22.0;F;1;29;On;On;Off; 27.3; 28.9;0;3;967;3;967;3;781;1;-
2026/04/15;11:02:55;100;-; 56.54; 0.2;-; 74.8; 74.8; 12.9; 0.7; 12.1;1771; 0.3; 0.4; 0.4;14; 22.0;F;1;29;On;On;Off; 27.3; 28.9;0;3;967;3;967;3;781;1;-
2026/04/15;11:03:55;100;-; 56.54; 0.5;-; 74.8; 74.5; 26.5; 0.7; 25.8;1771; 0.3; 0.4; 0.4;14; 22.0;F;1;29;On;On;Off; 27.3; 28.9;0;3;967;3;967;3;781;1;-
2026/04/15;11:04:55;100;-; 56.54; 0.2;-; 74.7; 74.7; 11.3; 0.7; 10.6;1771; 0.3; 0.4; 0.4;14; 22.0;F;1;29;On;On;Off; 27.3; 28.9;0;3;967;3;967;3;781;1;-
2026/04/15;11:05:55;100;-; 56.54; 0.2;-; 74.7; 74.7; 13.6; 0.0; 13.6;1771; 0.3; 0.4; 0.4;14; 22.0;F;1;29;On;On;Off; 27.3; 28.9;0;3;967;3;967;3;781;1;-
2026/04/15;11:06:55;100;-; 56.54; 0.2;-; 74.9; 74.7; 13.6; 0.7; 12.9;1771; 0.3; 0.4; 0.4;14; 22.0;F;1;29;On;On;Off; 27.3; 28.9;0;3;967;3;967;3;781;1;-
2026/04/15;11:07:55;100;-; 56.56; 0.5;-; 74.8; 74.5; 25.8; 0.7; 25.0;1771; 0.3; 0.4; 0.4;14; 22.0;F;1;29;On;On;Off; 27.3; 28.9;0;3;967;3;967;3;781;1;-
2026/04/15;11:08:54;100;-; 56.54; 0.3;-; 74.8; 74.7; 17.4; 0.7; 16.6;1771; 0.3; 0.4; 0.4;15; 22.0;F;1;29;On;On;Off; 27.3; 28.9;0;3;967;3;967;3;781;1;-
2026/04/15;11:09:54;100;-; 56.56; 0.5;-; 74.7; 74.6; 28.8; 0.7; 28.0;1771; 0.3; 0.4; 0.4;15; 22.0;F;1;29;On;On;Off; 27.3; 28.9;0;3;967;3;967;3;781;1;-
2026/04/15;11:10:54;100;-; 56.54; 0.5;-; 74.8; 74.5; 25.8; 0.7; 25.0;1771; 0.3; 0.4; 0.4;15; 22.0;F;1;29;On;On;Off; 27.3; 28.9;0;3;967;3;967;3;781;1;-
2026/04/15;11:11:54;100;-; 56.56; 0.4;-; 74.8; 74.4; 23.5; 0.0; 23.5;1771; 0.3; 0.4; 0.4;14; 22.0;F;1;29;On;On;Off; 27.3; 28.9;0;3;967;3;967;3;781;1;-
2026/04/15;11:12:54;100;-; 56.54; 0.3;-; 74.9; 74.6; 19.7; 0.0; 19.7;1771; 0.3; 0.4; 0.4;13; 22.0;F;1;29;On;On;Off; 27.3; 28.9;0;3;967;3;967;3;781;1;-
2026/04/15;11:13:54;100;-; 56.56; 0.5;-; 74.9; 74.6; 26.5; 0.7; 25.8;1771; 0.3; 0.4; 0.4;14; 22.1;F;1;29;On;On;Off; 27.3; 28.9;0;3;967;3;967;3;781;1;-
2026/04/15;11:14:54;100;-; 56.56; 0.5;-; 74.8; 74.7; 25.8; 0.7; 25.0;1771; 0.3; 0.4; 0.4;15; 22.1;F;1;29;On;On;Off; 27.3; 28.9;0;3;967;3;967;4;782;1;-
2026/04/15;11:15:54;100;-; 56.54; 0.2;-; 75.0; 74.9; 9.1; 0.7; 8.3;1771; 0.3; 0.4; 0.4;15; 22.1;F;1;29;On;On;Off; 27.3; 28.9;0;3;967;3;967;4;782;1;-
2026/04/15;11:16:54;100;-; 56.54; 0.1;-; 75.1; 74.9; 3.7; 0.7; 3.0;1771; 0.3; 0.4; 0.4;14; 22.1;F;1;29;On;On;Off; 27.3; 28.9;0;3;967;3;967;4;782;1;-
2026/04/15;11:17:54;100;-; 56.56; 0.3;-; 75.0; 74.7; 18.2; 0.0; 18.2;1771; 0.3; 0.4; 0.4;14; 22.0;F;1;29;On;On;Off; 27.3; 28.9;0;3;967;3;967;4;782;1;-
2026/04/15;11:18:54;100;-; 56.54; 0.4;-; 75.2; 74.7; 20.4; 0.7; 19.7;1772; 0.3; 0.4; 0.4;14; 22.0;F;1;29;On;On;Off; 27.3; 28.9;0;3;967;3;967;4;782;1;-
2026/04/15;11:19:54;100;-; 56.54; 0.5;-; 75.0; 74.7; 27.3; 0.7; 26.6;1772; 0.3; 0.4; 0.4;14; 22.0;F;1;29;On;On;Off; 27.3; 28.9;0;3;967;3;967;4;782;1;-
2026/04/15;11:20:54;100;-; 56.54; 0.2;-; 75.0; 74.7; 13.6; 0.7; 12.9;1772; 0.3; 0.4; 0.4;14; 22.1;F;1;29;On;On;Off; 27.3; 28.9;0;3;967;3;967;4;782;1;-
2026/04/15;11:21:54;100;-; 56.54; 0.4;-; 75.0; 74.6; 22.0; 0.0; 22.0;1772; 0.3; 0.4; 0.4;14; 22.1;F;1;29;On;On;Off; 27.3; 28.9;0;3;967;3;967;4;782;1;-
2026/04/15;11:22:54;100;-; 56.54; 0.2;-; 74.9; 74.6; 12.9; 0.7; 12.1;1772; 0.3; 0.4; 0.4;14; 22.1;F;1;29;On;On;Off; 27.3; 28.9;0;3;967;3;967;4;782;1;-
2026/04/15;11:23:53;100;-; 56.54; 0.3;-; 74.9; 74.5; 15.2; 0.0; 15.2;1772; 0.3; 0.4; 0.4;14; 22.1;F;1;29;On;On;Off; 27.3; 28.9;0;3;967;3;967;4;782;1;-
2026/04/15;11:24:53;100;-; 56.56; 0.5;-; 74.8; 74.5; 26.5; 0.7; 25.8;1772; 0.3; 0.4; 0.4;14; 22.1;F;1;29;On;On;Off; 27.3; 28.9;0;3;967;3;967;4;782;1;-
2026/04/15;11:25:53;100;-; 56.54; 0.4;-; 74.8; 74.5; 25.0; 0.7; 24.2;1772; 0.2; 0.4; 0.4;13; 22.1;F;1;29;On;On;Off; 27.3; 28.9;0;3;967;3;967;4;782;1;-
2026/04/15;11:26:53;100;-; 56.54; 0.3;-; 74.8; 74.4; 15.9; 0.0; 15.9;1772; 0.3; 0.4; 0.4;14; 22.1;F;1;29;On;On;Off; 27.3; 28.9;0;3;967;3;967;4;782;1;-
2026/04/15;11:27:53;100;-; 56.54; 0.4;-; 74.8; 74.3; 23.5; 0.7; 22.8;1772; 0.3; 0.4; 0.4;14; 22.1;F;1;29;On;On;Off; 27.3; 28.9;0;3;967;3;967;4;782;1;-
2026/04/15;11:28:53;100;-; 56.56; 0.4;-; 74.8; 74.2; 22.0; 0.7; 21.2;1772; 0.3; 0.4; 0.4;14; 22.1;F;1;29;On;On;Off; 27.3; 28.9;0;3;967;3;967;4;782;1;-
2026/04/15;11:29:53;100;-; 56.54; 0.3;-; 74.7; 74.2; 19.7; 0.7; 19.0;1772; 0.3; 0.4; 0.4;15; 22.1;F;1;29;On;On;Off; 27.3; 28.9;0;3;967;3;967;4;782;1;-
2026/04/15;11:30:53;100;-; 56.54; 0.4;-; 74.7; 74.3; 21.2; 0.7; 20.4;1772; 0.3; 0.4; 0.4;14; 22.1;F;1;29;On;On;Off; 27.3; 28.9;0;3;967;3;967;4;782;1;-
2026/04/15;11:31:53;100;-; 56.54; 0.4;-; 74.8; 74.2; 20.4; 0.7; 19.7;1772; 0.3; 0.4; 0.4;14; 22.1;F;1;29;On;On;Off; 27.3; 28.9;0;3;967;3;967;4;782;1;-
2026/04/15;11:32:53;100;-; 56.54; 0.4;-; 74.8; 74.3; 23.5; 0.0; 23.5;1772; 0.3; 0.4; 0.4;14; 22.1;F;1;29;On;On;Off; 27.3; 28.9;0;3;967;3;967;4;782;1;-
2026/04/15;11:33:53;100;-; 56.54; 0.5;-; 74.7; 74.4; 26.5; 0.7; 25.8;1772; 0.3; 0.4; 0.4;14; 22.1;F;1;29;On;On;Off; 27.3; 28.9;0;3;967;3;967;4;782;1;-
2026/04/15;11:34:53;100;-; 56.54; 0.3;-; 74.8; 74.4; 19.7; 0.7; 19.0;1772; 0.3; 0.4; 0.4;14; 22.1;F;1;29;On;On;Off; 27.3; 28.9;0;3;967;3;967;4;782;1;-
2026/04/15;11:35:53;100;-; 56.54; 0.1;-; 74.7; 74.6; 8.3; 0.7; 7.6;1772; 0.3; 0.4; 0.4;14; 22.1;F;1;29;On;On;Off; 27.3; 28.9;0;3;967;3;967;4;782;1;-
2026/04/15;11:36:53;100;-; 56.54; 0.4;-; 74.7; 74.3; 25.0; 0.7; 24.2;1772; 0.3; 0.4; 0.4;14; 22.1;F;1;29;On;On;Off; 27.3; 28.9;0;4;968;4;968;4;782;1;-
2026/04/15;11:37:53;100;-; 56.54; 0.3;-; 74.7; 74.6; 17.4; 0.0; 17.4;1772; 0.3; 0.4; 0.4;14; 22.1;F;1;29;On;On;Off; 27.3; 28.9;0;4;968;4;968;4;782;1;-
2026/04/15;11:38:52;100;-; 56.54; 0.4;-; 74.8; 74.6; 22.0; 0.0; 22.0;1772; 0.3; 0.4; 0.4;14; 22.1;F;1;29;On;On;Off; 27.3; 28.9;0;4;968;4;968;4;782;1;-
2026/04/15;11:39:52;100;-; 56.54; 0.5;-; 74.8; 74.4; 29.6; 0.7; 28.8;1772; 0.3; 0.4; 0.4;15; 22.1;F;1;29;On;On;Off; 27.3; 28.9;0;4;968;4;968;4;782;1;-
2026/04/15;11:40:52;100;-; 56.56; 0.4;-; 74.8; 74.4; 22.0; 0.7; 21.2;1772; 0.3; 0.4; 0.4;15; 22.1;F;1;29;On;On;Off; 27.2; 28.9;0;4;968;4;968;4;782;1;-
2026/04/15;11:41:52;100;-; 56.54; 0.3;-; 74.9; 74.7; 15.9; 0.7; 15.2;1772; 0.3; 0.4; 0.4;15; 22.1;F;1;29;On;On;Off; 27.2; 28.9;0;4;968;4;968;4;782;1;-
2026/04/15;11:42:52;100;-; 56.54; 0.4;-; 74.9; 74.4; 22.7; 0.7; 22.0;1772; 0.3; 0.4; 0.4;15; 22.1;F;1;29;On;On;Off; 27.2; 28.9;0;4;968;4;968;4;782;1;-
2026/04/15;11:43:52;100;-; 56.56; 0.5;-; 74.9; 74.4; 25.8; 0.7; 25.0;1772; 0.3; 0.4; 0.4;14; 22.1;F;1;29;On;On;Off; 27.3; 28.9;0;4;968;4;968;4;782;1;-
2026/04/15;11:44:52;100;-; 56.56; 0.4;-; 74.9; 74.4; 22.7; 0.7; 22.0;1772; 0.3; 0.4; 0.4;15; 22.1;F;1;29;On;On;Off; 27.3; 28.9;0;4;968;4;968;4;782;1;-
2026/04/15;11:45:52;100;-; 56.54; 0.5;-; 74.8; 74.2; 29.6; 0.7; 28.8;1772; 0.3; 0.4; 0.4;15; 22.1;F;1;29;On;On;Off; 27.2; 28.9;0;4;968;4;968;4;782;1;-
2026/04/15;11:46:52;100;-; 56.54; 0.2;-; 74.7; 74.4; 12.1; 0.7; 11.4;1772; 0.3; 0.4; 0.4;15; 22.1;F;1;29;On;On;Off; 27.2; 28.9;0;4;968;4;968;4;782;1;-
2026/04/15;11:47:52;100;-; 56.54; 0.3;-; 74.8; 74.5; 14.4; 0.0; 14.4;1772; 0.3; 0.4; 0.4;15; 22.1;F;1;29;On;On;Off; 27.2; 28.9;0;4;968;4;968;4;782;1;-
2026/04/15;11:48:52;100;-; 56.52; 0.2;-; 74.8; 74.6; 12.9; 0.7; 12.1;1772; 0.3; 0.4; 0.4;15; 22.1;F;1;29;On;On;Off; 27.2; 28.9;0;4;968;4;968;4;782;1;-
2026/04/15;11:49:52;100;-; 56.54; 0.2;-; 74.7; 74.7; 11.3; 0.7; 10.6;1772; 0.3; 0.4; 0.4;14; 22.1;F;1;29;On;On;Off; 27.2; 28.9;0;4;968;4;968;4;782;1;-
2026/04/15;11:50:52;100;-; 56.54; 0.4;-; 74.8; 74.4; 24.2; 0.7; 23.5;1772; 0.3; 0.4; 0.4;15; 22.1;F;1;29;On;On;Off; 27.2; 28.9;0;4;968;4;968;4;782;1;-
2026/04/15;11:51:52;100;-; 56.54; 0.2;-; 74.7; 74.7; 10.6; 0.7; 9.9;1772; 0.3; 0.4; 0.4;14; 22.1;F;1;29;On;On;Off; 27.2; 28.9;0;4;968;4;968;4;782;1;-
2026/04/15;11:52:52;100;-; 56.54; 0.4;-; 74.7; 74.4; 22.8; 0.0; 22.8;1772; 0.3; 0.4; 0.4;14; 22.1;F;1;29;On;On;Off; 27.2; 28.8;0;4;968;4;968;4;782;1;-
2026/04/15;11:53:51;100;-; 56.54; 0.2;-; 74.8; 74.6; 12.9; 0.0; 12.9;1772; 0.3; 0.4; 0.4;15; 22.1;F;1;29;On;On;Off; 27.2; 28.9;0;4;968;4;968;4;782;1;-
2026/04/15;11:54:51;100;-; 56.54; 0.4;-; 74.9; 74.5; 23.5; 0.7; 22.8;1772; 0.3; 0.4; 0.4;15; 22.0;F;1;29;On;On;Off; 27.2; 28.9;0;4;968;4;968;4;782;1;-
2026/04/15;11:55:51;100;-; 56.54; 0.5;-; 74.9; 74.6; 25.8; 0.7; 25.0;1772; 0.3; 0.4; 0.4;15; 22.1;F;1;29;On;On;Off; 27.2; 28.9;0;4;968;4;968;4;782;1;-
2026/04/15;11:56:51;100;-; 56.52; 0.4;-; 75.1; 74.5; 21.2; 0.0; 21.2;1772; 0.3; 0.4; 0.4;16; 22.0;F;1;29;On;On;Off; 27.2; 28.9;0;4;968;4;968;4;782;1;-
2026/04/15;11:57:51;100;-; 56.56; 0.4;-; 75.2; 74.7; 22.7; 0.7; 22.0;1772; 0.3; 0.4; 0.4;15; 22.1;F;1;29;On;On;Off; 27.2; 28.9;0;4;968;4;968;4;782;1;-
2026/04/15;11:58:51;100;-; 56.54; 0.3;-; 75.2; 74.8; 16.7; 0.0; 16.7;1772; 0.3; 0.4; 0.4;15; 22.1;F;1;29;On;On;Off; 27.2; 28.9;0;4;968;4;968;4;782;1;-
2026/04/15;11:59:51;100;-; 56.56; 0.4;-; 75.3; 74.7; 23.5; 0.7; 22.8;1772; 0.3; 0.4; 0.4;15; 22.1;F;1;29;On;On;Off; 27.2; 28.9;0;4;968;4;968;4;782;1;-
2026/04/15;12:00:51;100;-; 56.54; 0.2;-; 75.2; 75.1; 12.9; 0.7; 12.1;1772; 0.3; 0.4; 0.4;15; 22.1;F;1;29;On;On;Off; 27.2; 28.9;0;4;968;4;968;4;782;1;-
2026/04/15;12:01:51;100;-; 56.54; 0.4;-; 75.2; 74.7; 22.7; 0.7; 22.0;1772; 0.3; 0.4; 0.4;14; 22.0;F;1;29;On;On;Off; 27.2; 28.9;0;4;968;4;968;4;782;1;-
2026/04/15;12:02:51;100;-; 56.54; 0.5;-; 75.3; 74.7; 30.3; 0.7; 29.6;1772; 0.3; 0.4; 0.4;14; 22.1;F;1;29;On;On;Off; 27.2; 28.9;0;4;968;4;968;4;782;1;-
2026/04/15;12:03:51;100;-; 56.56; 0.5;-; 75.3; 74.7; 26.5; 0.7; 25.8;1772; 0.3; 0.4; 0.4;15; 22.1;F;1;29;On;On;Off; 27.2; 28.9;0;4;968;4;968;4;782;1;-
2026/04/15;12:04:51;100;-; 56.54; 0.3;-; 75.2; 74.8; 15.9; 0.7; 15.2;1772; 0.3; 0.4; 0.4;15; 22.0;F;1;29;On;On;Off; 27.2; 28.8;0;4;968;4;968;4;782;1;-
2026/04/15;12:05:51;100;-; 56.54; 0.4;-; 75.2; 74.8; 20.4; 0.7; 19.7;1772; 0.3; 0.4; 0.4;15; 22.0;F;1;29;On;On;Off; 27.2; 28.8;0;4;968;4;968;4;782;1;-
2026/04/15;12:06:51;100;-; 56.56; 0.5;-; 75.3; 74.7; 28.0; 0.7; 27.3;1772; 0.3; 0.4; 0.4;15; 22.0;F;1;29;On;On;Off; 27.2; 28.9;0;4;968;4;968;4;782;1;-
2026/04/15;12:07:51;100;-; 56.54; 0.1;-; 75.3; 75.0; 6.8; 0.7; 6.1;1772; 0.3; 0.4; 0.4;15; 22.0;F;1;29;On;On;Off; 27.2; 28.9;0;4;968;4;968;4;782;1;-
2026/04/15;12:08:51;100;-; 56.54; 0.5;-; 75.3; 74.8; 27.3; 0.7; 26.6;1772; 0.3; 0.4; 0.4;14; 22.0;F;1;29;On;On;Off; 27.2; 28.9;0;4;968;4;968;4;782;1;-
2026/04/15;12:09:50;100;-; 56.54; 0.3;-; 75.2; 74.7; 18.9; 0.7; 18.2;1772; 0.3; 0.4; 0.4;14; 22.1;F;1;29;On;On;Off; 27.2; 28.9;0;4;968;4;968;4;782;1;-
2026/04/15;12:10:50;100;-; 56.54; 0.3;-; 75.1; 74.8; 15.9; 0.7; 15.2;1772; 0.3; 0.4; 0.4;14; 22.1;F;1;29;On;On;Off; 27.2; 28.9;0;4;968;4;968;4;782;1;-
2026/04/15;12:11:50;100;-; 56.56; 0.4;-; 75.1; 74.6; 25.0; 0.0; 25.0;1772; 0.3; 0.4; 0.4;14; 22.0;F;1;29;On;On;Off; 27.2; 28.9;0;4;968;4;968;4;782;1;-
2026/04/15;12:12:50;100;-; 56.54; 0.4;-; 75.1; 74.7; 22.0; 0.0; 22.0;1772; 0.3; 0.4; 0.4;13; 22.0;F;1;29;On;On;Off; 27.2; 28.9;0;4;968;4;968;4;782;1;-
2026/04/15;12:13:50;100;-; 56.54; 0.4;-; 75.1; 74.7; 22.7; 0.7; 22.0;1772; 0.3; 0.4; 0.4;14; 22.1;F;1;29;On;On;Off; 27.2; 28.9;0;4;968;4;968;4;782;1;-
2026/04/15;12:14:50;100;-; 56.54; 0.1;-; 75.1; 74.9; 5.3; 0.0; 5.3;1772; 0.3; 0.4; 0.4;14; 22.0;F;1;29;On;On;Off; 27.2; 28.9;0;4;968;4;968;4;782;1;-
2026/04/15;12:15:50;100;-; 56.54; 0.4;-; 75.1; 74.6; 22.0; 0.0; 22.0;1772; 0.3; 0.4; 0.4;15; 22.0;F;1;29;On;On;Off; 27.2; 28.9;0;4;968;4;968;4;782;1;-
2026/04/15;12:16:50;100;-; 56.56; 0.5;-; 75.1; 74.6; 27.3; 0.7; 26.6;1772; 0.3; 0.4; 0.4;14; 22.0;F;1;29;On;On;Off; 27.2; 28.9;0;4;968;4;968;4;782;1;-
2026/04/15;12:17:50;100;-; 56.54; 0.2;-; 75.0; 74.7; 10.6; 0.7; 9.9;1772; 0.3; 0.4; 0.4;14; 22.0;F;1;29;On;On;Off; 27.2; 28.8;0;4;968;4;968;4;782;1;-
2026/04/15;12:18:50;100;-; 56.54; 0.1;-; 74.9; 74.7; 6.0; 0.7; 5.3;1773; 0.3; 0.4; 0.4;14; 22.0;F;1;29;On;On;Off; 27.2; 28.9;0;4;968;4;968;4;782;1;-
2026/04/15;12:19:50;100;-; 56.54; 0.5;-; 75.0; 74.5; 27.3; 0.7; 26.6;1773; 0.3; 0.4; 0.4;14; 22.0;F;1;29;On;On;Off; 27.2; 28.9;0;4;968;4;968;4;782;1;-
2026/04/15;12:20:50;100;-; 56.54; 0.4;-; 74.8; 74.4; 22.0; 0.7; 21.2;1773; 0.3; 0.4; 0.4;14; 22.0;F;1;29;On;On;Off; 27.2; 28.8;0;4;968;4;968;4;782;1;-
2026/04/15;12:21:50;100;-; 56.54; 0.4;-; 74.8; 74.2; 21.2; 0.7; 20.4;1773; 0.3; 0.4; 0.4;14; 22.0;F;1;29;On;On;Off; 27.2; 28.8;0;4;968;4;968;4;782;1;-
2026/04/15;12:22:50;100;-; 56.54; 0.4;-; 74.8; 74.3; 22.7; 0.7; 22.0;1773; 0.3; 0.4; 0.4;14; 22.0;F;1;29;On;On;Off; 27.2; 28.8;0;4;968;4;968;4;782;1;-
2026/04/15;12:23:50;100;-; 56.54; 0.3;-; 74.7; 74.5; 19.7; 0.7; 19.0;1773; 0.3; 0.4; 0.4;15; 22.0;F;1;29;On;On;Off; 27.2; 28.8;0;4;968;4;968;4;782;1;-
2026/04/15;12:24:49;100;-; 56.54; 0.1;-; 74.9; 74.6; 7.5; 0.7; 6.8;1773; 0.3; 0.4; 0.4;15; 22.0;F;1;29;On;On;Off; 27.2; 28.8;0;4;968;4;968;4;782;1;-
2026/04/15;12:25:49;100;-; 56.54; 0.2;-; 74.8; 74.5; 9.1; 0.7; 8.3;1773; 0.3; 0.4; 0.4;15; 22.0;F;1;29;On;On;Off; 27.2; 28.9;0;4;968;4;968;4;782;1;-
2026/04/15;12:26:49;100;-; 56.54; 0.3;-; 74.8; 74.5; 18.9; 0.7; 18.2;1773; 0.3; 0.4; 0.4;15; 22.0;F;1;29;On;On;Off; 27.2; 28.8;0;4;968;4;968;4;782;1;-
2026/04/15;12:27:49;100;-; 56.54; 0.1;-; 74.7; 74.6; 8.3; 0.0; 8.3;1773; 0.3; 0.4; 0.4;15; 22.0;F;1;29;On;On;Off; 27.2; 28.8;0;4;968;4;968;4;782;1;-
2026/04/15;12:28:49;100;-; 56.54; 0.2;-; 74.8; 74.6; 11.3; 0.7; 10.6;1773; 0.3; 0.4; 0.4;15; 22.0;F;1;29;On;On;Off; 27.2; 28.8;0;4;968;4;968;4;782;1;-
2026/04/15;12:29:49;100;-; 56.54; 0.2;-; 74.8; 74.5; 12.9; 0.7; 12.1;1773; 0.3; 0.4; 0.4;14; 22.0;F;1;29;On;On;Off; 27.2; 28.8;0;4;968;4;968;4;782;1;-
2026/04/15;12:30:49;100;-; 56.54; 0.4;-; 74.7; 74.2; 22.7; 0.7; 22.0;1773; 0.3; 0.4; 0.4;14; 22.0;F;1;29;On;On;Off; 27.2; 28.8;0;4;968;4;968;4;782;1;-
2026/04/15;12:31:49;100;-; 56.54; 0.3;-; 74.9; 74.2; 18.9; 0.7; 18.2;1773; 0.3; 0.4; 0.4;14; 22.0;F;1;29;On;On;Off; 27.2; 28.8;0;4;968;4;968;4;782;1;-
2026/04/15;12:32:49;100;-; 56.52; 0.3;-; 74.7; 74.4; 18.2; 0.7; 17.4;1773; 0.3; 0.4; 0.4;14; 22.0;F;1;29;On;On;Off; 27.2; 28.8;0;4;968;4;968;4;782;1;-
2026/04/15;12:33:49;100;-; 56.54; 0.2;-; 74.8; 74.4; 10.6; 0.7; 9.9;1773; 0.3; 0.4; 0.4;14; 22.0;F;1;29;On;On;Off; 27.2; 28.8;0;4;968;4;968;4;782;1;-
2026/04/15;12:34:49;100;-; 56.54; 0.3;-; 74.8; 74.2; 19.7; 0.7; 19.0;1773; 0.3; 0.4; 0.4;14; 22.0;F;1;29;On;On;Off; 27.2; 28.8;0;4;968;4;968;4;782;1;-
2026/04/15;12:35:49;100;-; 56.54; 0.2;-; 74.8; 74.5; 12.9; 0.7; 12.1;1773; 0.3; 0.4; 0.4;14; 22.0;F;1;29;On;On;Off; 27.2; 28.8;0;4;968;4;968;4;782;1;-
2026/04/15;12:36:49;100;-; 56.54; 0.4;-; 74.8; 74.1; 21.2; 0.7; 20.4;1773; 0.3; 0.4; 0.4;14; 22.0;F;1;29;On;On;Off; 27.2; 28.8;0;4;968;4;968;4;782;1;-
2026/04/15;12:37:49;100;-; 56.56; 0.5;-; 74.7; 74.2; 27.3; 0.7; 26.6;1773; 0.3; 0.4; 0.4;14; 22.0;F;1;29;On;On;Off; 27.2; 28.8;0;4;968;4;968;4;782;1;-
2026/04/15;12:38:49;100;-; 56.56; 0.5;-; 74.8; 74.3; 27.3; 0.7; 26.6;1773; 0.3; 0.4; 0.4;14; 22.0;F;1;29;On;On;Off; 27.2; 28.8;0;4;968;4;968;4;782;1;-
2026/04/15;12:39:48;100;-; 56.54; 0.3;-; 74.9; 74.5; 19.7; 0.7; 19.0;1773; 0.3; 0.4; 0.4;14; 22.0;F;1;29;On;On;Off; 27.2; 28.8;0;4;968;4;968;4;782;1;-
2026/04/15;12:40:48;100;-; 56.54; 0.1;-; 74.9; 74.7; 7.6; 0.0; 7.6;1773; 0.3; 0.4; 0.4;13; 22.0;F;1;29;On;On;Off; 27.2; 28.8;0;4;968;4;968;4;782;1;-
2026/04/15;12:41:48;100;-; 56.54; 0.3;-; 74.8; 74.6; 19.7; 0.7; 19.0;1773; 0.3; 0.4; 0.4;14; 22.0;F;1;29;On;On;Off; 27.2; 28.8;0;4;968;4;968;4;782;1;-
2026/04/15;12:42:48;100;-; 56.54; 0.3;-; 74.8; 74.3; 14.4; 0.7; 13.6;1773; 0.2; 0.4; 0.4;13; 22.0;F;1;29;On;On;Off; 27.2; 28.8;0;4;968;4;968;4;782;1;-
2026/04/15;12:43:48;100;-; 56.54; 0.3;-; 74.8; 74.4; 18.2; 0.7; 17.4;1773; 0.3; 0.4; 0.4;14; 22.0;F;1;29;On;On;Off; 27.2; 28.8;0;4;968;4;968;4;782;1;-
2026/04/15;12:44:48;100;-; 56.54; 0.4;-; 74.9; 74.1; 23.5; 0.0; 23.5;1773; 0.2; 0.4; 0.4;13; 22.0;F;1;29;On;On;Off; 27.2; 28.8;0;4;968;4;968;4;782;1;-
2026/04/15;12:45:48;100;-; 56.54; 0.2;-; 74.7; 74.6; 13.6; 0.7; 12.9;1773; 0.3; 0.4; 0.4;15; 22.0;F;1;29;On;On;Off; 27.2; 28.8;0;4;968;4;968;4;782;1;-
2026/04/15;12:46:48;100;-; 56.54; 0.3;-; 74.9; 74.4; 17.4; 0.7; 16.6;1773; 0.3; 0.4; 0.4;14; 22.0;F;1;29;On;On;Off; 27.2; 28.8;0;4;968;4;968;4;782;1;-
2026/04/15;12:47:48;100;-; 56.54; 0.5;-; 74.8; 74.2; 31.1; 0.7; 30.4;1773; 0.3; 0.4; 0.4;14; 22.0;F;1;29;On;On;Off; 27.2; 28.8;0;4;968;4;968;4;782;1;-
2026/04/15;12:48:48;100;-; 56.56; 0.4;-; 74.7; 74.2; 20.4; 0.7; 19.7;1773; 0.3; 0.4; 0.4;14; 22.0;F;1;29;On;On;Off; 27.2; 28.8;0;4;968;4;968;4;782;1;-
2026/04/15;12:49:48;100;-; 56.54; 0.3;-; 74.9; 74.5; 15.9; 0.7; 15.2;1773; 0.3; 0.4; 0.4;14; 22.0;F;1;29;On;On;Off; 27.2; 28.8;0;4;968;4;968;4;782;1;-
2026/04/15;12:50:48;100;-; 56.54; 0.4;-; 74.9; 74.4; 20.4; 0.7; 19.7;1773; 0.3; 0.4; 0.4;14; 22.0;F;1;29;On;On;Off; 27.2; 28.8;0;4;968;4;968;4;782;1;-
2026/04/15;12:51:48;100;-; 56.54; 0.4;-; 74.8; 74.4; 21.2; 0.7; 20.4;1773; 0.3; 0.4; 0.4;14; 22.0;F;1;29;On;On;Off; 27.2; 28.8;0;4;968;4;968;4;782;1;-
2026/04/15;12:52:48;100;-; 56.54; 0.3;-; 74.9; 74.3; 19.7; 0.7; 19.0;1773; 0.3; 0.4; 0.4;14; 22.0;F;1;29;On;On;Off; 27.2; 28.8;0;4;968;4;968;4;782;1;-
2026/04/15;12:53:48;100;-; 56.54; 0.3;-; 74.8; 74.3; 18.9; 0.7; 18.2;1773; 0.3; 0.4; 0.4;13; 22.0;F;1;29;On;On;Off; 27.2; 28.8;0;4;968;4;968;4;782;1;-
2026/04/15;12:54:48;100;-; 56.56; 0.3;-; 74.8; 74.2; 17.5; 0.0; 17.5;1773; 0.3; 0.4; 0.4;14; 22.0;F;1;29;On;On;Off; 27.2; 28.8;0;4;968;4;968;4;782;1;-
2026/04/15;12:55:47;100;-; 56.56; 0.2;-; 74.9; 74.5; 12.9; 0.7; 12.1;1773; 0.3; 0.4; 0.4;14; 22.0;F;1;29;On;On;Off; 27.2; 28.8;0;4;968;4;968;4;782;1;-
2026/04/15;12:56:47;100;-; 56.56; 0.5;-; 74.9; 74.3; 27.3; 0.7; 26.6;1773; 0.3; 0.4; 0.4;13; 22.0;F;1;29;On;On;Off; 27.2; 28.8;0;4;968;4;968;4;782;1;-
2026/04/15;12:57:47;100;-; 56.54; 0.3;-; 74.7; 74.5; 15.9; 0.7; 15.2;1773; 0.2; 0.4; 0.4;13; 22.0;F;1;29;On;On;Off; 27.2; 28.8;0;4;968;4;968;4;782;1;-
2026/04/15;12:58:47;100;-; 56.54; 0.2;-; 74.8; 74.5; 9.9; 0.0; 9.9;1773; 0.3; 0.4; 0.4;14; 22.0;F;1;29;On;On;Off; 27.2; 28.8;0;4;968;4;968;4;782;1;-
2026/04/15;12:59:47;100;-; 56.54; 0.5;-; 74.7; 74.1; 26.5; 0.7; 25.8;1773; 0.3; 0.4; 0.4;14; 22.0;F;1;29;On;On;Off; 27.2; 28.8;0;4;968;4;968;4;782;1;-
2026/04/15;13:00:47;100;-; 56.56; 0.2;-; 74.6; 74.4; 11.3; 0.7; 10.6;1773; 0.3; 0.4; 0.4;14; 22.0;F;1;29;On;On;Off; 27.2; 28.8;0;4;968;4;968;4;782;1;-
2026/04/15;13:01:47;100;-; 56.54; 0.4;-; 74.6; 74.3; 22.0; 0.7; 21.2;1773; 0.2; 0.4; 0.4;13; 22.0;F;1;29;On;On;Off; 27.2; 28.8;0;4;968;4;968;4;782;1;-
2026/04/15;13:02:47;100;-; 56.54; 0.2;-; 74.6; 74.4; 10.6; 0.0; 10.6;1773; 0.2; 0.4; 0.4;13; 22.0;F;1;29;On;On;Off; 27.2; 28.8;0;4;968;4;968;4;782;1;-
2026/04/15;13:03:47;100;-; 56.54; 0.4;-; 74.7; 74.5; 25.0; 0.7; 24.2;1773; 0.2; 0.4; 0.4;13; 22.0;F;1;29;On;On;Off; 27.2; 28.8;0;4;968;4;968;4;782;1;-
2026/04/15;13:04:47;100;-; 56.56; 0.3;-; 74.8; 74.4; 18.2; 0.7; 17.4;1773; 0.2; 0.4; 0.4;13; 22.0;F;1;29;On;On;Off; 27.2; 28.8;0;4;968;4;968;4;782;1;-
2026/04/15;13:05:47;100;-; 56.54; 0.4;-; 74.8; 74.2; 25.0; 0.7; 24.2;1773; 0.2; 0.4; 0.4;13; 22.0;F;1;29;On;On;Off; 27.2; 28.8;0;4;968;4;968;4;782;1;-
2026/04/15;13:06:47;100;-; 56.56; 0.3;-; 74.7; 74.5; 17.5; 0.0; 17.5;1773; 0.3; 0.4; 0.4;13; 22.0;F;1;29;On;On;Off; 27.2; 28.8;0;4;968;4;968;4;782;1;-
2026/04/15;13:07:47;100;-; 56.56; 0.2;-; 74.7; 74.5; 9.9; 0.0; 9.9;1773; 0.2; 0.4; 0.4;13; 22.0;F;1;29;On;On;Off; 27.2; 28.8;0;4;968;4;968;4;782;1;-
2026/04/15;13:08:47;100;-; 56.54; 0.2;-; 74.7; 74.2; 10.6; 0.7; 9.9;1773; 0.2; 0.4; 0.4;13; 22.0;F;1;29;On;On;Off; 27.2; 28.8;0;4;968;4;968;4;782;1;-
2026/04/15;13:09:47;100;-; 56.56; 0.3;-; 74.7; 74.2; 19.7; 0.7; 19.0;1773; 0.3; 0.4; 0.4;13; 22.0;F;1;29;On;On;Off; 27.2; 28.8;0;4;968;4;968;4;782;1;-
2026/04/15;13:10:46;100;-; 56.58; 0.5;-; 74.7; 74.1; 25.8; 0.7; 25.0;1773; 0.3; 0.4; 0.4;14; 22.0;F;1;29;On;On;Off; 27.2; 28.8;0;4;968;4;968;4;782;1;-
2026/04/15;13:11:46;100;-; 56.56; 0.2;-; 74.7; 74.4; 9.8; 0.7; 9.1;1773; 0.2; 0.4; 0.4;13; 22.0;F;1;29;On;On;Off; 27.2; 28.8;0;4;968;4;968;4;782;1;-
2026/04/15;13:12:46;100;-; 56.56; 0.3;-; 74.6; 74.1; 19.7; 0.7; 19.0;1773; 0.2; 0.4; 0.4;13; 22.0;F;1;29;On;On;Off; 27.2; 28.8;0;4;968;4;968;4;782;1;-
2026/04/15;13:13:46;100;-; 56.58; 0.5;-; 74.6; 73.9; 26.5; 0.7; 25.8;1773; 0.2; 0.4; 0.4;13; 22.0;F;1;29;On;On;Off; 27.2; 28.8;0;4;968;4;968;4;782;1;-
2026/04/15;13:14:46;100;-; 56.58; 0.5;-; 74.5; 73.8; 28.0; 0.0; 28.0;1773; 0.3; 0.4; 0.4;13; 22.0;F;1;29;On;On;Off; 27.2; 28.8;0;4;968;4;968;4;782;1;-
2026/04/15;13:15:46;100;-; 56.56; 0.2;-; 74.6; 74.2; 12.9; 0.7; 12.1;1773; 0.2; 0.4; 0.4;13; 22.0;F;1;29;On;On;Off; 27.2; 28.8;0;4;968;4;968;4;782;1;-
2026/04/15;13:16:46;100;-; 56.56; 0.3;-; 74.4; 74.0; 17.4; 0.7; 16.7;1773; 0.3; 0.4; 0.4;14; 22.0;F;1;29;On;On;Off; 27.1; 28.8;0;4;968;4;968;4;782;1;-
2026/04/15;13:17:46;100;-; 56.56; 0.3;-; 74.5; 74.1; 18.2; 0.7; 17.4;1773; 0.2; 0.4; 0.4;13; 22.0;F;1;29;On;On;Off; 27.2; 28.8;0;4;968;4;968;4;782;1;-
2026/04/15;13:18:46;100;-; 56.56; 0.3;-; 74.4; 74.0; 16.7; 0.0; 16.7;1774; 0.3; 0.4; 0.4;14; 22.0;F;1;29;On;On;Off; 27.1; 28.8;0;4;968;4;968;4;782;1;-
2026/04/15;13:19:46;100;-; 56.56; 0.2;-; 74.4; 74.0; 9.1; 0.7; 8.3;1774; 0.3; 0.4; 0.4;14; 22.0;F;1;29;On;On;Off; 27.1; 28.8;0;4;968;4;968;4;782;1;-
2026/04/15;13:20:46;100;-; 56.58; 0.4;-; 74.3; 73.8; 25.0; 0.7; 24.2;1774; 0.2; 0.4; 0.4;13; 22.0;F;1;29;On;On;Off; 27.1; 28.8;0;4;968;4;968;4;782;1;-
2026/04/15;13:21:46;100;-; 56.56; 0.3;-; 74.3; 73.9; 16.7; 0.7; 15.9;1774; 0.2; 0.4; 0.4;13; 22.0;F;1;29;On;On;Off; 27.2; 28.8;0;4;968;4;968;4;782;1;-
2026/04/15;13:22:46;100;-; 56.56; 0.3;-; 74.4; 73.9; 18.9; 0.7; 18.2;1774; 0.2; 0.4; 0.4;13; 22.0;F;1;29;On;On;Off; 27.1; 28.8;0;4;968;4;968;4;782;1;-
2026/04/15;13:23:46;100;-; 56.54; 0.2;-; 74.4; 74.1; 12.9; 0.0; 12.9;1774; 0.3; 0.4; 0.4;14; 22.0;F;1;29;On;On;Off; 27.1; 28.8;0;4;968;4;968;4;782;1;-
2026/04/15;13:24:46;100;-; 56.56; 0.5;-; 74.4; 73.6; 28.8; 0.7; 28.0;1774; 0.3; 0.4; 0.4;14; 22.0;F;1;29;On;On;Off; 27.1; 28.8;0;4;968;4;968;4;782;1;-
2026/04/15;13:25:45;100;-; 56.56; 0.3;-; 74.5; 73.9; 18.9; 0.7; 18.2;1774; 0.3; 0.4; 0.4;14; 21.9;F;1;29;On;On;Off; 27.1; 28.8;0;4;968;4;968;4;782;1;-
2026/04/15;13:26:45;100;-; 56.54; 0.3;-; 74.2; 73.9; 15.9; 0.7; 15.2;1774; 0.3; 0.4; 0.4;14; 21.9;F;1;29;On;On;Off; 27.1; 28.7;0;4;968;4;968;4;782;1;-
2026/04/15;13:27:45;100;-; 56.56; 0.3;-; 74.3; 73.8; 19.7; 0.0; 19.7;1774; 0.2; 0.4; 0.4;13; 21.9;F;1;29;On;On;Off; 27.1; 28.8;0;4;968;4;968;4;782;1;-
2026/04/15;13:28:45;100;-; 56.56; 0.4;-; 74.4; 73.8; 24.2; 0.7; 23.5;1774; 0.3; 0.4; 0.4;14; 21.9;F;1;29;On;On;Off; 27.1; 28.7;0;4;968;4;968;4;782;1;-
2026/04/15;13:29:45;100;-; 56.56; 0.3;-; 74.3; 73.8; 18.9; 0.7; 18.2;1774; 0.2; 0.4; 0.4;13; 21.9;F;1;29;On;On;Off; 27.1; 28.7;0;4;968;4;968;4;782;1;-
2026/04/15;13:30:45;100;-; 56.56; 0.5;-; 74.4; 73.9; 28.0; 0.7; 27.3;1774; 0.3; 0.4; 0.4;13; 21.9;F;1;29;On;On;Off; 27.1; 28.8;0;4;968;4;968;4;782;1;-
2026/04/15;13:31:45;100;-; 56.56; 0.3;-; 74.5; 74.2; 15.9; 0.7; 15.2;1774; 0.2; 0.4; 0.4;13; 21.9;F;1;29;On;On;Off; 27.1; 28.8;0;4;968;4;968;4;782;1;-
2026/04/15;13:32:45;100;-; 56.58; 0.5;-; 74.5; 74.3; 28.0; 0.7; 27.3;1774; 0.2; 0.4; 0.4;13; 21.9;F;1;29;On;On;Off; 27.1; 28.8;0;4;968;4;968;4;782;1;-
2026/04/15;13:33:45;100;-; 56.56; 0.3;-; 74.5; 74.4; 18.9; 0.7; 18.2;1774; 0.2; 0.4; 0.4;13; 21.9;F;1;29;On;On;Off; 27.1; 28.7;0;4;968;4;968;4;782;1;-
2026/04/15;13:34:45;100;-; 56.54; 0.2;-; 74.4; 74.5; 9.8; 0.7; 9.1;1774; 0.2; 0.4; 0.4;13; 21.9;F;1;29;On;On;Off; 27.1; 28.7;0;4;968;4;968;4;782;1;-
2026/04/15;13:35:45;100;-; 56.56; 0.3;-; 74.5; 74.1; 18.2; 0.7; 17.5;1774; 0.2; 0.4; 0.4;13; 21.9;F;1;29;On;On;Off; 27.1; 28.7;0;4;968;4;968;4;782;1;-
2026/04/15;13:36:45;100;-; 56.56; 0.5;-; 74.5; 74.2; 28.0; 0.7; 27.3;1774; 0.2; 0.4; 0.4;13; 21.9;F;1;29;On;On;Off; 27.1; 28.7;0;4;968;4;968;4;782;1;-
2026/04/15;13:37:45;100;-; 56.56; 0.3;-; 74.3; 74.4; 14.4; 0.7; 13.6;1774; 0.2; 0.4; 0.4;13; 21.9;F;1;29;On;On;Off; 27.1; 28.7;0;4;968;4;968;4;782;1;-
2026/04/15;13:38:45;100;-; 56.54; 0.1;-; 74.6; 74.5; 6.1; 0.0; 6.1;1774; 0.2; 0.4; 0.4;13; 21.9;F;1;29;On;On;Off; 27.1; 28.7;0;4;968;4;968;4;782;1;-
2026/04/15;13:39:45;100;-; 56.56; 0.4;-; 74.5; 74.5; 23.5; 0.7; 22.8;1774; 0.2; 0.4; 0.4;13; 21.9;F;1;29;On;On;Off; 27.1; 28.7;0;4;968;4;968;4;782;1;-
2026/04/15;13:40:44;100;-; 56.56; 0.5;-; 74.5; 74.1; 28.8; 0.7; 28.0;1774; 0.2; 0.4; 0.4;13; 21.9;F;1;29;On;On;Off; 27.1; 28.7;0;4;968;4;968;4;782;1;-
2026/04/15;13:41:44;100;-; 56.56; 0.2;-; 74.5; 74.4; 10.6; 0.7; 9.9;1774; 0.2; 0.4; 0.4;13; 21.9;F;1;29;On;On;Off; 27.1; 28.7;0;4;968;4;968;4;782;1;-
2026/04/15;13:42:44;100;-; 56.56; 0.3;-; 74.4; 74.3; 17.4; 0.0; 17.4;1774; 0.3; 0.4; 0.4;13; 21.9;F;1;29;On;On;Off; 27.1; 28.7;0;4;968;4;968;4;782;1;-
2026/04/15;13:43:44;100;-; 56.56; 0.4;-; 74.3; 73.9; 24.2; 0.7; 23.5;1774; 0.3; 0.4; 0.4;13; 21.9;F;1;29;On;On;Off; 27.1; 28.7;0;4;968;4;968;4;782;1;-
2026/04/15;13:44:44;100;-; 56.54; 0.3;-; 74.4; 74.3; 19.7; 0.7; 19.0;1774; 0.3; 0.4; 0.4;14; 21.9;F;1;29;On;On;Off; 27.1; 28.7;0;4;968;4;968;4;782;1;-
2026/04/15;13:45:44;100;-; 56.58; 0.5;-; 74.6; 74.2; 29.6; 0.7; 28.8;1774; 0.3; 0.4; 0.4;14; 21.9;F;1;29;On;On;Off; 27.1; 28.7;0;4;968;4;968;4;782;1;-
2026/04/15;13:46:44;100;-; 56.56; 0.5;-; 74.4; 73.9; 25.8; 0.7; 25.0;1774; 0.3; 0.4; 0.4;14; 21.9;F;1;29;On;On;Off; 27.1; 28.7;0;4;968;4;968;4;782;1;-
2026/04/15;13:47:44;100;-; 56.56; 0.4;-; 74.4; 74.0; 21.2; 0.0; 21.2;1774; 0.3; 0.4; 0.4;14; 21.9;F;1;29;On;On;Off; 27.1; 28.7;0;4;968;4;968;4;782;1;-
2026/04/15;13:48:44;100;-; 56.58; 0.3;-; 74.3; 73.9; 19.0; 0.0; 19.0;1774; 0.3; 0.4; 0.4;14; 21.9;F;1;29;On;On;Off; 27.1; 28.7;0;4;968;4;968;4;782;1;-
2026/04/15;13:49:44;100;-; 56.58; 0.5;-; 74.3; 73.9; 26.5; 0.7; 25.8;1774; 0.3; 0.4; 0.4;14; 21.9;F;1;29;On;On;Off; 27.1; 28.7;0;4;968;4;968;4;782;1;-
2026/04/15;13:50:44;100;-; 56.56; 0.2;-; 74.4; 74.3; 13.6; 0.7; 12.9;1774; 0.3; 0.4; 0.4;14; 21.9;F;1;29;On;On;Off; 27.1; 28.7;0;4;968;4;968;4;782;1;-
2026/04/15;13:51:44;100;-; 56.54; 0.3;-; 74.1; 73.7; 17.4; 0.0; 17.4;1774; 0.3; 0.4; 0.4;14; 21.9;F;1;29;On;On;Off; 27.1; 28.7;0;4;968;4;968;4;782;1;-
2026/04/15;13:52:44;100;-; 56.34; 0.0;-; 74.0; 74.2; 0.7; 0.7; 0.0;1774; 0.2; 0.3; 0.3;12; 21.9;F;1;29;On;On;Off; 27.1; 28.7;0;4;968;4;968;4;782;1;-
2026/04/15;13:53:44;100;-; 56.56; 0.5;-; 74.5; 73.6; 25.8; 15.2; 10.6;1774; 0.4; 0.5; 0.5;19; 21.9;F;1;29;On;On;Off; 28.7; 28.8;0;4;968;4;968;4;782;1;-
2026/04/15;13:54:44;100;-; 56.56; 0.7;-; 73.6; 73.8; 41.8; 41.8; 0.0;1774; 0.5; 0.6; 0.6;26; 21.9;F;1;29;On;On;Off; 29.3; 29.0;0;4;968;4;968;4;782;1;-
2026/04/15;13:55:44;100;-; 56.56; 0.6;-; 74.5; 73.8; 33.4; 33.4; 0.0;1774; 0.5; 0.6; 0.6;27; 21.9;F;1;29;On;On;Off; 29.5; 29.2;0;4;968;4;968;4;782;1;-
2026/04/15;13:56:43;100;-; 56.56; 0.5;-; 74.2; 73.8; 28.8; 21.2; 7.6;1774; 0.5; 0.6; 0.6;27; 21.9;F;1;29;On;On;Off; 29.7; 29.3;0;4;968;4;968;4;782;1;-
2026/04/15;13:57:43;100;-; 56.54; 0.9;-; 73.7; 74.3; 49.3; 49.3; 0.0;1774; 0.5; 0.6; 0.6;27; 21.9;F;1;29;On;On;Off; 29.8; 29.4;0;4;968;4;968;4;782;1;-
2026/04/15;13:58:43;100;-; 56.56; 0.9;-; 74.0; 74.3; 49.3; 49.3; 0.0;1774; 0.5; 0.6; 0.6;27; 21.9;F;1;29;On;On;Off; 29.9; 29.5;0;4;968;4;968;4;782;1;-
2026/04/15;13:59:43;100;-; 56.54; 0.7;-; 74.1; 74.7; 37.9; 37.9; 0.0;1774; 0.5; 0.6; 0.6;27; 21.9;F;1;29;On;On;Off; 30.1; 29.6;0;4;968;4;968;5;783;1;-
2026/04/15;14:00:43;100;-; 56.56; 0.4;-; 75.0; 74.5; 20.5; 15.9; 4.5;1774; 0.5; 0.6; 0.6;26; 21.9;F;1;29;On;On;Off; 30.2; 29.7;0;4;968;4;968;5;783;1;-
2026/04/15;14:01:43;100;-; 56.56; 0.6;-; 75.8; 75.3; 34.2; 0.0; 34.2;1774; 0.5; 0.6; 0.6;26; 21.9;F;1;29;On;On;Off; 30.3; 29.8;0;4;968;4;968;5;783;1;-
2026/04/15;14:02:43;100;-; 56.56; 0.5;-; 75.9; 75.2; 31.1; 19.7; 11.4;1774; 0.5; 0.6; 0.6;26; 21.9;F;1;29;On;On;Off; 30.4; 29.9;0;4;968;4;968;5;783;1;-
2026/04/15;14:03:43;100;-; 56.58; 1.0;-; 76.0; 76.4; 55.4; 55.4; 0.0;1774; 0.5; 0.6; 0.6;26; 21.9;F;1;29;On;On;Off; 30.4; 30.0;0;4;968;4;968;5;783;1;-
2026/04/15;14:04:43;100;-; 56.58; 0.7;-; 75.7; 75.8; 38.0; 38.0; 0.0;1774; 0.5; 0.6; 0.6;25; 21.9;F;1;29;On;On;Off; 30.5; 30.1;0;4;968;4;968;5;783;1;-
2026/04/15;14:05:43;100;-; 56.58; 0.6;-; 75.8; 75.2; 34.9; 12.1; 22.8;1774; 0.5; 0.6; 0.6;25; 21.9;F;1;29;On;On;Off; 30.6; 30.1;0;4;968;4;968;5;783;1;-
2026/04/15;14:06:43;100;-; 56.56; 0.6;-; 75.7; 75.0; 34.2; 0.0; 34.2;1774; 0.5; 0.6; 0.6;25; 21.9;F;1;29;On;On;Off; 30.6; 30.2;0;4;968;4;968;5;783;1;-
2026/04/15;14:07:43;100;-; 56.58; 0.9;-; 74.3; 75.0; 51.6; 51.6; 0.0;1774; 0.5; 0.6; 0.6;25; 21.9;F;1;29;On;On;Off; 30.7; 30.2;0;4;968;4;968;5;783;1;-
2026/04/15;14:08:43;100;-; 56.58; 1.0;-; 75.5; 74.6; 56.9; 0.0; 56.9;1774; 0.5; 0.6; 0.6;25; 21.9;F;1;29;On;On;Off; 30.8; 30.3;0;4;968;4;968;5;783;1;-
2026/04/15;14:09:43;100;-; 56.58; 0.8;-; 75.2; 75.7; 46.3; 46.3; 0.0;1774; 0.4; 0.6; 0.6;24; 21.9;F;1;29;On;On;Off; 30.8; 30.4;0;4;968;4;968;5;783;1;-
2026/04/15;14:10:43;100;-; 56.56; 0.7;-; 74.8; 75.4; 38.7; 38.7; 0.0;1774; 0.5; 0.6; 0.6;25; 21.9;F;1;29;On;On;Off; 30.9; 30.4;0;4;968;4;968;5;783;1;-
2026/04/15;14:11:42;100;-; 56.56; 0.5;-; 75.1; 75.5; 27.3; 25.8; 1.5;1774; 0.5; 0.6; 0.6;25; 21.9;F;1;29;On;On;Off; 30.9; 30.4;0;4;968;4;968;5;783;1;-
2026/04/15;14:12:42;100;-; 56.58; 0.6;-; 75.1; 75.7; 36.4; 36.4; 0.0;1774; 0.5; 0.6; 0.6;25; 21.9;F;1;29;On;On;Off; 31.0; 30.5;0;4;968;4;968;5;783;1;-
2026/04/15;14:13:42;100;-; 56.56; 0.8;-; 75.4; 75.7; 43.2; 43.2; 0.0;1774; 0.5; 0.6; 0.6;25; 21.9;F;1;29;On;On;Off; 31.0; 30.5;0;5;969;5;969;5;783;1;-
2026/04/15;14:14:42;100;-; 56.56; 0.6;-; 75.8; 75.3; 32.6; 18.2; 14.4;1774; 0.5; 0.6; 0.6;25; 21.9;F;1;29;On;On;Off; 31.1; 30.6;0;5;969;5;969;5;783;1;-
2026/04/15;14:15:42;100;-; 56.56; 0.5;-; 75.8; 76.1; 27.3; 25.8; 1.5;1774; 0.5; 0.6; 0.6;25; 21.9;F;1;29;On;On;Off; 31.1; 30.6;0;5;969;5;969;5;783;1;-
2026/04/15;14:16:42;100;-; 56.56; 0.8;-; 76.2; 75.9; 47.8; 47.8; 0.0;1774; 0.5; 0.6; 0.6;25; 21.9;F;1;29;On;On;Off; 31.2; 30.7;0;5;969;5;969;5;783;1;-
2026/04/15;14:17:42;100;-; 56.58; 0.8;-; 76.0; 76.6; 44.8; 44.8; 0.0;1774; 0.5; 0.6; 0.6;25; 21.9;F;1;29;On;On;Off; 31.2; 30.7;0;5;969;5;969;5;783;1;-
2026/04/15;14:18:42;100;-; 56.56; 0.9;-; 75.7; 76.5; 52.4; 52.4; 0.0;1775; 0.5; 0.6; 0.6;25; 21.9;F;1;29;On;On;Off; 31.3; 30.8;0;5;969;5;969;5;783;1;-
2026/04/15;14:19:42;100;-; 56.56; 0.5;-; 75.7; 76.1; 27.3; 2.3; 25.0;1775; 0.5; 0.6; 0.6;25; 21.9;F;1;29;On;On;Off; 31.3; 30.8;0;5;969;5;969;5;783;1;-
2026/04/15;14:20:42;100;-; 56.58; 0.9;-; 76.1; 75.3; 52.4; 0.0; 52.4;1775; 0.5; 0.6; 0.6;26; 21.9;F;1;29;On;On;Off; 31.3; 30.8;0;5;969;5;969;5;783;1;-
2026/04/15;14:21:42;100;-; 56.56; 0.6;-; 75.9; 75.2; 35.6; 0.0; 35.6;1775; 0.5; 0.6; 0.6;25; 21.9;F;1;29;On;On;Off; 31.4; 30.9;0;5;969;5;969;5;783;1;-
2026/04/15;14:22:42;100;-; 56.56; 0.5;-; 75.9; 75.5; 26.5; 10.6; 15.9;1775; 0.5; 0.6; 0.6;25; 21.9;F;1;29;On;On;Off; 31.4; 30.9;0;5;969;5;969;5;783;1;-
2026/04/15;14:23:42;100;-; 56.56; 0.5;-; 75.6; 75.2; 28.0; 23.5; 4.5;1775; 0.5; 0.6; 0.6;25; 21.9;F;1;29;On;On;Off; 31.4; 30.9;0;5;969;5;969;5;783;1;-
2026/04/15;14:24:42;100;-; 56.56; 0.7;-; 75.7; 74.9; 37.9; 5.3; 32.6;1775; 0.5; 0.6; 0.6;25; 21.9;F;1;29;On;On;Off; 31.4; 30.9;0;5;969;5;969;5;783;1;-
2026/04/15;14:25:42;100;-; 56.56; 0.5;-; 75.3; 74.9; 28.8; 5.3; 23.5;1775; 0.5; 0.6; 0.6;25; 21.9;F;1;29;On;On;Off; 31.5; 31.0;0;5;969;5;969;5;783;1;-
2026/04/15;14:26:41;100;-; 56.58; 1.0;-; 75.5; 74.9; 54.6; 0.0; 54.6;1775; 0.5; 0.6; 0.6;25; 21.9;F;1;29;On;On;Off; 31.5; 31.0;0;5;969;5;969;5;783;1;-
2026/04/15;14:27:41;100;-; 56.56; 0.6;-; 75.2; 75.1; 34.9; 0.0; 34.9;1775; 0.5; 0.6; 0.6;25; 21.9;F;1;29;On;On;Off; 31.5; 31.0;0;5;969;5;969;5;783;1;-
2026/04/15;14:28:41;100;-; 56.56; 0.4;-; 74.8; 75.3; 23.5; 14.4; 9.1;1775; 0.5; 0.6; 0.6;25; 21.9;F;1;29;On;On;Off; 31.5; 31.0;0;5;969;5;969;5;783;1;-
2026/04/15;14:29:41;100;-; 56.58; 1.1;-; 74.7; 75.3; 60.0; 60.0; 0.0;1775; 0.5; 0.6; 0.6;25; 21.9;F;1;29;On;On;Off; 31.5; 31.1;0;5;969;5;969;5;783;1;-
2026/04/15;14:30:41;100;-; 56.58; 0.6;-; 75.2; 74.7; 33.4; 14.4; 19.0;1775; 0.5; 0.6; 0.6;25; 21.9;F;1;29;On;On;Off; 31.6; 31.1;0;5;969;5;969;5;783;1;-
2026/04/15;14:31:41;100;-; 56.56; 0.6;-; 75.1; 74.7; 33.4; 2.3; 31.1;1775; 0.5; 0.6; 0.6;25; 21.9;F;1;29;On;On;Off; 31.6; 31.1;0;5;969;5;969;5;783;1;-
2026/04/15;14:32:41;100;-; 56.56; 0.6;-; 74.9; 74.7; 33.3; 20.5; 12.9;1775; 0.5; 0.6; 0.6;26; 21.9;F;1;29;On;On;Off; 31.6; 31.1;0;5;969;5;969;5;783;1;-
2026/04/15;14:33:41;100;-; 56.56; 0.5;-; 75.0; 74.6; 28.0; 3.0; 25.0;1775; 0.5; 0.6; 0.6;25; 21.9;F;1;29;On;On;Off; 31.6; 31.1;0;5;969;5;969;5;783;1;-
2026/04/15;14:34:41;100;-; 56.56; 0.4;-; 74.6; 74.9; 23.5; 7.6; 15.9;1775; 0.5; 0.6; 0.6;25; 21.9;F;1;29;On;On;Off; 31.6; 31.1;0;5;969;5;969;5;783;1;-
2026/04/15;14:35:41;100;-; 56.58; 0.5;-; 74.9; 74.5; 26.5; 15.9; 10.6;1775; 0.5; 0.6; 0.6;26; 21.9;F;1;29;On;On;Off; 31.6; 31.1;0;5;969;5;969;5;783;1;-
2026/04/15;14:36:41;100;-; 56.58; 0.6;-; 74.5; 74.9; 34.1; 12.9; 21.3;1775; 0.5; 0.6; 0.6;26; 21.9;F;1;29;On;On;Off; 31.6; 31.2;0;5;969;5;969;5;783;1;-
2026/04/15;14:37:41;100;-; 56.56; 0.7;-; 75.1; 74.7; 41.8; 0.0; 41.8;1775; 0.5; 0.6; 0.6;26; 21.9;F;1;29;On;On;Off; 31.7; 31.2;0;5;969;5;969;5;783;1;-
2026/04/15;14:38:41;100;-; 56.56; 0.8;-; 75.1; 74.7; 42.5; 0.0; 42.5;1775; 0.5; 0.6; 0.6;25; 21.9;F;1;29;On;On;Off; 31.7; 31.2;0;5;969;5;969;5;783;1;-
2026/04/15;14:39:41;100;-; 56.58; 0.9;-; 74.7; 75.3; 50.1; 50.1; 0.0;1775; 0.5; 0.6; 0.6;26; 21.9;F;1;29;On;On;Off; 31.7; 31.2;0;5;969;5;969;5;783;1;-
2026/04/15;14:40:41;100;-; 56.56; 0.5;-; 75.3; 74.7; 28.8; 7.6; 21.2;1775; 0.5; 0.6; 0.6;25; 21.9;F;1;29;On;On;Off; 31.7; 31.2;0;5;969;5;969;5;783;1;-
2026/04/15;14:41:40;100;-; 56.58; 0.8;-; 75.5; 74.7; 45.6; 0.0; 45.6;1775; 0.5; 0.6; 0.6;26; 21.9;F;1;29;On;On;Off; 31.7; 31.2;0;5;969;5;969;5;783;1;-
2026/04/15;14:42:40;100;-; 56.58; 0.9;-; 74.6; 75.4; 52.4; 52.4; 0.0;1775; 0.5; 0.6; 0.6;25; 21.9;F;1;29;On;On;Off; 31.8; 31.3;0;5;969;5;969;5;783;1;-
2026/04/15;14:43:40;100;-; 56.58; 1.0;-; 74.9; 75.6; 57.7; 57.7; 0.0;1775; 0.5; 0.6; 0.6;25; 21.9;F;1;29;On;On;Off; 31.8; 31.3;0;5;969;5;969;5;783;1;-
2026/04/15;14:44:40;100;-; 56.58; 0.6;-; 75.6; 74.9; 31.8; 7.6; 24.2;1775; 0.5; 0.6; 0.6;25; 21.9;F;1;29;On;On;Off; 31.8; 31.3;0;5;969;5;969;5;783;1;-
2026/04/15;14:45:40;100;-; 56.58; 0.9;-; 75.4; 74.9; 49.3; 0.0; 49.3;1775; 0.5; 0.6; 0.6;25; 21.9;F;1;29;On;On;Off; 31.8; 31.3;0;5;969;5;969;5;783;1;-
2026/04/15;14:46:40;100;-; 56.58; 0.5;-; 75.7; 74.9; 30.3; 6.8; 23.5;1775; 0.5; 0.6; 0.6;26; 21.9;F;1;29;On;On;Off; 31.8; 31.3;0;5;969;5;969;5;783;1;-
2026/04/15;14:47:40;100;-; 56.56; 0.6;-; 75.8; 75.4; 35.6; 0.0; 35.6;1775; 0.5; 0.6; 0.6;26; 21.9;F;1;29;On;On;Off; 31.8; 31.3;0;5;969;5;969;5;783;1;-
2026/04/15;14:48:40;100;-; 56.58; 0.6;-; 76.1; 75.6; 34.2; 0.0; 34.2;1775; 0.5; 0.6; 0.6;25; 21.9;F;1;29;On;On;Off; 31.9; 31.3;0;5;969;5;969;5;783;1;-
2026/04/15;14:49:40;100;-; 56.58; 0.7;-; 76.1; 75.1; 38.0; 0.0; 38.0;1775; 0.5; 0.6; 0.6;25; 21.9;F;1;29;On;On;Off; 31.9; 31.3;0;5;969;5;969;5;783;1;-
2026/04/15;14:50:40;100;-; 56.58; 0.8;-; 75.5; 76.3; 46.3; 46.3; 0.0;1775; 0.5; 0.6; 0.6;25; 21.9;F;1;29;On;On;Off; 31.9; 31.4;0;5;969;5;969;5;783;1;-
2026/04/15;14:51:40;100;-; 56.58; 0.7;-; 76.3; 75.7; 38.0; 0.0; 38.0;1775; 0.5; 0.6; 0.6;25; 21.9;F;1;29;On;On;Off; 31.9; 31.4;0;5;969;5;969;5;783;1;-
2026/04/15;14:52:40;100;-; 56.56; 0.5;-; 76.5; 76.1; 27.3; 7.6; 19.7;1775; 0.5; 0.6; 0.6;25; 21.9;F;1;29;On;On;Off; 31.9; 31.4;0;5;969;5;969;5;783;1;-
2026/04/15;14:53:40;100;-; 56.56; 0.6;-; 76.1; 76.6; 32.6; 32.6; 0.0;1775; 0.5; 0.6; 0.6;25; 21.9;F;1;29;On;On;Off; 31.9; 31.4;0;5;969;5;969;5;783;1;-
2026/04/15;14:54:40;100;-; 56.56; 0.7;-; 76.6; 75.9; 41.8; 0.0; 41.8;1775; 0.5; 0.6; 0.6;25; 21.9;F;1;29;On;On;Off; 31.9; 31.4;0;5;969;5;969;5;783;1;-
2026/04/15;14:55:40;100;-; 56.58; 1.0;-; 76.5; 75.9; 57.0; 0.0; 57.0;1775; 0.5; 0.6; 0.6;26; 21.9;F;1;29;On;On;Off; 31.9; 31.4;0;5;969;5;969;5;783;1;-
2026/04/15;14:56:39;100;-; 56.56; 0.6;-; 76.4; 75.9; 32.6; 0.0; 32.6;1775; 0.5; 0.6; 0.6;25; 21.9;F;1;29;On;On;Off; 31.9; 31.5;0;5;969;5;969;5;783;1;-
2026/04/15;14:57:39;100;-; 56.58; 0.7;-; 76.3; 75.7; 37.2; 15.9; 21.2;1775; 0.5; 0.6; 0.6;25; 21.9;F;1;29;On;On;Off; 32.0; 31.5;0;5;969;5;969;5;783;1;-
2026/04/15;14:58:39;100;-; 56.56; 0.5;-; 76.2; 75.7; 31.1; 31.1; 0.0;1775; 0.5; 0.6; 0.6;25; 21.9;F;1;29;On;On;Off; 32.0; 31.5;0;5;969;5;969;5;783;1;-
2026/04/15;14:59:39;100;-; 56.58; 0.6;-; 76.4; 75.7; 33.4; 3.0; 30.4;1775; 0.5; 0.6; 0.6;25; 21.9;F;1;29;On;On;Off; 32.0; 31.5;0;5;969;5;969;5;783;1;-
2026/04/15;15:00:39;100;-; 56.56; 0.7;-; 75.9; 76.6; 38.7; 38.7; 0.0;1775; 0.5; 0.6; 0.6;25; 21.9;F;1;29;On;On;Off; 32.0; 31.5;0;5;969;5;969;5;783;1;-
2026/04/15;15:01:39;100;-; 56.56; 0.7;-; 76.2; 76.3; 38.0; 38.0; 0.0;1775; 0.5; 0.6; 0.6;25; 21.9;F;1;29;On;On;Off; 32.0; 31.5;0;5;969;5;969;5;783;1;-
2026/04/15;15:02:39;100;-; 56.58; 0.6;-; 76.4; 75.8; 34.9; 0.0; 34.9;1775; 0.5; 0.6; 0.6;25; 21.9;F;1;29;On;On;Off; 32.0; 31.5;0;5;969;5;969;5;783;1;-
2026/04/15;15:03:39;100;-; 56.58; 1.1;-; 75.5; 76.4; 61.5; 61.5; 0.0;1775; 0.5; 0.6; 0.6;25; 21.9;F;1;29;On;On;Off; 32.0; 31.5;0;5;969;5;969;5;783;1;-
2026/04/15;15:04:39;100;-; 56.56; 0.3;-; 76.4; 75.9; 18.2; 8.3; 9.9;1775; 0.5; 0.6; 0.6;26; 21.9;F;1;29;On;On;Off; 32.0; 31.5;0;5;969;5;969;5;783;1;-
2026/04/15;15:05:39;100;-; 56.58; 0.8;-; 76.1; 75.4; 43.2; 0.0; 43.2;1775; 0.5; 0.6; 0.6;26; 21.9;F;1;29;On;On;Off; 32.0; 31.5;0;5;969;5;969;5;783;1;-
2026/04/15;15:06:39;100;-; 56.58; 0.8;-; 75.6; 76.1; 43.2; 43.2; 0.0;1775; 0.5; 0.6; 0.6;26; 21.9;F;1;29;On;On;Off; 32.0; 31.5;0;5;969;5;969;5;783;1;-
2026/04/15;15:07:39;100;-; 56.56; 0.8;-; 76.0; 75.7; 43.2; 0.0; 43.2;1775; 0.5; 0.6; 0.6;26; 21.9;F;1;29;On;On;Off; 32.0; 31.5;0;5;969;5;969;5;783;1;-
2026/04/15;15:08:39;100;-; 56.56; 0.5;-; 75.5; 75.6; 28.0; 5.3; 22.8;1775; 0.5; 0.6; 0.6;26; 21.9;F;1;29;On;On;Off; 32.0; 31.6;0;5;969;5;969;5;783;1;-
2026/04/15;15:09:39;100;-; 56.58; 0.8;-; 75.0; 75.9; 45.6; 45.6; 0.0;1775; 0.5; 0.6; 0.6;26; 21.9;F;1;29;On;On;Off; 32.1; 31.6;0;5;969;5;969;5;783;1;-
2026/04/15;15:10:39;100;-; 56.56; 0.6;-; 75.2; 75.6; 35.6; 35.6; 0.0;1775; 0.5; 0.6; 0.6;26; 21.9;F;1;29;On;On;Off; 32.1; 31.6;0;5;969;5;969;5;783;1;-
2026/04/15;15:11:38;100;-; 56.56; 0.4;-; 75.2; 75.7; 25.0; 5.3; 19.7;1775; 0.5; 0.6; 0.6;25; 21.9;F;1;29;On;On;Off; 32.1; 31.6;0;5;969;5;969;5;783;1;-
2026/04/15;15:12:38;100;-; 56.56; 0.8;-; 75.6; 75.0; 44.0; 0.0; 44.0;1775; 0.5; 0.6; 0.6;26; 21.9;F;1;29;On;On;Off; 32.1; 31.6;0;5;969;5;969;5;783;1;-
2026/04/15;15:13:38;100;-; 56.56; 0.7;-; 75.2; 75.4; 37.9; 19.7; 18.2;1775; 0.5; 0.6; 0.6;26; 21.9;F;1;29;On;On;Off; 32.1; 31.6;0;5;969;5;969;5;783;1;-
2026/04/15;15:14:38;100;-; 56.56; 0.6;-; 75.2; 75.4; 32.6; 26.6; 6.1;1775; 0.5; 0.6; 0.6;25; 22.0;F;1;29;On;On;Off; 32.1; 31.6;0;5;969;5;969;5;783;1;-
2026/04/15;15:15:38;100;-; 56.56; 0.5;-; 75.6; 75.3; 30.3; 15.9; 14.4;1775; 0.5; 0.6; 0.6;26; 21.9;F;1;29;On;On;Off; 32.1; 31.6;0;5;969;5;969;5;783;1;-
2026/04/15;15:16:38;100;-; 56.58; 0.5;-; 75.7; 75.2; 30.3; 15.9; 14.4;1775; 0.5; 0.6; 0.6;25; 22.0;F;1;29;On;On;Off; 32.1; 31.6;0;5;969;5;969;5;783;1;-
2026/04/15;15:17:38;100;-; 56.56; 0.5;-; 75.8; 75.1; 28.8; 28.8; 0.0;1775; 0.5; 0.6; 0.6;25; 21.9;F;1;29;On;On;Off; 32.1; 31.6;0;5;969;5;969;5;783;1;-
2026/04/15;15:18:38;100;-; 56.56; 0.7;-; 75.9; 75.0; 37.2; 0.0; 37.2;1776; 0.5; 0.6; 0.6;25; 21.9;F;1;29;On;On;Off; 32.1; 31.6;0;5;969;5;969;5;783;1;-
2026/04/15;15:19:38;100;-; 56.56; 0.6;-; 75.3; 75.3; 35.6; 35.6; 0.0;1776; 0.5; 0.6; 0.6;25; 22.0;F;1;29;On;On;Off; 32.1; 31.6;0;5;969;5;969;5;783;1;-
2026/04/15;15:20:38;100;-; 56.56; 0.7;-; 75.8; 75.2; 41.0; 0.0; 41.0;1776; 0.5; 0.6; 0.6;25; 21.9;F;1;29;On;On;Off; 32.2; 31.6;0;5;969;5;969;5;783;1;-
2026/04/15;15:21:38;100;-; 56.56; 0.5;-; 75.8; 75.3; 28.8; 21.2; 7.6;1776; 0.5; 0.6; 0.6;26; 21.9;F;1;29;On;On;Off; 32.2; 31.6;0;5;969;5;969;5;783;1;-
2026/04/15;15:22:38;100;-; 56.56; 0.5;-; 76.0; 75.1; 27.3; 0.7; 26.6;1776; 0.5; 0.6; 0.6;25; 21.9;F;1;29;On;On;Off; 32.2; 31.7;0;5;969;5;969;5;783;1;-
2026/04/15;15:23:38;100;-; 56.56; 0.5;-; 76.1; 75.6; 25.8; 0.0; 25.8;1776; 0.5; 0.6; 0.6;25; 21.9;F;1;29;On;On;Off; 32.1; 31.7;0;5;969;5;969;5;783;1;-
2026/04/15;15:24:38;100;-; 56.58; 1.0;-; 75.3; 76.0; 58.4; 58.4; 0.0;1776; 0.5; 0.6; 0.6;25; 21.9;F;1;29;On;On;Off; 32.2; 31.7;0;5;969;5;969;5;783;1;-
2026/04/15;15:25:38;100;-; 56.58; 0.6;-; 75.7; 75.8; 32.6; 9.1; 23.5;1776; 0.5; 0.6; 0.6;25; 21.9;F;1;29;On;On;Off; 32.2; 31.7;0;5;969;5;969;5;783;1;-
2026/04/15;15:26:37;100;-; 56.56; 0.6;-; 75.9; 75.6; 33.4; 0.0; 33.4;1776; 0.5; 0.6; 0.6;25; 21.9;F;1;29;On;On;Off; 32.2; 31.7;0;5;969;5;969;5;783;1;-
2026/04/15;15:27:37;100;-; 56.56; 0.8;-; 76.2; 75.5; 43.2; 0.0; 43.2;1776; 0.5; 0.6; 0.6;25; 21.9;F;1;29;On;On;Off; 32.2; 31.7;0;5;969;5;969;5;783;1;-
2026/04/15;15:28:37;100;-; 56.58; 0.6;-; 76.0; 75.3; 34.9; 25.0; 9.9;1776; 0.5; 0.6; 0.6;25; 22.0;F;1;29;On;On;Off; 32.2; 31.7;0;5;969;5;969;5;783;1;-
2026/04/15;15:29:37;100;-; 56.58; 1.0;-; 75.5; 75.8; 56.1; 56.1; 0.0;1776; 0.4; 0.6; 0.6;24; 21.9;F;1;29;On;On;Off; 32.2; 31.7;0;5;969;5;969;5;783;1;-
2026/04/15;15:30:37;100;-; 56.58; 0.6;-; 75.5; 76.1; 36.4; 36.4; 0.0;1776; 0.5; 0.6; 0.6;25; 21.9;F;1;29;On;On;Off; 32.2; 31.7;0;5;969;5;969;5;783;1;-
2026/04/15;15:31:37;100;-; 56.56; 0.5;-; 75.9; 75.5; 29.6; 6.8; 22.8;1776; 0.5; 0.6; 0.6;26; 21.9;F;1;29;On;On;Off; 32.2; 31.7;0;5;969;5;969;5;783;1;-
2026/04/15;15:32:37;100;-; 56.58; 0.6;-; 76.2; 75.3; 32.6; 13.7; 19.0;1776; 0.5; 0.6; 0.6;25; 21.9;F;1;29;On;On;Off; 32.3; 31.7;0;5;969;5;969;5;783;1;-
2026/04/15;15:33:37;100;-; 56.58; 0.9;-; 75.5; 76.2; 50.8; 50.8; 0.0;1776; 0.5; 0.6; 0.6;25; 21.9;F;1;29;On;On;Off; 32.2; 31.7;0;5;969;5;969;5;783;1;-
2026/04/15;15:34:37;100;-; 56.56; 0.4;-; 76.1; 75.6; 24.2; 12.9; 11.4;1776; 0.4; 0.6; 0.6;24; 21.9;F;1;29;On;On;Off; 32.3; 31.7;0;5;969;5;969;5;783;1;-
2026/04/15;15:35:37;100;-; 56.58; 0.7;-; 76.2; 75.4; 37.9; 0.7; 37.2;1776; 0.5; 0.6; 0.6;25; 21.9;F;1;29;On;On;Off; 32.3; 31.8;0;5;969;5;969;5;783;1;-
2026/04/15;15:36:37;100;-; 56.58; 0.6;-; 75.4; 75.9; 35.6; 34.2; 1.5;1776; 0.5; 0.6; 0.6;25; 21.9;F;1;29;On;On;Off; 32.3; 31.7;0;5;969;5;969;5;783;1;-
2026/04/15;15:37:37;100;-; 56.56; 0.8;-; 76.1; 75.8; 43.2; 0.0; 43.2;1776; 0.5; 0.6; 0.6;25; 21.9;F;1;29;On;On;Off; 32.3; 31.8;0;5;969;5;969;5;783;1;-
2026/04/15;15:38:37;100;-; 56.56; 0.8;-; 75.6; 76.2; 43.2; 43.2; 0.0;1776; 0.5; 0.6; 0.6;25; 21.9;F;1;29;On;On;Off; 32.3; 31.8;0;5;969;5;969;5;783;1;-
2026/04/15;15:39:37;100;-; 56.56; 0.4;-; 75.7; 75.9; 22.8; 3.8; 19.0;1776; 0.5; 0.6; 0.6;25; 21.9;F;1;29;On;On;Off; 32.3; 31.8;0;5;969;5;969;5;783;1;-
2026/04/15;15:40:37;100;-; 56.58; 0.9;-; 75.5; 76.2; 51.6; 51.6; 0.0;1776; 0.4; 0.6; 0.6;24; 21.9;F;1;29;On;On;Off; 32.3; 31.8;0;5;969;5;969;5;783;1;-
2026/04/15;15:41:37;100;-; 56.56; 0.5;-; 75.8; 76.1; 28.0; 1.5; 26.6;1776; 0.5; 0.6; 0.6;25; 21.9;F;1;29;On;On;Off; 32.3; 31.8;0;5;969;5;969;5;783;1;-
2026/04/15;15:42:36;100;-; 56.56; 0.6;-; 76.0; 75.8; 32.6; 0.0; 32.6;1776; 0.5; 0.6; 0.6;25; 21.9;F;1;29;On;On;Off; 32.3; 31.8;0;5;969;5;969;5;783;1;-
2026/04/15;15:43:36;100;-; 56.56; 0.5;-; 75.8; 75.8; 31.1; 26.6; 4.5;1776; 0.5; 0.6; 0.6;25; 21.9;F;1;29;On;On;Off; 32.3; 31.8;0;5;969;5;969;5;783;1;-
2026/04/15;15:44:36;100;-; 56.56; 0.6;-; 76.0; 75.7; 34.9; 13.7; 21.2;1776; 0.5; 0.6; 0.6;25; 21.9;F;1;29;On;On;Off; 32.3; 31.8;0;5;969;5;969;5;783;1;-
2026/04/15;15:45:36;100;-; 56.56; 0.7;-; 75.6; 76.4; 41.0; 41.0; 0.0;1776; 0.5; 0.6; 0.6;25; 21.9;F;1;29;On;On;Off; 32.3; 31.8;0;5;969;5;969;5;783;1;-
2026/04/15;15:46:36;100;-; 56.58; 0.6;-; 75.6; 76.4; 31.8; 26.6; 5.3;1776; 0.5; 0.6; 0.6;25; 21.9;F;1;29;On;On;Off; 32.3; 31.8;0;5;969;5;969;6;784;1;-
2026/04/15;15:47:36;100;-; 56.56; 0.7;-; 75.8; 76.4; 37.9; 37.9; 0.0;1776; 0.4; 0.6; 0.6;24; 21.9;F;1;29;On;On;Off; 32.3; 31.8;0;5;969;5;969;6;784;1;-
2026/04/15;15:48:36;100;-; 56.56; 0.4;-; 75.8; 76.3; 23.4; 20.4; 3.0;1776; 0.5; 0.6; 0.6;25; 21.9;F;1;29;On;On;Off; 32.3; 31.8;0;5;969;5;969;6;784;1;-
2026/04/15;15:49:36;100;-; 56.56; 0.7;-; 75.7; 76.4; 41.0; 41.0; 0.0;1776; 0.4; 0.6; 0.6;24; 21.9;F;1;29;On;On;Off; 32.3; 31.8;0;5;969;5;969;6;784;1;-
2026/04/15;15:50:36;100;-; 56.56; 0.7;-; 76.5; 75.8; 39.4; 0.0; 39.4;1776; 0.4; 0.6; 0.6;24; 21.9;F;1;29;On;On;Off; 32.3; 31.8;0;5;969;5;969;6;784;1;-
2026/04/15;15:51:36;100;-; 56.58; 0.8;-; 76.3; 75.5; 44.8; 0.0; 44.8;1776; 0.5; 0.6; 0.6;25; 21.9;F;1;29;On;On;Off; 32.3; 31.8;0;5;969;5;969;6;784;1;-
2026/04/15;15:52:36;100;-; 56.58; 0.7;-; 76.5; 75.7; 40.2; 0.0; 40.2;1776; 0.5; 0.6; 0.6;25; 21.9;F;1;29;On;On;Off; 32.3; 31.8;0;5;969;5;969;6;784;1;-
2026/04/15;15:53:36;100;-; 56.58; 1.0;-; 76.4; 75.8; 55.4; 0.0; 55.4;1776; 0.5; 0.6; 0.6;25; 21.9;F;1;29;On;On;Off; 32.3; 31.8;0;5;969;5;969;6;784;1;-
2026/04/15;15:54:36;100;-; 56.58; 0.6;-; 76.0; 76.6; 32.6; 16.7; 15.9;1776; 0.4; 0.6; 0.6;24; 21.9;F;1;29;On;On;Off; 32.3; 31.8;0;5;969;5;969;6;784;1;-
2026/04/15;15:55:36;100;-; 56.56; 0.7;-; 76.2; 76.5; 37.2; 37.2; 0.0;1776; 0.5; 0.6; 0.6;25; 21.9;F;1;29;On;On;Off; 32.3; 31.8;0;5;969;5;969;6;784;1;-
2026/04/15;15:56:36;100;-; 56.58; 0.6;-; 76.1; 76.7; 31.8; 11.4; 20.5;1776; 0.5; 0.6; 0.6;25; 21.9;F;1;29;On;On;Off; 32.4; 31.8;0;5;969;5;969;6;784;1;-
2026/04/15;15:57:35;100;-; 56.56; 0.5;-; 76.8; 76.3; 28.8; 0.0; 28.8;1776; 0.4; 0.6; 0.6;24; 21.9;F;1;29;On;On;Off; 32.3; 31.9;0;5;969;5;969;6;784;1;-
2026/04/15;15:58:35;100;-; 56.56; 0.5;-; 76.6; 76.5; 28.0; 3.0; 25.0;1776; 0.5; 0.6; 0.6;25; 21.9;F;1;29;On;On;Off; 32.4; 31.9;0;5;969;5;969;6;784;1;-
2026/04/15;15:59:35;100;-; 56.58; 0.7;-; 76.8; 76.3; 37.1; 9.1; 28.1;1776; 0.5; 0.6; 0.6;25; 21.9;F;1;29;On;On;Off; 32.4; 31.9;0;5;969;5;969;6;784;1;-
2026/04/15;16:00:35;100;-; 56.56; 0.9;-; 76.3; 77.0; 51.6; 51.6; 0.0;1776; 0.4; 0.6; 0.6;24; 21.9;F;1;29;On;On;Off; 32.4; 31.9;0;6;970;6;970;6;784;1;-
2026/04/15;16:01:35;100;-; 56.56; 1.0;-; 76.1; 76.9; 58.4; 58.4; 0.0;1776; 0.4; 0.6; 0.6;24; 21.9;F;1;29;On;On;Off; 32.4; 31.9;0;6;970;6;970;6;784;1;-
2026/04/15;16:02:35;100;-; 56.56; 0.7;-; 76.0; 76.5; 41.0; 41.0; 0.0;1776; 0.5; 0.6; 0.6;25; 21.9;F;1;29;On;On;Off; 32.3; 31.9;0;6;970;6;970;6;784;1;-
2026/04/15;16:03:35;100;-; 56.56; 0.5;-; 76.5; 76.3; 31.0; 1.5; 29.6;1776; 0.4; 0.6; 0.6;24; 21.9;F;1;29;On;On;Off; 32.4; 31.9;0;6;970;6;970;6;784;1;-
2026/04/15;16:04:35;100;-; 56.56; 0.7;-; 76.2; 76.8; 39.4; 39.4; 0.0;1776; 0.4; 0.6; 0.6;24; 21.9;F;1;29;On;On;Off; 32.4; 31.9;0;6;970;6;970;6;784;1;-
2026/04/15;16:05:35;100;-; 56.58; 1.0;-; 76.1; 76.8; 59.2; 59.2; 0.0;1776; 0.4; 0.6; 0.6;24; 21.9;F;1;29;On;On;Off; 32.4; 31.9;0;6;970;6;970;6;784;1;-
2026/04/15;16:06:35;100;-; 56.56; 0.6;-; 76.8; 76.2; 33.3; 9.1; 24.2;1776; 0.4; 0.6; 0.6;24; 21.9;F;1;29;On;On;Off; 32.4; 31.9;0;6;970;6;970;6;784;1;-
2026/04/15;16:07:35;100;-; 56.56; 0.6;-; 76.6; 76.4; 36.4; 18.2; 18.2;1776; 0.4; 0.6; 0.6;24; 21.9;F;1;29;On;On;Off; 32.4; 31.9;0;6;970;6;970;6;784;1;-
2026/04/15;16:08:35;100;-; 56.56; 0.4;-; 76.8; 76.3; 25.0; 0.0; 25.0;1776; 0.4; 0.6; 0.6;24; 21.9;F;1;29;On;On;Off; 32.4; 31.9;0;6;970;6;970;6;784;1;-
2026/04/15;16:09:35;100;-; 56.56; 0.5;-; 76.7; 76.4; 26.5; 6.8; 19.7;1776; 0.4; 0.6; 0.6;24; 21.9;F;1;29;On;On;Off; 32.4; 31.9;0;6;970;6;970;6;784;1;-
2026/04/15;16:10:35;100;-; 56.58; 1.0;-; 76.8; 76.2; 53.9; 0.0; 53.9;1776; 0.4; 0.6; 0.6;24; 21.9;F;1;29;On;On;Off; 32.4; 31.9;0;6;970;6;970;6;784;1;-
2026/04/15;16:11:35;100;-; 56.58; 1.0;-; 76.8; 76.2; 58.4; 0.0; 58.4;1776; 0.4; 0.6; 0.6;24; 21.9;F;1;29;On;On;Off; 32.4; 31.9;0;6;970;6;970;6;784;1;-
2026/04/15;16:12:34;100;-; 56.56; 0.6;-; 76.4; 76.6; 34.8; 12.9; 22.0;1776; 0.4; 0.6; 0.6;24; 21.9;F;1;29;On;On;Off; 32.4; 31.9;0;6;970;6;970;6;784;1;-
2026/04/15;16:13:34;100;-; 56.56; 0.4;-; 76.3; 76.8; 24.2; 19.0; 5.3;1776; 0.4; 0.6; 0.6;24; 21.9;F;1;29;On;On;Off; 32.4; 31.9;0;6;970;6;970;6;784;1;-
2026/04/15;16:14:34;100;-; 56.56; 0.8;-; 75.9; 76.9; 44.0; 44.0; 0.0;1776; 0.4; 0.6; 0.6;24; 21.9;F;1;29;On;On;Off; 32.4; 31.9;0;6;970;6;970;6;784;1;-
2026/04/15;16:15:34;100;-; 56.56; 0.6;-; 76.2; 76.5; 33.4; 13.7; 19.7;1776; 0.4; 0.6; 0.6;24; 21.9;F;1;29;On;On;Off; 32.4; 31.9;0;6;970;6;970;6;784;1;-
2026/04/15;16:16:34;100;-; 56.56; 0.7;-; 76.2; 76.8; 41.8; 41.8; 0.0;1776; 0.4; 0.6; 0.6;24; 21.9;F;1;29;On;On;Off; 32.4; 31.9;0;6;970;6;970;6;784;1;-
2026/04/15;16:17:34;100;-; 56.58; 0.5;-; 76.3; 76.7; 26.5; 15.9; 10.6;1776; 0.5; 0.6; 0.6;25; 21.9;F;1;29;On;On;Off; 32.4; 31.9;0;6;970;6;970;6;784;1;-
2026/04/15;16:18:34;100;-; 56.58; 0.5;-; 76.0; 76.3; 30.4; 22.8; 7.6;1777; 0.4; 0.6; 0.6;24; 21.9;F;1;29;On;On;Off; 32.4; 31.9;0;6;970;6;970;6;784;1;-
2026/04/15;16:19:34;100;-; 56.58; 0.7;-; 76.1; 76.8; 41.0; 41.0; 0.0;1777; 0.5; 0.6; 0.6;25; 21.8;F;1;29;On;On;Off; 32.4; 31.9;0;6;970;6;970;6;784;1;-
2026/04/15;16:20:34;100;-; 56.58; 0.6;-; 76.3; 76.6; 31.8; 10.6; 21.2;1777; 0.4; 0.6; 0.6;24; 21.9;F;1;29;On;On;Off; 32.4; 31.9;0;6;970;6;970;6;784;1;-
2026/04/15;16:21:34;100;-; 56.56; 0.7;-; 76.1; 76.6; 39.4; 39.4; 0.0;1777; 0.4; 0.6; 0.6;24; 21.9;F;1;29;On;On;Off; 32.4; 31.9;0;6;970;6;970;6;784;1;-
2026/04/15;16:22:34;100;-; 56.56; 0.4;-; 76.6; 76.4; 20.4; 9.1; 11.4;1777; 0.4; 0.6; 0.6;24; 21.9;F;1;29;On;On;Off; 32.4; 31.9;0;6;970;6;970;6;784;1;-
2026/04/15;16:23:34;100;-; 56.58; 1.1;-; 76.8; 75.9; 61.5; 0.0; 61.5;1777; 0.4; 0.6; 0.6;24; 21.9;F;1;29;On;On;Off; 32.4; 31.9;0;6;970;6;970;6;784;1;-
2026/04/15;16:24:34;100;-; 56.56; 0.6;-; 76.4; 76.8; 31.8; 31.8; 0.0;1777; 0.4; 0.6; 0.6;24; 21.8;F;1;29;On;On;Off; 32.4; 31.9;0;6;970;6;970;6;784;1;-
2026/04/15;16:25:34;100;-; 56.56; 0.5;-; 76.8; 76.5; 31.1; 31.1; 0.0;1777; 0.4; 0.6; 0.6;23; 21.9;F;1;29;On;On;Off; 32.4; 31.9;0;6;970;6;970;6;784;1;-
2026/04/15;16:26:34;100;-; 56.56; 0.5;-; 76.1; 76.8; 30.3; 27.3; 3.0;1777; 0.4; 0.6; 0.6;24; 21.9;F;1;29;On;On;Off; 32.4; 31.9;0;6;970;6;970;6;784;1;-
2026/04/15;16:27:33;100;-; 56.56; 0.5;-; 76.3; 76.6; 31.1; 0.0; 31.1;1777; 0.5; 0.6; 0.6;25; 21.9;F;1;29;On;On;Off; 32.4; 31.9;0;6;970;6;970;6;784;1;-
2026/04/15;16:28:33;100;-; 56.56; 1.0;-; 76.5; 76.0; 53.9; 0.0; 53.9;1777; 0.5; 0.6; 0.6;25; 21.9;F;1;29;On;On;Off; 32.4; 31.9;0;6;970;6;970;6;784;1;-
2026/04/15;16:29:33;100;-; 56.58; 0.8;-; 76.5; 75.7; 45.6; 0.0; 45.6;1777; 0.5; 0.6; 0.6;25; 21.8;F;1;29;On;On;Off; 32.4; 31.9;0;6;970;6;970;6;784;1;-
2026/04/15;16:30:33;100;-; 56.56; 0.4;-; 76.1; 76.5; 21.9; 16.7; 5.3;1777; 0.5; 0.6; 0.6;25; 21.9;F;1;29;On;On;Off; 32.4; 31.9;0;6;970;6;970;6;784;1;-
2026/04/15;16:31:33;100;-; 56.56; 0.4;-; 76.4; 76.1; 22.0; 0.0; 22.0;1777; 0.5; 0.6; 0.6;25; 21.8;F;1;29;On;On;Off; 32.4; 31.9;0;6;970;6;970;6;784;1;-
2026/04/15;16:32:33;100;-; 56.56; 0.9;-; 76.7; 75.6; 50.1; 0.0; 50.1;1777; 0.4; 0.6; 0.6;24; 21.9;F;1;29;On;On;Off; 32.4; 31.9;0;6;970;6;970;6;784;1;-
2026/04/15;16:33:33;100;-; 56.58; 1.0;-; 76.7; 75.7; 54.6; 0.0; 54.6;1777; 0.4; 0.6; 0.6;24; 21.8;F;1;29;On;On;Off; 32.4; 31.9;0;6;970;6;970;6;784;1;-
2026/04/15;16:34:33;100;-; 56.56; 0.5;-; 76.5; 76.0; 31.1; 31.1; 0.0;1777; 0.4; 0.6; 0.6;24; 21.8;F;1;29;On;On;Off; 32.4; 31.9;0;6;970;6;970;6;784;1;-
2026/04/15;16:35:33;100;-; 56.56; 0.5;-; 76.3; 76.2; 30.4; 30.4; 0.0;1777; 0.4; 0.6; 0.6;24; 21.8;F;1;29;On;On;Off; 32.4; 31.9;0;6;970;6;970;6;784;1;-
2026/04/15;16:36:33;100;-; 56.58; 1.1;-; 75.7; 76.5; 64.6; 64.6; 0.0;1777; 0.4; 0.6; 0.6;24; 21.9;F;1;29;On;On;Off; 32.4; 31.9;0;6;970;6;970;6;784;1;-
2026/04/15;16:37:33;100;-; 56.56; 0.5;-; 76.2; 76.0; 27.3; 7.6; 19.7;1777; 0.4; 0.6; 0.6;24; 21.8;F;1;29;On;On;Off; 32.4; 31.9;0;6;970;6;970;6;784;1;-
2026/04/15;16:38:33;100;-; 56.56; 0.8;-; 76.0; 76.4; 47.8; 47.8; 0.0;1777; 0.5; 0.6; 0.6;25; 21.9;F;1;29;On;On;Off; 32.4; 31.9;0;6;970;6;970;6;784;1;-
2026/04/15;16:39:33;100;-; 56.56; 0.8;-; 76.6; 75.7; 46.3; 0.0; 46.3;1777; 0.5; 0.6; 0.6;25; 21.9;F;1;29;On;On;Off; 32.4; 31.9;0;6;970;6;970;6;784;1;-
2026/04/15;16:40:33;100;-; 56.56; 0.5;-; 76.1; 75.8; 28.0; 0.7; 27.3;1777; 0.4; 0.6; 0.6;24; 21.8;F;1;29;On;On;Off; 32.4; 31.9;0;6;970;6;970;6;784;1;-
2026/04/15;16:41:33;100;-; 56.56; 0.5;-; 76.4; 75.8; 27.3; 17.5; 9.9;1777; 0.5; 0.6; 0.6;25; 21.9;F;1;29;On;On;Off; 32.4; 31.9;0;6;970;6;970;6;784;1;-
2026/04/15;16:42:32;100;-; 56.58; 0.7;-; 75.8; 76.5; 38.0; 38.0; 0.0;1777; 0.4; 0.6; 0.6;24; 21.9;F;1;29;On;On;Off; 32.4; 31.9;0;6;970;6;970;6;784;1;-
2026/04/15;16:43:32;100;-; 56.56; 0.4;-; 75.9; 76.4; 24.2; 15.9; 8.3;1777; 0.4; 0.6; 0.6;24; 21.9;F;1;29;On;On;Off; 32.4; 31.9;0;6;970;6;970;6;784;1;-
2026/04/15;16:44:32;100;-; 56.56; 0.6;-; 75.7; 76.6; 33.4; 26.6; 6.8;1777; 0.4; 0.6; 0.6;24; 21.9;F;1;29;On;On;Off; 32.4; 32.0;0;6;970;6;970;6;784;1;-
2026/04/15;16:45:32;100;-; 56.58; 1.0;-; 75.8; 76.6; 57.7; 57.7; 0.0;1777; 0.4; 0.6; 0.6;23; 21.9;F;1;29;On;On;Off; 32.4; 31.9;0;6;970;6;970;6;784;1;-
2026/04/15;16:46:32;100;-; 56.58; 0.7;-; 75.8; 76.7; 37.2; 37.2; 0.0;1777; 0.4; 0.6; 0.6;24; 21.9;F;1;29;On;On;Off; 32.4; 31.9;0;6;970;6;970;6;784;1;-
2026/04/15;16:47:32;100;-; 56.58; 0.6;-; 75.7; 76.6; 34.9; 30.4; 4.5;1777; 0.4; 0.6; 0.6;24; 21.9;F;1;29;On;On;Off; 32.5; 32.0;0;6;970;6;970;6;784;1;-
2026/04/15;16:48:32;100;-; 56.56; 0.4;-; 76.6; 76.2; 23.5; 5.3; 18.2;1777; 0.4; 0.6; 0.6;24; 21.9;F;1;29;On;On;Off; 32.5; 32.0;0;6;970;6;970;6;784;1;-
2026/04/15;16:49:32;100;-; 56.58; 0.4;-; 76.4; 76.5; 23.5; 0.0; 23.5;1777; 0.4; 0.6; 0.6;24; 21.9;F;1;29;On;On;Off; 32.5; 32.0;0;6;970;6;970;6;784;1;-
2026/04/15;16:50:32;100;-; 56.56; 0.5;-; 76.1; 76.7; 30.3; 27.3; 3.0;1777; 0.4; 0.6; 0.6;23; 21.9;F;1;29;On;On;Off; 32.5; 32.0;0;6;970;6;970;6;784;1;-
2026/04/15;16:51:32;100;-; 56.56; 0.7;-; 76.3; 76.8; 39.4; 39.4; 0.0;1777; 0.4; 0.6; 0.6;24; 21.9;F;1;29;On;On;Off; 32.5; 32.0;0;6;970;6;970;6;784;1;-
2026/04/15;16:52:32;100;-; 56.56; 0.6;-; 76.6; 76.5; 31.8; 19.7; 12.1;1777; 0.4; 0.6; 0.6;24; 21.9;F;1;29;On;On;Off; 32.5; 32.0;0;6;970;6;970;6;784;1;-
2026/04/15;16:53:32;100;-; 56.56; 0.9;-; 76.2; 76.9; 50.1; 50.1; 0.0;1777; 0.5; 0.6; 0.6;25; 21.9;F;1;29;On;On;Off; 32.5; 32.0;0;6;970;6;970;6;784;1;-
2026/04/15;16:54:32;100;-; 56.56; 0.4;-; 76.7; 76.2; 25.0; 9.1; 15.9;1777; 0.5; 0.6; 0.6;25; 21.9;F;1;29;On;On;Off; 32.5; 32.0;0;6;970;6;970;6;784;1;-
2026/04/15;16:55:32;100;-; 56.56; 0.8;-; 75.9; 77.0; 42.5; 42.5; 0.0;1777; 0.5; 0.6; 0.6;25; 21.9;F;1;29;On;On;Off; 32.5; 32.0;0;6;970;6;970;6;784;1;-
2026/04/15;16:56:31;100;-; 56.58; 0.8;-; 76.1; 76.8; 44.0; 44.0; 0.0;1777; 0.5; 0.6; 0.6;25; 21.9;F;1;29;On;On;Off; 32.5; 32.0;0;6;970;6;970;6;784;1;-
2026/04/15;16:57:31;100;-; 56.56; 0.6;-; 76.6; 76.3; 31.8; 31.8; 0.0;1777; 0.5; 0.6; 0.6;25; 21.9;F;1;29;On;On;Off; 32.5; 32.0;0;6;970;6;970;6;784;1;-
2026/04/15;16:58:31;100;-; 56.56; 0.5;-; 76.6; 76.2; 30.3; 21.2; 9.1;1777; 0.4; 0.6; 0.6;24; 21.9;F;1;29;On;On;Off; 32.5; 32.0;0;6;970;6;970;6;784;1;-
2026/04/15;16:59:31;100;-; 56.56; 0.7;-; 76.6; 76.0; 38.7; 0.0; 38.7;1777; 0.5; 0.6; 0.6;25; 21.9;F;1;29;On;On;Off; 32.5; 32.0;0;6;970;6;970;6;784;1;-
2026/04/15;17:00:31;100;-; 56.56; 0.7;-; 76.7; 76.2; 41.0; 0.0; 41.0;1777; 0.5; 0.6; 0.6;25; 21.9;F;1;29;On;On;Off; 32.5; 32.0;0;6;970;6;970;6;784;1;-
2026/04/15;17:01:31;100;-; 56.58; 0.8;-; 75.7; 76.6; 47.0; 47.0; 0.0;1777; 0.5; 0.6; 0.6;25; 21.9;F;1;29;On;On;Off; 32.5; 32.0;0;6;970;6;970;6;784;1;-
2026/04/15;17:02:31;100;-; 56.58; 0.8;-; 76.5; 75.9; 47.8; 0.0; 47.8;1777; 0.5; 0.6; 0.6;25; 21.9;F;1;29;On;On;Off; 32.5; 32.0;0;6;970;6;970;6;784;1;-
2026/04/15;17:03:31;100;-; 56.56; 0.5;-; 76.6; 76.3; 25.8; 10.6; 15.2;1777; 0.5; 0.6; 0.6;25; 21.9;F;1;29;On;On;Off; 32.5; 32.0;0;6;970;6;970;6;784;1;-
2026/04/15;17:04:31;100;-; 56.56; 0.9;-; 76.2; 76.8; 53.1; 53.1; 0.0;1777; 0.5; 0.6; 0.6;25; 21.9;F;1;29;On;On;Off; 32.5; 32.0;0;6;970;6;970;6;784;1;-
2026/04/15;17:05:31;100;-; 56.56; 1.0;-; 75.8; 76.8; 56.9; 56.9; 0.0;1777; 0.4; 0.6; 0.6;24; 21.9;F;1;29;On;On;Off; 32.5; 32.0;0;6;970;6;970;6;784;1;-
2026/04/15;17:06:31;100;-; 56.58; 0.6;-; 76.2; 76.7; 34.1; 6.8; 27.3;1777; 0.4; 0.6; 0.6;24; 21.9;F;1;29;On;On;Off; 32.5; 32.0;0;6;970;6;970;6;784;1;-
2026/04/15;17:07:31;100;-; 56.56; 0.6;-; 76.8; 75.8; 34.9; 0.0; 34.9;1777; 0.4; 0.6; 0.6;24; 21.9;F;1;29;On;On;Off; 32.5; 32.0;0;6;970;6;970;6;784;1;-
2026/04/15;17:08:31;100;-; 56.58; 0.7;-; 76.8; 75.8; 41.8; 0.0; 41.8;1777; 0.4; 0.6; 0.6;24; 21.9;F;1;29;On;On;Off; 32.5; 32.0;0;6;970;6;970;6;784;1;-
2026/04/15;17:09:31;100;-; 56.56; 0.8;-; 76.2; 76.8; 43.2; 43.2; 0.0;1777; 0.4; 0.6; 0.6;24; 21.9;F;1;29;On;On;Off; 32.5; 32.0;0;6;970;6;970;6;784;1;-
2026/04/15;17:10:31;100;-; 56.58; 0.8;-; 76.9; 75.9; 43.2; 0.0; 43.2;1777; 0.4; 0.6; 0.6;24; 21.9;F;1;29;On;On;Off; 32.5; 32.0;0;6;970;6;970;6;784;1;-
2026/04/15;17:11:30;100;-; 56.56; 0.5;-; 76.3; 76.5; 28.8; 15.9; 12.9;1777; 0.4; 0.6; 0.6;24; 21.9;F;1;29;On;On;Off; 32.5; 32.0;0;6;970;6;970;6;784;1;-
2026/04/15;17:12:30;100;-; 56.56; 0.4;-; 76.9; 76.4; 24.2; 0.0; 24.2;1777; 0.4; 0.6; 0.6;24; 21.9;F;1;29;On;On;Off; 32.5; 32.0;0;6;970;6;970;6;784;1;-
2026/04/15;17:13:30;100;-; 56.56; 0.5;-; 76.4; 76.6; 30.3; 27.3; 3.0;1777; 0.4; 0.6; 0.6;24; 21.9;F;1;29;On;On;Off; 32.5; 32.0;0;6;970;6;970;6;784;1;-
2026/04/15;17:14:30;100;-; 56.56; 0.4;-; 76.3; 76.9; 24.2; 13.7; 10.6;1777; 0.5; 0.6; 0.6;25; 21.9;F;1;29;On;On;Off; 32.5; 32.0;0;6;970;6;970;6;784;1;-
2026/04/15;17:15:30;100;-; 56.56; 0.9;-; 75.9; 77.0; 49.3; 49.3; 0.0;1777; 0.4; 0.6; 0.6;24; 21.9;F;1;29;On;On;Off; 32.5; 32.0;0;6;970;6;970;6;784;1;-
2026/04/15;17:16:30;100;-; 56.56; 0.7;-; 76.0; 76.8; 37.2; 18.2; 19.0;1777; 0.4; 0.6; 0.6;24; 21.9;F;1;29;On;On;Off; 32.5; 32.0;0;6;970;6;970;6;784;1;-
2026/04/15;17:17:30;100;-; 56.56; 0.8;-; 76.1; 76.7; 47.8; 47.8; 0.0;1777; 0.4; 0.6; 0.6;24; 21.9;F;1;29;On;On;Off; 32.5; 32.0;0;6;970;6;970;6;784;1;-
2026/04/15;17:18:30;100;-; 56.56; 0.6;-; 76.6; 76.5; 32.6; 25.8; 6.8;1778; 0.4; 0.6; 0.6;24; 21.9;F;1;29;On;On;Off; 32.5; 32.0;0;6;970;6;970;6;784;1;-
2026/04/15;17:19:30;100;-; 56.56; 0.5;-; 76.7; 76.2; 28.8; 2.3; 26.6;1778; 0.5; 0.6; 0.6;25; 21.9;F;1;29;On;On;Off; 32.5; 32.0;0;6;970;6;970;6;784;1;-
2026/04/15;17:20:30;100;-; 56.56; 0.9;-; 76.3; 76.9; 48.6; 48.6; 0.0;1778; 0.5; 0.6; 0.6;25; 21.9;F;1;29;On;On;Off; 32.5; 32.0;0;6;970;6;970;6;784;1;-
2026/04/15;17:21:30;100;-; 56.56; 0.5;-; 76.3; 76.8; 28.8; 22.8; 6.1;1778; 0.4; 0.6; 0.6;24; 21.9;F;1;29;On;On;Off; 32.5; 32.0;0;6;970;6;970;6;784;1;-
2026/04/15;17:22:30;100;-; 56.56; 0.9;-; 75.8; 76.9; 50.1; 50.1; 0.0;1778; 0.5; 0.6; 0.6;25; 21.9;F;1;29;On;On;Off; 32.5; 32.0;0;6;970;6;970;6;784;1;-
2026/04/15;17:23:30;100;-; 56.56; 0.6;-; 76.8; 76.0; 33.4; 0.7; 32.6;1778; 0.4; 0.6; 0.6;24; 21.9;F;1;29;On;On;Off; 32.5; 32.0;0;6;970;6;970;6;784;1;-
2026/04/15;17:24:30;100;-; 56.58; 0.8;-; 76.7; 76.1; 43.2; 0.0; 43.2;1778; 0.4; 0.6; 0.6;24; 21.9;F;1;29;On;On;Off; 32.5; 32.0;0;6;970;6;970;6;784;1;-
2026/04/15;17:25:30;100;-; 56.58; 0.8;-; 76.9; 76.0; 46.3; 0.0; 46.3;1778; 0.4; 0.6; 0.6;24; 21.9;F;1;29;On;On;Off; 32.5; 32.0;0;6;970;6;970;6;784;1;-
2026/04/15;17:26:29;100;-; 56.58; 0.8;-; 75.9; 76.9; 47.0; 47.0; 0.0;1778; 0.4; 0.6; 0.6;24; 21.9;F;1;29;On;On;Off; 32.5; 32.0;0;6;970;6;970;6;784;1;-
2026/04/15;17:27:29;100;-; 56.56; 0.5;-; 76.8; 76.3; 27.3; 1.5; 25.8;1778; 0.4; 0.6; 0.6;23; 21.9;F;1;29;On;On;Off; 32.5; 32.0;0;6;970;6;970;6;784;1;-
2026/04/15;17:28:29;100;-; 56.56; 0.6;-; 76.0; 76.9; 31.8; 29.6; 2.3;1778; 0.4; 0.6; 0.6;24; 21.9;F;1;29;On;On;Off; 32.5; 32.0;0;6;970;6;970;6;784;1;-
2026/04/15;17:29:29;100;-; 56.58; 0.6;-; 76.8; 75.8; 35.6; 0.7; 34.9;1778; 0.4; 0.6; 0.6;24; 21.9;F;1;29;On;On;Off; 32.5; 32.0;0;6;970;6;970;6;784;1;-
2026/04/15;17:30:29;100;-; 56.56; 0.8;-; 76.0; 76.9; 45.5; 45.5; 0.0;1778; 0.5; 0.6; 0.6;25; 21.9;F;1;29;On;On;Off; 32.5; 32.0;0;6;970;6;970;6;784;1;-
2026/04/15;17:31:29;100;-; 56.56; 0.7;-; 76.8; 76.3; 41.0; 0.0; 41.0;1778; 0.5; 0.6; 0.6;25; 21.9;F;1;29;On;On;Off; 32.5; 32.0;0;6;970;6;970;6;784;1;-
2026/04/15;17:32:29;100;-; 56.56; 0.5;-; 75.8; 76.8; 30.3; 19.7; 10.6;1778; 0.4; 0.6; 0.6;24; 21.9;F;1;29;On;On;Off; 32.5; 32.0;0;6;970;6;970;6;784;1;-
2026/04/15;17:33:29;100;-; 56.56; 0.5;-; 76.1; 77.0; 29.6; 29.6; 0.0;1778; 0.4; 0.6; 0.6;24; 21.9;F;1;29;On;On;Off; 32.5; 32.0;0;6;970;6;970;7;785;1;-
2026/04/15;17:34:29;100;-; 56.56; 0.5;-; 76.8; 75.8; 27.3; 11.4; 15.9;1778; 0.4; 0.6; 0.6;24; 21.9;F;1;29;On;On;Off; 32.5; 32.0;0;6;970;6;970;7;785;1;-
2026/04/15;17:35:29;100;-; 56.56; 0.6;-; 76.3; 76.4; 33.4; 6.8; 26.6;1778; 0.4; 0.6; 0.6;24; 21.9;F;1;29;On;On;Off; 32.5; 32.0;0;6;970;6;970;7;785;1;-
2026/04/15;17:36:29;100;-; 56.56; 0.6;-; 76.4; 76.2; 34.2; 11.4; 22.8;1778; 0.4; 0.6; 0.6;24; 21.9;F;1;29;On;On;Off; 32.5; 32.0;0;6;970;6;970;7;785;1;-
2026/04/15;17:37:29;100;-; 56.56; 0.5;-; 76.3; 76.1; 27.3; 7.6; 19.7;1778; 0.4; 0.6; 0.6;24; 21.9;F;1;29;On;On;Off; 32.5; 32.0;0;6;970;6;970;7;785;1;-
2026/04/15;17:38:29;100;-; 56.56; 0.5;-; 76.2; 76.9; 31.1; 31.1; 0.0;1778; 0.4; 0.6; 0.6;23; 21.9;F;1;29;On;On;Off; 32.5; 32.0;0;6;970;6;970;7;785;1;-
2026/04/15;17:39:29;100;-; 56.56; 0.5;-; 76.9; 76.1; 30.4; 3.8; 26.6;1778; 0.4; 0.6; 0.6;23; 21.9;F;1;29;On;On;Off; 32.5; 32.0;0;6;970;6;970;7;785;1;-
2026/04/15;17:40:29;100;-; 56.56; 0.9;-; 76.8; 75.6; 48.6; 0.0; 48.6;1778; 0.4; 0.6; 0.6;24; 21.9;F;1;29;On;On;Off; 32.5; 32.0;0;6;970;6;970;7;785;1;-
2026/04/15;17:41:28;100;-; 56.58; 0.5;-; 76.9; 76.1; 31.1; 0.0; 31.1;1778; 0.4; 0.6; 0.6;24; 21.9;F;1;29;On;On;Off; 32.5; 32.0;0;6;970;6;970;7;785;1;-
2026/04/15;17:42:28;100;-; 56.56; 0.9;-; 75.4; 77.0; 50.8; 50.8; 0.0;1778; 0.4; 0.6; 0.6;24; 21.9;F;1;29;On;On;Off; 32.5; 32.0;0;6;970;6;970;7;785;1;-
2026/04/15;17:43:28;100;-; 56.58; 0.6;-; 76.0; 76.9; 31.8; 20.5; 11.4;1778; 0.4; 0.6; 0.6;23; 21.9;F;1;29;On;On;Off; 32.5; 32.0;0;6;970;6;970;7;785;1;-
2026/04/15;17:44:28;100;-; 56.58; 0.6;-; 76.5; 76.1; 33.3; 28.0; 5.3;1778; 0.4; 0.6; 0.6;24; 21.9;F;1;29;On;On;Off; 32.5; 32.0;0;6;970;6;970;7;785;1;-
2026/04/15;17:45:28;100;-; 56.56; 0.5;-; 76.5; 76.4; 28.8; 11.4; 17.5;1778; 0.4; 0.6; 0.6;23; 21.9;F;1;29;On;On;Off; 32.5; 32.0;0;6;970;6;970;7;785;1;-
2026/04/15;17:46:28;100;-; 56.56; 0.7;-; 75.9; 77.0; 38.0; 38.0; 0.0;1778; 0.4; 0.6; 0.6;23; 21.9;F;1;29;On;On;Off; 32.5; 32.0;0;6;970;6;970;7;785;1;-
2026/04/15;17:47:28;100;-; 56.58; 1.1;-; 75.8; 77.0; 62.2; 62.2; 0.0;1778; 0.4; 0.6; 0.6;23; 21.9;F;1;29;On;On;Off; 32.5; 32.0;0;7;971;7;971;7;785;1;-
2026/04/15;17:48:28;100;-; 56.56; 0.5;-; 76.8; 76.0; 30.3; 4.5; 25.8;1778; 0.4; 0.6; 0.6;23; 21.9;F;1;29;On;On;Off; 32.5; 32.0;0;7;971;7;971;7;785;1;-
2026/04/15;17:49:28;100;-; 56.58; 0.7;-; 77.0; 75.5; 41.0; 0.0; 41.0;1778; 0.4; 0.6; 0.6;24; 21.9;F;1;29;On;On;Off; 32.5; 32.0;0;7;971;7;971;7;785;1;-
2026/04/15;17:50:28;100;-; 56.56; 0.9;-; 75.6; 76.9; 50.8; 50.8; 0.0;1778; 0.4; 0.6; 0.6;23; 21.9;F;1;29;On;On;Off; 32.5; 32.0;0;7;971;7;971;7;785;1;-
2026/04/15;17:51:28;100;-; 56.56; 0.7;-; 76.1; 77.0; 38.7; 38.7; 0.0;1778; 0.4; 0.6; 0.6;24; 21.9;F;1;29;On;On;Off; 32.5; 32.0;0;7;971;7;971;7;785;1;-
2026/04/15;17:52:28;100;-; 56.58; 0.6;-; 76.8; 75.7; 35.6; 0.0; 35.6;1778; 0.4; 0.6; 0.6;24; 21.9;F;1;29;On;On;Off; 32.5; 32.0;0;7;971;7;971;7;785;1;-
2026/04/15;17:53:28;100;-; 56.56; 0.6;-; 76.5; 76.0; 35.6; 0.0; 35.6;1778; 0.4; 0.6; 0.6;24; 21.9;F;1;29;On;On;Off; 32.5; 32.0;0;7;971;7;971;7;785;1;-
2026/04/15;17:54:28;100;-; 56.58; 0.5;-; 76.6; 76.5; 29.6; 0.0; 29.6;1778; 0.4; 0.6; 0.6;24; 21.9;F;1;29;On;On;Off; 32.5; 32.0;0;7;971;7;971;7;785;1;-
2026/04/15;17:55:28;100;-; 56.58; 0.8;-; 77.1; 75.5; 44.8; 0.0; 44.8;1778; 0.4; 0.6; 0.6;24; 21.9;F;1;29;On;On;Off; 32.5; 32.0;0;7;971;7;971;7;785;1;-
2026/04/15;17:56:27;100;-; 56.58; 1.0;-; 75.6; 77.1; 59.2; 59.2; 0.0;1778; 0.4; 0.6; 0.6;24; 21.9;F;1;29;On;On;Off; 32.5; 32.0;0;7;971;7;971;7;785;1;-
2026/04/15;17:57:27;100;-; 56.56; 0.9;-; 76.1; 77.1; 49.3; 49.3; 0.0;1778; 0.4; 0.6; 0.6;24; 21.9;F;1;29;On;On;Off; 32.5; 32.0;0;7;971;7;971;7;785;1;-
2026/04/15;17:58:27;100;-; 56.56; 0.8;-; 76.0; 77.2; 44.8; 44.8; 0.0;1778; 0.4; 0.6; 0.6;24; 21.9;F;1;29;On;On;Off; 32.5; 32.0;0;7;971;7;971;7;785;1;-
2026/04/15;17:59:27;100;-; 56.56; 0.7;-; 75.7; 76.9; 41.0; 41.0; 0.0;1778; 0.4; 0.6; 0.6;24; 21.9;F;1;29;On;On;Off; 32.5; 32.0;0;7;971;7;971;7;785;1;-
2026/04/15;18:00:27;100;-; 56.56; 0.6;-; 76.2; 76.5; 33.4; 15.9; 17.5;1778; 0.4; 0.6; 0.6;24; 21.9;F;1;29;On;On;Off; 32.5; 32.0;0;7;971;7;971;7;785;1;-
2026/04/15;18:01:27;100;-; 56.56; 0.6;-; 76.5; 76.1; 32.6; 21.2; 11.4;1778; 0.4; 0.6; 0.6;24; 21.9;F;1;29;On;On;Off; 32.5; 32.0;0;7;971;7;971;7;785;1;-
2026/04/15;18:02:27;100;-; 56.58; 0.7;-; 76.7; 76.3; 41.8; 0.0; 41.8;1778; 0.4; 0.6; 0.6;24; 21.9;F;1;29;On;On;Off; 32.5; 32.0;0;7;971;7;971;7;785;1;-
2026/04/15;18:03:27;100;-; 56.58; 0.7;-; 76.8; 75.9; 39.4; 0.0; 39.4;1778; 0.4; 0.6; 0.6;24; 21.9;F;1;29;On;On;Off; 32.5; 32.0;0;7;971;7;971;7;785;1;-
2026/04/15;18:04:27;100;-; 56.58; 0.5;-; 76.5; 76.4; 28.0; 22.8; 5.3;1778; 0.4; 0.6; 0.6;24; 21.9;F;1;29;On;On;Off; 32.5; 32.0;0;7;971;7;971;7;785;1;-
2026/04/15;18:05:27;100;-; 56.56; 0.8;-; 76.1; 77.0; 45.6; 45.6; 0.0;1778; 0.5; 0.6; 0.6;25; 21.9;F;1;29;On;On;Off; 32.5; 32.0;0;7;971;7;971;7;785;1;-
2026/04/15;18:06:27;100;-; 56.56; 0.5;-; 76.6; 76.2; 31.0; 3.0; 28.0;1778; 0.5; 0.6; 0.6;25; 21.9;F;1;29;On;On;Off; 32.5; 32.0;0;7;971;7;971;7;785;1;-
2026/04/15;18:07:27;100;-; 56.56; 0.6;-; 77.1; 75.3; 31.8; 0.0; 31.8;1778; 0.5; 0.6; 0.6;25; 21.9;F;1;29;On;On;Off; 32.5; 32.0;0;7;971;7;971;7;785;1;-
2026/04/15;18:08:27;100;-; 56.58; 0.9;-; 77.0; 75.2; 48.6; 0.0; 48.6;1778; 0.4; 0.6; 0.6;24; 21.9;F;1;29;On;On;Off; 32.5; 32.0;0;7;971;7;971;7;785;1;-
2026/04/15;18:09:27;100;-; 56.58; 1.2;-; 75.3; 76.8; 68.3; 68.3; 0.0;1778; 0.4; 0.6; 0.6;24; 21.9;F;1;29;On;On;Off; 32.5; 32.0;0;7;971;7;971;7;785;1;-
2026/04/15;18:10:27;100;-; 56.56; 0.4;-; 76.8; 75.5; 22.0; 6.8; 15.2;1778; 0.4; 0.6; 0.6;24; 21.9;F;1;29;On;On;Off; 32.5; 32.0;0;7;971;7;971;7;785;1;-
2026/04/15;18:11:26;100;-; 56.58; 0.9;-; 75.4; 76.7; 53.1; 53.1; 0.0;1778; 0.4; 0.6; 0.6;24; 21.9;F;1;29;On;On;Off; 32.5; 32.0;0;7;971;7;971;7;785;1;-
2026/04/15;18:12:26;100;-; 56.56; 0.5;-; 76.9; 75.2; 28.0; 10.6; 17.5;1778; 0.4; 0.6; 0.6;24; 21.9;F;1;29;On;On;Off; 32.5; 32.0;0;7;971;7;971;7;785;1;-
2026/04/15;18:13:26;100;-; 56.56; 1.0;-; 75.4; 76.6; 56.1; 56.1; 0.0;1778; 0.4; 0.6; 0.6;24; 21.9;F;1;29;On;On;Off; 32.5; 32.0;0;7;971;7;971;7;785;1;-
2026/04/15;18:14:26;100;-; 56.56; 0.5;-; 75.8; 76.5; 25.7; 12.9; 12.9;1778; 0.4; 0.6; 0.6;24; 21.9;F;1;29;On;On;Off; 32.5; 32.0;0;7;971;7;971;7;785;1;-
2026/04/15;18:15:26;100;-; 56.58; 0.9;-; 77.0; 74.7; 49.3; 0.0; 49.3;1778; 0.4; 0.6; 0.6;24; 21.9;F;1;29;On;On;Off; 32.5; 32.0;0;7;971;7;971;7;785;1;-
2026/04/15;18:16:26;100;-; 56.56; 0.4;-; 76.4; 76.3; 20.4; 10.6; 9.9;1778; 0.4; 0.6; 0.6;24; 21.9;F;1;29;On;On;Off; 32.5; 32.0;0;7;971;7;971;7;785;1;-
2026/04/15;18:17:26;100;-; 56.56; 0.5;-; 76.4; 75.6; 31.1; 17.5; 13.7;1778; 0.4; 0.6; 0.6;24; 21.9;F;1;29;On;On;Off; 32.5; 32.0;0;7;971;7;971;7;785;1;-
2026/04/15;18:18:26;100;-; 56.56; 0.4;-; 76.6; 75.4; 23.5; 11.4; 12.1;1779; 0.4; 0.6; 0.6;24; 21.9;F;1;29;On;On;Off; 32.5; 32.0;0;7;971;7;971;7;785;1;-
2026/04/15;18:19:26;100;-; 56.56; 0.4;-; 75.4; 76.5; 25.0; 19.0; 6.1;1779; 0.4; 0.6; 0.6;24; 21.9;F;1;29;On;On;Off; 32.5; 32.0;0;7;971;7;971;7;785;1;-
2026/04/15;18:20:26;100;-; 56.56; 0.4;-; 76.1; 76.2; 24.2; 15.2; 9.1;1779; 0.4; 0.6; 0.6;23; 21.9;F;1;29;On;On;Off; 32.5; 32.0;0;7;971;7;971;7;785;1;-
2026/04/15;18:21:26;100;-; 56.56; 0.8;-; 75.2; 76.4; 42.5; 42.5; 0.0;1779; 0.4; 0.6; 0.6;23; 21.9;F;1;29;On;On;Off; 32.5; 32.0;0;7;971;7;971;7;785;1;-
2026/04/15;18:22:26;100;-; 56.56; 0.7;-; 75.2; 76.1; 37.2; 37.2; 0.0;1779; 0.4; 0.6; 0.6;24; 21.9;F;1;29;On;On;Off; 32.5; 32.0;0;7;971;7;971;7;785;1;-
2026/04/15;18:23:26;100;-; 56.56; 0.5;-; 75.7; 75.8; 28.8; 12.1; 16.7;1779; 0.5; 0.6; 0.6;25; 21.9;F;1;29;On;On;Off; 32.5; 32.0;0;7;971;7;971;7;785;1;-
2026/04/15;18:24:26;100;-; 56.56; 0.7;-; 75.7; 75.5; 40.2; 40.2; 0.0;1779; 0.4; 0.6; 0.6;24; 21.9;F;1;29;On;On;Off; 32.5; 32.0;0;7;971;7;971;7;785;1;-
2026/04/15;18:25:26;100;-; 56.58; 1.0;-; 74.5; 76.5; 55.4; 55.4; 0.0;1779; 0.4; 0.6; 0.6;24; 21.9;F;1;29;On;On;Off; 32.5; 32.0;0;7;971;7;971;7;785;1;-
2026/04/15;18:26:25;100;-; 56.56; 0.6;-; 76.5; 74.1; 31.8; 7.6; 24.2;1779; 0.4; 0.6; 0.6;24; 21.9;F;1;29;On;On;Off; 32.5; 32.0;0;7;971;7;971;7;785;1;-
2026/04/15;18:27:25;100;-; 56.56; 0.5;-; 74.7; 76.5; 27.3; 27.3; 0.0;1779; 0.4; 0.6; 0.6;24; 21.9;F;1;29;On;On;Off; 32.5; 31.9;0;7;971;7;971;7;785;1;-
2026/04/15;18:28:25;100;-; 56.58; 0.5;-; 76.3; 74.3; 29.6; 6.8; 22.8;1779; 0.5; 0.6; 0.6;25; 21.9;F;1;29;On;On;Off; 32.5; 31.9;0;7;971;7;971;7;785;1;-
2026/04/15;18:29:25;100;-; 56.56; 0.6;-; 76.2; 75.0; 35.6; 0.0; 35.6;1779; 0.5; 0.6; 0.6;25; 21.9;F;1;29;On;On;Off; 32.4; 31.9;0;7;971;7;971;7;785;1;-
2026/04/15;18:30:25;100;-; 56.56; 0.6;-; 74.5; 76.6; 34.2; 34.2; 0.0;1779; 0.5; 0.6; 0.6;25; 21.9;F;1;29;On;On;Off; 32.5; 31.9;0;7;971;7;971;7;785;1;-
2026/04/15;18:31:25;100;-; 56.56; 0.8;-; 76.2; 74.5; 47.8; 0.0; 47.8;1779; 0.5; 0.6; 0.6;25; 21.9;F;1;29;On;On;Off; 32.4; 31.9;0;7;971;7;971;7;785;1;-
2026/04/15;18:32:25;100;-; 56.56; 0.9;-; 73.7; 76.2; 53.1; 53.1; 0.0;1779; 0.5; 0.6; 0.6;25; 21.9;F;1;29;On;On;Off; 32.4; 32.0;0;7;971;7;971;7;785;1;-
2026/04/15;18:33:25;100;-; 56.56; 0.6;-; 76.0; 74.3; 33.4; 0.0; 33.4;1779; 0.5; 0.6; 0.6;25; 21.9;F;1;29;On;On;Off; 32.4; 31.9;0;7;971;7;971;7;785;1;-
2026/04/15;18:34:25;100;-; 56.56; 0.4;-; 74.9; 75.5; 24.2; 17.5; 6.8;1779; 0.5; 0.6; 0.6;25; 21.9;F;1;29;On;On;Off; 32.4; 31.9;0;7;971;7;971;7;785;1;-
2026/04/15;18:35:25;100;-; 56.56; 0.6;-; 75.3; 74.3; 34.9; 9.9; 25.0;1779; 0.5; 0.6; 0.6;25; 21.9;F;1;29;On;On;Off; 32.4; 31.9;0;7;971;7;971;7;785;1;-
2026/04/15;18:36:25;100;-; 56.56; 0.5;-; 74.9; 74.4; 30.3; 9.1; 21.2;1779; 0.5; 0.6; 0.6;25; 21.9;F;1;29;On;On;Off; 32.4; 31.9;0;7;971;7;971;7;785;1;-
2026/04/15;18:37:25;100;-; 56.56; 0.6;-; 74.1; 75.3; 35.6; 28.8; 6.8;1779; 0.5; 0.6; 0.6;25; 21.9;F;1;29;On;On;Off; 32.4; 31.9;0;7;971;7;971;7;785;1;-
2026/04/15;18:38:25;100;-; 56.58; 1.0;-; 73.0; 75.6; 54.6; 54.6; 0.0;1779; 0.5; 0.6; 0.6;25; 21.9;F;1;29;On;On;Off; 32.4; 31.9;0;7;971;7;971;7;785;1;-
2026/04/15;18:39:25;100;-; 56.54; 0.5;-; 74.7; 74.7; 28.0; 1.5; 26.6;1779; 0.5; 0.6; 0.6;25; 21.9;F;1;29;On;On;Off; 32.4; 31.9;0;7;971;7;971;7;785;1;-
2026/04/15;18:40:25;100;-; 56.56; 1.0;-; 70.5; 76.2; 55.4; 55.4; 0.0;1779; 0.5; 0.6; 0.6;25; 21.9;F;1;29;On;On;Off; 32.4; 31.9;0;7;971;7;971;7;785;1;-
2026/04/15;18:41:24;100;-; 56.56; 0.8;-; 74.8; 73.7; 43.2; 0.0; 43.2;1779; 0.5; 0.6; 0.6;25; 21.9;F;1;29;On;On;Off; 32.4; 31.9;0;7;971;7;971;7;785;1;-
2026/04/15;18:42:24;100;-; 56.56; 0.6;-; 74.7; 74.2; 33.4; 4.5; 28.8;1779; 0.5; 0.6; 0.6;25; 21.9;F;1;29;On;On;Off; 32.4; 31.9;0;7;971;7;971;7;785;1;-
2026/04/15;18:43:24;100;-; 56.56; 0.7;-; 70.5; 75.2; 41.0; 41.0; 0.0;1779; 0.5; 0.6; 0.6;25; 22.0;F;1;29;On;On;Off; 32.4; 31.9;0;7;971;7;971;7;785;1;-
2026/04/15;18:44:24;100;-; 56.56; 0.6;-; 73.8; 73.9; 34.2; 7.6; 26.6;1779; 0.5; 0.6; 0.6;25; 22.0;F;1;29;On;On;Off; 32.3; 31.9;0;7;971;7;971;7;785;1;-
2026/04/15;18:45:24;100;-; 56.56; 0.7;-; 73.1; 74.3; 37.2; 17.5; 19.7;1779; 0.5; 0.6; 0.6;25; 21.9;F;1;29;On;On;Off; 32.3; 31.9;0;7;971;7;971;7;785;1;-
2026/04/15;18:46:24;100;-; 56.54; 0.6;-; 71.0; 75.8; 34.2; 34.2; 0.0;1779; 0.5; 0.6; 0.6;26; 22.0;F;1;29;On;On;Off; 32.3; 31.9;0;7;971;7;971;7;785;1;-
2026/04/15;18:47:24;100;-; 56.56; 0.5;-; 73.7; 73.9; 29.6; 22.0; 7.6;1779; 0.5; 0.6; 0.6;25; 22.0;F;1;29;On;On;Off; 32.3; 31.9;0;7;971;7;971;7;785;1;-
2026/04/15;18:48:24;100;-; 56.56; 0.8;-; 70.0; 74.7; 43.2; 43.2; 0.0;1779; 0.5; 0.6; 0.6;25; 22.0;F;1;29;On;On;Off; 32.3; 31.9;0;7;971;7;971;7;785;1;-
2026/04/15;18:49:24;100;-; 56.56; 1.0;-; 66.6; 75.6; 54.6; 54.6; 0.0;1779; 0.5; 0.6; 0.6;26; 21.9;F;1;29;On;On;Off; 32.3; 31.9;0;7;971;7;971;7;785;1;-
2026/04/15;18:50:24;100;-; 56.58; 0.5;-; 72.7; 74.3; 27.3; 25.8; 1.5;1779; 0.4; 0.5; 0.5;23; 22.0;F;1;29;On;On;Off; 32.3; 30.6;0;7;971;7;971;7;785;1;-
2026/04/15;18:51:24;100;-; 56.56; 0.3;-; 74.0; 74.3; 16.7; 15.9; 0.7;1779; 0.2; 0.3; 0.3;13; 22.0;F;1;29;On;On;Off; 32.0; 29.7;0;7;971;7;971;7;785;1;-
2026/04/15;18:52:24;100;-; 56.56; 0.7;-; 70.8; 74.2; 40.2; 34.2; 6.1;1779; 0.4; 0.5; 0.5;20; 21.9;F;1;29;On;On;Off; 31.9; 31.2;0;7;971;7;971;7;785;1;-
2026/04/15;18:53:24;100;-; 56.56; 0.3;-; 73.2; 74.1; 18.2; 17.5; 0.7;1779; 0.5; 0.6; 0.6;25; 22.0;F;1;29;On;On;Off; 32.0; 31.6;0;7;971;7;971;7;785;1;-
2026/04/15;18:54:24;100;-; 56.56; 0.4;-; 71.5; 74.0; 24.2; 23.5; 0.7;1779; 0.3; 0.4; 0.4;14; 21.9;F;1;29;On;On;Off; 31.9; 29.6;0;7;971;7;971;7;785;1;-
2026/04/15;18:55:24;100;-; 56.54; 0.8;-; 66.3; 74.9; 42.5; 42.5; 0.0;1779; 0.3; 0.4; 0.4;15; 21.9;F;1;29;On;On;Off; 31.6; 30.3;0;7;971;7;971;7;785;1;-
2026/04/15;18:56:23;100;-; 56.56; 0.6;-; 69.7; 74.0; 32.6; 32.6; 0.0;1779; 0.5; 0.6; 0.6;25; 21.9;F;1;29;On;On;Off; 31.7; 31.3;0;7;971;7;971;7;785;1;-
2026/04/15;18:57:23;100;-; 56.56; 0.2;-; 73.0; 73.5; 12.1; 11.4; 0.7;1779; 0.3; 0.5; 0.5;18; 22.0;F;1;29;On;On;Off; 31.8; 29.6;0;7;971;7;971;7;785;1;-
2026/04/15;18:58:23;100;-; 56.56; 0.2;-; 72.9; 73.3; 12.9; 12.9; 0.0;1779; 0.2; 0.3; 0.3;12; 21.9;F;1;29;On;On;Off; 31.5; 29.2;0;7;971;7;971;7;785;1;-
2026/04/15;18:59:23;100;-; 55.47; 0.6;-; 72.2; 72.2; 32.7; 14.1; 18.6;1779; 0.3; 0.5; 0.5;17; 22.0;F;1;29;On;On;Off; 31.6; 30.9;0;7;971;7;971;7;785;1;-
2026/04/15;19:00:23;100;-; 55.02; 0.0;-; 73.0; 73.3; 1.4; 0.0; 1.4;1779; 0.4; 0.5; 0.5;20; 21.9;F;1;29;On;On;Off; 31.7; 30.2;0;7;971;7;971;7;785;1;-
2026/04/15;19:01:23;100;-; 54.15; 0.0;-; 73.0; 73.3; 0.7; 0.0; 0.7;1779;-0.2; 0.0; 0.0;-9; 21.9;F;1;29;On;On;Off; 29.4; 28.9;0;7;971;7;971;7;785;1;-
2026/04/15;19:02:23;100;-; 55.04; 0.6;-; 71.8; 72.4; 31.7; 16.2; 15.5;1779; 0.2; 0.3; 0.3;10; 21.9;F;1;29;On;On;Off; 30.3; 30.1;0;7;971;7;971;7;785;1;-
2026/04/15;19:03:23;100;-; 55.37; 0.5;-; 72.9; 72.0; 27.4; 7.4; 20.0;1779; 0.5; 0.6; 0.6;27; 22.0;F;1;29;On;On;Off; 31.2; 30.7;0;7;971;7;971;7;785;1;-
2026/04/15;19:04:23;100;-; 55.43; 0.3;-; 72.9; 72.2; 18.6; 0.0; 18.6;1779; 0.3; 0.5; 0.5;18; 21.9;F;1;29;On;On;Off; 29.7; 30.8;0;7;971;7;971;7;785;1;-
2026/04/15;19:05:23;100;-; 55.37; 0.3;-; 72.8; 72.1; 18.6; 0.0; 18.6;1779; 0.2; 0.3; 0.3;10; 21.9;F;1;29;On;On;Off; 29.2; 30.6;0;7;971;7;971;7;785;1;-
2026/04/15;19:06:23;100;-; 55.16; 0.6;-; 72.0; 71.9; 31.0; 13.3; 17.7;1779; 0.4; 0.5; 0.5;19; 21.9;F;1;29;On;On;Off; 31.0; 30.6;0;7;971;7;971;7;785;1;-
2026/04/15;19:07:23;100;-; 54.90; 0.0;-; 72.9; 72.8; 0.7; 0.0; 0.7;1779; 0.4; 0.5; 0.5;20; 21.9;F;1;29;On;On;Off; 30.6; 30.7;0;7;971;7;971;7;785;1;-
2026/04/15;19:08:23;100;-; 54.07; 0.0;-; 72.8; 72.6; 0.7; 0.0; 0.7;1779;-0.2; 0.0; 0.0;-9; 21.9;F;1;29;On;On;Off; 29.0; 28.6;0;7;971;7;971;7;785;1;-
2026/04/15;19:09:23;100;-; 54.58; 0.7;-; 71.1; 71.0; 35.9; 19.0; 16.8;1779; 0.1; 0.3; 0.3;7; 21.9;F;1;29;On;On;Off; 30.1; 29.5;0;7;971;7;971;7;785;1;-
2026/04/15;19:10:23;100;-; 54.72; 0.5;-; 71.5; 71.3; 30.0; 16.1; 13.9;1779; 0.5; 0.6; 0.6;26; 21.9;F;1;29;On;On;Off; 30.8; 30.3;0;7;971;7;971;7;785;1;-
2026/04/15;19:11:22;100;-; 54.29; 0.0;-; 72.6; 72.2; 0.7; 0.0; 0.7;1779; 0.3; 0.4; 0.4;13; 21.9;F;1;29;On;On;Off; 29.9; 29.0;0;7;971;7;971;7;785;1;-
2026/04/15;19:12:22;100;-; 53.87; 0.0;-; 72.7; 72.1; 0.7; 0.0; 0.7;1779;-0.2; 0.0; 0.0;-9; 21.9;F;1;29;On;On;Off; 28.6; 28.2;0;7;971;7;971;7;785;1;-
2026/04/15;19:13:22;100;-; 54.23; 0.6;-; 70.7; 70.6; 34.1; 18.9; 15.3;1779; 0.3; 0.4; 0.4;15; 21.9;F;1;29;On;On;Off; 30.2; 29.8;0;7;971;7;971;7;785;1;-
2026/04/15;19:14:22;100;-; 54.31; 0.3;-; 70.9; 71.8; 18.2; 17.5; 0.7;1779; 0.4; 0.6; 0.6;23; 21.9;F;1;29;On;On;Off; 30.6; 29.9;0;7;971;7;971;7;785;1;-
2026/04/15;19:15:22;100;-; 53.95; 0.0;-; 72.4; 71.7; 0.7; 0.0; 0.7;1779; 0.1; 0.2; 0.2;4; 21.9;F;1;29;On;On;Off; 29.3; 28.3;0;7;971;7;971;7;785;1;-
2026/04/15;19:16:22;100;-; 53.79; 0.3;-; 72.5; 70.0; 14.4; 0.0; 14.4;1779;-0.1; 0.1; 0.1;-5; 21.9;F;1;29;On;On;Off; 28.4; 29.2;0;7;971;7;971;7;785;1;-
2026/04/15;19:17:22;100;-; 53.89; 0.6;-; 70.3; 70.2; 31.1; 18.1; 13.0;1779; 0.3; 0.5; 0.5;17; 21.9;F;1;29;On;On;Off; 30.1; 29.8;0;7;971;7;971;7;785;1;-
2026/04/15;19:18:22;100;-; 53.89; 0.2;-; 71.6; 71.4; 10.1; 9.4; 0.7;1780; 0.3; 0.4; 0.4;15; 21.9;F;1;29;On;On;Off; 30.4; 28.2;0;7;971;7;971;7;785;1;-
2026/04/15;19:19:22;100;-; 53.74; 0.2;-; 71.9; 70.0; 12.2; 0.0; 12.2;1780;-0.0; 0.2; 0.2;0; 21.9;F;1;29;On;On;Off; 28.6; 28.0;0;7;971;7;971;7;785;1;-
2026/04/15;19:20:22;100;-; 53.62; 0.2;-; 71.8; 69.9; 12.2; 0.0; 12.2;1780; 0.0; 0.2; 0.2;1; 21.9;F;1;29;On;On;Off; 28.3; 29.6;0;7;971;7;971;7;785;1;-
2026/04/15;19:21:22;100;-; 53.60; 0.3;-; 70.0; 71.1; 13.6; 13.6; 0.0;1780; 0.2; 0.4; 0.4;9; 21.9;F;1;29;On;On;Off; 30.1; 28.5;0;7;971;7;971;7;785;1;-
2026/04/15;19:22:22;100;-; 53.56; 0.0;-; 71.3; 71.0; 0.7; 0.0; 0.7;1780; 0.0; 0.2; 0.2;2; 21.9;F;1;29;On;On;Off; 29.4; 27.8;0;7;971;7;971;7;785;1;-
2026/04/15;19:23:22;100;-; 53.50; 0.2;-; 71.3; 69.8; 11.5; 0.0; 11.5;1780;-0.1; 0.1; 0.1;-4; 21.9;F;1;29;On;On;Off; 28.1; 29.3;0;7;971;7;971;7;785;1;-
2026/04/15;19:24:22;100;-; 53.46; 0.2;-; 69.8; 70.8; 11.5; 11.5; 0.0;1780; 0.1; 0.3; 0.3;2; 21.9;F;1;29;On;On;Off; 29.6; 29.5;0;7;971;7;971;7;785;1;-
2026/04/15;19:25:22;100;-; 53.46; 0.2;-; 69.7; 70.6; 11.5; 10.8; 0.7;1780; 0.0; 0.2; 0.2;0; 21.9;F;1;29;On;On;Off; 30.0; 27.8;0;7;971;7;971;7;785;1;-
2026/04/15;19:26:22;100;-; 53.42; 0.2;-; 70.7; 69.6; 9.3; 0.0; 9.3;1780;-0.1; 0.1; 0.1;-6; 21.9;F;1;29;On;On;Off; 28.1; 28.7;0;7;971;7;971;7;785;1;-
2026/04/15;19:27:21;100;-; 53.36; 0.3;-; 69.5; 69.6; 17.8; 9.3; 8.5;1780;-0.1; 0.2; 0.2;-4; 21.9;F;1;29;On;On;Off; 28.4; 29.3;0;7;971;7;971;7;785;1;-
2026/04/15;19:28:21;100;-; 53.34; 0.2;-; 69.5; 70.1; 9.2; 8.5; 0.7;1780;-0.1; 0.2; 0.2;-2; 21.9;F;1;29;On;On;Off; 29.8; 27.8;0;7;971;7;971;7;785;1;-
2026/04/15;19:29:21;100;-; 53.32; 0.1;-; 70.2; 70.4; 4.3; 0.0; 4.3;1780;-0.1; 0.1; 0.1;-7; 21.9;F;1;29;On;On;Off; 28.3; 27.5;0;7;971;7;971;7;785;1;-
2026/04/15;19:30:21;100;-; 53.28; 0.1;-; 70.2; 69.4; 7.8; 0.0; 7.8;1780;-0.1; 0.1; 0.1;-7; 21.9;F;1;29;On;On;Off; 27.9; 29.1;0;7;971;7;971;7;785;1;-
2026/04/15;19:31:21;100;-; 53.24; 0.1;-; 70.1; 69.8; 5.6; 5.0; 0.7;1780;-0.1; 0.2; 0.2;-6; 21.9;F;1;29;On;On;Off; 29.6; 28.3;0;7;971;7;971;7;785;1;-
2026/04/15;19:32:21;100;-; 53.22; 0.0;-; 69.9; 69.6; 0.7; 0.0; 0.7;1780;-0.2; 0.1; 0.1;-9; 21.9;F;1;29;On;On;Off; 29.5; 27.5;0;7;971;7;971;7;785;1;-
2026/04/15;19:33:21;100;-; 53.16; 0.1;-; 69.6; 70.5; 2.8; 0.7; 2.1;1780;-0.2; 0.1; 0.1;-10; 21.9;F;1;29;On;On;Off; 27.8; 28.8;0;7;971;7;971;7;785;1;-
2026/04/15;19:34:21;100;-; 53.10; 0.1;-; 69.4; 70.4; 7.8; 6.4; 1.4;1780;-0.2; 0.2; 0.2;-11; 21.9;F;1;29;On;On;Off; 29.1; 29.1;0;7;971;7;971;7;785;1;-
2026/04/15;19:35:21;100;-; 53.10; 0.1;-; 69.3; 69.2; 6.4; 6.4; 0.0;1780;-0.2; 0.1; 0.1;-11; 21.9;F;1;29;On;On;Off; 29.6; 27.5;0;7;971;7;971;7;785;1;-
2026/04/15;19:36:21;100;-; 53.06; 0.1;-; 69.4; 69.2; 5.7; 0.0; 5.7;1780;-0.2; 0.1; 0.1;-10; 21.9;F;1;29;On;On;Off; 27.8; 28.0;0;7;971;7;971;7;785;1;-
2026/04/15;19:37:21;99;-; 53.01; 0.2;-; 69.2; 69.1; 11.4; 5.7; 5.7;1780;-0.2; 0.1; 0.1;-11; 21.9;F;1;29;On;On;Off; 27.7; 29.0;0;7;971;7;971;7;785;1;-
2026/04/15;19:38:21;99;-; 52.99; 0.0;-; 70.0; 68.8; 2.1; 2.1; 0.0;1780;-0.3; 0.2; 0.2;-13; 21.9;F;1;29;On;On;Off; 29.6; 27.6;0;7;971;7;971;7;785;1;-
2026/04/15;19:39:21;99;-; 52.99; 0.0;-; 68.8; 68.6; 0.7; 0.0; 0.7;1780;-0.2; 0.1; 0.1;-12; 21.9;F;1;29;On;On;Off; 28.3; 27.3;0;7;971;7;971;7;785;1;-
2026/04/15;19:40:21;99;-; 52.93; 0.1;-; 68.8; 69.3; 3.6; 0.0; 3.6;1780;-0.2; 0.1; 0.1;-12; 21.9;F;1;29;On;On;Off; 27.6; 28.8;0;7;971;7;971;7;785;1;-
2026/04/15;19:41:21;99;-; 52.89; 0.1;-; 69.1; 68.3; 4.2; 4.2; 0.0;1780;-0.3; 0.1; 0.1;-15; 21.9;F;1;29;On;On;Off; 29.3; 28.4;0;7;971;7;971;7;785;1;-
2026/04/15;19:42:20;99;-; 52.87; 0.0;-; 68.2; 68.3; 0.7; 0.0; 0.7;1780;-0.3; 0.1; 0.1;-13; 21.9;F;1;29;On;On;Off; 29.5; 27.3;0;7;971;7;971;7;785;1;-
2026/04/15;19:43:20;99;-; 52.83; 0.0;-; 68.2; 69.9; 1.4; 0.0; 1.4;1780;-0.2; 0.0; 0.0;-11; 21.9;F;1;29;On;On;Off; 27.6; 28.5;0;7;971;7;971;7;785;1;-
2026/04/15;19:44:20;99;-; 52.75; 0.0;-; 70.2; 70.0; 0.0; 0.0; 0.0;1780;-0.3; 0.1; 0.1;-15; 21.9;F;1;29;On;On;Off; 28.6; 28.9;0;7;971;7;971;7;785;1;-
2026/04/15;19:45:20;99;-; 52.75; 0.0;-; 69.2; 67.4; 2.1; 1.4; 0.7;1780;-0.3; 0.1; 0.1;-17; 21.9;F;1;29;On;On;Off; 29.4; 27.3;0;7;971;7;971;7;785;1;-
2026/04/15;19:46:20;99;-; 52.77; 0.0;-; 67.5; 67.2; 0.7; 0.0; 0.7;1780;-0.3; 0.0; 0.0;-13; 21.9;F;1;29;On;On;Off; 27.7; 27.2;0;7;971;7;971;7;785;1;-
2026/04/15;19:47:20;99;-; 52.75; 0.0;-; 67.1; 66.9; 0.7; 0.0; 0.7;1780;-0.2; 0.0; 0.0;-10; 21.9;F;1;29;On;On;Off; 27.2; 26.8;0;7;971;7;971;7;785;1;-
2026/04/15;19:48:20;99;-; 52.67; 0.0;-; 70.9; 66.7; 0.0; 0.0; 0.0;1780;-0.3; 0.0; 0.0;-16; 21.9;F;1;29;On;On;Off; 28.9; 26.8;0;7;971;7;971;7;785;1;-
2026/04/15;19:49:20;99;-; 52.69; 0.0;-; 66.6; 66.3; 0.7; 0.0; 0.7;1780;-0.4; 0.0; 0.0;-18; 21.9;F;1;29;On;On;Off; 28.1; 26.8;0;7;971;7;971;7;785;1;-
2026/04/15;19:50:20;99;-; 52.69; 0.0;-; 66.1; 65.9; 0.7; 0.0; 0.7;1780;-0.2; 0.0; 0.0;-10; 21.9;F;1;29;On;On;Off; 27.1; 26.6;0;7;971;7;971;7;785;1;-
2026/04/15;19:51:20;99;-; 52.69; 0.0;-; 65.8; 65.5; 0.7; 0.0; 0.7;1780;-0.2; 0.0; 0.0;-10; 21.9;F;1;29;On;On;Off; 26.9; 26.5;0;7;971;7;971;7;785;1;-
2026/04/15;19:52:20;99;-; 52.67; 0.0;-; 65.3; 65.1; 0.0; 0.0; 0.0;1780;-0.2; 0.0; 0.0;-9; 21.9;F;1;29;On;On;Off; 26.7; 26.3;0;7;971;7;971;7;785;1;-
2026/04/15;19:53:20;99;-; 52.69; 0.0;-; 65.0; 64.7; 0.7; 0.0; 0.7;1780;-0.2; 0.0; 0.0;-9; 21.9;F;1;29;On;On;Off; 26.6; 26.3;0;7;971;7;971;7;785;1;-
2026/04/15;19:54:20;99;-; 52.67; 0.0;-; 64.6; 64.2; 0.7; 0.0; 0.7;1780;-0.2; 0.0; 0.0;-9; 21.9;F;1;29;On;On;Off; 26.6; 26.1;0;7;971;7;971;7;785;1;-
2026/04/15;19:55:20;99;-; 52.67; 0.0;-; 64.1; 63.9; 0.7; 0.0; 0.7;1780;-0.2; 0.0; 0.0;-9; 21.9;F;1;29;On;On;Off; 26.4; 26.0;0;7;971;7;971;7;785;1;-
2026/04/15;19:56:20;99;-; 52.67; 0.0;-; 63.8; 63.3; 0.7; 0.0; 0.7;1780;-0.2; 0.0; 0.0;-10; 21.9;F;1;29;On;On;Off; 26.3; 25.9;0;7;971;7;971;7;785;1;-
2026/04/15;19:57:19;99;-; 52.67; 0.0;-; 63.3; 63.0; 0.0; 0.0; 0.0;1780;-0.2; 0.0; 0.0;-10; 21.9;F;1;29;On;On;Off; 26.2; 25.9;0;7;971;7;971;7;785;1;-
2026/04/15;19:58:19;99;-; 52.67; 0.0;-; 62.7; 62.4; 0.7; 0.0; 0.7;1780;-0.2; 0.0; 0.0;-10; 21.9;F;1;29;On;On;Off; 26.2; 25.8;0;7;971;7;971;7;785;1;-
2026/04/15;19:59:19;99;-; 52.65; 0.0;-; 62.3; 61.9; 0.7; 0.0; 0.7;1780;-0.2; 0.0; 0.0;-10; 21.9;F;1;29;On;On;Off; 26.1; 25.6;0;7;971;7;971;7;785;1;-
2026/04/15;20:00:19;99;-; 52.65; 0.0;-; 61.5; 61.3; 1.4; 0.7; 0.7;1780;-0.2; 0.0; 0.0;-10; 21.9;F;1;29;On;On;Off; 26.0; 25.6;0;7;971;7;971;7;785;1;-
2026/04/15;20:01:19;99;-; 52.63; 0.0;-; 61.1; 60.9; 0.0; 0.0; 0.0;1780;-0.2; 0.0; 0.0;-10; 21.9;F;1;29;On;On;Off; 26.0; 25.6;0;7;971;7;971;7;785;1;-
2026/04/15;20:02:19;99;-; 52.63; 0.0;-; 60.4; 60.1; 0.7; 0.0; 0.7;1780;-0.2; 0.0; 0.0;-10; 21.9;F;1;29;On;On;Off; 25.9; 25.4;0;7;971;7;971;7;785;1;-
2026/04/15;20:03:19;99;-; 52.63; 0.0;-; 59.9; 59.4; 0.7; 0.0; 0.7;1780;-0.2; 0.0; 0.0;-9; 21.9;F;1;29;On;On;Off; 25.8; 25.4;0;7;971;7;971;7;785;1;-
2026/04/15;20:04:19;99;-; 52.63; 0.0;-; 59.0; 58.6; 0.0; 0.0; 0.0;1780;-0.2; 0.0; 0.0;-9; 21.9;F;1;29;On;On;Off; 25.7; 25.3;0;7;971;7;971;7;785;1;-
2026/04/15;20:05:19;99;-; 52.63; 0.0;-; 58.3; 57.8; 0.0; 0.0; 0.0;1780;-0.2; 0.0; 0.0;-9; 21.9;F;1;29;On;On;Off; 25.6; 25.2;0;7;971;7;971;7;785;1;-
2026/04/15;20:06:19;99;-; 52.63; 0.0;-; 57.5; 57.1; 0.0; 0.0;-;1780;-0.2; 0.0; 0.0;-10; 21.9;F;1;29;On;On;Off; 25.6; 25.2;0;7;971;7;971;7;785;1;-
2026/04/15;20:07:19;99;-; 52.63; 0.0;-; 57.0; 56.4; 0.0;-;-;1780;-0.2; 0.0; 0.0;-10; 21.9;F;1;29;On;On;Off; 25.5; 25.2;0;7;971;7;971;7;785;0;-
2026/04/15;20:08:19;99;-; 52.61; 0.0;-; 56.4; 55.7; 0.0;-;-;1780;-0.2; 0.0; 0.0;-9; 21.9;F;1;29;On;On;Off; 25.4; 25.1;0;7;971;7;971;7;785;0;-
2026/04/15;20:09:19;99;-; 52.63; 0.0;-; 55.6; 54.9; 0.0;-;-;1780;-0.2; 0.0; 0.0;-9; 21.9;F;1;29;On;On;Off; 25.3; 25.0;0;7;971;7;971;7;785;0;-
2026/04/15;20:10:19;99;-; 52.61; 0.0;-; 54.9; 54.1; 0.0;-;-;1780;-0.2; 0.0; 0.0;-9; 21.9;F;1;29;On;On;Off; 25.2; 24.9;0;7;971;7;971;7;785;0;-
2026/04/15;20:11:19;99;-; 52.59; 0.0;-; 54.1; 53.4; 0.0;-;-;1780;-0.2; 0.0; 0.0;-9; 21.9;F;1;29;On;On;Off; 25.2; 24.9;0;7;971;7;971;7;785;0;-
2026/04/15;20:12:18;99;-; 52.59; 0.0;-; 53.5; 52.5; 0.0;-;-;1780;-0.2; 0.0; 0.0;-9; 21.9;F;1;29;On;On;Off; 25.1; 24.8;0;7;971;7;971;7;785;0;-
2026/04/15;20:13:18;99;-; 52.61; 0.0;-; 52.7; 51.8; 0.0;-;-;1780;-0.2; 0.0; 0.0;-9; 21.9;F;1;29;On;On;Off; 25.0; 24.7;0;7;971;7;971;7;785;0;-
2026/04/15;20:14:18;99;-; 52.61; 0.0;-; 51.8; 50.9; 0.0;-;-;1780;-0.2; 0.0; 0.0;-9; 21.9;F;1;29;On;On;Off; 24.9; 24.7;0;7;971;7;971;7;785;0;-
2026/04/15;20:15:18;99;-; 52.61; 0.0;-; 51.1; 50.2; 0.0;-;-;1780;-0.2; 0.0; 0.0;-8; 21.9;F;1;29;On;On;Off; 24.9; 24.6;0;7;971;7;971;7;785;0;-
2026/04/15;20:16:18;99;-; 52.61; 0.0;-; 50.3; 49.1; 0.0;-;-;1780;-0.2; 0.0; 0.0;-9; 21.9;F;1;29;On;On;Off; 24.9; 24.6;0;7;971;7;971;7;785;0;-
2026/04/15;20:17:18;99;-; 52.61; 0.0;-; 49.5; 48.4; 0.0;-;-;1780;-0.2; 0.0; 0.0;-9; 21.9;F;1;29;On;On;Off; 24.8; 24.5;0;7;971;7;971;7;785;0;-
2026/04/15;20:18:18;99;-; 52.59; 0.0;-; 48.7; 47.7; 0.0;-;-;1781;-0.2; 0.0; 0.0;-9; 21.9;F;1;29;On;On;Off; 24.7; 24.4;0;7;971;7;971;7;785;0;-
2026/04/15;20:19:18;99;-; 52.59; 0.0;-; 47.9; 46.7; 0.0;-;-;1781;-0.2; 0.0; 0.0;-9; 21.9;F;1;29;On;On;Off; 24.7; 24.4;0;7;971;7;971;7;785;0;-
2026/04/15;20:20:18;99;-; 52.59; 0.0;-; 47.3; 46.0; 0.0;-;-;1781;-0.2; 0.0; 0.0;-9; 21.9;F;1;29;On;On;Off; 24.6; 24.3;0;7;971;7;971;7;785;0;-
2026/04/15;20:21:18;99;-; 52.59; 0.0;-; 46.3; 45.0; 0.0;-;-;1781;-0.2; 0.0; 0.0;-9; 21.9;F;1;29;On;On;Off; 24.6; 24.3;0;7;971;7;971;7;785;0;-
2026/04/15;20:22:18;99;-; 52.59; 0.0;-; 45.4; 44.1; 0.0;-;-;1781;-0.2; 0.0; 0.0;-9; 21.9;F;1;29;On;On;Off; 24.5; 24.3;0;7;971;7;971;7;785;0;-
2026/04/15;20:23:18;99;-; 52.59; 0.0;-; 44.6; 43.2; 0.0;-;-;1781;-0.2; 0.0; 0.0;-9; 21.8;F;1;29;On;On;Off; 24.5; 24.2;0;7;971;7;971;7;785;0;-
2026/04/15;20:24:18;99;-; 52.59; 0.0;-; 43.6; 42.2; 0.0;-;-;1781;-0.2; 0.0; 0.0;-9; 21.8;F;1;29;On;On;Off; 24.4; 24.2;0;7;971;7;971;7;785;0;-
2026/04/15;20:25:18;99;-; 52.59; 0.0;-; 42.7; 41.2; 0.0;-;-;1781;-0.2; 0.0; 0.0;-9; 21.8;F;1;29;On;On;Off; 24.4; 24.1;0;7;971;7;971;7;785;0;-
2026/04/15;20:26:18;99;-; 52.57; 0.0;-; 41.7; 40.2; 0.0;-;-;1781;-0.2; 0.0; 0.0;-9; 21.8;F;1;29;On;On;Off; 24.3; 24.1;0;7;971;7;971;7;785;0;-
2026/04/15;20:27:18;99;-; 52.57; 0.0;-; 40.8; 39.1; 0.0;-;-;1781;-0.2; 0.0; 0.0;-9; 21.8;F;1;29;On;On;Off; 24.3; 24.0;0;7;971;7;971;7;785;0;-
2026/04/15;20:28:17;99;-; 52.57; 0.0;-; 39.8; 38.2; 0.0;-;-;1781;-0.2; 0.0; 0.0;-9; 21.8;F;1;29;On;On;Off; 24.3; 24.0;0;7;971;7;971;7;785;0;-
2026/04/15;20:29:17;99;-; 52.57; 0.0;-; 38.8; 37.4; 0.0;-;-;1781;-0.2; 0.0; 0.0;-9; 21.8;F;1;29;On;On;Off; 24.3; 24.0;0;7;971;7;971;7;785;0;-
2026/04/15;20:30:17;99;-; 52.57; 0.0;-; 37.9; 36.4; 0.0;-;-;1781;-0.2; 0.0; 0.0;-9; 21.8;F;1;29;On;On;Off; 24.2; 24.0;0;7;971;7;971;7;785;0;-
2026/04/15;20:31:17;99;-; 52.57; 0.0;-; 37.0; 35.4; 0.0;-;-;1781;-0.2; 0.0; 0.0;-9; 21.8;F;1;29;On;On;Off; 24.2; 23.9;0;7;971;7;971;7;785;0;-
2026/04/15;20:32:17;99;-; 52.57; 0.0;-; 36.0; 34.5; 0.0;-;-;1781;-0.2; 0.0; 0.0;-9; 21.8;F;1;29;On;On;Off; 24.1; 23.9;0;7;971;7;971;7;785;0;-
2026/04/15;20:33:17;99;-; 52.57; 0.0;-; 35.0; 33.5; 0.0;-;-;1781;-0.2; 0.0; 0.0;-9; 21.8;F;1;29;On;On;Off; 24.1; 23.8;0;7;971;7;971;7;785;0;-
2026/04/15;20:34:17;99;-; 52.55; 0.0;-; 34.1; 32.6; 0.0;-;-;1781;-0.2; 0.0; 0.0;-9; 21.8;F;1;29;On;On;Off; 24.1; 23.8;0;7;971;7;971;7;785;0;-
2026/04/15;20:35:17;99;-; 52.57; 0.0;-; 33.1; 31.5; 0.0;-;-;1781;-0.2; 0.0; 0.0;-9; 21.8;F;1;29;On;On;Off; 24.0; 23.8;0;7;971;7;971;7;785;0;-
2026/04/15;20:36:17;99;-; 52.57; 0.0;-; 32.0; 30.5; 0.0;-;-;1781;-0.2; 0.0; 0.0;-9; 21.8;F;1;29;On;On;Off; 24.0; 23.8;0;7;971;7;971;7;785;0;-
2026/04/15;20:37:17;99;-; 52.55; 0.0;-; 32.2; 29.4; 0.0;-;-;1781;-0.2; 0.0; 0.0;-9; 21.8;F;1;29;On;On;Off; 24.0; 23.7;0;7;971;7;971;7;785;0;-
2026/04/15;20:38:17;99;-; 52.55; 0.0;-; 30.2; 28.2; 0.0;-;-;1781;-0.2; 0.0; 0.0;-9; 21.8;F;1;29;On;On;Off; 24.0; 23.7;0;7;971;7;971;7;785;0;-
2026/04/15;20:39:17;99;-; 52.55; 0.0;-; 29.3; 27.1; 0.0;-;-;1781;-0.2; 0.0; 0.0;-9; 21.8;F;1;29;On;On;Off; 23.9; 23.7;0;7;971;7;971;7;785;0;-
2026/04/15;20:40:17;99;-; 52.55; 0.0;-; 27.8; 25.9; 0.0;-;-;1781;-0.2; 0.0; 0.0;-8; 21.8;F;1;29;On;On;Off; 23.9; 23.6;0;7;971;7;971;7;785;0;-
2026/04/15;20:41:17;99;-; 52.55; 0.0;-; 26.3; 24.7; 0.0;-;-;1781;-0.2; 0.0; 0.0;-8; 21.8;F;1;29;On;On;Off; 23.9; 23.6;0;7;971;7;971;7;785;0;-
2026/04/15;20:42:17;99;-; 52.55; 0.0;-; 25.3; 23.4; 0.0;-;-;1781;-0.2; 0.0; 0.0;-8; 21.8;F;1;29;On;On;Off; 23.9; 23.6;0;7;971;7;971;7;785;0;-
2026/04/15;20:43:16;99;-; 52.55; 0.0;-; 24.2; 22.3; 0.0;-;-;1781;-0.2; 0.0; 0.0;-9; 21.8;F;1;29;On;On;Off; 23.8; 23.6;0;7;971;7;971;7;785;0;-
2026/04/15;20:44:16;99;-; 52.55; 0.0;-; 23.1; 21.3; 0.0;-;-;1781;-0.2; 0.0; 0.0;-9; 21.8;F;1;29;On;On;Off; 23.8; 23.5;0;7;971;7;971;7;785;0;-
2026/04/15;20:45:16;99;-; 52.55; 0.0;-; 22.1; 20.3; 0.0;-;-;1781;-0.2; 0.0; 0.0;-9; 21.8;F;1;29;On;On;Off; 23.8; 23.5;0;7;971;7;971;7;785;0;-
2026/04/15;20:46:16;99;-; 52.55; 0.0;-; 21.1; 19.1; 0.0;-;-;1781;-0.2; 0.0; 0.0;-9; 21.8;F;1;29;On;On;Off; 23.8; 23.5;0;7;971;7;971;7;785;0;-
2026/04/15;20:47:16;99;-; 52.53; 0.0;-; 20.3; 18.0; 0.0;-;-;1781;-0.2; 0.0; 0.0;-9; 21.8;F;1;29;On;On;Off; 23.8; 23.5;0;7;971;7;971;7;785;0;-
2026/04/15;20:48:16;99;-; 52.53; 0.0;-; 19.0; 17.1; 0.0;-;-;1781;-0.2; 0.0; 0.0;-9; 21.8;F;1;29;On;On;Off; 23.7; 23.5;0;7;971;7;971;7;785;0;-
2026/04/15;20:49:16;99;-; 52.53; 0.0;-; 18.1; 16.3; 0.0;-;-;1781;-0.2; 0.0; 0.0;-10; 21.8;F;1;29;On;On;Off; 23.7; 23.4;0;7;971;7;971;7;785;0;-
2026/04/15;20:50:16;99;-; 52.53; 0.0;-; 17.3; 15.4; 0.0;-;-;1781;-0.2; 0.0; 0.0;-10; 21.8;F;1;29;On;On;Off; 23.7; 23.4;0;7;971;7;971;7;785;0;-
2026/04/15;20:51:16;99;-; 52.51; 0.0;-; 16.5; 14.6; 0.0;-;-;1781;-0.2; 0.0; 0.0;-9; 21.8;F;1;29;On;On;Off; 23.7; 23.4;0;7;971;7;971;7;785;0;-
2026/04/15;20:52:16;99;-; 52.53; 0.0;-; 15.7; 13.9; 0.0;-;-;1781;-0.2; 0.0; 0.0;-9; 21.8;F;1;29;On;On;Off; 23.7; 23.4;0;7;971;7;971;7;785;0;-
2026/04/15;20:53:16;99;-; 52.53; 0.0;-; 15.1; 13.0; 0.0;-;-;1781;-0.2; 0.0; 0.0;-9; 21.8;F;1;29;On;On;Off; 23.6; 23.4;0;7;971;7;971;7;785;0;-
2026/04/15;20:54:16;99;-; 52.53; 0.0;-; 14.5; 12.5; 0.0;-;-;1781;-0.2; 0.0; 0.0;-9; 21.8;F;1;29;On;On;Off; 23.6; 23.4;0;7;971;7;971;7;785;0;-
2026/04/15;20:55:16;99;-; 52.53; 0.0;-; 13.8; 11.9; 0.0;-;-;1781;-0.2; 0.0; 0.0;-9; 21.8;F;1;29;On;On;Off; 23.6; 23.3;0;7;971;7;971;7;785;0;-
2026/04/15;20:56:16;99;-; 52.53; 0.0;-; 13.4; 11.4; 0.0;-;-;1781;-0.2; 0.0; 0.0;-10; 21.8;F;1;29;On;On;Off; 23.6; 23.3;0;7;971;7;971;7;785;0;-
2026/04/15;20:57:16;99;-; 52.53; 0.0;-; 12.8; 10.9; 0.0;-;-;1781;-0.2; 0.0; 0.0;-9; 21.8;F;1;29;On;On;Off; 23.6; 23.3;0;7;971;7;971;7;785;0;-
2026/04/15;20:58:16;99;-; 52.49; 0.0;-; 13.0; 10.6; 0.0;-;-;1781;-0.2; 0.0; 0.0;-9; 21.8;F;1;29;On;On;Off; 23.6; 23.3;0;7;971;7;971;7;785;0;-
2026/04/15;20:59:15;99;-; 52.51; 0.0;-; 11.9; 10.0; 0.0;-;-;1781;-0.2; 0.0; 0.0;-9; 21.8;F;1;29;On;On;Off; 23.6; 23.3;0;7;971;7;971;7;785;0;-
2026/04/15;21:00:15;99;-; 52.51; 0.0;-; 11.6; 9.6; 0.0;-;-;1781;-0.2; 0.0; 0.0;-9; 21.8;F;1;29;On;On;Off; 23.5; 23.3;0;7;971;7;971;7;785;0;-
2026/04/15;21:01:15;99;-; 52.51; 0.0;-; 11.1; 9.2; 0.0;-;-;1781;-0.2; 0.0; 0.0;-9; 21.8;F;1;29;On;On;Off; 23.5; 23.2;0;7;971;7;971;7;785;0;-
2026/04/15;21:02:15;99;-; 52.51; 0.0;-; 10.9; 8.9; 0.0;-;-;1781;-0.2; 0.0; 0.0;-9; 21.8;F;1;29;On;On;Off; 23.5; 23.2;0;7;971;7;971;7;785;0;-
2026/04/15;21:03:15;99;-; 52.51; 0.0;-; 10.7; 8.5; 0.0;-;-;1781;-0.2; 0.0; 0.0;-10; 21.9;F;1;29;On;On;Off; 23.5; 23.2;0;7;971;7;971;7;785;0;-
2026/04/15;21:04:15;99;-; 52.51; 0.0;-; 10.4; 8.4; 0.0;-;-;1781;-0.2; 0.0; 0.0;-10; 21.8;F;1;29;On;On;Off; 23.5; 23.2;0;7;971;7;971;7;785;0;-
2026/04/15;21:05:15;99;-; 52.51; 0.0;-; 10.3; 8.2; 0.0;-;-;1781;-0.2; 0.0; 0.0;-10; 21.8;F;1;29;On;On;Off; 23.5; 23.2;0;7;971;7;971;7;785;0;-
2026/04/15;21:06:15;99;-; 52.49; 0.0;-; 10.3; 7.9; 0.0;-;-;1781;-0.2; 0.0; 0.0;-9; 21.9;F;1;29;On;On;Off; 23.5; 23.2;0;7;971;7;971;7;785;0;-
2026/04/15;21:07:15;99;-; 52.49; 0.0;-; 10.0; 8.0; 0.0;-;-;1781;-0.2; 0.0; 0.0;-9; 21.8;F;1;29;On;On;Off; 23.5; 23.2;0;7;971;7;971;7;785;0;-
2026/04/15;21:08:15;99;-; 52.47; 0.0;-; 9.9; 7.7; 0.0;-;-;1781;-0.2; 0.0; 0.0;-9; 21.9;F;1;29;On;On;Off; 23.4; 23.2;0;7;971;7;971;7;785;0;-
2026/04/15;21:09:15;99;-; 52.49; 0.0;-; 9.8; 7.5; 0.0;-;-;1781;-0.2; 0.0; 0.0;-9; 21.9;F;1;29;On;On;Off; 23.4; 23.2;0;7;971;7;971;7;785;0;-
2026/04/15;21:10:15;99;-; 52.47; 0.0;-; 9.6; 7.5; 0.0;-;-;1781;-0.2; 0.0; 0.0;-9; 21.9;F;1;29;On;On;Off; 23.4; 23.1;0;7;971;7;971;7;785;0;-
2026/04/15;21:11:15;99;-; 52.49; 0.0;-; 9.4; 7.3; 0.0;-;-;1781;-0.2; 0.0; 0.0;-9; 21.9;F;1;29;On;On;Off; 23.4; 23.1;0;7;971;7;971;7;785;0;-
2026/04/15;21:12:15;99;-; 52.49; 0.0;-; 9.5; 7.2; 0.0;-;-;1781;-0.2; 0.0; 0.0;-9; 21.9;F;1;29;On;On;Off; 23.4; 23.1;0;7;971;7;971;7;785;0;-
2026/04/15;21:13:15;99;-; 52.49; 0.0;-; 9.1; 7.1; 0.0;-;-;1781;-0.2; 0.0; 0.0;-9; 21.9;F;1;29;On;On;Off; 23.4; 23.1;0;7;971;7;971;7;785;0;-
2026/04/15;21:14:14;99;-; 52.49; 0.0;-; 9.1; 7.0; 0.0;-;-;1781;-0.2; 0.0; 0.0;-9; 21.9;F;1;29;On;On;Off; 23.4; 23.1;0;7;971;7;971;7;785;0;-
2026/04/15;21:15:14;99;-; 52.47; 0.0;-; 9.0; 7.0; 0.0;-;-;1781;-0.2; 0.0; 0.0;-9; 21.9;F;1;29;On;On;Off; 23.4; 23.1;0;7;971;7;971;7;785;0;-
2026/04/15;21:16:14;99;-; 52.49; 0.0;-; 8.9; 6.8; 0.0;-;-;1781;-0.2; 0.0; 0.0;-10; 21.9;F;1;29;On;On;Off; 23.3; 23.1;0;7;971;7;971;7;785;0;-
2026/04/15;21:17:14;99;-; 52.47; 0.0;-; 8.9; 6.8; 0.0;-;-;1781;-0.2; 0.0; 0.0;-9; 21.9;F;1;29;On;On;Off; 23.3; 23.1;0;7;971;7;971;7;785;0;-
2026/04/15;21:18:14;99;-; 52.47; 0.0;-; 8.8; 6.6; 0.0;-;-;1782;-0.2; 0.0; 0.0;-9; 21.9;F;1;29;On;On;Off; 23.3; 23.0;0;7;971;7;971;7;785;0;-
2026/04/15;21:19:14;99;-; 52.47; 0.0;-; 10.1; 6.8; 0.0;-;-;1782;-0.2; 0.0; 0.0;-9; 21.9;F;1;29;On;On;Off; 23.3; 23.0;0;7;971;7;971;7;785;0;-
2026/04/15;21:20:14;99;-; 52.45; 0.0;-; 9.2; 6.8; 0.0;-;-;1782;-0.2; 0.0; 0.0;-10; 21.9;F;1;29;On;On;Off; 23.3; 23.0;0;7;971;7;971;7;785;0;-
2026/04/15;21:21:14;98;-; 52.47; 0.0;-; 9.1; 6.6; 0.0;-;-;1782;-0.2; 0.0; 0.0;-10; 21.9;F;1;29;On;On;Off; 23.3; 23.0;0;7;971;7;971;7;785;0;-
2026/04/15;21:22:14;98;-; 52.47; 0.0;-; 9.1; 6.6; 0.0;-;-;1782;-0.2; 0.0; 0.0;-9; 21.9;F;1;29;On;On;Off; 23.3; 23.0;0;7;971;7;971;7;785;0;-
2026/04/15;21:23:14;98;-; 52.45; 0.0;-; 9.0; 6.6; 0.0;-;-;1782;-0.2; 0.0; 0.0;-9; 21.9;F;1;29;On;On;Off; 23.3; 23.0;0;7;971;7;971;7;785;0;-
2026/04/15;21:24:14;98;-; 52.47; 0.0;-; 9.4; 6.5; 0.0;-;-;1782;-0.2; 0.0; 0.0;-10; 21.9;F;1;29;On;On;Off; 23.3; 23.0;0;7;971;7;971;7;785;0;-
2026/04/15;21:25:14;98;-; 52.45; 0.0;-; 8.5; 6.4; 0.0;-;-;1782;-0.2; 0.0; 0.0;-9; 21.9;F;1;29;On;On;Off; 23.3; 23.0;0;7;971;7;971;7;785;0;-
2026/04/15;21:26:14;98;-; 52.47; 0.0;-; 8.5; 6.5; 0.0;-;-;1782;-0.2; 0.0; 0.0;-9; 21.9;F;1;29;On;On;Off; 23.3; 23.0;0;7;971;7;971;7;785;0;-
2026/04/15;21:27:14;98;-; 52.47; 0.0;-; 8.7; 6.6; 0.0;-;-;1782;-0.2; 0.0; 0.0;-9; 21.9;F;1;29;On;On;Off; 23.2; 23.0;0;7;971;7;971;7;785;0;-
2026/04/15;21:28:14;98;-; 52.47; 0.0;-; 8.4; 6.5; 0.0;-;-;1782;-0.2; 0.0; 0.0;-9; 21.9;F;1;29;On;On;Off; 23.2; 23.0;0;7;971;7;971;7;785;0;-
2026/04/15;21:29:14;98;-; 52.45; 0.0;-; 8.4; 6.4; 0.0;-;-;1782;-0.2; 0.0; 0.0;-9; 21.8;F;1;29;On;On;Off; 23.2; 23.0;0;7;971;7;971;7;785;0;-
2026/04/15;21:30:13;98;-; 52.45; 0.0;-; 8.4; 6.1; 0.0;-;-;1782;-0.2; 0.0; 0.0;-10; 21.9;F;1;29;On;On;Off; 23.2; 23.0;0;7;971;7;971;7;785;0;-
2026/04/15;21:31:13;98;-; 52.43; 0.0;-; 10.2; 6.3; 0.0;-;-;1782;-0.2; 0.0; 0.0;-9; 21.8;F;1;29;On;On;Off; 23.2; 22.9;0;7;971;7;971;7;785;0;-
2026/04/15;21:32:13;98;-; 52.45; 0.0;-; 8.4; 6.3; 0.0;-;-;1782;-0.2; 0.0; 0.0;-9; 21.8;F;1;29;On;On;Off; 23.2; 22.9;0;7;971;7;971;7;785;0;-
2026/04/15;21:33:13;98;-; 52.43; 0.0;-; 8.3; 6.2; 0.0;-;-;1782;-0.2; 0.0; 0.0;-10; 21.9;F;1;29;On;On;Off; 23.2; 22.9;0;7;971;7;971;7;785;0;-
2026/04/15;21:34:13;98;-; 52.45; 0.0;-; 8.3; 6.0; 0.0;-;-;1782;-0.2; 0.0; 0.0;-10; 21.8;F;1;29;On;On;Off; 23.2; 22.9;0;7;971;7;971;7;785;0;-
2026/04/15;21:35:13;98;-; 52.45; 0.0;-; 8.3; 6.3; 0.0;-;-;1782;-0.2; 0.0; 0.0;-9; 21.8;F;1;29;On;On;Off; 23.2; 22.9;0;7;971;7;971;7;785;0;-
2026/04/15;21:36:13;98;-; 52.43; 0.0;-; 8.3; 6.0; 0.0;-;-;1782;-0.2; 0.0; 0.0;-10; 21.8;F;1;29;On;On;Off; 23.2; 22.9;0;7;971;7;971;7;785;0;-
2026/04/15;21:37:13;98;-; 52.43; 0.0;-; 8.2; 6.3; 0.0;-;-;1782;-0.2; 0.0; 0.0;-10; 21.8;F;1;29;On;On;Off; 23.2; 22.9;0;7;971;7;971;7;785;0;-
2026/04/15;21:38:13;98;-; 52.45; 0.0;-; 8.2; 6.2; 0.0;-;-;1782;-0.2; 0.0; 0.0;-10; 21.8;F;1;29;On;On;Off; 23.2; 22.9;0;7;971;7;971;7;785;0;-
2026/04/15;21:39:13;98;-; 52.45; 0.0;-; 8.2; 6.0; 0.0;-;-;1782;-0.2; 0.0; 0.0;-10; 21.8;F;1;29;On;On;Off; 23.1; 22.9;0;7;971;7;971;7;785;0;-
2026/04/15;21:40:13;98;-; 52.43; 0.0;-; 8.2; 6.1; 0.0;-;-;1782;-0.2; 0.0; 0.0;-9; 21.8;F;1;29;On;On;Off; 23.1; 22.9;0;7;971;7;971;7;785;0;-
2026/04/15;21:41:13;98;-; 52.43; 0.0;-; 8.3; 6.3; 0.0;-;-;1782;-0.2; 0.0; 0.0;-9; 21.8;F;1;29;On;On;Off; 23.1; 22.9;0;7;971;7;971;7;785;0;-
2026/04/15;21:42:13;98;-; 52.45; 0.0;-; 8.3; 6.2; 0.0;-;-;1782;-0.2; 0.0; 0.0;-9; 21.8;F;1;29;On;On;Off; 23.1; 22.9;0;7;971;7;971;7;785;0;-
2026/04/15;21:43:13;98;-; 52.43; 0.0;-; 8.2; 6.2; 0.0;-;-;1782;-0.2; 0.0; 0.0;-10; 21.8;F;1;29;On;On;Off; 23.1; 22.9;0;7;971;7;971;7;785;0;-
2026/04/15;21:44:13;98;-; 52.43; 0.0;-; 8.3; 6.2; 0.0;-;-;1782;-0.2; 0.0; 0.0;-9; 21.8;F;1;29;On;On;Off; 23.1; 22.8;0;7;971;7;971;7;785;0;-
2026/04/15;21:45:13;98;-; 52.43; 0.0;-; 8.3; 6.1; 0.0;-;-;1782;-0.2; 0.0; 0.0;-10; 21.8;F;1;29;On;On;Off; 23.1; 22.9;0;7;971;7;971;7;785;0;-
2026/04/15;21:46:12;98;-; 52.43; 0.0;-; 8.3; 6.1; 0.0;-;-;1782;-0.2; 0.0; 0.0;-9; 21.8;F;1;29;On;On;Off; 23.1; 22.8;0;7;971;7;971;7;785;0;-
2026/04/15;21:47:12;98;-; 52.41; 0.0;-; 8.3; 6.2; 0.0;-;-;1782;-0.2; 0.0; 0.0;-10; 21.8;F;1;29;On;On;Off; 23.1; 22.8;0;7;971;7;971;7;785;0;-
2026/04/15;21:48:12;98;-; 52.41; 0.0;-; 8.3; 6.0; 0.0;-;-;1782;-0.2; 0.0; 0.0;-9; 21.8;F;1;29;On;On;Off; 23.1; 22.8;0;7;971;7;971;7;785;0;-
2026/04/15;21:49:12;98;-; 52.41; 0.0;-; 8.3; 6.0; 0.0;-;-;1782;-0.2; 0.0; 0.0;-10; 21.8;F;1;29;On;On;Off; 23.1; 22.8;0;7;971;7;971;7;785;0;-
2026/04/15;21:50:12;98;-; 52.41; 0.0;-; 8.2; 6.0; 0.0;-;-;1782;-0.2; 0.0; 0.0;-10; 21.8;F;1;29;On;On;Off; 23.1; 22.8;0;7;971;7;971;7;785;0;-
2026/04/15;21:51:12;98;-; 52.41; 0.0;-; 8.3; 5.9; 0.0;-;-;1782;-0.2; 0.0; 0.0;-10; 21.8;F;1;29;On;On;Off; 23.1; 22.8;0;7;971;7;971;7;785;0;-
2026/04/15;21:52:12;98;-; 52.43; 0.0;-; 8.3; 6.2; 0.0;-;-;1782;-0.2; 0.0; 0.0;-10; 21.8;F;1;29;On;On;Off; 23.1; 22.8;0;7;971;7;971;7;785;0;-
2026/04/15;21:53:12;98;-; 52.41; 0.0;-; 8.3; 6.1; 0.0;-;-;1782;-0.2; 0.0; 0.0;-10; 21.8;F;1;29;On;On;Off; 23.1; 22.8;0;7;971;7;971;7;785;0;-
2026/04/15;21:54:12;98;-; 52.41; 0.0;-; 8.3; 6.1; 0.0;-;-;1782;-0.2; 0.0; 0.0;-9; 21.8;F;1;29;On;On;Off; 23.1; 22.8;0;7;971;7;971;7;785;0;-
2026/04/15;21:55:12;98;-; 52.41; 0.0;-; 8.2; 6.1; 0.0;-;-;1782;-0.2; 0.0; 0.0;-10; 21.8;F;1;29;On;On;Off; 23.1; 22.8;0;7;971;7;971;7;785;0;-
2026/04/15;21:56:12;98;-; 52.43; 0.0;-; 8.3; 6.1; 0.0;-;-;1782;-0.2; 0.0; 0.0;-10; 21.8;F;1;29;On;On;Off; 23.1; 22.8;0;7;971;7;971;7;785;0;-
2026/04/15;21:57:12;98;-; 52.41; 0.0;-; 8.2; 6.1; 0.0;-;-;1782;-0.2; 0.0; 0.0;-9; 21.8;F;1;29;On;On;Off; 23.1; 22.8;0;7;971;7;971;7;785;0;-
2026/04/15;21:58:12;98;-; 52.41; 0.0;-; 8.2; 6.0; 0.0;-;-;1782;-0.2; 0.0; 0.0;-10; 21.8;F;1;29;On;On;Off; 23.1; 22.8;0;7;971;7;971;7;785;0;-
2026/04/15;21:59:12;98;-; 52.41; 0.0;-; 8.3; 6.2; 0.0;-;-;1782;-0.2; 0.0; 0.0;-10; 21.8;F;1;29;On;On;Off; 23.1; 22.8;0;7;971;7;971;7;785;0;-
2026/04/15;22:00:12;98;-; 52.41; 0.0;-; 8.3; 6.3; 0.0;-;-;1782;-0.2; 0.0; 0.0;-9; 21.8;F;1;29;On;On;Off; 23.1; 22.8;0;7;971;7;971;7;785;0;-
2026/04/15;22:01:12;98;-; 52.41; 0.0;-; 8.3; 6.2; 0.0;-;-;1782;-0.2; 0.0; 0.0;-9; 21.8;F;1;29;On;On;Off; 23.1; 22.8;0;7;971;7;971;7;785;0;-
2026/04/15;22:02:11;98;-; 52.41; 0.0;-; 8.3; 6.2; 0.0;-;-;1782;-0.2; 0.0; 0.0;-9; 21.8;F;1;29;On;On;Off; 23.0; 22.8;0;7;971;7;971;7;785;0;-
2026/04/15;22:03:11;98;-; 52.41; 0.0;-; 8.2; 6.2; 0.0;-;-;1782;-0.2; 0.0; 0.0;-9; 21.8;F;1;29;On;On;Off; 23.0; 22.8;0;7;971;7;971;7;785;0;-
2026/04/15;22:04:11;98;-; 52.39; 0.0;-; 8.3; 6.0; 0.0;-;-;1782;-0.2; 0.0; 0.0;-9; 21.8;F;1;29;On;On;Off; 23.0; 22.8;0;7;971;7;971;7;785;0;-
2026/04/15;22:05:11;98;-; 52.41; 0.0;-; 8.2; 6.0; 0.0;-;-;1782;-0.2; 0.0; 0.0;-9; 21.8;F;1;29;On;On;Off; 23.0; 22.8;0;7;971;7;971;7;785;0;-
2026/04/15;22:06:11;98;-; 52.41; 0.0;-; 8.2; 6.1; 0.0;-;-;1782;-0.2; 0.0; 0.0;-10; 21.8;F;1;29;On;On;Off; 23.0; 22.8;0;7;971;7;971;7;785;0;-
2026/04/15;22:07:11;98;-; 52.41; 0.0;-; 8.2; 5.9; 0.0;-;-;1782;-0.2; 0.0; 0.0;-9; 21.8;F;1;29;On;On;Off; 23.0; 22.8;0;7;971;7;971;7;785;0;-
2026/04/15;22:08:11;98;-; 52.41; 0.0;-; 8.2; 6.0; 0.0;-;-;1782;-0.2; 0.0; 0.0;-10; 21.8;F;1;29;On;On;Off; 23.0; 22.8;0;7;971;7;971;7;785;0;-
2026/04/15;22:09:11;98;-; 52.39; 0.0;-; 8.2; 5.9; 0.0;-;-;1782;-0.2; 0.0; 0.0;-10; 21.8;F;1;29;On;On;Off; 23.0; 22.8;0;7;971;7;971;7;785;0;-
2026/04/15;22:10:11;98;-; 52.41; 0.0;-; 8.2; 5.9; 0.0;-;-;1782;-0.2; 0.0; 0.0;-10; 21.8;F;1;29;On;On;Off; 23.0; 22.8;0;7;971;7;971;7;785;0;-
2026/04/15;22:11:11;98;-; 52.39; 0.0;-; 8.2; 5.9; 0.0;-;-;1782;-0.2; 0.0; 0.0;-10; 21.8;F;1;29;On;On;Off; 23.0; 22.8;0;7;971;7;971;7;785;0;-
2026/04/15;22:12:11;98;-; 52.39; 0.0;-; 8.3; 6.0; 0.0;-;-;1782;-0.2; 0.0; 0.0;-10; 21.8;F;1;29;On;On;Off; 23.0; 22.8;0;7;971;7;971;7;785;0;-
2026/04/15;22:13:11;98;-; 52.37; 0.0;-; 8.3; 6.1; 0.0;-;-;1782;-0.2; 0.0; 0.0;-9; 21.7;F;1;29;On;On;Off; 23.0; 22.8;0;7;971;7;971;7;785;0;-
2026/04/15;22:14:11;98;-; 52.37; 0.0;-; 8.2; 5.9; 0.0;-;-;1782;-0.2; 0.0; 0.0;-8; 21.8;F;1;29;On;On;Off; 23.0; 22.8;0;7;971;7;971;7;785;0;-
2026/04/15;22:15:11;98;-; 52.37; 0.0;-; 8.2; 5.9; 0.0;-;-;1782;-0.2; 0.0; 0.0;-9; 21.8;F;1;29;On;On;Off; 23.0; 22.8;0;7;971;7;971;7;785;0;-
2026/04/15;22:16:11;98;-; 52.39; 0.0;-; 8.2; 5.9; 0.0;-;-;1782;-0.2; 0.0; 0.0;-9; 21.8;F;1;29;On;On;Off; 23.0; 22.7;0;7;971;7;971;7;785;0;-
2026/04/15;22:17:10;98;-; 52.37; 0.0;-; 8.3; 5.9; 0.0;-;-;1782;-0.2; 0.0; 0.0;-10; 21.8;F;1;29;On;On;Off; 23.0; 22.8;0;7;971;7;971;7;785;0;-
2026/04/15;22:18:10;98;-; 52.39; 0.0;-; 8.2; 5.9; 0.0;-;-;1783;-0.2; 0.0; 0.0;-9; 21.8;F;1;29;On;On;Off; 23.0; 22.7;0;7;971;7;971;7;785;0;-
2026/04/15;22:19:10;98;-; 52.39; 0.0;-; 8.2; 6.0; 0.0;-;-;1783;-0.2; 0.0; 0.0;-10; 21.7;F;1;29;On;On;Off; 23.0; 22.7;0;7;971;7;971;7;785;0;-
2026/04/15;22:20:10;98;-; 52.37; 0.0;-; 8.3; 6.2; 0.0;-;-;1783;-0.2; 0.0; 0.0;-10; 21.8;F;1;29;On;On;Off; 23.0; 22.7;0;7;971;7;971;7;785;0;-
2026/04/15;22:21:10;98;-; 52.37; 0.0;-; 8.3; 6.1; 0.0;-;-;1783;-0.2; 0.0; 0.0;-9; 21.7;F;1;29;On;On;Off; 23.0; 22.7;0;7;971;7;971;7;785;0;-
2026/04/15;22:22:10;98;-; 52.39; 0.0;-; 8.3; 6.0; 0.0;-;-;1783;-0.2; 0.0; 0.0;-9; 21.8;F;1;29;On;On;Off; 23.0; 22.7;0;7;971;7;971;7;785;0;-
2026/04/15;22:23:10;98;-; 52.39; 0.0;-; 8.5; 6.1; 0.0;-;-;1783;-0.2; 0.0; 0.0;-9; 21.8;F;1;29;On;On;Off; 23.0; 22.7;0;7;971;7;971;7;785;0;-
2026/04/15;22:24:10;98;-; 52.39; 0.0;-; 8.4; 6.2; 0.0;-;-;1783;-0.2; 0.0; 0.0;-9; 21.7;F;1;29;On;On;Off; 23.0; 22.7;0;7;971;7;971;7;785;0;-
2026/04/15;22:25:10;98;-; 52.39; 0.0;-; 8.6; 6.2; 0.0;-;-;1783;-0.2; 0.0; 0.0;-9; 21.8;F;1;29;On;On;Off; 23.0; 22.7;0;7;971;7;971;7;785;0;-
2026/04/15;22:26:10;98;-; 52.39; 0.0;-; 8.2; 6.1; 0.0;-;-;1783;-0.2; 0.0; 0.0;-9; 21.7;F;1;29;On;On;Off; 23.0; 22.7;0;7;971;7;971;7;785;0;-
2026/04/15;22:27:10;98;-; 52.37; 0.0;-; 8.2; 6.1; 0.0;-;-;1783;-0.2; 0.0; 0.0;-9; 21.8;F;1;29;On;On;Off; 23.0; 22.7;0;7;971;7;971;7;785;0;-
2026/04/15;22:28:10;98;-; 52.39; 0.0;-; 8.3; 6.0; 0.0;-;-;1783;-0.2; 0.0; 0.0;-9; 21.7;F;1;29;On;On;Off; 23.0; 22.7;0;7;971;7;971;7;785;0;-
2026/04/15;22:29:10;98;-; 52.37; 0.0;-; 8.4; 6.2; 0.0;-;-;1783;-0.2; 0.0; 0.0;-9; 21.8;F;1;29;On;On;Off; 23.0; 22.7;0;7;971;7;971;7;785;0;-
2026/04/15;22:30:10;98;-; 52.37; 0.0;-; 8.2; 6.0; 0.0;-;-;1783;-0.2; 0.0; 0.0;-9; 21.8;F;1;29;On;On;Off; 23.0; 22.7;0;7;971;7;971;7;785;0;-
2026/04/15;22:31:10;98;-; 52.37; 0.0;-; 8.2; 6.2; 0.0;-;-;1783;-0.2; 0.0; 0.0;-9; 21.7;F;1;29;On;On;Off; 23.0; 22.7;0;7;971;7;971;7;785;0;-
2026/04/15;22:32:10;98;-; 52.37; 0.0;-; 8.2; 6.0; 0.0;-;-;1783;-0.2; 0.0; 0.0;-9; 21.7;F;1;29;On;On;Off; 23.0; 22.7;0;7;971;7;971;7;785;0;-
2026/04/15;22:33:09;98;-; 52.35; 0.0;-; 8.3; 6.1; 0.0;-;-;1783;-0.2; 0.0; 0.0;-9; 21.7;F;1;29;On;On;Off; 22.9; 22.7;0;7;971;7;971;7;785;0;-
2026/04/15;22:34:09;98;-; 52.35; 0.0;-; 8.3; 6.0; 0.0;-;-;1783;-0.2; 0.0; 0.0;-9; 21.8;F;1;29;On;On;Off; 23.0; 22.7;0;7;971;7;971;7;785;0;-
2026/04/15;22:35:09;98;-; 52.37; 0.0;-; 8.3; 6.1; 0.0;-;-;1783;-0.2; 0.0; 0.0;-9; 21.7;F;1;29;On;On;Off; 22.9; 22.7;0;7;971;7;971;7;785;0;-
2026/04/15;22:36:09;98;-; 52.37; 0.0;-; 8.3; 6.2; 0.0;-;-;1783;-0.2; 0.0; 0.0;-9; 21.7;F;1;29;On;On;Off; 23.0; 22.7;0;7;971;7;971;7;785;0;-
2026/04/15;22:37:09;98;-; 52.37; 0.0;-; 8.3; 6.2; 0.0;-;-;1783;-0.2; 0.0; 0.0;-9; 21.7;F;1;29;On;On;Off; 22.9; 22.7;0;7;971;7;971;7;785;0;-
2026/04/15;22:38:09;98;-; 52.37; 0.0;-; 8.4; 6.1; 0.0;-;-;1783;-0.2; 0.0; 0.0;-10; 21.7;F;1;29;On;On;Off; 22.9; 22.7;0;7;971;7;971;7;785;0;-
2026/04/15;22:39:09;98;-; 52.37; 0.0;-; 8.3; 6.2; 0.0;-;-;1783;-0.2; 0.0; 0.0;-9; 21.7;F;1;29;On;On;Off; 22.9; 22.7;0;7;971;7;971;7;785;0;-
2026/04/15;22:40:09;98;-; 52.37; 0.0;-; 8.3; 6.2; 0.0;-;-;1783;-0.2; 0.0; 0.0;-9; 21.7;F;1;29;On;On;Off; 22.9; 22.6;0;7;971;7;971;7;785;0;-
2026/04/15;22:41:09;98;-; 52.35; 0.0;-; 8.3; 6.2; 0.0;-;-;1783;-0.2; 0.0; 0.0;-9; 21.7;F;1;29;On;On;Off; 22.9; 22.7;0;7;971;7;971;7;785;0;-
2026/04/15;22:42:09;98;-; 52.37; 0.0;-; 8.3; 6.2; 0.0;-;-;1783;-0.2; 0.0; 0.0;-9; 21.7;F;1;29;On;On;Off; 22.9; 22.7;0;7;971;7;971;7;785;0;-
2026/04/15;22:43:09;97;-; 52.37; 0.0;-; 8.3; 6.2; 0.0;-;-;1783;-0.2; 0.0; 0.0;-9; 21.7;F;1;29;On;On;Off; 22.9; 22.6;0;7;971;7;971;7;785;0;-
2026/04/15;22:44:09;97;-; 52.35; 0.0;-; 8.3; 6.1; 0.0;-;-;1783;-0.2; 0.0; 0.0;-9; 21.7;F;1;29;On;On;Off; 22.9; 22.6;0;7;971;7;971;7;785;0;-
2026/04/15;22:45:09;97;-; 52.37; 0.0;-; 8.4; 6.1; 0.0;-;-;1783;-0.2; 0.0; 0.0;-9; 21.7;F;1;29;On;On;Off; 22.9; 22.6;0;7;971;7;971;7;785;0;-
2026/04/15;22:46:09;97;-; 52.35; 0.0;-; 8.4; 6.1; 0.0;-;-;1783;-0.2; 0.0; 0.0;-9; 21.7;F;1;29;On;On;Off; 22.9; 22.6;0;7;971;7;971;7;785;0;-
2026/04/15;22:47:09;97;-; 52.35; 0.0;-; 8.2; 6.2; 0.0;-;-;1783;-0.2; 0.0; 0.0;-9; 21.7;F;1;29;On;On;Off; 22.9; 22.6;0;7;971;7;971;7;785;0;-
2026/04/15;22:48:09;97;-; 52.37; 0.0;-; 8.2; 6.0; 0.0;-;-;1783;-0.2; 0.0; 0.0;-9; 21.7;F;1;29;On;On;Off; 22.9; 22.6;0;7;971;7;971;7;785;0;-
2026/04/15;22:49:08;97;-; 52.37; 0.0;-; 8.2; 6.1; 0.0;-;-;1783;-0.2; 0.0; 0.0;-9; 21.7;F;1;29;On;On;Off; 22.9; 22.6;0;7;971;7;971;7;785;0;-
2026/04/15;22:50:08;97;-; 52.35; 0.0;-; 8.2; 6.0; 0.0;-;-;1783;-0.2; 0.0; 0.0;-9; 21.7;F;1;29;On;On;Off; 22.9; 22.6;0;7;971;7;971;7;785;0;-
2026/04/15;22:51:08;97;-; 52.33; 0.0;-; 8.2; 6.1; 0.0;-;-;1783;-0.2; 0.0; 0.0;-9; 21.7;F;1;29;On;On;Off; 22.9; 22.6;0;7;971;7;971;7;785;0;-
2026/04/15;22:52:08;97;-; 52.33; 0.0;-; 8.2; 6.2; 0.0;-;-;1783;-0.2; 0.0; 0.0;-9; 21.7;F;1;29;On;On;Off; 22.9; 22.6;0;7;971;7;971;7;785;0;-
2026/04/15;22:53:08;97;-; 52.33; 0.0;-; 8.2; 6.1; 0.0;-;-;1783;-0.2; 0.0; 0.0;-9; 21.7;F;1;29;On;On;Off; 22.9; 22.6;0;7;971;7;971;7;785;0;-
2026/04/15;22:54:08;97;-; 52.35; 0.0;-; 8.2; 6.1; 0.0;-;-;1783;-0.2; 0.0; 0.0;-9; 21.7;F;1;29;On;On;Off; 22.8; 22.6;0;7;971;7;971;7;785;0;-
2026/04/15;22:55:08;97;-; 52.35; 0.0;-; 8.2; 6.1; 0.0;-;-;1783;-0.2; 0.0; 0.0;-9; 21.7;F;1;29;On;On;Off; 22.9; 22.6;0;7;971;7;971;7;785;0;-
2026/04/15;22:56:08;97;-; 52.33; 0.0;-; 8.2; 6.0; 0.0;-;-;1783;-0.2; 0.0; 0.0;-9; 21.7;F;1;29;On;On;Off; 22.8; 22.6;0;7;971;7;971;7;785;0;-
2026/04/15;22:57:08;97;-; 52.35; 0.0;-; 8.1; 5.9; 0.0;-;-;1783;-0.2; 0.0; 0.0;-9; 21.7;F;1;29;On;On;Off; 22.8; 22.6;0;7;971;7;971;7;785;0;-
2026/04/15;22:58:08;97;-; 52.33; 0.0;-; 8.1; 6.0; 0.0;-;-;1783;-0.2; 0.0; 0.0;-10; 21.7;F;1;29;On;On;Off; 22.8; 22.6;0;7;971;7;971;7;785;0;-
2026/04/15;22:59:08;97;-; 52.33; 0.0;-; 8.2; 6.0; 0.0;-;-;1783;-0.2; 0.0; 0.0;-9; 21.7;F;1;29;On;On;Off; 22.8; 22.6;0;7;971;7;971;7;785;0;-
2026/04/15;23:00:08;97;-; 52.33; 0.0;-; 6.2; 5.3; 0.0;-;-;1783;-0.2; 0.0; 0.0;-9; 21.7;F;1;29;On;On;Off; 22.8; 22.6;0;7;971;7;971;7;785;0;-
2026/04/15;23:01:08;97;-; 52.33; 0.0;-; 6.2; 5.3; 0.0;-;-;1783;-0.2; 0.0; 0.0;-9; 21.7;F;1;29;On;On;Off; 22.8; 22.6;0;7;971;7;971;7;785;0;-
2026/04/15;23:02:08;97;-; 52.35; 0.0;-; 6.3; 5.4; 0.0;-;-;1783;-0.2; 0.0; 0.0;-9; 21.7;F;1;29;On;On;Off; 22.8; 22.6;0;7;971;7;971;7;785;0;-
2026/04/15;23:03:08;97;-; 52.35; 0.0;-; 6.2; 5.3; 0.0;-;-;1783;-0.2; 0.0; 0.0;-9; 21.7;F;1;29;On;On;Off; 22.8; 22.6;0;7;971;7;971;7;785;0;-
2026/04/15;23:04:08;97;-; 52.35; 0.0;-; 6.2; 5.2; 0.0;-;-;1783;-0.2; 0.0; 0.0;-9; 21.7;F;1;29;On;On;Off; 22.8; 22.6;0;7;971;7;971;7;785;0;-
2026/04/15;23:05:07;97;-; 52.35; 0.0;-; 6.3; 5.5; 0.0;-;-;1783;-0.2; 0.0; 0.0;-9; 21.7;F;1;29;On;On;Off; 22.8; 22.6;0;7;971;7;971;7;785;0;-
2026/04/15;23:06:07;97;-; 52.35; 0.0;-; 6.3; 5.5; 0.0;-;-;1783;-0.2; 0.0; 0.0;-9; 21.7;F;1;29;On;On;Off; 22.8; 22.6;0;7;971;7;971;7;785;0;-
2026/04/15;23:07:07;97;-; 52.35; 0.0;-; 6.4; 5.4; 0.0;-;-;1783;-0.2; 0.0; 0.0;-10; 21.7;F;1;29;On;On;Off; 22.8; 22.5;0;7;971;7;971;7;785;0;-
2026/04/15;23:08:07;97;-; 52.35; 0.0;-; 6.3; 5.5; 0.0;-;-;1783;-0.2; 0.0; 0.0;-9; 21.7;F;1;29;On;On;Off; 22.8; 22.5;0;7;971;7;971;7;785;0;-
2026/04/15;23:09:07;97;-; 52.35; 0.0;-; 6.3; 5.3; 0.0;-;-;1783;-0.2; 0.0; 0.0;-9; 21.7;F;1;29;On;On;Off; 22.8; 22.5;0;7;971;7;971;7;785;0;-
2026/04/15;23:10:07;97;-; 52.33; 0.0;-; 6.2; 5.3; 0.0;-;-;1783;-0.2; 0.0; 0.0;-9; 21.7;F;1;29;On;On;Off; 22.8; 22.6;0;7;971;7;971;7;785;0;-
2026/04/15;23:11:07;97;-; 52.33; 0.0;-; 6.2; 5.4; 0.0;-;-;1783;-0.2; 0.0; 0.0;-9; 21.7;F;1;29;On;On;Off; 22.8; 22.5;0;7;971;7;971;7;785;0;-
2026/04/15;23:12:07;97;-; 52.33; 0.0;-; 6.3; 5.5; 0.0;-;-;1783;-0.2; 0.0; 0.0;-9; 21.7;F;1;29;On;On;Off; 22.8; 22.5;0;7;971;7;971;7;785;0;-
2026/04/15;23:13:07;97;-; 52.33; 0.0;-; 6.2; 5.4; 0.0;-;-;1783;-0.2; 0.0; 0.0;-10; 21.7;F;1;29;On;On;Off; 22.8; 22.5;0;7;971;7;971;7;785;0;-
2026/04/15;23:14:07;97;-; 52.33; 0.0;-; 6.3; 5.5; 0.0;-;-;1783;-0.2; 0.0; 0.0;-9; 21.7;F;1;29;On;On;Off; 22.8; 22.5;0;7;971;7;971;7;785;0;-
2026/04/15;23:15:07;97;-; 52.33; 0.0;-; 6.3; 5.4; 0.0;-;-;1783;-0.2; 0.0; 0.0;-9; 21.7;F;1;29;On;On;Off; 22.8; 22.5;0;7;971;7;971;7;785;0;-
2026/04/15;23:16:07;97;-; 52.33; 0.0;-; 6.3; 5.5; 0.0;-;-;1783;-0.2; 0.0; 0.0;-9; 21.7;F;1;29;On;On;Off; 22.8; 22.5;0;7;971;7;971;7;785;0;-
2026/04/15;23:17:07;97;-; 52.33; 0.0;-; 6.3; 5.5; 0.0;-;-;1783;-0.2; 0.0; 0.0;-9; 21.7;F;1;29;On;On;Off; 22.8; 22.5;0;7;971;7;971;7;785;0;-
2026/04/15;23:18:07;97;-; 52.33; 0.0;-; 6.4; 5.4; 0.0;-;-;1784;-0.2; 0.0; 0.0;-9; 21.7;F;1;29;On;On;Off; 22.8; 22.5;0;7;971;7;971;7;785;0;-
2026/04/15;23:19:07;97;-; 52.33; 0.0;-; 6.3; 5.5; 0.0;-;-;1784;-0.2; 0.0; 0.0;-9; 21.7;F;1;29;On;On;Off; 22.8; 22.5;0;7;971;7;971;7;785;0;-
2026/04/15;23:20:06;97;-; 52.33; 0.0;-; 6.3; 5.5; 0.0;-;-;1784;-0.2; 0.0; 0.0;-10; 21.7;F;1;29;On;On;Off; 22.8; 22.5;0;7;971;7;971;7;785;0;-
2026/04/15;23:21:06;97;-; 52.33; 0.0;-; 6.2; 5.5; 0.0;-;-;1784;-0.2; 0.0; 0.0;-10; 21.7;F;1;29;On;On;Off; 22.8; 22.5;0;7;971;7;971;7;785;0;-
2026/04/15;23:22:06;97;-; 52.33; 0.0;-; 6.2; 5.5; 0.0;-;-;1784;-0.2; 0.0; 0.0;-9; 21.7;F;1;29;On;On;Off; 22.8; 22.5;0;7;971;7;971;7;785;0;-
2026/04/15;23:23:06;97;-; 52.31; 0.0;-; 6.3; 5.3; 0.0;-;-;1784;-0.2; 0.0; 0.0;-9; 21.7;F;1;29;On;On;Off; 22.8; 22.5;0;7;971;7;971;7;785;0;-
2026/04/15;23:24:06;97;-; 52.33; 0.0;-; 6.3; 5.5; 0.0;-;-;1784;-0.2; 0.0; 0.0;-9; 21.7;F;1;29;On;On;Off; 22.8; 22.5;0;7;971;7;971;7;785;0;-
2026/04/15;23:25:06;97;-; 52.31; 0.0;-; 6.2; 5.5; 0.0;-;-;1784;-0.2; 0.0; 0.0;-9; 21.7;F;1;29;On;On;Off; 22.8; 22.5;0;7;971;7;971;7;785;0;-
2026/04/15;23:26:06;97;-; 52.33; 0.0;-; 6.2; 5.5; 0.0;-;-;1784;-0.2; 0.0; 0.0;-9; 21.7;F;1;29;On;On;Off; 22.8; 22.5;0;7;971;7;971;7;785;0;-
2026/04/15;23:27:06;97;-; 52.33; 0.0;-; 6.2; 5.4; 0.0;-;-;1784;-0.2; 0.0; 0.0;-9; 21.7;F;1;29;On;On;Off; 22.8; 22.5;0;7;971;7;971;7;785;0;-
2026/04/15;23:28:06;97;-; 52.33; 0.0;-; 6.2; 5.3; 0.0;-;-;1784;-0.2; 0.0; 0.0;-9; 21.7;F;1;29;On;On;Off; 22.8; 22.5;0;7;971;7;971;7;785;0;-
2026/04/15;23:29:06;97;-; 52.31; 0.0;-; 6.2; 5.4; 0.0;-;-;1784;-0.2; 0.0; 0.0;-10; 21.7;F;1;29;On;On;Off; 22.8; 22.5;0;7;971;7;971;7;785;0;-
2026/04/15;23:30:06;97;-; 52.33; 0.0;-; 6.2; 5.3; 0.0;-;-;1784;-0.2; 0.0; 0.0;-10; 21.7;F;1;29;On;On;Off; 22.8; 22.5;0;7;971;7;971;7;785;0;-
2026/04/15;23:31:06;97;-; 52.33; 0.0;-; 6.2; 5.3; 0.0;-;-;1784;-0.2; 0.0; 0.0;-9; 21.7;F;1;29;On;On;Off; 22.8; 22.5;0;7;971;7;971;7;785;0;-
2026/04/15;23:32:06;97;-; 52.33; 0.0;-; 6.1; 5.4; 0.0;-;-;1784;-0.2; 0.0; 0.0;-9; 21.7;F;1;29;On;On;Off; 22.8; 22.5;0;7;971;7;971;7;785;0;-
2026/04/15;23:33:06;97;-; 52.31; 0.0;-; 6.1; 5.3; 0.0;-;-;1784;-0.2; 0.0; 0.0;-9; 21.7;F;1;29;On;On;Off; 22.8; 22.5;0;7;971;7;971;7;785;0;-
2026/04/15;23:34:06;97;-; 52.31; 0.0;-; 6.2; 5.3; 0.0;-;-;1784;-0.2; 0.0; 0.0;-9; 21.7;F;1;29;On;On;Off; 22.8; 22.5;0;7;971;7;971;7;785;0;-
2026/04/15;23:35:06;97;-; 52.31; 0.0;-; 6.1; 5.3; 0.0;-;-;1784;-0.2; 0.0; 0.0;-10; 21.7;F;1;29;On;On;Off; 22.8; 22.5;0;7;971;7;971;7;785;0;-
2026/04/15;23:36:05;97;-; 52.33; 0.0;-; 6.1; 5.3; 0.0;-;-;1784;-0.2; 0.0; 0.0;-10; 21.7;F;1;29;On;On;Off; 22.8; 22.5;0;7;971;7;971;7;785;0;-
2026/04/15;23:37:05;97;-; 52.31; 0.0;-; 6.2; 5.4; 0.0;-;-;1784;-0.2; 0.0; 0.0;-9; 21.7;F;1;29;On;On;Off; 22.8; 22.5;0;7;971;7;971;7;785;0;-
2026/04/15;23:38:05;97;-; 52.31; 0.0;-; 6.1; 5.4; 0.0;-;-;1784;-0.2; 0.0; 0.0;-9; 21.7;F;1;29;On;On;Off; 22.7; 22.5;0;7;971;7;971;7;785;0;-
2026/04/15;23:39:05;97;-; 52.30; 0.0;-; 6.2; 5.3; 0.0;-;-;1784;-0.2; 0.0; 0.0;-9; 21.7;F;1;29;On;On;Off; 22.7; 22.5;0;7;971;7;971;7;785;0;-
2026/04/15;23:40:05;97;-; 52.30; 0.0;-; 6.1; 5.3; 0.0;-;-;1784;-0.2; 0.0; 0.0;-9; 21.7;F;1;29;On;On;Off; 22.8; 22.5;0;7;971;7;971;7;785;0;-
2026/04/15;23:41:05;97;-; 52.30; 0.0;-; 6.1; 5.2; 0.0;-;-;1784;-0.2; 0.0; 0.0;-9; 21.7;F;1;29;On;On;Off; 22.8; 22.5;0;7;971;7;971;7;785;0;-
2026/04/15;23:42:05;97;-; 52.31; 0.0;-; 6.1; 5.3; 0.0;-;-;1784;-0.2; 0.0; 0.0;-9; 21.7;F;1;29;On;On;Off; 22.7; 22.5;0;7;971;7;971;7;785;0;-
2026/04/15;23:43:05;97;-; 52.31; 0.0;-; 6.1; 5.3; 0.0;-;-;1784;-0.2; 0.0; 0.0;-9; 21.7;F;1;29;On;On;Off; 22.8; 22.5;0;7;971;7;971;7;785;0;-
2026/04/15;23:44:05;97;-; 52.30; 0.0;-; 6.1; 5.3; 0.0;-;-;1784;-0.2; 0.0; 0.0;-9; 21.7;F;1;29;On;On;Off; 22.8; 22.5;0;7;971;7;971;7;785;0;-
2026/04/15;23:45:05;97;-; 52.31; 0.0;-; 6.1; 5.2; 0.0;-;-;1784;-0.2; 0.0; 0.0;-9; 21.7;F;1;29;On;On;Off; 22.7; 22.5;0;7;971;7;971;7;785;0;-
2026/04/15;23:46:05;97;-; 52.30; 0.0;-; 6.1; 5.3; 0.0;-;-;1784;-0.2; 0.0; 0.0;-9; 21.7;F;1;29;On;On;Off; 22.7; 22.5;0;7;971;7;971;7;785;0;-
2026/04/15;23:47:05;97;-; 52.31; 0.0;-; 6.0; 5.3; 0.0;-;-;1784;-0.2; 0.0; 0.0;-10; 21.7;F;1;29;On;On;Off; 22.7; 22.5;0;7;971;7;971;7;785;0;-
2026/04/15;23:48:05;97;-; 52.30; 0.0;-; 6.1; 5.4; 0.0;-;-;1784;-0.2; 0.0; 0.0;-9; 21.7;F;1;29;On;On;Off; 22.7; 22.5;0;7;971;7;971;7;785;0;-
2026/04/15;23:49:05;97;-; 52.31; 0.0;-; 6.1; 5.2; 0.0;-;-;1784;-0.2; 0.0; 0.0;-10; 21.7;F;1;29;On;On;Off; 22.7; 22.5;0;7;971;7;971;7;785;0;-
2026/04/15;23:50:05;97;-; 52.31; 0.0;-; 6.0; 5.1; 0.0;-;-;1784;-0.2; 0.0; 0.0;-9; 21.7;F;1;29;On;On;Off; 22.7; 22.5;0;7;971;7;971;7;785;0;-
2026/04/15;23:51:05;97;-; 52.30; 0.0;-; 6.1; 5.3; 0.0;-;-;1784;-0.2; 0.0; 0.0;-9; 21.7;F;1;29;On;On;Off; 22.7; 22.5;0;7;971;7;971;7;785;0;-
2026/04/15;23:52:04;97;-; 52.31; 0.0;-; 6.1; 5.1; 0.0;-;-;1784;-0.2; 0.0; 0.0;-9; 21.7;F;1;29;On;On;Off; 22.7; 22.5;0;7;971;7;971;7;785;0;-
2026/04/15;23:53:04;97;-; 52.31; 0.0;-; 6.0; 5.2; 0.0;-;-;1784;-0.2; 0.0; 0.0;-9; 21.7;F;1;29;On;On;Off; 22.7; 22.4;0;7;971;7;971;7;785;0;-
2026/04/15;23:54:04;97;-; 52.31; 0.0;-; 6.0; 5.2; 0.0;-;-;1784;-0.2; 0.0; 0.0;-9; 21.7;F;1;29;On;On;Off; 22.7; 22.5;0;7;971;7;971;7;785;0;-
2026/04/15;23:55:04;97;-; 52.31; 0.0;-; 6.1; 5.3; 0.0;-;-;1784;-0.2; 0.0; 0.0;-9; 21.7;F;1;29;On;On;Off; 22.7; 22.4;0;7;971;7;971;7;785;0;-
2026/04/15;23:56:04;97;-; 52.30; 0.0;-; 6.0; 5.2; 0.0;-;-;1784;-0.2; 0.0; 0.0;-9; 21.7;F;1;29;On;On;Off; 22.7; 22.4;0;7;971;7;971;7;785;0;-
2026/04/15;23:57:04;97;-; 52.31; 0.0;-; 6.0; 5.1; 0.0;-;-;1784;-0.2; 0.0; 0.0;-9; 21.7;F;1;29;On;On;Off; 22.7; 22.4;0;7;971;7;971;7;785;0;-
2026/04/15;23:58:04;97;-; 52.31; 0.0;-; 6.0; 5.2; 0.0;-;-;1784;-0.2; 0.0; 0.0;-8; 21.7;F;1;29;On;On;Off; 22.7; 22.4;0;7;971;7;971;7;785;0;-
2026/04/15;23:59:04;97;-; 52.31; 0.0;-; 6.0; 5.1; 0.0;-;-;1784;-0.2; 0.0; 0.0;-9; 21.7;F;1;29;On;On;Off; 22.7; 22.4;0;7;971;7;971;7;785;0;-
