Steca Elektronik GmbH;MPPT6000;760749IH008963540005
Date;Time;SOC[%];Kaptest[Ah];Vbat[V];Ibat_M[A];Vbat.sense[V];VPV1_M[V];VPV2_M[V];PVpower_M[W];PV1power_M[W];PV2power_M[W];Ophours[h];Ibat_total[A]SOC;Icharge_total[A];Iload_total[A];BatPower_total[W];BatTemp[°C];ChargeMode;ErrorState;ErrorNr;StateAux1;StateAux2;StateAux3;IntTemp1[°C];IntTemp2[°C];Derating;Ah_in_24h_M[Ah];Ah_in_total_M[Ah];Ah_in_24h_SYS[Ah];Ah_in_total_SYS[Ah];Ah_out_24h_SYS[Ah];Ah_out_total_SYS[Ah];Day_night;Status_AUXIO
2026/04/22;00:00:23;98;-; 52.71; 0.0;-; 8.0; 12.8; 0.0;-;-;1928;-0.1; 0.0; 0.0;-4; 24.2;F;1;29;On;On;Off; 22.9; 22.6;0;100;1202;100;1202;100;1016;0;-
2026/04/22;00:01:23;98;-; 52.69; 0.0;-; 8.0; 12.7; 0.0;-;-;1928;-0.1; 0.0; 0.0;-4; 24.2;F;1;29;On;On;Off; 22.9; 22.6;0;0;1202;0;1202;0;1016;0;-
2026/04/22;00:02:23;98;-; 52.71; 0.0;-; 8.0; 12.8; 0.0;-;-;1928;-0.1; 0.0; 0.0;-5; 24.2;F;1;29;On;On;Off; 22.9; 22.6;0;0;1202;0;1202;0;1016;0;-
2026/04/22;00:03:23;98;-; 52.69; 0.0;-; 8.0; 12.8; 0.0;-;-;1928;-0.1; 0.0; 0.0;-5; 24.2;F;1;29;On;On;Off; 22.9; 22.6;0;0;1202;0;1202;0;1016;0;-
2026/04/22;00:04:23;98;-; 52.69; 0.0;-; 8.0; 12.8; 0.0;-;-;1928;-0.1; 0.0; 0.0;-5; 24.2;F;1;29;On;On;Off; 22.9; 22.6;0;0;1202;0;1202;0;1016;0;-
2026/04/22;00:05:23;98;-; 52.69; 0.0;-; 8.1; 12.6; 0.0;-;-;1928;-0.1; 0.0; 0.0;-5; 24.2;F;1;29;On;On;Off; 22.9; 22.6;0;0;1202;0;1202;0;1016;0;-
2026/04/22;00:06:23;98;-; 52.69; 0.0;-; 8.0; 12.8; 0.0;-;-;1928;-0.1; 0.0; 0.0;-5; 24.2;F;1;29;On;On;Off; 22.9; 22.6;0;0;1202;0;1202;0;1016;0;-
2026/04/22;00:07:23;98;-; 52.69; 0.0;-; 8.1; 12.8; 0.0;-;-;1928;-0.1; 0.0; 0.0;-6; 24.2;F;1;29;On;On;Off; 22.9; 22.6;0;0;1202;0;1202;0;1016;0;-
2026/04/22;00:08:23;98;-; 52.69; 0.0;-; 8.1; 12.7; 0.0;-;-;1929;-0.1; 0.0; 0.0;-5; 24.2;F;1;29;On;On;Off; 22.8; 22.6;0;0;1202;0;1202;0;1016;0;-
2026/04/22;00:09:23;98;-; 52.69; 0.0;-; 8.0; 12.7; 0.0;-;-;1929;-0.1; 0.0; 0.0;-5; 24.2;F;1;29;On;On;Off; 22.8; 22.6;0;0;1202;0;1202;0;1016;0;-
2026/04/22;00:10:22;98;-; 52.69; 0.0;-; 8.1; 12.8; 0.0;-;-;1929;-0.1; 0.0; 0.0;-5; 24.2;F;1;29;On;On;Off; 22.8; 22.6;0;0;1202;0;1202;0;1016;0;-
2026/04/22;00:11:22;98;-; 52.69; 0.0;-; 8.1; 12.6; 0.0;-;-;1929;-0.1; 0.0; 0.0;-5; 24.2;F;1;29;On;On;Off; 22.9; 22.6;0;0;1202;0;1202;0;1016;0;-
2026/04/22;00:12:22;98;-; 52.69; 0.0;-; 8.0; 12.8; 0.0;-;-;1929;-0.1; 0.0; 0.0;-5; 24.2;F;1;29;On;On;Off; 22.8; 22.6;0;0;1202;0;1202;0;1016;0;-
2026/04/22;00:13:22;98;-; 52.69; 0.0;-; 8.1; 12.8; 0.0;-;-;1929;-0.1; 0.0; 0.0;-5; 24.2;F;1;29;On;On;Off; 22.9; 22.6;0;0;1202;0;1202;0;1016;0;-
2026/04/22;00:14:22;98;-; 52.69; 0.0;-; 8.1; 12.8; 0.0;-;-;1929;-0.1; 0.0; 0.0;-5; 24.2;F;1;29;On;On;Off; 22.8; 22.6;0;0;1202;0;1202;0;1016;0;-
2026/04/22;00:15:22;98;-; 52.69; 0.0;-; 8.1; 12.7; 0.0;-;-;1929;-0.1; 0.0; 0.0;-5; 24.2;F;1;29;On;On;Off; 22.8; 22.6;0;0;1202;0;1202;0;1016;0;-
2026/04/22;00:16:22;98;-; 52.69; 0.0;-; 8.1; 12.7; 0.0;-;-;1929;-0.1; 0.0; 0.0;-5; 24.1;F;1;29;On;On;Off; 22.8; 22.6;0;0;1202;0;1202;0;1016;0;-
2026/04/22;00:17:22;98;-; 52.69; 0.0;-; 8.0; 12.7; 0.0;-;-;1929;-0.1; 0.0; 0.0;-4; 24.2;F;1;29;On;On;Off; 22.8; 22.6;0;0;1202;0;1202;0;1016;0;-
2026/04/22;00:18:22;98;-; 52.67; 0.0;-; 8.1; 12.8; 0.0;-;-;1929;-0.1; 0.0; 0.0;-4; 24.1;F;1;29;On;On;Off; 22.8; 22.6;0;0;1202;0;1202;0;1016;0;-
2026/04/22;00:19:22;98;-; 52.67; 0.0;-; 8.0; 12.7; 0.0;-;-;1929;-0.1; 0.0; 0.0;-4; 24.2;F;1;29;On;On;Off; 22.8; 22.6;0;0;1202;0;1202;0;1016;0;-
2026/04/22;00:20:22;98;-; 52.67; 0.0;-; 8.0; 12.8; 0.0;-;-;1929;-0.1; 0.0; 0.0;-5; 24.1;F;1;29;On;On;Off; 22.8; 22.6;0;0;1202;0;1202;0;1016;0;-
2026/04/22;00:21:22;98;-; 52.69; 0.0;-; 8.0; 12.7; 0.0;-;-;1929;-0.1; 0.0; 0.0;-5; 24.1;F;1;29;On;On;Off; 22.8; 22.6;0;0;1202;0;1202;0;1016;0;-
2026/04/22;00:22:22;98;-; 52.69; 0.0;-; 8.0; 12.7; 0.0;-;-;1929;-0.1; 0.0; 0.0;-4; 24.1;F;1;29;On;On;Off; 22.8; 22.6;0;0;1202;0;1202;0;1016;0;-
2026/04/22;00:23:22;98;-; 52.67; 0.0;-; 8.0; 12.7; 0.0;-;-;1929;-0.1; 0.0; 0.0;-5; 24.1;F;1;29;On;On;Off; 22.8; 22.6;0;0;1202;0;1202;0;1016;0;-
2026/04/22;00:24:22;98;-; 52.69; 0.0;-; 8.1; 12.8; 0.0;-;-;1929;-0.1; 0.0; 0.0;-5; 24.1;F;1;29;On;On;Off; 22.8; 22.6;0;0;1202;0;1202;0;1016;0;-
2026/04/22;00:25:22;98;-; 52.69; 0.0;-; 8.1; 12.8; 0.0;-;-;1929;-0.1; 0.0; 0.0;-5; 24.1;F;1;29;On;On;Off; 22.8; 22.6;0;0;1202;0;1202;0;1016;0;-
2026/04/22;00:26:21;98;-; 52.69; 0.0;-; 8.0; 12.7; 0.0;-;-;1929;-0.1; 0.0; 0.0;-4; 24.1;F;1;29;On;On;Off; 22.8; 22.6;0;0;1202;0;1202;0;1016;0;-
2026/04/22;00:27:21;98;-; 52.69; 0.0;-; 7.9; 12.5; 0.0;-;-;1929;-0.1; 0.0; 0.0;-4; 24.1;F;1;29;On;On;Off; 22.8; 22.6;0;0;1202;0;1202;0;1016;0;-
2026/04/22;00:28:21;98;-; 52.69; 0.0;-; 8.1; 12.8; 0.0;-;-;1929;-0.1; 0.0; 0.0;-4; 24.1;F;1;29;On;On;Off; 22.8; 22.6;0;0;1202;0;1202;0;1016;0;-
2026/04/22;00:29:21;98;-; 52.69; 0.0;-; 8.0; 12.8; 0.0;-;-;1929;-0.1; 0.0; 0.0;-4; 24.1;F;1;29;On;On;Off; 22.8; 22.6;0;0;1202;0;1202;0;1016;0;-
2026/04/22;00:30:21;98;-; 52.69; 0.0;-; 8.0; 12.6; 0.0;-;-;1929;-0.1; 0.0; 0.0;-4; 24.1;F;1;29;On;On;Off; 22.8; 22.6;0;0;1202;0;1202;0;1016;0;-
2026/04/22;00:31:21;98;-; 52.69; 0.0;-; 8.0; 12.7; 0.0;-;-;1929;-0.1; 0.0; 0.0;-4; 24.1;F;1;29;On;On;Off; 22.8; 22.6;0;0;1202;0;1202;0;1016;0;-
2026/04/22;00:32:21;98;-; 52.67; 0.0;-; 8.0; 12.7; 0.0;-;-;1929;-0.1; 0.0; 0.0;-4; 24.1;F;1;29;On;On;Off; 22.8; 22.6;0;0;1202;0;1202;0;1016;0;-
2026/04/22;00:33:21;98;-; 52.67; 0.0;-; 8.0; 12.7; 0.0;-;-;1929;-0.1; 0.0; 0.0;-4; 24.1;F;1;29;On;On;Off; 22.8; 22.6;0;0;1202;0;1202;0;1016;0;-
2026/04/22;00:34:21;98;-; 52.67; 0.0;-; 8.0; 12.8; 0.0;-;-;1929;-0.1; 0.0; 0.0;-4; 24.1;F;1;29;On;On;Off; 22.8; 22.6;0;0;1202;0;1202;0;1016;0;-
2026/04/22;00:35:21;98;-; 52.69; 0.0;-; 7.9; 12.7; 0.0;-;-;1929;-0.1; 0.0; 0.0;-4; 24.1;F;1;29;On;On;Off; 22.8; 22.6;0;0;1202;0;1202;0;1016;0;-
2026/04/22;00:36:21;98;-; 52.69; 0.0;-; 8.0; 12.7; 0.0;-;-;1929;-0.1; 0.0; 0.0;-4; 24.1;F;1;29;On;On;Off; 22.8; 22.6;0;0;1202;0;1202;0;1016;0;-
2026/04/22;00:37:21;98;-; 52.67; 0.0;-; 8.0; 12.7; 0.0;-;-;1929;-0.1; 0.0; 0.0;-4; 24.1;F;1;29;On;On;Off; 22.8; 22.6;0;0;1202;0;1202;0;1016;0;-
2026/04/22;00:38:21;98;-; 52.67; 0.0;-; 7.9; 12.5; 0.0;-;-;1929;-0.1; 0.0; 0.0;-5; 24.1;F;1;29;On;On;Off; 22.8; 22.5;0;0;1202;0;1202;0;1016;0;-
2026/04/22;00:39:21;98;-; 52.67; 0.0;-; 8.0; 12.7; 0.0;-;-;1929;-0.1; 0.0; 0.0;-4; 24.1;F;1;29;On;On;Off; 22.8; 22.5;0;0;1202;0;1202;0;1016;0;-
2026/04/22;00:40:21;98;-; 52.67; 0.0;-; 7.9; 12.6; 0.0;-;-;1929;-0.1; 0.0; 0.0;-5; 24.1;F;1;29;On;On;Off; 22.8; 22.5;0;0;1202;0;1202;0;1016;0;-
2026/04/22;00:41:21;98;-; 52.67; 0.0;-; 8.0; 12.8; 0.0;-;-;1929;-0.1; 0.0; 0.0;-5; 24.1;F;1;29;On;On;Off; 22.8; 22.6;0;0;1202;0;1202;0;1016;0;-
2026/04/22;00:42:20;98;-; 52.67; 0.0;-; 8.0; 12.6; 0.0;-;-;1929;-0.1; 0.0; 0.0;-4; 24.1;F;1;29;On;On;Off; 22.8; 22.6;0;0;1202;0;1202;0;1016;0;-
2026/04/22;00:43:20;98;-; 52.67; 0.0;-; 7.9; 12.7; 0.0;-;-;1929;-0.1; 0.0; 0.0;-4; 24.1;F;1;29;On;On;Off; 22.8; 22.5;0;0;1202;0;1202;0;1016;0;-
2026/04/22;00:44:20;98;-; 52.67; 0.0;-; 8.0; 12.7; 0.0;-;-;1929;-0.1; 0.0; 0.0;-5; 24.1;F;1;29;On;On;Off; 22.8; 22.5;0;0;1202;0;1202;0;1016;0;-
2026/04/22;00:45:20;98;-; 52.67; 0.0;-; 7.9; 12.9; 0.0;-;-;1929;-0.1; 0.0; 0.0;-5; 24.1;F;1;29;On;On;Off; 22.8; 22.5;0;0;1202;0;1202;0;1016;0;-
2026/04/22;00:46:20;98;-; 52.67; 0.0;-; 8.0; 12.8; 0.0;-;-;1929;-0.1; 0.0; 0.0;-5; 24.1;F;1;29;On;On;Off; 22.8; 22.5;0;0;1202;0;1202;0;1016;0;-
2026/04/22;00:47:20;98;-; 52.67; 0.0;-; 8.0; 12.6; 0.0;-;-;1929;-0.1; 0.0; 0.0;-4; 24.0;F;1;29;On;On;Off; 22.8; 22.5;0;0;1202;0;1202;0;1016;0;-
2026/04/22;00:48:20;98;-; 52.67; 0.0;-; 7.9; 12.8; 0.0;-;-;1929;-0.1; 0.0; 0.0;-5; 24.0;F;1;29;On;On;Off; 22.8; 22.5;0;0;1202;0;1202;0;1016;0;-
2026/04/22;00:49:20;98;-; 52.67; 0.0;-; 8.0; 12.7; 0.0;-;-;1929;-0.1; 0.0; 0.0;-5; 24.0;F;1;29;On;On;Off; 22.8; 22.6;0;0;1202;0;1202;0;1016;0;-
2026/04/22;00:50:20;98;-; 52.65; 0.0;-; 7.9; 12.6; 0.0;-;-;1929;-0.1; 0.0; 0.0;-4; 24.0;F;1;29;On;On;Off; 22.8; 22.5;0;0;1202;0;1202;0;1016;0;-
2026/04/22;00:51:20;98;-; 52.65; 0.0;-; 7.9; 12.7; 0.0;-;-;1929;-0.1; 0.0; 0.0;-5; 24.0;F;1;29;On;On;Off; 22.8; 22.5;0;0;1202;0;1202;0;1016;0;-
2026/04/22;00:52:20;98;-; 52.67; 0.0;-; 8.0; 12.6; 0.0;-;-;1929;-0.1; 0.0; 0.0;-4; 24.0;F;1;29;On;On;Off; 22.8; 22.5;0;0;1202;0;1202;0;1016;0;-
2026/04/22;00:53:20;98;-; 52.67; 0.0;-; 8.0; 12.6; 0.0;-;-;1929;-0.1; 0.0; 0.0;-4; 24.0;F;1;29;On;On;Off; 22.8; 22.5;0;0;1202;0;1202;0;1016;0;-
2026/04/22;00:54:20;98;-; 52.65; 0.0;-; 8.0; 12.7; 0.0;-;-;1929;-0.1; 0.0; 0.0;-5; 24.0;F;1;29;On;On;Off; 22.8; 22.5;0;0;1202;0;1202;0;1016;0;-
2026/04/22;00:55:20;98;-; 52.65; 0.0;-; 8.0; 12.5; 0.0;-;-;1929;-0.1; 0.0; 0.0;-5; 24.0;F;1;29;On;On;Off; 22.8; 22.5;0;0;1202;0;1202;0;1016;0;-
2026/04/22;00:56:20;98;-; 52.67; 0.0;-; 7.9; 12.8; 0.0;-;-;1929;-0.1; 0.0; 0.0;-5; 24.0;F;1;29;On;On;Off; 22.8; 22.5;0;0;1202;0;1202;0;1016;0;-
2026/04/22;00:57:19;98;-; 52.67; 0.0;-; 7.9; 12.7; 0.0;-;-;1929;-0.1; 0.0; 0.0;-5; 24.0;F;1;29;On;On;Off; 22.8; 22.5;0;0;1202;0;1202;0;1016;0;-
2026/04/22;00:58:19;98;-; 52.65; 0.0;-; 8.0; 12.7; 0.0;-;-;1929;-0.1; 0.0; 0.0;-5; 24.0;F;1;29;On;On;Off; 22.8; 22.5;0;0;1202;0;1202;0;1016;0;-
2026/04/22;00:59:19;98;-; 52.67; 0.0;-; 8.0; 12.7; 0.0;-;-;1929;-0.1; 0.0; 0.0;-5; 24.0;F;1;29;On;On;Off; 22.8; 22.5;0;0;1202;0;1202;0;1016;0;-
2026/04/22;01:00:19;98;-; 52.67; 0.0;-; 7.9; 12.6; 0.0;-;-;1929;-0.1; 0.0; 0.0;-5; 24.0;F;1;29;On;On;Off; 22.8; 22.5;0;0;1202;0;1202;0;1016;0;-
2026/04/22;01:01:19;98;-; 52.67; 0.0;-; 7.9; 12.6; 0.0;-;-;1929;-0.1; 0.0; 0.0;-5; 24.0;F;1;29;On;On;Off; 22.8; 22.5;0;0;1202;0;1202;0;1016;0;-
2026/04/22;01:02:19;98;-; 52.65; 0.0;-; 8.0; 12.7; 0.0;-;-;1929;-0.1; 0.0; 0.0;-5; 24.0;F;1;29;On;On;Off; 22.8; 22.5;0;0;1202;0;1202;0;1016;0;-
2026/04/22;01:03:19;98;-; 52.67; 0.0;-; 7.9; 12.8; 0.0;-;-;1929;-0.1; 0.0; 0.0;-5; 24.0;F;1;29;On;On;Off; 22.8; 22.5;0;0;1202;0;1202;0;1016;0;-
2026/04/22;01:04:19;98;-; 52.67; 0.0;-; 8.0; 12.8; 0.0;-;-;1929;-0.1; 0.0; 0.0;-5; 24.0;F;1;29;On;On;Off; 22.8; 22.5;0;0;1202;0;1202;0;1016;0;-
2026/04/22;01:05:19;98;-; 52.67; 0.0;-; 8.0; 12.7; 0.0;-;-;1929;-0.1; 0.0; 0.0;-5; 24.0;F;1;29;On;On;Off; 22.8; 22.5;0;0;1202;0;1202;0;1016;0;-
2026/04/22;01:06:19;98;-; 52.67; 0.0;-; 8.0; 12.7; 0.0;-;-;1929;-0.1; 0.0; 0.0;-4; 24.0;F;1;29;On;On;Off; 22.8; 22.5;0;0;1202;0;1202;0;1016;0;-
2026/04/22;01:07:19;98;-; 52.67; 0.0;-; 8.0; 12.6; 0.0;-;-;1929;-0.1; 0.0; 0.0;-5; 24.0;F;1;29;On;On;Off; 22.8; 22.5;0;0;1202;0;1202;0;1016;0;-
2026/04/22;01:08:19;98;-; 52.67; 0.0;-; 8.1; 12.7; 0.0;-;-;1930;-0.1; 0.0; 0.0;-5; 24.0;F;1;29;On;On;Off; 22.8; 22.5;0;0;1202;0;1202;0;1016;0;-
2026/04/22;01:09:19;98;-; 52.65; 0.0;-; 8.0; 12.7; 0.0;-;-;1930;-0.1; 0.0; 0.0;-5; 24.0;F;1;29;On;On;Off; 22.8; 22.5;0;0;1202;0;1202;0;1016;0;-
2026/04/22;01:10:19;98;-; 52.67; 0.0;-; 7.9; 12.7; 0.0;-;-;1930;-0.1; 0.0; 0.0;-5; 24.0;F;1;29;On;On;Off; 22.8; 22.5;0;0;1202;0;1202;0;1016;0;-
2026/04/22;01:11:19;98;-; 52.67; 0.0;-; 8.0; 12.6; 0.0;-;-;1930;-0.1; 0.0; 0.0;-6; 24.0;F;1;29;On;On;Off; 22.8; 22.5;0;0;1202;0;1202;0;1016;0;-
2026/04/22;01:12:19;98;-; 52.67; 0.0;-; 8.0; 12.6; 0.0;-;-;1930;-0.1; 0.0; 0.0;-6; 24.0;F;1;29;On;On;Off; 22.8; 22.5;0;0;1202;0;1202;0;1016;0;-
2026/04/22;01:13:18;98;-; 52.67; 0.0;-; 8.0; 12.7; 0.0;-;-;1930;-0.1; 0.0; 0.0;-5; 24.0;F;1;29;On;On;Off; 22.8; 22.5;0;0;1202;0;1202;0;1016;0;-
2026/04/22;01:14:18;98;-; 52.67; 0.0;-; 7.9; 12.6; 0.0;-;-;1930;-0.1; 0.0; 0.0;-5; 24.0;F;1;29;On;On;Off; 22.8; 22.5;0;0;1202;0;1202;0;1016;0;-
2026/04/22;01:15:18;98;-; 52.67; 0.0;-; 8.0; 12.8; 0.0;-;-;1930;-0.1; 0.0; 0.0;-5; 24.0;F;1;29;On;On;Off; 22.8; 22.5;0;0;1202;0;1202;0;1016;0;-
2026/04/22;01:16:18;98;-; 52.65; 0.0;-; 8.0; 12.7; 0.0;-;-;1930;-0.1; 0.0; 0.0;-5; 23.9;F;1;29;On;On;Off; 22.8; 22.5;0;0;1202;0;1202;0;1016;0;-
2026/04/22;01:17:18;98;-; 52.67; 0.0;-; 8.0; 12.7; 0.0;-;-;1930;-0.1; 0.0; 0.0;-5; 23.9;F;1;29;On;On;Off; 22.7; 22.5;0;0;1202;0;1202;0;1016;0;-
2026/04/22;01:18:18;98;-; 52.67; 0.0;-; 7.9; 12.7; 0.0;-;-;1930;-0.1; 0.0; 0.0;-5; 23.9;F;1;29;On;On;Off; 22.7; 22.5;0;0;1202;0;1202;0;1016;0;-
2026/04/22;01:19:18;98;-; 52.67; 0.0;-; 8.0; 12.8; 0.0;-;-;1930;-0.1; 0.0; 0.0;-5; 23.9;F;1;29;On;On;Off; 22.7; 22.5;0;0;1202;0;1202;0;1016;0;-
2026/04/22;01:20:18;98;-; 52.65; 0.0;-; 7.9; 12.6; 0.0;-;-;1930;-0.1; 0.0; 0.0;-6; 23.9;F;1;29;On;On;Off; 22.7; 22.5;0;0;1202;0;1202;0;1016;0;-
2026/04/22;01:21:18;98;-; 52.65; 0.0;-; 8.0; 12.7; 0.0;-;-;1930;-0.1; 0.0; 0.0;-5; 23.9;F;1;29;On;On;Off; 22.7; 22.5;0;0;1202;0;1202;0;1016;0;-
2026/04/22;01:22:18;98;-; 52.65; 0.0;-; 8.4; 12.8; 0.0;-;-;1930;-0.1; 0.0; 0.0;-5; 23.9;F;1;29;On;On;Off; 22.8; 22.5;0;0;1202;0;1202;0;1016;0;-
2026/04/22;01:23:18;98;-; 52.65; 0.0;-; 8.7; 12.9; 0.0;-;-;1930;-0.1; 0.0; 0.0;-6; 23.9;F;1;29;On;On;Off; 22.7; 22.5;0;0;1202;0;1202;0;1016;0;-
2026/04/22;01:24:18;98;-; 52.65; 0.0;-; 8.0; 12.8; 0.0;-;-;1930;-0.1; 0.0; 0.0;-5; 23.9;F;1;29;On;On;Off; 22.7; 22.5;0;0;1202;0;1202;0;1016;0;-
2026/04/22;01:25:18;98;-; 52.65; 0.0;-; 8.0; 12.8; 0.0;-;-;1930;-0.1; 0.0; 0.0;-5; 23.9;F;1;29;On;On;Off; 22.7; 22.5;0;0;1202;0;1202;0;1016;0;-
2026/04/22;01:26:18;98;-; 52.65; 0.0;-; 8.0; 12.7; 0.0;-;-;1930;-0.1; 0.0; 0.0;-5; 23.9;F;1;29;On;On;Off; 22.7; 22.5;0;0;1202;0;1202;0;1016;0;-
2026/04/22;01:27:18;98;-; 52.65; 0.0;-; 7.9; 12.8; 0.0;-;-;1930;-0.1; 0.0; 0.0;-5; 23.9;F;1;29;On;On;Off; 22.7; 22.5;0;0;1202;0;1202;0;1016;0;-
2026/04/22;01:28:18;98;-; 52.65; 0.0;-; 8.0; 12.7; 0.0;-;-;1930;-0.1; 0.0; 0.0;-5; 23.9;F;1;29;On;On;Off; 22.7; 22.5;0;0;1202;0;1202;0;1016;0;-
2026/04/22;01:29:17;98;-; 52.65; 0.0;-; 8.0; 12.7; 0.0;-;-;1930;-0.1; 0.0; 0.0;-5; 23.9;F;1;29;On;On;Off; 22.7; 22.4;0;0;1202;0;1202;0;1016;0;-
2026/04/22;01:30:17;98;-; 52.65; 0.0;-; 8.1; 12.8; 0.0;-;-;1930;-0.1; 0.0; 0.0;-5; 23.9;F;1;29;On;On;Off; 22.7; 22.4;0;0;1202;0;1202;0;1016;0;-
2026/04/22;01:31:17;98;-; 52.63; 0.0;-; 8.0; 12.8; 0.0;-;-;1930;-0.1; 0.0; 0.0;-5; 23.9;F;1;29;On;On;Off; 22.7; 22.4;0;0;1202;0;1202;0;1016;0;-
2026/04/22;01:32:17;98;-; 52.63; 0.0;-; 8.0; 12.7; 0.0;-;-;1930;-0.1; 0.0; 0.0;-5; 23.9;F;1;29;On;On;Off; 22.7; 22.5;0;0;1202;0;1202;0;1016;0;-
2026/04/22;01:33:17;98;-; 52.65; 0.0;-; 7.9; 12.7; 0.0;-;-;1930;-0.1; 0.0; 0.0;-5; 23.9;F;1;29;On;On;Off; 22.7; 22.4;0;0;1202;0;1202;0;1016;0;-
2026/04/22;01:34:17;98;-; 52.63; 0.0;-; 8.0; 12.8; 0.0;-;-;1930;-0.1; 0.0; 0.0;-5; 23.9;F;1;29;On;On;Off; 22.7; 22.5;0;0;1202;0;1202;0;1016;0;-
2026/04/22;01:35:17;98;-; 52.65; 0.0;-; 8.0; 12.8; 0.0;-;-;1930;-0.1; 0.0; 0.0;-5; 23.9;F;1;29;On;On;Off; 22.7; 22.4;0;0;1202;0;1202;0;1016;0;-
2026/04/22;01:36:17;98;-; 52.63; 0.0;-; 8.0; 12.7; 0.0;-;-;1930;-0.1; 0.0; 0.0;-5; 23.9;F;1;29;On;On;Off; 22.7; 22.4;0;0;1202;0;1202;0;1016;0;-
2026/04/22;01:37:17;98;-; 52.65; 0.0;-; 8.0; 12.7; 0.0;-;-;1930;-0.1; 0.0; 0.0;-5; 23.9;F;1;29;On;On;Off; 22.7; 22.4;0;0;1202;0;1202;0;1016;0;-
2026/04/22;01:38:17;98;-; 52.65; 0.0;-; 8.0; 12.8; 0.0;-;-;1930;-0.1; 0.0; 0.0;-5; 23.9;F;1;29;On;On;Off; 22.7; 22.4;0;0;1202;0;1202;0;1016;0;-
2026/04/22;01:39:17;98;-; 52.65; 0.0;-; 8.1; 12.9; 0.0;-;-;1930;-0.1; 0.0; 0.0;-5; 23.9;F;1;29;On;On;Off; 22.7; 22.4;0;0;1202;0;1202;0;1016;0;-
2026/04/22;01:40:17;98;-; 52.65; 0.0;-; 8.0; 12.8; 0.0;-;-;1930;-0.1; 0.0; 0.0;-5; 23.8;F;1;29;On;On;Off; 22.7; 22.4;0;0;1202;0;1202;0;1016;0;-
2026/04/22;01:41:17;98;-; 52.65; 0.0;-; 8.0; 12.7; 0.0;-;-;1930;-0.1; 0.0; 0.0;-5; 23.8;F;1;29;On;On;Off; 22.7; 22.4;0;0;1202;0;1202;0;1016;0;-
2026/04/22;01:42:17;98;-; 52.65; 0.0;-; 8.1; 12.8; 0.0;-;-;1930;-0.1; 0.0; 0.0;-5; 23.8;F;1;29;On;On;Off; 22.7; 22.4;0;0;1202;0;1202;0;1016;0;-
2026/04/22;01:43:17;98;-; 52.65; 0.0;-; 8.1; 12.8; 0.0;-;-;1930;-0.1; 0.0; 0.0;-5; 23.8;F;1;29;On;On;Off; 22.7; 22.4;0;0;1202;0;1202;0;1016;0;-
2026/04/22;01:44:16;98;-; 52.65; 0.0;-; 8.1; 12.8; 0.0;-;-;1930;-0.1; 0.0; 0.0;-5; 23.8;F;1;29;On;On;Off; 22.7; 22.4;0;0;1202;0;1202;0;1016;0;-
2026/04/22;01:45:16;98;-; 52.65; 0.0;-; 8.1; 12.8; 0.0;-;-;1930;-0.1; 0.0; 0.0;-5; 23.8;F;1;29;On;On;Off; 22.7; 22.4;0;0;1202;0;1202;0;1016;0;-
2026/04/22;01:46:16;98;-; 52.65; 0.0;-; 8.0; 12.8; 0.0;-;-;1930;-0.1; 0.0; 0.0;-5; 23.8;F;1;29;On;On;Off; 22.7; 22.4;0;0;1202;0;1202;0;1016;0;-
2026/04/22;01:47:16;98;-; 52.65; 0.0;-; 8.0; 12.8; 0.0;-;-;1930;-0.1; 0.0; 0.0;-5; 23.8;F;1;29;On;On;Off; 22.7; 22.4;0;0;1202;0;1202;0;1016;0;-
2026/04/22;01:48:16;98;-; 52.65; 0.0;-; 8.1; 12.7; 0.0;-;-;1930;-0.1; 0.0; 0.0;-5; 23.8;F;1;29;On;On;Off; 22.7; 22.4;0;0;1202;0;1202;0;1016;0;-
2026/04/22;01:49:16;98;-; 52.65; 0.0;-; 8.2; 12.9; 0.0;-;-;1930;-0.1; 0.0; 0.0;-5; 23.8;F;1;29;On;On;Off; 22.7; 22.4;0;0;1202;0;1202;0;1016;0;-
2026/04/22;01:50:16;98;-; 52.65; 0.0;-; 8.1; 12.7; 0.0;-;-;1930;-0.1; 0.0; 0.0;-5; 23.8;F;1;29;On;On;Off; 22.7; 22.4;0;0;1202;0;1202;0;1016;0;-
2026/04/22;01:51:16;98;-; 52.65; 0.0;-; 8.1; 12.8; 0.0;-;-;1930;-0.1; 0.0; 0.0;-5; 23.8;F;1;29;On;On;Off; 22.7; 22.4;0;0;1202;0;1202;0;1016;0;-
2026/04/22;01:52:16;98;-; 52.65; 0.0;-; 8.0; 12.8; 0.0;-;-;1930;-0.1; 0.0; 0.0;-5; 23.8;F;1;29;On;On;Off; 22.7; 22.4;0;0;1202;0;1202;0;1016;0;-
2026/04/22;01:53:16;98;-; 52.65; 0.0;-; 8.2; 12.8; 0.0;-;-;1930;-0.1; 0.0; 0.0;-5; 23.8;F;1;29;On;On;Off; 22.7; 22.4;0;0;1202;0;1202;0;1016;0;-
2026/04/22;01:54:16;98;-; 52.65; 0.0;-; 8.1; 12.8; 0.0;-;-;1930;-0.1; 0.0; 0.0;-5; 23.8;F;1;29;On;On;Off; 22.6; 22.4;0;0;1202;0;1202;0;1016;0;-
2026/04/22;01:55:16;98;-; 52.65; 0.0;-; 8.1; 12.8; 0.0;-;-;1930;-0.1; 0.0; 0.0;-5; 23.8;F;1;29;On;On;Off; 22.6; 22.4;0;0;1202;0;1202;0;1016;0;-
2026/04/22;01:56:16;98;-; 52.65; 0.0;-; 8.1; 12.9; 0.0;-;-;1930;-0.1; 0.0; 0.0;-5; 23.8;F;1;29;On;On;Off; 22.7; 22.4;0;0;1202;0;1202;0;1016;0;-
2026/04/22;01:57:16;98;-; 52.65; 0.0;-; 8.1; 12.8; 0.0;-;-;1930;-0.1; 0.0; 0.0;-5; 23.8;F;1;29;On;On;Off; 22.6; 22.4;0;0;1202;0;1202;0;1016;0;-
2026/04/22;01:58:16;98;-; 52.65; 0.0;-; 8.1; 12.9; 0.0;-;-;1930;-0.1; 0.0; 0.0;-5; 23.8;F;1;29;On;On;Off; 22.6; 22.4;0;0;1202;0;1202;0;1016;0;-
2026/04/22;01:59:16;98;-; 52.65; 0.0;-; 8.1; 12.8; 0.0;-;-;1930;-0.1; 0.0; 0.0;-5; 23.8;F;1;29;On;On;Off; 22.6; 22.4;0;0;1202;0;1202;0;1016;0;-
2026/04/22;02:00:15;98;-; 52.65; 0.0;-; 8.1; 12.8; 0.0;-;-;1930;-0.1; 0.0; 0.0;-5; 23.8;F;1;29;On;On;Off; 22.6; 22.4;0;0;1202;0;1202;0;1016;0;-
2026/04/22;02:01:15;98;-; 52.65; 0.0;-; 8.1; 12.8; 0.0;-;-;1930;-0.1; 0.0; 0.0;-5; 23.8;F;1;29;On;On;Off; 22.6; 22.4;0;0;1202;0;1202;0;1016;0;-
2026/04/22;02:02:15;98;-; 52.65; 0.0;-; 8.2; 12.8; 0.0;-;-;1930;-0.1; 0.0; 0.0;-5; 23.8;F;1;29;On;On;Off; 22.6; 22.4;0;0;1202;0;1202;0;1016;0;-
2026/04/22;02:03:15;98;-; 52.63; 0.0;-; 8.1; 12.9; 0.0;-;-;1930;-0.1; 0.0; 0.0;-4; 23.8;F;1;29;On;On;Off; 22.6; 22.4;0;0;1202;0;1202;0;1016;0;-
2026/04/22;02:04:15;98;-; 52.65; 0.0;-; 8.2; 12.8; 0.0;-;-;1930;-0.1; 0.0; 0.0;-5; 23.8;F;1;29;On;On;Off; 22.6; 22.4;0;0;1202;0;1202;0;1016;0;-
2026/04/22;02:05:15;98;-; 52.63; 0.0;-; 8.1; 12.9; 0.0;-;-;1930;-0.1; 0.0; 0.0;-5; 23.7;F;1;29;On;On;Off; 22.6; 22.4;0;0;1202;0;1202;0;1016;0;-
2026/04/22;02:06:15;98;-; 52.63; 0.0;-; 8.1; 12.9; 0.0;-;-;1930;-0.1; 0.0; 0.0;-5; 23.7;F;1;29;On;On;Off; 22.6; 22.4;0;0;1202;0;1202;0;1016;0;-
2026/04/22;02:07:15;98;-; 52.63; 0.0;-; 8.2; 12.8; 0.0;-;-;1930;-0.1; 0.0; 0.0;-6; 23.7;F;1;29;On;On;Off; 22.6; 22.4;0;0;1202;0;1202;0;1016;0;-
2026/04/22;02:08:15;98;-; 52.63; 0.0;-; 8.2; 12.9; 0.0;-;-;1931;-0.1; 0.0; 0.0;-5; 23.7;F;1;29;On;On;Off; 22.6; 22.4;0;0;1202;0;1202;0;1016;0;-
2026/04/22;02:09:15;98;-; 52.63; 0.0;-; 8.3; 12.9; 0.0;-;-;1931;-0.1; 0.0; 0.0;-5; 23.7;F;1;29;On;On;Off; 22.6; 22.3;0;0;1202;0;1202;0;1016;0;-
2026/04/22;02:10:15;98;-; 52.63; 0.0;-; 8.2; 13.0; 0.0;-;-;1931;-0.1; 0.0; 0.0;-5; 23.7;F;1;29;On;On;Off; 22.6; 22.3;0;0;1202;0;1202;0;1016;0;-
2026/04/22;02:11:15;97;-; 52.63; 0.0;-; 8.2; 12.9; 0.0;-;-;1931;-0.1; 0.0; 0.0;-5; 23.7;F;1;29;On;On;Off; 22.6; 22.3;0;0;1202;0;1202;0;1016;0;-
2026/04/22;02:12:15;97;-; 52.63; 0.0;-; 8.2; 13.0; 0.0;-;-;1931;-0.1; 0.0; 0.0;-5; 23.7;F;1;29;On;On;Off; 22.6; 22.3;0;0;1202;0;1202;0;1016;0;-
2026/04/22;02:13:15;97;-; 52.63; 0.0;-; 8.2; 12.7; 0.0;-;-;1931;-0.1; 0.0; 0.0;-6; 23.7;F;1;29;On;On;Off; 22.6; 22.3;0;0;1202;0;1202;0;1016;0;-
2026/04/22;02:14:15;97;-; 52.63; 0.0;-; 8.2; 13.0; 0.0;-;-;1931;-0.1; 0.0; 0.0;-6; 23.7;F;1;29;On;On;Off; 22.6; 22.4;0;0;1202;0;1202;0;1016;0;-
2026/04/22;02:15:15;97;-; 52.63; 0.0;-; 8.1; 12.8; 0.0;-;-;1931;-0.1; 0.0; 0.0;-5; 23.7;F;1;29;On;On;Off; 22.6; 22.3;0;0;1202;0;1202;0;1016;0;-
2026/04/22;02:16:14;97;-; 52.63; 0.0;-; 8.2; 13.0; 0.0;-;-;1931;-0.1; 0.0; 0.0;-5; 23.7;F;1;29;On;On;Off; 22.6; 22.3;0;0;1202;0;1202;0;1016;0;-
2026/04/22;02:17:14;97;-; 52.63; 0.0;-; 8.2; 13.1; 0.0;-;-;1931;-0.1; 0.0; 0.0;-5; 23.7;F;1;29;On;On;Off; 22.6; 22.3;0;0;1202;0;1202;0;1016;0;-
2026/04/22;02:18:14;97;-; 52.63; 0.0;-; 8.1; 12.9; 0.0;-;-;1931;-0.1; 0.0; 0.0;-5; 23.7;F;1;29;On;On;Off; 22.6; 22.3;0;0;1202;0;1202;0;1016;0;-
2026/04/22;02:19:14;97;-; 52.63; 0.0;-; 8.3; 13.1; 0.0;-;-;1931;-0.1; 0.0; 0.0;-6; 23.7;F;1;29;On;On;Off; 22.6; 22.3;0;0;1202;0;1202;0;1016;0;-
2026/04/22;02:20:14;97;-; 52.63; 0.0;-; 8.2; 13.0; 0.0;-;-;1931;-0.1; 0.0; 0.0;-5; 23.7;F;1;29;On;On;Off; 22.6; 22.3;0;0;1202;0;1202;0;1016;0;-
2026/04/22;02:21:14;97;-; 52.61; 0.0;-; 8.3; 13.1; 0.0;-;-;1931;-0.1; 0.0; 0.0;-5; 23.7;F;1;29;On;On;Off; 22.6; 22.3;0;0;1202;0;1202;0;1016;0;-
2026/04/22;02:22:14;97;-; 52.63; 0.0;-; 8.3; 13.1; 0.0;-;-;1931;-0.1; 0.0; 0.0;-5; 23.7;F;1;29;On;On;Off; 22.6; 22.3;0;0;1202;0;1202;0;1016;0;-
2026/04/22;02:23:14;97;-; 52.63; 0.0;-; 8.2; 13.0; 0.0;-;-;1931;-0.1; 0.0; 0.0;-6; 23.7;F;1;29;On;On;Off; 22.6; 22.3;0;0;1202;0;1202;0;1016;0;-
2026/04/22;02:24:14;97;-; 52.63; 0.0;-; 9.1; 13.0; 0.0;-;-;1931;-0.1; 0.0; 0.0;-6; 23.7;F;1;29;On;On;Off; 22.6; 22.3;0;0;1202;0;1202;0;1016;0;-
2026/04/22;02:25:14;97;-; 52.61; 0.0;-; 8.2; 13.0; 0.0;-;-;1931;-0.1; 0.0; 0.0;-6; 23.7;F;1;29;On;On;Off; 22.6; 22.3;0;0;1202;0;1202;0;1016;0;-
2026/04/22;02:26:14;97;-; 52.63; 0.0;-; 8.2; 13.1; 0.0;-;-;1931;-0.1; 0.0; 0.0;-5; 23.7;F;1;29;On;On;Off; 22.6; 22.3;0;0;1202;0;1202;0;1016;0;-
2026/04/22;02:27:14;97;-; 52.63; 0.0;-; 8.3; 13.0; 0.0;-;-;1931;-0.1; 0.0; 0.0;-6; 23.7;F;1;29;On;On;Off; 22.6; 22.3;0;0;1202;0;1202;0;1016;0;-
2026/04/22;02:28:14;97;-; 52.63; 0.0;-; 8.3; 12.9; 0.0;-;-;1931;-0.1; 0.0; 0.0;-6; 23.7;F;1;29;On;On;Off; 22.6; 22.3;0;0;1202;0;1202;0;1016;0;-
2026/04/22;02:29:14;97;-; 52.63; 0.0;-; 8.3; 12.9; 0.0;-;-;1931;-0.1; 0.0; 0.0;-6; 23.7;F;1;29;On;On;Off; 22.6; 22.3;0;0;1202;0;1202;0;1016;0;-
2026/04/22;02:30:14;97;-; 52.63; 0.0;-; 8.3; 13.0; 0.0;-;-;1931;-0.1; 0.0; 0.0;-6; 23.7;F;1;29;On;On;Off; 22.6; 22.3;0;0;1202;0;1202;0;1016;0;-
2026/04/22;02:31:14;97;-; 52.63; 0.0;-; 8.4; 13.0; 0.0;-;-;1931;-0.1; 0.0; 0.0;-6; 23.7;F;1;29;On;On;Off; 22.6; 22.3;0;0;1202;0;1202;0;1016;0;-
2026/04/22;02:32:13;97;-; 52.63; 0.0;-; 8.3; 13.0; 0.0;-;-;1931;-0.1; 0.0; 0.0;-6; 23.7;F;1;29;On;On;Off; 22.6; 22.3;0;0;1202;0;1202;0;1016;0;-
2026/04/22;02:33:13;97;-; 52.63; 0.0;-; 8.3; 12.9; 0.0;-;-;1931;-0.1; 0.0; 0.0;-5; 23.7;F;1;29;On;On;Off; 22.6; 22.3;0;0;1202;0;1202;0;1016;0;-
2026/04/22;02:34:13;97;-; 52.63; 0.0;-; 8.2; 13.0; 0.0;-;-;1931;-0.1; 0.0; 0.0;-5; 23.6;F;1;29;On;On;Off; 22.6; 22.3;0;0;1202;0;1202;0;1016;0;-
2026/04/22;02:35:13;97;-; 52.63; 0.0;-; 8.3; 13.0; 0.0;-;-;1931;-0.1; 0.0; 0.0;-5; 23.7;F;1;29;On;On;Off; 22.6; 22.3;0;0;1202;0;1202;0;1016;0;-
2026/04/22;02:36:13;97;-; 52.63; 0.0;-; 8.2; 12.9; 0.0;-;-;1931;-0.1; 0.0; 0.0;-5; 23.6;F;1;29;On;On;Off; 22.6; 22.3;0;0;1202;0;1202;0;1016;0;-
2026/04/22;02:37:13;97;-; 52.63; 0.0;-; 8.3; 13.1; 0.0;-;-;1931;-0.1; 0.0; 0.0;-5; 23.6;F;1;29;On;On;Off; 22.6; 22.3;0;0;1202;0;1202;0;1016;0;-
2026/04/22;02:38:13;97;-; 52.63; 0.0;-; 8.3; 13.0; 0.0;-;-;1931;-0.1; 0.0; 0.0;-5; 23.6;F;1;29;On;On;Off; 22.6; 22.3;0;0;1202;0;1202;0;1016;0;-
2026/04/22;02:39:13;97;-; 52.63; 0.0;-; 8.3; 13.0; 0.0;-;-;1931;-0.1; 0.0; 0.0;-6; 23.6;F;1;29;On;On;Off; 22.6; 22.3;0;0;1202;0;1202;0;1016;0;-
2026/04/22;02:40:13;97;-; 52.63; 0.0;-; 8.3; 13.1; 0.0;-;-;1931;-0.1; 0.0; 0.0;-5; 23.6;F;1;29;On;On;Off; 22.6; 22.3;0;0;1202;0;1202;0;1016;0;-
2026/04/22;02:41:13;97;-; 52.63; 0.0;-; 8.3; 13.0; 0.0;-;-;1931;-0.1; 0.0; 0.0;-5; 23.6;F;1;29;On;On;Off; 22.6; 22.3;0;0;1202;0;1202;0;1016;0;-
2026/04/22;02:42:13;97;-; 52.63; 0.0;-; 8.2; 13.0; 0.0;-;-;1931;-0.1; 0.0; 0.0;-5; 23.6;F;1;29;On;On;Off; 22.6; 22.3;0;0;1202;0;1202;0;1016;0;-
2026/04/22;02:43:13;97;-; 52.63; 0.0;-; 8.3; 13.1; 0.0;-;-;1931;-0.1; 0.0; 0.0;-6; 23.6;F;1;29;On;On;Off; 22.6; 22.3;0;0;1202;0;1202;0;1016;0;-
2026/04/22;02:44:13;97;-; 52.63; 0.0;-; 8.4; 13.0; 0.0;-;-;1931;-0.1; 0.0; 0.0;-6; 23.6;F;1;29;On;On;Off; 22.6; 22.3;0;0;1202;0;1202;0;1016;0;-
2026/04/22;02:45:13;97;-; 52.63; 0.0;-; 8.4; 13.1; 0.0;-;-;1931;-0.1; 0.0; 0.0;-5; 23.6;F;1;29;On;On;Off; 22.6; 22.3;0;0;1202;0;1202;0;1016;0;-
2026/04/22;02:46:13;97;-; 52.63; 0.0;-; 8.4; 13.1; 0.0;-;-;1931;-0.1; 0.0; 0.0;-5; 23.6;F;1;29;On;On;Off; 22.6; 22.3;0;0;1202;0;1202;0;1016;0;-
2026/04/22;02:47:12;97;-; 52.63; 0.0;-; 8.4; 13.0; 0.0;-;-;1931;-0.1; 0.0; 0.0;-5; 23.6;F;1;29;On;On;Off; 22.6; 22.3;0;0;1202;0;1202;0;1016;0;-
2026/04/22;02:48:12;97;-; 52.63; 0.0;-; 8.5; 13.2; 0.0;-;-;1931;-0.1; 0.0; 0.0;-5; 23.6;F;1;29;On;On;Off; 22.6; 22.3;0;0;1202;0;1202;0;1016;0;-
2026/04/22;02:49:12;97;-; 52.63; 0.0;-; 8.5; 13.1; 0.0;-;-;1931;-0.1; 0.0; 0.0;-5; 23.6;F;1;29;On;On;Off; 22.6; 22.3;0;0;1202;0;1202;0;1016;0;-
2026/04/22;02:50:12;97;-; 52.63; 0.0;-; 8.3; 13.0; 0.0;-;-;1931;-0.1; 0.0; 0.0;-5; 23.6;F;1;29;On;On;Off; 22.6; 22.3;0;0;1202;0;1202;0;1016;0;-
2026/04/22;02:51:12;97;-; 52.61; 0.0;-; 8.6; 13.2; 0.0;-;-;1931;-0.1; 0.0; 0.0;-5; 23.6;F;1;29;On;On;Off; 22.6; 22.3;0;0;1202;0;1202;0;1016;0;-
2026/04/22;02:52:12;97;-; 52.63; 0.0;-; 8.5; 13.2; 0.0;-;-;1931;-0.1; 0.0; 0.0;-5; 23.6;F;1;29;On;On;Off; 22.6; 22.3;0;0;1202;0;1202;0;1016;0;-
2026/04/22;02:53:12;97;-; 52.61; 0.0;-; 8.5; 13.1; 0.0;-;-;1931;-0.1; 0.0; 0.0;-6; 23.6;F;1;29;On;On;Off; 22.6; 22.3;0;0;1202;0;1202;0;1016;0;-
2026/04/22;02:54:12;97;-; 52.63; 0.0;-; 8.6; 13.2; 0.0;-;-;1931;-0.1; 0.0; 0.0;-6; 23.6;F;1;29;On;On;Off; 22.6; 22.3;0;0;1202;0;1202;0;1016;0;-
2026/04/22;02:55:12;97;-; 52.61; 0.0;-; 8.6; 13.3; 0.0;-;-;1931;-0.1; 0.0; 0.0;-6; 23.6;F;1;29;On;On;Off; 22.6; 22.3;0;0;1202;0;1202;0;1016;0;-
2026/04/22;02:56:12;97;-; 52.63; 0.0;-; 8.5; 13.3; 0.0;-;-;1931;-0.1; 0.0; 0.0;-6; 23.6;F;1;29;On;On;Off; 22.6; 22.3;0;0;1202;0;1202;0;1016;0;-
2026/04/22;02:57:12;97;-; 52.61; 0.0;-; 8.6; 13.3; 0.0;-;-;1931;-0.1; 0.0; 0.0;-5; 23.6;F;1;29;On;On;Off; 22.6; 22.3;0;0;1202;0;1202;0;1016;0;-
2026/04/22;02:58:12;97;-; 52.61; 0.0;-; 8.7; 13.3; 0.0;-;-;1931;-0.1; 0.0; 0.0;-5; 23.6;F;1;29;On;On;Off; 22.6; 22.3;0;0;1202;0;1202;0;1016;0;-
2026/04/22;02:59:12;97;-; 52.63; 0.0;-; 8.7; 13.3; 0.0;-;-;1931;-0.1; 0.0; 0.0;-6; 23.6;F;1;29;On;On;Off; 22.6; 22.3;0;0;1202;0;1202;0;1016;0;-
2026/04/22;03:00:12;97;-; 52.61; 0.0;-; 10.4; 13.8; 0.0;-;-;1931;-0.1; 0.0; 0.0;-6; 23.6;F;1;29;On;On;Off; 22.6; 22.3;0;0;1202;0;1202;0;1016;0;-
2026/04/22;03:01:12;97;-; 52.61; 0.0;-; 10.4; 13.7; 0.0;-;-;1931;-0.1; 0.0; 0.0;-5; 23.6;F;1;29;On;On;Off; 22.6; 22.3;0;0;1202;0;1202;0;1016;0;-
2026/04/22;03:02:12;97;-; 52.61; 0.0;-; 10.6; 13.8; 0.0;-;-;1931;-0.1; 0.0; 0.0;-6; 23.6;F;1;29;On;On;Off; 22.6; 22.3;0;0;1202;0;1202;0;1016;0;-
2026/04/22;03:03:11;97;-; 52.61; 0.0;-; 10.6; 13.8; 0.0;-;-;1931;-0.1; 0.0; 0.0;-6; 23.6;F;1;29;On;On;Off; 22.6; 22.3;0;0;1202;0;1202;0;1016;0;-
2026/04/22;03:04:11;97;-; 52.61; 0.0;-; 10.6; 13.9; 0.0;-;-;1931;-0.1; 0.0; 0.0;-6; 23.6;F;1;29;On;On;Off; 22.6; 22.3;0;0;1202;0;1202;0;1016;0;-
2026/04/22;03:05:11;97;-; 52.61; 0.0;-; 10.7; 13.9; 0.0;-;-;1931;-0.1; 0.0; 0.0;-6; 23.6;F;1;29;On;On;Off; 22.6; 22.3;0;0;1202;0;1202;0;1016;0;-
2026/04/22;03:06:11;97;-; 52.61; 0.0;-; 10.7; 13.9; 0.0;-;-;1931;-0.1; 0.0; 0.0;-6; 23.6;F;1;29;On;On;Off; 22.5; 22.3;0;0;1202;0;1202;0;1016;0;-
2026/04/22;03:07:11;97;-; 52.61; 0.0;-; 10.8; 13.9; 0.0;-;-;1931;-0.1; 0.0; 0.0;-6; 23.6;F;1;29;On;On;Off; 22.5; 22.3;0;0;1202;0;1202;0;1016;0;-
2026/04/22;03:08:11;97;-; 52.61; 0.0;-; 10.8; 14.0; 0.0;-;-;1932;-0.1; 0.0; 0.0;-6; 23.6;F;1;29;On;On;Off; 22.5; 22.3;0;0;1202;0;1202;0;1016;0;-
2026/04/22;03:09:11;97;-; 52.61; 0.0;-; 10.9; 14.0; 0.0;-;-;1932;-0.1; 0.0; 0.0;-6; 23.6;F;1;29;On;On;Off; 22.6; 22.3;0;0;1202;0;1202;0;1016;0;-
2026/04/22;03:10:11;97;-; 52.61; 0.0;-; 11.0; 14.1; 0.0;-;-;1932;-0.1; 0.0; 0.0;-6; 23.5;F;1;29;On;On;Off; 22.6; 22.3;0;0;1202;0;1202;0;1016;0;-
2026/04/22;03:11:11;97;-; 52.61; 0.0;-; 11.1; 14.2; 0.0;-;-;1932;-0.1; 0.0; 0.0;-6; 23.6;F;1;29;On;On;Off; 22.5; 22.3;0;0;1202;0;1202;0;1016;0;-
2026/04/22;03:12:11;97;-; 52.61; 0.0;-; 11.2; 14.3; 0.0;-;-;1932;-0.1; 0.0; 0.0;-6; 23.5;F;1;29;On;On;Off; 22.5; 22.3;0;0;1202;0;1202;0;1016;0;-
2026/04/22;03:13:11;97;-; 52.61; 0.0;-; 11.3; 14.3; 0.0;-;-;1932;-0.1; 0.0; 0.0;-6; 23.5;F;1;29;On;On;Off; 22.6; 22.3;0;0;1202;0;1202;0;1016;0;-
2026/04/22;03:14:11;97;-; 52.61; 0.0;-; 11.5; 14.3; 0.0;-;-;1932;-0.1; 0.0; 0.0;-6; 23.5;F;1;29;On;On;Off; 22.5; 22.3;0;0;1202;0;1202;0;1016;0;-
2026/04/22;03:15:11;97;-; 52.61; 0.0;-; 11.5; 14.5; 0.0;-;-;1932;-0.1; 0.0; 0.0;-6; 23.5;F;1;29;On;On;Off; 22.5; 22.3;0;0;1202;0;1202;0;1016;0;-
2026/04/22;03:16:11;97;-; 52.59; 0.0;-; 11.6; 14.5; 0.0;-;-;1932;-0.1; 0.0; 0.0;-6; 23.5;F;1;29;On;On;Off; 22.5; 22.3;0;0;1202;0;1202;0;1016;0;-
2026/04/22;03:17:11;97;-; 52.61; 0.0;-; 11.8; 14.6; 0.0;-;-;1932;-0.1; 0.0; 0.0;-5; 23.5;F;1;29;On;On;Off; 22.5; 22.3;0;0;1202;0;1202;0;1016;0;-
2026/04/22;03:18:11;97;-; 52.61; 0.0;-; 12.0; 14.7; 0.0;-;-;1932;-0.1; 0.0; 0.0;-6; 23.5;F;1;29;On;On;Off; 22.5; 22.3;0;0;1202;0;1202;0;1016;0;-
2026/04/22;03:19:10;97;-; 52.61; 0.0;-; 12.1; 14.8; 0.0;-;-;1932;-0.1; 0.0; 0.0;-5; 23.5;F;1;29;On;On;Off; 22.5; 22.2;0;0;1202;0;1202;0;1016;0;-
2026/04/22;03:20:10;97;-; 52.61; 0.0;-; 12.3; 15.0; 0.0;-;-;1932;-0.1; 0.0; 0.0;-5; 23.5;F;1;29;On;On;Off; 22.5; 22.2;0;0;1202;0;1202;0;1016;0;-
2026/04/22;03:21:10;97;-; 52.59; 0.0;-; 12.5; 15.1; 0.0;-;-;1932;-0.1; 0.0; 0.0;-6; 23.5;F;1;29;On;On;Off; 22.5; 22.3;0;0;1202;0;1202;0;1016;0;-
2026/04/22;03:22:10;97;-; 52.61; 0.0;-; 12.7; 15.4; 0.0;-;-;1932;-0.1; 0.0; 0.0;-6; 23.5;F;1;29;On;On;Off; 22.5; 22.3;0;0;1202;0;1202;0;1016;0;-
2026/04/22;03:23:10;97;-; 52.61; 0.0;-; 13.0; 15.5; 0.0;-;-;1932;-0.1; 0.0; 0.0;-6; 23.5;F;1;29;On;On;Off; 22.5; 22.3;0;0;1202;0;1202;0;1016;0;-
2026/04/22;03:24:10;97;-; 52.61; 0.0;-; 13.3; 15.7; 0.0;-;-;1932;-0.1; 0.0; 0.0;-6; 23.5;F;1;29;On;On;Off; 22.5; 22.2;0;0;1202;0;1202;0;1016;0;-
2026/04/22;03:25:10;97;-; 52.61; 0.0;-; 13.5; 15.8; 0.0;-;-;1932;-0.1; 0.0; 0.0;-6; 23.5;F;1;29;On;On;Off; 22.5; 22.2;0;0;1202;0;1202;0;1016;0;-
2026/04/22;03:26:10;97;-; 52.61; 0.0;-; 13.9; 16.0; 0.0;-;-;1932;-0.1; 0.0; 0.0;-6; 23.5;F;1;29;On;On;Off; 22.5; 22.2;0;0;1202;0;1202;0;1016;0;-
2026/04/22;03:27:10;97;-; 52.61; 0.0;-; 14.2; 16.2; 0.0;-;-;1932;-0.1; 0.0; 0.0;-6; 23.5;F;1;29;On;On;Off; 22.5; 22.2;0;0;1202;0;1202;0;1016;0;-
2026/04/22;03:28:10;97;-; 52.61; 0.0;-; 14.5; 16.4; 0.0;-;-;1932;-0.1; 0.0; 0.0;-6; 23.5;F;1;29;On;On;Off; 22.5; 22.2;0;0;1202;0;1202;0;1016;0;-
2026/04/22;03:29:10;97;-; 52.61; 0.0;-; 14.9; 16.7; 0.0;-;-;1932;-0.1; 0.0; 0.0;-5; 23.5;F;1;29;On;On;Off; 22.5; 22.2;0;0;1202;0;1202;0;1016;0;-
2026/04/22;03:30:10;97;-; 52.61; 0.0;-; 15.2; 16.9; 0.0;-;-;1932;-0.1; 0.0; 0.0;-5; 23.5;F;1;29;On;On;Off; 22.5; 22.2;0;0;1202;0;1202;0;1016;0;-
2026/04/22;03:31:10;97;-; 52.61; 0.0;-; 15.7; 17.3; 0.0;-;-;1932;-0.1; 0.0; 0.0;-5; 23.5;F;1;29;On;On;Off; 22.5; 22.2;0;0;1202;0;1202;0;1016;0;-
2026/04/22;03:32:10;97;-; 52.61; 0.0;-; 16.2; 17.8; 0.0;-;-;1932;-0.1; 0.0; 0.0;-6; 23.5;F;1;29;On;On;Off; 22.5; 22.2;0;0;1202;0;1202;0;1016;0;-
2026/04/22;03:33:10;97;-; 52.61; 0.0;-; 16.7; 18.1; 0.0;-;-;1932;-0.1; 0.0; 0.0;-6; 23.5;F;1;29;On;On;Off; 22.5; 22.2;0;0;1202;0;1202;0;1016;0;-
2026/04/22;03:34:09;97;-; 52.61; 0.0;-; 17.3; 18.5; 0.0;-;-;1932;-0.1; 0.0; 0.0;-6; 23.5;F;1;29;On;On;Off; 22.5; 22.2;0;0;1202;0;1202;0;1016;0;-
2026/04/22;03:35:09;97;-; 52.61; 0.0;-; 17.9; 19.0; 0.0;-;-;1932;-0.1; 0.0; 0.0;-6; 23.5;F;1;29;On;On;Off; 22.5; 22.2;0;0;1202;0;1202;0;1016;0;-
2026/04/22;03:36:09;97;-; 52.59; 0.0;-; 18.6; 19.4; 0.0;-;-;1932;-0.1; 0.0; 0.0;-5; 23.5;F;1;29;On;On;Off; 22.5; 22.2;0;0;1202;0;1202;0;1016;0;-
2026/04/22;03:37:09;97;-; 52.61; 0.0;-; 19.3; 20.0; 0.0;-;-;1932;-0.1; 0.0; 0.0;-5; 23.5;F;1;29;On;On;Off; 22.5; 22.2;0;0;1202;0;1202;0;1016;0;-
2026/04/22;03:38:09;97;-; 52.61; 0.0;-; 20.0; 20.5; 0.0;-;-;1932;-0.1; 0.0; 0.0;-5; 23.5;F;1;29;On;On;Off; 22.5; 22.2;0;0;1202;0;1202;0;1016;0;-
2026/04/22;03:39:09;97;-; 52.61; 0.0;-; 20.8; 21.2; 0.0;-;-;1932;-0.1; 0.0; 0.0;-5; 23.5;F;1;29;On;On;Off; 22.5; 22.2;0;0;1202;0;1202;0;1016;0;-
2026/04/22;03:40:09;97;-; 52.61; 0.0;-; 21.6; 21.8; 0.0;-;-;1932;-0.1; 0.0; 0.0;-6; 23.5;F;1;29;On;On;Off; 22.5; 22.2;0;0;1202;0;1202;0;1016;0;-
2026/04/22;03:41:09;97;-; 52.61; 0.0;-; 22.4; 22.5; 0.0;-;-;1932;-0.1; 0.0; 0.0;-5; 23.5;F;1;29;On;On;Off; 22.5; 22.2;0;0;1202;0;1202;0;1016;0;-
2026/04/22;03:42:09;97;-; 52.61; 0.0;-; 23.3; 23.2; 0.0;-;-;1932;-0.1; 0.0; 0.0;-5; 23.5;F;1;29;On;On;Off; 22.5; 22.2;0;0;1202;0;1202;0;1016;0;-
2026/04/22;03:43:09;97;-; 52.61; 0.0;-; 24.3; 24.0; 0.0;-;-;1932;-0.1; 0.0; 0.0;-5; 23.5;F;1;29;On;On;Off; 22.5; 22.2;0;0;1202;0;1202;0;1016;0;-
2026/04/22;03:44:09;97;-; 52.61; 0.0;-; 25.4; 25.0; 0.0;-;-;1932;-0.1; 0.0; 0.0;-5; 23.5;F;1;29;On;On;Off; 22.5; 22.2;0;0;1202;0;1202;0;1016;0;-
2026/04/22;03:45:09;97;-; 52.59; 0.0;-; 26.4; 25.8; 0.0;-;-;1932;-0.1; 0.0; 0.0;-6; 23.4;F;1;29;On;On;Off; 22.5; 22.2;0;0;1202;0;1202;0;1016;0;-
2026/04/22;03:46:09;97;-; 52.61; 0.0;-; 27.4; 26.8; 0.0;-;-;1932;-0.1; 0.0; 0.0;-5; 23.4;F;1;29;On;On;Off; 22.5; 22.2;0;0;1202;0;1202;0;1016;0;-
2026/04/22;03:47:09;97;-; 52.59; 0.0;-; 28.4; 27.7; 0.0;-;-;1932;-0.1; 0.0; 0.0;-6; 23.4;F;1;29;On;On;Off; 22.5; 22.2;0;0;1202;0;1202;0;1016;0;-
2026/04/22;03:48:09;97;-; 52.59; 0.0;-; 29.5; 28.7; 0.0;-;-;1932;-0.1; 0.0; 0.0;-5; 23.4;F;1;29;On;On;Off; 22.5; 22.2;0;0;1202;0;1202;0;1016;0;-
2026/04/22;03:49:09;97;-; 52.59; 0.0;-; 30.8; 29.8; 0.0;-;-;1932;-0.1; 0.0; 0.0;-5; 23.4;F;1;29;On;On;Off; 22.5; 22.2;0;0;1202;0;1202;0;1016;0;-
2026/04/22;03:50:08;97;-; 52.59; 0.0;-; 31.9; 30.8; 0.0;-;-;1932;-0.1; 0.0; 0.0;-5; 23.4;F;1;29;On;On;Off; 22.5; 22.2;0;0;1202;0;1202;0;1016;0;-
2026/04/22;03:51:08;97;-; 52.61; 0.0;-; 33.0; 31.8; 0.0;-;-;1932;-0.1; 0.0; 0.0;-6; 23.4;F;1;29;On;On;Off; 22.5; 22.2;0;0;1202;0;1202;0;1016;0;-
2026/04/22;03:52:08;97;-; 52.59; 0.0;-; 34.0; 32.9; 0.0;-;-;1932;-0.1; 0.0; 0.0;-6; 23.4;F;1;29;On;On;Off; 22.5; 22.2;0;0;1202;0;1202;0;1016;0;-
2026/04/22;03:53:08;97;-; 52.59; 0.0;-; 35.2; 33.8; 0.0;-;-;1932;-0.1; 0.0; 0.0;-5; 23.4;F;1;29;On;On;Off; 22.5; 22.2;0;0;1202;0;1202;0;1016;0;-
2026/04/22;03:54:08;97;-; 52.59; 0.0;-; 36.3; 34.8; 0.0;-;-;1932;-0.1; 0.0; 0.0;-6; 23.4;F;1;29;On;On;Off; 22.5; 22.2;0;0;1202;0;1202;0;1016;0;-
2026/04/22;03:55:08;97;-; 52.59; 0.0;-; 37.6; 36.1; 0.0;-;-;1932;-0.1; 0.0; 0.0;-6; 23.4;F;1;29;On;On;Off; 22.5; 22.2;0;0;1202;0;1202;0;1016;0;-
2026/04/22;03:56:08;97;-; 52.59; 0.0;-; 38.9; 37.1; 0.0;-;-;1932;-0.1; 0.0; 0.0;-6; 23.4;F;1;29;On;On;Off; 22.5; 22.2;0;0;1202;0;1202;0;1016;0;-
2026/04/22;03:57:08;97;-; 52.59; 0.0;-; 40.0; 38.1; 0.0;-;-;1932;-0.1; 0.0; 0.0;-6; 23.4;F;1;29;On;On;Off; 22.5; 22.2;0;0;1202;0;1202;0;1016;0;-
2026/04/22;03:58:08;97;-; 52.59; 0.0;-; 41.0; 39.2; 0.0;-;-;1932;-0.1; 0.0; 0.0;-6; 23.4;F;1;29;On;On;Off; 22.5; 22.2;0;0;1202;0;1202;0;1016;0;-
2026/04/22;03:59:08;97;-; 52.59; 0.0;-; 42.1; 40.3; 0.0;-;-;1932;-0.1; 0.0; 0.0;-6; 23.4;F;1;29;On;On;Off; 22.5; 22.2;0;0;1202;0;1202;0;1016;0;-
2026/04/22;04:00:08;97;-; 52.59; 0.0;-; 43.1; 41.5; 0.0;-;-;1932;-0.1; 0.0; 0.0;-5; 23.4;F;1;29;On;On;Off; 22.5; 22.2;0;0;1202;0;1202;0;1016;0;-
2026/04/22;04:01:08;97;-; 52.59; 0.0;-; 44.3; 42.5; 0.0;-;-;1932;-0.1; 0.0; 0.0;-6; 23.4;F;1;29;On;On;Off; 22.5; 22.2;0;0;1202;0;1202;0;1016;0;-
2026/04/22;04:02:08;97;-; 52.59; 0.0;-; 45.3; 43.6; 0.0;-;-;1932;-0.1; 0.0; 0.0;-6; 23.4;F;1;29;On;On;Off; 22.5; 22.2;0;0;1202;0;1202;0;1016;0;-
2026/04/22;04:03:08;97;-; 52.59; 0.0;-; 46.3; 44.7; 0.0;-;-;1932;-0.1; 0.0; 0.0;-6; 23.4;F;1;29;On;On;Off; 22.5; 22.2;0;0;1202;0;1202;0;1016;0;-
2026/04/22;04:04:08;97;-; 52.57; 0.0;-; 47.4; 45.6; 0.0;-;-;1932;-0.1; 0.0; 0.0;-5; 23.4;F;1;29;On;On;Off; 22.4; 22.2;0;0;1202;0;1202;0;1016;0;-
2026/04/22;04:05:08;97;-; 52.59; 0.0;-; 48.3; 46.8; 0.0;-;-;1932;-0.1; 0.0; 0.0;-5; 23.4;F;1;29;On;On;Off; 22.4; 22.2;0;0;1202;0;1202;0;1016;0;-
2026/04/22;04:06:07;97;-; 52.59; 0.0;-; 49.2; 47.7; 0.0;-;-;1932;-0.1; 0.0; 0.0;-6; 23.4;F;1;29;On;On;Off; 22.5; 22.2;0;0;1202;0;1202;0;1016;0;-
2026/04/22;04:07:07;97;-; 52.59; 0.0;-; 50.2; 48.8; 0.0;-;-;1932;-0.1; 0.0; 0.0;-5; 23.4;F;1;29;On;On;Off; 22.4; 22.2;0;0;1202;0;1202;0;1016;0;-
2026/04/22;04:08:07;97;-; 52.59; 0.0;-; 51.2; 49.8; 0.0;-;-;1933;-0.1; 0.0; 0.0;-6; 23.4;F;1;29;On;On;Off; 22.4; 22.2;0;0;1202;0;1202;0;1016;0;-
2026/04/22;04:09:07;97;-; 52.59; 0.0;-; 52.1; 50.7; 0.0;-;-;1933;-0.1; 0.0; 0.0;-6; 23.4;F;1;29;On;On;Off; 22.4; 22.2;0;0;1202;0;1202;0;1016;0;-
2026/04/22;04:10:07;97;-; 52.59; 0.0;-; 53.0; 51.7; 0.0;-;-;1933;-0.1; 0.0; 0.0;-6; 23.4;F;1;29;On;On;Off; 22.4; 22.2;0;0;1202;0;1202;0;1016;0;-
2026/04/22;04:11:07;97;-; 52.59; 0.0;-; 53.8; 52.5; 0.0;-;-;1933;-0.1; 0.0; 0.0;-6; 23.4;F;1;29;On;On;Off; 22.4; 22.2;0;0;1202;0;1202;0;1016;0;-
2026/04/22;04:12:07;97;-; 52.59; 0.0;-; 54.7; 53.5; 0.0;-;-;1933;-0.1; 0.0; 0.0;-6; 23.4;F;1;29;On;On;Off; 22.4; 22.2;0;0;1202;0;1202;0;1016;0;-
2026/04/22;04:13:07;97;-; 52.59; 0.0;-; 55.4; 54.3; 0.0;-;-;1933;-0.1; 0.0; 0.0;-6; 23.4;F;1;29;On;On;Off; 22.4; 22.1;0;0;1202;0;1202;0;1016;0;-
2026/04/22;04:14:07;97;-; 52.59; 0.0;-; 56.3; 55.1; 0.0;-;-;1933;-0.1; 0.0; 0.0;-6; 23.4;F;1;29;On;On;Off; 22.4; 22.2;0;0;1202;0;1202;0;1016;0;-
2026/04/22;04:15:07;97;-; 52.59; 0.0;-; 56.9; 55.8; 0.0;-;-;1933;-0.1; 0.0; 0.0;-6; 23.4;F;1;29;On;On;Off; 22.4; 22.1;0;0;1202;0;1202;0;1016;0;-
2026/04/22;04:16:07;97;-; 52.59; 0.0;-; 57.5; 56.5; 0.0;-;-;1933;-0.1; 0.0; 0.0;-6; 23.4;F;1;29;On;On;Off; 22.4; 22.2;0;0;1202;0;1202;0;1016;0;-
2026/04/22;04:17:07;97;-; 52.59; 0.0;-; 58.3; 57.3; 0.0;-;-;1933;-0.1; 0.0; 0.0;-6; 23.3;F;1;29;On;On;Off; 22.4; 22.1;0;0;1202;0;1202;0;1016;0;-
2026/04/22;04:18:07;97;-; 52.59; 0.0;-; 58.8; 57.8; 0.0;-;-;1933;-0.1; 0.0; 0.0;-6; 23.3;F;1;29;On;On;Off; 22.4; 22.1;0;0;1202;0;1202;0;1016;0;-
2026/04/22;04:19:07;97;-; 52.57; 0.0;-; 59.4; 58.4; 0.0;-;-;1933;-0.1; 0.0; 0.0;-6; 23.3;F;1;29;On;On;Off; 22.4; 22.1;0;0;1202;0;1202;0;1016;0;-
2026/04/22;04:20:07;97;-; 52.59; 0.0;-; 60.0; 59.2; 0.0;-;-;1933;-0.1; 0.0; 0.0;-6; 23.3;F;1;29;On;On;Off; 22.4; 22.1;0;0;1202;0;1202;0;1016;0;-
2026/04/22;04:21:07;97;-; 52.59; 0.0;-; 60.6; 59.8; 0.0;-;-;1933;-0.1; 0.0; 0.0;-6; 23.3;F;1;29;On;On;Off; 22.4; 22.1;0;0;1202;0;1202;0;1016;0;-
2026/04/22;04:22:06;97;-; 52.59; 0.0;-; 61.1; 60.3; 0.0;-;-;1933;-0.1; 0.0; 0.0;-6; 23.3;F;1;29;On;On;Off; 22.4; 22.1;0;0;1202;0;1202;0;1016;0;-
2026/04/22;04:23:06;97;-; 52.59; 0.0;-; 61.4; 60.7; 0.0;-;-;1933;-0.1; 0.0; 0.0;-6; 23.3;F;1;29;On;On;Off; 22.4; 22.1;0;0;1202;0;1202;0;1016;0;-
2026/04/22;04:24:06;97;-; 52.59; 0.0;-; 61.8; 61.1; 0.0;-;-;1933;-0.1; 0.0; 0.0;-6; 23.3;F;1;29;On;On;Off; 22.4; 22.1;0;0;1202;0;1202;0;1016;0;-
2026/04/22;04:25:06;97;-; 52.59; 0.0;-; 62.2; 61.6; 0.0;-;-;1933;-0.1; 0.0; 0.0;-6; 23.3;F;1;29;On;On;Off; 22.4; 22.1;0;0;1202;0;1202;0;1016;0;-
2026/04/22;04:26:06;97;-; 52.59; 0.0;-; 62.6; 61.9; 0.0;-;-;1933;-0.1; 0.0; 0.0;-6; 23.3;F;1;29;On;On;Off; 22.4; 22.1;0;0;1202;0;1202;0;1016;0;-
2026/04/22;04:27:06;97;-; 52.59; 0.0;-; 63.0; 62.4; 0.0;-;-;1933;-0.1; 0.0; 0.0;-6; 23.3;F;1;29;On;On;Off; 22.4; 22.1;0;0;1202;0;1202;0;1016;0;-
2026/04/22;04:28:06;97;-; 52.59; 0.0;-; 63.4; 62.7; 0.0;-;-;1933;-0.1; 0.0; 0.0;-6; 23.3;F;1;29;On;On;Off; 22.4; 22.1;0;0;1202;0;1202;0;1016;0;-
2026/04/22;04:29:06;97;-; 52.59; 0.0;-; 63.6; 63.1; 0.0;-;-;1933;-0.1; 0.0; 0.0;-6; 23.3;F;1;29;On;On;Off; 22.4; 22.1;0;0;1202;0;1202;0;1016;0;-
2026/04/22;04:30:06;97;-; 52.59; 0.0;-; 64.0; 63.3; 0.0;-;-;1933;-0.1; 0.0; 0.0;-6; 23.3;F;1;29;On;On;Off; 22.4; 22.1;0;0;1202;0;1202;0;1016;0;-
2026/04/22;04:31:06;97;-; 52.59; 0.0;-; 64.3; 63.8; 0.0;-;-;1933;-0.1; 0.0; 0.0;-6; 23.3;F;1;29;On;On;Off; 22.4; 22.1;0;0;1202;0;1202;0;1016;0;-
2026/04/22;04:32:06;97;-; 52.57; 0.0;-; 64.6; 64.1; 0.0;-;-;1933;-0.1; 0.0; 0.0;-6; 23.3;F;1;29;On;On;Off; 22.4; 22.1;0;0;1202;0;1202;0;1016;0;-
2026/04/22;04:33:06;97;-; 52.57; 0.0;-; 64.9; 64.3; 0.0;-;-;1933;-0.1; 0.0; 0.0;-6; 23.3;F;1;29;On;On;Off; 22.4; 22.1;0;0;1202;0;1202;0;1016;0;-
2026/04/22;04:34:06;97;-; 52.59; 0.0;-; 65.2; 64.6; 0.0;-;-;1933;-0.1; 0.0; 0.0;-6; 23.3;F;1;29;On;On;Off; 22.4; 22.1;0;0;1202;0;1202;0;1016;0;-
2026/04/22;04:35:06;97;-; 52.59; 0.0;-; 65.5; 65.0; 0.0;-;-;1933;-0.1; 0.0; 0.0;-6; 23.3;F;1;29;On;On;Off; 22.4; 22.1;0;0;1202;0;1202;0;1016;0;-
2026/04/22;04:36:06;97;-; 52.57; 0.0;-; 65.7; 65.2; 0.0;-;-;1933;-0.1; 0.0; 0.0;-6; 23.3;F;1;29;On;On;Off; 22.4; 22.1;0;0;1202;0;1202;0;1016;0;-
2026/04/22;04:37:06;97;-; 52.57; 0.0;-; 65.9; 65.4; 0.0;-;-;1933;-0.1; 0.0; 0.0;-6; 23.3;F;1;29;On;On;Off; 22.4; 22.1;0;0;1202;0;1202;0;1016;0;-
2026/04/22;04:38:05;97;-; 52.57; 0.0;-; 66.1; 65.7; 0.0;-;-;1933;-0.1; 0.0; 0.0;-7; 23.3;F;1;29;On;On;Off; 22.4; 22.1;0;0;1202;0;1202;0;1016;0;-
2026/04/22;04:39:05;97;-; 52.57; 0.0;-; 66.3; 66.0; 0.0;-;-;1933;-0.1; 0.0; 0.0;-6; 23.3;F;1;29;On;On;Off; 22.4; 22.1;0;0;1202;0;1202;0;1016;0;-
2026/04/22;04:40:05;97;-; 52.57; 0.0;-; 66.5; 66.1; 0.0;-;-;1933;-0.1; 0.0; 0.0;-5; 23.3;F;1;29;On;On;Off; 22.4; 22.1;0;0;1202;0;1202;0;1016;0;-
2026/04/22;04:41:05;97;-; 52.57; 0.0;-; 66.7; 66.4; 0.0;-;-;1933;-0.1; 0.0; 0.0;-6; 23.3;F;1;29;On;On;Off; 22.4; 22.1;0;0;1202;0;1202;0;1016;0;-
2026/04/22;04:42:05;97;-; 52.57; 0.0;-; 67.1; 66.6; 0.0;-;-;1933;-0.1; 0.0; 0.0;-5; 23.3;F;1;29;On;On;Off; 22.4; 22.1;0;0;1202;0;1202;0;1016;0;-
2026/04/22;04:43:05;97;-; 52.57; 0.0;-; 67.3; 66.8; 0.0;-;-;1933;-0.1; 0.0; 0.0;-6; 23.3;F;1;29;On;On;Off; 22.4; 22.1;0;0;1202;0;1202;0;1016;0;-
2026/04/22;04:44:05;97;-; 52.57; 0.0;-; 67.5; 67.0; 0.0;-;-;1933;-0.1; 0.0; 0.0;-6; 23.3;F;1;29;On;On;Off; 22.4; 22.1;0;0;1202;0;1202;0;1016;0;-
2026/04/22;04:45:05;97;-; 52.57; 0.0;-; 67.7; 67.3; 0.0;-;-;1933;-0.1; 0.0; 0.0;-6; 23.3;F;1;29;On;On;Off; 22.4; 22.1;0;0;1202;0;1202;0;1016;0;-
2026/04/22;04:46:05;96;-; 52.57; 0.0;-; 68.0; 67.5; 0.0;-;-;1933;-0.1; 0.0; 0.0;-6; 23.3;F;1;29;On;On;Off; 22.4; 22.1;0;0;1202;0;1202;0;1016;0;-
2026/04/22;04:47:05;96;-; 52.57; 0.0;-; 68.2; 67.7; 0.0;-;-;1933;-0.1; 0.0; 0.0;-6; 23.3;F;1;29;On;On;Off; 22.4; 22.1;0;0;1202;0;1202;0;1016;0;-
2026/04/22;04:48:05;96;-; 52.61; 0.0;-; 68.1; 67.8; 0.0;-;-;1933;-0.1; 0.0; 0.0;-6; 23.3;F;1;29;On;On;Off; 22.4; 22.1;0;0;1202;0;1202;0;1016;1;-
2026/04/22;04:49:05;96;-; 52.61; 0.0;-; 68.5; 68.1; 0.0;-;-;1933;-0.1; 0.0; 0.0;-6; 23.3;F;1;29;On;On;Off; 22.4; 22.1;0;0;1202;0;1202;0;1016;1;-
2026/04/22;04:50:05;96;-; 52.63; 0.0;-; 68.5; 68.2; 0.0;-;-;1933;-0.1; 0.0; 0.0;-6; 23.3;F;1;29;On;On;Off; 22.4; 22.1;0;0;1202;0;1202;0;1016;1;-
2026/04/22;04:51:05;96;-; 52.59; 0.0;-; 68.8; 68.4; 0.0;-;-;1933;-0.1; 0.0; 0.0;-6; 23.3;F;1;29;On;On;Off; 22.4; 22.1;0;0;1202;0;1202;0;1016;1;-
2026/04/22;04:52:05;96;-; 52.59; 0.0;-; 69.0; 68.7; 0.0;-;-;1933;-0.1; 0.0; 0.0;-6; 23.3;F;1;29;On;On;Off; 22.4; 22.1;0;0;1202;0;1202;0;1016;1;-
2026/04/22;04:53:04;96;-; 52.59; 0.0;-; 69.2; 68.9; 0.0;-;-;1933;-0.1; 0.0; 0.0;-6; 23.3;F;1;29;On;On;Off; 22.4; 22.1;0;0;1202;0;1202;0;1016;1;-
2026/04/22;04:54:04;96;-; 52.61; 0.0;-; 69.2; 69.2; 0.0;-;-;1933;-0.1; 0.0; 0.0;-6; 23.3;F;1;29;On;On;Off; 22.4; 22.1;0;0;1202;0;1202;0;1016;1;-
2026/04/22;04:55:04;96;-; 52.59; 0.0;-; 69.5; 69.4; 0.0;-;-;1933;-0.1; 0.0; 0.0;-6; 23.3;F;1;29;On;On;Off; 22.4; 22.1;0;0;1202;0;1202;0;1016;1;-
2026/04/22;04:56:04;96;-; 52.61; 0.0;-; 69.7; 69.6; 0.0;-;-;1933;-0.1; 0.0; 0.0;-6; 23.3;F;1;29;On;On;Off; 22.4; 22.1;0;0;1202;0;1202;0;1016;1;-
2026/04/22;04:57:04;96;-; 52.59; 0.0;-; 69.9; 69.6; 0.0;-;-;1933;-0.1; 0.0; 0.0;-5; 23.2;F;1;29;On;On;Off; 22.4; 22.1;0;0;1202;0;1202;0;1016;1;-
2026/04/22;04:58:04;96;-; 52.55; 0.2;-; 68.6; 69.8; 8.4; 8.4;-;1933;-0.1; 0.0; 0.0;-5; 23.3;F;1;29;On;On;Off; 24.0; 22.2;0;0;1202;0;1202;0;1016;1;-
2026/04/22;04:59:04;96;-; 52.51; 0.3;-; 68.5; 68.4; 16.1; 8.4; 7.7;1933;-0.1; 0.1; 0.1;-3; 23.3;F;1;29;On;On;Off; 24.8; 24.3;0;0;1202;0;1202;0;1016;1;-
2026/04/22;05:00:04;96;-; 52.51; 0.0;-; 70.2; 70.1; 0.7; 0.7; 0.0;1933; 0.1; 0.3; 0.3;2; 23.2;F;1;29;On;On;Off; 23.4; 24.3;0;0;1202;0;1202;0;1016;1;-
2026/04/22;05:01:04;96;-; 52.51; 0.2;-; 68.5; 70.1; 9.8; 9.8; 0.0;1933;-0.1; 0.1; 0.1;-4; 23.2;F;1;29;On;On;Off; 23.4; 22.8;0;0;1202;0;1202;0;1016;1;-
2026/04/22;05:02:04;96;-; 52.51; 0.4;-; 68.6; 68.3; 19.7; 10.6; 9.1;1933;-0.1; 0.1; 0.1;-5; 23.3;F;1;29;On;On;Off; 25.0; 24.2;0;0;1202;0;1202;0;1016;1;-
2026/04/22;05:03:04;96;-; 52.49; 0.2;-; 70.7; 68.4; 10.5; 0.7; 9.8;1933; 0.1; 0.3; 0.3;4; 23.2;F;1;29;On;On;Off; 24.2; 25.0;0;0;1202;0;1202;0;1016;1;-
2026/04/22;05:04:04;96;-; 52.51; 0.0;-; 70.7; 70.5; 0.7; 0.7; 0.0;1933; 0.1; 0.3; 0.3;3; 23.2;F;1;29;On;On;Off; 23.6; 23.3;0;0;1202;0;1202;0;1016;1;-
2026/04/22;05:05:04;96;-; 52.49; 0.4;-; 68.5; 68.4; 21.1; 11.3; 9.8;1933;-0.1; 0.0; 0.0;-6; 23.2;F;1;29;On;On;Off; 25.2; 23.3;0;0;1202;0;1202;0;1016;1;-
2026/04/22;05:06:04;96;-; 52.51; 0.2;-; 70.9; 68.4; 11.9; 0.7; 11.2;1933; 0.1; 0.2; 0.2;3; 23.2;F;1;29;On;On;Off; 25.6; 25.2;0;0;1202;0;1202;0;1016;1;-
2026/04/22;05:07:04;96;-; 52.51; 0.0;-; 71.1; 70.8; 0.7; 0.7; 0.0;1933; 0.2; 0.4; 0.4;9; 23.2;F;1;29;On;On;Off; 24.1; 24.1;0;0;1202;0;1202;0;1016;1;-
2026/04/22;05:08:04;96;-; 52.49; 0.2;-; 68.5; 71.0; 12.7; 12.7; 0.0;1934;-0.1; 0.1; 0.1;-3; 23.2;F;1;29;On;On;Off; 25.0; 23.4;0;0;1202;0;1202;0;1016;1;-
2026/04/22;05:09:03;96;-; 52.51; 0.5;-; 68.5; 68.3; 25.3; 13.4; 11.9;1934;-0.0; 0.1; 0.1;0; 23.2;F;1;29;On;On;Off; 25.9; 25.3;0;0;1202;0;1202;0;1016;1;-
2026/04/22;05:10:03;96;-; 52.51; 0.0;-; 71.5; 71.2; 0.7; 0.7; 0.0;1934; 0.3; 0.4; 0.4;17; 23.2;F;1;29;On;On;Off; 24.6; 25.7;0;0;1202;0;1202;0;1016;1;-
2026/04/22;05:11:03;96;-; 52.51; 0.2;-; 70.4; 71.2; 9.2; 9.2; 0.0;1934; 0.1; 0.2; 0.2;4; 23.2;F;1;29;On;On;Off; 24.2; 23.8;0;0;1202;0;1202;0;1016;1;-
2026/04/22;05:12:03;96;-; 52.53; 0.5;-; 68.6; 68.4; 27.5; 14.1; 13.4;1934;-0.1; 0.1; 0.1;-4; 23.2;F;1;29;On;On;Off; 25.9; 24.9;0;0;1202;0;1202;0;1016;1;-
2026/04/22;05:13:03;96;-; 52.53; 0.2;-; 71.8; 70.3; 9.8; 0.7; 9.2;1934; 0.3; 0.4; 0.4;16; 23.2;F;1;29;On;On;Off; 25.3; 25.9;0;0;1202;0;1202;0;1016;1;-
2026/04/22;05:14:03;96;-; 52.53; 0.0;-; 71.7; 71.5; 0.7; 0.7; 0.0;1934; 0.3; 0.4; 0.4;14; 23.2;F;1;29;On;On;Off; 24.5; 24.3;0;0;1202;0;1202;0;1016;1;-
2026/04/22;05:15:03;96;-; 52.55; 0.4;-; 68.6; 71.6; 19.7; 15.5; 4.2;1934;-0.1; 0.0; 0.0;-5; 23.2;F;1;29;On;On;Off; 25.9; 24.0;0;0;1202;0;1202;0;1016;1;-
2026/04/22;05:16:03;96;-; 52.57; 0.5;-; 68.6; 68.4; 28.9; 14.8; 14.1;1934; 0.2; 0.3; 0.3;8; 23.2;F;1;29;On;On;Off; 26.5; 25.9;0;0;1202;0;1202;0;1016;1;-
2026/04/22;05:17:03;96;-; 52.57; 0.0;-; 71.7; 71.7; 0.7; 0.7; 0.0;1934; 0.4; 0.5; 0.5;22; 23.2;F;1;29;On;On;Off; 24.9; 25.1;0;0;1202;0;1202;0;1016;1;-
2026/04/22;05:18:03;96;-; 52.59; 0.3;-; 68.6; 71.7; 16.2; 16.2; 0.0;1934; 0.0; 0.1; 0.1;0; 23.2;F;1;29;On;On;Off; 25.4; 24.2;0;0;1202;0;1202;0;1016;1;-
2026/04/22;05:19:03;96;-; 52.61; 0.6;-; 68.7; 68.5; 31.0; 16.2; 14.8;1934; 0.0; 0.1; 0.1;0; 23.2;F;1;29;On;On;Off; 26.5; 25.8;0;0;1202;0;1202;0;1016;1;-
2026/04/22;05:20:03;96;-; 52.61; 0.3;-; 72.1; 68.5; 14.8; 0.0; 14.8;1934; 0.5; 0.5; 0.5;26; 23.2;F;1;29;On;On;Off; 25.3; 26.3;0;0;1202;0;1202;0;1016;1;-
2026/04/22;05:21:03;96;-; 52.57; 0.0;-; 72.1; 71.9; 0.0; 0.0; 0.0;1934; 0.3; 0.3; 0.3;14; 23.2;F;1;29;On;On;Off; 24.8; 24.5;0;0;1202;0;1202;0;1016;1;-
2026/04/22;05:22:03;96;-; 52.65; 0.6;-; 68.7; 68.5; 33.2; 17.7; 15.5;1934;-0.1; 0.0; 0.0;-5; 23.2;F;1;29;On;On;Off; 26.4; 25.2;0;0;1202;0;1202;0;1016;1;-
2026/04/22;05:23:03;96;-; 52.65; 0.3;-; 72.3; 68.6; 16.9; 0.7; 16.2;1934; 0.4; 0.5; 0.5;21; 23.2;F;1;29;On;On;Off; 26.2; 26.4;0;0;1202;0;1202;0;1016;1;-
2026/04/22;05:24:03;96;-; 52.63; 0.0;-; 72.4; 71.9; 0.7; 0.7; 0.0;1934; 0.5; 0.5; 0.5;25; 23.2;F;1;29;On;On;Off; 25.1; 24.9;0;0;1202;0;1202;0;1016;1;-
2026/04/22;05:25:02;96;-; 52.65; 0.3;-; 68.8; 72.2; 18.3; 18.3; 0.0;1934;-0.0; 0.1; 0.1;-2; 23.2;F;1;29;On;On;Off; 26.3; 24.5;0;0;1202;0;1202;0;1016;1;-
2026/04/22;05:26:02;96;-; 52.71; 0.7;-; 68.9; 68.6; 35.3; 18.4; 16.9;1934; 0.2; 0.3; 0.3;9; 23.2;F;1;29;On;On;Off; 26.9; 26.4;0;0;1202;0;1202;0;1016;1;-
2026/04/22;05:27:02;96;-; 52.73; 0.4;-; 68.8; 72.3; 19.1; 19.1; 0.0;1934; 0.7; 0.7; 0.7;38; 23.2;F;1;29;On;On;Off; 27.3; 26.1;0;0;1202;0;1202;0;1016;1;-
2026/04/22;05:28:02;96;-; 52.75; 0.4;-; 68.8; 72.3; 19.8; 19.8; 0.0;1934; 0.6; 0.5; 0.5;31; 23.2;F;1;29;On;On;Off; 27.2; 25.0;0;0;1202;0;1202;0;1016;1;-
2026/04/22;05:29:02;96;-; 52.79; 0.7;-; 68.8; 68.7; 37.5; 19.8; 17.7;1934; 0.4; 0.4; 0.4;19; 23.2;F;1;29;On;On;Off; 27.3; 26.4;0;0;1202;0;1202;0;1016;1;-
2026/04/22;05:30:02;96;-; 52.85; 0.7;-; 69.0; 68.8; 38.3; 19.8; 18.4;1934; 0.7; 0.6; 0.6;35; 23.2;F;1;29;On;On;Off; 27.5; 27.0;0;0;1202;0;1202;0;1016;1;-
2026/04/22;05:31:02;96;-; 52.83; 0.3;-; 70.5; 72.5; 16.3; 16.3; 0.0;1934; 0.8; 0.7; 0.7;43; 23.2;F;1;29;On;On;Off; 27.6; 25.4;0;0;1202;0;1202;0;1016;1;-
2026/04/22;05:32:02;96;-; 52.87; 0.7;-; 69.1; 68.7; 39.0; 19.9; 19.1;1934; 0.4; 0.4; 0.4;20; 23.2;F;1;29;On;On;Off; 27.5; 25.6;0;0;1202;0;1202;0;1016;1;-
2026/04/22;05:33:02;96;-; 52.93; 0.7;-; 70.7; 68.8; 35.5; 16.3; 19.1;1934; 0.5; 0.5; 0.5;26; 23.2;F;1;29;On;On;Off; 27.7; 27.1;0;0;1202;0;1202;0;1016;1;-
2026/04/22;05:34:02;96;-; 52.97; 0.8;-; 69.1; 69.0; 40.5; 21.3; 19.1;1934; 0.9; 0.7; 0.7;47; 23.2;F;1;29;On;On;Off; 27.9; 27.4;0;0;1202;0;1202;0;1016;1;-
2026/04/22;05:35:02;96;-; 53.03; 0.8;-; 69.3; 69.1; 41.9; 22.0; 19.9;1934; 0.9; 0.8; 0.8;48; 23.2;F;1;29;On;On;Off; 28.1; 27.6;0;0;1202;0;1202;0;1016;1;-
2026/04/22;05:36:02;96;-; 53.04; 0.8;-; 69.3; 69.1; 42.0; 22.0; 19.9;1934; 1.0; 0.8; 0.8;51; 23.2;F;1;29;On;On;Off; 28.2; 27.7;0;0;1202;0;1202;0;1016;1;-
2026/04/22;05:37:02;96;-; 53.10; 0.7;-; 69.4; 70.5; 39.1; 22.1; 17.1;1934; 1.0; 0.8; 0.8;51; 23.2;F;1;29;On;On;Off; 28.3; 27.8;0;0;1202;0;1202;0;1016;1;-
2026/04/22;05:38:02;96;-; 53.16; 0.8;-; 69.3; 69.3; 43.4; 22.8; 20.7;1934; 1.0; 0.8; 0.8;53; 23.1;F;1;29;On;On;Off; 28.4; 28.0;0;0;1202;0;1202;0;1016;1;-
2026/04/22;05:39:02;96;-; 53.20; 0.8;-; 69.3; 69.3; 42.8; 22.1; 20.7;1934; 1.0; 0.8; 0.8;54; 23.2;F;1;29;On;On;Off; 28.6; 28.1;0;0;1202;0;1202;0;1016;1;-
2026/04/22;05:40:01;96;-; 53.22; 0.8;-; 69.5; 69.3; 44.3; 23.6; 20.7;1934; 1.0; 0.8; 0.8;54; 23.1;F;1;29;On;On;Off; 28.7; 28.1;0;0;1202;0;1202;0;1016;1;-
2026/04/22;05:41:01;96;-; 53.30; 0.8;-; 69.5; 69.4; 45.1; 23.6; 21.5;1934; 1.1; 0.8; 0.8;55; 23.2;F;1;29;On;On;Off; 28.8; 28.2;0;0;1202;0;1202;0;1016;1;-
2026/04/22;05:42:01;96;-; 53.34; 0.8;-; 69.6; 69.4; 45.1; 23.6; 21.5;1934; 1.1; 0.8; 0.8;57; 23.2;F;1;29;On;On;Off; 28.9; 28.3;0;0;1202;0;1202;0;1016;1;-
2026/04/22;05:43:01;96;-; 53.38; 0.8;-; 70.2; 69.5; 44.4; 22.2; 22.2;1934; 1.1; 0.8; 0.8;58; 23.1;F;1;29;On;On;Off; 28.9; 28.4;0;0;1202;0;1202;0;1016;1;-
2026/04/22;05:44:01;97;-; 53.42; 0.9;-; 69.8; 70.0; 46.6; 24.4; 22.2;1934; 1.1; 0.9; 0.9;60; 23.1;F;1;29;On;On;Off; 29.0; 28.5;0;0;1202;0;1202;0;1016;1;-
2026/04/22;05:45:01;97;-; 53.50; 0.9;-; 69.8; 69.7; 48.1; 25.1; 22.9;1934; 1.2; 0.9; 0.9;61; 23.1;F;1;29;On;On;Off; 29.1; 28.6;0;0;1202;0;1202;0;1016;1;-
2026/04/22;05:46:01;97;-; 53.58; 0.9;-; 69.9; 69.8; 48.1; 25.2; 23.0;1934; 1.2; 0.9; 0.9;62; 23.1;F;1;29;On;On;Off; 29.2; 28.7;0;0;1202;0;1202;0;1016;1;-
2026/04/22;05:47:01;97;-; 53.62; 0.9;-; 70.0; 69.8; 48.9; 25.2; 23.7;1934; 1.2; 0.9; 0.9;63; 23.1;F;1;29;On;On;Off; 29.3; 28.8;0;0;1202;0;1202;0;1016;1;-
2026/04/22;05:48:01;97;-; 53.68; 0.9;-; 70.1; 69.9; 49.7; 25.9; 23.8;1934; 1.2; 0.9; 0.9;64; 23.1;F;1;29;On;On;Off; 29.3; 28.8;0;0;1202;0;1202;0;1016;1;-
2026/04/22;05:49:01;97;-; 53.74; 0.9;-; 70.2; 70.0; 49.7; 25.9; 23.8;1934; 1.2; 0.9; 0.9;65; 23.1;F;1;29;On;On;Off; 29.4; 28.9;0;0;1202;0;1202;0;1016;1;-
2026/04/22;05:50:01;97;-; 53.79; 0.9;-; 70.2; 70.0; 49.8; 26.0; 23.8;1934; 1.3; 0.9; 0.9;66; 23.1;F;1;29;On;On;Off; 29.5; 29.0;0;0;1202;0;1202;0;1016;1;-
2026/04/22;05:51:01;97;-; 53.83; 0.9;-; 71.3; 70.2; 47.6; 23.1; 24.5;1934; 1.3; 0.9; 0.9;67; 23.1;F;1;29;On;On;Off; 29.6; 29.0;0;0;1202;0;1202;0;1016;1;-
2026/04/22;05:52:01;97;-; 53.89; 1.0;-; 70.4; 70.2; 51.3; 26.7; 24.5;1934; 1.3; 0.9; 0.9;67; 23.1;F;1;29;On;On;Off; 29.6; 29.1;0;0;1202;0;1202;0;1016;1;-
2026/04/22;05:53:01;97;-; 53.93; 1.0;-; 70.5; 70.3; 51.3; 26.7; 24.6;1934; 1.3; 0.9; 0.9;68; 23.1;F;1;29;On;On;Off; 29.7; 29.2;0;0;1202;0;1202;0;1016;1;-
2026/04/22;05:54:01;97;-; 54.01; 1.0;-; 70.4; 70.4; 51.4; 26.8; 24.6;1934; 1.3; 1.0; 1.0;70; 23.1;F;1;29;On;On;Off; 29.7; 29.2;0;0;1202;0;1202;0;1016;1;-
2026/04/22;05:55:01;97;-; 54.07; 1.0;-; 70.5; 70.4; 52.2; 26.8; 25.4;1934; 1.3; 1.0; 1.0;71; 23.1;F;1;29;On;On;Off; 29.8; 29.3;0;0;1202;0;1202;0;1016;1;-
2026/04/22;05:56:00;97;-; 54.11; 1.0;-; 70.6; 70.5; 52.2; 26.8; 25.4;1934; 1.3; 1.0; 1.0;71; 23.1;F;1;29;On;On;Off; 29.8; 29.3;0;0;1202;0;1202;0;1016;1;-
2026/04/22;05:57:00;97;-; 54.15; 1.0;-; 70.7; 70.5; 53.7; 27.6; 26.1;1934; 1.3; 1.0; 1.0;71; 23.1;F;1;29;On;On;Off; 29.9; 29.4;0;0;1202;0;1202;0;1016;1;-
2026/04/22;05:58:00;97;-; 54.21; 1.0;-; 70.7; 70.7; 53.1; 27.6; 25.5;1934; 1.4; 1.0; 1.0;73; 23.1;F;1;29;On;On;Off; 30.0; 29.5;0;0;1202;0;1202;0;1016;1;-
2026/04/22;05:59:00;97;-; 54.27; 1.0;-; 70.8; 70.7; 54.6; 28.4; 26.2;1934; 1.4; 1.0; 1.0;73; 23.1;F;1;29;On;On;Off; 30.0; 29.5;0;0;1202;0;1202;0;1016;1;-
2026/04/22;06:00:00;97;-; 54.33; 0.9;-; 72.1; 70.8; 49.5; 22.6; 26.9;1934; 1.4; 1.0; 1.0;72; 23.1;F;1;29;On;On;Off; 30.1; 29.5;0;0;1202;0;1202;0;1016;1;-
2026/04/22;06:01:00;97;-; 54.41; 1.0;-; 70.9; 70.9; 56.9; 29.2; 27.7;1934; 1.4; 1.0; 1.0;75; 23.1;F;1;29;On;On;Off; 30.1; 29.6;0;0;1202;0;1202;0;1016;1;-
2026/04/22;06:02:00;97;-; 54.47; 1.0;-; 71.0; 72.2; 51.9; 29.9; 21.9;1934; 1.5; 1.0; 1.0;79; 23.1;F;1;29;On;On;Off; 30.1; 29.6;0;0;1202;0;1202;0;1016;1;-
2026/04/22;06:03:00;97;-; 54.54; 1.1;-; 71.1; 71.0; 58.5; 30.0; 28.5;1934; 1.5; 1.0; 1.0;79; 23.1;F;1;29;On;On;Off; 30.2; 29.7;0;0;1202;0;1202;0;1016;1;-
2026/04/22;06:04:00;97;-; 54.62; 1.1;-; 71.2; 71.1; 59.4; 30.0; 29.3;1934; 1.5; 1.1; 1.1;81; 23.1;F;1;29;On;On;Off; 30.2; 29.7;0;0;1202;0;1202;0;1016;1;-
2026/04/22;06:05:00;97;-; 54.68; 1.1;-; 71.2; 71.2; 59.4; 30.1; 29.4;1934; 1.5; 1.1; 1.1;83; 23.1;F;1;29;On;On;Off; 30.3; 29.8;0;0;1202;0;1202;0;1016;1;-
2026/04/22;06:06:00;97;-; 54.74; 0.8;-; 72.7; 72.6; 45.5; 22.8; 22.8;1934; 1.6; 1.1; 1.1;84; 23.1;F;1;29;On;On;Off; 30.3; 29.8;0;0;1202;0;1202;0;1016;1;-
2026/04/22;06:07:00;97;-; 54.84; 1.1;-; 71.5; 71.5; 60.3; 30.2; 30.2;1934; 1.6; 1.1; 1.1;85; 23.1;F;1;29;On;On;Off; 30.3; 29.8;0;0;1202;0;1202;0;1016;1;-
2026/04/22;06:08:00;97;-; 54.88; 1.1;-; 71.5; 71.5; 59.7; 30.2; 29.5;1935; 1.6; 1.1; 1.1;84; 23.1;F;1;29;On;On;Off; 30.4; 29.9;0;0;1202;0;1202;0;1016;1;-
2026/04/22;06:09:00;97;-; 54.94; 1.1;-; 71.8; 71.5; 60.4; 30.2; 30.2;1935; 1.6; 1.1; 1.1;85; 23.1;F;1;29;On;On;Off; 30.4; 29.9;0;0;1202;0;1202;0;1016;1;-
2026/04/22;06:10:00;98;-; 54.98; 1.0;-; 71.8; 72.7; 53.8; 30.2; 23.6;1935; 1.6; 1.1; 1.1;86; 23.1;F;1;29;On;On;Off; 30.5; 30.0;0;0;1202;0;1202;0;1016;1;-
2026/04/22;06:10:59;98;-; 55.08; 1.1;-; 71.8; 71.7; 61.3; 31.0; 30.3;1935; 1.6; 1.1; 1.1;84; 23.1;F;1;29;On;On;Off; 30.5; 30.0;0;0;1202;0;1202;0;1016;1;-
2026/04/22;06:11:59;98;-; 55.14; 1.1;-; 72.0; 71.7; 61.3; 31.0; 30.3;1935; 1.6; 1.1; 1.1;87; 23.1;F;1;29;On;On;Off; 30.5; 30.0;0;0;1202;0;1202;0;1016;1;-
2026/04/22;06:12:59;98;-; 55.20; 1.1;-; 72.1; 71.8; 61.4; 30.3; 31.1;1935; 1.6; 1.1; 1.1;87; 23.1;F;1;29;On;On;Off; 30.6; 30.1;0;0;1202;0;1202;0;1016;1;-
2026/04/22;06:13:59;98;-; 55.22; 1.0;-; 73.3; 72.0; 52.6; 22.2; 30.4;1935; 1.6; 1.1; 1.1;86; 23.1;F;1;29;On;On;Off; 30.6; 30.1;0;0;1202;0;1202;1;1017;1;-
2026/04/22;06:14:59;98;-; 55.27; 1.1;-; 72.2; 72.0; 60.1; 29.7; 30.4;1935; 1.6; 1.1; 1.1;85; 23.1;F;1;29;On;On;Off; 30.6; 30.1;0;0;1202;0;1202;1;1017;1;-
2026/04/22;06:15:59;98;-; 55.31; 1.1;-; 72.2; 72.1; 60.1; 29.7; 30.4;1935; 1.6; 1.1; 1.1;84; 23.1;F;1;29;On;On;Off; 30.7; 30.2;0;0;1202;0;1202;1;1017;1;-
2026/04/22;06:16:59;98;-; 55.35; 1.1;-; 72.2; 72.1; 60.1; 29.7; 30.4;1935; 1.5; 1.1; 1.1;82; 23.1;F;1;29;On;On;Off; 30.7; 30.2;0;0;1202;0;1202;1;1017;1;-
2026/04/22;06:17:59;98;-; 55.41; 1.1;-; 72.4; 72.1; 59.5; 29.0; 30.5;1935; 1.5; 1.0; 1.0;81; 23.1;F;1;29;On;On;Off; 30.7; 30.2;0;0;1202;0;1202;1;1017;1;-
2026/04/22;06:18:59;98;-; 55.47; 1.1;-; 72.3; 72.2; 59.5; 29.0; 30.5;1935; 1.5; 1.0; 1.0;82; 23.1;F;1;29;On;On;Off; 30.8; 30.3;0;0;1202;0;1202;1;1017;1;-
2026/04/22;06:19:59;98;-; 55.49; 1.1;-; 72.5; 72.2; 59.5; 29.0; 30.5;1935; 1.5; 1.0; 1.0;80; 23.1;F;1;29;On;On;Off; 30.8; 30.3;0;0;1202;0;1202;1;1017;1;-
2026/04/22;06:20:59;98;-; 55.47; 1.1;-; 72.4; 72.2; 60.3; 29.8; 30.5;1935; 1.5; 1.0; 1.0;80; 23.1;F;1;29;On;On;Off; 30.8; 30.3;0;1;1203;1;1203;1;1017;1;-
2026/04/22;06:21:59;98;-; 55.59; 1.1;-; 72.6; 72.3; 59.6; 29.1; 30.6;1935; 1.5; 1.0; 1.0;79; 23.1;F;1;29;On;On;Off; 30.8; 30.4;0;1;1203;1;1203;1;1017;1;-
2026/04/22;06:22:59;98;-; 55.67; 1.1;-; 72.6; 72.4; 61.2; 30.6; 30.6;1935; 1.5; 1.1; 1.1;83; 23.1;F;1;29;On;On;Off; 30.9; 30.4;0;1;1203;1;1203;1;1017;1;-
2026/04/22;06:23:59;98;-; 55.69; 0.9;-; 72.7; 73.9; 49.3; 30.6; 18.7;1935; 1.5; 1.1; 1.1;83; 23.1;F;1;29;On;On;Off; 30.9; 30.4;0;1;1203;1;1203;1;1017;1;-
2026/04/22;06:24:59;98;-; 55.79; 1.1;-; 72.9; 72.6; 60.6; 30.7; 29.9;1935; 1.5; 1.1; 1.1;83; 23.1;F;1;29;On;On;Off; 30.9; 30.4;0;1;1203;1;1203;1;1017;1;-
2026/04/22;06:25:58;99;-; 55.85; 1.1;-; 72.8; 72.7; 59.9; 30.7; 29.2;1935; 1.5; 1.1; 1.1;83; 23.1;F;1;29;On;On;Off; 30.9; 30.5;0;1;1203;1;1203;1;1017;1;-
2026/04/22;06:26:58;99;-; 54.98; 0.2;-; 74.0; 71.6; 8.8; 2.9; 5.9;1935; 1.5; 1.0; 1.0;80; 23.1;F;1;29;On;On;Off; 31.0; 30.5;0;1;1203;1;1203;1;1017;1;-
2026/04/22;06:27:58;99;-; 54.82; 0.0;-; 73.0; 69.5; 0.7; 0.0; 0.7;1935;-0.2; 0.2; 0.2;-8; 23.1;F;1;29;On;On;Off; 30.5; 29.8;0;1;1203;1;1203;1;1017;1;-
2026/04/22;06:28:58;99;-; 54.72; 0.0;-; 64.6; 61.2; 1.4; 0.7; 0.7;1935;-0.2; 0.1; 0.1;-9; 23.1;F;1;29;On;On;Off; 28.6; 28.2;0;1;1203;1;1203;1;1017;1;-
2026/04/22;06:29:58;99;-; 54.64; 0.0;-; 57.2; 54.5; 0.7; 0.0; 0.7;1935;-0.1; 0.0; 0.0;-6; 23.1;F;1;29;On;On;Off; 28.2; 27.8;0;1;1203;1;1203;1;1017;1;-
2026/04/22;06:30:58;99;-; 54.58; 0.0;-; 54.6; 54.3; 0.0; 0.0; 0.0;1935;-0.1; 0.0; 0.0;-7; 23.1;F;1;29;On;On;Off; 27.9; 27.5;0;1;1203;1;1203;1;1017;1;-
2026/04/22;06:31:58;99;-; 54.51; 0.0;-; 54.5; 54.3; 0.7; 0.7; 0.0;1935;-0.1; 0.0; 0.0;-7; 23.1;F;1;29;On;On;Off; 27.7; 27.3;0;1;1203;1;1203;1;1017;1;-
2026/04/22;06:32:58;99;-; 54.45; 0.0;-; 51.4; 51.2; 0.0;-;-;1935;-0.1; 0.0; 0.0;-7; 23.1;F;1;29;On;On;Off; 27.5; 27.1;0;1;1203;1;1203;1;1017;0;-
2026/04/22;06:33:58;99;-; 54.41; 0.0;-; 45.5; 45.0; 0.0;-;-;1935;-0.1; 0.0; 0.0;-7; 23.1;F;1;29;On;On;Off; 27.2; 26.9;0;1;1203;1;1203;1;1017;0;-
2026/04/22;06:34:58;99;-; 54.35; 0.0;-; 40.0; 39.6; 0.0;-;-;1935;-0.1; 0.0; 0.0;-6; 23.1;F;1;29;On;On;Off; 27.0; 26.7;0;1;1203;1;1203;1;1017;0;-
2026/04/22;06:35:58;99;-; 54.29; 0.0;-; 35.3; 34.8; 0.0;-;-;1935;-0.1; 0.0; 0.0;-6; 23.1;F;1;29;On;On;Off; 26.8; 26.5;0;1;1203;1;1203;1;1017;0;-
2026/04/22;06:36:58;99;-; 54.23; 0.0;-; 31.1; 30.7; 0.0;-;-;1935;-0.1; 0.0; 0.0;-5; 23.1;F;1;29;On;On;Off; 26.6; 26.3;0;1;1203;1;1203;1;1017;0;-
2026/04/22;06:37:58;99;-; 54.21; 0.0;-; 27.5; 26.9; 0.0;-;-;1935;-0.1; 0.0; 0.0;-6; 23.1;F;1;29;On;On;Off; 26.4; 26.2;0;1;1203;1;1203;1;1017;0;-
2026/04/22;06:38:58;99;-; 54.17; 0.0;-; 24.3; 23.7; 0.0;-;-;1935;-0.1; 0.0; 0.0;-5; 23.1;F;1;29;On;On;Off; 26.3; 26.0;0;1;1203;1;1203;1;1017;0;-
2026/04/22;06:39:58;99;-; 54.13; 0.0;-; 21.3; 20.8; 0.0;-;-;1935;-0.1; 0.0; 0.0;-5; 23.1;F;1;29;On;On;Off; 26.2; 25.9;0;1;1203;1;1203;1;1017;0;-
2026/04/22;06:40:57;99;-; 54.09; 0.0;-; 18.8; 18.2; 0.0;-;-;1935;-0.1; 0.0; 0.0;-5; 23.1;F;1;29;On;On;Off; 26.0; 25.7;0;1;1203;1;1203;1;1017;0;-
2026/04/22;06:41:57;99;-; 54.05; 0.0;-; 16.6; 16.1; 0.0;-;-;1935;-0.1; 0.0; 0.0;-5; 23.1;F;1;29;On;On;Off; 25.9; 25.6;0;1;1203;1;1203;1;1017;0;-
2026/04/22;06:42:57;99;-; 54.01; 0.0;-; 14.7; 14.0; 0.0;-;-;1935;-0.1; 0.0; 0.0;-6; 23.1;F;1;29;On;On;Off; 25.8; 25.5;0;1;1203;1;1203;1;1017;0;-
2026/04/22;06:43:57;99;-; 53.97; 0.0;-; 12.8; 12.3; 0.0;-;-;1935;-0.1; 0.0; 0.0;-6; 23.1;F;1;29;On;On;Off; 25.6; 25.4;0;1;1203;1;1203;1;1017;0;-
2026/04/22;06:44:57;99;-; 53.95; 0.0;-; 11.3; 10.7; 0.0;-;-;1935;-0.1; 0.0; 0.0;-6; 23.1;F;1;29;On;On;Off; 25.5; 25.2;0;1;1203;1;1203;1;1017;0;-
2026/04/22;06:45:57;99;-; 53.89; 0.0;-; 9.9; 9.4; 0.0;-;-;1935;-0.1; 0.0; 0.0;-6; 23.1;F;1;29;On;On;Off; 25.4; 25.2;0;1;1203;1;1203;1;1017;0;-
2026/04/22;06:46:57;99;-; 53.89; 0.0;-; 8.7; 8.2; 0.0;-;-;1935;-0.1; 0.0; 0.0;-6; 23.1;F;1;29;On;On;Off; 25.3; 25.1;0;1;1203;1;1203;1;1017;0;-
2026/04/22;06:47:57;99;-; 53.85; 0.0;-; 7.6; 7.0; 0.0;-;-;1935;-0.1; 0.0; 0.0;-6; 23.1;F;1;29;On;On;Off; 25.2; 25.0;0;1;1203;1;1203;1;1017;0;-
2026/04/22;06:48:57;99;-; 53.81; 0.0;-; 6.7; 6.3; 0.0;-;-;1935;-0.1; 0.0; 0.0;-6; 23.1;F;1;29;On;On;Off; 25.1; 24.9;0;1;1203;1;1203;1;1017;0;-
2026/04/22;06:49:57;99;-; 53.79; 0.0;-; 5.9; 5.4; 0.0;-;-;1935;-0.1; 0.0; 0.0;-5; 23.1;F;1;29;On;On;Off; 25.1; 24.8;0;1;1203;1;1203;1;1017;0;-
2026/04/22;06:50:57;99;-; 53.78; 0.0;-; 5.2; 4.7; 0.0;-;-;1935;-0.1; 0.0; 0.0;-6; 23.1;F;1;29;On;On;Off; 25.0; 24.7;0;1;1203;1;1203;1;1017;0;-
2026/04/22;06:51:57;99;-; 53.76; 0.0;-; 4.5; 3.9; 0.0;-;-;1935;-0.1; 0.0; 0.0;-6; 23.1;F;1;29;On;On;Off; 24.9; 24.6;0;1;1203;1;1203;1;1017;0;-
2026/04/22;06:52:57;99;-; 53.74; 0.0;-; 3.9; 3.4; 0.0;-;-;1935;-0.1; 0.0; 0.0;-7; 23.1;F;1;29;On;On;Off; 24.8; 24.5;0;1;1203;1;1203;1;1017;0;-
2026/04/22;06:53:57;99;-; 53.68; 0.0;-; 3.3; 2.8; 0.0;-;-;1935;-0.1; 0.0; 0.0;-6; 23.1;F;1;29;On;On;Off; 24.7; 24.5;0;1;1203;1;1203;1;1017;0;-
2026/04/22;06:54:57;99;-; 53.68; 0.0;-; 2.9; 2.5; 0.0;-;-;1935;-0.1; 0.0; 0.0;-6; 23.1;F;1;29;On;On;Off; 24.7; 24.4;0;1;1203;1;1203;1;1017;0;-
2026/04/22;06:55:57;99;-; 53.66; 0.0;-; 2.4; 2.1; 0.0;-;-;1935;-0.1; 0.0; 0.0;-7; 23.1;F;1;29;On;On;Off; 24.6; 24.3;0;1;1203;1;1203;1;1017;0;-
2026/04/22;06:56:56;99;-; 53.64; 0.0;-; 2.1; 1.7; 0.0;-;-;1935;-0.1; 0.0; 0.0;-7; 23.1;F;1;29;On;On;Off; 24.5; 24.3;0;1;1203;1;1203;1;1017;0;-
2026/04/22;06:57:56;99;-; 53.60; 0.0;-; 1.8; 1.4; 0.0;-;-;1935;-0.1; 0.0; 0.0;-6; 23.1;F;1;29;On;On;Off; 24.5; 24.2;0;1;1203;1;1203;1;1017;0;-
2026/04/22;06:58:56;99;-; 53.58; 0.0;-; 1.5; 1.1; 0.0;-;-;1935;-0.1; 0.0; 0.0;-6; 23.1;F;1;29;On;On;Off; 24.4; 24.1;0;1;1203;1;1203;1;1017;0;-
2026/04/22;06:59:56;99;-; 53.58; 0.0;-; 1.2; 0.9; 0.0;-;-;1935;-0.1; 0.0; 0.0;-6; 23.1;F;1;29;On;On;Off; 24.3; 24.1;0;1;1203;1;1203;1;1017;0;-
2026/04/22;07:00:56;99;-; 53.56; 0.0;-; 0.9; 0.7; 0.0;-;-;1935;-0.1; 0.0; 0.0;-6; 23.1;F;1;29;On;On;Off; 24.3; 24.0;0;1;1203;1;1203;1;1017;0;-
2026/04/22;07:01:56;99;-; 53.52; 0.0;-; 0.8; 0.5; 0.0;-;-;1935;-0.1; 0.0; 0.0;-6; 23.1;F;1;29;On;On;Off; 24.2; 24.0;0;1;1203;1;1203;1;1017;0;-
2026/04/22;07:02:56;99;-; 53.52; 0.0;-; 0.5; 0.3; 0.0;-;-;1935;-0.1; 0.0; 0.0;-7; 23.1;F;1;29;On;On;Off; 24.2; 23.9;0;1;1203;1;1203;1;1017;0;-
2026/04/22;07:03:56;99;-; 53.50; 0.0;-; 0.5; 0.1; 0.0;-;-;1935;-0.1; 0.0; 0.0;-6; 23.1;F;1;29;On;On;Off; 24.1; 23.9;0;1;1203;1;1203;1;1017;0;-
2026/04/22;07:04:56;99;-; 53.48; 0.0;-; 0.3; 0.1; 0.0;-;-;1935;-0.1; 0.0; 0.0;-6; 23.1;F;1;29;On;On;Off; 24.1; 23.8;0;1;1203;1;1203;1;1017;0;-
2026/04/22;07:05:56;99;-; 53.46; 0.0;-; 0.2; 0.0; 0.0;-;-;1935;-0.1; 0.0; 0.0;-7; 23.1;F;1;29;On;On;Off; 24.0; 23.8;0;1;1203;1;1203;1;1017;0;-
2026/04/22;07:06:56;99;-; 53.44; 0.0;-; 0.1; 0.0; 0.0;-;-;1935;-0.1; 0.0; 0.0;-7; 23.1;F;1;29;On;On;Off; 24.0; 23.7;0;1;1203;1;1203;1;1017;0;-
2026/04/22;07:07:56;99;-; 53.44; 0.0;-; 0.1; 0.0; 0.0;-;-;1936;-0.1; 0.0; 0.0;-7; 23.1;F;1;29;On;On;Off; 24.0; 23.7;0;1;1203;1;1203;1;1017;0;-
2026/04/22;07:08:56;99;-; 53.42; 0.0;-; 0.0; 0.0; 0.0;-;-;1936;-0.1; 0.0; 0.0;-6; 23.1;F;1;29;On;On;Off; 23.9; 23.7;0;1;1203;1;1203;1;1017;0;-
2026/04/22;07:09:56;99;-; 53.38; 0.0;-; 0.0; 0.0; 0.0;-;-;1936;-0.1; 0.0; 0.0;-6; 23.1;F;1;29;On;On;Off; 23.9; 23.6;0;1;1203;1;1203;1;1017;0;-
2026/04/22;07:10:56;99;-; 53.38; 0.0;-; 0.0; 0.0; 0.0;-;-;1936;-0.1; 0.0; 0.0;-6; 23.1;F;1;29;On;On;Off; 23.8; 23.6;0;1;1203;1;1203;1;1017;0;-
2026/04/22;07:11:55;99;-; 53.38; 0.0;-; 0.0; 0.0; 0.0;-;-;1936;-0.1; 0.0; 0.0;-6; 23.1;F;1;29;On;On;Off; 23.8; 23.5;0;1;1203;1;1203;1;1017;0;-
2026/04/22;07:12:55;99;-; 53.34; 0.0;-; 0.0; 0.0; 0.0;-;-;1936;-0.1; 0.0; 0.0;-6; 23.1;F;1;29;On;On;Off; 23.8; 23.5;0;1;1203;1;1203;1;1017;0;-
2026/04/22;07:13:55;99;-; 53.34; 0.0;-; 0.0; 0.0; 0.0;-;-;1936;-0.1; 0.0; 0.0;-7; 23.1;F;1;29;On;On;Off; 23.7; 23.5;0;1;1203;1;1203;1;1017;0;-
2026/04/22;07:14:55;99;-; 53.32; 0.0;-; 0.0; 0.0; 0.0;-;-;1936;-0.1; 0.0; 0.0;-6; 23.1;F;1;29;On;On;Off; 23.7; 23.4;0;1;1203;1;1203;1;1017;0;-
2026/04/22;07:15:55;99;-; 53.32; 0.0;-; 0.0; 0.0; 0.0;-;-;1936;-0.1; 0.0; 0.0;-7; 23.1;F;1;29;On;On;Off; 23.7; 23.4;0;1;1203;1;1203;1;1017;0;-
2026/04/22;07:16:55;99;-; 53.28; 0.0;-; 0.0; 0.0; 0.0;-;-;1936;-0.1; 0.0; 0.0;-7; 23.1;F;1;29;On;On;Off; 23.6; 23.4;0;1;1203;1;1203;1;1017;0;-
2026/04/22;07:17:55;100;-; 53.28; 0.0;-; 0.0; 0.0; 0.0;-;-;1936;-0.1; 0.0; 0.0;-7; 23.1;F;1;29;On;On;Off; 23.6; 23.3;0;1;1203;1;1203;1;1017;0;-
2026/04/22;07:18:55;100;-; 53.26; 0.0;-; 0.0; 0.0; 0.0;-;-;1936;-0.1; 0.0; 0.0;-7; 23.1;F;1;29;On;On;Off; 23.6; 23.3;0;1;1203;1;1203;1;1017;0;-
2026/04/22;07:19:55;100;-; 53.24; 0.0;-; 0.0; 0.0; 0.0;-;-;1936;-0.1; 0.0; 0.0;-7; 23.1;F;1;29;On;On;Off; 23.5; 23.3;0;1;1203;1;1203;1;1017;0;-
2026/04/22;07:20:55;100;-; 53.22; 0.0;-; 0.0; 0.0; 0.0;-;-;1936;-0.1; 0.0; 0.0;-6; 23.1;F;1;29;On;On;Off; 23.5; 23.2;0;1;1203;1;1203;1;1017;0;-
2026/04/22;07:21:55;100;-; 53.22; 0.0;-; 0.0; 0.0; 0.0;-;-;1936;-0.1; 0.0; 0.0;-7; 23.1;F;1;29;On;On;Off; 23.5; 23.2;0;1;1203;1;1203;1;1017;0;-
2026/04/22;07:22:55;100;-; 53.20; 0.0;-; 0.0; 0.0; 0.0;-;-;1936;-0.1; 0.0; 0.0;-7; 23.1;F;1;29;On;On;Off; 23.5; 23.2;0;1;1203;1;1203;1;1017;0;-
2026/04/22;07:23:55;100;-; 53.18; 0.0;-; 0.0; 0.0; 0.0;-;-;1936;-0.1; 0.0; 0.0;-6; 23.1;F;1;29;On;On;Off; 23.4; 23.2;0;1;1203;1;1203;1;1017;0;-
2026/04/22;07:24:55;100;-; 53.18; 0.0;-; 0.0; 0.0; 0.0;-;-;1936;-0.1; 0.0; 0.0;-6; 23.1;F;1;29;On;On;Off; 23.4; 23.1;0;1;1203;1;1203;1;1017;0;-
2026/04/22;07:25:55;100;-; 53.18; 0.0;-; 0.0; 0.0; 0.0;-;-;1936;-0.1; 0.0; 0.0;-6; 23.1;F;1;29;On;On;Off; 23.4; 23.1;0;1;1203;1;1203;1;1017;0;-
2026/04/22;07:26:55;100;-; 53.14; 0.0;-; 0.0; 0.0; 0.0;-;-;1936;-0.1; 0.0; 0.0;-7; 23.1;F;1;29;On;On;Off; 23.4; 23.1;0;1;1203;1;1203;1;1017;0;-
2026/04/22;07:27:54;100;-; 53.16; 0.0;-; 0.0; 0.0; 0.0;-;-;1936;-0.1; 0.0; 0.0;-7; 23.1;F;1;29;On;On;Off; 23.3; 23.1;0;1;1203;1;1203;1;1017;0;-
2026/04/22;07:28:54;100;-; 53.14; 0.0;-; 0.0; 0.0; 0.0;-;-;1936;-0.1; 0.0; 0.0;-7; 23.1;F;1;29;On;On;Off; 23.3; 23.0;0;1;1203;1;1203;1;1017;0;-
2026/04/22;07:29:54;100;-; 53.14; 0.0;-; 0.0; 0.0; 0.0;-;-;1936;-0.1; 0.0; 0.0;-7; 23.1;F;1;29;On;On;Off; 23.3; 23.0;0;1;1203;1;1203;1;1017;0;-
2026/04/22;07:30:54;100;-; 53.10; 0.0;-; 0.0; 0.0; 0.0;-;-;1936;-0.1; 0.0; 0.0;-7; 23.1;F;1;29;On;On;Off; 23.3; 23.0;0;1;1203;1;1203;1;1017;0;-
2026/04/22;07:31:54;100;-; 53.12; 0.0;-; 0.0; 0.0; 0.0;-;-;1936;-0.1; 0.0; 0.0;-7; 23.1;F;1;29;On;On;Off; 23.3; 23.0;0;1;1203;1;1203;1;1017;0;-
2026/04/22;07:32:54;100;-; 53.08; 0.0;-; 0.0; 0.0; 0.0;-;-;1936;-0.1; 0.0; 0.0;-6; 23.1;F;1;29;On;On;Off; 23.2; 23.0;0;1;1203;1;1203;1;1017;0;-
2026/04/22;07:33:54;100;-; 53.08; 0.0;-; 0.0; 0.0; 0.0;-;-;1936;-0.1; 0.0; 0.0;-7; 23.1;F;1;29;On;On;Off; 23.2; 23.0;0;1;1203;1;1203;1;1017;0;-
2026/04/22;07:34:54;100;-; 53.08; 0.0;-; 0.0; 0.0; 0.0;-;-;1936;-0.1; 0.0; 0.0;-6; 23.1;F;1;29;On;On;Off; 23.2; 22.9;0;1;1203;1;1203;1;1017;0;-
2026/04/22;07:35:54;100;-; 53.06; 0.0;-; 0.0; 0.0; 0.0;-;-;1936;-0.1; 0.0; 0.0;-6; 23.1;F;1;29;On;On;Off; 23.2; 22.9;0;1;1203;1;1203;1;1017;0;-
2026/04/22;07:36:54;100;-; 53.06; 0.0;-; 0.0; 0.0; 0.0;-;-;1936;-0.1; 0.0; 0.0;-7; 23.1;F;1;29;On;On;Off; 23.2; 22.9;0;1;1203;1;1203;1;1017;0;-
2026/04/22;07:37:54;100;-; 53.06; 0.0;-; 0.0; 0.0; 0.0;-;-;1936;-0.1; 0.0; 0.0;-6; 23.1;F;1;29;On;On;Off; 23.1; 22.9;0;1;1203;1;1203;1;1017;0;-
2026/04/22;07:38:54;99;-; 53.06; 0.0;-; 0.0; 0.0; 0.0;-;-;1936;-0.1; 0.0; 0.0;-7; 23.1;F;1;29;On;On;Off; 23.1; 22.9;0;1;1203;1;1203;1;1017;0;-
2026/04/22;07:39:54;99;-; 53.04; 0.0;-; 0.0; 0.0; 0.0;-;-;1936;-0.1; 0.0; 0.0;-7; 23.1;F;1;29;On;On;Off; 23.1; 22.9;0;1;1203;1;1203;1;1017;0;-
2026/04/22;07:40:54;99;-; 53.04; 0.0;-; 0.0; 0.0; 0.0;-;-;1936;-0.1; 0.0; 0.0;-6; 23.1;F;1;29;On;On;Off; 23.1; 22.8;0;1;1203;1;1203;1;1017;0;-
2026/04/22;07:41:54;99;-; 53.03; 0.0;-; 0.0; 0.0; 0.0;-;-;1936;-0.1; 0.0; 0.0;-7; 23.1;F;1;29;On;On;Off; 23.1; 22.8;0;1;1203;1;1203;1;1017;0;-
2026/04/22;07:42:53;99;-; 53.03; 0.0;-; 0.0; 0.0; 0.0;-;-;1936;-0.1; 0.0; 0.0;-7; 23.1;F;1;29;On;On;Off; 23.1; 22.8;0;1;1203;1;1203;1;1017;0;-
2026/04/22;07:43:53;99;-; 53.03; 0.0;-; 0.0; 0.0; 0.0;-;-;1936;-0.1; 0.0; 0.0;-6; 23.1;F;1;29;On;On;Off; 23.1; 22.8;0;1;1203;1;1203;1;1017;0;-
2026/04/22;07:44:53;99;-; 53.01; 0.0;-; 0.0; 0.0; 0.0;-;-;1936;-0.1; 0.0; 0.0;-6; 23.1;F;1;29;On;On;Off; 23.0; 22.8;0;1;1203;1;1203;1;1017;0;-
2026/04/22;07:45:53;99;-; 52.99; 0.0;-; 0.0; 0.0; 0.0;-;-;1936;-0.1; 0.0; 0.0;-6; 23.1;F;1;29;On;On;Off; 23.0; 22.8;0;1;1203;1;1203;1;1017;0;-
2026/04/22;07:46:53;99;-; 52.99; 0.0;-; 0.0; 0.0; 0.0;-;-;1936;-0.1; 0.0; 0.0;-6; 23.1;F;1;29;On;On;Off; 23.0; 22.8;0;1;1203;1;1203;1;1017;0;-
2026/04/22;07:47:53;99;-; 52.99; 0.0;-; 0.0; 0.0; 0.0;-;-;1936;-0.1; 0.0; 0.0;-6; 23.1;F;1;29;On;On;Off; 23.0; 22.7;0;1;1203;1;1203;1;1017;0;-
2026/04/22;07:48:53;99;-; 52.97; 0.0;-; 0.0; 0.0; 0.0;-;-;1936;-0.1; 0.0; 0.0;-7; 23.1;F;1;29;On;On;Off; 23.0; 22.7;0;1;1203;1;1203;1;1017;0;-
2026/04/22;07:49:53;99;-; 52.97; 0.0;-; 0.0; 0.0; 0.0;-;-;1936;-0.1; 0.0; 0.0;-6; 23.1;F;1;29;On;On;Off; 23.0; 22.7;0;1;1203;1;1203;1;1017;0;-
2026/04/22;07:50:53;99;-; 52.95; 0.0;-; 0.0; 0.0; 0.0;-;-;1936;-0.1; 0.0; 0.0;-6; 23.1;F;1;29;On;On;Off; 23.0; 22.7;0;1;1203;1;1203;1;1017;0;-
2026/04/22;07:51:53;99;-; 52.97; 0.0;-; 0.0; 0.0; 0.0;-;-;1936;-0.1; 0.0; 0.0;-6; 23.1;F;1;29;On;On;Off; 22.9; 22.7;0;1;1203;1;1203;1;1017;0;-
2026/04/22;07:52:53;99;-; 52.95; 0.0;-; 0.0; 0.0; 0.0;-;-;1936;-0.1; 0.0; 0.0;-6; 23.1;F;1;29;On;On;Off; 22.9; 22.7;0;1;1203;1;1203;1;1017;0;-
2026/04/22;07:53:53;99;-; 52.95; 0.0;-; 0.0; 0.0; 0.0;-;-;1936;-0.1; 0.0; 0.0;-6; 23.1;F;1;29;On;On;Off; 22.9; 22.7;0;1;1203;1;1203;1;1017;0;-
2026/04/22;07:54:53;99;-; 52.93; 0.0;-; 0.0; 0.0; 0.0;-;-;1936;-0.1; 0.0; 0.0;-6; 23.1;F;1;29;On;On;Off; 22.9; 22.6;0;1;1203;1;1203;1;1017;0;-
2026/04/22;07:55:53;99;-; 52.93; 0.0;-; 0.0; 0.0; 0.0;-;-;1936;-0.1; 0.0; 0.0;-6; 23.1;F;1;29;On;On;Off; 22.9; 22.6;0;1;1203;1;1203;1;1017;0;-
2026/04/22;07:56:53;99;-; 52.93; 0.0;-; 0.0; 0.0; 0.0;-;-;1936;-0.1; 0.0; 0.0;-6; 23.1;F;1;29;On;On;Off; 22.9; 22.6;0;1;1203;1;1203;1;1017;0;-
2026/04/22;07:57:53;99;-; 52.93; 0.0;-; 0.0; 0.0; 0.0;-;-;1936;-0.1; 0.0; 0.0;-6; 23.1;F;1;29;On;On;Off; 22.9; 22.6;0;1;1203;1;1203;1;1017;0;-
2026/04/22;07:58:52;99;-; 52.93; 0.0;-; 0.0; 0.0; 0.0;-;-;1936;-0.1; 0.0; 0.0;-7; 23.1;F;1;29;On;On;Off; 22.9; 22.6;0;1;1203;1;1203;1;1017;0;-
2026/04/22;07:59:52;99;-; 52.91; 0.0;-; 0.0; 0.0; 0.0;-;-;1936;-0.1; 0.0; 0.0;-7; 23.1;F;1;29;On;On;Off; 22.8; 22.6;0;1;1203;1;1203;1;1017;0;-
2026/04/22;08:00:52;99;-; 52.91; 0.0;-; 0.0; 0.0; 0.0;-;-;1936;-0.1; 0.0; 0.0;-6; 23.1;F;1;29;On;On;Off; 22.8; 22.6;0;1;1203;1;1203;1;1017;0;-
2026/04/22;08:01:52;99;-; 52.91; 0.0;-; 0.0; 0.0; 0.0;-;-;1936;-0.1; 0.0; 0.0;-6; 23.0;F;1;29;On;On;Off; 22.8; 22.6;0;1;1203;1;1203;1;1017;0;-
2026/04/22;08:02:52;99;-; 52.89; 0.0;-; 0.0; 0.0; 0.0;-;-;1936;-0.1; 0.0; 0.0;-6; 23.1;F;1;29;On;On;Off; 22.8; 22.6;0;1;1203;1;1203;1;1017;0;-
2026/04/22;08:03:52;99;-; 52.89; 0.0;-; 0.0; 0.0; 0.0;-;-;1936;-0.1; 0.0; 0.0;-6; 23.0;F;1;29;On;On;Off; 22.8; 22.6;0;1;1203;1;1203;1;1017;0;-
2026/04/22;08:04:52;99;-; 52.87; 0.0;-; 0.0; 0.0; 0.0;-;-;1936;-0.1; 0.0; 0.0;-6; 23.0;F;1;29;On;On;Off; 22.8; 22.6;0;1;1203;1;1203;1;1017;0;-
2026/04/22;08:05:52;99;-; 52.89; 0.0;-; 0.0; 0.0; 0.0;-;-;1936;-0.1; 0.0; 0.0;-6; 23.0;F;1;29;On;On;Off; 22.8; 22.5;0;1;1203;1;1203;1;1017;0;-
2026/04/22;08:06:52;99;-; 52.87; 0.0;-; 0.0; 0.0; 0.0;-;-;1936;-0.1; 0.0; 0.0;-6; 23.0;F;1;29;On;On;Off; 22.8; 22.5;0;1;1203;1;1203;1;1017;0;-
2026/04/22;08:07:52;99;-; 52.87; 0.0;-; 0.0; 0.0; 0.0;-;-;1937;-0.1; 0.0; 0.0;-5; 23.0;F;1;29;On;On;Off; 22.8; 22.5;0;1;1203;1;1203;1;1017;0;-
2026/04/22;08:08:52;99;-; 52.85; 0.0;-; 0.0; 0.0; 0.0;-;-;1937;-0.1; 0.0; 0.0;-6; 23.0;F;1;29;On;On;Off; 22.8; 22.5;0;1;1203;1;1203;1;1017;0;-
2026/04/22;08:09:52;99;-; 52.87; 0.0;-; 0.0; 0.0; 0.0;-;-;1937;-0.1; 0.0; 0.0;-6; 23.0;F;1;29;On;On;Off; 22.8; 22.5;0;1;1203;1;1203;1;1017;0;-
2026/04/22;08:10:52;99;-; 52.85; 0.0;-; 0.0; 0.0; 0.0;-;-;1937;-0.1; 0.0; 0.0;-6; 23.0;F;1;29;On;On;Off; 22.8; 22.5;0;1;1203;1;1203;1;1017;0;-
2026/04/22;08:11:52;99;-; 52.85; 0.0;-; 0.0; 0.0; 0.0;-;-;1937;-0.1; 0.0; 0.0;-6; 23.0;F;1;29;On;On;Off; 22.8; 22.5;0;1;1203;1;1203;1;1017;0;-
2026/04/22;08:12:52;99;-; 52.85; 0.0;-; 0.0; 0.0; 0.0;-;-;1937;-0.1; 0.0; 0.0;-6; 23.1;F;1;29;On;On;Off; 22.7; 22.5;0;1;1203;1;1203;1;1017;0;-
2026/04/22;08:13:52;99;-; 52.85; 0.0;-; 0.0; 0.0; 0.0;-;-;1937;-0.1; 0.0; 0.0;-6; 23.1;F;1;29;On;On;Off; 22.8; 22.5;0;1;1203;1;1203;1;1017;0;-
2026/04/22;08:14:51;99;-; 52.83; 0.0;-; 0.0; 0.0; 0.0;-;-;1937;-0.1; 0.0; 0.0;-6; 23.0;F;1;29;On;On;Off; 22.7; 22.5;0;1;1203;1;1203;1;1017;0;-
2026/04/22;08:15:51;99;-; 52.83; 0.0;-; 0.0; 0.0; 0.0;-;-;1937;-0.1; 0.0; 0.0;-6; 23.0;F;1;29;On;On;Off; 22.7; 22.5;0;1;1203;1;1203;1;1017;0;-
2026/04/22;08:16:51;99;-; 52.83; 0.0;-; 0.0; 0.0; 0.0;-;-;1937;-0.1; 0.0; 0.0;-6; 23.0;F;1;29;On;On;Off; 22.7; 22.5;0;1;1203;1;1203;1;1017;0;-
2026/04/22;08:17:51;99;-; 52.83; 0.0;-; 0.0; 0.0; 0.0;-;-;1937;-0.1; 0.0; 0.0;-7; 23.0;F;1;29;On;On;Off; 22.7; 22.5;0;1;1203;1;1203;1;1017;0;-
2026/04/22;08:18:51;99;-; 52.83; 0.0;-; 0.0; 0.0; 0.0;-;-;1937;-0.1; 0.0; 0.0;-6; 23.0;F;1;29;On;On;Off; 22.7; 22.4;0;1;1203;1;1203;1;1017;0;-
2026/04/22;08:19:51;99;-; 52.81; 0.0;-; 0.0; 0.0; 0.0;-;-;1937;-0.1; 0.0; 0.0;-7; 23.0;F;1;29;On;On;Off; 22.7; 22.4;0;1;1203;1;1203;1;1017;0;-
2026/04/22;08:20:51;99;-; 52.81; 0.0;-; 0.0; 0.0; 0.0;-;-;1937;-0.1; 0.0; 0.0;-6; 23.0;F;1;29;On;On;Off; 22.7; 22.4;0;1;1203;1;1203;1;1017;0;-
2026/04/22;08:21:51;99;-; 52.81; 0.0;-; 0.0; 0.0; 0.0;-;-;1937;-0.1; 0.0; 0.0;-6; 23.0;F;1;29;On;On;Off; 22.7; 22.4;0;1;1203;1;1203;1;1017;0;-
2026/04/22;08:22:51;99;-; 52.81; 0.0;-; 0.0; 0.0; 0.0;-;-;1937;-0.1; 0.0; 0.0;-6; 23.0;F;1;29;On;On;Off; 22.7; 22.4;0;1;1203;1;1203;1;1017;0;-
2026/04/22;08:23:51;99;-; 52.79; 0.0;-; 0.0; 0.0; 0.0;-;-;1937;-0.1; 0.0; 0.0;-6; 23.1;F;1;29;On;On;Off; 22.7; 22.4;0;1;1203;1;1203;1;1017;0;-
2026/04/22;08:24:51;99;-; 52.77; 0.0;-; 0.0; 0.0; 0.0;-;-;1937;-0.1; 0.0; 0.0;-6; 23.0;F;1;29;On;On;Off; 22.7; 22.4;0;1;1203;1;1203;1;1017;0;-
2026/04/22;08:25:51;99;-; 52.79; 0.0;-; 0.0; 0.0; 0.0;-;-;1937;-0.1; 0.0; 0.0;-6; 23.0;F;1;29;On;On;Off; 22.7; 22.4;0;1;1203;1;1203;1;1017;0;-
2026/04/22;08:26:51;99;-; 52.79; 0.0;-; 0.0; 0.0; 0.0;-;-;1937;-0.1; 0.0; 0.0;-6; 23.1;F;1;29;On;On;Off; 22.7; 22.4;0;1;1203;1;1203;1;1017;0;-
2026/04/22;08:27:51;99;-; 52.77; 0.0;-; 0.0; 0.0; 0.0;-;-;1937;-0.1; 0.0; 0.0;-6; 23.1;F;1;29;On;On;Off; 22.7; 22.4;0;1;1203;1;1203;1;1017;0;-
2026/04/22;08:28:51;99;-; 52.77; 0.0;-; 0.0; 0.0; 0.0;-;-;1937;-0.1; 0.0; 0.0;-6; 23.1;F;1;29;On;On;Off; 22.7; 22.4;0;1;1203;1;1203;1;1017;0;-
2026/04/22;08:29:50;99;-; 52.77; 0.0;-; 0.0; 0.0; 0.0;-;-;1937;-0.1; 0.0; 0.0;-6; 23.0;F;1;29;On;On;Off; 22.7; 22.4;0;1;1203;1;1203;1;1017;0;-
2026/04/22;08:30:50;99;-; 52.77; 0.0;-; 0.0; 0.0; 0.0;-;-;1937;-0.1; 0.0; 0.0;-6; 23.1;F;1;29;On;On;Off; 22.7; 22.4;0;1;1203;1;1203;1;1017;0;-
2026/04/22;08:31:50;99;-; 52.77; 0.0;-; 0.0; 0.0; 0.0;-;-;1937;-0.1; 0.0; 0.0;-6; 23.1;F;1;29;On;On;Off; 22.6; 22.4;0;1;1203;1;1203;1;1017;0;-
2026/04/22;08:32:50;99;-; 52.75; 0.0;-; 0.0; 0.0; 0.0;-;-;1937;-0.1; 0.0; 0.0;-6; 23.1;F;1;29;On;On;Off; 22.6; 22.4;0;1;1203;1;1203;1;1017;0;-
2026/04/22;08:33:50;99;-; 52.75; 0.0;-; 0.0; 0.0; 0.0;-;-;1937;-0.1; 0.0; 0.0;-6; 23.0;F;1;29;On;On;Off; 22.6; 22.4;0;1;1203;1;1203;1;1017;0;-
2026/04/22;08:34:50;99;-; 52.75; 0.0;-; 0.0; 0.0; 0.0;-;-;1937;-0.1; 0.0; 0.0;-6; 23.0;F;1;29;On;On;Off; 22.6; 22.4;0;1;1203;1;1203;1;1017;0;-
2026/04/22;08:35:50;99;-; 52.73; 0.0;-; 0.0; 0.0; 0.0;-;-;1937;-0.1; 0.0; 0.0;-5; 23.1;F;1;29;On;On;Off; 22.6; 22.4;0;1;1203;1;1203;1;1017;0;-
2026/04/22;08:36:50;99;-; 52.75; 0.0;-; 0.0; 0.0; 0.0;-;-;1937;-0.1; 0.0; 0.0;-6; 23.1;F;1;29;On;On;Off; 22.6; 22.4;0;1;1203;1;1203;1;1017;0;-
2026/04/22;08:37:50;99;-; 52.75; 0.0;-; 0.0; 0.0; 0.0;-;-;1937;-0.1; 0.0; 0.0;-6; 23.0;F;1;29;On;On;Off; 22.6; 22.3;0;1;1203;1;1203;1;1017;0;-
2026/04/22;08:38:50;99;-; 52.75; 0.0;-; 0.0; 0.0; 0.0;-;-;1937;-0.1; 0.0; 0.0;-6; 23.1;F;1;29;On;On;Off; 22.6; 22.3;0;1;1203;1;1203;1;1017;0;-
2026/04/22;08:39:50;99;-; 52.73; 0.0;-; 0.0; 0.0; 0.0;-;-;1937;-0.1; 0.0; 0.0;-6; 23.0;F;1;29;On;On;Off; 22.6; 22.3;0;1;1203;1;1203;1;1017;0;-
2026/04/22;08:40:50;99;-; 52.73; 0.0;-; 0.0; 0.0; 0.0;-;-;1937;-0.1; 0.0; 0.0;-6; 23.0;F;1;29;On;On;Off; 22.6; 22.3;0;1;1203;1;1203;1;1017;0;-
2026/04/22;08:41:50;99;-; 52.73; 0.0;-; 0.0; 0.0; 0.0;-;-;1937;-0.1; 0.0; 0.0;-6; 23.0;F;1;29;On;On;Off; 22.6; 22.3;0;1;1203;1;1203;1;1017;0;-
2026/04/22;08:42:50;99;-; 52.73; 0.0;-; 0.0; 0.0; 0.0;-;-;1937;-0.1; 0.0; 0.0;-6; 23.0;F;1;29;On;On;Off; 22.6; 22.3;0;1;1203;1;1203;1;1017;0;-
2026/04/22;08:43:50;99;-; 52.73; 0.0;-; 0.0; 0.0; 0.0;-;-;1937;-0.1; 0.0; 0.0;-6; 23.0;F;1;29;On;On;Off; 22.6; 22.3;0;1;1203;1;1203;1;1017;0;-
2026/04/22;08:44:50;99;-; 52.71; 0.0;-; 0.0; 0.0; 0.0;-;-;1937;-0.1; 0.0; 0.0;-6; 23.0;F;1;29;On;On;Off; 22.6; 22.3;0;1;1203;1;1203;1;1017;0;-
2026/04/22;08:45:49;99;-; 52.71; 0.0;-; 0.0; 0.0; 0.0;-;-;1937;-0.1; 0.0; 0.0;-6; 23.0;F;1;29;On;On;Off; 22.6; 22.3;0;1;1203;1;1203;1;1017;0;-
2026/04/22;08:46:49;99;-; 52.71; 0.0;-; 0.0; 0.0; 0.0;-;-;1937;-0.1; 0.0; 0.0;-6; 23.0;F;1;29;On;On;Off; 22.6; 22.3;0;1;1203;1;1203;1;1017;0;-
2026/04/22;08:47:49;99;-; 52.71; 0.0;-; 0.0; 0.0; 0.0;-;-;1937;-0.1; 0.0; 0.0;-6; 23.0;F;1;29;On;On;Off; 22.6; 22.3;0;1;1203;1;1203;1;1017;0;-
2026/04/22;08:48:49;99;-; 52.71; 0.0;-; 0.0; 0.0; 0.0;-;-;1937;-0.1; 0.0; 0.0;-6; 23.0;F;1;29;On;On;Off; 22.6; 22.3;0;1;1203;1;1203;1;1017;0;-
2026/04/22;08:49:49;99;-; 52.71; 0.0;-; 0.0; 0.0; 0.0;-;-;1937;-0.1; 0.0; 0.0;-6; 23.0;F;1;29;On;On;Off; 22.6; 22.3;0;1;1203;1;1203;1;1017;0;-
2026/04/22;08:50:49;99;-; 52.71; 0.0;-; 0.0; 0.0; 0.0;-;-;1937;-0.1; 0.0; 0.0;-6; 23.0;F;1;29;On;On;Off; 22.6; 22.3;0;1;1203;1;1203;1;1017;0;-
2026/04/22;08:51:49;99;-; 52.71; 0.0;-; 0.0; 0.0; 0.0;-;-;1937;-0.1; 0.0; 0.0;-6; 23.0;F;1;29;On;On;Off; 22.6; 22.3;0;1;1203;1;1203;1;1017;0;-
2026/04/22;08:52:49;99;-; 52.71; 0.0;-; 0.0; 0.0; 0.0;-;-;1937;-0.1; 0.0; 0.0;-6; 23.0;F;1;29;On;On;Off; 22.6; 22.3;0;1;1203;1;1203;1;1017;0;-
2026/04/22;08:53:49;99;-; 52.69; 0.0;-; 0.0; 0.0; 0.0;-;-;1937;-0.1; 0.0; 0.0;-6; 23.0;F;1;29;On;On;Off; 22.6; 22.3;0;1;1203;1;1203;1;1017;0;-
2026/04/22;08:54:49;99;-; 52.67; 0.0;-; 0.0; 0.0; 0.0;-;-;1937;-0.1; 0.0; 0.0;-6; 23.0;F;1;29;On;On;Off; 22.6; 22.3;0;1;1203;1;1203;1;1017;0;-
2026/04/22;08:55:49;99;-; 52.69; 0.0;-; 0.0; 0.0; 0.0;-;-;1937;-0.1; 0.0; 0.0;-6; 23.0;F;1;29;On;On;Off; 22.6; 22.3;0;1;1203;1;1203;1;1017;0;-
2026/04/22;08:56:49;99;-; 52.69; 0.0;-; 0.0; 0.0; 0.0;-;-;1937;-0.1; 0.0; 0.0;-6; 23.0;F;1;29;On;On;Off; 22.6; 22.3;0;1;1203;1;1203;1;1017;0;-
2026/04/22;08:57:49;99;-; 52.69; 0.0;-; 0.0; 0.0; 0.0;-;-;1937;-0.1; 0.0; 0.0;-6; 23.0;F;1;29;On;On;Off; 22.6; 22.3;0;1;1203;1;1203;1;1017;0;-
2026/04/22;08:58:49;99;-; 52.69; 0.0;-; 0.0; 0.0; 0.0;-;-;1937;-0.1; 0.0; 0.0;-7; 23.0;F;1;29;On;On;Off; 22.6; 22.3;0;1;1203;1;1203;1;1017;0;-
2026/04/22;08:59:49;99;-; 52.69; 0.0;-; 0.0; 0.0; 0.0;-;-;1937;-0.1; 0.0; 0.0;-6; 23.0;F;1;29;On;On;Off; 22.6; 22.3;0;1;1203;1;1203;1;1017;0;-
2026/04/22;09:00:49;99;-; 52.67; 0.0;-; 0.0; 0.0; 0.0;-;-;1937;-0.1; 0.0; 0.0;-6; 23.0;F;1;29;On;On;Off; 22.6; 22.3;0;1;1203;1;1203;1;1017;0;-
2026/04/22;09:01:48;99;-; 52.67; 0.0;-; 0.0; 0.0; 0.0;-;-;1937;-0.1; 0.0; 0.0;-6; 23.0;F;1;29;On;On;Off; 22.6; 22.3;0;1;1203;1;1203;1;1017;0;-
2026/04/22;09:02:48;99;-; 52.65; 0.0;-; 0.0; 0.0; 0.0;-;-;1937;-0.1; 0.0; 0.0;-7; 23.0;F;1;29;On;On;Off; 22.6; 22.3;0;1;1203;1;1203;1;1017;0;-
2026/04/22;09:03:48;99;-; 52.67; 0.0;-; 0.0; 0.0; 0.0;-;-;1937;-0.1; 0.0; 0.0;-6; 23.0;F;1;29;On;On;Off; 22.6; 22.3;0;1;1203;1;1203;1;1017;0;-
2026/04/22;09:04:48;99;-; 52.67; 0.0;-; 0.0; 0.0; 0.0;-;-;1937;-0.1; 0.0; 0.0;-6; 23.0;F;1;29;On;On;Off; 22.6; 22.3;0;1;1203;1;1203;1;1017;0;-
2026/04/22;09:05:48;99;-; 52.67; 0.0;-; 0.0; 0.0; 0.0;-;-;1937;-0.1; 0.0; 0.0;-6; 23.0;F;1;29;On;On;Off; 22.6; 22.3;0;1;1203;1;1203;1;1017;0;-
2026/04/22;09:06:48;99;-; 52.67; 0.0;-; 0.0; 0.0; 0.0;-;-;1937;-0.1; 0.0; 0.0;-6; 23.0;F;1;29;On;On;Off; 22.6; 22.3;0;1;1203;1;1203;1;1017;0;-
2026/04/22;09:07:48;99;-; 52.67; 0.0;-; 0.0; 0.0; 0.0;-;-;1938;-0.1; 0.0; 0.0;-7; 23.0;F;1;29;On;On;Off; 22.6; 22.3;0;1;1203;1;1203;1;1017;0;-
2026/04/22;09:08:48;99;-; 52.67; 0.0;-; 0.0; 0.0; 0.0;-;-;1938;-0.1; 0.0; 0.0;-7; 23.0;F;1;29;On;On;Off; 22.6; 22.3;0;1;1203;1;1203;1;1017;0;-
2026/04/22;09:09:48;99;-; 52.65; 0.0;-; 0.0; 0.0; 0.0;-;-;1938;-0.1; 0.0; 0.0;-7; 23.0;F;1;29;On;On;Off; 22.6; 22.3;0;1;1203;1;1203;1;1017;0;-
2026/04/22;09:10:48;99;-; 52.65; 0.0;-; 0.0; 0.0; 0.0;-;-;1938;-0.1; 0.0; 0.0;-7; 23.0;F;1;29;On;On;Off; 22.5; 22.3;0;1;1203;1;1203;1;1017;0;-
2026/04/22;09:11:48;99;-; 52.65; 0.0;-; 0.0; 0.0; 0.0;-;-;1938;-0.1; 0.0; 0.0;-7; 23.0;F;1;29;On;On;Off; 22.5; 22.3;0;1;1203;1;1203;1;1017;0;-
2026/04/22;09:12:48;99;-; 52.63; 0.0;-; 0.0; 0.0; 0.0;-;-;1938;-0.1; 0.0; 0.0;-6; 23.0;F;1;29;On;On;Off; 22.5; 22.3;0;1;1203;1;1203;1;1017;0;-
2026/04/22;09:13:48;99;-; 52.63; 0.0;-; 0.0; 0.0; 0.0;-;-;1938;-0.1; 0.0; 0.0;-6; 23.0;F;1;29;On;On;Off; 22.5; 22.3;0;1;1203;1;1203;1;1017;0;-
2026/04/22;09:14:48;99;-; 52.65; 0.0;-; 0.0; 0.0; 0.0;-;-;1938;-0.1; 0.0; 0.0;-7; 23.0;F;1;29;On;On;Off; 22.5; 22.3;0;1;1203;1;1203;1;1017;0;-
2026/04/22;09:15:48;99;-; 52.65; 0.0;-; 0.0; 0.0; 0.0;-;-;1938;-0.1; 0.0; 0.0;-6; 23.0;F;1;29;On;On;Off; 22.5; 22.3;0;1;1203;1;1203;1;1017;0;-
2026/04/22;09:16:47;99;-; 52.65; 0.0;-; 0.0; 0.0; 0.0;-;-;1938;-0.1; 0.0; 0.0;-6; 23.0;F;1;29;On;On;Off; 22.5; 22.3;0;1;1203;1;1203;1;1017;0;-
2026/04/22;09:17:47;99;-; 52.65; 0.0;-; 0.0; 0.0; 0.0;-;-;1938;-0.1; 0.0; 0.0;-6; 23.0;F;1;29;On;On;Off; 22.5; 22.3;0;1;1203;1;1203;1;1017;0;-
2026/04/22;09:18:47;99;-; 52.65; 0.0;-; 0.0; 0.0; 0.0;-;-;1938;-0.1; 0.0; 0.0;-7; 23.0;F;1;29;On;On;Off; 22.5; 22.2;0;1;1203;1;1203;1;1017;0;-
2026/04/22;09:19:47;99;-; 52.63; 0.0;-; 0.0; 0.0; 0.0;-;-;1938;-0.1; 0.0; 0.0;-7; 23.0;F;1;29;On;On;Off; 22.5; 22.2;0;1;1203;1;1203;1;1017;0;-
2026/04/22;09:20:47;99;-; 52.61; 0.0;-; 0.0; 0.0; 0.0;-;-;1938;-0.1; 0.0; 0.0;-6; 23.0;F;1;29;On;On;Off; 22.5; 22.2;0;1;1203;1;1203;1;1017;0;-
2026/04/22;09:21:47;99;-; 52.63; 0.0;-; 0.0; 0.0; 0.0;-;-;1938;-0.1; 0.0; 0.0;-6; 23.0;F;1;29;On;On;Off; 22.5; 22.2;0;1;1203;1;1203;1;1017;0;-
2026/04/22;09:22:47;99;-; 52.63; 0.0;-; 0.0; 0.0; 0.0;-;-;1938;-0.1; 0.0; 0.0;-7; 23.0;F;1;29;On;On;Off; 22.5; 22.2;0;1;1203;1;1203;1;1017;0;-
2026/04/22;09:23:47;99;-; 52.63; 0.0;-; 0.0; 0.0; 0.0;-;-;1938;-0.1; 0.0; 0.0;-7; 23.0;F;1;29;On;On;Off; 22.5; 22.2;0;1;1203;1;1203;1;1017;0;-
2026/04/22;09:24:47;99;-; 52.63; 0.0;-; 0.0; 0.0; 0.0;-;-;1938;-0.1; 0.0; 0.0;-7; 23.0;F;1;29;On;On;Off; 22.5; 22.2;0;1;1203;1;1203;1;1017;0;-
2026/04/22;09:25:47;99;-; 52.63; 0.0;-; 0.0; 0.0; 0.0;-;-;1938;-0.1; 0.0; 0.0;-7; 23.0;F;1;29;On;On;Off; 22.5; 22.2;0;1;1203;1;1203;1;1017;0;-
2026/04/22;09:26:47;99;-; 52.63; 0.0;-; 0.0; 0.0; 0.0;-;-;1938;-0.1; 0.0; 0.0;-7; 23.0;F;1;29;On;On;Off; 22.5; 22.2;0;1;1203;1;1203;1;1017;0;-
2026/04/22;09:27:47;99;-; 52.63; 0.0;-; 0.0; 0.0; 0.0;-;-;1938;-0.1; 0.0; 0.0;-7; 23.0;F;1;29;On;On;Off; 22.5; 22.2;0;1;1203;1;1203;1;1017;0;-
2026/04/22;09:28:47;99;-; 52.63; 0.0;-; 0.0; 0.0; 0.0;-;-;1938;-0.1; 0.0; 0.0;-7; 23.0;F;1;29;On;On;Off; 22.5; 22.2;0;1;1203;1;1203;1;1017;0;-
2026/04/22;09:29:47;99;-; 52.63; 0.0;-; 0.0; 0.0; 0.0;-;-;1938;-0.1; 0.0; 0.0;-7; 23.0;F;1;29;On;On;Off; 22.5; 22.2;0;1;1203;1;1203;1;1017;0;-
2026/04/22;09:30:47;99;-; 52.61; 0.0;-; 0.0; 0.0; 0.0;-;-;1938;-0.1; 0.0; 0.0;-7; 23.0;F;1;29;On;On;Off; 22.5; 22.2;0;1;1203;1;1203;1;1017;0;-
2026/04/22;09:31:47;99;-; 52.61; 0.0;-; 0.0; 0.0; 0.0;-;-;1938;-0.1; 0.0; 0.0;-7; 23.0;F;1;29;On;On;Off; 22.5; 22.2;0;1;1203;1;1203;1;1017;0;-
2026/04/22;09:32:46;99;-; 52.61; 0.0;-; 0.0; 0.0; 0.0;-;-;1938;-0.1; 0.0; 0.0;-7; 23.0;F;1;29;On;On;Off; 22.5; 22.2;0;1;1203;1;1203;1;1017;0;-
2026/04/22;09:33:46;99;-; 52.61; 0.0;-; 0.0; 0.0; 0.0;-;-;1938;-0.1; 0.0; 0.0;-6; 23.0;F;1;29;On;On;Off; 22.5; 22.2;0;1;1203;1;1203;1;1017;0;-
2026/04/22;09:34:46;99;-; 52.61; 0.0;-; 0.0; 0.0; 0.0;-;-;1938;-0.1; 0.0; 0.0;-7; 23.0;F;1;29;On;On;Off; 22.5; 22.2;0;1;1203;1;1203;1;1017;0;-
2026/04/22;09:35:46;99;-; 52.61; 0.0;-; 0.0; 0.0; 0.0;-;-;1938;-0.1; 0.0; 0.0;-7; 23.0;F;1;29;On;On;Off; 22.5; 22.2;0;1;1203;1;1203;1;1017;0;-
2026/04/22;09:36:46;99;-; 52.61; 0.0;-; 0.0; 0.0; 0.0;-;-;1938;-0.2; 0.0; 0.0;-7; 23.0;F;1;29;On;On;Off; 22.5; 22.2;0;1;1203;1;1203;1;1017;0;-
2026/04/22;09:37:46;99;-; 52.61; 0.0;-; 0.0; 0.0; 0.0;-;-;1938;-0.1; 0.0; 0.0;-7; 23.0;F;1;29;On;On;Off; 22.5; 22.2;0;1;1203;1;1203;1;1017;0;-
2026/04/22;09:38:46;99;-; 52.61; 0.0;-; 0.0; 0.0; 0.0;-;-;1938;-0.1; 0.0; 0.0;-7; 23.0;F;1;29;On;On;Off; 22.5; 22.2;0;1;1203;1;1203;1;1017;0;-
2026/04/22;09:39:46;99;-; 52.61; 0.0;-; 0.0; 0.0; 0.0;-;-;1938;-0.1; 0.0; 0.0;-7; 23.0;F;1;29;On;On;Off; 22.5; 22.2;0;1;1203;1;1203;1;1017;0;-
2026/04/22;09:40:46;99;-; 52.61; 0.0;-; 0.0; 0.0; 0.0;-;-;1938;-0.1; 0.0; 0.0;-7; 23.0;F;1;29;On;On;Off; 22.5; 22.2;0;1;1203;1;1203;1;1017;0;-
2026/04/22;09:41:46;99;-; 52.61; 0.0;-; 0.0; 0.0; 0.0;-;-;1938;-0.1; 0.0; 0.0;-7; 23.0;F;1;29;On;On;Off; 22.5; 22.2;0;1;1203;1;1203;1;1017;0;-
2026/04/22;09:42:46;99;-; 52.59; 0.0;-; 0.0; 0.0; 0.0;-;-;1938;-0.1; 0.0; 0.0;-7; 23.0;F;1;29;On;On;Off; 22.5; 22.2;0;1;1203;1;1203;1;1017;0;-
2026/04/22;09:43:46;99;-; 52.59; 0.0;-; 0.0; 0.0; 0.0;-;-;1938;-0.1; 0.0; 0.0;-7; 23.0;F;1;29;On;On;Off; 22.5; 22.2;0;1;1203;1;1203;1;1017;0;-
2026/04/22;09:44:46;99;-; 52.59; 0.0;-; 0.0; 0.0; 0.0;-;-;1938;-0.1; 0.0; 0.0;-7; 23.0;F;1;29;On;On;Off; 22.5; 22.3;0;1;1203;1;1203;1;1017;0;-
2026/04/22;09:45:46;99;-; 52.59; 0.0;-; 0.0; 0.0; 0.0;-;-;1938;-0.1; 0.0; 0.0;-7; 23.0;F;1;29;On;On;Off; 22.5; 22.3;0;1;1203;1;1203;1;1017;0;-
2026/04/22;09:46:46;99;-; 52.57; 0.0;-; 0.0; 0.0; 0.0;-;-;1938;-0.1; 0.0; 0.0;-7; 23.0;F;1;29;On;On;Off; 22.5; 22.3;0;1;1203;1;1203;1;1017;0;-
2026/04/22;09:47:46;99;-; 52.59; 0.0;-; 0.0; 0.0; 0.0;-;-;1938;-0.1; 0.0; 0.0;-7; 23.0;F;1;29;On;On;Off; 22.5; 22.3;0;1;1203;1;1203;1;1017;0;-
2026/04/22;09:48:45;99;-; 52.59; 0.0;-; 0.0; 0.0; 0.0;-;-;1938;-0.1; 0.0; 0.0;-7; 23.0;F;1;29;On;On;Off; 22.5; 22.3;0;1;1203;1;1203;1;1017;0;-
2026/04/22;09:49:45;99;-; 52.59; 0.0;-; 0.0; 0.0; 0.0;-;-;1938;-0.1; 0.0; 0.0;-6; 23.0;F;1;29;On;On;Off; 22.5; 22.3;0;1;1203;1;1203;1;1017;0;-
2026/04/22;09:50:45;99;-; 52.57; 0.0;-; 0.0; 0.0; 0.0;-;-;1938;-0.1; 0.0; 0.0;-7; 23.0;F;1;29;On;On;Off; 22.5; 22.3;0;1;1203;1;1203;1;1017;0;-
2026/04/22;09:51:45;99;-; 52.59; 0.0;-; 0.0; 0.0; 0.0;-;-;1938;-0.1; 0.0; 0.0;-7; 23.0;F;1;29;On;On;Off; 22.5; 22.3;0;1;1203;1;1203;1;1017;0;-
2026/04/22;09:52:45;99;-; 52.57; 0.0;-; 0.0; 0.0; 0.0;-;-;1938;-0.1; 0.0; 0.0;-7; 23.0;F;1;29;On;On;Off; 22.5; 22.2;0;1;1203;1;1203;1;1017;0;-
2026/04/22;09:53:45;99;-; 52.59; 0.0;-; 0.0; 0.0; 0.0;-;-;1938;-0.1; 0.0; 0.0;-7; 23.0;F;1;29;On;On;Off; 22.5; 22.3;0;1;1203;1;1203;1;1017;0;-
2026/04/22;09:54:45;99;-; 52.59; 0.0;-; 0.0; 0.0; 0.0;-;-;1938;-0.1; 0.0; 0.0;-7; 23.0;F;1;29;On;On;Off; 22.5; 22.3;0;1;1203;1;1203;1;1017;0;-
2026/04/22;09:55:45;99;-; 52.59; 0.0;-; 0.0; 0.0; 0.0;-;-;1938;-0.1; 0.0; 0.0;-6; 23.0;F;1;29;On;On;Off; 22.5; 22.2;0;1;1203;1;1203;1;1017;0;-
2026/04/22;09:56:45;99;-; 52.59; 0.0;-; 0.0; 0.0; 0.0;-;-;1938;-0.1; 0.0; 0.0;-7; 23.0;F;1;29;On;On;Off; 22.5; 22.3;0;1;1203;1;1203;1;1017;0;-
2026/04/22;09:57:45;99;-; 52.59; 0.0;-; 0.0; 0.0; 0.0;-;-;1938;-0.1; 0.0; 0.0;-7; 23.0;F;1;29;On;On;Off; 22.5; 22.3;0;1;1203;1;1203;1;1017;0;-
2026/04/22;09:58:45;99;-; 52.57; 0.0;-; 0.0; 0.0; 0.0;-;-;1938;-0.1; 0.0; 0.0;-7; 23.0;F;1;29;On;On;Off; 22.5; 22.3;0;1;1203;1;1203;1;1017;0;-
2026/04/22;09:59:45;99;-; 52.57; 0.0;-; 0.0; 0.0; 0.0;-;-;1938;-0.1; 0.0; 0.0;-7; 23.0;F;1;29;On;On;Off; 22.5; 22.3;0;1;1203;1;1203;1;1017;0;-
2026/04/22;10:00:45;99;-; 52.55; 0.0;-; 0.0; 0.0; 0.0;-;-;1938;-0.1; 0.0; 0.0;-7; 23.0;F;1;29;On;On;Off; 22.5; 22.3;0;1;1203;1;1203;1;1017;0;-
2026/04/22;10:01:45;99;-; 52.55; 0.0;-; 0.0; 0.0; 0.0;-;-;1938;-0.1; 0.0; 0.0;-6; 23.0;F;1;29;On;On;Off; 22.5; 22.2;0;1;1203;1;1203;1;1017;0;-
2026/04/22;10:02:45;99;-; 52.57; 0.0;-; 0.0; 0.0; 0.0;-;-;1938;-0.1; 0.0; 0.0;-6; 23.0;F;1;29;On;On;Off; 22.5; 22.3;0;1;1203;1;1203;1;1017;0;-
2026/04/22;10:03:45;99;-; 52.57; 0.0;-; 0.0; 0.0; 0.0;-;-;1938;-0.1; 0.0; 0.0;-7; 23.0;F;1;29;On;On;Off; 22.5; 22.3;0;1;1203;1;1203;1;1017;0;-
2026/04/22;10:04:44;99;-; 52.57; 0.0;-; 0.0; 0.0; 0.0;-;-;1938;-0.1; 0.0; 0.0;-6; 22.9;F;1;29;On;On;Off; 22.5; 22.2;0;1;1203;1;1203;1;1017;0;-
2026/04/22;10:05:44;99;-; 52.57; 0.0;-; 0.0; 0.0; 0.0;-;-;1938;-0.1; 0.0; 0.0;-6; 23.0;F;1;29;On;On;Off; 22.5; 22.3;0;1;1203;1;1203;1;1017;0;-
2026/04/22;10:06:44;99;-; 52.57; 0.0;-; 0.0; 0.0; 0.0;-;-;1938;-0.1; 0.0; 0.0;-6; 23.0;F;1;29;On;On;Off; 22.5; 22.3;0;1;1203;1;1203;1;1017;0;-
2026/04/22;10:07:44;99;-; 52.57; 0.0;-; 0.0; 0.0; 0.0;-;-;1939;-0.1; 0.0; 0.0;-6; 22.9;F;1;29;On;On;Off; 22.5; 22.2;0;1;1203;1;1203;1;1017;0;-
2026/04/22;10:08:44;99;-; 52.57; 0.0;-; 0.0; 0.0; 0.0;-;-;1939;-0.1; 0.0; 0.0;-6; 22.9;F;1;29;On;On;Off; 22.5; 22.2;0;1;1203;1;1203;1;1017;0;-
2026/04/22;10:09:44;99;-; 52.57; 0.0;-; 0.0; 0.0; 0.0;-;-;1939;-0.1; 0.0; 0.0;-7; 22.9;F;1;29;On;On;Off; 22.5; 22.2;0;1;1203;1;1203;1;1017;0;-
2026/04/22;10:10:44;99;-; 52.57; 0.0;-; 0.0; 0.0; 0.0;-;-;1939;-0.1; 0.0; 0.0;-7; 22.9;F;1;29;On;On;Off; 22.5; 22.2;0;1;1203;1;1203;1;1017;0;-
2026/04/22;10:11:44;99;-; 52.57; 0.0;-; 0.0; 0.0; 0.0;-;-;1939;-0.1; 0.0; 0.0;-7; 22.9;F;1;29;On;On;Off; 22.5; 22.2;0;1;1203;1;1203;1;1017;0;-
2026/04/22;10:12:44;99;-; 52.57; 0.0;-; 0.0; 0.0; 0.0;-;-;1939;-0.1; 0.0; 0.0;-7; 22.9;F;1;29;On;On;Off; 22.5; 22.2;0;1;1203;1;1203;1;1017;0;-
2026/04/22;10:13:44;99;-; 52.57; 0.0;-; 0.0; 0.0; 0.0;-;-;1939;-0.1; 0.0; 0.0;-7; 22.9;F;1;29;On;On;Off; 22.5; 22.2;0;1;1203;1;1203;1;1017;0;-
2026/04/22;10:14:44;99;-; 52.57; 0.0;-; 0.0; 0.0; 0.0;-;-;1939;-0.1; 0.0; 0.0;-6; 22.9;F;1;29;On;On;Off; 22.5; 22.2;0;1;1203;1;1203;1;1017;0;-
2026/04/22;10:15:44;98;-; 52.57; 0.0;-; 0.0; 0.0; 0.0;-;-;1939;-0.1; 0.0; 0.0;-7; 22.9;F;1;29;On;On;Off; 22.5; 22.2;0;1;1203;1;1203;1;1017;0;-
2026/04/22;10:16:44;98;-; 52.57; 0.0;-; 0.0; 0.0; 0.0;-;-;1939;-0.1; 0.0; 0.0;-7; 22.9;F;1;29;On;On;Off; 22.5; 22.2;0;1;1203;1;1203;1;1017;0;-
2026/04/22;10:17:44;98;-; 52.55; 0.0;-; 0.0; 0.0; 0.0;-;-;1939;-0.1; 0.0; 0.0;-7; 22.9;F;1;29;On;On;Off; 22.5; 22.2;0;1;1203;1;1203;1;1017;0;-
2026/04/22;10:18:44;98;-; 52.55; 0.0;-; 0.0; 0.0; 0.0;-;-;1939;-0.1; 0.0; 0.0;-7; 22.9;F;1;29;On;On;Off; 22.5; 22.2;0;1;1203;1;1203;1;1017;0;-
2026/04/22;10:19:43;98;-; 52.55; 0.0;-; 0.0; 0.0; 0.0;-;-;1939;-0.1; 0.0; 0.0;-6; 22.9;F;1;29;On;On;Off; 22.5; 22.2;0;1;1203;1;1203;1;1017;0;-
2026/04/22;10:20:43;98;-; 52.55; 0.0;-; 0.0; 0.0; 0.0;-;-;1939;-0.1; 0.0; 0.0;-7; 22.9;F;1;29;On;On;Off; 22.5; 22.2;0;1;1203;1;1203;1;1017;0;-
2026/04/22;10:21:43;98;-; 52.55; 0.0;-; 0.0; 0.0; 0.0;-;-;1939;-0.1; 0.0; 0.0;-7; 22.9;F;1;29;On;On;Off; 22.5; 22.2;0;1;1203;1;1203;1;1017;0;-
2026/04/22;10:22:43;98;-; 52.55; 0.0;-; 0.0; 0.0; 0.0;-;-;1939;-0.1; 0.0; 0.0;-7; 22.9;F;1;29;On;On;Off; 22.5; 22.2;0;1;1203;1;1203;1;1017;0;-
2026/04/22;10:23:43;98;-; 52.55; 0.0;-; 0.0; 0.0; 0.0;-;-;1939;-0.1; 0.0; 0.0;-7; 22.9;F;1;29;On;On;Off; 22.5; 22.2;0;1;1203;1;1203;1;1017;0;-
2026/04/22;10:24:43;98;-; 52.55; 0.0;-; 0.0; 0.0; 0.0;-;-;1939;-0.1; 0.0; 0.0;-7; 22.9;F;1;29;On;On;Off; 22.5; 22.2;0;1;1203;1;1203;1;1017;0;-
2026/04/22;10:25:43;98;-; 52.55; 0.0;-; 0.0; 0.0; 0.0;-;-;1939;-0.1; 0.0; 0.0;-7; 22.9;F;1;29;On;On;Off; 22.5; 22.2;0;1;1203;1;1203;1;1017;0;-
2026/04/22;10:26:43;98;-; 52.55; 0.0;-; 0.0; 0.0; 0.0;-;-;1939;-0.2; 0.0; 0.0;-7; 22.9;F;1;29;On;On;Off; 22.5; 22.2;0;1;1203;1;1203;1;1017;0;-
2026/04/22;10:27:43;98;-; 52.55; 0.0;-; 0.0; 0.0; 0.0;-;-;1939;-0.1; 0.0; 0.0;-7; 22.9;F;1;29;On;On;Off; 22.5; 22.2;0;1;1203;1;1203;1;1017;0;-
2026/04/22;10:28:43;98;-; 52.55; 0.0;-; 0.0; 0.0; 0.0;-;-;1939;-0.1; 0.0; 0.0;-7; 22.9;F;1;29;On;On;Off; 22.5; 22.2;0;1;1203;1;1203;1;1017;0;-
2026/04/22;10:29:43;98;-; 52.55; 0.0;-; 0.0; 0.0; 0.0;-;-;1939;-0.1; 0.0; 0.0;-7; 22.9;F;1;29;On;On;Off; 22.5; 22.2;0;1;1203;1;1203;1;1017;0;-
2026/04/22;10:30:43;98;-; 52.55; 0.0;-; 0.0; 0.0; 0.0;-;-;1939;-0.1; 0.0; 0.0;-7; 22.9;F;1;29;On;On;Off; 22.5; 22.2;0;1;1203;1;1203;1;1017;0;-
2026/04/22;10:31:43;98;-; 52.53; 0.0;-; 0.0; 0.0; 0.0;-;-;1939;-0.1; 0.0; 0.0;-7; 22.9;F;1;29;On;On;Off; 22.5; 22.2;0;1;1203;1;1203;1;1017;0;-
2026/04/22;10:32:43;98;-; 52.55; 0.0;-; 0.0; 0.0; 0.0;-;-;1939;-0.1; 0.0; 0.0;-7; 22.9;F;1;29;On;On;Off; 22.5; 22.2;0;1;1203;1;1203;1;1017;0;-
2026/04/22;10:33:43;98;-; 52.55; 0.0;-; 0.0; 0.0; 0.0;-;-;1939;-0.1; 0.0; 0.0;-7; 22.9;F;1;29;On;On;Off; 22.5; 22.2;0;1;1203;1;1203;1;1017;0;-
2026/04/22;10:34:43;98;-; 52.55; 0.0;-; 0.0; 0.0; 0.0;-;-;1939;-0.1; 0.0; 0.0;-7; 22.9;F;1;29;On;On;Off; 22.5; 22.2;0;1;1203;1;1203;1;1017;0;-
2026/04/22;10:35:42;98;-; 52.53; 0.0;-; 0.0; 0.0; 0.0;-;-;1939;-0.1; 0.0; 0.0;-7; 22.9;F;1;29;On;On;Off; 22.5; 22.2;0;1;1203;1;1203;1;1017;0;-
2026/04/22;10:36:42;98;-; 52.53; 0.0;-; 0.0; 0.0; 0.0;-;-;1939;-0.1; 0.0; 0.0;-7; 22.9;F;1;29;On;On;Off; 22.5; 22.2;0;1;1203;1;1203;1;1017;0;-
2026/04/22;10:37:42;98;-; 52.53; 0.0;-; 0.0; 0.0; 0.0;-;-;1939;-0.1; 0.0; 0.0;-7; 22.9;F;1;29;On;On;Off; 22.5; 22.2;0;1;1203;1;1203;1;1017;0;-
2026/04/22;10:38:42;98;-; 52.53; 0.0;-; 0.0; 0.0; 0.0;-;-;1939;-0.1; 0.0; 0.0;-7; 22.9;F;1;29;On;On;Off; 22.5; 22.2;0;1;1203;1;1203;1;1017;0;-
2026/04/22;10:39:42;98;-; 52.53; 0.0;-; 0.0; 0.0; 0.0;-;-;1939;-0.1; 0.0; 0.0;-6; 22.9;F;1;29;On;On;Off; 22.5; 22.2;0;1;1203;1;1203;1;1017;0;-
2026/04/22;10:40:42;98;-; 52.53; 0.0;-; 0.0; 0.0; 0.0;-;-;1939;-0.1; 0.0; 0.0;-7; 22.9;F;1;29;On;On;Off; 22.5; 22.2;0;1;1203;1;1203;1;1017;0;-
2026/04/22;10:41:42;98;-; 52.53; 0.0;-; 0.0; 0.0; 0.0;-;-;1939;-0.1; 0.0; 0.0;-7; 22.9;F;1;29;On;On;Off; 22.5; 22.2;0;1;1203;1;1203;1;1017;0;-
2026/04/22;10:42:42;98;-; 52.53; 0.0;-; 0.0; 0.0; 0.0;-;-;1939;-0.1; 0.0; 0.0;-6; 22.9;F;1;29;On;On;Off; 22.5; 22.2;0;1;1203;1;1203;1;1017;0;-
2026/04/22;10:43:42;98;-; 52.53; 0.0;-; 0.0; 0.0; 0.0;-;-;1939;-0.1; 0.0; 0.0;-6; 22.9;F;1;29;On;On;Off; 22.5; 22.2;0;1;1203;1;1203;1;1017;0;-
2026/04/22;10:44:42;98;-; 52.53; 0.0;-; 0.0; 0.0; 0.0;-;-;1939;-0.1; 0.0; 0.0;-7; 22.9;F;1;29;On;On;Off; 22.5; 22.2;0;1;1203;1;1203;1;1017;0;-
2026/04/22;10:45:42;98;-; 52.53; 0.0;-; 0.0; 0.0; 0.0;-;-;1939;-0.1; 0.0; 0.0;-6; 22.9;F;1;29;On;On;Off; 22.5; 22.2;0;1;1203;1;1203;1;1017;0;-
2026/04/22;10:46:42;98;-; 52.53; 0.0;-; 0.0; 0.0; 0.0;-;-;1939;-0.1; 0.0; 0.0;-7; 22.9;F;1;29;On;On;Off; 22.5; 22.2;0;1;1203;1;1203;1;1017;0;-
2026/04/22;10:47:42;98;-; 52.53; 0.0;-; 0.0; 0.0; 0.0;-;-;1939;-0.1; 0.0; 0.0;-6; 22.9;F;1;29;On;On;Off; 22.5; 22.2;0;1;1203;1;1203;1;1017;0;-
2026/04/22;10:48:42;98;-; 52.51; 0.0;-; 0.0; 0.0; 0.0;-;-;1939;-0.1; 0.0; 0.0;-6; 22.9;F;1;29;On;On;Off; 22.5; 22.2;0;1;1203;1;1203;1;1017;0;-
2026/04/22;10:49:42;98;-; 52.53; 0.0;-; 0.0; 0.0; 0.0;-;-;1939;-0.1; 0.0; 0.0;-6; 22.9;F;1;29;On;On;Off; 22.5; 22.2;0;1;1203;1;1203;1;1017;0;-
2026/04/22;10:50:42;98;-; 52.53; 0.0;-; 0.0; 0.0; 0.0;-;-;1939;-0.1; 0.0; 0.0;-6; 22.9;F;1;29;On;On;Off; 22.5; 22.2;0;1;1203;1;1203;1;1017;0;-
2026/04/22;10:51:41;98;-; 52.53; 0.0;-; 0.0; 0.0; 0.0;-;-;1939;-0.1; 0.0; 0.0;-7; 22.9;F;1;29;On;On;Off; 22.5; 22.2;0;1;1203;1;1203;1;1017;0;-
2026/04/22;10:52:41;98;-; 52.53; 0.0;-; 0.0; 0.0; 0.0;-;-;1939;-0.1; 0.0; 0.0;-6; 22.9;F;1;29;On;On;Off; 22.4; 22.2;0;1;1203;1;1203;1;1017;0;-
2026/04/22;10:53:41;98;-; 52.53; 0.0;-; 0.0; 0.0; 0.0;-;-;1939;-0.1; 0.0; 0.0;-7; 22.9;F;1;29;On;On;Off; 22.5; 22.2;0;1;1203;1;1203;1;1017;0;-
2026/04/22;10:54:41;98;-; 52.53; 0.0;-; 0.0; 0.0; 0.0;-;-;1939;-0.1; 0.0; 0.0;-7; 22.9;F;1;29;On;On;Off; 22.5; 22.2;0;1;1203;1;1203;1;1017;0;-
2026/04/22;10:55:41;98;-; 52.53; 0.0;-; 0.0; 0.0; 0.0;-;-;1939;-0.1; 0.0; 0.0;-7; 22.9;F;1;29;On;On;Off; 22.5; 22.2;0;1;1203;1;1203;1;1017;0;-
2026/04/22;10:56:41;98;-; 52.53; 0.0;-; 0.0; 0.0; 0.0;-;-;1939;-0.1; 0.0; 0.0;-7; 22.8;F;1;29;On;On;Off; 22.5; 22.2;0;1;1203;1;1203;1;1017;0;-
2026/04/22;10:57:41;98;-; 52.53; 0.0;-; 0.0; 0.0; 0.0;-;-;1939;-0.1; 0.0; 0.0;-7; 22.8;F;1;29;On;On;Off; 22.4; 22.2;0;1;1203;1;1203;1;1017;0;-
2026/04/22;10:58:41;98;-; 52.53; 0.0;-; 0.0; 0.0; 0.0;-;-;1939;-0.1; 0.0; 0.0;-6; 22.8;F;1;29;On;On;Off; 22.4; 22.2;0;1;1203;1;1203;1;1017;0;-
2026/04/22;10:59:41;98;-; 52.53; 0.0;-; 0.0; 0.0; 0.0;-;-;1939;-0.1; 0.0; 0.0;-6; 22.9;F;1;29;On;On;Off; 22.4; 22.2;0;1;1203;1;1203;1;1017;0;-
2026/04/22;11:00:41;98;-; 52.53; 0.0;-; 0.0; 0.0; 0.0;-;-;1939;-0.1; 0.0; 0.0;-7; 22.9;F;1;29;On;On;Off; 22.4; 22.2;0;1;1203;1;1203;1;1017;0;-
2026/04/22;11:01:41;98;-; 52.53; 0.0;-; 0.0; 0.0; 0.0;-;-;1939;-0.1; 0.0; 0.0;-6; 22.8;F;1;29;On;On;Off; 22.4; 22.1;0;1;1203;1;1203;1;1017;0;-
2026/04/22;11:02:41;98;-; 52.51; 0.0;-; 0.0; 0.0; 0.0;-;-;1939;-0.1; 0.0; 0.0;-6; 22.8;F;1;29;On;On;Off; 22.4; 22.1;0;1;1203;1;1203;1;1017;0;-
2026/04/22;11:03:41;98;-; 52.53; 0.0;-; 0.0; 0.0; 0.0;-;-;1939;-0.1; 0.0; 0.0;-6; 22.8;F;1;29;On;On;Off; 22.4; 22.2;0;1;1203;1;1203;1;1017;0;-
2026/04/22;11:04:41;98;-; 52.53; 0.0;-; 0.0; 0.0; 0.0;-;-;1939;-0.1; 0.0; 0.0;-6; 22.8;F;1;29;On;On;Off; 22.4; 22.2;0;1;1203;1;1203;1;1017;0;-
2026/04/22;11:05:41;98;-; 52.51; 0.0;-; 0.0; 0.0; 0.0;-;-;1939;-0.1; 0.0; 0.0;-6; 22.8;F;1;29;On;On;Off; 22.4; 22.2;0;1;1203;1;1203;1;1017;0;-
2026/04/22;11:06:41;98;-; 52.51; 0.0;-; 0.0; 0.0; 0.0;-;-;1939;-0.1; 0.0; 0.0;-6; 22.8;F;1;29;On;On;Off; 22.4; 22.2;0;1;1203;1;1203;1;1017;0;-
2026/04/22;11:07:40;98;-; 52.51; 0.0;-; 0.0; 0.0; 0.0;-;-;1940;-0.1; 0.0; 0.0;-6; 22.8;F;1;29;On;On;Off; 22.4; 22.1;0;1;1203;1;1203;1;1017;0;-
2026/04/22;11:08:40;98;-; 52.51; 0.0;-; 0.0; 0.0; 0.0;-;-;1940;-0.1; 0.0; 0.0;-6; 22.8;F;1;29;On;On;Off; 22.4; 22.1;0;1;1203;1;1203;1;1017;0;-
2026/04/22;11:09:40;98;-; 52.51; 0.0;-; 0.0; 0.0; 0.0;-;-;1940;-0.1; 0.0; 0.0;-6; 22.8;F;1;29;On;On;Off; 22.4; 22.1;0;1;1203;1;1203;1;1017;0;-
2026/04/22;11:10:40;98;-; 52.51; 0.0;-; 0.0; 0.0; 0.0;-;-;1940;-0.1; 0.0; 0.0;-6; 22.8;F;1;29;On;On;Off; 22.4; 22.1;0;1;1203;1;1203;1;1017;0;-
2026/04/22;11:11:40;98;-; 52.51; 0.0;-; 0.0; 0.0; 0.0;-;-;1940;-0.1; 0.0; 0.0;-6; 22.8;F;1;29;On;On;Off; 22.4; 22.1;0;1;1203;1;1203;1;1017;0;-
2026/04/22;11:12:40;98;-; 52.51; 0.0;-; 0.0; 0.0; 0.0;-;-;1940;-0.1; 0.0; 0.0;-6; 22.8;F;1;29;On;On;Off; 22.4; 22.1;0;1;1203;1;1203;1;1017;0;-
2026/04/22;11:13:40;98;-; 52.49; 0.0;-; 0.0; 0.0; 0.0;-;-;1940;-0.1; 0.0; 0.0;-6; 22.8;F;1;29;On;On;Off; 22.4; 22.1;0;1;1203;1;1203;1;1017;0;-
2026/04/22;11:14:40;98;-; 52.51; 0.0;-; 0.0; 0.0; 0.0;-;-;1940;-0.1; 0.0; 0.0;-6; 22.8;F;1;29;On;On;Off; 22.4; 22.1;0;1;1203;1;1203;1;1017;0;-
2026/04/22;11:15:40;98;-; 52.51; 0.0;-; 0.0; 0.0; 0.0;-;-;1940;-0.1; 0.0; 0.0;-6; 22.8;F;1;29;On;On;Off; 22.4; 22.1;0;1;1203;1;1203;1;1017;0;-
2026/04/22;11:16:40;98;-; 52.49; 0.0;-; 0.0; 0.0; 0.0;-;-;1940;-0.1; 0.0; 0.0;-6; 22.8;F;1;29;On;On;Off; 22.4; 22.1;0;1;1203;1;1203;1;1017;0;-
2026/04/22;11:17:40;98;-; 52.51; 0.0;-; 0.0; 0.0; 0.0;-;-;1940;-0.1; 0.0; 0.0;-6; 22.8;F;1;29;On;On;Off; 22.4; 22.1;0;1;1203;1;1203;1;1017;0;-
2026/04/22;11:18:40;98;-; 52.51; 0.0;-; 0.0; 0.0; 0.0;-;-;1940;-0.1; 0.0; 0.0;-6; 22.8;F;1;29;On;On;Off; 22.4; 22.2;0;1;1203;1;1203;1;1017;0;-
2026/04/22;11:19:40;98;-; 52.51; 0.0;-; 0.0; 0.0; 0.0;-;-;1940;-0.1; 0.0; 0.0;-6; 22.8;F;1;29;On;On;Off; 22.4; 22.2;0;1;1203;1;1203;1;1017;0;-
2026/04/22;11:20:40;98;-; 52.51; 0.0;-; 0.0; 0.0; 0.0;-;-;1940;-0.1; 0.0; 0.0;-6; 22.8;F;1;29;On;On;Off; 22.4; 22.1;0;1;1203;1;1203;1;1017;0;-
2026/04/22;11:21:40;98;-; 52.51; 0.0;-; 0.0; 0.0; 0.0;-;-;1940;-0.1; 0.0; 0.0;-7; 22.8;F;1;29;On;On;Off; 22.4; 22.2;0;1;1203;1;1203;1;1017;0;-
2026/04/22;11:22:39;98;-; 52.51; 0.0;-; 0.0; 0.0; 0.0;-;-;1940;-0.1; 0.0; 0.0;-7; 22.8;F;1;29;On;On;Off; 22.4; 22.2;0;1;1203;1;1203;1;1017;0;-
2026/04/22;11:23:39;98;-; 52.51; 0.0;-; 0.0; 0.0; 0.0;-;-;1940;-0.1; 0.0; 0.0;-6; 22.8;F;1;29;On;On;Off; 22.4; 22.1;0;1;1203;1;1203;1;1017;0;-
2026/04/22;11:24:39;98;-; 52.51; 0.0;-; 0.0; 0.0; 0.0;-;-;1940;-0.1; 0.0; 0.0;-6; 22.8;F;1;29;On;On;Off; 22.4; 22.2;0;1;1203;1;1203;1;1017;0;-
2026/04/22;11:25:39;98;-; 52.49; 0.0;-; 0.0; 0.0; 0.0;-;-;1940;-0.1; 0.0; 0.0;-7; 22.8;F;1;29;On;On;Off; 22.4; 22.2;0;1;1203;1;1203;1;1017;0;-
2026/04/22;11:26:39;98;-; 52.51; 0.0;-; 0.0; 0.0; 0.0;-;-;1940;-0.1; 0.0; 0.0;-7; 22.8;F;1;29;On;On;Off; 22.4; 22.1;0;1;1203;1;1203;1;1017;0;-
2026/04/22;11:27:39;98;-; 52.51; 0.0;-; 0.0; 0.0; 0.0;-;-;1940;-0.1; 0.0; 0.0;-6; 22.8;F;1;29;On;On;Off; 22.4; 22.1;0;1;1203;1;1203;1;1017;0;-
2026/04/22;11:28:39;98;-; 52.51; 0.0;-; 0.0; 0.0; 0.0;-;-;1940;-0.1; 0.0; 0.0;-7; 22.8;F;1;29;On;On;Off; 22.4; 22.2;0;1;1203;1;1203;1;1017;0;-
2026/04/22;11:29:39;98;-; 52.51; 0.0;-; 0.0; 0.0; 0.0;-;-;1940;-0.1; 0.0; 0.0;-6; 22.8;F;1;29;On;On;Off; 22.5; 22.1;0;1;1203;1;1203;1;1017;0;-
2026/04/22;11:30:39;98;-; 52.51; 0.0;-; 0.0; 0.0; 0.0;-;-;1940;-0.1; 0.0; 0.0;-6; 22.8;F;1;29;On;On;Off; 22.4; 22.2;0;1;1203;1;1203;1;1017;0;-
2026/04/22;11:31:39;98;-; 52.51; 0.0;-; 0.0; 0.0; 0.0;-;-;1940;-0.1; 0.0; 0.0;-7; 22.8;F;1;29;On;On;Off; 22.4; 22.2;0;1;1203;1;1203;1;1017;0;-
2026/04/22;11:32:39;98;-; 52.51; 0.0;-; 0.0; 0.0; 0.0;-;-;1940;-0.1; 0.0; 0.0;-6; 22.8;F;1;29;On;On;Off; 22.4; 22.2;0;1;1203;1;1203;1;1017;0;-
2026/04/22;11:33:39;98;-; 52.51; 0.0;-; 0.0; 0.0; 0.0;-;-;1940;-0.1; 0.0; 0.0;-7; 22.8;F;1;29;On;On;Off; 22.4; 22.2;0;1;1203;1;1203;1;1017;0;-
2026/04/22;11:34:39;98;-; 52.49; 0.0;-; 0.0; 0.0; 0.0;-;-;1940;-0.1; 0.0; 0.0;-6; 22.8;F;1;29;On;On;Off; 22.4; 22.2;0;1;1203;1;1203;1;1017;0;-
2026/04/22;11:35:39;98;-; 52.49; 0.0;-; 0.0; 0.0; 0.0;-;-;1940;-0.1; 0.0; 0.0;-7; 22.8;F;1;29;On;On;Off; 22.4; 22.2;0;1;1203;1;1203;1;1017;0;-
2026/04/22;11:36:39;98;-; 52.49; 0.0;-; 0.0; 0.0; 0.0;-;-;1940;-0.1; 0.0; 0.0;-7; 22.8;F;1;29;On;On;Off; 22.5; 22.2;0;1;1203;1;1203;1;1017;0;-
2026/04/22;11:37:39;98;-; 52.51; 0.0;-; 0.0; 0.0; 0.0;-;-;1940;-0.1; 0.0; 0.0;-6; 22.8;F;1;29;On;On;Off; 22.5; 22.2;0;1;1203;1;1203;1;1017;0;-
2026/04/22;11:38:38;98;-; 52.49; 0.0;-; 0.0; 0.0; 0.0;-;-;1940;-0.1; 0.0; 0.0;-6; 22.8;F;1;29;On;On;Off; 22.5; 22.2;0;1;1203;1;1203;1;1017;0;-
2026/04/22;11:39:38;98;-; 52.49; 0.0;-; 0.0; 0.0; 0.0;-;-;1940;-0.1; 0.0; 0.0;-6; 22.8;F;1;29;On;On;Off; 22.4; 22.2;0;1;1203;1;1203;1;1017;0;-
2026/04/22;11:40:38;98;-; 52.49; 0.0;-; 0.0; 0.0; 0.0;-;-;1940;-0.1; 0.0; 0.0;-6; 22.8;F;1;29;On;On;Off; 22.5; 22.1;0;1;1203;1;1203;1;1017;0;-
2026/04/22;11:41:38;98;-; 52.47; 0.0;-; 0.0; 0.0; 0.0;-;-;1940;-0.1; 0.0; 0.0;-6; 22.8;F;1;29;On;On;Off; 22.5; 22.2;0;1;1203;1;1203;1;1017;0;-
2026/04/22;11:42:38;98;-; 52.49; 0.0;-; 0.0; 0.0; 0.0;-;-;1940;-0.1; 0.0; 0.0;-6; 22.8;F;1;29;On;On;Off; 22.4; 22.2;0;1;1203;1;1203;1;1017;0;-
2026/04/22;11:43:38;98;-; 52.49; 0.0;-; 0.0; 0.0; 0.0;-;-;1940;-0.1; 0.0; 0.0;-6; 22.8;F;1;29;On;On;Off; 22.5; 22.1;0;1;1203;1;1203;1;1017;0;-
2026/04/22;11:44:38;98;-; 52.49; 0.0;-; 0.0; 0.0; 0.0;-;-;1940;-0.1; 0.0; 0.0;-6; 22.8;F;1;29;On;On;Off; 22.5; 22.1;0;1;1203;1;1203;1;1017;0;-
2026/04/22;11:45:38;98;-; 52.49; 0.0;-; 0.0; 0.0; 0.0;-;-;1940;-0.1; 0.0; 0.0;-6; 22.8;F;1;29;On;On;Off; 22.4; 22.2;0;1;1203;1;1203;1;1017;0;-
2026/04/22;11:46:38;98;-; 52.47; 0.0;-; 0.0; 0.0; 0.0;-;-;1940;-0.1; 0.0; 0.0;-6; 22.8;F;1;29;On;On;Off; 22.4; 22.2;0;1;1203;1;1203;1;1017;0;-
2026/04/22;11:47:38;98;-; 52.49; 0.0;-; 0.0; 0.0; 0.0;-;-;1940;-0.1; 0.0; 0.0;-6; 22.8;F;1;29;On;On;Off; 22.4; 22.2;0;1;1203;1;1203;1;1017;0;-
2026/04/22;11:48:38;98;-; 52.47; 0.0;-; 0.0; 0.0; 0.0;-;-;1940;-0.1; 0.0; 0.0;-6; 22.8;F;1;29;On;On;Off; 22.4; 22.2;0;1;1203;1;1203;1;1017;0;-
2026/04/22;11:49:38;98;-; 52.47; 0.0;-; 0.0; 0.0; 0.0;-;-;1940;-0.1; 0.0; 0.0;-7; 22.8;F;1;29;On;On;Off; 22.4; 22.1;0;1;1203;1;1203;1;1017;0;-
2026/04/22;11:50:38;98;-; 52.47; 0.0;-; 0.0; 0.0; 0.0;-;-;1940;-0.1; 0.0; 0.0;-7; 22.8;F;1;29;On;On;Off; 22.4; 22.2;0;1;1203;1;1203;1;1017;0;-
2026/04/22;11:51:38;98;-; 52.49; 0.0;-; 0.0; 0.0; 0.0;-;-;1940;-0.1; 0.0; 0.0;-7; 22.8;F;1;29;On;On;Off; 22.4; 22.2;0;1;1203;1;1203;1;1017;0;-
2026/04/22;11:52:38;98;-; 52.49; 0.0;-; 0.0; 0.0; 0.0;-;-;1940;-0.1; 0.0; 0.0;-7; 22.8;F;1;29;On;On;Off; 22.4; 22.2;0;1;1203;1;1203;1;1017;0;-
2026/04/22;11:53:38;98;-; 52.49; 0.0;-; 0.0; 0.0; 0.0;-;-;1940;-0.1; 0.0; 0.0;-7; 22.8;F;1;29;On;On;Off; 22.4; 22.2;0;1;1203;1;1203;1;1017;0;-
2026/04/22;11:54:37;98;-; 52.49; 0.0;-; 0.0; 0.0; 0.0;-;-;1940;-0.1; 0.0; 0.0;-7; 22.8;F;1;29;On;On;Off; 22.4; 22.2;0;1;1203;1;1203;1;1017;0;-
2026/04/22;11:55:37;98;-; 52.49; 0.0;-; 0.0; 0.0; 0.0;-;-;1940;-0.1; 0.0; 0.0;-7; 22.8;F;1;29;On;On;Off; 22.4; 22.2;0;1;1203;1;1203;1;1017;0;-
2026/04/22;11:56:37;98;-; 52.49; 0.0;-; 0.0; 0.0; 0.0;-;-;1940;-0.1; 0.0; 0.0;-6; 22.8;F;1;29;On;On;Off; 22.4; 22.1;0;1;1203;1;1203;1;1017;0;-
2026/04/22;11:57:37;98;-; 52.49; 0.0;-; 0.0; 0.0; 0.0;-;-;1940;-0.1; 0.0; 0.0;-6; 22.8;F;1;29;On;On;Off; 22.4; 22.1;0;1;1203;1;1203;1;1017;0;-
2026/04/22;11:58:37;98;-; 52.47; 0.0;-; 0.0; 0.0; 0.0;-;-;1940;-0.1; 0.0; 0.0;-6; 22.8;F;1;29;On;On;Off; 22.4; 22.2;0;1;1203;1;1203;1;1017;0;-
2026/04/22;11:59:37;98;-; 52.49; 0.0;-; 0.0; 0.0; 0.0;-;-;1940;-0.1; 0.0; 0.0;-6; 22.8;F;1;29;On;On;Off; 22.4; 22.1;0;1;1203;1;1203;1;1017;0;-
2026/04/22;12:00:37;97;-; 52.47; 0.0;-; 0.0; 0.0; 0.0;-;-;1940;-0.1; 0.0; 0.0;-6; 22.8;F;1;29;On;On;Off; 22.4; 22.2;0;1;1203;1;1203;1;1017;0;-
2026/04/22;12:01:37;97;-; 52.47; 0.0;-; 0.0; 0.0; 0.0;-;-;1940;-0.1; 0.0; 0.0;-6; 22.8;F;1;29;On;On;Off; 22.4; 22.1;0;1;1203;1;1203;1;1017;0;-
2026/04/22;12:02:37;97;-; 52.47; 0.0;-; 0.0; 0.0; 0.0;-;-;1940;-0.1; 0.0; 0.0;-6; 22.8;F;1;29;On;On;Off; 22.4; 22.1;0;1;1203;1;1203;1;1017;0;-
2026/04/22;12:03:37;97;-; 52.49; 0.0;-; 0.0; 0.0; 0.0;-;-;1940;-0.1; 0.0; 0.0;-6; 22.8;F;1;29;On;On;Off; 22.4; 22.1;0;1;1203;1;1203;1;1017;0;-
2026/04/22;12:04:37;97;-; 52.49; 0.0;-; 0.0; 0.0; 0.0;-;-;1940;-0.1; 0.0; 0.0;-6; 22.8;F;1;29;On;On;Off; 22.4; 22.1;0;1;1203;1;1203;1;1017;0;-
2026/04/22;12:05:37;97;-; 52.49; 0.0;-; 0.0; 0.0; 0.0;-;-;1940;-0.1; 0.0; 0.0;-7; 22.8;F;1;29;On;On;Off; 22.4; 22.1;0;1;1203;1;1203;1;1017;0;-
2026/04/22;12:06:37;97;-; 52.47; 0.0;-; 0.0; 0.0; 0.0;-;-;1940;-0.1; 0.0; 0.0;-7; 22.8;F;1;29;On;On;Off; 22.4; 22.1;0;1;1203;1;1203;1;1017;0;-
2026/04/22;12:07:37;97;-; 52.47; 0.0;-; 0.0; 0.0; 0.0;-;-;1941;-0.1; 0.0; 0.0;-7; 22.8;F;1;29;On;On;Off; 22.4; 22.1;0;1;1203;1;1203;1;1017;0;-
2026/04/22;12:08:37;97;-; 52.49; 0.0;-; 0.0; 0.0; 0.0;-;-;1941;-0.1; 0.0; 0.0;-6; 22.8;F;1;29;On;On;Off; 22.4; 22.1;0;1;1203;1;1203;1;1017;0;-
2026/04/22;12:09:37;97;-; 52.47; 0.0;-; 0.0; 0.0; 0.0;-;-;1941;-0.1; 0.0; 0.0;-7; 22.8;F;1;29;On;On;Off; 22.4; 22.1;0;1;1203;1;1203;1;1017;0;-
2026/04/22;12:10:36;97;-; 52.49; 0.0;-; 0.0; 0.0; 0.0;-;-;1941;-0.1; 0.0; 0.0;-7; 22.8;F;1;29;On;On;Off; 22.4; 22.1;0;1;1203;1;1203;1;1017;0;-
2026/04/22;12:11:36;97;-; 52.47; 0.0;-; 0.0; 0.0; 0.0;-;-;1941;-0.1; 0.0; 0.0;-6; 22.8;F;1;29;On;On;Off; 22.4; 22.1;0;1;1203;1;1203;1;1017;0;-
2026/04/22;12:12:36;97;-; 52.47; 0.0;-; 0.0; 0.0; 0.0;-;-;1941;-0.1; 0.0; 0.0;-6; 22.8;F;1;29;On;On;Off; 22.4; 22.1;0;1;1203;1;1203;1;1017;0;-
2026/04/22;12:13:36;97;-; 52.49; 0.0;-; 0.0; 0.0; 0.0;-;-;1941;-0.1; 0.0; 0.0;-6; 22.8;F;1;29;On;On;Off; 22.4; 22.1;0;1;1203;1;1203;1;1017;0;-
2026/04/22;12:14:36;97;-; 52.47; 0.0;-; 0.0; 0.0; 0.0;-;-;1941;-0.1; 0.0; 0.0;-7; 22.8;F;1;29;On;On;Off; 22.4; 22.1;0;1;1203;1;1203;1;1017;0;-
2026/04/22;12:15:36;97;-; 52.49; 0.0;-; 0.0; 0.0; 0.0;-;-;1941;-0.1; 0.0; 0.0;-7; 22.8;F;1;29;On;On;Off; 22.4; 22.1;0;1;1203;1;1203;1;1017;0;-
2026/04/22;12:16:36;97;-; 52.49; 0.0;-; 0.0; 0.0; 0.0;-;-;1941;-0.1; 0.0; 0.0;-7; 22.8;F;1;29;On;On;Off; 22.4; 22.1;0;1;1203;1;1203;1;1017;0;-
2026/04/22;12:17:36;97;-; 52.47; 0.0;-; 0.0; 0.0; 0.0;-;-;1941;-0.1; 0.0; 0.0;-6; 22.8;F;1;29;On;On;Off; 22.4; 22.1;0;1;1203;1;1203;1;1017;0;-
2026/04/22;12:18:36;97;-; 52.47; 0.0;-; 0.0; 0.0; 0.0;-;-;1941;-0.1; 0.0; 0.0;-6; 22.8;F;1;29;On;On;Off; 22.4; 22.1;0;1;1203;1;1203;1;1017;0;-
2026/04/22;12:19:36;97;-; 52.49; 0.0;-; 0.0; 0.0; 0.0;-;-;1941;-0.1; 0.0; 0.0;-6; 22.8;F;1;29;On;On;Off; 22.4; 22.1;0;1;1203;1;1203;1;1017;0;-
2026/04/22;12:20:36;97;-; 52.49; 0.0;-; 0.0; 0.0; 0.0;-;-;1941;-0.1; 0.0; 0.0;-6; 22.8;F;1;29;On;On;Off; 22.4; 22.1;0;1;1203;1;1203;1;1017;0;-
2026/04/22;12:21:36;97;-; 52.49; 0.0;-; 0.0; 0.0; 0.0;-;-;1941;-0.1; 0.0; 0.0;-6; 22.7;F;1;29;On;On;Off; 22.4; 22.1;0;1;1203;1;1203;1;1017;0;-
2026/04/22;12:22:36;97;-; 52.47; 0.0;-; 0.0; 0.0; 0.0;-;-;1941;-0.1; 0.0; 0.0;-6; 22.7;F;1;29;On;On;Off; 22.4; 22.1;0;1;1203;1;1203;1;1017;0;-
2026/04/22;12:23:36;97;-; 52.49; 0.0;-; 0.0; 0.0; 0.0;-;-;1941;-0.1; 0.0; 0.0;-6; 22.7;F;1;29;On;On;Off; 22.4; 22.1;0;1;1203;1;1203;1;1017;0;-
2026/04/22;12:24:36;97;-; 52.49; 0.0;-; 0.0; 0.0; 0.0;-;-;1941;-0.1; 0.0; 0.0;-6; 22.7;F;1;29;On;On;Off; 22.4; 22.1;0;1;1203;1;1203;1;1017;0;-
2026/04/22;12:25:35;97;-; 52.49; 0.0;-; 0.0; 0.0; 0.0;-;-;1941;-0.1; 0.0; 0.0;-6; 22.7;F;1;29;On;On;Off; 22.4; 22.1;0;1;1203;1;1203;1;1017;0;-
2026/04/22;12:26:35;97;-; 52.49; 0.0;-; 0.0; 0.0; 0.0;-;-;1941;-0.1; 0.0; 0.0;-7; 22.7;F;1;29;On;On;Off; 22.4; 22.1;0;1;1203;1;1203;1;1017;0;-
2026/04/22;12:27:35;97;-; 52.47; 0.0;-; 0.0; 0.0; 0.0;-;-;1941;-0.1; 0.0; 0.0;-6; 22.7;F;1;29;On;On;Off; 22.4; 22.1;0;1;1203;1;1203;1;1017;0;-
2026/04/22;12:28:35;97;-; 52.47; 0.0;-; 0.0; 0.0; 0.0;-;-;1941;-0.1; 0.0; 0.0;-6; 22.7;F;1;29;On;On;Off; 22.4; 22.1;0;1;1203;1;1203;1;1017;0;-
2026/04/22;12:29:35;97;-; 52.47; 0.0;-; 0.0; 0.0; 0.0;-;-;1941;-0.1; 0.0; 0.0;-6; 22.7;F;1;29;On;On;Off; 22.4; 22.1;0;1;1203;1;1203;1;1017;0;-
2026/04/22;12:30:35;97;-; 52.47; 0.0;-; 0.0; 0.0; 0.0;-;-;1941;-0.1; 0.0; 0.0;-6; 22.7;F;1;29;On;On;Off; 22.4; 22.1;0;1;1203;1;1203;1;1017;0;-
2026/04/22;12:31:35;97;-; 52.47; 0.0;-; 0.0; 0.0; 0.0;-;-;1941;-0.1; 0.0; 0.0;-6; 22.7;F;1;29;On;On;Off; 22.4; 22.1;0;1;1203;1;1203;1;1017;0;-
2026/04/22;12:32:35;97;-; 52.47; 0.0;-; 0.0; 0.0; 0.0;-;-;1941;-0.1; 0.0; 0.0;-6; 22.7;F;1;29;On;On;Off; 22.4; 22.1;0;1;1203;1;1203;1;1017;0;-
2026/04/22;12:33:35;97;-; 52.47; 0.0;-; 0.0; 0.0; 0.0;-;-;1941;-0.1; 0.0; 0.0;-7; 22.7;F;1;29;On;On;Off; 22.4; 22.1;0;1;1203;1;1203;1;1017;0;-
2026/04/22;12:34:35;97;-; 52.47; 0.0;-; 0.0; 0.0; 0.0;-;-;1941;-0.1; 0.0; 0.0;-6; 22.7;F;1;29;On;On;Off; 22.4; 22.1;0;1;1203;1;1203;1;1017;0;-
2026/04/22;12:35:35;97;-; 52.47; 0.0;-; 0.0; 0.0; 0.0;-;-;1941;-0.1; 0.0; 0.0;-6; 22.7;F;1;29;On;On;Off; 22.4; 22.1;0;1;1203;1;1203;1;1017;0;-
2026/04/22;12:36:35;97;-; 52.47; 0.0;-; 0.0; 0.0; 0.0;-;-;1941;-0.1; 0.0; 0.0;-6; 22.7;F;1;29;On;On;Off; 22.4; 22.1;0;1;1203;1;1203;1;1017;0;-
2026/04/22;12:37:35;97;-; 52.45; 0.0;-; 0.0; 0.0; 0.0;-;-;1941;-0.1; 0.0; 0.0;-6; 22.7;F;1;29;On;On;Off; 22.4; 22.1;0;1;1203;1;1203;1;1017;0;-
2026/04/22;12:38:35;97;-; 52.45; 0.0;-; 0.0; 0.0; 0.0;-;-;1941;-0.1; 0.0; 0.0;-6; 22.7;F;1;29;On;On;Off; 22.4; 22.1;0;1;1203;1;1203;1;1017;0;-
2026/04/22;12:39:35;97;-; 52.47; 0.0;-; 0.0; 0.0; 0.0;-;-;1941;-0.1; 0.0; 0.0;-6; 22.7;F;1;29;On;On;Off; 22.4; 22.1;0;1;1203;1;1203;1;1017;0;-
2026/04/22;12:40:35;97;-; 52.47; 0.0;-; 0.0; 0.0; 0.0;-;-;1941;-0.1; 0.0; 0.0;-6; 22.7;F;1;29;On;On;Off; 22.4; 22.1;0;1;1203;1;1203;1;1017;0;-
2026/04/22;12:41:34;97;-; 52.47; 0.0;-; 0.0; 0.0; 0.0;-;-;1941;-0.1; 0.0; 0.0;-6; 22.7;F;1;29;On;On;Off; 22.4; 22.1;0;1;1203;1;1203;1;1017;0;-
2026/04/22;12:42:34;97;-; 52.45; 0.0;-; 0.0; 0.0; 0.0;-;-;1941;-0.1; 0.0; 0.0;-6; 22.7;F;1;29;On;On;Off; 22.4; 22.1;0;1;1203;1;1203;1;1017;0;-
2026/04/22;12:43:34;97;-; 52.47; 0.0;-; 0.0; 0.0; 0.0;-;-;1941;-0.1; 0.0; 0.0;-6; 22.7;F;1;29;On;On;Off; 22.4; 22.1;0;1;1203;1;1203;1;1017;0;-
2026/04/22;12:44:34;97;-; 52.47; 0.0;-; 0.0; 0.0; 0.0;-;-;1941;-0.1; 0.0; 0.0;-6; 22.7;F;1;29;On;On;Off; 22.4; 22.1;0;1;1203;1;1203;1;1017;0;-
2026/04/22;12:45:34;97;-; 52.47; 0.0;-; 0.0; 0.0; 0.0;-;-;1941;-0.1; 0.0; 0.0;-5; 22.7;F;1;29;On;On;Off; 22.4; 22.1;0;1;1203;1;1203;1;1017;0;-
2026/04/22;12:46:34;97;-; 52.47; 0.0;-; 0.0; 0.0; 0.0;-;-;1941;-0.1; 0.0; 0.0;-6; 22.7;F;1;29;On;On;Off; 22.4; 22.1;0;1;1203;1;1203;1;1017;0;-
2026/04/22;12:47:34;97;-; 52.45; 0.0;-; 0.0; 0.0; 0.0;-;-;1941;-0.1; 0.0; 0.0;-6; 22.7;F;1;29;On;On;Off; 22.4; 22.1;0;1;1203;1;1203;1;1017;0;-
2026/04/22;12:48:34;97;-; 52.47; 0.0;-; 0.0; 0.0; 0.0;-;-;1941;-0.1; 0.0; 0.0;-6; 22.7;F;1;29;On;On;Off; 22.4; 22.1;0;1;1203;1;1203;1;1017;0;-
2026/04/22;12:49:34;97;-; 52.47; 0.0;-; 0.0; 0.0; 0.0;-;-;1941;-0.1; 0.0; 0.0;-7; 22.7;F;1;29;On;On;Off; 22.4; 22.1;0;1;1203;1;1203;1;1017;0;-
2026/04/22;12:50:34;97;-; 52.47; 0.0;-; 0.0; 0.0; 0.0;-;-;1941;-0.1; 0.0; 0.0;-6; 22.7;F;1;29;On;On;Off; 22.4; 22.1;0;1;1203;1;1203;1;1017;0;-
2026/04/22;12:51:34;97;-; 52.47; 0.0;-; 0.0; 0.0; 0.0;-;-;1941;-0.1; 0.0; 0.0;-6; 22.7;F;1;29;On;On;Off; 22.4; 22.1;0;1;1203;1;1203;1;1017;0;-
2026/04/22;12:52:34;97;-; 52.47; 0.0;-; 0.0; 0.0; 0.0;-;-;1941;-0.1; 0.0; 0.0;-6; 22.7;F;1;29;On;On;Off; 22.4; 22.1;0;1;1203;1;1203;1;1017;0;-
2026/04/22;12:53:34;97;-; 52.47; 0.0;-; 0.0; 0.0; 0.0;-;-;1941;-0.1; 0.0; 0.0;-7; 22.7;F;1;29;On;On;Off; 22.4; 22.1;0;1;1203;1;1203;1;1017;0;-
2026/04/22;12:54:34;97;-; 52.47; 0.0;-; 0.0; 0.0; 0.0;-;-;1941;-0.1; 0.0; 0.0;-6; 22.7;F;1;29;On;On;Off; 22.4; 22.1;0;1;1203;1;1203;1;1017;0;-
2026/04/22;12:55:34;97;-; 52.47; 0.0;-; 0.0; 0.0; 0.0;-;-;1941;-0.1; 0.0; 0.0;-6; 22.7;F;1;29;On;On;Off; 22.4; 22.1;0;1;1203;1;1203;1;1017;0;-
2026/04/22;12:56:34;97;-; 52.47; 0.0;-; 0.0; 0.0; 0.0;-;-;1941;-0.1; 0.0; 0.0;-7; 22.7;F;1;29;On;On;Off; 22.4; 22.1;0;1;1203;1;1203;1;1017;0;-
2026/04/22;12:57:33;97;-; 52.45; 0.0;-; 0.0; 0.0; 0.0;-;-;1941;-0.1; 0.0; 0.0;-7; 22.7;F;1;29;On;On;Off; 22.4; 22.1;0;1;1203;1;1203;1;1017;0;-
2026/04/22;12:58:33;97;-; 52.47; 0.0;-; 0.0; 0.0; 0.0;-;-;1941;-0.1; 0.0; 0.0;-6; 22.7;F;1;29;On;On;Off; 22.4; 22.1;0;1;1203;1;1203;1;1017;0;-
2026/04/22;12:59:33;97;-; 52.47; 0.0;-; 0.0; 0.0; 0.0;-;-;1941;-0.1; 0.0; 0.0;-6; 22.7;F;1;29;On;On;Off; 22.3; 22.1;0;1;1203;1;1203;1;1017;0;-
2026/04/22;13:00:33;97;-; 52.47; 0.0;-; 0.0; 0.0; 0.0;-;-;1941;-0.1; 0.0; 0.0;-6; 22.7;F;1;29;On;On;Off; 22.4; 22.1;0;1;1203;1;1203;1;1017;0;-
2026/04/22;13:01:33;97;-; 52.47; 0.0;-; 0.0; 0.0; 0.0;-;-;1941;-0.1; 0.0; 0.0;-6; 22.7;F;1;29;On;On;Off; 22.3; 22.1;0;1;1203;1;1203;1;1017;0;-
2026/04/22;13:02:33;97;-; 52.45; 0.0;-; 0.0; 0.0; 0.0;-;-;1941;-0.1; 0.0; 0.0;-6; 22.7;F;1;29;On;On;Off; 22.4; 22.1;0;1;1203;1;1203;1;1017;0;-
2026/04/22;13:03:33;97;-; 52.45; 0.0;-; 0.0; 0.0; 0.0;-;-;1941;-0.1; 0.0; 0.0;-6; 22.7;F;1;29;On;On;Off; 22.3; 22.1;0;1;1203;1;1203;1;1017;0;-
2026/04/22;13:04:33;97;-; 52.47; 0.0;-; 0.0; 0.0; 0.0;-;-;1941;-0.1; 0.0; 0.0;-6; 22.7;F;1;29;On;On;Off; 22.4; 22.1;0;1;1203;1;1203;1;1017;0;-
2026/04/22;13:05:33;97;-; 52.47; 0.0;-; 0.0; 0.0; 0.0;-;-;1941;-0.1; 0.0; 0.0;-6; 22.7;F;1;29;On;On;Off; 22.3; 22.1;0;1;1203;1;1203;1;1017;0;-
2026/04/22;13:06:33;97;-; 52.45; 0.0;-; 0.0; 0.0; 0.0;-;-;1941;-0.1; 0.0; 0.0;-6; 22.7;F;1;29;On;On;Off; 22.4; 22.1;0;1;1203;1;1203;1;1017;0;-
2026/04/22;13:07:33;97;-; 52.47; 0.0;-; 0.0; 0.0; 0.0;-;-;1942;-0.1; 0.0; 0.0;-6; 22.7;F;1;29;On;On;Off; 22.3; 22.1;0;1;1203;1;1203;1;1017;0;-
2026/04/22;13:08:33;97;-; 52.45; 0.0;-; 0.0; 0.0; 0.0;-;-;1942;-0.1; 0.0; 0.0;-6; 22.7;F;1;29;On;On;Off; 22.3; 22.1;0;1;1203;1;1203;1;1017;0;-
2026/04/22;13:09:33;97;-; 52.45; 0.0;-; 0.0; 0.0; 0.0;-;-;1942;-0.1; 0.0; 0.0;-5; 22.7;F;1;29;On;On;Off; 22.3; 22.1;0;1;1203;1;1203;1;1017;0;-
2026/04/22;13:10:33;97;-; 52.45; 0.0;-; 0.0; 0.0; 0.0;-;-;1942;-0.1; 0.0; 0.0;-6; 22.7;F;1;29;On;On;Off; 22.3; 22.1;0;1;1203;1;1203;1;1017;0;-
2026/04/22;13:11:33;97;-; 52.47; 0.0;-; 0.0; 0.0; 0.0;-;-;1942;-0.1; 0.0; 0.0;-6; 22.6;F;1;29;On;On;Off; 22.3; 22.1;0;1;1203;1;1203;1;1017;0;-
2026/04/22;13:12:33;97;-; 52.47; 0.0;-; 0.0; 0.0; 0.0;-;-;1942;-0.1; 0.0; 0.0;-6; 22.7;F;1;29;On;On;Off; 22.3; 22.1;0;1;1203;1;1203;1;1017;0;-
2026/04/22;13:13:32;97;-; 52.47; 0.0;-; 0.0; 0.0; 0.0;-;-;1942;-0.1; 0.0; 0.0;-6; 22.6;F;1;29;On;On;Off; 22.3; 22.1;0;1;1203;1;1203;1;1017;0;-
2026/04/22;13:14:32;97;-; 52.47; 0.0;-; 0.0; 0.0; 0.0;-;-;1942;-0.1; 0.0; 0.0;-7; 22.6;F;1;29;On;On;Off; 22.3; 22.1;0;1;1203;1;1203;1;1017;0;-
2026/04/22;13:15:32;97;-; 52.45; 0.0;-; 0.0; 0.0; 0.0;-;-;1942;-0.1; 0.0; 0.0;-7; 22.7;F;1;29;On;On;Off; 22.3; 22.1;0;1;1203;1;1203;1;1017;0;-
2026/04/22;13:16:32;97;-; 52.47; 0.0;-; 0.0; 0.0; 0.0;-;-;1942;-0.1; 0.0; 0.0;-7; 22.7;F;1;29;On;On;Off; 22.3; 22.1;0;1;1203;1;1203;1;1017;0;-
2026/04/22;13:17:32;97;-; 52.47; 0.0;-; 0.0; 0.0; 0.0;-;-;1942;-0.1; 0.0; 0.0;-6; 22.7;F;1;29;On;On;Off; 22.3; 22.1;0;1;1203;1;1203;1;1017;0;-
2026/04/22;13:18:32;97;-; 52.47; 0.0;-; 0.0; 0.0; 0.0;-;-;1942;-0.1; 0.0; 0.0;-6; 22.6;F;1;29;On;On;Off; 22.3; 22.1;0;1;1203;1;1203;1;1017;0;-
2026/04/22;13:19:32;97;-; 52.47; 0.0;-; 0.0; 0.0; 0.0;-;-;1942;-0.1; 0.0; 0.0;-6; 22.6;F;1;29;On;On;Off; 22.3; 22.1;0;1;1203;1;1203;1;1017;0;-
2026/04/22;13:20:32;97;-; 52.47; 0.0;-; 0.0; 0.0; 0.0;-;-;1942;-0.1; 0.0; 0.0;-6; 22.6;F;1;29;On;On;Off; 22.3; 22.1;0;1;1203;1;1203;1;1017;0;-
2026/04/22;13:21:32;97;-; 52.47; 0.0;-; 0.0; 0.0; 0.0;-;-;1942;-0.1; 0.0; 0.0;-6; 22.6;F;1;29;On;On;Off; 22.3; 22.1;0;1;1203;1;1203;1;1017;0;-
2026/04/22;13:22:32;97;-; 52.45; 0.0;-; 0.0; 0.0; 0.0;-;-;1942;-0.1; 0.0; 0.0;-6; 22.6;F;1;29;On;On;Off; 22.3; 22.1;0;1;1203;1;1203;1;1017;0;-
2026/04/22;13:23:32;97;-; 52.47; 0.0;-; 0.0; 0.0; 0.0;-;-;1942;-0.1; 0.0; 0.0;-6; 22.6;F;1;29;On;On;Off; 22.3; 22.1;0;1;1203;1;1203;1;1017;0;-
2026/04/22;13:24:32;97;-; 52.45; 0.0;-; 0.0; 0.0; 0.0;-;-;1942;-0.1; 0.0; 0.0;-6; 22.6;F;1;29;On;On;Off; 22.3; 22.1;0;1;1203;1;1203;1;1017;0;-
2026/04/22;13:25:32;97;-; 52.47; 0.0;-; 0.0; 0.0; 0.0;-;-;1942;-0.1; 0.0; 0.0;-7; 22.6;F;1;29;On;On;Off; 22.3; 22.1;0;1;1203;1;1203;1;1017;0;-
2026/04/22;13:26:32;97;-; 52.45; 0.0;-; 0.0; 0.0; 0.0;-;-;1942;-0.1; 0.0; 0.0;-6; 22.6;F;1;29;On;On;Off; 22.3; 22.0;0;1;1203;1;1203;1;1017;0;-
2026/04/22;13:27:32;97;-; 52.47; 0.0;-; 0.0; 0.0; 0.0;-;-;1942;-0.1; 0.0; 0.0;-7; 22.6;F;1;29;On;On;Off; 22.3; 22.0;0;1;1203;1;1203;1;1017;0;-
2026/04/22;13:28:31;97;-; 52.47; 0.0;-; 0.0; 0.0; 0.0;-;-;1942;-0.1; 0.0; 0.0;-6; 22.6;F;1;29;On;On;Off; 22.3; 22.1;0;1;1203;1;1203;1;1017;0;-
2026/04/22;13:29:31;97;-; 52.45; 0.0;-; 0.0; 0.0; 0.0;-;-;1942;-0.1; 0.0; 0.0;-6; 22.6;F;1;29;On;On;Off; 22.3; 22.1;0;1;1203;1;1203;1;1017;0;-
2026/04/22;13:30:31;97;-; 52.47; 0.0;-; 0.0; 0.0; 0.0;-;-;1942;-0.1; 0.0; 0.0;-7; 22.6;F;1;29;On;On;Off; 22.3; 22.1;0;1;1203;1;1203;1;1017;0;-
2026/04/22;13:31:31;97;-; 52.47; 0.0;-; 0.0; 0.0; 0.0;-;-;1942;-0.1; 0.0; 0.0;-7; 22.6;F;1;29;On;On;Off; 22.3; 22.1;0;1;1203;1;1203;1;1017;0;-
2026/04/22;13:32:31;97;-; 52.47; 0.0;-; 0.0; 0.0; 0.0;-;-;1942;-0.2; 0.0; 0.0;-7; 22.6;F;1;29;On;On;Off; 22.3; 22.1;0;1;1203;1;1203;1;1017;0;-
2026/04/22;13:33:31;97;-; 52.45; 0.0;-; 0.0; 0.0; 0.0;-;-;1942;-0.1; 0.0; 0.0;-7; 22.6;F;1;29;On;On;Off; 22.3; 22.1;0;1;1203;1;1203;1;1017;0;-
2026/04/22;13:34:31;97;-; 52.47; 0.0;-; 0.0; 0.0; 0.0;-;-;1942;-0.1; 0.0; 0.0;-7; 22.6;F;1;29;On;On;Off; 22.3; 22.1;0;1;1203;1;1203;1;1017;0;-
2026/04/22;13:35:31;97;-; 52.45; 0.0;-; 0.0; 0.0; 0.0;-;-;1942;-0.1; 0.0; 0.0;-7; 22.6;F;1;29;On;On;Off; 22.3; 22.1;0;1;1203;1;1203;1;1017;0;-
2026/04/22;13:36:31;97;-; 52.45; 0.0;-; 0.0; 0.0; 0.0;-;-;1942;-0.2; 0.0; 0.0;-7; 22.6;F;1;29;On;On;Off; 22.3; 22.1;0;1;1203;1;1203;1;1017;0;-
2026/04/22;13:37:31;97;-; 52.45; 0.0;-; 0.0; 0.0; 0.0;-;-;1942;-0.1; 0.0; 0.0;-7; 22.6;F;1;29;On;On;Off; 22.3; 22.1;0;1;1203;1;1203;1;1017;0;-
2026/04/22;13:38:31;97;-; 52.45; 0.0;-; 0.0; 0.0; 0.0;-;-;1942;-0.1; 0.0; 0.0;-7; 22.6;F;1;29;On;On;Off; 22.3; 22.1;0;1;1203;1;1203;1;1017;0;-
2026/04/22;13:39:31;97;-; 52.45; 0.0;-; 0.0; 0.0; 0.0;-;-;1942;-0.1; 0.0; 0.0;-7; 22.6;F;1;29;On;On;Off; 22.4; 22.1;0;1;1203;1;1203;1;1017;0;-
2026/04/22;13:40:31;97;-; 52.45; 0.0;-; 0.0; 0.0; 0.0;-;-;1942;-0.1; 0.0; 0.0;-7; 22.6;F;1;29;On;On;Off; 22.3; 22.1;0;1;1203;1;1203;1;1017;0;-
2026/04/22;13:41:31;97;-; 52.45; 0.0;-; 0.0; 0.0; 0.0;-;-;1942;-0.1; 0.0; 0.0;-7; 22.6;F;1;29;On;On;Off; 22.3; 22.1;0;1;1203;1;1203;1;1017;0;-
2026/04/22;13:42:31;97;-; 52.45; 0.0;-; 0.0; 0.0; 0.0;-;-;1942;-0.1; 0.0; 0.0;-7; 22.6;F;1;29;On;On;Off; 22.4; 22.1;0;1;1203;1;1203;1;1017;0;-
2026/04/22;13:43:31;97;-; 52.45; 0.0;-; 0.0; 0.0; 0.0;-;-;1942;-0.1; 0.0; 0.0;-7; 22.6;F;1;29;On;On;Off; 22.4; 22.1;0;1;1203;1;1203;1;1017;0;-
2026/04/22;13:44:30;97;-; 52.45; 0.0;-; 0.0; 0.0; 0.0;-;-;1942;-0.1; 0.0; 0.0;-6; 22.6;F;1;29;On;On;Off; 22.4; 22.1;0;1;1203;1;1203;1;1017;0;-
2026/04/22;13:45:30;97;-; 52.45; 0.0;-; 0.0; 0.0; 0.0;-;-;1942;-0.1; 0.0; 0.0;-7; 22.6;F;1;29;On;On;Off; 22.4; 22.1;0;1;1203;1;1203;1;1017;0;-
2026/04/22;13:46:30;97;-; 52.45; 0.0;-; 0.0; 0.0; 0.0;-;-;1942;-0.1; 0.0; 0.0;-7; 22.6;F;1;29;On;On;Off; 22.4; 22.1;0;1;1203;1;1203;1;1017;0;-
2026/04/22;13:47:30;97;-; 52.45; 0.0;-; 0.0; 0.0; 0.0;-;-;1942;-0.1; 0.0; 0.0;-7; 22.6;F;1;29;On;On;Off; 22.4; 22.1;0;1;1203;1;1203;1;1017;0;-
2026/04/22;13:48:30;96;-; 52.45; 0.0;-; 0.0; 0.0; 0.0;-;-;1942;-0.1; 0.0; 0.0;-7; 22.6;F;1;29;On;On;Off; 22.4; 22.1;0;1;1203;1;1203;1;1017;0;-
2026/04/22;13:49:30;96;-; 52.43; 0.0;-; 0.0; 0.0; 0.0;-;-;1942;-0.1; 0.0; 0.0;-7; 22.6;F;1;29;On;On;Off; 22.4; 22.1;0;1;1203;1;1203;1;1017;0;-
2026/04/22;13:50:30;96;-; 52.45; 0.0;-; 0.0; 0.0; 0.0;-;-;1942;-0.1; 0.0; 0.0;-7; 22.6;F;1;29;On;On;Off; 22.4; 22.1;0;1;1203;1;1203;1;1017;0;-
2026/04/22;13:51:30;96;-; 52.45; 0.0;-; 0.0; 0.0; 0.0;-;-;1942;-0.1; 0.0; 0.0;-7; 22.6;F;1;29;On;On;Off; 22.4; 22.1;0;1;1203;1;1203;1;1017;0;-
2026/04/22;13:52:30;96;-; 52.45; 0.0;-; 0.0; 0.0; 0.0;-;-;1942;-0.1; 0.0; 0.0;-7; 22.6;F;1;29;On;On;Off; 22.4; 22.1;0;1;1203;1;1203;1;1017;0;-
2026/04/22;13:53:30;96;-; 52.45; 0.0;-; 0.0; 0.0; 0.0;-;-;1942;-0.1; 0.0; 0.0;-7; 22.6;F;1;29;On;On;Off; 22.4; 22.1;0;1;1203;1;1203;1;1017;0;-
2026/04/22;13:54:30;96;-; 52.45; 0.0;-; 0.0; 0.0; 0.0;-;-;1942;-0.1; 0.0; 0.0;-7; 22.6;F;1;29;On;On;Off; 22.4; 22.1;0;1;1203;1;1203;1;1017;0;-
2026/04/22;13:55:30;96;-; 52.45; 0.0;-; 0.0; 0.0; 0.0;-;-;1942;-0.1; 0.0; 0.0;-7; 22.6;F;1;29;On;On;Off; 22.4; 22.1;0;1;1203;1;1203;1;1017;0;-
2026/04/22;13:56:30;96;-; 52.45; 0.0;-; 0.0; 0.0; 0.0;-;-;1942;-0.1; 0.0; 0.0;-6; 22.6;F;1;29;On;On;Off; 22.4; 22.1;0;1;1203;1;1203;1;1017;0;-
2026/04/22;13:57:30;96;-; 52.45; 0.0;-; 0.0; 0.0; 0.0;-;-;1942;-0.1; 0.0; 0.0;-7; 22.7;F;1;29;On;On;Off; 22.4; 22.1;0;1;1203;1;1203;1;1017;0;-
2026/04/22;13:58:30;96;-; 52.45; 0.0;-; 0.0; 0.0; 0.0;-;-;1942;-0.1; 0.0; 0.0;-7; 22.6;F;1;29;On;On;Off; 22.4; 22.1;0;1;1203;1;1203;1;1017;0;-
2026/04/22;13:59:30;96;-; 52.45; 0.0;-; 0.0; 0.0; 0.0;-;-;1942;-0.1; 0.0; 0.0;-7; 22.6;F;1;29;On;On;Off; 22.4; 22.1;0;1;1203;1;1203;1;1017;0;-
2026/04/22;14:00:29;96;-; 52.45; 0.0;-; 0.0; 0.0; 0.0;-;-;1942;-0.1; 0.0; 0.0;-7; 22.6;F;1;29;On;On;Off; 22.4; 22.1;0;1;1203;1;1203;1;1017;0;-
2026/04/22;14:01:29;96;-; 52.43; 0.0;-; 0.0; 0.0; 0.0;-;-;1942;-0.1; 0.0; 0.0;-6; 22.6;F;1;29;On;On;Off; 22.4; 22.1;0;1;1203;1;1203;1;1017;0;-
2026/04/22;14:02:29;96;-; 52.43; 0.0;-; 0.0; 0.0; 0.0;-;-;1942;-0.1; 0.0; 0.0;-6; 22.6;F;1;29;On;On;Off; 22.4; 22.1;0;1;1203;1;1203;1;1017;0;-
2026/04/22;14:03:29;96;-; 52.45; 0.0;-; 0.0; 0.0; 0.0;-;-;1942;-0.1; 0.0; 0.0;-6; 22.6;F;1;29;On;On;Off; 22.4; 22.1;0;1;1203;1;1203;1;1017;0;-
2026/04/22;14:04:29;96;-; 52.45; 0.0;-; 0.0; 0.0; 0.0;-;-;1942;-0.1; 0.0; 0.0;-7; 22.6;F;1;29;On;On;Off; 22.4; 22.1;0;1;1203;1;1203;1;1017;0;-
2026/04/22;14:05:29;96;-; 52.43; 0.0;-; 0.0; 0.0; 0.0;-;-;1942;-0.1; 0.0; 0.0;-7; 22.6;F;1;29;On;On;Off; 22.4; 22.1;0;1;1203;1;1203;1;1017;0;-
2026/04/22;14:06:29;96;-; 52.45; 0.0;-; 0.0; 0.0; 0.0;-;-;1942;-0.1; 0.0; 0.0;-6; 22.6;F;1;29;On;On;Off; 22.4; 22.1;0;1;1203;1;1203;1;1017;0;-
2026/04/22;14:07:29;96;-; 52.43; 0.0;-; 0.0; 0.0; 0.0;-;-;1943;-0.1; 0.0; 0.0;-7; 22.6;F;1;29;On;On;Off; 22.4; 22.1;0;1;1203;1;1203;1;1017;0;-
2026/04/22;14:08:29;96;-; 52.45; 0.0;-; 0.0; 0.0; 0.0;-;-;1943;-0.1; 0.0; 0.0;-7; 22.6;F;1;29;On;On;Off; 22.4; 22.1;0;1;1203;1;1203;1;1017;0;-
2026/04/22;14:09:29;96;-; 52.45; 0.0;-; 0.0; 0.0; 0.0;-;-;1943;-0.1; 0.0; 0.0;-7; 22.6;F;1;29;On;On;Off; 22.4; 22.1;0;1;1203;1;1203;1;1017;0;-
2026/04/22;14:10:29;96;-; 52.45; 0.0;-; 0.0; 0.0; 0.0;-;-;1943;-0.1; 0.0; 0.0;-7; 22.7;F;1;29;On;On;Off; 22.4; 22.1;0;1;1203;1;1203;1;1017;0;-
2026/04/22;14:11:29;96;-; 52.45; 0.0;-; 0.0; 0.0; 0.0;-;-;1943;-0.1; 0.0; 0.0;-6; 22.6;F;1;29;On;On;Off; 22.4; 22.1;0;1;1203;1;1203;1;1017;0;-
2026/04/22;14:12:29;96;-; 52.45; 0.0;-; 0.0; 0.0; 0.0;-;-;1943;-0.1; 0.0; 0.0;-7; 22.6;F;1;29;On;On;Off; 22.4; 22.1;0;1;1203;1;1203;1;1017;0;-
2026/04/22;14:13:29;96;-; 52.45; 0.0;-; 0.0; 0.0; 0.0;-;-;1943;-0.1; 0.0; 0.0;-7; 22.6;F;1;29;On;On;Off; 22.4; 22.1;0;1;1203;1;1203;1;1017;0;-
2026/04/22;14:14:29;96;-; 52.45; 0.0;-; 0.0; 0.0; 0.0;-;-;1943;-0.1; 0.0; 0.0;-7; 22.6;F;1;29;On;On;Off; 22.4; 22.1;0;1;1203;1;1203;1;1017;0;-
2026/04/22;14:15:29;96;-; 52.45; 0.0;-; 0.0; 0.0; 0.0;-;-;1943;-0.1; 0.0; 0.0;-6; 22.6;F;1;29;On;On;Off; 22.4; 22.1;0;1;1203;1;1203;1;1017;0;-
2026/04/22;14:16:28;96;-; 52.43; 0.0;-; 0.0; 0.0; 0.0;-;-;1943;-0.1; 0.0; 0.0;-6; 22.6;F;1;29;On;On;Off; 22.4; 22.1;0;1;1203;1;1203;1;1017;0;-
2026/04/22;14:17:28;96;-; 52.45; 0.0;-; 0.0; 0.0; 0.0;-;-;1943;-0.1; 0.0; 0.0;-6; 22.6;F;1;29;On;On;Off; 22.4; 22.1;0;1;1203;1;1203;1;1017;0;-
2026/04/22;14:18:28;96;-; 52.45; 0.0;-; 0.0; 0.0; 0.0;-;-;1943;-0.1; 0.0; 0.0;-6; 22.6;F;1;29;On;On;Off; 22.4; 22.1;0;1;1203;1;1203;1;1017;0;-
2026/04/22;14:19:28;96;-; 52.45; 0.0;-; 0.0; 0.0; 0.0;-;-;1943;-0.1; 0.0; 0.0;-6; 22.6;F;1;29;On;On;Off; 22.4; 22.1;0;1;1203;1;1203;1;1017;0;-
2026/04/22;14:20:28;96;-; 52.45; 0.0;-; 0.0; 0.0; 0.0;-;-;1943;-0.1; 0.0; 0.0;-7; 22.6;F;1;29;On;On;Off; 22.4; 22.1;0;1;1203;1;1203;1;1017;0;-
2026/04/22;14:21:28;96;-; 52.45; 0.0;-; 0.0; 0.0; 0.0;-;-;1943;-0.1; 0.0; 0.0;-6; 22.6;F;1;29;On;On;Off; 22.4; 22.1;0;1;1203;1;1203;1;1017;0;-
2026/04/22;14:22:28;96;-; 52.43; 0.0;-; 0.0; 0.0; 0.0;-;-;1943;-0.1; 0.0; 0.0;-6; 22.6;F;1;29;On;On;Off; 22.4; 22.1;0;1;1203;1;1203;1;1017;0;-
2026/04/22;14:23:28;96;-; 52.45; 0.0;-; 0.0; 0.0; 0.0;-;-;1943;-0.1; 0.0; 0.0;-7; 22.6;F;1;29;On;On;Off; 22.4; 22.1;0;1;1203;1;1203;1;1017;0;-
2026/04/22;14:24:28;96;-; 52.45; 0.0;-; 0.0; 0.0; 0.0;-;-;1943;-0.1; 0.0; 0.0;-7; 22.6;F;1;29;On;On;Off; 22.4; 22.1;0;1;1203;1;1203;1;1017;0;-
2026/04/22;14:25:28;96;-; 52.43; 0.0;-; 0.0; 0.0; 0.0;-;-;1943;-0.1; 0.0; 0.0;-6; 22.6;F;1;29;On;On;Off; 22.4; 22.1;0;1;1203;1;1203;1;1017;0;-
2026/04/22;14:26:28;96;-; 52.43; 0.0;-; 0.0; 0.0; 0.0;-;-;1943;-0.1; 0.0; 0.0;-6; 22.6;F;1;29;On;On;Off; 22.4; 22.1;0;1;1203;1;1203;1;1017;0;-
2026/04/22;14:27:28;96;-; 52.43; 0.0;-; 0.0; 0.0; 0.0;-;-;1943;-0.1; 0.0; 0.0;-7; 22.6;F;1;29;On;On;Off; 22.4; 22.1;0;1;1203;1;1203;1;1017;0;-
2026/04/22;14:28:28;96;-; 52.45; 0.0;-; 0.0; 0.0; 0.0;-;-;1943;-0.1; 0.0; 0.0;-7; 22.6;F;1;29;On;On;Off; 22.4; 22.1;0;1;1203;1;1203;1;1017;0;-
2026/04/22;14:29:28;96;-; 52.43; 0.0;-; 0.0; 0.0; 0.0;-;-;1943;-0.2; 0.0; 0.0;-7; 22.6;F;1;29;On;On;Off; 22.4; 22.1;0;1;1203;1;1203;1;1017;0;-
2026/04/22;14:30:28;96;-; 52.45; 0.0;-; 0.0; 0.0; 0.0;-;-;1943;-0.1; 0.0; 0.0;-7; 22.6;F;1;29;On;On;Off; 22.4; 22.1;0;1;1203;1;1203;1;1017;0;-
2026/04/22;14:31:28;96;-; 52.45; 0.0;-; 0.0; 0.0; 0.0;-;-;1943;-0.1; 0.0; 0.0;-7; 22.6;F;1;29;On;On;Off; 22.4; 22.1;0;1;1203;1;1203;1;1017;0;-
2026/04/22;14:32:27;96;-; 52.45; 0.0;-; 0.0; 0.0; 0.0;-;-;1943;-0.1; 0.0; 0.0;-7; 22.6;F;1;29;On;On;Off; 22.4; 22.1;0;1;1203;1;1203;1;1017;0;-
2026/04/22;14:33:27;96;-; 52.45; 0.0;-; 0.0; 0.0; 0.0;-;-;1943;-0.1; 0.0; 0.0;-7; 22.6;F;1;29;On;On;Off; 22.4; 22.1;0;1;1203;1;1203;1;1017;0;-
2026/04/22;14:34:27;96;-; 52.43; 0.0;-; 0.0; 0.0; 0.0;-;-;1943;-0.1; 0.0; 0.0;-7; 22.6;F;1;29;On;On;Off; 22.4; 22.1;0;1;1203;1;1203;1;1017;0;-
2026/04/22;14:35:27;96;-; 52.45; 0.0;-; 0.0; 0.0; 0.0;-;-;1943;-0.2; 0.0; 0.0;-7; 22.6;F;1;29;On;On;Off; 22.4; 22.1;0;1;1203;1;1203;1;1017;0;-
2026/04/22;14:36:27;96;-; 52.45; 0.0;-; 0.0; 0.0; 0.0;-;-;1943;-0.1; 0.0; 0.0;-7; 22.6;F;1;29;On;On;Off; 22.4; 22.1;0;1;1203;1;1203;1;1017;0;-
2026/04/22;14:37:27;96;-; 52.45; 0.0;-; 0.0; 0.0; 0.0;-;-;1943;-0.2; 0.0; 0.0;-7; 22.6;F;1;29;On;On;Off; 22.4; 22.1;0;1;1203;1;1203;1;1017;0;-
2026/04/22;14:38:27;96;-; 52.45; 0.0;-; 0.0; 0.0; 0.0;-;-;1943;-0.1; 0.0; 0.0;-7; 22.6;F;1;29;On;On;Off; 22.4; 22.1;0;1;1203;1;1203;1;1017;0;-
2026/04/22;14:39:27;96;-; 52.45; 0.0;-; 0.0; 0.0; 0.0;-;-;1943;-0.1; 0.0; 0.0;-7; 22.6;F;1;29;On;On;Off; 22.4; 22.1;0;1;1203;1;1203;1;1017;0;-
2026/04/22;14:40:27;96;-; 52.45; 0.0;-; 0.0; 0.0; 0.0;-;-;1943;-0.1; 0.0; 0.0;-6; 22.6;F;1;29;On;On;Off; 22.4; 22.1;0;1;1203;1;1203;1;1017;0;-
2026/04/22;14:41:27;96;-; 52.45; 0.0;-; 0.0; 0.0; 0.0;-;-;1943;-0.1; 0.0; 0.0;-7; 22.6;F;1;29;On;On;Off; 22.4; 22.1;0;1;1203;1;1203;1;1017;0;-
2026/04/22;14:42:27;96;-; 52.45; 0.0;-; 0.0; 0.0; 0.0;-;-;1943;-0.1; 0.0; 0.0;-7; 22.6;F;1;29;On;On;Off; 22.4; 22.1;0;1;1203;1;1203;1;1017;0;-
2026/04/22;14:43:27;96;-; 52.43; 0.0;-; 0.0; 0.0; 0.0;-;-;1943;-0.2; 0.0; 0.0;-7; 22.6;F;1;29;On;On;Off; 22.4; 22.1;0;1;1203;1;1203;1;1017;0;-
2026/04/22;14:44:27;96;-; 52.45; 0.0;-; 0.0; 0.0; 0.0;-;-;1943;-0.1; 0.0; 0.0;-7; 22.6;F;1;29;On;On;Off; 22.4; 22.1;0;1;1203;1;1203;1;1017;0;-
2026/04/22;14:45:27;96;-; 52.45; 0.0;-; 0.0; 0.0; 0.0;-;-;1943;-0.1; 0.0; 0.0;-7; 22.6;F;1;29;On;On;Off; 22.4; 22.1;0;1;1203;1;1203;1;1017;0;-
2026/04/22;14:46:27;96;-; 52.45; 0.0;-; 0.0; 0.0; 0.0;-;-;1943;-0.1; 0.0; 0.0;-7; 22.6;F;1;29;On;On;Off; 22.4; 22.1;0;1;1203;1;1203;1;1017;0;-
2026/04/22;14:47:26;96;-; 52.45; 0.0;-; 0.0; 0.0; 0.0;-;-;1943;-0.1; 0.0; 0.0;-7; 22.6;F;1;29;On;On;Off; 22.4; 22.1;0;1;1203;1;1203;1;1017;0;-
2026/04/22;14:48:26;96;-; 52.45; 0.0;-; 0.0; 0.0; 0.0;-;-;1943;-0.1; 0.0; 0.0;-7; 22.6;F;1;29;On;On;Off; 22.4; 22.1;0;1;1203;1;1203;1;1017;0;-
2026/04/22;14:49:26;96;-; 52.43; 0.0;-; 0.0; 0.0; 0.0;-;-;1943;-0.1; 0.0; 0.0;-7; 22.6;F;1;29;On;On;Off; 22.4; 22.1;0;1;1203;1;1203;1;1017;0;-
2026/04/22;14:50:26;96;-; 52.45; 0.0;-; 0.0; 0.0; 0.0;-;-;1943;-0.1; 0.0; 0.0;-7; 22.6;F;1;29;On;On;Off; 22.4; 22.1;0;1;1203;1;1203;1;1017;0;-
2026/04/22;14:51:26;96;-; 52.45; 0.0;-; 0.0; 0.0; 0.0;-;-;1943;-0.2; 0.0; 0.0;-8; 22.6;F;1;29;On;On;Off; 22.4; 22.1;0;1;1203;1;1203;1;1017;0;-
2026/04/22;14:52:26;96;-; 52.45; 0.0;-; 0.0; 0.0; 0.0;-;-;1943;-0.2; 0.0; 0.0;-7; 22.6;F;1;29;On;On;Off; 22.4; 22.1;0;1;1203;1;1203;1;1017;0;-
2026/04/22;14:53:26;96;-; 52.43; 0.0;-; 0.0; 0.0; 0.0;-;-;1943;-0.2; 0.0; 0.0;-7; 22.6;F;1;29;On;On;Off; 22.4; 22.1;0;1;1203;1;1203;1;1017;0;-
2026/04/22;14:54:26;96;-; 52.45; 0.0;-; 0.0; 0.0; 0.0;-;-;1943;-0.2; 0.0; 0.0;-7; 22.6;F;1;29;On;On;Off; 22.4; 22.1;0;1;1203;1;1203;1;1017;0;-
2026/04/22;14:55:26;96;-; 52.45; 0.0;-; 0.0; 0.0; 0.0;-;-;1943;-0.2; 0.0; 0.0;-8; 22.6;F;1;29;On;On;Off; 22.4; 22.1;0;1;1203;1;1203;1;1017;0;-
2026/04/22;14:56:26;96;-; 52.43; 0.0;-; 0.0; 0.0; 0.0;-;-;1943;-0.1; 0.0; 0.0;-7; 22.6;F;1;29;On;On;Off; 22.4; 22.1;0;1;1203;1;1203;1;1017;0;-
2026/04/22;14:57:26;96;-; 52.45; 0.0;-; 0.0; 0.0; 0.0;-;-;1943;-0.1; 0.0; 0.0;-7; 22.6;F;1;29;On;On;Off; 22.4; 22.1;0;1;1203;1;1203;1;1017;0;-
2026/04/22;14:58:26;96;-; 52.43; 0.0;-; 0.0; 0.0; 0.0;-;-;1943;-0.1; 0.0; 0.0;-7; 22.6;F;1;29;On;On;Off; 22.4; 22.1;0;1;1203;1;1203;1;1017;0;-
2026/04/22;14:59:26;96;-; 52.43; 0.0;-; 0.0; 0.0; 0.0;-;-;1943;-0.2; 0.0; 0.0;-7; 22.6;F;1;29;On;On;Off; 22.4; 22.1;0;1;1203;1;1203;1;1017;0;-
2026/04/22;15:00:26;96;-; 52.45; 0.0;-; 0.0; 0.0; 0.0;-;-;1943;-0.2; 0.0; 0.0;-7; 22.6;F;1;29;On;On;Off; 22.4; 22.1;0;1;1203;1;1203;1;1017;0;-
2026/04/22;15:01:26;96;-; 52.43; 0.0;-; 0.0; 0.0; 0.0;-;-;1943;-0.1; 0.0; 0.0;-7; 22.6;F;1;29;On;On;Off; 22.4; 22.1;0;1;1203;1;1203;1;1017;0;-
2026/04/22;15:02:26;96;-; 52.45; 0.0;-; 0.0; 0.0; 0.0;-;-;1943;-0.2; 0.0; 0.0;-8; 22.6;F;1;29;On;On;Off; 22.4; 22.1;0;1;1203;1;1203;1;1017;0;-
2026/04/22;15:03:25;96;-; 52.45; 0.0;-; 0.0; 0.0; 0.0;-;-;1943;-0.2; 0.0; 0.0;-8; 22.6;F;1;29;On;On;Off; 22.4; 22.1;0;1;1203;1;1203;1;1017;0;-
2026/04/22;15:04:25;96;-; 52.45; 0.0;-; 0.0; 0.0; 0.0;-;-;1943;-0.2; 0.0; 0.0;-7; 22.6;F;1;29;On;On;Off; 22.4; 22.1;0;1;1203;1;1203;1;1017;0;-
2026/04/22;15:05:25;96;-; 52.43; 0.0;-; 0.0; 0.0; 0.0;-;-;1943;-0.1; 0.0; 0.0;-7; 22.6;F;1;29;On;On;Off; 22.4; 22.1;0;1;1203;1;1203;1;1017;0;-
2026/04/22;15:06:25;96;-; 52.43; 0.0;-; 0.0; 0.0; 0.0;-;-;1943;-0.1; 0.0; 0.0;-7; 22.6;F;1;29;On;On;Off; 22.4; 22.1;0;1;1203;1;1203;1;1017;0;-
2026/04/22;15:07:25;96;-; 52.43; 0.0;-; 0.0; 0.0; 0.0;-;-;1944;-0.2; 0.0; 0.0;-8; 22.6;F;1;29;On;On;Off; 22.4; 22.1;0;1;1203;1;1203;1;1017;0;-
2026/04/22;15:08:25;96;-; 52.43; 0.0;-; 0.0; 0.0; 0.0;-;-;1944;-0.2; 0.0; 0.0;-7; 22.6;F;1;29;On;On;Off; 22.4; 22.1;0;1;1203;1;1203;1;1017;0;-
2026/04/22;15:09:25;96;-; 52.45; 0.0;-; 0.0; 0.0; 0.0;-;-;1944;-0.2; 0.0; 0.0;-8; 22.6;F;1;29;On;On;Off; 22.4; 22.1;0;1;1203;1;1203;1;1017;0;-
2026/04/22;15:10:25;96;-; 52.45; 0.0;-; 0.0; 0.0; 0.0;-;-;1944;-0.2; 0.0; 0.0;-8; 22.6;F;1;29;On;On;Off; 22.4; 22.1;0;1;1203;1;1203;1;1017;0;-
2026/04/22;15:11:25;96;-; 52.43; 0.0;-; 0.0; 0.0; 0.0;-;-;1944;-0.1; 0.0; 0.0;-7; 22.6;F;1;29;On;On;Off; 22.4; 22.1;0;1;1203;1;1203;1;1017;0;-
2026/04/22;15:12:25;96;-; 52.45; 0.0;-; 0.0; 0.0; 0.0;-;-;1944;-0.1; 0.0; 0.0;-7; 22.6;F;1;29;On;On;Off; 22.4; 22.1;0;1;1203;1;1203;1;1017;0;-
2026/04/22;15:13:25;96;-; 52.43; 0.0;-; 0.0; 0.0; 0.0;-;-;1944;-0.1; 0.0; 0.0;-7; 22.6;F;1;29;On;On;Off; 22.4; 22.1;0;1;1203;1;1203;1;1017;0;-
2026/04/22;15:14:25;96;-; 52.43; 0.0;-; 0.0; 0.0; 0.0;-;-;1944;-0.1; 0.0; 0.0;-7; 22.6;F;1;29;On;On;Off; 22.4; 22.1;0;1;1203;1;1203;1;1017;0;-
2026/04/22;15:15:25;96;-; 52.43; 0.0;-; 0.0; 0.0; 0.0;-;-;1944;-0.1; 0.0; 0.0;-7; 22.6;F;1;29;On;On;Off; 22.4; 22.1;0;1;1203;1;1203;1;1017;0;-
2026/04/22;15:16:25;96;-; 52.43; 0.0;-; 0.0; 0.0; 0.0;-;-;1944;-0.1; 0.0; 0.0;-7; 22.6;F;1;29;On;On;Off; 22.4; 22.1;0;1;1203;1;1203;1;1017;0;-
2026/04/22;15:17:25;96;-; 52.43; 0.0;-; 0.0; 0.0; 0.0;-;-;1944;-0.2; 0.0; 0.0;-7; 22.6;F;1;29;On;On;Off; 22.4; 22.1;0;1;1203;1;1203;1;1017;0;-
2026/04/22;15:18:25;96;-; 52.43; 0.0;-; 0.0; 0.0; 0.0;-;-;1944;-0.1; 0.0; 0.0;-7; 22.6;F;1;29;On;On;Off; 22.4; 22.1;0;1;1203;1;1203;1;1017;0;-
2026/04/22;15:19:24;96;-; 52.43; 0.0;-; 0.0; 0.0; 0.0;-;-;1944;-0.2; 0.0; 0.0;-7; 22.6;F;1;29;On;On;Off; 22.4; 22.1;0;1;1203;1;1203;1;1017;0;-
2026/04/22;15:20:24;96;-; 52.43; 0.0;-; 0.0; 0.0; 0.0;-;-;1944;-0.1; 0.0; 0.0;-7; 22.6;F;1;29;On;On;Off; 22.4; 22.1;0;1;1203;1;1203;1;1017;0;-
2026/04/22;15:21:24;96;-; 52.43; 0.0;-; 0.0; 0.0; 0.0;-;-;1944;-0.1; 0.0; 0.0;-7; 22.6;F;1;29;On;On;Off; 22.4; 22.1;0;1;1203;1;1203;1;1017;0;-
2026/04/22;15:22:24;96;-; 52.43; 0.0;-; 0.0; 0.0; 0.0;-;-;1944;-0.1; 0.0; 0.0;-6; 22.6;F;1;29;On;On;Off; 22.4; 22.1;0;1;1203;1;1203;1;1017;0;-
2026/04/22;15:23:24;96;-; 52.43; 0.0;-; 0.0; 0.0; 0.0;-;-;1944;-0.1; 0.0; 0.0;-6; 22.6;F;1;29;On;On;Off; 22.4; 22.1;0;1;1203;1;1203;1;1017;0;-
2026/04/22;15:24:24;96;-; 52.43; 0.0;-; 0.0; 0.0; 0.0;-;-;1944;-0.1; 0.0; 0.0;-6; 22.6;F;1;29;On;On;Off; 22.4; 22.1;0;1;1203;1;1203;1;1017;0;-
2026/04/22;15:25:24;96;-; 52.43; 0.0;-; 0.0; 0.0; 0.0;-;-;1944;-0.1; 0.0; 0.0;-6; 22.6;F;1;29;On;On;Off; 22.4; 22.1;0;1;1203;1;1203;1;1017;0;-
2026/04/22;15:26:24;96;-; 52.41; 0.0;-; 0.0; 0.0; 0.0;-;-;1944;-0.1; 0.0; 0.0;-7; 22.6;F;1;29;On;On;Off; 22.4; 22.1;0;1;1203;1;1203;1;1017;0;-
2026/04/22;15:27:24;96;-; 52.43; 0.0;-; 0.0; 0.0; 0.0;-;-;1944;-0.1; 0.0; 0.0;-7; 22.6;F;1;29;On;On;Off; 22.4; 22.1;0;1;1203;1;1203;1;1017;0;-
2026/04/22;15:28:24;96;-; 52.41; 0.0;-; 0.0; 0.0; 0.0;-;-;1944;-0.1; 0.0; 0.0;-7; 22.6;F;1;29;On;On;Off; 22.4; 22.1;0;1;1203;1;1203;1;1017;0;-
2026/04/22;15:29:24;96;-; 52.41; 0.0;-; 0.0; 0.0; 0.0;-;-;1944;-0.1; 0.0; 0.0;-6; 22.6;F;1;29;On;On;Off; 22.4; 22.1;0;1;1203;1;1203;1;1017;0;-
2026/04/22;15:30:24;96;-; 52.43; 0.0;-; 0.0; 0.0; 0.0;-;-;1944;-0.1; 0.0; 0.0;-7; 22.6;F;1;29;On;On;Off; 22.4; 22.1;0;1;1203;1;1203;1;1017;0;-
2026/04/22;15:31:24;96;-; 52.43; 0.0;-; 0.0; 0.0; 0.0;-;-;1944;-0.1; 0.0; 0.0;-7; 22.6;F;1;29;On;On;Off; 22.4; 22.1;0;1;1203;1;1203;1;1017;0;-
2026/04/22;15:32:24;96;-; 52.43; 0.0;-; 0.0; 0.0; 0.0;-;-;1944;-0.1; 0.0; 0.0;-6; 22.6;F;1;29;On;On;Off; 22.4; 22.1;0;1;1203;1;1203;1;1017;0;-
2026/04/22;15:33:24;96;-; 52.41; 0.0;-; 0.0; 0.0; 0.0;-;-;1944;-0.1; 0.0; 0.0;-7; 22.6;F;1;29;On;On;Off; 22.4; 22.1;0;1;1203;1;1203;1;1017;0;-
2026/04/22;15:34:24;96;-; 52.41; 0.0;-; 0.0; 0.0; 0.0;-;-;1944;-0.1; 0.0; 0.0;-7; 22.6;F;1;29;On;On;Off; 22.4; 22.1;0;1;1203;1;1203;1;1017;0;-
2026/04/22;15:35:23;96;-; 52.43; 0.0;-; 0.0; 0.0; 0.0;-;-;1944;-0.1; 0.0; 0.0;-7; 22.5;F;1;29;On;On;Off; 22.4; 22.1;0;1;1203;1;1203;1;1017;0;-
2026/04/22;15:36:23;96;-; 52.41; 0.0;-; 0.0; 0.0; 0.0;-;-;1944;-0.1; 0.0; 0.0;-7; 22.5;F;1;29;On;On;Off; 22.4; 22.1;0;1;1203;1;1203;1;1017;0;-
2026/04/22;15:37:23;96;-; 52.41; 0.0;-; 0.0; 0.0; 0.0;-;-;1944;-0.1; 0.0; 0.0;-7; 22.6;F;1;29;On;On;Off; 22.4; 22.1;0;1;1203;1;1203;1;1017;0;-
2026/04/22;15:38:23;96;-; 52.43; 0.0;-; 0.0; 0.0; 0.0;-;-;1944;-0.1; 0.0; 0.0;-7; 22.5;F;1;29;On;On;Off; 22.4; 22.1;0;1;1203;1;1203;1;1017;0;-
2026/04/22;15:39:23;96;-; 52.43; 0.0;-; 0.0; 0.0; 0.0;-;-;1944;-0.1; 0.0; 0.0;-7; 22.6;F;1;29;On;On;Off; 22.4; 22.1;0;1;1203;1;1203;1;1017;0;-
2026/04/22;15:40:23;95;-; 52.43; 0.0;-; 0.0; 0.0; 0.0;-;-;1944;-0.1; 0.0; 0.0;-6; 22.5;F;1;29;On;On;Off; 22.4; 22.1;0;1;1203;1;1203;1;1017;0;-
2026/04/22;15:41:23;95;-; 52.43; 0.0;-; 0.0; 0.0; 0.0;-;-;1944;-0.1; 0.0; 0.0;-7; 22.5;F;1;29;On;On;Off; 22.4; 22.1;0;1;1203;1;1203;1;1017;0;-
2026/04/22;15:42:23;95;-; 52.43; 0.0;-; 0.0; 0.0; 0.0;-;-;1944;-0.1; 0.0; 0.0;-6; 22.6;F;1;29;On;On;Off; 22.4; 22.1;0;1;1203;1;1203;1;1017;0;-
2026/04/22;15:43:23;95;-; 52.41; 0.0;-; 0.0; 0.0; 0.0;-;-;1944;-0.1; 0.0; 0.0;-6; 22.5;F;1;29;On;On;Off; 22.4; 22.1;0;1;1203;1;1203;1;1017;0;-
2026/04/22;15:44:23;95;-; 52.43; 0.0;-; 0.0; 0.0; 0.0;-;-;1944;-0.1; 0.0; 0.0;-7; 22.5;F;1;29;On;On;Off; 22.4; 22.1;0;1;1203;1;1203;1;1017;0;-
2026/04/22;15:45:23;95;-; 52.43; 0.0;-; 0.0; 0.0; 0.0;-;-;1944;-0.1; 0.0; 0.0;-7; 22.6;F;1;29;On;On;Off; 22.4; 22.1;0;1;1203;1;1203;1;1017;0;-
2026/04/22;15:46:23;95;-; 52.43; 0.0;-; 0.0; 0.0; 0.0;-;-;1944;-0.1; 0.0; 0.0;-7; 22.5;F;1;29;On;On;Off; 22.4; 22.1;0;1;1203;1;1203;1;1017;0;-
2026/04/22;15:47:23;95;-; 52.43; 0.0;-; 0.0; 0.0; 0.0;-;-;1944;-0.1; 0.0; 0.0;-6; 22.5;F;1;29;On;On;Off; 22.4; 22.1;0;1;1203;1;1203;1;1017;0;-
2026/04/22;15:48:23;95;-; 52.43; 0.0;-; 0.0; 0.0; 0.0;-;-;1944;-0.1; 0.0; 0.0;-6; 22.5;F;1;29;On;On;Off; 22.4; 22.1;0;1;1203;1;1203;1;1017;0;-
2026/04/22;15:49:23;95;-; 52.41; 0.0;-; 0.0; 0.0; 0.0;-;-;1944;-0.1; 0.0; 0.0;-7; 22.5;F;1;29;On;On;Off; 22.4; 22.1;0;1;1203;1;1203;1;1017;0;-
2026/04/22;15:50:22;95;-; 52.43; 0.0;-; 0.0; 0.0; 0.0;-;-;1944;-0.1; 0.0; 0.0;-7; 22.5;F;1;29;On;On;Off; 22.4; 22.1;0;1;1203;1;1203;1;1017;0;-
2026/04/22;15:51:22;95;-; 52.43; 0.0;-; 0.0; 0.0; 0.0;-;-;1944;-0.1; 0.0; 0.0;-7; 22.5;F;1;29;On;On;Off; 22.4; 22.1;0;1;1203;1;1203;1;1017;0;-
2026/04/22;15:52:22;95;-; 52.43; 0.0;-; 0.0; 0.0; 0.0;-;-;1944;-0.1; 0.0; 0.0;-7; 22.5;F;1;29;On;On;Off; 22.4; 22.1;0;1;1203;1;1203;1;1017;0;-
2026/04/22;15:53:22;95;-; 52.43; 0.0;-; 0.0; 0.0; 0.0;-;-;1944;-0.1; 0.0; 0.0;-7; 22.5;F;1;29;On;On;Off; 22.4; 22.1;0;1;1203;1;1203;1;1017;0;-
2026/04/22;15:54:22;95;-; 52.41; 0.0;-; 0.0; 0.0; 0.0;-;-;1944;-0.1; 0.0; 0.0;-7; 22.5;F;1;29;On;On;Off; 22.4; 22.1;0;1;1203;1;1203;1;1017;0;-
2026/04/22;15:55:22;95;-; 52.43; 0.0;-; 0.0; 0.0; 0.0;-;-;1944;-0.1; 0.0; 0.0;-7; 22.5;F;1;29;On;On;Off; 22.4; 22.1;0;1;1203;1;1203;1;1017;0;-
2026/04/22;15:56:22;95;-; 52.43; 0.0;-; 0.0; 0.0; 0.0;-;-;1944;-0.1; 0.0; 0.0;-7; 22.5;F;1;29;On;On;Off; 22.4; 22.1;0;1;1203;1;1203;1;1017;0;-
2026/04/22;15:57:22;95;-; 52.43; 0.0;-; 0.0; 0.0; 0.0;-;-;1944;-0.1; 0.0; 0.0;-7; 22.5;F;1;29;On;On;Off; 22.4; 22.1;0;1;1203;1;1203;1;1017;0;-
2026/04/22;15:58:22;95;-; 52.43; 0.0;-; 0.0; 0.0; 0.0;-;-;1944;-0.1; 0.0; 0.0;-7; 22.5;F;1;29;On;On;Off; 22.4; 22.1;0;1;1203;1;1203;1;1017;0;-
2026/04/22;15:59:22;95;-; 52.41; 0.0;-; 0.0; 0.0; 0.0;-;-;1944;-0.1; 0.0; 0.0;-7; 22.5;F;1;29;On;On;Off; 22.4; 22.1;0;1;1203;1;1203;1;1017;0;-
2026/04/22;16:00:22;95;-; 52.43; 0.0;-; 0.0; 0.0; 0.0;-;-;1944;-0.1; 0.0; 0.0;-7; 22.5;F;1;29;On;On;Off; 22.4; 22.1;0;1;1203;1;1203;1;1017;0;-
2026/04/22;16:01:22;95;-; 52.43; 0.0;-; 0.0; 0.0; 0.0;-;-;1944;-0.1; 0.0; 0.0;-7; 22.5;F;1;29;On;On;Off; 22.4; 22.1;0;1;1203;1;1203;1;1017;0;-
2026/04/22;16:02:22;95;-; 52.41; 0.0;-; 0.0; 0.0; 0.0;-;-;1944;-0.1; 0.0; 0.0;-7; 22.5;F;1;29;On;On;Off; 22.4; 22.1;0;1;1203;1;1203;1;1017;0;-
2026/04/22;16:03:22;95;-; 52.43; 0.0;-; 0.0; 0.0; 0.0;-;-;1944;-0.1; 0.0; 0.0;-7; 22.5;F;1;29;On;On;Off; 22.4; 22.1;0;1;1203;1;1203;1;1017;0;-
2026/04/22;16:04:22;95;-; 52.43; 0.0;-; 0.0; 0.0; 0.0;-;-;1944;-0.1; 0.0; 0.0;-7; 22.5;F;1;29;On;On;Off; 22.4; 22.1;0;1;1203;1;1203;1;1017;0;-
2026/04/22;16:05:22;95;-; 52.43; 0.0;-; 0.0; 0.0; 0.0;-;-;1944;-0.1; 0.0; 0.0;-7; 22.5;F;1;29;On;On;Off; 22.4; 22.1;0;1;1203;1;1203;1;1017;0;-
2026/04/22;16:06:21;95;-; 52.43; 0.0;-; 0.0; 0.0; 0.0;-;-;1944;-0.1; 0.0; 0.0;-7; 22.5;F;1;29;On;On;Off; 22.4; 22.1;0;1;1203;1;1203;1;1017;0;-
2026/04/22;16:07:21;95;-; 52.43; 0.0;-; 0.0; 0.0; 0.0;-;-;1945;-0.1; 0.0; 0.0;-7; 22.5;F;1;29;On;On;Off; 22.4; 22.1;0;1;1203;1;1203;1;1017;0;-
2026/04/22;16:08:21;95;-; 52.43; 0.0;-; 0.0; 0.0; 0.0;-;-;1945;-0.1; 0.0; 0.0;-7; 22.5;F;1;29;On;On;Off; 22.4; 22.1;0;1;1203;1;1203;1;1017;0;-
2026/04/22;16:09:21;95;-; 52.43; 0.0;-; 0.0; 0.0; 0.0;-;-;1945;-0.1; 0.0; 0.0;-6; 22.5;F;1;29;On;On;Off; 22.4; 22.1;0;1;1203;1;1203;1;1017;0;-
2026/04/22;16:10:21;95;-; 52.41; 0.0;-; 0.0; 0.0; 0.0;-;-;1945;-0.1; 0.0; 0.0;-7; 22.5;F;1;29;On;On;Off; 22.4; 22.1;0;1;1203;1;1203;1;1017;0;-
2026/04/22;16:11:21;95;-; 52.43; 0.0;-; 0.0; 0.0; 0.0;-;-;1945;-0.1; 0.0; 0.0;-7; 22.5;F;1;29;On;On;Off; 22.4; 22.1;0;1;1203;1;1203;1;1017;0;-
2026/04/22;16:12:21;95;-; 52.43; 0.0;-; 0.0; 0.0; 0.0;-;-;1945;-0.1; 0.0; 0.0;-7; 22.5;F;1;29;On;On;Off; 22.4; 22.1;0;1;1203;1;1203;1;1017;0;-
2026/04/22;16:13:21;95;-; 52.43; 0.0;-; 0.0; 0.0; 0.0;-;-;1945;-0.1; 0.0; 0.0;-7; 22.5;F;1;29;On;On;Off; 22.4; 22.1;0;1;1203;1;1203;1;1017;0;-
2026/04/22;16:14:21;95;-; 52.43; 0.0;-; 0.0; 0.0; 0.0;-;-;1945;-0.2; 0.0; 0.0;-7; 22.5;F;1;29;On;On;Off; 22.4; 22.1;0;1;1203;1;1203;1;1017;0;-
2026/04/22;16:15:21;95;-; 52.43; 0.0;-; 0.0; 0.0; 0.0;-;-;1945;-0.1; 0.0; 0.0;-7; 22.5;F;1;29;On;On;Off; 22.4; 22.1;0;1;1203;1;1203;1;1017;0;-
2026/04/22;16:16:21;95;-; 52.43; 0.0;-; 0.0; 0.0; 0.0;-;-;1945;-0.1; 0.0; 0.0;-7; 22.5;F;1;29;On;On;Off; 22.4; 22.1;0;1;1203;1;1203;1;1017;0;-
2026/04/22;16:17:21;95;-; 52.43; 0.0;-; 0.0; 0.0; 0.0;-;-;1945;-0.1; 0.0; 0.0;-7; 22.5;F;1;29;On;On;Off; 22.4; 22.1;0;1;1203;1;1203;1;1017;0;-
2026/04/22;16:18:21;95;-; 52.43; 0.0;-; 0.0; 0.0; 0.0;-;-;1945;-0.2; 0.0; 0.0;-7; 22.5;F;1;29;On;On;Off; 22.4; 22.1;0;1;1203;1;1203;1;1017;0;-
2026/04/22;16:19:21;95;-; 52.43; 0.0;-; 0.0; 0.0; 0.0;-;-;1945;-0.1; 0.0; 0.0;-7; 22.5;F;1;29;On;On;Off; 22.4; 22.1;0;1;1203;1;1203;1;1017;0;-
2026/04/22;16:20:21;95;-; 52.43; 0.0;-; 0.0; 0.0; 0.0;-;-;1945;-0.1; 0.0; 0.0;-7; 22.5;F;1;29;On;On;Off; 22.4; 22.1;0;1;1203;1;1203;1;1017;0;-
2026/04/22;16:21:21;95;-; 52.43; 0.0;-; 0.0; 0.0; 0.0;-;-;1945;-0.1; 0.0; 0.0;-7; 22.5;F;1;29;On;On;Off; 22.4; 22.1;0;1;1203;1;1203;1;1017;0;-
2026/04/22;16:22:20;95;-; 52.43; 0.0;-; 0.0; 0.0; 0.0;-;-;1945;-0.1; 0.0; 0.0;-7; 22.5;F;1;29;On;On;Off; 22.4; 22.1;0;1;1203;1;1203;1;1017;0;-
2026/04/22;16:23:20;95;-; 52.43; 0.0;-; 0.0; 0.0; 0.0;-;-;1945;-0.1; 0.0; 0.0;-7; 22.5;F;1;29;On;On;Off; 22.4; 22.1;0;1;1203;1;1203;1;1017;0;-
2026/04/22;16:24:20;95;-; 52.43; 0.0;-; 0.0; 0.0; 0.0;-;-;1945;-0.1; 0.0; 0.0;-7; 22.5;F;1;29;On;On;Off; 22.4; 22.1;0;1;1203;1;1203;1;1017;0;-
2026/04/22;16:25:20;95;-; 52.43; 0.0;-; 0.0; 0.0; 0.0;-;-;1945;-0.1; 0.0; 0.0;-7; 22.5;F;1;29;On;On;Off; 22.4; 22.1;0;1;1203;1;1203;1;1017;0;-
2026/04/22;16:26:20;95;-; 52.43; 0.0;-; 0.0; 0.0; 0.0;-;-;1945;-0.1; 0.0; 0.0;-7; 22.5;F;1;29;On;On;Off; 22.4; 22.1;0;1;1203;1;1203;1;1017;0;-
2026/04/22;16:27:20;95;-; 52.43; 0.0;-; 0.0; 0.0; 0.0;-;-;1945;-0.1; 0.0; 0.0;-6; 22.5;F;1;29;On;On;Off; 22.4; 22.1;0;1;1203;1;1203;1;1017;0;-
2026/04/22;16:28:20;95;-; 52.41; 0.0;-; 0.0; 0.0; 0.0;-;-;1945;-0.1; 0.0; 0.0;-7; 22.5;F;1;29;On;On;Off; 22.4; 22.1;0;1;1203;1;1203;1;1017;0;-
2026/04/22;16:29:20;95;-; 52.43; 0.0;-; 0.0; 0.0; 0.0;-;-;1945;-0.1; 0.0; 0.0;-7; 22.5;F;1;29;On;On;Off; 22.4; 22.1;0;1;1203;1;1203;1;1017;0;-
2026/04/22;16:30:20;95;-; 52.41; 0.0;-; 0.0; 0.0; 0.0;-;-;1945;-0.2; 0.0; 0.0;-7; 22.5;F;1;29;On;On;Off; 22.4; 22.1;0;1;1203;1;1203;1;1017;0;-
2026/04/22;16:31:20;95;-; 52.43; 0.0;-; 0.0; 0.0; 0.0;-;-;1945;-0.1; 0.0; 0.0;-7; 22.5;F;1;29;On;On;Off; 22.4; 22.1;0;1;1203;1;1203;1;1017;0;-
2026/04/22;16:32:20;95;-; 52.41; 0.0;-; 0.0; 0.0; 0.0;-;-;1945;-0.1; 0.0; 0.0;-7; 22.5;F;1;29;On;On;Off; 22.4; 22.1;0;1;1203;1;1203;1;1017;0;-
2026/04/22;16:33:20;95;-; 52.41; 0.0;-; 0.0; 0.0; 0.0;-;-;1945;-0.2; 0.0; 0.0;-7; 22.5;F;1;29;On;On;Off; 22.4; 22.1;0;1;1203;1;1203;1;1017;0;-
2026/04/22;16:34:20;95;-; 52.43; 0.0;-; 0.0; 0.0; 0.0;-;-;1945;-0.1; 0.0; 0.0;-7; 22.5;F;1;29;On;On;Off; 22.4; 22.1;0;1;1203;1;1203;1;1017;0;-
2026/04/22;16:35:20;95;-; 52.43; 0.0;-; 0.0; 0.0; 0.0;-;-;1945;-0.2; 0.0; 0.0;-7; 22.5;F;1;29;On;On;Off; 22.4; 22.1;0;1;1203;1;1203;1;1017;0;-
2026/04/22;16:36:20;95;-; 52.41; 0.0;-; 0.0; 0.0; 0.0;-;-;1945;-0.1; 0.0; 0.0;-7; 22.5;F;1;29;On;On;Off; 22.4; 22.1;0;1;1203;1;1203;1;1017;0;-
2026/04/22;16:37:20;95;-; 52.43; 0.0;-; 0.0; 0.0; 0.0;-;-;1945;-0.1; 0.0; 0.0;-7; 22.5;F;1;29;On;On;Off; 22.4; 22.1;0;1;1203;1;1203;1;1017;0;-
2026/04/22;16:38:19;95;-; 52.43; 0.0;-; 0.0; 0.0; 0.0;-;-;1945;-0.2; 0.0; 0.0;-7; 22.5;F;1;29;On;On;Off; 22.4; 22.1;0;1;1203;1;1203;1;1017;0;-
2026/04/22;16:39:19;95;-; 52.41; 0.0;-; 0.0; 0.0; 0.0;-;-;1945;-0.1; 0.0; 0.0;-7; 22.5;F;1;29;On;On;Off; 22.4; 22.1;0;1;1203;1;1203;1;1017;0;-
2026/04/22;16:40:19;95;-; 52.43; 0.0;-; 0.0; 0.0; 0.0;-;-;1945;-0.2; 0.0; 0.0;-7; 22.5;F;1;29;On;On;Off; 22.4; 22.1;0;1;1203;1;1203;1;1017;0;-
2026/04/22;16:41:19;95;-; 52.43; 0.0;-; 0.0; 0.0; 0.0;-;-;1945;-0.2; 0.0; 0.0;-8; 22.5;F;1;29;On;On;Off; 22.4; 22.1;0;1;1203;1;1203;1;1017;0;-
2026/04/22;16:42:19;95;-; 52.41; 0.0;-; 0.0; 0.0; 0.0;-;-;1945;-0.1; 0.0; 0.0;-7; 22.5;F;1;29;On;On;Off; 22.4; 22.1;0;1;1203;1;1203;1;1017;0;-
2026/04/22;16:43:19;95;-; 52.41; 0.0;-; 0.0; 0.0; 0.0;-;-;1945;-0.2; 0.0; 0.0;-7; 22.5;F;1;29;On;On;Off; 22.4; 22.1;0;1;1203;1;1203;1;1017;0;-
2026/04/22;16:44:19;95;-; 52.43; 0.0;-; 0.0; 0.0; 0.0;-;-;1945;-0.1; 0.0; 0.0;-7; 22.5;F;1;29;On;On;Off; 22.4; 22.1;0;1;1203;1;1203;1;1017;0;-
2026/04/22;16:45:19;95;-; 52.43; 0.0;-; 0.0; 0.0; 0.0;-;-;1945;-0.2; 0.0; 0.0;-7; 22.5;F;1;29;On;On;Off; 22.4; 22.1;0;1;1203;1;1203;1;1017;0;-
2026/04/22;16:46:19;95;-; 52.43; 0.0;-; 0.0; 0.0; 0.0;-;-;1945;-0.1; 0.0; 0.0;-7; 22.5;F;1;29;On;On;Off; 22.4; 22.1;0;1;1203;1;1203;1;1017;0;-
2026/04/22;16:47:19;95;-; 52.43; 0.0;-; 0.0; 0.0; 0.0;-;-;1945;-0.2; 0.0; 0.0;-7; 22.5;F;1;29;On;On;Off; 22.4; 22.1;0;1;1203;1;1203;1;1017;0;-
2026/04/22;16:48:19;95;-; 52.43; 0.0;-; 0.0; 0.0; 0.0;-;-;1945;-0.2; 0.0; 0.0;-7; 22.5;F;1;29;On;On;Off; 22.4; 22.1;0;1;1203;1;1203;1;1017;0;-
2026/04/22;16:49:19;95;-; 52.43; 0.0;-; 0.0; 0.0; 0.0;-;-;1945;-0.1; 0.0; 0.0;-7; 22.5;F;1;29;On;On;Off; 22.4; 22.1;0;1;1203;1;1203;1;1017;0;-
2026/04/22;16:50:19;95;-; 52.43; 0.0;-; 0.0; 0.0; 0.0;-;-;1945;-0.1; 0.0; 0.0;-7; 22.5;F;1;29;On;On;Off; 22.4; 22.1;0;1;1203;1;1203;1;1017;0;-
2026/04/22;16:51:19;95;-; 52.43; 0.0;-; 0.0; 0.0; 0.0;-;-;1945;-0.1; 0.0; 0.0;-7; 22.5;F;1;29;On;On;Off; 22.4; 22.1;0;1;1203;1;1203;1;1017;0;-
2026/04/22;16:52:19;95;-; 52.43; 0.0;-; 0.0; 0.0; 0.0;-;-;1945;-0.1; 0.0; 0.0;-7; 22.5;F;1;29;On;On;Off; 22.4; 22.1;0;1;1203;1;1203;1;1017;0;-
2026/04/22;16:53:19;95;-; 52.41; 0.0;-; 0.0; 0.0; 0.0;-;-;1945;-0.1; 0.0; 0.0;-7; 22.5;F;1;29;On;On;Off; 22.4; 22.1;0;1;1203;1;1203;1;1017;0;-
2026/04/22;16:54:18;95;-; 52.41; 0.0;-; 0.0; 0.0; 0.0;-;-;1945;-0.1; 0.0; 0.0;-7; 22.5;F;1;29;On;On;Off; 22.4; 22.1;0;1;1203;1;1203;1;1017;0;-
2026/04/22;16:55:18;95;-; 52.43; 0.0;-; 0.0; 0.0; 0.0;-;-;1945;-0.2; 0.0; 0.0;-8; 22.5;F;1;29;On;On;Off; 22.4; 22.1;0;1;1203;1;1203;1;1017;0;-
2026/04/22;16:56:18;95;-; 52.43; 0.0;-; 0.0; 0.0; 0.0;-;-;1945;-0.2; 0.0; 0.0;-8; 22.5;F;1;29;On;On;Off; 22.4; 22.1;0;1;1203;1;1203;1;1017;0;-
2026/04/22;16:57:18;95;-; 52.41; 0.0;-; 0.0; 0.0; 0.0;-;-;1945;-0.2; 0.0; 0.0;-7; 22.5;F;1;29;On;On;Off; 22.4; 22.1;0;1;1203;1;1203;1;1017;0;-
2026/04/22;16:58:18;95;-; 52.41; 0.0;-; 0.0; 0.0; 0.0;-;-;1945;-0.1; 0.0; 0.0;-7; 22.5;F;1;29;On;On;Off; 22.4; 22.1;0;1;1203;1;1203;1;1017;0;-
2026/04/22;16:59:18;95;-; 52.41; 0.0;-; 0.0; 0.0; 0.0;-;-;1945;-0.1; 0.0; 0.0;-7; 22.5;F;1;29;On;On;Off; 22.4; 22.1;0;1;1203;1;1203;1;1017;0;-
2026/04/22;17:00:18;95;-; 52.43; 0.0;-; 0.0; 0.0; 0.0;-;-;1945;-0.2; 0.0; 0.0;-7; 22.5;F;1;29;On;On;Off; 22.4; 22.1;0;1;1203;1;1203;1;1017;0;-
2026/04/22;17:01:18;95;-; 52.43; 0.0;-; 0.0; 0.0; 0.0;-;-;1945;-0.2; 0.0; 0.0;-7; 22.5;F;1;29;On;On;Off; 22.4; 22.1;0;1;1203;1;1203;1;1017;0;-
2026/04/22;17:02:18;95;-; 52.41; 0.0;-; 0.0; 0.0; 0.0;-;-;1945;-0.2; 0.0; 0.0;-8; 22.5;F;1;29;On;On;Off; 22.4; 22.1;0;1;1203;1;1203;1;1017;0;-
2026/04/22;17:03:18;95;-; 52.41; 0.0;-; 0.0; 0.0; 0.0;-;-;1945;-0.2; 0.0; 0.0;-8; 22.5;F;1;29;On;On;Off; 22.4; 22.1;0;1;1203;1;1203;1;1017;0;-
2026/04/22;17:04:18;95;-; 52.43; 0.0;-; 0.0; 0.0; 0.0;-;-;1945;-0.2; 0.0; 0.0;-7; 22.5;F;1;29;On;On;Off; 22.4; 22.1;0;1;1203;1;1203;1;1017;0;-
2026/04/22;17:05:18;95;-; 52.41; 0.0;-; 0.0; 0.0; 0.0;-;-;1945;-0.2; 0.0; 0.0;-8; 22.5;F;1;29;On;On;Off; 22.4; 22.1;0;1;1203;1;1203;1;1017;0;-
2026/04/22;17:06:18;95;-; 52.41; 0.0;-; 0.0; 0.0; 0.0;-;-;1945;-0.2; 0.0; 0.0;-7; 22.5;F;1;29;On;On;Off; 22.4; 22.1;0;1;1203;1;1203;1;1017;0;-
2026/04/22;17:07:18;95;-; 52.43; 0.0;-; 0.0; 0.0; 0.0;-;-;1946;-0.2; 0.0; 0.0;-8; 22.5;F;1;29;On;On;Off; 22.4; 22.1;0;1;1203;1;1203;1;1017;0;-
2026/04/22;17:08:18;95;-; 52.43; 0.0;-; 0.0; 0.0; 0.0;-;-;1946;-0.2; 0.0; 0.0;-8; 22.5;F;1;29;On;On;Off; 22.4; 22.1;0;1;1203;1;1203;1;1017;0;-
2026/04/22;17:09:17;95;-; 52.41; 0.0;-; 0.0; 0.0; 0.0;-;-;1946;-0.2; 0.0; 0.0;-7; 22.5;F;1;29;On;On;Off; 22.4; 22.1;0;1;1203;1;1203;1;1017;0;-
2026/04/22;17:10:17;95;-; 52.41; 0.0;-; 0.0; 0.0; 0.0;-;-;1946;-0.2; 0.0; 0.0;-8; 22.5;F;1;29;On;On;Off; 22.4; 22.1;0;1;1203;1;1203;1;1017;0;-
2026/04/22;17:11:17;95;-; 52.41; 0.0;-; 0.0; 0.0; 0.0;-;-;1946;-0.2; 0.0; 0.0;-7; 22.5;F;1;29;On;On;Off; 22.4; 22.1;0;1;1203;1;1203;1;1017;0;-
2026/04/22;17:12:17;95;-; 52.41; 0.0;-; 0.0; 0.0; 0.0;-;-;1946;-0.1; 0.0; 0.0;-7; 22.5;F;1;29;On;On;Off; 22.4; 22.1;0;1;1203;1;1203;1;1017;0;-
2026/04/22;17:13:17;95;-; 52.41; 0.0;-; 0.0; 0.0; 0.0;-;-;1946;-0.2; 0.0; 0.0;-7; 22.5;F;1;29;On;On;Off; 22.4; 22.1;0;1;1203;1;1203;1;1017;0;-
2026/04/22;17:14:17;95;-; 52.41; 0.0;-; 0.0; 0.0; 0.0;-;-;1946;-0.2; 0.0; 0.0;-7; 22.4;F;1;29;On;On;Off; 22.4; 22.1;0;1;1203;1;1203;1;1017;0;-
2026/04/22;17:15:17;95;-; 52.41; 0.0;-; 0.0; 0.0; 0.0;-;-;1946;-0.2; 0.0; 0.0;-8; 22.4;F;1;29;On;On;Off; 22.4; 22.1;0;1;1203;1;1203;1;1017;0;-
2026/04/22;17:16:17;95;-; 52.41; 0.0;-; 0.0; 0.0; 0.0;-;-;1946;-0.2; 0.0; 0.0;-8; 22.5;F;1;29;On;On;Off; 22.4; 22.1;0;1;1203;1;1203;1;1017;0;-
2026/04/22;17:17:17;95;-; 52.41; 0.0;-; 0.0; 0.0; 0.0;-;-;1946;-0.2; 0.0; 0.0;-7; 22.4;F;1;29;On;On;Off; 22.4; 22.1;0;1;1203;1;1203;1;1017;0;-
2026/04/22;17:18:17;95;-; 52.41; 0.0;-; 0.0; 0.0; 0.0;-;-;1946;-0.2; 0.0; 0.0;-8; 22.5;F;1;29;On;On;Off; 22.4; 22.1;0;1;1203;1;1203;1;1017;0;-
2026/04/22;17:19:17;95;-; 52.41; 0.0;-; 0.0; 0.0; 0.0;-;-;1946;-0.1; 0.0; 0.0;-7; 22.4;F;1;29;On;On;Off; 22.4; 22.1;0;1;1203;1;1203;1;1017;0;-
2026/04/22;17:20:17;95;-; 52.41; 0.0;-; 0.0; 0.0; 0.0;-;-;1946;-0.1; 0.0; 0.0;-7; 22.4;F;1;29;On;On;Off; 22.4; 22.1;0;1;1203;1;1203;1;1017;0;-
2026/04/22;17:21:17;95;-; 52.41; 0.0;-; 0.0; 0.0; 0.0;-;-;1946;-0.1; 0.0; 0.0;-7; 22.4;F;1;29;On;On;Off; 22.4; 22.1;0;1;1203;1;1203;1;1017;0;-
2026/04/22;17:22:17;95;-; 52.41; 0.0;-; 0.0; 0.0; 0.0;-;-;1946;-0.1; 0.0; 0.0;-7; 22.4;F;1;29;On;On;Off; 22.4; 22.1;0;1;1203;1;1203;1;1017;0;-
2026/04/22;17:23:17;95;-; 52.41; 0.0;-; 0.0; 0.0; 0.0;-;-;1946;-0.1; 0.0; 0.0;-7; 22.4;F;1;29;On;On;Off; 22.3; 22.1;0;1;1203;1;1203;1;1017;0;-
2026/04/22;17:24:17;95;-; 52.41; 0.0;-; 0.0; 0.0; 0.0;-;-;1946;-0.1; 0.0; 0.0;-7; 22.4;F;1;29;On;On;Off; 22.4; 22.1;0;1;1203;1;1203;1;1017;0;-
2026/04/22;17:25:16;95;-; 52.41; 0.0;-; 0.0; 0.0; 0.0;-;-;1946;-0.1; 0.0; 0.0;-7; 22.4;F;1;29;On;On;Off; 22.4; 22.1;0;1;1203;1;1203;1;1017;0;-
2026/04/22;17:26:16;95;-; 52.41; 0.0;-; 0.0; 0.0; 0.0;-;-;1946;-0.1; 0.0; 0.0;-7; 22.4;F;1;29;On;On;Off; 22.4; 22.1;0;1;1203;1;1203;1;1017;0;-
2026/04/22;17:27:16;95;-; 52.41; 0.0;-; 0.0; 0.0; 0.0;-;-;1946;-0.1; 0.0; 0.0;-7; 22.4;F;1;29;On;On;Off; 22.3; 22.1;0;1;1203;1;1203;1;1017;0;-
2026/04/22;17:28:16;95;-; 52.41; 0.0;-; 0.0; 0.0; 0.0;-;-;1946;-0.1; 0.0; 0.0;-7; 22.4;F;1;29;On;On;Off; 22.3; 22.1;0;1;1203;1;1203;1;1017;0;-
2026/04/22;17:29:16;95;-; 52.39; 0.0;-; 0.0; 0.0; 0.0;-;-;1946;-0.2; 0.0; 0.0;-7; 22.4;F;1;29;On;On;Off; 22.4; 22.1;0;1;1203;1;1203;1;1017;0;-
2026/04/22;17:30:16;95;-; 52.39; 0.0;-; 0.0; 0.0; 0.0;-;-;1946;-0.1; 0.0; 0.0;-7; 22.4;F;1;29;On;On;Off; 22.3; 22.1;0;1;1203;1;1203;1;1017;0;-
2026/04/22;17:31:16;95;-; 52.41; 0.0;-; 0.0; 0.0; 0.0;-;-;1946;-0.1; 0.0; 0.0;-7; 22.4;F;1;29;On;On;Off; 22.4; 22.1;0;1;1203;1;1203;1;1017;0;-
2026/04/22;17:32:16;95;-; 52.41; 0.0;-; 0.0; 0.0; 0.0;-;-;1946;-0.1; 0.0; 0.0;-6; 22.4;F;1;29;On;On;Off; 22.3; 22.1;0;1;1203;1;1203;1;1017;0;-
2026/04/22;17:33:16;95;-; 52.41; 0.0;-; 0.0; 0.0; 0.0;-;-;1946;-0.1; 0.0; 0.0;-6; 22.4;F;1;29;On;On;Off; 22.3; 22.1;0;1;1203;1;1203;1;1017;0;-
2026/04/22;17:34:16;95;-; 52.41; 0.0;-; 0.0; 0.0; 0.0;-;-;1946;-0.1; 0.0; 0.0;-7; 22.4;F;1;29;On;On;Off; 22.3; 22.1;0;1;1203;1;1203;1;1017;0;-
2026/04/22;17:35:16;95;-; 52.39; 0.0;-; 0.0; 0.0; 0.0;-;-;1946;-0.1; 0.0; 0.0;-7; 22.4;F;1;29;On;On;Off; 22.3; 22.1;0;1;1203;1;1203;1;1017;0;-
2026/04/22;17:36:16;95;-; 52.41; 0.0;-; 0.0; 0.0; 0.0;-;-;1946;-0.1; 0.0; 0.0;-7; 22.4;F;1;29;On;On;Off; 22.3; 22.1;0;1;1203;1;1203;1;1017;0;-
2026/04/22;17:37:16;95;-; 52.39; 0.0;-; 0.0; 0.0; 0.0;-;-;1946;-0.1; 0.0; 0.0;-7; 22.4;F;1;29;On;On;Off; 22.3; 22.1;0;1;1203;1;1203;1;1017;0;-
2026/04/22;17:38:16;95;-; 52.41; 0.0;-; 0.0; 0.0; 0.0;-;-;1946;-0.1; 0.0; 0.0;-7; 22.4;F;1;29;On;On;Off; 22.3; 22.1;0;1;1203;1;1203;1;1017;0;-
2026/04/22;17:39:16;95;-; 52.41; 0.0;-; 0.0; 0.0; 0.0;-;-;1946;-0.1; 0.0; 0.0;-7; 22.4;F;1;29;On;On;Off; 22.4; 22.1;0;1;1203;1;1203;1;1017;0;-
2026/04/22;17:40:16;95;-; 52.41; 0.0;-; 0.0; 0.0; 0.0;-;-;1946;-0.1; 0.0; 0.0;-6; 22.4;F;1;29;On;On;Off; 22.3; 22.1;0;1;1203;1;1203;1;1017;0;-
2026/04/22;17:41:15;94;-; 52.39; 0.0;-; 0.0; 0.0; 0.0;-;-;1946;-0.1; 0.0; 0.0;-6; 22.4;F;1;29;On;On;Off; 22.3; 22.1;0;1;1203;1;1203;1;1017;0;-
2026/04/22;17:42:15;94;-; 52.41; 0.0;-; 0.0; 0.0; 0.0;-;-;1946;-0.1; 0.0; 0.0;-7; 22.4;F;1;29;On;On;Off; 22.3; 22.1;0;1;1203;1;1203;1;1017;0;-
2026/04/22;17:43:15;94;-; 52.41; 0.0;-; 0.0; 0.0; 0.0;-;-;1946;-0.1; 0.0; 0.0;-7; 22.4;F;1;29;On;On;Off; 22.3; 22.1;0;1;1203;1;1203;1;1017;0;-
2026/04/22;17:44:15;94;-; 52.41; 0.0;-; 0.0; 0.0; 0.0;-;-;1946;-0.1; 0.0; 0.0;-7; 22.4;F;1;29;On;On;Off; 22.3; 22.1;0;1;1203;1;1203;1;1017;0;-
2026/04/22;17:45:15;94;-; 52.41; 0.0;-; 0.0; 0.0; 0.0;-;-;1946;-0.1; 0.0; 0.0;-7; 22.4;F;1;29;On;On;Off; 22.3; 22.1;0;1;1203;1;1203;1;1017;0;-
2026/04/22;17:46:15;94;-; 52.41; 0.0;-; 0.0; 0.0; 0.0;-;-;1946;-0.1; 0.0; 0.0;-6; 22.4;F;1;29;On;On;Off; 22.3; 22.1;0;1;1203;1;1203;1;1017;0;-
2026/04/22;17:47:15;94;-; 52.41; 0.0;-; 0.0; 0.0; 0.0;-;-;1946;-0.1; 0.0; 0.0;-7; 22.4;F;1;29;On;On;Off; 22.3; 22.0;0;1;1203;1;1203;1;1017;0;-
2026/04/22;17:48:15;94;-; 52.41; 0.0;-; 0.0; 0.0; 0.0;-;-;1946;-0.1; 0.0; 0.0;-7; 22.4;F;1;29;On;On;Off; 22.3; 22.0;0;1;1203;1;1203;1;1017;0;-
2026/04/22;17:49:15;94;-; 52.39; 0.0;-; 0.0; 0.0; 0.0;-;-;1946;-0.1; 0.0; 0.0;-7; 22.4;F;1;29;On;On;Off; 22.3; 22.0;0;1;1203;1;1203;1;1017;0;-
2026/04/22;17:50:15;94;-; 52.41; 0.0;-; 0.0; 0.0; 0.0;-;-;1946;-0.1; 0.0; 0.0;-7; 22.4;F;1;29;On;On;Off; 22.3; 22.1;0;1;1203;1;1203;1;1017;0;-
2026/04/22;17:51:15;94;-; 52.41; 0.0;-; 0.0; 0.0; 0.0;-;-;1946;-0.1; 0.0; 0.0;-7; 22.4;F;1;29;On;On;Off; 22.3; 22.1;0;1;1203;1;1203;1;1017;0;-
2026/04/22;17:52:15;94;-; 52.39; 0.0;-; 0.0; 0.0; 0.0;-;-;1946;-0.1; 0.0; 0.0;-7; 22.4;F;1;29;On;On;Off; 22.3; 22.0;0;1;1203;1;1203;1;1017;0;-
2026/04/22;17:53:15;94;-; 52.41; 0.0;-; 0.0; 0.0; 0.0;-;-;1946;-0.1; 0.0; 0.0;-7; 22.4;F;1;29;On;On;Off; 22.3; 22.1;0;1;1203;1;1203;1;1017;0;-
2026/04/22;17:54:15;94;-; 52.41; 0.0;-; 0.0; 0.0; 0.0;-;-;1946;-0.1; 0.0; 0.0;-7; 22.3;F;1;29;On;On;Off; 22.3; 22.0;0;1;1203;1;1203;1;1017;0;-
2026/04/22;17:55:15;94;-; 52.41; 0.0;-; 0.0; 0.0; 0.0;-;-;1946;-0.2; 0.0; 0.0;-7; 22.3;F;1;29;On;On;Off; 22.3; 22.0;0;1;1203;1;1203;1;1017;0;-
2026/04/22;17:56:15;94;-; 52.41; 0.0;-; 0.0; 0.0; 0.0;-;-;1946;-0.2; 0.0; 0.0;-7; 22.3;F;1;29;On;On;Off; 22.3; 22.1;0;1;1203;1;1203;1;1017;0;-
2026/04/22;17:57:14;94;-; 52.39; 0.0;-; 0.0; 0.0; 0.0;-;-;1946;-0.1; 0.0; 0.0;-7; 22.3;F;1;29;On;On;Off; 22.3; 22.1;0;1;1203;1;1203;1;1017;0;-
2026/04/22;17:58:14;94;-; 52.41; 0.0;-; 0.0; 0.0; 0.0;-;-;1946;-0.1; 0.0; 0.0;-7; 22.3;F;1;29;On;On;Off; 22.3; 22.0;0;1;1203;1;1203;1;1017;0;-
2026/04/22;17:59:14;94;-; 52.39; 0.0;-; 0.0; 0.0; 0.0;-;-;1946;-0.2; 0.0; 0.0;-8; 22.3;F;1;29;On;On;Off; 22.3; 22.1;0;1;1203;1;1203;1;1017;0;-
2026/04/22;18:00:14;94;-; 52.41; 0.0;-; 0.0; 0.0; 0.0;-;-;1946;-0.2; 0.0; 0.0;-7; 22.3;F;1;29;On;On;Off; 22.3; 22.1;0;1;1203;1;1203;1;1017;0;-
2026/04/22;18:01:14;94;-; 52.39; 0.0;-; 0.0; 0.0; 0.0;-;-;1946;-0.2; 0.0; 0.0;-7; 22.3;F;1;29;On;On;Off; 22.3; 22.0;0;1;1203;1;1203;1;1017;0;-
2026/04/22;18:02:14;94;-; 52.41; 0.0;-; 0.0; 0.0; 0.0;-;-;1946;-0.2; 0.0; 0.0;-7; 22.3;F;1;29;On;On;Off; 22.3; 22.1;0;1;1203;1;1203;1;1017;0;-
2026/04/22;18:03:14;94;-; 52.39; 0.0;-; 0.0; 0.0; 0.0;-;-;1946;-0.2; 0.0; 0.0;-8; 22.3;F;1;29;On;On;Off; 22.3; 22.1;0;1;1203;1;1203;1;1017;0;-
2026/04/22;18:04:14;94;-; 52.41; 0.0;-; 0.0; 0.0; 0.0;-;-;1946;-0.2; 0.0; 0.0;-7; 22.3;F;1;29;On;On;Off; 22.3; 22.0;0;1;1203;1;1203;1;1017;0;-
2026/04/22;18:05:14;94;-; 52.41; 0.0;-; 0.0; 0.0; 0.0;-;-;1946;-0.2; 0.0; 0.0;-7; 22.3;F;1;29;On;On;Off; 22.3; 22.1;0;1;1203;1;1203;1;1017;0;-
2026/04/22;18:06:14;94;-; 52.41; 0.0;-; 0.0; 0.0; 0.0;-;-;1946;-0.2; 0.0; 0.0;-7; 22.3;F;1;29;On;On;Off; 22.3; 22.1;0;1;1203;1;1203;1;1017;0;-
2026/04/22;18:07:14;94;-; 52.41; 0.0;-; 0.0; 0.0; 0.0;-;-;1947;-0.2; 0.0; 0.0;-8; 22.3;F;1;29;On;On;Off; 22.3; 22.1;0;1;1203;1;1203;1;1017;0;-
2026/04/22;18:08:14;94;-; 52.41; 0.0;-; 0.0; 0.0; 0.0;-;-;1947;-0.2; 0.0; 0.0;-7; 22.3;F;1;29;On;On;Off; 22.3; 22.1;0;1;1203;1;1203;1;1017;0;-
2026/04/22;18:09:14;94;-; 52.39; 0.0;-; 0.0; 0.0; 0.0;-;-;1947;-0.1; 0.0; 0.0;-7; 22.3;F;1;29;On;On;Off; 22.3; 22.0;0;1;1203;1;1203;1;1017;0;-
2026/04/22;18:10:14;94;-; 52.39; 0.0;-; 0.0; 0.0; 0.0;-;-;1947;-0.1; 0.0; 0.0;-7; 22.3;F;1;29;On;On;Off; 22.3; 22.0;0;1;1203;1;1203;1;1017;0;-
2026/04/22;18:11:14;94;-; 52.41; 0.0;-; 0.0; 0.0; 0.0;-;-;1947;-0.1; 0.0; 0.0;-7; 22.3;F;1;29;On;On;Off; 22.3; 22.0;0;1;1203;1;1203;1;1017;0;-
2026/04/22;18:12:13;94;-; 52.41; 0.0;-; 0.0; 0.0; 0.0;-;-;1947;-0.1; 0.0; 0.0;-7; 22.3;F;1;29;On;On;Off; 22.3; 22.1;0;1;1203;1;1203;1;1017;0;-
2026/04/22;18:13:13;94;-; 52.41; 0.0;-; 0.0; 0.0; 0.0;-;-;1947;-0.1; 0.0; 0.0;-7; 22.3;F;1;29;On;On;Off; 22.3; 22.0;0;1;1203;1;1203;1;1017;0;-
2026/04/22;18:14:13;94;-; 52.41; 0.0;-; 0.0; 0.0; 0.0;-;-;1947;-0.1; 0.0; 0.0;-7; 22.3;F;1;29;On;On;Off; 22.3; 22.0;0;1;1203;1;1203;1;1017;0;-
2026/04/22;18:15:13;94;-; 52.41; 0.0;-; 0.0; 0.0; 0.0;-;-;1947;-0.1; 0.0; 0.0;-7; 22.3;F;1;29;On;On;Off; 22.3; 22.0;0;1;1203;1;1203;1;1017;0;-
2026/04/22;18:16:13;94;-; 52.41; 0.0;-; 0.0; 0.0; 0.0;-;-;1947;-0.2; 0.0; 0.0;-7; 22.3;F;1;29;On;On;Off; 22.3; 22.0;0;1;1203;1;1203;1;1017;0;-
2026/04/22;18:17:13;94;-; 52.41; 0.0;-; 0.0; 0.0; 0.0;-;-;1947;-0.1; 0.0; 0.0;-7; 22.3;F;1;29;On;On;Off; 22.3; 22.0;0;1;1203;1;1203;1;1017;0;-
2026/04/22;18:18:13;94;-; 52.41; 0.0;-; 0.0; 0.0; 0.0;-;-;1947;-0.1; 0.0; 0.0;-7; 22.3;F;1;29;On;On;Off; 22.3; 22.0;0;1;1203;1;1203;1;1017;0;-
2026/04/22;18:19:13;94;-; 52.41; 0.0;-; 0.0; 0.0; 0.0;-;-;1947;-0.2; 0.0; 0.0;-8; 22.3;F;1;29;On;On;Off; 22.3; 22.0;0;1;1203;1;1203;1;1017;0;-
2026/04/22;18:20:13;94;-; 52.41; 0.0;-; 0.0; 0.0; 0.0;-;-;1947;-0.2; 0.0; 0.0;-8; 22.3;F;1;29;On;On;Off; 22.3; 22.0;0;1;1203;1;1203;1;1017;0;-
2026/04/22;18:21:13;94;-; 52.39; 0.0;-; 0.0; 0.0; 0.0;-;-;1947;-0.1; 0.0; 0.0;-7; 22.3;F;1;29;On;On;Off; 22.3; 22.0;0;1;1203;1;1203;1;1017;0;-
2026/04/22;18:22:13;94;-; 52.41; 0.0;-; 0.0; 0.0; 0.0;-;-;1947;-0.2; 0.0; 0.0;-7; 22.3;F;1;29;On;On;Off; 22.3; 22.0;0;1;1203;1;1203;1;1017;0;-
2026/04/22;18:23:13;94;-; 52.41; 0.0;-; 0.0; 0.0; 0.0;-;-;1947;-0.1; 0.0; 0.0;-7; 22.3;F;1;29;On;On;Off; 22.3; 22.0;0;1;1203;1;1203;1;1017;0;-
2026/04/22;18:24:13;94;-; 52.39; 0.0;-; 0.0; 0.0; 0.0;-;-;1947;-0.1; 0.0; 0.0;-7; 22.3;F;1;29;On;On;Off; 22.3; 22.0;0;1;1203;1;1203;1;1017;0;-
2026/04/22;18:25:13;94;-; 52.39; 0.0;-; 0.0; 0.0; 0.0;-;-;1947;-0.2; 0.0; 0.0;-7; 22.3;F;1;29;On;On;Off; 22.3; 22.0;0;1;1203;1;1203;1;1017;0;-
2026/04/22;18:26:13;94;-; 52.41; 0.0;-; 0.0; 0.0; 0.0;-;-;1947;-0.2; 0.0; 0.0;-7; 22.3;F;1;29;On;On;Off; 22.3; 22.0;0;1;1203;1;1203;1;1017;0;-
2026/04/22;18:27:13;94;-; 52.41; 0.0;-; 0.0; 0.0; 0.0;-;-;1947;-0.1; 0.0; 0.0;-7; 22.3;F;1;29;On;On;Off; 22.3; 22.0;0;1;1203;1;1203;1;1017;0;-
2026/04/22;18:28:12;94;-; 52.39; 0.0;-; 0.0; 0.0; 0.0;-;-;1947;-0.1; 0.0; 0.0;-7; 22.3;F;1;29;On;On;Off; 22.3; 22.0;0;1;1203;1;1203;1;1017;0;-
2026/04/22;18:29:12;94;-; 52.41; 0.0;-; 0.0; 0.0; 0.0;-;-;1947;-0.1; 0.0; 0.0;-7; 22.3;F;1;29;On;On;Off; 22.3; 22.0;0;1;1203;1;1203;1;1017;0;-
2026/04/22;18:30:12;94;-; 52.41; 0.0;-; 0.0; 0.0; 0.0;-;-;1947;-0.2; 0.0; 0.0;-7; 22.3;F;1;29;On;On;Off; 22.3; 22.0;0;1;1203;1;1203;1;1017;0;-
2026/04/22;18:31:12;94;-; 52.39; 0.0;-; 0.0; 0.0; 0.0;-;-;1947;-0.1; 0.0; 0.0;-7; 22.3;F;1;29;On;On;Off; 22.3; 22.0;0;1;1203;1;1203;1;1017;0;-
2026/04/22;18:32:12;94;-; 52.41; 0.0;-; 0.0; 0.0; 0.0;-;-;1947;-0.1; 0.0; 0.0;-7; 22.3;F;1;29;On;On;Off; 22.3; 22.1;0;1;1203;1;1203;1;1017;0;-
2026/04/22;18:33:12;94;-; 52.41; 0.0;-; 0.0; 0.0; 0.0;-;-;1947;-0.2; 0.0; 0.0;-7; 22.3;F;1;29;On;On;Off; 22.3; 22.1;0;1;1203;1;1203;1;1017;0;-
2026/04/22;18:34:12;94;-; 52.39; 0.0;-; 0.0; 0.0; 0.0;-;-;1947;-0.1; 0.0; 0.0;-7; 22.3;F;1;29;On;On;Off; 22.3; 22.0;0;1;1203;1;1203;1;1017;0;-
2026/04/22;18:35:12;94;-; 52.39; 0.0;-; 0.0; 0.0; 0.0;-;-;1947;-0.2; 0.0; 0.0;-8; 22.3;F;1;29;On;On;Off; 22.3; 22.0;0;1;1203;1;1203;1;1017;0;-
2026/04/22;18:36:12;94;-; 52.41; 0.0;-; 0.0; 0.0; 0.0;-;-;1947;-0.2; 0.0; 0.0;-8; 22.3;F;1;29;On;On;Off; 22.3; 22.1;0;1;1203;1;1203;1;1017;0;-
2026/04/22;18:37:12;94;-; 52.41; 0.0;-; 0.0; 0.0; 0.0;-;-;1947;-0.1; 0.0; 0.0;-7; 22.3;F;1;29;On;On;Off; 22.3; 22.0;0;1;1203;1;1203;1;1017;0;-
2026/04/22;18:38:12;94;-; 52.41; 0.0;-; 0.0; 0.0; 0.0;-;-;1947;-0.1; 0.0; 0.0;-7; 22.3;F;1;29;On;On;Off; 22.3; 22.0;0;1;1203;1;1203;1;1017;0;-
2026/04/22;18:39:12;94;-; 52.41; 0.0;-; 0.0; 0.0; 0.0;-;-;1947;-0.1; 0.0; 0.0;-7; 22.3;F;1;29;On;On;Off; 22.3; 22.0;0;1;1203;1;1203;1;1017;0;-
2026/04/22;18:40:12;94;-; 52.39; 0.0;-; 0.0; 0.0; 0.0;-;-;1947;-0.2; 0.0; 0.0;-7; 22.3;F;1;29;On;On;Off; 22.3; 22.0;0;1;1203;1;1203;1;1017;0;-
2026/04/22;18:41:12;94;-; 52.41; 0.0;-; 0.0; 0.0; 0.0;-;-;1947;-0.2; 0.0; 0.0;-7; 22.3;F;1;29;On;On;Off; 22.3; 22.1;0;1;1203;1;1203;1;1017;0;-
2026/04/22;18:42:12;94;-; 52.39; 0.0;-; 0.0; 0.0; 0.0;-;-;1947;-0.2; 0.0; 0.0;-8; 22.3;F;1;29;On;On;Off; 22.3; 22.1;0;1;1203;1;1203;1;1017;0;-
2026/04/22;18:43:12;94;-; 52.41; 0.0;-; 0.0; 0.0; 0.0;-;-;1947;-0.2; 0.0; 0.0;-8; 22.3;F;1;29;On;On;Off; 22.3; 22.0;0;1;1203;1;1203;1;1017;0;-
2026/04/22;18:44:11;94;-; 52.41; 0.0;-; 0.0; 0.0; 0.0;-;-;1947;-0.2; 0.0; 0.0;-8; 22.3;F;1;29;On;On;Off; 22.3; 22.1;0;1;1203;1;1203;1;1017;0;-
2026/04/22;18:45:11;94;-; 52.41; 0.0;-; 0.0; 0.0; 0.0;-;-;1947;-0.2; 0.0; 0.0;-8; 22.3;F;1;29;On;On;Off; 22.3; 22.1;0;1;1203;1;1203;1;1017;0;-
2026/04/22;18:46:11;94;-; 52.39; 0.0;-; 0.0; 0.0; 0.0;-;-;1947;-0.2; 0.0; 0.0;-8; 22.3;F;1;29;On;On;Off; 22.3; 22.1;0;1;1203;1;1203;1;1017;0;-
2026/04/22;18:47:11;94;-; 52.39; 0.0;-; 0.0; 0.0; 0.0;-;-;1947;-0.2; 0.0; 0.0;-8; 22.3;F;1;29;On;On;Off; 22.3; 22.0;0;1;1203;1;1203;1;1017;0;-
2026/04/22;18:48:11;94;-; 52.41; 0.0;-; 0.0; 0.0; 0.0;-;-;1947;-0.2; 0.0; 0.0;-8; 22.3;F;1;29;On;On;Off; 22.3; 22.0;0;1;1203;1;1203;1;1017;0;-
2026/04/22;18:49:11;94;-; 52.41; 0.0;-; 0.0; 0.0; 0.0;-;-;1947;-0.2; 0.0; 0.0;-8; 22.3;F;1;29;On;On;Off; 22.3; 22.1;0;1;1203;1;1203;1;1017;0;-
2026/04/22;18:50:11;94;-; 52.39; 0.0;-; 0.0; 0.0; 0.0;-;-;1947;-0.2; 0.0; 0.0;-7; 22.3;F;1;29;On;On;Off; 22.3; 22.1;0;1;1203;1;1203;1;1017;0;-
2026/04/22;18:51:11;94;-; 52.41; 0.0;-; 0.0; 0.0; 0.0;-;-;1947;-0.2; 0.0; 0.0;-8; 22.3;F;1;29;On;On;Off; 22.3; 22.1;0;1;1203;1;1203;1;1017;0;-
2026/04/22;18:52:11;94;-; 52.41; 0.0;-; 0.0; 0.0; 0.0;-;-;1947;-0.2; 0.0; 0.0;-8; 22.3;F;1;29;On;On;Off; 22.3; 22.1;0;1;1203;1;1203;1;1017;0;-
2026/04/22;18:53:11;94;-; 52.41; 0.0;-; 0.0; 0.0; 0.0;-;-;1947;-0.2; 0.0; 0.0;-8; 22.3;F;1;29;On;On;Off; 22.3; 22.0;0;1;1203;1;1203;1;1017;0;-
2026/04/22;18:54:11;94;-; 52.41; 0.0;-; 0.0; 0.0; 0.0;-;-;1947;-0.2; 0.0; 0.0;-8; 22.3;F;1;29;On;On;Off; 22.3; 22.1;0;1;1203;1;1203;1;1017;0;-
2026/04/22;18:55:11;94;-; 52.41; 0.0;-; 0.0; 0.0; 0.0;-;-;1947;-0.2; 0.0; 0.0;-8; 22.3;F;1;29;On;On;Off; 22.3; 22.1;0;1;1203;1;1203;1;1017;0;-
2026/04/22;18:56:11;94;-; 52.39; 0.0;-; 0.0; 0.0; 0.0;-;-;1947;-0.2; 0.0; 0.0;-8; 22.3;F;1;29;On;On;Off; 22.3; 22.1;0;1;1203;1;1203;1;1017;0;-
2026/04/22;18:57:11;94;-; 52.39; 0.0;-; 0.0; 0.0; 0.0;-;-;1947;-0.2; 0.0; 0.0;-8; 22.3;F;1;29;On;On;Off; 22.3; 22.0;0;1;1203;1;1203;1;1017;0;-
2026/04/22;18:58:11;94;-; 52.39; 0.0;-; 0.0; 0.0; 0.0;-;-;1947;-0.2; 0.0; 0.0;-8; 22.3;F;1;29;On;On;Off; 22.3; 22.0;0;1;1203;1;1203;1;1017;0;-
2026/04/22;18:59:11;94;-; 52.41; 0.0;-; 0.0; 0.0; 0.0;-;-;1947;-0.2; 0.0; 0.0;-8; 22.3;F;1;29;On;On;Off; 22.3; 22.1;0;1;1203;1;1203;1;1017;0;-
2026/04/22;19:00:10;94;-; 52.41; 0.0;-; 0.0; 0.0; 0.0;-;-;1947;-0.2; 0.0; 0.0;-8; 22.3;F;1;29;On;On;Off; 22.3; 22.0;0;1;1203;1;1203;1;1017;0;-
2026/04/22;19:01:10;94;-; 52.41; 0.0;-; 0.0; 0.0; 0.0;-;-;1947;-0.2; 0.0; 0.0;-8; 22.3;F;1;29;On;On;Off; 22.3; 22.1;0;1;1203;1;1203;1;1017;0;-
2026/04/22;19:02:10;94;-; 52.39; 0.0;-; 0.0; 0.0; 0.0;-;-;1947;-0.2; 0.0; 0.0;-8; 22.3;F;1;29;On;On;Off; 22.3; 22.1;0;1;1203;1;1203;1;1017;0;-
2026/04/22;19:03:10;94;-; 52.41; 0.0;-; 0.0; 0.0; 0.0;-;-;1947;-0.2; 0.0; 0.0;-8; 22.3;F;1;29;On;On;Off; 22.3; 22.0;0;1;1203;1;1203;1;1017;0;-
2026/04/22;19:04:10;94;-; 52.41; 0.0;-; 0.0; 0.0; 0.0;-;-;1947;-0.2; 0.0; 0.0;-8; 22.3;F;1;29;On;On;Off; 22.3; 22.1;0;1;1203;1;1203;1;1017;0;-
2026/04/22;19:05:10;94;-; 52.39; 0.0;-; 0.0; 0.0; 0.0;-;-;1947;-0.2; 0.0; 0.0;-7; 22.3;F;1;29;On;On;Off; 22.3; 22.0;0;1;1203;1;1203;1;1017;0;-
2026/04/22;19:06:10;94;-; 52.39; 0.0;-; 0.0; 0.0; 0.0;-;-;1947;-0.2; 0.0; 0.0;-7; 22.3;F;1;29;On;On;Off; 22.3; 22.1;0;1;1203;1;1203;1;1017;0;-
2026/04/22;19:07:10;94;-; 52.41; 0.0;-; 0.0; 0.0; 0.0;-;-;1948;-0.1; 0.0; 0.0;-7; 22.3;F;1;29;On;On;Off; 22.3; 22.1;0;1;1203;1;1203;1;1017;0;-
2026/04/22;19:08:10;94;-; 52.41; 0.0;-; 0.0; 0.0; 0.0;-;-;1948;-0.1; 0.0; 0.0;-7; 22.3;F;1;29;On;On;Off; 22.3; 22.1;0;1;1203;1;1203;1;1017;0;-
2026/04/22;19:09:10;94;-; 52.41; 0.0;-; 0.0; 0.0; 0.0;-;-;1948;-0.1; 0.0; 0.0;-7; 22.3;F;1;29;On;On;Off; 22.3; 22.0;0;1;1203;1;1203;1;1017;0;-
2026/04/22;19:10:10;94;-; 52.41; 0.0;-; 0.0; 0.0; 0.0;-;-;1948;-0.2; 0.0; 0.0;-7; 22.3;F;1;29;On;On;Off; 22.3; 22.1;0;1;1203;1;1203;1;1017;0;-
2026/04/22;19:11:10;94;-; 52.39; 0.0;-; 0.0; 0.0; 0.0;-;-;1948;-0.1; 0.0; 0.0;-7; 22.3;F;1;29;On;On;Off; 22.3; 22.1;0;1;1203;1;1203;1;1017;0;-
2026/04/22;19:12:10;94;-; 52.39; 0.0;-; 0.0; 0.0; 0.0;-;-;1948;-0.2; 0.0; 0.0;-7; 22.3;F;1;29;On;On;Off; 22.3; 22.1;0;1;1203;1;1203;1;1017;0;-
2026/04/22;19:13:10;94;-; 52.39; 0.0;-; 0.0; 0.0; 0.0;-;-;1948;-0.1; 0.0; 0.0;-7; 22.3;F;1;29;On;On;Off; 22.3; 22.0;0;1;1203;1;1203;1;1017;0;-
2026/04/22;19:14:10;94;-; 52.41; 0.0;-; 0.0; 0.0; 0.0;-;-;1948;-0.2; 0.0; 0.0;-7; 22.3;F;1;29;On;On;Off; 22.3; 22.1;0;1;1203;1;1203;1;1017;0;-
2026/04/22;19:15:10;94;-; 52.41; 0.0;-; 0.0; 0.0; 0.0;-;-;1948;-0.2; 0.0; 0.0;-8; 22.3;F;1;29;On;On;Off; 22.3; 22.1;0;1;1203;1;1203;1;1017;0;-
2026/04/22;19:16:09;94;-; 52.41; 0.0;-; 0.0; 0.0; 0.0;-;-;1948;-0.2; 0.0; 0.0;-8; 22.3;F;1;29;On;On;Off; 22.3; 22.1;0;1;1203;1;1203;1;1017;0;-
2026/04/22;19:17:09;94;-; 52.41; 0.0;-; 0.0; 0.0; 0.0;-;-;1948;-0.2; 0.0; 0.0;-8; 22.3;F;1;29;On;On;Off; 22.3; 22.0;0;1;1203;1;1203;1;1017;0;-
2026/04/22;19:18:09;94;-; 52.41; 0.0;-; 0.0; 0.0; 0.0;-;-;1948;-0.1; 0.0; 0.0;-7; 22.3;F;1;29;On;On;Off; 22.3; 22.1;0;1;1203;1;1203;1;1017;0;-
2026/04/22;19:19:09;94;-; 52.41; 0.0;-; 0.0; 0.0; 0.0;-;-;1948;-0.2; 0.0; 0.0;-7; 22.3;F;1;29;On;On;Off; 22.3; 22.0;0;1;1203;1;1203;1;1017;0;-
2026/04/22;19:20:09;94;-; 52.41; 0.0;-; 0.0; 0.0; 0.0;-;-;1948;-0.1; 0.0; 0.0;-7; 22.3;F;1;29;On;On;Off; 22.3; 22.0;0;1;1203;1;1203;1;1017;0;-
2026/04/22;19:21:09;94;-; 52.41; 0.0;-; 0.0; 0.0; 0.0;-;-;1948;-0.2; 0.0; 0.0;-7; 22.3;F;1;29;On;On;Off; 22.3; 22.0;0;1;1203;1;1203;1;1017;0;-
2026/04/22;19:22:09;94;-; 52.41; 0.0;-; 0.0; 0.0; 0.0;-;-;1948;-0.1; 0.0; 0.0;-7; 22.3;F;1;29;On;On;Off; 22.3; 22.0;0;1;1203;1;1203;1;1017;0;-
2026/04/22;19:23:09;94;-; 52.41; 0.0;-; 0.0; 0.0; 0.0;-;-;1948;-0.2; 0.0; 0.0;-7; 22.3;F;1;29;On;On;Off; 22.3; 22.1;0;1;1203;1;1203;1;1017;0;-
2026/04/22;19:24:09;94;-; 52.39; 0.0;-; 0.0; 0.0; 0.0;-;-;1948;-0.1; 0.0; 0.0;-7; 22.3;F;1;29;On;On;Off; 22.3; 22.1;0;1;1203;1;1203;1;1017;0;-
2026/04/22;19:25:09;94;-; 52.39; 0.0;-; 0.0; 0.0; 0.0;-;-;1948;-0.1; 0.0; 0.0;-7; 22.3;F;1;29;On;On;Off; 22.3; 22.0;0;1;1203;1;1203;1;1017;0;-
2026/04/22;19:26:09;94;-; 52.41; 0.0;-; 0.0; 0.0; 0.0;-;-;1948;-0.2; 0.0; 0.0;-7; 22.3;F;1;29;On;On;Off; 22.3; 22.1;0;1;1203;1;1203;1;1017;0;-
2026/04/22;19:27:09;94;-; 52.39; 0.0;-; 0.0; 0.0; 0.0;-;-;1948;-0.1; 0.0; 0.0;-7; 22.3;F;1;29;On;On;Off; 22.3; 22.1;0;1;1203;1;1203;1;1017;0;-
2026/04/22;19:28:09;94;-; 52.41; 0.0;-; 0.0; 0.0; 0.0;-;-;1948;-0.2; 0.0; 0.0;-7; 22.3;F;1;29;On;On;Off; 22.3; 22.1;0;1;1203;1;1203;1;1017;0;-
2026/04/22;19:29:09;94;-; 52.39; 0.0;-; 0.0; 0.0; 0.0;-;-;1948;-0.2; 0.0; 0.0;-8; 22.3;F;1;29;On;On;Off; 22.3; 22.0;0;1;1203;1;1203;1;1017;0;-
2026/04/22;19:30:09;94;-; 52.39; 0.0;-; 0.0; 0.0; 0.0;-;-;1948;-0.2; 0.0; 0.0;-8; 22.3;F;1;29;On;On;Off; 22.3; 22.0;0;1;1203;1;1203;1;1017;0;-
2026/04/22;19:31:08;94;-; 52.41; 0.0;-; 0.0; 0.0; 0.0;-;-;1948;-0.2; 0.0; 0.0;-8; 22.3;F;1;29;On;On;Off; 22.3; 22.0;0;1;1203;1;1203;1;1017;0;-
2026/04/22;19:32:08;94;-; 52.39; 0.0;-; 0.0; 0.0; 0.0;-;-;1948;-0.1; 0.0; 0.0;-7; 22.3;F;1;29;On;On;Off; 22.3; 22.0;0;1;1203;1;1203;1;1017;0;-
2026/04/22;19:33:08;94;-; 52.39; 0.0;-; 0.0; 0.0; 0.0;-;-;1948;-0.2; 0.0; 0.0;-7; 22.3;F;1;29;On;On;Off; 22.3; 22.1;0;1;1203;1;1203;1;1017;0;-
2026/04/22;19:34:08;94;-; 52.39; 0.0;-; 0.0; 0.0; 0.0;-;-;1948;-0.1; 0.0; 0.0;-7; 22.3;F;1;29;On;On;Off; 22.3; 22.0;0;1;1203;1;1203;1;1017;0;-
2026/04/22;19:35:08;94;-; 52.39; 0.0;-; 0.0; 0.0; 0.0;-;-;1948;-0.1; 0.0; 0.0;-7; 22.3;F;1;29;On;On;Off; 22.3; 22.0;0;1;1203;1;1203;1;1017;0;-
2026/04/22;19:36:08;94;-; 52.39; 0.0;-; 0.0; 0.0; 0.0;-;-;1948;-0.1; 0.0; 0.0;-7; 22.3;F;1;29;On;On;Off; 22.3; 22.1;0;1;1203;1;1203;1;1017;0;-
2026/04/22;19:37:08;94;-; 52.37; 0.0;-; 0.0; 0.0; 0.0;-;-;1948;-0.1; 0.0; 0.0;-7; 22.3;F;1;29;On;On;Off; 22.3; 22.0;0;1;1203;1;1203;1;1017;0;-
2026/04/22;19:38:08;94;-; 52.39; 0.0;-; 0.0; 0.0; 0.0;-;-;1948;-0.1; 0.0; 0.0;-7; 22.3;F;1;29;On;On;Off; 22.3; 22.0;0;1;1203;1;1203;1;1017;0;-
2026/04/22;19:39:08;94;-; 52.37; 0.0;-; 0.0; 0.0; 0.0;-;-;1948;-0.1; 0.0; 0.0;-7; 22.3;F;1;29;On;On;Off; 22.3; 22.0;0;1;1203;1;1203;1;1017;0;-
2026/04/22;19:40:08;94;-; 52.39; 0.0;-; 0.0; 0.0; 0.0;-;-;1948;-0.1; 0.0; 0.0;-7; 22.3;F;1;29;On;On;Off; 22.3; 22.0;0;1;1203;1;1203;1;1017;0;-
2026/04/22;19:41:08;94;-; 52.39; 0.0;-; 0.0; 0.0; 0.0;-;-;1948;-0.2; 0.0; 0.0;-7; 22.3;F;1;29;On;On;Off; 22.3; 22.0;0;1;1203;1;1203;1;1017;0;-
2026/04/22;19:42:08;94;-; 52.39; 0.0;-; 0.0; 0.0; 0.0;-;-;1948;-0.2; 0.0; 0.0;-8; 22.3;F;1;29;On;On;Off; 22.3; 22.0;0;1;1203;1;1203;1;1017;0;-
2026/04/22;19:43:08;94;-; 52.37; 0.0;-; 0.0; 0.0; 0.0;-;-;1948;-0.2; 0.0; 0.0;-7; 22.3;F;1;29;On;On;Off; 22.3; 22.0;0;1;1203;1;1203;1;1017;0;-
2026/04/22;19:44:08;94;-; 52.39; 0.0;-; 0.0; 0.0; 0.0;-;-;1948;-0.2; 0.0; 0.0;-7; 22.2;F;1;29;On;On;Off; 22.3; 22.0;0;1;1203;1;1203;1;1017;0;-
2026/04/22;19:45:08;94;-; 52.39; 0.0;-; 0.0; 0.0; 0.0;-;-;1948;-0.2; 0.0; 0.0;-7; 22.2;F;1;29;On;On;Off; 22.3; 22.0;0;1;1203;1;1203;1;1017;0;-
2026/04/22;19:46:08;94;-; 52.39; 0.0;-; 0.0; 0.0; 0.0;-;-;1948;-0.1; 0.0; 0.0;-7; 22.3;F;1;29;On;On;Off; 22.3; 22.0;0;1;1203;1;1203;1;1017;0;-
2026/04/22;19:47:07;94;-; 52.37; 0.0;-; 0.0; 0.0; 0.0;-;-;1948;-0.1; 0.0; 0.0;-7; 22.2;F;1;29;On;On;Off; 22.3; 22.0;0;1;1203;1;1203;1;1017;0;-
2026/04/22;19:48:07;94;-; 52.39; 0.0;-; 0.0; 0.0; 0.0;-;-;1948;-0.1; 0.0; 0.0;-7; 22.2;F;1;29;On;On;Off; 22.3; 22.0;0;1;1203;1;1203;1;1017;0;-
2026/04/22;19:49:07;94;-; 52.37; 0.0;-; 0.0; 0.0; 0.0;-;-;1948;-0.2; 0.0; 0.0;-8; 22.3;F;1;29;On;On;Off; 22.3; 22.0;0;1;1203;1;1203;1;1017;0;-
2026/04/22;19:50:07;94;-; 52.37; 0.0;-; 0.0; 0.0; 0.0;-;-;1948;-0.2; 0.0; 0.0;-7; 22.2;F;1;29;On;On;Off; 22.3; 22.0;0;1;1203;1;1203;1;1017;0;-
2026/04/22;19:51:07;94;-; 52.39; 0.0;-; 0.0; 0.0; 0.0;-;-;1948;-0.1; 0.0; 0.0;-7; 22.2;F;1;29;On;On;Off; 22.3; 22.0;0;1;1203;1;1203;1;1017;0;-
2026/04/22;19:52:07;94;-; 52.39; 0.0;-; 0.0; 0.0; 0.0;-;-;1948;-0.1; 0.0; 0.0;-7; 22.2;F;1;29;On;On;Off; 22.3; 22.0;0;1;1203;1;1203;1;1017;0;-
2026/04/22;19:53:07;93;-; 52.39; 0.0;-; 0.0; 0.0; 0.0;-;-;1948;-0.1; 0.0; 0.0;-7; 22.2;F;1;29;On;On;Off; 22.3; 22.0;0;1;1203;1;1203;1;1017;0;-
2026/04/22;19:54:07;93;-; 52.39; 0.0;-; 0.0; 0.0; 0.0;-;-;1948;-0.2; 0.0; 0.0;-7; 22.2;F;1;29;On;On;Off; 22.3; 22.0;0;1;1203;1;1203;1;1017;0;-
2026/04/22;19:55:07;93;-; 52.37; 0.0;-; 0.0; 0.0; 0.0;-;-;1948;-0.2; 0.0; 0.0;-8; 22.2;F;1;29;On;On;Off; 22.3; 22.0;0;1;1203;1;1203;1;1017;0;-
2026/04/22;19:56:07;93;-; 52.39; 0.0;-; 0.0; 0.0; 0.0;-;-;1948;-0.2; 0.0; 0.0;-7; 22.2;F;1;29;On;On;Off; 22.3; 22.0;0;1;1203;1;1203;1;1017;0;-
2026/04/22;19:57:07;93;-; 52.39; 0.0;-; 0.0; 0.0; 0.0;-;-;1948;-0.2; 0.0; 0.0;-7; 22.2;F;1;29;On;On;Off; 22.3; 22.0;0;1;1203;1;1203;1;1017;0;-
2026/04/22;19:58:07;93;-; 52.37; 0.0;-; 0.0; 0.0; 0.0;-;-;1948;-0.2; 0.0; 0.0;-7; 22.2;F;1;29;On;On;Off; 22.3; 22.0;0;1;1203;1;1203;1;1017;0;-
2026/04/22;19:59:07;93;-; 52.37; 0.0;-; 0.0; 0.0; 0.0;-;-;1948;-0.2; 0.0; 0.0;-8; 22.2;F;1;29;On;On;Off; 22.3; 22.0;0;1;1203;1;1203;1;1017;0;-
2026/04/22;20:00:07;93;-; 52.39; 0.0;-; 0.0; 0.0; 0.0;-;-;1948;-0.2; 0.0; 0.0;-8; 22.2;F;1;29;On;On;Off; 22.3; 22.0;0;1;1203;1;1203;1;1017;0;-
2026/04/22;20:01:07;93;-; 52.39; 0.0;-; 0.0; 0.0; 0.0;-;-;1948;-0.2; 0.0; 0.0;-8; 22.2;F;1;29;On;On;Off; 22.3; 22.0;0;1;1203;1;1203;1;1017;0;-
2026/04/22;20:02:07;93;-; 52.37; 0.0;-; 0.0; 0.0; 0.0;-;-;1948;-0.2; 0.0; 0.0;-7; 22.2;F;1;29;On;On;Off; 22.3; 22.0;0;1;1203;1;1203;1;1017;0;-
2026/04/22;20:03:06;93;-; 52.39; 0.0;-; 0.0; 0.0; 0.0;-;-;1948;-0.2; 0.0; 0.0;-8; 22.2;F;1;29;On;On;Off; 22.3; 22.0;0;1;1203;1;1203;1;1017;0;-
2026/04/22;20:04:06;93;-; 52.39; 0.0;-; 0.0; 0.0; 0.0;-;-;1948;-0.2; 0.0; 0.0;-8; 22.2;F;1;29;On;On;Off; 22.3; 22.0;0;1;1203;1;1203;1;1017;0;-
2026/04/22;20:05:06;93;-; 52.39; 0.0;-; 0.0; 0.0; 0.0;-;-;1948;-0.2; 0.0; 0.0;-8; 22.2;F;1;29;On;On;Off; 22.3; 22.0;0;1;1203;1;1203;1;1017;0;-
2026/04/22;20:06:06;93;-; 52.39; 0.0;-; 0.0; 0.0; 0.0;-;-;1948;-0.2; 0.0; 0.0;-8; 22.2;F;1;29;On;On;Off; 22.3; 22.0;0;1;1203;1;1203;1;1017;0;-
2026/04/22;20:07:06;93;-; 52.39; 0.0;-; 0.0; 0.0; 0.0;-;-;1949;-0.2; 0.0; 0.0;-7; 22.2;F;1;29;On;On;Off; 22.3; 22.0;0;1;1203;1;1203;1;1017;0;-
2026/04/22;20:08:06;93;-; 52.37; 0.0;-; 0.0; 0.0; 0.0;-;-;1949;-0.2; 0.0; 0.0;-8; 22.2;F;1;29;On;On;Off; 22.3; 22.0;0;1;1203;1;1203;1;1017;0;-
2026/04/22;20:09:06;93;-; 52.39; 0.0;-; 0.0; 0.0; 0.0;-;-;1949;-0.2; 0.0; 0.0;-7; 22.2;F;1;29;On;On;Off; 22.3; 22.0;0;1;1203;1;1203;1;1017;0;-
2026/04/22;20:10:06;93;-; 52.37; 0.0;-; 0.0; 0.0; 0.0;-;-;1949;-0.2; 0.0; 0.0;-8; 22.2;F;1;29;On;On;Off; 22.3; 22.0;0;1;1203;1;1203;1;1017;0;-
2026/04/22;20:11:06;93;-; 52.37; 0.0;-; 0.0; 0.0; 0.0;-;-;1949;-0.2; 0.0; 0.0;-8; 22.2;F;1;29;On;On;Off; 22.3; 22.0;0;1;1203;1;1203;1;1017;0;-
2026/04/22;20:12:06;93;-; 52.39; 0.0;-; 0.0; 0.0; 0.0;-;-;1949;-0.2; 0.0; 0.0;-8; 22.2;F;1;29;On;On;Off; 22.3; 22.0;0;1;1203;1;1203;1;1017;0;-
2026/04/22;20:13:06;93;-; 52.39; 0.0;-; 0.0; 0.0; 0.0;-;-;1949;-0.2; 0.0; 0.0;-8; 22.2;F;1;29;On;On;Off; 22.3; 22.0;0;1;1203;1;1203;1;1017;0;-
2026/04/22;20:14:06;93;-; 52.39; 0.0;-; 0.0; 0.0; 0.0;-;-;1949;-0.2; 0.0; 0.0;-8; 22.2;F;1;29;On;On;Off; 22.3; 22.0;0;1;1203;1;1203;1;1017;0;-
2026/04/22;20:15:06;93;-; 52.39; 0.0;-; 0.0; 0.0; 0.0;-;-;1949;-0.2; 0.0; 0.0;-8; 22.2;F;1;29;On;On;Off; 22.3; 22.0;0;1;1203;1;1203;1;1017;0;-
2026/04/22;20:16:06;93;-; 52.37; 0.0;-; 0.0; 0.0; 0.0;-;-;1949;-0.2; 0.0; 0.0;-8; 22.2;F;1;29;On;On;Off; 22.3; 22.0;0;1;1203;1;1203;1;1017;0;-
2026/04/22;20:17:06;93;-; 52.39; 0.0;-; 0.0; 0.0; 0.0;-;-;1949;-0.2; 0.0; 0.0;-8; 22.2;F;1;29;On;On;Off; 22.3; 22.0;0;1;1203;1;1203;1;1017;0;-
2026/04/22;20:18:06;93;-; 52.39; 0.0;-; 0.0; 0.0; 0.0;-;-;1949;-0.2; 0.0; 0.0;-8; 22.2;F;1;29;On;On;Off; 22.3; 22.0;0;1;1203;1;1203;1;1017;0;-
2026/04/22;20:19:05;93;-; 52.37; 0.0;-; 0.0; 0.0; 0.0;-;-;1949;-0.2; 0.0; 0.0;-8; 22.2;F;1;29;On;On;Off; 22.3; 22.0;0;1;1203;1;1203;1;1017;0;-
2026/04/22;20:20:05;93;-; 52.39; 0.0;-; 0.0; 0.0; 0.0;-;-;1949;-0.2; 0.0; 0.0;-8; 22.2;F;1;29;On;On;Off; 22.3; 22.0;0;1;1203;1;1203;1;1017;0;-
2026/04/22;20:21:05;93;-; 52.37; 0.0;-; 0.0; 0.0; 0.0;-;-;1949;-0.2; 0.0; 0.0;-8; 22.2;F;1;29;On;On;Off; 22.3; 22.0;0;1;1203;1;1203;1;1017;0;-
2026/04/22;20:22:05;93;-; 52.39; 0.0;-; 0.0; 0.0; 0.0;-;-;1949;-0.2; 0.0; 0.0;-8; 22.2;F;1;29;On;On;Off; 22.3; 22.0;0;1;1203;1;1203;1;1017;0;-
2026/04/22;20:23:05;93;-; 52.37; 0.0;-; 0.0; 0.0; 0.0;-;-;1949;-0.2; 0.0; 0.0;-8; 22.2;F;1;29;On;On;Off; 22.3; 22.0;0;1;1203;1;1203;1;1017;0;-
2026/04/22;20:24:05;93;-; 52.39; 0.0;-; 0.0; 0.0; 0.0;-;-;1949;-0.2; 0.0; 0.0;-8; 22.2;F;1;29;On;On;Off; 22.3; 22.0;0;1;1203;1;1203;1;1017;0;-
2026/04/22;20:25:05;93;-; 52.39; 0.0;-; 0.0; 0.0; 0.0;-;-;1949;-0.2; 0.0; 0.0;-8; 22.2;F;1;29;On;On;Off; 22.3; 22.0;0;1;1203;1;1203;1;1017;0;-
2026/04/22;20:26:05;93;-; 52.39; 0.0;-; 0.0; 0.0; 0.0;-;-;1949;-0.2; 0.0; 0.0;-8; 22.2;F;1;29;On;On;Off; 22.3; 22.0;0;1;1203;1;1203;1;1017;0;-
2026/04/22;20:27:05;93;-; 52.37; 0.0;-; 0.0; 0.0; 0.0;-;-;1949;-0.2; 0.0; 0.0;-8; 22.2;F;1;29;On;On;Off; 22.3; 22.0;0;1;1203;1;1203;1;1017;0;-
2026/04/22;20:28:05;93;-; 52.37; 0.0;-; 0.0; 0.0; 0.0;-;-;1949;-0.2; 0.0; 0.0;-8; 22.2;F;1;29;On;On;Off; 22.3; 22.0;0;1;1203;1;1203;1;1017;0;-
2026/04/22;20:29:05;93;-; 52.37; 0.0;-; 0.0; 0.0; 0.0;-;-;1949;-0.2; 0.0; 0.0;-7; 22.2;F;1;29;On;On;Off; 22.3; 22.0;0;1;1203;1;1203;1;1017;0;-
2026/04/22;20:30:05;93;-; 52.39; 0.0;-; 0.0; 0.0; 0.0;-;-;1949;-0.2; 0.0; 0.0;-7; 22.2;F;1;29;On;On;Off; 22.3; 22.0;0;1;1203;1;1203;1;1017;0;-
2026/04/22;20:31:05;93;-; 52.39; 0.0;-; 0.0; 0.0; 0.0;-;-;1949;-0.2; 0.0; 0.0;-8; 22.2;F;1;29;On;On;Off; 22.3; 22.0;0;1;1203;1;1203;1;1017;0;-
2026/04/22;20:32:05;93;-; 52.37; 0.0;-; 0.0; 0.0; 0.0;-;-;1949;-0.2; 0.0; 0.0;-8; 22.2;F;1;29;On;On;Off; 22.3; 22.0;0;1;1203;1;1203;1;1017;0;-
2026/04/22;20:33:05;93;-; 52.37; 0.0;-; 0.0; 0.0; 0.0;-;-;1949;-0.2; 0.0; 0.0;-8; 22.2;F;1;29;On;On;Off; 22.3; 22.0;0;1;1203;1;1203;1;1017;0;-
2026/04/22;20:34:05;93;-; 52.39; 0.0;-; 0.0; 0.0; 0.0;-;-;1949;-0.2; 0.0; 0.0;-8; 22.1;F;1;29;On;On;Off; 22.3; 22.0;0;1;1203;1;1203;1;1017;0;-
2026/04/22;20:35:04;93;-; 52.39; 0.0;-; 0.0; 0.0; 0.0;-;-;1949;-0.2; 0.0; 0.0;-7; 22.2;F;1;29;On;On;Off; 22.3; 22.0;0;1;1203;1;1203;1;1017;0;-
2026/04/22;20:36:04;93;-; 52.37; 0.0;-; 0.0; 0.0; 0.0;-;-;1949;-0.2; 0.0; 0.0;-7; 22.2;F;1;29;On;On;Off; 22.3; 22.0;0;1;1203;1;1203;1;1017;0;-
2026/04/22;20:37:04;93;-; 52.39; 0.0;-; 0.0; 0.0; 0.0;-;-;1949;-0.2; 0.0; 0.0;-7; 22.1;F;1;29;On;On;Off; 22.3; 22.0;0;1;1203;1;1203;1;1017;0;-
2026/04/22;20:38:04;93;-; 52.39; 0.0;-; 0.0; 0.0; 0.0;-;-;1949;-0.2; 0.0; 0.0;-7; 22.1;F;1;29;On;On;Off; 22.3; 22.0;0;1;1203;1;1203;1;1017;0;-
2026/04/22;20:39:04;93;-; 52.37; 0.0;-; 0.0; 0.0; 0.0;-;-;1949;-0.2; 0.0; 0.0;-8; 22.2;F;1;29;On;On;Off; 22.3; 22.0;0;1;1203;1;1203;1;1017;0;-
2026/04/22;20:40:04;93;-; 52.39; 0.0;-; 0.0; 0.0; 0.0;-;-;1949;-0.2; 0.0; 0.0;-7; 22.2;F;1;29;On;On;Off; 22.3; 22.0;0;1;1203;1;1203;1;1017;0;-
2026/04/22;20:41:04;93;-; 52.39; 0.0;-; 0.0; 0.0; 0.0;-;-;1949;-0.2; 0.0; 0.0;-8; 22.1;F;1;29;On;On;Off; 22.3; 22.0;0;1;1203;1;1203;1;1017;0;-
2026/04/22;20:42:04;93;-; 52.39; 0.0;-; 0.0; 0.0; 0.0;-;-;1949;-0.2; 0.0; 0.0;-8; 22.1;F;1;29;On;On;Off; 22.3; 22.0;0;1;1203;1;1203;1;1017;0;-
2026/04/22;20:43:04;93;-; 52.37; 0.0;-; 0.0; 0.0; 0.0;-;-;1949;-0.2; 0.0; 0.0;-7; 22.1;F;1;29;On;On;Off; 22.3; 22.0;0;1;1203;1;1203;1;1017;0;-
2026/04/22;20:44:04;93;-; 52.39; 0.0;-; 0.0; 0.0; 0.0;-;-;1949;-0.2; 0.0; 0.0;-8; 22.2;F;1;29;On;On;Off; 22.3; 22.0;0;1;1203;1;1203;1;1017;0;-
2026/04/22;20:45:04;93;-; 52.37; 0.0;-; 0.0; 0.0; 0.0;-;-;1949;-0.2; 0.0; 0.0;-8; 22.2;F;1;29;On;On;Off; 22.3; 22.0;0;1;1203;1;1203;1;1017;0;-
2026/04/22;20:46:04;93;-; 52.39; 0.0;-; 0.0; 0.0; 0.0;-;-;1949;-0.2; 0.0; 0.0;-8; 22.2;F;1;29;On;On;Off; 22.3; 22.0;0;1;1203;1;1203;1;1017;0;-
2026/04/22;20:47:04;93;-; 52.39; 0.0;-; 0.0; 0.0; 0.0;-;-;1949;-0.2; 0.0; 0.0;-8; 22.2;F;1;29;On;On;Off; 22.3; 22.0;0;1;1203;1;1203;1;1017;0;-
2026/04/22;20:48:04;93;-; 52.37; 0.0;-; 0.0; 0.0; 0.0;-;-;1949;-0.1; 0.0; 0.0;-7; 22.1;F;1;29;On;On;Off; 22.3; 22.0;0;1;1203;1;1203;1;1017;0;-
2026/04/22;20:49:04;93;-; 52.39; 0.0;-; 0.0; 0.0; 0.0;-;-;1949;-0.2; 0.0; 0.0;-7; 22.1;F;1;29;On;On;Off; 22.3; 22.0;0;1;1203;1;1203;1;1017;0;-
2026/04/22;20:50:04;93;-; 52.39; 0.0;-; 0.0; 0.0; 0.0;-;-;1949;-0.1; 0.0; 0.0;-7; 22.2;F;1;29;On;On;Off; 22.3; 22.0;0;1;1203;1;1203;1;1017;0;-
2026/04/22;20:51:03;93;-; 52.39; 0.0;-; 0.0; 0.0; 0.0;-;-;1949;-0.2; 0.0; 0.0;-7; 22.1;F;1;29;On;On;Off; 22.3; 22.0;0;1;1203;1;1203;1;1017;0;-
2026/04/22;20:52:03;93;-; 52.39; 0.0;-; 0.0; 0.0; 0.0;-;-;1949;-0.1; 0.0; 0.0;-7; 22.1;F;1;29;On;On;Off; 22.3; 22.0;0;1;1203;1;1203;1;1017;0;-
2026/04/22;20:53:03;93;-; 52.39; 0.0;-; 0.0; 0.0; 0.0;-;-;1949;-0.1; 0.0; 0.0;-7; 22.1;F;1;29;On;On;Off; 22.3; 22.0;0;1;1203;1;1203;1;1017;0;-
2026/04/22;20:54:03;93;-; 52.37; 0.0;-; 0.0; 0.0; 0.0;-;-;1949;-0.2; 0.0; 0.0;-7; 22.1;F;1;29;On;On;Off; 22.3; 22.0;0;1;1203;1;1203;1;1017;0;-
2026/04/22;20:55:03;93;-; 52.39; 0.0;-; 0.0; 0.0; 0.0;-;-;1949;-0.2; 0.0; 0.0;-7; 22.1;F;1;29;On;On;Off; 22.3; 22.0;0;1;1203;1;1203;1;1017;0;-
2026/04/22;20:56:03;93;-; 52.39; 0.0;-; 0.0; 0.0; 0.0;-;-;1949;-0.1; 0.0; 0.0;-7; 22.2;F;1;29;On;On;Off; 22.3; 22.0;0;1;1203;1;1203;1;1017;0;-
2026/04/22;20:57:03;93;-; 52.39; 0.0;-; 0.0; 0.0; 0.0;-;-;1949;-0.2; 0.0; 0.0;-7; 22.1;F;1;29;On;On;Off; 22.3; 22.0;0;1;1203;1;1203;1;1017;0;-
2026/04/22;20:58:03;93;-; 52.39; 0.0;-; 0.0; 0.0; 0.0;-;-;1949;-0.1; 0.0; 0.0;-7; 22.2;F;1;29;On;On;Off; 22.3; 22.0;0;1;1203;1;1203;1;1017;0;-
2026/04/22;20:59:03;93;-; 52.37; 0.0;-; 0.0; 0.0; 0.0;-;-;1949;-0.1; 0.0; 0.0;-7; 22.2;F;1;29;On;On;Off; 22.3; 22.0;0;1;1203;1;1203;1;1017;0;-
2026/04/22;21:00:03;93;-; 52.39; 0.0;-; 0.0; 0.0; 0.0;-;-;1949;-0.1; 0.0; 0.0;-7; 22.1;F;1;29;On;On;Off; 22.3; 22.0;0;1;1203;1;1203;1;1017;0;-
2026/04/22;21:01:03;93;-; 52.39; 0.0;-; 0.0; 0.0; 0.0;-;-;1949;-0.1; 0.0; 0.0;-7; 22.1;F;1;29;On;On;Off; 22.3; 22.0;0;1;1203;1;1203;1;1017;0;-
2026/04/22;21:02:03;93;-; 52.37; 0.0;-; 0.0; 0.0; 0.0;-;-;1949;-0.1; 0.0; 0.0;-7; 22.1;F;1;29;On;On;Off; 22.3; 22.0;0;1;1203;1;1203;1;1017;0;-
2026/04/22;21:03:03;93;-; 52.37; 0.0;-; 0.0; 0.0; 0.0;-;-;1949;-0.2; 0.0; 0.0;-8; 22.1;F;1;29;On;On;Off; 22.3; 22.0;0;1;1203;1;1203;1;1017;0;-
2026/04/22;21:04:03;93;-; 52.39; 0.0;-; 0.0; 0.0; 0.0;-;-;1949;-0.2; 0.0; 0.0;-7; 22.2;F;1;29;On;On;Off; 22.3; 22.0;0;1;1203;1;1203;1;1017;0;-
2026/04/22;21:05:03;93;-; 52.39; 0.0;-; 0.0; 0.0; 0.0;-;-;1949;-0.1; 0.0; 0.0;-7; 22.1;F;1;29;On;On;Off; 22.3; 22.0;0;1;1203;1;1203;1;1017;0;-
2026/04/22;21:06:02;93;-; 52.37; 0.0;-; 0.0; 0.0; 0.0;-;-;1949;-0.1; 0.0; 0.0;-7; 22.2;F;1;29;On;On;Off; 22.3; 22.0;0;1;1203;1;1203;1;1017;0;-
2026/04/22;21:07:02;93;-; 52.39; 0.0;-; 0.0; 0.0; 0.0;-;-;1950;-0.2; 0.0; 0.0;-8; 22.1;F;1;29;On;On;Off; 22.3; 22.0;0;1;1203;1;1203;1;1017;0;-
2026/04/22;21:08:02;93;-; 52.39; 0.0;-; 0.0; 0.0; 0.0;-;-;1950;-0.2; 0.0; 0.0;-7; 22.1;F;1;29;On;On;Off; 22.3; 22.0;0;1;1203;1;1203;1;1017;0;-
2026/04/22;21:09:02;93;-; 52.39; 0.0;-; 0.0; 0.0; 0.0;-;-;1950;-0.2; 0.0; 0.0;-8; 22.1;F;1;29;On;On;Off; 22.3; 22.0;0;1;1203;1;1203;1;1017;0;-
2026/04/22;21:10:02;93;-; 52.37; 0.0;-; 0.0; 0.0; 0.0;-;-;1950;-0.2; 0.0; 0.0;-8; 22.1;F;1;29;On;On;Off; 22.3; 22.0;0;1;1203;1;1203;1;1017;0;-
2026/04/22;21:11:02;93;-; 52.37; 0.0;-; 0.0; 0.0; 0.0;-;-;1950;-0.2; 0.0; 0.0;-7; 22.1;F;1;29;On;On;Off; 22.3; 22.0;0;1;1203;1;1203;1;1017;0;-
2026/04/22;21:12:02;93;-; 52.39; 0.0;-; 0.0; 0.0; 0.0;-;-;1950;-0.2; 0.0; 0.0;-8; 22.1;F;1;29;On;On;Off; 22.3; 22.0;0;1;1203;1;1203;1;1017;0;-
2026/04/22;21:13:02;93;-; 52.37; 0.0;-; 0.0; 0.0; 0.0;-;-;1950;-0.2; 0.0; 0.0;-8; 22.1;F;1;29;On;On;Off; 22.3; 22.0;0;1;1203;1;1203;1;1017;0;-
2026/04/22;21:14:02;93;-; 52.39; 0.0;-; 0.0; 0.0; 0.0;-;-;1950;-0.2; 0.0; 0.0;-8; 22.2;F;1;29;On;On;Off; 22.3; 22.0;0;1;1203;1;1203;1;1017;0;-
2026/04/22;21:15:02;93;-; 52.37; 0.0;-; 0.0; 0.0; 0.0;-;-;1950;-0.2; 0.0; 0.0;-7; 22.1;F;1;29;On;On;Off; 22.3; 22.0;0;1;1203;1;1203;1;1017;0;-
2026/04/22;21:16:02;93;-; 52.39; 0.0;-; 0.0; 0.0; 0.0;-;-;1950;-0.2; 0.0; 0.0;-8; 22.1;F;1;29;On;On;Off; 22.3; 22.0;0;1;1203;1;1203;1;1017;0;-
2026/04/22;21:17:02;93;-; 52.39; 0.0;-; 0.0; 0.0; 0.0;-;-;1950;-0.2; 0.0; 0.0;-8; 22.1;F;1;29;On;On;Off; 22.3; 22.0;0;1;1203;1;1203;1;1017;0;-
2026/04/22;21:18:02;93;-; 52.39; 0.0;-; 0.0; 0.0; 0.0;-;-;1950;-0.2; 0.0; 0.0;-8; 22.1;F;1;29;On;On;Off; 22.3; 22.0;0;1;1203;1;1203;1;1017;0;-
2026/04/22;21:19:02;93;-; 52.37; 0.0;-; 0.0; 0.0; 0.0;-;-;1950;-0.2; 0.0; 0.0;-8; 22.1;F;1;29;On;On;Off; 22.3; 22.0;0;1;1203;1;1203;1;1017;0;-
2026/04/22;21:20:02;93;-; 52.39; 0.0;-; 0.0; 0.0; 0.0;-;-;1950;-0.2; 0.0; 0.0;-7; 22.1;F;1;29;On;On;Off; 22.3; 22.0;0;1;1203;1;1203;1;1017;0;-
2026/04/22;21:21:02;93;-; 52.39; 0.0;-; 0.0; 0.0; 0.0;-;-;1950;-0.2; 0.0; 0.0;-7; 22.1;F;1;29;On;On;Off; 22.3; 22.0;0;1;1203;1;1203;1;1017;0;-
2026/04/22;21:22:01;93;-; 52.37; 0.0;-; 0.0; 0.0; 0.0;-;-;1950;-0.1; 0.0; 0.0;-7; 22.1;F;1;29;On;On;Off; 22.3; 22.0;0;1;1203;1;1203;1;1017;0;-
2026/04/22;21:23:01;93;-; 52.37; 0.0;-; 0.0; 0.0; 0.0;-;-;1950;-0.2; 0.0; 0.0;-7; 22.1;F;1;29;On;On;Off; 22.3; 22.0;0;1;1203;1;1203;1;1017;0;-
2026/04/22;21:24:01;93;-; 52.39; 0.0;-; 0.0; 0.0; 0.0;-;-;1950;-0.2; 0.0; 0.0;-8; 22.1;F;1;29;On;On;Off; 22.3; 22.0;0;1;1203;1;1203;1;1017;0;-
2026/04/22;21:25:01;93;-; 52.39; 0.0;-; 0.0; 0.0; 0.0;-;-;1950;-0.2; 0.0; 0.0;-8; 22.1;F;1;29;On;On;Off; 22.3; 22.0;0;1;1203;1;1203;1;1017;0;-
2026/04/22;21:26:01;93;-; 52.39; 0.0;-; 0.0; 0.0; 0.0;-;-;1950;-0.2; 0.0; 0.0;-7; 22.1;F;1;29;On;On;Off; 22.3; 22.0;0;1;1203;1;1203;1;1017;0;-
2026/04/22;21:27:01;93;-; 52.37; 0.0;-; 0.0; 0.0; 0.0;-;-;1950;-0.2; 0.0; 0.0;-7; 22.1;F;1;29;On;On;Off; 22.3; 22.0;0;1;1203;1;1203;1;1017;0;-
2026/04/22;21:28:01;93;-; 52.39; 0.0;-; 0.0; 0.0; 0.0;-;-;1950;-0.2; 0.0; 0.0;-8; 22.1;F;1;29;On;On;Off; 22.3; 22.0;0;1;1203;1;1203;1;1017;0;-
2026/04/22;21:29:01;93;-; 52.37; 0.0;-; 0.0; 0.0; 0.0;-;-;1950;-0.2; 0.0; 0.0;-7; 22.1;F;1;29;On;On;Off; 22.3; 22.0;0;1;1203;1;1203;1;1017;0;-
2026/04/22;21:30:01;93;-; 52.37; 0.0;-; 0.0; 0.0; 0.0;-;-;1950;-0.2; 0.0; 0.0;-7; 22.1;F;1;29;On;On;Off; 22.3; 22.0;0;1;1203;1;1203;1;1017;0;-
2026/04/22;21:31:01;93;-; 52.39; 0.0;-; 0.0; 0.0; 0.0;-;-;1950;-0.2; 0.0; 0.0;-7; 22.1;F;1;29;On;On;Off; 22.3; 22.0;0;1;1203;1;1203;1;1017;0;-
2026/04/22;21:32:01;93;-; 52.39; 0.0;-; 0.0; 0.0; 0.0;-;-;1950;-0.2; 0.0; 0.0;-8; 22.1;F;1;29;On;On;Off; 22.3; 22.0;0;1;1203;1;1203;1;1017;0;-
2026/04/22;21:33:01;93;-; 52.37; 0.0;-; 0.0; 0.0; 0.0;-;-;1950;-0.2; 0.0; 0.0;-8; 22.1;F;1;29;On;On;Off; 22.3; 22.0;0;1;1203;1;1203;1;1017;0;-
2026/04/22;21:34:01;93;-; 52.37; 0.0;-; 0.0; 0.0; 0.0;-;-;1950;-0.2; 0.0; 0.0;-8; 22.1;F;1;29;On;On;Off; 22.3; 22.0;0;1;1203;1;1203;1;1017;0;-
2026/04/22;21:35:01;93;-; 52.39; 0.0;-; 0.0; 0.0; 0.0;-;-;1950;-0.2; 0.0; 0.0;-8; 22.1;F;1;29;On;On;Off; 22.3; 22.0;0;1;1203;1;1203;1;1017;0;-
2026/04/22;21:36:01;93;-; 52.39; 0.0;-; 0.0; 0.0; 0.0;-;-;1950;-0.2; 0.0; 0.0;-8; 22.1;F;1;29;On;On;Off; 22.3; 22.0;0;1;1203;1;1203;1;1017;0;-
2026/04/22;21:37:01;93;-; 52.39; 0.0;-; 0.0; 0.0; 0.0;-;-;1950;-0.2; 0.0; 0.0;-8; 22.1;F;1;29;On;On;Off; 22.3; 22.0;0;1;1203;1;1203;1;1017;0;-
2026/04/22;21:38:00;93;-; 52.37; 0.0;-; 0.0; 0.0; 0.0;-;-;1950;-0.2; 0.0; 0.0;-8; 22.1;F;1;29;On;On;Off; 22.3; 22.0;0;1;1203;1;1203;1;1017;0;-
2026/04/22;21:39:00;93;-; 52.39; 0.0;-; 0.0; 0.0; 0.0;-;-;1950;-0.2; 0.0; 0.0;-8; 22.1;F;1;29;On;On;Off; 22.3; 22.0;0;1;1203;1;1203;1;1017;0;-
2026/04/22;21:40:00;93;-; 52.37; 0.0;-; 0.0; 0.0; 0.0;-;-;1950;-0.2; 0.0; 0.0;-8; 22.1;F;1;29;On;On;Off; 22.3; 22.0;0;1;1203;1;1203;1;1017;0;-
2026/04/22;21:41:00;93;-; 52.37; 0.0;-; 0.0; 0.0; 0.0;-;-;1950;-0.2; 0.0; 0.0;-8; 22.1;F;1;29;On;On;Off; 22.3; 22.0;0;1;1203;1;1203;1;1017;0;-
2026/04/22;21:42:00;93;-; 52.37; 0.0;-; 0.0; 0.0; 0.0;-;-;1950;-0.2; 0.0; 0.0;-8; 22.1;F;1;29;On;On;Off; 22.3; 22.0;0;1;1203;1;1203;1;1017;0;-
2026/04/22;21:43:00;93;-; 52.39; 0.0;-; 0.0; 0.0; 0.0;-;-;1950;-0.2; 0.0; 0.0;-8; 22.1;F;1;29;On;On;Off; 22.3; 22.0;0;1;1203;1;1203;1;1017;0;-
2026/04/22;21:44:00;93;-; 52.39; 0.0;-; 0.0; 0.0; 0.0;-;-;1950;-0.2; 0.0; 0.0;-8; 22.1;F;1;29;On;On;Off; 22.3; 22.0;0;1;1203;1;1203;1;1017;0;-
2026/04/22;21:45:00;93;-; 52.37; 0.0;-; 0.0; 0.0; 0.0;-;-;1950;-0.2; 0.0; 0.0;-8; 22.1;F;1;29;On;On;Off; 22.3; 22.0;0;1;1203;1;1203;1;1017;0;-
2026/04/22;21:46:00;93;-; 52.39; 0.0;-; 0.0; 0.0; 0.0;-;-;1950;-0.2; 0.0; 0.0;-8; 22.1;F;1;29;On;On;Off; 22.3; 22.0;0;1;1203;1;1203;1;1017;0;-
2026/04/22;21:47:00;93;-; 52.39; 0.0;-; 0.0; 0.0; 0.0;-;-;1950;-0.2; 0.0; 0.0;-8; 22.1;F;1;29;On;On;Off; 22.3; 22.0;0;1;1203;1;1203;1;1017;0;-
2026/04/22;21:48:00;93;-; 52.39; 0.0;-; 0.0; 0.0; 0.0;-;-;1950;-0.2; 0.0; 0.0;-7; 22.1;F;1;29;On;On;Off; 22.3; 22.0;0;1;1203;1;1203;1;1017;0;-
2026/04/22;21:49:00;93;-; 52.39; 0.0;-; 0.0; 0.0; 0.0;-;-;1950;-0.2; 0.0; 0.0;-8; 22.1;F;1;29;On;On;Off; 22.3; 22.0;0;1;1203;1;1203;1;1017;0;-
2026/04/22;21:50:00;93;-; 52.37; 0.0;-; 0.0; 0.0; 0.0;-;-;1950;-0.1; 0.0; 0.0;-7; 22.1;F;1;29;On;On;Off; 22.3; 22.0;0;1;1203;1;1203;1;1017;0;-
2026/04/22;21:51:00;93;-; 52.39; 0.0;-; 0.0; 0.0; 0.0;-;-;1950;-0.1; 0.0; 0.0;-7; 22.1;F;1;29;On;On;Off; 22.3; 22.0;0;1;1203;1;1203;1;1017;0;-
2026/04/22;21:52:00;93;-; 52.37; 0.0;-; 0.0; 0.0; 0.0;-;-;1950;-0.1; 0.0; 0.0;-7; 22.1;F;1;29;On;On;Off; 22.3; 22.0;0;1;1203;1;1203;1;1017;0;-
2026/04/22;21:53:00;93;-; 52.39; 0.0;-; 0.0; 0.0; 0.0;-;-;1950;-0.2; 0.0; 0.0;-8; 22.1;F;1;29;On;On;Off; 22.3; 22.0;0;1;1203;1;1203;1;1017;0;-
2026/04/22;21:53:59;93;-; 52.39; 0.0;-; 0.0; 0.0; 0.0;-;-;1950;-0.2; 0.0; 0.0;-7; 22.1;F;1;29;On;On;Off; 22.3; 22.0;0;1;1203;1;1203;1;1017;0;-
2026/04/22;21:54:59;93;-; 52.39; 0.0;-; 0.0; 0.0; 0.0;-;-;1950;-0.2; 0.0; 0.0;-7; 22.1;F;1;29;On;On;Off; 22.3; 22.0;0;1;1203;1;1203;1;1017;0;-
2026/04/22;21:55:59;93;-; 52.37; 0.0;-; 0.0; 0.0; 0.0;-;-;1950;-0.2; 0.0; 0.0;-8; 22.1;F;1;29;On;On;Off; 22.3; 22.0;0;1;1203;1;1203;1;1017;0;-
2026/04/22;21:56:59;93;-; 52.39; 0.0;-; 0.0; 0.0; 0.0;-;-;1950;-0.2; 0.0; 0.0;-8; 22.1;F;1;29;On;On;Off; 22.3; 22.0;0;1;1203;1;1203;1;1017;0;-
2026/04/22;21:57:59;93;-; 52.37; 0.0;-; 0.0; 0.0; 0.0;-;-;1950;-0.2; 0.0; 0.0;-7; 22.1;F;1;29;On;On;Off; 22.3; 22.0;0;1;1203;1;1203;1;1017;0;-
2026/04/22;21:58:59;93;-; 52.37; 0.0;-; 0.0; 0.0; 0.0;-;-;1950;-0.2; 0.0; 0.0;-8; 22.1;F;1;29;On;On;Off; 22.3; 22.0;0;1;1203;1;1203;1;1017;0;-
2026/04/22;21:59:59;93;-; 52.37; 0.0;-; 0.0; 0.0; 0.0;-;-;1950;-0.2; 0.0; 0.0;-7; 22.1;F;1;29;On;On;Off; 22.3; 22.0;0;1;1203;1;1203;1;1017;0;-
2026/04/22;22:00:59;93;-; 52.37; 0.0;-; 0.0; 0.0; 0.0;-;-;1950;-0.1; 0.0; 0.0;-6; 22.1;F;1;29;On;On;Off; 22.3; 22.0;0;1;1203;1;1203;1;1017;0;-
2026/04/22;22:01:59;93;-; 52.37; 0.0;-; 0.0; 0.0; 0.0;-;-;1950;-0.1; 0.0; 0.0;-7; 22.1;F;1;29;On;On;Off; 22.3; 22.0;0;1;1203;1;1203;1;1017;0;-
2026/04/22;22:02:59;93;-; 52.37; 0.0;-; 0.0; 0.0; 0.0;-;-;1950;-0.2; 0.0; 0.0;-7; 22.1;F;1;29;On;On;Off; 22.3; 22.0;0;1;1203;1;1203;1;1017;0;-
2026/04/22;22:03:59;93;-; 52.37; 0.0;-; 0.0; 0.0; 0.0;-;-;1950;-0.1; 0.0; 0.0;-7; 22.1;F;1;29;On;On;Off; 22.3; 22.0;0;1;1203;1;1203;1;1017;0;-
2026/04/22;22:04:59;93;-; 52.37; 0.0;-; 0.0; 0.0; 0.0;-;-;1950;-0.2; 0.0; 0.0;-7; 22.1;F;1;29;On;On;Off; 22.3; 22.0;0;1;1203;1;1203;1;1017;0;-
2026/04/22;22:05:59;93;-; 52.39; 0.0;-; 0.0; 0.0; 0.0;-;-;1950;-0.2; 0.0; 0.0;-7; 22.1;F;1;29;On;On;Off; 22.3; 22.0;0;1;1203;1;1203;1;1017;0;-
2026/04/22;22:06:59;93;-; 52.37; 0.0;-; 0.0; 0.0; 0.0;-;-;1951;-0.2; 0.0; 0.0;-7; 22.1;F;1;29;On;On;Off; 22.3; 22.0;0;1;1203;1;1203;1;1017;0;-
2026/04/22;22:07:59;93;-; 52.37; 0.0;-; 0.0; 0.0; 0.0;-;-;1951;-0.2; 0.0; 0.0;-8; 22.1;F;1;29;On;On;Off; 22.3; 22.0;0;1;1203;1;1203;1;1017;0;-
2026/04/22;22:08:59;93;-; 52.37; 0.0;-; 0.0; 0.0; 0.0;-;-;1951;-0.2; 0.0; 0.0;-8; 22.1;F;1;29;On;On;Off; 22.3; 22.0;0;1;1203;1;1203;1;1017;0;-
2026/04/22;22:09:58;93;-; 52.37; 0.0;-; 0.0; 0.0; 0.0;-;-;1951;-0.2; 0.0; 0.0;-8; 22.1;F;1;29;On;On;Off; 22.3; 22.0;0;1;1203;1;1203;1;1017;0;-
2026/04/22;22:10:58;93;-; 52.37; 0.0;-; 0.0; 0.0; 0.0;-;-;1951;-0.1; 0.0; 0.0;-7; 22.1;F;1;29;On;On;Off; 22.3; 22.0;0;1;1203;1;1203;1;1017;0;-
2026/04/22;22:11:58;93;-; 52.37; 0.0;-; 0.0; 0.0; 0.0;-;-;1951;-0.2; 0.0; 0.0;-7; 22.1;F;1;29;On;On;Off; 22.3; 22.0;0;1;1203;1;1203;1;1017;0;-
2026/04/22;22:12:58;93;-; 52.37; 0.0;-; 0.0; 0.0; 0.0;-;-;1951;-0.2; 0.0; 0.0;-8; 22.1;F;1;29;On;On;Off; 22.3; 22.0;0;1;1203;1;1203;1;1017;0;-
2026/04/22;22:13:58;93;-; 52.37; 0.0;-; 0.0; 0.0; 0.0;-;-;1951;-0.2; 0.0; 0.0;-8; 22.1;F;1;29;On;On;Off; 22.3; 22.0;0;1;1203;1;1203;1;1017;0;-
2026/04/22;22:14:58;93;-; 52.37; 0.0;-; 0.0; 0.0; 0.0;-;-;1951;-0.2; 0.0; 0.0;-8; 22.1;F;1;29;On;On;Off; 22.2; 22.0;0;1;1203;1;1203;1;1017;0;-
2026/04/22;22:15:58;93;-; 52.37; 0.0;-; 0.0; 0.0; 0.0;-;-;1951;-0.2; 0.0; 0.0;-8; 22.1;F;1;29;On;On;Off; 22.3; 22.0;0;1;1203;1;1203;1;1017;0;-
2026/04/22;22:16:58;92;-; 52.37; 0.0;-; 0.0; 0.0; 0.0;-;-;1951;-0.2; 0.0; 0.0;-8; 22.1;F;1;29;On;On;Off; 22.2; 22.0;0;1;1203;1;1203;1;1017;0;-
2026/04/22;22:17:58;92;-; 52.35; 0.0;-; 0.0; 0.0; 0.0;-;-;1951;-0.2; 0.0; 0.0;-8; 22.1;F;1;29;On;On;Off; 22.2; 22.0;0;1;1203;1;1203;1;1017;0;-
2026/04/22;22:18:58;92;-; 52.35; 0.0;-; 0.0; 0.0; 0.0;-;-;1951;-0.2; 0.0; 0.0;-7; 22.1;F;1;29;On;On;Off; 22.2; 22.0;0;1;1203;1;1203;1;1017;0;-
2026/04/22;22:19:58;92;-; 52.37; 0.0;-; 0.0; 0.0; 0.0;-;-;1951;-0.2; 0.0; 0.0;-7; 22.1;F;1;29;On;On;Off; 22.3; 22.0;0;1;1203;1;1203;1;1017;0;-
2026/04/22;22:20:58;92;-; 52.35; 0.0;-; 0.0; 0.0; 0.0;-;-;1951;-0.2; 0.0; 0.0;-7; 22.1;F;1;29;On;On;Off; 22.3; 22.0;0;1;1203;1;1203;1;1017;0;-
2026/04/22;22:21:58;92;-; 52.37; 0.0;-; 0.0; 0.0; 0.0;-;-;1951;-0.2; 0.0; 0.0;-8; 22.0;F;1;29;On;On;Off; 22.3; 22.0;0;1;1203;1;1203;1;1017;0;-
2026/04/22;22:22:58;92;-; 52.37; 0.0;-; 0.0; 0.0; 0.0;-;-;1951;-0.2; 0.0; 0.0;-8; 22.1;F;1;29;On;On;Off; 22.2; 22.0;0;1;1203;1;1203;1;1017;0;-
2026/04/22;22:23:58;92;-; 52.37; 0.0;-; 0.0; 0.0; 0.0;-;-;1951;-0.2; 0.0; 0.0;-8; 22.1;F;1;29;On;On;Off; 22.2; 22.0;0;1;1203;1;1203;1;1017;0;-
2026/04/22;22:24:57;92;-; 52.37; 0.0;-; 0.0; 0.0; 0.0;-;-;1951;-0.2; 0.0; 0.0;-8; 22.1;F;1;29;On;On;Off; 22.3; 22.0;0;1;1203;1;1203;1;1017;0;-
2026/04/22;22:25:57;92;-; 52.37; 0.0;-; 0.0; 0.0; 0.0;-;-;1951;-0.2; 0.0; 0.0;-8; 22.1;F;1;29;On;On;Off; 22.3; 22.0;0;1;1203;1;1203;1;1017;0;-
2026/04/22;22:26:57;92;-; 52.37; 0.0;-; 0.0; 0.0; 0.0;-;-;1951;-0.2; 0.0; 0.0;-7; 22.1;F;1;29;On;On;Off; 22.3; 22.0;0;1;1203;1;1203;1;1017;0;-
2026/04/22;22:27:57;92;-; 52.37; 0.0;-; 0.0; 0.0; 0.0;-;-;1951;-0.2; 0.0; 0.0;-8; 22.1;F;1;29;On;On;Off; 22.3; 22.0;0;1;1203;1;1203;1;1017;0;-
2026/04/22;22:28:57;92;-; 52.35; 0.0;-; 0.0; 0.0; 0.0;-;-;1951;-0.2; 0.0; 0.0;-8; 22.0;F;1;29;On;On;Off; 22.2; 22.0;0;1;1203;1;1203;1;1017;0;-
2026/04/22;22:29:57;92;-; 52.37; 0.0;-; 0.0; 0.0; 0.0;-;-;1951;-0.2; 0.0; 0.0;-7; 22.1;F;1;29;On;On;Off; 22.2; 22.0;0;1;1203;1;1203;1;1017;0;-
2026/04/22;22:30:57;92;-; 52.37; 0.0;-; 0.0; 0.0; 0.0;-;-;1951;-0.2; 0.0; 0.0;-8; 22.1;F;1;29;On;On;Off; 22.2; 22.0;0;1;1203;1;1203;1;1017;0;-
2026/04/22;22:31:57;92;-; 52.35; 0.0;-; 0.0; 0.0; 0.0;-;-;1951;-0.2; 0.0; 0.0;-8; 22.1;F;1;29;On;On;Off; 22.2; 22.0;0;1;1203;1;1203;1;1017;0;-
2026/04/22;22:32:57;92;-; 52.35; 0.0;-; 0.0; 0.0; 0.0;-;-;1951;-0.2; 0.0; 0.0;-8; 22.0;F;1;29;On;On;Off; 22.2; 22.0;0;1;1203;1;1203;1;1017;0;-
2026/04/22;22:33:57;92;-; 52.35; 0.0;-; 0.0; 0.0; 0.0;-;-;1951;-0.2; 0.0; 0.0;-8; 22.1;F;1;29;On;On;Off; 22.2; 22.0;0;1;1203;1;1203;1;1017;0;-
2026/04/22;22:34:57;92;-; 52.35; 0.0;-; 0.0; 0.0; 0.0;-;-;1951;-0.2; 0.0; 0.0;-8; 22.0;F;1;29;On;On;Off; 22.3; 22.0;0;1;1203;1;1203;1;1017;0;-
2026/04/22;22:35:57;92;-; 52.37; 0.0;-; 0.0; 0.0; 0.0;-;-;1951;-0.2; 0.0; 0.0;-7; 22.0;F;1;29;On;On;Off; 22.2; 22.0;0;1;1203;1;1203;1;1017;0;-
2026/04/22;22:36:57;92;-; 52.35; 0.0;-; 0.0; 0.0; 0.0;-;-;1951;-0.2; 0.0; 0.0;-7; 22.1;F;1;29;On;On;Off; 22.2; 22.0;0;1;1203;1;1203;1;1017;0;-
2026/04/22;22:37:57;92;-; 52.37; 0.0;-; 0.0; 0.0; 0.0;-;-;1951;-0.2; 0.0; 0.0;-8; 22.0;F;1;29;On;On;Off; 22.2; 21.9;0;1;1203;1;1203;1;1017;0;-
2026/04/22;22:38:57;92;-; 52.35; 0.0;-; 0.0; 0.0; 0.0;-;-;1951;-0.2; 0.0; 0.0;-8; 22.0;F;1;29;On;On;Off; 22.2; 22.0;0;1;1203;1;1203;1;1017;0;-
2026/04/22;22:39:57;92;-; 52.37; 0.0;-; 0.0; 0.0; 0.0;-;-;1951;-0.2; 0.0; 0.0;-8; 22.0;F;1;29;On;On;Off; 22.2; 22.0;0;1;1203;1;1203;1;1017;0;-
2026/04/22;22:40:56;92;-; 52.37; 0.0;-; 0.0; 0.0; 0.0;-;-;1951;-0.2; 0.0; 0.0;-8; 22.0;F;1;29;On;On;Off; 22.2; 22.0;0;1;1203;1;1203;1;1017;0;-
2026/04/22;22:41:56;92;-; 52.35; 0.0;-; 0.0; 0.0; 0.0;-;-;1951;-0.2; 0.0; 0.0;-8; 22.0;F;1;29;On;On;Off; 22.2; 22.0;0;1;1203;1;1203;1;1017;0;-
2026/04/22;22:42:56;92;-; 52.37; 0.0;-; 0.0; 0.0; 0.0;-;-;1951;-0.2; 0.0; 0.0;-7; 22.0;F;1;29;On;On;Off; 22.2; 22.0;0;1;1203;1;1203;1;1017;0;-
2026/04/22;22:43:56;92;-; 52.37; 0.0;-; 0.0; 0.0; 0.0;-;-;1951;-0.1; 0.0; 0.0;-7; 22.0;F;1;29;On;On;Off; 22.2; 22.0;0;1;1203;1;1203;1;1017;0;-
2026/04/22;22:44:56;92;-; 52.37; 0.0;-; 0.0; 0.0; 0.0;-;-;1951;-0.2; 0.0; 0.0;-7; 22.0;F;1;29;On;On;Off; 22.2; 22.0;0;1;1203;1;1203;1;1017;0;-
2026/04/22;22:45:56;92;-; 52.37; 0.0;-; 0.0; 0.0; 0.0;-;-;1951;-0.2; 0.0; 0.0;-7; 22.0;F;1;29;On;On;Off; 22.2; 22.0;0;1;1203;1;1203;1;1017;0;-
2026/04/22;22:46:56;92;-; 52.37; 0.0;-; 0.0; 0.0; 0.0;-;-;1951;-0.2; 0.0; 0.0;-7; 22.0;F;1;29;On;On;Off; 22.2; 21.9;0;1;1203;1;1203;1;1017;0;-
2026/04/22;22:47:56;92;-; 52.35; 0.0;-; 0.0; 0.0; 0.0;-;-;1951;-0.1; 0.0; 0.0;-7; 22.0;F;1;29;On;On;Off; 22.2; 22.0;0;1;1203;1;1203;1;1017;0;-
2026/04/22;22:48:56;92;-; 52.37; 0.0;-; 0.0; 0.0; 0.0;-;-;1951;-0.1; 0.0; 0.0;-7; 22.0;F;1;29;On;On;Off; 22.2; 22.0;0;1;1203;1;1203;1;1017;0;-
2026/04/22;22:49:56;92;-; 52.37; 0.0;-; 0.0; 0.0; 0.0;-;-;1951;-0.2; 0.0; 0.0;-8; 22.0;F;1;29;On;On;Off; 22.2; 22.0;0;1;1203;1;1203;1;1017;0;-
2026/04/22;22:50:56;92;-; 52.37; 0.0;-; 0.0; 0.0; 0.0;-;-;1951;-0.2; 0.0; 0.0;-8; 22.0;F;1;29;On;On;Off; 22.2; 21.9;0;1;1203;1;1203;1;1017;0;-
2026/04/22;22:51:56;92;-; 52.35; 0.0;-; 0.0; 0.0; 0.0;-;-;1951;-0.2; 0.0; 0.0;-8; 22.0;F;1;29;On;On;Off; 22.2; 21.9;0;1;1203;1;1203;1;1017;0;-
2026/04/22;22:52:56;92;-; 52.37; 0.0;-; 0.0; 0.0; 0.0;-;-;1951;-0.2; 0.0; 0.0;-8; 22.0;F;1;29;On;On;Off; 22.2; 21.9;0;1;1203;1;1203;1;1017;0;-
2026/04/22;22:53:56;92;-; 52.37; 0.0;-; 0.0; 0.0; 0.0;-;-;1951;-0.2; 0.0; 0.0;-8; 22.0;F;1;29;On;On;Off; 22.2; 21.9;0;1;1203;1;1203;1;1017;0;-
2026/04/22;22:54:56;92;-; 52.37; 0.0;-; 0.0; 0.0; 0.0;-;-;1951;-0.2; 0.0; 0.0;-8; 22.0;F;1;29;On;On;Off; 22.2; 21.9;0;1;1203;1;1203;1;1017;0;-
2026/04/22;22:55:56;92;-; 52.37; 0.0;-; 0.0; 0.0; 0.0;-;-;1951;-0.2; 0.0; 0.0;-8; 22.0;F;1;29;On;On;Off; 22.2; 21.9;0;1;1203;1;1203;1;1017;0;-
2026/04/22;22:56:55;92;-; 52.35; 0.0;-; 0.0; 0.0; 0.0;-;-;1951;-0.2; 0.0; 0.0;-8; 22.0;F;1;29;On;On;Off; 22.2; 21.9;0;1;1203;1;1203;1;1017;0;-
2026/04/22;22:57:55;92;-; 52.35; 0.0;-; 0.0; 0.0; 0.0;-;-;1951;-0.2; 0.0; 0.0;-7; 22.0;F;1;29;On;On;Off; 22.2; 21.9;0;1;1203;1;1203;1;1017;0;-
2026/04/22;22:58:55;92;-; 52.37; 0.0;-; 0.0; 0.0; 0.0;-;-;1951;-0.2; 0.0; 0.0;-8; 22.0;F;1;29;On;On;Off; 22.2; 21.9;0;1;1203;1;1203;1;1017;0;-
2026/04/22;22:59:55;92;-; 52.37; 0.0;-; 0.0; 0.0; 0.0;-;-;1951;-0.2; 0.0; 0.0;-8; 22.0;F;1;29;On;On;Off; 22.2; 21.9;0;1;1203;1;1203;1;1017;0;-
2026/04/22;23:00:55;92;-; 52.37; 0.0;-; 0.0; 0.0; 0.0;-;-;1951;-0.2; 0.0; 0.0;-8; 22.0;F;1;29;On;On;Off; 22.2; 21.9;0;1;1203;1;1203;1;1017;0;-
2026/04/22;23:01:55;92;-; 52.37; 0.0;-; 0.0; 0.0; 0.0;-;-;1951;-0.2; 0.0; 0.0;-8; 22.0;F;1;29;On;On;Off; 22.2; 21.9;0;1;1203;1;1203;1;1017;0;-
2026/04/22;23:02:55;92;-; 52.37; 0.0;-; 0.0; 0.0; 0.0;-;-;1951;-0.2; 0.0; 0.0;-8; 22.0;F;1;29;On;On;Off; 22.2; 21.9;0;1;1203;1;1203;1;1017;0;-
2026/04/22;23:03:55;92;-; 52.37; 0.0;-; 0.0; 0.0; 0.0;-;-;1951;-0.2; 0.0; 0.0;-8; 22.0;F;1;29;On;On;Off; 22.2; 21.9;0;1;1203;1;1203;1;1017;0;-
2026/04/22;23:04:55;92;-; 52.35; 0.0;-; 0.0; 0.0; 0.0;-;-;1951;-0.2; 0.0; 0.0;-9; 22.0;F;1;29;On;On;Off; 22.2; 21.9;0;1;1203;1;1203;1;1017;0;-
2026/04/22;23:05:55;92;-; 52.37; 0.0;-; 0.0; 0.0; 0.0;-;-;1951;-0.2; 0.0; 0.0;-9; 22.0;F;1;29;On;On;Off; 22.2; 21.9;0;1;1203;1;1203;1;1017;0;-
2026/04/22;23:06:55;92;-; 52.37; 0.0;-; 0.0; 0.0; 0.0;-;-;1952;-0.2; 0.0; 0.0;-9; 22.0;F;1;29;On;On;Off; 22.2; 21.9;0;1;1203;1;1203;1;1017;0;-
2026/04/22;23:07:55;92;-; 52.37; 0.0;-; 0.0; 0.0; 0.0;-;-;1952;-0.2; 0.0; 0.0;-8; 22.0;F;1;29;On;On;Off; 22.2; 21.9;0;1;1203;1;1203;1;1017;0;-
2026/04/22;23:08:55;92;-; 52.35; 0.0;-; 0.0; 0.0; 0.0;-;-;1952;-0.2; 0.0; 0.0;-8; 22.0;F;1;29;On;On;Off; 22.2; 21.9;0;1;1203;1;1203;1;1017;0;-
2026/04/22;23:09:55;92;-; 52.35; 0.0;-; 0.0; 0.0; 0.0;-;-;1952;-0.2; 0.0; 0.0;-9; 22.0;F;1;29;On;On;Off; 22.2; 21.9;0;1;1203;1;1203;1;1017;0;-
2026/04/22;23:10:55;92;-; 52.37; 0.0;-; 0.0; 0.0; 0.0;-;-;1952;-0.2; 0.0; 0.0;-9; 22.0;F;1;29;On;On;Off; 22.2; 21.9;0;1;1203;1;1203;1;1017;0;-
2026/04/22;23:11:55;92;-; 52.37; 0.0;-; 0.0; 0.0; 0.0;-;-;1952;-0.2; 0.0; 0.0;-9; 22.0;F;1;29;On;On;Off; 22.2; 21.9;0;1;1203;1;1203;1;1017;0;-
2026/04/22;23:12:54;92;-; 52.37; 0.0;-; 0.0; 0.0; 0.0;-;-;1952;-0.2; 0.0; 0.0;-8; 22.0;F;1;29;On;On;Off; 22.2; 21.9;0;1;1203;1;1203;1;1017;0;-
2026/04/22;23:13:54;92;-; 52.37; 0.0;-; 0.0; 0.0; 0.0;-;-;1952;-0.2; 0.0; 0.0;-8; 22.0;F;1;29;On;On;Off; 22.2; 21.9;0;1;1203;1;1203;1;1017;0;-
2026/04/22;23:14:54;92;-; 52.37; 0.0;-; 0.0; 0.0; 0.0;-;-;1952;-0.2; 0.0; 0.0;-8; 22.0;F;1;29;On;On;Off; 22.2; 21.9;0;1;1203;1;1203;1;1017;0;-
2026/04/22;23:15:54;92;-; 52.37; 0.0;-; 0.0; 0.0; 0.0;-;-;1952;-0.2; 0.0; 0.0;-8; 22.0;F;1;29;On;On;Off; 22.2; 21.9;0;1;1203;1;1203;1;1017;0;-
2026/04/22;23:16:54;92;-; 52.37; 0.0;-; 0.0; 0.0; 0.0;-;-;1952;-0.2; 0.0; 0.0;-8; 22.0;F;1;29;On;On;Off; 22.2; 21.9;0;1;1203;1;1203;1;1017;0;-
2026/04/22;23:17:54;92;-; 52.37; 0.0;-; 0.0; 0.0; 0.0;-;-;1952;-0.2; 0.0; 0.0;-9; 22.0;F;1;29;On;On;Off; 22.2; 21.9;0;1;1203;1;1203;1;1017;0;-
2026/04/22;23:18:54;92;-; 52.37; 0.0;-; 0.0; 0.0; 0.0;-;-;1952;-0.2; 0.0; 0.0;-8; 22.0;F;1;29;On;On;Off; 22.2; 21.9;0;1;1203;1;1203;1;1017;0;-
2026/04/22;23:19:54;92;-; 52.37; 0.0;-; 0.0; 0.0; 0.0;-;-;1952;-0.2; 0.0; 0.0;-8; 22.0;F;1;29;On;On;Off; 22.2; 21.9;0;1;1203;1;1203;1;1017;0;-
2026/04/22;23:20:54;92;-; 52.35; 0.0;-; 0.0; 0.0; 0.0;-;-;1952;-0.2; 0.0; 0.0;-9; 22.0;F;1;29;On;On;Off; 22.2; 21.9;0;1;1203;1;1203;1;1017;0;-
2026/04/22;23:21:54;92;-; 52.37; 0.0;-; 0.0; 0.0; 0.0;-;-;1952;-0.2; 0.0; 0.0;-8; 22.0;F;1;29;On;On;Off; 22.2; 21.9;0;1;1203;1;1203;1;1017;0;-
2026/04/22;23:22:54;92;-; 52.37; 0.0;-; 0.0; 0.0; 0.0;-;-;1952;-0.2; 0.0; 0.0;-8; 22.0;F;1;29;On;On;Off; 22.2; 21.9;0;1;1203;1;1203;1;1017;0;-
2026/04/22;23:23:54;92;-; 52.37; 0.0;-; 0.0; 0.0; 0.0;-;-;1952;-0.2; 0.0; 0.0;-9; 22.0;F;1;29;On;On;Off; 22.2; 21.9;0;1;1203;1;1203;1;1017;0;-
2026/04/22;23:24:54;92;-; 52.37; 0.0;-; 0.0; 0.0; 0.0;-;-;1952;-0.2; 0.0; 0.0;-8; 22.0;F;1;29;On;On;Off; 22.2; 21.9;0;1;1203;1;1203;1;1017;0;-
2026/04/22;23:25:54;92;-; 52.35; 0.0;-; 0.0; 0.0; 0.0;-;-;1952;-0.2; 0.0; 0.0;-8; 22.0;F;1;29;On;On;Off; 22.2; 21.9;0;1;1203;1;1203;1;1017;0;-
2026/04/22;23:26:54;92;-; 52.37; 0.0;-; 0.0; 0.0; 0.0;-;-;1952;-0.2; 0.0; 0.0;-8; 22.0;F;1;29;On;On;Off; 22.2; 21.9;0;1;1203;1;1203;1;1017;0;-
2026/04/22;23:27:54;92;-; 52.37; 0.0;-; 0.0; 0.0; 0.0;-;-;1952;-0.2; 0.0; 0.0;-8; 22.0;F;1;29;On;On;Off; 22.2; 21.9;0;1;1203;1;1203;1;1017;0;-
2026/04/22;23:28:53;92;-; 52.37; 0.0;-; 0.0; 0.0; 0.0;-;-;1952;-0.2; 0.0; 0.0;-8; 22.0;F;1;29;On;On;Off; 22.2; 21.9;0;1;1203;1;1203;1;1017;0;-
2026/04/22;23:29:53;92;-; 52.35; 0.0;-; 0.0; 0.0; 0.0;-;-;1952;-0.2; 0.0; 0.0;-8; 22.0;F;1;29;On;On;Off; 22.2; 21.9;0;1;1203;1;1203;1;1017;0;-
2026/04/22;23:30:53;92;-; 52.37; 0.0;-; 0.0; 0.0; 0.0;-;-;1952;-0.2; 0.0; 0.0;-8; 22.0;F;1;29;On;On;Off; 22.2; 21.9;0;1;1203;1;1203;1;1017;0;-
2026/04/22;23:31:53;92;-; 52.35; 0.0;-; 0.0; 0.0; 0.0;-;-;1952;-0.2; 0.0; 0.0;-9; 22.0;F;1;29;On;On;Off; 22.2; 21.9;0;1;1203;1;1203;1;1017;0;-
2026/04/22;23:32:53;92;-; 52.35; 0.0;-; 0.0; 0.0; 0.0;-;-;1952;-0.2; 0.0; 0.0;-8; 22.0;F;1;29;On;On;Off; 22.2; 21.9;0;1;1203;1;1203;1;1017;0;-
2026/04/22;23:33:53;92;-; 52.35; 0.0;-; 0.0; 0.0; 0.0;-;-;1952;-0.2; 0.0; 0.0;-8; 22.0;F;1;29;On;On;Off; 22.2; 21.9;0;1;1203;1;1203;1;1017;0;-
2026/04/22;23:34:53;92;-; 52.35; 0.0;-; 0.0; 0.0; 0.0;-;-;1952;-0.2; 0.0; 0.0;-8; 21.9;F;1;29;On;On;Off; 22.2; 21.9;0;1;1203;1;1203;1;1017;0;-
2026/04/22;23:35:53;92;-; 52.37; 0.0;-; 0.0; 0.0; 0.0;-;-;1952;-0.2; 0.0; 0.0;-8; 22.0;F;1;29;On;On;Off; 22.2; 21.9;0;1;1203;1;1203;1;1017;0;-
2026/04/22;23:36:53;92;-; 52.35; 0.0;-; 0.0; 0.0; 0.0;-;-;1952;-0.2; 0.0; 0.0;-8; 22.0;F;1;29;On;On;Off; 22.2; 21.9;0;1;1203;1;1203;1;1017;0;-
2026/04/22;23:37:53;92;-; 52.37; 0.0;-; 0.0; 0.0; 0.0;-;-;1952;-0.2; 0.0; 0.0;-8; 21.9;F;1;29;On;On;Off; 22.2; 21.9;0;1;1203;1;1203;1;1017;0;-
2026/04/22;23:38:53;92;-; 52.37; 0.0;-; 0.0; 0.0; 0.0;-;-;1952;-0.2; 0.0; 0.0;-8; 22.0;F;1;29;On;On;Off; 22.2; 21.9;0;1;1203;1;1203;1;1017;0;-
2026/04/22;23:39:53;92;-; 52.35; 0.0;-; 0.0; 0.0; 0.0;-;-;1952;-0.2; 0.0; 0.0;-8; 22.0;F;1;29;On;On;Off; 22.2; 21.9;0;1;1203;1;1203;1;1017;0;-
2026/04/22;23:40:53;92;-; 52.37; 0.0;-; 0.0; 0.0; 0.0;-;-;1952;-0.2; 0.0; 0.0;-7; 22.0;F;1;29;On;On;Off; 22.2; 21.9;0;1;1203;1;1203;1;1017;0;-
2026/04/22;23:41:53;92;-; 52.35; 0.0;-; 0.0; 0.0; 0.0;-;-;1952;-0.2; 0.0; 0.0;-8; 22.0;F;1;29;On;On;Off; 22.2; 21.9;0;1;1203;1;1203;1;1017;0;-
2026/04/22;23:42:53;92;-; 52.35; 0.0;-; 0.0; 0.0; 0.0;-;-;1952;-0.2; 0.0; 0.0;-8; 21.9;F;1;29;On;On;Off; 22.2; 21.9;0;1;1203;1;1203;1;1017;0;-
2026/04/22;23:43:52;92;-; 52.35; 0.0;-; 0.0; 0.0; 0.0;-;-;1952;-0.2; 0.0; 0.0;-8; 21.9;F;1;29;On;On;Off; 22.2; 21.9;0;1;1203;1;1203;1;1017;0;-
2026/04/22;23:44:52;92;-; 52.37; 0.0;-; 0.0; 0.0; 0.0;-;-;1952;-0.2; 0.0; 0.0;-8; 21.9;F;1;29;On;On;Off; 22.2; 21.9;0;1;1203;1;1203;1;1017;0;-
2026/04/22;23:45:52;92;-; 52.37; 0.0;-; 0.0; 0.0; 0.0;-;-;1952;-0.2; 0.0; 0.0;-8; 22.0;F;1;29;On;On;Off; 22.2; 21.9;0;1;1203;1;1203;1;1017;0;-
2026/04/22;23:46:52;92;-; 52.37; 0.0;-; 0.0; 0.0; 0.0;-;-;1952;-0.2; 0.0; 0.0;-8; 22.0;F;1;29;On;On;Off; 22.2; 21.9;0;1;1203;1;1203;1;1017;0;-
2026/04/22;23:47:52;92;-; 52.37; 0.0;-; 0.0; 0.0; 0.0;-;-;1952;-0.2; 0.0; 0.0;-8; 21.9;F;1;29;On;On;Off; 22.2; 21.9;0;1;1203;1;1203;1;1017;0;-
2026/04/22;23:48:52;92;-; 52.37; 0.0;-; 0.0; 0.0; 0.0;-;-;1952;-0.2; 0.0; 0.0;-8; 22.0;F;1;29;On;On;Off; 22.2; 21.9;0;1;1203;1;1203;1;1017;0;-
2026/04/22;23:49:52;92;-; 52.35; 0.0;-; 0.0; 0.0; 0.0;-;-;1952;-0.1; 0.0; 0.0;-7; 22.0;F;1;29;On;On;Off; 22.2; 21.9;0;1;1203;1;1203;1;1017;0;-
2026/04/22;23:50:52;92;-; 52.37; 0.0;-; 0.0; 0.0; 0.0;-;-;1952;-0.2; 0.0; 0.0;-8; 21.9;F;1;29;On;On;Off; 22.2; 21.9;0;1;1203;1;1203;1;1017;0;-
2026/04/22;23:51:52;92;-; 52.37; 0.0;-; 0.0; 0.0; 0.0;-;-;1952;-0.2; 0.0; 0.0;-8; 21.9;F;1;29;On;On;Off; 22.2; 21.9;0;1;1203;1;1203;1;1017;0;-
2026/04/22;23:52:52;92;-; 52.35; 0.0;-; 0.0; 0.0; 0.0;-;-;1952;-0.1; 0.0; 0.0;-7; 21.9;F;1;29;On;On;Off; 22.2; 21.9;0;1;1203;1;1203;1;1017;0;-
2026/04/22;23:53:52;92;-; 52.37; 0.0;-; 0.0; 0.0; 0.0;-;-;1952;-0.2; 0.0; 0.0;-8; 21.9;F;1;29;On;On;Off; 22.2; 21.9;0;1;1203;1;1203;1;1017;0;-
2026/04/22;23:54:52;92;-; 52.35; 0.0;-; 0.0; 0.0; 0.0;-;-;1952;-0.2; 0.0; 0.0;-8; 21.9;F;1;29;On;On;Off; 22.2; 21.9;0;1;1203;1;1203;1;1017;0;-
2026/04/22;23:55:52;92;-; 52.35; 0.0;-; 0.0; 0.0; 0.0;-;-;1952;-0.2; 0.0; 0.0;-7; 21.9;F;1;29;On;On;Off; 22.2; 21.9;0;1;1203;1;1203;1;1017;0;-
2026/04/22;23:56:52;92;-; 52.37; 0.0;-; 0.0; 0.0; 0.0;-;-;1952;-0.2; 0.0; 0.0;-8; 21.9;F;1;29;On;On;Off; 22.2; 21.9;0;1;1203;1;1203;1;1017;0;-
2026/04/22;23:57:52;92;-; 52.35; 0.0;-; 0.0; 0.0; 0.0;-;-;1952;-0.2; 0.0; 0.0;-8; 21.9;F;1;29;On;On;Off; 22.2; 21.9;0;1;1203;1;1203;1;1017;0;-
2026/04/22;23:58:52;92;-; 52.37; 0.0;-; 0.0; 0.0; 0.0;-;-;1952;-0.2; 0.0; 0.0;-7; 21.9;F;1;29;On;On;Off; 22.2; 21.9;0;1;1203;1;1203;1;1017;0;-
2026/04/22;23:59:51;92;-; 52.35; 0.0;-; 0.0; 0.0; 0.0;-;-;1952;-0.2; 0.0; 0.0;-7; 21.9;F;1;29;On;On;Off; 22.2; 21.9;0;1;1203;1;1203;1;1017;0;-
