Steca Elektronik GmbH;MPPT6000;760749IH008963540005
Date;Time;SOC[%];Kaptest[Ah];Vbat[V];Ibat_M[A];Vbat.sense[V];VPV1_M[V];VPV2_M[V];PVpower_M[W];PV1power_M[W];PV2power_M[W];Ophours[h];Ibat_total[A]SOC;Icharge_total[A];Iload_total[A];BatPower_total[W];BatTemp[°C];ChargeMode;ErrorState;ErrorNr;StateAux1;StateAux2;StateAux3;IntTemp1[°C];IntTemp2[°C];Derating;Ah_in_24h_M[Ah];Ah_in_total_M[Ah];Ah_in_24h_SYS[Ah];Ah_in_total_SYS[Ah];Ah_out_24h_SYS[Ah];Ah_out_total_SYS[Ah];Day_night;Status_AUXIO
2026/05/03;00:00:27;-;-; 52.45; 0.0;-; 6.0; 5.2; 0.0;-;-;2192;-0.1; 0.0; 0.0;-7; 21.4;B;0;-;On;On;Off; 23.0; 22.8;0;9;1676;9;1676;9;1490;0;-
2026/05/03;00:01:27;-;-; 52.45; 0.0;-; 6.0; 5.3; 0.0;-;-;2192;-0.1; 0.0; 0.0;-7; 21.4;B;0;-;On;On;Off; 23.0; 22.8;0;0;1676;0;1676;0;1490;0;-
2026/05/03;00:02:27;-;-; 52.45; 0.0;-; 6.0; 5.1; 0.0;-;-;2192;-0.1; 0.0; 0.0;-7; 21.4;B;0;-;On;On;Off; 23.0; 22.8;0;0;1676;0;1676;0;1490;0;-
2026/05/03;00:03:27;-;-; 52.45; 0.0;-; 6.0; 5.4; 0.0;-;-;2192;-0.2; 0.0; 0.0;-7; 21.4;B;0;-;On;On;Off; 23.0; 22.8;0;0;1676;0;1676;0;1490;0;-
2026/05/03;00:04:26;-;-; 52.45; 0.0;-; 6.0; 5.3; 0.0;-;-;2192;-0.2; 0.0; 0.0;-7; 21.4;B;0;-;On;On;Off; 23.0; 22.8;0;0;1676;0;1676;0;1490;0;-
2026/05/03;00:05:26;-;-; 52.43; 0.0;-; 5.9; 5.2; 0.0;-;-;2192;-0.1; 0.0; 0.0;-7; 21.4;B;0;-;On;On;Off; 23.0; 22.8;0;0;1676;0;1676;0;1490;0;-
2026/05/03;00:06:26;-;-; 52.45; 0.0;-; 5.9; 5.1; 0.0;-;-;2192;-0.1; 0.0; 0.0;-7; 21.4;B;0;-;On;On;Off; 23.0; 22.8;0;0;1676;0;1676;0;1490;0;-
2026/05/03;00:07:26;-;-; 52.45; 0.0;-; 6.0; 5.1; 0.0;-;-;2192;-0.1; 0.0; 0.0;-7; 21.4;B;0;-;On;On;Off; 23.0; 22.8;0;0;1676;0;1676;0;1490;0;-
2026/05/03;00:08:26;-;-; 52.43; 0.0;-; 5.9; 5.2; 0.0;-;-;2192;-0.1; 0.0; 0.0;-7; 21.4;B;0;-;On;On;Off; 23.0; 22.8;0;0;1676;0;1676;0;1490;0;-
2026/05/03;00:09:26;-;-; 52.45; 0.0;-; 5.9; 5.1; 0.0;-;-;2192;-0.1; 0.0; 0.0;-6; 21.4;B;0;-;On;On;Off; 23.0; 22.8;0;0;1676;0;1676;0;1490;0;-
2026/05/03;00:10:26;-;-; 52.45; 0.0;-; 5.9; 5.2; 0.0;-;-;2192;-0.1; 0.0; 0.0;-7; 21.4;B;0;-;On;On;Off; 23.0; 22.7;0;0;1676;0;1676;0;1490;0;-
2026/05/03;00:11:26;-;-; 52.45; 0.0;-; 5.9; 5.2; 0.0;-;-;2192;-0.1; 0.0; 0.0;-7; 21.4;B;0;-;On;On;Off; 23.0; 22.8;0;0;1676;0;1676;0;1490;0;-
2026/05/03;00:12:26;-;-; 52.45; 0.0;-; 5.9; 5.2; 0.0;-;-;2192;-0.1; 0.0; 0.0;-7; 21.4;B;0;-;On;On;Off; 23.0; 22.7;0;0;1676;0;1676;0;1490;0;-
2026/05/03;00:13:26;-;-; 52.45; 0.0;-; 5.9; 5.2; 0.0;-;-;2192;-0.1; 0.0; 0.0;-7; 21.4;B;0;-;On;On;Off; 23.0; 22.7;0;0;1676;0;1676;0;1490;0;-
2026/05/03;00:14:26;-;-; 52.43; 0.0;-; 5.9; 5.3; 0.0;-;-;2192;-0.1; 0.0; 0.0;-7; 21.4;B;0;-;On;On;Off; 23.0; 22.7;0;0;1676;0;1676;0;1490;0;-
2026/05/03;00:15:26;-;-; 52.45; 0.0;-; 5.9; 5.1; 0.0;-;-;2192;-0.1; 0.0; 0.0;-7; 21.4;B;0;-;On;On;Off; 23.0; 22.7;0;0;1676;0;1676;0;1490;0;-
2026/05/03;00:16:26;-;-; 52.45; 0.0;-; 6.0; 5.3; 0.0;-;-;2192;-0.1; 0.0; 0.0;-7; 21.4;B;0;-;On;On;Off; 23.0; 22.7;0;0;1676;0;1676;0;1490;0;-
2026/05/03;00:17:26;-;-; 52.45; 0.0;-; 5.9; 5.3; 0.0;-;-;2192;-0.1; 0.0; 0.0;-7; 21.4;B;0;-;On;On;Off; 23.0; 22.7;0;0;1676;0;1676;0;1490;0;-
2026/05/03;00:18:26;-;-; 52.43; 0.0;-; 6.0; 5.2; 0.0;-;-;2192;-0.1; 0.0; 0.0;-7; 21.4;B;0;-;On;On;Off; 23.0; 22.7;0;0;1676;0;1676;0;1490;0;-
2026/05/03;00:19:25;-;-; 52.41; 0.0;-; 5.9; 5.2; 0.0;-;-;2192;-0.1; 0.0; 0.0;-7; 21.4;B;0;-;On;On;Off; 23.0; 22.7;0;0;1676;0;1676;0;1490;0;-
2026/05/03;00:20:25;-;-; 52.43; 0.0;-; 6.0; 5.2; 0.0;-;-;2192;-0.2; 0.0; 0.0;-7; 21.4;B;0;-;On;On;Off; 23.0; 22.7;0;0;1676;0;1676;0;1490;0;-
2026/05/03;00:21:25;-;-; 52.43; 0.0;-; 5.9; 5.1; 0.0;-;-;2192;-0.2; 0.0; 0.0;-7; 21.4;B;0;-;On;On;Off; 23.0; 22.7;0;0;1676;0;1676;0;1490;0;-
2026/05/03;00:22:25;-;-; 52.43; 0.0;-; 5.9; 5.2; 0.0;-;-;2192;-0.2; 0.0; 0.0;-7; 21.4;B;0;-;On;On;Off; 23.0; 22.7;0;0;1676;0;1676;0;1490;0;-
2026/05/03;00:23:25;-;-; 52.43; 0.0;-; 5.9; 5.2; 0.0;-;-;2192;-0.1; 0.0; 0.0;-7; 21.3;B;0;-;On;On;Off; 23.0; 22.7;0;0;1676;0;1676;0;1490;0;-
2026/05/03;00:24:25;-;-; 52.43; 0.0;-; 5.9; 5.3; 0.0;-;-;2192;-0.1; 0.0; 0.0;-7; 21.4;B;0;-;On;On;Off; 23.0; 22.7;0;0;1676;0;1676;0;1490;0;-
2026/05/03;00:25:25;-;-; 52.43; 0.0;-; 5.9; 5.3; 0.0;-;-;2192;-0.2; 0.0; 0.0;-8; 21.3;B;0;-;On;On;Off; 23.0; 22.7;0;0;1676;0;1676;0;1490;0;-
2026/05/03;00:26:25;-;-; 52.43; 0.0;-; 5.9; 5.2; 0.0;-;-;2192;-0.2; 0.0; 0.0;-8; 21.4;B;0;-;On;On;Off; 23.0; 22.7;0;0;1676;0;1676;0;1490;0;-
2026/05/03;00:27:25;-;-; 52.41; 0.0;-; 6.0; 5.2; 0.0;-;-;2192;-0.2; 0.0; 0.0;-7; 21.4;B;0;-;On;On;Off; 23.0; 22.7;0;0;1676;0;1676;0;1490;0;-
2026/05/03;00:28:25;-;-; 52.41; 0.0;-; 5.9; 5.2; 0.0;-;-;2192;-0.2; 0.0; 0.0;-8; 21.4;B;0;-;On;On;Off; 23.0; 22.7;0;0;1676;0;1676;0;1490;0;-
2026/05/03;00:29:25;-;-; 52.43; 0.0;-; 6.0; 5.3; 0.0;-;-;2192;-0.2; 0.0; 0.0;-8; 21.3;B;0;-;On;On;Off; 23.0; 22.7;0;0;1676;0;1676;0;1490;0;-
2026/05/03;00:30:25;-;-; 52.41; 0.0;-; 6.0; 5.1; 0.0;-;-;2192;-0.2; 0.0; 0.0;-7; 21.3;B;0;-;On;On;Off; 23.0; 22.7;0;0;1676;0;1676;0;1490;0;-
2026/05/03;00:31:25;-;-; 52.43; 0.0;-; 6.0; 5.3; 0.0;-;-;2192;-0.2; 0.0; 0.0;-8; 21.4;B;0;-;On;On;Off; 23.0; 22.7;0;0;1676;0;1676;0;1490;0;-
2026/05/03;00:32:25;-;-; 52.43; 0.0;-; 5.9; 5.2; 0.0;-;-;2192;-0.2; 0.0; 0.0;-7; 21.3;B;0;-;On;On;Off; 23.0; 22.7;0;0;1676;0;1676;0;1490;0;-
2026/05/03;00:33:25;-;-; 52.43; 0.0;-; 6.0; 5.2; 0.0;-;-;2192;-0.2; 0.0; 0.0;-7; 21.4;B;0;-;On;On;Off; 22.9; 22.7;0;0;1676;0;1676;0;1490;0;-
2026/05/03;00:34:25;-;-; 52.41; 0.0;-; 6.0; 5.2; 0.0;-;-;2192;-0.2; 0.0; 0.0;-7; 21.3;B;0;-;On;On;Off; 23.0; 22.7;0;0;1676;0;1676;0;1490;0;-
2026/05/03;00:35:24;-;-; 52.43; 0.0;-; 6.0; 5.2; 0.0;-;-;2192;-0.1; 0.0; 0.0;-7; 21.4;B;0;-;On;On;Off; 23.0; 22.7;0;0;1676;0;1676;0;1490;0;-
2026/05/03;00:36:24;-;-; 52.43; 0.0;-; 6.0; 5.3; 0.0;-;-;2192;-0.1; 0.0; 0.0;-7; 21.3;B;0;-;On;On;Off; 22.9; 22.7;0;0;1676;0;1676;0;1490;0;-
2026/05/03;00:37:24;-;-; 52.41; 0.0;-; 6.0; 5.3; 0.0;-;-;2192;-0.2; 0.0; 0.0;-7; 21.4;B;0;-;On;On;Off; 22.9; 22.7;0;0;1676;0;1676;0;1490;0;-
2026/05/03;00:38:24;-;-; 52.43; 0.0;-; 6.0; 5.3; 0.0;-;-;2192;-0.1; 0.0; 0.0;-7; 21.3;B;0;-;On;On;Off; 22.9; 22.7;0;0;1676;0;1676;0;1490;0;-
2026/05/03;00:39:24;-;-; 52.41; 0.0;-; 6.3; 5.2; 0.0;-;-;2192;-0.1; 0.0; 0.0;-7; 21.4;B;0;-;On;On;Off; 22.9; 22.7;0;0;1676;0;1676;0;1490;0;-
2026/05/03;00:40:24;-;-; 52.43; 0.0;-; 5.9; 5.3; 0.0;-;-;2192;-0.2; 0.0; 0.0;-7; 21.3;B;0;-;On;On;Off; 22.9; 22.7;0;0;1676;0;1676;0;1490;0;-
2026/05/03;00:41:24;-;-; 52.43; 0.0;-; 6.0; 5.3; 0.0;-;-;2192;-0.1; 0.0; 0.0;-7; 21.4;B;0;-;On;On;Off; 22.9; 22.7;0;0;1676;0;1676;0;1490;0;-
2026/05/03;00:42:24;-;-; 52.43; 0.0;-; 6.0; 5.3; 0.0;-;-;2192;-0.1; 0.0; 0.0;-7; 21.3;B;0;-;On;On;Off; 22.9; 22.7;0;0;1676;0;1676;0;1490;0;-
2026/05/03;00:43:24;-;-; 52.43; 0.0;-; 5.9; 5.3; 0.0;-;-;2192;-0.2; 0.0; 0.0;-7; 21.3;B;0;-;On;On;Off; 22.9; 22.7;0;0;1676;0;1676;0;1490;0;-
2026/05/03;00:44:24;-;-; 52.41; 0.0;-; 6.0; 5.4; 0.0;-;-;2192;-0.1; 0.0; 0.0;-7; 21.3;B;0;-;On;On;Off; 22.9; 22.7;0;0;1676;0;1676;0;1490;0;-
2026/05/03;00:45:24;-;-; 52.41; 0.0;-; 6.0; 5.3; 0.0;-;-;2192;-0.1; 0.0; 0.0;-7; 21.3;B;0;-;On;On;Off; 22.9; 22.7;0;0;1676;0;1676;0;1490;0;-
2026/05/03;00:46:24;-;-; 52.41; 0.0;-; 6.0; 5.2; 0.0;-;-;2192;-0.1; 0.0; 0.0;-7; 21.3;B;0;-;On;On;Off; 22.9; 22.7;0;0;1676;0;1676;0;1490;0;-
2026/05/03;00:47:24;-;-; 52.43; 0.0;-; 5.9; 5.3; 0.0;-;-;2192;-0.2; 0.0; 0.0;-7; 21.4;B;0;-;On;On;Off; 22.9; 22.7;0;0;1676;0;1676;0;1490;0;-
2026/05/03;00:48:24;-;-; 52.41; 0.0;-; 6.0; 5.2; 0.0;-;-;2192;-0.2; 0.0; 0.0;-7; 21.3;B;0;-;On;On;Off; 22.9; 22.7;0;0;1676;0;1676;0;1490;0;-
2026/05/03;00:49:24;-;-; 52.43; 0.0;-; 6.0; 5.4; 0.0;-;-;2192;-0.1; 0.0; 0.0;-7; 21.4;B;0;-;On;On;Off; 22.9; 22.7;0;0;1676;0;1676;0;1490;0;-
2026/05/03;00:50:24;-;-; 52.41; 0.0;-; 6.0; 5.3; 0.0;-;-;2192;-0.1; 0.0; 0.0;-7; 21.4;B;0;-;On;On;Off; 22.9; 22.7;0;0;1676;0;1676;0;1490;0;-
2026/05/03;00:51:23;-;-; 52.41; 0.0;-; 6.0; 5.4; 0.0;-;-;2193;-0.2; 0.0; 0.0;-7; 21.4;B;0;-;On;On;Off; 22.9; 22.6;0;0;1676;0;1676;0;1490;0;-
2026/05/03;00:52:23;-;-; 52.41; 0.0;-; 5.8; 5.2; 0.0;-;-;2193;-0.1; 0.0; 0.0;-7; 21.4;B;0;-;On;On;Off; 22.9; 22.6;0;0;1676;0;1676;0;1490;0;-
2026/05/03;00:53:23;-;-; 52.41; 0.0;-; 5.9; 5.2; 0.0;-;-;2193;-0.2; 0.0; 0.0;-7; 21.3;B;0;-;On;On;Off; 22.9; 22.7;0;0;1676;0;1676;0;1490;0;-
2026/05/03;00:54:23;-;-; 52.43; 0.0;-; 5.9; 5.4; 0.0;-;-;2193;-0.2; 0.0; 0.0;-7; 21.4;B;0;-;On;On;Off; 22.9; 22.6;0;0;1676;0;1676;0;1490;0;-
2026/05/03;00:55:23;-;-; 52.39; 0.0;-; 5.9; 5.4; 0.0;-;-;2193;-0.1; 0.0; 0.0;-7; 21.3;B;0;-;On;On;Off; 22.9; 22.6;0;0;1676;0;1676;0;1490;0;-
2026/05/03;00:56:23;-;-; 52.41; 0.0;-; 5.9; 5.3; 0.0;-;-;2193;-0.1; 0.0; 0.0;-7; 21.4;B;0;-;On;On;Off; 22.9; 22.7;0;0;1676;0;1676;0;1490;0;-
2026/05/03;00:57:23;-;-; 52.39; 0.0;-; 5.9; 5.4; 0.0;-;-;2193;-0.1; 0.0; 0.0;-7; 21.4;B;0;-;On;On;Off; 22.9; 22.7;0;0;1676;0;1676;0;1490;0;-
2026/05/03;00:58:23;-;-; 52.41; 0.0;-; 5.9; 5.5; 0.0;-;-;2193;-0.2; 0.0; 0.0;-7; 21.4;B;0;-;On;On;Off; 22.9; 22.6;0;0;1676;0;1676;0;1490;0;-
2026/05/03;00:59:23;-;-; 52.41; 0.0;-; 6.0; 5.5; 0.0;-;-;2193;-0.2; 0.0; 0.0;-7; 21.4;B;0;-;On;On;Off; 22.9; 22.7;0;0;1676;0;1676;0;1490;0;-
2026/05/03;01:00:23;-;-; 52.39; 0.0;-; 5.9; 5.3; 0.0;-;-;2193;-0.1; 0.0; 0.0;-7; 21.4;B;0;-;On;On;Off; 22.9; 22.7;0;0;1676;0;1676;0;1490;0;-
2026/05/03;01:01:23;-;-; 52.41; 0.0;-; 6.0; 5.4; 0.0;-;-;2193;-0.1; 0.0; 0.0;-6; 21.4;B;0;-;On;On;Off; 22.9; 22.7;0;0;1676;0;1676;0;1490;0;-
2026/05/03;01:02:23;-;-; 52.39; 0.0;-; 6.0; 5.4; 0.0;-;-;2193;-0.1; 0.0; 0.0;-7; 21.3;B;0;-;On;On;Off; 22.9; 22.6;0;0;1676;0;1676;0;1490;0;-
2026/05/03;01:03:23;-;-; 52.41; 0.0;-; 6.1; 5.5; 0.0;-;-;2193;-0.2; 0.0; 0.0;-7; 21.4;B;0;-;On;On;Off; 22.9; 22.6;0;0;1676;0;1676;0;1490;0;-
2026/05/03;01:04:23;-;-; 52.41; 0.0;-; 6.1; 5.5; 0.0;-;-;2193;-0.1; 0.0; 0.0;-7; 21.3;B;0;-;On;On;Off; 22.9; 22.6;0;0;1676;0;1676;0;1490;0;-
2026/05/03;01:05:23;-;-; 52.41; 0.0;-; 6.0; 5.4; 0.0;-;-;2193;-0.2; 0.0; 0.0;-8; 21.4;B;0;-;On;On;Off; 22.9; 22.6;0;0;1676;0;1676;0;1490;0;-
2026/05/03;01:06:23;-;-; 52.41; 0.0;-; 6.1; 5.3; 0.0;-;-;2193;-0.2; 0.0; 0.0;-7; 21.4;B;0;-;On;On;Off; 22.9; 22.6;0;0;1676;0;1676;0;1490;0;-
2026/05/03;01:07:22;-;-; 52.41; 0.0;-; 6.1; 5.4; 0.0;-;-;2193;-0.1; 0.0; 0.0;-7; 21.4;B;0;-;On;On;Off; 22.9; 22.6;0;0;1676;0;1676;0;1490;0;-
2026/05/03;01:08:22;-;-; 52.41; 0.0;-; 6.1; 5.4; 0.0;-;-;2193;-0.2; 0.0; 0.0;-8; 21.4;B;0;-;On;On;Off; 22.9; 22.6;0;0;1676;0;1676;0;1490;0;-
2026/05/03;01:09:22;-;-; 52.39; 0.0;-; 6.1; 5.6; 0.0;-;-;2193;-0.2; 0.0; 0.0;-8; 21.4;B;0;-;On;On;Off; 22.9; 22.6;0;0;1676;0;1676;0;1490;0;-
2026/05/03;01:10:22;-;-; 52.41; 0.0;-; 6.1; 5.3; 0.0;-;-;2193;-0.2; 0.0; 0.0;-8; 21.4;B;0;-;On;On;Off; 22.9; 22.6;0;0;1676;0;1676;0;1490;0;-
2026/05/03;01:11:22;-;-; 52.41; 0.0;-; 6.1; 5.4; 0.0;-;-;2193;-0.2; 0.0; 0.0;-7; 21.4;B;0;-;On;On;Off; 22.9; 22.6;0;0;1676;0;1676;0;1490;0;-
2026/05/03;01:12:22;-;-; 52.41; 0.0;-; 6.2; 5.6; 0.0;-;-;2193;-0.1; 0.0; 0.0;-7; 21.4;B;0;-;On;On;Off; 22.9; 22.6;0;0;1676;0;1676;0;1490;0;-
2026/05/03;01:13:22;-;-; 52.41; 0.0;-; 6.2; 5.5; 0.0;-;-;2193;-0.1; 0.0; 0.0;-7; 21.4;B;0;-;On;On;Off; 22.9; 22.6;0;0;1676;0;1676;0;1490;0;-
2026/05/03;01:14:22;-;-; 52.41; 0.0;-; 6.2; 5.4; 0.0;-;-;2193;-0.2; 0.0; 0.0;-8; 21.3;B;0;-;On;On;Off; 22.9; 22.6;0;0;1676;0;1676;0;1490;0;-
2026/05/03;01:15:22;-;-; 52.41; 0.0;-; 6.2; 5.4; 0.0;-;-;2193;-0.2; 0.0; 0.0;-8; 21.4;B;0;-;On;On;Off; 22.9; 22.6;0;0;1676;0;1676;0;1490;0;-
2026/05/03;01:16:22;-;-; 52.41; 0.0;-; 6.2; 5.4; 0.0;-;-;2193;-0.1; 0.0; 0.0;-7; 21.4;B;0;-;On;On;Off; 22.9; 22.6;0;0;1676;0;1676;0;1490;0;-
2026/05/03;01:17:22;-;-; 52.41; 0.0;-; 6.0; 5.3; 0.0;-;-;2193;-0.1; 0.0; 0.0;-7; 21.4;B;0;-;On;On;Off; 22.9; 22.6;0;0;1676;0;1676;0;1490;0;-
2026/05/03;01:18:22;-;-; 52.41; 0.0;-; 6.1; 5.4; 0.0;-;-;2193;-0.2; 0.0; 0.0;-7; 21.3;B;0;-;On;On;Off; 22.8; 22.6;0;0;1676;0;1676;0;1490;0;-
2026/05/03;01:19:22;-;-; 52.41; 0.0;-; 6.1; 5.4; 0.0;-;-;2193;-0.2; 0.0; 0.0;-7; 21.3;B;0;-;On;On;Off; 22.8; 22.6;0;0;1676;0;1676;0;1490;0;-
2026/05/03;01:20:22;-;-; 52.41; 0.0;-; 6.1; 5.4; 0.0;-;-;2193;-0.2; 0.0; 0.0;-7; 21.4;B;0;-;On;On;Off; 22.8; 22.6;0;0;1676;0;1676;0;1490;0;-
2026/05/03;01:21:22;-;-; 52.41; 0.0;-; 6.1; 5.6; 0.0;-;-;2193;-0.1; 0.0; 0.0;-7; 21.4;B;0;-;On;On;Off; 22.8; 22.6;0;0;1676;0;1676;0;1490;0;-
2026/05/03;01:22:22;-;-; 52.41; 0.0;-; 6.2; 5.4; 0.0;-;-;2193;-0.2; 0.0; 0.0;-7; 21.3;B;0;-;On;On;Off; 22.8; 22.6;0;0;1676;0;1676;0;1490;0;-
2026/05/03;01:23:21;-;-; 52.41; 0.0;-; 6.1; 5.7; 0.0;-;-;2193;-0.1; 0.0; 0.0;-7; 21.4;B;0;-;On;On;Off; 22.8; 22.6;0;0;1676;0;1676;0;1490;0;-
2026/05/03;01:24:21;-;-; 52.41; 0.0;-; 6.2; 5.5; 0.0;-;-;2193;-0.1; 0.0; 0.0;-7; 21.4;B;0;-;On;On;Off; 22.8; 22.6;0;0;1676;0;1676;0;1490;0;-
2026/05/03;01:25:21;-;-; 52.39; 0.0;-; 6.1; 5.5; 0.0;-;-;2193;-0.1; 0.0; 0.0;-7; 21.3;B;0;-;On;On;Off; 22.8; 22.6;0;0;1676;0;1676;0;1490;0;-
2026/05/03;01:26:21;-;-; 52.41; 0.0;-; 6.1; 5.7; 0.0;-;-;2193;-0.1; 0.0; 0.0;-7; 21.4;B;0;-;On;On;Off; 22.8; 22.6;0;0;1676;0;1676;0;1490;0;-
2026/05/03;01:27:21;-;-; 52.41; 0.0;-; 6.1; 5.6; 0.0;-;-;2193;-0.1; 0.0; 0.0;-7; 21.4;B;0;-;On;On;Off; 22.8; 22.6;0;0;1676;0;1676;0;1490;0;-
2026/05/03;01:28:21;-;-; 52.41; 0.0;-; 6.1; 5.6; 0.0;-;-;2193;-0.2; 0.0; 0.0;-7; 21.4;B;0;-;On;On;Off; 22.8; 22.6;0;0;1676;0;1676;0;1490;0;-
2026/05/03;01:29:21;-;-; 52.39; 0.0;-; 6.0; 5.5; 0.0;-;-;2193;-0.2; 0.0; 0.0;-7; 21.4;B;0;-;On;On;Off; 22.8; 22.6;0;0;1676;0;1676;0;1490;0;-
2026/05/03;01:30:21;-;-; 52.41; 0.0;-; 6.1; 5.6; 0.0;-;-;2193;-0.2; 0.0; 0.0;-7; 21.4;B;0;-;On;On;Off; 22.8; 22.6;0;0;1676;0;1676;0;1490;0;-
2026/05/03;01:31:21;-;-; 52.41; 0.0;-; 6.0; 5.6; 0.0;-;-;2193;-0.1; 0.0; 0.0;-7; 21.4;B;0;-;On;On;Off; 22.8; 22.6;0;0;1676;0;1676;0;1490;0;-
2026/05/03;01:32:21;-;-; 52.39; 0.0;-; 6.0; 5.6; 0.0;-;-;2193;-0.2; 0.0; 0.0;-7; 21.3;B;0;-;On;On;Off; 22.8; 22.6;0;0;1676;0;1676;0;1490;0;-
2026/05/03;01:33:21;-;-; 52.41; 0.0;-; 6.0; 5.4; 0.0;-;-;2193;-0.1; 0.0; 0.0;-7; 21.3;B;0;-;On;On;Off; 22.8; 22.6;0;0;1676;0;1676;0;1490;0;-
2026/05/03;01:34:21;-;-; 52.39; 0.0;-; 6.0; 5.4; 0.0;-;-;2193;-0.1; 0.0; 0.0;-7; 21.4;B;0;-;On;On;Off; 22.8; 22.5;0;0;1676;0;1676;0;1490;0;-
2026/05/03;01:35:21;-;-; 52.39; 0.0;-; 6.1; 5.4; 0.0;-;-;2193;-0.1; 0.0; 0.0;-7; 21.3;B;0;-;On;On;Off; 22.8; 22.5;0;0;1676;0;1676;0;1490;0;-
2026/05/03;01:36:21;-;-; 52.39; 0.0;-; 6.0; 5.3; 0.0;-;-;2193;-0.2; 0.0; 0.0;-7; 21.3;B;0;-;On;On;Off; 22.8; 22.6;0;0;1676;0;1676;0;1490;0;-
2026/05/03;01:37:21;-;-; 52.39; 0.0;-; 5.9; 5.5; 0.0;-;-;2193;-0.2; 0.0; 0.0;-8; 21.3;B;0;-;On;On;Off; 22.8; 22.5;0;0;1676;0;1676;0;1490;0;-
2026/05/03;01:38:20;-;-; 52.37; 0.0;-; 6.0; 5.3; 0.0;-;-;2193;-0.2; 0.0; 0.0;-7; 21.3;B;0;-;On;On;Off; 22.8; 22.6;0;0;1676;0;1676;0;1490;0;-
2026/05/03;01:39:20;-;-; 52.39; 0.0;-; 5.9; 5.3; 0.0;-;-;2193;-0.1; 0.0; 0.0;-7; 21.3;B;0;-;On;On;Off; 22.8; 22.5;0;0;1676;0;1676;0;1490;0;-
2026/05/03;01:40:20;-;-; 52.39; 0.0;-; 6.1; 5.4; 0.0;-;-;2193;-0.2; 0.0; 0.0;-7; 21.3;B;0;-;On;On;Off; 22.8; 22.5;0;0;1676;0;1676;0;1490;0;-
2026/05/03;01:41:20;-;-; 52.37; 0.0;-; 6.1; 5.5; 0.0;-;-;2193;-0.2; 0.0; 0.0;-7; 21.3;B;0;-;On;On;Off; 22.8; 22.5;0;0;1676;0;1676;0;1490;0;-
2026/05/03;01:42:20;-;-; 52.37; 0.0;-; 5.9; 5.4; 0.0;-;-;2193;-0.2; 0.0; 0.0;-7; 21.3;B;0;-;On;On;Off; 22.8; 22.5;0;0;1676;0;1676;0;1490;0;-
2026/05/03;01:43:20;-;-; 52.39; 0.0;-; 6.0; 5.4; 0.0;-;-;2193;-0.2; 0.0; 0.0;-7; 21.3;B;0;-;On;On;Off; 22.8; 22.5;0;0;1676;0;1676;0;1490;0;-
2026/05/03;01:44:20;-;-; 52.37; 0.0;-; 5.7; 5.5; 0.0;-;-;2193;-0.2; 0.0; 0.0;-7; 21.3;B;0;-;On;On;Off; 22.8; 22.5;0;0;1676;0;1676;0;1490;0;-
2026/05/03;01:45:20;-;-; 52.39; 0.0;-; 5.6; 5.3; 0.0;-;-;2193;-0.2; 0.0; 0.0;-8; 21.3;B;0;-;On;On;Off; 22.8; 22.5;0;0;1676;0;1676;0;1490;0;-
2026/05/03;01:46:20;-;-; 52.37; 0.0;-; 5.7; 5.4; 0.0;-;-;2193;-0.2; 0.0; 0.0;-7; 21.3;B;0;-;On;On;Off; 22.8; 22.5;0;0;1676;0;1676;0;1490;0;-
2026/05/03;01:47:20;-;-; 52.37; 0.0;-; 5.7; 5.4; 0.0;-;-;2193;-0.1; 0.0; 0.0;-7; 21.3;B;0;-;On;On;Off; 22.8; 22.5;0;0;1676;0;1676;0;1490;0;-
2026/05/03;01:48:20;-;-; 52.39; 0.0;-; 5.6; 5.3; 0.0;-;-;2193;-0.1; 0.0; 0.0;-6; 21.3;B;0;-;On;On;Off; 22.8; 22.5;0;0;1676;0;1676;0;1490;0;-
2026/05/03;01:49:20;-;-; 52.39; 0.0;-; 5.7; 5.3; 0.0;-;-;2193;-0.1; 0.0; 0.0;-7; 21.3;B;0;-;On;On;Off; 22.8; 22.5;0;0;1676;0;1676;0;1490;0;-
2026/05/03;01:50:20;-;-; 52.39; 0.0;-; 5.7; 5.4; 0.0;-;-;2193;-0.1; 0.0; 0.0;-7; 21.3;B;0;-;On;On;Off; 22.8; 22.5;0;0;1676;0;1676;0;1490;0;-
2026/05/03;01:51:20;-;-; 52.37; 0.0;-; 5.6; 5.4; 0.0;-;-;2194;-0.1; 0.0; 0.0;-7; 21.3;B;0;-;On;On;Off; 22.8; 22.5;0;0;1676;0;1676;0;1490;0;-
2026/05/03;01:52:20;-;-; 52.39; 0.0;-; 5.7; 5.3; 0.0;-;-;2194;-0.1; 0.0; 0.0;-7; 21.3;B;0;-;On;On;Off; 22.8; 22.5;0;0;1676;0;1676;0;1490;0;-
2026/05/03;01:53:20;-;-; 52.39; 0.0;-; 5.6; 5.4; 0.0;-;-;2194;-0.1; 0.0; 0.0;-7; 21.3;B;0;-;On;On;Off; 22.8; 22.5;0;0;1676;0;1676;0;1490;0;-
2026/05/03;01:54:19;-;-; 52.39; 0.0;-; 5.8; 5.2; 0.0;-;-;2194;-0.1; 0.0; 0.0;-7; 21.3;B;0;-;On;On;Off; 22.8; 22.5;0;0;1676;0;1676;0;1490;0;-
2026/05/03;01:55:19;-;-; 52.39; 0.0;-; 5.7; 5.4; 0.0;-;-;2194;-0.1; 0.0; 0.0;-7; 21.3;B;0;-;On;On;Off; 22.7; 22.5;0;0;1676;0;1676;0;1490;0;-
2026/05/03;01:56:19;-;-; 52.39; 0.0;-; 5.6; 5.4; 0.0;-;-;2194;-0.1; 0.0; 0.0;-7; 21.3;B;0;-;On;On;Off; 22.7; 22.5;0;0;1676;0;1676;0;1490;0;-
2026/05/03;01:57:19;-;-; 52.39; 0.0;-; 5.8; 5.3; 0.0;-;-;2194;-0.1; 0.0; 0.0;-7; 21.3;B;0;-;On;On;Off; 22.8; 22.5;0;0;1676;0;1676;0;1490;0;-
2026/05/03;01:58:19;-;-; 52.37; 0.0;-; 5.6; 5.4; 0.0;-;-;2194;-0.1; 0.0; 0.0;-7; 21.3;B;0;-;On;On;Off; 22.7; 22.5;0;0;1676;0;1676;0;1490;0;-
2026/05/03;01:59:19;-;-; 52.39; 0.0;-; 5.6; 5.5; 0.0;-;-;2194;-0.1; 0.0; 0.0;-7; 21.3;B;0;-;On;On;Off; 22.7; 22.5;0;0;1676;0;1676;0;1490;0;-
2026/05/03;02:00:19;-;-; 52.39; 0.0;-; 5.7; 5.4; 0.0;-;-;2194;-0.1; 0.0; 0.0;-7; 21.3;B;0;-;On;On;Off; 22.7; 22.5;0;0;1676;0;1676;0;1490;0;-
2026/05/03;02:01:19;-;-; 52.39; 0.0;-; 5.7; 5.5; 0.0;-;-;2194;-0.1; 0.0; 0.0;-7; 21.3;B;0;-;On;On;Off; 22.7; 22.5;0;0;1676;0;1676;0;1490;0;-
2026/05/03;02:02:19;-;-; 52.39; 0.0;-; 5.6; 5.3; 0.0;-;-;2194;-0.2; 0.0; 0.0;-7; 21.3;B;0;-;On;On;Off; 22.7; 22.5;0;0;1676;0;1676;0;1490;0;-
2026/05/03;02:03:19;-;-; 52.37; 0.0;-; 5.7; 5.4; 0.0;-;-;2194;-0.1; 0.0; 0.0;-7; 21.3;B;0;-;On;On;Off; 22.7; 22.5;0;0;1676;0;1676;0;1490;0;-
2026/05/03;02:04:19;-;-; 52.39; 0.0;-; 5.6; 5.4; 0.0;-;-;2194;-0.2; 0.0; 0.0;-7; 21.3;B;0;-;On;On;Off; 22.7; 22.5;0;0;1676;0;1676;0;1490;0;-
2026/05/03;02:05:19;-;-; 52.39; 0.0;-; 5.8; 5.4; 0.0;-;-;2194;-0.1; 0.0; 0.0;-7; 21.3;B;0;-;On;On;Off; 22.8; 22.5;0;0;1676;0;1676;0;1490;0;-
2026/05/03;02:06:19;-;-; 52.39; 0.0;-; 5.8; 5.4; 0.0;-;-;2194;-0.2; 0.0; 0.0;-7; 21.3;B;0;-;On;On;Off; 22.7; 22.5;0;0;1676;0;1676;0;1490;0;-
2026/05/03;02:07:19;-;-; 52.37; 0.0;-; 5.8; 5.4; 0.0;-;-;2194;-0.2; 0.0; 0.0;-7; 21.3;B;0;-;On;On;Off; 22.7; 22.5;0;0;1676;0;1676;0;1490;0;-
2026/05/03;02:08:19;-;-; 52.37; 0.0;-; 5.9; 5.3; 0.0;-;-;2194;-0.1; 0.0; 0.0;-7; 21.3;B;0;-;On;On;Off; 22.7; 22.5;0;0;1676;0;1676;0;1490;0;-
2026/05/03;02:09:19;-;-; 52.39; 0.0;-; 5.9; 5.4; 0.0;-;-;2194;-0.1; 0.0; 0.0;-7; 21.3;B;0;-;On;On;Off; 22.7; 22.5;0;0;1676;0;1676;0;1490;0;-
2026/05/03;02:10:18;-;-; 52.37; 0.0;-; 6.0; 5.5; 0.0;-;-;2194;-0.1; 0.0; 0.0;-7; 21.3;B;0;-;On;On;Off; 22.7; 22.5;0;0;1676;0;1676;0;1490;0;-
2026/05/03;02:11:18;-;-; 52.39; 0.0;-; 6.0; 5.6; 0.0;-;-;2194;-0.2; 0.0; 0.0;-8; 21.3;B;0;-;On;On;Off; 22.7; 22.5;0;0;1676;0;1676;0;1490;0;-
2026/05/03;02:12:18;-;-; 52.37; 0.0;-; 6.0; 5.6; 0.0;-;-;2194;-0.2; 0.0; 0.0;-8; 21.3;B;0;-;On;On;Off; 22.7; 22.5;0;0;1676;0;1676;0;1490;0;-
2026/05/03;02:13:18;-;-; 52.37; 0.0;-; 6.0; 5.5; 0.0;-;-;2194;-0.2; 0.0; 0.0;-7; 21.3;B;0;-;On;On;Off; 22.7; 22.5;0;0;1676;0;1676;0;1490;0;-
2026/05/03;02:14:18;-;-; 52.39; 0.0;-; 6.0; 5.6; 0.0;-;-;2194;-0.2; 0.0; 0.0;-7; 21.3;B;0;-;On;On;Off; 22.7; 22.5;0;0;1676;0;1676;0;1490;0;-
2026/05/03;02:15:18;-;-; 52.39; 0.0;-; 5.9; 5.6; 0.0;-;-;2194;-0.1; 0.0; 0.0;-7; 21.3;B;0;-;On;On;Off; 22.7; 22.5;0;0;1676;0;1676;0;1490;0;-
2026/05/03;02:16:18;-;-; 52.39; 0.0;-; 5.9; 5.6; 0.0;-;-;2194;-0.2; 0.0; 0.0;-7; 21.3;B;0;-;On;On;Off; 22.7; 22.5;0;0;1676;0;1676;0;1490;0;-
2026/05/03;02:17:18;-;-; 52.37; 0.0;-; 5.9; 5.7; 0.0;-;-;2194;-0.1; 0.0; 0.0;-7; 21.3;B;0;-;On;On;Off; 22.7; 22.5;0;0;1676;0;1676;0;1490;0;-
2026/05/03;02:18:18;-;-; 52.39; 0.0;-; 6.0; 5.6; 0.0;-;-;2194;-0.1; 0.0; 0.0;-7; 21.3;B;0;-;On;On;Off; 22.7; 22.4;0;0;1676;0;1676;0;1490;0;-
2026/05/03;02:19:18;-;-; 52.39; 0.0;-; 6.0; 5.6; 0.0;-;-;2194;-0.1; 0.0; 0.0;-7; 21.3;B;0;-;On;On;Off; 22.7; 22.5;0;0;1676;0;1676;0;1490;0;-
2026/05/03;02:20:18;-;-; 52.39; 0.0;-; 6.1; 5.7; 0.0;-;-;2194;-0.1; 0.0; 0.0;-7; 21.3;B;0;-;On;On;Off; 22.7; 22.5;0;0;1676;0;1676;0;1490;0;-
2026/05/03;02:21:18;-;-; 52.39; 0.0;-; 6.1; 5.7; 0.0;-;-;2194;-0.2; 0.0; 0.0;-7; 21.3;B;0;-;On;On;Off; 22.7; 22.4;0;0;1676;0;1676;0;1490;0;-
2026/05/03;02:22:18;-;-; 52.37; 0.0;-; 6.1; 5.7; 0.0;-;-;2194;-0.2; 0.0; 0.0;-7; 21.3;B;0;-;On;On;Off; 22.7; 22.4;0;0;1676;0;1676;0;1490;0;-
2026/05/03;02:23:18;-;-; 52.39; 0.0;-; 6.1; 5.7; 0.0;-;-;2194;-0.1; 0.0; 0.0;-7; 21.3;B;0;-;On;On;Off; 22.7; 22.4;0;0;1676;0;1676;0;1490;0;-
2026/05/03;02:24:18;-;-; 52.37; 0.0;-; 6.1; 5.8; 0.0;-;-;2194;-0.1; 0.0; 0.0;-7; 21.3;B;0;-;On;On;Off; 22.7; 22.5;0;0;1676;0;1676;0;1490;0;-
2026/05/03;02:25:18;-;-; 52.39; 0.0;-; 6.0; 5.8; 0.0;-;-;2194;-0.1; 0.0; 0.0;-7; 21.3;B;0;-;On;On;Off; 22.7; 22.5;0;0;1676;0;1676;0;1490;0;-
2026/05/03;02:26:17;-;-; 52.37; 0.0;-; 6.1; 5.8; 0.0;-;-;2194;-0.1; 0.0; 0.0;-7; 21.3;B;0;-;On;On;Off; 22.7; 22.4;0;0;1676;0;1676;0;1490;0;-
2026/05/03;02:27:17;-;-; 52.37; 0.0;-; 6.0; 5.7; 0.0;-;-;2194;-0.1; 0.0; 0.0;-7; 21.3;B;0;-;On;On;Off; 22.7; 22.5;0;0;1676;0;1676;0;1490;0;-
2026/05/03;02:28:17;-;-; 52.39; 0.0;-; 6.0; 5.8; 0.0;-;-;2194;-0.1; 0.0; 0.0;-7; 21.3;B;0;-;On;On;Off; 22.7; 22.4;0;0;1676;0;1676;0;1490;0;-
2026/05/03;02:29:17;-;-; 52.37; 0.0;-; 5.9; 5.8; 0.0;-;-;2194;-0.1; 0.0; 0.0;-6; 21.3;B;0;-;On;On;Off; 22.7; 22.5;0;0;1676;0;1676;0;1490;0;-
2026/05/03;02:30:17;-;-; 52.39; 0.0;-; 5.9; 5.6; 0.0;-;-;2194;-0.1; 0.0; 0.0;-6; 21.3;B;0;-;On;On;Off; 22.7; 22.4;0;0;1676;0;1676;0;1490;0;-
2026/05/03;02:31:17;-;-; 52.39; 0.0;-; 5.9; 5.6; 0.0;-;-;2194;-0.1; 0.0; 0.0;-7; 21.3;B;0;-;On;On;Off; 22.7; 22.5;0;0;1676;0;1676;0;1490;0;-
2026/05/03;02:32:17;-;-; 52.37; 0.0;-; 5.9; 5.6; 0.0;-;-;2194;-0.1; 0.0; 0.0;-6; 21.3;B;0;-;On;On;Off; 22.7; 22.4;0;0;1676;0;1676;0;1490;0;-
2026/05/03;02:33:17;-;-; 52.39; 0.0;-; 6.1; 5.7; 0.0;-;-;2194;-0.1; 0.0; 0.0;-6; 21.3;B;0;-;On;On;Off; 22.7; 22.4;0;0;1676;0;1676;0;1490;0;-
2026/05/03;02:34:17;-;-; 52.39; 0.0;-; 6.2; 5.7; 0.0;-;-;2194;-0.1; 0.0; 0.0;-7; 21.3;B;0;-;On;On;Off; 22.7; 22.4;0;0;1676;0;1676;0;1490;0;-
2026/05/03;02:35:17;-;-; 52.37; 0.0;-; 6.3; 5.7; 0.0;-;-;2194;-0.1; 0.0; 0.0;-7; 21.3;B;0;-;On;On;Off; 22.7; 22.4;0;0;1676;0;1676;0;1490;0;-
2026/05/03;02:36:17;-;-; 52.37; 0.0;-; 6.2; 5.8; 0.0;-;-;2194;-0.2; 0.0; 0.0;-7; 21.3;B;0;-;On;On;Off; 22.7; 22.4;0;0;1676;0;1676;0;1490;0;-
2026/05/03;02:37:17;-;-; 52.37; 0.0;-; 6.2; 5.8; 0.0;-;-;2194;-0.1; 0.0; 0.0;-7; 21.3;B;0;-;On;On;Off; 22.7; 22.4;0;0;1676;0;1676;0;1490;0;-
2026/05/03;02:38:17;-;-; 52.37; 0.0;-; 6.3; 5.9; 0.0;-;-;2194;-0.1; 0.0; 0.0;-7; 21.3;B;0;-;On;On;Off; 22.7; 22.4;0;0;1676;0;1676;0;1490;0;-
2026/05/03;02:39:17;-;-; 52.37; 0.0;-; 6.2; 5.8; 0.0;-;-;2194;-0.1; 0.0; 0.0;-6; 21.3;B;0;-;On;On;Off; 22.7; 22.4;0;0;1676;0;1676;0;1490;0;-
2026/05/03;02:40:17;-;-; 52.37; 0.0;-; 6.3; 6.0; 0.0;-;-;2194;-0.1; 0.0; 0.0;-7; 21.3;B;0;-;On;On;Off; 22.7; 22.4;0;0;1676;0;1676;0;1490;0;-
2026/05/03;02:41:17;-;-; 52.37; 0.0;-; 6.4; 5.8; 0.0;-;-;2194;-0.2; 0.0; 0.0;-7; 21.3;B;0;-;On;On;Off; 22.7; 22.4;0;0;1676;0;1676;0;1490;0;-
2026/05/03;02:42:16;-;-; 52.35; 0.0;-; 6.4; 5.9; 0.0;-;-;2194;-0.2; 0.0; 0.0;-7; 21.3;B;0;-;On;On;Off; 22.7; 22.4;0;0;1676;0;1676;0;1490;0;-
2026/05/03;02:43:16;-;-; 52.37; 0.0;-; 6.5; 6.0; 0.0;-;-;2194;-0.1; 0.0; 0.0;-7; 21.3;B;0;-;On;On;Off; 22.7; 22.4;0;0;1676;0;1676;0;1490;0;-
2026/05/03;02:44:16;-;-; 52.35; 0.0;-; 6.6; 5.8; 0.0;-;-;2194;-0.1; 0.0; 0.0;-7; 21.3;B;0;-;On;On;Off; 22.7; 22.4;0;0;1676;0;1676;0;1490;0;-
2026/05/03;02:45:16;-;-; 52.37; 0.0;-; 6.7; 6.0; 0.0;-;-;2194;-0.2; 0.0; 0.0;-8; 21.3;B;0;-;On;On;Off; 22.7; 22.4;0;0;1676;0;1676;0;1490;0;-
2026/05/03;02:46:16;-;-; 52.35; 0.0;-; 6.8; 6.1; 0.0;-;-;2194;-0.2; 0.0; 0.0;-7; 21.3;B;0;-;On;On;Off; 22.7; 22.4;0;0;1676;0;1676;0;1490;0;-
2026/05/03;02:47:16;-;-; 52.35; 0.0;-; 6.8; 6.1; 0.0;-;-;2194;-0.2; 0.0; 0.0;-7; 21.3;B;0;-;On;On;Off; 22.7; 22.4;0;0;1676;0;1676;0;1490;0;-
2026/05/03;02:48:16;-;-; 52.37; 0.0;-; 6.9; 6.2; 0.0;-;-;2194;-0.1; 0.0; 0.0;-7; 21.3;B;0;-;On;On;Off; 22.7; 22.4;0;0;1676;0;1676;0;1490;0;-
2026/05/03;02:49:16;-;-; 52.37; 0.0;-; 7.0; 6.3; 0.0;-;-;2194;-0.1; 0.0; 0.0;-7; 21.3;B;0;-;On;On;Off; 22.7; 22.4;0;0;1676;0;1676;0;1490;0;-
2026/05/03;02:50:16;-;-; 52.37; 0.0;-; 7.0; 6.5; 0.0;-;-;2194;-0.1; 0.0; 0.0;-7; 21.3;B;0;-;On;On;Off; 22.7; 22.4;0;0;1676;0;1676;0;1490;0;-
2026/05/03;02:51:16;-;-; 52.37; 0.0;-; 7.0; 6.4; 0.0;-;-;2195;-0.1; 0.0; 0.0;-7; 21.3;B;0;-;On;On;Off; 22.7; 22.4;0;0;1676;0;1676;0;1490;0;-
2026/05/03;02:52:16;-;-; 52.37; 0.0;-; 7.1; 6.6; 0.0;-;-;2195;-0.1; 0.0; 0.0;-7; 21.3;B;0;-;On;On;Off; 22.7; 22.4;0;0;1676;0;1676;0;1490;0;-
2026/05/03;02:53:16;-;-; 52.37; 0.0;-; 7.0; 6.5; 0.0;-;-;2195;-0.1; 0.0; 0.0;-7; 21.3;B;0;-;On;On;Off; 22.6; 22.4;0;0;1676;0;1676;0;1490;0;-
2026/05/03;02:54:16;-;-; 52.37; 0.0;-; 7.1; 6.5; 0.0;-;-;2195;-0.1; 0.0; 0.0;-7; 21.3;B;0;-;On;On;Off; 22.7; 22.4;0;0;1676;0;1676;0;1490;0;-
2026/05/03;02:55:16;-;-; 52.37; 0.0;-; 7.1; 6.6; 0.0;-;-;2195;-0.1; 0.0; 0.0;-7; 21.3;B;0;-;On;On;Off; 22.6; 22.4;0;0;1676;0;1676;0;1490;0;-
2026/05/03;02:56:16;-;-; 52.37; 0.0;-; 7.2; 6.5; 0.0;-;-;2195;-0.1; 0.0; 0.0;-7; 21.3;B;0;-;On;On;Off; 22.6; 22.4;0;0;1676;0;1676;0;1490;0;-
2026/05/03;02:57:15;-;-; 52.35; 0.0;-; 7.1; 6.6; 0.0;-;-;2195;-0.1; 0.0; 0.0;-6; 21.3;B;0;-;On;On;Off; 22.7; 22.4;0;0;1676;0;1676;0;1490;0;-
2026/05/03;02:58:15;-;-; 52.35; 0.0;-; 7.5; 6.8; 0.0;-;-;2195;-0.1; 0.0; 0.0;-7; 21.3;B;0;-;On;On;Off; 22.6; 22.4;0;0;1676;0;1676;0;1490;0;-
2026/05/03;02:59:15;-;-; 52.37; 0.0;-; 7.1; 6.6; 0.0;-;-;2195;-0.1; 0.0; 0.0;-7; 21.3;B;0;-;On;On;Off; 22.6; 22.4;0;0;1676;0;1676;0;1490;0;-
2026/05/03;03:00:15;-;-; 52.37; 0.0;-; 7.2; 6.7; 0.0;-;-;2195;-0.1; 0.0; 0.0;-7; 21.3;B;0;-;On;On;Off; 22.6; 22.4;0;0;1676;0;1676;0;1490;0;-
2026/05/03;03:01:15;-;-; 52.35; 0.0;-; 7.3; 6.7; 0.0;-;-;2195;-0.1; 0.0; 0.0;-7; 21.3;B;0;-;On;On;Off; 22.6; 22.4;0;0;1676;0;1676;0;1490;0;-
2026/05/03;03:02:15;-;-; 52.37; 0.0;-; 7.2; 6.7; 0.0;-;-;2195;-0.1; 0.0; 0.0;-7; 21.3;B;0;-;On;On;Off; 22.6; 22.4;0;0;1676;0;1676;0;1490;0;-
2026/05/03;03:03:15;-;-; 52.37; 0.0;-; 7.2; 6.8; 0.0;-;-;2195;-0.1; 0.0; 0.0;-7; 21.3;B;0;-;On;On;Off; 22.6; 22.4;0;0;1676;0;1676;0;1490;0;-
2026/05/03;03:04:15;-;-; 52.35; 0.0;-; 7.1; 6.7; 0.0;-;-;2195;-0.1; 0.0; 0.0;-7; 21.3;B;0;-;On;On;Off; 22.6; 22.4;0;0;1676;0;1676;0;1490;0;-
2026/05/03;03:05:15;-;-; 52.37; 0.0;-; 7.3; 6.7; 0.0;-;-;2195;-0.1; 0.0; 0.0;-7; 21.3;B;0;-;On;On;Off; 22.6; 22.4;0;0;1676;0;1676;0;1490;0;-
2026/05/03;03:06:15;-;-; 52.37; 0.0;-; 7.2; 6.7; 0.0;-;-;2195;-0.2; 0.0; 0.0;-7; 21.3;B;0;-;On;On;Off; 22.6; 22.3;0;0;1676;0;1676;0;1490;0;-
2026/05/03;03:07:15;-;-; 52.37; 0.0;-; 7.4; 6.8; 0.0;-;-;2195;-0.1; 0.0; 0.0;-7; 21.3;B;0;-;On;On;Off; 22.6; 22.3;0;0;1676;0;1676;0;1490;0;-
2026/05/03;03:08:15;-;-; 52.37; 0.0;-; 7.6; 6.7; 0.0;-;-;2195;-0.1; 0.0; 0.0;-7; 21.3;B;0;-;On;On;Off; 22.6; 22.3;0;0;1676;0;1676;0;1490;0;-
2026/05/03;03:09:15;-;-; 52.37; 0.0;-; 7.4; 6.8; 0.0;-;-;2195;-0.1; 0.0; 0.0;-7; 21.3;B;0;-;On;On;Off; 22.6; 22.3;0;0;1676;0;1676;0;1490;0;-
2026/05/03;03:10:15;-;-; 52.35; 0.0;-; 7.4; 6.8; 0.0;-;-;2195;-0.2; 0.0; 0.0;-7; 21.3;B;0;-;On;On;Off; 22.6; 22.3;0;0;1676;0;1676;0;1490;0;-
2026/05/03;03:11:15;-;-; 52.37; 0.0;-; 7.4; 6.7; 0.0;-;-;2195;-0.2; 0.0; 0.0;-8; 21.3;B;0;-;On;On;Off; 22.6; 22.3;0;0;1676;0;1676;0;1490;0;-
2026/05/03;03:12:15;-;-; 52.37; 0.0;-; 7.4; 6.8; 0.0;-;-;2195;-0.2; 0.0; 0.0;-8; 21.3;B;0;-;On;On;Off; 22.6; 22.3;0;0;1676;0;1676;0;1490;0;-
2026/05/03;03:13:14;-;-; 52.37; 0.0;-; 7.5; 6.8; 0.0;-;-;2195;-0.2; 0.0; 0.0;-8; 21.3;B;0;-;On;On;Off; 22.6; 22.3;0;0;1676;0;1676;0;1490;0;-
2026/05/03;03:14:14;-;-; 52.37; 0.0;-; 7.5; 6.8; 0.0;-;-;2195;-0.2; 0.0; 0.0;-8; 21.3;B;0;-;On;On;Off; 22.6; 22.3;0;0;1676;0;1676;0;1490;0;-
2026/05/03;03:15:14;-;-; 52.37; 0.0;-; 7.6; 6.9; 0.0;-;-;2195;-0.2; 0.0; 0.0;-8; 21.3;B;0;-;On;On;Off; 22.6; 22.3;0;0;1676;0;1676;0;1490;0;-
2026/05/03;03:16:14;-;-; 52.37; 0.0;-; 7.6; 6.8; 0.0;-;-;2195;-0.2; 0.0; 0.0;-8; 21.3;B;0;-;On;On;Off; 22.6; 22.3;0;0;1676;0;1676;0;1490;0;-
2026/05/03;03:17:14;-;-; 52.37; 0.0;-; 7.6; 6.8; 0.0;-;-;2195;-0.2; 0.0; 0.0;-8; 21.3;B;0;-;On;On;Off; 22.6; 22.3;0;0;1676;0;1676;0;1490;0;-
2026/05/03;03:18:14;-;-; 52.37; 0.0;-; 7.6; 6.9; 0.0;-;-;2195;-0.2; 0.0; 0.0;-8; 21.3;B;0;-;On;On;Off; 22.6; 22.3;0;0;1676;0;1676;0;1490;0;-
2026/05/03;03:19:14;-;-; 52.35; 0.0;-; 7.7; 7.0; 0.0;-;-;2195;-0.2; 0.0; 0.0;-8; 21.3;B;0;-;On;On;Off; 22.6; 22.3;0;0;1676;0;1676;0;1490;0;-
2026/05/03;03:20:14;-;-; 52.37; 0.0;-; 7.6; 6.9; 0.0;-;-;2195;-0.2; 0.0; 0.0;-7; 21.3;B;0;-;On;On;Off; 22.6; 22.3;0;0;1676;0;1676;0;1490;0;-
2026/05/03;03:21:14;-;-; 52.37; 0.0;-; 7.8; 7.0; 0.0;-;-;2195;-0.2; 0.0; 0.0;-8; 21.3;B;0;-;On;On;Off; 22.6; 22.3;0;0;1676;0;1676;0;1490;0;-
2026/05/03;03:22:14;-;-; 52.37; 0.0;-; 7.9; 7.1; 0.0;-;-;2195;-0.2; 0.0; 0.0;-7; 21.3;B;0;-;On;On;Off; 22.6; 22.3;0;0;1676;0;1676;0;1490;0;-
2026/05/03;03:23:14;-;-; 52.35; 0.0;-; 8.0; 7.1; 0.0;-;-;2195;-0.1; 0.0; 0.0;-7; 21.3;B;0;-;On;On;Off; 22.6; 22.3;0;0;1676;0;1676;0;1490;0;-
2026/05/03;03:24:14;-;-; 52.37; 0.0;-; 7.9; 7.2; 0.0;-;-;2195;-0.2; 0.0; 0.0;-7; 21.3;B;0;-;On;On;Off; 22.6; 22.3;0;0;1676;0;1676;0;1490;0;-
2026/05/03;03:25:14;-;-; 52.37; 0.0;-; 8.0; 7.1; 0.0;-;-;2195;-0.1; 0.0; 0.0;-7; 21.3;B;0;-;On;On;Off; 22.6; 22.3;0;0;1676;0;1676;0;1490;0;-
2026/05/03;03:26:14;-;-; 52.37; 0.0;-; 8.0; 7.3; 0.0;-;-;2195;-0.1; 0.0; 0.0;-7; 21.3;B;0;-;On;On;Off; 22.6; 22.3;0;0;1676;0;1676;0;1490;0;-
2026/05/03;03:27:14;-;-; 52.37; 0.0;-; 8.2; 7.5; 0.0;-;-;2195;-0.1; 0.0; 0.0;-7; 21.3;B;0;-;On;On;Off; 22.6; 22.3;0;0;1676;0;1676;0;1490;0;-
2026/05/03;03:28:14;-;-; 52.37; 0.0;-; 8.3; 7.5; 0.0;-;-;2195;-0.1; 0.0; 0.0;-7; 21.3;B;0;-;On;On;Off; 22.6; 22.3;0;0;1676;0;1676;0;1490;0;-
2026/05/03;03:29:13;-;-; 52.37; 0.0;-; 8.5; 7.5; 0.0;-;-;2195;-0.1; 0.0; 0.0;-7; 21.3;B;0;-;On;On;Off; 22.6; 22.3;0;0;1676;0;1676;0;1490;0;-
2026/05/03;03:30:13;-;-; 52.37; 0.0;-; 8.2; 7.5; 0.0;-;-;2195;-0.2; 0.0; 0.0;-7; 21.3;B;0;-;On;On;Off; 22.6; 22.3;0;0;1676;0;1676;0;1490;0;-
2026/05/03;03:31:13;-;-; 52.37; 0.0;-; 8.5; 7.7; 0.0;-;-;2195;-0.1; 0.0; 0.0;-7; 21.3;B;0;-;On;On;Off; 22.6; 22.3;0;0;1676;0;1676;0;1490;0;-
2026/05/03;03:32:13;-;-; 52.37; 0.0;-; 8.7; 7.9; 0.0;-;-;2195;-0.1; 0.0; 0.0;-7; 21.3;B;0;-;On;On;Off; 22.6; 22.3;0;0;1676;0;1676;0;1490;0;-
2026/05/03;03:33:13;-;-; 52.37; 0.0;-; 8.8; 8.0; 0.0;-;-;2195;-0.2; 0.0; 0.0;-8; 21.3;B;0;-;On;On;Off; 22.6; 22.3;0;0;1676;0;1676;0;1490;0;-
2026/05/03;03:34:13;-;-; 52.37; 0.0;-; 9.0; 8.1; 0.0;-;-;2195;-0.2; 0.0; 0.0;-7; 21.3;B;0;-;On;On;Off; 22.6; 22.3;0;0;1676;0;1676;0;1490;0;-
2026/05/03;03:35:13;-;-; 52.37; 0.0;-; 9.0; 8.2; 0.0;-;-;2195;-0.2; 0.0; 0.0;-8; 21.3;B;0;-;On;On;Off; 22.6; 22.3;0;0;1676;0;1676;0;1490;0;-
2026/05/03;03:36:13;-;-; 52.37; 0.0;-; 9.0; 8.3; 0.0;-;-;2195;-0.2; 0.0; 0.0;-8; 21.3;B;0;-;On;On;Off; 22.6; 22.3;0;0;1676;0;1676;0;1490;0;-
2026/05/03;03:37:13;-;-; 52.35; 0.0;-; 8.9; 8.3; 0.0;-;-;2195;-0.1; 0.0; 0.0;-7; 21.3;B;0;-;On;On;Off; 22.6; 22.3;0;0;1676;0;1676;0;1490;0;-
2026/05/03;03:38:13;-;-; 52.37; 0.0;-; 9.1; 8.4; 0.0;-;-;2195;-0.1; 0.0; 0.0;-7; 21.3;B;0;-;On;On;Off; 22.6; 22.3;0;0;1676;0;1676;0;1490;0;-
2026/05/03;03:39:13;-;-; 52.37; 0.0;-; 9.3; 8.6; 0.0;-;-;2195;-0.1; 0.0; 0.0;-7; 21.3;B;0;-;On;On;Off; 22.6; 22.3;0;0;1676;0;1676;0;1490;0;-
2026/05/03;03:40:13;-;-; 52.37; 0.0;-; 9.5; 8.7; 0.0;-;-;2195;-0.1; 0.0; 0.0;-7; 21.3;B;0;-;On;On;Off; 22.6; 22.3;0;0;1676;0;1676;0;1490;0;-
2026/05/03;03:41:13;-;-; 52.37; 0.0;-; 9.7; 8.8; 0.0;-;-;2195;-0.1; 0.0; 0.0;-7; 21.3;B;0;-;On;On;Off; 22.6; 22.3;0;0;1676;0;1676;0;1490;0;-
2026/05/03;03:42:13;-;-; 52.37; 0.0;-; 9.9; 9.3; 0.0;-;-;2195;-0.1; 0.0; 0.0;-7; 21.3;B;0;-;On;On;Off; 22.6; 22.3;0;0;1676;0;1676;0;1490;0;-
2026/05/03;03:43:13;-;-; 52.37; 0.0;-; 10.3; 9.4; 0.0;-;-;2195;-0.1; 0.0; 0.0;-7; 21.3;B;0;-;On;On;Off; 22.6; 22.3;0;0;1676;0;1676;0;1490;0;-
2026/05/03;03:44:13;-;-; 52.35; 0.0;-; 10.5; 9.7; 0.0;-;-;2195;-0.1; 0.0; 0.0;-7; 21.3;B;0;-;On;On;Off; 22.6; 22.3;0;0;1676;0;1676;0;1490;0;-
2026/05/03;03:45:12;-;-; 52.35; 0.0;-; 10.8; 10.1; 0.0;-;-;2195;-0.1; 0.0; 0.0;-7; 21.3;B;0;-;On;On;Off; 22.6; 22.3;0;0;1676;0;1676;0;1490;0;-
2026/05/03;03:46:12;-;-; 52.37; 0.0;-; 11.3; 10.2; 0.0;-;-;2195;-0.1; 0.0; 0.0;-7; 21.3;B;0;-;On;On;Off; 22.6; 22.3;0;0;1676;0;1676;0;1490;0;-
2026/05/03;03:47:12;-;-; 52.37; 0.0;-; 11.6; 10.6; 0.0;-;-;2195;-0.1; 0.0; 0.0;-7; 21.3;B;0;-;On;On;Off; 22.6; 22.3;0;0;1676;0;1676;0;1490;0;-
2026/05/03;03:48:12;-;-; 52.37; 0.0;-; 12.0; 11.0; 0.0;-;-;2195;-0.1; 0.0; 0.0;-7; 21.3;B;0;-;On;On;Off; 22.6; 22.3;0;0;1676;0;1676;0;1490;0;-
2026/05/03;03:49:12;-;-; 52.37; 0.0;-; 12.4; 11.3; 0.0;-;-;2195;-0.1; 0.0; 0.0;-7; 21.3;B;0;-;On;On;Off; 22.6; 22.3;0;0;1676;0;1676;0;1490;0;-
2026/05/03;03:50:12;-;-; 52.37; 0.0;-; 12.9; 11.7; 0.0;-;-;2195;-0.1; 0.0; 0.0;-7; 21.3;B;0;-;On;On;Off; 22.6; 22.3;0;0;1676;0;1676;0;1490;0;-
2026/05/03;03:51:12;-;-; 52.35; 0.0;-; 13.4; 12.2; 0.0;-;-;2196;-0.1; 0.0; 0.0;-7; 21.3;B;0;-;On;On;Off; 22.6; 22.3;0;0;1676;0;1676;0;1490;0;-
2026/05/03;03:52:12;-;-; 52.37; 0.0;-; 13.9; 12.6; 0.0;-;-;2196;-0.1; 0.0; 0.0;-7; 21.3;B;0;-;On;On;Off; 22.6; 22.3;0;0;1676;0;1676;0;1490;0;-
2026/05/03;03:53:12;-;-; 52.37; 0.0;-; 14.5; 13.1; 0.0;-;-;2196;-0.1; 0.0; 0.0;-6; 21.3;B;0;-;On;On;Off; 22.6; 22.3;0;0;1676;0;1676;0;1490;0;-
2026/05/03;03:54:12;-;-; 52.35; 0.0;-; 14.9; 13.7; 0.0;-;-;2196;-0.1; 0.0; 0.0;-7; 21.3;B;0;-;On;On;Off; 22.6; 22.3;0;0;1676;0;1676;0;1490;0;-
2026/05/03;03:55:12;-;-; 52.37; 0.0;-; 15.6; 14.1; 0.0;-;-;2196;-0.1; 0.0; 0.0;-7; 21.3;B;0;-;On;On;Off; 22.6; 22.3;0;0;1676;0;1676;0;1490;0;-
2026/05/03;03:56:12;-;-; 52.35; 0.0;-; 16.1; 14.7; 0.0;-;-;2196;-0.1; 0.0; 0.0;-7; 21.3;B;0;-;On;On;Off; 22.6; 22.3;0;0;1676;0;1676;0;1490;0;-
2026/05/03;03:57:12;-;-; 52.35; 0.0;-; 16.8; 15.4; 0.0;-;-;2196;-0.1; 0.0; 0.0;-7; 21.3;B;0;-;On;On;Off; 22.6; 22.3;0;0;1676;0;1676;0;1490;0;-
2026/05/03;03:58:12;-;-; 52.37; 0.0;-; 17.5; 16.1; 0.0;-;-;2196;-0.1; 0.0; 0.0;-7; 21.3;B;0;-;On;On;Off; 22.5; 22.3;0;0;1676;0;1676;0;1490;0;-
2026/05/03;03:59:12;-;-; 52.37; 0.0;-; 18.1; 16.6; 0.0;-;-;2196;-0.1; 0.0; 0.0;-7; 21.3;B;0;-;On;On;Off; 22.5; 22.3;0;0;1676;0;1676;0;1490;0;-
2026/05/03;04:00:12;-;-; 52.37; 0.0;-; 20.0; 17.7; 0.0;-;-;2196;-0.1; 0.0; 0.0;-7; 21.3;B;0;-;On;On;Off; 22.6; 22.3;0;0;1676;0;1676;0;1490;0;-
2026/05/03;04:01:11;-;-; 52.35; 0.0;-; 20.6; 18.4; 0.0;-;-;2196;-0.1; 0.0; 0.0;-7; 21.3;B;0;-;On;On;Off; 22.6; 22.3;0;0;1676;0;1676;0;1490;0;-
2026/05/03;04:02:11;-;-; 52.37; 0.0;-; 21.4; 19.2; 0.0;-;-;2196;-0.1; 0.0; 0.0;-6; 21.3;B;0;-;On;On;Off; 22.6; 22.3;0;0;1676;0;1676;0;1490;0;-
2026/05/03;04:03:11;-;-; 52.35; 0.0;-; 22.1; 19.9; 0.0;-;-;2196;-0.1; 0.0; 0.0;-6; 21.3;B;0;-;On;On;Off; 22.5; 22.3;0;0;1676;0;1676;0;1490;0;-
2026/05/03;04:04:11;-;-; 52.37; 0.0;-; 22.9; 20.7; 0.0;-;-;2196;-0.1; 0.0; 0.0;-6; 21.3;B;0;-;On;On;Off; 22.6; 22.3;0;0;1676;0;1676;0;1490;0;-
2026/05/03;04:05:11;-;-; 52.37; 0.0;-; 23.8; 21.5; 0.0;-;-;2196;-0.1; 0.0; 0.0;-6; 21.3;B;0;-;On;On;Off; 22.6; 22.3;0;0;1676;0;1676;0;1490;0;-
2026/05/03;04:06:11;-;-; 52.37; 0.0;-; 24.8; 22.5; 0.0;-;-;2196;-0.1; 0.0; 0.0;-6; 21.3;B;0;-;On;On;Off; 22.5; 22.3;0;0;1676;0;1676;0;1490;0;-
2026/05/03;04:07:11;-;-; 52.35; 0.0;-; 25.6; 23.3; 0.0;-;-;2196;-0.1; 0.0; 0.0;-7; 21.3;B;0;-;On;On;Off; 22.6; 22.3;0;0;1676;0;1676;0;1490;0;-
2026/05/03;04:08:11;-;-; 52.37; 0.0;-; 26.5; 24.4; 0.0;-;-;2196;-0.1; 0.0; 0.0;-6; 21.3;B;0;-;On;On;Off; 22.5; 22.3;0;0;1676;0;1676;0;1490;0;-
2026/05/03;04:09:11;-;-; 52.35; 0.0;-; 27.5; 25.3; 0.0;-;-;2196;-0.1; 0.0; 0.0;-6; 21.3;B;0;-;On;On;Off; 22.5; 22.3;0;0;1676;0;1676;0;1490;0;-
2026/05/03;04:10:11;-;-; 52.37; 0.0;-; 28.3; 26.1; 0.0;-;-;2196;-0.1; 0.0; 0.0;-6; 21.3;B;0;-;On;On;Off; 22.5; 22.3;0;0;1676;0;1676;0;1490;0;-
2026/05/03;04:11:11;-;-; 52.35; 0.0;-; 29.3; 27.2; 0.0;-;-;2196;-0.1; 0.0; 0.0;-6; 21.3;B;0;-;On;On;Off; 22.5; 22.3;0;0;1676;0;1676;0;1490;0;-
2026/05/03;04:12:11;-;-; 52.35; 0.0;-; 30.4; 28.2; 0.0;-;-;2196;-0.1; 0.0; 0.0;-6; 21.3;B;0;-;On;On;Off; 22.5; 22.3;0;0;1676;0;1676;0;1490;0;-
2026/05/03;04:13:11;-;-; 52.35; 0.0;-; 31.4; 29.2; 0.0;-;-;2196;-0.1; 0.0; 0.0;-6; 21.3;B;0;-;On;On;Off; 22.5; 22.3;0;0;1676;0;1676;0;1490;0;-
2026/05/03;04:14:11;-;-; 52.35; 0.0;-; 32.4; 30.2; 0.0;-;-;2196;-0.1; 0.0; 0.0;-6; 21.3;B;0;-;On;On;Off; 22.5; 22.3;0;0;1676;0;1676;0;1490;0;-
2026/05/03;04:15:11;-;-; 52.35; 0.0;-; 33.3; 31.3; 0.0;-;-;2196;-0.1; 0.0; 0.0;-6; 21.3;B;0;-;On;On;Off; 22.5; 22.2;0;0;1676;0;1676;0;1490;0;-
2026/05/03;04:16:11;-;-; 52.35; 0.0;-; 34.2; 32.2; 0.0;-;-;2196;-0.1; 0.0; 0.0;-6; 21.3;B;0;-;On;On;Off; 22.5; 22.3;0;0;1676;0;1676;0;1490;0;-
2026/05/03;04:17:10;-;-; 52.37; 0.0;-; 35.2; 33.2; 0.0;-;-;2196;-0.1; 0.0; 0.0;-6; 21.3;B;0;-;On;On;Off; 22.5; 22.3;0;0;1676;0;1676;0;1490;0;-
2026/05/03;04:18:10;-;-; 52.35; 0.0;-; 36.2; 34.1; 0.0;-;-;2196;-0.1; 0.0; 0.0;-6; 21.3;B;0;-;On;On;Off; 22.5; 22.3;0;0;1676;0;1676;0;1490;0;-
2026/05/03;04:19:10;-;-; 52.37; 0.0;-; 37.2; 35.2; 0.0;-;-;2196;-0.1; 0.0; 0.0;-6; 21.3;B;0;-;On;On;Off; 22.5; 22.2;0;0;1676;0;1676;0;1490;0;-
2026/05/03;04:20:10;-;-; 52.37; 0.0;-; 38.3; 36.0; 0.0;-;-;2196;-0.1; 0.0; 0.0;-6; 21.3;B;0;-;On;On;Off; 22.5; 22.2;0;0;1676;0;1676;0;1490;0;-
2026/05/03;04:21:10;-;-; 52.37; 0.0;-; 39.2; 37.0; 0.0;-;-;2196;-0.1; 0.0; 0.0;-6; 21.3;B;0;-;On;On;Off; 22.5; 22.2;0;0;1676;0;1676;0;1490;0;-
2026/05/03;04:22:10;-;-; 52.35; 0.0;-; 40.2; 38.0; 0.0;-;-;2196;-0.1; 0.0; 0.0;-7; 21.3;B;0;-;On;On;Off; 22.5; 22.2;0;0;1676;0;1676;0;1490;0;-
2026/05/03;04:23:10;-;-; 52.35; 0.0;-; 41.0; 38.9; 0.0;-;-;2196;-0.1; 0.0; 0.0;-6; 21.3;B;0;-;On;On;Off; 22.5; 22.2;0;0;1676;0;1676;0;1490;0;-
2026/05/03;04:24:10;-;-; 52.35; 0.0;-; 41.8; 39.7; 0.0;-;-;2196;-0.1; 0.0; 0.0;-7; 21.3;B;0;-;On;On;Off; 22.5; 22.2;0;0;1676;0;1676;0;1490;0;-
2026/05/03;04:25:10;-;-; 52.37; 0.0;-; 42.8; 40.7; 0.0;-;-;2196;-0.1; 0.0; 0.0;-6; 21.3;B;0;-;On;On;Off; 22.5; 22.3;0;0;1676;0;1676;0;1490;0;-
2026/05/03;04:26:10;-;-; 52.35; 0.0;-; 43.7; 41.6; 0.0;-;-;2196;-0.1; 0.0; 0.0;-5; 21.3;B;0;-;On;On;Off; 22.5; 22.2;0;0;1676;0;1676;0;1490;0;-
2026/05/03;04:27:10;-;-; 52.35; 0.0;-; 44.5; 42.6; 0.0;-;-;2196;-0.1; 0.0; 0.0;-5; 21.3;B;0;-;On;On;Off; 22.5; 22.2;0;0;1676;0;1676;0;1490;0;-
2026/05/03;04:28:10;-;-; 52.35; 0.0;-; 45.2; 43.6; 0.0;-;-;2196;-0.1; 0.0; 0.0;-6; 21.3;B;0;-;On;On;Off; 22.5; 22.2;0;0;1676;0;1676;0;1490;0;-
2026/05/03;04:29:10;-;-; 52.35; 0.0;-; 46.2; 44.5; 0.0;-;-;2196;-0.1; 0.0; 0.0;-6; 21.3;B;0;-;On;On;Off; 22.5; 22.2;0;0;1676;0;1676;0;1490;0;-
2026/05/03;04:30:10;-;-; 52.35; 0.0;-; 47.0; 45.4; 0.0;-;-;2196;-0.1; 0.0; 0.0;-5; 21.3;B;0;-;On;On;Off; 22.5; 22.2;0;0;1676;0;1676;0;1490;0;-
2026/05/03;04:31:10;-;-; 52.35; 0.0;-; 47.8; 46.2; 0.0;-;-;2196;-0.1; 0.0; 0.0;-5; 21.3;B;0;-;On;On;Off; 22.5; 22.2;0;0;1676;0;1676;0;1490;0;-
2026/05/03;04:32:09;-;-; 52.35; 0.0;-; 48.7; 47.0; 0.0;-;-;2196;-0.1; 0.0; 0.0;-6; 21.3;B;0;-;On;On;Off; 22.5; 22.2;0;0;1676;0;1676;0;1490;0;-
2026/05/03;04:33:09;-;-; 52.35; 0.0;-; 49.5; 48.0; 0.0;-;-;2196;-0.1; 0.0; 0.0;-6; 21.3;B;0;-;On;On;Off; 22.5; 22.2;0;0;1676;0;1676;0;1490;0;-
2026/05/03;04:34:09;-;-; 52.35; 0.0;-; 50.3; 48.8; 0.0;-;-;2196;-0.1; 0.0; 0.0;-6; 21.3;B;0;-;On;On;Off; 22.5; 22.2;0;0;1676;0;1676;0;1490;0;-
2026/05/03;04:35:09;-;-; 52.35; 0.0;-; 51.0; 49.6; 0.0;-;-;2196;-0.1; 0.0; 0.0;-6; 21.3;B;0;-;On;On;Off; 22.5; 22.2;0;0;1676;0;1676;0;1490;0;-
2026/05/03;04:36:09;-;-; 52.35; 0.0;-; 51.8; 50.4; 0.0;-;-;2196;-0.1; 0.0; 0.0;-6; 21.3;B;0;-;On;On;Off; 22.5; 22.2;0;0;1676;0;1676;0;1490;0;-
2026/05/03;04:37:09;-;-; 52.35; 0.0;-; 52.6; 51.2; 0.0;-;-;2196;-0.1; 0.0; 0.0;-6; 21.3;B;0;-;On;On;Off; 22.5; 22.2;0;0;1676;0;1676;0;1490;0;-
2026/05/03;04:38:09;-;-; 52.35; 0.0;-; 53.3; 52.0; 0.0;-;-;2196;-0.1; 0.0; 0.0;-7; 21.3;B;0;-;On;On;Off; 22.5; 22.2;0;0;1676;0;1676;0;1490;0;-
2026/05/03;04:39:09;-;-; 52.35; 0.0;-; 53.9; 52.7; 0.0;-;-;2196;-0.1; 0.0; 0.0;-6; 21.3;B;0;-;On;On;Off; 22.5; 22.2;0;0;1676;0;1676;0;1490;0;-
2026/05/03;04:40:09;-;-; 52.35; 0.0;-; 54.7; 53.4; 0.0;-;-;2196;-0.1; 0.0; 0.0;-6; 21.3;B;0;-;On;On;Off; 22.5; 22.2;0;0;1676;0;1676;0;1490;0;-
2026/05/03;04:41:09;-;-; 52.35; 0.0;-; 55.3; 54.1; 0.0;-;-;2196;-0.1; 0.0; 0.0;-7; 21.3;B;0;-;On;On;Off; 22.5; 22.2;0;0;1676;0;1676;0;1490;0;-
2026/05/03;04:42:09;-;-; 52.35; 0.0;-; 56.0; 54.8; 0.0;-;-;2196;-0.1; 0.0; 0.0;-6; 21.3;B;0;-;On;On;Off; 22.5; 22.2;0;0;1676;0;1676;0;1490;0;-
2026/05/03;04:43:09;-;-; 52.35; 0.0;-; 56.6; 55.5; 0.0;-;-;2196;-0.1; 0.0; 0.0;-7; 21.3;B;0;-;On;On;Off; 22.5; 22.2;0;0;1676;0;1676;0;1490;0;-
2026/05/03;04:44:09;-;-; 52.33; 0.0;-; 57.2; 56.1; 0.0;-;-;2196;-0.1; 0.0; 0.0;-7; 21.3;B;0;-;On;On;Off; 22.5; 22.2;0;0;1676;0;1676;0;1490;0;-
2026/05/03;04:45:09;-;-; 52.35; 0.0;-; 57.7; 56.8; 0.0;-;-;2196;-0.1; 0.0; 0.0;-7; 21.3;B;0;-;On;On;Off; 22.5; 22.2;0;0;1676;0;1676;0;1490;0;-
2026/05/03;04:46:09;-;-; 52.35; 0.0;-; 58.3; 57.4; 0.0;-;-;2196;-0.1; 0.0; 0.0;-7; 21.3;B;0;-;On;On;Off; 22.5; 22.2;0;0;1676;0;1676;0;1490;0;-
2026/05/03;04:47:09;-;-; 52.35; 0.0;-; 58.7; 57.9; 0.0;-;-;2196;-0.1; 0.0; 0.0;-6; 21.3;B;0;-;On;On;Off; 22.5; 22.2;0;0;1676;0;1676;0;1490;0;-
2026/05/03;04:48:08;-;-; 52.35; 0.0;-; 59.2; 58.3; 0.0;-;-;2196;-0.1; 0.0; 0.0;-6; 21.3;B;0;-;On;On;Off; 22.5; 22.2;0;0;1676;0;1676;0;1490;0;-
2026/05/03;04:49:08;-;-; 52.33; 0.0;-; 59.6; 58.8; 0.0;-;-;2196;-0.1; 0.0; 0.0;-7; 21.3;B;0;-;On;On;Off; 22.5; 22.2;0;0;1676;0;1676;0;1490;0;-
2026/05/03;04:50:08;-;-; 52.35; 0.0;-; 60.1; 59.3; 0.0;-;-;2196;-0.1; 0.0; 0.0;-7; 21.3;B;0;-;On;On;Off; 22.5; 22.2;0;0;1676;0;1676;0;1490;0;-
2026/05/03;04:51:08;-;-; 52.35; 0.0;-; 60.6; 59.8; 0.0;-;-;2197;-0.1; 0.0; 0.0;-7; 21.3;B;0;-;On;On;Off; 22.5; 22.2;0;0;1676;0;1676;0;1490;0;-
2026/05/03;04:52:08;-;-; 52.35; 0.0;-; 61.1; 60.3; 0.0;-;-;2197;-0.2; 0.0; 0.0;-7; 21.3;B;0;-;On;On;Off; 22.5; 22.2;0;0;1676;0;1676;0;1490;0;-
2026/05/03;04:53:08;-;-; 52.35; 0.0;-; 61.3; 60.7; 0.0;-;-;2197;-0.1; 0.0; 0.0;-7; 21.3;B;0;-;On;On;Off; 22.5; 22.2;0;0;1676;0;1676;0;1490;0;-
2026/05/03;04:54:08;-;-; 52.35; 0.0;-; 61.7; 61.1; 0.0;-;-;2197;-0.1; 0.0; 0.0;-7; 21.3;B;0;-;On;On;Off; 22.5; 22.2;0;0;1676;0;1676;0;1490;0;-
2026/05/03;04:55:08;-;-; 52.35; 0.0;-; 62.0; 61.4; 0.0;-;-;2197;-0.1; 0.0; 0.0;-6; 21.3;B;0;-;On;On;Off; 22.5; 22.2;0;0;1676;0;1676;0;1490;0;-
2026/05/03;04:56:08;-;-; 52.35; 0.0;-; 62.4; 61.6; 0.0;-;-;2197;-0.1; 0.0; 0.0;-7; 21.3;B;0;-;On;On;Off; 22.5; 22.2;0;0;1676;0;1676;0;1490;0;-
2026/05/03;04:57:08;-;-; 52.35; 0.0;-; 62.6; 62.0; 0.0;-;-;2197;-0.1; 0.0; 0.0;-7; 21.3;B;0;-;On;On;Off; 22.5; 22.2;0;0;1676;0;1676;0;1490;0;-
2026/05/03;04:58:08;-;-; 52.35; 0.0;-; 62.9; 62.4; 0.0;-;-;2197;-0.1; 0.0; 0.0;-6; 21.3;B;0;-;On;On;Off; 22.5; 22.2;0;0;1676;0;1676;0;1490;0;-
2026/05/03;04:59:08;-;-; 52.35; 0.0;-; 63.2; 62.7; 0.0;-;-;2197;-0.1; 0.0; 0.0;-7; 21.3;B;0;-;On;On;Off; 22.5; 22.2;0;0;1676;0;1676;0;1490;0;-
2026/05/03;05:00:08;-;-; 52.35; 0.0;-; 63.5; 63.0; 0.0;-;-;2197;-0.1; 0.0; 0.0;-7; 21.3;B;0;-;On;On;Off; 22.5; 22.2;0;0;1676;0;1676;0;1490;0;-
2026/05/03;05:01:08;-;-; 52.35; 0.0;-; 63.8; 63.2; 0.0;-;-;2197;-0.1; 0.0; 0.0;-7; 21.3;B;0;-;On;On;Off; 22.4; 22.2;0;0;1676;0;1676;0;1490;0;-
2026/05/03;05:02:08;-;-; 52.33; 0.0;-; 64.1; 63.5; 0.0;-;-;2197;-0.2; 0.0; 0.0;-7; 21.3;B;0;-;On;On;Off; 22.5; 22.2;0;0;1676;0;1676;0;1490;0;-
2026/05/03;05:03:08;-;-; 52.33; 0.0;-; 64.4; 63.8; 0.0;-;-;2197;-0.2; 0.0; 0.0;-7; 21.3;B;0;-;On;On;Off; 22.4; 22.2;0;0;1676;0;1676;0;1490;0;-
2026/05/03;05:04:07;-;-; 52.35; 0.0;-; 64.7; 64.1; 0.0;-;-;2197;-0.2; 0.0; 0.0;-7; 21.3;B;0;-;On;On;Off; 22.4; 22.2;0;0;1676;0;1676;0;1490;0;-
2026/05/03;05:05:07;-;-; 52.35; 0.0;-; 65.0; 64.5; 0.0;-;-;2197;-0.2; 0.0; 0.0;-8; 21.3;B;0;-;On;On;Off; 22.4; 22.2;0;0;1676;0;1676;0;1490;0;-
2026/05/03;05:06:07;-;-; 52.35; 0.0;-; 65.3; 64.8; 0.0;-;-;2197;-0.2; 0.0; 0.0;-7; 21.3;B;0;-;On;On;Off; 22.4; 22.2;0;0;1676;0;1676;0;1490;0;-
2026/05/03;05:07:07;-;-; 52.35; 0.0;-; 65.6; 65.1; 0.0;-;-;2197;-0.1; 0.0; 0.0;-7; 21.3;B;0;-;On;On;Off; 22.4; 22.2;0;0;1676;0;1676;0;1490;0;-
2026/05/03;05:08:07;-;-; 52.35; 0.0;-; 65.9; 65.2; 0.0;-;-;2197;-0.1; 0.0; 0.0;-7; 21.3;B;0;-;On;On;Off; 22.4; 22.2;0;0;1676;0;1676;0;1490;0;-
2026/05/03;05:09:07;-;-; 52.33; 0.0;-; 66.1; 65.4; 0.0;-;-;2197;-0.2; 0.0; 0.0;-8; 21.3;B;0;-;On;On;Off; 22.4; 22.2;0;0;1676;0;1676;0;1490;0;-
2026/05/03;05:10:07;-;-; 52.35; 0.0;-; 66.3; 65.8; 0.0;-;-;2197;-0.2; 0.0; 0.0;-8; 21.3;B;0;-;On;On;Off; 22.4; 22.2;0;0;1676;0;1676;0;1490;0;-
2026/05/03;05:11:07;-;-; 52.35; 0.0;-; 66.5; 65.9; 0.0;-;-;2197;-0.2; 0.0; 0.0;-8; 21.3;B;0;-;On;On;Off; 22.4; 22.1;0;0;1676;0;1676;0;1490;0;-
2026/05/03;05:12:07;-;-; 52.35; 0.0;-; 66.6; 66.2; 0.0;-;-;2197;-0.2; 0.0; 0.0;-7; 21.3;B;0;-;On;On;Off; 22.4; 22.2;0;0;1676;0;1676;0;1490;0;-
2026/05/03;05:13:07;-;-; 52.35; 0.0;-; 67.0; 66.5; 0.0;-;-;2197;-0.1; 0.0; 0.0;-7; 21.3;B;0;-;On;On;Off; 22.4; 22.2;0;0;1676;0;1676;0;1490;0;-
2026/05/03;05:14:07;-;-; 52.35; 0.0;-; 67.2; 66.7; 0.0;-;-;2197;-0.1; 0.0; 0.0;-7; 21.3;B;0;-;On;On;Off; 22.4; 22.1;0;0;1676;0;1676;0;1490;0;-
2026/05/03;05:15:07;-;-; 52.35; 0.0;-; 67.6; 67.0; 0.0;-;-;2197;-0.1; 0.0; 0.0;-7; 21.3;B;0;-;On;On;Off; 22.4; 22.2;0;0;1676;0;1676;0;1490;0;-
2026/05/03;05:16:07;-;-; 52.33; 0.0;-; 67.8; 67.3; 0.0;-;-;2197;-0.1; 0.0; 0.0;-7; 21.3;B;0;-;On;On;Off; 22.4; 22.1;0;0;1676;0;1676;0;1490;0;-
2026/05/03;05:17:07;-;-; 52.37; 0.0;-; 67.8; 67.4; 0.0;-;-;2197;-0.1; 0.0; 0.0;-7; 21.3;B;0;-;On;On;Off; 22.4; 22.1;0;0;1676;0;1676;0;1490;1;-
2026/05/03;05:18:07;-;-; 52.35; 0.0;-; 68.1; 67.7; 0.0;-;-;2197;-0.1; 0.0; 0.0;-7; 21.3;B;0;-;On;On;Off; 22.4; 22.1;0;0;1676;0;1676;0;1490;1;-
2026/05/03;05:19:07;-;-; 52.35; 0.0;-; 68.4; 68.0; 0.0;-;-;2197;-0.1; 0.0; 0.0;-7; 21.3;B;0;-;On;On;Off; 22.4; 22.1;0;0;1676;0;1676;0;1490;1;-
2026/05/03;05:20:06;-;-; 52.35; 0.0;-; 68.7; 68.3; 0.0;-;-;2197;-0.1; 0.0; 0.0;-6; 21.3;B;0;-;On;On;Off; 22.4; 22.2;0;0;1676;0;1676;0;1490;1;-
2026/05/03;05:21:06;-;-; 52.35; 0.0;-; 68.8; 68.5; 0.0;-;-;2197;-0.1; 0.0; 0.0;-5; 21.3;B;0;-;On;On;Off; 22.5; 22.2;0;0;1676;0;1676;0;1490;1;-
2026/05/03;05:22:06;-;-; 52.35; 0.0;-; 69.1; 68.7; 0.0;-;-;2197;-0.1; 0.0; 0.0;-6; 21.3;B;0;-;On;On;Off; 22.5; 22.2;0;0;1676;0;1676;0;1490;1;-
2026/05/03;05:23:06;-;-; 52.33; 0.1;-; 69.2; 68.2; 7.0;-; 7.0;2197;-0.1; 0.0; 0.0;-6; 21.3;B;0;-;On;On;Off; 22.5; 22.6;0;0;1676;0;1676;0;1490;1;-
2026/05/03;05:24:06;-;-; 52.26; 0.3;-; 68.1; 68.0; 15.4; 8.4; 7.0;2197;-0.1; 0.1; 0.1;-6; 21.3;B;0;-;On;On;Off; 23.8; 24.2;0;0;1676;0;1676;0;1490;1;-
2026/05/03;05:25:06;-;-; 52.26; 0.2;-; 68.1; 69.1; 9.1; 9.1; 0.0;2197;-0.1; 0.2; 0.2;-4; 21.3;B;0;-;On;On;Off; 25.0; 23.2;0;0;1676;0;1676;0;1490;1;-
2026/05/03;05:26:06;-;-; 52.28; 0.0;-; 69.9; 69.4; 1.4; 0.7; 0.7;2197;-0.0; 0.2; 0.2;-1; 21.3;B;0;-;On;On;Off; 23.5; 22.9;0;0;1676;0;1676;0;1490;1;-
2026/05/03;05:27:06;-;-; 52.24; 0.2;-; 70.0; 68.1; 9.0; 0.7; 8.4;2197;-0.1; 0.1; 0.1;-6; 21.3;B;0;-;On;On;Off; 23.3; 24.5;0;0;1676;0;1676;0;1490;1;-
2026/05/03;05:28:06;-;-; 52.22; 0.2;-; 68.1; 69.7; 10.5; 10.5; 0.0;2197;-0.0; 0.2; 0.2;-2; 21.3;B;0;-;On;On;Off; 25.3; 24.7;0;0;1676;0;1676;0;1490;1;-
2026/05/03;05:29:06;-;-; 52.24; 0.0;-; 70.3; 69.9; 0.7; 0.7; 0.0;2197; 0.1; 0.3; 0.3;3; 21.3;B;0;-;On;On;Off; 24.7; 23.4;0;0;1676;0;1676;0;1490;1;-
2026/05/03;05:30:06;-;-; 52.22; 0.2;-; 70.3; 67.9; 10.5; 0.7; 9.8;2197;-0.1; 0.1; 0.1;-3; 21.3;B;0;-;On;On;Off; 23.6; 24.4;0;0;1676;0;1676;0;1490;1;-
2026/05/03;05:31:06;-;-; 52.22; 0.4;-; 68.0; 67.9; 21.0; 11.2; 9.8;2197;-0.1; 0.1; 0.1;-3; 21.3;B;0;-;On;On;Off; 25.3; 25.2;0;0;1676;0;1676;0;1490;1;-
2026/05/03;05:32:06;-;-; 52.24; 0.2;-; 69.4; 70.1; 8.4; 7.7; 0.7;2197; 0.1; 0.3; 0.3;6; 21.3;B;0;-;On;On;Off; 25.8; 23.8;0;0;1676;0;1676;0;1490;1;-
2026/05/03;05:33:06;-;-; 52.22; 0.2;-; 70.6; 68.0; 11.2; 0.7; 10.5;2197; 0.0; 0.2; 0.2;2; 21.3;B;0;-;On;On;Off; 24.0; 23.6;0;0;1676;0;1676;0;1490;1;-
2026/05/03;05:34:06;-;-; 52.22; 0.4;-; 68.1; 67.9; 22.4; 11.9; 10.5;2197;-0.1; 0.1; 0.1;-5; 21.3;B;0;-;On;On;Off; 24.7; 25.3;0;0;1676;0;1676;0;1490;1;-
2026/05/03;05:35:06;-;-; 52.24; 0.2;-; 68.2; 70.5; 12.6; 12.6; 0.0;2197; 0.1; 0.3; 0.3;5; 21.3;B;0;-;On;On;Off; 26.1; 24.5;0;0;1676;0;1676;0;1490;1;-
2026/05/03;05:36:05;-;-; 52.24; 0.0;-; 70.9; 70.6; 0.7; 0.7; 0.0;2197; 0.2; 0.3; 0.3;8; 21.3;B;0;-;On;On;Off; 24.6; 23.9;0;0;1676;0;1676;0;1490;1;-
2026/05/03;05:37:05;-;-; 52.24; 0.2;-; 71.1; 67.9; 11.9; 0.0; 11.9;2197;-0.1; 0.1; 0.1;-4; 21.3;B;0;-;On;On;Off; 24.2; 25.4;0;0;1676;0;1676;0;1490;1;-
2026/05/03;05:38:05;-;-; 52.26; 0.3;-; 68.1; 70.8; 14.7; 14.0; 0.7;2197; 0.1; 0.2; 0.2;2; 21.3;B;0;-;On;On;Off; 26.2; 25.8;0;0;1676;0;1676;0;1490;1;-
2026/05/03;05:39:05;-;-; 52.28; 0.0;-; 71.3; 70.9; 1.4; 0.7; 0.7;2197; 0.3; 0.5; 0.5;17; 21.3;B;0;-;On;On;Off; 26.0; 24.3;0;0;1676;0;1676;0;1490;1;-
2026/05/03;05:40:05;-;-; 52.30; 0.3;-; 71.4; 68.2; 15.4; 0.7; 14.7;2197; 0.1; 0.2; 0.2;4; 21.3;B;0;-;On;On;Off; 24.5; 25.0;0;0;1676;0;1676;0;1490;1;-
2026/05/03;05:41:05;-;-; 52.33; 0.6;-; 68.4; 68.1; 32.2; 16.8; 15.4;2197; 0.0; 0.2; 0.2;0; 21.3;B;0;-;On;On;Off; 25.9; 25.9;0;0;1676;0;1676;0;1490;1;-
2026/05/03;05:42:05;-;-; 52.35; 0.3;-; 68.3; 71.3; 17.6; 17.6; 0.0;2197; 0.4; 0.5; 0.5;21; 21.3;B;0;-;On;On;Off; 26.6; 24.6;0;0;1676;0;1676;0;1490;1;-
2026/05/03;05:43:05;-;-; 52.33; 0.0;-; 71.8; 71.4; 0.7; 0.0; 0.7;2197; 0.3; 0.4; 0.4;17; 21.3;B;0;-;On;On;Off; 24.8; 24.3;0;0;1676;0;1676;0;1490;1;-
2026/05/03;05:44:05;-;-; 52.35; 0.4;-; 71.4; 68.1; 22.4; 6.3; 16.1;2197;-0.1; 0.1; 0.1;-4; 21.3;B;0;-;On;On;Off; 24.9; 25.9;0;0;1676;0;1676;0;1490;1;-
2026/05/03;05:45:05;-;-; 52.39; 0.3;-; 68.5; 71.6; 17.6; 17.6; 0.0;2197; 0.3; 0.4; 0.4;15; 21.3;B;0;-;On;On;Off; 26.7; 25.4;0;0;1676;0;1676;0;1490;1;-
2026/05/03;05:46:05;-;-; 52.41; 0.4;-; 68.4; 71.5; 19.0; 18.3; 0.7;2197; 0.5; 0.5; 0.5;25; 21.3;B;0;-;On;On;Off; 26.8; 24.6;0;0;1676;0;1676;0;1490;1;-
2026/05/03;05:47:05;-;-; 52.47; 0.7;-; 68.6; 68.3; 35.2; 18.3; 16.9;2197; 0.3; 0.4; 0.4;15; 21.3;B;0;-;On;On;Off; 26.9; 26.2;0;0;1676;0;1676;0;1490;1;-
2026/05/03;05:48:05;-;-; 52.49; 0.6;-; 69.5; 68.3; 32.4; 16.2; 16.2;2197; 0.6; 0.6; 0.6;29; 21.3;B;0;-;On;On;Off; 27.2; 26.7;0;0;1676;0;1676;0;1490;1;-
2026/05/03;05:49:05;-;-; 52.51; 0.4;-; 68.6; 71.7; 19.0; 19.0; 0.0;2197; 0.6; 0.6; 0.6;32; 21.3;B;0;-;On;On;Off; 27.2; 25.1;0;0;1676;0;1676;0;1490;1;-
2026/05/03;05:50:05;-;-; 52.55; 0.7;-; 68.6; 68.2; 36.6; 19.0; 17.6;2197; 0.3; 0.4; 0.4;15; 21.3;B;0;-;On;On;Off; 27.2; 25.6;0;0;1676;0;1676;0;1490;1;-
2026/05/03;05:51:05;-;-; 52.59; 0.7;-; 68.8; 68.4; 36.7; 19.0; 17.7;2198; 0.5; 0.5; 0.5;24; 21.3;B;0;-;On;On;Off; 27.5; 26.9;0;0;1676;0;1676;0;1490;1;-
2026/05/03;05:52:04;-;-; 52.59; 0.4;-; 68.7; 71.9; 19.8; 19.8; 0.0;2198; 0.8; 0.7; 0.7;40; 21.3;B;0;-;On;On;Off; 27.6; 25.6;0;0;1676;0;1676;0;1490;1;-
2026/05/03;05:53:04;-;-; 52.63; 0.4;-; 68.7; 71.9; 20.5; 20.5; 0.0;2198; 0.5; 0.5; 0.5;25; 21.3;B;0;-;On;On;Off; 27.5; 25.2;0;0;1676;0;1676;0;1490;1;-
2026/05/03;05:54:04;-;-; 52.69; 0.7;-; 68.8; 68.5; 39.5; 20.5; 19.1;2198; 0.4; 0.4; 0.4;19; 21.3;B;0;-;On;On;Off; 27.6; 27.0;0;0;1676;0;1676;0;1490;1;-
2026/05/03;05:55:04;-;-; 52.75; 0.8;-; 68.9; 68.7; 41.1; 21.2; 19.8;2198; 0.9; 0.7; 0.7;44; 21.3;B;0;-;On;On;Off; 27.9; 27.4;0;0;1676;0;1676;0;1490;1;-
2026/05/03;05:56:04;-;-; 52.81; 0.7;-; 68.9; 70.1; 37.5; 21.3; 16.3;2198; 0.9; 0.8; 0.8;46; 21.3;B;0;-;On;On;Off; 28.0; 27.5;0;0;1676;0;1676;0;1490;1;-
2026/05/03;05:57:04;-;-; 52.91; 0.8;-; 69.0; 68.9; 44.0; 22.7; 21.3;2198; 0.9; 0.8; 0.8;48; 21.3;B;0;-;On;On;Off; 28.2; 27.7;0;0;1676;0;1676;0;1490;1;-
2026/05/03;05:58:04;-;-; 52.99; 0.9;-; 69.2; 68.9; 46.1; 24.1; 22.0;2198; 1.0; 0.8; 0.8;52; 21.3;B;0;-;On;On;Off; 28.3; 27.8;0;0;1676;0;1676;0;1490;1;-
2026/05/03;05:59:04;-;-; 53.04; 0.9;-; 69.2; 69.1; 45.5; 23.5; 22.0;2198; 1.1; 0.8; 0.8;55; 21.3;B;0;-;On;On;Off; 28.4; 27.9;0;0;1676;0;1676;0;1490;1;-
2026/05/03;06:00:04;-;-; 53.12; 0.9;-; 69.3; 69.2; 47.0; 24.2; 22.8;2198; 1.1; 0.9; 0.9;57; 21.3;B;0;-;On;On;Off; 28.5; 28.0;0;0;1676;0;1676;0;1490;1;-
2026/05/03;06:01:04;-;-; 53.20; 0.9;-; 69.5; 69.2; 47.8; 24.2; 23.6;2198; 1.2; 0.9; 0.9;60; 21.3;B;0;-;On;On;Off; 28.6; 28.1;0;0;1676;0;1676;0;1490;1;-
2026/05/03;06:02:04;-;-; 53.30; 0.9;-; 69.4; 69.4; 47.9; 25.0; 22.8;2198; 1.2; 0.9; 0.9;61; 21.3;B;0;-;On;On;Off; 28.7; 28.2;0;0;1676;0;1676;0;1490;1;-
2026/05/03;06:03:04;-;-; 53.38; 0.9;-; 69.7; 69.5; 49.4; 25.8; 23.6;2198; 1.2; 0.9; 0.9;60; 21.3;B;0;-;On;On;Off; 28.8; 28.3;0;0;1676;0;1676;0;1490;1;-
2026/05/03;06:04:04;-;-; 53.46; 0.9;-; 69.8; 69.7; 49.5; 25.8; 23.7;2198; 1.2; 0.9; 0.9;62; 21.3;B;0;-;On;On;Off; 28.9; 28.4;0;0;1676;0;1676;0;1490;1;-
2026/05/03;06:05:04;-;-; 53.52; 0.8;-; 71.0; 69.7; 45.2; 21.5; 23.7;2198; 1.2; 0.9; 0.9;63; 21.3;B;0;-;On;On;Off; 29.0; 28.5;0;0;1676;0;1676;0;1490;1;-
2026/05/03;06:06:04;-;-; 53.64; 1.0;-; 69.9; 69.8; 51.0; 26.6; 24.4;2198; 1.2; 0.9; 0.9;64; 21.3;B;0;-;On;On;Off; 29.1; 28.6;0;0;1676;0;1676;0;1490;1;-
2026/05/03;06:07:03;-;-; 53.76; 1.0;-; 70.2; 70.0; 54.0; 28.1; 25.9;2198; 1.3; 0.9; 0.9;67; 21.3;B;0;-;On;On;Off; 29.2; 28.7;0;0;1676;0;1676;0;1490;1;-
2026/05/03;06:08:03;-;-; 53.83; 1.0;-; 70.4; 70.2; 54.1; 28.1; 26.0;2198; 1.4; 1.0; 1.0;71; 21.3;B;0;-;On;On;Off; 29.3; 28.8;0;0;1676;0;1676;0;1490;1;-
2026/05/03;06:09:03;-;-; 53.97; 1.0;-; 70.4; 70.3; 56.4; 29.7; 26.7;2198; 1.4; 1.0; 1.0;73; 21.3;B;0;-;On;On;Off; 29.3; 28.9;0;0;1676;0;1676;0;1490;1;-
2026/05/03;06:10:03;-;-; 54.07; 1.0;-; 70.6; 70.7; 56.6; 29.7; 26.8;2198; 1.4; 1.0; 1.0;76; 21.3;B;0;-;On;On;Off; 29.4; 28.9;0;0;1676;0;1676;0;1490;1;-
2026/05/03;06:11:03;-;-; 54.19; 1.1;-; 70.8; 70.5; 57.4; 29.8; 27.6;2198; 1.5; 1.0; 1.0;79; 21.3;B;0;-;On;On;Off; 29.5; 29.0;0;0;1676;0;1676;0;1490;1;-
2026/05/03;06:12:03;-;-; 54.23; 1.0;-; 71.8; 70.6; 51.6; 24.7; 26.9;2198; 1.5; 1.0; 1.0;79; 21.3;B;0;-;On;On;Off; 29.6; 29.1;0;0;1676;0;1676;0;1490;1;-
2026/05/03;06:13:03;-;-; 54.37; 1.0;-; 70.9; 70.8; 56.1; 29.2; 27.0;2198; 1.5; 1.0; 1.0;77; 21.3;B;0;-;On;On;Off; 29.6; 29.1;0;0;1676;0;1676;0;1490;1;-
2026/05/03;06:14:03;-;-; 54.37; 0.9;-; 72.0; 70.8; 46.7; 20.4; 26.2;2198; 1.4; 1.0; 1.0;75; 21.3;B;0;-;On;On;Off; 29.7; 29.2;0;0;1676;0;1676;0;1490;1;-
2026/05/03;06:15:03;-;-; 54.49; 1.0;-; 71.0; 71.8; 51.9; 29.2; 22.6;2198; 1.4; 1.0; 1.0;73; 21.3;B;0;-;On;On;Off; 29.8; 29.3;0;0;1676;0;1676;0;1490;1;-
2026/05/03;06:16:03;-;-; 54.60; 1.0;-; 71.2; 71.1; 56.4; 29.3; 27.1;2198; 1.4; 1.0; 1.0;75; 21.3;B;0;-;On;On;Off; 29.8; 29.3;0;0;1676;0;1676;0;1490;1;-
2026/05/03;06:17:03;-;-; 54.70; 1.1;-; 71.3; 71.2; 58.0; 30.1; 27.9;2198; 1.5; 1.0; 1.0;77; 21.3;B;0;-;On;On;Off; 29.9; 29.4;0;0;1676;0;1676;0;1490;1;-
2026/05/03;06:18:03;-;-; 54.84; 1.1;-; 71.5; 71.4; 61.1; 31.6; 29.4;2198; 1.5; 1.0; 1.0;79; 21.3;B;0;-;On;On;Off; 30.0; 29.5;0;0;1676;0;1676;0;1490;1;-
2026/05/03;06:19:03;-;-; 54.98; 1.1;-; 71.7; 71.6; 62.7; 32.4; 30.2;2198; 1.5; 1.1; 1.1;83; 21.3;B;0;-;On;On;Off; 30.0; 29.5;0;0;1676;0;1676;0;1490;1;-
2026/05/03;06:20:03;-;-; 55.12; 1.1;-; 71.9; 71.8; 62.9; 33.3; 29.6;2198; 1.6; 1.1; 1.1;86; 21.3;B;0;-;On;On;Off; 30.1; 29.6;0;0;1676;0;1676;0;1490;1;-
2026/05/03;06:21:03;-;-; 55.27; 1.2;-; 72.2; 71.9; 63.8; 33.4; 30.4;2198; 1.6; 1.1; 1.1;89; 21.3;B;0;-;On;On;Off; 30.1; 29.6;0;0;1676;0;1676;1;1491;1;-
2026/05/03;06:22:03;-;-; 55.41; 1.0;-; 73.5; 72.3; 52.8; 22.3; 30.5;2198; 1.7; 1.1; 1.1;90; 21.3;B;0;-;On;On;Off; 30.2; 29.7;0;0;1676;0;1676;1;1491;1;-
2026/05/03;06:23:02;-;-; 55.55; 1.0;-; 72.4; 73.5; 55.1; 34.3; 20.9;2198; 1.7; 1.1; 1.1;92; 21.3;B;0;-;On;On;Off; 30.2; 29.7;0;0;1676;0;1676;1;1491;1;-
2026/05/03;06:24:02;-;-; 55.59; 1.0;-; 72.9; 73.6; 54.4; 34.3; 20.1;2198; 1.7; 1.1; 1.1;92; 21.3;B;0;-;On;On;Off; 30.3; 29.8;0;0;1676;0;1676;1;1491;1;-
2026/05/03;06:25:02;-;-; 55.93; 1.2;-; 73.0; 72.8; 66.7; 35.2; 31.5;2198; 1.6; 1.1; 1.1;90; 21.3;B;0;-;On;On;Off; 30.3; 29.8;0;0;1676;0;1676;1;1491;1;-
2026/05/03;06:26:02;-;-; 56.14; 1.2;-; 73.3; 73.2; 66.2; 34.6; 31.6;2198; 1.7; 1.2; 1.2;93; 21.3;B;0;-;On;On;Off; 30.4; 29.9;0;0;1676;0;1676;1;1491;1;-
2026/05/03;06:27:02;-;-; 56.28; 0.9;-; 73.5; 74.6; 48.3; 34.7; 13.6;2198; 1.7; 1.1; 1.1;93; 21.3;B;0;-;On;On;Off; 30.4; 30.0;0;0;1676;0;1676;1;1491;1;-
2026/05/03;06:28:02;-;-; 56.48; 1.1;-; 73.8; 73.5; 64.4; 34.1; 30.3;2198; 1.6; 1.1; 1.1;90; 21.3;B;0;-;On;On;Off; 30.5; 30.0;0;1;1677;1;1677;1;1491;1;-
2026/05/03;06:29:02;-;-; 56.54; 1.1;-; 74.0; 73.7; 64.5; 34.9; 29.6;2198; 1.6; 1.1; 1.1;89; 21.3;B;0;-;On;On;Off; 30.5; 30.1;0;1;1677;1;1677;1;1491;1;-
2026/05/03;06:30:02;-;-; 56.74; 1.1;-; 74.0; 73.8; 63.9; 34.3; 29.7;2198; 1.6; 1.1; 1.1;88; 21.3;B;0;-;On;On;Off; 30.6; 30.1;0;1;1677;1;1677;1;1491;1;-
2026/05/03;06:31:02;-;-; 56.79; 0.8;-; 74.2; 75.2; 43.4; 34.3; 9.1;2198; 1.5; 1.1; 1.1;85; 21.3;B;0;-;On;On;Off; 30.6; 30.2;0;1;1677;1;1677;1;1491;1;-
2026/05/03;06:32:02;-;-; 56.91; 1.1;-; 74.2; 74.1; 63.3; 35.1; 28.2;2198; 1.5; 1.1; 1.1;83; 21.3;B;0;-;On;On;Off; 30.7; 30.2;0;1;1677;1;1677;1;1491;1;-
2026/05/03;06:33:02;-;-; 56.91; 1.1;-; 74.2; 74.0; 62.6; 34.4; 28.2;2198; 1.5; 1.0; 1.0;82; 21.3;B;0;-;On;On;Off; 30.7; 30.2;0;1;1677;1;1677;1;1491;1;-
2026/05/03;06:34:02;-;-; 57.03; 1.1;-; 74.4; 74.4; 61.2; 32.9; 28.3;2198; 1.4; 1.0; 1.0;79; 21.3;B;0;-;On;On;Off; 30.8; 30.3;0;1;1677;1;1677;1;1491;1;-
2026/05/03;06:35:02;-;-; 57.15; 1.1;-; 74.5; 74.5; 60.5; 33.7; 26.8;2198; 1.4; 1.0; 1.0;77; 21.3;B;0;-;On;On;Off; 30.8; 30.3;0;1;1677;1;1677;1;1491;1;-
2026/05/03;06:36:02;-;-; 57.23; 1.0;-; 74.6; 74.5; 59.9; 33.0; 26.9;2198; 1.4; 1.0; 1.0;78; 21.3;B;0;-;On;On;Off; 30.8; 30.4;0;1;1677;1;1677;1;1491;1;-
2026/05/03;06:37:02;-;-; 57.47; 1.1;-; 74.7; 74.7; 62.4; 36.2; 26.2;2198; 1.3; 1.0; 1.0;75; 21.3;B;0;-;On;On;Off; 30.9; 30.4;0;1;1677;1;1677;1;1491;1;-
2026/05/03;06:38:01;-;-; 57.43; 1.0;-; 74.7; 74.6; 60.1; 34.7; 25.4;2198; 1.3; 1.0; 1.0;74; 21.3;B;0;-;On;On;Off; 30.9; 30.4;0;1;1677;1;1677;1;1491;1;-
2026/05/03;06:39:01;-;-; 57.54; 0.9;-; 75.0; 74.7; 54.0; 30.1; 23.9;2198; 1.3; 0.9; 0.9;71; 21.3;B;0;-;On;On;Off; 31.0; 30.5;0;1;1677;1;1677;1;1491;1;-
2026/05/03;06:40:01;-;-; 57.54; 0.5;-; 76.0; 74.9; 30.0; 9.2; 20.8;2198; 1.2; 0.9; 0.9;70; 21.3;B;0;-;On;On;Off; 31.0; 30.5;0;1;1677;1;1677;1;1491;1;-
2026/05/03;06:41:01;-;-; 57.56; 0.5;-; 76.0; 74.8; 30.8; 8.5; 22.4;2198; 1.2; 0.9; 0.9;68; 21.3;B;0;-;On;On;Off; 31.0; 30.5;0;1;1677;1;1677;1;1491;1;-
2026/05/03;06:42:01;-;-; 57.45; 1.0;-; 74.9; 74.7; 54.7; 32.3; 22.3;2198; 1.2; 0.9; 0.9;67; 21.3;B;0;-;On;On;Off; 31.1; 30.6;0;1;1677;1;1677;1;1491;1;-
2026/05/03;06:43:01;-;-; 57.47; 0.9;-; 74.9; 74.9; 54.0; 30.9; 23.1;2198; 1.2; 0.9; 0.9;65; 21.3;B;0;-;On;On;Off; 31.1; 30.6;0;1;1677;1;1677;1;1491;1;-
2026/05/03;06:44:01;-;-; 57.35; 1.0;-; 74.8; 74.8; 54.6; 32.3; 22.3;2198; 1.1; 0.9; 0.9;63; 21.3;B;0;-;On;On;Off; 31.1; 30.6;0;1;1677;1;1677;1;1491;1;-
2026/05/03;06:45:01;-;-; 57.43; 1.0;-; 74.8; 74.8; 54.7; 30.8; 23.9;2198; 1.1; 0.9; 0.9;62; 21.3;B;0;-;On;On;Off; 31.2; 30.7;0;1;1677;1;1677;1;1491;1;-
2026/05/03;06:46:01;-;-; 57.52; 1.0;-; 74.8; 75.0; 55.5; 31.6; 23.9;2198; 1.1; 0.9; 0.9;60; 21.3;B;0;-;On;On;Off; 31.2; 30.7;0;1;1677;1;1677;1;1491;1;-
2026/05/03;06:47:01;-;-; 57.62; 1.0;-; 74.9; 74.9; 54.9; 30.9; 24.0;2198; 1.1; 0.9; 0.9;59; 21.3;B;0;-;On;On;Off; 31.2; 30.7;0;1;1677;1;1677;1;1491;1;-
2026/05/03;06:48:01;-;-; 57.64; 0.9;-; 74.9; 74.9; 54.1; 29.4; 24.7;2198; 1.0; 0.8; 0.8;59; 21.3;B;0;-;On;On;Off; 31.3; 30.8;0;1;1677;1;1677;1;1491;1;-
2026/05/03;06:49:01;-;-; 57.62; 0.9;-; 75.1; 75.0; 51.0; 27.1; 23.9;2198; 1.0; 0.8; 0.8;56; 21.3;B;0;-;On;On;Off; 31.3; 30.8;0;1;1677;1;1677;1;1491;1;-
2026/05/03;06:50:01;-;-; 57.29; 0.9;-; 74.7; 74.6; 49.9; 24.6; 25.4;2198; 1.0; 0.8; 0.8;55; 21.3;B;0;-;On;On;Off; 31.3; 30.8;0;1;1677;1;1677;1;1491;1;-
2026/05/03;06:51:01;-;-; 57.58; 0.9;-; 75.1; 74.9; 49.4; 24.7; 24.7;2199; 0.9; 0.8; 0.8;50; 21.3;B;0;-;On;On;Off; 31.3; 30.8;0;1;1677;1;1677;1;1491;1;-
2026/05/03;06:52:01;-;-; 57.72; 0.5;-; 76.5; 75.1; 27.1; 0.0; 27.1;2199; 1.0; 0.8; 0.8;53; 21.3;B;0;-;On;On;Off; 31.4; 30.9;0;1;1677;1;1677;1;1491;1;-
2026/05/03;06:53:00;-;-; 57.58; 0.9;-; 75.2; 74.9; 52.5; 24.7; 27.8;2199; 0.9; 0.8; 0.8;53; 21.3;B;0;-;On;On;Off; 31.4; 30.9;0;1;1677;1;1677;1;1491;1;-
2026/05/03;06:54:00;-;-; 57.41; 0.8;-; 74.8; 74.7; 46.9; 22.3; 24.6;2199; 0.9; 0.8; 0.8;51; 21.3;B;0;-;On;On;Off; 31.4; 30.9;0;1;1677;1;1677;1;1491;1;-
2026/05/03;06:55:00;-;-; 57.27; 0.8;-; 74.8; 74.6; 48.3; 23.8; 24.5;2199; 0.8; 0.7; 0.7;47; 21.3;B;0;-;On;On;Off; 31.4; 30.9;0;1;1677;1;1677;1;1491;1;-
2026/05/03;06:56:00;-;-; 57.58; 0.8;-; 75.0; 74.8; 47.1; 21.6; 25.5;2199; 0.9; 0.8; 0.8;48; 21.3;B;0;-;On;On;Off; 31.5; 30.9;0;1;1677;1;1677;1;1491;1;-
2026/05/03;06:57:00;-;-; 57.68; 0.7;-; 75.2; 74.9; 40.2; 17.0; 23.2;2199; 0.9; 0.8; 0.8;49; 21.3;B;0;-;On;On;Off; 31.5; 31.0;0;1;1677;1;1677;1;1491;1;-
2026/05/03;06:58:00;-;-; 57.47; 0.4;-; 76.0; 74.8; 20.8; 0.0; 20.8;2199; 0.8; 0.7; 0.7;47; 21.3;B;0;-;On;On;Off; 31.5; 31.0;0;1;1677;1;1677;1;1491;1;-
2026/05/03;06:59:00;-;-; 57.41; 0.3;-; 75.9; 74.9; 17.7; 0.0; 17.7;2199; 0.8; 0.7; 0.7;46; 21.3;B;0;-;On;On;Off; 31.5; 31.0;0;1;1677;1;1677;1;1491;1;-
2026/05/03;07:00:00;-;-; 57.43; 0.4;-; 75.0; 76.0; 21.6; 21.6; 0.0;2199; 0.8; 0.7; 0.7;45; 21.4;B;0;-;On;On;Off; 31.5; 31.0;0;1;1677;1;1677;1;1491;1;-
2026/05/03;07:01:00;-;-; 57.33; 0.8;-; 74.8; 74.8; 46.9; 24.6; 22.3;2199; 0.8; 0.7; 0.7;46; 21.4;B;0;-;On;On;Off; 31.5; 31.0;0;1;1677;1;1677;1;1491;1;-
2026/05/03;07:02:00;-;-; 57.43; 0.9;-; 74.8; 74.8; 50.0; 25.4; 24.6;2199; 0.8; 0.7; 0.7;45; 21.4;B;0;-;On;On;Off; 31.6; 31.1;0;1;1677;1;1677;1;1491;1;-
2026/05/03;07:03:00;-;-; 57.37; 0.8;-; 74.7; 74.7; 47.7; 24.6; 23.1;2199; 0.8; 0.7; 0.7;46; 21.4;B;0;-;On;On;Off; 31.6; 31.1;0;1;1677;1;1677;1;1491;1;-
2026/05/03;07:04:00;-;-; 57.37; 0.8;-; 74.7; 74.7; 45.4; 23.1; 22.3;2199; 0.8; 0.7; 0.7;44; 21.4;B;0;-;On;On;Off; 31.6; 31.1;0;1;1677;1;1677;1;1491;1;-
2026/05/03;07:05:00;-;-; 57.60; 0.7;-; 75.3; 75.1; 42.5; 19.3; 23.2;2199; 0.8; 0.7; 0.7;44; 21.4;B;0;-;On;On;Off; 31.6; 31.1;0;1;1677;1;1677;1;1491;1;-
2026/05/03;07:06:00;-;-; 57.76; 1.0;-; 75.1; 75.0; 59.6; 27.9; 31.8;2199; 0.8; 0.7; 0.7;45; 21.4;B;0;-;On;On;Off; 31.6; 31.1;0;1;1677;1;1677;1;1491;1;-
2026/05/03;07:07:00;-;-; 57.66; 0.8;-; 75.1; 75.0; 44.8; 20.1; 24.7;2199; 0.8; 0.7; 0.7;43; 21.4;B;0;-;On;On;Off; 31.6; 31.1;0;1;1677;1;1677;1;1491;1;-
2026/05/03;07:07:59;-;-; 57.29; 0.8;-; 74.8; 74.7; 43.8; 22.3; 21.5;2199; 0.8; 0.7; 0.7;42; 21.4;B;0;-;On;On;Off; 31.7; 31.1;0;1;1677;1;1677;1;1491;1;-
2026/05/03;07:08:59;-;-; 57.33; 0.8;-; 74.8; 74.7; 43.8; 22.3; 21.5;2199; 0.7; 0.7; 0.7;41; 21.4;B;0;-;On;On;Off; 31.7; 31.2;0;1;1677;1;1677;1;1491;1;-
2026/05/03;07:09:59;-;-; 57.31; 0.8;-; 74.8; 74.7; 44.5; 22.3; 22.3;2199; 0.7; 0.7; 0.7;41; 21.4;B;0;-;On;On;Off; 31.7; 31.2;0;1;1677;1;1677;1;1491;1;-
2026/05/03;07:10:59;-;-; 57.33; 0.7;-; 74.8; 74.8; 41.5; 20.0; 21.5;2199; 0.7; 0.7; 0.7;41; 21.4;B;0;-;On;On;Off; 31.7; 31.2;0;1;1677;1;1677;1;1491;1;-
2026/05/03;07:11:59;-;-; 57.33; 0.8;-; 74.8; 74.7; 46.1; 22.3; 23.8;2199; 0.7; 0.7; 0.7;40; 21.4;B;0;-;On;On;Off; 31.7; 31.2;0;1;1677;1;1677;1;1491;1;-
2026/05/03;07:12:59;-;-; 57.35; 0.8;-; 74.8; 74.7; 43.1; 21.5; 21.5;2199; 0.7; 0.7; 0.7;41; 21.4;B;0;-;On;On;Off; 31.7; 31.2;0;1;1677;1;1677;1;1491;1;-
2026/05/03;07:13:59;-;-; 57.39; 0.8;-; 74.9; 74.7; 43.1; 21.6; 21.6;2199; 0.7; 0.7; 0.7;40; 21.4;B;0;-;On;On;Off; 31.8; 31.2;0;1;1677;1;1677;1;1491;1;-
2026/05/03;07:14:59;-;-; 57.31; 0.8;-; 74.8; 74.7; 43.8; 21.5; 22.3;2199; 0.7; 0.7; 0.7;40; 21.4;B;0;-;On;On;Off; 31.8; 31.2;0;1;1677;1;1677;1;1491;1;-
2026/05/03;07:15:59;-;-; 57.37; 0.8;-; 74.8; 74.7; 43.8; 22.3; 21.5;2199; 0.7; 0.7; 0.7;40; 21.4;B;0;-;On;On;Off; 31.8; 31.3;0;1;1677;1;1677;1;1491;1;-
2026/05/03;07:16:59;-;-; 57.35; 0.4;-; 75.5; 74.7; 22.3; 0.0; 22.3;2199; 0.7; 0.7; 0.7;39; 21.4;B;0;-;On;On;Off; 31.8; 31.3;0;1;1677;1;1677;1;1491;1;-
2026/05/03;07:17:59;-;-; 57.41; 0.8;-; 74.9; 74.7; 43.9; 21.6; 22.3;2199; 0.7; 0.7; 0.7;39; 21.4;B;0;-;On;On;Off; 31.8; 31.3;0;1;1677;1;1677;1;1491;1;-
2026/05/03;07:18:59;-;-; 57.35; 0.7;-; 75.0; 74.7; 42.3; 21.5; 20.7;2199; 0.7; 0.7; 0.7;39; 21.4;B;0;-;On;On;Off; 31.8; 31.3;0;1;1677;1;1677;1;1491;1;-
2026/05/03;07:19:59;-;-; 57.33; 0.3;-; 74.9; 76.0; 20.0; 20.0; 0.0;2199; 0.7; 0.7; 0.7;38; 21.4;B;0;-;On;On;Off; 31.8; 31.3;0;1;1677;1;1677;1;1491;1;-
2026/05/03;07:20:59;-;-; 57.27; 0.8;-; 74.7; 74.7; 43.8; 23.8; 20.0;2199; 0.7; 0.7; 0.7;38; 21.4;B;0;-;On;On;Off; 31.8; 31.3;0;1;1677;1;1677;1;1491;1;-
2026/05/03;07:21:59;-;-; 57.27; 0.8;-; 74.7; 74.7; 43.0; 23.1; 20.0;2199; 0.7; 0.7; 0.7;38; 21.4;B;0;-;On;On;Off; 31.8; 31.3;0;1;1677;1;1677;1;1491;1;-
2026/05/03;07:22:59;-;-; 57.41; 0.8;-; 74.7; 74.7; 44.6; 24.6; 20.0;2199; 0.7; 0.6; 0.6;37; 21.4;B;0;-;On;On;Off; 31.8; 31.3;0;1;1677;1;1677;1;1491;1;-
2026/05/03;07:23:58;-;-; 57.49; 0.8;-; 74.7; 74.7; 43.2; 23.9; 19.3;2199; 0.7; 0.7; 0.7;37; 21.4;B;0;-;On;On;Off; 31.8; 31.3;0;1;1677;1;1677;1;1491;1;-
2026/05/03;07:24:58;-;-; 57.43; 0.7;-; 74.7; 74.7; 42.3; 22.3; 20.0;2199; 0.7; 0.6; 0.6;37; 21.4;B;0;-;On;On;Off; 31.8; 31.3;0;1;1677;1;1677;1;1491;1;-
2026/05/03;07:25:58;-;-; 57.52; 0.8;-; 74.7; 74.7; 44.0; 24.7; 19.3;2199; 0.7; 0.6; 0.6;36; 21.4;B;0;-;On;On;Off; 31.8; 31.3;0;1;1677;1;1677;1;1491;1;-
2026/05/03;07:26:58;-;-; 57.45; 0.7;-; 74.9; 74.7; 37.7; 18.5; 19.3;2199; 0.6; 0.6; 0.6;35; 21.4;B;0;-;On;On;Off; 31.8; 31.3;0;1;1677;1;1677;1;1491;1;-
2026/05/03;07:27:58;-;-; 57.23; 0.7;-; 74.7; 74.5; 39.9; 20.7; 19.2;2199; 0.6; 0.6; 0.6;35; 21.4;B;0;-;On;On;Off; 31.9; 31.3;0;1;1677;1;1677;1;1491;1;-
2026/05/03;07:28:58;-;-; 57.17; 0.4;-; 74.5; 75.5; 21.5; 21.5; 0.0;2199; 0.6; 0.6; 0.6;34; 21.4;B;0;-;On;On;Off; 31.9; 31.4;0;1;1677;1;1677;1;1491;1;-
2026/05/03;07:29:58;-;-; 57.15; 0.7;-; 74.6; 74.4; 39.8; 20.7; 19.2;2199; 0.6; 0.6; 0.6;34; 21.4;B;0;-;On;On;Off; 31.9; 31.3;0;1;1677;1;1677;1;1491;1;-
2026/05/03;07:30:58;-;-; 57.13; 0.4;-; 74.6; 75.6; 20.7; 20.7; 0.0;2199; 0.6; 0.6; 0.6;34; 21.4;B;0;-;On;On;Off; 31.9; 31.4;0;1;1677;1;1677;1;1491;1;-
2026/05/03;07:31:58;-;-; 57.11; 0.3;-; 75.8; 74.5; 19.2; 0.0; 19.2;2199; 0.6; 0.6; 0.6;34; 21.4;B;0;-;On;On;Off; 31.9; 31.4;0;1;1677;1;1677;1;1491;1;-
2026/05/03;07:32:58;-;-; 57.21; 0.4;-; 74.7; 75.7; 20.7; 20.7; 0.0;2199; 0.6; 0.6; 0.6;35; 21.4;B;0;-;On;On;Off; 31.9; 31.4;0;1;1677;1;1677;1;1491;1;-
2026/05/03;07:33:58;-;-; 57.15; 0.3;-; 75.9; 74.5; 18.4; 0.0; 18.4;2199; 0.6; 0.6; 0.6;34; 21.4;B;0;-;On;On;Off; 31.9; 31.4;0;1;1677;1;1677;1;1491;1;-
2026/05/03;07:34:58;-;-; 57.31; 0.7;-; 74.7; 74.6; 39.2; 21.5; 17.7;2199; 0.6; 0.6; 0.6;34; 21.4;B;0;-;On;On;Off; 31.9; 31.4;0;1;1677;1;1677;2;1492;1;-
2026/05/03;07:35:58;-;-; 57.15; 0.3;-; 75.6; 74.6; 18.4; 0.0; 18.4;2199; 0.6; 0.6; 0.6;34; 21.4;B;0;-;On;On;Off; 31.9; 31.4;0;1;1677;1;1677;2;1492;1;-
2026/05/03;07:36:58;-;-; 57.21; 0.4;-; 74.7; 75.8; 21.5; 21.5; 0.0;2199; 0.6; 0.6; 0.6;33; 21.4;B;0;-;On;On;Off; 31.9; 31.4;0;1;1677;1;1677;2;1492;1;-
2026/05/03;07:37:58;-;-; 57.19; 0.3;-; 75.4; 74.7; 19.2; 0.0; 19.2;2199; 0.6; 0.6; 0.6;33; 21.4;B;0;-;On;On;Off; 31.9; 31.4;0;1;1677;1;1677;2;1492;1;-
2026/05/03;07:38:57;-;-; 57.39; 0.4;-; 74.7; 75.8; 22.3; 22.3; 0.0;2199; 0.6; 0.6; 0.6;34; 21.4;B;0;-;On;On;Off; 31.9; 31.4;0;1;1677;1;1677;2;1492;1;-
2026/05/03;07:39:57;-;-; 57.37; 0.7;-; 74.7; 74.8; 42.4; 23.1; 19.3;2199; 0.6; 0.6; 0.6;33; 21.4;B;0;-;On;On;Off; 31.9; 31.4;0;1;1677;1;1677;2;1492;1;-
2026/05/03;07:40:57;-;-; 57.64; 0.7;-; 74.9; 75.0; 40.2; 22.4; 17.8;2199; 0.6; 0.6; 0.6;34; 21.4;B;0;-;On;On;Off; 31.9; 31.4;0;1;1677;1;1677;2;1492;1;-
2026/05/03;07:41:57;-;-; 57.56; 0.7;-; 75.1; 75.1; 41.7; 22.4; 19.3;2199; 0.6; 0.6; 0.6;34; 21.4;B;0;-;On;On;Off; 31.9; 31.4;0;1;1677;1;1677;2;1492;1;-
2026/05/03;07:42:57;-;-; 57.78; 0.9;-; 74.9; 75.1; 52.7; 27.9; 24.8;2199; 0.6; 0.6; 0.6;34; 21.4;B;0;-;On;On;Off; 31.9; 31.4;0;1;1677;1;1677;2;1492;1;-
2026/05/03;07:43:57;-;-; 57.78; 0.6;-; 75.3; 75.5; 34.8; 20.1; 14.7;2199; 0.6; 0.6; 0.6;33; 21.4;B;0;-;On;On;Off; 31.9; 31.4;0;1;1677;1;1677;2;1492;1;-
2026/05/03;07:44:57;-;-; 57.80; 0.7;-; 75.8; 75.0; 41.1; 13.9; 27.1;2199; 0.6; 0.6; 0.6;33; 21.4;B;0;-;On;On;Off; 32.0; 31.4;0;1;1677;1;1677;2;1492;1;-
2026/05/03;07:45:57;-;-; 57.37; 1.0;-; 74.8; 74.7; 60.0; 32.3; 27.7;2199; 0.6; 0.6; 0.6;33; 21.4;B;0;-;On;On;Off; 31.9; 31.4;0;1;1677;1;1677;2;1492;1;-
2026/05/03;07:46:57;-;-; 57.43; 0.3;-; 76.4; 75.2; 20.0; 0.0; 20.0;2199; 0.6; 0.6; 0.6;34; 21.4;B;0;-;On;On;Off; 31.9; 31.4;0;1;1677;1;1677;2;1492;1;-
2026/05/03;07:47:57;-;-; 57.45; 0.9;-; 75.4; 75.2; 49.3; 25.4; 23.9;2199; 0.6; 0.6; 0.6;33; 21.4;B;0;-;On;On;Off; 32.0; 31.5;0;2;1678;2;1678;2;1492;1;-
2026/05/03;07:48:57;-;-; 57.68; 0.5;-; 75.4; 76.4; 27.1; 27.1; 0.0;2199; 0.6; 0.6; 0.6;32; 21.4;B;0;-;On;On;Off; 32.0; 31.5;0;2;1678;2;1678;2;1492;1;-
2026/05/03;07:49:57;-;-; 57.80; 0.5;-; 75.8; 76.1; 28.6; 24.8; 3.9;2199; 0.6; 0.6; 0.6;33; 21.4;B;0;-;On;On;Off; 32.0; 31.5;0;2;1678;2;1678;2;1492;1;-
2026/05/03;07:50:57;-;-; 57.78; 0.6;-; 75.9; 75.8; 34.1; 18.6; 15.5;2200; 0.6; 0.6; 0.6;32; 21.4;B;0;-;On;On;Off; 32.0; 31.5;0;2;1678;2;1678;2;1492;1;-
2026/05/03;07:51:57;-;-; 57.80; 0.6;-; 75.3; 76.6; 34.1; 34.1; 0.0;2200; 0.6; 0.6; 0.6;33; 21.4;B;0;-;On;On;Off; 32.0; 31.5;0;2;1678;2;1678;2;1492;1;-
2026/05/03;07:52:57;-;-; 57.80; 0.6;-; 76.5; 75.3; 34.1; 2.3; 31.8;2200; 0.6; 0.6; 0.6;32; 21.4;B;0;-;On;On;Off; 32.0; 31.5;0;2;1678;2;1678;2;1492;1;-
2026/05/03;07:53:56;-;-; 57.80; 0.6;-; 75.4; 76.7; 32.5; 31.8; 0.8;2200; 0.6; 0.6; 0.6;32; 21.4;B;0;-;On;On;Off; 32.0; 31.5;0;2;1678;2;1678;2;1492;1;-
2026/05/03;07:54:56;-;-; 57.82; 0.6;-; 76.5; 75.3; 34.8; 10.1; 24.8;2200; 0.6; 0.6; 0.6;32; 21.4;B;0;-;On;On;Off; 32.0; 31.5;0;2;1678;2;1678;2;1492;1;-
2026/05/03;07:55:56;-;-; 57.80; 0.7;-; 75.4; 76.7; 41.9; 41.9; 0.0;2200; 0.6; 0.6; 0.6;32; 21.4;B;0;-;On;On;Off; 32.0; 31.5;0;2;1678;2;1678;2;1492;1;-
2026/05/03;07:56:56;-;-; 57.78; 0.7;-; 75.5; 76.6; 41.1; 41.1; 0.0;2200; 0.6; 0.6; 0.6;32; 21.4;B;0;-;On;On;Off; 32.1; 31.5;0;2;1678;2;1678;2;1492;1;-
2026/05/03;07:57:56;-;-; 57.80; 0.7;-; 75.3; 76.7; 39.5; 39.5; 0.0;2200; 0.6; 0.6; 0.6;33; 21.4;B;0;-;On;On;Off; 32.1; 31.5;0;2;1678;2;1678;2;1492;1;-
2026/05/03;07:58:56;-;-; 57.80; 0.6;-; 76.2; 75.3; 37.2; 4.6; 32.5;2200; 0.6; 0.6; 0.6;33; 21.4;B;0;-;On;On;Off; 32.1; 31.6;0;2;1678;2;1678;2;1492;1;-
2026/05/03;07:59:56;-;-; 57.80; 0.7;-; 76.1; 75.6; 41.1; 19.4; 21.7;2200; 0.6; 0.6; 0.6;33; 21.4;B;0;-;On;On;Off; 32.1; 31.6;0;2;1678;2;1678;2;1492;1;-
2026/05/03;08:00:56;-;-; 57.80; 0.6;-; 76.0; 75.9; 32.5; 14.0; 18.6;2200; 0.6; 0.6; 0.6;32; 21.4;B;0;-;On;On;Off; 32.1; 31.6;0;2;1678;2;1678;2;1492;1;-
2026/05/03;08:01:56;-;-; 57.80; 0.6;-; 76.3; 75.4; 35.6; 18.6; 17.0;2200; 0.6; 0.6; 0.6;32; 21.4;B;0;-;On;On;Off; 32.1; 31.6;0;2;1678;2;1678;2;1492;1;-
2026/05/03;08:02:56;-;-; 57.80; 0.6;-; 76.9; 75.4; 34.1; 0.0; 34.1;2200; 0.6; 0.6; 0.6;32; 21.4;B;0;-;On;On;Off; 32.1; 31.6;0;2;1678;2;1678;2;1492;1;-
2026/05/03;08:03:56;-;-; 57.80; 0.6;-; 75.6; 76.8; 35.7; 35.7; 0.0;2200; 0.6; 0.6; 0.6;32; 21.4;B;0;-;On;On;Off; 32.1; 31.6;0;2;1678;2;1678;2;1492;1;-
2026/05/03;08:04:56;-;-; 57.80; 0.6;-; 76.8; 75.7; 36.4; 20.1; 16.3;2200; 0.6; 0.6; 0.6;32; 21.4;B;0;-;On;On;Off; 32.1; 31.6;0;2;1678;2;1678;2;1492;1;-
2026/05/03;08:05:56;-;-; 57.80; 0.7;-; 76.4; 76.0; 37.9; 20.9; 17.0;2200; 0.6; 0.6; 0.6;32; 21.4;B;0;-;On;On;Off; 32.1; 31.6;0;2;1678;2;1678;2;1492;1;-
2026/05/03;08:06:56;-;-; 57.80; 0.6;-; 77.0; 75.9; 35.7; 0.0; 35.7;2200; 0.6; 0.6; 0.6;32; 21.4;B;0;-;On;On;Off; 32.1; 31.6;0;2;1678;2;1678;2;1492;1;-
2026/05/03;08:07:56;-;-; 57.82; 0.6;-; 77.1; 75.8; 32.5; 2.3; 30.2;2200; 0.6; 0.6; 0.6;32; 21.4;B;0;-;On;On;Off; 32.1; 31.6;0;2;1678;2;1678;2;1492;1;-
2026/05/03;08:08:55;-;-; 57.80; 1.0;-; 77.2; 75.3; 55.8; 0.0; 55.8;2200; 0.6; 0.6; 0.6;32; 21.4;B;0;-;On;On;Off; 32.1; 31.7;0;2;1678;2;1678;2;1492;1;-
2026/05/03;08:09:55;-;-; 57.82; 0.7;-; 77.0; 75.5; 42.7; 0.0; 42.7;2200; 0.6; 0.6; 0.6;32; 21.4;B;0;-;On;On;Off; 32.2; 31.6;0;2;1678;2;1678;2;1492;1;-
2026/05/03;08:10:55;-;-; 57.78; 0.8;-; 76.8; 75.4; 43.4; 0.0; 43.4;2200; 0.6; 0.6; 0.6;32; 21.4;B;0;-;On;On;Off; 32.2; 31.6;0;2;1678;2;1678;2;1492;1;-
2026/05/03;08:11:55;-;-; 57.80; 0.5;-; 76.2; 76.2; 31.8; 10.1; 21.7;2200; 0.6; 0.6; 0.6;32; 21.4;B;0;-;On;On;Off; 32.1; 31.7;0;2;1678;2;1678;2;1492;1;-
2026/05/03;08:12:55;-;-; 57.80; 0.6;-; 76.6; 76.0; 32.5; 29.5; 3.1;2200; 0.6; 0.6; 0.6;32; 21.4;B;0;-;On;On;Off; 32.2; 31.7;0;2;1678;2;1678;2;1492;1;-
2026/05/03;08:13:55;-;-; 57.80; 0.6;-; 76.4; 76.2; 33.3; 6.2; 27.1;2200; 0.6; 0.6; 0.6;31; 21.4;B;0;-;On;On;Off; 32.2; 31.7;0;2;1678;2;1678;2;1492;1;-
2026/05/03;08:14:55;-;-; 57.80; 0.7;-; 77.2; 75.5; 40.3; 0.0; 40.3;2200; 0.6; 0.6; 0.6;31; 21.4;B;0;-;On;On;Off; 32.2; 31.7;0;2;1678;2;1678;2;1492;1;-
2026/05/03;08:15:55;-;-; 57.82; 0.9;-; 76.9; 75.7; 54.3; 0.0; 54.3;2200; 0.6; 0.6; 0.6;32; 21.4;B;0;-;On;On;Off; 32.2; 31.7;0;2;1678;2;1678;2;1492;1;-
2026/05/03;08:16:55;-;-; 57.80; 0.7;-; 76.2; 76.3; 38.7; 27.9; 10.8;2200; 0.6; 0.6; 0.6;31; 21.4;B;0;-;On;On;Off; 32.2; 31.7;0;2;1678;2;1678;2;1492;1;-
2026/05/03;08:17:55;-;-; 57.80; 0.7;-; 76.1; 76.0; 38.0; 29.5; 8.5;2200; 0.6; 0.6; 0.6;31; 21.4;B;0;-;On;On;Off; 32.2; 31.7;0;2;1678;2;1678;2;1492;1;-
2026/05/03;08:18:55;-;-; 57.80; 0.6;-; 75.4; 76.3; 36.4; 34.1; 2.3;2200; 0.5; 0.6; 0.6;31; 21.4;B;0;-;On;On;Off; 32.2; 31.7;0;2;1678;2;1678;2;1492;1;-
2026/05/03;08:19:55;-;-; 57.80; 0.6;-; 75.9; 75.6; 35.7; 21.7; 14.0;2200; 0.5; 0.6; 0.6;30; 21.4;B;0;-;On;On;Off; 32.2; 31.7;0;2;1678;2;1678;2;1492;1;-
2026/05/03;08:20:55;-;-; 57.80; 0.6;-; 75.4; 75.3; 35.7; 16.3; 19.4;2200; 0.5; 0.6; 0.6;30; 21.4;B;0;-;On;On;Off; 32.2; 31.7;0;2;1678;2;1678;2;1492;1;-
2026/05/03;08:21:55;-;-; 57.43; 1.5;-; 74.7; 74.6; 84.0; 42.4; 41.6;2200; 0.5; 0.6; 0.6;30; 21.4;B;0;-;On;On;Off; 32.2; 31.7;0;2;1678;2;1678;2;1492;1;-
2026/05/03;08:22:55;-;-; 57.50; 0.4;-; 75.1; 76.0; 21.6; 21.6; 0.0;2200; 0.5; 0.6; 0.6;30; 21.4;B;0;-;On;On;Off; 32.2; 31.7;0;2;1678;2;1678;2;1492;1;-
2026/05/03;08:23:54;-;-; 57.33; 0.7;-; 75.0; 74.7; 41.5; 20.7; 20.7;2200; 0.5; 0.6; 0.6;30; 21.4;B;0;-;On;On;Off; 32.2; 31.7;0;2;1678;2;1678;2;1492;1;-
2026/05/03;08:24:54;-;-; 57.31; 0.4;-; 74.8; 76.0; 21.5; 21.5; 0.0;2200; 0.5; 0.6; 0.6;30; 21.4;B;0;-;On;On;Off; 32.2; 31.7;0;2;1678;2;1678;2;1492;1;-
2026/05/03;08:25:54;-;-; 57.37; 0.4;-; 74.7; 75.9; 24.6; 24.6; 0.0;2200; 0.5; 0.6; 0.6;30; 21.4;B;0;-;On;On;Off; 32.2; 31.7;0;2;1678;2;1678;2;1492;1;-
2026/05/03;08:26:54;-;-; 57.47; 0.4;-; 76.2; 74.8; 20.8; 0.0; 20.8;2200; 0.6; 0.6; 0.6;31; 21.4;B;0;-;On;On;Off; 32.2; 31.7;0;2;1678;2;1678;2;1492;1;-
2026/05/03;08:27:54;-;-; 57.39; 0.3;-; 75.1; 76.0; 20.0; 20.0; 0.0;2200; 0.6; 0.6; 0.6;31; 21.4;B;0;-;On;On;Off; 32.2; 31.7;0;2;1678;2;1678;2;1492;1;-
2026/05/03;08:28:54;-;-; 57.56; 0.4;-; 76.4; 74.9; 21.6; 0.0; 21.6;2200; 0.6; 0.6; 0.6;31; 21.4;B;0;-;On;On;Off; 32.2; 31.7;0;2;1678;2;1678;2;1492;1;-
2026/05/03;08:29:54;-;-; 57.78; 0.6;-; 75.4; 75.2; 36.4; 20.1; 16.3;2200; 0.6; 0.6; 0.6;31; 21.4;B;0;-;On;On;Off; 32.2; 31.7;0;2;1678;2;1678;2;1492;1;-
2026/05/03;08:30:54;-;-; 57.64; 1.0;-; 75.1; 75.0; 57.2; 28.6; 28.6;2200; 0.5; 0.6; 0.6;29; 21.4;B;0;-;On;On;Off; 32.2; 31.7;0;2;1678;2;1678;2;1492;1;-
2026/05/03;08:31:54;-;-; 57.80; 0.6;-; 75.5; 75.2; 37.2; 18.6; 18.6;2200; 0.6; 0.6; 0.6;32; 21.4;B;0;-;On;On;Off; 32.2; 31.7;0;2;1678;2;1678;2;1492;1;-
2026/05/03;08:32:54;-;-; 57.25; 0.5;-; 75.3; 75.2; 26.9; 19.2; 7.7;2200; 0.6; 0.6; 0.6;31; 21.4;B;0;-;On;On;Off; 32.2; 31.7;0;2;1678;2;1678;2;1492;1;-
2026/05/03;08:33:54;-;-; 57.80; 0.6;-; 75.4; 75.4; 34.1; 20.1; 13.9;2200; 0.6; 0.6; 0.6;31; 21.4;B;0;-;On;On;Off; 32.3; 31.7;0;2;1678;2;1678;2;1492;1;-
2026/05/03;08:34:54;-;-; 57.31; 0.8;-; 75.4; 75.7; 43.1; 30.8; 12.3;2200; 0.5; 0.6; 0.6;30; 21.4;B;0;-;On;On;Off; 32.3; 31.7;0;2;1678;2;1678;2;1492;1;-
2026/05/03;08:35:54;-;-; 57.80; 0.7;-; 75.6; 75.9; 37.9; 28.7; 9.3;2200; 0.5; 0.6; 0.6;31; 21.4;B;0;-;On;On;Off; 32.3; 31.8;0;2;1678;2;1678;2;1492;1;-
2026/05/03;08:36:54;-;-; 57.80; 0.6;-; 75.4; 76.2; 34.9; 31.8; 3.1;2200; 0.5; 0.6; 0.6;30; 21.4;B;0;-;On;On;Off; 32.3; 31.7;0;2;1678;2;1678;2;1492;1;-
2026/05/03;08:37:54;-;-; 57.82; 0.6;-; 75.4; 76.3; 36.4; 26.3; 10.1;2200; 0.6; 0.6; 0.6;31; 21.4;B;0;-;On;On;Off; 32.3; 31.8;0;2;1678;2;1678;2;1492;1;-
2026/05/03;08:38:53;-;-; 57.80; 0.5;-; 76.1; 76.0; 29.4; 17.0; 12.4;2200; 0.6; 0.6; 0.6;31; 21.4;B;0;-;On;On;Off; 32.3; 31.8;0;2;1678;2;1678;2;1492;1;-
2026/05/03;08:39:53;-;-; 57.82; 0.8;-; 76.7; 75.4; 44.2; 0.0; 44.2;2200; 0.5; 0.6; 0.6;30; 21.4;B;0;-;On;On;Off; 32.3; 31.8;0;2;1678;2;1678;2;1492;1;-
2026/05/03;08:40:53;-;-; 57.82; 0.6;-; 76.4; 75.6; 34.0; 17.0; 17.0;2200; 0.5; 0.6; 0.6;31; 21.4;B;0;-;On;On;Off; 32.3; 31.8;0;2;1678;2;1678;2;1492;1;-
2026/05/03;08:41:53;-;-; 57.80; 0.8;-; 76.7; 75.3; 46.5; 0.0; 46.5;2200; 0.5; 0.6; 0.6;30; 21.4;B;0;-;On;On;Off; 32.3; 31.8;0;2;1678;2;1678;2;1492;1;-
2026/05/03;08:42:53;-;-; 57.80; 0.5;-; 75.3; 75.9; 31.7; 26.3; 5.4;2200; 0.5; 0.6; 0.6;30; 21.4;B;0;-;On;On;Off; 32.3; 31.8;0;2;1678;2;1678;2;1492;1;-
2026/05/03;08:43:53;-;-; 57.80; 0.6;-; 75.7; 75.2; 32.5; 12.4; 20.1;2200; 0.5; 0.6; 0.6;30; 21.4;B;0;-;On;On;Off; 32.3; 31.8;0;2;1678;2;1678;2;1492;1;-
2026/05/03;08:44:53;-;-; 57.60; 0.3;-; 76.3; 75.2; 16.2; 0.0; 16.2;2200; 0.6; 0.6; 0.6;31; 21.4;B;0;-;On;On;Off; 32.3; 31.8;0;2;1678;2;1678;2;1492;1;-
2026/05/03;08:45:53;-;-; 57.43; 0.3;-; 76.1; 75.0; 19.3; 0.0; 19.3;2200; 0.5; 0.6; 0.6;30; 21.4;B;0;-;On;On;Off; 32.3; 31.7;0;2;1678;2;1678;2;1492;1;-
2026/05/03;08:46:53;-;-; 57.78; 0.6;-; 75.4; 75.2; 32.5; 16.3; 16.3;2200; 0.5; 0.6; 0.6;29; 21.4;B;0;-;On;On;Off; 32.3; 31.8;0;2;1678;2;1678;2;1492;1;-
2026/05/03;08:47:53;-;-; 57.19; 1.0;-; 75.0; 74.6; 54.5; 21.5; 33.0;2200; 0.5; 0.6; 0.6;29; 21.4;B;0;-;On;On;Off; 32.3; 31.8;0;2;1678;2;1678;2;1492;1;-
2026/05/03;08:48:53;-;-; 57.78; 0.9;-; 75.4; 75.0; 54.2; 25.6; 28.7;2200; 0.5; 0.6; 0.6;30; 21.4;B;0;-;On;On;Off; 32.3; 31.8;0;2;1678;2;1678;2;1492;1;-
2026/05/03;08:49:53;-;-; 57.80; 0.5;-; 75.6; 75.2; 31.8; 17.8; 13.9;2200; 0.5; 0.6; 0.6;29; 21.4;B;0;-;On;On;Off; 32.3; 31.8;0;2;1678;2;1678;2;1492;1;-
2026/05/03;08:50:53;-;-; 57.54; 1.5;-; 75.1; 74.7; 88.8; 43.2; 45.5;2201; 0.5; 0.6; 0.6;30; 21.4;B;0;-;On;On;Off; 32.3; 31.8;0;2;1678;2;1678;2;1492;1;-
2026/05/03;08:51:53;-;-; 57.80; 0.6;-; 75.4; 75.9; 33.3; 28.7; 4.6;2201; 0.5; 0.6; 0.6;29; 21.4;B;0;-;On;On;Off; 32.3; 31.8;0;2;1678;2;1678;2;1492;1;-
2026/05/03;08:52:53;-;-; 57.78; 0.5;-; 75.5; 76.5; 31.0; 31.0; 0.0;2201; 0.5; 0.6; 0.6;29; 21.4;B;0;-;On;On;Off; 32.3; 31.8;0;2;1678;2;1678;2;1492;1;-
2026/05/03;08:53:52;-;-; 57.78; 0.8;-; 75.3; 75.9; 44.2; 39.5; 4.6;2201; 0.5; 0.6; 0.6;29; 21.4;B;0;-;On;On;Off; 32.3; 31.8;0;2;1678;2;1678;2;1492;1;-
2026/05/03;08:54:52;-;-; 57.62; 1.5;-; 75.1; 74.9; 88.9; 43.3; 45.6;2201; 0.5; 0.6; 0.6;30; 21.4;B;0;-;On;On;Off; 32.3; 31.8;0;2;1678;2;1678;2;1492;1;-
2026/05/03;08:55:52;-;-; 57.31; 0.5;-; 76.5; 75.3; 27.7; 0.0; 27.7;2201; 0.5; 0.6; 0.6;30; 21.4;B;0;-;On;On;Off; 32.3; 31.8;0;2;1678;2;1678;2;1492;1;-
2026/05/03;08:56:52;-;-; 57.29; 0.9;-; 74.8; 75.3; 52.2; 32.2; 20.0;2201; 0.5; 0.6; 0.6;29; 21.4;B;0;-;On;On;Off; 32.3; 31.8;0;2;1678;2;1678;2;1492;1;-
2026/05/03;08:57:52;-;-; 57.74; 0.7;-; 75.1; 75.1; 40.2; 22.4; 17.8;2201; 0.5; 0.6; 0.6;29; 21.4;B;0;-;On;On;Off; 32.3; 31.8;0;2;1678;2;1678;2;1492;1;-
2026/05/03;08:58:52;-;-; 57.64; 0.7;-; 75.1; 74.9; 37.8; 17.0; 20.8;2201; 0.5; 0.6; 0.6;30; 21.4;B;0;-;On;On;Off; 32.3; 31.8;0;2;1678;2;1678;2;1492;1;-
2026/05/03;08:59:52;-;-; 57.47; 0.6;-; 74.8; 74.7; 36.2; 20.0; 16.2;2201; 0.5; 0.6; 0.6;28; 21.4;B;0;-;On;On;Off; 32.3; 31.8;0;2;1678;2;1678;2;1492;1;-
2026/05/03;09:00:52;-;-; 57.17; 0.7;-; 74.6; 74.3; 38.3; 17.6; 20.7;2201; 0.5; 0.6; 0.6;28; 21.4;B;0;-;On;On;Off; 32.3; 31.8;0;2;1678;2;1678;2;1492;1;-
2026/05/03;09:01:52;-;-; 56.91; 0.3;-; 74.3; 75.2; 19.1; 19.1; 0.0;2201; 0.5; 0.6; 0.6;28; 21.4;B;0;-;On;On;Off; 32.3; 31.7;0;2;1678;2;1678;2;1492;1;-
2026/05/03;09:02:52;-;-; 56.68; 0.3;-; 75.2; 73.8; 19.8; 0.0; 19.8;2201; 0.5; 0.6; 0.6;28; 21.4;B;0;-;On;On;Off; 32.3; 31.8;0;2;1678;2;1678;2;1492;1;-
2026/05/03;09:03:52;-;-; 56.58; 0.3;-; 73.9; 74.9; 19.7; 19.7; 0.0;2201; 0.5; 0.6; 0.6;27; 21.4;B;0;-;On;On;Off; 32.2; 31.7;0;2;1678;2;1678;2;1492;1;-
2026/05/03;09:04:52;-;-; 56.30; 0.3;-; 74.9; 73.3; 18.1; 0.0; 18.1;2201; 0.5; 0.6; 0.6;27; 21.4;B;0;-;On;On;Off; 32.2; 31.7;0;2;1678;2;1678;2;1492;1;-
2026/05/03;09:05:52;-;-; 55.83; 0.6;-; 73.1; 73.0; 32.9; 17.2; 15.7;2201; 0.5; 0.6; 0.6;27; 21.4;B;0;-;On;On;Off; 32.2; 31.7;0;2;1678;2;1678;2;1492;1;-
2026/05/03;09:06:52;-;-; 55.18; 0.0;-; 72.8; 72.7; 0.7; 0.0; 0.7;2201; 0.5; 0.5; 0.5;25; 21.4;B;0;-;On;On;Off; 30.6; 31.6;0;2;1678;2;1678;2;1492;1;-
2026/05/03;09:07:52;-;-; 54.35; 0.0;-; 72.2; 72.0; 0.7; 0.0; 0.7;2201; 0.2; 0.3; 0.3;10; 21.4;B;0;-;On;On;Off; 29.7; 29.3;0;2;1678;2;1678;2;1492;1;-
2026/05/03;09:08:51;-;-; 54.62; 0.6;-; 71.3; 71.1; 35.1; 17.6; 17.6;2201;-0.1; 0.0; 0.0;-6; 21.4;B;0;-;On;On;Off; 31.1; 30.0;0;2;1678;2;1678;2;1492;1;-
2026/05/03;09:09:51;-;-; 55.22; 0.3;-; 73.3; 71.9; 17.7; 0.0; 17.7;2201; 0.4; 0.5; 0.5;23; 21.4;B;0;-;On;On;Off; 31.5; 31.0;0;2;1678;2;1678;2;1492;1;-
2026/05/03;09:10:51;-;-; 55.93; 0.4;-; 73.1; 73.7; 23.2; 22.5; 0.7;2201; 0.6; 0.6; 0.6;32; 21.4;B;0;-;On;On;Off; 31.5; 29.4;0;2;1678;2;1678;2;1492;1;-
2026/05/03;09:11:51;-;-; 56.48; 0.4;-; 73.8; 74.3; 23.5; 22.7; 0.7;2201; 0.4; 0.4; 0.4;21; 21.4;B;0;-;On;On;Off; 31.4; 29.0;0;2;1678;2;1678;2;1492;1;-
2026/05/03;09:12:51;-;-; 57.05; 0.6;-; 74.5; 74.0; 33.6; 13.0; 20.6;2201; 0.4; 0.4; 0.4;21; 21.4;B;0;-;On;On;Off; 31.5; 30.8;0;2;1678;2;1678;2;1492;1;-
2026/05/03;09:13:51;-;-; 57.03; 0.6;-; 74.6; 74.4; 34.4; 16.8; 17.6;2201; 0.6; 0.6; 0.6;31; 21.4;B;0;-;On;On;Off; 31.6; 31.1;0;2;1678;2;1678;2;1492;1;-
2026/05/03;09:14:51;-;-; 56.97; 0.6;-; 74.5; 74.2; 35.9; 18.3; 17.6;2201; 0.5; 0.6; 0.6;30; 21.4;B;0;-;On;On;Off; 31.7; 31.1;0;2;1678;2;1678;2;1492;1;-
2026/05/03;09:15:51;-;-; 56.68; 0.7;-; 74.1; 74.0; 38.0; 22.0; 16.0;2201; 0.5; 0.6; 0.6;29; 21.4;B;0;-;On;On;Off; 31.7; 31.2;0;2;1678;2;1678;2;1492;1;-
2026/05/03;09:16:51;-;-; 56.46; 0.3;-; 73.9; 74.7; 19.7; 19.7; 0.0;2201; 0.5; 0.6; 0.6;29; 21.4;B;0;-;On;On;Off; 31.8; 31.2;0;2;1678;2;1678;2;1492;1;-
2026/05/03;09:17:51;-;-; 56.44; 0.7;-; 73.6; 73.7; 38.6; 20.4; 18.1;2201; 0.5; 0.6; 0.6;28; 21.4;B;0;-;On;On;Off; 31.8; 31.2;0;2;1678;2;1678;3;1493;1;-
2026/05/03;09:18:51;-;-; 56.52; 0.7;-; 73.5; 73.5; 38.7; 19.7; 19.0;2201; 0.5; 0.6; 0.6;27; 21.4;B;0;-;On;On;Off; 31.8; 31.3;0;2;1678;2;1678;3;1493;1;-
2026/05/03;09:19:51;-;-; 56.52; 0.4;-; 73.7; 74.2; 22.7; 22.0; 0.7;2201; 0.5; 0.6; 0.6;28; 21.4;B;0;-;On;On;Off; 31.6; 29.5;0;2;1678;2;1678;3;1493;1;-
2026/05/03;09:20:51;-;-; 56.64; 0.4;-; 74.0; 74.4; 22.8; 22.0; 0.7;2201; 0.3; 0.4; 0.4;17; 21.4;B;0;-;On;On;Off; 31.4; 29.0;0;2;1678;2;1678;3;1493;1;-
2026/05/03;09:21:51;-;-; 56.91; 0.7;-; 74.6; 74.3; 38.1; 18.3; 19.8;2201; 0.3; 0.4; 0.4;19; 21.4;B;0;-;On;On;Off; 31.5; 30.9;0;2;1678;2;1678;3;1493;1;-
2026/05/03;09:22:51;-;-; 57.25; 0.7;-; 74.6; 74.7; 41.4; 23.0; 18.4;2201; 0.6; 0.6; 0.6;30; 21.4;B;0;-;On;On;Off; 31.6; 31.1;0;2;1678;2;1678;3;1493;1;-
2026/05/03;09:23:50;-;-; 57.19; 0.7;-; 74.3; 74.4; 40.6; 22.2; 18.4;2201; 0.5; 0.6; 0.6;30; 21.4;B;0;-;On;On;Off; 31.7; 31.2;0;2;1678;2;1678;3;1493;1;-
2026/05/03;09:24:50;-;-; 56.85; 0.7;-; 74.0; 74.0; 38.1; 20.6; 17.5;2201; 0.5; 0.6; 0.6;27; 21.4;B;0;-;On;On;Off; 31.7; 31.2;0;2;1678;2;1678;3;1493;1;-
2026/05/03;09:25:50;-;-; 56.58; 0.6;-; 73.8; 73.6; 36.4; 19.0; 17.5;2201; 0.5; 0.6; 0.6;27; 21.4;B;0;-;On;On;Off; 31.7; 31.2;0;2;1678;2;1678;3;1493;1;-
2026/05/03;09:26:50;-;-; 56.42; 0.5;-; 73.8; 73.5; 30.2; 15.9; 14.4;2201; 0.5; 0.6; 0.6;26; 21.4;B;0;-;On;On;Off; 31.8; 31.2;0;2;1678;2;1678;3;1493;1;-
2026/05/03;09:27:50;-;-; 55.93; 0.4;-; 73.1; 73.6; 20.2; 19.5; 0.7;2201; 0.4; 0.5; 0.5;23; 21.4;B;0;-;On;On;Off; 31.5; 29.2;0;2;1678;2;1678;3;1493;1;-
2026/05/03;09:28:50;-;-; 55.91; 0.6;-; 72.9; 72.9; 35.2; 18.0; 17.2;2201; 0.3; 0.3; 0.3;13; 21.4;B;0;-;On;On;Off; 31.3; 29.9;0;2;1678;2;1678;3;1493;1;-
2026/05/03;09:29:50;-;-; 55.91; 0.7;-; 72.9; 72.9; 37.5; 18.8; 18.8;2201; 0.4; 0.4; 0.4;20; 21.4;B;0;-;On;On;Off; 31.5; 30.9;0;2;1678;2;1678;3;1493;1;-
2026/05/03;09:30:50;-;-; 55.10; 0.0;-; 74.0; 73.8; 0.7; 0.0; 0.7;2201; 0.5; 0.6; 0.6;28; 21.4;B;0;-;On;On;Off; 29.9; 29.3;0;2;1678;2;1678;3;1493;1;-
2026/05/03;09:31:50;-;-; 54.25; 0.0;-; 74.2; 74.0; 0.0; 0.0; 0.0;2201; 0.1; 0.2; 0.2;2; 21.4;B;0;-;On;On;Off; 29.0; 28.6;0;2;1678;2;1678;3;1493;1;-
2026/05/03;09:32:50;-;-; 56.54; 0.6;-; 73.6; 73.5; 35.6; 18.2; 17.4;2201;-0.1; 0.0; 0.0;-6; 21.4;B;0;-;On;On;Off; 30.8; 30.3;0;2;1678;2;1678;3;1493;1;-
2026/05/03;09:33:50;-;-; 56.74; 0.7;-; 74.1; 73.9; 38.0; 19.8; 18.2;2201; 0.8; 0.7; 0.7;44; 21.4;B;0;-;On;On;Off; 31.2; 30.6;0;3;1679;3;1679;3;1493;1;-
2026/05/03;09:34:50;-;-; 56.87; 0.7;-; 74.2; 74.1; 39.6; 20.6; 19.1;2201; 0.6; 0.6; 0.6;31; 21.4;B;0;-;On;On;Off; 31.3; 30.8;0;3;1679;3;1679;3;1493;1;-
2026/05/03;09:35:50;-;-; 56.97; 0.7;-; 74.2; 74.1; 39.0; 19.9; 19.1;2201; 0.5; 0.6; 0.6;30; 21.4;B;0;-;On;On;Off; 31.4; 30.9;0;3;1679;3;1679;3;1493;1;-
2026/05/03;09:36:50;-;-; 57.21; 0.7;-; 74.4; 74.3; 41.4; 22.2; 19.2;2201; 0.5; 0.6; 0.6;29; 21.4;B;0;-;On;On;Off; 31.4; 30.9;0;3;1679;3;1679;3;1493;1;-
2026/05/03;09:37:50;-;-; 57.31; 0.7;-; 74.5; 74.5; 41.5; 22.3; 19.2;2201; 0.5; 0.6; 0.6;29; 21.4;B;0;-;On;On;Off; 31.5; 31.0;0;3;1679;3;1679;3;1493;1;-
2026/05/03;09:38:49;-;-; 57.47; 0.7;-; 74.5; 74.6; 42.4; 23.1; 19.3;2201; 0.5; 0.6; 0.6;30; 21.4;B;0;-;On;On;Off; 31.5; 31.0;0;3;1679;3;1679;3;1493;1;-
2026/05/03;09:39:49;-;-; 57.41; 0.5;-; 74.8; 74.5; 30.8; 10.7; 20.0;2201; 0.5; 0.6; 0.6;28; 21.4;B;0;-;On;On;Off; 31.6; 31.1;0;3;1679;3;1679;3;1493;1;-
2026/05/03;09:40:49;-;-; 57.39; 0.5;-; 74.9; 74.5; 26.9; 8.4; 18.4;2201; 0.5; 0.6; 0.6;29; 21.4;B;0;-;On;On;Off; 31.6; 31.1;0;3;1679;3;1679;3;1493;1;-
2026/05/03;09:41:49;-;-; 57.11; 0.2;-; 75.5; 74.6; 13.8; 0.0; 13.8;2201; 0.5; 0.6; 0.6;28; 21.4;B;0;-;On;On;Off; 31.6; 31.1;0;3;1679;3;1679;3;1493;1;-
2026/05/03;09:42:49;-;-; 56.85; 0.3;-; 75.4; 74.1; 17.5; 0.0; 17.5;2201; 0.5; 0.6; 0.6;29; 21.4;B;0;-;On;On;Off; 31.6; 31.1;0;3;1679;3;1679;3;1493;1;-
2026/05/03;09:43:49;-;-; 56.62; 0.6;-; 74.0; 73.8; 36.4; 18.2; 18.2;2201; 0.5; 0.6; 0.6;27; 21.4;B;0;-;On;On;Off; 31.7; 31.2;0;3;1679;3;1679;3;1493;1;-
2026/05/03;09:44:49;-;-; 56.42; 0.4;-; 73.7; 74.2; 22.7; 21.9; 0.7;2201; 0.5; 0.6; 0.6;28; 21.4;B;0;-;On;On;Off; 31.7; 30.7;0;3;1679;3;1679;3;1493;1;-
2026/05/03;09:45:49;-;-; 56.56; 0.4;-; 73.7; 74.2; 21.2; 21.2; 0.0;2201; 0.4; 0.5; 0.5;23; 21.4;B;0;-;On;On;Off; 31.4; 29.1;0;3;1679;3;1679;3;1493;1;-
2026/05/03;09:46:49;-;-; 56.68; 0.7;-; 74.0; 73.7; 38.8; 19.0; 19.8;2201; 0.3; 0.3; 0.3;16; 21.4;B;0;-;On;On;Off; 31.3; 30.3;0;3;1679;3;1679;3;1493;1;-
2026/05/03;09:47:49;-;-; 56.68; 0.7;-; 74.1; 73.9; 38.0; 19.8; 18.2;2201; 0.4; 0.5; 0.5;24; 21.4;B;0;-;On;On;Off; 31.5; 30.9;0;3;1679;3;1679;3;1493;1;-
2026/05/03;09:48:49;-;-; 56.75; 0.4;-; 74.0; 74.5; 22.1; 21.3; 0.7;2201; 0.5; 0.6; 0.6;28; 21.4;B;0;-;On;On;Off; 31.4; 29.3;0;3;1679;3;1679;3;1493;1;-
2026/05/03;09:49:49;-;-; 56.95; 0.4;-; 74.2; 74.7; 23.7; 22.9; 0.7;2201; 0.3; 0.4; 0.4;18; 21.4;B;0;-;On;On;Off; 31.2; 28.8;0;3;1679;3;1679;3;1493;1;-
2026/05/03;09:50:49;-;-; 57.03; 0.3;-; 75.6; 74.3; 17.6; 0.0; 17.6;2202; 0.3; 0.4; 0.4;16; 21.4;B;0;-;On;On;Off; 31.3; 30.6;0;3;1679;3;1679;3;1493;1;-
2026/05/03;09:51:49;-;-; 57.23; 0.7;-; 74.6; 74.4; 40.7; 19.2; 21.5;2202; 0.5; 0.6; 0.6;29; 21.4;B;0;-;On;On;Off; 31.4; 30.9;0;3;1679;3;1679;3;1493;1;-
2026/05/03;09:52:49;-;-; 57.45; 0.7;-; 74.7; 74.5; 42.4; 19.3; 23.1;2202; 0.5; 0.6; 0.6;29; 21.4;B;0;-;On;On;Off; 31.5; 30.9;0;3;1679;3;1679;3;1493;1;-
2026/05/03;09:53:48;-;-; 57.50; 0.7;-; 74.8; 74.6; 42.4; 18.5; 23.9;2202; 0.5; 0.6; 0.6;29; 21.4;B;0;-;On;On;Off; 31.5; 31.0;0;3;1679;3;1679;3;1493;1;-
2026/05/03;09:54:48;-;-; 57.60; 0.7;-; 74.8; 74.5; 42.5; 19.3; 23.2;2202; 0.5; 0.6; 0.6;29; 21.4;B;0;-;On;On;Off; 31.6; 31.1;0;3;1679;3;1679;3;1493;1;-
2026/05/03;09:55:48;-;-; 57.66; 0.7;-; 74.9; 74.7; 42.5; 18.5; 24.0;2202; 0.5; 0.6; 0.6;29; 21.4;B;0;-;On;On;Off; 31.6; 31.1;0;3;1679;3;1679;3;1493;1;-
2026/05/03;09:56:48;-;-; 57.54; 0.7;-; 75.2; 74.8; 42.5; 19.3; 23.2;2202; 0.5; 0.6; 0.6;29; 21.4;B;0;-;On;On;Off; 31.7; 31.1;0;3;1679;3;1679;3;1493;1;-
2026/05/03;09:57:48;-;-; 57.64; 0.8;-; 75.0; 75.0; 44.0; 23.2; 20.8;2202; 0.5; 0.6; 0.6;29; 21.4;B;0;-;On;On;Off; 31.7; 31.2;0;3;1679;3;1679;3;1493;1;-
2026/05/03;09:58:48;-;-; 57.52; 0.7;-; 75.0; 74.9; 42.4; 18.5; 23.9;2202; 0.5; 0.6; 0.6;30; 21.4;B;0;-;On;On;Off; 31.7; 31.2;0;3;1679;3;1679;3;1493;1;-
2026/05/03;09:59:48;-;-; 57.39; 0.7;-; 74.7; 74.8; 41.6; 21.6; 20.0;2202; 0.5; 0.6; 0.6;29; 21.4;B;0;-;On;On;Off; 31.8; 31.2;0;3;1679;3;1679;3;1493;1;-
2026/05/03;10:00:48;-;-; 57.29; 0.7;-; 74.8; 74.6; 41.5; 19.2; 22.3;2202; 0.5; 0.6; 0.6;28; 21.4;B;0;-;On;On;Off; 31.8; 31.3;0;3;1679;3;1679;3;1493;1;-
2026/05/03;10:01:48;-;-; 57.45; 0.4;-; 76.3; 74.8; 21.6; 0.0; 21.6;2202; 0.5; 0.6; 0.6;28; 21.4;B;0;-;On;On;Off; 31.8; 31.3;0;3;1679;3;1679;3;1493;1;-
2026/05/03;10:02:48;-;-; 57.41; 0.0;-; 76.5; 76.4; 0.0; 0.0; 0.0;2202; 0.5; 0.6; 0.6;29; 21.4;B;0;-;On;On;Off; 31.8; 31.3;0;3;1679;3;1679;3;1493;1;-
2026/05/03;10:03:48;-;-; 57.74; 0.0;-; 76.6; 76.5; 0.0; 0.0; 0.0;2202; 0.5; 0.6; 0.6;29; 21.4;B;0;-;On;On;Off; 31.9; 31.3;0;3;1679;3;1679;3;1493;1;-
2026/05/03;10:04:48;-;-; 57.80; 0.6;-; 76.0; 76.3; 34.0; 24.8; 9.3;2202; 0.6; 0.6; 0.6;31; 21.4;B;0;-;On;On;Off; 31.9; 31.4;0;3;1679;3;1679;3;1493;1;-
2026/05/03;10:05:48;-;-; 57.80; 0.5;-; 76.6; 76.9; 29.5; 27.2; 2.3;2202; 0.5; 0.6; 0.6;30; 21.4;B;0;-;On;On;Off; 31.9; 31.4;0;3;1679;3;1679;3;1493;1;-
2026/05/03;10:06:48;-;-; 57.80; 0.5;-; 77.1; 77.4; 29.5; 3.9; 25.6;2202; 0.5; 0.6; 0.6;29; 21.4;B;0;-;On;On;Off; 31.9; 31.5;0;3;1679;3;1679;3;1493;1;-
2026/05/03;10:07:48;-;-; 57.80; 0.5;-; 77.0; 78.1; 31.0; 20.1; 10.8;2202; 0.5; 0.6; 0.6;29; 21.4;B;0;-;On;On;Off; 32.0; 31.5;0;3;1679;3;1679;3;1493;1;-
2026/05/03;10:08:48;-;-; 57.80; 0.5;-; 77.8; 77.5; 29.5; 15.5; 14.0;2202; 0.5; 0.6; 0.6;29; 21.4;B;0;-;On;On;Off; 32.0; 31.5;0;3;1679;3;1679;3;1493;1;-
2026/05/03;10:09:47;-;-; 57.80; 1.0;-; 78.0; 76.8; 58.9; 0.0; 58.9;2202; 0.5; 0.6; 0.6;29; 21.4;B;0;-;On;On;Off; 32.0; 31.5;0;3;1679;3;1679;3;1493;1;-
2026/05/03;10:10:47;-;-; 57.80; 0.8;-; 77.1; 77.8; 45.7; 45.7; 0.0;2202; 0.5; 0.6; 0.6;29; 21.4;B;0;-;On;On;Off; 32.0; 31.5;0;3;1679;3;1679;3;1493;1;-
2026/05/03;10:11:47;-;-; 57.82; 0.6;-; 77.5; 77.4; 33.3; 20.9; 12.4;2202; 0.5; 0.6; 0.6;28; 21.4;B;0;-;On;On;Off; 32.1; 31.5;0;3;1679;3;1679;3;1493;1;-
2026/05/03;10:12:47;-;-; 57.80; 0.8;-; 77.8; 76.6; 45.7; 0.0; 45.7;2202; 0.5; 0.6; 0.6;28; 21.4;B;0;-;On;On;Off; 32.0; 31.6;0;3;1679;3;1679;3;1493;1;-
2026/05/03;10:13:47;-;-; 57.82; 0.8;-; 77.6; 76.5; 48.1; 0.0; 48.1;2202; 0.5; 0.6; 0.6;28; 21.4;B;0;-;On;On;Off; 32.1; 31.6;0;3;1679;3;1679;3;1493;1;-
2026/05/03;10:14:47;-;-; 57.80; 0.8;-; 76.5; 77.6; 44.2; 44.2; 0.0;2202; 0.5; 0.6; 0.6;28; 21.4;B;0;-;On;On;Off; 32.1; 31.6;0;3;1679;3;1679;3;1493;1;-
2026/05/03;10:15:47;-;-; 57.80; 0.7;-; 77.5; 78.2; 41.1; 41.1; 0.0;2202; 0.5; 0.6; 0.6;28; 21.4;B;0;-;On;On;Off; 32.1; 31.6;0;3;1679;3;1679;3;1493;1;-
2026/05/03;10:16:47;-;-; 57.80; 0.5;-; 78.0; 78.4; 31.8; 16.3; 15.5;2202; 0.5; 0.6; 0.6;28; 21.4;B;0;-;On;On;Off; 32.1; 31.7;0;3;1679;3;1679;3;1493;1;-
2026/05/03;10:17:47;-;-; 57.80; 0.6;-; 77.0; 76.8; 34.8; 1.5; 33.3;2202; 0.5; 0.6; 0.6;28; 21.4;B;0;-;On;On;Off; 32.2; 31.6;0;3;1679;3;1679;3;1493;1;-
2026/05/03;10:18:47;-;-; 57.80; 0.8;-; 76.0; 77.0; 48.8; 48.8; 0.0;2202; 0.5; 0.6; 0.6;29; 21.4;B;0;-;On;On;Off; 32.1; 31.7;0;3;1679;3;1679;3;1493;1;-
2026/05/03;10:19:47;-;-; 57.80; 0.9;-; 76.0; 76.8; 53.5; 53.5; 0.0;2202; 0.5; 0.6; 0.6;29; 21.4;B;0;-;On;On;Off; 32.1; 31.7;0;3;1679;3;1679;3;1493;1;-
2026/05/03;10:20:47;-;-; 57.80; 0.9;-; 76.9; 75.7; 50.4; 0.0; 50.4;2202; 0.5; 0.6; 0.6;29; 21.4;B;0;-;On;On;Off; 32.2; 31.7;0;3;1679;3;1679;3;1493;1;-
2026/05/03;10:21:47;-;-; 57.80; 0.9;-; 76.7; 75.4; 53.5; 0.0; 53.5;2202; 0.5; 0.6; 0.6;28; 21.4;B;0;-;On;On;Off; 32.2; 31.7;0;3;1679;3;1679;3;1493;1;-
2026/05/03;10:22:47;-;-; 57.80; 0.6;-; 75.5; 76.4; 33.3; 33.3; 0.0;2202; 0.5; 0.6; 0.6;28; 21.4;B;0;-;On;On;Off; 32.2; 31.7;0;3;1679;3;1679;3;1493;1;-
2026/05/03;10:23:47;-;-; 57.80; 0.6;-; 76.1; 75.3; 34.9; 2.3; 32.5;2202; 0.5; 0.6; 0.6;29; 21.4;B;0;-;On;On;Off; 32.2; 31.7;0;3;1679;3;1679;3;1493;1;-
2026/05/03;10:24:46;-;-; 57.80; 0.5;-; 75.8; 75.4; 31.0; 6.9; 24.0;2202; 0.5; 0.6; 0.6;29; 21.4;B;0;-;On;On;Off; 32.2; 31.7;0;3;1679;3;1679;3;1493;1;-
2026/05/03;10:25:46;-;-; 57.80; 0.6;-; 75.8; 75.1; 32.5; 7.8; 24.8;2202; 0.5; 0.6; 0.6;29; 21.4;B;0;-;On;On;Off; 32.2; 31.7;0;3;1679;3;1679;3;1493;1;-
2026/05/03;10:26:46;-;-; 57.80; 0.6;-; 75.7; 75.2; 33.3; 12.4; 20.9;2202; 0.5; 0.6; 0.6;28; 21.4;B;0;-;On;On;Off; 32.2; 31.7;0;3;1679;3;1679;3;1493;1;-
2026/05/03;10:27:46;-;-; 57.80; 0.6;-; 75.5; 75.6; 33.3; 17.0; 16.3;2202; 0.5; 0.6; 0.6;29; 21.4;B;0;-;On;On;Off; 32.2; 31.7;0;3;1679;3;1679;3;1493;1;-
2026/05/03;10:28:46;-;-; 57.80; 0.5;-; 76.1; 75.3; 31.0; 4.6; 26.3;2202; 0.5; 0.6; 0.6;29; 21.4;B;0;-;On;On;Off; 32.2; 31.7;0;3;1679;3;1679;3;1493;1;-
2026/05/03;10:29:46;-;-; 57.78; 0.5;-; 75.5; 75.8; 31.0; 20.9; 10.1;2202; 0.5; 0.6; 0.6;29; 21.4;B;0;-;On;On;Off; 32.2; 31.7;0;3;1679;3;1679;3;1493;1;-
2026/05/03;10:30:46;-;-; 57.78; 0.6;-; 76.1; 75.4; 33.3; 0.0; 33.3;2202; 0.5; 0.6; 0.6;29; 21.4;B;0;-;On;On;Off; 32.2; 31.7;0;3;1679;3;1679;3;1493;1;-
2026/05/03;10:31:46;-;-; 57.80; 0.5;-; 75.5; 75.9; 29.4; 24.8; 4.6;2202; 0.5; 0.6; 0.6;29; 21.4;B;0;-;On;On;Off; 32.2; 31.7;0;3;1679;3;1679;3;1493;1;-
2026/05/03;10:32:46;-;-; 57.80; 0.6;-; 75.7; 75.8; 34.1; 23.3; 10.8;2202; 0.5; 0.6; 0.6;29; 21.4;B;0;-;On;On;Off; 32.3; 31.7;0;3;1679;3;1679;3;1493;1;-
2026/05/03;10:33:46;-;-; 57.82; 0.7;-; 76.5; 75.2; 38.8; 0.0; 38.8;2202; 0.5; 0.6; 0.6;29; 21.4;B;0;-;On;On;Off; 32.3; 31.7;0;3;1679;3;1679;3;1493;1;-
2026/05/03;10:34:46;-;-; 57.80; 0.6;-; 76.4; 76.3; 33.3; 13.9; 19.4;2202; 0.5; 0.6; 0.6;29; 21.4;B;0;-;On;On;Off; 32.3; 31.8;0;3;1679;3;1679;3;1493;1;-
2026/05/03;10:35:46;-;-; 57.80; 0.5;-; 77.8; 77.4; 30.2; 17.0; 13.1;2202; 0.5; 0.6; 0.6;29; 21.4;B;0;-;On;On;Off; 32.3; 31.8;0;3;1679;3;1679;3;1493;1;-
2026/05/03;10:36:46;-;-; 57.80; 0.8;-; 76.9; 77.4; 45.0; 45.0; 0.0;2202; 0.5; 0.6; 0.6;29; 21.4;B;0;-;On;On;Off; 32.3; 31.8;0;3;1679;3;1679;3;1493;1;-
2026/05/03;10:37:46;-;-; 57.82; 1.0;-; 76.4; 77.3; 58.9; 58.9; 0.0;2202; 0.5; 0.6; 0.6;29; 21.4;B;0;-;On;On;Off; 32.3; 31.8;0;3;1679;3;1679;3;1493;1;-
2026/05/03;10:38:46;-;-; 57.82; 0.8;-; 77.7; 76.8; 48.0; 0.0; 48.0;2202; 0.5; 0.6; 0.6;29; 21.4;B;0;-;On;On;Off; 32.3; 31.8;0;3;1679;3;1679;3;1493;1;-
2026/05/03;10:39:45;-;-; 57.80; 0.5;-; 77.5; 76.7; 31.8; 25.6; 6.2;2202; 0.5; 0.6; 0.6;28; 21.4;B;0;-;On;On;Off; 32.3; 31.8;0;3;1679;3;1679;3;1493;1;-
2026/05/03;10:40:45;-;-; 57.80; 0.6;-; 77.2; 77.1; 34.9; 0.8; 34.1;2202; 0.5; 0.6; 0.6;28; 21.4;B;0;-;On;On;Off; 32.3; 31.8;0;3;1679;3;1679;3;1493;1;-
2026/05/03;10:41:45;-;-; 57.80; 0.7;-; 76.9; 77.3; 39.5; 39.5; 0.0;2202; 0.5; 0.6; 0.6;28; 21.4;B;0;-;On;On;Off; 32.3; 31.8;0;3;1679;3;1679;3;1493;1;-
2026/05/03;10:42:45;-;-; 57.82; 0.6;-; 76.3; 76.9; 33.3; 26.3; 6.9;2202; 0.5; 0.6; 0.6;28; 21.4;B;0;-;On;On;Off; 32.3; 31.8;0;3;1679;3;1679;3;1493;1;-
2026/05/03;10:43:45;-;-; 57.80; 0.5;-; 76.4; 75.6; 31.8; 10.1; 21.7;2202; 0.5; 0.6; 0.6;29; 21.4;B;0;-;On;On;Off; 32.3; 31.8;0;3;1679;3;1679;3;1493;1;-
2026/05/03;10:44:45;-;-; 57.80; 0.9;-; 76.4; 76.9; 52.7; 52.7; 0.0;2202; 0.5; 0.6; 0.6;29; 21.4;B;0;-;On;On;Off; 32.4; 31.8;0;3;1679;3;1679;3;1493;1;-
2026/05/03;10:45:45;-;-; 57.80; 0.6;-; 75.9; 75.5; 34.9; 24.0; 10.8;2202; 0.5; 0.6; 0.6;29; 21.4;B;0;-;On;On;Off; 32.4; 31.9;0;3;1679;3;1679;3;1493;1;-
2026/05/03;10:46:45;-;-; 57.58; 1.1;-; 75.1; 74.9; 64.9; 31.7; 33.2;2202; 0.5; 0.6; 0.6;29; 21.4;B;0;-;On;On;Off; 32.4; 31.8;0;3;1679;3;1679;3;1493;1;-
2026/05/03;10:47:45;-;-; 57.80; 0.6;-; 75.4; 75.8; 33.3; 33.3; 0.0;2202; 0.5; 0.6; 0.6;27; 21.4;B;0;-;On;On;Off; 32.3; 31.8;0;3;1679;3;1679;3;1493;1;-
2026/05/03;10:48:45;-;-; 57.80; 0.5;-; 75.8; 75.7; 31.0; 22.5; 8.5;2202; 0.5; 0.6; 0.6;30; 21.4;B;0;-;On;On;Off; 32.3; 31.8;0;3;1679;3;1679;3;1493;1;-
2026/05/03;10:49:45;-;-; 57.80; 0.5;-; 75.9; 75.5; 31.8; 17.8; 13.9;2202; 0.5; 0.6; 0.6;29; 21.4;B;0;-;On;On;Off; 32.3; 31.9;0;3;1679;3;1679;3;1493;1;-
2026/05/03;10:50:45;-;-; 57.80; 0.6;-; 75.5; 75.6; 35.6; 34.1; 1.5;2203; 0.5; 0.6; 0.6;29; 21.4;B;0;-;On;On;Off; 32.3; 31.8;0;3;1679;3;1679;3;1493;1;-
2026/05/03;10:51:45;-;-; 57.80; 0.7;-; 75.4; 75.3; 39.5; 24.0; 15.5;2203; 0.5; 0.6; 0.6;29; 21.4;B;0;-;On;On;Off; 32.4; 31.8;0;3;1679;3;1679;3;1493;1;-
2026/05/03;10:52:45;-;-; 57.78; 0.9;-; 75.3; 75.1; 49.5; 24.8; 24.8;2203; 0.5; 0.6; 0.6;29; 21.4;B;0;-;On;On;Off; 32.4; 31.8;0;3;1679;3;1679;3;1493;1;-
2026/05/03;10:53:45;-;-; 57.39; 0.4;-; 75.7; 75.0; 25.4; 0.0; 25.4;2203; 0.5; 0.6; 0.6;29; 21.4;B;0;-;On;On;Off; 32.3; 31.3;0;3;1679;3;1679;3;1493;1;-
2026/05/03;10:54:44;-;-; 57.70; 0.7;-; 75.2; 74.8; 41.7; 17.0; 24.7;2203; 0.4; 0.5; 0.5;24; 21.4;B;0;-;On;On;Off; 32.3; 31.7;0;3;1679;3;1679;3;1493;1;-
2026/05/03;10:55:44;-;-; 57.56; 0.0;-; 75.2; 74.9; 0.0; 0.0; 0.0;2203; 0.5; 0.6; 0.6;28; 21.4;B;0;-;On;On;Off; 32.3; 31.7;0;3;1679;3;1679;3;1493;1;-
2026/05/03;10:56:44;-;-; 57.03; 0.6;-; 74.5; 74.3; 35.9; 16.8; 19.1;2203; 0.5; 0.6; 0.6;26; 21.4;B;0;-;On;On;Off; 32.3; 31.8;0;3;1679;3;1679;3;1493;1;-
2026/05/03;10:57:44;-;-; 56.68; 0.7;-; 74.1; 73.9; 40.3; 16.0; 24.3;2203; 0.5; 0.6; 0.6;27; 21.4;B;0;-;On;On;Off; 32.3; 31.6;0;3;1679;3;1679;3;1493;1;-
2026/05/03;10:58:44;-;-; 56.58; 0.7;-; 73.9; 73.9; 40.2; 22.8; 17.5;2203; 0.5; 0.6; 0.6;25; 21.4;B;0;-;On;On;Off; 32.3; 31.7;0;3;1679;3;1679;3;1493;1;-
2026/05/03;10:59:44;-;-; 56.68; 0.7;-; 74.0; 73.8; 41.0; 22.0; 19.0;2203; 0.5; 0.6; 0.6;27; 21.4;B;0;-;On;On;Off; 32.3; 31.7;0;3;1679;3;1679;3;1493;1;-
2026/05/03;11:00:44;-;-; 56.75; 0.3;-; 74.9; 74.0; 19.0; 0.0; 19.0;2203; 0.5; 0.6; 0.6;27; 21.4;B;0;-;On;On;Off; 32.3; 31.8;0;3;1679;3;1679;3;1493;1;-
2026/05/03;11:01:44;-;-; 56.58; 0.5;-; 74.3; 73.8; 28.8; 1.5; 27.3;2203; 0.5; 0.6; 0.6;26; 21.4;B;0;-;On;On;Off; 32.3; 31.8;0;3;1679;3;1679;3;1493;1;-
2026/05/03;11:02:44;-;-; 56.81; 0.7;-; 74.2; 74.1; 39.6; 19.8; 19.8;2203; 0.5; 0.6; 0.6;28; 21.4;B;0;-;On;On;Off; 32.3; 31.8;0;3;1679;3;1679;3;1493;1;-
2026/05/03;11:03:44;-;-; 56.70; 0.4;-; 74.3; 74.8; 20.5; 20.5; 0.0;2203; 0.5; 0.6; 0.6;27; 21.4;B;0;-;On;On;Off; 32.3; 31.8;0;3;1679;3;1679;3;1493;1;-
2026/05/03;11:04:44;-;-; 56.81; 0.7;-; 74.2; 74.1; 37.3; 19.8; 17.5;2203; 0.5; 0.6; 0.6;27; 21.4;B;0;-;On;On;Off; 32.3; 31.8;0;3;1679;3;1679;3;1493;1;-
2026/05/03;11:05:44;-;-; 56.64; 0.8;-; 74.0; 74.1; 44.0; 27.3; 16.7;2203; 0.5; 0.6; 0.6;29; 21.4;B;0;-;On;On;Off; 32.3; 31.8;0;3;1679;3;1679;4;1494;1;-
2026/05/03;11:06:44;-;-; 56.58; 0.5;-; 73.9; 74.5; 26.6; 26.6; 0.0;2203; 0.5; 0.6; 0.6;28; 21.4;B;0;-;On;On;Off; 32.3; 31.8;0;3;1679;3;1679;4;1494;1;-
2026/05/03;11:07:44;-;-; 56.77; 0.9;-; 74.0; 73.8; 52.5; 27.4; 25.1;2203; 0.5; 0.6; 0.6;29; 21.4;B;0;-;On;On;Off; 32.3; 31.8;0;3;1679;3;1679;4;1494;1;-
2026/05/03;11:08:44;-;-; 56.74; 0.9;-; 74.0; 73.8; 51.0; 26.6; 24.3;2203; 0.5; 0.6; 0.6;28; 21.4;B;0;-;On;On;Off; 32.3; 31.8;0;3;1679;3;1679;4;1494;1;-
2026/05/03;11:09:43;-;-; 56.93; 0.8;-; 73.9; 74.0; 47.3; 29.0; 18.3;2203; 0.5; 0.6; 0.6;29; 21.4;B;0;-;On;On;Off; 32.3; 31.8;0;3;1679;3;1679;4;1494;1;-
2026/05/03;11:10:43;-;-; 57.01; 0.8;-; 74.1; 73.8; 45.1; 27.5; 17.6;2203; 0.5; 0.6; 0.6;28; 21.4;B;0;-;On;On;Off; 32.3; 31.8;0;3;1679;3;1679;4;1494;1;-
2026/05/03;11:11:43;-;-; 57.01; 0.8;-; 73.9; 73.9; 44.4; 25.2; 19.1;2203; 0.5; 0.6; 0.6;28; 21.4;B;0;-;On;On;Off; 32.3; 31.8;0;3;1679;3;1679;4;1494;1;-
2026/05/03;11:12:43;-;-; 57.19; 0.8;-; 74.1; 74.1; 45.2; 26.1; 19.2;2203; 0.5; 0.6; 0.6;29; 21.4;B;0;-;On;On;Off; 32.3; 31.8;0;3;1679;3;1679;4;1494;1;-
2026/05/03;11:13:43;-;-; 57.25; 0.8;-; 74.0; 74.1; 46.0; 26.1; 20.0;2203; 0.5; 0.6; 0.6;29; 21.4;B;0;-;On;On;Off; 32.3; 31.8;0;3;1679;3;1679;4;1494;1;-
2026/05/03;11:14:43;-;-; 57.45; 0.8;-; 74.2; 74.4; 45.5; 25.4; 20.0;2203; 0.5; 0.6; 0.6;29; 21.4;B;0;-;On;On;Off; 32.3; 31.8;0;3;1679;3;1679;4;1494;1;-
2026/05/03;11:15:43;-;-; 57.35; 0.3;-; 74.7; 74.4; 19.2; 0.0; 19.2;2203; 0.5; 0.6; 0.6;29; 21.4;B;0;-;On;On;Off; 32.3; 31.8;0;3;1679;3;1679;4;1494;1;-
2026/05/03;11:16:43;-;-; 57.07; 0.7;-; 74.5; 74.3; 39.0; 19.1; 19.9;2203; 0.5; 0.6; 0.6;30; 21.4;B;0;-;On;On;Off; 32.3; 31.8;0;3;1679;3;1679;4;1494;1;-
2026/05/03;11:17:43;-;-; 57.15; 0.7;-; 74.5; 74.5; 37.5; 20.7; 16.8;2203; 0.5; 0.6; 0.6;28; 21.4;B;0;-;On;On;Off; 32.3; 31.8;0;3;1679;3;1679;4;1494;1;-
2026/05/03;11:18:43;-;-; 56.87; 0.3;-; 75.2; 74.4; 19.1; 0.0; 19.1;2203; 0.5; 0.6; 0.6;29; 21.4;B;0;-;On;On;Off; 32.3; 31.8;0;3;1679;3;1679;4;1494;1;-
2026/05/03;11:19:43;-;-; 57.23; 0.7;-; 74.5; 74.6; 38.3; 22.2; 16.1;2203; 0.5; 0.6; 0.6;29; 21.4;B;0;-;On;On;Off; 32.3; 31.8;0;4;1680;4;1680;4;1494;1;-
2026/05/03;11:20:43;-;-; 56.97; 0.3;-; 74.5; 74.5; 19.1; 0.0; 19.1;2203; 0.5; 0.6; 0.6;28; 21.4;B;0;-;On;On;Off; 32.3; 31.8;0;4;1680;4;1680;4;1494;1;-
2026/05/03;11:21:43;-;-; 57.31; 0.9;-; 74.5; 74.5; 49.1; 32.3; 16.9;2203; 0.5; 0.6; 0.6;29; 21.4;B;0;-;On;On;Off; 32.3; 31.8;0;4;1680;4;1680;4;1494;1;-
2026/05/03;11:22:43;-;-; 57.43; 0.8;-; 74.6; 74.6; 45.4; 25.4; 20.0;2203; 0.5; 0.6; 0.6;30; 21.4;B;0;-;On;On;Off; 32.3; 31.8;0;4;1680;4;1680;4;1494;1;-
2026/05/03;11:23:43;-;-; 57.11; 0.5;-; 74.7; 75.6; 27.6; 27.6; 0.0;2203; 0.5; 0.6; 0.6;29; 21.4;B;0;-;On;On;Off; 32.3; 31.8;0;4;1680;4;1680;4;1494;1;-
2026/05/03;11:24:42;-;-; 57.27; 0.5;-; 74.8; 75.5; 28.4; 28.4; 0.0;2203; 0.5; 0.6; 0.6;30; 21.4;B;0;-;On;On;Off; 32.3; 31.8;0;4;1680;4;1680;4;1494;1;-
2026/05/03;11:25:42;-;-; 57.35; 0.6;-; 75.3; 74.8; 33.8; 11.5; 22.3;2203; 0.6; 0.6; 0.6;31; 21.4;B;0;-;On;On;Off; 32.4; 31.8;0;4;1680;4;1680;4;1494;1;-
2026/05/03;11:26:42;-;-; 57.56; 0.3;-; 75.5; 76.1; 14.6; 14.6; 0.0;2203; 0.5; 0.6; 0.6;29; 21.4;B;0;-;On;On;Off; 32.3; 31.8;0;4;1680;4;1680;4;1494;1;-
2026/05/03;11:27:42;-;-; 57.70; 0.9;-; 75.4; 75.3; 54.2; 27.1; 27.1;2203; 0.5; 0.6; 0.6;29; 21.4;B;0;-;On;On;Off; 32.3; 31.7;0;4;1680;4;1680;4;1494;1;-
2026/05/03;11:28:42;-;-; 57.31; 0.6;-; 75.6; 75.1; 36.9; 3.8; 33.1;2203; 0.5; 0.6; 0.6;30; 21.4;B;0;-;On;On;Off; 32.4; 31.8;0;4;1680;4;1680;4;1494;1;-
2026/05/03;11:29:42;-;-; 57.58; 0.6;-; 75.3; 76.5; 34.8; 34.8; 0.0;2203; 0.5; 0.6; 0.6;28; 21.4;B;0;-;On;On;Off; 32.4; 31.8;0;4;1680;4;1680;4;1494;1;-
2026/05/03;11:30:42;-;-; 57.80; 0.6;-; 76.2; 75.3; 35.7; 0.0; 35.7;2203; 0.6; 0.6; 0.6;31; 21.4;B;0;-;On;On;Off; 32.4; 31.9;0;4;1680;4;1680;4;1494;1;-
2026/05/03;11:31:42;-;-; 57.80; 0.6;-; 75.7; 75.8; 36.4; 12.4; 24.0;2203; 0.5; 0.6; 0.6;31; 21.4;B;0;-;On;On;Off; 32.4; 31.9;0;4;1680;4;1680;4;1494;1;-
2026/05/03;11:32:42;-;-; 57.78; 0.6;-; 75.4; 76.1; 33.3; 21.7; 11.6;2203; 0.5; 0.6; 0.6;30; 21.4;B;0;-;On;On;Off; 32.4; 31.9;0;4;1680;4;1680;4;1494;1;-
2026/05/03;11:33:42;-;-; 57.80; 0.6;-; 76.3; 75.4; 34.1; 0.0; 34.1;2203; 0.5; 0.6; 0.6;30; 21.4;B;0;-;On;On;Off; 32.4; 31.9;0;4;1680;4;1680;4;1494;1;-
2026/05/03;11:34:42;-;-; 57.78; 0.5;-; 76.1; 75.4; 30.2; 0.0; 30.2;2203; 0.5; 0.6; 0.6;31; 21.4;B;0;-;On;On;Off; 32.4; 31.9;0;4;1680;4;1680;4;1494;1;-
2026/05/03;11:35:42;-;-; 57.80; 0.5;-; 76.2; 75.3; 31.8; 8.5; 23.3;2203; 0.6; 0.6; 0.6;31; 21.4;B;0;-;On;On;Off; 32.4; 31.9;0;4;1680;4;1680;4;1494;1;-
2026/05/03;11:36:42;-;-; 57.78; 0.5;-; 75.3; 76.0; 31.7; 20.9; 10.8;2203; 0.5; 0.6; 0.6;30; 21.4;B;0;-;On;On;Off; 32.4; 31.9;0;4;1680;4;1680;4;1494;1;-
2026/05/03;11:37:42;-;-; 57.80; 0.6;-; 76.2; 75.3; 33.3; 9.3; 24.0;2203; 0.5; 0.6; 0.6;30; 21.4;B;0;-;On;On;Off; 32.4; 31.9;0;4;1680;4;1680;4;1494;1;-
2026/05/03;11:38:42;-;-; 57.80; 0.7;-; 75.6; 75.7; 38.0; 16.3; 21.7;2203; 0.5; 0.6; 0.6;30; 21.4;B;0;-;On;On;Off; 32.4; 31.9;0;4;1680;4;1680;4;1494;1;-
2026/05/03;11:39:41;-;-; 57.80; 0.6;-; 75.7; 75.7; 32.5; 9.3; 23.3;2203; 0.5; 0.6; 0.6;30; 21.4;B;0;-;On;On;Off; 32.4; 31.9;0;4;1680;4;1680;4;1494;1;-
2026/05/03;11:40:41;-;-; 57.80; 0.6;-; 75.9; 75.2; 35.6; 18.6; 17.0;2203; 0.5; 0.6; 0.6;29; 21.4;B;0;-;On;On;Off; 32.4; 31.9;0;4;1680;4;1680;4;1494;1;-
2026/05/03;11:41:41;-;-; 57.80; 0.6;-; 75.4; 75.7; 35.6; 17.0; 18.6;2203; 0.5; 0.6; 0.6;30; 21.4;B;0;-;On;On;Off; 32.4; 31.9;0;4;1680;4;1680;4;1494;1;-
2026/05/03;11:42:41;-;-; 57.78; 0.6;-; 75.9; 75.3; 32.5; 16.3; 16.3;2203; 0.5; 0.6; 0.6;30; 21.4;B;0;-;On;On;Off; 32.4; 31.9;0;4;1680;4;1680;4;1494;1;-
2026/05/03;11:43:41;-;-; 57.80; 0.6;-; 75.4; 75.5; 37.2; 21.7; 15.5;2203; 0.5; 0.6; 0.6;30; 21.4;B;0;-;On;On;Off; 32.4; 31.9;0;4;1680;4;1680;4;1494;1;-
2026/05/03;11:44:41;-;-; 57.80; 0.5;-; 75.3; 75.9; 31.7; 28.7; 3.1;2203; 0.5; 0.6; 0.6;30; 21.4;B;0;-;On;On;Off; 32.4; 31.9;0;4;1680;4;1680;4;1494;1;-
2026/05/03;11:45:41;-;-; 57.80; 0.5;-; 75.9; 75.3; 31.8; 14.0; 17.8;2203; 0.5; 0.6; 0.6;30; 21.4;B;0;-;On;On;Off; 32.4; 31.9;0;4;1680;4;1680;4;1494;1;-
2026/05/03;11:46:41;-;-; 57.80; 0.6;-; 75.4; 75.5; 34.9; 29.5; 5.4;2203; 0.5; 0.6; 0.6;30; 21.4;B;0;-;On;On;Off; 32.4; 31.9;0;4;1680;4;1680;4;1494;1;-
2026/05/03;11:47:41;-;-; 57.80; 0.6;-; 75.7; 75.5; 34.1; 10.1; 24.0;2203; 0.5; 0.6; 0.6;30; 21.4;B;0;-;On;On;Off; 32.4; 31.9;0;4;1680;4;1680;4;1494;1;-
2026/05/03;11:48:41;-;-; 57.80; 0.6;-; 75.4; 75.8; 33.3; 27.9; 5.4;2203; 0.5; 0.6; 0.6;30; 21.4;B;0;-;On;On;Off; 32.4; 31.9;0;4;1680;4;1680;4;1494;1;-
2026/05/03;11:49:41;-;-; 57.80; 0.6;-; 76.0; 75.2; 33.3; 7.8; 25.6;2203; 0.5; 0.6; 0.6;30; 21.4;B;0;-;On;On;Off; 32.4; 31.9;0;4;1680;4;1680;4;1494;1;-
2026/05/03;11:50:41;-;-; 57.82; 0.6;-; 75.8; 75.3; 33.3; 4.6; 28.7;2204; 0.5; 0.6; 0.6;30; 21.4;B;0;-;On;On;Off; 32.4; 31.9;0;4;1680;4;1680;4;1494;1;-
2026/05/03;11:51:41;-;-; 57.78; 0.5;-; 75.4; 75.7; 30.2; 23.3; 6.9;2204; 0.5; 0.6; 0.6;30; 21.4;B;0;-;On;On;Off; 32.4; 31.9;0;4;1680;4;1680;4;1494;1;-
2026/05/03;11:52:41;-;-; 57.80; 0.6;-; 75.5; 75.8; 36.4; 25.6; 10.8;2204; 0.5; 0.6; 0.6;29; 21.4;B;0;-;On;On;Off; 32.4; 31.9;0;4;1680;4;1680;4;1494;1;-
2026/05/03;11:53:41;-;-; 57.80; 0.6;-; 75.8; 75.5; 35.7; 21.7; 14.0;2204; 0.5; 0.6; 0.6;29; 21.4;B;0;-;On;On;Off; 32.4; 31.9;0;4;1680;4;1680;4;1494;1;-
2026/05/03;11:54:40;-;-; 57.80; 0.6;-; 75.9; 75.5; 32.5; 18.6; 13.9;2204; 0.5; 0.6; 0.6;29; 21.4;B;0;-;On;On;Off; 32.4; 31.9;0;4;1680;4;1680;4;1494;1;-
2026/05/03;11:55:40;-;-; 57.80; 0.6;-; 75.4; 76.0; 37.2; 37.2; 0.0;2204; 0.5; 0.6; 0.6;30; 21.4;B;0;-;On;On;Off; 32.4; 31.9;0;4;1680;4;1680;4;1494;1;-
2026/05/03;11:56:40;-;-; 57.78; 0.6;-; 75.5; 75.8; 33.3; 22.5; 10.8;2204; 0.5; 0.6; 0.6;30; 21.4;B;0;-;On;On;Off; 32.4; 31.9;0;4;1680;4;1680;4;1494;1;-
2026/05/03;11:57:40;-;-; 57.78; 0.7;-; 75.3; 76.1; 41.8; 41.8; 0.0;2204; 0.5; 0.6; 0.6;30; 21.4;B;0;-;On;On;Off; 32.4; 31.9;0;4;1680;4;1680;4;1494;1;-
2026/05/03;11:58:40;-;-; 57.80; 0.6;-; 75.6; 76.0; 33.3; 23.3; 10.1;2204; 0.5; 0.6; 0.6;29; 21.4;B;0;-;On;On;Off; 32.4; 31.9;0;4;1680;4;1680;4;1494;1;-
2026/05/03;11:59:40;-;-; 57.78; 0.7;-; 75.4; 76.2; 41.1; 41.1; 0.0;2204; 0.5; 0.6; 0.6;30; 21.4;B;0;-;On;On;Off; 32.4; 31.9;0;4;1680;4;1680;4;1494;1;-
2026/05/03;12:00:40;-;-; 57.80; 0.6;-; 76.3; 75.4; 34.1; 0.0; 34.1;2204; 0.5; 0.6; 0.6;29; 21.4;B;0;-;On;On;Off; 32.5; 31.9;0;4;1680;4;1680;4;1494;1;-
2026/05/03;12:01:40;-;-; 57.78; 0.8;-; 76.3; 75.3; 48.0; 0.0; 48.0;2204; 0.5; 0.6; 0.6;29; 21.4;B;0;-;On;On;Off; 32.4; 31.9;0;4;1680;4;1680;4;1494;1;-
2026/05/03;12:02:40;-;-; 57.80; 0.6;-; 75.8; 75.9; 32.5; 8.5; 24.0;2204; 0.5; 0.6; 0.6;29; 21.4;B;0;-;On;On;Off; 32.5; 31.9;0;4;1680;4;1680;4;1494;1;-
2026/05/03;12:03:40;-;-; 57.80; 0.5;-; 75.7; 75.8; 30.2; 16.3; 13.9;2204; 0.5; 0.6; 0.6;30; 21.4;B;0;-;On;On;Off; 32.5; 31.9;0;4;1680;4;1680;4;1494;1;-
2026/05/03;12:04:40;-;-; 57.80; 0.6;-; 75.4; 76.0; 33.3; 31.0; 2.3;2204; 0.5; 0.6; 0.6;29; 21.4;B;0;-;On;On;Off; 32.5; 32.0;0;4;1680;4;1680;4;1494;1;-
2026/05/03;12:05:40;-;-; 57.80; 0.6;-; 75.5; 75.7; 34.9; 27.2; 7.8;2204; 0.5; 0.6; 0.6;30; 21.4;B;0;-;On;On;Off; 32.4; 31.9;0;4;1680;4;1680;4;1494;1;-
2026/05/03;12:06:40;-;-; 57.80; 0.6;-; 75.5; 75.3; 33.3; 14.7; 18.6;2204; 0.5; 0.6; 0.6;29; 21.4;B;0;-;On;On;Off; 32.4; 31.9;0;4;1680;4;1680;4;1494;1;-
2026/05/03;12:07:40;-;-; 57.56; 0.9;-; 75.1; 75.2; 50.2; 30.9; 19.3;2204; 0.5; 0.6; 0.6;29; 21.4;B;0;-;On;On;Off; 32.4; 31.8;0;4;1680;4;1680;4;1494;1;-
2026/05/03;12:08:40;-;-; 57.60; 1.3;-; 74.9; 74.7; 76.5; 35.5; 41.0;2204; 0.5; 0.6; 0.6;28; 21.4;B;0;-;On;On;Off; 32.4; 31.6;0;4;1680;4;1680;4;1494;1;-
2026/05/03;12:09:39;-;-; 57.80; 0.6;-; 75.5; 75.5; 35.7; 17.8; 17.8;2204; 0.5; 0.5; 0.5;26; 21.4;B;0;-;On;On;Off; 32.4; 31.6;0;4;1680;4;1680;4;1494;1;-
2026/05/03;12:10:39;-;-; 57.80; 0.6;-; 76.2; 75.6; 34.8; 10.8; 24.0;2204; 0.5; 0.6; 0.6;28; 21.4;B;0;-;On;On;Off; 32.4; 31.8;0;4;1680;4;1680;4;1494;1;-
2026/05/03;12:11:39;-;-; 57.80; 0.9;-; 76.8; 75.9; 49.6; 0.0; 49.6;2204; 0.5; 0.6; 0.6;29; 21.4;B;0;-;On;On;Off; 32.4; 31.9;0;4;1680;4;1680;4;1494;1;-
2026/05/03;12:12:39;-;-; 57.82; 0.9;-; 75.9; 76.6; 49.6; 49.6; 0.0;2204; 0.5; 0.6; 0.6;29; 21.4;B;0;-;On;On;Off; 32.4; 31.9;0;4;1680;4;1680;4;1494;1;-
2026/05/03;12:13:39;-;-; 57.80; 0.7;-; 76.8; 76.1; 41.1; 0.0; 41.1;2204; 0.5; 0.6; 0.6;28; 21.4;B;0;-;On;On;Off; 32.4; 31.9;0;4;1680;4;1680;4;1494;1;-
2026/05/03;12:14:39;-;-; 57.80; 0.5;-; 76.6; 76.2; 31.0; 16.3; 14.7;2204; 0.5; 0.6; 0.6;29; 21.4;B;0;-;On;On;Off; 32.5; 31.9;0;4;1680;4;1680;4;1494;1;-
2026/05/03;12:15:39;-;-; 57.80; 0.5;-; 76.6; 76.4; 31.7; 20.9; 10.8;2204; 0.5; 0.6; 0.6;29; 21.4;B;0;-;On;On;Off; 32.5; 31.9;0;4;1680;4;1680;4;1494;1;-
2026/05/03;12:16:39;-;-; 57.80; 0.6;-; 76.5; 76.3; 33.3; 20.1; 13.1;2204; 0.5; 0.6; 0.6;28; 21.4;B;0;-;On;On;Off; 32.5; 32.0;0;4;1680;4;1680;4;1494;1;-
2026/05/03;12:17:39;-;-; 57.80; 0.5;-; 76.5; 76.5; 31.7; 30.2; 1.5;2204; 0.5; 0.6; 0.6;29; 21.4;B;0;-;On;On;Off; 32.5; 32.0;0;4;1680;4;1680;4;1494;1;-
2026/05/03;12:18:39;-;-; 57.80; 0.6;-; 76.7; 76.5; 32.5; 3.9; 28.7;2204; 0.5; 0.6; 0.6;28; 21.4;B;0;-;On;On;Off; 32.5; 32.0;0;4;1680;4;1680;4;1494;1;-
2026/05/03;12:19:39;-;-; 57.80; 0.5;-; 77.1; 76.1; 31.8; 17.8; 14.0;2204; 0.5; 0.6; 0.6;28; 21.4;B;0;-;On;On;Off; 32.5; 32.0;0;4;1680;4;1680;4;1494;1;-
2026/05/03;12:20:39;-;-; 57.80; 0.5;-; 76.5; 76.3; 30.2; 5.4; 24.8;2204; 0.5; 0.6; 0.6;28; 21.4;B;0;-;On;On;Off; 32.5; 32.0;0;4;1680;4;1680;4;1494;1;-
2026/05/03;12:21:39;-;-; 57.80; 0.8;-; 76.6; 75.5; 45.7; 0.0; 45.7;2204; 0.5; 0.6; 0.6;28; 21.4;B;0;-;On;On;Off; 32.5; 32.0;0;4;1680;4;1680;4;1494;1;-
2026/05/03;12:22:39;-;-; 57.80; 0.6;-; 76.3; 75.7; 34.1; 0.0; 34.1;2204; 0.5; 0.6; 0.6;29; 21.4;B;0;-;On;On;Off; 32.5; 32.0;0;4;1680;4;1680;4;1494;1;-
2026/05/03;12:23:39;-;-; 57.80; 0.8;-; 76.5; 76.9; 45.7; 45.7; 0.0;2204; 0.5; 0.6; 0.6;29; 21.4;B;0;-;On;On;Off; 32.5; 32.0;0;4;1680;4;1680;4;1494;1;-
2026/05/03;12:24:38;-;-; 57.80; 0.6;-; 76.2; 75.4; 36.4; 6.9; 29.5;2204; 0.5; 0.6; 0.6;28; 21.4;B;0;-;On;On;Off; 32.5; 32.0;0;4;1680;4;1680;4;1494;1;-
2026/05/03;12:25:38;-;-; 57.80; 0.5;-; 75.9; 76.0; 30.2; 15.5; 14.7;2204; 0.5; 0.6; 0.6;29; 21.4;B;0;-;On;On;Off; 32.5; 32.0;0;4;1680;4;1680;4;1494;1;-
2026/05/03;12:26:38;-;-; 57.80; 0.6;-; 76.1; 76.4; 33.3; 31.0; 2.3;2204; 0.5; 0.6; 0.6;29; 21.4;B;0;-;On;On;Off; 32.5; 32.0;0;4;1680;4;1680;4;1494;1;-
2026/05/03;12:27:38;-;-; 57.80; 0.5;-; 77.5; 77.5; 31.0; 26.3; 4.6;2204; 0.5; 0.6; 0.6;28; 21.4;B;0;-;On;On;Off; 32.5; 32.0;0;4;1680;4;1680;4;1494;1;-
2026/05/03;12:28:38;-;-; 57.80; 0.6;-; 77.6; 77.0; 37.2; 0.0; 37.2;2204; 0.5; 0.6; 0.6;28; 21.4;B;0;-;On;On;Off; 32.5; 32.0;0;4;1680;4;1680;4;1494;1;-
2026/05/03;12:29:38;-;-; 57.80; 0.6;-; 77.4; 76.7; 34.1; 16.3; 17.8;2204; 0.5; 0.6; 0.6;28; 21.4;B;0;-;On;On;Off; 32.5; 32.0;0;4;1680;4;1680;4;1494;1;-
2026/05/03;12:30:38;-;-; 57.80; 0.5;-; 76.6; 76.7; 31.8; 27.1; 4.6;2204; 0.5; 0.6; 0.6;28; 21.4;B;0;-;On;On;Off; 32.5; 32.0;0;4;1680;4;1680;4;1494;1;-
2026/05/03;12:31:38;-;-; 57.80; 0.6;-; 76.5; 76.1; 33.3; 18.6; 14.7;2204; 0.5; 0.6; 0.6;29; 21.4;B;0;-;On;On;Off; 32.5; 32.0;0;4;1680;4;1680;4;1494;1;-
2026/05/03;12:32:38;-;-; 57.82; 0.6;-; 76.1; 76.1; 32.5; 31.0; 1.5;2204; 0.5; 0.6; 0.6;29; 21.4;B;0;-;On;On;Off; 32.5; 32.0;0;4;1680;4;1680;4;1494;1;-
2026/05/03;12:33:38;-;-; 57.80; 0.5;-; 76.1; 75.7; 29.5; 2.3; 27.1;2204; 0.5; 0.6; 0.6;29; 21.4;B;0;-;On;On;Off; 32.5; 32.0;0;4;1680;4;1680;4;1494;1;-
2026/05/03;12:34:38;-;-; 57.80; 0.8;-; 76.1; 76.1; 45.7; 45.7; 0.0;2204; 0.5; 0.6; 0.6;28; 21.4;B;0;-;On;On;Off; 32.5; 32.0;0;4;1680;4;1680;4;1494;1;-
2026/05/03;12:35:38;-;-; 57.80; 0.7;-; 76.3; 75.7; 41.1; 0.0; 41.1;2204; 0.5; 0.6; 0.6;29; 21.4;B;0;-;On;On;Off; 32.5; 32.0;0;4;1680;4;1680;4;1494;1;-
2026/05/03;12:36:38;-;-; 57.80; 0.6;-; 75.9; 75.9; 33.3; 6.9; 26.3;2204; 0.5; 0.6; 0.6;29; 21.4;B;0;-;On;On;Off; 32.5; 32.0;0;4;1680;4;1680;4;1494;1;-
2026/05/03;12:37:38;-;-; 57.80; 0.7;-; 75.8; 76.0; 42.7; 42.7; 0.0;2204; 0.5; 0.6; 0.6;29; 21.4;B;0;-;On;On;Off; 32.5; 32.0;0;4;1680;4;1680;4;1494;1;-
2026/05/03;12:38:38;-;-; 57.80; 0.5;-; 76.0; 75.4; 31.7; 5.4; 26.3;2204; 0.5; 0.6; 0.6;30; 21.4;B;0;-;On;On;Off; 32.5; 32.0;0;4;1680;4;1680;4;1494;1;-
2026/05/03;12:39:37;-;-; 56.93; 0.8;-; 74.7; 74.8; 46.6; 45.9; 0.7;2204; 0.5; 0.6; 0.6;29; 21.4;B;0;-;On;On;Off; 32.6; 32.0;0;4;1680;4;1680;4;1494;1;-
2026/05/03;12:40:37;-;-; 57.80; 0.6;-; 75.7; 75.3; 35.7; 35.7; 0.0;2204; 0.5; 0.6; 0.6;28; 21.4;B;0;-;On;On;Off; 32.5; 32.0;0;4;1680;4;1680;4;1494;1;-
2026/05/03;12:41:37;-;-; 57.52; 1.6;-; 75.0; 75.4; 90.3; 90.3; 0.0;2204; 0.5; 0.6; 0.6;30; 21.4;B;0;-;On;On;Off; 32.4; 31.7;0;4;1680;4;1680;4;1494;1;-
2026/05/03;12:42:37;-;-; 57.80; 0.6;-; 75.7; 75.3; 32.5; 19.4; 13.1;2204; 0.4; 0.5; 0.5;24; 21.4;B;0;-;On;On;Off; 32.5; 31.9;0;4;1680;4;1680;4;1494;1;-
2026/05/03;12:43:37;-;-; 57.74; 1.0;-; 75.4; 75.0; 54.9; 45.7; 9.3;2204; 0.5; 0.6; 0.6;30; 21.4;B;0;-;On;On;Off; 32.5; 32.0;0;4;1680;4;1680;4;1494;1;-
2026/05/03;12:44:37;-;-; 57.68; 0.8;-; 75.3; 75.2; 45.6; 45.6; 0.0;2204; 0.5; 0.6; 0.6;28; 21.4;B;0;-;On;On;Off; 32.5; 32.0;0;4;1680;4;1680;4;1494;1;-
2026/05/03;12:45:37;-;-; 57.60; 0.8;-; 75.1; 75.1; 44.8; 44.8; 0.0;2204; 0.5; 0.6; 0.6;28; 21.4;B;0;-;On;On;Off; 32.5; 32.0;0;4;1680;4;1680;4;1494;1;-
2026/05/03;12:46:37;-;-; 57.43; 0.3;-; 75.7; 74.8; 16.2; 0.0; 16.2;2204; 0.5; 0.6; 0.6;29; 21.4;B;0;-;On;On;Off; 32.5; 32.0;0;4;1680;4;1680;4;1494;1;-
2026/05/03;12:47:37;-;-; 57.80; 0.6;-; 75.3; 75.2; 36.4; 36.4; 0.0;2204; 0.5; 0.6; 0.6;28; 21.4;B;0;-;On;On;Off; 32.5; 32.0;0;4;1680;4;1680;4;1494;1;-
2026/05/03;12:48:37;-;-; 57.72; 1.0;-; 75.2; 75.0; 56.5; 44.9; 11.6;2204; 0.5; 0.6; 0.6;29; 21.4;B;0;-;On;On;Off; 32.5; 32.0;0;4;1680;4;1680;4;1494;1;-
2026/05/03;12:49:37;-;-; 57.78; 0.8;-; 75.3; 75.1; 48.8; 48.8; 0.0;2204; 0.5; 0.6; 0.6;29; 21.4;B;0;-;On;On;Off; 32.5; 32.0;0;4;1680;4;1680;4;1494;1;-
2026/05/03;12:50:37;-;-; 57.70; 1.0;-; 75.2; 75.5; 55.0; 55.0; 0.0;2205; 0.5; 0.6; 0.6;29; 21.4;B;0;-;On;On;Off; 32.5; 32.0;0;4;1680;4;1680;5;1495;1;-
2026/05/03;12:51:37;-;-; 57.80; 0.8;-; 75.3; 75.2; 48.0; 48.0; 0.0;2205; 0.5; 0.6; 0.6;29; 21.4;B;0;-;On;On;Off; 32.5; 32.0;0;4;1680;4;1680;5;1495;1;-
2026/05/03;12:52:37;-;-; 57.70; 0.6;-; 75.5; 75.2; 34.0; 34.0; 0.0;2205; 0.5; 0.6; 0.6;29; 21.4;B;0;-;On;On;Off; 32.5; 32.0;0;4;1680;4;1680;5;1495;1;-
2026/05/03;12:53:37;-;-; 57.80; 0.9;-; 75.3; 75.2; 53.5; 53.5; 0.0;2205; 0.5; 0.6; 0.6;29; 21.4;B;0;-;On;On;Off; 32.5; 32.0;0;4;1680;4;1680;5;1495;1;-
2026/05/03;12:54:36;-;-; 57.52; 0.3;-; 76.0; 75.0; 14.6; 0.0; 14.6;2205; 0.5; 0.6; 0.6;29; 21.4;B;0;-;On;On;Off; 32.5; 32.0;0;4;1680;4;1680;5;1495;1;-
2026/05/03;12:55:36;-;-; 57.78; 1.0;-; 75.5; 75.3; 56.6; 56.6; 0.0;2205; 0.5; 0.6; 0.6;29; 21.4;B;0;-;On;On;Off; 32.5; 31.8;0;4;1680;4;1680;5;1495;1;-
2026/05/03;12:56:36;-;-; 57.76; 0.8;-; 75.3; 75.0; 48.8; 48.8; 0.0;2205; 0.5; 0.6; 0.6;27; 21.4;B;0;-;On;On;Off; 32.5; 32.0;0;4;1680;4;1680;5;1495;1;-
2026/05/03;12:57:36;-;-; 57.72; 0.9;-; 75.3; 75.0; 49.6; 49.6; 0.0;2205; 0.5; 0.6; 0.6;29; 21.4;B;0;-;On;On;Off; 32.5; 32.0;0;4;1680;4;1680;5;1495;1;-
2026/05/03;12:58:36;-;-; 57.76; 0.8;-; 75.4; 75.2; 45.7; 45.7; 0.0;2205; 0.5; 0.6; 0.6;29; 21.4;B;0;-;On;On;Off; 32.5; 32.0;0;4;1680;4;1680;5;1495;1;-
2026/05/03;12:59:36;-;-; 57.49; 0.3;-; 75.9; 74.9; 20.0; 0.0; 20.0;2205; 0.5; 0.6; 0.6;28; 21.4;B;0;-;On;On;Off; 32.5; 32.0;0;4;1680;4;1680;5;1495;1;-
2026/05/03;13:00:36;-;-; 57.72; 0.7;-; 75.2; 75.1; 40.2; 40.2; 0.0;2205; 0.5; 0.6; 0.6;29; 21.4;B;0;-;On;On;Off; 32.5; 32.0;0;4;1680;4;1680;5;1495;1;-
2026/05/03;13:01:36;-;-; 55.57; 1.3;-; 73.2; 72.7; 71.6; 0.0; 71.6;2205; 0.5; 0.6; 0.6;29; 21.4;B;0;-;On;On;Off; 32.5; 32.0;0;4;1680;4;1680;5;1495;1;-
2026/05/03;13:02:36;-;-; 57.82; 0.7;-; 76.6; 75.3; 41.9; 0.0; 41.9;2205; 0.3; 0.4; 0.4;15; 21.4;B;0;-;On;On;Off; 32.4; 31.8;0;4;1680;4;1680;5;1495;1;-
2026/05/03;13:03:36;-;-; 57.80; 0.6;-; 75.8; 75.7; 32.5; 17.0; 15.5;2205; 0.7; 0.6; 0.6;35; 21.4;B;0;-;On;On;Off; 32.5; 32.0;0;5;1681;5;1681;5;1495;1;-
2026/05/03;13:04:36;-;-; 56.18; 0.0;-; 74.2; 73.9; 0.7; 0.0; 0.7;2205; 0.5; 0.6; 0.6;30; 21.4;B;0;-;On;On;Off; 32.5; 32.0;0;5;1681;5;1681;5;1495;1;-
2026/05/03;13:05:36;-;-; 55.33; 0.0;-; 73.3; 72.5; 0.0; 0.0; 0.0;2205; 0.4; 0.5; 0.5;21; 21.4;B;0;-;On;On;Off; 32.4; 31.9;0;5;1681;5;1681;5;1495;1;-
2026/05/03;13:06:36;-;-; 55.49; 0.7;-; 72.4; 72.4; 40.9; 35.0; 5.9;2205; 0.4; 0.5; 0.5;23; 21.4;B;0;-;On;On;Off; 32.4; 31.8;0;5;1681;5;1681;5;1495;1;-
2026/05/03;13:07:36;-;-; 55.57; 0.1;-; 74.1; 73.3; 5.2; 0.0; 5.2;2205; 0.5; 0.6; 0.6;27; 21.4;B;0;-;On;On;Off; 32.4; 31.8;0;5;1681;5;1681;5;1495;1;-
2026/05/03;13:08:36;-;-; 57.80; 0.5;-; 76.4; 76.4; 31.0; 17.8; 13.1;2205; 0.5; 0.6; 0.6;27; 21.4;B;0;-;On;On;Off; 32.4; 31.9;0;5;1681;5;1681;5;1495;1;-
2026/05/03;13:09:35;-;-; 56.91; 0.6;-; 74.2; 74.2; 34.3; 24.4; 9.9;2205; 0.5; 0.6; 0.6;28; 21.4;B;0;-;On;On;Off; 32.4; 31.8;0;5;1681;5;1681;5;1495;1;-
2026/05/03;13:10:35;-;-; 57.80; 0.8;-; 76.8; 77.1; 45.0; 45.0; 0.0;2205; 0.6; 0.6; 0.6;31; 21.4;B;0;-;On;On;Off; 32.5; 32.0;0;5;1681;5;1681;5;1495;1;-
2026/05/03;13:11:35;-;-; 57.80; 1.0;-; 77.5; 76.4; 55.1; 0.0; 55.1;2205; 0.5; 0.6; 0.6;29; 21.4;B;0;-;On;On;Off; 32.5; 31.8;0;5;1681;5;1681;5;1495;1;-
2026/05/03;13:12:35;-;-; 57.82; 0.6;-; 76.9; 76.3; 36.4; 3.1; 33.3;2205; 0.5; 0.6; 0.6;27; 21.4;B;0;-;On;On;Off; 32.5; 32.0;0;5;1681;5;1681;5;1495;1;-
2026/05/03;13:13:35;-;-; 57.80; 0.6;-; 76.6; 76.0; 36.4; 0.0; 36.4;2205; 0.5; 0.6; 0.6;29; 21.4;B;0;-;On;On;Off; 32.5; 32.0;0;5;1681;5;1681;5;1495;1;-
2026/05/03;13:14:35;-;-; 57.80; 0.5;-; 76.8; 76.5; 28.6; 10.1; 18.6;2205; 0.5; 0.6; 0.6;28; 21.4;B;0;-;On;On;Off; 32.4; 31.7;0;5;1681;5;1681;5;1495;1;-
2026/05/03;13:15:35;-;-; 57.76; 0.4;-; 75.4; 75.3; 21.7; 21.7; 0.0;2205; 0.5; 0.5; 0.5;26; 21.4;B;0;-;On;On;Off; 32.5; 31.9;0;5;1681;5;1681;5;1495;1;-
2026/05/03;13:16:35;-;-; 57.80; 0.5;-; 76.7; 76.0; 31.0; 14.7; 16.3;2205; 0.5; 0.6; 0.6;28; 21.4;B;0;-;On;On;Off; 32.5; 32.0;0;5;1681;5;1681;5;1495;1;-
2026/05/03;13:17:35;-;-; 57.66; 0.2;-; 75.7; 75.2; 13.9; 4.6; 9.2;2205; 0.5; 0.6; 0.6;29; 21.4;B;0;-;On;On;Off; 32.5; 32.0;0;5;1681;5;1681;5;1495;1;-
2026/05/03;13:18:35;-;-; 57.80; 0.5;-; 76.3; 75.8; 31.8; 7.8; 24.0;2205; 0.5; 0.6; 0.6;28; 21.4;B;0;-;On;On;Off; 32.5; 32.0;0;5;1681;5;1681;5;1495;1;-
2026/05/03;13:19:35;-;-; 57.80; 0.6;-; 75.9; 76.0; 32.5; 31.0; 1.5;2205; 0.5; 0.6; 0.6;29; 21.4;B;0;-;On;On;Off; 32.5; 32.0;0;5;1681;5;1681;5;1495;1;-
2026/05/03;13:20:35;-;-; 57.62; 0.9;-; 75.4; 75.1; 54.1; 24.0; 30.1;2205; 0.5; 0.6; 0.6;29; 21.4;B;0;-;On;On;Off; 32.4; 31.8;0;5;1681;5;1681;5;1495;1;-
2026/05/03;13:21:35;-;-; 57.80; 0.8;-; 76.4; 75.3; 47.3; 0.0; 47.3;2205; 0.5; 0.5; 0.5;25; 21.4;B;0;-;On;On;Off; 32.5; 32.0;0;5;1681;5;1681;5;1495;1;-
2026/05/03;13:22:35;-;-; 55.81; 0.6;-; 72.9; 73.4; 35.2; 35.2; 0.0;2205; 0.5; 0.6; 0.6;30; 21.4;B;0;-;On;On;Off; 32.5; 31.9;0;5;1681;5;1681;5;1495;1;-
2026/05/03;13:23:35;-;-; 56.22; 0.8;-; 73.1; 73.0; 44.5; 25.6; 18.9;2205; 0.4; 0.5; 0.5;21; 21.4;B;0;-;On;On;Off; 32.4; 31.9;0;5;1681;5;1681;5;1495;1;-
2026/05/03;13:24:34;-;-; 57.80; 1.0;-; 76.6; 75.6; 56.6; 0.0; 56.6;2205; 0.5; 0.5; 0.5;25; 21.4;B;0;-;On;On;Off; 32.4; 31.8;0;5;1681;5;1681;5;1495;1;-
2026/05/03;13:25:34;-;-; 57.45; 1.3;-; 75.3; 75.3; 75.5; 45.4; 30.0;2205; 0.6; 0.6; 0.6;32; 21.4;B;0;-;On;On;Off; 32.5; 31.9;0;5;1681;5;1681;5;1495;1;-
2026/05/03;13:26:34;-;-; 57.80; 0.9;-; 76.9; 76.1; 51.2; 0.0; 51.2;2205; 0.5; 0.5; 0.5;27; 21.4;B;0;-;On;On;Off; 32.5; 32.0;0;5;1681;5;1681;5;1495;1;-
2026/05/03;13:27:34;-;-; 57.21; 0.5;-; 74.7; 74.6; 26.1; 22.2; 3.8;2205; 0.6; 0.6; 0.6;31; 21.4;B;0;-;On;On;Off; 32.5; 32.0;0;5;1681;5;1681;5;1495;1;-
2026/05/03;13:28:34;-;-; 56.83; 1.0;-; 74.2; 73.9; 57.2; 30.5; 26.7;2205; 0.5; 0.5; 0.5;26; 21.4;B;0;-;On;On;Off; 32.5; 31.9;0;5;1681;5;1681;5;1495;1;-
2026/05/03;13:29:34;-;-; 57.03; 0.6;-; 74.5; 75.0; 33.6; 33.6; 0.0;2205; 0.5; 0.5; 0.5;25; 21.4;B;0;-;On;On;Off; 32.4; 31.8;0;5;1681;5;1681;5;1495;1;-
2026/05/03;13:30:34;-;-; 57.80; 0.8;-; 76.4; 76.9; 48.1; 48.1; 0.0;2205; 0.5; 0.6; 0.6;29; 21.4;B;0;-;On;On;Off; 32.5; 32.0;0;5;1681;5;1681;5;1495;1;-
2026/05/03;13:31:34;-;-; 57.80; 0.9;-; 76.2; 76.5; 49.6; 49.6; 0.0;2205; 0.5; 0.6; 0.6;31; 21.4;B;0;-;On;On;Off; 32.5; 32.0;0;5;1681;5;1681;5;1495;1;-
2026/05/03;13:32:34;-;-; 57.80; 0.8;-; 76.5; 75.7; 44.2; 0.0; 44.2;2205; 0.5; 0.6; 0.6;29; 21.4;B;0;-;On;On;Off; 32.5; 32.0;0;5;1681;5;1681;5;1495;1;-
2026/05/03;13:33:34;-;-; 57.21; 1.0;-; 74.7; 74.8; 57.5; 56.8; 0.7;2205; 0.5; 0.6; 0.6;30; 21.4;B;0;-;On;On;Off; 32.5; 32.0;0;5;1681;5;1681;5;1495;1;-
2026/05/03;13:34:34;-;-; 56.28; 0.3;-; 74.4; 73.5; 17.4; 0.0; 17.4;2205; 0.5; 0.6; 0.6;27; 21.4;B;0;-;On;On;Off; 32.5; 31.8;0;5;1681;5;1681;5;1495;1;-
2026/05/03;13:35:34;-;-; 55.83; 0.6;-; 72.9; 72.7; 35.2; 23.2; 12.0;2205; 0.4; 0.5; 0.5;22; 21.4;B;0;-;On;On;Off; 32.4; 31.9;0;5;1681;5;1681;5;1495;1;-
2026/05/03;13:36:34;-;-; 56.08; 0.3;-; 73.1; 73.1; 19.5; 19.5; 0.0;2205; 0.5; 0.5; 0.5;24; 21.4;B;0;-;On;On;Off; 32.4; 31.8;0;5;1681;5;1681;5;1495;1;-
2026/05/03;13:37:34;-;-; 55.97; 0.4;-; 73.2; 73.5; 24.8; 24.8; 0.0;2205; 0.5; 0.5; 0.5;26; 21.4;B;0;-;On;On;Off; 32.4; 31.9;0;5;1681;5;1681;5;1495;1;-
2026/05/03;13:38:34;-;-; 56.50; 1.4;-; 73.6; 73.6; 77.3; 47.0; 30.3;2205; 0.5; 0.6; 0.6;27; 21.4;B;0;-;On;On;Off; 32.4; 31.9;0;5;1681;5;1681;5;1495;1;-
2026/05/03;13:39:33;-;-; 56.74; 0.4;-; 74.2; 73.7; 24.3; 9.9; 14.4;2205; 0.5; 0.6; 0.6;28; 21.4;B;0;-;On;On;Off; 32.4; 31.8;0;5;1681;5;1681;5;1495;1;-
2026/05/03;13:40:33;-;-; 57.72; 0.0;-; 76.8; 76.2; 0.8; 0.8; 0.0;2205; 0.5; 0.5; 0.5;27; 21.4;B;0;-;On;On;Off; 32.4; 31.9;0;5;1681;5;1681;5;1495;1;-
2026/05/03;13:41:33;-;-; 56.70; 0.9;-; 73.9; 73.7; 51.7; 34.2; 17.5;2205; 0.6; 0.6; 0.6;32; 21.4;B;0;-;On;On;Off; 32.4; 31.6;0;5;1681;5;1681;5;1495;1;-
2026/05/03;13:42:33;-;-; 56.99; 0.6;-; 74.4; 73.6; 35.1; 2.3; 32.9;2205; 0.4; 0.5; 0.5;23; 21.4;B;0;-;On;On;Off; 32.4; 31.9;0;5;1681;5;1681;5;1495;1;-
2026/05/03;13:43:33;-;-; 56.62; 0.7;-; 74.0; 74.2; 40.3; 32.7; 7.6;2205; 0.5; 0.6; 0.6;28; 21.4;B;0;-;On;On;Off; 32.4; 31.9;0;5;1681;5;1681;5;1495;1;-
2026/05/03;13:44:33;-;-; 57.82; 0.6;-; 77.5; 77.4; 32.5; 17.8; 14.7;2205; 0.5; 0.6; 0.6;27; 21.4;B;0;-;On;On;Off; 32.4; 31.9;0;5;1681;5;1681;5;1495;1;-
2026/05/03;13:45:33;-;-; 57.78; 1.1;-; 73.9; 74.8; 61.3; 61.3; 0.0;2205; 0.6; 0.6; 0.6;31; 21.4;B;0;-;On;On;Off; 32.4; 32.0;0;5;1681;5;1681;5;1495;1;-
2026/05/03;13:46:33;-;-; 57.80; 1.1;-; 74.1; 75.0; 62.8; 62.8; 0.0;2205; 0.5; 0.6; 0.6;29; 21.4;B;0;-;On;On;Off; 32.4; 32.0;0;5;1681;5;1681;5;1495;1;-
2026/05/03;13:47:33;-;-; 57.80; 0.6;-; 76.5; 75.6; 32.5; 4.6; 27.9;2205; 0.5; 0.6; 0.6;30; 21.4;B;0;-;On;On;Off; 32.5; 32.0;0;5;1681;5;1681;5;1495;1;-
2026/05/03;13:48:33;-;-; 57.80; 1.1;-; 74.6; 75.4; 62.1; 62.1; 0.0;2205; 0.5; 0.6; 0.6;29; 21.4;B;0;-;On;On;Off; 32.4; 32.0;0;5;1681;5;1681;5;1495;1;-
2026/05/03;13:49:33;-;-; 57.80; 0.3;-; 75.5; 75.2; 18.6; 17.8; 0.8;2205; 0.5; 0.6; 0.6;30; 21.4;B;0;-;On;On;Off; 32.5; 31.1;0;5;1681;5;1681;5;1495;1;-
2026/05/03;13:50:33;-;-; 57.80; 0.3;-; 75.4; 75.1; 15.5; 14.7; 0.8;2206; 0.4; 0.5; 0.5;23; 21.4;B;0;-;On;On;Off; 32.2; 29.8;0;5;1681;5;1681;5;1495;1;-
2026/05/03;13:51:33;-;-; 57.80; 0.9;-; 74.6; 75.4; 53.5; 53.5; 0.0;2206; 0.3; 0.3; 0.3;15; 21.4;B;0;-;On;On;Off; 32.0; 31.3;0;5;1681;5;1681;5;1495;1;-
2026/05/03;13:52:33;-;-; 57.80; 1.1;-; 74.3; 75.2; 64.4; 64.4; 0.0;2206; 0.5; 0.5; 0.5;26; 21.4;B;0;-;On;On;Off; 32.2; 31.7;0;5;1681;5;1681;5;1495;1;-
2026/05/03;13:53:33;-;-; 57.82; 0.3;-; 75.0; 74.8; 20.1; 19.4; 0.8;2206; 0.5; 0.6; 0.6;29; 21.4;B;0;-;On;On;Off; 32.1; 29.8;0;5;1681;5;1681;5;1495;1;-
2026/05/03;13:54:32;-;-; 57.80; 1.1;-; 74.4; 75.2; 65.9; 65.9; 0.0;2206; 0.3; 0.3; 0.3;16; 21.4;B;0;-;On;On;Off; 31.8; 30.0;0;5;1681;5;1681;5;1495;1;-
2026/05/03;13:55:32;-;-; 57.80; 0.8;-; 75.0; 75.3; 45.7; 45.7; 0.0;2206; 0.4; 0.4; 0.4;21; 21.4;B;0;-;On;On;Off; 32.0; 31.5;0;5;1681;5;1681;5;1495;1;-
2026/05/03;13:56:32;-;-; 57.82; 0.3;-; 75.4; 75.4; 19.3; 18.6; 0.8;2206; 0.5; 0.6; 0.6;29; 21.4;B;0;-;On;On;Off; 32.0; 29.9;0;5;1681;5;1681;5;1495;1;-
2026/05/03;13:57:32;-;-; 57.80; 0.3;-; 75.6; 75.2; 15.5; 14.7; 0.8;2206; 0.4; 0.4; 0.4;20; 21.4;B;0;-;On;On;Off; 31.8; 29.3;0;5;1681;5;1681;5;1495;1;-
2026/05/03;13:58:32;-;-; 57.80; 1.0;-; 74.7; 75.6; 58.2; 58.2; 0.0;2206; 0.3; 0.4; 0.4;16; 21.4;B;0;-;On;On;Off; 31.8; 31.2;0;5;1681;5;1681;5;1495;1;-
2026/05/03;13:59:32;-;-; 57.80; 0.9;-; 75.0; 75.4; 51.2; 51.2; 0.0;2206; 0.5; 0.6; 0.6;29; 21.4;B;0;-;On;On;Off; 32.0; 31.4;0;5;1681;5;1681;5;1495;1;-
2026/05/03;14:00:32;-;-; 57.80; 0.9;-; 74.7; 75.4; 51.9; 51.9; 0.0;2206; 0.5; 0.6; 0.6;29; 21.4;B;0;-;On;On;Off; 32.0; 31.5;0;5;1681;5;1681;5;1495;1;-
2026/05/03;14:01:32;-;-; 57.82; 0.4;-; 75.2; 75.1; 20.9; 20.1; 0.8;2206; 0.5; 0.6; 0.6;28; 21.4;B;0;-;On;On;Off; 32.0; 30.0;0;5;1681;5;1681;5;1495;1;-
2026/05/03;14:02:32;-;-; 57.80; 0.3;-; 75.5; 75.3; 18.6; 17.8; 0.8;2206; 0.4; 0.4; 0.4;20; 21.4;B;0;-;On;On;Off; 31.7; 29.3;0;5;1681;5;1681;5;1495;1;-
2026/05/03;14:03:32;-;-; 57.82; 0.6;-; 76.8; 75.6; 34.9; 0.0; 34.9;2206; 0.3; 0.3; 0.3;15; 21.4;B;0;-;On;On;Off; 31.8; 31.1;0;5;1681;5;1681;5;1495;1;-
2026/05/03;14:04:32;-;-; 57.82; 0.6;-; 78.8; 77.8; 34.9; 7.8; 27.2;2206; 0.5; 0.6; 0.6;28; 21.4;B;0;-;On;On;Off; 32.0; 31.4;0;5;1681;5;1681;5;1495;1;-
2026/05/03;14:05:32;-;-; 57.80; 1.0;-; 74.5; 75.2; 56.6; 56.6; 0.0;2206; 0.5; 0.6; 0.6;28; 21.4;B;0;-;On;On;Off; 32.0; 31.5;0;5;1681;5;1681;5;1495;1;-
2026/05/03;14:06:32;-;-; 57.82; 1.0;-; 74.7; 75.2; 56.6; 56.6; 0.0;2206; 0.5; 0.6; 0.6;28; 21.4;B;0;-;On;On;Off; 32.0; 31.6;0;5;1681;5;1681;5;1495;1;-
2026/05/03;14:07:32;-;-; 57.80; 1.1;-; 74.0; 74.9; 65.1; 65.1; 0.0;2206; 0.5; 0.6; 0.6;30; 21.4;B;0;-;On;On;Off; 32.0; 31.6;0;5;1681;5;1681;5;1495;1;-
2026/05/03;14:08:32;-;-; 57.80; 1.1;-; 73.9; 75.0; 63.6; 63.6; 0.0;2206; 0.5; 0.6; 0.6;29; 21.4;B;0;-;On;On;Off; 32.0; 31.6;0;5;1681;5;1681;5;1495;1;-
2026/05/03;14:09:31;-;-; 57.80; 0.3;-; 75.1; 74.9; 16.3; 15.5; 0.8;2206; 0.5; 0.6; 0.6;30; 21.4;B;0;-;On;On;Off; 32.0; 29.7;0;5;1681;5;1681;5;1495;1;-
2026/05/03;14:10:31;-;-; 57.82; 0.3;-; 74.9; 74.9; 19.4; 19.4; 0.0;2206; 0.3; 0.4; 0.4;17; 21.4;B;0;-;On;On;Off; 31.7; 29.3;0;5;1681;5;1681;5;1495;1;-
2026/05/03;14:11:31;-;-; 57.82; 1.1;-; 74.5; 75.3; 65.1; 65.1; 0.0;2206; 0.3; 0.4; 0.4;18; 21.4;B;0;-;On;On;Off; 31.8; 31.3;0;5;1681;5;1681;5;1495;1;-
2026/05/03;14:12:31;-;-; 57.80; 0.4;-; 75.0; 75.0; 24.8; 24.8; 0.0;2206; 0.5; 0.6; 0.6;30; 21.4;B;0;-;On;On;Off; 31.9; 30.1;0;5;1681;5;1681;5;1495;1;-
2026/05/03;14:13:31;-;-; 57.80; 0.4;-; 75.2; 75.3; 21.6; 20.9; 0.8;2206; 0.4; 0.5; 0.5;22; 21.4;B;0;-;On;On;Off; 31.6; 29.2;0;5;1681;5;1681;5;1495;1;-
2026/05/03;14:14:31;-;-; 57.80; 0.8;-; 75.1; 76.0; 45.7; 45.7; 0.0;2206; 0.3; 0.3; 0.3;15; 21.4;B;0;-;On;On;Off; 31.6; 30.9;0;5;1681;5;1681;5;1495;1;-
2026/05/03;14:15:31;-;-; 57.82; 0.6;-; 78.2; 77.6; 32.5; 10.1; 22.5;2206; 0.5; 0.5; 0.5;27; 21.4;B;0;-;On;On;Off; 31.9; 31.3;0;5;1681;5;1681;5;1495;1;-
2026/05/03;14:16:31;-;-; 57.80; 0.7;-; 77.1; 77.3; 42.7; 42.7; 0.0;2206; 0.5; 0.6; 0.6;28; 21.4;B;0;-;On;On;Off; 31.9; 31.4;0;5;1681;5;1681;5;1495;1;-
2026/05/03;14:17:31;-;-; 57.80; 0.8;-; 77.3; 76.6; 44.2; 0.0; 44.2;2206; 0.5; 0.6; 0.6;28; 21.4;B;0;-;On;On;Off; 31.9; 31.5;0;5;1681;5;1681;5;1495;1;-
2026/05/03;14:18:31;-;-; 57.82; 0.6;-; 76.8; 76.3; 33.3; 16.3; 17.0;2206; 0.5; 0.6; 0.6;29; 21.4;B;0;-;On;On;Off; 32.0; 31.5;0;5;1681;5;1681;5;1495;1;-
2026/05/03;14:19:31;-;-; 57.80; 0.8;-; 76.2; 76.1; 43.4; 43.4; 0.0;2206; 0.5; 0.6; 0.6;28; 21.4;B;0;-;On;On;Off; 32.0; 31.5;0;5;1681;5;1681;5;1495;1;-
2026/05/03;14:20:31;-;-; 57.80; 0.9;-; 75.8; 76.2; 54.3; 54.3; 0.0;2206; 0.5; 0.6; 0.6;29; 21.4;B;0;-;On;On;Off; 32.1; 31.5;0;5;1681;5;1681;5;1495;1;-
2026/05/03;14:21:31;-;-; 57.80; 1.1;-; 73.7; 74.3; 62.8; 62.8; 0.0;2206; 0.5; 0.6; 0.6;29; 21.4;B;0;-;On;On;Off; 32.1; 31.6;0;5;1681;5;1681;5;1495;1;-
2026/05/03;14:22:31;-;-; 55.81; 0.7;-; 72.9; 72.7; 38.9; 28.4; 10.5;2206; 0.5; 0.6; 0.6;27; 21.4;B;0;-;On;On;Off; 32.0; 31.5;0;5;1681;5;1681;5;1495;1;-
2026/05/03;14:23:31;-;-; 55.67; 0.7;-; 72.7; 72.5; 41.0; 23.9; 17.2;2206; 0.4; 0.5; 0.5;20; 21.4;B;0;-;On;On;Off; 32.0; 31.4;0;5;1681;5;1681;5;1495;1;-
2026/05/03;14:24:30;-;-; 56.06; 0.8;-; 73.2; 72.6; 46.6; 19.5; 27.1;2206; 0.5; 0.6; 0.6;27; 21.4;B;0;-;On;On;Off; 32.0; 31.4;0;5;1681;5;1681;5;1495;1;-
2026/05/03;14:25:30;-;-; 56.22; 1.0;-; 73.2; 72.4; 55.7; 12.8; 43.0;2206; 0.5; 0.6; 0.6;28; 21.4;B;0;-;On;On;Off; 32.0; 31.5;0;5;1681;5;1681;5;1495;1;-
2026/05/03;14:26:30;-;-; 56.12; 0.7;-; 73.2; 73.2; 42.1; 24.1; 18.0;2206; 0.5; 0.5; 0.5;25; 21.4;B;0;-;On;On;Off; 32.0; 31.5;0;5;1681;5;1681;5;1495;1;-
2026/05/03;14:27:30;-;-; 56.04; 0.9;-; 73.5; 73.0; 52.6; 21.8; 30.8;2206; 0.5; 0.6; 0.6;26; 21.4;B;0;-;On;On;Off; 32.1; 31.6;0;5;1681;5;1681;5;1495;1;-
2026/05/03;14:28:30;-;-; 56.32; 0.7;-; 73.4; 73.3; 37.7; 24.1; 13.6;2206; 0.5; 0.6; 0.6;26; 21.4;B;0;-;On;On;Off; 32.1; 31.6;0;5;1681;5;1681;5;1495;1;-
2026/05/03;14:29:30;-;-; 55.97; 0.5;-; 74.2; 73.1; 27.0; 0.0; 27.0;2206; 0.5; 0.6; 0.6;27; 21.4;B;0;-;On;On;Off; 32.1; 31.6;0;5;1681;5;1681;5;1495;1;-
2026/05/03;14:30:30;-;-; 56.38; 0.7;-; 73.4; 73.2; 40.1; 22.7; 17.4;2206; 0.5; 0.6; 0.6;27; 21.4;B;0;-;On;On;Off; 32.1; 31.6;0;5;1681;5;1681;5;1495;1;-
2026/05/03;14:31:30;-;-; 56.20; 0.9;-; 73.4; 72.8; 50.5; 24.1; 26.4;2206; 0.5; 0.6; 0.6;26; 21.4;B;0;-;On;On;Off; 32.1; 31.6;0;5;1681;5;1681;5;1495;1;-
2026/05/03;14:32:30;-;-; 56.08; 0.8;-; 72.9; 73.5; 45.2; 37.6; 7.5;2206; 0.5; 0.6; 0.6;27; 21.4;B;0;-;On;On;Off; 32.1; 31.6;0;5;1681;5;1681;5;1495;1;-
2026/05/03;14:33:30;-;-; 56.02; 0.7;-; 73.2; 73.3; 39.0; 28.6; 10.5;2206; 0.5; 0.5; 0.5;25; 21.4;B;0;-;On;On;Off; 32.1; 31.6;0;5;1681;5;1681;5;1495;1;-
2026/05/03;14:34:30;-;-; 56.26; 0.6;-; 73.5; 73.3; 33.9; 19.6; 14.3;2206; 0.5; 0.6; 0.6;28; 21.4;B;0;-;On;On;Off; 32.1; 31.6;0;5;1681;5;1681;5;1495;1;-
2026/05/03;14:35:30;-;-; 56.48; 0.8;-; 73.4; 73.5; 43.2; 27.3; 15.9;2206; 0.5; 0.6; 0.6;28; 21.4;B;0;-;On;On;Off; 32.1; 31.6;0;5;1681;5;1681;5;1495;1;-
2026/05/03;14:36:30;-;-; 56.97; 1.0;-; 73.9; 73.5; 58.1; 29.0; 29.0;2206; 0.5; 0.6; 0.6;28; 21.4;B;0;-;On;On;Off; 32.2; 31.7;0;5;1681;5;1681;5;1495;1;-
2026/05/03;14:37:30;-;-; 57.13; 0.8;-; 74.2; 74.2; 44.4; 26.0; 18.4;2206; 0.5; 0.6; 0.6;28; 21.4;B;0;-;On;On;Off; 32.2; 31.7;0;5;1681;5;1681;5;1495;1;-
2026/05/03;14:38:30;-;-; 56.93; 0.4;-; 74.8; 74.5; 23.7; 4.6; 19.1;2206; 0.5; 0.6; 0.6;29; 21.4;B;0;-;On;On;Off; 32.2; 31.7;0;5;1681;5;1681;5;1495;1;-
2026/05/03;14:39:29;-;-; 57.05; 0.0;-; 75.6; 74.9; 0.0; 0.0; 0.0;2206; 0.5; 0.6; 0.6;28; 21.4;B;0;-;On;On;Off; 32.2; 31.6;0;5;1681;5;1681;5;1495;1;-
2026/05/03;14:40:29;-;-; 57.39; 0.9;-; 74.8; 74.7; 49.3; 26.2; 23.1;2206; 0.5; 0.6; 0.6;30; 21.4;B;0;-;On;On;Off; 32.3; 31.7;0;5;1681;5;1681;6;1496;1;-
2026/05/03;14:41:29;-;-; 57.66; 0.8;-; 75.1; 74.9; 43.3; 19.3; 24.0;2206; 0.5; 0.6; 0.6;29; 21.4;B;0;-;On;On;Off; 32.3; 31.8;0;5;1681;5;1681;6;1496;1;-
2026/05/03;14:42:29;-;-; 57.60; 1.2;-; 75.5; 75.1; 69.5; 25.5; 44.0;2206; 0.5; 0.6; 0.6;30; 21.4;B;0;-;On;On;Off; 32.3; 31.5;0;5;1681;5;1681;6;1496;1;-
2026/05/03;14:43:29;-;-; 57.58; 1.4;-; 74.8; 74.8; 83.5; 46.4; 37.1;2206; 0.5; 0.6; 0.6;29; 21.4;B;0;-;On;On;Off; 32.2; 31.5;0;5;1681;5;1681;6;1496;1;-
2026/05/03;14:44:29;-;-; 57.62; 0.2;-; 75.4; 75.2; 13.1; 6.2; 6.9;2206; 0.5; 0.5; 0.5;26; 21.4;B;0;-;On;On;Off; 32.3; 31.7;0;5;1681;5;1681;6;1496;1;-
2026/05/03;14:45:29;-;-; 57.41; 1.0;-; 75.2; 74.6; 57.0; 27.0; 30.0;2206; 0.5; 0.6; 0.6;29; 21.4;B;0;-;On;On;Off; 32.3; 31.7;0;5;1681;5;1681;6;1496;1;-
2026/05/03;14:46:29;-;-; 57.60; 1.0;-; 75.1; 74.9; 58.7; 30.1; 28.6;2206; 0.5; 0.6; 0.6;27; 21.4;B;0;-;On;On;Off; 32.3; 31.6;0;5;1681;5;1681;6;1496;1;-
2026/05/03;14:47:29;-;-; 57.78; 0.9;-; 75.3; 75.1; 49.6; 17.8; 31.8;2206; 0.5; 0.6; 0.6;30; 21.4;B;0;-;On;On;Off; 32.3; 31.7;0;5;1681;5;1681;6;1496;1;-
2026/05/03;14:48:29;-;-; 57.80; 0.6;-; 76.7; 76.1; 37.2; 0.0; 37.2;2206; 0.5; 0.6; 0.6;28; 21.4;B;0;-;On;On;Off; 32.3; 31.8;0;5;1681;5;1681;6;1496;1;-
2026/05/03;14:49:29;-;-; 57.80; 0.9;-; 76.3; 77.0; 52.7; 52.7; 0.0;2206; 0.5; 0.6; 0.6;28; 21.4;B;0;-;On;On;Off; 32.3; 31.8;0;5;1681;5;1681;6;1496;1;-
2026/05/03;14:50:29;-;-; 57.80; 0.5;-; 76.2; 75.5; 28.7; 0.8; 27.9;2207; 0.5; 0.6; 0.6;29; 21.4;B;0;-;On;On;Off; 32.4; 31.9;0;5;1681;5;1681;6;1496;1;-
2026/05/03;14:51:29;-;-; 56.81; 0.8;-; 73.8; 73.7; 42.7; 23.6; 19.1;2207; 0.5; 0.6; 0.6;29; 21.4;B;0;-;On;On;Off; 32.3; 31.8;0;5;1681;5;1681;6;1496;1;-
2026/05/03;14:52:29;-;-; 57.70; 1.3;-; 75.1; 75.1; 77.4; 44.9; 32.5;2207; 0.4; 0.5; 0.5;24; 21.4;B;0;-;On;On;Off; 32.3; 31.8;0;5;1681;5;1681;6;1496;1;-
2026/05/03;14:53:29;-;-; 57.80; 0.6;-; 76.4; 75.8; 34.9; 0.0; 34.9;2207; 0.5; 0.6; 0.6;30; 21.4;B;0;-;On;On;Off; 32.4; 31.8;0;6;1682;6;1682;6;1496;1;-
2026/05/03;14:54:28;-;-; 57.80; 0.5;-; 76.8; 77.1; 26.3; 13.1; 13.1;2207; 0.5; 0.6; 0.6;30; 21.4;B;0;-;On;On;Off; 32.4; 31.9;0;6;1682;6;1682;6;1496;1;-
2026/05/03;14:55:28;-;-; 57.80; 0.5;-; 76.5; 76.6; 31.7; 18.6; 13.1;2207; 0.5; 0.6; 0.6;29; 21.4;B;0;-;On;On;Off; 32.4; 31.7;0;6;1682;6;1682;6;1496;1;-
2026/05/03;14:56:28;-;-; 57.80; 0.8;-; 75.7; 76.0; 47.3; 47.3; 0.0;2207; 0.5; 0.6; 0.6;28; 21.4;B;0;-;On;On;Off; 32.4; 31.9;0;6;1682;6;1682;6;1496;1;-
2026/05/03;14:57:28;-;-; 56.08; 0.4;-; 73.3; 73.0; 24.0; 8.3; 15.8;2207; 0.5; 0.5; 0.5;26; 21.4;B;0;-;On;On;Off; 32.3; 31.8;0;6;1682;6;1682;6;1496;1;-
2026/05/03;14:58:28;-;-; 56.08; 0.8;-; 73.3; 73.3; 45.1; 28.6; 16.5;2207; 0.4; 0.5; 0.5;21; 21.4;B;0;-;On;On;Off; 32.3; 31.8;0;6;1682;6;1682;6;1496;1;-
2026/05/03;14:59:28;-;-; 57.35; 1.1;-; 74.8; 74.8; 63.8; 37.7; 26.1;2207; 0.5; 0.5; 0.5;25; 21.4;B;0;-;On;On;Off; 32.3; 31.8;0;6;1682;6;1682;6;1496;1;-
2026/05/03;15:00:28;-;-; 57.54; 0.4;-; 75.0; 75.0; 21.6; 19.3; 2.3;2207; 0.6; 0.6; 0.6;31; 21.4;B;0;-;On;On;Off; 32.4; 31.8;0;6;1682;6;1682;6;1496;1;-
2026/05/03;15:01:28;-;-; 57.13; 1.7;-; 74.7; 74.3; 98.1; 39.1; 59.0;2207; 0.5; 0.6; 0.6;28; 21.4;B;0;-;On;On;Off; 32.3; 31.7;0;6;1682;6;1682;6;1496;1;-
2026/05/03;15:02:28;-;-; 57.58; 1.1;-; 75.2; 74.9; 62.5; 32.4; 30.1;2207; 0.5; 0.5; 0.5;25; 21.4;B;0;-;On;On;Off; 32.3; 31.4;0;6;1682;6;1682;6;1496;1;-
2026/05/03;15:03:28;-;-; 56.85; 0.0;-; 74.5; 74.7; 0.0; 0.0; 0.0;2207; 0.4; 0.5; 0.5;24; 21.4;B;0;-;On;On;Off; 32.3; 31.6;0;6;1682;6;1682;6;1496;1;-
2026/05/03;15:04:28;-;-; 57.01; 1.5;-; 74.4; 74.3; 86.4; 47.4; 39.0;2207; 0.5; 0.6; 0.6;27; 21.4;B;0;-;On;On;Off; 32.3; 31.5;0;6;1682;6;1682;6;1496;1;-
2026/05/03;15:05:28;-;-; 56.08; 0.2;-; 74.2; 73.3; 11.3; 0.0; 11.3;2207; 0.5; 0.5; 0.5;26; 21.4;B;0;-;On;On;Off; 32.3; 31.8;0;6;1682;6;1682;6;1496;1;-
2026/05/03;15:06:28;-;-; 56.66; 0.3;-; 74.1; 73.9; 19.7; 15.9; 3.8;2207; 0.5; 0.5; 0.5;25; 21.4;B;0;-;On;On;Off; 32.2; 31.6;0;6;1682;6;1682;6;1496;1;-
2026/05/03;15:07:28;-;-; 56.44; 0.8;-; 73.6; 73.5; 46.9; 30.3; 16.6;2207; 0.5; 0.6; 0.6;29; 21.4;B;0;-;On;On;Off; 32.3; 31.6;0;6;1682;6;1682;6;1496;1;-
2026/05/03;15:08:28;-;-; 56.42; 0.7;-; 73.6; 73.5; 38.6; 25.0; 13.6;2207; 0.5; 0.5; 0.5;25; 21.4;B;0;-;On;On;Off; 32.3; 31.7;0;6;1682;6;1682;6;1496;1;-
2026/05/03;15:09:27;-;-; 57.15; 0.4;-; 74.6; 74.9; 23.7; 23.7; 0.0;2207; 0.5; 0.6; 0.6;28; 21.4;B;0;-;On;On;Off; 32.3; 31.8;0;6;1682;6;1682;6;1496;1;-
2026/05/03;15:10:27;-;-; 56.79; 0.5;-; 74.6; 74.4; 25.9; 12.2; 13.7;2207; 0.5; 0.6; 0.6;29; 21.4;B;0;-;On;On;Off; 32.3; 31.7;0;6;1682;6;1682;6;1496;1;-
2026/05/03;15:11:27;-;-; 57.80; 1.0;-; 75.9; 76.4; 57.4; 57.4; 0.0;2207; 0.5; 0.6; 0.6;27; 21.4;B;0;-;On;On;Off; 32.3; 31.8;0;6;1682;6;1682;6;1496;1;-
2026/05/03;15:12:27;-;-; 57.80; 0.6;-; 75.9; 76.1; 34.9; 34.9; 0.0;2207; 0.6; 0.6; 0.6;33; 21.4;B;0;-;On;On;Off; 32.3; 31.8;0;6;1682;6;1682;6;1496;1;-
2026/05/03;15:13:27;-;-; 57.80; 0.6;-; 76.5; 75.6; 36.4; 0.8; 35.7;2207; 0.5; 0.6; 0.6;30; 21.3;B;0;-;On;On;Off; 32.4; 31.9;0;6;1682;6;1682;6;1496;1;-
2026/05/03;15:14:27;-;-; 57.80; 0.5;-; 76.2; 75.4; 30.2; 0.0; 30.2;2207; 0.5; 0.6; 0.6;29; 21.4;B;0;-;On;On;Off; 32.4; 31.8;0;6;1682;6;1682;6;1496;1;-
2026/05/03;15:15:27;-;-; 57.80; 0.9;-; 75.5; 75.9; 50.4; 50.4; 0.0;2207; 0.5; 0.6; 0.6;29; 21.4;B;0;-;On;On;Off; 32.4; 31.9;0;6;1682;6;1682;6;1496;1;-
2026/05/03;15:16:27;-;-; 57.80; 0.5;-; 76.1; 75.4; 27.8; 13.1; 14.7;2207; 0.5; 0.6; 0.6;30; 21.4;B;0;-;On;On;Off; 32.3; 31.6;0;6;1682;6;1682;6;1496;1;-
2026/05/03;15:17:27;-;-; 55.97; 1.5;-; 72.9; 74.0; 85.6; 85.6; 0.0;2207; 0.5; 0.5; 0.5;26; 21.4;B;0;-;On;On;Off; 32.3; 31.6;0;6;1682;6;1682;6;1496;1;-
2026/05/03;15:18:27;-;-; 57.01; 1.6;-; 73.9; 74.1; 94.1; 54.3; 39.7;2207; 0.5; 0.5; 0.5;26; 21.3;B;0;-;On;On;Off; 32.2; 31.3;0;6;1682;6;1682;6;1496;1;-
2026/05/03;15:19:27;-;-; 56.28; 1.5;-; 73.5; 73.3; 84.6; 46.8; 37.8;2207; 0.4; 0.5; 0.5;23; 21.4;B;0;-;On;On;Off; 32.3; 31.7;0;6;1682;6;1682;6;1496;1;-
2026/05/03;15:20:27;-;-; 57.35; 0.0;-; 75.2; 75.1; 0.0; 0.0; 0.0;2207; 0.5; 0.6; 0.6;27; 21.4;B;0;-;On;On;Off; 32.2; 31.8;0;6;1682;6;1682;6;1496;1;-
2026/05/03;15:21:27;-;-; 56.02; 1.3;-; 73.1; 74.0; 71.4; 71.4; 0.0;2207; 0.5; 0.6; 0.6;30; 21.3;B;0;-;On;On;Off; 32.2; 31.4;0;6;1682;6;1682;6;1496;1;-
2026/05/03;15:22:27;-;-; 56.64; 0.7;-; 74.8; 73.9; 39.5; 0.0; 39.5;2207; 0.4; 0.5; 0.5;22; 21.3;B;0;-;On;On;Off; 32.2; 31.7;0;6;1682;6;1682;6;1496;1;-
2026/05/03;15:23:27;-;-; 57.72; 0.7;-; 76.2; 75.1; 40.2; 0.0; 40.2;2207; 0.5; 0.6; 0.6;28; 21.3;B;0;-;On;On;Off; 32.2; 31.2;0;6;1682;6;1682;6;1496;1;-
2026/05/03;15:24:27;-;-; 56.50; 0.4;-; 73.8; 73.7; 24.9; 21.9; 3.0;2207; 0.5; 0.5; 0.5;27; 21.4;B;0;-;On;On;Off; 32.2; 31.5;0;6;1682;6;1682;6;1496;1;-
2026/05/03;15:25:26;-;-; 57.19; 0.6;-; 74.7; 75.0; 34.5; 34.5; 0.0;2207; 0.5; 0.5; 0.5;25; 21.3;B;0;-;On;On;Off; 32.3; 31.7;0;6;1682;6;1682;6;1496;1;-
2026/05/03;15:26:26;-;-; 57.80; 0.8;-; 76.2; 75.5; 43.4; 0.0; 43.4;2207; 0.5; 0.6; 0.6;30; 21.3;B;0;-;On;On;Off; 32.2; 31.1;0;6;1682;6;1682;6;1496;1;-
2026/05/03;15:27:26;-;-; 57.80; 0.9;-; 75.7; 76.1; 53.5; 53.5; 0.0;2207; 0.5; 0.5; 0.5;28; 21.3;B;0;-;On;On;Off; 32.2; 31.7;0;6;1682;6;1682;6;1496;1;-
2026/05/03;15:28:26;-;-; 57.80; 0.8;-; 76.1; 75.4; 45.0; 0.0; 45.0;2207; 0.5; 0.6; 0.6;29; 21.3;B;0;-;On;On;Off; 32.3; 31.8;0;6;1682;6;1682;6;1496;1;-
2026/05/03;15:29:26;-;-; 57.80; 0.6;-; 75.8; 75.4; 32.5; 29.5; 3.1;2207; 0.5; 0.6; 0.6;28; 21.3;B;0;-;On;On;Off; 32.3; 31.7;0;6;1682;6;1682;6;1496;1;-
2026/05/03;15:30:26;-;-; 57.23; 0.2;-; 75.1; 74.7; 10.7; 0.0; 10.7;2207; 0.5; 0.6; 0.6;28; 21.3;B;0;-;On;On;Off; 32.2; 31.5;0;6;1682;6;1682;6;1496;1;-
2026/05/03;15:31:26;-;-; 57.41; 0.8;-; 74.9; 74.7; 45.4; 21.6; 23.9;2207; 0.4; 0.5; 0.5;25; 21.3;B;0;-;On;On;Off; 32.2; 31.7;0;6;1682;6;1682;6;1496;1;-
2026/05/03;15:32:26;-;-; 57.45; 0.4;-; 75.3; 75.2; 21.6; 21.6; 0.0;2207; 0.5; 0.5; 0.5;25; 21.3;B;0;-;On;On;Off; 32.2; 31.5;0;6;1682;6;1682;6;1496;1;-
2026/05/03;15:33:26;-;-; 57.17; 1.0;-; 74.3; 74.5; 57.5; 46.0; 11.5;2207; 0.5; 0.6; 0.6;28; 21.3;B;0;-;On;On;Off; 32.2; 31.7;0;6;1682;6;1682;6;1496;1;-
2026/05/03;15:34:26;-;-; 57.09; 0.0;-; 75.8; 75.1; 0.0; 0.0; 0.0;2207; 0.5; 0.6; 0.6;28; 21.3;B;0;-;On;On;Off; 32.3; 31.8;0;6;1682;6;1682;6;1496;1;-
2026/05/03;15:35:26;-;-; 57.25; 1.3;-; 74.7; 74.7; 75.2; 55.3; 20.0;2207; 0.5; 0.6; 0.6;28; 21.3;B;0;-;On;On;Off; 32.3; 31.8;0;6;1682;6;1682;6;1496;1;-
2026/05/03;15:36:26;-;-; 57.07; 0.0;-; 75.5; 74.9; 0.0; 0.0; 0.0;2207; 0.5; 0.6; 0.6;28; 21.3;B;0;-;On;On;Off; 32.3; 31.6;0;6;1682;6;1682;6;1496;1;-
2026/05/03;15:37:26;-;-; 57.37; 0.4;-; 74.8; 75.1; 25.4; 25.4; 0.0;2207; 0.5; 0.6; 0.6;27; 21.3;B;0;-;On;On;Off; 32.3; 31.6;0;6;1682;6;1682;6;1496;1;-
2026/05/03;15:38:26;-;-; 57.35; 0.7;-; 74.7; 74.5; 40.0; 10.0; 30.0;2207; 0.5; 0.6; 0.6;28; 21.3;B;0;-;On;On;Off; 32.3; 31.8;0;6;1682;6;1682;6;1496;1;-
2026/05/03;15:39:26;-;-; 57.03; 0.5;-; 74.5; 74.7; 27.5; 27.5; 0.0;2207; 0.5; 0.6; 0.6;27; 21.3;B;0;-;On;On;Off; 32.3; 31.8;0;6;1682;6;1682;6;1496;1;-
2026/05/03;15:40:25;-;-; 57.39; 1.9;-; 74.5; 74.3; 107.0; 48.5; 58.5;2207; 0.5; 0.6; 0.6;26; 21.3;B;0;-;On;On;Off; 32.3; 31.7;0;6;1682;6;1682;6;1496;1;-
2026/05/03;15:41:25;-;-; 57.23; 0.6;-; 74.6; 74.6; 36.0; 32.2; 3.8;2207; 0.5; 0.6; 0.6;29; 21.3;B;0;-;On;On;Off; 32.2; 31.6;0;6;1682;6;1682;6;1496;1;-
2026/05/03;15:42:25;-;-; 56.58; 0.8;-; 74.1; 74.7; 44.8; 44.8; 0.0;2207; 0.5; 0.5; 0.5;26; 21.3;B;0;-;On;On;Off; 32.2; 31.5;0;6;1682;6;1682;6;1496;1;-
2026/05/03;15:43:25;-;-; 56.85; 1.2;-; 74.6; 74.1; 69.4; 17.5; 51.9;2207; 0.5; 0.5; 0.5;26; 21.3;B;0;-;On;On;Off; 32.2; 31.7;0;6;1682;6;1682;6;1496;1;-
2026/05/03;15:44:25;-;-; 56.18; 0.5;-; 73.4; 73.8; 28.6; 28.6; 0.0;2207; 0.5; 0.6; 0.6;25; 21.3;B;0;-;On;On;Off; 32.2; 31.4;0;6;1682;6;1682;6;1496;1;-
2026/05/03;15:45:25;-;-; 55.49; 0.0;-; 73.6; 72.9; 0.0; 0.0; 0.0;2207; 0.4; 0.5; 0.5;22; 21.3;B;0;-;On;On;Off; 32.2; 31.5;0;6;1682;6;1682;6;1496;1;-
2026/05/03;15:46:25;-;-; 55.93; 0.4;-; 73.4; 73.5; 24.0; 24.0; 0.0;2207; 0.4; 0.5; 0.5;23; 21.3;B;0;-;On;On;Off; 32.2; 31.6;0;6;1682;6;1682;6;1496;1;-
2026/05/03;15:47:25;-;-; 57.47; 0.6;-; 75.0; 74.9; 37.0; 25.4; 11.6;2207; 0.5; 0.6; 0.6;27; 21.3;B;0;-;On;On;Off; 32.1; 31.7;0;6;1682;6;1682;6;1496;1;-
2026/05/03;15:48:25;-;-; 57.62; 0.7;-; 74.7; 74.9; 42.5; 42.5; 0.0;2207; 0.5; 0.6; 0.6;29; 21.3;B;0;-;On;On;Off; 32.2; 31.6;0;6;1682;6;1682;6;1496;1;-
2026/05/03;15:49:25;-;-; 56.62; 0.2;-; 74.7; 74.0; 10.6; 0.0; 10.6;2207; 0.5; 0.6; 0.6;28; 21.3;B;0;-;On;On;Off; 32.3; 31.8;0;6;1682;6;1682;6;1496;1;-
2026/05/03;15:50:25;-;-; 55.57; 0.8;-; 72.6; 72.9; 44.7; 44.7; 0.0;2208; 0.4; 0.5; 0.5;23; 21.3;B;0;-;On;On;Off; 32.2; 31.7;0;6;1682;6;1682;6;1496;1;-
2026/05/03;15:51:25;-;-; 55.95; 0.4;-; 73.1; 73.5; 23.2; 23.2; 0.0;2208; 0.4; 0.5; 0.5;24; 21.3;B;0;-;On;On;Off; 32.2; 31.7;0;6;1682;6;1682;6;1496;1;-
2026/05/03;15:52:25;-;-; 56.70; 0.9;-; 73.6; 72.9; 50.9; 14.4; 36.5;2208; 0.5; 0.6; 0.6;25; 21.3;B;0;-;On;On;Off; 32.2; 31.7;0;6;1682;6;1682;6;1496;1;-
2026/05/03;15:53:25;-;-; 56.26; 0.0;-; 74.6; 73.9; 0.0; 0.0; 0.0;2208; 0.5; 0.6; 0.6;27; 21.3;B;0;-;On;On;Off; 32.2; 31.7;0;6;1682;6;1682;6;1496;1;-
2026/05/03;15:54:25;-;-; 57.01; 0.6;-; 74.4; 74.1; 32.9; 17.6; 15.3;2208; 0.5; 0.6; 0.6;26; 21.3;B;0;-;On;On;Off; 32.2; 31.7;0;6;1682;6;1682;6;1496;1;-
2026/05/03;15:55:24;-;-; 57.31; 0.6;-; 74.6; 74.7; 34.6; 34.6; 0.0;2208; 0.5; 0.6; 0.6;27; 21.3;B;0;-;On;On;Off; 32.1; 31.7;0;6;1682;6;1682;6;1496;1;-
2026/05/03;15:56:24;-;-; 57.27; 1.1;-; 74.7; 74.9; 62.2; 53.0; 9.2;2208; 0.5; 0.6; 0.6;27; 21.3;B;0;-;On;On;Off; 32.2; 31.7;0;6;1682;6;1682;6;1496;1;-
2026/05/03;15:57:24;-;-; 57.29; 0.7;-; 75.6; 74.7; 39.9; 0.0; 39.9;2208; 0.5; 0.6; 0.6;27; 21.3;B;0;-;On;On;Off; 32.3; 31.7;0;6;1682;6;1682;6;1496;1;-
2026/05/03;15:58:24;-;-; 57.29; 1.6;-; 74.7; 74.9; 90.7; 76.9; 13.8;2208; 0.5; 0.6; 0.6;27; 21.3;B;0;-;On;On;Off; 32.3; 31.7;0;6;1682;6;1682;6;1496;1;-
2026/05/03;15:59:24;-;-; 57.25; 0.9;-; 75.4; 74.5; 53.8; 0.0; 53.8;2208; 0.5; 0.6; 0.6;27; 21.3;B;0;-;On;On;Off; 32.3; 31.6;0;6;1682;6;1682;6;1496;1;-
2026/05/03;16:00:24;-;-; 57.80; 0.6;-; 75.6; 75.6; 33.3; 15.5; 17.8;2208; 0.5; 0.6; 0.6;27; 21.3;B;0;-;On;On;Off; 32.3; 31.8;0;6;1682;6;1682;6;1496;1;-
2026/05/03;16:01:24;-;-; 57.80; 0.4;-; 75.6; 75.6; 24.8; 24.0; 0.8;2208; 0.5; 0.6; 0.6;27; 21.3;B;0;-;On;On;Off; 32.2; 31.0;0;6;1682;6;1682;6;1496;1;-
2026/05/03;16:02:24;-;-; 57.80; 0.5;-; 75.5; 75.4; 31.0; 22.5; 8.5;2208; 0.4; 0.5; 0.5;22; 21.3;B;0;-;On;On;Off; 32.2; 31.1;0;6;1682;6;1682;6;1496;1;-
2026/05/03;16:03:24;-;-; 57.60; 1.0;-; 75.1; 75.0; 57.2; 30.9; 26.3;2208; 0.4; 0.5; 0.5;24; 21.3;B;0;-;On;On;Off; 32.2; 31.5;0;6;1682;6;1682;6;1496;1;-
2026/05/03;16:04:24;-;-; 57.76; 0.6;-; 75.2; 75.2; 34.9; 23.3; 11.6;2208; 0.5; 0.6; 0.6;26; 21.3;B;0;-;On;On;Off; 32.2; 31.7;0;6;1682;6;1682;6;1496;1;-
2026/05/03;16:05:24;-;-; 57.80; 0.8;-; 76.6; 75.7; 45.7; 0.0; 45.7;2208; 0.5; 0.6; 0.6;28; 21.3;B;0;-;On;On;Off; 32.2; 31.6;0;6;1682;6;1682;6;1496;1;-
2026/05/03;16:06:24;-;-; 57.80; 0.5;-; 76.0; 75.8; 31.0; 4.6; 26.3;2208; 0.5; 0.6; 0.6;29; 21.3;B;0;-;On;On;Off; 32.3; 31.7;0;6;1682;6;1682;6;1496;1;-
2026/05/03;16:07:24;-;-; 57.78; 0.9;-; 75.4; 76.0; 54.3; 54.3; 0.0;2208; 0.5; 0.6; 0.6;28; 21.3;B;0;-;On;On;Off; 32.3; 31.7;0;6;1682;6;1682;6;1496;1;-
2026/05/03;16:08:24;-;-; 57.80; 0.6;-; 75.7; 75.3; 33.3; 6.9; 26.3;2208; 0.5; 0.6; 0.6;28; 21.3;B;0;-;On;On;Off; 32.3; 31.8;0;6;1682;6;1682;6;1496;1;-
2026/05/03;16:09:24;-;-; 57.80; 1.1;-; 75.4; 76.1; 61.3; 61.3; 0.0;2208; 0.5; 0.6; 0.6;29; 21.3;B;0;-;On;On;Off; 32.3; 31.8;0;6;1682;6;1682;6;1496;1;-
2026/05/03;16:10:23;-;-; 57.82; 0.6;-; 75.9; 76.0; 33.3; 20.9; 12.4;2208; 0.5; 0.6; 0.6;28; 21.3;B;0;-;On;On;Off; 32.3; 31.8;0;6;1682;6;1682;6;1496;1;-
2026/05/03;16:11:23;-;-; 57.80; 0.8;-; 75.3; 76.1; 48.1; 48.1; 0.0;2208; 0.5; 0.6; 0.6;28; 21.3;B;0;-;On;On;Off; 32.3; 31.8;0;6;1682;6;1682;6;1496;1;-
2026/05/03;16:12:23;-;-; 57.80; 0.6;-; 76.7; 76.8; 34.1; 34.1; 0.0;2208; 0.5; 0.6; 0.6;28; 21.3;B;0;-;On;On;Off; 32.3; 31.8;0;6;1682;6;1682;6;1496;1;-
2026/05/03;16:13:23;-;-; 57.82; 1.0;-; 76.1; 75.7; 55.8; 0.0; 55.8;2208; 0.5; 0.6; 0.6;28; 21.3;B;0;-;On;On;Off; 32.3; 31.8;0;6;1682;6;1682;6;1496;1;-
2026/05/03;16:14:23;-;-; 57.80; 0.6;-; 75.5; 75.4; 34.9; 2.3; 32.5;2208; 0.5; 0.6; 0.6;28; 21.3;B;0;-;On;On;Off; 32.3; 31.8;0;6;1682;6;1682;6;1496;1;-
2026/05/03;16:15:23;-;-; 57.45; 2.3;-; 74.4; 75.0; 132.6; 116.5; 16.2;2208; 0.5; 0.6; 0.6;27; 21.3;B;0;-;On;On;Off; 32.3; 31.8;0;6;1682;6;1682;6;1496;1;-
2026/05/03;16:16:23;-;-; 57.78; 0.5;-; 75.3; 75.8; 31.0; 31.0; 0.0;2208; 0.5; 0.6; 0.6;27; 21.3;B;0;-;On;On;Off; 32.3; 31.6;0;6;1682;6;1682;6;1496;1;-
2026/05/03;16:17:23;-;-; 57.80; 0.7;-; 75.8; 75.2; 38.0; 6.9; 31.0;2208; 0.5; 0.6; 0.6;28; 21.3;B;0;-;On;On;Off; 32.2; 31.3;0;6;1682;6;1682;6;1496;1;-
2026/05/03;16:18:23;-;-; 57.80; 0.6;-; 75.5; 75.7; 34.9; 33.3; 1.5;2208; 0.5; 0.5; 0.5;26; 21.3;B;0;-;On;On;Off; 32.3; 31.6;0;6;1682;6;1682;6;1496;1;-
2026/05/03;16:19:23;-;-; 57.80; 0.8;-; 75.2; 75.6; 47.3; 47.3; 0.0;2208; 0.5; 0.6; 0.6;28; 21.3;B;0;-;On;On;Off; 32.3; 31.8;0;6;1682;6;1682;6;1496;1;-
2026/05/03;16:20:23;-;-; 57.33; 1.9;-; 74.6; 74.6; 106.9; 63.9; 43.1;2208; 0.5; 0.6; 0.6;29; 21.3;B;0;-;On;On;Off; 32.2; 31.2;0;6;1682;6;1682;6;1496;1;-
2026/05/03;16:21:23;-;-; 57.15; 0.2;-; 74.7; 74.4; 13.7; 12.2; 1.5;2208; 0.4; 0.5; 0.5;23; 21.3;B;0;-;On;On;Off; 32.1; 31.3;0;6;1682;6;1682;6;1496;1;-
2026/05/03;16:22:23;-;-; 57.21; 1.0;-; 74.9; 74.6; 54.5; 15.4; 39.1;2208; 0.4; 0.5; 0.5;23; 21.3;B;0;-;On;On;Off; 32.2; 31.4;0;6;1682;6;1682;6;1496;1;-
2026/05/03;16:23:23;-;-; 56.89; 1.0;-; 73.6; 73.5; 56.5; 33.6; 22.9;2208; 0.5; 0.5; 0.5;26; 21.3;B;0;-;On;On;Off; 32.2; 31.6;0;6;1682;6;1682;6;1496;1;-
2026/05/03;16:24:23;-;-; 56.06; 1.4;-; 74.6; 73.2; 79.0; 0.0; 79.0;2208; 0.4; 0.5; 0.5;22; 21.3;B;0;-;On;On;Off; 32.1; 31.5;0;6;1682;6;1682;6;1496;1;-
2026/05/03;16:25:22;-;-; 56.56; 0.9;-; 72.9; 73.1; 53.1; 40.2; 12.9;2208; 0.5; 0.6; 0.6;28; 21.3;B;0;-;On;On;Off; 32.1; 31.6;0;6;1682;6;1682;6;1496;1;-
2026/05/03;16:26:22;-;-; 56.60; 0.1;-; 74.4; 74.0; 3.7; 0.7; 3.0;2208; 0.5; 0.6; 0.6;25; 21.3;B;0;-;On;On;Off; 32.1; 31.6;0;6;1682;6;1682;6;1496;1;-
2026/05/03;16:27:22;-;-; 56.52; 0.4;-; 74.6; 73.6; 22.0; 0.0; 22.0;2208; 0.5; 0.6; 0.6;26; 21.3;B;0;-;On;On;Off; 32.1; 31.6;0;6;1682;6;1682;7;1497;1;-
2026/05/03;16:28:22;-;-; 57.56; 0.7;-; 74.6; 74.7; 42.5; 42.5; 0.0;2208; 0.5; 0.6; 0.6;27; 21.3;B;0;-;On;On;Off; 32.1; 31.6;0;6;1682;6;1682;7;1497;1;-
2026/05/03;16:29:22;-;-; 56.89; 0.6;-; 74.4; 74.1; 35.0; 18.3; 16.8;2208; 0.5; 0.6; 0.6;29; 21.3;B;0;-;On;On;Off; 32.2; 31.7;0;6;1682;6;1682;7;1497;1;-
2026/05/03;16:30:22;-;-; 56.75; 0.3;-; 74.6; 74.2; 18.2; 0.0; 18.2;2208; 0.4; 0.5; 0.5;24; 21.3;B;0;-;On;On;Off; 32.1; 31.4;0;6;1682;6;1682;7;1497;1;-
2026/05/03;16:31:22;-;-; 56.56; 0.9;-; 74.0; 74.1; 52.3; 40.2; 12.1;2208; 0.5; 0.6; 0.6;26; 21.3;B;0;-;On;On;Off; 32.1; 31.4;0;6;1682;6;1682;7;1497;1;-
2026/05/03;16:32:22;-;-; 56.97; 0.6;-; 74.4; 74.2; 36.7; 21.4; 15.3;2208; 0.5; 0.5; 0.5;27; 21.3;B;0;-;On;On;Off; 32.1; 31.6;0;6;1682;6;1682;7;1497;1;-
2026/05/03;16:33:22;-;-; 57.03; 0.9;-; 74.5; 74.3; 49.0; 29.1; 19.9;2208; 0.5; 0.6; 0.6;28; 21.3;B;0;-;On;On;Off; 32.2; 31.6;0;6;1682;6;1682;7;1497;1;-
2026/05/03;16:34:22;-;-; 57.01; 0.7;-; 74.6; 74.2; 42.0; 19.9; 22.2;2208; 0.5; 0.6; 0.6;27; 21.3;B;0;-;On;On;Off; 32.2; 31.7;0;6;1682;6;1682;7;1497;1;-
2026/05/03;16:35:22;-;-; 57.09; 0.6;-; 74.6; 74.4; 35.2; 19.9; 15.3;2208; 0.5; 0.6; 0.6;28; 21.3;B;0;-;On;On;Off; 32.2; 31.7;0;6;1682;6;1682;7;1497;1;-
2026/05/03;16:36:22;-;-; 57.15; 0.7;-; 74.7; 74.5; 40.6; 19.9; 20.7;2208; 0.5; 0.6; 0.6;28; 21.3;B;0;-;On;On;Off; 32.2; 31.7;0;6;1682;6;1682;7;1497;1;-
2026/05/03;16:37:22;-;-; 57.05; 0.4;-; 75.3; 74.4; 23.0; 0.0; 23.0;2208; 0.5; 0.6; 0.6;28; 21.3;B;0;-;On;On;Off; 32.2; 31.7;0;6;1682;6;1682;7;1497;1;-
2026/05/03;16:38:22;-;-; 57.31; 0.7;-; 74.6; 74.5; 38.4; 25.4; 13.0;2208; 0.5; 0.6; 0.6;28; 21.3;B;0;-;On;On;Off; 32.2; 31.7;0;6;1682;6;1682;7;1497;1;-
2026/05/03;16:39:22;-;-; 57.21; 0.6;-; 74.7; 74.5; 36.0; 20.7; 15.4;2208; 0.5; 0.6; 0.6;28; 21.3;B;0;-;On;On;Off; 32.2; 31.7;0;6;1682;6;1682;7;1497;1;-
2026/05/03;16:40:21;-;-; 57.23; 0.3;-; 74.8; 75.1; 19.2; 19.2; 0.0;2208; 0.5; 0.6; 0.6;27; 21.3;B;0;-;On;On;Off; 32.3; 31.7;0;6;1682;6;1682;7;1497;1;-
2026/05/03;16:41:21;-;-; 57.23; 0.3;-; 75.0; 75.3; 16.8; 16.8; 0.0;2208; 0.5; 0.6; 0.6;29; 21.3;B;0;-;On;On;Off; 32.2; 31.7;0;7;1683;7;1683;7;1497;1;-
2026/05/03;16:42:21;-;-; 57.21; 0.5;-; 74.8; 75.0; 28.4; 28.4; 0.0;2208; 0.5; 0.6; 0.6;27; 21.3;B;0;-;On;On;Off; 32.3; 31.7;0;7;1683;7;1683;7;1497;1;-
2026/05/03;16:43:21;-;-; 57.50; 0.7;-; 74.9; 74.7; 37.8; 17.7; 20.0;2208; 0.5; 0.6; 0.6;28; 21.3;B;0;-;On;On;Off; 32.3; 31.7;0;7;1683;7;1683;7;1497;1;-
2026/05/03;16:44:21;-;-; 57.52; 0.7;-; 75.3; 74.5; 41.6; 0.0; 41.6;2208; 0.5; 0.6; 0.6;27; 21.3;B;0;-;On;On;Off; 32.2; 31.7;0;7;1683;7;1683;7;1497;1;-
2026/05/03;16:45:21;-;-; 56.95; 0.9;-; 74.5; 74.7; 52.7; 42.8; 9.9;2208; 0.5; 0.6; 0.6;27; 21.3;B;0;-;On;On;Off; 32.3; 31.7;0;7;1683;7;1683;7;1497;1;-
2026/05/03;16:46:21;-;-; 56.87; 0.8;-; 74.4; 74.6; 45.0; 38.2; 6.8;2208; 0.5; 0.6; 0.6;26; 21.3;B;0;-;On;On;Off; 32.2; 31.7;0;7;1683;7;1683;7;1497;1;-
2026/05/03;16:47:21;-;-; 57.15; 0.7;-; 74.7; 74.5; 39.8; 17.6; 22.2;2208; 0.5; 0.6; 0.6;27; 21.3;B;0;-;On;On;Off; 32.3; 31.7;0;7;1683;7;1683;7;1497;1;-
2026/05/03;16:48:21;-;-; 57.05; 0.7;-; 74.5; 74.7; 42.1; 30.6; 11.5;2208; 0.5; 0.6; 0.6;26; 21.3;B;0;-;On;On;Off; 32.3; 31.6;0;7;1683;7;1683;7;1497;1;-
2026/05/03;16:49:21;-;-; 57.27; 0.7;-; 74.6; 74.5; 39.9; 22.3; 17.7;2208; 0.5; 0.6; 0.6;26; 21.3;B;0;-;On;On;Off; 32.3; 31.7;0;7;1683;7;1683;7;1497;1;-
2026/05/03;16:50:21;-;-; 57.19; 0.6;-; 74.3; 74.5; 34.5; 23.0; 11.5;2209; 0.5; 0.6; 0.6;27; 21.3;B;0;-;On;On;Off; 32.2; 31.8;0;7;1683;7;1683;7;1497;1;-
2026/05/03;16:51:21;-;-; 56.97; 0.7;-; 74.3; 74.1; 39.7; 19.9; 19.9;2209; 0.5; 0.6; 0.6;26; 21.3;B;0;-;On;On;Off; 32.3; 31.8;0;7;1683;7;1683;7;1497;1;-
2026/05/03;16:52:21;-;-; 56.66; 0.3;-; 74.3; 75.0; 16.7; 16.7; 0.0;2209; 0.5; 0.6; 0.6;27; 21.3;B;0;-;On;On;Off; 32.3; 31.8;0;7;1683;7;1683;7;1497;1;-
2026/05/03;16:53:21;-;-; 57.17; 0.8;-; 74.1; 74.2; 46.7; 28.3; 18.4;2209; 0.5; 0.6; 0.6;27; 21.3;B;0;-;On;On;Off; 32.3; 31.8;0;7;1683;7;1683;7;1497;1;-
2026/05/03;16:54:21;-;-; 57.37; 0.8;-; 74.2; 74.3; 46.1; 28.4; 17.7;2209; 0.5; 0.6; 0.6;27; 21.3;B;0;-;On;On;Off; 32.3; 31.8;0;7;1683;7;1683;7;1497;1;-
2026/05/03;16:55:20;-;-; 57.47; 0.8;-; 74.3; 74.4; 47.8; 29.3; 18.5;2209; 0.5; 0.6; 0.6;27; 21.3;B;0;-;On;On;Off; 32.3; 31.8;0;7;1683;7;1683;7;1497;1;-
2026/05/03;16:56:20;-;-; 57.76; 0.8;-; 74.4; 74.6; 47.2; 30.2; 17.0;2209; 0.5; 0.6; 0.6;27; 21.3;B;0;-;On;On;Off; 32.3; 31.8;0;7;1683;7;1683;7;1497;1;-
2026/05/03;16:57:20;-;-; 57.19; 0.9;-; 74.5; 74.7; 49.9; 30.7; 19.2;2209; 0.5; 0.6; 0.6;28; 21.3;B;0;-;On;On;Off; 32.3; 31.7;0;7;1683;7;1683;7;1497;1;-
2026/05/03;16:58:20;-;-; 57.07; 0.0;-; 75.5; 75.5; 0.0; 0.0; 0.0;2209; 0.5; 0.6; 0.6;28; 21.3;B;0;-;On;On;Off; 32.3; 31.6;0;7;1683;7;1683;7;1497;1;-
2026/05/03;16:59:20;-;-; 57.17; 0.7;-; 74.7; 74.6; 39.1; 15.3; 23.8;2209; 0.4; 0.6; 0.6;24; 21.3;B;0;-;On;On;Off; 32.3; 31.8;0;7;1683;7;1683;7;1497;1;-
2026/05/03;17:00:20;-;-; 57.21; 0.4;-; 75.4; 74.2; 23.8; 0.0; 23.8;2209; 0.5; 0.6; 0.6;28; 21.3;B;0;-;On;On;Off; 32.3; 31.8;0;7;1683;7;1683;7;1497;1;-
2026/05/03;17:01:20;-;-; 56.87; 0.7;-; 74.4; 74.0; 40.4; 16.0; 24.4;2209; 0.5; 0.6; 0.6;26; 21.3;B;0;-;On;On;Off; 32.3; 31.8;0;7;1683;7;1683;7;1497;1;-
2026/05/03;17:02:20;-;-; 56.72; 0.7;-; 74.1; 73.8; 41.1; 19.8; 21.3;2209; 0.5; 0.6; 0.6;27; 21.3;B;0;-;On;On;Off; 32.3; 31.8;0;7;1683;7;1683;7;1497;1;-
2026/05/03;17:03:20;-;-; 56.58; 0.7;-; 74.1; 73.7; 39.4; 15.9; 23.5;2209; 0.5; 0.6; 0.6;25; 21.3;B;0;-;On;On;Off; 32.3; 31.8;0;7;1683;7;1683;7;1497;1;-
2026/05/03;17:04:20;-;-; 56.60; 0.7;-; 73.9; 73.7; 40.9; 20.5; 20.5;2209; 0.5; 0.6; 0.6;26; 21.3;B;0;-;On;On;Off; 32.3; 31.8;0;7;1683;7;1683;7;1497;1;-
2026/05/03;17:05:20;-;-; 56.38; 0.5;-; 75.1; 73.5; 28.7; 0.0; 28.7;2209; 0.5; 0.6; 0.6;26; 21.3;B;0;-;On;On;Off; 32.3; 31.8;0;7;1683;7;1683;7;1497;1;-
2026/05/03;17:06:20;-;-; 56.81; 0.8;-; 73.9; 74.1; 46.4; 25.9; 20.5;2209; 0.5; 0.6; 0.6;26; 21.3;B;0;-;On;On;Off; 32.3; 31.8;0;7;1683;7;1683;7;1497;1;-
2026/05/03;17:07:20;-;-; 56.97; 0.7;-; 74.4; 74.1; 37.4; 18.3; 19.1;2209; 0.5; 0.6; 0.6;28; 21.3;B;0;-;On;On;Off; 32.3; 31.8;0;7;1683;7;1683;7;1497;1;-
2026/05/03;17:08:20;-;-; 57.27; 0.7;-; 74.4; 74.3; 41.5; 18.4; 23.1;2209; 0.5; 0.6; 0.6;26; 21.3;B;0;-;On;On;Off; 32.3; 31.8;0;7;1683;7;1683;7;1497;1;-
2026/05/03;17:09:20;-;-; 57.07; 0.7;-; 74.7; 74.5; 40.5; 16.8; 23.7;2209; 0.5; 0.6; 0.6;28; 21.3;B;0;-;On;On;Off; 32.3; 31.8;0;7;1683;7;1683;7;1497;1;-
2026/05/03;17:10:19;-;-; 57.62; 0.4;-; 74.6; 75.2; 24.7; 24.7; 0.0;2209; 0.5; 0.6; 0.6;27; 21.3;B;0;-;On;On;Off; 32.3; 31.7;0;7;1683;7;1683;7;1497;1;-
2026/05/03;17:11:19;-;-; 57.11; 0.8;-; 74.4; 74.6; 46.7; 28.3; 18.4;2209; 0.5; 0.6; 0.6;27; 21.3;B;0;-;On;On;Off; 32.3; 31.8;0;7;1683;7;1683;7;1497;1;-
2026/05/03;17:12:19;-;-; 57.29; 0.6;-; 74.7; 74.7; 34.5; 16.1; 18.4;2209; 0.5; 0.6; 0.6;28; 21.3;B;0;-;On;On;Off; 32.3; 31.8;0;7;1683;7;1683;7;1497;1;-
2026/05/03;17:13:19;-;-; 57.27; 0.7;-; 74.7; 74.6; 39.9; 15.4; 24.5;2209; 0.5; 0.6; 0.6;27; 21.3;B;0;-;On;On;Off; 32.3; 31.8;0;7;1683;7;1683;7;1497;1;-
2026/05/03;17:14:19;-;-; 57.37; 0.6;-; 74.9; 74.7; 33.8; 15.4; 18.4;2209; 0.5; 0.6; 0.6;27; 21.3;B;0;-;On;On;Off; 32.3; 31.8;0;7;1683;7;1683;7;1497;1;-
2026/05/03;17:15:19;-;-; 57.37; 0.7;-; 74.9; 74.6; 41.5; 15.4; 26.1;2209; 0.5; 0.6; 0.6;27; 21.3;B;0;-;On;On;Off; 32.3; 31.8;0;7;1683;7;1683;7;1497;1;-
2026/05/03;17:16:19;-;-; 57.47; 0.6;-; 75.1; 74.8; 33.1; 14.6; 18.5;2209; 0.5; 0.6; 0.6;28; 21.3;B;0;-;On;On;Off; 32.3; 31.8;0;7;1683;7;1683;7;1497;1;-
2026/05/03;17:17:19;-;-; 57.21; 0.9;-; 74.9; 74.5; 49.0; 16.8; 32.2;2209; 0.5; 0.6; 0.6;27; 21.3;B;0;-;On;On;Off; 32.3; 31.8;0;7;1683;7;1683;7;1497;1;-
2026/05/03;17:18:19;-;-; 57.56; 0.6;-; 74.9; 74.7; 36.3; 16.2; 20.1;2209; 0.5; 0.6; 0.6;27; 21.3;B;0;-;On;On;Off; 32.3; 31.7;0;7;1683;7;1683;7;1497;1;-
2026/05/03;17:19:19;-;-; 57.60; 0.7;-; 74.7; 75.0; 38.6; 23.9; 14.7;2209; 0.5; 0.6; 0.6;27; 21.3;B;0;-;On;On;Off; 32.3; 31.8;0;7;1683;7;1683;7;1497;1;-
2026/05/03;17:20:19;-;-; 57.80; 0.6;-; 75.3; 75.3; 34.9; 19.4; 15.5;2209; 0.5; 0.6; 0.6;27; 21.3;B;0;-;On;On;Off; 32.3; 31.6;0;7;1683;7;1683;7;1497;1;-
2026/05/03;17:21:19;-;-; 57.58; 0.0;-; 76.1; 76.2; 0.0; 0.0; 0.0;2209; 0.5; 0.6; 0.6;26; 21.3;B;0;-;On;On;Off; 32.3; 31.7;0;7;1683;7;1683;7;1497;1;-
2026/05/03;17:22:19;-;-; 57.70; 0.7;-; 75.2; 75.0; 40.2; 17.8; 22.4;2209; 0.5; 0.5; 0.5;26; 21.3;B;0;-;On;On;Off; 32.3; 31.8;0;7;1683;7;1683;7;1497;1;-
2026/05/03;17:23:19;-;-; 57.07; 0.6;-; 74.6; 75.8; 32.1; 32.1; 0.0;2209; 0.5; 0.6; 0.6;28; 21.3;B;0;-;On;On;Off; 32.3; 31.8;0;7;1683;7;1683;7;1497;1;-
2026/05/03;17:24:19;-;-; 56.72; 0.9;-; 74.3; 75.0; 49.4; 48.0; 1.5;2209; 0.5; 0.6; 0.6;25; 21.3;B;0;-;On;On;Off; 32.3; 31.8;0;7;1683;7;1683;7;1497;1;-
2026/05/03;17:25:18;-;-; 57.47; 1.0;-; 74.8; 74.5; 55.5; 20.8; 34.7;2209; 0.5; 0.5; 0.5;26; 21.3;B;0;-;On;On;Off; 32.3; 31.7;0;7;1683;7;1683;7;1497;1;-
2026/05/03;17:26:18;-;-; 57.50; 0.7;-; 74.9; 74.6; 41.6; 14.6; 27.0;2209; 0.5; 0.6; 0.6;29; 21.3;B;0;-;On;On;Off; 32.3; 31.6;0;7;1683;7;1683;7;1497;1;-
2026/05/03;17:27:18;-;-; 57.58; 0.6;-; 74.8; 74.9; 33.2; 20.8; 12.3;2209; 0.5; 0.6; 0.6;28; 21.3;B;0;-;On;On;Off; 32.3; 31.8;0;7;1683;7;1683;7;1497;1;-
2026/05/03;17:28:18;-;-; 57.19; 0.7;-; 74.8; 74.8; 40.7; 21.5; 19.2;2209; 0.5; 0.6; 0.6;27; 21.3;B;0;-;On;On;Off; 32.3; 31.8;0;7;1683;7;1683;7;1497;1;-
2026/05/03;17:29:18;-;-; 57.58; 0.6;-; 74.8; 74.9; 34.0; 21.6; 12.3;2209; 0.5; 0.6; 0.6;27; 21.3;B;0;-;On;On;Off; 32.3; 31.8;0;7;1683;7;1683;7;1497;1;-
2026/05/03;17:30:18;-;-; 57.39; 0.7;-; 74.7; 74.8; 41.6; 21.6; 20.0;2209; 0.5; 0.6; 0.6;26; 21.3;B;0;-;On;On;Off; 32.3; 31.8;0;7;1683;7;1683;7;1497;1;-
2026/05/03;17:31:18;-;-; 57.64; 0.2;-; 75.2; 75.1; 13.1; 4.6; 8.5;2209; 0.5; 0.6; 0.6;29; 21.3;B;0;-;On;On;Off; 32.3; 31.6;0;7;1683;7;1683;7;1497;1;-
2026/05/03;17:32:18;-;-; 57.60; 0.6;-; 75.9; 74.6; 34.0; 0.0; 34.0;2209; 0.5; 0.5; 0.5;26; 21.3;B;0;-;On;On;Off; 32.3; 31.7;0;7;1683;7;1683;7;1497;1;-
2026/05/03;17:33:18;-;-; 57.54; 0.2;-; 75.3; 75.3; 10.0; 3.1; 6.9;2209; 0.5; 0.6; 0.6;27; 21.3;B;0;-;On;On;Off; 32.3; 31.7;0;7;1683;7;1683;7;1497;1;-
2026/05/03;17:34:18;-;-; 57.78; 0.6;-; 75.3; 75.2; 33.3; 15.5; 17.8;2209; 0.4; 0.5; 0.5;24; 21.3;B;0;-;On;On;Off; 32.3; 31.6;0;7;1683;7;1683;7;1497;1;-
2026/05/03;17:35:18;-;-; 57.66; 0.7;-; 75.2; 75.0; 38.6; 17.0; 21.7;2209; 0.5; 0.6; 0.6;26; 21.3;B;0;-;On;On;Off; 32.3; 31.6;0;7;1683;7;1683;7;1497;1;-
2026/05/03;17:36:18;-;-; 57.60; 0.0;-; 76.0; 76.1; 0.0; 0.0; 0.0;2209; 0.5; 0.6; 0.6;28; 21.3;B;0;-;On;On;Off; 32.3; 31.6;0;7;1683;7;1683;7;1497;1;-
2026/05/03;17:37:18;-;-; 57.68; 1.0;-; 74.9; 74.9; 60.3; 30.2; 30.2;2209; 0.5; 0.6; 0.6;26; 21.3;B;0;-;On;On;Off; 32.2; 31.4;0;7;1683;7;1683;7;1497;1;-
2026/05/03;17:38:18;-;-; 57.62; 0.0;-; 76.2; 76.2; 0.0; 0.0; 0.0;2209; 0.5; 0.5; 0.5;25; 21.3;B;0;-;On;On;Off; 32.2; 31.7;0;7;1683;7;1683;7;1497;1;-
2026/05/03;17:39:18;-;-; 57.80; 0.6;-; 75.4; 75.3; 34.1; 13.9; 20.1;2209; 0.5; 0.6; 0.6;28; 21.3;B;0;-;On;On;Off; 32.2; 31.7;0;7;1683;7;1683;7;1497;1;-
2026/05/03;17:40:17;-;-; 57.62; 1.2;-; 74.9; 74.8; 66.4; 30.1; 36.3;2209; 0.5; 0.6; 0.6;27; 21.3;B;0;-;On;On;Off; 32.2; 31.5;0;7;1683;7;1683;7;1497;1;-
2026/05/03;17:41:17;-;-; 57.68; 0.7;-; 75.1; 75.1; 42.5; 20.9; 21.7;2209; 0.5; 0.5; 0.5;26; 21.3;B;0;-;On;On;Off; 32.2; 31.7;0;7;1683;7;1683;7;1497;1;-
2026/05/03;17:42:17;-;-; 57.62; 0.8;-; 75.2; 75.0; 43.3; 19.3; 24.0;2209; 0.5; 0.6; 0.6;28; 21.3;B;0;-;On;On;Off; 32.2; 31.7;0;7;1683;7;1683;7;1497;1;-
2026/05/03;17:43:17;-;-; 57.11; 0.4;-; 75.0; 75.4; 22.2; 21.4; 0.7;2209; 0.5; 0.6; 0.6;28; 21.3;B;0;-;On;On;Off; 32.2; 31.5;0;7;1683;7;1683;7;1497;1;-
2026/05/03;17:44:17;-;-; 57.17; 0.0;-; 76.2; 76.1; 0.0; 0.0; 0.0;2209; 0.4; 0.5; 0.5;25; 21.3;B;0;-;On;On;Off; 32.2; 31.6;0;7;1683;7;1683;7;1497;1;-
2026/05/03;17:45:17;-;-; 57.19; 1.1;-; 75.5; 74.5; 63.6; 9.2; 54.5;2209; 0.5; 0.6; 0.6;26; 21.3;B;0;-;On;On;Off; 32.2; 31.6;0;7;1683;7;1683;7;1497;1;-
2026/05/03;17:46:17;-;-; 57.54; 0.9;-; 75.3; 74.9; 49.4; 20.1; 29.3;2209; 0.5; 0.6; 0.6;26; 21.3;B;0;-;On;On;Off; 32.2; 31.4;0;7;1683;7;1683;7;1497;1;-
2026/05/03;17:47:17;-;-; 57.66; 1.0;-; 75.0; 75.0; 60.4; 34.8; 25.5;2209; 0.5; 0.5; 0.5;26; 21.3;B;0;-;On;On;Off; 32.2; 31.4;0;7;1683;7;1683;7;1497;1;-
2026/05/03;17:48:17;-;-; 57.13; 0.9;-; 75.2; 74.7; 50.6; 19.9; 30.7;2209; 0.5; 0.5; 0.5;25; 21.3;B;0;-;On;On;Off; 32.2; 31.5;0;7;1683;7;1683;7;1497;1;-
2026/05/03;17:49:17;-;-; 57.62; 0.4;-; 76.0; 75.0; 24.0; 0.0; 24.0;2209; 0.4; 0.6; 0.6;24; 21.3;B;0;-;On;On;Off; 32.2; 31.5;0;7;1683;7;1683;7;1497;1;-
2026/05/03;17:50:17;-;-; 57.49; 0.4;-; 75.3; 75.1; 23.8; 1.5; 22.3;2210; 0.5; 0.6; 0.6;27; 21.3;B;0;-;On;On;Off; 32.1; 31.5;0;7;1683;7;1683;7;1497;1;-
2026/05/03;17:51:17;-;-; 57.68; 0.4;-; 75.4; 74.8; 24.7; 3.9; 20.9;2210; 0.5; 0.6; 0.6;27; 21.3;B;0;-;On;On;Off; 32.2; 31.4;0;7;1683;7;1683;7;1497;1;-
2026/05/03;17:52:17;-;-; 57.47; 0.8;-; 74.8; 74.7; 45.5; 21.6; 23.9;2210; 0.5; 0.5; 0.5;26; 21.3;B;0;-;On;On;Off; 32.2; 31.7;0;7;1683;7;1683;7;1497;1;-
2026/05/03;17:53:17;-;-; 57.52; 0.7;-; 74.8; 74.8; 41.6; 23.2; 18.5;2210; 0.5; 0.6; 0.6;27; 21.3;B;0;-;On;On;Off; 32.2; 31.7;0;7;1683;7;1683;7;1497;1;-
2026/05/03;17:54:17;-;-; 57.60; 0.9;-; 75.1; 74.9; 52.5; 26.3; 26.3;2210; 0.5; 0.6; 0.6;27; 21.3;B;0;-;On;On;Off; 32.2; 31.6;0;7;1683;7;1683;7;1497;1;-
2026/05/03;17:55:16;-;-; 57.68; 1.7;-; 74.9; 74.9; 100.7; 54.2; 46.5;2210; 0.5; 0.6; 0.6;27; 21.3;B;0;-;On;On;Off; 32.2; 31.6;0;7;1683;7;1683;7;1497;1;-
2026/05/03;17:56:16;-;-; 57.80; 0.6;-; 75.6; 75.4; 34.8; 14.7; 20.1;2210; 0.5; 0.6; 0.6;26; 21.3;B;0;-;On;On;Off; 32.3; 31.7;0;7;1683;7;1683;7;1497;1;-
2026/05/03;17:57:16;-;-; 57.54; 0.7;-; 75.0; 74.9; 40.1; 16.9; 23.2;2210; 0.5; 0.6; 0.6;28; 21.3;B;0;-;On;On;Off; 32.3; 31.6;0;7;1683;7;1683;7;1497;1;-
2026/05/03;17:58:16;-;-; 57.54; 0.5;-; 75.0; 74.9; 30.8; 16.2; 14.6;2210; 0.5; 0.6; 0.6;26; 21.3;B;0;-;On;On;Off; 32.3; 31.7;0;7;1683;7;1683;7;1497;1;-
2026/05/03;17:59:16;-;-; 57.64; 0.7;-; 75.1; 74.6; 39.4; 8.5; 30.9;2210; 0.5; 0.6; 0.6;26; 21.3;B;0;-;On;On;Off; 32.3; 31.8;0;7;1683;7;1683;7;1497;1;-
2026/05/03;18:00:16;-;-; 57.15; 0.3;-; 75.0; 74.9; 15.3; 15.3; 0.0;2210; 0.5; 0.6; 0.6;27; 21.3;B;0;-;On;On;Off; 32.3; 31.7;0;7;1683;7;1683;7;1497;1;-
2026/05/03;18:01:16;-;-; 57.37; 1.0;-; 74.7; 74.7; 55.4; 30.8; 24.6;2210; 0.5; 0.6; 0.6;28; 21.3;B;0;-;On;On;Off; 32.3; 31.7;0;7;1683;7;1683;7;1497;1;-
2026/05/03;18:02:16;-;-; 57.09; 0.3;-; 74.8; 75.6; 15.3; 15.3; 0.0;2210; 0.5; 0.6; 0.6;26; 21.3;B;0;-;On;On;Off; 32.3; 31.8;0;7;1683;7;1683;7;1497;1;-
2026/05/03;18:03:16;-;-; 57.01; 0.6;-; 74.7; 74.5; 36.7; 15.3; 21.4;2210; 0.5; 0.6; 0.6;27; 21.3;B;0;-;On;On;Off; 32.3; 31.8;0;7;1683;7;1683;7;1497;1;-
2026/05/03;18:04:16;-;-; 56.95; 0.3;-; 75.4; 74.5; 18.3; 0.0; 18.3;2210; 0.5; 0.6; 0.6;27; 21.3;B;0;-;On;On;Off; 32.3; 31.8;0;7;1683;7;1683;7;1497;1;-
2026/05/03;18:05:16;-;-; 57.74; 0.9;-; 74.3; 74.5; 51.1; 33.3; 17.8;2210; 0.5; 0.6; 0.6;25; 21.3;B;0;-;On;On;Off; 32.3; 31.8;0;7;1683;7;1683;7;1497;1;-
2026/05/03;18:06:16;-;-; 57.05; 0.3;-; 75.4; 74.6; 18.3; 0.0; 18.3;2210; 0.5; 0.6; 0.6;26; 21.3;B;0;-;On;On;Off; 32.3; 31.8;0;7;1683;7;1683;7;1497;1;-
2026/05/03;18:07:16;-;-; 57.31; 0.7;-; 74.6; 74.5; 41.5; 23.1; 18.4;2210; 0.5; 0.6; 0.6;27; 21.3;B;0;-;On;On;Off; 32.3; 31.8;0;7;1683;7;1683;7;1497;1;-
2026/05/03;18:08:16;-;-; 57.25; 0.7;-; 74.7; 74.5; 43.0; 20.7; 22.3;2210; 0.5; 0.6; 0.6;26; 21.3;B;0;-;On;On;Off; 32.3; 31.8;0;7;1683;7;1683;7;1497;1;-
2026/05/03;18:09:16;-;-; 57.37; 0.7;-; 74.7; 74.7; 41.5; 23.1; 18.4;2210; 0.5; 0.6; 0.6;27; 21.3;B;0;-;On;On;Off; 32.3; 31.8;0;7;1683;7;1683;7;1497;1;-
2026/05/03;18:10:15;-;-; 57.23; 0.7;-; 74.7; 74.6; 40.6; 19.9; 20.7;2210; 0.5; 0.6; 0.6;27; 21.3;B;0;-;On;On;Off; 32.3; 31.8;0;7;1683;7;1683;7;1497;1;-
2026/05/03;18:11:15;-;-; 57.19; 0.7;-; 74.5; 74.5; 39.1; 21.5; 17.6;2210; 0.5; 0.6; 0.6;26; 21.3;B;0;-;On;On;Off; 32.3; 31.8;0;7;1683;7;1683;7;1497;1;-
2026/05/03;18:12:15;-;-; 56.74; 0.3;-; 74.7; 74.3; 17.5; 0.0; 17.5;2210; 0.5; 0.6; 0.6;26; 21.3;B;0;-;On;On;Off; 32.3; 31.8;0;7;1683;7;1683;7;1497;1;-
2026/05/03;18:13:15;-;-; 56.95; 0.7;-; 74.2; 74.2; 39.7; 21.4; 18.3;2210; 0.5; 0.6; 0.6;26; 21.3;B;0;-;On;On;Off; 32.3; 31.8;0;7;1683;7;1683;7;1497;1;-
2026/05/03;18:14:15;-;-; 56.50; 0.5;-; 74.1; 74.0; 28.0; 10.6; 17.4;2210; 0.5; 0.6; 0.6;26; 21.3;B;0;-;On;On;Off; 32.3; 31.8;0;7;1683;7;1683;8;1498;1;-
2026/05/03;18:15:15;-;-; 56.81; 0.6;-; 74.0; 73.9; 34.2; 20.5; 13.7;2210; 0.5; 0.6; 0.6;25; 21.3;B;0;-;On;On;Off; 32.3; 31.8;0;7;1683;7;1683;8;1498;1;-
2026/05/03;18:16:15;-;-; 56.44; 0.6;-; 73.9; 73.9; 34.0; 16.6; 17.4;2210; 0.5; 0.6; 0.6;25; 21.3;B;0;-;On;On;Off; 32.3; 31.8;0;7;1683;7;1683;8;1498;1;-
2026/05/03;18:17:15;-;-; 56.50; 0.7;-; 73.8; 73.6; 41.7; 19.0; 22.7;2210; 0.5; 0.6; 0.6;26; 21.3;B;0;-;On;On;Off; 32.3; 31.8;0;7;1683;7;1683;8;1498;1;-
2026/05/03;18:18:15;-;-; 56.46; 0.3;-; 75.0; 73.6; 19.7; 0.0; 19.7;2210; 0.5; 0.6; 0.6;26; 21.3;B;0;-;On;On;Off; 32.3; 31.8;0;7;1683;7;1683;8;1498;1;-
2026/05/03;18:19:15;-;-; 56.32; 0.7;-; 73.8; 73.4; 40.1; 17.4; 22.7;2210; 0.5; 0.6; 0.6;25; 21.3;B;0;-;On;On;Off; 32.3; 31.8;0;7;1683;7;1683;8;1498;1;-
2026/05/03;18:20:15;-;-; 56.30; 0.7;-; 73.4; 73.4; 40.0; 20.4; 19.6;2210; 0.5; 0.6; 0.6;26; 21.3;B;0;-;On;On;Off; 32.3; 31.8;0;7;1683;7;1683;8;1498;1;-
2026/05/03;18:21:15;-;-; 56.24; 0.7;-; 73.4; 73.3; 38.4; 18.1; 20.3;2210; 0.5; 0.6; 0.6;26; 21.3;B;0;-;On;On;Off; 32.3; 31.8;0;7;1683;7;1683;8;1498;1;-
2026/05/03;18:22:15;-;-; 56.26; 0.7;-; 73.5; 73.3; 39.2; 20.3; 18.9;2210; 0.5; 0.6; 0.6;26; 21.3;B;0;-;On;On;Off; 32.3; 31.8;0;7;1683;7;1683;8;1498;1;-
2026/05/03;18:23:15;-;-; 56.24; 0.7;-; 73.5; 73.2; 37.7; 17.3; 20.3;2210; 0.5; 0.6; 0.6;25; 21.3;B;0;-;On;On;Off; 32.3; 31.8;0;7;1683;7;1683;8;1498;1;-
2026/05/03;18:24:15;-;-; 56.42; 0.5;-; 73.6; 73.3; 30.3; 11.4; 18.9;2210; 0.5; 0.6; 0.6;26; 21.4;B;0;-;On;On;Off; 32.3; 31.8;0;7;1683;7;1683;8;1498;1;-
2026/05/03;18:25:14;-;-; 56.04; 0.3;-; 73.3; 73.7; 19.5; 19.5; 0.0;2210; 0.5; 0.6; 0.6;25; 21.3;B;0;-;On;On;Off; 32.3; 31.8;0;7;1683;7;1683;8;1498;1;-
2026/05/03;18:26:14;-;-; 55.99; 0.3;-; 73.3; 74.3; 16.5; 16.5; 0.0;2210; 0.5; 0.6; 0.6;25; 21.3;B;0;-;On;On;Off; 32.3; 31.8;0;7;1683;7;1683;8;1498;1;-
2026/05/03;18:27:14;-;-; 55.87; 0.7;-; 73.0; 72.7; 36.7; 18.0; 18.7;2210; 0.5; 0.6; 0.6;25; 21.3;B;0;-;On;On;Off; 32.3; 31.8;0;7;1683;7;1683;8;1498;1;-
2026/05/03;18:28:14;-;-; 55.71; 0.3;-; 72.6; 73.2; 19.4; 18.7; 0.7;2210; 0.5; 0.6; 0.6;25; 21.3;B;0;-;On;On;Off; 32.3; 30.7;0;8;1684;8;1684;8;1498;1;-
2026/05/03;18:29:14;-;-; 55.57; 0.3;-; 72.4; 73.0; 19.4; 19.4; 0.0;2210; 0.3; 0.4; 0.4;18; 21.3;B;0;-;On;On;Off; 32.0; 29.7;0;8;1684;8;1684;8;1498;1;-
2026/05/03;18:30:14;-;-; 55.41; 0.6;-; 72.4; 72.3; 34.1; 17.8; 16.3;2210; 0.2; 0.3; 0.3;13; 21.3;B;0;-;On;On;Off; 31.9; 31.1;0;8;1684;8;1684;8;1498;1;-
2026/05/03;18:31:14;-;-; 55.51; 0.6;-; 72.4; 72.2; 34.2; 17.1; 17.1;2210; 0.4; 0.5; 0.5;22; 21.3;B;0;-;On;On;Off; 32.0; 31.5;0;8;1684;8;1684;8;1498;1;-
2026/05/03;18:32:14;-;-; 55.45; 0.3;-; 72.4; 73.0; 17.8; 17.1; 0.7;2210; 0.5; 0.5; 0.5;25; 21.4;B;0;-;On;On;Off; 31.9; 29.7;0;8;1684;8;1684;8;1498;1;-
2026/05/03;18:33:14;-;-; 55.61; 0.6;-; 72.5; 72.3; 35.0; 16.4; 18.7;2210; 0.2; 0.3; 0.3;12; 21.4;B;0;-;On;On;Off; 31.7; 29.6;0;8;1684;8;1684;8;1498;1;-
2026/05/03;18:34:14;-;-; 55.53; 0.6;-; 72.7; 72.3; 35.0; 17.1; 17.9;2210; 0.3; 0.4; 0.4;17; 21.3;B;0;-;On;On;Off; 31.8; 31.2;0;8;1684;8;1684;8;1498;1;-
2026/05/03;18:35:14;-;-; 54.78; 0.0;-; 73.1; 73.1; 0.7; 0.0; 0.7;2210; 0.5; 0.6; 0.6;25; 21.3;B;0;-;On;On;Off; 30.6; 30.0;0;8;1684;8;1684;8;1498;1;-
2026/05/03;18:36:14;-;-; 53.87; 0.0;-; 73.1; 72.9; 0.7; 0.0; 0.7;2210; 0.2; 0.3; 0.3;8; 21.3;B;0;-;On;On;Off; 29.4; 29.0;0;8;1684;8;1684;8;1498;1;-
2026/05/03;18:37:14;-;-; 55.45; 0.6;-; 72.4; 72.2; 34.2; 16.3; 17.8;2210;-0.1; 0.0; 0.0;-7; 21.3;B;0;-;On;On;Off; 31.0; 30.4;0;8;1684;8;1684;8;1498;1;-
2026/05/03;18:38:14;-;-; 55.43; 0.6;-; 72.4; 72.1; 34.9; 17.1; 17.8;2210; 0.6; 0.6; 0.6;33; 21.4;B;0;-;On;On;Off; 31.4; 30.9;0;8;1684;8;1684;8;1498;1;-
2026/05/03;18:39:14;-;-; 55.41; 0.3;-; 73.0; 72.2; 19.3; 0.0; 19.3;2210; 0.5; 0.5; 0.5;25; 21.4;B;0;-;On;On;Off; 29.6; 30.9;0;8;1684;8;1684;8;1498;1;-
2026/05/03;18:40:13;-;-; 55.65; 0.6;-; 72.6; 72.4; 32.8; 17.2; 15.7;2210; 0.3; 0.3; 0.3;14; 21.4;B;0;-;On;On;Off; 29.9; 30.8;0;8;1684;8;1684;8;1498;1;-
2026/05/03;18:41:13;-;-; 55.79; 0.6;-; 72.8; 72.5; 35.1; 17.2; 17.9;2210; 0.4; 0.4; 0.4;19; 21.4;B;0;-;On;On;Off; 31.3; 30.9;0;8;1684;8;1684;8;1498;1;-
2026/05/03;18:42:13;-;-; 55.81; 0.4;-; 73.4; 72.7; 20.2; 0.0; 20.2;2210; 0.5; 0.6; 0.6;26; 21.4;B;0;-;On;On;Off; 30.0; 31.0;0;8;1684;8;1684;8;1498;1;-
2026/05/03;18:43:13;-;-; 56.02; 0.4;-; 73.9; 73.0; 20.3; 0.0; 20.3;2210; 0.3; 0.4; 0.4;18; 21.4;B;0;-;On;On;Off; 29.4; 30.8;0;8;1684;8;1684;8;1498;1;-
2026/05/03;18:44:13;-;-; 56.38; 0.7;-; 73.6; 73.3; 40.8; 18.1; 22.7;2210; 0.3; 0.3; 0.3;14; 21.4;B;0;-;On;On;Off; 31.1; 30.8;0;8;1684;8;1684;8;1498;1;-
2026/05/03;18:45:13;-;-; 56.85; 0.6;-; 74.2; 73.7; 35.0; 12.9; 22.1;2210; 0.5; 0.6; 0.6;26; 21.4;B;0;-;On;On;Off; 31.4; 31.0;0;8;1684;8;1684;8;1498;1;-
2026/05/03;18:46:13;-;-; 57.07; 0.2;-; 75.3; 74.5; 9.9; 0.0; 9.9;2210; 0.5; 0.6; 0.6;27; 21.4;B;0;-;On;On;Off; 31.5; 31.1;0;8;1684;8;1684;8;1498;1;-
2026/05/03;18:47:13;-;-; 57.05; 0.2;-; 75.3; 74.4; 13.8; 0.0; 13.8;2210; 0.5; 0.6; 0.6;29; 21.4;B;0;-;On;On;Off; 31.6; 31.1;0;8;1684;8;1684;8;1498;1;-
2026/05/03;18:48:13;-;-; 56.81; 0.6;-; 74.2; 74.0; 33.5; 16.0; 17.5;2210; 0.5; 0.6; 0.6;28; 21.4;B;0;-;On;On;Off; 31.7; 31.2;0;8;1684;8;1684;8;1498;1;-
2026/05/03;18:49:13;-;-; 56.46; 0.6;-; 73.7; 73.6; 34.0; 16.6; 17.4;2210; 0.5; 0.6; 0.6;27; 21.4;B;0;-;On;On;Off; 31.7; 31.2;0;8;1684;8;1684;8;1498;1;-
2026/05/03;18:50:13;-;-; 55.89; 0.6;-; 73.1; 73.1; 31.5; 18.7; 12.7;2211; 0.5; 0.6; 0.6;26; 21.4;B;0;-;On;On;Off; 31.7; 31.2;0;8;1684;8;1684;8;1498;1;-
2026/05/03;18:51:13;-;-; 55.73; 0.6;-; 72.7; 72.5; 35.1; 18.7; 16.4;2211; 0.4; 0.5; 0.5;24; 21.4;B;0;-;On;On;Off; 31.8; 31.3;0;8;1684;8;1684;8;1498;1;-
2026/05/03;18:52:13;-;-; 55.47; 0.3;-; 72.3; 73.0; 19.3; 18.6; 0.7;2211; 0.5; 0.5; 0.5;25; 21.4;B;0;-;On;On;Off; 31.8; 30.3;0;8;1684;8;1684;8;1498;1;-
2026/05/03;18:53:13;-;-; 55.49; 0.3;-; 72.5; 73.0; 19.3; 19.3; 0.0;2211; 0.3; 0.4; 0.4;18; 21.4;B;0;-;On;On;Off; 31.5; 29.2;0;8;1684;8;1684;8;1498;1;-
2026/05/03;18:54:13;-;-; 55.67; 0.6;-; 72.7; 72.4; 34.3; 16.4; 17.9;2211; 0.2; 0.3; 0.3;13; 21.4;B;0;-;On;On;Off; 31.4; 30.6;0;8;1684;8;1684;8;1498;1;-
2026/05/03;18:55:13;-;-; 55.57; 0.3;-; 72.7; 73.7; 17.1; 17.1; 0.0;2211; 0.4; 0.5; 0.5;23; 21.4;B;0;-;On;On;Off; 31.6; 31.0;0;8;1684;8;1684;8;1498;1;-
2026/05/03;18:56:12;-;-; 54.23; 0.0;-; 73.3; 73.2; 0.7; 0.0; 0.7;2211; 0.5; 0.5; 0.5;24; 21.4;B;0;-;On;On;Off; 29.6; 29.1;0;8;1684;8;1684;8;1498;1;-
2026/05/03;18:57:12;-;-; 55.12; 0.9;-; 72.1; 71.8; 48.8; 22.9; 25.9;2211;-0.1; 0.0; 0.0;-7; 21.3;B;0;-;On;On;Off; 29.2; 29.0;0;8;1684;8;1684;8;1498;1;-
2026/05/03;18:58:12;-;-; 55.55; 0.6;-; 72.6; 72.2; 33.5; 15.6; 17.9;2211; 0.3; 0.3; 0.3;13; 21.3;B;0;-;On;On;Off; 31.0; 30.5;0;8;1684;8;1684;8;1498;1;-
2026/05/03;18:59:12;-;-; 54.96; 0.0;-; 72.9; 72.9; 1.4; 0.7; 0.7;2211; 0.5; 0.6; 0.6;26; 21.3;B;0;-;On;On;Off; 30.6; 30.0;0;8;1684;8;1684;8;1498;1;-
2026/05/03;19:00:12;-;-; 53.89; 0.0;-; 73.0; 72.9; 0.7; 0.0; 0.7;2211; 0.2; 0.3; 0.3;12; 21.3;B;0;-;On;On;Off; 29.0; 28.5;0;8;1684;8;1684;8;1498;1;-
2026/05/03;19:01:12;-;-; 55.31; 0.6;-; 72.1; 72.0; 34.9; 17.1; 17.8;2211;-0.1; 0.0; 0.0;-7; 21.4;B;0;-;On;On;Off; 30.2; 29.8;0;8;1684;8;1684;8;1498;1;-
2026/05/03;19:02:12;-;-; 55.47; 0.6;-; 72.4; 72.3; 34.2; 17.1; 17.1;2211; 0.5; 0.5; 0.5;27; 21.4;B;0;-;On;On;Off; 30.9; 30.4;0;8;1684;8;1684;8;1498;1;-
2026/05/03;19:03:12;-;-; 55.63; 0.4;-; 73.2; 72.3; 20.1; 0.0; 20.1;2211; 0.5; 0.6; 0.6;27; 21.4;B;0;-;On;On;Off; 29.4; 30.5;0;8;1684;8;1684;8;1498;1;-
2026/05/03;19:04:12;-;-; 55.71; 0.4;-; 73.4; 72.6; 20.9; 0.7; 20.1;2211; 0.3; 0.4; 0.4;16; 21.4;B;0;-;On;On;Off; 28.9; 30.4;0;8;1684;8;1684;8;1498;1;-
2026/05/03;19:05:12;-;-; 55.91; 0.6;-; 73.0; 72.8; 34.4; 16.5; 18.0;2211; 0.3; 0.4; 0.4;16; 21.4;B;0;-;On;On;Off; 30.8; 30.4;0;8;1684;8;1684;8;1498;1;-
2026/05/03;19:06:12;-;-; 55.53; 0.0;-; 73.4; 73.2; 0.7; 0.0; 0.7;2211; 0.5; 0.6; 0.6;26; 21.3;B;0;-;On;On;Off; 30.9; 30.4;0;8;1684;8;1684;8;1498;1;-
2026/05/03;19:07:12;-;-; 54.11; 0.0;-; 73.2; 73.0; 0.7; 0.0; 0.7;2211; 0.3; 0.4; 0.4;17; 21.3;B;0;-;On;On;Off; 28.8; 28.4;0;8;1684;8;1684;8;1498;1;-
2026/05/03;19:08:12;-;-; 55.24; 0.3;-; 73.8; 72.0; 17.0; 0.0; 17.0;2211;-0.1; 0.0; 0.0;-6; 21.4;B;0;-;On;On;Off; 29.7; 29.4;0;8;1684;8;1684;8;1498;1;-
2026/05/03;19:09:12;-;-; 55.12; 0.6;-; 71.8; 71.7; 32.5; 15.5; 17.0;2211; 0.4; 0.4; 0.4;22; 21.3;B;0;-;On;On;Off; 30.6; 30.2;0;8;1684;8;1684;8;1498;1;-
2026/05/03;19:10:12;-;-; 54.27; 0.0;-; 72.3; 72.1; 0.7; 0.0; 0.7;2211; 0.5; 0.5; 0.5;25; 21.3;B;0;-;On;On;Off; 29.3; 28.8;0;8;1684;8;1684;8;1498;1;-
2026/05/03;19:11:11;-;-; 53.68; 0.0;-; 72.0; 71.9; 0.7; 0.0; 0.7;2211; 0.1; 0.2; 0.2;3; 21.3;B;0;-;On;On;Off; 28.4; 28.0;0;8;1684;8;1684;8;1498;1;-
2026/05/03;19:12:11;-;-; 54.78; 0.6;-; 71.5; 71.4; 30.8; 15.4; 15.4;2211;-0.1; 0.0; 0.0;-6; 21.3;B;0;-;On;On;Off; 30.1; 29.7;0;8;1684;8;1684;8;1498;1;-
2026/05/03;19:13:11;-;-; 54.82; 0.6;-; 71.5; 71.3; 30.8; 15.4; 15.4;2211; 0.6; 0.6; 0.6;34; 21.3;B;0;-;On;On;Off; 30.5; 30.1;0;8;1684;8;1684;8;1498;1;-
2026/05/03;19:14:11;-;-; 53.97; 0.0;-; 72.2; 72.0; 0.7; 0.0; 0.7;2211; 0.5; 0.6; 0.6;25; 21.3;B;0;-;On;On;Off; 28.7; 28.3;0;8;1684;8;1684;8;1498;1;-
2026/05/03;19:15:11;-;-; 53.72; 0.6;-; 70.1; 72.3; 32.4; 28.1; 4.3;2211;-0.1; 0.1; 0.1;-3; 21.3;B;0;-;On;On;Off; 28.3; 27.8;0;8;1684;8;1684;8;1498;1;-
2026/05/03;19:16:11;-;-; 54.92; 0.6;-; 71.6; 71.5; 33.1; 16.2; 16.9;2211; 0.1; 0.2; 0.2;7; 21.3;B;0;-;On;On;Off; 30.2; 29.7;0;8;1684;8;1684;8;1498;1;-
2026/05/03;19:17:11;-;-; 54.86; 0.0;-; 72.7; 72.4; 1.4; 0.0; 1.4;2211; 0.6; 0.6; 0.6;30; 21.3;B;0;-;On;On;Off; 30.4; 29.9;0;8;1684;8;1684;8;1498;1;-
2026/05/03;19:18:11;-;-; 53.83; 0.0;-; 72.9; 72.6; 0.0; 0.0; 0.0;2211; 0.4; 0.4; 0.4;19; 21.3;B;0;-;On;On;Off; 28.3; 27.9;0;8;1684;8;1684;8;1498;1;-
2026/05/03;19:19:11;-;-; 55.53; 0.7;-; 72.3; 72.1; 38.0; 18.6; 19.4;2211;-0.1; 0.0; 0.0;-6; 21.3;B;0;-;On;On;Off; 29.2; 28.8;0;8;1684;8;1684;8;1498;1;-
2026/05/03;19:20:11;-;-; 55.65; 0.5;-; 72.6; 72.4; 27.6; 13.4; 14.2;2211; 0.5; 0.4; 0.4;24; 21.3;B;0;-;On;On;Off; 30.2; 29.7;0;8;1684;8;1684;8;1498;1;-
2026/05/03;19:21:11;-;-; 54.76; 0.0;-; 73.0; 72.7; 0.7; 0.0; 0.7;2211; 0.5; 0.6; 0.6;27; 21.3;B;0;-;On;On;Off; 29.1; 28.6;0;8;1684;8;1684;8;1498;1;-
2026/05/03;19:22:11;-;-; 53.83; 0.0;-; 72.8; 72.5; 1.4; 0.7; 0.7;2211; 0.1; 0.3; 0.3;7; 21.3;B;0;-;On;On;Off; 28.1; 27.7;0;8;1684;8;1684;8;1498;1;-
2026/05/03;19:23:11;-;-; 55.24; 0.6;-; 72.0; 71.7; 34.8; 17.0; 17.8;2211;-0.1; 0.0; 0.0;-7; 21.3;B;0;-;On;On;Off; 29.7; 29.2;0;8;1684;8;1684;8;1498;1;-
2026/05/03;19:24:11;-;-; 55.27; 0.6;-; 72.1; 71.9; 31.9; 14.8; 17.1;2211; 0.6; 0.6; 0.6;33; 21.3;B;0;-;On;On;Off; 30.2; 29.7;0;8;1684;8;1684;8;1498;1;-
2026/05/03;19:25:11;-;-; 54.11; 0.0;-; 72.8; 72.6; 0.7; 0.0; 0.7;2211; 0.5; 0.5; 0.5;26; 21.3;B;0;-;On;On;Off; 28.3; 27.9;0;8;1684;8;1684;8;1498;1;-
2026/05/03;19:26:10;-;-; 54.19; 1.2;-; 70.5; 69.9; 63.9; 29.8; 34.1;2211;-0.1; 0.0; 0.0;-5; 21.3;B;0;-;On;On;Off; 28.0; 27.6;0;8;1684;8;1684;8;1498;1;-
2026/05/03;19:27:10;-;-; 55.10; 0.4;-; 71.7; 72.7; 23.6; 17.0; 6.6;2211; 0.2; 0.3; 0.3;10; 21.3;B;0;-;On;On;Off; 29.9; 29.4;0;8;1684;8;1684;8;1498;1;-
2026/05/03;19:28:10;-;-; 54.64; 0.0;-; 72.5; 72.3; 0.7; 0.0; 0.7;2211; 0.5; 0.6; 0.6;28; 21.3;B;0;-;On;On;Off; 29.4; 29.2;0;8;1684;8;1684;8;1498;1;-
2026/05/03;19:29:10;-;-; 53.78; 0.0;-; 72.6; 72.4; 0.7; 0.0; 0.7;2211; 0.2; 0.3; 0.3;12; 21.3;B;0;-;On;On;Off; 27.9; 27.5;0;8;1684;8;1684;8;1498;1;-
2026/05/03;19:30:10;-;-; 54.90; 0.6;-; 71.6; 71.5; 33.9; 16.9; 16.9;2211;-0.1; 0.0; 0.0;-7; 21.3;B;0;-;On;On;Off; 29.3; 28.7;0;8;1684;8;1684;8;1498;1;-
2026/05/03;19:31:10;-;-; 54.80; 0.6;-; 71.5; 71.4; 32.3; 16.1; 16.1;2211; 0.5; 0.5; 0.5;25; 21.3;B;0;-;On;On;Off; 29.9; 29.5;0;8;1684;8;1684;8;1498;1;-
2026/05/03;19:32:10;-;-; 54.13; 0.0;-; 72.1; 71.9; 0.7; 0.0; 0.7;2211; 0.5; 0.5; 0.5;24; 21.3;B;0;-;On;On;Off; 28.5; 28.2;0;8;1684;8;1684;8;1498;1;-
2026/05/03;19:33:10;-;-; 53.62; 0.0;-; 71.8; 71.5; 0.0; 0.0; 0.0;2211; 0.1; 0.2; 0.2;3; 21.3;B;0;-;On;On;Off; 27.8; 27.4;0;8;1684;8;1684;8;1498;1;-
2026/05/03;19:34:10;-;-; 53.95; 0.6;-; 70.4; 70.2; 30.4; 15.2; 15.2;2211;-0.1; 0.0; 0.0;-7; 21.3;B;0;-;On;On;Off; 29.5; 29.0;0;8;1684;8;1684;8;1498;1;-
2026/05/03;19:35:10;-;-; 53.72; 0.3;-; 71.5; 70.0; 16.5; 2.9; 13.7;2211; 0.5; 0.6; 0.6;27; 21.3;B;0;-;On;On;Off; 29.9; 29.4;0;8;1684;8;1684;8;1498;1;-
2026/05/03;19:36:10;-;-; 53.48; 0.0;-; 71.1; 71.1; 0.7; 0.0; 0.7;2211; 0.3; 0.5; 0.5;18; 21.3;B;0;-;On;On;Off; 28.0; 27.6;0;8;1684;8;1684;8;1498;1;-
2026/05/03;19:37:10;-;-; 53.46; 0.7;-; 69.8; 69.7; 35.1; 17.9; 17.2;2211;-0.1; 0.0; 0.0;-6; 21.3;B;0;-;On;On;Off; 28.4; 27.7;0;8;1684;8;1684;8;1498;1;-
2026/05/03;19:38:10;-;-; 53.72; 0.6;-; 70.1; 70.0; 33.1; 16.6; 16.6;2211; 0.2; 0.3; 0.3;8; 21.3;B;0;-;On;On;Off; 29.6; 29.2;0;8;1684;8;1684;8;1498;1;-
2026/05/03;19:39:10;-;-; 53.58; 0.0;-; 71.5; 71.3; 0.7; 0.0; 0.7;2211; 0.6; 0.6; 0.6;30; 21.3;B;0;-;On;On;Off; 28.2; 27.9;0;8;1684;8;1684;8;1498;1;-
2026/05/03;19:40:10;-;-; 53.40; 0.0;-; 71.4; 71.3; 0.7; 0.0; 0.7;2211; 0.1; 0.2; 0.2;3; 21.3;B;0;-;On;On;Off; 27.5; 27.2;0;8;1684;8;1684;8;1498;1;-
2026/05/03;19:41:09;-;-; 53.58; 0.6;-; 69.9; 69.8; 31.5; 15.8; 15.8;2211;-0.1; 0.0; 0.0;-6; 21.3;B;0;-;On;On;Off; 29.3; 28.9;0;8;1684;8;1684;8;1498;1;-
2026/05/03;19:42:09;-;-; 53.46; 0.2;-; 69.8; 70.6; 12.8; 12.1; 0.7;2211; 0.6; 0.6; 0.6;30; 21.3;B;0;-;On;On;Off; 29.7; 29.3;0;8;1684;8;1684;8;1498;1;-
2026/05/03;19:43:09;-;-; 53.34; 0.0;-; 70.2; 70.1; 0.0; 0.0; 0.0;2211; 0.3; 0.4; 0.4;14; 21.3;B;0;-;On;On;Off; 27.8; 27.4;0;8;1684;8;1684;8;1498;1;-
2026/05/03;19:44:09;-;-; 53.18; 0.3;-; 69.4; 69.3; 15.0; 7.8; 7.1;2211;-0.1; 0.0; 0.0;-7; 21.3;B;0;-;On;On;Off; 28.3; 28.0;0;8;1684;8;1684;8;1498;1;-
2026/05/03;19:45:09;-;-; 53.06; 0.1;-; 69.3; 70.5; 7.1; 7.1; 0.0;2211;-0.1; 0.2; 0.2;-4; 21.3;B;0;-;On;On;Off; 29.5; 29.0;0;8;1684;8;1684;8;1498;1;-
2026/05/03;19:46:09;-;-; 53.10; 0.0;-; 69.3; 69.2; 0.7; 0.0; 0.7;2211;-0.2; 0.2; 0.2;-7; 21.3;B;0;-;On;On;Off; 28.0; 27.5;0;8;1684;8;1684;8;1498;1;-
2026/05/03;19:47:09;-;-; 53.08; 0.0;-; 69.2; 69.1; 0.7; 0.0; 0.7;2211;-0.2; 0.1; 0.1;-9; 21.3;B;0;-;On;On;Off; 27.4; 27.0;0;8;1684;8;1684;8;1498;1;-
2026/05/03;19:48:09;-;-; 52.97; 0.2;-; 69.1; 68.9; 8.5; 4.2; 4.2;2211;-0.1; 0.0; 0.0;-7; 21.3;B;0;-;On;On;Off; 29.3; 28.8;0;8;1684;8;1684;8;1498;1;-
2026/05/03;19:49:09;-;-; 52.93; 0.0;-; 68.2; 68.2; 0.0; 0.0; 0.0;2211;-0.3; 0.1; 0.1;-17; 21.3;B;0;-;On;On;Off; 28.9; 28.3;0;8;1684;8;1684;8;1498;1;-
2026/05/03;19:50:09;-;-; 52.95; 0.0;-; 68.4; 68.0; 1.4; 0.7; 0.7;2212;-0.3; 0.1; 0.1;-15; 21.3;B;0;-;On;On;Off; 27.5; 27.1;0;8;1684;8;1684;8;1498;1;-
2026/05/03;19:51:09;-;-; 52.83; 0.1;-; 70.3; 68.8; 2.8; 0.0; 2.8;2212;-0.1; 0.0; 0.0;-7; 21.3;B;0;-;On;On;Off; 28.8; 28.4;0;8;1684;8;1684;8;1498;1;-
2026/05/03;19:52:09;-;-; 52.77; 0.2;-; 68.9; 68.8; 9.8; 4.9; 4.9;2212;-0.4; 0.1; 0.1;-18; 21.3;B;0;-;On;On;Off; 29.5; 29.0;0;8;1684;8;1684;8;1498;1;-
2026/05/03;19:53:09;-;-; 52.83; 0.0;-; 69.1; 69.0; 0.7; 0.0; 0.7;2212;-0.4; 0.1; 0.1;-19; 21.3;B;0;-;On;On;Off; 27.6; 27.2;0;8;1684;8;1684;8;1498;1;-
2026/05/03;19:54:09;-;-; 52.79; 0.3;-; 68.9; 68.7; 17.7; 9.2; 8.5;2212;-0.1; 0.0; 0.0;-7; 21.3;B;0;-;On;On;Off; 27.7; 27.4;0;8;1684;8;1684;8;1498;1;-
2026/05/03;19:55:09;-;-; 52.81; 0.4;-; 69.0; 68.6; 22.6; 11.3; 11.3;2212;-0.1; 0.1; 0.1;-4; 21.3;B;0;-;On;On;Off; 29.3; 28.8;0;8;1684;8;1684;8;1498;1;-
2026/05/03;19:56:08;-;-; 52.79; 0.0;-; 70.4; 70.2; 0.7; 0.0; 0.7;2212; 0.2; 0.4; 0.4;8; 21.3;B;0;-;On;On;Off; 28.0; 27.5;0;8;1684;8;1684;8;1498;1;-
2026/05/03;19:57:08;-;-; 52.81; 0.0;-; 70.5; 70.3; 0.0; 0.0; 0.0;2212;-0.0; 0.2; 0.2;0; 21.3;B;0;-;On;On;Off; 27.3; 26.8;0;8;1684;8;1684;8;1498;1;-
2026/05/03;19:58:08;-;-; 52.81; 0.5;-; 68.9; 68.7; 26.2; 13.4; 12.7;2212;-0.1; 0.0; 0.0;-7; 21.3;B;0;-;On;On;Off; 29.0; 28.5;0;8;1684;8;1684;8;1498;1;-
2026/05/03;19:59:08;-;-; 52.81; 0.0;-; 69.8; 69.8; 0.7; 0.0; 0.7;2212; 0.4; 0.5; 0.5;18; 21.3;B;0;-;On;On;Off; 29.1; 28.5;0;8;1684;8;1684;8;1498;1;-
2026/05/03;20:00:08;-;-; 52.81; 0.0;-; 69.7; 69.6; 0.7; 0.0; 0.7;2212; 0.1; 0.3; 0.3;7; 21.3;B;0;-;On;On;Off; 27.4; 26.9;0;8;1684;8;1684;8;1498;1;-
2026/05/03;20:01:08;-;-; 52.75; 0.3;-; 68.9; 68.8; 17.6; 9.2; 8.4;2212;-0.1; 0.0; 0.0;-6; 21.3;B;0;-;On;On;Off; 28.5; 28.1;0;8;1684;8;1684;8;1498;1;-
2026/05/03;20:02:08;-;-; 52.71; 0.3;-; 68.7; 68.6; 18.4; 9.2; 9.2;2212; 0.0; 0.2; 0.2;0; 21.3;B;0;-;On;On;Off; 29.3; 28.8;0;8;1684;8;1684;8;1498;1;-
2026/05/03;20:03:08;-;-; 52.73; 0.0;-; 69.5; 69.6; 1.4; 0.7; 0.7;2212; 0.1; 0.3; 0.3;3; 21.3;B;0;-;On;On;Off; 27.6; 27.1;0;8;1684;8;1684;8;1498;1;-
2026/05/03;20:04:08;-;-; 52.73; 0.4;-; 68.9; 68.7; 22.6; 11.3; 11.3;2212;-0.1; 0.0; 0.0;-7; 21.3;B;0;-;On;On;Off; 27.2; 26.9;0;8;1684;8;1684;8;1498;1;-
2026/05/03;20:05:08;-;-; 52.71; 0.5;-; 68.9; 68.6; 24.7; 12.0; 12.7;2212;-0.1; 0.1; 0.1;-2; 21.3;B;0;-;On;On;Off; 29.1; 28.6;0;8;1684;8;1684;8;1498;1;-
2026/05/03;20:06:08;-;-; 52.73; 0.0;-; 70.1; 69.9; 0.7; 0.0; 0.7;2212; 0.3; 0.4; 0.4;14; 21.3;B;0;-;On;On;Off; 28.1; 27.6;0;8;1684;8;1684;8;1498;1;-
2026/05/03;20:07:08;-;-; 52.71; 0.0;-; 69.9; 69.9; 1.4; 0.7; 0.7;2212; 0.1; 0.2; 0.2;2; 21.3;B;0;-;On;On;Off; 27.2; 26.7;0;8;1684;8;1684;8;1498;1;-
2026/05/03;20:08:08;-;-; 52.69; 0.4;-; 68.7; 68.5; 20.5; 10.6; 9.9;2212;-0.1; 0.0; 0.0;-7; 21.3;B;0;-;On;On;Off; 28.8; 28.3;0;8;1684;8;1684;8;1498;1;-
2026/05/03;20:09:08;-;-; 52.67; 0.0;-; 69.5; 69.4; 0.7; 0.0; 0.7;2212; 0.1; 0.4; 0.4;6; 21.3;B;0;-;On;On;Off; 29.3; 28.8;0;8;1684;8;1684;8;1498;1;-
2026/05/03;20:10:08;-;-; 52.67; 0.0;-; 69.3; 69.2; 0.7; 0.0; 0.7;2212; 0.1; 0.3; 0.3;3; 21.2;B;0;-;On;On;Off; 27.3; 26.9;0;8;1684;8;1684;8;1498;1;-
2026/05/03;20:11:08;-;-; 52.63; 0.3;-; 68.7; 68.5; 14.1; 7.1; 7.1;2212;-0.1; 0.0; 0.0;-7; 21.3;B;0;-;On;On;Off; 28.1; 27.8;0;8;1684;8;1684;8;1498;1;-
2026/05/03;20:12:07;-;-; 52.57; 0.2;-; 68.7; 68.5; 12.6; 6.3; 6.3;2212;-0.1; 0.2; 0.2;-4; 21.3;B;0;-;On;On;Off; 29.1; 28.7;0;8;1684;8;1684;8;1498;1;-
2026/05/03;20:13:07;-;-; 52.61; 0.0;-; 68.6; 68.4; 0.7; 0.0; 0.7;2212;-0.2; 0.2; 0.2;-8; 21.3;B;0;-;On;On;Off; 27.6; 27.1;0;8;1684;8;1684;8;1498;1;-
2026/05/03;20:14:07;-;-; 52.59; 0.1;-; 69.3; 68.9; 4.2; 4.2; 0.0;2212;-0.2; 0.1; 0.1;-8; 21.3;B;0;-;On;On;Off; 27.0; 26.6;0;8;1684;8;1684;8;1498;1;-
2026/05/03;20:15:07;-;-; 52.55; 0.4;-; 68.6; 68.4; 19.7; 9.8; 9.8;2212;-0.1; 0.1; 0.1;-7; 21.3;B;0;-;On;On;Off; 28.9; 28.5;0;8;1684;8;1684;8;1498;1;-
2026/05/03;20:16:07;-;-; 52.57; 0.0;-; 70.1; 69.9; 0.7; 0.0; 0.7;2212; 0.0; 0.3; 0.3;1; 21.2;B;0;-;On;On;Off; 28.2; 27.7;0;8;1684;8;1684;8;1498;1;-
2026/05/03;20:17:07;-;-; 52.57; 0.0;-; 70.2; 70.1; 0.7; 0.0; 0.7;2212; 0.0; 0.2; 0.2;0; 21.2;B;0;-;On;On;Off; 27.1; 26.7;0;8;1684;8;1684;8;1498;1;-
2026/05/03;20:18:07;-;-; 52.61; 0.4;-; 69.7; 68.6; 23.3; 9.2; 14.1;2212;-0.1; 0.0; 0.0;-6; 21.3;B;0;-;On;On;Off; 28.6; 28.1;0;8;1684;8;1684;8;1498;1;-
2026/05/03;20:19:07;-;-; 52.61; 0.5;-; 68.6; 68.5; 25.4; 12.7; 12.7;2212; 0.3; 0.4; 0.4;14; 21.3;B;0;-;On;On;Off; 29.2; 28.7;0;8;1684;8;1684;8;1498;1;-
2026/05/03;20:20:07;-;-; 52.61; 0.0;-; 69.8; 69.6; 1.4; 0.7; 0.7;2212; 0.3; 0.4; 0.4;15; 21.2;B;0;-;On;On;Off; 27.3; 26.9;0;8;1684;8;1684;8;1498;1;-
2026/05/03;20:21:07;-;-; 52.57; 0.3;-; 68.7; 68.3; 18.3; 9.2; 9.2;2212;-0.1; 0.0; 0.0;-6; 21.2;B;0;-;On;On;Off; 27.7; 27.4;0;8;1684;8;1684;8;1498;1;-
2026/05/03;20:22:07;-;-; 52.53; 0.3;-; 68.6; 68.4; 16.8; 8.4; 8.4;2212;-0.0; 0.2; 0.2;-1; 21.3;B;0;-;On;On;Off; 29.0; 28.5;0;8;1684;8;1684;8;1498;1;-
2026/05/03;20:23:07;-;-; 52.55; 0.0;-; 68.9; 68.6; 0.7; 0.7; 0.0;2212; 0.1; 0.3; 0.3;2; 21.2;B;0;-;On;On;Off; 27.6; 27.2;0;8;1684;8;1684;8;1498;1;-
2026/05/03;20:24:07;-;-; 52.55; 0.0;-; 68.5; 68.4; 0.7; 0.0; 0.7;2212;-0.1; 0.1; 0.1;-6; 21.2;B;0;-;On;On;Off; 27.0; 26.6;0;8;1684;8;1684;8;1498;1;-
2026/05/03;20:25:07;-;-; 52.43; 0.1;-; 68.5; 69.6; 5.6; 5.6; 0.0;2212;-0.1; 0.0; 0.0;-7; 21.3;B;0;-;On;On;Off; 28.8; 28.3;0;8;1684;8;1684;8;1498;1;-
2026/05/03;20:26:07;-;-; 52.43; 0.0;-; 68.2; 68.2; 0.0; 0.0; 0.0;2212;-0.2; 0.2; 0.2;-12; 21.2;B;0;-;On;On;Off; 28.6; 28.1;0;8;1684;8;1684;8;1498;1;-
2026/05/03;20:27:06;-;-; 52.45; 0.0;-; 68.1; 68.0; 0.7; 0.0; 0.7;2212;-0.3; 0.1; 0.1;-13; 21.2;B;0;-;On;On;Off; 27.1; 26.7;0;8;1684;8;1684;8;1498;1;-
2026/05/03;20:28:06;-;-; 52.37; 0.2;-; 68.3; 68.2; 8.4; 4.2; 4.2;2212;-0.2; 0.0; 0.0;-7; 21.2;B;0;-;On;On;Off; 28.3; 27.9;0;8;1684;8;1684;8;1498;1;-
2026/05/03;20:29:06;-;-; 52.31; 0.2;-; 68.3; 68.1; 9.7; 4.9; 4.9;2212;-0.3; 0.1; 0.1;-13; 21.3;B;0;-;On;On;Off; 29.1; 28.6;0;8;1684;8;1684;8;1498;1;-
2026/05/03;20:30:06;-;-; 52.37; 0.0;-; 67.6; 67.4; 1.4; 0.7; 0.7;2212;-0.3; 0.1; 0.1;-17; 21.2;B;0;-;On;On;Off; 27.3; 26.8;0;8;1684;8;1684;8;1498;1;-
2026/05/03;20:31:06;-;-; 52.33; 0.1;-; 68.3; 68.1; 6.3; 3.5; 2.8;2212;-0.2; 0.0; 0.0;-9; 21.2;B;0;-;On;On;Off; 27.2; 26.9;0;8;1684;8;1684;8;1498;1;-
2026/05/03;20:32:06;-;-; 52.26; 0.1;-; 68.1; 68.0; 6.3; 3.5; 2.8;2212;-0.2; 0.0; 0.0;-10; 21.2;B;0;-;On;On;Off; 28.9; 28.4;0;8;1684;8;1684;8;1498;1;-
2026/05/03;20:33:06;-;-; 52.30; 0.0;-; 67.1; 66.9; 0.7; 0.0; 0.7;2212;-0.5; 0.1; 0.1;-23; 21.2;B;0;-;On;On;Off; 27.8; 27.3;0;8;1684;8;1684;8;1498;1;-
2026/05/03;20:34:06;-;-; 52.33; 0.0;-; 66.8; 66.8; 0.7; 0.0; 0.7;2212;-0.3; 0.0; 0.0;-15; 21.2;B;0;-;On;On;Off; 26.9; 26.5;0;8;1684;8;1684;8;1498;1;-
2026/05/03;20:35:06;-;-; 52.18; 0.1;-; 68.1; 67.9; 4.9; 2.8; 2.1;2212;-0.2; 0.0; 0.0;-7; 21.2;B;0;-;On;On;Off; 28.7; 28.2;0;8;1684;8;1684;8;1498;1;-
2026/05/03;20:36:06;-;-; 52.18; 0.0;-; 67.2; 66.9; 0.7; 0.0; 0.7;2212;-0.5; 0.0; 0.0;-25; 21.2;B;0;-;On;On;Off; 29.0; 28.4;0;8;1684;8;1684;8;1498;1;-
2026/05/03;20:37:06;-;-; 52.24; 0.0;-; 67.0; 66.9; 0.0; 0.0; 0.0;2212;-0.5; 0.0; 0.0;-25; 21.2;B;0;-;On;On;Off; 27.1; 26.7;0;8;1684;8;1684;8;1498;1;-
2026/05/03;20:38:06;-;-; 52.12; 0.1;-; 68.0; 71.4; 3.5; 3.5; 0.0;2212;-0.2; 0.0; 0.0;-7; 21.2;B;0;-;On;On;Off; 28.1; 27.7;0;8;1684;8;1684;8;1498;1;-
2026/05/03;20:39:06;-;-; 52.04; 0.0;-; 71.3; 67.8; 2.1; 0.0; 2.1;2212;-0.4; 0.0; 0.0;-20; 21.2;B;0;-;On;On;Off; 29.0; 28.5;0;8;1684;8;1684;8;1498;1;-
2026/05/03;20:40:06;-;-; 52.14; 0.0;-; 66.1; 65.8; 0.0; 0.0; 0.0;2212;-0.7; 0.0; 0.0;-33; 21.2;B;0;-;On;On;Off; 27.3; 26.9;0;8;1684;8;1684;8;1498;1;-
2026/05/03;20:41:06;-;-; 52.16; 0.0;-; 66.1; 65.8; 0.7; 0.0; 0.7;2212;-0.3; 0.0; 0.0;-13; 21.2;B;0;-;On;On;Off; 26.8; 26.5;0;8;1684;8;1684;8;1498;1;-
2026/05/03;20:42:05;-;-; 52.22; 0.0;-; 65.9; 65.8; 0.0; 0.0; 0.0;2212;-0.2; 0.0; 0.0;-7; 21.2;B;0;-;On;On;Off; 26.7; 26.3;0;8;1684;8;1684;8;1498;1;-
2026/05/03;20:43:05;-;-; 52.24; 0.0;-; 66.1; 65.8; 0.0; 0.0; 0.0;2212;-0.1; 0.0; 0.0;-7; 21.2;B;0;-;On;On;Off; 26.5; 26.1;0;8;1684;8;1684;8;1498;1;-
2026/05/03;20:44:05;-;-; 52.26; 0.0;-; 66.0; 65.9; 1.4; 0.7; 0.7;2212;-0.1; 0.0; 0.0;-7; 21.2;B;0;-;On;On;Off; 26.3; 26.0;0;8;1684;8;1684;8;1498;1;-
2026/05/03;20:45:05;-;-; 52.24; 0.0;-; 66.2; 66.2; 0.0; 0.0; 0.0;2212;-0.1; 0.0; 0.0;-7; 21.2;B;0;-;On;On;Off; 26.3; 25.9;0;8;1684;8;1684;8;1498;1;-
2026/05/03;20:46:05;-;-; 52.26; 0.0;-; 66.3; 66.1; 0.0; 0.0; 0.0;2212;-0.2; 0.0; 0.0;-8; 21.2;B;0;-;On;On;Off; 26.2; 25.8;0;8;1684;8;1684;8;1498;1;-
2026/05/03;20:47:05;-;-; 52.28; 0.0;-; 66.5; 66.3; 0.7; 0.7; 0.0;2212;-0.2; 0.0; 0.0;-7; 21.2;B;0;-;On;On;Off; 26.1; 25.7;0;8;1684;8;1684;8;1498;1;-
2026/05/03;20:48:05;-;-; 52.20; 0.0;-; 68.2; 66.4; 0.7; 0.7; 0.0;2212;-0.1; 0.0; 0.0;-7; 21.2;B;0;-;On;On;Off; 27.0; 25.7;0;8;1684;8;1684;8;1498;1;-
2026/05/03;20:49:05;-;-; 52.16; 0.0;-; 68.1; 66.4; 2.1; 2.1; 0.0;2212;-0.3; 0.0; 0.0;-15; 21.2;B;0;-;On;On;Off; 28.0; 25.8;0;8;1684;8;1684;8;1498;1;-
2026/05/03;20:50:05;-;-; 52.20; 0.0;-; 66.6; 66.4; 0.0; 0.0; 0.0;2213;-0.4; 0.0; 0.0;-21; 21.2;B;0;-;On;On;Off; 26.4; 25.8;0;8;1684;8;1684;8;1498;1;-
2026/05/03;20:51:05;-;-; 52.22; 0.0;-; 66.5; 66.4; 0.0; 0.0; 0.0;2213;-0.2; 0.0; 0.0;-12; 21.2;B;0;-;On;On;Off; 26.0; 25.6;0;8;1684;8;1684;8;1498;1;-
2026/05/03;20:52:05;-;-; 52.14; 0.0;-; 68.0; 66.4; 2.1; 2.1; 0.0;2213;-0.2; 0.0; 0.0;-9; 21.2;B;0;-;On;On;Off; 27.8; 25.6;0;8;1684;8;1684;8;1498;1;-
2026/05/03;20:53:05;-;-; 52.12; 0.0;-; 66.6; 66.4; 0.7; 0.7; 0.0;2213;-0.4; 0.0; 0.0;-22; 21.2;B;0;-;On;On;Off; 27.3; 26.5;0;8;1684;8;1684;8;1498;1;-
2026/05/03;20:54:05;-;-; 52.16; 0.0;-; 66.6; 66.4; 0.7; 0.0; 0.7;2213;-0.5; 0.0; 0.0;-23; 21.2;B;0;-;On;On;Off; 26.1; 25.7;0;8;1684;8;1684;8;1498;1;-
2026/05/03;20:55:05;-;-; 52.02; 0.0;-; 72.0; 70.9; 0.0; 0.0; 0.0;2213;-0.2; 0.0; 0.0;-8; 21.2;B;0;-;On;On;Off; 27.6; 27.0;0;8;1684;8;1684;8;1498;1;-
2026/05/03;20:56:05;-;-; 51.98; 0.1;-; 68.0; 67.6; 5.5; 2.8; 2.8;2213;-0.5; 0.0; 0.0;-24; 21.2;B;0;-;On;On;Off; 28.2; 27.7;0;8;1684;8;1684;8;1498;1;-
2026/05/03;20:57:05;-;-; 52.06; 0.0;-; 66.6; 66.5; 0.0; 0.0; 0.0;2213;-0.6; 0.0; 0.0;-32; 21.2;B;0;-;On;On;Off; 26.5; 26.0;0;8;1684;8;1684;8;1498;1;-
2026/05/03;20:58:04;-;-; 52.00; 0.1;-; 67.8; 72.1; 3.5; 3.5; 0.0;2213;-0.1; 0.0; 0.0;-7; 21.2;B;0;-;On;On;Off; 26.7; 26.3;0;8;1684;8;1684;8;1498;1;-
2026/05/03;20:59:04;-;-; 51.94; 0.1;-; 72.1; 67.7; 4.2; 0.0; 4.2;2213;-0.3; 0.0; 0.0;-16; 21.2;B;0;-;On;On;Off; 28.2; 27.7;0;8;1684;8;1684;8;1498;1;-
2026/05/03;21:00:04;-;-; 52.02; 0.0;-; 67.3; 67.2; 0.0; 0.0; 0.0;2213;-0.6; 0.0; 0.0;-32; 21.2;B;0;-;On;On;Off; 26.9; 26.5;0;8;1684;8;1684;8;1498;1;-
2026/05/03;21:01:04;-;-; 52.06; 0.0;-; 67.5; 67.3; 0.7; 0.7; 0.0;2213;-0.3; 0.0; 0.0;-16; 21.2;B;0;-;On;On;Off; 26.3; 25.9;0;8;1684;8;1684;8;1498;1;-
2026/05/03;21:02:04;-;-; 51.90; 0.0;-; 72.2; 72.2; 0.0; 0.0; 0.0;2213;-0.1; 0.0; 0.0;-7; 21.2;B;0;-;On;On;Off; 28.1; 27.6;0;8;1684;8;1684;8;1498;1;-
2026/05/03;21:03:04;-;-; 51.94; 0.0;-; 67.0; 66.7; 1.4; 0.7; 0.7;2213;-0.6; 0.0; 0.0;-29; 21.2;B;0;-;On;On;Off; 28.1; 27.6;0;8;1684;8;1684;8;1498;1;-
2026/05/03;21:04:04;-;-; 52.00; 0.0;-; 66.2; 66.2; 0.7; 0.0; 0.7;2213;-0.5; 0.0; 0.0;-24; 21.2;B;0;-;On;On;Off; 26.5; 26.1;0;8;1684;8;1684;8;1498;1;-
2026/05/03;21:05:04;-;-; 52.04; 0.0;-; 65.6; 65.4; 0.0; 0.0; 0.0;2213;-0.1; 0.0; 0.0;-7; 21.2;B;0;-;On;On;Off; 26.3; 25.9;0;8;1684;8;1684;8;1498;1;-
2026/05/03;21:06:04;-;-; 52.08; 0.0;-; 64.9; 64.9; 0.7; 0.0; 0.7;2213;-0.2; 0.0; 0.0;-7; 21.2;B;0;-;On;On;Off; 26.1; 25.7;0;8;1684;8;1684;8;1498;1;-
2026/05/03;21:07:04;-;-; 52.10; 0.0;-; 64.3; 64.3; 1.4; 0.7; 0.7;2213;-0.2; 0.0; 0.0;-7; 21.2;B;0;-;On;On;Off; 25.9; 25.6;0;8;1684;8;1684;8;1498;1;-
2026/05/03;21:08:04;-;-; 52.10; 0.0;-; 64.0; 63.8; 0.0; 0.0; 0.0;2213;-0.1; 0.0; 0.0;-7; 21.2;B;0;-;On;On;Off; 25.9; 25.6;0;8;1684;8;1684;8;1498;1;-
2026/05/03;21:09:04;-;-; 52.14; 0.0;-; 63.9; 63.6; 0.7; 0.0; 0.7;2213;-0.2; 0.0; 0.0;-8; 21.2;B;0;-;On;On;Off; 25.8; 25.4;0;8;1684;8;1684;8;1498;1;-
2026/05/03;21:10:04;-;-; 52.14; 0.0;-; 63.8; 63.6; 1.4; 0.7; 0.7;2213;-0.2; 0.0; 0.0;-8; 21.2;B;0;-;On;On;Off; 25.7; 25.4;0;8;1684;8;1684;8;1498;1;-
2026/05/03;21:11:04;-;-; 52.16; 0.0;-; 63.8; 63.8; 0.7; 0.0; 0.7;2213;-0.2; 0.0; 0.0;-8; 21.2;B;0;-;On;On;Off; 25.6; 25.3;0;8;1684;8;1684;8;1498;1;-
2026/05/03;21:12:04;-;-; 52.16; 0.0;-; 63.9; 63.8; 0.7; 0.7; 0.0;2213;-0.2; 0.0; 0.0;-7; 21.2;B;0;-;On;On;Off; 25.6; 25.2;0;8;1684;8;1684;8;1498;1;-
2026/05/03;21:13:03;-;-; 52.18; 0.0;-; 63.8; 63.6; 0.0; 0.0; 0.0;2213;-0.2; 0.0; 0.0;-7; 21.2;B;0;-;On;On;Off; 25.5; 25.2;0;8;1684;8;1684;8;1498;1;-
2026/05/03;21:14:03;-;-; 52.16; 0.0;-; 63.4; 63.4; 0.7; 0.0; 0.7;2213;-0.2; 0.0; 0.0;-8; 21.2;B;0;-;On;On;Off; 25.4; 25.0;0;8;1684;8;1684;8;1498;1;-
2026/05/03;21:15:03;-;-; 52.18; 0.0;-; 63.1; 63.0; 1.4; 0.7; 0.7;2213;-0.2; 0.0; 0.0;-7; 21.2;B;0;-;On;On;Off; 25.4; 25.1;0;8;1684;8;1684;8;1498;1;-
2026/05/03;21:16:03;-;-; 52.20; 0.0;-; 62.9; 62.7; 0.7; 0.0; 0.7;2213;-0.2; 0.0; 0.0;-8; 21.2;B;0;-;On;On;Off; 25.3; 24.9;0;8;1684;8;1684;8;1498;1;-
2026/05/03;21:17:03;-;-; 52.18; 0.0;-; 62.7; 62.7; 0.7; 0.0; 0.7;2213;-0.1; 0.0; 0.0;-7; 21.2;B;0;-;On;On;Off; 25.3; 24.9;0;8;1684;8;1684;8;1498;1;-
2026/05/03;21:18:03;-;-; 52.18; 0.0;-; 62.6; 62.3; 0.7; 0.7; 0.0;2213;-0.2; 0.0; 0.0;-8; 21.2;B;0;-;On;On;Off; 25.2; 24.9;0;8;1684;8;1684;8;1498;1;-
2026/05/03;21:19:03;-;-; 52.20; 0.0;-; 62.3; 62.2; 0.0; 0.0; 0.0;2213;-0.2; 0.0; 0.0;-8; 21.2;B;0;-;On;On;Off; 25.2; 24.8;0;8;1684;8;1684;8;1498;1;-
2026/05/03;21:20:03;-;-; 52.22; 0.0;-; 62.1; 62.0; 0.7; 0.0; 0.7;2213;-0.1; 0.0; 0.0;-7; 21.2;B;0;-;On;On;Off; 25.2; 24.8;0;8;1684;8;1684;8;1498;1;-
2026/05/03;21:21:03;-;-; 52.22; 0.0;-; 61.9; 61.8; 0.0; 0.0; 0.0;2213;-0.2; 0.0; 0.0;-8; 21.2;B;0;-;On;On;Off; 25.1; 24.7;0;8;1684;8;1684;8;1498;1;-
2026/05/03;21:22:03;-;-; 52.22; 0.0;-; 61.7; 61.5; 0.7; 0.0; 0.7;2213;-0.2; 0.0; 0.0;-8; 21.2;B;0;-;On;On;Off; 25.1; 24.7;0;8;1684;8;1684;8;1498;1;-
2026/05/03;21:23:03;-;-; 52.22; 0.0;-; 61.4; 61.3; 0.0; 0.0; 0.0;2213;-0.2; 0.0; 0.0;-9; 21.2;B;0;-;On;On;Off; 25.0; 24.6;0;8;1684;8;1684;8;1498;1;-
2026/05/03;21:24:03;-;-; 52.20; 0.0;-; 61.1; 60.9; 0.7; 0.7; 0.0;2213;-0.2; 0.0; 0.0;-8; 21.2;B;0;-;On;On;Off; 24.9; 24.6;0;8;1684;8;1684;8;1498;1;-
2026/05/03;21:25:03;-;-; 52.20; 0.0;-; 60.9; 60.6; 0.0; 0.0; 0.0;2213;-0.2; 0.0; 0.0;-8; 21.2;B;0;-;On;On;Off; 25.0; 24.6;0;8;1684;8;1684;8;1498;1;-
2026/05/03;21:26:03;-;-; 52.22; 0.0;-; 60.6; 60.4; 0.7; 0.7; 0.0;2213;-0.2; 0.0; 0.0;-8; 21.2;B;0;-;On;On;Off; 24.9; 24.5;0;8;1684;8;1684;8;1498;1;-
2026/05/03;21:27:03;-;-; 52.24; 0.0;-; 60.6; 60.4; 0.7; 0.7; 0.0;2213;-0.1; 0.0; 0.0;-7; 21.2;B;0;-;On;On;Off; 24.9; 24.5;0;8;1684;8;1684;8;1498;1;-
2026/05/03;21:28:03;-;-; 52.22; 0.0;-; 60.5; 60.3; 0.7; 0.7; 0.0;2213;-0.1; 0.0; 0.0;-7; 21.2;B;0;-;On;On;Off; 24.9; 24.4;0;8;1684;8;1684;8;1498;1;-
2026/05/03;21:29:02;-;-; 52.22; 0.0;-; 60.4; 60.3; 0.7; 0.7; 0.0;2213;-0.2; 0.0; 0.0;-7; 21.2;B;0;-;On;On;Off; 24.8; 24.5;0;8;1684;8;1684;8;1498;1;-
2026/05/03;21:30:02;-;-; 52.24; 0.0;-; 60.3; 60.0; 1.4; 0.7; 0.7;2213;-0.2; 0.0; 0.0;-7; 21.2;B;0;-;On;On;Off; 24.9; 24.4;0;8;1684;8;1684;8;1498;1;-
2026/05/03;21:31:02;-;-; 52.24; 0.0;-; 60.0; 59.6; 0.7; 0.0; 0.7;2213;-0.2; 0.0; 0.0;-8; 21.2;B;0;-;On;On;Off; 24.7; 24.3;0;8;1684;8;1684;8;1498;1;-
2026/05/03;21:32:02;-;-; 52.24; 0.0;-; 59.3; 59.2; 1.4; 0.7; 0.7;2213;-0.2; 0.0; 0.0;-8; 21.2;B;0;-;On;On;Off; 24.7; 24.3;0;8;1684;8;1684;8;1498;1;-
2026/05/03;21:33:02;-;-; 52.22; 0.0;-; 58.8; 58.6; 0.7; 0.7; 0.0;2213;-0.1; 0.0; 0.0;-7; 21.2;B;0;-;On;On;Off; 24.7; 24.3;0;8;1684;8;1684;8;1498;1;-
2026/05/03;21:34:02;-;-; 52.22; 0.0;-; 58.3; 58.1; 0.0; 0.0;-;2213;-0.1; 0.0; 0.0;-7; 21.2;B;0;-;On;On;Off; 24.6; 24.3;0;8;1684;8;1684;8;1498;1;-
2026/05/03;21:35:02;-;-; 52.26; 0.0;-; 58.2; 57.8; 0.0;-;-;2213;-0.2; 0.0; 0.0;-7; 21.2;B;0;-;On;On;Off; 24.6; 24.2;0;8;1684;8;1684;8;1498;0;-
2026/05/03;21:36:02;-;-; 52.26; 0.0;-; 57.8; 57.6; 0.0;-;-;2213;-0.2; 0.0; 0.0;-7; 21.2;B;0;-;On;On;Off; 24.5; 24.2;0;8;1684;8;1684;8;1498;0;-
2026/05/03;21:37:02;-;-; 52.26; 0.0;-; 57.6; 57.3; 0.0;-;-;2213;-0.2; 0.0; 0.0;-7; 21.2;B;0;-;On;On;Off; 24.4; 24.1;0;8;1684;8;1684;8;1498;0;-
2026/05/03;21:38:02;-;-; 52.26; 0.0;-; 57.4; 56.9; 0.0;-;-;2213;-0.2; 0.0; 0.0;-7; 21.2;B;0;-;On;On;Off; 24.4; 24.1;0;8;1684;8;1684;8;1498;0;-
2026/05/03;21:39:02;-;-; 52.26; 0.0;-; 57.0; 56.6; 0.0;-;-;2213;-0.2; 0.0; 0.0;-7; 21.2;B;0;-;On;On;Off; 24.3; 24.0;0;8;1684;8;1684;8;1498;0;-
2026/05/03;21:40:02;-;-; 52.28; 0.0;-; 56.5; 56.0; 0.0;-;-;2213;-0.1; 0.0; 0.0;-7; 21.2;B;0;-;On;On;Off; 24.3; 24.0;0;8;1684;8;1684;8;1498;0;-
2026/05/03;21:41:02;-;-; 52.30; 0.0;-; 56.0; 55.5; 0.0;-;-;2213;-0.1; 0.0; 0.0;-6; 21.2;B;0;-;On;On;Off; 24.2; 24.0;0;8;1684;8;1684;8;1498;0;-
2026/05/03;21:42:02;-;-; 52.30; 0.0;-; 55.4; 55.0; 0.0;-;-;2213;-0.1; 0.0; 0.0;-6; 21.2;B;0;-;On;On;Off; 24.2; 23.9;0;8;1684;8;1684;8;1498;0;-
2026/05/03;21:43:02;-;-; 52.30; 0.0;-; 54.9; 54.5; 0.0;-;-;2213;-0.1; 0.0; 0.0;-6; 21.2;B;0;-;On;On;Off; 24.2; 23.9;0;8;1684;8;1684;8;1498;0;-
2026/05/03;21:44:01;-;-; 52.30; 0.0;-; 54.4; 53.8; 0.0;-;-;2213;-0.1; 0.0; 0.0;-7; 21.2;B;0;-;On;On;Off; 24.1; 23.8;0;8;1684;8;1684;8;1498;0;-
2026/05/03;21:45:01;-;-; 52.30; 0.0;-; 53.8; 53.2; 0.0;-;-;2213;-0.1; 0.0; 0.0;-7; 21.2;B;0;-;On;On;Off; 24.1; 23.8;0;8;1684;8;1684;8;1498;0;-
2026/05/03;21:46:01;-;-; 52.30; 0.0;-; 53.2; 52.7; 0.0;-;-;2213;-0.1; 0.0; 0.0;-7; 21.2;B;0;-;On;On;Off; 24.0; 23.8;0;8;1684;8;1684;8;1498;0;-
2026/05/03;21:47:01;-;-; 52.30; 0.0;-; 52.9; 52.2; 0.0;-;-;2213;-0.1; 0.0; 0.0;-7; 21.2;B;0;-;On;On;Off; 24.0; 23.8;0;8;1684;8;1684;8;1498;0;-
2026/05/03;21:48:01;-;-; 52.30; 0.0;-; 52.6; 52.1; 0.0;-;-;2213;-0.1; 0.0; 0.0;-7; 21.2;B;0;-;On;On;Off; 24.0; 23.7;0;8;1684;8;1684;8;1498;0;-
2026/05/03;21:49:01;-;-; 52.30; 0.0;-; 52.6; 52.0; 0.0;-;-;2213;-0.1; 0.0; 0.0;-7; 21.2;B;0;-;On;On;Off; 24.0; 23.7;0;8;1684;8;1684;8;1498;0;-
2026/05/03;21:50:01;-;-; 52.30; 0.0;-; 52.5; 51.9; 0.0;-;-;2214;-0.2; 0.0; 0.0;-7; 21.2;B;0;-;On;On;Off; 23.9; 23.7;0;8;1684;8;1684;8;1498;0;-
2026/05/03;21:51:01;-;-; 52.31; 0.0;-; 52.2; 51.6; 0.0;-;-;2214;-0.1; 0.0; 0.0;-7; 21.2;B;0;-;On;On;Off; 23.9; 23.6;0;8;1684;8;1684;8;1498;0;-
2026/05/03;21:52:01;-;-; 52.31; 0.0;-; 51.7; 51.0; 0.0;-;-;2214;-0.2; 0.0; 0.0;-7; 21.2;B;0;-;On;On;Off; 23.9; 23.6;0;8;1684;8;1684;8;1498;0;-
2026/05/03;21:53:01;-;-; 52.31; 0.0;-; 51.1; 50.3; 0.0;-;-;2214;-0.1; 0.0; 0.0;-7; 21.2;B;0;-;On;On;Off; 23.8; 23.6;0;8;1684;8;1684;8;1498;0;-
2026/05/03;21:54:01;-;-; 52.31; 0.0;-; 50.3; 49.6; 0.0;-;-;2214;-0.1; 0.0; 0.0;-7; 21.2;B;0;-;On;On;Off; 23.8; 23.5;0;8;1684;8;1684;8;1498;0;-
2026/05/03;21:55:01;-;-; 52.30; 0.0;-; 49.6; 48.7; 0.0;-;-;2214;-0.1; 0.0; 0.0;-7; 21.2;B;0;-;On;On;Off; 23.8; 23.5;0;8;1684;8;1684;8;1498;0;-
2026/05/03;21:56:01;-;-; 52.30; 0.0;-; 48.8; 48.1; 0.0;-;-;2214;-0.1; 0.0; 0.0;-7; 21.2;B;0;-;On;On;Off; 23.8; 23.5;0;8;1684;8;1684;8;1498;0;-
2026/05/03;21:57:01;-;-; 52.31; 0.0;-; 48.4; 47.6; 0.0;-;-;2214;-0.2; 0.0; 0.0;-7; 21.2;B;0;-;On;On;Off; 23.7; 23.5;0;8;1684;8;1684;8;1498;0;-
2026/05/03;21:58:01;-;-; 52.31; 0.0;-; 47.9; 47.3; 0.0;-;-;2214;-0.2; 0.0; 0.0;-8; 21.2;B;0;-;On;On;Off; 23.7; 23.4;0;8;1684;8;1684;8;1498;0;-
2026/05/03;21:59:01;-;-; 52.33; 0.0;-; 47.6; 46.9; 0.0;-;-;2214;-0.2; 0.0; 0.0;-7; 21.2;B;0;-;On;On;Off; 23.7; 23.4;0;8;1684;8;1684;8;1498;0;-
2026/05/03;22:00:00;-;-; 52.31; 0.0;-; 47.5; 46.7; 0.0;-;-;2214;-0.2; 0.0; 0.0;-7; 21.2;B;0;-;On;On;Off; 23.7; 23.4;0;8;1684;8;1684;8;1498;0;-
2026/05/03;22:01:00;-;-; 52.33; 0.0;-; 47.2; 46.5; 0.0;-;-;2214;-0.1; 0.0; 0.0;-7; 21.2;B;0;-;On;On;Off; 23.6; 23.4;0;8;1684;8;1684;8;1498;0;-
2026/05/03;22:02:00;-;-; 52.31; 0.0;-; 47.1; 46.3; 0.0;-;-;2214;-0.1; 0.0; 0.0;-7; 21.2;B;0;-;On;On;Off; 23.6; 23.3;0;8;1684;8;1684;8;1498;0;-
2026/05/03;22:03:00;-;-; 52.33; 0.0;-; 46.6; 45.8; 0.0;-;-;2214;-0.1; 0.0; 0.0;-6; 21.2;B;0;-;On;On;Off; 23.6; 23.3;0;8;1684;8;1684;8;1498;0;-
2026/05/03;22:04:00;-;-; 52.31; 0.0;-; 45.8; 45.1; 0.0;-;-;2214;-0.1; 0.0; 0.0;-7; 21.2;B;0;-;On;On;Off; 23.6; 23.3;0;8;1684;8;1684;8;1498;0;-
2026/05/03;22:05:00;-;-; 52.31; 0.0;-; 45.0; 44.1; 0.0;-;-;2214;-0.2; 0.0; 0.0;-7; 21.2;B;0;-;On;On;Off; 23.6; 23.3;0;8;1684;8;1684;8;1498;0;-
2026/05/03;22:06:00;-;-; 52.31; 0.0;-; 43.8; 42.8; 0.0;-;-;2214;-0.2; 0.0; 0.0;-8; 21.2;B;0;-;On;On;Off; 23.5; 23.3;0;8;1684;8;1684;8;1498;0;-
2026/05/03;22:07:00;-;-; 52.33; 0.0;-; 42.4; 41.4; 0.0;-;-;2214;-0.2; 0.0; 0.0;-7; 21.2;B;0;-;On;On;Off; 23.5; 23.2;0;8;1684;8;1684;8;1498;0;-
2026/05/03;22:08:00;-;-; 52.33; 0.0;-; 41.1; 40.2; 0.0;-;-;2214;-0.1; 0.0; 0.0;-7; 21.2;B;0;-;On;On;Off; 23.5; 23.2;0;8;1684;8;1684;8;1498;0;-
2026/05/03;22:09:00;-;-; 52.33; 0.0;-; 39.9; 39.0; 0.0;-;-;2214;-0.1; 0.0; 0.0;-7; 21.2;B;0;-;On;On;Off; 23.5; 23.2;0;8;1684;8;1684;8;1498;0;-
2026/05/03;22:10:00;-;-; 52.33; 0.0;-; 38.6; 37.7; 0.0;-;-;2214;-0.1; 0.0; 0.0;-7; 21.2;B;0;-;On;On;Off; 23.5; 23.2;0;8;1684;8;1684;8;1498;0;-
2026/05/03;22:11:00;-;-; 52.33; 0.0;-; 37.6; 36.6; 0.0;-;-;2214;-0.1; 0.0; 0.0;-7; 21.2;B;0;-;On;On;Off; 23.5; 23.2;0;8;1684;8;1684;8;1498;0;-
2026/05/03;22:12:00;-;-; 52.31; 0.0;-; 36.5; 35.5; 0.0;-;-;2214;-0.1; 0.0; 0.0;-6; 21.2;B;0;-;On;On;Off; 23.4; 23.2;0;8;1684;8;1684;8;1498;0;-
2026/05/03;22:13:00;-;-; 52.33; 0.0;-; 35.5; 34.8; 0.0;-;-;2214;-0.1; 0.0; 0.0;-6; 21.2;B;0;-;On;On;Off; 23.4; 23.1;0;8;1684;8;1684;8;1498;0;-
2026/05/03;22:14:00;-;-; 52.33; 0.0;-; 34.6; 33.7; 0.0;-;-;2214;-0.2; 0.0; 0.0;-7; 21.2;B;0;-;On;On;Off; 23.4; 23.1;0;8;1684;8;1684;8;1498;0;-
2026/05/03;22:15:00;-;-; 52.33; 0.0;-; 33.6; 32.8; 0.0;-;-;2214;-0.1; 0.0; 0.0;-7; 21.2;B;0;-;On;On;Off; 23.4; 23.1;0;8;1684;8;1684;8;1498;0;-
2026/05/03;22:15:59;-;-; 52.33; 0.0;-; 32.4; 31.9; 0.0;-;-;2214;-0.1; 0.0; 0.0;-7; 21.2;B;0;-;On;On;Off; 23.4; 23.1;0;8;1684;8;1684;8;1498;0;-
2026/05/03;22:16:59;-;-; 52.31; 0.0;-; 31.5; 30.8; 0.0;-;-;2214;-0.1; 0.0; 0.0;-7; 21.2;B;0;-;On;On;Off; 23.4; 23.1;0;8;1684;8;1684;8;1498;0;-
2026/05/03;22:17:59;-;-; 52.33; 0.0;-; 30.5; 29.9; 0.0;-;-;2214;-0.1; 0.0; 0.0;-6; 21.2;B;0;-;On;On;Off; 23.3; 23.1;0;8;1684;8;1684;8;1498;0;-
2026/05/03;22:18:59;-;-; 52.33; 0.0;-; 29.4; 28.9; 0.0;-;-;2214;-0.1; 0.0; 0.0;-7; 21.2;B;0;-;On;On;Off; 23.3; 23.0;0;8;1684;8;1684;8;1498;0;-
2026/05/03;22:19:59;-;-; 52.33; 0.0;-; 28.2; 27.7; 0.0;-;-;2214;-0.1; 0.0; 0.0;-7; 21.2;B;0;-;On;On;Off; 23.3; 23.0;0;8;1684;8;1684;8;1498;0;-
2026/05/03;22:20:59;-;-; 52.35; 0.0;-; 27.0; 26.5; 0.0;-;-;2214;-0.1; 0.0; 0.0;-7; 21.2;B;0;-;On;On;Off; 23.3; 23.0;0;8;1684;8;1684;8;1498;0;-
2026/05/03;22:21:59;-;-; 52.35; 0.0;-; 25.9; 25.3; 0.0;-;-;2214;-0.1; 0.0; 0.0;-7; 21.2;B;0;-;On;On;Off; 23.3; 23.0;0;8;1684;8;1684;8;1498;0;-
2026/05/03;22:22:59;-;-; 52.35; 0.0;-; 24.8; 24.3; 0.0;-;-;2214;-0.1; 0.0; 0.0;-7; 21.2;B;0;-;On;On;Off; 23.3; 23.0;0;8;1684;8;1684;8;1498;0;-
2026/05/03;22:23:59;-;-; 52.35; 0.0;-; 23.8; 23.3; 0.0;-;-;2214;-0.2; 0.0; 0.0;-7; 21.2;B;0;-;On;On;Off; 23.3; 23.0;0;8;1684;8;1684;8;1498;0;-
2026/05/03;22:24:59;-;-; 52.35; 0.0;-; 22.8; 22.5; 0.0;-;-;2214;-0.1; 0.0; 0.0;-7; 21.2;B;0;-;On;On;Off; 23.2; 23.0;0;8;1684;8;1684;8;1498;0;-
2026/05/03;22:25:59;-;-; 52.35; 0.0;-; 22.2; 21.8; 0.0;-;-;2214;-0.1; 0.0; 0.0;-7; 21.2;B;0;-;On;On;Off; 23.2; 23.0;0;8;1684;8;1684;8;1498;0;-
2026/05/03;22:26:59;-;-; 52.33; 0.0;-; 21.3; 21.1; 0.0;-;-;2214;-0.1; 0.0; 0.0;-7; 21.2;B;0;-;On;On;Off; 23.2; 23.0;0;8;1684;8;1684;8;1498;0;-
2026/05/03;22:27:59;-;-; 52.35; 0.0;-; 20.8; 20.7; 0.0;-;-;2214;-0.1; 0.0; 0.0;-7; 21.2;B;0;-;On;On;Off; 23.2; 23.0;0;8;1684;8;1684;8;1498;0;-
2026/05/03;22:28:59;-;-; 52.33; 0.0;-; 20.0; 20.2; 0.0;-;-;2214;-0.1; 0.0; 0.0;-7; 21.2;B;0;-;On;On;Off; 23.2; 22.9;0;8;1684;8;1684;8;1498;0;-
2026/05/03;22:29:59;-;-; 52.35; 0.0;-; 19.5; 19.6; 0.0;-;-;2214;-0.1; 0.0; 0.0;-7; 21.2;B;0;-;On;On;Off; 23.2; 22.9;0;8;1684;8;1684;8;1498;0;-
2026/05/03;22:30:58;-;-; 52.35; 0.0;-; 19.0; 19.0; 0.0;-;-;2214;-0.1; 0.0; 0.0;-7; 21.2;B;0;-;On;On;Off; 23.2; 22.9;0;8;1684;8;1684;8;1498;0;-
2026/05/03;22:31:58;-;-; 52.35; 0.0;-; 18.6; 18.6; 0.0;-;-;2214;-0.1; 0.0; 0.0;-6; 21.2;B;0;-;On;On;Off; 23.2; 22.9;0;8;1684;8;1684;8;1498;0;-
2026/05/03;22:32:58;-;-; 52.33; 0.0;-; 18.2; 18.2; 0.0;-;-;2214;-0.1; 0.0; 0.0;-7; 21.2;B;0;-;On;On;Off; 23.2; 22.9;0;8;1684;8;1684;8;1498;0;-
2026/05/03;22:33:58;-;-; 52.35; 0.0;-; 17.8; 17.8; 0.0;-;-;2214;-0.1; 0.0; 0.0;-7; 21.2;B;0;-;On;On;Off; 23.1; 22.9;0;8;1684;8;1684;8;1498;0;-
2026/05/03;22:34:58;-;-; 52.35; 0.0;-; 17.5; 17.5; 0.0;-;-;2214;-0.1; 0.0; 0.0;-7; 21.2;B;0;-;On;On;Off; 23.1; 22.9;0;8;1684;8;1684;8;1498;0;-
2026/05/03;22:35:58;-;-; 52.35; 0.0;-; 17.2; 17.3; 0.0;-;-;2214;-0.1; 0.0; 0.0;-7; 21.2;B;0;-;On;On;Off; 23.1; 22.9;0;8;1684;8;1684;8;1498;0;-
2026/05/03;22:36:58;-;-; 52.33; 0.0;-; 16.9; 17.2; 0.0;-;-;2214;-0.1; 0.0; 0.0;-7; 21.2;B;0;-;On;On;Off; 23.1; 22.9;0;8;1684;8;1684;8;1498;0;-
2026/05/03;22:37:58;-;-; 52.35; 0.0;-; 16.8; 16.8; 0.0;-;-;2214;-0.1; 0.0; 0.0;-7; 21.2;B;0;-;On;On;Off; 23.1; 22.9;0;8;1684;8;1684;8;1498;0;-
2026/05/03;22:38:58;-;-; 52.35; 0.0;-; 16.7; 16.8; 0.0;-;-;2214;-0.1; 0.0; 0.0;-7; 21.2;B;0;-;On;On;Off; 23.1; 22.8;0;8;1684;8;1684;8;1498;0;-
2026/05/03;22:39:58;-;-; 52.35; 0.0;-; 16.4; 16.7; 0.0;-;-;2214;-0.1; 0.0; 0.0;-7; 21.2;B;0;-;On;On;Off; 23.1; 22.8;0;8;1684;8;1684;8;1498;0;-
2026/05/03;22:40:58;-;-; 52.33; 0.0;-; 16.6; 16.6; 0.0;-;-;2214;-0.1; 0.0; 0.0;-7; 21.2;B;0;-;On;On;Off; 23.1; 22.8;0;8;1684;8;1684;8;1498;0;-
2026/05/03;22:41:58;-;-; 52.35; 0.0;-; 15.8; 16.0; 0.0;-;-;2214;-0.1; 0.0; 0.0;-7; 21.2;B;0;-;On;On;Off; 23.1; 22.8;0;8;1684;8;1684;8;1498;0;-
2026/05/03;22:42:58;-;-; 52.35; 0.0;-; 15.5; 15.8; 0.0;-;-;2214;-0.1; 0.0; 0.0;-7; 21.2;B;0;-;On;On;Off; 23.1; 22.8;0;8;1684;8;1684;8;1498;0;-
2026/05/03;22:43:58;-;-; 52.35; 0.0;-; 15.2; 15.4; 0.0;-;-;2214;-0.1; 0.0; 0.0;-7; 21.2;B;0;-;On;On;Off; 23.1; 22.8;0;8;1684;8;1684;8;1498;0;-
2026/05/03;22:44:58;-;-; 52.35; 0.0;-; 14.9; 15.1; 0.0;-;-;2214;-0.1; 0.0; 0.0;-7; 21.2;B;0;-;On;On;Off; 23.0; 22.8;0;8;1684;8;1684;8;1498;0;-
2026/05/03;22:45:58;-;-; 52.35; 0.0;-; 14.7; 15.0; 0.0;-;-;2214;-0.1; 0.0; 0.0;-7; 21.2;B;0;-;On;On;Off; 23.0; 22.8;0;8;1684;8;1684;8;1498;0;-
2026/05/03;22:46:57;-;-; 52.33; 0.0;-; 14.6; 15.0; 0.0;-;-;2214;-0.1; 0.0; 0.0;-7; 21.2;B;0;-;On;On;Off; 23.0; 22.8;0;8;1684;8;1684;8;1498;0;-
2026/05/03;22:47:57;-;-; 52.35; 0.0;-; 14.5; 14.8; 0.0;-;-;2214;-0.2; 0.0; 0.0;-7; 21.2;B;0;-;On;On;Off; 23.0; 22.8;0;8;1684;8;1684;8;1498;0;-
2026/05/03;22:48:57;-;-; 52.35; 0.0;-; 14.3; 14.8; 0.0;-;-;2214;-0.2; 0.0; 0.0;-7; 21.2;B;0;-;On;On;Off; 23.0; 22.8;0;8;1684;8;1684;8;1498;0;-
2026/05/03;22:49:57;-;-; 52.35; 0.0;-; 14.1; 14.5; 0.0;-;-;2215;-0.1; 0.0; 0.0;-7; 21.2;B;0;-;On;On;Off; 23.0; 22.8;0;8;1684;8;1684;8;1498;0;-
2026/05/03;22:50:57;-;-; 52.33; 0.0;-; 14.0; 14.5; 0.0;-;-;2215;-0.1; 0.0; 0.0;-7; 21.2;B;0;-;On;On;Off; 23.0; 22.8;0;8;1684;8;1684;8;1498;0;-
2026/05/03;22:51:57;-;-; 52.35; 0.0;-; 13.8; 14.4; 0.0;-;-;2215;-0.1; 0.0; 0.0;-7; 21.2;B;0;-;On;On;Off; 23.0; 22.7;0;8;1684;8;1684;8;1498;0;-
2026/05/03;22:52:57;-;-; 52.35; 0.0;-; 13.7; 14.2; 0.0;-;-;2215;-0.2; 0.0; 0.0;-7; 21.2;B;0;-;On;On;Off; 23.0; 22.7;0;8;1684;8;1684;8;1498;0;-
2026/05/03;22:53:57;-;-; 52.35; 0.0;-; 13.5; 14.0; 0.0;-;-;2215;-0.1; 0.0; 0.0;-7; 21.2;B;0;-;On;On;Off; 23.0; 22.7;0;8;1684;8;1684;8;1498;0;-
2026/05/03;22:54:57;-;-; 52.33; 0.0;-; 13.5; 13.9; 0.0;-;-;2215;-0.2; 0.0; 0.0;-7; 21.2;B;0;-;On;On;Off; 23.0; 22.7;0;8;1684;8;1684;8;1498;0;-
2026/05/03;22:55:57;-;-; 52.35; 0.0;-; 13.2; 13.7; 0.0;-;-;2215;-0.1; 0.0; 0.0;-7; 21.2;B;0;-;On;On;Off; 23.0; 22.7;0;8;1684;8;1684;8;1498;0;-
2026/05/03;22:56:57;-;-; 52.33; 0.0;-; 13.1; 13.6; 0.0;-;-;2215;-0.1; 0.0; 0.0;-7; 21.2;B;0;-;On;On;Off; 23.0; 22.7;0;8;1684;8;1684;8;1498;0;-
2026/05/03;22:57:57;-;-; 52.33; 0.0;-; 12.9; 13.4; 0.0;-;-;2215;-0.1; 0.0; 0.0;-7; 21.2;B;0;-;On;On;Off; 23.0; 22.7;0;8;1684;8;1684;8;1498;0;-
2026/05/03;22:58:57;-;-; 52.33; 0.0;-; 12.8; 13.5; 0.0;-;-;2215;-0.1; 0.0; 0.0;-7; 21.2;B;0;-;On;On;Off; 23.0; 22.7;0;8;1684;8;1684;8;1498;0;-
2026/05/03;22:59:57;-;-; 52.33; 0.0;-; 12.7; 13.3; 0.0;-;-;2215;-0.1; 0.0; 0.0;-6; 21.2;B;0;-;On;On;Off; 23.0; 22.7;0;8;1684;8;1684;8;1498;0;-
2026/05/03;23:00:57;-;-; 52.33; 0.0;-; 12.6; 13.3; 0.0;-;-;2215;-0.1; 0.0; 0.0;-6; 21.2;B;0;-;On;On;Off; 23.0; 22.7;0;8;1684;8;1684;8;1498;0;-
2026/05/03;23:01:57;-;-; 52.35; 0.0;-; 12.5; 13.1; 0.0;-;-;2215;-0.1; 0.0; 0.0;-6; 21.2;B;0;-;On;On;Off; 23.0; 22.7;0;8;1684;8;1684;8;1498;0;-
2026/05/03;23:02:56;-;-; 52.35; 0.0;-; 12.5; 13.0; 0.0;-;-;2215;-0.1; 0.0; 0.0;-6; 21.2;B;0;-;On;On;Off; 22.9; 22.7;0;8;1684;8;1684;8;1498;0;-
2026/05/03;23:03:56;-;-; 52.35; 0.0;-; 12.4; 13.0; 0.0;-;-;2215;-0.1; 0.0; 0.0;-7; 21.2;B;0;-;On;On;Off; 22.9; 22.7;0;8;1684;8;1684;8;1498;0;-
2026/05/03;23:04:56;-;-; 52.35; 0.0;-; 12.3; 13.0; 0.0;-;-;2215;-0.1; 0.0; 0.0;-7; 21.2;B;0;-;On;On;Off; 22.9; 22.7;0;8;1684;8;1684;8;1498;0;-
2026/05/03;23:05:56;-;-; 52.33; 0.0;-; 12.2; 12.9; 0.0;-;-;2215;-0.1; 0.0; 0.0;-7; 21.2;B;0;-;On;On;Off; 22.9; 22.7;0;8;1684;8;1684;8;1498;0;-
2026/05/03;23:06:56;-;-; 52.35; 0.0;-; 12.1; 12.6; 0.0;-;-;2215;-0.1; 0.0; 0.0;-7; 21.2;B;0;-;On;On;Off; 22.9; 22.7;0;8;1684;8;1684;8;1498;0;-
2026/05/03;23:07:56;-;-; 52.35; 0.0;-; 12.0; 12.7; 0.0;-;-;2215;-0.1; 0.0; 0.0;-7; 21.2;B;0;-;On;On;Off; 22.9; 22.7;0;8;1684;8;1684;8;1498;0;-
2026/05/03;23:08:56;-;-; 52.35; 0.0;-; 11.9; 12.6; 0.0;-;-;2215;-0.1; 0.0; 0.0;-7; 21.2;B;0;-;On;On;Off; 22.9; 22.6;0;8;1684;8;1684;8;1498;0;-
2026/05/03;23:09:56;-;-; 52.35; 0.0;-; 11.9; 12.5; 0.0;-;-;2215;-0.1; 0.0; 0.0;-7; 21.2;B;0;-;On;On;Off; 22.9; 22.6;0;8;1684;8;1684;8;1498;0;-
2026/05/03;23:10:56;-;-; 52.35; 0.0;-; 11.9; 12.6; 0.0;-;-;2215;-0.1; 0.0; 0.0;-7; 21.2;B;0;-;On;On;Off; 22.9; 22.6;0;8;1684;8;1684;8;1498;0;-
2026/05/03;23:11:56;-;-; 52.35; 0.0;-; 11.8; 12.5; 0.0;-;-;2215;-0.1; 0.0; 0.0;-7; 21.2;B;0;-;On;On;Off; 22.9; 22.6;0;8;1684;8;1684;8;1498;0;-
2026/05/03;23:12:56;-;-; 52.33; 0.0;-; 11.6; 10.6; 0.0;-;-;2215;-0.1; 0.0; 0.0;-7; 21.2;B;0;-;On;On;Off; 22.9; 22.6;0;8;1684;8;1684;8;1498;0;-
2026/05/03;23:13:56;-;-; 52.33; 0.0;-; 11.6; 10.5; 0.0;-;-;2215;-0.2; 0.0; 0.0;-7; 21.2;B;0;-;On;On;Off; 22.9; 22.6;0;8;1684;8;1684;8;1498;0;-
2026/05/03;23:14:56;-;-; 52.33; 0.0;-; 11.5; 10.4; 0.0;-;-;2215;-0.2; 0.0; 0.0;-8; 21.2;B;0;-;On;On;Off; 22.9; 22.6;0;8;1684;8;1684;8;1498;0;-
2026/05/03;23:15:56;-;-; 52.33; 0.0;-; 11.5; 10.3; 0.0;-;-;2215;-0.2; 0.0; 0.0;-7; 21.2;B;0;-;On;On;Off; 22.9; 22.6;0;8;1684;8;1684;8;1498;0;-
2026/05/03;23:16:56;-;-; 52.33; 0.0;-; 11.4; 10.3; 0.0;-;-;2215;-0.1; 0.0; 0.0;-7; 21.2;B;0;-;On;On;Off; 22.9; 22.6;0;8;1684;8;1684;8;1498;0;-
2026/05/03;23:17:56;-;-; 52.31; 0.0;-; 11.3; 10.2; 0.0;-;-;2215;-0.1; 0.0; 0.0;-7; 21.2;B;0;-;On;On;Off; 22.9; 22.6;0;8;1684;8;1684;8;1498;0;-
2026/05/03;23:18:55;-;-; 52.33; 0.0;-; 11.3; 10.0; 0.0;-;-;2215;-0.1; 0.0; 0.0;-7; 21.2;B;0;-;On;On;Off; 22.9; 22.6;0;8;1684;8;1684;8;1498;0;-
2026/05/03;23:19:55;-;-; 52.33; 0.0;-; 11.1; 9.9; 0.0;-;-;2215;-0.1; 0.0; 0.0;-7; 21.2;B;0;-;On;On;Off; 22.8; 22.6;0;8;1684;8;1684;8;1498;0;-
2026/05/03;23:20:55;-;-; 52.33; 0.0;-; 11.0; 9.8; 0.0;-;-;2215;-0.1; 0.0; 0.0;-7; 21.2;B;0;-;On;On;Off; 22.9; 22.6;0;8;1684;8;1684;8;1498;0;-
2026/05/03;23:21:55;-;-; 52.33; 0.0;-; 10.9; 9.8; 0.0;-;-;2215;-0.1; 0.0; 0.0;-7; 21.2;B;0;-;On;On;Off; 22.8; 22.6;0;8;1684;8;1684;8;1498;0;-
2026/05/03;23:22:55;-;-; 52.33; 0.0;-; 10.8; 9.8; 0.0;-;-;2215;-0.1; 0.0; 0.0;-7; 21.2;B;0;-;On;On;Off; 22.8; 22.6;0;8;1684;8;1684;8;1498;0;-
2026/05/03;23:23:55;-;-; 52.33; 0.0;-; 10.8; 9.8; 0.0;-;-;2215;-0.2; 0.0; 0.0;-7; 21.2;B;0;-;On;On;Off; 22.8; 22.6;0;8;1684;8;1684;8;1498;0;-
2026/05/03;23:24:55;-;-; 52.33; 0.0;-; 10.8; 9.6; 0.0;-;-;2215;-0.2; 0.0; 0.0;-7; 21.2;B;0;-;On;On;Off; 22.8; 22.6;0;8;1684;8;1684;8;1498;0;-
2026/05/03;23:25:55;-;-; 52.33; 0.0;-; 10.7; 9.6; 0.0;-;-;2215;-0.1; 0.0; 0.0;-7; 21.2;B;0;-;On;On;Off; 22.8; 22.6;0;8;1684;8;1684;8;1498;0;-
2026/05/03;23:26:55;-;-; 52.31; 0.0;-; 10.7; 9.7; 0.0;-;-;2215;-0.2; 0.0; 0.0;-7; 21.2;B;0;-;On;On;Off; 22.8; 22.6;0;8;1684;8;1684;8;1498;0;-
2026/05/03;23:27:55;-;-; 52.33; 0.0;-; 10.7; 9.5; 0.0;-;-;2215;-0.1; 0.0; 0.0;-7; 21.2;B;0;-;On;On;Off; 22.8; 22.6;0;8;1684;8;1684;8;1498;0;-
2026/05/03;23:28:55;-;-; 52.33; 0.0;-; 10.8; 9.7; 0.0;-;-;2215;-0.2; 0.0; 0.0;-7; 21.2;B;0;-;On;On;Off; 22.8; 22.6;0;8;1684;8;1684;8;1498;0;-
2026/05/03;23:29:55;-;-; 52.33; 0.0;-; 10.8; 9.6; 0.0;-;-;2215;-0.1; 0.0; 0.0;-7; 21.2;B;0;-;On;On;Off; 22.8; 22.6;0;8;1684;8;1684;8;1498;0;-
2026/05/03;23:30:55;-;-; 52.33; 0.0;-; 10.7; 9.6; 0.0;-;-;2215;-0.1; 0.0; 0.0;-7; 21.2;B;0;-;On;On;Off; 22.8; 22.6;0;8;1684;8;1684;8;1498;0;-
2026/05/03;23:31:55;-;-; 52.33; 0.0;-; 10.8; 9.7; 0.0;-;-;2215;-0.1; 0.0; 0.0;-7; 21.2;B;0;-;On;On;Off; 22.8; 22.5;0;8;1684;8;1684;8;1498;0;-
2026/05/03;23:32:55;-;-; 52.33; 0.0;-; 10.8; 9.6; 0.0;-;-;2215;-0.2; 0.0; 0.0;-7; 21.2;B;0;-;On;On;Off; 22.8; 22.6;0;8;1684;8;1684;8;1498;0;-
2026/05/03;23:33:55;-;-; 52.33; 0.0;-; 10.8; 9.8; 0.0;-;-;2215;-0.1; 0.0; 0.0;-7; 21.2;B;0;-;On;On;Off; 22.8; 22.5;0;8;1684;8;1684;8;1498;0;-
2026/05/03;23:34:54;-;-; 52.33; 0.0;-; 10.6; 9.6; 0.0;-;-;2215;-0.1; 0.0; 0.0;-7; 21.2;B;0;-;On;On;Off; 22.8; 22.5;0;8;1684;8;1684;8;1498;0;-
2026/05/03;23:35:54;-;-; 52.33; 0.0;-; 10.5; 9.4; 0.0;-;-;2215;-0.2; 0.0; 0.0;-7; 21.2;B;0;-;On;On;Off; 22.8; 22.5;0;8;1684;8;1684;8;1498;0;-
2026/05/03;23:36:54;-;-; 52.33; 0.0;-; 10.3; 9.1; 0.0;-;-;2215;-0.1; 0.0; 0.0;-7; 21.2;B;0;-;On;On;Off; 22.8; 22.5;0;8;1684;8;1684;8;1498;0;-
2026/05/03;23:37:54;-;-; 52.33; 0.0;-; 10.3; 9.2; 0.0;-;-;2215;-0.1; 0.0; 0.0;-7; 21.2;B;0;-;On;On;Off; 22.8; 22.5;0;8;1684;8;1684;8;1498;0;-
2026/05/03;23:38:54;-;-; 52.33; 0.0;-; 10.2; 8.9; 0.0;-;-;2215;-0.1; 0.0; 0.0;-7; 21.2;B;0;-;On;On;Off; 22.8; 22.5;0;8;1684;8;1684;8;1498;0;-
2026/05/03;23:39:54;-;-; 52.33; 0.0;-; 10.0; 8.8; 0.0;-;-;2215;-0.1; 0.0; 0.0;-7; 21.2;B;0;-;On;On;Off; 22.8; 22.5;0;8;1684;8;1684;8;1498;0;-
2026/05/03;23:40:54;-;-; 52.33; 0.0;-; 10.1; 8.7; 0.0;-;-;2215;-0.1; 0.0; 0.0;-7; 21.2;B;0;-;On;On;Off; 22.8; 22.5;0;8;1684;8;1684;8;1498;0;-
2026/05/03;23:41:54;-;-; 52.33; 0.0;-; 10.0; 8.8; 0.0;-;-;2215;-0.1; 0.0; 0.0;-7; 21.2;B;0;-;On;On;Off; 22.8; 22.5;0;8;1684;8;1684;8;1498;0;-
2026/05/03;23:42:54;-;-; 52.33; 0.0;-; 10.0; 9.1; 0.0;-;-;2215;-0.1; 0.0; 0.0;-7; 21.2;B;0;-;On;On;Off; 22.8; 22.5;0;8;1684;8;1684;8;1498;0;-
2026/05/03;23:43:54;-;-; 52.33; 0.0;-; 10.1; 9.2; 0.0;-;-;2215;-0.1; 0.0; 0.0;-7; 21.2;B;0;-;On;On;Off; 22.8; 22.5;0;8;1684;8;1684;8;1498;0;-
2026/05/03;23:44:54;-;-; 52.33; 0.0;-; 10.3; 9.1; 0.0;-;-;2215;-0.1; 0.0; 0.0;-7; 21.2;B;0;-;On;On;Off; 22.8; 22.5;0;8;1684;8;1684;8;1498;0;-
2026/05/03;23:45:54;-;-; 52.33; 0.0;-; 10.4; 9.3; 0.0;-;-;2215;-0.2; 0.0; 0.0;-7; 21.2;B;0;-;On;On;Off; 22.8; 22.5;0;8;1684;8;1684;8;1498;0;-
2026/05/03;23:46:54;-;-; 52.33; 0.0;-; 10.4; 9.3; 0.0;-;-;2215;-0.1; 0.0; 0.0;-7; 21.2;B;0;-;On;On;Off; 22.8; 22.5;0;8;1684;8;1684;8;1498;0;-
2026/05/03;23:47:54;-;-; 52.33; 0.0;-; 10.5; 9.6; 0.0;-;-;2215;-0.2; 0.0; 0.0;-8; 21.2;B;0;-;On;On;Off; 22.8; 22.5;0;8;1684;8;1684;8;1498;0;-
2026/05/03;23:48:54;-;-; 52.33; 0.0;-; 10.6; 9.5; 0.0;-;-;2215;-0.2; 0.0; 0.0;-7; 21.2;B;0;-;On;On;Off; 22.8; 22.5;0;8;1684;8;1684;8;1498;0;-
2026/05/03;23:49:53;-;-; 52.33; 0.0;-; 10.7; 9.7; 0.0;-;-;2216;-0.2; 0.0; 0.0;-7; 21.2;B;0;-;On;On;Off; 22.8; 22.5;0;8;1684;8;1684;8;1498;0;-
2026/05/03;23:50:53;-;-; 52.33; 0.0;-; 10.7; 9.7; 0.0;-;-;2216;-0.1; 0.0; 0.0;-7; 21.2;B;0;-;On;On;Off; 22.8; 22.5;0;8;1684;8;1684;8;1498;0;-
2026/05/03;23:51:53;-;-; 52.33; 0.0;-; 10.9; 9.8; 0.0;-;-;2216;-0.1; 0.0; 0.0;-7; 21.2;B;0;-;On;On;Off; 22.8; 22.5;0;8;1684;8;1684;8;1498;0;-
2026/05/03;23:52:53;-;-; 52.33; 0.0;-; 10.9; 9.7; 0.0;-;-;2216;-0.1; 0.0; 0.0;-7; 21.2;B;0;-;On;On;Off; 22.8; 22.5;0;8;1684;8;1684;8;1498;0;-
2026/05/03;23:53:53;-;-; 52.33; 0.0;-; 10.9; 9.9; 0.0;-;-;2216;-0.1; 0.0; 0.0;-7; 21.2;B;0;-;On;On;Off; 22.7; 22.5;0;8;1684;8;1684;8;1498;0;-
2026/05/03;23:54:53;-;-; 52.31; 0.0;-; 10.9; 9.8; 0.0;-;-;2216;-0.1; 0.0; 0.0;-7; 21.2;B;0;-;On;On;Off; 22.7; 22.5;0;8;1684;8;1684;8;1498;0;-
2026/05/03;23:55:53;-;-; 52.33; 0.0;-; 10.8; 9.7; 0.0;-;-;2216;-0.1; 0.0; 0.0;-7; 21.2;B;0;-;On;On;Off; 22.7; 22.5;0;8;1684;8;1684;8;1498;0;-
2026/05/03;23:56:53;-;-; 52.33; 0.0;-; 10.7; 9.5; 0.0;-;-;2216;-0.1; 0.0; 0.0;-6; 21.2;B;0;-;On;On;Off; 22.7; 22.5;0;8;1684;8;1684;8;1498;0;-
2026/05/03;23:57:53;-;-; 52.33; 0.0;-; 10.5; 9.5; 0.0;-;-;2216;-0.1; 0.0; 0.0;-6; 21.2;B;0;-;On;On;Off; 22.7; 22.5;0;8;1684;8;1684;8;1498;0;-
2026/05/03;23:58:53;-;-; 52.33; 0.0;-; 10.3; 9.4; 0.0;-;-;2216;-0.1; 0.0; 0.0;-6; 21.2;B;0;-;On;On;Off; 22.7; 22.4;0;8;1684;8;1684;8;1498;0;-
2026/05/03;23:59:53;-;-; 52.33; 0.0;-; 8.7; 8.6; 0.0;-;-;2216;-0.1; 0.0; 0.0;-7; 21.2;B;0;-;On;On;Off; 22.7; 22.4;0;8;1684;8;1684;8;1498;0;-
