Steca Elektronik GmbH;MPPT6000;760749IH008963540005
Date;Time;SOC[%];Kaptest[Ah];Vbat[V];Ibat_M[A];Vbat.sense[V];VPV1_M[V];VPV2_M[V];PVpower_M[W];PV1power_M[W];PV2power_M[W];Ophours[h];Ibat_total[A]SOC;Icharge_total[A];Iload_total[A];BatPower_total[W];BatTemp[°C];ChargeMode;ErrorState;ErrorNr;StateAux1;StateAux2;StateAux3;IntTemp1[°C];IntTemp2[°C];Derating;Ah_in_24h_M[Ah];Ah_in_total_M[Ah];Ah_in_24h_SYS[Ah];Ah_in_total_SYS[Ah];Ah_out_24h_SYS[Ah];Ah_out_total_SYS[Ah];Day_night;Status_AUXIO
2026/05/08;00:00:35;-;-; 52.26; 0.0;-; 6.4; 5.7; 0.0;-;-;2312;-0.1; 0.0; 0.0;-5; 21.4;B;0;-;On;On;Off; 23.2; 22.9;0;11;1722;11;1722;11;1536;0;-
2026/05/08;00:01:35;-;-; 52.26; 0.0;-; 6.3; 5.6; 0.0;-;-;2312;-0.1; 0.0; 0.0;-5; 21.4;B;0;-;On;On;Off; 23.1; 22.9;0;0;1722;0;1722;0;1536;0;-
2026/05/08;00:02:35;-;-; 52.26; 0.0;-; 6.3; 5.6; 0.0;-;-;2312;-0.1; 0.0; 0.0;-6; 21.4;B;0;-;On;On;Off; 23.1; 22.9;0;0;1722;0;1722;0;1536;0;-
2026/05/08;00:03:35;-;-; 52.26; 0.0;-; 6.3; 5.6; 0.0;-;-;2312;-0.1; 0.0; 0.0;-6; 21.4;B;0;-;On;On;Off; 23.1; 22.9;0;0;1722;0;1722;0;1536;0;-
2026/05/08;00:04:35;-;-; 52.26; 0.0;-; 6.3; 5.5; 0.0;-;-;2312;-0.1; 0.0; 0.0;-6; 21.4;B;0;-;On;On;Off; 23.1; 22.9;0;0;1722;0;1722;0;1536;0;-
2026/05/08;00:05:35;-;-; 52.26; 0.0;-; 6.3; 5.5; 0.0;-;-;2312;-0.1; 0.0; 0.0;-5; 21.4;B;0;-;On;On;Off; 23.1; 22.9;0;0;1722;0;1722;0;1536;0;-
2026/05/08;00:06:35;-;-; 52.26; 0.0;-; 6.2; 5.5; 0.0;-;-;2312;-0.1; 0.0; 0.0;-6; 21.4;B;0;-;On;On;Off; 23.1; 22.8;0;0;1722;0;1722;0;1536;0;-
2026/05/08;00:07:35;-;-; 52.26; 0.0;-; 6.2; 5.6; 0.0;-;-;2312;-0.1; 0.0; 0.0;-6; 21.4;B;0;-;On;On;Off; 23.1; 22.8;0;0;1722;0;1722;0;1536;0;-
2026/05/08;00:08:35;-;-; 52.26; 0.0;-; 6.3; 5.5; 0.0;-;-;2312;-0.1; 0.0; 0.0;-5; 21.4;B;0;-;On;On;Off; 23.1; 22.9;0;0;1722;0;1722;0;1536;0;-
2026/05/08;00:09:34;-;-; 52.24; 0.0;-; 6.2; 5.4; 0.0;-;-;2312;-0.1; 0.0; 0.0;-5; 21.4;B;0;-;On;On;Off; 23.1; 22.8;0;0;1722;0;1722;0;1536;0;-
2026/05/08;00:10:34;-;-; 52.24; 0.0;-; 6.2; 5.5; 0.0;-;-;2312;-0.1; 0.0; 0.0;-5; 21.4;B;0;-;On;On;Off; 23.1; 22.8;0;0;1722;0;1722;0;1536;0;-
2026/05/08;00:11:34;-;-; 52.24; 0.0;-; 6.2; 5.8; 0.0;-;-;2312;-0.1; 0.0; 0.0;-5; 21.4;B;0;-;On;On;Off; 23.1; 22.8;0;0;1722;0;1722;0;1536;0;-
2026/05/08;00:12:34;-;-; 52.26; 0.0;-; 6.2; 5.6; 0.0;-;-;2312;-0.1; 0.0; 0.0;-5; 21.4;B;0;-;On;On;Off; 23.1; 22.8;0;0;1722;0;1722;0;1536;0;-
2026/05/08;00:13:34;-;-; 52.26; 0.0;-; 6.2; 5.7; 0.0;-;-;2312;-0.1; 0.0; 0.0;-5; 21.4;B;0;-;On;On;Off; 23.1; 22.8;0;0;1722;0;1722;0;1536;0;-
2026/05/08;00:14:34;-;-; 52.24; 0.0;-; 6.1; 5.6; 0.0;-;-;2312;-0.1; 0.0; 0.0;-5; 21.4;B;0;-;On;On;Off; 23.1; 22.8;0;0;1722;0;1722;0;1536;0;-
2026/05/08;00:15:34;-;-; 52.24; 0.0;-; 6.2; 5.8; 0.0;-;-;2312;-0.1; 0.0; 0.0;-6; 21.3;B;0;-;On;On;Off; 23.1; 22.8;0;0;1722;0;1722;0;1536;0;-
2026/05/08;00:16:34;-;-; 52.24; 0.0;-; 6.2; 5.6; 0.0;-;-;2312;-0.1; 0.0; 0.0;-5; 21.4;B;0;-;On;On;Off; 23.1; 22.8;0;0;1722;0;1722;0;1536;0;-
2026/05/08;00:17:34;-;-; 52.24; 0.0;-; 6.1; 5.7; 0.0;-;-;2312;-0.1; 0.0; 0.0;-5; 21.4;B;0;-;On;On;Off; 23.1; 22.8;0;0;1722;0;1722;0;1536;0;-
2026/05/08;00:18:34;-;-; 52.24; 0.0;-; 6.1; 5.6; 0.0;-;-;2312;-0.1; 0.0; 0.0;-5; 21.4;B;0;-;On;On;Off; 23.1; 22.8;0;0;1722;0;1722;0;1536;0;-
2026/05/08;00:19:34;-;-; 52.24; 0.0;-; 6.2; 5.5; 0.0;-;-;2312;-0.1; 0.0; 0.0;-6; 21.3;B;0;-;On;On;Off; 23.1; 22.8;0;0;1722;0;1722;0;1536;0;-
2026/05/08;00:20:34;-;-; 52.24; 0.0;-; 6.1; 5.6; 0.0;-;-;2312;-0.1; 0.0; 0.0;-5; 21.4;B;0;-;On;On;Off; 23.1; 22.8;0;0;1722;0;1722;0;1536;0;-
2026/05/08;00:21:34;-;-; 52.24; 0.0;-; 6.1; 5.6; 0.0;-;-;2312;-0.1; 0.0; 0.0;-6; 21.4;B;0;-;On;On;Off; 23.1; 22.8;0;0;1722;0;1722;0;1536;0;-
2026/05/08;00:22:34;-;-; 52.24; 0.0;-; 6.2; 5.6; 0.0;-;-;2312;-0.1; 0.0; 0.0;-6; 21.4;B;0;-;On;On;Off; 23.1; 22.8;0;0;1722;0;1722;0;1536;0;-
2026/05/08;00:23:34;-;-; 52.24; 0.0;-; 6.2; 5.6; 0.0;-;-;2312;-0.1; 0.0; 0.0;-6; 21.3;B;0;-;On;On;Off; 23.0; 22.8;0;0;1722;0;1722;0;1536;0;-
2026/05/08;00:24:34;-;-; 52.24; 0.0;-; 6.2; 5.7; 0.0;-;-;2312;-0.1; 0.0; 0.0;-6; 21.3;B;0;-;On;On;Off; 23.0; 22.8;0;0;1722;0;1722;0;1536;0;-
2026/05/08;00:25:33;-;-; 52.24; 0.0;-; 6.1; 5.6; 0.0;-;-;2312;-0.1; 0.0; 0.0;-6; 21.3;B;0;-;On;On;Off; 23.0; 22.8;0;0;1722;0;1722;0;1536;0;-
2026/05/08;00:26:33;-;-; 52.24; 0.0;-; 6.1; 5.4; 0.0;-;-;2312;-0.1; 0.0; 0.0;-6; 21.3;B;0;-;On;On;Off; 23.0; 22.8;0;0;1722;0;1722;0;1536;0;-
2026/05/08;00:27:33;-;-; 52.24; 0.0;-; 6.1; 5.6; 0.0;-;-;2312;-0.1; 0.0; 0.0;-6; 21.3;B;0;-;On;On;Off; 23.0; 22.8;0;0;1722;0;1722;0;1536;0;-
2026/05/08;00:28:33;-;-; 52.24; 0.0;-; 6.0; 5.5; 0.0;-;-;2312;-0.1; 0.0; 0.0;-6; 21.3;B;0;-;On;On;Off; 23.0; 22.8;0;0;1722;0;1722;0;1536;0;-
2026/05/08;00:29:33;-;-; 52.24; 0.0;-; 6.1; 5.5; 0.0;-;-;2312;-0.1; 0.0; 0.0;-6; 21.3;B;0;-;On;On;Off; 23.0; 22.8;0;0;1722;0;1722;0;1536;0;-
2026/05/08;00:30:33;-;-; 52.24; 0.0;-; 6.1; 5.5; 0.0;-;-;2312;-0.1; 0.0; 0.0;-6; 21.3;B;0;-;On;On;Off; 23.0; 22.8;0;0;1722;0;1722;0;1536;0;-
2026/05/08;00:31:33;-;-; 52.24; 0.0;-; 6.0; 5.6; 0.0;-;-;2312;-0.1; 0.0; 0.0;-6; 21.3;B;0;-;On;On;Off; 23.0; 22.8;0;0;1722;0;1722;0;1536;0;-
2026/05/08;00:32:33;-;-; 52.24; 0.0;-; 6.1; 5.5; 0.0;-;-;2312;-0.1; 0.0; 0.0;-6; 21.3;B;0;-;On;On;Off; 23.0; 22.8;0;0;1722;0;1722;0;1536;0;-
2026/05/08;00:33:33;-;-; 52.22; 0.0;-; 6.1; 5.7; 0.0;-;-;2312;-0.1; 0.0; 0.0;-6; 21.3;B;0;-;On;On;Off; 23.0; 22.8;0;0;1722;0;1722;0;1536;0;-
2026/05/08;00:34:33;-;-; 52.22; 0.0;-; 6.0; 5.4; 0.0;-;-;2312;-0.1; 0.0; 0.0;-6; 21.3;B;0;-;On;On;Off; 23.0; 22.7;0;0;1722;0;1722;0;1536;0;-
2026/05/08;00:35:33;-;-; 52.22; 0.0;-; 6.0; 5.3; 0.0;-;-;2312;-0.1; 0.0; 0.0;-6; 21.4;B;0;-;On;On;Off; 23.0; 22.7;0;0;1722;0;1722;0;1536;0;-
2026/05/08;00:36:33;-;-; 52.22; 0.0;-; 6.0; 5.5; 0.0;-;-;2312;-0.1; 0.0; 0.0;-6; 21.3;B;0;-;On;On;Off; 23.0; 22.7;0;0;1722;0;1722;0;1536;0;-
2026/05/08;00:37:33;-;-; 52.22; 0.0;-; 6.0; 5.4; 0.0;-;-;2312;-0.1; 0.0; 0.0;-6; 21.3;B;0;-;On;On;Off; 23.0; 22.7;0;0;1722;0;1722;0;1536;0;-
2026/05/08;00:38:33;-;-; 52.22; 0.0;-; 5.9; 5.3; 0.0;-;-;2312;-0.1; 0.0; 0.0;-6; 21.3;B;0;-;On;On;Off; 23.0; 22.7;0;0;1722;0;1722;0;1536;0;-
2026/05/08;00:39:33;-;-; 52.22; 0.0;-; 6.0; 5.2; 0.0;-;-;2312;-0.1; 0.0; 0.0;-6; 21.3;B;0;-;On;On;Off; 23.0; 22.7;0;0;1722;0;1722;0;1536;0;-
2026/05/08;00:40:33;-;-; 52.22; 0.0;-; 6.0; 5.3; 0.0;-;-;2312;-0.1; 0.0; 0.0;-6; 21.3;B;0;-;On;On;Off; 23.0; 22.7;0;0;1722;0;1722;0;1536;0;-
2026/05/08;00:41:32;-;-; 52.22; 0.0;-; 6.1; 5.3; 0.0;-;-;2312;-0.1; 0.0; 0.0;-6; 21.3;B;0;-;On;On;Off; 23.0; 22.7;0;0;1722;0;1722;0;1536;0;-
2026/05/08;00:42:32;-;-; 52.22; 0.0;-; 5.9; 5.3; 0.0;-;-;2312;-0.1; 0.0; 0.0;-6; 21.3;B;0;-;On;On;Off; 23.0; 22.7;0;0;1722;0;1722;0;1536;0;-
2026/05/08;00:43:32;-;-; 52.22; 0.0;-; 6.0; 5.3; 0.0;-;-;2313;-0.1; 0.0; 0.0;-6; 21.3;B;0;-;On;On;Off; 23.0; 22.7;0;0;1722;0;1722;0;1536;0;-
2026/05/08;00:44:32;-;-; 52.22; 0.0;-; 6.0; 5.3; 0.0;-;-;2313;-0.1; 0.0; 0.0;-6; 21.3;B;0;-;On;On;Off; 23.0; 22.7;0;0;1722;0;1722;0;1536;0;-
2026/05/08;00:45:32;-;-; 52.22; 0.0;-; 5.9; 5.2; 0.0;-;-;2313;-0.1; 0.0; 0.0;-5; 21.3;B;0;-;On;On;Off; 23.0; 22.7;0;0;1722;0;1722;0;1536;0;-
2026/05/08;00:46:32;-;-; 52.22; 0.0;-; 6.0; 5.3; 0.0;-;-;2313;-0.1; 0.0; 0.0;-6; 21.3;B;0;-;On;On;Off; 23.0; 22.7;0;0;1722;0;1722;0;1536;0;-
2026/05/08;00:47:32;-;-; 52.20; 0.0;-; 5.9; 5.3; 0.0;-;-;2313;-0.1; 0.0; 0.0;-6; 21.3;B;0;-;On;On;Off; 23.0; 22.7;0;0;1722;0;1722;0;1536;0;-
2026/05/08;00:48:32;-;-; 52.22; 0.0;-; 5.9; 5.2; 0.0;-;-;2313;-0.1; 0.0; 0.0;-5; 21.3;B;0;-;On;On;Off; 23.0; 22.7;0;0;1722;0;1722;0;1536;0;-
2026/05/08;00:49:32;-;-; 52.20; 0.0;-; 5.9; 5.3; 0.0;-;-;2313;-0.1; 0.0; 0.0;-6; 21.3;B;0;-;On;On;Off; 23.0; 22.7;0;0;1722;0;1722;0;1536;0;-
2026/05/08;00:50:32;-;-; 52.22; 0.0;-; 6.0; 5.3; 0.0;-;-;2313;-0.1; 0.0; 0.0;-6; 21.3;B;0;-;On;On;Off; 23.0; 22.7;0;0;1722;0;1722;0;1536;0;-
2026/05/08;00:51:32;-;-; 52.22; 0.0;-; 5.9; 5.2; 0.0;-;-;2313;-0.1; 0.0; 0.0;-6; 21.3;B;0;-;On;On;Off; 23.0; 22.7;0;0;1722;0;1722;0;1536;0;-
2026/05/08;00:52:32;-;-; 52.22; 0.0;-; 5.9; 5.3; 0.0;-;-;2313;-0.1; 0.0; 0.0;-6; 21.3;B;0;-;On;On;Off; 23.0; 22.7;0;0;1722;0;1722;0;1536;0;-
2026/05/08;00:53:32;-;-; 52.22; 0.0;-; 5.8; 5.2; 0.0;-;-;2313;-0.1; 0.0; 0.0;-7; 21.3;B;0;-;On;On;Off; 23.0; 22.7;0;0;1722;0;1722;0;1536;0;-
2026/05/08;00:54:32;-;-; 52.20; 0.0;-; 5.8; 5.2; 0.0;-;-;2313;-0.1; 0.0; 0.0;-6; 21.3;B;0;-;On;On;Off; 23.0; 22.7;0;0;1722;0;1722;0;1536;0;-
2026/05/08;00:55:32;-;-; 52.20; 0.0;-; 5.8; 5.3; 0.0;-;-;2313;-0.1; 0.0; 0.0;-6; 21.3;B;0;-;On;On;Off; 22.9; 22.7;0;0;1722;0;1722;0;1536;0;-
2026/05/08;00:56:31;-;-; 52.20; 0.0;-; 5.8; 5.1; 0.0;-;-;2313;-0.1; 0.0; 0.0;-6; 21.3;B;0;-;On;On;Off; 22.9; 22.7;0;0;1722;0;1722;0;1536;0;-
2026/05/08;00:57:31;-;-; 52.20; 0.0;-; 5.8; 5.2; 0.0;-;-;2313;-0.1; 0.0; 0.0;-6; 21.3;B;0;-;On;On;Off; 23.0; 22.7;0;0;1722;0;1722;0;1536;0;-
2026/05/08;00:58:31;-;-; 52.20; 0.0;-; 5.8; 5.2; 0.0;-;-;2313;-0.1; 0.0; 0.0;-6; 21.3;B;0;-;On;On;Off; 22.9; 22.7;0;0;1722;0;1722;0;1536;0;-
2026/05/08;00:59:31;-;-; 52.20; 0.0;-; 5.7; 5.2; 0.0;-;-;2313;-0.1; 0.0; 0.0;-7; 21.3;B;0;-;On;On;Off; 22.9; 22.7;0;0;1722;0;1722;0;1536;0;-
2026/05/08;01:00:31;-;-; 52.20; 0.0;-; 5.8; 5.2; 0.0;-;-;2313;-0.1; 0.0; 0.0;-7; 21.3;B;0;-;On;On;Off; 22.9; 22.7;0;0;1722;0;1722;0;1536;0;-
2026/05/08;01:01:31;-;-; 52.18; 0.0;-; 5.7; 5.2; 0.0;-;-;2313;-0.1; 0.0; 0.0;-7; 21.3;B;0;-;On;On;Off; 22.9; 22.7;0;0;1722;0;1722;0;1536;0;-
2026/05/08;01:02:31;-;-; 52.20; 0.0;-; 5.7; 5.4; 0.0;-;-;2313;-0.1; 0.0; 0.0;-7; 21.3;B;0;-;On;On;Off; 22.9; 22.7;0;0;1722;0;1722;0;1536;0;-
2026/05/08;01:03:31;-;-; 52.20; 0.0;-; 5.8; 5.3; 0.0;-;-;2313;-0.1; 0.0; 0.0;-6; 21.3;B;0;-;On;On;Off; 22.9; 22.6;0;0;1722;0;1722;0;1536;0;-
2026/05/08;01:04:31;-;-; 52.20; 0.0;-; 5.8; 5.3; 0.0;-;-;2313;-0.1; 0.0; 0.0;-6; 21.3;B;0;-;On;On;Off; 22.9; 22.6;0;0;1722;0;1722;0;1536;0;-
2026/05/08;01:05:31;-;-; 52.20; 0.0;-; 5.8; 5.2; 0.0;-;-;2313;-0.1; 0.0; 0.0;-7; 21.3;B;0;-;On;On;Off; 22.9; 22.6;0;0;1722;0;1722;0;1536;0;-
2026/05/08;01:06:31;-;-; 52.20; 0.0;-; 5.8; 5.4; 0.0;-;-;2313;-0.1; 0.0; 0.0;-6; 21.3;B;0;-;On;On;Off; 22.9; 22.6;0;0;1722;0;1722;0;1536;0;-
2026/05/08;01:07:31;-;-; 52.20; 0.0;-; 5.8; 5.2; 0.0;-;-;2313;-0.1; 0.0; 0.0;-6; 21.3;B;0;-;On;On;Off; 22.9; 22.6;0;0;1722;0;1722;0;1536;0;-
2026/05/08;01:08:31;-;-; 52.20; 0.0;-; 5.7; 5.2; 0.0;-;-;2313;-0.1; 0.0; 0.0;-6; 21.3;B;0;-;On;On;Off; 22.9; 22.6;0;0;1722;0;1722;0;1536;0;-
2026/05/08;01:09:31;-;-; 52.20; 0.0;-; 5.8; 5.3; 0.0;-;-;2313;-0.1; 0.0; 0.0;-6; 21.3;B;0;-;On;On;Off; 22.9; 22.6;0;0;1722;0;1722;0;1536;0;-
2026/05/08;01:10:31;-;-; 52.18; 0.0;-; 5.8; 5.3; 0.0;-;-;2313;-0.1; 0.0; 0.0;-6; 21.3;B;0;-;On;On;Off; 22.9; 22.6;0;0;1722;0;1722;0;1536;0;-
2026/05/08;01:11:31;-;-; 52.20; 0.0;-; 5.8; 5.2; 0.0;-;-;2313;-0.1; 0.0; 0.0;-6; 21.3;B;0;-;On;On;Off; 22.9; 22.6;0;0;1722;0;1722;0;1536;0;-
2026/05/08;01:12:30;-;-; 52.20; 0.0;-; 5.9; 5.3; 0.0;-;-;2313;-0.1; 0.0; 0.0;-6; 21.3;B;0;-;On;On;Off; 22.9; 22.6;0;0;1722;0;1722;0;1536;0;-
2026/05/08;01:13:30;-;-; 52.20; 0.0;-; 5.8; 5.3; 0.0;-;-;2313;-0.1; 0.0; 0.0;-6; 21.3;B;0;-;On;On;Off; 22.9; 22.6;0;0;1722;0;1722;0;1536;0;-
2026/05/08;01:14:30;-;-; 52.18; 0.0;-; 5.8; 5.3; 0.0;-;-;2313;-0.1; 0.0; 0.0;-6; 21.3;B;0;-;On;On;Off; 22.9; 22.6;0;0;1722;0;1722;0;1536;0;-
2026/05/08;01:15:30;-;-; 52.20; 0.0;-; 5.8; 5.2; 0.0;-;-;2313;-0.1; 0.0; 0.0;-6; 21.3;B;0;-;On;On;Off; 22.9; 22.6;0;0;1722;0;1722;0;1536;0;-
2026/05/08;01:16:30;-;-; 52.18; 0.0;-; 5.8; 5.3; 0.0;-;-;2313;-0.1; 0.0; 0.0;-6; 21.3;B;0;-;On;On;Off; 22.9; 22.6;0;0;1722;0;1722;0;1536;0;-
2026/05/08;01:17:30;-;-; 52.20; 0.0;-; 5.8; 5.2; 0.0;-;-;2313;-0.1; 0.0; 0.0;-6; 21.3;B;0;-;On;On;Off; 22.9; 22.6;0;0;1722;0;1722;0;1536;0;-
2026/05/08;01:18:30;-;-; 52.20; 0.0;-; 5.9; 5.3; 0.0;-;-;2313;-0.1; 0.0; 0.0;-6; 21.3;B;0;-;On;On;Off; 22.9; 22.6;0;0;1722;0;1722;0;1536;0;-
2026/05/08;01:19:30;-;-; 52.20; 0.0;-; 5.9; 5.3; 0.0;-;-;2313;-0.1; 0.0; 0.0;-7; 21.3;B;0;-;On;On;Off; 22.9; 22.6;0;0;1722;0;1722;0;1536;0;-
2026/05/08;01:20:30;-;-; 52.18; 0.0;-; 5.8; 5.2; 0.0;-;-;2313;-0.1; 0.0; 0.0;-7; 21.3;B;0;-;On;On;Off; 22.9; 22.6;0;0;1722;0;1722;0;1536;0;-
2026/05/08;01:21:30;-;-; 52.18; 0.0;-; 5.9; 5.3; 0.0;-;-;2313;-0.1; 0.0; 0.0;-6; 21.3;B;0;-;On;On;Off; 22.9; 22.6;0;0;1722;0;1722;0;1536;0;-
2026/05/08;01:22:30;-;-; 52.18; 0.0;-; 5.9; 5.3; 0.0;-;-;2313;-0.1; 0.0; 0.0;-5; 21.3;B;0;-;On;On;Off; 22.9; 22.6;0;0;1722;0;1722;0;1536;0;-
2026/05/08;01:23:30;-;-; 52.18; 0.0;-; 5.8; 5.2; 0.0;-;-;2313;-0.1; 0.0; 0.0;-6; 21.3;B;0;-;On;On;Off; 22.9; 22.6;0;0;1722;0;1722;0;1536;0;-
2026/05/08;01:24:30;-;-; 52.18; 0.0;-; 5.8; 5.2; 0.0;-;-;2313;-0.1; 0.0; 0.0;-6; 21.3;B;0;-;On;On;Off; 22.9; 22.6;0;0;1722;0;1722;0;1536;0;-
2026/05/08;01:25:30;-;-; 52.18; 0.0;-; 5.9; 5.3; 0.0;-;-;2313;-0.1; 0.0; 0.0;-6; 21.3;B;0;-;On;On;Off; 22.9; 22.6;0;0;1722;0;1722;0;1536;0;-
2026/05/08;01:26:30;-;-; 52.18; 0.0;-; 5.8; 5.4; 0.0;-;-;2313;-0.1; 0.0; 0.0;-5; 21.3;B;0;-;On;On;Off; 22.8; 22.6;0;0;1722;0;1722;0;1536;0;-
2026/05/08;01:27:30;-;-; 52.18; 0.0;-; 5.8; 5.3; 0.0;-;-;2313;-0.1; 0.0; 0.0;-6; 21.3;B;0;-;On;On;Off; 22.9; 22.6;0;0;1722;0;1722;0;1536;0;-
2026/05/08;01:28:29;-;-; 52.18; 0.0;-; 5.9; 5.3; 0.0;-;-;2313;-0.1; 0.0; 0.0;-6; 21.3;B;0;-;On;On;Off; 22.8; 22.6;0;0;1722;0;1722;0;1536;0;-
2026/05/08;01:29:29;-;-; 52.18; 0.0;-; 5.8; 5.3; 0.0;-;-;2313;-0.1; 0.0; 0.0;-6; 21.3;B;0;-;On;On;Off; 22.8; 22.6;0;0;1722;0;1722;0;1536;0;-
2026/05/08;01:30:29;-;-; 52.18; 0.0;-; 5.8; 5.2; 0.0;-;-;2313;-0.1; 0.0; 0.0;-6; 21.3;B;0;-;On;On;Off; 22.9; 22.6;0;0;1722;0;1722;0;1536;0;-
2026/05/08;01:31:29;-;-; 52.18; 0.0;-; 5.9; 5.3; 0.0;-;-;2313;-0.1; 0.0; 0.0;-6; 21.3;B;0;-;On;On;Off; 22.8; 22.6;0;0;1722;0;1722;0;1536;0;-
2026/05/08;01:32:29;-;-; 52.18; 0.0;-; 5.9; 5.2; 0.0;-;-;2313;-0.1; 0.0; 0.0;-6; 21.3;B;0;-;On;On;Off; 22.8; 22.6;0;0;1722;0;1722;0;1536;0;-
2026/05/08;01:33:29;-;-; 52.18; 0.0;-; 5.9; 5.3; 0.0;-;-;2313;-0.1; 0.0; 0.0;-6; 21.3;B;0;-;On;On;Off; 22.8; 22.6;0;0;1722;0;1722;0;1536;0;-
2026/05/08;01:34:29;-;-; 52.18; 0.0;-; 6.0; 5.1; 0.0;-;-;2313;-0.1; 0.0; 0.0;-6; 21.3;B;0;-;On;On;Off; 22.8; 22.6;0;0;1722;0;1722;0;1536;0;-
2026/05/08;01:35:29;-;-; 52.16; 0.0;-; 5.9; 5.2; 0.0;-;-;2313;-0.1; 0.0; 0.0;-6; 21.3;B;0;-;On;On;Off; 22.8; 22.6;0;0;1722;0;1722;0;1536;0;-
2026/05/08;01:36:29;-;-; 52.18; 0.0;-; 6.0; 5.3; 0.0;-;-;2313;-0.1; 0.0; 0.0;-6; 21.3;B;0;-;On;On;Off; 22.8; 22.6;0;0;1722;0;1722;0;1536;0;-
2026/05/08;01:37:29;-;-; 52.18; 0.0;-; 5.9; 5.3; 0.0;-;-;2313;-0.1; 0.0; 0.0;-6; 21.3;B;0;-;On;On;Off; 22.8; 22.6;0;0;1722;0;1722;0;1536;0;-
2026/05/08;01:38:29;-;-; 52.18; 0.0;-; 5.9; 5.3; 0.0;-;-;2313;-0.1; 0.0; 0.0;-5; 21.3;B;0;-;On;On;Off; 22.8; 22.6;0;0;1722;0;1722;0;1536;0;-
2026/05/08;01:39:29;-;-; 52.18; 0.0;-; 5.8; 5.3; 0.0;-;-;2313;-0.1; 0.0; 0.0;-6; 21.3;B;0;-;On;On;Off; 22.8; 22.5;0;0;1722;0;1722;0;1536;0;-
2026/05/08;01:40:29;-;-; 52.18; 0.0;-; 5.8; 5.3; 0.0;-;-;2313;-0.1; 0.0; 0.0;-6; 21.3;B;0;-;On;On;Off; 22.8; 22.6;0;0;1722;0;1722;0;1536;0;-
2026/05/08;01:41:29;-;-; 52.18; 0.0;-; 5.9; 5.3; 0.0;-;-;2313;-0.1; 0.0; 0.0;-6; 21.3;B;0;-;On;On;Off; 22.8; 22.5;0;0;1722;0;1722;0;1536;0;-
2026/05/08;01:42:29;-;-; 52.16; 0.0;-; 5.9; 5.3; 0.0;-;-;2313;-0.1; 0.0; 0.0;-6; 21.3;B;0;-;On;On;Off; 22.8; 22.5;0;0;1722;0;1722;0;1536;0;-
2026/05/08;01:43:28;-;-; 52.18; 0.0;-; 5.8; 5.3; 0.0;-;-;2314;-0.1; 0.0; 0.0;-6; 21.3;B;0;-;On;On;Off; 22.8; 22.5;0;0;1722;0;1722;0;1536;0;-
2026/05/08;01:44:28;-;-; 52.16; 0.0;-; 5.9; 5.3; 0.0;-;-;2314;-0.1; 0.0; 0.0;-5; 21.3;B;0;-;On;On;Off; 22.8; 22.6;0;0;1722;0;1722;0;1536;0;-
2026/05/08;01:45:28;-;-; 52.18; 0.0;-; 5.9; 5.2; 0.0;-;-;2314;-0.1; 0.0; 0.0;-6; 21.3;B;0;-;On;On;Off; 22.8; 22.5;0;0;1722;0;1722;0;1536;0;-
2026/05/08;01:46:28;-;-; 52.18; 0.0;-; 5.9; 5.3; 0.0;-;-;2314;-0.1; 0.0; 0.0;-6; 21.3;B;0;-;On;On;Off; 22.8; 22.5;0;0;1722;0;1722;0;1536;0;-
2026/05/08;01:47:28;-;-; 52.16; 0.0;-; 5.9; 5.3; 0.0;-;-;2314;-0.1; 0.0; 0.0;-6; 21.3;B;0;-;On;On;Off; 22.8; 22.5;0;0;1722;0;1722;0;1536;0;-
2026/05/08;01:48:28;-;-; 52.18; 0.0;-; 5.9; 5.4; 0.0;-;-;2314;-0.1; 0.0; 0.0;-6; 21.3;B;0;-;On;On;Off; 22.8; 22.5;0;0;1722;0;1722;0;1536;0;-
2026/05/08;01:49:28;-;-; 52.18; 0.0;-; 5.9; 5.2; 0.0;-;-;2314;-0.1; 0.0; 0.0;-6; 21.3;B;0;-;On;On;Off; 22.8; 22.5;0;0;1722;0;1722;0;1536;0;-
2026/05/08;01:50:28;-;-; 52.16; 0.0;-; 6.0; 5.2; 0.0;-;-;2314;-0.1; 0.0; 0.0;-6; 21.3;B;0;-;On;On;Off; 22.8; 22.5;0;0;1722;0;1722;0;1536;0;-
2026/05/08;01:51:28;-;-; 52.18; 0.0;-; 5.9; 5.2; 0.0;-;-;2314;-0.1; 0.0; 0.0;-6; 21.3;B;0;-;On;On;Off; 22.8; 22.5;0;0;1722;0;1722;0;1536;0;-
2026/05/08;01:52:28;-;-; 52.18; 0.0;-; 5.9; 5.3; 0.0;-;-;2314;-0.1; 0.0; 0.0;-6; 21.3;B;0;-;On;On;Off; 22.8; 22.5;0;0;1722;0;1722;0;1536;0;-
2026/05/08;01:53:28;-;-; 52.18; 0.0;-; 5.9; 5.2; 0.0;-;-;2314;-0.1; 0.0; 0.0;-6; 21.3;B;0;-;On;On;Off; 22.8; 22.5;0;0;1722;0;1722;0;1536;0;-
2026/05/08;01:54:28;-;-; 52.16; 0.0;-; 6.0; 5.3; 0.0;-;-;2314;-0.1; 0.0; 0.0;-6; 21.3;B;0;-;On;On;Off; 22.8; 22.5;0;0;1722;0;1722;0;1536;0;-
2026/05/08;01:55:28;-;-; 52.16; 0.0;-; 5.9; 5.2; 0.0;-;-;2314;-0.1; 0.0; 0.0;-6; 21.3;B;0;-;On;On;Off; 22.8; 22.5;0;0;1722;0;1722;0;1536;0;-
2026/05/08;01:56:28;-;-; 52.16; 0.0;-; 5.9; 5.2; 0.0;-;-;2314;-0.1; 0.0; 0.0;-6; 21.3;B;0;-;On;On;Off; 22.8; 22.5;0;0;1722;0;1722;0;1536;0;-
2026/05/08;01:57:28;-;-; 52.14; 0.0;-; 5.9; 5.3; 0.0;-;-;2314;-0.1; 0.0; 0.0;-6; 21.3;B;0;-;On;On;Off; 22.8; 22.5;0;0;1722;0;1722;0;1536;0;-
2026/05/08;01:58:28;-;-; 52.16; 0.0;-; 5.9; 5.3; 0.0;-;-;2314;-0.1; 0.0; 0.0;-6; 21.3;B;0;-;On;On;Off; 22.8; 22.5;0;0;1722;0;1722;0;1536;0;-
2026/05/08;01:59:27;-;-; 52.16; 0.0;-; 6.0; 5.2; 0.0;-;-;2314;-0.1; 0.0; 0.0;-6; 21.3;B;0;-;On;On;Off; 22.8; 22.5;0;0;1722;0;1722;0;1536;0;-
2026/05/08;02:00:27;-;-; 52.16; 0.0;-; 5.9; 5.4; 0.0;-;-;2314;-0.1; 0.0; 0.0;-6; 21.3;B;0;-;On;On;Off; 22.8; 22.5;0;0;1722;0;1722;0;1536;0;-
2026/05/08;02:01:27;-;-; 52.16; 0.0;-; 6.0; 5.3; 0.0;-;-;2314;-0.1; 0.0; 0.0;-6; 21.3;B;0;-;On;On;Off; 22.8; 22.5;0;0;1722;0;1722;0;1536;0;-
2026/05/08;02:02:27;-;-; 52.16; 0.0;-; 5.9; 5.3; 0.0;-;-;2314;-0.1; 0.0; 0.0;-6; 21.3;B;0;-;On;On;Off; 22.8; 22.5;0;0;1722;0;1722;0;1536;0;-
2026/05/08;02:03:27;-;-; 52.14; 0.0;-; 6.0; 5.3; 0.0;-;-;2314;-0.1; 0.0; 0.0;-6; 21.3;B;0;-;On;On;Off; 22.8; 22.5;0;0;1722;0;1722;0;1536;0;-
2026/05/08;02:04:27;-;-; 52.16; 0.0;-; 6.0; 5.4; 0.0;-;-;2314;-0.1; 0.0; 0.0;-6; 21.3;B;0;-;On;On;Off; 22.7; 22.5;0;0;1722;0;1722;0;1536;0;-
2026/05/08;02:05:27;-;-; 52.16; 0.0;-; 6.0; 5.3; 0.0;-;-;2314;-0.1; 0.0; 0.0;-6; 21.3;B;0;-;On;On;Off; 22.8; 22.5;0;0;1722;0;1722;0;1536;0;-
2026/05/08;02:06:27;-;-; 52.14; 0.0;-; 6.0; 5.4; 0.0;-;-;2314;-0.1; 0.0; 0.0;-6; 21.3;B;0;-;On;On;Off; 22.8; 22.5;0;0;1722;0;1722;0;1536;0;-
2026/05/08;02:07:27;-;-; 52.16; 0.0;-; 6.0; 5.2; 0.0;-;-;2314;-0.1; 0.0; 0.0;-6; 21.3;B;0;-;On;On;Off; 22.7; 22.5;0;0;1722;0;1722;0;1536;0;-
2026/05/08;02:08:27;-;-; 52.16; 0.0;-; 5.9; 5.4; 0.0;-;-;2314;-0.1; 0.0; 0.0;-6; 21.3;B;0;-;On;On;Off; 22.7; 22.5;0;0;1722;0;1722;0;1536;0;-
2026/05/08;02:09:27;-;-; 52.16; 0.0;-; 6.0; 5.4; 0.0;-;-;2314;-0.1; 0.0; 0.0;-6; 21.3;B;0;-;On;On;Off; 22.7; 22.5;0;0;1722;0;1722;0;1536;0;-
2026/05/08;02:10:27;-;-; 52.16; 0.0;-; 6.0; 5.3; 0.0;-;-;2314;-0.1; 0.0; 0.0;-6; 21.3;B;0;-;On;On;Off; 22.7; 22.5;0;0;1722;0;1722;0;1536;0;-
2026/05/08;02:11:27;-;-; 52.16; 0.0;-; 6.0; 5.4; 0.0;-;-;2314;-0.1; 0.0; 0.0;-6; 21.3;B;0;-;On;On;Off; 22.7; 22.5;0;0;1722;0;1722;0;1536;0;-
2026/05/08;02:12:27;-;-; 52.16; 0.0;-; 6.0; 5.4; 0.0;-;-;2314;-0.1; 0.0; 0.0;-6; 21.3;B;0;-;On;On;Off; 22.7; 22.4;0;0;1722;0;1722;0;1536;0;-
2026/05/08;02:13:27;-;-; 52.16; 0.0;-; 6.0; 5.4; 0.0;-;-;2314;-0.1; 0.0; 0.0;-6; 21.3;B;0;-;On;On;Off; 22.7; 22.4;0;0;1722;0;1722;0;1536;0;-
2026/05/08;02:14:27;-;-; 52.14; 0.0;-; 6.0; 5.3; 0.0;-;-;2314;-0.1; 0.0; 0.0;-6; 21.3;B;0;-;On;On;Off; 22.7; 22.4;0;0;1722;0;1722;0;1536;0;-
2026/05/08;02:15:26;-;-; 52.16; 0.0;-; 6.1; 5.5; 0.0;-;-;2314;-0.1; 0.0; 0.0;-6; 21.3;B;0;-;On;On;Off; 22.7; 22.5;0;0;1722;0;1722;0;1536;0;-
2026/05/08;02:16:26;-;-; 52.16; 0.0;-; 6.1; 5.3; 0.0;-;-;2314;-0.1; 0.0; 0.0;-6; 21.3;B;0;-;On;On;Off; 22.7; 22.4;0;0;1722;0;1722;0;1536;0;-
2026/05/08;02:17:26;-;-; 52.16; 0.0;-; 6.0; 5.4; 0.0;-;-;2314;-0.1; 0.0; 0.0;-6; 21.3;B;0;-;On;On;Off; 22.7; 22.4;0;0;1722;0;1722;0;1536;0;-
2026/05/08;02:18:26;-;-; 52.16; 0.0;-; 6.0; 5.3; 0.0;-;-;2314;-0.1; 0.0; 0.0;-6; 21.3;B;0;-;On;On;Off; 22.7; 22.4;0;0;1722;0;1722;0;1536;0;-
2026/05/08;02:19:26;-;-; 52.16; 0.0;-; 6.1; 5.5; 0.0;-;-;2314;-0.1; 0.0; 0.0;-6; 21.3;B;0;-;On;On;Off; 22.7; 22.4;0;0;1722;0;1722;0;1536;0;-
2026/05/08;02:20:26;-;-; 52.16; 0.0;-; 6.1; 5.5; 0.0;-;-;2314;-0.1; 0.0; 0.0;-7; 21.3;B;0;-;On;On;Off; 22.7; 22.5;0;0;1722;0;1722;0;1536;0;-
2026/05/08;02:21:26;-;-; 52.16; 0.0;-; 6.1; 5.4; 0.0;-;-;2314;-0.1; 0.0; 0.0;-7; 21.3;B;0;-;On;On;Off; 22.7; 22.4;0;0;1722;0;1722;0;1536;0;-
2026/05/08;02:22:26;-;-; 52.16; 0.0;-; 6.1; 5.4; 0.0;-;-;2314;-0.1; 0.0; 0.0;-7; 21.3;B;0;-;On;On;Off; 22.7; 22.4;0;0;1722;0;1722;0;1536;0;-
2026/05/08;02:23:26;-;-; 52.16; 0.0;-; 6.1; 5.4; 0.0;-;-;2314;-0.1; 0.0; 0.0;-6; 21.3;B;0;-;On;On;Off; 22.7; 22.4;0;0;1722;0;1722;0;1536;0;-
2026/05/08;02:24:26;-;-; 52.14; 0.0;-; 6.1; 5.5; 0.0;-;-;2314;-0.1; 0.0; 0.0;-6; 21.3;B;0;-;On;On;Off; 22.7; 22.4;0;0;1722;0;1722;0;1536;0;-
2026/05/08;02:25:26;-;-; 52.16; 0.0;-; 6.1; 5.5; 0.0;-;-;2314;-0.1; 0.0; 0.0;-7; 21.3;B;0;-;On;On;Off; 22.7; 22.4;0;0;1722;0;1722;0;1536;0;-
2026/05/08;02:26:26;-;-; 52.16; 0.0;-; 6.3; 5.6; 0.0;-;-;2314;-0.1; 0.0; 0.0;-6; 21.3;B;0;-;On;On;Off; 22.7; 22.4;0;0;1722;0;1722;0;1536;0;-
2026/05/08;02:27:26;-;-; 52.16; 0.0;-; 6.2; 5.6; 0.0;-;-;2314;-0.1; 0.0; 0.0;-6; 21.3;B;0;-;On;On;Off; 22.7; 22.4;0;0;1722;0;1722;0;1536;0;-
2026/05/08;02:28:26;-;-; 52.16; 0.0;-; 6.3; 5.5; 0.0;-;-;2314;-0.1; 0.0; 0.0;-6; 21.3;B;0;-;On;On;Off; 22.7; 22.4;0;0;1722;0;1722;0;1536;0;-
2026/05/08;02:29:26;-;-; 52.14; 0.0;-; 6.4; 5.6; 0.0;-;-;2314;-0.1; 0.0; 0.0;-6; 21.3;B;0;-;On;On;Off; 22.7; 22.4;0;0;1722;0;1722;0;1536;0;-
2026/05/08;02:30:26;-;-; 52.16; 0.0;-; 6.3; 5.6; 0.0;-;-;2314;-0.1; 0.0; 0.0;-6; 21.3;B;0;-;On;On;Off; 22.7; 22.4;0;0;1722;0;1722;0;1536;0;-
2026/05/08;02:31:25;-;-; 52.14; 0.0;-; 6.3; 5.6; 0.0;-;-;2314;-0.1; 0.0; 0.0;-6; 21.3;B;0;-;On;On;Off; 22.7; 22.4;0;0;1722;0;1722;0;1536;0;-
2026/05/08;02:32:25;-;-; 52.16; 0.0;-; 6.3; 5.7; 0.0;-;-;2314;-0.1; 0.0; 0.0;-6; 21.3;B;0;-;On;On;Off; 22.7; 22.4;0;0;1722;0;1722;0;1536;0;-
2026/05/08;02:33:25;-;-; 52.16; 0.0;-; 6.4; 5.7; 0.0;-;-;2314;-0.1; 0.0; 0.0;-6; 21.3;B;0;-;On;On;Off; 22.7; 22.4;0;0;1722;0;1722;0;1536;0;-
2026/05/08;02:34:25;-;-; 52.16; 0.0;-; 6.4; 5.5; 0.0;-;-;2314;-0.1; 0.0; 0.0;-6; 21.3;B;0;-;On;On;Off; 22.7; 22.4;0;0;1722;0;1722;0;1536;0;-
2026/05/08;02:35:25;-;-; 52.16; 0.0;-; 6.4; 5.7; 0.0;-;-;2314;-0.1; 0.0; 0.0;-6; 21.3;B;0;-;On;On;Off; 22.7; 22.4;0;0;1722;0;1722;0;1536;0;-
2026/05/08;02:36:25;-;-; 52.16; 0.0;-; 6.3; 5.7; 0.0;-;-;2314;-0.1; 0.0; 0.0;-6; 21.3;B;0;-;On;On;Off; 22.7; 22.4;0;0;1722;0;1722;0;1536;0;-
2026/05/08;02:37:25;-;-; 52.14; 0.0;-; 6.5; 5.8; 0.0;-;-;2314;-0.1; 0.0; 0.0;-6; 21.3;B;0;-;On;On;Off; 22.7; 22.4;0;0;1722;0;1722;0;1536;0;-
2026/05/08;02:38:25;-;-; 52.16; 0.0;-; 6.4; 5.7; 0.0;-;-;2314;-0.1; 0.0; 0.0;-6; 21.3;B;0;-;On;On;Off; 22.7; 22.4;0;0;1722;0;1722;0;1536;0;-
2026/05/08;02:39:25;-;-; 52.14; 0.0;-; 6.6; 5.8; 0.0;-;-;2314;-0.1; 0.0; 0.0;-6; 21.3;B;0;-;On;On;Off; 22.7; 22.4;0;0;1722;0;1722;0;1536;0;-
2026/05/08;02:40:25;-;-; 52.14; 0.0;-; 6.7; 5.9; 0.0;-;-;2314;-0.1; 0.0; 0.0;-6; 21.3;B;0;-;On;On;Off; 22.7; 22.4;0;0;1722;0;1722;0;1536;0;-
2026/05/08;02:41:25;-;-; 52.14; 0.0;-; 6.6; 5.9; 0.0;-;-;2314;-0.1; 0.0; 0.0;-6; 21.3;B;0;-;On;On;Off; 22.7; 22.4;0;0;1722;0;1722;0;1536;0;-
2026/05/08;02:42:25;-;-; 52.14; 0.0;-; 6.7; 6.0; 0.0;-;-;2314;-0.1; 0.0; 0.0;-6; 21.3;B;0;-;On;On;Off; 22.7; 22.4;0;0;1722;0;1722;0;1536;0;-
2026/05/08;02:43:25;-;-; 52.14; 0.0;-; 6.6; 6.1; 0.0;-;-;2315;-0.1; 0.0; 0.0;-5; 21.3;B;0;-;On;On;Off; 22.7; 22.4;0;0;1722;0;1722;0;1536;0;-
2026/05/08;02:44:25;-;-; 52.14; 0.0;-; 6.7; 5.9; 0.0;-;-;2315;-0.1; 0.0; 0.0;-6; 21.3;B;0;-;On;On;Off; 22.7; 22.4;0;0;1722;0;1722;0;1536;0;-
2026/05/08;02:45:25;-;-; 52.14; 0.0;-; 6.8; 6.1; 0.0;-;-;2315;-0.1; 0.0; 0.0;-6; 21.3;B;0;-;On;On;Off; 22.7; 22.4;0;0;1722;0;1722;0;1536;0;-
2026/05/08;02:46:24;-;-; 52.14; 0.0;-; 6.6; 6.0; 0.0;-;-;2315;-0.1; 0.0; 0.0;-5; 21.3;B;0;-;On;On;Off; 22.7; 22.4;0;0;1722;0;1722;0;1536;0;-
2026/05/08;02:47:24;-;-; 52.12; 0.0;-; 6.8; 6.1; 0.0;-;-;2315;-0.1; 0.0; 0.0;-6; 21.3;B;0;-;On;On;Off; 22.7; 22.4;0;0;1722;0;1722;0;1536;0;-
2026/05/08;02:48:24;-;-; 52.14; 0.0;-; 6.8; 6.2; 0.0;-;-;2315;-0.1; 0.0; 0.0;-6; 21.3;B;0;-;On;On;Off; 22.7; 22.4;0;0;1722;0;1722;0;1536;0;-
2026/05/08;02:49:24;-;-; 52.14; 0.0;-; 6.8; 6.3; 0.0;-;-;2315;-0.1; 0.0; 0.0;-6; 21.3;B;0;-;On;On;Off; 22.7; 22.4;0;0;1722;0;1722;0;1536;0;-
2026/05/08;02:50:24;-;-; 52.14; 0.0;-; 6.9; 6.3; 0.0;-;-;2315;-0.1; 0.0; 0.0;-6; 21.3;B;0;-;On;On;Off; 22.7; 22.4;0;0;1722;0;1722;0;1536;0;-
2026/05/08;02:51:24;-;-; 52.14; 0.0;-; 7.1; 6.4; 0.0;-;-;2315;-0.1; 0.0; 0.0;-6; 21.3;B;0;-;On;On;Off; 22.7; 22.4;0;0;1722;0;1722;0;1536;0;-
2026/05/08;02:52:24;-;-; 52.14; 0.0;-; 7.0; 6.5; 0.0;-;-;2315;-0.1; 0.0; 0.0;-5; 21.3;B;0;-;On;On;Off; 22.6; 22.4;0;0;1722;0;1722;0;1536;0;-
2026/05/08;02:53:24;-;-; 52.14; 0.0;-; 7.1; 6.6; 0.0;-;-;2315;-0.1; 0.0; 0.0;-5; 21.3;B;0;-;On;On;Off; 22.7; 22.4;0;0;1722;0;1722;0;1536;0;-
2026/05/08;02:54:24;-;-; 52.14; 0.0;-; 7.2; 6.6; 0.0;-;-;2315;-0.1; 0.0; 0.0;-7; 21.3;B;0;-;On;On;Off; 22.6; 22.4;0;0;1722;0;1722;0;1536;0;-
2026/05/08;02:55:24;-;-; 52.14; 0.0;-; 7.3; 6.7; 0.0;-;-;2315;-0.1; 0.0; 0.0;-6; 21.3;B;0;-;On;On;Off; 22.6; 22.4;0;0;1722;0;1722;0;1536;0;-
2026/05/08;02:56:24;-;-; 52.12; 0.0;-; 7.4; 6.6; 0.0;-;-;2315;-0.1; 0.0; 0.0;-6; 21.3;B;0;-;On;On;Off; 22.6; 22.4;0;0;1722;0;1722;0;1536;0;-
2026/05/08;02:57:24;-;-; 52.14; 0.0;-; 7.5; 6.8; 0.0;-;-;2315;-0.1; 0.0; 0.0;-6; 21.3;B;0;-;On;On;Off; 22.7; 22.4;0;0;1722;0;1722;0;1536;0;-
2026/05/08;02:58:24;-;-; 52.14; 0.0;-; 7.6; 6.8; 0.0;-;-;2315;-0.1; 0.0; 0.0;-6; 21.3;B;0;-;On;On;Off; 22.6; 22.4;0;0;1722;0;1722;0;1536;0;-
2026/05/08;02:59:24;-;-; 52.14; 0.0;-; 7.7; 6.8; 0.0;-;-;2315;-0.1; 0.0; 0.0;-6; 21.3;B;0;-;On;On;Off; 22.6; 22.4;0;0;1722;0;1722;0;1536;0;-
2026/05/08;03:00:24;-;-; 52.14; 0.0;-; 7.8; 6.9; 0.0;-;-;2315;-0.1; 0.0; 0.0;-6; 21.3;B;0;-;On;On;Off; 22.6; 22.4;0;0;1722;0;1722;0;1536;0;-
2026/05/08;03:01:24;-;-; 52.12; 0.0;-; 7.9; 7.2; 0.0;-;-;2315;-0.1; 0.0; 0.0;-6; 21.3;B;0;-;On;On;Off; 22.6; 22.3;0;0;1722;0;1722;0;1536;0;-
2026/05/08;03:02:23;-;-; 52.14; 0.0;-; 8.0; 7.2; 0.0;-;-;2315;-0.1; 0.0; 0.0;-6; 21.3;B;0;-;On;On;Off; 22.6; 22.3;0;0;1722;0;1722;0;1536;0;-
2026/05/08;03:03:23;-;-; 52.14; 0.0;-; 8.2; 7.2; 0.0;-;-;2315;-0.1; 0.0; 0.0;-5; 21.3;B;0;-;On;On;Off; 22.6; 22.3;0;0;1722;0;1722;0;1536;0;-
2026/05/08;03:04:23;-;-; 52.14; 0.0;-; 8.2; 7.4; 0.0;-;-;2315;-0.1; 0.0; 0.0;-6; 21.3;B;0;-;On;On;Off; 22.6; 22.3;0;0;1722;0;1722;0;1536;0;-
2026/05/08;03:05:23;-;-; 52.14; 0.0;-; 8.4; 7.6; 0.0;-;-;2315;-0.1; 0.0; 0.0;-6; 21.3;B;0;-;On;On;Off; 22.6; 22.3;0;0;1722;0;1722;0;1536;0;-
2026/05/08;03:06:23;-;-; 52.14; 0.0;-; 8.5; 7.6; 0.0;-;-;2315;-0.1; 0.0; 0.0;-6; 21.3;B;0;-;On;On;Off; 22.6; 22.4;0;0;1722;0;1722;0;1536;0;-
2026/05/08;03:07:23;-;-; 52.14; 0.0;-; 8.7; 7.9; 0.0;-;-;2315;-0.1; 0.0; 0.0;-6; 21.3;B;0;-;On;On;Off; 22.6; 22.3;0;0;1722;0;1722;0;1536;0;-
2026/05/08;03:08:23;-;-; 52.14; 0.0;-; 9.0; 8.1; 0.0;-;-;2315;-0.1; 0.0; 0.0;-6; 21.3;B;0;-;On;On;Off; 22.6; 22.3;0;0;1722;0;1722;0;1536;0;-
2026/05/08;03:09:23;-;-; 52.14; 0.0;-; 9.0; 8.2; 0.0;-;-;2315;-0.1; 0.0; 0.0;-6; 21.3;B;0;-;On;On;Off; 22.6; 22.3;0;0;1722;0;1722;0;1536;0;-
2026/05/08;03:10:23;-;-; 52.14; 0.0;-; 9.2; 8.3; 0.0;-;-;2315;-0.1; 0.0; 0.0;-6; 21.3;B;0;-;On;On;Off; 22.6; 22.3;0;0;1722;0;1722;0;1536;0;-
2026/05/08;03:11:23;-;-; 52.14; 0.0;-; 9.4; 8.5; 0.0;-;-;2315;-0.1; 0.0; 0.0;-5; 21.3;B;0;-;On;On;Off; 22.6; 22.3;0;0;1722;0;1722;0;1536;0;-
2026/05/08;03:12:23;-;-; 52.14; 0.0;-; 9.6; 8.5; 0.0;-;-;2315;-0.1; 0.0; 0.0;-5; 21.3;B;0;-;On;On;Off; 22.6; 22.3;0;0;1722;0;1722;0;1536;0;-
2026/05/08;03:13:23;-;-; 52.14; 0.0;-; 9.9; 8.8; 0.0;-;-;2315;-0.1; 0.0; 0.0;-6; 21.3;B;0;-;On;On;Off; 22.6; 22.3;0;0;1722;0;1722;0;1536;0;-
2026/05/08;03:14:23;-;-; 52.12; 0.0;-; 10.1; 8.9; 0.0;-;-;2315;-0.1; 0.0; 0.0;-5; 21.3;B;0;-;On;On;Off; 22.6; 22.3;0;0;1722;0;1722;0;1536;0;-
2026/05/08;03:15:23;-;-; 52.14; 0.0;-; 10.3; 9.2; 0.0;-;-;2315;-0.1; 0.0; 0.0;-6; 21.3;B;0;-;On;On;Off; 22.6; 22.3;0;0;1722;0;1722;0;1536;0;-
2026/05/08;03:16:23;-;-; 52.14; 0.0;-; 10.6; 9.4; 0.0;-;-;2315;-0.1; 0.0; 0.0;-6; 21.3;B;0;-;On;On;Off; 22.6; 22.3;0;0;1722;0;1722;0;1536;0;-
2026/05/08;03:17:23;-;-; 52.14; 0.0;-; 10.7; 9.5; 0.0;-;-;2315;-0.1; 0.0; 0.0;-5; 21.3;B;0;-;On;On;Off; 22.6; 22.3;0;0;1722;0;1722;0;1536;0;-
2026/05/08;03:18:22;-;-; 52.14; 0.0;-; 10.9; 9.8; 0.0;-;-;2315;-0.1; 0.0; 0.0;-6; 21.3;B;0;-;On;On;Off; 22.6; 22.3;0;0;1722;0;1722;0;1536;0;-
2026/05/08;03:19:22;-;-; 52.14; 0.0;-; 11.3; 10.0; 0.0;-;-;2315;-0.1; 0.0; 0.0;-6; 21.3;B;0;-;On;On;Off; 22.6; 22.3;0;0;1722;0;1722;0;1536;0;-
2026/05/08;03:20:22;-;-; 52.14; 0.0;-; 11.5; 10.3; 0.0;-;-;2315;-0.1; 0.0; 0.0;-6; 21.3;B;0;-;On;On;Off; 22.6; 22.3;0;0;1722;0;1722;0;1536;0;-
2026/05/08;03:21:22;-;-; 52.14; 0.0;-; 11.9; 10.5; 0.0;-;-;2315;-0.1; 0.0; 0.0;-6; 21.3;B;0;-;On;On;Off; 22.6; 22.3;0;0;1722;0;1722;0;1536;0;-
2026/05/08;03:22:22;-;-; 52.14; 0.0;-; 12.2; 10.7; 0.0;-;-;2315;-0.1; 0.0; 0.0;-6; 21.3;B;0;-;On;On;Off; 22.6; 22.3;0;0;1722;0;1722;0;1536;0;-
2026/05/08;03:23:22;-;-; 52.14; 0.0;-; 12.4; 11.1; 0.0;-;-;2315;-0.1; 0.0; 0.0;-6; 21.3;B;0;-;On;On;Off; 22.6; 22.3;0;0;1722;0;1722;0;1536;0;-
2026/05/08;03:24:22;-;-; 52.14; 0.0;-; 12.9; 11.5; 0.0;-;-;2315;-0.1; 0.0; 0.0;-6; 21.3;B;0;-;On;On;Off; 22.6; 22.3;0;0;1722;0;1722;0;1536;0;-
2026/05/08;03:25:22;-;-; 52.14; 0.0;-; 13.3; 11.9; 0.0;-;-;2315;-0.1; 0.0; 0.0;-6; 21.3;B;0;-;On;On;Off; 22.6; 22.3;0;0;1722;0;1722;0;1536;0;-
2026/05/08;03:26:22;-;-; 52.12; 0.0;-; 13.6; 12.1; 0.0;-;-;2315;-0.1; 0.0; 0.0;-6; 21.3;B;0;-;On;On;Off; 22.6; 22.3;0;0;1722;0;1722;0;1536;0;-
2026/05/08;03:27:22;-;-; 52.14; 0.0;-; 14.1; 12.4; 0.0;-;-;2315;-0.1; 0.0; 0.0;-6; 21.3;B;0;-;On;On;Off; 22.6; 22.3;0;0;1722;0;1722;0;1536;0;-
2026/05/08;03:28:22;-;-; 52.14; 0.0;-; 14.5; 13.1; 0.0;-;-;2315;-0.1; 0.0; 0.0;-6; 21.3;B;0;-;On;On;Off; 22.6; 22.3;0;0;1722;0;1722;0;1536;0;-
2026/05/08;03:29:22;-;-; 52.14; 0.0;-; 15.0; 13.3; 0.0;-;-;2315;-0.1; 0.0; 0.0;-6; 21.3;B;0;-;On;On;Off; 22.6; 22.3;0;0;1722;0;1722;0;1536;0;-
2026/05/08;03:30:22;-;-; 52.14; 0.0;-; 15.4; 13.6; 0.0;-;-;2315;-0.1; 0.0; 0.0;-6; 21.3;B;0;-;On;On;Off; 22.6; 22.3;0;0;1722;0;1722;0;1536;0;-
2026/05/08;03:31:22;-;-; 52.14; 0.0;-; 16.0; 14.2; 0.0;-;-;2315;-0.1; 0.0; 0.0;-6; 21.3;B;0;-;On;On;Off; 22.6; 22.3;0;0;1722;0;1722;0;1536;0;-
2026/05/08;03:32:22;-;-; 52.14; 0.0;-; 16.4; 14.7; 0.0;-;-;2315;-0.1; 0.0; 0.0;-6; 21.3;B;0;-;On;On;Off; 22.6; 22.3;0;0;1722;0;1722;0;1536;0;-
2026/05/08;03:33:21;-;-; 52.14; 0.0;-; 17.0; 15.2; 0.0;-;-;2315;-0.1; 0.0; 0.0;-6; 21.3;B;0;-;On;On;Off; 22.6; 22.3;0;0;1722;0;1722;0;1536;0;-
2026/05/08;03:34:21;-;-; 52.14; 0.0;-; 17.5; 15.7; 0.0;-;-;2315;-0.1; 0.0; 0.0;-6; 21.3;B;0;-;On;On;Off; 22.6; 22.3;0;0;1722;0;1722;0;1536;0;-
2026/05/08;03:35:21;-;-; 52.12; 0.0;-; 18.1; 16.1; 0.0;-;-;2315;-0.1; 0.0; 0.0;-6; 21.3;B;0;-;On;On;Off; 22.6; 22.3;0;0;1722;0;1722;0;1536;0;-
2026/05/08;03:36:21;-;-; 52.14; 0.0;-; 18.7; 16.6; 0.0;-;-;2315;-0.1; 0.0; 0.0;-6; 21.3;B;0;-;On;On;Off; 22.6; 22.3;0;0;1722;0;1722;0;1536;0;-
2026/05/08;03:37:21;-;-; 52.14; 0.0;-; 19.3; 17.3; 0.0;-;-;2315;-0.1; 0.0; 0.0;-6; 21.3;B;0;-;On;On;Off; 22.6; 22.3;0;0;1722;0;1722;0;1536;0;-
2026/05/08;03:38:21;-;-; 52.12; 0.0;-; 20.1; 17.9; 0.0;-;-;2315;-0.1; 0.0; 0.0;-6; 21.3;B;0;-;On;On;Off; 22.6; 22.3;0;0;1722;0;1722;0;1536;0;-
2026/05/08;03:39:21;-;-; 52.14; 0.0;-; 20.5; 18.5; 0.0;-;-;2315;-0.1; 0.0; 0.0;-6; 21.2;B;0;-;On;On;Off; 22.6; 22.3;0;0;1722;0;1722;0;1536;0;-
2026/05/08;03:40:21;-;-; 52.12; 0.0;-; 21.3; 19.3; 0.0;-;-;2315;-0.1; 0.0; 0.0;-6; 21.3;B;0;-;On;On;Off; 22.6; 22.3;0;0;1722;0;1722;0;1536;0;-
2026/05/08;03:41:21;-;-; 52.14; 0.0;-; 22.0; 19.9; 0.0;-;-;2315;-0.1; 0.0; 0.0;-6; 21.3;B;0;-;On;On;Off; 22.6; 22.3;0;0;1722;0;1722;0;1536;0;-
2026/05/08;03:42:21;-;-; 52.12; 0.0;-; 22.7; 20.6; 0.0;-;-;2315;-0.1; 0.0; 0.0;-6; 21.3;B;0;-;On;On;Off; 22.6; 22.3;0;0;1722;0;1722;0;1536;0;-
2026/05/08;03:43:21;-;-; 52.14; 0.0;-; 23.4; 21.3; 0.0;-;-;2316;-0.1; 0.0; 0.0;-7; 21.3;B;0;-;On;On;Off; 22.6; 22.3;0;0;1722;0;1722;0;1536;0;-
2026/05/08;03:44:21;-;-; 52.12; 0.0;-; 24.2; 22.1; 0.0;-;-;2316;-0.1; 0.0; 0.0;-6; 21.2;B;0;-;On;On;Off; 22.6; 22.3;0;0;1722;0;1722;0;1536;0;-
2026/05/08;03:45:21;-;-; 52.14; 0.0;-; 25.0; 22.7; 0.0;-;-;2316;-0.1; 0.0; 0.0;-7; 21.3;B;0;-;On;On;Off; 22.6; 22.3;0;0;1722;0;1722;0;1536;0;-
2026/05/08;03:46:21;-;-; 52.14; 0.0;-; 26.0; 23.5; 0.0;-;-;2316;-0.1; 0.0; 0.0;-6; 21.3;B;0;-;On;On;Off; 22.5; 22.3;0;0;1722;0;1722;0;1536;0;-
2026/05/08;03:47:21;-;-; 52.14; 0.0;-; 26.7; 24.4; 0.0;-;-;2316;-0.1; 0.0; 0.0;-6; 21.3;B;0;-;On;On;Off; 22.5; 22.3;0;0;1722;0;1722;0;1536;0;-
2026/05/08;03:48:21;-;-; 52.14; 0.0;-; 27.6; 25.2; 0.0;-;-;2316;-0.1; 0.0; 0.0;-5; 21.3;B;0;-;On;On;Off; 22.5; 22.3;0;0;1722;0;1722;0;1536;0;-
2026/05/08;03:49:20;-;-; 52.14; 0.0;-; 28.3; 26.1; 0.0;-;-;2316;-0.1; 0.0; 0.0;-5; 21.3;B;0;-;On;On;Off; 22.5; 22.3;0;0;1722;0;1722;0;1536;0;-
2026/05/08;03:50:20;-;-; 52.14; 0.0;-; 29.2; 26.9; 0.0;-;-;2316;-0.1; 0.0; 0.0;-6; 21.3;B;0;-;On;On;Off; 22.5; 22.3;0;0;1722;0;1722;0;1536;0;-
2026/05/08;03:51:20;-;-; 52.14; 0.0;-; 30.0; 27.8; 0.0;-;-;2316;-0.1; 0.0; 0.0;-6; 21.3;B;0;-;On;On;Off; 22.5; 22.3;0;0;1722;0;1722;0;1536;0;-
2026/05/08;03:52:20;-;-; 52.14; 0.0;-; 31.0; 28.6; 0.0;-;-;2316;-0.1; 0.0; 0.0;-6; 21.3;B;0;-;On;On;Off; 22.5; 22.3;0;0;1722;0;1722;0;1536;0;-
2026/05/08;03:53:20;-;-; 52.14; 0.0;-; 32.0; 29.7; 0.0;-;-;2316;-0.1; 0.0; 0.0;-6; 21.3;B;0;-;On;On;Off; 22.5; 22.3;0;0;1722;0;1722;0;1536;0;-
2026/05/08;03:54:20;-;-; 52.12; 0.0;-; 32.9; 30.6; 0.0;-;-;2316;-0.1; 0.0; 0.0;-6; 21.3;B;0;-;On;On;Off; 22.5; 22.2;0;0;1722;0;1722;0;1536;0;-
2026/05/08;03:55:20;-;-; 52.14; 0.0;-; 33.7; 31.4; 0.0;-;-;2316;-0.1; 0.0; 0.0;-6; 21.2;B;0;-;On;On;Off; 22.5; 22.2;0;0;1722;0;1722;0;1536;0;-
2026/05/08;03:56:20;-;-; 52.12; 0.0;-; 34.6; 32.3; 0.0;-;-;2316;-0.1; 0.0; 0.0;-6; 21.2;B;0;-;On;On;Off; 22.5; 22.3;0;0;1722;0;1722;0;1536;0;-
2026/05/08;03:57:20;-;-; 52.14; 0.0;-; 35.4; 33.3; 0.0;-;-;2316;-0.1; 0.0; 0.0;-6; 21.3;B;0;-;On;On;Off; 22.5; 22.2;0;0;1722;0;1722;0;1536;0;-
2026/05/08;03:58:20;-;-; 52.12; 0.0;-; 36.5; 34.1; 0.0;-;-;2316;-0.1; 0.0; 0.0;-6; 21.3;B;0;-;On;On;Off; 22.5; 22.2;0;0;1722;0;1722;0;1536;0;-
2026/05/08;03:59:20;-;-; 52.12; 0.0;-; 37.5; 35.2; 0.0;-;-;2316;-0.1; 0.0; 0.0;-6; 21.3;B;0;-;On;On;Off; 22.5; 22.2;0;0;1722;0;1722;0;1536;0;-
2026/05/08;04:00:20;-;-; 52.14; 0.0;-; 38.4; 36.0; 0.0;-;-;2316;-0.1; 0.0; 0.0;-6; 21.2;B;0;-;On;On;Off; 22.5; 22.2;0;0;1722;0;1722;0;1536;0;-
2026/05/08;04:01:20;-;-; 52.12; 0.0;-; 39.4; 36.9; 0.0;-;-;2316;-0.1; 0.0; 0.0;-6; 21.3;B;0;-;On;On;Off; 22.5; 22.2;0;0;1722;0;1722;0;1536;0;-
2026/05/08;04:02:20;-;-; 52.12; 0.0;-; 40.3; 37.9; 0.0;-;-;2316;-0.1; 0.0; 0.0;-6; 21.2;B;0;-;On;On;Off; 22.5; 22.2;0;0;1722;0;1722;0;1536;0;-
2026/05/08;04:03:20;-;-; 52.14; 0.0;-; 41.2; 38.8; 0.0;-;-;2316;-0.1; 0.0; 0.0;-6; 21.2;B;0;-;On;On;Off; 22.5; 22.2;0;0;1722;0;1722;0;1536;0;-
2026/05/08;04:04:20;-;-; 52.14; 0.0;-; 42.1; 39.6; 0.0;-;-;2316;-0.1; 0.0; 0.0;-6; 21.3;B;0;-;On;On;Off; 22.5; 22.2;0;0;1722;0;1722;0;1536;0;-
2026/05/08;04:05:19;-;-; 52.12; 0.0;-; 43.0; 40.5; 0.0;-;-;2316;-0.1; 0.0; 0.0;-6; 21.2;B;0;-;On;On;Off; 22.5; 22.2;0;0;1722;0;1722;0;1536;0;-
2026/05/08;04:06:19;-;-; 52.12; 0.0;-; 43.9; 41.5; 0.0;-;-;2316;-0.1; 0.0; 0.0;-6; 21.2;B;0;-;On;On;Off; 22.5; 22.2;0;0;1722;0;1722;0;1536;0;-
2026/05/08;04:07:19;-;-; 52.12; 0.0;-; 44.7; 42.6; 0.0;-;-;2316;-0.1; 0.0; 0.0;-5; 21.2;B;0;-;On;On;Off; 22.5; 22.2;0;0;1722;0;1722;0;1536;0;-
2026/05/08;04:08:19;-;-; 52.12; 0.0;-; 45.6; 43.3; 0.0;-;-;2316;-0.1; 0.0; 0.0;-6; 21.3;B;0;-;On;On;Off; 22.5; 22.2;0;0;1722;0;1722;0;1536;0;-
2026/05/08;04:09:19;-;-; 52.14; 0.0;-; 46.4; 44.3; 0.0;-;-;2316;-0.1; 0.0; 0.0;-6; 21.2;B;0;-;On;On;Off; 22.5; 22.2;0;0;1722;0;1722;0;1536;0;-
2026/05/08;04:10:19;-;-; 52.12; 0.0;-; 47.1; 45.1; 0.0;-;-;2316;-0.1; 0.0; 0.0;-6; 21.2;B;0;-;On;On;Off; 22.5; 22.2;0;0;1722;0;1722;0;1536;0;-
2026/05/08;04:11:19;-;-; 52.12; 0.0;-; 47.8; 45.8; 0.0;-;-;2316;-0.1; 0.0; 0.0;-6; 21.3;B;0;-;On;On;Off; 22.5; 22.2;0;0;1722;0;1722;0;1536;0;-
2026/05/08;04:12:19;-;-; 52.12; 0.0;-; 48.6; 46.7; 0.0;-;-;2316;-0.1; 0.0; 0.0;-7; 21.3;B;0;-;On;On;Off; 22.5; 22.2;0;0;1722;0;1722;0;1536;0;-
2026/05/08;04:13:19;-;-; 52.12; 0.0;-; 49.4; 47.6; 0.0;-;-;2316;-0.1; 0.0; 0.0;-6; 21.2;B;0;-;On;On;Off; 22.5; 22.2;0;0;1722;0;1722;0;1536;0;-
2026/05/08;04:14:19;-;-; 52.12; 0.0;-; 50.2; 48.2; 0.0;-;-;2316;-0.1; 0.0; 0.0;-6; 21.2;B;0;-;On;On;Off; 22.5; 22.2;0;0;1722;0;1722;0;1536;0;-
2026/05/08;04:15:19;-;-; 52.12; 0.0;-; 51.0; 49.3; 0.0;-;-;2316;-0.1; 0.0; 0.0;-7; 21.2;B;0;-;On;On;Off; 22.5; 22.2;0;0;1722;0;1722;0;1536;0;-
2026/05/08;04:16:19;-;-; 52.10; 0.0;-; 51.6; 49.9; 0.0;-;-;2316;-0.1; 0.0; 0.0;-6; 21.2;B;0;-;On;On;Off; 22.5; 22.2;0;0;1722;0;1722;0;1536;0;-
2026/05/08;04:17:19;-;-; 52.12; 0.0;-; 52.4; 50.7; 0.0;-;-;2316;-0.1; 0.0; 0.0;-6; 21.2;B;0;-;On;On;Off; 22.5; 22.2;0;0;1722;0;1722;0;1536;0;-
2026/05/08;04:18:19;-;-; 52.12; 0.0;-; 53.0; 51.4; 0.0;-;-;2316;-0.1; 0.0; 0.0;-6; 21.2;B;0;-;On;On;Off; 22.5; 22.2;0;0;1722;0;1722;0;1536;0;-
2026/05/08;04:19:19;-;-; 52.12; 0.0;-; 53.6; 52.0; 0.0;-;-;2316;-0.1; 0.0; 0.0;-6; 21.2;B;0;-;On;On;Off; 22.5; 22.2;0;0;1722;0;1722;0;1536;0;-
2026/05/08;04:20:19;-;-; 52.12; 0.0;-; 54.4; 52.7; 0.0;-;-;2316;-0.1; 0.0; 0.0;-7; 21.2;B;0;-;On;On;Off; 22.5; 22.2;0;0;1722;0;1722;0;1536;0;-
2026/05/08;04:21:18;-;-; 52.12; 0.0;-; 54.9; 53.4; 0.0;-;-;2316;-0.1; 0.0; 0.0;-6; 21.2;B;0;-;On;On;Off; 22.5; 22.2;0;0;1722;0;1722;0;1536;0;-
2026/05/08;04:22:18;-;-; 52.12; 0.0;-; 55.6; 54.3; 0.0;-;-;2316;-0.1; 0.0; 0.0;-6; 21.2;B;0;-;On;On;Off; 22.5; 22.2;0;0;1722;0;1722;0;1536;0;-
2026/05/08;04:23:18;-;-; 52.12; 0.0;-; 56.1; 54.8; 0.0;-;-;2316;-0.1; 0.0; 0.0;-6; 21.2;B;0;-;On;On;Off; 22.5; 22.2;0;0;1722;0;1722;0;1536;0;-
2026/05/08;04:24:18;-;-; 52.12; 0.0;-; 56.7; 55.5; 0.0;-;-;2316;-0.1; 0.0; 0.0;-7; 21.2;B;0;-;On;On;Off; 22.5; 22.2;0;0;1722;0;1722;0;1536;0;-
2026/05/08;04:25:18;-;-; 52.12; 0.0;-; 57.2; 56.0; 0.0;-;-;2316;-0.1; 0.0; 0.0;-7; 21.2;B;0;-;On;On;Off; 22.5; 22.2;0;0;1722;0;1722;0;1536;0;-
2026/05/08;04:26:18;-;-; 52.12; 0.0;-; 57.8; 56.6; 0.0;-;-;2316;-0.1; 0.0; 0.0;-7; 21.2;B;0;-;On;On;Off; 22.5; 22.2;0;0;1722;0;1722;0;1536;0;-
2026/05/08;04:27:18;-;-; 52.12; 0.0;-; 58.4; 57.2; 0.0;-;-;2316;-0.1; 0.0; 0.0;-6; 21.2;B;0;-;On;On;Off; 22.5; 22.2;0;0;1722;0;1722;0;1536;0;-
2026/05/08;04:28:18;-;-; 52.10; 0.0;-; 58.8; 57.7; 0.0;-;-;2316;-0.1; 0.0; 0.0;-6; 21.2;B;0;-;On;On;Off; 22.5; 22.2;0;0;1722;0;1722;0;1536;0;-
2026/05/08;04:29:18;-;-; 52.12; 0.0;-; 59.4; 58.3; 0.0;-;-;2316;-0.1; 0.0; 0.0;-6; 21.2;B;0;-;On;On;Off; 22.5; 22.2;0;0;1722;0;1722;0;1536;0;-
2026/05/08;04:30:18;-;-; 52.12; 0.0;-; 59.9; 58.8; 0.0;-;-;2316;-0.1; 0.0; 0.0;-6; 21.2;B;0;-;On;On;Off; 22.5; 22.2;0;0;1722;0;1722;0;1536;0;-
2026/05/08;04:31:18;-;-; 52.12; 0.0;-; 60.3; 59.2; 0.0;-;-;2316;-0.1; 0.0; 0.0;-6; 21.2;B;0;-;On;On;Off; 22.5; 22.2;0;0;1722;0;1722;0;1536;0;-
2026/05/08;04:32:18;-;-; 52.12; 0.0;-; 60.8; 59.9; 0.0;-;-;2316;-0.1; 0.0; 0.0;-6; 21.2;B;0;-;On;On;Off; 22.4; 22.2;0;0;1722;0;1722;0;1536;0;-
2026/05/08;04:33:18;-;-; 52.12; 0.0;-; 61.3; 60.4; 0.0;-;-;2316;-0.1; 0.0; 0.0;-6; 21.2;B;0;-;On;On;Off; 22.5; 22.2;0;0;1722;0;1722;0;1536;0;-
2026/05/08;04:34:18;-;-; 52.12; 0.0;-; 61.6; 60.8; 0.0;-;-;2316;-0.1; 0.0; 0.0;-6; 21.2;B;0;-;On;On;Off; 22.4; 22.2;0;0;1722;0;1722;0;1536;0;-
2026/05/08;04:35:18;-;-; 52.12; 0.0;-; 62.2; 61.3; 0.0;-;-;2316;-0.1; 0.0; 0.0;-6; 21.2;B;0;-;On;On;Off; 22.4; 22.2;0;0;1722;0;1722;0;1536;0;-
2026/05/08;04:36:17;-;-; 52.12; 0.0;-; 62.6; 61.7; 0.0;-;-;2316;-0.1; 0.0; 0.0;-6; 21.2;B;0;-;On;On;Off; 22.5; 22.2;0;0;1722;0;1722;0;1536;0;-
2026/05/08;04:37:17;-;-; 52.12; 0.0;-; 62.9; 62.1; 0.0;-;-;2316;-0.1; 0.0; 0.0;-6; 21.2;B;0;-;On;On;Off; 22.4; 22.2;0;0;1722;0;1722;0;1536;0;-
2026/05/08;04:38:17;-;-; 52.12; 0.0;-; 63.3; 62.7; 0.0;-;-;2316;-0.1; 0.0; 0.0;-6; 21.2;B;0;-;On;On;Off; 22.4; 22.2;0;0;1722;0;1722;0;1536;0;-
2026/05/08;04:39:17;-;-; 52.12; 0.0;-; 63.8; 62.9; 0.0;-;-;2316;-0.1; 0.0; 0.0;-6; 21.2;B;0;-;On;On;Off; 22.5; 22.2;0;0;1722;0;1722;0;1536;0;-
2026/05/08;04:40:17;-;-; 52.12; 0.0;-; 64.1; 63.3; 0.0;-;-;2316;-0.1; 0.0; 0.0;-6; 21.2;B;0;-;On;On;Off; 22.4; 22.2;0;0;1722;0;1722;0;1536;0;-
2026/05/08;04:41:17;-;-; 52.10; 0.0;-; 64.5; 63.8; 0.0;-;-;2316;-0.1; 0.0; 0.0;-6; 21.2;B;0;-;On;On;Off; 22.4; 22.2;0;0;1722;0;1722;0;1536;0;-
2026/05/08;04:42:17;-;-; 52.12; 0.0;-; 64.8; 64.1; 0.0;-;-;2316;-0.1; 0.0; 0.0;-6; 21.2;B;0;-;On;On;Off; 22.5; 22.2;0;0;1722;0;1722;0;1536;0;-
2026/05/08;04:43:17;-;-; 52.12; 0.0;-; 65.1; 64.5; 0.0;-;-;2317;-0.1; 0.0; 0.0;-6; 21.2;B;0;-;On;On;Off; 22.4; 22.2;0;0;1722;0;1722;0;1536;0;-
2026/05/08;04:44:17;-;-; 52.12; 0.0;-; 65.5; 64.7; 0.0;-;-;2317;-0.1; 0.0; 0.0;-7; 21.2;B;0;-;On;On;Off; 22.4; 22.2;0;0;1722;0;1722;0;1536;0;-
2026/05/08;04:45:17;-;-; 52.12; 0.0;-; 65.7; 65.0; 0.0;-;-;2317;-0.1; 0.0; 0.0;-6; 21.2;B;0;-;On;On;Off; 22.4; 22.1;0;0;1722;0;1722;0;1536;0;-
2026/05/08;04:46:17;-;-; 52.12; 0.0;-; 66.0; 65.3; 0.0;-;-;2317;-0.1; 0.0; 0.0;-6; 21.2;B;0;-;On;On;Off; 22.4; 22.1;0;0;1722;0;1722;0;1536;0;-
2026/05/08;04:47:17;-;-; 52.12; 0.0;-; 66.2; 65.6; 0.0;-;-;2317;-0.1; 0.0; 0.0;-6; 21.2;B;0;-;On;On;Off; 22.4; 22.1;0;0;1722;0;1722;0;1536;0;-
2026/05/08;04:48:17;-;-; 52.12; 0.0;-; 66.6; 65.9; 0.0;-;-;2317;-0.1; 0.0; 0.0;-7; 21.2;B;0;-;On;On;Off; 22.4; 22.2;0;0;1722;0;1722;0;1536;0;-
2026/05/08;04:49:17;-;-; 52.12; 0.0;-; 66.7; 66.1; 0.0;-;-;2317;-0.1; 0.0; 0.0;-7; 21.2;B;0;-;On;On;Off; 22.4; 22.1;0;0;1722;0;1722;0;1536;0;-
2026/05/08;04:50:17;-;-; 52.12; 0.0;-; 67.0; 66.4; 0.0;-;-;2317;-0.1; 0.0; 0.0;-6; 21.2;B;0;-;On;On;Off; 22.4; 22.2;0;0;1722;0;1722;0;1536;0;-
2026/05/08;04:51:17;-;-; 52.12; 0.0;-; 67.3; 66.6; 0.0;-;-;2317;-0.1; 0.0; 0.0;-6; 21.2;B;0;-;On;On;Off; 22.4; 22.1;0;0;1722;0;1722;0;1536;0;-
2026/05/08;04:52:16;-;-; 52.10; 0.0;-; 67.4; 66.8; 0.0;-;-;2317;-0.1; 0.0; 0.0;-6; 21.2;B;0;-;On;On;Off; 22.4; 22.1;0;0;1722;0;1722;0;1536;0;-
2026/05/08;04:53:16;-;-; 52.12; 0.0;-; 67.6; 66.9; 0.0;-;-;2317;-0.1; 0.0; 0.0;-6; 21.2;B;0;-;On;On;Off; 22.4; 22.1;0;0;1722;0;1722;0;1536;0;-
2026/05/08;04:54:16;-;-; 52.16; 0.0;-; 67.6; 67.0; 0.0;-;-;2317;-0.1; 0.0; 0.0;-6; 21.2;B;0;-;On;On;Off; 22.4; 22.1;0;0;1722;0;1722;0;1536;1;-
2026/05/08;04:55:16;-;-; 52.16; 0.0;-; 67.7; 67.2; 0.0;-;-;2317;-0.1; 0.0; 0.0;-6; 21.2;B;0;-;On;On;Off; 22.4; 22.1;0;0;1722;0;1722;0;1536;1;-
2026/05/08;04:56:16;-;-; 52.14; 0.0;-; 67.9; 67.6; 0.0;-;-;2317;-0.1; 0.0; 0.0;-5; 21.2;B;0;-;On;On;Off; 22.5; 22.1;0;0;1722;0;1722;0;1536;1;-
2026/05/08;04:57:16;-;-; 52.14; 0.0;-; 68.2; 67.8; 0.0;-;-;2317;-0.1; 0.0; 0.0;-5; 21.2;B;0;-;On;On;Off; 22.5; 22.1;0;0;1722;0;1722;0;1536;1;-
2026/05/08;04:58:16;-;-; 52.14; 0.0;-; 68.3; 68.0; 0.0;-;-;2317;-0.1; 0.0; 0.0;-5; 21.2;B;0;-;On;On;Off; 22.5; 22.1;0;0;1722;0;1722;0;1536;1;-
2026/05/08;04:59:16;-;-; 52.16; 0.0;-; 68.5; 68.2; 0.0;-;-;2317;-0.1; 0.0; 0.0;-4; 21.2;B;0;-;On;On;Off; 22.5; 22.2;0;0;1722;0;1722;0;1536;1;-
2026/05/08;05:00:16;-;-; 52.14; 0.0;-; 68.7; 68.3; 0.0;-;-;2317;-0.1; 0.0; 0.0;-4; 21.2;B;0;-;On;On;Off; 22.5; 22.2;0;0;1722;0;1722;0;1536;1;-
2026/05/08;05:01:16;-;-; 52.14; 0.0;-; 68.8; 68.5; 0.0;-;-;2317;-0.1; 0.0; 0.0;-6; 21.2;B;0;-;On;On;Off; 22.5; 22.2;0;0;1722;0;1722;0;1536;1;-
2026/05/08;05:02:16;-;-; 52.14; 0.0;-; 69.0; 68.5; 0.0;-;-;2317;-0.1; 0.0; 0.0;-5; 21.2;B;0;-;On;On;Off; 22.5; 22.2;0;0;1722;0;1722;0;1536;1;-
2026/05/08;05:03:16;-;-; 52.14; 0.0;-; 69.3; 68.8; 0.0;-;-;2317;-0.1; 0.0; 0.0;-4; 21.2;B;0;-;On;On;Off; 22.5; 22.2;0;0;1722;0;1722;0;1536;1;-
2026/05/08;05:04:16;-;-; 52.14; 0.0;-; 69.2; 69.1; 0.0;-;-;2317;-0.1; 0.0; 0.0;-4; 21.2;B;0;-;On;On;Off; 22.5; 22.2;0;0;1722;0;1722;0;1536;1;-
2026/05/08;05:05:16;-;-; 52.16; 0.0;-; 69.5; 69.2; 0.0;-;-;2317;-0.1; 0.0; 0.0;-4; 21.2;B;0;-;On;On;Off; 22.5; 22.2;0;0;1722;0;1722;0;1536;1;-
2026/05/08;05:06:16;-;-; 52.10; 0.1;-; 69.6; 67.8; 7.0;-; 7.0;2317;-0.1; 0.0; 0.0;-5; 21.3;B;0;-;On;On;Off; 22.6; 23.5;0;0;1722;0;1722;0;1536;1;-
2026/05/08;05:07:16;-;-; 52.04; 0.3;-; 67.7; 67.6; 16.7; 9.1; 7.7;2317;-0.1; 0.1; 0.1;-3; 21.3;B;0;-;On;On;Off; 24.6; 24.3;0;0;1722;0;1722;0;1536;1;-
2026/05/08;05:08:15;-;-; 52.06; 0.2;-; 67.9; 69.5; 8.3; 7.7; 0.7;2317; 0.0; 0.3; 0.3;1; 21.3;B;0;-;On;On;Off; 25.1; 23.0;0;0;1722;0;1722;0;1536;1;-
2026/05/08;05:09:15;-;-; 52.04; 0.2;-; 70.0; 67.7; 9.0; 0.7; 8.3;2317;-0.1; 0.2; 0.2;-3; 21.2;B;0;-;On;On;Off; 23.3; 22.9;0;0;1722;0;1722;0;1536;1;-
2026/05/08;05:10:15;-;-; 52.02; 0.3;-; 67.7; 67.8; 18.1; 9.7; 8.3;2317;-0.1; 0.1; 0.1;-5; 21.2;B;0;-;On;On;Off; 24.3; 24.6;0;0;1722;0;1722;0;1536;1;-
2026/05/08;05:11:15;-;-; 52.02; 0.2;-; 67.8; 69.9; 9.7; 9.7; 0.0;2317; 0.0; 0.3; 0.3;1; 21.2;B;0;-;On;On;Off; 25.5; 23.9;0;0;1722;0;1722;0;1536;1;-
2026/05/08;05:12:15;-;-; 52.04; 0.0;-; 70.3; 70.0; 1.4; 0.7; 0.7;2317; 0.1; 0.3; 0.3;2; 21.2;B;0;-;On;On;Off; 23.9; 23.3;0;0;1722;0;1722;0;1536;1;-
2026/05/08;05:13:15;-;-; 52.00; 0.2;-; 70.5; 67.7; 10.4; 0.7; 9.7;2317;-0.1; 0.1; 0.1;-5; 21.3;B;0;-;On;On;Off; 23.6; 24.8;0;0;1722;0;1722;0;1536;1;-
2026/05/08;05:14:15;-;-; 51.98; 0.2;-; 67.8; 70.2; 11.8; 11.1; 0.7;2317; 0.0; 0.2; 0.2;0; 21.3;B;0;-;On;On;Off; 25.7; 25.3;0;0;1722;0;1722;0;1536;1;-
2026/05/08;05:15:15;-;-; 52.00; 0.0;-; 70.7; 70.4; 0.7; 0.7; 0.0;2317; 0.2; 0.4; 0.4;7; 21.2;B;0;-;On;On;Off; 25.1; 23.7;0;0;1722;0;1722;0;1536;1;-
2026/05/08;05:16:15;-;-; 52.00; 0.2;-; 70.9; 68.7; 9.7; 0.7; 9.1;2317;-0.0; 0.1; 0.1;-1; 21.2;B;0;-;On;On;Off; 23.9; 24.5;0;0;1722;0;1722;0;1536;1;-
2026/05/08;05:17:15;-;-; 51.98; 0.4;-; 67.9; 67.6; 22.3; 11.8; 10.5;2317;-0.1; 0.1; 0.1;-2; 21.3;B;0;-;On;On;Off; 25.6; 25.4;0;0;1722;0;1722;0;1536;1;-
2026/05/08;05:18:15;-;-; 52.02; 0.2;-; 67.8; 70.6; 11.8; 11.8; 0.0;2317; 0.2; 0.4; 0.4;9; 21.2;B;0;-;On;On;Off; 26.1; 24.2;0;0;1722;0;1722;0;1536;1;-
2026/05/08;05:19:15;-;-; 52.00; 0.0;-; 71.0; 70.8; 1.4; 0.7; 0.7;2317; 0.1; 0.3; 0.3;4; 21.2;B;0;-;On;On;Off; 24.3; 23.8;0;0;1722;0;1722;0;1536;1;-
2026/05/08;05:20:15;-;-; 52.02; 0.5;-; 67.7; 67.7; 23.7; 12.5; 11.1;2317;-0.1; 0.0; 0.0;-5; 21.2;B;0;-;On;On;Off; 24.9; 25.5;0;0;1722;0;1722;0;1536;1;-
2026/05/08;05:21:15;-;-; 52.02; 0.3;-; 67.8; 70.9; 13.9; 13.2; 0.7;2317; 0.2; 0.3; 0.3;7; 21.2;B;0;-;On;On;Off; 26.3; 25.0;0;0;1722;0;1722;0;1536;1;-
2026/05/08;05:22:15;-;-; 52.02; 0.0;-; 71.4; 71.0; 0.7; 0.7; 0.0;2317; 0.2; 0.4; 0.4;11; 21.2;B;0;-;On;On;Off; 24.9; 24.2;0;0;1722;0;1722;0;1536;1;-
2026/05/08;05:23:15;-;-; 52.02; 0.3;-; 71.4; 67.7; 13.2; 0.7; 12.6;2317;-0.1; 0.1; 0.1;-2; 21.3;B;0;-;On;On;Off; 24.4; 25.5;0;0;1722;0;1722;0;1536;1;-
2026/05/08;05:24:14;-;-; 52.04; 0.5;-; 67.9; 67.7; 26.5; 14.0; 12.6;2317; 0.0; 0.2; 0.2;1; 21.2;B;0;-;On;On;Off; 26.3; 26.0;0;0;1722;0;1722;0;1536;1;-
2026/05/08;05:25:14;-;-; 52.06; 0.0;-; 71.6; 71.3; 0.7; 0.7; 0.0;2317; 0.4; 0.5; 0.5;18; 21.2;B;0;-;On;On;Off; 26.3; 24.5;0;0;1722;0;1722;0;1536;1;-
2026/05/08;05:26:14;-;-; 52.04; 0.3;-; 71.7; 67.8; 13.9; 0.7; 13.2;2317; 0.1; 0.2; 0.2;3; 21.2;B;0;-;On;On;Off; 24.6; 24.9;0;0;1722;0;1722;0;1536;1;-
2026/05/08;05:27:14;-;-; 52.06; 0.5;-; 68.1; 67.9; 28.6; 14.7; 14.0;2317;-0.0; 0.1; 0.1;-2; 21.2;B;0;-;On;On;Off; 26.1; 26.0;0;0;1722;0;1722;0;1536;1;-
2026/05/08;05:28:14;-;-; 52.08; 0.2;-; 69.6; 71.6; 11.2; 10.5; 0.7;2317; 0.3; 0.4; 0.4;17; 21.2;B;0;-;On;On;Off; 26.8; 24.9;0;0;1722;0;1722;0;1536;1;-
2026/05/08;05:29:14;-;-; 52.06; 0.0;-; 71.8; 71.7; 0.7; 0.7; 0.0;2317; 0.3; 0.4; 0.4;14; 21.2;B;0;-;On;On;Off; 25.0; 24.4;0;0;1722;0;1722;0;1536;1;-
2026/05/08;05:30:14;-;-; 52.10; 0.6;-; 67.9; 67.7; 30.7; 16.1; 14.7;2317;-0.1; 0.0; 0.0;-5; 21.2;B;0;-;On;On;Off; 25.1; 26.0;0;0;1722;0;1722;0;1536;1;-
2026/05/08;05:31:14;-;-; 52.12; 0.3;-; 67.9; 71.8; 16.7; 16.1; 0.7;2317; 0.3; 0.4; 0.4;12; 21.2;B;0;-;On;On;Off; 26.8; 25.9;0;0;1722;0;1722;0;1536;1;-
2026/05/08;05:32:14;-;-; 52.12; 0.0;-; 72.2; 71.8; 0.0; 0.0; 0.0;2317; 0.4; 0.5; 0.5;22; 21.2;B;0;-;On;On;Off; 25.6; 24.7;0;0;1722;0;1722;0;1536;1;-
2026/05/08;05:33:14;-;-; 52.12; 0.2;-; 72.3; 69.8; 12.5; 0.7; 11.8;2317; 0.0; 0.1; 0.1;1; 21.2;B;0;-;On;On;Off; 24.9; 25.9;0;0;1722;0;1722;0;1536;1;-
2026/05/08;05:34:14;-;-; 52.16; 0.6;-; 68.0; 68.7; 32.2; 17.5; 14.7;2317; 0.1; 0.2; 0.2;3; 21.2;B;0;-;On;On;Off; 26.7; 26.4;0;0;1722;0;1722;0;1536;1;-
2026/05/08;05:35:14;-;-; 52.18; 0.3;-; 68.0; 72.0; 18.2; 17.5; 0.7;2317; 0.6; 0.6; 0.6;29; 21.2;B;0;-;On;On;Off; 27.1; 25.0;0;0;1722;0;1722;0;1536;1;-
2026/05/08;05:36:14;-;-; 52.20; 0.7;-; 67.9; 67.9; 34.3; 18.2; 16.1;2317; 0.3; 0.3; 0.3;15; 21.2;B;0;-;On;On;Off; 27.1; 25.1;0;0;1722;0;1722;0;1536;1;-
2026/05/08;05:37:14;-;-; 52.24; 0.7;-; 68.1; 68.0; 35.0; 18.2; 16.8;2317; 0.4; 0.4; 0.4;20; 21.2;B;0;-;On;On;Off; 27.4; 26.7;0;0;1722;0;1722;0;1536;1;-
2026/05/08;05:38:14;-;-; 52.26; 0.4;-; 68.2; 72.2; 19.6; 18.9; 0.7;2317; 0.7; 0.7; 0.7;36; 21.2;B;0;-;On;On;Off; 27.5; 25.7;0;0;1722;0;1722;0;1536;1;-
2026/05/08;05:39:13;-;-; 52.28; 0.4;-; 68.1; 72.4; 18.9; 18.9; 0.0;2317; 0.5; 0.5; 0.5;25; 21.2;B;0;-;On;On;Off; 27.4; 25.2;0;0;1722;0;1722;0;1536;1;-
2026/05/08;05:40:13;-;-; 52.33; 0.6;-; 68.3; 69.1; 33.6; 18.9; 14.7;2317; 0.3; 0.4; 0.4;17; 21.2;B;0;-;On;On;Off; 27.5; 26.8;0;0;1722;0;1722;0;1536;1;-
2026/05/08;05:41:13;-;-; 52.37; 0.6;-; 68.4; 70.0; 32.3; 18.9; 13.3;2317; 0.7; 0.7; 0.7;37; 21.2;B;0;-;On;On;Off; 27.8; 27.2;0;0;1722;0;1722;0;1536;1;-
2026/05/08;05:42:13;-;-; 52.43; 0.7;-; 68.5; 68.3; 37.3; 19.7; 17.6;2317; 0.8; 0.7; 0.7;40; 21.2;B;0;-;On;On;Off; 27.9; 27.4;0;0;1722;0;1722;0;1536;1;-
2026/05/08;05:43:13;-;-; 52.47; 0.7;-; 68.5; 68.4; 38.0; 19.7; 18.3;2318; 0.8; 0.7; 0.7;41; 21.2;B;0;-;On;On;Off; 28.1; 27.6;0;0;1722;0;1722;0;1536;1;-
2026/05/08;05:44:13;-;-; 52.51; 0.7;-; 68.6; 68.6; 39.4; 20.4; 19.0;2318; 0.8; 0.7; 0.7;42; 21.2;B;0;-;On;On;Off; 28.2; 27.7;0;0;1722;0;1722;0;1536;1;-
2026/05/08;05:45:13;-;-; 52.57; 0.7;-; 68.6; 68.5; 38.8; 20.4; 18.3;2318; 0.8; 0.7; 0.7;42; 21.2;B;0;-;On;On;Off; 28.3; 27.8;0;0;1722;0;1722;0;1536;1;-
2026/05/08;05:46:13;-;-; 52.63; 0.7;-; 68.7; 68.5; 39.5; 20.4; 19.0;2318; 0.9; 0.7; 0.7;44; 21.2;B;0;-;On;On;Off; 28.4; 27.9;0;0;1722;0;1722;0;1536;1;-
2026/05/08;05:47:13;-;-; 52.67; 0.8;-; 68.8; 68.6; 40.2; 21.2; 19.0;2318; 0.9; 0.7; 0.7;44; 21.2;B;0;-;On;On;Off; 28.5; 28.0;0;0;1722;0;1722;0;1536;1;-
2026/05/08;05:48:13;-;-; 52.73; 0.7;-; 69.8; 68.6; 38.9; 19.1; 19.8;2318; 0.9; 0.8; 0.8;45; 21.2;B;0;-;On;On;Off; 28.7; 28.1;0;0;1722;0;1722;0;1536;1;-
2026/05/08;05:49:13;-;-; 52.77; 0.8;-; 68.9; 68.6; 40.3; 21.2; 19.1;2318; 0.9; 0.8; 0.8;45; 21.2;B;0;-;On;On;Off; 28.7; 28.2;0;0;1722;0;1722;0;1536;1;-
2026/05/08;05:50:13;-;-; 52.83; 0.8;-; 69.0; 68.7; 41.8; 22.0; 19.8;2318; 0.9; 0.8; 0.8;47; 21.2;B;0;-;On;On;Off; 28.8; 28.3;0;0;1722;0;1722;1;1537;1;-
2026/05/08;05:51:13;-;-; 52.87; 0.7;-; 69.0; 70.7; 36.8; 22.0; 14.9;2318; 0.9; 0.8; 0.8;48; 21.2;B;0;-;On;On;Off; 28.9; 28.4;0;0;1722;0;1722;1;1537;1;-
2026/05/08;05:52:13;-;-; 52.95; 0.8;-; 69.2; 68.9; 41.9; 22.0; 19.9;2318; 0.9; 0.8; 0.8;48; 21.2;B;0;-;On;On;Off; 29.0; 28.5;0;0;1722;0;1722;1;1537;1;-
2026/05/08;05:53:13;-;-; 52.97; 0.8;-; 69.1; 70.0; 39.8; 22.0; 17.8;2318; 1.0; 0.8; 0.8;50; 21.2;B;0;-;On;On;Off; 29.1; 28.6;0;0;1722;0;1722;1;1537;1;-
2026/05/08;05:54:13;-;-; 53.04; 0.8;-; 69.1; 69.1; 43.3; 22.7; 20.6;2318; 1.0; 0.8; 0.8;50; 21.2;B;0;-;On;On;Off; 29.2; 28.7;0;0;1722;0;1722;1;1537;1;-
2026/05/08;05:55:12;-;-; 53.08; 0.8;-; 70.1; 69.1; 42.0; 21.4; 20.6;2318; 1.0; 0.8; 0.8;51; 21.2;B;0;-;On;On;Off; 29.2; 28.7;0;0;1722;0;1722;1;1537;1;-
2026/05/08;05:56:12;-;-; 53.14; 0.8;-; 69.4; 70.1; 41.3; 22.8; 18.5;2318; 1.0; 0.8; 0.8;51; 21.2;B;0;-;On;On;Off; 29.3; 28.8;0;0;1722;0;1722;1;1537;1;-
2026/05/08;05:57:12;-;-; 53.20; 0.8;-; 69.4; 69.3; 45.0; 23.5; 21.4;2318; 1.0; 0.8; 0.8;52; 21.2;B;0;-;On;On;Off; 29.4; 28.9;0;0;1722;0;1722;1;1537;1;-
2026/05/08;05:58:12;-;-; 53.26; 0.8;-; 69.5; 69.3; 45.0; 23.6; 21.4;2318; 1.0; 0.8; 0.8;54; 21.2;B;0;-;On;On;Off; 29.5; 28.9;0;0;1722;0;1722;1;1537;1;-
2026/05/08;05:59:12;-;-; 53.32; 0.8;-; 71.1; 69.4; 40.0; 18.6; 21.5;2318; 1.0; 0.8; 0.8;54; 21.2;B;0;-;On;On;Off; 29.5; 29.0;0;1;1723;1;1723;1;1537;1;-
2026/05/08;06:00:12;-;-; 53.38; 0.8;-; 69.6; 69.5; 44.4; 22.9; 21.5;2318; 1.0; 0.8; 0.8;54; 21.2;B;0;-;On;On;Off; 29.6; 29.1;0;1;1723;1;1723;1;1537;1;-
2026/05/08;06:01:12;-;-; 53.44; 0.8;-; 69.8; 69.6; 45.2; 23.7; 21.5;2318; 1.1; 0.8; 0.8;55; 21.2;B;0;-;On;On;Off; 29.6; 29.1;0;1;1723;1;1723;1;1537;1;-
2026/05/08;06:02:12;-;-; 53.48; 0.8;-; 69.8; 69.6; 45.2; 23.7; 21.5;2318; 1.1; 0.8; 0.8;55; 21.2;B;0;-;On;On;Off; 29.7; 29.2;0;1;1723;1;1723;1;1537;1;-
2026/05/08;06:03:12;-;-; 53.56; 0.9;-; 69.9; 69.8; 46.7; 24.4; 22.3;2318; 1.1; 0.9; 0.9;57; 21.2;B;0;-;On;On;Off; 29.8; 29.3;0;1;1723;1;1723;1;1537;1;-
2026/05/08;06:04:12;-;-; 53.62; 0.8;-; 69.9; 70.7; 43.8; 24.4; 19.4;2318; 1.1; 0.9; 0.9;57; 21.2;B;0;-;On;On;Off; 29.8; 29.3;0;1;1723;1;1723;1;1537;1;-
2026/05/08;06:05:12;-;-; 53.68; 0.8;-; 70.0; 70.0; 45.4; 23.8; 21.6;2318; 1.1; 0.9; 0.9;57; 21.2;B;0;-;On;On;Off; 29.9; 29.4;0;1;1723;1;1723;1;1537;1;-
2026/05/08;06:06:12;-;-; 53.76; 0.9;-; 70.1; 70.1; 46.8; 24.5; 22.3;2318; 1.1; 0.9; 0.9;58; 21.2;B;0;-;On;On;Off; 29.9; 29.4;0;1;1723;1;1723;1;1537;1;-
2026/05/08;06:07:12;-;-; 53.79; 0.8;-; 70.2; 71.3; 42.6; 24.5; 18.1;2318; 1.1; 0.9; 0.9;58; 21.2;B;0;-;On;On;Off; 30.0; 29.5;0;1;1723;1;1723;1;1537;1;-
2026/05/08;06:08:12;-;-; 53.87; 0.9;-; 70.4; 70.1; 47.7; 25.3; 22.4;2318; 1.1; 0.9; 0.9;59; 21.2;B;0;-;On;On;Off; 30.0; 29.5;0;1;1723;1;1723;1;1537;1;-
2026/05/08;06:09:12;-;-; 53.93; 0.9;-; 70.4; 70.3; 47.8; 25.3; 22.4;2318; 1.1; 0.9; 0.9;60; 21.2;B;0;-;On;On;Off; 30.1; 29.6;0;1;1723;1;1723;1;1537;1;-
2026/05/08;06:10:11;-;-; 53.99; 0.9;-; 70.5; 70.5; 48.5; 25.4; 23.2;2318; 1.2; 0.9; 0.9;61; 21.2;B;0;-;On;On;Off; 30.1; 29.6;0;1;1723;1;1723;1;1537;1;-
2026/05/08;06:11:11;-;-; 54.07; 0.9;-; 70.6; 70.5; 47.9; 25.4; 22.5;2318; 1.2; 0.9; 0.9;62; 21.2;B;0;-;On;On;Off; 30.2; 29.7;0;1;1723;1;1723;1;1537;1;-
2026/05/08;06:12:11;-;-; 54.15; 0.9;-; 70.7; 70.6; 49.3; 26.1; 23.2;2318; 1.2; 0.9; 0.9;63; 21.2;B;0;-;On;On;Off; 30.2; 29.7;0;1;1723;1;1723;1;1537;1;-
2026/05/08;06:13:11;-;-; 54.23; 0.9;-; 70.8; 70.7; 50.1; 26.9; 23.2;2318; 1.2; 0.9; 0.9;62; 21.2;B;0;-;On;On;Off; 30.3; 29.7;0;1;1723;1;1723;1;1537;1;-
2026/05/08;06:14:11;-;-; 54.29; 0.9;-; 70.7; 70.7; 50.3; 27.7; 22.6;2318; 1.2; 0.9; 0.9;63; 21.2;B;0;-;On;On;Off; 30.3; 29.8;0;1;1723;1;1723;1;1537;1;-
2026/05/08;06:15:11;-;-; 54.37; 0.9;-; 71.0; 70.8; 50.3; 27.7; 22.6;2318; 1.2; 0.9; 0.9;65; 21.2;B;0;-;On;On;Off; 30.3; 29.8;0;1;1723;1;1723;1;1537;1;-
2026/05/08;06:16:11;-;-; 54.45; 0.9;-; 71.0; 70.9; 50.4; 27.8; 22.6;2318; 1.2; 0.9; 0.9;65; 21.2;B;0;-;On;On;Off; 30.4; 29.9;0;1;1723;1;1723;1;1537;1;-
2026/05/08;06:17:11;-;-; 54.53; 0.9;-; 72.5; 71.0; 46.8; 24.1; 22.7;2318; 1.3; 0.9; 0.9;67; 21.2;B;0;-;On;On;Off; 30.4; 29.9;0;1;1723;1;1723;1;1537;1;-
2026/05/08;06:18:11;-;-; 54.60; 0.9;-; 71.3; 71.1; 51.2; 28.5; 22.7;2318; 1.3; 0.9; 0.9;67; 21.2;B;0;-;On;On;Off; 30.4; 30.0;0;1;1723;1;1723;1;1537;1;-
2026/05/08;06:19:11;-;-; 54.68; 1.0;-; 71.3; 71.2; 52.1; 29.3; 22.7;2318; 1.2; 0.9; 0.9;66; 21.2;B;0;-;On;On;Off; 30.5; 30.0;0;1;1723;1;1723;1;1537;1;-
2026/05/08;06:20:11;-;-; 54.70; 1.0;-; 71.4; 71.3; 52.1; 29.4; 22.7;2318; 1.3; 0.9; 0.9;67; 21.3;B;0;-;On;On;Off; 30.5; 30.0;0;1;1723;1;1723;1;1537;1;-
2026/05/08;06:21:11;-;-; 54.82; 1.0;-; 71.4; 71.4; 53.6; 30.9; 22.8;2318; 1.2; 0.9; 0.9;66; 21.2;B;0;-;On;On;Off; 30.5; 30.1;0;1;1723;1;1723;1;1537;1;-
2026/05/08;06:22:11;-;-; 54.88; 0.9;-; 72.6; 71.5; 50.0; 27.2; 22.8;2318; 1.3; 1.0; 1.0;69; 21.3;B;0;-;On;On;Off; 30.6; 30.1;0;1;1723;1;1723;1;1537;1;-
2026/05/08;06:23:11;-;-; 54.98; 1.0;-; 71.9; 71.6; 53.9; 31.7; 22.1;2318; 1.3; 1.0; 1.0;71; 21.3;B;0;-;On;On;Off; 30.6; 30.1;0;1;1723;1;1723;1;1537;1;-
2026/05/08;06:24:11;-;-; 55.06; 1.0;-; 71.7; 71.6; 54.6; 32.5; 22.2;2318; 1.3; 1.0; 1.0;70; 21.3;B;0;-;On;On;Off; 30.6; 30.2;0;1;1723;1;1723;1;1537;1;-
2026/05/08;06:25:10;-;-; 55.14; 1.0;-; 71.8; 71.9; 53.9; 32.5; 21.4;2318; 1.3; 1.0; 1.0;70; 21.3;B;0;-;On;On;Off; 30.7; 30.2;0;1;1723;1;1723;1;1537;1;-
2026/05/08;06:26:10;-;-; 55.22; 1.0;-; 72.1; 71.8; 54.0; 32.6; 21.5;2318; 1.3; 1.0; 1.0;70; 21.3;B;0;-;On;On;Off; 30.7; 30.2;0;1;1723;1;1723;1;1537;1;-
2026/05/08;06:27:10;-;-; 55.29; 1.0;-; 72.1; 71.9; 54.9; 33.4; 21.5;2318; 1.3; 1.0; 1.0;72; 21.3;B;0;-;On;On;Off; 30.8; 30.3;0;1;1723;1;1723;1;1537;1;-
2026/05/08;06:28:10;-;-; 55.37; 1.0;-; 72.3; 72.1; 55.0; 33.4; 21.5;2318; 1.3; 1.0; 1.0;71; 21.3;B;0;-;On;On;Off; 30.8; 30.3;0;1;1723;1;1723;1;1537;1;-
2026/05/08;06:29:10;-;-; 55.45; 1.0;-; 72.5; 72.1; 54.3; 33.5; 20.8;2318; 1.3; 1.0; 1.0;71; 21.3;B;0;-;On;On;Off; 30.8; 30.3;0;1;1723;1;1723;1;1537;1;-
2026/05/08;06:30:10;-;-; 55.49; 0.9;-; 73.6; 72.2; 51.3; 29.8; 21.6;2318; 1.3; 1.0; 1.0;72; 21.3;B;0;-;On;On;Off; 30.8; 30.4;0;1;1723;1;1723;1;1537;1;-
2026/05/08;06:31:10;-;-; 55.63; 1.0;-; 72.5; 72.3; 55.2; 34.3; 20.9;2318; 1.3; 1.0; 1.0;72; 21.3;B;0;-;On;On;Off; 30.9; 30.4;0;1;1723;1;1723;1;1537;1;-
2026/05/08;06:32:10;-;-; 55.71; 0.8;-; 74.1; 73.8; 41.9; 29.9; 11.9;2318; 1.4; 1.0; 1.0;74; 21.3;B;0;-;On;On;Off; 30.9; 30.4;0;1;1723;1;1723;1;1537;1;-
2026/05/08;06:33:10;-;-; 55.83; 1.0;-; 73.0; 72.7; 56.9; 35.2; 21.7;2318; 1.4; 1.0; 1.0;76; 21.3;B;0;-;On;On;Off; 30.9; 30.4;0;1;1723;1;1723;1;1537;1;-
2026/05/08;06:34:10;-;-; 55.99; 1.0;-; 73.0; 72.9; 57.8; 36.0; 21.8;2318; 1.4; 1.0; 1.0;77; 21.3;B;0;-;On;On;Off; 31.0; 30.5;0;1;1723;1;1723;1;1537;1;-
2026/05/08;06:35:10;-;-; 56.16; 1.0;-; 73.3; 73.2; 58.0; 36.2; 21.8;2318; 1.4; 1.0; 1.0;77; 21.3;B;0;-;On;On;Off; 31.0; 30.5;0;1;1723;1;1723;1;1537;1;-
2026/05/08;06:36:10;-;-; 56.32; 1.0;-; 73.6; 73.4; 58.1; 35.5; 22.7;2318; 1.4; 1.0; 1.0;78; 21.3;B;0;-;On;On;Off; 31.0; 30.5;0;1;1723;1;1723;1;1537;1;-
2026/05/08;06:37:10;-;-; 56.52; 1.0;-; 73.8; 73.6; 58.4; 35.6; 22.8;2318; 1.4; 1.0; 1.0;78; 21.3;B;0;-;On;On;Off; 31.1; 30.6;0;1;1723;1;1723;1;1537;1;-
2026/05/08;06:38:10;-;-; 56.72; 1.0;-; 74.0; 73.9; 59.3; 35.0; 24.3;2318; 1.4; 1.0; 1.0;79; 21.3;B;0;-;On;On;Off; 31.1; 30.6;0;1;1723;1;1723;1;1537;1;-
2026/05/08;06:39:10;-;-; 56.85; 0.8;-; 74.4; 75.2; 44.2; 33.5; 10.6;2318; 1.4; 1.0; 1.0;78; 21.3;B;0;-;On;On;Off; 31.1; 30.6;0;1;1723;1;1723;1;1537;1;-
2026/05/08;06:40:09;-;-; 57.05; 1.0;-; 74.5; 74.2; 57.4; 32.1; 25.3;2318; 1.4; 1.0; 1.0;76; 21.3;B;0;-;On;On;Off; 31.2; 30.7;0;1;1723;1;1723;1;1537;1;-
2026/05/08;06:41:09;-;-; 57.13; 0.9;-; 74.6; 74.5; 53.7; 26.8; 26.8;2318; 1.3; 1.0; 1.0;75; 21.3;B;0;-;On;On;Off; 31.2; 30.7;0;1;1723;1;1723;1;1537;1;-
2026/05/08;06:42:09;-;-; 57.27; 1.0;-; 74.7; 74.5; 59.1; 30.7; 28.4;2318; 1.3; 1.0; 1.0;74; 21.3;B;0;-;On;On;Off; 31.2; 30.7;0;1;1723;1;1723;1;1537;1;-
2026/05/08;06:43:09;-;-; 57.45; 1.0;-; 74.9; 74.7; 57.8; 28.5; 29.3;2319; 1.3; 1.0; 1.0;75; 21.3;B;0;-;On;On;Off; 31.3; 30.7;0;1;1723;1;1723;1;1537;1;-
2026/05/08;06:44:09;-;-; 57.54; 1.0;-; 75.0; 74.9; 57.1; 27.8; 29.3;2319; 1.3; 1.0; 1.0;72; 21.3;B;0;-;On;On;Off; 31.3; 30.8;0;1;1723;1;1723;1;1537;1;-
2026/05/08;06:45:09;-;-; 57.62; 1.0;-; 74.9; 74.9; 56.4; 26.3; 30.1;2319; 1.3; 0.9; 0.9;71; 21.3;B;0;-;On;On;Off; 31.3; 30.8;0;1;1723;1;1723;1;1537;1;-
2026/05/08;06:46:09;-;-; 57.66; 1.0;-; 75.0; 75.0; 55.7; 24.7; 31.0;2319; 1.2; 0.9; 0.9;69; 21.3;B;0;-;On;On;Off; 31.4; 30.8;0;1;1723;1;1723;1;1537;1;-
2026/05/08;06:47:09;-;-; 57.70; 1.0;-; 75.0; 75.0; 55.0; 24.0; 31.0;2319; 1.2; 0.9; 0.9;67; 21.3;B;0;-;On;On;Off; 31.4; 30.8;0;1;1723;1;1723;1;1537;1;-
2026/05/08;06:48:09;-;-; 57.74; 0.9;-; 75.2; 75.1; 54.2; 23.2; 31.0;2319; 1.2; 0.9; 0.9;65; 21.3;B;0;-;On;On;Off; 31.4; 30.9;0;1;1723;1;1723;1;1537;1;-
2026/05/08;06:49:09;-;-; 57.72; 0.9;-; 75.1; 74.9; 52.7; 21.7; 31.0;2319; 1.1; 0.9; 0.9;64; 21.3;B;0;-;On;On;Off; 31.4; 30.9;0;1;1723;1;1723;1;1537;1;-
2026/05/08;06:50:09;-;-; 57.78; 0.8;-; 75.4; 75.0; 48.0; 17.0; 31.0;2319; 1.1; 0.9; 0.9;62; 21.3;B;0;-;On;On;Off; 31.4; 30.9;0;1;1723;1;1723;1;1537;1;-
2026/05/08;06:51:09;-;-; 57.76; 0.8;-; 75.3; 75.3; 45.7; 17.0; 28.6;2319; 1.1; 0.8; 0.8;61; 21.3;B;0;-;On;On;Off; 31.5; 30.9;0;1;1723;1;1723;1;1537;1;-
2026/05/08;06:52:09;-;-; 57.70; 0.9;-; 75.0; 75.1; 53.4; 21.7; 31.7;2319; 1.1; 0.8; 0.8;59; 21.3;B;0;-;On;On;Off; 31.5; 30.9;0;1;1723;1;1723;1;1537;1;-
2026/05/08;06:53:09;-;-; 57.72; 0.9;-; 75.1; 74.9; 52.6; 20.9; 31.7;2319; 1.0; 0.8; 0.8;58; 21.3;B;0;-;On;On;Off; 31.5; 31.0;0;1;1723;1;1723;1;1537;1;-
2026/05/08;06:54:09;-;-; 57.66; 0.9;-; 75.3; 75.0; 50.3; 17.8; 32.5;2319; 1.0; 0.8; 0.8;56; 21.3;B;0;-;On;On;Off; 31.5; 31.0;0;1;1723;1;1723;1;1537;1;-
2026/05/08;06:55:08;-;-; 57.70; 0.9;-; 75.1; 75.0; 51.1; 18.6; 32.5;2319; 1.0; 0.8; 0.8;55; 21.3;B;0;-;On;On;Off; 31.5; 31.0;0;1;1723;1;1723;1;1537;1;-
2026/05/08;06:56:08;-;-; 57.70; 0.6;-; 75.8; 75.0; 32.5; 0.8; 31.7;2319; 1.0; 0.8; 0.8;54; 21.3;B;0;-;On;On;Off; 30.3; 31.0;0;1;1723;1;1723;2;1538;1;-
2026/05/08;06:57:08;-;-; 57.62; 0.6;-; 75.7; 75.0; 33.2; 0.8; 32.4;2319; 0.8; 0.7; 0.7;45; 21.3;B;0;-;On;On;Off; 29.3; 30.8;0;1;1723;1;1723;2;1538;1;-
2026/05/08;06:58:08;-;-; 57.78; 0.6;-; 75.2; 76.3; 34.1; 18.6; 15.5;2319; 0.7; 0.5; 0.5;39; 21.3;B;0;-;On;On;Off; 30.9; 30.7;0;1;1723;1;1723;2;1538;1;-
2026/05/08;06:59:08;-;-; 57.62; 0.5;-; 76.4; 75.1; 28.6; 0.0; 28.6;2319; 0.9; 0.7; 0.7;50; 21.3;B;0;-;On;On;Off; 31.3; 30.8;0;1;1723;1;1723;2;1538;1;-
2026/05/08;07:00:08;-;-; 57.72; 0.4;-; 75.3; 76.2; 22.4; 19.4; 3.1;2319; 0.9; 0.8; 0.8;51; 21.3;B;0;-;On;On;Off; 31.4; 30.9;0;1;1723;1;1723;2;1538;1;-
2026/05/08;07:01:08;-;-; 57.64; 0.8;-; 75.2; 75.0; 48.7; 20.8; 27.8;2319; 0.9; 0.7; 0.7;50; 21.3;B;0;-;On;On;Off; 31.4; 30.9;0;1;1723;1;1723;2;1538;1;-
2026/05/08;07:02:08;-;-; 57.68; 0.3;-; 75.1; 76.3; 19.4; 19.4; 0.0;2319; 0.9; 0.7; 0.7;49; 21.3;B;0;-;On;On;Off; 31.5; 30.9;0;1;1723;1;1723;2;1538;1;-
2026/05/08;07:03:08;-;-; 57.62; 0.8;-; 75.1; 75.0; 47.9; 20.8; 27.1;2319; 0.9; 0.7; 0.7;48; 21.3;B;0;-;On;On;Off; 31.5; 31.0;0;1;1723;1;1723;2;1538;1;-
2026/05/08;07:04:08;-;-; 57.64; 0.3;-; 75.1; 76.3; 20.1; 20.1; 0.0;2319; 0.8; 0.7; 0.7;47; 21.3;B;0;-;On;On;Off; 31.5; 31.0;0;1;1723;1;1723;2;1538;1;-
2026/05/08;07:05:08;-;-; 57.58; 0.8;-; 75.1; 75.0; 47.1; 20.8; 26.2;2319; 0.8; 0.7; 0.7;47; 21.4;B;0;-;On;On;Off; 31.5; 31.0;0;1;1723;1;1723;2;1538;1;-
2026/05/08;07:06:08;-;-; 57.56; 0.8;-; 75.1; 75.0; 45.5; 20.8; 24.7;2319; 0.8; 0.7; 0.7;47; 21.3;B;0;-;On;On;Off; 31.6; 31.0;0;1;1723;1;1723;2;1538;1;-
2026/05/08;07:07:08;-;-; 57.56; 0.8;-; 75.1; 75.0; 44.7; 20.8; 23.9;2319; 0.8; 0.7; 0.7;45; 21.3;B;0;-;On;On;Off; 31.6; 31.1;0;2;1724;2;1724;2;1538;1;-
2026/05/08;07:08:08;-;-; 57.64; 0.3;-; 74.9; 76.2; 20.1; 20.1; 0.0;2319; 0.8; 0.7; 0.7;45; 21.3;B;0;-;On;On;Off; 31.6; 31.1;0;2;1724;2;1724;2;1538;1;-
2026/05/08;07:09:08;-;-; 57.62; 0.6;-; 75.8; 75.0; 34.7; 12.3; 22.4;2319; 0.8; 0.7; 0.7;45; 21.3;B;0;-;On;On;Off; 31.6; 31.1;0;2;1724;2;1724;2;1538;1;-
2026/05/08;07:10:08;-;-; 57.60; 0.7;-; 75.1; 75.0; 42.5; 19.3; 23.2;2319; 0.8; 0.7; 0.7;44; 21.4;B;0;-;On;On;Off; 31.6; 31.1;0;2;1724;2;1724;2;1538;1;-
2026/05/08;07:11:07;-;-; 57.45; 0.7;-; 75.1; 74.8; 43.1; 18.5; 24.6;2319; 0.8; 0.7; 0.7;43; 21.4;B;0;-;On;On;Off; 31.6; 31.1;0;2;1724;2;1724;2;1538;1;-
2026/05/08;07:12:07;-;-; 57.43; 0.4;-; 76.0; 74.8; 23.9; 0.0; 23.9;2319; 0.8; 0.7; 0.7;43; 21.4;B;0;-;On;On;Off; 31.7; 31.1;0;2;1724;2;1724;2;1538;1;-
2026/05/08;07:13:07;-;-; 57.50; 0.8;-; 74.9; 74.7; 45.4; 20.8; 24.6;2319; 0.8; 0.7; 0.7;43; 21.4;B;0;-;On;On;Off; 31.7; 31.2;0;2;1724;2;1724;2;1538;1;-
2026/05/08;07:14:07;-;-; 57.54; 0.8;-; 75.0; 74.7; 43.2; 20.1; 23.2;2319; 0.8; 0.7; 0.7;42; 21.4;B;0;-;On;On;Off; 31.7; 31.2;0;2;1724;2;1724;2;1538;1;-
2026/05/08;07:15:07;-;-; 57.50; 0.7;-; 75.0; 74.8; 43.1; 20.8; 22.3;2319; 0.7; 0.7; 0.7;41; 21.4;B;0;-;On;On;Off; 31.7; 31.2;0;2;1724;2;1724;2;1538;1;-
2026/05/08;07:16:07;-;-; 57.50; 0.7;-; 75.0; 74.7; 43.1; 20.8; 22.3;2319; 0.7; 0.7; 0.7;40; 21.4;B;0;-;On;On;Off; 31.7; 31.2;0;2;1724;2;1724;2;1538;1;-
2026/05/08;07:17:07;-;-; 57.49; 0.7;-; 75.0; 74.8; 42.4; 20.0; 22.3;2319; 0.7; 0.7; 0.7;40; 21.4;B;0;-;On;On;Off; 31.8; 31.2;0;2;1724;2;1724;2;1538;1;-
2026/05/08;07:18:07;-;-; 57.54; 0.7;-; 74.8; 74.7; 42.4; 20.1; 22.4;2319; 0.7; 0.7; 0.7;40; 21.4;B;0;-;On;On;Off; 31.8; 31.2;0;2;1724;2;1724;2;1538;1;-
2026/05/08;07:19:07;-;-; 57.54; 0.6;-; 74.7; 75.0; 37.0; 20.1; 16.9;2319; 0.7; 0.7; 0.7;40; 21.4;B;0;-;On;On;Off; 31.8; 31.2;0;2;1724;2;1724;2;1538;1;-
2026/05/08;07:20:07;-;-; 57.50; 0.7;-; 74.8; 74.8; 38.5; 20.8; 17.7;2319; 0.7; 0.7; 0.7;39; 21.4;B;0;-;On;On;Off; 31.8; 31.3;0;2;1724;2;1724;2;1538;1;-
2026/05/08;07:21:07;-;-; 57.47; 0.3;-; 74.9; 75.8; 17.7; 17.7; 0.0;2319; 0.7; 0.7; 0.7;38; 21.4;B;0;-;On;On;Off; 31.8; 31.3;0;2;1724;2;1724;2;1538;1;-
2026/05/08;07:22:07;-;-; 57.37; 0.7;-; 74.8; 74.7; 39.2; 20.0; 19.3;2319; 0.7; 0.7; 0.7;37; 21.4;B;0;-;On;On;Off; 31.8; 31.3;0;2;1724;2;1724;2;1538;1;-
2026/05/08;07:23:07;-;-; 57.33; 0.7;-; 74.7; 74.7; 39.2; 20.0; 19.2;2319; 0.7; 0.6; 0.6;37; 21.4;B;0;-;On;On;Off; 31.8; 31.3;0;2;1724;2;1724;2;1538;1;-
2026/05/08;07:24:07;-;-; 57.21; 0.6;-; 74.8; 74.7; 36.0; 16.1; 19.9;2319; 0.7; 0.6; 0.6;36; 21.4;B;0;-;On;On;Off; 31.8; 31.3;0;2;1724;2;1724;2;1538;1;-
2026/05/08;07:25:07;-;-; 57.23; 0.7;-; 74.7; 74.6; 41.4; 20.7; 20.7;2319; 0.7; 0.6; 0.6;37; 21.4;B;0;-;On;On;Off; 31.8; 31.3;0;2;1724;2;1724;2;1538;1;-
2026/05/08;07:26:06;-;-; 57.25; 0.7;-; 74.7; 74.5; 41.5; 21.5; 20.0;2319; 0.7; 0.6; 0.6;36; 21.4;B;0;-;On;On;Off; 31.8; 31.3;0;2;1724;2;1724;2;1538;1;-
2026/05/08;07:27:06;-;-; 57.27; 0.7;-; 74.7; 74.5; 40.7; 20.7; 20.0;2319; 0.6; 0.6; 0.6;36; 21.4;B;0;-;On;On;Off; 31.9; 31.3;0;2;1724;2;1724;2;1538;1;-
2026/05/08;07:28:06;-;-; 57.25; 0.7;-; 74.7; 74.5; 39.9; 20.7; 19.2;2319; 0.6; 0.6; 0.6;35; 21.4;B;0;-;On;On;Off; 31.9; 31.4;0;2;1724;2;1724;2;1538;1;-
2026/05/08;07:29:06;-;-; 57.25; 0.7;-; 74.7; 74.4; 39.9; 20.7; 19.2;2319; 0.6; 0.6; 0.6;35; 21.4;B;0;-;On;On;Off; 31.9; 31.4;0;2;1724;2;1724;2;1538;1;-
2026/05/08;07:30:06;-;-; 57.07; 0.4;-; 74.6; 74.9; 24.5; 23.7; 0.7;2319; 0.6; 0.6; 0.6;34; 21.4;B;0;-;On;On;Off; 31.9; 30.9;0;2;1724;2;1724;2;1538;1;-
2026/05/08;07:31:06;-;-; 57.01; 0.0;-; 75.6; 75.0; 0.7; 0.0; 0.7;2319; 0.5; 0.5; 0.5;29; 21.4;B;0;-;On;On;Off; 31.6; 29.2;0;2;1724;2;1724;2;1538;1;-
2026/05/08;07:32:06;-;-; 57.17; 0.7;-; 74.6; 74.4; 41.4; 21.5; 19.9;2319; 0.4; 0.4; 0.4;21; 21.4;B;0;-;On;On;Off; 31.4; 30.5;0;2;1724;2;1724;2;1538;1;-
2026/05/08;07:33:06;-;-; 57.17; 0.7;-; 74.5; 74.2; 39.8; 20.7; 19.2;2319; 0.5; 0.6; 0.6;30; 21.4;B;0;-;On;On;Off; 31.6; 31.0;0;2;1724;2;1724;2;1538;1;-
2026/05/08;07:34:06;-;-; 57.01; 0.4;-; 74.4; 74.9; 25.2; 23.7; 1.5;2319; 0.6; 0.6; 0.6;34; 21.4;B;0;-;On;On;Off; 31.5; 29.3;0;2;1724;2;1724;2;1538;1;-
2026/05/08;07:35:06;-;-; 57.01; 0.4;-; 74.5; 74.9; 22.2; 21.4; 0.7;2319; 0.4; 0.4; 0.4;22; 21.4;B;0;-;On;On;Off; 31.3; 28.9;0;2;1724;2;1724;2;1538;1;-
2026/05/08;07:36:06;-;-; 57.11; 0.7;-; 74.5; 74.5; 39.8; 21.4; 18.4;2319; 0.4; 0.4; 0.4;23; 21.4;B;0;-;On;On;Off; 31.4; 30.7;0;2;1724;2;1724;2;1538;1;-
2026/05/08;07:37:06;-;-; 56.99; 0.4;-; 74.4; 74.9; 22.9; 22.1; 0.7;2319; 0.6; 0.6; 0.6;33; 21.4;B;0;-;On;On;Off; 31.5; 30.5;0;2;1724;2;1724;2;1538;1;-
2026/05/08;07:38:06;-;-; 56.95; 0.1;-; 75.4; 74.9; 5.3; 4.6; 0.7;2319; 0.5; 0.5; 0.5;28; 21.4;B;0;-;On;On;Off; 31.3; 28.9;0;2;1724;2;1724;2;1538;1;-
2026/05/08;07:39:06;-;-; 57.11; 0.7;-; 74.5; 74.2; 40.5; 20.6; 19.9;2319; 0.4; 0.4; 0.4;20; 21.4;B;0;-;On;On;Off; 31.2; 30.2;0;2;1724;2;1724;2;1538;1;-
2026/05/08;07:40:06;-;-; 57.15; 0.7;-; 74.5; 74.3; 39.8; 19.9; 19.9;2319; 0.5; 0.5; 0.5;30; 21.4;B;0;-;On;On;Off; 31.4; 30.8;0;2;1724;2;1724;2;1538;1;-
2026/05/08;07:41:05;-;-; 56.95; 0.4;-; 74.4; 74.9; 22.1; 21.4; 0.7;2319; 0.6; 0.6; 0.6;33; 21.4;B;0;-;On;On;Off; 31.3; 29.1;0;2;1724;2;1724;2;1538;1;-
2026/05/08;07:42:05;-;-; 56.81; 0.5;-; 74.3; 74.9; 28.2; 23.6; 4.6;2319; 0.4; 0.4; 0.4;21; 21.4;B;0;-;On;On;Off; 31.1; 28.7;0;2;1724;2;1724;2;1538;1;-
2026/05/08;07:43:05;-;-; 57.09; 0.7;-; 74.5; 74.4; 39.0; 20.6; 18.4;2320; 0.4; 0.4; 0.4;22; 21.4;B;0;-;On;On;Off; 31.2; 30.5;0;2;1724;2;1724;2;1538;1;-
2026/05/08;07:44:05;-;-; 56.89; 0.4;-; 74.3; 74.9; 22.8; 22.1; 0.7;2320; 0.6; 0.6; 0.6;33; 21.4;B;0;-;On;On;Off; 31.3; 30.3;0;2;1724;2;1724;2;1538;1;-
2026/05/08;07:45:05;-;-; 56.93; 0.4;-; 74.3; 74.9; 22.9; 22.1; 0.7;2320; 0.5; 0.5; 0.5;27; 21.4;B;0;-;On;On;Off; 31.1; 28.7;0;2;1724;2;1724;2;1538;1;-
2026/05/08;07:46:05;-;-; 57.15; 0.7;-; 74.5; 74.3; 38.3; 19.9; 18.4;2320; 0.4; 0.4; 0.4;20; 21.4;B;0;-;On;On;Off; 31.0; 30.0;0;2;1724;2;1724;2;1538;1;-
2026/05/08;07:47:05;-;-; 57.21; 0.6;-; 74.6; 74.4; 35.3; 16.1; 19.2;2320; 0.5; 0.5; 0.5;30; 21.5;B;0;-;On;On;Off; 31.2; 30.6;0;2;1724;2;1724;2;1538;1;-
2026/05/08;07:48:05;-;-; 56.89; 0.4;-; 74.3; 74.9; 22.8; 22.1; 0.7;2320; 0.6; 0.6; 0.6;33; 21.5;B;0;-;On;On;Off; 31.2; 28.9;0;2;1724;2;1724;2;1538;1;-
2026/05/08;07:49:05;-;-; 56.89; 0.5;-; 74.3; 75.0; 27.5; 22.9; 4.6;2320; 0.4; 0.4; 0.4;21; 21.4;B;0;-;On;On;Off; 30.9; 28.5;0;2;1724;2;1724;2;1538;1;-
2026/05/08;07:50:05;-;-; 57.03; 0.3;-; 74.7; 75.5; 18.3; 18.3; 0.0;2320; 0.4; 0.4; 0.4;22; 21.4;B;0;-;On;On;Off; 31.0; 30.4;0;2;1724;2;1724;2;1538;1;-
2026/05/08;07:51:05;-;-; 57.03; 0.4;-; 75.0; 74.1; 21.4; 0.0; 21.4;2320; 0.6; 0.6; 0.6;33; 21.5;B;0;-;On;On;Off; 31.2; 30.6;0;2;1724;2;1724;2;1538;1;-
2026/05/08;07:52:05;-;-; 57.07; 0.4;-; 75.1; 74.4; 22.2; 0.0; 22.2;2320; 0.5; 0.6; 0.6;29; 21.5;B;0;-;On;On;Off; 29.2; 30.5;0;2;1724;2;1724;2;1538;1;-
2026/05/08;07:53:05;-;-; 57.17; 0.7;-; 74.5; 74.6; 37.6; 19.2; 18.4;2320; 0.4; 0.4; 0.4;19; 21.5;B;0;-;On;On;Off; 30.2; 30.4;0;2;1724;2;1724;2;1538;1;-
2026/05/08;07:54:05;-;-; 57.17; 0.5;-; 74.7; 74.7; 30.6; 18.4; 12.3;2320; 0.5; 0.5; 0.5;27; 21.5;B;0;-;On;On;Off; 31.0; 30.6;0;2;1724;2;1724;2;1538;1;-
2026/05/08;07:55:05;-;-; 57.19; 0.4;-; 75.1; 74.5; 23.8; 0.0; 23.8;2320; 0.6; 0.6; 0.6;33; 21.5;B;0;-;On;On;Off; 29.5; 30.6;0;2;1724;2;1724;2;1538;1;-
2026/05/08;07:56:04;-;-; 57.27; 0.4;-; 75.2; 74.5; 23.1; 0.0; 23.1;2320; 0.4; 0.4; 0.4;23; 21.5;B;0;-;On;On;Off; 29.0; 30.4;0;2;1724;2;1724;2;1538;1;-
2026/05/08;07:57:04;-;-; 57.50; 0.3;-; 75.0; 75.8; 17.7; 16.2; 1.5;2320; 0.4; 0.4; 0.4;21; 21.5;B;0;-;On;On;Off; 30.8; 30.5;0;2;1724;2;1724;2;1538;1;-
2026/05/08;07:58:04;-;-; 57.47; 0.6;-; 75.1; 74.8; 36.2; 16.2; 20.0;2320; 0.6; 0.6; 0.6;35; 21.5;B;0;-;On;On;Off; 31.1; 30.6;0;2;1724;2;1724;2;1538;1;-
2026/05/08;07:59:04;-;-; 57.37; 0.4;-; 75.5; 74.7; 23.8; 0.7; 23.1;2320; 0.6; 0.6; 0.6;32; 21.5;B;0;-;On;On;Off; 29.2; 30.5;0;2;1724;2;1724;2;1538;1;-
2026/05/08;08:00:04;-;-; 57.52; 0.4;-; 76.1; 74.7; 21.6; 0.0; 21.6;2320; 0.4; 0.4; 0.4;21; 21.5;B;0;-;On;On;Off; 29.5; 30.4;0;2;1724;2;1724;2;1538;1;-
2026/05/08;08:01:04;-;-; 57.43; 0.6;-; 74.9; 74.9; 35.4; 17.7; 22.3;2320; 0.5; 0.5; 0.5;25; 21.5;B;0;-;On;On;Off; 30.9; 30.5;0;2;1724;2;1724;2;1538;1;-
2026/05/08;08:02:04;-;-; 57.58; 0.4;-; 75.7; 74.8; 24.7; 0.7; 23.9;2320; 0.6; 0.6; 0.6;33; 21.5;B;0;-;On;On;Off; 29.6; 30.6;0;2;1724;2;1724;2;1538;1;-
2026/05/08;08:03:04;-;-; 57.64; 0.4;-; 75.5; 75.0; 22.4; 0.8; 21.6;2320; 0.4; 0.5; 0.5;24; 21.5;B;0;-;On;On;Off; 28.9; 30.4;0;2;1724;2;1724;2;1538;1;-
2026/05/08;08:04:04;-;-; 57.78; 0.6;-; 75.5; 75.2; 33.3; 14.7; 18.6;2320; 0.4; 0.4; 0.4;20; 21.5;B;0;-;On;On;Off; 30.7; 30.4;0;2;1724;2;1724;2;1538;1;-
2026/05/08;08:05:04;-;-; 57.66; 0.8;-; 75.0; 75.0; 48.7; 23.2; 25.5;2320; 0.6; 0.6; 0.6;32; 21.5;B;0;-;On;On;Off; 31.0; 30.6;0;2;1724;2;1724;2;1538;1;-
2026/05/08;08:06:04;-;-; 57.78; 0.7;-; 75.3; 75.2; 38.0; 16.3; 21.7;2320; 0.6; 0.6; 0.6;33; 21.5;B;0;-;On;On;Off; 31.1; 30.6;0;2;1724;2;1724;2;1538;1;-
2026/05/08;08:07:04;-;-; 57.52; 0.9;-; 75.1; 74.9; 54.0; 25.5; 28.5;2320; 0.6; 0.6; 0.6;32; 21.5;B;0;-;On;On;Off; 31.2; 30.7;0;2;1724;2;1724;2;1538;1;-
2026/05/08;08:08:04;-;-; 57.62; 1.0;-; 75.1; 75.0; 59.5; 27.8; 31.7;2320; 0.6; 0.6; 0.6;33; 21.5;B;0;-;On;On;Off; 31.3; 30.8;0;2;1724;2;1724;2;1538;1;-
2026/05/08;08:09:04;-;-; 57.78; 0.8;-; 75.3; 75.6; 44.1; 23.3; 20.9;2320; 0.6; 0.6; 0.6;33; 21.5;B;0;-;On;On;Off; 31.3; 30.8;0;2;1724;2;1724;2;1538;1;-
2026/05/08;08:10:04;-;-; 57.58; 1.0;-; 75.1; 75.2; 57.1; 28.6; 28.6;2320; 0.6; 0.6; 0.6;32; 21.5;B;0;-;On;On;Off; 31.4; 30.9;0;2;1724;2;1724;2;1538;1;-
2026/05/08;08:11:03;-;-; 57.68; 1.1;-; 75.2; 75.0; 65.8; 31.0; 34.8;2320; 0.6; 0.6; 0.6;33; 21.5;B;0;-;On;On;Off; 31.4; 30.9;0;2;1724;2;1724;2;1538;1;-
2026/05/08;08:12:03;-;-; 57.80; 0.9;-; 75.5; 75.7; 50.4; 24.8; 25.6;2320; 0.6; 0.6; 0.6;33; 21.5;B;0;-;On;On;Off; 31.5; 31.0;0;2;1724;2;1724;2;1538;1;-
2026/05/08;08:13:03;-;-; 57.78; 0.5;-; 75.4; 76.6; 30.2; 24.0; 6.2;2320; 0.6; 0.6; 0.6;33; 21.5;B;0;-;On;On;Off; 31.5; 31.0;0;2;1724;2;1724;2;1538;1;-
2026/05/08;08:14:03;-;-; 57.78; 0.5;-; 76.6; 75.2; 31.0; 0.8; 30.2;2320; 0.6; 0.6; 0.6;32; 21.5;B;0;-;On;On;Off; 31.6; 31.1;0;2;1724;2;1724;2;1538;1;-
2026/05/08;08:15:03;-;-; 57.78; 0.6;-; 75.4; 76.7; 33.3; 24.0; 9.3;2320; 0.6; 0.6; 0.6;32; 21.5;B;0;-;On;On;Off; 31.6; 31.1;0;2;1724;2;1724;2;1538;1;-
2026/05/08;08:16:03;-;-; 57.78; 0.6;-; 76.7; 75.2; 37.2; 0.0; 37.2;2320; 0.6; 0.6; 0.6;32; 21.5;B;0;-;On;On;Off; 31.6; 31.1;0;2;1724;2;1724;2;1538;1;-
2026/05/08;08:17:03;-;-; 57.78; 0.6;-; 76.7; 75.7; 33.3; 3.1; 30.2;2320; 0.6; 0.6; 0.6;32; 21.5;B;0;-;On;On;Off; 31.7; 31.1;0;2;1724;2;1724;2;1538;1;-
2026/05/08;08:18:03;-;-; 57.78; 0.6;-; 75.5; 76.6; 32.5; 32.5; 0.0;2320; 0.6; 0.6; 0.6;33; 21.5;B;0;-;On;On;Off; 31.7; 31.2;0;2;1724;2;1724;2;1538;1;-
2026/05/08;08:19:03;-;-; 57.80; 0.7;-; 76.2; 76.0; 38.7; 20.9; 17.8;2320; 0.6; 0.6; 0.6;33; 21.5;B;0;-;On;On;Off; 31.8; 31.2;0;2;1724;2;1724;2;1538;1;-
2026/05/08;08:20:03;-;-; 57.78; 0.6;-; 75.3; 77.0; 37.2; 37.2; 0.0;2320; 0.6; 0.6; 0.6;32; 21.5;B;0;-;On;On;Off; 31.8; 31.3;0;2;1724;2;1724;2;1538;1;-
2026/05/08;08:21:03;-;-; 57.78; 0.6;-; 76.3; 76.1; 35.6; 0.0; 35.6;2320; 0.6; 0.6; 0.6;32; 21.5;B;0;-;On;On;Off; 31.8; 31.3;0;2;1724;2;1724;2;1538;1;-
2026/05/08;08:22:03;-;-; 57.78; 0.5;-; 76.2; 76.6; 31.7; 9.3; 22.4;2320; 0.6; 0.6; 0.6;32; 21.5;B;0;-;On;On;Off; 31.8; 31.3;0;2;1724;2;1724;2;1538;1;-
2026/05/08;08:23:03;-;-; 57.78; 0.7;-; 77.0; 75.4; 38.8; 3.9; 34.9;2320; 0.6; 0.6; 0.6;32; 21.5;B;0;-;On;On;Off; 31.9; 31.4;0;2;1724;2;1724;2;1538;1;-
2026/05/08;08:24:03;-;-; 57.78; 0.5;-; 76.8; 76.2; 31.0; 18.6; 12.4;2320; 0.6; 0.6; 0.6;32; 21.5;B;0;-;On;On;Off; 31.9; 31.4;0;2;1724;2;1724;2;1538;1;-
2026/05/08;08:25:03;-;-; 57.78; 0.6;-; 75.7; 77.1; 35.7; 35.7; 0.0;2320; 0.6; 0.6; 0.6;32; 21.5;B;0;-;On;On;Off; 31.9; 31.4;0;2;1724;2;1724;2;1538;1;-
2026/05/08;08:26:02;-;-; 57.78; 0.9;-; 75.3; 77.1; 51.9; 51.9; 0.0;2320; 0.6; 0.6; 0.6;32; 21.5;B;0;-;On;On;Off; 31.9; 31.4;0;2;1724;2;1724;2;1538;1;-
2026/05/08;08:27:02;-;-; 57.78; 0.8;-; 76.0; 77.0; 44.1; 44.1; 0.0;2320; 0.6; 0.6; 0.6;31; 21.5;B;0;-;On;On;Off; 32.0; 31.4;0;2;1724;2;1724;2;1538;1;-
2026/05/08;08:28:02;-;-; 57.78; 0.8;-; 75.9; 77.1; 44.1; 44.1; 0.0;2320; 0.6; 0.6; 0.6;31; 21.6;B;0;-;On;On;Off; 32.0; 31.5;0;2;1724;2;1724;2;1538;1;-
2026/05/08;08:29:02;-;-; 57.78; 1.0;-; 75.4; 77.4; 55.8; 55.8; 0.0;2320; 0.6; 0.6; 0.6;31; 21.5;B;0;-;On;On;Off; 32.0; 31.5;0;2;1724;2;1724;2;1538;1;-
2026/05/08;08:30:02;-;-; 57.80; 0.7;-; 76.1; 77.2; 39.5; 39.5; 0.0;2320; 0.5; 0.6; 0.6;31; 21.5;B;0;-;On;On;Off; 32.0; 31.5;0;2;1724;2;1724;2;1538;1;-
2026/05/08;08:31:02;-;-; 57.80; 1.0;-; 77.6; 75.3; 59.7; 0.0; 59.7;2320; 0.5; 0.6; 0.6;30; 21.6;B;0;-;On;On;Off; 32.0; 31.5;0;2;1724;2;1724;2;1538;1;-
2026/05/08;08:32:02;-;-; 57.80; 0.8;-; 77.2; 75.9; 43.4; 0.0; 43.4;2320; 0.5; 0.6; 0.6;30; 21.6;B;0;-;On;On;Off; 32.0; 31.5;0;2;1724;2;1724;2;1538;1;-
2026/05/08;08:33:02;-;-; 57.78; 0.8;-; 77.7; 75.3; 48.8; 0.0; 48.8;2320; 0.6; 0.6; 0.6;31; 21.6;B;0;-;On;On;Off; 32.1; 31.6;0;2;1724;2;1724;2;1538;1;-
2026/05/08;08:34:02;-;-; 57.78; 0.8;-; 77.3; 76.0; 47.3; 0.0; 47.3;2320; 0.6; 0.6; 0.6;31; 21.6;B;0;-;On;On;Off; 32.1; 31.6;0;2;1724;2;1724;2;1538;1;-
2026/05/08;08:35:02;-;-; 57.80; 0.9;-; 75.8; 77.5; 52.7; 52.7; 0.0;2320; 0.6; 0.6; 0.6;31; 21.6;B;0;-;On;On;Off; 32.1; 31.6;0;2;1724;2;1724;2;1538;1;-
2026/05/08;08:36:02;-;-; 57.78; 0.6;-; 76.6; 77.2; 34.9; 34.9; 0.0;2320; 0.6; 0.6; 0.6;31; 21.6;B;0;-;On;On;Off; 32.1; 31.6;0;2;1724;2;1724;2;1538;1;-
2026/05/08;08:37:02;-;-; 57.78; 0.6;-; 76.6; 77.0; 33.3; 33.3; 0.0;2320; 0.6; 0.6; 0.6;31; 21.6;B;0;-;On;On;Off; 32.2; 31.6;0;2;1724;2;1724;3;1539;1;-
2026/05/08;08:38:02;-;-; 57.80; 1.0;-; 77.5; 76.1; 58.9; 0.0; 58.9;2320; 0.5; 0.6; 0.6;31; 21.6;B;0;-;On;On;Off; 32.2; 31.7;0;2;1724;2;1724;3;1539;1;-
2026/05/08;08:39:02;-;-; 57.78; 0.8;-; 77.7; 76.0; 43.4; 0.0; 43.4;2320; 0.5; 0.6; 0.6;30; 21.6;B;0;-;On;On;Off; 32.2; 31.7;0;2;1724;2;1724;3;1539;1;-
2026/05/08;08:40:02;-;-; 57.78; 0.6;-; 77.6; 76.6; 32.5; 4.6; 27.9;2320; 0.5; 0.6; 0.6;31; 21.6;B;0;-;On;On;Off; 32.2; 31.7;0;2;1724;2;1724;3;1539;1;-
2026/05/08;08:41:01;-;-; 57.78; 0.8;-; 76.5; 77.7; 48.8; 48.8; 0.0;2320; 0.5; 0.6; 0.6;31; 21.6;B;0;-;On;On;Off; 32.2; 31.7;0;2;1724;2;1724;3;1539;1;-
2026/05/08;08:42:01;-;-; 57.78; 0.5;-; 76.5; 77.4; 27.1; 17.8; 9.3;2320; 0.5; 0.6; 0.6;30; 21.6;B;0;-;On;On;Off; 32.3; 31.7;0;2;1724;2;1724;3;1539;1;-
2026/05/08;08:43:01;-;-; 57.78; 1.0;-; 76.2; 77.8; 58.9; 58.9; 0.0;2321; 0.5; 0.6; 0.6;30; 21.6;B;0;-;On;On;Off; 32.3; 31.8;0;2;1724;2;1724;3;1539;1;-
2026/05/08;08:44:01;-;-; 57.78; 0.5;-; 76.9; 77.3; 29.4; 16.3; 13.1;2321; 0.5; 0.6; 0.6;30; 21.6;B;0;-;On;On;Off; 32.3; 31.8;0;2;1724;2;1724;3;1539;1;-
2026/05/08;08:45:01;-;-; 57.80; 0.7;-; 77.9; 76.1; 40.3; 0.0; 40.3;2321; 0.5; 0.6; 0.6;30; 21.6;B;0;-;On;On;Off; 32.3; 31.8;0;2;1724;2;1724;3;1539;1;-
2026/05/08;08:46:01;-;-; 57.78; 1.1;-; 75.9; 77.8; 61.2; 61.2; 0.0;2321; 0.5; 0.6; 0.6;29; 21.6;B;0;-;On;On;Off; 32.3; 31.8;0;2;1724;2;1724;3;1539;1;-
2026/05/08;08:47:01;-;-; 57.78; 0.9;-; 78.0; 76.3; 54.3; 0.0; 54.3;2321; 0.5; 0.6; 0.6;30; 21.6;B;0;-;On;On;Off; 32.3; 31.8;0;2;1724;2;1724;3;1539;1;-
2026/05/08;08:48:01;-;-; 57.78; 0.5;-; 77.3; 77.0; 31.0; 0.0; 31.0;2321; 0.5; 0.6; 0.6;30; 21.6;B;0;-;On;On;Off; 32.3; 31.8;0;2;1724;2;1724;3;1539;1;-
2026/05/08;08:49:01;-;-; 57.78; 0.6;-; 77.0; 77.3; 34.1; 11.6; 22.5;2321; 0.5; 0.6; 0.6;30; 21.6;B;0;-;On;On;Off; 32.3; 31.8;0;2;1724;2;1724;3;1539;1;-
2026/05/08;08:50:01;-;-; 57.80; 0.9;-; 77.8; 76.3; 51.2; 0.0; 51.2;2321; 0.5; 0.6; 0.6;31; 21.6;B;0;-;On;On;Off; 32.4; 31.8;0;2;1724;2;1724;3;1539;1;-
2026/05/08;08:51:01;-;-; 57.78; 0.7;-; 77.0; 77.4; 41.1; 41.1; 0.0;2321; 0.5; 0.6; 0.6;30; 21.6;B;0;-;On;On;Off; 32.3; 31.9;0;3;1725;3;1725;3;1539;1;-
2026/05/08;08:52:01;-;-; 57.78; 0.7;-; 77.9; 76.3; 40.3; 0.0; 40.3;2321; 0.5; 0.6; 0.6;30; 21.6;B;0;-;On;On;Off; 32.4; 31.9;0;3;1725;3;1725;3;1539;1;-
2026/05/08;08:53:01;-;-; 57.80; 0.6;-; 77.5; 76.9; 33.3; 20.1; 13.1;2321; 0.6; 0.6; 0.6;31; 21.6;B;0;-;On;On;Off; 32.4; 31.9;0;3;1725;3;1725;3;1539;1;-
2026/05/08;08:54:01;-;-; 57.80; 0.6;-; 77.4; 77.1; 36.4; 24.8; 11.6;2321; 0.5; 0.6; 0.6;31; 21.6;B;0;-;On;On;Off; 32.4; 31.9;0;3;1725;3;1725;3;1539;1;-
2026/05/08;08:55:01;-;-; 57.78; 0.6;-; 77.0; 77.6; 34.1; 24.0; 10.1;2321; 0.5; 0.6; 0.6;30; 21.6;B;0;-;On;On;Off; 32.4; 31.9;0;3;1725;3;1725;3;1539;1;-
2026/05/08;08:56:00;-;-; 57.78; 0.7;-; 76.7; 77.9; 42.7; 42.7; 0.0;2321; 0.5; 0.6; 0.6;30; 21.6;B;0;-;On;On;Off; 32.4; 31.9;0;3;1725;3;1725;3;1539;1;-
2026/05/08;08:57:00;-;-; 57.78; 0.5;-; 77.5; 77.4; 31.0; 20.9; 10.1;2321; 0.5; 0.6; 0.6;30; 21.6;B;0;-;On;On;Off; 32.4; 31.9;0;3;1725;3;1725;3;1539;1;-
2026/05/08;08:58:00;-;-; 57.80; 0.6;-; 77.4; 77.3; 37.2; 5.4; 31.8;2321; 0.6; 0.6; 0.6;31; 21.6;B;0;-;On;On;Off; 32.4; 31.9;0;3;1725;3;1725;3;1539;1;-
2026/05/08;08:59:00;-;-; 57.78; 0.9;-; 78.1; 76.7; 50.4; 0.0; 50.4;2321; 0.5; 0.6; 0.6;31; 21.6;B;0;-;On;On;Off; 32.4; 31.9;0;3;1725;3;1725;3;1539;1;-
2026/05/08;09:00:00;-;-; 57.80; 0.6;-; 78.0; 76.6; 37.2; 0.0; 37.2;2321; 0.6; 0.6; 0.6;31; 21.6;B;0;-;On;On;Off; 32.5; 31.9;0;3;1725;3;1725;3;1539;1;-
2026/05/08;09:01:00;-;-; 57.78; 1.0;-; 76.8; 77.8; 55.0; 55.0; 0.0;2321; 0.6; 0.6; 0.6;31; 21.6;B;0;-;On;On;Off; 32.5; 31.9;0;3;1725;3;1725;3;1539;1;-
2026/05/08;09:02:00;-;-; 57.78; 0.6;-; 77.8; 77.0; 35.7; 3.9; 31.8;2321; 0.5; 0.6; 0.6;31; 21.6;B;0;-;On;On;Off; 32.5; 32.0;0;3;1725;3;1725;3;1539;1;-
2026/05/08;09:03:00;-;-; 57.78; 0.5;-; 77.3; 77.3; 31.0; 31.0; 0.0;2321; 0.5; 0.6; 0.6;30; 21.6;B;0;-;On;On;Off; 32.5; 32.0;0;3;1725;3;1725;3;1539;1;-
2026/05/08;09:04:00;-;-; 57.78; 0.6;-; 77.1; 77.6; 35.6; 34.1; 1.5;2321; 0.5; 0.6; 0.6;30; 21.6;B;0;-;On;On;Off; 32.5; 32.0;0;3;1725;3;1725;3;1539;1;-
2026/05/08;09:05:00;-;-; 57.78; 0.6;-; 77.4; 77.0; 34.8; 5.4; 29.5;2321; 0.5; 0.6; 0.6;30; 21.6;B;0;-;On;On;Off; 32.5; 32.0;0;3;1725;3;1725;3;1539;1;-
2026/05/08;09:06:00;-;-; 57.78; 0.9;-; 76.5; 76.8; 51.9; 0.0; 51.9;2321; 0.5; 0.6; 0.6;31; 21.6;B;0;-;On;On;Off; 32.5; 32.0;0;3;1725;3;1725;3;1539;1;-
2026/05/08;09:07:00;-;-; 57.78; 1.2;-; 75.4; 76.5; 66.7; 0.0; 66.7;2321; 0.5; 0.6; 0.6;30; 21.6;B;0;-;On;On;Off; 32.6; 31.9;0;3;1725;3;1725;3;1539;1;-
2026/05/08;09:08:00;-;-; 57.80; 0.4;-; 73.8; 77.2; 20.9; 0.8; 20.1;2321; 0.5; 0.6; 0.6;30; 21.6;B;0;-;On;On;Off; 31.3; 32.0;0;3;1725;3;1725;3;1539;1;-
2026/05/08;09:09:00;-;-; 57.80; 0.4;-; 73.9; 77.0; 24.0; 0.0; 24.0;2321; 0.4; 0.5; 0.5;24; 21.7;B;0;-;On;On;Off; 30.3; 31.8;0;3;1725;3;1725;3;1539;1;-
2026/05/08;09:10:00;-;-; 57.78; 1.0;-; 75.3; 76.9; 58.9; 0.0; 58.9;2321; 0.3; 0.4; 0.4;18; 21.7;B;0;-;On;On;Off; 31.9; 31.6;0;3;1725;3;1725;3;1539;1;-
2026/05/08;09:10:59;-;-; 57.78; 1.0;-; 75.3; 76.7; 58.1; 0.0; 58.1;2321; 0.5; 0.5; 0.5;27; 21.7;B;0;-;On;On;Off; 32.3; 31.7;0;3;1725;3;1725;3;1539;1;-
2026/05/08;09:11:59;-;-; 57.78; 0.3;-; 74.3; 77.3; 19.3; 0.8; 18.6;2321; 0.5; 0.5; 0.5;27; 21.7;B;0;-;On;On;Off; 30.2; 31.6;0;3;1725;3;1725;3;1539;1;-
2026/05/08;09:12:59;-;-; 57.78; 0.5;-; 75.5; 77.3; 31.8; 0.0; 31.8;2321; 0.3; 0.4; 0.4;16; 21.7;B;0;-;On;On;Off; 30.9; 31.4;0;3;1725;3;1725;3;1539;1;-
2026/05/08;09:13:59;-;-; 57.78; 0.6;-; 76.3; 77.8; 32.5; 32.5; 0.0;2321; 0.4; 0.5; 0.5;23; 21.7;B;0;-;On;On;Off; 32.0; 31.6;0;3;1725;3;1725;3;1539;1;-
2026/05/08;09:14:59;-;-; 57.80; 0.7;-; 77.9; 77.3; 40.3; 40.3; 0.0;2321; 0.5; 0.6; 0.6;30; 21.7;B;0;-;On;On;Off; 32.1; 31.7;0;3;1725;3;1725;3;1539;1;-
2026/05/08;09:15:59;-;-; 57.78; 0.8;-; 77.6; 77.0; 46.5; 46.5; 0.0;2321; 0.5; 0.6; 0.6;30; 21.7;B;0;-;On;On;Off; 32.2; 31.7;0;3;1725;3;1725;3;1539;1;-
2026/05/08;09:16:59;-;-; 57.80; 0.8;-; 77.4; 76.0; 43.4; 43.4; 0.0;2321; 0.5; 0.6; 0.6;30; 21.7;B;0;-;On;On;Off; 32.2; 31.8;0;3;1725;3;1725;3;1539;1;-
2026/05/08;09:17:59;-;-; 57.78; 1.1;-; 77.8; 75.0; 61.2; 61.2; 0.0;2321; 0.5; 0.6; 0.6;30; 21.7;B;0;-;On;On;Off; 32.2; 31.8;0;3;1725;3;1725;3;1539;1;-
2026/05/08;09:18:59;-;-; 57.78; 0.4;-; 77.8; 73.4; 20.9; 19.4; 1.5;2321; 0.6; 0.6; 0.6;31; 21.7;B;0;-;On;On;Off; 32.2; 30.1;0;3;1725;3;1725;3;1539;1;-
2026/05/08;09:19:59;-;-; 57.76; 0.3;-; 78.0; 73.4; 14.6; 13.1; 1.5;2321; 0.4; 0.4; 0.4;20; 21.7;B;0;-;On;On;Off; 31.9; 29.5;0;3;1725;3;1725;3;1539;1;-
2026/05/08;09:20:59;-;-; 57.76; 0.4;-; 77.9; 73.5; 24.0; 23.3; 0.8;2321; 0.3; 0.4; 0.4;17; 21.7;B;0;-;On;On;Off; 31.8; 29.3;0;3;1725;3;1725;3;1539;1;-
2026/05/08;09:21:59;-;-; 57.78; 0.4;-; 77.9; 73.6; 20.9; 20.1; 0.8;2321; 0.3; 0.3; 0.3;17; 21.7;B;0;-;On;On;Off; 31.7; 29.2;0;3;1725;3;1725;3;1539;1;-
2026/05/08;09:22:59;-;-; 57.76; 0.3;-; 77.8; 73.9; 14.6; 13.1; 1.5;2321; 0.3; 0.3; 0.3;17; 21.7;B;0;-;On;On;Off; 31.6; 29.1;0;3;1725;3;1725;3;1539;1;-
2026/05/08;09:23:59;-;-; 57.76; 0.5;-; 77.3; 75.5; 29.4; 29.4; 0.0;2321; 0.3; 0.3; 0.3;17; 21.7;B;0;-;On;On;Off; 31.5; 30.6;0;3;1725;3;1725;3;1539;1;-
2026/05/08;09:24:59;-;-; 57.76; 0.9;-; 77.5; 77.8; 49.6; 49.6; 0.0;2321; 0.5; 0.5; 0.5;27; 21.7;B;0;-;On;On;Off; 31.8; 31.2;0;3;1725;3;1725;3;1539;1;-
2026/05/08;09:25:58;-;-; 57.78; 1.0;-; 78.2; 77.7; 58.1; 0.0; 58.1;2321; 0.5; 0.6; 0.6;31; 21.7;B;0;-;On;On;Off; 31.9; 31.4;0;3;1725;3;1725;3;1539;1;-
2026/05/08;09:26:58;-;-; 57.76; 0.7;-; 77.8; 78.1; 40.3; 0.0; 40.3;2321; 0.5; 0.6; 0.6;30; 21.7;B;0;-;On;On;Off; 31.9; 31.4;0;3;1725;3;1725;3;1539;1;-
2026/05/08;09:27:58;-;-; 57.78; 0.6;-; 77.5; 78.3; 35.6; 31.8; 3.9;2321; 0.5; 0.6; 0.6;30; 21.7;B;0;-;On;On;Off; 32.0; 31.5;0;3;1725;3;1725;3;1539;1;-
2026/05/08;09:28:58;-;-; 57.76; 0.7;-; 77.5; 77.9; 42.6; 42.6; 0.0;2321; 0.5; 0.6; 0.6;31; 21.7;B;0;-;On;On;Off; 32.1; 31.5;0;3;1725;3;1725;3;1539;1;-
2026/05/08;09:29:58;-;-; 57.76; 0.6;-; 77.5; 78.0; 34.1; 22.4; 11.6;2321; 0.5; 0.6; 0.6;31; 21.7;B;0;-;On;On;Off; 32.1; 31.6;0;3;1725;3;1725;3;1539;1;-
2026/05/08;09:30:58;-;-; 57.78; 0.6;-; 77.3; 78.1; 32.5; 12.4; 20.1;2321; 0.5; 0.6; 0.6;31; 21.7;B;0;-;On;On;Off; 32.2; 31.6;0;3;1725;3;1725;3;1539;1;-
2026/05/08;09:31:58;-;-; 57.76; 0.7;-; 76.9; 78.1; 41.1; 41.1; 0.0;2321; 0.5; 0.6; 0.6;30; 21.8;B;0;-;On;On;Off; 32.2; 31.7;0;3;1725;3;1725;3;1539;1;-
2026/05/08;09:32:58;-;-; 57.76; 0.7;-; 77.8; 77.2; 41.1; 0.0; 41.1;2321; 0.5; 0.6; 0.6;30; 21.8;B;0;-;On;On;Off; 32.2; 31.7;0;3;1725;3;1725;3;1539;1;-
2026/05/08;09:33:58;-;-; 57.76; 0.5;-; 77.1; 78.0; 31.0; 24.8; 6.2;2321; 0.5; 0.6; 0.6;30; 21.8;B;0;-;On;On;Off; 32.3; 31.8;0;3;1725;3;1725;3;1539;1;-
2026/05/08;09:34:58;-;-; 57.78; 0.6;-; 77.4; 77.4; 33.3; 0.0; 33.3;2321; 0.6; 0.6; 0.6;31; 21.8;B;0;-;On;On;Off; 32.3; 31.8;0;3;1725;3;1725;3;1539;1;-
2026/05/08;09:35:58;-;-; 51.27; 14.8;-; 67.2; 67.6; 757.5; 377.0; 380.5;2321; 0.6; 0.6; 0.6;33; 21.8;B;0;-;On;On;Off; 32.0; 31.5;0;3;1725;3;1725;3;1539;1;-
2026/05/08;09:36:58;-;-; 49.59; 15.4;-; 67.5; 66.2; 763.4; 378.7; 384.7;2321; 17.3; 9.4; 9.4;920; 21.8;B;0;-;On;On;Off; 32.0; 31.5;0;3;1725;3;1725;3;1539;1;-
2026/05/08;09:37:58;-;-; 49.77; 15.3;-; 69.0; 67.3; 764.8; 376.1; 388.7;2321; 30.5; 15.2; 15.2;1497; 21.8;B;0;-;On;On;Off; 32.0; 31.5;0;3;1725;3;1725;3;1539;1;-
2026/05/08;09:38:58;-;-; 53.70; 14.0;-; 70.1; 69.9; 750.8; 372.5; 378.3;2321; 31.0; 15.4; 15.4;1513; 21.8;B;0;-;On;On;Off; 32.1; 31.6;0;4;1726;4;1726;4;1540;1;-
2026/05/08;09:39:57;-;-; 50.56; 15.6;-; 66.5; 65.5; 788.4; 391.5; 396.9;2321; 29.3; 14.5; 14.5;1508; 21.8;B;0;-;On;On;Off; 32.2; 31.6;0;4;1726;4;1726;4;1540;1;-
2026/05/08;09:40:57;-;-; 50.01; 15.7;-; 69.1; 65.3; 788.5; 388.6; 400.0;2321; 29.2; 14.6; 14.6;1497; 21.9;B;0;-;On;On;Off; 32.2; 31.7;0;4;1726;4;1726;4;1540;1;-
2026/05/08;09:41:57;-;-; 50.05; 15.9;-; 65.2; 65.6; 799.5; 394.4; 405.2;2321; 31.7; 15.8; 15.8;1562; 21.9;B;0;-;On;On;Off; 32.3; 31.7;0;4;1726;4;1726;4;1540;1;-
2026/05/08;09:42:57;-;-; 50.12; 16.0;-; 65.9; 65.4; 805.2; 400.3; 404.9;2322; 32.1; 15.9; 15.9;1578; 21.9;B;0;-;On;On;Off; 32.3; 31.8;0;5;1727;5;1727;5;1541;1;-
2026/05/08;09:43:57;-;-; 52.73; 15.3;-; 68.8; 68.5; 806.6; 401.2; 405.5;2322; 32.3; 16.0; 16.0;1590; 21.9;B;0;-;On;On;Off; 32.4; 31.8;0;5;1727;5;1727;5;1541;1;-
2026/05/08;09:44:57;-;-; 54.94; 13.4;-; 71.6; 71.3; 736.7; 365.8; 371.0;2322; 31.9; 15.8; 15.8;1599; 21.9;B;0;-;On;On;Off; 32.5; 31.9;0;5;1727;5;1727;5;1541;1;-
2026/05/08;09:45:57;-;-; 56.22; 11.3;-; 73.4; 73.2; 635.2; 316.1; 319.1;2322; 28.0; 13.9; 13.9;1495; 22.0;B;0;-;On;On;Off; 32.5; 32.0;0;5;1727;5;1727;5;1541;1;-
2026/05/08;09:46:57;-;-; 56.75; 9.1;-; 74.2; 74.9; 515.0; 282.6; 232.4;2322; 23.8; 11.8; 11.8;1304; 22.0;B;0;-;On;On;Off; 32.6; 32.0;0;6;1728;6;1728;6;1542;1;-
2026/05/08;09:47:57;-;-; 57.21; 9.0;-; 74.7; 74.5; 517.5; 258.0; 259.5;2322; 19.7; 9.9; 9.9;1095; 22.0;B;0;-;On;On;Off; 32.6; 32.0;0;6;1728;6;1728;6;1542;1;-
2026/05/08;09:48:57;-;-; 57.45; 8.4;-; 74.9; 74.7; 483.3; 239.7; 243.6;2322; 18.1; 9.1; 9.1;1016; 22.0;B;0;-;On;On;Off; 32.6; 32.1;0;6;1728;6;1728;6;1542;1;-
2026/05/08;09:49:57;-;-; 57.58; 8.0;-; 75.1; 74.9; 462.2; 230.3; 231.9;2322; 16.7; 8.4; 8.4;943; 22.1;B;0;-;On;On;Off; 32.7; 32.1;0;6;1728;6;1728;6;1542;1;-
2026/05/08;09:50:57;-;-; 57.60; 6.7;-; 75.3; 76.0; 384.1; 230.3; 153.8;2322; 15.6; 7.9; 7.9;884; 22.1;B;0;-;On;On;Off; 32.7; 32.1;0;6;1728;6;1728;6;1542;1;-
2026/05/08;09:51:57;-;-; 57.72; 6.8;-; 75.7; 75.2; 396.0; 193.8; 202.3;2322; 14.7; 7.5; 7.5;831; 22.1;B;0;-;On;On;Off; 32.8; 32.2;0;6;1728;6;1728;6;1542;1;-
2026/05/08;09:52:57;-;-; 57.74; 6.5;-; 75.4; 75.7; 376.7; 209.3; 167.4;2322; 13.9; 7.1; 7.1;789; 22.1;B;0;-;On;On;Off; 32.8; 32.2;0;6;1728;6;1728;7;1543;1;-
2026/05/08;09:53:57;-;-; 57.72; 5.9;-; 76.4; 75.2; 338.7; 136.4; 202.3;2322; 12.7; 6.5; 6.5;718; 22.1;B;0;-;On;On;Off; 32.8; 32.3;0;6;1728;6;1728;7;1543;1;-
2026/05/08;09:54:56;-;-; 57.72; 5.4;-; 75.5; 76.6; 312.9; 179.7; 133.2;2322; 11.7; 6.0; 6.0;666; 22.1;B;0;-;On;On;Off; 32.8; 32.3;0;7;1729;7;1729;7;1543;1;-
2026/05/08;09:55:56;-;-; 57.74; 5.2;-; 76.4; 75.4; 302.1; 110.0; 192.1;2322; 11.0; 5.6; 5.6;622; 22.1;B;0;-;On;On;Off; 32.9; 32.3;0;7;1729;7;1729;7;1543;1;-
2026/05/08;09:56:56;-;-; 57.74; 4.9;-; 76.2; 75.9; 282.9; 151.1; 131.8;2322; 10.3; 5.3; 5.3;583; 22.1;B;0;-;On;On;Off; 32.9; 32.3;0;7;1729;7;1729;7;1543;1;-
2026/05/08;09:57:56;-;-; 57.74; 4.6;-; 75.4; 76.8; 268.8; 192.9; 75.9;2322; 9.6; 5.0; 5.0;547; 22.1;B;0;-;On;On;Off; 32.9; 32.3;0;7;1729;7;1729;7;1543;1;-
2026/05/08;09:58:56;-;-; 57.74; 4.4;-; 75.6; 76.9; 254.9; 144.1; 110.8;2322; 9.1; 4.7; 4.7;515; 22.1;B;0;-;On;On;Off; 32.9; 32.4;0;7;1729;7;1729;7;1543;1;-
2026/05/08;09:59:56;-;-; 57.74; 4.2;-; 76.0; 76.5; 240.1; 161.9; 78.2;2322; 8.6; 4.5; 4.5;488; 22.2;B;0;-;On;On;Off; 32.9; 32.4;0;7;1729;7;1729;7;1543;1;-
2026/05/08;10:00:56;-;-; 57.74; 4.8;-; 77.1; 75.2; 279.0; 93.8; 185.2;2322; 8.1; 4.3; 4.3;461; 22.2;B;0;-;On;On;Off; 32.9; 32.4;0;7;1729;7;1729;7;1543;1;-
2026/05/08;10:01:56;-;-; 57.72; 6.4;-; 75.6; 75.4; 367.2; 161.9; 205.3;2322; 8.1; 4.3; 4.3;461; 22.2;B;0;-;On;On;Off; 32.9; 32.3;0;7;1729;7;1729;7;1543;1;-
2026/05/08;10:02:56;-;-; 57.72; 5.3;-; 75.8; 76.2; 303.7; 156.5; 147.2;2322; 10.8; 5.6; 5.6;611; 22.2;B;0;-;On;On;Off; 32.9; 32.3;0;7;1729;7;1729;7;1543;1;-
2026/05/08;10:03:56;-;-; 57.54; 6.5;-; 75.5; 75.0; 372.9; 156.7; 216.2;2322; 10.4; 5.3; 5.3;590; 22.2;B;0;-;On;On;Off; 32.9; 32.3;0;7;1729;7;1729;7;1543;1;-
2026/05/08;10:04:56;-;-; 52.81; 17.3;-; 69.0; 69.3; 913.5; 459.2; 454.2;2322; 6.4; 3.5; 3.5;358; 22.2;B;0;-;On;On;Off; 32.8; 32.2;0;7;1729;7;1729;8;1544;1;-
2026/05/08;10:05:56;-;-; 51.09; 18.8;-; 66.7; 66.6; 960.6; 478.6; 482.0;2322; 27.2; 14.0; 14.0;1455; 22.2;B;0;-;On;On;Off; 32.9; 32.3;0;8;1730;8;1730;8;1544;1;-
2026/05/08;10:06:56;-;-; 50.85; 19.1;-; 66.6; 66.1; 970.5; 483.2; 487.3;2322; 37.1; 18.5; 18.5;1877; 22.3;B;0;-;On;On;Off; 33.0; 32.4;0;8;1730;8;1730;8;1544;1;-
2026/05/08;10:07:56;-;-; 50.58; 19.2;-; 66.0; 67.0; 973.0; 486.2; 486.8;2322; 38.2; 18.9; 18.9;1915; 22.3;B;0;-;On;On;Off; 33.0; 32.4;0;8;1730;8;1730;8;1544;1;-
2026/05/08;10:08:56;-;-; 50.42; 19.5;-; 65.9; 65.7; 984.5; 489.9; 494.6;2322; 38.8; 19.2; 19.2;1933; 22.3;B;0;-;On;On;Off; 33.0; 32.5;0;9;1731;9;1731;9;1545;1;-
2026/05/08;10:09:55;-;-; 50.40; 19.6;-; 65.9; 66.7; 990.2; 493.8; 496.5;2322; 39.2; 19.4; 19.4;1946; 22.3;B;0;-;On;On;Off; 33.1; 32.5;0;9;1731;9;1731;9;1545;1;-
2026/05/08;10:10:55;-;-; 50.40; 19.8;-; 66.3; 65.5; 999.7; 497.2; 502.6;2322; 39.6; 19.6; 19.6;1962; 22.4;B;0;-;On;On;Off; 33.1; 32.6;0;9;1731;9;1731;9;1545;1;-
2026/05/08;10:11:55;-;-; 50.42; 19.8;-; 68.0; 65.5; 1000.8; 494.6; 506.2;2322; 39.9; 19.7; 19.7;1978; 22.4;B;0;-;On;On;Off; 33.2; 32.6;0;10;1732;10;1732;10;1546;1;-
2026/05/08;10:12:55;-;-; 50.44; 20.1;-; 66.1; 66.0; 1013.4; 504.3; 509.0;2322; 40.2; 19.9; 19.9;1994; 22.4;B;0;-;On;On;Off; 33.2; 32.7;0;10;1732;10;1732;10;1546;1;-
2026/05/08;10:13:55;-;-; 50.46; 20.2;-; 66.1; 65.5; 1019.8; 507.2; 512.6;2322; 40.4; 20.0; 20.0;2006; 22.5;B;0;-;On;On;Off; 33.3; 32.8;0;10;1732;10;1732;10;1546;1;-
2026/05/08;10:14:55;-;-; 50.50; 20.3;-; 66.6; 65.4; 1026.1; 510.3; 515.7;2322; 40.7; 20.1; 20.1;2020; 22.5;B;0;-;On;On;Off; 33.4; 32.8;0;11;1733;11;1733;11;1547;1;-
2026/05/08;10:15:55;-;-; 50.50; 20.4;-; 66.4; 65.6; 1031.2; 513.2; 518.0;2322; 41.0; 20.3; 20.3;2034; 22.5;B;0;-;On;On;Off; 33.4; 32.9;0;11;1733;11;1733;11;1547;1;-
2026/05/08;10:16:55;-;-; 50.50; 20.5;-; 66.4; 65.5; 1038.3; 516.4; 521.9;2322; 41.2; 20.4; 20.4;2044; 22.5;B;0;-;On;On;Off; 33.4; 32.9;0;11;1733;11;1733;11;1547;1;-
2026/05/08;10:17:55;-;-; 50.54; 20.6;-; 66.3; 66.7; 1041.8; 519.5; 522.3;2322; 41.4; 20.5; 20.5;2057; 22.5;B;0;-;On;On;Off; 33.5; 32.9;0;12;1734;12;1734;12;1548;1;-
2026/05/08;10:18:55;-;-; 50.68; 20.7;-; 66.2; 65.9; 1050.7; 523.0; 527.8;2322; 41.7; 20.6; 20.6;2071; 22.6;B;0;-;On;On;Off; 33.6; 33.0;0;12;1734;12;1734;12;1548;1;-
2026/05/08;10:19:55;-;-; 50.68; 20.8;-; 66.4; 65.6; 1054.1; 524.3; 529.8;2322; 41.9; 20.7; 20.7;2082; 22.6;B;0;-;On;On;Off; 33.6; 33.0;0;12;1734;12;1734;12;1548;1;-
2026/05/08;10:20:55;-;-; 50.58; 20.9;-; 66.1; 65.5; 1061.0; 528.1; 532.9;2322; 42.2; 20.8; 20.8;2094; 22.6;B;0;-;On;On;Off; 33.7; 33.1;0;13;1735;13;1735;13;1549;1;-
2026/05/08;10:21:55;-;-; 50.48; 21.1;-; 65.8; 65.6; 1068.3; 531.8; 536.5;2322; 42.3; 20.9; 20.9;2102; 22.7;B;0;-;On;On;Off; 33.7; 33.1;0;13;1735;13;1735;13;1549;1;-
2026/05/08;10:22:55;-;-; 50.76; 21.1;-; 67.1; 65.6; 1070.1; 531.3; 538.8;2322; 42.6; 21.1; 21.1;2117; 22.7;B;0;-;On;On;Off; 33.8; 33.2;0;13;1735;13;1735;13;1549;1;-
2026/05/08;10:23:55;-;-; 50.50; 21.4;-; 65.9; 65.6; 1081.0; 538.1; 542.9;2322; 42.8; 21.1; 21.1;2126; 22.7;B;0;-;On;On;Off; 33.9; 33.3;0;14;1736;14;1736;14;1550;1;-
2026/05/08;10:24:54;-;-; 50.48; 21.5;-; 66.0; 65.6; 1085.7; 540.8; 544.9;2322; 43.1; 21.3; 21.3;2142; 22.7;B;0;-;On;On;Off; 33.9; 33.3;0;14;1736;14;1736;14;1550;1;-
2026/05/08;10:25:54;-;-; 50.50; 21.5;-; 65.9; 66.9; 1089.1; 544.9; 544.2;2322; 43.3; 21.4; 21.4;2153; 22.8;B;0;-;On;On;Off; 34.0; 33.4;0;14;1736;14;1736;14;1550;1;-
2026/05/08;10:26:54;-;-; 50.48; 21.7;-; 66.0; 65.6; 1098.6; 547.6; 551.0;2322; 43.6; 21.5; 21.5;2168; 22.8;B;0;-;On;On;Off; 34.0; 33.4;0;15;1737;15;1737;15;1551;1;-
2026/05/08;10:27:54;-;-; 50.52; 21.8;-; 66.1; 66.2; 1103.1; 551.2; 551.9;2322; 43.9; 21.7; 21.7;2180; 22.8;B;0;-;On;On;Off; 34.1; 33.5;0;15;1737;15;1737;15;1551;1;-
2026/05/08;10:28:54;-;-; 50.50; 21.9;-; 65.9; 65.5; 1110.5; 553.2; 557.3;2322; 44.1; 21.8; 21.8;2193; 22.9;B;0;-;On;On;Off; 34.1; 33.5;0;15;1737;15;1737;16;1552;1;-
2026/05/08;10:29:54;-;-; 50.50; 22.1;-; 65.8; 65.6; 1115.5; 555.8; 559.8;2322; 44.4; 21.9; 21.9;2205; 22.9;B;0;-;On;On;Off; 34.2; 33.6;0;16;1738;16;1738;16;1552;1;-
2026/05/08;10:30:54;-;-; 50.50; 22.2;-; 66.0; 65.5; 1121.0; 557.8; 563.2;2322; 44.6; 22.0; 22.0;2216; 22.9;B;0;-;On;On;Off; 34.2; 33.6;0;16;1738;16;1738;16;1552;1;-
2026/05/08;10:31:54;-;-; 50.48; 22.3;-; 65.9; 65.6; 1125.9; 560.9; 565.0;2322; 44.8; 22.1; 22.1;2226; 22.9;B;0;-;On;On;Off; 34.3; 33.7;0;17;1739;17;1739;17;1553;1;-
2026/05/08;10:32:54;-;-; 50.48; 22.4;-; 65.9; 65.7; 1132.0; 563.6; 568.4;2322; 45.0; 22.2; 22.2;2237; 22.9;B;0;-;On;On;Off; 34.3; 33.7;0;17;1739;17;1739;17;1553;1;-
2026/05/08;10:33:54;-;-; 50.48; 22.5;-; 65.9; 65.9; 1135.9; 566.6; 569.3;2322; 45.2; 22.3; 22.3;2248; 23.0;B;0;-;On;On;Off; 34.4; 33.8;0;17;1739;17;1739;17;1553;1;-
2026/05/08;10:34:54;-;-; 50.48; 22.6;-; 65.8; 65.6; 1141.3; 568.6; 572.7;2322; 45.4; 22.4; 22.4;2257; 23.0;B;0;-;On;On;Off; 34.5; 33.8;0;18;1740;18;1740;18;1554;1;-
2026/05/08;10:35:54;-;-; 50.48; 22.5;-; 65.9; 67.1; 1139.9; 573.4; 566.6;2322; 45.6; 22.5; 22.5;2266; 23.0;B;0;-;On;On;Off; 34.5; 33.9;0;18;1740;18;1740;18;1554;1;-
2026/05/08;10:36:54;-;-; 50.48; 22.8;-; 65.9; 66.0; 1155.5; 576.7; 578.8;2322; 45.8; 22.6; 22.6;2277; 23.0;B;0;-;On;On;Off; 34.5; 33.9;0;18;1740;18;1740;19;1555;1;-
2026/05/08;10:37:54;-;-; 50.50; 23.0;-; 66.2; 65.7; 1162.3; 579.5; 582.9;2322; 46.3; 22.8; 22.8;2298; 23.0;B;0;-;On;On;Off; 34.6; 34.0;0;19;1741;19;1741;19;1555;1;-
2026/05/08;10:38:54;-;-; 50.50; 23.1;-; 65.9; 65.6; 1169.8; 582.9; 586.9;2322; 46.5; 22.9; 22.9;2310; 23.1;B;0;-;On;On;Off; 34.6; 34.0;0;19;1741;19;1741;19;1555;1;-
2026/05/08;10:39:53;-;-; 50.50; 23.2;-; 66.1; 65.5; 1176.3; 585.8; 590.5;2322; 46.8; 23.1; 23.1;2323; 23.1;B;0;-;On;On;Off; 34.7; 34.1;0;20;1742;20;1742;20;1556;1;-
2026/05/08;10:40:53;-;-; 50.52; 23.4;-; 66.0; 65.9; 1182.4; 589.9; 592.5;2322; 47.1; 23.2; 23.2;2338; 23.1;B;0;-;On;On;Off; 34.8; 34.2;0;20;1742;20;1742;20;1556;1;-
2026/05/08;10:41:53;-;-; 50.50; 23.5;-; 66.4; 65.8; 1188.7; 592.3; 596.4;2322; 47.3; 23.3; 23.3;2350; 23.1;B;0;-;On;On;Off; 34.8; 34.2;0;20;1742;20;1742;20;1556;1;-
2026/05/08;10:42:53;-;-; 50.52; 23.7;-; 66.0; 65.6; 1197.3; 596.6; 600.7;2323; 47.6; 23.4; 23.4;2364; 23.1;B;0;-;On;On;Off; 34.9; 34.3;0;21;1743;21;1743;21;1557;1;-
2026/05/08;10:43:53;-;-; 50.50; 23.7;-; 65.9; 65.7; 1198.2; 597.1; 601.1;2323; 47.8; 23.6; 23.6;2377; 23.2;B;0;-;On;On;Off; 34.9; 34.3;0;21;1743;21;1743;21;1557;1;-
2026/05/08;10:44:53;-;-; 50.54; 23.7;-; 65.8; 65.6; 1202.3; 599.1; 603.2;2323; 48.0; 23.7; 23.7;2385; 23.2;B;0;-;On;On;Off; 35.0; 34.4;0;22;1744;22;1744;22;1558;1;-
2026/05/08;10:45:53;-;-; 50.56; 23.9;-; 66.2; 65.5; 1208.9; 601.4; 607.5;2323; 48.1; 23.7; 23.7;2390; 23.2;B;0;-;On;On;Off; 35.1; 34.4;0;22;1744;22;1744;22;1558;1;-
2026/05/08;10:46:53;-;-; 50.54; 24.0;-; 65.9; 65.8; 1215.9; 605.9; 610.0;2323; 48.4; 23.8; 23.8;2403; 23.2;B;0;-;On;On;Off; 35.1; 34.5;0;22;1744;22;1744;22;1558;1;-
2026/05/08;10:47:53;-;-; 50.66; 24.1;-; 65.9; 65.5; 1224.4; 609.8; 614.6;2323; 48.6; 24.0; 24.0;2416; 23.2;B;0;-;On;On;Off; 35.2; 34.5;0;23;1745;23;1745;23;1559;1;-
2026/05/08;10:48:53;-;-; 50.60; 24.2;-; 66.1; 65.6; 1228.2; 611.4; 616.8;2323; 49.0; 24.1; 24.1;2433; 23.3;B;0;-;On;On;Off; 35.2; 34.6;0;23;1745;23;1745;23;1559;1;-
2026/05/08;10:49:53;-;-; 50.60; 24.4;-; 65.9; 65.6; 1235.0; 615.4; 619.5;2323; 49.2; 24.2; 24.2;2444; 23.3;B;0;-;On;On;Off; 35.3; 34.6;0;24;1746;24;1746;24;1560;1;-
2026/05/08;10:50:53;-;-; 50.48; 24.5;-; 65.9; 65.6; 1237.7; 617.2; 620.5;2323; 49.4; 24.3; 24.3;2454; 23.3;B;0;-;On;On;Off; 35.3; 34.7;0;24;1746;24;1746;24;1560;1;-
2026/05/08;10:51:53;-;-; 50.70; 24.5;-; 65.8; 65.9; 1243.5; 620.1; 623.5;2323; 49.6; 24.4; 24.4;2464; 23.3;B;0;-;On;On;Off; 35.4; 34.7;0;24;1746;24;1746;24;1560;1;-
2026/05/08;10:52:53;-;-; 50.48; 24.7;-; 65.9; 65.8; 1248.4; 622.8; 625.5;2323; 49.8; 24.5; 24.5;2473; 23.3;B;0;-;On;On;Off; 35.4; 34.8;0;25;1747;25;1747;25;1561;1;-
2026/05/08;10:53:52;-;-; 50.48; 24.8;-; 65.8; 65.5; 1253.8; 624.8; 628.9;2323; 50.0; 24.6; 24.6;2485; 23.3;B;0;-;On;On;Off; 35.5; 34.8;0;25;1747;25;1747;25;1561;1;-
2026/05/08;10:54:52;-;-; 50.46; 24.6;-; 67.4; 65.6; 1245.8; 615.8; 630.1;2323; 50.2; 24.7; 24.7;2492; 23.3;B;0;-;On;On;Off; 35.5; 34.9;0;26;1748;26;1748;26;1562;1;-
2026/05/08;10:55:52;-;-; 50.46; 24.9;-; 65.9; 65.9; 1258.9; 627.7; 631.1;2323; 50.3; 24.7; 24.7;2498; 23.3;B;0;-;On;On;Off; 35.6; 34.9;0;26;1748;26;1748;26;1562;1;-
2026/05/08;10:56:52;-;-; 50.48; 25.1;-; 65.9; 65.5; 1267.5; 631.4; 636.1;2323; 50.6; 24.9; 24.9;2510; 23.4;B;0;-;On;On;Off; 35.6; 35.0;0;26;1748;26;1748;27;1563;1;-
2026/05/08;10:57:52;-;-; 50.48; 25.2;-; 65.9; 65.5; 1272.2; 634.1; 638.1;2323; 50.8; 25.0; 25.0;2521; 23.4;B;0;-;On;On;Off; 35.7; 35.1;0;27;1749;27;1749;27;1563;1;-
2026/05/08;10:58:52;-;-; 50.46; 25.2;-; 65.8; 65.4; 1276.3; 636.1; 640.2;2323; 50.9; 25.1; 25.1;2529; 23.4;B;0;-;On;On;Off; 35.7; 35.1;0;27;1749;27;1749;27;1563;1;-
2026/05/08;10:59:52;-;-; 50.46; 25.3;-; 65.8; 65.5; 1279.0; 637.5; 641.5;2323; 51.1; 25.2; 25.2;2538; 23.4;B;0;-;On;On;Off; 35.8; 35.1;0;28;1750;28;1750;28;1564;1;-
2026/05/08;11:00:52;-;-; 50.46; 25.3;-; 65.7; 65.4; 1279.0; 637.5; 641.5;2323; 51.3; 25.2; 25.2;2546; 23.4;B;0;-;On;On;Off; 35.8; 35.2;0;28;1750;28;1750;28;1564;1;-
2026/05/08;11:01:52;-;-; 50.44; 25.3;-; 65.9; 65.7; 1277.4; 637.0; 640.4;2323; 51.3; 25.2; 25.2;2547; 23.4;B;0;-;On;On;Off; 35.9; 35.2;0;28;1750;28;1750;29;1565;1;-
2026/05/08;11:02:52;-;-; 50.44; 25.4;-; 66.1; 65.9; 1284.6; 640.0; 644.7;2323; 51.3; 25.2; 25.2;2548; 23.4;B;0;-;On;On;Off; 35.9; 35.3;0;29;1751;29;1751;29;1565;1;-
2026/05/08;11:03:52;-;-; 50.44; 25.7;-; 65.8; 65.6; 1296.8; 646.0; 650.8;2323; 51.6; 25.4; 25.4;2559; 23.4;B;0;-;On;On;Off; 36.0; 35.3;0;29;1751;29;1751;29;1565;1;-
2026/05/08;11:04:52;-;-; 50.46; 25.8;-; 65.8; 65.7; 1302.9; 649.4; 653.5;2323; 51.9; 25.5; 25.5;2576; 23.5;B;0;-;On;On;Off; 36.0; 35.4;0;30;1752;30;1752;30;1566;1;-
2026/05/08;11:05:52;-;-; 50.46; 25.9;-; 65.9; 65.5; 1308.3; 650.8; 657.5;2323; 52.2; 25.7; 25.7;2593; 23.5;B;0;-;On;On;Off; 36.1; 35.4;0;30;1752;30;1752;30;1566;1;-
2026/05/08;11:06:52;-;-; 50.44; 26.0;-; 65.9; 65.5; 1316.5; 655.5; 660.9;2323; 52.5; 25.8; 25.8;2605; 23.5;B;0;-;On;On;Off; 36.1; 35.5;0;31;1753;31;1753;31;1567;1;-
2026/05/08;11:07:52;-;-; 50.44; 26.0;-; 66.2; 65.4; 1315.1; 652.8; 662.3;2323; 52.7; 25.9; 25.9;2616; 23.5;B;0;-;On;On;Off; 36.2; 35.5;0;31;1753;31;1753;31;1567;1;-
2026/05/08;11:08:51;-;-; 50.48; 26.2;-; 65.8; 65.4; 1324.4; 659.2; 665.2;2323; 52.9; 26.0; 26.0;2625; 23.5;B;0;-;On;On;Off; 36.2; 35.6;0;31;1753;31;1753;32;1568;1;-
2026/05/08;11:09:51;-;-; 50.46; 26.3;-; 66.0; 65.4; 1327.3; 659.6; 667.7;2323; 53.0; 26.1; 26.1;2631; 23.5;B;0;-;On;On;Off; 36.3; 35.6;0;32;1754;32;1754;32;1568;1;-
2026/05/08;11:10:51;-;-; 50.54; 26.1;-; 66.2; 66.8; 1319.8; 662.6; 657.2;2323; 53.3; 26.2; 26.2;2644; 23.5;B;0;-;On;On;Off; 36.3; 35.7;0;32;1754;32;1754;32;1568;1;-
2026/05/08;11:11:51;-;-; 50.52; 26.1;-; 67.5; 65.9; 1320.7; 651.5; 669.1;2323; 53.5; 26.3; 26.3;2653; 23.5;B;0;-;On;On;Off; 36.4; 35.7;0;33;1755;33;1755;33;1569;1;-
2026/05/08;11:12:51;-;-; 50.50; 26.5;-; 65.9; 65.5; 1341.7; 667.1; 674.6;2323; 53.6; 26.4; 26.4;2660; 23.5;B;0;-;On;On;Off; 36.4; 35.8;0;33;1755;33;1755;33;1569;1;-
2026/05/08;11:13:51;-;-; 50.70; 26.5;-; 65.7; 65.6; 1348.3; 671.8; 676.5;2323; 53.8; 26.5; 26.5;2669; 23.5;B;0;-;On;On;Off; 36.5; 35.8;0;34;1756;34;1756;34;1570;1;-
2026/05/08;11:14:51;-;-; 50.68; 26.7;-; 65.8; 65.5; 1353.4; 673.3; 680.1;2323; 54.1; 26.6; 26.6;2682; 23.5;B;0;-;On;On;Off; 36.5; 35.9;0;34;1756;34;1756;34;1570;1;-
2026/05/08;11:15:51;-;-; 50.64; 26.7;-; 65.7; 65.5; 1355.6; 674.4; 681.2;2323; 54.3; 26.7; 26.7;2693; 23.5;B;0;-;On;On;Off; 36.6; 35.9;0;35;1757;35;1757;35;1571;1;-
2026/05/08;11:16:51;-;-; 50.40; 26.5;-; 65.8; 67.1; 1340.4; 676.0; 664.5;2323; 54.4; 26.7; 26.7;2697; 23.5;B;0;-;On;On;Off; 36.6; 35.9;0;35;1757;35;1757;35;1571;1;-
2026/05/08;11:17:51;-;-; 50.42; 27.0;-; 65.8; 65.4; 1362.8; 678.7; 684.1;2323; 54.5; 26.8; 26.8;2704; 23.6;B;0;-;On;On;Off; 36.6; 36.0;0;35;1757;35;1757;36;1572;1;-
2026/05/08;11:18:51;-;-; 50.40; 26.8;-; 67.4; 65.3; 1353.5; 666.3; 687.2;2323; 54.7; 26.9; 26.9;2712; 23.6;B;0;-;On;On;Off; 36.7; 36.0;0;36;1758;36;1758;36;1572;1;-
2026/05/08;11:19:51;-;-; 50.40; 27.1;-; 65.7; 65.4; 1370.9; 682.1; 688.9;2323; 54.9; 27.0; 27.0;2720; 23.6;B;0;-;On;On;Off; 36.7; 36.1;0;36;1758;36;1758;36;1572;1;-
2026/05/08;11:20:51;-;-; 50.40; 27.2;-; 65.8; 65.5; 1373.8; 683.8; 689.9;2323; 55.1; 27.1; 27.1;2731; 23.6;B;0;-;On;On;Off; 36.8; 36.1;0;37;1759;37;1759;37;1573;1;-
2026/05/08;11:21:51;-;-; 50.38; 27.3;-; 65.8; 65.6; 1379.9; 686.6; 693.3;2323; 55.1; 27.1; 27.1;2731; 23.6;B;0;-;On;On;Off; 36.8; 36.2;0;37;1759;37;1759;37;1573;1;-
2026/05/08;11:22:50;-;-; 50.40; 27.5;-; 66.2; 65.8; 1386.0; 689.9; 696.0;2323; 55.4; 27.2; 27.2;2744; 23.6;B;0;-;On;On;Off; 36.9; 36.2;0;38;1760;38;1760;38;1574;1;-
2026/05/08;11:23:50;-;-; 50.38; 27.6;-; 65.7; 65.6; 1392.0; 692.6; 699.4;2323; 55.8; 27.4; 27.4;2765; 23.6;B;0;-;On;On;Off; 36.9; 36.3;0;38;1760;38;1760;38;1574;1;-
2026/05/08;11:24:50;-;-; 50.40; 27.5;-; 66.1; 65.8; 1390.0; 692.0; 698.0;2323; 56.0; 27.5; 27.5;2774; 23.6;B;0;-;On;On;Off; 37.0; 36.3;0;39;1761;39;1761;39;1575;1;-
2026/05/08;11:25:50;-;-; 50.38; 27.6;-; 65.7; 65.6; 1395.4; 695.3; 700.1;2323; 56.0; 27.5; 27.5;2775; 23.6;B;0;-;On;On;Off; 37.0; 36.4;0;39;1761;39;1761;39;1575;1;-
2026/05/08;11:26:50;-;-; 50.40; 27.7;-; 65.9; 65.4; 1396.1; 693.3; 702.8;2323; 56.1; 27.6; 27.6;2781; 23.6;B;0;-;On;On;Off; 37.0; 36.4;0;40;1762;40;1762;40;1576;1;-
2026/05/08;11:27:50;-;-; 50.36; 27.8;-; 65.9; 65.7; 1400.9; 698.5; 702.5;2323; 56.2; 27.6; 27.6;2784; 23.6;B;0;-;On;On;Off; 37.1; 36.5;0;40;1762;40;1762;40;1576;1;-
2026/05/08;11:28:50;-;-; 50.38; 27.8;-; 67.1; 65.4; 1402.2; 692.0; 710.2;2323; 56.3; 27.7; 27.7;2792; 23.6;B;0;-;On;On;Off; 37.2; 36.5;0;40;1762;40;1762;41;1577;1;-
2026/05/08;11:29:50;-;-; 50.38; 28.1;-; 65.6; 65.6; 1417.8; 706.9; 710.9;2323; 56.8; 27.9; 27.9;2816; 23.6;B;0;-;On;On;Off; 37.2; 36.5;0;41;1763;41;1763;41;1577;1;-
2026/05/08;11:30:50;-;-; 50.40; 28.0;-; 65.7; 65.7; 1415.7; 706.9; 708.9;2323; 57.0; 28.0; 28.0;2823; 23.7;B;0;-;On;On;Off; 37.2; 36.6;0;41;1763;41;1763;42;1578;1;-
2026/05/08;11:31:50;-;-; 50.38; 28.2;-; 65.7; 65.4; 1422.5; 708.9; 713.6;2323; 57.1; 28.0; 28.0;2828; 23.7;B;0;-;On;On;Off; 37.3; 36.6;0;42;1764;42;1764;42;1578;1;-
2026/05/08;11:32:50;-;-; 50.38; 28.0;-; 67.0; 65.4; 1412.3; 697.4; 714.9;2323; 57.1; 28.1; 28.1;2830; 23.7;B;0;-;On;On;Off; 37.3; 36.7;0;42;1764;42;1764;42;1578;1;-
2026/05/08;11:33:50;-;-; 50.38; 28.2;-; 65.9; 65.8; 1423.8; 712.3; 711.6;2323; 57.3; 28.1; 28.1;2838; 23.7;B;0;-;On;On;Off; 37.4; 36.7;0;43;1765;43;1765;43;1579;1;-
2026/05/08;11:34:50;-;-; 50.54; 28.2;-; 66.1; 65.6; 1426.9; 711.8; 715.1;2323; 57.5; 28.2; 28.2;2846; 23.7;B;0;-;On;On;Off; 37.4; 36.7;0;43;1765;43;1765;43;1579;1;-
2026/05/08;11:35:50;-;-; 50.54; 28.4;-; 66.0; 65.8; 1435.9; 716.2; 719.6;2323; 57.5; 28.3; 28.3;2848; 23.7;B;0;-;On;On;Off; 37.4; 36.8;0;44;1766;44;1766;44;1580;1;-
2026/05/08;11:36:49;-;-; 50.42; 28.6;-; 65.6; 65.7; 1444.6; 721.6; 723.0;2323; 57.8; 28.4; 28.4;2863; 23.7;B;0;-;On;On;Off; 37.5; 36.8;0;44;1766;44;1766;44;1580;1;-
2026/05/08;11:37:49;-;-; 50.34; 28.7;-; 65.6; 65.4; 1449.1; 723.2; 725.9;2323; 58.0; 28.5; 28.5;2874; 23.7;B;0;-;On;On;Off; 37.5; 36.9;0;45;1767;45;1767;45;1581;1;-
2026/05/08;11:38:49;-;-; 50.38; 28.8;-; 65.7; 65.2; 1455.0; 724.4; 730.5;2323; 58.2; 28.6; 28.6;2883; 23.7;B;0;-;On;On;Off; 37.6; 36.9;0;45;1767;45;1767;45;1581;1;-
2026/05/08;11:39:49;-;-; 50.34; 28.9;-; 65.7; 65.3; 1459.2; 727.2; 732.0;2323; 58.5; 28.7; 28.7;2897; 23.7;B;0;-;On;On;Off; 37.6; 37.0;0;46;1768;46;1768;46;1582;1;-
2026/05/08;11:40:49;-;-; 50.32; 28.7;-; 65.6; 66.7; 1447.9; 729.7; 718.2;2323; 58.6; 28.8; 28.8;2905; 23.7;B;0;-;On;On;Off; 37.7; 37.0;0;46;1768;46;1768;46;1582;1;-
2026/05/08;11:41:49;-;-; 50.34; 29.3;-; 65.7; 65.3; 1476.8; 735.4; 741.4;2323; 58.9; 28.9; 28.9;2915; 23.7;B;0;-;On;On;Off; 37.7; 37.1;0;47;1769;47;1769;47;1583;1;-
2026/05/08;11:42:49;-;-; 50.34; 29.4;-; 65.7; 65.4; 1484.9; 739.4; 745.5;2324; 59.2; 29.1; 29.1;2933; 23.7;B;0;-;On;On;Off; 37.8; 37.1;0;47;1769;47;1769;47;1583;1;-
2026/05/08;11:43:49;-;-; 50.36; 29.6;-; 66.0; 65.4; 1492.9; 742.4; 750.5;2324; 59.6; 29.3; 29.3;2951; 23.7;B;0;-;On;On;Off; 37.8; 37.2;0;48;1770;48;1770;48;1584;1;-
2026/05/08;11:44:49;-;-; 50.36; 29.5;-; 65.8; 65.6; 1490.4; 743.5; 746.9;2324; 59.9; 29.5; 29.5;2970; 23.7;B;0;-;On;On;Off; 37.9; 37.2;0;48;1770;48;1770;48;1584;1;-
2026/05/08;11:45:49;-;-; 50.34; 29.5;-; 67.0; 65.7; 1486.3; 735.4; 750.9;2324; 60.1; 29.5; 29.5;2978; 23.8;B;0;-;On;On;Off; 38.0; 37.3;0;49;1771;49;1771;49;1585;1;-
2026/05/08;11:46:49;-;-; 50.36; 29.8;-; 65.9; 65.5; 1505.0; 749.8; 755.2;2324; 60.3; 29.6; 29.6;2985; 23.8;B;0;-;On;On;Off; 38.0; 37.3;0;49;1771;49;1771;49;1585;1;-
2026/05/08;11:47:49;-;-; 50.34; 29.8;-; 65.7; 65.5; 1504.4; 750.5; 753.9;2324; 60.6; 29.8; 29.8;3000; 23.8;B;0;-;On;On;Off; 38.0; 37.4;0;50;1772;50;1772;50;1586;1;-
2026/05/08;11:48:49;-;-; 50.34; 29.9;-; 65.6; 65.6; 1507.2; 752.3; 754.9;2324; 60.6; 29.8; 29.8;3000; 23.8;B;0;-;On;On;Off; 38.1; 37.4;0;50;1772;50;1772;50;1586;1;-
2026/05/08;11:49:49;-;-; 50.36; 29.9;-; 66.0; 65.5; 1511.2; 753.9; 757.3;2324; 60.7; 29.8; 29.8;3005; 23.8;B;0;-;On;On;Off; 38.1; 37.5;0;51;1773;51;1773;51;1587;1;-
2026/05/08;11:50:48;-;-; 50.34; 30.0;-; 65.8; 65.3; 1514.0; 754.3; 759.7;2324; 60.8; 29.9; 29.9;3013; 23.8;B;0;-;On;On;Off; 38.2; 37.5;0;51;1773;51;1773;51;1587;1;-
2026/05/08;11:51:48;-;-; 50.34; 29.9;-; 65.9; 65.5; 1510.6; 754.3; 756.3;2324; 61.0; 30.0; 30.0;3020; 23.8;B;0;-;On;On;Off; 38.2; 37.5;0;52;1774;52;1774;52;1588;1;-
2026/05/08;11:52:48;-;-; 50.34; 29.7;-; 66.9; 65.3; 1497.8; 740.1; 757.7;2324; 60.9; 29.9; 29.9;3016; 23.8;B;0;-;On;On;Off; 38.3; 37.6;0;52;1774;52;1774;52;1588;1;-
2026/05/08;11:53:48;-;-; 50.34; 30.1;-; 65.8; 65.6; 1518.0; 758.3; 759.7;2324; 60.9; 29.9; 29.9;3012; 23.8;B;0;-;On;On;Off; 38.3; 37.6;0;53;1775;53;1775;53;1589;1;-
2026/05/08;11:54:48;-;-; 50.32; 30.1;-; 66.0; 65.7; 1515.4; 760.7; 754.6;2324; 61.1; 30.0; 30.0;3022; 23.8;B;0;-;On;On;Off; 38.3; 37.7;0;53;1775;53;1775;53;1589;1;-
2026/05/08;11:55:48;-;-; 50.38; 30.2;-; 65.8; 65.5; 1526.6; 762.3; 764.4;2324; 61.3; 30.1; 30.1;3035; 23.8;B;0;-;On;On;Off; 38.4; 37.7;0;54;1776;54;1776;54;1590;1;-
2026/05/08;11:56:48;-;-; 50.40; 30.3;-; 65.9; 65.5; 1532.0; 764.7; 767.3;2324; 61.6; 30.3; 30.3;3048; 23.8;B;0;-;On;On;Off; 38.5; 37.8;0;54;1776;54;1776;54;1590;1;-
2026/05/08;11:57:48;-;-; 50.38; 30.4;-; 65.9; 65.3; 1534.1; 765.0; 769.0;2324; 61.7; 30.3; 30.3;3053; 23.8;B;0;-;On;On;Off; 38.5; 37.8;0;55;1777;55;1777;55;1591;1;-
2026/05/08;11:58:48;-;-; 50.48; 30.1;-; 66.9; 65.5; 1522.9; 753.0; 769.9;2324; 61.8; 30.3; 30.3;3057; 23.8;B;0;-;On;On;Off; 38.5; 37.9;0;55;1777;55;1777;55;1591;1;-
2026/05/08;11:59:48;-;-; 50.50; 30.5;-; 65.5; 65.4; 1541.7; 769.5; 772.2;2324; 61.9; 30.4; 30.4;3063; 23.8;B;0;-;On;On;Off; 38.6; 37.9;0;56;1778;56;1778;56;1592;1;-
2026/05/08;12:00:48;-;-; 50.30; 30.7;-; 65.6; 65.3; 1545.2; 770.6; 774.6;2324; 62.0; 30.4; 30.4;3066; 23.8;B;0;-;On;On;Off; 38.6; 38.0;0;56;1778;56;1778;56;1592;1;-
2026/05/08;12:01:48;-;-; 50.30; 30.7;-; 65.9; 65.4; 1547.9; 771.9; 776.0;2324; 62.1; 30.5; 30.5;3074; 23.8;B;0;-;On;On;Off; 38.6; 38.0;0;57;1779;57;1779;57;1593;1;-
2026/05/08;12:02:48;-;-; 50.32; 30.8;-; 65.7; 65.5; 1549.9; 774.6; 775.3;2324; 62.3; 30.6; 30.6;3084; 23.8;B;0;-;On;On;Off; 38.7; 38.0;0;57;1779;57;1779;57;1593;1;-
2026/05/08;12:03:48;-;-; 50.30; 30.8;-; 65.7; 65.5; 1550.6; 775.3; 775.3;2324; 62.5; 30.7; 30.7;3092; 23.8;B;0;-;On;On;Off; 38.7; 38.1;0;58;1780;58;1780;58;1594;1;-
2026/05/08;12:04:47;-;-; 50.30; 30.7;-; 65.5; 65.6; 1548.5; 774.6; 773.9;2324; 62.5; 30.7; 30.7;3092; 23.8;B;0;-;On;On;Off; 38.8; 38.1;0;58;1780;58;1780;58;1594;1;-
2026/05/08;12:05:47;-;-; 50.28; 30.7;-; 65.7; 65.5; 1545.3; 773.6; 771.6;2324; 62.5; 30.7; 30.7;3092; 23.8;B;0;-;On;On;Off; 38.8; 38.1;0;59;1781;59;1781;59;1595;1;-
2026/05/08;12:06:47;-;-; 50.26; 30.6;-; 65.8; 65.3; 1539.9; 769.3; 770.6;2324; 62.4; 30.6; 30.6;3084; 23.9;B;0;-;On;On;Off; 38.8; 38.2;0;59;1781;59;1781;59;1595;1;-
2026/05/08;12:07:47;-;-; 50.26; 30.8;-; 65.5; 65.2; 1551.4; 774.7; 776.7;2324; 62.2; 30.5; 30.5;3074; 23.9;B;0;-;On;On;Off; 38.9; 38.2;0;60;1782;60;1782;60;1596;1;-
2026/05/08;12:08:47;-;-; 50.26; 30.9;-; 65.6; 65.2; 1556.1; 777.4; 778.7;2324; 62.3; 30.6; 30.6;3079; 23.9;B;0;-;On;On;Off; 38.9; 38.2;0;60;1782;60;1782;60;1596;1;-
2026/05/08;12:09:47;-;-; 50.26; 31.0;-; 65.7; 65.2; 1561.5; 780.1; 781.5;2324; 62.5; 30.7; 30.7;3092; 23.9;B;0;-;On;On;Off; 38.9; 38.3;0;61;1783;61;1783;61;1597;1;-
2026/05/08;12:10:47;-;-; 50.26; 31.1;-; 65.5; 65.2; 1564.9; 782.1; 782.8;2324; 62.8; 30.9; 30.9;3104; 23.8;B;0;-;On;On;Off; 39.0; 38.3;0;61;1783;61;1783;61;1597;1;-
2026/05/08;12:11:47;-;-; 50.26; 31.0;-; 65.6; 65.2; 1562.9; 781.5; 781.5;2324; 63.0; 30.9; 30.9;3113; 23.9;B;0;-;On;On;Off; 39.0; 38.3;0;62;1784;62;1784;62;1598;1;-
2026/05/08;12:12:47;-;-; 50.26; 31.1;-; 65.5; 65.3; 1566.2; 784.1; 782.1;2324; 63.0; 31.0; 31.0;3116; 23.9;B;0;-;On;On;Off; 39.0; 38.4;0;62;1784;62;1784;62;1598;1;-
2026/05/08;12:13:47;-;-; 50.26; 31.1;-; 65.5; 65.2; 1567.6; 784.1; 783.5;2324; 63.1; 31.0; 31.0;3119; 23.9;B;0;-;On;On;Off; 39.0; 38.4;0;63;1785;63;1785;63;1599;1;-
2026/05/08;12:14:47;-;-; 50.24; 31.1;-; 65.8; 65.3; 1566.4; 782.2; 784.2;2324; 63.2; 31.0; 31.0;3122; 23.9;B;0;-;On;On;Off; 39.1; 38.4;0;63;1785;63;1785;63;1599;1;-
2026/05/08;12:15:47;-;-; 50.26; 31.1;-; 66.5; 65.1; 1565.0; 777.8; 787.2;2324; 63.2; 31.0; 31.0;3123; 23.9;B;0;-;On;On;Off; 39.1; 38.5;0;64;1786;64;1786;64;1600;1;-
2026/05/08;12:16:47;-;-; 50.22; 31.2;-; 65.8; 65.1; 1571.7; 784.9; 786.9;2324; 63.4; 31.1; 31.1;3134; 23.9;B;0;-;On;On;Off; 39.2; 38.5;0;64;1786;64;1786;64;1600;1;-
2026/05/08;12:17:47;-;-; 50.24; 31.2;-; 65.7; 65.2; 1569.7; 783.8; 785.9;2324; 63.4; 31.2; 31.2;3135; 23.9;B;0;-;On;On;Off; 39.2; 38.5;0;65;1787;65;1787;65;1601;1;-
2026/05/08;12:18:47;-;-; 50.22; 31.3;-; 65.8; 65.2; 1575.1; 786.2; 788.9;2324; 63.4; 31.1; 31.1;3131; 23.9;B;0;-;On;On;Off; 39.2; 38.5;0;65;1787;65;1787;65;1601;1;-
2026/05/08;12:19:46;-;-; 50.28; 31.4;-; 65.9; 65.3; 1581.1; 789.6; 791.6;2324; 63.5; 31.2; 31.2;3137; 23.9;B;0;-;On;On;Off; 39.3; 38.5;0;66;1788;66;1788;66;1602;1;-
2026/05/08;12:20:46;-;-; 50.26; 31.5;-; 65.8; 65.2; 1587.8; 793.6; 794.2;2324; 63.7; 31.3; 31.3;3149; 23.9;B;0;-;On;On;Off; 39.3; 38.6;0;66;1788;66;1788;66;1602;1;-
2026/05/08;12:21:46;-;-; 50.36; 31.5;-; 65.6; 65.2; 1590.3; 795.1; 795.1;2324; 64.0; 31.4; 31.4;3161; 23.9;B;0;-;On;On;Off; 39.3; 38.6;0;67;1789;67;1789;67;1603;1;-
2026/05/08;12:22:46;-;-; 50.30; 31.5;-; 65.5; 65.2; 1585.7; 793.5; 792.2;2324; 64.0; 31.5; 31.5;3164; 23.9;B;0;-;On;On;Off; 39.3; 38.6;0;67;1789;67;1789;68;1604;1;-
2026/05/08;12:23:46;-;-; 50.28; 31.6;-; 65.5; 65.1; 1592.5; 797.9; 794.5;2324; 63.9; 31.4; 31.4;3156; 23.9;B;0;-;On;On;Off; 39.3; 38.7;0;68;1790;68;1790;68;1604;1;-
2026/05/08;12:24:46;-;-; 50.36; 31.4;-; 65.5; 65.4; 1586.9; 797.9; 789.0;2324; 64.0; 31.4; 31.4;3162; 23.9;B;0;-;On;On;Off; 39.4; 38.7;0;68;1790;68;1790;69;1605;1;-
2026/05/08;12:25:46;-;-; 50.36; 31.4;-; 65.3; 65.4; 1586.2; 797.2; 789.0;2324; 64.1; 31.5; 31.5;3168; 23.9;B;0;-;On;On;Off; 39.4; 38.7;0;69;1791;69;1791;69;1605;1;-
2026/05/08;12:26:46;-;-; 50.16; 31.0;-; 67.1; 65.1; 1557.1; 765.7; 791.4;2324; 64.1; 31.5; 31.5;3165; 23.9;B;0;-;On;On;Off; 39.5; 38.8;0;69;1791;69;1791;70;1606;1;-
2026/05/08;12:27:46;-;-; 50.18; 31.6;-; 65.7; 65.1; 1586.7; 793.7; 793.0;2324; 64.0; 31.4; 31.4;3159; 23.9;B;0;-;On;On;Off; 39.5; 38.8;0;70;1792;70;1792;70;1606;1;-
2026/05/08;12:28:46;-;-; 50.18; 31.6;-; 65.8; 65.2; 1589.4; 794.4; 795.1;2324; 64.0; 31.4; 31.4;3161; 23.9;B;0;-;On;On;Off; 39.5; 38.8;0;71;1793;71;1793;71;1607;1;-
2026/05/08;12:29:46;-;-; 50.18; 31.8;-; 65.9; 65.3; 1596.8; 799.1; 797.7;2324; 64.2; 31.5; 31.5;3166; 23.9;B;0;-;On;On;Off; 39.6; 38.9;0;71;1793;71;1793;71;1607;1;-
2026/05/08;12:30:46;-;-; 50.16; 31.7;-; 65.7; 65.3; 1592.8; 796.8; 796.0;2324; 64.5; 31.7; 31.7;3182; 23.9;B;0;-;On;On;Off; 39.6; 38.9;0;72;1794;72;1794;72;1608;1;-
2026/05/08;12:31:46;-;-; 50.16; 31.8;-; 65.6; 65.3; 1599.6; 801.5; 798.1;2324; 64.5; 31.7; 31.7;3185; 23.9;B;0;-;On;On;Off; 39.6; 38.9;0;72;1794;72;1794;72;1608;1;-
2026/05/08;12:32:46;-;-; 50.18; 31.8;-; 65.4; 65.4; 1600.9; 802.5; 798.4;2324; 64.6; 31.7; 31.7;3187; 23.9;B;0;-;On;On;Off; 39.6; 38.9;0;73;1795;73;1795;73;1609;1;-
2026/05/08;12:33:45;-;-; 50.18; 31.9;-; 65.7; 65.3; 1601.5; 801.1; 800.4;2324; 64.7; 31.8; 31.8;3194; 23.9;B;0;-;On;On;Off; 39.7; 39.0;0;73;1795;73;1795;73;1609;1;-
2026/05/08;12:34:45;-;-; 50.16; 31.9;-; 65.8; 65.1; 1605.6; 804.1; 801.5;2324; 64.9; 31.9; 31.9;3201; 23.9;B;0;-;On;On;Off; 39.7; 39.0;0;74;1796;74;1796;74;1610;1;-
2026/05/08;12:35:45;-;-; 50.18; 32.0;-; 65.6; 65.4; 1607.6; 807.2; 800.4;2324; 65.0; 31.9; 31.9;3206; 23.9;B;0;-;On;On;Off; 39.8; 39.0;0;74;1796;74;1796;74;1610;1;-
2026/05/08;12:36:45;-;-; 50.18; 32.2;-; 66.1; 65.1; 1619.0; 805.8; 813.2;2324; 65.1; 32.0; 32.0;3215; 23.9;B;0;-;On;On;Off; 39.8; 39.1;0;75;1797;75;1797;75;1611;1;-
2026/05/08;12:37:45;-;-; 50.16; 32.2;-; 65.8; 65.3; 1619.0; 809.5; 809.5;2324; 65.5; 32.2; 32.2;3235; 23.9;B;0;-;On;On;Off; 39.8; 39.1;0;75;1797;75;1797;75;1611;1;-
2026/05/08;12:38:45;-;-; 50.18; 32.3;-; 65.6; 65.3; 1624.5; 812.6; 811.9;2324; 65.6; 32.2; 32.2;3238; 23.9;B;0;-;On;On;Off; 39.8; 39.2;0;76;1798;76;1798;76;1612;1;-
2026/05/08;12:39:45;-;-; 50.16; 32.5;-; 65.5; 65.3; 1631.2; 816.3; 814.9;2324; 65.8; 32.3; 32.3;3246; 23.9;B;0;-;On;On;Off; 39.9; 39.2;0;76;1798;76;1798;77;1613;1;-
2026/05/08;12:40:45;-;-; 50.18; 32.4;-; 65.8; 65.3; 1627.8; 811.9; 815.9;2324; 65.8; 32.3; 32.3;3248; 23.9;B;0;-;On;On;Off; 39.9; 39.2;0;77;1799;77;1799;77;1613;1;-
2026/05/08;12:41:45;-;-; 50.18; 32.6;-; 65.7; 65.1; 1637.3; 815.3; 822.0;2324; 65.9; 32.4; 32.4;3252; 23.9;B;0;-;On;On;Off; 39.9; 39.3;0;77;1799;77;1799;78;1614;1;-
2026/05/08;12:42:45;-;-; 50.20; 32.6;-; 65.6; 65.1; 1639.2; 817.6; 821.6;2325; 66.1; 32.5; 32.5;3263; 23.9;B;0;-;On;On;Off; 40.0; 39.3;0;78;1800;78;1800;78;1614;1;-
2026/05/08;12:43:45;-;-; 50.18; 32.6;-; 65.4; 65.2; 1640.6; 819.3; 821.3;2325; 66.2; 32.5; 32.5;3265; 24.0;B;0;-;On;On;Off; 40.0; 39.3;0;79;1801;79;1801;79;1615;1;-
2026/05/08;12:44:45;-;-; 50.16; 32.6;-; 65.5; 65.1; 1637.2; 817.6; 819.6;2325; 66.1; 32.5; 32.5;3264; 23.9;B;0;-;On;On;Off; 40.0; 39.3;0;79;1801;79;1801;79;1615;1;-
2026/05/08;12:45:45;-;-; 50.20; 31.8;-; 65.7; 66.5; 1598.1; 814.9; 783.2;2325; 66.1; 32.4; 32.4;3259; 24.0;B;0;-;On;On;Off; 40.1; 39.3;0;80;1802;80;1802;80;1616;1;-
2026/05/08;12:46:44;-;-; 50.20; 32.5;-; 65.8; 65.4; 1636.5; 817.6; 819.0;2325; 66.1; 32.4; 32.4;3260; 24.0;B;0;-;On;On;Off; 40.1; 39.4;0;80;1802;80;1802;80;1616;1;-
2026/05/08;12:47:44;-;-; 50.14; 32.7;-; 65.6; 65.3; 1644.0; 820.7; 823.4;2325; 66.2; 32.5; 32.5;3267; 23.9;B;0;-;On;On;Off; 40.1; 39.4;0;81;1803;81;1803;81;1617;1;-
2026/05/08;12:48:44;-;-; 50.14; 32.9;-; 65.6; 65.3; 1650.8; 825.4; 825.4;2325; 66.6; 32.7; 32.7;3283; 24.0;B;0;-;On;On;Off; 40.2; 39.5;0;81;1803;81;1803;81;1617;1;-
2026/05/08;12:49:44;-;-; 50.14; 32.9;-; 65.7; 65.5; 1651.4; 826.0; 825.4;2325; 66.7; 32.8; 32.8;3293; 24.0;B;0;-;On;On;Off; 40.2; 39.5;0;82;1804;82;1804;82;1618;1;-
2026/05/08;12:50:44;-;-; 50.14; 33.0;-; 65.4; 65.0; 1656.8; 826.7; 830.1;2325; 67.1; 32.9; 32.9;3308; 24.0;B;0;-;On;On;Off; 40.2; 39.6;0;82;1804;82;1804;82;1618;1;-
2026/05/08;12:51:44;-;-; 50.12; 32.8;-; 65.5; 65.1; 1646.8; 822.4; 824.4;2325; 66.8; 32.8; 32.8;3297; 24.0;B;0;-;On;On;Off; 40.3; 39.6;0;83;1805;83;1805;83;1619;1;-
2026/05/08;12:52:44;-;-; 50.12; 32.7;-; 65.4; 65.0; 1643.4; 820.0; 823.4;2325; 66.6; 32.7; 32.7;3282; 24.0;B;0;-;On;On;Off; 40.3; 39.5;0;83;1805;83;1805;84;1620;1;-
2026/05/08;12:53:44;-;-; 50.10; 32.5;-; 66.1; 65.0; 1633.3; 811.3; 822.0;2325; 66.2; 32.5; 32.5;3264; 24.0;B;0;-;On;On;Off; 40.3; 39.6;0;84;1806;84;1806;84;1620;1;-
2026/05/08;12:54:44;-;-; 50.08; 32.7;-; 65.5; 65.4; 1641.4; 822.4; 819.0;2325; 66.4; 32.6; 32.6;3271; 24.0;B;0;-;On;On;Off; 40.3; 39.6;0;85;1807;85;1807;85;1621;1;-
2026/05/08;12:55:44;-;-; 50.08; 32.7;-; 65.6; 65.1; 1642.8; 819.0; 823.8;2325; 66.6; 32.7; 32.7;3280; 24.0;B;0;-;On;On;Off; 40.3; 39.6;0;85;1807;85;1807;85;1621;1;-
2026/05/08;12:56:44;-;-; 50.10; 32.8;-; 65.5; 65.3; 1644.8; 820.7; 824.1;2325; 66.5; 32.6; 32.6;3275; 24.0;B;0;-;On;On;Off; 40.3; 39.7;0;86;1808;86;1808;86;1622;1;-
2026/05/08;12:57:44;-;-; 50.10; 32.7;-; 65.5; 65.2; 1643.4; 820.7; 822.7;2325; 66.7; 32.7; 32.7;3286; 24.0;B;0;-;On;On;Off; 40.4; 39.7;0;86;1808;86;1808;86;1622;1;-
2026/05/08;12:58:44;-;-; 50.10; 32.9;-; 65.5; 65.3; 1653.5; 826.1; 827.4;2325; 66.7; 32.7; 32.7;3288; 24.0;B;0;-;On;On;Off; 40.4; 39.7;0;87;1809;87;1809;87;1623;1;-
2026/05/08;12:59:44;-;-; 50.10; 33.2;-; 65.4; 65.0; 1666.3; 831.5; 834.8;2325; 66.9; 32.9; 32.9;3299; 24.0;B;0;-;On;On;Off; 40.4; 39.8;0;87;1809;87;1809;87;1623;1;-
2026/05/08;13:00:43;-;-; 50.12; 33.2;-; 65.6; 65.2; 1666.3; 830.8; 835.5;2325; 67.2; 33.0; 33.0;3310; 24.0;B;0;-;On;On;Off; 40.4; 39.8;0;88;1810;88;1810;88;1624;1;-
2026/05/08;13:01:43;-;-; 50.08; 32.9;-; 65.6; 65.2; 1652.9; 825.8; 827.1;2325; 67.4; 33.1; 33.1;3320; 24.0;B;0;-;On;On;Off; 40.5; 39.8;0;88;1810;88;1810;88;1624;1;-
2026/05/08;13:02:43;-;-; 50.10; 33.2;-; 65.6; 65.0; 1666.3; 828.1; 838.2;2325; 67.2; 33.0; 33.0;3310; 24.0;B;0;-;On;On;Off; 40.5; 39.8;0;89;1811;89;1811;89;1625;1;-
2026/05/08;13:03:43;-;-; 50.12; 33.4;-; 65.3; 65.2; 1676.4; 836.5; 839.9;2325; 67.3; 33.0; 33.0;3316; 24.0;B;0;-;On;On;Off; 40.5; 39.8;0;89;1811;89;1811;90;1626;1;-
2026/05/08;13:04:43;-;-; 50.08; 32.4;-; 66.8; 66.3; 1625.9; 813.0; 813.0;2325; 67.7; 33.2; 33.2;3335; 24.0;B;0;-;On;On;Off; 40.5; 39.9;0;90;1812;90;1812;90;1626;1;-
2026/05/08;13:05:43;-;-; 50.12; 33.6;-; 65.5; 65.2; 1687.8; 841.2; 846.6;2325; 68.1; 33.4; 33.4;3357; 24.0;B;0;-;On;On;Off; 40.6; 39.9;0;91;1813;91;1813;91;1627;1;-
2026/05/08;13:06:43;-;-; 50.12; 33.6;-; 65.7; 65.0; 1689.2; 839.2; 850.0;2325; 68.3; 33.5; 33.5;3365; 24.0;B;0;-;On;On;Off; 40.6; 39.9;0;91;1813;91;1813;91;1627;1;-
2026/05/08;13:07:43;-;-; 50.12; 33.6;-; 65.6; 65.0; 1686.4; 839.2; 847.3;2325; 68.4; 33.6; 33.6;3369; 24.0;B;0;-;On;On;Off; 40.7; 40.0;0;92;1814;92;1814;92;1628;1;-
2026/05/08;13:08:43;-;-; 50.18; 33.5;-; 65.6; 65.0; 1685.8; 838.9; 846.9;2325; 68.2; 33.5; 33.5;3362; 24.0;B;0;-;On;On;Off; 40.7; 40.0;0;92;1814;92;1814;92;1628;1;-
2026/05/08;13:09:43;-;-; 50.14; 33.5;-; 65.4; 65.0; 1682.4; 839.5; 842.9;2325; 68.4; 33.6; 33.6;3370; 24.0;B;0;-;On;On;Off; 40.7; 40.0;0;93;1815;93;1815;93;1629;1;-
2026/05/08;13:10:43;-;-; 50.12; 33.2;-; 65.4; 65.1; 1669.0; 837.9; 831.1;2325; 68.2; 33.5; 33.5;3360; 24.0;B;0;-;On;On;Off; 40.7; 40.0;0;93;1815;93;1815;93;1629;1;-
2026/05/08;13:11:43;-;-; 50.14; 32.4;-; 65.2; 66.5; 1627.2; 838.8; 788.3;2325; 67.8; 33.2; 33.2;3336; 24.0;B;0;-;On;On;Off; 40.7; 40.0;0;94;1816;94;1816;94;1630;1;-
2026/05/08;13:12:43;-;-; 50.20; 33.0;-; 65.5; 65.1; 1659.4; 831.7; 827.7;2325; 67.6; 33.2; 33.2;3328; 24.0;B;0;-;On;On;Off; 40.7; 40.0;0;94;1816;94;1816;95;1631;1;-
2026/05/08;13:13:43;-;-; 50.05; 32.8;-; 66.6; 64.9; 1646.2; 809.0; 837.2;2325; 67.5; 33.1; 33.1;3322; 24.0;B;0;-;On;On;Off; 40.8; 40.0;0;95;1817;95;1817;95;1631;1;-
2026/05/08;13:14:42;-;-; 50.03; 33.1;-; 65.3; 66.3; 1657.6; 846.9; 810.7;2325; 67.7; 33.3; 33.3;3335; 24.0;B;0;-;On;On;Off; 40.8; 40.1;0;96;1818;96;1818;96;1632;1;-
2026/05/08;13:15:42;-;-; 50.07; 33.8;-; 65.4; 64.9; 1693.2; 849.0; 844.2;2325; 67.9; 33.3; 33.3;3343; 24.0;B;0;-;On;On;Off; 40.8; 40.1;0;96;1818;96;1818;96;1632;1;-
2026/05/08;13:16:42;-;-; 50.07; 33.8;-; 65.4; 65.0; 1693.9; 849.0; 844.9;2325; 68.4; 33.6; 33.6;3367; 24.0;B;0;-;On;On;Off; 40.8; 40.1;0;97;1819;97;1819;97;1633;1;-
2026/05/08;13:17:42;-;-; 50.05; 33.8;-; 65.3; 64.9; 1694.5; 849.0; 845.6;2325; 68.4; 33.6; 33.6;3369; 24.0;B;0;-;On;On;Off; 40.9; 40.2;0;97;1819;97;1819;97;1633;1;-
2026/05/08;13:18:42;-;-; 50.05; 33.6;-; 65.4; 64.9; 1685.1; 844.6; 840.6;2325; 68.4; 33.6; 33.6;3369; 24.0;B;0;-;On;On;Off; 40.9; 40.2;0;98;1820;98;1820;98;1634;1;-
2026/05/08;13:19:42;-;-; 50.05; 33.6;-; 65.3; 64.9; 1686.5; 846.3; 840.2;2325; 68.4; 33.6; 33.6;3369; 24.0;B;0;-;On;On;Off; 40.9; 40.2;0;98;1820;98;1820;98;1634;1;-
2026/05/08;13:20:42;-;-; 50.03; 33.7;-; 65.1; 64.9; 1689.8; 849.0; 840.9;2325; 68.2; 33.4; 33.4;3354; 24.0;B;0;-;On;On;Off; 40.9; 40.2;0;99;1821;99;1821;99;1635;1;-
2026/05/08;13:21:42;-;-; 50.05; 33.7;-; 65.6; 64.9; 1690.6; 845.3; 845.3;2325; 68.2; 33.5; 33.5;3358; 24.0;B;0;-;On;On;Off; 40.9; 40.2;0;99;1821;99;1821;100;1636;1;-
2026/05/08;13:22:42;-;-; 50.03; 33.4;-; 66.7; 65.0; 1673.1; 825.1; 848.0;2325; 68.3; 33.5; 33.5;3361; 24.0;B;0;-;On;On;Off; 41.0; 40.3;0;100;1822;100;1822;100;1636;1;-
2026/05/08;13:23:42;-;-; 50.03; 33.9;-; 65.5; 64.9; 1697.9; 849.0; 849.0;2325; 68.7; 33.7; 33.7;3382; 24.0;B;0;-;On;On;Off; 41.0; 40.3;0;101;1823;101;1823;101;1637;1;-
2026/05/08;13:24:42;-;-; 50.03; 33.8;-; 65.3; 65.1; 1695.9; 851.7; 844.2;2325; 68.7; 33.7; 33.7;3382; 24.0;B;0;-;On;On;Off; 41.0; 40.3;0;101;1823;101;1823;101;1637;1;-
2026/05/08;13:25:42;-;-; 50.05; 34.1;-; 65.5; 65.0; 1709.3; 854.7; 854.7;2325; 68.9; 33.8; 33.8;3388; 24.0;B;0;-;On;On;Off; 41.0; 40.3;0;102;1824;102;1824;102;1638;1;-
2026/05/08;13:26:42;-;-; 50.07; 34.2;-; 65.5; 65.1; 1715.4; 857.4; 858.0;2325; 69.1; 33.9; 33.9;3401; 24.0;B;0;-;On;On;Off; 41.1; 40.3;0;102;1824;102;1824;102;1638;1;-
2026/05/08;13:27:42;-;-; 50.07; 34.5;-; 65.6; 65.0; 1728.1; 863.1; 865.1;2325; 69.6; 34.2; 34.2;3429; 24.0;B;0;-;On;On;Off; 41.1; 40.4;0;103;1825;103;1825;103;1639;1;-
2026/05/08;13:28:41;-;-; 50.08; 34.5;-; 65.5; 65.2; 1732.2; 869.8; 862.4;2325; 69.9; 34.3; 34.3;3442; 24.0;B;0;-;On;On;Off; 41.2; 40.4;0;103;1825;103;1825;104;1640;1;-
2026/05/08;13:29:41;-;-; 50.08; 34.6;-; 65.5; 65.1; 1737.5; 871.8; 865.8;2325; 70.1; 34.4; 34.4;3451; 24.0;B;0;-;On;On;Off; 41.2; 40.5;0;104;1826;104;1826;104;1640;1;-
2026/05/08;13:30:41;-;-; 50.07; 34.6;-; 65.3; 65.1; 1737.5; 871.1; 866.4;2325; 70.3; 34.5; 34.5;3463; 24.0;B;0;-;On;On;Off; 41.2; 40.5;0;105;1827;105;1827;105;1641;1;-
2026/05/08;13:31:41;-;-; 50.05; 34.5;-; 65.6; 65.2; 1732.2; 868.1; 864.1;2325; 70.3; 34.5; 34.5;3459; 24.0;B;0;-;On;On;Off; 41.3; 40.5;0;105;1827;105;1827;105;1641;1;-
2026/05/08;13:32:41;-;-; 50.08; 34.5;-; 65.6; 65.0; 1728.2; 863.8; 864.4;2325; 70.3; 34.5; 34.5;3462; 24.0;B;0;-;On;On;Off; 41.3; 40.5;0;106;1828;106;1828;106;1642;1;-
2026/05/08;13:33:41;-;-; 50.07; 34.3;-; 65.6; 65.0; 1722.1; 861.7; 860.4;2325; 70.3; 34.5; 34.5;3462; 24.0;B;0;-;On;On;Off; 41.3; 40.5;0;106;1828;106;1828;106;1642;1;-
2026/05/08;13:34:41;-;-; 50.12; 34.3;-; 65.3; 64.9; 1721.5; 863.4; 858.1;2325; 70.0; 34.4; 34.4;3446; 24.0;B;0;-;On;On;Off; 41.3; 40.5;0;107;1829;107;1829;107;1643;1;-
2026/05/08;13:35:41;-;-; 50.08; 34.2;-; 65.2; 65.0; 1718.7; 862.0; 856.7;2325; 69.7; 34.2; 34.2;3431; 24.0;B;0;-;On;On;Off; 41.3; 40.5;0;107;1829;107;1829;108;1644;1;-
2026/05/08;13:36:41;-;-; 50.08; 33.6;-; 66.5; 65.1; 1685.1; 831.1; 854.0;2325; 69.7; 34.2; 34.2;3427; 24.0;B;0;-;On;On;Off; 41.3; 40.5;0;108;1830;108;1830;108;1644;1;-
2026/05/08;13:37:41;-;-; 50.01; 34.3;-; 65.1; 64.8; 1719.4; 862.7; 856.7;2325; 69.7; 34.2; 34.2;3427; 24.0;B;0;-;On;On;Off; 41.3; 40.5;0;109;1831;109;1831;109;1645;1;-
2026/05/08;13:38:41;-;-; 49.99; 34.4;-; 65.2; 64.9; 1722.7; 863.7; 859.0;2325; 69.5; 34.1; 34.1;3418; 24.0;B;0;-;On;On;Off; 41.3; 40.6;0;109;1831;109;1831;109;1645;1;-
2026/05/08;13:39:41;-;-; 50.01; 34.4;-; 65.3; 64.9; 1724.1; 864.7; 859.4;2325; 69.8; 34.3; 34.3;3434; 24.0;B;0;-;On;On;Off; 41.4; 40.6;0;110;1832;110;1832;110;1646;1;-
2026/05/08;13:40:41;-;-; 49.95; 33.5;-; 66.7; 65.0; 1675.8; 822.1; 853.7;2325; 69.8; 34.3; 34.3;3434; 24.0;B;0;-;On;On;Off; 41.4; 40.6;0;110;1832;110;1832;110;1646;1;-
2026/05/08;13:41:41;-;-; 49.97; 34.2;-; 65.4; 64.9; 1710.7; 856.7; 854.0;2325; 69.6; 34.1; 34.1;3423; 24.0;B;0;-;On;On;Off; 41.4; 40.6;0;111;1833;111;1833;111;1647;1;-
2026/05/08;13:42:40;-;-; 49.97; 34.3;-; 65.2; 64.9; 1715.4; 861.4; 854.0;2326; 69.4; 34.1; 34.1;3413; 24.0;B;0;-;On;On;Off; 41.4; 40.6;0;111;1833;111;1833;112;1648;1;-
2026/05/08;13:43:40;-;-; 49.99; 34.4;-; 65.3; 64.9; 1724.1; 865.8; 858.3;2326; 69.3; 34.0; 34.0;3408; 24.0;B;0;-;On;On;Off; 41.4; 40.6;0;112;1834;112;1834;112;1648;1;-
2026/05/08;13:44:40;-;-; 49.97; 34.4;-; 65.1; 64.9; 1723.4; 865.4; 858.0;2326; 69.7; 34.2; 34.2;3426; 24.0;B;0;-;On;On;Off; 41.4; 40.7;0;113;1835;113;1835;113;1649;1;-
2026/05/08;13:45:40;-;-; 49.93; 33.6;-; 66.7; 65.0; 1683.2; 828.5; 854.7;2326; 69.8; 34.2; 34.2;3431; 24.0;B;0;-;On;On;Off; 41.4; 40.6;0;113;1835;113;1835;113;1649;1;-
2026/05/08;13:46:40;-;-; 49.99; 34.4;-; 65.4; 64.9; 1724.7; 864.4; 860.3;2326; 69.7; 34.2; 34.2;3428; 24.0;B;0;-;On;On;Off; 41.5; 40.7;0;114;1836;114;1836;114;1650;1;-
2026/05/08;13:47:40;-;-; 49.99; 34.5;-; 65.4; 64.9; 1728.8; 866.4; 862.4;2326; 69.9; 34.3; 34.3;3436; 24.0;B;0;-;On;On;Off; 41.5; 40.7;0;114;1836;114;1836;114;1650;1;-
2026/05/08;13:48:40;-;-; 49.95; 34.5;-; 65.3; 64.9; 1724.8; 863.7; 861.0;2326; 70.2; 34.4; 34.4;3450; 24.0;B;0;-;On;On;Off; 41.5; 40.7;0;115;1837;115;1837;115;1651;1;-
2026/05/08;13:49:40;-;-; 49.95; 34.5;-; 65.2; 64.9; 1726.8; 867.1; 859.7;2326; 70.1; 34.4; 34.4;3444; 24.0;B;0;-;On;On;Off; 41.5; 40.7;0;115;1837;115;1837;116;1652;1;-
2026/05/08;13:50:40;-;-; 49.97; 34.3;-; 65.4; 65.1; 1718.7; 862.7; 856.0;2326; 69.9; 34.3; 34.3;3435; 24.0;B;0;-;On;On;Off; 41.5; 40.8;0;116;1838;116;1838;116;1652;1;-
2026/05/08;13:51:40;-;-; 49.95; 34.5;-; 65.1; 65.0; 1727.4; 867.7; 859.7;2326; 69.9; 34.3; 34.3;3436; 24.0;B;0;-;On;On;Off; 41.5; 40.8;0;117;1839;117;1839;117;1653;1;-
2026/05/08;13:52:40;-;-; 49.95; 34.0;-; 65.2; 65.8; 1703.3; 870.1; 833.2;2326; 70.0; 34.3; 34.3;3439; 24.0;B;0;-;On;On;Off; 41.5; 40.8;0;117;1839;117;1839;117;1653;1;-
2026/05/08;13:53:40;-;-; 49.97; 34.8;-; 65.3; 64.9; 1742.2; 873.4; 868.8;2326; 70.1; 34.4; 34.4;3445; 24.0;B;0;-;On;On;Off; 41.6; 40.8;0;118;1840;118;1840;118;1654;1;-
2026/05/08;13:54:40;-;-; 49.95; 34.7;-; 65.3; 64.9; 1738.2; 871.1; 867.1;2326; 70.5; 34.6; 34.6;3463; 24.0;B;0;-;On;On;Off; 41.6; 40.8;0;118;1840;118;1840;118;1654;1;-
2026/05/08;13:55:40;-;-; 49.95; 34.2;-; 65.7; 64.8; 1712.0; 846.3; 865.7;2326; 70.4; 34.5; 34.5;3458; 24.0;B;0;-;On;On;Off; 41.6; 40.8;0;119;1841;119;1841;119;1655;1;-
2026/05/08;13:56:39;-;-; 49.95; 34.5;-; 65.3; 64.8; 1724.1; 863.0; 861.0;2326; 70.2; 34.5; 34.5;3450; 24.0;B;0;-;On;On;Off; 41.6; 40.8;0;119;1841;119;1841;120;1656;1;-
2026/05/08;13:57:39;-;-; 49.93; 34.6;-; 65.1; 64.9; 1730.1; 867.4; 862.7;2326; 70.0; 34.3; 34.3;3435; 24.0;B;0;-;On;On;Off; 41.6; 40.9;0;120;1842;120;1842;120;1656;1;-
2026/05/08;13:58:39;-;-; 49.91; 34.4;-; 65.2; 64.7; 1720.7; 863.0; 857.7;2326; 70.0; 34.4; 34.4;3439; 24.0;B;0;-;On;On;Off; 41.6; 40.8;0;121;1843;121;1843;121;1657;1;-
2026/05/08;13:59:39;-;-; 49.95; 34.3;-; 65.4; 64.8; 1718.7; 859.0; 859.7;2326; 69.9; 34.3; 34.3;3428; 24.0;B;0;-;On;On;Off; 41.6; 40.8;0;121;1843;121;1843;121;1657;1;-
2026/05/08;14:00:39;-;-; 50.08; 34.3;-; 65.4; 64.8; 1719.4; 859.4; 860.0;2326; 69.9; 34.3; 34.3;3431; 24.0;B;0;-;On;On;Off; 41.6; 40.9;0;122;1844;122;1844;122;1658;1;-
2026/05/08;14:01:39;-;-; 50.07; 33.6;-; 65.0; 66.1; 1685.1; 863.8; 821.4;2326; 69.9; 34.3; 34.3;3433; 24.0;B;0;-;On;On;Off; 41.6; 40.9;0;122;1844;122;1844;122;1658;1;-
2026/05/08;14:02:39;-;-; 50.03; 34.1;-; 65.4; 64.8; 1707.3; 853.7; 853.7;2326; 69.9; 34.3; 34.3;3429; 24.0;B;0;-;On;On;Off; 41.6; 40.9;0;123;1845;123;1845;123;1659;1;-
2026/05/08;14:03:39;-;-; 49.87; 34.3;-; 65.0; 65.0; 1714.6; 863.0; 851.6;2326; 69.7; 34.2; 34.2;3420; 24.0;B;0;-;On;On;Off; 41.6; 40.9;0;123;1845;123;1845;124;1660;1;-
2026/05/08;14:04:39;-;-; 49.87; 34.5;-; 65.0; 64.7; 1721.4; 864.4; 857.0;2326; 69.7; 34.2; 34.2;3418; 24.0;B;0;-;On;On;Off; 41.6; 40.9;0;124;1846;124;1846;124;1660;1;-
2026/05/08;14:05:39;-;-; 49.83; 33.5;-; 65.2; 66.0; 1671.9; 860.3; 811.5;2326; 69.7; 34.2; 34.2;3419; 24.0;B;0;-;On;On;Off; 41.6; 40.9;0;125;1847;125;1847;125;1661;1;-
2026/05/08;14:06:39;-;-; 49.87; 34.3;-; 65.1; 64.8; 1716.0; 861.0; 855.0;2326; 69.7; 34.2; 34.2;3419; 24.0;B;0;-;On;On;Off; 41.6; 40.9;0;125;1847;125;1847;125;1661;1;-
2026/05/08;14:07:39;-;-; 49.89; 34.4;-; 65.3; 64.8; 1718.0; 860.4; 857.7;2326; 69.5; 34.1; 34.1;3410; 24.0;B;0;-;On;On;Off; 41.6; 40.9;0;126;1848;126;1848;126;1662;1;-
2026/05/08;14:08:39;-;-; 49.87; 34.6;-; 65.2; 64.9; 1728.0; 866.7; 861.3;2326; 69.9; 34.3; 34.3;3426; 24.0;B;0;-;On;On;Off; 41.7; 40.9;0;126;1848;126;1848;126;1662;1;-
2026/05/08;14:09:38;-;-; 49.85; 34.2;-; 65.7; 65.0; 1707.3; 847.3; 860.0;2326; 70.3; 34.5; 34.5;3447; 24.1;B;0;-;On;On;Off; 41.7; 40.9;0;127;1849;127;1849;127;1663;1;-
2026/05/08;14:10:38;-;-; 49.89; 34.8;-; 65.0; 65.0; 1737.5; 872.8; 864.7;2326; 70.4; 34.5; 34.5;3455; 24.1;B;0;-;On;On;Off; 41.7; 40.9;0;127;1849;127;1849;128;1664;1;-
2026/05/08;14:11:38;-;-; 49.87; 34.8;-; 65.2; 65.0; 1736.8; 872.4; 864.4;2326; 70.6; 34.6; 34.6;3465; 24.0;B;0;-;On;On;Off; 41.7; 40.9;0;128;1850;128;1850;128;1664;1;-
2026/05/08;14:12:38;-;-; 49.83; 34.0;-; 65.0; 66.3; 1695.3; 870.4; 824.9;2326; 70.7; 34.7; 34.7;3471; 24.0;B;0;-;On;On;Off; 41.7; 41.0;0;129;1851;129;1851;129;1665;1;-
2026/05/08;14:13:38;-;-; 49.87; 34.8;-; 64.9; 64.8; 1738.1; 871.1; 867.1;2326; 70.6; 34.6; 34.6;3463; 24.1;B;0;-;On;On;Off; 41.7; 41.0;0;129;1851;129;1851;129;1665;1;-
2026/05/08;14:14:38;-;-; 49.87; 34.7;-; 65.2; 64.8; 1735.4; 870.1; 865.4;2326; 70.6; 34.6; 34.6;3463; 24.1;B;0;-;On;On;Off; 41.8; 41.0;0;130;1852;130;1852;130;1666;1;-
2026/05/08;14:15:38;-;-; 49.85; 34.5;-; 65.0; 65.0; 1724.7; 868.0; 856.7;2326; 70.6; 34.6; 34.6;3461; 24.1;B;0;-;On;On;Off; 41.8; 41.0;0;130;1852;130;1852;130;1666;1;-
2026/05/08;14:16:38;-;-; 49.81; 34.3;-; 65.0; 65.2; 1714.0; 865.3; 848.6;2326; 70.2; 34.4; 34.4;3441; 24.0;B;0;-;On;On;Off; 41.8; 41.0;0;131;1853;131;1853;131;1667;1;-
2026/05/08;14:17:38;-;-; 49.81; 33.7;-; 66.4; 64.7; 1681.2; 824.6; 856.7;2326; 70.2; 34.4; 34.4;3442; 24.0;B;0;-;On;On;Off; 41.8; 41.0;0;131;1853;131;1853;132;1668;1;-
2026/05/08;14:18:38;-;-; 49.81; 34.4;-; 65.3; 64.9; 1715.3; 861.3; 854.0;2326; 69.9; 34.3; 34.3;3426; 24.1;B;0;-;On;On;Off; 41.8; 41.0;0;132;1854;132;1854;132;1668;1;-
2026/05/08;14:19:38;-;-; 49.83; 34.4;-; 65.1; 64.9; 1717.3; 862.3; 855.0;2326; 70.0; 34.3; 34.3;3430; 24.0;B;0;-;On;On;Off; 41.8; 41.0;0;133;1855;133;1855;133;1669;1;-
2026/05/08;14:20:38;-;-; 49.81; 34.5;-; 65.4; 64.7; 1720.6; 860.0; 860.6;2326; 70.2; 34.4; 34.4;3437; 24.0;B;0;-;On;On;Off; 41.8; 41.0;0;133;1855;133;1855;133;1669;1;-
2026/05/08;14:21:38;-;-; 49.81; 34.3;-; 65.2; 64.8; 1714.0; 860.0; 854.0;2326; 70.1; 34.4; 34.4;3435; 24.1;B;0;-;On;On;Off; 41.8; 41.0;0;134;1856;134;1856;134;1670;1;-
2026/05/08;14:22:38;-;-; 49.81; 34.5;-; 65.1; 64.7; 1718.6; 861.6; 857.0;2326; 69.9; 34.3; 34.3;3425; 24.0;B;0;-;On;On;Off; 41.8; 41.1;0;134;1856;134;1856;134;1670;1;-
2026/05/08;14:23:37;-;-; 49.81; 34.5;-; 65.2; 65.0; 1721.3; 863.3; 858.0;2326; 70.1; 34.4; 34.4;3435; 24.1;B;0;-;On;On;Off; 41.8; 41.1;0;135;1857;135;1857;135;1671;1;-
2026/05/08;14:24:37;-;-; 49.83; 34.6;-; 65.3; 64.7; 1725.4; 862.3; 863.0;2326; 70.2; 34.4; 34.4;3439; 24.0;B;0;-;On;On;Off; 41.9; 41.1;0;135;1857;135;1857;136;1672;1;-
2026/05/08;14:25:37;-;-; 49.81; 34.5;-; 65.0; 64.8; 1722.0; 865.3; 856.7;2326; 70.3; 34.5; 34.5;3445; 24.1;B;0;-;On;On;Off; 41.8; 41.1;0;136;1858;136;1858;136;1672;1;-
2026/05/08;14:26:37;-;-; 49.75; 33.9;-; 66.3; 64.6; 1689.9; 831.6; 858.3;2326; 70.1; 34.4; 34.4;3434; 24.1;B;0;-;On;On;Off; 41.8; 41.1;0;137;1859;137;1859;137;1673;1;-
2026/05/08;14:27:37;-;-; 49.83; 33.6;-; 65.2; 65.8; 1677.2; 856.3; 820.8;2326; 69.8; 34.2; 34.2;3417; 24.0;B;0;-;On;On;Off; 41.8; 41.0;0;137;1859;137;1859;137;1673;1;-
2026/05/08;14:28:37;-;-; 49.81; 34.3;-; 64.8; 64.9; 1711.3; 860.6; 850.6;2326; 69.7; 34.2; 34.2;3412; 24.1;B;0;-;On;On;Off; 41.8; 41.0;0;138;1860;138;1860;138;1674;1;-
2026/05/08;14:29:37;-;-; 49.93; 34.3;-; 65.1; 64.6; 1716.0; 858.7; 857.3;2326; 69.7; 34.2; 34.2;3411; 24.1;B;0;-;On;On;Off; 41.8; 41.1;0;138;1860;138;1860;138;1674;1;-
2026/05/08;14:30:37;-;-; 49.89; 34.4;-; 65.2; 64.6; 1718.0; 858.7; 859.4;2326; 69.9; 34.3; 34.3;3418; 24.1;B;0;-;On;On;Off; 41.8; 41.0;0;139;1861;139;1861;139;1675;1;-
2026/05/08;14:31:37;-;-; 49.75; 34.0;-; 65.0; 65.8; 1693.3; 864.7; 828.6;2326; 70.0; 34.3; 34.3;3423; 24.1;B;0;-;On;On;Off; 41.8; 41.1;0;139;1861;139;1861;140;1676;1;-
2026/05/08;14:32:37;-;-; 49.75; 34.0;-; 66.2; 64.6; 1695.2; 833.9; 861.3;2326; 70.3; 34.5; 34.5;3438; 24.1;B;0;-;On;On;Off; 41.8; 41.1;0;140;1862;140;1862;140;1676;1;-
2026/05/08;14:33:37;-;-; 49.75; 34.5;-; 64.9; 64.6; 1718.0; 860.0; 858.0;2326; 70.2; 34.4; 34.4;3436; 24.1;B;0;-;On;On;Off; 41.8; 41.1;0;141;1863;141;1863;141;1677;1;-
2026/05/08;14:34:37;-;-; 49.73; 34.5;-; 65.0; 64.6; 1720.0; 860.0; 860.0;2326; 70.0; 34.3; 34.3;3426; 24.1;B;0;-;On;On;Off; 41.8; 41.1;0;141;1863;141;1863;141;1677;1;-
2026/05/08;14:35:37;-;-; 49.69; 33.6;-; 66.2; 64.5; 1674.6; 820.6; 854.0;2326; 70.0; 34.3; 34.3;3424; 24.1;B;0;-;On;On;Off; 41.8; 41.1;0;142;1864;142;1864;142;1678;1;-
2026/05/08;14:36:37;-;-; 49.67; 33.6;-; 64.9; 65.9; 1669.9; 855.6; 814.3;2326; 69.8; 34.2; 34.2;3415; 24.1;B;0;-;On;On;Off; 41.8; 41.1;0;142;1864;142;1864;142;1678;1;-
2026/05/08;14:37:36;-;-; 49.71; 34.3;-; 64.7; 64.5; 1708.6; 854.3; 854.3;2326; 69.5; 34.1; 34.1;3397; 24.0;B;0;-;On;On;Off; 41.8; 41.0;0;143;1865;143;1865;143;1679;1;-
2026/05/08;14:38:36;-;-; 49.69; 34.2;-; 64.8; 64.8; 1700.6; 853.3; 847.3;2326; 69.4; 34.0; 34.0;3393; 24.1;B;0;-;On;On;Off; 41.8; 41.1;0;143;1865;143;1865;144;1680;1;-
2026/05/08;14:39:36;-;-; 49.67; 34.0;-; 65.0; 64.7; 1693.2; 849.0; 844.3;2326; 69.5; 34.1; 34.1;3396; 24.1;B;0;-;On;On;Off; 41.8; 41.1;0;144;1866;144;1866;144;1680;1;-
2026/05/08;14:40:36;-;-; 49.67; 33.5;-; 66.0; 64.5; 1665.9; 818.6; 847.3;2326; 69.4; 34.0; 34.0;3391; 24.1;B;0;-;On;On;Off; 41.8; 41.0;0;145;1867;145;1867;145;1681;1;-
2026/05/08;14:41:36;-;-; 49.65; 33.5;-; 64.9; 65.4; 1667.2; 848.3; 818.9;2326; 69.2; 33.9; 33.9;3382; 24.1;B;0;-;On;On;Off; 41.8; 41.0;0;145;1867;145;1867;145;1681;1;-
2026/05/08;14:42:36;-;-; 49.67; 34.0;-; 64.8; 64.5; 1693.9; 847.6; 846.3;2327; 68.9; 33.8; 33.8;3364; 24.0;B;0;-;On;On;Off; 41.8; 41.0;0;146;1868;146;1868;146;1682;1;-
2026/05/08;14:43:36;-;-; 49.67; 34.1;-; 64.8; 64.4; 1695.9; 847.6; 848.3;2327; 69.2; 33.9; 33.9;3380; 24.0;B;0;-;On;On;Off; 41.8; 41.0;0;146;1868;146;1868;146;1682;1;-
2026/05/08;14:44:36;-;-; 49.63; 33.9;-; 64.8; 64.7; 1683.9; 843.0; 840.9;2327; 69.1; 33.9; 33.9;3373; 24.0;B;0;-;On;On;Off; 41.8; 41.0;0;147;1869;147;1869;147;1683;1;-
2026/05/08;14:45:36;-;-; 49.63; 33.7;-; 65.0; 64.6; 1675.2; 838.3; 836.9;2327; 68.8; 33.8; 33.8;3362; 24.1;B;0;-;On;On;Off; 41.8; 41.0;0;147;1869;147;1869;148;1684;1;-
2026/05/08;14:46:36;-;-; 49.59; 32.9;-; 66.1; 65.8; 1634.7; 822.3; 812.3;2327; 68.8; 33.7; 33.7;3357; 24.1;B;0;-;On;On;Off; 41.7; 41.0;0;148;1870;148;1870;148;1684;1;-
2026/05/08;14:47:36;-;-; 49.63; 33.7;-; 65.0; 64.6; 1674.6; 838.3; 836.3;2327; 68.6; 33.6; 33.6;3349; 24.0;B;0;-;On;On;Off; 41.7; 41.0;0;149;1871;149;1871;149;1685;1;-
2026/05/08;14:48:36;-;-; 49.59; 33.4;-; 64.7; 65.4; 1658.6; 844.6; 814.0;2327; 68.6; 33.7; 33.7;3349; 24.1;B;0;-;On;On;Off; 41.8; 41.0;0;149;1871;149;1871;149;1685;1;-
2026/05/08;14:49:36;-;-; 49.65; 34.1;-; 64.9; 64.4; 1696.5; 845.6; 850.9;2327; 68.7; 33.7; 33.7;3351; 24.1;B;0;-;On;On;Off; 41.8; 41.0;0;150;1872;150;1872;150;1686;1;-
2026/05/08;14:50:35;-;-; 49.61; 33.8;-; 65.0; 64.4; 1680.5; 830.6; 849.9;2327; 69.0; 33.9; 33.9;3367; 24.1;B;0;-;On;On;Off; 41.8; 41.0;0;150;1872;150;1872;150;1686;1;-
2026/05/08;14:51:35;-;-; 49.63; 34.0;-; 64.9; 64.6; 1691.2; 846.3; 844.9;2327; 69.3; 34.0; 34.0;3384; 24.1;B;0;-;On;On;Off; 41.7; 41.0;0;151;1873;151;1873;151;1687;1;-
2026/05/08;14:52:35;-;-; 49.63; 33.9;-; 65.0; 64.4; 1686.5; 840.9; 845.6;2327; 69.2; 33.9; 33.9;3378; 24.1;B;0;-;On;On;Off; 41.8; 41.0;0;151;1873;151;1873;152;1688;1;-
2026/05/08;14:53:35;-;-; 49.65; 33.9;-; 65.0; 64.4; 1685.2; 840.3; 844.9;2327; 69.0; 33.8; 33.8;3368; 24.1;B;0;-;On;On;Off; 41.7; 41.0;0;152;1874;152;1874;152;1688;1;-
2026/05/08;14:54:35;-;-; 49.61; 34.0;-; 65.0; 64.5; 1687.9; 841.3; 846.6;2327; 68.9; 33.8; 33.8;3363; 24.1;B;0;-;On;On;Off; 41.8; 41.0;0;153;1875;153;1875;153;1689;1;-
2026/05/08;14:55:35;-;-; 49.67; 33.9;-; 64.9; 64.4; 1685.2; 838.6; 846.6;2327; 68.8; 33.8; 33.8;3358; 24.1;B;0;-;On;On;Off; 41.8; 41.0;0;153;1875;153;1875;153;1689;1;-
2026/05/08;14:56:35;-;-; 49.63; 33.4;-; 65.6; 64.3; 1659.9; 816.3; 843.6;2327; 69.1; 33.9; 33.9;3369; 24.1;B;0;-;On;On;Off; 41.7; 41.0;0;154;1876;154;1876;154;1690;1;-
2026/05/08;14:57:35;-;-; 49.55; 33.8;-; 64.7; 64.4; 1676.5; 835.6; 840.9;2327; 68.8; 33.7; 33.7;3355; 24.1;B;0;-;On;On;Off; 41.7; 41.0;0;154;1876;154;1876;154;1690;1;-
2026/05/08;14:58:35;-;-; 49.53; 33.7;-; 64.6; 64.3; 1673.3; 834.6; 838.6;2327; 68.7; 33.7; 33.7;3347; 24.0;B;0;-;On;On;Off; 41.7; 41.0;0;155;1877;155;1877;155;1691;1;-
2026/05/08;14:59:35;-;-; 49.61; 32.7;-; 66.1; 64.2; 1624.6; 790.0; 834.6;2327; 68.4; 33.5; 33.5;3332; 24.0;B;0;-;On;On;Off; 41.7; 41.0;0;155;1877;155;1877;155;1691;1;-
2026/05/08;15:00:35;-;-; 49.53; 33.5;-; 64.9; 64.3; 1662.6; 828.0; 834.6;2327; 68.1; 33.4; 33.4;3316; 24.0;B;0;-;On;On;Off; 41.7; 40.9;0;156;1878;156;1878;156;1692;1;-
2026/05/08;15:01:35;-;-; 49.51; 33.4;-; 64.7; 64.2; 1654.0; 823.3; 830.6;2327; 68.0; 33.3; 33.3;3311; 24.0;B;0;-;On;On;Off; 41.7; 40.9;0;156;1878;156;1878;157;1693;1;-
2026/05/08;15:02:35;-;-; 49.49; 33.3;-; 64.7; 64.2; 1651.9; 822.0; 830.0;2327; 67.8; 33.3; 33.3;3302; 24.0;B;0;-;On;On;Off; 41.7; 40.9;0;157;1879;157;1879;157;1693;1;-
2026/05/08;15:03:35;-;-; 50.80; 30.5;-; 66.3; 65.9; 1553.5; 781.5; 771.9;2327; 67.8; 33.2; 33.2;3298; 24.1;B;0;-;On;On;Off; 41.6; 40.9;0;158;1880;158;1880;158;1694;1;-
2026/05/08;15:04:34;-;-; 50.70; 28.8;-; 67.4; 67.0; 1463.4; 740.9; 722.5;2327; 65.8; 32.1; 32.1;3224; 24.1;B;0;-;On;On;Off; 41.4; 40.7;0;158;1880;158;1880;158;1694;1;-
2026/05/08;15:05:34;-;-; 51.49; 27.6;-; 68.0; 67.6; 1424.7; 721.3; 703.4;2327; 60.1; 29.5; 29.5;3012; 24.1;B;0;-;On;On;Off; 41.2; 40.5;0;159;1881;159;1881;159;1695;1;-
2026/05/08;15:06:34;-;-; 51.41; 27.3;-; 68.1; 67.7; 1406.0; 710.6; 695.4;2327; 56.3; 27.6; 27.6;2856; 24.1;B;0;-;On;On;Off; 41.1; 40.4;0;159;1881;159;1881;159;1695;1;-
2026/05/08;15:07:34;78;-; 51.35; 27.8;-; 68.3; 66.9; 1430.5; 702.2; 728.3;2327; 55.1; 27.1; 27.1;2807; 24.1;B;0;-;On;On;Off; 41.0; 40.3;0;159;1881;159;1881;160;1696;1;-
2026/05/08;15:08:34;79;-; 52.35; 26.6;-; 68.1; 67.7; 1396.0; 712.4; 683.6;2327; 54.3; 26.7; 26.7;2771; 24.1;B;0;-;On;On;Off; 40.9; 40.2;0;160;1882;160;1882;160;1696;1;-
2026/05/08;15:09:34;79;-; 50.36; 31.2;-; 65.6; 65.3; 1572.7; 793.8; 778.9;2327; 53.9; 26.5; 26.5;2755; 24.1;B;0;-;On;On;Off; 41.0; 40.3;0;160;1882;160;1882;160;1696;1;-
2026/05/08;15:10:34;80;-; 50.08; 31.7;-; 65.4; 65.2; 1591.7; 804.9; 786.8;2327; 60.7; 29.9; 29.9;3024; 24.1;B;0;-;On;On;Off; 41.1; 40.4;0;161;1883;161;1883;161;1697;1;-
2026/05/08;15:11:34;80;-; 49.89; 31.3;-; 65.3; 66.2; 1563.3; 804.8; 758.6;2327; 64.1; 31.5; 31.5;3161; 24.1;B;0;-;On;On;Off; 41.2; 40.4;0;161;1883;161;1883;162;1698;1;-
2026/05/08;15:12:34;81;-; 49.75; 31.7;-; 66.3; 64.8; 1577.1; 778.5; 798.5;2327; 65.2; 32.0; 32.0;3200; 24.1;B;0;-;On;On;Off; 41.2; 40.4;0;162;1884;162;1884;162;1698;1;-
2026/05/08;15:13:34;81;-; 49.71; 32.7;-; 64.8; 64.5; 1627.8; 817.6; 810.2;2327; 65.7; 32.2; 32.2;3217; 24.1;B;0;-;On;On;Off; 41.2; 40.5;0;162;1884;162;1884;163;1699;1;-
2026/05/08;15:14:34;82;-; 49.65; 32.9;-; 65.1; 64.7; 1638.6; 822.0; 816.6;2327; 66.1; 32.5; 32.5;3231; 24.1;B;0;-;On;On;Off; 41.2; 40.5;0;163;1885;163;1885;163;1699;1;-
2026/05/08;15:15:34;83;-; 49.63; 33.2;-; 64.9; 64.4; 1649.2; 824.6; 824.6;2327; 67.0; 32.9; 32.9;3271; 24.1;B;0;-;On;On;Off; 41.3; 40.5;0;164;1886;164;1886;164;1700;1;-
2026/05/08;15:16:34;83;-; 49.71; 32.9;-; 65.9; 64.3; 1638.5; 806.6; 831.9;2327; 67.3; 33.0; 33.0;3283; 24.1;B;0;-;On;On;Off; 41.3; 40.5;0;164;1886;164;1886;164;1700;1;-
2026/05/08;15:17:34;84;-; 49.69; 33.4;-; 64.7; 64.3; 1665.2; 831.3; 833.9;2327; 67.8; 33.2; 33.2;3304; 24.1;B;0;-;On;On;Off; 41.3; 40.6;0;165;1887;165;1887;165;1701;1;-
2026/05/08;15:18:33;84;-; 49.53; 33.6;-; 64.5; 64.2; 1665.3; 832.0; 833.3;2327; 68.1; 33.4; 33.4;3321; 24.1;B;0;-;On;On;Off; 41.3; 40.6;0;165;1887;165;1887;165;1701;1;-
2026/05/08;15:19:33;85;-; 49.51; 33.6;-; 64.6; 64.2; 1665.2; 832.3; 833.0;2327; 68.0; 33.4; 33.4;3313; 24.1;B;0;-;On;On;Off; 41.3; 40.6;0;166;1888;166;1888;166;1702;1;-
2026/05/08;15:20:33;85;-; 49.49; 33.6;-; 64.5; 64.2; 1667.2; 833.3; 834.0;2327; 68.0; 33.3; 33.3;3310; 24.1;B;0;-;On;On;Off; 41.3; 40.6;0;166;1888;166;1888;166;1702;1;-
2026/05/08;15:21:33;86;-; 49.43; 32.1;-; 66.1; 65.8; 1591.6; 799.1; 792.5;2327; 68.1; 33.4; 33.4;3316; 24.1;B;0;-;On;On;Off; 41.3; 40.6;0;167;1889;167;1889;167;1703;1;-
2026/05/08;15:22:33;87;-; 49.49; 33.4;-; 64.7; 64.5; 1658.6; 829.3; 829.3;2327; 68.1; 33.4; 33.4;3317; 24.1;B;0;-;On;On;Off; 41.3; 40.6;0;167;1889;167;1889;168;1704;1;-
2026/05/08;15:23:33;87;-; 49.49; 33.6;-; 64.5; 64.1; 1665.2; 831.0; 834.3;2327; 68.1; 33.4; 33.4;3314; 24.1;B;0;-;On;On;Off; 41.3; 40.6;0;168;1890;168;1890;168;1704;1;-
2026/05/08;15:24:33;88;-; 49.47; 33.7;-; 64.8; 64.2; 1672.5; 832.9; 839.6;2327; 68.1; 33.4; 33.4;3315; 24.1;B;0;-;On;On;Off; 41.3; 40.6;0;169;1891;169;1891;169;1705;1;-
2026/05/08;15:25:33;88;-; 49.49; 33.8;-; 64.5; 64.5; 1677.8; 839.6; 838.2;2327; 68.4; 33.5; 33.5;3327; 24.1;B;0;-;On;On;Off; 41.4; 40.7;0;169;1891;169;1891;169;1705;1;-
2026/05/08;15:26:33;89;-; 49.51; 34.0;-; 64.5; 64.3; 1685.8; 843.6; 842.2;2327; 68.7; 33.7; 33.7;3344; 24.1;B;0;-;On;On;Off; 41.4; 40.7;0;170;1892;170;1892;170;1706;1;-
2026/05/08;15:27:33;90;-; 49.51; 34.1;-; 64.5; 64.6; 1691.2; 847.3; 843.9;2327; 69.0; 33.9; 33.9;3359; 24.1;B;0;-;On;On;Off; 41.4; 40.7;0;170;1892;170;1892;170;1706;1;-
2026/05/08;15:28:33;90;-; 49.49; 34.2;-; 64.6; 64.3; 1694.4; 846.2; 848.2;2327; 69.3; 34.0; 34.0;3372; 24.1;B;0;-;On;On;Off; 41.4; 40.7;0;171;1893;171;1893;171;1707;1;-
2026/05/08;15:29:33;91;-; 49.49; 33.7;-; 65.8; 64.2; 1670.5; 824.3; 846.2;2327; 69.5; 34.1; 34.1;3382; 24.1;B;0;-;On;On;Off; 41.5; 40.7;0;171;1893;171;1893;171;1707;1;-
2026/05/08;15:30:33;91;-; 49.45; 33.6;-; 64.7; 65.5; 1662.6; 843.3; 819.3;2327; 69.3; 34.0; 34.0;3374; 24.2;B;0;-;On;On;Off; 41.5; 40.8;0;172;1894;172;1894;172;1708;1;-
2026/05/08;15:31:32;92;-; 49.47; 33.8;-; 64.7; 64.2; 1677.2; 835.9; 841.2;2327; 69.1; 33.9; 33.9;3364; 24.2;B;0;-;On;On;Off; 41.5; 40.7;0;172;1894;172;1894;173;1709;1;-
2026/05/08;15:32:32;93;-; 49.41; 33.5;-; 64.7; 64.3; 1659.3; 830.0; 829.3;2327; 69.0; 33.8; 33.8;3357; 24.2;B;0;-;On;On;Off; 41.5; 40.7;0;173;1895;173;1895;173;1709;1;-
2026/05/08;15:33:32;93;-; 49.41; 33.2;-; 64.8; 64.3; 1646.0; 824.0; 822.0;2327; 68.5; 33.6; 33.6;3331; 24.2;B;0;-;On;On;Off; 41.4; 40.7;0;174;1896;174;1896;174;1710;1;-
2026/05/08;15:34:32;94;-; 49.41; 33.3;-; 64.5; 64.2; 1648.0; 823.3; 824.7;2327; 68.0; 33.3; 33.3;3303; 24.2;B;0;-;On;On;Off; 41.4; 40.7;0;174;1896;174;1896;174;1710;1;-
2026/05/08;15:35:32;94;-; 49.39; 33.0;-; 64.7; 64.3; 1634.7; 818.0; 816.7;2327; 67.6; 33.1; 33.1;3283; 24.2;B;0;-;On;On;Off; 41.4; 40.7;0;175;1897;175;1897;175;1711;1;-
2026/05/08;15:36:32;95;-; 49.37; 32.7;-; 64.4; 65.2; 1616.9; 820.7; 796.2;2327; 67.5; 33.1; 33.1;3277; 24.2;B;0;-;On;On;Off; 41.4; 40.7;0;175;1897;175;1897;175;1711;1;-
2026/05/08;15:37:32;96;-; 49.37; 33.0;-; 64.6; 64.1; 1632.1; 814.1; 818.0;2327; 67.4; 33.1; 33.1;3274; 24.2;B;0;-;On;On;Off; 41.4; 40.7;0;176;1898;176;1898;176;1712;1;-
2026/05/08;15:38:32;96;-; 49.37; 33.0;-; 64.3; 64.4; 1630.1; 817.4; 812.7;2327; 67.1; 32.9; 32.9;3258; 24.2;B;0;-;On;On;Off; 41.4; 40.6;0;176;1898;176;1898;177;1713;1;-
2026/05/08;15:39:32;97;-; 49.43; 32.9;-; 64.7; 64.1; 1630.1; 813.1; 817.0;2327; 67.1; 32.9; 32.9;3256; 24.2;B;0;-;On;On;Off; 41.4; 40.6;0;177;1899;177;1899;177;1713;1;-
2026/05/08;15:40:32;-;-; 51.88; 27.1;-; 67.6; 67.4; 1407.6; 725.1; 682.6;2327; 67.1; 32.9; 32.9;3255; 24.2;B;0;-;On;On;Off; 41.2; 40.5;0;177;1899;177;1899;178;1714;1;-
2026/05/08;15:41:32;-;-; 50.18; 31.3;-; 65.7; 65.2; 1573.9; 787.6; 786.3;2327; 61.4; 29.9; 29.9;3065; 24.2;B;0;-;On;On;Off; 41.0; 40.3;0;178;1900;178;1900;178;1714;1;-
2026/05/08;15:42:32;-;-; 49.69; 32.2;-; 64.9; 64.4; 1603.9; 802.3; 801.6;2328; 57.7; 28.5; 28.5;2902; 24.2;B;0;-;On;On;Off; 41.2; 40.4;0;178;1900;178;1900;179;1715;1;-
2026/05/08;15:43:32;-;-; 49.45; 31.7;-; 64.7; 65.7; 1571.6; 803.4; 768.2;2328; 64.9; 31.9; 31.9;3177; 24.2;B;0;-;On;On;Off; 41.2; 40.5;0;179;1901;179;1901;179;1715;1;-
2026/05/08;15:44:32;-;-; 49.37; 32.8;-; 64.4; 64.2; 1621.5; 810.8; 810.8;2328; 65.8; 32.3; 32.3;3205; 24.2;B;0;-;On;On;Off; 41.2; 40.5;0;180;1902;180;1902;180;1716;1;-
2026/05/08;15:45:31;-;-; 49.35; 32.8;-; 64.4; 64.3; 1620.2; 811.4; 808.8;2328; 66.3; 32.6; 32.6;3224; 24.2;B;0;-;On;On;Off; 41.2; 40.5;0;180;1902;180;1902;180;1716;1;-
2026/05/08;15:46:31;-;-; 49.34; 32.8;-; 64.3; 64.3; 1623.5; 813.4; 810.1;2328; 66.6; 32.7; 32.7;3235; 24.2;B;0;-;On;On;Off; 41.2; 40.5;0;181;1903;181;1903;181;1717;1;-
2026/05/08;15:47:31;-;-; 49.32; 32.7;-; 64.5; 64.3; 1616.9; 809.8; 807.1;2328; 66.8; 32.8; 32.8;3243; 24.2;B;0;-;On;On;Off; 41.2; 40.5;0;181;1903;181;1903;181;1717;1;-
2026/05/08;15:48:31;-;-; 49.28; 32.2;-; 64.6; 65.3; 1588.5; 806.8; 781.7;2328; 66.8; 32.8; 32.8;3242; 24.2;B;0;-;On;On;Off; 41.2; 40.5;0;182;1904;182;1904;182;1718;1;-
2026/05/08;15:49:31;-;-; 49.30; 32.6;-; 64.8; 64.1; 1609.7; 800.2; 809.5;2328; 66.6; 32.7; 32.7;3229; 24.2;B;0;-;On;On;Off; 41.2; 40.5;0;182;1904;182;1904;182;1718;1;-
2026/05/08;15:50:31;-;-; 49.30; 32.5;-; 64.6; 64.0; 1607.6; 802.2; 805.5;2328; 66.6; 32.7; 32.7;3229; 24.2;B;0;-;On;On;Off; 41.2; 40.4;0;183;1905;183;1905;183;1719;1;-
2026/05/08;15:51:31;-;-; 49.26; 32.5;-; 64.5; 64.2; 1602.4; 800.9; 801.5;2328; 66.4; 32.6; 32.6;3219; 24.2;B;0;-;On;On;Off; 41.2; 40.4;0;183;1905;183;1905;183;1719;1;-
2026/05/08;15:52:31;-;-; 49.28; 32.7;-; 64.6; 64.0; 1614.3; 804.8; 809.5;2328; 66.2; 32.5; 32.5;3209; 24.2;B;0;-;On;On;Off; 41.1; 40.4;0;184;1906;184;1906;184;1720;1;-
2026/05/08;15:53:31;-;-; 49.26; 32.4;-; 64.3; 64.5; 1599.8; 807.2; 792.6;2328; 66.4; 32.6; 32.6;3219; 24.2;B;0;-;On;On;Off; 41.1; 40.4;0;184;1906;184;1906;185;1721;1;-
2026/05/08;15:54:31;-;-; 49.26; 32.5;-; 65.6; 64.0; 1603.7; 792.3; 811.4;2328; 66.6; 32.7; 32.7;3227; 24.2;B;0;-;On;On;Off; 41.1; 40.4;0;185;1907;185;1907;185;1721;1;-
2026/05/08;15:55:31;-;-; 49.26; 32.6;-; 64.3; 64.1; 1606.4; 803.2; 803.2;2328; 66.7; 32.7; 32.7;3232; 24.2;B;0;-;On;On;Off; 41.1; 40.4;0;186;1908;186;1908;186;1722;1;-
2026/05/08;15:56:31;-;-; 49.24; 32.5;-; 64.3; 64.1; 1603.1; 800.9; 802.2;2328; 66.5; 32.6; 32.6;3219; 24.2;B;0;-;On;On;Off; 41.1; 40.4;0;186;1908;186;1908;186;1722;1;-
2026/05/08;15:57:31;-;-; 49.24; 32.5;-; 64.5; 63.9; 1601.8; 798.3; 803.5;2328; 66.3; 32.5; 32.5;3208; 24.2;B;0;-;On;On;Off; 41.1; 40.4;0;187;1909;187;1909;187;1723;1;-
2026/05/08;15:58:31;-;-; 49.24; 31.4;-; 66.8; 65.1; 1548.2; 762.6; 785.7;2328; 66.0; 32.4; 32.4;3197; 24.2;B;0;-;On;On;Off; 41.1; 40.4;0;187;1909;187;1909;187;1723;1;-
2026/05/08;15:59:30;-;-; 49.28; 32.6;-; 64.4; 64.0; 1608.3; 803.5; 804.8;2328; 66.2; 32.5; 32.5;3205; 24.2;B;0;-;On;On;Off; 41.1; 40.4;0;188;1910;188;1910;188;1724;1;-
2026/05/08;16:00:30;-;-; 49.41; 32.6;-; 64.5; 63.9; 1613.5; 804.4; 809.1;2328; 66.4; 32.6; 32.6;3215; 24.2;B;0;-;On;On;Off; 41.0; 40.4;0;188;1910;188;1910;188;1724;1;-
2026/05/08;16:01:30;-;-; 49.34; 32.6;-; 64.5; 64.2; 1609.6; 803.2; 806.5;2328; 66.6; 32.7; 32.7;3221; 24.2;B;0;-;On;On;Off; 41.0; 40.4;0;189;1911;189;1911;189;1725;1;-
2026/05/08;16:02:30;-;-; 49.24; 32.7;-; 64.3; 63.9; 1613.0; 805.2; 807.8;2328; 66.6; 32.7; 32.7;3222; 24.2;B;0;-;On;On;Off; 41.1; 40.4;0;189;1911;189;1911;189;1725;1;-
2026/05/08;16:03:30;-;-; 49.30; 32.7;-; 64.2; 63.8; 1616.9; 806.5; 810.5;2328; 66.5; 32.6; 32.6;3219; 24.2;B;0;-;On;On;Off; 41.1; 40.4;0;190;1912;190;1912;190;1726;1;-
2026/05/08;16:04:30;-;-; 49.37; 32.4;-; 65.7; 63.8; 1605.0; 792.2; 812.7;2328; 66.6; 32.7; 32.7;3222; 24.2;B;0;-;On;On;Off; 41.1; 40.4;0;190;1912;190;1912;191;1727;1;-
2026/05/08;16:05:30;-;-; 49.35; 32.7;-; 64.3; 63.8; 1617.5; 806.8; 810.8;2328; 66.8; 32.8; 32.8;3232; 24.2;B;0;-;On;On;Off; 41.1; 40.4;0;191;1913;191;1913;191;1727;1;-
2026/05/08;16:06:30;-;-; 49.16; 32.9;-; 64.2; 63.8; 1622.3; 809.2; 813.1;2328; 66.9; 32.8; 32.8;3235; 24.2;B;0;-;On;On;Off; 41.1; 40.4;0;191;1913;191;1913;192;1728;1;-
2026/05/08;16:07:30;-;-; 49.20; 33.1;-; 64.1; 63.8; 1632.2; 816.4; 815.8;2328; 66.9; 32.8; 32.8;3237; 24.2;B;0;-;On;On;Off; 41.1; 40.4;0;192;1914;192;1914;192;1728;1;-
2026/05/08;16:08:30;-;-; 49.20; 33.5;-; 64.1; 64.0; 1648.7; 829.9; 818.8;2328; 67.2; 33.0; 33.0;3251; 24.2;B;0;-;On;On;Off; 41.1; 40.4;0;193;1915;193;1915;193;1729;1;-
2026/05/08;16:09:30;-;-; 49.20; 33.8;-; 64.2; 64.0; 1666.6; 845.5; 821.1;2328; 67.9; 33.3; 33.3;3284; 24.2;B;0;-;On;On;Off; 41.2; 40.4;0;193;1915;193;1915;193;1729;1;-
2026/05/08;16:10:30;-;-; 49.22; 33.7;-; 64.2; 64.1; 1661.9; 843.5; 818.4;2328; 68.5; 33.6; 33.6;3317; 24.2;B;0;-;On;On;Off; 41.2; 40.4;0;194;1916;194;1916;194;1730;1;-
2026/05/08;16:11:30;-;-; 49.20; 33.5;-; 64.1; 63.9; 1650.7; 829.3; 821.4;2328; 68.8; 33.7; 33.7;3331; 24.2;B;0;-;On;On;Off; 41.2; 40.4;0;194;1916;194;1916;194;1730;1;-
2026/05/08;16:12:29;-;-; 49.18; 33.2;-; 64.4; 63.9; 1637.5; 813.1; 824.3;2328; 68.4; 33.5; 33.5;3310; 24.2;B;0;-;On;On;Off; 41.2; 40.5;0;195;1917;195;1917;195;1731;1;-
2026/05/08;16:13:29;-;-; 49.16; 33.1;-; 64.4; 63.8; 1631.6; 806.5; 825.0;2328; 67.8; 33.3; 33.3;3280; 24.2;B;0;-;On;On;Off; 41.2; 40.5;0;195;1917;195;1917;196;1732;1;-
2026/05/08;16:14:29;-;-; 49.12; 33.0;-; 64.4; 63.8; 1622.3; 800.6; 821.7;2328; 67.5; 33.1; 33.1;3264; 24.2;B;0;-;On;On;Off; 41.1; 40.5;0;196;1918;196;1918;196;1732;1;-
2026/05/08;16:15:29;-;-; 49.10; 32.7;-; 64.1; 64.0; 1607.8; 797.0; 810.8;2328; 67.2; 33.0; 33.0;3249; 24.2;B;0;-;On;On;Off; 41.1; 40.5;0;196;1918;196;1918;197;1733;1;-
2026/05/08;16:16:29;-;-; 49.10; 32.4;-; 65.1; 63.8; 1595.3; 789.7; 805.5;2328; 66.8; 32.7; 32.7;3226; 24.2;B;0;-;On;On;Off; 41.1; 40.4;0;197;1919;197;1919;197;1733;1;-
2026/05/08;16:17:29;-;-; 49.08; 32.4;-; 64.2; 63.8; 1594.0; 792.0; 801.9;2328; 66.3; 32.5; 32.5;3203; 24.2;B;0;-;On;On;Off; 41.1; 40.4;0;198;1920;198;1920;198;1734;1;-
2026/05/08;16:18:29;-;-; 49.08; 32.3;-; 64.0; 63.9; 1588.8; 790.4; 798.3;2328; 66.1; 32.4; 32.4;3190; 24.2;B;0;-;On;On;Off; 41.0; 40.4;0;198;1920;198;1920;198;1734;1;-
2026/05/08;16:19:29;-;-; 49.06; 32.1;-; 65.4; 63.9; 1580.2; 783.2; 797.0;2328; 65.9; 32.3; 32.3;3178; 24.2;B;0;-;On;On;Off; 41.0; 40.4;0;199;1921;199;1921;199;1735;1;-
2026/05/08;16:20:29;-;-; 49.04; 32.3;-; 64.1; 63.9; 1587.5; 789.8; 797.7;2328; 65.8; 32.3; 32.3;3175; 24.2;B;0;-;On;On;Off; 41.0; 40.3;0;199;1921;199;1921;199;1735;1;-
2026/05/08;16:21:29;-;-; 49.04; 32.1;-; 64.0; 64.2; 1577.6; 786.8; 790.8;2328; 65.9; 32.3; 32.3;3177; 24.2;B;0;-;On;On;Off; 41.0; 40.3;0;200;1922;200;1922;200;1736;1;-
2026/05/08;16:22:29;-;-; 49.02; 32.1;-; 64.0; 63.8; 1577.0; 784.2; 792.8;2328; 65.7; 32.2; 32.2;3168; 24.2;B;0;-;On;On;Off; 41.0; 40.3;0;200;1922;200;1922;200;1736;1;-
2026/05/08;16:23:29;-;-; 49.00; 31.9;-; 65.2; 63.6; 1565.8; 775.7; 790.1;2328; 65.5; 32.1; 32.1;3156; 24.2;B;0;-;On;On;Off; 41.0; 40.3;0;201;1923;201;1923;201;1737;1;-
2026/05/08;16:24:29;-;-; 48.98; 31.9;-; 64.0; 63.7; 1564.5; 777.3; 787.2;2328; 65.2; 32.0; 32.0;3144; 24.2;B;0;-;On;On;Off; 40.9; 40.3;0;201;1923;201;1923;201;1737;1;-
2026/05/08;16:25:29;-;-; 48.98; 31.8;-; 63.9; 63.6; 1559.2; 775.3; 783.9;2328; 64.9; 31.9; 31.9;3130; 24.2;B;0;-;On;On;Off; 40.9; 40.3;0;202;1924;202;1924;202;1738;1;-
2026/05/08;16:26:28;-;-; 48.96; 31.5;-; 64.1; 64.9; 1547.4; 775.0; 772.4;2328; 64.7; 31.8; 31.8;3119; 24.2;B;0;-;On;On;Off; 40.9; 40.3;0;202;1924;202;1924;203;1739;1;-
2026/05/08;16:27:28;-;-; 48.96; 31.5;-; 65.1; 63.6; 1547.4; 767.1; 780.3;2328; 64.6; 31.7; 31.7;3113; 24.2;B;0;-;On;On;Off; 40.9; 40.2;0;203;1925;203;1925;203;1739;1;-
2026/05/08;16:28:28;-;-; 48.96; 31.6;-; 63.9; 63.4; 1549.4; 770.1; 779.3;2328; 64.5; 31.7; 31.7;3108; 24.2;B;0;-;On;On;Off; 40.9; 40.2;0;203;1925;203;1925;204;1740;1;-
2026/05/08;16:29:28;-;-; 48.96; 31.5;-; 64.1; 63.4; 1546.2; 768.8; 777.4;2328; 64.4; 31.6; 31.6;3099; 24.2;B;0;-;On;On;Off; 40.9; 40.2;0;204;1926;204;1926;204;1740;1;-
2026/05/08;16:30:28;-;-; 48.94; 31.4;-; 63.8; 63.5; 1541.6; 766.5; 775.1;2328; 64.2; 31.5; 31.5;3090; 24.2;B;0;-;On;On;Off; 40.8; 40.2;0;204;1926;204;1926;205;1741;1;-
2026/05/08;16:31:28;-;-; 49.00; 31.0;-; 65.0; 64.7; 1523.7; 760.2; 763.5;2328; 64.1; 31.4; 31.4;3083; 24.2;B;0;-;On;On;Off; 40.8; 40.1;0;205;1927;205;1927;205;1741;1;-
2026/05/08;16:32:28;-;-; 48.94; 31.3;-; 63.8; 63.4; 1535.7; 763.9; 771.8;2328; 63.9; 31.3; 31.3;3074; 24.2;B;0;-;On;On;Off; 40.8; 40.1;0;206;1928;206;1928;206;1742;1;-
2026/05/08;16:33:28;-;-; 48.92; 31.2;-; 64.9; 63.5; 1529.8; 757.7; 772.1;2328; 63.8; 31.3; 31.3;3070; 24.2;B;0;-;On;On;Off; 40.8; 40.1;0;206;1928;206;1928;206;1742;1;-
2026/05/08;16:34:28;-;-; 49.04; 31.2;-; 63.9; 63.5; 1532.2; 760.8; 771.3;2328; 63.9; 31.3; 31.3;3070; 24.2;B;0;-;On;On;Off; 40.7; 40.1;0;207;1929;207;1929;207;1743;1;-
2026/05/08;16:35:28;-;-; 48.98; 31.0;-; 63.9; 64.6; 1519.7; 758.9; 760.9;2328; 63.8; 31.3; 31.3;3064; 24.2;B;0;-;On;On;Off; 40.7; 40.1;0;207;1929;207;1929;207;1743;1;-
2026/05/08;16:36:28;-;-; 48.90; 31.0;-; 64.1; 63.7; 1521.3; 756.3; 764.9;2328; 63.6; 31.2; 31.2;3055; 24.2;B;0;-;On;On;Off; 40.7; 40.0;0;208;1930;208;1930;208;1744;1;-
2026/05/08;16:37:28;-;-; 48.80; 31.1;-; 63.6; 63.4; 1521.5; 755.5; 766.0;2328; 63.4; 31.1; 31.1;3046; 24.2;B;0;-;On;On;Off; 40.7; 40.0;0;208;1930;208;1930;208;1744;1;-
2026/05/08;16:38:28;-;-; 49.00; 30.9;-; 65.1; 63.4; 1516.5; 751.7; 764.8;2328; 63.3; 31.1; 31.1;3041; 24.2;B;0;-;On;On;Off; 40.7; 40.0;0;209;1931;209;1931;209;1745;1;-
2026/05/08;16:39:28;-;-; 48.78; 31.1;-; 63.8; 63.4; 1518.2; 753.9; 764.4;2328; 63.3; 31.0; 31.0;3037; 24.2;B;0;-;On;On;Off; 40.6; 40.0;0;209;1931;209;1931;209;1745;1;-
2026/05/08;16:41:24;-;-; 48.78; 31.0;-; 63.7; 63.4; 1513.0; 751.3; 761.8;2328; 63.1; 31.0; 31.0;3030; 24.2;B;0;-;On;On;Off; 40.6; 40.0;0;210;1932;210;1932;210;1746;1;-
2026/05/08;16:42:24;-;-; 51.78; 27.7;-; 67.6; 67.2; 1438.3; 721.6; 716.7;2329; 62.9; 30.8; 30.8;3029; 24.2;B;0;-;On;On;Off; 40.5; 39.8;0;211;1933;211;1933;211;1747;1;-
2026/05/08;16:43:24;-;-; 52.14; 27.1;-; 68.0; 67.7; 1416.8; 712.3; 704.6;2329; 57.3; 28.1; 28.1;2898; 24.2;B;0;-;On;On;Off; 40.4; 39.8;0;211;1933;211;1933;211;1747;1;-
2026/05/08;16:44:24;-;-; 52.28; 25.9;-; 68.3; 69.2; 1355.2; 703.9; 651.3;2329; 54.9; 27.0; 27.0;2811; 24.2;B;0;-;On;On;Off; 40.3; 39.7;0;212;1934;212;1934;212;1748;1;-
2026/05/08;16:45:24;-;-; 52.39; 26.4;-; 68.5; 68.2; 1386.3; 697.7; 688.6;2329; 54.3; 26.7; 26.7;2790; 24.2;B;0;-;On;On;Off; 40.3; 39.6;0;212;1934;212;1934;212;1748;1;-
2026/05/08;16:46:24;-;-; 52.45; 26.2;-; 68.5; 68.2; 1378.0; 693.6; 684.4;2329; 53.7; 26.4; 26.4;2765; 24.2;B;0;-;On;On;Off; 40.2; 39.6;0;213;1935;213;1935;213;1749;1;-
2026/05/08;16:47:24;-;-; 52.49; 26.1;-; 68.7; 68.2; 1372.7; 691.3; 681.4;2329; 53.2; 26.2; 26.2;2744; 24.2;B;0;-;On;On;Off; 40.2; 39.5;0;213;1935;213;1935;213;1749;1;-
2026/05/08;16:48:24;-;-; 52.53; 26.0;-; 68.7; 68.3; 1369.5; 689.7; 679.8;2329; 52.8; 26.0; 26.0;2725; 24.2;B;0;-;On;On;Off; 40.1; 39.4;0;213;1935;213;1935;214;1750;1;-
2026/05/08;16:49:24;-;-; 52.57; 25.8;-; 68.6; 68.4; 1360.2; 685.0; 675.1;2329; 52.3; 25.7; 25.7;2699; 24.2;B;0;-;On;On;Off; 40.0; 39.3;0;214;1936;214;1936;214;1750;1;-
2026/05/08;16:50:24;-;-; 52.57; 25.0;-; 70.0; 68.4; 1315.7; 642.7; 673.0;2329; 52.1; 25.6; 25.6;2692; 24.2;B;0;-;On;On;Off; 40.0; 39.3;0;214;1936;214;1936;214;1750;1;-
2026/05/08;16:51:24;-;-; 52.63; 25.7;-; 68.8; 68.3; 1353.1; 681.8; 671.2;2329; 52.1; 25.6; 25.6;2694; 24.2;B;0;-;On;On;Off; 39.9; 39.2;0;215;1937;215;1937;215;1751;1;-
2026/05/08;16:52:24;-;-; 52.65; 25.5;-; 68.7; 68.5; 1345.0; 676.4; 668.6;2329; 51.9; 25.5; 25.5;2684; 24.1;B;0;-;On;On;Off; 39.9; 39.2;0;215;1937;215;1937;215;1751;1;-
2026/05/08;16:53:24;-;-; 52.69; 25.5;-; 68.7; 68.5; 1344.2; 677.4; 666.8;2329; 51.7; 25.4; 25.4;2678; 24.2;B;0;-;On;On;Off; 39.8; 39.2;0;216;1938;216;1938;216;1752;1;-
2026/05/08;16:54:23;-;-; 52.71; 25.3;-; 68.8; 68.5; 1334.3; 671.7; 662.6;2329; 51.3; 25.2; 25.2;2656; 24.1;B;0;-;On;On;Off; 39.8; 39.1;0;216;1938;216;1938;216;1752;1;-
2026/05/08;16:55:23;-;-; 52.73; 24.6;-; 70.2; 68.5; 1301.8; 641.3; 660.4;2329; 51.1; 25.1; 25.1;2649; 24.1;B;0;-;On;On;Off; 39.7; 39.0;0;216;1938;216;1938;216;1752;1;-
2026/05/08;16:56:23;-;-; 52.77; 25.0;-; 68.9; 68.6; 1320.0; 664.9; 655.0;2329; 50.7; 24.9; 24.9;2627; 24.1;B;0;-;On;On;Off; 39.7; 39.0;0;217;1939;217;1939;217;1753;1;-
2026/05/08;16:57:23;-;-; 52.79; 24.3;-; 70.0; 68.6; 1283.4; 630.0; 653.4;2329; 50.3; 24.7; 24.7;2608; 24.1;B;0;-;On;On;Off; 39.6; 38.9;0;217;1939;217;1939;217;1753;1;-
2026/05/08;16:58:23;-;-; 52.83; 24.6;-; 69.1; 68.7; 1300.7; 656.0; 644.6;2329; 50.2; 24.7; 24.7;2605; 24.1;B;0;-;On;On;Off; 39.6; 38.9;0;218;1940;218;1940;218;1754;1;-
2026/05/08;16:59:23;-;-; 52.83; 23.7;-; 69.0; 69.9; 1256.0; 648.9; 607.1;2329; 49.8; 24.5; 24.5;2588; 24.1;B;0;-;On;On;Off; 39.5; 38.8;0;218;1940;218;1940;218;1754;1;-
2026/05/08;17:00:23;-;-; 52.89; 24.2;-; 69.1; 68.7; 1284.3; 647.5; 636.8;2329; 49.4; 24.3; 24.3;2565; 24.1;B;0;-;On;On;Off; 39.4; 38.7;0;218;1940;218;1940;219;1755;1;-
2026/05/08;17:01:23;-;-; 52.91; 24.0;-; 69.0; 68.9; 1274.2; 643.5; 630.7;2329; 49.0; 24.1; 24.1;2546; 24.1;B;0;-;On;On;Off; 39.3; 38.7;0;219;1941;219;1941;219;1755;1;-
2026/05/08;17:02:23;-;-; 52.95; 23.9;-; 69.1; 68.8; 1265.4; 638.7; 626.6;2329; 48.4; 23.8; 23.8;2517; 24.1;B;0;-;On;On;Off; 39.3; 38.6;0;219;1941;219;1941;219;1755;1;-
2026/05/08;17:03:23;-;-; 52.97; 23.7;-; 69.2; 68.9; 1254.5; 634.0; 620.5;2329; 48.4; 23.8; 23.8;2518; 24.1;B;0;-;On;On;Off; 39.2; 38.5;0;220;1942;220;1942;220;1756;1;-
2026/05/08;17:04:23;-;-; 52.97; 23.4;-; 69.2; 68.9; 1240.1; 627.9; 612.2;2329; 47.6; 23.4; 23.4;2476; 24.2;B;0;-;On;On;Off; 39.1; 38.5;0;220;1942;220;1942;220;1756;1;-
2026/05/08;17:05:23;-;-; 53.01; 23.3;-; 69.3; 69.0; 1238.3; 625.2; 613.1;2329; 47.4; 23.3; 23.3;2468; 24.1;B;0;-;On;On;Off; 39.0; 38.4;0;220;1942;220;1942;221;1757;1;-
2026/05/08;17:06:23;-;-; 53.01; 22.6;-; 70.5; 69.0; 1197.1; 587.5; 609.6;2329; 46.8; 23.1; 23.1;2440; 24.2;B;0;-;On;On;Off; 39.0; 38.3;0;221;1943;221;1943;221;1757;1;-
2026/05/08;17:07:23;-;-; 53.06; 23.1;-; 69.3; 69.0; 1229.6; 620.5; 609.1;2329; 46.9; 23.1; 23.1;2443; 24.2;B;0;-;On;On;Off; 38.9; 38.3;0;221;1943;221;1943;221;1757;1;-
2026/05/08;17:08:22;-;-; 53.10; 23.0;-; 69.4; 69.0; 1223.6; 617.8; 605.8;2329; 46.5; 22.9; 22.9;2423; 24.2;B;0;-;On;On;Off; 38.9; 38.2;0;222;1944;222;1944;222;1758;1;-
2026/05/08;17:09:22;-;-; 53.12; 22.9;-; 69.4; 69.1; 1216.2; 613.8; 602.4;2329; 46.4; 22.9; 22.9;2424; 24.2;B;0;-;On;On;Off; 38.8; 38.1;0;222;1944;222;1944;222;1758;1;-
2026/05/08;17:10:22;-;-; 53.14; 22.8;-; 69.4; 69.2; 1212.1; 612.1; 600.0;2329; 45.9; 22.6; 22.6;2396; 24.2;B;0;-;On;On;Off; 38.7; 38.1;0;222;1944;222;1944;222;1758;1;-
2026/05/08;17:11:22;-;-; 53.16; 22.7;-; 69.3; 69.1; 1206.9; 608.8; 598.1;2329; 46.0; 22.7; 22.7;2400; 24.2;B;0;-;On;On;Off; 38.7; 38.0;0;223;1945;223;1945;223;1759;1;-
2026/05/08;17:12:22;-;-; 53.18; 22.6;-; 69.5; 69.1; 1204.4; 606.9; 597.5;2329; 45.8; 22.6; 22.6;2393; 24.2;B;0;-;On;On;Off; 38.6; 38.0;0;223;1945;223;1945;223;1759;1;-
2026/05/08;17:13:22;-;-; 53.18; 21.5;-; 69.5; 70.4; 1145.9; 604.7; 541.2;2329; 45.4; 22.4; 22.4;2375; 24.2;B;0;-;On;On;Off; 38.6; 37.9;0;223;1945;223;1945;224;1760;1;-
2026/05/08;17:14:22;-;-; 53.24; 22.3;-; 69.5; 69.3; 1189.1; 600.6; 588.5;2329; 45.4; 22.4; 22.4;2376; 24.2;B;0;-;On;On;Off; 38.5; 37.9;0;224;1946;224;1946;224;1760;1;-
2026/05/08;17:15:22;-;-; 53.24; 21.5;-; 70.5; 69.3; 1146.5; 561.1; 585.4;2329; 45.1; 22.2; 22.2;2358; 24.2;B;0;-;On;On;Off; 38.5; 37.8;0;224;1946;224;1946;224;1760;1;-
2026/05/08;17:16:22;-;-; 53.30; 22.1;-; 69.6; 69.3; 1180.2; 595.8; 584.4;2329; 44.6; 22.0; 22.0;2337; 24.2;B;0;-;On;On;Off; 38.4; 37.7;0;225;1947;225;1947;225;1761;1;-
2026/05/08;17:17:22;-;-; 53.32; 21.9;-; 69.6; 69.3; 1168.4; 591.0; 577.4;2329; 44.3; 21.9; 21.9;2320; 24.2;B;0;-;On;On;Off; 38.3; 37.7;0;225;1947;225;1947;225;1761;1;-
2026/05/08;17:18:22;-;-; 53.36; 21.8;-; 69.6; 69.5; 1167.2; 590.0; 577.1;2329; 44.2; 21.8; 21.8;2319; 24.3;B;0;-;On;On;Off; 38.3; 37.6;0;225;1947;225;1947;225;1761;1;-
2026/05/08;17:19:22;-;-; 53.36; 21.2;-; 70.5; 69.3; 1132.8; 557.1; 575.7;2329; 44.1; 21.7; 21.7;2312; 24.3;B;0;-;On;On;Off; 38.3; 37.6;0;226;1948;226;1948;226;1762;1;-
2026/05/08;17:20:22;-;-; 53.38; 20.9;-; 70.8; 69.4; 1117.5; 546.6; 570.9;2329; 43.6; 21.5; 21.5;2290; 24.3;B;0;-;On;On;Off; 38.2; 37.5;0;226;1948;226;1948;226;1762;1;-
2026/05/08;17:21:21;-;-; 53.44; 21.6;-; 69.7; 69.5; 1158.1; 585.9; 572.3;2329; 43.1; 21.3; 21.3;2262; 24.3;B;0;-;On;On;Off; 38.1; 37.5;0;226;1948;226;1948;226;1762;1;-
2026/05/08;17:22:21;-;-; 53.42; 20.7;-; 69.8; 70.8; 1105.8; 585.2; 520.6;2329; 43.4; 21.4; 21.4;2280; 24.3;B;0;-;On;On;Off; 38.1; 37.4;0;227;1949;227;1949;227;1763;1;-
2026/05/08;17:23:21;-;-; 53.50; 21.5;-; 69.7; 69.5; 1151.2; 582.4; 568.8;2329; 43.6; 21.5; 21.5;2289; 24.3;B;0;-;On;On;Off; 38.0; 37.4;0;227;1949;227;1949;227;1763;1;-
2026/05/08;17:24:21;-;-; 53.52; 21.4;-; 70.0; 69.7; 1149.5; 581.2; 568.3;2329; 43.1; 21.3; 21.3;2265; 24.3;B;0;-;On;On;Off; 38.0; 37.3;0;227;1949;227;1949;228;1764;1;-
2026/05/08;17:25:21;-;-; 53.52; 20.6;-; 71.1; 69.6; 1107.1; 541.0; 566.1;2329; 43.2; 21.3; 21.3;2274; 24.3;B;0;-;On;On;Off; 37.9; 37.3;0;228;1950;228;1950;228;1764;1;-
2026/05/08;17:26:21;-;-; 53.58; 21.2;-; 70.0; 69.7; 1136.6; 574.4; 562.2;2329; 43.0; 21.3; 21.3;2265; 24.3;B;0;-;On;On;Off; 37.9; 37.2;0;228;1950;228;1950;228;1764;1;-
2026/05/08;17:27:21;-;-; 53.60; 21.1;-; 70.1; 69.7; 1130.4; 570.6; 559.8;2329; 42.7; 21.1; 21.1;2250; 24.3;B;0;-;On;On;Off; 37.8; 37.2;0;228;1950;228;1950;229;1765;1;-
2026/05/08;17:28:21;-;-; 53.62; 20.9;-; 69.9; 69.7; 1122.1; 567.2; 554.9;2329; 42.3; 20.9; 20.9;2229; 24.4;B;0;-;On;On;Off; 37.8; 37.2;0;229;1951;229;1951;229;1765;1;-
2026/05/08;17:29:21;-;-; 53.62; 20.7;-; 70.0; 69.7; 1111.7; 561.2; 550.4;2329; 42.1; 20.8; 20.8;2220; 24.4;B;0;-;On;On;Off; 37.7; 37.1;0;229;1951;229;1951;229;1765;1;-
2026/05/08;17:30:21;-;-; 53.64; 20.3;-; 70.1; 69.8; 1090.1; 541.4; 548.6;2329; 41.6; 20.5; 20.5;2193; 24.4;B;0;-;On;On;Off; 37.7; 37.0;0;230;1952;230;1952;230;1766;1;-
2026/05/08;17:31:21;-;-; 53.68; 20.4;-; 70.1; 69.8; 1097.7; 554.6; 543.1;2329; 41.5; 20.5; 20.5;2187; 24.4;B;0;-;On;On;Off; 37.6; 37.0;0;230;1952;230;1952;230;1766;1;-
2026/05/08;17:32:21;-;-; 53.70; 20.2;-; 70.1; 69.8; 1089.2; 550.0; 539.2;2329; 40.8; 20.2; 20.2;2155; 24.4;B;0;-;On;On;Off; 37.5; 36.9;0;230;1952;230;1952;230;1766;1;-
2026/05/08;17:33:21;-;-; 53.72; 20.1;-; 70.1; 69.9; 1081.2; 545.6; 535.6;2329; 40.8; 20.1; 20.1;2152; 24.4;B;0;-;On;On;Off; 37.5; 36.9;0;231;1953;231;1953;231;1767;1;-
2026/05/08;17:34:21;-;-; 53.72; 19.9;-; 70.1; 69.9; 1072.6; 541.7; 530.9;2329; 40.3; 19.9; 19.9;2130; 24.4;B;0;-;On;On;Off; 37.4; 36.8;0;231;1953;231;1953;231;1767;1;-
2026/05/08;17:35:21;-;-; 53.72; 18.9;-; 71.4; 69.9; 1018.5; 491.6; 526.9;2329; 40.1; 19.8; 19.8;2120; 24.4;B;0;-;On;On;Off; 37.4; 36.8;0;231;1953;231;1953;231;1767;1;-
2026/05/08;17:36:20;-;-; 53.76; 19.6;-; 70.1; 69.9; 1054.3; 532.6; 521.7;2329; 39.9; 19.7; 19.7;2110; 24.4;B;0;-;On;On;Off; 37.4; 36.7;0;232;1954;232;1954;232;1768;1;-
2026/05/08;17:37:20;-;-; 53.74; 18.3;-; 70.3; 71.1; 986.1; 525.9; 460.2;2329; 39.5; 19.5; 19.5;2087; 24.4;B;0;-;On;On;Off; 37.3; 36.7;0;232;1954;232;1954;232;1768;1;-
2026/05/08;17:38:20;-;-; 53.78; 19.3;-; 70.3; 70.0; 1037.7; 524.3; 513.4;2329; 39.0; 19.3; 19.3;2060; 24.5;B;0;-;On;On;Off; 37.2; 36.6;0;232;1954;232;1954;232;1768;1;-
2026/05/08;17:39:20;-;-; 53.83; 19.2;-; 70.3; 70.1; 1037.1; 524.0; 513.1;2329; 38.4; 19.0; 19.0;2027; 24.5;B;0;-;On;On;Off; 37.2; 36.6;0;232;1954;232;1954;233;1769;1;-
2026/05/08;17:40:20;-;-; 53.85; 19.2;-; 70.2; 70.0; 1036.3; 524.0; 512.4;2329; 38.6; 19.1; 19.1;2042; 24.5;B;0;-;On;On;Off; 37.2; 36.5;0;233;1955;233;1955;233;1769;1;-
2026/05/08;17:41:20;-;-; 53.85; 18.3;-; 71.6; 70.1; 989.0; 477.2; 511.8;2329; 38.6; 19.1; 19.1;2043; 24.5;B;0;-;On;On;Off; 37.1; 36.5;0;233;1955;233;1955;233;1769;1;-
2026/05/08;17:42:20;-;-; 53.89; 18.7;-; 71.1; 70.1; 1008.8; 507.0; 501.9;2330; 38.6; 19.1; 19.1;2042; 24.5;B;0;-;On;On;Off; 37.1; 36.5;0;233;1955;233;1955;234;1770;1;-
2026/05/08;17:43:20;-;-; 53.93; 18.9;-; 70.4; 70.2; 1020.4; 515.3; 505.2;2330; 38.3; 18.9; 18.9;2030; 24.5;B;0;-;On;On;Off; 37.0; 36.4;0;234;1956;234;1956;234;1770;1;-
2026/05/08;17:44:20;-;-; 53.97; 18.8;-; 70.5; 70.3; 1018.3; 513.5; 504.8;2330; 38.0; 18.8; 18.8;2014; 24.5;B;0;-;On;On;Off; 37.0; 36.3;0;234;1956;234;1956;234;1770;1;-
2026/05/08;17:45:20;-;-; 53.97; 18.7;-; 70.4; 70.2; 1011.0; 509.9; 501.2;2330; 37.8; 18.7; 18.7;2004; 24.5;B;0;-;On;On;Off; 36.9; 36.3;0;234;1956;234;1956;235;1771;1;-
2026/05/08;17:46:20;-;-; 54.01; 18.6;-; 70.5; 70.2; 1006.7; 508.1; 498.7;2330; 37.6; 18.6; 18.6;1995; 24.5;B;0;-;On;On;Off; 36.9; 36.3;0;235;1957;235;1957;235;1771;1;-
2026/05/08;17:47:20;-;-; 54.03; 18.5;-; 70.6; 70.2; 1001.7; 504.8; 496.9;2330; 37.3; 18.5; 18.5;1981; 24.6;B;0;-;On;On;Off; 36.8; 36.2;0;235;1957;235;1957;235;1771;1;-
2026/05/08;17:48:20;-;-; 54.05; 18.4;-; 70.6; 70.3; 998.4; 503.5; 494.8;2330; 37.2; 18.4; 18.4;1976; 24.6;B;0;-;On;On;Off; 36.8; 36.2;0;235;1957;235;1957;235;1771;1;-
2026/05/08;17:49:20;-;-; 54.07; 18.2;-; 70.7; 70.3; 987.5; 497.0; 490.5;2330; 37.0; 18.3; 18.3;1966; 24.6;B;0;-;On;On;Off; 36.7; 36.1;0;236;1958;236;1958;236;1772;1;-
2026/05/08;17:50:19;-;-; 54.07; 18.0;-; 70.6; 70.6; 973.7; 492.7; 481.1;2330; 36.7; 18.2; 18.2;1950; 24.6;B;0;-;On;On;Off; 36.7; 36.1;0;236;1958;236;1958;236;1772;1;-
2026/05/08;17:51:19;-;-; 54.11; 17.9;-; 70.7; 70.3; 969.7; 487.7; 481.9;2330; 36.3; 18.0; 18.0;1931; 24.6;B;0;-;On;On;Off; 36.7; 36.1;0;236;1958;236;1958;236;1772;1;-
2026/05/08;17:52:19;-;-; 54.11; 17.8;-; 70.7; 70.4; 964.6; 485.2; 479.4;2330; 36.0; 17.8; 17.8;1916; 24.6;B;0;-;On;On;Off; 36.6; 36.0;0;237;1959;237;1959;237;1773;1;-
2026/05/08;17:53:19;-;-; 54.13; 17.7;-; 70.6; 70.5; 962.0; 484.6; 477.4;2330; 35.8; 17.7; 17.7;1904; 24.7;B;0;-;On;On;Off; 36.6; 36.0;0;237;1959;237;1959;237;1773;1;-
2026/05/08;17:54:19;-;-; 54.17; 17.6;-; 70.7; 70.3; 956.6; 480.5; 476.1;2330; 35.6; 17.6; 17.6;1893; 24.7;B;0;-;On;On;Off; 36.5; 35.9;0;237;1959;237;1959;237;1773;1;-
2026/05/08;17:55:19;-;-; 54.15; 16.6;-; 72.0; 70.6; 899.6; 427.3; 472.3;2330; 35.4; 17.5; 17.5;1886; 24.7;B;0;-;On;On;Off; 36.5; 35.9;0;237;1959;237;1959;238;1774;1;-
2026/05/08;17:56:19;-;-; 54.19; 17.3;-; 70.9; 70.6; 940.5; 472.1; 468.5;2330; 35.2; 17.4; 17.4;1874; 24.7;B;0;-;On;On;Off; 36.5; 35.9;0;238;1960;238;1960;238;1774;1;-
2026/05/08;17:57:19;-;-; 54.23; 17.2;-; 70.7; 70.5; 936.5; 470.8; 465.7;2330; 34.9; 17.3; 17.3;1857; 24.7;B;0;-;On;On;Off; 36.4; 35.8;0;238;1960;238;1960;238;1774;1;-
2026/05/08;17:58:19;-;-; 54.23; 17.1;-; 70.8; 70.5; 926.7; 465.9; 460.8;2330; 34.6; 17.1; 17.1;1844; 24.7;B;0;-;On;On;Off; 36.3; 35.8;0;238;1960;238;1960;238;1774;1;-
2026/05/08;17:59:19;-;-; 54.25; 17.0;-; 71.0; 70.4; 922.3; 463.3; 459.0;2330; 34.3; 17.0; 17.0;1829; 24.7;B;0;-;On;On;Off; 36.3; 35.7;0;239;1961;239;1961;239;1775;1;-
2026/05/08;18:00:19;-;-; 54.27; 16.9;-; 70.8; 70.6; 917.2; 461.1; 456.0;2330; 34.0; 16.8; 16.8;1813; 24.7;B;0;-;On;On;Off; 36.3; 35.7;0;239;1961;239;1961;239;1775;1;-
2026/05/08;18:01:19;-;-; 54.27; 16.1;-; 70.9; 71.8; 873.5; 458.2; 415.3;2330; 33.6; 16.7; 16.7;1792; 24.7;B;0;-;On;On;Off; 36.2; 35.7;0;239;1961;239;1961;239;1775;1;-
2026/05/08;18:02:19;-;-; 54.33; 16.7;-; 70.8; 70.6; 909.1; 457.1; 452.0;2330; 33.7; 16.7; 16.7;1796; 24.7;B;0;-;On;On;Off; 36.2; 35.6;0;239;1961;239;1961;239;1775;1;-
2026/05/08;18:03:19;-;-; 54.37; 16.6;-; 70.9; 70.7; 903.1; 453.8; 449.4;2330; 33.5; 16.6; 16.6;1789; 24.7;B;0;-;On;On;Off; 36.2; 35.6;0;240;1962;240;1962;240;1776;1;-
2026/05/08;18:04:18;-;-; 54.37; 16.5;-; 71.0; 70.7; 899.8; 451.7; 448.1;2330; 33.3; 16.5; 16.5;1779; 24.7;B;0;-;On;On;Off; 36.1; 35.5;0;240;1962;240;1962;240;1776;1;-
2026/05/08;18:05:18;-;-; 54.41; 16.4;-; 71.0; 70.7; 895.8; 449.7; 446.1;2330; 33.1; 16.4; 16.4;1770; 24.7;B;0;-;On;On;Off; 36.1; 35.5;0;240;1962;240;1962;240;1776;1;-
2026/05/08;18:06:18;-;-; 54.43; 16.3;-; 70.9; 70.8; 887.0; 446.1; 440.9;2330; 32.9; 16.3; 16.3;1759; 24.7;B;0;-;On;On;Off; 36.1; 35.5;0;240;1962;240;1962;241;1777;1;-
2026/05/08;18:07:18;-;-; 54.43; 16.1;-; 71.0; 70.8; 880.1; 441.9; 438.2;2330; 32.7; 16.2; 16.2;1750; 24.7;B;0;-;On;On;Off; 36.0; 35.4;0;241;1963;241;1963;241;1777;1;-
2026/05/08;18:08:18;-;-; 54.47; 16.2;-; 71.0; 70.9; 883.2; 443.8; 439.4;2330; 32.3; 16.0; 16.0;1729; 24.7;B;0;-;On;On;Off; 36.0; 35.4;0;241;1963;241;1963;241;1777;1;-
2026/05/08;18:09:18;-;-; 54.49; 16.1;-; 71.0; 70.9; 877.3; 440.1; 437.2;2330; 32.5; 16.1; 16.1;1739; 24.7;B;0;-;On;On;Off; 36.0; 35.4;0;241;1963;241;1963;241;1777;1;-
2026/05/08;18:10:18;-;-; 54.51; 16.0;-; 71.0; 70.9; 872.1; 438.2; 433.9;2330; 32.3; 16.0; 16.0;1732; 24.7;B;0;-;On;On;Off; 35.9; 35.3;0;242;1964;242;1964;242;1778;1;-
2026/05/08;18:11:18;-;-; 54.53; 15.8;-; 71.1; 70.9; 861.1; 432.4; 428.7;2330; 32.0; 15.9; 15.9;1713; 24.7;B;0;-;On;On;Off; 35.9; 35.3;0;242;1964;242;1964;242;1778;1;-
2026/05/08;18:12:18;-;-; 54.49; 14.7;-; 71.2; 72.1; 804.2; 428.4; 375.8;2330; 31.6; 15.7; 15.7;1696; 24.7;B;0;-;On;On;Off; 35.9; 35.3;0;242;1964;242;1964;242;1778;1;-
2026/05/08;18:13:18;-;-; 54.49; 14.4;-; 72.5; 70.9; 787.7; 371.6; 416.1;2330; 31.4; 15.6; 15.6;1684; 24.7;B;0;-;On;On;Off; 35.8; 35.2;0;242;1964;242;1964;242;1778;1;-
2026/05/08;18:14:18;-;-; 54.49; 14.8;-; 71.0; 70.9; 804.9; 401.4; 403.6;2330; 30.8; 15.3; 15.3;1653; 24.7;B;0;-;On;On;Off; 35.8; 35.2;0;243;1965;243;1965;243;1779;1;-
2026/05/08;18:15:18;-;-; 54.47; 14.5;-; 71.1; 70.8; 790.3; 396.2; 394.1;2330; 30.0; 14.9; 14.9;1607; 24.8;B;0;-;On;On;Off; 35.7; 35.1;0;243;1965;243;1965;243;1779;1;-
2026/05/08;18:16:18;-;-; 54.49; 14.4;-; 71.1; 70.8; 787.4; 394.1; 393.4;2330; 29.1; 14.4; 14.4;1558; 24.7;B;0;-;On;On;Off; 35.7; 35.1;0;243;1965;243;1965;243;1779;1;-
2026/05/08;18:17:18;-;-; 54.51; 14.4;-; 71.1; 70.9; 786.5; 392.9; 393.6;2330; 28.8; 14.3; 14.3;1543; 24.8;B;0;-;On;On;Off; 35.6; 35.1;0;243;1965;243;1965;243;1779;1;-
2026/05/08;18:18:17;-;-; 54.54; 14.5;-; 71.2; 71.0; 790.0; 395.4; 394.6;2330; 28.6; 14.2; 14.2;1532; 24.7;B;0;-;On;On;Off; 35.6; 35.0;0;244;1966;244;1966;244;1780;1;-
2026/05/08;18:19:17;-;-; 54.64; 14.9;-; 71.3; 71.1; 813.9; 407.7; 406.2;2330; 29.0; 14.4; 14.4;1555; 24.8;B;0;-;On;On;Off; 35.6; 35.0;0;244;1966;244;1966;244;1780;1;-
2026/05/08;18:20:17;-;-; 54.64; 14.0;-; 72.7; 71.2; 767.7; 360.7; 407.0;2330; 29.6; 14.7; 14.7;1589; 24.8;B;0;-;On;On;Off; 35.6; 35.0;0;244;1966;244;1966;244;1780;1;-
2026/05/08;18:21:17;-;-; 54.70; 14.5;-; 71.4; 72.0; 795.7; 408.1; 387.6;2330; 29.7; 14.8; 14.8;1597; 24.8;B;0;-;On;On;Off; 35.5; 34.9;0;244;1966;244;1966;244;1780;1;-
2026/05/08;18:22:17;-;-; 54.74; 14.8;-; 71.4; 71.2; 812.7; 407.1; 405.6;2330; 29.6; 14.7; 14.7;1593; 24.8;B;0;-;On;On;Off; 35.5; 34.9;0;245;1967;245;1967;245;1781;1;-
2026/05/08;18:23:17;-;-; 54.74; 14.7;-; 71.4; 71.2; 805.3; 403.4; 401.9;2330; 29.7; 14.7; 14.7;1596; 24.8;B;0;-;On;On;Off; 35.5; 34.9;0;245;1967;245;1967;245;1781;1;-
2026/05/08;18:24:17;-;-; 54.78; 14.5;-; 71.5; 71.2; 797.6; 399.9; 397.7;2330; 29.4; 14.6; 14.6;1583; 24.8;B;0;-;On;On;Off; 35.5; 34.8;0;245;1967;245;1967;245;1781;1;-
2026/05/08;18:25:17;-;-; 54.78; 14.4;-; 71.5; 71.1; 791.7; 396.2; 395.5;2330; 29.1; 14.4; 14.4;1566; 24.8;B;0;-;On;On;Off; 35.4; 34.8;0;245;1967;245;1967;245;1781;1;-
2026/05/08;18:26:17;-;-; 54.80; 14.0;-; 72.6; 71.3; 767.7; 375.8; 392.0;2330; 28.8; 14.3; 14.3;1548; 24.8;B;0;-;On;On;Off; 35.4; 34.8;0;245;1967;245;1967;246;1782;1;-
2026/05/08;18:27:17;-;-; 54.78; 13.4;-; 72.7; 71.4; 736.5; 346.9; 389.6;2330; 28.7; 14.3; 14.3;1544; 24.8;B;0;-;On;On;Off; 35.4; 34.8;0;246;1968;246;1968;246;1782;1;-
2026/05/08;18:28:17;-;-; 54.84; 14.1;-; 71.5; 71.4; 773.4; 387.1; 386.4;2330; 28.5; 14.2; 14.2;1534; 24.8;B;0;-;On;On;Off; 35.3; 34.8;0;246;1968;246;1968;246;1782;1;-
2026/05/08;18:29:17;-;-; 54.86; 14.0;-; 71.7; 71.3; 767.1; 384.2; 382.8;2330; 28.2; 14.0; 14.0;1518; 24.8;B;0;-;On;On;Off; 35.3; 34.7;0;246;1968;246;1968;246;1782;1;-
2026/05/08;18:30:17;-;-; 54.84; 13.7;-; 71.6; 71.3; 753.8; 377.7; 376.2;2330; 27.9; 13.9; 13.9;1503; 24.8;B;0;-;On;On;Off; 35.3; 34.7;0;246;1968;246;1968;247;1783;1;-
2026/05/08;18:31:17;-;-; 54.82; 12.8;-; 71.6; 72.7; 702.5; 372.9; 329.6;2330; 27.5; 13.7; 13.7;1482; 24.8;B;0;-;On;On;Off; 35.2; 34.6;0;247;1969;247;1969;247;1783;1;-
2026/05/08;18:32:16;-;-; 54.86; 13.4;-; 71.5; 71.4; 733.9; 368.1; 365.8;2330; 27.1; 13.5; 13.5;1462; 24.8;B;0;-;On;On;Off; 35.2; 34.6;0;247;1969;247;1969;247;1783;1;-
2026/05/08;18:33:16;-;-; 54.86; 13.2;-; 71.4; 71.4; 726.6; 364.4; 362.2;2330; 26.8; 13.3; 13.3;1445; 24.8;B;0;-;On;On;Off; 35.2; 34.6;0;247;1969;247;1969;247;1783;1;-
2026/05/08;18:34:16;-;-; 54.84; 12.5;-; 72.9; 71.4; 684.4; 327.5; 356.9;2330; 26.4; 13.1; 13.1;1425; 24.8;B;0;-;On;On;Off; 35.1; 34.6;0;247;1969;247;1969;247;1783;1;-
2026/05/08;18:35:16;-;-; 54.86; 12.9;-; 71.7; 71.4; 709.9; 355.7; 354.2;2330; 26.1; 13.0; 13.0;1408; 24.8;B;0;-;On;On;Off; 35.1; 34.5;0;248;1970;248;1970;248;1784;1;-
2026/05/08;18:36:16;-;-; 54.88; 12.9;-; 71.6; 71.3; 706.2; 354.2; 352.0;2330; 25.8; 12.9; 12.9;1393; 24.8;B;0;-;On;On;Off; 35.1; 34.5;0;248;1970;248;1970;248;1784;1;-
2026/05/08;18:37:16;-;-; 54.92; 12.8;-; 71.7; 71.4; 705.2; 353.7; 351.5;2330; 25.6; 12.8; 12.8;1383; 24.8;B;0;-;On;On;Off; 35.1; 34.5;0;248;1970;248;1970;248;1784;1;-
2026/05/08;18:38:16;-;-; 54.94; 12.8;-; 71.7; 71.4; 705.5; 353.1; 352.4;2330; 25.5; 12.7; 12.7;1376; 24.8;B;0;-;On;On;Off; 35.0; 34.5;0;248;1970;248;1970;248;1784;1;-
2026/05/08;18:39:16;-;-; 54.94; 12.0;-; 71.6; 72.9; 661.3; 351.6; 309.6;2330; 25.4; 12.7; 12.7;1374; 24.8;B;0;-;On;On;Off; 35.0; 34.5;0;248;1970;248;1970;249;1785;1;-
2026/05/08;18:40:16;-;-; 55.00; 12.7;-; 71.8; 71.8; 697.4; 351.3; 346.1;2330; 25.4; 12.7; 12.7;1373; 24.8;B;0;-;On;On;Off; 35.0; 34.4;0;249;1971;249;1971;249;1785;1;-
2026/05/08;18:41:16;-;-; 55.00; 12.6;-; 71.8; 71.5; 696.2; 349.2; 347.0;2330; 25.4; 12.6; 12.6;1371; 24.8;B;0;-;On;On;Off; 34.9; 34.4;0;249;1971;249;1971;249;1785;1;-
2026/05/08;18:42:16;-;-; 55.02; 12.5;-; 71.9; 71.6; 687.6; 345.6; 341.9;2331; 25.1; 12.5; 12.5;1359; 24.8;B;0;-;On;On;Off; 34.9; 34.3;0;249;1971;249;1971;249;1785;1;-
2026/05/08;18:43:16;-;-; 55.02; 12.3;-; 71.8; 71.6; 680.0; 341.8; 338.1;2331; 25.0; 12.4; 12.4;1350; 24.8;B;0;-;On;On;Off; 34.9; 34.3;0;249;1971;249;1971;249;1785;1;-
2026/05/08;18:44:16;-;-; 55.04; 12.1;-; 72.1; 71.6; 665.4; 331.6; 333.8;2331; 24.6; 12.2; 12.2;1329; 24.9;B;0;-;On;On;Off; 34.9; 34.3;0;249;1971;249;1971;250;1786;1;-
2026/05/08;18:45:16;-;-; 55.00; 11.3;-; 73.0; 71.6; 620.9; 291.6; 329.3;2331; 24.3; 12.1; 12.1;1316; 24.9;B;0;-;On;On;Off; 34.8; 34.3;0;250;1972;250;1972;250;1786;1;-
2026/05/08;18:46:16;-;-; 55.06; 12.0;-; 72.0; 71.5; 659.0; 331.0; 328.0;2331; 24.0; 12.0; 12.0;1300; 24.9;B;0;-;On;On;Off; 34.8; 34.3;0;250;1972;250;1972;250;1786;1;-
2026/05/08;18:47:15;-;-; 55.06; 11.8;-; 71.9; 71.6; 651.8; 326.6; 325.2;2331; 23.8; 11.9; 11.9;1288; 24.9;B;0;-;On;On;Off; 34.8; 34.2;0;250;1972;250;1972;250;1786;1;-
2026/05/08;18:48:15;-;-; 55.06; 11.7;-; 72.1; 71.6; 643.0; 322.2; 320.7;2331; 23.5; 11.7; 11.7;1274; 24.9;B;0;-;On;On;Off; 34.8; 34.2;0;250;1972;250;1972;250;1786;1;-
2026/05/08;18:49:15;-;-; 55.06; 11.5;-; 71.9; 71.6; 632.6; 317.0; 315.5;2331; 23.3; 11.6; 11.6;1260; 24.9;B;0;-;On;On;Off; 34.7; 34.2;0;250;1972;250;1972;251;1787;1;-
2026/05/08;18:50:15;-;-; 55.08; 11.5;-; 72.0; 71.6; 632.8; 317.2; 315.7;2331; 22.9; 11.4; 11.4;1240; 24.9;B;0;-;On;On;Off; 34.7; 34.2;0;251;1973;251;1973;251;1787;1;-
2026/05/08;18:51:15;-;-; 55.08; 11.3;-; 71.9; 71.7; 625.2; 313.3; 311.9;2331; 22.7; 11.4; 11.4;1231; 24.9;B;0;-;On;On;Off; 34.7; 34.2;0;251;1973;251;1973;251;1787;1;-
2026/05/08;18:52:15;-;-; 55.08; 11.1;-; 72.0; 71.7; 614.1; 308.2; 306.0;2331; 22.5; 11.2; 11.2;1216; 24.9;B;0;-;On;On;Off; 34.7; 34.1;0;251;1973;251;1973;251;1787;1;-
2026/05/08;18:53:15;-;-; 55.08; 11.0;-; 71.9; 71.6; 606.2; 303.9; 302.4;2331; 22.2; 11.1; 11.1;1204; 24.9;B;0;-;On;On;Off; 34.6; 34.1;0;251;1973;251;1973;251;1787;1;-
2026/05/08;18:54:15;-;-; 55.06; 10.1;-; 73.2; 71.7; 558.5; 260.0; 298.5;2331; 21.9; 10.9; 10.9;1183; 25.0;B;0;-;On;On;Off; 34.6; 34.0;0;251;1973;251;1973;251;1787;1;-
2026/05/08;18:55:15;-;-; 55.08; 10.8;-; 71.9; 71.6; 597.5; 300.3; 297.3;2331; 21.6; 10.8; 10.8;1170; 24.9;B;0;-;On;On;Off; 34.6; 34.0;0;252;1974;252;1974;252;1788;1;-
2026/05/08;18:56:15;-;-; 55.10; 10.6;-; 72.0; 71.7; 586.5; 294.4; 292.1;2331; 21.5; 10.7; 10.7;1162; 25.0;B;0;-;On;On;Off; 34.6; 34.0;0;252;1974;252;1974;252;1788;1;-
2026/05/08;18:57:15;-;-; 55.08; 10.3;-; 71.9; 71.7; 570.5; 286.8; 283.8;2331; 21.2; 10.6; 10.6;1148; 24.9;B;0;-;On;On;Off; 34.5; 34.0;0;252;1974;252;1974;252;1788;1;-
2026/05/08;18:58:15;-;-; 55.06; 9.8;-; 71.8; 72.7; 540.0; 287.4; 252.6;2331; 20.7; 10.3; 10.3;1119; 24.9;B;0;-;On;On;Off; 34.5; 34.0;0;252;1974;252;1974;252;1788;1;-
2026/05/08;18:59:15;-;-; 55.10; 10.3;-; 71.9; 71.6; 567.0; 284.7; 282.4;2331; 20.3; 10.2; 10.2;1099; 24.9;B;0;-;On;On;Off; 34.5; 34.0;0;252;1974;252;1974;252;1788;1;-
2026/05/08;19:00:15;-;-; 55.10; 10.2;-; 71.9; 71.8; 561.1; 282.4; 278.7;2331; 20.3; 10.2; 10.2;1100; 24.9;B;0;-;On;On;Off; 34.5; 33.9;0;252;1974;252;1974;253;1789;1;-
2026/05/08;19:01:14;-;-; 55.10; 9.9;-; 71.9; 71.8; 548.6; 278.0; 270.6;2331; 20.2; 10.1; 10.1;1093; 24.9;B;0;-;On;On;Off; 34.5; 33.9;0;253;1975;253;1975;253;1789;1;-
2026/05/08;19:02:14;-;-; 55.10; 9.8;-; 71.8; 71.7; 541.2; 272.1; 269.1;2331; 19.9; 10.0; 10.0;1079; 25.0;B;0;-;On;On;Off; 34.4; 33.9;0;253;1975;253;1975;253;1789;1;-
2026/05/08;19:03:14;-;-; 55.12; 9.8;-; 71.9; 71.7; 541.4; 272.2; 269.2;2331; 19.5; 9.8; 9.8;1054; 25.0;B;0;-;On;On;Off; 34.4; 33.9;0;253;1975;253;1975;253;1789;1;-
2026/05/08;19:04:14;-;-; 55.12; 9.7;-; 71.9; 71.6; 535.4; 269.2; 266.3;2331; 19.3; 9.7; 9.7;1046; 25.0;B;0;-;On;On;Off; 34.4; 33.8;0;253;1975;253;1975;253;1789;1;-
2026/05/08;19:05:14;-;-; 55.12; 9.6;-; 72.0; 71.7; 532.7; 267.1; 265.6;2331; 19.2; 9.6; 9.6;1041; 25.0;B;0;-;On;On;Off; 34.4; 33.8;0;253;1975;253;1975;253;1789;1;-
2026/05/08;19:06:14;-;-; 55.14; 9.5;-; 72.0; 71.8; 522.1; 261.8; 260.3;2331; 19.0; 9.5; 9.5;1029; 25.0;B;0;-;On;On;Off; 34.3; 33.8;0;253;1975;253;1975;254;1790;1;-
2026/05/08;19:07:14;-;-; 55.08; 8.7;-; 71.9; 73.1; 478.9; 258.7; 220.2;2331; 18.8; 9.4; 9.4;1018; 25.0;B;0;-;On;On;Off; 34.3; 33.8;0;254;1976;254;1976;254;1790;1;-
2026/05/08;19:08:14;-;-; 55.12; 9.3;-; 71.9; 71.6; 512.7; 257.5; 255.3;2331; 18.5; 9.3; 9.3;1002; 25.0;B;0;-;On;On;Off; 34.3; 33.7;0;254;1976;254;1976;254;1790;1;-
2026/05/08;19:09:14;-;-; 55.12; 9.2;-; 72.0; 71.8; 505.1; 253.7; 251.5;2331; 18.3; 9.2; 9.2;994; 25.0;B;0;-;On;On;Off; 34.3; 33.7;0;254;1976;254;1976;254;1790;1;-
2026/05/08;19:10:14;-;-; 55.12; 9.0;-; 71.8; 71.7; 497.0; 250.0; 247.0;2331; 18.2; 9.1; 9.1;984; 25.0;B;0;-;On;On;Off; 34.3; 33.7;0;254;1976;254;1976;254;1790;1;-
2026/05/08;19:11:14;-;-; 55.10; 8.8;-; 71.9; 71.7; 487.9; 244.7; 243.2;2331; 17.7; 8.9; 8.9;961; 25.0;B;0;-;On;On;Off; 34.2; 33.7;0;254;1976;254;1976;254;1790;1;-
2026/05/08;19:12:14;-;-; 55.08; 8.6;-; 71.8; 71.6; 476.7; 239.4; 237.2;2331; 17.4; 8.7; 8.7;941; 25.0;B;0;-;On;On;Off; 34.2; 33.7;0;254;1976;254;1976;254;1790;1;-
2026/05/08;19:13:14;-;-; 55.08; 8.6;-; 71.9; 71.7; 473.0; 237.2; 235.7;2331; 17.1; 8.6; 8.6;927; 25.0;B;0;-;On;On;Off; 34.2; 33.7;0;254;1976;254;1976;255;1791;1;-
2026/05/08;19:14:14;-;-; 55.06; 8.4;-; 71.9; 71.8; 465.4; 234.2; 231.2;2331; 16.9; 8.5; 8.5;914; 25.0;B;0;-;On;On;Off; 34.2; 33.6;0;255;1977;255;1977;255;1791;1;-
2026/05/08;19:15:14;-;-; 55.08; 8.4;-; 71.8; 71.7; 464.1; 232.8; 231.3;2331; 16.7; 8.4; 8.4;905; 25.0;B;0;-;On;On;Off; 34.2; 33.6;0;255;1977;255;1977;255;1791;1;-
2026/05/08;19:16:13;-;-; 55.10; 8.4;-; 72.0; 71.6; 462.8; 232.9; 229.9;2331; 16.5; 8.3; 8.3;896; 25.0;B;0;-;On;On;Off; 34.1; 33.6;0;255;1977;255;1977;255;1791;1;-
2026/05/08;19:17:13;-;-; 55.12; 8.3;-; 71.8; 71.8; 459.2; 230.7; 228.5;2331; 16.4; 8.3; 8.3;889; 25.0;B;0;-;On;On;Off; 34.1; 33.6;0;255;1977;255;1977;255;1791;1;-
2026/05/08;19:18:13;-;-; 55.10; 8.2;-; 71.9; 71.7; 451.8; 227.0; 224.8;2331; 16.4; 8.3; 8.3;887; 25.0;B;0;-;On;On;Off; 34.1; 33.6;0;255;1977;255;1977;255;1791;1;-
2026/05/08;19:19:13;-;-; 55.10; 8.1;-; 71.8; 71.7; 448.0; 225.5; 222.5;2331; 16.2; 8.2; 8.2;877; 24.9;B;0;-;On;On;Off; 34.1; 33.6;0;255;1977;255;1977;255;1791;1;-
2026/05/08;19:20:13;-;-; 55.08; 7.5;-; 72.8; 71.6; 415.3; 197.3; 218.0;2331; 16.0; 8.1; 8.1;866; 25.0;B;0;-;On;On;Off; 34.1; 33.5;0;255;1977;255;1977;256;1792;1;-
2026/05/08;19:21:13;-;-; 55.06; 7.8;-; 71.7; 71.7; 430.9; 216.5; 214.3;2331; 15.7; 7.9; 7.9;850; 25.0;B;0;-;On;On;Off; 34.0; 33.5;0;256;1978;256;1978;256;1792;1;-
2026/05/08;19:22:13;-;-; 55.06; 7.6;-; 71.8; 71.6; 420.4; 211.3; 209.1;2331; 15.4; 7.8; 7.8;832; 25.0;B;0;-;On;On;Off; 34.0; 33.5;0;256;1978;256;1978;256;1792;1;-
2026/05/08;19:23:13;-;-; 55.04; 7.5;-; 71.8; 71.6; 415.2; 208.3; 206.9;2331; 15.0; 7.6; 7.6;813; 25.0;B;0;-;On;On;Off; 34.0; 33.5;0;256;1978;256;1978;256;1792;1;-
2026/05/08;19:24:13;-;-; 55.06; 7.5;-; 71.8; 71.6; 413.0; 207.6; 205.4;2331; 14.8; 7.5; 7.5;801; 25.0;B;0;-;On;On;Off; 34.0; 33.4;0;256;1978;256;1978;256;1792;1;-
2026/05/08;19:25:13;-;-; 55.04; 7.4;-; 71.9; 71.6; 409.1; 206.0; 203.1;2331; 14.7; 7.4; 7.4;794; 25.0;B;0;-;On;On;Off; 34.0; 33.4;0;256;1978;256;1978;256;1792;1;-
2026/05/08;19:26:13;-;-; 55.04; 7.0;-; 71.8; 72.7; 386.2; 207.5; 178.7;2331; 14.6; 7.4; 7.4;788; 25.0;B;0;-;On;On;Off; 34.0; 33.4;0;256;1978;256;1978;256;1792;1;-
2026/05/08;19:27:13;-;-; 55.06; 6.9;-; 73.1; 71.6; 381.9; 180.2; 201.7;2331; 14.6; 7.4; 7.4;788; 25.0;B;0;-;On;On;Off; 34.0; 33.4;0;256;1978;256;1978;256;1792;1;-
2026/05/08;19:28:13;-;-; 55.08; 7.2;-; 71.9; 71.7; 399.1; 201.0; 198.1;2331; 14.5; 7.3; 7.3;784; 25.0;B;0;-;On;On;Off; 33.9; 33.4;0;256;1978;256;1978;257;1793;1;-
2026/05/08;19:29:13;-;-; 55.08; 7.2;-; 72.0; 71.7; 396.7; 200.2; 196.5;2331; 14.2; 7.2; 7.2;770; 25.0;B;0;-;On;On;Off; 33.9; 33.4;0;257;1979;257;1979;257;1793;1;-
2026/05/08;19:30:12;-;-; 55.06; 7.1;-; 71.8; 71.7; 391.7; 197.3; 194.4;2331; 14.1; 7.1; 7.1;760; 25.0;B;0;-;On;On;Off; 33.9; 33.4;0;257;1979;257;1979;257;1793;1;-
2026/05/08;19:31:12;-;-; 55.06; 7.0;-; 71.8; 71.8; 384.1; 193.5; 190.6;2331; 13.9; 7.1; 7.1;755; 25.0;B;0;-;On;On;Off; 33.9; 33.3;0;257;1979;257;1979;257;1793;1;-
2026/05/08;19:32:12;-;-; 55.04; 6.4;-; 71.8; 72.9; 354.5; 192.0; 162.5;2331; 13.7; 7.0; 7.0;742; 25.0;B;0;-;On;On;Off; 33.9; 33.3;0;257;1979;257;1979;257;1793;1;-
2026/05/08;19:33:12;-;-; 55.02; 6.6;-; 71.8; 71.6; 365.5; 180.9; 184.6;2331; 13.5; 6.8; 6.8;730; 25.0;B;0;-;On;On;Off; 33.9; 33.3;0;257;1979;257;1979;257;1793;1;-
2026/05/08;19:34:12;-;-; 55.00; 6.4;-; 71.8; 71.6; 355.0; 185.2; 169.7;2331; 13.3; 6.7; 6.7;717; 25.0;B;0;-;On;On;Off; 33.9; 33.3;0;257;1979;257;1979;257;1793;1;-
2026/05/08;19:35:12;-;-; 54.92; 6.1;-; 71.6; 71.6; 335.3; 182.8; 152.5;2331; 12.8; 6.5; 6.5;691; 25.0;B;0;-;On;On;Off; 33.8; 33.3;0;257;1979;257;1979;257;1793;1;-
2026/05/08;19:36:12;-;-; 54.88; 6.0;-; 71.6; 71.4; 328.4; 179.7; 148.7;2331; 12.1; 6.2; 6.2;652; 25.0;B;0;-;On;On;Off; 33.8; 33.3;0;257;1979;257;1979;257;1793;1;-
2026/05/08;19:37:12;-;-; 54.84; 5.8;-; 71.6; 71.4; 317.8; 178.0; 139.8;2331; 11.7; 6.0; 6.0;630; 25.0;B;0;-;On;On;Off; 33.8; 33.3;0;257;1979;257;1979;258;1794;1;-
2026/05/08;19:38:12;-;-; 54.76; 5.4;-; 71.5; 71.5; 297.0; 177.1; 119.8;2331; 11.4; 5.8; 5.8;614; 25.0;B;0;-;On;On;Off; 33.8; 33.3;0;258;1980;258;1980;258;1794;1;-
2026/05/08;19:39:12;-;-; 54.62; 4.9;-; 71.3; 71.1; 265.4; 173.7; 91.7;2331; 10.8; 5.5; 5.5;582; 25.0;B;0;-;On;On;Off; 33.7; 33.3;0;258;1980;258;1980;258;1794;1;-
2026/05/08;19:40:12;-;-; 54.53; 4.5;-; 71.2; 70.9; 245.1; 169.0; 76.1;2331; 9.7; 5.0; 5.0;519; 25.0;B;0;-;On;On;Off; 33.7; 33.3;0;258;1980;258;1980;258;1794;1;-
2026/05/08;19:41:12;-;-; 54.45; 4.4;-; 71.0; 71.4; 241.8; 168.0; 73.8;2331; 8.8; 4.6; 4.6;474; 25.0;B;0;-;On;On;Off; 33.7; 33.2;0;258;1980;258;1980;258;1794;1;-
2026/05/08;19:42:12;-;-; 54.39; 4.3;-; 71.0; 70.8; 233.5; 161.3; 72.2;2332; 8.4; 4.4; 4.4;451; 25.0;B;0;-;On;On;Off; 33.7; 33.2;0;258;1980;258;1980;258;1794;1;-
2026/05/08;19:43:12;-;-; 54.37; 4.2;-; 70.9; 70.8; 231.1; 159.7; 71.5;2332; 8.2; 4.3; 4.3;439; 25.0;B;0;-;On;On;Off; 33.7; 33.2;0;258;1980;258;1980;258;1794;1;-
2026/05/08;19:44:12;-;-; 54.33; 4.2;-; 71.0; 70.8; 226.7; 155.3; 71.4;2332; 8.0; 4.2; 4.2;429; 25.0;B;0;-;On;On;Off; 33.7; 33.2;0;258;1980;258;1980;258;1794;1;-
2026/05/08;19:45:11;-;-; 54.33; 4.1;-; 70.9; 70.7; 223.7; 153.7; 69.9;2332; 8.0; 4.2; 4.2;425; 25.0;B;0;-;On;On;Off; 33.6; 33.1;0;258;1980;258;1980;258;1794;1;-
2026/05/08;19:46:11;-;-; 54.31; 4.0;-; 70.9; 70.8; 217.8; 148.6; 69.2;2332; 7.9; 4.1; 4.1;421; 25.0;B;0;-;On;On;Off; 33.6; 33.1;0;258;1980;258;1980;258;1794;1;-
2026/05/08;19:47:11;-;-; 54.25; 3.5;-; 72.8; 71.6; 189.9; 126.6; 63.3;2332; 7.7; 4.0; 4.0;409; 25.0;B;0;-;On;On;Off; 33.6; 33.1;0;258;1980;258;1980;258;1794;1;-
2026/05/08;19:48:11;-;-; 54.23; 3.5;-; 71.8; 71.7; 188.4; 128.8; 59.6;2332; 7.4; 3.9; 3.9;393; 25.0;B;0;-;On;On;Off; 33.6; 33.1;0;258;1980;258;1980;258;1794;1;-
2026/05/08;19:49:11;-;-; 54.23; 3.7;-; 70.8; 70.6; 202.3; 140.4; 61.9;2332; 7.3; 3.8; 3.8;386; 25.0;B;0;-;On;On;Off; 33.6; 33.1;0;258;1980;258;1980;258;1794;1;-
2026/05/08;19:50:11;-;-; 54.21; 3.7;-; 70.7; 70.6; 199.2; 139.6; 59.6;2332; 7.0; 3.7; 3.7;374; 25.0;B;0;-;On;On;Off; 33.6; 33.1;0;258;1980;258;1980;258;1794;1;-
2026/05/08;19:51:11;-;-; 54.17; 3.6;-; 70.7; 70.6; 196.2; 139.5; 56.7;2332; 6.9; 3.6; 3.6;369; 25.0;B;0;-;On;On;Off; 33.5; 33.0;0;258;1980;258;1980;259;1795;1;-
2026/05/08;19:52:11;-;-; 54.17; 3.6;-; 70.8; 70.5; 192.6; 138.1; 54.5;2332; 6.8; 3.6; 3.6;361; 25.0;B;0;-;On;On;Off; 33.5; 33.0;0;258;1980;258;1980;259;1795;1;-
2026/05/08;19:53:11;-;-; 54.15; 3.4;-; 70.7; 70.5; 184.5; 133.0; 51.6;2332; 6.7; 3.5; 3.5;357; 25.0;B;0;-;On;On;Off; 33.5; 33.0;0;259;1981;259;1981;259;1795;1;-
2026/05/08;19:54:11;-;-; 54.11; 3.3;-; 70.7; 70.4; 180.0; 129.9; 50.1;2332; 6.5; 3.4; 3.4;344; 25.0;B;0;-;On;On;Off; 33.5; 33.0;0;259;1981;259;1981;259;1795;1;-
2026/05/08;19:55:11;-;-; 54.09; 3.3;-; 70.5; 70.4; 177.1; 129.2; 47.9;2332; 6.2; 3.3; 3.3;331; 25.0;B;0;-;On;On;Off; 33.4; 33.0;0;259;1981;259;1981;259;1795;1;-
2026/05/08;19:56:11;-;-; 54.09; 3.2;-; 70.6; 70.4; 175.6; 128.4; 47.2;2332; 6.2; 3.3; 3.3;327; 25.0;B;0;-;On;On;Off; 33.4; 33.0;0;259;1981;259;1981;259;1795;1;-
2026/05/08;19:57:11;-;-; 54.07; 3.2;-; 70.5; 70.5; 173.3; 127.6; 45.7;2332; 6.1; 3.2; 3.2;322; 24.9;B;0;-;On;On;Off; 33.4; 32.9;0;259;1981;259;1981;259;1795;1;-
2026/05/08;19:58:11;-;-; 54.05; 3.1;-; 70.6; 70.4; 169.8; 125.5; 44.2;2332; 6.0; 3.2; 3.2;317; 24.9;B;0;-;On;On;Off; 33.4; 32.9;0;259;1981;259;1981;259;1795;1;-
2026/05/08;19:59:11;-;-; 54.05; 3.1;-; 70.6; 70.3; 166.8; 123.3; 43.5;2332; 5.9; 3.1; 3.1;312; 24.9;B;0;-;On;On;Off; 33.4; 32.9;0;259;1981;259;1981;259;1795;1;-
2026/05/08;20:00:10;-;-; 54.03; 3.0;-; 70.6; 70.3; 164.5; 121.8; 42.7;2332; 5.8; 3.1; 3.1;306; 24.9;B;0;-;On;On;Off; 33.4; 32.9;0;259;1981;259;1981;259;1795;1;-
2026/05/08;20:01:10;-;-; 54.01; 3.0;-; 70.5; 70.4; 163.0; 120.3; 42.7;2332; 5.7; 3.0; 3.0;300; 24.9;B;0;-;On;On;Off; 33.4; 32.9;0;259;1981;259;1981;259;1795;1;-
2026/05/08;20:02:10;-;-; 53.99; 3.0;-; 70.5; 70.3; 160.1; 117.3; 42.7;2332; 5.6; 3.0; 3.0;295; 24.9;B;0;-;On;On;Off; 33.3; 32.9;0;259;1981;259;1981;259;1795;1;-
2026/05/08;20:03:10;-;-; 53.97; 2.9;-; 70.6; 70.3; 157.2; 115.2; 42.0;2332; 5.5; 2.9; 2.9;291; 24.9;B;0;-;On;On;Off; 33.3; 32.9;0;259;1981;259;1981;259;1795;1;-
2026/05/08;20:04:10;-;-; 53.97; 2.8;-; 70.3; 70.2; 152.7; 111.5; 41.2;2332; 5.4; 2.9; 2.9;286; 24.9;B;0;-;On;On;Off; 33.3; 32.8;0;259;1981;259;1981;259;1795;1;-
2026/05/08;20:05:10;-;-; 53.95; 2.6;-; 70.3; 71.4; 141.1; 107.1; 34.0;2332; 5.2; 2.8; 2.8;278; 24.9;B;0;-;On;On;Off; 33.3; 32.8;0;259;1981;259;1981;259;1795;1;-
2026/05/08;20:06:10;-;-; 53.91; 2.7;-; 70.4; 70.2; 144.6; 104.2; 40.5;2332; 5.1; 2.8; 2.8;269; 24.9;B;0;-;On;On;Off; 33.3; 32.8;0;259;1981;259;1981;259;1795;1;-
2026/05/08;20:07:10;-;-; 53.91; 2.6;-; 70.5; 70.2; 142.5; 102.0; 40.5;2332; 5.0; 2.7; 2.7;262; 24.9;B;0;-;On;On;Off; 33.3; 32.8;0;259;1981;259;1981;259;1795;1;-
2026/05/08;20:08:10;-;-; 53.87; 2.4;-; 71.6; 70.2; 129.4; 89.6; 39.8;2332; 4.8; 2.6; 2.6;256; 24.9;B;0;-;On;On;Off; 33.3; 32.8;0;259;1981;259;1981;259;1795;1;-
2026/05/08;20:09:10;-;-; 53.87; 2.6;-; 70.4; 70.2; 138.0; 97.6; 40.4;2332; 4.7; 2.6; 2.6;250; 24.9;B;0;-;On;On;Off; 33.3; 32.8;0;259;1981;259;1981;259;1795;1;-
2026/05/08;20:10:10;-;-; 53.85; 2.3;-; 70.3; 71.4; 124.9; 94.6; 30.3;2332; 4.6; 2.5; 2.5;245; 24.9;B;0;-;On;On;Off; 33.2; 32.8;0;259;1981;259;1981;260;1796;1;-
2026/05/08;20:11:10;-;-; 53.85; 2.4;-; 70.3; 70.1; 131.4; 92.4; 39.0;2332; 4.5; 2.5; 2.5;238; 24.9;B;0;-;On;On;Off; 33.2; 32.8;0;259;1981;259;1981;260;1796;1;-
2026/05/08;20:12:10;-;-; 53.81; 2.4;-; 70.3; 70.0; 128.5; 89.5; 39.0;2332; 4.4; 2.4; 2.4;234; 24.9;B;0;-;On;On;Off; 33.2; 32.8;0;259;1981;259;1981;260;1796;1;-
2026/05/08;20:13:10;-;-; 53.79; 2.3;-; 70.2; 70.0; 124.9; 86.6; 38.2;2332; 4.2; 2.3; 2.3;224; 24.9;B;0;-;On;On;Off; 33.2; 32.8;0;260;1982;260;1982;260;1796;1;-
2026/05/08;20:14:09;-;-; 53.76; 2.3;-; 70.2; 70.2; 121.1; 82.9; 38.2;2332; 4.1; 2.3; 2.3;217; 24.9;B;0;-;On;On;Off; 33.2; 32.7;0;260;1982;260;1982;260;1796;1;-
2026/05/08;20:15:09;-;-; 53.72; 2.2;-; 70.1; 70.0; 117.4; 80.0; 37.4;2332; 4.0; 2.2; 2.2;208; 24.9;B;0;-;On;On;Off; 33.2; 32.7;0;260;1982;260;1982;260;1796;1;-
2026/05/08;20:16:09;-;-; 53.72; 2.1;-; 70.0; 69.9; 113.1; 75.7; 37.4;2332; 3.9; 2.2; 2.2;205; 24.9;B;0;-;On;On;Off; 33.2; 32.7;0;260;1982;260;1982;260;1796;1;-
2026/05/08;20:17:09;-;-; 53.68; 2.0;-; 70.0; 70.0; 108.7; 72.0; 36.7;2332; 3.8; 2.1; 2.1;200; 24.8;B;0;-;On;On;Off; 33.2; 32.7;0;260;1982;260;1982;260;1796;1;-
2026/05/08;20:18:09;-;-; 53.68; 2.0;-; 70.2; 69.8; 106.6; 70.6; 36.0;2332; 3.6; 2.0; 2.0;188; 24.9;B;0;-;On;On;Off; 33.1; 32.7;0;260;1982;260;1982;260;1796;1;-
2026/05/08;20:19:09;-;-; 53.64; 1.9;-; 70.1; 70.0; 100.7; 66.2; 34.5;2332; 3.5; 2.0; 2.0;184; 24.9;B;0;-;On;On;Off; 33.1; 32.7;0;260;1982;260;1982;260;1796;1;-
2026/05/08;20:20:09;-;-; 53.58; 1.7;-; 70.1; 69.8; 90.6; 57.5; 33.1;2332; 3.4; 1.9; 1.9;176; 24.9;B;0;-;On;On;Off; 33.1; 32.7;0;260;1982;260;1982;260;1796;1;-
2026/05/08;20:21:09;-;-; 53.52; 1.5;-; 69.9; 69.7; 81.1; 50.3; 30.9;2332; 3.0; 1.7; 1.7;157; 24.8;B;0;-;On;On;Off; 33.1; 32.6;0;260;1982;260;1982;260;1796;1;-
2026/05/08;20:22:09;-;-; 53.48; 1.5;-; 69.8; 69.8; 78.9; 48.0; 30.8;2332; 2.7; 1.6; 1.6;140; 24.8;B;0;-;On;On;Off; 33.1; 32.6;0;260;1982;260;1982;260;1796;1;-
2026/05/08;20:23:09;-;-; 53.42; 1.3;-; 69.8; 69.7; 71.6; 40.8; 30.8;2332; 2.5; 1.5; 1.5;129; 24.8;B;0;-;On;On;Off; 33.1; 32.6;0;260;1982;260;1982;260;1796;1;-
2026/05/08;20:24:09;-;-; 53.36; 1.2;-; 69.7; 69.5; 63.7; 32.9; 30.8;2332; 2.2; 1.3; 1.3;115; 24.8;B;0;-;On;On;Off; 33.1; 32.6;0;260;1982;260;1982;260;1796;1;-
2026/05/08;20:25:09;-;-; 53.30; 1.0;-; 70.8; 69.4; 55.0; 24.3; 30.7;2332; 1.9; 1.2; 1.2;99; 24.8;B;0;-;On;On;Off; 33.1; 32.6;0;260;1982;260;1982;260;1796;1;-
2026/05/08;20:26:09;-;-; 53.24; 1.1;-; 69.6; 69.4; 60.7; 30.7; 30.0;2332; 1.8; 1.2; 1.2;95; 24.8;B;0;-;On;On;Off; 33.1; 32.6;0;260;1982;260;1982;260;1796;1;-
2026/05/08;20:27:09;-;-; 53.22; 1.1;-; 69.5; 69.4; 57.8; 29.3; 28.6;2332; 1.7; 1.1; 1.1;91; 24.8;B;0;-;On;On;Off; 33.1; 32.5;0;260;1982;260;1982;260;1796;1;-
2026/05/08;20:28:09;-;-; 53.18; 1.1;-; 69.5; 69.2; 57.8; 29.2; 28.5;2332; 1.7; 1.1; 1.1;87; 24.8;B;0;-;On;On;Off; 33.0; 32.5;0;260;1982;260;1982;260;1796;1;-
2026/05/08;20:29:08;-;-; 53.16; 0.9;-; 70.6; 69.5; 48.4; 22.1; 26.4;2332; 1.6; 1.1; 1.1;86; 24.8;B;0;-;On;On;Off; 33.0; 32.5;0;260;1982;260;1982;260;1796;1;-
2026/05/08;20:30:08;-;-; 53.14; 1.0;-; 69.5; 70.3; 51.3; 27.8; 23.5;2332; 1.6; 1.0; 1.0;83; 24.8;B;0;-;On;On;Off; 33.0; 32.5;0;260;1982;260;1982;260;1796;1;-
2026/05/08;20:31:08;-;-; 53.12; 1.0;-; 69.4; 69.2; 54.9; 27.8; 27.1;2332; 1.6; 1.0; 1.0;82; 24.8;B;0;-;On;On;Off; 33.0; 32.5;0;260;1982;260;1982;260;1796;1;-
2026/05/08;20:32:08;-;-; 53.12; 1.0;-; 69.4; 69.2; 53.4; 27.1; 26.3;2332; 1.6; 1.0; 1.0;81; 24.8;B;0;-;On;On;Off; 33.0; 32.5;0;260;1982;260;1982;260;1796;1;-
2026/05/08;20:33:08;-;-; 53.08; 1.0;-; 69.4; 69.1; 51.9; 26.3; 25.6;2332; 1.5; 1.0; 1.0;78; 24.8;B;0;-;On;On;Off; 33.0; 32.5;0;260;1982;260;1982;260;1796;1;-
2026/05/08;20:34:08;-;-; 53.06; 0.9;-; 69.3; 70.2; 47.7; 26.3; 21.4;2332; 1.5; 1.0; 1.0;75; 24.8;B;0;-;On;On;Off; 33.0; 32.5;0;260;1982;260;1982;260;1796;1;-
2026/05/08;20:35:08;-;-; 53.06; 1.0;-; 69.3; 69.2; 50.5; 25.6; 24.9;2332; 1.4; 0.9; 0.9;72; 24.8;B;0;-;On;On;Off; 33.0; 32.5;0;260;1982;260;1982;260;1796;1;-
2026/05/08;20:36:08;-;-; 53.04; 0.9;-; 69.3; 69.2; 49.8; 25.6; 24.2;2332; 1.4; 0.9; 0.9;70; 24.8;B;0;-;On;On;Off; 33.0; 32.5;0;260;1982;260;1982;260;1796;1;-
2026/05/08;20:37:08;-;-; 53.03; 0.9;-; 69.2; 69.1; 49.1; 25.6; 23.5;2332; 1.4; 0.9; 0.9;70; 24.8;B;0;-;On;On;Off; 33.0; 32.5;0;260;1982;260;1982;260;1796;1;-
2026/05/08;20:38:08;-;-; 53.03; 0.9;-; 69.3; 69.0; 49.8; 25.6; 24.2;2332; 1.3; 0.9; 0.9;69; 24.8;B;0;-;On;On;Off; 33.0; 32.4;0;260;1982;260;1982;260;1796;1;-
2026/05/08;20:39:08;-;-; 53.01; 0.9;-; 69.2; 69.1; 48.4; 24.9; 23.5;2332; 1.3; 0.9; 0.9;68; 24.8;B;0;-;On;On;Off; 33.0; 32.4;0;260;1982;260;1982;260;1796;1;-
2026/05/08;20:40:08;-;-; 53.01; 0.9;-; 69.2; 69.0; 48.3; 24.9; 23.5;2332; 1.3; 0.9; 0.9;69; 24.8;B;0;-;On;On;Off; 32.9; 32.4;0;260;1982;260;1982;260;1796;1;-
2026/05/08;20:41:08;-;-; 53.01; 0.9;-; 69.2; 69.0; 47.6; 24.9; 22.7;2332; 1.3; 0.9; 0.9;69; 24.8;B;0;-;On;On;Off; 32.9; 32.4;0;260;1982;260;1982;260;1796;1;-
2026/05/08;20:42:08;-;-; 52.99; 0.8;-; 69.2; 70.2; 41.9; 24.1; 17.8;2333; 1.3; 0.9; 0.9;66; 24.7;B;0;-;On;On;Off; 32.9; 32.4;0;260;1982;260;1982;260;1796;1;-
2026/05/08;20:43:08;-;-; 52.97; 0.9;-; 69.1; 69.0; 46.1; 23.4; 22.7;2333; 1.2; 0.9; 0.9;64; 24.7;B;0;-;On;On;Off; 32.9; 32.4;0;260;1982;260;1982;260;1796;1;-
2026/05/08;20:44:07;-;-; 52.95; 0.9;-; 69.0; 68.9; 45.4; 23.4; 22.0;2333; 1.2; 0.9; 0.9;62; 24.7;B;0;-;On;On;Off; 32.9; 32.4;0;260;1982;260;1982;260;1796;1;-
2026/05/08;20:45:07;-;-; 52.95; 0.9;-; 69.2; 68.9; 45.4; 23.4; 22.0;2333; 1.1; 0.8; 0.8;59; 24.7;B;0;-;On;On;Off; 32.9; 32.4;0;260;1982;260;1982;260;1796;1;-
2026/05/08;20:46:07;-;-; 52.95; 0.8;-; 69.1; 69.0; 44.0; 22.7; 21.3;2333; 1.1; 0.8; 0.8;58; 24.7;B;0;-;On;On;Off; 32.9; 32.4;0;260;1982;260;1982;260;1796;1;-
2026/05/08;20:47:07;-;-; 52.93; 0.6;-; 70.0; 70.2; 33.3; 17.7; 15.6;2333; 1.1; 0.8; 0.8;59; 24.7;B;0;-;On;On;Off; 32.9; 32.4;0;260;1982;260;1982;260;1796;1;-
2026/05/08;20:48:07;-;-; 52.93; 0.8;-; 69.1; 68.9; 42.5; 22.0; 20.6;2333; 1.1; 0.8; 0.8;55; 24.7;B;0;-;On;On;Off; 32.9; 32.4;0;260;1982;260;1982;260;1796;1;-
2026/05/08;20:49:07;-;-; 52.89; 0.7;-; 70.1; 68.9; 38.3; 17.7; 20.6;2333; 1.1; 0.8; 0.8;56; 24.7;B;0;-;On;On;Off; 32.9; 32.4;0;260;1982;260;1982;260;1796;1;-
2026/05/08;20:50:07;-;-; 52.89; 0.7;-; 69.0; 70.1; 36.9; 21.3; 15.6;2333; 1.0; 0.8; 0.8;52; 24.7;B;0;-;On;On;Off; 32.9; 32.4;0;260;1982;260;1982;260;1796;1;-
2026/05/08;20:51:07;-;-; 52.89; 0.8;-; 69.1; 68.9; 41.1; 21.3; 19.9;2333; 1.0; 0.8; 0.8;54; 24.7;B;0;-;On;On;Off; 32.9; 32.3;0;260;1982;260;1982;260;1796;1;-
2026/05/08;20:52:07;-;-; 52.87; 0.7;-; 69.2; 68.9; 38.2; 19.1; 19.1;2333; 1.0; 0.7; 0.7;50; 24.7;B;0;-;On;On;Off; 32.9; 32.3;0;260;1982;260;1982;260;1796;1;-
2026/05/08;20:53:07;-;-; 52.85; 0.7;-; 69.1; 68.8; 39.0; 19.9; 19.1;2333; 0.9; 0.7; 0.7;47; 24.7;B;0;-;On;On;Off; 32.9; 32.3;0;260;1982;260;1982;260;1796;1;-
2026/05/08;20:54:07;-;-; 52.87; 0.7;-; 68.9; 68.9; 38.3; 19.8; 18.4;2333; 0.9; 0.7; 0.7;47; 24.7;B;0;-;On;On;Off; 32.9; 32.3;0;260;1982;260;1982;260;1796;1;-
2026/05/08;20:55:07;-;-; 52.85; 0.7;-; 68.9; 68.9; 38.3; 19.8; 18.4;2333; 0.9; 0.7; 0.7;45; 24.7;B;0;-;On;On;Off; 32.8; 32.3;0;260;1982;260;1982;260;1796;1;-
2026/05/08;20:56:07;-;-; 52.83; 0.4;-; 69.0; 71.4; 19.8; 19.1; 0.7;2333; 0.9; 0.7; 0.7;45; 24.7;B;0;-;On;On;Off; 32.7; 30.5;0;260;1982;260;1982;260;1796;1;-
2026/05/08;20:57:07;-;-; 52.81; 0.7;-; 69.0; 68.8; 36.1; 18.4; 17.7;2333; 0.4; 0.4; 0.4;21; 24.7;B;0;-;On;On;Off; 32.4; 30.3;0;260;1982;260;1982;260;1796;1;-
2026/05/08;20:58:06;-;-; 52.81; 0.7;-; 68.9; 68.7; 34.7; 17.7; 17.0;2333; 0.5; 0.4; 0.4;26; 24.7;B;0;-;On;On;Off; 32.5; 31.9;0;260;1982;260;1982;260;1796;1;-
2026/05/08;20:59:06;-;-; 52.79; 0.0;-; 71.5; 71.2; 0.7; 0.0; 0.7;2333; 0.7; 0.6; 0.6;38; 24.7;B;0;-;On;On;Off; 31.3; 30.7;0;260;1982;260;1982;260;1796;1;-
2026/05/08;21:00:06;-;-; 52.75; 0.0;-; 71.3; 71.2; 0.7; 0.0; 0.7;2333; 0.3; 0.2; 0.2;13; 24.7;B;0;-;On;On;Off; 30.2; 29.8;0;260;1982;260;1982;260;1796;1;-
2026/05/08;21:01:06;-;-; 52.75; 0.6;-; 68.9; 68.7; 33.2; 17.0; 16.3;2333;-0.0; 0.0; 0.0;-2; 24.7;B;0;-;On;On;Off; 31.7; 31.2;0;260;1982;260;1982;260;1796;1;-
2026/05/08;21:02:06;-;-; 52.77; 0.0;-; 71.2; 71.2; 0.7; 0.0; 0.7;2333; 0.6; 0.6; 0.6;31; 24.7;B;0;-;On;On;Off; 32.1; 31.5;0;260;1982;260;1982;261;1797;1;-
2026/05/08;21:03:06;-;-; 52.73; 0.0;-; 71.1; 71.0; 0.7; 0.0; 0.7;2333; 0.5; 0.4; 0.4;24; 24.7;B;0;-;On;On;Off; 30.1; 29.6;0;260;1982;260;1982;261;1797;1;-
2026/05/08;21:04:06;-;-; 52.73; 0.6;-; 68.9; 68.6; 31.8; 16.3; 15.5;2333;-0.0; 0.0; 0.0;-2; 24.7;B;0;-;On;On;Off; 30.8; 30.4;0;260;1982;260;1982;261;1797;1;-
2026/05/08;21:05:06;-;-; 52.73; 0.6;-; 68.8; 68.7; 30.4; 15.5; 14.8;2333; 0.3; 0.3; 0.3;15; 24.7;B;0;-;On;On;Off; 31.7; 31.2;0;260;1982;260;1982;261;1797;1;-
2026/05/08;21:06:06;-;-; 52.73; 0.0;-; 71.1; 70.8; 0.7; 0.0; 0.7;2333; 0.6; 0.6; 0.6;31; 24.6;B;0;-;On;On;Off; 30.1; 29.6;0;260;1982;260;1982;261;1797;1;-
2026/05/08;21:07:06;-;-; 52.69; 0.1;-; 70.9; 70.8; 2.8; 2.1; 0.7;2333; 0.0; 0.1; 0.1;0; 24.6;B;0;-;On;On;Off; 29.5; 29.0;0;260;1982;260;1982;261;1797;1;-
2026/05/08;21:08:06;-;-; 52.71; 0.4;-; 68.8; 69.9; 22.6; 14.1; 8.4;2333; 0.0; 0.1; 0.1;2; 24.7;B;0;-;On;On;Off; 31.3; 30.8;0;260;1982;260;1982;261;1797;1;-
2026/05/08;21:09:06;-;-; 52.69; 0.0;-; 70.8; 70.5; 0.7; 0.0; 0.7;2333; 0.5; 0.5; 0.5;27; 24.6;B;0;-;On;On;Off; 30.6; 30.1;0;260;1982;260;1982;261;1797;1;-
2026/05/08;21:10:06;-;-; 52.67; 0.0;-; 70.6; 70.6; 0.7; 0.0; 0.7;2333; 0.2; 0.2; 0.2;11; 24.6;B;0;-;On;On;Off; 29.4; 29.0;0;260;1982;260;1982;261;1797;1;-
2026/05/08;21:11:06;-;-; 52.69; 0.5;-; 68.8; 68.5; 24.7; 12.0; 12.7;2333;-0.1; 0.0; 0.0;-2; 24.6;B;0;-;On;On;Off; 30.8; 30.3;0;260;1982;260;1982;261;1797;1;-
2026/05/08;21:12:06;-;-; 52.67; 0.5;-; 68.7; 68.5; 25.4; 12.7; 12.7;2333; 0.3; 0.4; 0.4;16; 24.6;B;0;-;On;On;Off; 31.3; 30.8;0;260;1982;260;1982;261;1797;1;-
2026/05/08;21:13:05;-;-; 52.67; 0.0;-; 70.5; 70.2; 0.7; 0.0; 0.7;2333; 0.3; 0.4; 0.4;16; 24.6;B;0;-;On;On;Off; 29.4; 29.0;0;260;1982;260;1982;261;1797;1;-
2026/05/08;21:14:05;-;-; 52.65; 0.3;-; 70.0; 68.6; 17.6; 6.3; 11.3;2333;-0.1; 0.0; 0.0;-3; 24.6;B;0;-;On;On;Off; 29.8; 29.4;0;260;1982;260;1982;261;1797;1;-
2026/05/08;21:15:05;-;-; 52.65; 0.4;-; 68.7; 68.6; 21.9; 11.3; 10.6;2333; 0.1; 0.2; 0.2;5; 24.6;B;0;-;On;On;Off; 31.1; 30.5;0;260;1982;260;1982;261;1797;1;-
2026/05/08;21:16:05;-;-; 52.63; 0.0;-; 70.2; 69.9; 0.0; 0.0; 0.0;2333; 0.3; 0.4; 0.4;15; 24.6;B;0;-;On;On;Off; 29.6; 29.1;0;260;1982;260;1982;261;1797;1;-
2026/05/08;21:17:05;-;-; 52.65; 0.0;-; 70.1; 69.9; 0.0; 0.0; 0.0;2333;-0.0; 0.1; 0.1;0; 24.6;B;0;-;On;On;Off; 28.9; 28.5;0;260;1982;260;1982;261;1797;1;-
2026/05/08;21:18:05;-;-; 52.63; 0.4;-; 68.6; 68.5; 19.0; 9.9; 9.2;2333;-0.0; 0.0; 0.0;-1; 24.6;B;0;-;On;On;Off; 30.7; 30.2;0;260;1982;260;1982;261;1797;1;-
2026/05/08;21:19:05;-;-; 52.61; 0.0;-; 69.8; 69.7; 0.7; 0.0; 0.7;2333; 0.2; 0.4; 0.4;11; 24.6;B;0;-;On;On;Off; 30.5; 29.9;0;260;1982;260;1982;261;1797;1;-
2026/05/08;21:20:05;-;-; 52.63; 0.0;-; 69.6; 69.5; 0.7; 0.0; 0.7;2333; 0.1; 0.2; 0.2;4; 24.6;B;0;-;On;On;Off; 28.9; 28.5;0;260;1982;260;1982;261;1797;1;-
2026/05/08;21:21:05;-;-; 52.61; 0.3;-; 68.6; 68.5; 15.5; 7.7; 7.7;2333;-0.1; 0.0; 0.0;-3; 24.6;B;0;-;On;On;Off; 30.2; 29.7;0;260;1982;260;1982;261;1797;1;-
2026/05/08;21:22:05;-;-; 52.59; 0.3;-; 68.6; 68.4; 15.5; 7.7; 7.7;2333; 0.1; 0.2; 0.2;3; 24.6;B;0;-;On;On;Off; 30.8; 30.4;0;260;1982;260;1982;261;1797;1;-
2026/05/08;21:23:05;-;-; 52.61; 0.0;-; 69.3; 69.1; 0.0; 0.0; 0.0;2333; 0.1; 0.3; 0.3;2; 24.5;B;0;-;On;On;Off; 29.1; 28.6;0;260;1982;260;1982;261;1797;1;-
2026/05/08;21:24:05;-;-; 52.59; 0.2;-; 68.7; 68.4; 12.6; 6.3; 6.3;2333;-0.1; 0.0; 0.0;-3; 24.5;B;0;-;On;On;Off; 28.9; 28.6;0;260;1982;260;1982;261;1797;1;-
2026/05/08;21:25:05;-;-; 52.57; 0.2;-; 68.6; 68.5; 12.6; 6.3; 6.3;2333;-0.1; 0.1; 0.1;-2; 24.5;B;0;-;On;On;Off; 30.6; 30.1;0;260;1982;260;1982;261;1797;1;-
2026/05/08;21:26:05;-;-; 52.57; 0.0;-; 68.7; 68.6; 0.7; 0.0; 0.7;2333;-0.1; 0.2; 0.2;-3; 24.5;B;0;-;On;On;Off; 29.4; 28.9;0;260;1982;260;1982;261;1797;1;-
2026/05/08;21:27:05;-;-; 52.59; 0.0;-; 68.8; 68.6; 0.7; 0.0; 0.7;2333;-0.1; 0.1; 0.1;-4; 24.5;B;0;-;On;On;Off; 28.6; 28.2;0;260;1982;260;1982;261;1797;1;-
2026/05/08;21:28:04;-;-; 52.57; 0.2;-; 68.6; 68.4; 10.5; 5.6; 4.9;2333;-0.1; 0.0; 0.0;-3; 24.5;B;0;-;On;On;Off; 30.3; 29.8;0;260;1982;260;1982;261;1797;1;-
2026/05/08;21:29:04;-;-; 52.55; 0.0;-; 68.2; 68.2; 0.0; 0.0; 0.0;2333;-0.1; 0.2; 0.2;-7; 24.5;B;0;-;On;On;Off; 30.6; 30.0;0;260;1982;260;1982;261;1797;1;-
2026/05/08;21:30:04;-;-; 52.59; 0.0;-; 68.1; 67.9; 0.7; 0.0; 0.7;2333;-0.2; 0.1; 0.1;-8; 24.5;B;0;-;On;On;Off; 28.7; 28.2;0;260;1982;260;1982;261;1797;1;-
2026/05/08;21:31:04;-;-; 52.53; 0.2;-; 68.5; 68.3; 8.4; 4.2; 4.2;2333;-0.1; 0.0; 0.0;-3; 24.5;B;0;-;On;On;Off; 29.6; 29.2;0;260;1982;260;1982;261;1797;1;-
2026/05/08;21:32:04;-;-; 52.51; 0.1;-; 69.9; 68.4; 4.2; 0.0; 4.2;2333;-0.2; 0.1; 0.1;-8; 24.5;B;0;-;On;On;Off; 30.5; 30.0;0;260;1982;260;1982;261;1797;1;-
2026/05/08;21:33:04;-;-; 52.55; 0.0;-; 67.4; 67.2; 0.7; 0.0; 0.7;2333;-0.3; 0.1; 0.1;-14; 24.5;B;0;-;On;On;Off; 28.9; 28.4;0;260;1982;260;1982;261;1797;1;-
2026/05/08;21:34:04;-;-; 52.55; 0.1;-; 68.7; 67.0; 2.8; 2.8; 0.0;2333;-0.1; 0.0; 0.0;-5; 24.5;B;0;-;On;On;Off; 28.4; 28.0;0;260;1982;260;1982;261;1797;1;-
2026/05/08;21:35:04;-;-; 52.55; 0.1;-; 68.6; 66.7; 2.8; 2.8; 0.0;2333;-0.1; 0.0; 0.0;-4; 24.5;B;0;-;On;On;Off; 30.1; 27.9;0;260;1982;260;1982;261;1797;1;-
2026/05/08;21:36:04;-;-; 52.55; 0.0;-; 66.6; 66.5; 0.7; 0.0; 0.7;2333;-0.2; 0.1; 0.1;-10; 24.5;B;0;-;On;On;Off; 29.0; 27.9;0;260;1982;260;1982;261;1797;1;-
2026/05/08;21:37:04;-;-; 52.57; 0.0;-; 66.5; 66.3; 0.7; 0.0; 0.7;2333;-0.2; 0.0; 0.0;-7; 24.5;B;0;-;On;On;Off; 28.1; 27.6;0;260;1982;260;1982;261;1797;1;-
2026/05/08;21:38:04;-;-; 52.55; 0.0;-; 66.3; 66.0; 0.0; 0.0; 0.0;2333;-0.1; 0.0; 0.0;-2; 24.5;B;0;-;On;On;Off; 28.0; 27.5;0;260;1982;260;1982;261;1797;1;-
2026/05/08;21:39:04;-;-; 52.57; 0.0;-; 66.1; 65.8; 0.7; 0.0; 0.7;2333;-0.1; 0.0; 0.0;-3; 24.5;B;0;-;On;On;Off; 27.8; 27.4;0;260;1982;260;1982;261;1797;1;-
2026/05/08;21:40:04;-;-; 52.57; 0.0;-; 66.0; 65.6; 0.0; 0.0; 0.0;2333;-0.1; 0.0; 0.0;-3; 24.5;B;0;-;On;On;Off; 27.6; 27.2;0;260;1982;260;1982;261;1797;1;-
2026/05/08;21:41:04;-;-; 52.55; 0.0;-; 65.8; 65.6; 0.0; 0.0; 0.0;2333;-0.1; 0.0; 0.0;-3; 24.5;B;0;-;On;On;Off; 27.6; 27.2;0;260;1982;260;1982;261;1797;1;-
2026/05/08;21:42:04;-;-; 52.55; 0.0;-; 65.5; 65.2; 0.7; 0.7; 0.0;2334;-0.1; 0.0; 0.0;-3; 24.5;B;0;-;On;On;Off; 27.5; 27.0;0;260;1982;260;1982;261;1797;1;-
2026/05/08;21:43:03;-;-; 52.55; 0.0;-; 65.2; 65.1; 0.7; 0.0; 0.7;2334;-0.1; 0.0; 0.0;-3; 24.5;B;0;-;On;On;Off; 27.3; 26.9;0;260;1982;260;1982;261;1797;1;-
2026/05/08;21:44:03;-;-; 52.57; 0.0;-; 65.1; 64.9; 0.7; 0.0; 0.7;2334;-0.1; 0.0; 0.0;-3; 24.5;B;0;-;On;On;Off; 27.2; 26.8;0;260;1982;260;1982;261;1797;1;-
2026/05/08;21:45:03;-;-; 52.55; 0.0;-; 64.8; 64.7; 0.7; 0.0; 0.7;2334;-0.1; 0.0; 0.0;-4; 24.5;B;0;-;On;On;Off; 27.2; 26.8;0;260;1982;260;1982;261;1797;1;-
2026/05/08;21:46:03;-;-; 52.55; 0.0;-; 64.6; 64.3; 0.0; 0.0; 0.0;2334;-0.1; 0.0; 0.0;-3; 24.4;B;0;-;On;On;Off; 27.1; 26.7;0;260;1982;260;1982;261;1797;1;-
2026/05/08;21:47:03;-;-; 52.55; 0.0;-; 64.3; 64.0; 0.7; 0.0; 0.7;2334;-0.1; 0.0; 0.0;-2; 24.5;B;0;-;On;On;Off; 27.0; 26.6;0;260;1982;260;1982;261;1797;1;-
2026/05/08;21:48:03;-;-; 52.53; 0.0;-; 64.0; 63.8; 0.0; 0.0; 0.0;2334;-0.1; 0.0; 0.0;-3; 24.5;B;0;-;On;On;Off; 27.0; 26.6;0;260;1982;260;1982;261;1797;1;-
2026/05/08;21:49:03;-;-; 52.53; 0.0;-; 63.8; 63.4; 0.7; 0.0; 0.7;2334;-0.1; 0.0; 0.0;-3; 24.5;B;0;-;On;On;Off; 26.9; 26.5;0;260;1982;260;1982;261;1797;1;-
2026/05/08;21:50:03;-;-; 52.53; 0.0;-; 63.4; 63.0; 0.7; 0.0; 0.7;2334;-0.1; 0.0; 0.0;-2; 24.4;B;0;-;On;On;Off; 26.7; 26.3;0;260;1982;260;1982;261;1797;1;-
2026/05/08;21:51:03;-;-; 52.55; 0.0;-; 62.9; 62.7; 0.7; 0.0; 0.7;2334;-0.1; 0.0; 0.0;-2; 24.4;B;0;-;On;On;Off; 26.8; 26.4;0;260;1982;260;1982;261;1797;1;-
2026/05/08;21:52:03;-;-; 52.53; 0.0;-; 62.7; 62.4; 0.0; 0.0; 0.0;2334;-0.1; 0.0; 0.0;-3; 24.4;B;0;-;On;On;Off; 26.7; 26.3;0;260;1982;260;1982;261;1797;1;-
2026/05/08;21:53:03;-;-; 52.53; 0.0;-; 62.5; 62.1; 0.7; 0.0; 0.7;2334;-0.1; 0.0; 0.0;-2; 24.4;B;0;-;On;On;Off; 26.6; 26.2;0;260;1982;260;1982;261;1797;1;-
2026/05/08;21:54:03;-;-; 52.53; 0.0;-; 62.3; 61.8; 0.0; 0.0; 0.0;2334;-0.1; 0.0; 0.0;-2; 24.4;B;0;-;On;On;Off; 26.5; 26.1;0;260;1982;260;1982;261;1797;1;-
2026/05/08;21:55:03;-;-; 52.53; 0.0;-; 62.0; 61.6; 0.0; 0.0; 0.0;2334;-0.0; 0.0; 0.0;-2; 24.4;B;0;-;On;On;Off; 26.5; 26.1;0;260;1982;260;1982;261;1797;1;-
2026/05/08;21:56:03;-;-; 52.51; 0.0;-; 61.6; 61.4; 0.7; 0.0; 0.7;2334;-0.1; 0.0; 0.0;-3; 24.4;B;0;-;On;On;Off; 26.4; 26.0;0;260;1982;260;1982;261;1797;1;-
2026/05/08;21:57:03;-;-; 52.51; 0.0;-; 61.3; 61.1; 0.0; 0.0; 0.0;2334;-0.1; 0.0; 0.0;-2; 24.4;B;0;-;On;On;Off; 26.4; 25.9;0;260;1982;260;1982;261;1797;1;-
2026/05/08;21:58:02;-;-; 52.51; 0.0;-; 61.1; 60.8; 0.0; 0.0; 0.0;2334;-0.1; 0.0; 0.0;-3; 24.4;B;0;-;On;On;Off; 26.4; 26.0;0;260;1982;260;1982;261;1797;1;-
2026/05/08;21:59:02;-;-; 52.51; 0.0;-; 60.7; 60.4; 0.0; 0.0; 0.0;2334;-0.1; 0.0; 0.0;-3; 24.4;B;0;-;On;On;Off; 26.3; 25.9;0;260;1982;260;1982;261;1797;1;-
2026/05/08;22:00:02;-;-; 52.51; 0.0;-; 60.3; 60.0; 0.0; 0.0; 0.0;2334;-0.1; 0.0; 0.0;-3; 24.4;B;0;-;On;On;Off; 26.2; 25.8;0;260;1982;260;1982;261;1797;1;-
2026/05/08;22:01:02;-;-; 52.51; 0.0;-; 60.0; 59.4; 0.7; 0.0; 0.7;2334;-0.1; 0.0; 0.0;-2; 24.4;B;0;-;On;On;Off; 26.2; 25.8;0;260;1982;260;1982;261;1797;1;-
2026/05/08;22:02:02;-;-; 52.51; 0.0;-; 59.3; 59.0; 0.7; 0.0; 0.7;2334;-0.1; 0.0; 0.0;-2; 24.4;B;0;-;On;On;Off; 26.1; 25.7;0;260;1982;260;1982;261;1797;1;-
2026/05/08;22:03:02;-;-; 52.51; 0.0;-; 58.9; 58.4; 0.7; 0.0; 0.7;2334;-0.1; 0.0; 0.0;-2; 24.4;B;0;-;On;On;Off; 26.1; 25.7;0;260;1982;260;1982;261;1797;1;-
2026/05/08;22:04:02;-;-; 52.51; 0.0;-; 58.5; 58.1; 0.0; 0.0;-;2334;-0.1; 0.0; 0.0;-3; 24.4;B;0;-;On;On;Off; 26.0; 25.6;0;260;1982;260;1982;261;1797;1;-
2026/05/08;22:05:02;-;-; 52.51; 0.0;-; 58.2; 57.7; 0.0;-;-;2334;-0.1; 0.0; 0.0;-2; 24.4;B;0;-;On;On;Off; 25.9; 25.6;0;260;1982;260;1982;261;1797;0;-
2026/05/08;22:06:02;-;-; 52.51; 0.0;-; 57.8; 57.1; 0.0;-;-;2334;-0.1; 0.0; 0.0;-2; 24.3;B;0;-;On;On;Off; 25.9; 25.5;0;260;1982;260;1982;261;1797;0;-
2026/05/08;22:07:02;-;-; 52.49; 0.0;-; 57.2; 56.7; 0.0;-;-;2334;-0.1; 0.0; 0.0;-2; 24.4;B;0;-;On;On;Off; 25.8; 25.5;0;260;1982;260;1982;261;1797;0;-
2026/05/08;22:08:02;-;-; 52.49; 0.0;-; 56.6; 55.9; 0.0;-;-;2334;-0.1; 0.0; 0.0;-2; 24.4;B;0;-;On;On;Off; 25.7; 25.4;0;260;1982;260;1982;261;1797;0;-
2026/05/08;22:09:02;-;-; 52.51; 0.0;-; 56.1; 55.3; 0.0;-;-;2334;-0.0; 0.0; 0.0;-2; 24.3;B;0;-;On;On;Off; 25.6; 25.3;0;260;1982;260;1982;261;1797;0;-
2026/05/08;22:10:02;-;-; 52.49; 0.0;-; 55.3; 54.8; 0.0;-;-;2334;-0.0; 0.0; 0.0;-2; 24.3;B;0;-;On;On;Off; 25.6; 25.3;0;260;1982;260;1982;261;1797;0;-
2026/05/08;22:11:02;-;-; 52.49; 0.0;-; 54.7; 54.0; 0.0;-;-;2334;-0.1; 0.0; 0.0;-2; 24.3;B;0;-;On;On;Off; 25.6; 25.2;0;260;1982;260;1982;261;1797;0;-
2026/05/08;22:12:02;-;-; 52.49; 0.0;-; 54.1; 53.3; 0.0;-;-;2334;-0.1; 0.0; 0.0;-2; 24.3;B;0;-;On;On;Off; 25.5; 25.2;0;260;1982;260;1982;261;1797;0;-
2026/05/08;22:13:01;-;-; 52.47; 0.0;-; 53.5; 52.7; 0.0;-;-;2334;-0.1; 0.0; 0.0;-2; 24.3;B;0;-;On;On;Off; 25.5; 25.2;0;260;1982;260;1982;261;1797;0;-
2026/05/08;22:14:01;-;-; 52.49; 0.0;-; 52.9; 52.0; 0.0;-;-;2334;-0.1; 0.0; 0.0;-3; 24.3;B;0;-;On;On;Off; 25.4; 25.1;0;260;1982;260;1982;261;1797;0;-
2026/05/08;22:15:01;-;-; 52.49; 0.0;-; 52.1; 51.3; 0.0;-;-;2334;-0.1; 0.0; 0.0;-2; 24.3;B;0;-;On;On;Off; 25.4; 25.1;0;260;1982;260;1982;261;1797;0;-
2026/05/08;22:16:01;-;-; 52.49; 0.0;-; 51.5; 50.5; 0.0;-;-;2334;-0.0; 0.0; 0.0;-2; 24.3;B;0;-;On;On;Off; 25.3; 25.0;0;260;1982;260;1982;261;1797;0;-
2026/05/08;22:17:01;-;-; 52.49; 0.0;-; 50.7; 49.7; 0.0;-;-;2334;-0.1; 0.0; 0.0;-2; 24.3;B;0;-;On;On;Off; 25.3; 25.0;0;260;1982;260;1982;261;1797;0;-
2026/05/08;22:18:01;-;-; 52.49; 0.0;-; 50.0; 48.9; 0.0;-;-;2334;-0.1; 0.0; 0.0;-2; 24.3;B;0;-;On;On;Off; 25.2; 24.9;0;260;1982;260;1982;261;1797;0;-
2026/05/08;22:19:01;-;-; 52.47; 0.0;-; 49.3; 48.0; 0.0;-;-;2334;-0.1; 0.0; 0.0;-2; 24.3;B;0;-;On;On;Off; 25.2; 24.9;0;260;1982;260;1982;261;1797;0;-
2026/05/08;22:20:01;-;-; 52.47; 0.0;-; 48.5; 47.4; 0.0;-;-;2334;-0.0; 0.0; 0.0;-2; 24.3;B;0;-;On;On;Off; 25.2; 24.9;0;260;1982;260;1982;261;1797;0;-
2026/05/08;22:21:01;-;-; 52.47; 0.0;-; 47.8; 46.8; 0.0;-;-;2334;-0.0; 0.0; 0.0;-2; 24.3;B;0;-;On;On;Off; 25.1; 24.9;0;260;1982;260;1982;261;1797;0;-
2026/05/08;22:22:01;-;-; 52.47; 0.0;-; 47.1; 46.0; 0.0;-;-;2334;-0.0; 0.0; 0.0;-2; 24.3;B;0;-;On;On;Off; 25.1; 24.8;0;260;1982;260;1982;261;1797;0;-
2026/05/08;22:23:01;-;-; 52.45; 0.0;-; 46.4; 45.1; 0.0;-;-;2334;-0.1; 0.0; 0.0;-3; 24.3;B;0;-;On;On;Off; 25.1; 24.8;0;260;1982;260;1982;261;1797;0;-
2026/05/08;22:24:01;-;-; 52.45; 0.0;-; 45.7; 44.3; 0.0;-;-;2334;-0.1; 0.0; 0.0;-2; 24.3;B;0;-;On;On;Off; 25.0; 24.7;0;260;1982;260;1982;261;1797;0;-
2026/05/08;22:25:01;-;-; 52.45; 0.0;-; 44.9; 43.6; 0.0;-;-;2334;-0.1; 0.0; 0.0;-2; 24.3;B;0;-;On;On;Off; 25.0; 24.7;0;260;1982;260;1982;261;1797;0;-
2026/05/08;22:26:01;-;-; 52.45; 0.0;-; 44.1; 42.8; 0.0;-;-;2334;-0.1; 0.0; 0.0;-2; 24.3;B;0;-;On;On;Off; 24.9; 24.7;0;260;1982;260;1982;261;1797;0;-
2026/05/08;22:27:01;-;-; 52.47; 0.0;-; 43.4; 42.0; 0.0;-;-;2334;-0.1; 0.0; 0.0;-2; 24.3;B;0;-;On;On;Off; 24.9; 24.6;0;260;1982;260;1982;261;1797;0;-
2026/05/08;22:28:00;-;-; 52.45; 0.0;-; 42.6; 41.2; 0.0;-;-;2334;-0.1; 0.0; 0.0;-3; 24.3;B;0;-;On;On;Off; 24.9; 24.6;0;260;1982;260;1982;261;1797;0;-
2026/05/08;22:29:00;-;-; 52.45; 0.0;-; 41.7; 40.5; 0.0;-;-;2334;-0.1; 0.0; 0.0;-2; 24.3;B;0;-;On;On;Off; 24.9; 24.6;0;260;1982;260;1982;261;1797;0;-
2026/05/08;22:30:00;-;-; 52.45; 0.0;-; 40.9; 39.7; 0.0;-;-;2334;-0.1; 0.0; 0.0;-2; 24.3;B;0;-;On;On;Off; 24.9; 24.6;0;260;1982;260;1982;261;1797;0;-
2026/05/08;22:31:00;-;-; 52.45; 0.0;-; 40.2; 38.8; 0.0;-;-;2334;-0.1; 0.0; 0.0;-2; 24.3;B;0;-;On;On;Off; 24.8; 24.5;0;260;1982;260;1982;261;1797;0;-
2026/05/08;22:32:00;-;-; 52.43; 0.0;-; 39.3; 38.0; 0.0;-;-;2334;-0.1; 0.0; 0.0;-2; 24.3;B;0;-;On;On;Off; 24.8; 24.5;0;260;1982;260;1982;261;1797;0;-
2026/05/08;22:33:00;-;-; 52.43; 0.0;-; 38.4; 37.1; 0.0;-;-;2334;-0.0; 0.0; 0.0;-2; 24.3;B;0;-;On;On;Off; 24.8; 24.5;0;260;1982;260;1982;261;1797;0;-
2026/05/08;22:34:00;-;-; 52.43; 0.0;-; 37.6; 36.4; 0.0;-;-;2334;-0.1; 0.0; 0.0;-3; 24.3;B;0;-;On;On;Off; 24.7; 24.4;0;260;1982;260;1982;261;1797;0;-
2026/05/08;22:35:00;-;-; 52.43; 0.0;-; 36.8; 35.6; 0.0;-;-;2334;-0.1; 0.0; 0.0;-3; 24.2;B;0;-;On;On;Off; 24.7; 24.4;0;260;1982;260;1982;261;1797;0;-
2026/05/08;22:36:00;-;-; 52.45; 0.0;-; 35.9; 34.7; 0.0;-;-;2334;-0.1; 0.0; 0.0;-3; 24.2;B;0;-;On;On;Off; 24.7; 24.4;0;260;1982;260;1982;261;1797;0;-
2026/05/08;22:37:00;-;-; 52.43; 0.0;-; 35.1; 33.9; 0.0;-;-;2334;-0.1; 0.0; 0.0;-3; 24.2;B;0;-;On;On;Off; 24.7; 24.4;0;260;1982;260;1982;261;1797;0;-
2026/05/08;22:38:00;-;-; 52.43; 0.0;-; 34.2; 33.3; 0.0;-;-;2334;-0.1; 0.0; 0.0;-3; 24.2;B;0;-;On;On;Off; 24.6; 24.3;0;260;1982;260;1982;261;1797;0;-
2026/05/08;22:39:00;-;-; 52.45; 0.0;-; 33.4; 32.3; 0.0;-;-;2334;-0.1; 0.0; 0.0;-3; 24.3;B;0;-;On;On;Off; 24.6; 24.3;0;260;1982;260;1982;261;1797;0;-
2026/05/08;22:40:00;-;-; 52.43; 0.0;-; 32.9; 31.6; 0.0;-;-;2334;-0.1; 0.0; 0.0;-2; 24.3;B;0;-;On;On;Off; 24.6; 24.3;0;260;1982;260;1982;261;1797;0;-
2026/05/08;22:41:00;-;-; 52.43; 0.0;-; 31.7; 30.7; 0.0;-;-;2334;-0.1; 0.0; 0.0;-2; 24.2;B;0;-;On;On;Off; 24.6; 24.3;0;260;1982;260;1982;261;1797;0;-
2026/05/08;22:42:00;-;-; 52.43; 0.0;-; 30.8; 29.8; 0.0;-;-;2335;-0.1; 0.0; 0.0;-2; 24.2;B;0;-;On;On;Off; 24.6; 24.3;0;260;1982;260;1982;261;1797;0;-
2026/05/08;22:43:00;-;-; 52.43; 0.0;-; 30.0; 29.1; 0.0;-;-;2335;-0.1; 0.0; 0.0;-3; 24.2;B;0;-;On;On;Off; 24.6; 24.3;0;260;1982;260;1982;261;1797;0;-
2026/05/08;22:43:59;-;-; 52.43; 0.0;-; 29.1; 28.1; 0.0;-;-;2335;-0.1; 0.0; 0.0;-2; 24.3;B;0;-;On;On;Off; 24.5; 24.2;0;260;1982;260;1982;261;1797;0;-
2026/05/08;22:44:59;-;-; 52.43; 0.0;-; 28.3; 27.4; 0.0;-;-;2335;-0.1; 0.0; 0.0;-3; 24.2;B;0;-;On;On;Off; 24.5; 24.2;0;260;1982;260;1982;261;1797;0;-
2026/05/08;22:45:59;-;-; 52.43; 0.0;-; 27.5; 26.6; 0.0;-;-;2335;-0.1; 0.0; 0.0;-2; 24.2;B;0;-;On;On;Off; 24.5; 24.2;0;260;1982;260;1982;261;1797;0;-
2026/05/08;22:46:59;-;-; 52.43; 0.0;-; 26.6; 25.7; 0.0;-;-;2335;-0.1; 0.0; 0.0;-2; 24.2;B;0;-;On;On;Off; 24.5; 24.2;0;260;1982;260;1982;261;1797;0;-
2026/05/08;22:47:59;-;-; 52.43; 0.0;-; 26.0; 25.1; 0.0;-;-;2335;-0.1; 0.0; 0.0;-2; 24.2;B;0;-;On;On;Off; 24.4; 24.2;0;260;1982;260;1982;261;1797;0;-
2026/05/08;22:48:59;-;-; 52.41; 0.0;-; 25.1; 24.3; 0.0;-;-;2335;-0.1; 0.0; 0.0;-2; 24.2;B;0;-;On;On;Off; 24.4; 24.1;0;260;1982;260;1982;261;1797;0;-
2026/05/08;22:49:59;-;-; 52.43; 0.0;-; 24.4; 23.8; 0.0;-;-;2335;-0.1; 0.0; 0.0;-2; 24.2;B;0;-;On;On;Off; 24.4; 24.1;0;260;1982;260;1982;261;1797;0;-
2026/05/08;22:50:59;-;-; 52.43; 0.0;-; 23.8; 23.0; 0.0;-;-;2335;-0.1; 0.0; 0.0;-3; 24.2;B;0;-;On;On;Off; 24.4; 24.1;0;260;1982;260;1982;261;1797;0;-
2026/05/08;22:51:59;-;-; 52.43; 0.0;-; 22.9; 22.3; 0.0;-;-;2335;-0.1; 0.0; 0.0;-3; 24.2;B;0;-;On;On;Off; 24.4; 24.1;0;260;1982;260;1982;261;1797;0;-
2026/05/08;22:52:59;-;-; 52.41; 0.0;-; 22.3; 21.8; 0.0;-;-;2335;-0.1; 0.0; 0.0;-3; 24.2;B;0;-;On;On;Off; 24.4; 24.1;0;260;1982;260;1982;261;1797;0;-
2026/05/08;22:53:59;-;-; 52.41; 0.0;-; 21.7; 21.2; 0.0;-;-;2335;-0.1; 0.0; 0.0;-2; 24.2;B;0;-;On;On;Off; 24.3; 24.1;0;260;1982;260;1982;261;1797;0;-
2026/05/08;22:54:59;-;-; 52.43; 0.0;-; 21.0; 20.6; 0.0;-;-;2335;-0.0; 0.0; 0.0;-2; 24.2;B;0;-;On;On;Off; 24.3; 24.0;0;260;1982;260;1982;261;1797;0;-
2026/05/08;22:55:59;-;-; 52.41; 0.0;-; 20.5; 20.2; 0.0;-;-;2335;-0.1; 0.0; 0.0;-2; 24.2;B;0;-;On;On;Off; 24.3; 24.0;0;260;1982;260;1982;261;1797;0;-
2026/05/08;22:56:59;-;-; 52.39; 0.0;-; 19.8; 19.7; 0.0;-;-;2335;-0.0; 0.0; 0.0;-2; 24.2;B;0;-;On;On;Off; 24.3; 24.0;0;260;1982;260;1982;261;1797;0;-
2026/05/08;22:57:59;-;-; 52.41; 0.0;-; 19.2; 19.2; 0.0;-;-;2335;-0.0; 0.0; 0.0;-2; 24.2;B;0;-;On;On;Off; 24.3; 24.0;0;260;1982;260;1982;261;1797;0;-
2026/05/08;22:58:58;-;-; 52.41; 0.0;-; 18.7; 18.5; 0.0;-;-;2335;-0.0; 0.0; 0.0;-2; 24.2;B;0;-;On;On;Off; 24.3; 24.0;0;260;1982;260;1982;261;1797;0;-
2026/05/08;22:59:58;-;-; 52.41; 0.0;-; 18.3; 18.2; 0.0;-;-;2335;-0.1; 0.0; 0.0;-2; 24.2;B;0;-;On;On;Off; 24.3; 24.0;0;260;1982;260;1982;261;1797;0;-
2026/05/08;23:00:58;-;-; 52.39; 0.0;-; 17.7; 17.8; 0.0;-;-;2335;-0.1; 0.0; 0.0;-2; 24.2;B;0;-;On;On;Off; 24.3; 24.0;0;260;1982;260;1982;261;1797;0;-
2026/05/08;23:01:58;-;-; 52.39; 0.0;-; 17.3; 17.4; 0.0;-;-;2335;-0.1; 0.0; 0.0;-2; 24.2;B;0;-;On;On;Off; 24.3; 24.0;0;260;1982;260;1982;261;1797;0;-
2026/05/08;23:02:58;-;-; 52.41; 0.0;-; 17.7; 17.1; 0.0;-;-;2335;-0.1; 0.0; 0.0;-2; 24.2;B;0;-;On;On;Off; 24.2; 24.0;0;260;1982;260;1982;261;1797;0;-
2026/05/08;23:03:58;-;-; 52.41; 0.0;-; 17.8; 16.9; 0.0;-;-;2335;-0.1; 0.0; 0.0;-3; 24.2;B;0;-;On;On;Off; 24.2; 24.0;0;260;1982;260;1982;261;1797;0;-
2026/05/08;23:04:58;-;-; 52.41; 0.0;-; 16.9; 16.6; 0.0;-;-;2335;-0.1; 0.0; 0.0;-2; 24.2;B;0;-;On;On;Off; 24.2; 23.9;0;260;1982;260;1982;261;1797;0;-
2026/05/08;23:05:58;-;-; 52.39; 0.0;-; 16.0; 16.2; 0.0;-;-;2335;-0.1; 0.0; 0.0;-2; 24.2;B;0;-;On;On;Off; 24.2; 23.9;0;260;1982;260;1982;261;1797;0;-
2026/05/08;23:06:58;-;-; 52.41; 0.0;-; 15.4; 15.8; 0.0;-;-;2335;-0.1; 0.0; 0.0;-3; 24.2;B;0;-;On;On;Off; 24.2; 23.9;0;260;1982;260;1982;261;1797;0;-
2026/05/08;23:07:58;-;-; 52.39; 0.0;-; 15.1; 15.4; 0.0;-;-;2335;-0.0; 0.0; 0.0;-2; 24.2;B;0;-;On;On;Off; 24.2; 23.9;0;260;1982;260;1982;261;1797;0;-
2026/05/08;23:08:58;-;-; 52.41; 0.0;-; 14.8; 15.2; 0.0;-;-;2335;-0.1; 0.0; 0.0;-2; 24.1;B;0;-;On;On;Off; 24.2; 23.9;0;260;1982;260;1982;261;1797;0;-
2026/05/08;23:09:58;-;-; 52.41; 0.0;-; 14.5; 14.9; 0.0;-;-;2335;-0.1; 0.0; 0.0;-3; 24.2;B;0;-;On;On;Off; 24.2; 23.9;0;260;1982;260;1982;261;1797;0;-
2026/05/08;23:10:58;-;-; 52.39; 0.0;-; 14.2; 14.8; 0.0;-;-;2335;-0.1; 0.0; 0.0;-3; 24.1;B;0;-;On;On;Off; 24.1; 23.9;0;260;1982;260;1982;261;1797;0;-
2026/05/08;23:11:58;-;-; 52.39; 0.0;-; 14.0; 14.7; 0.0;-;-;2335;-0.1; 0.0; 0.0;-3; 24.1;B;0;-;On;On;Off; 24.1; 23.9;0;260;1982;260;1982;261;1797;0;-
2026/05/08;23:12:58;-;-; 52.37; 0.0;-; 13.7; 14.4; 0.0;-;-;2335;-0.1; 0.0; 0.0;-2; 24.1;B;0;-;On;On;Off; 24.1; 23.8;0;260;1982;260;1982;261;1797;0;-
2026/05/08;23:13:57;-;-; 52.39; 0.0;-; 13.6; 14.3; 0.0;-;-;2335;-0.1; 0.0; 0.0;-3; 24.1;B;0;-;On;On;Off; 24.1; 23.8;0;260;1982;260;1982;261;1797;0;-
2026/05/08;23:14:57;-;-; 52.39; 0.0;-; 13.3; 14.2; 0.0;-;-;2335;-0.1; 0.0; 0.0;-3; 24.1;B;0;-;On;On;Off; 24.1; 23.8;0;260;1982;260;1982;261;1797;0;-
2026/05/08;23:15:57;-;-; 52.39; 0.0;-; 13.1; 14.1; 0.0;-;-;2335;-0.1; 0.0; 0.0;-3; 24.1;B;0;-;On;On;Off; 24.1; 23.8;0;260;1982;260;1982;261;1797;0;-
2026/05/08;23:16:57;-;-; 52.39; 0.0;-; 12.9; 13.9; 0.0;-;-;2335;-0.1; 0.0; 0.0;-3; 24.1;B;0;-;On;On;Off; 24.1; 23.8;0;260;1982;260;1982;261;1797;0;-
2026/05/08;23:17:57;-;-; 52.37; 0.0;-; 12.6; 13.6; 0.0;-;-;2335;-0.1; 0.0; 0.0;-3; 24.1;B;0;-;On;On;Off; 24.1; 23.8;0;260;1982;260;1982;261;1797;0;-
2026/05/08;23:18:57;-;-; 52.39; 0.0;-; 12.5; 13.6; 0.0;-;-;2335;-0.1; 0.0; 0.0;-2; 24.1;B;0;-;On;On;Off; 24.1; 23.8;0;260;1982;260;1982;261;1797;0;-
2026/05/08;23:19:57;-;-; 52.39; 0.0;-; 12.4; 13.4; 0.0;-;-;2335;-0.1; 0.0; 0.0;-3; 24.1;B;0;-;On;On;Off; 24.0; 23.8;0;260;1982;260;1982;261;1797;0;-
2026/05/08;23:20:57;-;-; 52.39; 0.0;-; 12.2; 13.2; 0.0;-;-;2335;-0.1; 0.0; 0.0;-2; 24.1;B;0;-;On;On;Off; 24.0; 23.8;0;260;1982;260;1982;261;1797;0;-
2026/05/08;23:21:57;-;-; 52.39; 0.0;-; 12.1; 13.0; 0.0;-;-;2335;-0.1; 0.0; 0.0;-2; 24.1;B;0;-;On;On;Off; 24.0; 23.8;0;260;1982;260;1982;261;1797;0;-
2026/05/08;23:22:57;-;-; 52.39; 0.0;-; 11.8; 12.8; 0.0;-;-;2335;-0.1; 0.0; 0.0;-2; 24.1;B;0;-;On;On;Off; 24.0; 23.8;0;260;1982;260;1982;261;1797;0;-
2026/05/08;23:23:57;-;-; 52.39; 0.0;-; 11.7; 12.7; 0.0;-;-;2335;-0.1; 0.0; 0.0;-3; 24.1;B;0;-;On;On;Off; 24.0; 23.8;0;260;1982;260;1982;261;1797;0;-
2026/05/08;23:24:57;-;-; 52.39; 0.0;-; 11.7; 12.8; 0.0;-;-;2335;-0.1; 0.0; 0.0;-2; 24.1;B;0;-;On;On;Off; 24.0; 23.7;0;260;1982;260;1982;261;1797;0;-
2026/05/08;23:25:57;-;-; 52.39; 0.0;-; 11.5; 12.6; 0.0;-;-;2335;-0.1; 0.0; 0.0;-3; 24.1;B;0;-;On;On;Off; 24.0; 23.7;0;260;1982;260;1982;261;1797;0;-
2026/05/08;23:26:57;-;-; 52.37; 0.0;-; 11.5; 12.4; 0.0;-;-;2335;-0.1; 0.0; 0.0;-3; 24.1;B;0;-;On;On;Off; 24.0; 23.7;0;260;1982;260;1982;261;1797;0;-
2026/05/08;23:27:57;-;-; 52.37; 0.0;-; 11.3; 12.4; 0.0;-;-;2335;-0.1; 0.0; 0.0;-2; 24.1;B;0;-;On;On;Off; 24.0; 23.7;0;260;1982;260;1982;261;1797;0;-
2026/05/08;23:28:57;-;-; 52.37; 0.0;-; 11.1; 12.4; 0.0;-;-;2335;-0.1; 0.0; 0.0;-3; 24.1;B;0;-;On;On;Off; 24.0; 23.7;0;260;1982;260;1982;261;1797;0;-
2026/05/08;23:29:56;-;-; 52.37; 0.0;-; 11.6; 12.4; 0.0;-;-;2335;-0.1; 0.0; 0.0;-3; 24.1;B;0;-;On;On;Off; 24.0; 23.7;0;260;1982;260;1982;261;1797;0;-
2026/05/08;23:30:56;-;-; 52.37; 0.0;-; 11.6; 12.5; 0.0;-;-;2335;-0.1; 0.0; 0.0;-4; 24.1;B;0;-;On;On;Off; 24.0; 23.7;0;260;1982;260;1982;261;1797;0;-
2026/05/08;23:31:56;-;-; 52.37; 0.0;-; 11.6; 12.4; 0.0;-;-;2335;-0.1; 0.0; 0.0;-4; 24.1;B;0;-;On;On;Off; 24.0; 23.7;0;260;1982;260;1982;261;1797;0;-
2026/05/08;23:32:56;-;-; 52.37; 0.0;-; 10.9; 12.1; 0.0;-;-;2335;-0.1; 0.0; 0.0;-3; 24.1;B;0;-;On;On;Off; 24.0; 23.7;0;260;1982;260;1982;261;1797;0;-
2026/05/08;23:33:56;-;-; 52.35; 0.0;-; 10.8; 12.0; 0.0;-;-;2335;-0.1; 0.0; 0.0;-3; 24.1;B;0;-;On;On;Off; 23.9; 23.7;0;260;1982;260;1982;261;1797;0;-
2026/05/08;23:34:56;-;-; 52.37; 0.0;-; 10.8; 11.8; 0.0;-;-;2335;-0.1; 0.0; 0.0;-3; 24.1;B;0;-;On;On;Off; 23.9; 23.7;0;260;1982;260;1982;261;1797;0;-
2026/05/08;23:35:56;-;-; 52.37; 0.0;-; 10.7; 11.9; 0.0;-;-;2335;-0.1; 0.0; 0.0;-3; 24.1;B;0;-;On;On;Off; 23.9; 23.7;0;260;1982;260;1982;261;1797;0;-
2026/05/08;23:36:56;-;-; 52.37; 0.0;-; 10.5; 11.7; 0.0;-;-;2335;-0.1; 0.0; 0.0;-4; 24.1;B;0;-;On;On;Off; 23.9; 23.7;0;260;1982;260;1982;261;1797;0;-
2026/05/08;23:37:56;-;-; 52.35; 0.0;-; 10.5; 11.6; 0.0;-;-;2335;-0.1; 0.0; 0.0;-3; 24.1;B;0;-;On;On;Off; 23.9; 23.6;0;260;1982;260;1982;261;1797;0;-
2026/05/08;23:38:56;-;-; 52.35; 0.0;-; 10.4; 11.7; 0.0;-;-;2335;-0.1; 0.0; 0.0;-3; 24.1;B;0;-;On;On;Off; 23.9; 23.6;0;260;1982;260;1982;261;1797;0;-
2026/05/08;23:39:56;-;-; 52.37; 0.0;-; 10.3; 11.7; 0.0;-;-;2335;-0.1; 0.0; 0.0;-3; 24.1;B;0;-;On;On;Off; 23.9; 23.6;0;260;1982;260;1982;261;1797;0;-
2026/05/08;23:40:56;-;-; 52.35; 0.0;-; 10.3; 11.4; 0.0;-;-;2335;-0.1; 0.0; 0.0;-2; 24.1;B;0;-;On;On;Off; 23.9; 23.6;0;260;1982;260;1982;261;1797;0;-
2026/05/08;23:41:56;-;-; 52.35; 0.0;-; 10.3; 11.4; 0.0;-;-;2336;-0.1; 0.0; 0.0;-2; 24.0;B;0;-;On;On;Off; 23.9; 23.6;0;260;1982;260;1982;261;1797;0;-
2026/05/08;23:42:56;-;-; 52.35; 0.0;-; 10.1; 11.3; 0.0;-;-;2336;-0.1; 0.0; 0.0;-3; 24.0;B;0;-;On;On;Off; 23.9; 23.6;0;260;1982;260;1982;261;1797;0;-
2026/05/08;23:43:56;-;-; 52.35; 0.0;-; 14.6; 11.3; 0.0;-;-;2336;-0.1; 0.0; 0.0;-3; 24.0;B;0;-;On;On;Off; 23.9; 23.6;0;260;1982;260;1982;261;1797;0;-
2026/05/08;23:44:55;-;-; 52.33; 0.0;-; 10.1; 11.2; 0.0;-;-;2336;-0.1; 0.0; 0.0;-2; 24.0;B;0;-;On;On;Off; 23.9; 23.6;0;260;1982;260;1982;261;1797;0;-
2026/05/08;23:45:55;-;-; 52.33; 0.0;-; 10.1; 11.2; 0.0;-;-;2336;-0.1; 0.0; 0.0;-2; 24.0;B;0;-;On;On;Off; 23.9; 23.6;0;260;1982;260;1982;261;1797;0;-
2026/05/08;23:46:55;-;-; 52.35; 0.0;-; 10.3; 11.3; 0.0;-;-;2336;-0.1; 0.0; 0.0;-2; 24.0;B;0;-;On;On;Off; 23.9; 23.6;0;260;1982;260;1982;261;1797;0;-
2026/05/08;23:47:55;-;-; 52.35; 0.0;-; 10.0; 11.2; 0.0;-;-;2336;-0.1; 0.0; 0.0;-3; 24.0;B;0;-;On;On;Off; 23.8; 23.6;0;260;1982;260;1982;261;1797;0;-
2026/05/08;23:48:55;-;-; 52.33; 0.0;-; 10.0; 11.1; 0.0;-;-;2336;-0.1; 0.0; 0.0;-3; 24.0;B;0;-;On;On;Off; 23.8; 23.5;0;260;1982;260;1982;261;1797;0;-
2026/05/08;23:49:55;-;-; 52.33; 0.0;-; 9.9; 11.1; 0.0;-;-;2336;-0.1; 0.0; 0.0;-3; 24.0;B;0;-;On;On;Off; 23.8; 23.5;0;260;1982;260;1982;261;1797;0;-
2026/05/08;23:50:55;-;-; 52.35; 0.0;-; 9.9; 11.0; 0.0;-;-;2336;-0.1; 0.0; 0.0;-3; 24.0;B;0;-;On;On;Off; 23.8; 23.5;0;260;1982;260;1982;261;1797;0;-
2026/05/08;23:51:55;-;-; 52.33; 0.0;-; 9.8; 11.1; 0.0;-;-;2336;-0.1; 0.0; 0.0;-3; 24.0;B;0;-;On;On;Off; 23.8; 23.5;0;260;1982;260;1982;261;1797;0;-
2026/05/08;23:52:55;-;-; 52.33; 0.0;-; 9.7; 11.0; 0.0;-;-;2336;-0.1; 0.0; 0.0;-3; 24.0;B;0;-;On;On;Off; 23.8; 23.5;0;260;1982;260;1982;261;1797;0;-
2026/05/08;23:53:55;-;-; 52.33; 0.0;-; 9.7; 10.9; 0.0;-;-;2336;-0.1; 0.0; 0.0;-3; 24.0;B;0;-;On;On;Off; 23.8; 23.5;0;260;1982;260;1982;261;1797;0;-
2026/05/08;23:54:55;-;-; 52.33; 0.0;-; 9.8; 11.1; 0.0;-;-;2336;-0.1; 0.0; 0.0;-3; 24.0;B;0;-;On;On;Off; 23.8; 23.5;0;260;1982;260;1982;261;1797;0;-
2026/05/08;23:55:55;-;-; 52.35; 0.0;-; 9.7; 10.9; 0.0;-;-;2336;-0.1; 0.0; 0.0;-3; 24.0;B;0;-;On;On;Off; 23.8; 23.5;0;260;1982;260;1982;261;1797;0;-
2026/05/08;23:56:55;-;-; 52.33; 0.0;-; 9.7; 11.0; 0.0;-;-;2336;-0.1; 0.0; 0.0;-3; 24.0;B;0;-;On;On;Off; 23.8; 23.5;0;260;1982;260;1982;261;1797;0;-
2026/05/08;23:57:55;-;-; 52.33; 0.0;-; 9.7; 10.8; 0.0;-;-;2336;-0.1; 0.0; 0.0;-3; 24.0;B;0;-;On;On;Off; 23.8; 23.5;0;260;1982;260;1982;261;1797;0;-
2026/05/08;23:58:55;-;-; 52.33; 0.0;-; 9.7; 10.9; 0.0;-;-;2336;-0.1; 0.0; 0.0;-3; 24.0;B;0;-;On;On;Off; 23.8; 23.5;0;260;1982;260;1982;261;1797;0;-
2026/05/08;23:59:55;-;-; 52.33; 0.0;-; 7.9; 10.4; 0.0;-;-;2336;-0.1; 0.0; 0.0;-3; 24.0;B;0;-;On;On;Off; 23.8; 23.5;0;260;1982;260;1982;261;1797;0;-
