Steca Elektronik GmbH;MPPT6000;760749IH008963540005
Date;Time;SOC[%];Kaptest[Ah];Vbat[V];Ibat_M[A];Vbat.sense[V];VPV1_M[V];VPV2_M[V];PVpower_M[W];PV1power_M[W];PV2power_M[W];Ophours[h];Ibat_total[A]SOC;Icharge_total[A];Iload_total[A];BatPower_total[W];BatTemp[°C];ChargeMode;ErrorState;ErrorNr;StateAux1;StateAux2;StateAux3;IntTemp1[°C];IntTemp2[°C];Derating;Ah_in_24h_M[Ah];Ah_in_total_M[Ah];Ah_in_24h_SYS[Ah];Ah_in_total_SYS[Ah];Ah_out_24h_SYS[Ah];Ah_out_total_SYS[Ah];Day_night;Status_AUXIO
2026/04/25;00:00:02;-;-; 52.89; 0.0;-; 9.7; 13.5; 0.0;-;-;1999;-0.1; 0.0; 0.0;-6; 24.0;B;0;-;On;On;Off; 22.9; 22.6;0;66;1393;66;1393;66;1207;0;-
2026/04/25;00:01:02;-;-; 52.89; 0.0;-; 9.7; 13.5; 0.0;-;-;1999;-0.1; 0.0; 0.0;-6; 24.0;B;0;-;On;On;Off; 22.9; 22.6;0;0;1393;0;1393;0;1207;0;-
2026/04/25;00:02:02;-;-; 52.89; 0.0;-; 9.0; 13.2; 0.0;-;-;1999;-0.1; 0.0; 0.0;-6; 24.0;B;0;-;On;On;Off; 22.9; 22.6;0;0;1393;0;1393;0;1207;0;-
2026/04/25;00:03:02;-;-; 52.89; 0.0;-; 9.5; 13.4; 0.0;-;-;1999;-0.1; 0.0; 0.0;-6; 24.0;B;0;-;On;On;Off; 22.9; 22.6;0;0;1393;0;1393;0;1207;0;-
2026/04/25;00:04:02;-;-; 52.87; 0.0;-; 9.2; 13.2; 0.0;-;-;2000;-0.1; 0.0; 0.0;-6; 24.0;B;0;-;On;On;Off; 22.9; 22.6;0;0;1393;0;1393;0;1207;0;-
2026/04/25;00:05:02;-;-; 52.87; 0.0;-; 9.6; 13.5; 0.0;-;-;2000;-0.1; 0.0; 0.0;-7; 24.0;B;0;-;On;On;Off; 22.9; 22.6;0;0;1393;0;1393;0;1207;0;-
2026/04/25;00:06:02;-;-; 52.89; 0.0;-; 9.5; 13.4; 0.0;-;-;2000;-0.1; 0.0; 0.0;-6; 24.0;B;0;-;On;On;Off; 22.8; 22.6;0;0;1393;0;1393;0;1207;0;-
2026/04/25;00:07:02;-;-; 52.89; 0.0;-; 9.6; 13.7; 0.0;-;-;2000;-0.1; 0.0; 0.0;-6; 24.0;B;0;-;On;On;Off; 22.9; 22.6;0;0;1393;0;1393;0;1207;0;-
2026/04/25;00:08:02;-;-; 52.89; 0.0;-; 9.8; 13.6; 0.0;-;-;2000;-0.1; 0.0; 0.0;-7; 24.0;B;0;-;On;On;Off; 22.8; 22.6;0;0;1393;0;1393;0;1207;0;-
2026/04/25;00:09:02;-;-; 52.89; 0.0;-; 9.7; 13.5; 0.0;-;-;2000;-0.1; 0.0; 0.0;-6; 24.0;B;0;-;On;On;Off; 22.8; 22.6;0;0;1393;0;1393;0;1207;0;-
2026/04/25;00:10:02;-;-; 52.89; 0.0;-; 9.5; 13.5; 0.0;-;-;2000;-0.1; 0.0; 0.0;-6; 24.0;B;0;-;On;On;Off; 22.9; 22.6;0;0;1393;0;1393;0;1207;0;-
2026/04/25;00:11:02;-;-; 52.89; 0.0;-; 9.8; 13.7; 0.0;-;-;2000;-0.1; 0.0; 0.0;-6; 24.0;B;0;-;On;On;Off; 22.8; 22.6;0;0;1393;0;1393;0;1207;0;-
2026/04/25;00:12:02;-;-; 52.89; 0.0;-; 9.7; 13.5; 0.0;-;-;2000;-0.1; 0.0; 0.0;-6; 24.0;B;0;-;On;On;Off; 22.8; 22.6;0;0;1393;0;1393;0;1207;0;-
2026/04/25;00:13:01;-;-; 52.89; 0.0;-; 9.8; 13.6; 0.0;-;-;2000;-0.1; 0.0; 0.0;-7; 24.0;B;0;-;On;On;Off; 22.8; 22.6;0;0;1393;0;1393;0;1207;0;-
2026/04/25;00:14:01;-;-; 52.87; 0.0;-; 9.8; 13.6; 0.0;-;-;2000;-0.1; 0.0; 0.0;-7; 24.0;B;0;-;On;On;Off; 22.8; 22.6;0;0;1393;0;1393;0;1207;0;-
2026/04/25;00:15:01;-;-; 52.87; 0.0;-; 9.8; 13.6; 0.0;-;-;2000;-0.1; 0.0; 0.0;-7; 24.0;B;0;-;On;On;Off; 22.8; 22.6;0;0;1393;0;1393;0;1207;0;-
2026/04/25;00:16:01;-;-; 52.89; 0.0;-; 9.1; 13.0; 0.0;-;-;2000;-0.1; 0.0; 0.0;-6; 23.9;B;0;-;On;On;Off; 22.8; 22.6;0;0;1393;0;1393;0;1207;0;-
2026/04/25;00:17:01;-;-; 52.87; 0.0;-; 9.3; 13.2; 0.0;-;-;2000;-0.1; 0.0; 0.0;-6; 23.9;B;0;-;On;On;Off; 22.8; 22.6;0;0;1393;0;1393;0;1207;0;-
2026/04/25;00:18:01;-;-; 52.87; 0.0;-; 9.5; 13.4; 0.0;-;-;2000;-0.1; 0.0; 0.0;-6; 23.9;B;0;-;On;On;Off; 22.8; 22.6;0;0;1393;0;1393;0;1207;0;-
2026/04/25;00:19:01;-;-; 52.87; 0.0;-; 9.8; 13.6; 0.0;-;-;2000;-0.1; 0.0; 0.0;-6; 23.9;B;0;-;On;On;Off; 22.8; 22.6;0;0;1393;0;1393;0;1207;0;-
2026/04/25;00:20:01;-;-; 52.87; 0.0;-; 9.8; 13.7; 0.0;-;-;2000;-0.1; 0.0; 0.0;-6; 23.9;B;0;-;On;On;Off; 22.8; 22.6;0;0;1393;0;1393;0;1207;0;-
2026/04/25;00:21:01;-;-; 52.87; 0.0;-; 9.8; 13.5; 0.0;-;-;2000;-0.1; 0.0; 0.0;-7; 23.9;B;0;-;On;On;Off; 22.8; 22.6;0;0;1393;0;1393;0;1207;0;-
2026/04/25;00:22:01;-;-; 52.87; 0.0;-; 9.5; 13.5; 0.0;-;-;2000;-0.1; 0.0; 0.0;-7; 23.9;B;0;-;On;On;Off; 22.8; 22.6;0;0;1393;0;1393;0;1207;0;-
2026/04/25;00:23:01;-;-; 52.87; 0.0;-; 9.4; 13.3; 0.0;-;-;2000;-0.1; 0.0; 0.0;-7; 23.9;B;0;-;On;On;Off; 22.8; 22.6;0;0;1393;0;1393;0;1207;0;-
2026/04/25;00:24:01;-;-; 52.87; 0.0;-; 9.5; 13.5; 0.0;-;-;2000;-0.1; 0.0; 0.0;-7; 23.9;B;0;-;On;On;Off; 22.8; 22.6;0;0;1393;0;1393;0;1207;0;-
2026/04/25;00:25:01;-;-; 52.85; 0.0;-; 9.6; 13.5; 0.0;-;-;2000;-0.1; 0.0; 0.0;-7; 23.9;B;0;-;On;On;Off; 22.8; 22.5;0;0;1393;0;1393;0;1207;0;-
2026/04/25;00:26:01;-;-; 52.87; 0.0;-; 9.8; 13.7; 0.0;-;-;2000;-0.1; 0.0; 0.0;-7; 23.9;B;0;-;On;On;Off; 22.8; 22.6;0;0;1393;0;1393;0;1207;0;-
2026/04/25;00:27:01;-;-; 52.87; 0.0;-; 9.8; 13.5; 0.0;-;-;2000;-0.1; 0.0; 0.0;-7; 23.9;B;0;-;On;On;Off; 22.8; 22.6;0;0;1393;0;1393;0;1207;0;-
2026/04/25;00:28:01;-;-; 52.87; 0.0;-; 9.7; 13.5; 0.0;-;-;2000;-0.1; 0.0; 0.0;-7; 23.8;B;0;-;On;On;Off; 22.8; 22.6;0;0;1393;0;1393;0;1207;0;-
2026/04/25;00:29:00;-;-; 52.87; 0.0;-; 9.8; 13.6; 0.0;-;-;2000;-0.1; 0.0; 0.0;-7; 23.8;B;0;-;On;On;Off; 22.8; 22.6;0;0;1393;0;1393;0;1207;0;-
2026/04/25;00:30:00;-;-; 52.87; 0.0;-; 9.9; 13.7; 0.0;-;-;2000;-0.1; 0.0; 0.0;-7; 23.8;B;0;-;On;On;Off; 22.8; 22.5;0;0;1393;0;1393;0;1207;0;-
2026/04/25;00:31:00;-;-; 52.87; 0.0;-; 9.9; 13.7; 0.0;-;-;2000;-0.1; 0.0; 0.0;-6; 23.8;B;0;-;On;On;Off; 22.8; 22.5;0;0;1393;0;1393;0;1207;0;-
2026/04/25;00:32:00;-;-; 52.87; 0.0;-; 9.9; 13.6; 0.0;-;-;2000;-0.1; 0.0; 0.0;-7; 23.8;B;0;-;On;On;Off; 22.8; 22.5;0;0;1393;0;1393;0;1207;0;-
2026/04/25;00:33:00;-;-; 52.85; 0.0;-; 10.1; 13.7; 0.0;-;-;2000;-0.1; 0.0; 0.0;-7; 23.8;B;0;-;On;On;Off; 22.8; 22.5;0;0;1393;0;1393;0;1207;0;-
2026/04/25;00:34:00;-;-; 52.87; 0.0;-; 10.2; 13.8; 0.0;-;-;2000;-0.1; 0.0; 0.0;-7; 23.8;B;0;-;On;On;Off; 22.8; 22.5;0;0;1393;0;1393;0;1207;0;-
2026/04/25;00:35:00;-;-; 52.87; 0.0;-; 10.3; 14.0; 0.0;-;-;2000;-0.1; 0.0; 0.0;-7; 23.8;B;0;-;On;On;Off; 22.8; 22.5;0;0;1393;0;1393;0;1207;0;-
2026/04/25;00:36:00;-;-; 52.87; 0.0;-; 10.3; 14.0; 0.0;-;-;2000;-0.1; 0.0; 0.0;-6; 23.8;B;0;-;On;On;Off; 22.8; 22.5;0;0;1393;0;1393;0;1207;0;-
2026/04/25;00:37:00;-;-; 52.87; 0.0;-; 10.4; 13.9; 0.0;-;-;2000;-0.1; 0.0; 0.0;-6; 23.8;B;0;-;On;On;Off; 22.8; 22.5;0;0;1393;0;1393;0;1207;0;-
2026/04/25;00:38:00;-;-; 52.85; 0.0;-; 10.3; 14.1; 0.0;-;-;2000;-0.1; 0.0; 0.0;-7; 23.8;B;0;-;On;On;Off; 22.8; 22.5;0;0;1393;0;1393;0;1207;0;-
2026/04/25;00:39:00;-;-; 52.87; 0.0;-; 10.3; 13.9; 0.0;-;-;2000;-0.1; 0.0; 0.0;-7; 23.8;B;0;-;On;On;Off; 22.8; 22.5;0;0;1393;0;1393;0;1207;0;-
2026/04/25;00:40:00;-;-; 52.87; 0.0;-; 10.2; 13.9; 0.0;-;-;2000;-0.1; 0.0; 0.0;-7; 23.8;B;0;-;On;On;Off; 22.8; 22.5;0;0;1393;0;1393;0;1207;0;-
2026/04/25;00:41:00;-;-; 52.87; 0.0;-; 10.2; 13.8; 0.0;-;-;2000;-0.1; 0.0; 0.0;-7; 23.8;B;0;-;On;On;Off; 22.8; 22.5;0;0;1393;0;1393;0;1207;0;-
2026/04/25;00:42:00;-;-; 52.87; 0.0;-; 10.1; 13.7; 0.0;-;-;2000;-0.1; 0.0; 0.0;-7; 23.8;B;0;-;On;On;Off; 22.8; 22.5;0;0;1393;0;1393;0;1207;0;-
2026/04/25;00:43:00;-;-; 52.85; 0.0;-; 10.2; 13.8; 0.0;-;-;2000;-0.2; 0.0; 0.0;-8; 23.8;B;0;-;On;On;Off; 22.8; 22.5;0;0;1393;0;1393;0;1207;0;-
2026/04/25;00:44:00;-;-; 52.87; 0.0;-; 10.2; 13.8; 0.0;-;-;2000;-0.1; 0.0; 0.0;-7; 23.8;B;0;-;On;On;Off; 22.7; 22.5;0;0;1393;0;1393;0;1207;0;-
2026/04/25;00:44:59;-;-; 52.87; 0.0;-; 10.0; 13.8; 0.0;-;-;2000;-0.1; 0.0; 0.0;-7; 23.8;B;0;-;On;On;Off; 22.8; 22.5;0;0;1393;0;1393;0;1207;0;-
2026/04/25;00:45:59;-;-; 52.87; 0.0;-; 10.0; 13.7; 0.0;-;-;2000;-0.1; 0.0; 0.0;-7; 23.8;B;0;-;On;On;Off; 22.8; 22.5;0;0;1393;0;1393;0;1207;0;-
2026/04/25;00:46:59;-;-; 52.85; 0.0;-; 10.0; 13.8; 0.0;-;-;2000;-0.1; 0.0; 0.0;-7; 23.8;B;0;-;On;On;Off; 22.8; 22.5;0;0;1393;0;1393;0;1207;0;-
2026/04/25;00:47:59;-;-; 52.85; 0.0;-; 10.0; 13.6; 0.0;-;-;2000;-0.1; 0.0; 0.0;-7; 23.8;B;0;-;On;On;Off; 22.7; 22.5;0;0;1393;0;1393;0;1207;0;-
2026/04/25;00:48:59;-;-; 52.87; 0.0;-; 9.9; 13.7; 0.0;-;-;2000;-0.1; 0.0; 0.0;-6; 23.8;B;0;-;On;On;Off; 22.7; 22.5;0;0;1393;0;1393;0;1207;0;-
2026/04/25;00:49:59;-;-; 52.85; 0.0;-; 9.8; 13.6; 0.0;-;-;2000;-0.1; 0.0; 0.0;-7; 23.8;B;0;-;On;On;Off; 22.8; 22.5;0;0;1393;0;1393;0;1207;0;-
2026/04/25;00:50:59;-;-; 52.85; 0.0;-; 9.7; 13.5; 0.0;-;-;2000;-0.1; 0.0; 0.0;-6; 23.8;B;0;-;On;On;Off; 22.7; 22.5;0;0;1393;0;1393;0;1207;0;-
2026/04/25;00:51:59;-;-; 52.85; 0.0;-; 9.6; 13.5; 0.0;-;-;2000;-0.1; 0.0; 0.0;-7; 23.8;B;0;-;On;On;Off; 22.7; 22.5;0;0;1393;0;1393;0;1207;0;-
2026/04/25;00:52:59;-;-; 52.85; 0.0;-; 9.7; 13.5; 0.0;-;-;2000;-0.1; 0.0; 0.0;-7; 23.8;B;0;-;On;On;Off; 22.7; 22.5;0;0;1393;0;1393;0;1207;0;-
2026/04/25;00:53:59;-;-; 52.85; 0.0;-; 9.8; 13.6; 0.0;-;-;2000;-0.1; 0.0; 0.0;-7; 23.8;B;0;-;On;On;Off; 22.7; 22.5;0;0;1393;0;1393;0;1207;0;-
2026/04/25;00:54:59;-;-; 52.85; 0.0;-; 9.7; 13.5; 0.0;-;-;2000;-0.1; 0.0; 0.0;-7; 23.8;B;0;-;On;On;Off; 22.7; 22.5;0;0;1393;0;1393;0;1207;0;-
2026/04/25;00:55:59;-;-; 52.85; 0.0;-; 9.6; 13.4; 0.0;-;-;2000;-0.1; 0.0; 0.0;-7; 23.8;B;0;-;On;On;Off; 22.7; 22.5;0;0;1393;0;1393;0;1207;0;-
2026/04/25;00:56:59;-;-; 52.83; 0.0;-; 9.7; 13.5; 0.0;-;-;2000;-0.1; 0.0; 0.0;-6; 23.8;B;0;-;On;On;Off; 22.7; 22.5;0;0;1393;0;1393;0;1207;0;-
2026/04/25;00:57:59;-;-; 52.85; 0.0;-; 9.7; 13.6; 0.0;-;-;2000;-0.1; 0.0; 0.0;-7; 23.7;B;0;-;On;On;Off; 22.7; 22.4;0;0;1393;0;1393;0;1207;0;-
2026/04/25;00:58:59;-;-; 52.85; 0.0;-; 9.7; 13.4; 0.0;-;-;2000;-0.1; 0.0; 0.0;-7; 23.8;B;0;-;On;On;Off; 22.7; 22.5;0;0;1393;0;1393;0;1207;0;-
2026/04/25;00:59:58;-;-; 52.85; 0.0;-; 9.7; 13.5; 0.0;-;-;2000;-0.1; 0.0; 0.0;-7; 23.8;B;0;-;On;On;Off; 22.7; 22.4;0;0;1393;0;1393;0;1207;0;-
2026/04/25;01:00:58;-;-; 52.85; 0.0;-; 9.7; 13.6; 0.0;-;-;2000;-0.1; 0.0; 0.0;-7; 23.8;B;0;-;On;On;Off; 22.7; 22.5;0;0;1393;0;1393;0;1207;0;-
2026/04/25;01:01:58;-;-; 52.83; 0.0;-; 9.7; 13.6; 0.0;-;-;2000;-0.1; 0.0; 0.0;-7; 23.8;B;0;-;On;On;Off; 22.7; 22.5;0;0;1393;0;1393;0;1207;0;-
2026/04/25;01:02:58;-;-; 52.83; 0.0;-; 9.8; 13.5; 0.0;-;-;2000;-0.1; 0.0; 0.0;-7; 23.8;B;0;-;On;On;Off; 22.7; 22.4;0;0;1393;0;1393;0;1207;0;-
2026/04/25;01:03:58;-;-; 52.85; 0.0;-; 9.7; 13.5; 0.0;-;-;2001;-0.1; 0.0; 0.0;-7; 23.8;B;0;-;On;On;Off; 22.7; 22.4;0;0;1393;0;1393;0;1207;0;-
2026/04/25;01:04:58;-;-; 52.85; 0.0;-; 9.9; 13.5; 0.0;-;-;2001;-0.1; 0.0; 0.0;-7; 23.8;B;0;-;On;On;Off; 22.7; 22.4;0;0;1393;0;1393;0;1207;0;-
2026/04/25;01:05:58;-;-; 52.83; 0.0;-; 9.5; 13.3; 0.0;-;-;2001;-0.1; 0.0; 0.0;-7; 23.8;B;0;-;On;On;Off; 22.7; 22.4;0;0;1393;0;1393;0;1207;0;-
2026/04/25;01:06:58;-;-; 52.85; 0.0;-; 9.5; 13.2; 0.0;-;-;2001;-0.1; 0.0; 0.0;-7; 23.8;B;0;-;On;On;Off; 22.7; 22.4;0;0;1393;0;1393;0;1207;0;-
2026/04/25;01:07:58;-;-; 52.83; 0.0;-; 9.5; 13.4; 0.0;-;-;2001;-0.1; 0.0; 0.0;-7; 23.8;B;0;-;On;On;Off; 22.7; 22.4;0;0;1393;0;1393;0;1207;0;-
2026/04/25;01:08:58;-;-; 52.83; 0.0;-; 9.4; 13.3; 0.0;-;-;2001;-0.2; 0.0; 0.0;-7; 23.8;B;0;-;On;On;Off; 22.7; 22.4;0;0;1393;0;1393;0;1207;0;-
2026/04/25;01:09:58;-;-; 52.85; 0.0;-; 9.6; 13.5; 0.0;-;-;2001;-0.1; 0.0; 0.0;-7; 23.7;B;0;-;On;On;Off; 22.7; 22.4;0;0;1393;0;1393;0;1207;0;-
2026/04/25;01:10:58;-;-; 52.85; 0.0;-; 9.6; 13.4; 0.0;-;-;2001;-0.1; 0.0; 0.0;-7; 23.7;B;0;-;On;On;Off; 22.7; 22.4;0;0;1393;0;1393;0;1207;0;-
2026/04/25;01:11:58;-;-; 52.83; 0.0;-; 9.5; 13.4; 0.0;-;-;2001;-0.1; 0.0; 0.0;-7; 23.7;B;0;-;On;On;Off; 22.7; 22.4;0;0;1393;0;1393;0;1207;0;-
2026/04/25;01:12:58;-;-; 52.85; 0.0;-; 9.7; 13.4; 0.0;-;-;2001;-0.1; 0.0; 0.0;-7; 23.7;B;0;-;On;On;Off; 22.7; 22.4;0;0;1393;0;1393;0;1207;0;-
2026/04/25;01:13:58;-;-; 52.83; 0.0;-; 9.4; 13.3; 0.0;-;-;2001;-0.1; 0.0; 0.0;-6; 23.7;B;0;-;On;On;Off; 22.7; 22.4;0;0;1393;0;1393;0;1207;0;-
2026/04/25;01:14:58;-;-; 52.85; 0.0;-; 9.6; 13.3; 0.0;-;-;2001;-0.1; 0.0; 0.0;-6; 23.7;B;0;-;On;On;Off; 22.7; 22.4;0;0;1393;0;1393;0;1207;0;-
2026/04/25;01:15:57;-;-; 52.85; 0.0;-; 9.5; 13.4; 0.0;-;-;2001;-0.1; 0.0; 0.0;-6; 23.7;B;0;-;On;On;Off; 22.7; 22.4;0;0;1393;0;1393;0;1207;0;-
2026/04/25;01:16:57;-;-; 52.85; 0.0;-; 9.4; 13.3; 0.0;-;-;2001;-0.1; 0.0; 0.0;-6; 23.7;B;0;-;On;On;Off; 22.7; 22.4;0;0;1393;0;1393;0;1207;0;-
2026/04/25;01:17:57;-;-; 52.85; 0.0;-; 9.5; 13.4; 0.0;-;-;2001;-0.1; 0.0; 0.0;-6; 23.7;B;0;-;On;On;Off; 22.7; 22.4;0;0;1393;0;1393;0;1207;0;-
2026/04/25;01:18:57;-;-; 52.83; 0.0;-; 9.7; 13.5; 0.0;-;-;2001;-0.1; 0.0; 0.0;-6; 23.7;B;0;-;On;On;Off; 22.7; 22.4;0;0;1393;0;1393;0;1207;0;-
2026/04/25;01:19:57;-;-; 52.85; 0.0;-; 9.8; 13.6; 0.0;-;-;2001;-0.1; 0.0; 0.0;-6; 23.7;B;0;-;On;On;Off; 22.7; 22.4;0;0;1393;0;1393;0;1207;0;-
2026/04/25;01:20:57;-;-; 52.85; 0.0;-; 9.7; 13.5; 0.0;-;-;2001;-0.1; 0.0; 0.0;-7; 23.7;B;0;-;On;On;Off; 22.7; 22.4;0;0;1393;0;1393;0;1207;0;-
2026/04/25;01:21:57;-;-; 52.85; 0.0;-; 9.7; 13.5; 0.0;-;-;2001;-0.1; 0.0; 0.0;-7; 23.7;B;0;-;On;On;Off; 22.7; 22.4;0;0;1393;0;1393;0;1207;0;-
2026/04/25;01:22:57;-;-; 52.85; 0.0;-; 9.7; 13.6; 0.0;-;-;2001;-0.1; 0.0; 0.0;-7; 23.7;B;0;-;On;On;Off; 22.7; 22.4;0;0;1393;0;1393;0;1207;0;-
2026/04/25;01:23:57;-;-; 52.83; 0.0;-; 9.8; 13.7; 0.0;-;-;2001;-0.1; 0.0; 0.0;-7; 23.7;B;0;-;On;On;Off; 22.7; 22.4;0;0;1393;0;1393;0;1207;0;-
2026/04/25;01:24:57;-;-; 52.85; 0.0;-; 9.8; 13.7; 0.0;-;-;2001;-0.1; 0.0; 0.0;-7; 23.7;B;0;-;On;On;Off; 22.7; 22.4;0;0;1393;0;1393;0;1207;0;-
2026/04/25;01:25:57;-;-; 52.85; 0.0;-; 9.9; 13.7; 0.0;-;-;2001;-0.2; 0.0; 0.0;-7; 23.7;B;0;-;On;On;Off; 22.7; 22.4;0;0;1393;0;1393;0;1207;0;-
2026/04/25;01:26:57;-;-; 52.85; 0.0;-; 10.1; 13.8; 0.0;-;-;2001;-0.1; 0.0; 0.0;-7; 23.7;B;0;-;On;On;Off; 22.7; 22.4;0;0;1393;0;1393;0;1207;0;-
2026/04/25;01:27:57;-;-; 52.85; 0.0;-; 10.0; 13.7; 0.0;-;-;2001;-0.1; 0.0; 0.0;-7; 23.7;B;0;-;On;On;Off; 22.7; 22.4;0;0;1393;0;1393;0;1207;0;-
2026/04/25;01:28:57;-;-; 52.85; 0.0;-; 9.7; 13.6; 0.0;-;-;2001;-0.1; 0.0; 0.0;-7; 23.7;B;0;-;On;On;Off; 22.6; 22.4;0;0;1393;0;1393;0;1207;0;-
2026/04/25;01:29:57;-;-; 52.83; 0.0;-; 9.7; 13.6; 0.0;-;-;2001;-0.1; 0.0; 0.0;-7; 23.7;B;0;-;On;On;Off; 22.7; 22.4;0;0;1393;0;1393;0;1207;0;-
2026/04/25;01:30:57;-;-; 52.83; 0.0;-; 9.5; 13.4; 0.0;-;-;2001;-0.2; 0.0; 0.0;-8; 23.6;B;0;-;On;On;Off; 22.7; 22.4;0;0;1393;0;1393;0;1207;0;-
2026/04/25;01:31:56;-;-; 52.83; 0.0;-; 9.2; 13.1; 0.0;-;-;2001;-0.2; 0.0; 0.0;-7; 23.6;B;0;-;On;On;Off; 22.6; 22.4;0;0;1393;0;1393;0;1207;0;-
2026/04/25;01:32:56;-;-; 52.83; 0.0;-; 9.1; 13.0; 0.0;-;-;2001;-0.2; 0.0; 0.0;-7; 23.6;B;0;-;On;On;Off; 22.6; 22.4;0;0;1393;0;1393;0;1207;0;-
2026/04/25;01:33:56;-;-; 52.83; 0.0;-; 9.0; 13.1; 0.0;-;-;2001;-0.2; 0.0; 0.0;-7; 23.6;B;0;-;On;On;Off; 22.6; 22.4;0;0;1393;0;1393;0;1207;0;-
2026/04/25;01:34:56;-;-; 52.83; 0.0;-; 9.1; 13.1; 0.0;-;-;2001;-0.1; 0.0; 0.0;-7; 23.6;B;0;-;On;On;Off; 22.6; 22.4;0;0;1393;0;1393;0;1207;0;-
2026/04/25;01:35:56;-;-; 52.81; 0.0;-; 9.1; 13.2; 0.0;-;-;2001;-0.1; 0.0; 0.0;-7; 23.6;B;0;-;On;On;Off; 22.6; 22.4;0;0;1393;0;1393;0;1207;0;-
2026/04/25;01:36:56;-;-; 52.83; 0.0;-; 9.0; 13.1; 0.0;-;-;2001;-0.1; 0.0; 0.0;-7; 23.6;B;0;-;On;On;Off; 22.6; 22.4;0;0;1393;0;1393;0;1207;0;-
2026/04/25;01:37:56;-;-; 52.83; 0.0;-; 9.0; 13.0; 0.0;-;-;2001;-0.1; 0.0; 0.0;-7; 23.6;B;0;-;On;On;Off; 22.6; 22.4;0;0;1393;0;1393;0;1207;0;-
2026/04/25;01:38:56;-;-; 52.83; 0.0;-; 9.1; 13.2; 0.0;-;-;2001;-0.1; 0.0; 0.0;-6; 23.6;B;0;-;On;On;Off; 22.6; 22.3;0;0;1393;0;1393;0;1207;0;-
2026/04/25;01:39:56;-;-; 52.81; 0.0;-; 9.3; 13.3; 0.0;-;-;2001;-0.1; 0.0; 0.0;-6; 23.6;B;0;-;On;On;Off; 22.6; 22.4;0;0;1393;0;1393;0;1207;0;-
2026/04/25;01:40:56;-;-; 52.83; 0.0;-; 9.6; 13.5; 0.0;-;-;2001;-0.1; 0.0; 0.0;-6; 23.6;B;0;-;On;On;Off; 22.6; 22.3;0;0;1393;0;1393;0;1207;0;-
2026/04/25;01:41:56;-;-; 52.81; 0.0;-; 9.9; 13.8; 0.0;-;-;2001;-0.1; 0.0; 0.0;-7; 23.6;B;0;-;On;On;Off; 22.6; 22.3;0;0;1393;0;1393;0;1207;0;-
2026/04/25;01:42:56;-;-; 52.83; 0.0;-; 10.1; 13.9; 0.0;-;-;2001;-0.1; 0.0; 0.0;-7; 23.6;B;0;-;On;On;Off; 22.6; 22.4;0;0;1393;0;1393;0;1207;0;-
2026/04/25;01:43:56;-;-; 52.81; 0.0;-; 10.2; 13.8; 0.0;-;-;2001;-0.1; 0.0; 0.0;-7; 23.6;B;0;-;On;On;Off; 22.6; 22.3;0;0;1393;0;1393;0;1207;0;-
2026/04/25;01:44:56;-;-; 52.81; 0.0;-; 10.3; 14.0; 0.0;-;-;2001;-0.1; 0.0; 0.0;-7; 23.6;B;0;-;On;On;Off; 22.6; 22.3;0;0;1393;0;1393;0;1207;0;-
2026/04/25;01:45:56;-;-; 52.81; 0.0;-; 10.3; 14.0; 0.0;-;-;2001;-0.1; 0.0; 0.0;-7; 23.6;B;0;-;On;On;Off; 22.6; 22.3;0;0;1393;0;1393;0;1207;0;-
2026/04/25;01:46:56;-;-; 52.83; 0.0;-; 10.3; 13.9; 0.0;-;-;2001;-0.2; 0.0; 0.0;-7; 23.5;B;0;-;On;On;Off; 22.6; 22.3;0;0;1393;0;1393;0;1207;0;-
2026/04/25;01:47:55;-;-; 52.83; 0.0;-; 10.4; 14.1; 0.0;-;-;2001;-0.1; 0.0; 0.0;-7; 23.5;B;0;-;On;On;Off; 22.6; 22.3;0;0;1393;0;1393;0;1207;0;-
2026/04/25;01:48:55;-;-; 52.83; 0.0;-; 10.3; 13.9; 0.0;-;-;2001;-0.1; 0.0; 0.0;-7; 23.5;B;0;-;On;On;Off; 22.6; 22.3;0;0;1393;0;1393;0;1207;0;-
2026/04/25;01:49:55;-;-; 52.81; 0.0;-; 10.2; 13.8; 0.0;-;-;2001;-0.1; 0.0; 0.0;-7; 23.5;B;0;-;On;On;Off; 22.6; 22.3;0;0;1393;0;1393;0;1207;0;-
2026/04/25;01:50:55;-;-; 52.81; 0.0;-; 10.0; 13.7; 0.0;-;-;2001;-0.1; 0.0; 0.0;-7; 23.6;B;0;-;On;On;Off; 22.6; 22.3;0;0;1393;0;1393;0;1207;0;-
2026/04/25;01:51:55;-;-; 52.81; 0.0;-; 9.9; 13.7; 0.0;-;-;2001;-0.1; 0.0; 0.0;-7; 23.5;B;0;-;On;On;Off; 22.6; 22.3;0;0;1393;0;1393;0;1207;0;-
2026/04/25;01:52:55;-;-; 52.83; 0.0;-; 10.1; 13.9; 0.0;-;-;2001;-0.1; 0.0; 0.0;-7; 23.5;B;0;-;On;On;Off; 22.6; 22.3;0;0;1393;0;1393;0;1207;0;-
2026/04/25;01:53:55;-;-; 52.81; 0.0;-; 10.1; 13.9; 0.0;-;-;2001;-0.1; 0.0; 0.0;-7; 23.5;B;0;-;On;On;Off; 22.6; 22.3;0;0;1393;0;1393;0;1207;0;-
2026/04/25;01:54:55;-;-; 52.83; 0.0;-; 10.1; 13.9; 0.0;-;-;2001;-0.1; 0.0; 0.0;-7; 23.5;B;0;-;On;On;Off; 22.6; 22.3;0;0;1393;0;1393;0;1207;0;-
2026/04/25;01:55:55;-;-; 52.81; 0.0;-; 10.3; 14.0; 0.0;-;-;2001;-0.1; 0.0; 0.0;-7; 23.6;B;0;-;On;On;Off; 22.6; 22.3;0;0;1393;0;1393;0;1207;0;-
2026/04/25;01:56:55;-;-; 52.81; 0.0;-; 10.4; 14.0; 0.0;-;-;2001;-0.1; 0.0; 0.0;-7; 23.6;B;0;-;On;On;Off; 22.6; 22.3;0;0;1393;0;1393;0;1207;0;-
2026/04/25;01:57:55;-;-; 52.83; 0.0;-; 10.5; 14.1; 0.0;-;-;2001;-0.1; 0.0; 0.0;-7; 23.6;B;0;-;On;On;Off; 22.6; 22.3;0;0;1393;0;1393;0;1207;0;-
2026/04/25;01:58:55;-;-; 52.83; 0.0;-; 10.5; 14.1; 0.0;-;-;2001;-0.1; 0.0; 0.0;-7; 23.6;B;0;-;On;On;Off; 22.6; 22.3;0;0;1393;0;1393;0;1207;0;-
2026/04/25;01:59:55;-;-; 52.83; 0.0;-; 10.5; 14.2; 0.0;-;-;2001;-0.1; 0.0; 0.0;-6; 23.5;B;0;-;On;On;Off; 22.6; 22.3;0;0;1393;0;1393;0;1207;0;-
2026/04/25;02:00:55;-;-; 52.83; 0.0;-; 10.7; 14.3; 0.0;-;-;2001;-0.1; 0.0; 0.0;-7; 23.6;B;0;-;On;On;Off; 22.6; 22.3;0;0;1393;0;1393;0;1207;0;-
2026/04/25;02:01:55;-;-; 52.83; 0.0;-; 10.8; 14.4; 0.0;-;-;2001;-0.1; 0.0; 0.0;-6; 23.6;B;0;-;On;On;Off; 22.6; 22.3;0;0;1393;0;1393;0;1207;0;-
2026/04/25;02:02:54;-;-; 52.83; 0.0;-; 10.9; 14.4; 0.0;-;-;2001;-0.1; 0.0; 0.0;-6; 23.5;B;0;-;On;On;Off; 22.6; 22.3;0;0;1393;0;1393;0;1207;0;-
2026/04/25;02:03:54;-;-; 52.83; 0.0;-; 10.9; 14.6; 0.0;-;-;2002;-0.1; 0.0; 0.0;-6; 23.5;B;0;-;On;On;Off; 22.6; 22.3;0;0;1393;0;1393;0;1207;0;-
2026/04/25;02:04:54;-;-; 52.81; 0.0;-; 11.0; 14.6; 0.0;-;-;2002;-0.1; 0.0; 0.0;-6; 23.5;B;0;-;On;On;Off; 22.6; 22.3;0;0;1393;0;1393;0;1207;0;-
2026/04/25;02:05:54;-;-; 52.83; 0.0;-; 11.1; 14.5; 0.0;-;-;2002;-0.1; 0.0; 0.0;-7; 23.5;B;0;-;On;On;Off; 22.6; 22.3;0;0;1393;0;1393;0;1207;0;-
2026/04/25;02:06:54;-;-; 52.83; 0.0;-; 11.1; 14.5; 0.0;-;-;2002;-0.1; 0.0; 0.0;-7; 23.5;B;0;-;On;On;Off; 22.6; 22.3;0;0;1393;0;1393;0;1207;0;-
2026/04/25;02:07:54;-;-; 52.83; 0.0;-; 11.2; 14.7; 0.0;-;-;2002;-0.1; 0.0; 0.0;-6; 23.5;B;0;-;On;On;Off; 22.6; 22.3;0;0;1393;0;1393;0;1207;0;-
2026/04/25;02:08:54;-;-; 52.83; 0.0;-; 11.1; 14.7; 0.0;-;-;2002;-0.1; 0.0; 0.0;-7; 23.5;B;0;-;On;On;Off; 22.6; 22.3;0;0;1393;0;1393;0;1207;0;-
2026/04/25;02:09:54;-;-; 52.81; 0.0;-; 11.9; 14.8; 0.0;-;-;2002;-0.1; 0.0; 0.0;-7; 23.5;B;0;-;On;On;Off; 22.6; 22.3;0;0;1393;0;1393;0;1207;0;-
2026/04/25;02:10:54;-;-; 52.81; 0.0;-; 11.2; 14.7; 0.0;-;-;2002;-0.1; 0.0; 0.0;-6; 23.5;B;0;-;On;On;Off; 22.6; 22.3;0;0;1393;0;1393;0;1207;0;-
2026/04/25;02:11:54;-;-; 52.81; 0.0;-; 11.1; 14.5; 0.0;-;-;2002;-0.1; 0.0; 0.0;-6; 23.5;B;0;-;On;On;Off; 22.6; 22.3;0;0;1393;0;1393;0;1207;0;-
2026/04/25;02:12:54;-;-; 52.81; 0.0;-; 11.0; 14.5; 0.0;-;-;2002;-0.1; 0.0; 0.0;-6; 23.5;B;0;-;On;On;Off; 22.6; 22.3;0;0;1393;0;1393;0;1207;0;-
2026/04/25;02:13:54;-;-; 52.81; 0.0;-; 11.0; 14.6; 0.0;-;-;2002;-0.1; 0.0; 0.0;-6; 23.5;B;0;-;On;On;Off; 22.6; 22.3;0;0;1393;0;1393;0;1207;0;-
2026/04/25;02:14:54;-;-; 52.81; 0.0;-; 11.0; 14.4; 0.0;-;-;2002;-0.1; 0.0; 0.0;-6; 23.5;B;0;-;On;On;Off; 22.6; 22.3;0;0;1393;0;1393;0;1207;0;-
2026/04/25;02:15:54;-;-; 52.81; 0.0;-; 10.9; 14.4; 0.0;-;-;2002;-0.1; 0.0; 0.0;-6; 23.5;B;0;-;On;On;Off; 22.6; 22.3;0;0;1393;0;1393;0;1207;0;-
2026/04/25;02:16:54;-;-; 52.81; 0.0;-; 10.8; 14.3; 0.0;-;-;2002;-0.1; 0.0; 0.0;-6; 23.5;B;0;-;On;On;Off; 22.6; 22.3;0;0;1393;0;1393;0;1207;0;-
2026/04/25;02:17:54;-;-; 52.79; 0.0;-; 10.8; 14.4; 0.0;-;-;2002;-0.1; 0.0; 0.0;-6; 23.5;B;0;-;On;On;Off; 22.6; 22.3;0;0;1393;0;1393;0;1207;0;-
2026/04/25;02:18:53;-;-; 52.81; 0.0;-; 10.7; 14.2; 0.0;-;-;2002;-0.1; 0.0; 0.0;-7; 23.5;B;0;-;On;On;Off; 22.6; 22.3;0;0;1393;0;1393;0;1207;0;-
2026/04/25;02:19:53;-;-; 52.79; 0.0;-; 10.7; 14.3; 0.0;-;-;2002;-0.1; 0.0; 0.0;-7; 23.5;B;0;-;On;On;Off; 22.6; 22.3;0;0;1393;0;1393;0;1207;0;-
2026/04/25;02:20:53;-;-; 52.81; 0.0;-; 10.8; 14.3; 0.0;-;-;2002;-0.1; 0.0; 0.0;-7; 23.5;B;0;-;On;On;Off; 22.6; 22.3;0;0;1393;0;1393;0;1207;0;-
2026/04/25;02:21:53;-;-; 52.81; 0.0;-; 10.8; 14.4; 0.0;-;-;2002;-0.1; 0.0; 0.0;-7; 23.5;B;0;-;On;On;Off; 22.5; 22.3;0;0;1393;0;1393;0;1207;0;-
2026/04/25;02:22:53;-;-; 52.81; 0.0;-; 10.9; 14.5; 0.0;-;-;2002;-0.1; 0.0; 0.0;-6; 23.5;B;0;-;On;On;Off; 22.6; 22.3;0;0;1393;0;1393;0;1207;0;-
2026/04/25;02:23:53;-;-; 52.79; 0.0;-; 10.9; 14.4; 0.0;-;-;2002;-0.1; 0.0; 0.0;-7; 23.5;B;0;-;On;On;Off; 22.5; 22.3;0;0;1393;0;1393;0;1207;0;-
2026/04/25;02:24:53;-;-; 52.81; 0.0;-; 10.9; 14.3; 0.0;-;-;2002;-0.1; 0.0; 0.0;-7; 23.5;B;0;-;On;On;Off; 22.5; 22.3;0;0;1393;0;1393;0;1207;0;-
2026/04/25;02:25:53;-;-; 52.81; 0.0;-; 10.8; 14.4; 0.0;-;-;2002;-0.1; 0.0; 0.0;-6; 23.5;B;0;-;On;On;Off; 22.5; 22.3;0;0;1393;0;1393;0;1207;0;-
2026/04/25;02:26:53;-;-; 52.81; 0.0;-; 10.8; 14.4; 0.0;-;-;2002;-0.1; 0.0; 0.0;-6; 23.5;B;0;-;On;On;Off; 22.5; 22.3;0;0;1393;0;1393;0;1207;0;-
2026/04/25;02:27:53;-;-; 52.81; 0.0;-; 10.7; 14.2; 0.0;-;-;2002;-0.1; 0.0; 0.0;-6; 23.5;B;0;-;On;On;Off; 22.6; 22.3;0;0;1393;0;1393;0;1207;0;-
2026/04/25;02:28:53;-;-; 52.81; 0.0;-; 10.8; 14.4; 0.0;-;-;2002;-0.1; 0.0; 0.0;-7; 23.5;B;0;-;On;On;Off; 22.6; 22.3;0;0;1393;0;1393;0;1207;0;-
2026/04/25;02:29:53;-;-; 52.81; 0.0;-; 10.7; 14.3; 0.0;-;-;2002;-0.1; 0.0; 0.0;-6; 23.5;B;0;-;On;On;Off; 22.5; 22.3;0;0;1393;0;1393;0;1207;0;-
2026/04/25;02:30:53;-;-; 52.81; 0.0;-; 10.7; 14.2; 0.0;-;-;2002;-0.1; 0.0; 0.0;-7; 23.5;B;0;-;On;On;Off; 22.5; 22.3;0;0;1393;0;1393;0;1207;0;-
2026/04/25;02:31:53;-;-; 52.81; 0.0;-; 10.6; 14.3; 0.0;-;-;2002;-0.1; 0.0; 0.0;-6; 23.5;B;0;-;On;On;Off; 22.5; 22.3;0;0;1393;0;1393;0;1207;0;-
2026/04/25;02:32:53;-;-; 52.81; 0.0;-; 10.4; 14.0; 0.0;-;-;2002;-0.1; 0.0; 0.0;-7; 23.5;B;0;-;On;On;Off; 22.6; 22.3;0;0;1393;0;1393;0;1207;0;-
2026/04/25;02:33:53;-;-; 52.81; 0.0;-; 10.2; 13.9; 0.0;-;-;2002;-0.1; 0.0; 0.0;-7; 23.5;B;0;-;On;On;Off; 22.5; 22.3;0;0;1393;0;1393;0;1207;0;-
2026/04/25;02:34:52;-;-; 52.81; 0.0;-; 10.1; 13.8; 0.0;-;-;2002;-0.1; 0.0; 0.0;-7; 23.5;B;0;-;On;On;Off; 22.5; 22.3;0;0;1393;0;1393;0;1207;0;-
2026/04/25;02:35:52;-;-; 52.81; 0.0;-; 9.9; 13.6; 0.0;-;-;2002;-0.1; 0.0; 0.0;-7; 23.5;B;0;-;On;On;Off; 22.5; 22.2;0;0;1393;0;1393;0;1207;0;-
2026/04/25;02:36:52;-;-; 52.81; 0.0;-; 9.9; 13.7; 0.0;-;-;2002;-0.1; 0.0; 0.0;-7; 23.5;B;0;-;On;On;Off; 22.5; 22.3;0;0;1393;0;1393;0;1207;0;-
2026/04/25;02:37:52;-;-; 52.81; 0.0;-; 9.9; 13.6; 0.0;-;-;2002;-0.1; 0.0; 0.0;-7; 23.5;B;0;-;On;On;Off; 22.5; 22.2;0;0;1393;0;1393;0;1207;0;-
2026/04/25;02:38:52;-;-; 52.81; 0.0;-; 9.9; 13.6; 0.0;-;-;2002;-0.1; 0.0; 0.0;-7; 23.5;B;0;-;On;On;Off; 22.5; 22.2;0;0;1393;0;1393;0;1207;0;-
2026/04/25;02:39:52;-;-; 52.81; 0.0;-; 10.0; 13.7; 0.0;-;-;2002;-0.1; 0.0; 0.0;-7; 23.5;B;0;-;On;On;Off; 22.5; 22.3;0;0;1393;0;1393;0;1207;0;-
2026/04/25;02:40:52;-;-; 52.81; 0.0;-; 10.1; 13.9; 0.0;-;-;2002;-0.1; 0.0; 0.0;-7; 23.5;B;0;-;On;On;Off; 22.5; 22.2;0;0;1393;0;1393;0;1207;0;-
2026/04/25;02:41:52;-;-; 52.81; 0.0;-; 10.2; 13.9; 0.0;-;-;2002;-0.1; 0.0; 0.0;-7; 23.5;B;0;-;On;On;Off; 22.5; 22.2;0;0;1393;0;1393;0;1207;0;-
2026/04/25;02:42:52;-;-; 52.79; 0.0;-; 10.2; 13.9; 0.0;-;-;2002;-0.1; 0.0; 0.0;-7; 23.5;B;0;-;On;On;Off; 22.5; 22.2;0;0;1393;0;1393;0;1207;0;-
2026/04/25;02:43:52;-;-; 52.81; 0.0;-; 11.8; 14.0; 0.0;-;-;2002;-0.1; 0.0; 0.0;-7; 23.5;B;0;-;On;On;Off; 22.5; 22.2;0;0;1393;0;1393;0;1207;0;-
2026/04/25;02:44:52;-;-; 52.81; 0.0;-; 10.1; 13.9; 0.0;-;-;2002;-0.1; 0.0; 0.0;-7; 23.5;B;0;-;On;On;Off; 22.5; 22.2;0;0;1393;0;1393;0;1207;0;-
2026/04/25;02:45:52;-;-; 52.79; 0.0;-; 10.0; 13.7; 0.0;-;-;2002;-0.1; 0.0; 0.0;-7; 23.5;B;0;-;On;On;Off; 22.5; 22.2;0;0;1393;0;1393;0;1207;0;-
2026/04/25;02:46:52;-;-; 52.81; 0.0;-; 9.7; 13.6; 0.0;-;-;2002;-0.2; 0.0; 0.0;-8; 23.4;B;0;-;On;On;Off; 22.5; 22.2;0;0;1393;0;1393;0;1207;0;-
2026/04/25;02:47:52;-;-; 52.81; 0.0;-; 9.6; 13.5; 0.0;-;-;2002;-0.2; 0.0; 0.0;-8; 23.4;B;0;-;On;On;Off; 22.5; 22.2;0;0;1393;0;1393;0;1207;0;-
2026/04/25;02:48:52;-;-; 52.81; 0.0;-; 9.5; 13.4; 0.0;-;-;2002;-0.2; 0.0; 0.0;-8; 23.4;B;0;-;On;On;Off; 22.5; 22.2;0;0;1393;0;1393;0;1207;0;-
2026/04/25;02:49:51;-;-; 52.81; 0.0;-; 9.5; 13.4; 0.0;-;-;2002;-0.2; 0.0; 0.0;-7; 23.5;B;0;-;On;On;Off; 22.5; 22.2;0;0;1393;0;1393;0;1207;0;-
2026/04/25;02:50:51;-;-; 52.81; 0.0;-; 9.5; 13.4; 0.0;-;-;2002;-0.1; 0.0; 0.0;-7; 23.4;B;0;-;On;On;Off; 22.5; 22.2;0;0;1393;0;1393;0;1207;0;-
2026/04/25;02:51:51;-;-; 52.81; 0.0;-; 9.6; 13.6; 0.0;-;-;2002;-0.2; 0.0; 0.0;-7; 23.4;B;0;-;On;On;Off; 22.5; 22.2;0;0;1393;0;1393;0;1207;0;-
2026/04/25;02:52:51;-;-; 52.81; 0.0;-; 9.6; 13.5; 0.0;-;-;2002;-0.1; 0.0; 0.0;-7; 23.4;B;0;-;On;On;Off; 22.5; 22.2;0;0;1393;0;1393;0;1207;0;-
2026/04/25;02:53:51;-;-; 52.81; 0.0;-; 9.5; 13.5; 0.0;-;-;2002;-0.1; 0.0; 0.0;-7; 23.4;B;0;-;On;On;Off; 22.5; 22.2;0;0;1393;0;1393;0;1207;0;-
2026/04/25;02:54:51;-;-; 52.81; 0.0;-; 9.5; 13.5; 0.0;-;-;2002;-0.1; 0.0; 0.0;-7; 23.4;B;0;-;On;On;Off; 22.5; 22.2;0;0;1393;0;1393;0;1207;0;-
2026/04/25;02:55:51;-;-; 52.81; 0.0;-; 9.5; 13.5; 0.0;-;-;2002;-0.1; 0.0; 0.0;-7; 23.4;B;0;-;On;On;Off; 22.5; 22.2;0;0;1393;0;1393;0;1207;0;-
2026/04/25;02:56:51;-;-; 52.81; 0.0;-; 9.5; 13.4; 0.0;-;-;2002;-0.1; 0.0; 0.0;-7; 23.4;B;0;-;On;On;Off; 22.5; 22.2;0;0;1393;0;1393;0;1207;0;-
2026/04/25;02:57:51;-;-; 52.79; 0.0;-; 9.6; 13.5; 0.0;-;-;2002;-0.2; 0.0; 0.0;-7; 23.4;B;0;-;On;On;Off; 22.5; 22.2;0;0;1393;0;1393;0;1207;0;-
2026/04/25;02:58:51;-;-; 52.81; 0.0;-; 9.7; 13.5; 0.0;-;-;2002;-0.2; 0.0; 0.0;-8; 23.4;B;0;-;On;On;Off; 22.5; 22.2;0;0;1393;0;1393;0;1207;0;-
2026/04/25;02:59:51;-;-; 52.79; 0.0;-; 9.7; 13.6; 0.0;-;-;2002;-0.2; 0.0; 0.0;-8; 23.4;B;0;-;On;On;Off; 22.5; 22.2;0;0;1393;0;1393;0;1207;0;-
2026/04/25;03:00:51;-;-; 52.77; 0.0;-; 9.9; 13.6; 0.0;-;-;2002;-0.1; 0.0; 0.0;-7; 23.4;B;0;-;On;On;Off; 22.5; 22.2;0;0;1393;0;1393;0;1207;0;-
2026/04/25;03:01:51;-;-; 52.79; 0.0;-; 10.1; 13.9; 0.0;-;-;2002;-0.2; 0.0; 0.0;-7; 23.4;B;0;-;On;On;Off; 22.5; 22.2;0;0;1393;0;1393;0;1207;0;-
2026/04/25;03:02:51;-;-; 52.77; 0.0;-; 10.2; 14.0; 0.0;-;-;2002;-0.2; 0.0; 0.0;-7; 23.4;B;0;-;On;On;Off; 22.5; 22.2;0;0;1393;0;1393;0;1207;0;-
2026/04/25;03:03:51;-;-; 52.79; 0.0;-; 10.4; 14.1; 0.0;-;-;2003;-0.2; 0.0; 0.0;-8; 23.4;B;0;-;On;On;Off; 22.5; 22.2;0;0;1393;0;1393;0;1207;0;-
2026/04/25;03:04:51;-;-; 52.79; 0.0;-; 10.5; 14.2; 0.0;-;-;2003;-0.2; 0.0; 0.0;-8; 23.4;B;0;-;On;On;Off; 22.5; 22.2;0;0;1393;0;1393;0;1207;0;-
2026/04/25;03:05:50;-;-; 52.79; 0.0;-; 10.5; 14.4; 0.0;-;-;2003;-0.1; 0.0; 0.0;-7; 23.3;B;0;-;On;On;Off; 22.5; 22.2;0;0;1393;0;1393;0;1207;0;-
2026/04/25;03:06:50;-;-; 52.77; 0.0;-; 10.6; 14.1; 0.0;-;-;2003;-0.1; 0.0; 0.0;-7; 23.3;B;0;-;On;On;Off; 22.5; 22.2;0;0;1393;0;1393;0;1207;0;-
2026/04/25;03:07:50;-;-; 52.77; 0.0;-; 10.6; 14.2; 0.0;-;-;2003;-0.1; 0.0; 0.0;-7; 23.3;B;0;-;On;On;Off; 22.5; 22.2;0;0;1393;0;1393;0;1207;0;-
2026/04/25;03:08:50;-;-; 52.79; 0.0;-; 10.4; 14.2; 0.0;-;-;2003;-0.1; 0.0; 0.0;-7; 23.4;B;0;-;On;On;Off; 22.5; 22.2;0;0;1393;0;1393;0;1207;0;-
2026/04/25;03:09:50;-;-; 52.77; 0.0;-; 10.4; 14.1; 0.0;-;-;2003;-0.1; 0.0; 0.0;-7; 23.3;B;0;-;On;On;Off; 22.5; 22.2;0;0;1393;0;1393;0;1207;0;-
2026/04/25;03:10:50;-;-; 52.79; 0.0;-; 10.4; 13.9; 0.0;-;-;2003;-0.1; 0.0; 0.0;-7; 23.3;B;0;-;On;On;Off; 22.4; 22.2;0;0;1393;0;1393;0;1207;0;-
2026/04/25;03:11:50;-;-; 52.77; 0.0;-; 10.4; 13.9; 0.0;-;-;2003;-0.1; 0.0; 0.0;-7; 23.3;B;0;-;On;On;Off; 22.5; 22.2;0;0;1393;0;1393;0;1207;0;-
2026/04/25;03:12:50;-;-; 52.79; 0.0;-; 10.5; 14.0; 0.0;-;-;2003;-0.1; 0.0; 0.0;-7; 23.3;B;0;-;On;On;Off; 22.4; 22.2;0;0;1393;0;1393;0;1207;0;-
2026/04/25;03:13:50;-;-; 52.79; 0.0;-; 10.5; 14.1; 0.0;-;-;2003;-0.1; 0.0; 0.0;-7; 23.3;B;0;-;On;On;Off; 22.5; 22.2;0;0;1393;0;1393;0;1207;0;-
2026/04/25;03:14:50;-;-; 52.79; 0.0;-; 10.6; 14.1; 0.0;-;-;2003;-0.1; 0.0; 0.0;-7; 23.3;B;0;-;On;On;Off; 22.4; 22.2;0;0;1393;0;1393;0;1207;0;-
2026/04/25;03:15:50;-;-; 52.79; 0.0;-; 10.9; 14.1; 0.0;-;-;2003;-0.1; 0.0; 0.0;-7; 23.3;B;0;-;On;On;Off; 22.4; 22.2;0;0;1393;0;1393;0;1207;0;-
2026/04/25;03:16:50;-;-; 52.79; 0.0;-; 10.7; 14.3; 0.0;-;-;2003;-0.1; 0.0; 0.0;-7; 23.3;B;0;-;On;On;Off; 22.5; 22.2;0;0;1393;0;1393;0;1207;0;-
2026/04/25;03:17:50;-;-; 52.79; 0.0;-; 10.6; 14.1; 0.0;-;-;2003;-0.1; 0.0; 0.0;-7; 23.3;B;0;-;On;On;Off; 22.4; 22.2;0;0;1393;0;1393;0;1207;0;-
2026/04/25;03:18:50;-;-; 52.79; 0.0;-; 10.7; 14.3; 0.0;-;-;2003;-0.1; 0.0; 0.0;-7; 23.3;B;0;-;On;On;Off; 22.4; 22.1;0;0;1393;0;1393;0;1207;0;-
2026/04/25;03:19:50;-;-; 52.79; 0.0;-; 10.6; 14.3; 0.0;-;-;2003;-0.1; 0.0; 0.0;-6; 23.3;B;0;-;On;On;Off; 22.4; 22.1;0;0;1393;0;1393;0;1207;0;-
2026/04/25;03:20:50;-;-; 52.79; 0.0;-; 10.7; 14.3; 0.0;-;-;2003;-0.1; 0.0; 0.0;-7; 23.3;B;0;-;On;On;Off; 22.4; 22.2;0;0;1393;0;1393;0;1207;0;-
2026/04/25;03:21:49;-;-; 52.79; 0.0;-; 10.5; 14.2; 0.0;-;-;2003;-0.2; 0.0; 0.0;-7; 23.3;B;0;-;On;On;Off; 22.4; 22.2;0;0;1393;0;1393;0;1207;0;-
2026/04/25;03:22:49;-;-; 52.79; 0.0;-; 10.5; 14.2; 0.0;-;-;2003;-0.1; 0.0; 0.0;-7; 23.3;B;0;-;On;On;Off; 22.4; 22.1;0;0;1393;0;1393;0;1207;0;-
2026/04/25;03:23:49;-;-; 52.79; 0.0;-; 10.3; 14.1; 0.0;-;-;2003;-0.1; 0.0; 0.0;-7; 23.3;B;0;-;On;On;Off; 22.4; 22.1;0;0;1393;0;1393;0;1207;0;-
2026/04/25;03:24:49;-;-; 52.77; 0.0;-; 10.2; 13.9; 0.0;-;-;2003;-0.1; 0.0; 0.0;-7; 23.3;B;0;-;On;On;Off; 22.4; 22.1;0;0;1393;0;1393;0;1207;0;-
2026/04/25;03:25:49;-;-; 52.77; 0.0;-; 10.1; 13.9; 0.0;-;-;2003;-0.1; 0.0; 0.0;-7; 23.3;B;0;-;On;On;Off; 22.4; 22.1;0;0;1393;0;1393;0;1207;0;-
2026/04/25;03:26:49;-;-; 52.79; 0.0;-; 10.1; 13.8; 0.0;-;-;2003;-0.1; 0.0; 0.0;-7; 23.3;B;0;-;On;On;Off; 22.4; 22.1;0;0;1393;0;1393;0;1207;0;-
2026/04/25;03:27:49;-;-; 52.77; 0.0;-; 10.2; 13.8; 0.0;-;-;2003;-0.2; 0.0; 0.0;-7; 23.3;B;0;-;On;On;Off; 22.4; 22.1;0;0;1393;0;1393;0;1207;0;-
2026/04/25;03:28:49;-;-; 52.77; 0.0;-; 10.2; 14.1; 0.0;-;-;2003;-0.2; 0.0; 0.0;-7; 23.3;B;0;-;On;On;Off; 22.4; 22.1;0;0;1393;0;1393;0;1207;0;-
2026/04/25;03:29:49;-;-; 52.79; 0.0;-; 10.1; 14.0; 0.0;-;-;2003;-0.1; 0.0; 0.0;-7; 23.3;B;0;-;On;On;Off; 22.4; 22.1;0;0;1393;0;1393;0;1207;0;-
2026/04/25;03:30:49;-;-; 52.79; 0.0;-; 10.2; 14.0; 0.0;-;-;2003;-0.1; 0.0; 0.0;-7; 23.3;B;0;-;On;On;Off; 22.4; 22.1;0;0;1393;0;1393;0;1207;0;-
2026/04/25;03:31:49;-;-; 52.79; 0.0;-; 10.2; 14.0; 0.0;-;-;2003;-0.1; 0.0; 0.0;-7; 23.3;B;0;-;On;On;Off; 22.4; 22.1;0;0;1393;0;1393;0;1207;0;-
2026/04/25;03:32:49;-;-; 52.79; 0.0;-; 10.3; 14.1; 0.0;-;-;2003;-0.2; 0.0; 0.0;-7; 23.3;B;0;-;On;On;Off; 22.4; 22.1;0;0;1393;0;1393;0;1207;0;-
2026/04/25;03:33:49;-;-; 52.79; 0.0;-; 10.5; 14.1; 0.0;-;-;2003;-0.1; 0.0; 0.0;-7; 23.3;B;0;-;On;On;Off; 22.4; 22.1;0;0;1393;0;1393;0;1207;0;-
2026/04/25;03:34:49;-;-; 52.79; 0.0;-; 10.6; 14.4; 0.0;-;-;2003;-0.1; 0.0; 0.0;-7; 23.3;B;0;-;On;On;Off; 22.4; 22.1;0;0;1393;0;1393;0;1207;0;-
2026/04/25;03:35:49;-;-; 52.79; 0.0;-; 10.6; 14.2; 0.0;-;-;2003;-0.2; 0.0; 0.0;-8; 23.3;B;0;-;On;On;Off; 22.4; 22.1;0;0;1393;0;1393;0;1207;0;-
2026/04/25;03:36:49;-;-; 52.77; 0.0;-; 10.7; 14.4; 0.0;-;-;2003;-0.1; 0.0; 0.0;-7; 23.3;B;0;-;On;On;Off; 22.4; 22.1;0;0;1393;0;1393;0;1207;0;-
2026/04/25;03:37:48;-;-; 52.77; 0.0;-; 10.6; 14.3; 0.0;-;-;2003;-0.1; 0.0; 0.0;-7; 23.3;B;0;-;On;On;Off; 22.4; 22.1;0;0;1393;0;1393;0;1207;0;-
2026/04/25;03:38:48;-;-; 52.79; 0.0;-; 10.6; 14.3; 0.0;-;-;2003;-0.1; 0.0; 0.0;-7; 23.3;B;0;-;On;On;Off; 22.4; 22.1;0;0;1393;0;1393;0;1207;0;-
2026/04/25;03:39:48;-;-; 52.77; 0.0;-; 10.6; 14.3; 0.0;-;-;2003;-0.1; 0.0; 0.0;-7; 23.3;B;0;-;On;On;Off; 22.4; 22.1;0;0;1393;0;1393;0;1207;0;-
2026/04/25;03:40:48;-;-; 52.79; 0.0;-; 10.7; 14.4; 0.0;-;-;2003;-0.1; 0.0; 0.0;-7; 23.3;B;0;-;On;On;Off; 22.4; 22.1;0;0;1393;0;1393;0;1207;0;-
2026/04/25;03:41:48;-;-; 52.79; 0.0;-; 10.9; 14.5; 0.0;-;-;2003;-0.1; 0.0; 0.0;-7; 23.3;B;0;-;On;On;Off; 22.4; 22.1;0;0;1393;0;1393;0;1207;0;-
2026/04/25;03:42:48;-;-; 52.79; 0.0;-; 10.9; 14.7; 0.0;-;-;2003;-0.1; 0.0; 0.0;-7; 23.3;B;0;-;On;On;Off; 22.4; 22.1;0;0;1393;0;1393;0;1207;0;-
2026/04/25;03:43:48;-;-; 52.77; 0.0;-; 11.1; 14.7; 0.0;-;-;2003;-0.1; 0.0; 0.0;-7; 23.3;B;0;-;On;On;Off; 22.4; 22.1;0;0;1393;0;1393;0;1207;0;-
2026/04/25;03:44:48;-;-; 52.79; 0.0;-; 11.2; 14.7; 0.0;-;-;2003;-0.1; 0.0; 0.0;-7; 23.3;B;0;-;On;On;Off; 22.4; 22.1;0;0;1393;0;1393;0;1207;0;-
2026/04/25;03:45:48;-;-; 52.77; 0.0;-; 11.2; 14.7; 0.0;-;-;2003;-0.1; 0.0; 0.0;-7; 23.3;B;0;-;On;On;Off; 22.4; 22.1;0;0;1393;0;1393;0;1207;0;-
2026/04/25;03:46:48;-;-; 52.77; 0.0;-; 11.2; 14.7; 0.0;-;-;2003;-0.1; 0.0; 0.0;-7; 23.3;B;0;-;On;On;Off; 22.4; 22.1;0;0;1393;0;1393;0;1207;0;-
2026/04/25;03:47:48;-;-; 52.77; 0.0;-; 11.3; 14.8; 0.0;-;-;2003;-0.1; 0.0; 0.0;-7; 23.3;B;0;-;On;On;Off; 22.4; 22.1;0;0;1393;0;1393;0;1207;0;-
2026/04/25;03:48:48;-;-; 52.77; 0.0;-; 11.3; 14.8; 0.0;-;-;2003;-0.1; 0.0; 0.0;-7; 23.3;B;0;-;On;On;Off; 22.4; 22.1;0;0;1393;0;1393;0;1207;0;-
2026/04/25;03:49:48;-;-; 52.77; 0.0;-; 11.4; 14.8; 0.0;-;-;2003;-0.1; 0.0; 0.0;-7; 23.3;B;0;-;On;On;Off; 22.4; 22.1;0;0;1393;0;1393;0;1207;0;-
2026/04/25;03:50:48;-;-; 52.77; 0.0;-; 11.4; 14.8; 0.0;-;-;2003;-0.2; 0.0; 0.0;-8; 23.3;B;0;-;On;On;Off; 22.4; 22.1;0;0;1393;0;1393;0;1207;0;-
2026/04/25;03:51:48;-;-; 52.75; 0.0;-; 11.5; 14.9; 0.0;-;-;2003;-0.2; 0.0; 0.0;-7; 23.3;B;0;-;On;On;Off; 22.4; 22.1;0;0;1393;0;1393;0;1207;0;-
2026/04/25;03:52:47;-;-; 52.77; 0.0;-; 11.6; 15.0; 0.0;-;-;2003;-0.2; 0.0; 0.0;-7; 23.3;B;0;-;On;On;Off; 22.4; 22.1;0;0;1393;0;1393;0;1207;0;-
2026/04/25;03:53:47;-;-; 52.77; 0.0;-; 11.6; 15.2; 0.0;-;-;2003;-0.2; 0.0; 0.0;-7; 23.3;B;0;-;On;On;Off; 22.4; 22.1;0;0;1393;0;1393;0;1207;0;-
2026/04/25;03:54:47;-;-; 52.77; 0.0;-; 11.7; 15.2; 0.0;-;-;2003;-0.1; 0.0; 0.0;-7; 23.3;B;0;-;On;On;Off; 22.4; 22.1;0;0;1393;0;1393;0;1207;0;-
2026/04/25;03:55:47;-;-; 52.75; 0.0;-; 11.8; 15.2; 0.0;-;-;2003;-0.1; 0.0; 0.0;-7; 23.3;B;0;-;On;On;Off; 22.4; 22.1;0;0;1393;0;1393;0;1207;0;-
2026/04/25;03:56:47;-;-; 52.75; 0.0;-; 11.9; 15.3; 0.0;-;-;2003;-0.2; 0.0; 0.0;-7; 23.3;B;0;-;On;On;Off; 22.4; 22.1;0;0;1393;0;1393;0;1207;0;-
2026/04/25;03:57:47;-;-; 52.77; 0.0;-; 11.8; 15.2; 0.0;-;-;2003;-0.2; 0.0; 0.0;-7; 23.3;B;0;-;On;On;Off; 22.4; 22.1;0;0;1393;0;1393;0;1207;0;-
2026/04/25;03:58:47;-;-; 52.77; 0.0;-; 11.7; 15.2; 0.0;-;-;2003;-0.2; 0.0; 0.0;-8; 23.3;B;0;-;On;On;Off; 22.4; 22.1;0;0;1393;0;1393;0;1207;0;-
2026/04/25;03:59:47;-;-; 52.77; 0.0;-; 13.1; 15.5; 0.0;-;-;2003;-0.2; 0.0; 0.0;-7; 23.3;B;0;-;On;On;Off; 22.4; 22.1;0;0;1393;0;1393;0;1207;0;-
2026/04/25;04:00:47;-;-; 52.77; 0.0;-; 13.3; 15.6; 0.0;-;-;2003;-0.2; 0.0; 0.0;-7; 23.3;B;0;-;On;On;Off; 22.4; 22.1;0;0;1393;0;1393;0;1207;0;-
2026/04/25;04:01:47;-;-; 52.77; 0.0;-; 13.4; 15.5; 0.0;-;-;2003;-0.2; 0.0; 0.0;-7; 23.3;B;0;-;On;On;Off; 22.4; 22.1;0;0;1393;0;1393;0;1207;0;-
2026/04/25;04:02:47;-;-; 52.75; 0.0;-; 13.4; 15.6; 0.0;-;-;2003;-0.1; 0.0; 0.0;-7; 23.3;B;0;-;On;On;Off; 22.4; 22.1;0;0;1393;0;1393;0;1207;0;-
2026/04/25;04:03:47;-;-; 52.77; 0.0;-; 13.5; 15.7; 0.0;-;-;2004;-0.1; 0.0; 0.0;-7; 23.3;B;0;-;On;On;Off; 22.4; 22.1;0;0;1393;0;1393;0;1207;0;-
2026/04/25;04:04:47;-;-; 52.77; 0.0;-; 13.5; 15.6; 0.0;-;-;2004;-0.1; 0.0; 0.0;-7; 23.3;B;0;-;On;On;Off; 22.4; 22.1;0;0;1393;0;1393;0;1207;0;-
2026/04/25;04:05:47;-;-; 52.77; 0.0;-; 13.7; 15.9; 0.0;-;-;2004;-0.1; 0.0; 0.0;-7; 23.3;B;0;-;On;On;Off; 22.4; 22.1;0;0;1393;0;1393;0;1207;0;-
2026/04/25;04:06:47;-;-; 52.77; 0.0;-; 13.9; 15.9; 0.0;-;-;2004;-0.2; 0.0; 0.0;-8; 23.3;B;0;-;On;On;Off; 22.4; 22.1;0;0;1393;0;1393;0;1207;0;-
2026/04/25;04:07:47;-;-; 52.77; 0.0;-; 13.8; 16.0; 0.0;-;-;2004;-0.2; 0.0; 0.0;-8; 23.3;B;0;-;On;On;Off; 22.4; 22.1;0;0;1393;0;1393;0;1207;0;-
2026/04/25;04:08:46;-;-; 52.77; 0.0;-; 13.9; 16.2; 0.0;-;-;2004;-0.2; 0.0; 0.0;-7; 23.3;B;0;-;On;On;Off; 22.4; 22.1;0;0;1393;0;1393;0;1207;0;-
2026/04/25;04:09:46;-;-; 52.77; 0.0;-; 14.0; 16.2; 0.0;-;-;2004;-0.2; 0.0; 0.0;-8; 23.2;B;0;-;On;On;Off; 22.4; 22.1;0;0;1393;0;1393;0;1207;0;-
2026/04/25;04:10:46;-;-; 52.75; 0.0;-; 14.1; 16.2; 0.0;-;-;2004;-0.2; 0.0; 0.0;-7; 23.2;B;0;-;On;On;Off; 22.4; 22.1;0;0;1393;0;1393;0;1207;0;-
2026/04/25;04:11:46;-;-; 52.77; 0.0;-; 14.3; 16.2; 0.0;-;-;2004;-0.1; 0.0; 0.0;-7; 23.2;B;0;-;On;On;Off; 22.4; 22.1;0;0;1393;0;1393;0;1207;0;-
2026/04/25;04:12:46;-;-; 52.77; 0.0;-; 14.4; 16.5; 0.0;-;-;2004;-0.1; 0.0; 0.0;-7; 23.2;B;0;-;On;On;Off; 22.4; 22.1;0;0;1393;0;1393;0;1207;0;-
2026/04/25;04:13:46;-;-; 52.77; 0.0;-; 14.6; 16.5; 0.0;-;-;2004;-0.2; 0.0; 0.0;-8; 23.2;B;0;-;On;On;Off; 22.4; 22.1;0;0;1393;0;1393;0;1207;0;-
2026/04/25;04:14:46;-;-; 52.77; 0.0;-; 14.8; 16.7; 0.0;-;-;2004;-0.2; 0.0; 0.0;-8; 23.2;B;0;-;On;On;Off; 22.4; 22.1;0;0;1393;0;1393;0;1207;0;-
2026/04/25;04:15:46;-;-; 52.77; 0.0;-; 15.0; 16.9; 0.0;-;-;2004;-0.2; 0.0; 0.0;-8; 23.2;B;0;-;On;On;Off; 22.3; 22.1;0;0;1393;0;1393;0;1207;0;-
2026/04/25;04:16:46;-;-; 52.77; 0.0;-; 15.2; 17.0; 0.0;-;-;2004;-0.2; 0.0; 0.0;-8; 23.2;B;0;-;On;On;Off; 22.3; 22.1;0;0;1393;0;1393;0;1207;0;-
2026/04/25;04:17:46;-;-; 52.77; 0.0;-; 15.3; 17.2; 0.0;-;-;2004;-0.2; 0.0; 0.0;-8; 23.2;B;0;-;On;On;Off; 22.3; 22.1;0;0;1393;0;1393;0;1207;0;-
2026/04/25;04:18:46;-;-; 52.77; 0.0;-; 15.5; 17.2; 0.0;-;-;2004;-0.2; 0.0; 0.0;-8; 23.2;B;0;-;On;On;Off; 22.3; 22.1;0;0;1393;0;1393;0;1207;0;-
2026/04/25;04:19:46;-;-; 52.75; 0.0;-; 15.6; 17.4; 0.0;-;-;2004;-0.2; 0.0; 0.0;-8; 23.2;B;0;-;On;On;Off; 22.3; 22.1;0;0;1393;0;1393;0;1207;0;-
2026/04/25;04:20:46;-;-; 52.75; 0.0;-; 15.7; 17.6; 0.0;-;-;2004;-0.2; 0.0; 0.0;-7; 23.2;B;0;-;On;On;Off; 22.3; 22.1;0;0;1393;0;1393;0;1207;0;-
2026/04/25;04:21:46;-;-; 52.77; 0.0;-; 15.9; 17.6; 0.0;-;-;2004;-0.1; 0.0; 0.0;-7; 23.2;B;0;-;On;On;Off; 22.3; 22.1;0;0;1393;0;1393;0;1207;0;-
2026/04/25;04:22:46;-;-; 52.77; 0.0;-; 16.0; 17.6; 0.0;-;-;2004;-0.1; 0.0; 0.0;-7; 23.2;B;0;-;On;On;Off; 22.3; 22.1;0;0;1393;0;1393;0;1207;0;-
2026/04/25;04:23:46;-;-; 52.77; 0.0;-; 16.2; 17.9; 0.0;-;-;2004;-0.1; 0.0; 0.0;-7; 23.2;B;0;-;On;On;Off; 22.3; 22.1;0;0;1393;0;1393;0;1207;0;-
2026/04/25;04:24:45;-;-; 52.75; 0.0;-; 16.4; 18.1; 0.0;-;-;2004;-0.1; 0.0; 0.0;-7; 23.2;B;0;-;On;On;Off; 22.3; 22.1;0;0;1393;0;1393;0;1207;0;-
2026/04/25;04:25:45;-;-; 52.75; 0.0;-; 16.6; 18.2; 0.0;-;-;2004;-0.2; 0.0; 0.0;-8; 23.2;B;0;-;On;On;Off; 22.3; 22.1;0;0;1393;0;1393;0;1207;0;-
2026/04/25;04:26:45;-;-; 52.77; 0.0;-; 16.9; 18.5; 0.0;-;-;2004;-0.2; 0.0; 0.0;-8; 23.2;B;0;-;On;On;Off; 22.3; 22.1;0;0;1393;0;1393;0;1207;0;-
2026/04/25;04:27:45;-;-; 52.77; 0.0;-; 17.1; 18.7; 0.0;-;-;2004;-0.2; 0.0; 0.0;-7; 23.1;B;0;-;On;On;Off; 22.3; 22.1;0;0;1393;0;1393;0;1207;0;-
2026/04/25;04:28:45;-;-; 52.77; 0.0;-; 17.4; 18.9; 0.0;-;-;2004;-0.2; 0.0; 0.0;-7; 23.2;B;0;-;On;On;Off; 22.3; 22.0;0;0;1393;0;1393;0;1207;0;-
2026/04/25;04:29:45;-;-; 52.75; 0.0;-; 17.7; 19.2; 0.0;-;-;2004;-0.2; 0.0; 0.0;-8; 23.2;B;0;-;On;On;Off; 22.3; 22.1;0;0;1393;0;1393;0;1207;0;-
2026/04/25;04:30:45;-;-; 52.75; 0.0;-; 18.1; 19.5; 0.0;-;-;2004;-0.2; 0.0; 0.0;-8; 23.2;B;0;-;On;On;Off; 22.3; 22.1;0;0;1393;0;1393;0;1207;0;-
2026/04/25;04:31:45;-;-; 52.75; 0.0;-; 18.7; 20.0; 0.0;-;-;2004;-0.1; 0.0; 0.0;-7; 23.2;B;0;-;On;On;Off; 22.3; 22.0;0;0;1393;0;1393;0;1207;0;-
2026/04/25;04:32:45;-;-; 52.75; 0.0;-; 19.3; 20.4; 0.0;-;-;2004;-0.2; 0.0; 0.0;-7; 23.1;B;0;-;On;On;Off; 22.3; 22.1;0;0;1393;0;1393;0;1207;0;-
2026/04/25;04:33:45;-;-; 52.75; 0.0;-; 19.9; 20.9; 0.0;-;-;2004;-0.2; 0.0; 0.0;-8; 23.1;B;0;-;On;On;Off; 22.3; 22.0;0;0;1393;0;1393;0;1207;0;-
2026/04/25;04:34:45;-;-; 52.75; 0.0;-; 20.7; 21.6; 0.0;-;-;2004;-0.2; 0.0; 0.0;-8; 23.1;B;0;-;On;On;Off; 22.3; 22.0;0;0;1393;0;1393;0;1207;0;-
2026/04/25;04:35:45;-;-; 52.75; 0.0;-; 21.5; 22.2; 0.0;-;-;2004;-0.2; 0.0; 0.0;-8; 23.1;B;0;-;On;On;Off; 22.3; 22.0;0;0;1393;0;1393;0;1207;0;-
2026/04/25;04:36:45;-;-; 52.75; 0.0;-; 22.1; 22.8; 0.0;-;-;2004;-0.2; 0.0; 0.0;-8; 23.1;B;0;-;On;On;Off; 22.3; 22.1;0;0;1393;0;1393;0;1207;0;-
2026/04/25;04:37:45;-;-; 52.75; 0.0;-; 22.5; 23.2; 0.0;-;-;2004;-0.2; 0.0; 0.0;-8; 23.1;B;0;-;On;On;Off; 22.3; 22.0;0;0;1393;0;1393;0;1207;0;-
2026/04/25;04:38:45;-;-; 52.73; 0.0;-; 23.0; 23.6; 0.0;-;-;2004;-0.2; 0.0; 0.0;-8; 23.1;B;0;-;On;On;Off; 22.3; 22.0;0;0;1393;0;1393;0;1207;0;-
2026/04/25;04:39:45;-;-; 52.75; 0.0;-; 23.4; 24.1; 0.0;-;-;2004;-0.2; 0.0; 0.0;-8; 23.1;B;0;-;On;On;Off; 22.3; 22.0;0;0;1393;0;1393;0;1207;0;-
2026/04/25;04:40:44;-;-; 52.75; 0.0;-; 24.0; 24.6; 0.0;-;-;2004;-0.2; 0.0; 0.0;-8; 23.1;B;0;-;On;On;Off; 22.3; 22.0;0;0;1393;0;1393;0;1207;0;-
2026/04/25;04:41:44;-;-; 52.75; 0.0;-; 24.9; 25.1; 0.0;-;-;2004;-0.2; 0.0; 0.0;-7; 23.1;B;0;-;On;On;Off; 22.3; 22.0;0;0;1393;0;1393;0;1207;0;-
2026/04/25;04:42:44;-;-; 52.75; 0.0;-; 25.8; 25.8; 0.0;-;-;2004;-0.2; 0.0; 0.0;-8; 23.1;B;0;-;On;On;Off; 22.3; 22.0;0;0;1393;0;1393;0;1207;0;-
2026/04/25;04:43:44;-;-; 52.73; 0.0;-; 26.7; 26.9; 0.0;-;-;2004;-0.2; 0.0; 0.0;-8; 23.1;B;0;-;On;On;Off; 22.3; 22.0;0;0;1393;0;1393;0;1207;0;-
2026/04/25;04:44:44;-;-; 52.73; 0.0;-; 28.0; 27.9; 0.0;-;-;2004;-0.1; 0.0; 0.0;-7; 23.1;B;0;-;On;On;Off; 22.3; 22.0;0;0;1393;0;1393;0;1207;0;-
2026/04/25;04:45:44;-;-; 52.75; 0.0;-; 29.6; 29.3; 0.0;-;-;2004;-0.2; 0.0; 0.0;-7; 23.1;B;0;-;On;On;Off; 22.3; 22.0;0;0;1393;0;1393;0;1207;0;-
2026/04/25;04:46:44;-;-; 52.73; 0.0;-; 31.2; 30.7; 0.0;-;-;2004;-0.2; 0.0; 0.0;-8; 23.1;B;0;-;On;On;Off; 22.3; 22.0;0;0;1393;0;1393;0;1207;0;-
2026/04/25;04:47:44;-;-; 52.75; 0.0;-; 32.6; 32.2; 0.0;-;-;2004;-0.2; 0.0; 0.0;-8; 23.1;B;0;-;On;On;Off; 22.3; 22.0;0;0;1393;0;1393;0;1207;0;-
2026/04/25;04:48:44;-;-; 52.75; 0.0;-; 34.1; 33.5; 0.0;-;-;2004;-0.2; 0.0; 0.0;-8; 23.1;B;0;-;On;On;Off; 22.3; 22.0;0;0;1393;0;1393;0;1207;0;-
2026/04/25;04:49:44;-;-; 52.75; 0.0;-; 35.9; 35.0; 0.0;-;-;2004;-0.2; 0.0; 0.0;-8; 23.1;B;0;-;On;On;Off; 22.3; 22.0;0;0;1393;0;1393;0;1207;0;-
2026/04/25;04:50:44;-;-; 52.75; 0.0;-; 37.4; 36.5; 0.0;-;-;2004;-0.2; 0.0; 0.0;-7; 23.1;B;0;-;On;On;Off; 22.3; 22.0;0;0;1393;0;1393;0;1207;0;-
2026/04/25;04:51:44;-;-; 52.75; 0.0;-; 38.6; 37.7; 0.0;-;-;2004;-0.2; 0.0; 0.0;-8; 23.1;B;0;-;On;On;Off; 22.3; 22.0;0;0;1393;0;1393;0;1207;0;-
2026/04/25;04:52:44;-;-; 52.75; 0.0;-; 40.0; 39.1; 0.0;-;-;2004;-0.2; 0.0; 0.0;-8; 23.1;B;0;-;On;On;Off; 22.3; 22.0;0;0;1393;0;1393;0;1207;0;-
2026/04/25;04:53:44;-;-; 52.75; 0.0;-; 41.1; 40.0; 0.0;-;-;2004;-0.2; 0.0; 0.0;-8; 23.1;B;0;-;On;On;Off; 22.3; 22.0;0;0;1393;0;1393;0;1207;0;-
2026/04/25;04:54:44;-;-; 52.73; 0.0;-; 42.0; 41.0; 0.0;-;-;2004;-0.2; 0.0; 0.0;-8; 23.1;B;0;-;On;On;Off; 22.3; 22.0;0;0;1393;0;1393;0;1207;0;-
2026/04/25;04:55:43;-;-; 52.75; 0.0;-; 42.8; 41.6; 0.0;-;-;2004;-0.2; 0.0; 0.0;-8; 23.1;B;0;-;On;On;Off; 22.3; 22.0;0;0;1393;0;1393;0;1207;0;-
2026/04/25;04:56:43;-;-; 52.73; 0.0;-; 43.4; 42.3; 0.0;-;-;2004;-0.2; 0.0; 0.0;-8; 23.1;B;0;-;On;On;Off; 22.3; 22.0;0;0;1393;0;1393;0;1207;0;-
2026/04/25;04:57:43;-;-; 52.75; 0.0;-; 43.9; 42.9; 0.0;-;-;2004;-0.2; 0.0; 0.0;-8; 23.1;B;0;-;On;On;Off; 22.3; 22.0;0;0;1393;0;1393;0;1207;0;-
2026/04/25;04:58:43;-;-; 52.73; 0.0;-; 44.4; 43.3; 0.0;-;-;2004;-0.2; 0.0; 0.0;-8; 23.1;B;0;-;On;On;Off; 22.3; 22.0;0;0;1393;0;1393;0;1207;0;-
2026/04/25;04:59:43;-;-; 52.75; 0.0;-; 44.8; 43.8; 0.0;-;-;2004;-0.2; 0.0; 0.0;-8; 23.1;B;0;-;On;On;Off; 22.3; 22.0;0;0;1393;0;1393;0;1207;0;-
2026/04/25;05:00:43;-;-; 52.75; 0.0;-; 45.4; 44.3; 0.0;-;-;2004;-0.2; 0.0; 0.0;-7; 23.1;B;0;-;On;On;Off; 22.3; 22.0;0;0;1393;0;1393;0;1207;0;-
2026/04/25;05:01:43;-;-; 52.75; 0.0;-; 45.8; 44.7; 0.0;-;-;2004;-0.1; 0.0; 0.0;-7; 23.1;B;0;-;On;On;Off; 22.3; 22.0;0;0;1393;0;1393;0;1207;0;-
2026/04/25;05:02:43;-;-; 52.75; 0.0;-; 46.3; 45.3; 0.0;-;-;2004;-0.2; 0.0; 0.0;-7; 23.1;B;0;-;On;On;Off; 22.3; 22.0;0;0;1393;0;1393;0;1207;0;-
2026/04/25;05:03:43;-;-; 52.75; 0.0;-; 46.9; 46.0; 0.0;-;-;2005;-0.1; 0.0; 0.0;-7; 23.1;B;0;-;On;On;Off; 22.3; 22.0;0;0;1393;0;1393;0;1207;0;-
2026/04/25;05:04:43;-;-; 52.75; 0.0;-; 47.5; 46.6; 0.0;-;-;2005;-0.1; 0.0; 0.0;-7; 23.1;B;0;-;On;On;Off; 22.3; 22.0;0;0;1393;0;1393;0;1207;0;-
2026/04/25;05:05:43;-;-; 52.73; 0.0;-; 48.0; 47.3; 0.0;-;-;2005;-0.2; 0.0; 0.0;-7; 23.1;B;0;-;On;On;Off; 22.3; 22.0;0;0;1393;0;1393;0;1207;0;-
2026/04/25;05:06:43;-;-; 52.73; 0.0;-; 48.6; 47.7; 0.0;-;-;2005;-0.1; 0.0; 0.0;-7; 23.1;B;0;-;On;On;Off; 22.3; 22.0;0;0;1393;0;1393;0;1207;0;-
2026/04/25;05:07:43;-;-; 52.75; 0.0;-; 49.1; 48.2; 0.0;-;-;2005;-0.2; 0.0; 0.0;-7; 23.1;B;0;-;On;On;Off; 22.3; 22.0;0;0;1393;0;1393;0;1207;0;-
2026/04/25;05:08:43;-;-; 52.73; 0.0;-; 49.6; 48.6; 0.0;-;-;2005;-0.2; 0.0; 0.0;-7; 23.1;B;0;-;On;On;Off; 22.3; 22.0;0;0;1393;0;1393;0;1207;0;-
2026/04/25;05:09:43;-;-; 52.73; 0.0;-; 50.2; 49.3; 0.0;-;-;2005;-0.2; 0.0; 0.0;-8; 23.1;B;0;-;On;On;Off; 22.3; 22.0;0;0;1393;0;1393;0;1207;0;-
2026/04/25;05:10:43;-;-; 52.73; 0.0;-; 50.6; 49.9; 0.0;-;-;2005;-0.2; 0.0; 0.0;-8; 23.1;B;0;-;On;On;Off; 22.3; 22.0;0;0;1393;0;1393;0;1207;0;-
2026/04/25;05:11:42;-;-; 52.73; 0.0;-; 51.3; 50.5; 0.0;-;-;2005;-0.2; 0.0; 0.0;-8; 23.1;B;0;-;On;On;Off; 22.3; 22.0;0;0;1393;0;1393;0;1207;0;-
2026/04/25;05:12:42;-;-; 52.73; 0.0;-; 52.0; 51.1; 0.0;-;-;2005;-0.1; 0.0; 0.0;-7; 23.1;B;0;-;On;On;Off; 22.3; 22.0;0;0;1393;0;1393;0;1207;0;-
2026/04/25;05:13:42;-;-; 52.73; 0.0;-; 52.5; 51.8; 0.0;-;-;2005;-0.1; 0.0; 0.0;-7; 23.1;B;0;-;On;On;Off; 22.3; 22.0;0;0;1393;0;1393;0;1207;0;-
2026/04/25;05:14:42;-;-; 52.71; 0.0;-; 53.2; 52.5; 0.0;-;-;2005;-0.2; 0.0; 0.0;-7; 23.1;B;0;-;On;On;Off; 22.3; 22.0;0;0;1393;0;1393;0;1207;0;-
2026/04/25;05:15:42;-;-; 52.73; 0.0;-; 53.7; 53.1; 0.0;-;-;2005;-0.2; 0.0; 0.0;-7; 23.1;B;0;-;On;On;Off; 22.3; 22.0;0;0;1393;0;1393;0;1207;0;-
2026/04/25;05:16:42;-;-; 52.73; 0.0;-; 54.3; 53.6; 0.0;-;-;2005;-0.2; 0.0; 0.0;-8; 23.1;B;0;-;On;On;Off; 22.3; 22.0;0;0;1393;0;1393;0;1207;0;-
2026/04/25;05:17:42;-;-; 52.73; 0.0;-; 54.9; 54.2; 0.0;-;-;2005;-0.2; 0.0; 0.0;-7; 23.1;B;0;-;On;On;Off; 22.3; 22.0;0;0;1393;0;1393;0;1207;0;-
2026/04/25;05:18:42;-;-; 52.71; 0.0;-; 55.3; 54.6; 0.0;-;-;2005;-0.2; 0.0; 0.0;-7; 23.1;B;0;-;On;On;Off; 22.3; 22.0;0;0;1393;0;1393;0;1207;0;-
2026/04/25;05:19:42;-;-; 52.73; 0.0;-; 55.7; 55.1; 0.0;-;-;2005;-0.1; 0.0; 0.0;-7; 23.1;B;0;-;On;On;Off; 22.3; 22.0;0;0;1393;0;1393;0;1207;0;-
2026/04/25;05:20:42;-;-; 52.73; 0.0;-; 56.1; 55.5; 0.0;-;-;2005;-0.2; 0.0; 0.0;-8; 23.1;B;0;-;On;On;Off; 22.3; 22.0;0;0;1393;0;1393;0;1207;0;-
2026/04/25;05:21:42;-;-; 52.73; 0.0;-; 56.6; 56.1; 0.0;-;-;2005;-0.2; 0.0; 0.0;-8; 23.1;B;0;-;On;On;Off; 22.3; 22.0;0;0;1393;0;1393;0;1207;0;-
2026/04/25;05:22:42;-;-; 52.71; 0.0;-; 57.0; 56.3; 0.0;-;-;2005;-0.2; 0.0; 0.0;-8; 23.1;B;0;-;On;On;Off; 22.3; 22.0;0;0;1393;0;1393;0;1207;0;-
2026/04/25;05:23:42;-;-; 52.73; 0.0;-; 57.3; 56.9; 0.0;-;-;2005;-0.2; 0.0; 0.0;-8; 23.1;B;0;-;On;On;Off; 22.3; 22.0;0;0;1393;0;1393;0;1207;0;-
2026/04/25;05:24:42;-;-; 52.73; 0.0;-; 57.8; 57.2; 0.0;-;-;2005;-0.2; 0.0; 0.0;-8; 23.0;B;0;-;On;On;Off; 22.3; 22.0;0;0;1393;0;1393;0;1207;0;-
2026/04/25;05:25:42;-;-; 52.73; 0.0;-; 58.3; 57.7; 0.0;-;-;2005;-0.2; 0.0; 0.0;-8; 23.0;B;0;-;On;On;Off; 22.2; 22.0;0;0;1393;0;1393;0;1207;0;-
2026/04/25;05:26:42;-;-; 52.73; 0.0;-; 58.9; 58.2; 0.0;-;-;2005;-0.2; 0.0; 0.0;-7; 23.0;B;0;-;On;On;Off; 22.3; 22.0;0;0;1393;0;1393;0;1207;0;-
2026/04/25;05:27:41;-;-; 52.73; 0.0;-; 59.2; 58.8; 0.0;-;-;2005;-0.2; 0.0; 0.0;-7; 23.0;B;0;-;On;On;Off; 22.3; 22.0;0;0;1393;0;1393;0;1207;0;-
2026/04/25;05:28:41;-;-; 52.73; 0.0;-; 59.7; 59.1; 0.0;-;-;2005;-0.2; 0.0; 0.0;-8; 23.0;B;0;-;On;On;Off; 22.2; 22.0;0;0;1393;0;1393;0;1207;0;-
2026/04/25;05:29:41;-;-; 52.73; 0.0;-; 60.0; 59.5; 0.0;-;-;2005;-0.2; 0.0; 0.0;-8; 23.0;B;0;-;On;On;Off; 22.3; 22.0;0;0;1393;0;1393;0;1207;0;-
2026/04/25;05:30:41;-;-; 52.73; 0.0;-; 60.4; 60.0; 0.0;-;-;2005;-0.2; 0.0; 0.0;-7; 23.0;B;0;-;On;On;Off; 22.3; 22.0;0;0;1393;0;1393;0;1207;0;-
2026/04/25;05:31:41;-;-; 52.73; 0.0;-; 60.7; 60.4; 0.0;-;-;2005;-0.1; 0.0; 0.0;-7; 23.0;B;0;-;On;On;Off; 22.3; 22.0;0;0;1393;0;1393;0;1207;0;-
2026/04/25;05:32:41;-;-; 52.73; 0.0;-; 60.9; 60.4; 0.0;-;-;2005;-0.1; 0.0; 0.0;-7; 23.0;B;0;-;On;On;Off; 22.2; 22.0;0;0;1393;0;1393;0;1207;0;-
2026/04/25;05:33:41;-;-; 52.71; 0.0;-; 61.1; 60.7; 0.0;-;-;2005;-0.1; 0.0; 0.0;-7; 23.0;B;0;-;On;On;Off; 22.2; 22.0;0;0;1393;0;1393;0;1207;0;-
2026/04/25;05:34:41;-;-; 52.73; 0.0;-; 61.3; 60.9; 0.0;-;-;2005;-0.2; 0.0; 0.0;-8; 23.0;B;0;-;On;On;Off; 22.2; 22.0;0;0;1393;0;1393;0;1207;0;-
2026/04/25;05:35:41;-;-; 52.71; 0.0;-; 61.4; 61.1; 0.0;-;-;2005;-0.2; 0.0; 0.0;-8; 23.0;B;0;-;On;On;Off; 22.2; 22.0;0;0;1393;0;1393;0;1207;0;-
2026/04/25;05:36:41;-;-; 52.71; 0.0;-; 61.8; 61.4; 0.0;-;-;2005;-0.2; 0.0; 0.0;-8; 23.0;B;0;-;On;On;Off; 22.2; 22.0;0;0;1393;0;1393;0;1207;0;-
2026/04/25;05:37:41;-;-; 52.73; 0.0;-; 62.2; 61.7; 0.0;-;-;2005;-0.2; 0.0; 0.0;-8; 23.0;B;0;-;On;On;Off; 22.3; 22.0;0;0;1393;0;1393;0;1207;0;-
2026/04/25;05:38:41;-;-; 52.73; 0.0;-; 62.4; 62.0; 0.0;-;-;2005;-0.2; 0.0; 0.0;-8; 23.0;B;0;-;On;On;Off; 22.2; 22.0;0;0;1393;0;1393;0;1207;0;-
2026/04/25;05:39:41;-;-; 52.73; 0.0;-; 62.8; 62.4; 0.0;-;-;2005;-0.2; 0.0; 0.0;-8; 23.0;B;0;-;On;On;Off; 22.2; 22.0;0;0;1393;0;1393;0;1207;0;-
2026/04/25;05:40:41;-;-; 52.71; 0.0;-; 63.2; 62.7; 0.0;-;-;2005;-0.1; 0.0; 0.0;-7; 23.0;B;0;-;On;On;Off; 22.2; 22.0;0;0;1393;0;1393;0;1207;0;-
2026/04/25;05:41:41;-;-; 52.73; 0.0;-; 63.4; 63.0; 0.0;-;-;2005;-0.1; 0.0; 0.0;-7; 23.0;B;0;-;On;On;Off; 22.2; 21.9;0;0;1393;0;1393;0;1207;0;-
2026/04/25;05:42:41;-;-; 52.73; 0.0;-; 63.6; 63.2; 0.0;-;-;2005;-0.1; 0.0; 0.0;-7; 23.0;B;0;-;On;On;Off; 22.2; 21.9;0;0;1393;0;1393;0;1207;0;-
2026/04/25;05:43:40;-;-; 52.73; 0.0;-; 63.8; 63.3; 0.0;-;-;2005;-0.1; 0.0; 0.0;-7; 23.0;B;0;-;On;On;Off; 22.2; 21.9;0;0;1393;0;1393;0;1207;0;-
2026/04/25;05:44:40;-;-; 52.71; 0.0;-; 63.8; 63.4; 0.0;-;-;2005;-0.1; 0.0; 0.0;-7; 23.0;B;0;-;On;On;Off; 22.2; 22.0;0;0;1393;0;1393;0;1207;0;-
2026/04/25;05:45:40;-;-; 52.71; 0.0;-; 63.8; 63.3; 0.0;-;-;2005;-0.1; 0.0; 0.0;-7; 23.0;B;0;-;On;On;Off; 22.2; 21.9;0;0;1393;0;1393;0;1207;0;-
2026/04/25;05:46:40;-;-; 52.73; 0.0;-; 63.6; 63.1; 0.0;-;-;2005;-0.1; 0.0; 0.0;-7; 23.0;B;0;-;On;On;Off; 22.2; 21.9;0;0;1393;0;1393;0;1207;0;-
2026/04/25;05:47:40;-;-; 52.73; 0.0;-; 63.6; 63.2; 0.0;-;-;2005;-0.2; 0.0; 0.0;-8; 22.9;B;0;-;On;On;Off; 22.2; 21.9;0;0;1393;0;1393;0;1207;0;-
2026/04/25;05:48:40;-;-; 52.73; 0.0;-; 63.6; 63.3; 0.0;-;-;2005;-0.2; 0.0; 0.0;-8; 22.9;B;0;-;On;On;Off; 22.2; 21.9;0;0;1393;0;1393;0;1207;0;-
2026/04/25;05:49:40;-;-; 52.71; 0.0;-; 63.8; 63.4; 0.0;-;-;2005;-0.2; 0.0; 0.0;-8; 22.9;B;0;-;On;On;Off; 22.2; 21.9;0;0;1393;0;1393;0;1207;0;-
2026/04/25;05:50:40;-;-; 52.73; 0.0;-; 63.9; 63.6; 0.0;-;-;2005;-0.2; 0.0; 0.0;-8; 22.9;B;0;-;On;On;Off; 22.2; 21.9;0;0;1393;0;1393;0;1207;0;-
2026/04/25;05:51:40;-;-; 52.73; 0.0;-; 64.1; 63.7; 0.0;-;-;2005;-0.2; 0.0; 0.0;-8; 22.9;B;0;-;On;On;Off; 22.2; 21.9;0;0;1393;0;1393;0;1207;0;-
2026/04/25;05:52:40;-;-; 52.73; 0.0;-; 64.3; 63.8; 0.0;-;-;2005;-0.2; 0.0; 0.0;-8; 22.9;B;0;-;On;On;Off; 22.2; 21.9;0;0;1393;0;1393;0;1207;0;-
2026/04/25;05:53:40;-;-; 52.73; 0.0;-; 64.4; 64.0; 0.0;-;-;2005;-0.2; 0.0; 0.0;-8; 22.9;B;0;-;On;On;Off; 22.2; 21.9;0;0;1393;0;1393;0;1207;0;-
2026/04/25;05:54:40;-;-; 52.73; 0.0;-; 64.3; 63.9; 0.0;-;-;2005;-0.1; 0.0; 0.0;-7; 22.9;B;0;-;On;On;Off; 22.2; 21.9;0;0;1393;0;1393;0;1207;0;-
2026/04/25;05:55:40;-;-; 52.73; 0.0;-; 64.3; 63.9; 0.0;-;-;2005;-0.1; 0.0; 0.0;-7; 22.9;B;0;-;On;On;Off; 22.2; 21.9;0;0;1393;0;1393;0;1207;0;-
2026/04/25;05:56:40;-;-; 52.73; 0.0;-; 64.2; 63.9; 0.0;-;-;2005;-0.1; 0.0; 0.0;-7; 22.9;B;0;-;On;On;Off; 22.2; 21.9;0;0;1393;0;1393;0;1207;0;-
2026/04/25;05:57:40;-;-; 52.73; 0.0;-; 64.6; 64.2; 0.0;-;-;2005;-0.1; 0.0; 0.0;-7; 22.9;B;0;-;On;On;Off; 22.2; 21.9;0;0;1393;0;1393;0;1207;0;-
2026/04/25;05:58:39;-;-; 52.73; 0.0;-; 64.9; 64.6; 0.0;-;-;2005;-0.2; 0.0; 0.0;-7; 22.9;B;0;-;On;On;Off; 22.2; 21.9;0;0;1393;0;1393;0;1207;0;-
2026/04/25;05:59:39;-;-; 52.73; 0.0;-; 65.3; 64.9; 0.0;-;-;2005;-0.2; 0.0; 0.0;-8; 22.9;B;0;-;On;On;Off; 22.2; 21.9;0;0;1393;0;1393;0;1207;0;-
2026/04/25;06:00:39;-;-; 52.73; 0.0;-; 65.7; 65.3; 0.0;-;-;2005;-0.2; 0.0; 0.0;-8; 22.9;B;0;-;On;On;Off; 22.2; 21.9;0;0;1393;0;1393;0;1207;0;-
2026/04/25;06:01:39;-;-; 52.73; 0.0;-; 66.2; 65.7; 0.0;-;-;2005;-0.2; 0.0; 0.0;-7; 22.9;B;0;-;On;On;Off; 22.2; 21.9;0;0;1393;0;1393;0;1207;0;-
2026/04/25;06:02:39;-;-; 52.71; 0.0;-; 66.4; 66.1; 0.0;-;-;2005;-0.2; 0.0; 0.0;-8; 22.9;B;0;-;On;On;Off; 22.2; 21.9;0;0;1393;0;1393;0;1207;0;-
2026/04/25;06:03:39;-;-; 52.71; 0.0;-; 66.6; 66.4; 0.0;-;-;2006;-0.2; 0.0; 0.0;-8; 22.9;B;0;-;On;On;Off; 22.2; 21.9;0;0;1393;0;1393;0;1207;0;-
2026/04/25;06:04:39;-;-; 52.71; 0.0;-; 66.7; 66.4; 0.0;-;-;2006;-0.2; 0.0; 0.0;-8; 22.9;B;0;-;On;On;Off; 22.2; 21.9;0;0;1393;0;1393;0;1207;0;-
2026/04/25;06:05:39;-;-; 52.71; 0.0;-; 66.7; 66.2; 0.0;-;-;2006;-0.2; 0.0; 0.0;-8; 22.9;B;0;-;On;On;Off; 22.2; 21.9;0;0;1393;0;1393;0;1207;0;-
2026/04/25;06:06:39;-;-; 52.71; 0.0;-; 66.6; 66.3; 0.0;-;-;2006;-0.2; 0.0; 0.0;-8; 22.9;B;0;-;On;On;Off; 22.2; 21.9;0;0;1393;0;1393;0;1207;0;-
2026/04/25;06:07:39;-;-; 52.71; 0.0;-; 66.7; 66.2; 0.0;-;-;2006;-0.2; 0.0; 0.0;-8; 22.9;B;0;-;On;On;Off; 22.2; 21.9;0;0;1393;0;1393;0;1207;0;-
2026/04/25;06:08:39;-;-; 52.71; 0.0;-; 66.9; 66.6; 0.0;-;-;2006;-0.2; 0.0; 0.0;-8; 22.9;B;0;-;On;On;Off; 22.2; 21.9;0;0;1393;0;1393;0;1207;0;-
2026/04/25;06:09:39;-;-; 52.71; 0.0;-; 67.5; 67.0; 0.0;-;-;2006;-0.2; 0.0; 0.0;-8; 22.9;B;0;-;On;On;Off; 22.2; 21.9;0;0;1393;0;1393;0;1207;0;-
2026/04/25;06:10:39;-;-; 52.71; 0.0;-; 67.6; 67.2; 0.0;-;-;2006;-0.2; 0.0; 0.0;-8; 22.9;B;0;-;On;On;Off; 22.2; 21.9;0;0;1393;0;1393;0;1207;0;-
2026/04/25;06:11:39;-;-; 52.71; 0.0;-; 67.7; 67.3; 0.0;-;-;2006;-0.2; 0.0; 0.0;-8; 22.9;B;0;-;On;On;Off; 22.2; 21.9;0;0;1393;0;1393;0;1207;0;-
2026/04/25;06:12:39;-;-; 52.71; 0.0;-; 67.9; 67.4; 0.0;-;-;2006;-0.2; 0.0; 0.0;-8; 22.9;B;0;-;On;On;Off; 22.2; 21.9;0;0;1393;0;1393;0;1207;0;-
2026/04/25;06:13:39;-;-; 52.71; 0.0;-; 68.1; 67.7; 0.0;-;-;2006;-0.2; 0.0; 0.0;-8; 22.9;B;0;-;On;On;Off; 22.2; 21.9;0;0;1393;0;1393;0;1207;0;-
2026/04/25;06:14:38;-;-; 52.73; 0.0;-; 55.0; 67.9; 0.0;-;-;2006;-0.2; 0.0; 0.0;-8; 22.9;B;0;-;On;On;Off; 22.2; 21.9;0;0;1393;0;1393;0;1207;0;-
2026/04/25;06:15:38;-;-; 52.75; 0.0;-; 68.7; 68.3; 0.0;-;-;2006;-0.2; 0.0; 0.0;-8; 22.9;B;0;-;On;On;Off; 22.2; 21.9;0;0;1393;0;1393;0;1207;1;-
2026/04/25;06:16:38;-;-; 52.75; 0.0;-; 68.9; 68.7; 0.0;-;-;2006;-0.2; 0.0; 0.0;-8; 22.9;B;0;-;On;On;Off; 22.2; 21.9;0;0;1393;0;1393;0;1207;1;-
2026/04/25;06:17:38;-;-; 52.75; 0.0;-; 68.9; 68.6; 0.0;-;-;2006;-0.1; 0.0; 0.0;-7; 22.9;B;0;-;On;On;Off; 22.2; 21.9;0;0;1393;0;1393;0;1207;1;-
2026/04/25;06:18:38;-;-; 52.75; 0.0;-; 68.8; 68.5; 0.0;-;-;2006;-0.1; 0.0; 0.0;-7; 22.9;B;0;-;On;On;Off; 22.2; 21.9;0;0;1393;0;1393;0;1207;1;-
2026/04/25;06:19:38;-;-; 52.75; 0.0;-; 68.8; 68.8; 0.0;-;-;2006;-0.1; 0.0; 0.0;-6; 22.9;B;0;-;On;On;Off; 22.2; 21.9;0;0;1393;0;1393;0;1207;1;-
2026/04/25;06:20:38;-;-; 52.73; 0.0;-; 69.3; 69.1; 0.0;-;-;2006;-0.1; 0.0; 0.0;-7; 22.9;B;0;-;On;On;Off; 22.2; 21.9;0;0;1393;0;1393;0;1207;1;-
2026/04/25;06:21:38;-;-; 52.73; 0.0;-; 69.4; 69.1; 0.0;-;-;2006;-0.2; 0.0; 0.0;-7; 22.9;B;0;-;On;On;Off; 22.2; 21.9;0;0;1393;0;1393;0;1207;1;-
2026/04/25;06:22:38;-;-; 52.75; 0.0;-; 69.3; 69.2; 0.0;-;-;2006;-0.1; 0.0; 0.0;-7; 22.9;B;0;-;On;On;Off; 22.2; 21.9;0;0;1393;0;1393;0;1207;1;-
2026/04/25;06:23:38;-;-; 52.75; 0.0;-; 69.5; 69.4; 0.0;-;-;2006;-0.1; 0.0; 0.0;-7; 22.9;B;0;-;On;On;Off; 22.2; 21.9;0;0;1393;0;1393;0;1207;1;-
2026/04/25;06:24:38;-;-; 52.73; 0.0;-; 69.6; 69.6; 0.0;-;-;2006;-0.1; 0.0; 0.0;-6; 22.9;B;0;-;On;On;Off; 22.2; 21.9;0;0;1393;0;1393;0;1207;1;-
2026/04/25;06:25:38;-;-; 52.73; 0.0;-; 69.7; 69.6; 0.0;-;-;2006;-0.1; 0.0; 0.0;-6; 22.9;B;0;-;On;On;Off; 22.2; 21.9;0;0;1393;0;1393;0;1207;1;-
2026/04/25;06:26:38;-;-; 52.69; 0.1;-; 69.6; 68.5; 7.1;-; 7.1;2006;-0.1; 0.0; 0.0;-7; 22.9;B;0;-;On;On;Off; 22.3; 23.3;0;0;1393;0;1393;0;1207;1;-
2026/04/25;06:27:38;-;-; 52.63; 0.3;-; 68.7; 68.4; 15.5; 7.7; 7.7;2006;-0.1; 0.1; 0.1;-5; 22.9;B;0;-;On;On;Off; 24.5; 24.2;0;0;1393;0;1393;0;1207;1;-
2026/04/25;06:28:38;-;-; 52.63; 0.0;-; 69.8; 69.7; 1.4; 0.7; 0.7;2006;-0.0; 0.3; 0.3;-2; 22.9;B;0;-;On;On;Off; 24.6; 22.9;0;0;1393;0;1393;0;1207;1;-
2026/04/25;06:29:38;-;-; 52.63; 0.2;-; 69.8; 68.4; 8.4; 0.7; 7.7;2006;-0.1; 0.1; 0.1;-6; 22.9;B;0;-;On;On;Off; 23.0; 22.7;0;0;1393;0;1393;0;1207;1;-
2026/04/25;06:30:37;-;-; 52.59; 0.3;-; 68.6; 68.4; 16.2; 8.4; 7.7;2006;-0.1; 0.1; 0.1;-7; 22.9;B;0;-;On;On;Off; 24.5; 24.4;0;0;1393;0;1393;0;1207;1;-
2026/04/25;06:31:37;-;-; 52.59; 0.2;-; 68.6; 69.5; 8.4; 8.4; 0.0;2006;-0.0; 0.3; 0.3;-1; 22.9;B;0;-;On;On;Off; 25.3; 23.7;0;0;1393;0;1393;0;1207;1;-
2026/04/25;06:32:37;-;-; 52.61; 0.0;-; 69.6; 69.6; 0.7; 0.7; 0.0;2006;-0.1; 0.2; 0.2;-2; 22.9;B;0;-;On;On;Off; 23.6; 23.0;0;0;1393;0;1393;0;1207;1;-
2026/04/25;06:33:37;-;-; 52.59; 0.3;-; 68.7; 68.4; 16.8; 8.4; 8.4;2006;-0.2; 0.0; 0.0;-8; 22.9;B;0;-;On;On;Off; 23.5; 24.6;0;0;1393;0;1393;0;1207;1;-
2026/04/25;06:34:37;-;-; 52.57; 0.2;-; 68.6; 69.9; 9.2; 9.2; 0.0;2006;-0.1; 0.2; 0.2;-3; 22.9;B;0;-;On;On;Off; 25.5; 25.1;0;0;1393;0;1393;0;1207;1;-
2026/04/25;06:35:37;-;-; 52.59; 0.0;-; 69.9; 69.9; 0.7; 0.7; 0.0;2006; 0.0; 0.3; 0.3;1; 22.9;B;0;-;On;On;Off; 24.4; 23.5;0;0;1393;0;1393;0;1207;1;-
2026/04/25;06:36:37;-;-; 52.59; 0.2;-; 69.8; 68.6; 9.1; 0.7; 8.4;2006;-0.1; 0.1; 0.1;-6; 22.9;B;0;-;On;On;Off; 23.7; 24.3;0;0;1393;0;1393;0;1207;1;-
2026/04/25;06:37:37;-;-; 52.53; 0.3;-; 68.5; 68.3; 14.1; 7.0; 7.0;2006;-0.1; 0.1; 0.1;-6; 22.9;B;0;-;On;On;Off; 25.6; 25.2;0;0;1393;0;1393;0;1207;1;-
2026/04/25;06:38:37;-;-; 52.55; 0.0;-; 69.3; 69.1; 0.7; 0.0; 0.7;2006;-0.1; 0.3; 0.3;-2; 22.9;B;0;-;On;On;Off; 25.9; 24.0;0;0;1393;0;1393;0;1207;1;-
2026/04/25;06:39:37;-;-; 52.57; 0.0;-; 69.3; 69.2; 1.4; 0.7; 0.7;2006;-0.1; 0.2; 0.2;-7; 22.9;B;0;-;On;On;Off; 24.0; 23.6;0;0;1393;0;1393;0;1207;1;-
2026/04/25;06:40:37;-;-; 52.53; 0.3;-; 68.5; 68.3; 15.5; 7.7; 7.7;2006;-0.2; 0.0; 0.0;-7; 22.9;B;0;-;On;On;Off; 25.2; 25.3;0;0;1393;0;1393;0;1207;1;-
2026/04/25;06:41:37;-;-; 52.55; 0.2;-; 68.6; 69.9; 9.8; 9.2; 0.7;2006;-0.1; 0.2; 0.2;-4; 22.9;B;0;-;On;On;Off; 26.2; 24.9;0;0;1393;0;1393;0;1207;1;-
2026/04/25;06:42:37;-;-; 52.57; 0.0;-; 70.3; 70.3; 0.0; 0.0; 0.0;2006;-0.0; 0.3; 0.3;-1; 22.9;B;0;-;On;On;Off; 24.5; 23.9;0;0;1393;0;1393;0;1207;1;-
2026/04/25;06:43:37;-;-; 52.57; 0.3;-; 71.0; 68.4; 15.5; 4.2; 11.3;2006;-0.2; 0.1; 0.1;-7; 22.9;B;0;-;On;On;Off; 24.2; 25.3;0;0;1393;0;1393;0;1207;1;-
2026/04/25;06:44:37;-;-; 52.59; 0.4;-; 69.9; 68.5; 23.2; 9.8; 13.4;2006; 0.0; 0.2; 0.2;0; 22.9;B;0;-;On;On;Off; 26.3; 25.9;0;0;1393;0;1393;0;1207;1;-
2026/04/25;06:45:37;-;-; 52.63; 0.0;-; 71.5; 71.4; 1.4; 0.7; 0.7;2006; 0.3; 0.5; 0.5;14; 22.9;B;0;-;On;On;Off; 25.5; 24.3;0;0;1393;0;1393;0;1207;1;-
2026/04/25;06:46:36;-;-; 52.63; 0.3;-; 71.6; 68.5; 16.2; 0.7; 15.5;2006;-0.0; 0.2; 0.2;0; 22.9;B;0;-;On;On;Off; 24.4; 24.7;0;0;1393;0;1393;0;1207;1;-
2026/04/25;06:47:36;-;-; 52.67; 0.6;-; 68.7; 68.5; 29.6; 14.8; 14.8;2006;-0.0; 0.1; 0.1;-1; 22.9;B;0;-;On;On;Off; 26.1; 25.9;0;0;1393;0;1393;0;1207;1;-
2026/04/25;06:48:36;-;-; 52.67; 0.3;-; 68.7; 71.3; 14.1; 14.1; 0.0;2006; 0.4; 0.5; 0.5;21; 22.9;B;0;-;On;On;Off; 26.7; 24.7;0;0;1393;0;1393;0;1207;1;-
2026/04/25;06:49:36;-;-; 52.67; 0.0;-; 71.1; 71.0; 0.0; 0.0; 0.0;2006; 0.2; 0.3; 0.3;9; 22.9;B;0;-;On;On;Off; 24.7; 24.3;0;0;1393;0;1393;0;1207;1;-
2026/04/25;06:50:36;-;-; 52.63; 0.4;-; 68.8; 68.8; 23.2; 12.0; 11.3;2006;-0.2; 0.0; 0.0;-7; 22.9;B;0;-;On;On;Off; 25.5; 25.9;0;0;1393;0;1393;0;1207;1;-
2026/04/25;06:51:36;-;-; 52.65; 0.2;-; 68.7; 70.7; 12.0; 11.3; 0.7;2006; 0.1; 0.3; 0.3;7; 22.9;B;0;-;On;On;Off; 26.7; 25.8;0;0;1393;0;1393;0;1207;1;-
2026/04/25;06:52:36;-;-; 52.63; 0.0;-; 70.7; 70.7; 0.7; 0.0; 0.7;2006; 0.2; 0.4; 0.4;9; 22.9;B;0;-;On;On;Off; 25.2; 24.6;0;0;1393;0;1393;0;1207;1;-
2026/04/25;06:53:36;-;-; 52.65; 0.2;-; 70.7; 68.5; 12.0; 0.0; 12.0;2006;-0.1; 0.1; 0.1;-5; 22.9;B;0;-;On;On;Off; 24.7; 25.7;0;0;1393;0;1393;0;1207;1;-
2026/04/25;06:54:36;-;-; 52.65; 0.5;-; 68.7; 68.5; 25.4; 12.7; 12.7;2006;-0.0; 0.2; 0.2;0; 22.9;B;0;-;On;On;Off; 26.7; 26.3;0;0;1393;0;1393;0;1207;1;-
2026/04/25;06:55:36;-;-; 52.65; 0.0;-; 71.0; 70.9; 0.7; 0.0; 0.7;2006; 0.3; 0.5; 0.5;15; 22.9;B;0;-;On;On;Off; 26.4; 24.9;0;0;1393;0;1393;0;1207;1;-
2026/04/25;06:56:36;-;-; 52.65; 0.3;-; 71.1; 68.5; 13.4; 0.0; 13.4;2006;-0.0; 0.2; 0.2;0; 22.9;B;0;-;On;On;Off; 24.9; 24.8;0;0;1393;0;1393;0;1207;1;-
2026/04/25;06:57:36;-;-; 52.67; 0.5;-; 68.7; 68.6; 26.1; 12.7; 13.4;2006;-0.1; 0.1; 0.1;-4; 22.9;B;0;-;On;On;Off; 26.4; 26.3;0;0;1393;0;1393;0;1207;1;-
2026/04/25;06:58:36;-;-; 52.67; 0.2;-; 68.7; 70.9; 12.7; 12.7; 0.0;2006; 0.3; 0.4; 0.4;13; 22.9;B;0;-;On;On;Off; 27.1; 25.3;0;0;1393;0;1393;0;1207;1;-
2026/04/25;06:59:36;-;-; 52.67; 0.0;-; 70.8; 70.7; 0.7; 0.7; 0.0;2006; 0.2; 0.3; 0.3;9; 22.8;B;0;-;On;On;Off; 25.2; 24.7;0;0;1393;0;1393;0;1207;1;-
2026/04/25;07:00:36;-;-; 52.65; 0.4;-; 68.6; 68.4; 19.7; 9.9; 9.9;2006;-0.2; 0.0; 0.0;-8; 22.9;B;0;-;On;On;Off; 25.4; 26.2;0;0;1393;0;1393;0;1207;1;-
2026/04/25;07:01:35;-;-; 52.61; 0.2;-; 68.7; 70.0; 9.2; 9.2; 0.0;2006; 0.0; 0.3; 0.3;1; 22.9;B;0;-;On;On;Off; 27.1; 26.6;0;0;1393;0;1393;0;1207;1;-
2026/04/25;07:02:35;-;-; 52.63; 0.0;-; 70.0; 69.9; 1.4; 0.7; 0.7;2006; 0.1; 0.3; 0.3;2; 22.8;B;0;-;On;On;Off; 25.8; 25.0;0;0;1393;0;1393;0;1207;1;-
2026/04/25;07:03:35;-;-; 52.61; 0.2;-; 70.1; 68.5; 10.5; 0.7; 9.8;2007;-0.1; 0.1; 0.1;-7; 22.8;B;0;-;On;On;Off; 25.1; 25.9;0;0;1393;0;1393;0;1207;1;-
2026/04/25;07:04:35;-;-; 52.59; 0.4;-; 68.5; 68.4; 21.2; 10.6; 10.6;2007;-0.1; 0.1; 0.1;-5; 22.8;B;0;-;On;On;Off; 27.0; 26.6;0;0;1393;0;1393;0;1207;1;-
2026/04/25;07:05:35;-;-; 52.61; 0.0;-; 70.3; 70.2; 1.4; 0.7; 0.7;2007; 0.1; 0.4; 0.4;6; 22.8;B;0;-;On;On;Off; 27.2; 25.2;0;0;1393;0;1393;0;1207;1;-
2026/04/25;07:06:35;-;-; 52.61; 0.2;-; 70.5; 68.4; 11.3; 0.7; 10.6;2007;-0.0; 0.2; 0.2;-2; 22.8;B;0;-;On;On;Off; 25.3; 24.9;0;0;1393;0;1393;0;1207;1;-
2026/04/25;07:07:35;-;-; 52.59; 0.4;-; 69.0; 68.4; 23.2; 11.3; 12.0;2007;-0.1; 0.1; 0.1;-7; 22.8;B;0;-;On;On;Off; 26.6; 26.5;0;0;1393;0;1393;0;1207;1;-
2026/04/25;07:08:35;-;-; 52.61; 0.3;-; 68.8; 71.1; 14.1; 13.4; 0.7;2007; 0.1; 0.3; 0.3;6; 22.8;B;0;-;On;On;Off; 27.4; 25.8;0;0;1393;0;1393;0;1207;1;-
2026/04/25;07:09:35;-;-; 52.61; 0.0;-; 71.3; 71.3; 0.7; 0.0; 0.7;2007; 0.2; 0.4; 0.4;9; 22.8;B;0;-;On;On;Off; 25.6; 25.0;0;0;1393;0;1393;0;1207;1;-
2026/04/25;07:10:35;-;-; 52.63; 0.5;-; 69.5; 68.5; 25.3; 12.0; 13.4;2007;-0.1; 0.0; 0.0;-7; 22.8;B;0;-;On;On;Off; 25.3; 26.4;0;0;1393;0;1393;0;1207;1;-
2026/04/25;07:11:35;-;-; 52.63; 0.4;-; 68.8; 68.5; 22.6; 11.3; 11.3;2007; 0.1; 0.3; 0.3;4; 22.8;B;0;-;On;On;Off; 27.3; 26.9;0;0;1393;0;1393;0;1207;1;-
2026/04/25;07:12:35;-;-; 52.65; 0.0;-; 70.4; 70.3; 0.7; 0.7; 0.0;2007; 0.2; 0.4; 0.4;11; 22.8;B;0;-;On;On;Off; 26.2; 25.3;0;0;1393;0;1393;0;1207;1;-
2026/04/25;07:13:35;-;-; 52.63; 0.2;-; 70.5; 68.6; 11.3; 0.7; 10.6;2007;-0.1; 0.1; 0.1;-4; 22.8;B;0;-;On;On;Off; 25.3; 25.8;0;0;1393;0;1393;0;1207;1;-
2026/04/25;07:14:35;-;-; 52.61; 0.4;-; 68.7; 68.5; 22.6; 11.3; 11.3;2007;-0.1; 0.1; 0.1;-5; 22.8;B;0;-;On;On;Off; 27.1; 26.8;0;0;1393;0;1393;0;1207;1;-
2026/04/25;07:15:35;-;-; 52.63; 0.1;-; 70.1; 70.7; 7.7; 7.7; 0.0;2007; 0.2; 0.4; 0.4;9; 22.8;B;0;-;On;On;Off; 27.5; 25.6;0;0;1393;0;1393;0;1207;1;-
2026/04/25;07:16:35;-;-; 52.63; 0.0;-; 71.0; 70.8; 0.7; 0.0; 0.7;2007; 0.1; 0.2; 0.2;3; 22.8;B;0;-;On;On;Off; 25.6; 25.1;0;0;1393;0;1393;0;1207;1;-
2026/04/25;07:17:34;-;-; 52.63; 0.5;-; 68.7; 68.5; 24.7; 12.0; 12.7;2007;-0.1; 0.0; 0.0;-7; 22.8;B;0;-;On;On;Off; 26.5; 26.7;0;0;1393;0;1393;0;1207;1;-
2026/04/25;07:18:34;-;-; 52.63; 0.2;-; 68.7; 70.6; 12.0; 11.3; 0.7;2007; 0.2; 0.4; 0.4;8; 22.8;B;0;-;On;On;Off; 27.6; 26.4;0;0;1393;0;1393;0;1207;1;-
2026/04/25;07:19:34;-;-; 52.61; 0.0;-; 70.6; 70.5; 0.7; 0.0; 0.7;2007; 0.2; 0.4; 0.4;8; 22.8;B;0;-;On;On;Off; 25.9; 25.3;0;0;1393;0;1393;0;1207;1;-
2026/04/25;07:20:34;-;-; 52.63; 0.2;-; 71.0; 68.5; 12.7; 0.0; 12.7;2007;-0.1; 0.1; 0.1;-6; 22.8;B;0;-;On;On;Off; 25.5; 26.5;0;0;1393;0;1393;0;1207;1;-
2026/04/25;07:21:34;-;-; 52.69; 0.6;-; 68.7; 68.5; 31.0; 15.5; 15.5;2007; 0.0; 0.2; 0.2;1; 22.8;B;0;-;On;On;Off; 27.5; 27.1;0;0;1393;0;1393;0;1207;1;-
2026/04/25;07:22:34;-;-; 52.69; 0.0;-; 72.3; 72.1; 0.7; 0.0; 0.7;2007; 0.5; 0.5; 0.5;23; 22.8;B;0;-;On;On;Off; 26.8; 25.5;0;0;1393;0;1393;0;1207;1;-
2026/04/25;07:23:34;-;-; 52.71; 0.4;-; 72.7; 70.0; 20.5; 0.7; 19.8;2007; 0.1; 0.2; 0.2;4; 22.8;B;0;-;On;On;Off; 25.6; 25.6;0;0;1393;0;1393;0;1207;1;-
2026/04/25;07:24:34;-;-; 52.87; 0.9;-; 69.0; 68.9; 49.7; 24.8; 24.8;2007; 0.0; 0.2; 0.2;0; 22.8;B;0;-;On;On;Off; 27.2; 27.0;0;0;1393;0;1393;0;1207;1;-
2026/04/25;07:25:34;-;-; 52.99; 0.9;-; 69.2; 69.0; 49.8; 24.9; 24.9;2007; 1.0; 0.8; 0.8;50; 22.8;B;0;-;On;On;Off; 27.8; 27.3;0;0;1393;0;1393;0;1207;1;-
2026/04/25;07:26:34;-;-; 53.06; 0.9;-; 70.2; 69.1; 45.5; 21.4; 24.2;2007; 1.2; 0.9; 0.9;64; 22.8;B;0;-;On;On;Off; 28.0; 27.5;0;0;1393;0;1393;0;1207;1;-
2026/04/25;07:27:34;-;-; 53.10; 0.9;-; 69.4; 69.1; 45.5; 22.8; 22.8;2007; 1.2; 0.9; 0.9;62; 22.8;B;0;-;On;On;Off; 28.1; 27.7;0;0;1393;0;1393;0;1207;1;-
2026/04/25;07:28:34;-;-; 53.14; 0.8;-; 69.3; 69.1; 42.8; 21.4; 21.4;2007; 1.1; 0.9; 0.9;57; 22.8;B;0;-;On;On;Off; 28.3; 27.8;0;0;1393;0;1393;0;1207;1;-
2026/04/25;07:29:34;-;-; 53.18; 0.7;-; 70.6; 69.2; 38.5; 17.1; 21.4;2007; 1.0; 0.8; 0.8;50; 22.8;B;0;-;On;On;Off; 28.4; 27.9;0;0;1393;0;1393;0;1207;1;-
2026/04/25;07:30:34;-;-; 53.26; 0.9;-; 69.4; 69.4; 45.6; 22.8; 22.8;2007; 1.0; 0.8; 0.8;50; 22.8;B;0;-;On;On;Off; 28.5; 28.1;0;0;1393;0;1393;0;1207;1;-
2026/04/25;07:31:34;-;-; 53.34; 1.0;-; 69.6; 69.5; 51.5; 25.7; 25.7;2007; 1.1; 0.8; 0.8;55; 22.8;B;0;-;On;On;Off; 28.7; 28.1;0;0;1393;0;1393;0;1207;1;-
2026/04/25;07:32:33;-;-; 53.46; 1.1;-; 69.8; 69.7; 57.4; 28.7; 28.7;2007; 1.2; 0.9; 0.9;64; 22.8;B;0;-;On;On;Off; 28.8; 28.2;0;0;1393;0;1393;0;1207;1;-
2026/04/25;07:33:33;-;-; 53.54; 1.0;-; 69.9; 69.7; 52.4; 25.9; 26.6;2007; 1.5; 1.1; 1.1;77; 22.8;B;0;-;On;On;Off; 28.9; 28.3;0;0;1393;0;1393;0;1207;1;-
2026/04/25;07:34:33;-;-; 53.58; 0.9;-; 70.0; 69.8; 48.8; 24.4; 24.4;2007; 1.4; 1.0; 1.0;75; 22.8;B;0;-;On;On;Off; 29.0; 28.4;0;0;1393;0;1393;0;1207;1;-
2026/04/25;07:35:33;-;-; 53.56; 0.8;-; 69.9; 69.8; 43.8; 22.3; 21.6;2007; 1.2; 0.9; 0.9;63; 22.8;B;0;-;On;On;Off; 29.0; 28.5;0;0;1393;0;1393;0;1207;1;-
2026/04/25;07:36:33;-;-; 53.58; 0.9;-; 69.8; 69.8; 45.9; 23.0; 23.0;2007; 1.0; 0.8; 0.8;54; 22.8;B;0;-;On;On;Off; 29.1; 28.6;0;0;1393;0;1393;0;1207;1;-
2026/04/25;07:37:33;-;-; 53.58; 0.8;-; 69.9; 69.8; 43.9; 21.6; 22.3;2007; 1.0; 0.8; 0.8;53; 22.8;B;0;-;On;On;Off; 29.2; 28.7;0;0;1393;0;1393;0;1207;1;-
2026/04/25;07:38:33;-;-; 53.60; 0.8;-; 69.9; 69.8; 44.6; 22.3; 22.3;2007; 1.0; 0.8; 0.8;53; 22.8;B;0;-;On;On;Off; 29.3; 28.8;0;0;1393;0;1393;0;1207;1;-
2026/04/25;07:39:33;-;-; 53.68; 0.9;-; 70.1; 69.9; 48.2; 23.7; 24.4;2007; 0.9; 0.8; 0.8;49; 22.8;B;0;-;On;On;Off; 29.3; 28.8;0;0;1393;0;1393;0;1207;1;-
2026/04/25;07:40:33;-;-; 53.70; 0.9;-; 70.0; 69.9; 48.9; 24.5; 24.5;2007; 1.1; 0.9; 0.9;59; 22.8;B;0;-;On;On;Off; 29.4; 28.9;0;0;1393;0;1393;0;1207;1;-
2026/04/25;07:41:33;-;-; 53.78; 1.0;-; 70.1; 70.0; 53.3; 26.7; 26.7;2007; 1.1; 0.9; 0.9;60; 22.8;B;0;-;On;On;Off; 29.5; 29.0;0;0;1393;0;1393;0;1207;1;-
2026/04/25;07:42:33;-;-; 53.87; 1.0;-; 70.4; 71.3; 52.8; 28.9; 23.8;2007; 1.3; 1.0; 1.0;67; 22.8;B;0;-;On;On;Off; 29.5; 29.0;0;0;1393;0;1393;0;1207;1;-
2026/04/25;07:43:33;-;-; 54.03; 1.2;-; 70.6; 70.3; 63.7; 31.9; 31.9;2007; 1.4; 1.0; 1.0;75; 22.8;B;0;-;On;On;Off; 29.6; 29.1;0;0;1393;0;1393;0;1207;1;-
2026/04/25;07:44:33;-;-; 54.17; 1.2;-; 70.7; 70.5; 67.6; 33.4; 34.1;2007; 1.7; 1.2; 1.2;89; 22.8;B;0;-;On;On;Off; 29.7; 29.2;0;0;1393;0;1393;0;1207;1;-
2026/04/25;07:45:33;-;-; 54.23; 1.1;-; 70.6; 70.6; 59.7; 29.8; 29.8;2007; 1.8; 1.2; 1.2;94; 22.8;B;0;-;On;On;Off; 29.7; 29.2;0;0;1393;0;1393;0;1207;1;-
2026/04/25;07:46:33;-;-; 54.21; 0.9;-; 72.0; 70.5; 48.7; 21.1; 27.6;2007; 1.7; 1.2; 1.2;90; 22.8;B;0;-;On;On;Off; 29.8; 29.3;0;0;1393;0;1393;0;1207;1;-
2026/04/25;07:47:33;-;-; 54.35; 1.2;-; 70.9; 70.7; 67.1; 33.5; 33.5;2007; 1.3; 1.0; 1.0;70; 22.8;B;0;-;On;On;Off; 29.8; 29.3;0;0;1393;0;1393;0;1207;1;-
2026/04/25;07:48:32;-;-; 54.56; 1.3;-; 71.1; 71.1; 71.0; 35.1; 35.9;2007; 1.6; 1.1; 1.1;85; 22.8;B;0;-;On;On;Off; 29.9; 29.4;0;0;1393;0;1393;0;1207;1;-
2026/04/25;07:49:32;-;-; 54.53; 1.1;-; 71.2; 70.9; 57.8; 29.3; 28.5;2007; 2.0; 1.3; 1.3;106; 22.8;B;0;-;On;On;Off; 29.9; 29.4;0;0;1393;0;1393;0;1207;1;-
2026/04/25;07:50:32;-;-; 54.45; 0.8;-; 72.0; 72.2; 42.4; 21.9; 20.4;2007; 1.6; 1.1; 1.1;86; 22.8;B;0;-;On;On;Off; 30.0; 29.5;0;0;1393;0;1393;0;1207;1;-
2026/04/25;07:51:32;-;-; 54.43; 0.8;-; 72.5; 70.9; 44.5; 17.5; 27.0;2007; 1.3; 1.0; 1.0;69; 22.8;B;0;-;On;On;Off; 30.0; 29.5;0;0;1393;0;1393;0;1207;1;-
2026/04/25;07:52:32;-;-; 54.49; 1.1;-; 71.1; 70.8; 57.8; 28.5; 29.3;2007; 1.3; 1.0; 1.0;69; 22.8;B;0;-;On;On;Off; 30.1; 29.6;0;0;1393;0;1393;0;1207;1;-
2026/04/25;07:53:32;-;-; 54.72; 1.1;-; 71.2; 72.5; 60.1; 34.5; 25.7;2007; 1.4; 1.0; 1.0;73; 22.8;B;0;-;On;On;Off; 30.1; 29.6;0;0;1393;0;1393;1;1208;1;-
2026/04/25;07:54:32;-;-; 54.80; 1.2;-; 71.5; 71.4; 63.9; 31.6; 32.3;2007; 1.7; 1.2; 1.2;93; 22.8;B;0;-;On;On;Off; 30.2; 29.7;0;0;1393;0;1393;1;1208;1;-
2026/04/25;07:55:32;-;-; 54.82; 1.2;-; 71.4; 71.4; 63.2; 31.6; 31.6;2007; 1.8; 1.2; 1.2;94; 22.8;B;0;-;On;On;Off; 30.2; 29.7;0;0;1393;0;1393;1;1208;1;-
2026/04/25;07:56:32;-;-; 54.78; 1.1;-; 71.4; 71.4; 58.8; 29.4; 29.4;2007; 1.6; 1.1; 1.1;85; 22.8;B;0;-;On;On;Off; 30.2; 29.7;0;0;1393;0;1393;1;1208;1;-
2026/04/25;07:57:32;-;-; 54.84; 1.0;-; 71.6; 72.6; 53.7; 30.9; 22.8;2007; 1.5; 1.1; 1.1;79; 22.8;B;0;-;On;On;Off; 30.3; 29.8;0;0;1393;0;1393;1;1208;1;-
2026/04/25;07:58:32;-;-; 54.92; 1.1;-; 71.6; 71.5; 61.8; 30.9; 30.9;2007; 1.5; 1.1; 1.1;82; 22.8;B;0;-;On;On;Off; 30.3; 29.8;0;0;1393;0;1393;1;1208;1;-
2026/04/25;07:59:32;-;-; 54.96; 1.1;-; 71.6; 71.6; 61.9; 30.9; 30.9;2007; 1.6; 1.1; 1.1;86; 22.8;B;0;-;On;On;Off; 30.4; 29.9;0;0;1393;0;1393;1;1208;1;-
2026/04/25;08:00:32;-;-; 54.96; 1.0;-; 71.6; 71.3; 56.7; 28.7; 28.0;2007; 1.6; 1.1; 1.1;85; 22.8;B;0;-;On;On;Off; 30.4; 29.9;0;1;1394;1;1394;1;1208;1;-
2026/04/25;08:01:32;-;-; 54.84; 0.9;-; 71.5; 71.4; 50.0; 25.0; 25.0;2007; 1.5; 1.1; 1.1;81; 22.8;B;0;-;On;On;Off; 30.4; 29.9;0;1;1394;1;1394;1;1208;1;-
2026/04/25;08:02:32;-;-; 54.66; 0.8;-; 71.3; 71.2; 41.8; 20.5; 21.2;2007; 1.3; 0.9; 0.9;67; 22.8;B;0;-;On;On;Off; 30.5; 30.0;0;1;1394;1;1394;1;1208;1;-
2026/04/25;08:03:31;-;-; 54.49; 0.7;-; 71.1; 70.9; 36.5; 18.3; 18.3;2008; 1.0; 0.8; 0.8;52; 22.8;B;0;-;On;On;Off; 30.5; 30.0;0;1;1394;1;1394;1;1208;1;-
2026/04/25;08:04:31;-;-; 54.35; 0.3;-; 73.0; 71.7; 13.8; 0.0; 13.8;2008; 0.7; 0.7; 0.7;36; 22.8;B;0;-;On;On;Off; 30.5; 30.0;0;1;1394;1;1394;1;1208;1;-
2026/04/25;08:05:31;-;-; 54.25; 0.3;-; 73.3; 71.9; 16.0; 0.7; 15.3;2008; 0.6; 0.6; 0.6;31; 22.8;B;0;-;On;On;Off; 28.5; 29.9;0;1;1394;1;1394;1;1208;1;-
2026/04/25;08:06:31;-;-; 54.39; 0.9;-; 71.0; 70.8; 48.9; 24.1; 24.8;2008; 0.3; 0.4; 0.4;17; 22.8;B;0;-;On;On;Off; 29.5; 29.7;0;1;1394;1;1394;1;1208;1;-
2026/04/25;08:07:31;-;-; 54.41; 0.7;-; 71.8; 70.8; 40.2; 18.3; 21.9;2008; 0.8; 0.7; 0.7;42; 22.8;B;0;-;On;On;Off; 30.2; 29.8;0;1;1394;1;1394;1;1208;1;-
2026/04/25;08:08:31;-;-; 54.37; 0.8;-; 71.8; 70.8; 42.3; 18.2; 24.1;2008; 1.1; 0.9; 0.9;57; 22.7;B;0;-;On;On;Off; 30.4; 29.9;0;1;1394;1;1394;1;1208;1;-
2026/04/25;08:09:31;-;-; 54.66; 1.1;-; 71.3; 71.1; 60.1; 30.1; 30.1;2008; 0.9; 0.8; 0.8;48; 22.7;B;0;-;On;On;Off; 30.4; 30.0;0;1;1394;1;1394;1;1208;1;-
2026/04/25;08:10:31;-;-; 55.18; 1.2;-; 72.0; 71.8; 68.8; 34.0; 34.8;2008; 1.3; 1.0; 1.0;71; 22.7;B;0;-;On;On;Off; 30.5; 30.0;0;1;1394;1;1394;1;1208;1;-
2026/04/25;08:11:31;-;-; 55.37; 1.2;-; 72.3; 72.1; 63.9; 31.9; 31.9;2008; 1.8; 1.2; 1.2;94; 22.7;B;0;-;On;On;Off; 30.5; 30.0;0;1;1394;1;1394;1;1208;1;-
2026/04/25;08:12:31;-;-; 55.47; 1.2;-; 72.3; 72.1; 64.0; 32.0; 32.0;2008; 1.7; 1.2; 1.2;92; 22.7;B;0;-;On;On;Off; 30.6; 30.1;0;1;1394;1;1394;1;1208;1;-
2026/04/25;08:13:31;-;-; 55.47; 1.1;-; 72.3; 72.2; 60.3; 29.8; 30.5;2008; 1.6; 1.1; 1.1;87; 22.7;B;0;-;On;On;Off; 30.6; 30.1;0;1;1394;1;1394;1;1208;1;-
2026/04/25;08:14:31;-;-; 55.45; 0.9;-; 73.7; 72.2; 47.6; 17.8; 29.8;2008; 1.5; 1.1; 1.1;82; 22.7;B;0;-;On;On;Off; 30.6; 30.2;0;1;1394;1;1394;1;1208;1;-
2026/04/25;08:15:31;-;-; 55.35; 1.0;-; 72.1; 72.0; 55.7; 28.2; 27.4;2008; 1.5; 1.0; 1.0;79; 22.7;B;0;-;On;On;Off; 30.7; 30.2;0;1;1394;1;1394;1;1208;1;-
2026/04/25;08:16:31;-;-; 55.45; 1.1;-; 72.5; 72.3; 62.4; 31.2; 31.2;2008; 1.4; 1.0; 1.0;74; 22.7;B;0;-;On;On;Off; 30.7; 30.2;0;1;1394;1;1394;1;1208;1;-
2026/04/25;08:17:31;-;-; 56.32; 1.3;-; 73.5; 73.3; 74.8; 37.0; 37.8;2008; 1.4; 1.0; 1.0;73; 22.7;B;0;-;On;On;Off; 30.7; 30.3;0;1;1394;1;1394;1;1208;1;-
2026/04/25;08:18:30;-;-; 57.17; 1.4;-; 74.7; 74.6; 78.2; 39.1; 39.1;2008; 1.8; 1.2; 1.2;97; 22.7;B;0;-;On;On;Off; 30.8; 30.3;0;1;1394;1;1394;1;1208;1;-
2026/04/25;08:19:30;-;-; 57.45; 1.3;-; 74.7; 74.7; 77.0; 39.3; 37.7;2008; 2.0; 1.3; 1.3;112; 22.7;B;0;-;On;On;Off; 30.9; 30.4;0;1;1394;1;1394;1;1208;1;-
2026/04/25;08:20:30;-;-; 57.62; 1.3;-; 74.8; 74.7; 76.5; 39.4; 37.1;2008; 1.9; 1.3; 1.3;108; 22.7;B;0;-;On;On;Off; 30.9; 30.4;0;1;1394;1;1394;1;1208;1;-
2026/04/25;08:21:30;-;-; 57.52; 1.2;-; 75.0; 74.8; 66.4; 31.6; 34.7;2008; 1.8; 1.2; 1.2;104; 22.7;B;0;-;On;On;Off; 30.9; 30.4;0;1;1394;1;1394;1;1208;1;-
2026/04/25;08:22:30;-;-; 57.05; 1.2;-; 74.4; 74.3; 65.8; 32.9; 32.9;2008; 1.7; 1.2; 1.2;97; 22.7;B;0;-;On;On;Off; 31.0; 30.5;0;1;1394;1;1394;1;1208;1;-
2026/04/25;08:23:30;-;-; 56.81; 1.1;-; 74.0; 73.9; 63.2; 32.0; 31.2;2008; 1.6; 1.1; 1.1;89; 22.7;B;0;-;On;On;Off; 31.0; 30.5;0;1;1394;1;1394;1;1208;1;-
2026/04/25;08:24:30;-;-; 56.62; 1.1;-; 73.9; 73.6; 60.8; 30.4; 30.4;2008; 1.5; 1.1; 1.1;81; 22.7;B;0;-;On;On;Off; 31.0; 30.5;0;1;1394;1;1394;1;1208;1;-
2026/04/25;08:25:30;-;-; 56.64; 1.1;-; 73.7; 73.6; 61.6; 30.4; 31.1;2008; 1.4; 1.0; 1.0;77; 22.7;B;0;-;On;On;Off; 31.0; 30.5;0;1;1394;1;1394;1;1208;1;-
2026/04/25;08:26:30;-;-; 56.93; 1.1;-; 74.4; 74.1; 62.6; 31.3; 31.3;2008; 1.4; 1.0; 1.0;75; 22.7;B;0;-;On;On;Off; 31.1; 30.5;0;1;1394;1;1394;1;1208;1;-
2026/04/25;08:27:30;-;-; 57.25; 0.7;-; 75.9; 74.7; 38.4; 6.1; 32.2;2008; 1.5; 1.1; 1.1;81; 22.7;B;0;-;On;On;Off; 31.1; 30.6;0;1;1394;1;1394;1;1208;1;-
2026/04/25;08:28:30;-;-; 57.45; 1.1;-; 74.9; 74.7; 64.7; 30.8; 33.9;2008; 1.5; 1.1; 1.1;84; 22.7;B;0;-;On;On;Off; 31.1; 30.6;0;1;1394;1;1394;1;1208;1;-
2026/04/25;08:29:30;-;-; 57.39; 1.1;-; 74.8; 74.6; 63.9; 30.8; 33.1;2008; 1.5; 1.1; 1.1;82; 22.7;B;0;-;On;On;Off; 31.1; 30.6;0;1;1394;1;1394;1;1208;1;-
2026/04/25;08:30:30;-;-; 57.45; 1.1;-; 74.9; 74.8; 62.4; 30.8; 31.6;2008; 1.4; 1.0; 1.0;78; 22.7;B;0;-;On;On;Off; 31.2; 30.6;0;1;1394;1;1394;1;1208;1;-
2026/04/25;08:31:30;-;-; 57.37; 1.1;-; 74.8; 74.7; 60.8; 30.0; 30.8;2008; 1.4; 1.0; 1.0;76; 22.7;B;0;-;On;On;Off; 31.2; 30.7;0;1;1394;1;1394;1;1208;1;-
2026/04/25;08:32:30;-;-; 57.33; 1.1;-; 74.8; 74.7; 60.8; 30.0; 30.8;2008; 1.3; 1.0; 1.0;74; 22.7;B;0;-;On;On;Off; 31.2; 30.7;0;1;1394;1;1394;1;1208;1;-
2026/04/25;08:33:29;-;-; 57.33; 1.0;-; 74.8; 74.7; 58.4; 28.4; 30.0;2008; 1.3; 1.0; 1.0;72; 22.7;B;0;-;On;On;Off; 31.2; 30.7;0;1;1394;1;1394;1;1208;1;-
2026/04/25;08:34:29;-;-; 56.91; 1.0;-; 74.4; 74.2; 54.2; 26.7; 27.5;2008; 1.3; 1.0; 1.0;71; 22.7;B;0;-;On;On;Off; 31.2; 30.7;0;1;1394;1;1394;1;1208;1;-
2026/04/25;08:35:29;-;-; 56.56; 0.8;-; 74.0; 74.0; 43.2; 25.8; 17.5;2008; 1.2; 0.9; 0.9;65; 22.7;B;0;-;On;On;Off; 31.2; 30.7;0;1;1394;1;1394;1;1208;1;-
2026/04/25;08:36:29;-;-; 56.68; 0.9;-; 73.9; 73.8; 53.2; 26.6; 26.6;2008; 1.1; 0.9; 0.9;61; 22.7;B;0;-;On;On;Off; 31.3; 30.7;0;1;1394;1;1394;1;1208;1;-
2026/04/25;08:37:29;-;-; 57.07; 0.6;-; 75.6; 74.2; 32.1; 3.0; 29.1;2008; 1.1; 0.9; 0.9;61; 22.7;B;0;-;On;On;Off; 31.3; 30.8;0;1;1394;1;1394;1;1208;1;-
2026/04/25;08:38:29;-;-; 57.33; 1.0;-; 74.8; 74.7; 54.6; 26.9; 27.7;2008; 1.2; 0.9; 0.9;64; 22.7;B;0;-;On;On;Off; 31.3; 30.8;0;1;1394;1;1394;1;1208;1;-
2026/04/25;08:39:29;-;-; 57.03; 0.9;-; 74.5; 74.2; 52.8; 25.2; 27.5;2008; 1.2; 0.9; 0.9;65; 22.7;B;0;-;On;On;Off; 31.3; 30.8;0;1;1394;1;1394;1;1208;1;-
2026/04/25;08:40:29;-;-; 57.01; 0.6;-; 74.5; 75.4; 34.4; 26.0; 8.4;2008; 1.1; 0.9; 0.9;61; 22.7;B;0;-;On;On;Off; 31.3; 30.8;0;1;1394;1;1394;1;1208;1;-
2026/04/25;08:41:29;-;-; 57.09; 0.9;-; 74.5; 74.2; 50.5; 24.5; 26.0;2008; 1.1; 0.9; 0.9;59; 22.7;B;0;-;On;On;Off; 31.3; 30.8;0;1;1394;1;1394;1;1208;1;-
2026/04/25;08:42:29;-;-; 57.21; 0.9;-; 74.7; 74.6; 53.0; 26.1; 26.9;2008; 1.1; 0.9; 0.9;59; 22.7;B;0;-;On;On;Off; 31.3; 30.8;0;1;1394;1;1394;1;1208;1;-
2026/04/25;08:43:29;-;-; 56.99; 0.9;-; 74.2; 74.3; 52.8; 26.8; 26.0;2008; 1.1; 0.9; 0.9;61; 22.7;B;0;-;On;On;Off; 31.4; 30.9;0;1;1394;1;1394;1;1208;1;-
2026/04/25;08:44:29;-;-; 57.27; 0.9;-; 74.6; 74.7; 50.7; 25.3; 25.3;2008; 1.0; 0.8; 0.8;58; 22.7;B;0;-;On;On;Off; 31.4; 30.9;0;1;1394;1;1394;1;1208;1;-
2026/04/25;08:45:29;-;-; 57.09; 0.5;-; 75.6; 74.6; 26.0; 0.7; 25.3;2008; 1.0; 0.8; 0.8;57; 22.7;B;0;-;On;On;Off; 31.4; 30.9;0;1;1394;1;1394;1;1208;1;-
2026/04/25;08:46:29;-;-; 57.25; 0.7;-; 74.8; 74.7; 42.2; 25.3; 16.9;2008; 1.0; 0.8; 0.8;55; 22.7;B;0;-;On;On;Off; 31.4; 30.9;0;1;1394;1;1394;1;1208;1;-
2026/04/25;08:47:29;-;-; 57.68; 0.9;-; 75.2; 75.1; 51.8; 24.7; 27.1;2008; 1.0; 0.8; 0.8;55; 22.7;B;0;-;On;On;Off; 31.4; 30.9;0;1;1394;1;1394;1;1208;1;-
2026/04/25;08:48:29;-;-; 57.39; 1.0;-; 75.2; 75.0; 56.2; 27.7; 28.5;2008; 1.0; 0.8; 0.8;56; 22.7;B;0;-;On;On;Off; 31.5; 30.9;0;1;1394;1;1394;1;1208;1;-
2026/04/25;08:49:28;-;-; 57.66; 0.7;-; 75.9; 75.1; 42.5; 14.7; 27.8;2008; 1.0; 0.8; 0.8;54; 22.7;B;0;-;On;On;Off; 31.5; 30.9;0;1;1394;1;1394;1;1208;1;-
2026/04/25;08:50:28;-;-; 57.37; 0.9;-; 75.2; 75.0; 53.1; 26.1; 27.0;2008; 0.9; 0.8; 0.8;53; 22.7;B;0;-;On;On;Off; 31.5; 31.0;0;1;1394;1;1394;1;1208;1;-
2026/04/25;08:51:28;-;-; 57.66; 0.8;-; 75.3; 75.1; 44.9; 21.7; 23.2;2008; 0.9; 0.8; 0.8;52; 22.7;B;0;-;On;On;Off; 31.5; 31.0;0;1;1394;1;1394;1;1208;1;-
2026/04/25;08:52:28;-;-; 57.58; 1.0;-; 75.1; 74.9; 60.2; 30.1; 30.1;2008; 0.9; 0.8; 0.8;51; 22.7;B;0;-;On;On;Off; 31.5; 31.0;0;1;1394;1;1394;1;1208;1;-
2026/04/25;08:53:28;-;-; 57.66; 0.7;-; 75.4; 75.4; 41.8; 23.2; 18.5;2008; 0.9; 0.8; 0.8;49; 22.7;B;0;-;On;On;Off; 31.5; 31.0;0;1;1394;1;1394;1;1208;1;-
2026/04/25;08:54:28;-;-; 57.54; 0.8;-; 75.0; 74.7; 46.3; 21.6; 24.7;2008; 0.9; 0.8; 0.8;50; 22.7;B;0;-;On;On;Off; 31.5; 31.0;0;1;1394;1;1394;1;1208;1;-
2026/04/25;08:55:28;-;-; 57.41; 0.9;-; 75.0; 74.7; 49.3; 23.1; 26.2;2008; 0.8; 0.8; 0.8;47; 22.7;B;0;-;On;On;Off; 31.5; 31.0;0;1;1394;1;1394;1;1208;1;-
2026/04/25;08:56:28;-;-; 57.50; 1.2;-; 74.9; 74.8; 67.9; 33.9; 33.9;2008; 0.9; 0.8; 0.8;48; 22.7;B;0;-;On;On;Off; 31.5; 31.0;0;1;1394;1;1394;2;1209;1;-
2026/04/25;08:57:28;-;-; 57.47; 1.0;-; 75.2; 75.1; 60.1; 30.0; 30.0;2008; 0.8; 0.7; 0.7;46; 22.7;B;0;-;On;On;Off; 31.6; 31.1;0;1;1394;1;1394;2;1209;1;-
2026/04/25;08:58:28;-;-; 57.66; 1.0;-; 76.2; 75.2; 55.7; 21.7; 34.0;2008; 0.8; 0.8; 0.8;46; 22.7;B;0;-;On;On;Off; 31.6; 31.1;0;1;1394;1;1394;2;1209;1;-
2026/04/25;08:59:28;-;-; 57.66; 0.7;-; 76.4; 75.3; 37.9; 6.9; 31.0;2008; 0.8; 0.7; 0.7;46; 22.7;B;0;-;On;On;Off; 31.6; 31.1;0;1;1394;1;1394;2;1209;1;-
2026/04/25;09:00:28;-;-; 57.66; 0.8;-; 75.5; 75.1; 43.3; 20.1; 23.2;2008; 0.8; 0.7; 0.7;45; 22.7;B;0;-;On;On;Off; 31.6; 31.1;0;1;1394;1;1394;2;1209;1;-
2026/04/25;09:01:28;-;-; 57.66; 0.7;-; 75.4; 75.8; 41.0; 24.0; 17.0;2008; 0.8; 0.7; 0.7;45; 22.7;B;0;-;On;On;Off; 31.6; 31.1;0;1;1394;1;1394;2;1209;1;-
2026/04/25;09:02:28;-;-; 57.66; 0.7;-; 75.5; 76.0; 38.7; 24.0; 14.7;2008; 0.8; 0.7; 0.7;45; 22.7;B;0;-;On;On;Off; 31.6; 31.1;0;1;1394;1;1394;2;1209;1;-
2026/04/25;09:03:28;-;-; 57.64; 0.7;-; 75.4; 75.0; 41.8; 17.8; 24.0;2009; 0.8; 0.7; 0.7;43; 22.7;B;0;-;On;On;Off; 31.6; 31.1;0;1;1394;1;1394;2;1209;1;-
2026/04/25;09:04:27;-;-; 57.64; 1.0;-; 74.9; 74.8; 55.7; 27.8; 27.8;2009; 0.8; 0.7; 0.7;43; 22.7;B;0;-;On;On;Off; 31.6; 31.1;0;1;1394;1;1394;2;1209;1;-
2026/04/25;09:05:27;-;-; 57.33; 0.8;-; 75.1; 75.0; 46.9; 23.1; 23.8;2009; 0.8; 0.7; 0.7;42; 22.7;B;0;-;On;On;Off; 31.6; 31.1;0;1;1394;1;1394;2;1209;1;-
2026/04/25;09:06:27;-;-; 57.45; 0.0;-; 76.3; 76.4; 0.0; 0.0; 0.0;2009; 0.7; 0.7; 0.7;42; 22.7;B;0;-;On;On;Off; 31.6; 31.1;0;2;1395;2;1395;2;1209;1;-
2026/04/25;09:07:27;-;-; 57.35; 1.1;-; 74.7; 74.7; 60.8; 31.5; 29.2;2009; 0.7; 0.7; 0.7;42; 22.7;B;0;-;On;On;Off; 31.6; 31.2;0;2;1395;2;1395;2;1209;1;-
2026/04/25;09:08:27;-;-; 57.66; 0.7;-; 75.3; 75.1; 40.2; 19.3; 20.9;2009; 0.8; 0.7; 0.7;42; 22.7;B;0;-;On;On;Off; 31.7; 31.2;0;2;1395;2;1395;2;1209;1;-
2026/04/25;09:09:27;-;-; 57.66; 0.7;-; 75.4; 75.2; 43.3; 22.4; 20.9;2009; 0.7; 0.7; 0.7;41; 22.6;B;0;-;On;On;Off; 31.7; 31.2;0;2;1395;2;1395;2;1209;1;-
2026/04/25;09:10:27;-;-; 57.47; 0.0;-; 76.3; 76.4; 0.0; 0.0; 0.0;2009; 0.8; 0.7; 0.7;42; 22.7;B;0;-;On;On;Off; 31.7; 31.2;0;2;1395;2;1395;2;1209;1;-
2026/04/25;09:11:27;-;-; 57.41; 0.9;-; 74.7; 74.7; 53.9; 27.0; 27.0;2009; 0.7; 0.7; 0.7;41; 22.6;B;0;-;On;On;Off; 31.7; 31.2;0;2;1395;2;1395;2;1209;1;-
2026/04/25;09:12:27;-;-; 57.62; 1.0;-; 74.7; 74.7; 54.8; 28.6; 26.3;2009; 0.7; 0.7; 0.7;41; 22.6;B;0;-;On;On;Off; 31.7; 31.2;0;2;1395;2;1395;2;1209;1;-
2026/04/25;09:13:27;-;-; 57.37; 0.7;-; 75.1; 74.8; 41.5; 21.5; 20.0;2009; 0.7; 0.7; 0.7;41; 22.6;B;0;-;On;On;Off; 31.7; 31.2;0;2;1395;2;1395;2;1209;1;-
2026/04/25;09:14:27;-;-; 57.13; 0.7;-; 74.6; 74.4; 40.6; 19.2; 21.5;2009; 0.7; 0.7; 0.7;40; 22.6;B;0;-;On;On;Off; 31.7; 31.2;0;2;1395;2;1395;2;1209;1;-
2026/04/25;09:15:27;-;-; 56.70; 0.7;-; 74.2; 74.0; 40.3; 19.8; 20.5;2009; 0.7; 0.7; 0.7;37; 22.7;B;0;-;On;On;Off; 31.7; 31.2;0;2;1395;2;1395;2;1209;1;-
2026/04/25;09:16:27;-;-; 56.79; 0.7;-; 74.1; 74.0; 41.9; 21.3; 20.5;2009; 0.7; 0.7; 0.7;37; 22.7;B;0;-;On;On;Off; 31.7; 31.2;0;2;1395;2;1395;2;1209;1;-
2026/04/25;09:17:27;-;-; 56.79; 0.7;-; 73.9; 73.9; 41.9; 21.3; 20.5;2009; 0.7; 0.7; 0.7;37; 22.6;B;0;-;On;On;Off; 31.7; 31.2;0;2;1395;2;1395;2;1209;1;-
2026/04/25;09:18:27;-;-; 56.68; 0.7;-; 73.7; 73.7; 41.0; 20.5; 20.5;2009; 0.7; 0.7; 0.7;37; 22.6;B;0;-;On;On;Off; 31.7; 31.2;0;2;1395;2;1395;2;1209;1;-
2026/04/25;09:19:26;-;-; 56.60; 0.7;-; 73.7; 73.6; 40.9; 20.5; 20.5;2009; 0.6; 0.7; 0.7;36; 22.6;B;0;-;On;On;Off; 31.7; 31.2;0;2;1395;2;1395;2;1209;1;-
2026/04/25;09:20:26;-;-; 56.56; 0.7;-; 73.8; 73.6; 41.7; 20.5; 21.2;2009; 0.7; 0.7; 0.7;36; 22.6;B;0;-;On;On;Off; 31.7; 31.2;0;2;1395;2;1395;2;1209;1;-
2026/04/25;09:21:26;-;-; 57.09; 0.7;-; 74.6; 74.2; 40.5; 18.4; 22.2;2009; 0.7; 0.7; 0.7;37; 22.6;B;0;-;On;On;Off; 31.7; 31.2;0;2;1395;2;1395;2;1209;1;-
2026/04/25;09:22:26;-;-; 57.11; 0.8;-; 74.6; 74.3; 45.2; 21.5; 23.7;2009; 0.7; 0.7; 0.7;40; 22.6;B;0;-;On;On;Off; 31.7; 31.2;0;2;1395;2;1395;2;1209;1;-
2026/04/25;09:23:26;-;-; 57.50; 0.8;-; 74.9; 74.7; 43.2; 20.0; 23.2;2009; 0.7; 0.7; 0.7;39; 22.6;B;0;-;On;On;Off; 31.7; 31.2;0;2;1395;2;1395;2;1209;1;-
2026/04/25;09:24:26;-;-; 57.52; 0.4;-; 75.1; 76.1; 21.6; 21.6; 0.0;2009; 0.7; 0.7; 0.7;41; 22.6;B;0;-;On;On;Off; 31.7; 31.2;0;2;1395;2;1395;2;1209;1;-
2026/04/25;09:25:26;-;-; 57.52; 0.0;-; 76.5; 76.4; 0.0; 0.0; 0.0;2009; 0.7; 0.7; 0.7;40; 22.6;B;0;-;On;On;Off; 31.7; 31.2;0;2;1395;2;1395;2;1209;1;-
2026/04/25;09:26:26;-;-; 57.68; 0.7;-; 75.6; 75.9; 41.8; 20.1; 21.7;2009; 0.7; 0.7; 0.7;39; 22.6;B;0;-;On;On;Off; 31.8; 31.2;0;2;1395;2;1395;2;1209;1;-
2026/04/25;09:27:26;-;-; 57.66; 0.7;-; 75.5; 76.5; 39.4; 30.2; 9.2;2009; 0.7; 0.7; 0.7;40; 22.6;B;0;-;On;On;Off; 31.8; 31.3;0;2;1395;2;1395;2;1209;1;-
2026/04/25;09:28:26;-;-; 57.66; 0.6;-; 76.2; 76.0; 36.3; 11.6; 24.7;2009; 0.7; 0.7; 0.7;39; 22.6;B;0;-;On;On;Off; 31.8; 31.3;0;2;1395;2;1395;2;1209;1;-
2026/04/25;09:29:26;-;-; 57.68; 0.7;-; 75.3; 76.0; 41.8; 20.1; 21.7;2009; 0.7; 0.7; 0.7;38; 22.6;B;0;-;On;On;Off; 31.8; 31.3;0;2;1395;2;1395;2;1209;1;-
2026/04/25;09:30:26;-;-; 57.68; 0.7;-; 75.4; 76.4; 42.5; 41.0; 1.5;2009; 0.7; 0.7; 0.7;38; 22.6;B;0;-;On;On;Off; 31.8; 31.3;0;2;1395;2;1395;2;1209;1;-
2026/04/25;09:31:26;-;-; 57.66; 0.6;-; 77.0; 75.4; 33.3; 0.0; 33.3;2009; 0.7; 0.7; 0.7;38; 22.6;B;0;-;On;On;Off; 31.8; 31.3;0;2;1395;2;1395;2;1209;1;-
2026/04/25;09:32:26;-;-; 57.66; 0.6;-; 75.4; 76.6; 37.1; 30.2; 6.9;2009; 0.7; 0.7; 0.7;38; 22.6;B;0;-;On;On;Off; 31.8; 31.3;0;2;1395;2;1395;2;1209;1;-
2026/04/25;09:33:26;-;-; 57.68; 0.7;-; 76.4; 75.6; 40.2; 11.6; 28.6;2009; 0.7; 0.7; 0.7;38; 22.6;B;0;-;On;On;Off; 31.8; 31.3;0;2;1395;2;1395;2;1209;1;-
2026/04/25;09:34:25;-;-; 57.68; 0.7;-; 75.4; 76.7; 39.5; 39.5; 0.0;2009; 0.7; 0.7; 0.7;38; 22.6;B;0;-;On;On;Off; 31.8; 31.3;0;2;1395;2;1395;2;1209;1;-
2026/04/25;09:35:25;-;-; 57.68; 0.7;-; 75.7; 76.0; 42.5; 36.3; 6.2;2009; 0.7; 0.7; 0.7;38; 22.6;B;0;-;On;On;Off; 31.8; 31.3;0;2;1395;2;1395;2;1209;1;-
2026/04/25;09:36:25;-;-; 57.66; 0.6;-; 76.9; 75.1; 36.3; 0.0; 36.3;2009; 0.7; 0.7; 0.7;37; 22.6;B;0;-;On;On;Off; 31.8; 31.3;0;2;1395;2;1395;2;1209;1;-
2026/04/25;09:37:25;-;-; 57.68; 0.7;-; 76.0; 75.6; 42.5; 10.8; 31.7;2009; 0.7; 0.7; 0.7;37; 22.6;B;0;-;On;On;Off; 31.9; 31.3;0;2;1395;2;1395;2;1209;1;-
2026/04/25;09:38:25;-;-; 57.68; 0.8;-; 75.4; 76.8; 46.4; 46.4; 0.0;2009; 0.7; 0.7; 0.7;37; 22.6;B;0;-;On;On;Off; 31.9; 31.4;0;2;1395;2;1395;2;1209;1;-
2026/04/25;09:39:25;-;-; 57.66; 0.7;-; 75.6; 77.0; 38.7; 38.7; 0.0;2009; 0.7; 0.7; 0.7;37; 22.6;B;0;-;On;On;Off; 31.9; 31.4;0;2;1395;2;1395;2;1209;1;-
2026/04/25;09:40:25;-;-; 57.66; 0.9;-; 75.2; 77.3; 54.2; 54.2; 0.0;2009; 0.7; 0.7; 0.7;37; 22.6;B;0;-;On;On;Off; 31.9; 31.4;0;2;1395;2;1395;2;1209;1;-
2026/04/25;09:41:25;-;-; 57.68; 0.6;-; 76.8; 75.8; 35.5; 10.8; 24.7;2009; 0.7; 0.7; 0.7;36; 22.6;B;0;-;On;On;Off; 31.9; 31.4;0;2;1395;2;1395;2;1209;1;-
2026/04/25;09:42:25;-;-; 57.68; 0.7;-; 76.8; 75.2; 41.8; 0.0; 41.8;2009; 0.7; 0.7; 0.7;37; 22.6;B;0;-;On;On;Off; 31.9; 31.4;0;2;1395;2;1395;2;1209;1;-
2026/04/25;09:43:25;-;-; 57.68; 0.7;-; 76.0; 76.3; 37.8; 32.5; 5.4;2009; 0.6; 0.7; 0.7;36; 22.6;B;0;-;On;On;Off; 31.9; 31.4;0;2;1395;2;1395;2;1209;1;-
2026/04/25;09:44:25;-;-; 57.68; 0.8;-; 75.3; 76.7; 48.0; 48.0; 0.0;2009; 0.6; 0.7; 0.7;36; 22.6;B;0;-;On;On;Off; 31.9; 31.4;0;2;1395;2;1395;2;1209;1;-
2026/04/25;09:45:25;-;-; 57.68; 0.6;-; 75.4; 77.0; 34.8; 33.3; 1.5;2009; 0.6; 0.7; 0.7;36; 22.6;B;0;-;On;On;Off; 31.9; 31.4;0;2;1395;2;1395;2;1209;1;-
2026/04/25;09:46:25;-;-; 57.68; 0.6;-; 76.7; 75.7; 34.0; 13.9; 20.1;2009; 0.6; 0.7; 0.7;36; 22.6;B;0;-;On;On;Off; 31.9; 31.4;0;2;1395;2;1395;2;1209;1;-
2026/04/25;09:47:25;-;-; 57.68; 0.7;-; 75.8; 75.8; 38.7; 30.2; 8.5;2009; 0.6; 0.7; 0.7;36; 22.6;B;0;-;On;On;Off; 31.9; 31.4;0;2;1395;2;1395;2;1209;1;-
2026/04/25;09:48:25;-;-; 57.68; 0.7;-; 75.2; 76.0; 39.4; 30.2; 9.2;2009; 0.6; 0.7; 0.7;36; 22.6;B;0;-;On;On;Off; 31.9; 31.4;0;2;1395;2;1395;2;1209;1;-
2026/04/25;09:49:24;-;-; 57.68; 0.7;-; 75.6; 75.8; 38.7; 17.0; 21.7;2009; 0.6; 0.7; 0.7;36; 22.6;B;0;-;On;On;Off; 31.9; 31.4;0;2;1395;2;1395;2;1209;1;-
2026/04/25;09:50:24;-;-; 57.66; 0.6;-; 75.9; 76.7; 34.8; 24.0; 10.8;2009; 0.6; 0.7; 0.7;36; 22.6;B;0;-;On;On;Off; 31.9; 31.4;0;2;1395;2;1395;2;1209;1;-
2026/04/25;09:51:24;-;-; 57.68; 0.9;-; 77.5; 75.3; 51.8; 0.0; 51.8;2009; 0.6; 0.7; 0.7;35; 22.6;B;0;-;On;On;Off; 31.9; 31.4;0;2;1395;2;1395;2;1209;1;-
2026/04/25;09:52:24;-;-; 57.68; 0.8;-; 76.3; 77.2; 45.6; 45.6; 0.0;2009; 0.6; 0.6; 0.6;35; 22.6;B;0;-;On;On;Off; 31.9; 31.5;0;2;1395;2;1395;2;1209;1;-
2026/04/25;09:53:24;-;-; 57.66; 0.7;-; 76.9; 76.1; 41.8; 0.0; 41.8;2009; 0.6; 0.6; 0.6;35; 22.6;B;0;-;On;On;Off; 31.9; 31.4;0;2;1395;2;1395;2;1209;1;-
2026/04/25;09:54:24;-;-; 57.66; 0.8;-; 76.4; 77.0; 46.5; 46.5; 0.0;2009; 0.6; 0.6; 0.6;35; 22.6;B;0;-;On;On;Off; 31.9; 31.4;0;2;1395;2;1395;2;1209;1;-
2026/04/25;09:55:24;-;-; 57.68; 1.0;-; 77.6; 76.0; 54.9; 0.0; 54.9;2009; 0.6; 0.6; 0.6;35; 22.6;B;0;-;On;On;Off; 32.0; 31.5;0;2;1395;2;1395;2;1209;1;-
2026/04/25;09:56:24;-;-; 57.66; 1.0;-; 77.8; 76.2; 54.9; 0.0; 54.9;2009; 0.6; 0.6; 0.6;35; 22.6;B;0;-;On;On;Off; 32.0; 31.5;0;2;1395;2;1395;2;1209;1;-
2026/04/25;09:57:24;-;-; 57.68; 0.8;-; 76.5; 77.6; 46.5; 46.5; 0.0;2009; 0.6; 0.6; 0.6;35; 22.6;B;0;-;On;On;Off; 32.0; 31.5;0;2;1395;2;1395;2;1209;1;-
2026/04/25;09:58:24;-;-; 57.68; 0.9;-; 77.7; 76.2; 50.3; 0.0; 50.3;2009; 0.6; 0.6; 0.6;35; 22.6;B;0;-;On;On;Off; 32.0; 31.5;0;2;1395;2;1395;2;1209;1;-
2026/04/25;09:59:24;-;-; 57.68; 0.8;-; 77.1; 76.6; 44.1; 0.0; 44.1;2009; 0.6; 0.6; 0.6;35; 22.6;B;0;-;On;On;Off; 32.0; 31.5;0;2;1395;2;1395;2;1209;1;-
2026/04/25;10:00:24;-;-; 57.68; 0.9;-; 75.7; 77.4; 51.8; 51.8; 0.0;2009; 0.6; 0.6; 0.6;35; 22.6;B;0;-;On;On;Off; 32.0; 31.5;0;2;1395;2;1395;2;1209;1;-
2026/04/25;10:01:24;-;-; 57.68; 1.0;-; 75.7; 77.5; 57.2; 57.2; 0.0;2009; 0.6; 0.6; 0.6;35; 22.6;B;0;-;On;On;Off; 32.0; 31.5;0;2;1395;2;1395;2;1209;1;-
2026/04/25;10:02:24;-;-; 57.66; 0.6;-; 77.1; 76.7; 36.3; 14.7; 21.7;2009; 0.6; 0.6; 0.6;35; 22.6;B;0;-;On;On;Off; 32.0; 31.5;0;2;1395;2;1395;2;1209;1;-
2026/04/25;10:03:24;-;-; 57.66; 0.8;-; 77.5; 76.0; 44.9; 0.0; 44.9;2010; 0.6; 0.6; 0.6;34; 22.6;B;0;-;On;On;Off; 32.0; 31.5;0;2;1395;2;1395;2;1209;1;-
2026/04/25;10:04:23;-;-; 57.66; 0.8;-; 76.4; 77.0; 48.8; 48.8; 0.0;2010; 0.6; 0.6; 0.6;34; 22.6;B;0;-;On;On;Off; 32.0; 31.5;0;2;1395;2;1395;2;1209;1;-
2026/04/25;10:05:23;-;-; 57.66; 0.6;-; 76.6; 76.9; 37.1; 20.1; 17.0;2010; 0.6; 0.6; 0.6;34; 22.6;B;0;-;On;On;Off; 32.0; 31.5;0;2;1395;2;1395;2;1209;1;-
2026/04/25;10:06:23;-;-; 57.68; 1.0;-; 77.7; 75.7; 58.8; 0.0; 58.8;2010; 0.6; 0.6; 0.6;34; 22.6;B;0;-;On;On;Off; 32.0; 31.5;0;2;1395;2;1395;2;1209;1;-
2026/04/25;10:07:23;-;-; 57.68; 0.7;-; 77.4; 75.4; 39.5; 0.8; 38.7;2010; 0.6; 0.6; 0.6;35; 22.6;B;0;-;On;On;Off; 32.0; 31.5;0;2;1395;2;1395;2;1209;1;-
2026/04/25;10:08:23;-;-; 57.68; 0.8;-; 77.3; 75.7; 45.6; 0.0; 45.6;2010; 0.6; 0.6; 0.6;34; 22.6;B;0;-;On;On;Off; 32.0; 31.5;0;2;1395;2;1395;2;1209;1;-
2026/04/25;10:09:23;-;-; 57.68; 0.8;-; 76.2; 76.8; 47.2; 47.2; 0.0;2010; 0.6; 0.6; 0.6;34; 22.6;B;0;-;On;On;Off; 32.0; 31.5;0;2;1395;2;1395;2;1209;1;-
2026/04/25;10:10:23;-;-; 57.66; 0.7;-; 77.2; 76.1; 40.2; 0.0; 40.2;2010; 0.6; 0.6; 0.6;35; 22.6;B;0;-;On;On;Off; 32.0; 31.5;0;2;1395;2;1395;2;1209;1;-
2026/04/25;10:11:23;-;-; 57.68; 0.8;-; 77.5; 75.9; 46.4; 0.0; 46.4;2010; 0.6; 0.6; 0.6;34; 22.6;B;0;-;On;On;Off; 32.0; 31.5;0;2;1395;2;1395;2;1209;1;-
2026/04/25;10:12:23;-;-; 57.66; 0.8;-; 75.9; 77.6; 47.9; 47.9; 0.0;2010; 0.6; 0.6; 0.6;34; 22.6;B;0;-;On;On;Off; 32.0; 31.5;0;2;1395;2;1395;2;1209;1;-
2026/04/25;10:13:23;-;-; 57.68; 0.6;-; 77.7; 76.8; 33.2; 32.5; 0.8;2010; 0.6; 0.6; 0.6;34; 22.6;B;0;-;On;On;Off; 32.0; 31.5;0;2;1395;2;1395;2;1209;1;-
2026/04/25;10:14:23;-;-; 57.68; 0.7;-; 78.0; 77.0; 37.9; 0.0; 37.9;2010; 0.6; 0.6; 0.6;34; 22.6;B;0;-;On;On;Off; 32.1; 31.6;0;2;1395;2;1395;2;1209;1;-
2026/04/25;10:15:23;-;-; 57.68; 0.7;-; 77.7; 76.8; 41.0; 0.0; 41.0;2010; 0.6; 0.6; 0.6;34; 22.6;B;0;-;On;On;Off; 32.1; 31.6;0;2;1395;2;1395;2;1209;1;-
2026/04/25;10:16:23;-;-; 57.66; 0.6;-; 78.5; 77.4; 36.3; 0.0; 36.3;2010; 0.6; 0.6; 0.6;34; 22.6;B;0;-;On;On;Off; 32.1; 31.6;0;2;1395;2;1395;2;1209;1;-
2026/04/25;10:17:23;-;-; 57.68; 0.9;-; 78.4; 76.9; 49.5; 0.0; 49.5;2010; 0.6; 0.6; 0.6;33; 22.6;B;0;-;On;On;Off; 32.1; 31.6;0;2;1395;2;1395;2;1209;1;-
2026/04/25;10:18:23;-;-; 57.68; 0.8;-; 77.8; 78.1; 47.9; 47.9; 0.0;2010; 0.6; 0.6; 0.6;33; 22.5;B;0;-;On;On;Off; 32.1; 31.6;0;2;1395;2;1395;2;1209;1;-
2026/04/25;10:19:22;-;-; 57.68; 0.8;-; 77.3; 78.4; 48.8; 48.8; 0.0;2010; 0.6; 0.6; 0.6;34; 22.6;B;0;-;On;On;Off; 32.1; 31.6;0;2;1395;2;1395;2;1209;1;-
2026/04/25;10:20:22;-;-; 57.68; 0.5;-; 77.0; 77.7; 31.7; 10.8; 20.9;2010; 0.6; 0.6; 0.6;33; 22.6;B;0;-;On;On;Off; 32.1; 31.6;0;2;1395;2;1395;2;1209;1;-
2026/04/25;10:21:22;-;-; 57.68; 0.8;-; 77.4; 77.8; 45.6; 45.6; 0.0;2010; 0.6; 0.6; 0.6;33; 22.6;B;0;-;On;On;Off; 32.1; 31.6;0;2;1395;2;1395;2;1209;1;-
2026/04/25;10:22:22;-;-; 57.66; 0.7;-; 77.5; 77.2; 37.9; 23.2; 14.7;2010; 0.6; 0.6; 0.6;33; 22.5;B;0;-;On;On;Off; 32.1; 31.6;0;2;1395;2;1395;2;1209;1;-
2026/04/25;10:23:22;-;-; 57.68; 0.9;-; 78.3; 78.4; 50.3; 50.3; 0.0;2010; 0.6; 0.6; 0.6;33; 22.6;B;0;-;On;On;Off; 32.1; 31.6;0;2;1395;2;1395;2;1209;1;-
2026/04/25;10:24:22;-;-; 57.68; 0.9;-; 79.2; 78.1; 52.6; 0.0; 52.6;2010; 0.6; 0.6; 0.6;32; 22.6;B;0;-;On;On;Off; 32.2; 31.7;0;2;1395;2;1395;2;1209;1;-
2026/04/25;10:25:22;-;-; 57.66; 0.5;-; 78.7; 78.0; 31.7; 0.0; 31.7;2010; 0.6; 0.6; 0.6;32; 22.6;B;0;-;On;On;Off; 32.2; 31.7;0;2;1395;2;1395;3;1210;1;-
2026/04/25;10:26:22;-;-; 57.68; 0.7;-; 78.6; 77.4; 38.7; 12.4; 26.3;2010; 0.6; 0.6; 0.6;32; 22.6;B;0;-;On;On;Off; 32.2; 31.7;0;2;1395;2;1395;3;1210;1;-
2026/04/25;10:27:22;-;-; 57.68; 0.6;-; 77.8; 78.2; 33.3; 10.1; 23.2;2010; 0.6; 0.6; 0.6;32; 22.6;B;0;-;On;On;Off; 32.2; 31.7;0;2;1395;2;1395;3;1210;1;-
2026/04/25;10:28:22;-;-; 57.66; 0.6;-; 77.9; 78.0; 35.6; 15.5; 20.1;2010; 0.6; 0.6; 0.6;32; 22.6;B;0;-;On;On;Off; 32.2; 31.7;0;2;1395;2;1395;3;1210;1;-
2026/04/25;10:29:22;-;-; 57.68; 0.6;-; 77.9; 78.6; 37.1; 24.7; 12.4;2010; 0.6; 0.6; 0.6;32; 22.6;B;0;-;On;On;Off; 32.2; 31.7;0;2;1395;2;1395;3;1210;1;-
2026/04/25;10:30:22;-;-; 57.68; 0.7;-; 77.8; 78.5; 41.0; 41.0; 0.0;2010; 0.6; 0.6; 0.6;33; 22.6;B;0;-;On;On;Off; 32.2; 31.7;0;2;1395;2;1395;3;1210;1;-
2026/04/25;10:31:22;-;-; 57.68; 1.0;-; 77.6; 78.1; 54.9; 54.9; 0.0;2010; 0.6; 0.6; 0.6;33; 22.6;B;0;-;On;On;Off; 32.2; 31.7;0;2;1395;2;1395;3;1210;1;-
2026/04/25;10:32:22;-;-; 57.68; 1.1;-; 77.3; 78.1; 64.3; 64.3; 0.0;2010; 0.6; 0.6; 0.6;33; 22.6;B;0;-;On;On;Off; 32.2; 31.7;0;2;1395;2;1395;3;1210;1;-
2026/04/25;10:33:22;-;-; 57.66; 0.9;-; 77.0; 77.3; 51.8; 51.8; 0.0;2010; 0.6; 0.6; 0.6;33; 22.6;B;0;-;On;On;Off; 32.2; 31.7;0;2;1395;2;1395;3;1210;1;-
2026/04/25;10:34:21;-;-; 57.68; 1.0;-; 76.6; 77.7; 55.7; 55.7; 0.0;2010; 0.6; 0.6; 0.6;32; 22.6;B;0;-;On;On;Off; 32.2; 31.7;0;2;1395;2;1395;3;1210;1;-
2026/04/25;10:35:21;-;-; 57.68; 0.6;-; 76.8; 77.7; 37.1; 24.0; 13.1;2010; 0.6; 0.6; 0.6;33; 22.6;B;0;-;On;On;Off; 32.2; 31.7;0;2;1395;2;1395;3;1210;1;-
2026/04/25;10:36:21;-;-; 57.68; 0.6;-; 77.2; 77.9; 37.1; 37.1; 0.0;2010; 0.6; 0.6; 0.6;32; 22.6;B;0;-;On;On;Off; 32.3; 31.8;0;2;1395;2;1395;3;1210;1;-
2026/04/25;10:37:21;-;-; 57.66; 0.7;-; 76.8; 77.3; 42.6; 42.6; 0.0;2010; 0.6; 0.6; 0.6;34; 22.6;B;0;-;On;On;Off; 32.2; 31.8;0;2;1395;2;1395;3;1210;1;-
2026/04/25;10:38:21;-;-; 57.68; 1.0;-; 76.5; 77.5; 55.7; 55.7; 0.0;2010; 0.6; 0.6; 0.6;33; 22.6;B;0;-;On;On;Off; 32.3; 31.8;0;3;1396;3;1396;3;1210;1;-
2026/04/25;10:39:21;-;-; 57.68; 1.0;-; 76.6; 77.5; 58.1; 58.1; 0.0;2010; 0.6; 0.6; 0.6;33; 22.6;B;0;-;On;On;Off; 32.3; 31.8;0;3;1396;3;1396;3;1210;1;-
2026/04/25;10:40:21;-;-; 57.68; 0.6;-; 78.0; 78.1; 35.5; 20.9; 14.7;2010; 0.6; 0.6; 0.6;33; 22.6;B;0;-;On;On;Off; 32.3; 31.8;0;3;1396;3;1396;3;1210;1;-
2026/04/25;10:41:21;-;-; 57.68; 0.9;-; 76.9; 77.8; 51.8; 51.8; 0.0;2010; 0.6; 0.6; 0.6;32; 22.6;B;0;-;On;On;Off; 32.3; 31.8;0;3;1396;3;1396;3;1210;1;-
2026/04/25;10:42:21;-;-; 57.68; 0.9;-; 77.7; 76.6; 53.4; 0.0; 53.4;2010; 0.6; 0.6; 0.6;33; 22.6;B;0;-;On;On;Off; 32.3; 31.8;0;3;1396;3;1396;3;1210;1;-
2026/04/25;10:43:21;-;-; 57.68; 0.6;-; 77.8; 76.9; 34.0; 10.8; 23.2;2010; 0.6; 0.6; 0.6;33; 22.6;B;0;-;On;On;Off; 32.3; 31.8;0;3;1396;3;1396;3;1210;1;-
2026/04/25;10:44:21;-;-; 57.68; 0.8;-; 76.9; 77.2; 48.8; 48.8; 0.0;2010; 0.6; 0.6; 0.6;33; 22.6;B;0;-;On;On;Off; 32.3; 31.8;0;3;1396;3;1396;3;1210;1;-
2026/04/25;10:45:21;-;-; 57.66; 0.5;-; 77.5; 77.5; 30.9; 27.8; 3.1;2010; 0.6; 0.6; 0.6;33; 22.6;B;0;-;On;On;Off; 32.3; 31.8;0;3;1396;3;1396;3;1210;1;-
2026/04/25;10:46:21;-;-; 57.68; 0.6;-; 78.1; 78.5; 37.2; 29.4; 7.7;2010; 0.6; 0.6; 0.6;33; 22.6;B;0;-;On;On;Off; 32.3; 31.8;0;3;1396;3;1396;3;1210;1;-
2026/04/25;10:47:21;-;-; 57.68; 0.8;-; 76.9; 77.7; 47.2; 47.2; 0.0;2010; 0.6; 0.6; 0.6;33; 22.6;B;0;-;On;On;Off; 32.3; 31.8;0;3;1396;3;1396;3;1210;1;-
2026/04/25;10:48:21;-;-; 57.68; 0.8;-; 77.0; 77.3; 47.9; 47.9; 0.0;2010; 0.6; 0.6; 0.6;32; 22.6;B;0;-;On;On;Off; 32.3; 31.8;0;3;1396;3;1396;3;1210;1;-
2026/04/25;10:49:20;-;-; 57.68; 0.9;-; 76.7; 77.5; 53.4; 53.4; 0.0;2010; 0.6; 0.6; 0.6;32; 22.6;B;0;-;On;On;Off; 32.3; 31.8;0;3;1396;3;1396;3;1210;1;-
2026/04/25;10:50:20;-;-; 57.68; 0.7;-; 77.2; 77.8; 41.8; 41.8; 0.0;2010; 0.6; 0.6; 0.6;32; 22.6;B;0;-;On;On;Off; 32.3; 31.8;0;3;1396;3;1396;3;1210;1;-
2026/04/25;10:51:20;-;-; 57.68; 1.0;-; 78.6; 77.6; 57.3; 0.0; 57.3;2010; 0.6; 0.6; 0.6;33; 22.6;B;0;-;On;On;Off; 32.3; 31.8;0;3;1396;3;1396;3;1210;1;-
2026/04/25;10:52:20;-;-; 57.68; 0.7;-; 77.9; 77.0; 37.9; 0.0; 37.9;2010; 0.6; 0.6; 0.6;32; 22.6;B;0;-;On;On;Off; 32.3; 31.8;0;3;1396;3;1396;3;1210;1;-
2026/04/25;10:53:20;-;-; 57.68; 0.6;-; 77.5; 77.5; 36.3; 21.7; 14.7;2010; 0.6; 0.6; 0.6;33; 22.6;B;0;-;On;On;Off; 32.3; 31.8;0;3;1396;3;1396;3;1210;1;-
2026/04/25;10:54:20;-;-; 57.66; 0.5;-; 77.8; 78.1; 30.9; 10.8; 20.1;2010; 0.6; 0.6; 0.6;33; 22.6;B;0;-;On;On;Off; 32.3; 31.8;0;3;1396;3;1396;3;1210;1;-
2026/04/25;10:55:20;-;-; 57.68; 0.6;-; 77.6; 76.8; 37.1; 5.4; 31.7;2010; 0.6; 0.6; 0.6;32; 22.6;B;0;-;On;On;Off; 32.3; 31.8;0;3;1396;3;1396;3;1210;1;-
2026/04/25;10:56:20;-;-; 57.68; 1.0;-; 76.6; 77.5; 58.1; 58.1; 0.0;2010; 0.6; 0.6; 0.6;32; 22.6;B;0;-;On;On;Off; 32.3; 31.8;0;3;1396;3;1396;3;1210;1;-
2026/04/25;10:57:20;-;-; 57.68; 0.6;-; 78.1; 77.9; 34.0; 8.5; 25.5;2010; 0.6; 0.6; 0.6;32; 22.6;B;0;-;On;On;Off; 32.3; 31.8;0;3;1396;3;1396;3;1210;1;-
2026/04/25;10:58:20;-;-; 57.68; 0.9;-; 77.3; 76.5; 51.1; 0.0; 51.1;2010; 0.6; 0.6; 0.6;33; 22.6;B;0;-;On;On;Off; 32.3; 31.8;0;3;1396;3;1396;3;1210;1;-
2026/04/25;10:59:20;-;-; 57.68; 0.7;-; 77.3; 76.7; 39.5; 0.0; 39.5;2010; 0.6; 0.6; 0.6;33; 22.6;B;0;-;On;On;Off; 32.3; 31.8;0;3;1396;3;1396;3;1210;1;-
2026/04/25;11:00:20;-;-; 57.66; 0.9;-; 77.0; 77.6; 53.4; 53.4; 0.0;2010; 0.6; 0.6; 0.6;32; 22.6;B;0;-;On;On;Off; 32.3; 31.8;0;3;1396;3;1396;3;1210;1;-
2026/04/25;11:01:20;-;-; 57.68; 0.6;-; 78.0; 76.9; 34.0; 0.0; 34.0;2010; 0.6; 0.6; 0.6;33; 22.6;B;0;-;On;On;Off; 32.3; 31.8;0;3;1396;3;1396;3;1210;1;-
2026/04/25;11:02:20;-;-; 57.66; 0.7;-; 78.3; 77.7; 40.2; 0.0; 40.2;2010; 0.6; 0.6; 0.6;32; 22.6;B;0;-;On;On;Off; 32.3; 31.9;0;3;1396;3;1396;3;1210;1;-
2026/04/25;11:03:20;-;-; 57.68; 0.8;-; 78.2; 77.2; 47.2; 0.0; 47.2;2011; 0.6; 0.6; 0.6;32; 22.6;B;0;-;On;On;Off; 32.3; 31.9;0;3;1396;3;1396;3;1210;1;-
2026/04/25;11:04:19;-;-; 57.66; 0.5;-; 77.3; 77.7; 29.3; 20.1; 9.2;2011; 0.6; 0.6; 0.6;32; 22.6;B;0;-;On;On;Off; 32.3; 31.9;0;3;1396;3;1396;3;1210;1;-
2026/04/25;11:05:19;-;-; 57.68; 0.6;-; 76.8; 76.5; 34.0; 34.0; 0.0;2011; 0.6; 0.6; 0.6;33; 22.6;B;0;-;On;On;Off; 32.3; 31.8;0;3;1396;3;1396;3;1210;1;-
2026/04/25;11:06:19;-;-; 57.68; 0.7;-; 75.7; 76.7; 42.6; 42.6; 0.0;2011; 0.6; 0.6; 0.6;33; 22.5;B;0;-;On;On;Off; 32.3; 31.8;0;3;1396;3;1396;3;1210;1;-
2026/04/25;11:07:19;-;-; 57.68; 0.5;-; 76.4; 76.4; 30.9; 13.9; 17.0;2011; 0.6; 0.6; 0.6;32; 22.6;B;0;-;On;On;Off; 32.3; 31.8;0;3;1396;3;1396;3;1210;1;-
2026/04/25;11:08:19;-;-; 57.68; 0.7;-; 76.8; 76.4; 37.9; 0.0; 37.9;2011; 0.6; 0.6; 0.6;32; 22.6;B;0;-;On;On;Off; 32.3; 31.8;0;3;1396;3;1396;3;1210;1;-
2026/04/25;11:09:19;-;-; 57.70; 0.9;-; 77.6; 76.6; 49.5; 0.0; 49.5;2011; 0.6; 0.6; 0.6;32; 22.6;B;0;-;On;On;Off; 32.3; 31.8;0;3;1396;3;1396;3;1210;1;-
2026/04/25;11:10:19;-;-; 57.66; 0.5;-; 77.3; 77.3; 30.2; 0.8; 29.4;2011; 0.6; 0.6; 0.6;32; 22.6;B;0;-;On;On;Off; 32.4; 31.9;0;3;1396;3;1396;3;1210;1;-
2026/04/25;11:11:19;-;-; 57.68; 1.0;-; 77.9; 76.8; 58.0; 0.0; 58.0;2011; 0.6; 0.6; 0.6;32; 22.6;B;0;-;On;On;Off; 32.4; 31.9;0;3;1396;3;1396;3;1210;1;-
2026/04/25;11:12:19;-;-; 57.68; 0.8;-; 77.5; 76.4; 47.9; 0.0; 47.9;2011; 0.6; 0.6; 0.6;32; 22.6;B;0;-;On;On;Off; 32.3; 31.8;0;3;1396;3;1396;3;1210;1;-
2026/04/25;11:13:19;-;-; 57.66; 0.6;-; 76.6; 77.3; 34.8; 19.3; 15.5;2011; 0.6; 0.6; 0.6;32; 22.6;B;0;-;On;On;Off; 32.3; 31.8;0;3;1396;3;1396;3;1210;1;-
2026/04/25;11:14:19;-;-; 57.68; 0.9;-; 77.8; 76.6; 54.2; 0.0; 54.2;2011; 0.6; 0.6; 0.6;31; 22.6;B;0;-;On;On;Off; 32.4; 31.9;0;3;1396;3;1396;3;1210;1;-
2026/04/25;11:15:19;-;-; 57.68; 1.0;-; 76.6; 77.6; 58.1; 58.1; 0.0;2011; 0.6; 0.6; 0.6;31; 22.6;B;0;-;On;On;Off; 32.3; 31.8;0;3;1396;3;1396;3;1210;1;-
2026/04/25;11:16:19;-;-; 57.68; 0.7;-; 77.8; 76.6; 37.8; 1.5; 36.3;2011; 0.6; 0.6; 0.6;32; 22.6;B;0;-;On;On;Off; 32.4; 31.9;0;3;1396;3;1396;3;1210;1;-
2026/04/25;11:17:19;-;-; 57.68; 0.8;-; 77.7; 76.5; 45.6; 0.0; 45.6;2011; 0.6; 0.6; 0.6;31; 22.6;B;0;-;On;On;Off; 32.4; 31.9;0;3;1396;3;1396;3;1210;1;-
2026/04/25;11:18:19;-;-; 57.68; 0.6;-; 77.0; 76.8; 35.6; 19.3; 16.2;2011; 0.6; 0.6; 0.6;31; 22.5;B;0;-;On;On;Off; 32.3; 31.9;0;3;1396;3;1396;3;1210;1;-
2026/04/25;11:19:18;-;-; 57.68; 1.0;-; 76.3; 77.2; 56.5; 56.5; 0.0;2011; 0.6; 0.6; 0.6;31; 22.5;B;0;-;On;On;Off; 32.4; 31.9;0;3;1396;3;1396;3;1210;1;-
2026/04/25;11:20:18;-;-; 57.68; 0.8;-; 76.4; 77.3; 48.8; 48.8; 0.0;2011; 0.6; 0.6; 0.6;31; 22.6;B;0;-;On;On;Off; 32.4; 31.9;0;3;1396;3;1396;3;1210;1;-
2026/04/25;11:21:18;-;-; 57.68; 0.6;-; 76.8; 77.0; 32.5; 21.7; 10.8;2011; 0.6; 0.6; 0.6;32; 22.5;B;0;-;On;On;Off; 32.4; 31.9;0;3;1396;3;1396;3;1210;1;-
2026/04/25;11:22:18;-;-; 57.66; 0.6;-; 76.8; 76.1; 34.8; 0.0; 34.8;2011; 0.6; 0.6; 0.6;32; 22.5;B;0;-;On;On;Off; 32.3; 31.9;0;3;1396;3;1396;3;1210;1;-
2026/04/25;11:23:18;-;-; 57.68; 0.7;-; 76.9; 76.1; 39.5; 0.0; 39.5;2011; 0.6; 0.6; 0.6;31; 22.5;B;0;-;On;On;Off; 32.3; 31.9;0;3;1396;3;1396;3;1210;1;-
2026/04/25;11:24:18;-;-; 57.68; 0.5;-; 76.4; 76.8; 30.9; 26.3; 4.6;2011; 0.6; 0.6; 0.6;32; 22.5;B;0;-;On;On;Off; 32.3; 31.9;0;3;1396;3;1396;3;1210;1;-
2026/04/25;11:25:18;-;-; 57.66; 0.5;-; 77.2; 77.2; 30.9; 13.9; 17.0;2011; 0.6; 0.6; 0.6;32; 22.5;B;0;-;On;On;Off; 32.4; 31.9;0;3;1396;3;1396;3;1210;1;-
2026/04/25;11:26:18;-;-; 57.68; 0.6;-; 76.7; 77.2; 34.0; 20.1; 13.9;2011; 0.6; 0.6; 0.6;31; 22.5;B;0;-;On;On;Off; 32.4; 31.9;0;3;1396;3;1396;3;1210;1;-
2026/04/25;11:27:18;-;-; 57.68; 1.0;-; 75.6; 76.8; 58.8; 58.8; 0.0;2011; 0.6; 0.6; 0.6;32; 22.6;B;0;-;On;On;Off; 32.4; 31.9;0;3;1396;3;1396;3;1210;1;-
2026/04/25;11:28:18;-;-; 57.68; 0.8;-; 76.6; 77.4; 48.8; 48.8; 0.0;2011; 0.6; 0.6; 0.6;32; 22.5;B;0;-;On;On;Off; 32.4; 31.9;0;3;1396;3;1396;3;1210;1;-
2026/04/25;11:29:18;-;-; 57.68; 0.7;-; 77.5; 76.7; 40.2; 0.0; 40.2;2011; 0.6; 0.6; 0.6;32; 22.5;B;0;-;On;On;Off; 32.4; 31.9;0;3;1396;3;1396;3;1210;1;-
2026/04/25;11:30:18;-;-; 57.68; 0.5;-; 78.1; 77.8; 29.3; 28.6; 0.8;2011; 0.6; 0.6; 0.6;32; 22.5;B;0;-;On;On;Off; 32.4; 31.9;0;3;1396;3;1396;3;1210;1;-
2026/04/25;11:31:18;-;-; 57.66; 0.6;-; 76.6; 76.6; 34.0; 11.6; 22.4;2011; 0.6; 0.6; 0.6;31; 22.5;B;0;-;On;On;Off; 32.4; 31.9;0;3;1396;3;1396;3;1210;1;-
2026/04/25;11:32:18;-;-; 57.68; 1.0;-; 76.7; 77.6; 57.3; 57.3; 0.0;2011; 0.6; 0.6; 0.6;31; 22.5;B;0;-;On;On;Off; 32.4; 31.9;0;3;1396;3;1396;3;1210;1;-
2026/04/25;11:33:18;-;-; 57.68; 0.8;-; 77.8; 77.5; 43.3; 0.0; 43.3;2011; 0.6; 0.6; 0.6;31; 22.5;B;0;-;On;On;Off; 32.4; 31.9;0;3;1396;3;1396;3;1210;1;-
2026/04/25;11:34:17;-;-; 57.68; 0.8;-; 77.7; 76.5; 46.5; 0.0; 46.5;2011; 0.6; 0.6; 0.6;31; 22.5;B;0;-;On;On;Off; 32.4; 31.9;0;3;1396;3;1396;3;1210;1;-
2026/04/25;11:35:17;-;-; 57.68; 0.6;-; 76.5; 77.1; 35.6; 35.6; 0.0;2011; 0.6; 0.6; 0.6;31; 22.5;B;0;-;On;On;Off; 32.4; 31.9;0;3;1396;3;1396;3;1210;1;-
2026/04/25;11:36:17;-;-; 57.66; 0.7;-; 75.5; 76.3; 37.9; 37.9; 0.0;2011; 0.6; 0.6; 0.6;31; 22.5;B;0;-;On;On;Off; 32.4; 31.9;0;3;1396;3;1396;3;1210;1;-
2026/04/25;11:37:17;-;-; 57.68; 0.7;-; 75.9; 76.3; 41.0; 41.0; 0.0;2011; 0.6; 0.6; 0.6;32; 22.5;B;0;-;On;On;Off; 32.4; 31.9;0;3;1396;3;1396;3;1210;1;-
2026/04/25;11:38:17;-;-; 57.68; 0.7;-; 76.1; 76.5; 40.2; 40.2; 0.0;2011; 0.6; 0.6; 0.6;32; 22.5;B;0;-;On;On;Off; 32.4; 31.9;0;3;1396;3;1396;3;1210;1;-
2026/04/25;11:39:17;-;-; 57.68; 0.6;-; 76.9; 76.1; 33.3; 0.0; 33.3;2011; 0.6; 0.6; 0.6;32; 22.5;B;0;-;On;On;Off; 32.4; 31.9;0;3;1396;3;1396;3;1210;1;-
2026/04/25;11:40:17;-;-; 57.68; 0.7;-; 77.2; 76.2; 39.4; 3.1; 36.3;2011; 0.6; 0.6; 0.6;32; 22.5;B;0;-;On;On;Off; 32.4; 31.9;0;3;1396;3;1396;3;1210;1;-
2026/04/25;11:41:17;-;-; 57.68; 0.6;-; 77.3; 77.8; 36.3; 33.3; 3.1;2011; 0.6; 0.6; 0.6;32; 22.5;B;0;-;On;On;Off; 32.4; 31.9;0;3;1396;3;1396;3;1210;1;-
2026/04/25;11:42:17;-;-; 57.68; 0.5;-; 78.7; 77.9; 27.1; 11.6; 15.5;2011; 0.6; 0.6; 0.6;32; 22.5;B;0;-;On;On;Off; 32.4; 31.9;0;3;1396;3;1396;3;1210;1;-
2026/04/25;11:43:17;-;-; 57.68; 0.6;-; 77.8; 78.2; 34.0; 31.7; 2.3;2011; 0.6; 0.6; 0.6;31; 22.5;B;0;-;On;On;Off; 32.4; 31.9;0;3;1396;3;1396;3;1210;1;-
2026/04/25;11:44:17;-;-; 57.68; 0.6;-; 77.4; 77.8; 34.0; 17.0; 17.0;2011; 0.5; 0.6; 0.6;31; 22.5;B;0;-;On;On;Off; 32.4; 31.9;0;3;1396;3;1396;3;1210;1;-
2026/04/25;11:45:17;-;-; 57.68; 0.6;-; 78.0; 77.6; 36.3; 36.3; 0.0;2011; 0.5; 0.6; 0.6;31; 22.5;B;0;-;On;On;Off; 32.4; 31.9;0;3;1396;3;1396;3;1210;1;-
2026/04/25;11:46:17;-;-; 57.68; 0.7;-; 77.7; 78.2; 37.9; 37.9; 0.0;2011; 0.5; 0.6; 0.6;30; 22.5;B;0;-;On;On;Off; 32.4; 31.9;0;3;1396;3;1396;3;1210;1;-
2026/04/25;11:47:17;-;-; 57.68; 0.9;-; 77.0; 77.7; 53.4; 53.4; 0.0;2011; 0.5; 0.6; 0.6;30; 22.5;B;0;-;On;On;Off; 32.4; 31.9;0;3;1396;3;1396;3;1210;1;-
2026/04/25;11:48:17;-;-; 57.68; 0.6;-; 77.1; 76.1; 34.8; 1.5; 33.3;2011; 0.5; 0.6; 0.6;30; 22.5;B;0;-;On;On;Off; 32.4; 31.9;0;3;1396;3;1396;3;1210;1;-
2026/04/25;11:49:16;-;-; 57.68; 1.0;-; 76.8; 77.4; 58.8; 58.8; 0.0;2011; 0.5; 0.6; 0.6;31; 22.5;B;0;-;On;On;Off; 32.4; 31.9;0;3;1396;3;1396;3;1210;1;-
2026/04/25;11:50:16;-;-; 57.70; 0.9;-; 77.4; 76.3; 52.7; 0.0; 52.7;2011; 0.6; 0.6; 0.6;31; 22.5;B;0;-;On;On;Off; 32.4; 31.9;0;3;1396;3;1396;3;1210;1;-
2026/04/25;11:51:16;-;-; 57.68; 0.6;-; 76.1; 76.4; 34.8; 15.5; 19.4;2011; 0.5; 0.6; 0.6;30; 22.5;B;0;-;On;On;Off; 32.4; 31.9;0;3;1396;3;1396;3;1210;1;-
2026/04/25;11:52:16;-;-; 57.70; 0.7;-; 77.0; 76.1; 37.9; 4.6; 33.3;2011; 0.6; 0.6; 0.6;31; 22.5;B;0;-;On;On;Off; 32.4; 31.9;0;3;1396;3;1396;3;1210;1;-
2026/04/25;11:53:16;-;-; 57.70; 0.7;-; 76.2; 75.1; 42.6; 0.0; 42.6;2011; 0.6; 0.6; 0.6;31; 22.5;B;0;-;On;On;Off; 32.4; 31.9;0;3;1396;3;1396;3;1210;1;-
2026/04/25;11:54:16;-;-; 57.66; 0.6;-; 75.7; 75.2; 34.0; 24.0; 10.1;2011; 0.6; 0.6; 0.6;31; 22.5;B;0;-;On;On;Off; 32.4; 31.9;0;3;1396;3;1396;3;1210;1;-
2026/04/25;11:55:16;-;-; 57.68; 0.6;-; 76.0; 75.2; 34.0; 6.9; 27.1;2011; 0.6; 0.6; 0.6;31; 22.5;B;0;-;On;On;Off; 32.4; 31.9;0;3;1396;3;1396;3;1210;1;-
2026/04/25;11:56:16;-;-; 57.68; 0.9;-; 76.1; 75.2; 49.5; 0.0; 49.5;2011; 0.6; 0.6; 0.6;32; 22.5;B;0;-;On;On;Off; 32.4; 31.9;0;3;1396;3;1396;3;1210;1;-
2026/04/25;11:57:16;-;-; 57.70; 0.8;-; 76.6; 75.2; 48.0; 0.0; 48.0;2011; 0.6; 0.6; 0.6;32; 22.5;B;0;-;On;On;Off; 32.4; 31.9;0;3;1396;3;1396;3;1210;1;-
2026/04/25;11:58:16;-;-; 57.70; 0.6;-; 75.9; 76.1; 33.3; 13.9; 19.4;2011; 0.6; 0.6; 0.6;33; 22.5;B;0;-;On;On;Off; 32.4; 31.9;0;3;1396;3;1396;3;1210;1;-
2026/04/25;11:59:16;-;-; 57.68; 1.1;-; 75.8; 76.6; 61.9; 61.9; 0.0;2011; 0.6; 0.6; 0.6;32; 22.5;B;0;-;On;On;Off; 32.4; 31.9;0;3;1396;3;1396;3;1210;1;-
2026/04/25;12:00:16;-;-; 57.68; 0.7;-; 75.9; 76.7; 41.8; 41.8; 0.0;2011; 0.6; 0.6; 0.6;31; 22.5;B;0;-;On;On;Off; 32.4; 31.9;0;3;1396;3;1396;3;1210;1;-
2026/04/25;12:01:16;-;-; 57.68; 0.7;-; 75.4; 76.4; 39.5; 35.6; 3.9;2011; 0.6; 0.6; 0.6;31; 22.5;B;0;-;On;On;Off; 32.4; 31.9;0;3;1396;3;1396;3;1210;1;-
2026/04/25;12:02:16;-;-; 57.70; 0.7;-; 76.0; 75.3; 40.2; 0.0; 40.2;2011; 0.6; 0.6; 0.6;31; 22.5;B;0;-;On;On;Off; 32.4; 31.9;0;3;1396;3;1396;3;1210;1;-
2026/04/25;12:03:16;-;-; 57.66; 0.5;-; 75.2; 75.4; 31.7; 28.6; 3.1;2012; 0.6; 0.6; 0.6;32; 22.5;B;0;-;On;On;Off; 32.4; 31.9;0;3;1396;3;1396;4;1211;1;-
2026/04/25;12:04:15;-;-; 57.19; 0.6;-; 74.7; 75.5; 36.0; 36.0; 0.0;2012; 0.6; 0.6; 0.6;31; 22.5;B;0;-;On;On;Off; 32.4; 31.7;0;3;1396;3;1396;4;1211;1;-
2026/04/25;12:05:15;-;-; 57.29; 0.8;-; 74.7; 74.6; 45.3; 23.1; 22.3;2012; 0.5; 0.6; 0.6;29; 22.5;B;0;-;On;On;Off; 32.3; 31.8;0;3;1396;3;1396;4;1211;1;-
2026/04/25;12:06:15;-;-; 57.27; 0.9;-; 74.6; 74.7; 50.6; 33.8; 16.9;2012; 0.6; 0.6; 0.6;31; 22.5;B;0;-;On;On;Off; 32.3; 31.8;0;3;1396;3;1396;4;1211;1;-
2026/04/25;12:07:15;-;-; 57.39; 1.4;-; 74.7; 74.6; 80.0; 40.0; 40.0;2012; 0.5; 0.6; 0.6;30; 22.5;B;0;-;On;On;Off; 32.3; 31.7;0;3;1396;3;1396;4;1211;1;-
2026/04/25;12:08:15;-;-; 57.52; 1.7;-; 74.8; 74.6; 99.6; 52.5; 47.1;2012; 0.5; 0.6; 0.6;30; 22.5;B;0;-;On;On;Off; 32.3; 31.8;0;3;1396;3;1396;4;1211;1;-
2026/04/25;12:09:15;-;-; 57.29; 1.3;-; 75.2; 74.8; 73.0; 35.3; 37.6;2012; 0.6; 0.6; 0.6;31; 22.5;B;0;-;On;On;Off; 32.3; 31.7;0;3;1396;3;1396;4;1211;1;-
2026/04/25;12:10:15;-;-; 57.58; 2.2;-; 74.8; 74.6; 124.4; 61.0; 63.4;2012; 0.5; 0.6; 0.6;30; 22.5;B;0;-;On;On;Off; 32.3; 31.8;0;3;1396;3;1396;4;1211;1;-
2026/04/25;12:11:15;-;-; 57.68; 0.7;-; 75.3; 76.0; 42.6; 42.6; 0.0;2012; 0.6; 0.6; 0.6;31; 22.5;B;0;-;On;On;Off; 32.3; 31.8;0;3;1396;3;1396;4;1211;1;-
2026/04/25;12:12:15;-;-; 57.70; 0.6;-; 75.4; 76.1; 36.3; 28.6; 7.7;2012; 0.6; 0.6; 0.6;31; 22.5;B;0;-;On;On;Off; 32.3; 31.8;0;3;1396;3;1396;4;1211;1;-
2026/04/25;12:13:15;-;-; 57.68; 0.6;-; 75.8; 75.6; 36.3; 22.4; 13.9;2012; 0.6; 0.6; 0.6;31; 22.5;B;0;-;On;On;Off; 32.3; 31.8;0;3;1396;3;1396;4;1211;1;-
2026/04/25;12:14:15;-;-; 57.70; 0.7;-; 75.3; 75.5; 41.0; 30.2; 10.8;2012; 0.6; 0.6; 0.6;32; 22.5;B;0;-;On;On;Off; 32.3; 31.8;0;3;1396;3;1396;4;1211;1;-
2026/04/25;12:15:15;-;-; 57.68; 0.6;-; 75.2; 75.7; 33.3; 31.0; 2.3;2012; 0.6; 0.6; 0.6;31; 22.5;B;0;-;On;On;Off; 32.3; 31.8;0;3;1396;3;1396;4;1211;1;-
2026/04/25;12:16:15;-;-; 57.70; 0.7;-; 75.3; 75.7; 37.9; 31.7; 6.2;2012; 0.6; 0.6; 0.6;32; 22.5;B;0;-;On;On;Off; 32.3; 31.8;0;4;1397;4;1397;4;1211;1;-
2026/04/25;12:17:15;-;-; 57.70; 0.5;-; 75.4; 75.8; 31.7; 13.9; 17.8;2012; 0.6; 0.6; 0.6;32; 22.5;B;0;-;On;On;Off; 32.3; 31.8;0;4;1397;4;1397;4;1211;1;-
2026/04/25;12:18:15;-;-; 57.70; 0.7;-; 75.4; 75.5; 39.5; 25.5; 13.9;2012; 0.6; 0.6; 0.6;32; 22.5;B;0;-;On;On;Off; 32.3; 31.8;0;4;1397;4;1397;4;1211;1;-
2026/04/25;12:19:14;-;-; 57.70; 0.7;-; 75.5; 75.2; 39.5; 15.5; 24.0;2012; 0.6; 0.6; 0.6;31; 22.5;B;0;-;On;On;Off; 32.3; 31.8;0;4;1397;4;1397;4;1211;1;-
2026/04/25;12:20:14;-;-; 57.68; 0.6;-; 76.0; 75.1; 33.2; 9.2; 24.0;2012; 0.6; 0.6; 0.6;31; 22.5;B;0;-;On;On;Off; 32.3; 31.8;0;4;1397;4;1397;4;1211;1;-
2026/04/25;12:21:14;-;-; 57.68; 0.6;-; 75.4; 75.3; 34.0; 20.9; 13.1;2012; 0.6; 0.6; 0.6;31; 22.5;B;0;-;On;On;Off; 32.3; 31.8;0;4;1397;4;1397;4;1211;1;-
2026/04/25;12:22:14;-;-; 57.68; 0.6;-; 75.3; 75.4; 34.0; 18.5; 15.5;2012; 0.6; 0.6; 0.6;32; 22.5;B;0;-;On;On;Off; 32.3; 31.8;0;4;1397;4;1397;4;1211;1;-
2026/04/25;12:23:14;-;-; 57.68; 0.6;-; 75.2; 75.2; 34.8; 17.8; 17.0;2012; 0.6; 0.6; 0.6;32; 22.5;B;0;-;On;On;Off; 32.3; 31.8;0;4;1397;4;1397;4;1211;1;-
2026/04/25;12:24:14;-;-; 57.64; 1.0;-; 74.9; 74.8; 57.2; 28.6; 28.6;2012; 0.6; 0.6; 0.6;32; 22.5;B;0;-;On;On;Off; 32.3; 31.8;0;4;1397;4;1397;4;1211;1;-
2026/04/25;12:25:14;-;-; 57.58; 1.0;-; 74.9; 74.8; 58.6; 30.1; 28.5;2012; 0.5; 0.6; 0.6;30; 22.5;B;0;-;On;On;Off; 32.3; 31.8;0;4;1397;4;1397;4;1211;1;-
2026/04/25;12:26:14;-;-; 57.54; 0.0;-; 76.6; 76.3; 0.0; 0.0; 0.0;2012; 0.5; 0.6; 0.6;30; 22.5;B;0;-;On;On;Off; 32.3; 31.8;0;4;1397;4;1397;4;1211;1;-
2026/04/25;12:27:14;-;-; 57.29; 0.0;-; 76.3; 76.2; 0.0; 0.0; 0.0;2012; 0.6; 0.6; 0.6;31; 22.5;B;0;-;On;On;Off; 32.3; 31.8;0;4;1397;4;1397;4;1211;1;-
2026/04/25;12:28:14;-;-; 57.41; 0.7;-; 74.7; 74.7; 38.5; 21.6; 16.9;2012; 0.5; 0.6; 0.6;31; 22.5;B;0;-;On;On;Off; 32.3; 31.8;0;4;1397;4;1397;4;1211;1;-
2026/04/25;12:29:14;-;-; 56.99; 0.7;-; 74.6; 74.5; 39.0; 19.9; 19.1;2012; 0.5; 0.6; 0.6;30; 22.5;B;0;-;On;On;Off; 32.3; 31.8;0;4;1397;4;1397;4;1211;1;-
2026/04/25;12:30:14;-;-; 57.25; 0.7;-; 74.5; 74.7; 38.4; 21.5; 16.9;2012; 0.5; 0.6; 0.6;29; 22.5;B;0;-;On;On;Off; 32.3; 31.8;0;4;1397;4;1397;4;1211;1;-
2026/04/25;12:31:14;-;-; 57.21; 0.8;-; 74.7; 74.6; 46.8; 21.5; 25.3;2012; 0.5; 0.6; 0.6;29; 22.5;B;0;-;On;On;Off; 32.3; 31.8;0;4;1397;4;1397;4;1211;1;-
2026/04/25;12:32:14;-;-; 57.56; 0.3;-; 75.2; 76.3; 16.9; 16.9; 0.0;2012; 0.5; 0.6; 0.6;30; 22.5;B;0;-;On;On;Off; 32.3; 31.8;0;4;1397;4;1397;4;1211;1;-
2026/04/25;12:33:14;-;-; 57.68; 0.6;-; 75.4; 75.1; 37.1; 16.2; 20.9;2012; 0.6; 0.6; 0.6;31; 22.5;B;0;-;On;On;Off; 32.3; 31.8;0;4;1397;4;1397;4;1211;1;-
2026/04/25;12:34:13;-;-; 57.27; 0.9;-; 75.3; 75.0; 53.0; 26.9; 26.1;2012; 0.6; 0.6; 0.6;31; 22.5;B;0;-;On;On;Off; 32.3; 31.8;0;4;1397;4;1397;4;1211;1;-
2026/04/25;12:35:13;-;-; 57.62; 0.5;-; 76.5; 75.3; 27.1; 0.0; 27.1;2012; 0.5; 0.6; 0.6;30; 22.5;B;0;-;On;On;Off; 32.3; 31.8;0;4;1397;4;1397;4;1211;1;-
2026/04/25;12:36:13;-;-; 57.47; 0.6;-; 76.9; 75.1; 36.2; 0.0; 36.2;2012; 0.5; 0.6; 0.6;30; 22.5;B;0;-;On;On;Off; 32.3; 31.8;0;4;1397;4;1397;4;1211;1;-
2026/04/25;12:37:13;-;-; 57.70; 0.6;-; 76.6; 75.3; 34.8; 0.8; 34.0;2012; 0.6; 0.6; 0.6;32; 22.5;B;0;-;On;On;Off; 32.3; 31.8;0;4;1397;4;1397;4;1211;1;-
2026/04/25;12:38:13;-;-; 57.70; 0.7;-; 76.7; 75.3; 37.9; 0.0; 37.9;2012; 0.6; 0.6; 0.6;31; 22.5;B;0;-;On;On;Off; 32.3; 31.8;0;4;1397;4;1397;4;1211;1;-
2026/04/25;12:39:13;-;-; 57.70; 0.7;-; 75.7; 76.9; 42.6; 42.6; 0.0;2012; 0.6; 0.6; 0.6;31; 22.5;B;0;-;On;On;Off; 32.3; 31.8;0;4;1397;4;1397;4;1211;1;-
2026/04/25;12:40:13;-;-; 57.70; 1.0;-; 75.4; 77.3; 54.9; 54.9; 0.0;2012; 0.5; 0.6; 0.6;31; 22.5;B;0;-;On;On;Off; 32.3; 31.8;0;4;1397;4;1397;4;1211;1;-
2026/04/25;12:41:13;-;-; 57.70; 0.6;-; 76.3; 76.5; 34.8; 34.8; 0.0;2012; 0.5; 0.6; 0.6;31; 22.4;B;0;-;On;On;Off; 32.3; 31.8;0;4;1397;4;1397;4;1211;1;-
2026/04/25;12:42:13;-;-; 57.70; 0.6;-; 76.7; 75.8; 36.3; 6.9; 29.4;2012; 0.5; 0.6; 0.6;31; 22.4;B;0;-;On;On;Off; 32.3; 31.8;0;4;1397;4;1397;4;1211;1;-
2026/04/25;12:43:13;-;-; 57.70; 0.8;-; 76.9; 75.2; 48.8; 0.0; 48.8;2012; 0.6; 0.6; 0.6;31; 22.4;B;0;-;On;On;Off; 32.3; 31.8;0;4;1397;4;1397;4;1211;1;-
2026/04/25;12:44:13;-;-; 57.68; 0.8;-; 75.5; 76.7; 43.3; 43.3; 0.0;2012; 0.5; 0.6; 0.6;30; 22.4;B;0;-;On;On;Off; 32.3; 31.8;0;4;1397;4;1397;4;1211;1;-
2026/04/25;12:45:13;-;-; 57.68; 0.5;-; 76.0; 75.9; 30.2; 17.8; 12.4;2012; 0.5; 0.6; 0.6;31; 22.4;B;0;-;On;On;Off; 32.3; 31.8;0;4;1397;4;1397;4;1211;1;-
2026/04/25;12:46:13;-;-; 57.70; 0.6;-; 76.3; 75.1; 35.6; 4.6; 31.0;2012; 0.6; 0.6; 0.6;31; 22.4;B;0;-;On;On;Off; 32.3; 31.8;0;4;1397;4;1397;4;1211;1;-
2026/04/25;12:47:13;-;-; 57.68; 0.6;-; 75.2; 75.3; 37.2; 19.4; 17.8;2012; 0.6; 0.6; 0.6;31; 22.4;B;0;-;On;On;Off; 32.3; 31.8;0;4;1397;4;1397;4;1211;1;-
2026/04/25;12:48:13;-;-; 57.39; 0.6;-; 75.3; 74.7; 34.7; 11.6; 23.1;2012; 0.6; 0.6; 0.6;31; 22.4;B;0;-;On;On;Off; 32.3; 31.8;0;4;1397;4;1397;4;1211;1;-
2026/04/25;12:49:12;-;-; 57.41; 0.6;-; 74.7; 74.7; 36.9; 20.8; 16.2;2012; 0.5; 0.6; 0.6;30; 22.4;B;0;-;On;On;Off; 32.3; 31.8;0;4;1397;4;1397;4;1211;1;-
2026/04/25;12:50:12;-;-; 57.17; 0.7;-; 74.7; 74.7; 39.8; 21.5; 18.4;2012; 0.5; 0.6; 0.6;30; 22.4;B;0;-;On;On;Off; 32.3; 31.8;0;4;1397;4;1397;4;1211;1;-
2026/04/25;12:51:12;-;-; 57.29; 0.5;-; 74.8; 74.7; 29.1; 20.7; 8.4;2012; 0.5; 0.6; 0.6;30; 22.4;B;0;-;On;On;Off; 32.3; 31.7;0;4;1397;4;1397;4;1211;1;-
2026/04/25;12:52:12;-;-; 57.68; 0.6;-; 75.2; 75.3; 36.3; 19.4; 17.0;2012; 0.6; 0.6; 0.6;31; 22.4;B;0;-;On;On;Off; 32.3; 31.7;0;4;1397;4;1397;4;1211;1;-
2026/04/25;12:53:12;-;-; 57.70; 0.6;-; 75.6; 75.8; 35.6; 16.2; 19.4;2012; 0.5; 0.6; 0.6;31; 22.4;B;0;-;On;On;Off; 32.3; 31.8;0;4;1397;4;1397;4;1211;1;-
2026/04/25;12:54:12;-;-; 57.68; 0.5;-; 75.3; 76.7; 31.0; 31.0; 0.0;2012; 0.6; 0.6; 0.6;31; 22.4;B;0;-;On;On;Off; 32.3; 31.8;0;4;1397;4;1397;4;1211;1;-
2026/04/25;12:55:12;-;-; 57.68; 0.6;-; 75.8; 76.7; 32.5; 29.4; 3.1;2012; 0.6; 0.6; 0.6;31; 22.4;B;0;-;On;On;Off; 32.3; 31.8;0;4;1397;4;1397;4;1211;1;-
2026/04/25;12:56:12;-;-; 57.70; 0.6;-; 75.9; 76.9; 34.8; 24.7; 10.1;2012; 0.6; 0.6; 0.6;31; 22.4;B;0;-;On;On;Off; 32.3; 31.8;0;4;1397;4;1397;4;1211;1;-
2026/04/25;12:57:12;-;-; 57.70; 0.7;-; 76.6; 75.6; 41.0; 16.2; 24.7;2012; 0.5; 0.6; 0.6;31; 22.4;B;0;-;On;On;Off; 32.3; 31.8;0;4;1397;4;1397;4;1211;1;-
2026/04/25;12:58:12;-;-; 57.70; 0.7;-; 75.9; 76.3; 39.4; 37.9; 1.5;2012; 0.5; 0.6; 0.6;30; 22.4;B;0;-;On;On;Off; 32.3; 31.8;0;4;1397;4;1397;4;1211;1;-
2026/04/25;12:59:12;-;-; 57.70; 0.7;-; 75.9; 76.3; 39.5; 31.0; 8.5;2012; 0.6; 0.6; 0.6;31; 22.4;B;0;-;On;On;Off; 32.3; 31.8;0;4;1397;4;1397;4;1211;1;-
2026/04/25;13:00:12;-;-; 57.70; 0.7;-; 76.8; 75.2; 42.6; 0.0; 42.6;2012; 0.6; 0.6; 0.6;32; 22.4;B;0;-;On;On;Off; 32.3; 31.8;0;4;1397;4;1397;4;1211;1;-
2026/04/25;13:01:12;-;-; 57.68; 0.8;-; 75.4; 76.7; 45.7; 45.7; 0.0;2012; 0.6; 0.6; 0.6;32; 22.4;B;0;-;On;On;Off; 32.3; 31.8;0;4;1397;4;1397;4;1211;1;-
2026/04/25;13:02:12;-;-; 57.70; 0.7;-; 76.1; 76.0; 39.5; 16.2; 23.2;2012; 0.6; 0.6; 0.6;31; 22.4;B;0;-;On;On;Off; 32.3; 31.8;0;4;1397;4;1397;4;1211;1;-
2026/04/25;13:03:12;-;-; 57.70; 0.8;-; 75.3; 77.0; 43.3; 43.3; 0.0;2013; 0.6; 0.6; 0.6;31; 22.4;B;0;-;On;On;Off; 32.3; 31.8;0;4;1397;4;1397;4;1211;1;-
2026/04/25;13:04:11;-;-; 57.68; 0.8;-; 77.3; 75.6; 44.9; 0.0; 44.9;2013; 0.6; 0.6; 0.6;31; 22.4;B;0;-;On;On;Off; 32.3; 31.8;0;4;1397;4;1397;4;1211;1;-
2026/04/25;13:05:11;-;-; 57.70; 0.6;-; 76.9; 76.7; 34.8; 24.0; 10.8;2013; 0.6; 0.6; 0.6;31; 22.4;B;0;-;On;On;Off; 32.3; 31.8;0;4;1397;4;1397;4;1211;1;-
2026/04/25;13:06:11;-;-; 57.70; 0.9;-; 77.7; 76.1; 54.2; 0.0; 54.2;2013; 0.6; 0.6; 0.6;32; 22.4;B;0;-;On;On;Off; 32.3; 31.8;0;4;1397;4;1397;4;1211;1;-
2026/04/25;13:07:11;-;-; 57.70; 0.6;-; 76.0; 77.6; 36.4; 36.4; 0.0;2013; 0.6; 0.6; 0.6;31; 22.4;B;0;-;On;On;Off; 32.3; 31.8;0;4;1397;4;1397;4;1211;1;-
2026/04/25;13:08:11;-;-; 57.68; 0.7;-; 76.9; 77.0; 40.2; 24.0; 16.2;2013; 0.6; 0.6; 0.6;31; 22.4;B;0;-;On;On;Off; 32.3; 31.9;0;4;1397;4;1397;4;1211;1;-
2026/04/25;13:09:11;-;-; 57.70; 0.6;-; 77.4; 76.8; 34.0; 20.9; 13.1;2013; 0.5; 0.6; 0.6;31; 22.4;B;0;-;On;On;Off; 32.3; 31.9;0;4;1397;4;1397;4;1211;1;-
2026/04/25;13:10:11;-;-; 57.70; 0.8;-; 76.4; 77.6; 47.2; 47.2; 0.0;2013; 0.5; 0.6; 0.6;30; 22.4;B;0;-;On;On;Off; 32.4; 31.8;0;4;1397;4;1397;4;1211;1;-
2026/04/25;13:11:11;-;-; 57.70; 0.8;-; 77.6; 77.1; 44.1; 0.0; 44.1;2013; 0.5; 0.6; 0.6;31; 22.4;B;0;-;On;On;Off; 32.4; 31.9;0;4;1397;4;1397;4;1211;1;-
2026/04/25;13:12:11;-;-; 57.70; 0.7;-; 77.8; 76.9; 42.6; 0.0; 42.6;2013; 0.5; 0.6; 0.6;31; 22.3;B;0;-;On;On;Off; 32.4; 31.9;0;4;1397;4;1397;4;1211;1;-
2026/04/25;13:13:11;-;-; 57.70; 0.6;-; 78.1; 77.3; 32.5; 0.0; 32.5;2013; 0.5; 0.6; 0.6;30; 22.3;B;0;-;On;On;Off; 32.4; 31.9;0;4;1397;4;1397;4;1211;1;-
2026/04/25;13:14:11;-;-; 57.68; 0.5;-; 78.2; 77.9; 28.6; 23.2; 5.4;2013; 0.5; 0.6; 0.6;30; 22.3;B;0;-;On;On;Off; 32.4; 31.9;0;4;1397;4;1397;4;1211;1;-
2026/04/25;13:15:11;-;-; 57.70; 0.7;-; 77.5; 78.2; 37.9; 37.9; 0.0;2013; 0.5; 0.6; 0.6;30; 22.3;B;0;-;On;On;Off; 32.4; 31.9;0;4;1397;4;1397;4;1211;1;-
2026/04/25;13:16:11;-;-; 57.70; 0.6;-; 78.3; 78.1; 35.6; 27.1; 8.5;2013; 0.5; 0.6; 0.6;30; 22.3;B;0;-;On;On;Off; 32.4; 31.9;0;4;1397;4;1397;4;1211;1;-
2026/04/25;13:17:11;-;-; 57.70; 0.6;-; 77.5; 78.1; 32.5; 32.5; 0.0;2013; 0.5; 0.6; 0.6;30; 22.3;B;0;-;On;On;Off; 32.4; 31.9;0;4;1397;4;1397;4;1211;1;-
2026/04/25;13:18:11;-;-; 57.70; 0.5;-; 78.3; 77.5; 30.2; 4.6; 25.5;2013; 0.5; 0.6; 0.6;30; 22.3;B;0;-;On;On;Off; 32.4; 31.9;0;4;1397;4;1397;4;1211;1;-
2026/04/25;13:19:10;-;-; 57.70; 0.6;-; 77.8; 77.8; 34.8; 17.8; 17.0;2013; 0.5; 0.6; 0.6;30; 22.3;B;0;-;On;On;Off; 32.4; 31.9;0;4;1397;4;1397;4;1211;1;-
2026/04/25;13:20:10;-;-; 57.70; 0.6;-; 78.4; 77.3; 35.5; 1.5; 34.0;2013; 0.5; 0.6; 0.6;30; 22.3;B;0;-;On;On;Off; 32.4; 31.9;0;4;1397;4;1397;4;1211;1;-
2026/04/25;13:21:10;-;-; 57.68; 0.7;-; 78.1; 77.1; 39.5; 0.0; 39.5;2013; 0.5; 0.6; 0.6;30; 22.3;B;0;-;On;On;Off; 32.4; 31.9;0;4;1397;4;1397;4;1211;1;-
2026/04/25;13:22:10;-;-; 57.70; 0.7;-; 78.0; 77.1; 40.2; 1.5; 38.7;2013; 0.5; 0.6; 0.6;30; 22.3;B;0;-;On;On;Off; 32.4; 31.9;0;4;1397;4;1397;4;1211;1;-
2026/04/25;13:23:10;-;-; 57.70; 0.5;-; 77.7; 77.2; 31.0; 0.0; 31.0;2013; 0.5; 0.6; 0.6;30; 22.3;B;0;-;On;On;Off; 32.4; 31.9;0;4;1397;4;1397;4;1211;1;-
2026/04/25;13:24:10;-;-; 57.70; 1.0;-; 78.3; 77.1; 56.5; 0.0; 56.5;2013; 0.5; 0.6; 0.6;30; 22.3;B;0;-;On;On;Off; 32.4; 31.9;0;4;1397;4;1397;4;1211;1;-
2026/04/25;13:25:10;-;-; 57.70; 0.6;-; 77.9; 77.6; 34.0; 10.8; 23.2;2013; 0.5; 0.6; 0.6;29; 22.3;B;0;-;On;On;Off; 32.4; 31.9;0;4;1397;4;1397;4;1211;1;-
2026/04/25;13:26:10;-;-; 57.68; 0.5;-; 78.1; 77.6; 29.4; 10.8; 18.6;2013; 0.5; 0.6; 0.6;29; 22.3;B;0;-;On;On;Off; 32.4; 31.9;0;4;1397;4;1397;4;1211;1;-
2026/04/25;13:27:10;-;-; 57.70; 0.7;-; 78.1; 78.3; 38.7; 38.7; 0.0;2013; 0.5; 0.6; 0.6;29; 22.3;B;0;-;On;On;Off; 32.4; 31.9;0;4;1397;4;1397;4;1211;1;-
2026/04/25;13:28:10;-;-; 57.70; 0.6;-; 78.0; 78.5; 34.0; 16.2; 17.8;2013; 0.5; 0.6; 0.6;29; 22.3;B;0;-;On;On;Off; 32.4; 31.9;0;4;1397;4;1397;4;1211;1;-
2026/04/25;13:29:10;-;-; 57.70; 0.7;-; 78.4; 78.3; 41.0; 41.0; 0.0;2013; 0.5; 0.6; 0.6;28; 22.3;B;0;-;On;On;Off; 32.4; 31.9;0;4;1397;4;1397;4;1211;1;-
2026/04/25;13:30:10;-;-; 57.70; 0.6;-; 78.1; 78.1; 34.0; 13.1; 20.9;2013; 0.5; 0.6; 0.6;28; 22.3;B;0;-;On;On;Off; 32.4; 32.0;0;4;1397;4;1397;4;1211;1;-
2026/04/25;13:31:10;-;-; 57.70; 0.5;-; 78.3; 78.0; 31.7; 11.6; 20.1;2013; 0.5; 0.6; 0.6;29; 22.3;B;0;-;On;On;Off; 32.4; 31.9;0;4;1397;4;1397;4;1211;1;-
2026/04/25;13:32:10;-;-; 57.70; 0.8;-; 78.0; 78.6; 46.5; 46.5; 0.0;2013; 0.5; 0.6; 0.6;29; 22.3;B;0;-;On;On;Off; 32.4; 32.0;0;4;1397;4;1397;4;1211;1;-
2026/04/25;13:33:10;-;-; 57.70; 1.0;-; 77.7; 78.4; 56.5; 56.5; 0.0;2013; 0.5; 0.6; 0.6;28; 22.3;B;0;-;On;On;Off; 32.4; 31.9;0;4;1397;4;1397;4;1211;1;-
2026/04/25;13:34:09;-;-; 57.70; 0.6;-; 76.5; 77.0; 32.5; 24.0; 8.5;2013; 0.5; 0.6; 0.6;29; 22.3;B;0;-;On;On;Off; 32.4; 31.9;0;4;1397;4;1397;4;1211;1;-
2026/04/25;13:35:09;-;-; 57.70; 0.6;-; 76.3; 76.8; 34.8; 16.2; 18.5;2013; 0.5; 0.6; 0.6;29; 22.3;B;0;-;On;On;Off; 32.4; 31.9;0;4;1397;4;1397;4;1211;1;-
2026/04/25;13:36:09;-;-; 57.70; 0.6;-; 77.2; 76.4; 35.6; 0.0; 35.6;2013; 0.5; 0.6; 0.6;30; 22.3;B;0;-;On;On;Off; 32.4; 31.9;0;4;1397;4;1397;4;1211;1;-
2026/04/25;13:37:09;-;-; 57.70; 0.6;-; 77.1; 76.4; 34.0; 17.8; 16.2;2013; 0.5; 0.6; 0.6;30; 22.3;B;0;-;On;On;Off; 32.4; 31.9;0;4;1397;4;1397;4;1211;1;-
2026/04/25;13:38:09;-;-; 57.70; 0.8;-; 76.7; 77.6; 45.6; 45.6; 0.0;2013; 0.5; 0.6; 0.6;29; 22.3;B;0;-;On;On;Off; 32.4; 31.9;0;4;1397;4;1397;4;1211;1;-
2026/04/25;13:39:09;-;-; 57.70; 0.7;-; 77.1; 77.5; 41.0; 41.0; 0.0;2013; 0.5; 0.6; 0.6;29; 22.3;B;0;-;On;On;Off; 32.4; 31.9;0;4;1397;4;1397;4;1211;1;-
2026/04/25;13:40:09;-;-; 57.70; 0.8;-; 76.9; 77.8; 48.8; 48.8; 0.0;2013; 0.5; 0.6; 0.6;29; 22.3;B;0;-;On;On;Off; 32.4; 31.9;0;4;1397;4;1397;4;1211;1;-
2026/04/25;13:41:09;-;-; 57.70; 0.7;-; 77.4; 76.7; 38.7; 7.7; 31.0;2013; 0.5; 0.6; 0.6;29; 22.3;B;0;-;On;On;Off; 32.4; 31.9;0;4;1397;4;1397;4;1211;1;-
2026/04/25;13:42:09;-;-; 57.68; 0.5;-; 77.8; 76.9; 30.2; 0.0; 30.2;2013; 0.5; 0.6; 0.6;30; 22.3;B;0;-;On;On;Off; 32.4; 31.9;0;4;1397;4;1397;5;1212;1;-
2026/04/25;13:43:09;-;-; 57.70; 0.9;-; 77.0; 77.8; 49.5; 49.5; 0.0;2013; 0.5; 0.6; 0.6;30; 22.3;B;0;-;On;On;Off; 32.4; 31.9;0;4;1397;4;1397;5;1212;1;-
2026/04/25;13:44:09;-;-; 57.70; 0.6;-; 78.0; 76.9; 37.2; 0.0; 37.2;2013; 0.5; 0.6; 0.6;29; 22.3;B;0;-;On;On;Off; 32.5; 32.0;0;4;1397;4;1397;5;1212;1;-
2026/04/25;13:45:09;-;-; 57.68; 0.7;-; 78.3; 77.5; 40.2; 0.0; 40.2;2013; 0.5; 0.6; 0.6;29; 22.3;B;0;-;On;On;Off; 32.5; 32.0;0;4;1397;4;1397;5;1212;1;-
2026/04/25;13:46:09;-;-; 57.70; 0.6;-; 77.9; 77.5; 36.4; 0.0; 36.4;2013; 0.5; 0.6; 0.6;30; 22.3;B;0;-;On;On;Off; 32.5; 32.0;0;4;1397;4;1397;5;1212;1;-
2026/04/25;13:47:09;-;-; 57.70; 0.9;-; 78.3; 77.1; 53.4; 0.0; 53.4;2013; 0.5; 0.6; 0.6;29; 22.3;B;0;-;On;On;Off; 32.5; 32.0;0;4;1397;4;1397;5;1212;1;-
2026/04/25;13:48:09;-;-; 57.68; 0.6;-; 78.6; 78.7; 36.4; 36.4; 0.0;2013; 0.5; 0.6; 0.6;30; 22.3;B;0;-;On;On;Off; 32.5; 32.0;0;4;1397;4;1397;5;1212;1;-
2026/04/25;13:49:08;-;-; 57.70; 0.7;-; 79.0; 77.9; 37.9; 0.0; 37.9;2013; 0.5; 0.6; 0.6;29; 22.3;B;0;-;On;On;Off; 32.5; 32.0;0;4;1397;4;1397;5;1212;1;-
2026/04/25;13:50:08;-;-; 57.70; 0.5;-; 77.6; 77.2; 29.4; 27.1; 2.3;2013; 0.5; 0.6; 0.6;29; 22.3;B;0;-;On;On;Off; 32.5; 32.0;0;4;1397;4;1397;5;1212;1;-
2026/04/25;13:51:08;-;-; 57.68; 0.6;-; 77.8; 76.6; 32.5; 0.0; 32.5;2013; 0.5; 0.6; 0.6;30; 22.3;B;0;-;On;On;Off; 32.5; 32.0;0;4;1397;4;1397;5;1212;1;-
2026/04/25;13:52:08;-;-; 57.70; 0.5;-; 78.0; 78.1; 29.4; 20.9; 8.5;2013; 0.5; 0.6; 0.6;30; 22.3;B;0;-;On;On;Off; 32.5; 32.0;0;4;1397;4;1397;5;1212;1;-
2026/04/25;13:53:08;-;-; 57.70; 1.1;-; 76.2; 77.3; 62.0; 62.0; 0.0;2013; 0.5; 0.6; 0.6;30; 22.3;B;0;-;On;On;Off; 32.5; 32.0;0;4;1397;4;1397;5;1212;1;-
2026/04/25;13:54:08;-;-; 57.70; 1.0;-; 77.3; 75.9; 56.5; 0.0; 56.5;2013; 0.5; 0.6; 0.6;29; 22.3;B;0;-;On;On;Off; 32.5; 31.9;0;4;1397;4;1397;5;1212;1;-
2026/04/25;13:55:08;-;-; 57.68; 0.5;-; 76.4; 77.3; 30.2; 14.7; 15.5;2013; 0.5; 0.6; 0.6;30; 22.3;B;0;-;On;On;Off; 32.5; 32.0;0;5;1398;5;1398;5;1212;1;-
2026/04/25;13:56:08;-;-; 57.70; 0.9;-; 75.9; 77.3; 51.8; 51.8; 0.0;2013; 0.5; 0.6; 0.6;30; 22.3;B;0;-;On;On;Off; 32.5; 32.0;0;5;1398;5;1398;5;1212;1;-
2026/04/25;13:57:08;-;-; 57.68; 0.9;-; 76.2; 77.1; 52.7; 52.7; 0.0;2013; 0.5; 0.6; 0.6;30; 22.3;B;0;-;On;On;Off; 32.5; 31.9;0;5;1398;5;1398;5;1212;1;-
2026/04/25;13:58:08;-;-; 57.70; 0.6;-; 76.5; 77.0; 33.2; 6.9; 26.3;2013; 0.5; 0.6; 0.6;30; 22.3;B;0;-;On;On;Off; 32.5; 32.0;0;5;1398;5;1398;5;1212;1;-
2026/04/25;13:59:08;-;-; 57.68; 0.7;-; 77.4; 77.3; 38.7; 0.0; 38.7;2013; 0.5; 0.6; 0.6;29; 22.3;B;0;-;On;On;Off; 32.5; 32.0;0;5;1398;5;1398;5;1212;1;-
2026/04/25;14:00:08;-;-; 57.70; 0.6;-; 77.6; 78.0; 34.8; 30.2; 4.6;2013; 0.5; 0.6; 0.6;30; 22.3;B;0;-;On;On;Off; 32.5; 32.0;0;5;1398;5;1398;5;1212;1;-
2026/04/25;14:01:08;-;-; 57.70; 0.6;-; 76.4; 76.5; 34.0; 11.6; 22.4;2013; 0.5; 0.6; 0.6;29; 22.3;B;0;-;On;On;Off; 32.5; 31.9;0;5;1398;5;1398;5;1212;1;-
2026/04/25;14:02:08;-;-; 57.70; 0.7;-; 76.3; 76.8; 42.6; 42.6; 0.0;2013; 0.5; 0.6; 0.6;29; 22.3;B;0;-;On;On;Off; 32.5; 31.9;0;5;1398;5;1398;5;1212;1;-
2026/04/25;14:03:08;-;-; 57.68; 0.9;-; 76.1; 77.1; 50.3; 50.3; 0.0;2014; 0.5; 0.6; 0.6;30; 22.3;B;0;-;On;On;Off; 32.5; 31.9;0;5;1398;5;1398;5;1212;1;-
2026/04/25;14:04:07;-;-; 57.70; 0.6;-; 77.1; 76.1; 34.0; 14.7; 19.4;2014; 0.5; 0.6; 0.6;30; 22.3;B;0;-;On;On;Off; 32.4; 32.0;0;5;1398;5;1398;5;1212;1;-
2026/04/25;14:05:07;-;-; 57.70; 0.9;-; 75.8; 77.3; 50.3; 50.3; 0.0;2014; 0.5; 0.6; 0.6;30; 22.3;B;0;-;On;On;Off; 32.5; 31.9;0;5;1398;5;1398;5;1212;1;-
2026/04/25;14:06:07;-;-; 57.70; 0.8;-; 76.8; 77.0; 48.8; 48.8; 0.0;2014; 0.5; 0.6; 0.6;30; 22.3;B;0;-;On;On;Off; 32.5; 32.0;0;5;1398;5;1398;5;1212;1;-
2026/04/25;14:07:07;-;-; 57.68; 1.1;-; 78.0; 76.4; 61.2; 0.0; 61.2;2014; 0.5; 0.6; 0.6;30; 22.3;B;0;-;On;On;Off; 32.5; 32.0;0;5;1398;5;1398;5;1212;1;-
2026/04/25;14:08:07;-;-; 57.70; 0.6;-; 77.3; 77.3; 34.0; 29.4; 4.6;2014; 0.5; 0.6; 0.6;29; 22.3;B;0;-;On;On;Off; 32.5; 32.0;0;5;1398;5;1398;5;1212;1;-
2026/04/25;14:09:07;-;-; 57.70; 0.6;-; 77.9; 77.0; 37.2; 0.0; 37.2;2014; 0.5; 0.6; 0.6;29; 22.3;B;0;-;On;On;Off; 32.5; 32.0;0;5;1398;5;1398;5;1212;1;-
2026/04/25;14:10:07;-;-; 57.70; 0.8;-; 78.2; 77.3; 47.2; 0.0; 47.2;2014; 0.5; 0.6; 0.6;29; 22.3;B;0;-;On;On;Off; 32.5; 32.0;0;5;1398;5;1398;5;1212;1;-
2026/04/25;14:11:07;-;-; 57.68; 0.8;-; 77.9; 78.5; 43.3; 43.3; 0.0;2014; 0.5; 0.6; 0.6;30; 22.3;B;0;-;On;On;Off; 32.5; 32.0;0;5;1398;5;1398;5;1212;1;-
2026/04/25;14:12:07;-;-; 57.70; 0.9;-; 77.9; 78.8; 50.3; 50.3; 0.0;2014; 0.5; 0.6; 0.6;29; 22.3;B;0;-;On;On;Off; 32.5; 32.0;0;5;1398;5;1398;5;1212;1;-
2026/04/25;14:13:07;-;-; 57.70; 0.5;-; 78.0; 77.9; 30.2; 12.4; 17.8;2014; 0.5; 0.6; 0.6;28; 22.3;B;0;-;On;On;Off; 32.5; 32.0;0;5;1398;5;1398;5;1212;1;-
2026/04/25;14:14:07;-;-; 57.68; 0.5;-; 77.9; 77.8; 29.4; 17.8; 11.6;2014; 0.5; 0.6; 0.6;29; 22.3;B;0;-;On;On;Off; 32.5; 32.0;0;5;1398;5;1398;5;1212;1;-
2026/04/25;14:15:07;-;-; 57.70; 0.6;-; 77.9; 77.7; 34.0; 11.6; 22.4;2014; 0.5; 0.6; 0.6;29; 22.3;B;0;-;On;On;Off; 32.5; 32.0;0;5;1398;5;1398;5;1212;1;-
2026/04/25;14:16:07;-;-; 57.70; 0.6;-; 78.4; 77.3; 34.0; 14.7; 19.4;2014; 0.5; 0.6; 0.6;29; 22.3;B;0;-;On;On;Off; 32.5; 32.0;0;5;1398;5;1398;5;1212;1;-
2026/04/25;14:17:07;-;-; 57.68; 0.9;-; 77.7; 78.5; 49.5; 49.5; 0.0;2014; 0.5; 0.6; 0.6;29; 22.2;B;0;-;On;On;Off; 32.5; 32.0;0;5;1398;5;1398;5;1212;1;-
2026/04/25;14:18:07;-;-; 57.70; 0.9;-; 77.4; 78.3; 49.5; 49.5; 0.0;2014; 0.5; 0.6; 0.6;28; 22.3;B;0;-;On;On;Off; 32.5; 32.0;0;5;1398;5;1398;5;1212;1;-
2026/04/25;14:19:06;-;-; 57.68; 0.6;-; 78.0; 77.6; 37.2; 37.2; 0.0;2014; 0.5; 0.6; 0.6;29; 22.3;B;0;-;On;On;Off; 32.5; 32.0;0;5;1398;5;1398;5;1212;1;-
2026/04/25;14:20:06;-;-; 57.70; 0.7;-; 77.5; 77.7; 42.6; 42.6; 0.0;2014; 0.5; 0.6; 0.6;28; 22.3;B;0;-;On;On;Off; 32.5; 32.0;0;5;1398;5;1398;5;1212;1;-
2026/04/25;14:21:06;-;-; 57.70; 0.8;-; 77.1; 77.9; 47.2; 47.2; 0.0;2014; 0.5; 0.6; 0.6;29; 22.2;B;0;-;On;On;Off; 32.5; 32.0;0;5;1398;5;1398;5;1212;1;-
2026/04/25;14:22:06;-;-; 57.70; 0.9;-; 76.9; 77.6; 54.2; 54.2; 0.0;2014; 0.5; 0.6; 0.6;28; 22.3;B;0;-;On;On;Off; 32.5; 32.0;0;5;1398;5;1398;5;1212;1;-
2026/04/25;14:23:06;-;-; 57.68; 0.9;-; 76.6; 77.5; 51.1; 51.1; 0.0;2014; 0.5; 0.6; 0.6;29; 22.2;B;0;-;On;On;Off; 32.5; 32.0;0;5;1398;5;1398;5;1212;1;-
2026/04/25;14:24:06;-;-; 57.68; 0.5;-; 77.3; 76.6; 29.4; 4.6; 24.7;2014; 0.5; 0.6; 0.6;29; 22.2;B;0;-;On;On;Off; 32.5; 32.0;0;5;1398;5;1398;5;1212;1;-
2026/04/25;14:25:06;-;-; 57.70; 0.6;-; 77.4; 76.3; 32.5; 9.2; 23.2;2014; 0.5; 0.6; 0.6;29; 22.2;B;0;-;On;On;Off; 32.5; 32.0;0;5;1398;5;1398;5;1212;1;-
2026/04/25;14:26:06;-;-; 57.70; 0.5;-; 77.5; 75.8; 30.1; 1.5; 28.6;2014; 0.5; 0.6; 0.6;30; 22.2;B;0;-;On;On;Off; 32.5; 32.0;0;5;1398;5;1398;5;1212;1;-
2026/04/25;14:27:06;-;-; 57.68; 0.5;-; 76.1; 76.7; 27.9; 3.9; 24.0;2014; 0.5; 0.6; 0.6;30; 22.2;B;0;-;On;On;Off; 32.5; 32.0;0;5;1398;5;1398;5;1212;1;-
2026/04/25;14:28:06;-;-; 57.68; 0.5;-; 76.1; 76.0; 31.7; 24.7; 6.9;2014; 0.5; 0.6; 0.6;30; 22.2;B;0;-;On;On;Off; 32.5; 32.0;0;5;1398;5;1398;5;1212;1;-
2026/04/25;14:29:06;-;-; 57.70; 0.7;-; 75.4; 75.6; 38.7; 25.5; 13.1;2014; 0.5; 0.6; 0.6;29; 22.2;B;0;-;On;On;Off; 32.5; 32.0;0;5;1398;5;1398;5;1212;1;-
2026/04/25;14:30:06;-;-; 57.68; 0.5;-; 75.2; 75.7; 31.7; 23.2; 8.5;2014; 0.5; 0.6; 0.6;30; 22.2;B;0;-;On;On;Off; 32.5; 31.9;0;5;1398;5;1398;5;1212;1;-
2026/04/25;14:31:06;-;-; 57.70; 0.6;-; 75.3; 75.2; 36.4; 18.6; 17.8;2014; 0.5; 0.6; 0.6;30; 22.2;B;0;-;On;On;Off; 32.4; 31.9;0;5;1398;5;1398;5;1212;1;-
2026/04/25;14:32:06;-;-; 57.68; 0.6;-; 75.4; 75.1; 35.6; 15.5; 20.1;2014; 0.5; 0.6; 0.6;31; 22.2;B;0;-;On;On;Off; 32.4; 31.9;0;5;1398;5;1398;5;1212;1;-
2026/04/25;14:33:06;-;-; 57.68; 0.6;-; 75.4; 75.1; 35.6; 17.8; 17.8;2014; 0.5; 0.6; 0.6;30; 22.2;B;0;-;On;On;Off; 32.4; 31.9;0;5;1398;5;1398;5;1212;1;-
2026/04/25;14:34:05;-;-; 57.70; 0.7;-; 75.1; 75.1; 41.0; 20.1; 20.9;2014; 0.5; 0.6; 0.6;30; 22.2;B;0;-;On;On;Off; 32.4; 31.9;0;5;1398;5;1398;5;1212;1;-
2026/04/25;14:35:05;-;-; 57.68; 0.6;-; 75.3; 75.2; 34.0; 16.2; 17.8;2014; 0.5; 0.6; 0.6;30; 22.2;B;0;-;On;On;Off; 32.4; 31.9;0;5;1398;5;1398;5;1212;1;-
2026/04/25;14:36:05;-;-; 57.33; 1.0;-; 74.7; 75.2; 56.9; 33.1; 23.8;2014; 0.5; 0.6; 0.6;30; 22.2;B;0;-;On;On;Off; 32.4; 31.9;0;5;1398;5;1398;5;1212;1;-
2026/04/25;14:37:05;-;-; 57.25; 1.1;-; 74.6; 74.6; 62.2; 31.5; 30.7;2014; 0.5; 0.6; 0.6;29; 22.2;B;0;-;On;On;Off; 32.4; 31.9;0;5;1398;5;1398;5;1212;1;-
2026/04/25;14:38:05;-;-; 57.68; 0.6;-; 75.6; 75.0; 32.5; 10.8; 21.7;2014; 0.5; 0.6; 0.6;30; 22.2;B;0;-;On;On;Off; 32.4; 31.9;0;5;1398;5;1398;5;1212;1;-
2026/04/25;14:39:05;-;-; 57.70; 0.6;-; 75.2; 75.1; 36.4; 17.8; 18.6;2014; 0.5; 0.6; 0.6;29; 22.2;B;0;-;On;On;Off; 32.4; 31.9;0;5;1398;5;1398;5;1212;1;-
2026/04/25;14:40:05;-;-; 57.60; 0.4;-; 76.5; 75.0; 21.6; 0.0; 21.6;2014; 0.5; 0.6; 0.6;29; 22.2;B;0;-;On;On;Off; 32.4; 31.9;0;5;1398;5;1398;5;1212;1;-
2026/04/25;14:41:05;-;-; 57.64; 0.9;-; 74.9; 74.9; 54.1; 27.8; 26.3;2014; 0.5; 0.6; 0.6;29; 22.2;B;0;-;On;On;Off; 32.4; 31.9;0;5;1398;5;1398;5;1212;1;-
2026/04/25;14:42:05;-;-; 57.17; 0.6;-; 75.3; 75.0; 36.0; 17.6; 18.4;2014; 0.5; 0.6; 0.6;30; 22.2;B;0;-;On;On;Off; 32.4; 31.9;0;5;1398;5;1398;5;1212;1;-
2026/04/25;14:43:05;-;-; 57.66; 0.6;-; 75.2; 75.1; 33.2; 16.2; 17.0;2014; 0.5; 0.6; 0.6;29; 22.2;B;0;-;On;On;Off; 32.4; 31.9;0;5;1398;5;1398;5;1212;1;-
2026/04/25;14:44:05;-;-; 57.39; 0.7;-; 74.8; 74.7; 42.3; 20.8; 21.6;2014; 0.5; 0.6; 0.6;29; 22.2;B;0;-;On;On;Off; 32.4; 31.9;0;5;1398;5;1398;5;1212;1;-
2026/04/25;14:45:05;-;-; 57.27; 0.7;-; 74.6; 74.7; 41.5; 22.3; 19.2;2014; 0.5; 0.6; 0.6;29; 22.2;B;0;-;On;On;Off; 32.4; 31.9;0;5;1398;5;1398;5;1212;1;-
2026/04/25;14:46:05;-;-; 57.41; 0.7;-; 74.8; 74.8; 40.8; 20.8; 20.0;2014; 0.5; 0.6; 0.6;29; 22.2;B;0;-;On;On;Off; 32.4; 31.9;0;5;1398;5;1398;5;1212;1;-
2026/04/25;14:47:05;-;-; 57.27; 0.3;-; 75.2; 76.3; 16.1; 16.1; 0.0;2014; 0.5; 0.6; 0.6;29; 22.2;B;0;-;On;On;Off; 32.4; 31.9;0;5;1398;5;1398;5;1212;1;-
2026/04/25;14:48:05;-;-; 57.68; 0.6;-; 75.4; 75.0; 35.6; 17.8; 17.8;2014; 0.5; 0.6; 0.6;28; 22.2;B;0;-;On;On;Off; 32.4; 31.9;0;5;1398;5;1398;5;1212;1;-
2026/04/25;14:49:04;-;-; 57.56; 0.9;-; 74.9; 74.7; 52.5; 25.5; 27.0;2014; 0.5; 0.6; 0.6;30; 22.2;B;0;-;On;On;Off; 32.4; 31.9;0;5;1398;5;1398;5;1212;1;-
2026/04/25;14:50:04;-;-; 57.70; 0.5;-; 75.2; 75.1; 31.7; 14.7; 17.0;2014; 0.5; 0.6; 0.6;29; 22.2;B;0;-;On;On;Off; 32.4; 31.9;0;5;1398;5;1398;5;1212;1;-
2026/04/25;14:51:04;-;-; 57.49; 0.0;-; 76.5; 76.4; 0.0; 0.0; 0.0;2014; 0.5; 0.6; 0.6;29; 22.2;B;0;-;On;On;Off; 32.4; 31.9;0;5;1398;5;1398;5;1212;1;-
2026/04/25;14:52:04;-;-; 57.27; 0.7;-; 75.1; 75.1; 40.7; 20.0; 20.7;2014; 0.5; 0.6; 0.6;30; 22.2;B;0;-;On;On;Off; 32.3; 31.8;0;5;1398;5;1398;5;1212;1;-
2026/04/25;14:53:04;-;-; 57.49; 1.2;-; 75.0; 74.7; 67.8; 31.6; 36.2;2014; 0.5; 0.6; 0.6;29; 22.2;B;0;-;On;On;Off; 32.4; 31.8;0;5;1398;5;1398;5;1212;1;-
2026/04/25;14:54:04;-;-; 57.76; 0.3;-; 76.0; 75.6; 19.4; 0.0; 19.4;2014; 0.5; 0.6; 0.6;27; 22.2;B;0;-;On;On;Off; 31.1; 31.2;0;5;1398;5;1398;5;1212;1;-
2026/04/25;14:55:04;-;-; 57.76; 0.3;-; 75.7; 75.8; 17.0; 16.2; 0.8;2014; 0.3; 0.4; 0.4;17; 22.2;B;0;-;On;On;Off; 31.2; 30.5;0;5;1398;5;1398;5;1212;1;-
2026/04/25;14:56:04;-;-; 57.74; 0.9;-; 73.2; 76.4; 50.4; 50.4; 0.0;2014; 0.3; 0.4; 0.4;17; 22.2;B;0;-;On;On;Off; 31.2; 30.5;0;5;1398;5;1398;5;1212;1;-
2026/04/25;14:57:04;-;-; 57.70; 0.5;-; 75.2; 75.2; 31.0; 15.5; 15.5;2014; 0.4; 0.4; 0.4;20; 22.2;B;0;-;On;On;Off; 30.3; 30.4;0;5;1398;5;1398;5;1212;1;-
2026/04/25;14:58:04;-;-; 57.50; 0.0;-; 75.5; 75.3; 0.7; 0.0; 0.7;2014; 0.3; 0.4; 0.4;18; 22.2;B;0;-;On;On;Off; 31.2; 29.6;0;5;1398;5;1398;5;1212;1;-
2026/04/25;14:59:04;-;-; 57.21; 0.0;-; 75.6; 75.4; 0.7; 0.0; 0.7;2014; 0.3; 0.4; 0.4;15; 22.2;B;0;-;On;On;Off; 31.1; 29.7;0;5;1398;5;1398;5;1212;1;-
2026/04/25;15:00:04;-;-; 57.39; 2.4;-; 68.2; 67.9; 137.0; 68.5; 68.5;2014; 0.4; 0.4; 0.4;20; 22.2;B;0;-;On;On;Off; 30.6; 29.9;0;5;1398;5;1398;5;1212;1;-
2026/04/25;15:01:04;-;-; 57.29; 1.0;-; 75.0; 74.9; 59.9; 29.9; 29.9;2014; 0.4; 0.4; 0.4;20; 22.2;B;0;-;On;On;Off; 29.5; 30.3;0;5;1398;5;1398;5;1212;1;-
2026/04/25;15:02:04;-;-; 57.03; 0.9;-; 75.3; 75.3; 48.9; 24.4; 24.4;2014; 0.3; 0.4; 0.4;17; 22.2;B;0;-;On;On;Off; 30.5; 29.2;0;5;1398;5;1398;5;1212;1;-
2026/04/25;15:03:04;-;-; 57.05; 0.9;-; 75.5; 75.4; 48.9; 24.5; 24.5;2015; 0.3; 0.4; 0.4;18; 22.2;B;0;-;On;On;Off; 30.6; 29.4;0;5;1398;5;1398;5;1212;1;-
2026/04/25;15:04:03;-;-; 57.05; 0.9;-; 75.6; 75.5; 49.7; 24.5; 25.3;2015; 0.3; 0.4; 0.4;18; 22.2;B;0;-;On;On;Off; 29.6; 29.8;0;5;1398;5;1398;5;1212;1;-
2026/04/25;15:05:03;-;-; 57.70; 0.4;-; 76.3; 75.5; 20.9; 0.8; 20.1;2015; 0.3; 0.4; 0.4;17; 22.2;B;0;-;On;On;Off; 29.6; 30.1;0;5;1398;5;1398;5;1212;1;-
2026/04/25;15:06:03;-;-; 57.66; 0.0;-; 76.4; 76.3; 1.5; 0.8; 0.8;2015; 0.3; 0.4; 0.4;16; 22.2;B;0;-;On;On;Off; 29.0; 30.4;0;5;1398;5;1398;5;1212;1;-
2026/04/25;15:07:03;-;-; 57.74; 1.0;-; 77.2; 74.5; 55.0; 0.0; 55.0;2015; 0.3; 0.3; 0.3;14; 22.2;B;0;-;On;On;Off; 30.0; 30.1;0;5;1398;5;1398;5;1212;1;-
2026/04/25;15:08:03;-;-; 57.76; 0.8;-; 76.8; 75.2; 44.9; 0.0; 44.9;2015; 0.4; 0.5; 0.5;24; 22.2;B;0;-;On;On;Off; 31.0; 30.6;0;5;1398;5;1398;5;1212;1;-
2026/04/25;15:09:03;-;-; 57.74; 0.5;-; 75.8; 76.2; 30.2; 23.2; 6.9;2015; 0.5; 0.5; 0.5;26; 22.2;B;0;-;On;On;Off; 31.0; 30.6;0;5;1398;5;1398;5;1212;1;-
2026/04/25;15:10:03;-;-; 57.76; 0.3;-; 75.7; 76.0; 20.1; 19.4; 0.8;2015; 0.5; 0.6; 0.6;30; 22.2;B;0;-;On;On;Off; 31.0; 30.4;0;5;1398;5;1398;5;1212;1;-
2026/04/25;15:11:03;-;-; 57.74; 0.3;-; 75.6; 76.0; 20.1; 18.6; 1.5;2015; 0.4; 0.5; 0.5;23; 22.2;B;0;-;On;On;Off; 31.0; 28.7;0;5;1398;5;1398;5;1212;1;-
2026/04/25;15:12:03;-;-; 57.76; 0.5;-; 75.6; 76.2; 27.8; 26.3; 1.5;2015; 0.3; 0.4; 0.4;16; 22.2;B;0;-;On;On;Off; 30.8; 28.4;0;5;1398;5;1398;5;1212;1;-
2026/04/25;15:13:03;-;-; 57.76; 0.3;-; 76.2; 76.6; 18.6; 17.8; 0.8;2015; 0.3; 0.4; 0.4;16; 22.2;B;0;-;On;On;Off; 30.8; 28.3;0;5;1398;5;1398;5;1212;1;-
2026/04/25;15:14:03;-;-; 57.74; 0.5;-; 76.4; 76.8; 27.1; 26.3; 0.8;2015; 0.3; 0.4; 0.4;16; 22.2;B;0;-;On;On;Off; 30.7; 28.2;0;5;1398;5;1398;5;1212;1;-
2026/04/25;15:15:03;-;-; 57.74; 0.4;-; 76.7; 76.9; 23.2; 22.4; 0.8;2015; 0.3; 0.4; 0.4;16; 22.2;B;0;-;On;On;Off; 30.6; 28.1;0;5;1398;5;1398;5;1212;1;-
2026/04/25;15:16:03;-;-; 57.74; 0.2;-; 77.1; 77.0; 13.1; 12.4; 0.8;2015; 0.3; 0.4; 0.4;16; 22.2;B;0;-;On;On;Off; 30.6; 28.1;0;5;1398;5;1398;5;1212;1;-
2026/04/25;15:17:03;-;-; 57.76; 0.4;-; 76.4; 76.8; 23.2; 22.4; 0.8;2015; 0.3; 0.4; 0.4;16; 22.2;B;0;-;On;On;Off; 30.5; 28.0;0;5;1398;5;1398;5;1212;1;-
2026/04/25;15:18:03;-;-; 57.76; 0.4;-; 76.4; 76.8; 20.9; 20.1; 0.8;2015; 0.3; 0.4; 0.4;16; 22.2;B;0;-;On;On;Off; 30.5; 27.9;0;5;1398;5;1398;5;1212;1;-
2026/04/25;15:19:02;-;-; 57.76; 0.4;-; 76.5; 76.5; 23.2; 22.4; 0.8;2015; 0.3; 0.4; 0.4;16; 22.2;B;0;-;On;On;Off; 30.4; 27.9;0;5;1398;5;1398;5;1212;1;-
2026/04/25;15:20:02;-;-; 57.76; 0.4;-; 76.2; 76.5; 24.8; 24.0; 0.8;2015; 0.3; 0.4; 0.4;17; 22.2;B;0;-;On;On;Off; 30.4; 27.8;0;5;1398;5;1398;5;1212;1;-
2026/04/25;15:21:02;-;-; 57.74; 0.3;-; 76.8; 76.8; 16.2; 15.5; 0.8;2015; 0.3; 0.4; 0.4;16; 22.2;B;0;-;On;On;Off; 30.3; 27.8;0;5;1398;5;1398;5;1212;1;-
2026/04/25;15:22:02;-;-; 57.74; 0.4;-; 76.8; 77.0; 23.9; 22.4; 1.5;2015; 0.3; 0.4; 0.4;15; 22.1;B;0;-;On;On;Off; 30.3; 27.7;0;5;1398;5;1398;5;1212;1;-
2026/04/25;15:23:02;-;-; 57.76; 0.5;-; 76.8; 77.2; 27.1; 25.6; 1.5;2015; 0.3; 0.4; 0.4;16; 22.2;B;0;-;On;On;Off; 30.2; 27.7;0;5;1398;5;1398;5;1212;1;-
2026/04/25;15:24:02;-;-; 57.74; 0.3;-; 77.1; 77.3; 20.1; 19.4; 0.8;2015; 0.3; 0.4; 0.4;15; 22.2;B;0;-;On;On;Off; 30.2; 27.7;0;5;1398;5;1398;5;1212;1;-
2026/04/25;15:25:02;-;-; 57.74; 0.4;-; 77.2; 77.5; 24.0; 23.2; 0.8;2015; 0.3; 0.4; 0.4;16; 22.2;B;0;-;On;On;Off; 30.2; 27.6;0;5;1398;5;1398;5;1212;1;-
2026/04/25;15:26:02;-;-; 57.74; 0.3;-; 77.8; 77.8; 18.5; 17.0; 1.5;2015; 0.3; 0.4; 0.4;15; 22.2;B;0;-;On;On;Off; 30.2; 27.6;0;5;1398;5;1398;5;1212;1;-
2026/04/25;15:27:02;-;-; 57.76; 0.4;-; 77.6; 77.8; 24.8; 24.0; 0.8;2015; 0.3; 0.4; 0.4;16; 22.1;B;0;-;On;On;Off; 30.1; 27.6;0;5;1398;5;1398;5;1212;1;-
2026/04/25;15:28:02;-;-; 57.74; 0.4;-; 77.6; 77.7; 23.2; 22.4; 0.8;2015; 0.3; 0.4; 0.4;16; 22.2;B;0;-;On;On;Off; 30.1; 27.5;0;5;1398;5;1398;5;1212;1;-
2026/04/25;15:29:02;-;-; 57.74; 0.2;-; 77.9; 77.7; 12.4; 11.6; 0.8;2015; 0.3; 0.4; 0.4;15; 22.1;B;0;-;On;On;Off; 30.1; 27.5;0;5;1398;5;1398;5;1212;1;-
2026/04/25;15:30:02;-;-; 57.74; 0.3;-; 77.7; 77.6; 16.2; 15.5; 0.8;2015; 0.3; 0.4; 0.4;15; 22.2;B;0;-;On;On;Off; 30.0; 27.5;0;5;1398;5;1398;5;1212;1;-
2026/04/25;15:31:02;-;-; 57.76; 0.4;-; 77.2; 77.4; 20.9; 19.4; 1.5;2015; 0.3; 0.4; 0.4;15; 22.1;B;0;-;On;On;Off; 30.0; 27.4;0;5;1398;5;1398;5;1212;1;-
2026/04/25;15:32:02;-;-; 57.76; 0.4;-; 77.0; 77.3; 23.2; 22.4; 0.8;2015; 0.3; 0.4; 0.4;15; 22.1;B;0;-;On;On;Off; 30.0; 27.4;0;5;1398;5;1398;5;1212;1;-
2026/04/25;15:33:02;-;-; 57.74; 0.3;-; 77.0; 77.1; 19.3; 18.6; 0.8;2015; 0.3; 0.4; 0.4;15; 22.1;B;0;-;On;On;Off; 29.9; 27.4;0;5;1398;5;1398;5;1212;1;-
2026/04/25;15:34:01;-;-; 57.74; 0.4;-; 76.6; 76.8; 24.0; 23.3; 0.8;2015; 0.3; 0.4; 0.4;16; 22.1;B;0;-;On;On;Off; 29.9; 27.4;0;5;1398;5;1398;5;1212;1;-
2026/04/25;15:35:01;-;-; 57.76; 0.4;-; 76.5; 76.5; 23.2; 22.4; 0.8;2015; 0.3; 0.4; 0.4;16; 22.1;B;0;-;On;On;Off; 29.9; 27.3;0;5;1398;5;1398;5;1212;1;-
2026/04/25;15:36:01;-;-; 57.74; 0.4;-; 76.4; 76.6; 23.2; 22.4; 0.8;2015; 0.3; 0.4; 0.4;16; 22.1;B;0;-;On;On;Off; 29.8; 27.3;0;5;1398;5;1398;5;1212;1;-
2026/04/25;15:37:01;-;-; 57.76; 0.5;-; 76.4; 76.7; 26.3; 25.6; 0.8;2015; 0.3; 0.4; 0.4;17; 22.1;B;0;-;On;On;Off; 29.8; 27.3;0;5;1398;5;1398;6;1213;1;-
2026/04/25;15:38:01;-;-; 57.76; 0.3;-; 77.2; 77.0; 17.0; 16.2; 0.8;2015; 0.3; 0.4; 0.4;17; 22.1;B;0;-;On;On;Off; 29.8; 27.2;0;5;1398;5;1398;6;1213;1;-
2026/04/25;15:39:01;-;-; 57.74; 0.3;-; 77.3; 77.3; 19.3; 18.6; 0.8;2015; 0.3; 0.4; 0.4;16; 22.1;B;0;-;On;On;Off; 29.8; 27.2;0;5;1398;5;1398;6;1213;1;-
2026/04/25;15:40:01;-;-; 57.74; 0.3;-; 77.8; 77.6; 20.1; 19.4; 0.8;2015; 0.3; 0.4; 0.4;15; 22.1;B;0;-;On;On;Off; 29.8; 27.2;0;5;1398;5;1398;6;1213;1;-
2026/04/25;15:41:01;-;-; 57.76; 0.3;-; 77.9; 77.9; 18.6; 17.8; 0.8;2015; 0.3; 0.4; 0.4;16; 22.1;B;0;-;On;On;Off; 29.7; 27.2;0;5;1398;5;1398;6;1213;1;-
2026/04/25;15:42:01;-;-; 57.74; 0.3;-; 77.9; 78.0; 17.0; 16.2; 0.8;2015; 0.3; 0.4; 0.4;16; 22.1;B;0;-;On;On;Off; 29.7; 27.2;0;5;1398;5;1398;6;1213;1;-
2026/04/25;15:43:01;-;-; 57.76; 0.4;-; 78.3; 78.5; 21.6; 20.9; 0.8;2015; 0.3; 0.4; 0.4;16; 22.1;B;0;-;On;On;Off; 29.7; 27.2;0;5;1398;5;1398;6;1213;1;-
2026/04/25;15:44:01;-;-; 57.76; 0.4;-; 77.9; 78.0; 21.6; 20.9; 0.8;2015; 0.3; 0.4; 0.4;16; 22.1;B;0;-;On;On;Off; 29.7; 27.1;0;5;1398;5;1398;6;1213;1;-
2026/04/25;15:45:01;-;-; 57.76; 0.4;-; 78.4; 78.4; 23.2; 22.4; 0.8;2015; 0.3; 0.4; 0.4;16; 22.1;B;0;-;On;On;Off; 29.7; 27.1;0;5;1398;5;1398;6;1213;1;-
2026/04/25;15:46:01;-;-; 57.74; 0.4;-; 77.5; 77.7; 25.5; 24.0; 1.5;2015; 0.3; 0.4; 0.4;15; 22.1;B;0;-;On;On;Off; 29.7; 27.1;0;5;1398;5;1398;6;1213;1;-
2026/04/25;15:47:01;-;-; 57.74; 0.4;-; 77.8; 77.7; 21.6; 20.9; 0.8;2015; 0.3; 0.4; 0.4;16; 22.1;B;0;-;On;On;Off; 29.7; 27.1;0;5;1398;5;1398;6;1213;1;-
2026/04/25;15:48:01;-;-; 57.74; 0.4;-; 77.9; 77.9; 24.7; 24.0; 0.8;2015; 0.3; 0.4; 0.4;15; 22.1;B;0;-;On;On;Off; 29.6; 27.1;0;5;1398;5;1398;6;1213;1;-
2026/04/25;15:49:00;-;-; 57.74; 0.3;-; 77.7; 77.7; 18.6; 17.8; 0.8;2015; 0.3; 0.4; 0.4;16; 22.1;B;0;-;On;On;Off; 29.6; 27.1;0;5;1398;5;1398;6;1213;1;-
2026/04/25;15:50:00;-;-; 57.76; 0.4;-; 77.8; 77.9; 23.2; 22.4; 0.8;2015; 0.3; 0.4; 0.4;15; 22.1;B;0;-;On;On;Off; 29.6; 27.0;0;5;1398;5;1398;6;1213;1;-
2026/04/25;15:51:00;-;-; 57.76; 0.3;-; 77.9; 77.8; 18.6; 17.8; 0.8;2015; 0.3; 0.4; 0.4;16; 22.1;B;0;-;On;On;Off; 29.6; 27.0;0;5;1398;5;1398;6;1213;1;-
2026/04/25;15:52:00;-;-; 57.74; 0.4;-; 77.5; 77.5; 25.5; 24.0; 1.5;2015; 0.3; 0.4; 0.4;16; 22.1;B;0;-;On;On;Off; 29.6; 27.0;0;5;1398;5;1398;6;1213;1;-
2026/04/25;15:53:00;-;-; 57.76; 0.4;-; 77.4; 77.5; 22.4; 20.9; 1.5;2015; 0.3; 0.4; 0.4;16; 22.1;B;0;-;On;On;Off; 29.6; 27.0;0;5;1398;5;1398;6;1213;1;-
2026/04/25;15:54:00;-;-; 57.76; 0.4;-; 77.4; 77.4; 24.0; 23.3; 0.8;2015; 0.3; 0.4; 0.4;16; 22.1;B;0;-;On;On;Off; 29.6; 27.0;0;5;1398;5;1398;6;1213;1;-
2026/04/25;15:55:00;-;-; 57.74; 0.3;-; 77.4; 77.4; 17.0; 16.2; 0.8;2015; 0.3; 0.4; 0.4;16; 22.1;B;0;-;On;On;Off; 29.5; 27.0;0;5;1398;5;1398;6;1213;1;-
2026/04/25;15:56:00;-;-; 57.76; 0.4;-; 77.6; 77.6; 21.6; 20.1; 1.5;2015; 0.3; 0.4; 0.4;15; 22.1;B;0;-;On;On;Off; 29.5; 27.0;0;5;1398;5;1398;6;1213;1;-
2026/04/25;15:57:00;-;-; 57.76; 0.5;-; 78.0; 77.8; 26.3; 25.6; 0.8;2015; 0.3; 0.4; 0.4;15; 22.1;B;0;-;On;On;Off; 29.5; 27.0;0;5;1398;5;1398;6;1213;1;-
2026/04/25;15:58:00;-;-; 57.74; 0.3;-; 78.4; 78.3; 16.2; 15.5; 0.8;2015; 0.3; 0.4; 0.4;15; 22.1;B;0;-;On;On;Off; 29.5; 26.9;0;5;1398;5;1398;6;1213;1;-
2026/04/25;15:59:00;-;-; 57.74; 0.4;-; 78.7; 78.6; 22.4; 21.7; 0.8;2015; 0.3; 0.4; 0.4;15; 22.1;B;0;-;On;On;Off; 29.5; 26.9;0;6;1399;6;1399;6;1213;1;-
2026/04/25;16:00:00;-;-; 57.76; 0.4;-; 78.3; 78.5; 22.4; 21.7; 0.8;2015; 0.3; 0.4; 0.4;15; 22.1;B;0;-;On;On;Off; 29.5; 26.9;0;6;1399;6;1399;6;1213;1;-
2026/04/25;16:01:00;-;-; 57.76; 0.4;-; 77.6; 77.5; 24.8; 24.0; 0.8;2015; 0.3; 0.4; 0.4;15; 22.1;B;0;-;On;On;Off; 29.5; 26.9;0;6;1399;6;1399;6;1213;1;-
2026/04/25;16:02:00;-;-; 57.74; 0.3;-; 77.2; 77.2; 16.2; 15.5; 0.8;2015; 0.3; 0.4; 0.4;15; 22.1;B;0;-;On;On;Off; 29.5; 26.9;0;6;1399;6;1399;6;1213;1;-
2026/04/25;16:03:00;-;-; 57.74; 0.3;-; 77.3; 77.2; 16.2; 15.5; 0.8;2016; 0.3; 0.4; 0.4;15; 22.1;B;0;-;On;On;Off; 29.5; 26.9;0;6;1399;6;1399;6;1213;1;-
2026/04/25;16:03:59;-;-; 57.76; 0.4;-; 77.4; 77.6; 24.8; 23.3; 1.5;2016; 0.3; 0.4; 0.4;15; 22.1;B;0;-;On;On;Off; 29.5; 26.9;0;6;1399;6;1399;6;1213;1;-
2026/04/25;16:04:59;-;-; 57.74; 0.5;-; 77.5; 77.5; 26.3; 24.8; 1.5;2016; 0.3; 0.4; 0.4;16; 22.1;B;0;-;On;On;Off; 29.5; 26.9;0;6;1399;6;1399;6;1213;1;-
2026/04/25;16:05:59;-;-; 57.76; 0.4;-; 78.1; 77.9; 20.9; 20.1; 0.8;2016; 0.3; 0.4; 0.4;16; 22.1;B;0;-;On;On;Off; 29.5; 26.9;0;6;1399;6;1399;6;1213;1;-
2026/04/25;16:06:59;-;-; 57.74; 0.4;-; 76.8; 76.7; 20.9; 20.1; 0.8;2016; 0.3; 0.4; 0.4;15; 22.1;B;0;-;On;On;Off; 29.4; 26.9;0;6;1399;6;1399;6;1213;1;-
2026/04/25;16:07:59;-;-; 57.74; 0.4;-; 76.5; 76.7; 23.9; 22.4; 1.5;2016; 0.3; 0.4; 0.4;15; 22.1;B;0;-;On;On;Off; 29.4; 26.8;0;6;1399;6;1399;6;1213;1;-
2026/04/25;16:08:59;-;-; 57.74; 0.4;-; 76.4; 76.3; 24.0; 23.3; 0.8;2016; 0.3; 0.4; 0.4;15; 22.1;B;0;-;On;On;Off; 29.4; 26.8;0;6;1399;6;1399;6;1213;1;-
2026/04/25;16:09:59;-;-; 57.76; 0.4;-; 76.1; 76.2; 24.8; 24.0; 0.8;2016; 0.3; 0.4; 0.4;15; 22.1;B;0;-;On;On;Off; 29.4; 26.8;0;6;1399;6;1399;6;1213;1;-
2026/04/25;16:10:59;-;-; 57.76; 0.4;-; 75.6; 75.8; 20.9; 20.1; 0.8;2016; 0.3; 0.4; 0.4;16; 22.1;B;0;-;On;On;Off; 29.4; 26.8;0;6;1399;6;1399;6;1213;1;-
2026/04/25;16:11:59;-;-; 57.74; 0.3;-; 75.3; 75.4; 17.8; 17.0; 0.8;2016; 0.3; 0.4; 0.4;16; 22.1;B;0;-;On;On;Off; 29.4; 26.8;0;6;1399;6;1399;6;1213;1;-
2026/04/25;16:12:59;-;-; 57.74; 0.4;-; 74.6; 74.9; 25.5; 24.8; 0.8;2016; 0.3; 0.4; 0.4;15; 22.1;B;0;-;On;On;Off; 29.3; 26.8;0;6;1399;6;1399;6;1213;1;-
2026/04/25;16:13:59;-;-; 57.74; 0.3;-; 74.2; 74.4; 19.3; 18.6; 0.8;2016; 0.3; 0.4; 0.4;16; 22.1;B;0;-;On;On;Off; 29.3; 26.8;0;6;1399;6;1399;6;1213;1;-
2026/04/25;16:14:59;-;-; 57.74; 0.3;-; 73.9; 73.8; 17.0; 16.3; 0.8;2016; 0.3; 0.4; 0.4;16; 22.1;B;0;-;On;On;Off; 29.3; 26.8;0;6;1399;6;1399;6;1213;1;-
2026/04/25;16:15:59;-;-; 57.74; 0.4;-; 72.4; 73.3; 24.8; 24.8; 0.0;2016; 0.3; 0.4; 0.4;17; 22.1;B;0;-;On;On;Off; 29.3; 26.8;0;6;1399;6;1399;6;1213;1;-
2026/04/25;16:16:59;-;-; 57.74; 0.4;-; 71.4; 72.4; 21.6; 20.9; 0.8;2016; 0.3; 0.4; 0.4;17; 22.1;B;0;-;On;On;Off; 29.3; 26.7;0;6;1399;6;1399;6;1213;1;-
2026/04/25;16:17:59;-;-; 57.76; 0.3;-; 71.0; 71.4; 16.2; 15.5; 0.8;2016; 0.3; 0.4; 0.4;17; 22.1;B;0;-;On;On;Off; 29.2; 26.7;0;6;1399;6;1399;6;1213;1;-
2026/04/25;16:18:59;-;-; 57.76; 0.4;-; 68.9; 71.1; 20.9; 20.9; 0.0;2016; 0.3; 0.4; 0.4;16; 22.1;B;0;-;On;On;Off; 29.2; 26.7;0;6;1399;6;1399;6;1213;1;-
2026/04/25;16:19:58;-;-; 57.74; 0.4;-; 68.1; 71.1; 21.6; 20.9; 0.8;2016; 0.3; 0.4; 0.4;17; 22.1;B;0;-;On;On;Off; 29.2; 26.7;0;6;1399;6;1399;6;1213;1;-
2026/04/25;16:20:58;-;-; 57.76; 0.4;-; 67.9; 71.2; 21.6; 20.9; 0.8;2016; 0.3; 0.4; 0.4;16; 22.1;B;0;-;On;On;Off; 29.2; 26.7;0;6;1399;6;1399;6;1213;1;-
2026/04/25;16:21:58;-;-; 57.76; 0.3;-; 69.0; 71.5; 20.1; 20.1; 0.0;2016; 0.3; 0.4; 0.4;16; 22.1;B;0;-;On;On;Off; 29.1; 26.7;0;6;1399;6;1399;6;1213;1;-
2026/04/25;16:22:58;-;-; 57.74; 0.4;-; 69.5; 72.0; 21.6; 20.9; 0.8;2016; 0.3; 0.4; 0.4;15; 22.1;B;0;-;On;On;Off; 29.1; 26.7;0;6;1399;6;1399;6;1213;1;-
2026/04/25;16:23:58;-;-; 57.74; 0.4;-; 70.0; 72.2; 20.9; 20.9; 0.0;2016; 0.3; 0.4; 0.4;16; 22.1;B;0;-;On;On;Off; 29.1; 26.7;0;6;1399;6;1399;6;1213;1;-
2026/04/25;16:24:58;-;-; 57.74; 0.4;-; 71.2; 72.7; 20.9; 20.1; 0.8;2016; 0.3; 0.4; 0.4;16; 22.1;B;0;-;On;On;Off; 29.1; 26.7;0;6;1399;6;1399;6;1213;1;-
2026/04/25;16:25:58;-;-; 57.74; 0.3;-; 72.3; 73.5; 20.1; 20.1; 0.0;2016; 0.3; 0.4; 0.4;16; 22.1;B;0;-;On;On;Off; 29.1; 26.7;0;6;1399;6;1399;6;1213;1;-
2026/04/25;16:26:58;-;-; 57.76; 0.4;-; 72.8; 74.0; 22.4; 21.7; 0.8;2016; 0.3; 0.4; 0.4;16; 22.1;B;0;-;On;On;Off; 29.1; 26.6;0;6;1399;6;1399;6;1213;1;-
2026/04/25;16:27:58;-;-; 57.76; 0.4;-; 73.3; 74.2; 20.9; 20.1; 0.8;2016; 0.3; 0.4; 0.4;16; 22.1;B;0;-;On;On;Off; 29.1; 26.6;0;6;1399;6;1399;6;1213;1;-
2026/04/25;16:28:58;-;-; 57.74; 0.3;-; 73.6; 74.1; 18.6; 17.8; 0.8;2016; 0.3; 0.4; 0.4;15; 22.1;B;0;-;On;On;Off; 29.1; 26.6;0;6;1399;6;1399;6;1213;1;-
2026/04/25;16:29:58;-;-; 57.76; 0.4;-; 73.4; 74.3; 20.9; 20.1; 0.8;2016; 0.3; 0.4; 0.4;16; 22.1;B;0;-;On;On;Off; 29.1; 26.6;0;6;1399;6;1399;6;1213;1;-
2026/04/25;16:30:58;-;-; 57.74; 0.4;-; 73.4; 74.2; 21.6; 20.9; 0.8;2016; 0.3; 0.4; 0.4;16; 22.1;B;0;-;On;On;Off; 29.1; 26.6;0;6;1399;6;1399;6;1213;1;-
2026/04/25;16:31:58;-;-; 57.76; 0.4;-; 72.6; 74.1; 25.5; 24.8; 0.8;2016; 0.3; 0.4; 0.4;16; 22.1;B;0;-;On;On;Off; 29.1; 26.6;0;6;1399;6;1399;6;1213;1;-
2026/04/25;16:32:58;-;-; 57.74; 0.4;-; 72.5; 74.1; 24.8; 24.0; 0.8;2016; 0.3; 0.4; 0.4;16; 22.1;B;0;-;On;On;Off; 29.1; 26.6;0;6;1399;6;1399;6;1213;1;-
2026/04/25;16:33:58;-;-; 57.74; 0.3;-; 73.5; 74.0; 17.8; 17.0; 0.8;2016; 0.3; 0.4; 0.4;16; 22.1;B;0;-;On;On;Off; 29.1; 26.6;0;6;1399;6;1399;6;1213;1;-
2026/04/25;16:34:57;-;-; 57.74; 0.4;-; 72.9; 74.2; 21.6; 20.9; 0.8;2016; 0.3; 0.4; 0.4;16; 22.1;B;0;-;On;On;Off; 29.1; 26.6;0;6;1399;6;1399;6;1213;1;-
2026/04/25;16:35:57;-;-; 57.74; 0.3;-; 73.9; 74.6; 20.1; 19.4; 0.8;2016; 0.3; 0.4; 0.4;16; 22.1;B;0;-;On;On;Off; 29.1; 26.6;0;6;1399;6;1399;6;1213;1;-
2026/04/25;16:36:57;-;-; 57.74; 0.3;-; 74.3; 74.7; 19.3; 18.6; 0.8;2016; 0.3; 0.4; 0.4;16; 22.1;B;0;-;On;On;Off; 29.1; 26.6;0;6;1399;6;1399;6;1213;1;-
2026/04/25;16:37:57;-;-; 57.76; 0.3;-; 74.7; 75.1; 19.3; 18.6; 0.8;2016; 0.3; 0.4; 0.4;16; 22.1;B;0;-;On;On;Off; 29.1; 26.6;0;6;1399;6;1399;6;1213;1;-
2026/04/25;16:38:57;-;-; 57.76; 0.4;-; 74.7; 75.2; 20.9; 20.1; 0.8;2016; 0.3; 0.4; 0.4;16; 22.1;B;0;-;On;On;Off; 29.1; 26.6;0;6;1399;6;1399;6;1213;1;-
2026/04/25;16:39:57;-;-; 57.76; 0.4;-; 74.9; 75.7; 24.0; 23.3; 0.8;2016; 0.3; 0.4; 0.4;16; 22.1;B;0;-;On;On;Off; 29.1; 26.6;0;6;1399;6;1399;6;1213;1;-
2026/04/25;16:40:57;-;-; 57.74; 0.4;-; 75.6; 76.0; 21.6; 20.9; 0.8;2016; 0.3; 0.4; 0.4;16; 22.1;B;0;-;On;On;Off; 29.1; 26.6;0;6;1399;6;1399;6;1213;1;-
2026/04/25;16:41:57;-;-; 57.74; 0.3;-; 76.5; 76.4; 15.4; 14.7; 0.8;2016; 0.3; 0.4; 0.4;15; 22.1;B;0;-;On;On;Off; 29.1; 26.6;0;6;1399;6;1399;6;1213;1;-
2026/04/25;16:42:57;-;-; 57.76; 0.3;-; 76.4; 76.7; 20.1; 19.4; 0.8;2016; 0.3; 0.4; 0.4;15; 22.1;B;0;-;On;On;Off; 29.1; 26.6;0;6;1399;6;1399;6;1213;1;-
2026/04/25;16:43:57;-;-; 57.74; 0.4;-; 76.6; 76.9; 24.0; 23.3; 0.8;2016; 0.3; 0.4; 0.4;15; 22.1;B;0;-;On;On;Off; 29.1; 26.6;0;6;1399;6;1399;6;1213;1;-
2026/04/25;16:44:57;-;-; 57.74; 0.3;-; 77.3; 77.3; 17.0; 16.2; 0.8;2016; 0.3; 0.4; 0.4;15; 22.1;B;0;-;On;On;Off; 29.1; 26.6;0;6;1399;6;1399;6;1213;1;-
2026/04/25;16:45:57;-;-; 57.74; 0.4;-; 77.6; 77.7; 21.6; 20.9; 0.8;2016; 0.3; 0.4; 0.4;15; 22.1;B;0;-;On;On;Off; 29.1; 26.6;0;6;1399;6;1399;6;1213;1;-
2026/04/25;16:46:57;-;-; 57.74; 0.3;-; 78.0; 78.2; 17.8; 17.0; 0.8;2016; 0.3; 0.4; 0.4;15; 22.1;B;0;-;On;On;Off; 29.1; 26.6;0;6;1399;6;1399;6;1213;1;-
2026/04/25;16:47:57;-;-; 57.76; 0.4;-; 81.2; 81.1; 22.4; 21.7; 0.8;2016; 0.3; 0.4; 0.4;15; 22.1;B;0;-;On;On;Off; 29.2; 26.6;0;6;1399;6;1399;6;1213;1;-
2026/04/25;16:48:57;-;-; 57.74; 0.2;-; 80.2; 80.1; 13.9; 13.1; 0.8;2016; 0.3; 0.3; 0.3;14; 22.1;B;0;-;On;On;Off; 29.2; 26.6;0;6;1399;6;1399;6;1213;1;-
2026/04/25;16:49:56;-;-; 57.74; 0.3;-; 79.6; 79.7; 14.7; 13.9; 0.8;2016; 0.2; 0.3; 0.3;13; 22.1;B;0;-;On;On;Off; 29.2; 26.6;0;6;1399;6;1399;6;1213;1;-
2026/04/25;16:50:56;-;-; 57.76; 0.3;-; 80.4; 80.3; 18.6; 17.8; 0.8;2016; 0.3; 0.4; 0.4;14; 22.1;B;0;-;On;On;Off; 29.2; 26.6;0;6;1399;6;1399;6;1213;1;-
2026/04/25;16:51:56;-;-; 57.74; 0.4;-; 78.3; 78.6; 24.7; 24.0; 0.8;2016; 0.3; 0.3; 0.3;14; 22.1;B;0;-;On;On;Off; 29.2; 26.6;0;6;1399;6;1399;6;1213;1;-
2026/04/25;16:52:56;-;-; 57.76; 0.3;-; 76.8; 76.7; 15.4; 14.7; 0.8;2016; 0.3; 0.3; 0.3;15; 22.1;B;0;-;On;On;Off; 29.2; 26.6;0;6;1399;6;1399;6;1213;1;-
2026/04/25;16:53:56;-;-; 57.76; 0.3;-; 76.1; 76.2; 19.3; 18.6; 0.8;2016; 0.3; 0.4; 0.4;15; 22.1;B;0;-;On;On;Off; 29.1; 26.6;0;6;1399;6;1399;6;1213;1;-
2026/04/25;16:54:56;-;-; 57.74; 0.3;-; 75.9; 76.1; 19.3; 18.6; 0.8;2016; 0.3; 0.4; 0.4;15; 22.1;B;0;-;On;On;Off; 29.1; 26.6;0;6;1399;6;1399;6;1213;1;-
2026/04/25;16:55:56;-;-; 57.74; 0.3;-; 75.8; 75.9; 19.3; 18.6; 0.8;2016; 0.3; 0.4; 0.4;15; 22.1;B;0;-;On;On;Off; 29.1; 26.6;0;6;1399;6;1399;6;1213;1;-
2026/04/25;16:56:56;-;-; 57.76; 0.4;-; 75.4; 75.7; 22.4; 21.7; 0.8;2016; 0.3; 0.4; 0.4;15; 22.1;B;0;-;On;On;Off; 29.1; 26.6;0;6;1399;6;1399;6;1213;1;-
2026/04/25;16:57:56;-;-; 57.76; 0.4;-; 75.3; 75.6; 25.5; 24.8; 0.8;2016; 0.3; 0.4; 0.4;15; 22.2;B;0;-;On;On;Off; 29.2; 26.6;0;6;1399;6;1399;6;1213;1;-
2026/04/25;16:58:56;-;-; 57.74; 0.3;-; 75.4; 75.5; 16.2; 15.5; 0.8;2016; 0.3; 0.4; 0.4;15; 22.2;B;0;-;On;On;Off; 29.1; 26.6;0;6;1399;6;1399;6;1213;1;-
2026/04/25;16:59:56;-;-; 57.74; 0.3;-; 75.6; 75.6; 17.0; 16.2; 0.8;2016; 0.3; 0.4; 0.4;15; 22.2;B;0;-;On;On;Off; 29.1; 26.6;0;6;1399;6;1399;6;1213;1;-
2026/04/25;17:00:56;-;-; 57.76; 0.4;-; 75.6; 75.7; 21.6; 20.9; 0.8;2016; 0.3; 0.4; 0.4;15; 22.2;B;0;-;On;On;Off; 29.2; 26.6;0;6;1399;6;1399;6;1213;1;-
2026/04/25;17:01:56;-;-; 57.74; 0.3;-; 75.8; 75.6; 17.0; 16.2; 0.8;2016; 0.3; 0.4; 0.4;15; 22.2;B;0;-;On;On;Off; 29.1; 26.6;0;6;1399;6;1399;6;1213;1;-
2026/04/25;17:02:56;-;-; 57.76; 0.4;-; 75.6; 75.8; 22.4; 22.4; 0.0;2017; 0.3; 0.4; 0.4;15; 22.2;B;0;-;On;On;Off; 29.1; 26.6;0;6;1399;6;1399;6;1213;1;-
2026/04/25;17:03:56;-;-; 57.74; 0.3;-; 76.0; 76.1; 17.0; 16.2; 0.8;2017; 0.3; 0.4; 0.4;15; 22.2;B;0;-;On;On;Off; 29.1; 26.6;0;6;1399;6;1399;6;1213;1;-
2026/04/25;17:04:55;-;-; 57.76; 0.3;-; 76.5; 76.4; 17.0; 16.3; 0.8;2017; 0.3; 0.4; 0.4;15; 22.2;B;0;-;On;On;Off; 29.2; 26.6;0;6;1399;6;1399;6;1213;1;-
2026/04/25;17:05:55;-;-; 57.76; 0.3;-; 76.8; 76.8; 16.2; 15.5; 0.8;2017; 0.3; 0.4; 0.4;15; 22.2;B;0;-;On;On;Off; 29.2; 26.6;0;6;1399;6;1399;6;1213;1;-
2026/04/25;17:06:55;-;-; 57.74; 0.3;-; 78.8; 79.0; 19.3; 18.6; 0.8;2017; 0.3; 0.4; 0.4;15; 22.2;B;0;-;On;On;Off; 29.2; 26.6;0;6;1399;6;1399;6;1213;1;-
2026/04/25;17:07:55;-;-; 57.74; 0.4;-; 80.4; 80.2; 21.6; 20.1; 1.5;2017; 0.3; 0.4; 0.4;15; 22.2;B;0;-;On;On;Off; 29.2; 26.6;0;6;1399;6;1399;6;1213;1;-
2026/04/25;17:08:55;-;-; 57.50; 0.0;-; 79.9; 79.8; 0.7; 0.0; 0.7;2017; 0.2; 0.3; 0.3;13; 22.2;B;0;-;On;On;Off; 28.9; 27.8;0;6;1399;6;1399;6;1213;1;-
2026/04/25;17:09:55;-;-; 57.03; 0.3;-; 79.6; 79.3; 15.3; 7.7; 7.7;2017; 0.3; 0.4; 0.4;17; 22.2;B;0;-;On;On;Off; 28.8; 27.4;0;6;1399;6;1399;6;1213;1;-
2026/04/25;17:10:55;-;-; 57.70; 0.4;-; 79.0; 78.6; 22.4; 0.0; 22.4;2017; 0.3; 0.4; 0.4;17; 22.2;B;0;-;On;On;Off; 28.6; 27.9;0;6;1399;6;1399;6;1213;1;-
2026/04/25;17:11:55;-;-; 57.66; 0.0;-; 78.6; 78.5; 0.8; 0.0; 0.8;2017; 0.3; 0.4; 0.4;16; 22.2;B;0;-;On;On;Off; 28.2; 28.0;0;6;1399;6;1399;6;1213;1;-
2026/04/25;17:12:55;-;-; 57.76; 0.4;-; 78.1; 78.2; 24.8; 24.0; 0.8;2017; 0.2; 0.3; 0.3;13; 22.2;B;0;-;On;On;Off; 28.9; 27.7;0;6;1399;6;1399;6;1213;1;-
2026/04/25;17:13:55;-;-; 57.68; 0.3;-; 78.2; 77.7; 16.2; 0.8; 15.5;2017; 0.3; 0.4; 0.4;17; 22.2;B;0;-;On;On;Off; 29.0; 28.4;0;6;1399;6;1399;6;1213;1;-
2026/04/25;17:14:55;-;-; 57.68; 0.5;-; 77.7; 77.3; 28.6; 17.0; 11.6;2017; 0.4; 0.4; 0.4;21; 22.2;B;0;-;On;On;Off; 28.4; 28.4;0;6;1399;6;1399;6;1213;1;-
2026/04/25;17:15:55;-;-; 57.70; 0.7;-; 77.8; 76.7; 40.2; 0.0; 40.2;2017; 0.4; 0.4; 0.4;19; 22.2;B;0;-;On;On;Off; 29.5; 29.1;0;6;1399;6;1399;6;1213;1;-
2026/04/25;17:16:55;-;-; 57.68; 0.6;-; 77.4; 76.8; 33.3; 31.0; 2.3;2017; 0.5; 0.6; 0.6;28; 22.2;B;0;-;On;On;Off; 29.8; 29.3;0;6;1399;6;1399;6;1213;1;-
2026/04/25;17:17:55;-;-; 57.68; 0.9;-; 76.9; 77.2; 51.8; 51.8; 0.0;2017; 0.5; 0.6; 0.6;28; 22.2;B;0;-;On;On;Off; 30.0; 29.4;0;6;1399;6;1399;6;1213;1;-
2026/04/25;17:18:55;-;-; 57.70; 0.8;-; 77.3; 76.3; 44.9; 0.0; 44.9;2017; 0.5; 0.6; 0.6;28; 22.2;B;0;-;On;On;Off; 30.1; 29.6;0;6;1399;6;1399;6;1213;1;-
2026/04/25;17:19:55;-;-; 57.70; 0.7;-; 77.1; 76.4; 42.6; 0.0; 42.6;2017; 0.5; 0.6; 0.6;28; 22.2;B;0;-;On;On;Off; 30.2; 29.7;0;6;1399;6;1399;6;1213;1;-
2026/04/25;17:20:54;-;-; 57.70; 0.6;-; 76.4; 76.9; 36.4; 36.4; 0.0;2017; 0.5; 0.6; 0.6;28; 22.2;B;0;-;On;On;Off; 30.3; 29.8;0;6;1399;6;1399;6;1213;1;-
2026/04/25;17:21:54;-;-; 57.70; 1.0;-; 76.5; 77.0; 56.5; 56.5; 0.0;2017; 0.5; 0.6; 0.6;28; 22.2;B;0;-;On;On;Off; 30.4; 29.9;0;6;1399;6;1399;6;1213;1;-
2026/04/25;17:22:54;-;-; 57.68; 0.6;-; 77.1; 76.4; 35.6; 8.5; 27.1;2017; 0.5; 0.6; 0.6;29; 22.2;B;0;-;On;On;Off; 30.5; 30.0;0;6;1399;6;1399;6;1213;1;-
2026/04/25;17:23:54;-;-; 57.70; 0.9;-; 76.6; 77.0; 49.5; 49.5; 0.0;2017; 0.5; 0.6; 0.6;28; 22.2;B;0;-;On;On;Off; 30.6; 30.1;0;6;1399;6;1399;6;1213;1;-
2026/04/25;17:24:54;-;-; 57.70; 0.6;-; 77.1; 76.8; 32.5; 3.1; 29.4;2017; 0.5; 0.6; 0.6;28; 22.2;B;0;-;On;On;Off; 30.6; 30.1;0;6;1399;6;1399;6;1213;1;-
2026/04/25;17:25:54;-;-; 57.68; 0.5;-; 77.5; 76.6; 28.6; 21.7; 6.9;2017; 0.5; 0.6; 0.6;28; 22.2;B;0;-;On;On;Off; 30.7; 30.2;0;6;1399;6;1399;6;1213;1;-
2026/04/25;17:26:54;-;-; 57.70; 0.6;-; 77.2; 76.6; 33.2; 8.5; 24.7;2017; 0.5; 0.6; 0.6;27; 22.2;B;0;-;On;On;Off; 30.8; 30.3;0;6;1399;6;1399;6;1213;1;-
2026/04/25;17:27:54;-;-; 57.70; 0.6;-; 77.3; 76.6; 35.6; 21.7; 13.9;2017; 0.5; 0.6; 0.6;28; 22.2;B;0;-;On;On;Off; 30.8; 30.3;0;6;1399;6;1399;6;1213;1;-
2026/04/25;17:28:54;-;-; 57.68; 0.6;-; 77.4; 76.5; 34.0; 20.1; 13.9;2017; 0.5; 0.6; 0.6;28; 22.2;B;0;-;On;On;Off; 30.9; 30.4;0;6;1399;6;1399;6;1213;1;-
2026/04/25;17:29:54;-;-; 57.70; 0.5;-; 77.0; 76.9; 30.2; 18.5; 11.6;2017; 0.5; 0.6; 0.6;28; 22.2;B;0;-;On;On;Off; 31.0; 30.5;0;6;1399;6;1399;6;1213;1;-
2026/04/25;17:30:54;-;-; 57.70; 0.5;-; 77.4; 76.5; 30.2; 30.2; 0.0;2017; 0.5; 0.6; 0.6;28; 22.2;B;0;-;On;On;Off; 31.0; 30.5;0;6;1399;6;1399;6;1213;1;-
2026/04/25;17:31:54;-;-; 57.70; 0.3;-; 77.1; 76.7; 19.3; 18.5; 0.8;2017; 0.5; 0.6; 0.6;27; 22.2;B;0;-;On;On;Off; 30.4; 29.4;0;6;1399;6;1399;6;1213;1;-
2026/04/25;17:32:54;-;-; 57.66; 0.0;-; 77.3; 76.7; 1.5; 0.0; 1.5;2017; 0.3; 0.4; 0.4;16; 22.2;B;0;-;On;On;Off; 30.1; 28.7;0;6;1399;6;1399;6;1213;1;-
2026/04/25;17:33:54;-;-; 57.66; 0.0;-; 77.1; 76.6; 0.8; 0.0; 0.8;2017; 0.2; 0.3; 0.3;12; 22.2;B;0;-;On;On;Off; 29.8; 29.1;0;6;1399;6;1399;6;1213;1;-
2026/04/25;17:34:54;-;-; 57.50; 0.0;-; 77.1; 76.6; 1.5; 0.7; 0.7;2017; 0.3; 0.4; 0.4;16; 22.2;B;0;-;On;On;Off; 30.4; 28.2;0;6;1399;6;1399;6;1213;1;-
2026/04/25;17:35:53;-;-; 57.29; 1.0;-; 77.0; 76.5; 56.8; 28.4; 28.4;2017; 0.3; 0.4; 0.4;17; 22.2;B;0;-;On;On;Off; 29.2; 29.2;0;6;1399;6;1399;6;1213;1;-
2026/04/25;17:36:53;-;-; 57.74; 0.9;-; 77.5; 76.2; 51.9; 0.0; 51.9;2017; 0.3; 0.4; 0.4;19; 22.2;B;0;-;On;On;Off; 29.6; 29.0;0;6;1399;6;1399;6;1213;1;-
2026/04/25;17:37:53;-;-; 57.70; 0.4;-; 77.0; 76.7; 20.9; 20.1; 0.8;2017; 0.3; 0.4; 0.4;17; 22.2;B;0;-;On;On;Off; 30.3; 28.0;0;6;1399;6;1399;6;1213;1;-
2026/04/25;17:38:53;-;-; 57.76; 0.3;-; 77.1; 76.6; 17.0; 16.2; 0.8;2017; 0.3; 0.4; 0.4;15; 22.2;B;0;-;On;On;Off; 30.3; 27.8;0;6;1399;6;1399;6;1213;1;-
2026/04/25;17:39:53;-;-; 57.76; 0.3;-; 72.7; 72.2; 19.3; 18.6; 0.8;2017; 0.3; 0.4; 0.4;15; 22.2;B;0;-;On;On;Off; 30.2; 27.7;0;6;1399;6;1399;6;1213;1;-
2026/04/25;17:40:53;-;-; 57.76; 0.5;-; 74.6; 74.6; 26.3; 25.6; 0.8;2017; 0.3; 0.4; 0.4;16; 22.2;B;0;-;On;On;Off; 30.1; 27.6;0;6;1399;6;1399;6;1213;1;-
2026/04/25;17:41:53;-;-; 57.76; 0.4;-; 76.4; 76.2; 25.5; 24.8; 0.8;2017; 0.3; 0.4; 0.4;16; 22.2;B;0;-;On;On;Off; 30.1; 27.6;0;6;1399;6;1399;6;1213;1;-
2026/04/25;17:42:53;-;-; 57.76; 0.3;-; 78.2; 77.5; 17.0; 16.2; 0.8;2017; 0.3; 0.4; 0.4;15; 22.2;B;0;-;On;On;Off; 30.1; 27.5;0;6;1399;6;1399;6;1213;1;-
2026/04/25;17:43:53;-;-; 57.76; 0.4;-; 77.8; 77.5; 25.5; 24.0; 1.5;2017; 0.3; 0.4; 0.4;14; 22.2;B;0;-;On;On;Off; 30.0; 27.5;0;6;1399;6;1399;6;1213;1;-
2026/04/25;17:44:53;-;-; 57.76; 0.4;-; 78.0; 77.4; 21.6; 20.9; 0.8;2017; 0.3; 0.4; 0.4;15; 22.2;B;0;-;On;On;Off; 30.0; 27.4;0;6;1399;6;1399;6;1213;1;-
2026/04/25;17:45:53;-;-; 57.76; 0.3;-; 77.9; 77.5; 17.8; 17.0; 0.8;2017; 0.3; 0.4; 0.4;15; 22.2;B;0;-;On;On;Off; 30.0; 27.4;0;6;1399;6;1399;6;1213;1;-
2026/04/25;17:46:53;-;-; 57.76; 0.3;-; 77.8; 77.3; 17.8; 17.0; 0.8;2017; 0.3; 0.4; 0.4;15; 22.2;B;0;-;On;On;Off; 29.9; 27.4;0;6;1399;6;1399;6;1213;1;-
2026/04/25;17:47:53;-;-; 57.74; 0.3;-; 77.7; 77.2; 20.1; 19.4; 0.8;2017; 0.3; 0.4; 0.4;15; 22.2;B;0;-;On;On;Off; 29.9; 27.3;0;6;1399;6;1399;6;1213;1;-
2026/04/25;17:48:53;-;-; 57.76; 0.4;-; 77.5; 77.1; 20.9; 20.1; 0.8;2017; 0.3; 0.4; 0.4;15; 22.2;B;0;-;On;On;Off; 29.8; 27.3;0;6;1399;6;1399;6;1213;1;-
2026/04/25;17:49:53;-;-; 57.74; 0.4;-; 77.3; 77.1; 25.5; 24.8; 0.8;2017; 0.3; 0.4; 0.4;15; 22.1;B;0;-;On;On;Off; 29.8; 27.3;0;6;1399;6;1399;6;1213;1;-
2026/04/25;17:50:52;-;-; 57.76; 0.3;-; 77.5; 77.2; 19.3; 18.6; 0.8;2017; 0.3; 0.4; 0.4;15; 22.1;B;0;-;On;On;Off; 29.8; 27.2;0;6;1399;6;1399;6;1213;1;-
2026/04/25;17:51:52;-;-; 57.74; 0.2;-; 77.7; 77.0; 13.1; 12.4; 0.8;2017; 0.3; 0.4; 0.4;15; 22.1;B;0;-;On;On;Off; 29.8; 27.2;0;6;1399;6;1399;6;1213;1;-
2026/04/25;17:52:52;-;-; 57.74; 0.3;-; 77.5; 77.0; 17.0; 16.2; 0.8;2017; 0.3; 0.4; 0.4;15; 22.1;B;0;-;On;On;Off; 29.8; 27.2;0;6;1399;6;1399;6;1213;1;-
2026/04/25;17:53:52;-;-; 57.74; 0.2;-; 77.5; 76.9; 13.9; 13.1; 0.8;2017; 0.3; 0.4; 0.4;15; 22.1;B;0;-;On;On;Off; 29.7; 27.2;0;6;1399;6;1399;6;1213;1;-
2026/04/25;17:54:52;-;-; 57.74; 0.3;-; 77.4; 76.7; 17.0; 16.2; 0.8;2017; 0.3; 0.4; 0.4;15; 22.1;B;0;-;On;On;Off; 29.7; 27.1;0;6;1399;6;1399;6;1213;1;-
2026/04/25;17:55:52;-;-; 57.74; 0.3;-; 77.3; 76.9; 16.2; 15.5; 0.8;2017; 0.3; 0.4; 0.4;16; 22.1;B;0;-;On;On;Off; 29.7; 27.1;0;6;1399;6;1399;6;1213;1;-
2026/04/25;17:56:52;-;-; 57.76; 0.3;-; 77.4; 76.9; 20.1; 19.4; 0.8;2017; 0.3; 0.4; 0.4;16; 22.1;B;0;-;On;On;Off; 29.7; 27.1;0;6;1399;6;1399;6;1213;1;-
2026/04/25;17:57:52;-;-; 57.74; 0.2;-; 77.5; 77.1; 11.6; 10.8; 0.8;2017; 0.3; 0.4; 0.4;15; 22.1;B;0;-;On;On;Off; 29.6; 27.1;0;6;1399;6;1399;6;1213;1;-
2026/04/25;17:58:52;-;-; 57.74; 0.3;-; 75.6; 75.2; 20.1; 19.4; 0.8;2017; 0.3; 0.4; 0.4;15; 22.1;B;0;-;On;On;Off; 29.6; 27.0;0;6;1399;6;1399;6;1213;1;-
2026/04/25;17:59:52;-;-; 57.74; 0.3;-; 74.1; 73.6; 18.6; 17.8; 0.8;2017; 0.3; 0.4; 0.4;15; 22.1;B;0;-;On;On;Off; 29.6; 27.0;0;6;1399;6;1399;6;1213;1;-
2026/04/25;18:00:52;-;-; 57.74; 0.4;-; 76.5; 76.1; 20.9; 20.1; 0.8;2017; 0.3; 0.4; 0.4;16; 22.1;B;0;-;On;On;Off; 29.5; 27.0;0;6;1399;6;1399;6;1213;1;-
2026/04/25;18:01:52;-;-; 57.76; 0.3;-; 75.1; 74.7; 18.6; 17.8; 0.8;2017; 0.3; 0.4; 0.4;15; 22.1;B;0;-;On;On;Off; 29.5; 27.0;0;6;1399;6;1399;6;1213;1;-
2026/04/25;18:02:52;-;-; 57.76; 0.4;-; 78.4; 78.0; 24.8; 24.0; 0.8;2018; 0.3; 0.4; 0.4;15; 22.1;B;0;-;On;On;Off; 29.5; 27.0;0;6;1399;6;1399;6;1213;1;-
2026/04/25;18:03:52;-;-; 57.76; 0.3;-; 78.2; 77.8; 18.6; 17.8; 0.8;2018; 0.3; 0.4; 0.4;15; 22.1;B;0;-;On;On;Off; 29.5; 27.0;0;6;1399;6;1399;6;1213;1;-
2026/04/25;18:04:52;-;-; 57.74; 0.3;-; 77.9; 77.4; 14.7; 13.9; 0.8;2018; 0.3; 0.4; 0.4;14; 22.1;B;0;-;On;On;Off; 29.5; 27.0;0;6;1399;6;1399;6;1213;1;-
2026/04/25;18:05:51;-;-; 57.74; 0.3;-; 77.3; 76.4; 18.6; 17.8; 0.8;2018; 0.3; 0.4; 0.4;15; 22.1;B;0;-;On;On;Off; 29.5; 26.9;0;6;1399;6;1399;6;1213;1;-
2026/04/25;18:06:51;-;-; 57.74; 0.3;-; 77.8; 77.3; 17.8; 17.0; 0.8;2018; 0.3; 0.4; 0.4;15; 22.1;B;0;-;On;On;Off; 29.5; 26.9;0;6;1399;6;1399;6;1213;1;-
2026/04/25;18:07:51;-;-; 57.76; 0.4;-; 74.8; 74.5; 21.6; 20.9; 0.8;2018; 0.3; 0.4; 0.4;14; 22.1;B;0;-;On;On;Off; 29.5; 26.9;0;6;1399;6;1399;6;1213;1;-
2026/04/25;18:08:51;-;-; 57.74; 0.3;-; 72.9; 72.7; 19.4; 19.4; 0.0;2018; 0.3; 0.4; 0.4;14; 22.1;B;0;-;On;On;Off; 29.4; 26.9;0;6;1399;6;1399;6;1213;1;-
2026/04/25;18:09:51;-;-; 57.74; 0.4;-; 72.3; 72.6; 22.4; 21.7; 0.8;2018; 0.3; 0.4; 0.4;16; 22.1;B;0;-;On;On;Off; 29.4; 26.8;0;6;1399;6;1399;6;1213;1;-
2026/04/25;18:10:51;-;-; 57.74; 0.4;-; 72.7; 72.6; 21.6; 20.9; 0.8;2018; 0.3; 0.4; 0.4;16; 22.1;B;0;-;On;On;Off; 29.3; 26.8;0;6;1399;6;1399;6;1213;1;-
2026/04/25;18:11:51;-;-; 57.74; 0.3;-; 72.8; 72.8; 20.1; 19.4; 0.8;2018; 0.3; 0.4; 0.4;16; 22.1;B;0;-;On;On;Off; 29.3; 26.8;0;6;1399;6;1399;6;1213;1;-
2026/04/25;18:12:51;-;-; 57.76; 0.4;-; 73.0; 73.1; 22.4; 21.7; 0.8;2018; 0.3; 0.4; 0.4;16; 22.1;B;0;-;On;On;Off; 29.3; 26.8;0;6;1399;6;1399;6;1213;1;-
2026/04/25;18:13:51;-;-; 57.76; 0.3;-; 73.1; 73.3; 20.1; 19.4; 0.8;2018; 0.3; 0.4; 0.4;16; 22.1;B;0;-;On;On;Off; 29.3; 26.8;0;6;1399;6;1399;7;1214;1;-
2026/04/25;18:14:51;-;-; 57.74; 0.4;-; 73.3; 73.6; 20.9; 20.1; 0.8;2018; 0.3; 0.4; 0.4;16; 22.1;B;0;-;On;On;Off; 29.3; 26.8;0;6;1399;6;1399;7;1214;1;-
2026/04/25;18:15:51;-;-; 57.74; 0.4;-; 73.3; 73.7; 24.0; 23.3; 0.8;2018; 0.3; 0.4; 0.4;16; 22.1;B;0;-;On;On;Off; 29.3; 26.8;0;6;1399;6;1399;7;1214;1;-
2026/04/25;18:16:51;-;-; 57.74; 0.4;-; 73.7; 73.9; 23.2; 22.4; 0.8;2018; 0.3; 0.4; 0.4;16; 22.1;B;0;-;On;On;Off; 29.3; 26.7;0;6;1399;6;1399;7;1214;1;-
2026/04/25;18:17:51;-;-; 57.76; 0.5;-; 74.0; 74.4; 26.3; 25.6; 0.8;2018; 0.3; 0.4; 0.4;16; 22.1;B;0;-;On;On;Off; 29.3; 26.7;0;6;1399;6;1399;7;1214;1;-
2026/04/25;18:18:51;-;-; 57.74; 0.3;-; 74.9; 74.5; 15.4; 14.7; 0.8;2018; 0.3; 0.4; 0.4;15; 22.1;B;0;-;On;On;Off; 29.3; 26.7;0;6;1399;6;1399;7;1214;1;-
2026/04/25;18:19:51;-;-; 57.76; 0.4;-; 74.0; 74.4; 21.6; 20.9; 0.8;2018; 0.3; 0.4; 0.4;16; 22.1;B;0;-;On;On;Off; 29.3; 26.7;0;6;1399;6;1399;7;1214;1;-
2026/04/25;18:20:51;-;-; 57.76; 0.4;-; 73.7; 74.1; 22.4; 21.7; 0.8;2018; 0.3; 0.4; 0.4;15; 22.0;B;0;-;On;On;Off; 29.2; 26.7;0;6;1399;6;1399;7;1214;1;-
2026/04/25;18:21:50;-;-; 57.76; 0.5;-; 73.0; 73.9; 27.1; 26.3; 0.8;2018; 0.3; 0.4; 0.4;15; 22.1;B;0;-;On;On;Off; 29.2; 26.7;0;6;1399;6;1399;7;1214;1;-
2026/04/25;18:22:50;-;-; 57.74; 0.3;-; 73.2; 73.7; 20.1; 19.4; 0.8;2018; 0.3; 0.4; 0.4;16; 22.0;B;0;-;On;On;Off; 29.2; 26.7;0;6;1399;6;1399;7;1214;1;-
2026/04/25;18:23:50;-;-; 57.74; 0.3;-; 73.4; 73.5; 19.3; 18.6; 0.8;2018; 0.3; 0.4; 0.4;16; 22.1;B;0;-;On;On;Off; 29.2; 26.7;0;6;1399;6;1399;7;1214;1;-
2026/04/25;18:24:50;-;-; 57.74; 0.3;-; 73.8; 73.8; 18.6; 17.8; 0.8;2018; 0.3; 0.4; 0.4;15; 22.0;B;0;-;On;On;Off; 29.2; 26.7;0;6;1399;6;1399;7;1214;1;-
2026/04/25;18:25:50;-;-; 57.74; 0.4;-; 73.4; 74.1; 24.0; 23.2; 0.8;2018; 0.3; 0.4; 0.4;16; 22.0;B;0;-;On;On;Off; 29.2; 26.7;0;6;1399;6;1399;7;1214;1;-
2026/04/25;18:26:50;-;-; 57.74; 0.3;-; 74.5; 74.7; 18.6; 17.8; 0.8;2018; 0.3; 0.4; 0.4;15; 22.0;B;0;-;On;On;Off; 29.2; 26.7;0;6;1399;6;1399;7;1214;1;-
2026/04/25;18:27:50;-;-; 57.74; 0.4;-; 75.1; 75.4; 23.2; 22.4; 0.8;2018; 0.3; 0.4; 0.4;15; 22.0;B;0;-;On;On;Off; 29.2; 26.7;0;6;1399;6;1399;7;1214;1;-
2026/04/25;18:28:50;-;-; 57.76; 0.4;-; 76.1; 76.0; 20.9; 20.1; 0.8;2018; 0.3; 0.4; 0.4;16; 22.0;B;0;-;On;On;Off; 29.2; 26.7;0;6;1399;6;1399;7;1214;1;-
2026/04/25;18:29:50;-;-; 57.76; 0.4;-; 76.5; 76.3; 22.4; 21.7; 0.8;2018; 0.3; 0.4; 0.4;15; 22.0;B;0;-;On;On;Off; 29.2; 26.7;0;6;1399;6;1399;7;1214;1;-
2026/04/25;18:30:50;-;-; 57.74; 0.3;-; 76.7; 76.7; 18.6; 17.8; 0.8;2018; 0.3; 0.4; 0.4;15; 22.0;B;0;-;On;On;Off; 29.2; 26.6;0;6;1399;6;1399;7;1214;1;-
2026/04/25;18:31:50;-;-; 57.74; 0.3;-; 76.8; 76.8; 17.8; 17.0; 0.8;2018; 0.3; 0.4; 0.4;15; 22.0;B;0;-;On;On;Off; 29.2; 26.6;0;6;1399;6;1399;7;1214;1;-
2026/04/25;18:32:50;-;-; 57.76; 0.3;-; 76.9; 76.9; 17.8; 17.0; 0.8;2018; 0.3; 0.4; 0.4;15; 22.0;B;0;-;On;On;Off; 29.2; 26.6;0;6;1399;6;1399;7;1214;1;-
2026/04/25;18:33:50;-;-; 57.74; 0.3;-; 76.9; 77.1; 19.3; 18.6; 0.8;2018; 0.3; 0.4; 0.4;15; 22.0;B;0;-;On;On;Off; 29.2; 26.6;0;6;1399;6;1399;7;1214;1;-
2026/04/25;18:34:50;-;-; 57.76; 0.3;-; 77.0; 77.2; 18.6; 17.8; 0.8;2018; 0.3; 0.4; 0.4;15; 22.0;B;0;-;On;On;Off; 29.2; 26.6;0;7;1400;7;1400;7;1214;1;-
2026/04/25;18:35:50;-;-; 57.74; 0.3;-; 77.1; 77.2; 17.8; 17.0; 0.8;2018; 0.3; 0.4; 0.4;15; 22.0;B;0;-;On;On;Off; 29.2; 26.6;0;7;1400;7;1400;7;1214;1;-
2026/04/25;18:36:49;-;-; 57.74; 0.3;-; 77.4; 77.1; 15.4; 14.7; 0.8;2018; 0.3; 0.4; 0.4;16; 22.0;B;0;-;On;On;Off; 29.2; 26.6;0;7;1400;7;1400;7;1214;1;-
2026/04/25;18:37:49;-;-; 57.74; 0.3;-; 77.0; 77.2; 20.1; 19.4; 0.8;2018; 0.3; 0.4; 0.4;15; 22.0;B;0;-;On;On;Off; 29.2; 26.6;0;7;1400;7;1400;7;1214;1;-
2026/04/25;18:38:49;-;-; 57.74; 0.4;-; 77.9; 78.2; 25.5; 24.0; 1.5;2018; 0.3; 0.4; 0.4;15; 22.0;B;0;-;On;On;Off; 29.2; 26.6;0;7;1400;7;1400;7;1214;1;-
2026/04/25;18:39:49;-;-; 57.76; 0.4;-; 77.1; 77.2; 22.4; 21.7; 0.8;2018; 0.3; 0.3; 0.3;14; 22.0;B;0;-;On;On;Off; 29.2; 26.6;0;7;1400;7;1400;7;1214;1;-
2026/04/25;18:40:49;-;-; 57.76; 0.4;-; 78.8; 79.1; 21.6; 20.1; 1.5;2018; 0.3; 0.3; 0.3;14; 22.0;B;0;-;On;On;Off; 29.2; 26.6;0;7;1400;7;1400;7;1214;1;-
2026/04/25;18:41:49;-;-; 57.76; 0.3;-; 79.6; 79.4; 18.5; 17.0; 1.5;2018; 0.3; 0.3; 0.3;14; 22.0;B;0;-;On;On;Off; 29.2; 26.6;0;7;1400;7;1400;7;1214;1;-
2026/04/25;18:42:49;-;-; 57.78; 0.3;-; 78.3; 78.3; 19.3; 18.6; 0.8;2018; 0.3; 0.3; 0.3;14; 22.0;B;0;-;On;On;Off; 29.2; 26.6;0;7;1400;7;1400;7;1214;1;-
2026/04/25;18:43:49;-;-; 57.76; 0.3;-; 76.3; 76.3; 15.4; 14.7; 0.8;2018; 0.3; 0.3; 0.3;14; 22.0;B;0;-;On;On;Off; 29.2; 26.6;0;7;1400;7;1400;7;1214;1;-
2026/04/25;18:44:49;-;-; 57.76; 0.4;-; 76.3; 76.3; 22.4; 21.7; 0.8;2018; 0.3; 0.4; 0.4;14; 22.0;B;0;-;On;On;Off; 29.2; 26.6;0;7;1400;7;1400;7;1214;1;-
2026/04/25;18:45:49;-;-; 57.76; 0.4;-; 76.6; 76.4; 21.6; 20.9; 0.8;2018; 0.3; 0.4; 0.4;14; 22.0;B;0;-;On;On;Off; 29.2; 26.6;0;7;1400;7;1400;7;1214;1;-
2026/04/25;18:46:49;-;-; 57.74; 0.4;-; 76.4; 76.6; 25.5; 24.8; 0.8;2018; 0.3; 0.4; 0.4;14; 22.0;B;0;-;On;On;Off; 29.2; 26.6;0;7;1400;7;1400;7;1214;1;-
2026/04/25;18:47:49;-;-; 57.74; 0.3;-; 77.2; 77.3; 17.0; 16.2; 0.8;2018; 0.3; 0.4; 0.4;15; 22.0;B;0;-;On;On;Off; 29.2; 26.6;0;7;1400;7;1400;7;1214;1;-
2026/04/25;18:48:49;-;-; 57.76; 0.5;-; 77.2; 77.4; 27.1; 26.3; 0.8;2018; 0.3; 0.4; 0.4;15; 22.0;B;0;-;On;On;Off; 29.2; 26.6;0;7;1400;7;1400;7;1214;1;-
2026/04/25;18:49:49;-;-; 57.78; 0.4;-; 77.5; 77.5; 25.5; 24.8; 0.8;2018; 0.3; 0.4; 0.4;15; 22.0;B;0;-;On;On;Off; 29.2; 26.6;0;7;1400;7;1400;7;1214;1;-
2026/04/25;18:50:49;-;-; 57.74; 0.2;-; 78.1; 77.6; 10.0; 9.3; 0.8;2018; 0.3; 0.4; 0.4;15; 22.0;B;0;-;On;On;Off; 29.2; 26.6;0;7;1400;7;1400;7;1214;1;-
2026/04/25;18:51:48;-;-; 57.76; 0.3;-; 78.8; 78.5; 16.2; 15.5; 0.8;2018; 0.3; 0.3; 0.3;15; 22.0;B;0;-;On;On;Off; 29.2; 26.6;0;7;1400;7;1400;7;1214;1;-
2026/04/25;18:52:48;-;-; 57.76; 0.4;-; 78.9; 78.7; 21.6; 20.9; 0.8;2018; 0.3; 0.3; 0.3;14; 22.0;B;0;-;On;On;Off; 29.2; 26.6;0;7;1400;7;1400;7;1214;1;-
2026/04/25;18:53:48;-;-; 57.74; 0.3;-; 78.9; 78.5; 18.5; 17.0; 1.5;2018; 0.3; 0.3; 0.3;14; 22.0;B;0;-;On;On;Off; 29.2; 26.6;0;7;1400;7;1400;7;1214;1;-
2026/04/25;18:54:48;-;-; 57.76; 0.4;-; 78.5; 78.3; 24.8; 24.0; 0.8;2018; 0.3; 0.3; 0.3;14; 22.0;B;0;-;On;On;Off; 29.2; 26.6;0;7;1400;7;1400;7;1214;1;-
2026/04/25;18:55:48;-;-; 57.74; 0.2;-; 75.0; 74.6; 11.6; 10.8; 0.8;2018; 0.3; 0.3; 0.3;15; 22.0;B;0;-;On;On;Off; 29.1; 26.6;0;7;1400;7;1400;7;1214;1;-
2026/04/25;18:56:48;-;-; 57.76; 0.3;-; 75.1; 74.8; 17.8; 17.0; 0.8;2018; 0.3; 0.4; 0.4;15; 22.0;B;0;-;On;On;Off; 29.1; 26.6;0;7;1400;7;1400;7;1214;1;-
2026/04/25;18:57:48;-;-; 57.74; 0.4;-; 78.0; 77.9; 23.2; 22.4; 0.8;2018; 0.3; 0.4; 0.4;15; 22.0;B;0;-;On;On;Off; 29.2; 26.6;0;7;1400;7;1400;7;1214;1;-
2026/04/25;18:58:48;-;-; 57.74; 0.4;-; 74.7; 75.1; 22.4; 21.7; 0.8;2018; 0.3; 0.4; 0.4;14; 22.0;B;0;-;On;On;Off; 29.1; 26.6;0;7;1400;7;1400;7;1214;1;-
2026/04/25;18:59:48;-;-; 57.76; 0.3;-; 78.9; 78.8; 20.1; 19.4; 0.8;2018; 0.3; 0.4; 0.4;14; 22.0;B;0;-;On;On;Off; 29.1; 26.6;0;7;1400;7;1400;7;1214;1;-
2026/04/25;19:00:48;-;-; 57.74; 0.4;-; 75.1; 75.3; 22.4; 21.7; 0.8;2018; 0.3; 0.4; 0.4;14; 22.0;B;0;-;On;On;Off; 29.1; 26.6;0;7;1400;7;1400;7;1214;1;-
2026/04/25;19:01:48;-;-; 57.74; 0.3;-; 75.3; 75.2; 17.0; 16.2; 0.8;2018; 0.3; 0.4; 0.4;15; 22.0;B;0;-;On;On;Off; 29.1; 26.6;0;7;1400;7;1400;7;1214;1;-
2026/04/25;19:02:48;-;-; 57.76; 0.4;-; 75.1; 75.3; 21.6; 20.9; 0.8;2019; 0.3; 0.4; 0.4;15; 22.1;B;0;-;On;On;Off; 29.1; 26.6;0;7;1400;7;1400;7;1214;1;-
2026/04/25;19:03:48;-;-; 57.76; 0.3;-; 75.5; 75.3; 16.2; 15.5; 0.8;2019; 0.3; 0.4; 0.4;15; 22.1;B;0;-;On;On;Off; 29.1; 26.6;0;7;1400;7;1400;7;1214;1;-
2026/04/25;19:04:48;-;-; 57.74; 0.3;-; 75.5; 75.4; 17.8; 17.0; 0.8;2019; 0.3; 0.4; 0.4;14; 22.1;B;0;-;On;On;Off; 29.1; 26.6;0;7;1400;7;1400;7;1214;1;-
2026/04/25;19:05:48;-;-; 57.76; 0.4;-; 77.2; 77.2; 24.8; 24.0; 0.8;2019; 0.3; 0.4; 0.4;14; 22.1;B;0;-;On;On;Off; 29.1; 26.6;0;7;1400;7;1400;7;1214;1;-
2026/04/25;19:06:47;-;-; 57.76; 0.3;-; 79.0; 78.9; 20.1; 19.4; 0.8;2019; 0.3; 0.4; 0.4;15; 22.1;B;0;-;On;On;Off; 29.2; 26.6;0;7;1400;7;1400;7;1214;1;-
2026/04/25;19:07:47;-;-; 57.76; 0.3;-; 78.7; 78.7; 19.3; 17.8; 1.5;2019; 0.3; 0.3; 0.3;14; 22.1;B;0;-;On;On;Off; 29.2; 26.6;0;7;1400;7;1400;7;1214;1;-
2026/04/25;19:08:47;-;-; 57.74; 0.4;-; 78.5; 78.6; 22.4; 20.9; 1.5;2019; 0.3; 0.3; 0.3;14; 22.1;B;0;-;On;On;Off; 29.2; 26.6;0;7;1400;7;1400;7;1214;1;-
2026/04/25;19:09:47;-;-; 57.76; 0.4;-; 78.3; 78.5; 23.2; 21.7; 1.5;2019; 0.2; 0.3; 0.3;14; 22.1;B;0;-;On;On;Off; 29.2; 26.6;0;7;1400;7;1400;7;1214;1;-
2026/04/25;19:10:47;-;-; 57.76; 0.3;-; 78.3; 78.2; 18.6; 17.8; 0.8;2019; 0.3; 0.3; 0.3;14; 22.1;B;0;-;On;On;Off; 29.2; 26.6;0;7;1400;7;1400;7;1214;1;-
2026/04/25;19:11:47;-;-; 57.76; 0.3;-; 78.2; 78.0; 18.6; 17.8; 0.8;2019; 0.3; 0.3; 0.3;14; 22.1;B;0;-;On;On;Off; 29.2; 26.6;0;7;1400;7;1400;7;1214;1;-
2026/04/25;19:12:47;-;-; 57.74; 0.4;-; 77.8; 78.0; 20.9; 20.1; 0.8;2019; 0.2; 0.3; 0.3;14; 22.1;B;0;-;On;On;Off; 29.2; 26.6;0;7;1400;7;1400;7;1214;1;-
2026/04/25;19:13:47;-;-; 57.74; 0.4;-; 77.9; 77.9; 20.9; 19.4; 1.5;2019; 0.3; 0.4; 0.4;14; 22.1;B;0;-;On;On;Off; 29.2; 26.6;0;7;1400;7;1400;7;1214;1;-
2026/04/25;19:14:47;-;-; 57.74; 0.3;-; 78.0; 78.0; 17.0; 16.2; 0.8;2019; 0.3; 0.3; 0.3;14; 22.1;B;0;-;On;On;Off; 29.2; 26.6;0;7;1400;7;1400;7;1214;1;-
2026/04/25;19:15:47;-;-; 57.74; 0.2;-; 78.0; 77.8; 13.9; 13.1; 0.8;2019; 0.3; 0.3; 0.3;14; 22.1;B;0;-;On;On;Off; 29.2; 26.6;0;7;1400;7;1400;7;1214;1;-
2026/04/25;19:16:47;-;-; 57.74; 0.4;-; 77.5; 77.7; 21.6; 20.9; 0.8;2019; 0.3; 0.3; 0.3;14; 22.1;B;0;-;On;On;Off; 29.2; 26.6;0;7;1400;7;1400;7;1214;1;-
2026/04/25;19:17:47;-;-; 57.76; 0.4;-; 77.5; 77.5; 24.8; 24.0; 0.8;2019; 0.3; 0.4; 0.4;14; 22.1;B;0;-;On;On;Off; 29.2; 26.6;0;7;1400;7;1400;7;1214;1;-
2026/04/25;19:18:47;-;-; 57.74; 0.3;-; 77.5; 77.4; 17.0; 16.2; 0.8;2019; 0.3; 0.4; 0.4;14; 22.1;B;0;-;On;On;Off; 29.2; 26.6;0;7;1400;7;1400;7;1214;1;-
2026/04/25;19:19:47;-;-; 57.74; 0.4;-; 77.2; 77.5; 24.0; 23.3; 0.8;2019; 0.3; 0.4; 0.4;15; 22.1;B;0;-;On;On;Off; 29.2; 26.6;0;7;1400;7;1400;7;1214;1;-
2026/04/25;19:20:47;-;-; 57.76; 0.4;-; 77.3; 77.5; 21.6; 20.9; 0.8;2019; 0.3; 0.4; 0.4;14; 22.1;B;0;-;On;On;Off; 29.2; 26.6;0;7;1400;7;1400;7;1214;1;-
2026/04/25;19:21:47;-;-; 57.74; 0.3;-; 77.3; 77.4; 19.3; 18.6; 0.8;2019; 0.3; 0.4; 0.4;14; 22.1;B;0;-;On;On;Off; 29.2; 26.6;0;7;1400;7;1400;7;1214;1;-
2026/04/25;19:22:46;-;-; 57.74; 0.3;-; 77.3; 77.4; 17.0; 15.5; 1.5;2019; 0.3; 0.4; 0.4;14; 22.2;B;0;-;On;On;Off; 29.2; 26.6;0;7;1400;7;1400;7;1214;1;-
2026/04/25;19:23:46;-;-; 57.76; 0.4;-; 77.1; 77.4; 23.2; 22.4; 0.8;2019; 0.3; 0.4; 0.4;14; 22.2;B;0;-;On;On;Off; 29.2; 26.6;0;7;1400;7;1400;7;1214;1;-
2026/04/25;19:24:46;-;-; 57.74; 0.4;-; 77.0; 77.3; 21.6; 20.9; 0.8;2019; 0.3; 0.4; 0.4;14; 22.2;B;0;-;On;On;Off; 29.2; 26.6;0;7;1400;7;1400;7;1214;1;-
2026/04/25;19:25:46;-;-; 57.74; 0.4;-; 77.0; 77.3; 24.0; 23.3; 0.8;2019; 0.3; 0.4; 0.4;14; 22.2;B;0;-;On;On;Off; 29.2; 26.6;0;7;1400;7;1400;7;1214;1;-
2026/04/25;19:26:46;-;-; 57.74; 0.4;-; 76.9; 77.3; 20.9; 20.1; 0.8;2019; 0.3; 0.4; 0.4;15; 22.2;B;0;-;On;On;Off; 29.2; 26.6;0;7;1400;7;1400;7;1214;1;-
2026/04/25;19:27:46;-;-; 57.74; 0.4;-; 76.7; 77.3; 23.2; 22.4; 0.8;2019; 0.3; 0.4; 0.4;15; 22.2;B;0;-;On;On;Off; 29.2; 26.6;0;7;1400;7;1400;7;1214;1;-
2026/04/25;19:28:46;-;-; 57.76; 0.4;-; 72.4; 73.2; 24.8; 24.0; 0.8;2019; 0.3; 0.4; 0.4;15; 22.2;B;0;-;On;On;Off; 29.2; 26.6;0;7;1400;7;1400;7;1214;1;-
2026/04/25;19:29:46;-;-; 57.74; 0.3;-; 76.9; 77.4; 19.3; 18.6; 0.8;2019; 0.3; 0.4; 0.4;15; 22.2;B;0;-;On;On;Off; 29.2; 26.6;0;7;1400;7;1400;7;1214;1;-
2026/04/25;19:30:46;-;-; 57.76; 0.4;-; 75.1; 76.5; 24.8; 24.0; 0.8;2019; 0.3; 0.4; 0.4;14; 22.2;B;0;-;On;On;Off; 29.2; 26.6;0;7;1400;7;1400;7;1214;1;-
2026/04/25;19:31:46;-;-; 57.74; 0.3;-; 76.2; 76.9; 17.8; 17.0; 0.8;2019; 0.3; 0.4; 0.4;14; 22.2;B;0;-;On;On;Off; 29.1; 26.6;0;7;1400;7;1400;7;1214;1;-
2026/04/25;19:32:46;-;-; 57.76; 0.4;-; 76.7; 77.4; 24.8; 24.0; 0.8;2019; 0.3; 0.4; 0.4;14; 22.2;B;0;-;On;On;Off; 29.2; 26.6;0;7;1400;7;1400;7;1214;1;-
2026/04/25;19:33:46;-;-; 57.76; 0.4;-; 76.7; 77.2; 20.9; 20.1; 0.8;2019; 0.3; 0.4; 0.4;14; 22.2;B;0;-;On;On;Off; 29.2; 26.6;0;7;1400;7;1400;7;1214;1;-
2026/04/25;19:34:46;-;-; 57.74; 0.3;-; 77.0; 77.5; 17.0; 16.2; 0.8;2019; 0.3; 0.4; 0.4;14; 22.2;B;0;-;On;On;Off; 29.2; 26.6;0;7;1400;7;1400;7;1214;1;-
2026/04/25;19:35:46;-;-; 57.74; 0.4;-; 76.2; 76.9; 22.4; 21.7; 0.8;2019; 0.3; 0.4; 0.4;14; 22.2;B;0;-;On;On;Off; 29.2; 26.6;0;7;1400;7;1400;7;1214;1;-
2026/04/25;19:36:46;-;-; 57.76; 0.4;-; 76.5; 77.5; 23.2; 22.4; 0.8;2019; 0.3; 0.4; 0.4;14; 22.2;B;0;-;On;On;Off; 29.2; 26.6;0;7;1400;7;1400;7;1214;1;-
2026/04/25;19:37:45;-;-; 57.76; 0.4;-; 76.7; 77.3; 23.2; 22.4; 0.8;2019; 0.3; 0.4; 0.4;14; 22.2;B;0;-;On;On;Off; 29.2; 26.6;0;7;1400;7;1400;7;1214;1;-
2026/04/25;19:38:45;-;-; 57.74; 0.2;-; 77.1; 77.4; 13.9; 13.1; 0.8;2019; 0.3; 0.4; 0.4;14; 22.2;B;0;-;On;On;Off; 29.2; 26.6;0;7;1400;7;1400;7;1214;1;-
2026/04/25;19:39:45;-;-; 57.74; 0.2;-; 77.1; 77.1; 13.1; 12.4; 0.8;2019; 0.3; 0.4; 0.4;14; 22.2;B;0;-;On;On;Off; 29.2; 26.6;0;7;1400;7;1400;7;1214;1;-
2026/04/25;19:40:45;-;-; 57.74; 0.3;-; 76.7; 77.1; 19.3; 18.6; 0.8;2019; 0.3; 0.4; 0.4;15; 22.2;B;0;-;On;On;Off; 29.2; 26.6;0;7;1400;7;1400;7;1214;1;-
2026/04/25;19:41:45;-;-; 57.74; 0.4;-; 76.2; 77.2; 23.2; 22.4; 0.8;2019; 0.3; 0.4; 0.4;15; 22.2;B;0;-;On;On;Off; 29.1; 26.6;0;7;1400;7;1400;7;1214;1;-
2026/04/25;19:42:45;-;-; 57.76; 0.4;-; 76.1; 77.1; 21.6; 20.9; 0.8;2019; 0.3; 0.4; 0.4;14; 22.2;B;0;-;On;On;Off; 29.2; 26.6;0;7;1400;7;1400;7;1214;1;-
2026/04/25;19:43:45;-;-; 57.74; 0.3;-; 76.1; 77.0; 19.3; 18.6; 0.8;2019; 0.3; 0.4; 0.4;14; 22.2;B;0;-;On;On;Off; 29.1; 26.6;0;7;1400;7;1400;7;1214;1;-
2026/04/25;19:44:45;-;-; 57.74; 0.2;-; 76.5; 76.9; 13.9; 13.1; 0.8;2019; 0.3; 0.4; 0.4;15; 22.2;B;0;-;On;On;Off; 29.1; 26.6;0;7;1400;7;1400;7;1214;1;-
2026/04/25;19:45:45;-;-; 57.74; 0.5;-; 75.9; 76.8; 28.6; 27.9; 0.8;2019; 0.3; 0.4; 0.4;14; 22.2;B;0;-;On;On;Off; 29.1; 26.6;0;7;1400;7;1400;7;1214;1;-
2026/04/25;19:46:45;-;-; 57.76; 0.3;-; 76.2; 76.7; 19.3; 18.6; 0.8;2019; 0.3; 0.4; 0.4;14; 22.2;B;0;-;On;On;Off; 29.1; 26.6;0;7;1400;7;1400;7;1214;1;-
2026/04/25;19:47:45;-;-; 57.74; 0.3;-; 76.4; 76.0; 15.4; 14.7; 0.8;2019; 0.3; 0.4; 0.4;14; 22.2;B;0;-;On;On;Off; 29.1; 26.6;0;7;1400;7;1400;7;1214;1;-
2026/04/25;19:48:45;-;-; 57.76; 0.4;-; 76.2; 75.8; 20.9; 20.1; 0.8;2019; 0.3; 0.4; 0.4;14; 22.2;B;0;-;On;On;Off; 29.1; 26.6;0;7;1400;7;1400;7;1214;1;-
2026/04/25;19:49:45;-;-; 57.76; 0.4;-; 76.1; 75.3; 24.0; 23.3; 0.8;2019; 0.2; 0.4; 0.4;14; 22.1;B;0;-;On;On;Off; 29.1; 26.6;0;7;1400;7;1400;7;1214;1;-
2026/04/25;19:50:45;-;-; 57.74; 0.3;-; 76.5; 75.8; 15.4; 14.7; 0.8;2019; 0.3; 0.4; 0.4;14; 22.1;B;0;-;On;On;Off; 29.1; 26.6;0;7;1400;7;1400;7;1214;1;-
2026/04/25;19:51:45;-;-; 57.74; 0.3;-; 76.0; 75.1; 18.6; 17.8; 0.8;2019; 0.3; 0.4; 0.4;14; 22.1;B;0;-;On;On;Off; 29.1; 26.6;0;7;1400;7;1400;7;1214;1;-
2026/04/25;19:52:44;-;-; 57.74; 0.3;-; 75.8; 75.3; 17.8; 17.0; 0.8;2019; 0.3; 0.4; 0.4;14; 22.1;B;0;-;On;On;Off; 29.1; 26.6;0;7;1400;7;1400;7;1214;1;-
2026/04/25;19:53:44;-;-; 57.76; 0.4;-; 75.3; 74.8; 22.4; 21.7; 0.8;2019; 0.3; 0.4; 0.4;14; 22.1;B;0;-;On;On;Off; 29.1; 26.6;0;7;1400;7;1400;7;1214;1;-
2026/04/25;19:54:44;-;-; 57.74; 0.3;-; 74.8; 74.7; 19.3; 18.6; 0.8;2019; 0.3; 0.4; 0.4;14; 22.1;B;0;-;On;On;Off; 29.1; 26.5;0;7;1400;7;1400;7;1214;1;-
2026/04/25;19:55:44;-;-; 57.74; 0.4;-; 73.9; 74.7; 24.0; 23.3; 0.8;2019; 0.3; 0.4; 0.4;14; 22.1;B;0;-;On;On;Off; 29.1; 26.5;0;7;1400;7;1400;7;1214;1;-
2026/04/25;19:56:44;-;-; 57.74; 0.3;-; 71.4; 72.9; 20.1; 19.4; 0.8;2019; 0.3; 0.4; 0.4;14; 22.1;B;0;-;On;On;Off; 29.1; 26.5;0;7;1400;7;1400;7;1214;1;-
2026/04/25;19:57:44;-;-; 57.76; 0.4;-; 72.4; 73.6; 20.9; 20.1; 0.8;2019; 0.3; 0.4; 0.4;15; 22.1;B;0;-;On;On;Off; 29.1; 26.5;0;7;1400;7;1400;7;1214;1;-
2026/04/25;19:58:44;-;-; 57.76; 0.4;-; 74.9; 74.7; 20.9; 20.1; 0.8;2019; 0.3; 0.4; 0.4;14; 22.1;B;0;-;On;On;Off; 29.1; 26.5;0;7;1400;7;1400;7;1214;1;-
2026/04/25;19:59:44;-;-; 57.76; 0.4;-; 72.3; 73.4; 22.4; 21.7; 0.8;2019; 0.3; 0.4; 0.4;14; 22.1;B;0;-;On;On;Off; 29.0; 26.5;0;7;1400;7;1400;7;1214;1;-
2026/04/25;20:00:44;-;-; 57.76; 0.4;-; 71.3; 73.0; 21.6; 20.9; 0.8;2019; 0.3; 0.4; 0.4;15; 22.1;B;0;-;On;On;Off; 29.0; 26.5;0;7;1400;7;1400;7;1214;1;-
2026/04/25;20:01:44;-;-; 57.74; 0.4;-; 70.7; 73.0; 21.6; 20.9; 0.8;2019; 0.3; 0.4; 0.4;15; 22.1;B;0;-;On;On;Off; 29.0; 26.5;0;7;1400;7;1400;7;1214;1;-
2026/04/25;20:02:44;-;-; 57.76; 0.3;-; 71.8; 72.7; 17.8; 17.8; 0.0;2020; 0.3; 0.4; 0.4;16; 22.1;B;0;-;On;On;Off; 29.0; 26.5;0;7;1400;7;1400;7;1214;1;-
2026/04/25;20:03:44;-;-; 57.74; 0.4;-; 70.4; 73.0; 23.2; 22.4; 0.8;2020; 0.3; 0.4; 0.4;16; 22.1;B;0;-;On;On;Off; 29.0; 26.5;0;7;1400;7;1400;7;1214;1;-
2026/04/25;20:04:44;-;-; 57.74; 0.4;-; 70.5; 72.7; 22.4; 21.7; 0.8;2020; 0.3; 0.4; 0.4;16; 22.1;B;0;-;On;On;Off; 29.0; 26.5;0;7;1400;7;1400;7;1214;1;-
2026/04/25;20:05:44;-;-; 57.74; 0.4;-; 70.3; 72.8; 22.4; 21.7; 0.8;2020; 0.3; 0.4; 0.4;15; 22.1;B;0;-;On;On;Off; 29.0; 26.5;0;7;1400;7;1400;7;1214;1;-
2026/04/25;20:06:44;-;-; 57.76; 0.3;-; 70.5; 72.8; 20.1; 20.1; 0.0;2020; 0.3; 0.4; 0.4;15; 22.1;B;0;-;On;On;Off; 29.0; 26.5;0;7;1400;7;1400;7;1214;1;-
2026/04/25;20:07:44;-;-; 57.76; 0.3;-; 70.9; 72.7; 19.3; 18.6; 0.8;2020; 0.3; 0.4; 0.4;15; 22.1;B;0;-;On;On;Off; 29.0; 26.5;0;7;1400;7;1400;7;1214;1;-
2026/04/25;20:08:43;-;-; 57.74; 0.3;-; 71.8; 72.7; 15.4; 14.7; 0.8;2020; 0.3; 0.4; 0.4;14; 22.1;B;0;-;On;On;Off; 28.9; 26.4;0;7;1400;7;1400;7;1214;1;-
2026/04/25;20:09:43;-;-; 57.74; 0.4;-; 69.8; 72.8; 22.4; 21.7; 0.8;2020; 0.3; 0.4; 0.4;15; 22.1;B;0;-;On;On;Off; 28.9; 26.4;0;7;1400;7;1400;7;1214;1;-
2026/04/25;20:10:43;-;-; 57.76; 0.4;-; 69.6; 72.7; 22.4; 21.7; 0.8;2020; 0.3; 0.4; 0.4;15; 22.1;B;0;-;On;On;Off; 28.9; 26.4;0;7;1400;7;1400;7;1214;1;-
2026/04/25;20:11:43;-;-; 57.76; 0.4;-; 69.9; 72.6; 20.9; 20.9; 0.0;2020; 0.3; 0.4; 0.4;15; 22.1;B;0;-;On;On;Off; 28.9; 26.4;0;7;1400;7;1400;7;1214;1;-
2026/04/25;20:12:43;-;-; 57.74; 0.4;-; 69.6; 72.6; 22.4; 21.7; 0.8;2020; 0.3; 0.4; 0.4;15; 22.1;B;0;-;On;On;Off; 28.9; 26.4;0;7;1400;7;1400;7;1214;1;-
2026/04/25;20:13:43;-;-; 57.76; 0.3;-; 70.0; 72.7; 19.4; 19.4; 0.0;2020; 0.3; 0.4; 0.4;15; 22.1;B;0;-;On;On;Off; 28.9; 26.4;0;7;1400;7;1400;7;1214;1;-
2026/04/25;20:14:43;-;-; 57.76; 0.4;-; 69.5; 72.6; 20.9; 20.9; 0.0;2020; 0.3; 0.4; 0.4;15; 22.1;B;0;-;On;On;Off; 28.9; 26.4;0;7;1400;7;1400;7;1214;1;-
2026/04/25;20:15:43;-;-; 57.76; 0.4;-; 69.5; 72.5; 21.6; 20.9; 0.8;2020; 0.3; 0.4; 0.4;15; 22.1;B;0;-;On;On;Off; 28.9; 26.4;0;7;1400;7;1400;7;1214;1;-
2026/04/25;20:16:43;-;-; 57.72; 0.3;-; 69.6; 72.5; 20.1; 20.1; 0.0;2020; 0.3; 0.4; 0.4;15; 22.1;B;0;-;On;On;Off; 28.9; 26.4;0;7;1400;7;1400;7;1214;1;-
2026/04/25;20:17:43;-;-; 54.11; 0.2;-; 71.7; 72.5; 10.8; 10.1; 0.7;2020; 0.2; 0.3; 0.3;13; 22.0;B;0;-;On;On;Off; 28.8; 26.4;0;7;1400;7;1400;7;1214;1;-
2026/04/25;20:18:43;-;-; 53.74; 0.3;-; 72.5; 69.9; 16.5; 0.7; 15.8;2020;-0.1; 0.2; 0.2;-3; 22.1;B;0;-;On;On;Off; 27.1; 26.3;0;7;1400;7;1400;7;1214;1;-
2026/04/25;20:19:43;-;-; 53.70; 0.2;-; 72.6; 71.2; 12.2; 0.7; 11.5;2020;-0.1; 0.1; 0.1;-3; 22.1;B;0;-;On;On;Off; 26.8; 28.0;0;7;1400;7;1400;7;1214;1;-
2026/04/25;20:20:43;-;-; 53.72; 0.3;-; 70.1; 72.2; 15.8; 15.1; 0.7;2020; 0.2; 0.3; 0.3;7; 22.0;B;0;-;On;On;Off; 28.7; 27.2;0;7;1400;7;1400;7;1214;1;-
2026/04/25;20:21:43;-;-; 53.60; 0.0;-; 72.4; 72.2; 0.7; 0.0; 0.7;2020; 0.3; 0.4; 0.4;15; 22.1;B;0;-;On;On;Off; 28.0; 26.5;0;7;1400;7;1400;7;1214;1;-
2026/04/25;20:22:43;-;-; 53.50; 0.3;-; 72.2; 69.7; 15.0; 0.0; 15.0;2020; 0.0; 0.2; 0.2;0; 22.1;B;0;-;On;On;Off; 26.8; 27.9;0;7;1400;7;1400;7;1214;1;-
2026/04/25;20:23:42;-;-; 53.50; 0.3;-; 69.9; 72.1; 15.8; 15.1; 0.7;2020; 0.1; 0.2; 0.2;3; 22.1;B;0;-;On;On;Off; 28.4; 28.2;0;7;1400;7;1400;7;1214;1;-
2026/04/25;20:24:42;-;-; 53.46; 0.3;-; 69.8; 72.0; 15.7; 15.0; 0.7;2020; 0.3; 0.4; 0.4;15; 22.1;B;0;-;On;On;Off; 28.7; 26.5;0;7;1400;7;1400;7;1214;1;-
2026/04/25;20:25:42;-;-; 53.38; 0.3;-; 72.3; 69.5; 15.0; 0.0; 15.0;2020; 0.1; 0.3; 0.3;5; 22.0;B;0;-;On;On;Off; 26.8; 27.3;0;7;1400;7;1400;7;1214;1;-
2026/04/25;20:26:42;-;-; 53.34; 0.6;-; 69.6; 69.4; 30.0; 15.0; 15.0;2020;-0.0; 0.1; 0.1;-2; 22.0;B;0;-;On;On;Off; 27.4; 28.1;0;7;1400;7;1400;7;1214;1;-
2026/04/25;20:27:42;-;-; 53.34; 0.3;-; 69.6; 72.0; 15.7; 15.0; 0.7;2020; 0.2; 0.4; 0.4;12; 22.1;B;0;-;On;On;Off; 28.7; 26.7;0;7;1400;7;1400;7;1214;1;-
2026/04/25;20:28:42;-;-; 53.26; 0.0;-; 71.9; 72.0; 0.7; 0.0; 0.7;2020; 0.2; 0.3; 0.3;9; 22.0;B;0;-;On;On;Off; 27.2; 26.4;0;7;1400;7;1400;7;1214;1;-
2026/04/25;20:29:42;-;-; 53.26; 0.3;-; 72.0; 69.4; 15.0; 0.7; 14.3;2020;-0.1; 0.1; 0.1;-3; 22.0;B;0;-;On;On;Off; 26.8; 28.0;0;7;1400;7;1400;7;1214;1;-
2026/04/25;20:30:42;-;-; 53.26; 0.3;-; 69.5; 71.7; 14.2; 13.5; 0.7;2020; 0.1; 0.3; 0.3;5; 22.1;B;0;-;On;On;Off; 28.6; 27.4;0;7;1400;7;1400;7;1214;1;-
2026/04/25;20:31:42;-;-; 53.22; 0.0;-; 71.8; 71.6; 1.4; 0.0; 1.4;2020; 0.2; 0.4; 0.4;11; 22.1;B;0;-;On;On;Off; 28.3; 26.5;0;7;1400;7;1400;7;1214;1;-
2026/04/25;20:32:42;-;-; 53.18; 0.2;-; 71.6; 69.3; 12.8; 0.0; 12.8;2020; 0.0; 0.2; 0.2;0; 22.1;B;0;-;On;On;Off; 26.7; 27.7;0;7;1400;7;1400;7;1214;1;-
2026/04/25;20:33:42;-;-; 53.16; 0.5;-; 69.3; 69.4; 25.7; 12.8; 12.8;2020; 0.0; 0.2; 0.2;0; 22.0;B;0;-;On;On;Off; 28.2; 28.1;0;7;1400;7;1400;7;1214;1;-
2026/04/25;20:34:42;-;-; 53.16; 0.3;-; 69.4; 71.5; 13.5; 12.8; 0.7;2020; 0.2; 0.4; 0.4;9; 22.1;B;0;-;On;On;Off; 28.7; 26.5;0;7;1400;7;1400;7;1214;1;-
2026/04/25;20:35:42;-;-; 53.12; 0.2;-; 71.5; 69.3; 12.8; 0.7; 12.1;2020; 0.0; 0.2; 0.2;2; 22.1;B;0;-;On;On;Off; 26.9; 26.8;0;7;1400;7;1400;7;1214;1;-
2026/04/25;20:36:42;-;-; 53.10; 0.4;-; 69.4; 70.5; 20.6; 12.1; 8.5;2020;-0.1; 0.1; 0.1;-5; 22.1;B;0;-;On;On;Off; 26.9; 28.0;0;7;1400;7;1400;7;1214;1;-
2026/04/25;20:37:42;-;-; 53.10; 0.2;-; 69.3; 71.1; 12.1; 11.4; 0.7;2020; 0.1; 0.3; 0.3;3; 22.1;B;0;-;On;On;Off; 28.7; 26.8;0;7;1400;7;1400;7;1214;1;-
2026/04/25;20:38:41;-;-; 53.06; 0.0;-; 71.1; 71.1; 0.7; 0.0; 0.7;2020; 0.1; 0.3; 0.3;3; 22.0;B;0;-;On;On;Off; 27.4; 26.4;0;7;1400;7;1400;7;1214;1;-
2026/04/25;20:39:41;-;-; 53.04; 0.2;-; 71.0; 69.1; 11.4; 0.0; 11.4;2020;-0.1; 0.1; 0.1;-5; 22.1;B;0;-;On;On;Off; 26.7; 27.9;0;7;1400;7;1400;7;1214;1;-
2026/04/25;20:40:41;-;-; 53.04; 0.2;-; 69.1; 70.9; 11.4; 10.7; 0.7;2020;-0.0; 0.2; 0.2;-1; 22.1;B;0;-;On;On;Off; 28.5; 27.8;0;7;1400;7;1400;7;1214;1;-
2026/04/25;20:41:41;-;-; 53.01; 0.0;-; 70.8; 70.8; 0.7; 0.0; 0.7;2020; 0.1; 0.3; 0.3;3; 22.0;B;0;-;On;On;Off; 28.6; 26.4;0;7;1400;7;1400;7;1214;1;-
2026/04/25;20:42:41;-;-; 52.99; 0.2;-; 70.7; 69.0; 9.9; 0.0; 9.9;2020;-0.1; 0.2; 0.2;-2; 22.1;B;0;-;On;On;Off; 26.7; 27.6;0;7;1400;7;1400;7;1214;1;-
2026/04/25;20:43:41;-;-; 52.97; 0.4;-; 69.1; 68.8; 19.8; 9.9; 9.9;2020;-0.1; 0.1; 0.1;-4; 22.1;B;0;-;On;On;Off; 27.9; 28.1;0;7;1400;7;1400;7;1214;1;-
2026/04/25;20:44:41;-;-; 52.95; 0.2;-; 69.1; 70.4; 9.9; 9.2; 0.7;2020; 0.0; 0.3; 0.3;1; 22.0;B;0;-;On;On;Off; 28.6; 26.6;0;7;1400;7;1400;7;1214;1;-
2026/04/25;20:45:41;-;-; 52.93; 0.2;-; 70.4; 68.9; 9.2; 0.0; 9.2;2020;-0.1; 0.2; 0.2;-2; 22.0;B;0;-;On;On;Off; 26.9; 26.4;0;7;1400;7;1400;7;1214;1;-
2026/04/25;20:46:41;-;-; 52.89; 0.2;-; 70.7; 68.9; 12.0; 4.2; 7.8;2020;-0.1; 0.1; 0.1;-6; 22.1;B;0;-;On;On;Off; 26.7; 28.0;0;7;1400;7;1400;7;1214;1;-
2026/04/25;20:47:41;-;-; 52.89; 0.2;-; 69.0; 70.1; 8.5; 8.5; 0.0;2020;-0.1; 0.2; 0.2;-3; 22.0;B;0;-;On;On;Off; 28.6; 26.9;0;7;1400;7;1400;7;1214;1;-
2026/04/25;20:48:41;-;-; 52.87; 0.0;-; 70.0; 70.0; 0.7; 0.0; 0.7;2020;-0.1; 0.2; 0.2;-3; 22.0;B;0;-;On;On;Off; 27.6; 26.4;0;7;1400;7;1400;7;1214;1;-
2026/04/25;20:49:41;-;-; 52.85; 0.1;-; 70.0; 68.8; 7.8; 0.0; 7.8;2020;-0.1; 0.1; 0.1;-7; 22.0;B;0;-;On;On;Off; 26.7; 27.8;0;7;1400;7;1400;7;1214;1;-
2026/04/25;20:50:41;-;-; 52.81; 0.2;-; 69.0; 69.5; 8.5; 7.8; 0.7;2020;-0.1; 0.1; 0.1;-6; 22.0;B;0;-;On;On;Off; 28.3; 28.1;0;7;1400;7;1400;7;1214;1;-
2026/04/25;20:51:41;-;-; 52.81; 0.1;-; 68.9; 69.3; 7.8; 7.1; 0.7;2020;-0.1; 0.2; 0.2;-5; 22.0;B;0;-;On;On;Off; 28.6; 26.4;0;7;1400;7;1400;7;1214;1;-
2026/04/25;20:52:41;-;-; 52.79; 0.1;-; 69.2; 68.8; 7.8; 0.7; 7.1;2020;-0.2; 0.1; 0.1;-9; 22.0;B;0;-;On;On;Off; 26.7; 27.4;0;7;1400;7;1400;7;1214;1;-
2026/04/25;20:53:41;-;-; 52.73; 0.2;-; 68.8; 68.6; 12.0; 5.6; 6.3;2020;-0.2; 0.1; 0.1;-9; 22.0;B;0;-;On;On;Off; 27.4; 28.0;0;7;1400;7;1400;7;1214;1;-
2026/04/25;20:54:40;-;-; 52.71; 0.1;-; 69.1; 68.5; 4.9; 4.2; 0.7;2020;-0.2; 0.2; 0.2;-10; 22.0;B;0;-;On;On;Off; 28.6; 26.6;0;7;1400;7;1400;7;1214;1;-
2026/04/25;20:55:40;-;-; 52.73; 0.0;-; 68.5; 68.4; 0.7; 0.0; 0.7;2020;-0.2; 0.1; 0.1;-12; 22.0;B;0;-;On;On;Off; 27.0; 26.3;0;7;1400;7;1400;7;1214;1;-
2026/04/25;20:56:40;-;-; 52.67; 0.1;-; 68.2; 68.7; 5.6; 0.0; 5.6;2020;-0.2; 0.1; 0.1;-10; 22.0;B;0;-;On;On;Off; 26.7; 27.9;0;7;1400;7;1400;7;1214;1;-
2026/04/25;20:57:40;-;-; 52.65; 0.1;-; 68.8; 67.7; 4.9; 4.2; 0.7;2020;-0.2; 0.1; 0.1;-12; 22.0;B;0;-;On;On;Off; 28.5; 27.1;0;7;1400;7;1400;7;1214;1;-
2026/04/25;20:58:40;-;-; 52.65; 0.0;-; 67.7; 67.5; 1.4; 0.0; 1.4;2020;-0.3; 0.1; 0.1;-15; 22.0;B;0;-;On;On;Off; 28.0; 26.4;0;7;1400;7;1400;7;1214;1;-
2026/04/25;20:59:40;-;-; 52.61; 0.1;-; 67.6; 68.5; 4.9; 0.0; 4.9;2020;-0.3; 0.1; 0.1;-12; 22.0;B;0;-;On;On;Off; 26.7; 27.7;0;7;1400;7;1400;7;1214;1;-
2026/04/25;21:00:40;-;-; 52.53; 0.1;-; 70.2; 68.4; 4.9; 0.7; 4.2;2020;-0.2; 0.1; 0.1;-12; 22.0;B;0;-;On;On;Off; 28.2; 28.1;0;7;1400;7;1400;7;1214;1;-
2026/04/25;21:01:40;-;-; 52.55; 0.1;-; 68.5; 67.2; 4.2; 3.5; 0.7;2020;-0.3; 0.1; 0.1;-17; 22.0;B;0;-;On;On;Off; 28.6; 26.4;0;7;1400;7;1400;7;1214;1;-
2026/04/25;21:02:40;-;-; 52.55; 0.1;-; 67.2; 68.6; 4.2; 0.0; 4.2;2021;-0.3; 0.1; 0.1;-14; 22.0;B;0;-;On;On;Off; 26.7; 27.0;0;7;1400;7;1400;7;1214;1;-
2026/04/25;21:03:40;-;-; 52.51; 0.0;-; 70.1; 69.9; 0.7; 0.7; 0.0;2021;-0.2; 0.1; 0.1;-11; 22.0;B;0;-;On;On;Off; 26.9; 28.0;0;7;1400;7;1400;7;1214;1;-
2026/04/25;21:04:40;-;-; 52.49; 0.1;-; 68.5; 66.8; 4.2; 3.5; 0.7;2021;-0.3; 0.1; 0.1;-15; 22.0;B;0;-;On;On;Off; 28.6; 26.6;0;7;1400;7;1400;7;1214;1;-
2026/04/25;21:05:40;-;-; 52.53; 0.0;-; 66.7; 66.6; 0.7; 0.0; 0.7;2021;-0.3; 0.1; 0.1;-17; 22.0;B;0;-;On;On;Off; 27.1; 26.3;0;7;1400;7;1400;7;1214;1;-
2026/04/25;21:06:40;-;-; 52.55; 0.0;-; 66.6; 66.5; 0.7; 0.0; 0.7;2021;-0.2; 0.0; 0.0;-12; 22.0;B;0;-;On;On;Off; 26.4; 26.0;0;7;1400;7;1400;7;1214;1;-
2026/04/25;21:07:40;-;-; 52.55; 0.0;-; 66.2; 66.1; 0.7; 0.0; 0.7;2021;-0.2; 0.0; 0.0;-10; 22.0;B;0;-;On;On;Off; 26.3; 25.9;0;7;1400;7;1400;7;1214;1;-
2026/04/25;21:08:40;-;-; 52.57; 0.0;-; 65.9; 65.7; 0.7; 0.0; 0.7;2021;-0.2; 0.0; 0.0;-10; 22.0;B;0;-;On;On;Off; 26.1; 25.7;0;7;1400;7;1400;7;1214;1;-
2026/04/25;21:09:39;-;-; 52.59; 0.0;-; 65.8; 65.6; 0.7; 0.0; 0.7;2021;-0.2; 0.0; 0.0;-10; 22.0;B;0;-;On;On;Off; 26.0; 25.6;0;7;1400;7;1400;7;1214;1;-
2026/04/25;21:10:39;-;-; 52.59; 0.0;-; 65.4; 65.4; 0.7; 0.0; 0.7;2021;-0.2; 0.0; 0.0;-10; 22.0;B;0;-;On;On;Off; 25.9; 25.5;0;7;1400;7;1400;7;1214;1;-
2026/04/25;21:11:39;-;-; 52.59; 0.0;-; 65.2; 65.0; 0.7; 0.0; 0.7;2021;-0.2; 0.0; 0.0;-9; 22.0;B;0;-;On;On;Off; 25.8; 25.4;0;7;1400;7;1400;7;1214;1;-
2026/04/25;21:12:39;-;-; 52.59; 0.0;-; 64.9; 64.8; 1.4; 0.7; 0.7;2021;-0.2; 0.0; 0.0;-9; 22.0;B;0;-;On;On;Off; 25.7; 25.4;0;7;1400;7;1400;7;1214;1;-
2026/04/25;21:13:39;-;-; 52.61; 0.0;-; 64.5; 64.3; 0.0; 0.0; 0.0;2021;-0.2; 0.0; 0.0;-9; 22.0;B;0;-;On;On;Off; 25.6; 25.2;0;7;1400;7;1400;7;1214;1;-
2026/04/25;21:14:39;-;-; 52.61; 0.0;-; 63.8; 63.7; 0.7; 0.0; 0.7;2021;-0.2; 0.0; 0.0;-9; 22.0;B;0;-;On;On;Off; 25.6; 25.1;0;7;1400;7;1400;7;1214;1;-
2026/04/25;21:15:39;-;-; 52.63; 0.0;-; 63.7; 63.5; 0.7; 0.0; 0.7;2021;-0.2; 0.0; 0.0;-10; 22.0;B;0;-;On;On;Off; 25.4; 25.0;0;7;1400;7;1400;7;1214;1;-
2026/04/25;21:16:39;-;-; 52.61; 0.0;-; 63.3; 63.1; 0.7; 0.0; 0.7;2021;-0.2; 0.0; 0.0;-9; 22.0;B;0;-;On;On;Off; 25.4; 25.0;0;7;1400;7;1400;7;1214;1;-
2026/04/25;21:17:39;-;-; 52.61; 0.0;-; 62.8; 62.7; 0.7; 0.7; 0.0;2021;-0.2; 0.0; 0.0;-9; 22.0;B;0;-;On;On;Off; 25.3; 24.9;0;7;1400;7;1400;7;1214;1;-
2026/04/25;21:18:39;-;-; 52.63; 0.0;-; 62.5; 62.2; 0.7; 0.0; 0.7;2021;-0.2; 0.0; 0.0;-9; 22.0;B;0;-;On;On;Off; 25.2; 24.9;0;7;1400;7;1400;7;1214;1;-
2026/04/25;21:19:39;-;-; 52.61; 0.0;-; 61.9; 61.7; 1.4; 0.7; 0.7;2021;-0.2; 0.0; 0.0;-9; 22.0;B;0;-;On;On;Off; 25.2; 24.9;0;7;1400;7;1400;7;1214;1;-
2026/04/25;21:20:39;-;-; 52.61; 0.0;-; 61.3; 61.2; 0.7; 0.0; 0.7;2021;-0.2; 0.0; 0.0;-10; 22.0;B;0;-;On;On;Off; 25.2; 24.8;0;7;1400;7;1400;7;1214;1;-
2026/04/25;21:21:39;-;-; 52.61; 0.0;-; 61.0; 60.8; 0.7; 0.0; 0.7;2021;-0.2; 0.0; 0.0;-9; 21.9;B;0;-;On;On;Off; 25.1; 24.7;0;7;1400;7;1400;7;1214;1;-
2026/04/25;21:22:39;-;-; 52.63; 0.0;-; 60.5; 60.3; 1.4; 0.7; 0.7;2021;-0.2; 0.0; 0.0;-9; 22.0;B;0;-;On;On;Off; 25.0; 24.6;0;7;1400;7;1400;7;1214;1;-
2026/04/25;21:23:39;-;-; 52.63; 0.0;-; 59.9; 59.7; 1.4; 0.7; 0.7;2021;-0.2; 0.0; 0.0;-9; 22.0;B;0;-;On;On;Off; 24.9; 24.6;0;7;1400;7;1400;7;1214;1;-
2026/04/25;21:24:38;-;-; 52.63; 0.0;-; 59.4; 59.4; 0.0; 0.0; 0.0;2021;-0.2; 0.0; 0.0;-9; 21.9;B;0;-;On;On;Off; 24.9; 24.5;0;7;1400;7;1400;7;1214;1;-
2026/04/25;21:25:38;-;-; 52.61; 0.0;-; 59.4; 58.9; 0.7; 0.0; 0.7;2021;-0.2; 0.0; 0.0;-9; 21.9;B;0;-;On;On;Off; 24.8; 24.4;0;7;1400;7;1400;7;1214;1;-
2026/04/25;21:26:38;-;-; 52.63; 0.0;-; 58.4; 58.4; 0.0; 0.0;-;2021;-0.2; 0.0; 0.0;-9; 21.9;B;0;-;On;On;Off; 24.8; 24.4;0;7;1400;7;1400;7;1214;1;-
2026/04/25;21:27:38;-;-; 52.63; 0.0;-; 57.7; 57.4; 0.0;-;-;2021;-0.2; 0.0; 0.0;-9; 21.9;B;0;-;On;On;Off; 24.7; 24.3;0;7;1400;7;1400;7;1214;0;-
2026/04/25;21:28:38;-;-; 52.65; 0.0;-; 57.4; 57.0; 0.0;-;-;2021;-0.2; 0.0; 0.0;-9; 21.9;B;0;-;On;On;Off; 24.6; 24.3;0;7;1400;7;1400;7;1214;0;-
2026/04/25;21:29:38;-;-; 52.63; 0.0;-; 57.0; 56.6; 0.0;-;-;2021;-0.2; 0.0; 0.0;-9; 21.9;B;0;-;On;On;Off; 24.5; 24.2;0;7;1400;7;1400;7;1214;0;-
2026/04/25;21:30:38;-;-; 52.65; 0.0;-; 56.5; 56.1; 0.0;-;-;2021;-0.2; 0.0; 0.0;-9; 21.9;B;0;-;On;On;Off; 24.4; 24.1;0;7;1400;7;1400;7;1214;0;-
2026/04/25;21:31:38;-;-; 52.63; 0.0;-; 56.1; 55.5; 0.0;-;-;2021;-0.2; 0.0; 0.0;-10; 21.9;B;0;-;On;On;Off; 24.4; 24.1;0;7;1400;7;1400;7;1214;0;-
2026/04/25;21:32:38;-;-; 52.65; 0.0;-; 55.5; 55.1; 0.0;-;-;2021;-0.2; 0.0; 0.0;-9; 21.9;B;0;-;On;On;Off; 24.3; 24.0;0;7;1400;7;1400;7;1214;0;-
2026/04/25;21:33:38;-;-; 52.65; 0.0;-; 54.8; 54.3; 0.0;-;-;2021;-0.2; 0.0; 0.0;-9; 21.9;B;0;-;On;On;Off; 24.3; 24.0;0;7;1400;7;1400;7;1214;0;-
2026/04/25;21:34:38;-;-; 52.67; 0.0;-; 54.1; 53.7; 0.0;-;-;2021;-0.2; 0.0; 0.0;-9; 21.9;B;0;-;On;On;Off; 24.2; 23.9;0;7;1400;7;1400;7;1214;0;-
2026/04/25;21:35:38;-;-; 52.67; 0.0;-; 53.7; 53.2; 0.0;-;-;2021;-0.2; 0.0; 0.0;-9; 21.9;B;0;-;On;On;Off; 24.1; 23.9;0;7;1400;7;1400;7;1214;0;-
2026/04/25;21:36:38;-;-; 52.67; 0.0;-; 53.0; 52.1; 0.0;-;-;2021;-0.2; 0.0; 0.0;-9; 21.9;B;0;-;On;On;Off; 24.1; 23.8;0;7;1400;7;1400;7;1214;0;-
2026/04/25;21:37:38;-;-; 52.65; 0.0;-; 51.6; 51.0; 0.0;-;-;2021;-0.2; 0.0; 0.0;-9; 21.9;B;0;-;On;On;Off; 24.0; 23.8;0;7;1400;7;1400;7;1214;0;-
2026/04/25;21:38:38;-;-; 52.67; 0.0;-; 50.1; 49.4; 0.0;-;-;2021;-0.2; 0.0; 0.0;-9; 21.9;B;0;-;On;On;Off; 24.0; 23.7;0;7;1400;7;1400;7;1214;0;-
2026/04/25;21:39:38;-;-; 52.67; 0.0;-; 48.9; 48.0; 0.0;-;-;2021;-0.2; 0.0; 0.0;-9; 21.9;B;0;-;On;On;Off; 24.0; 23.7;0;7;1400;7;1400;7;1214;0;-
2026/04/25;21:40:37;-;-; 52.67; 0.0;-; 48.0; 47.0; 0.0;-;-;2021;-0.2; 0.0; 0.0;-9; 21.9;B;0;-;On;On;Off; 23.9; 23.7;0;7;1400;7;1400;7;1214;0;-
2026/04/25;21:41:37;-;-; 52.67; 0.0;-; 47.4; 46.5; 0.0;-;-;2021;-0.2; 0.0; 0.0;-9; 21.9;B;0;-;On;On;Off; 23.9; 23.6;0;7;1400;7;1400;7;1214;0;-
2026/04/25;21:42:37;-;-; 52.67; 0.0;-; 46.8; 45.9; 0.0;-;-;2021;-0.2; 0.0; 0.0;-9; 21.9;B;0;-;On;On;Off; 23.8; 23.6;0;7;1400;7;1400;7;1214;0;-
2026/04/25;21:43:37;-;-; 52.65; 0.0;-; 45.9; 45.1; 0.0;-;-;2021;-0.2; 0.0; 0.0;-9; 21.9;B;0;-;On;On;Off; 23.8; 23.5;0;7;1400;7;1400;7;1214;0;-
2026/04/25;21:44:37;-;-; 52.67; 0.0;-; 44.7; 43.7; 0.0;-;-;2021;-0.2; 0.0; 0.0;-9; 21.9;B;0;-;On;On;Off; 23.8; 23.5;0;7;1400;7;1400;7;1214;0;-
2026/04/25;21:45:37;-;-; 52.67; 0.0;-; 42.9; 42.0; 0.0;-;-;2021;-0.2; 0.0; 0.0;-9; 21.9;B;0;-;On;On;Off; 23.7; 23.5;0;7;1400;7;1400;7;1214;0;-
2026/04/25;21:46:37;-;-; 52.67; 0.0;-; 41.5; 40.7; 0.0;-;-;2021;-0.2; 0.0; 0.0;-9; 21.9;B;0;-;On;On;Off; 23.7; 23.4;0;7;1400;7;1400;7;1214;0;-
2026/04/25;21:47:37;-;-; 52.65; 0.0;-; 40.1; 39.1; 0.0;-;-;2021;-0.2; 0.0; 0.0;-9; 21.9;B;0;-;On;On;Off; 23.7; 23.4;0;7;1400;7;1400;7;1214;0;-
2026/04/25;21:48:37;-;-; 52.65; 0.0;-; 38.0; 37.4; 0.0;-;-;2021;-0.2; 0.0; 0.0;-10; 21.9;B;0;-;On;On;Off; 23.6; 23.4;0;7;1400;7;1400;7;1214;0;-
2026/04/25;21:49:37;-;-; 52.67; 0.0;-; 36.5; 36.0; 0.0;-;-;2021;-0.2; 0.0; 0.0;-9; 21.9;B;0;-;On;On;Off; 23.6; 23.3;0;7;1400;7;1400;7;1214;0;-
2026/04/25;21:50:37;-;-; 52.67; 0.0;-; 34.9; 34.4; 0.0;-;-;2021;-0.2; 0.0; 0.0;-9; 21.9;B;0;-;On;On;Off; 23.6; 23.3;0;7;1400;7;1400;7;1214;0;-
2026/04/25;21:51:37;-;-; 52.67; 0.0;-; 33.6; 33.5; 0.0;-;-;2021;-0.2; 0.0; 0.0;-9; 21.9;B;0;-;On;On;Off; 23.5; 23.3;0;7;1400;7;1400;7;1214;0;-
2026/04/25;21:52:37;-;-; 52.67; 0.0;-; 32.0; 31.8; 0.0;-;-;2021;-0.2; 0.0; 0.0;-9; 21.9;B;0;-;On;On;Off; 23.5; 23.2;0;7;1400;7;1400;7;1214;0;-
2026/04/25;21:53:37;-;-; 52.65; 0.0;-; 31.3; 31.4; 0.0;-;-;2021;-0.2; 0.0; 0.0;-9; 21.9;B;0;-;On;On;Off; 23.5; 23.2;0;7;1400;7;1400;7;1214;0;-
2026/04/25;21:54:37;-;-; 52.65; 0.0;-; 30.3; 30.4; 0.0;-;-;2021;-0.2; 0.0; 0.0;-9; 21.9;B;0;-;On;On;Off; 23.5; 23.2;0;7;1400;7;1400;7;1214;0;-
2026/04/25;21:55:36;-;-; 52.67; 0.0;-; 29.5; 29.7; 0.0;-;-;2021;-0.2; 0.0; 0.0;-9; 21.9;B;0;-;On;On;Off; 23.4; 23.2;0;7;1400;7;1400;7;1214;0;-
2026/04/25;21:56:36;-;-; 52.67; 0.0;-; 28.5; 28.7; 0.0;-;-;2021;-0.2; 0.0; 0.0;-9; 21.9;B;0;-;On;On;Off; 23.4; 23.1;0;7;1400;7;1400;7;1214;0;-
2026/04/25;21:57:36;-;-; 52.67; 0.0;-; 27.9; 28.3; 0.0;-;-;2021;-0.2; 0.0; 0.0;-9; 21.9;B;0;-;On;On;Off; 23.4; 23.1;0;7;1400;7;1400;7;1214;0;-
2026/04/25;21:58:36;-;-; 52.67; 0.0;-; 27.4; 27.9; 0.0;-;-;2021;-0.2; 0.0; 0.0;-9; 21.9;B;0;-;On;On;Off; 23.3; 23.1;0;7;1400;7;1400;7;1214;0;-
2026/04/25;21:59:36;-;-; 52.67; 0.0;-; 25.6; 26.1; 0.0;-;-;2021;-0.2; 0.0; 0.0;-9; 21.9;B;0;-;On;On;Off; 23.3; 23.0;0;7;1400;7;1400;7;1214;0;-
2026/04/25;22:00:36;-;-; 52.67; 0.0;-; 23.9; 24.6; 0.0;-;-;2021;-0.2; 0.0; 0.0;-9; 21.9;B;0;-;On;On;Off; 23.3; 23.0;0;7;1400;7;1400;7;1214;0;-
2026/04/25;22:01:36;-;-; 52.67; 0.0;-; 24.0; 24.7; 0.0;-;-;2021;-0.2; 0.0; 0.0;-9; 21.9;B;0;-;On;On;Off; 23.3; 23.0;0;7;1400;7;1400;7;1214;0;-
2026/04/25;22:02:36;-;-; 52.67; 0.0;-; 22.9; 23.7; 0.0;-;-;2022;-0.2; 0.0; 0.0;-9; 21.9;B;0;-;On;On;Off; 23.3; 23.0;0;7;1400;7;1400;7;1214;0;-
2026/04/25;22:03:36;-;-; 52.67; 0.0;-; 22.3; 23.1; 0.0;-;-;2022;-0.2; 0.0; 0.0;-10; 21.8;B;0;-;On;On;Off; 23.2; 23.0;0;7;1400;7;1400;7;1214;0;-
2026/04/25;22:04:36;-;-; 52.65; 0.0;-; 21.0; 22.1; 0.0;-;-;2022;-0.2; 0.0; 0.0;-10; 21.9;B;0;-;On;On;Off; 23.2; 23.0;0;7;1400;7;1400;7;1214;0;-
2026/04/25;22:05:36;-;-; 52.65; 0.0;-; 19.8; 21.1; 0.0;-;-;2022;-0.2; 0.0; 0.0;-10; 21.9;B;0;-;On;On;Off; 23.2; 22.9;0;7;1400;7;1400;7;1214;0;-
2026/04/25;22:06:36;-;-; 52.67; 0.0;-; 19.2; 20.5; 0.0;-;-;2022;-0.2; 0.0; 0.0;-9; 21.9;B;0;-;On;On;Off; 23.2; 22.9;0;7;1400;7;1400;7;1214;0;-
2026/04/25;22:07:36;-;-; 52.67; 0.0;-; 19.3; 20.7; 0.0;-;-;2022;-0.2; 0.0; 0.0;-9; 21.9;B;0;-;On;On;Off; 23.2; 22.9;0;7;1400;7;1400;7;1214;0;-
2026/04/25;22:08:36;-;-; 52.67; 0.0;-; 18.9; 20.4; 0.0;-;-;2022;-0.2; 0.0; 0.0;-10; 21.9;B;0;-;On;On;Off; 23.1; 22.9;0;7;1400;7;1400;7;1214;0;-
2026/04/25;22:09:36;-;-; 52.67; 0.0;-; 18.5; 20.1; 0.0;-;-;2022;-0.2; 0.0; 0.0;-9; 21.9;B;0;-;On;On;Off; 23.1; 22.8;0;7;1400;7;1400;7;1214;0;-
2026/04/25;22:10:36;-;-; 52.65; 0.0;-; 18.3; 19.9; 0.0;-;-;2022;-0.2; 0.0; 0.0;-9; 21.9;B;0;-;On;On;Off; 23.1; 22.8;0;7;1400;7;1400;7;1214;0;-
2026/04/25;22:11:35;-;-; 52.67; 0.0;-; 17.9; 19.5; 0.0;-;-;2022;-0.2; 0.0; 0.0;-10; 21.8;B;0;-;On;On;Off; 23.1; 22.8;0;7;1400;7;1400;7;1214;0;-
2026/04/25;22:12:35;-;-; 52.65; 0.0;-; 17.7; 19.5; 0.0;-;-;2022;-0.2; 0.0; 0.0;-9; 21.9;B;0;-;On;On;Off; 23.1; 22.8;0;7;1400;7;1400;7;1214;0;-
2026/04/25;22:13:35;-;-; 52.67; 0.0;-; 17.3; 19.0; 0.0;-;-;2022;-0.2; 0.0; 0.0;-9; 21.8;B;0;-;On;On;Off; 23.0; 22.8;0;7;1400;7;1400;7;1214;0;-
2026/04/25;22:14:35;-;-; 52.67; 0.0;-; 17.9; 18.8; 0.0;-;-;2022;-0.2; 0.0; 0.0;-9; 21.9;B;0;-;On;On;Off; 23.0; 22.8;0;7;1400;7;1400;7;1214;0;-
2026/04/25;22:15:35;-;-; 52.65; 0.0;-; 16.6; 18.4; 0.0;-;-;2022;-0.2; 0.0; 0.0;-9; 21.8;B;0;-;On;On;Off; 23.0; 22.8;0;7;1400;7;1400;7;1214;0;-
2026/04/25;22:16:35;-;-; 52.67; 0.0;-; 16.4; 18.0; 0.0;-;-;2022;-0.2; 0.0; 0.0;-9; 21.8;B;0;-;On;On;Off; 23.0; 22.7;0;7;1400;7;1400;7;1214;0;-
2026/04/25;22:17:35;-;-; 52.67; 0.0;-; 16.1; 17.9; 0.0;-;-;2022;-0.2; 0.0; 0.0;-9; 21.8;B;0;-;On;On;Off; 23.0; 22.7;0;7;1400;7;1400;7;1214;0;-
2026/04/25;22:18:35;-;-; 52.67; 0.0;-; 15.8; 17.7; 0.0;-;-;2022;-0.2; 0.0; 0.0;-9; 21.8;B;0;-;On;On;Off; 23.0; 22.7;0;7;1400;7;1400;7;1214;0;-
2026/04/25;22:19:35;-;-; 52.67; 0.0;-; 15.5; 17.5; 0.0;-;-;2022;-0.2; 0.0; 0.0;-9; 21.8;B;0;-;On;On;Off; 23.0; 22.7;0;7;1400;7;1400;7;1214;0;-
2026/04/25;22:20:35;-;-; 52.65; 0.0;-; 15.3; 17.2; 0.0;-;-;2022;-0.2; 0.0; 0.0;-9; 21.8;B;0;-;On;On;Off; 23.0; 22.7;0;7;1400;7;1400;7;1214;0;-
2026/04/25;22:21:35;-;-; 52.67; 0.0;-; 15.2; 17.0; 0.0;-;-;2022;-0.2; 0.0; 0.0;-9; 21.8;B;0;-;On;On;Off; 22.9; 22.7;0;7;1400;7;1400;7;1214;0;-
2026/04/25;22:22:35;-;-; 52.67; 0.0;-; 15.0; 17.0; 0.0;-;-;2022;-0.2; 0.0; 0.0;-9; 21.8;B;0;-;On;On;Off; 22.9; 22.6;0;7;1400;7;1400;7;1214;0;-
2026/04/25;22:23:35;-;-; 52.67; 0.0;-; 14.9; 17.0; 0.0;-;-;2022;-0.2; 0.0; 0.0;-9; 21.8;B;0;-;On;On;Off; 22.9; 22.6;0;7;1400;7;1400;7;1214;0;-
2026/04/25;22:24:35;-;-; 52.67; 0.0;-; 14.9; 16.9; 0.0;-;-;2022;-0.2; 0.0; 0.0;-9; 21.8;B;0;-;On;On;Off; 22.9; 22.6;0;7;1400;7;1400;7;1214;0;-
2026/04/25;22:25:35;-;-; 52.67; 0.0;-; 14.6; 16.7; 0.0;-;-;2022;-0.2; 0.0; 0.0;-10; 21.8;B;0;-;On;On;Off; 22.9; 22.6;0;7;1400;7;1400;7;1214;0;-
2026/04/25;22:26:35;-;-; 52.67; 0.0;-; 14.5; 16.6; 0.0;-;-;2022;-0.2; 0.0; 0.0;-10; 21.8;B;0;-;On;On;Off; 22.9; 22.6;0;7;1400;7;1400;7;1214;0;-
2026/04/25;22:27:34;-;-; 52.65; 0.0;-; 14.3; 16.7; 0.0;-;-;2022;-0.2; 0.0; 0.0;-10; 21.8;B;0;-;On;On;Off; 22.8; 22.6;0;7;1400;7;1400;7;1214;0;-
2026/04/25;22:28:34;-;-; 52.67; 0.0;-; 14.4; 16.4; 0.0;-;-;2022;-0.2; 0.0; 0.0;-10; 21.8;B;0;-;On;On;Off; 22.8; 22.6;0;7;1400;7;1400;7;1214;0;-
2026/04/25;22:29:34;-;-; 52.65; 0.0;-; 14.2; 16.5; 0.0;-;-;2022;-0.2; 0.0; 0.0;-10; 21.8;B;0;-;On;On;Off; 22.8; 22.6;0;7;1400;7;1400;7;1214;0;-
2026/04/25;22:30:34;-;-; 52.67; 0.0;-; 14.2; 16.4; 0.0;-;-;2022;-0.2; 0.0; 0.0;-9; 21.8;B;0;-;On;On;Off; 22.8; 22.6;0;7;1400;7;1400;7;1214;0;-
2026/04/25;22:31:34;-;-; 52.65; 0.0;-; 14.1; 16.5; 0.0;-;-;2022;-0.2; 0.0; 0.0;-10; 21.8;B;0;-;On;On;Off; 22.8; 22.5;0;7;1400;7;1400;7;1214;0;-
2026/04/25;22:32:34;-;-; 52.65; 0.0;-; 14.0; 16.3; 0.0;-;-;2022;-0.2; 0.0; 0.0;-10; 21.8;B;0;-;On;On;Off; 22.8; 22.5;0;7;1400;7;1400;7;1214;0;-
2026/04/25;22:33:34;-;-; 52.65; 0.0;-; 13.9; 16.2; 0.0;-;-;2022;-0.2; 0.0; 0.0;-9; 21.8;B;0;-;On;On;Off; 22.8; 22.5;0;7;1400;7;1400;7;1214;0;-
2026/04/25;22:34:34;-;-; 52.65; 0.0;-; 13.8; 16.1; 0.0;-;-;2022;-0.2; 0.0; 0.0;-9; 21.8;B;0;-;On;On;Off; 22.8; 22.5;0;7;1400;7;1400;7;1214;0;-
2026/04/25;22:35:34;-;-; 52.65; 0.0;-; 13.9; 16.2; 0.0;-;-;2022;-0.2; 0.0; 0.0;-9; 21.8;B;0;-;On;On;Off; 22.8; 22.5;0;7;1400;7;1400;7;1214;0;-
2026/04/25;22:36:34;-;-; 52.65; 0.0;-; 13.8; 16.0; 0.0;-;-;2022;-0.2; 0.0; 0.0;-10; 21.8;B;0;-;On;On;Off; 22.8; 22.5;0;7;1400;7;1400;7;1214;0;-
2026/04/25;22:37:34;-;-; 52.65; 0.0;-; 13.7; 16.2; 0.0;-;-;2022;-0.2; 0.0; 0.0;-10; 21.8;B;0;-;On;On;Off; 22.8; 22.5;0;7;1400;7;1400;7;1214;0;-
2026/04/25;22:38:34;-;-; 52.65; 0.0;-; 13.7; 16.0; 0.0;-;-;2022;-0.2; 0.0; 0.0;-9; 21.8;B;0;-;On;On;Off; 22.7; 22.5;0;7;1400;7;1400;7;1214;0;-
2026/04/25;22:39:34;-;-; 52.65; 0.0;-; 13.9; 16.0; 0.0;-;-;2022;-0.2; 0.0; 0.0;-9; 21.8;B;0;-;On;On;Off; 22.7; 22.5;0;7;1400;7;1400;7;1214;0;-
2026/04/25;22:40:34;-;-; 52.63; 0.0;-; 13.8; 16.1; 0.0;-;-;2022;-0.2; 0.0; 0.0;-9; 21.8;B;0;-;On;On;Off; 22.7; 22.5;0;7;1400;7;1400;7;1214;0;-
2026/04/25;22:41:34;-;-; 52.65; 0.0;-; 14.4; 16.3; 0.0;-;-;2022;-0.2; 0.0; 0.0;-9; 21.8;B;0;-;On;On;Off; 22.7; 22.5;0;7;1400;7;1400;7;1214;0;-
2026/04/25;22:42:33;-;-; 52.65; 0.0;-; 13.6; 16.0; 0.0;-;-;2022;-0.2; 0.0; 0.0;-9; 21.8;B;0;-;On;On;Off; 22.7; 22.4;0;7;1400;7;1400;7;1214;0;-
2026/04/25;22:43:33;-;-; 52.65; 0.0;-; 13.7; 16.1; 0.0;-;-;2022;-0.2; 0.0; 0.0;-9; 21.8;B;0;-;On;On;Off; 22.7; 22.4;0;7;1400;7;1400;7;1214;0;-
2026/04/25;22:44:33;-;-; 52.65; 0.0;-; 13.8; 16.3; 0.0;-;-;2022;-0.2; 0.0; 0.0;-9; 21.8;B;0;-;On;On;Off; 22.7; 22.4;0;7;1400;7;1400;7;1214;0;-
2026/04/25;22:45:33;-;-; 52.65; 0.0;-; 13.6; 16.1; 0.0;-;-;2022;-0.2; 0.0; 0.0;-9; 21.8;B;0;-;On;On;Off; 22.7; 22.4;0;7;1400;7;1400;7;1214;0;-
2026/04/25;22:46:33;-;-; 52.65; 0.0;-; 14.1; 16.1; 0.0;-;-;2022;-0.2; 0.0; 0.0;-9; 21.8;B;0;-;On;On;Off; 22.7; 22.4;0;7;1400;7;1400;7;1214;0;-
2026/04/25;22:47:33;-;-; 52.65; 0.0;-; 13.6; 16.0; 0.0;-;-;2022;-0.2; 0.0; 0.0;-10; 21.8;B;0;-;On;On;Off; 22.7; 22.4;0;7;1400;7;1400;7;1214;0;-
2026/04/25;22:48:33;-;-; 52.65; 0.0;-; 13.5; 16.1; 0.0;-;-;2022;-0.2; 0.0; 0.0;-10; 21.8;B;0;-;On;On;Off; 22.7; 22.4;0;7;1400;7;1400;7;1214;0;-
2026/04/25;22:49:33;-;-; 52.65; 0.0;-; 13.7; 16.2; 0.0;-;-;2022;-0.2; 0.0; 0.0;-9; 21.8;B;0;-;On;On;Off; 22.7; 22.4;0;7;1400;7;1400;7;1214;0;-
2026/04/25;22:50:33;-;-; 52.63; 0.0;-; 13.7; 16.2; 0.0;-;-;2022;-0.2; 0.0; 0.0;-10; 21.8;B;0;-;On;On;Off; 22.6; 22.4;0;7;1400;7;1400;7;1214;0;-
2026/04/25;22:51:33;-;-; 52.65; 0.0;-; 13.6; 16.1; 0.0;-;-;2022;-0.2; 0.0; 0.0;-10; 21.9;B;0;-;On;On;Off; 22.7; 22.4;0;7;1400;7;1400;7;1214;0;-
2026/04/25;22:52:33;-;-; 52.65; 0.0;-; 13.8; 16.2; 0.0;-;-;2022;-0.2; 0.0; 0.0;-9; 21.9;B;0;-;On;On;Off; 22.7; 22.4;0;7;1400;7;1400;7;1214;0;-
2026/04/25;22:53:33;-;-; 52.65; 0.0;-; 13.7; 16.1; 0.0;-;-;2022;-0.2; 0.0; 0.0;-9; 21.9;B;0;-;On;On;Off; 22.6; 22.4;0;7;1400;7;1400;7;1214;0;-
2026/04/25;22:54:33;-;-; 52.65; 0.0;-; 13.7; 16.1; 0.0;-;-;2022;-0.2; 0.0; 0.0;-9; 21.9;B;0;-;On;On;Off; 22.6; 22.4;0;7;1400;7;1400;7;1214;0;-
2026/04/25;22:55:33;-;-; 52.63; 0.0;-; 13.6; 16.0; 0.0;-;-;2022;-0.2; 0.0; 0.0;-9; 21.9;B;0;-;On;On;Off; 22.6; 22.4;0;7;1400;7;1400;7;1214;0;-
2026/04/25;22:56:33;-;-; 52.63; 0.0;-; 13.6; 16.0; 0.0;-;-;2022;-0.2; 0.0; 0.0;-9; 21.9;B;0;-;On;On;Off; 22.6; 22.4;0;7;1400;7;1400;7;1214;0;-
2026/04/25;22:57:33;-;-; 52.63; 0.0;-; 13.6; 16.0; 0.0;-;-;2022;-0.2; 0.0; 0.0;-9; 21.9;B;0;-;On;On;Off; 22.6; 22.4;0;7;1400;7;1400;7;1214;0;-
2026/04/25;22:58:32;-;-; 52.63; 0.0;-; 13.6; 15.9; 0.0;-;-;2022;-0.2; 0.0; 0.0;-9; 21.9;B;0;-;On;On;Off; 22.6; 22.3;0;7;1400;7;1400;7;1214;0;-
2026/04/25;22:59:32;-;-; 52.65; 0.0;-; 13.4; 15.9; 0.0;-;-;2022;-0.2; 0.0; 0.0;-9; 21.9;B;0;-;On;On;Off; 22.6; 22.3;0;7;1400;7;1400;7;1214;0;-
2026/04/25;23:00:32;-;-; 52.63; 0.0;-; 13.3; 15.8; 0.0;-;-;2022;-0.2; 0.0; 0.0;-10; 21.9;B;0;-;On;On;Off; 22.6; 22.3;0;7;1400;7;1400;7;1214;0;-
2026/04/25;23:01:32;-;-; 52.63; 0.0;-; 13.5; 16.1; 0.0;-;-;2022;-0.2; 0.0; 0.0;-10; 21.9;B;0;-;On;On;Off; 22.6; 22.3;0;7;1400;7;1400;7;1214;0;-
2026/04/25;23:02:32;-;-; 52.63; 0.0;-; 13.6; 16.2; 0.0;-;-;2023;-0.2; 0.0; 0.0;-10; 21.9;B;0;-;On;On;Off; 22.6; 22.3;0;7;1400;7;1400;7;1214;0;-
2026/04/25;23:03:32;-;-; 52.63; 0.0;-; 13.3; 15.9; 0.0;-;-;2023;-0.2; 0.0; 0.0;-9; 21.9;B;0;-;On;On;Off; 22.6; 22.3;0;7;1400;7;1400;7;1214;0;-
2026/04/25;23:04:32;-;-; 52.63; 0.0;-; 13.3; 16.0; 0.0;-;-;2023;-0.2; 0.0; 0.0;-9; 21.9;B;0;-;On;On;Off; 22.6; 22.3;0;7;1400;7;1400;7;1214;0;-
2026/04/25;23:05:32;-;-; 52.63; 0.0;-; 13.3; 15.9; 0.0;-;-;2023;-0.2; 0.0; 0.0;-9; 21.9;B;0;-;On;On;Off; 22.6; 22.3;0;7;1400;7;1400;7;1214;0;-
2026/04/25;23:06:32;-;-; 52.63; 0.0;-; 13.3; 15.8; 0.0;-;-;2023;-0.2; 0.0; 0.0;-10; 21.9;B;0;-;On;On;Off; 22.6; 22.3;0;7;1400;7;1400;7;1214;0;-
2026/04/25;23:07:32;-;-; 52.61; 0.0;-; 13.3; 15.8; 0.0;-;-;2023;-0.2; 0.0; 0.0;-9; 21.9;B;0;-;On;On;Off; 22.6; 22.3;0;7;1400;7;1400;7;1214;0;-
2026/04/25;23:08:32;-;-; 52.63; 0.0;-; 13.2; 15.7; 0.0;-;-;2023;-0.2; 0.0; 0.0;-9; 21.9;B;0;-;On;On;Off; 22.6; 22.3;0;7;1400;7;1400;7;1214;0;-
2026/04/25;23:09:32;-;-; 52.63; 0.0;-; 13.4; 15.8; 0.0;-;-;2023;-0.2; 0.0; 0.0;-9; 21.9;B;0;-;On;On;Off; 22.6; 22.3;0;7;1400;7;1400;7;1214;0;-
2026/04/25;23:10:32;-;-; 52.63; 0.0;-; 13.5; 15.9; 0.0;-;-;2023;-0.2; 0.0; 0.0;-9; 21.9;B;0;-;On;On;Off; 22.6; 22.3;0;7;1400;7;1400;7;1214;0;-
2026/04/25;23:11:32;-;-; 52.63; 0.0;-; 13.6; 15.9; 0.0;-;-;2023;-0.2; 0.0; 0.0;-8; 21.9;B;0;-;On;On;Off; 22.6; 22.3;0;7;1400;7;1400;7;1214;0;-
2026/04/25;23:12:32;-;-; 52.63; 0.0;-; 13.3; 15.9; 0.0;-;-;2023;-0.2; 0.0; 0.0;-8; 21.9;B;0;-;On;On;Off; 22.6; 22.3;0;7;1400;7;1400;7;1214;0;-
2026/04/25;23:13:32;-;-; 52.61; 0.0;-; 13.3; 15.8; 0.0;-;-;2023;-0.2; 0.0; 0.0;-9; 21.9;B;0;-;On;On;Off; 22.6; 22.3;0;7;1400;7;1400;7;1214;0;-
2026/04/25;23:14:31;-;-; 52.63; 0.0;-; 13.5; 15.9; 0.0;-;-;2023;-0.2; 0.0; 0.0;-9; 21.9;B;0;-;On;On;Off; 22.6; 22.3;0;7;1400;7;1400;7;1214;0;-
2026/04/25;23:15:31;-;-; 52.63; 0.0;-; 13.4; 16.0; 0.0;-;-;2023;-0.2; 0.0; 0.0;-9; 21.9;B;0;-;On;On;Off; 22.6; 22.3;0;7;1400;7;1400;7;1214;0;-
2026/04/25;23:16:31;-;-; 52.63; 0.0;-; 13.3; 15.7; 0.0;-;-;2023;-0.2; 0.0; 0.0;-9; 21.9;B;0;-;On;On;Off; 22.6; 22.3;0;7;1400;7;1400;7;1214;0;-
2026/04/25;23:17:31;-;-; 52.63; 0.0;-; 13.1; 15.7; 0.0;-;-;2023;-0.2; 0.0; 0.0;-9; 21.9;B;0;-;On;On;Off; 22.6; 22.3;0;7;1400;7;1400;7;1214;0;-
2026/04/25;23:18:31;-;-; 52.63; 0.0;-; 13.4; 15.8; 0.0;-;-;2023;-0.2; 0.0; 0.0;-9; 21.9;B;0;-;On;On;Off; 22.6; 22.3;0;7;1400;7;1400;7;1214;0;-
2026/04/25;23:19:31;-;-; 52.63; 0.0;-; 13.5; 15.9; 0.0;-;-;2023;-0.2; 0.0; 0.0;-9; 21.9;B;0;-;On;On;Off; 22.6; 22.3;0;7;1400;7;1400;7;1214;0;-
2026/04/25;23:20:31;-;-; 52.63; 0.0;-; 13.5; 15.8; 0.0;-;-;2023;-0.2; 0.0; 0.0;-9; 21.9;B;0;-;On;On;Off; 22.6; 22.3;0;7;1400;7;1400;7;1214;0;-
2026/04/25;23:21:31;-;-; 52.63; 0.0;-; 13.3; 15.8; 0.0;-;-;2023;-0.2; 0.0; 0.0;-9; 21.9;B;0;-;On;On;Off; 22.5; 22.3;0;7;1400;7;1400;7;1214;0;-
2026/04/25;23:22:31;-;-; 52.63; 0.0;-; 13.4; 15.8; 0.0;-;-;2023;-0.2; 0.0; 0.0;-9; 21.9;B;0;-;On;On;Off; 22.6; 22.3;0;7;1400;7;1400;7;1214;0;-
2026/04/25;23:23:31;-;-; 52.63; 0.0;-; 13.6; 16.0; 0.0;-;-;2023;-0.2; 0.0; 0.0;-9; 21.9;B;0;-;On;On;Off; 22.5; 22.2;0;7;1400;7;1400;7;1214;0;-
2026/04/25;23:24:31;-;-; 52.63; 0.0;-; 13.5; 15.9; 0.0;-;-;2023;-0.2; 0.0; 0.0;-9; 21.9;B;0;-;On;On;Off; 22.5; 22.2;0;7;1400;7;1400;7;1214;0;-
2026/04/25;23:25:31;-;-; 52.61; 0.0;-; 13.6; 16.1; 0.0;-;-;2023;-0.2; 0.0; 0.0;-9; 21.9;B;0;-;On;On;Off; 22.5; 22.2;0;7;1400;7;1400;7;1214;0;-
2026/04/25;23:26:31;-;-; 52.61; 0.0;-; 13.6; 16.1; 0.0;-;-;2023;-0.2; 0.0; 0.0;-9; 21.9;B;0;-;On;On;Off; 22.5; 22.2;0;7;1400;7;1400;7;1214;0;-
2026/04/25;23:27:31;-;-; 52.63; 0.0;-; 13.5; 15.9; 0.0;-;-;2023;-0.2; 0.0; 0.0;-9; 21.9;B;0;-;On;On;Off; 22.5; 22.2;0;7;1400;7;1400;7;1214;0;-
2026/04/25;23:28:31;-;-; 52.61; 0.0;-; 13.5; 16.1; 0.0;-;-;2023;-0.2; 0.0; 0.0;-10; 21.9;B;0;-;On;On;Off; 22.5; 22.2;0;7;1400;7;1400;7;1214;0;-
2026/04/25;23:29:31;-;-; 52.61; 0.0;-; 13.7; 16.1; 0.0;-;-;2023;-0.2; 0.0; 0.0;-9; 21.9;B;0;-;On;On;Off; 22.5; 22.2;0;7;1400;7;1400;7;1214;0;-
2026/04/25;23:30:30;-;-; 52.63; 0.0;-; 13.6; 16.0; 0.0;-;-;2023;-0.2; 0.0; 0.0;-9; 21.9;B;0;-;On;On;Off; 22.5; 22.2;0;7;1400;7;1400;7;1214;0;-
2026/04/25;23:31:30;-;-; 52.61; 0.0;-; 13.4; 16.0; 0.0;-;-;2023;-0.2; 0.0; 0.0;-9; 21.9;B;0;-;On;On;Off; 22.5; 22.2;0;7;1400;7;1400;7;1214;0;-
2026/04/25;23:32:30;-;-; 52.63; 0.0;-; 13.5; 16.0; 0.0;-;-;2023;-0.2; 0.0; 0.0;-9; 21.9;B;0;-;On;On;Off; 22.5; 22.2;0;7;1400;7;1400;7;1214;0;-
2026/04/25;23:33:30;-;-; 52.61; 0.0;-; 13.6; 16.0; 0.0;-;-;2023;-0.2; 0.0; 0.0;-9; 21.9;B;0;-;On;On;Off; 22.5; 22.2;0;7;1400;7;1400;7;1214;0;-
2026/04/25;23:34:30;-;-; 52.61; 0.0;-; 13.7; 16.0; 0.0;-;-;2023;-0.2; 0.0; 0.0;-9; 21.9;B;0;-;On;On;Off; 22.5; 22.2;0;7;1400;7;1400;7;1214;0;-
2026/04/25;23:35:30;-;-; 52.61; 0.0;-; 13.8; 16.0; 0.0;-;-;2023;-0.2; 0.0; 0.0;-9; 21.9;B;0;-;On;On;Off; 22.5; 22.2;0;7;1400;7;1400;7;1214;0;-
2026/04/25;23:36:30;-;-; 52.61; 0.0;-; 13.7; 16.1; 0.0;-;-;2023;-0.2; 0.0; 0.0;-9; 21.9;B;0;-;On;On;Off; 22.5; 22.2;0;7;1400;7;1400;7;1214;0;-
2026/04/25;23:37:30;-;-; 52.61; 0.0;-; 13.9; 16.1; 0.0;-;-;2023;-0.2; 0.0; 0.0;-9; 21.9;B;0;-;On;On;Off; 22.5; 22.2;0;7;1400;7;1400;7;1214;0;-
2026/04/25;23:38:30;-;-; 52.61; 0.0;-; 13.9; 16.2; 0.0;-;-;2023;-0.2; 0.0; 0.0;-9; 21.9;B;0;-;On;On;Off; 22.5; 22.2;0;7;1400;7;1400;7;1214;0;-
2026/04/25;23:39:30;-;-; 52.61; 0.0;-; 13.9; 16.3; 0.0;-;-;2023;-0.2; 0.0; 0.0;-9; 21.9;B;0;-;On;On;Off; 22.4; 22.2;0;7;1400;7;1400;7;1214;0;-
2026/04/25;23:40:30;-;-; 52.61; 0.0;-; 13.9; 16.3; 0.0;-;-;2023;-0.2; 0.0; 0.0;-9; 21.9;B;0;-;On;On;Off; 22.4; 22.2;0;7;1400;7;1400;7;1214;0;-
2026/04/25;23:41:30;-;-; 52.61; 0.0;-; 13.9; 16.1; 0.0;-;-;2023;-0.2; 0.0; 0.0;-9; 21.9;B;0;-;On;On;Off; 22.4; 22.1;0;7;1400;7;1400;7;1214;0;-
2026/04/25;23:42:30;-;-; 52.61; 0.0;-; 13.8; 16.1; 0.0;-;-;2023;-0.2; 0.0; 0.0;-10; 21.9;B;0;-;On;On;Off; 22.4; 22.1;0;7;1400;7;1400;7;1214;0;-
2026/04/25;23:43:30;-;-; 52.59; 0.0;-; 13.8; 16.1; 0.0;-;-;2023;-0.2; 0.0; 0.0;-9; 21.9;B;0;-;On;On;Off; 22.4; 22.1;0;7;1400;7;1400;7;1214;0;-
2026/04/25;23:44:30;-;-; 52.61; 0.0;-; 13.9; 16.2; 0.0;-;-;2023;-0.2; 0.0; 0.0;-9; 21.9;B;0;-;On;On;Off; 22.4; 22.1;0;7;1400;7;1400;7;1214;0;-
2026/04/25;23:45:29;-;-; 52.61; 0.0;-; 14.0; 16.3; 0.0;-;-;2023;-0.2; 0.0; 0.0;-9; 21.9;B;0;-;On;On;Off; 22.4; 22.1;0;7;1400;7;1400;7;1214;0;-
2026/04/25;23:46:29;-;-; 52.61; 0.0;-; 14.1; 16.4; 0.0;-;-;2023;-0.2; 0.0; 0.0;-10; 21.8;B;0;-;On;On;Off; 22.4; 22.1;0;7;1400;7;1400;7;1214;0;-
2026/04/25;23:47:29;-;-; 52.61; 0.0;-; 14.1; 16.4; 0.0;-;-;2023;-0.2; 0.0; 0.0;-10; 21.8;B;0;-;On;On;Off; 22.4; 22.1;0;7;1400;7;1400;7;1214;0;-
2026/04/25;23:48:29;-;-; 52.61; 0.0;-; 14.0; 16.2; 0.0;-;-;2023;-0.2; 0.0; 0.0;-9; 21.9;B;0;-;On;On;Off; 22.4; 22.1;0;7;1400;7;1400;7;1214;0;-
2026/04/25;23:49:29;-;-; 52.61; 0.0;-; 14.0; 16.1; 0.0;-;-;2023;-0.2; 0.0; 0.0;-9; 21.8;B;0;-;On;On;Off; 22.4; 22.1;0;7;1400;7;1400;7;1214;0;-
2026/04/25;23:50:29;-;-; 52.61; 0.0;-; 14.0; 16.2; 0.0;-;-;2023;-0.2; 0.0; 0.0;-9; 21.8;B;0;-;On;On;Off; 22.4; 22.1;0;7;1400;7;1400;7;1214;0;-
2026/04/25;23:51:29;-;-; 52.61; 0.0;-; 13.9; 16.2; 0.0;-;-;2023;-0.2; 0.0; 0.0;-9; 21.8;B;0;-;On;On;Off; 22.4; 22.1;0;7;1400;7;1400;7;1214;0;-
2026/04/25;23:52:29;-;-; 52.61; 0.0;-; 13.9; 16.2; 0.0;-;-;2023;-0.2; 0.0; 0.0;-9; 21.8;B;0;-;On;On;Off; 22.4; 22.1;0;7;1400;7;1400;7;1214;0;-
2026/04/25;23:53:29;-;-; 52.61; 0.0;-; 13.8; 16.1; 0.0;-;-;2023;-0.2; 0.0; 0.0;-9; 21.9;B;0;-;On;On;Off; 22.4; 22.1;0;7;1400;7;1400;7;1214;0;-
2026/04/25;23:54:29;-;-; 52.61; 0.0;-; 13.7; 16.1; 0.0;-;-;2023;-0.2; 0.0; 0.0;-9; 21.8;B;0;-;On;On;Off; 22.4; 22.1;0;7;1400;7;1400;7;1214;0;-
2026/04/25;23:55:29;-;-; 52.61; 0.0;-; 13.9; 16.2; 0.0;-;-;2023;-0.2; 0.0; 0.0;-10; 21.8;B;0;-;On;On;Off; 22.4; 22.1;0;7;1400;7;1400;7;1214;0;-
2026/04/25;23:56:29;-;-; 52.61; 0.0;-; 13.8; 16.1; 0.0;-;-;2023;-0.2; 0.0; 0.0;-10; 21.9;B;0;-;On;On;Off; 22.4; 22.1;0;7;1400;7;1400;7;1214;0;-
2026/04/25;23:57:29;-;-; 52.61; 0.0;-; 14.8; 16.4; 0.0;-;-;2023;-0.2; 0.0; 0.0;-10; 21.8;B;0;-;On;On;Off; 22.4; 22.1;0;7;1400;7;1400;7;1214;0;-
2026/04/25;23:58:29;-;-; 52.59; 0.0;-; 14.8; 16.4; 0.0;-;-;2023;-0.2; 0.0; 0.0;-10; 21.9;B;0;-;On;On;Off; 22.4; 22.1;0;7;1400;7;1400;7;1214;0;-
2026/04/25;23:59:29;-;-; 52.61; 0.0;-; 15.0; 16.5; 0.0;-;-;2023;-0.2; 0.0; 0.0;-10; 21.9;B;0;-;On;On;Off; 22.4; 22.1;0;7;1400;7;1400;7;1214;0;-
