Steca Elektronik GmbH;MPPT6000;760749IH008963540005
Date;Time;SOC[%];Kaptest[Ah];Vbat[V];Ibat_M[A];Vbat.sense[V];VPV1_M[V];VPV2_M[V];PVpower_M[W];PV1power_M[W];PV2power_M[W];Ophours[h];Ibat_total[A]SOC;Icharge_total[A];Iload_total[A];BatPower_total[W];BatTemp[°C];ChargeMode;ErrorState;ErrorNr;StateAux1;StateAux2;StateAux3;IntTemp1[°C];IntTemp2[°C];Derating;Ah_in_24h_M[Ah];Ah_in_total_M[Ah];Ah_in_24h_SYS[Ah];Ah_in_total_SYS[Ah];Ah_out_24h_SYS[Ah];Ah_out_total_SYS[Ah];Day_night;Status_AUXIO
2026/04/19;00:00:22;97;-; 52.41; 0.0;-; 9.8; 11.6; 0.0;-;-;1856;-0.2; 0.0; 0.0;-7; 22.1;F;1;29;On;On;Off; 22.6; 22.3;0;0;1084;0;1084;0;898;0;-
2026/04/19;00:01:22;97;-; 52.39; 0.0;-; 9.6; 11.4; 0.0;-;-;1856;-0.1; 0.0; 0.0;-7; 22.1;F;1;29;On;On;Off; 22.6; 22.3;0;0;1084;0;1084;0;898;0;-
2026/04/19;00:02:22;97;-; 52.41; 0.0;-; 9.6; 11.5; 0.0;-;-;1856;-0.1; 0.0; 0.0;-7; 22.1;F;1;29;On;On;Off; 22.6; 22.3;0;0;1084;0;1084;0;898;0;-
2026/04/19;00:03:22;97;-; 52.39; 0.0;-; 9.5; 11.3; 0.0;-;-;1856;-0.2; 0.0; 0.0;-7; 22.1;F;1;29;On;On;Off; 22.6; 22.3;0;0;1084;0;1084;0;898;0;-
2026/04/19;00:04:22;97;-; 52.41; 0.0;-; 9.6; 11.4; 0.0;-;-;1856;-0.1; 0.0; 0.0;-7; 22.1;F;1;29;On;On;Off; 22.6; 22.3;0;0;1084;0;1084;0;898;0;-
2026/04/19;00:05:22;97;-; 52.41; 0.0;-; 9.5; 11.3; 0.0;-;-;1856;-0.2; 0.0; 0.0;-8; 22.1;F;1;29;On;On;Off; 22.6; 22.3;0;0;1084;0;1084;0;898;0;-
2026/04/19;00:06:22;97;-; 52.41; 0.0;-; 9.5; 11.4; 0.0;-;-;1856;-0.2; 0.0; 0.0;-7; 22.1;F;1;29;On;On;Off; 22.6; 22.3;0;0;1084;0;1084;0;898;0;-
2026/04/19;00:07:22;97;-; 52.39; 0.0;-; 9.5; 11.4; 0.0;-;-;1856;-0.2; 0.0; 0.0;-8; 22.1;F;1;29;On;On;Off; 22.6; 22.3;0;0;1084;0;1084;0;898;0;-
2026/04/19;00:08:22;97;-; 52.41; 0.0;-; 9.5; 11.3; 0.0;-;-;1856;-0.2; 0.0; 0.0;-8; 22.1;F;1;29;On;On;Off; 22.6; 22.3;0;0;1084;0;1084;0;898;0;-
2026/04/19;00:09:22;97;-; 52.41; 0.0;-; 9.4; 11.5; 0.0;-;-;1856;-0.2; 0.0; 0.0;-8; 22.1;F;1;29;On;On;Off; 22.6; 22.3;0;0;1084;0;1084;0;898;0;-
2026/04/19;00:10:22;97;-; 52.41; 0.0;-; 9.5; 11.4; 0.0;-;-;1856;-0.2; 0.0; 0.0;-8; 22.1;F;1;29;On;On;Off; 22.6; 22.3;0;0;1084;0;1084;0;898;0;-
2026/04/19;00:11:22;97;-; 52.41; 0.0;-; 9.6; 11.4; 0.0;-;-;1856;-0.2; 0.0; 0.0;-8; 22.1;F;1;29;On;On;Off; 22.6; 22.3;0;0;1084;0;1084;0;898;0;-
2026/04/19;00:12:22;97;-; 52.41; 0.0;-; 9.6; 11.4; 0.0;-;-;1856;-0.2; 0.0; 0.0;-8; 22.1;F;1;29;On;On;Off; 22.6; 22.3;0;0;1084;0;1084;0;898;0;-
2026/04/19;00:13:22;97;-; 52.41; 0.0;-; 9.6; 11.5; 0.0;-;-;1857;-0.2; 0.0; 0.0;-8; 22.1;F;1;29;On;On;Off; 22.6; 22.3;0;0;1084;0;1084;0;898;0;-
2026/04/19;00:14:22;97;-; 52.39; 0.0;-; 9.6; 11.4; 0.0;-;-;1857;-0.2; 0.0; 0.0;-8; 22.1;F;1;29;On;On;Off; 22.6; 22.3;0;0;1084;0;1084;0;898;0;-
2026/04/19;00:15:21;97;-; 52.39; 0.0;-; 9.6; 11.5; 0.0;-;-;1857;-0.2; 0.0; 0.0;-8; 22.1;F;1;29;On;On;Off; 22.6; 22.3;0;0;1084;0;1084;0;898;0;-
2026/04/19;00:16:21;97;-; 52.41; 0.0;-; 9.7; 11.5; 0.0;-;-;1857;-0.2; 0.0; 0.0;-8; 22.1;F;1;29;On;On;Off; 22.6; 22.3;0;0;1084;0;1084;0;898;0;-
2026/04/19;00:17:21;97;-; 52.39; 0.0;-; 9.7; 11.6; 0.0;-;-;1857;-0.2; 0.0; 0.0;-7; 22.1;F;1;29;On;On;Off; 22.6; 22.3;0;0;1084;0;1084;0;898;0;-
2026/04/19;00:18:21;97;-; 52.41; 0.0;-; 9.7; 11.7; 0.0;-;-;1857;-0.1; 0.0; 0.0;-7; 22.1;F;1;29;On;On;Off; 22.6; 22.3;0;0;1084;0;1084;0;898;0;-
2026/04/19;00:19:21;97;-; 52.41; 0.0;-; 9.8; 11.5; 0.0;-;-;1857;-0.1; 0.0; 0.0;-7; 22.1;F;1;29;On;On;Off; 22.6; 22.3;0;0;1084;0;1084;0;898;0;-
2026/04/19;00:20:21;97;-; 52.41; 0.0;-; 9.7; 11.5; 0.0;-;-;1857;-0.2; 0.0; 0.0;-8; 22.1;F;1;29;On;On;Off; 22.6; 22.3;0;0;1084;0;1084;0;898;0;-
2026/04/19;00:21:21;97;-; 52.41; 0.0;-; 9.8; 11.7; 0.0;-;-;1857;-0.2; 0.0; 0.0;-8; 22.1;F;1;29;On;On;Off; 22.6; 22.3;0;0;1084;0;1084;0;898;0;-
2026/04/19;00:22:21;97;-; 52.41; 0.0;-; 9.8; 11.5; 0.0;-;-;1857;-0.2; 0.0; 0.0;-8; 22.1;F;1;29;On;On;Off; 22.5; 22.3;0;0;1084;0;1084;0;898;0;-
2026/04/19;00:23:21;97;-; 52.39; 0.0;-; 9.7; 11.4; 0.0;-;-;1857;-0.2; 0.0; 0.0;-8; 22.1;F;1;29;On;On;Off; 22.5; 22.3;0;0;1084;0;1084;0;898;0;-
2026/04/19;00:24:21;97;-; 52.39; 0.0;-; 9.6; 11.4; 0.0;-;-;1857;-0.2; 0.0; 0.0;-8; 22.1;F;1;29;On;On;Off; 22.5; 22.3;0;0;1084;0;1084;0;898;0;-
2026/04/19;00:25:21;97;-; 52.41; 0.0;-; 9.6; 11.4; 0.0;-;-;1857;-0.2; 0.0; 0.0;-8; 22.1;F;1;29;On;On;Off; 22.6; 22.3;0;0;1084;0;1084;0;898;0;-
2026/04/19;00:26:21;97;-; 52.39; 0.0;-; 9.5; 11.5; 0.0;-;-;1857;-0.2; 0.0; 0.0;-8; 22.1;F;1;29;On;On;Off; 22.5; 22.3;0;0;1084;0;1084;0;898;0;-
2026/04/19;00:27:21;97;-; 52.39; 0.0;-; 9.5; 11.3; 0.0;-;-;1857;-0.2; 0.0; 0.0;-8; 22.1;F;1;29;On;On;Off; 22.5; 22.3;0;0;1084;0;1084;0;898;0;-
2026/04/19;00:28:21;97;-; 52.41; 0.0;-; 9.6; 11.3; 0.0;-;-;1857;-0.2; 0.0; 0.0;-8; 22.1;F;1;29;On;On;Off; 22.5; 22.3;0;0;1084;0;1084;0;898;0;-
2026/04/19;00:29:21;97;-; 52.41; 0.0;-; 9.6; 11.3; 0.0;-;-;1857;-0.2; 0.0; 0.0;-8; 22.1;F;1;29;On;On;Off; 22.5; 22.3;0;0;1084;0;1084;0;898;0;-
2026/04/19;00:30:21;97;-; 52.39; 0.0;-; 9.5; 11.4; 0.0;-;-;1857;-0.2; 0.0; 0.0;-7; 22.1;F;1;29;On;On;Off; 22.5; 22.3;0;0;1084;0;1084;0;898;0;-
2026/04/19;00:31:20;97;-; 52.41; 0.0;-; 9.4; 11.3; 0.0;-;-;1857;-0.2; 0.0; 0.0;-7; 22.1;F;1;29;On;On;Off; 22.5; 22.3;0;0;1084;0;1084;0;898;0;-
2026/04/19;00:32:20;97;-; 52.41; 0.0;-; 9.2; 11.2; 0.0;-;-;1857;-0.2; 0.0; 0.0;-7; 22.1;F;1;29;On;On;Off; 22.5; 22.3;0;0;1084;0;1084;0;898;0;-
2026/04/19;00:33:20;97;-; 52.41; 0.0;-; 9.2; 11.1; 0.0;-;-;1857;-0.2; 0.0; 0.0;-8; 22.1;F;1;29;On;On;Off; 22.5; 22.2;0;0;1084;0;1084;0;898;0;-
2026/04/19;00:34:20;97;-; 52.39; 0.0;-; 9.0; 11.1; 0.0;-;-;1857;-0.2; 0.0; 0.0;-8; 22.1;F;1;29;On;On;Off; 22.5; 22.2;0;0;1084;0;1084;0;898;0;-
2026/04/19;00:35:20;97;-; 52.41; 0.0;-; 9.1; 10.9; 0.0;-;-;1857;-0.2; 0.0; 0.0;-8; 22.1;F;1;29;On;On;Off; 22.5; 22.2;0;0;1084;0;1084;0;898;0;-
2026/04/19;00:36:20;97;-; 52.39; 0.0;-; 9.1; 11.1; 0.0;-;-;1857;-0.2; 0.0; 0.0;-8; 22.1;F;1;29;On;On;Off; 22.5; 22.2;0;0;1084;0;1084;0;898;0;-
2026/04/19;00:37:20;97;-; 52.41; 0.0;-; 9.0; 11.1; 0.0;-;-;1857;-0.2; 0.0; 0.0;-8; 22.0;F;1;29;On;On;Off; 22.5; 22.2;0;0;1084;0;1084;0;898;0;-
2026/04/19;00:38:20;97;-; 52.41; 0.0;-; 9.0; 11.0; 0.0;-;-;1857;-0.2; 0.0; 0.0;-8; 22.0;F;1;29;On;On;Off; 22.5; 22.2;0;0;1084;0;1084;0;898;0;-
2026/04/19;00:39:20;97;-; 52.41; 0.0;-; 9.0; 11.0; 0.0;-;-;1857;-0.2; 0.0; 0.0;-9; 22.1;F;1;29;On;On;Off; 22.5; 22.2;0;0;1084;0;1084;0;898;0;-
2026/04/19;00:40:20;97;-; 52.41; 0.0;-; 9.1; 11.1; 0.0;-;-;1857;-0.2; 0.0; 0.0;-9; 22.0;F;1;29;On;On;Off; 22.5; 22.2;0;0;1084;0;1084;0;898;0;-
2026/04/19;00:41:20;97;-; 52.41; 0.0;-; 9.1; 11.0; 0.0;-;-;1857;-0.2; 0.0; 0.0;-9; 22.1;F;1;29;On;On;Off; 22.5; 22.2;0;0;1084;0;1084;0;898;0;-
2026/04/19;00:42:20;97;-; 52.39; 0.0;-; 9.0; 11.1; 0.0;-;-;1857;-0.2; 0.0; 0.0;-8; 22.0;F;1;29;On;On;Off; 22.5; 22.2;0;0;1084;0;1084;0;898;0;-
2026/04/19;00:43:20;97;-; 52.39; 0.0;-; 9.0; 10.9; 0.0;-;-;1857;-0.2; 0.0; 0.0;-8; 22.0;F;1;29;On;On;Off; 22.5; 22.2;0;0;1084;0;1084;0;898;0;-
2026/04/19;00:44:20;97;-; 52.39; 0.0;-; 9.0; 10.9; 0.0;-;-;1857;-0.2; 0.0; 0.0;-8; 22.1;F;1;29;On;On;Off; 22.5; 22.2;0;0;1084;0;1084;0;898;0;-
2026/04/19;00:45:20;97;-; 52.39; 0.0;-; 8.9; 11.0; 0.0;-;-;1857;-0.2; 0.0; 0.0;-8; 22.1;F;1;29;On;On;Off; 22.5; 22.2;0;0;1084;0;1084;0;898;0;-
2026/04/19;00:46:20;97;-; 52.39; 0.0;-; 9.0; 10.8; 0.0;-;-;1857;-0.2; 0.0; 0.0;-9; 22.1;F;1;29;On;On;Off; 22.5; 22.2;0;0;1084;0;1084;0;898;0;-
2026/04/19;00:47:19;96;-; 52.39; 0.0;-; 9.0; 10.8; 0.0;-;-;1857;-0.2; 0.0; 0.0;-9; 22.0;F;1;29;On;On;Off; 22.5; 22.2;0;0;1084;0;1084;0;898;0;-
2026/04/19;00:48:19;96;-; 52.39; 0.0;-; 8.9; 11.0; 0.0;-;-;1857;-0.2; 0.0; 0.0;-9; 22.0;F;1;29;On;On;Off; 22.5; 22.2;0;0;1084;0;1084;0;898;0;-
2026/04/19;00:49:19;96;-; 52.39; 0.0;-; 9.0; 11.0; 0.0;-;-;1857;-0.2; 0.0; 0.0;-8; 22.0;F;1;29;On;On;Off; 22.5; 22.2;0;0;1084;0;1084;0;898;0;-
2026/04/19;00:50:19;96;-; 52.39; 0.0;-; 8.9; 10.9; 0.0;-;-;1857;-0.2; 0.0; 0.0;-9; 22.1;F;1;29;On;On;Off; 22.5; 22.2;0;0;1084;0;1084;0;898;0;-
2026/04/19;00:51:19;96;-; 52.39; 0.0;-; 9.0; 11.0; 0.0;-;-;1857;-0.2; 0.0; 0.0;-8; 22.0;F;1;29;On;On;Off; 22.5; 22.2;0;0;1084;0;1084;0;898;0;-
2026/04/19;00:52:19;96;-; 52.39; 0.0;-; 9.0; 11.0; 0.0;-;-;1857;-0.2; 0.0; 0.0;-8; 22.0;F;1;29;On;On;Off; 22.5; 22.2;0;0;1084;0;1084;0;898;0;-
2026/04/19;00:53:19;96;-; 52.39; 0.0;-; 9.0; 10.9; 0.0;-;-;1857;-0.2; 0.0; 0.0;-8; 22.0;F;1;29;On;On;Off; 22.5; 22.2;0;0;1084;0;1084;0;898;0;-
2026/04/19;00:54:19;96;-; 52.39; 0.0;-; 8.9; 10.9; 0.0;-;-;1857;-0.2; 0.0; 0.0;-8; 22.0;F;1;29;On;On;Off; 22.5; 22.2;0;0;1084;0;1084;0;898;0;-
2026/04/19;00:55:19;96;-; 52.37; 0.0;-; 8.9; 10.9; 0.0;-;-;1857;-0.2; 0.0; 0.0;-8; 22.0;F;1;29;On;On;Off; 22.5; 22.2;0;0;1084;0;1084;0;898;0;-
2026/04/19;00:56:19;96;-; 52.39; 0.0;-; 8.9; 10.9; 0.0;-;-;1857;-0.2; 0.0; 0.0;-8; 22.0;F;1;29;On;On;Off; 22.5; 22.2;0;0;1084;0;1084;0;898;0;-
2026/04/19;00:57:19;96;-; 52.39; 0.0;-; 8.9; 10.9; 0.0;-;-;1857;-0.2; 0.0; 0.0;-9; 22.0;F;1;29;On;On;Off; 22.5; 22.2;0;0;1084;0;1084;0;898;0;-
2026/04/19;00:58:19;96;-; 52.37; 0.0;-; 8.8; 10.9; 0.0;-;-;1857;-0.2; 0.0; 0.0;-9; 22.0;F;1;29;On;On;Off; 22.5; 22.2;0;0;1084;0;1084;0;898;0;-
2026/04/19;00:59:19;96;-; 52.39; 0.0;-; 8.9; 10.8; 0.0;-;-;1857;-0.2; 0.0; 0.0;-8; 22.0;F;1;29;On;On;Off; 22.5; 22.2;0;0;1084;0;1084;0;898;0;-
2026/04/19;01:00:19;96;-; 52.39; 0.0;-; 9.0; 11.0; 0.0;-;-;1857;-0.2; 0.0; 0.0;-8; 22.0;F;1;29;On;On;Off; 22.5; 22.2;0;0;1084;0;1084;0;898;0;-
2026/04/19;01:01:19;96;-; 52.39; 0.0;-; 8.9; 11.1; 0.0;-;-;1857;-0.2; 0.0; 0.0;-7; 22.0;F;1;29;On;On;Off; 22.5; 22.2;0;0;1084;0;1084;0;898;0;-
2026/04/19;01:02:19;96;-; 52.39; 0.0;-; 9.0; 10.9; 0.0;-;-;1857;-0.2; 0.0; 0.0;-8; 22.1;F;1;29;On;On;Off; 22.5; 22.2;0;0;1084;0;1084;0;898;0;-
2026/04/19;01:03:18;96;-; 52.39; 0.0;-; 8.9; 10.9; 0.0;-;-;1857;-0.2; 0.0; 0.0;-8; 22.0;F;1;29;On;On;Off; 22.5; 22.2;0;0;1084;0;1084;0;898;0;-
2026/04/19;01:04:18;96;-; 52.39; 0.0;-; 8.9; 10.8; 0.0;-;-;1857;-0.2; 0.0; 0.0;-8; 22.1;F;1;29;On;On;Off; 22.5; 22.2;0;0;1084;0;1084;0;898;0;-
2026/04/19;01:05:18;96;-; 52.37; 0.0;-; 8.8; 10.9; 0.0;-;-;1857;-0.2; 0.0; 0.0;-8; 22.1;F;1;29;On;On;Off; 22.5; 22.2;0;0;1084;0;1084;0;898;0;-
2026/04/19;01:06:18;96;-; 52.39; 0.0;-; 8.6; 10.8; 0.0;-;-;1857;-0.2; 0.0; 0.0;-8; 22.0;F;1;29;On;On;Off; 22.5; 22.2;0;0;1084;0;1084;0;898;0;-
2026/04/19;01:07:18;96;-; 52.39; 0.0;-; 8.7; 10.8; 0.0;-;-;1857;-0.2; 0.0; 0.0;-8; 22.1;F;1;29;On;On;Off; 22.5; 22.2;0;0;1084;0;1084;0;898;0;-
2026/04/19;01:08:18;96;-; 52.39; 0.0;-; 8.6; 10.7; 0.0;-;-;1857;-0.2; 0.0; 0.0;-8; 22.1;F;1;29;On;On;Off; 22.5; 22.2;0;0;1084;0;1084;0;898;0;-
2026/04/19;01:09:18;96;-; 52.39; 0.0;-; 8.6; 10.6; 0.0;-;-;1857;-0.2; 0.0; 0.0;-8; 22.1;F;1;29;On;On;Off; 22.5; 22.2;0;0;1084;0;1084;0;898;0;-
2026/04/19;01:10:18;96;-; 52.37; 0.0;-; 8.5; 10.7; 0.0;-;-;1857;-0.2; 0.0; 0.0;-8; 22.0;F;1;29;On;On;Off; 22.5; 22.2;0;0;1084;0;1084;0;898;0;-
2026/04/19;01:11:18;96;-; 52.37; 0.0;-; 8.6; 10.7; 0.0;-;-;1857;-0.2; 0.0; 0.0;-8; 22.0;F;1;29;On;On;Off; 22.4; 22.2;0;0;1084;0;1084;0;898;0;-
2026/04/19;01:12:18;96;-; 52.37; 0.0;-; 8.5; 10.7; 0.0;-;-;1857;-0.2; 0.0; 0.0;-8; 22.0;F;1;29;On;On;Off; 22.5; 22.2;0;0;1084;0;1084;0;898;0;-
2026/04/19;01:13:18;96;-; 52.39; 0.0;-; 8.5; 10.6; 0.0;-;-;1858;-0.2; 0.0; 0.0;-8; 22.0;F;1;29;On;On;Off; 22.5; 22.2;0;0;1084;0;1084;0;898;0;-
2026/04/19;01:14:18;96;-; 52.37; 0.0;-; 8.5; 10.5; 0.0;-;-;1858;-0.2; 0.0; 0.0;-8; 22.0;F;1;29;On;On;Off; 22.5; 22.2;0;0;1084;0;1084;0;898;0;-
2026/04/19;01:15:18;96;-; 52.39; 0.0;-; 8.5; 10.5; 0.0;-;-;1858;-0.2; 0.0; 0.0;-8; 22.0;F;1;29;On;On;Off; 22.5; 22.2;0;0;1084;0;1084;0;898;0;-
2026/04/19;01:16:18;96;-; 52.39; 0.0;-; 8.5; 10.7; 0.0;-;-;1858;-0.2; 0.0; 0.0;-8; 22.1;F;1;29;On;On;Off; 22.5; 22.2;0;0;1084;0;1084;0;898;0;-
2026/04/19;01:17:18;96;-; 52.37; 0.0;-; 8.4; 10.5; 0.0;-;-;1858;-0.2; 0.0; 0.0;-8; 22.1;F;1;29;On;On;Off; 22.4; 22.2;0;0;1084;0;1084;0;898;0;-
2026/04/19;01:18:17;96;-; 52.39; 0.0;-; 8.4; 10.5; 0.0;-;-;1858;-0.2; 0.0; 0.0;-8; 22.1;F;1;29;On;On;Off; 22.5; 22.2;0;0;1084;0;1084;0;898;0;-
2026/04/19;01:19:17;96;-; 52.37; 0.0;-; 8.4; 10.6; 0.0;-;-;1858;-0.2; 0.0; 0.0;-8; 22.0;F;1;29;On;On;Off; 22.4; 22.2;0;0;1084;0;1084;0;898;0;-
2026/04/19;01:20:17;96;-; 52.37; 0.0;-; 8.6; 10.8; 0.0;-;-;1858;-0.2; 0.0; 0.0;-8; 22.0;F;1;29;On;On;Off; 22.4; 22.2;0;0;1084;0;1084;0;898;0;-
2026/04/19;01:21:17;96;-; 52.37; 0.0;-; 8.5; 10.6; 0.0;-;-;1858;-0.2; 0.0; 0.0;-8; 22.1;F;1;29;On;On;Off; 22.4; 22.2;0;0;1084;0;1084;0;898;0;-
2026/04/19;01:22:17;96;-; 52.39; 0.0;-; 8.5; 10.8; 0.0;-;-;1858;-0.2; 0.0; 0.0;-8; 22.1;F;1;29;On;On;Off; 22.4; 22.2;0;0;1084;0;1084;0;898;0;-
2026/04/19;01:23:17;96;-; 52.39; 0.0;-; 8.5; 10.8; 0.0;-;-;1858;-0.2; 0.0; 0.0;-8; 22.0;F;1;29;On;On;Off; 22.4; 22.2;0;0;1084;0;1084;0;898;0;-
2026/04/19;01:24:17;96;-; 52.37; 0.0;-; 8.6; 10.7; 0.0;-;-;1858;-0.2; 0.0; 0.0;-8; 22.1;F;1;29;On;On;Off; 22.4; 22.2;0;0;1084;0;1084;0;898;0;-
2026/04/19;01:25:17;96;-; 52.37; 0.0;-; 8.8; 10.6; 0.0;-;-;1858;-0.2; 0.0; 0.0;-8; 22.0;F;1;29;On;On;Off; 22.4; 22.1;0;0;1084;0;1084;0;898;0;-
2026/04/19;01:26:17;96;-; 52.39; 0.0;-; 8.5; 10.7; 0.0;-;-;1858;-0.2; 0.0; 0.0;-8; 22.1;F;1;29;On;On;Off; 22.4; 22.2;0;0;1084;0;1084;0;898;0;-
2026/04/19;01:27:17;96;-; 52.37; 0.0;-; 8.6; 10.7; 0.0;-;-;1858;-0.2; 0.0; 0.0;-7; 22.1;F;1;29;On;On;Off; 22.4; 22.2;0;0;1084;0;1084;0;898;0;-
2026/04/19;01:28:17;96;-; 52.39; 0.0;-; 8.5; 10.5; 0.0;-;-;1858;-0.2; 0.0; 0.0;-8; 22.0;F;1;29;On;On;Off; 22.4; 22.1;0;0;1084;0;1084;0;898;0;-
2026/04/19;01:29:17;96;-; 52.39; 0.0;-; 8.6; 10.6; 0.0;-;-;1858;-0.2; 0.0; 0.0;-8; 22.1;F;1;29;On;On;Off; 22.4; 22.2;0;0;1084;0;1084;0;898;0;-
2026/04/19;01:30:17;96;-; 52.39; 0.0;-; 8.6; 10.6; 0.0;-;-;1858;-0.2; 0.0; 0.0;-8; 22.0;F;1;29;On;On;Off; 22.4; 22.2;0;0;1084;0;1084;0;898;0;-
2026/04/19;01:31:17;96;-; 52.37; 0.0;-; 8.6; 10.8; 0.0;-;-;1858;-0.2; 0.0; 0.0;-8; 22.1;F;1;29;On;On;Off; 22.4; 22.1;0;0;1084;0;1084;0;898;0;-
2026/04/19;01:32:17;96;-; 52.39; 0.0;-; 8.9; 10.9; 0.0;-;-;1858;-0.2; 0.0; 0.0;-8; 22.0;F;1;29;On;On;Off; 22.4; 22.1;0;0;1084;0;1084;0;898;0;-
2026/04/19;01:33:17;96;-; 52.37; 0.0;-; 8.8; 10.9; 0.0;-;-;1858;-0.2; 0.0; 0.0;-8; 22.1;F;1;29;On;On;Off; 22.4; 22.2;0;0;1084;0;1084;0;898;0;-
2026/04/19;01:34:16;96;-; 52.39; 0.0;-; 9.0; 10.9; 0.0;-;-;1858;-0.2; 0.0; 0.0;-8; 22.0;F;1;29;On;On;Off; 22.4; 22.1;0;0;1084;0;1084;0;898;0;-
2026/04/19;01:35:16;96;-; 52.39; 0.0;-; 8.8; 11.0; 0.0;-;-;1858;-0.2; 0.0; 0.0;-7; 22.0;F;1;29;On;On;Off; 22.4; 22.1;0;0;1084;0;1084;0;898;0;-
2026/04/19;01:36:16;96;-; 52.39; 0.0;-; 8.9; 10.9; 0.0;-;-;1858;-0.2; 0.0; 0.0;-8; 22.0;F;1;29;On;On;Off; 22.4; 22.1;0;0;1084;0;1084;0;898;0;-
2026/04/19;01:37:16;96;-; 52.39; 0.0;-; 9.0; 10.9; 0.0;-;-;1858;-0.2; 0.0; 0.0;-8; 22.0;F;1;29;On;On;Off; 22.4; 22.1;0;0;1084;0;1084;0;898;0;-
2026/04/19;01:38:16;96;-; 52.37; 0.0;-; 8.9; 11.0; 0.0;-;-;1858;-0.2; 0.0; 0.0;-8; 22.0;F;1;29;On;On;Off; 22.4; 22.1;0;0;1084;0;1084;0;898;0;-
2026/04/19;01:39:16;96;-; 52.39; 0.0;-; 8.9; 10.9; 0.0;-;-;1858;-0.2; 0.0; 0.0;-8; 22.0;F;1;29;On;On;Off; 22.4; 22.1;0;0;1084;0;1084;0;898;0;-
2026/04/19;01:40:16;96;-; 52.39; 0.0;-; 8.9; 10.9; 0.0;-;-;1858;-0.2; 0.0; 0.0;-8; 22.0;F;1;29;On;On;Off; 22.4; 22.1;0;0;1084;0;1084;0;898;0;-
2026/04/19;01:41:16;96;-; 52.39; 0.0;-; 8.9; 10.9; 0.0;-;-;1858;-0.2; 0.0; 0.0;-8; 22.0;F;1;29;On;On;Off; 22.4; 22.1;0;0;1084;0;1084;0;898;0;-
2026/04/19;01:42:16;96;-; 52.37; 0.0;-; 8.8; 10.9; 0.0;-;-;1858;-0.2; 0.0; 0.0;-8; 22.0;F;1;29;On;On;Off; 22.4; 22.1;0;0;1084;0;1084;0;898;0;-
2026/04/19;01:43:16;96;-; 52.37; 0.0;-; 8.8; 10.9; 0.0;-;-;1858;-0.2; 0.0; 0.0;-8; 22.0;F;1;29;On;On;Off; 22.4; 22.1;0;0;1084;0;1084;0;898;0;-
2026/04/19;01:44:16;96;-; 52.39; 0.0;-; 8.8; 10.9; 0.0;-;-;1858;-0.2; 0.0; 0.0;-8; 22.0;F;1;29;On;On;Off; 22.4; 22.1;0;0;1084;0;1084;0;898;0;-
2026/04/19;01:45:16;96;-; 52.39; 0.0;-; 8.7; 10.7; 0.0;-;-;1858;-0.2; 0.0; 0.0;-8; 22.0;F;1;29;On;On;Off; 22.4; 22.1;0;0;1084;0;1084;0;898;0;-
2026/04/19;01:46:16;96;-; 52.37; 0.0;-; 8.6; 10.7; 0.0;-;-;1858;-0.2; 0.0; 0.0;-8; 22.0;F;1;29;On;On;Off; 22.4; 22.1;0;0;1084;0;1084;0;898;0;-
2026/04/19;01:47:16;96;-; 52.37; 0.0;-; 8.5; 10.7; 0.0;-;-;1858;-0.2; 0.0; 0.0;-8; 22.0;F;1;29;On;On;Off; 22.4; 22.1;0;0;1084;0;1084;0;898;0;-
2026/04/19;01:48:16;96;-; 52.39; 0.0;-; 8.4; 10.5; 0.0;-;-;1858;-0.2; 0.0; 0.0;-8; 22.0;F;1;29;On;On;Off; 22.4; 22.1;0;0;1084;0;1084;0;898;0;-
2026/04/19;01:49:16;96;-; 52.39; 0.0;-; 8.2; 10.4; 0.0;-;-;1858;-0.2; 0.0; 0.0;-8; 22.0;F;1;29;On;On;Off; 22.4; 22.1;0;0;1084;0;1084;0;898;0;-
2026/04/19;01:50:15;96;-; 52.39; 0.0;-; 8.2; 10.4; 0.0;-;-;1858;-0.2; 0.0; 0.0;-8; 22.0;F;1;29;On;On;Off; 22.4; 22.1;0;0;1084;0;1084;0;898;0;-
2026/04/19;01:51:15;96;-; 52.39; 0.0;-; 8.1; 10.3; 0.0;-;-;1858;-0.2; 0.0; 0.0;-8; 22.0;F;1;29;On;On;Off; 22.4; 22.1;0;0;1084;0;1084;0;898;0;-
2026/04/19;01:52:15;96;-; 52.39; 0.0;-; 8.0; 10.3; 0.0;-;-;1858;-0.2; 0.0; 0.0;-8; 22.0;F;1;29;On;On;Off; 22.4; 22.1;0;0;1084;0;1084;0;898;0;-
2026/04/19;01:53:15;96;-; 52.37; 0.0;-; 7.9; 10.1; 0.0;-;-;1858;-0.2; 0.0; 0.0;-8; 22.0;F;1;29;On;On;Off; 22.4; 22.1;0;0;1084;0;1084;0;898;0;-
2026/04/19;01:54:15;96;-; 52.39; 0.0;-; 7.9; 10.2; 0.0;-;-;1858;-0.2; 0.0; 0.0;-8; 22.0;F;1;29;On;On;Off; 22.4; 22.1;0;0;1084;0;1084;0;898;0;-
2026/04/19;01:55:15;96;-; 52.39; 0.0;-; 8.0; 10.2; 0.0;-;-;1858;-0.2; 0.0; 0.0;-8; 22.0;F;1;29;On;On;Off; 22.4; 22.1;0;0;1084;0;1084;0;898;0;-
2026/04/19;01:56:15;96;-; 52.37; 0.0;-; 7.9; 10.1; 0.0;-;-;1858;-0.2; 0.0; 0.0;-7; 22.0;F;1;29;On;On;Off; 22.3; 22.1;0;0;1084;0;1084;0;898;0;-
2026/04/19;01:57:15;96;-; 52.37; 0.0;-; 7.8; 10.1; 0.0;-;-;1858;-0.2; 0.0; 0.0;-8; 22.0;F;1;29;On;On;Off; 22.4; 22.1;0;0;1084;0;1084;0;898;0;-
2026/04/19;01:58:15;96;-; 52.37; 0.0;-; 7.9; 10.0; 0.0;-;-;1858;-0.2; 0.0; 0.0;-8; 22.0;F;1;29;On;On;Off; 22.3; 22.1;0;0;1084;0;1084;0;898;0;-
2026/04/19;01:59:15;96;-; 52.37; 0.0;-; 7.8; 10.0; 0.0;-;-;1858;-0.2; 0.0; 0.0;-8; 22.0;F;1;29;On;On;Off; 22.3; 22.1;0;0;1084;0;1084;0;898;0;-
2026/04/19;02:00:15;96;-; 52.37; 0.0;-; 7.9; 10.1; 0.0;-;-;1858;-0.2; 0.0; 0.0;-8; 22.0;F;1;29;On;On;Off; 22.3; 22.1;0;0;1084;0;1084;0;898;0;-
2026/04/19;02:01:15;96;-; 52.37; 0.0;-; 7.8; 10.0; 0.0;-;-;1858;-0.2; 0.0; 0.0;-8; 22.0;F;1;29;On;On;Off; 22.3; 22.1;0;0;1084;0;1084;0;898;0;-
2026/04/19;02:02:15;96;-; 52.35; 0.0;-; 7.8; 10.0; 0.0;-;-;1858;-0.2; 0.0; 0.0;-8; 22.0;F;1;29;On;On;Off; 22.3; 22.1;0;0;1084;0;1084;0;898;0;-
2026/04/19;02:03:15;96;-; 52.37; 0.0;-; 7.8; 10.2; 0.0;-;-;1858;-0.2; 0.0; 0.0;-8; 22.0;F;1;29;On;On;Off; 22.3; 22.1;0;0;1084;0;1084;0;898;0;-
2026/04/19;02:04:15;96;-; 52.37; 0.0;-; 7.9; 10.1; 0.0;-;-;1858;-0.2; 0.0; 0.0;-8; 22.0;F;1;29;On;On;Off; 22.3; 22.1;0;0;1084;0;1084;0;898;0;-
2026/04/19;02:05:15;96;-; 52.37; 0.0;-; 7.8; 10.0; 0.0;-;-;1858;-0.2; 0.0; 0.0;-8; 22.0;F;1;29;On;On;Off; 22.3; 22.0;0;0;1084;0;1084;0;898;0;-
2026/04/19;02:06:14;96;-; 52.37; 0.0;-; 7.9; 10.1; 0.0;-;-;1858;-0.2; 0.0; 0.0;-8; 22.0;F;1;29;On;On;Off; 22.3; 22.1;0;0;1084;0;1084;0;898;0;-
2026/04/19;02:07:14;96;-; 52.37; 0.0;-; 7.7; 10.1; 0.0;-;-;1858;-0.1; 0.0; 0.0;-7; 22.0;F;1;29;On;On;Off; 22.3; 22.1;0;0;1084;0;1084;0;898;0;-
2026/04/19;02:08:14;96;-; 52.37; 0.0;-; 7.8; 9.9; 0.0;-;-;1858;-0.2; 0.0; 0.0;-8; 22.0;F;1;29;On;On;Off; 22.3; 22.1;0;0;1084;0;1084;0;898;0;-
2026/04/19;02:09:14;96;-; 52.37; 0.0;-; 7.8; 10.1; 0.0;-;-;1858;-0.2; 0.0; 0.0;-8; 22.0;F;1;29;On;On;Off; 22.3; 22.0;0;0;1084;0;1084;0;898;0;-
2026/04/19;02:10:14;96;-; 52.37; 0.0;-; 7.7; 10.1; 0.0;-;-;1858;-0.2; 0.0; 0.0;-8; 22.0;F;1;29;On;On;Off; 22.3; 22.1;0;0;1084;0;1084;0;898;0;-
2026/04/19;02:11:14;96;-; 52.37; 0.0;-; 7.7; 10.1; 0.0;-;-;1858;-0.2; 0.0; 0.0;-8; 22.0;F;1;29;On;On;Off; 22.3; 22.1;0;0;1084;0;1084;0;898;0;-
2026/04/19;02:12:14;96;-; 52.35; 0.0;-; 7.7; 10.1; 0.0;-;-;1858;-0.2; 0.0; 0.0;-8; 22.0;F;1;29;On;On;Off; 22.3; 22.1;0;0;1084;0;1084;0;898;0;-
2026/04/19;02:13:14;96;-; 52.37; 0.0;-; 7.8; 10.0; 0.0;-;-;1859;-0.2; 0.0; 0.0;-8; 22.0;F;1;29;On;On;Off; 22.3; 22.0;0;0;1084;0;1084;0;898;0;-
2026/04/19;02:14:14;96;-; 52.35; 0.0;-; 7.7; 10.0; 0.0;-;-;1859;-0.2; 0.0; 0.0;-8; 22.0;F;1;29;On;On;Off; 22.3; 22.0;0;0;1084;0;1084;0;898;0;-
2026/04/19;02:15:14;96;-; 52.37; 0.0;-; 7.7; 10.0; 0.0;-;-;1859;-0.2; 0.0; 0.0;-8; 22.0;F;1;29;On;On;Off; 22.3; 22.0;0;0;1084;0;1084;0;898;0;-
2026/04/19;02:16:14;96;-; 52.35; 0.0;-; 7.7; 9.8; 0.0;-;-;1859;-0.2; 0.0; 0.0;-8; 22.0;F;1;29;On;On;Off; 22.3; 22.0;0;0;1084;0;1084;0;898;0;-
2026/04/19;02:17:14;96;-; 52.35; 0.0;-; 7.7; 10.1; 0.0;-;-;1859;-0.2; 0.0; 0.0;-8; 22.0;F;1;29;On;On;Off; 22.3; 22.0;0;0;1084;0;1084;0;898;0;-
2026/04/19;02:18:14;96;-; 52.35; 0.0;-; 7.6; 10.1; 0.0;-;-;1859;-0.2; 0.0; 0.0;-8; 22.0;F;1;29;On;On;Off; 22.3; 22.1;0;0;1084;0;1084;0;898;0;-
2026/04/19;02:19:14;96;-; 52.35; 0.0;-; 7.7; 10.1; 0.0;-;-;1859;-0.2; 0.0; 0.0;-8; 22.0;F;1;29;On;On;Off; 22.3; 22.1;0;0;1084;0;1084;0;898;0;-
2026/04/19;02:20:14;96;-; 52.35; 0.0;-; 7.8; 10.0; 0.0;-;-;1859;-0.2; 0.0; 0.0;-9; 22.0;F;1;29;On;On;Off; 22.3; 22.1;0;0;1084;0;1084;0;898;0;-
2026/04/19;02:21:14;96;-; 52.37; 0.0;-; 7.7; 10.1; 0.0;-;-;1859;-0.2; 0.0; 0.0;-8; 22.0;F;1;29;On;On;Off; 22.3; 22.1;0;0;1084;0;1084;0;898;0;-
2026/04/19;02:22:13;96;-; 52.37; 0.0;-; 7.7; 10.2; 0.0;-;-;1859;-0.2; 0.0; 0.0;-8; 22.0;F;1;29;On;On;Off; 22.3; 22.0;0;0;1084;0;1084;0;898;0;-
2026/04/19;02:23:13;95;-; 52.37; 0.0;-; 7.7; 10.0; 0.0;-;-;1859;-0.2; 0.0; 0.0;-9; 22.0;F;1;29;On;On;Off; 22.3; 22.0;0;0;1084;0;1084;0;898;0;-
2026/04/19;02:24:13;95;-; 52.37; 0.0;-; 7.7; 10.1; 0.0;-;-;1859;-0.2; 0.0; 0.0;-9; 22.0;F;1;29;On;On;Off; 22.3; 22.1;0;0;1084;0;1084;0;898;0;-
2026/04/19;02:25:13;95;-; 52.37; 0.0;-; 7.7; 10.1; 0.0;-;-;1859;-0.2; 0.0; 0.0;-9; 22.0;F;1;29;On;On;Off; 22.3; 22.1;0;0;1084;0;1084;0;898;0;-
2026/04/19;02:26:13;95;-; 52.37; 0.0;-; 7.7; 10.0; 0.0;-;-;1859;-0.2; 0.0; 0.0;-9; 22.0;F;1;29;On;On;Off; 22.3; 22.0;0;0;1084;0;1084;0;898;0;-
2026/04/19;02:27:13;95;-; 52.35; 0.0;-; 7.8; 10.0; 0.0;-;-;1859;-0.2; 0.0; 0.0;-8; 22.0;F;1;29;On;On;Off; 22.3; 22.0;0;0;1084;0;1084;0;898;0;-
2026/04/19;02:28:13;95;-; 52.37; 0.0;-; 7.7; 10.1; 0.0;-;-;1859;-0.2; 0.0; 0.0;-8; 22.0;F;1;29;On;On;Off; 22.3; 22.1;0;0;1084;0;1084;0;898;0;-
2026/04/19;02:29:13;95;-; 52.37; 0.0;-; 7.8; 10.1; 0.0;-;-;1859;-0.2; 0.0; 0.0;-9; 22.0;F;1;29;On;On;Off; 22.3; 22.0;0;0;1084;0;1084;0;898;0;-
2026/04/19;02:30:13;95;-; 52.37; 0.0;-; 7.8; 10.1; 0.0;-;-;1859;-0.2; 0.0; 0.0;-9; 22.0;F;1;29;On;On;Off; 22.3; 22.1;0;0;1084;0;1084;0;898;0;-
2026/04/19;02:31:13;95;-; 52.37; 0.0;-; 7.8; 10.1; 0.0;-;-;1859;-0.2; 0.0; 0.0;-8; 22.0;F;1;29;On;On;Off; 22.3; 22.0;0;0;1084;0;1084;0;898;0;-
2026/04/19;02:32:13;95;-; 52.37; 0.0;-; 7.8; 10.1; 0.0;-;-;1859;-0.2; 0.0; 0.0;-8; 22.0;F;1;29;On;On;Off; 22.3; 22.1;0;0;1084;0;1084;0;898;0;-
2026/04/19;02:33:13;95;-; 52.37; 0.0;-; 7.8; 10.2; 0.0;-;-;1859;-0.2; 0.0; 0.0;-8; 22.0;F;1;29;On;On;Off; 22.3; 22.0;0;0;1084;0;1084;0;898;0;-
2026/04/19;02:34:13;95;-; 52.37; 0.0;-; 7.9; 10.2; 0.0;-;-;1859;-0.2; 0.0; 0.0;-8; 22.0;F;1;29;On;On;Off; 22.3; 22.0;0;0;1084;0;1084;0;898;0;-
2026/04/19;02:35:13;95;-; 52.35; 0.0;-; 7.8; 10.1; 0.0;-;-;1859;-0.2; 0.0; 0.0;-8; 22.0;F;1;29;On;On;Off; 22.3; 22.1;0;0;1084;0;1084;0;898;0;-
2026/04/19;02:36:13;95;-; 52.37; 0.0;-; 7.7; 10.2; 0.0;-;-;1859;-0.2; 0.0; 0.0;-8; 22.0;F;1;29;On;On;Off; 22.3; 22.1;0;0;1084;0;1084;0;898;0;-
2026/04/19;02:37:12;95;-; 52.37; 0.0;-; 7.7; 10.1; 0.0;-;-;1859;-0.2; 0.0; 0.0;-8; 22.0;F;1;29;On;On;Off; 22.3; 22.0;0;0;1084;0;1084;0;898;0;-
2026/04/19;02:38:12;95;-; 52.37; 0.0;-; 7.7; 10.1; 0.0;-;-;1859;-0.2; 0.0; 0.0;-8; 22.0;F;1;29;On;On;Off; 22.3; 22.0;0;0;1084;0;1084;0;898;0;-
2026/04/19;02:39:12;95;-; 52.37; 0.0;-; 7.7; 10.1; 0.0;-;-;1859;-0.2; 0.0; 0.0;-8; 22.0;F;1;29;On;On;Off; 22.3; 22.1;0;0;1084;0;1084;0;898;0;-
2026/04/19;02:40:12;95;-; 52.37; 0.0;-; 7.7; 10.2; 0.0;-;-;1859;-0.2; 0.0; 0.0;-9; 22.0;F;1;29;On;On;Off; 22.3; 22.1;0;0;1084;0;1084;0;898;0;-
2026/04/19;02:41:12;95;-; 52.37; 0.0;-; 7.8; 10.1; 0.0;-;-;1859;-0.2; 0.0; 0.0;-9; 22.0;F;1;29;On;On;Off; 22.3; 22.0;0;0;1084;0;1084;0;898;0;-
2026/04/19;02:42:12;95;-; 52.37; 0.0;-; 7.8; 10.0; 0.0;-;-;1859;-0.2; 0.0; 0.0;-8; 22.0;F;1;29;On;On;Off; 22.3; 22.0;0;0;1084;0;1084;0;898;0;-
2026/04/19;02:43:12;95;-; 52.35; 0.0;-; 7.8; 10.2; 0.0;-;-;1859;-0.2; 0.0; 0.0;-8; 22.0;F;1;29;On;On;Off; 22.3; 22.0;0;0;1084;0;1084;0;898;0;-
2026/04/19;02:44:12;95;-; 52.37; 0.0;-; 7.8; 10.2; 0.0;-;-;1859;-0.2; 0.0; 0.0;-9; 22.0;F;1;29;On;On;Off; 22.3; 22.0;0;0;1084;0;1084;0;898;0;-
2026/04/19;02:45:12;95;-; 52.37; 0.0;-; 7.8; 10.1; 0.0;-;-;1859;-0.2; 0.0; 0.0;-8; 22.0;F;1;29;On;On;Off; 22.3; 22.0;0;0;1084;0;1084;0;898;0;-
2026/04/19;02:46:12;95;-; 52.37; 0.0;-; 7.8; 10.1; 0.0;-;-;1859;-0.2; 0.0; 0.0;-8; 22.0;F;1;29;On;On;Off; 22.3; 22.0;0;0;1084;0;1084;0;898;0;-
2026/04/19;02:47:12;95;-; 52.35; 0.0;-; 7.9; 10.2; 0.0;-;-;1859;-0.2; 0.0; 0.0;-8; 22.0;F;1;29;On;On;Off; 22.3; 22.1;0;0;1084;0;1084;0;898;0;-
2026/04/19;02:48:12;95;-; 52.37; 0.0;-; 7.9; 10.3; 0.0;-;-;1859;-0.2; 0.0; 0.0;-9; 22.0;F;1;29;On;On;Off; 22.3; 22.0;0;0;1084;0;1084;0;898;0;-
2026/04/19;02:49:12;95;-; 52.37; 0.0;-; 7.9; 10.2; 0.0;-;-;1859;-0.2; 0.0; 0.0;-9; 22.0;F;1;29;On;On;Off; 22.3; 22.0;0;0;1084;0;1084;0;898;0;-
2026/04/19;02:50:12;95;-; 52.37; 0.0;-; 7.9; 10.3; 0.0;-;-;1859;-0.2; 0.0; 0.0;-9; 22.0;F;1;29;On;On;Off; 22.3; 22.0;0;0;1084;0;1084;0;898;0;-
2026/04/19;02:51:12;95;-; 52.37; 0.0;-; 8.4; 10.5; 0.0;-;-;1859;-0.2; 0.0; 0.0;-9; 22.0;F;1;29;On;On;Off; 22.3; 22.1;0;0;1084;0;1084;0;898;0;-
2026/04/19;02:52:12;95;-; 52.37; 0.0;-; 7.9; 10.2; 0.0;-;-;1859;-0.2; 0.0; 0.0;-9; 22.0;F;1;29;On;On;Off; 22.3; 22.0;0;0;1084;0;1084;0;898;0;-
2026/04/19;02:53:11;95;-; 52.37; 0.0;-; 7.9; 10.2; 0.0;-;-;1859;-0.2; 0.0; 0.0;-8; 22.0;F;1;29;On;On;Off; 22.3; 22.0;0;0;1084;0;1084;0;898;0;-
2026/04/19;02:54:11;95;-; 52.37; 0.0;-; 7.8; 10.3; 0.0;-;-;1859;-0.2; 0.0; 0.0;-9; 22.0;F;1;29;On;On;Off; 22.3; 22.0;0;0;1084;0;1084;0;898;0;-
2026/04/19;02:55:11;95;-; 52.35; 0.0;-; 8.0; 10.3; 0.0;-;-;1859;-0.2; 0.0; 0.0;-8; 22.0;F;1;29;On;On;Off; 22.3; 22.0;0;0;1084;0;1084;0;898;0;-
2026/04/19;02:56:11;95;-; 52.35; 0.0;-; 8.0; 10.3; 0.0;-;-;1859;-0.2; 0.0; 0.0;-8; 22.0;F;1;29;On;On;Off; 22.3; 22.0;0;0;1084;0;1084;0;898;0;-
2026/04/19;02:57:11;95;-; 52.37; 0.0;-; 8.1; 10.3; 0.0;-;-;1859;-0.2; 0.0; 0.0;-8; 22.0;F;1;29;On;On;Off; 22.3; 22.0;0;0;1084;0;1084;0;898;0;-
2026/04/19;02:58:11;95;-; 52.37; 0.0;-; 8.1; 10.2; 0.0;-;-;1859;-0.2; 0.0; 0.0;-8; 22.0;F;1;29;On;On;Off; 22.3; 22.0;0;0;1084;0;1084;0;898;0;-
2026/04/19;02:59:11;95;-; 52.37; 0.0;-; 8.1; 10.3; 0.0;-;-;1859;-0.2; 0.0; 0.0;-8; 22.0;F;1;29;On;On;Off; 22.3; 22.0;0;0;1084;0;1084;0;898;0;-
2026/04/19;03:00:11;95;-; 52.37; 0.0;-; 10.0; 10.9; 0.0;-;-;1859;-0.2; 0.0; 0.0;-8; 22.0;F;1;29;On;On;Off; 22.3; 22.0;0;0;1084;0;1084;0;898;0;-
2026/04/19;03:01:11;95;-; 52.35; 0.0;-; 10.0; 10.8; 0.0;-;-;1859;-0.2; 0.0; 0.0;-9; 22.0;F;1;29;On;On;Off; 22.3; 22.0;0;0;1084;0;1084;0;898;0;-
2026/04/19;03:02:11;95;-; 52.37; 0.0;-; 9.9; 11.0; 0.0;-;-;1859;-0.2; 0.0; 0.0;-9; 22.0;F;1;29;On;On;Off; 22.3; 22.0;0;0;1084;0;1084;0;898;0;-
2026/04/19;03:03:11;95;-; 52.37; 0.0;-; 10.1; 11.1; 0.0;-;-;1859;-0.2; 0.0; 0.0;-9; 22.0;F;1;29;On;On;Off; 22.3; 22.0;0;0;1084;0;1084;0;898;0;-
2026/04/19;03:04:11;95;-; 52.37; 0.0;-; 10.0; 10.9; 0.0;-;-;1859;-0.2; 0.0; 0.0;-9; 22.0;F;1;29;On;On;Off; 22.3; 22.0;0;0;1084;0;1084;0;898;0;-
2026/04/19;03:05:11;95;-; 52.35; 0.0;-; 9.9; 11.0; 0.0;-;-;1859;-0.2; 0.0; 0.0;-9; 22.0;F;1;29;On;On;Off; 22.3; 22.0;0;0;1084;0;1084;0;898;0;-
2026/04/19;03:06:11;95;-; 52.35; 0.0;-; 10.1; 11.1; 0.0;-;-;1859;-0.2; 0.0; 0.0;-9; 22.0;F;1;29;On;On;Off; 22.3; 22.0;0;0;1084;0;1084;0;898;0;-
2026/04/19;03:07:11;95;-; 52.35; 0.0;-; 10.1; 11.2; 0.0;-;-;1859;-0.2; 0.0; 0.0;-9; 21.9;F;1;29;On;On;Off; 22.3; 22.0;0;0;1084;0;1084;0;898;0;-
2026/04/19;03:08:11;95;-; 52.35; 0.0;-; 10.1; 11.1; 0.0;-;-;1859;-0.2; 0.0; 0.0;-9; 22.0;F;1;29;On;On;Off; 22.3; 22.0;0;0;1084;0;1084;0;898;0;-
2026/04/19;03:09:10;95;-; 52.37; 0.0;-; 10.2; 11.2; 0.0;-;-;1859;-0.2; 0.0; 0.0;-9; 21.9;F;1;29;On;On;Off; 22.3; 22.0;0;0;1084;0;1084;0;898;0;-
2026/04/19;03:10:10;95;-; 52.35; 0.0;-; 10.3; 11.2; 0.0;-;-;1859;-0.2; 0.0; 0.0;-9; 21.9;F;1;29;On;On;Off; 22.3; 22.0;0;0;1084;0;1084;0;898;0;-
2026/04/19;03:11:10;95;-; 52.35; 0.0;-; 10.4; 11.1; 0.0;-;-;1859;-0.2; 0.0; 0.0;-9; 21.9;F;1;29;On;On;Off; 22.3; 22.0;0;0;1084;0;1084;0;898;0;-
2026/04/19;03:12:10;95;-; 52.35; 0.0;-; 10.4; 11.2; 0.0;-;-;1859;-0.2; 0.0; 0.0;-9; 21.9;F;1;29;On;On;Off; 22.3; 22.0;0;0;1084;0;1084;0;898;0;-
2026/04/19;03:13:10;95;-; 52.35; 0.0;-; 10.5; 11.3; 0.0;-;-;1860;-0.2; 0.0; 0.0;-9; 21.9;F;1;29;On;On;Off; 22.3; 22.0;0;0;1084;0;1084;0;898;0;-
2026/04/19;03:14:10;95;-; 52.37; 0.0;-; 10.6; 11.4; 0.0;-;-;1860;-0.2; 0.0; 0.0;-9; 21.9;F;1;29;On;On;Off; 22.3; 22.0;0;0;1084;0;1084;0;898;0;-
2026/04/19;03:15:10;95;-; 52.35; 0.0;-; 10.6; 11.4; 0.0;-;-;1860;-0.2; 0.0; 0.0;-9; 21.9;F;1;29;On;On;Off; 22.3; 22.0;0;0;1084;0;1084;0;898;0;-
2026/04/19;03:16:10;95;-; 52.37; 0.0;-; 10.7; 11.5; 0.0;-;-;1860;-0.2; 0.0; 0.0;-8; 21.9;F;1;29;On;On;Off; 22.3; 22.0;0;0;1084;0;1084;0;898;0;-
2026/04/19;03:17:10;95;-; 52.37; 0.0;-; 10.8; 11.6; 0.0;-;-;1860;-0.2; 0.0; 0.0;-8; 21.9;F;1;29;On;On;Off; 22.3; 22.0;0;0;1084;0;1084;0;898;0;-
2026/04/19;03:18:10;95;-; 52.37; 0.0;-; 10.9; 11.6; 0.0;-;-;1860;-0.2; 0.0; 0.0;-8; 21.9;F;1;29;On;On;Off; 22.3; 22.0;0;0;1084;0;1084;0;898;0;-
2026/04/19;03:19:10;95;-; 52.35; 0.0;-; 11.0; 11.8; 0.0;-;-;1860;-0.2; 0.0; 0.0;-8; 21.9;F;1;29;On;On;Off; 22.3; 22.0;0;0;1084;0;1084;0;898;0;-
2026/04/19;03:20:10;95;-; 52.37; 0.0;-; 11.1; 12.1; 0.0;-;-;1860;-0.2; 0.0; 0.0;-8; 21.9;F;1;29;On;On;Off; 22.3; 22.0;0;0;1084;0;1084;0;898;0;-
2026/04/19;03:21:10;95;-; 52.37; 0.0;-; 11.2; 12.0; 0.0;-;-;1860;-0.2; 0.0; 0.0;-7; 21.9;F;1;29;On;On;Off; 22.3; 22.0;0;0;1084;0;1084;0;898;0;-
2026/04/19;03:22:10;95;-; 52.35; 0.0;-; 11.4; 12.2; 0.0;-;-;1860;-0.2; 0.0; 0.0;-8; 21.9;F;1;29;On;On;Off; 22.3; 22.0;0;0;1084;0;1084;0;898;0;-
2026/04/19;03:23:10;95;-; 52.37; 0.0;-; 11.6; 12.1; 0.0;-;-;1860;-0.2; 0.0; 0.0;-8; 21.9;F;1;29;On;On;Off; 22.3; 22.0;0;0;1084;0;1084;0;898;0;-
2026/04/19;03:24:10;95;-; 52.35; 0.0;-; 11.8; 12.5; 0.0;-;-;1860;-0.2; 0.0; 0.0;-8; 21.9;F;1;29;On;On;Off; 22.2; 22.0;0;0;1084;0;1084;0;898;0;-
2026/04/19;03:25:09;95;-; 52.37; 0.0;-; 12.0; 12.6; 0.0;-;-;1860;-0.2; 0.0; 0.0;-8; 21.9;F;1;29;On;On;Off; 22.3; 22.0;0;0;1084;0;1084;0;898;0;-
2026/04/19;03:26:09;95;-; 52.37; 0.0;-; 12.1; 12.6; 0.0;-;-;1860;-0.2; 0.0; 0.0;-8; 21.9;F;1;29;On;On;Off; 22.3; 21.9;0;0;1084;0;1084;0;898;0;-
2026/04/19;03:27:09;95;-; 52.37; 0.0;-; 12.3; 13.0; 0.0;-;-;1860;-0.2; 0.0; 0.0;-8; 21.9;F;1;29;On;On;Off; 22.3; 22.0;0;0;1084;0;1084;0;898;0;-
2026/04/19;03:28:09;95;-; 52.35; 0.0;-; 12.6; 13.1; 0.0;-;-;1860;-0.2; 0.0; 0.0;-8; 21.9;F;1;29;On;On;Off; 22.2; 21.9;0;0;1084;0;1084;0;898;0;-
2026/04/19;03:29:09;95;-; 52.35; 0.0;-; 12.9; 13.2; 0.0;-;-;1860;-0.2; 0.0; 0.0;-8; 21.9;F;1;29;On;On;Off; 22.2; 21.9;0;0;1084;0;1084;0;898;0;-
2026/04/19;03:30:09;95;-; 52.37; 0.0;-; 13.1; 13.4; 0.0;-;-;1860;-0.2; 0.0; 0.0;-8; 21.9;F;1;29;On;On;Off; 22.2; 22.0;0;0;1084;0;1084;0;898;0;-
2026/04/19;03:31:09;95;-; 52.37; 0.0;-; 13.5; 13.8; 0.0;-;-;1860;-0.2; 0.0; 0.0;-8; 21.9;F;1;29;On;On;Off; 22.2; 22.0;0;0;1084;0;1084;0;898;0;-
2026/04/19;03:32:09;95;-; 52.35; 0.0;-; 13.8; 13.9; 0.0;-;-;1860;-0.2; 0.0; 0.0;-8; 21.9;F;1;29;On;On;Off; 22.2; 21.9;0;0;1084;0;1084;0;898;0;-
2026/04/19;03:33:09;95;-; 52.37; 0.0;-; 14.1; 14.2; 0.0;-;-;1860;-0.2; 0.0; 0.0;-8; 21.9;F;1;29;On;On;Off; 22.2; 22.0;0;0;1084;0;1084;0;898;0;-
2026/04/19;03:34:09;95;-; 52.37; 0.0;-; 14.4; 14.4; 0.0;-;-;1860;-0.2; 0.0; 0.0;-9; 21.9;F;1;29;On;On;Off; 22.2; 21.9;0;0;1084;0;1084;0;898;0;-
2026/04/19;03:35:09;95;-; 52.35; 0.0;-; 14.8; 14.8; 0.0;-;-;1860;-0.2; 0.0; 0.0;-9; 21.9;F;1;29;On;On;Off; 22.2; 21.9;0;0;1084;0;1084;0;898;0;-
2026/04/19;03:36:09;95;-; 52.35; 0.0;-; 15.3; 15.2; 0.0;-;-;1860;-0.2; 0.0; 0.0;-9; 21.9;F;1;29;On;On;Off; 22.2; 21.9;0;0;1084;0;1084;0;898;0;-
2026/04/19;03:37:09;95;-; 52.35; 0.0;-; 15.7; 15.5; 0.0;-;-;1860;-0.2; 0.0; 0.0;-9; 21.9;F;1;29;On;On;Off; 22.2; 21.9;0;0;1084;0;1084;0;898;0;-
2026/04/19;03:38:09;95;-; 52.35; 0.0;-; 16.1; 15.9; 0.0;-;-;1860;-0.2; 0.0; 0.0;-9; 21.9;F;1;29;On;On;Off; 22.2; 21.9;0;0;1084;0;1084;0;898;0;-
2026/04/19;03:39:09;95;-; 52.35; 0.0;-; 16.6; 16.3; 0.0;-;-;1860;-0.2; 0.0; 0.0;-9; 21.9;F;1;29;On;On;Off; 22.2; 21.9;0;0;1084;0;1084;0;898;0;-
2026/04/19;03:40:09;95;-; 52.35; 0.0;-; 17.2; 16.8; 0.0;-;-;1860;-0.2; 0.0; 0.0;-9; 21.9;F;1;29;On;On;Off; 22.2; 21.9;0;0;1084;0;1084;0;898;0;-
2026/04/19;03:41:08;95;-; 52.35; 0.0;-; 17.7; 17.3; 0.0;-;-;1860;-0.2; 0.0; 0.0;-9; 21.9;F;1;29;On;On;Off; 22.2; 21.9;0;0;1084;0;1084;0;898;0;-
2026/04/19;03:42:08;95;-; 52.33; 0.0;-; 18.5; 18.0; 0.0;-;-;1860;-0.2; 0.0; 0.0;-9; 21.9;F;1;29;On;On;Off; 22.2; 21.9;0;0;1084;0;1084;0;898;0;-
2026/04/19;03:43:08;95;-; 52.35; 0.0;-; 19.1; 18.3; 0.0;-;-;1860;-0.2; 0.0; 0.0;-9; 21.9;F;1;29;On;On;Off; 22.2; 21.9;0;0;1084;0;1084;0;898;0;-
2026/04/19;03:44:08;95;-; 52.35; 0.0;-; 19.9; 19.1; 0.0;-;-;1860;-0.2; 0.0; 0.0;-9; 21.9;F;1;29;On;On;Off; 22.2; 21.9;0;0;1084;0;1084;0;898;0;-
2026/04/19;03:45:08;95;-; 52.35; 0.0;-; 20.5; 19.7; 0.0;-;-;1860;-0.2; 0.0; 0.0;-9; 21.9;F;1;29;On;On;Off; 22.2; 21.9;0;0;1084;0;1084;0;898;0;-
2026/04/19;03:46:08;95;-; 52.35; 0.0;-; 21.3; 20.4; 0.0;-;-;1860;-0.2; 0.0; 0.0;-9; 21.9;F;1;29;On;On;Off; 22.2; 21.9;0;0;1084;0;1084;0;898;0;-
2026/04/19;03:47:08;95;-; 52.33; 0.0;-; 22.2; 21.0; 0.0;-;-;1860;-0.2; 0.0; 0.0;-9; 21.9;F;1;29;On;On;Off; 22.2; 21.9;0;0;1084;0;1084;0;898;0;-
2026/04/19;03:48:08;95;-; 52.35; 0.0;-; 22.9; 21.9; 0.0;-;-;1860;-0.2; 0.0; 0.0;-9; 21.9;F;1;29;On;On;Off; 22.2; 21.9;0;0;1084;0;1084;0;898;0;-
2026/04/19;03:49:08;95;-; 52.35; 0.0;-; 23.9; 22.7; 0.0;-;-;1860;-0.2; 0.0; 0.0;-9; 21.9;F;1;29;On;On;Off; 22.2; 21.9;0;0;1084;0;1084;0;898;0;-
2026/04/19;03:50:08;95;-; 52.35; 0.0;-; 24.9; 23.6; 0.0;-;-;1860;-0.2; 0.0; 0.0;-9; 21.9;F;1;29;On;On;Off; 22.2; 21.9;0;0;1084;0;1084;0;898;0;-
2026/04/19;03:51:08;95;-; 52.35; 0.0;-; 25.9; 24.7; 0.0;-;-;1860;-0.2; 0.0; 0.0;-9; 21.9;F;1;29;On;On;Off; 22.2; 21.9;0;0;1084;0;1084;0;898;0;-
2026/04/19;03:52:08;95;-; 52.35; 0.0;-; 27.1; 25.6; 0.0;-;-;1860;-0.2; 0.0; 0.0;-9; 21.9;F;1;29;On;On;Off; 22.2; 21.9;0;0;1084;0;1084;0;898;0;-
2026/04/19;03:53:08;95;-; 52.33; 0.0;-; 28.1; 26.5; 0.0;-;-;1860;-0.2; 0.0; 0.0;-9; 21.9;F;1;29;On;On;Off; 22.2; 21.9;0;0;1084;0;1084;0;898;0;-
2026/04/19;03:54:08;95;-; 52.35; 0.0;-; 29.2; 27.5; 0.0;-;-;1860;-0.2; 0.0; 0.0;-9; 21.9;F;1;29;On;On;Off; 22.2; 21.9;0;0;1084;0;1084;0;898;0;-
2026/04/19;03:55:08;95;-; 52.35; 0.0;-; 30.4; 28.7; 0.0;-;-;1860;-0.2; 0.0; 0.0;-9; 21.9;F;1;29;On;On;Off; 22.2; 21.9;0;0;1084;0;1084;0;898;0;-
2026/04/19;03:56:08;95;-; 52.35; 0.0;-; 31.7; 30.0; 0.0;-;-;1860;-0.2; 0.0; 0.0;-9; 21.9;F;1;29;On;On;Off; 22.2; 21.9;0;0;1084;0;1084;0;898;0;-
2026/04/19;03:57:07;95;-; 52.35; 0.0;-; 32.8; 31.1; 0.0;-;-;1860;-0.2; 0.0; 0.0;-9; 21.9;F;1;29;On;On;Off; 22.2; 21.9;0;0;1084;0;1084;0;898;0;-
2026/04/19;03:58:07;95;-; 52.33; 0.0;-; 34.0; 32.3; 0.0;-;-;1860;-0.2; 0.0; 0.0;-9; 21.9;F;1;29;On;On;Off; 22.2; 21.9;0;0;1084;0;1084;0;898;0;-
2026/04/19;03:59:07;95;-; 52.33; 0.0;-; 35.2; 33.5; 0.0;-;-;1860;-0.2; 0.0; 0.0;-9; 21.9;F;1;29;On;On;Off; 22.2; 21.9;0;0;1084;0;1084;0;898;0;-
2026/04/19;04:00:07;95;-; 52.35; 0.0;-; 36.6; 34.5; 0.0;-;-;1860;-0.2; 0.0; 0.0;-8; 21.9;F;1;29;On;On;Off; 22.2; 21.9;0;0;1084;0;1084;0;898;0;-
2026/04/19;04:01:07;95;-; 52.35; 0.0;-; 38.0; 35.8; 0.0;-;-;1860;-0.2; 0.0; 0.0;-9; 21.9;F;1;29;On;On;Off; 22.2; 21.9;0;0;1084;0;1084;0;898;0;-
2026/04/19;04:02:07;95;-; 52.35; 0.0;-; 39.4; 37.2; 0.0;-;-;1860;-0.2; 0.0; 0.0;-9; 21.9;F;1;29;On;On;Off; 22.2; 21.9;0;0;1084;0;1084;0;898;0;-
2026/04/19;04:03:07;95;-; 52.35; 0.0;-; 40.5; 38.3; 0.0;-;-;1860;-0.2; 0.0; 0.0;-8; 21.9;F;1;29;On;On;Off; 22.2; 22.0;0;0;1084;0;1084;0;898;0;-
2026/04/19;04:04:07;95;-; 52.35; 0.0;-; 42.0; 39.8; 0.0;-;-;1860;-0.2; 0.0; 0.0;-9; 21.9;F;1;29;On;On;Off; 22.2; 22.0;0;0;1084;0;1084;0;898;0;-
2026/04/19;04:05:07;94;-; 52.33; 0.0;-; 43.3; 41.1; 0.0;-;-;1860;-0.2; 0.0; 0.0;-9; 22.0;F;1;29;On;On;Off; 22.2; 21.9;0;0;1084;0;1084;0;898;0;-
2026/04/19;04:06:07;94;-; 52.35; 0.0;-; 44.5; 42.3; 0.0;-;-;1860;-0.2; 0.0; 0.0;-9; 22.0;F;1;29;On;On;Off; 22.2; 21.9;0;0;1084;0;1084;0;898;0;-
2026/04/19;04:07:07;94;-; 52.35; 0.0;-; 45.8; 43.6; 0.0;-;-;1860;-0.2; 0.0; 0.0;-9; 22.0;F;1;29;On;On;Off; 22.2; 21.9;0;0;1084;0;1084;0;898;0;-
2026/04/19;04:08:07;94;-; 52.35; 0.0;-; 46.8; 44.8; 0.0;-;-;1860;-0.2; 0.0; 0.0;-9; 22.0;F;1;29;On;On;Off; 22.2; 21.9;0;0;1084;0;1084;0;898;0;-
2026/04/19;04:09:07;94;-; 52.35; 0.0;-; 47.9; 46.0; 0.0;-;-;1860;-0.2; 0.0; 0.0;-8; 22.0;F;1;29;On;On;Off; 22.3; 21.9;0;0;1084;0;1084;0;898;0;-
2026/04/19;04:10:07;94;-; 52.35; 0.0;-; 48.9; 47.2; 0.0;-;-;1860;-0.2; 0.0; 0.0;-9; 22.0;F;1;29;On;On;Off; 22.2; 21.9;0;0;1084;0;1084;0;898;0;-
2026/04/19;04:11:07;94;-; 52.35; 0.0;-; 49.9; 48.2; 0.0;-;-;1860;-0.2; 0.0; 0.0;-8; 22.0;F;1;29;On;On;Off; 22.2; 22.0;0;0;1084;0;1084;0;898;0;-
2026/04/19;04:12:06;94;-; 52.35; 0.0;-; 50.9; 49.2; 0.0;-;-;1860;-0.2; 0.0; 0.0;-8; 22.0;F;1;29;On;On;Off; 22.2; 21.9;0;0;1084;0;1084;0;898;0;-
2026/04/19;04:13:06;94;-; 52.35; 0.0;-; 51.8; 50.2; 0.0;-;-;1861;-0.2; 0.0; 0.0;-8; 22.0;F;1;29;On;On;Off; 22.2; 21.9;0;0;1084;0;1084;0;898;0;-
2026/04/19;04:14:06;94;-; 52.33; 0.0;-; 52.7; 51.1; 0.0;-;-;1861;-0.2; 0.0; 0.0;-8; 22.0;F;1;29;On;On;Off; 22.2; 21.9;0;0;1084;0;1084;0;898;0;-
2026/04/19;04:15:06;94;-; 52.35; 0.0;-; 53.5; 52.1; 0.0;-;-;1861;-0.2; 0.0; 0.0;-8; 22.0;F;1;29;On;On;Off; 22.2; 21.9;0;0;1084;0;1084;0;898;0;-
2026/04/19;04:16:06;94;-; 52.35; 0.0;-; 54.4; 53.0; 0.0;-;-;1861;-0.2; 0.0; 0.0;-8; 22.0;F;1;29;On;On;Off; 22.2; 21.9;0;0;1084;0;1084;0;898;0;-
2026/04/19;04:17:06;94;-; 52.33; 0.0;-; 55.0; 53.9; 0.0;-;-;1861;-0.2; 0.0; 0.0;-9; 22.0;F;1;29;On;On;Off; 22.2; 21.9;0;0;1084;0;1084;0;898;0;-
2026/04/19;04:18:06;94;-; 52.33; 0.0;-; 55.8; 54.6; 0.0;-;-;1861;-0.2; 0.0; 0.0;-9; 22.0;F;1;29;On;On;Off; 22.2; 21.9;0;0;1084;0;1084;0;898;0;-
2026/04/19;04:19:06;94;-; 52.33; 0.0;-; 56.6; 55.3; 0.0;-;-;1861;-0.2; 0.0; 0.0;-8; 22.0;F;1;29;On;On;Off; 22.2; 21.9;0;0;1084;0;1084;0;898;0;-
2026/04/19;04:20:06;94;-; 52.35; 0.0;-; 57.1; 56.1; 0.0;-;-;1861;-0.2; 0.0; 0.0;-8; 22.0;F;1;29;On;On;Off; 22.2; 21.9;0;0;1084;0;1084;0;898;0;-
2026/04/19;04:21:06;94;-; 52.35; 0.0;-; 57.8; 56.7; 0.0;-;-;1861;-0.2; 0.0; 0.0;-8; 21.9;F;1;29;On;On;Off; 22.2; 21.9;0;0;1084;0;1084;0;898;0;-
2026/04/19;04:22:06;94;-; 52.35; 0.0;-; 58.5; 57.4; 0.0;-;-;1861;-0.2; 0.0; 0.0;-9; 22.0;F;1;29;On;On;Off; 22.2; 21.9;0;0;1084;0;1084;0;898;0;-
2026/04/19;04:23:06;94;-; 52.33; 0.0;-; 59.0; 58.0; 0.0;-;-;1861;-0.2; 0.0; 0.0;-9; 22.0;F;1;29;On;On;Off; 22.2; 21.9;0;0;1084;0;1084;0;898;0;-
2026/04/19;04:24:06;94;-; 52.35; 0.0;-; 59.6; 58.7; 0.0;-;-;1861;-0.2; 0.0; 0.0;-9; 22.0;F;1;29;On;On;Off; 22.2; 21.9;0;0;1084;0;1084;0;898;0;-
2026/04/19;04:25:06;94;-; 52.35; 0.0;-; 60.2; 59.5; 0.0;-;-;1861;-0.2; 0.0; 0.0;-9; 22.0;F;1;29;On;On;Off; 22.2; 21.9;0;0;1084;0;1084;0;898;0;-
2026/04/19;04:26:06;94;-; 52.35; 0.0;-; 60.8; 59.9; 0.0;-;-;1861;-0.2; 0.0; 0.0;-9; 21.9;F;1;29;On;On;Off; 22.2; 21.9;0;0;1084;0;1084;0;898;0;-
2026/04/19;04:27:06;94;-; 52.33; 0.0;-; 61.1; 60.4; 0.0;-;-;1861;-0.2; 0.0; 0.0;-8; 22.0;F;1;29;On;On;Off; 22.2; 21.9;0;0;1084;0;1084;0;898;0;-
2026/04/19;04:28:05;94;-; 52.35; 0.0;-; 61.6; 61.0; 0.0;-;-;1861;-0.2; 0.0; 0.0;-9; 21.9;F;1;29;On;On;Off; 22.2; 21.9;0;0;1084;0;1084;0;898;0;-
2026/04/19;04:29:05;94;-; 52.33; 0.0;-; 62.1; 61.4; 0.0;-;-;1861;-0.2; 0.0; 0.0;-9; 21.9;F;1;29;On;On;Off; 22.2; 21.9;0;0;1084;0;1084;0;898;0;-
2026/04/19;04:30:05;94;-; 52.35; 0.0;-; 62.5; 61.8; 0.0;-;-;1861;-0.2; 0.0; 0.0;-9; 21.9;F;1;29;On;On;Off; 22.2; 21.9;0;0;1084;0;1084;0;898;0;-
2026/04/19;04:31:05;94;-; 52.35; 0.0;-; 62.9; 62.3; 0.0;-;-;1861;-0.2; 0.0; 0.0;-8; 21.9;F;1;29;On;On;Off; 22.2; 21.9;0;0;1084;0;1084;0;898;0;-
2026/04/19;04:32:05;94;-; 52.35; 0.0;-; 63.3; 62.8; 0.0;-;-;1861;-0.2; 0.0; 0.0;-8; 21.9;F;1;29;On;On;Off; 22.2; 21.9;0;0;1084;0;1084;0;898;0;-
2026/04/19;04:33:05;94;-; 52.35; 0.0;-; 63.7; 63.1; 0.0;-;-;1861;-0.2; 0.0; 0.0;-9; 21.9;F;1;29;On;On;Off; 22.2; 21.9;0;0;1084;0;1084;0;898;0;-
2026/04/19;04:34:05;94;-; 52.35; 0.0;-; 64.1; 63.6; 0.0;-;-;1861;-0.2; 0.0; 0.0;-9; 21.9;F;1;29;On;On;Off; 22.2; 21.9;0;0;1084;0;1084;0;898;0;-
2026/04/19;04:35:05;94;-; 52.33; 0.0;-; 64.5; 64.0; 0.0;-;-;1861;-0.2; 0.0; 0.0;-9; 21.9;F;1;29;On;On;Off; 22.2; 21.9;0;0;1084;0;1084;0;898;0;-
2026/04/19;04:36:05;94;-; 52.33; 0.0;-; 64.8; 64.4; 0.0;-;-;1861;-0.2; 0.0; 0.0;-9; 21.9;F;1;29;On;On;Off; 22.2; 21.9;0;0;1084;0;1084;0;898;0;-
2026/04/19;04:37:05;94;-; 52.35; 0.0;-; 65.2; 64.8; 0.0;-;-;1861;-0.2; 0.0; 0.0;-8; 21.9;F;1;29;On;On;Off; 22.2; 21.9;0;0;1084;0;1084;0;898;0;-
2026/04/19;04:38:05;94;-; 52.35; 0.0;-; 65.5; 65.0; 0.0;-;-;1861;-0.2; 0.0; 0.0;-9; 21.9;F;1;29;On;On;Off; 22.2; 21.9;0;0;1084;0;1084;0;898;0;-
2026/04/19;04:39:05;94;-; 52.35; 0.0;-; 65.8; 65.3; 0.0;-;-;1861;-0.2; 0.0; 0.0;-9; 21.9;F;1;29;On;On;Off; 22.2; 21.9;0;0;1084;0;1084;0;898;0;-
2026/04/19;04:40:05;94;-; 52.35; 0.0;-; 66.0; 65.7; 0.0;-;-;1861;-0.2; 0.0; 0.0;-9; 21.9;F;1;29;On;On;Off; 22.2; 21.9;0;0;1084;0;1084;0;898;0;-
2026/04/19;04:41:05;94;-; 52.35; 0.0;-; 66.4; 66.0; 0.0;-;-;1861;-0.2; 0.0; 0.0;-9; 21.9;F;1;29;On;On;Off; 22.2; 21.9;0;0;1084;0;1084;0;898;0;-
2026/04/19;04:42:05;94;-; 52.33; 0.0;-; 66.6; 66.3; 0.0;-;-;1861;-0.2; 0.0; 0.0;-9; 21.9;F;1;29;On;On;Off; 22.2; 21.9;0;0;1084;0;1084;0;898;0;-
2026/04/19;04:43:05;94;-; 52.35; 0.0;-; 66.9; 66.5; 0.0;-;-;1861;-0.2; 0.0; 0.0;-8; 21.9;F;1;29;On;On;Off; 22.2; 21.9;0;0;1084;0;1084;0;898;0;-
2026/04/19;04:44:04;94;-; 52.35; 0.0;-; 67.2; 66.7; 0.0;-;-;1861;-0.2; 0.0; 0.0;-8; 21.9;F;1;29;On;On;Off; 22.2; 21.9;0;0;1084;0;1084;0;898;0;-
2026/04/19;04:45:04;94;-; 52.35; 0.0;-; 67.3; 67.1; 0.0;-;-;1861;-0.2; 0.0; 0.0;-8; 21.9;F;1;29;On;On;Off; 22.2; 21.9;0;0;1084;0;1084;0;898;0;-
2026/04/19;04:46:04;94;-; 52.35; 0.0;-; 67.6; 67.3; 0.0;-;-;1861;-0.2; 0.0; 0.0;-9; 21.9;F;1;29;On;On;Off; 22.2; 21.9;0;0;1084;0;1084;0;898;0;-
2026/04/19;04:47:04;94;-; 52.35; 0.0;-; 67.9; 67.5; 0.0;-;-;1861;-0.2; 0.0; 0.0;-9; 21.9;F;1;29;On;On;Off; 22.2; 21.9;0;0;1084;0;1084;0;898;0;-
2026/04/19;04:48:04;94;-; 52.37; 0.0;-; 67.9; 67.6; 0.0;-;-;1861;-0.2; 0.0; 0.0;-9; 21.9;F;1;29;On;On;Off; 22.2; 21.9;0;0;1084;0;1084;0;898;1;-
2026/04/19;04:49:04;94;-; 52.35; 0.0;-; 68.0; 67.8; 0.0;-;-;1861;-0.2; 0.0; 0.0;-8; 21.9;F;1;29;On;On;Off; 22.2; 21.9;0;0;1084;0;1084;0;898;1;-
2026/04/19;04:50:04;94;-; 52.35; 0.0;-; 68.3; 68.1; 0.0;-;-;1861;-0.2; 0.0; 0.0;-8; 21.9;F;1;29;On;On;Off; 22.2; 21.9;0;0;1084;0;1084;0;898;1;-
2026/04/19;04:51:04;94;-; 52.35; 0.0;-; 68.6; 68.4; 0.0;-;-;1861;-0.2; 0.0; 0.0;-7; 21.9;F;1;29;On;On;Off; 22.2; 21.9;0;0;1084;0;1084;0;898;1;-
2026/04/19;04:52:04;94;-; 52.37; 0.0;-; 68.8; 68.4; 0.0;-;-;1861;-0.2; 0.0; 0.0;-7; 21.9;F;1;29;On;On;Off; 22.2; 21.9;0;0;1084;0;1084;0;898;1;-
2026/04/19;04:53:04;94;-; 52.37; 0.0;-; 68.9; 68.6; 0.0;-;-;1861;-0.2; 0.0; 0.0;-8; 21.9;F;1;29;On;On;Off; 22.2; 21.9;0;0;1084;0;1084;0;898;1;-
2026/04/19;04:54:04;94;-; 52.35; 0.0;-; 69.0; 69.0; 0.0;-;-;1861;-0.2; 0.0; 0.0;-8; 21.9;F;1;29;On;On;Off; 22.2; 21.9;0;0;1084;0;1084;0;898;1;-
2026/04/19;04:55:04;94;-; 52.35; 0.0;-; 69.1; 69.1; 0.0;-;-;1861;-0.2; 0.0; 0.0;-8; 21.9;F;1;29;On;On;Off; 22.2; 21.9;0;0;1084;0;1084;0;898;1;-
2026/04/19;04:56:04;94;-; 52.37; 0.0;-; 69.4; 69.2; 0.0;-;-;1861;-0.2; 0.0; 0.0;-8; 21.9;F;1;29;On;On;Off; 22.2; 21.9;0;0;1084;0;1084;0;898;1;-
2026/04/19;04:57:04;94;-; 52.35; 0.0;-; 69.5; 69.5; 0.0;-;-;1861;-0.2; 0.0; 0.0;-8; 21.9;F;1;29;On;On;Off; 22.2; 21.9;0;0;1084;0;1084;0;898;1;-
2026/04/19;04:58:04;94;-; 52.31; 0.1;-; 69.5; 68.1; 7.0;-; 7.0;1861;-0.1; 0.1; 0.1;-7; 21.9;F;1;29;On;On;Off; 22.3; 23.4;0;0;1084;0;1084;0;898;1;-
2026/04/19;04:59:04;94;-; 52.26; 0.3;-; 68.1; 68.0; 15.4; 8.4; 7.0;1861;-0.1; 0.2; 0.2;-4; 21.9;F;1;29;On;On;Off; 24.3; 24.1;0;0;1084;0;1084;1;899;1;-
2026/04/19;05:00:03;94;-; 52.26; 0.2;-; 68.1; 69.8; 9.1; 8.4; 0.7;1861;-0.1; 0.2; 0.2;-4; 21.9;F;1;29;On;On;Off; 24.8; 22.8;0;0;1084;0;1084;1;899;1;-
2026/04/19;05:01:03;94;-; 52.26; 0.2;-; 70.1; 68.0; 9.1; 0.7; 8.4;1861;-0.2; 0.1; 0.1;-8; 21.9;F;1;29;On;On;Off; 23.0; 22.8;0;0;1084;0;1084;1;899;1;-
2026/04/19;05:02:03;94;-; 52.22; 0.3;-; 68.0; 67.9; 16.7; 8.4; 8.4;1861;-0.1; 0.2; 0.2;-3; 21.9;F;1;29;On;On;Off; 23.9; 24.4;0;0;1084;0;1084;1;899;1;-
2026/04/19;05:03:03;94;-; 52.22; 0.2;-; 68.0; 70.2; 9.1; 9.1; 0.0;1861; 0.0; 0.3; 0.3;0; 21.9;F;1;29;On;On;Off; 25.2; 23.5;0;0;1084;0;1084;1;899;1;-
2026/04/19;05:04:03;94;-; 52.24; 0.0;-; 70.4; 70.4; 0.7; 0.7; 0.0;1861;-0.1; 0.1; 0.1;-6; 21.9;F;1;29;On;On;Off; 23.7; 23.0;0;0;1084;0;1084;1;899;1;-
2026/04/19;05:05:03;94;-; 52.22; 0.2;-; 70.6; 68.0; 10.5; 0.7; 9.8;1861;-0.1; 0.1; 0.1;-4; 21.9;F;1;29;On;On;Off; 23.4; 24.6;0;0;1084;0;1084;1;899;1;-
2026/04/19;05:06:03;94;-; 52.20; 0.2;-; 68.1; 70.6; 10.5; 10.5; 0.0;1861; 0.1; 0.3; 0.3;4; 22.0;F;1;29;On;On;Off; 25.4; 25.0;0;0;1084;0;1084;1;899;1;-
2026/04/19;05:07:03;94;-; 52.22; 0.0;-; 70.9; 70.9; 1.4; 0.7; 0.7;1861;-0.0; 0.2; 0.2;-1; 21.9;F;1;29;On;On;Off; 25.1; 23.5;0;0;1084;0;1084;1;899;1;-
2026/04/19;05:08:03;94;-; 52.22; 0.2;-; 71.0; 67.9; 11.9; 0.7; 11.2;1861;-0.1; 0.1; 0.1;-6; 21.9;F;1;29;On;On;Off; 23.7; 24.4;0;0;1084;0;1084;1;899;1;-
2026/04/19;05:09:03;94;-; 52.20; 0.4;-; 68.0; 67.9; 22.4; 11.2; 11.2;1861; 0.1; 0.3; 0.3;3; 22.0;F;1;29;On;On;Off; 25.4; 25.2;0;0;1084;0;1084;1;899;1;-
2026/04/19;05:10:03;94;-; 52.20; 0.2;-; 68.1; 71.1; 12.5; 11.9; 0.7;1861; 0.1; 0.3; 0.3;5; 22.0;F;1;29;On;On;Off; 25.9; 23.9;0;0;1084;0;1084;1;899;1;-
2026/04/19;05:11:03;94;-; 52.22; 0.0;-; 71.4; 71.3; 1.4; 0.7; 0.7;1861;-0.1; 0.1; 0.1;-5; 22.0;F;1;29;On;On;Off; 24.1; 23.6;0;0;1084;0;1084;1;899;1;-
2026/04/19;05:12:03;94;-; 52.22; 0.4;-; 68.8; 67.9; 23.1; 11.2; 11.9;1861; 0.0; 0.2; 0.2;1; 22.0;F;1;29;On;On;Off; 24.6; 25.3;0;0;1084;0;1084;1;899;1;-
2026/04/19;05:13:03;94;-; 52.22; 0.3;-; 68.0; 71.4; 14.0; 13.3; 0.7;1862; 0.2; 0.4; 0.4;12; 22.0;F;1;29;On;On;Off; 26.2; 24.7;0;0;1084;0;1084;1;899;1;-
2026/04/19;05:14:03;94;-; 52.24; 0.0;-; 71.7; 71.5; 0.7; 0.7; 0.0;1862;-0.0; 0.2; 0.2;0; 22.0;F;1;29;On;On;Off; 24.8; 24.0;0;0;1084;0;1084;1;899;1;-
2026/04/19;05:15:03;94;-; 52.24; 0.3;-; 71.8; 68.1; 13.3; 0.0; 13.3;1862;-0.0; 0.2; 0.2;-2; 22.0;F;1;29;On;On;Off; 24.3; 25.3;0;0;1084;0;1084;1;899;1;-
2026/04/19;05:16:02;94;-; 52.28; 0.5;-; 68.1; 68.1; 27.3; 14.0; 13.3;1862; 0.3; 0.4; 0.4;14; 22.0;F;1;29;On;On;Off; 26.2; 25.8;0;0;1084;0;1084;1;899;1;-
2026/04/19;05:17:02;94;-; 52.28; 0.0;-; 72.0; 71.9; 0.7; 0.0; 0.7;1862; 0.2; 0.3; 0.3;8; 22.0;F;1;29;On;On;Off; 26.2; 24.3;0;0;1084;0;1084;1;899;1;-
2026/04/19;05:18:02;94;-; 52.28; 0.3;-; 72.3; 68.1; 14.7; 0.0; 14.7;1862;-0.1; 0.1; 0.1;-6; 22.0;F;1;29;On;On;Off; 24.5; 24.9;0;0;1084;0;1084;1;899;1;-
2026/04/19;05:19:02;94;-; 52.30; 0.6;-; 68.2; 68.1; 30.8; 15.4; 15.4;1862; 0.3; 0.4; 0.4;13; 22.0;F;1;29;On;On;Off; 25.9; 25.9;0;0;1084;0;1084;1;899;1;-
2026/04/19;05:20:02;94;-; 52.31; 0.3;-; 68.2; 72.4; 16.8; 16.1; 0.7;1862; 0.4; 0.4; 0.4;18; 22.0;F;1;29;On;On;Off; 26.6; 24.7;0;0;1084;0;1084;1;899;1;-
2026/04/19;05:21:02;94;-; 52.31; 0.0;-; 72.5; 72.5; 0.7; 0.7; 0.0;1862;-0.0; 0.1; 0.1;-1; 22.0;F;1;29;On;On;Off; 24.9; 24.3;0;0;1084;0;1084;1;899;1;-
2026/04/19;05:22:02;94;-; 52.31; 0.5;-; 70.6; 68.1; 28.8; 12.6; 16.1;1862; 0.1; 0.3; 0.3;5; 22.0;F;1;29;On;On;Off; 24.8; 25.9;0;0;1084;0;1084;1;899;1;-
2026/04/19;05:23:02;94;-; 52.37; 0.7;-; 68.3; 68.0; 34.4; 17.6; 16.8;1862; 0.6; 0.6; 0.6;30; 22.0;F;1;29;On;On;Off; 26.7; 26.3;0;0;1084;0;1084;1;899;1;-
2026/04/19;05:24:02;94;-; 52.41; 0.6;-; 70.2; 68.3; 32.3; 14.8; 17.6;1862; 0.7; 0.7; 0.7;35; 22.0;F;1;29;On;On;Off; 27.0; 26.6;0;0;1084;0;1084;1;899;1;-
2026/04/19;05:25:02;94;-; 52.49; 0.7;-; 68.5; 68.3; 37.3; 19.0; 18.3;1862; 0.7; 0.7; 0.7;37; 22.0;F;1;29;On;On;Off; 27.3; 26.7;0;0;1084;0;1084;1;899;1;-
2026/04/19;05:26:02;94;-; 52.55; 0.7;-; 68.6; 68.3; 37.3; 19.0; 18.3;1862; 0.8; 0.7; 0.7;39; 22.0;F;1;29;On;On;Off; 27.4; 26.9;0;1;1085;1;1085;1;899;1;-
2026/04/19;05:27:02;94;-; 52.59; 0.7;-; 68.6; 68.4; 37.3; 19.0; 18.3;1862; 0.8; 0.7; 0.7;40; 22.0;F;1;29;On;On;Off; 27.6; 27.1;0;1;1085;1;1085;1;899;1;-
2026/04/19;05:28:02;94;-; 52.61; 0.7;-; 68.8; 68.5; 38.8; 19.8; 19.0;1862; 0.8; 0.7; 0.7;41; 22.0;F;1;29;On;On;Off; 27.7; 27.2;0;1;1085;1;1085;1;899;1;-
2026/04/19;05:29:02;94;-; 52.67; 0.7;-; 68.8; 68.5; 38.8; 19.8; 19.0;1862; 0.8; 0.7; 0.7;42; 22.0;F;1;29;On;On;Off; 27.9; 27.4;0;1;1085;1;1085;1;899;1;-
2026/04/19;05:30:02;94;-; 52.73; 0.8;-; 68.8; 68.5; 40.3; 20.5; 19.8;1862; 0.8; 0.7; 0.7;43; 22.0;F;1;29;On;On;Off; 28.0; 27.5;0;1;1085;1;1085;1;899;1;-
2026/04/19;05:31:01;94;-; 52.75; 0.8;-; 68.9; 68.7; 40.3; 20.5; 19.8;1862; 0.9; 0.8; 0.8;44; 22.0;F;1;29;On;On;Off; 28.1; 27.6;0;1;1085;1;1085;1;899;1;-
2026/04/19;05:32:01;94;-; 52.83; 0.8;-; 68.9; 68.8; 40.4; 20.5; 19.8;1862; 0.9; 0.8; 0.8;45; 22.0;F;1;29;On;On;Off; 28.2; 27.7;0;1;1085;1;1085;1;899;1;-
2026/04/19;05:33:01;94;-; 52.85; 0.7;-; 68.9; 69.7; 39.0; 21.3; 17.7;1862; 0.9; 0.8; 0.8;45; 22.0;F;1;29;On;On;Off; 28.3; 27.8;0;1;1085;1;1085;1;899;1;-
2026/04/19;05:34:01;94;-; 52.91; 0.8;-; 69.1; 68.8; 41.8; 21.3; 20.6;1862; 0.9; 0.8; 0.8;47; 22.0;F;1;29;On;On;Off; 28.4; 27.9;0;1;1085;1;1085;1;899;1;-
2026/04/19;05:35:01;94;-; 52.97; 0.8;-; 69.1; 69.0; 41.9; 21.3; 20.6;1862; 0.9; 0.8; 0.8;47; 22.0;F;1;29;On;On;Off; 28.5; 28.0;0;1;1085;1;1085;1;899;1;-
2026/04/19;05:36:01;94;-; 52.99; 0.8;-; 69.2; 69.0; 42.6; 22.0; 20.6;1862; 0.9; 0.8; 0.8;48; 22.0;F;1;29;On;On;Off; 28.6; 28.1;0;1;1085;1;1085;1;899;1;-
2026/04/19;05:37:01;94;-; 53.04; 0.7;-; 69.3; 70.8; 39.2; 21.4; 17.8;1862; 1.0; 0.8; 0.8;49; 22.0;F;1;29;On;On;Off; 28.7; 28.2;0;1;1085;1;1085;1;899;1;-
2026/04/19;05:38:01;94;-; 53.10; 0.8;-; 69.3; 69.3; 43.4; 22.1; 21.4;1862; 1.0; 0.8; 0.8;51; 22.0;F;1;29;On;On;Off; 28.8; 28.3;0;1;1085;1;1085;1;899;1;-
2026/04/19;05:39:01;94;-; 53.16; 0.8;-; 69.4; 69.2; 43.5; 22.1; 21.4;1862; 1.0; 0.8; 0.8;51; 22.0;F;1;29;On;On;Off; 28.9; 28.4;0;1;1085;1;1085;1;899;1;-
2026/04/19;05:40:01;94;-; 53.20; 0.8;-; 69.4; 69.3; 44.2; 22.8; 21.4;1862; 1.0; 0.8; 0.8;52; 22.0;F;1;29;On;On;Off; 29.0; 28.4;0;1;1085;1;1085;1;899;1;-
2026/04/19;05:41:01;94;-; 53.24; 0.8;-; 69.5; 69.4; 44.3; 22.8; 21.4;1862; 1.0; 0.8; 0.8;53; 22.0;F;1;29;On;On;Off; 29.0; 28.5;0;1;1085;1;1085;1;899;1;-
2026/04/19;05:42:01;94;-; 53.30; 0.8;-; 69.6; 69.5; 45.0; 22.9; 22.2;1862; 1.0; 0.8; 0.8;53; 22.0;F;1;29;On;On;Off; 29.1; 28.6;0;1;1085;1;1085;1;899;1;-
2026/04/19;05:43:01;94;-; 53.38; 0.9;-; 69.7; 69.7; 46.5; 23.6; 22.9;1862; 1.1; 0.9; 0.9;55; 22.0;F;1;29;On;On;Off; 29.2; 28.7;0;1;1085;1;1085;1;899;1;-
2026/04/19;05:44:01;94;-; 53.44; 0.9;-; 69.8; 69.6; 46.6; 23.7; 22.9;1862; 1.1; 0.9; 0.9;55; 22.0;F;1;29;On;On;Off; 29.2; 28.8;0;1;1085;1;1085;1;899;1;-
2026/04/19;05:45:01;94;-; 53.50; 0.9;-; 69.8; 69.8; 45.9; 23.7; 22.2;1862; 1.1; 0.9; 0.9;56; 22.0;F;1;29;On;On;Off; 29.3; 28.8;0;1;1085;1;1085;1;899;1;-
2026/04/19;05:46:01;94;-; 53.54; 0.9;-; 69.9; 69.8; 46.6; 23.7; 22.9;1862; 1.1; 0.9; 0.9;56; 22.0;F;1;29;On;On;Off; 29.4; 28.9;0;1;1085;1;1085;1;899;1;-
2026/04/19;05:47:00;94;-; 53.62; 0.9;-; 70.0; 69.8; 46.7; 23.7; 23.0;1862; 1.1; 0.9; 0.9;57; 22.0;F;1;29;On;On;Off; 29.4; 28.9;0;1;1085;1;1085;1;899;1;-
2026/04/19;05:48:00;94;-; 53.68; 0.9;-; 70.0; 69.9; 46.7; 23.8; 23.0;1862; 1.1; 0.9; 0.9;57; 21.9;F;1;29;On;On;Off; 29.5; 29.0;0;1;1085;1;1085;1;899;1;-
2026/04/19;05:49:00;94;-; 53.72; 0.9;-; 70.1; 69.9; 46.8; 23.8; 23.0;1862; 1.1; 0.9; 0.9;56; 21.9;F;1;29;On;On;Off; 29.6; 29.0;0;1;1085;1;1085;1;899;1;-
2026/04/19;05:50:00;94;-; 53.78; 0.9;-; 70.2; 70.1; 47.6; 23.8; 23.8;1862; 1.1; 0.9; 0.9;58; 21.9;F;1;29;On;On;Off; 29.6; 29.1;0;1;1085;1;1085;1;899;1;-
2026/04/19;05:51:00;94;-; 53.83; 0.9;-; 70.3; 70.1; 49.8; 25.3; 24.5;1862; 1.1; 0.9; 0.9;60; 21.9;F;1;29;On;On;Off; 29.7; 29.2;0;1;1085;1;1085;1;899;1;-
2026/04/19;05:52:00;94;-; 53.91; 0.9;-; 70.3; 70.2; 48.4; 24.6; 23.9;1862; 1.2; 0.9; 0.9;62; 21.9;F;1;29;On;On;Off; 29.7; 29.2;0;1;1085;1;1085;1;899;1;-
2026/04/19;05:53:00;94;-; 53.99; 0.9;-; 70.4; 70.3; 49.2; 25.3; 23.9;1862; 1.2; 0.9; 0.9;62; 21.9;F;1;29;On;On;Off; 29.8; 29.3;0;1;1085;1;1085;1;899;1;-
2026/04/19;05:54:00;94;-; 54.05; 0.9;-; 70.6; 70.5; 50.0; 25.4; 24.6;1862; 1.2; 0.9; 0.9;63; 21.9;F;1;29;On;On;Off; 29.8; 29.3;0;1;1085;1;1085;1;899;1;-
2026/04/19;05:55:00;94;-; 54.11; 0.9;-; 70.7; 70.5; 50.1; 25.4; 24.7;1862; 1.2; 0.9; 0.9;64; 21.9;F;1;29;On;On;Off; 29.9; 29.3;0;1;1085;1;1085;1;899;1;-
2026/04/19;05:56:00;94;-; 54.17; 0.9;-; 70.8; 70.5; 50.8; 26.2; 24.7;1862; 1.2; 0.9; 0.9;64; 21.9;F;1;29;On;On;Off; 29.9; 29.4;0;1;1085;1;1085;1;899;1;-
2026/04/19;05:57:00;94;-; 54.25; 0.9;-; 70.8; 71.8; 47.3; 26.2; 21.1;1862; 1.2; 0.9; 0.9;65; 21.9;F;1;29;On;On;Off; 30.0; 29.5;0;1;1085;1;1085;1;899;1;-
2026/04/19;05:58:00;95;-; 54.31; 1.0;-; 70.9; 70.7; 51.7; 26.2; 25.5;1862; 1.2; 0.9; 0.9;65; 21.9;F;1;29;On;On;Off; 30.0; 29.5;0;1;1085;1;1085;1;899;1;-
2026/04/19;05:59:00;95;-; 54.37; 1.0;-; 70.9; 70.8; 51.8; 26.3; 25.5;1862; 1.2; 0.9; 0.9;65; 21.9;F;1;29;On;On;Off; 30.0; 29.5;0;1;1085;1;1085;1;899;1;-
2026/04/19;06:00:00;95;-; 54.43; 0.9;-; 71.0; 72.1; 46.7; 26.3; 20.4;1862; 1.2; 0.9; 0.9;65; 21.9;F;1;29;On;On;Off; 30.1; 29.6;0;1;1085;1;1085;1;899;1;-
2026/04/19;06:01:00;95;-; 54.51; 1.0;-; 71.1; 71.0; 51.9; 26.3; 25.6;1862; 1.2; 0.9; 0.9;66; 21.9;F;1;29;On;On;Off; 30.1; 29.6;0;1;1085;1;1085;1;899;1;-
2026/04/19;06:01:59;95;-; 54.56; 1.0;-; 71.3; 71.0; 52.0; 26.3; 25.6;1862; 1.2; 0.9; 0.9;66; 21.9;F;1;29;On;On;Off; 30.2; 29.7;0;1;1085;1;1085;1;899;1;-
2026/04/19;06:02:59;95;-; 54.64; 1.0;-; 71.3; 71.1; 52.0; 26.4; 25.7;1862; 1.2; 1.0; 1.0;66; 21.9;F;1;29;On;On;Off; 30.2; 29.7;0;1;1085;1;1085;1;899;1;-
2026/04/19;06:03:59;95;-; 54.72; 1.0;-; 71.3; 71.1; 52.1; 26.4; 25.7;1862; 1.2; 0.9; 0.9;66; 21.9;F;1;29;On;On;Off; 30.2; 29.7;0;1;1085;1;1085;1;899;1;-
2026/04/19;06:04:59;95;-; 54.74; 1.0;-; 71.4; 71.3; 52.1; 26.4; 25.7;1862; 1.2; 1.0; 1.0;66; 21.9;F;1;29;On;On;Off; 30.3; 29.8;0;1;1085;1;1085;1;899;1;-
2026/04/19;06:05:59;95;-; 54.84; 1.0;-; 71.5; 71.4; 52.2; 26.5; 25.8;1862; 1.2; 0.9; 0.9;66; 21.9;F;1;29;On;On;Off; 30.3; 29.8;0;1;1085;1;1085;1;899;1;-
2026/04/19;06:06:59;95;-; 54.88; 0.9;-; 71.6; 72.0; 50.0; 26.5; 23.5;1862; 1.2; 0.9; 0.9;66; 21.9;F;1;29;On;On;Off; 30.4; 29.9;0;1;1085;1;1085;1;899;1;-
2026/04/19;06:07:59;95;-; 54.96; 1.0;-; 71.8; 71.5; 53.0; 26.5; 26.5;1862; 1.2; 0.9; 0.9;66; 21.9;F;1;29;On;On;Off; 30.4; 29.9;0;1;1085;1;1085;1;899;1;-
2026/04/19;06:08:59;95;-; 55.00; 1.0;-; 71.8; 71.6; 53.1; 26.5; 26.5;1862; 1.3; 1.0; 1.0;67; 21.9;F;1;29;On;On;Off; 30.4; 29.9;0;1;1085;1;1085;1;899;1;-
2026/04/19;06:09:59;95;-; 55.04; 0.9;-; 71.8; 72.7; 48.7; 26.6; 22.2;1862; 1.2; 0.9; 0.9;66; 21.9;F;1;29;On;On;Off; 30.4; 30.0;0;1;1085;1;1085;1;899;1;-
2026/04/19;06:10:59;95;-; 55.12; 1.0;-; 71.8; 71.7; 53.9; 27.3; 26.6;1862; 1.2; 0.9; 0.9;66; 21.9;F;1;29;On;On;Off; 30.5; 30.0;0;1;1085;1;1085;1;899;1;-
2026/04/19;06:11:59;95;-; 55.20; 1.0;-; 72.0; 71.8; 54.0; 26.6; 27.4;1862; 1.2; 0.9; 0.9;66; 21.9;F;1;29;On;On;Off; 30.5; 30.0;0;1;1085;1;1085;1;899;1;-
2026/04/19;06:12:59;95;-; 55.27; 1.0;-; 72.1; 71.9; 53.4; 26.7; 26.7;1863; 1.3; 1.0; 1.0;68; 21.9;F;1;29;On;On;Off; 30.6; 30.1;0;1;1085;1;1085;1;899;1;-
2026/04/19;06:13:59;95;-; 55.33; 1.0;-; 72.3; 72.2; 53.4; 26.7; 26.7;1863; 1.3; 1.0; 1.0;69; 21.9;F;1;29;On;On;Off; 30.6; 30.1;0;1;1085;1;1085;1;899;1;-
2026/04/19;06:14:59;95;-; 55.37; 1.0;-; 72.3; 72.0; 54.2; 27.5; 26.7;1863; 1.3; 0.9; 0.9;68; 21.9;F;1;29;On;On;Off; 30.6; 30.1;0;1;1085;1;1085;1;899;1;-
2026/04/19;06:15:59;96;-; 55.47; 1.0;-; 72.4; 72.2; 53.6; 26.1; 27.5;1863; 1.2; 0.9; 0.9;67; 21.9;F;1;29;On;On;Off; 30.7; 30.2;0;1;1085;1;1085;1;899;1;-
2026/04/19;06:16:59;96;-; 55.55; 1.0;-; 72.5; 72.3; 53.6; 26.1; 27.5;1863; 1.3; 1.0; 1.0;69; 21.9;F;1;29;On;On;Off; 30.7; 30.2;0;1;1085;1;1085;1;899;1;-
2026/04/19;06:17:58;96;-; 55.61; 0.8;-; 73.9; 72.4; 44.7; 17.9; 26.9;1863; 1.3; 0.9; 0.9;68; 21.9;F;1;29;On;On;Off; 30.7; 30.2;0;1;1085;1;1085;1;899;1;-
2026/04/19;06:18:58;96;-; 55.67; 0.8;-; 72.8; 73.8; 46.3; 26.1; 20.1;1863; 1.2; 0.9; 0.9;67; 21.9;F;1;29;On;On;Off; 30.7; 30.2;0;1;1085;1;1085;1;899;1;-
2026/04/19;06:19:58;96;-; 55.77; 1.0;-; 72.7; 72.5; 53.8; 26.2; 27.6;1863; 1.3; 0.9; 0.9;68; 21.9;F;1;29;On;On;Off; 30.8; 30.3;0;1;1085;1;1085;1;899;1;-
2026/04/19;06:20:58;96;-; 55.85; 0.9;-; 73.0; 72.8; 50.9; 23.2; 27.7;1863; 1.2; 0.9; 0.9;65; 21.9;F;1;29;On;On;Off; 30.8; 30.3;0;1;1085;1;1085;1;899;1;-
2026/04/19;06:21:58;96;-; 55.93; 1.0;-; 73.0; 72.8; 53.3; 26.3; 27.0;1863; 1.2; 0.9; 0.9;66; 21.9;F;1;29;On;On;Off; 30.8; 30.3;0;1;1085;1;1085;1;899;1;-
2026/04/19;06:22:58;96;-; 55.99; 1.0;-; 73.1; 72.9; 54.1; 26.3; 27.8;1863; 1.2; 0.9; 0.9;65; 21.9;F;1;29;On;On;Off; 30.9; 30.4;0;1;1085;1;1085;1;899;1;-
2026/04/19;06:23:58;96;-; 56.10; 0.9;-; 73.4; 73.1; 52.6; 25.6; 27.1;1863; 1.2; 0.9; 0.9;65; 21.9;F;1;29;On;On;Off; 30.9; 30.4;0;1;1085;1;1085;1;899;1;-
2026/04/19;06:24:58;96;-; 56.18; 0.9;-; 73.8; 73.2; 50.5; 23.3; 27.1;1863; 1.2; 0.9; 0.9;64; 21.9;F;1;29;On;On;Off; 30.9; 30.4;0;1;1085;1;1085;2;900;1;-
2026/04/19;06:25:58;96;-; 56.24; 0.9;-; 73.5; 73.3; 52.8; 25.6; 27.2;1863; 1.2; 0.9; 0.9;64; 21.9;F;1;29;On;On;Off; 30.9; 30.4;0;1;1085;1;1085;2;900;1;-
2026/04/19;06:26:58;96;-; 56.32; 1.0;-; 73.5; 73.3; 53.6; 26.5; 27.2;1863; 1.1; 0.9; 0.9;62; 22.0;F;1;29;On;On;Off; 31.0; 30.5;0;1;1085;1;1085;2;900;1;-
2026/04/19;06:27:58;96;-; 56.42; 0.9;-; 73.7; 73.4; 53.0; 26.5; 26.5;1863; 1.2; 0.9; 0.9;65; 22.0;F;1;29;On;On;Off; 31.0; 30.5;0;1;1085;1;1085;2;900;1;-
2026/04/19;06:28:58;97;-; 56.50; 0.9;-; 73.8; 73.5; 52.3; 25.7; 26.5;1863; 1.1; 0.9; 0.9;63; 22.0;F;1;29;On;On;Off; 31.0; 30.5;0;1;1085;1;1085;2;900;1;-
2026/04/19;06:29:58;97;-; 56.52; 0.7;-; 74.9; 73.6; 40.1; 14.4; 25.8;1863; 1.1; 0.9; 0.9;63; 22.0;F;1;29;On;On;Off; 31.1; 30.5;0;1;1085;1;1085;2;900;1;-
2026/04/19;06:30:58;97;-; 56.50; 0.5;-; 75.0; 74.8; 27.2; 14.4; 12.8;1863; 1.1; 0.9; 0.9;61; 22.0;F;1;29;On;On;Off; 31.1; 30.6;0;1;1085;1;1085;2;900;1;-
2026/04/19;06:31:58;97;-; 56.54; 0.8;-; 73.9; 74.6; 46.2; 28.0; 18.2;1863; 1.1; 0.9; 0.9;59; 22.0;F;1;29;On;On;Off; 31.1; 30.6;0;1;1085;1;1085;2;900;1;-
2026/04/19;06:32:57;97;-; 56.48; 0.8;-; 73.9; 74.7; 46.1; 29.5; 16.6;1863; 1.0; 0.8; 0.8;57; 22.0;F;1;29;On;On;Off; 31.1; 30.6;0;1;1085;1;1085;2;900;1;-
2026/04/19;06:33:57;97;-; 56.54; 0.8;-; 74.0; 74.9; 43.2; 29.6; 13.6;1863; 1.0; 0.8; 0.8;56; 21.9;F;1;29;On;On;Off; 31.2; 30.6;0;2;1086;2;1086;2;900;1;-
2026/04/19;06:34:57;97;-; 56.52; 0.5;-; 75.0; 74.9; 30.3; 16.6; 13.6;1863; 1.0; 0.8; 0.8;55; 22.0;F;1;29;On;On;Off; 31.2; 30.6;0;2;1086;2;1086;2;900;1;-
2026/04/19;06:35:57;97;-; 56.54; 0.8;-; 74.1; 74.4; 47.7; 27.3; 20.4;1863; 1.0; 0.8; 0.8;55; 22.0;F;1;29;On;On;Off; 31.2; 30.7;0;2;1086;2;1086;2;900;1;-
2026/04/19;06:36:57;97;-; 56.54; 0.8;-; 73.9; 74.8; 44.7; 29.6; 15.2;1863; 1.0; 0.8; 0.8;54; 22.0;F;1;29;On;On;Off; 31.2; 30.7;0;2;1086;2;1086;2;900;1;-
2026/04/19;06:37:57;97;-; 56.54; 0.7;-; 73.9; 75.0; 40.9; 28.0; 12.9;1863; 1.0; 0.8; 0.8;53; 22.0;F;1;29;On;On;Off; 31.2; 30.7;0;2;1086;2;1086;2;900;1;-
2026/04/19;06:38:57;97;-; 56.54; 0.7;-; 74.0; 75.5; 37.9; 29.6; 8.3;1863; 1.0; 0.8; 0.8;52; 22.0;F;1;29;On;On;Off; 31.2; 30.7;0;2;1086;2;1086;2;900;1;-
2026/04/19;06:39:57;97;-; 56.56; 0.9;-; 74.1; 73.6; 48.6; 26.6; 22.0;1863; 0.9; 0.8; 0.8;52; 22.0;F;1;29;On;On;Off; 31.3; 30.7;0;2;1086;2;1086;2;900;1;-
2026/04/19;06:40:57;98;-; 56.56; 0.8;-; 74.8; 73.7; 47.7; 23.5; 24.2;1863; 0.9; 0.8; 0.8;51; 22.0;F;1;29;On;On;Off; 31.3; 30.8;0;2;1086;2;1086;2;900;1;-
2026/04/19;06:41:57;98;-; 56.54; 0.8;-; 74.8; 73.8; 46.2; 20.4; 25.8;1863; 0.9; 0.8; 0.8;50; 22.0;F;1;29;On;On;Off; 31.3; 30.8;0;2;1086;2;1086;2;900;1;-
2026/04/19;06:42:57;98;-; 56.54; 0.8;-; 74.7; 73.8; 47.8; 25.0; 22.8;1863; 0.9; 0.8; 0.8;49; 22.0;F;1;29;On;On;Off; 31.3; 30.8;0;2;1086;2;1086;2;900;1;-
2026/04/19;06:43:57;98;-; 56.54; 0.7;-; 75.5; 73.9; 40.2; 15.2; 25.0;1863; 0.9; 0.8; 0.8;49; 22.0;F;1;29;On;On;Off; 31.3; 30.8;0;2;1086;2;1086;2;900;1;-
2026/04/19;06:44:57;98;-; 56.56; 0.7;-; 73.9; 75.0; 40.9; 28.0; 12.9;1863; 0.9; 0.8; 0.8;49; 22.0;F;1;29;On;On;Off; 31.3; 30.8;0;2;1086;2;1086;2;900;1;-
2026/04/19;06:45:57;98;-; 56.56; 0.8;-; 74.0; 74.5; 47.8; 28.8; 19.0;1863; 0.9; 0.8; 0.8;49; 22.0;F;1;29;On;On;Off; 31.4; 30.8;0;2;1086;2;1086;2;900;1;-
2026/04/19;06:46:57;98;-; 56.56; 0.7;-; 75.1; 73.8; 40.9; 16.7; 24.2;1863; 0.9; 0.8; 0.8;48; 22.0;F;1;29;On;On;Off; 31.4; 30.8;0;2;1086;2;1086;2;900;1;-
2026/04/19;06:47:56;98;-; 56.54; 0.7;-; 74.3; 74.9; 40.2; 25.0; 15.2;1863; 0.9; 0.8; 0.8;47; 22.0;F;1;29;On;On;Off; 31.4; 30.9;0;2;1086;2;1086;2;900;1;-
2026/04/19;06:48:56;98;-; 56.54; 0.7;-; 75.0; 74.0; 39.4; 16.7; 22.8;1863; 0.9; 0.8; 0.8;47; 22.0;F;1;29;On;On;Off; 31.4; 30.9;0;2;1086;2;1086;2;900;1;-
2026/04/19;06:49:56;98;-; 56.54; 0.7;-; 74.0; 75.0; 37.2; 25.0; 12.1;1863; 0.8; 0.8; 0.8;46; 22.0;F;1;29;On;On;Off; 31.4; 30.9;0;2;1086;2;1086;2;900;1;-
2026/04/19;06:50:56;98;-; 56.54; 0.7;-; 74.2; 74.9; 40.9; 23.5; 17.4;1863; 0.8; 0.7; 0.7;46; 21.9;F;1;29;On;On;Off; 31.4; 30.9;0;2;1086;2;1086;2;900;1;-
2026/04/19;06:51:56;98;-; 56.54; 0.7;-; 73.9; 74.9; 37.9; 25.8; 12.1;1863; 0.8; 0.7; 0.7;45; 22.0;F;1;29;On;On;Off; 31.4; 30.9;0;2;1086;2;1086;2;900;1;-
2026/04/19;06:52:56;99;-; 56.56; 0.8;-; 74.2; 73.9; 45.5; 23.5; 22.0;1863; 0.8; 0.7; 0.7;46; 22.0;F;1;29;On;On;Off; 31.4; 30.9;0;2;1086;2;1086;2;900;1;-
2026/04/19;06:53:56;99;-; 56.54; 0.7;-; 73.9; 74.8; 38.7; 22.8; 15.9;1863; 0.8; 0.7; 0.7;45; 22.0;F;1;29;On;On;Off; 31.4; 30.9;0;2;1086;2;1086;2;900;1;-
2026/04/19;06:54:56;99;-; 56.56; 0.7;-; 75.0; 73.9; 37.1; 12.9; 24.2;1863; 0.8; 0.7; 0.7;44; 22.0;F;1;29;On;On;Off; 31.4; 30.9;0;2;1086;2;1086;2;900;1;-
2026/04/19;06:55:56;99;-; 56.54; 0.6;-; 75.5; 73.7; 34.1; 8.3; 25.8;1863; 0.8; 0.7; 0.7;44; 21.9;F;1;29;On;On;Off; 31.5; 30.9;0;2;1086;2;1086;2;900;1;-
2026/04/19;06:56:56;99;-; 56.56; 0.7;-; 74.3; 74.3; 42.4; 22.0; 20.5;1863; 0.8; 0.7; 0.7;43; 21.9;F;1;29;On;On;Off; 31.5; 31.0;0;2;1086;2;1086;2;900;1;-
2026/04/19;06:57:56;99;-; 56.56; 0.7;-; 74.7; 74.1; 40.9; 18.2; 22.8;1863; 0.8; 0.7; 0.7;43; 22.0;F;1;29;On;On;Off; 31.5; 31.0;0;2;1086;2;1086;2;900;1;-
2026/04/19;06:58:56;99;-; 56.54; 0.7;-; 74.9; 74.0; 37.9; 18.2; 19.7;1863; 0.8; 0.7; 0.7;43; 21.9;F;1;29;On;On;Off; 31.5; 31.0;0;2;1086;2;1086;2;900;1;-
2026/04/19;06:59:56;99;-; 56.56; 0.8;-; 74.3; 74.0; 44.0; 22.8; 21.2;1863; 0.8; 0.7; 0.7;42; 21.9;F;1;29;On;On;Off; 31.5; 31.0;0;2;1086;2;1086;2;900;1;-
2026/04/19;07:00:56;99;-; 56.56; 0.7;-; 74.2; 74.8; 39.4; 22.8; 16.7;1863; 0.8; 0.7; 0.7;42; 21.9;F;1;29;On;On;Off; 31.5; 31.0;0;2;1086;2;1086;2;900;1;-
2026/04/19;07:01:56;99;-; 56.54; 0.6;-; 75.5; 74.1; 36.4; 11.4; 25.0;1863; 0.8; 0.7; 0.7;42; 22.0;F;1;29;On;On;Off; 31.5; 31.0;0;2;1086;2;1086;2;900;1;-
2026/04/19;07:02:55;99;-; 56.54; 0.6;-; 74.4; 75.2; 35.6; 20.4; 15.2;1863; 0.8; 0.7; 0.7;41; 21.9;F;1;29;On;On;Off; 31.5; 31.0;0;2;1086;2;1086;2;900;1;-
2026/04/19;07:03:55;99;-; 56.54; 0.7;-; 74.3; 74.5; 40.2; 22.8; 17.4;1863; 0.7; 0.7; 0.7;41; 21.9;F;1;29;On;On;Off; 31.5; 31.0;0;2;1086;2;1086;2;900;1;-
2026/04/19;07:04:55;99;-; 56.56; 0.8;-; 74.7; 73.8; 43.9; 18.2; 25.8;1863; 0.7; 0.7; 0.7;41; 21.9;F;1;29;On;On;Off; 31.5; 31.0;0;2;1086;2;1086;2;900;1;-
2026/04/19;07:05:55;100;-; 56.54; 0.6;-; 75.5; 73.9; 31.8; 2.3; 29.6;1863; 0.7; 0.7; 0.7;40; 21.9;F;1;29;On;On;Off; 31.6; 31.1;0;2;1086;2;1086;2;900;1;-
2026/04/19;07:06:55;100;-; 56.54; 0.7;-; 74.0; 75.2; 37.9; 17.4; 20.4;1863; 0.7; 0.7; 0.7;40; 21.9;F;1;29;On;On;Off; 31.5; 31.1;0;2;1086;2;1086;2;900;1;-
2026/04/19;07:07:55;100;-; 56.56; 0.8;-; 74.8; 74.3; 43.9; 16.7; 27.3;1863; 0.7; 0.7; 0.7;40; 21.9;F;1;29;On;On;Off; 31.6; 31.1;0;2;1086;2;1086;2;900;1;-
2026/04/19;07:08:55;100;-; 56.56; 0.7;-; 75.6; 73.7; 39.4; 4.5; 34.9;1863; 0.7; 0.7; 0.7;39; 21.9;F;1;29;On;On;Off; 31.6; 31.1;0;2;1086;2;1086;2;900;1;-
2026/04/19;07:09:55;100;-; 56.56; 0.8;-; 73.9; 75.1; 42.5; 25.0; 17.4;1863; 0.7; 0.7; 0.7;39; 21.9;F;1;29;On;On;Off; 31.6; 31.1;0;2;1086;2;1086;2;900;1;-
2026/04/19;07:10:55;100;-; 56.56; 0.7;-; 75.4; 74.0; 40.9; 6.8; 34.2;1863; 0.7; 0.7; 0.7;37; 21.9;F;1;29;On;On;Off; 31.6; 31.1;0;2;1086;2;1086;2;900;1;-
2026/04/19;07:11:55;100;-; 56.56; 0.7;-; 75.9; 73.9; 37.1; 9.1; 28.0;1863; 0.7; 0.7; 0.7;37; 21.9;F;1;29;On;On;Off; 31.6; 31.1;0;2;1086;2;1086;2;900;1;-
2026/04/19;07:12:55;100;-; 56.56; 0.5;-; 73.9; 76.8; 31.0; 29.6; 1.5;1864; 0.7; 0.7; 0.7;37; 21.9;F;1;29;On;On;Off; 31.6; 31.1;0;2;1086;2;1086;2;900;1;-
2026/04/19;07:13:55;100;-; 56.56; 0.8;-; 73.9; 75.2; 43.2; 28.8; 14.4;1864; 0.7; 0.7; 0.7;37; 21.9;F;1;29;On;On;Off; 31.6; 31.1;0;2;1086;2;1086;2;900;1;-
2026/04/19;07:14:55;100;-; 56.56; 0.7;-; 75.6; 74.7; 37.9; 17.4; 20.4;1864; 0.7; 0.7; 0.7;36; 21.9;F;1;29;On;On;Off; 31.6; 31.1;0;2;1086;2;1086;2;900;1;-
2026/04/19;07:15:55;100;-; 56.56; 0.8;-; 74.5; 74.8; 47.8; 13.7; 34.2;1864; 0.7; 0.7; 0.7;36; 21.9;F;1;29;On;On;Off; 31.6; 31.1;0;2;1086;2;1086;2;900;1;-
2026/04/19;07:16:55;100;-; 56.56; 0.6;-; 75.3; 75.3; 36.4; 26.6; 9.9;1864; 0.6; 0.6; 0.6;35; 21.9;F;1;29;On;On;Off; 31.6; 31.1;0;2;1086;2;1086;2;900;1;-
2026/04/19;07:17:54;100;-; 56.58; 0.7;-; 75.6; 74.9; 41.7; 12.1; 29.6;1864; 0.6; 0.6; 0.6;34; 21.9;F;1;29;On;On;Off; 31.7; 31.2;0;2;1086;2;1086;2;900;1;-
2026/04/19;07:18:54;100;-; 56.56; 0.8;-; 76.5; 73.9; 42.5; 0.0; 42.5;1864; 0.6; 0.6; 0.6;34; 21.9;F;1;29;On;On;Off; 31.7; 31.2;0;2;1086;2;1086;2;900;1;-
2026/04/19;07:19:54;100;-; 56.56; 0.7;-; 74.1; 76.4; 40.2; 38.0; 2.3;1864; 0.6; 0.6; 0.6;34; 21.9;F;1;29;On;On;Off; 31.7; 31.2;0;2;1086;2;1086;2;900;1;-
2026/04/19;07:20:54;100;-; 56.54; 0.6;-; 75.3; 76.2; 34.2; 30.4; 3.8;1864; 0.6; 0.6; 0.6;34; 21.9;F;1;29;On;On;Off; 31.7; 31.2;0;2;1086;2;1086;2;900;1;-
2026/04/19;07:21:54;100;-; 56.56; 0.6;-; 75.1; 76.2; 36.4; 24.2; 12.1;1864; 0.6; 0.6; 0.6;33; 21.9;F;1;29;On;On;Off; 31.7; 31.2;0;2;1086;2;1086;2;900;1;-
2026/04/19;07:22:54;100;-; 56.56; 0.6;-; 76.7; 75.0; 36.4; 0.0; 36.4;1864; 0.6; 0.6; 0.6;33; 21.9;F;1;29;On;On;Off; 31.7; 31.2;0;2;1086;2;1086;2;900;1;-
2026/04/19;07:23:54;100;-; 56.56; 0.8;-; 77.1; 74.0; 46.3; 0.0; 46.3;1864; 0.6; 0.6; 0.6;33; 21.9;F;1;29;On;On;Off; 31.7; 31.2;0;2;1086;2;1086;2;900;1;-
2026/04/19;07:24:54;100;-; 56.56; 0.6;-; 74.7; 77.1; 33.4; 30.4; 3.0;1864; 0.6; 0.6; 0.6;33; 21.9;F;1;29;On;On;Off; 31.7; 31.2;0;2;1086;2;1086;2;900;1;-
2026/04/19;07:25:54;100;-; 56.56; 0.6;-; 75.1; 77.4; 33.4; 33.4; 0.0;1864; 0.6; 0.6; 0.6;33; 21.9;F;1;29;On;On;Off; 31.7; 31.2;0;2;1086;2;1086;2;900;1;-
2026/04/19;07:26:54;100;-; 56.56; 0.8;-; 74.8; 76.9; 44.0; 44.0; 0.0;1864; 0.6; 0.6; 0.6;32; 21.9;F;1;29;On;On;Off; 31.7; 31.2;0;2;1086;2;1086;2;900;1;-
2026/04/19;07:27:54;100;-; 56.56; 0.6;-; 76.4; 76.2; 34.8; 22.0; 12.9;1864; 0.6; 0.6; 0.6;32; 21.9;F;1;29;On;On;Off; 31.8; 31.3;0;2;1086;2;1086;2;900;1;-
2026/04/19;07:28:54;100;-; 56.56; 0.9;-; 77.3; 75.0; 52.4; 0.0; 52.4;1864; 0.6; 0.6; 0.6;32; 21.9;F;1;29;On;On;Off; 31.8; 31.3;0;2;1086;2;1086;2;900;1;-
2026/04/19;07:29:54;100;-; 56.58; 1.1;-; 77.3; 73.8; 61.5; 0.0; 61.5;1864; 0.6; 0.6; 0.6;32; 21.9;F;1;29;On;On;Off; 31.8; 31.3;0;2;1086;2;1086;2;900;1;-
2026/04/19;07:30:54;100;-; 56.54; 0.7;-; 76.0; 77.4; 39.4; 39.4; 0.0;1864; 0.6; 0.6; 0.6;32; 21.9;F;1;29;On;On;Off; 31.8; 31.3;0;2;1086;2;1086;2;900;1;-
2026/04/19;07:31:54;100;-; 56.58; 0.6;-; 77.5; 75.4; 35.6; 14.4; 21.2;1864; 0.6; 0.6; 0.6;32; 21.9;F;1;29;On;On;Off; 31.8; 31.3;0;2;1086;2;1086;2;900;1;-
2026/04/19;07:32:53;100;-; 56.58; 1.1;-; 74.7; 77.5; 64.6; 64.6; 0.0;1864; 0.6; 0.6; 0.6;31; 21.9;F;1;29;On;On;Off; 31.8; 31.3;0;2;1086;2;1086;2;900;1;-
2026/04/19;07:33:53;100;-; 56.56; 0.6;-; 76.2; 76.7; 35.6; 12.1; 23.5;1864; 0.5; 0.6; 0.6;30; 21.9;F;1;29;On;On;Off; 31.8; 31.3;0;2;1086;2;1086;2;900;1;-
2026/04/19;07:34:53;100;-; 56.56; 0.5;-; 76.4; 77.4; 31.0; 18.2; 12.9;1864; 0.6; 0.6; 0.6;31; 21.9;F;1;29;On;On;Off; 31.8; 31.3;0;2;1086;2;1086;2;900;1;-
2026/04/19;07:35:53;100;-; 56.58; 1.1;-; 77.9; 74.9; 60.8; 0.0; 60.8;1864; 0.6; 0.6; 0.6;31; 21.9;F;1;29;On;On;Off; 31.8; 31.3;0;2;1086;2;1086;2;900;1;-
2026/04/19;07:36:53;100;-; 56.56; 1.0;-; 74.8; 77.8; 54.6; 54.6; 0.0;1864; 0.6; 0.6; 0.6;31; 21.9;F;1;29;On;On;Off; 31.8; 31.3;0;2;1086;2;1086;2;900;1;-
2026/04/19;07:37:53;100;-; 56.56; 0.7;-; 75.4; 77.9; 41.0; 41.0; 0.0;1864; 0.5; 0.6; 0.6;30; 21.9;F;1;29;On;On;Off; 31.8; 31.3;0;2;1086;2;1086;2;900;1;-
2026/04/19;07:38:53;100;-; 56.54; 0.4;-; 76.3; 78.0; 22.0; 22.0; 0.0;1864; 0.5; 0.6; 0.6;29; 21.9;F;1;29;On;On;Off; 31.8; 31.4;0;2;1086;2;1086;2;900;1;-
2026/04/19;07:39:53;100;-; 56.56; 1.0;-; 75.4; 77.8; 55.4; 55.4; 0.0;1864; 0.5; 0.6; 0.6;29; 21.9;F;1;29;On;On;Off; 31.9; 31.4;0;2;1086;2;1086;2;900;1;-
2026/04/19;07:40:53;100;-; 56.56; 0.5;-; 76.6; 77.9; 27.3; 25.8; 1.5;1864; 0.5; 0.6; 0.6;29; 21.9;F;1;29;On;On;Off; 31.8; 31.4;0;2;1086;2;1086;2;900;1;-
2026/04/19;07:41:53;100;-; 56.56; 0.6;-; 75.8; 77.9; 34.2; 34.2; 0.0;1864; 0.5; 0.6; 0.6;29; 21.9;F;1;29;On;On;Off; 31.9; 31.4;0;2;1086;2;1086;2;900;1;-
2026/04/19;07:42:53;100;-; 56.56; 1.1;-; 75.4; 78.1; 59.9; 59.9; 0.0;1864; 0.5; 0.6; 0.6;29; 21.9;F;1;29;On;On;Off; 31.9; 31.4;0;2;1086;2;1086;2;900;1;-
2026/04/19;07:43:53;100;-; 56.58; 0.8;-; 78.1; 75.9; 45.6; 0.0; 45.6;1864; 0.5; 0.6; 0.6;29; 21.9;F;1;29;On;On;Off; 31.9; 31.4;0;2;1086;2;1086;2;900;1;-
2026/04/19;07:44:53;100;-; 56.56; 0.8;-; 76.6; 78.1; 44.7; 44.7; 0.0;1864; 0.5; 0.6; 0.6;29; 21.9;F;1;29;On;On;Off; 31.9; 31.4;0;2;1086;2;1086;2;900;1;-
2026/04/19;07:45:53;100;-; 56.56; 0.6;-; 78.0; 76.2; 33.4; 2.3; 31.1;1864; 0.5; 0.6; 0.6;29; 21.9;F;1;29;On;On;Off; 31.9; 31.4;0;2;1086;2;1086;2;900;1;-
2026/04/19;07:46:53;100;-; 56.56; 0.8;-; 76.4; 77.6; 43.2; 43.2; 0.0;1864; 0.5; 0.6; 0.6;29; 21.9;F;1;29;On;On;Off; 31.9; 31.4;0;2;1086;2;1086;2;900;1;-
2026/04/19;07:47:52;100;-; 56.56; 0.6;-; 77.7; 76.9; 34.8; 5.3; 29.6;1864; 0.5; 0.6; 0.6;29; 21.9;F;1;29;On;On;Off; 31.9; 31.4;0;2;1086;2;1086;2;900;1;-
2026/04/19;07:48:52;100;-; 56.56; 0.5;-; 76.3; 78.0; 31.1; 25.0; 6.1;1864; 0.5; 0.6; 0.6;29; 21.9;F;1;29;On;On;Off; 31.9; 31.4;0;2;1086;2;1086;2;900;1;-
2026/04/19;07:49:52;100;-; 56.58; 0.9;-; 78.2; 76.2; 50.1; 0.0; 50.1;1864; 0.5; 0.6; 0.6;28; 21.9;F;1;29;On;On;Off; 31.9; 31.4;0;2;1086;2;1086;2;900;1;-
2026/04/19;07:50:52;100;-; 56.56; 0.5;-; 77.3; 77.8; 26.6; 0.0; 26.6;1864; 0.5; 0.6; 0.6;29; 21.9;F;1;29;On;On;Off; 31.9; 31.4;0;2;1086;2;1086;3;901;1;-
2026/04/19;07:51:52;100;-; 56.56; 0.7;-; 77.9; 77.0; 39.4; 7.6; 31.8;1864; 0.5; 0.6; 0.6;29; 21.9;F;1;29;On;On;Off; 32.0; 31.4;0;2;1086;2;1086;3;901;1;-
2026/04/19;07:52:52;100;-; 56.56; 0.6;-; 78.3; 76.7; 34.2; 0.0; 34.2;1864; 0.5; 0.6; 0.6;29; 21.9;F;1;29;On;On;Off; 31.9; 31.5;0;2;1086;2;1086;3;901;1;-
2026/04/19;07:53:52;100;-; 56.56; 1.0;-; 74.7; 78.4; 57.7; 57.7; 0.0;1864; 0.5; 0.6; 0.6;29; 21.9;F;1;29;On;On;Off; 31.9; 31.5;0;2;1086;2;1086;3;901;1;-
2026/04/19;07:54:52;100;-; 56.56; 0.6;-; 75.0; 78.0; 35.6; 27.3; 8.3;1864; 0.5; 0.6; 0.6;29; 21.9;F;1;29;On;On;Off; 31.9; 31.5;0;2;1086;2;1086;3;901;1;-
2026/04/19;07:55:52;100;-; 56.56; 0.5;-; 74.0; 77.8; 28.8; 14.4; 14.4;1864; 0.5; 0.6; 0.6;29; 21.9;F;1;29;On;On;Off; 31.9; 31.4;0;2;1086;2;1086;3;901;1;-
2026/04/19;07:56:52;100;-; 56.54; 0.5;-; 74.7; 77.9; 30.3; 19.7; 10.6;1864; 0.5; 0.6; 0.6;29; 21.9;F;1;29;On;On;Off; 31.9; 31.4;0;2;1086;2;1086;3;901;1;-
2026/04/19;07:57:52;100;-; 56.56; 0.9;-; 76.4; 76.9; 51.6; 0.0; 51.6;1864; 0.5; 0.6; 0.6;29; 21.9;F;1;29;On;On;Off; 32.0; 31.4;0;2;1086;2;1086;3;901;1;-
2026/04/19;07:58:52;100;-; 56.56; 0.4;-; 74.8; 77.8; 25.0; 0.7; 24.2;1864; 0.5; 0.6; 0.6;29; 21.9;F;1;29;On;On;Off; 31.9; 31.4;0;2;1086;2;1086;3;901;1;-
2026/04/19;07:59:52;100;-; 56.58; 1.1;-; 76.3; 76.7; 60.8; 0.0; 60.8;1864; 0.5; 0.6; 0.6;29; 21.9;F;1;29;On;On;Off; 31.9; 31.4;0;2;1086;2;1086;3;901;1;-
2026/04/19;08:00:52;100;-; 56.56; 0.6;-; 74.3; 77.9; 31.8; 25.8; 6.1;1864; 0.5; 0.6; 0.6;30; 21.9;F;1;29;On;On;Off; 32.0; 31.4;0;2;1086;2;1086;3;901;1;-
2026/04/19;08:01:52;100;-; 56.54; 0.5;-; 74.0; 78.5; 30.4; 30.4; 0.0;1864; 0.6; 0.6; 0.6;30; 21.9;F;1;29;On;On;Off; 32.0; 31.5;0;2;1086;2;1086;3;901;1;-
2026/04/19;08:02:51;100;-; 56.58; 1.0;-; 75.4; 78.3; 53.9; 53.9; 0.0;1864; 0.6; 0.6; 0.6;30; 21.9;F;1;29;On;On;Off; 32.0; 31.5;0;2;1086;2;1086;3;901;1;-
2026/04/19;08:03:51;100;-; 56.58; 0.5;-; 78.4; 77.0; 31.1; 4.5; 26.6;1864; 0.5; 0.6; 0.6;30; 21.9;F;1;29;On;On;Off; 32.0; 31.5;0;3;1087;3;1087;3;901;1;-
2026/04/19;08:04:51;100;-; 56.56; 0.6;-; 77.6; 77.8; 32.6; 14.4; 18.2;1864; 0.5; 0.6; 0.6;28; 21.9;F;1;29;On;On;Off; 32.0; 31.5;0;3;1087;3;1087;3;901;1;-
2026/04/19;08:05:51;100;-; 56.56; 0.8;-; 78.2; 77.1; 44.0; 44.0; 0.0;1864; 0.5; 0.6; 0.6;29; 21.9;F;1;29;On;On;Off; 32.0; 31.5;0;3;1087;3;1087;3;901;1;-
2026/04/19;08:06:51;100;-; 56.56; 0.4;-; 78.9; 73.8; 23.5; 0.0; 23.5;1864; 0.5; 0.6; 0.6;30; 21.9;F;1;29;On;On;Off; 32.0; 31.5;0;3;1087;3;1087;3;901;1;-
2026/04/19;08:07:51;100;-; 56.54; 0.7;-; 77.7; 75.7; 39.4; 39.4; 0.0;1864; 0.5; 0.6; 0.6;30; 21.9;F;1;29;On;On;Off; 32.0; 31.5;0;3;1087;3;1087;3;901;1;-
2026/04/19;08:08:51;100;-; 56.56; 0.9;-; 78.0; 75.5; 48.6; 48.6; 0.0;1864; 0.5; 0.6; 0.6;30; 21.9;F;1;29;On;On;Off; 32.0; 31.5;0;3;1087;3;1087;3;901;1;-
2026/04/19;08:09:51;100;-; 56.58; 1.0;-; 77.5; 75.7; 59.2; 59.2; 0.0;1864; 0.5; 0.6; 0.6;30; 21.9;F;1;29;On;On;Off; 32.0; 31.5;0;3;1087;3;1087;3;901;1;-
2026/04/19;08:10:51;100;-; 56.56; 1.0;-; 77.6; 75.8; 57.7; 57.7; 0.0;1864; 0.5; 0.6; 0.6;29; 21.9;F;1;29;On;On;Off; 32.0; 31.5;0;3;1087;3;1087;3;901;1;-
2026/04/19;08:11:51;100;-; 56.58; 0.9;-; 78.1; 73.8; 49.3; 29.6; 19.7;1864; 0.5; 0.6; 0.6;29; 21.9;F;1;29;On;On;Off; 32.0; 31.5;0;3;1087;3;1087;3;901;1;-
2026/04/19;08:12:51;100;-; 56.56; 0.5;-; 78.8; 74.0; 25.8; 10.6; 15.2;1865; 0.5; 0.6; 0.6;29; 21.9;F;1;29;On;On;Off; 32.0; 31.5;0;3;1087;3;1087;3;901;1;-
2026/04/19;08:13:51;100;-; 56.56; 0.4;-; 78.8; 76.6; 21.2; 0.7; 20.4;1865; 0.5; 0.6; 0.6;29; 21.9;F;1;29;On;On;Off; 32.0; 31.5;0;3;1087;3;1087;3;901;1;-
2026/04/19;08:14:51;100;-; 56.58; 0.6;-; 78.2; 78.5; 34.1; 2.3; 31.8;1865; 0.5; 0.6; 0.6;28; 21.9;F;1;29;On;On;Off; 32.0; 31.5;0;3;1087;3;1087;3;901;1;-
2026/04/19;08:15:51;100;-; 56.56; 0.5;-; 78.1; 78.9; 30.3; 4.5; 25.8;1865; 0.5; 0.6; 0.6;28; 21.9;F;1;29;On;On;Off; 32.0; 31.5;0;3;1087;3;1087;3;901;1;-
2026/04/19;08:16:51;100;-; 56.58; 0.6;-; 78.8; 78.1; 34.2; 0.0; 34.2;1865; 0.5; 0.6; 0.6;29; 21.9;F;1;29;On;On;Off; 32.0; 31.5;0;3;1087;3;1087;3;901;1;-
2026/04/19;08:17:50;100;-; 56.56; 0.6;-; 78.3; 78.6; 34.9; 34.9; 0.0;1865; 0.5; 0.6; 0.6;29; 21.9;F;1;29;On;On;Off; 32.0; 31.5;0;3;1087;3;1087;3;901;1;-
2026/04/19;08:18:50;100;-; 56.56; 0.7;-; 78.4; 78.1; 37.9; 31.1; 6.8;1865; 0.5; 0.6; 0.6;29; 21.8;F;1;29;On;On;Off; 32.0; 31.5;0;3;1087;3;1087;3;901;1;-
2026/04/19;08:19:50;100;-; 56.56; 0.5;-; 78.2; 78.7; 29.6; 29.6; 0.0;1865; 0.5; 0.6; 0.6;29; 21.8;F;1;29;On;On;Off; 32.0; 31.6;0;3;1087;3;1087;3;901;1;-
2026/04/19;08:20:50;100;-; 56.56; 0.6;-; 78.2; 78.6; 32.6; 29.6; 3.0;1865; 0.5; 0.6; 0.6;29; 21.8;F;1;29;On;On;Off; 32.0; 31.6;0;3;1087;3;1087;3;901;1;-
2026/04/19;08:21:50;100;-; 56.58; 1.1;-; 77.6; 79.0; 62.2; 62.2; 0.0;1865; 0.5; 0.6; 0.6;28; 21.8;F;1;29;On;On;Off; 32.1; 31.6;0;3;1087;3;1087;3;901;1;-
2026/04/19;08:22:50;100;-; 56.56; 0.8;-; 77.9; 79.0; 43.2; 43.2; 0.0;1865; 0.5; 0.6; 0.6;29; 21.9;F;1;29;On;On;Off; 32.1; 31.6;0;3;1087;3;1087;3;901;1;-
2026/04/19;08:23:50;100;-; 56.56; 0.5;-; 78.0; 78.9; 26.6; 26.6; 0.0;1865; 0.5; 0.6; 0.6;29; 21.8;F;1;29;On;On;Off; 32.1; 31.6;0;3;1087;3;1087;3;901;1;-
2026/04/19;08:24:50;100;-; 56.56; 0.5;-; 78.8; 78.0; 25.8; 6.1; 19.7;1865; 0.5; 0.6; 0.6;28; 21.8;F;1;29;On;On;Off; 32.1; 31.6;0;3;1087;3;1087;3;901;1;-
2026/04/19;08:25:50;100;-; 56.58; 1.0;-; 79.0; 77.7; 56.2; 0.0; 56.2;1865; 0.5; 0.6; 0.6;28; 21.8;F;1;29;On;On;Off; 32.1; 31.6;0;3;1087;3;1087;3;901;1;-
2026/04/19;08:26:50;100;-; 56.56; 0.5;-; 78.2; 78.9; 27.3; 27.3; 0.0;1865; 0.5; 0.6; 0.6;28; 21.8;F;1;29;On;On;Off; 32.1; 31.6;0;3;1087;3;1087;3;901;1;-
2026/04/19;08:27:50;100;-; 56.56; 0.7;-; 78.5; 77.9; 38.7; 0.0; 38.7;1865; 0.5; 0.6; 0.6;28; 21.8;F;1;29;On;On;Off; 32.1; 31.6;0;3;1087;3;1087;3;901;1;-
2026/04/19;08:28:50;100;-; 56.58; 1.0;-; 78.8; 77.7; 59.2; 0.0; 59.2;1865; 0.5; 0.6; 0.6;28; 21.8;F;1;29;On;On;Off; 32.1; 31.6;0;3;1087;3;1087;3;901;1;-
2026/04/19;08:29:50;100;-; 56.56; 0.5;-; 78.4; 78.5; 30.3; 2.3; 28.0;1865; 0.5; 0.6; 0.6;27; 21.8;F;1;29;On;On;Off; 32.1; 31.6;0;3;1087;3;1087;3;901;1;-
2026/04/19;08:30:50;100;-; 56.58; 1.0;-; 79.0; 77.6; 59.2; 0.0; 59.2;1865; 0.5; 0.6; 0.6;27; 21.8;F;1;29;On;On;Off; 32.1; 31.6;0;3;1087;3;1087;3;901;1;-
2026/04/19;08:31:50;100;-; 56.58; 0.6;-; 78.3; 78.2; 36.4; 25.8; 10.6;1865; 0.5; 0.6; 0.6;27; 21.8;F;1;29;On;On;Off; 32.1; 31.6;0;3;1087;3;1087;3;901;1;-
2026/04/19;08:32:49;100;-; 56.56; 0.5;-; 78.7; 77.7; 28.8; 12.9; 15.9;1865; 0.5; 0.6; 0.6;28; 21.8;F;1;29;On;On;Off; 32.1; 31.6;0;3;1087;3;1087;3;901;1;-
2026/04/19;08:33:49;100;-; 56.58; 0.9;-; 78.9; 77.4; 48.6; 0.0; 48.6;1865; 0.5; 0.6; 0.6;27; 21.8;F;1;29;On;On;Off; 32.1; 31.6;0;3;1087;3;1087;3;901;1;-
2026/04/19;08:34:49;100;-; 56.56; 0.7;-; 78.9; 78.1; 40.2; 0.0; 40.2;1865; 0.5; 0.6; 0.6;28; 21.8;F;1;29;On;On;Off; 32.1; 31.6;0;3;1087;3;1087;3;901;1;-
2026/04/19;08:35:49;100;-; 56.58; 1.1;-; 77.5; 78.7; 63.7; 63.7; 0.0;1865; 0.5; 0.6; 0.6;28; 21.8;F;1;29;On;On;Off; 32.1; 31.6;0;3;1087;3;1087;3;901;1;-
2026/04/19;08:36:49;100;-; 56.58; 0.7;-; 78.7; 77.5; 38.7; 0.0; 38.7;1865; 0.5; 0.6; 0.6;27; 21.8;F;1;29;On;On;Off; 32.1; 31.6;0;3;1087;3;1087;3;901;1;-
2026/04/19;08:37:49;100;-; 56.58; 1.1;-; 77.6; 78.6; 62.2; 62.2; 0.0;1865; 0.5; 0.6; 0.6;28; 21.8;F;1;29;On;On;Off; 32.1; 31.6;0;3;1087;3;1087;3;901;1;-
2026/04/19;08:38:49;100;-; 56.56; 0.6;-; 77.8; 78.4; 31.8; 31.8; 0.0;1865; 0.5; 0.6; 0.6;28; 21.8;F;1;29;On;On;Off; 32.1; 31.6;0;3;1087;3;1087;3;901;1;-
2026/04/19;08:39:49;100;-; 56.56; 0.4;-; 78.6; 77.9; 24.2; 0.0; 24.2;1865; 0.5; 0.6; 0.6;28; 21.8;F;1;29;On;On;Off; 32.1; 31.6;0;3;1087;3;1087;3;901;1;-
2026/04/19;08:40:49;100;-; 56.58; 0.9;-; 78.7; 77.5; 52.4; 0.0; 52.4;1865; 0.5; 0.6; 0.6;28; 21.8;F;1;29;On;On;Off; 32.1; 31.6;0;3;1087;3;1087;3;901;1;-
2026/04/19;08:41:49;100;-; 56.58; 1.0;-; 77.7; 78.7; 53.9; 53.9; 0.0;1865; 0.5; 0.6; 0.6;28; 21.8;F;1;29;On;On;Off; 32.1; 31.6;0;3;1087;3;1087;3;901;1;-
2026/04/19;08:42:49;100;-; 56.56; 0.8;-; 77.6; 78.7; 46.3; 46.3; 0.0;1865; 0.5; 0.6; 0.6;28; 21.8;F;1;29;On;On;Off; 32.1; 31.7;0;3;1087;3;1087;3;901;1;-
2026/04/19;08:43:49;100;-; 56.56; 0.4;-; 78.1; 78.5; 24.2; 23.5; 0.7;1865; 0.5; 0.6; 0.6;27; 21.8;F;1;29;On;On;Off; 32.1; 31.7;0;3;1087;3;1087;3;901;1;-
2026/04/19;08:44:49;100;-; 56.56; 0.7;-; 78.0; 78.5; 39.4; 39.4; 0.0;1865; 0.5; 0.6; 0.6;27; 21.8;F;1;29;On;On;Off; 32.2; 31.7;0;3;1087;3;1087;3;901;1;-
2026/04/19;08:45:49;100;-; 56.58; 0.9;-; 77.6; 78.8; 51.6; 51.6; 0.0;1865; 0.5; 0.6; 0.6;27; 21.8;F;1;29;On;On;Off; 32.2; 31.7;0;3;1087;3;1087;3;901;1;-
2026/04/19;08:46:49;100;-; 56.56; 0.9;-; 78.2; 78.7; 50.1; 50.1; 0.0;1865; 0.5; 0.6; 0.6;28; 21.8;F;1;29;On;On;Off; 32.2; 31.7;0;3;1087;3;1087;3;901;1;-
2026/04/19;08:47:48;100;-; 56.56; 0.6;-; 78.3; 78.3; 31.8; 3.0; 28.8;1865; 0.5; 0.6; 0.6;28; 21.8;F;1;29;On;On;Off; 32.2; 31.7;0;3;1087;3;1087;3;901;1;-
2026/04/19;08:48:48;100;-; 56.58; 0.9;-; 77.9; 78.8; 53.2; 53.2; 0.0;1865; 0.5; 0.6; 0.6;27; 21.8;F;1;29;On;On;Off; 32.2; 31.7;0;3;1087;3;1087;3;901;1;-
2026/04/19;08:49:48;100;-; 56.56; 0.6;-; 78.4; 78.4; 34.2; 0.0; 34.2;1865; 0.5; 0.6; 0.6;28; 21.8;F;1;29;On;On;Off; 32.2; 31.7;0;3;1087;3;1087;3;901;1;-
2026/04/19;08:50:48;100;-; 56.58; 1.1;-; 77.9; 78.7; 60.0; 60.0; 0.0;1865; 0.5; 0.6; 0.6;28; 21.8;F;1;29;On;On;Off; 32.2; 31.7;0;3;1087;3;1087;3;901;1;-
2026/04/19;08:51:48;100;-; 56.58; 0.8;-; 78.6; 77.9; 44.0; 0.0; 44.0;1865; 0.5; 0.6; 0.6;28; 21.8;F;1;29;On;On;Off; 32.2; 31.7;0;3;1087;3;1087;3;901;1;-
2026/04/19;08:52:48;100;-; 56.58; 0.7;-; 78.7; 77.8; 37.1; 20.5; 16.7;1865; 0.5; 0.6; 0.6;28; 21.8;F;1;29;On;On;Off; 32.2; 31.7;0;3;1087;3;1087;3;901;1;-
2026/04/19;08:53:48;100;-; 56.56; 0.5;-; 77.9; 78.7; 29.6; 29.6; 0.0;1865; 0.5; 0.6; 0.6;28; 21.8;F;1;29;On;On;Off; 32.2; 31.7;0;3;1087;3;1087;3;901;1;-
2026/04/19;08:54:48;100;-; 56.56; 0.5;-; 78.3; 78.3; 28.0; 12.9; 15.2;1865; 0.5; 0.6; 0.6;28; 21.8;F;1;29;On;On;Off; 32.2; 31.7;0;3;1087;3;1087;3;901;1;-
2026/04/19;08:55:48;100;-; 56.58; 0.7;-; 78.4; 78.0; 39.4; 39.4; 0.0;1865; 0.5; 0.6; 0.6;27; 21.8;F;1;29;On;On;Off; 32.2; 31.7;0;3;1087;3;1087;3;901;1;-
2026/04/19;08:56:48;100;-; 56.56; 0.8;-; 77.5; 78.6; 42.5; 23.5; 19.0;1865; 0.5; 0.6; 0.6;28; 21.8;F;1;29;On;On;Off; 32.2; 31.7;0;3;1087;3;1087;3;901;1;-
2026/04/19;08:57:48;100;-; 56.56; 0.6;-; 78.7; 77.9; 36.4; 0.0; 36.4;1865; 0.5; 0.6; 0.6;27; 21.8;F;1;29;On;On;Off; 32.2; 31.7;0;3;1087;3;1087;3;901;1;-
2026/04/19;08:58:48;100;-; 56.56; 0.8;-; 78.7; 77.9; 42.5; 0.0; 42.5;1865; 0.5; 0.6; 0.6;28; 21.8;F;1;29;On;On;Off; 32.2; 31.7;0;3;1087;3;1087;3;901;1;-
2026/04/19;08:59:48;100;-; 56.58; 0.7;-; 78.3; 77.5; 39.4; 14.4; 25.0;1865; 0.5; 0.6; 0.6;28; 21.8;F;1;29;On;On;Off; 32.2; 31.7;0;3;1087;3;1087;3;901;1;-
2026/04/19;09:00:48;100;-; 56.58; 0.9;-; 78.4; 77.3; 51.6; 0.0; 51.6;1865; 0.5; 0.6; 0.6;28; 21.8;F;1;29;On;On;Off; 32.2; 31.7;0;3;1087;3;1087;3;901;1;-
2026/04/19;09:01:48;100;-; 56.58; 0.8;-; 78.3; 77.3; 44.0; 0.0; 44.0;1865; 0.5; 0.6; 0.6;28; 21.8;F;1;29;On;On;Off; 32.2; 31.7;0;3;1087;3;1087;3;901;1;-
2026/04/19;09:02:47;100;-; 56.56; 0.6;-; 78.1; 77.7; 32.6; 6.1; 26.6;1865; 0.5; 0.6; 0.6;27; 21.8;F;1;29;On;On;Off; 32.2; 31.7;0;3;1087;3;1087;3;901;1;-
2026/04/19;09:03:47;100;-; 56.56; 0.6;-; 78.0; 78.3; 36.4; 36.4; 0.0;1865; 0.5; 0.6; 0.6;27; 21.8;F;1;29;On;On;Off; 32.2; 31.7;0;3;1087;3;1087;3;901;1;-
2026/04/19;09:04:47;100;-; 56.56; 0.8;-; 77.7; 78.2; 44.0; 44.0; 0.0;1865; 0.5; 0.6; 0.6;28; 21.8;F;1;29;On;On;Off; 32.2; 31.7;0;3;1087;3;1087;3;901;1;-
2026/04/19;09:05:47;100;-; 56.58; 0.7;-; 77.4; 78.4; 38.7; 38.7; 0.0;1865; 0.5; 0.6; 0.6;28; 21.8;F;1;29;On;On;Off; 32.2; 31.7;0;3;1087;3;1087;3;901;1;-
2026/04/19;09:06:47;100;-; 56.58; 1.0;-; 78.3; 77.3; 54.6; 0.0; 54.6;1865; 0.5; 0.6; 0.6;27; 21.8;F;1;29;On;On;Off; 32.2; 31.7;0;3;1087;3;1087;3;901;1;-
2026/04/19;09:07:47;100;-; 56.56; 0.7;-; 77.9; 78.4; 40.9; 40.9; 0.0;1865; 0.5; 0.6; 0.6;27; 21.8;F;1;29;On;On;Off; 32.2; 31.7;0;3;1087;3;1087;3;901;1;-
2026/04/19;09:08:47;100;-; 56.56; 0.6;-; 77.8; 78.2; 32.6; 32.6; 0.0;1865; 0.5; 0.6; 0.6;27; 21.8;F;1;29;On;On;Off; 32.2; 31.7;0;3;1087;3;1087;3;901;1;-
2026/04/19;09:09:47;100;-; 56.56; 0.7;-; 77.8; 78.4; 38.7; 38.7; 0.0;1865; 0.5; 0.6; 0.6;27; 21.8;F;1;29;On;On;Off; 32.2; 31.7;0;3;1087;3;1087;3;901;1;-
2026/04/19;09:10:47;100;-; 56.56; 0.6;-; 77.6; 78.2; 35.6; 35.6; 0.0;1865; 0.5; 0.6; 0.6;27; 21.8;F;1;29;On;On;Off; 32.2; 31.7;0;3;1087;3;1087;3;901;1;-
2026/04/19;09:11:47;100;-; 56.58; 0.4;-; 78.4; 77.9; 23.5; 18.2; 5.3;1865; 0.5; 0.6; 0.6;27; 21.8;F;1;29;On;On;Off; 32.2; 31.7;0;3;1087;3;1087;3;901;1;-
2026/04/19;09:12:47;100;-; 56.58; 0.5;-; 77.5; 78.3; 31.0; 16.7; 14.4;1866; 0.5; 0.6; 0.6;27; 21.8;F;1;29;On;On;Off; 32.2; 31.7;0;3;1087;3;1087;3;901;1;-
2026/04/19;09:13:47;100;-; 56.56; 1.0;-; 77.3; 78.5; 57.7; 57.7; 0.0;1866; 0.5; 0.6; 0.6;27; 21.8;F;1;29;On;On;Off; 32.2; 31.7;0;3;1087;3;1087;3;901;1;-
2026/04/19;09:14:47;100;-; 56.54; 0.6;-; 78.2; 77.8; 33.4; 0.0; 33.4;1866; 0.5; 0.6; 0.6;27; 21.8;F;1;29;On;On;Off; 32.2; 31.7;0;3;1087;3;1087;3;901;1;-
2026/04/19;09:15:47;100;-; 56.58; 0.6;-; 77.7; 78.3; 33.4; 33.4; 0.0;1866; 0.5; 0.6; 0.6;27; 21.8;F;1;29;On;On;Off; 32.2; 31.8;0;3;1087;3;1087;3;901;1;-
2026/04/19;09:16:47;100;-; 56.56; 0.6;-; 77.5; 78.4; 35.6; 35.6; 0.0;1866; 0.5; 0.6; 0.6;27; 21.8;F;1;29;On;On;Off; 32.3; 31.7;0;3;1087;3;1087;3;901;1;-
2026/04/19;09:17:46;100;-; 56.56; 0.7;-; 78.1; 77.7; 40.2; 0.0; 40.2;1866; 0.5; 0.6; 0.6;27; 21.8;F;1;29;On;On;Off; 32.2; 31.8;0;3;1087;3;1087;3;901;1;-
2026/04/19;09:18:46;100;-; 56.56; 0.6;-; 77.6; 78.3; 32.6; 32.6; 0.0;1866; 0.5; 0.6; 0.6;27; 21.8;F;1;29;On;On;Off; 32.3; 31.7;0;3;1087;3;1087;3;901;1;-
2026/04/19;09:19:46;100;-; 56.58; 0.8;-; 77.3; 78.2; 42.5; 42.5; 0.0;1866; 0.5; 0.6; 0.6;27; 21.8;F;1;29;On;On;Off; 32.2; 31.7;0;3;1087;3;1087;3;901;1;-
2026/04/19;09:20:46;100;-; 56.56; 0.8;-; 78.0; 77.5; 47.0; 0.0; 47.0;1866; 0.5; 0.6; 0.6;28; 21.8;F;1;29;On;On;Off; 32.2; 31.8;0;3;1087;3;1087;3;901;1;-
2026/04/19;09:21:46;100;-; 56.56; 0.6;-; 78.3; 77.4; 34.2; 0.0; 34.2;1866; 0.5; 0.6; 0.6;27; 21.8;F;1;29;On;On;Off; 32.2; 31.7;0;3;1087;3;1087;3;901;1;-
2026/04/19;09:22:46;100;-; 56.58; 0.6;-; 78.2; 77.4; 35.6; 11.4; 24.2;1866; 0.5; 0.6; 0.6;28; 21.8;F;1;29;On;On;Off; 32.3; 31.8;0;3;1087;3;1087;3;901;1;-
2026/04/19;09:23:46;100;-; 56.56; 0.8;-; 77.6; 78.4; 47.0; 47.0; 0.0;1866; 0.5; 0.6; 0.6;27; 21.8;F;1;29;On;On;Off; 32.3; 31.8;0;3;1087;3;1087;3;901;1;-
2026/04/19;09:24:46;100;-; 56.58; 0.7;-; 78.4; 77.5; 41.0; 0.0; 41.0;1866; 0.5; 0.6; 0.6;27; 21.8;F;1;29;On;On;Off; 32.3; 31.8;0;3;1087;3;1087;3;901;1;-
2026/04/19;09:25:46;100;-; 56.56; 0.6;-; 78.0; 78.0; 35.6; 35.6; 0.0;1866; 0.5; 0.6; 0.6;27; 21.8;F;1;29;On;On;Off; 32.3; 31.8;0;3;1087;3;1087;3;901;1;-
2026/04/19;09:26:46;100;-; 56.56; 0.9;-; 77.6; 78.3; 52.4; 52.4; 0.0;1866; 0.5; 0.6; 0.6;27; 21.8;F;1;29;On;On;Off; 32.3; 31.8;0;3;1087;3;1087;3;901;1;-
2026/04/19;09:27:46;100;-; 56.56; 0.6;-; 77.7; 77.9; 34.9; 34.9; 0.0;1866; 0.5; 0.6; 0.6;27; 21.8;F;1;29;On;On;Off; 32.3; 31.8;0;3;1087;3;1087;3;901;1;-
2026/04/19;09:28:46;100;-; 56.56; 0.7;-; 78.0; 77.7; 37.2; 0.0; 37.2;1866; 0.5; 0.6; 0.6;27; 21.8;F;1;29;On;On;Off; 32.3; 31.8;0;3;1087;3;1087;3;901;1;-
2026/04/19;09:29:46;100;-; 56.58; 0.8;-; 78.0; 77.4; 47.8; 0.0; 47.8;1866; 0.5; 0.6; 0.6;27; 21.8;F;1;29;On;On;Off; 32.3; 31.8;0;3;1087;3;1087;3;901;1;-
2026/04/19;09:30:46;100;-; 56.56; 0.5;-; 77.5; 78.1; 30.4; 30.4; 0.0;1866; 0.5; 0.6; 0.6;27; 21.8;F;1;29;On;On;Off; 32.3; 31.8;0;3;1087;3;1087;3;901;1;-
2026/04/19;09:31:46;100;-; 56.58; 0.9;-; 78.2; 77.7; 48.6; 0.0; 48.6;1866; 0.5; 0.6; 0.6;27; 21.8;F;1;29;On;On;Off; 32.3; 31.8;0;3;1087;3;1087;3;901;1;-
2026/04/19;09:32:45;100;-; 56.58; 1.1;-; 77.2; 78.4; 63.7; 63.7; 0.0;1866; 0.5; 0.6; 0.6;27; 21.8;F;1;29;On;On;Off; 32.3; 31.8;0;3;1087;3;1087;3;901;1;-
2026/04/19;09:33:45;100;-; 56.56; 0.5;-; 77.5; 78.2; 28.8; 22.8; 6.1;1866; 0.5; 0.6; 0.6;26; 21.8;F;1;29;On;On;Off; 32.3; 31.8;0;3;1087;3;1087;3;901;1;-
2026/04/19;09:34:45;100;-; 56.56; 0.5;-; 77.7; 78.3; 27.3; 6.1; 21.2;1866; 0.5; 0.6; 0.6;27; 21.8;F;1;29;On;On;Off; 32.3; 31.8;0;3;1087;3;1087;4;902;1;-
2026/04/19;09:35:45;100;-; 56.56; 0.6;-; 77.7; 78.3; 34.9; 34.9; 0.0;1866; 0.5; 0.6; 0.6;26; 21.8;F;1;29;On;On;Off; 32.3; 31.8;0;3;1087;3;1087;4;902;1;-
2026/04/19;09:36:45;100;-; 56.56; 0.6;-; 78.0; 77.6; 31.8; 10.6; 21.2;1866; 0.5; 0.6; 0.6;26; 21.8;F;1;29;On;On;Off; 32.3; 31.8;0;3;1087;3;1087;4;902;1;-
2026/04/19;09:37:45;100;-; 56.58; 0.6;-; 78.2; 77.4; 36.4; 17.5; 19.0;1866; 0.5; 0.6; 0.6;26; 21.8;F;1;29;On;On;Off; 32.3; 31.8;0;3;1087;3;1087;4;902;1;-
2026/04/19;09:38:45;100;-; 56.58; 0.7;-; 77.5; 78.0; 40.2; 40.2; 0.0;1866; 0.5; 0.6; 0.6;26; 21.8;F;1;29;On;On;Off; 32.3; 31.8;0;3;1087;3;1087;4;902;1;-
2026/04/19;09:39:45;100;-; 56.58; 0.5;-; 77.6; 77.8; 30.3; 6.8; 23.5;1866; 0.5; 0.6; 0.6;27; 21.8;F;1;29;On;On;Off; 32.3; 31.8;0;3;1087;3;1087;4;902;1;-
2026/04/19;09:40:45;100;-; 56.56; 0.9;-; 78.1; 77.4; 50.8; 0.0; 50.8;1866; 0.5; 0.6; 0.6;26; 21.8;F;1;29;On;On;Off; 32.3; 31.8;0;3;1087;3;1087;4;902;1;-
2026/04/19;09:41:45;100;-; 56.58; 0.6;-; 78.0; 77.4; 34.9; 34.9; 0.0;1866; 0.5; 0.6; 0.6;27; 21.8;F;1;29;On;On;Off; 32.3; 31.8;0;3;1087;3;1087;4;902;1;-
2026/04/19;09:42:45;100;-; 56.58; 0.5;-; 77.8; 77.9; 31.0; 6.8; 24.2;1866; 0.5; 0.6; 0.6;27; 21.8;F;1;29;On;On;Off; 32.3; 31.8;0;3;1087;3;1087;4;902;1;-
2026/04/19;09:43:45;100;-; 56.56; 0.6;-; 77.9; 77.9; 31.8; 16.7; 15.2;1866; 0.5; 0.6; 0.6;26; 21.8;F;1;29;On;On;Off; 32.3; 31.8;0;3;1087;3;1087;4;902;1;-
2026/04/19;09:44:45;100;-; 56.58; 0.7;-; 78.2; 77.3; 38.0; 3.8; 34.2;1866; 0.5; 0.6; 0.6;26; 21.8;F;1;29;On;On;Off; 32.3; 31.8;0;3;1087;3;1087;4;902;1;-
2026/04/19;09:45:45;100;-; 56.56; 1.0;-; 77.4; 78.0; 54.6; 54.6; 0.0;1866; 0.5; 0.6; 0.6;26; 21.8;F;1;29;On;On;Off; 32.3; 31.8;0;3;1087;3;1087;4;902;1;-
2026/04/19;09:46:45;100;-; 56.58; 0.6;-; 77.4; 77.7; 34.9; 17.5; 17.5;1866; 0.5; 0.6; 0.6;27; 21.8;F;1;29;On;On;Off; 32.3; 31.8;0;3;1087;3;1087;4;902;1;-
2026/04/19;09:47:44;100;-; 56.58; 0.9;-; 77.3; 78.1; 52.4; 52.4; 0.0;1866; 0.5; 0.6; 0.6;26; 21.8;F;1;29;On;On;Off; 32.3; 31.8;0;3;1087;3;1087;4;902;1;-
2026/04/19;09:48:44;100;-; 56.58; 0.8;-; 78.0; 77.4; 46.3; 0.0; 46.3;1866; 0.5; 0.6; 0.6;26; 21.8;F;1;29;On;On;Off; 32.3; 31.8;0;4;1088;4;1088;4;902;1;-
2026/04/19;09:49:44;100;-; 56.56; 0.7;-; 78.0; 77.4; 37.2; 11.4; 25.8;1866; 0.5; 0.6; 0.6;27; 21.8;F;1;29;On;On;Off; 32.3; 31.8;0;4;1088;4;1088;4;902;1;-
2026/04/19;09:50:44;100;-; 56.56; 0.6;-; 77.6; 78.0; 33.4; 33.4; 0.0;1866; 0.5; 0.6; 0.6;27; 21.8;F;1;29;On;On;Off; 32.3; 31.8;0;4;1088;4;1088;4;902;1;-
2026/04/19;09:51:44;100;-; 56.56; 0.6;-; 78.1; 77.4; 35.6; 0.0; 35.6;1866; 0.5; 0.6; 0.6;26; 21.8;F;1;29;On;On;Off; 32.3; 31.8;0;4;1088;4;1088;4;902;1;-
2026/04/19;09:52:44;100;-; 56.56; 0.5;-; 78.1; 77.5; 26.6; 0.0; 26.6;1866; 0.5; 0.6; 0.6;27; 21.8;F;1;29;On;On;Off; 32.3; 31.8;0;4;1088;4;1088;4;902;1;-
2026/04/19;09:53:44;100;-; 56.58; 0.6;-; 78.0; 77.3; 34.1; 2.3; 31.8;1866; 0.5; 0.6; 0.6;27; 21.8;F;1;29;On;On;Off; 32.3; 31.8;0;4;1088;4;1088;4;902;1;-
2026/04/19;09:54:44;100;-; 56.58; 0.5;-; 77.6; 78.0; 27.3; 27.3; 0.0;1866; 0.5; 0.6; 0.6;26; 21.8;F;1;29;On;On;Off; 32.3; 31.8;0;4;1088;4;1088;4;902;1;-
2026/04/19;09:55:44;100;-; 56.56; 0.6;-; 77.9; 77.1; 36.4; 0.0; 36.4;1866; 0.5; 0.6; 0.6;26; 21.8;F;1;29;On;On;Off; 32.3; 31.8;0;4;1088;4;1088;4;902;1;-
2026/04/19;09:56:44;100;-; 56.58; 0.9;-; 76.9; 78.1; 50.8; 50.8; 0.0;1866; 0.5; 0.6; 0.6;27; 21.8;F;1;29;On;On;Off; 32.3; 31.8;0;4;1088;4;1088;4;902;1;-
2026/04/19;09:57:44;100;-; 56.56; 0.5;-; 77.6; 77.4; 26.6; 0.0; 26.6;1866; 0.5; 0.6; 0.6;27; 21.8;F;1;29;On;On;Off; 32.3; 31.8;0;4;1088;4;1088;4;902;1;-
2026/04/19;09:58:44;100;-; 56.56; 0.5;-; 77.4; 77.8; 31.0; 22.0; 9.1;1866; 0.5; 0.6; 0.6;26; 21.8;F;1;29;On;On;Off; 32.3; 31.8;0;4;1088;4;1088;4;902;1;-
2026/04/19;09:59:44;100;-; 56.58; 1.1;-; 77.1; 77.9; 62.2; 62.2; 0.0;1866; 0.5; 0.6; 0.6;26; 21.8;F;1;29;On;On;Off; 32.3; 31.8;0;4;1088;4;1088;4;902;1;-
2026/04/19;10:00:44;100;-; 56.58; 1.0;-; 76.7; 77.9; 53.9; 53.9; 0.0;1866; 0.5; 0.6; 0.6;27; 21.8;F;1;29;On;On;Off; 32.3; 31.8;0;4;1088;4;1088;4;902;1;-
2026/04/19;10:01:44;100;-; 56.56; 0.5;-; 77.7; 77.4; 28.0; 25.0; 3.0;1866; 0.5; 0.6; 0.6;27; 21.8;F;1;29;On;On;Off; 32.3; 31.8;0;4;1088;4;1088;4;902;1;-
2026/04/19;10:02:43;100;-; 56.56; 0.7;-; 77.2; 77.5; 39.4; 39.4; 0.0;1866; 0.5; 0.6; 0.6;27; 21.8;F;1;29;On;On;Off; 32.3; 31.8;0;4;1088;4;1088;4;902;1;-
2026/04/19;10:03:43;100;-; 56.56; 0.8;-; 77.1; 77.4; 42.5; 42.5; 0.0;1866; 0.5; 0.6; 0.6;27; 21.8;F;1;29;On;On;Off; 32.3; 31.8;0;4;1088;4;1088;4;902;1;-
2026/04/19;10:04:43;100;-; 56.58; 0.9;-; 77.6; 76.8; 50.8; 0.0; 50.8;1866; 0.5; 0.6; 0.6;27; 21.8;F;1;29;On;On;Off; 32.3; 31.8;0;4;1088;4;1088;4;902;1;-
2026/04/19;10:05:43;100;-; 56.58; 1.2;-; 76.7; 77.6; 69.8; 69.8; 0.0;1866; 0.5; 0.6; 0.6;26; 21.8;F;1;29;On;On;Off; 32.3; 31.8;0;4;1088;4;1088;4;902;1;-
2026/04/19;10:06:43;100;-; 56.56; 0.7;-; 77.1; 76.9; 38.7; 15.2; 23.5;1866; 0.5; 0.6; 0.6;26; 21.8;F;1;29;On;On;Off; 32.3; 31.8;0;4;1088;4;1088;4;902;1;-
2026/04/19;10:07:43;100;-; 56.58; 0.7;-; 77.5; 76.6; 41.0; 11.4; 29.6;1866; 0.5; 0.6; 0.6;27; 21.8;F;1;29;On;On;Off; 32.3; 31.8;0;4;1088;4;1088;4;902;1;-
2026/04/19;10:08:43;100;-; 56.58; 0.8;-; 76.5; 77.4; 46.3; 46.3; 0.0;1866; 0.5; 0.6; 0.6;26; 21.8;F;1;29;On;On;Off; 32.3; 31.8;0;4;1088;4;1088;4;902;1;-
2026/04/19;10:09:43;100;-; 56.58; 0.5;-; 77.4; 76.9; 28.8; 28.8; 0.0;1866; 0.5; 0.6; 0.6;26; 21.8;F;1;29;On;On;Off; 32.3; 31.8;0;4;1088;4;1088;4;902;1;-
2026/04/19;10:10:43;100;-; 56.58; 0.9;-; 76.7; 77.5; 52.4; 52.4; 0.0;1866; 0.5; 0.6; 0.6;26; 21.8;F;1;29;On;On;Off; 32.3; 31.8;0;4;1088;4;1088;4;902;1;-
2026/04/19;10:11:43;100;-; 56.58; 0.8;-; 76.9; 77.2; 44.8; 44.8; 0.0;1866; 0.5; 0.6; 0.6;26; 21.8;F;1;29;On;On;Off; 32.3; 31.8;0;4;1088;4;1088;4;902;1;-
2026/04/19;10:12:43;100;-; 56.56; 0.5;-; 77.0; 77.4; 29.6; 10.6; 19.0;1867; 0.5; 0.6; 0.6;27; 21.8;F;1;29;On;On;Off; 32.3; 31.8;0;4;1088;4;1088;4;902;1;-
2026/04/19;10:13:43;100;-; 56.56; 1.0;-; 76.8; 77.7; 56.9; 56.9; 0.0;1867; 0.5; 0.6; 0.6;27; 21.8;F;1;29;On;On;Off; 32.3; 31.8;0;4;1088;4;1088;4;902;1;-
2026/04/19;10:14:43;100;-; 56.56; 0.4;-; 77.7; 77.2; 23.5; 18.2; 5.3;1867; 0.5; 0.6; 0.6;26; 21.8;F;1;29;On;On;Off; 32.3; 31.8;0;4;1088;4;1088;4;902;1;-
2026/04/19;10:15:43;100;-; 56.56; 0.5;-; 77.1; 77.5; 29.5; 1.5; 28.0;1867; 0.5; 0.6; 0.6;26; 21.8;F;1;29;On;On;Off; 32.3; 31.8;0;4;1088;4;1088;4;902;1;-
2026/04/19;10:16:43;100;-; 56.56; 0.4;-; 77.7; 77.3; 23.5; 4.5; 19.0;1867; 0.5; 0.6; 0.6;26; 21.8;F;1;29;On;On;Off; 32.3; 31.8;0;4;1088;4;1088;4;902;1;-
2026/04/19;10:17:42;100;-; 56.58; 0.8;-; 76.9; 77.4; 43.2; 43.2; 0.0;1867; 0.5; 0.6; 0.6;27; 21.8;F;1;29;On;On;Off; 32.3; 31.8;0;4;1088;4;1088;4;902;1;-
2026/04/19;10:18:42;100;-; 56.58; 0.8;-; 77.4; 76.9; 43.2; 0.0; 43.2;1867; 0.5; 0.6; 0.6;27; 21.8;F;1;29;On;On;Off; 32.3; 31.8;0;4;1088;4;1088;4;902;1;-
2026/04/19;10:19:42;100;-; 56.58; 0.7;-; 77.8; 76.6; 40.2; 0.0; 40.2;1867; 0.5; 0.6; 0.6;26; 21.8;F;1;29;On;On;Off; 32.3; 31.8;0;4;1088;4;1088;4;902;1;-
2026/04/19;10:20:42;100;-; 56.58; 0.6;-; 77.6; 76.9; 35.6; 25.0; 10.6;1867; 0.5; 0.6; 0.6;26; 21.8;F;1;29;On;On;Off; 32.3; 31.8;0;4;1088;4;1088;4;902;1;-
2026/04/19;10:21:42;100;-; 56.58; 0.8;-; 77.0; 77.5; 44.8; 44.8; 0.0;1867; 0.5; 0.6; 0.6;26; 21.8;F;1;29;On;On;Off; 32.3; 31.8;0;4;1088;4;1088;4;902;1;-
2026/04/19;10:22:42;100;-; 56.56; 0.8;-; 77.0; 77.6; 42.5; 42.5; 0.0;1867; 0.5; 0.6; 0.6;27; 21.8;F;1;29;On;On;Off; 32.3; 31.8;0;4;1088;4;1088;4;902;1;-
2026/04/19;10:23:42;100;-; 56.56; 0.6;-; 77.4; 76.7; 35.6; 7.6; 28.0;1867; 0.5; 0.6; 0.6;26; 21.8;F;1;29;On;On;Off; 32.3; 31.8;0;4;1088;4;1088;4;902;1;-
2026/04/19;10:24:42;100;-; 56.58; 0.8;-; 77.1; 76.8; 43.2; 0.0; 43.2;1867; 0.5; 0.6; 0.6;26; 21.8;F;1;29;On;On;Off; 32.3; 31.8;0;4;1088;4;1088;4;902;1;-
2026/04/19;10:25:42;100;-; 56.56; 0.6;-; 77.0; 77.1; 33.4; 33.4; 0.0;1867; 0.5; 0.6; 0.6;26; 21.8;F;1;29;On;On;Off; 32.3; 31.8;0;4;1088;4;1088;4;902;1;-
2026/04/19;10:26:42;100;-; 56.58; 0.7;-; 76.6; 77.1; 38.6; 24.2; 14.4;1867; 0.5; 0.6; 0.6;26; 21.8;F;1;29;On;On;Off; 32.3; 31.8;0;4;1088;4;1088;4;902;1;-
2026/04/19;10:27:42;100;-; 56.56; 0.7;-; 77.0; 76.6; 41.0; 0.0; 41.0;1867; 0.5; 0.6; 0.6;27; 21.8;F;1;29;On;On;Off; 32.3; 31.8;0;4;1088;4;1088;4;902;1;-
2026/04/19;10:28:42;100;-; 56.56; 0.5;-; 77.2; 76.4; 31.0; 1.5; 29.6;1867; 0.5; 0.6; 0.6;27; 21.8;F;1;29;On;On;Off; 32.3; 31.8;0;4;1088;4;1088;4;902;1;-
2026/04/19;10:29:42;100;-; 56.56; 0.6;-; 76.5; 76.9; 34.2; 15.2; 19.0;1867; 0.5; 0.6; 0.6;27; 21.8;F;1;29;On;On;Off; 32.3; 31.8;0;4;1088;4;1088;4;902;1;-
2026/04/19;10:30:42;100;-; 56.56; 1.0;-; 76.2; 77.0; 58.4; 58.4; 0.0;1867; 0.5; 0.6; 0.6;27; 21.8;F;1;29;On;On;Off; 32.3; 31.8;0;4;1088;4;1088;4;902;1;-
2026/04/19;10:31:42;100;-; 56.58; 0.5;-; 77.0; 76.2; 29.5; 12.9; 16.7;1867; 0.5; 0.6; 0.6;27; 21.8;F;1;29;On;On;Off; 32.3; 31.8;0;4;1088;4;1088;4;902;1;-
2026/04/19;10:32:41;100;-; 56.58; 0.6;-; 76.5; 76.8; 32.6; 28.8; 3.8;1867; 0.5; 0.6; 0.6;27; 21.8;F;1;29;On;On;Off; 32.3; 31.8;0;4;1088;4;1088;4;902;1;-
2026/04/19;10:33:41;100;-; 56.58; 0.9;-; 76.3; 77.2; 51.6; 51.6; 0.0;1867; 0.5; 0.6; 0.6;27; 21.8;F;1;29;On;On;Off; 32.3; 31.8;0;4;1088;4;1088;4;902;1;-
2026/04/19;10:34:41;100;-; 56.58; 0.5;-; 76.6; 77.1; 31.0; 28.0; 3.0;1867; 0.5; 0.6; 0.6;27; 21.8;F;1;29;On;On;Off; 32.3; 31.8;0;4;1088;4;1088;4;902;1;-
2026/04/19;10:35:41;100;-; 56.58; 1.0;-; 77.3; 76.4; 57.7; 0.0; 57.7;1867; 0.5; 0.6; 0.6;26; 21.8;F;1;29;On;On;Off; 32.3; 31.8;0;4;1088;4;1088;4;902;1;-
2026/04/19;10:36:41;100;-; 56.56; 0.4;-; 77.1; 76.8; 25.0; 12.9; 12.1;1867; 0.5; 0.6; 0.6;27; 21.8;F;1;29;On;On;Off; 32.3; 31.8;0;4;1088;4;1088;4;902;1;-
2026/04/19;10:37:41;100;-; 56.56; 0.6;-; 76.9; 77.2; 34.2; 0.0; 34.2;1867; 0.5; 0.6; 0.6;26; 21.8;F;1;29;On;On;Off; 32.3; 31.8;0;4;1088;4;1088;4;902;1;-
2026/04/19;10:38:41;100;-; 56.56; 0.5;-; 77.2; 77.0; 28.8; 12.1; 16.7;1867; 0.5; 0.6; 0.6;26; 21.8;F;1;29;On;On;Off; 32.3; 31.8;0;4;1088;4;1088;4;902;1;-
2026/04/19;10:39:41;100;-; 56.56; 0.5;-; 77.0; 77.4; 31.1; 3.8; 27.3;1867; 0.5; 0.6; 0.6;26; 21.8;F;1;29;On;On;Off; 32.3; 31.8;0;4;1088;4;1088;4;902;1;-
2026/04/19;10:40:41;100;-; 56.58; 0.8;-; 77.7; 76.8; 47.0; 0.0; 47.0;1867; 0.5; 0.6; 0.6;26; 21.8;F;1;29;On;On;Off; 32.3; 31.8;0;4;1088;4;1088;4;902;1;-
2026/04/19;10:41:41;100;-; 56.54; 0.6;-; 76.9; 77.4; 35.6; 35.6; 0.0;1867; 0.5; 0.6; 0.6;26; 21.8;F;1;29;On;On;Off; 32.3; 31.8;0;4;1088;4;1088;4;902;1;-
2026/04/19;10:42:41;100;-; 56.56; 0.9;-; 76.9; 77.3; 50.1; 50.1; 0.0;1867; 0.5; 0.6; 0.6;26; 21.8;F;1;29;On;On;Off; 32.3; 31.8;0;4;1088;4;1088;4;902;1;-
2026/04/19;10:43:41;100;-; 56.58; 0.9;-; 76.8; 77.2; 50.8; 50.8; 0.0;1867; 0.5; 0.6; 0.6;27; 21.8;F;1;29;On;On;Off; 32.3; 31.8;0;4;1088;4;1088;4;902;1;-
2026/04/19;10:44:41;100;-; 56.58; 0.9;-; 76.8; 77.2; 50.8; 50.8; 0.0;1867; 0.5; 0.6; 0.6;27; 21.8;F;1;29;On;On;Off; 32.3; 31.8;0;4;1088;4;1088;4;902;1;-
2026/04/19;10:45:41;100;-; 56.58; 0.6;-; 76.8; 77.0; 32.6; 32.6; 0.0;1867; 0.5; 0.6; 0.6;27; 21.8;F;1;29;On;On;Off; 32.3; 31.8;0;4;1088;4;1088;4;902;1;-
2026/04/19;10:46:41;100;-; 56.56; 0.5;-; 77.1; 76.7; 28.8; 27.3; 1.5;1867; 0.5; 0.6; 0.6;27; 21.8;F;1;29;On;On;Off; 32.3; 31.8;0;4;1088;4;1088;4;902;1;-
2026/04/19;10:47:40;100;-; 56.56; 0.7;-; 76.3; 77.1; 40.2; 38.7; 1.5;1867; 0.5; 0.6; 0.6;26; 21.8;F;1;29;On;On;Off; 32.3; 31.8;0;4;1088;4;1088;4;902;1;-
2026/04/19;10:48:40;100;-; 56.58; 0.5;-; 76.5; 77.0; 30.3; 12.1; 18.2;1867; 0.5; 0.6; 0.6;26; 21.8;F;1;29;On;On;Off; 32.3; 31.8;0;4;1088;4;1088;4;902;1;-
2026/04/19;10:49:40;100;-; 56.58; 0.7;-; 76.6; 77.0; 37.1; 9.1; 28.0;1867; 0.5; 0.6; 0.6;26; 21.8;F;1;29;On;On;Off; 32.3; 31.8;0;4;1088;4;1088;4;902;1;-
2026/04/19;10:50:40;100;-; 56.56; 0.8;-; 76.7; 76.7; 45.6; 45.6; 0.0;1867; 0.5; 0.6; 0.6;27; 21.8;F;1;29;On;On;Off; 32.3; 31.8;0;4;1088;4;1088;4;902;1;-
2026/04/19;10:51:40;100;-; 56.56; 0.6;-; 77.0; 76.6; 33.4; 12.1; 21.2;1867; 0.5; 0.6; 0.6;27; 21.8;F;1;29;On;On;Off; 32.3; 31.8;0;4;1088;4;1088;4;902;1;-
2026/04/19;10:52:40;100;-; 56.56; 0.6;-; 76.7; 76.9; 34.1; 33.4; 0.7;1867; 0.5; 0.6; 0.6;26; 21.8;F;1;29;On;On;Off; 32.3; 31.8;0;4;1088;4;1088;4;902;1;-
2026/04/19;10:53:40;100;-; 56.56; 0.7;-; 77.1; 76.8; 37.9; 15.9; 22.0;1867; 0.5; 0.6; 0.6;26; 21.8;F;1;29;On;On;Off; 32.3; 31.8;0;4;1088;4;1088;4;902;1;-
2026/04/19;10:54:40;100;-; 56.58; 0.9;-; 76.9; 77.1; 52.4; 52.4; 0.0;1867; 0.5; 0.6; 0.6;26; 21.8;F;1;29;On;On;Off; 32.3; 31.8;0;4;1088;4;1088;4;902;1;-
2026/04/19;10:55:40;100;-; 56.56; 0.5;-; 76.6; 77.2; 27.3; 21.2; 6.1;1867; 0.5; 0.6; 0.6;27; 21.8;F;1;29;On;On;Off; 32.3; 31.8;0;4;1088;4;1088;4;902;1;-
2026/04/19;10:56:40;100;-; 56.56; 0.3;-; 77.0; 76.9; 15.9; 4.5; 11.4;1867; 0.5; 0.6; 0.6;27; 21.8;F;1;29;On;On;Off; 32.3; 31.8;0;4;1088;4;1088;4;902;1;-
2026/04/19;10:57:40;100;-; 56.58; 0.8;-; 76.6; 77.1; 42.5; 42.5; 0.0;1867; 0.5; 0.6; 0.6;26; 21.8;F;1;29;On;On;Off; 32.3; 31.8;0;4;1088;4;1088;4;902;1;-
2026/04/19;10:58:40;100;-; 56.56; 0.6;-; 76.9; 77.1; 32.6; 32.6; 0.0;1867; 0.5; 0.6; 0.6;26; 21.8;F;1;29;On;On;Off; 32.3; 31.8;0;4;1088;4;1088;4;902;1;-
2026/04/19;10:59:40;100;-; 56.58; 1.1;-; 76.5; 77.0; 62.2; 62.2; 0.0;1867; 0.5; 0.6; 0.6;26; 21.8;F;1;29;On;On;Off; 32.3; 31.8;0;4;1088;4;1088;4;902;1;-
2026/04/19;11:00:40;100;-; 56.58; 0.6;-; 76.7; 76.9; 34.9; 8.3; 26.6;1867; 0.5; 0.6; 0.6;26; 21.8;F;1;29;On;On;Off; 32.3; 31.8;0;4;1088;4;1088;4;902;1;-
2026/04/19;11:01:40;100;-; 56.56; 0.5;-; 76.4; 76.9; 28.0; 16.7; 11.4;1867; 0.5; 0.6; 0.6;27; 21.8;F;1;29;On;On;Off; 32.3; 31.8;0;4;1088;4;1088;4;902;1;-
2026/04/19;11:02:39;100;-; 56.58; 0.9;-; 77.1; 76.1; 48.6; 0.0; 48.6;1867; 0.5; 0.6; 0.6;26; 21.8;F;1;29;On;On;Off; 32.3; 31.8;0;4;1088;4;1088;4;902;1;-
2026/04/19;11:03:39;100;-; 56.58; 0.7;-; 76.8; 76.5; 39.4; 25.8; 13.7;1867; 0.5; 0.6; 0.6;27; 21.8;F;1;29;On;On;Off; 32.3; 31.9;0;4;1088;4;1088;4;902;1;-
2026/04/19;11:04:39;100;-; 56.58; 0.7;-; 76.9; 76.3; 39.4; 21.2; 18.2;1867; 0.5; 0.6; 0.6;27; 21.8;F;1;29;On;On;Off; 32.3; 31.9;0;4;1088;4;1088;4;902;1;-
2026/04/19;11:05:39;100;-; 56.58; 1.0;-; 76.2; 76.8; 56.1; 56.1; 0.0;1867; 0.5; 0.6; 0.6;27; 21.8;F;1;29;On;On;Off; 32.4; 31.9;0;4;1088;4;1088;4;902;1;-
2026/04/19;11:06:39;100;-; 56.58; 1.0;-; 76.2; 76.8; 58.4; 58.4; 0.0;1867; 0.5; 0.6; 0.6;27; 21.8;F;1;29;On;On;Off; 32.4; 31.8;0;4;1088;4;1088;4;902;1;-
2026/04/19;11:07:39;100;-; 56.56; 0.6;-; 76.7; 76.5; 34.1; 29.6; 4.5;1867; 0.5; 0.6; 0.6;27; 21.8;F;1;29;On;On;Off; 32.3; 31.8;0;4;1088;4;1088;4;902;1;-
2026/04/19;11:08:39;100;-; 56.56; 0.6;-; 76.9; 76.0; 35.6; 0.0; 35.6;1867; 0.5; 0.6; 0.6;26; 21.8;F;1;29;On;On;Off; 32.4; 31.8;0;4;1088;4;1088;4;902;1;-
2026/04/19;11:09:39;100;-; 56.56; 0.6;-; 76.2; 76.5; 31.8; 10.6; 21.2;1867; 0.5; 0.6; 0.6;26; 21.8;F;1;29;On;On;Off; 32.3; 31.8;0;4;1088;4;1088;4;902;1;-
2026/04/19;11:10:39;100;-; 56.56; 0.5;-; 76.2; 76.7; 28.0; 10.6; 17.5;1867; 0.5; 0.6; 0.6;27; 21.8;F;1;29;On;On;Off; 32.3; 31.9;0;4;1088;4;1088;4;902;1;-
2026/04/19;11:11:39;100;-; 56.56; 0.5;-; 76.4; 76.7; 31.1; 31.1; 0.0;1867; 0.5; 0.6; 0.6;26; 21.8;F;1;29;On;On;Off; 32.3; 31.9;0;4;1088;4;1088;4;902;1;-
2026/04/19;11:12:39;100;-; 56.58; 0.7;-; 76.0; 76.7; 39.4; 39.4; 0.0;1868; 0.5; 0.6; 0.6;26; 21.8;F;1;29;On;On;Off; 32.3; 31.8;0;4;1088;4;1088;4;902;1;-
2026/04/19;11:13:39;100;-; 56.58; 0.8;-; 76.0; 76.7; 45.6; 45.6; 0.0;1868; 0.5; 0.6; 0.6;26; 21.8;F;1;29;On;On;Off; 32.3; 31.8;0;4;1088;4;1088;4;902;1;-
2026/04/19;11:14:39;100;-; 56.56; 0.4;-; 76.7; 76.0; 23.5; 0.0; 23.5;1868; 0.5; 0.6; 0.6;26; 21.8;F;1;29;On;On;Off; 32.3; 31.8;0;4;1088;4;1088;4;902;1;-
2026/04/19;11:15:39;100;-; 56.56; 0.4;-; 76.1; 76.6; 22.7; 22.0; 0.7;1868; 0.5; 0.6; 0.6;26; 21.8;F;1;29;On;On;Off; 32.3; 31.9;0;4;1088;4;1088;4;902;1;-
2026/04/19;11:16:39;100;-; 56.56; 0.6;-; 76.5; 75.9; 31.8; 15.2; 16.7;1868; 0.5; 0.6; 0.6;26; 21.8;F;1;29;On;On;Off; 32.3; 31.8;0;4;1088;4;1088;4;902;1;-
2026/04/19;11:17:38;100;-; 56.58; 0.8;-; 76.6; 75.9; 43.2; 2.3; 41.0;1868; 0.5; 0.6; 0.6;26; 21.8;F;1;29;On;On;Off; 32.3; 31.8;0;4;1088;4;1088;4;902;1;-
2026/04/19;11:18:38;100;-; 56.56; 0.7;-; 75.7; 76.6; 41.8; 41.8; 0.0;1868; 0.5; 0.6; 0.6;27; 21.8;F;1;29;On;On;Off; 32.3; 31.8;0;4;1088;4;1088;4;902;1;-
2026/04/19;11:19:38;100;-; 56.58; 0.8;-; 76.7; 75.9; 46.3; 0.0; 46.3;1868; 0.5; 0.6; 0.6;27; 21.8;F;1;29;On;On;Off; 32.3; 31.8;0;4;1088;4;1088;4;902;1;-
2026/04/19;11:20:38;100;-; 56.58; 0.7;-; 76.6; 75.8; 39.4; 0.0; 39.4;1868; 0.5; 0.6; 0.6;26; 21.8;F;1;29;On;On;Off; 32.3; 31.8;0;4;1088;4;1088;5;903;1;-
2026/04/19;11:21:38;100;-; 56.56; 1.0;-; 76.2; 76.6; 55.4; 55.4; 0.0;1868; 0.5; 0.6; 0.6;26; 21.8;F;1;29;On;On;Off; 32.3; 31.8;0;4;1088;4;1088;5;903;1;-
2026/04/19;11:22:38;100;-; 56.58; 0.6;-; 76.1; 76.4; 34.1; 27.3; 6.8;1868; 0.5; 0.6; 0.6;27; 21.8;F;1;29;On;On;Off; 32.3; 31.8;0;4;1088;4;1088;5;903;1;-
2026/04/19;11:23:38;100;-; 56.56; 0.5;-; 76.3; 76.1; 27.3; 15.2; 12.1;1868; 0.5; 0.6; 0.6;26; 21.8;F;1;29;On;On;Off; 32.3; 31.8;0;4;1088;4;1088;5;903;1;-
2026/04/19;11:24:38;100;-; 56.58; 0.6;-; 75.8; 76.4; 35.6; 29.6; 6.1;1868; 0.5; 0.6; 0.6;26; 21.8;F;1;29;On;On;Off; 32.3; 31.8;0;4;1088;4;1088;5;903;1;-
2026/04/19;11:25:38;100;-; 56.58; 0.6;-; 76.4; 75.7; 34.2; 19.0; 15.2;1868; 0.5; 0.6; 0.6;26; 21.8;F;1;29;On;On;Off; 32.3; 31.8;0;4;1088;4;1088;5;903;1;-
2026/04/19;11:26:38;100;-; 56.58; 0.9;-; 75.6; 76.3; 50.8; 50.8; 0.0;1868; 0.5; 0.6; 0.6;26; 21.8;F;1;29;On;On;Off; 32.3; 31.8;0;4;1088;4;1088;5;903;1;-
2026/04/19;11:27:38;100;-; 56.58; 1.2;-; 75.7; 76.2; 66.8; 66.8; 0.0;1868; 0.5; 0.6; 0.6;26; 21.8;F;1;29;On;On;Off; 32.3; 31.8;0;4;1088;4;1088;5;903;1;-
2026/04/19;11:28:38;100;-; 56.58; 1.0;-; 76.5; 75.5; 58.4; 0.0; 58.4;1868; 0.5; 0.6; 0.6;26; 21.8;F;1;29;On;On;Off; 32.3; 31.8;0;4;1088;4;1088;5;903;1;-
2026/04/19;11:29:38;100;-; 56.56; 0.7;-; 76.3; 75.6; 37.9; 5.3; 32.6;1868; 0.5; 0.6; 0.6;26; 21.8;F;1;29;On;On;Off; 32.3; 31.8;0;4;1088;4;1088;5;903;1;-
2026/04/19;11:30:38;100;-; 56.58; 0.7;-; 76.1; 75.9; 39.4; 0.0; 39.4;1868; 0.5; 0.6; 0.6;26; 21.8;F;1;29;On;On;Off; 32.3; 31.8;0;4;1088;4;1088;5;903;1;-
2026/04/19;11:31:38;100;-; 56.56; 0.5;-; 76.2; 76.0; 28.0; 19.7; 8.3;1868; 0.5; 0.6; 0.6;26; 21.8;F;1;29;On;On;Off; 32.3; 31.8;0;4;1088;4;1088;5;903;1;-
2026/04/19;11:32:37;100;-; 56.58; 0.8;-; 76.4; 76.0; 47.8; 0.0; 47.8;1868; 0.5; 0.6; 0.6;26; 21.8;F;1;29;On;On;Off; 32.3; 31.8;0;4;1088;4;1088;5;903;1;-
2026/04/19;11:33:37;100;-; 56.56; 0.8;-; 76.4; 75.8; 42.5; 0.0; 42.5;1868; 0.5; 0.6; 0.6;26; 21.8;F;1;29;On;On;Off; 32.3; 31.8;0;4;1088;4;1088;5;903;1;-
2026/04/19;11:34:37;100;-; 56.58; 0.9;-; 76.6; 75.8; 53.1; 0.0; 53.1;1868; 0.5; 0.6; 0.6;26; 21.8;F;1;29;On;On;Off; 32.3; 31.8;0;5;1089;5;1089;5;903;1;-
2026/04/19;11:35:37;100;-; 56.58; 0.6;-; 76.1; 76.2; 31.8; 8.3; 23.5;1868; 0.5; 0.6; 0.6;26; 21.8;F;1;29;On;On;Off; 32.3; 31.8;0;5;1089;5;1089;5;903;1;-
2026/04/19;11:36:37;100;-; 56.56; 0.6;-; 75.9; 76.2; 34.1; 20.5; 13.7;1868; 0.5; 0.6; 0.6;26; 21.8;F;1;29;On;On;Off; 32.3; 31.8;0;5;1089;5;1089;5;903;1;-
2026/04/19;11:37:37;100;-; 56.58; 0.7;-; 76.2; 75.5; 37.2; 18.2; 19.0;1868; 0.5; 0.6; 0.6;26; 21.8;F;1;29;On;On;Off; 32.3; 31.8;0;5;1089;5;1089;5;903;1;-
2026/04/19;11:38:37;100;-; 56.56; 0.6;-; 76.2; 75.8; 34.9; 0.0; 34.9;1868; 0.5; 0.6; 0.6;26; 21.8;F;1;29;On;On;Off; 32.3; 31.8;0;5;1089;5;1089;5;903;1;-
2026/04/19;11:39:37;100;-; 56.56; 0.8;-; 76.3; 76.0; 44.0; 44.0; 0.0;1868; 0.5; 0.6; 0.6;26; 21.8;F;1;29;On;On;Off; 32.3; 31.8;0;5;1089;5;1089;5;903;1;-
2026/04/19;11:40:37;100;-; 56.58; 0.7;-; 76.3; 75.5; 39.4; 0.0; 39.4;1868; 0.5; 0.6; 0.6;26; 21.8;F;1;29;On;On;Off; 32.3; 31.8;0;5;1089;5;1089;5;903;1;-
2026/04/19;11:41:37;100;-; 56.56; 0.4;-; 76.3; 76.0; 24.2; 2.3; 22.0;1868; 0.5; 0.6; 0.6;26; 21.8;F;1;29;On;On;Off; 32.3; 31.8;0;5;1089;5;1089;5;903;1;-
2026/04/19;11:42:37;100;-; 56.58; 0.6;-; 76.2; 75.7; 34.9; 3.8; 31.1;1868; 0.5; 0.6; 0.6;26; 21.8;F;1;29;On;On;Off; 32.3; 31.8;0;5;1089;5;1089;5;903;1;-
2026/04/19;11:43:37;100;-; 56.58; 0.7;-; 76.4; 75.6; 40.2; 7.6; 32.6;1868; 0.5; 0.6; 0.6;26; 21.8;F;1;29;On;On;Off; 32.3; 31.8;0;5;1089;5;1089;5;903;1;-
2026/04/19;11:44:37;100;-; 56.58; 0.5;-; 76.6; 76.0; 31.1; 7.6; 23.5;1868; 0.5; 0.6; 0.6;26; 21.8;F;1;29;On;On;Off; 32.3; 31.8;0;5;1089;5;1089;5;903;1;-
2026/04/19;11:45:37;100;-; 56.58; 0.7;-; 76.5; 75.7; 38.0; 0.0; 38.0;1868; 0.5; 0.6; 0.6;26; 21.8;F;1;29;On;On;Off; 32.3; 31.8;0;5;1089;5;1089;5;903;1;-
2026/04/19;11:46:37;100;-; 56.56; 0.5;-; 76.5; 76.2; 28.8; 22.0; 6.8;1868; 0.5; 0.6; 0.6;26; 21.8;F;1;29;On;On;Off; 32.3; 31.8;0;5;1089;5;1089;5;903;1;-
2026/04/19;11:47:36;100;-; 56.56; 0.6;-; 76.4; 76.3; 35.6; 35.6; 0.0;1868; 0.5; 0.6; 0.6;25; 21.8;F;1;29;On;On;Off; 32.3; 31.8;0;5;1089;5;1089;5;903;1;-
2026/04/19;11:48:36;100;-; 56.56; 0.5;-; 76.5; 76.2; 31.1; 0.0; 31.1;1868; 0.5; 0.6; 0.6;26; 21.8;F;1;29;On;On;Off; 32.3; 31.8;0;5;1089;5;1089;5;903;1;-
2026/04/19;11:49:36;100;-; 56.58; 0.9;-; 76.1; 76.7; 51.6; 51.6; 0.0;1868; 0.5; 0.6; 0.6;27; 21.8;F;1;29;On;On;Off; 32.3; 31.8;0;5;1089;5;1089;5;903;1;-
2026/04/19;11:50:36;100;-; 56.56; 0.6;-; 76.1; 76.3; 31.8; 31.8; 0.0;1868; 0.5; 0.6; 0.6;26; 21.8;F;1;29;On;On;Off; 32.3; 31.8;0;5;1089;5;1089;5;903;1;-
2026/04/19;11:51:36;100;-; 56.54; 0.5;-; 76.3; 76.1; 28.8; 0.0; 28.8;1868; 0.5; 0.6; 0.6;26; 21.8;F;1;29;On;On;Off; 32.3; 31.8;0;5;1089;5;1089;5;903;1;-
2026/04/19;11:52:36;100;-; 56.56; 0.6;-; 76.1; 76.3; 32.6; 12.1; 20.5;1868; 0.5; 0.6; 0.6;26; 21.8;F;1;29;On;On;Off; 32.3; 31.8;0;5;1089;5;1089;5;903;1;-
2026/04/19;11:53:36;100;-; 56.56; 0.7;-; 76.1; 76.3; 37.2; 37.2; 0.0;1868; 0.5; 0.6; 0.6;26; 21.8;F;1;29;On;On;Off; 32.3; 31.8;0;5;1089;5;1089;5;903;1;-
2026/04/19;11:54:36;100;-; 56.58; 0.7;-; 76.5; 76.1; 37.9; 8.3; 29.6;1868; 0.5; 0.6; 0.6;27; 21.8;F;1;29;On;On;Off; 32.3; 31.9;0;5;1089;5;1089;5;903;1;-
2026/04/19;11:55:36;100;-; 56.58; 0.9;-; 76.1; 76.4; 51.6; 51.6; 0.0;1868; 0.5; 0.6; 0.6;27; 21.8;F;1;29;On;On;Off; 32.3; 31.8;0;5;1089;5;1089;5;903;1;-
2026/04/19;11:56:36;100;-; 56.58; 0.8;-; 76.1; 75.7; 43.2; 0.0; 43.2;1868; 0.5; 0.6; 0.6;26; 21.8;F;1;29;On;On;Off; 32.3; 31.8;0;5;1089;5;1089;5;903;1;-
2026/04/19;11:57:36;100;-; 56.58; 0.7;-; 75.8; 76.1; 37.2; 37.2; 0.0;1868; 0.5; 0.6; 0.6;26; 21.8;F;1;29;On;On;Off; 32.3; 31.8;0;5;1089;5;1089;5;903;1;-
2026/04/19;11:58:36;100;-; 56.58; 0.6;-; 76.1; 75.8; 31.8; 4.5; 27.3;1868; 0.5; 0.6; 0.6;26; 21.8;F;1;29;On;On;Off; 32.3; 31.8;0;5;1089;5;1089;5;903;1;-
2026/04/19;11:59:36;100;-; 56.56; 0.6;-; 75.7; 76.1; 33.4; 10.6; 22.8;1868; 0.5; 0.6; 0.6;26; 21.8;F;1;29;On;On;Off; 32.3; 31.8;0;5;1089;5;1089;5;903;1;-
2026/04/19;12:00:36;100;-; 56.56; 0.5;-; 75.6; 76.0; 30.3; 9.9; 20.5;1868; 0.5; 0.6; 0.6;26; 21.8;F;1;29;On;On;Off; 32.3; 31.8;0;5;1089;5;1089;5;903;1;-
2026/04/19;12:01:36;100;-; 56.56; 0.8;-; 75.6; 75.9; 44.0; 44.0; 0.0;1868; 0.5; 0.6; 0.6;26; 21.8;F;1;29;On;On;Off; 32.3; 31.8;0;5;1089;5;1089;5;903;1;-
2026/04/19;12:02:35;100;-; 56.58; 0.7;-; 75.8; 75.3; 39.4; 16.7; 22.8;1868; 0.5; 0.6; 0.6;26; 21.8;F;1;29;On;On;Off; 32.3; 31.8;0;5;1089;5;1089;5;903;1;-
2026/04/19;12:03:35;100;-; 56.58; 0.9;-; 75.6; 75.9; 49.3; 49.3; 0.0;1868; 0.5; 0.6; 0.6;26; 21.8;F;1;29;On;On;Off; 32.3; 31.8;0;5;1089;5;1089;5;903;1;-
2026/04/19;12:04:35;100;-; 56.58; 1.0;-; 75.5; 75.7; 56.1; 56.1; 0.0;1868; 0.5; 0.6; 0.6;26; 21.8;F;1;29;On;On;Off; 32.3; 31.8;0;5;1089;5;1089;5;903;1;-
2026/04/19;12:05:35;100;-; 56.58; 1.1;-; 75.4; 75.9; 59.9; 59.9; 0.0;1868; 0.5; 0.6; 0.6;26; 21.8;F;1;29;On;On;Off; 32.3; 31.8;0;5;1089;5;1089;5;903;1;-
2026/04/19;12:06:35;100;-; 56.56; 0.4;-; 75.7; 75.8; 21.9; 12.9; 9.1;1868; 0.5; 0.6; 0.6;27; 21.8;F;1;29;On;On;Off; 32.3; 31.8;0;5;1089;5;1089;5;903;1;-
2026/04/19;12:07:35;100;-; 56.56; 0.9;-; 76.0; 75.2; 50.8; 0.0; 50.8;1868; 0.5; 0.6; 0.6;27; 21.8;F;1;29;On;On;Off; 32.3; 31.8;0;5;1089;5;1089;5;903;1;-
2026/04/19;12:08:35;100;-; 56.56; 0.6;-; 75.3; 76.1; 31.8; 31.8; 0.0;1868; 0.5; 0.6; 0.6;27; 21.8;F;1;29;On;On;Off; 32.3; 31.8;0;5;1089;5;1089;5;903;1;-
2026/04/19;12:09:35;100;-; 56.58; 0.6;-; 75.5; 75.6; 34.1; 33.4; 0.7;1868; 0.5; 0.6; 0.6;27; 21.8;F;1;29;On;On;Off; 32.3; 31.8;0;5;1089;5;1089;5;903;1;-
2026/04/19;12:10:35;100;-; 56.58; 0.8;-; 75.3; 75.8; 45.6; 45.6; 0.0;1868; 0.5; 0.6; 0.6;27; 21.8;F;1;29;On;On;Off; 32.3; 31.8;0;5;1089;5;1089;5;903;1;-
2026/04/19;12:11:35;100;-; 56.56; 0.6;-; 75.7; 75.3; 33.4; 8.3; 25.0;1868; 0.5; 0.6; 0.6;27; 21.8;F;1;29;On;On;Off; 32.3; 31.8;0;5;1089;5;1089;5;903;1;-
2026/04/19;12:12:35;100;-; 56.58; 0.6;-; 75.6; 75.6; 32.6; 31.8; 0.7;1869; 0.5; 0.6; 0.6;27; 21.8;F;1;29;On;On;Off; 32.3; 31.8;0;5;1089;5;1089;5;903;1;-
2026/04/19;12:13:35;100;-; 56.56; 0.5;-; 76.0; 75.7; 26.6; 0.0; 26.6;1869; 0.5; 0.6; 0.6;26; 21.8;F;1;29;On;On;Off; 32.3; 31.8;0;5;1089;5;1089;5;903;1;-
2026/04/19;12:14:35;100;-; 56.58; 0.7;-; 76.0; 75.2; 37.2; 22.8; 14.4;1869; 0.5; 0.6; 0.6;26; 21.8;F;1;29;On;On;Off; 32.3; 31.8;0;5;1089;5;1089;5;903;1;-
2026/04/19;12:15:35;100;-; 56.56; 0.4;-; 76.0; 75.5; 21.9; 1.5; 20.4;1869; 0.5; 0.6; 0.6;26; 21.8;F;1;29;On;On;Off; 32.3; 31.8;0;5;1089;5;1089;5;903;1;-
2026/04/19;12:16:35;100;-; 56.58; 0.8;-; 76.0; 75.5; 44.0; 0.0; 44.0;1869; 0.5; 0.6; 0.6;26; 21.8;F;1;29;On;On;Off; 32.3; 31.8;0;5;1089;5;1089;5;903;1;-
2026/04/19;12:17:34;100;-; 56.58; 0.6;-; 75.5; 76.0; 32.6; 28.0; 4.5;1869; 0.5; 0.6; 0.6;27; 21.8;F;1;29;On;On;Off; 32.3; 31.8;0;5;1089;5;1089;5;903;1;-
2026/04/19;12:18:34;100;-; 56.58; 0.6;-; 76.0; 75.4; 35.6; 33.4; 2.3;1869; 0.5; 0.6; 0.6;26; 21.8;F;1;29;On;On;Off; 32.3; 31.8;0;5;1089;5;1089;5;903;1;-
2026/04/19;12:19:34;100;-; 56.58; 0.8;-; 75.4; 76.1; 47.8; 47.8; 0.0;1869; 0.5; 0.6; 0.6;26; 21.8;F;1;29;On;On;Off; 32.3; 31.8;0;5;1089;5;1089;5;903;1;-
2026/04/19;12:20:34;100;-; 56.58; 0.8;-; 76.1; 75.4; 43.2; 6.1; 37.2;1869; 0.5; 0.6; 0.6;26; 21.8;F;1;29;On;On;Off; 32.3; 31.8;0;5;1089;5;1089;5;903;1;-
2026/04/19;12:21:34;100;-; 56.58; 0.6;-; 76.0; 75.5; 34.1; 9.9; 24.2;1869; 0.5; 0.6; 0.6;26; 21.8;F;1;29;On;On;Off; 32.3; 31.8;0;5;1089;5;1089;5;903;1;-
2026/04/19;12:22:34;100;-; 56.58; 0.9;-; 75.6; 76.1; 52.4; 52.4; 0.0;1869; 0.5; 0.6; 0.6;27; 21.8;F;1;29;On;On;Off; 32.3; 31.8;0;5;1089;5;1089;5;903;1;-
2026/04/19;12:23:34;100;-; 56.58; 0.6;-; 76.0; 75.2; 34.8; 5.3; 29.6;1869; 0.5; 0.6; 0.6;26; 21.8;F;1;29;On;On;Off; 32.3; 31.8;0;5;1089;5;1089;5;903;1;-
2026/04/19;12:24:34;100;-; 56.58; 1.0;-; 76.0; 75.2; 55.4; 0.0; 55.4;1869; 0.5; 0.6; 0.6;27; 21.8;F;1;29;On;On;Off; 32.3; 31.8;0;5;1089;5;1089;5;903;1;-
2026/04/19;12:25:34;100;-; 56.58; 0.6;-; 76.1; 75.2; 32.6; 6.8; 25.8;1869; 0.5; 0.6; 0.6;26; 21.8;F;1;29;On;On;Off; 32.3; 31.8;0;5;1089;5;1089;5;903;1;-
2026/04/19;12:26:34;100;-; 56.56; 0.6;-; 75.6; 75.9; 31.8; 22.0; 9.9;1869; 0.5; 0.6; 0.6;26; 21.8;F;1;29;On;On;Off; 32.3; 31.8;0;5;1089;5;1089;5;903;1;-
2026/04/19;12:27:34;100;-; 56.56; 0.5;-; 75.8; 75.4; 26.5; 0.7; 25.8;1869; 0.5; 0.6; 0.6;26; 21.8;F;1;29;On;On;Off; 32.3; 31.8;0;5;1089;5;1089;5;903;1;-
2026/04/19;12:28:34;100;-; 56.56; 0.4;-; 75.5; 75.8; 25.0; 10.6; 14.4;1869; 0.5; 0.6; 0.6;26; 21.8;F;1;29;On;On;Off; 32.3; 31.8;0;5;1089;5;1089;5;903;1;-
2026/04/19;12:29:34;100;-; 56.56; 0.8;-; 75.6; 75.9; 42.5; 42.5; 0.0;1869; 0.5; 0.6; 0.6;26; 21.8;F;1;29;On;On;Off; 32.3; 31.8;0;5;1089;5;1089;5;903;1;-
2026/04/19;12:30:34;100;-; 56.58; 0.7;-; 75.6; 75.8; 40.2; 40.2; 0.0;1869; 0.5; 0.6; 0.6;26; 21.8;F;1;29;On;On;Off; 32.3; 31.8;0;5;1089;5;1089;5;903;1;-
2026/04/19;12:31:34;100;-; 56.58; 0.8;-; 76.1; 75.3; 42.5; 0.0; 42.5;1869; 0.5; 0.6; 0.6;26; 21.8;F;1;29;On;On;Off; 32.3; 31.8;0;5;1089;5;1089;5;903;1;-
2026/04/19;12:32:33;100;-; 56.56; 0.6;-; 75.5; 75.7; 35.6; 35.6; 0.0;1869; 0.5; 0.6; 0.6;27; 21.8;F;1;29;On;On;Off; 32.3; 31.8;0;5;1089;5;1089;5;903;1;-
2026/04/19;12:33:33;100;-; 56.56; 0.6;-; 75.7; 75.2; 36.4; 36.4; 0.0;1869; 0.5; 0.6; 0.6;27; 21.8;F;1;29;On;On;Off; 32.3; 31.8;0;5;1089;5;1089;5;903;1;-
2026/04/19;12:34:33;100;-; 56.56; 0.5;-; 76.1; 75.5; 28.0; 0.0; 28.0;1869; 0.5; 0.6; 0.6;27; 21.8;F;1;29;On;On;Off; 32.3; 31.8;0;5;1089;5;1089;5;903;1;-
2026/04/19;12:35:33;100;-; 56.56; 0.8;-; 76.1; 75.0; 47.8; 0.0; 47.8;1869; 0.5; 0.6; 0.6;27; 21.8;F;1;29;On;On;Off; 32.3; 31.8;0;5;1089;5;1089;5;903;1;-
2026/04/19;12:36:33;100;-; 56.56; 0.4;-; 75.9; 75.1; 25.0; 15.9; 9.1;1869; 0.5; 0.6; 0.6;27; 21.8;F;1;29;On;On;Off; 32.3; 31.8;0;5;1089;5;1089;5;903;1;-
2026/04/19;12:37:33;100;-; 56.58; 0.8;-; 75.2; 75.5; 46.3; 46.3; 0.0;1869; 0.5; 0.6; 0.6;27; 21.8;F;1;29;On;On;Off; 32.3; 31.8;0;5;1089;5;1089;5;903;1;-
2026/04/19;12:38:33;100;-; 56.56; 0.6;-; 75.9; 74.8; 35.6; 0.0; 35.6;1869; 0.5; 0.6; 0.6;27; 21.8;F;1;29;On;On;Off; 32.3; 31.8;0;5;1089;5;1089;5;903;1;-
2026/04/19;12:39:33;100;-; 56.56; 0.9;-; 75.3; 75.2; 49.3; 49.3; 0.0;1869; 0.5; 0.6; 0.6;27; 21.8;F;1;29;On;On;Off; 32.3; 31.8;0;5;1089;5;1089;5;903;1;-
2026/04/19;12:40:33;100;-; 56.56; 0.9;-; 75.9; 74.8; 49.3; 0.0; 49.3;1869; 0.5; 0.6; 0.6;26; 21.8;F;1;29;On;On;Off; 32.3; 31.8;0;5;1089;5;1089;5;903;1;-
2026/04/19;12:41:33;100;-; 56.56; 0.9;-; 75.0; 75.4; 51.6; 51.6; 0.0;1869; 0.5; 0.6; 0.6;27; 21.8;F;1;29;On;On;Off; 32.3; 31.8;0;5;1089;5;1089;5;903;1;-
2026/04/19;12:42:33;100;-; 56.58; 0.5;-; 75.4; 75.3; 31.1; 0.0; 31.1;1869; 0.5; 0.6; 0.6;26; 21.8;F;1;29;On;On;Off; 32.3; 31.8;0;5;1089;5;1089;5;903;1;-
2026/04/19;12:43:33;100;-; 56.54; 0.6;-; 75.7; 75.3; 35.6; 35.6; 0.0;1869; 0.5; 0.6; 0.6;27; 21.8;F;1;29;On;On;Off; 32.3; 31.8;0;5;1089;5;1089;5;903;1;-
2026/04/19;12:44:33;100;-; 56.58; 0.8;-; 76.0; 75.0; 46.3; 0.0; 46.3;1869; 0.5; 0.6; 0.6;26; 21.8;F;1;29;On;On;Off; 32.3; 31.8;0;5;1089;5;1089;5;903;1;-
2026/04/19;12:45:33;100;-; 56.56; 0.7;-; 76.1; 75.8; 40.2; 0.0; 40.2;1869; 0.5; 0.6; 0.6;26; 21.8;F;1;29;On;On;Off; 32.3; 31.8;0;5;1089;5;1089;5;903;1;-
2026/04/19;12:46:33;100;-; 56.56; 0.5;-; 76.2; 75.8; 28.0; 0.0; 28.0;1869; 0.5; 0.6; 0.6;27; 21.8;F;1;29;On;On;Off; 32.3; 31.8;0;5;1089;5;1089;5;903;1;-
2026/04/19;12:47:32;100;-; 56.56; 0.5;-; 76.5; 76.0; 26.5; 22.0; 4.5;1869; 0.5; 0.6; 0.6;26; 21.8;F;1;29;On;On;Off; 32.3; 31.8;0;5;1089;5;1089;5;903;1;-
2026/04/19;12:48:32;100;-; 56.58; 0.5;-; 76.5; 75.9; 28.8; 9.1; 19.7;1869; 0.5; 0.6; 0.6;26; 21.8;F;1;29;On;On;Off; 32.3; 31.8;0;5;1089;5;1089;5;903;1;-
2026/04/19;12:49:32;100;-; 56.56; 0.6;-; 76.1; 76.2; 34.2; 34.2; 0.0;1869; 0.5; 0.6; 0.6;26; 21.8;F;1;29;On;On;Off; 32.3; 31.8;0;5;1089;5;1089;5;903;1;-
2026/04/19;12:50:32;100;-; 56.58; 0.6;-; 75.9; 76.2; 35.6; 0.0; 35.6;1869; 0.5; 0.6; 0.6;26; 21.8;F;1;29;On;On;Off; 32.3; 31.8;0;5;1089;5;1089;5;903;1;-
2026/04/19;12:51:32;100;-; 56.58; 0.8;-; 75.7; 76.2; 43.2; 43.2; 0.0;1869; 0.5; 0.6; 0.6;25; 21.8;F;1;29;On;On;Off; 32.3; 31.8;0;5;1089;5;1089;5;903;1;-
2026/04/19;12:52:32;100;-; 56.56; 0.7;-; 75.7; 76.1; 40.2; 40.2; 0.0;1869; 0.5; 0.6; 0.6;26; 21.8;F;1;29;On;On;Off; 32.3; 31.8;0;5;1089;5;1089;5;903;1;-
2026/04/19;12:53:32;100;-; 56.58; 0.8;-; 75.6; 76.0; 45.6; 45.6; 0.0;1869; 0.5; 0.6; 0.6;26; 21.7;F;1;29;On;On;Off; 32.3; 31.8;0;5;1089;5;1089;5;903;1;-
2026/04/19;12:54:32;100;-; 56.58; 0.6;-; 75.5; 75.7; 32.6; 7.6; 25.0;1869; 0.5; 0.6; 0.6;26; 21.8;F;1;29;On;On;Off; 32.3; 31.8;0;5;1089;5;1089;5;903;1;-
2026/04/19;12:55:32;100;-; 56.56; 0.5;-; 75.8; 75.6; 30.3; 22.0; 8.3;1869; 0.5; 0.6; 0.6;27; 21.7;F;1;29;On;On;Off; 32.3; 31.8;0;5;1089;5;1089;5;903;1;-
2026/04/19;12:56:32;100;-; 56.56; 0.7;-; 76.0; 75.5; 38.7; 0.0; 38.7;1869; 0.5; 0.6; 0.6;26; 21.7;F;1;29;On;On;Off; 32.3; 31.8;0;5;1089;5;1089;5;903;1;-
2026/04/19;12:57:32;100;-; 56.56; 0.5;-; 76.1; 75.1; 31.1; 0.0; 31.1;1869; 0.5; 0.6; 0.6;26; 21.7;F;1;29;On;On;Off; 32.3; 31.8;0;5;1089;5;1089;5;903;1;-
2026/04/19;12:58:32;100;-; 56.58; 0.8;-; 75.3; 75.8; 46.3; 46.3; 0.0;1869; 0.5; 0.6; 0.6;27; 21.7;F;1;29;On;On;Off; 32.3; 31.8;0;5;1089;5;1089;5;903;1;-
2026/04/19;12:59:32;100;-; 56.56; 0.5;-; 75.7; 75.4; 28.0; 28.0; 0.0;1869; 0.5; 0.6; 0.6;27; 21.7;F;1;29;On;On;Off; 32.3; 31.8;0;5;1089;5;1089;5;903;1;-
2026/04/19;13:00:32;100;-; 56.58; 0.9;-; 75.3; 75.7; 50.8; 50.8; 0.0;1869; 0.5; 0.6; 0.6;26; 21.7;F;1;29;On;On;Off; 32.3; 31.8;0;5;1089;5;1089;5;903;1;-
2026/04/19;13:01:32;100;-; 56.56; 0.7;-; 75.7; 75.3; 38.7; 0.0; 38.7;1869; 0.5; 0.6; 0.6;26; 21.8;F;1;29;On;On;Off; 32.3; 31.8;0;5;1089;5;1089;5;903;1;-
2026/04/19;13:02:31;100;-; 56.60; 1.0;-; 75.8; 75.0; 55.4; 0.0; 55.4;1869; 0.5; 0.6; 0.6;26; 21.7;F;1;29;On;On;Off; 32.3; 31.8;0;5;1089;5;1089;5;903;1;-
2026/04/19;13:03:31;100;-; 56.58; 0.7;-; 75.7; 75.0; 41.0; 0.0; 41.0;1869; 0.5; 0.6; 0.6;26; 21.7;F;1;29;On;On;Off; 32.3; 31.8;0;5;1089;5;1089;5;903;1;-
2026/04/19;13:04:31;100;-; 56.56; 0.6;-; 75.7; 75.1; 36.4; 0.0; 36.4;1869; 0.5; 0.6; 0.6;26; 21.7;F;1;29;On;On;Off; 32.3; 31.8;0;5;1089;5;1089;5;903;1;-
2026/04/19;13:05:31;100;-; 56.56; 0.7;-; 75.7; 75.0; 41.0; 2.3; 38.7;1869; 0.5; 0.6; 0.6;26; 21.7;F;1;29;On;On;Off; 32.3; 31.8;0;5;1089;5;1089;6;904;1;-
2026/04/19;13:06:31;100;-; 56.56; 0.5;-; 75.8; 75.1; 26.5; 17.5; 9.1;1869; 0.5; 0.6; 0.6;26; 21.7;F;1;29;On;On;Off; 32.3; 31.8;0;5;1089;5;1089;6;904;1;-
2026/04/19;13:07:31;100;-; 56.56; 0.7;-; 75.0; 75.4; 41.0; 41.0; 0.0;1869; 0.5; 0.6; 0.6;26; 21.7;F;1;29;On;On;Off; 32.3; 31.8;0;5;1089;5;1089;6;904;1;-
2026/04/19;13:08:31;100;-; 56.58; 0.6;-; 75.4; 75.3; 33.4; 18.2; 15.2;1869; 0.5; 0.6; 0.6;26; 21.7;F;1;29;On;On;Off; 32.3; 31.8;0;5;1089;5;1089;6;904;1;-
2026/04/19;13:09:31;100;-; 56.58; 0.6;-; 75.5; 75.0; 34.8; 12.9; 22.0;1869; 0.5; 0.6; 0.6;26; 21.7;F;1;29;On;On;Off; 32.3; 31.8;0;5;1089;5;1089;6;904;1;-
2026/04/19;13:10:31;100;-; 56.58; 0.5;-; 75.1; 75.5; 31.1; 22.8; 8.3;1869; 0.5; 0.6; 0.6;26; 21.7;F;1;29;On;On;Off; 32.3; 31.8;0;5;1089;5;1089;6;904;1;-
2026/04/19;13:11:31;100;-; 56.58; 0.6;-; 74.9; 75.2; 33.4; 33.4; 0.0;1869; 0.5; 0.6; 0.6;27; 21.7;F;1;29;On;On;Off; 32.3; 31.8;0;5;1089;5;1089;6;904;1;-
2026/04/19;13:12:31;100;-; 56.56; 0.6;-; 75.0; 75.4; 31.8; 27.3; 4.5;1870; 0.5; 0.6; 0.6;26; 21.7;F;1;29;On;On;Off; 32.3; 31.8;0;5;1089;5;1089;6;904;1;-
2026/04/19;13:13:31;100;-; 56.58; 1.0;-; 74.9; 75.2; 57.0; 57.0; 0.0;1870; 0.5; 0.6; 0.6;27; 21.7;F;1;29;On;On;Off; 32.3; 31.8;0;5;1089;5;1089;6;904;1;-
2026/04/19;13:14:31;100;-; 56.58; 0.6;-; 75.0; 75.1; 36.4; 36.4; 0.0;1870; 0.5; 0.6; 0.6;27; 21.7;F;1;29;On;On;Off; 32.3; 31.8;0;5;1089;5;1089;6;904;1;-
2026/04/19;13:15:31;100;-; 56.58; 0.8;-; 75.2; 75.5; 43.2; 43.2; 0.0;1870; 0.5; 0.6; 0.6;27; 21.7;F;1;29;On;On;Off; 32.3; 31.8;0;5;1089;5;1089;6;904;1;-
2026/04/19;13:16:31;100;-; 56.56; 1.0;-; 75.4; 75.5; 55.4; 55.4; 0.0;1870; 0.5; 0.6; 0.6;28; 21.7;F;1;29;On;On;Off; 32.3; 31.8;0;5;1089;5;1089;6;904;1;-
2026/04/19;13:17:30;100;-; 56.56; 0.7;-; 75.7; 75.2; 40.2; 40.2; 0.0;1870; 0.5; 0.6; 0.6;27; 21.7;F;1;29;On;On;Off; 32.3; 31.8;0;5;1089;5;1089;6;904;1;-
2026/04/19;13:18:30;100;-; 56.56; 0.7;-; 75.9; 75.2; 39.4; 0.0; 39.4;1870; 0.5; 0.6; 0.6;27; 21.7;F;1;29;On;On;Off; 32.3; 31.8;0;5;1089;5;1089;6;904;1;-
2026/04/19;13:19:30;100;-; 56.58; 0.7;-; 75.7; 75.2; 41.8; 41.8; 0.0;1870; 0.5; 0.6; 0.6;27; 21.7;F;1;29;On;On;Off; 32.3; 31.8;0;6;1090;6;1090;6;904;1;-
2026/04/19;13:20:30;100;-; 56.58; 0.6;-; 75.7; 75.0; 33.4; 0.0; 33.4;1870; 0.5; 0.6; 0.6;27; 21.7;F;1;29;On;On;Off; 32.4; 31.8;0;6;1090;6;1090;6;904;1;-
2026/04/19;13:21:30;100;-; 56.56; 0.5;-; 75.5; 75.1; 30.3; 9.9; 20.5;1870; 0.5; 0.6; 0.6;26; 21.7;F;1;29;On;On;Off; 32.3; 31.8;0;6;1090;6;1090;6;904;1;-
2026/04/19;13:22:30;100;-; 56.56; 0.5;-; 75.7; 75.1; 28.8; 0.0; 28.8;1870; 0.5; 0.6; 0.6;26; 21.7;F;1;29;On;On;Off; 32.3; 31.8;0;6;1090;6;1090;6;904;1;-
2026/04/19;13:23:30;100;-; 56.56; 0.5;-; 75.4; 75.1; 29.5; 12.9; 16.7;1870; 0.5; 0.6; 0.6;26; 21.7;F;1;29;On;On;Off; 32.3; 31.8;0;6;1090;6;1090;6;904;1;-
2026/04/19;13:24:30;100;-; 56.58; 0.6;-; 75.4; 75.4; 34.1; 20.5; 13.7;1870; 0.5; 0.6; 0.6;26; 21.7;F;1;29;On;On;Off; 32.3; 31.8;0;6;1090;6;1090;6;904;1;-
2026/04/19;13:25:30;100;-; 56.56; 0.6;-; 75.8; 75.1; 31.8; 16.7; 15.2;1870; 0.5; 0.6; 0.6;26; 21.7;F;1;29;On;On;Off; 32.3; 31.8;0;6;1090;6;1090;6;904;1;-
2026/04/19;13:26:30;100;-; 56.58; 0.8;-; 75.9; 74.8; 45.6; 0.0; 45.6;1870; 0.5; 0.6; 0.6;26; 21.7;F;1;29;On;On;Off; 32.3; 31.8;0;6;1090;6;1090;6;904;1;-
2026/04/19;13:27:30;100;-; 56.56; 0.6;-; 75.6; 75.1; 34.9; 0.0; 34.9;1870; 0.5; 0.6; 0.6;26; 21.7;F;1;29;On;On;Off; 32.3; 31.8;0;6;1090;6;1090;6;904;1;-
2026/04/19;13:28:30;100;-; 56.56; 0.5;-; 75.7; 75.1; 26.6; 0.0; 26.6;1870; 0.5; 0.6; 0.6;27; 21.7;F;1;29;On;On;Off; 32.3; 31.8;0;6;1090;6;1090;6;904;1;-
2026/04/19;13:29:30;100;-; 56.58; 0.6;-; 75.9; 75.1; 36.4; 0.0; 36.4;1870; 0.5; 0.6; 0.6;26; 21.7;F;1;29;On;On;Off; 32.3; 31.8;0;6;1090;6;1090;6;904;1;-
2026/04/19;13:30:30;100;-; 56.58; 0.8;-; 75.3; 75.5; 47.8; 47.8; 0.0;1870; 0.5; 0.6; 0.6;27; 21.7;F;1;29;On;On;Off; 32.3; 31.8;0;6;1090;6;1090;6;904;1;-
2026/04/19;13:31:30;100;-; 56.56; 0.7;-; 75.7; 75.0; 38.0; 0.0; 38.0;1870; 0.5; 0.6; 0.6;27; 21.7;F;1;29;On;On;Off; 32.3; 31.8;0;6;1090;6;1090;6;904;1;-
2026/04/19;13:32:29;100;-; 56.58; 0.8;-; 75.1; 75.5; 46.3; 46.3; 0.0;1870; 0.5; 0.6; 0.6;27; 21.7;F;1;29;On;On;Off; 32.3; 31.8;0;6;1090;6;1090;6;904;1;-
2026/04/19;13:33:29;100;-; 56.56; 0.4;-; 75.5; 75.6; 22.7; 10.6; 12.1;1870; 0.5; 0.6; 0.6;27; 21.7;F;1;29;On;On;Off; 32.3; 31.8;0;6;1090;6;1090;6;904;1;-
2026/04/19;13:34:29;100;-; 56.56; 0.7;-; 75.1; 75.6; 41.0; 41.0; 0.0;1870; 0.5; 0.6; 0.6;27; 21.7;F;1;29;On;On;Off; 32.3; 31.8;0;6;1090;6;1090;6;904;1;-
2026/04/19;13:35:29;100;-; 56.58; 0.7;-; 75.8; 75.1; 40.2; 3.0; 37.2;1870; 0.5; 0.6; 0.6;27; 21.7;F;1;29;On;On;Off; 32.3; 31.8;0;6;1090;6;1090;6;904;1;-
2026/04/19;13:36:29;100;-; 56.58; 0.6;-; 75.5; 75.7; 31.8; 0.0; 31.8;1870; 0.5; 0.6; 0.6;27; 21.7;F;1;29;On;On;Off; 32.4; 31.8;0;6;1090;6;1090;6;904;1;-
2026/04/19;13:37:29;100;-; 56.58; 0.8;-; 75.3; 75.8; 42.5; 42.5; 0.0;1870; 0.5; 0.6; 0.6;26; 21.7;F;1;29;On;On;Off; 32.4; 31.8;0;6;1090;6;1090;6;904;1;-
2026/04/19;13:38:29;100;-; 56.58; 0.6;-; 75.5; 75.6; 31.8; 0.0; 31.8;1870; 0.5; 0.6; 0.6;26; 21.7;F;1;29;On;On;Off; 32.4; 31.8;0;6;1090;6;1090;6;904;1;-
2026/04/19;13:39:29;100;-; 56.58; 0.7;-; 76.0; 75.3; 41.0; 0.0; 41.0;1870; 0.5; 0.6; 0.6;26; 21.7;F;1;29;On;On;Off; 32.4; 31.8;0;6;1090;6;1090;6;904;1;-
2026/04/19;13:40:29;100;-; 56.58; 0.5;-; 75.7; 75.8; 28.0; 0.7; 27.3;1870; 0.5; 0.6; 0.6;26; 21.7;F;1;29;On;On;Off; 32.4; 31.9;0;6;1090;6;1090;6;904;1;-
2026/04/19;13:41:29;100;-; 56.58; 0.8;-; 76.2; 75.5; 47.0; 0.0; 47.0;1870; 0.5; 0.6; 0.6;26; 21.7;F;1;29;On;On;Off; 32.4; 31.9;0;6;1090;6;1090;6;904;1;-
2026/04/19;13:42:29;100;-; 56.58; 0.8;-; 76.4; 75.4; 44.8; 0.0; 44.8;1870; 0.5; 0.6; 0.6;26; 21.7;F;1;29;On;On;Off; 32.4; 31.9;0;6;1090;6;1090;6;904;1;-
2026/04/19;13:43:29;100;-; 56.56; 0.7;-; 76.0; 76.0; 41.0; 41.0; 0.0;1870; 0.5; 0.6; 0.6;27; 21.7;F;1;29;On;On;Off; 32.4; 31.9;0;6;1090;6;1090;6;904;1;-
2026/04/19;13:44:29;100;-; 56.58; 0.4;-; 75.8; 76.1; 25.0; 6.8; 18.2;1870; 0.5; 0.6; 0.6;26; 21.7;F;1;29;On;On;Off; 32.4; 31.9;0;6;1090;6;1090;6;904;1;-
2026/04/19;13:45:29;100;-; 56.58; 0.6;-; 76.5; 75.6; 34.2; 0.0; 34.2;1870; 0.5; 0.6; 0.6;26; 21.7;F;1;29;On;On;Off; 32.4; 31.9;0;6;1090;6;1090;6;904;1;-
2026/04/19;13:46:29;100;-; 56.56; 0.4;-; 76.3; 75.9; 22.7; 21.2; 1.5;1870; 0.5; 0.6; 0.6;26; 21.7;F;1;29;On;On;Off; 32.4; 31.9;0;6;1090;6;1090;6;904;1;-
2026/04/19;13:47:28;100;-; 56.56; 0.7;-; 76.4; 75.9; 38.0; 0.0; 38.0;1870; 0.5; 0.6; 0.6;26; 21.7;F;1;29;On;On;Off; 32.4; 31.9;0;6;1090;6;1090;6;904;1;-
2026/04/19;13:48:28;100;-; 56.56; 0.5;-; 76.3; 75.9; 27.3; 11.4; 15.9;1870; 0.5; 0.6; 0.6;26; 21.7;F;1;29;On;On;Off; 32.4; 31.9;0;6;1090;6;1090;6;904;1;-
2026/04/19;13:49:28;100;-; 56.56; 0.6;-; 76.3; 76.2; 32.6; 28.8; 3.8;1870; 0.5; 0.6; 0.6;26; 21.7;F;1;29;On;On;Off; 32.4; 31.9;0;6;1090;6;1090;6;904;1;-
2026/04/19;13:50:28;100;-; 56.56; 0.7;-; 76.0; 76.4; 38.0; 38.0; 0.0;1870; 0.5; 0.6; 0.6;27; 21.7;F;1;29;On;On;Off; 32.4; 31.9;0;6;1090;6;1090;6;904;1;-
2026/04/19;13:51:28;100;-; 56.58; 0.7;-; 76.6; 75.9; 37.1; 20.5; 16.7;1870; 0.5; 0.6; 0.6;26; 21.7;F;1;29;On;On;Off; 32.4; 31.9;0;6;1090;6;1090;6;904;1;-
2026/04/19;13:52:28;100;-; 56.56; 0.6;-; 76.2; 75.9; 31.8; 13.7; 18.2;1870; 0.5; 0.6; 0.6;27; 21.7;F;1;29;On;On;Off; 32.4; 31.9;0;6;1090;6;1090;6;904;1;-
2026/04/19;13:53:28;100;-; 56.56; 0.9;-; 75.7; 76.0; 50.1; 50.1; 0.0;1870; 0.5; 0.6; 0.6;26; 21.7;F;1;29;On;On;Off; 32.4; 31.9;0;6;1090;6;1090;6;904;1;-
2026/04/19;13:54:28;100;-; 56.56; 0.7;-; 76.3; 75.6; 37.9; 12.9; 25.0;1870; 0.5; 0.6; 0.6;26; 21.7;F;1;29;On;On;Off; 32.4; 31.9;0;6;1090;6;1090;6;904;1;-
2026/04/19;13:55:28;100;-; 56.58; 0.6;-; 75.6; 76.1; 35.6; 34.2; 1.5;1870; 0.5; 0.6; 0.6;27; 21.7;F;1;29;On;On;Off; 32.4; 31.9;0;6;1090;6;1090;6;904;1;-
2026/04/19;13:56:28;100;-; 56.56; 0.4;-; 76.2; 76.2; 22.7; 22.0; 0.7;1870; 0.5; 0.6; 0.6;26; 21.7;F;1;29;On;On;Off; 32.4; 31.9;0;6;1090;6;1090;6;904;1;-
2026/04/19;13:57:28;100;-; 56.58; 0.6;-; 76.5; 75.5; 31.8; 16.7; 15.2;1870; 0.5; 0.6; 0.6;26; 21.7;F;1;29;On;On;Off; 32.4; 31.9;0;6;1090;6;1090;6;904;1;-
2026/04/19;13:58:28;100;-; 56.58; 0.6;-; 76.3; 75.7; 34.2; 0.0; 34.2;1870; 0.5; 0.6; 0.6;26; 21.7;F;1;29;On;On;Off; 32.4; 31.9;0;6;1090;6;1090;6;904;1;-
2026/04/19;13:59:28;100;-; 56.58; 1.0;-; 75.6; 76.0; 57.7; 57.7; 0.0;1870; 0.5; 0.6; 0.6;26; 21.7;F;1;29;On;On;Off; 32.3; 31.9;0;6;1090;6;1090;6;904;1;-
2026/04/19;14:00:28;100;-; 56.58; 0.8;-; 75.7; 76.0; 42.5; 42.5; 0.0;1870; 0.5; 0.6; 0.6;27; 21.7;F;1;29;On;On;Off; 32.3; 31.9;0;6;1090;6;1090;6;904;1;-
2026/04/19;14:01:28;100;-; 56.58; 1.0;-; 75.6; 75.9; 59.2; 59.2; 0.0;1870; 0.5; 0.6; 0.6;26; 21.7;F;1;29;On;On;Off; 32.3; 31.9;0;6;1090;6;1090;6;904;1;-
2026/04/19;14:02:27;100;-; 56.56; 0.4;-; 75.8; 75.5; 25.0; 22.8; 2.3;1870; 0.5; 0.6; 0.6;26; 21.7;F;1;29;On;On;Off; 32.4; 31.9;0;6;1090;6;1090;6;904;1;-
2026/04/19;14:03:27;100;-; 56.58; 1.0;-; 75.6; 75.8; 56.2; 56.2; 0.0;1870; 0.5; 0.6; 0.6;26; 21.7;F;1;29;On;On;Off; 32.4; 31.8;0;6;1090;6;1090;6;904;1;-
2026/04/19;14:04:27;100;-; 56.56; 0.5;-; 76.1; 75.1; 28.0; 15.9; 12.1;1870; 0.5; 0.6; 0.6;26; 21.7;F;1;29;On;On;Off; 32.3; 31.9;0;6;1090;6;1090;6;904;1;-
2026/04/19;14:05:27;100;-; 56.56; 0.5;-; 75.8; 75.6; 25.8; 0.7; 25.0;1870; 0.5; 0.6; 0.6;26; 21.7;F;1;29;On;On;Off; 32.3; 31.9;0;6;1090;6;1090;6;904;1;-
2026/04/19;14:06:27;100;-; 56.56; 0.6;-; 75.8; 75.8; 34.1; 19.7; 14.4;1870; 0.5; 0.6; 0.6;26; 21.7;F;1;29;On;On;Off; 32.4; 31.8;0;6;1090;6;1090;6;904;1;-
2026/04/19;14:07:27;100;-; 56.56; 0.9;-; 75.6; 76.1; 49.3; 49.3; 0.0;1870; 0.5; 0.6; 0.6;25; 21.7;F;1;29;On;On;Off; 32.4; 31.9;0;6;1090;6;1090;6;904;1;-
2026/04/19;14:08:27;100;-; 56.56; 0.4;-; 76.2; 75.8; 21.2; 0.0; 21.2;1870; 0.5; 0.6; 0.6;25; 21.7;F;1;29;On;On;Off; 32.4; 31.9;0;6;1090;6;1090;6;904;1;-
2026/04/19;14:09:27;100;-; 56.58; 0.8;-; 75.8; 76.2; 44.8; 44.8; 0.0;1870; 0.5; 0.6; 0.6;25; 21.7;F;1;29;On;On;Off; 32.4; 31.9;0;6;1090;6;1090;6;904;1;-
2026/04/19;14:10:27;100;-; 56.58; 0.7;-; 75.9; 76.3; 37.2; 14.4; 22.8;1870; 0.5; 0.6; 0.6;26; 21.7;F;1;29;On;On;Off; 32.4; 31.9;0;6;1090;6;1090;6;904;1;-
2026/04/19;14:11:27;100;-; 56.56; 0.3;-; 76.6; 75.9; 18.9; 0.7; 18.2;1870; 0.5; 0.6; 0.6;26; 21.7;F;1;29;On;On;Off; 32.4; 31.9;0;6;1090;6;1090;6;904;1;-
2026/04/19;14:12:27;100;-; 56.58; 0.8;-; 76.5; 75.7; 47.0; 0.0; 47.0;1871; 0.5; 0.6; 0.6;26; 21.7;F;1;29;On;On;Off; 32.4; 31.9;0;6;1090;6;1090;6;904;1;-
2026/04/19;14:13:27;100;-; 56.56; 0.4;-; 76.5; 76.0; 20.4; 0.0; 20.4;1871; 0.5; 0.6; 0.6;26; 21.7;F;1;29;On;On;Off; 32.4; 31.9;0;6;1090;6;1090;6;904;1;-
2026/04/19;14:14:27;100;-; 56.56; 0.5;-; 76.4; 75.8; 28.8; 0.0; 28.8;1871; 0.5; 0.6; 0.6;26; 21.7;F;1;29;On;On;Off; 32.4; 31.9;0;6;1090;6;1090;6;904;1;-
2026/04/19;14:15:27;100;-; 56.56; 0.5;-; 76.4; 76.1; 29.6; 0.0; 29.6;1871; 0.5; 0.6; 0.6;25; 21.7;F;1;29;On;On;Off; 32.4; 31.9;0;6;1090;6;1090;6;904;1;-
2026/04/19;14:16:27;100;-; 56.56; 0.5;-; 76.4; 75.9; 28.8; 0.0; 28.8;1871; 0.5; 0.6; 0.6;26; 21.7;F;1;29;On;On;Off; 32.4; 31.9;0;6;1090;6;1090;6;904;1;-
2026/04/19;14:17:26;100;-; 56.56; 0.9;-; 76.5; 75.6; 48.6; 0.0; 48.6;1871; 0.5; 0.6; 0.6;26; 21.7;F;1;29;On;On;Off; 32.4; 31.9;0;6;1090;6;1090;6;904;1;-
2026/04/19;14:18:26;100;-; 56.58; 1.0;-; 76.5; 75.8; 56.2; 0.0; 56.2;1871; 0.5; 0.6; 0.6;26; 21.7;F;1;29;On;On;Off; 32.4; 31.9;0;6;1090;6;1090;6;904;1;-
2026/04/19;14:19:26;100;-; 56.56; 0.5;-; 76.4; 75.8; 28.8; 0.0; 28.8;1871; 0.5; 0.6; 0.6;26; 21.7;F;1;29;On;On;Off; 32.4; 31.9;0;6;1090;6;1090;6;904;1;-
2026/04/19;14:20:26;100;-; 56.58; 0.9;-; 75.5; 76.1; 49.3; 49.3; 0.0;1871; 0.5; 0.6; 0.6;26; 21.8;F;1;29;On;On;Off; 32.4; 31.9;0;6;1090;6;1090;6;904;1;-
2026/04/19;14:21:26;100;-; 56.58; 1.0;-; 76.2; 75.4; 54.6; 0.0; 54.6;1871; 0.5; 0.6; 0.6;26; 21.8;F;1;29;On;On;Off; 32.4; 31.9;0;6;1090;6;1090;6;904;1;-
2026/04/19;14:22:26;100;-; 56.56; 0.9;-; 75.7; 76.0; 51.6; 51.6; 0.0;1871; 0.5; 0.6; 0.6;26; 21.8;F;1;29;On;On;Off; 32.4; 31.9;0;6;1090;6;1090;6;904;1;-
2026/04/19;14:23:26;100;-; 56.56; 0.5;-; 76.2; 75.5; 28.8; 6.1; 22.8;1871; 0.5; 0.6; 0.6;26; 21.8;F;1;29;On;On;Off; 32.4; 31.9;0;6;1090;6;1090;6;904;1;-
2026/04/19;14:24:26;100;-; 56.58; 1.1;-; 76.1; 75.2; 64.5; 0.0; 64.5;1871; 0.5; 0.6; 0.6;26; 21.8;F;1;29;On;On;Off; 32.4; 31.9;0;6;1090;6;1090;6;904;1;-
2026/04/19;14:25:26;100;-; 56.58; 1.0;-; 76.0; 75.1; 56.2; 0.0; 56.2;1871; 0.5; 0.6; 0.6;25; 21.8;F;1;29;On;On;Off; 32.4; 31.9;0;6;1090;6;1090;6;904;1;-
2026/04/19;14:26:26;100;-; 56.56; 0.5;-; 75.4; 75.7; 30.3; 23.5; 6.8;1871; 0.5; 0.6; 0.6;25; 21.8;F;1;29;On;On;Off; 32.4; 31.9;0;6;1090;6;1090;6;904;1;-
2026/04/19;14:27:26;100;-; 56.58; 0.8;-; 75.9; 75.1; 43.2; 0.0; 43.2;1871; 0.5; 0.6; 0.6;26; 21.8;F;1;29;On;On;Off; 32.4; 31.9;0;6;1090;6;1090;6;904;1;-
2026/04/19;14:28:26;100;-; 56.56; 0.6;-; 75.2; 75.4; 36.4; 36.4; 0.0;1871; 0.5; 0.6; 0.6;26; 21.8;F;1;29;On;On;Off; 32.4; 31.9;0;6;1090;6;1090;6;904;1;-
2026/04/19;14:29:26;100;-; 56.56; 0.5;-; 75.5; 75.8; 31.1; 0.0; 31.1;1871; 0.5; 0.6; 0.6;26; 21.8;F;1;29;On;On;Off; 32.4; 31.9;0;6;1090;6;1090;6;904;1;-
2026/04/19;14:30:26;100;-; 56.58; 0.6;-; 75.2; 75.8; 33.4; 10.6; 22.8;1871; 0.5; 0.6; 0.6;26; 21.8;F;1;29;On;On;Off; 32.4; 31.9;0;6;1090;6;1090;6;904;1;-
2026/04/19;14:31:26;100;-; 56.56; 0.7;-; 75.6; 75.5; 41.0; 0.0; 41.0;1871; 0.5; 0.6; 0.6;26; 21.8;F;1;29;On;On;Off; 32.4; 31.9;0;6;1090;6;1090;6;904;1;-
2026/04/19;14:32:25;100;-; 56.58; 0.5;-; 75.2; 75.6; 29.6; 25.0; 4.5;1871; 0.5; 0.6; 0.6;26; 21.8;F;1;29;On;On;Off; 32.4; 31.9;0;6;1090;6;1090;6;904;1;-
2026/04/19;14:33:25;100;-; 56.58; 0.7;-; 75.8; 75.1; 37.2; 3.0; 34.2;1871; 0.5; 0.6; 0.6;26; 21.8;F;1;29;On;On;Off; 32.4; 31.9;0;6;1090;6;1090;6;904;1;-
2026/04/19;14:34:25;100;-; 56.56; 0.7;-; 75.3; 75.6; 37.2; 18.2; 19.0;1871; 0.5; 0.6; 0.6;26; 21.8;F;1;29;On;On;Off; 32.4; 31.9;0;6;1090;6;1090;6;904;1;-
2026/04/19;14:35:25;100;-; 56.56; 0.4;-; 75.8; 75.5; 24.2; 20.5; 3.8;1871; 0.5; 0.6; 0.6;26; 21.8;F;1;29;On;On;Off; 32.4; 31.9;0;6;1090;6;1090;6;904;1;-
2026/04/19;14:36:25;100;-; 56.56; 0.5;-; 75.8; 75.5; 31.1; 0.0; 31.1;1871; 0.5; 0.6; 0.6;25; 21.9;F;1;29;On;On;Off; 32.4; 31.9;0;6;1090;6;1090;6;904;1;-
2026/04/19;14:37:25;100;-; 56.58; 1.1;-; 75.2; 76.1; 60.8; 60.8; 0.0;1871; 0.5; 0.6; 0.6;25; 21.8;F;1;29;On;On;Off; 32.4; 31.9;0;6;1090;6;1090;6;904;1;-
2026/04/19;14:38:25;100;-; 56.56; 0.5;-; 75.8; 75.4; 28.8; 6.1; 22.8;1871; 0.5; 0.6; 0.6;25; 21.9;F;1;29;On;On;Off; 32.4; 31.9;0;6;1090;6;1090;6;904;1;-
2026/04/19;14:39:25;100;-; 56.58; 0.8;-; 76.1; 75.0; 44.0; 0.0; 44.0;1871; 0.5; 0.6; 0.6;25; 21.9;F;1;29;On;On;Off; 32.4; 31.9;0;6;1090;6;1090;6;904;1;-
2026/04/19;14:40:25;100;-; 56.58; 0.9;-; 75.9; 75.4; 53.1; 0.0; 53.1;1871; 0.5; 0.6; 0.6;26; 21.9;F;1;29;On;On;Off; 32.4; 31.9;0;6;1090;6;1090;6;904;1;-
2026/04/19;14:41:25;100;-; 56.58; 0.8;-; 75.4; 76.0; 44.0; 44.0; 0.0;1871; 0.5; 0.6; 0.6;26; 21.9;F;1;29;On;On;Off; 32.4; 31.9;0;6;1090;6;1090;6;904;1;-
2026/04/19;14:42:25;100;-; 56.56; 0.5;-; 75.8; 75.8; 25.8; 13.7; 12.1;1871; 0.5; 0.6; 0.6;26; 21.9;F;1;29;On;On;Off; 32.4; 31.9;0;6;1090;6;1090;6;904;1;-
2026/04/19;14:43:25;100;-; 56.58; 0.6;-; 75.3; 75.9; 35.6; 34.9; 0.7;1871; 0.5; 0.6; 0.6;26; 21.9;F;1;29;On;On;Off; 32.4; 31.9;0;6;1090;6;1090;6;904;1;-
2026/04/19;14:44:25;100;-; 56.56; 0.6;-; 75.8; 75.7; 31.8; 31.8; 0.0;1871; 0.5; 0.6; 0.6;26; 21.9;F;1;29;On;On;Off; 32.4; 31.9;0;6;1090;6;1090;6;904;1;-
2026/04/19;14:45:25;100;-; 56.56; 0.5;-; 75.7; 75.6; 28.0; 7.6; 20.5;1871; 0.5; 0.6; 0.6;26; 21.9;F;1;29;On;On;Off; 32.4; 31.9;0;6;1090;6;1090;6;904;1;-
2026/04/19;14:46:25;100;-; 56.58; 0.6;-; 76.0; 75.2; 36.4; 8.3; 28.0;1871; 0.5; 0.6; 0.6;25; 21.9;F;1;29;On;On;Off; 32.4; 31.9;0;6;1090;6;1090;6;904;1;-
2026/04/19;14:47:24;100;-; 56.58; 1.0;-; 75.3; 76.0; 55.4; 55.4; 0.0;1871; 0.5; 0.6; 0.6;25; 21.9;F;1;29;On;On;Off; 32.4; 31.9;0;6;1090;6;1090;6;904;1;-
2026/04/19;14:48:24;100;-; 56.56; 0.5;-; 76.0; 75.2; 28.0; 11.4; 16.7;1871; 0.5; 0.6; 0.6;26; 21.9;F;1;29;On;On;Off; 32.4; 31.9;0;6;1090;6;1090;6;904;1;-
2026/04/19;14:49:24;100;-; 56.58; 1.1;-; 75.3; 75.8; 63.8; 63.8; 0.0;1871; 0.5; 0.6; 0.6;26; 21.9;F;1;29;On;On;Off; 32.4; 31.9;0;6;1090;6;1090;6;904;1;-
2026/04/19;14:50:24;100;-; 56.56; 0.5;-; 75.7; 75.5; 29.5; 24.2; 5.3;1871; 0.5; 0.6; 0.6;26; 21.9;F;1;29;On;On;Off; 32.4; 31.9;0;6;1090;6;1090;6;904;1;-
2026/04/19;14:51:24;100;-; 56.56; 0.4;-; 75.6; 75.7; 20.4; 12.1; 8.3;1871; 0.5; 0.6; 0.6;25; 21.9;F;1;29;On;On;Off; 32.4; 31.9;0;6;1090;6;1090;7;905;1;-
2026/04/19;14:52:24;100;-; 56.58; 1.0;-; 75.3; 75.9; 58.4; 58.4; 0.0;1871; 0.5; 0.6; 0.6;25; 21.9;F;1;29;On;On;Off; 32.4; 32.0;0;6;1090;6;1090;7;905;1;-
2026/04/19;14:53:24;100;-; 56.56; 0.6;-; 75.7; 75.7; 33.4; 33.4; 0.0;1871; 0.5; 0.6; 0.6;26; 21.9;F;1;29;On;On;Off; 32.4; 32.0;0;6;1090;6;1090;7;905;1;-
2026/04/19;14:54:24;100;-; 56.58; 1.1;-; 75.4; 75.8; 60.8; 60.8; 0.0;1871; 0.5; 0.6; 0.6;26; 21.9;F;1;29;On;On;Off; 32.4; 31.9;0;6;1090;6;1090;7;905;1;-
2026/04/19;14:55:24;100;-; 56.56; 0.5;-; 75.9; 75.0; 31.0; 1.5; 29.6;1871; 0.5; 0.6; 0.6;25; 21.9;F;1;29;On;On;Off; 32.5; 32.0;0;6;1090;6;1090;7;905;1;-
2026/04/19;14:56:24;100;-; 56.58; 0.6;-; 76.0; 75.4; 32.6; 20.5; 12.1;1871; 0.5; 0.6; 0.6;25; 21.9;F;1;29;On;On;Off; 32.5; 31.9;0;6;1090;6;1090;7;905;1;-
2026/04/19;14:57:24;100;-; 56.56; 0.7;-; 76.2; 75.6; 38.7; 0.0; 38.7;1871; 0.5; 0.6; 0.6;25; 21.9;F;1;29;On;On;Off; 32.4; 31.9;0;6;1090;6;1090;7;905;1;-
2026/04/19;14:58:24;100;-; 56.56; 0.8;-; 76.2; 75.6; 47.0; 0.0; 47.0;1871; 0.5; 0.6; 0.6;25; 21.9;F;1;29;On;On;Off; 32.4; 32.0;0;6;1090;6;1090;7;905;1;-
2026/04/19;14:59:24;100;-; 56.58; 1.1;-; 75.5; 76.0; 63.8; 63.8; 0.0;1871; 0.5; 0.6; 0.6;26; 21.9;F;1;29;On;On;Off; 32.5; 32.0;0;6;1090;6;1090;7;905;1;-
2026/04/19;15:00:24;100;-; 56.56; 0.9;-; 75.8; 75.8; 49.3; 49.3; 0.0;1871; 0.5; 0.6; 0.6;25; 21.9;F;1;29;On;On;Off; 32.5; 32.0;0;6;1090;6;1090;7;905;1;-
2026/04/19;15:01:24;100;-; 56.58; 0.6;-; 76.1; 75.3; 35.6; 12.1; 23.5;1871; 0.5; 0.6; 0.6;25; 21.9;F;1;29;On;On;Off; 32.5; 32.0;0;6;1090;6;1090;7;905;1;-
2026/04/19;15:02:23;100;-; 56.56; 0.6;-; 75.5; 75.8; 34.1; 19.7; 14.4;1871; 0.5; 0.6; 0.6;26; 21.9;F;1;29;On;On;Off; 32.4; 32.0;0;6;1090;6;1090;7;905;1;-
2026/04/19;15:03:23;100;-; 56.56; 0.4;-; 75.5; 75.8; 22.7; 21.2; 1.5;1871; 0.5; 0.6; 0.6;25; 21.9;F;1;29;On;On;Off; 32.4; 32.0;0;6;1090;6;1090;7;905;1;-
2026/04/19;15:04:23;100;-; 56.58; 0.7;-; 75.9; 75.3; 38.7; 22.8; 15.9;1871; 0.5; 0.6; 0.6;25; 21.9;F;1;29;On;On;Off; 32.5; 32.0;0;7;1091;7;1091;7;905;1;-
2026/04/19;15:05:23;100;-; 56.58; 1.0;-; 75.3; 75.9; 57.0; 57.0; 0.0;1871; 0.5; 0.6; 0.6;26; 21.9;F;1;29;On;On;Off; 32.5; 32.0;0;7;1091;7;1091;7;905;1;-
2026/04/19;15:06:23;100;-; 56.58; 0.5;-; 75.7; 75.7; 30.3; 10.6; 19.7;1871; 0.5; 0.6; 0.6;26; 21.9;F;1;29;On;On;Off; 32.5; 32.0;0;7;1091;7;1091;7;905;1;-
2026/04/19;15:07:23;100;-; 56.58; 0.9;-; 75.4; 75.9; 52.4; 52.4; 0.0;1871; 0.5; 0.6; 0.6;26; 21.9;F;1;29;On;On;Off; 32.5; 32.0;0;7;1091;7;1091;7;905;1;-
2026/04/19;15:08:23;100;-; 56.58; 0.5;-; 75.6; 75.7; 27.3; 9.1; 18.2;1871; 0.5; 0.6; 0.6;26; 21.9;F;1;29;On;On;Off; 32.5; 32.0;0;7;1091;7;1091;7;905;1;-
2026/04/19;15:09:23;100;-; 56.58; 0.6;-; 75.6; 75.6; 34.9; 28.8; 6.1;1871; 0.5; 0.6; 0.6;26; 21.9;F;1;29;On;On;Off; 32.5; 32.0;0;7;1091;7;1091;7;905;1;-
2026/04/19;15:10:23;100;-; 56.58; 0.7;-; 76.4; 75.3; 38.0; 0.0; 38.0;1871; 0.5; 0.6; 0.6;26; 21.9;F;1;29;On;On;Off; 32.5; 32.0;0;7;1091;7;1091;7;905;1;-
2026/04/19;15:11:23;100;-; 56.56; 0.7;-; 76.4; 75.5; 39.4; 0.0; 39.4;1871; 0.5; 0.6; 0.6;25; 21.9;F;1;29;On;On;Off; 32.5; 32.0;0;7;1091;7;1091;7;905;1;-
2026/04/19;15:12:23;100;-; 56.58; 0.5;-; 76.0; 76.1; 27.3; 19.0; 8.3;1872; 0.5; 0.6; 0.6;26; 21.9;F;1;29;On;On;Off; 32.5; 32.0;0;7;1091;7;1091;7;905;1;-
2026/04/19;15:13:23;100;-; 56.58; 0.9;-; 76.6; 75.6; 49.4; 0.0; 49.4;1872; 0.5; 0.6; 0.6;26; 21.8;F;1;29;On;On;Off; 32.5; 32.0;0;7;1091;7;1091;7;905;1;-
2026/04/19;15:14:23;100;-; 56.58; 0.7;-; 76.0; 76.4; 38.7; 34.2; 4.5;1872; 0.5; 0.6; 0.6;25; 21.8;F;1;29;On;On;Off; 32.5; 32.0;0;7;1091;7;1091;7;905;1;-
2026/04/19;15:15:23;100;-; 56.56; 0.4;-; 76.8; 75.8; 24.2; 7.6; 16.7;1872; 0.5; 0.6; 0.6;25; 21.8;F;1;29;On;On;Off; 32.5; 32.0;0;7;1091;7;1091;7;905;1;-
2026/04/19;15:16:23;100;-; 56.56; 0.5;-; 76.7; 76.3; 27.3; 24.2; 3.0;1872; 0.5; 0.6; 0.6;25; 21.8;F;1;29;On;On;Off; 32.5; 32.0;0;7;1091;7;1091;7;905;1;-
2026/04/19;15:17:22;100;-; 56.56; 0.7;-; 76.8; 76.1; 41.0; 0.0; 41.0;1872; 0.5; 0.6; 0.6;25; 21.8;F;1;29;On;On;Off; 32.5; 32.0;0;7;1091;7;1091;7;905;1;-
2026/04/19;15:18:22;100;-; 56.58; 0.6;-; 76.9; 76.0; 33.4; 12.1; 21.3;1872; 0.5; 0.6; 0.6;25; 21.8;F;1;29;On;On;Off; 32.5; 32.0;0;7;1091;7;1091;7;905;1;-
2026/04/19;15:19:22;100;-; 56.58; 0.9;-; 76.2; 76.7; 50.1; 50.1; 0.0;1872; 0.5; 0.6; 0.6;26; 21.8;F;1;29;On;On;Off; 32.5; 32.0;0;7;1091;7;1091;7;905;1;-
2026/04/19;15:20:22;100;-; 56.56; 0.6;-; 76.4; 76.5; 34.9; 34.9; 0.0;1872; 0.5; 0.6; 0.6;25; 21.8;F;1;29;On;On;Off; 32.5; 32.0;0;7;1091;7;1091;7;905;1;-
2026/04/19;15:21:22;100;-; 56.56; 0.5;-; 76.5; 76.0; 30.4; 19.0; 11.4;1872; 0.5; 0.6; 0.6;26; 21.8;F;1;29;On;On;Off; 32.5; 32.0;0;7;1091;7;1091;7;905;1;-
2026/04/19;15:22:22;100;-; 56.56; 0.4;-; 76.7; 76.2; 21.2; 0.0; 21.2;1872; 0.5; 0.6; 0.6;25; 21.8;F;1;29;On;On;Off; 32.5; 32.0;0;7;1091;7;1091;7;905;1;-
2026/04/19;15:23:22;100;-; 56.56; 0.6;-; 76.5; 76.0; 36.4; 0.0; 36.4;1872; 0.5; 0.6; 0.6;25; 21.8;F;1;29;On;On;Off; 32.5; 32.0;0;7;1091;7;1091;7;905;1;-
2026/04/19;15:24:22;100;-; 56.56; 0.8;-; 75.8; 76.3; 46.3; 46.3; 0.0;1872; 0.5; 0.6; 0.6;25; 21.8;F;1;29;On;On;Off; 32.5; 32.0;0;7;1091;7;1091;7;905;1;-
2026/04/19;15:25:22;100;-; 56.58; 0.7;-; 76.4; 75.7; 41.0; 0.0; 41.0;1872; 0.5; 0.6; 0.6;25; 21.8;F;1;29;On;On;Off; 32.5; 32.0;0;7;1091;7;1091;7;905;1;-
2026/04/19;15:26:22;100;-; 56.58; 0.5;-; 76.0; 76.2; 31.1; 15.9; 15.2;1872; 0.5; 0.6; 0.6;25; 21.8;F;1;29;On;On;Off; 32.5; 32.0;0;7;1091;7;1091;7;905;1;-
2026/04/19;15:27:22;100;-; 56.56; 0.7;-; 76.2; 75.8; 38.7; 0.0; 38.7;1872; 0.5; 0.6; 0.6;25; 21.8;F;1;29;On;On;Off; 32.5; 32.0;0;7;1091;7;1091;7;905;1;-
2026/04/19;15:28:22;100;-; 56.56; 0.5;-; 76.4; 75.7; 28.0; 0.7; 27.3;1872; 0.5; 0.6; 0.6;25; 21.8;F;1;29;On;On;Off; 32.5; 32.0;0;7;1091;7;1091;7;905;1;-
2026/04/19;15:29:22;100;-; 56.56; 0.6;-; 76.1; 76.0; 36.4; 12.1; 24.2;1872; 0.5; 0.6; 0.6;25; 21.8;F;1;29;On;On;Off; 32.5; 32.0;0;7;1091;7;1091;7;905;1;-
2026/04/19;15:30:22;100;-; 56.58; 0.8;-; 76.4; 75.8; 44.8; 0.0; 44.8;1872; 0.5; 0.6; 0.6;26; 21.8;F;1;29;On;On;Off; 32.5; 32.0;0;7;1091;7;1091;7;905;1;-
2026/04/19;15:31:22;100;-; 56.58; 0.9;-; 76.5; 75.5; 48.6; 0.0; 48.6;1872; 0.5; 0.6; 0.6;26; 21.8;F;1;29;On;On;Off; 32.5; 32.0;0;7;1091;7;1091;7;905;1;-
2026/04/19;15:32:21;100;-; 56.58; 1.0;-; 75.9; 76.4; 56.2; 56.2; 0.0;1872; 0.5; 0.6; 0.6;26; 21.8;F;1;29;On;On;Off; 32.5; 32.0;0;7;1091;7;1091;7;905;1;-
2026/04/19;15:33:21;100;-; 56.58; 0.7;-; 76.6; 75.8; 38.0; 19.0; 19.0;1872; 0.5; 0.6; 0.6;25; 21.8;F;1;29;On;On;Off; 32.5; 32.0;0;7;1091;7;1091;7;905;1;-
2026/04/19;15:34:21;100;-; 56.58; 0.7;-; 76.1; 76.7; 38.7; 38.7; 0.0;1872; 0.5; 0.6; 0.6;25; 21.8;F;1;29;On;On;Off; 32.5; 32.0;0;7;1091;7;1091;7;905;1;-
2026/04/19;15:35:21;100;-; 56.56; 0.6;-; 76.8; 76.0; 32.6; 0.0; 32.6;1872; 0.5; 0.6; 0.6;25; 21.8;F;1;29;On;On;Off; 32.5; 32.0;0;7;1091;7;1091;7;905;1;-
2026/04/19;15:36:21;100;-; 56.58; 0.6;-; 76.3; 76.7; 36.4; 31.9; 4.5;1872; 0.5; 0.6; 0.6;25; 21.8;F;1;29;On;On;Off; 32.5; 32.0;0;7;1091;7;1091;7;905;1;-
2026/04/19;15:37:21;100;-; 56.58; 0.6;-; 76.7; 76.6; 35.6; 26.6; 9.1;1872; 0.5; 0.6; 0.6;25; 21.8;F;1;29;On;On;Off; 32.5; 32.0;0;7;1091;7;1091;7;905;1;-
2026/04/19;15:38:21;100;-; 56.56; 0.5;-; 76.9; 76.5; 30.3; 8.3; 22.0;1872; 0.5; 0.6; 0.6;25; 21.8;F;1;29;On;On;Off; 32.5; 32.0;0;7;1091;7;1091;7;905;1;-
2026/04/19;15:39:21;100;-; 56.58; 0.7;-; 77.3; 76.4; 39.4; 15.9; 23.5;1872; 0.5; 0.6; 0.6;25; 21.8;F;1;29;On;On;Off; 32.5; 32.0;0;7;1091;7;1091;7;905;1;-
2026/04/19;15:40:21;100;-; 56.58; 0.6;-; 76.9; 76.9; 34.9; 15.9; 19.0;1872; 0.5; 0.6; 0.6;25; 21.8;F;1;29;On;On;Off; 32.5; 32.0;0;7;1091;7;1091;7;905;1;-
2026/04/19;15:41:21;100;-; 56.56; 0.5;-; 77.3; 76.8; 26.6; 0.0; 26.6;1872; 0.5; 0.6; 0.6;26; 21.8;F;1;29;On;On;Off; 32.5; 32.0;0;7;1091;7;1091;7;905;1;-
2026/04/19;15:42:21;100;-; 56.58; 0.8;-; 76.8; 77.3; 43.2; 43.2; 0.0;1872; 0.5; 0.6; 0.6;26; 21.8;F;1;29;On;On;Off; 32.5; 32.0;0;7;1091;7;1091;7;905;1;-
2026/04/19;15:43:21;100;-; 56.56; 0.5;-; 77.3; 76.9; 26.6; 0.0; 26.6;1872; 0.5; 0.6; 0.6;25; 21.8;F;1;29;On;On;Off; 32.5; 32.0;0;7;1091;7;1091;7;905;1;-
2026/04/19;15:44:21;100;-; 56.58; 0.6;-; 77.6; 76.5; 36.4; 0.0; 36.4;1872; 0.5; 0.6; 0.6;25; 21.8;F;1;29;On;On;Off; 32.5; 32.0;0;7;1091;7;1091;7;905;1;-
2026/04/19;15:45:21;100;-; 56.56; 0.5;-; 77.1; 76.7; 30.3; 15.9; 14.4;1872; 0.5; 0.6; 0.6;26; 21.8;F;1;29;On;On;Off; 32.5; 32.0;0;7;1091;7;1091;7;905;1;-
2026/04/19;15:46:21;100;-; 56.56; 0.8;-; 77.3; 76.3; 45.6; 0.0; 45.6;1872; 0.5; 0.6; 0.6;25; 21.8;F;1;29;On;On;Off; 32.5; 32.0;0;7;1091;7;1091;7;905;1;-
2026/04/19;15:47:20;100;-; 56.58; 0.6;-; 77.2; 76.4; 34.9; 28.1; 6.8;1872; 0.5; 0.6; 0.6;25; 21.8;F;1;29;On;On;Off; 32.5; 32.0;0;7;1091;7;1091;7;905;1;-
2026/04/19;15:48:20;100;-; 56.56; 0.7;-; 76.5; 77.0; 38.7; 38.7; 0.0;1872; 0.5; 0.6; 0.6;25; 21.8;F;1;29;On;On;Off; 32.5; 32.0;0;7;1091;7;1091;7;905;1;-
2026/04/19;15:49:20;100;-; 56.56; 0.5;-; 76.8; 76.9; 27.3; 23.5; 3.8;1872; 0.4; 0.6; 0.6;24; 21.8;F;1;29;On;On;Off; 32.5; 32.1;0;7;1091;7;1091;7;905;1;-
2026/04/19;15:50:20;100;-; 56.56; 0.4;-; 76.8; 76.9; 20.4; 0.0; 20.4;1872; 0.4; 0.6; 0.6;24; 21.8;F;1;29;On;On;Off; 32.5; 32.0;0;7;1091;7;1091;7;905;1;-
2026/04/19;15:51:20;100;-; 56.54; 0.4;-; 76.9; 76.5; 20.4; 0.0; 20.4;1872; 0.4; 0.6; 0.6;24; 21.8;F;1;29;On;On;Off; 32.6; 32.0;0;7;1091;7;1091;7;905;1;-
2026/04/19;15:52:20;100;-; 56.58; 0.7;-; 77.0; 76.3; 38.7; 0.0; 38.7;1872; 0.5; 0.6; 0.6;25; 21.8;F;1;29;On;On;Off; 32.5; 32.1;0;7;1091;7;1091;7;905;1;-
2026/04/19;15:53:20;100;-; 56.56; 0.4;-; 76.9; 76.4; 22.7; 12.9; 9.9;1872; 0.5; 0.6; 0.6;25; 21.8;F;1;29;On;On;Off; 32.5; 32.0;0;7;1091;7;1091;7;905;1;-
2026/04/19;15:54:20;100;-; 56.58; 0.5;-; 76.8; 76.5; 30.3; 24.2; 6.1;1872; 0.5; 0.6; 0.6;25; 21.8;F;1;29;On;On;Off; 32.5; 32.0;0;7;1091;7;1091;7;905;1;-
2026/04/19;15:55:20;100;-; 56.58; 0.8;-; 77.1; 76.4; 44.0; 0.0; 44.0;1872; 0.5; 0.6; 0.6;25; 21.8;F;1;29;On;On;Off; 32.5; 32.0;0;7;1091;7;1091;7;905;1;-
2026/04/19;15:56:20;100;-; 56.56; 0.8;-; 77.0; 76.0; 45.5; 1.5; 44.0;1872; 0.5; 0.6; 0.6;25; 21.8;F;1;29;On;On;Off; 32.5; 32.1;0;7;1091;7;1091;7;905;1;-
2026/04/19;15:57:20;100;-; 56.58; 1.1;-; 77.3; 76.0; 61.5; 0.0; 61.5;1872; 0.5; 0.6; 0.6;25; 21.8;F;1;29;On;On;Off; 32.5; 32.0;0;7;1091;7;1091;7;905;1;-
2026/04/19;15:58:20;100;-; 56.56; 0.4;-; 76.8; 76.6; 22.7; 16.7; 6.1;1872; 0.5; 0.6; 0.6;25; 21.8;F;1;29;On;On;Off; 32.5; 32.1;0;7;1091;7;1091;7;905;1;-
2026/04/19;15:59:20;100;-; 56.58; 0.5;-; 76.5; 76.8; 25.8; 14.4; 11.4;1872; 0.5; 0.6; 0.6;25; 21.8;F;1;29;On;On;Off; 32.6; 32.1;0;7;1091;7;1091;7;905;1;-
2026/04/19;16:00:20;100;-; 56.58; 0.7;-; 76.7; 76.9; 39.4; 39.4; 0.0;1872; 0.5; 0.6; 0.6;25; 21.8;F;1;29;On;On;Off; 32.6; 32.1;0;7;1091;7;1091;7;905;1;-
2026/04/19;16:01:20;100;-; 56.58; 0.6;-; 77.1; 76.3; 34.1; 10.6; 23.5;1872; 0.5; 0.6; 0.6;25; 21.8;F;1;29;On;On;Off; 32.6; 32.1;0;7;1091;7;1091;7;905;1;-
2026/04/19;16:02:19;100;-; 56.58; 0.9;-; 76.7; 77.1; 52.4; 52.4; 0.0;1872; 0.5; 0.6; 0.6;25; 21.8;F;1;29;On;On;Off; 32.6; 32.1;0;7;1091;7;1091;7;905;1;-
2026/04/19;16:03:19;100;-; 56.56; 0.5;-; 76.8; 77.1; 27.3; 27.3; 0.0;1872; 0.4; 0.6; 0.6;24; 21.8;F;1;29;On;On;Off; 32.5; 32.1;0;7;1091;7;1091;7;905;1;-
2026/04/19;16:04:19;100;-; 56.58; 0.7;-; 76.5; 77.0; 39.4; 37.2; 2.3;1872; 0.4; 0.6; 0.6;24; 21.8;F;1;29;On;On;Off; 32.5; 32.1;0;7;1091;7;1091;7;905;1;-
2026/04/19;16:05:19;100;-; 56.56; 0.8;-; 76.6; 76.8; 42.5; 42.5; 0.0;1872; 0.5; 0.6; 0.6;25; 21.8;F;1;29;On;On;Off; 32.5; 32.1;0;7;1091;7;1091;7;905;1;-
2026/04/19;16:06:19;100;-; 56.56; 0.5;-; 77.1; 76.5; 28.0; 0.0; 28.0;1872; 0.5; 0.6; 0.6;25; 21.8;F;1;29;On;On;Off; 32.5; 32.0;0;7;1091;7;1091;7;905;1;-
2026/04/19;16:07:19;100;-; 56.56; 0.5;-; 77.1; 76.3; 25.7; 5.3; 20.5;1872; 0.5; 0.6; 0.6;25; 21.8;F;1;29;On;On;Off; 32.6; 32.1;0;7;1091;7;1091;7;905;1;-
2026/04/19;16:08:19;100;-; 56.56; 0.6;-; 76.5; 76.8; 34.9; 31.1; 3.8;1872; 0.5; 0.6; 0.6;25; 21.8;F;1;29;On;On;Off; 32.6; 32.1;0;7;1091;7;1091;7;905;1;-
2026/04/19;16:09:19;100;-; 56.58; 0.5;-; 76.8; 76.5; 28.8; 15.2; 13.7;1872; 0.5; 0.6; 0.6;25; 21.8;F;1;29;On;On;Off; 32.6; 32.1;0;7;1091;7;1091;7;905;1;-
2026/04/19;16:10:19;100;-; 56.56; 0.6;-; 76.4; 76.9; 34.9; 34.9; 0.0;1872; 0.5; 0.6; 0.6;25; 21.8;F;1;29;On;On;Off; 32.5; 32.1;0;7;1091;7;1091;7;905;1;-
2026/04/19;16:11:19;100;-; 56.58; 0.7;-; 76.2; 76.8; 39.4; 29.6; 9.9;1872; 0.5; 0.6; 0.6;25; 21.8;F;1;29;On;On;Off; 32.6; 32.1;0;7;1091;7;1091;7;905;1;-
2026/04/19;16:12:19;100;-; 56.58; 1.0;-; 76.9; 76.3; 54.6; 0.0; 54.6;1873; 0.5; 0.6; 0.6;25; 21.8;F;1;29;On;On;Off; 32.6; 32.1;0;7;1091;7;1091;7;905;1;-
2026/04/19;16:13:19;100;-; 56.56; 0.5;-; 76.8; 76.2; 27.3; 19.0; 8.3;1873; 0.5; 0.6; 0.6;26; 21.8;F;1;29;On;On;Off; 32.6; 32.1;0;7;1091;7;1091;7;905;1;-
2026/04/19;16:14:19;100;-; 56.56; 0.5;-; 76.5; 76.7; 29.6; 29.6; 0.0;1873; 0.5; 0.6; 0.6;25; 21.8;F;1;29;On;On;Off; 32.6; 32.1;0;7;1091;7;1091;7;905;1;-
2026/04/19;16:15:19;100;-; 56.58; 1.0;-; 76.9; 76.1; 54.6; 0.0; 54.6;1873; 0.5; 0.6; 0.6;25; 21.8;F;1;29;On;On;Off; 32.6; 32.1;0;7;1091;7;1091;7;905;1;-
2026/04/19;16:16:19;100;-; 56.58; 0.7;-; 76.4; 76.4; 37.2; 19.7; 17.5;1873; 0.4; 0.6; 0.6;24; 21.8;F;1;29;On;On;Off; 32.6; 32.1;0;7;1091;7;1091;7;905;1;-
2026/04/19;16:17:18;100;-; 56.56; 0.6;-; 76.0; 76.5; 34.1; 32.6; 1.5;1873; 0.5; 0.6; 0.6;25; 21.8;F;1;29;On;On;Off; 32.6; 32.1;0;7;1091;7;1091;7;905;1;-
2026/04/19;16:18:18;100;-; 56.56; 0.6;-; 76.6; 76.3; 34.9; 0.0; 34.9;1873; 0.4; 0.6; 0.6;24; 21.8;F;1;29;On;On;Off; 32.5; 32.1;0;7;1091;7;1091;7;905;1;-
2026/04/19;16:19:18;100;-; 56.56; 0.5;-; 76.1; 76.7; 30.3; 29.6; 0.7;1873; 0.5; 0.6; 0.6;26; 21.8;F;1;29;On;On;Off; 32.6; 32.0;0;7;1091;7;1091;7;905;1;-
2026/04/19;16:20:18;100;-; 56.58; 0.7;-; 76.9; 76.1; 40.2; 0.0; 40.2;1873; 0.5; 0.6; 0.6;25; 21.8;F;1;29;On;On;Off; 32.5; 32.1;0;7;1091;7;1091;7;905;1;-
2026/04/19;16:21:18;100;-; 56.56; 0.5;-; 76.3; 76.4; 28.8; 10.6; 18.2;1873; 0.5; 0.6; 0.6;25; 21.8;F;1;29;On;On;Off; 32.6; 32.1;0;7;1091;7;1091;7;905;1;-
2026/04/19;16:22:18;100;-; 56.56; 0.7;-; 76.7; 76.1; 41.8; 0.0; 41.8;1873; 0.5; 0.6; 0.6;25; 21.8;F;1;29;On;On;Off; 32.6; 32.1;0;7;1091;7;1091;7;905;1;-
2026/04/19;16:23:18;100;-; 56.56; 0.4;-; 76.5; 76.3; 25.0; 24.2; 0.7;1873; 0.5; 0.6; 0.6;25; 21.8;F;1;29;On;On;Off; 32.5; 32.0;0;7;1091;7;1091;7;905;1;-
2026/04/19;16:24:18;100;-; 56.56; 0.9;-; 76.9; 76.1; 50.1; 0.0; 50.1;1873; 0.5; 0.6; 0.6;25; 21.8;F;1;29;On;On;Off; 32.6; 32.1;0;7;1091;7;1091;7;905;1;-
2026/04/19;16:25:18;100;-; 56.58; 0.9;-; 76.9; 75.8; 50.8; 0.0; 50.8;1873; 0.4; 0.6; 0.6;24; 21.8;F;1;29;On;On;Off; 32.5; 32.0;0;7;1091;7;1091;7;905;1;-
2026/04/19;16:26:18;100;-; 56.58; 0.7;-; 76.9; 76.0; 39.4; 5.3; 34.2;1873; 0.5; 0.6; 0.6;25; 21.8;F;1;29;On;On;Off; 32.6; 32.1;0;7;1091;7;1091;7;905;1;-
2026/04/19;16:27:18;100;-; 56.56; 0.6;-; 76.4; 76.9; 32.6; 32.6; 0.0;1873; 0.5; 0.6; 0.6;25; 21.8;F;1;29;On;On;Off; 32.5; 32.1;0;7;1091;7;1091;7;905;1;-
2026/04/19;16:28:18;100;-; 56.58; 0.6;-; 76.8; 76.2; 34.9; 23.5; 11.4;1873; 0.4; 0.6; 0.6;24; 21.8;F;1;29;On;On;Off; 32.6; 32.1;0;7;1091;7;1091;7;905;1;-
2026/04/19;16:29:18;100;-; 56.56; 0.4;-; 77.1; 76.4; 22.8; 11.4; 11.4;1873; 0.5; 0.6; 0.6;25; 21.8;F;1;29;On;On;Off; 32.5; 32.1;0;7;1091;7;1091;7;905;1;-
2026/04/19;16:30:18;100;-; 56.56; 0.7;-; 77.0; 76.0; 39.4; 4.5; 34.9;1873; 0.5; 0.6; 0.6;25; 21.8;F;1;29;On;On;Off; 32.6; 32.0;0;7;1091;7;1091;7;905;1;-
2026/04/19;16:31:18;100;-; 56.58; 0.9;-; 76.2; 76.9; 50.8; 50.8; 0.0;1873; 0.5; 0.6; 0.6;25; 21.8;F;1;29;On;On;Off; 32.6; 32.0;0;7;1091;7;1091;7;905;1;-
2026/04/19;16:32:17;100;-; 56.58; 0.6;-; 76.6; 76.8; 32.6; 12.9; 19.7;1873; 0.4; 0.6; 0.6;24; 21.8;F;1;29;On;On;Off; 32.6; 32.0;0;7;1091;7;1091;7;905;1;-
2026/04/19;16:33:17;100;-; 56.58; 0.7;-; 76.5; 77.0; 39.4; 39.4; 0.0;1873; 0.5; 0.6; 0.6;25; 21.8;F;1;29;On;On;Off; 32.6; 32.1;0;7;1091;7;1091;7;905;1;-
2026/04/19;16:34:17;100;-; 56.58; 0.4;-; 77.2; 76.8; 24.2; 3.8; 20.5;1873; 0.5; 0.6; 0.6;26; 21.8;F;1;29;On;On;Off; 32.5; 32.0;0;7;1091;7;1091;7;905;1;-
2026/04/19;16:35:17;100;-; 56.58; 0.6;-; 77.1; 76.6; 34.9; 34.9; 0.0;1873; 0.5; 0.6; 0.6;26; 21.8;F;1;29;On;On;Off; 32.6; 32.1;0;7;1091;7;1091;7;905;1;-
2026/04/19;16:36:17;100;-; 56.56; 0.6;-; 77.3; 76.5; 31.8; 0.0; 31.8;1873; 0.5; 0.6; 0.6;25; 21.8;F;1;29;On;On;Off; 32.6; 32.0;0;7;1091;7;1091;7;905;1;-
2026/04/19;16:37:17;100;-; 56.56; 0.5;-; 76.8; 77.1; 26.6; 26.6; 0.0;1873; 0.5; 0.6; 0.6;25; 21.8;F;1;29;On;On;Off; 32.6; 32.1;0;7;1091;7;1091;7;905;1;-
2026/04/19;16:38:17;100;-; 56.58; 0.6;-; 77.3; 76.2; 35.6; 0.0; 35.6;1873; 0.5; 0.6; 0.6;25; 21.8;F;1;29;On;On;Off; 32.5; 32.1;0;7;1091;7;1091;8;906;1;-
2026/04/19;16:39:17;100;-; 56.56; 0.6;-; 76.7; 77.2; 35.6; 35.6; 0.0;1873; 0.5; 0.6; 0.6;25; 21.8;F;1;29;On;On;Off; 32.6; 32.1;0;7;1091;7;1091;8;906;1;-
2026/04/19;16:40:17;100;-; 56.56; 0.8;-; 77.2; 76.5; 43.2; 0.0; 43.2;1873; 0.5; 0.6; 0.6;25; 21.8;F;1;29;On;On;Off; 32.6; 32.1;0;7;1091;7;1091;8;906;1;-
2026/04/19;16:41:17;100;-; 56.58; 1.0;-; 77.6; 76.4; 57.7; 0.0; 57.7;1873; 0.5; 0.6; 0.6;25; 21.8;F;1;29;On;On;Off; 32.6; 32.1;0;7;1091;7;1091;8;906;1;-
2026/04/19;16:42:17;100;-; 56.58; 0.9;-; 77.7; 76.5; 50.8; 0.0; 50.8;1873; 0.5; 0.6; 0.6;25; 21.8;F;1;29;On;On;Off; 32.6; 32.1;0;7;1091;7;1091;8;906;1;-
2026/04/19;16:43:17;100;-; 56.56; 0.7;-; 77.5; 76.5; 37.2; 3.0; 34.2;1873; 0.5; 0.5; 0.5;25; 21.8;F;1;29;On;On;Off; 32.6; 32.1;0;7;1091;7;1091;8;906;1;-
2026/04/19;16:44:17;100;-; 56.58; 1.0;-; 77.1; 77.3; 55.4; 55.4; 0.0;1873; 0.4; 0.5; 0.5;24; 21.8;F;1;29;On;On;Off; 32.6; 32.1;0;7;1091;7;1091;8;906;1;-
2026/04/19;16:45:17;100;-; 56.56; 0.6;-; 76.9; 77.4; 31.8; 17.5; 14.4;1873; 0.5; 0.6; 0.6;25; 21.8;F;1;29;On;On;Off; 32.6; 32.1;0;7;1091;7;1091;8;906;1;-
2026/04/19;16:46:17;100;-; 56.58; 0.9;-; 76.9; 77.4; 49.3; 49.3; 0.0;1873; 0.4; 0.5; 0.5;24; 21.8;F;1;29;On;On;Off; 32.6; 32.1;0;7;1091;7;1091;8;906;1;-
2026/04/19;16:47:16;100;-; 56.58; 1.0;-; 77.7; 76.5; 59.2; 0.0; 59.2;1873; 0.4; 0.6; 0.6;24; 21.8;F;1;29;On;On;Off; 32.6; 32.1;0;7;1091;7;1091;8;906;1;-
2026/04/19;16:48:16;100;-; 56.56; 0.5;-; 77.3; 76.9; 28.8; 3.0; 25.8;1873; 0.5; 0.6; 0.6;25; 21.8;F;1;29;On;On;Off; 32.6; 32.1;0;7;1091;7;1091;8;906;1;-
2026/04/19;16:49:16;100;-; 56.56; 0.9;-; 76.4; 77.4; 50.1; 50.1; 0.0;1873; 0.4; 0.5; 0.5;24; 21.8;F;1;29;On;On;Off; 32.6; 32.1;0;7;1091;7;1091;8;906;1;-
2026/04/19;16:50:16;100;-; 56.58; 0.6;-; 77.3; 76.8; 35.6; 21.2; 14.4;1873; 0.5; 0.6; 0.6;25; 21.8;F;1;29;On;On;Off; 32.6; 32.1;0;7;1091;7;1091;8;906;1;-
2026/04/19;16:51:16;100;-; 56.56; 0.6;-; 77.5; 76.5; 34.8; 14.4; 20.5;1873; 0.5; 0.6; 0.6;25; 21.8;F;1;29;On;On;Off; 32.6; 32.1;0;7;1091;7;1091;8;906;1;-
2026/04/19;16:52:16;100;-; 56.56; 0.8;-; 76.7; 77.4; 44.0; 44.0; 0.0;1873; 0.5; 0.6; 0.6;25; 21.8;F;1;29;On;On;Off; 32.6; 32.1;0;8;1092;8;1092;8;906;1;-
2026/04/19;16:53:16;100;-; 56.56; 0.4;-; 77.5; 77.0; 22.0; 0.0; 22.0;1873; 0.5; 0.6; 0.6;25; 21.8;F;1;29;On;On;Off; 32.6; 32.1;0;8;1092;8;1092;8;906;1;-
2026/04/19;16:54:16;100;-; 56.58; 0.9;-; 76.8; 77.3; 50.8; 50.8; 0.0;1873; 0.5; 0.6; 0.6;25; 21.8;F;1;29;On;On;Off; 32.6; 32.1;0;8;1092;8;1092;8;906;1;-
2026/04/19;16:55:16;100;-; 56.58; 0.9;-; 77.7; 76.7; 51.6; 0.0; 51.6;1873; 0.5; 0.6; 0.6;25; 21.8;F;1;29;On;On;Off; 32.6; 32.1;0;8;1092;8;1092;8;906;1;-
2026/04/19;16:56:16;100;-; 56.56; 0.4;-; 77.1; 77.3; 20.5; 3.0; 17.5;1873; 0.5; 0.6; 0.6;25; 21.9;F;1;29;On;On;Off; 32.6; 32.1;0;8;1092;8;1092;8;906;1;-
2026/04/19;16:57:16;100;-; 56.56; 0.6;-; 77.4; 76.7; 34.2; 22.8; 11.4;1873; 0.5; 0.6; 0.6;25; 21.8;F;1;29;On;On;Off; 32.6; 32.1;0;8;1092;8;1092;8;906;1;-
2026/04/19;16:58:16;100;-; 56.58; 0.7;-; 77.6; 76.6; 41.0; 0.0; 41.0;1873; 0.5; 0.6; 0.6;25; 21.8;F;1;29;On;On;Off; 32.6; 32.1;0;8;1092;8;1092;8;906;1;-
2026/04/19;16:59:16;100;-; 56.58; 0.6;-; 77.2; 77.3; 34.8; 10.6; 24.2;1873; 0.5; 0.6; 0.6;25; 21.9;F;1;29;On;On;Off; 32.6; 32.1;0;8;1092;8;1092;8;906;1;-
2026/04/19;17:00:16;100;-; 56.58; 0.6;-; 76.9; 77.2; 35.6; 33.4; 2.3;1873; 0.5; 0.6; 0.6;25; 21.9;F;1;29;On;On;Off; 32.6; 32.1;0;8;1092;8;1092;8;906;1;-
2026/04/19;17:01:16;100;-; 56.56; 0.5;-; 77.3; 77.0; 30.3; 18.2; 12.1;1873; 0.4; 0.6; 0.6;24; 21.9;F;1;29;On;On;Off; 32.6; 32.1;0;8;1092;8;1092;8;906;1;-
2026/04/19;17:02:15;100;-; 56.58; 1.1;-; 77.6; 76.4; 60.8; 0.0; 60.8;1873; 0.5; 0.6; 0.6;25; 21.8;F;1;29;On;On;Off; 32.6; 32.1;0;8;1092;8;1092;8;906;1;-
2026/04/19;17:03:15;100;-; 56.56; 0.6;-; 77.0; 77.3; 34.2; 34.2; 0.0;1873; 0.5; 0.6; 0.6;25; 21.9;F;1;29;On;On;Off; 32.6; 32.1;0;8;1092;8;1092;8;906;1;-
2026/04/19;17:04:15;100;-; 56.56; 0.8;-; 77.4; 76.7; 43.2; 0.0; 43.2;1873; 0.5; 0.6; 0.6;25; 21.8;F;1;29;On;On;Off; 32.6; 32.1;0;8;1092;8;1092;8;906;1;-
2026/04/19;17:05:15;100;-; 56.58; 0.9;-; 77.5; 76.4; 50.1; 0.0; 50.1;1873; 0.4; 0.6; 0.6;24; 21.8;F;1;29;On;On;Off; 32.6; 32.1;0;8;1092;8;1092;8;906;1;-
2026/04/19;17:06:15;100;-; 56.58; 0.8;-; 77.5; 76.3; 46.3; 0.0; 46.3;1873; 0.5; 0.6; 0.6;25; 21.9;F;1;29;On;On;Off; 32.6; 32.1;0;8;1092;8;1092;8;906;1;-
2026/04/19;17:07:15;100;-; 56.56; 0.7;-; 77.5; 76.7; 40.2; 0.0; 40.2;1873; 0.5; 0.6; 0.6;25; 21.9;F;1;29;On;On;Off; 32.6; 32.1;0;8;1092;8;1092;8;906;1;-
2026/04/19;17:08:15;100;-; 56.56; 0.5;-; 77.5; 76.8; 28.0; 8.3; 19.7;1873; 0.5; 0.6; 0.6;25; 21.9;F;1;29;On;On;Off; 32.6; 32.1;0;8;1092;8;1092;8;906;1;-
2026/04/19;17:09:15;100;-; 56.58; 0.5;-; 77.3; 77.3; 31.1; 0.0; 31.1;1873; 0.5; 0.6; 0.6;25; 21.8;F;1;29;On;On;Off; 32.6; 32.1;0;8;1092;8;1092;8;906;1;-
2026/04/19;17:10:15;100;-; 56.58; 0.6;-; 77.3; 76.8; 31.8; 7.6; 24.2;1873; 0.4; 0.5; 0.5;24; 21.8;F;1;29;On;On;Off; 32.6; 32.1;0;8;1092;8;1092;8;906;1;-
2026/04/19;17:11:15;100;-; 56.58; 0.7;-; 76.9; 77.5; 41.0; 41.0; 0.0;1873; 0.4; 0.6; 0.6;24; 21.8;F;1;29;On;On;Off; 32.6; 32.1;0;8;1092;8;1092;8;906;1;-
2026/04/19;17:12:15;100;-; 56.58; 1.0;-; 77.7; 76.5; 59.2; 0.0; 59.2;1874; 0.4; 0.5; 0.5;24; 21.9;F;1;29;On;On;Off; 32.6; 32.1;0;8;1092;8;1092;8;906;1;-
2026/04/19;17:13:15;100;-; 56.58; 1.0;-; 77.7; 76.5; 55.4; 0.0; 55.4;1874; 0.4; 0.5; 0.5;24; 21.9;F;1;29;On;On;Off; 32.6; 32.1;0;8;1092;8;1092;8;906;1;-
2026/04/19;17:14:15;100;-; 56.56; 0.5;-; 77.3; 77.0; 31.1; 31.1; 0.0;1874; 0.4; 0.6; 0.6;24; 21.8;F;1;29;On;On;Off; 32.6; 32.1;0;8;1092;8;1092;8;906;1;-
2026/04/19;17:15:15;100;-; 56.56; 0.5;-; 77.4; 77.1; 29.5; 5.3; 24.2;1874; 0.4; 0.6; 0.6;24; 21.8;F;1;29;On;On;Off; 32.6; 32.1;0;8;1092;8;1092;8;906;1;-
2026/04/19;17:16:15;100;-; 56.58; 0.7;-; 77.0; 77.4; 38.7; 38.7; 0.0;1874; 0.4; 0.6; 0.6;24; 21.8;F;1;29;On;On;Off; 32.6; 32.1;0;8;1092;8;1092;8;906;1;-
2026/04/19;17:17:14;100;-; 56.58; 0.7;-; 77.6; 76.9; 41.0; 0.0; 41.0;1874; 0.4; 0.5; 0.5;24; 21.8;F;1;29;On;On;Off; 32.6; 32.1;0;8;1092;8;1092;8;906;1;-
2026/04/19;17:18:14;100;-; 56.56; 0.5;-; 77.7; 76.9; 27.3; 0.0; 27.3;1874; 0.4; 0.5; 0.5;24; 21.8;F;1;29;On;On;Off; 32.6; 32.1;0;8;1092;8;1092;8;906;1;-
2026/04/19;17:19:14;100;-; 56.58; 0.8;-; 77.8; 76.6; 47.0; 0.0; 47.0;1874; 0.4; 0.6; 0.6;24; 21.8;F;1;29;On;On;Off; 32.6; 32.1;0;8;1092;8;1092;8;906;1;-
2026/04/19;17:20:14;100;-; 56.58; 0.8;-; 76.8; 77.5; 46.3; 46.3; 0.0;1874; 0.4; 0.5; 0.5;24; 21.8;F;1;29;On;On;Off; 32.6; 32.1;0;8;1092;8;1092;8;906;1;-
2026/04/19;17:21:14;100;-; 56.56; 0.6;-; 77.7; 77.0; 34.2; 30.4; 3.8;1874; 0.4; 0.6; 0.6;24; 21.8;F;1;29;On;On;Off; 32.6; 32.1;0;8;1092;8;1092;8;906;1;-
2026/04/19;17:22:14;100;-; 56.56; 0.4;-; 77.3; 77.3; 25.0; 13.6; 11.4;1874; 0.4; 0.5; 0.5;24; 21.8;F;1;29;On;On;Off; 32.6; 32.1;0;8;1092;8;1092;8;906;1;-
2026/04/19;17:23:14;100;-; 56.56; 0.7;-; 77.1; 77.4; 41.0; 41.0; 0.0;1874; 0.4; 0.6; 0.6;24; 21.8;F;1;29;On;On;Off; 32.6; 32.1;0;8;1092;8;1092;8;906;1;-
2026/04/19;17:24:14;100;-; 56.58; 0.6;-; 76.8; 77.5; 34.9; 27.3; 7.6;1874; 0.4; 0.6; 0.6;24; 21.8;F;1;29;On;On;Off; 32.6; 32.1;0;8;1092;8;1092;8;906;1;-
2026/04/19;17:25:14;100;-; 56.58; 0.6;-; 76.8; 77.4; 34.1; 18.2; 15.9;1874; 0.4; 0.6; 0.6;24; 21.8;F;1;29;On;On;Off; 32.6; 32.2;0;8;1092;8;1092;8;906;1;-
2026/04/19;17:26:14;100;-; 56.58; 0.6;-; 77.6; 76.8; 33.4; 0.0; 33.4;1874; 0.4; 0.6; 0.6;24; 21.8;F;1;29;On;On;Off; 32.6; 32.1;0;8;1092;8;1092;8;906;1;-
2026/04/19;17:27:14;100;-; 56.56; 0.6;-; 77.0; 77.4; 31.8; 26.6; 5.3;1874; 0.4; 0.6; 0.6;24; 21.8;F;1;29;On;On;Off; 32.6; 32.1;0;8;1092;8;1092;8;906;1;-
2026/04/19;17:28:14;100;-; 56.56; 0.7;-; 77.0; 77.6; 40.9; 40.9; 0.0;1874; 0.4; 0.5; 0.5;24; 21.8;F;1;29;On;On;Off; 32.6; 32.2;0;8;1092;8;1092;8;906;1;-
2026/04/19;17:29:14;100;-; 56.58; 0.6;-; 77.3; 77.2; 31.8; 31.8; 0.0;1874; 0.4; 0.5; 0.5;24; 21.8;F;1;29;On;On;Off; 32.6; 32.2;0;8;1092;8;1092;8;906;1;-
2026/04/19;17:30:14;100;-; 56.56; 0.8;-; 77.1; 77.5; 47.0; 47.0; 0.0;1874; 0.5; 0.5; 0.5;25; 21.8;F;1;29;On;On;Off; 32.6; 32.1;0;8;1092;8;1092;8;906;1;-
2026/04/19;17:31:14;100;-; 56.58; 0.9;-; 77.8; 76.6; 52.4; 0.0; 52.4;1874; 0.5; 0.6; 0.6;25; 21.8;F;1;29;On;On;Off; 32.6; 32.2;0;8;1092;8;1092;8;906;1;-
2026/04/19;17:32:13;100;-; 56.56; 0.6;-; 77.3; 77.3; 31.8; 31.8; 0.0;1874; 0.5; 0.6; 0.6;25; 21.8;F;1;29;On;On;Off; 32.7; 32.2;0;8;1092;8;1092;8;906;1;-
2026/04/19;17:33:13;100;-; 56.56; 0.5;-; 77.6; 76.9; 26.5; 0.7; 25.8;1874; 0.5; 0.5; 0.5;25; 21.8;F;1;29;On;On;Off; 32.6; 32.1;0;8;1092;8;1092;8;906;1;-
2026/04/19;17:34:13;100;-; 56.58; 1.0;-; 76.8; 77.7; 54.6; 54.6; 0.0;1874; 0.5; 0.5; 0.5;25; 21.8;F;1;29;On;On;Off; 32.6; 32.1;0;8;1092;8;1092;8;906;1;-
2026/04/19;17:35:13;100;-; 56.56; 0.7;-; 77.4; 77.2; 39.4; 39.4; 0.0;1874; 0.5; 0.6; 0.6;25; 21.8;F;1;29;On;On;Off; 32.6; 32.2;0;8;1092;8;1092;8;906;1;-
2026/04/19;17:36:13;100;-; 56.58; 0.8;-; 76.9; 77.7; 43.2; 43.2; 0.0;1874; 0.5; 0.6; 0.6;25; 21.8;F;1;29;On;On;Off; 32.6; 32.1;0;8;1092;8;1092;8;906;1;-
2026/04/19;17:37:13;100;-; 56.58; 0.7;-; 77.6; 77.3; 38.7; 38.7; 0.0;1874; 0.4; 0.6; 0.6;24; 21.8;F;1;29;On;On;Off; 32.6; 32.2;0;8;1092;8;1092;8;906;1;-
2026/04/19;17:38:13;100;-; 56.58; 1.0;-; 76.9; 77.7; 56.2; 56.2; 0.0;1874; 0.5; 0.6; 0.6;25; 21.8;F;1;29;On;On;Off; 32.6; 32.1;0;8;1092;8;1092;8;906;1;-
2026/04/19;17:39:13;100;-; 56.56; 0.9;-; 76.8; 77.7; 52.4; 52.4; 0.0;1874; 0.5; 0.5; 0.5;25; 21.8;F;1;29;On;On;Off; 32.6; 32.1;0;8;1092;8;1092;8;906;1;-
2026/04/19;17:40:13;100;-; 56.58; 0.9;-; 77.7; 77.0; 48.6; 0.0; 48.6;1874; 0.4; 0.5; 0.5;24; 21.8;F;1;29;On;On;Off; 32.6; 32.1;0;8;1092;8;1092;8;906;1;-
2026/04/19;17:41:13;100;-; 56.56; 0.5;-; 77.6; 77.2; 28.0; 11.4; 16.7;1874; 0.4; 0.5; 0.5;24; 21.7;F;1;29;On;On;Off; 32.6; 32.1;0;8;1092;8;1092;8;906;1;-
2026/04/19;17:42:13;100;-; 56.58; 0.9;-; 78.0; 76.5; 51.6; 0.0; 51.6;1874; 0.5; 0.5; 0.5;25; 21.8;F;1;29;On;On;Off; 32.6; 32.1;0;8;1092;8;1092;8;906;1;-
2026/04/19;17:43:13;100;-; 56.56; 0.8;-; 76.9; 77.5; 46.3; 46.3; 0.0;1874; 0.5; 0.5; 0.5;25; 21.7;F;1;29;On;On;Off; 32.6; 32.1;0;8;1092;8;1092;8;906;1;-
2026/04/19;17:44:13;100;-; 56.58; 0.7;-; 77.6; 76.5; 37.9; 5.3; 32.6;1874; 0.5; 0.5; 0.5;25; 21.8;F;1;29;On;On;Off; 32.6; 32.1;0;8;1092;8;1092;8;906;1;-
2026/04/19;17:45:13;100;-; 56.56; 0.5;-; 77.2; 77.4; 28.8; 5.3; 23.5;1874; 0.5; 0.6; 0.6;25; 21.7;F;1;29;On;On;Off; 32.6; 32.1;0;8;1092;8;1092;8;906;1;-
2026/04/19;17:46:13;100;-; 56.58; 0.6;-; 77.5; 76.6; 34.1; 4.5; 29.6;1874; 0.5; 0.5; 0.5;25; 21.7;F;1;29;On;On;Off; 32.6; 32.1;0;8;1092;8;1092;8;906;1;-
2026/04/19;17:47:12;100;-; 56.56; 0.5;-; 77.6; 77.0; 29.6; 0.0; 29.6;1874; 0.4; 0.6; 0.6;24; 21.7;F;1;29;On;On;Off; 32.6; 32.1;0;8;1092;8;1092;8;906;1;-
2026/04/19;17:48:12;100;-; 56.58; 1.1;-; 76.6; 77.6; 60.7; 60.7; 0.0;1874; 0.5; 0.5; 0.5;25; 21.7;F;1;29;On;On;Off; 32.6; 32.1;0;8;1092;8;1092;8;906;1;-
2026/04/19;17:49:12;100;-; 56.56; 0.6;-; 77.1; 77.3; 31.8; 12.1; 19.7;1874; 0.5; 0.6; 0.6;26; 21.7;F;1;29;On;On;Off; 32.6; 32.1;0;8;1092;8;1092;8;906;1;-
2026/04/19;17:50:12;100;-; 56.58; 0.5;-; 77.1; 77.2; 31.1; 12.1; 19.0;1874; 0.5; 0.6; 0.6;25; 21.7;F;1;29;On;On;Off; 32.6; 32.1;0;8;1092;8;1092;8;906;1;-
2026/04/19;17:51:12;100;-; 56.58; 0.9;-; 77.8; 76.3; 51.6; 0.0; 51.6;1874; 0.5; 0.6; 0.6;25; 21.7;F;1;29;On;On;Off; 32.6; 32.1;0;8;1092;8;1092;8;906;1;-
2026/04/19;17:52:12;100;-; 56.56; 0.6;-; 77.8; 77.0; 33.4; 0.0; 33.4;1874; 0.5; 0.5; 0.5;25; 21.7;F;1;29;On;On;Off; 32.6; 32.1;0;8;1092;8;1092;8;906;1;-
2026/04/19;17:53:12;100;-; 56.58; 1.0;-; 76.5; 77.6; 57.7; 57.7; 0.0;1874; 0.5; 0.6; 0.6;25; 21.7;F;1;29;On;On;Off; 32.6; 32.1;0;8;1092;8;1092;8;906;1;-
2026/04/19;17:54:12;100;-; 56.56; 0.6;-; 77.6; 76.9; 33.4; 33.4; 0.0;1874; 0.5; 0.5; 0.5;25; 21.7;F;1;29;On;On;Off; 32.6; 32.1;0;8;1092;8;1092;8;906;1;-
2026/04/19;17:55:12;100;-; 56.58; 0.8;-; 77.9; 76.7; 44.0; 0.0; 44.0;1874; 0.5; 0.6; 0.6;26; 21.7;F;1;29;On;On;Off; 32.6; 32.1;0;8;1092;8;1092;8;906;1;-
2026/04/19;17:56:12;100;-; 56.58; 0.8;-; 78.0; 76.4; 45.6; 0.0; 45.6;1874; 0.5; 0.6; 0.6;25; 21.7;F;1;29;On;On;Off; 32.6; 32.1;0;8;1092;8;1092;8;906;1;-
2026/04/19;17:57:12;100;-; 56.56; 0.4;-; 77.2; 77.7; 22.0; 14.4; 7.6;1874; 0.5; 0.6; 0.6;25; 21.7;F;1;29;On;On;Off; 32.6; 32.1;0;8;1092;8;1092;8;906;1;-
2026/04/19;17:58:12;100;-; 56.58; 0.5;-; 77.7; 76.7; 31.1; 22.8; 8.3;1874; 0.4; 0.5; 0.5;24; 21.7;F;1;29;On;On;Off; 32.6; 32.1;0;8;1092;8;1092;8;906;1;-
2026/04/19;17:59:12;100;-; 56.58; 0.5;-; 76.5; 77.8; 31.1; 28.8; 2.3;1874; 0.5; 0.6; 0.6;25; 21.7;F;1;29;On;On;Off; 32.6; 32.1;0;8;1092;8;1092;8;906;1;-
2026/04/19;18:00:12;100;-; 56.54; 0.4;-; 77.7; 77.0; 24.2; 0.0; 24.2;1874; 0.5; 0.6; 0.6;25; 21.7;F;1;29;On;On;Off; 32.6; 32.1;0;8;1092;8;1092;8;906;1;-
2026/04/19;18:01:12;100;-; 56.56; 0.5;-; 77.3; 77.6; 30.4; 30.4; 0.0;1874; 0.4; 0.6; 0.6;24; 21.7;F;1;29;On;On;Off; 32.6; 32.1;0;8;1092;8;1092;8;906;1;-
2026/04/19;18:02:11;100;-; 56.56; 0.7;-; 77.0; 77.6; 37.2; 37.2; 0.0;1874; 0.4; 0.6; 0.6;24; 21.7;F;1;29;On;On;Off; 32.6; 32.1;0;8;1092;8;1092;8;906;1;-
2026/04/19;18:03:11;100;-; 56.58; 0.5;-; 77.6; 76.8; 29.6; 6.8; 22.8;1874; 0.5; 0.6; 0.6;25; 21.7;F;1;29;On;On;Off; 32.6; 32.1;0;8;1092;8;1092;8;906;1;-
2026/04/19;18:04:11;100;-; 56.58; 0.8;-; 77.8; 76.7; 45.6; 0.0; 45.6;1874; 0.5; 0.5; 0.5;25; 21.7;F;1;29;On;On;Off; 32.6; 32.1;0;8;1092;8;1092;8;906;1;-
2026/04/19;18:05:11;100;-; 56.56; 0.6;-; 76.7; 77.6; 35.6; 35.6; 0.0;1874; 0.5; 0.6; 0.6;25; 21.7;F;1;29;On;On;Off; 32.6; 32.1;0;8;1092;8;1092;8;906;1;-
2026/04/19;18:06:11;100;-; 56.58; 0.8;-; 77.7; 76.3; 46.3; 0.0; 46.3;1874; 0.4; 0.6; 0.6;24; 21.7;F;1;29;On;On;Off; 32.6; 32.1;0;8;1092;8;1092;8;906;1;-
2026/04/19;18:07:11;100;-; 56.56; 0.6;-; 77.2; 76.9; 33.4; 6.1; 27.3;1874; 0.4; 0.5; 0.5;24; 21.7;F;1;29;On;On;Off; 32.6; 32.1;0;8;1092;8;1092;8;906;1;-
2026/04/19;18:08:11;100;-; 56.56; 1.0;-; 76.6; 77.5; 53.9; 53.9; 0.0;1874; 0.4; 0.6; 0.6;24; 21.7;F;1;29;On;On;Off; 32.6; 32.1;0;8;1092;8;1092;8;906;1;-
2026/04/19;18:09:11;100;-; 56.58; 0.9;-; 77.7; 76.3; 50.8; 0.0; 50.8;1874; 0.5; 0.6; 0.6;25; 21.7;F;1;29;On;On;Off; 32.6; 32.1;0;8;1092;8;1092;8;906;1;-
2026/04/19;18:10:11;100;-; 56.56; 0.5;-; 76.8; 77.5; 25.8; 22.0; 3.8;1874; 0.4; 0.6; 0.6;24; 21.7;F;1;29;On;On;Off; 32.6; 32.1;0;8;1092;8;1092;8;906;1;-
2026/04/19;18:11:11;100;-; 56.56; 0.6;-; 76.8; 77.0; 33.4; 6.8; 26.6;1874; 0.4; 0.6; 0.6;24; 21.7;F;1;29;On;On;Off; 32.6; 32.1;0;8;1092;8;1092;8;906;1;-
2026/04/19;18:12:11;100;-; 56.56; 0.7;-; 77.2; 76.8; 40.9; 40.9; 0.0;1875; 0.4; 0.6; 0.6;24; 21.7;F;1;29;On;On;Off; 32.6; 32.1;0;8;1092;8;1092;8;906;1;-
2026/04/19;18:13:11;100;-; 56.58; 0.8;-; 77.8; 76.0; 43.2; 0.0; 43.2;1875; 0.4; 0.6; 0.6;24; 21.7;F;1;29;On;On;Off; 32.6; 32.1;0;8;1092;8;1092;8;906;1;-
2026/04/19;18:14:11;100;-; 56.58; 0.6;-; 76.9; 76.9; 32.6; 32.6; 0.0;1875; 0.5; 0.6; 0.6;25; 21.7;F;1;29;On;On;Off; 32.6; 32.1;0;8;1092;8;1092;8;906;1;-
2026/04/19;18:15:11;100;-; 56.58; 1.0;-; 77.6; 75.5; 57.0; 0.0; 57.0;1875; 0.5; 0.6; 0.6;25; 21.7;F;1;29;On;On;Off; 32.6; 32.1;0;8;1092;8;1092;8;906;1;-
2026/04/19;18:16:10;100;-; 56.58; 1.1;-; 77.6; 75.6; 60.8; 0.0; 60.8;1875; 0.5; 0.6; 0.6;25; 21.7;F;1;29;On;On;Off; 32.6; 32.1;0;8;1092;8;1092;8;906;1;-
2026/04/19;18:17:10;100;-; 56.58; 1.0;-; 76.3; 77.2; 54.6; 54.6; 0.0;1875; 0.5; 0.6; 0.6;25; 21.7;F;1;29;On;On;Off; 32.6; 32.1;0;8;1092;8;1092;8;906;1;-
2026/04/19;18:18:10;100;-; 56.56; 0.5;-; 77.2; 76.2; 31.1; 0.7; 30.4;1875; 0.4; 0.6; 0.6;24; 21.7;F;1;29;On;On;Off; 32.6; 32.1;0;8;1092;8;1092;8;906;1;-
2026/04/19;18:19:10;100;-; 56.58; 1.1;-; 76.0; 77.2; 60.8; 60.8; 0.0;1875; 0.5; 0.6; 0.6;25; 21.7;F;1;29;On;On;Off; 32.6; 32.1;0;8;1092;8;1092;8;906;1;-
2026/04/19;18:20:10;100;-; 56.58; 0.6;-; 77.2; 76.2; 32.6; 22.8; 9.9;1875; 0.5; 0.6; 0.6;25; 21.7;F;1;29;On;On;Off; 32.6; 32.1;0;8;1092;8;1092;8;906;1;-
2026/04/19;18:21:10;100;-; 56.56; 0.5;-; 76.8; 76.7; 27.3; 7.6; 19.7;1875; 0.4; 0.6; 0.6;24; 21.7;F;1;29;On;On;Off; 32.6; 32.1;0;8;1092;8;1092;8;906;1;-
2026/04/19;18:22:10;100;-; 56.56; 0.5;-; 76.6; 77.1; 25.8; 19.7; 6.1;1875; 0.4; 0.6; 0.6;24; 21.7;F;1;29;On;On;Off; 32.6; 32.1;0;8;1092;8;1092;8;906;1;-
2026/04/19;18:23:10;100;-; 56.56; 0.7;-; 77.2; 76.1; 41.0; 0.0; 41.0;1875; 0.5; 0.6; 0.6;25; 21.7;F;1;29;On;On;Off; 32.6; 32.1;0;8;1092;8;1092;8;906;1;-
2026/04/19;18:24:10;100;-; 56.56; 0.5;-; 76.2; 76.9; 28.8; 19.0; 9.9;1875; 0.5; 0.6; 0.6;25; 21.7;F;1;29;On;On;Off; 32.6; 32.1;0;8;1092;8;1092;8;906;1;-
2026/04/19;18:25:10;100;-; 56.56; 0.5;-; 76.2; 76.7; 31.0; 24.2; 6.8;1875; 0.4; 0.6; 0.6;24; 21.7;F;1;29;On;On;Off; 32.6; 32.1;0;8;1092;8;1092;8;906;1;-
2026/04/19;18:26:10;100;-; 56.56; 1.0;-; 75.6; 77.2; 59.2; 59.2; 0.0;1875; 0.5; 0.6; 0.6;25; 21.7;F;1;29;On;On;Off; 32.6; 32.1;0;8;1092;8;1092;8;906;1;-
2026/04/19;18:27:10;100;-; 56.58; 0.7;-; 77.1; 75.4; 37.2; 2.3; 34.9;1875; 0.5; 0.6; 0.6;25; 21.7;F;1;29;On;On;Off; 32.6; 32.1;0;8;1092;8;1092;9;907;1;-
2026/04/19;18:28:10;100;-; 56.56; 1.0;-; 74.5; 77.3; 55.4; 55.4; 0.0;1875; 0.5; 0.6; 0.6;25; 21.7;F;1;29;On;On;Off; 32.6; 32.1;0;8;1092;8;1092;9;907;1;-
2026/04/19;18:29:10;100;-; 56.56; 0.8;-; 75.4; 77.0; 46.3; 46.3; 0.0;1875; 0.5; 0.6; 0.6;25; 21.7;F;1;29;On;On;Off; 32.6; 32.1;0;8;1092;8;1092;9;907;1;-
2026/04/19;18:30:10;100;-; 56.56; 0.5;-; 75.7; 76.6; 28.0; 3.8; 24.2;1875; 0.5; 0.6; 0.6;25; 21.7;F;1;29;On;On;Off; 32.6; 32.1;0;8;1092;8;1092;9;907;1;-
2026/04/19;18:31:09;100;-; 56.56; 0.6;-; 76.1; 76.3; 31.8; 12.9; 19.0;1875; 0.5; 0.6; 0.6;25; 21.8;F;1;29;On;On;Off; 32.6; 32.1;0;8;1092;8;1092;9;907;1;-
2026/04/19;18:32:09;100;-; 56.56; 0.7;-; 75.1; 77.3; 39.4; 39.4; 0.0;1875; 0.5; 0.6; 0.6;25; 21.7;F;1;29;On;On;Off; 32.6; 32.1;0;8;1092;8;1092;9;907;1;-
2026/04/19;18:33:09;100;-; 56.56; 0.4;-; 76.7; 76.2; 25.0; 9.9; 15.2;1875; 0.5; 0.6; 0.6;25; 21.7;F;1;29;On;On;Off; 32.6; 32.1;0;8;1092;8;1092;9;907;1;-
2026/04/19;18:34:09;100;-; 56.56; 0.9;-; 74.3; 77.3; 53.1; 53.1; 0.0;1875; 0.5; 0.6; 0.6;25; 21.8;F;1;29;On;On;Off; 32.6; 32.1;0;8;1092;8;1092;9;907;1;-
2026/04/19;18:35:09;100;-; 56.56; 0.4;-; 74.9; 77.3; 25.0; 21.2; 3.8;1875; 0.5; 0.6; 0.6;25; 21.8;F;1;29;On;On;Off; 32.5; 32.1;0;8;1092;8;1092;9;907;1;-
2026/04/19;18:36:09;100;-; 56.56; 0.7;-; 74.4; 77.2; 37.2; 37.2; 0.0;1875; 0.5; 0.6; 0.6;26; 21.8;F;1;29;On;On;Off; 32.6; 32.1;0;8;1092;8;1092;9;907;1;-
2026/04/19;18:37:09;100;-; 56.56; 0.8;-; 77.0; 75.9; 47.8; 0.0; 47.8;1875; 0.5; 0.6; 0.6;25; 21.8;F;1;29;On;On;Off; 32.6; 32.1;0;8;1092;8;1092;9;907;1;-
2026/04/19;18:38:09;100;-; 56.56; 0.6;-; 76.7; 75.2; 34.1; 9.9; 24.2;1875; 0.5; 0.6; 0.6;25; 21.8;F;1;29;On;On;Off; 32.6; 32.1;0;8;1092;8;1092;9;907;1;-
2026/04/19;18:39:09;100;-; 56.56; 0.5;-; 76.1; 76.3; 29.6; 12.1; 17.5;1875; 0.5; 0.6; 0.6;25; 21.8;F;1;29;On;On;Off; 32.6; 32.1;0;8;1092;8;1092;9;907;1;-
2026/04/19;18:40:09;100;-; 56.56; 0.6;-; 76.3; 75.4; 34.2; 3.8; 30.4;1875; 0.5; 0.6; 0.6;25; 21.8;F;1;29;On;On;Off; 32.6; 32.1;0;8;1092;8;1092;9;907;1;-
2026/04/19;18:41:09;100;-; 56.56; 0.8;-; 74.0; 76.7; 45.6; 45.6; 0.0;1875; 0.5; 0.6; 0.6;25; 21.8;F;1;29;On;On;Off; 32.6; 32.1;0;9;1093;9;1093;9;907;1;-
2026/04/19;18:42:09;100;-; 56.56; 0.8;-; 74.2; 76.4; 42.5; 40.2; 2.3;1875; 0.5; 0.6; 0.6;25; 21.8;F;1;29;On;On;Off; 32.6; 32.0;0;9;1093;9;1093;9;907;1;-
2026/04/19;18:43:09;100;-; 56.56; 0.6;-; 75.7; 74.8; 32.6; 10.6; 22.0;1875; 0.5; 0.6; 0.6;25; 21.8;F;1;29;On;On;Off; 32.6; 32.0;0;9;1093;9;1093;9;907;1;-
2026/04/19;18:44:09;100;-; 56.56; 0.6;-; 74.8; 75.0; 32.6; 18.2; 14.4;1875; 0.5; 0.6; 0.6;26; 21.8;F;1;29;On;On;Off; 32.6; 32.0;0;9;1093;9;1093;9;907;1;-
2026/04/19;18:45:09;100;-; 56.56; 0.5;-; 75.9; 74.1; 31.1; 0.0; 31.1;1875; 0.5; 0.6; 0.6;26; 21.8;F;1;29;On;On;Off; 32.6; 32.0;0;9;1093;9;1093;9;907;1;-
2026/04/19;18:46:08;100;-; 56.56; 0.7;-; 75.7; 73.8; 41.0; 0.0; 41.0;1875; 0.5; 0.6; 0.6;26; 21.8;F;1;29;On;On;Off; 32.5; 32.0;0;9;1093;9;1093;9;907;1;-
2026/04/19;18:47:08;100;-; 56.56; 0.7;-; 74.6; 74.7; 40.2; 12.1; 28.0;1875; 0.5; 0.6; 0.6;26; 21.8;F;1;29;On;On;Off; 32.5; 32.0;0;9;1093;9;1093;9;907;1;-
2026/04/19;18:48:08;100;-; 56.56; 0.6;-; 74.9; 74.1; 34.2; 11.4; 22.8;1875; 0.5; 0.6; 0.6;26; 21.8;F;1;29;On;On;Off; 32.5; 32.0;0;9;1093;9;1093;9;907;1;-
2026/04/19;18:49:08;100;-; 56.56; 0.6;-; 74.7; 74.3; 33.3; 16.7; 16.7;1875; 0.5; 0.6; 0.6;26; 21.8;F;1;29;On;On;Off; 32.5; 32.0;0;9;1093;9;1093;9;907;1;-
2026/04/19;18:50:08;100;-; 56.54; 0.6;-; 74.1; 74.8; 32.6; 24.2; 8.3;1875; 0.5; 0.6; 0.6;26; 21.8;F;1;29;On;On;Off; 32.5; 32.0;0;9;1093;9;1093;9;907;1;-
2026/04/19;18:51:08;100;-; 56.56; 0.5;-; 74.7; 73.7; 30.3; 10.6; 19.7;1875; 0.5; 0.6; 0.6;26; 21.8;F;1;29;On;On;Off; 32.5; 32.0;0;9;1093;9;1093;9;907;1;-
2026/04/19;18:52:08;100;-; 56.54; 0.6;-; 74.2; 73.7; 31.8; 12.9; 19.0;1875; 0.5; 0.6; 0.6;26; 21.8;F;1;29;On;On;Off; 32.5; 32.0;0;9;1093;9;1093;9;907;1;-
2026/04/19;18:53:08;100;-; 55.89; 0.0;-; 74.4; 74.5; 0.7; 0.0; 0.7;1875; 0.4; 0.5; 0.5;21; 21.8;F;1;29;On;On;Off; 32.3; 30.7;0;9;1093;9;1093;9;907;1;-
2026/04/19;18:54:08;100;-; 54.49; 0.0;-; 74.1; 74.4; 0.7; 0.0; 0.7;1875;-0.2; 0.0; 0.0;-8; 21.8;F;1;29;On;On;Off; 30.0; 29.6;0;9;1093;9;1093;9;907;1;-
2026/04/19;18:55:08;100;-; 56.06; 0.6;-; 73.1; 73.1; 36.1; 15.8; 20.3;1875; 0.4; 0.4; 0.4;18; 21.8;F;1;29;On;On;Off; 31.0; 30.9;0;9;1093;9;1093;9;907;1;-
2026/04/19;18:56:08;100;-; 55.95; 0.6;-; 73.1; 72.9; 33.0; 15.0; 18.0;1875; 0.5; 0.6; 0.6;25; 21.8;F;1;29;On;On;Off; 31.8; 31.3;0;9;1093;9;1093;9;907;1;-
2026/04/19;18:57:08;100;-; 55.37; 0.0;-; 73.7; 74.0; 0.7; 0.0; 0.7;1875; 0.3; 0.4; 0.4;16; 21.8;F;1;29;On;On;Off; 30.4; 30.7;0;9;1093;9;1093;9;907;1;-
2026/04/19;18:58:08;100;-; 54.29; 0.0;-; 73.9; 73.9; 0.7; 0.0; 0.7;1875;-0.2; 0.0; 0.0;-9; 21.8;F;1;29;On;On;Off; 29.5; 29.1;0;9;1093;9;1093;9;907;1;-
2026/04/19;18:59:08;100;-; 56.04; 0.6;-; 73.2; 73.0; 34.5; 16.5; 18.0;1875; 0.4; 0.5; 0.5;24; 21.8;F;1;29;On;On;Off; 31.1; 30.4;0;9;1093;9;1093;9;907;1;-
2026/04/19;19:00:08;100;-; 56.08; 0.6;-; 73.2; 73.0; 33.8; 16.5; 17.3;1875; 0.5; 0.6; 0.6;27; 21.8;F;1;29;On;On;Off; 31.5; 31.0;0;9;1093;9;1093;9;907;1;-
2026/04/19;19:01:07;100;-; 55.04; 0.0;-; 74.2; 73.9; 0.7; 0.0; 0.7;1875; 0.2; 0.3; 0.3;9; 21.8;F;1;29;On;On;Off; 29.8; 29.4;0;9;1093;9;1093;9;907;1;-
2026/04/19;19:02:07;100;-; 54.17; 0.0;-; 74.0; 73.9; 0.7; 0.0; 0.7;1875;-0.2; 0.0; 0.0;-8; 21.8;F;1;29;On;On;Off; 29.1; 28.7;0;9;1093;9;1093;9;907;1;-
2026/04/19;19:03:07;100;-; 55.85; 0.6;-; 73.0; 72.7; 33.7; 18.0; 15.7;1875; 0.6; 0.6; 0.6;31; 21.8;F;1;29;On;On;Off; 30.9; 30.4;0;9;1093;9;1093;9;907;1;-
2026/04/19;19:04:07;100;-; 55.77; 0.6;-; 72.7; 72.5; 32.9; 19.4; 13.5;1875; 0.5; 0.6; 0.6;26; 21.8;F;1;29;On;On;Off; 31.3; 30.7;0;9;1093;9;1093;9;907;1;-
2026/04/19;19:05:07;100;-; 54.56; 0.0;-; 74.1; 73.3; 0.7; 0.0; 0.7;1875;-0.0; 0.1; 0.1;0; 21.8;F;1;29;On;On;Off; 29.2; 28.8;0;9;1093;9;1093;9;907;1;-
2026/04/19;19:06:07;100;-; 54.60; 0.9;-; 71.2; 71.0; 46.9; 26.4; 20.5;1875;-0.1; 0.1; 0.1;-3; 21.8;F;1;29;On;On;Off; 29.3; 28.9;0;9;1093;9;1093;9;907;1;-
2026/04/19;19:07:07;100;-; 55.45; 0.6;-; 72.2; 72.1; 32.0; 18.6; 13.4;1875; 0.7; 0.7; 0.7;37; 21.8;F;1;29;On;On;Off; 30.8; 30.3;0;9;1093;9;1093;9;907;1;-
2026/04/19;19:08:07;100;-; 55.37; 0.4;-; 72.4; 73.0; 20.0; 18.6; 1.4;1875; 0.4; 0.5; 0.5;23; 21.8;F;1;29;On;On;Off; 31.0; 29.6;0;9;1093;9;1093;9;907;1;-
2026/04/19;19:09:07;100;-; 55.47; 0.3;-; 72.5; 72.7; 19.3; 18.6; 0.7;1875; 0.3; 0.3; 0.3;13; 21.8;F;1;29;On;On;Off; 30.8; 28.5;0;9;1093;9;1093;9;907;1;-
2026/04/19;19:10:07;100;-; 55.27; 0.6;-; 72.2; 71.9; 31.1; 20.0; 11.1;1875; 0.3; 0.4; 0.4;18; 21.8;F;1;29;On;On;Off; 30.8; 30.1;0;9;1093;9;1093;9;907;1;-
2026/04/19;19:11:07;100;-; 55.24; 0.6;-; 72.0; 71.9; 31.9; 20.7; 11.1;1875; 0.5; 0.6; 0.6;24; 21.8;F;1;29;On;On;Off; 31.0; 30.5;0;9;1093;9;1093;9;907;1;-
2026/04/19;19:12:07;100;-; 55.53; 0.3;-; 72.9; 72.4; 17.8; 17.1; 0.7;1876; 0.3; 0.4; 0.4;16; 21.8;F;1;29;On;On;Off; 30.9; 28.7;0;9;1093;9;1093;9;907;1;-
2026/04/19;19:13:07;100;-; 55.35; 0.5;-; 72.3; 72.1; 29.7; 20.8; 8.9;1876; 0.3; 0.4; 0.4;14; 21.8;F;1;29;On;On;Off; 30.8; 29.1;0;9;1093;9;1093;9;907;1;-
2026/04/19;19:14:07;100;-; 55.39; 0.6;-; 72.2; 72.1; 31.9; 23.8; 8.2;1876; 0.4; 0.6; 0.6;24; 21.8;F;1;29;On;On;Off; 30.9; 30.4;0;9;1093;9;1093;9;907;1;-
2026/04/19;19:15:07;100;-; 55.75; 0.1;-; 74.1; 72.2; 6.7; 6.0; 0.7;1876; 0.4; 0.5; 0.5;21; 21.8;F;1;29;On;On;Off; 31.0; 28.9;0;9;1093;9;1093;9;907;1;-
2026/04/19;19:16:06;100;-; 55.55; 0.3;-; 72.5; 72.2; 19.3; 17.9; 1.4;1876; 0.2; 0.3; 0.3;12; 21.8;F;1;29;On;On;Off; 30.8; 28.4;0;9;1093;9;1093;9;907;1;-
2026/04/19;19:17:06;100;-; 54.76; 0.5;-; 71.5; 71.5; 27.9; 17.6; 10.3;1876; 0.3; 0.5; 0.5;16; 21.8;F;1;29;On;On;Off; 30.9; 30.2;0;9;1093;9;1093;9;907;1;-
2026/04/19;19:18:06;100;-; 54.45; 0.3;-; 71.2; 72.0; 16.7; 16.0; 0.7;1876; 0.3; 0.5; 0.5;18; 21.8;F;1;29;On;On;Off; 31.0; 30.0;0;9;1093;9;1093;9;907;1;-
2026/04/19;19:19:06;100;-; 53.93; 0.0;-; 72.6; 71.8; 2.1; 0.7; 1.4;1876;-0.0; 0.1; 0.1;-1; 21.7;F;1;29;On;On;Off; 29.0; 28.4;0;9;1093;9;1093;9;907;1;-
2026/04/19;19:20:06;100;-; 53.76; 0.5;-; 70.2; 71.3; 25.2; 16.6; 8.6;1876;-0.1; 0.1; 0.1;-4; 21.8;F;1;29;On;On;Off; 28.5; 29.5;0;9;1093;9;1093;9;907;1;-
2026/04/19;19:21:06;100;-; 53.79; 0.5;-; 70.2; 70.0; 28.8; 15.8; 13.0;1876; 0.4; 0.5; 0.5;20; 21.8;F;1;29;On;On;Off; 30.5; 30.0;0;9;1093;9;1093;9;907;1;-
2026/04/19;19:22:06;100;-; 53.72; 0.0;-; 72.4; 71.8; 0.7; 0.0; 0.7;1876; 0.1; 0.3; 0.3;7; 21.7;F;1;29;On;On;Off; 29.4; 28.4;0;9;1093;9;1093;9;907;1;-
2026/04/19;19:23:06;100;-; 53.62; 0.2;-; 72.0; 69.8; 12.9; 0.0; 12.9;1876;-0.2; 0.0; 0.0;-8; 21.7;F;1;29;On;On;Off; 28.3; 28.1;0;9;1093;9;1093;9;907;1;-
2026/04/19;19:24:06;100;-; 53.58; 0.4;-; 69.8; 70.8; 23.0; 14.4; 8.6;1876; 0.2; 0.4; 0.4;11; 21.7;F;1;29;On;On;Off; 30.0; 29.7;0;9;1093;9;1093;9;907;1;-
2026/04/19;19:25:06;100;-; 53.58; 0.0;-; 71.7; 71.5; 0.7; 0.0; 0.7;1876; 0.3; 0.4; 0.4;13; 21.7;F;1;29;On;On;Off; 30.4; 28.6;0;9;1093;9;1093;9;907;1;-
2026/04/19;19:26:06;100;-; 53.52; 0.0;-; 71.8; 71.4; 1.4; 0.0; 1.4;1876;-0.1; 0.0; 0.0;-6; 21.7;F;1;29;On;On;Off; 28.3; 27.8;0;9;1093;9;1093;9;907;1;-
2026/04/19;19:27:06;100;-; 53.46; 0.5;-; 69.8; 69.6; 24.4; 12.9; 11.5;1876; 0.0; 0.2; 0.2;0; 21.7;F;1;29;On;On;Off; 29.0; 29.3;0;9;1093;9;1093;9;907;1;-
2026/04/19;19:28:06;100;-; 53.44; 0.2;-; 70.7; 71.2; 10.0; 9.3; 0.7;1876; 0.2; 0.4; 0.4;12; 21.7;F;1;29;On;On;Off; 30.2; 29.6;0;9;1093;9;1093;9;907;1;-
2026/04/19;19:29:06;100;-; 53.44; 0.0;-; 71.3; 71.1; 0.7; 0.0; 0.7;1876;-0.1; 0.1; 0.1;-3; 21.7;F;1;29;On;On;Off; 28.5; 27.9;0;9;1093;9;1093;9;907;1;-
2026/04/19;19:30:06;100;-; 53.40; 0.2;-; 71.3; 69.7; 11.4; 0.7; 10.7;1876;-0.1; 0.1; 0.1;-6; 21.7;F;1;29;On;On;Off; 27.9; 28.7;0;9;1093;9;1093;9;907;1;-
2026/04/19;19:31:05;100;-; 53.36; 0.4;-; 69.6; 69.5; 21.5; 10.7; 10.7;1876; 0.1; 0.4; 0.4;6; 21.7;F;1;29;On;On;Off; 29.8; 29.4;0;9;1093;9;1093;9;907;1;-
2026/04/19;19:32:05;100;-; 53.36; 0.0;-; 71.1; 70.7; 0.7; 0.0; 0.7;1876; 0.0; 0.3; 0.3;1; 21.7;F;1;29;On;On;Off; 29.2; 28.0;0;9;1093;9;1093;9;907;1;-
2026/04/19;19:33:05;100;-; 53.34; 0.1;-; 71.0; 70.8; 5.7; 0.0; 5.7;1876;-0.2; 0.0; 0.0;-8; 21.7;F;1;29;On;On;Off; 27.9; 27.4;0;9;1093;9;1093;9;907;1;-
2026/04/19;19:34:05;100;-; 53.30; 0.4;-; 69.6; 69.4; 20.0; 10.0; 10.0;1876; 0.0; 0.3; 0.3;0; 21.7;F;1;29;On;On;Off; 29.4; 29.2;0;9;1093;9;1093;9;907;1;-
2026/04/19;19:35:05;100;-; 53.26; 0.2;-; 69.5; 70.5; 10.0; 9.3; 0.7;1876; 0.0; 0.3; 0.3;2; 21.7;F;1;29;On;On;Off; 29.9; 28.4;0;9;1093;9;1093;9;907;1;-
2026/04/19;19:36:05;100;-; 53.26; 0.0;-; 70.7; 70.3; 1.4; 0.0; 1.4;1876;-0.1; 0.1; 0.1;-7; 21.7;F;1;29;On;On;Off; 27.9; 27.4;0;9;1093;9;1093;9;907;1;-
2026/04/19;19:37:05;100;-; 53.20; 0.3;-; 69.4; 69.3; 17.1; 8.5; 8.5;1876;-0.1; 0.1; 0.1;-5; 21.7;F;1;29;On;On;Off; 28.2; 28.8;0;9;1093;9;1093;9;907;1;-
2026/04/19;19:38:05;100;-; 53.16; 0.3;-; 69.4; 69.3; 17.0; 8.5; 8.5;1876; 0.0; 0.3; 0.3;0; 21.7;F;1;29;On;On;Off; 29.7; 29.3;0;9;1093;9;1093;9;907;1;-
2026/04/19;19:39:05;100;-; 53.16; 0.0;-; 70.2; 69.9; 0.7; 0.0; 0.7;1876;-0.1; 0.1; 0.1;-6; 21.7;F;1;29;On;On;Off; 28.2; 27.5;0;9;1093;9;1093;9;907;1;-
2026/04/19;19:40:05;100;-; 53.14; 0.2;-; 70.1; 69.2; 8.5; 0.7; 7.8;1876;-0.2; 0.0; 0.0;-8; 21.7;F;1;29;On;On;Off; 27.6; 28.1;0;9;1093;9;1093;9;907;1;-
2026/04/19;19:41:05;100;-; 53.08; 0.3;-; 69.3; 69.2; 14.2; 7.1; 7.1;1876;-0.1; 0.3; 0.3;-4; 21.7;F;1;29;On;On;Off; 29.5; 29.1;0;9;1093;9;1093;9;907;1;-
2026/04/19;19:42:05;100;-; 53.08; 0.0;-; 69.9; 69.5; 1.4; 0.0; 1.4;1876;-0.1; 0.2; 0.2;-6; 21.7;F;1;29;On;On;Off; 29.4; 27.7;0;9;1093;9;1093;9;907;1;-
2026/04/19;19:43:05;100;-; 53.08; 0.0;-; 69.6; 69.4; 0.7; 0.0; 0.7;1876;-0.2; 0.0; 0.0;-9; 21.7;F;1;29;On;On;Off; 27.6; 27.2;0;9;1093;9;1093;9;907;1;-
2026/04/19;19:44:05;99;-; 52.99; 0.2;-; 70.4; 69.0; 9.9; 2.8; 7.1;1876;-0.2; 0.1; 0.1;-8; 21.7;F;1;29;On;On;Off; 28.9; 28.8;0;9;1093;9;1093;9;907;1;-
2026/04/19;19:45:05;99;-; 52.97; 0.1;-; 69.1; 69.1; 7.1; 6.4; 0.7;1876;-0.2; 0.2; 0.2;-9; 21.7;F;1;29;On;On;Off; 29.6; 28.4;0;9;1093;9;1093;9;907;1;-
2026/04/19;19:46:05;99;-; 52.99; 0.0;-; 69.2; 69.1; 1.4; 0.0; 1.4;1876;-0.2; 0.1; 0.1;-9; 21.6;F;1;29;On;On;Off; 27.7; 27.2;0;9;1093;9;1093;9;907;1;-
2026/04/19;19:47:04;99;-; 52.93; 0.2;-; 69.0; 69.0; 11.3; 5.7; 5.7;1876;-0.2; 0.1; 0.1;-9; 21.7;F;1;29;On;On;Off; 27.5; 28.4;0;9;1093;9;1093;9;907;1;-
2026/04/19;19:48:04;99;-; 52.87; 0.2;-; 69.0; 70.1; 8.5; 5.7; 2.8;1876;-0.2; 0.2; 0.2;-11; 21.7;F;1;29;On;On;Off; 29.4; 29.0;0;9;1093;9;1093;9;907;1;-
2026/04/19;19:49:04;99;-; 52.87; 0.0;-; 68.8; 68.5; 1.4; 0.0; 1.4;1876;-0.2; 0.1; 0.1;-11; 21.6;F;1;29;On;On;Off; 28.2; 27.4;0;9;1093;9;1093;9;907;1;-
2026/04/19;19:50:04;99;-; 52.85; 0.0;-; 68.6; 70.1; 2.1; 0.0; 2.1;1876;-0.2; 0.0; 0.0;-8; 21.7;F;1;29;On;On;Off; 27.4; 27.4;0;9;1093;9;1093;9;907;1;-
2026/04/19;19:51:04;99;-; 52.77; 0.2;-; 69.0; 68.7; 9.8; 4.9; 4.9;1876;-0.3; 0.2; 0.2;-13; 21.6;F;1;29;On;On;Off; 29.1; 28.8;0;9;1093;9;1093;9;907;1;-
2026/04/19;19:52:04;99;-; 52.77; 0.0;-; 68.3; 68.0; 0.7; 0.0; 0.7;1876;-0.3; 0.1; 0.1;-14; 21.6;F;1;29;On;On;Off; 29.5; 27.6;0;9;1093;9;1093;9;907;1;-
2026/04/19;19:53:04;99;-; 52.77; 0.0;-; 68.0; 67.8; 0.7; 0.0; 0.7;1876;-0.2; 0.0; 0.0;-10; 21.6;F;1;29;On;On;Off; 27.4; 27.0;0;9;1093;9;1093;9;907;1;-
2026/04/19;19:54:04;99;-; 52.67; 0.1;-; 70.3; 68.6; 4.9; 0.7; 4.2;1876;-0.3; 0.1; 0.1;-12; 21.7;F;1;29;On;On;Off; 28.4; 28.5;0;9;1093;9;1093;9;907;1;-
2026/04/19;19:55:04;99;-; 52.63; 0.1;-; 68.8; 67.3; 4.9; 4.2; 0.7;1876;-0.4; 0.2; 0.2;-18; 21.7;F;1;29;On;On;Off; 29.4; 28.7;0;9;1093;9;1093;9;907;1;-
2026/04/19;19:56:04;99;-; 52.67; 0.0;-; 67.5; 67.0; 1.4; 0.0; 1.4;1876;-0.2; 0.1; 0.1;-11; 21.6;F;1;29;On;On;Off; 27.7; 27.1;0;9;1093;9;1093;9;907;1;-
2026/04/19;19:57:04;99;-; 52.67; 0.1;-; 68.7; 66.8; 4.2; 4.2; 0.0;1876;-0.2; 0.0; 0.0;-8; 21.6;F;1;29;On;On;Off; 27.2; 26.8;0;9;1093;9;1093;9;907;1;-
2026/04/19;19:58:04;99;-; 52.63; 0.1;-; 68.6; 66.6; 4.2; 3.5; 0.7;1876;-0.2; 0.1; 0.1;-12; 21.6;F;1;29;On;On;Off; 28.9; 26.7;0;9;1093;9;1093;9;907;1;-
2026/04/19;19:59:04;99;-; 52.59; 0.0;-; 66.8; 66.4; 0.7; 0.0; 0.7;1876;-0.3; 0.1; 0.1;-13; 21.7;F;1;29;On;On;Off; 28.0; 26.7;0;9;1093;9;1093;9;907;1;-
2026/04/19;20:00:04;99;-; 52.63; 0.0;-; 66.5; 66.2; 1.4; 0.0; 1.4;1876;-0.2; 0.0; 0.0;-9; 21.6;F;1;29;On;On;Off; 27.0; 26.6;0;9;1093;9;1093;9;907;1;-
2026/04/19;20:01:04;99;-; 52.61; 0.0;-; 66.1; 66.0; 0.7; 0.0; 0.7;1876;-0.2; 0.0; 0.0;-9; 21.6;F;1;29;On;On;Off; 26.8; 26.4;0;9;1093;9;1093;9;907;1;-
2026/04/19;20:02:03;99;-; 52.61; 0.0;-; 66.1; 65.6; 0.7; 0.0; 0.7;1876;-0.2; 0.0; 0.0;-9; 21.6;F;1;29;On;On;Off; 26.7; 26.3;0;9;1093;9;1093;9;907;1;-
2026/04/19;20:03:03;99;-; 52.61; 0.0;-; 65.7; 65.4; 0.7; 0.0; 0.7;1876;-0.2; 0.0; 0.0;-9; 21.6;F;1;29;On;On;Off; 26.5; 26.1;0;9;1093;9;1093;9;907;1;-
2026/04/19;20:04:03;99;-; 52.61; 0.0;-; 65.4; 65.2; 1.4; 0.7; 0.7;1876;-0.2; 0.0; 0.0;-9; 21.7;F;1;29;On;On;Off; 26.5; 26.1;0;9;1093;9;1093;9;907;1;-
2026/04/19;20:05:03;99;-; 52.61; 0.0;-; 65.3; 64.7; 0.7; 0.0; 0.7;1876;-0.2; 0.0; 0.0;-8; 21.7;F;1;29;On;On;Off; 26.3; 25.9;0;9;1093;9;1093;9;907;1;-
2026/04/19;20:06:03;99;-; 52.61; 0.0;-; 64.9; 64.5; 1.4; 0.0; 1.4;1876;-0.2; 0.0; 0.0;-9; 21.7;F;1;29;On;On;Off; 26.2; 25.8;0;9;1093;9;1093;9;907;1;-
2026/04/19;20:07:03;99;-; 52.59; 0.0;-; 64.7; 64.2; 1.4; 0.0; 1.4;1876;-0.2; 0.0; 0.0;-9; 21.6;F;1;29;On;On;Off; 26.1; 25.8;0;9;1093;9;1093;9;907;1;-
2026/04/19;20:08:03;99;-; 52.61; 0.0;-; 64.3; 64.0; 0.7; 0.0; 0.7;1876;-0.2; 0.0; 0.0;-9; 21.7;F;1;29;On;On;Off; 26.1; 25.7;0;9;1093;9;1093;9;907;1;-
2026/04/19;20:09:03;99;-; 52.61; 0.0;-; 63.9; 63.6; 1.4; 0.0; 1.4;1876;-0.2; 0.0; 0.0;-9; 21.6;F;1;29;On;On;Off; 26.0; 25.6;0;9;1093;9;1093;9;907;1;-
2026/04/19;20:10:03;99;-; 52.59; 0.0;-; 63.6; 63.2; 2.1; 0.0; 2.1;1876;-0.2; 0.0; 0.0;-9; 21.7;F;1;29;On;On;Off; 25.9; 25.5;0;9;1093;9;1093;9;907;1;-
2026/04/19;20:11:03;99;-; 52.57; 0.0;-; 63.3; 62.8; 0.7; 0.0; 0.7;1876;-0.2; 0.0; 0.0;-9; 21.7;F;1;29;On;On;Off; 25.9; 25.5;0;9;1093;9;1093;9;907;1;-
2026/04/19;20:12:03;99;-; 52.59; 0.0;-; 62.6; 62.2; 0.7; 0.0; 0.7;1877;-0.2; 0.0; 0.0;-9; 21.7;F;1;29;On;On;Off; 25.8; 25.4;0;9;1093;9;1093;9;907;1;-
2026/04/19;20:13:03;99;-; 52.59; 0.0;-; 62.2; 61.8; 0.7; 0.0; 0.7;1877;-0.2; 0.0; 0.0;-9; 21.6;F;1;29;On;On;Off; 25.7; 25.3;0;9;1093;9;1093;9;907;1;-
2026/04/19;20:14:03;99;-; 52.55; 0.0;-; 61.6; 61.2; 0.7; 0.0; 0.7;1877;-0.2; 0.0; 0.0;-9; 21.7;F;1;29;On;On;Off; 25.8; 25.3;0;9;1093;9;1093;9;907;1;-
2026/04/19;20:15:03;99;-; 52.57; 0.0;-; 61.2; 60.7; 1.4; 0.7; 0.7;1877;-0.2; 0.0; 0.0;-9; 21.6;F;1;29;On;On;Off; 25.6; 25.2;0;9;1093;9;1093;9;907;1;-
2026/04/19;20:16:03;99;-; 52.57; 0.0;-; 60.7; 60.2; 0.7; 0.0; 0.7;1877;-0.2; 0.0; 0.0;-9; 21.6;F;1;29;On;On;Off; 25.5; 25.1;0;9;1093;9;1093;9;907;1;-
2026/04/19;20:17:02;99;-; 52.57; 0.0;-; 60.1; 59.5; 0.7; 0.0; 0.7;1877;-0.2; 0.0; 0.0;-9; 21.6;F;1;29;On;On;Off; 25.5; 25.1;0;9;1093;9;1093;9;907;1;-
2026/04/19;20:18:02;99;-; 52.55; 0.0;-; 59.4; 58.9; 1.4; 0.7; 0.7;1877;-0.2; 0.0; 0.0;-9; 21.7;F;1;29;On;On;Off; 25.4; 25.0;0;9;1093;9;1093;9;907;1;-
2026/04/19;20:19:02;99;-; 52.55; 0.0;-; 58.9; 58.0; 0.7; 0.0; 0.7;1877;-0.2; 0.0; 0.0;-9; 21.7;F;1;29;On;On;Off; 25.3; 25.0;0;9;1093;9;1093;9;907;1;-
2026/04/19;20:20:02;99;-; 52.53; 0.0;-; 58.2; 57.4; 1.4; 0.7; 0.7;1877;-0.2; 0.0; 0.0;-9; 21.7;F;1;29;On;On;Off; 25.3; 24.9;0;9;1093;9;1093;9;907;1;-
2026/04/19;20:21:02;99;-; 52.53; 0.0;-; 57.8; 57.2; 0.0;-;-;1877;-0.2; 0.0; 0.0;-8; 21.6;F;1;29;On;On;Off; 25.2; 24.9;0;9;1093;9;1093;9;907;0;-
2026/04/19;20:22:02;99;-; 52.53; 0.0;-; 57.2; 56.5; 0.0;-;-;1877;-0.2; 0.0; 0.0;-8; 21.7;F;1;29;On;On;Off; 25.1; 24.8;0;9;1093;9;1093;9;907;0;-
2026/04/19;20:23:02;99;-; 52.55; 0.0;-; 56.5; 55.8; 0.0;-;-;1877;-0.2; 0.0; 0.0;-8; 21.6;F;1;29;On;On;Off; 25.0; 24.7;0;9;1093;9;1093;9;907;0;-
2026/04/19;20:24:02;99;-; 52.55; 0.0;-; 55.9; 54.9; 0.0;-;-;1877;-0.2; 0.0; 0.0;-9; 21.7;F;1;29;On;On;Off; 25.0; 24.7;0;9;1093;9;1093;9;907;0;-
2026/04/19;20:25:02;99;-; 52.55; 0.0;-; 55.0; 54.3; 0.0;-;-;1877;-0.2; 0.0; 0.0;-8; 21.6;F;1;29;On;On;Off; 24.9; 24.6;0;9;1093;9;1093;9;907;0;-
2026/04/19;20:26:02;99;-; 52.55; 0.0;-; 54.4; 53.3; 0.0;-;-;1877;-0.2; 0.0; 0.0;-8; 21.7;F;1;29;On;On;Off; 24.9; 24.6;0;9;1093;9;1093;9;907;0;-
2026/04/19;20:27:02;99;-; 52.55; 0.0;-; 53.6; 52.6; 0.0;-;-;1877;-0.2; 0.0; 0.0;-9; 21.7;F;1;29;On;On;Off; 24.8; 24.5;0;9;1093;9;1093;9;907;0;-
2026/04/19;20:28:02;99;-; 52.55; 0.0;-; 52.8; 51.7; 0.0;-;-;1877;-0.2; 0.0; 0.0;-8; 21.7;F;1;29;On;On;Off; 24.7; 24.4;0;9;1093;9;1093;9;907;0;-
2026/04/19;20:29:02;99;-; 52.53; 0.0;-; 52.0; 50.8; 0.0;-;-;1877;-0.2; 0.0; 0.0;-8; 21.7;F;1;29;On;On;Off; 24.7; 24.4;0;9;1093;9;1093;9;907;0;-
2026/04/19;20:30:02;99;-; 52.55; 0.0;-; 51.0; 49.7; 0.0;-;-;1877;-0.2; 0.0; 0.0;-9; 21.7;F;1;29;On;On;Off; 24.6; 24.3;0;9;1093;9;1093;9;907;0;-
2026/04/19;20:31:02;99;-; 52.55; 0.0;-; 50.0; 48.8; 0.0;-;-;1877;-0.2; 0.0; 0.0;-8; 21.7;F;1;29;On;On;Off; 24.6; 24.3;0;9;1093;9;1093;9;907;0;-
2026/04/19;20:32:01;99;-; 52.53; 0.0;-; 49.0; 47.8; 0.0;-;-;1877;-0.2; 0.0; 0.0;-8; 21.7;F;1;29;On;On;Off; 24.5; 24.3;0;9;1093;9;1093;9;907;0;-
2026/04/19;20:33:01;99;-; 52.53; 0.0;-; 48.2; 46.8; 0.0;-;-;1877;-0.2; 0.0; 0.0;-9; 21.6;F;1;29;On;On;Off; 24.5; 24.2;0;9;1093;9;1093;9;907;0;-
2026/04/19;20:34:01;99;-; 52.53; 0.0;-; 47.2; 45.8; 0.0;-;-;1877;-0.2; 0.0; 0.0;-9; 21.7;F;1;29;On;On;Off; 24.4; 24.2;0;9;1093;9;1093;9;907;0;-
2026/04/19;20:35:01;99;-; 52.53; 0.0;-; 46.1; 44.5; 0.0;-;-;1877;-0.2; 0.0; 0.0;-9; 21.6;F;1;29;On;On;Off; 24.4; 24.1;0;9;1093;9;1093;9;907;0;-
2026/04/19;20:36:01;99;-; 52.51; 0.0;-; 45.0; 43.5; 0.0;-;-;1877;-0.2; 0.0; 0.0;-8; 21.7;F;1;29;On;On;Off; 24.3; 24.1;0;9;1093;9;1093;9;907;0;-
2026/04/19;20:37:01;99;-; 52.51; 0.0;-; 44.0; 42.4; 0.0;-;-;1877;-0.2; 0.0; 0.0;-8; 21.7;F;1;29;On;On;Off; 24.3; 24.0;0;9;1093;9;1093;9;907;0;-
2026/04/19;20:38:01;99;-; 52.53; 0.0;-; 42.9; 41.3; 0.0;-;-;1877;-0.2; 0.0; 0.0;-8; 21.7;F;1;29;On;On;Off; 24.3; 24.0;0;9;1093;9;1093;9;907;0;-
2026/04/19;20:39:01;99;-; 52.53; 0.0;-; 41.8; 40.3; 0.0;-;-;1877;-0.2; 0.0; 0.0;-9; 21.7;F;1;29;On;On;Off; 24.2; 24.0;0;9;1093;9;1093;9;907;0;-
2026/04/19;20:40:01;99;-; 52.53; 0.0;-; 40.8; 39.2; 0.0;-;-;1877;-0.2; 0.0; 0.0;-9; 21.7;F;1;29;On;On;Off; 24.2; 23.9;0;9;1093;9;1093;9;907;0;-
2026/04/19;20:41:01;99;-; 52.53; 0.0;-; 39.6; 38.1; 0.0;-;-;1877;-0.2; 0.0; 0.0;-9; 21.7;F;1;29;On;On;Off; 24.2; 23.9;0;9;1093;9;1093;9;907;0;-
2026/04/19;20:42:01;99;-; 52.53; 0.0;-; 38.5; 36.9; 0.0;-;-;1877;-0.2; 0.0; 0.0;-9; 21.6;F;1;29;On;On;Off; 24.1; 23.9;0;9;1093;9;1093;9;907;0;-
2026/04/19;20:43:01;99;-; 52.53; 0.0;-; 38.1; 36.1; 0.0;-;-;1877;-0.2; 0.0; 0.0;-9; 21.7;F;1;29;On;On;Off; 24.1; 23.8;0;9;1093;9;1093;9;907;0;-
2026/04/19;20:44:01;99;-; 52.53; 0.0;-; 36.5; 34.9; 0.0;-;-;1877;-0.2; 0.0; 0.0;-8; 21.7;F;1;29;On;On;Off; 24.1; 23.8;0;9;1093;9;1093;9;907;0;-
2026/04/19;20:45:01;99;-; 52.53; 0.0;-; 35.2; 33.9; 0.0;-;-;1877;-0.2; 0.0; 0.0;-9; 21.7;F;1;29;On;On;Off; 24.0; 23.8;0;9;1093;9;1093;9;907;0;-
2026/04/19;20:46:01;99;-; 52.53; 0.0;-; 34.1; 32.9; 0.0;-;-;1877;-0.2; 0.0; 0.0;-10; 21.6;F;1;29;On;On;Off; 24.0; 23.8;0;9;1093;9;1093;9;907;0;-
2026/04/19;20:47:01;99;-; 52.51; 0.0;-; 33.1; 31.9; 0.0;-;-;1877;-0.2; 0.0; 0.0;-9; 21.6;F;1;29;On;On;Off; 24.0; 23.7;0;9;1093;9;1093;9;907;0;-
2026/04/19;20:48:00;99;-; 52.51; 0.0;-; 32.0; 30.8; 0.0;-;-;1877;-0.2; 0.0; 0.0;-9; 21.6;F;1;29;On;On;Off; 24.0; 23.7;0;9;1093;9;1093;9;907;0;-
2026/04/19;20:49:00;99;-; 52.51; 0.0;-; 30.9; 29.9; 0.0;-;-;1877;-0.2; 0.0; 0.0;-9; 21.6;F;1;29;On;On;Off; 23.9; 23.7;0;9;1093;9;1093;9;907;0;-
2026/04/19;20:50:00;99;-; 52.51; 0.0;-; 29.9; 28.7; 0.0;-;-;1877;-0.2; 0.0; 0.0;-9; 21.6;F;1;29;On;On;Off; 23.9; 23.6;0;9;1093;9;1093;9;907;0;-
2026/04/19;20:51:00;99;-; 52.51; 0.0;-; 28.9; 27.8; 0.0;-;-;1877;-0.2; 0.0; 0.0;-9; 21.6;F;1;29;On;On;Off; 23.9; 23.6;0;9;1093;9;1093;9;907;0;-
2026/04/19;20:52:00;99;-; 52.51; 0.0;-; 27.7; 26.8; 0.0;-;-;1877;-0.2; 0.0; 0.0;-9; 21.6;F;1;29;On;On;Off; 23.8; 23.6;0;9;1093;9;1093;9;907;0;-
2026/04/19;20:53:00;99;-; 52.51; 0.0;-; 26.7; 25.8; 0.0;-;-;1877;-0.2; 0.0; 0.0;-9; 21.6;F;1;29;On;On;Off; 23.8; 23.5;0;9;1093;9;1093;9;907;0;-
2026/04/19;20:54:00;99;-; 52.51; 0.0;-; 25.8; 24.9; 0.0;-;-;1877;-0.2; 0.0; 0.0;-9; 21.6;F;1;29;On;On;Off; 23.8; 23.5;0;9;1093;9;1093;9;907;0;-
2026/04/19;20:55:00;99;-; 52.51; 0.0;-; 24.8; 24.0; 0.0;-;-;1877;-0.2; 0.0; 0.0;-9; 21.6;F;1;29;On;On;Off; 23.8; 23.5;0;9;1093;9;1093;9;907;0;-
2026/04/19;20:56:00;99;-; 52.51; 0.0;-; 23.9; 23.1; 0.0;-;-;1877;-0.2; 0.0; 0.0;-9; 21.6;F;1;29;On;On;Off; 23.8; 23.5;0;9;1093;9;1093;9;907;0;-
2026/04/19;20:57:00;99;-; 52.51; 0.0;-; 23.0; 22.2; 0.0;-;-;1877;-0.2; 0.0; 0.0;-9; 21.6;F;1;29;On;On;Off; 23.7; 23.5;0;9;1093;9;1093;9;907;0;-
2026/04/19;20:58:00;99;-; 52.51; 0.0;-; 22.2; 21.6; 0.0;-;-;1877;-0.2; 0.0; 0.0;-9; 21.6;F;1;29;On;On;Off; 23.7; 23.4;0;9;1093;9;1093;9;907;0;-
2026/04/19;20:59:00;99;-; 52.49; 0.0;-; 21.4; 20.8; 0.0;-;-;1877;-0.2; 0.0; 0.0;-9; 21.6;F;1;29;On;On;Off; 23.7; 23.4;0;9;1093;9;1093;9;907;0;-
2026/04/19;21:00:00;99;-; 52.49; 0.0;-; 20.5; 20.2; 0.0;-;-;1877;-0.2; 0.0; 0.0;-9; 21.6;F;1;29;On;On;Off; 23.7; 23.4;0;9;1093;9;1093;9;907;0;-
2026/04/19;21:01:00;99;-; 52.49; 0.0;-; 19.7; 19.5; 0.0;-;-;1877;-0.2; 0.0; 0.0;-9; 21.6;F;1;29;On;On;Off; 23.7; 23.4;0;9;1093;9;1093;9;907;0;-
2026/04/19;21:02:00;99;-; 52.49; 0.0;-; 19.0; 18.9; 0.0;-;-;1877;-0.2; 0.0; 0.0;-9; 21.6;F;1;29;On;On;Off; 23.6; 23.3;0;9;1093;9;1093;9;907;0;-
2026/04/19;21:02:59;99;-; 52.49; 0.0;-; 18.4; 18.2; 0.0;-;-;1877;-0.2; 0.0; 0.0;-9; 21.6;F;1;29;On;On;Off; 23.6; 23.3;0;9;1093;9;1093;9;907;0;-
2026/04/19;21:03:59;99;-; 52.47; 0.0;-; 17.8; 17.8; 0.0;-;-;1877;-0.2; 0.0; 0.0;-9; 21.6;F;1;29;On;On;Off; 23.6; 23.3;0;9;1093;9;1093;9;907;0;-
2026/04/19;21:04:59;99;-; 52.49; 0.0;-; 17.2; 17.0; 0.0;-;-;1877;-0.2; 0.0; 0.0;-9; 21.6;F;1;29;On;On;Off; 23.6; 23.3;0;9;1093;9;1093;9;907;0;-
2026/04/19;21:05:59;99;-; 52.47; 0.0;-; 16.7; 16.6; 0.0;-;-;1877;-0.2; 0.0; 0.0;-8; 21.6;F;1;29;On;On;Off; 23.5; 23.3;0;9;1093;9;1093;9;907;0;-
2026/04/19;21:06:59;99;-; 52.47; 0.0;-; 16.2; 16.2; 0.0;-;-;1877;-0.2; 0.0; 0.0;-9; 21.6;F;1;29;On;On;Off; 23.5; 23.3;0;9;1093;9;1093;9;907;0;-
2026/04/19;21:07:59;99;-; 52.49; 0.0;-; 15.6; 15.7; 0.0;-;-;1877;-0.2; 0.0; 0.0;-9; 21.6;F;1;29;On;On;Off; 23.5; 23.2;0;9;1093;9;1093;9;907;0;-
2026/04/19;21:08:59;99;-; 52.47; 0.0;-; 15.3; 15.4; 0.0;-;-;1877;-0.2; 0.0; 0.0;-9; 21.6;F;1;29;On;On;Off; 23.5; 23.2;0;9;1093;9;1093;9;907;0;-
2026/04/19;21:09:59;99;-; 52.47; 0.0;-; 14.7; 14.8; 0.0;-;-;1877;-0.2; 0.0; 0.0;-9; 21.6;F;1;29;On;On;Off; 23.5; 23.2;0;9;1093;9;1093;9;907;0;-
2026/04/19;21:10:59;99;-; 52.49; 0.0;-; 14.3; 14.6; 0.0;-;-;1877;-0.2; 0.0; 0.0;-9; 21.6;F;1;29;On;On;Off; 23.5; 23.2;0;9;1093;9;1093;9;907;0;-
2026/04/19;21:11:59;99;-; 52.49; 0.0;-; 13.9; 14.2; 0.0;-;-;1878;-0.2; 0.0; 0.0;-8; 21.6;F;1;29;On;On;Off; 23.5; 23.2;0;9;1093;9;1093;9;907;0;-
2026/04/19;21:12:59;99;-; 52.47; 0.0;-; 13.6; 14.0; 0.0;-;-;1878;-0.2; 0.0; 0.0;-9; 21.6;F;1;29;On;On;Off; 23.4; 23.2;0;9;1093;9;1093;9;907;0;-
2026/04/19;21:13:59;99;-; 52.47; 0.0;-; 13.1; 13.6; 0.0;-;-;1878;-0.2; 0.0; 0.0;-9; 21.6;F;1;29;On;On;Off; 23.4; 23.1;0;9;1093;9;1093;9;907;0;-
2026/04/19;21:14:59;99;-; 52.45; 0.0;-; 12.9; 13.4; 0.0;-;-;1878;-0.2; 0.0; 0.0;-8; 21.6;F;1;29;On;On;Off; 23.4; 23.1;0;9;1093;9;1093;9;907;0;-
2026/04/19;21:15:59;99;-; 52.45; 0.0;-; 12.6; 13.2; 0.0;-;-;1878;-0.2; 0.0; 0.0;-8; 21.6;F;1;29;On;On;Off; 23.4; 23.1;0;9;1093;9;1093;9;907;0;-
2026/04/19;21:16:59;99;-; 52.47; 0.0;-; 12.3; 13.0; 0.0;-;-;1878;-0.2; 0.0; 0.0;-9; 21.6;F;1;29;On;On;Off; 23.4; 23.1;0;9;1093;9;1093;9;907;0;-
2026/04/19;21:17:59;99;-; 52.45; 0.0;-; 12.2; 12.8; 0.0;-;-;1878;-0.2; 0.0; 0.0;-9; 21.6;F;1;29;On;On;Off; 23.4; 23.1;0;9;1093;9;1093;9;907;0;-
2026/04/19;21:18:58;99;-; 52.47; 0.0;-; 12.0; 12.5; 0.0;-;-;1878;-0.2; 0.0; 0.0;-8; 21.6;F;1;29;On;On;Off; 23.3; 23.0;0;9;1093;9;1093;9;907;0;-
2026/04/19;21:19:58;99;-; 52.47; 0.0;-; 11.7; 12.4; 0.0;-;-;1878;-0.2; 0.0; 0.0;-9; 21.6;F;1;29;On;On;Off; 23.3; 23.0;0;9;1093;9;1093;9;907;0;-
2026/04/19;21:20:58;99;-; 52.47; 0.0;-; 11.6; 12.4; 0.0;-;-;1878;-0.2; 0.0; 0.0;-9; 21.6;F;1;29;On;On;Off; 23.3; 23.0;0;9;1093;9;1093;9;907;0;-
2026/04/19;21:21:58;99;-; 52.47; 0.0;-; 11.4; 12.1; 0.0;-;-;1878;-0.2; 0.0; 0.0;-9; 21.6;F;1;29;On;On;Off; 23.3; 23.0;0;9;1093;9;1093;9;907;0;-
2026/04/19;21:22:58;99;-; 52.47; 0.0;-; 11.2; 11.9; 0.0;-;-;1878;-0.2; 0.0; 0.0;-8; 21.6;F;1;29;On;On;Off; 23.3; 23.0;0;9;1093;9;1093;9;907;0;-
2026/04/19;21:23:58;98;-; 52.47; 0.0;-; 11.1; 11.8; 0.0;-;-;1878;-0.2; 0.0; 0.0;-9; 21.6;F;1;29;On;On;Off; 23.3; 23.0;0;9;1093;9;1093;9;907;0;-
2026/04/19;21:24:58;98;-; 52.47; 0.0;-; 11.0; 11.6; 0.0;-;-;1878;-0.2; 0.0; 0.0;-9; 21.6;F;1;29;On;On;Off; 23.3; 23.0;0;9;1093;9;1093;9;907;0;-
2026/04/19;21:25:58;98;-; 52.47; 0.0;-; 10.9; 11.7; 0.0;-;-;1878;-0.2; 0.0; 0.0;-9; 21.6;F;1;29;On;On;Off; 23.2; 23.0;0;9;1093;9;1093;9;907;0;-
2026/04/19;21:26:58;98;-; 52.45; 0.0;-; 10.7; 11.5; 0.0;-;-;1878;-0.2; 0.0; 0.0;-9; 21.6;F;1;29;On;On;Off; 23.2; 23.0;0;9;1093;9;1093;9;907;0;-
2026/04/19;21:27:58;98;-; 52.45; 0.0;-; 10.6; 11.4; 0.0;-;-;1878;-0.2; 0.0; 0.0;-9; 21.6;F;1;29;On;On;Off; 23.2; 23.0;0;9;1093;9;1093;9;907;0;-
2026/04/19;21:28:58;98;-; 52.43; 0.0;-; 10.4; 11.2; 0.0;-;-;1878;-0.2; 0.0; 0.0;-9; 21.6;F;1;29;On;On;Off; 23.2; 22.9;0;9;1093;9;1093;9;907;0;-
2026/04/19;21:29:58;98;-; 52.43; 0.0;-; 10.4; 11.4; 0.0;-;-;1878;-0.2; 0.0; 0.0;-9; 21.6;F;1;29;On;On;Off; 23.2; 22.9;0;9;1093;9;1093;9;907;0;-
2026/04/19;21:30:58;98;-; 52.45; 0.0;-; 10.4; 11.2; 0.0;-;-;1878;-0.2; 0.0; 0.0;-9; 21.6;F;1;29;On;On;Off; 23.2; 22.9;0;9;1093;9;1093;9;907;0;-
2026/04/19;21:31:58;98;-; 52.43; 0.0;-; 10.2; 11.2; 0.0;-;-;1878;-0.2; 0.0; 0.0;-9; 21.6;F;1;29;On;On;Off; 23.2; 22.9;0;9;1093;9;1093;9;907;0;-
2026/04/19;21:32:58;98;-; 52.45; 0.0;-; 10.2; 11.1; 0.0;-;-;1878;-0.2; 0.0; 0.0;-9; 21.6;F;1;29;On;On;Off; 23.2; 22.9;0;9;1093;9;1093;9;907;0;-
2026/04/19;21:33:58;98;-; 52.45; 0.0;-; 10.2; 10.9; 0.0;-;-;1878;-0.2; 0.0; 0.0;-9; 21.6;F;1;29;On;On;Off; 23.2; 22.9;0;9;1093;9;1093;9;907;0;-
2026/04/19;21:34:57;98;-; 52.45; 0.0;-; 10.0; 11.0; 0.0;-;-;1878;-0.2; 0.0; 0.0;-8; 21.6;F;1;29;On;On;Off; 23.2; 22.9;0;9;1093;9;1093;9;907;0;-
2026/04/19;21:35:57;98;-; 52.45; 0.0;-; 10.1; 10.8; 0.0;-;-;1878;-0.2; 0.0; 0.0;-8; 21.6;F;1;29;On;On;Off; 23.2; 22.9;0;9;1093;9;1093;9;907;0;-
2026/04/19;21:36:57;98;-; 52.45; 0.0;-; 10.0; 10.9; 0.0;-;-;1878;-0.2; 0.0; 0.0;-9; 21.6;F;1;29;On;On;Off; 23.2; 22.9;0;9;1093;9;1093;9;907;0;-
2026/04/19;21:37:57;98;-; 52.45; 0.0;-; 10.0; 10.8; 0.0;-;-;1878;-0.2; 0.0; 0.0;-8; 21.6;F;1;29;On;On;Off; 23.2; 22.9;0;9;1093;9;1093;9;907;0;-
2026/04/19;21:38:57;98;-; 52.45; 0.0;-; 9.9; 10.8; 0.0;-;-;1878;-0.2; 0.0; 0.0;-9; 21.6;F;1;29;On;On;Off; 23.2; 22.9;0;9;1093;9;1093;9;907;0;-
2026/04/19;21:39:57;98;-; 52.43; 0.0;-; 9.8; 10.7; 0.0;-;-;1878;-0.2; 0.0; 0.0;-8; 21.6;F;1;29;On;On;Off; 23.1; 22.9;0;9;1093;9;1093;9;907;0;-
2026/04/19;21:40:57;98;-; 52.43; 0.0;-; 9.7; 10.7; 0.0;-;-;1878;-0.2; 0.0; 0.0;-8; 21.6;F;1;29;On;On;Off; 23.1; 22.9;0;9;1093;9;1093;9;907;0;-
2026/04/19;21:41:57;98;-; 52.41; 0.0;-; 9.7; 10.8; 0.0;-;-;1878;-0.2; 0.0; 0.0;-8; 21.6;F;1;29;On;On;Off; 23.1; 22.8;0;9;1093;9;1093;9;907;0;-
2026/04/19;21:42:57;98;-; 52.43; 0.0;-; 9.9; 10.8; 0.0;-;-;1878;-0.2; 0.0; 0.0;-8; 21.6;F;1;29;On;On;Off; 23.1; 22.9;0;9;1093;9;1093;9;907;0;-
2026/04/19;21:43:57;98;-; 52.43; 0.0;-; 9.8; 10.6; 0.0;-;-;1878;-0.2; 0.0; 0.0;-9; 21.6;F;1;29;On;On;Off; 23.1; 22.8;0;9;1093;9;1093;9;907;0;-
2026/04/19;21:44:57;98;-; 52.41; 0.0;-; 9.8; 10.7; 0.0;-;-;1878;-0.2; 0.0; 0.0;-9; 21.6;F;1;29;On;On;Off; 23.1; 22.8;0;9;1093;9;1093;9;907;0;-
2026/04/19;21:45:57;98;-; 52.41; 0.0;-; 9.7; 10.7; 0.0;-;-;1878;-0.2; 0.0; 0.0;-8; 21.6;F;1;29;On;On;Off; 23.1; 22.8;0;9;1093;9;1093;9;907;0;-
2026/04/19;21:46:57;98;-; 52.43; 0.0;-; 9.8; 10.7; 0.0;-;-;1878;-0.2; 0.0; 0.0;-8; 21.6;F;1;29;On;On;Off; 23.1; 22.8;0;9;1093;9;1093;9;907;0;-
2026/04/19;21:47:57;98;-; 52.41; 0.0;-; 9.7; 10.5; 0.0;-;-;1878;-0.2; 0.0; 0.0;-8; 21.6;F;1;29;On;On;Off; 23.1; 22.8;0;9;1093;9;1093;9;907;0;-
2026/04/19;21:48:57;98;-; 52.43; 0.0;-; 9.7; 10.6; 0.0;-;-;1878;-0.2; 0.0; 0.0;-9; 21.6;F;1;29;On;On;Off; 23.1; 22.8;0;9;1093;9;1093;9;907;0;-
2026/04/19;21:49:56;98;-; 52.43; 0.0;-; 9.6; 10.6; 0.0;-;-;1878;-0.2; 0.0; 0.0;-9; 21.6;F;1;29;On;On;Off; 23.1; 22.8;0;9;1093;9;1093;9;907;0;-
2026/04/19;21:50:56;98;-; 52.43; 0.0;-; 9.7; 10.4; 0.0;-;-;1878;-0.2; 0.0; 0.0;-9; 21.6;F;1;29;On;On;Off; 23.1; 22.8;0;9;1093;9;1093;9;907;0;-
2026/04/19;21:51:56;98;-; 52.41; 0.0;-; 9.6; 10.6; 0.0;-;-;1878;-0.2; 0.0; 0.0;-9; 21.6;F;1;29;On;On;Off; 23.1; 22.8;0;9;1093;9;1093;9;907;0;-
2026/04/19;21:52:56;98;-; 52.43; 0.0;-; 9.7; 10.5; 0.0;-;-;1878;-0.2; 0.0; 0.0;-8; 21.6;F;1;29;On;On;Off; 23.1; 22.8;0;9;1093;9;1093;9;907;0;-
2026/04/19;21:53:56;98;-; 52.43; 0.0;-; 9.6; 10.6; 0.0;-;-;1878;-0.2; 0.0; 0.0;-8; 21.6;F;1;29;On;On;Off; 23.1; 22.8;0;9;1093;9;1093;9;907;0;-
2026/04/19;21:54:56;98;-; 52.41; 0.0;-; 9.6; 10.6; 0.0;-;-;1878;-0.2; 0.0; 0.0;-8; 21.6;F;1;29;On;On;Off; 23.0; 22.8;0;9;1093;9;1093;9;907;0;-
2026/04/19;21:55:56;98;-; 52.43; 0.0;-; 9.5; 10.4; 0.0;-;-;1878;-0.2; 0.0; 0.0;-8; 21.6;F;1;29;On;On;Off; 23.0; 22.8;0;9;1093;9;1093;9;907;0;-
2026/04/19;21:56:56;98;-; 52.41; 0.0;-; 9.6; 10.4; 0.0;-;-;1878;-0.2; 0.0; 0.0;-8; 21.6;F;1;29;On;On;Off; 23.0; 22.8;0;9;1093;9;1093;9;907;0;-
2026/04/19;21:57:56;98;-; 52.39; 0.0;-; 9.5; 10.4; 0.0;-;-;1878;-0.2; 0.0; 0.0;-9; 21.6;F;1;29;On;On;Off; 23.0; 22.8;0;9;1093;9;1093;9;907;0;-
2026/04/19;21:58:56;98;-; 52.41; 0.0;-; 9.6; 10.6; 0.0;-;-;1878;-0.2; 0.0; 0.0;-8; 21.6;F;1;29;On;On;Off; 23.0; 22.8;0;9;1093;9;1093;9;907;0;-
2026/04/19;21:59:56;98;-; 52.39; 0.0;-; 9.5; 10.5; 0.0;-;-;1878;-0.2; 0.0; 0.0;-8; 21.6;F;1;29;On;On;Off; 23.0; 22.8;0;9;1093;9;1093;9;907;0;-
2026/04/19;22:00:56;98;-; 52.41; 0.0;-; 9.5; 10.5; 0.0;-;-;1878;-0.2; 0.0; 0.0;-9; 21.6;F;1;29;On;On;Off; 23.0; 22.7;0;9;1093;9;1093;9;907;0;-
2026/04/19;22:01:56;98;-; 52.39; 0.0;-; 9.5; 10.4; 0.0;-;-;1878;-0.2; 0.0; 0.0;-9; 21.6;F;1;29;On;On;Off; 23.0; 22.7;0;9;1093;9;1093;9;907;0;-
2026/04/19;22:02:56;98;-; 52.41; 0.0;-; 9.5; 10.5; 0.0;-;-;1878;-0.2; 0.0; 0.0;-9; 21.6;F;1;29;On;On;Off; 23.0; 22.7;0;9;1093;9;1093;9;907;0;-
2026/04/19;22:03:56;98;-; 52.41; 0.0;-; 9.5; 10.4; 0.0;-;-;1878;-0.2; 0.0; 0.0;-9; 21.6;F;1;29;On;On;Off; 23.0; 22.7;0;9;1093;9;1093;9;907;0;-
2026/04/19;22:04:56;98;-; 52.41; 0.0;-; 9.6; 10.5; 0.0;-;-;1878;-0.2; 0.0; 0.0;-9; 21.6;F;1;29;On;On;Off; 23.0; 22.7;0;9;1093;9;1093;9;907;0;-
2026/04/19;22:05:55;98;-; 52.39; 0.0;-; 9.5; 10.4; 0.0;-;-;1878;-0.2; 0.0; 0.0;-9; 21.6;F;1;29;On;On;Off; 23.0; 22.7;0;9;1093;9;1093;9;907;0;-
2026/04/19;22:06:55;98;-; 52.41; 0.0;-; 9.5; 10.4; 0.0;-;-;1878;-0.2; 0.0; 0.0;-8; 21.6;F;1;29;On;On;Off; 23.0; 22.7;0;9;1093;9;1093;9;907;0;-
2026/04/19;22:07:55;98;-; 52.41; 0.0;-; 9.5; 10.4; 0.0;-;-;1878;-0.2; 0.0; 0.0;-8; 21.6;F;1;29;On;On;Off; 23.0; 22.7;0;9;1093;9;1093;9;907;0;-
2026/04/19;22:08:55;98;-; 52.41; 0.0;-; 9.5; 10.5; 0.0;-;-;1878;-0.2; 0.0; 0.0;-8; 21.6;F;1;29;On;On;Off; 23.0; 22.7;0;9;1093;9;1093;9;907;0;-
2026/04/19;22:09:55;98;-; 52.41; 0.0;-; 9.5; 10.3; 0.0;-;-;1878;-0.2; 0.0; 0.0;-9; 21.6;F;1;29;On;On;Off; 23.0; 22.7;0;9;1093;9;1093;9;907;0;-
2026/04/19;22:10:55;98;-; 52.39; 0.0;-; 9.4; 10.5; 0.0;-;-;1878;-0.2; 0.0; 0.0;-9; 21.6;F;1;29;On;On;Off; 23.0; 22.7;0;9;1093;9;1093;9;907;0;-
2026/04/19;22:11:55;98;-; 52.39; 0.0;-; 9.5; 10.4; 0.0;-;-;1879;-0.2; 0.0; 0.0;-9; 21.6;F;1;29;On;On;Off; 23.0; 22.7;0;9;1093;9;1093;9;907;0;-
2026/04/19;22:12:55;98;-; 52.39; 0.0;-; 9.4; 10.4; 0.0;-;-;1879;-0.2; 0.0; 0.0;-9; 21.6;F;1;29;On;On;Off; 22.9; 22.7;0;9;1093;9;1093;9;907;0;-
2026/04/19;22:13:55;98;-; 52.39; 0.0;-; 9.5; 10.3; 0.0;-;-;1879;-0.2; 0.0; 0.0;-9; 21.6;F;1;29;On;On;Off; 22.9; 22.7;0;9;1093;9;1093;9;907;0;-
2026/04/19;22:14:55;98;-; 52.39; 0.0;-; 9.5; 10.4; 0.0;-;-;1879;-0.2; 0.0; 0.0;-9; 21.6;F;1;29;On;On;Off; 22.9; 22.7;0;9;1093;9;1093;9;907;0;-
2026/04/19;22:15:55;98;-; 52.39; 0.0;-; 9.5; 10.4; 0.0;-;-;1879;-0.2; 0.0; 0.0;-8; 21.6;F;1;29;On;On;Off; 22.9; 22.7;0;9;1093;9;1093;9;907;0;-
2026/04/19;22:16:55;98;-; 52.39; 0.0;-; 9.4; 10.4; 0.0;-;-;1879;-0.2; 0.0; 0.0;-8; 21.6;F;1;29;On;On;Off; 22.9; 22.6;0;9;1093;9;1093;9;907;0;-
2026/04/19;22:17:55;98;-; 52.39; 0.0;-; 9.5; 10.3; 0.0;-;-;1879;-0.2; 0.0; 0.0;-8; 21.6;F;1;29;On;On;Off; 22.9; 22.6;0;9;1093;9;1093;9;907;0;-
2026/04/19;22:18:55;98;-; 52.39; 0.0;-; 9.5; 10.3; 0.0;-;-;1879;-0.2; 0.0; 0.0;-9; 21.6;F;1;29;On;On;Off; 22.9; 22.6;0;9;1093;9;1093;9;907;0;-
2026/04/19;22:19:55;98;-; 52.37; 0.0;-; 9.5; 10.3; 0.0;-;-;1879;-0.2; 0.0; 0.0;-8; 21.6;F;1;29;On;On;Off; 22.9; 22.6;0;9;1093;9;1093;9;907;0;-
2026/04/19;22:20:55;98;-; 52.37; 0.0;-; 9.4; 10.4; 0.0;-;-;1879;-0.2; 0.0; 0.0;-8; 21.6;F;1;29;On;On;Off; 22.9; 22.6;0;9;1093;9;1093;9;907;0;-
2026/04/19;22:21:54;98;-; 52.37; 0.0;-; 9.5; 10.4; 0.0;-;-;1879;-0.2; 0.0; 0.0;-8; 21.6;F;1;29;On;On;Off; 22.9; 22.6;0;9;1093;9;1093;9;907;0;-
2026/04/19;22:22:54;98;-; 52.39; 0.0;-; 9.5; 10.4; 0.0;-;-;1879;-0.2; 0.0; 0.0;-9; 21.6;F;1;29;On;On;Off; 22.9; 22.6;0;9;1093;9;1093;9;907;0;-
2026/04/19;22:23:54;98;-; 52.39; 0.0;-; 9.4; 10.4; 0.0;-;-;1879;-0.2; 0.0; 0.0;-9; 21.6;F;1;29;On;On;Off; 22.9; 22.6;0;9;1093;9;1093;9;907;0;-
2026/04/19;22:24:54;98;-; 52.39; 0.0;-; 9.4; 10.3; 0.0;-;-;1879;-0.2; 0.0; 0.0;-8; 21.6;F;1;29;On;On;Off; 22.9; 22.6;0;9;1093;9;1093;9;907;0;-
2026/04/19;22:25:54;98;-; 52.39; 0.0;-; 9.5; 10.4; 0.0;-;-;1879;-0.2; 0.0; 0.0;-9; 21.6;F;1;29;On;On;Off; 22.9; 22.6;0;9;1093;9;1093;9;907;0;-
2026/04/19;22:26:54;98;-; 52.39; 0.0;-; 9.4; 10.4; 0.0;-;-;1879;-0.2; 0.0; 0.0;-8; 21.5;F;1;29;On;On;Off; 22.9; 22.6;0;9;1093;9;1093;9;907;0;-
2026/04/19;22:27:54;98;-; 52.37; 0.0;-; 9.4; 10.5; 0.0;-;-;1879;-0.2; 0.0; 0.0;-8; 21.6;F;1;29;On;On;Off; 22.9; 22.6;0;9;1093;9;1093;9;907;0;-
2026/04/19;22:28:54;98;-; 52.39; 0.0;-; 9.5; 10.4; 0.0;-;-;1879;-0.2; 0.0; 0.0;-9; 21.6;F;1;29;On;On;Off; 22.9; 22.6;0;9;1093;9;1093;9;907;0;-
2026/04/19;22:29:54;98;-; 52.39; 0.0;-; 9.4; 10.3; 0.0;-;-;1879;-0.2; 0.0; 0.0;-9; 21.5;F;1;29;On;On;Off; 22.9; 22.6;0;9;1093;9;1093;9;907;0;-
2026/04/19;22:30:54;98;-; 52.37; 0.0;-; 9.5; 10.3; 0.0;-;-;1879;-0.2; 0.0; 0.0;-9; 21.5;F;1;29;On;On;Off; 22.8; 22.6;0;9;1093;9;1093;9;907;0;-
2026/04/19;22:31:54;98;-; 52.35; 0.0;-; 9.4; 10.5; 0.0;-;-;1879;-0.2; 0.0; 0.0;-8; 21.5;F;1;29;On;On;Off; 22.8; 22.6;0;9;1093;9;1093;9;907;0;-
2026/04/19;22:32:54;98;-; 52.37; 0.0;-; 9.4; 10.4; 0.0;-;-;1879;-0.2; 0.0; 0.0;-8; 21.5;F;1;29;On;On;Off; 22.8; 22.6;0;9;1093;9;1093;9;907;0;-
2026/04/19;22:33:54;98;-; 52.37; 0.0;-; 9.5; 10.4; 0.0;-;-;1879;-0.2; 0.0; 0.0;-8; 21.5;F;1;29;On;On;Off; 22.8; 22.6;0;9;1093;9;1093;9;907;0;-
2026/04/19;22:34:54;98;-; 52.37; 0.0;-; 9.5; 10.4; 0.0;-;-;1879;-0.2; 0.0; 0.0;-8; 21.5;F;1;29;On;On;Off; 22.8; 22.6;0;9;1093;9;1093;9;907;0;-
2026/04/19;22:35:54;98;-; 52.37; 0.0;-; 9.5; 10.5; 0.0;-;-;1879;-0.2; 0.0; 0.0;-8; 21.5;F;1;29;On;On;Off; 22.8; 22.6;0;9;1093;9;1093;9;907;0;-
2026/04/19;22:36:53;98;-; 52.35; 0.0;-; 9.5; 10.3; 0.0;-;-;1879;-0.2; 0.0; 0.0;-8; 21.5;F;1;29;On;On;Off; 22.8; 22.6;0;9;1093;9;1093;9;907;0;-
2026/04/19;22:37:53;98;-; 52.37; 0.0;-; 9.4; 10.3; 0.0;-;-;1879;-0.2; 0.0; 0.0;-8; 21.5;F;1;29;On;On;Off; 22.8; 22.5;0;9;1093;9;1093;9;907;0;-
2026/04/19;22:38:53;98;-; 52.35; 0.0;-; 9.4; 10.4; 0.0;-;-;1879;-0.2; 0.0; 0.0;-8; 21.5;F;1;29;On;On;Off; 22.8; 22.5;0;9;1093;9;1093;9;907;0;-
2026/04/19;22:39:53;98;-; 52.35; 0.0;-; 9.4; 10.3; 0.0;-;-;1879;-0.2; 0.0; 0.0;-8; 21.5;F;1;29;On;On;Off; 22.8; 22.5;0;9;1093;9;1093;9;907;0;-
2026/04/19;22:40:53;98;-; 52.37; 0.0;-; 9.5; 10.3; 0.0;-;-;1879;-0.2; 0.0; 0.0;-9; 21.5;F;1;29;On;On;Off; 22.8; 22.5;0;9;1093;9;1093;9;907;0;-
2026/04/19;22:41:53;98;-; 52.37; 0.0;-; 9.4; 10.4; 0.0;-;-;1879;-0.2; 0.0; 0.0;-8; 21.5;F;1;29;On;On;Off; 22.8; 22.5;0;9;1093;9;1093;9;907;0;-
2026/04/19;22:42:53;98;-; 52.35; 0.0;-; 9.5; 10.4; 0.0;-;-;1879;-0.2; 0.0; 0.0;-8; 21.5;F;1;29;On;On;Off; 22.8; 22.5;0;9;1093;9;1093;9;907;0;-
2026/04/19;22:43:53;98;-; 52.37; 0.0;-; 9.4; 10.4; 0.0;-;-;1879;-0.2; 0.0; 0.0;-8; 21.5;F;1;29;On;On;Off; 22.8; 22.5;0;9;1093;9;1093;9;907;0;-
2026/04/19;22:44:53;98;-; 52.37; 0.0;-; 9.5; 10.5; 0.0;-;-;1879;-0.2; 0.0; 0.0;-8; 21.5;F;1;29;On;On;Off; 22.8; 22.5;0;9;1093;9;1093;9;907;0;-
2026/04/19;22:45:53;97;-; 52.35; 0.0;-; 9.5; 10.4; 0.0;-;-;1879;-0.2; 0.0; 0.0;-8; 21.5;F;1;29;On;On;Off; 22.8; 22.5;0;9;1093;9;1093;9;907;0;-
2026/04/19;22:46:53;97;-; 52.37; 0.0;-; 9.5; 10.5; 0.0;-;-;1879;-0.2; 0.0; 0.0;-8; 21.5;F;1;29;On;On;Off; 22.8; 22.5;0;9;1093;9;1093;9;907;0;-
2026/04/19;22:47:53;97;-; 52.35; 0.0;-; 9.5; 10.3; 0.0;-;-;1879;-0.2; 0.0; 0.0;-8; 21.5;F;1;29;On;On;Off; 22.8; 22.5;0;9;1093;9;1093;9;907;0;-
2026/04/19;22:48:53;97;-; 52.35; 0.0;-; 9.4; 10.3; 0.0;-;-;1879;-0.2; 0.0; 0.0;-8; 21.5;F;1;29;On;On;Off; 22.8; 22.5;0;9;1093;9;1093;9;907;0;-
2026/04/19;22:49:53;97;-; 52.35; 0.0;-; 9.6; 10.5; 0.0;-;-;1879;-0.2; 0.0; 0.0;-9; 21.5;F;1;29;On;On;Off; 22.8; 22.5;0;9;1093;9;1093;9;907;0;-
2026/04/19;22:50:53;97;-; 52.35; 0.0;-; 9.6; 10.6; 0.0;-;-;1879;-0.2; 0.0; 0.0;-10; 21.5;F;1;29;On;On;Off; 22.8; 22.5;0;9;1093;9;1093;9;907;0;-
2026/04/19;22:51:53;97;-; 52.35; 0.0;-; 9.6; 10.6; 0.0;-;-;1879;-0.2; 0.0; 0.0;-9; 21.5;F;1;29;On;On;Off; 22.8; 22.5;0;9;1093;9;1093;9;907;0;-
2026/04/19;22:52:52;97;-; 52.33; 0.0;-; 9.6; 10.6; 0.0;-;-;1879;-0.2; 0.0; 0.0;-9; 21.5;F;1;29;On;On;Off; 22.7; 22.5;0;9;1093;9;1093;9;907;0;-
2026/04/19;22:53:52;97;-; 52.33; 0.0;-; 9.6; 10.6; 0.0;-;-;1879;-0.2; 0.0; 0.0;-9; 21.5;F;1;29;On;On;Off; 22.7; 22.5;0;9;1093;9;1093;9;907;0;-
2026/04/19;22:54:52;97;-; 52.35; 0.0;-; 9.5; 10.6; 0.0;-;-;1879;-0.2; 0.0; 0.0;-8; 21.5;F;1;29;On;On;Off; 22.8; 22.5;0;9;1093;9;1093;9;907;0;-
2026/04/19;22:55:52;97;-; 52.35; 0.0;-; 9.5; 10.6; 0.0;-;-;1879;-0.2; 0.0; 0.0;-8; 21.5;F;1;29;On;On;Off; 22.7; 22.5;0;9;1093;9;1093;9;907;0;-
2026/04/19;22:56:52;97;-; 52.35; 0.0;-; 9.4; 10.5; 0.0;-;-;1879;-0.2; 0.0; 0.0;-8; 21.5;F;1;29;On;On;Off; 22.7; 22.5;0;9;1093;9;1093;9;907;0;-
2026/04/19;22:57:52;97;-; 52.33; 0.0;-; 9.6; 10.5; 0.0;-;-;1879;-0.2; 0.0; 0.0;-9; 21.5;F;1;29;On;On;Off; 22.7; 22.5;0;9;1093;9;1093;9;907;0;-
2026/04/19;22:58:52;97;-; 52.33; 0.0;-; 9.4; 10.4; 0.0;-;-;1879;-0.2; 0.0; 0.0;-8; 21.5;F;1;29;On;On;Off; 22.7; 22.5;0;9;1093;9;1093;9;907;0;-
2026/04/19;22:59:52;97;-; 52.35; 0.0;-; 7.6; 9.9; 0.0;-;-;1879;-0.2; 0.0; 0.0;-8; 21.5;F;1;29;On;On;Off; 22.7; 22.5;0;9;1093;9;1093;9;907;0;-
2026/04/19;23:00:52;97;-; 52.35; 0.0;-; 7.6; 10.0; 0.0;-;-;1879;-0.2; 0.0; 0.0;-9; 21.5;F;1;29;On;On;Off; 22.7; 22.4;0;9;1093;9;1093;9;907;0;-
2026/04/19;23:01:52;97;-; 52.35; 0.0;-; 7.5; 9.9; 0.0;-;-;1879;-0.2; 0.0; 0.0;-9; 21.5;F;1;29;On;On;Off; 22.7; 22.4;0;9;1093;9;1093;9;907;0;-
2026/04/19;23:02:52;97;-; 52.33; 0.0;-; 7.6; 9.9; 0.0;-;-;1879;-0.2; 0.0; 0.0;-8; 21.5;F;1;29;On;On;Off; 22.7; 22.4;0;9;1093;9;1093;9;907;0;-
2026/04/19;23:03:52;97;-; 52.35; 0.0;-; 7.6; 9.9; 0.0;-;-;1879;-0.2; 0.0; 0.0;-9; 21.5;F;1;29;On;On;Off; 22.7; 22.4;0;9;1093;9;1093;9;907;0;-
2026/04/19;23:04:52;97;-; 52.33; 0.0;-; 7.5; 9.9; 0.0;-;-;1879;-0.2; 0.0; 0.0;-8; 21.5;F;1;29;On;On;Off; 22.7; 22.4;0;9;1093;9;1093;9;907;0;-
2026/04/19;23:05:52;97;-; 52.35; 0.0;-; 7.6; 9.8; 0.0;-;-;1879;-0.2; 0.0; 0.0;-8; 21.5;F;1;29;On;On;Off; 22.7; 22.4;0;9;1093;9;1093;9;907;0;-
2026/04/19;23:06:52;97;-; 52.35; 0.0;-; 7.5; 9.9; 0.0;-;-;1879;-0.2; 0.0; 0.0;-9; 21.5;F;1;29;On;On;Off; 22.7; 22.4;0;9;1093;9;1093;9;907;0;-
2026/04/19;23:07:52;97;-; 52.35; 0.0;-; 7.5; 9.8; 0.0;-;-;1879;-0.2; 0.0; 0.0;-9; 21.5;F;1;29;On;On;Off; 22.7; 22.4;0;9;1093;9;1093;9;907;0;-
2026/04/19;23:08:51;97;-; 52.35; 0.0;-; 7.5; 9.9; 0.0;-;-;1879;-0.2; 0.0; 0.0;-9; 21.5;F;1;29;On;On;Off; 22.7; 22.4;0;9;1093;9;1093;9;907;0;-
2026/04/19;23:09:51;97;-; 52.35; 0.0;-; 7.5; 9.9; 0.0;-;-;1879;-0.2; 0.0; 0.0;-9; 21.5;F;1;29;On;On;Off; 22.7; 22.4;0;9;1093;9;1093;9;907;0;-
2026/04/19;23:10:51;97;-; 52.33; 0.0;-; 7.6; 9.9; 0.0;-;-;1879;-0.2; 0.0; 0.0;-9; 21.5;F;1;29;On;On;Off; 22.7; 22.4;0;9;1093;9;1093;9;907;0;-
2026/04/19;23:11:51;97;-; 52.33; 0.0;-; 7.5; 9.9; 0.0;-;-;1880;-0.2; 0.0; 0.0;-8; 21.5;F;1;29;On;On;Off; 22.7; 22.4;0;9;1093;9;1093;9;907;0;-
2026/04/19;23:12:51;97;-; 52.33; 0.0;-; 7.5; 9.8; 0.0;-;-;1880;-0.2; 0.0; 0.0;-9; 21.5;F;1;29;On;On;Off; 22.7; 22.4;0;9;1093;9;1093;9;907;0;-
2026/04/19;23:13:51;97;-; 52.33; 0.0;-; 7.6; 9.8; 0.0;-;-;1880;-0.2; 0.0; 0.0;-9; 21.5;F;1;29;On;On;Off; 22.7; 22.4;0;9;1093;9;1093;9;907;0;-
2026/04/19;23:14:51;97;-; 52.31; 0.0;-; 7.5; 10.0; 0.0;-;-;1880;-0.2; 0.0; 0.0;-9; 21.5;F;1;29;On;On;Off; 22.7; 22.4;0;9;1093;9;1093;9;907;0;-
2026/04/19;23:15:51;97;-; 52.33; 0.0;-; 7.6; 10.0; 0.0;-;-;1880;-0.2; 0.0; 0.0;-9; 21.5;F;1;29;On;On;Off; 22.7; 22.4;0;9;1093;9;1093;9;907;0;-
2026/04/19;23:16:51;97;-; 52.33; 0.0;-; 7.6; 9.9; 0.0;-;-;1880;-0.2; 0.0; 0.0;-9; 21.5;F;1;29;On;On;Off; 22.7; 22.4;0;9;1093;9;1093;9;907;0;-
2026/04/19;23:17:51;97;-; 52.31; 0.0;-; 7.6; 9.9; 0.0;-;-;1880;-0.2; 0.0; 0.0;-9; 21.5;F;1;29;On;On;Off; 22.7; 22.4;0;9;1093;9;1093;9;907;0;-
2026/04/19;23:18:51;97;-; 52.33; 0.0;-; 7.6; 9.9; 0.0;-;-;1880;-0.2; 0.0; 0.0;-9; 21.5;F;1;29;On;On;Off; 22.7; 22.4;0;9;1093;9;1093;9;907;0;-
2026/04/19;23:19:51;97;-; 52.33; 0.0;-; 7.5; 9.9; 0.0;-;-;1880;-0.2; 0.0; 0.0;-9; 21.5;F;1;29;On;On;Off; 22.7; 22.4;0;9;1093;9;1093;9;907;0;-
2026/04/19;23:20:51;97;-; 52.33; 0.0;-; 7.6; 9.9; 0.0;-;-;1880;-0.2; 0.0; 0.0;-9; 21.5;F;1;29;On;On;Off; 22.6; 22.4;0;9;1093;9;1093;9;907;0;-
2026/04/19;23:21:51;97;-; 52.31; 0.0;-; 7.5; 9.8; 0.0;-;-;1880;-0.2; 0.0; 0.0;-9; 21.5;F;1;29;On;On;Off; 22.6; 22.4;0;9;1093;9;1093;9;907;0;-
2026/04/19;23:22:51;97;-; 52.33; 0.0;-; 7.6; 10.0; 0.0;-;-;1880;-0.2; 0.0; 0.0;-9; 21.5;F;1;29;On;On;Off; 22.6; 22.4;0;9;1093;9;1093;9;907;0;-
2026/04/19;23:23:51;97;-; 52.31; 0.0;-; 7.5; 9.8; 0.0;-;-;1880;-0.2; 0.0; 0.0;-9; 21.5;F;1;29;On;On;Off; 22.7; 22.4;0;9;1093;9;1093;9;907;0;-
2026/04/19;23:24:50;97;-; 52.33; 0.0;-; 7.5; 9.9; 0.0;-;-;1880;-0.2; 0.0; 0.0;-8; 21.5;F;1;29;On;On;Off; 22.6; 22.4;0;9;1093;9;1093;9;907;0;-
2026/04/19;23:25:50;97;-; 52.33; 0.0;-; 7.6; 9.8; 0.0;-;-;1880;-0.2; 0.0; 0.0;-9; 21.5;F;1;29;On;On;Off; 22.6; 22.4;0;9;1093;9;1093;9;907;0;-
2026/04/19;23:26:50;97;-; 52.33; 0.0;-; 7.6; 9.8; 0.0;-;-;1880;-0.2; 0.0; 0.0;-9; 21.5;F;1;29;On;On;Off; 22.6; 22.4;0;9;1093;9;1093;9;907;0;-
2026/04/19;23:27:50;97;-; 52.33; 0.0;-; 7.6; 9.8; 0.0;-;-;1880;-0.2; 0.0; 0.0;-9; 21.5;F;1;29;On;On;Off; 22.6; 22.4;0;9;1093;9;1093;9;907;0;-
2026/04/19;23:28:50;97;-; 52.33; 0.0;-; 7.6; 9.9; 0.0;-;-;1880;-0.2; 0.0; 0.0;-8; 21.5;F;1;29;On;On;Off; 22.7; 22.4;0;9;1093;9;1093;9;907;0;-
2026/04/19;23:29:50;97;-; 52.33; 0.0;-; 7.6; 9.8; 0.0;-;-;1880;-0.2; 0.0; 0.0;-8; 21.5;F;1;29;On;On;Off; 22.6; 22.4;0;9;1093;9;1093;9;907;0;-
2026/04/19;23:30:50;97;-; 52.31; 0.0;-; 7.6; 9.9; 0.0;-;-;1880;-0.2; 0.0; 0.0;-9; 21.6;F;1;29;On;On;Off; 22.7; 22.4;0;9;1093;9;1093;9;907;0;-
2026/04/19;23:31:50;97;-; 52.33; 0.0;-; 7.6; 10.0; 0.0;-;-;1880;-0.2; 0.0; 0.0;-9; 21.5;F;1;29;On;On;Off; 22.7; 22.4;0;9;1093;9;1093;9;907;0;-
2026/04/19;23:32:50;97;-; 52.31; 0.0;-; 7.5; 9.7; 0.0;-;-;1880;-0.2; 0.0; 0.0;-8; 21.6;F;1;29;On;On;Off; 22.7; 22.4;0;9;1093;9;1093;9;907;0;-
2026/04/19;23:33:50;97;-; 52.31; 0.0;-; 7.5; 9.7; 0.0;-;-;1880;-0.2; 0.0; 0.0;-9; 21.6;F;1;29;On;On;Off; 22.7; 22.4;0;9;1093;9;1093;9;907;0;-
2026/04/19;23:34:50;97;-; 52.31; 0.0;-; 7.5; 9.9; 0.0;-;-;1880;-0.2; 0.0; 0.0;-8; 21.6;F;1;29;On;On;Off; 22.6; 22.4;0;9;1093;9;1093;9;907;0;-
2026/04/19;23:35:50;97;-; 52.33; 0.0;-; 7.6; 9.9; 0.0;-;-;1880;-0.2; 0.0; 0.0;-8; 21.6;F;1;29;On;On;Off; 22.6; 22.4;0;9;1093;9;1093;9;907;0;-
2026/04/19;23:36:50;97;-; 52.33; 0.0;-; 7.5; 9.8; 0.0;-;-;1880;-0.2; 0.0; 0.0;-9; 21.6;F;1;29;On;On;Off; 22.6; 22.4;0;9;1093;9;1093;9;907;0;-
2026/04/19;23:37:50;97;-; 52.31; 0.0;-; 7.6; 9.9; 0.0;-;-;1880;-0.2; 0.0; 0.0;-8; 21.6;F;1;29;On;On;Off; 22.6; 22.4;0;9;1093;9;1093;9;907;0;-
2026/04/19;23:38:50;97;-; 52.31; 0.0;-; 7.5; 9.8; 0.0;-;-;1880;-0.2; 0.0; 0.0;-8; 21.6;F;1;29;On;On;Off; 22.6; 22.4;0;9;1093;9;1093;9;907;0;-
2026/04/19;23:39:49;97;-; 52.31; 0.0;-; 7.5; 9.9; 0.0;-;-;1880;-0.2; 0.0; 0.0;-8; 21.6;F;1;29;On;On;Off; 22.7; 22.4;0;9;1093;9;1093;9;907;0;-
2026/04/19;23:40:49;97;-; 52.31; 0.0;-; 7.5; 9.9; 0.0;-;-;1880;-0.2; 0.0; 0.0;-8; 21.6;F;1;29;On;On;Off; 22.6; 22.4;0;9;1093;9;1093;9;907;0;-
2026/04/19;23:41:49;97;-; 52.31; 0.0;-; 7.5; 9.8; 0.0;-;-;1880;-0.2; 0.0; 0.0;-8; 21.6;F;1;29;On;On;Off; 22.6; 22.4;0;9;1093;9;1093;9;907;0;-
2026/04/19;23:42:49;97;-; 52.30; 0.0;-; 7.5; 9.9; 0.0;-;-;1880;-0.2; 0.0; 0.0;-8; 21.6;F;1;29;On;On;Off; 22.6; 22.4;0;9;1093;9;1093;9;907;0;-
2026/04/19;23:43:49;97;-; 52.31; 0.0;-; 7.5; 9.9; 0.0;-;-;1880;-0.2; 0.0; 0.0;-8; 21.6;F;1;29;On;On;Off; 22.6; 22.4;0;9;1093;9;1093;9;907;0;-
2026/04/19;23:44:49;97;-; 52.31; 0.0;-; 7.5; 9.9; 0.0;-;-;1880;-0.2; 0.0; 0.0;-8; 21.6;F;1;29;On;On;Off; 22.6; 22.3;0;9;1093;9;1093;9;907;0;-
2026/04/19;23:45:49;97;-; 52.30; 0.0;-; 7.5; 9.9; 0.0;-;-;1880;-0.2; 0.0; 0.0;-9; 21.6;F;1;29;On;On;Off; 22.6; 22.4;0;9;1093;9;1093;9;907;0;-
2026/04/19;23:46:49;97;-; 52.30; 0.0;-; 7.5; 9.8; 0.0;-;-;1880;-0.2; 0.0; 0.0;-8; 21.6;F;1;29;On;On;Off; 22.6; 22.4;0;9;1093;9;1093;9;907;0;-
2026/04/19;23:47:49;97;-; 52.30; 0.0;-; 7.6; 10.0; 0.0;-;-;1880;-0.2; 0.0; 0.0;-8; 21.6;F;1;29;On;On;Off; 22.6; 22.4;0;9;1093;9;1093;9;907;0;-
2026/04/19;23:48:49;97;-; 52.31; 0.0;-; 7.5; 9.8; 0.0;-;-;1880;-0.2; 0.0; 0.0;-9; 21.6;F;1;29;On;On;Off; 22.6; 22.4;0;9;1093;9;1093;9;907;0;-
2026/04/19;23:49:49;97;-; 52.31; 0.0;-; 7.5; 9.8; 0.0;-;-;1880;-0.2; 0.0; 0.0;-9; 21.6;F;1;29;On;On;Off; 22.6; 22.3;0;9;1093;9;1093;9;907;0;-
2026/04/19;23:50:49;97;-; 52.31; 0.0;-; 7.5; 9.9; 0.0;-;-;1880;-0.2; 0.0; 0.0;-8; 21.6;F;1;29;On;On;Off; 22.6; 22.3;0;9;1093;9;1093;9;907;0;-
2026/04/19;23:51:49;97;-; 52.31; 0.0;-; 7.5; 9.8; 0.0;-;-;1880;-0.2; 0.0; 0.0;-9; 21.6;F;1;29;On;On;Off; 22.6; 22.3;0;9;1093;9;1093;9;907;0;-
2026/04/19;23:52:49;97;-; 52.31; 0.0;-; 7.6; 9.9; 0.0;-;-;1880;-0.2; 0.0; 0.0;-9; 21.6;F;1;29;On;On;Off; 22.6; 22.3;0;9;1093;9;1093;9;907;0;-
2026/04/19;23:53:49;97;-; 52.31; 0.0;-; 7.5; 9.8; 0.0;-;-;1880;-0.2; 0.0; 0.0;-8; 21.6;F;1;29;On;On;Off; 22.6; 22.3;0;9;1093;9;1093;9;907;0;-
2026/04/19;23:54:49;97;-; 52.30; 0.0;-; 7.5; 9.8; 0.0;-;-;1880;-0.2; 0.0; 0.0;-8; 21.6;F;1;29;On;On;Off; 22.6; 22.3;0;9;1093;9;1093;9;907;0;-
2026/04/19;23:55:48;97;-; 52.31; 0.0;-; 7.5; 9.8; 0.0;-;-;1880;-0.2; 0.0; 0.0;-9; 21.6;F;1;29;On;On;Off; 22.6; 22.3;0;9;1093;9;1093;9;907;0;-
2026/04/19;23:56:48;97;-; 52.31; 0.0;-; 7.6; 10.0; 0.0;-;-;1880;-0.2; 0.0; 0.0;-9; 21.6;F;1;29;On;On;Off; 22.6; 22.3;0;9;1093;9;1093;9;907;0;-
2026/04/19;23:57:48;97;-; 52.31; 0.0;-; 7.5; 9.9; 0.0;-;-;1880;-0.2; 0.0; 0.0;-8; 21.6;F;1;29;On;On;Off; 22.6; 22.3;0;9;1093;9;1093;9;907;0;-
2026/04/19;23:58:48;97;-; 52.31; 0.0;-; 7.6; 9.9; 0.0;-;-;1880;-0.2; 0.0; 0.0;-8; 21.6;F;1;29;On;On;Off; 22.6; 22.3;0;9;1093;9;1093;9;907;0;-
2026/04/19;23:59:48;97;-; 52.31; 0.0;-; 7.5; 9.7; 0.0;-;-;1880;-0.2; 0.0; 0.0;-8; 21.6;F;1;29;On;On;Off; 22.6; 22.3;0;9;1093;9;1093;9;907;0;-
