Steca Elektronik GmbH;MPPT6000;760749IH008963540005
Date;Time;SOC[%];Kaptest[Ah];Vbat[V];Ibat_M[A];Vbat.sense[V];VPV1_M[V];VPV2_M[V];PVpower_M[W];PV1power_M[W];PV2power_M[W];Ophours[h];Ibat_total[A]SOC;Icharge_total[A];Iload_total[A];BatPower_total[W];BatTemp[°C];ChargeMode;ErrorState;ErrorNr;StateAux1;StateAux2;StateAux3;IntTemp1[°C];IntTemp2[°C];Derating;Ah_in_24h_M[Ah];Ah_in_total_M[Ah];Ah_in_24h_SYS[Ah];Ah_in_total_SYS[Ah];Ah_out_24h_SYS[Ah];Ah_out_total_SYS[Ah];Day_night;Status_AUXIO
2026/04/10;00:00:28;98;-; 52.55; 0.0;-; 7.0; 9.9; 0.0;-;-;1640;-0.1; 0.0; 0.0;-7; 22.0;F;1;29;On;On;Off; 22.6; 22.3;0;0;868;0;868;0;682;0;-
2026/04/10;00:01:28;98;-; 52.55; 0.0;-; 7.1; 9.8; 0.0;-;-;1640;-0.1; 0.0; 0.0;-7; 22.0;F;1;29;On;On;Off; 22.6; 22.3;0;0;868;0;868;0;682;0;-
2026/04/10;00:02:28;98;-; 52.55; 0.0;-; 7.1; 9.7; 0.0;-;-;1640;-0.1; 0.0; 0.0;-7; 22.0;F;1;29;On;On;Off; 22.6; 22.3;0;0;868;0;868;0;682;0;-
2026/04/10;00:03:28;98;-; 52.55; 0.0;-; 7.0; 9.9; 0.0;-;-;1640;-0.2; 0.0; 0.0;-8; 22.0;F;1;29;On;On;Off; 22.6; 22.3;0;0;868;0;868;0;682;0;-
2026/04/10;00:04:28;98;-; 52.55; 0.0;-; 7.1; 9.9; 0.0;-;-;1640;-0.2; 0.0; 0.0;-7; 22.0;F;1;29;On;On;Off; 22.6; 22.3;0;0;868;0;868;0;682;0;-
2026/04/10;00:05:28;98;-; 52.55; 0.0;-; 7.0; 9.8; 0.0;-;-;1640;-0.1; 0.0; 0.0;-7; 22.0;F;1;29;On;On;Off; 22.6; 22.3;0;0;868;0;868;0;682;0;-
2026/04/10;00:06:28;98;-; 52.55; 0.0;-; 6.9; 9.8; 0.0;-;-;1640;-0.1; 0.0; 0.0;-7; 22.0;F;1;29;On;On;Off; 22.6; 22.3;0;0;868;0;868;0;682;0;-
2026/04/10;00:07:28;98;-; 52.53; 0.0;-; 7.0; 9.7; 0.0;-;-;1640;-0.2; 0.0; 0.0;-8; 22.0;F;1;29;On;On;Off; 22.6; 22.3;0;0;868;0;868;0;682;0;-
2026/04/10;00:08:28;98;-; 52.55; 0.0;-; 7.0; 9.8; 0.0;-;-;1640;-0.1; 0.0; 0.0;-7; 22.0;F;1;29;On;On;Off; 22.6; 22.3;0;0;868;0;868;0;682;0;-
2026/04/10;00:09:28;98;-; 52.55; 0.0;-; 6.9; 9.9; 0.0;-;-;1640;-0.2; 0.0; 0.0;-7; 22.0;F;1;29;On;On;Off; 22.6; 22.3;0;0;868;0;868;0;682;0;-
2026/04/10;00:10:28;98;-; 52.55; 0.0;-; 7.1; 9.9; 0.0;-;-;1640;-0.2; 0.0; 0.0;-8; 22.0;F;1;29;On;On;Off; 22.6; 22.3;0;0;868;0;868;0;682;0;-
2026/04/10;00:11:28;98;-; 52.55; 0.0;-; 6.9; 9.7; 0.0;-;-;1640;-0.2; 0.0; 0.0;-7; 21.9;F;1;29;On;On;Off; 22.6; 22.3;0;0;868;0;868;0;682;0;-
2026/04/10;00:12:28;98;-; 52.53; 0.0;-; 6.9; 9.8; 0.0;-;-;1640;-0.2; 0.0; 0.0;-8; 22.0;F;1;29;On;On;Off; 22.6; 22.3;0;0;868;0;868;0;682;0;-
2026/04/10;00:13:28;98;-; 52.55; 0.0;-; 7.0; 9.8; 0.0;-;-;1640;-0.2; 0.0; 0.0;-8; 21.9;F;1;29;On;On;Off; 22.5; 22.3;0;0;868;0;868;0;682;0;-
2026/04/10;00:14:27;98;-; 52.55; 0.0;-; 6.9; 9.7; 0.0;-;-;1640;-0.2; 0.0; 0.0;-8; 21.9;F;1;29;On;On;Off; 22.5; 22.3;0;0;868;0;868;0;682;0;-
2026/04/10;00:15:27;98;-; 52.55; 0.0;-; 7.0; 9.9; 0.0;-;-;1640;-0.2; 0.0; 0.0;-8; 21.9;F;1;29;On;On;Off; 22.5; 22.2;0;0;868;0;868;0;682;0;-
2026/04/10;00:16:27;98;-; 52.55; 0.0;-; 7.1; 9.8; 0.0;-;-;1640;-0.2; 0.0; 0.0;-8; 21.9;F;1;29;On;On;Off; 22.5; 22.3;0;0;868;0;868;0;682;0;-
2026/04/10;00:17:27;98;-; 52.55; 0.0;-; 7.1; 9.9; 0.0;-;-;1640;-0.2; 0.0; 0.0;-8; 21.9;F;1;29;On;On;Off; 22.5; 22.3;0;0;868;0;868;0;682;0;-
2026/04/10;00:18:27;98;-; 52.55; 0.0;-; 7.0; 9.9; 0.0;-;-;1640;-0.2; 0.0; 0.0;-8; 21.9;F;1;29;On;On;Off; 22.5; 22.3;0;0;868;0;868;0;682;0;-
2026/04/10;00:19:27;97;-; 52.55; 0.0;-; 7.0; 9.8; 0.0;-;-;1640;-0.2; 0.0; 0.0;-8; 21.9;F;1;29;On;On;Off; 22.5; 22.2;0;0;868;0;868;0;682;0;-
2026/04/10;00:20:27;97;-; 52.53; 0.0;-; 7.1; 9.7; 0.0;-;-;1640;-0.2; 0.0; 0.0;-7; 21.9;F;1;29;On;On;Off; 22.5; 22.2;0;0;868;0;868;0;682;0;-
2026/04/10;00:21:27;97;-; 52.55; 0.0;-; 7.1; 9.9; 0.0;-;-;1640;-0.2; 0.0; 0.0;-8; 21.9;F;1;29;On;On;Off; 22.5; 22.2;0;0;868;0;868;0;682;0;-
2026/04/10;00:22:27;97;-; 52.53; 0.0;-; 7.1; 9.8; 0.0;-;-;1640;-0.2; 0.0; 0.0;-8; 21.9;F;1;29;On;On;Off; 22.5; 22.2;0;0;868;0;868;0;682;0;-
2026/04/10;00:23:27;97;-; 52.55; 0.0;-; 7.0; 9.9; 0.0;-;-;1640;-0.2; 0.0; 0.0;-8; 21.9;F;1;29;On;On;Off; 22.5; 22.3;0;0;868;0;868;0;682;0;-
2026/04/10;00:24:27;97;-; 52.55; 0.0;-; 7.0; 9.9; 0.0;-;-;1640;-0.2; 0.0; 0.0;-8; 21.9;F;1;29;On;On;Off; 22.6; 22.3;0;0;868;0;868;0;682;0;-
2026/04/10;00:25:27;97;-; 52.55; 0.0;-; 6.9; 9.8; 0.0;-;-;1640;-0.2; 0.0; 0.0;-8; 21.9;F;1;29;On;On;Off; 22.6; 22.3;0;0;868;0;868;0;682;0;-
2026/04/10;00:26:27;97;-; 52.53; 0.0;-; 7.1; 9.9; 0.0;-;-;1640;-0.2; 0.0; 0.0;-8; 21.9;F;1;29;On;On;Off; 22.5; 22.2;0;0;868;0;868;0;682;0;-
2026/04/10;00:27:27;97;-; 52.53; 0.0;-; 7.0; 10.1; 0.0;-;-;1641;-0.2; 0.0; 0.0;-8; 21.9;F;1;29;On;On;Off; 22.6; 22.2;0;0;868;0;868;0;682;0;-
2026/04/10;00:28:27;97;-; 52.53; 0.0;-; 7.1; 9.9; 0.0;-;-;1641;-0.2; 0.0; 0.0;-8; 21.9;F;1;29;On;On;Off; 22.6; 22.3;0;0;868;0;868;0;682;0;-
2026/04/10;00:29:27;97;-; 52.53; 0.0;-; 7.0; 9.9; 0.0;-;-;1641;-0.2; 0.0; 0.0;-8; 21.9;F;1;29;On;On;Off; 22.6; 22.3;0;0;868;0;868;0;682;0;-
2026/04/10;00:30:26;97;-; 52.53; 0.0;-; 7.2; 10.0; 0.0;-;-;1641;-0.2; 0.0; 0.0;-7; 21.9;F;1;29;On;On;Off; 22.6; 22.3;0;0;868;0;868;0;682;0;-
2026/04/10;00:31:26;97;-; 52.53; 0.0;-; 7.2; 10.0; 0.0;-;-;1641;-0.1; 0.0; 0.0;-7; 22.0;F;1;29;On;On;Off; 22.6; 22.3;0;0;868;0;868;0;682;0;-
2026/04/10;00:32:26;97;-; 52.53; 0.0;-; 7.1; 10.1; 0.0;-;-;1641;-0.2; 0.0; 0.0;-8; 22.0;F;1;29;On;On;Off; 22.6; 22.3;0;0;868;0;868;0;682;0;-
2026/04/10;00:33:26;97;-; 52.53; 0.0;-; 7.0; 9.9; 0.0;-;-;1641;-0.2; 0.0; 0.0;-8; 22.0;F;1;29;On;On;Off; 22.6; 22.3;0;0;868;0;868;0;682;0;-
2026/04/10;00:34:26;97;-; 52.53; 0.0;-; 7.0; 9.9; 0.0;-;-;1641;-0.2; 0.0; 0.0;-7; 22.0;F;1;29;On;On;Off; 22.6; 22.3;0;0;868;0;868;0;682;0;-
2026/04/10;00:35:26;97;-; 52.53; 0.0;-; 7.0; 10.0; 0.0;-;-;1641;-0.2; 0.0; 0.0;-8; 22.0;F;1;29;On;On;Off; 22.6; 22.3;0;0;868;0;868;0;682;0;-
2026/04/10;00:36:26;97;-; 52.53; 0.0;-; 7.1; 9.9; 0.0;-;-;1641;-0.2; 0.0; 0.0;-7; 22.0;F;1;29;On;On;Off; 22.6; 22.3;0;0;868;0;868;0;682;0;-
2026/04/10;00:37:26;97;-; 52.53; 0.0;-; 7.0; 9.8; 0.0;-;-;1641;-0.2; 0.0; 0.0;-7; 22.0;F;1;29;On;On;Off; 22.6; 22.3;0;0;868;0;868;0;682;0;-
2026/04/10;00:38:26;97;-; 52.53; 0.0;-; 7.1; 10.0; 0.0;-;-;1641;-0.2; 0.0; 0.0;-7; 22.0;F;1;29;On;On;Off; 22.6; 22.3;0;0;868;0;868;0;682;0;-
2026/04/10;00:39:26;97;-; 52.53; 0.0;-; 7.0; 9.9; 0.0;-;-;1641;-0.1; 0.0; 0.0;-7; 22.0;F;1;29;On;On;Off; 22.6; 22.3;0;0;868;0;868;0;682;0;-
2026/04/10;00:40:26;97;-; 52.51; 0.0;-; 7.1; 9.9; 0.0;-;-;1641;-0.2; 0.0; 0.0;-7; 22.0;F;1;29;On;On;Off; 22.6; 22.3;0;0;868;0;868;0;682;0;-
2026/04/10;00:41:26;97;-; 52.53; 0.0;-; 7.0; 9.9; 0.0;-;-;1641;-0.2; 0.0; 0.0;-7; 22.0;F;1;29;On;On;Off; 22.6; 22.3;0;0;868;0;868;0;682;0;-
2026/04/10;00:42:26;97;-; 52.53; 0.0;-; 7.2; 10.0; 0.0;-;-;1641;-0.1; 0.0; 0.0;-7; 22.0;F;1;29;On;On;Off; 22.6; 22.3;0;0;868;0;868;0;682;0;-
2026/04/10;00:43:26;97;-; 52.53; 0.0;-; 7.2; 10.2; 0.0;-;-;1641;-0.1; 0.0; 0.0;-7; 22.0;F;1;29;On;On;Off; 22.6; 22.3;0;0;868;0;868;0;682;0;-
2026/04/10;00:44:26;97;-; 52.53; 0.0;-; 7.1; 10.0; 0.0;-;-;1641;-0.1; 0.0; 0.0;-7; 22.0;F;1;29;On;On;Off; 22.6; 22.3;0;0;868;0;868;0;682;0;-
2026/04/10;00:45:26;97;-; 52.53; 0.0;-; 7.0; 10.1; 0.0;-;-;1641;-0.1; 0.0; 0.0;-7; 22.0;F;1;29;On;On;Off; 22.6; 22.3;0;0;868;0;868;0;682;0;-
2026/04/10;00:46:25;97;-; 52.53; 0.0;-; 7.1; 10.0; 0.0;-;-;1641;-0.2; 0.0; 0.0;-7; 22.0;F;1;29;On;On;Off; 22.6; 22.3;0;0;868;0;868;0;682;0;-
2026/04/10;00:47:25;97;-; 52.53; 0.0;-; 6.9; 9.9; 0.0;-;-;1641;-0.2; 0.0; 0.0;-8; 22.0;F;1;29;On;On;Off; 22.6; 22.3;0;0;868;0;868;0;682;0;-
2026/04/10;00:48:25;97;-; 52.51; 0.0;-; 7.0; 9.8; 0.0;-;-;1641;-0.2; 0.0; 0.0;-8; 22.0;F;1;29;On;On;Off; 22.6; 22.3;0;0;868;0;868;0;682;0;-
2026/04/10;00:49:25;97;-; 52.53; 0.0;-; 7.0; 9.9; 0.0;-;-;1641;-0.2; 0.0; 0.0;-8; 22.0;F;1;29;On;On;Off; 22.6; 22.3;0;0;868;0;868;0;682;0;-
2026/04/10;00:50:25;97;-; 52.53; 0.0;-; 6.9; 9.9; 0.0;-;-;1641;-0.2; 0.0; 0.0;-7; 22.0;F;1;29;On;On;Off; 22.6; 22.3;0;0;868;0;868;0;682;0;-
2026/04/10;00:51:25;97;-; 52.53; 0.0;-; 6.9; 9.8; 0.0;-;-;1641;-0.2; 0.0; 0.0;-8; 22.0;F;1;29;On;On;Off; 22.6; 22.3;0;0;868;0;868;0;682;0;-
2026/04/10;00:52:25;97;-; 52.51; 0.0;-; 6.9; 9.8; 0.0;-;-;1641;-0.2; 0.0; 0.0;-8; 22.0;F;1;29;On;On;Off; 22.6; 22.3;0;0;868;0;868;0;682;0;-
2026/04/10;00:53:25;97;-; 52.53; 0.0;-; 6.8; 9.8; 0.0;-;-;1641;-0.2; 0.0; 0.0;-7; 22.0;F;1;29;On;On;Off; 22.6; 22.3;0;0;868;0;868;0;682;0;-
2026/04/10;00:54:25;97;-; 52.53; 0.0;-; 6.9; 9.6; 0.0;-;-;1641;-0.2; 0.0; 0.0;-8; 22.1;F;1;29;On;On;Off; 22.6; 22.3;0;0;868;0;868;0;682;0;-
2026/04/10;00:55:25;97;-; 52.53; 0.0;-; 7.0; 9.7; 0.0;-;-;1641;-0.2; 0.0; 0.0;-8; 22.0;F;1;29;On;On;Off; 22.6; 22.3;0;0;868;0;868;0;682;0;-
2026/04/10;00:56:25;97;-; 52.51; 0.0;-; 6.8; 9.7; 0.0;-;-;1641;-0.1; 0.0; 0.0;-7; 22.0;F;1;29;On;On;Off; 22.6; 22.3;0;0;868;0;868;0;682;0;-
2026/04/10;00:57:25;97;-; 52.51; 0.0;-; 6.9; 9.7; 0.0;-;-;1641;-0.2; 0.0; 0.0;-8; 22.0;F;1;29;On;On;Off; 22.6; 22.3;0;0;868;0;868;0;682;0;-
2026/04/10;00:58:25;97;-; 52.51; 0.0;-; 6.8; 9.7; 0.0;-;-;1641;-0.2; 0.0; 0.0;-7; 22.0;F;1;29;On;On;Off; 22.6; 22.3;0;0;868;0;868;0;682;0;-
2026/04/10;00:59:25;97;-; 52.51; 0.0;-; 6.8; 9.7; 0.0;-;-;1641;-0.2; 0.0; 0.0;-8; 22.0;F;1;29;On;On;Off; 22.6; 22.3;0;0;868;0;868;0;682;0;-
2026/04/10;01:00:25;97;-; 52.51; 0.0;-; 6.8; 9.8; 0.0;-;-;1641;-0.2; 0.0; 0.0;-8; 22.0;F;1;29;On;On;Off; 22.6; 22.3;0;0;868;0;868;0;682;0;-
2026/04/10;01:01:24;97;-; 52.51; 0.0;-; 6.8; 9.6; 0.0;-;-;1641;-0.2; 0.0; 0.0;-8; 22.0;F;1;29;On;On;Off; 22.6; 22.3;0;0;868;0;868;0;682;0;-
2026/04/10;01:02:24;97;-; 52.51; 0.0;-; 6.8; 9.7; 0.0;-;-;1641;-0.1; 0.0; 0.0;-7; 22.0;F;1;29;On;On;Off; 22.6; 22.3;0;0;868;0;868;0;682;0;-
2026/04/10;01:03:24;97;-; 52.51; 0.0;-; 6.8; 9.8; 0.0;-;-;1641;-0.1; 0.0; 0.0;-7; 22.0;F;1;29;On;On;Off; 22.6; 22.3;0;0;868;0;868;0;682;0;-
2026/04/10;01:04:24;97;-; 52.51; 0.0;-; 6.8; 9.6; 0.0;-;-;1641;-0.2; 0.0; 0.0;-8; 22.0;F;1;29;On;On;Off; 22.6; 22.3;0;0;868;0;868;0;682;0;-
2026/04/10;01:05:24;97;-; 52.51; 0.0;-; 6.9; 9.8; 0.0;-;-;1641;-0.1; 0.0; 0.0;-7; 22.0;F;1;29;On;On;Off; 22.6; 22.3;0;0;868;0;868;0;682;0;-
2026/04/10;01:06:24;97;-; 52.51; 0.0;-; 6.8; 9.6; 0.0;-;-;1641;-0.2; 0.0; 0.0;-7; 22.0;F;1;29;On;On;Off; 22.6; 22.3;0;0;868;0;868;0;682;0;-
2026/04/10;01:07:24;97;-; 52.51; 0.0;-; 6.8; 9.6; 0.0;-;-;1641;-0.2; 0.0; 0.0;-8; 22.0;F;1;29;On;On;Off; 22.6; 22.3;0;0;868;0;868;0;682;0;-
2026/04/10;01:08:24;97;-; 52.49; 0.0;-; 6.8; 9.6; 0.0;-;-;1641;-0.2; 0.0; 0.0;-8; 22.0;F;1;29;On;On;Off; 22.6; 22.3;0;0;868;0;868;0;682;0;-
2026/04/10;01:09:24;97;-; 52.51; 0.0;-; 6.8; 9.7; 0.0;-;-;1641;-0.2; 0.0; 0.0;-8; 22.0;F;1;29;On;On;Off; 22.5; 22.3;0;0;868;0;868;0;682;0;-
2026/04/10;01:10:24;97;-; 52.51; 0.0;-; 6.8; 9.6; 0.0;-;-;1641;-0.2; 0.0; 0.0;-7; 22.0;F;1;29;On;On;Off; 22.5; 22.3;0;0;868;0;868;0;682;0;-
2026/04/10;01:11:24;97;-; 52.51; 0.0;-; 6.8; 9.8; 0.0;-;-;1641;-0.2; 0.0; 0.0;-7; 22.0;F;1;29;On;On;Off; 22.5; 22.3;0;0;868;0;868;0;682;0;-
2026/04/10;01:12:24;97;-; 52.51; 0.0;-; 6.8; 9.7; 0.0;-;-;1641;-0.2; 0.0; 0.0;-7; 22.0;F;1;29;On;On;Off; 22.5; 22.3;0;0;868;0;868;0;682;0;-
2026/04/10;01:13:24;97;-; 52.51; 0.0;-; 6.9; 9.7; 0.0;-;-;1641;-0.1; 0.0; 0.0;-7; 22.0;F;1;29;On;On;Off; 22.5; 22.3;0;0;868;0;868;0;682;0;-
2026/04/10;01:14:24;97;-; 52.51; 0.0;-; 6.8; 9.7; 0.0;-;-;1641;-0.1; 0.0; 0.0;-7; 22.0;F;1;29;On;On;Off; 22.5; 22.2;0;0;868;0;868;0;682;0;-
2026/04/10;01:15:24;97;-; 52.51; 0.0;-; 7.0; 9.7; 0.0;-;-;1641;-0.2; 0.0; 0.0;-7; 22.0;F;1;29;On;On;Off; 22.5; 22.2;0;0;868;0;868;0;682;0;-
2026/04/10;01:16:24;97;-; 52.51; 0.0;-; 6.9; 9.7; 0.0;-;-;1641;-0.2; 0.0; 0.0;-7; 22.0;F;1;29;On;On;Off; 22.5; 22.2;0;0;868;0;868;0;682;0;-
2026/04/10;01:17:23;97;-; 52.51; 0.0;-; 6.8; 9.8; 0.0;-;-;1641;-0.2; 0.0; 0.0;-7; 22.0;F;1;29;On;On;Off; 22.5; 22.2;0;0;868;0;868;0;682;0;-
2026/04/10;01:18:23;97;-; 52.51; 0.0;-; 6.8; 9.6; 0.0;-;-;1641;-0.2; 0.0; 0.0;-7; 22.0;F;1;29;On;On;Off; 22.5; 22.2;0;0;868;0;868;0;682;0;-
2026/04/10;01:19:23;97;-; 52.51; 0.0;-; 6.8; 9.8; 0.0;-;-;1641;-0.2; 0.0; 0.0;-7; 22.0;F;1;29;On;On;Off; 22.5; 22.2;0;0;868;0;868;0;682;0;-
2026/04/10;01:20:23;97;-; 52.51; 0.0;-; 6.8; 9.6; 0.0;-;-;1641;-0.2; 0.0; 0.0;-7; 22.0;F;1;29;On;On;Off; 22.5; 22.2;0;0;868;0;868;0;682;0;-
2026/04/10;01:21:23;97;-; 52.51; 0.0;-; 6.8; 9.7; 0.0;-;-;1641;-0.2; 0.0; 0.0;-7; 21.9;F;1;29;On;On;Off; 22.5; 22.2;0;0;868;0;868;0;682;0;-
2026/04/10;01:22:23;97;-; 52.51; 0.0;-; 6.9; 9.7; 0.0;-;-;1641;-0.2; 0.0; 0.0;-8; 21.9;F;1;29;On;On;Off; 22.5; 22.2;0;0;868;0;868;0;682;0;-
2026/04/10;01:23:23;97;-; 52.51; 0.0;-; 6.8; 9.7; 0.0;-;-;1641;-0.2; 0.0; 0.0;-8; 21.9;F;1;29;On;On;Off; 22.5; 22.2;0;0;868;0;868;0;682;0;-
2026/04/10;01:24:23;97;-; 52.51; 0.0;-; 6.9; 9.7; 0.0;-;-;1641;-0.1; 0.0; 0.0;-7; 21.9;F;1;29;On;On;Off; 22.5; 22.2;0;0;868;0;868;0;682;0;-
2026/04/10;01:25:23;97;-; 52.51; 0.0;-; 6.9; 9.7; 0.0;-;-;1641;-0.1; 0.0; 0.0;-7; 21.9;F;1;29;On;On;Off; 22.5; 22.2;0;0;868;0;868;0;682;0;-
2026/04/10;01:26:23;97;-; 52.51; 0.0;-; 6.8; 9.7; 0.0;-;-;1641;-0.1; 0.0; 0.0;-7; 21.9;F;1;29;On;On;Off; 22.5; 22.2;0;0;868;0;868;0;682;0;-
2026/04/10;01:27:23;97;-; 52.49; 0.0;-; 6.8; 9.7; 0.0;-;-;1642;-0.2; 0.0; 0.0;-7; 21.9;F;1;29;On;On;Off; 22.5; 22.2;0;0;868;0;868;0;682;0;-
2026/04/10;01:28:23;97;-; 52.51; 0.0;-; 6.8; 9.8; 0.0;-;-;1642;-0.2; 0.0; 0.0;-7; 21.9;F;1;29;On;On;Off; 22.5; 22.2;0;0;868;0;868;0;682;0;-
2026/04/10;01:29:23;97;-; 52.49; 0.0;-; 6.8; 9.7; 0.0;-;-;1642;-0.2; 0.0; 0.0;-7; 21.9;F;1;29;On;On;Off; 22.5; 22.2;0;0;868;0;868;0;682;0;-
2026/04/10;01:30:23;97;-; 52.51; 0.0;-; 6.8; 9.7; 0.0;-;-;1642;-0.2; 0.0; 0.0;-8; 21.9;F;1;29;On;On;Off; 22.5; 22.2;0;0;868;0;868;0;682;0;-
2026/04/10;01:31:23;97;-; 52.49; 0.0;-; 6.8; 9.8; 0.0;-;-;1642;-0.2; 0.0; 0.0;-8; 21.9;F;1;29;On;On;Off; 22.5; 22.2;0;0;868;0;868;0;682;0;-
2026/04/10;01:32:23;97;-; 52.47; 0.0;-; 6.8; 9.7; 0.0;-;-;1642;-0.2; 0.0; 0.0;-8; 21.9;F;1;29;On;On;Off; 22.5; 22.2;0;0;868;0;868;0;682;0;-
2026/04/10;01:33:22;97;-; 52.49; 0.0;-; 6.8; 9.7; 0.0;-;-;1642;-0.2; 0.0; 0.0;-8; 21.9;F;1;29;On;On;Off; 22.4; 22.2;0;0;868;0;868;0;682;0;-
2026/04/10;01:34:22;97;-; 52.49; 0.0;-; 6.8; 9.8; 0.0;-;-;1642;-0.2; 0.0; 0.0;-8; 21.9;F;1;29;On;On;Off; 22.5; 22.2;0;0;868;0;868;0;682;0;-
2026/04/10;01:35:22;97;-; 52.49; 0.0;-; 6.8; 9.7; 0.0;-;-;1642;-0.2; 0.0; 0.0;-8; 21.9;F;1;29;On;On;Off; 22.5; 22.1;0;0;868;0;868;0;682;0;-
2026/04/10;01:36:22;97;-; 52.49; 0.0;-; 6.8; 9.8; 0.0;-;-;1642;-0.2; 0.0; 0.0;-8; 21.9;F;1;29;On;On;Off; 22.4; 22.2;0;0;868;0;868;0;682;0;-
2026/04/10;01:37:22;97;-; 52.49; 0.0;-; 7.9; 10.1; 0.0;-;-;1642;-0.2; 0.0; 0.0;-8; 21.9;F;1;29;On;On;Off; 22.4; 22.1;0;0;868;0;868;0;682;0;-
2026/04/10;01:38:22;97;-; 52.49; 0.0;-; 6.8; 9.7; 0.0;-;-;1642;-0.2; 0.0; 0.0;-8; 21.9;F;1;29;On;On;Off; 22.4; 22.2;0;0;868;0;868;0;682;0;-
2026/04/10;01:39:22;97;-; 52.47; 0.0;-; 6.8; 9.7; 0.0;-;-;1642;-0.2; 0.0; 0.0;-8; 21.9;F;1;29;On;On;Off; 22.4; 22.1;0;0;868;0;868;0;682;0;-
2026/04/10;01:40:22;97;-; 52.49; 0.0;-; 6.8; 9.8; 0.0;-;-;1642;-0.2; 0.0; 0.0;-7; 21.9;F;1;29;On;On;Off; 22.4; 22.1;0;0;868;0;868;0;682;0;-
2026/04/10;01:41:22;97;-; 52.49; 0.0;-; 6.9; 9.8; 0.0;-;-;1642;-0.2; 0.0; 0.0;-8; 21.9;F;1;29;On;On;Off; 22.4; 22.1;0;0;868;0;868;0;682;0;-
2026/04/10;01:42:22;97;-; 52.47; 0.0;-; 6.8; 9.7; 0.0;-;-;1642;-0.2; 0.0; 0.0;-8; 21.9;F;1;29;On;On;Off; 22.4; 22.1;0;0;868;0;868;0;682;0;-
2026/04/10;01:43:22;97;-; 52.47; 0.0;-; 6.9; 9.8; 0.0;-;-;1642;-0.2; 0.0; 0.0;-7; 21.9;F;1;29;On;On;Off; 22.4; 22.1;0;0;868;0;868;0;682;0;-
2026/04/10;01:44:22;97;-; 52.47; 0.0;-; 6.8; 9.7; 0.0;-;-;1642;-0.2; 0.0; 0.0;-8; 21.9;F;1;29;On;On;Off; 22.4; 22.1;0;0;868;0;868;0;682;0;-
2026/04/10;01:45:22;97;-; 52.49; 0.0;-; 6.9; 9.7; 0.0;-;-;1642;-0.2; 0.0; 0.0;-7; 21.9;F;1;29;On;On;Off; 22.4; 22.1;0;0;868;0;868;0;682;0;-
2026/04/10;01:46:22;97;-; 52.49; 0.0;-; 6.8; 9.7; 0.0;-;-;1642;-0.2; 0.0; 0.0;-7; 21.9;F;1;29;On;On;Off; 22.4; 22.1;0;0;868;0;868;0;682;0;-
2026/04/10;01:47:22;97;-; 52.47; 0.0;-; 6.9; 9.8; 0.0;-;-;1642;-0.2; 0.0; 0.0;-7; 21.9;F;1;29;On;On;Off; 22.4; 22.1;0;0;868;0;868;0;682;0;-
2026/04/10;01:48:22;97;-; 52.49; 0.0;-; 6.9; 9.7; 0.0;-;-;1642;-0.1; 0.0; 0.0;-7; 21.9;F;1;29;On;On;Off; 22.4; 22.1;0;0;868;0;868;0;682;0;-
2026/04/10;01:49:21;97;-; 52.47; 0.0;-; 6.8; 9.7; 0.0;-;-;1642;-0.1; 0.0; 0.0;-7; 21.9;F;1;29;On;On;Off; 22.4; 22.1;0;0;868;0;868;0;682;0;-
2026/04/10;01:50:21;97;-; 52.49; 0.0;-; 7.0; 9.7; 0.0;-;-;1642;-0.1; 0.0; 0.0;-7; 21.9;F;1;29;On;On;Off; 22.4; 22.1;0;0;868;0;868;0;682;0;-
2026/04/10;01:51:21;97;-; 52.49; 0.0;-; 6.8; 9.8; 0.0;-;-;1642;-0.2; 0.0; 0.0;-7; 21.9;F;1;29;On;On;Off; 22.4; 22.1;0;0;868;0;868;0;682;0;-
2026/04/10;01:52:21;97;-; 52.47; 0.0;-; 6.8; 9.7; 0.0;-;-;1642;-0.2; 0.0; 0.0;-7; 21.9;F;1;29;On;On;Off; 22.4; 22.1;0;0;868;0;868;0;682;0;-
2026/04/10;01:53:21;97;-; 52.47; 0.0;-; 6.9; 9.7; 0.0;-;-;1642;-0.2; 0.0; 0.0;-8; 21.9;F;1;29;On;On;Off; 22.4; 22.1;0;0;868;0;868;0;682;0;-
2026/04/10;01:54:21;97;-; 52.49; 0.0;-; 6.9; 9.6; 0.0;-;-;1642;-0.2; 0.0; 0.0;-8; 21.9;F;1;29;On;On;Off; 22.4; 22.1;0;0;868;0;868;0;682;0;-
2026/04/10;01:55:21;97;-; 52.47; 0.0;-; 7.0; 9.8; 0.0;-;-;1642;-0.2; 0.0; 0.0;-8; 21.9;F;1;29;On;On;Off; 22.4; 22.1;0;0;868;0;868;0;682;0;-
2026/04/10;01:56:21;97;-; 52.49; 0.0;-; 6.8; 9.6; 0.0;-;-;1642;-0.2; 0.0; 0.0;-8; 21.9;F;1;29;On;On;Off; 22.4; 22.1;0;0;868;0;868;0;682;0;-
2026/04/10;01:57:21;97;-; 52.49; 0.0;-; 6.9; 9.8; 0.0;-;-;1642;-0.2; 0.0; 0.0;-8; 21.9;F;1;29;On;On;Off; 22.5; 22.1;0;0;868;0;868;0;682;0;-
2026/04/10;01:58:21;97;-; 52.49; 0.0;-; 6.9; 9.7; 0.0;-;-;1642;-0.2; 0.0; 0.0;-8; 21.9;F;1;29;On;On;Off; 22.4; 22.1;0;0;868;0;868;0;682;0;-
2026/04/10;01:59:21;97;-; 52.47; 0.0;-; 6.9; 9.7; 0.0;-;-;1642;-0.2; 0.0; 0.0;-8; 21.9;F;1;29;On;On;Off; 22.4; 22.2;0;0;868;0;868;0;682;0;-
2026/04/10;02:00:21;97;-; 52.49; 0.0;-; 6.9; 9.8; 0.0;-;-;1642;-0.2; 0.0; 0.0;-8; 21.9;F;1;29;On;On;Off; 22.4; 22.1;0;0;868;0;868;0;682;0;-
2026/04/10;02:01:21;97;-; 52.47; 0.0;-; 6.9; 9.7; 0.0;-;-;1642;-0.2; 0.0; 0.0;-8; 21.9;F;1;29;On;On;Off; 22.5; 22.2;0;0;868;0;868;0;682;0;-
2026/04/10;02:02:21;97;-; 52.49; 0.0;-; 7.0; 9.6; 0.0;-;-;1642;-0.2; 0.0; 0.0;-8; 21.9;F;1;29;On;On;Off; 22.4; 22.2;0;0;868;0;868;0;682;0;-
2026/04/10;02:03:21;97;-; 52.47; 0.0;-; 6.8; 9.8; 0.0;-;-;1642;-0.2; 0.0; 0.0;-7; 21.9;F;1;29;On;On;Off; 22.5; 22.2;0;0;868;0;868;0;682;0;-
2026/04/10;02:04:20;97;-; 52.47; 0.0;-; 7.0; 9.8; 0.0;-;-;1642;-0.1; 0.0; 0.0;-7; 21.9;F;1;29;On;On;Off; 22.5; 22.2;0;0;868;0;868;0;682;0;-
2026/04/10;02:05:20;97;-; 52.47; 0.0;-; 6.9; 9.8; 0.0;-;-;1642;-0.2; 0.0; 0.0;-7; 21.9;F;1;29;On;On;Off; 22.5; 22.2;0;0;868;0;868;0;682;0;-
2026/04/10;02:06:20;97;-; 52.47; 0.0;-; 7.0; 9.8; 0.0;-;-;1642;-0.2; 0.0; 0.0;-8; 21.9;F;1;29;On;On;Off; 22.5; 22.2;0;0;868;0;868;0;682;0;-
2026/04/10;02:07:20;97;-; 52.47; 0.0;-; 6.9; 9.8; 0.0;-;-;1642;-0.2; 0.0; 0.0;-7; 21.9;F;1;29;On;On;Off; 22.5; 22.2;0;0;868;0;868;0;682;0;-
2026/04/10;02:08:20;97;-; 52.47; 0.0;-; 6.9; 9.9; 0.0;-;-;1642;-0.2; 0.0; 0.0;-8; 21.9;F;1;29;On;On;Off; 22.5; 22.2;0;0;868;0;868;0;682;0;-
2026/04/10;02:09:20;97;-; 52.47; 0.0;-; 7.0; 10.1; 0.0;-;-;1642;-0.2; 0.0; 0.0;-8; 21.9;F;1;29;On;On;Off; 22.5; 22.2;0;0;868;0;868;0;682;0;-
2026/04/10;02:10:20;97;-; 52.47; 0.0;-; 7.0; 9.9; 0.0;-;-;1642;-0.2; 0.0; 0.0;-8; 21.9;F;1;29;On;On;Off; 22.5; 22.2;0;0;868;0;868;0;682;0;-
2026/04/10;02:11:20;97;-; 52.47; 0.0;-; 6.9; 9.8; 0.0;-;-;1642;-0.2; 0.0; 0.0;-8; 21.9;F;1;29;On;On;Off; 22.5; 22.2;0;0;868;0;868;0;682;0;-
2026/04/10;02:12:20;96;-; 52.45; 0.0;-; 6.9; 9.8; 0.0;-;-;1642;-0.2; 0.0; 0.0;-7; 21.9;F;1;29;On;On;Off; 22.5; 22.2;0;0;868;0;868;0;682;0;-
2026/04/10;02:13:20;96;-; 52.47; 0.0;-; 7.0; 9.8; 0.0;-;-;1642;-0.2; 0.0; 0.0;-7; 21.9;F;1;29;On;On;Off; 22.5; 22.2;0;0;868;0;868;0;682;0;-
2026/04/10;02:14:20;96;-; 52.47; 0.0;-; 7.0; 9.7; 0.0;-;-;1642;-0.2; 0.0; 0.0;-7; 21.9;F;1;29;On;On;Off; 22.5; 22.2;0;0;868;0;868;0;682;0;-
2026/04/10;02:15:20;96;-; 52.47; 0.0;-; 6.9; 9.9; 0.0;-;-;1642;-0.2; 0.0; 0.0;-7; 21.9;F;1;29;On;On;Off; 22.5; 22.2;0;0;868;0;868;0;682;0;-
2026/04/10;02:16:20;96;-; 52.47; 0.0;-; 6.9; 9.8; 0.0;-;-;1642;-0.2; 0.0; 0.0;-7; 21.9;F;1;29;On;On;Off; 22.5; 22.2;0;0;868;0;868;0;682;0;-
2026/04/10;02:17:20;96;-; 52.47; 0.0;-; 7.0; 9.8; 0.0;-;-;1642;-0.2; 0.0; 0.0;-7; 21.9;F;1;29;On;On;Off; 22.5; 22.2;0;0;868;0;868;0;682;0;-
2026/04/10;02:18:20;96;-; 52.47; 0.0;-; 7.0; 9.7; 0.0;-;-;1642;-0.2; 0.0; 0.0;-7; 21.9;F;1;29;On;On;Off; 22.5; 22.2;0;0;868;0;868;0;682;0;-
2026/04/10;02:19:20;96;-; 52.47; 0.0;-; 6.9; 9.8; 0.0;-;-;1642;-0.1; 0.0; 0.0;-7; 21.9;F;1;29;On;On;Off; 22.4; 22.2;0;0;868;0;868;0;682;0;-
2026/04/10;02:20:19;96;-; 52.47; 0.0;-; 7.0; 9.8; 0.0;-;-;1642;-0.2; 0.0; 0.0;-8; 21.9;F;1;29;On;On;Off; 22.5; 22.2;0;0;868;0;868;0;682;0;-
2026/04/10;02:21:19;96;-; 52.47; 0.0;-; 7.0; 9.9; 0.0;-;-;1642;-0.2; 0.0; 0.0;-7; 21.9;F;1;29;On;On;Off; 22.5; 22.2;0;0;868;0;868;0;682;0;-
2026/04/10;02:22:19;96;-; 52.45; 0.0;-; 7.0; 9.8; 0.0;-;-;1642;-0.1; 0.0; 0.0;-7; 21.9;F;1;29;On;On;Off; 22.5; 22.1;0;0;868;0;868;0;682;0;-
2026/04/10;02:23:19;96;-; 52.47; 0.0;-; 6.8; 9.8; 0.0;-;-;1642;-0.1; 0.0; 0.0;-7; 21.9;F;1;29;On;On;Off; 22.5; 22.2;0;0;868;0;868;0;682;0;-
2026/04/10;02:24:19;96;-; 52.47; 0.0;-; 6.9; 9.9; 0.0;-;-;1642;-0.1; 0.0; 0.0;-7; 21.9;F;1;29;On;On;Off; 22.5; 22.1;0;0;868;0;868;0;682;0;-
2026/04/10;02:25:19;96;-; 52.47; 0.0;-; 6.9; 9.7; 0.0;-;-;1642;-0.1; 0.0; 0.0;-7; 21.9;F;1;29;On;On;Off; 22.5; 22.1;0;0;868;0;868;0;682;0;-
2026/04/10;02:26:19;96;-; 52.47; 0.0;-; 7.0; 9.9; 0.0;-;-;1642;-0.1; 0.0; 0.0;-7; 21.9;F;1;29;On;On;Off; 22.4; 22.1;0;0;868;0;868;0;682;0;-
2026/04/10;02:27:19;96;-; 52.47; 0.0;-; 7.0; 9.8; 0.0;-;-;1643;-0.2; 0.0; 0.0;-7; 21.9;F;1;29;On;On;Off; 22.4; 22.1;0;0;868;0;868;0;682;0;-
2026/04/10;02:28:19;96;-; 52.47; 0.0;-; 7.0; 9.8; 0.0;-;-;1643;-0.1; 0.0; 0.0;-7; 21.9;F;1;29;On;On;Off; 22.4; 22.1;0;0;868;0;868;0;682;0;-
2026/04/10;02:29:19;96;-; 52.45; 0.0;-; 7.0; 9.8; 0.0;-;-;1643;-0.1; 0.0; 0.0;-7; 21.9;F;1;29;On;On;Off; 22.4; 22.1;0;0;868;0;868;0;682;0;-
2026/04/10;02:30:19;96;-; 52.47; 0.0;-; 6.9; 9.9; 0.0;-;-;1643;-0.1; 0.0; 0.0;-7; 21.9;F;1;29;On;On;Off; 22.4; 22.1;0;0;868;0;868;0;682;0;-
2026/04/10;02:31:19;96;-; 52.45; 0.0;-; 6.9; 9.7; 0.0;-;-;1643;-0.2; 0.0; 0.0;-7; 21.9;F;1;29;On;On;Off; 22.4; 22.1;0;0;868;0;868;0;682;0;-
2026/04/10;02:32:19;96;-; 52.45; 0.0;-; 6.9; 9.8; 0.0;-;-;1643;-0.2; 0.0; 0.0;-7; 21.9;F;1;29;On;On;Off; 22.4; 22.1;0;0;868;0;868;0;682;0;-
2026/04/10;02:33:19;96;-; 52.47; 0.0;-; 7.0; 9.9; 0.0;-;-;1643;-0.2; 0.0; 0.0;-8; 21.9;F;1;29;On;On;Off; 22.4; 22.1;0;0;868;0;868;0;682;0;-
2026/04/10;02:34:19;96;-; 52.45; 0.0;-; 7.0; 9.8; 0.0;-;-;1643;-0.2; 0.0; 0.0;-7; 21.9;F;1;29;On;On;Off; 22.4; 22.1;0;0;868;0;868;0;682;0;-
2026/04/10;02:35:19;96;-; 52.47; 0.0;-; 7.0; 9.7; 0.0;-;-;1643;-0.1; 0.0; 0.0;-7; 21.9;F;1;29;On;On;Off; 22.4; 22.1;0;0;868;0;868;0;682;0;-
2026/04/10;02:36:18;96;-; 52.45; 0.0;-; 7.0; 9.9; 0.0;-;-;1643;-0.1; 0.0; 0.0;-7; 21.9;F;1;29;On;On;Off; 22.4; 22.1;0;0;868;0;868;0;682;0;-
2026/04/10;02:37:18;96;-; 52.45; 0.0;-; 7.1; 9.9; 0.0;-;-;1643;-0.2; 0.0; 0.0;-7; 21.9;F;1;29;On;On;Off; 22.4; 22.1;0;0;868;0;868;0;682;0;-
2026/04/10;02:38:18;96;-; 52.45; 0.0;-; 6.9; 9.7; 0.0;-;-;1643;-0.1; 0.0; 0.0;-7; 21.9;F;1;29;On;On;Off; 22.4; 22.1;0;0;868;0;868;0;682;0;-
2026/04/10;02:39:18;96;-; 52.45; 0.0;-; 7.1; 9.9; 0.0;-;-;1643;-0.1; 0.0; 0.0;-7; 21.9;F;1;29;On;On;Off; 22.4; 22.1;0;0;868;0;868;0;682;0;-
2026/04/10;02:40:18;96;-; 52.43; 0.0;-; 7.0; 9.9; 0.0;-;-;1643;-0.2; 0.0; 0.0;-7; 21.9;F;1;29;On;On;Off; 22.4; 22.1;0;0;868;0;868;0;682;0;-
2026/04/10;02:41:18;96;-; 52.45; 0.0;-; 7.1; 9.9; 0.0;-;-;1643;-0.2; 0.0; 0.0;-7; 21.9;F;1;29;On;On;Off; 22.4; 22.1;0;0;868;0;868;0;682;0;-
2026/04/10;02:42:18;96;-; 52.45; 0.0;-; 7.0; 9.9; 0.0;-;-;1643;-0.2; 0.0; 0.0;-8; 21.9;F;1;29;On;On;Off; 22.4; 22.1;0;0;868;0;868;0;682;0;-
2026/04/10;02:43:18;96;-; 52.45; 0.0;-; 7.0; 9.9; 0.0;-;-;1643;-0.2; 0.0; 0.0;-8; 21.9;F;1;29;On;On;Off; 22.4; 22.1;0;0;868;0;868;0;682;0;-
2026/04/10;02:44:18;96;-; 52.45; 0.0;-; 7.1; 10.0; 0.0;-;-;1643;-0.1; 0.0; 0.0;-7; 21.9;F;1;29;On;On;Off; 22.4; 22.1;0;0;868;0;868;0;682;0;-
2026/04/10;02:45:18;96;-; 52.45; 0.0;-; 7.1; 9.8; 0.0;-;-;1643;-0.2; 0.0; 0.0;-7; 21.9;F;1;29;On;On;Off; 22.4; 22.1;0;0;868;0;868;0;682;0;-
2026/04/10;02:46:18;96;-; 52.45; 0.0;-; 7.0; 9.8; 0.0;-;-;1643;-0.1; 0.0; 0.0;-7; 21.9;F;1;29;On;On;Off; 22.4; 22.1;0;0;868;0;868;0;682;0;-
2026/04/10;02:47:18;96;-; 52.43; 0.0;-; 6.9; 9.9; 0.0;-;-;1643;-0.1; 0.0; 0.0;-7; 21.9;F;1;29;On;On;Off; 22.4; 22.1;0;0;868;0;868;0;682;0;-
2026/04/10;02:48:18;96;-; 52.45; 0.0;-; 7.0; 9.8; 0.0;-;-;1643;-0.1; 0.0; 0.0;-7; 21.9;F;1;29;On;On;Off; 22.4; 22.1;0;0;868;0;868;0;682;0;-
2026/04/10;02:49:18;96;-; 52.43; 0.0;-; 6.9; 9.9; 0.0;-;-;1643;-0.1; 0.0; 0.0;-7; 21.9;F;1;29;On;On;Off; 22.4; 22.1;0;0;868;0;868;0;682;0;-
2026/04/10;02:50:18;96;-; 52.45; 0.0;-; 7.0; 9.9; 0.0;-;-;1643;-0.1; 0.0; 0.0;-7; 21.9;F;1;29;On;On;Off; 22.4; 22.1;0;0;868;0;868;0;682;0;-
2026/04/10;02:51:18;96;-; 52.45; 0.0;-; 7.0; 9.7; 0.0;-;-;1643;-0.1; 0.0; 0.0;-7; 21.9;F;1;29;On;On;Off; 22.4; 22.1;0;0;868;0;868;0;682;0;-
2026/04/10;02:52:17;96;-; 52.45; 0.0;-; 7.0; 9.8; 0.0;-;-;1643;-0.2; 0.0; 0.0;-7; 21.9;F;1;29;On;On;Off; 22.4; 22.1;0;0;868;0;868;0;682;0;-
2026/04/10;02:53:17;96;-; 52.45; 0.0;-; 6.9; 9.8; 0.0;-;-;1643;-0.1; 0.0; 0.0;-7; 21.9;F;1;29;On;On;Off; 22.4; 22.1;0;0;868;0;868;0;682;0;-
2026/04/10;02:54:17;96;-; 52.45; 0.0;-; 7.0; 9.8; 0.0;-;-;1643;-0.1; 0.0; 0.0;-7; 21.9;F;1;29;On;On;Off; 22.4; 22.1;0;0;868;0;868;0;682;0;-
2026/04/10;02:55:17;96;-; 52.45; 0.0;-; 7.1; 9.9; 0.0;-;-;1643;-0.1; 0.0; 0.0;-7; 21.9;F;1;29;On;On;Off; 22.4; 22.1;0;0;868;0;868;0;682;0;-
2026/04/10;02:56:17;96;-; 52.43; 0.0;-; 6.9; 9.8; 0.0;-;-;1643;-0.1; 0.0; 0.0;-7; 21.9;F;1;29;On;On;Off; 22.4; 22.1;0;0;868;0;868;0;682;0;-
2026/04/10;02:57:17;96;-; 52.45; 0.0;-; 6.9; 9.7; 0.0;-;-;1643;-0.2; 0.0; 0.0;-8; 21.9;F;1;29;On;On;Off; 22.4; 22.1;0;0;868;0;868;0;682;0;-
2026/04/10;02:58:17;96;-; 52.43; 0.0;-; 6.9; 9.7; 0.0;-;-;1643;-0.1; 0.0; 0.0;-7; 21.9;F;1;29;On;On;Off; 22.4; 22.1;0;0;868;0;868;0;682;0;-
2026/04/10;02:59:17;96;-; 52.45; 0.0;-; 6.9; 9.8; 0.0;-;-;1643;-0.1; 0.0; 0.0;-7; 21.9;F;1;29;On;On;Off; 22.4; 22.1;0;0;868;0;868;0;682;0;-
2026/04/10;03:00:17;96;-; 52.45; 0.0;-; 9.0; 10.4; 0.0;-;-;1643;-0.2; 0.0; 0.0;-7; 21.9;F;1;29;On;On;Off; 22.4; 22.1;0;0;868;0;868;0;682;0;-
2026/04/10;03:01:17;96;-; 52.45; 0.0;-; 9.0; 10.4; 0.0;-;-;1643;-0.2; 0.0; 0.0;-7; 21.9;F;1;29;On;On;Off; 22.4; 22.1;0;0;868;0;868;0;682;0;-
2026/04/10;03:02:17;96;-; 52.45; 0.0;-; 9.0; 10.4; 0.0;-;-;1643;-0.2; 0.0; 0.0;-7; 21.9;F;1;29;On;On;Off; 22.4; 22.1;0;0;868;0;868;0;682;0;-
2026/04/10;03:03:17;96;-; 52.45; 0.0;-; 9.2; 10.3; 0.0;-;-;1643;-0.2; 0.0; 0.0;-7; 21.9;F;1;29;On;On;Off; 22.4; 22.1;0;0;868;0;868;0;682;0;-
2026/04/10;03:04:17;96;-; 52.45; 0.0;-; 9.1; 10.3; 0.0;-;-;1643;-0.2; 0.0; 0.0;-7; 21.9;F;1;29;On;On;Off; 22.4; 22.1;0;0;868;0;868;0;682;0;-
2026/04/10;03:05:17;96;-; 52.45; 0.0;-; 9.1; 10.5; 0.0;-;-;1643;-0.1; 0.0; 0.0;-7; 21.9;F;1;29;On;On;Off; 22.4; 22.1;0;0;868;0;868;0;682;0;-
2026/04/10;03:06:17;96;-; 52.45; 0.0;-; 9.1; 10.3; 0.0;-;-;1643;-0.1; 0.0; 0.0;-7; 21.9;F;1;29;On;On;Off; 22.4; 22.1;0;0;868;0;868;0;682;0;-
2026/04/10;03:07:16;96;-; 52.45; 0.0;-; 9.1; 10.4; 0.0;-;-;1643;-0.1; 0.0; 0.0;-7; 21.9;F;1;29;On;On;Off; 22.4; 22.1;0;0;868;0;868;0;682;0;-
2026/04/10;03:08:16;96;-; 52.45; 0.0;-; 9.0; 10.4; 0.0;-;-;1643;-0.1; 0.0; 0.0;-7; 21.9;F;1;29;On;On;Off; 22.4; 22.1;0;0;868;0;868;0;682;0;-
2026/04/10;03:09:16;96;-; 52.43; 0.0;-; 9.1; 10.4; 0.0;-;-;1643;-0.2; 0.0; 0.0;-7; 21.9;F;1;29;On;On;Off; 22.4; 22.1;0;0;868;0;868;0;682;0;-
2026/04/10;03:10:16;96;-; 52.43; 0.0;-; 9.1; 10.4; 0.0;-;-;1643;-0.2; 0.0; 0.0;-7; 21.9;F;1;29;On;On;Off; 22.5; 22.1;0;0;868;0;868;0;682;0;-
2026/04/10;03:11:16;96;-; 52.43; 0.0;-; 9.1; 10.3; 0.0;-;-;1643;-0.2; 0.0; 0.0;-7; 21.9;F;1;29;On;On;Off; 22.5; 22.1;0;0;868;0;868;0;682;0;-
2026/04/10;03:12:16;96;-; 52.43; 0.0;-; 9.1; 10.4; 0.0;-;-;1643;-0.1; 0.0; 0.0;-7; 21.9;F;1;29;On;On;Off; 22.4; 22.1;0;0;868;0;868;0;682;0;-
2026/04/10;03:13:16;96;-; 52.43; 0.0;-; 9.1; 10.5; 0.0;-;-;1643;-0.1; 0.0; 0.0;-7; 22.0;F;1;29;On;On;Off; 22.5; 22.2;0;0;868;0;868;0;682;0;-
2026/04/10;03:14:16;96;-; 52.41; 0.0;-; 9.2; 10.4; 0.0;-;-;1643;-0.2; 0.0; 0.0;-7; 22.0;F;1;29;On;On;Off; 22.4; 22.1;0;0;868;0;868;0;682;0;-
2026/04/10;03:15:16;96;-; 52.41; 0.0;-; 9.4; 10.6; 0.0;-;-;1643;-0.1; 0.0; 0.0;-7; 22.0;F;1;29;On;On;Off; 22.4; 22.1;0;0;868;0;868;0;682;0;-
2026/04/10;03:16:16;96;-; 52.43; 0.0;-; 9.2; 10.4; 0.0;-;-;1643;-0.2; 0.0; 0.0;-7; 22.0;F;1;29;On;On;Off; 22.4; 22.1;0;0;868;0;868;0;682;0;-
2026/04/10;03:17:16;96;-; 52.43; 0.0;-; 9.1; 10.4; 0.0;-;-;1643;-0.1; 0.0; 0.0;-7; 22.0;F;1;29;On;On;Off; 22.5; 22.1;0;0;868;0;868;0;682;0;-
2026/04/10;03:18:16;96;-; 52.43; 0.0;-; 9.2; 10.5; 0.0;-;-;1643;-0.1; 0.0; 0.0;-7; 22.0;F;1;29;On;On;Off; 22.4; 22.2;0;0;868;0;868;0;682;0;-
2026/04/10;03:19:16;96;-; 52.43; 0.0;-; 9.2; 10.5; 0.0;-;-;1643;-0.1; 0.0; 0.0;-7; 22.0;F;1;29;On;On;Off; 22.4; 22.2;0;0;868;0;868;0;682;0;-
2026/04/10;03:20:16;96;-; 52.41; 0.0;-; 9.1; 10.5; 0.0;-;-;1643;-0.2; 0.0; 0.0;-8; 22.0;F;1;29;On;On;Off; 22.5; 22.2;0;0;868;0;868;0;682;0;-
2026/04/10;03:21:16;96;-; 52.43; 0.0;-; 9.2; 10.5; 0.0;-;-;1643;-0.2; 0.0; 0.0;-7; 22.0;F;1;29;On;On;Off; 22.5; 22.2;0;0;868;0;868;0;682;0;-
2026/04/10;03:22:16;96;-; 52.43; 0.0;-; 9.2; 10.3; 0.0;-;-;1643;-0.2; 0.0; 0.0;-7; 22.0;F;1;29;On;On;Off; 22.5; 22.2;0;0;868;0;868;0;682;0;-
2026/04/10;03:23:15;96;-; 52.43; 0.0;-; 9.2; 10.4; 0.0;-;-;1643;-0.1; 0.0; 0.0;-7; 22.0;F;1;29;On;On;Off; 22.4; 22.2;0;0;868;0;868;0;682;0;-
2026/04/10;03:24:15;96;-; 52.43; 0.0;-; 9.2; 10.5; 0.0;-;-;1643;-0.1; 0.0; 0.0;-7; 22.0;F;1;29;On;On;Off; 22.4; 22.2;0;0;868;0;868;0;682;0;-
2026/04/10;03:25:15;96;-; 52.43; 0.0;-; 9.2; 10.5; 0.0;-;-;1643;-0.1; 0.0; 0.0;-7; 22.0;F;1;29;On;On;Off; 22.5; 22.1;0;0;868;0;868;0;682;0;-
2026/04/10;03:26:15;96;-; 52.43; 0.0;-; 9.3; 10.5; 0.0;-;-;1643;-0.1; 0.0; 0.0;-7; 22.0;F;1;29;On;On;Off; 22.4; 22.2;0;0;868;0;868;0;682;0;-
2026/04/10;03:27:15;96;-; 52.41; 0.0;-; 9.3; 10.6; 0.0;-;-;1644;-0.1; 0.0; 0.0;-7; 22.0;F;1;29;On;On;Off; 22.5; 22.1;0;0;868;0;868;0;682;0;-
2026/04/10;03:28:15;96;-; 52.41; 0.0;-; 9.1; 10.5; 0.0;-;-;1644;-0.1; 0.0; 0.0;-7; 22.0;F;1;29;On;On;Off; 22.5; 22.2;0;0;868;0;868;0;682;0;-
2026/04/10;03:29:15;96;-; 52.41; 0.0;-; 9.2; 10.5; 0.0;-;-;1644;-0.1; 0.0; 0.0;-7; 22.0;F;1;29;On;On;Off; 22.5; 22.2;0;0;868;0;868;0;682;0;-
2026/04/10;03:30:15;96;-; 52.43; 0.0;-; 9.2; 10.4; 0.0;-;-;1644;-0.1; 0.0; 0.0;-7; 22.0;F;1;29;On;On;Off; 22.4; 22.1;0;0;868;0;868;0;682;0;-
2026/04/10;03:31:15;96;-; 52.41; 0.0;-; 9.2; 10.5; 0.0;-;-;1644;-0.2; 0.0; 0.0;-7; 22.0;F;1;29;On;On;Off; 22.4; 22.1;0;0;868;0;868;0;682;0;-
2026/04/10;03:32:15;96;-; 52.43; 0.0;-; 9.3; 10.4; 0.0;-;-;1644;-0.2; 0.0; 0.0;-7; 22.0;F;1;29;On;On;Off; 22.4; 22.1;0;0;868;0;868;0;682;0;-
2026/04/10;03:33:15;96;-; 52.41; 0.0;-; 9.3; 10.6; 0.0;-;-;1644;-0.2; 0.0; 0.0;-7; 22.0;F;1;29;On;On;Off; 22.4; 22.1;0;0;868;0;868;0;682;0;-
2026/04/10;03:34:15;96;-; 52.43; 0.0;-; 9.4; 10.5; 0.0;-;-;1644;-0.2; 0.0; 0.0;-8; 22.0;F;1;29;On;On;Off; 22.4; 22.1;0;0;868;0;868;0;682;0;-
2026/04/10;03:35:15;96;-; 52.43; 0.0;-; 9.3; 10.6; 0.0;-;-;1644;-0.2; 0.0; 0.0;-7; 22.0;F;1;29;On;On;Off; 22.4; 22.1;0;0;868;0;868;0;682;0;-
2026/04/10;03:36:15;96;-; 52.43; 0.0;-; 9.4; 10.6; 0.0;-;-;1644;-0.2; 0.0; 0.0;-7; 22.0;F;1;29;On;On;Off; 22.4; 22.1;0;0;868;0;868;0;682;0;-
2026/04/10;03:37:15;96;-; 52.43; 0.0;-; 9.3; 10.6; 0.0;-;-;1644;-0.2; 0.0; 0.0;-7; 22.0;F;1;29;On;On;Off; 22.4; 22.1;0;0;868;0;868;0;682;0;-
2026/04/10;03:38:15;96;-; 52.43; 0.0;-; 9.4; 10.7; 0.0;-;-;1644;-0.1; 0.0; 0.0;-7; 22.0;F;1;29;On;On;Off; 22.4; 22.1;0;0;868;0;868;0;682;0;-
2026/04/10;03:39:14;96;-; 52.41; 0.0;-; 9.4; 10.7; 0.0;-;-;1644;-0.1; 0.0; 0.0;-7; 21.9;F;1;29;On;On;Off; 22.4; 22.1;0;0;868;0;868;0;682;0;-
2026/04/10;03:40:14;96;-; 52.43; 0.0;-; 9.5; 10.7; 0.0;-;-;1644;-0.1; 0.0; 0.0;-7; 21.9;F;1;29;On;On;Off; 22.4; 22.1;0;0;868;0;868;0;682;0;-
2026/04/10;03:41:14;96;-; 52.43; 0.0;-; 9.5; 10.7; 0.0;-;-;1644;-0.1; 0.0; 0.0;-7; 21.9;F;1;29;On;On;Off; 22.4; 22.1;0;0;868;0;868;0;682;0;-
2026/04/10;03:42:14;96;-; 52.43; 0.0;-; 9.6; 10.8; 0.0;-;-;1644;-0.1; 0.0; 0.0;-7; 21.9;F;1;29;On;On;Off; 22.4; 22.1;0;0;868;0;868;0;682;0;-
2026/04/10;03:43:14;96;-; 52.43; 0.0;-; 9.5; 10.7; 0.0;-;-;1644;-0.1; 0.0; 0.0;-7; 21.9;F;1;29;On;On;Off; 22.4; 22.1;0;0;868;0;868;0;682;0;-
2026/04/10;03:44:14;96;-; 52.41; 0.0;-; 9.6; 10.9; 0.0;-;-;1644;-0.1; 0.0; 0.0;-6; 21.9;F;1;29;On;On;Off; 22.4; 22.1;0;0;868;0;868;0;682;0;-
2026/04/10;03:45:14;96;-; 52.43; 0.0;-; 9.7; 10.8; 0.0;-;-;1644;-0.1; 0.0; 0.0;-7; 21.9;F;1;29;On;On;Off; 22.4; 22.1;0;0;868;0;868;0;682;0;-
2026/04/10;03:46:14;96;-; 52.41; 0.0;-; 9.7; 11.0; 0.0;-;-;1644;-0.1; 0.0; 0.0;-7; 21.9;F;1;29;On;On;Off; 22.4; 22.1;0;0;868;0;868;0;682;0;-
2026/04/10;03:47:14;96;-; 52.41; 0.0;-; 9.8; 10.9; 0.0;-;-;1644;-0.1; 0.0; 0.0;-7; 21.9;F;1;29;On;On;Off; 22.4; 22.1;0;0;868;0;868;0;682;0;-
2026/04/10;03:48:14;96;-; 52.41; 0.0;-; 9.9; 11.1; 0.0;-;-;1644;-0.1; 0.0; 0.0;-7; 21.9;F;1;29;On;On;Off; 22.4; 22.1;0;0;868;0;868;0;682;0;-
2026/04/10;03:49:14;96;-; 52.41; 0.0;-; 9.9; 11.0; 0.0;-;-;1644;-0.1; 0.0; 0.0;-7; 21.9;F;1;29;On;On;Off; 22.4; 22.1;0;0;868;0;868;0;682;0;-
2026/04/10;03:50:14;96;-; 52.41; 0.0;-; 10.1; 11.2; 0.0;-;-;1644;-0.1; 0.0; 0.0;-7; 21.9;F;1;29;On;On;Off; 22.4; 22.1;0;0;868;0;868;0;682;0;-
2026/04/10;03:51:14;96;-; 52.41; 0.0;-; 10.2; 11.2; 0.0;-;-;1644;-0.1; 0.0; 0.0;-7; 21.9;F;1;29;On;On;Off; 22.4; 22.1;0;0;868;0;868;0;682;0;-
2026/04/10;03:52:14;96;-; 52.41; 0.0;-; 10.3; 11.3; 0.0;-;-;1644;-0.1; 0.0; 0.0;-7; 21.9;F;1;29;On;On;Off; 22.3; 22.1;0;0;868;0;868;0;682;0;-
2026/04/10;03:53:14;96;-; 52.41; 0.0;-; 10.4; 11.4; 0.0;-;-;1644;-0.1; 0.0; 0.0;-7; 21.9;F;1;29;On;On;Off; 22.4; 22.1;0;0;868;0;868;0;682;0;-
2026/04/10;03:54:14;96;-; 52.41; 0.0;-; 10.5; 11.5; 0.0;-;-;1644;-0.1; 0.0; 0.0;-7; 21.9;F;1;29;On;On;Off; 22.3; 22.1;0;0;868;0;868;0;682;0;-
2026/04/10;03:55:13;96;-; 52.41; 0.0;-; 10.6; 11.6; 0.0;-;-;1644;-0.1; 0.0; 0.0;-6; 21.9;F;1;29;On;On;Off; 22.3; 22.1;0;0;868;0;868;0;682;0;-
2026/04/10;03:56:13;96;-; 52.41; 0.0;-; 10.7; 11.7; 0.0;-;-;1644;-0.1; 0.0; 0.0;-7; 21.9;F;1;29;On;On;Off; 22.3; 22.0;0;0;868;0;868;0;682;0;-
2026/04/10;03:57:13;96;-; 52.41; 0.0;-; 11.0; 11.8; 0.0;-;-;1644;-0.1; 0.0; 0.0;-6; 21.9;F;1;29;On;On;Off; 22.3; 22.0;0;0;868;0;868;0;682;0;-
2026/04/10;03:58:13;96;-; 52.41; 0.0;-; 11.2; 12.2; 0.0;-;-;1644;-0.1; 0.0; 0.0;-7; 21.9;F;1;29;On;On;Off; 22.3; 22.0;0;0;868;0;868;0;682;0;-
2026/04/10;03:59:13;96;-; 52.41; 0.0;-; 11.4; 12.3; 0.0;-;-;1644;-0.1; 0.0; 0.0;-7; 21.9;F;1;29;On;On;Off; 22.3; 22.0;0;0;868;0;868;0;682;0;-
2026/04/10;04:00:13;96;-; 52.41; 0.0;-; 11.7; 12.6; 0.0;-;-;1644;-0.1; 0.0; 0.0;-7; 21.8;F;1;29;On;On;Off; 22.3; 22.0;0;0;868;0;868;0;682;0;-
2026/04/10;04:01:13;96;-; 52.39; 0.0;-; 11.9; 12.9; 0.0;-;-;1644;-0.1; 0.0; 0.0;-6; 21.8;F;1;29;On;On;Off; 22.3; 22.0;0;0;868;0;868;0;682;0;-
2026/04/10;04:02:13;95;-; 52.39; 0.0;-; 12.3; 12.9; 0.0;-;-;1644;-0.1; 0.0; 0.0;-7; 21.8;F;1;29;On;On;Off; 22.3; 22.0;0;0;868;0;868;0;682;0;-
2026/04/10;04:03:13;95;-; 52.39; 0.0;-; 12.7; 13.4; 0.0;-;-;1644;-0.1; 0.0; 0.0;-7; 21.8;F;1;29;On;On;Off; 22.3; 22.0;0;0;868;0;868;0;682;0;-
2026/04/10;04:04:13;95;-; 52.39; 0.0;-; 13.0; 13.4; 0.0;-;-;1644;-0.2; 0.0; 0.0;-7; 21.8;F;1;29;On;On;Off; 22.3; 22.0;0;0;868;0;868;0;682;0;-
2026/04/10;04:05:13;95;-; 52.39; 0.0;-; 13.3; 13.7; 0.0;-;-;1644;-0.1; 0.0; 0.0;-7; 21.8;F;1;29;On;On;Off; 22.3; 22.0;0;0;868;0;868;0;682;0;-
2026/04/10;04:06:13;95;-; 52.41; 0.0;-; 13.7; 14.2; 0.0;-;-;1644;-0.1; 0.0; 0.0;-7; 21.8;F;1;29;On;On;Off; 22.3; 22.0;0;0;868;0;868;0;682;0;-
2026/04/10;04:07:13;95;-; 52.41; 0.0;-; 14.2; 14.4; 0.0;-;-;1644;-0.2; 0.0; 0.0;-7; 21.8;F;1;29;On;On;Off; 22.3; 22.0;0;0;868;0;868;0;682;0;-
2026/04/10;04:08:13;95;-; 52.39; 0.0;-; 14.5; 14.7; 0.0;-;-;1644;-0.2; 0.0; 0.0;-7; 21.8;F;1;29;On;On;Off; 22.3; 22.0;0;0;868;0;868;0;682;0;-
2026/04/10;04:09:13;95;-; 52.41; 0.0;-; 15.0; 15.2; 0.0;-;-;1644;-0.2; 0.0; 0.0;-8; 21.8;F;1;29;On;On;Off; 22.3; 22.0;0;0;868;0;868;0;682;0;-
2026/04/10;04:10:12;95;-; 52.39; 0.0;-; 15.6; 15.7; 0.0;-;-;1644;-0.2; 0.0; 0.0;-8; 21.8;F;1;29;On;On;Off; 22.3; 22.0;0;0;868;0;868;0;682;0;-
2026/04/10;04:11:12;95;-; 52.41; 0.0;-; 16.2; 16.1; 0.0;-;-;1644;-0.2; 0.0; 0.0;-7; 21.8;F;1;29;On;On;Off; 22.3; 22.0;0;0;868;0;868;0;682;0;-
2026/04/10;04:12:12;95;-; 52.39; 0.0;-; 16.8; 16.5; 0.0;-;-;1644;-0.2; 0.0; 0.0;-8; 21.8;F;1;29;On;On;Off; 22.3; 22.0;0;0;868;0;868;0;682;0;-
2026/04/10;04:13:12;95;-; 52.41; 0.0;-; 17.6; 17.4; 0.0;-;-;1644;-0.2; 0.0; 0.0;-8; 21.8;F;1;29;On;On;Off; 22.3; 22.0;0;0;868;0;868;0;682;0;-
2026/04/10;04:14:12;95;-; 52.41; 0.0;-; 18.2; 17.8; 0.0;-;-;1644;-0.2; 0.0; 0.0;-7; 21.8;F;1;29;On;On;Off; 22.3; 22.0;0;0;868;0;868;0;682;0;-
2026/04/10;04:15:12;95;-; 52.41; 0.0;-; 19.1; 18.6; 0.0;-;-;1644;-0.2; 0.0; 0.0;-7; 21.8;F;1;29;On;On;Off; 22.3; 22.0;0;0;868;0;868;0;682;0;-
2026/04/10;04:16:12;95;-; 52.41; 0.0;-; 20.0; 19.2; 0.0;-;-;1644;-0.2; 0.0; 0.0;-7; 21.8;F;1;29;On;On;Off; 22.3; 22.0;0;0;868;0;868;0;682;0;-
2026/04/10;04:17:12;95;-; 52.41; 0.0;-; 20.7; 20.1; 0.0;-;-;1644;-0.2; 0.0; 0.0;-7; 21.8;F;1;29;On;On;Off; 22.3; 22.0;0;0;868;0;868;0;682;0;-
2026/04/10;04:18:12;95;-; 52.41; 0.0;-; 21.7; 20.9; 0.0;-;-;1644;-0.1; 0.0; 0.0;-7; 21.8;F;1;29;On;On;Off; 22.3; 22.0;0;0;868;0;868;0;682;0;-
2026/04/10;04:19:12;95;-; 52.39; 0.0;-; 22.7; 21.6; 0.0;-;-;1644;-0.2; 0.0; 0.0;-7; 21.8;F;1;29;On;On;Off; 22.3; 22.0;0;0;868;0;868;0;682;0;-
2026/04/10;04:20:12;95;-; 52.39; 0.0;-; 23.9; 22.7; 0.0;-;-;1644;-0.2; 0.0; 0.0;-8; 21.8;F;1;29;On;On;Off; 22.3; 22.0;0;0;868;0;868;0;682;0;-
2026/04/10;04:21:12;95;-; 52.41; 0.0;-; 25.0; 23.8; 0.0;-;-;1644;-0.2; 0.0; 0.0;-8; 21.8;F;1;29;On;On;Off; 22.3; 22.0;0;0;868;0;868;0;682;0;-
2026/04/10;04:22:12;95;-; 52.39; 0.0;-; 26.3; 25.0; 0.0;-;-;1644;-0.2; 0.0; 0.0;-8; 21.8;F;1;29;On;On;Off; 22.3; 22.0;0;0;868;0;868;0;682;0;-
2026/04/10;04:23:12;95;-; 52.37; 0.0;-; 27.4; 26.1; 0.0;-;-;1644;-0.2; 0.0; 0.0;-7; 21.9;F;1;29;On;On;Off; 22.3; 22.0;0;0;868;0;868;0;682;0;-
2026/04/10;04:24:12;95;-; 52.37; 0.0;-; 28.8; 27.3; 0.0;-;-;1644;-0.2; 0.0; 0.0;-7; 21.9;F;1;29;On;On;Off; 22.3; 22.0;0;0;868;0;868;0;682;0;-
2026/04/10;04:25:12;95;-; 52.39; 0.0;-; 30.3; 28.5; 0.0;-;-;1644;-0.2; 0.0; 0.0;-7; 21.9;F;1;29;On;On;Off; 22.3; 22.0;0;0;868;0;868;0;682;0;-
2026/04/10;04:26:11;95;-; 52.39; 0.0;-; 31.7; 30.0; 0.0;-;-;1644;-0.1; 0.0; 0.0;-7; 21.9;F;1;29;On;On;Off; 22.4; 22.1;0;0;868;0;868;0;682;0;-
2026/04/10;04:27:11;95;-; 52.37; 0.0;-; 33.1; 31.2; 0.0;-;-;1645;-0.1; 0.0; 0.0;-7; 21.9;F;1;29;On;On;Off; 22.4; 22.1;0;0;868;0;868;0;682;0;-
2026/04/10;04:28:11;95;-; 52.37; 0.0;-; 34.8; 32.8; 0.0;-;-;1645;-0.1; 0.0; 0.0;-7; 21.9;F;1;29;On;On;Off; 22.4; 22.1;0;0;868;0;868;0;682;0;-
2026/04/10;04:29:11;95;-; 52.39; 0.0;-; 36.0; 34.1; 0.0;-;-;1645;-0.1; 0.0; 0.0;-7; 21.9;F;1;29;On;On;Off; 22.4; 22.1;0;0;868;0;868;0;682;0;-
2026/04/10;04:30:11;95;-; 52.39; 0.0;-; 37.8; 35.5; 0.0;-;-;1645;-0.1; 0.0; 0.0;-7; 21.9;F;1;29;On;On;Off; 22.4; 22.1;0;0;868;0;868;0;682;0;-
2026/04/10;04:31:11;95;-; 52.37; 0.0;-; 39.0; 36.9; 0.0;-;-;1645;-0.1; 0.0; 0.0;-6; 21.9;F;1;29;On;On;Off; 22.4; 22.1;0;0;868;0;868;0;682;0;-
2026/04/10;04:32:11;95;-; 52.37; 0.0;-; 40.7; 38.4; 0.0;-;-;1645;-0.1; 0.0; 0.0;-6; 21.9;F;1;29;On;On;Off; 22.4; 22.1;0;0;868;0;868;0;682;0;-
2026/04/10;04:33:11;95;-; 52.39; 0.0;-; 42.2; 39.7; 0.0;-;-;1645;-0.2; 0.0; 0.0;-7; 21.9;F;1;29;On;On;Off; 22.4; 22.1;0;0;868;0;868;0;682;0;-
2026/04/10;04:34:11;95;-; 52.39; 0.0;-; 43.4; 41.1; 0.0;-;-;1645;-0.1; 0.0; 0.0;-7; 21.9;F;1;29;On;On;Off; 22.4; 22.1;0;0;868;0;868;0;682;0;-
2026/04/10;04:35:11;95;-; 52.39; 0.0;-; 44.8; 42.4; 0.0;-;-;1645;-0.1; 0.0; 0.0;-7; 21.9;F;1;29;On;On;Off; 22.4; 22.1;0;0;868;0;868;0;682;0;-
2026/04/10;04:36:11;95;-; 52.39; 0.0;-; 45.9; 43.6; 0.0;-;-;1645;-0.1; 0.0; 0.0;-7; 21.9;F;1;29;On;On;Off; 22.4; 22.1;0;0;868;0;868;0;682;0;-
2026/04/10;04:37:11;95;-; 52.39; 0.0;-; 47.0; 44.8; 0.0;-;-;1645;-0.1; 0.0; 0.0;-7; 21.9;F;1;29;On;On;Off; 22.4; 22.1;0;0;868;0;868;0;682;0;-
2026/04/10;04:38:11;95;-; 52.37; 0.0;-; 48.0; 46.1; 0.0;-;-;1645;-0.1; 0.0; 0.0;-7; 21.9;F;1;29;On;On;Off; 22.4; 22.1;0;0;868;0;868;0;682;0;-
2026/04/10;04:39:11;95;-; 52.39; 0.0;-; 49.1; 47.3; 0.0;-;-;1645;-0.1; 0.0; 0.0;-7; 21.9;F;1;29;On;On;Off; 22.4; 22.1;0;0;868;0;868;0;682;0;-
2026/04/10;04:40:11;95;-; 52.39; 0.0;-; 50.1; 48.2; 0.0;-;-;1645;-0.2; 0.0; 0.0;-8; 21.9;F;1;29;On;On;Off; 22.4; 22.1;0;0;868;0;868;0;682;0;-
2026/04/10;04:41:11;95;-; 52.39; 0.0;-; 51.1; 49.2; 0.0;-;-;1645;-0.2; 0.0; 0.0;-8; 21.9;F;1;29;On;On;Off; 22.4; 22.1;0;0;868;0;868;0;682;0;-
2026/04/10;04:42:10;95;-; 52.39; 0.0;-; 52.0; 50.4; 0.0;-;-;1645;-0.2; 0.0; 0.0;-7; 21.9;F;1;29;On;On;Off; 22.4; 22.1;0;0;868;0;868;0;682;0;-
2026/04/10;04:43:10;95;-; 52.39; 0.0;-; 53.0; 51.4; 0.0;-;-;1645;-0.2; 0.0; 0.0;-8; 21.9;F;1;29;On;On;Off; 22.4; 22.1;0;0;868;0;868;0;682;0;-
2026/04/10;04:44:10;95;-; 52.39; 0.0;-; 53.8; 52.2; 0.0;-;-;1645;-0.2; 0.0; 0.0;-7; 22.0;F;1;29;On;On;Off; 22.4; 22.1;0;0;868;0;868;0;682;0;-
2026/04/10;04:45:10;95;-; 52.39; 0.0;-; 54.9; 53.3; 0.0;-;-;1645;-0.2; 0.0; 0.0;-7; 22.0;F;1;29;On;On;Off; 22.4; 22.1;0;0;868;0;868;0;682;0;-
2026/04/10;04:46:10;95;-; 52.39; 0.0;-; 55.7; 54.3; 0.0;-;-;1645;-0.1; 0.0; 0.0;-7; 22.0;F;1;29;On;On;Off; 22.4; 22.1;0;0;868;0;868;0;682;0;-
2026/04/10;04:47:10;95;-; 52.37; 0.0;-; 56.5; 55.2; 0.0;-;-;1645;-0.1; 0.0; 0.0;-7; 22.0;F;1;29;On;On;Off; 22.4; 22.1;0;0;868;0;868;0;682;0;-
2026/04/10;04:48:10;95;-; 52.37; 0.0;-; 57.3; 56.1; 0.0;-;-;1645;-0.1; 0.0; 0.0;-7; 22.0;F;1;29;On;On;Off; 22.4; 22.1;0;0;868;0;868;0;682;0;-
2026/04/10;04:49:10;95;-; 52.37; 0.0;-; 58.1; 56.9; 0.0;-;-;1645;-0.2; 0.0; 0.0;-8; 22.0;F;1;29;On;On;Off; 22.4; 22.1;0;0;868;0;868;0;682;0;-
2026/04/10;04:50:10;95;-; 52.39; 0.0;-; 58.8; 57.7; 0.0;-;-;1645;-0.1; 0.0; 0.0;-7; 21.9;F;1;29;On;On;Off; 22.4; 22.1;0;0;868;0;868;0;682;0;-
2026/04/10;04:51:10;95;-; 52.37; 0.0;-; 59.5; 58.4; 0.0;-;-;1645;-0.1; 0.0; 0.0;-7; 22.0;F;1;29;On;On;Off; 22.4; 22.1;0;0;868;0;868;0;682;0;-
2026/04/10;04:52:10;95;-; 52.39; 0.0;-; 60.2; 59.1; 0.0;-;-;1645;-0.1; 0.0; 0.0;-7; 22.0;F;1;29;On;On;Off; 22.4; 22.1;0;0;868;0;868;0;682;0;-
2026/04/10;04:53:10;95;-; 52.39; 0.0;-; 60.8; 59.8; 0.0;-;-;1645;-0.1; 0.0; 0.0;-7; 21.9;F;1;29;On;On;Off; 22.4; 22.1;0;0;868;0;868;0;682;0;-
2026/04/10;04:54:10;95;-; 52.39; 0.0;-; 61.5; 60.5; 0.0;-;-;1645;-0.2; 0.0; 0.0;-8; 21.9;F;1;29;On;On;Off; 22.4; 22.1;0;0;868;0;868;0;682;0;-
2026/04/10;04:55:10;95;-; 52.37; 0.0;-; 61.9; 61.2; 0.0;-;-;1645;-0.2; 0.0; 0.0;-7; 21.9;F;1;29;On;On;Off; 22.4; 22.1;0;0;868;0;868;0;682;0;-
2026/04/10;04:56:10;95;-; 52.37; 0.0;-; 62.6; 61.7; 0.0;-;-;1645;-0.1; 0.0; 0.0;-7; 21.9;F;1;29;On;On;Off; 22.4; 22.1;0;0;868;0;868;0;682;0;-
2026/04/10;04:57:10;95;-; 52.37; 0.0;-; 63.0; 62.1; 0.0;-;-;1645;-0.2; 0.0; 0.0;-7; 21.9;F;1;29;On;On;Off; 22.4; 22.1;0;0;868;0;868;0;682;0;-
2026/04/10;04:58:09;95;-; 52.37; 0.0;-; 63.5; 62.7; 0.0;-;-;1645;-0.2; 0.0; 0.0;-7; 21.9;F;1;29;On;On;Off; 22.4; 22.1;0;0;868;0;868;0;682;0;-
2026/04/10;04:59:09;95;-; 52.37; 0.0;-; 63.9; 63.3; 0.0;-;-;1645;-0.2; 0.0; 0.0;-7; 21.9;F;1;29;On;On;Off; 22.4; 22.1;0;0;868;0;868;0;682;0;-
2026/04/10;05:00:09;95;-; 52.37; 0.0;-; 64.4; 63.7; 0.0;-;-;1645;-0.1; 0.0; 0.0;-7; 21.9;F;1;29;On;On;Off; 22.4; 22.1;0;0;868;0;868;0;682;0;-
2026/04/10;05:01:09;95;-; 52.37; 0.0;-; 64.8; 64.2; 0.0;-;-;1645;-0.2; 0.0; 0.0;-7; 21.9;F;1;29;On;On;Off; 22.4; 22.1;0;0;868;0;868;0;682;0;-
2026/04/10;05:02:09;95;-; 52.37; 0.0;-; 65.3; 64.5; 0.0;-;-;1645;-0.1; 0.0; 0.0;-7; 21.9;F;1;29;On;On;Off; 22.4; 22.1;0;0;868;0;868;0;682;0;-
2026/04/10;05:03:09;95;-; 52.37; 0.0;-; 65.6; 64.8; 0.0;-;-;1645;-0.1; 0.0; 0.0;-7; 21.9;F;1;29;On;On;Off; 22.3; 22.1;0;0;868;0;868;0;682;0;-
2026/04/10;05:04:09;95;-; 52.35; 0.0;-; 65.9; 65.4; 0.0;-;-;1645;-0.1; 0.0; 0.0;-7; 21.9;F;1;29;On;On;Off; 22.3; 22.1;0;0;868;0;868;0;682;0;-
2026/04/10;05:05:09;95;-; 52.37; 0.0;-; 66.2; 65.8; 0.0;-;-;1645;-0.1; 0.0; 0.0;-7; 21.9;F;1;29;On;On;Off; 22.3; 22.1;0;0;868;0;868;0;682;0;-
2026/04/10;05:06:09;95;-; 52.37; 0.0;-; 66.7; 66.0; 0.0;-;-;1645;-0.1; 0.0; 0.0;-7; 21.9;F;1;29;On;On;Off; 22.4; 22.1;0;0;868;0;868;0;682;0;-
2026/04/10;05:07:09;95;-; 52.37; 0.0;-; 67.0; 66.4; 0.0;-;-;1645;-0.1; 0.0; 0.0;-7; 21.9;F;1;29;On;On;Off; 22.3; 22.0;0;0;868;0;868;0;682;0;-
2026/04/10;05:08:09;95;-; 52.35; 0.0;-; 67.3; 66.7; 0.0;-;-;1645;-0.1; 0.0; 0.0;-6; 21.9;F;1;29;On;On;Off; 22.3; 22.0;0;0;868;0;868;0;682;0;-
2026/04/10;05:09:09;95;-; 52.37; 0.0;-; 67.6; 67.0; 0.0;-;-;1645;-0.1; 0.0; 0.0;-7; 21.9;F;1;29;On;On;Off; 22.3; 22.0;0;0;868;0;868;0;682;0;-
2026/04/10;05:10:09;95;-; 52.35; 0.0;-; 67.7; 67.3; 0.0;-;-;1645;-0.2; 0.0; 0.0;-7; 21.9;F;1;29;On;On;Off; 22.3; 22.0;0;0;868;0;868;0;682;0;-
2026/04/10;05:11:09;95;-; 52.37; 0.0;-; 67.9; 67.3; 0.0;-;-;1645;-0.1; 0.0; 0.0;-7; 21.9;F;1;29;On;On;Off; 22.3; 22.0;0;0;868;0;868;0;682;1;-
2026/04/10;05:12:09;95;-; 52.39; 0.0;-; 68.0; 67.5; 0.0;-;-;1645;-0.1; 0.0; 0.0;-7; 21.9;F;1;29;On;On;Off; 22.3; 22.0;0;0;868;0;868;0;682;1;-
2026/04/10;05:13:09;95;-; 52.39; 0.0;-; 68.4; 67.9; 0.0;-;-;1645;-0.1; 0.0; 0.0;-6; 21.9;F;1;29;On;On;Off; 22.3; 22.0;0;0;868;0;868;0;682;1;-
2026/04/10;05:14:08;95;-; 52.39; 0.0;-; 68.7; 68.2; 0.0;-;-;1645;-0.1; 0.0; 0.0;-7; 21.9;F;1;29;On;On;Off; 22.4; 22.1;0;0;868;0;868;0;682;1;-
2026/04/10;05:15:08;95;-; 52.37; 0.0;-; 68.9; 68.4; 0.0;-;-;1645;-0.1; 0.0; 0.0;-6; 21.9;F;1;29;On;On;Off; 22.4; 22.1;0;0;868;0;868;0;682;1;-
2026/04/10;05:16:08;95;-; 52.39; 0.0;-; 69.0; 68.5; 0.0;-;-;1645;-0.1; 0.0; 0.0;-6; 21.9;F;1;29;On;On;Off; 22.4; 22.1;0;0;868;0;868;0;682;1;-
2026/04/10;05:17:08;95;-; 52.37; 0.0;-; 69.1; 68.8; 0.0;-;-;1645;-0.1; 0.0; 0.0;-6; 21.9;F;1;29;On;On;Off; 22.4; 22.1;0;0;868;0;868;0;682;1;-
2026/04/10;05:18:08;95;-; 52.37; 0.0;-; 69.3; 69.1; 0.0;-;-;1645;-0.1; 0.0; 0.0;-6; 21.9;F;1;29;On;On;Off; 22.4; 22.1;0;0;868;0;868;0;682;1;-
2026/04/10;05:19:08;95;-; 52.37; 0.0;-; 69.5; 69.2; 0.0;-;-;1645;-0.1; 0.0; 0.0;-6; 21.9;F;1;29;On;On;Off; 22.4; 22.1;0;0;868;0;868;0;682;1;-
2026/04/10;05:20:08;95;-; 52.37; 0.0;-; 69.8; 69.5; 0.0;-;-;1645;-0.1; 0.0; 0.0;-5; 21.9;F;1;29;On;On;Off; 22.4; 22.1;0;0;868;0;868;0;682;1;-
2026/04/10;05:21:08;95;-; 52.37; 0.0;-; 69.9; 69.7; 0.0;-;-;1645;-0.1; 0.0; 0.0;-6; 21.9;F;1;29;On;On;Off; 22.4; 22.1;0;0;868;0;868;0;682;1;-
2026/04/10;05:22:08;95;-; 52.37; 0.0;-; 70.1; 69.9; 0.0;-;-;1645;-0.1; 0.0; 0.0;-6; 21.9;F;1;29;On;On;Off; 22.4; 22.1;0;0;868;0;868;0;682;1;-
2026/04/10;05:23:08;95;-; 52.37; 0.0;-; 70.4; 70.0; 0.0;-;-;1645;-0.1; 0.0; 0.0;-6; 21.9;F;1;29;On;On;Off; 22.4; 22.1;0;0;868;0;868;0;682;1;-
2026/04/10;05:24:08;95;-; 52.37; 0.0;-; 70.5; 70.2; 0.0;-;-;1645;-0.1; 0.0; 0.0;-6; 21.9;F;1;29;On;On;Off; 22.4; 22.1;0;0;868;0;868;0;682;1;-
2026/04/10;05:25:08;95;-; 52.31; 0.3;-; 68.2; 67.9; 16.8; 8.4; 8.4;1645;-0.1; 0.1; 0.1;-4; 21.9;F;1;29;On;On;Off; 22.8; 23.8;0;0;868;0;868;0;682;1;-
2026/04/10;05:26:08;95;-; 52.30; 0.2;-; 68.1; 70.5; 9.1; 9.1; 0.0;1645; 0.0; 0.3; 0.3;2; 21.9;F;1;29;On;On;Off; 24.8; 24.4;0;0;868;0;868;0;682;1;-
2026/04/10;05:27:08;95;-; 52.30; 0.0;-; 70.9; 70.7; 1.4; 0.7; 0.7;1646;-0.1; 0.1; 0.1;-3; 21.9;F;1;29;On;On;Off; 23.8; 22.9;0;0;868;0;868;0;682;1;-
2026/04/10;05:28:08;95;-; 52.28; 0.2;-; 71.0; 67.9; 9.8; 0.7; 9.1;1646;-0.1; 0.1; 0.1;-5; 21.9;F;1;29;On;On;Off; 23.1; 23.8;0;0;868;0;868;0;682;1;-
2026/04/10;05:29:07;95;-; 52.26; 0.4;-; 68.2; 68.0; 18.9; 9.8; 9.1;1646; 0.1; 0.3; 0.3;4; 21.9;F;1;29;On;On;Off; 25.0; 24.7;0;0;868;0;868;0;682;1;-
2026/04/10;05:30:07;95;-; 52.26; 0.0;-; 71.4; 71.3; 1.4; 0.7; 0.7;1646; 0.1; 0.3; 0.3;4; 21.9;F;1;29;On;On;Off; 25.4; 23.4;0;0;868;0;868;0;682;1;-
2026/04/10;05:31:07;95;-; 52.28; 0.3;-; 71.6; 65.9; 16.1; 0.7; 15.4;1646;-0.1; 0.0; 0.0;-6; 21.8;F;1;29;On;On;Off; 23.5; 23.1;0;0;868;0;868;0;682;1;-
2026/04/10;05:32:07;95;-; 52.26; 0.4;-; 68.0; 68.0; 21.7; 11.2; 10.5;1646; 0.0; 0.2; 0.2;2; 21.9;F;1;29;On;On;Off; 24.7; 24.9;0;0;868;0;868;0;682;1;-
2026/04/10;05:33:07;95;-; 52.26; 0.2;-; 68.1; 71.7; 11.9; 11.9; 0.0;1646; 0.2; 0.4; 0.4;9; 21.8;F;1;29;On;On;Off; 25.7; 24.3;0;0;868;0;868;0;682;1;-
2026/04/10;05:34:07;95;-; 52.28; 0.0;-; 72.1; 71.8; 1.4; 0.7; 0.7;1646;-0.1; 0.1; 0.1;-2; 21.8;F;1;29;On;On;Off; 24.1; 23.5;0;0;868;0;868;0;682;1;-
2026/04/10;05:35:07;95;-; 52.26; 0.3;-; 72.5; 67.9; 16.1; 4.2; 11.9;1646;-0.0; 0.1; 0.1;-2; 21.8;F;1;29;On;On;Off; 23.8; 24.9;0;0;868;0;868;0;682;1;-
2026/04/10;05:36:07;95;-; 52.26; 0.5;-; 68.1; 68.1; 25.2; 12.6; 12.6;1646; 0.3; 0.4; 0.4;14; 21.8;F;1;29;On;On;Off; 25.9; 25.5;0;0;868;0;868;0;682;1;-
2026/04/10;05:37:07;95;-; 52.28; 0.0;-; 72.4; 72.1; 1.4; 0.7; 0.7;1646; 0.1; 0.2; 0.2;4; 21.8;F;1;29;On;On;Off; 25.1; 23.9;0;0;868;0;868;0;682;1;-
2026/04/10;05:38:07;95;-; 52.28; 0.3;-; 72.5; 67.9; 14.0; 0.7; 13.3;1646;-0.1; 0.1; 0.1;-5; 21.8;F;1;29;On;On;Off; 24.0; 24.4;0;0;868;0;868;0;682;1;-
2026/04/10;05:39:07;95;-; 52.30; 0.5;-; 68.2; 68.1; 26.6; 13.3; 13.3;1646; 0.2; 0.4; 0.4;12; 21.8;F;1;29;On;On;Off; 25.8; 25.5;0;0;868;0;868;0;682;1;-
2026/04/10;05:40:07;95;-; 52.30; 0.2;-; 70.8; 72.5; 10.5; 9.8; 0.7;1646; 0.3; 0.4; 0.4;14; 21.8;F;1;29;On;On;Off; 26.3; 24.3;0;0;868;0;868;0;682;1;-
2026/04/10;05:41:07;95;-; 52.30; 0.0;-; 72.7; 72.6; 0.0; 0.0; 0.0;1646;-0.1; 0.1; 0.1;-4; 21.8;F;1;29;On;On;Off; 24.4; 23.9;0;0;868;0;868;0;682;1;-
2026/04/10;05:42:07;95;-; 52.31; 0.6;-; 68.2; 68.0; 29.4; 14.7; 14.7;1646; 0.1; 0.3; 0.3;5; 21.8;F;1;29;On;On;Off; 25.1; 25.5;0;0;868;0;868;0;682;1;-
2026/04/10;05:43:07;95;-; 52.33; 0.3;-; 68.4; 72.8; 16.1; 15.4; 0.7;1646; 0.5; 0.5; 0.5;23; 21.8;F;1;29;On;On;Off; 26.4; 25.4;0;0;868;0;868;0;682;1;-
2026/04/10;05:44:07;95;-; 52.31; 0.0;-; 73.1; 72.9; 0.7; 0.0; 0.7;1646; 0.0; 0.2; 0.2;1; 21.8;F;1;29;On;On;Off; 24.9; 24.2;0;0;868;0;868;0;682;1;-
2026/04/10;05:45:06;95;-; 52.35; 0.3;-; 73.3; 68.2; 15.4; 0.0; 15.4;1646;-0.0; 0.1; 0.1;0; 21.8;F;1;29;On;On;Off; 24.4; 25.4;0;0;868;0;868;0;682;1;-
2026/04/10;05:46:06;95;-; 52.39; 0.5;-; 68.3; 70.3; 28.8; 16.2; 12.6;1646; 0.5; 0.5; 0.5;25; 21.8;F;1;29;On;On;Off; 26.4; 26.0;0;0;868;0;868;0;682;1;-
2026/04/10;05:47:06;95;-; 52.37; 0.3;-; 68.5; 73.2; 17.5; 16.8; 0.7;1646; 0.3; 0.4; 0.4;17; 21.8;F;1;29;On;On;Off; 26.6; 24.5;0;0;868;0;868;0;682;1;-
2026/04/10;05:48:06;95;-; 52.41; 0.6;-; 68.5; 68.1; 33.7; 16.9; 16.9;1646; 0.3; 0.3; 0.3;13; 21.8;F;1;29;On;On;Off; 26.6; 24.8;0;0;868;0;868;0;682;1;-
2026/04/10;05:49:06;95;-; 52.47; 0.7;-; 68.4; 68.3; 34.5; 17.6; 16.9;1646; 0.7; 0.6; 0.6;34; 21.8;F;1;29;On;On;Off; 26.9; 26.3;0;0;868;0;868;0;682;1;-
2026/04/10;05:50:06;95;-; 52.53; 0.7;-; 68.5; 68.3; 35.2; 17.6; 17.6;1646; 0.7; 0.7; 0.7;35; 21.8;F;1;29;On;On;Off; 27.2; 26.6;0;0;868;0;868;0;682;1;-
2026/04/10;05:51:06;95;-; 52.57; 0.7;-; 68.6; 68.3; 35.9; 18.3; 17.6;1646; 0.7; 0.7; 0.7;36; 21.8;F;1;29;On;On;Off; 27.4; 26.8;0;0;868;0;868;0;682;1;-
2026/04/10;05:52:06;95;-; 52.61; 0.7;-; 68.6; 68.4; 36.0; 18.3; 17.7;1646; 0.7; 0.7; 0.7;37; 21.8;F;1;29;On;On;Off; 27.5; 27.0;0;0;868;0;868;0;682;1;-
2026/04/10;05:53:06;95;-; 52.65; 0.6;-; 70.9; 68.6; 33.8; 15.5; 18.3;1646; 0.8; 0.7; 0.7;39; 21.8;F;1;29;On;On;Off; 27.7; 27.1;0;0;868;0;868;0;682;1;-
2026/04/10;05:54:06;95;-; 52.71; 0.7;-; 68.8; 68.6; 37.4; 19.0; 18.4;1646; 0.8; 0.7; 0.7;40; 21.8;F;1;29;On;On;Off; 27.8; 27.3;0;0;868;0;868;0;682;1;-
2026/04/10;05:55:06;95;-; 52.75; 0.7;-; 68.9; 68.7; 38.9; 19.8; 19.1;1646; 0.8; 0.7; 0.7;42; 21.8;F;1;29;On;On;Off; 27.9; 27.4;0;0;868;0;868;0;682;1;-
2026/04/10;05:56:06;95;-; 52.79; 0.7;-; 69.0; 68.6; 38.9; 19.8; 19.1;1646; 0.8; 0.7; 0.7;42; 21.8;F;1;29;On;On;Off; 28.0; 27.5;0;0;868;0;868;0;682;1;-
2026/04/10;05:57:06;95;-; 52.83; 0.7;-; 69.0; 68.9; 39.0; 19.8; 19.1;1646; 0.9; 0.7; 0.7;44; 21.8;F;1;29;On;On;Off; 28.1; 27.6;0;0;868;0;868;0;682;1;-
2026/04/10;05:58:06;95;-; 52.89; 0.8;-; 68.9; 68.7; 41.1; 20.5; 20.5;1646; 0.9; 0.8; 0.8;45; 21.8;F;1;29;On;On;Off; 28.3; 27.8;0;0;868;0;868;0;682;1;-
2026/04/10;05:59:06;95;-; 52.93; 0.8;-; 69.1; 69.0; 41.1; 20.6; 20.6;1646; 0.9; 0.8; 0.8;46; 21.8;F;1;29;On;On;Off; 28.4; 27.9;0;0;868;0;868;0;682;1;-
2026/04/10;06:00:06;95;-; 52.99; 0.8;-; 69.2; 69.0; 41.2; 21.3; 19.9;1646; 0.9; 0.8; 0.8;48; 21.8;F;1;29;On;On;Off; 28.5; 28.0;0;0;868;0;868;0;682;1;-
2026/04/10;06:01:05;95;-; 53.04; 0.7;-; 71.4; 69.1; 39.1; 17.8; 21.3;1646; 0.9; 0.8; 0.8;49; 21.8;F;1;29;On;On;Off; 28.6; 28.1;0;0;868;0;868;0;682;1;-
2026/04/10;06:02:05;95;-; 53.08; 0.8;-; 69.4; 69.1; 42.8; 21.4; 21.4;1646; 1.0; 0.8; 0.8;50; 21.8;F;1;29;On;On;Off; 28.7; 28.1;0;0;868;0;868;0;682;1;-
2026/04/10;06:03:05;95;-; 53.16; 0.8;-; 69.4; 69.3; 43.5; 22.1; 21.4;1646; 1.0; 0.8; 0.8;51; 21.8;F;1;29;On;On;Off; 28.8; 28.2;0;0;868;0;868;0;682;1;-
2026/04/10;06:04:05;95;-; 53.20; 0.8;-; 69.5; 70.1; 43.5; 22.8; 20.7;1646; 1.0; 0.8; 0.8;53; 21.8;F;1;29;On;On;Off; 28.9; 28.3;0;0;868;0;868;1;683;1;-
2026/04/10;06:05:05;95;-; 53.26; 0.8;-; 69.8; 69.5; 44.3; 22.1; 22.1;1646; 1.0; 0.8; 0.8;53; 21.8;F;1;29;On;On;Off; 28.9; 28.4;0;0;868;0;868;1;683;1;-
2026/04/10;06:06:05;95;-; 53.34; 0.9;-; 69.6; 69.4; 45.8; 23.6; 22.2;1646; 1.0; 0.8; 0.8;54; 21.8;F;1;29;On;On;Off; 29.0; 28.5;0;0;868;0;868;1;683;1;-
2026/04/10;06:07:05;95;-; 53.40; 0.8;-; 69.7; 69.4; 45.1; 22.9; 22.2;1646; 1.1; 0.8; 0.8;55; 21.8;F;1;29;On;On;Off; 29.1; 28.6;0;0;868;0;868;1;683;1;-
2026/04/10;06:08:05;95;-; 53.46; 0.9;-; 69.7; 69.6; 46.6; 23.7; 22.9;1646; 1.1; 0.9; 0.9;56; 21.8;F;1;29;On;On;Off; 29.2; 28.7;0;0;868;0;868;1;683;1;-
2026/04/10;06:09:05;95;-; 53.52; 0.9;-; 69.7; 69.7; 46.6; 23.7; 22.9;1646; 1.1; 0.9; 0.9;56; 21.8;F;1;29;On;On;Off; 29.2; 28.7;0;0;868;0;868;1;683;1;-
2026/04/10;06:10:05;95;-; 53.60; 0.9;-; 70.0; 69.7; 47.4; 24.4; 23.0;1646; 1.1; 0.9; 0.9;59; 21.8;F;1;29;On;On;Off; 29.3; 28.8;0;0;868;0;868;1;683;1;-
2026/04/10;06:11:05;95;-; 53.64; 0.8;-; 71.5; 69.9; 44.6; 20.8; 23.7;1646; 1.1; 0.9; 0.9;60; 21.9;F;1;29;On;On;Off; 29.4; 28.9;0;0;868;0;868;1;683;1;-
2026/04/10;06:12:05;95;-; 53.72; 0.9;-; 70.1; 70.0; 48.3; 24.5; 23.8;1646; 1.2; 0.9; 0.9;60; 21.9;F;1;29;On;On;Off; 29.4; 28.9;0;0;868;0;868;1;683;1;-
2026/04/10;06:13:05;95;-; 53.78; 0.9;-; 70.1; 70.1; 48.3; 24.5; 23.8;1646; 1.2; 0.9; 0.9;61; 21.9;F;1;29;On;On;Off; 29.5; 29.0;0;1;869;1;869;1;683;1;-
2026/04/10;06:14:05;95;-; 53.83; 0.9;-; 70.2; 71.4; 46.2; 24.5; 21.7;1646; 1.2; 0.9; 0.9;62; 21.9;F;1;29;On;On;Off; 29.6; 29.1;0;1;869;1;869;1;683;1;-
2026/04/10;06:15:05;95;-; 53.91; 0.9;-; 70.4; 70.2; 49.9; 25.3; 24.6;1646; 1.2; 0.9; 0.9;63; 21.9;F;1;29;On;On;Off; 29.6; 29.1;0;1;869;1;869;1;683;1;-
2026/04/10;06:16:04;95;-; 53.97; 0.9;-; 70.5; 70.2; 50.0; 25.4; 24.6;1646; 1.2; 0.9; 0.9;63; 21.9;F;1;29;On;On;Off; 29.7; 29.2;0;1;869;1;869;1;683;1;-
2026/04/10;06:17:04;95;-; 54.05; 0.9;-; 70.6; 71.9; 46.4; 26.1; 20.3;1646; 1.2; 0.9; 0.9;65; 21.9;F;1;29;On;On;Off; 29.7; 29.2;0;1;869;1;869;1;683;1;-
2026/04/10;06:18:04;95;-; 54.13; 1.0;-; 70.6; 70.5; 51.6; 26.1; 25.4;1646; 1.2; 0.9; 0.9;65; 21.9;F;1;29;On;On;Off; 29.8; 29.3;0;1;869;1;869;1;683;1;-
2026/04/10;06:19:04;95;-; 54.17; 0.8;-; 73.2; 70.6; 42.8; 18.2; 24.7;1646; 1.2; 0.9; 0.9;66; 21.9;F;1;29;On;On;Off; 29.8; 29.3;0;1;869;1;869;1;683;1;-
2026/04/10;06:20:04;95;-; 54.25; 1.0;-; 70.7; 70.7; 51.7; 26.2; 25.5;1646; 1.2; 0.9; 0.9;65; 21.9;F;1;29;On;On;Off; 29.9; 29.4;0;1;869;1;869;1;683;1;-
2026/04/10;06:21:04;95;-; 54.33; 1.0;-; 70.9; 70.7; 51.7; 26.2; 25.5;1646; 1.3; 0.9; 0.9;66; 21.9;F;1;29;On;On;Off; 29.9; 29.4;0;1;869;1;869;1;683;1;-
2026/04/10;06:22:04;95;-; 54.39; 1.0;-; 71.0; 70.8; 51.8; 26.3; 25.5;1646; 1.3; 0.9; 0.9;68; 21.9;F;1;29;On;On;Off; 30.0; 29.5;0;1;869;1;869;1;683;1;-
2026/04/10;06:23:04;95;-; 54.45; 1.0;-; 71.0; 70.9; 53.3; 27.0; 26.3;1646; 1.3; 0.9; 0.9;68; 21.9;F;1;29;On;On;Off; 30.0; 29.5;0;1;869;1;869;1;683;1;-
2026/04/10;06:24:04;95;-; 54.51; 0.8;-; 71.2; 73.1; 44.6; 26.3; 18.3;1646; 1.3; 1.0; 1.0;69; 21.9;F;1;29;On;On;Off; 30.1; 29.6;0;1;869;1;869;1;683;1;-
2026/04/10;06:25:04;95;-; 54.60; 0.9;-; 72.2; 71.1; 49.8; 23.4; 26.4;1646; 1.3; 1.0; 1.0;69; 21.9;F;1;29;On;On;Off; 30.1; 29.6;0;1;869;1;869;1;683;1;-
2026/04/10;06:26:04;95;-; 54.66; 1.0;-; 71.3; 71.2; 53.5; 27.1; 26.4;1646; 1.3; 1.0; 1.0;68; 21.9;F;1;29;On;On;Off; 30.2; 29.6;0;1;869;1;869;1;683;1;-
2026/04/10;06:27:04;96;-; 54.74; 1.0;-; 71.4; 71.2; 52.8; 27.1; 25.7;1647; 1.3; 1.0; 1.0;68; 21.9;F;1;29;On;On;Off; 30.2; 29.7;0;1;869;1;869;1;683;1;-
2026/04/10;06:28:04;96;-; 54.80; 1.0;-; 71.5; 71.5; 52.9; 27.2; 25.7;1647; 1.3; 1.0; 1.0;69; 21.9;F;1;29;On;On;Off; 30.2; 29.7;0;1;869;1;869;1;683;1;-
2026/04/10;06:29:04;96;-; 54.86; 1.0;-; 71.5; 71.4; 53.7; 27.2; 26.5;1647; 1.3; 1.0; 1.0;69; 21.9;F;1;29;On;On;Off; 30.3; 29.8;0;1;869;1;869;1;683;1;-
2026/04/10;06:30:04;96;-; 54.94; 1.0;-; 71.6; 71.5; 53.0; 27.2; 25.8;1647; 1.3; 1.0; 1.0;69; 21.9;F;1;29;On;On;Off; 30.3; 29.8;0;1;869;1;869;1;683;1;-
2026/04/10;06:31:03;96;-; 54.98; 1.0;-; 71.7; 72.2; 52.3; 27.3; 25.1;1647; 1.3; 1.0; 1.0;69; 21.9;F;1;29;On;On;Off; 30.3; 29.8;0;1;869;1;869;1;683;1;-
2026/04/10;06:32:03;96;-; 55.06; 0.9;-; 73.1; 71.8; 48.7; 22.2; 26.6;1647; 1.3; 1.0; 1.0;69; 21.9;F;1;29;On;On;Off; 30.4; 29.9;0;1;869;1;869;1;683;1;-
2026/04/10;06:33:03;96;-; 55.12; 1.0;-; 71.9; 71.8; 53.9; 27.3; 26.6;1647; 1.3; 1.0; 1.0;70; 21.9;F;1;29;On;On;Off; 30.4; 29.9;0;1;869;1;869;1;683;1;-
2026/04/10;06:34:03;96;-; 55.18; 1.0;-; 72.0; 71.9; 53.3; 27.4; 25.9;1647; 1.3; 1.0; 1.0;71; 21.9;F;1;29;On;On;Off; 30.4; 29.9;0;1;869;1;869;1;683;1;-
2026/04/10;06:35:03;96;-; 55.24; 0.9;-; 72.1; 72.9; 51.1; 28.1; 22.9;1647; 1.3; 1.0; 1.0;70; 21.9;F;1;29;On;On;Off; 30.5; 30.0;0;1;869;1;869;1;683;1;-
2026/04/10;06:36:03;96;-; 55.29; 1.0;-; 72.1; 72.0; 54.9; 28.2; 26.7;1647; 1.3; 1.0; 1.0;69; 21.9;F;1;29;On;On;Off; 30.5; 30.0;0;1;869;1;869;1;683;1;-
2026/04/10;06:37:03;96;-; 55.35; 0.9;-; 72.2; 72.9; 51.2; 28.2; 23.0;1647; 1.3; 1.0; 1.0;71; 21.9;F;1;29;On;On;Off; 30.5; 30.0;0;1;869;1;869;1;683;1;-
2026/04/10;06:38:03;96;-; 55.43; 1.0;-; 72.4; 72.1; 54.2; 27.5; 26.8;1647; 1.3; 1.0; 1.0;70; 21.9;F;1;29;On;On;Off; 30.6; 30.1;0;1;869;1;869;1;683;1;-
2026/04/10;06:39:03;96;-; 55.49; 0.9;-; 72.5; 73.4; 50.6; 28.3; 22.3;1647; 1.3; 1.0; 1.0;71; 21.9;F;1;29;On;On;Off; 30.6; 30.1;0;1;869;1;869;1;683;1;-
2026/04/10;06:40:03;96;-; 55.55; 0.9;-; 73.9; 72.3; 48.4; 21.6; 26.8;1647; 1.3; 1.0; 1.0;70; 21.9;F;1;29;On;On;Off; 30.6; 30.1;0;1;869;1;869;1;683;1;-
2026/04/10;06:41:03;96;-; 55.63; 0.9;-; 72.6; 73.7; 48.5; 27.6; 20.9;1647; 1.3; 1.0; 1.0;71; 21.9;F;1;29;On;On;Off; 30.6; 30.1;0;1;869;1;869;1;683;1;-
2026/04/10;06:42:03;96;-; 55.69; 1.0;-; 72.7; 72.6; 55.2; 27.6; 27.6;1647; 1.3; 1.0; 1.0;69; 21.9;F;1;29;On;On;Off; 30.7; 30.2;0;1;869;1;869;1;683;1;-
2026/04/10;06:43:03;97;-; 55.79; 1.0;-; 72.9; 72.6; 54.6; 27.7; 26.9;1647; 1.3; 1.0; 1.0;70; 21.9;F;1;29;On;On;Off; 30.7; 30.2;0;1;869;1;869;1;683;1;-
2026/04/10;06:44:03;97;-; 55.89; 0.8;-; 73.0; 74.2; 47.2; 27.7; 19.5;1647; 1.3; 1.0; 1.0;72; 21.9;F;1;29;On;On;Off; 30.7; 30.2;0;1;869;1;869;1;683;1;-
2026/04/10;06:45:03;97;-; 55.97; 1.0;-; 73.1; 72.9; 54.8; 27.8; 27.0;1647; 1.3; 1.0; 1.0;70; 21.9;F;1;29;On;On;Off; 30.7; 30.2;0;1;869;1;869;1;683;1;-
2026/04/10;06:46:03;97;-; 56.06; 1.0;-; 73.2; 73.0; 54.9; 28.6; 26.3;1647; 1.3; 1.0; 1.0;70; 21.9;F;1;29;On;On;Off; 30.8; 30.3;0;1;869;1;869;1;683;1;-
2026/04/10;06:47:02;97;-; 56.10; 1.0;-; 73.2; 73.0; 54.2; 27.8; 26.4;1647; 1.3; 0.9; 0.9;68; 21.9;F;1;29;On;On;Off; 30.8; 30.3;0;1;869;1;869;1;683;1;-
2026/04/10;06:48:02;97;-; 56.22; 0.8;-; 73.4; 74.6; 45.2; 27.9; 17.3;1647; 1.2; 0.9; 0.9;68; 21.9;F;1;29;On;On;Off; 30.8; 30.3;0;1;869;1;869;1;683;1;-
2026/04/10;06:49:02;97;-; 56.34; 0.9;-; 73.5; 73.4; 52.9; 27.9; 24.9;1647; 1.2; 0.9; 0.9;68; 21.9;F;1;29;On;On;Off; 30.8; 30.3;0;1;869;1;869;1;683;1;-
2026/04/10;06:50:02;97;-; 56.44; 0.9;-; 73.7; 73.4; 52.2; 27.2; 25.0;1647; 1.2; 0.9; 0.9;66; 21.9;F;1;29;On;On;Off; 30.9; 30.4;0;1;869;1;869;1;683;1;-
2026/04/10;06:51:02;97;-; 56.44; 0.9;-; 73.6; 73.4; 52.2; 27.3; 25.0;1647; 1.2; 0.9; 0.9;65; 21.9;F;1;29;On;On;Off; 30.9; 30.4;0;1;869;1;869;1;683;1;-
2026/04/10;06:52:02;97;-; 56.44; 0.9;-; 73.7; 73.5; 52.2; 27.3; 25.0;1647; 1.2; 0.9; 0.9;64; 21.9;F;1;29;On;On;Off; 30.9; 30.4;0;1;869;1;869;1;683;1;-
2026/04/10;06:53:02;97;-; 56.50; 0.9;-; 73.8; 73.6; 52.3; 26.5; 25.7;1647; 1.2; 0.9; 0.9;64; 21.9;F;1;29;On;On;Off; 30.9; 30.4;0;1;869;1;869;1;683;1;-
2026/04/10;06:54:02;97;-; 56.52; 0.9;-; 73.8; 73.7; 51.6; 26.6; 25.0;1647; 1.1; 0.9; 0.9;63; 21.9;F;1;29;On;On;Off; 30.9; 30.4;0;1;869;1;869;1;683;1;-
2026/04/10;06:55:02;97;-; 56.54; 0.9;-; 74.0; 73.8; 50.0; 25.8; 24.2;1647; 1.1; 0.9; 0.9;62; 21.9;F;1;29;On;On;Off; 31.0; 30.5;0;1;869;1;869;1;683;1;-
2026/04/10;06:56:02;98;-; 56.52; 0.8;-; 74.7; 73.7; 44.7; 19.0; 25.8;1647; 1.1; 0.9; 0.9;61; 21.9;F;1;29;On;On;Off; 31.0; 30.5;0;1;869;1;869;1;683;1;-
2026/04/10;06:57:02;98;-; 56.56; 0.9;-; 73.9; 73.7; 51.6; 26.6; 25.0;1647; 1.1; 0.9; 0.9;59; 21.9;F;1;29;On;On;Off; 31.0; 30.5;0;1;869;1;869;1;683;1;-
2026/04/10;06:58:02;98;-; 56.52; 0.8;-; 74.7; 73.7; 43.2; 17.4; 25.8;1647; 1.1; 0.9; 0.9;60; 21.9;F;1;29;On;On;Off; 31.0; 30.5;0;1;869;1;869;1;683;1;-
2026/04/10;06:59:02;98;-; 56.50; 0.8;-; 73.9; 74.9; 42.4; 26.5; 15.9;1647; 1.1; 0.8; 0.8;58; 21.9;F;1;29;On;On;Off; 31.0; 30.5;0;1;869;1;869;1;683;1;-
2026/04/10;07:00:02;98;-; 56.52; 0.7;-; 74.9; 73.8; 41.7; 15.9; 25.8;1647; 1.0; 0.8; 0.8;58; 21.9;F;1;29;On;On;Off; 31.1; 30.5;0;1;869;1;869;1;683;1;-
2026/04/10;07:01:02;98;-; 56.54; 0.7;-; 74.0; 74.9; 41.7; 25.8; 15.9;1647; 1.0; 0.8; 0.8;58; 21.9;F;1;29;On;On;Off; 31.1; 30.6;0;1;869;1;869;1;683;1;-
2026/04/10;07:02:01;98;-; 56.50; 0.8;-; 74.7; 73.7; 47.0; 20.4; 26.5;1647; 1.0; 0.8; 0.8;57; 21.9;F;1;29;On;On;Off; 31.1; 30.6;0;1;869;1;869;1;683;1;-
2026/04/10;07:03:01;98;-; 56.54; 0.9;-; 73.8; 73.7; 53.1; 26.6; 26.6;1647; 1.0; 0.8; 0.8;56; 21.9;F;1;29;On;On;Off; 31.1; 30.6;0;1;869;1;869;1;683;1;-
2026/04/10;07:04:01;98;-; 56.50; 0.8;-; 73.7; 74.8; 45.4; 28.0; 17.4;1647; 1.0; 0.8; 0.8;55; 21.9;F;1;29;On;On;Off; 31.1; 30.6;0;1;869;1;869;1;683;1;-
2026/04/10;07:05:01;98;-; 56.54; 0.9;-; 73.9; 74.2; 50.8; 26.6; 24.2;1647; 1.0; 0.8; 0.8;54; 21.9;F;1;29;On;On;Off; 31.1; 30.6;0;1;869;1;869;1;683;1;-
2026/04/10;07:06:01;98;-; 56.56; 0.8;-; 74.6; 73.9; 47.0; 21.2; 25.8;1647; 1.0; 0.8; 0.8;54; 21.9;F;1;29;On;On;Off; 31.1; 30.6;0;1;869;1;869;1;683;1;-
2026/04/10;07:07:01;98;-; 56.56; 0.8;-; 74.0; 73.8; 47.8; 26.6; 21.2;1647; 1.0; 0.8; 0.8;54; 21.9;F;1;29;On;On;Off; 31.2; 30.6;0;1;869;1;869;1;683;1;-
2026/04/10;07:08:01;99;-; 56.54; 0.7;-; 74.5; 74.9; 40.2; 24.2; 15.9;1647; 1.0; 0.8; 0.8;54; 21.9;F;1;29;On;On;Off; 31.2; 30.6;0;1;869;1;869;1;683;1;-
2026/04/10;07:09:01;99;-; 56.56; 0.9;-; 74.0; 74.7; 48.5; 28.0; 20.4;1647; 1.0; 0.8; 0.8;53; 21.9;F;1;29;On;On;Off; 31.2; 30.7;0;1;869;1;869;1;683;1;-
2026/04/10;07:10:01;99;-; 56.56; 0.7;-; 75.1; 74.4; 41.7; 20.4; 21.2;1647; 0.9; 0.8; 0.8;52; 21.8;F;1;29;On;On;Off; 31.2; 30.7;0;1;869;1;869;1;683;1;-
2026/04/10;07:11:01;99;-; 56.54; 0.6;-; 75.8; 74.4; 34.9; 12.1; 22.8;1647; 0.9; 0.8; 0.8;51; 21.8;F;1;29;On;On;Off; 31.2; 30.7;0;1;869;1;869;2;684;1;-
2026/04/10;07:12:01;99;-; 56.56; 0.7;-; 75.2; 74.7; 38.6; 18.2; 20.4;1647; 0.9; 0.8; 0.8;51; 21.9;F;1;29;On;On;Off; 31.2; 30.7;0;1;869;1;869;2;684;1;-
2026/04/10;07:13:01;99;-; 56.54; 0.6;-; 73.8; 76.2; 35.6; 30.4; 5.3;1647; 0.9; 0.8; 0.8;49; 21.9;F;1;29;On;On;Off; 31.3; 30.7;0;1;869;1;869;2;684;1;-
2026/04/10;07:14:01;99;-; 56.54; 0.7;-; 75.7; 73.9; 40.9; 15.2; 25.8;1647; 0.9; 0.8; 0.8;49; 21.9;F;1;29;On;On;Off; 31.3; 30.8;0;1;869;1;869;2;684;1;-
2026/04/10;07:15:01;99;-; 56.54; 0.7;-; 76.2; 74.1; 37.9; 12.9; 25.0;1647; 0.9; 0.8; 0.8;49; 21.9;F;1;29;On;On;Off; 31.3; 30.8;0;1;869;1;869;2;684;1;-
2026/04/10;07:16:01;99;-; 56.56; 0.7;-; 75.9; 74.7; 37.2; 12.1; 25.0;1647; 0.9; 0.8; 0.8;49; 21.9;F;1;29;On;On;Off; 31.3; 30.8;0;1;869;1;869;2;684;1;-
2026/04/10;07:17:00;99;-; 56.56; 0.8;-; 74.1; 75.4; 47.7; 31.1; 16.7;1647; 0.9; 0.7; 0.7;48; 21.8;F;1;29;On;On;Off; 31.3; 30.8;0;1;869;1;869;2;684;1;-
2026/04/10;07:18:00;99;-; 56.56; 0.5;-; 74.0; 76.7; 30.4; 30.4; 0.0;1647; 0.9; 0.7; 0.7;48; 21.9;F;1;29;On;On;Off; 31.3; 30.8;0;1;869;1;869;2;684;1;-
2026/04/10;07:19:00;99;-; 56.56; 0.8;-; 74.4; 75.2; 47.0; 31.8; 15.2;1647; 0.9; 0.7; 0.7;47; 21.9;F;1;29;On;On;Off; 31.4; 30.8;0;1;869;1;869;2;684;1;-
2026/04/10;07:20:00;100;-; 56.58; 0.9;-; 75.4; 74.3; 49.3; 19.7; 29.6;1647; 0.8; 0.7; 0.7;46; 21.9;F;1;29;On;On;Off; 31.4; 30.9;0;1;869;1;869;2;684;1;-
2026/04/10;07:21:00;100;-; 56.56; 0.7;-; 76.3; 74.2; 37.1; 5.3; 31.8;1647; 0.8; 0.7; 0.7;46; 21.9;F;1;29;On;On;Off; 31.4; 30.9;0;2;870;2;870;2;684;1;-
2026/04/10;07:22:00;100;-; 56.54; 0.6;-; 74.0; 76.9; 36.4; 33.4; 3.0;1647; 0.8; 0.7; 0.7;45; 21.9;F;1;29;On;On;Off; 31.4; 30.9;0;2;870;2;870;2;684;1;-
2026/04/10;07:23:00;100;-; 56.56; 0.6;-; 76.7; 74.5; 35.6; 5.3; 30.4;1647; 0.8; 0.7; 0.7;45; 21.9;F;1;29;On;On;Off; 31.4; 30.9;0;2;870;2;870;2;684;1;-
2026/04/10;07:24:00;100;-; 56.56; 0.9;-; 73.8; 75.5; 53.1; 41.0; 12.1;1647; 0.8; 0.7; 0.7;44; 21.9;F;1;29;On;On;Off; 31.4; 30.9;0;2;870;2;870;2;684;1;-
2026/04/10;07:25:00;100;-; 56.56; 0.7;-; 74.8; 76.8; 37.9; 31.8; 6.1;1647; 0.8; 0.7; 0.7;43; 21.9;F;1;29;On;On;Off; 31.5; 30.9;0;2;870;2;870;2;684;1;-
2026/04/10;07:26:00;100;-; 56.56; 0.6;-; 74.1; 76.9; 33.4; 33.4; 0.0;1647; 0.8; 0.7; 0.7;43; 21.9;F;1;29;On;On;Off; 31.5; 31.0;0;2;870;2;870;2;684;1;-
2026/04/10;07:27:00;100;-; 56.54; 0.7;-; 77.3; 74.2; 37.2; 0.0; 37.2;1648; 0.8; 0.7; 0.7;42; 21.9;F;1;29;On;On;Off; 31.5; 31.0;0;2;870;2;870;2;684;1;-
2026/04/10;07:28:00;100;-; 56.54; 0.6;-; 75.5; 76.6; 36.4; 32.6; 3.8;1648; 0.8; 0.7; 0.7;42; 21.9;F;1;29;On;On;Off; 31.5; 31.0;0;2;870;2;870;2;684;1;-
2026/04/10;07:29:00;100;-; 56.56; 0.6;-; 75.1; 77.0; 35.6; 27.3; 8.3;1648; 0.7; 0.7; 0.7;41; 21.9;F;1;29;On;On;Off; 31.5; 31.0;0;2;870;2;870;2;684;1;-
2026/04/10;07:30:00;100;-; 56.56; 0.7;-; 76.3; 74.9; 41.7; 2.3; 39.4;1648; 0.7; 0.7; 0.7;40; 21.9;F;1;29;On;On;Off; 31.5; 31.0;0;2;870;2;870;2;684;1;-
2026/04/10;07:31:00;100;-; 56.56; 0.7;-; 74.9; 77.8; 37.2; 37.2; 0.0;1648; 0.7; 0.7; 0.7;39; 21.9;F;1;29;On;On;Off; 31.5; 31.0;0;2;870;2;870;2;684;1;-
2026/04/10;07:31:59;100;-; 56.56; 0.7;-; 77.7; 74.9; 37.2; 0.0; 37.2;1648; 0.7; 0.7; 0.7;38; 21.9;F;1;29;On;On;Off; 31.5; 31.1;0;2;870;2;870;2;684;1;-
2026/04/10;07:32:59;100;-; 56.56; 0.9;-; 77.9; 74.0; 48.5; 0.0; 48.5;1648; 0.7; 0.7; 0.7;38; 21.9;F;1;29;On;On;Off; 31.6; 31.1;0;2;870;2;870;2;684;1;-
2026/04/10;07:33:59;100;-; 56.56; 0.6;-; 75.5; 77.7; 35.6; 20.4; 15.2;1648; 0.7; 0.7; 0.7;37; 21.9;F;1;29;On;On;Off; 31.6; 31.1;0;2;870;2;870;2;684;1;-
2026/04/10;07:34:59;100;-; 56.56; 0.6;-; 76.4; 77.3; 34.9; 13.7; 21.2;1648; 0.7; 0.7; 0.7;37; 21.9;F;1;29;On;On;Off; 31.6; 31.1;0;2;870;2;870;2;684;1;-
2026/04/10;07:35:59;100;-; 56.58; 0.8;-; 77.2; 75.4; 43.2; 0.7; 42.5;1648; 0.7; 0.6; 0.6;36; 21.9;F;1;29;On;On;Off; 31.6; 31.1;0;2;870;2;870;2;684;1;-
2026/04/10;07:36:59;100;-; 56.56; 0.5;-; 75.5; 78.1; 30.4; 30.4; 0.0;1648; 0.7; 0.6; 0.6;36; 21.9;F;1;29;On;On;Off; 31.6; 31.1;0;2;870;2;870;2;684;1;-
2026/04/10;07:37:59;100;-; 56.56; 0.5;-; 75.5; 78.1; 31.0; 28.0; 3.0;1648; 0.6; 0.6; 0.6;35; 21.9;F;1;29;On;On;Off; 31.6; 31.1;0;2;870;2;870;2;684;1;-
2026/04/10;07:38:59;100;-; 56.56; 0.6;-; 76.4; 77.4; 34.9; 34.9; 0.0;1648; 0.6; 0.6; 0.6;36; 21.9;F;1;29;On;On;Off; 31.6; 31.1;0;2;870;2;870;2;684;1;-
2026/04/10;07:39:59;100;-; 56.56; 0.6;-; 76.2; 77.3; 34.2; 34.2; 0.0;1648; 0.6; 0.6; 0.6;36; 21.9;F;1;29;On;On;Off; 31.6; 31.1;0;2;870;2;870;2;684;1;-
2026/04/10;07:40:59;100;-; 56.56; 0.6;-; 77.8; 76.4; 32.6; 10.6; 22.0;1648; 0.6; 0.6; 0.6;35; 21.9;F;1;29;On;On;Off; 31.7; 31.2;0;2;870;2;870;2;684;1;-
2026/04/10;07:41:59;100;-; 56.56; 0.9;-; 75.0; 78.1; 52.4; 52.4; 0.0;1648; 0.6; 0.6; 0.6;35; 21.9;F;1;29;On;On;Off; 31.7; 31.2;0;2;870;2;870;2;684;1;-
2026/04/10;07:42:59;100;-; 56.56; 1.0;-; 78.2; 74.8; 59.2; 0.0; 59.2;1648; 0.6; 0.6; 0.6;35; 21.9;F;1;29;On;On;Off; 31.7; 31.2;0;2;870;2;870;2;684;1;-
2026/04/10;07:43:59;100;-; 56.56; 0.8;-; 76.1; 78.0; 44.8; 44.8; 0.0;1648; 0.6; 0.6; 0.6;34; 21.9;F;1;29;On;On;Off; 31.7; 31.2;0;2;870;2;870;2;684;1;-
2026/04/10;07:44:59;100;-; 56.56; 0.6;-; 77.6; 76.7; 36.4; 28.0; 8.3;1648; 0.6; 0.6; 0.6;34; 21.9;F;1;29;On;On;Off; 31.7; 31.2;0;2;870;2;870;2;684;1;-
2026/04/10;07:45:59;100;-; 56.56; 0.4;-; 77.1; 78.0; 25.0; 22.0; 3.0;1648; 0.6; 0.6; 0.6;34; 21.9;F;1;29;On;On;Off; 31.7; 31.2;0;2;870;2;870;2;684;1;-
2026/04/10;07:46:58;100;-; 56.56; 0.7;-; 77.6; 77.2; 37.9; 6.8; 31.1;1648; 0.6; 0.6; 0.6;33; 21.9;F;1;29;On;On;Off; 31.7; 31.2;0;2;870;2;870;2;684;1;-
2026/04/10;07:47:58;100;-; 56.58; 0.9;-; 76.3; 78.4; 53.1; 53.1; 0.0;1648; 0.6; 0.6; 0.6;33; 21.9;F;1;29;On;On;Off; 31.7; 31.2;0;2;870;2;870;2;684;1;-
2026/04/10;07:48:58;100;-; 56.56; 0.9;-; 77.8; 74.7; 48.5; 0.0; 48.5;1648; 0.6; 0.6; 0.6;33; 21.9;F;1;29;On;On;Off; 31.7; 31.2;0;2;870;2;870;2;684;1;-
2026/04/10;07:49:58;100;-; 56.56; 0.7;-; 77.0; 76.9; 40.2; 0.0; 40.2;1648; 0.6; 0.6; 0.6;33; 21.9;F;1;29;On;On;Off; 31.7; 31.2;0;2;870;2;870;2;684;1;-
2026/04/10;07:50:58;100;-; 56.56; 0.5;-; 74.8; 78.3; 28.0; 18.2; 9.9;1648; 0.6; 0.6; 0.6;33; 21.9;F;1;29;On;On;Off; 31.7; 31.2;0;2;870;2;870;2;684;1;-
2026/04/10;07:51:58;100;-; 56.56; 0.9;-; 76.6; 75.0; 49.3; 0.0; 49.3;1648; 0.6; 0.6; 0.6;32; 21.9;F;1;29;On;On;Off; 31.7; 31.2;0;2;870;2;870;2;684;1;-
2026/04/10;07:52:58;100;-; 56.56; 0.6;-; 75.5; 77.0; 33.4; 12.1; 21.2;1648; 0.6; 0.6; 0.6;32; 21.9;F;1;29;On;On;Off; 31.7; 31.2;0;2;870;2;870;2;684;1;-
2026/04/10;07:53:58;100;-; 56.56; 0.7;-; 75.2; 77.4; 41.7; 21.2; 20.5;1648; 0.6; 0.6; 0.6;32; 21.9;F;1;29;On;On;Off; 31.8; 31.2;0;2;870;2;870;2;684;1;-
2026/04/10;07:54:58;100;-; 56.56; 0.7;-; 74.2; 78.0; 37.2; 19.7; 17.5;1648; 0.6; 0.6; 0.6;32; 21.9;F;1;29;On;On;Off; 31.8; 31.2;0;2;870;2;870;2;684;1;-
2026/04/10;07:55:58;100;-; 56.54; 0.6;-; 74.0; 78.5; 32.6; 32.6; 0.0;1648; 0.6; 0.6; 0.6;32; 21.9;F;1;29;On;On;Off; 31.8; 31.2;0;2;870;2;870;2;684;1;-
2026/04/10;07:56:58;100;-; 56.56; 0.8;-; 73.9; 77.9; 46.3; 46.3; 0.0;1648; 0.6; 0.6; 0.6;32; 21.9;F;1;29;On;On;Off; 31.8; 31.3;0;2;870;2;870;2;684;1;-
2026/04/10;07:57:58;100;-; 56.58; 0.8;-; 78.0; 76.8; 45.6; 0.0; 45.6;1648; 0.6; 0.6; 0.6;32; 21.9;F;1;29;On;On;Off; 31.8; 31.3;0;2;870;2;870;2;684;1;-
2026/04/10;07:58:58;100;-; 56.56; 0.5;-; 76.4; 78.7; 29.6; 25.8; 3.8;1648; 0.6; 0.6; 0.6;32; 21.9;F;1;29;On;On;Off; 31.8; 31.3;0;2;870;2;870;2;684;1;-
2026/04/10;07:59:58;100;-; 56.56; 0.7;-; 77.4; 78.6; 41.8; 41.8; 0.0;1648; 0.6; 0.6; 0.6;32; 21.9;F;1;29;On;On;Off; 31.8; 31.3;0;2;870;2;870;2;684;1;-
2026/04/10;08:00:58;100;-; 56.56; 0.4;-; 78.6; 77.2; 24.2; 19.7; 4.5;1648; 0.6; 0.6; 0.6;32; 21.9;F;1;29;On;On;Off; 31.8; 31.3;0;2;870;2;870;2;684;1;-
2026/04/10;08:01:57;100;-; 56.56; 0.6;-; 78.3; 75.6; 31.8; 31.8; 0.0;1648; 0.6; 0.6; 0.6;32; 21.9;F;1;29;On;On;Off; 31.8; 31.3;0;2;870;2;870;2;684;1;-
2026/04/10;08:02:57;100;-; 56.56; 0.7;-; 78.2; 75.0; 38.7; 38.0; 0.7;1648; 0.6; 0.6; 0.6;32; 21.9;F;1;29;On;On;Off; 31.8; 31.3;0;2;870;2;870;2;684;1;-
2026/04/10;08:03:57;100;-; 56.56; 0.8;-; 78.1; 74.1; 46.3; 19.7; 26.6;1648; 0.6; 0.6; 0.6;33; 21.9;F;1;29;On;On;Off; 31.8; 31.3;0;2;870;2;870;2;684;1;-
2026/04/10;08:04:57;100;-; 56.56; 0.5;-; 78.5; 74.8; 28.0; 4.5; 23.5;1648; 0.6; 0.6; 0.6;33; 21.9;F;1;29;On;On;Off; 31.8; 31.3;0;2;870;2;870;2;684;1;-
2026/04/10;08:05:57;100;-; 56.56; 0.8;-; 77.8; 76.7; 47.0; 47.0; 0.0;1648; 0.6; 0.6; 0.6;33; 21.9;F;1;29;On;On;Off; 31.8; 31.3;0;2;870;2;870;2;684;1;-
2026/04/10;08:06:57;100;-; 56.54; 0.7;-; 78.0; 76.5; 39.4; 39.4; 0.0;1648; 0.6; 0.6; 0.6;33; 21.9;F;1;29;On;On;Off; 31.8; 31.3;0;2;870;2;870;2;684;1;-
2026/04/10;08:07:57;100;-; 56.56; 0.5;-; 78.2; 75.8; 31.0; 22.0; 9.1;1648; 0.6; 0.6; 0.6;32; 21.8;F;1;29;On;On;Off; 31.8; 31.3;0;2;870;2;870;2;684;1;-
2026/04/10;08:08:57;100;-; 56.58; 0.6;-; 77.8; 77.6; 35.6; 28.8; 6.8;1648; 0.6; 0.6; 0.6;32; 21.9;F;1;29;On;On;Off; 31.9; 31.3;0;2;870;2;870;2;684;1;-
2026/04/10;08:09:57;100;-; 56.58; 0.6;-; 77.7; 78.8; 36.4; 22.8; 13.7;1648; 0.6; 0.6; 0.6;32; 21.8;F;1;29;On;On;Off; 31.9; 31.4;0;2;870;2;870;2;684;1;-
2026/04/10;08:10:57;100;-; 56.56; 0.5;-; 78.1; 78.9; 31.0; 22.0; 9.1;1648; 0.6; 0.6; 0.6;31; 21.9;F;1;29;On;On;Off; 31.9; 31.4;0;2;870;2;870;2;684;1;-
2026/04/10;08:11:57;100;-; 56.58; 0.6;-; 78.8; 78.2; 35.6; 5.3; 30.4;1648; 0.6; 0.6; 0.6;31; 21.8;F;1;29;On;On;Off; 31.9; 31.4;0;2;870;2;870;2;684;1;-
2026/04/10;08:12:57;100;-; 56.58; 1.1;-; 77.4; 79.4; 61.5; 61.5; 0.0;1648; 0.6; 0.6; 0.6;31; 21.8;F;1;29;On;On;Off; 31.9; 31.4;0;2;870;2;870;2;684;1;-
2026/04/10;08:13:57;100;-; 56.56; 0.5;-; 78.5; 78.8; 28.0; 0.7; 27.3;1648; 0.6; 0.6; 0.6;31; 21.8;F;1;29;On;On;Off; 31.9; 31.4;0;2;870;2;870;2;684;1;-
2026/04/10;08:14:57;100;-; 56.56; 0.6;-; 79.1; 77.5; 31.8; 12.9; 19.0;1648; 0.6; 0.6; 0.6;30; 21.8;F;1;29;On;On;Off; 31.9; 31.4;0;2;870;2;870;2;684;1;-
2026/04/10;08:15:57;100;-; 56.58; 0.9;-; 78.9; 77.8; 52.4; 0.0; 52.4;1648; 0.5; 0.6; 0.6;30; 21.8;F;1;29;On;On;Off; 31.9; 31.4;0;2;870;2;870;2;684;1;-
2026/04/10;08:16:56;100;-; 56.58; 0.9;-; 77.8; 79.3; 50.8; 50.8; 0.0;1648; 0.6; 0.6; 0.6;30; 21.8;F;1;29;On;On;Off; 31.9; 31.4;0;2;870;2;870;2;684;1;-
2026/04/10;08:17:56;100;-; 56.56; 0.7;-; 78.5; 78.6; 39.4; 39.4; 0.0;1648; 0.6; 0.6; 0.6;31; 21.8;F;1;29;On;On;Off; 32.0; 31.4;0;2;870;2;870;2;684;1;-
2026/04/10;08:18:56;100;-; 56.56; 0.8;-; 79.1; 78.1; 47.0; 0.0; 47.0;1648; 0.5; 0.6; 0.6;30; 21.8;F;1;29;On;On;Off; 32.0; 31.4;0;2;870;2;870;2;684;1;-
2026/04/10;08:19:56;100;-; 56.56; 0.8;-; 78.3; 79.4; 46.3; 46.3; 0.0;1648; 0.5; 0.6; 0.6;30; 21.8;F;1;29;On;On;Off; 32.0; 31.5;0;2;870;2;870;2;684;1;-
2026/04/10;08:20:56;100;-; 56.58; 0.7;-; 78.0; 78.8; 37.9; 35.6; 2.3;1648; 0.6; 0.6; 0.6;31; 21.8;F;1;29;On;On;Off; 32.0; 31.5;0;2;870;2;870;2;684;1;-
2026/04/10;08:21:56;100;-; 56.56; 0.6;-; 78.5; 78.7; 32.6; 12.9; 19.7;1648; 0.6; 0.6; 0.6;31; 21.8;F;1;29;On;On;Off; 32.0; 31.5;0;2;870;2;870;2;684;1;-
2026/04/10;08:22:56;100;-; 56.56; 0.4;-; 78.6; 78.6; 22.0; 9.9; 12.1;1648; 0.6; 0.6; 0.6;31; 21.8;F;1;29;On;On;Off; 32.0; 31.5;0;2;870;2;870;2;684;1;-
2026/04/10;08:23:56;100;-; 56.56; 0.6;-; 78.0; 79.1; 31.8; 31.8; 0.0;1648; 0.6; 0.6; 0.6;31; 21.8;F;1;29;On;On;Off; 32.0; 31.5;0;2;870;2;870;2;684;1;-
2026/04/10;08:24:56;100;-; 56.58; 0.8;-; 78.2; 79.0; 46.3; 46.3; 0.0;1648; 0.6; 0.6; 0.6;31; 21.8;F;1;29;On;On;Off; 32.0; 31.5;0;2;870;2;870;2;684;1;-
2026/04/10;08:25:56;100;-; 56.58; 0.5;-; 78.5; 78.8; 28.8; 28.8; 0.0;1648; 0.6; 0.6; 0.6;31; 21.8;F;1;29;On;On;Off; 32.0; 31.5;0;2;870;2;870;2;684;1;-
2026/04/10;08:26:56;100;-; 56.58; 0.7;-; 77.8; 79.1; 39.4; 25.8; 13.7;1649; 0.6; 0.6; 0.6;31; 21.8;F;1;29;On;On;Off; 32.0; 31.5;0;2;870;2;870;2;684;1;-
2026/04/10;08:27:56;100;-; 56.58; 1.0;-; 77.8; 79.2; 55.4; 55.4; 0.0;1649; 0.6; 0.6; 0.6;31; 21.8;F;1;29;On;On;Off; 32.0; 31.5;0;2;870;2;870;2;684;1;-
2026/04/10;08:28:56;100;-; 56.56; 0.4;-; 78.3; 79.1; 25.0; 15.2; 9.9;1649; 0.6; 0.6; 0.6;31; 21.8;F;1;29;On;On;Off; 32.0; 31.5;0;2;870;2;870;2;684;1;-
2026/04/10;08:29:56;100;-; 56.58; 0.8;-; 79.2; 78.1; 43.2; 0.0; 43.2;1649; 0.6; 0.6; 0.6;31; 21.8;F;1;29;On;On;Off; 32.0; 31.5;0;2;870;2;870;2;684;1;-
2026/04/10;08:30:56;100;-; 56.56; 0.7;-; 78.5; 78.3; 38.0; 0.0; 38.0;1649; 0.6; 0.6; 0.6;31; 21.8;F;1;29;On;On;Off; 32.0; 31.5;0;2;870;2;870;2;684;1;-
2026/04/10;08:31:55;100;-; 56.58; 0.6;-; 79.1; 77.9; 35.6; 11.4; 24.2;1649; 0.6; 0.6; 0.6;30; 21.8;F;1;29;On;On;Off; 32.0; 31.5;0;2;870;2;870;2;684;1;-
2026/04/10;08:32:55;100;-; 56.56; 0.6;-; 78.4; 78.6; 35.6; 16.7; 19.0;1649; 0.6; 0.6; 0.6;31; 21.8;F;1;29;On;On;Off; 32.0; 31.5;0;2;870;2;870;2;684;1;-
2026/04/10;08:33:55;100;-; 56.58; 0.6;-; 78.1; 78.8; 32.6; 18.2; 14.4;1649; 0.6; 0.6; 0.6;30; 21.8;F;1;29;On;On;Off; 32.0; 31.6;0;2;870;2;870;2;684;1;-
2026/04/10;08:34:55;100;-; 56.58; 0.7;-; 77.7; 79.1; 40.2; 32.6; 7.6;1649; 0.5; 0.6; 0.6;30; 21.8;F;1;29;On;On;Off; 32.0; 31.5;0;2;870;2;870;2;684;1;-
2026/04/10;08:35:55;100;-; 56.56; 0.6;-; 78.5; 79.0; 34.2; 34.2; 0.0;1649; 0.6; 0.6; 0.6;31; 21.8;F;1;29;On;On;Off; 32.1; 31.6;0;2;870;2;870;2;684;1;-
2026/04/10;08:36:55;100;-; 56.56; 0.6;-; 79.3; 78.3; 34.9; 0.0; 34.9;1649; 0.6; 0.6; 0.6;30; 21.8;F;1;29;On;On;Off; 32.1; 31.6;0;2;870;2;870;2;684;1;-
2026/04/10;08:37:55;100;-; 56.56; 0.4;-; 78.7; 78.8; 24.2; 11.4; 12.9;1649; 0.5; 0.6; 0.6;30; 21.8;F;1;29;On;On;Off; 32.1; 31.5;0;2;870;2;870;2;684;1;-
2026/04/10;08:38:55;100;-; 56.56; 0.5;-; 79.2; 78.1; 28.8; 0.0; 28.8;1649; 0.5; 0.6; 0.6;30; 21.8;F;1;29;On;On;Off; 32.1; 31.6;0;2;870;2;870;2;684;1;-
2026/04/10;08:39:55;100;-; 56.56; 0.5;-; 78.8; 78.5; 26.5; 18.2; 8.3;1649; 0.5; 0.6; 0.6;30; 21.8;F;1;29;On;On;Off; 32.1; 31.6;0;2;870;2;870;2;684;1;-
2026/04/10;08:40:55;100;-; 56.58; 0.7;-; 79.1; 77.9; 41.0; 3.0; 38.0;1649; 0.6; 0.6; 0.6;30; 21.8;F;1;29;On;On;Off; 32.1; 31.6;0;2;870;2;870;2;684;1;-
2026/04/10;08:41:55;100;-; 56.58; 0.8;-; 79.2; 78.0; 44.0; 0.0; 44.0;1649; 0.6; 0.6; 0.6;30; 21.8;F;1;29;On;On;Off; 32.1; 31.6;0;2;870;2;870;2;684;1;-
2026/04/10;08:42:55;100;-; 56.58; 0.7;-; 78.4; 79.1; 38.0; 38.0; 0.0;1649; 0.6; 0.6; 0.6;30; 21.8;F;1;29;On;On;Off; 32.1; 31.6;0;2;870;2;870;2;684;1;-
2026/04/10;08:43:55;100;-; 56.58; 0.5;-; 79.0; 77.9; 29.6; 17.5; 12.1;1649; 0.6; 0.6; 0.6;31; 21.8;F;1;29;On;On;Off; 32.1; 31.6;0;2;870;2;870;2;684;1;-
2026/04/10;08:44:55;100;-; 56.58; 0.8;-; 77.8; 79.0; 47.0; 47.0; 0.0;1649; 0.6; 0.6; 0.6;31; 21.8;F;1;29;On;On;Off; 32.1; 31.6;0;2;870;2;870;3;685;1;-
2026/04/10;08:45:55;100;-; 56.56; 0.8;-; 78.1; 78.6; 44.7; 44.7; 0.0;1649; 0.5; 0.6; 0.6;30; 21.8;F;1;29;On;On;Off; 32.1; 31.6;0;2;870;2;870;3;685;1;-
2026/04/10;08:46:54;100;-; 56.56; 0.5;-; 79.0; 78.2; 28.8; 10.6; 18.2;1649; 0.5; 0.6; 0.6;30; 21.8;F;1;29;On;On;Off; 32.1; 31.6;0;2;870;2;870;3;685;1;-
2026/04/10;08:47:54;100;-; 56.56; 0.5;-; 78.8; 78.4; 28.8; 4.5; 24.2;1649; 0.5; 0.6; 0.6;29; 21.8;F;1;29;On;On;Off; 32.1; 31.6;0;2;870;2;870;3;685;1;-
2026/04/10;08:48:54;100;-; 56.58; 0.8;-; 78.2; 78.7; 45.6; 45.6; 0.0;1649; 0.6; 0.6; 0.6;30; 21.8;F;1;29;On;On;Off; 32.1; 31.6;0;2;870;2;870;3;685;1;-
2026/04/10;08:49:54;100;-; 56.58; 0.6;-; 78.9; 77.9; 34.9; 12.1; 22.8;1649; 0.6; 0.6; 0.6;31; 21.8;F;1;29;On;On;Off; 32.1; 31.6;0;2;870;2;870;3;685;1;-
2026/04/10;08:50:54;100;-; 56.56; 0.7;-; 79.1; 78.4; 38.0; 0.0; 38.0;1649; 0.5; 0.6; 0.6;30; 21.8;F;1;29;On;On;Off; 32.1; 31.6;0;2;870;2;870;3;685;1;-
2026/04/10;08:51:54;100;-; 56.58; 1.0;-; 78.0; 79.0; 53.9; 53.9; 0.0;1649; 0.5; 0.6; 0.6;30; 21.8;F;1;29;On;On;Off; 32.1; 31.6;0;2;870;2;870;3;685;1;-
2026/04/10;08:52:54;100;-; 56.58; 0.6;-; 79.0; 77.9; 34.9; 4.5; 30.4;1649; 0.5; 0.6; 0.6;29; 21.8;F;1;29;On;On;Off; 32.2; 31.7;0;2;870;2;870;3;685;1;-
2026/04/10;08:53:54;100;-; 56.56; 0.6;-; 78.2; 78.8; 33.3; 24.2; 9.1;1649; 0.5; 0.6; 0.6;30; 21.8;F;1;29;On;On;Off; 32.2; 31.6;0;2;870;2;870;3;685;1;-
2026/04/10;08:54:54;100;-; 56.56; 0.8;-; 78.8; 77.8; 47.8; 0.0; 47.8;1649; 0.5; 0.6; 0.6;29; 21.8;F;1;29;On;On;Off; 32.2; 31.7;0;2;870;2;870;3;685;1;-
2026/04/10;08:55:54;100;-; 56.58; 0.9;-; 77.7; 78.9; 51.6; 51.6; 0.0;1649; 0.5; 0.6; 0.6;29; 21.8;F;1;29;On;On;Off; 32.2; 31.7;0;2;870;2;870;3;685;1;-
2026/04/10;08:56:54;100;-; 56.58; 1.1;-; 77.9; 79.0; 60.7; 60.7; 0.0;1649; 0.5; 0.6; 0.6;29; 21.8;F;1;29;On;On;Off; 32.2; 31.7;0;2;870;2;870;3;685;1;-
2026/04/10;08:57:54;100;-; 56.56; 0.7;-; 78.9; 78.1; 39.4; 0.0; 39.4;1649; 0.5; 0.6; 0.6;29; 21.8;F;1;29;On;On;Off; 32.2; 31.7;0;2;870;2;870;3;685;1;-
2026/04/10;08:58:54;100;-; 56.56; 0.5;-; 78.4; 78.5; 28.0; 2.3; 25.8;1649; 0.5; 0.6; 0.6;29; 21.8;F;1;29;On;On;Off; 32.2; 31.7;0;3;871;3;871;3;685;1;-
2026/04/10;08:59:54;100;-; 56.56; 0.6;-; 78.1; 78.4; 31.8; 0.0; 31.8;1649; 0.5; 0.6; 0.6;29; 21.8;F;1;29;On;On;Off; 32.2; 31.7;0;3;871;3;871;3;685;1;-
2026/04/10;09:00:54;100;-; 56.58; 0.8;-; 78.4; 77.9; 43.2; 11.4; 31.8;1649; 0.5; 0.6; 0.6;29; 21.8;F;1;29;On;On;Off; 32.2; 31.7;0;3;871;3;871;3;685;1;-
2026/04/10;09:01:53;100;-; 56.58; 0.9;-; 78.9; 77.6; 50.8; 0.0; 50.8;1649; 0.5; 0.6; 0.6;29; 21.8;F;1;29;On;On;Off; 32.2; 31.7;0;3;871;3;871;3;685;1;-
2026/04/10;09:02:53;100;-; 56.58; 1.2;-; 78.8; 77.5; 67.5; 0.0; 67.5;1649; 0.5; 0.6; 0.6;29; 21.8;F;1;29;On;On;Off; 32.2; 31.7;0;3;871;3;871;3;685;1;-
2026/04/10;09:03:53;100;-; 56.56; 0.7;-; 78.3; 78.6; 39.4; 39.4; 0.0;1649; 0.5; 0.6; 0.6;29; 21.8;F;1;29;On;On;Off; 32.2; 31.7;0;3;871;3;871;3;685;1;-
2026/04/10;09:04:53;100;-; 56.56; 0.7;-; 77.8; 78.7; 37.1; 28.0; 9.1;1649; 0.5; 0.6; 0.6;29; 21.8;F;1;29;On;On;Off; 32.2; 31.7;0;3;871;3;871;3;685;1;-
2026/04/10;09:05:53;100;-; 56.58; 1.0;-; 78.1; 78.7; 54.6; 54.6; 0.0;1649; 0.5; 0.6; 0.6;29; 21.8;F;1;29;On;On;Off; 32.2; 31.7;0;3;871;3;871;3;685;1;-
2026/04/10;09:06:53;100;-; 56.58; 0.8;-; 78.8; 77.7; 43.2; 0.0; 43.2;1649; 0.5; 0.6; 0.6;29; 21.8;F;1;29;On;On;Off; 32.2; 31.7;0;3;871;3;871;3;685;1;-
2026/04/10;09:07:53;100;-; 56.56; 0.8;-; 78.5; 78.5; 44.8; 0.0; 44.8;1649; 0.5; 0.6; 0.6;29; 21.8;F;1;29;On;On;Off; 32.2; 31.7;0;3;871;3;871;3;685;1;-
2026/04/10;09:08:53;100;-; 56.56; 0.5;-; 79.0; 78.0; 28.0; 15.2; 12.9;1649; 0.5; 0.6; 0.6;29; 21.8;F;1;29;On;On;Off; 32.2; 31.7;0;3;871;3;871;3;685;1;-
2026/04/10;09:09:53;100;-; 56.58; 0.8;-; 77.8; 78.7; 44.8; 44.8; 0.0;1649; 0.5; 0.6; 0.6;29; 21.8;F;1;29;On;On;Off; 32.2; 31.7;0;3;871;3;871;3;685;1;-
2026/04/10;09:10:53;100;-; 56.56; 0.5;-; 78.4; 78.3; 28.0; 22.0; 6.1;1649; 0.5; 0.6; 0.6;28; 21.8;F;1;29;On;On;Off; 32.2; 31.7;0;3;871;3;871;3;685;1;-
2026/04/10;09:11:53;100;-; 56.56; 0.4;-; 78.6; 78.1; 21.2; 6.1; 15.2;1649; 0.5; 0.6; 0.6;29; 21.8;F;1;29;On;On;Off; 32.2; 31.7;0;3;871;3;871;3;685;1;-
2026/04/10;09:12:53;100;-; 56.56; 0.5;-; 78.8; 78.0; 30.4; 0.0; 30.4;1649; 0.5; 0.6; 0.6;28; 21.8;F;1;29;On;On;Off; 32.2; 31.7;0;3;871;3;871;3;685;1;-
2026/04/10;09:13:53;100;-; 56.56; 0.6;-; 77.9; 78.3; 36.4; 30.4; 6.1;1649; 0.5; 0.6; 0.6;28; 21.8;F;1;29;On;On;Off; 32.2; 31.7;0;3;871;3;871;3;685;1;-
2026/04/10;09:14:53;100;-; 56.58; 0.6;-; 77.9; 78.5; 35.6; 5.3; 30.4;1649; 0.5; 0.6; 0.6;29; 21.8;F;1;29;On;On;Off; 32.2; 31.7;0;3;871;3;871;3;685;1;-
2026/04/10;09:15:53;100;-; 56.56; 0.4;-; 78.3; 78.5; 23.5; 0.0; 23.5;1649; 0.5; 0.6; 0.6;29; 21.8;F;1;29;On;On;Off; 32.2; 31.7;0;3;871;3;871;3;685;1;-
2026/04/10;09:16:52;100;-; 56.56; 0.9;-; 78.4; 77.8; 50.1; 0.0; 50.1;1649; 0.5; 0.6; 0.6;29; 21.8;F;1;29;On;On;Off; 32.2; 31.7;0;3;871;3;871;3;685;1;-
2026/04/10;09:17:52;100;-; 56.56; 0.3;-; 78.1; 78.5; 18.2; 18.2; 0.0;1649; 0.5; 0.6; 0.6;29; 21.8;F;1;29;On;On;Off; 32.2; 31.7;0;3;871;3;871;3;685;1;-
2026/04/10;09:18:52;100;-; 56.58; 0.6;-; 78.0; 78.0; 32.6; 4.5; 28.0;1649; 0.5; 0.6; 0.6;29; 21.8;F;1;29;On;On;Off; 32.2; 31.7;0;3;871;3;871;3;685;1;-
2026/04/10;09:19:52;100;-; 56.58; 1.0;-; 77.4; 78.4; 55.4; 55.4; 0.0;1649; 0.5; 0.6; 0.6;29; 21.8;F;1;29;On;On;Off; 32.2; 31.7;0;3;871;3;871;3;685;1;-
2026/04/10;09:20:52;100;-; 56.58; 0.8;-; 78.4; 77.4; 44.8; 0.0; 44.8;1649; 0.5; 0.6; 0.6;29; 21.8;F;1;29;On;On;Off; 32.3; 31.8;0;3;871;3;871;3;685;1;-
2026/04/10;09:21:52;100;-; 56.56; 0.4;-; 78.1; 78.3; 22.7; 1.5; 21.2;1649; 0.5; 0.6; 0.6;28; 21.8;F;1;29;On;On;Off; 32.3; 31.8;0;3;871;3;871;3;685;1;-
2026/04/10;09:22:52;100;-; 56.58; 1.0;-; 78.6; 77.7; 55.4; 0.0; 55.4;1649; 0.5; 0.6; 0.6;29; 21.8;F;1;29;On;On;Off; 32.4; 31.9;0;3;871;3;871;3;685;1;-
2026/04/10;09:23:52;100;-; 56.56; 0.6;-; 78.4; 77.9; 31.8; 0.0; 31.8;1649; 0.5; 0.6; 0.6;29; 21.8;F;1;29;On;On;Off; 32.4; 31.9;0;3;871;3;871;3;685;1;-
2026/04/10;09:24:52;100;-; 56.56; 0.7;-; 78.0; 78.4; 37.2; 37.2; 0.0;1649; 0.5; 0.6; 0.6;28; 21.8;F;1;29;On;On;Off; 32.5; 31.9;0;3;871;3;871;3;685;1;-
2026/04/10;09:25:52;100;-; 56.56; 0.7;-; 77.7; 78.2; 39.4; 39.4; 0.0;1649; 0.5; 0.6; 0.6;28; 21.8;F;1;29;On;On;Off; 32.5; 32.0;0;3;871;3;871;3;685;1;-
2026/04/10;09:26:52;100;-; 56.58; 0.5;-; 78.3; 77.3; 31.0; 20.5; 10.6;1650; 0.5; 0.6; 0.6;28; 21.8;F;1;29;On;On;Off; 32.5; 32.0;0;3;871;3;871;3;685;1;-
2026/04/10;09:27:52;100;-; 56.58; 1.0;-; 77.1; 78.1; 58.4; 58.4; 0.0;1650; 0.5; 0.6; 0.6;28; 21.8;F;1;29;On;On;Off; 32.5; 32.0;0;3;871;3;871;3;685;1;-
2026/04/10;09:28:52;100;-; 56.58; 0.7;-; 77.2; 78.1; 38.7; 23.5; 15.2;1650; 0.5; 0.6; 0.6;29; 21.8;F;1;29;On;On;Off; 32.6; 32.1;0;3;871;3;871;3;685;1;-
2026/04/10;09:29:52;100;-; 56.58; 0.7;-; 77.9; 77.6; 40.2; 25.0; 15.2;1650; 0.5; 0.6; 0.6;28; 21.8;F;1;29;On;On;Off; 32.6; 32.1;0;3;871;3;871;3;685;1;-
2026/04/10;09:30:52;100;-; 56.56; 0.6;-; 77.6; 78.2; 33.4; 33.4; 0.0;1650; 0.5; 0.6; 0.6;28; 21.8;F;1;29;On;On;Off; 32.6; 32.1;0;3;871;3;871;3;685;1;-
2026/04/10;09:31:51;100;-; 56.58; 0.5;-; 78.1; 77.3; 27.3; 4.5; 22.8;1650; 0.5; 0.6; 0.6;28; 21.8;F;1;29;On;On;Off; 32.7; 32.2;0;3;871;3;871;3;685;1;-
2026/04/10;09:32:51;100;-; 56.58; 1.0;-; 78.0; 77.4; 54.6; 0.0; 54.6;1650; 0.5; 0.6; 0.6;28; 21.9;F;1;29;On;On;Off; 32.7; 32.2;0;3;871;3;871;3;685;1;-
2026/04/10;09:33:51;100;-; 56.56; 0.9;-; 78.3; 77.3; 49.3; 0.0; 49.3;1650; 0.5; 0.6; 0.6;28; 21.9;F;1;29;On;On;Off; 32.7; 32.2;0;3;871;3;871;3;685;1;-
2026/04/10;09:34:51;100;-; 56.56; 0.8;-; 77.7; 78.2; 47.0; 47.0; 0.0;1650; 0.5; 0.6; 0.6;29; 21.9;F;1;29;On;On;Off; 32.8; 32.3;0;3;871;3;871;3;685;1;-
2026/04/10;09:35:51;100;-; 56.56; 0.5;-; 78.1; 77.5; 30.3; 6.1; 24.2;1650; 0.5; 0.6; 0.6;29; 21.8;F;1;29;On;On;Off; 32.8; 32.3;0;3;871;3;871;3;685;1;-
2026/04/10;09:36:51;100;-; 56.58; 1.1;-; 78.2; 77.0; 60.8; 0.0; 60.8;1650; 0.5; 0.6; 0.6;29; 21.9;F;1;29;On;On;Off; 32.8; 32.3;0;3;871;3;871;3;685;1;-
2026/04/10;09:37:51;100;-; 56.58; 0.8;-; 77.7; 77.6; 44.0; 44.0; 0.0;1650; 0.5; 0.6; 0.6;29; 21.9;F;1;29;On;On;Off; 32.8; 32.3;0;3;871;3;871;3;685;1;-
2026/04/10;09:38:51;100;-; 56.56; 0.5;-; 77.6; 77.9; 25.8; 25.8; 0.0;1650; 0.5; 0.6; 0.6;30; 21.9;F;1;29;On;On;Off; 32.8; 32.3;0;3;871;3;871;3;685;1;-
2026/04/10;09:39:51;100;-; 56.56; 0.7;-; 78.2; 77.2; 40.2; 0.7; 39.4;1650; 0.5; 0.6; 0.6;29; 21.9;F;1;29;On;On;Off; 32.9; 32.3;0;3;871;3;871;3;685;1;-
2026/04/10;09:40:51;100;-; 56.58; 0.6;-; 77.2; 78.0; 36.4; 32.6; 3.8;1650; 0.5; 0.6; 0.6;28; 21.9;F;1;29;On;On;Off; 32.9; 32.3;0;3;871;3;871;3;685;1;-
2026/04/10;09:41:51;100;-; 56.56; 0.8;-; 78.1; 77.3; 46.3; 0.0; 46.3;1650; 0.5; 0.6; 0.6;28; 21.9;F;1;29;On;On;Off; 32.9; 32.4;0;3;871;3;871;3;685;1;-
2026/04/10;09:42:51;100;-; 56.58; 0.8;-; 77.9; 76.7; 47.0; 0.0; 47.0;1650; 0.5; 0.6; 0.6;28; 21.9;F;1;29;On;On;Off; 32.9; 32.4;0;3;871;3;871;3;685;1;-
2026/04/10;09:43:51;100;-; 56.58; 0.4;-; 77.8; 77.3; 24.2; 0.7; 23.5;1650; 0.5; 0.6; 0.6;29; 21.9;F;1;29;On;On;Off; 32.9; 32.4;0;3;871;3;871;3;685;1;-
2026/04/10;09:44:51;100;-; 56.56; 0.4;-; 76.9; 76.2; 22.0; 3.0; 19.0;1650; 0.5; 0.6; 0.6;28; 21.9;F;1;29;On;On;Off; 32.9; 32.4;0;3;871;3;871;3;685;1;-
2026/04/10;09:45:51;100;-; 56.58; 0.7;-; 76.9; 77.6; 40.2; 19.7; 20.5;1650; 0.5; 0.6; 0.6;29; 21.9;F;1;29;On;On;Off; 32.9; 32.4;0;3;871;3;871;3;685;1;-
2026/04/10;09:46:50;100;-; 56.56; 0.5;-; 77.8; 78.0; 29.6; 29.6; 0.0;1650; 0.5; 0.6; 0.6;28; 21.9;F;1;29;On;On;Off; 32.9; 32.4;0;3;871;3;871;3;685;1;-
2026/04/10;09:47:50;100;-; 56.56; 0.6;-; 78.1; 77.6; 36.4; 24.2; 12.1;1650; 0.5; 0.6; 0.6;27; 21.9;F;1;29;On;On;Off; 32.9; 32.4;0;3;871;3;871;3;685;1;-
2026/04/10;09:48:50;100;-; 56.56; 0.4;-; 77.8; 77.9; 23.5; 20.5; 3.0;1650; 0.5; 0.6; 0.6;28; 21.9;F;1;29;On;On;Off; 33.0; 32.5;0;3;871;3;871;3;685;1;-
2026/04/10;09:49:50;100;-; 56.56; 0.9;-; 77.2; 78.1; 49.3; 49.3; 0.0;1650; 0.5; 0.6; 0.6;28; 21.9;F;1;29;On;On;Off; 33.0; 32.5;0;3;871;3;871;3;685;1;-
2026/04/10;09:50:50;100;-; 56.56; 0.5;-; 78.2; 77.7; 31.1; 2.3; 28.8;1650; 0.5; 0.6; 0.6;28; 21.9;F;1;29;On;On;Off; 33.0; 32.5;0;3;871;3;871;3;685;1;-
2026/04/10;09:51:50;100;-; 56.56; 0.4;-; 78.0; 77.5; 21.2; 0.0; 21.2;1650; 0.5; 0.6; 0.6;29; 21.9;F;1;29;On;On;Off; 33.0; 32.5;0;3;871;3;871;3;685;1;-
2026/04/10;09:52:50;100;-; 56.56; 0.4;-; 77.0; 76.7; 22.7; 5.3; 17.5;1650; 0.5; 0.6; 0.6;29; 21.9;F;1;29;On;On;Off; 33.0; 32.5;0;3;871;3;871;3;685;1;-
2026/04/10;09:53:50;100;-; 56.58; 0.6;-; 77.3; 77.5; 36.4; 11.4; 25.0;1650; 0.5; 0.6; 0.6;29; 21.9;F;1;29;On;On;Off; 33.0; 32.5;0;3;871;3;871;3;685;1;-
2026/04/10;09:54:50;100;-; 56.58; 0.6;-; 77.7; 77.3; 36.4; 1.5; 34.9;1650; 0.5; 0.6; 0.6;28; 21.9;F;1;29;On;On;Off; 33.0; 32.5;0;3;871;3;871;3;685;1;-
2026/04/10;09:55:50;100;-; 56.56; 0.5;-; 78.2; 77.6; 26.5; 9.1; 17.5;1650; 0.5; 0.6; 0.6;28; 21.9;F;1;29;On;On;Off; 33.0; 32.5;0;3;871;3;871;3;685;1;-
2026/04/10;09:56:50;100;-; 56.56; 0.5;-; 77.8; 78.1; 26.6; 26.6; 0.0;1650; 0.5; 0.6; 0.6;28; 21.9;F;1;29;On;On;Off; 33.0; 32.6;0;3;871;3;871;3;685;1;-
2026/04/10;09:57:50;100;-; 56.58; 0.7;-; 77.9; 77.4; 41.7; 28.8; 12.9;1650; 0.5; 0.6; 0.6;28; 21.9;F;1;29;On;On;Off; 33.1; 32.6;0;3;871;3;871;3;685;1;-
2026/04/10;09:58:50;100;-; 56.56; 0.8;-; 78.2; 77.2; 46.3; 0.0; 46.3;1650; 0.5; 0.6; 0.6;28; 21.9;F;1;29;On;On;Off; 33.1; 32.6;0;3;871;3;871;3;685;1;-
2026/04/10;09:59:50;100;-; 56.56; 0.6;-; 77.9; 77.4; 34.9; 8.3; 26.6;1650; 0.5; 0.6; 0.6;28; 21.9;F;1;29;On;On;Off; 33.1; 32.6;0;3;871;3;871;3;685;1;-
2026/04/10;10:00:50;100;-; 56.56; 0.7;-; 78.1; 77.6; 40.2; 0.0; 40.2;1650; 0.5; 0.6; 0.6;27; 21.9;F;1;29;On;On;Off; 33.1; 32.6;0;3;871;3;871;3;685;1;-
2026/04/10;10:01:49;100;-; 56.56; 0.8;-; 77.5; 77.9; 44.8; 44.8; 0.0;1650; 0.5; 0.6; 0.6;28; 21.9;F;1;29;On;On;Off; 33.1; 32.6;0;3;871;3;871;3;685;1;-
2026/04/10;10:02:49;100;-; 56.58; 0.6;-; 77.4; 77.8; 34.2; 34.2; 0.0;1650; 0.5; 0.6; 0.6;28; 21.9;F;1;29;On;On;Off; 33.1; 32.6;0;3;871;3;871;3;685;1;-
2026/04/10;10:03:49;100;-; 56.56; 0.7;-; 77.6; 77.4; 38.7; 38.7; 0.0;1650; 0.5; 0.6; 0.6;27; 21.9;F;1;29;On;On;Off; 33.1; 32.6;0;3;871;3;871;3;685;1;-
2026/04/10;10:04:49;100;-; 56.58; 0.5;-; 77.5; 77.8; 28.0; 28.0; 0.0;1650; 0.5; 0.6; 0.6;28; 21.9;F;1;29;On;On;Off; 33.1; 32.6;0;3;871;3;871;3;685;1;-
2026/04/10;10:05:49;100;-; 56.56; 0.7;-; 77.5; 77.3; 41.8; 0.0; 41.8;1650; 0.5; 0.6; 0.6;27; 21.9;F;1;29;On;On;Off; 33.1; 32.6;0;3;871;3;871;3;685;1;-
2026/04/10;10:06:49;100;-; 56.56; 0.4;-; 77.4; 77.5; 25.0; 0.0; 25.0;1650; 0.5; 0.6; 0.6;28; 21.9;F;1;29;On;On;Off; 33.1; 32.6;0;3;871;3;871;3;685;1;-
2026/04/10;10:07:49;100;-; 56.56; 0.7;-; 78.0; 77.3; 38.7; 0.0; 38.7;1650; 0.5; 0.6; 0.6;27; 21.9;F;1;29;On;On;Off; 33.2; 32.7;0;3;871;3;871;3;685;1;-
2026/04/10;10:08:49;100;-; 56.56; 0.7;-; 77.4; 77.7; 40.2; 40.2; 0.0;1650; 0.5; 0.6; 0.6;28; 21.9;F;1;29;On;On;Off; 33.1; 32.7;0;3;871;3;871;3;685;1;-
2026/04/10;10:09:49;100;-; 56.56; 0.5;-; 77.7; 77.1; 25.8; 3.8; 22.0;1650; 0.5; 0.6; 0.6;28; 21.9;F;1;29;On;On;Off; 33.2; 32.7;0;3;871;3;871;3;685;1;-
2026/04/10;10:10:49;100;-; 56.56; 0.4;-; 77.6; 77.2; 21.2; 0.0; 21.2;1650; 0.5; 0.6; 0.6;28; 21.9;F;1;29;On;On;Off; 33.2; 32.7;0;3;871;3;871;3;685;1;-
2026/04/10;10:11:49;100;-; 56.56; 0.8;-; 77.6; 77.1; 44.0; 0.0; 44.0;1650; 0.5; 0.6; 0.6;29; 21.9;F;1;29;On;On;Off; 33.2; 32.7;0;3;871;3;871;3;685;1;-
2026/04/10;10:12:49;100;-; 56.58; 0.8;-; 77.7; 76.6; 44.8; 0.0; 44.8;1650; 0.5; 0.6; 0.6;29; 21.9;F;1;29;On;On;Off; 33.2; 32.7;0;3;871;3;871;3;685;1;-
2026/04/10;10:13:49;100;-; 56.58; 0.6;-; 77.4; 76.7; 31.8; 24.2; 7.6;1650; 0.5; 0.6; 0.6;29; 21.9;F;1;29;On;On;Off; 33.2; 32.7;0;3;871;3;871;3;685;1;-
2026/04/10;10:14:49;100;-; 56.56; 0.6;-; 76.9; 77.2; 34.9; 25.0; 9.9;1650; 0.5; 0.6; 0.6;28; 21.9;F;1;29;On;On;Off; 33.2; 32.7;0;3;871;3;871;3;685;1;-
2026/04/10;10:15:49;100;-; 56.58; 0.8;-; 76.8; 77.2; 44.0; 44.0; 0.0;1650; 0.5; 0.6; 0.6;28; 21.9;F;1;29;On;On;Off; 33.2; 32.7;0;3;871;3;871;3;685;1;-
2026/04/10;10:16:48;100;-; 56.58; 1.1;-; 77.4; 76.3; 60.7; 0.0; 60.7;1650; 0.5; 0.6; 0.6;28; 21.9;F;1;29;On;On;Off; 33.2; 32.7;0;3;871;3;871;3;685;1;-
2026/04/10;10:17:48;100;-; 56.56; 0.6;-; 76.8; 77.0; 33.4; 33.4; 0.0;1650; 0.5; 0.6; 0.6;28; 21.9;F;1;29;On;On;Off; 33.2; 32.7;0;3;871;3;871;3;685;1;-
2026/04/10;10:18:48;100;-; 56.58; 0.8;-; 77.2; 76.2; 43.2; 0.0; 43.2;1650; 0.5; 0.6; 0.6;28; 21.9;F;1;29;On;On;Off; 33.2; 32.7;0;3;871;3;871;3;685;1;-
2026/04/10;10:19:48;100;-; 56.58; 0.7;-; 77.0; 76.4; 40.2; 20.5; 19.7;1650; 0.5; 0.6; 0.6;28; 21.9;F;1;29;On;On;Off; 33.3; 32.8;0;3;871;3;871;3;685;1;-
2026/04/10;10:20:48;100;-; 56.56; 1.0;-; 76.6; 77.1; 56.1; 56.1; 0.0;1650; 0.5; 0.6; 0.6;27; 21.9;F;1;29;On;On;Off; 33.3; 32.8;0;3;871;3;871;3;685;1;-
2026/04/10;10:21:48;100;-; 56.56; 0.6;-; 76.8; 77.0; 33.4; 33.4; 0.0;1650; 0.5; 0.6; 0.6;27; 21.9;F;1;29;On;On;Off; 33.3; 32.8;0;3;871;3;871;3;685;1;-
2026/04/10;10:22:48;100;-; 56.58; 1.1;-; 77.4; 76.3; 62.2; 0.0; 62.2;1650; 0.5; 0.6; 0.6;27; 21.9;F;1;29;On;On;Off; 33.3; 32.8;0;3;871;3;871;3;685;1;-
2026/04/10;10:23:48;100;-; 56.56; 0.9;-; 76.2; 77.0; 48.6; 48.6; 0.0;1650; 0.5; 0.6; 0.6;27; 21.9;F;1;29;On;On;Off; 33.3; 32.8;0;3;871;3;871;3;685;1;-
2026/04/10;10:24:48;100;-; 56.58; 0.5;-; 77.0; 76.3; 29.6; 8.3; 21.2;1650; 0.5; 0.6; 0.6;27; 21.9;F;1;29;On;On;Off; 33.3; 32.8;0;3;871;3;871;3;685;1;-
2026/04/10;10:25:48;100;-; 56.56; 0.7;-; 76.4; 76.7; 41.8; 41.8; 0.0;1650; 0.5; 0.6; 0.6;28; 21.9;F;1;29;On;On;Off; 33.3; 32.8;0;3;871;3;871;3;685;1;-
2026/04/10;10:26:48;100;-; 56.56; 0.8;-; 76.6; 76.7; 44.0; 0.0; 44.0;1651; 0.5; 0.6; 0.6;28; 21.9;F;1;29;On;On;Off; 33.3; 32.8;0;3;871;3;871;3;685;1;-
2026/04/10;10:27:48;100;-; 56.58; 0.8;-; 76.4; 76.7; 46.3; 46.3; 0.0;1651; 0.5; 0.6; 0.6;28; 21.9;F;1;29;On;On;Off; 33.3; 32.8;0;3;871;3;871;3;685;1;-
2026/04/10;10:28:48;100;-; 56.58; 0.7;-; 76.7; 76.4; 41.0; 0.0; 41.0;1651; 0.5; 0.6; 0.6;29; 21.9;F;1;29;On;On;Off; 33.3; 32.8;0;3;871;3;871;3;685;1;-
2026/04/10;10:29:48;100;-; 56.56; 0.6;-; 76.8; 76.4; 34.2; 0.0; 34.2;1651; 0.5; 0.6; 0.6;29; 21.9;F;1;29;On;On;Off; 33.3; 32.8;0;3;871;3;871;4;686;1;-
2026/04/10;10:30:48;100;-; 56.56; 0.5;-; 76.2; 76.8; 31.0; 25.8; 5.3;1651; 0.5; 0.6; 0.6;29; 21.9;F;1;29;On;On;Off; 33.3; 32.8;0;3;871;3;871;4;686;1;-
2026/04/10;10:31:47;100;-; 56.58; 0.5;-; 76.6; 76.6; 31.0; 20.5; 10.6;1651; 0.5; 0.6; 0.6;28; 21.9;F;1;29;On;On;Off; 33.3; 32.8;0;3;871;3;871;4;686;1;-
2026/04/10;10:32:47;100;-; 56.56; 0.7;-; 76.4; 77.1; 40.2; 40.2; 0.0;1651; 0.5; 0.6; 0.6;28; 21.9;F;1;29;On;On;Off; 33.3; 32.8;0;3;871;3;871;4;686;1;-
2026/04/10;10:33:47;100;-; 56.56; 0.6;-; 76.3; 77.0; 34.9; 31.1; 3.8;1651; 0.5; 0.6; 0.6;28; 21.9;F;1;29;On;On;Off; 33.3; 32.9;0;3;871;3;871;4;686;1;-
2026/04/10;10:34:47;100;-; 56.58; 0.8;-; 76.3; 77.0; 47.8; 47.8; 0.0;1651; 0.5; 0.6; 0.6;29; 21.9;F;1;29;On;On;Off; 33.4; 32.9;0;3;871;3;871;4;686;1;-
2026/04/10;10:35:47;100;-; 56.56; 0.6;-; 76.8; 76.4; 34.2; 15.2; 19.0;1651; 0.5; 0.6; 0.6;29; 21.9;F;1;29;On;On;Off; 33.4; 32.9;0;3;871;3;871;4;686;1;-
2026/04/10;10:36:47;100;-; 56.58; 0.8;-; 77.1; 76.4; 46.3; 0.0; 46.3;1651; 0.5; 0.6; 0.6;29; 21.9;F;1;29;On;On;Off; 33.4; 32.9;0;3;871;3;871;4;686;1;-
2026/04/10;10:37:47;100;-; 56.56; 0.5;-; 76.7; 77.0; 29.6; 29.6; 0.0;1651; 0.5; 0.6; 0.6;28; 22.0;F;1;29;On;On;Off; 33.4; 32.9;0;3;871;3;871;4;686;1;-
2026/04/10;10:38:47;100;-; 56.58; 0.9;-; 76.3; 77.0; 50.8; 50.8; 0.0;1651; 0.5; 0.6; 0.6;29; 22.0;F;1;29;On;On;Off; 33.4; 32.9;0;3;871;3;871;4;686;1;-
2026/04/10;10:39:47;100;-; 56.58; 0.8;-; 77.0; 76.7; 44.8; 44.8; 0.0;1651; 0.5; 0.6; 0.6;28; 22.0;F;1;29;On;On;Off; 33.4; 32.9;0;3;871;3;871;4;686;1;-
2026/04/10;10:40:47;100;-; 56.56; 0.9;-; 77.1; 76.2; 52.4; 0.0; 52.4;1651; 0.5; 0.6; 0.6;28; 22.0;F;1;29;On;On;Off; 33.4; 32.9;0;3;871;3;871;4;686;1;-
2026/04/10;10:41:47;100;-; 56.58; 0.8;-; 77.2; 76.3; 47.0; 0.0; 47.0;1651; 0.5; 0.6; 0.6;28; 22.0;F;1;29;On;On;Off; 33.4; 32.9;0;3;871;3;871;4;686;1;-
2026/04/10;10:42:47;100;-; 56.56; 0.5;-; 76.7; 76.9; 29.6; 21.2; 8.3;1651; 0.5; 0.6; 0.6;28; 21.9;F;1;29;On;On;Off; 33.4; 32.9;0;4;872;4;872;4;686;1;-
2026/04/10;10:43:47;100;-; 56.58; 1.0;-; 77.2; 76.3; 59.2; 0.0; 59.2;1651; 0.5; 0.6; 0.6;28; 21.9;F;1;29;On;On;Off; 33.4; 32.9;0;4;872;4;872;4;686;1;-
2026/04/10;10:44:47;100;-; 56.56; 0.4;-; 77.3; 76.9; 23.5; 0.0; 23.5;1651; 0.5; 0.6; 0.6;28; 21.9;F;1;29;On;On;Off; 33.4; 32.9;0;4;872;4;872;4;686;1;-
2026/04/10;10:45:46;100;-; 56.56; 0.4;-; 77.0; 76.8; 25.0; 20.5; 4.5;1651; 0.5; 0.6; 0.6;28; 22.0;F;1;29;On;On;Off; 33.4; 32.9;0;4;872;4;872;4;686;1;-
2026/04/10;10:46:46;100;-; 56.58; 0.6;-; 76.8; 76.7; 34.2; 19.0; 15.2;1651; 0.5; 0.6; 0.6;29; 22.0;F;1;29;On;On;Off; 33.4; 32.9;0;4;872;4;872;4;686;1;-
2026/04/10;10:47:46;100;-; 56.56; 0.5;-; 77.0; 76.6; 27.3; 12.1; 15.2;1651; 0.5; 0.6; 0.6;28; 22.0;F;1;29;On;On;Off; 33.5; 32.9;0;4;872;4;872;4;686;1;-
2026/04/10;10:48:46;100;-; 56.56; 0.5;-; 76.8; 77.0; 26.6; 26.6; 0.0;1651; 0.5; 0.6; 0.6;28; 22.0;F;1;29;On;On;Off; 33.4; 32.9;0;4;872;4;872;4;686;1;-
2026/04/10;10:49:46;100;-; 56.58; 0.9;-; 76.4; 77.0; 50.8; 50.8; 0.0;1651; 0.5; 0.6; 0.6;28; 22.0;F;1;29;On;On;Off; 33.4; 32.9;0;4;872;4;872;4;686;1;-
2026/04/10;10:50:46;100;-; 56.58; 1.1;-; 76.3; 77.0; 60.8; 60.8; 0.0;1651; 0.5; 0.6; 0.6;28; 22.0;F;1;29;On;On;Off; 33.5; 33.0;0;4;872;4;872;4;686;1;-
2026/04/10;10:51:46;100;-; 56.58; 0.6;-; 76.5; 76.7; 36.4; 12.9; 23.5;1651; 0.5; 0.6; 0.6;28; 22.0;F;1;29;On;On;Off; 33.5; 33.0;0;4;872;4;872;4;686;1;-
2026/04/10;10:52:46;100;-; 56.56; 0.4;-; 77.0; 76.7; 23.5; 0.7; 22.8;1651; 0.5; 0.6; 0.6;28; 22.0;F;1;29;On;On;Off; 33.5; 33.0;0;4;872;4;872;4;686;1;-
2026/04/10;10:53:46;100;-; 56.58; 0.5;-; 76.9; 76.3; 30.4; 3.8; 26.6;1651; 0.5; 0.6; 0.6;28; 22.0;F;1;29;On;On;Off; 33.5; 33.0;0;4;872;4;872;4;686;1;-
2026/04/10;10:54:46;100;-; 56.58; 0.8;-; 77.1; 76.1; 47.8; 0.0; 47.8;1651; 0.5; 0.6; 0.6;28; 22.0;F;1;29;On;On;Off; 33.5; 33.0;0;4;872;4;872;4;686;1;-
2026/04/10;10:55:46;100;-; 56.56; 0.7;-; 76.7; 76.9; 38.0; 38.0; 0.0;1651; 0.5; 0.6; 0.6;28; 22.0;F;1;29;On;On;Off; 33.5; 33.0;0;4;872;4;872;4;686;1;-
2026/04/10;10:56:46;100;-; 56.58; 0.7;-; 77.0; 76.2; 37.9; 5.3; 32.6;1651; 0.5; 0.6; 0.6;28; 22.0;F;1;29;On;On;Off; 33.5; 33.0;0;4;872;4;872;4;686;1;-
2026/04/10;10:57:46;100;-; 56.56; 0.6;-; 76.8; 76.1; 34.8; 10.6; 24.2;1651; 0.5; 0.6; 0.6;28; 22.0;F;1;29;On;On;Off; 33.5; 33.0;0;4;872;4;872;4;686;1;-
2026/04/10;10:58:46;100;-; 56.56; 0.6;-; 76.9; 76.1; 34.9; 13.7; 21.2;1651; 0.5; 0.6; 0.6;28; 22.0;F;1;29;On;On;Off; 33.5; 33.0;0;4;872;4;872;4;686;1;-
2026/04/10;10:59:46;100;-; 56.58; 1.0;-; 76.2; 76.9; 54.6; 54.6; 0.0;1651; 0.5; 0.6; 0.6;28; 22.0;F;1;29;On;On;Off; 33.5; 33.0;0;4;872;4;872;4;686;1;-
2026/04/10;11:00:45;100;-; 56.56; 0.6;-; 76.5; 76.9; 35.6; 35.6; 0.0;1651; 0.5; 0.6; 0.6;28; 22.0;F;1;29;On;On;Off; 33.5; 33.0;0;4;872;4;872;4;686;1;-
2026/04/10;11:01:45;100;-; 56.54; 0.7;-; 76.9; 76.4; 39.4; 0.0; 39.4;1651; 0.5; 0.6; 0.6;28; 22.0;F;1;29;On;On;Off; 33.5; 33.0;0;4;872;4;872;4;686;1;-
2026/04/10;11:02:45;100;-; 56.56; 0.8;-; 76.8; 76.6; 47.0; 47.0; 0.0;1651; 0.5; 0.6; 0.6;28; 22.0;F;1;29;On;On;Off; 33.6; 33.0;0;4;872;4;872;4;686;1;-
2026/04/10;11:03:45;100;-; 56.56; 0.8;-; 76.7; 77.0; 43.2; 43.2; 0.0;1651; 0.5; 0.6; 0.6;28; 22.0;F;1;29;On;On;Off; 33.5; 33.0;0;4;872;4;872;4;686;1;-
2026/04/10;11:04:45;100;-; 56.58; 0.7;-; 76.4; 76.9; 38.0; 38.0; 0.0;1651; 0.5; 0.6; 0.6;29; 22.0;F;1;29;On;On;Off; 33.6; 33.0;0;4;872;4;872;4;686;1;-
2026/04/10;11:05:45;100;-; 56.56; 0.7;-; 77.0; 76.4; 41.8; 0.0; 41.8;1651; 0.5; 0.6; 0.6;29; 22.0;F;1;29;On;On;Off; 33.6; 33.0;0;4;872;4;872;4;686;1;-
2026/04/10;11:06:45;100;-; 56.58; 0.6;-; 77.0; 76.6; 36.4; 36.4; 0.0;1651; 0.5; 0.6; 0.6;29; 22.0;F;1;29;On;On;Off; 33.6; 33.0;0;4;872;4;872;4;686;1;-
2026/04/10;11:07:45;100;-; 56.56; 0.8;-; 77.2; 76.4; 45.6; 0.0; 45.6;1651; 0.5; 0.6; 0.6;29; 22.0;F;1;29;On;On;Off; 33.5; 33.0;0;4;872;4;872;4;686;1;-
2026/04/10;11:08:45;100;-; 56.56; 0.5;-; 77.2; 76.6; 26.6; 11.4; 15.2;1651; 0.5; 0.6; 0.6;29; 22.0;F;1;29;On;On;Off; 33.4; 32.9;0;4;872;4;872;4;686;1;-
2026/04/10;11:09:45;100;-; 56.56; 0.6;-; 77.0; 76.5; 31.8; 0.0; 31.8;1651; 0.5; 0.6; 0.6;29; 22.0;F;1;29;On;On;Off; 33.4; 32.9;0;4;872;4;872;4;686;1;-
2026/04/10;11:10:45;100;-; 56.56; 0.6;-; 76.3; 76.6; 33.4; 25.0; 8.3;1651; 0.5; 0.6; 0.6;29; 22.0;F;1;29;On;On;Off; 33.4; 32.9;0;4;872;4;872;4;686;1;-
2026/04/10;11:11:45;100;-; 56.58; 1.2;-; 75.9; 76.6; 66.0; 66.0; 0.0;1651; 0.5; 0.6; 0.6;29; 22.0;F;1;29;On;On;Off; 33.3; 32.8;0;4;872;4;872;4;686;1;-
2026/04/10;11:12:45;100;-; 56.58; 0.5;-; 76.7; 76.1; 31.1; 27.3; 3.8;1651; 0.5; 0.6; 0.6;29; 22.0;F;1;29;On;On;Off; 33.3; 32.8;0;4;872;4;872;4;686;1;-
2026/04/10;11:13:45;100;-; 56.58; 0.8;-; 76.9; 75.8; 47.8; 0.0; 47.8;1651; 0.5; 0.6; 0.6;29; 22.0;F;1;29;On;On;Off; 33.3; 32.8;0;4;872;4;872;4;686;1;-
2026/04/10;11:14:45;100;-; 56.54; 0.9;-; 76.7; 76.2; 50.1; 0.0; 50.1;1651; 0.5; 0.6; 0.6;29; 22.0;F;1;29;On;On;Off; 33.3; 32.8;0;4;872;4;872;4;686;1;-
2026/04/10;11:15:44;100;-; 56.58; 0.5;-; 76.3; 76.4; 28.8; 27.3; 1.5;1651; 0.5; 0.5; 0.5;25; 22.0;F;1;29;On;On;Off; 33.2; 31.5;0;4;872;4;872;4;686;1;-
2026/04/10;11:16:44;100;-; 56.56; 0.1;-; 76.6; 76.6; 6.8; 6.1; 0.7;1651; 0.3; 0.4; 0.4;17; 22.0;F;1;29;On;On;Off; 32.9; 30.5;0;4;872;4;872;4;686;1;-
2026/04/10;11:17:44;100;-; 56.56; 0.5;-; 76.5; 76.8; 31.1; 30.4; 0.7;1651; 0.3; 0.4; 0.4;18; 22.0;F;1;29;On;On;Off; 32.6; 30.2;0;4;872;4;872;4;686;1;-
2026/04/10;11:18:44;100;-; 56.56; 0.3;-; 76.9; 76.9; 18.9; 18.2; 0.7;1651; 0.3; 0.4; 0.4;16; 22.0;F;1;29;On;On;Off; 32.5; 30.0;0;4;872;4;872;4;686;1;-
2026/04/10;11:19:44;100;-; 56.56; 0.5;-; 76.9; 76.9; 29.6; 28.8; 0.7;1651; 0.3; 0.3; 0.3;17; 22.0;F;1;29;On;On;Off; 32.4; 29.9;0;4;872;4;872;4;686;1;-
2026/04/10;11:20:44;100;-; 56.56; 0.4;-; 76.7; 77.0; 24.2; 22.8; 1.5;1651; 0.3; 0.4; 0.4;17; 22.0;F;1;29;On;On;Off; 32.2; 29.7;0;4;872;4;872;4;686;1;-
2026/04/10;11:21:44;100;-; 56.56; 0.4;-; 76.8; 76.8; 22.7; 22.0; 0.7;1651; 0.3; 0.4; 0.4;16; 22.0;F;1;29;On;On;Off; 32.1; 29.6;0;4;872;4;872;4;686;1;-
2026/04/10;11:22:44;100;-; 56.54; 0.2;-; 76.8; 76.7; 10.5; 9.1; 1.5;1651; 0.3; 0.3; 0.3;17; 22.0;F;1;29;On;On;Off; 32.0; 29.5;0;4;872;4;872;4;686;1;-
2026/04/10;11:23:44;100;-; 56.54; 0.2;-; 76.7; 76.6; 9.1; 8.3; 0.7;1651; 0.3; 0.3; 0.3;16; 22.0;F;1;29;On;On;Off; 31.9; 29.4;0;4;872;4;872;4;686;1;-
2026/04/10;11:24:44;100;-; 56.54; 0.2;-; 76.6; 76.6; 13.6; 12.9; 0.7;1651; 0.3; 0.3; 0.3;16; 22.0;F;1;29;On;On;Off; 31.8; 29.3;0;4;872;4;872;4;686;1;-
2026/04/10;11:25:44;100;-; 56.56; 0.5;-; 76.4; 76.5; 25.8; 25.0; 0.7;1651; 0.3; 0.3; 0.3;17; 22.0;F;1;29;On;On;Off; 31.7; 29.2;0;4;872;4;872;4;686;1;-
2026/04/10;11:26:44;100;-; 56.54; 0.1;-; 76.6; 76.4; 7.5; 6.8; 0.7;1652; 0.3; 0.3; 0.3;17; 22.0;F;1;29;On;On;Off; 31.6; 29.1;0;4;872;4;872;4;686;1;-
2026/04/10;11:27:44;100;-; 56.56; 0.4;-; 76.4; 76.3; 22.7; 21.2; 1.5;1652; 0.3; 0.3; 0.3;16; 22.0;F;1;29;On;On;Off; 31.6; 29.0;0;4;872;4;872;4;686;1;-
2026/04/10;11:28:44;100;-; 56.56; 0.5;-; 76.2; 76.3; 26.5; 25.8; 0.7;1652; 0.3; 0.4; 0.4;17; 22.0;F;1;29;On;On;Off; 31.5; 29.0;0;4;872;4;872;4;686;1;-
2026/04/10;11:29:44;100;-; 56.56; 0.3;-; 76.5; 76.3; 16.7; 15.9; 0.7;1652; 0.3; 0.4; 0.4;17; 22.0;F;1;29;On;On;Off; 31.4; 28.9;0;4;872;4;872;4;686;1;-
2026/04/10;11:30:43;100;-; 56.54; 0.2;-; 76.5; 76.3; 13.6; 12.8; 0.7;1652; 0.3; 0.4; 0.4;16; 22.0;F;1;29;On;On;Off; 31.4; 28.8;0;4;872;4;872;4;686;1;-
2026/04/10;11:31:43;100;-; 56.54; 0.2;-; 76.7; 76.4; 12.1; 11.4; 0.7;1652; 0.3; 0.3; 0.3;16; 22.0;F;1;29;On;On;Off; 31.3; 28.8;0;4;872;4;872;4;686;1;-
2026/04/10;11:32:43;100;-; 56.56; 0.3;-; 76.7; 76.6; 18.2; 17.4; 0.7;1652; 0.3; 0.3; 0.3;16; 22.1;F;1;29;On;On;Off; 31.2; 28.7;0;4;872;4;872;4;686;1;-
2026/04/10;11:33:43;100;-; 56.56; 0.1;-; 76.9; 76.7; 8.3; 7.6; 0.7;1652; 0.3; 0.3; 0.3;16; 22.0;F;1;29;On;On;Off; 31.2; 28.7;0;4;872;4;872;4;686;1;-
2026/04/10;11:34:43;100;-; 56.54; 0.3;-; 77.1; 76.7; 14.4; 13.6; 0.7;1652; 0.3; 0.3; 0.3;16; 22.1;F;1;29;On;On;Off; 31.1; 28.6;0;4;872;4;872;4;686;1;-
2026/04/10;11:35:43;100;-; 56.56; 0.5;-; 76.6; 76.7; 26.5; 25.8; 0.7;1652; 0.3; 0.3; 0.3;16; 22.0;F;1;29;On;On;Off; 31.1; 28.5;0;4;872;4;872;4;686;1;-
2026/04/10;11:36:43;100;-; 56.56; 0.3;-; 76.8; 76.6; 16.7; 15.9; 0.7;1652; 0.3; 0.3; 0.3;16; 22.1;F;1;29;On;On;Off; 31.0; 28.5;0;4;872;4;872;4;686;1;-
2026/04/10;11:37:43;100;-; 56.56; 0.5;-; 76.5; 76.5; 28.0; 26.6; 1.5;1652; 0.3; 0.3; 0.3;16; 22.1;F;1;29;On;On;Off; 31.0; 28.4;0;4;872;4;872;4;686;1;-
2026/04/10;11:38:43;100;-; 56.56; 0.5;-; 76.5; 76.6; 26.5; 25.0; 1.5;1652; 0.3; 0.3; 0.3;16; 22.1;F;1;29;On;On;Off; 30.9; 28.4;0;4;872;4;872;4;686;1;-
2026/04/10;11:39:43;100;-; 56.54; 0.5;-; 76.6; 76.3; 27.3; 26.6; 0.7;1652; 0.3; 0.3; 0.3;16; 22.1;F;1;29;On;On;Off; 30.9; 28.3;0;4;872;4;872;4;686;1;-
2026/04/10;11:40:43;100;-; 56.54; 0.4;-; 76.3; 76.4; 23.5; 22.8; 0.7;1652; 0.3; 0.3; 0.3;16; 22.1;F;1;29;On;On;Off; 30.8; 28.3;0;4;872;4;872;4;686;1;-
2026/04/10;11:41:43;100;-; 56.54; 0.3;-; 76.6; 76.4; 16.6; 15.2; 1.5;1652; 0.3; 0.4; 0.4;16; 22.1;F;1;29;On;On;Off; 30.8; 28.3;0;4;872;4;872;4;686;1;-
2026/04/10;11:42:43;100;-; 56.54; 0.3;-; 76.6; 76.5; 16.6; 15.9; 0.7;1652; 0.3; 0.4; 0.4;16; 22.1;F;1;29;On;On;Off; 30.8; 28.2;0;4;872;4;872;4;686;1;-
2026/04/10;11:43:43;100;-; 56.54; 0.3;-; 76.8; 76.4; 15.9; 15.2; 0.7;1652; 0.3; 0.4; 0.4;16; 22.1;F;1;29;On;On;Off; 30.7; 28.2;0;4;872;4;872;4;686;1;-
2026/04/10;11:44:43;100;-; 56.54; 0.1;-; 76.8; 76.4; 7.5; 6.8; 0.7;1652; 0.3; 0.3; 0.3;16; 22.1;F;1;29;On;On;Off; 30.7; 28.2;0;4;872;4;872;4;686;1;-
2026/04/10;11:45:42;100;-; 56.54; 0.5;-; 76.4; 76.6; 26.5; 25.0; 1.5;1652; 0.3; 0.4; 0.4;16; 22.1;F;1;29;On;On;Off; 30.7; 28.1;0;4;872;4;872;4;686;1;-
2026/04/10;11:46:42;100;-; 56.54; 0.2;-; 76.7; 76.6; 13.6; 12.9; 0.7;1652; 0.3; 0.4; 0.4;17; 22.1;F;1;29;On;On;Off; 30.6; 28.1;0;4;872;4;872;4;686;1;-
2026/04/10;11:47:42;100;-; 56.56; 0.4;-; 76.7; 76.6; 24.2; 23.5; 0.7;1652; 0.3; 0.3; 0.3;17; 22.1;F;1;29;On;On;Off; 30.6; 28.1;0;4;872;4;872;4;686;1;-
2026/04/10;11:48:42;100;-; 56.56; 0.3;-; 76.7; 76.5; 19.7; 19.0; 0.7;1652; 0.3; 0.3; 0.3;17; 22.1;F;1;29;On;On;Off; 30.6; 28.0;0;4;872;4;872;4;686;1;-
2026/04/10;11:49:42;100;-; 56.56; 0.3;-; 76.7; 76.4; 19.7; 19.0; 0.7;1652; 0.3; 0.3; 0.3;17; 22.1;F;1;29;On;On;Off; 30.5; 28.0;0;4;872;4;872;4;686;1;-
2026/04/10;11:50:42;100;-; 56.56; 0.6;-; 76.4; 76.3; 34.1; 32.6; 1.5;1652; 0.3; 0.4; 0.4;17; 22.1;F;1;29;On;On;Off; 30.5; 28.0;0;4;872;4;872;4;686;1;-
2026/04/10;11:51:42;100;-; 56.54; 0.1;-; 76.5; 76.2; 7.5; 6.8; 0.7;1652; 0.3; 0.3; 0.3;16; 22.1;F;1;29;On;On;Off; 30.5; 28.0;0;4;872;4;872;4;686;1;-
2026/04/10;11:52:42;100;-; 56.56; 0.4;-; 76.3; 76.1; 22.0; 21.2; 0.7;1652; 0.3; 0.3; 0.3;16; 22.1;F;1;29;On;On;Off; 30.5; 27.9;0;4;872;4;872;4;686;1;-
2026/04/10;11:53:42;100;-; 56.54; 0.3;-; 76.3; 76.2; 14.4; 13.6; 0.7;1652; 0.3; 0.3; 0.3;15; 22.1;F;1;29;On;On;Off; 30.4; 27.9;0;4;872;4;872;4;686;1;-
2026/04/10;11:54:42;100;-; 56.56; 0.3;-; 76.4; 76.2; 18.9; 18.2; 0.7;1652; 0.3; 0.3; 0.3;16; 22.1;F;1;29;On;On;Off; 30.4; 27.9;0;4;872;4;872;4;686;1;-
2026/04/10;11:55:42;100;-; 56.54; 0.4;-; 76.6; 76.3; 20.4; 19.7; 0.7;1652; 0.3; 0.3; 0.3;16; 22.1;F;1;29;On;On;Off; 30.4; 27.9;0;4;872;4;872;4;686;1;-
2026/04/10;11:56:42;100;-; 56.54; 0.4;-; 76.5; 76.3; 22.7; 22.0; 0.7;1652; 0.3; 0.3; 0.3;16; 22.1;F;1;29;On;On;Off; 30.4; 27.8;0;4;872;4;872;4;686;1;-
2026/04/10;11:57:42;100;-; 56.54; 0.4;-; 76.3; 76.1; 20.4; 19.7; 0.7;1652; 0.3; 0.3; 0.3;16; 22.1;F;1;29;On;On;Off; 30.4; 27.8;0;4;872;4;872;4;686;1;-
2026/04/10;11:58:42;100;-; 56.54; 0.3;-; 76.2; 76.2; 18.2; 17.4; 0.7;1652; 0.3; 0.3; 0.3;16; 22.1;F;1;29;On;On;Off; 30.3; 27.8;0;4;872;4;872;4;686;1;-
2026/04/10;11:59:42;100;-; 56.54; 0.3;-; 76.5; 76.2; 15.9; 15.2; 0.7;1652; 0.3; 0.3; 0.3;16; 22.1;F;1;29;On;On;Off; 30.3; 27.8;0;4;872;4;872;4;686;1;-
2026/04/10;12:00:41;100;-; 56.54; 0.4;-; 76.2; 76.2; 21.2; 20.4; 0.7;1652; 0.3; 0.3; 0.3;16; 22.1;F;1;29;On;On;Off; 30.3; 27.7;0;4;872;4;872;4;686;1;-
2026/04/10;12:01:41;100;-; 56.54; 0.2;-; 76.3; 76.3; 12.9; 12.1; 0.7;1652; 0.3; 0.3; 0.3;16; 22.1;F;1;29;On;On;Off; 30.3; 27.7;0;4;872;4;872;4;686;1;-
2026/04/10;12:02:41;100;-; 56.54; 0.2;-; 76.5; 76.3; 9.8; 9.1; 0.7;1652; 0.3; 0.3; 0.3;17; 22.1;F;1;29;On;On;Off; 30.2; 27.7;0;4;872;4;872;4;686;1;-
2026/04/10;12:03:41;100;-; 56.56; 0.6;-; 76.3; 76.3; 33.4; 32.6; 0.7;1652; 0.3; 0.3; 0.3;16; 22.1;F;1;29;On;On;Off; 30.2; 27.7;0;4;872;4;872;4;686;1;-
2026/04/10;12:04:41;100;-; 56.56; 0.4;-; 76.2; 76.2; 22.7; 22.0; 0.7;1652; 0.3; 0.3; 0.3;17; 22.1;F;1;29;On;On;Off; 30.2; 27.7;0;4;872;4;872;4;686;1;-
2026/04/10;12:05:41;100;-; 56.56; 0.4;-; 76.2; 76.3; 20.4; 19.0; 1.5;1652; 0.3; 0.3; 0.3;16; 22.1;F;1;29;On;On;Off; 30.2; 27.7;0;4;872;4;872;4;686;1;-
2026/04/10;12:06:41;100;-; 56.56; 0.3;-; 76.3; 76.1; 18.1; 16.7; 1.5;1652; 0.3; 0.3; 0.3;17; 22.1;F;1;29;On;On;Off; 30.2; 27.6;0;4;872;4;872;4;686;1;-
2026/04/10;12:07:41;100;-; 56.54; 0.5;-; 75.9; 76.2; 28.8; 27.3; 1.5;1652; 0.3; 0.3; 0.3;17; 22.1;F;1;29;On;On;Off; 30.2; 27.6;0;4;872;4;872;4;686;1;-
2026/04/10;12:08:41;100;-; 56.56; 0.4;-; 76.0; 76.1; 24.2; 23.5; 0.7;1652; 0.3; 0.3; 0.3;17; 22.1;F;1;29;On;On;Off; 30.1; 27.6;0;4;872;4;872;4;686;1;-
2026/04/10;12:09:41;100;-; 56.54; 0.1;-; 76.3; 76.2; 3.0; 2.3; 0.7;1652; 0.3; 0.3; 0.3;16; 22.1;F;1;29;On;On;Off; 30.1; 27.6;0;4;872;4;872;4;686;1;-
2026/04/10;12:10:41;100;-; 56.56; 0.3;-; 76.1; 75.9; 19.7; 18.2; 1.5;1652; 0.3; 0.3; 0.3;17; 22.1;F;1;29;On;On;Off; 30.1; 27.6;0;4;872;4;872;4;686;1;-
2026/04/10;12:11:41;100;-; 56.54; 0.2;-; 75.9; 76.0; 12.1; 11.4; 0.7;1652; 0.3; 0.3; 0.3;17; 22.1;F;1;29;On;On;Off; 30.1; 27.5;0;4;872;4;872;4;686;1;-
2026/04/10;12:12:41;100;-; 56.56; 0.4;-; 75.8; 75.8; 24.2; 22.8; 1.5;1652; 0.3; 0.3; 0.3;17; 22.1;F;1;29;On;On;Off; 30.1; 27.5;0;4;872;4;872;4;686;1;-
2026/04/10;12:13:41;100;-; 56.56; 0.4;-; 76.1; 76.0; 21.2; 20.4; 0.7;1652; 0.3; 0.3; 0.3;17; 22.1;F;1;29;On;On;Off; 30.0; 27.5;0;4;872;4;872;4;686;1;-
2026/04/10;12:14:41;100;-; 56.54; 0.4;-; 76.2; 76.0; 22.7; 22.0; 0.7;1652; 0.3; 0.3; 0.3;17; 22.1;F;1;29;On;On;Off; 30.0; 27.5;0;4;872;4;872;4;686;1;-
2026/04/10;12:15:40;100;-; 56.54; 0.2;-; 76.3; 76.1; 13.6; 12.9; 0.7;1652; 0.3; 0.3; 0.3;18; 22.1;F;1;29;On;On;Off; 30.0; 27.5;0;4;872;4;872;4;686;1;-
2026/04/10;12:16:40;100;-; 56.54; 0.5;-; 76.1; 76.0; 27.3; 26.6; 0.7;1652; 0.3; 0.3; 0.3;18; 22.1;F;1;29;On;On;Off; 30.0; 27.4;0;4;872;4;872;4;686;1;-
2026/04/10;12:17:40;100;-; 56.54; 0.2;-; 76.2; 76.0; 9.1; 8.3; 0.7;1652; 0.3; 0.3; 0.3;18; 22.1;F;1;29;On;On;Off; 30.0; 27.4;0;4;872;4;872;4;686;1;-
2026/04/10;12:18:40;100;-; 56.56; 0.4;-; 76.2; 75.9; 21.2; 20.4; 0.7;1652; 0.3; 0.3; 0.3;17; 22.1;F;1;29;On;On;Off; 30.0; 27.4;0;4;872;4;872;4;686;1;-
2026/04/10;12:19:40;100;-; 56.56; 0.5;-; 76.2; 76.1; 28.0; 26.6; 1.5;1652; 0.3; 0.3; 0.3;17; 22.1;F;1;29;On;On;Off; 30.0; 27.4;0;4;872;4;872;4;686;1;-
2026/04/10;12:20:40;100;-; 56.52; 0.1;-; 76.4; 76.2; 5.3; 4.5; 0.7;1652; 0.3; 0.3; 0.3;18; 22.1;F;1;29;On;On;Off; 29.9; 27.4;0;4;872;4;872;4;686;1;-
2026/04/10;12:21:40;100;-; 56.54; 0.3;-; 76.0; 76.0; 17.4; 16.6; 0.7;1652; 0.3; 0.3; 0.3;18; 22.1;F;1;29;On;On;Off; 29.9; 27.4;0;4;872;4;872;4;686;1;-
2026/04/10;12:22:40;100;-; 56.54; 0.2;-; 76.5; 76.0; 10.6; 9.9; 0.7;1652; 0.3; 0.3; 0.3;17; 22.1;F;1;29;On;On;Off; 29.9; 27.4;0;4;872;4;872;4;686;1;-
2026/04/10;12:23:40;100;-; 56.56; 0.5;-; 76.2; 76.1; 25.8; 25.0; 0.7;1652; 0.3; 0.3; 0.3;16; 22.1;F;1;29;On;On;Off; 29.9; 27.4;0;4;872;4;872;4;686;1;-
2026/04/10;12:24:40;100;-; 56.54; 0.2;-; 76.5; 76.1; 11.3; 10.6; 0.7;1652; 0.3; 0.3; 0.3;16; 22.1;F;1;29;On;On;Off; 29.9; 27.3;0;4;872;4;872;4;686;1;-
2026/04/10;12:25:40;100;-; 56.54; 0.3;-; 76.5; 76.1; 15.1; 14.4; 0.7;1652; 0.3; 0.3; 0.3;17; 22.1;F;1;29;On;On;Off; 29.8; 27.3;0;4;872;4;872;4;686;1;-
2026/04/10;12:26:40;100;-; 56.56; 0.4;-; 76.1; 76.0; 23.4; 22.0; 1.5;1653; 0.3; 0.3; 0.3;17; 22.1;F;1;29;On;On;Off; 29.8; 27.3;0;4;872;4;872;4;686;1;-
2026/04/10;12:27:40;100;-; 56.54; 0.2;-; 76.4; 75.9; 9.1; 8.3; 0.7;1653; 0.3; 0.3; 0.3;17; 22.1;F;1;29;On;On;Off; 29.8; 27.3;0;4;872;4;872;4;686;1;-
2026/04/10;12:28:40;100;-; 56.54; 0.6;-; 75.9; 75.9; 32.6; 31.8; 0.7;1653; 0.3; 0.3; 0.3;17; 22.1;F;1;29;On;On;Off; 29.8; 27.3;0;4;872;4;872;4;686;1;-
2026/04/10;12:29:40;100;-; 56.56; 0.4;-; 76.0; 75.8; 25.0; 24.2; 0.7;1653; 0.3; 0.3; 0.3;16; 22.1;F;1;29;On;On;Off; 29.8; 27.3;0;4;872;4;872;4;686;1;-
2026/04/10;12:30:39;100;-; 56.56; 0.3;-; 76.2; 75.7; 17.4; 16.7; 0.7;1653; 0.3; 0.3; 0.3;17; 22.1;F;1;29;On;On;Off; 29.8; 27.3;0;4;872;4;872;4;686;1;-
2026/04/10;12:31:39;100;-; 56.56; 0.5;-; 76.0; 75.7; 29.5; 28.0; 1.5;1653; 0.3; 0.3; 0.3;16; 22.1;F;1;29;On;On;Off; 29.8; 27.3;0;4;872;4;872;4;686;1;-
2026/04/10;12:32:39;100;-; 56.54; 0.6;-; 76.0; 75.9; 32.6; 31.8; 0.7;1653; 0.3; 0.3; 0.3;17; 22.1;F;1;29;On;On;Off; 29.8; 27.2;0;4;872;4;872;4;686;1;-
2026/04/10;12:33:39;100;-; 56.56; 0.3;-; 76.2; 75.9; 18.9; 18.2; 0.7;1653; 0.3; 0.3; 0.3;16; 22.1;F;1;29;On;On;Off; 29.8; 27.2;0;4;872;4;872;4;686;1;-
2026/04/10;12:34:39;100;-; 56.54; 0.1;-; 76.4; 76.0; 6.0; 5.3; 0.7;1653; 0.3; 0.3; 0.3;16; 22.1;F;1;29;On;On;Off; 29.8; 27.2;0;4;872;4;872;4;686;1;-
2026/04/10;12:35:39;100;-; 56.54; 0.2;-; 76.2; 76.0; 13.6; 12.9; 0.7;1653; 0.3; 0.3; 0.3;17; 22.1;F;1;29;On;On;Off; 29.8; 27.2;0;4;872;4;872;4;686;1;-
2026/04/10;12:36:39;100;-; 56.54; 0.2;-; 76.3; 76.1; 9.1; 8.3; 0.7;1653; 0.3; 0.3; 0.3;17; 22.1;F;1;29;On;On;Off; 29.8; 27.2;0;4;872;4;872;4;686;1;-
2026/04/10;12:37:39;100;-; 56.56; 0.5;-; 76.1; 76.2; 25.8; 25.0; 0.7;1653; 0.3; 0.3; 0.3;16; 22.1;F;1;29;On;On;Off; 29.8; 27.2;0;4;872;4;872;4;686;1;-
2026/04/10;12:38:39;100;-; 56.56; 0.2;-; 76.4; 76.0; 13.6; 12.9; 0.7;1653; 0.3; 0.3; 0.3;17; 22.1;F;1;29;On;On;Off; 29.8; 27.2;0;4;872;4;872;4;686;1;-
2026/04/10;12:39:39;100;-; 56.56; 0.5;-; 76.1; 76.3; 28.8; 28.0; 0.7;1653; 0.3; 0.3; 0.3;17; 22.1;F;1;29;On;On;Off; 29.7; 27.2;0;4;872;4;872;4;686;1;-
2026/04/10;12:40:39;100;-; 56.54; 0.4;-; 76.1; 76.4; 20.4; 19.7; 0.7;1653; 0.3; 0.3; 0.3;16; 22.1;F;1;29;On;On;Off; 29.8; 27.2;0;4;872;4;872;4;686;1;-
2026/04/10;12:41:39;100;-; 56.54; 0.4;-; 76.3; 76.4; 21.2; 20.4; 0.7;1653; 0.3; 0.3; 0.3;16; 22.1;F;1;29;On;On;Off; 29.7; 27.2;0;4;872;4;872;4;686;1;-
2026/04/10;12:42:39;100;-; 56.54; 0.1;-; 76.6; 76.4; 8.3; 7.6; 0.7;1653; 0.3; 0.3; 0.3;17; 22.1;F;1;29;On;On;Off; 29.8; 27.2;0;4;872;4;872;4;686;1;-
2026/04/10;12:43:39;100;-; 56.54; 0.2;-; 76.7; 76.3; 9.1; 8.3; 0.7;1653; 0.3; 0.3; 0.3;17; 22.1;F;1;29;On;On;Off; 29.8; 27.2;0;4;872;4;872;4;686;1;-
2026/04/10;12:44:39;100;-; 56.56; 0.5;-; 76.5; 76.4; 26.5; 25.8; 0.7;1653; 0.3; 0.3; 0.3;17; 22.1;F;1;29;On;On;Off; 29.7; 27.2;0;4;872;4;872;4;686;1;-
2026/04/10;12:45:38;100;-; 56.54; 0.2;-; 76.8; 76.3; 12.9; 12.1; 0.7;1653; 0.3; 0.3; 0.3;15; 22.1;F;1;29;On;On;Off; 29.7; 27.2;0;4;872;4;872;4;686;1;-
2026/04/10;12:46:38;100;-; 56.54; 0.2;-; 76.7; 76.4; 11.3; 10.6; 0.7;1653; 0.3; 0.3; 0.3;17; 22.1;F;1;29;On;On;Off; 29.7; 27.2;0;4;872;4;872;4;686;1;-
2026/04/10;12:47:38;100;-; 56.56; 0.5;-; 76.3; 76.4; 27.2; 25.8; 1.5;1653; 0.3; 0.3; 0.3;17; 22.1;F;1;29;On;On;Off; 29.8; 27.2;0;4;872;4;872;4;686;1;-
2026/04/10;12:48:38;100;-; 56.56; 0.3;-; 76.6; 76.4; 19.7; 19.0; 0.7;1653; 0.3; 0.3; 0.3;17; 22.1;F;1;29;On;On;Off; 29.7; 27.2;0;4;872;4;872;4;686;1;-
2026/04/10;12:49:38;100;-; 56.56; 0.4;-; 76.5; 76.6; 24.2; 22.8; 1.5;1653; 0.3; 0.3; 0.3;17; 22.1;F;1;29;On;On;Off; 29.7; 27.2;0;4;872;4;872;4;686;1;-
2026/04/10;12:50:38;100;-; 56.54; 0.4;-; 76.4; 76.6; 21.2; 20.4; 0.7;1653; 0.3; 0.3; 0.3;17; 22.1;F;1;29;On;On;Off; 29.7; 27.2;0;4;872;4;872;4;686;1;-
2026/04/10;12:51:38;100;-; 56.56; 0.4;-; 76.5; 76.7; 23.4; 22.0; 1.5;1653; 0.3; 0.3; 0.3;17; 22.1;F;1;29;On;On;Off; 29.7; 27.2;0;4;872;4;872;4;686;1;-
2026/04/10;12:52:38;100;-; 56.56; 0.4;-; 76.8; 76.7; 23.4; 22.0; 1.5;1653; 0.3; 0.3; 0.3;17; 22.1;F;1;29;On;On;Off; 29.7; 27.2;0;4;872;4;872;5;687;1;-
2026/04/10;12:53:38;100;-; 56.56; 0.5;-; 76.6; 76.7; 30.3; 28.8; 1.5;1653; 0.3; 0.3; 0.3;17; 22.1;F;1;29;On;On;Off; 29.7; 27.2;0;4;872;4;872;5;687;1;-
2026/04/10;12:54:38;100;-; 56.54; 0.2;-; 76.7; 76.6; 9.1; 8.3; 0.7;1653; 0.3; 0.3; 0.3;17; 22.1;F;1;29;On;On;Off; 29.7; 27.2;0;4;872;4;872;5;687;1;-
2026/04/10;12:55:38;100;-; 56.56; 0.6;-; 76.3; 76.5; 31.8; 30.4; 1.5;1653; 0.3; 0.3; 0.3;17; 22.1;F;1;29;On;On;Off; 29.7; 27.2;0;4;872;4;872;5;687;1;-
2026/04/10;12:56:38;100;-; 56.54; 0.4;-; 76.5; 76.5; 21.2; 20.4; 0.7;1653; 0.3; 0.3; 0.3;17; 22.1;F;1;29;On;On;Off; 29.7; 27.2;0;4;872;4;872;5;687;1;-
2026/04/10;12:57:38;100;-; 56.54; 0.4;-; 76.6; 76.5; 20.4; 19.7; 0.7;1653; 0.3; 0.3; 0.3;16; 22.1;F;1;29;On;On;Off; 29.7; 27.2;0;4;872;4;872;5;687;1;-
2026/04/10;12:58:38;100;-; 56.54; 0.2;-; 76.6; 76.3; 11.3; 10.6; 0.7;1653; 0.3; 0.3; 0.3;16; 22.1;F;1;29;On;On;Off; 29.7; 27.2;0;4;872;4;872;5;687;1;-
2026/04/10;12:59:38;100;-; 56.54; 0.1;-; 76.4; 76.2; 5.3; 4.5; 0.7;1653; 0.3; 0.3; 0.3;16; 22.1;F;1;29;On;On;Off; 29.7; 27.2;0;4;872;4;872;5;687;1;-
2026/04/10;13:00:37;100;-; 56.56; 0.4;-; 76.0; 76.1; 21.2; 20.4; 0.7;1653; 0.3; 0.3; 0.3;17; 22.1;F;1;29;On;On;Off; 29.7; 27.2;0;4;872;4;872;5;687;1;-
2026/04/10;13:01:37;100;-; 56.54; 0.4;-; 76.2; 76.2; 24.2; 23.5; 0.7;1653; 0.3; 0.3; 0.3;17; 22.1;F;1;29;On;On;Off; 29.7; 27.2;0;4;872;4;872;5;687;1;-
2026/04/10;13:02:37;100;-; 56.56; 0.4;-; 76.3; 76.1; 20.5; 19.7; 0.7;1653; 0.3; 0.3; 0.3;16; 22.1;F;1;29;On;On;Off; 29.7; 27.2;0;4;872;4;872;5;687;1;-
2026/04/10;13:03:37;100;-; 56.56; 0.5;-; 76.2; 76.2; 28.0; 27.3; 0.7;1653; 0.3; 0.3; 0.3;16; 22.1;F;1;29;On;On;Off; 29.7; 27.1;0;4;872;4;872;5;687;1;-
2026/04/10;13:04:37;100;-; 56.56; 0.4;-; 76.2; 76.2; 22.7; 22.0; 0.7;1653; 0.3; 0.3; 0.3;15; 22.1;F;1;29;On;On;Off; 29.7; 27.1;0;4;872;4;872;5;687;1;-
2026/04/10;13:05:37;100;-; 56.54; 0.4;-; 76.3; 76.3; 23.5; 22.8; 0.7;1653; 0.3; 0.3; 0.3;16; 22.1;F;1;29;On;On;Off; 29.7; 27.1;0;4;872;4;872;5;687;1;-
2026/04/10;13:06:37;100;-; 56.54; 0.4;-; 76.3; 76.3; 24.2; 23.5; 0.7;1653; 0.3; 0.3; 0.3;15; 22.1;F;1;29;On;On;Off; 29.7; 27.1;0;4;872;4;872;5;687;1;-
2026/04/10;13:07:37;100;-; 56.54; 0.2;-; 76.6; 76.3; 13.6; 12.9; 0.7;1653; 0.3; 0.3; 0.3;15; 22.1;F;1;29;On;On;Off; 29.6; 27.1;0;4;872;4;872;5;687;1;-
2026/04/10;13:08:37;100;-; 56.56; 0.2;-; 76.5; 76.4; 11.3; 10.6; 0.7;1653; 0.3; 0.3; 0.3;15; 22.1;F;1;29;On;On;Off; 29.6; 27.1;0;4;872;4;872;5;687;1;-
2026/04/10;13:09:37;100;-; 56.54; 0.2;-; 76.3; 76.3; 12.1; 11.4; 0.7;1653; 0.3; 0.3; 0.3;15; 22.1;F;1;29;On;On;Off; 29.6; 27.1;0;4;872;4;872;5;687;1;-
2026/04/10;13:10:37;100;-; 56.54; 0.4;-; 76.2; 76.4; 20.4; 19.7; 0.7;1653; 0.3; 0.3; 0.3;14; 22.1;F;1;29;On;On;Off; 29.6; 27.1;0;4;872;4;872;5;687;1;-
2026/04/10;13:11:37;100;-; 56.56; 0.3;-; 76.2; 76.4; 19.7; 19.0; 0.7;1653; 0.3; 0.3; 0.3;15; 22.1;F;1;29;On;On;Off; 29.6; 27.1;0;4;872;4;872;5;687;1;-
2026/04/10;13:12:37;100;-; 56.54; 0.2;-; 76.4; 76.1; 10.6; 9.9; 0.7;1653; 0.3; 0.3; 0.3;15; 22.1;F;1;29;On;On;Off; 29.6; 27.0;0;4;872;4;872;5;687;1;-
2026/04/10;13:13:37;100;-; 56.56; 0.3;-; 76.2; 76.1; 14.4; 13.6; 0.7;1653; 0.3; 0.3; 0.3;15; 22.1;F;1;29;On;On;Off; 29.6; 27.0;0;4;872;4;872;5;687;1;-
2026/04/10;13:14:37;100;-; 56.56; 0.4;-; 76.1; 76.1; 25.0; 24.2; 0.7;1653; 0.3; 0.3; 0.3;15; 22.1;F;1;29;On;On;Off; 29.6; 27.0;0;4;872;4;872;5;687;1;-
2026/04/10;13:15:36;100;-; 56.56; 0.4;-; 76.3; 76.1; 25.0; 23.5; 1.5;1653; 0.3; 0.3; 0.3;16; 22.1;F;1;29;On;On;Off; 29.6; 27.0;0;5;873;5;873;5;687;1;-
2026/04/10;13:16:36;100;-; 56.56; 0.4;-; 76.4; 76.2; 20.4; 19.7; 0.7;1653; 0.3; 0.3; 0.3;16; 22.1;F;1;29;On;On;Off; 29.5; 27.0;0;5;873;5;873;5;687;1;-
2026/04/10;13:17:36;100;-; 56.54; 0.3;-; 76.4; 76.2; 15.1; 14.4; 0.7;1653; 0.3; 0.3; 0.3;16; 22.1;F;1;29;On;On;Off; 29.5; 27.0;0;5;873;5;873;5;687;1;-
2026/04/10;13:18:36;100;-; 56.54; 0.3;-; 76.1; 76.2; 14.4; 13.6; 0.7;1653; 0.3; 0.3; 0.3;15; 22.0;F;1;29;On;On;Off; 29.5; 27.0;0;5;873;5;873;5;687;1;-
2026/04/10;13:19:36;100;-; 56.56; 0.4;-; 76.2; 76.1; 22.7; 22.0; 0.7;1653; 0.3; 0.3; 0.3;15; 22.0;F;1;29;On;On;Off; 29.5; 27.0;0;5;873;5;873;5;687;1;-
2026/04/10;13:20:36;100;-; 56.56; 0.5;-; 76.1; 76.1; 29.5; 28.0; 1.5;1653; 0.3; 0.3; 0.3;15; 22.0;F;1;29;On;On;Off; 29.5; 27.0;0;5;873;5;873;5;687;1;-
2026/04/10;13:21:36;100;-; 56.54; 0.3;-; 76.1; 76.0; 17.4; 16.7; 0.7;1653; 0.3; 0.3; 0.3;15; 22.0;F;1;29;On;On;Off; 29.5; 26.9;0;5;873;5;873;5;687;1;-
2026/04/10;13:22:36;100;-; 56.54; 0.4;-; 76.0; 75.9; 22.7; 22.0; 0.7;1653; 0.3; 0.3; 0.3;15; 22.0;F;1;29;On;On;Off; 29.5; 26.9;0;5;873;5;873;5;687;1;-
2026/04/10;13:23:36;100;-; 56.58; 0.4;-; 76.2; 76.0; 24.2; 23.5; 0.7;1653; 0.3; 0.3; 0.3;15; 22.0;F;1;29;On;On;Off; 29.5; 26.9;0;5;873;5;873;5;687;1;-
2026/04/10;13:24:36;100;-; 56.54; 0.4;-; 76.0; 76.0; 25.0; 24.2; 0.7;1653; 0.3; 0.3; 0.3;15; 22.0;F;1;29;On;On;Off; 29.5; 26.9;0;5;873;5;873;5;687;1;-
2026/04/10;13:25:36;100;-; 56.58; 0.4;-; 76.2; 76.1; 25.0; 24.2; 0.7;1653; 0.3; 0.3; 0.3;15; 22.0;F;1;29;On;On;Off; 29.5; 26.9;0;5;873;5;873;5;687;1;-
2026/04/10;13:26:36;100;-; 56.58; 0.4;-; 76.1; 76.0; 22.0; 21.2; 0.7;1654; 0.3; 0.3; 0.3;16; 22.0;F;1;29;On;On;Off; 29.4; 26.9;0;5;873;5;873;5;687;1;-
2026/04/10;13:27:36;100;-; 56.58; 0.5;-; 76.1; 76.1; 28.8; 28.0; 0.7;1654; 0.3; 0.3; 0.3;15; 22.0;F;1;29;On;On;Off; 29.4; 26.9;0;5;873;5;873;5;687;1;-
2026/04/10;13:28:36;100;-; 56.56; 0.4;-; 76.1; 76.0; 25.0; 24.2; 0.7;1654; 0.3; 0.3; 0.3;15; 22.0;F;1;29;On;On;Off; 29.4; 26.9;0;5;873;5;873;5;687;1;-
2026/04/10;13:29:36;100;-; 56.56; 0.4;-; 76.3; 76.1; 25.0; 24.2; 0.7;1654; 0.3; 0.3; 0.3;16; 22.0;F;1;29;On;On;Off; 29.4; 26.9;0;5;873;5;873;5;687;1;-
2026/04/10;13:30:35;100;-; 56.54; 0.2;-; 76.4; 76.1; 9.8; 9.1; 0.7;1654; 0.3; 0.3; 0.3;15; 22.0;F;1;29;On;On;Off; 29.4; 26.9;0;5;873;5;873;5;687;1;-
2026/04/10;13:31:35;100;-; 56.54; 0.1;-; 76.3; 76.1; 5.3; 4.5; 0.7;1654; 0.3; 0.3; 0.3;15; 22.0;F;1;29;On;On;Off; 29.4; 26.9;0;5;873;5;873;5;687;1;-
2026/04/10;13:32:35;100;-; 56.54; 0.3;-; 76.3; 76.1; 18.2; 17.4; 0.7;1654; 0.3; 0.3; 0.3;16; 22.0;F;1;29;On;On;Off; 29.4; 26.9;0;5;873;5;873;5;687;1;-
2026/04/10;13:33:35;100;-; 56.56; 0.4;-; 76.0; 76.0; 23.5; 22.8; 0.7;1654; 0.3; 0.3; 0.3;15; 22.0;F;1;29;On;On;Off; 29.4; 26.8;0;5;873;5;873;5;687;1;-
2026/04/10;13:34:35;100;-; 56.56; 0.4;-; 76.2; 76.0; 20.4; 19.7; 0.7;1654; 0.3; 0.3; 0.3;15; 22.0;F;1;29;On;On;Off; 29.4; 26.8;0;5;873;5;873;5;687;1;-
2026/04/10;13:35:35;100;-; 56.56; 0.1;-; 76.3; 75.9; 8.3; 7.6; 0.7;1654; 0.3; 0.3; 0.3;15; 22.0;F;1;29;On;On;Off; 29.4; 26.8;0;5;873;5;873;5;687;1;-
2026/04/10;13:36:35;100;-; 56.54; 0.3;-; 76.2; 76.1; 16.6; 15.9; 0.7;1654; 0.3; 0.3; 0.3;16; 22.0;F;1;29;On;On;Off; 29.4; 26.8;0;5;873;5;873;5;687;1;-
2026/04/10;13:37:35;100;-; 56.54; 0.2;-; 76.5; 76.1; 11.3; 10.6; 0.7;1654; 0.3; 0.3; 0.3;15; 22.0;F;1;29;On;On;Off; 29.4; 26.8;0;5;873;5;873;5;687;1;-
2026/04/10;13:38:35;100;-; 56.56; 0.4;-; 76.1; 76.1; 24.2; 23.5; 0.7;1654; 0.3; 0.3; 0.3;15; 22.0;F;1;29;On;On;Off; 29.4; 26.9;0;5;873;5;873;5;687;1;-
2026/04/10;13:39:35;100;-; 56.56; 0.5;-; 76.1; 76.0; 28.0; 27.3; 0.7;1654; 0.3; 0.3; 0.3;15; 22.0;F;1;29;On;On;Off; 29.4; 26.9;0;5;873;5;873;5;687;1;-
2026/04/10;13:40:35;100;-; 56.56; 0.4;-; 76.1; 76.1; 25.0; 24.2; 0.7;1654; 0.3; 0.3; 0.3;15; 22.0;F;1;29;On;On;Off; 29.4; 26.9;0;5;873;5;873;5;687;1;-
2026/04/10;13:41:35;100;-; 56.54; 0.3;-; 76.1; 76.1; 19.7; 19.0; 0.7;1654; 0.3; 0.3; 0.3;15; 22.0;F;1;29;On;On;Off; 29.4; 26.9;0;5;873;5;873;5;687;1;-
2026/04/10;13:42:35;100;-; 56.54; 0.4;-; 76.2; 76.1; 20.4; 19.7; 0.7;1654; 0.3; 0.3; 0.3;16; 22.0;F;1;29;On;On;Off; 29.4; 26.9;0;5;873;5;873;5;687;1;-
2026/04/10;13:43:35;100;-; 56.56; 0.3;-; 76.3; 76.1; 18.2; 17.4; 0.7;1654; 0.3; 0.3; 0.3;15; 22.0;F;1;29;On;On;Off; 29.4; 26.9;0;5;873;5;873;5;687;1;-
2026/04/10;13:44:35;100;-; 56.54; 0.3;-; 75.9; 76.1; 18.9; 18.2; 0.7;1654; 0.3; 0.3; 0.3;15; 22.1;F;1;29;On;On;Off; 29.4; 26.9;0;5;873;5;873;5;687;1;-
2026/04/10;13:45:35;100;-; 56.54; 0.3;-; 76.2; 76.1; 15.1; 14.4; 0.7;1654; 0.3; 0.3; 0.3;15; 22.1;F;1;29;On;On;Off; 29.4; 26.9;0;5;873;5;873;5;687;1;-
2026/04/10;13:46:34;100;-; 56.56; 0.4;-; 76.2; 76.3; 22.7; 22.0; 0.7;1654; 0.3; 0.3; 0.3;15; 22.1;F;1;29;On;On;Off; 29.4; 26.9;0;5;873;5;873;5;687;1;-
2026/04/10;13:47:34;100;-; 56.56; 0.4;-; 76.1; 76.1; 25.0; 24.2; 0.7;1654; 0.3; 0.3; 0.3;14; 22.1;F;1;29;On;On;Off; 29.4; 26.9;0;5;873;5;873;5;687;1;-
2026/04/10;13:48:34;100;-; 56.54; 0.4;-; 76.0; 76.2; 25.0; 24.2; 0.7;1654; 0.3; 0.3; 0.3;15; 22.1;F;1;29;On;On;Off; 29.4; 26.9;0;5;873;5;873;5;687;1;-
2026/04/10;13:49:34;100;-; 56.54; 0.3;-; 76.3; 76.1; 14.4; 13.6; 0.7;1654; 0.3; 0.3; 0.3;15; 22.1;F;1;29;On;On;Off; 29.5; 26.9;0;5;873;5;873;5;687;1;-
2026/04/10;13:50:34;100;-; 56.54; 0.3;-; 76.0; 76.0; 17.4; 16.7; 0.7;1654; 0.3; 0.3; 0.3;14; 22.1;F;1;29;On;On;Off; 29.5; 26.9;0;5;873;5;873;5;687;1;-
2026/04/10;13:51:34;100;-; 56.54; 0.2;-; 75.9; 76.0; 12.1; 11.4; 0.7;1654; 0.3; 0.3; 0.3;15; 22.1;F;1;29;On;On;Off; 29.5; 26.9;0;5;873;5;873;5;687;1;-
2026/04/10;13:52:34;100;-; 56.54; 0.4;-; 75.9; 75.9; 22.7; 22.0; 0.7;1654; 0.3; 0.3; 0.3;15; 22.1;F;1;29;On;On;Off; 29.5; 26.9;0;5;873;5;873;5;687;1;-
2026/04/10;13:53:34;100;-; 56.54; 0.3;-; 75.9; 76.0; 19.7; 19.0; 0.7;1654; 0.3; 0.3; 0.3;15; 22.1;F;1;29;On;On;Off; 29.5; 26.9;0;5;873;5;873;5;687;1;-
2026/04/10;13:54:34;100;-; 56.56; 0.4;-; 75.7; 75.9; 23.5; 22.8; 0.7;1654; 0.3; 0.3; 0.3;16; 22.1;F;1;29;On;On;Off; 29.5; 26.9;0;5;873;5;873;5;687;1;-
2026/04/10;13:55:34;100;-; 56.56; 0.5;-; 75.7; 75.9; 25.8; 25.0; 0.7;1654; 0.3; 0.3; 0.3;15; 22.1;F;1;29;On;On;Off; 29.4; 26.9;0;5;873;5;873;5;687;1;-
2026/04/10;13:56:34;100;-; 56.54; 0.2;-; 75.9; 75.9; 12.9; 12.1; 0.7;1654; 0.3; 0.3; 0.3;15; 22.1;F;1;29;On;On;Off; 29.5; 26.9;0;5;873;5;873;5;687;1;-
2026/04/10;13:57:34;100;-; 56.54; 0.1;-; 76.2; 76.0; 3.0; 2.3; 0.7;1654; 0.3; 0.3; 0.3;15; 22.1;F;1;29;On;On;Off; 29.5; 26.9;0;5;873;5;873;5;687;1;-
2026/04/10;13:58:34;100;-; 56.56; 0.4;-; 75.8; 76.0; 24.2; 23.5; 0.7;1654; 0.3; 0.3; 0.3;15; 22.1;F;1;29;On;On;Off; 29.4; 26.9;0;5;873;5;873;5;687;1;-
2026/04/10;13:59:34;100;-; 56.56; 0.4;-; 75.6; 75.7; 23.5; 22.8; 0.7;1654; 0.3; 0.3; 0.3;15; 22.1;F;1;29;On;On;Off; 29.5; 26.9;0;5;873;5;873;5;687;1;-
2026/04/10;14:00:34;100;-; 56.56; 0.5;-; 75.7; 75.8; 28.0; 27.3; 0.7;1654; 0.3; 0.3; 0.3;15; 22.1;F;1;29;On;On;Off; 29.4; 26.9;0;5;873;5;873;5;687;1;-
2026/04/10;14:01:33;100;-; 56.54; 0.4;-; 75.6; 75.7; 21.2; 20.4; 0.7;1654; 0.3; 0.3; 0.3;15; 22.1;F;1;29;On;On;Off; 29.5; 26.9;0;5;873;5;873;5;687;1;-
2026/04/10;14:02:33;100;-; 56.56; 0.5;-; 75.6; 75.6; 27.3; 26.6; 0.7;1654; 0.3; 0.3; 0.3;14; 22.1;F;1;29;On;On;Off; 29.5; 26.9;0;5;873;5;873;5;687;1;-
2026/04/10;14:03:33;100;-; 56.54; 0.1;-; 76.0; 75.8; 5.3; 4.5; 0.7;1654; 0.3; 0.3; 0.3;15; 22.1;F;1;29;On;On;Off; 29.4; 26.9;0;5;873;5;873;5;687;1;-
2026/04/10;14:04:33;100;-; 56.54; 0.4;-; 75.7; 75.6; 20.4; 19.7; 0.7;1654; 0.3; 0.3; 0.3;15; 22.1;F;1;29;On;On;Off; 29.4; 26.9;0;5;873;5;873;5;687;1;-
2026/04/10;14:05:33;100;-; 56.56; 0.4;-; 75.6; 75.7; 24.2; 23.5; 0.7;1654; 0.3; 0.3; 0.3;16; 22.1;F;1;29;On;On;Off; 29.4; 26.9;0;5;873;5;873;5;687;1;-
2026/04/10;14:06:33;100;-; 56.56; 0.5;-; 75.7; 75.7; 26.5; 25.8; 0.7;1654; 0.3; 0.3; 0.3;16; 22.1;F;1;29;On;On;Off; 29.4; 26.9;0;5;873;5;873;5;687;1;-
2026/04/10;14:07:33;100;-; 56.54; 0.5;-; 75.8; 75.9; 26.5; 25.8; 0.7;1654; 0.3; 0.3; 0.3;15; 22.1;F;1;29;On;On;Off; 29.5; 26.9;0;5;873;5;873;5;687;1;-
2026/04/10;14:08:33;100;-; 56.54; 0.3;-; 75.8; 76.0; 18.2; 17.4; 0.7;1654; 0.3; 0.3; 0.3;15; 22.1;F;1;29;On;On;Off; 29.4; 26.9;0;5;873;5;873;5;687;1;-
2026/04/10;14:09:33;100;-; 56.54; 0.4;-; 75.5; 75.8; 21.2; 20.4; 0.7;1654; 0.3; 0.3; 0.3;16; 22.1;F;1;29;On;On;Off; 29.4; 26.9;0;5;873;5;873;5;687;1;-
2026/04/10;14:10:33;100;-; 56.56; 0.4;-; 75.5; 75.8; 22.7; 22.0; 0.7;1654; 0.3; 0.3; 0.3;15; 22.1;F;1;29;On;On;Off; 29.4; 26.9;0;5;873;5;873;5;687;1;-
2026/04/10;14:11:33;100;-; 56.56; 0.4;-; 75.8; 75.7; 22.7; 22.0; 0.7;1654; 0.3; 0.3; 0.3;15; 22.1;F;1;29;On;On;Off; 29.4; 26.9;0;5;873;5;873;5;687;1;-
2026/04/10;14:12:33;100;-; 56.56; 0.5;-; 75.6; 75.6; 30.3; 29.6; 0.7;1654; 0.3; 0.3; 0.3;15; 22.1;F;1;29;On;On;Off; 29.4; 26.9;0;5;873;5;873;5;687;1;-
2026/04/10;14:13:33;100;-; 56.56; 0.4;-; 75.4; 75.5; 24.2; 23.5; 0.7;1654; 0.3; 0.3; 0.3;14; 22.1;F;1;29;On;On;Off; 29.4; 26.9;0;5;873;5;873;5;687;1;-
2026/04/10;14:14:33;100;-; 56.54; 0.2;-; 76.0; 75.7; 12.1; 11.4; 0.7;1654; 0.3; 0.3; 0.3;15; 22.1;F;1;29;On;On;Off; 29.5; 26.9;0;5;873;5;873;5;687;1;-
2026/04/10;14:15:33;100;-; 56.56; 0.4;-; 75.8; 75.7; 24.2; 23.5; 0.7;1654; 0.3; 0.3; 0.3;15; 22.1;F;1;29;On;On;Off; 29.5; 26.9;0;5;873;5;873;5;687;1;-
2026/04/10;14:16:32;100;-; 56.56; 0.4;-; 75.7; 75.6; 25.0; 23.5; 1.5;1654; 0.3; 0.3; 0.3;15; 22.1;F;1;29;On;On;Off; 29.4; 26.9;0;5;873;5;873;5;687;1;-
2026/04/10;14:17:32;100;-; 56.54; 0.4;-; 75.9; 75.7; 25.0; 24.2; 0.7;1654; 0.3; 0.3; 0.3;15; 22.1;F;1;29;On;On;Off; 29.5; 26.9;0;5;873;5;873;5;687;1;-
2026/04/10;14:18:32;100;-; 56.56; 0.5;-; 75.9; 75.6; 31.1; 30.4; 0.7;1654; 0.3; 0.3; 0.3;15; 22.1;F;1;29;On;On;Off; 29.4; 26.9;0;5;873;5;873;5;687;1;-
2026/04/10;14:19:32;100;-; 56.54; 0.2;-; 75.9; 75.8; 9.8; 9.1; 0.7;1654; 0.3; 0.3; 0.3;15; 22.1;F;1;29;On;On;Off; 29.5; 26.9;0;5;873;5;873;5;687;1;-
2026/04/10;14:20:32;100;-; 56.54; 0.1;-; 76.2; 75.8; 6.0; 5.3; 0.7;1654; 0.3; 0.3; 0.3;15; 22.1;F;1;29;On;On;Off; 29.4; 26.9;0;5;873;5;873;5;687;1;-
2026/04/10;14:21:32;100;-; 56.56; 0.3;-; 75.8; 75.7; 18.9; 18.2; 0.7;1654; 0.3; 0.3; 0.3;15; 22.1;F;1;29;On;On;Off; 29.5; 26.9;0;5;873;5;873;5;687;1;-
2026/04/10;14:22:32;100;-; 56.54; 0.5;-; 75.7; 75.7; 28.8; 28.0; 0.7;1654; 0.3; 0.3; 0.3;15; 22.1;F;1;29;On;On;Off; 29.4; 26.9;0;5;873;5;873;5;687;1;-
2026/04/10;14:23:32;100;-; 56.56; 0.5;-; 75.7; 75.7; 28.0; 27.3; 0.7;1654; 0.3; 0.3; 0.3;15; 22.1;F;1;29;On;On;Off; 29.4; 26.9;0;5;873;5;873;5;687;1;-
2026/04/10;14:24:32;100;-; 56.54; 0.5;-; 75.7; 75.6; 27.3; 26.6; 0.7;1654; 0.3; 0.3; 0.3;16; 22.1;F;1;29;On;On;Off; 29.4; 26.9;0;5;873;5;873;5;687;1;-
2026/04/10;14:25:32;100;-; 56.54; 0.2;-; 75.9; 75.8; 13.6; 12.9; 0.7;1654; 0.3; 0.3; 0.3;15; 22.1;F;1;29;On;On;Off; 29.4; 26.9;0;5;873;5;873;5;687;1;-
2026/04/10;14:26:32;100;-; 56.54; 0.2;-; 75.9; 75.6; 12.1; 11.4; 0.7;1655; 0.3; 0.3; 0.3;15; 22.0;F;1;29;On;On;Off; 29.4; 26.9;0;5;873;5;873;5;687;1;-
2026/04/10;14:27:32;100;-; 56.56; 0.5;-; 75.7; 75.6; 29.5; 28.0; 1.5;1655; 0.3; 0.3; 0.3;15; 22.0;F;1;29;On;On;Off; 29.4; 26.9;0;5;873;5;873;5;687;1;-
2026/04/10;14:28:32;100;-; 56.54; 0.3;-; 75.8; 75.6; 19.7; 19.0; 0.7;1655; 0.3; 0.3; 0.3;15; 22.1;F;1;29;On;On;Off; 29.4; 26.9;0;5;873;5;873;5;687;1;-
2026/04/10;14:29:32;100;-; 56.56; 0.2;-; 75.8; 75.7; 11.3; 10.6; 0.7;1655; 0.3; 0.3; 0.3;15; 22.0;F;1;29;On;On;Off; 29.4; 26.9;0;5;873;5;873;5;687;1;-
2026/04/10;14:30:32;100;-; 56.56; 0.4;-; 75.5; 75.8; 25.0; 24.2; 0.7;1655; 0.3; 0.3; 0.3;15; 22.0;F;1;29;On;On;Off; 29.4; 26.9;0;5;873;5;873;5;687;1;-
2026/04/10;14:31:31;100;-; 56.54; 0.5;-; 75.9; 75.9; 28.0; 26.6; 1.5;1655; 0.3; 0.3; 0.3;15; 22.0;F;1;29;On;On;Off; 29.4; 26.8;0;5;873;5;873;5;687;1;-
2026/04/10;14:32:31;100;-; 56.54; 0.3;-; 76.0; 76.0; 14.4; 13.6; 0.7;1655; 0.3; 0.3; 0.3;15; 22.0;F;1;29;On;On;Off; 29.4; 26.9;0;5;873;5;873;5;687;1;-
2026/04/10;14:33:31;100;-; 56.56; 0.2;-; 76.0; 75.8; 9.1; 8.3; 0.7;1655; 0.3; 0.3; 0.3;15; 22.0;F;1;29;On;On;Off; 29.4; 26.8;0;5;873;5;873;5;687;1;-
2026/04/10;14:34:31;100;-; 56.56; 0.1;-; 76.1; 76.0; 6.0; 5.3; 0.7;1655; 0.3; 0.3; 0.3;16; 22.0;F;1;29;On;On;Off; 29.4; 26.8;0;5;873;5;873;5;687;1;-
2026/04/10;14:35:31;100;-; 56.56; 0.3;-; 75.8; 76.0; 15.1; 14.4; 0.7;1655; 0.3; 0.3; 0.3;15; 22.0;F;1;29;On;On;Off; 29.4; 26.8;0;5;873;5;873;5;687;1;-
2026/04/10;14:36:31;100;-; 56.54; 0.3;-; 76.0; 76.0; 15.9; 15.2; 0.7;1655; 0.3; 0.3; 0.3;15; 22.0;F;1;29;On;On;Off; 29.4; 26.8;0;5;873;5;873;5;687;1;-
2026/04/10;14:37:31;100;-; 56.58; 0.3;-; 75.8; 76.0; 19.7; 19.0; 0.7;1655; 0.3; 0.3; 0.3;15; 22.0;F;1;29;On;On;Off; 29.4; 26.8;0;5;873;5;873;5;687;1;-
2026/04/10;14:38:31;100;-; 56.56; 0.4;-; 76.0; 76.1; 20.5; 19.7; 0.7;1655; 0.3; 0.3; 0.3;16; 22.0;F;1;29;On;On;Off; 29.4; 26.8;0;5;873;5;873;5;687;1;-
2026/04/10;14:39:31;100;-; 56.56; 0.3;-; 76.1; 76.2; 15.1; 14.4; 0.7;1655; 0.3; 0.3; 0.3;15; 22.0;F;1;29;On;On;Off; 29.4; 26.8;0;5;873;5;873;5;687;1;-
2026/04/10;14:40:31;100;-; 56.58; 0.3;-; 76.0; 76.2; 28.8; 28.0; 0.7;1655; 0.3; 0.3; 0.3;15; 22.0;F;1;29;On;On;Off; 29.4; 26.8;0;5;873;5;873;5;687;1;-
2026/04/10;14:41:31;100;-; 56.58; 0.4;-; 75.9; 76.1; 22.7; 22.0; 0.7;1655; 0.3; 0.3; 0.3;15; 22.0;F;1;29;On;On;Off; 29.4; 26.8;0;5;873;5;873;5;687;1;-
2026/04/10;14:42:31;100;-; 56.56; 0.3;-; 76.2; 76.2; 14.4; 13.7; 0.7;1655; 0.3; 0.3; 0.3;15; 22.0;F;1;29;On;On;Off; 29.4; 26.8;0;5;873;5;873;5;687;1;-
2026/04/10;14:43:31;100;-; 56.56; 0.1;-; 76.2; 76.2; 3.0; 2.3; 0.7;1655; 0.3; 0.3; 0.3;14; 22.0;F;1;29;On;On;Off; 29.4; 26.8;0;5;873;5;873;5;687;1;-
2026/04/10;14:44:31;100;-; 56.56; 0.3;-; 76.0; 76.0; 17.4; 16.7; 0.7;1655; 0.3; 0.3; 0.3;15; 22.0;F;1;29;On;On;Off; 29.4; 26.8;0;5;873;5;873;5;687;1;-
2026/04/10;14:45:31;100;-; 56.58; 0.5;-; 75.7; 76.1; 28.0; 27.3; 0.7;1655; 0.3; 0.3; 0.3;15; 22.0;F;1;29;On;On;Off; 29.4; 26.8;0;5;873;5;873;5;687;1;-
2026/04/10;14:46:30;100;-; 56.56; 0.1;-; 76.3; 76.2; 3.0; 2.3; 0.7;1655; 0.3; 0.3; 0.3;15; 22.0;F;1;29;On;On;Off; 29.4; 26.8;0;5;873;5;873;5;687;1;-
2026/04/10;14:47:30;100;-; 56.56; 0.2;-; 76.2; 76.3; 9.9; 9.9; 0.0;1655; 0.3; 0.3; 0.3;15; 22.0;F;1;29;On;On;Off; 29.4; 26.8;0;5;873;5;873;5;687;1;-
2026/04/10;14:48:30;100;-; 56.58; 0.4;-; 76.3; 76.2; 23.5; 23.5; 0.0;1655; 0.3; 0.3; 0.3;15; 22.0;F;1;29;On;On;Off; 29.3; 26.8;0;5;873;5;873;5;687;1;-
2026/04/10;14:49:30;100;-; 56.56; 0.5;-; 76.2; 76.4; 28.0; 27.3; 0.7;1655; 0.3; 0.3; 0.3;15; 22.0;F;1;29;On;On;Off; 29.3; 26.8;0;5;873;5;873;5;687;1;-
2026/04/10;14:50:30;100;-; 56.56; 0.4;-; 76.4; 76.4; 22.0; 21.2; 0.7;1655; 0.3; 0.3; 0.3;15; 22.0;F;1;29;On;On;Off; 29.4; 26.8;0;5;873;5;873;5;687;1;-
2026/04/10;14:51:30;100;-; 56.56; 0.3;-; 76.4; 76.5; 16.7; 15.9; 0.7;1655; 0.3; 0.3; 0.3;15; 22.0;F;1;29;On;On;Off; 29.4; 26.8;0;5;873;5;873;5;687;1;-
2026/04/10;14:52:30;100;-; 56.58; 0.3;-; 76.5; 76.4; 14.4; 13.7; 0.7;1655; 0.3; 0.3; 0.3;15; 21.9;F;1;29;On;On;Off; 29.3; 26.8;0;5;873;5;873;5;687;1;-
2026/04/10;14:53:30;100;-; 56.58; 0.5;-; 76.4; 76.4; 25.8; 25.0; 0.7;1655; 0.3; 0.3; 0.3;15; 21.9;F;1;29;On;On;Off; 29.3; 26.8;0;5;873;5;873;5;687;1;-
2026/04/10;14:54:30;100;-; 56.58; 0.5;-; 76.2; 76.4; 27.3; 26.6; 0.7;1655; 0.3; 0.3; 0.3;15; 21.9;F;1;29;On;On;Off; 29.3; 26.8;0;5;873;5;873;5;687;1;-
2026/04/10;14:55:30;100;-; 56.56; 0.2;-; 76.8; 76.7; 10.6; 9.9; 0.7;1655; 0.3; 0.3; 0.3;14; 21.9;F;1;29;On;On;Off; 29.3; 26.8;0;5;873;5;873;5;687;1;-
2026/04/10;14:56:30;100;-; 56.56; 0.2;-; 76.6; 76.8; 13.6; 12.9; 0.7;1655; 0.3; 0.3; 0.3;15; 21.9;F;1;29;On;On;Off; 29.3; 26.8;0;5;873;5;873;5;687;1;-
2026/04/10;14:57:30;100;-; 56.58; 0.5;-; 76.5; 76.8; 26.5; 25.8; 0.7;1655; 0.3; 0.3; 0.3;15; 21.9;F;1;29;On;On;Off; 29.3; 26.8;0;5;873;5;873;5;687;1;-
2026/04/10;14:58:30;100;-; 56.56; 0.3;-; 76.7; 76.6; 15.2; 15.2; 0.0;1655; 0.3; 0.3; 0.3;15; 22.0;F;1;29;On;On;Off; 29.3; 26.8;0;5;873;5;873;5;687;1;-
2026/04/10;14:59:30;100;-; 56.58; 0.5;-; 76.2; 76.4; 27.3; 26.6; 0.7;1655; 0.3; 0.3; 0.3;15; 21.9;F;1;29;On;On;Off; 29.3; 26.8;0;5;873;5;873;5;687;1;-
2026/04/10;15:00:30;100;-; 56.56; 0.1;-; 76.6; 76.6; 6.8; 6.1; 0.7;1655; 0.3; 0.3; 0.3;14; 21.9;F;1;29;On;On;Off; 29.4; 26.8;0;5;873;5;873;5;687;1;-
2026/04/10;15:01:30;100;-; 56.56; 0.2;-; 76.6; 76.6; 12.1; 11.4; 0.7;1655; 0.3; 0.3; 0.3;15; 21.9;F;1;29;On;On;Off; 29.4; 26.8;0;5;873;5;873;5;687;1;-
2026/04/10;15:02:29;100;-; 56.56; 0.5;-; 76.3; 76.5; 25.8; 25.0; 0.7;1655; 0.3; 0.3; 0.3;15; 21.9;F;1;29;On;On;Off; 29.4; 26.8;0;5;873;5;873;5;687;1;-
2026/04/10;15:03:29;100;-; 56.56; 0.1;-; 76.6; 76.4; 6.0; 5.3; 0.7;1655; 0.3; 0.3; 0.3;14; 21.9;F;1;29;On;On;Off; 29.4; 26.8;0;5;873;5;873;5;687;1;-
2026/04/10;15:04:29;100;-; 56.58; 0.4;-; 76.5; 76.4; 22.7; 22.0; 0.7;1655; 0.3; 0.3; 0.3;14; 21.9;F;1;29;On;On;Off; 29.4; 26.8;0;5;873;5;873;5;687;1;-
2026/04/10;15:05:29;100;-; 56.58; 0.4;-; 76.4; 76.5; 24.2; 23.5; 0.7;1655; 0.3; 0.3; 0.3;15; 21.9;F;1;29;On;On;Off; 29.4; 26.8;0;5;873;5;873;5;687;1;-
2026/04/10;15:06:29;100;-; 56.56; 0.3;-; 76.7; 76.5; 15.1; 14.4; 0.7;1655; 0.3; 0.3; 0.3;15; 21.9;F;1;29;On;On;Off; 29.4; 26.8;0;5;873;5;873;5;687;1;-
2026/04/10;15:07:29;100;-; 56.58; 0.5;-; 76.4; 76.6; 30.3; 29.6; 0.7;1655; 0.3; 0.3; 0.3;15; 21.9;F;1;29;On;On;Off; 29.4; 26.8;0;5;873;5;873;5;687;1;-
2026/04/10;15:08:29;100;-; 56.56; 0.1;-; 76.7; 76.6; 3.0; 2.3; 0.7;1655; 0.3; 0.3; 0.3;15; 21.9;F;1;29;On;On;Off; 29.4; 26.8;0;5;873;5;873;5;687;1;-
2026/04/10;15:09:29;100;-; 56.56; 0.3;-; 76.4; 76.7; 15.9; 15.2; 0.7;1655; 0.3; 0.3; 0.3;14; 21.9;F;1;29;On;On;Off; 29.4; 26.8;0;5;873;5;873;5;687;1;-
2026/04/10;15:10:29;100;-; 56.58; 0.5;-; 76.4; 76.7; 27.3; 26.6; 0.7;1655; 0.3; 0.3; 0.3;14; 21.9;F;1;29;On;On;Off; 29.4; 26.8;0;5;873;5;873;5;687;1;-
2026/04/10;15:11:29;100;-; 56.56; 0.3;-; 76.8; 76.7; 14.4; 13.7; 0.7;1655; 0.3; 0.3; 0.3;14; 21.9;F;1;29;On;On;Off; 29.4; 26.8;0;5;873;5;873;5;687;1;-
2026/04/10;15:12:29;100;-; 56.58; 0.3;-; 76.8; 76.7; 18.2; 17.5; 0.7;1655; 0.3; 0.3; 0.3;14; 21.9;F;1;29;On;On;Off; 29.4; 26.8;0;5;873;5;873;5;687;1;-
2026/04/10;15:13:29;100;-; 56.58; 0.4;-; 76.6; 76.8; 24.2; 22.8; 1.5;1655; 0.3; 0.3; 0.3;15; 21.9;F;1;29;On;On;Off; 29.4; 26.8;0;5;873;5;873;5;687;1;-
2026/04/10;15:14:29;100;-; 56.56; 0.4;-; 76.8; 76.9; 23.5; 22.8; 0.7;1655; 0.3; 0.3; 0.3;14; 21.9;F;1;29;On;On;Off; 29.4; 26.8;0;5;873;5;873;5;687;1;-
2026/04/10;15:15:29;100;-; 56.58; 0.5;-; 76.7; 76.9; 27.3; 25.8; 1.5;1655; 0.3; 0.3; 0.3;15; 21.9;F;1;29;On;On;Off; 29.4; 26.8;0;5;873;5;873;5;687;1;-
2026/04/10;15:16:29;100;-; 56.56; 0.4;-; 76.9; 76.9; 22.0; 21.2; 0.7;1655; 0.3; 0.3; 0.3;16; 21.9;F;1;29;On;On;Off; 29.4; 26.8;0;5;873;5;873;5;687;1;-
2026/04/10;15:17:28;100;-; 56.56; 0.5;-; 76.9; 76.9; 25.8; 25.0; 0.7;1655; 0.3; 0.3; 0.3;15; 21.9;F;1;29;On;On;Off; 29.4; 26.8;0;5;873;5;873;5;687;1;-
2026/04/10;15:18:28;100;-; 56.58; 0.4;-; 76.6; 76.9; 25.0; 24.2; 0.7;1655; 0.3; 0.3; 0.3;14; 21.9;F;1;29;On;On;Off; 29.4; 26.8;0;5;873;5;873;5;687;1;-
2026/04/10;15:19:28;100;-; 56.56; 0.3;-; 76.6; 76.8; 14.4; 13.6; 0.7;1655; 0.3; 0.3; 0.3;15; 21.9;F;1;29;On;On;Off; 29.4; 26.8;0;5;873;5;873;5;687;1;-
2026/04/10;15:20:28;100;-; 56.56; 0.5;-; 76.5; 76.8; 29.6; 28.8; 0.7;1655; 0.3; 0.3; 0.3;14; 21.9;F;1;29;On;On;Off; 29.4; 26.8;0;5;873;5;873;5;687;1;-
2026/04/10;15:21:28;100;-; 56.56; 0.3;-; 76.3; 76.8; 18.2; 17.4; 0.7;1655; 0.3; 0.3; 0.3;14; 21.9;F;1;29;On;On;Off; 29.4; 26.8;0;5;873;5;873;5;687;1;-
2026/04/10;15:22:28;100;-; 56.58; 0.5;-; 76.4; 76.8; 25.8; 25.0; 0.7;1655; 0.3; 0.3; 0.3;15; 21.9;F;1;29;On;On;Off; 29.4; 26.8;0;5;873;5;873;5;687;1;-
2026/04/10;15:23:28;100;-; 56.56; 0.0;-; 76.9; 76.9; 0.7; 0.0; 0.7;1655; 0.3; 0.3; 0.3;15; 21.9;F;1;29;On;On;Off; 29.3; 26.8;0;5;873;5;873;5;687;1;-
2026/04/10;15:24:28;100;-; 56.56; 0.3;-; 76.3; 76.8; 18.9; 18.2; 0.7;1655; 0.3; 0.3; 0.3;15; 21.9;F;1;29;On;On;Off; 29.4; 26.8;0;5;873;5;873;5;687;1;-
2026/04/10;15:25:28;100;-; 56.56; 0.3;-; 76.7; 76.8; 18.2; 17.4; 0.7;1655; 0.3; 0.3; 0.3;15; 21.9;F;1;29;On;On;Off; 29.3; 26.8;0;5;873;5;873;5;687;1;-
2026/04/10;15:26:28;100;-; 56.56; 0.2;-; 76.9; 76.9; 9.8; 9.1; 0.7;1656; 0.3; 0.3; 0.3;14; 21.9;F;1;29;On;On;Off; 29.4; 26.8;0;5;873;5;873;5;687;1;-
2026/04/10;15:27:28;100;-; 56.56; 0.3;-; 76.8; 76.8; 18.9; 18.2; 0.7;1656; 0.3; 0.3; 0.3;14; 21.9;F;1;29;On;On;Off; 29.4; 26.8;0;5;873;5;873;5;687;1;-
2026/04/10;15:28:28;100;-; 56.56; 0.5;-; 76.5; 76.6; 26.5; 25.8; 0.7;1656; 0.3; 0.3; 0.3;14; 21.9;F;1;29;On;On;Off; 29.3; 26.8;0;5;873;5;873;5;687;1;-
2026/04/10;15:29:28;100;-; 56.56; 0.2;-; 76.9; 76.7; 11.3; 10.6; 0.7;1656; 0.3; 0.3; 0.3;14; 21.9;F;1;29;On;On;Off; 29.4; 26.8;0;5;873;5;873;5;687;1;-
2026/04/10;15:30:28;100;-; 56.56; 0.3;-; 76.5; 76.8; 17.4; 16.7; 0.7;1656; 0.3; 0.3; 0.3;14; 21.9;F;1;29;On;On;Off; 29.3; 26.8;0;5;873;5;873;5;687;1;-
2026/04/10;15:31:28;100;-; 56.56; 0.4;-; 76.8; 76.6; 23.5; 22.8; 0.7;1656; 0.3; 0.3; 0.3;15; 21.9;F;1;29;On;On;Off; 29.3; 26.8;0;5;873;5;873;5;687;1;-
2026/04/10;15:32:27;100;-; 56.58; 0.5;-; 76.6; 76.7; 31.1; 30.4; 0.7;1656; 0.3; 0.3; 0.3;14; 21.9;F;1;29;On;On;Off; 29.3; 26.8;0;5;873;5;873;5;687;1;-
2026/04/10;15:33:27;100;-; 56.56; 0.2;-; 76.7; 76.6; 9.1; 8.3; 0.7;1656; 0.3; 0.3; 0.3;14; 21.9;F;1;29;On;On;Off; 29.3; 26.8;0;5;873;5;873;5;687;1;-
2026/04/10;15:34:27;100;-; 56.56; 0.3;-; 76.7; 76.6; 15.9; 15.2; 0.7;1656; 0.3; 0.3; 0.3;14; 21.9;F;1;29;On;On;Off; 29.3; 26.8;0;5;873;5;873;5;687;1;-
2026/04/10;15:35:27;100;-; 56.56; 0.6;-; 76.4; 76.6; 31.8; 31.1; 0.7;1656; 0.3; 0.3; 0.3;14; 21.8;F;1;29;On;On;Off; 29.3; 26.8;0;5;873;5;873;5;687;1;-
2026/04/10;15:36:27;100;-; 56.58; 0.5;-; 76.5; 76.6; 27.3; 26.6; 0.7;1656; 0.3; 0.3; 0.3;15; 21.9;F;1;29;On;On;Off; 29.3; 26.7;0;5;873;5;873;5;687;1;-
2026/04/10;15:37:27;100;-; 56.56; 0.2;-; 76.8; 76.6; 12.1; 11.4; 0.7;1656; 0.3; 0.3; 0.3;15; 21.9;F;1;29;On;On;Off; 29.3; 26.7;0;5;873;5;873;5;687;1;-
2026/04/10;15:38:27;100;-; 56.58; 0.5;-; 76.6; 76.5; 29.6; 28.8; 0.7;1656; 0.3; 0.3; 0.3;15; 21.8;F;1;29;On;On;Off; 29.3; 26.7;0;5;873;5;873;5;687;1;-
2026/04/10;15:39:27;100;-; 56.58; 0.5;-; 76.5; 76.5; 28.0; 26.6; 1.5;1656; 0.3; 0.3; 0.3;15; 21.8;F;1;29;On;On;Off; 29.3; 26.7;0;5;873;5;873;5;687;1;-
2026/04/10;15:40:27;100;-; 56.56; 0.3;-; 76.6; 76.4; 18.2; 17.4; 0.7;1656; 0.3; 0.3; 0.3;15; 21.8;F;1;29;On;On;Off; 29.3; 26.7;0;5;873;5;873;5;687;1;-
2026/04/10;15:41:27;100;-; 56.56; 0.2;-; 76.3; 76.4; 10.6; 9.9; 0.7;1656; 0.3; 0.3; 0.3;15; 21.8;F;1;29;On;On;Off; 29.3; 26.7;0;5;873;5;873;5;687;1;-
2026/04/10;15:42:27;100;-; 56.56; 0.3;-; 76.3; 76.4; 15.1; 14.4; 0.7;1656; 0.3; 0.3; 0.3;15; 21.8;F;1;29;On;On;Off; 29.3; 26.7;0;5;873;5;873;5;687;1;-
2026/04/10;15:43:27;100;-; 56.56; 0.3;-; 76.3; 76.3; 19.7; 19.0; 0.7;1656; 0.3; 0.3; 0.3;16; 21.8;F;1;29;On;On;Off; 29.3; 26.7;0;5;873;5;873;5;687;1;-
2026/04/10;15:44:27;100;-; 56.56; 0.3;-; 76.3; 76.3; 18.9; 18.2; 0.7;1656; 0.3; 0.3; 0.3;15; 21.8;F;1;29;On;On;Off; 29.3; 26.7;0;5;873;5;873;5;687;1;-
2026/04/10;15:45:27;100;-; 56.56; 0.5;-; 75.9; 76.2; 27.3; 26.6; 0.7;1656; 0.3; 0.3; 0.3;15; 21.8;F;1;29;On;On;Off; 29.3; 26.7;0;5;873;5;873;5;687;1;-
2026/04/10;15:46:27;100;-; 56.56; 0.5;-; 76.0; 76.2; 27.3; 26.6; 0.7;1656; 0.3; 0.3; 0.3;14; 21.8;F;1;29;On;On;Off; 29.3; 26.7;0;5;873;5;873;5;687;1;-
2026/04/10;15:47:26;100;-; 56.56; 0.2;-; 76.4; 76.4; 9.1; 8.3; 0.7;1656; 0.3; 0.3; 0.3;14; 21.8;F;1;29;On;On;Off; 29.3; 26.7;0;5;873;5;873;5;687;1;-
2026/04/10;15:48:26;100;-; 56.56; 0.1;-; 76.3; 76.3; 4.5; 3.8; 0.7;1656; 0.3; 0.3; 0.3;15; 21.8;F;1;29;On;On;Off; 29.3; 26.7;0;5;873;5;873;6;688;1;-
2026/04/10;15:49:26;100;-; 56.58; 0.4;-; 76.3; 76.5; 24.2; 23.5; 0.7;1656; 0.3; 0.3; 0.3;14; 21.8;F;1;29;On;On;Off; 29.3; 26.7;0;5;873;5;873;6;688;1;-
2026/04/10;15:50:26;100;-; 56.56; 0.3;-; 76.5; 76.4; 15.9; 15.2; 0.7;1656; 0.3; 0.3; 0.3;14; 21.8;F;1;29;On;On;Off; 29.3; 26.7;0;5;873;5;873;6;688;1;-
2026/04/10;15:51:26;100;-; 56.56; 0.5;-; 76.1; 76.4; 31.1; 30.4; 0.7;1656; 0.3; 0.3; 0.3;14; 21.8;F;1;29;On;On;Off; 29.3; 26.7;0;5;873;5;873;6;688;1;-
2026/04/10;15:52:26;100;-; 56.56; 0.6;-; 76.0; 76.3; 31.8; 31.1; 0.7;1656; 0.3; 0.3; 0.3;15; 21.8;F;1;29;On;On;Off; 29.3; 26.7;0;5;873;5;873;6;688;1;-
2026/04/10;15:53:26;100;-; 56.56; 0.4;-; 76.0; 76.4; 23.5; 22.8; 0.7;1656; 0.3; 0.3; 0.3;14; 21.8;F;1;29;On;On;Off; 29.2; 26.7;0;5;873;5;873;6;688;1;-
2026/04/10;15:54:26;100;-; 56.58; 0.5;-; 76.1; 76.4; 27.3; 26.6; 0.7;1656; 0.3; 0.3; 0.3;14; 21.8;F;1;29;On;On;Off; 29.2; 26.7;0;5;873;5;873;6;688;1;-
2026/04/10;15:55:26;100;-; 56.58; 0.6;-; 76.0; 76.4; 33.4; 32.6; 0.7;1656; 0.3; 0.3; 0.3;14; 21.8;F;1;29;On;On;Off; 29.2; 26.7;0;5;873;5;873;6;688;1;-
2026/04/10;15:56:26;100;-; 56.58; 0.4;-; 76.3; 76.4; 23.5; 22.8; 0.7;1656; 0.3; 0.3; 0.3;14; 21.8;F;1;29;On;On;Off; 29.3; 26.7;0;5;873;5;873;6;688;1;-
2026/04/10;15:57:26;100;-; 56.56; 0.1;-; 76.4; 76.3; 8.3; 7.6; 0.7;1656; 0.3; 0.3; 0.3;14; 21.8;F;1;29;On;On;Off; 29.2; 26.7;0;5;873;5;873;6;688;1;-
2026/04/10;15:58:26;100;-; 56.56; 0.2;-; 76.2; 76.2; 11.3; 10.6; 0.7;1656; 0.3; 0.3; 0.3;14; 21.8;F;1;29;On;On;Off; 29.2; 26.7;0;5;873;5;873;6;688;1;-
2026/04/10;15:59:26;100;-; 56.56; 0.3;-; 76.4; 76.3; 14.4; 13.7; 0.7;1656; 0.3; 0.3; 0.3;14; 21.8;F;1;29;On;On;Off; 29.3; 26.7;0;5;873;5;873;6;688;1;-
2026/04/10;16:00:26;100;-; 56.58; 0.3;-; 76.5; 76.4; 14.4; 13.7; 0.7;1656; 0.3; 0.3; 0.3;14; 21.8;F;1;29;On;On;Off; 29.3; 26.7;0;5;873;5;873;6;688;1;-
2026/04/10;16:01:26;100;-; 56.56; 0.4;-; 76.2; 76.4; 22.7; 22.0; 0.7;1656; 0.3; 0.3; 0.3;14; 21.8;F;1;29;On;On;Off; 29.2; 26.7;0;5;873;5;873;6;688;1;-
2026/04/10;16:02:25;100;-; 56.56; 0.0;-; 76.5; 76.2; 1.5; 1.5; 0.0;1656; 0.3; 0.3; 0.3;14; 21.8;F;1;29;On;On;Off; 29.2; 26.7;0;5;873;5;873;6;688;1;-
2026/04/10;16:03:25;100;-; 56.58; 0.4;-; 76.1; 76.3; 25.0; 24.2; 0.7;1656; 0.3; 0.3; 0.3;14; 21.8;F;1;29;On;On;Off; 29.3; 26.7;0;5;873;5;873;6;688;1;-
2026/04/10;16:04:25;100;-; 56.58; 0.4;-; 76.4; 76.3; 23.5; 22.8; 0.7;1656; 0.3; 0.3; 0.3;14; 21.8;F;1;29;On;On;Off; 29.2; 26.7;0;5;873;5;873;6;688;1;-
2026/04/10;16:05:25;100;-; 56.56; 0.4;-; 76.2; 76.2; 24.2; 23.5; 0.7;1656; 0.2; 0.3; 0.3;13; 21.8;F;1;29;On;On;Off; 29.2; 26.7;0;5;873;5;873;6;688;1;-
2026/04/10;16:06:25;100;-; 56.56; 0.4;-; 76.0; 76.3; 22.0; 21.2; 0.7;1656; 0.3; 0.3; 0.3;14; 21.8;F;1;29;On;On;Off; 29.2; 26.7;0;5;873;5;873;6;688;1;-
2026/04/10;16:07:25;100;-; 56.56; 0.3;-; 76.1; 76.3; 15.9; 15.2; 0.7;1656; 0.3; 0.3; 0.3;14; 21.8;F;1;29;On;On;Off; 29.3; 26.7;0;5;873;5;873;6;688;1;-
2026/04/10;16:08:25;100;-; 56.56; 0.4;-; 76.2; 76.3; 22.0; 21.2; 0.7;1656; 0.3; 0.3; 0.3;14; 21.8;F;1;29;On;On;Off; 29.2; 26.7;0;5;873;5;873;6;688;1;-
2026/04/10;16:09:25;100;-; 56.54; 0.1;-; 76.4; 76.2; 6.8; 6.1; 0.7;1656; 0.3; 0.3; 0.3;14; 21.8;F;1;29;On;On;Off; 29.2; 26.7;0;5;873;5;873;6;688;1;-
2026/04/10;16:10:25;100;-; 56.56; 0.3;-; 76.2; 76.1; 18.9; 18.2; 0.7;1656; 0.3; 0.3; 0.3;15; 21.8;F;1;29;On;On;Off; 29.3; 26.7;0;5;873;5;873;6;688;1;-
2026/04/10;16:11:25;100;-; 56.58; 0.3;-; 76.0; 76.1; 17.4; 16.7; 0.7;1656; 0.3; 0.3; 0.3;15; 21.8;F;1;29;On;On;Off; 29.3; 26.7;0;6;874;6;874;6;688;1;-
2026/04/10;16:12:25;100;-; 56.58; 0.3;-; 76.0; 76.1; 18.9; 18.2; 0.7;1656; 0.3; 0.3; 0.3;14; 21.9;F;1;29;On;On;Off; 29.3; 26.7;0;6;874;6;874;6;688;1;-
2026/04/10;16:13:25;100;-; 56.56; 0.4;-; 76.2; 76.2; 24.2; 23.5; 0.7;1656; 0.3; 0.3; 0.3;14; 21.9;F;1;29;On;On;Off; 29.3; 26.7;0;6;874;6;874;6;688;1;-
2026/04/10;16:14:25;100;-; 56.56; 0.2;-; 76.2; 76.2; 9.1; 8.3; 0.7;1656; 0.3; 0.3; 0.3;15; 21.9;F;1;29;On;On;Off; 29.3; 26.7;0;6;874;6;874;6;688;1;-
2026/04/10;16:15:25;100;-; 56.58; 0.5;-; 76.1; 76.2; 29.6; 28.8; 0.7;1656; 0.3; 0.3; 0.3;15; 21.9;F;1;29;On;On;Off; 29.3; 26.7;0;6;874;6;874;6;688;1;-
2026/04/10;16:16:25;100;-; 56.58; 0.5;-; 76.3; 76.2; 26.5; 25.8; 0.7;1656; 0.3; 0.3; 0.3;15; 21.9;F;1;29;On;On;Off; 29.3; 26.7;0;6;874;6;874;6;688;1;-
2026/04/10;16:17:25;100;-; 56.56; 0.4;-; 76.1; 76.2; 21.2; 19.7; 1.5;1656; 0.3; 0.3; 0.3;15; 21.9;F;1;29;On;On;Off; 29.3; 26.7;0;6;874;6;874;6;688;1;-
2026/04/10;16:18:24;100;-; 56.56; 0.2;-; 76.6; 76.4; 10.6; 9.9; 0.7;1656; 0.3; 0.3; 0.3;14; 21.9;F;1;29;On;On;Off; 29.3; 26.7;0;6;874;6;874;6;688;1;-
2026/04/10;16:19:24;100;-; 56.56; 0.4;-; 76.4; 76.4; 20.5; 19.7; 0.7;1656; 0.3; 0.3; 0.3;14; 21.9;F;1;29;On;On;Off; 29.3; 26.7;0;6;874;6;874;6;688;1;-
2026/04/10;16:20:24;100;-; 56.56; 0.4;-; 76.4; 76.4; 21.2; 20.4; 0.7;1656; 0.3; 0.3; 0.3;15; 21.9;F;1;29;On;On;Off; 29.3; 26.7;0;6;874;6;874;6;688;1;-
2026/04/10;16:21:24;100;-; 56.56; 0.4;-; 76.2; 76.4; 20.4; 19.7; 0.7;1656; 0.3; 0.3; 0.3;15; 21.9;F;1;29;On;On;Off; 29.3; 26.7;0;6;874;6;874;6;688;1;-
2026/04/10;16:22:24;100;-; 56.56; 0.1;-; 76.6; 76.4; 6.8; 6.1; 0.7;1656; 0.3; 0.3; 0.3;14; 21.9;F;1;29;On;On;Off; 29.3; 26.7;0;6;874;6;874;6;688;1;-
2026/04/10;16:23:24;100;-; 56.56; 0.2;-; 76.6; 76.4; 11.3; 10.6; 0.7;1656; 0.3; 0.3; 0.3;14; 21.9;F;1;29;On;On;Off; 29.3; 26.7;0;6;874;6;874;6;688;1;-
2026/04/10;16:24:24;100;-; 56.56; 0.4;-; 76.4; 76.3; 22.0; 21.2; 0.7;1656; 0.3; 0.3; 0.3;14; 21.9;F;1;29;On;On;Off; 29.3; 26.7;0;6;874;6;874;6;688;1;-
2026/04/10;16:25:24;100;-; 56.58; 0.2;-; 76.3; 76.2; 13.6; 12.9; 0.7;1656; 0.3; 0.3; 0.3;14; 21.9;F;1;29;On;On;Off; 29.3; 26.7;0;6;874;6;874;6;688;1;-
2026/04/10;16:26:24;100;-; 56.58; 0.5;-; 76.2; 76.2; 25.7; 24.2; 1.5;1657; 0.3; 0.3; 0.3;15; 21.9;F;1;29;On;On;Off; 29.3; 26.7;0;6;874;6;874;6;688;1;-
2026/04/10;16:27:24;100;-; 56.56; 0.0;-; 76.4; 76.3; 0.7; 0.0; 0.7;1657; 0.3; 0.3; 0.3;15; 21.9;F;1;29;On;On;Off; 29.3; 26.7;0;6;874;6;874;6;688;1;-
2026/04/10;16:28:24;100;-; 56.56; 0.1;-; 76.5; 76.3; 8.3; 7.6; 0.7;1657; 0.3; 0.3; 0.3;15; 21.9;F;1;29;On;On;Off; 29.3; 26.7;0;6;874;6;874;6;688;1;-
2026/04/10;16:29:24;100;-; 56.58; 0.4;-; 76.2; 76.3; 24.2; 23.5; 0.7;1657; 0.3; 0.3; 0.3;15; 21.9;F;1;29;On;On;Off; 29.3; 26.7;0;6;874;6;874;6;688;1;-
2026/04/10;16:30:24;100;-; 56.58; 0.5;-; 76.3; 76.2; 27.3; 26.6; 0.7;1657; 0.3; 0.3; 0.3;15; 21.9;F;1;29;On;On;Off; 29.3; 26.7;0;6;874;6;874;6;688;1;-
2026/04/10;16:31:24;100;-; 56.56; 0.1;-; 76.5; 76.3; 8.3; 7.6; 0.7;1657; 0.3; 0.3; 0.3;15; 21.9;F;1;29;On;On;Off; 29.3; 26.7;0;6;874;6;874;6;688;1;-
2026/04/10;16:32:24;100;-; 56.56; 0.4;-; 75.9; 76.4; 24.2; 23.5; 0.7;1657; 0.3; 0.3; 0.3;15; 21.9;F;1;29;On;On;Off; 29.3; 26.7;0;6;874;6;874;6;688;1;-
2026/04/10;16:33:23;100;-; 56.58; 0.3;-; 76.1; 76.2; 15.9; 15.2; 0.7;1657; 0.3; 0.3; 0.3;16; 21.9;F;1;29;On;On;Off; 29.3; 26.7;0;6;874;6;874;6;688;1;-
2026/04/10;16:34:23;100;-; 56.56; 0.3;-; 76.0; 76.3; 18.2; 17.4; 0.7;1657; 0.3; 0.3; 0.3;15; 21.9;F;1;29;On;On;Off; 29.3; 26.7;0;6;874;6;874;6;688;1;-
2026/04/10;16:35:23;100;-; 56.58; 0.3;-; 76.3; 76.4; 17.4; 15.9; 1.5;1657; 0.3; 0.3; 0.3;15; 21.9;F;1;29;On;On;Off; 29.3; 26.7;0;6;874;6;874;6;688;1;-
2026/04/10;16:36:23;100;-; 56.58; 0.4;-; 76.0; 76.3; 22.0; 21.2; 0.7;1657; 0.3; 0.3; 0.3;15; 21.9;F;1;29;On;On;Off; 29.3; 26.7;0;6;874;6;874;6;688;1;-
2026/04/10;16:37:23;100;-; 56.56; 0.3;-; 76.3; 76.3; 15.9; 15.2; 0.7;1657; 0.3; 0.3; 0.3;16; 21.9;F;1;29;On;On;Off; 29.3; 26.7;0;6;874;6;874;6;688;1;-
2026/04/10;16:38:23;100;-; 56.56; 0.4;-; 76.3; 76.4; 21.2; 20.4; 0.7;1657; 0.3; 0.3; 0.3;15; 21.9;F;1;29;On;On;Off; 29.3; 26.7;0;6;874;6;874;6;688;1;-
2026/04/10;16:39:23;100;-; 56.56; 0.3;-; 76.5; 76.4; 14.4; 13.7; 0.7;1657; 0.3; 0.3; 0.3;15; 21.9;F;1;29;On;On;Off; 29.3; 26.7;0;6;874;6;874;6;688;1;-
2026/04/10;16:40:23;100;-; 56.56; 0.3;-; 76.4; 76.3; 18.2; 17.5; 0.7;1657; 0.3; 0.3; 0.3;15; 21.9;F;1;29;On;On;Off; 29.3; 26.7;0;6;874;6;874;6;688;1;-
2026/04/10;16:41:23;100;-; 56.58; 0.5;-; 76.2; 76.3; 28.8; 27.3; 1.5;1657; 0.3; 0.3; 0.3;15; 21.9;F;1;29;On;On;Off; 29.3; 26.7;0;6;874;6;874;6;688;1;-
2026/04/10;16:42:23;100;-; 56.56; 0.3;-; 76.5; 76.2; 18.2; 17.5; 0.7;1657; 0.3; 0.3; 0.3;15; 21.9;F;1;29;On;On;Off; 29.2; 26.7;0;6;874;6;874;6;688;1;-
2026/04/10;16:43:23;100;-; 56.56; 0.2;-; 76.7; 76.3; 9.8; 9.1; 0.7;1657; 0.3; 0.3; 0.3;15; 21.9;F;1;29;On;On;Off; 29.3; 26.7;0;6;874;6;874;6;688;1;-
2026/04/10;16:44:23;100;-; 56.56; 0.2;-; 76.6; 76.3; 12.1; 11.4; 0.7;1657; 0.3; 0.3; 0.3;15; 21.9;F;1;29;On;On;Off; 29.3; 26.7;0;6;874;6;874;6;688;1;-
2026/04/10;16:45:23;100;-; 56.56; 0.3;-; 76.6; 76.4; 17.4; 16.7; 0.7;1657; 0.3; 0.3; 0.3;14; 21.9;F;1;29;On;On;Off; 29.2; 26.7;0;6;874;6;874;6;688;1;-
2026/04/10;16:46:23;100;-; 56.56; 0.3;-; 76.5; 76.4; 17.4; 16.7; 0.7;1657; 0.3; 0.3; 0.3;14; 21.9;F;1;29;On;On;Off; 29.2; 26.7;0;6;874;6;874;6;688;1;-
2026/04/10;16:47:23;100;-; 56.58; 0.4;-; 76.4; 76.4; 21.2; 20.5; 0.7;1657; 0.3; 0.3; 0.3;15; 21.9;F;1;29;On;On;Off; 29.2; 26.7;0;6;874;6;874;6;688;1;-
2026/04/10;16:48:22;100;-; 56.58; 0.4;-; 76.4; 76.3; 20.5; 19.0; 1.5;1657; 0.3; 0.3; 0.3;14; 21.9;F;1;29;On;On;Off; 29.2; 26.7;0;6;874;6;874;6;688;1;-
2026/04/10;16:49:22;100;-; 56.56; 0.3;-; 76.6; 76.4; 14.4; 13.7; 0.7;1657; 0.3; 0.3; 0.3;14; 21.9;F;1;29;On;On;Off; 29.2; 26.7;0;6;874;6;874;6;688;1;-
2026/04/10;16:50:22;100;-; 56.56; 0.2;-; 76.6; 76.5; 12.9; 12.1; 0.7;1657; 0.3; 0.3; 0.3;14; 21.9;F;1;29;On;On;Off; 29.2; 26.7;0;6;874;6;874;6;688;1;-
2026/04/10;16:51:22;100;-; 56.56; 0.2;-; 76.7; 76.3; 9.8; 9.1; 0.7;1657; 0.3; 0.3; 0.3;15; 21.9;F;1;29;On;On;Off; 29.2; 26.7;0;6;874;6;874;6;688;1;-
2026/04/10;16:52:22;100;-; 56.58; 0.4;-; 76.3; 76.4; 20.5; 19.7; 0.7;1657; 0.3; 0.3; 0.3;15; 21.9;F;1;29;On;On;Off; 29.2; 26.7;0;6;874;6;874;6;688;1;-
2026/04/10;16:53:22;100;-; 56.56; 0.2;-; 76.7; 76.4; 9.1; 8.3; 0.7;1657; 0.3; 0.3; 0.3;15; 21.9;F;1;29;On;On;Off; 29.2; 26.7;0;6;874;6;874;6;688;1;-
2026/04/10;16:54:22;100;-; 56.58; 0.4;-; 76.6; 76.3; 25.0; 24.2; 0.7;1657; 0.3; 0.3; 0.3;15; 21.9;F;1;29;On;On;Off; 29.2; 26.7;0;6;874;6;874;6;688;1;-
2026/04/10;16:55:22;100;-; 56.58; 0.3;-; 76.5; 76.4; 16.7; 15.9; 0.7;1657; 0.3; 0.3; 0.3;15; 21.9;F;1;29;On;On;Off; 29.2; 26.7;0;6;874;6;874;6;688;1;-
2026/04/10;16:56:22;100;-; 56.56; 0.4;-; 76.2; 76.5; 20.4; 19.7; 0.7;1657; 0.3; 0.3; 0.3;15; 21.9;F;1;29;On;On;Off; 29.2; 26.7;0;6;874;6;874;6;688;1;-
2026/04/10;16:57:22;100;-; 56.56; 0.4;-; 76.3; 76.4; 21.2; 20.5; 0.7;1657; 0.3; 0.3; 0.3;15; 21.9;F;1;29;On;On;Off; 29.2; 26.7;0;6;874;6;874;6;688;1;-
2026/04/10;16:58:22;100;-; 56.58; 0.4;-; 76.4; 76.6; 23.5; 22.8; 0.7;1657; 0.3; 0.3; 0.3;15; 21.9;F;1;29;On;On;Off; 29.2; 26.7;0;6;874;6;874;6;688;1;-
2026/04/10;16:59:22;100;-; 56.56; 0.0;-; 76.9; 76.5; 1.5; 0.7; 0.7;1657; 0.3; 0.3; 0.3;15; 21.9;F;1;29;On;On;Off; 29.2; 26.7;0;6;874;6;874;6;688;1;-
2026/04/10;17:00:22;100;-; 56.56; 0.3;-; 76.6; 76.5; 17.4; 16.7; 0.7;1657; 0.3; 0.3; 0.3;15; 21.9;F;1;29;On;On;Off; 29.2; 26.7;0;6;874;6;874;6;688;1;-
2026/04/10;17:01:22;100;-; 56.58; 0.4;-; 76.4; 76.6; 24.2; 23.5; 0.7;1657; 0.3; 0.3; 0.3;15; 21.9;F;1;29;On;On;Off; 29.2; 26.7;0;6;874;6;874;6;688;1;-
2026/04/10;17:02:22;100;-; 56.58; 0.5;-; 76.4; 76.5; 28.0; 26.6; 1.5;1657; 0.3; 0.3; 0.3;15; 21.9;F;1;29;On;On;Off; 29.2; 26.7;0;6;874;6;874;6;688;1;-
2026/04/10;17:03:21;100;-; 56.58; 0.4;-; 76.3; 76.6; 20.5; 19.7; 0.7;1657; 0.3; 0.3; 0.3;15; 21.9;F;1;29;On;On;Off; 29.2; 26.7;0;6;874;6;874;6;688;1;-
2026/04/10;17:04:21;100;-; 56.58; 0.3;-; 76.5; 76.5; 19.7; 19.0; 0.7;1657; 0.3; 0.3; 0.3;16; 21.9;F;1;29;On;On;Off; 29.2; 26.7;0;6;874;6;874;6;688;1;-
2026/04/10;17:05:21;100;-; 56.56; 0.5;-; 76.2; 76.5; 28.0; 27.3; 0.7;1657; 0.3; 0.3; 0.3;15; 21.9;F;1;29;On;On;Off; 29.2; 26.7;0;6;874;6;874;6;688;1;-
2026/04/10;17:06:21;100;-; 56.58; 0.5;-; 76.3; 76.5; 28.8; 27.3; 1.5;1657; 0.3; 0.3; 0.3;15; 21.9;F;1;29;On;On;Off; 29.2; 26.7;0;6;874;6;874;6;688;1;-
2026/04/10;17:07:21;100;-; 56.56; 0.2;-; 76.7; 76.4; 12.9; 12.1; 0.7;1657; 0.3; 0.3; 0.3;15; 21.9;F;1;29;On;On;Off; 29.2; 26.7;0;6;874;6;874;6;688;1;-
2026/04/10;17:08:21;100;-; 56.56; 0.3;-; 76.7; 76.6; 15.1; 14.4; 0.7;1657; 0.3; 0.3; 0.3;15; 21.9;F;1;29;On;On;Off; 29.2; 26.7;0;6;874;6;874;6;688;1;-
2026/04/10;17:09:21;100;-; 56.56; 0.1;-; 76.6; 76.6; 6.8; 6.1; 0.7;1657; 0.3; 0.3; 0.3;16; 21.9;F;1;29;On;On;Off; 29.2; 26.7;0;6;874;6;874;6;688;1;-
2026/04/10;17:10:21;100;-; 56.56; 0.5;-; 76.5; 76.5; 25.8; 25.0; 0.7;1657; 0.3; 0.3; 0.3;15; 21.9;F;1;29;On;On;Off; 29.2; 26.7;0;6;874;6;874;6;688;1;-
2026/04/10;17:11:21;100;-; 56.58; 0.4;-; 76.3; 76.4; 22.7; 22.0; 0.7;1657; 0.3; 0.3; 0.3;15; 21.9;F;1;29;On;On;Off; 29.2; 26.7;0;6;874;6;874;6;688;1;-
2026/04/10;17:12:21;100;-; 56.58; 0.4;-; 76.4; 76.5; 23.5; 22.8; 0.7;1657; 0.3; 0.3; 0.3;14; 21.9;F;1;29;On;On;Off; 29.3; 26.7;0;6;874;6;874;6;688;1;-
2026/04/10;17:13:21;100;-; 56.56; 0.6;-; 76.2; 76.5; 34.1; 33.4; 0.7;1657; 0.3; 0.3; 0.3;15; 21.9;F;1;29;On;On;Off; 29.3; 26.7;0;6;874;6;874;6;688;1;-
2026/04/10;17:14:21;100;-; 56.58; 0.3;-; 76.4; 76.5; 17.4; 16.7; 0.7;1657; 0.3; 0.3; 0.3;15; 21.9;F;1;29;On;On;Off; 29.3; 26.7;0;6;874;6;874;6;688;1;-
2026/04/10;17:15:21;100;-; 56.58; 0.3;-; 76.4; 76.6; 18.2; 17.5; 0.7;1657; 0.3; 0.3; 0.3;15; 21.9;F;1;29;On;On;Off; 29.3; 26.7;0;6;874;6;874;6;688;1;-
2026/04/10;17:16:21;100;-; 56.56; 0.3;-; 76.6; 76.5; 17.4; 16.7; 0.7;1657; 0.3; 0.3; 0.3;15; 21.9;F;1;29;On;On;Off; 29.3; 26.7;0;6;874;6;874;6;688;1;-
2026/04/10;17:17:21;100;-; 56.56; 0.2;-; 76.8; 76.5; 9.8; 9.1; 0.7;1657; 0.3; 0.3; 0.3;15; 21.9;F;1;29;On;On;Off; 29.3; 26.7;0;6;874;6;874;6;688;1;-
2026/04/10;17:18:20;100;-; 56.56; 0.3;-; 76.6; 76.5; 15.1; 14.4; 0.7;1657; 0.3; 0.3; 0.3;15; 21.9;F;1;29;On;On;Off; 29.3; 26.7;0;6;874;6;874;6;688;1;-
2026/04/10;17:19:20;100;-; 56.58; 0.5;-; 76.3; 76.5; 28.8; 28.0; 0.7;1657; 0.3; 0.3; 0.3;15; 21.9;F;1;29;On;On;Off; 29.3; 26.7;0;6;874;6;874;6;688;1;-
2026/04/10;17:20:20;100;-; 56.56; 0.3;-; 76.6; 76.5; 15.1; 14.4; 0.7;1657; 0.3; 0.3; 0.3;14; 21.9;F;1;29;On;On;Off; 29.3; 26.7;0;6;874;6;874;6;688;1;-
2026/04/10;17:21:20;100;-; 56.56; 0.1;-; 76.9; 76.6; 4.5; 3.8; 0.7;1657; 0.3; 0.3; 0.3;14; 21.9;F;1;29;On;On;Off; 29.3; 26.7;0;6;874;6;874;6;688;1;-
2026/04/10;17:22:20;100;-; 56.58; 0.3;-; 76.8; 76.6; 15.9; 15.2; 0.7;1657; 0.3; 0.3; 0.3;15; 21.9;F;1;29;On;On;Off; 29.3; 26.7;0;6;874;6;874;6;688;1;-
2026/04/10;17:23:20;100;-; 56.56; 0.5;-; 76.2; 76.8; 28.0; 27.3; 0.7;1657; 0.3; 0.3; 0.3;15; 21.9;F;1;29;On;On;Off; 29.3; 26.7;0;6;874;6;874;6;688;1;-
2026/04/10;17:24:20;100;-; 56.58; 0.5;-; 76.7; 76.7; 27.3; 26.6; 0.7;1657; 0.3; 0.3; 0.3;14; 21.9;F;1;29;On;On;Off; 29.3; 26.7;0;6;874;6;874;6;688;1;-
2026/04/10;17:25:20;100;-; 56.56; 0.3;-; 76.7; 76.7; 18.2; 17.4; 0.7;1657; 0.3; 0.3; 0.3;15; 21.9;F;1;29;On;On;Off; 29.3; 26.7;0;6;874;6;874;6;688;1;-
2026/04/10;17:26:20;100;-; 56.56; 0.4;-; 76.8; 76.7; 20.5; 19.7; 0.7;1658; 0.3; 0.3; 0.3;15; 21.9;F;1;29;On;On;Off; 29.3; 26.7;0;6;874;6;874;6;688;1;-
2026/04/10;17:27:20;100;-; 56.58; 0.4;-; 76.4; 76.7; 22.7; 22.0; 0.7;1658; 0.3; 0.3; 0.3;14; 21.9;F;1;29;On;On;Off; 29.3; 26.7;0;6;874;6;874;6;688;1;-
2026/04/10;17:28:20;100;-; 56.56; 0.5;-; 76.4; 76.7; 25.8; 25.0; 0.7;1658; 0.3; 0.3; 0.3;14; 21.9;F;1;29;On;On;Off; 29.3; 26.7;0;6;874;6;874;6;688;1;-
2026/04/10;17:29:20;100;-; 56.56; 0.6;-; 76.6; 76.7; 33.3; 31.8; 1.5;1658; 0.3; 0.3; 0.3;14; 21.9;F;1;29;On;On;Off; 29.3; 26.7;0;6;874;6;874;6;688;1;-
2026/04/10;17:30:20;100;-; 56.58; 0.4;-; 76.6; 76.9; 24.2; 23.5; 0.7;1658; 0.3; 0.3; 0.3;15; 21.9;F;1;29;On;On;Off; 29.3; 26.7;0;6;874;6;874;6;688;1;-
2026/04/10;17:31:20;100;-; 56.56; 0.5;-; 76.6; 76.8; 29.5; 28.0; 1.5;1658; 0.3; 0.3; 0.3;14; 21.9;F;1;29;On;On;Off; 29.3; 26.7;0;6;874;6;874;6;688;1;-
2026/04/10;17:32:20;100;-; 56.56; 0.1;-; 77.1; 76.8; 6.0; 5.3; 0.7;1658; 0.3; 0.3; 0.3;14; 22.0;F;1;29;On;On;Off; 29.3; 26.7;0;6;874;6;874;6;688;1;-
2026/04/10;17:33:20;100;-; 56.58; 0.4;-; 76.8; 76.8; 25.0; 23.5; 1.5;1658; 0.2; 0.3; 0.3;13; 22.0;F;1;29;On;On;Off; 29.3; 26.7;0;6;874;6;874;6;688;1;-
2026/04/10;17:34:19;100;-; 56.56; 0.4;-; 76.8; 76.8; 24.2; 23.5; 0.7;1658; 0.3; 0.3; 0.3;14; 21.9;F;1;29;On;On;Off; 29.3; 26.7;0;6;874;6;874;6;688;1;-
2026/04/10;17:35:19;100;-; 56.56; 0.5;-; 76.9; 76.8; 25.8; 25.0; 0.7;1658; 0.3; 0.3; 0.3;14; 21.9;F;1;29;On;On;Off; 29.3; 26.7;0;6;874;6;874;6;688;1;-
2026/04/10;17:36:19;100;-; 56.58; 0.5;-; 76.6; 76.7; 28.0; 26.6; 1.5;1658; 0.3; 0.3; 0.3;14; 21.9;F;1;29;On;On;Off; 29.3; 26.7;0;6;874;6;874;6;688;1;-
2026/04/10;17:37:19;100;-; 56.56; 0.3;-; 77.0; 76.8; 16.7; 15.9; 0.7;1658; 0.3; 0.3; 0.3;15; 21.9;F;1;29;On;On;Off; 29.3; 26.7;0;6;874;6;874;6;688;1;-
2026/04/10;17:38:19;100;-; 56.56; 0.4;-; 76.5; 76.7; 20.5; 19.7; 0.7;1658; 0.3; 0.3; 0.3;14; 22.0;F;1;29;On;On;Off; 29.3; 26.7;0;6;874;6;874;6;688;1;-
2026/04/10;17:39:19;100;-; 56.56; 0.3;-; 76.9; 76.7; 15.9; 15.2; 0.7;1658; 0.3; 0.3; 0.3;15; 21.9;F;1;29;On;On;Off; 29.3; 26.7;0;6;874;6;874;6;688;1;-
2026/04/10;17:40:19;100;-; 56.56; 0.3;-; 76.7; 76.7; 15.9; 15.2; 0.7;1658; 0.3; 0.3; 0.3;14; 21.9;F;1;29;On;On;Off; 29.3; 26.7;0;6;874;6;874;6;688;1;-
2026/04/10;17:41:19;100;-; 56.58; 0.4;-; 76.4; 76.6; 25.0; 24.2; 0.7;1658; 0.3; 0.3; 0.3;14; 21.9;F;1;29;On;On;Off; 29.3; 26.7;0;6;874;6;874;6;688;1;-
2026/04/10;17:42:19;100;-; 56.58; 0.5;-; 76.6; 76.7; 28.0; 27.3; 0.7;1658; 0.3; 0.3; 0.3;15; 21.9;F;1;29;On;On;Off; 29.3; 26.7;0;6;874;6;874;6;688;1;-
2026/04/10;17:43:19;100;-; 56.56; 0.3;-; 76.8; 76.6; 16.7; 15.9; 0.7;1658; 0.3; 0.3; 0.3;15; 21.9;F;1;29;On;On;Off; 29.3; 26.7;0;6;874;6;874;6;688;1;-
2026/04/10;17:44:19;100;-; 56.56; 0.4;-; 76.5; 76.6; 25.0; 24.2; 0.7;1658; 0.3; 0.3; 0.3;15; 21.9;F;1;29;On;On;Off; 29.3; 26.7;0;6;874;6;874;6;688;1;-
2026/04/10;17:45:19;100;-; 56.56; 0.3;-; 76.9; 76.8; 15.1; 14.4; 0.7;1658; 0.3; 0.3; 0.3;14; 21.9;F;1;29;On;On;Off; 29.3; 26.7;0;6;874;6;874;6;688;1;-
2026/04/10;17:46:19;100;-; 56.56; 0.1;-; 76.7; 76.8; 5.3; 4.5; 0.7;1658; 0.3; 0.3; 0.3;15; 21.9;F;1;29;On;On;Off; 29.3; 26.7;0;6;874;6;874;6;688;1;-
2026/04/10;17:47:19;100;-; 56.56; 0.3;-; 76.6; 76.7; 18.2; 17.5; 0.7;1658; 0.3; 0.3; 0.3;15; 21.9;F;1;29;On;On;Off; 29.2; 26.7;0;6;874;6;874;6;688;1;-
2026/04/10;17:48:19;100;-; 56.56; 0.1;-; 77.0; 76.7; 4.5; 3.8; 0.7;1658; 0.3; 0.3; 0.3;15; 21.9;F;1;29;On;On;Off; 29.3; 26.7;0;6;874;6;874;6;688;1;-
2026/04/10;17:49:18;100;-; 56.56; 0.3;-; 76.6; 76.6; 16.7; 15.9; 0.7;1658; 0.3; 0.3; 0.3;15; 21.9;F;1;29;On;On;Off; 29.2; 26.7;0;6;874;6;874;6;688;1;-
2026/04/10;17:50:18;100;-; 56.56; 0.3;-; 77.1; 76.6; 14.4; 13.7; 0.7;1658; 0.3; 0.3; 0.3;15; 21.9;F;1;29;On;On;Off; 29.3; 26.7;0;6;874;6;874;6;688;1;-
2026/04/10;17:51:18;100;-; 56.56; 0.2;-; 77.4; 76.6; 11.3; 10.6; 0.7;1658; 0.3; 0.3; 0.3;15; 21.9;F;1;29;On;On;Off; 29.2; 26.7;0;6;874;6;874;6;688;1;-
2026/04/10;17:52:18;100;-; 56.56; 0.4;-; 76.6; 76.8; 22.7; 21.2; 1.5;1658; 0.3; 0.3; 0.3;15; 21.9;F;1;29;On;On;Off; 29.2; 26.7;0;6;874;6;874;6;688;1;-
2026/04/10;17:53:18;100;-; 56.58; 0.5;-; 76.5; 77.0; 28.8; 28.0; 0.7;1658; 0.3; 0.3; 0.3;15; 21.9;F;1;29;On;On;Off; 29.2; 26.7;0;6;874;6;874;6;688;1;-
2026/04/10;17:54:18;100;-; 56.56; 0.2;-; 77.3; 76.9; 12.1; 11.4; 0.7;1658; 0.3; 0.3; 0.3;15; 21.9;F;1;29;On;On;Off; 29.2; 26.7;0;6;874;6;874;6;688;1;-
2026/04/10;17:55:18;100;-; 56.56; 0.3;-; 77.3; 77.0; 18.2; 17.5; 0.7;1658; 0.3; 0.3; 0.3;15; 21.9;F;1;29;On;On;Off; 29.2; 26.7;0;6;874;6;874;6;688;1;-
2026/04/10;17:56:18;100;-; 56.56; 0.2;-; 77.1; 77.1; 9.8; 9.1; 0.7;1658; 0.3; 0.3; 0.3;15; 21.9;F;1;29;On;On;Off; 29.2; 26.7;0;6;874;6;874;6;688;1;-
2026/04/10;17:57:18;100;-; 56.56; 0.3;-; 76.8; 77.1; 18.2; 17.5; 0.7;1658; 0.3; 0.3; 0.3;15; 21.9;F;1;29;On;On;Off; 29.2; 26.7;0;6;874;6;874;6;688;1;-
2026/04/10;17:58:18;100;-; 56.58; 0.4;-; 76.8; 77.0; 20.5; 19.7; 0.7;1658; 0.3; 0.3; 0.3;15; 21.9;F;1;29;On;On;Off; 29.2; 26.7;0;6;874;6;874;6;688;1;-
2026/04/10;17:59:18;100;-; 56.56; 0.1;-; 77.6; 76.9; 5.3; 4.5; 0.7;1658; 0.3; 0.3; 0.3;15; 21.9;F;1;29;On;On;Off; 29.2; 26.6;0;6;874;6;874;6;688;1;-
2026/04/10;18:00:18;100;-; 56.58; 0.4;-; 76.9; 76.8; 21.2; 20.4; 0.7;1658; 0.3; 0.3; 0.3;15; 21.9;F;1;29;On;On;Off; 29.2; 26.7;0;6;874;6;874;6;688;1;-
2026/04/10;18:01:18;100;-; 56.58; 0.4;-; 76.8; 76.8; 25.0; 24.2; 0.7;1658; 0.3; 0.3; 0.3;14; 21.9;F;1;29;On;On;Off; 29.2; 26.6;0;6;874;6;874;6;688;1;-
2026/04/10;18:02:18;100;-; 56.56; 0.2;-; 77.0; 76.8; 12.9; 12.1; 0.7;1658; 0.3; 0.3; 0.3;15; 21.9;F;1;29;On;On;Off; 29.2; 26.7;0;6;874;6;874;6;688;1;-
2026/04/10;18:03:18;100;-; 56.58; 0.4;-; 77.0; 76.7; 23.5; 22.8; 0.7;1658; 0.3; 0.3; 0.3;14; 21.9;F;1;29;On;On;Off; 29.2; 26.7;0;6;874;6;874;6;688;1;-
2026/04/10;18:04:17;100;-; 56.58; 0.3;-; 77.6; 76.8; 19.7; 19.0; 0.7;1658; 0.3; 0.3; 0.3;14; 21.9;F;1;29;On;On;Off; 29.2; 26.7;0;6;874;6;874;6;688;1;-
2026/04/10;18:05:17;100;-; 56.56; 0.1;-; 77.7; 76.7; 6.0; 5.3; 0.7;1658; 0.3; 0.3; 0.3;14; 21.9;F;1;29;On;On;Off; 29.2; 26.7;0;6;874;6;874;6;688;1;-
2026/04/10;18:06:17;100;-; 56.58; 0.3;-; 77.3; 76.7; 17.4; 16.7; 0.7;1658; 0.3; 0.3; 0.3;14; 21.9;F;1;29;On;On;Off; 29.2; 26.7;0;6;874;6;874;6;688;1;-
2026/04/10;18:07:17;100;-; 56.58; 0.5;-; 76.9; 76.7; 29.5; 28.0; 1.5;1658; 0.3; 0.3; 0.3;14; 21.9;F;1;29;On;On;Off; 29.2; 26.7;0;6;874;6;874;6;688;1;-
2026/04/10;18:08:17;100;-; 56.58; 0.5;-; 76.6; 76.5; 25.8; 25.0; 0.7;1658; 0.3; 0.3; 0.3;14; 21.9;F;1;29;On;On;Off; 29.2; 26.7;0;6;874;6;874;6;688;1;-
2026/04/10;18:09:17;100;-; 56.58; 0.5;-; 77.0; 76.5; 28.0; 27.3; 0.7;1658; 0.3; 0.3; 0.3;14; 21.9;F;1;29;On;On;Off; 29.2; 26.7;0;6;874;6;874;6;688;1;-
2026/04/10;18:10:17;100;-; 56.56; 0.1;-; 77.2; 76.4; 3.7; 3.0; 0.7;1658; 0.3; 0.3; 0.3;14; 21.9;F;1;29;On;On;Off; 29.2; 26.7;0;6;874;6;874;6;688;1;-
2026/04/10;18:11:17;100;-; 56.56; 0.2;-; 77.3; 76.5; 9.8; 9.1; 0.7;1658; 0.3; 0.3; 0.3;14; 21.9;F;1;29;On;On;Off; 29.2; 26.7;0;6;874;6;874;6;688;1;-
2026/04/10;18:12:17;100;-; 56.58; 0.5;-; 76.7; 76.3; 29.6; 28.8; 0.7;1658; 0.3; 0.3; 0.3;14; 21.9;F;1;29;On;On;Off; 29.2; 26.7;0;6;874;6;874;6;688;1;-
2026/04/10;18:13:17;100;-; 56.56; 0.4;-; 77.2; 76.4; 21.2; 20.4; 0.7;1658; 0.3; 0.3; 0.3;14; 21.9;F;1;29;On;On;Off; 29.2; 26.7;0;6;874;6;874;6;688;1;-
2026/04/10;18:14:17;100;-; 56.58; 0.5;-; 76.5; 76.4; 27.3; 26.6; 0.7;1658; 0.3; 0.3; 0.3;15; 21.9;F;1;29;On;On;Off; 29.2; 26.7;0;6;874;6;874;6;688;1;-
2026/04/10;18:15:17;100;-; 56.56; 0.3;-; 76.9; 76.5; 19.7; 19.0; 0.7;1658; 0.3; 0.3; 0.3;14; 21.9;F;1;29;On;On;Off; 29.2; 26.7;0;6;874;6;874;6;688;1;-
2026/04/10;18:16:17;100;-; 56.56; 0.2;-; 76.8; 76.6; 13.6; 12.9; 0.7;1658; 0.3; 0.3; 0.3;15; 21.9;F;1;29;On;On;Off; 29.2; 26.7;0;6;874;6;874;6;688;1;-
2026/04/10;18:17:17;100;-; 56.58; 0.5;-; 75.5; 76.5; 27.3; 25.8; 1.5;1658; 0.3; 0.3; 0.3;15; 21.9;F;1;29;On;On;Off; 29.2; 26.7;0;6;874;6;874;6;688;1;-
2026/04/10;18:18:17;100;-; 56.56; 0.1;-; 76.1; 76.6; 3.0; 2.3; 0.7;1658; 0.3; 0.3; 0.3;15; 21.9;F;1;29;On;On;Off; 29.2; 26.7;0;6;874;6;874;6;688;1;-
2026/04/10;18:19:16;100;-; 56.58; 0.4;-; 75.0; 76.5; 24.2; 23.5; 0.7;1658; 0.3; 0.3; 0.3;15; 21.9;F;1;29;On;On;Off; 29.2; 26.7;0;6;874;6;874;6;688;1;-
2026/04/10;18:20:16;100;-; 56.56; 0.1;-; 76.0; 76.5; 8.3; 7.6; 0.7;1658; 0.3; 0.3; 0.3;15; 21.9;F;1;29;On;On;Off; 29.2; 26.7;0;6;874;6;874;6;688;1;-
2026/04/10;18:21:16;100;-; 56.56; 0.2;-; 76.6; 76.4; 12.9; 12.1; 0.7;1658; 0.3; 0.3; 0.3;15; 21.9;F;1;29;On;On;Off; 29.2; 26.7;0;6;874;6;874;6;688;1;-
2026/04/10;18:22:16;100;-; 56.56; 0.2;-; 76.2; 76.5; 13.6; 12.9; 0.7;1658; 0.3; 0.3; 0.3;14; 21.9;F;1;29;On;On;Off; 29.2; 26.7;0;6;874;6;874;6;688;1;-
2026/04/10;18:23:16;100;-; 56.58; 0.4;-; 75.7; 76.3; 21.2; 20.5; 0.7;1658; 0.3; 0.3; 0.3;14; 21.9;F;1;29;On;On;Off; 29.2; 26.7;0;6;874;6;874;6;688;1;-
2026/04/10;18:24:16;100;-; 56.56; 0.2;-; 75.6; 76.1; 13.6; 12.9; 0.7;1658; 0.3; 0.3; 0.3;14; 21.9;F;1;29;On;On;Off; 29.2; 26.7;0;6;874;6;874;6;688;1;-
2026/04/10;18:25:16;100;-; 56.58; 0.4;-; 76.0; 76.1; 24.2; 23.5; 0.7;1658; 0.3; 0.3; 0.3;14; 21.9;F;1;29;On;On;Off; 29.2; 26.7;0;6;874;6;874;6;688;1;-
2026/04/10;18:26:16;100;-; 56.58; 0.4;-; 76.1; 75.7; 21.2; 20.5; 0.7;1659; 0.3; 0.3; 0.3;15; 21.9;F;1;29;On;On;Off; 29.2; 26.7;0;6;874;6;874;6;688;1;-
2026/04/10;18:27:16;100;-; 56.56; 0.3;-; 75.9; 75.6; 17.4; 16.7; 0.7;1659; 0.3; 0.3; 0.3;15; 21.9;F;1;29;On;On;Off; 29.2; 26.7;0;6;874;6;874;6;688;1;-
2026/04/10;18:28:16;100;-; 56.58; 0.4;-; 76.4; 75.7; 21.2; 20.5; 0.7;1659; 0.3; 0.3; 0.3;15; 21.9;F;1;29;On;On;Off; 29.2; 26.7;0;6;874;6;874;6;688;1;-
2026/04/10;18:29:16;100;-; 56.56; 0.3;-; 76.0; 75.8; 17.4; 16.7; 0.7;1659; 0.3; 0.3; 0.3;14; 21.9;F;1;29;On;On;Off; 29.2; 26.7;0;6;874;6;874;6;688;1;-
2026/04/10;18:30:16;100;-; 56.56; 0.4;-; 75.5; 75.7; 25.0; 24.2; 0.7;1659; 0.3; 0.3; 0.3;14; 21.9;F;1;29;On;On;Off; 29.3; 26.7;0;6;874;6;874;6;688;1;-
2026/04/10;18:31:16;100;-; 56.58; 0.6;-; 74.9; 75.4; 31.8; 31.1; 0.7;1659; 0.3; 0.3; 0.3;15; 21.9;F;1;29;On;On;Off; 29.2; 26.7;0;6;874;6;874;6;688;1;-
2026/04/10;18:32:16;100;-; 56.56; 0.4;-; 75.0; 74.8; 21.2; 20.4; 0.7;1659; 0.3; 0.3; 0.3;14; 21.9;F;1;29;On;On;Off; 29.2; 26.7;0;6;874;6;874;6;688;1;-
2026/04/10;18:33:16;100;-; 56.56; 0.3;-; 74.8; 74.4; 19.7; 19.0; 0.7;1659; 0.3; 0.3; 0.3;14; 21.9;F;1;29;On;On;Off; 29.2; 26.7;0;6;874;6;874;6;688;1;-
2026/04/10;18:34:15;100;-; 56.58; 0.4;-; 74.3; 73.8; 25.0; 24.2; 0.7;1659; 0.3; 0.3; 0.3;14; 21.9;F;1;29;On;On;Off; 29.2; 26.7;0;6;874;6;874;6;688;1;-
2026/04/10;18:35:15;100;-; 56.56; 0.2;-; 74.2; 73.4; 9.8; 9.1; 0.7;1659; 0.3; 0.3; 0.3;14; 22.0;F;1;29;On;On;Off; 29.2; 26.7;0;6;874;6;874;6;688;1;-
2026/04/10;18:36:15;100;-; 56.56; 0.3;-; 74.6; 73.4; 19.7; 19.0; 0.7;1659; 0.3; 0.3; 0.3;15; 22.0;F;1;29;On;On;Off; 29.2; 26.7;0;6;874;6;874;6;688;1;-
2026/04/10;18:37:15;100;-; 56.56; 0.2;-; 75.0; 73.4; 13.6; 12.9; 0.7;1659; 0.3; 0.3; 0.3;15; 22.0;F;1;29;On;On;Off; 29.2; 26.7;0;6;874;6;874;6;688;1;-
2026/04/10;18:38:15;100;-; 56.58; 0.5;-; 73.9; 73.5; 28.0; 27.3; 0.7;1659; 0.3; 0.3; 0.3;16; 21.9;F;1;29;On;On;Off; 29.2; 26.7;0;6;874;6;874;6;688;1;-
2026/04/10;18:39:15;100;-; 56.58; 0.4;-; 74.2; 73.3; 22.7; 22.0; 0.7;1659; 0.3; 0.3; 0.3;15; 22.0;F;1;29;On;On;Off; 29.2; 26.7;0;6;874;6;874;6;688;1;-
2026/04/10;18:40:15;100;-; 56.56; 0.3;-; 74.5; 73.3; 14.4; 13.6; 0.7;1659; 0.3; 0.3; 0.3;14; 22.0;F;1;29;On;On;Off; 29.2; 26.7;0;6;874;6;874;6;688;1;-
2026/04/10;18:41:15;100;-; 56.52; 0.4;-; 73.8; 73.4; 21.2; 20.4; 0.7;1659; 0.3; 0.3; 0.3;15; 22.0;F;1;29;On;On;Off; 29.2; 26.7;0;6;874;6;874;6;688;1;-
2026/04/10;18:42:15;100;-; 56.20; 0.3;-; 73.4; 73.6; 19.6; 19.6; 0.0;1659; 0.2; 0.3; 0.3;13; 22.0;F;1;29;On;On;Off; 29.2; 26.7;0;6;874;6;874;6;688;1;-
2026/04/10;18:43:15;100;-; 55.95; 0.3;-; 73.0; 73.7; 18.7; 18.0; 0.7;1659; 0.3; 0.4; 0.4;14; 22.0;F;1;29;On;On;Off; 29.2; 26.8;0;6;874;6;874;6;688;1;-
2026/04/10;18:44:15;100;-; 55.45; 0.3;-; 72.4; 73.6; 17.8; 17.1; 0.7;1659; 0.2; 0.3; 0.3;11; 22.0;F;1;29;On;On;Off; 29.2; 26.7;0;6;874;6;874;6;688;1;-
2026/04/10;18:45:15;100;-; 55.43; 0.1;-; 73.1; 73.4; 8.2; 0.7; 7.4;1659; 0.2; 0.3; 0.3;12; 22.0;F;1;29;On;On;Off; 27.4; 28.4;0;6;874;6;874;6;688;1;-
2026/04/10;18:46:15;100;-; 55.04; 0.6;-; 71.9; 71.6; 34.0; 13.3; 20.7;1659; 0.2; 0.3; 0.3;12; 22.0;F;1;29;On;On;Off; 27.5; 28.6;0;6;874;6;874;7;689;1;-
2026/04/10;18:47:15;100;-; 55.18; 0.4;-; 72.0; 73.2; 21.4; 13.3; 8.1;1659; 0.5; 0.6; 0.6;24; 22.0;F;1;29;On;On;Off; 29.3; 28.8;0;6;874;6;874;7;689;1;-
2026/04/10;18:48:15;100;-; 54.94; 0.0;-; 73.0; 73.2; 0.7; 0.0; 0.7;1659; 0.4; 0.5; 0.5;20; 22.0;F;1;29;On;On;Off; 28.1; 28.9;0;6;874;6;874;7;689;1;-
2026/04/10;18:49:15;100;-; 54.07; 0.0;-; 73.0; 73.4; 0.7; 0.0; 0.7;1659;-0.1; 0.0; 0.0;-6; 22.0;F;1;29;On;On;Off; 27.3; 26.9;0;6;874;6;874;7;689;1;-
2026/04/10;18:50:14;100;-; 55.06; 0.7;-; 71.7; 71.6; 36.2; 14.8; 21.4;1659; 0.3; 0.4; 0.4;16; 22.0;F;1;29;On;On;Off; 28.8; 27.9;0;6;874;6;874;7;689;1;-
2026/04/10;18:51:14;100;-; 55.31; 0.6;-; 72.3; 72.1; 31.9; 12.6; 19.3;1659; 0.6; 0.6; 0.6;30; 22.0;F;1;29;On;On;Off; 29.4; 28.8;0;6;874;6;874;7;689;1;-
2026/04/10;18:52:14;100;-; 55.14; 0.3;-; 72.9; 71.7; 19.2; 0.0; 19.2;1659; 0.4; 0.5; 0.5;20; 22.0;F;1;29;On;On;Off; 28.0; 29.0;0;6;874;6;874;7;689;1;-
2026/04/10;18:53:14;100;-; 55.04; 0.3;-; 73.0; 71.6; 17.7; 0.0; 17.7;1659; 0.2; 0.3; 0.3;12; 22.0;F;1;29;On;On;Off; 27.5; 28.9;0;6;874;6;874;7;689;1;-
2026/04/10;18:54:14;100;-; 54.53; 0.3;-; 71.2; 72.9; 14.6; 13.9; 0.7;1659; 0.3; 0.4; 0.4;18; 22.0;F;1;29;On;On;Off; 29.3; 28.2;0;6;874;6;874;7;689;1;-
2026/04/10;18:55:14;100;-; 53.99; 0.0;-; 72.4; 72.6; 0.7; 0.0; 0.7;1659; 0.1; 0.2; 0.2;6; 22.0;F;1;29;On;On;Off; 28.7; 27.1;0;6;874;6;874;7;689;1;-
2026/04/10;18:56:14;100;-; 53.93; 0.3;-; 72.4; 70.3; 18.0; 0.7; 17.3;1659; 0.0; 0.2; 0.2;1; 22.0;F;1;29;On;On;Off; 27.3; 28.3;0;6;874;6;874;7;689;1;-
2026/04/10;18:57:14;100;-; 54.01; 0.6;-; 70.5; 70.4; 31.8; 15.2; 16.7;1659; 0.3; 0.4; 0.4;18; 22.0;F;1;29;On;On;Off; 28.9; 28.7;0;6;874;6;874;7;689;1;-
2026/04/10;18:58:14;100;-; 53.85; 0.3;-; 70.3; 72.4; 14.5; 14.5; 0.0;1659; 0.2; 0.3; 0.3;12; 22.0;F;1;29;On;On;Off; 29.2; 27.1;0;6;874;6;874;7;689;1;-
2026/04/10;18:59:14;100;-; 53.72; 0.3;-; 72.0; 70.0; 18.7; 0.7; 18.0;1659;-0.0; 0.1; 0.1;-2; 21.9;F;1;29;On;On;Off; 27.3; 27.4;0;6;874;6;874;7;689;1;-
2026/04/10;19:00:14;100;-; 53.76; 0.6;-; 70.2; 70.1; 31.0; 13.7; 17.3;1659; 0.3; 0.3; 0.3;13; 22.0;F;1;29;On;On;Off; 27.7; 28.5;0;6;874;6;874;7;689;1;-
2026/04/10;19:01:14;100;-; 53.68; 0.3;-; 70.0; 72.2; 14.3; 13.6; 0.7;1659; 0.3; 0.4; 0.4;16; 21.9;F;1;29;On;On;Off; 29.2; 27.3;0;6;874;6;874;7;689;1;-
2026/04/10;19:02:14;100;-; 53.60; 0.0;-; 71.9; 72.0; 1.4; 0.0; 1.4;1659; 0.0; 0.2; 0.2;0; 21.9;F;1;29;On;On;Off; 27.7; 26.8;0;6;874;6;874;7;689;1;-
2026/04/10;19:03:14;100;-; 53.56; 0.3;-; 71.8; 69.9; 15.1; 0.7; 14.4;1659; 0.0; 0.2; 0.2;2; 21.9;F;1;29;On;On;Off; 27.2; 28.4;0;6;874;6;874;7;689;1;-
2026/04/10;19:04:14;100;-; 53.52; 0.2;-; 71.0; 71.9; 9.3; 8.6; 0.7;1659; 0.3; 0.4; 0.4;14; 21.9;F;1;29;On;On;Off; 29.0; 28.2;0;6;874;6;874;7;689;1;-
2026/04/10;19:05:13;100;-; 53.48; 0.0;-; 71.7; 71.8; 0.7; 0.0; 0.7;1659; 0.1; 0.2; 0.2;4; 21.9;F;1;29;On;On;Off; 29.0; 26.9;0;6;874;6;874;7;689;1;-
2026/04/10;19:06:13;100;-; 53.46; 0.3;-; 71.7; 69.7; 14.3; 0.0; 14.3;1659;-0.1; 0.1; 0.1;-2; 21.9;F;1;29;On;On;Off; 27.1; 28.0;0;6;874;6;874;7;689;1;-
2026/04/10;19:07:13;100;-; 53.44; 0.5;-; 69.7; 69.6; 26.5; 12.1; 14.3;1659; 0.2; 0.3; 0.3;10; 21.9;F;1;29;On;On;Off; 28.4; 28.5;0;6;874;6;874;7;689;1;-
2026/04/10;19:08:13;100;-; 53.42; 0.2;-; 69.7; 71.9; 12.1; 11.4; 0.7;1659; 0.1; 0.3; 0.3;7; 21.9;F;1;29;On;On;Off; 29.1; 27.0;0;6;874;6;874;7;689;1;-
2026/04/10;19:09:13;100;-; 53.40; 0.3;-; 71.4; 69.5; 15.0; 0.7; 14.3;1659;-0.1; 0.1; 0.1;-4; 21.9;F;1;29;On;On;Off; 27.2; 26.8;0;6;874;6;874;7;689;1;-
2026/04/10;19:10:13;100;-; 53.38; 0.4;-; 71.0; 69.5; 20.0; 7.2; 12.9;1659; 0.1; 0.3; 0.3;4; 21.9;F;1;29;On;On;Off; 27.1; 28.3;0;6;874;6;874;7;689;1;-
2026/04/10;19:11:13;100;-; 53.34; 0.2;-; 69.6; 71.4; 11.4; 10.7; 0.7;1659; 0.2; 0.4; 0.4;8; 21.9;F;1;29;On;On;Off; 29.0; 27.3;0;7;875;7;875;7;689;1;-
2026/04/10;19:12:13;100;-; 53.34; 0.0;-; 71.2; 71.3; 0.7; 0.0; 0.7;1659;-0.0; 0.2; 0.2;-2; 21.9;F;1;29;On;On;Off; 27.8; 26.7;0;7;875;7;875;7;689;1;-
2026/04/10;19:13:13;100;-; 53.30; 0.1;-; 71.3; 70.6; 7.8; 0.7; 7.2;1659;-0.0; 0.1; 0.1;-1; 21.9;F;1;29;On;On;Off; 27.0; 28.2;0;7;875;7;875;7;689;1;-
2026/04/10;19:14:13;100;-; 53.26; 0.2;-; 69.5; 70.7; 11.4; 10.7; 0.7;1659; 0.1; 0.3; 0.3;5; 21.9;F;1;29;On;On;Off; 28.8; 28.4;0;7;875;7;875;7;689;1;-
2026/04/10;19:15:13;100;-; 53.22; 0.0;-; 70.8; 70.3; 1.4; 0.7; 0.7;1659;-0.0; 0.2; 0.2;0; 21.9;F;1;29;On;On;Off; 29.0; 26.8;0;7;875;7;875;7;689;1;-
2026/04/10;19:16:13;100;-; 53.20; 0.2;-; 70.5; 69.4; 9.2; 0.7; 8.5;1659;-0.1; 0.1; 0.1;-6; 21.9;F;1;29;On;On;Off; 27.0; 27.7;0;7;875;7;875;7;689;1;-
2026/04/10;19:17:13;100;-; 53.14; 0.3;-; 69.3; 69.3; 16.3; 8.5; 7.8;1659;-0.1; 0.2; 0.2;-3; 21.9;F;1;29;On;On;Off; 28.1; 28.3;0;7;875;7;875;7;689;1;-
2026/04/10;19:18:13;100;-; 53.14; 0.2;-; 69.4; 69.9; 8.5; 7.8; 0.7;1659;-0.1; 0.2; 0.2;-3; 21.9;F;1;29;On;On;Off; 28.9; 26.9;0;7;875;7;875;7;689;1;-
2026/04/10;19:19:13;100;-; 53.12; 0.1;-; 70.0; 70.1; 3.6; 0.0; 3.6;1659;-0.1; 0.1; 0.1;-6; 21.9;F;1;29;On;On;Off; 27.2; 26.6;0;7;875;7;875;7;689;1;-
2026/04/10;19:20:12;100;-; 53.06; 0.1;-; 69.8; 69.1; 7.8; 0.7; 7.1;1659;-0.1; 0.1; 0.1;-6; 21.9;F;1;29;On;On;Off; 26.9; 28.2;0;7;875;7;875;7;689;1;-
2026/04/10;19:21:12;99;-; 53.04; 0.1;-; 69.4; 69.4; 7.8; 7.1; 0.7;1659;-0.1; 0.2; 0.2;-7; 21.9;F;1;29;On;On;Off; 28.9; 27.4;0;7;875;7;875;7;689;1;-
2026/04/10;19:22:12;99;-; 53.03; 0.0;-; 69.4; 69.2; 0.7; 0.0; 0.7;1659;-0.2; 0.1; 0.1;-8; 21.9;F;1;29;On;On;Off; 28.0; 26.6;0;7;875;7;875;7;689;1;-
2026/04/10;19:23:12;99;-; 52.99; 0.1;-; 69.4; 69.0; 6.4; 0.0; 6.4;1659;-0.2; 0.1; 0.1;-8; 21.9;F;1;29;On;On;Off; 26.9; 28.0;0;7;875;7;875;7;689;1;-
2026/04/10;19:24:12;99;-; 52.91; 0.2;-; 69.1; 68.9; 11.3; 5.7; 5.7;1659;-0.2; 0.2; 0.2;-9; 21.9;F;1;29;On;On;Off; 28.5; 28.3;0;7;875;7;875;7;689;1;-
2026/04/10;19:25:12;99;-; 52.89; 0.1;-; 69.1; 68.6; 5.7; 5.7; 0.0;1659;-0.2; 0.1; 0.1;-10; 21.8;F;1;29;On;On;Off; 28.9; 26.7;0;7;875;7;875;7;689;1;-
2026/04/10;19:26:12;99;-; 52.91; 0.1;-; 68.8; 68.8; 5.7; 0.0; 5.7;1660;-0.2; 0.1; 0.1;-8; 21.8;F;1;29;On;On;Off; 26.9; 27.2;0;7;875;7;875;7;689;1;-
2026/04/10;19:27:12;99;-; 52.83; 0.2;-; 69.0; 68.7; 10.6; 5.7; 4.9;1660;-0.2; 0.1; 0.1;-10; 21.8;F;1;29;On;On;Off; 27.5; 28.2;0;7;875;7;875;7;689;1;-
2026/04/10;19:28:12;99;-; 52.79; 0.1;-; 68.9; 68.2; 5.6; 4.9; 0.7;1660;-0.2; 0.1; 0.1;-12; 21.8;F;1;29;On;On;Off; 28.8; 26.9;0;7;875;7;875;7;689;1;-
2026/04/10;19:29:12;99;-; 52.81; 0.0;-; 68.1; 67.9; 0.7; 0.0; 0.7;1660;-0.2; 0.1; 0.1;-10; 21.8;F;1;29;On;On;Off; 27.3; 26.5;0;7;875;7;875;7;689;1;-
2026/04/10;19:30:12;99;-; 52.75; 0.1;-; 67.9; 68.7; 5.6; 0.7; 4.9;1660;-0.2; 0.1; 0.1;-10; 21.8;F;1;29;On;On;Off; 26.8; 28.1;0;7;875;7;875;7;689;1;-
2026/04/10;19:31:12;99;-; 52.67; 0.1;-; 68.8; 67.3; 4.9; 4.2; 0.7;1660;-0.3; 0.1; 0.1;-15; 21.8;F;1;29;On;On;Off; 28.7; 27.7;0;7;875;7;875;7;689;1;-
2026/04/10;19:32:12;99;-; 52.67; 0.0;-; 67.7; 67.1; 0.7; 0.0; 0.7;1660;-0.2; 0.1; 0.1;-12; 21.8;F;1;29;On;On;Off; 28.3; 26.6;0;7;875;7;875;7;689;1;-
2026/04/10;19:33:12;99;-; 52.71; 0.0;-; 67.3; 66.8; 0.7; 0.0; 0.7;1660;-0.2; 0.0; 0.0;-7; 21.8;F;1;29;On;On;Off; 26.7; 26.3;0;7;875;7;875;7;689;1;-
2026/04/10;19:34:12;99;-; 52.65; 0.1;-; 68.7; 66.7; 3.5; 3.5; 0.0;1660;-0.2; 0.0; 0.0;-9; 21.8;F;1;29;On;On;Off; 27.9; 26.2;0;7;875;7;875;7;689;1;-
2026/04/10;19:35:11;99;-; 52.63; 0.1;-; 68.7; 66.4; 4.2; 3.5; 0.7;1660;-0.3; 0.1; 0.1;-13; 21.8;F;1;29;On;On;Off; 28.4; 26.2;0;7;875;7;875;7;689;1;-
2026/04/10;19:36:11;99;-; 52.63; 0.0;-; 66.5; 66.1; 0.7; 0.0; 0.7;1660;-0.2; 0.0; 0.0;-10; 21.8;F;1;29;On;On;Off; 26.7; 26.3;0;7;875;7;875;7;689;1;-
2026/04/10;19:37:11;99;-; 52.63; 0.0;-; 66.3; 65.9; 1.4; 0.7; 0.7;1660;-0.2; 0.0; 0.0;-8; 21.8;F;1;29;On;On;Off; 26.5; 25.9;0;7;875;7;875;7;689;1;-
2026/04/10;19:38:11;99;-; 52.65; 0.0;-; 65.9; 65.6; 0.7; 0.0; 0.7;1660;-0.2; 0.0; 0.0;-8; 21.8;F;1;29;On;On;Off; 26.3; 25.8;0;7;875;7;875;7;689;1;-
2026/04/10;19:39:11;99;-; 52.63; 0.0;-; 65.7; 65.3; 0.7; 0.0; 0.7;1660;-0.1; 0.0; 0.0;-7; 21.8;F;1;29;On;On;Off; 26.1; 25.7;0;7;875;7;875;7;689;1;-
2026/04/10;19:40:11;99;-; 52.63; 0.0;-; 65.4; 64.9; 0.7; 0.0; 0.7;1660;-0.2; 0.0; 0.0;-7; 21.8;F;1;29;On;On;Off; 26.0; 25.6;0;7;875;7;875;7;689;1;-
2026/04/10;19:41:11;99;-; 52.63; 0.0;-; 64.9; 64.7; 0.7; 0.0; 0.7;1660;-0.2; 0.0; 0.0;-8; 21.8;F;1;29;On;On;Off; 25.9; 25.5;0;7;875;7;875;7;689;1;-
2026/04/10;19:42:11;99;-; 52.65; 0.0;-; 64.7; 64.4; 1.4; 0.7; 0.7;1660;-0.2; 0.0; 0.0;-8; 21.8;F;1;29;On;On;Off; 25.8; 25.4;0;7;875;7;875;7;689;1;-
2026/04/10;19:43:11;99;-; 52.63; 0.0;-; 64.3; 64.0; 0.7; 0.0; 0.7;1660;-0.2; 0.0; 0.0;-8; 21.8;F;1;29;On;On;Off; 25.7; 25.4;0;7;875;7;875;7;689;1;-
2026/04/10;19:44:11;99;-; 52.63; 0.0;-; 64.0; 63.5; 0.7; 0.0; 0.7;1660;-0.2; 0.0; 0.0;-8; 21.8;F;1;29;On;On;Off; 25.7; 25.3;0;7;875;7;875;7;689;1;-
2026/04/10;19:45:11;99;-; 52.65; 0.0;-; 63.7; 63.1; 0.7; 0.0; 0.7;1660;-0.2; 0.0; 0.0;-7; 21.8;F;1;29;On;On;Off; 25.6; 25.2;0;7;875;7;875;7;689;1;-
2026/04/10;19:46:11;99;-; 52.61; 0.0;-; 63.3; 62.8; 0.7; 0.0; 0.7;1660;-0.1; 0.0; 0.0;-7; 21.8;F;1;29;On;On;Off; 25.5; 25.2;0;7;875;7;875;7;689;1;-
2026/04/10;19:47:11;99;-; 52.61; 0.0;-; 65.7; 62.4; 1.4; 0.7; 0.7;1660;-0.1; 0.0; 0.0;-7; 21.8;F;1;29;On;On;Off; 25.5; 25.1;0;7;875;7;875;7;689;1;-
2026/04/10;19:48:11;99;-; 52.63; 0.0;-; 62.3; 61.8; 0.7; 0.0; 0.7;1660;-0.1; 0.0; 0.0;-7; 21.8;F;1;29;On;On;Off; 25.4; 25.0;0;7;875;7;875;7;689;1;-
2026/04/10;19:49:11;99;-; 52.61; 0.0;-; 61.8; 61.5; 0.7; 0.0; 0.7;1660;-0.2; 0.0; 0.0;-8; 21.8;F;1;29;On;On;Off; 25.4; 24.9;0;7;875;7;875;7;689;1;-
2026/04/10;19:50:10;99;-; 52.59; 0.0;-; 61.2; 61.0; 1.4; 0.7; 0.7;1660;-0.2; 0.0; 0.0;-7; 21.8;F;1;29;On;On;Off; 25.3; 24.9;0;7;875;7;875;7;689;1;-
2026/04/10;19:51:10;99;-; 52.59; 0.0;-; 61.0; 60.4; 0.7; 0.0; 0.7;1660;-0.1; 0.0; 0.0;-7; 21.8;F;1;29;On;On;Off; 25.3; 24.9;0;7;875;7;875;7;689;1;-
2026/04/10;19:52:10;99;-; 52.59; 0.0;-; 60.4; 59.8; 1.4; 0.7; 0.7;1660;-0.1; 0.0; 0.0;-7; 21.8;F;1;29;On;On;Off; 25.2; 24.8;0;7;875;7;875;7;689;1;-
2026/04/10;19:53:10;99;-; 52.61; 0.0;-; 59.7; 59.3; 1.4; 0.7; 0.7;1660;-0.2; 0.0; 0.0;-8; 21.8;F;1;29;On;On;Off; 25.1; 24.7;0;7;875;7;875;7;689;1;-
2026/04/10;19:54:10;99;-; 52.59; 0.0;-; 59.1; 58.6; 1.4; 0.7; 0.7;1660;-0.2; 0.0; 0.0;-8; 21.8;F;1;29;On;On;Off; 25.1; 24.7;0;7;875;7;875;7;689;1;-
2026/04/10;19:55:10;99;-; 52.59; 0.0;-; 58.5; 57.7; 0.7; 0.0; 0.7;1660;-0.2; 0.0; 0.0;-8; 21.8;F;1;29;On;On;Off; 25.0; 24.6;0;7;875;7;875;7;689;1;-
2026/04/10;19:56:10;99;-; 52.57; 0.0;-; 57.6; 57.5; 0.7; 0.7;-;1660;-0.2; 0.0; 0.0;-8; 21.8;F;1;29;On;On;Off; 25.0; 24.6;0;7;875;7;875;7;689;1;-
2026/04/10;19:57:10;99;-; 52.59; 0.0;-; 57.3; 56.9; 0.0;-;-;1660;-0.2; 0.0; 0.0;-8; 21.8;F;1;29;On;On;Off; 24.9; 24.6;0;7;875;7;875;7;689;0;-
2026/04/10;19:58:10;99;-; 52.59; 0.0;-; 56.6; 56.0; 0.0;-;-;1660;-0.1; 0.0; 0.0;-7; 21.8;F;1;29;On;On;Off; 24.9; 24.5;0;7;875;7;875;7;689;0;-
2026/04/10;19:59:10;99;-; 52.59; 0.0;-; 55.8; 55.3; 0.0;-;-;1660;-0.1; 0.0; 0.0;-7; 21.8;F;1;29;On;On;Off; 24.8; 24.4;0;7;875;7;875;7;689;0;-
2026/04/10;20:00:10;99;-; 52.59; 0.0;-; 55.0; 54.3; 0.0;-;-;1660;-0.1; 0.0; 0.0;-6; 21.8;F;1;29;On;On;Off; 24.7; 24.4;0;7;875;7;875;7;689;0;-
2026/04/10;20:01:10;99;-; 52.57; 0.0;-; 54.1; 53.4; 0.0;-;-;1660;-0.1; 0.0; 0.0;-7; 21.8;F;1;29;On;On;Off; 24.6; 24.3;0;7;875;7;875;7;689;0;-
2026/04/10;20:02:10;99;-; 52.59; 0.0;-; 53.3; 52.6; 0.0;-;-;1660;-0.2; 0.0; 0.0;-7; 21.9;F;1;29;On;On;Off; 24.6; 24.3;0;7;875;7;875;7;689;0;-
2026/04/10;20:03:10;99;-; 52.59; 0.0;-; 52.4; 51.6; 0.0;-;-;1660;-0.1; 0.0; 0.0;-7; 21.9;F;1;29;On;On;Off; 24.5; 24.2;0;7;875;7;875;7;689;0;-
2026/04/10;20:04:10;99;-; 52.59; 0.0;-; 51.5; 50.6; 0.0;-;-;1660;-0.2; 0.0; 0.0;-7; 21.8;F;1;29;On;On;Off; 24.5; 24.2;0;7;875;7;875;7;689;0;-
2026/04/10;20:05:10;99;-; 52.59; 0.0;-; 50.6; 49.7; 0.0;-;-;1660;-0.1; 0.0; 0.0;-7; 21.9;F;1;29;On;On;Off; 24.4; 24.1;0;7;875;7;875;7;689;0;-
2026/04/10;20:06:09;99;-; 52.57; 0.0;-; 49.5; 48.3; 0.0;-;-;1660;-0.2; 0.0; 0.0;-7; 21.9;F;1;29;On;On;Off; 24.4; 24.1;0;7;875;7;875;7;689;0;-
2026/04/10;20:07:09;99;-; 52.59; 0.0;-; 48.5; 47.5; 0.0;-;-;1660;-0.2; 0.0; 0.0;-7; 21.8;F;1;29;On;On;Off; 24.3; 24.0;0;7;875;7;875;7;689;0;-
2026/04/10;20:08:09;99;-; 52.57; 0.0;-; 47.5; 46.3; 0.0;-;-;1660;-0.2; 0.0; 0.0;-7; 21.8;F;1;29;On;On;Off; 24.3; 24.0;0;7;875;7;875;7;689;0;-
2026/04/10;20:09:09;99;-; 52.59; 0.0;-; 46.4; 45.1; 0.0;-;-;1660;-0.1; 0.0; 0.0;-7; 21.8;F;1;29;On;On;Off; 24.3; 24.0;0;7;875;7;875;7;689;0;-
2026/04/10;20:10:09;99;-; 52.59; 0.0;-; 45.2; 43.9; 0.0;-;-;1660;-0.1; 0.0; 0.0;-7; 21.9;F;1;29;On;On;Off; 24.2; 23.9;0;7;875;7;875;7;689;0;-
2026/04/10;20:11:09;99;-; 52.59; 0.0;-; 44.0; 42.8; 0.0;-;-;1660;-0.2; 0.0; 0.0;-7; 21.9;F;1;29;On;On;Off; 24.2; 23.9;0;7;875;7;875;7;689;0;-
2026/04/10;20:12:09;99;-; 52.59; 0.0;-; 42.9; 41.5; 0.0;-;-;1660;-0.2; 0.0; 0.0;-7; 21.8;F;1;29;On;On;Off; 24.1; 23.8;0;7;875;7;875;7;689;0;-
2026/04/10;20:13:09;99;-; 52.57; 0.0;-; 41.6; 40.3; 0.0;-;-;1660;-0.1; 0.0; 0.0;-7; 21.8;F;1;29;On;On;Off; 24.1; 23.8;0;7;875;7;875;7;689;0;-
2026/04/10;20:14:09;99;-; 52.57; 0.0;-; 40.4; 39.0; 0.0;-;-;1660;-0.1; 0.0; 0.0;-7; 21.9;F;1;29;On;On;Off; 24.0; 23.8;0;7;875;7;875;7;689;0;-
2026/04/10;20:15:09;99;-; 52.57; 0.0;-; 39.1; 37.8; 0.0;-;-;1660;-0.2; 0.0; 0.0;-7; 21.8;F;1;29;On;On;Off; 24.0; 23.8;0;7;875;7;875;7;689;0;-
2026/04/10;20:16:09;99;-; 52.57; 0.0;-; 37.7; 36.5; 0.0;-;-;1660;-0.2; 0.0; 0.0;-7; 21.8;F;1;29;On;On;Off; 24.0; 23.7;0;7;875;7;875;7;689;0;-
2026/04/10;20:17:09;99;-; 52.57; 0.0;-; 36.4; 35.1; 0.0;-;-;1660;-0.2; 0.0; 0.0;-7; 21.8;F;1;29;On;On;Off; 24.0; 23.7;0;7;875;7;875;7;689;0;-
2026/04/10;20:18:09;99;-; 52.57; 0.0;-; 34.8; 33.8; 0.0;-;-;1660;-0.1; 0.0; 0.0;-7; 21.8;F;1;29;On;On;Off; 23.9; 23.6;0;7;875;7;875;7;689;0;-
2026/04/10;20:19:09;99;-; 52.57; 0.0;-; 33.7; 32.5; 0.0;-;-;1660;-0.1; 0.0; 0.0;-7; 21.8;F;1;29;On;On;Off; 23.9; 23.6;0;7;875;7;875;7;689;0;-
2026/04/10;20:20:09;99;-; 52.55; 0.0;-; 32.2; 31.3; 0.0;-;-;1660;-0.1; 0.0; 0.0;-7; 21.8;F;1;29;On;On;Off; 23.9; 23.6;0;7;875;7;875;7;689;0;-
2026/04/10;20:21:08;99;-; 52.57; 0.0;-; 31.1; 30.2; 0.0;-;-;1660;-0.1; 0.0; 0.0;-7; 21.8;F;1;29;On;On;Off; 23.8; 23.5;0;7;875;7;875;7;689;0;-
2026/04/10;20:22:08;99;-; 52.57; 0.0;-; 29.6; 28.9; 0.0;-;-;1660;-0.1; 0.0; 0.0;-7; 21.8;F;1;29;On;On;Off; 23.8; 23.5;0;7;875;7;875;7;689;0;-
2026/04/10;20:23:08;99;-; 52.57; 0.0;-; 28.4; 27.7; 0.0;-;-;1660;-0.1; 0.0; 0.0;-7; 21.8;F;1;29;On;On;Off; 23.8; 23.5;0;7;875;7;875;7;689;0;-
2026/04/10;20:24:08;99;-; 52.57; 0.0;-; 27.2; 26.5; 0.0;-;-;1660;-0.1; 0.0; 0.0;-7; 21.8;F;1;29;On;On;Off; 23.8; 23.5;0;7;875;7;875;7;689;0;-
2026/04/10;20:25:08;99;-; 52.57; 0.0;-; 25.9; 25.4; 0.0;-;-;1660;-0.1; 0.0; 0.0;-7; 21.8;F;1;29;On;On;Off; 23.7; 23.5;0;7;875;7;875;7;689;0;-
2026/04/10;20:26:08;99;-; 52.57; 0.0;-; 24.8; 24.4; 0.0;-;-;1661;-0.2; 0.0; 0.0;-7; 21.8;F;1;29;On;On;Off; 23.7; 23.4;0;7;875;7;875;7;689;0;-
2026/04/10;20:27:08;99;-; 52.57; 0.0;-; 23.7; 23.3; 0.0;-;-;1661;-0.1; 0.0; 0.0;-7; 21.8;F;1;29;On;On;Off; 23.7; 23.4;0;7;875;7;875;7;689;0;-
2026/04/10;20:28:08;99;-; 52.57; 0.0;-; 22.7; 22.1; 0.0;-;-;1661;-0.2; 0.0; 0.0;-7; 21.8;F;1;29;On;On;Off; 23.7; 23.4;0;7;875;7;875;7;689;0;-
2026/04/10;20:29:08;99;-; 52.55; 0.0;-; 28.4; 24.7; 0.0;-;-;1661;-0.1; 0.0; 0.0;-7; 21.8;F;1;29;On;On;Off; 23.6; 23.4;0;7;875;7;875;7;689;0;-
2026/04/10;20:30:08;99;-; 52.55; 0.0;-; 20.4; 20.3; 0.0;-;-;1661;-0.1; 0.0; 0.0;-7; 21.8;F;1;29;On;On;Off; 23.6; 23.3;0;7;875;7;875;7;689;0;-
2026/04/10;20:31:08;99;-; 52.53; 0.0;-; 19.6; 19.4; 0.0;-;-;1661;-0.2; 0.0; 0.0;-7; 21.8;F;1;29;On;On;Off; 23.6; 23.3;0;7;875;7;875;7;689;0;-
2026/04/10;20:32:08;99;-; 52.55; 0.0;-; 18.7; 18.7; 0.0;-;-;1661;-0.1; 0.0; 0.0;-7; 21.8;F;1;29;On;On;Off; 23.6; 23.3;0;7;875;7;875;7;689;0;-
2026/04/10;20:33:08;99;-; 52.55; 0.0;-; 17.8; 17.8; 0.0;-;-;1661;-0.2; 0.0; 0.0;-7; 21.8;F;1;29;On;On;Off; 23.5; 23.3;0;7;875;7;875;7;689;0;-
2026/04/10;20:34:08;99;-; 52.55; 0.0;-; 17.0; 17.1; 0.0;-;-;1661;-0.1; 0.0; 0.0;-7; 21.8;F;1;29;On;On;Off; 23.5; 23.3;0;7;875;7;875;7;689;0;-
2026/04/10;20:35:08;99;-; 52.55; 0.0;-; 16.3; 16.5; 0.0;-;-;1661;-0.1; 0.0; 0.0;-7; 21.8;F;1;29;On;On;Off; 23.5; 23.2;0;7;875;7;875;7;689;0;-
2026/04/10;20:36:08;99;-; 52.55; 0.0;-; 15.7; 15.9; 0.0;-;-;1661;-0.2; 0.0; 0.0;-8; 21.8;F;1;29;On;On;Off; 23.5; 23.2;0;7;875;7;875;7;689;0;-
2026/04/10;20:37:07;99;-; 52.55; 0.0;-; 14.8; 15.2; 0.0;-;-;1661;-0.2; 0.0; 0.0;-8; 21.8;F;1;29;On;On;Off; 23.5; 23.2;0;7;875;7;875;7;689;0;-
2026/04/10;20:38:07;99;-; 52.55; 0.0;-; 14.2; 14.8; 0.0;-;-;1661;-0.2; 0.0; 0.0;-8; 21.8;F;1;29;On;On;Off; 23.5; 23.2;0;7;875;7;875;7;689;0;-
2026/04/10;20:39:07;99;-; 52.55; 0.0;-; 13.8; 14.3; 0.0;-;-;1661;-0.2; 0.0; 0.0;-8; 21.8;F;1;29;On;On;Off; 23.4; 23.2;0;7;875;7;875;7;689;0;-
2026/04/10;20:40:07;99;-; 52.55; 0.0;-; 13.3; 13.9; 0.0;-;-;1661;-0.2; 0.0; 0.0;-7; 21.8;F;1;29;On;On;Off; 23.4; 23.1;0;7;875;7;875;7;689;0;-
2026/04/10;20:41:07;99;-; 52.55; 0.0;-; 12.7; 13.5; 0.0;-;-;1661;-0.1; 0.0; 0.0;-7; 21.8;F;1;29;On;On;Off; 23.4; 23.1;0;7;875;7;875;7;689;0;-
2026/04/10;20:42:07;99;-; 52.55; 0.0;-; 12.5; 13.2; 0.0;-;-;1661;-0.1; 0.0; 0.0;-7; 21.7;F;1;29;On;On;Off; 23.4; 23.1;0;7;875;7;875;7;689;0;-
2026/04/10;20:43:07;99;-; 52.55; 0.0;-; 11.9; 10.7; 0.0;-;-;1661;-0.1; 0.0; 0.0;-7; 21.7;F;1;29;On;On;Off; 23.4; 23.1;0;7;875;7;875;7;689;0;-
2026/04/10;20:44:07;99;-; 52.55; 0.0;-; 11.5; 10.2; 0.0;-;-;1661;-0.2; 0.0; 0.0;-7; 21.7;F;1;29;On;On;Off; 23.4; 23.1;0;7;875;7;875;7;689;0;-
2026/04/10;20:45:07;99;-; 52.53; 0.0;-; 11.0; 9.4; 0.0;-;-;1661;-0.1; 0.0; 0.0;-7; 21.7;F;1;29;On;On;Off; 23.3; 23.0;0;7;875;7;875;7;689;0;-
2026/04/10;20:46:07;99;-; 52.53; 0.0;-; 10.7; 9.1; 0.0;-;-;1661;-0.2; 0.0; 0.0;-8; 21.7;F;1;29;On;On;Off; 23.3; 23.0;0;7;875;7;875;7;689;0;-
2026/04/10;20:47:07;99;-; 52.53; 0.0;-; 10.5; 8.8; 0.0;-;-;1661;-0.2; 0.0; 0.0;-8; 21.7;F;1;29;On;On;Off; 23.3; 23.0;0;7;875;7;875;7;689;0;-
2026/04/10;20:48:07;99;-; 52.51; 0.0;-; 10.2; 8.6; 0.0;-;-;1661;-0.2; 0.0; 0.0;-8; 21.7;F;1;29;On;On;Off; 23.3; 23.0;0;7;875;7;875;7;689;0;-
2026/04/10;20:49:07;99;-; 52.53; 0.0;-; 10.1; 8.4; 0.0;-;-;1661;-0.2; 0.0; 0.0;-8; 21.7;F;1;29;On;On;Off; 23.3; 23.0;0;7;875;7;875;7;689;0;-
2026/04/10;20:50:07;99;-; 52.53; 0.0;-; 9.8; 8.1; 0.0;-;-;1661;-0.2; 0.0; 0.0;-7; 21.7;F;1;29;On;On;Off; 23.3; 23.0;0;7;875;7;875;7;689;0;-
2026/04/10;20:51:07;99;-; 52.53; 0.0;-; 9.7; 8.1; 0.0;-;-;1661;-0.2; 0.0; 0.0;-8; 21.7;F;1;29;On;On;Off; 23.3; 23.0;0;7;875;7;875;7;689;0;-
2026/04/10;20:52:06;99;-; 52.53; 0.0;-; 9.5; 8.0; 0.0;-;-;1661;-0.1; 0.0; 0.0;-7; 21.7;F;1;29;On;On;Off; 23.2; 23.0;0;7;875;7;875;7;689;0;-
2026/04/10;20:53:06;99;-; 52.51; 0.0;-; 9.4; 7.6; 0.0;-;-;1661;-0.1; 0.0; 0.0;-7; 21.7;F;1;29;On;On;Off; 23.2; 23.0;0;7;875;7;875;7;689;0;-
2026/04/10;20:54:06;99;-; 52.51; 0.0;-; 9.1; 7.5; 0.0;-;-;1661;-0.2; 0.0; 0.0;-7; 21.7;F;1;29;On;On;Off; 23.2; 22.9;0;7;875;7;875;7;689;0;-
2026/04/10;20:55:06;99;-; 52.53; 0.0;-; 9.1; 7.4; 0.0;-;-;1661;-0.2; 0.0; 0.0;-7; 21.7;F;1;29;On;On;Off; 23.2; 22.9;0;7;875;7;875;7;689;0;-
2026/04/10;20:56:06;99;-; 52.53; 0.0;-; 8.9; 7.4; 0.0;-;-;1661;-0.1; 0.0; 0.0;-7; 21.7;F;1;29;On;On;Off; 23.2; 22.9;0;7;875;7;875;7;689;0;-
2026/04/10;20:57:06;99;-; 52.53; 0.0;-; 8.9; 7.4; 0.0;-;-;1661;-0.1; 0.0; 0.0;-7; 21.7;F;1;29;On;On;Off; 23.2; 22.9;0;7;875;7;875;7;689;0;-
2026/04/10;20:58:06;99;-; 52.51; 0.0;-; 8.7; 7.2; 0.0;-;-;1661;-0.1; 0.0; 0.0;-7; 21.7;F;1;29;On;On;Off; 23.2; 22.9;0;7;875;7;875;7;689;0;-
2026/04/10;20:59:06;99;-; 52.51; 0.0;-; 8.7; 7.0; 0.0;-;-;1661;-0.1; 0.0; 0.0;-7; 21.7;F;1;29;On;On;Off; 23.2; 22.9;0;7;875;7;875;7;689;0;-
2026/04/10;21:00:06;99;-; 52.51; 0.0;-; 8.6; 7.0; 0.0;-;-;1661;-0.2; 0.0; 0.0;-8; 21.7;F;1;29;On;On;Off; 23.1; 22.9;0;7;875;7;875;7;689;0;-
2026/04/10;21:01:06;99;-; 52.51; 0.0;-; 8.5; 7.0; 0.0;-;-;1661;-0.2; 0.0; 0.0;-7; 21.7;F;1;29;On;On;Off; 23.1; 22.9;0;7;875;7;875;7;689;0;-
2026/04/10;21:02:06;99;-; 52.51; 0.0;-; 8.4; 6.8; 0.0;-;-;1661;-0.1; 0.0; 0.0;-7; 21.7;F;1;29;On;On;Off; 23.1; 22.9;0;7;875;7;875;7;689;0;-
2026/04/10;21:03:06;99;-; 52.51; 0.0;-; 8.5; 6.8; 0.0;-;-;1661;-0.2; 0.0; 0.0;-7; 21.7;F;1;29;On;On;Off; 23.1; 22.8;0;7;875;7;875;7;689;0;-
2026/04/10;21:04:06;99;-; 52.51; 0.0;-; 8.4; 6.8; 0.0;-;-;1661;-0.1; 0.0; 0.0;-7; 21.7;F;1;29;On;On;Off; 23.1; 22.8;0;7;875;7;875;7;689;0;-
2026/04/10;21:05:06;99;-; 52.51; 0.0;-; 8.3; 6.8; 0.0;-;-;1661;-0.1; 0.0; 0.0;-7; 21.7;F;1;29;On;On;Off; 23.1; 22.8;0;7;875;7;875;7;689;0;-
2026/04/10;21:06:06;99;-; 52.51; 0.0;-; 8.3; 6.7; 0.0;-;-;1661;-0.1; 0.0; 0.0;-7; 21.7;F;1;29;On;On;Off; 23.1; 22.8;0;7;875;7;875;7;689;0;-
2026/04/10;21:07:06;99;-; 52.51; 0.0;-; 8.2; 6.8; 0.0;-;-;1661;-0.1; 0.0; 0.0;-7; 21.7;F;1;29;On;On;Off; 23.1; 22.8;0;7;875;7;875;7;689;0;-
2026/04/10;21:08:05;99;-; 52.51; 0.0;-; 8.2; 6.7; 0.0;-;-;1661;-0.2; 0.0; 0.0;-7; 21.6;F;1;29;On;On;Off; 23.1; 22.8;0;7;875;7;875;7;689;0;-
2026/04/10;21:09:05;99;-; 52.51; 0.0;-; 8.1; 6.6; 0.0;-;-;1661;-0.2; 0.0; 0.0;-7; 21.7;F;1;29;On;On;Off; 23.1; 22.8;0;7;875;7;875;7;689;0;-
2026/04/10;21:10:05;98;-; 52.51; 0.0;-; 8.1; 6.6; 0.0;-;-;1661;-0.1; 0.0; 0.0;-7; 21.6;F;1;29;On;On;Off; 23.0; 22.8;0;7;875;7;875;7;689;0;-
2026/04/10;21:11:05;98;-; 52.51; 0.0;-; 8.1; 6.5; 0.0;-;-;1661;-0.1; 0.0; 0.0;-7; 21.6;F;1;29;On;On;Off; 23.0; 22.8;0;7;875;7;875;7;689;0;-
2026/04/10;21:12:05;98;-; 52.49; 0.0;-; 8.0; 6.5; 0.0;-;-;1661;-0.1; 0.0; 0.0;-7; 21.6;F;1;29;On;On;Off; 23.0; 22.8;0;7;875;7;875;7;689;0;-
2026/04/10;21:13:05;98;-; 52.49; 0.0;-; 8.1; 6.5; 0.0;-;-;1661;-0.1; 0.0; 0.0;-7; 21.6;F;1;29;On;On;Off; 23.0; 22.7;0;7;875;7;875;7;689;0;-
2026/04/10;21:14:05;98;-; 52.49; 0.0;-; 7.9; 6.5; 0.0;-;-;1661;-0.2; 0.0; 0.0;-8; 21.6;F;1;29;On;On;Off; 23.0; 22.7;0;7;875;7;875;7;689;0;-
2026/04/10;21:15:05;98;-; 52.49; 0.0;-; 8.1; 6.5; 0.0;-;-;1661;-0.2; 0.0; 0.0;-7; 21.6;F;1;29;On;On;Off; 23.0; 22.7;0;7;875;7;875;7;689;0;-
2026/04/10;21:16:05;98;-; 52.49; 0.0;-; 7.9; 6.5; 0.0;-;-;1661;-0.1; 0.0; 0.0;-7; 21.6;F;1;29;On;On;Off; 23.0; 22.7;0;7;875;7;875;7;689;0;-
2026/04/10;21:17:05;98;-; 52.49; 0.0;-; 7.9; 6.5; 0.0;-;-;1661;-0.1; 0.0; 0.0;-7; 21.6;F;1;29;On;On;Off; 23.0; 22.7;0;7;875;7;875;7;689;0;-
2026/04/10;21:18:05;98;-; 52.49; 0.0;-; 7.9; 6.4; 0.0;-;-;1661;-0.1; 0.0; 0.0;-7; 21.6;F;1;29;On;On;Off; 23.0; 22.7;0;7;875;7;875;7;689;0;-
2026/04/10;21:19:05;98;-; 52.49; 0.0;-; 7.9; 6.4; 0.0;-;-;1661;-0.1; 0.0; 0.0;-7; 21.6;F;1;29;On;On;Off; 23.0; 22.7;0;7;875;7;875;7;689;0;-
2026/04/10;21:20:05;98;-; 52.49; 0.0;-; 7.9; 6.5; 0.0;-;-;1661;-0.2; 0.0; 0.0;-7; 21.6;F;1;29;On;On;Off; 23.0; 22.7;0;7;875;7;875;7;689;0;-
2026/04/10;21:21:05;98;-; 52.49; 0.0;-; 7.9; 6.5; 0.0;-;-;1661;-0.2; 0.0; 0.0;-7; 21.6;F;1;29;On;On;Off; 22.9; 22.7;0;7;875;7;875;7;689;0;-
2026/04/10;21:22:05;98;-; 52.49; 0.0;-; 7.9; 6.5; 0.0;-;-;1661;-0.1; 0.0; 0.0;-7; 21.6;F;1;29;On;On;Off; 22.9; 22.7;0;7;875;7;875;7;689;0;-
2026/04/10;21:23:05;98;-; 52.49; 0.0;-; 8.0; 6.4; 0.0;-;-;1661;-0.1; 0.0; 0.0;-7; 21.6;F;1;29;On;On;Off; 22.9; 22.7;0;7;875;7;875;7;689;0;-
2026/04/10;21:24:04;98;-; 52.49; 0.0;-; 7.8; 6.3; 0.0;-;-;1661;-0.1; 0.0; 0.0;-7; 21.6;F;1;29;On;On;Off; 22.9; 22.7;0;7;875;7;875;7;689;0;-
2026/04/10;21:25:04;98;-; 52.49; 0.0;-; 7.8; 6.4; 0.0;-;-;1661;-0.1; 0.0; 0.0;-7; 21.6;F;1;29;On;On;Off; 22.9; 22.6;0;7;875;7;875;7;689;0;-
2026/04/10;21:26:04;98;-; 52.47; 0.0;-; 7.9; 6.3; 0.0;-;-;1662;-0.1; 0.0; 0.0;-7; 21.6;F;1;29;On;On;Off; 22.9; 22.6;0;7;875;7;875;7;689;0;-
2026/04/10;21:27:04;98;-; 52.49; 0.0;-; 7.9; 6.3; 0.0;-;-;1662;-0.1; 0.0; 0.0;-7; 21.6;F;1;29;On;On;Off; 22.9; 22.6;0;7;875;7;875;7;689;0;-
2026/04/10;21:28:04;98;-; 52.47; 0.0;-; 7.9; 6.3; 0.0;-;-;1662;-0.1; 0.0; 0.0;-7; 21.6;F;1;29;On;On;Off; 22.9; 22.6;0;7;875;7;875;7;689;0;-
2026/04/10;21:29:04;98;-; 52.47; 0.0;-; 7.9; 6.3; 0.0;-;-;1662;-0.1; 0.0; 0.0;-7; 21.6;F;1;29;On;On;Off; 22.9; 22.6;0;7;875;7;875;7;689;0;-
2026/04/10;21:30:04;98;-; 52.47; 0.0;-; 7.8; 6.4; 0.0;-;-;1662;-0.1; 0.0; 0.0;-7; 21.6;F;1;29;On;On;Off; 22.9; 22.6;0;7;875;7;875;7;689;0;-
2026/04/10;21:31:04;98;-; 52.47; 0.0;-; 7.8; 6.2; 0.0;-;-;1662;-0.1; 0.0; 0.0;-7; 21.6;F;1;29;On;On;Off; 22.9; 22.6;0;7;875;7;875;7;689;0;-
2026/04/10;21:32:04;98;-; 52.47; 0.0;-; 7.7; 6.3; 0.0;-;-;1662;-0.2; 0.0; 0.0;-7; 21.6;F;1;29;On;On;Off; 22.9; 22.6;0;7;875;7;875;7;689;0;-
2026/04/10;21:33:04;98;-; 52.45; 0.0;-; 7.7; 6.0; 0.0;-;-;1662;-0.1; 0.0; 0.0;-7; 21.6;F;1;29;On;On;Off; 22.9; 22.6;0;7;875;7;875;7;689;0;-
2026/04/10;21:34:04;98;-; 52.47; 0.0;-; 8.0; 6.3; 0.0;-;-;1662;-0.1; 0.0; 0.0;-7; 21.6;F;1;29;On;On;Off; 22.9; 22.6;0;7;875;7;875;7;689;0;-
2026/04/10;21:35:04;98;-; 52.47; 0.0;-; 7.9; 6.2; 0.0;-;-;1662;-0.1; 0.0; 0.0;-7; 21.6;F;1;29;On;On;Off; 22.9; 22.6;0;7;875;7;875;7;689;0;-
2026/04/10;21:36:04;98;-; 52.47; 0.0;-; 7.9; 6.3; 0.0;-;-;1662;-0.1; 0.0; 0.0;-7; 21.7;F;1;29;On;On;Off; 22.9; 22.6;0;7;875;7;875;7;689;0;-
2026/04/10;21:37:04;98;-; 52.45; 0.0;-; 7.9; 6.1; 0.0;-;-;1662;-0.1; 0.0; 0.0;-7; 21.6;F;1;29;On;On;Off; 22.9; 22.6;0;7;875;7;875;7;689;0;-
2026/04/10;21:38:04;98;-; 52.47; 0.0;-; 7.8; 6.2; 0.0;-;-;1662;-0.1; 0.0; 0.0;-7; 21.6;F;1;29;On;On;Off; 22.9; 22.6;0;7;875;7;875;7;689;0;-
2026/04/10;21:39:03;98;-; 52.47; 0.0;-; 7.9; 6.4; 0.0;-;-;1662;-0.2; 0.0; 0.0;-7; 21.7;F;1;29;On;On;Off; 22.9; 22.6;0;7;875;7;875;7;689;0;-
2026/04/10;21:40:03;98;-; 52.47; 0.0;-; 7.8; 6.3; 0.0;-;-;1662;-0.1; 0.0; 0.0;-7; 21.7;F;1;29;On;On;Off; 22.9; 22.6;0;7;875;7;875;7;689;0;-
2026/04/10;21:41:03;98;-; 52.47; 0.0;-; 7.9; 6.1; 0.0;-;-;1662;-0.1; 0.0; 0.0;-7; 21.7;F;1;29;On;On;Off; 22.9; 22.6;0;7;875;7;875;7;689;0;-
2026/04/10;21:42:03;98;-; 52.45; 0.0;-; 7.8; 6.2; 0.0;-;-;1662;-0.2; 0.0; 0.0;-7; 21.7;F;1;29;On;On;Off; 22.9; 22.6;0;7;875;7;875;7;689;0;-
2026/04/10;21:43:03;98;-; 52.47; 0.0;-; 7.9; 6.3; 0.0;-;-;1662;-0.1; 0.0; 0.0;-7; 21.7;F;1;29;On;On;Off; 22.9; 22.6;0;7;875;7;875;7;689;0;-
2026/04/10;21:44:03;98;-; 52.47; 0.0;-; 7.8; 6.3; 0.0;-;-;1662;-0.2; 0.0; 0.0;-7; 21.7;F;1;29;On;On;Off; 22.9; 22.6;0;7;875;7;875;7;689;0;-
2026/04/10;21:45:03;98;-; 52.47; 0.0;-; 7.9; 6.3; 0.0;-;-;1662;-0.1; 0.0; 0.0;-7; 21.7;F;1;29;On;On;Off; 22.9; 22.6;0;7;875;7;875;7;689;0;-
2026/04/10;21:46:03;98;-; 52.45; 0.0;-; 7.8; 6.3; 0.0;-;-;1662;-0.2; 0.0; 0.0;-8; 21.7;F;1;29;On;On;Off; 22.9; 22.6;0;7;875;7;875;7;689;0;-
2026/04/10;21:47:03;98;-; 52.45; 0.0;-; 7.8; 6.3; 0.0;-;-;1662;-0.2; 0.0; 0.0;-8; 21.7;F;1;29;On;On;Off; 22.9; 22.6;0;7;875;7;875;7;689;0;-
2026/04/10;21:48:03;98;-; 52.45; 0.0;-; 7.9; 6.3; 0.0;-;-;1662;-0.2; 0.0; 0.0;-8; 21.7;F;1;29;On;On;Off; 22.9; 22.6;0;7;875;7;875;7;689;0;-
2026/04/10;21:49:03;98;-; 52.43; 0.0;-; 7.8; 6.4; 0.0;-;-;1662;-0.2; 0.0; 0.0;-8; 21.7;F;1;29;On;On;Off; 22.9; 22.6;0;7;875;7;875;7;689;0;-
2026/04/10;21:50:03;98;-; 52.45; 0.0;-; 7.7; 6.1; 0.0;-;-;1662;-0.2; 0.0; 0.0;-8; 21.7;F;1;29;On;On;Off; 22.9; 22.6;0;7;875;7;875;7;689;0;-
2026/04/10;21:51:03;98;-; 52.45; 0.0;-; 7.8; 6.2; 0.0;-;-;1662;-0.2; 0.0; 0.0;-8; 21.7;F;1;29;On;On;Off; 22.9; 22.6;0;7;875;7;875;7;689;0;-
2026/04/10;21:52:03;98;-; 52.43; 0.0;-; 7.7; 6.1; 0.0;-;-;1662;-0.2; 0.0; 0.0;-7; 21.7;F;1;29;On;On;Off; 22.9; 22.6;0;7;875;7;875;7;689;0;-
2026/04/10;21:53:03;98;-; 52.45; 0.0;-; 7.7; 6.1; 0.0;-;-;1662;-0.2; 0.0; 0.0;-7; 21.7;F;1;29;On;On;Off; 22.9; 22.6;0;7;875;7;875;7;689;0;-
2026/04/10;21:54:03;98;-; 52.45; 0.0;-; 7.8; 6.2; 0.0;-;-;1662;-0.2; 0.0; 0.0;-7; 21.7;F;1;29;On;On;Off; 22.9; 22.6;0;7;875;7;875;7;689;0;-
2026/04/10;21:55:02;98;-; 52.43; 0.0;-; 7.8; 6.2; 0.0;-;-;1662;-0.2; 0.0; 0.0;-7; 21.7;F;1;29;On;On;Off; 22.9; 22.6;0;7;875;7;875;7;689;0;-
2026/04/10;21:56:02;98;-; 52.45; 0.0;-; 7.7; 6.2; 0.0;-;-;1662;-0.1; 0.0; 0.0;-7; 21.7;F;1;29;On;On;Off; 22.9; 22.6;0;7;875;7;875;7;689;0;-
2026/04/10;21:57:02;98;-; 52.45; 0.0;-; 7.7; 6.1; 0.0;-;-;1662;-0.1; 0.0; 0.0;-6; 21.8;F;1;29;On;On;Off; 22.9; 22.6;0;7;875;7;875;7;689;0;-
2026/04/10;21:58:02;98;-; 52.45; 0.0;-; 7.7; 6.0; 0.0;-;-;1662;-0.1; 0.0; 0.0;-6; 21.7;F;1;29;On;On;Off; 22.9; 22.6;0;7;875;7;875;7;689;0;-
2026/04/10;21:59:02;98;-; 52.45; 0.0;-; 7.7; 6.0; 0.0;-;-;1662;-0.1; 0.0; 0.0;-6; 21.8;F;1;29;On;On;Off; 22.9; 22.6;0;7;875;7;875;7;689;0;-
2026/04/10;22:00:02;98;-; 52.45; 0.0;-; 7.6; 6.1; 0.0;-;-;1662;-0.1; 0.0; 0.0;-6; 21.8;F;1;29;On;On;Off; 22.8; 22.6;0;7;875;7;875;7;689;0;-
2026/04/10;22:01:02;98;-; 52.43; 0.0;-; 7.7; 6.1; 0.0;-;-;1662;-0.1; 0.0; 0.0;-6; 21.8;F;1;29;On;On;Off; 22.8; 22.6;0;7;875;7;875;7;689;0;-
2026/04/10;22:02:02;98;-; 52.43; 0.0;-; 7.8; 6.3; 0.0;-;-;1662;-0.1; 0.0; 0.0;-7; 21.8;F;1;29;On;On;Off; 22.9; 22.6;0;7;875;7;875;7;689;0;-
2026/04/10;22:03:02;98;-; 52.45; 0.0;-; 7.7; 6.1; 0.0;-;-;1662;-0.2; 0.0; 0.0;-8; 21.7;F;1;29;On;On;Off; 22.8; 22.6;0;7;875;7;875;7;689;0;-
2026/04/10;22:04:02;98;-; 52.43; 0.0;-; 7.8; 6.2; 0.0;-;-;1662;-0.1; 0.0; 0.0;-7; 21.7;F;1;29;On;On;Off; 22.8; 22.6;0;7;875;7;875;7;689;0;-
2026/04/10;22:05:02;98;-; 52.43; 0.0;-; 7.7; 6.3; 0.0;-;-;1662;-0.1; 0.0; 0.0;-7; 21.8;F;1;29;On;On;Off; 22.8; 22.6;0;7;875;7;875;7;689;0;-
2026/04/10;22:06:02;98;-; 52.43; 0.0;-; 7.9; 6.3; 0.0;-;-;1662;-0.1; 0.0; 0.0;-7; 21.7;F;1;29;On;On;Off; 22.8; 22.6;0;7;875;7;875;7;689;0;-
2026/04/10;22:07:02;98;-; 52.43; 0.0;-; 7.8; 6.1; 0.0;-;-;1662;-0.1; 0.0; 0.0;-7; 21.7;F;1;29;On;On;Off; 22.8; 22.6;0;7;875;7;875;7;689;0;-
2026/04/10;22:08:02;98;-; 52.41; 0.0;-; 7.8; 6.2; 0.0;-;-;1662;-0.2; 0.0; 0.0;-7; 21.7;F;1;29;On;On;Off; 22.8; 22.6;0;7;875;7;875;7;689;0;-
2026/04/10;22:09:02;98;-; 52.43; 0.0;-; 7.8; 6.3; 0.0;-;-;1662;-0.1; 0.0; 0.0;-7; 21.7;F;1;29;On;On;Off; 22.8; 22.6;0;7;875;7;875;7;689;0;-
2026/04/10;22:10:02;98;-; 52.41; 0.0;-; 7.8; 6.2; 0.0;-;-;1662;-0.1; 0.0; 0.0;-7; 21.7;F;1;29;On;On;Off; 22.8; 22.6;0;7;875;7;875;7;689;0;-
2026/04/10;22:11:01;98;-; 52.43; 0.0;-; 7.9; 6.3; 0.0;-;-;1662;-0.1; 0.0; 0.0;-7; 21.7;F;1;29;On;On;Off; 22.8; 22.6;0;7;875;7;875;7;689;0;-
2026/04/10;22:12:01;98;-; 52.41; 0.0;-; 7.9; 6.4; 0.0;-;-;1662;-0.1; 0.0; 0.0;-7; 21.7;F;1;29;On;On;Off; 22.8; 22.6;0;7;875;7;875;7;689;0;-
2026/04/10;22:13:01;98;-; 52.43; 0.0;-; 7.9; 6.3; 0.0;-;-;1662;-0.1; 0.0; 0.0;-7; 21.7;F;1;29;On;On;Off; 22.8; 22.5;0;7;875;7;875;7;689;0;-
2026/04/10;22:14:01;98;-; 52.43; 0.0;-; 7.8; 6.2; 0.0;-;-;1662;-0.1; 0.0; 0.0;-7; 21.7;F;1;29;On;On;Off; 22.8; 22.5;0;7;875;7;875;7;689;0;-
2026/04/10;22:15:01;98;-; 52.43; 0.0;-; 7.8; 6.2; 0.0;-;-;1662;-0.1; 0.0; 0.0;-7; 21.7;F;1;29;On;On;Off; 22.8; 22.5;0;7;875;7;875;7;689;0;-
2026/04/10;22:16:01;98;-; 52.43; 0.0;-; 7.8; 6.2; 0.0;-;-;1662;-0.2; 0.0; 0.0;-7; 21.7;F;1;29;On;On;Off; 22.8; 22.5;0;7;875;7;875;7;689;0;-
2026/04/10;22:17:01;98;-; 52.43; 0.0;-; 7.9; 6.3; 0.0;-;-;1662;-0.2; 0.0; 0.0;-8; 21.7;F;1;29;On;On;Off; 22.8; 22.5;0;7;875;7;875;7;689;0;-
2026/04/10;22:18:01;98;-; 52.41; 0.0;-; 7.9; 6.4; 0.0;-;-;1662;-0.2; 0.0; 0.0;-8; 21.7;F;1;29;On;On;Off; 22.8; 22.5;0;7;875;7;875;7;689;0;-
2026/04/10;22:19:01;98;-; 52.43; 0.0;-; 7.9; 6.3; 0.0;-;-;1662;-0.2; 0.0; 0.0;-8; 21.7;F;1;29;On;On;Off; 22.8; 22.5;0;7;875;7;875;7;689;0;-
2026/04/10;22:20:01;98;-; 52.43; 0.0;-; 8.1; 6.4; 0.0;-;-;1662;-0.2; 0.0; 0.0;-8; 21.7;F;1;29;On;On;Off; 22.8; 22.5;0;7;875;7;875;7;689;0;-
2026/04/10;22:21:01;98;-; 52.43; 0.0;-; 8.0; 6.4; 0.0;-;-;1662;-0.2; 0.0; 0.0;-7; 21.7;F;1;29;On;On;Off; 22.8; 22.5;0;7;875;7;875;7;689;0;-
2026/04/10;22:22:01;98;-; 52.41; 0.0;-; 8.0; 6.4; 0.0;-;-;1662;-0.2; 0.0; 0.0;-7; 21.7;F;1;29;On;On;Off; 22.8; 22.5;0;7;875;7;875;7;689;0;-
2026/04/10;22:23:01;98;-; 52.43; 0.0;-; 7.8; 6.2; 0.0;-;-;1662;-0.2; 0.0; 0.0;-7; 21.7;F;1;29;On;On;Off; 22.8; 22.5;0;7;875;7;875;7;689;0;-
2026/04/10;22:24:01;98;-; 52.41; 0.0;-; 7.8; 6.1; 0.0;-;-;1662;-0.1; 0.0; 0.0;-7; 21.7;F;1;29;On;On;Off; 22.8; 22.5;0;7;875;7;875;7;689;0;-
2026/04/10;22:25:01;98;-; 52.41; 0.0;-; 7.9; 6.3; 0.0;-;-;1662;-0.1; 0.0; 0.0;-7; 21.7;F;1;29;On;On;Off; 22.8; 22.5;0;7;875;7;875;7;689;0;-
2026/04/10;22:26:00;98;-; 52.41; 0.0;-; 7.8; 6.2; 0.0;-;-;1663;-0.1; 0.0; 0.0;-7; 21.7;F;1;29;On;On;Off; 22.7; 22.5;0;7;875;7;875;7;689;0;-
2026/04/10;22:27:00;98;-; 52.41; 0.0;-; 7.8; 6.3; 0.0;-;-;1663;-0.1; 0.0; 0.0;-7; 21.7;F;1;29;On;On;Off; 22.7; 22.5;0;7;875;7;875;7;689;0;-
2026/04/10;22:28:00;98;-; 52.41; 0.0;-; 7.8; 6.3; 0.0;-;-;1663;-0.2; 0.0; 0.0;-7; 21.7;F;1;29;On;On;Off; 22.7; 22.5;0;7;875;7;875;7;689;0;-
2026/04/10;22:29:00;98;-; 52.41; 0.0;-; 7.8; 6.3; 0.0;-;-;1663;-0.2; 0.0; 0.0;-7; 21.7;F;1;29;On;On;Off; 22.7; 22.5;0;7;875;7;875;7;689;0;-
2026/04/10;22:30:00;98;-; 52.41; 0.0;-; 7.8; 6.2; 0.0;-;-;1663;-0.2; 0.0; 0.0;-8; 21.7;F;1;29;On;On;Off; 22.7; 22.4;0;7;875;7;875;7;689;0;-
2026/04/10;22:31:00;98;-; 52.41; 0.0;-; 7.8; 6.4; 0.0;-;-;1663;-0.2; 0.0; 0.0;-8; 21.6;F;1;29;On;On;Off; 22.7; 22.5;0;7;875;7;875;7;689;0;-
2026/04/10;22:32:00;98;-; 52.41; 0.0;-; 7.9; 6.2; 0.0;-;-;1663;-0.2; 0.0; 0.0;-7; 21.7;F;1;29;On;On;Off; 22.7; 22.4;0;7;875;7;875;7;689;0;-
2026/04/10;22:33:00;98;-; 52.41; 0.0;-; 7.8; 6.4; 0.0;-;-;1663;-0.2; 0.0; 0.0;-7; 21.6;F;1;29;On;On;Off; 22.7; 22.4;0;7;875;7;875;7;689;0;-
2026/04/10;22:34:00;98;-; 52.39; 0.0;-; 7.9; 6.5; 0.0;-;-;1663;-0.2; 0.0; 0.0;-7; 21.6;F;1;29;On;On;Off; 22.7; 22.4;0;7;875;7;875;7;689;0;-
2026/04/10;22:35:00;98;-; 52.41; 0.0;-; 7.9; 6.5; 0.0;-;-;1663;-0.2; 0.0; 0.0;-7; 21.6;F;1;29;On;On;Off; 22.7; 22.4;0;7;875;7;875;7;689;0;-
2026/04/10;22:36:00;98;-; 52.41; 0.0;-; 7.9; 6.5; 0.0;-;-;1663;-0.1; 0.0; 0.0;-7; 21.6;F;1;29;On;On;Off; 22.7; 22.4;0;7;875;7;875;7;689;0;-
2026/04/10;22:37:00;98;-; 52.41; 0.0;-; 7.9; 6.5; 0.0;-;-;1663;-0.1; 0.0; 0.0;-7; 21.6;F;1;29;On;On;Off; 22.7; 22.4;0;7;875;7;875;7;689;0;-
2026/04/10;22:38:00;98;-; 52.41; 0.0;-; 7.9; 6.6; 0.0;-;-;1663;-0.1; 0.0; 0.0;-7; 21.7;F;1;29;On;On;Off; 22.7; 22.4;0;7;875;7;875;7;689;0;-
2026/04/10;22:39:00;98;-; 52.39; 0.0;-; 7.9; 6.3; 0.0;-;-;1663;-0.1; 0.0; 0.0;-7; 21.6;F;1;29;On;On;Off; 22.7; 22.4;0;7;875;7;875;7;689;0;-
2026/04/10;22:40:00;98;-; 52.41; 0.0;-; 7.9; 6.5; 0.0;-;-;1663;-0.2; 0.0; 0.0;-7; 21.6;F;1;29;On;On;Off; 22.7; 22.4;0;7;875;7;875;7;689;0;-
2026/04/10;22:41:00;97;-; 52.41; 0.0;-; 7.9; 6.3; 0.0;-;-;1663;-0.1; 0.0; 0.0;-7; 21.6;F;1;29;On;On;Off; 22.7; 22.4;0;7;875;7;875;7;689;0;-
2026/04/10;22:41:59;97;-; 52.39; 0.0;-; 7.9; 6.4; 0.0;-;-;1663;-0.2; 0.0; 0.0;-8; 21.6;F;1;29;On;On;Off; 22.7; 22.4;0;7;875;7;875;7;689;0;-
2026/04/10;22:42:59;97;-; 52.41; 0.0;-; 7.8; 6.3; 0.0;-;-;1663;-0.2; 0.0; 0.0;-7; 21.6;F;1;29;On;On;Off; 22.7; 22.4;0;7;875;7;875;7;689;0;-
2026/04/10;22:43:59;97;-; 52.41; 0.0;-; 7.9; 6.3; 0.0;-;-;1663;-0.2; 0.0; 0.0;-7; 21.6;F;1;29;On;On;Off; 22.7; 22.4;0;7;875;7;875;7;689;0;-
2026/04/10;22:44:59;97;-; 52.41; 0.0;-; 7.9; 6.4; 0.0;-;-;1663;-0.2; 0.0; 0.0;-7; 21.6;F;1;29;On;On;Off; 22.7; 22.4;0;7;875;7;875;7;689;0;-
2026/04/10;22:45:59;97;-; 52.39; 0.0;-; 7.9; 6.4; 0.0;-;-;1663;-0.2; 0.0; 0.0;-8; 21.6;F;1;29;On;On;Off; 22.7; 22.4;0;7;875;7;875;7;689;0;-
2026/04/10;22:46:59;97;-; 52.39; 0.0;-; 7.9; 6.1; 0.0;-;-;1663;-0.2; 0.0; 0.0;-8; 21.6;F;1;29;On;On;Off; 22.7; 22.4;0;7;875;7;875;7;689;0;-
2026/04/10;22:47:59;97;-; 52.39; 0.0;-; 7.8; 6.2; 0.0;-;-;1663;-0.2; 0.0; 0.0;-8; 21.7;F;1;29;On;On;Off; 22.7; 22.4;0;7;875;7;875;7;689;0;-
2026/04/10;22:48:59;97;-; 52.37; 0.0;-; 7.9; 6.2; 0.0;-;-;1663;-0.2; 0.0; 0.0;-8; 21.6;F;1;29;On;On;Off; 22.7; 22.4;0;7;875;7;875;7;689;0;-
2026/04/10;22:49:59;97;-; 52.39; 0.0;-; 7.8; 6.2; 0.0;-;-;1663;-0.2; 0.0; 0.0;-8; 21.6;F;1;29;On;On;Off; 22.7; 22.4;0;7;875;7;875;7;689;0;-
2026/04/10;22:50:59;97;-; 52.39; 0.0;-; 8.0; 6.4; 0.0;-;-;1663;-0.2; 0.0; 0.0;-8; 21.6;F;1;29;On;On;Off; 22.7; 22.4;0;7;875;7;875;7;689;0;-
2026/04/10;22:51:59;97;-; 52.39; 0.0;-; 7.9; 6.2; 0.0;-;-;1663;-0.2; 0.0; 0.0;-8; 21.6;F;1;29;On;On;Off; 22.7; 22.4;0;7;875;7;875;7;689;0;-
2026/04/10;22:52:59;97;-; 52.37; 0.0;-; 7.9; 6.4; 0.0;-;-;1663;-0.2; 0.0; 0.0;-8; 21.6;F;1;29;On;On;Off; 22.7; 22.4;0;7;875;7;875;7;689;0;-
2026/04/10;22:53:59;97;-; 52.39; 0.0;-; 7.9; 6.2; 0.0;-;-;1663;-0.2; 0.0; 0.0;-8; 21.7;F;1;29;On;On;Off; 22.7; 22.4;0;7;875;7;875;7;689;0;-
2026/04/10;22:54:59;97;-; 52.39; 0.0;-; 7.9; 6.2; 0.0;-;-;1663;-0.2; 0.0; 0.0;-7; 21.6;F;1;29;On;On;Off; 22.7; 22.4;0;7;875;7;875;7;689;0;-
2026/04/10;22:55:59;97;-; 52.39; 0.0;-; 7.9; 6.3; 0.0;-;-;1663;-0.2; 0.0; 0.0;-7; 21.6;F;1;29;On;On;Off; 22.7; 22.4;0;7;875;7;875;7;689;0;-
2026/04/10;22:56:59;97;-; 52.39; 0.0;-; 8.0; 6.3; 0.0;-;-;1663;-0.2; 0.0; 0.0;-7; 21.6;F;1;29;On;On;Off; 22.7; 22.4;0;7;875;7;875;7;689;0;-
2026/04/10;22:57:58;97;-; 52.39; 0.0;-; 8.0; 6.3; 0.0;-;-;1663;-0.1; 0.0; 0.0;-7; 21.6;F;1;29;On;On;Off; 22.7; 22.4;0;7;875;7;875;7;689;0;-
2026/04/10;22:58:58;97;-; 52.39; 0.0;-; 8.0; 6.3; 0.0;-;-;1663;-0.1; 0.0; 0.0;-6; 21.6;F;1;29;On;On;Off; 22.7; 22.4;0;7;875;7;875;7;689;0;-
2026/04/10;22:59:58;97;-; 52.39; 0.0;-; 5.9; 5.5; 0.0;-;-;1663;-0.1; 0.0; 0.0;-7; 21.6;F;1;29;On;On;Off; 22.7; 22.4;0;7;875;7;875;7;689;0;-
2026/04/10;23:00:58;97;-; 52.39; 0.0;-; 6.0; 5.6; 0.0;-;-;1663;-0.1; 0.0; 0.0;-6; 21.7;F;1;29;On;On;Off; 22.7; 22.4;0;7;875;7;875;7;689;0;-
2026/04/10;23:01:58;97;-; 52.39; 0.0;-; 6.0; 5.5; 0.0;-;-;1663;-0.1; 0.0; 0.0;-7; 21.6;F;1;29;On;On;Off; 22.7; 22.4;0;7;875;7;875;7;689;0;-
2026/04/10;23:02:58;97;-; 52.39; 0.0;-; 6.0; 5.5; 0.0;-;-;1663;-0.1; 0.0; 0.0;-7; 21.6;F;1;29;On;On;Off; 22.7; 22.4;0;7;875;7;875;7;689;0;-
2026/04/10;23:03:58;97;-; 52.37; 0.0;-; 6.0; 5.6; 0.0;-;-;1663;-0.1; 0.0; 0.0;-7; 21.6;F;1;29;On;On;Off; 22.7; 22.4;0;7;875;7;875;7;689;0;-
2026/04/10;23:04:58;97;-; 52.39; 0.0;-; 5.9; 5.7; 0.0;-;-;1663;-0.2; 0.0; 0.0;-7; 21.6;F;1;29;On;On;Off; 22.6; 22.4;0;7;875;7;875;7;689;0;-
2026/04/10;23:05:58;97;-; 52.39; 0.0;-; 5.9; 5.7; 0.0;-;-;1663;-0.1; 0.0; 0.0;-7; 21.6;F;1;29;On;On;Off; 22.6; 22.4;0;7;875;7;875;7;689;0;-
2026/04/10;23:06:58;97;-; 52.39; 0.0;-; 6.0; 5.7; 0.0;-;-;1663;-0.1; 0.0; 0.0;-7; 21.6;F;1;29;On;On;Off; 22.6; 22.4;0;7;875;7;875;7;689;0;-
2026/04/10;23:07:58;97;-; 52.37; 0.0;-; 6.0; 5.6; 0.0;-;-;1663;-0.1; 0.0; 0.0;-7; 21.6;F;1;29;On;On;Off; 22.6; 22.4;0;7;875;7;875;7;689;0;-
2026/04/10;23:08:58;97;-; 52.37; 0.0;-; 6.0; 5.5; 0.0;-;-;1663;-0.1; 0.0; 0.0;-7; 21.6;F;1;29;On;On;Off; 22.6; 22.3;0;7;875;7;875;7;689;0;-
2026/04/10;23:09:58;97;-; 52.37; 0.0;-; 5.9; 5.6; 0.0;-;-;1663;-0.2; 0.0; 0.0;-7; 21.6;F;1;29;On;On;Off; 22.6; 22.4;0;7;875;7;875;7;689;0;-
2026/04/10;23:10:58;97;-; 52.35; 0.0;-; 6.0; 5.6; 0.0;-;-;1663;-0.2; 0.0; 0.0;-7; 21.6;F;1;29;On;On;Off; 22.6; 22.3;0;7;875;7;875;7;689;0;-
2026/04/10;23:11:58;97;-; 52.37; 0.0;-; 6.0; 5.7; 0.0;-;-;1663;-0.2; 0.0; 0.0;-7; 21.6;F;1;29;On;On;Off; 22.6; 22.3;0;7;875;7;875;7;689;0;-
2026/04/10;23:12:57;97;-; 52.37; 0.0;-; 5.9; 5.5; 0.0;-;-;1663;-0.2; 0.0; 0.0;-7; 21.6;F;1;29;On;On;Off; 22.6; 22.3;0;7;875;7;875;7;689;0;-
2026/04/10;23:13:57;97;-; 52.37; 0.0;-; 6.0; 5.7; 0.0;-;-;1663;-0.1; 0.0; 0.0;-7; 21.6;F;1;29;On;On;Off; 22.6; 22.3;0;7;875;7;875;7;689;0;-
2026/04/10;23:14:57;97;-; 52.35; 0.0;-; 5.9; 5.7; 0.0;-;-;1663;-0.2; 0.0; 0.0;-7; 21.6;F;1;29;On;On;Off; 22.6; 22.3;0;7;875;7;875;7;689;0;-
2026/04/10;23:15:57;97;-; 52.37; 0.0;-; 5.8; 5.5; 0.0;-;-;1663;-0.1; 0.0; 0.0;-7; 21.6;F;1;29;On;On;Off; 22.6; 22.3;0;7;875;7;875;7;689;0;-
2026/04/10;23:16:57;97;-; 52.37; 0.0;-; 6.0; 5.6; 0.0;-;-;1663;-0.2; 0.0; 0.0;-7; 21.6;F;1;29;On;On;Off; 22.6; 22.3;0;7;875;7;875;7;689;0;-
2026/04/10;23:17:57;97;-; 52.37; 0.0;-; 5.9; 5.6; 0.0;-;-;1663;-0.2; 0.0; 0.0;-8; 21.6;F;1;29;On;On;Off; 22.6; 22.3;0;7;875;7;875;7;689;0;-
2026/04/10;23:18:57;97;-; 52.35; 0.0;-; 5.9; 5.6; 0.0;-;-;1663;-0.2; 0.0; 0.0;-8; 21.6;F;1;29;On;On;Off; 22.6; 22.3;0;7;875;7;875;7;689;0;-
2026/04/10;23:19:57;97;-; 52.35; 0.0;-; 7.1; 5.8; 0.0;-;-;1663;-0.2; 0.0; 0.0;-8; 21.6;F;1;29;On;On;Off; 22.6; 22.3;0;7;875;7;875;7;689;0;-
2026/04/10;23:20:57;97;-; 52.35; 0.0;-; 6.0; 5.6; 0.0;-;-;1663;-0.2; 0.0; 0.0;-8; 21.6;F;1;29;On;On;Off; 22.6; 22.3;0;7;875;7;875;7;689;0;-
2026/04/10;23:21:57;97;-; 52.37; 0.0;-; 6.0; 5.7; 0.0;-;-;1663;-0.2; 0.0; 0.0;-8; 21.6;F;1;29;On;On;Off; 22.6; 22.3;0;7;875;7;875;7;689;0;-
2026/04/10;23:22:57;97;-; 52.37; 0.0;-; 5.9; 5.6; 0.0;-;-;1663;-0.2; 0.0; 0.0;-8; 21.6;F;1;29;On;On;Off; 22.6; 22.3;0;7;875;7;875;7;689;0;-
2026/04/10;23:23:57;97;-; 52.37; 0.0;-; 5.9; 5.6; 0.0;-;-;1663;-0.2; 0.0; 0.0;-8; 21.6;F;1;29;On;On;Off; 22.6; 22.3;0;7;875;7;875;7;689;0;-
2026/04/10;23:24:57;97;-; 52.37; 0.0;-; 5.9; 5.6; 0.0;-;-;1663;-0.2; 0.0; 0.0;-7; 21.6;F;1;29;On;On;Off; 22.6; 22.3;0;7;875;7;875;7;689;0;-
2026/04/10;23:25:57;97;-; 52.35; 0.0;-; 5.9; 5.6; 0.0;-;-;1664;-0.2; 0.0; 0.0;-7; 21.6;F;1;29;On;On;Off; 22.6; 22.3;0;7;875;7;875;7;689;0;-
2026/04/10;23:26:57;97;-; 52.37; 0.0;-; 5.9; 5.5; 0.0;-;-;1664;-0.1; 0.0; 0.0;-7; 21.6;F;1;29;On;On;Off; 22.6; 22.3;0;7;875;7;875;7;689;0;-
2026/04/10;23:27:57;97;-; 52.35; 0.0;-; 5.9; 5.5; 0.0;-;-;1664;-0.1; 0.0; 0.0;-7; 21.6;F;1;29;On;On;Off; 22.6; 22.3;0;7;875;7;875;7;689;0;-
2026/04/10;23:28:56;97;-; 52.37; 0.0;-; 6.0; 5.8; 0.0;-;-;1664;-0.1; 0.0; 0.0;-7; 21.6;F;1;29;On;On;Off; 22.6; 22.3;0;7;875;7;875;7;689;0;-
2026/04/10;23:29:56;97;-; 52.37; 0.0;-; 5.9; 5.7; 0.0;-;-;1664;-0.2; 0.0; 0.0;-7; 21.6;F;1;29;On;On;Off; 22.6; 22.3;0;7;875;7;875;7;689;0;-
2026/04/10;23:30:56;97;-; 52.35; 0.0;-; 5.9; 5.6; 0.0;-;-;1664;-0.2; 0.0; 0.0;-7; 21.6;F;1;29;On;On;Off; 22.6; 22.3;0;7;875;7;875;7;689;0;-
2026/04/10;23:31:56;97;-; 52.35; 0.0;-; 6.0; 5.7; 0.0;-;-;1664;-0.1; 0.0; 0.0;-7; 21.6;F;1;29;On;On;Off; 22.6; 22.3;0;7;875;7;875;7;689;0;-
2026/04/10;23:32:56;97;-; 52.35; 0.0;-; 5.9; 5.6; 0.0;-;-;1664;-0.1; 0.0; 0.0;-7; 21.6;F;1;29;On;On;Off; 22.6; 22.3;0;7;875;7;875;7;689;0;-
2026/04/10;23:33:56;97;-; 52.35; 0.0;-; 5.8; 5.7; 0.0;-;-;1664;-0.2; 0.0; 0.0;-7; 21.6;F;1;29;On;On;Off; 22.6; 22.3;0;7;875;7;875;7;689;0;-
2026/04/10;23:34:56;97;-; 52.35; 0.0;-; 5.9; 5.8; 0.0;-;-;1664;-0.2; 0.0; 0.0;-7; 21.6;F;1;29;On;On;Off; 22.6; 22.3;0;7;875;7;875;7;689;0;-
2026/04/10;23:35:56;97;-; 52.33; 0.0;-; 5.9; 5.8; 0.0;-;-;1664;-0.2; 0.0; 0.0;-8; 21.6;F;1;29;On;On;Off; 22.6; 22.3;0;7;875;7;875;7;689;0;-
2026/04/10;23:36:56;97;-; 52.35; 0.0;-; 5.9; 5.6; 0.0;-;-;1664;-0.2; 0.0; 0.0;-7; 21.6;F;1;29;On;On;Off; 22.6; 22.3;0;7;875;7;875;7;689;0;-
2026/04/10;23:37:56;97;-; 52.35; 0.0;-; 5.9; 5.7; 0.0;-;-;1664;-0.2; 0.0; 0.0;-8; 21.6;F;1;29;On;On;Off; 22.6; 22.3;0;7;875;7;875;7;689;0;-
2026/04/10;23:38:56;97;-; 52.33; 0.0;-; 5.9; 5.6; 0.0;-;-;1664;-0.2; 0.0; 0.0;-8; 21.6;F;1;29;On;On;Off; 22.6; 22.3;0;7;875;7;875;7;689;0;-
2026/04/10;23:39:56;97;-; 52.35; 0.0;-; 5.9; 5.7; 0.0;-;-;1664;-0.2; 0.0; 0.0;-8; 21.6;F;1;29;On;On;Off; 22.6; 22.3;0;7;875;7;875;7;689;0;-
2026/04/10;23:40:56;97;-; 52.33; 0.0;-; 5.9; 5.8; 0.0;-;-;1664;-0.2; 0.0; 0.0;-8; 21.6;F;1;29;On;On;Off; 22.6; 22.3;0;7;875;7;875;7;689;0;-
2026/04/10;23:41:56;97;-; 52.33; 0.0;-; 5.8; 5.6; 0.0;-;-;1664;-0.2; 0.0; 0.0;-7; 21.6;F;1;29;On;On;Off; 22.6; 22.3;0;7;875;7;875;7;689;0;-
2026/04/10;23:42:56;97;-; 52.35; 0.0;-; 5.8; 5.7; 0.0;-;-;1664;-0.2; 0.0; 0.0;-7; 21.7;F;1;29;On;On;Off; 22.6; 22.3;0;7;875;7;875;7;689;0;-
2026/04/10;23:43:56;97;-; 52.35; 0.0;-; 6.0; 5.7; 0.0;-;-;1664;-0.1; 0.0; 0.0;-7; 21.7;F;1;29;On;On;Off; 22.6; 22.3;0;7;875;7;875;7;689;0;-
2026/04/10;23:44:55;97;-; 52.33; 0.0;-; 5.9; 5.6; 0.0;-;-;1664;-0.1; 0.0; 0.0;-7; 21.7;F;1;29;On;On;Off; 22.6; 22.3;0;7;875;7;875;7;689;0;-
2026/04/10;23:45:55;97;-; 52.35; 0.0;-; 5.9; 5.6; 0.0;-;-;1664;-0.1; 0.0; 0.0;-7; 21.7;F;1;29;On;On;Off; 22.6; 22.3;0;7;875;7;875;7;689;0;-
2026/04/10;23:46:55;97;-; 52.35; 0.0;-; 5.9; 5.6; 0.0;-;-;1664;-0.1; 0.0; 0.0;-7; 21.7;F;1;29;On;On;Off; 22.6; 22.3;0;7;875;7;875;7;689;0;-
2026/04/10;23:47:55;97;-; 52.35; 0.0;-; 5.9; 5.7; 0.0;-;-;1664;-0.1; 0.0; 0.0;-7; 21.7;F;1;29;On;On;Off; 22.6; 22.3;0;7;875;7;875;7;689;0;-
2026/04/10;23:48:55;97;-; 52.33; 0.0;-; 5.9; 5.6; 0.0;-;-;1664;-0.2; 0.0; 0.0;-7; 21.7;F;1;29;On;On;Off; 22.6; 22.3;0;7;875;7;875;7;689;0;-
2026/04/10;23:49:55;97;-; 52.35; 0.0;-; 5.9; 5.6; 0.0;-;-;1664;-0.2; 0.0; 0.0;-7; 21.7;F;1;29;On;On;Off; 22.6; 22.3;0;7;875;7;875;7;689;0;-
2026/04/10;23:50:55;97;-; 52.35; 0.0;-; 6.0; 5.7; 0.0;-;-;1664;-0.1; 0.0; 0.0;-7; 21.7;F;1;29;On;On;Off; 22.6; 22.3;0;7;875;7;875;7;689;0;-
2026/04/10;23:51:55;97;-; 52.35; 0.0;-; 5.9; 5.7; 0.0;-;-;1664;-0.2; 0.0; 0.0;-7; 21.7;F;1;29;On;On;Off; 22.6; 22.3;0;7;875;7;875;7;689;0;-
2026/04/10;23:52:55;97;-; 52.33; 0.0;-; 5.9; 5.7; 0.0;-;-;1664;-0.2; 0.0; 0.0;-7; 21.7;F;1;29;On;On;Off; 22.6; 22.3;0;7;875;7;875;7;689;0;-
2026/04/10;23:53:55;97;-; 52.33; 0.0;-; 5.9; 5.7; 0.0;-;-;1664;-0.1; 0.0; 0.0;-7; 21.7;F;1;29;On;On;Off; 22.6; 22.3;0;7;875;7;875;7;689;0;-
2026/04/10;23:54:55;97;-; 52.33; 0.0;-; 5.9; 5.8; 0.0;-;-;1664;-0.2; 0.0; 0.0;-7; 21.7;F;1;29;On;On;Off; 22.6; 22.3;0;7;875;7;875;7;689;0;-
2026/04/10;23:55:55;97;-; 52.33; 0.0;-; 6.0; 5.7; 0.0;-;-;1664;-0.2; 0.0; 0.0;-8; 21.7;F;1;29;On;On;Off; 22.6; 22.3;0;7;875;7;875;7;689;0;-
2026/04/10;23:56:55;97;-; 52.33; 0.0;-; 5.9; 5.6; 0.0;-;-;1664;-0.1; 0.0; 0.0;-7; 21.7;F;1;29;On;On;Off; 22.6; 22.3;0;7;875;7;875;7;689;0;-
2026/04/10;23:57:55;97;-; 52.31; 0.0;-; 5.9; 5.7; 0.0;-;-;1664;-0.1; 0.0; 0.0;-7; 21.7;F;1;29;On;On;Off; 22.6; 22.3;0;7;875;7;875;7;689;0;-
2026/04/10;23:58:55;97;-; 52.33; 0.0;-; 5.9; 5.7; 0.0;-;-;1664;-0.2; 0.0; 0.0;-8; 21.7;F;1;29;On;On;Off; 22.6; 22.3;0;7;875;7;875;7;689;0;-
2026/04/10;23:59:54;97;-; 52.33; 0.0;-; 5.9; 5.8; 0.0;-;-;1664;-0.2; 0.0; 0.0;-8; 21.7;F;1;29;On;On;Off; 22.6; 22.3;0;7;875;7;875;7;689;0;-
