Steca Elektronik GmbH;MPPT6000;760749IH008963540005
Date;Time;SOC[%];Kaptest[Ah];Vbat[V];Ibat_M[A];Vbat.sense[V];VPV1_M[V];VPV2_M[V];PVpower_M[W];PV1power_M[W];PV2power_M[W];Ophours[h];Ibat_total[A]SOC;Icharge_total[A];Iload_total[A];BatPower_total[W];BatTemp[°C];ChargeMode;ErrorState;ErrorNr;StateAux1;StateAux2;StateAux3;IntTemp1[°C];IntTemp2[°C];Derating;Ah_in_24h_M[Ah];Ah_in_total_M[Ah];Ah_in_24h_SYS[Ah];Ah_in_total_SYS[Ah];Ah_out_24h_SYS[Ah];Ah_out_total_SYS[Ah];Day_night;Status_AUXIO
2026/03/30;00:00:34;97;-; 52.49; 0.0;-; 12.7; 12.2; 0.0;-;-;1376;-0.2; 0.0; 0.0;-10; 21.7;F;1;29;On;On;Off; 22.4; 22.1;0;0;777;0;777;0;591;0;-
2026/03/30;00:01:34;97;-; 52.49; 0.0;-; 12.7; 12.0; 0.0;-;-;1376;-0.2; 0.0; 0.0;-10; 21.7;F;1;29;On;On;Off; 22.4; 22.1;0;0;777;0;777;0;591;0;-
2026/03/30;00:02:34;97;-; 52.49; 0.0;-; 12.9; 12.4; 0.0;-;-;1376;-0.2; 0.0; 0.0;-10; 21.7;F;1;29;On;On;Off; 22.4; 22.1;0;0;777;0;777;0;591;0;-
2026/03/30;00:03:34;97;-; 52.49; 0.0;-; 12.7; 12.0; 0.0;-;-;1376;-0.2; 0.0; 0.0;-10; 21.7;F;1;29;On;On;Off; 22.3; 22.1;0;0;777;0;777;0;591;0;-
2026/03/30;00:04:34;97;-; 52.47; 0.0;-; 13.0; 12.2; 0.0;-;-;1376;-0.2; 0.0; 0.0;-10; 21.7;F;1;29;On;On;Off; 22.3; 22.0;0;0;777;0;777;0;591;0;-
2026/03/30;00:05:33;97;-; 52.49; 0.0;-; 12.6; 12.1; 0.0;-;-;1376;-0.2; 0.0; 0.0;-10; 21.7;F;1;29;On;On;Off; 22.3; 22.0;0;0;777;0;777;0;591;0;-
2026/03/30;00:06:33;97;-; 52.47; 0.0;-; 12.9; 12.2; 0.0;-;-;1376;-0.2; 0.0; 0.0;-10; 21.7;F;1;29;On;On;Off; 22.3; 22.1;0;0;777;0;777;0;591;0;-
2026/03/30;00:07:33;97;-; 52.47; 0.0;-; 12.7; 12.1; 0.0;-;-;1376;-0.2; 0.0; 0.0;-10; 21.7;F;1;29;On;On;Off; 22.3; 22.1;0;0;777;0;777;0;591;0;-
2026/03/30;00:08:33;97;-; 52.49; 0.0;-; 12.9; 12.2; 0.0;-;-;1376;-0.2; 0.0; 0.0;-10; 21.7;F;1;29;On;On;Off; 22.3; 22.0;0;0;777;0;777;0;591;0;-
2026/03/30;00:09:33;97;-; 52.47; 0.0;-; 12.6; 11.8; 0.0;-;-;1376;-0.2; 0.0; 0.0;-10; 21.7;F;1;29;On;On;Off; 22.3; 22.0;0;0;777;0;777;0;591;0;-
2026/03/30;00:10:33;97;-; 52.47; 0.0;-; 12.9; 12.3; 0.0;-;-;1376;-0.2; 0.0; 0.0;-10; 21.7;F;1;29;On;On;Off; 22.3; 22.0;0;0;777;0;777;0;591;0;-
2026/03/30;00:11:33;97;-; 52.47; 0.0;-; 12.8; 12.2; 0.0;-;-;1376;-0.2; 0.0; 0.0;-10; 21.7;F;1;29;On;On;Off; 22.3; 22.0;0;0;777;0;777;0;591;0;-
2026/03/30;00:12:33;97;-; 52.47; 0.0;-; 13.1; 12.5; 0.0;-;-;1376;-0.2; 0.0; 0.0;-10; 21.7;F;1;29;On;On;Off; 22.3; 22.0;0;0;777;0;777;0;591;0;-
2026/03/30;00:13:33;97;-; 52.47; 0.0;-; 13.0; 12.2; 0.0;-;-;1376;-0.2; 0.0; 0.0;-9; 21.7;F;1;29;On;On;Off; 22.3; 22.0;0;0;777;0;777;0;591;0;-
2026/03/30;00:14:33;97;-; 52.49; 0.0;-; 13.0; 12.4; 0.0;-;-;1376;-0.2; 0.0; 0.0;-10; 21.7;F;1;29;On;On;Off; 22.3; 22.0;0;0;777;0;777;0;591;0;-
2026/03/30;00:15:33;97;-; 52.47; 0.0;-; 13.1; 12.5; 0.0;-;-;1376;-0.2; 0.0; 0.0;-10; 21.7;F;1;29;On;On;Off; 22.3; 22.0;0;0;777;0;777;0;591;0;-
2026/03/30;00:16:33;97;-; 52.47; 0.0;-; 13.3; 12.5; 0.0;-;-;1376;-0.2; 0.0; 0.0;-10; 21.7;F;1;29;On;On;Off; 22.3; 22.0;0;0;777;0;777;0;591;0;-
2026/03/30;00:17:33;97;-; 52.49; 0.0;-; 13.3; 12.5; 0.0;-;-;1376;-0.2; 0.0; 0.0;-10; 21.7;F;1;29;On;On;Off; 22.3; 22.0;0;0;777;0;777;0;591;0;-
2026/03/30;00:18:33;97;-; 52.49; 0.0;-; 13.4; 12.5; 0.0;-;-;1376;-0.2; 0.0; 0.0;-10; 21.7;F;1;29;On;On;Off; 22.3; 22.0;0;0;777;0;777;0;591;0;-
2026/03/30;00:19:33;97;-; 52.49; 0.0;-; 12.7; 12.0; 0.0;-;-;1376;-0.2; 0.0; 0.0;-10; 21.7;F;1;29;On;On;Off; 22.3; 22.0;0;0;777;0;777;0;591;0;-
2026/03/30;00:20:33;97;-; 52.49; 0.0;-; 13.2; 12.5; 0.0;-;-;1376;-0.2; 0.0; 0.0;-10; 21.7;F;1;29;On;On;Off; 22.3; 22.0;0;0;777;0;777;0;591;0;-
2026/03/30;00:21:32;97;-; 52.47; 0.0;-; 13.0; 12.5; 0.0;-;-;1376;-0.2; 0.0; 0.0;-10; 21.7;F;1;29;On;On;Off; 22.3; 22.0;0;0;777;0;777;0;591;0;-
2026/03/30;00:22:32;97;-; 52.49; 0.0;-; 13.2; 12.4; 0.0;-;-;1376;-0.2; 0.0; 0.0;-9; 21.7;F;1;29;On;On;Off; 22.3; 22.0;0;0;777;0;777;0;591;0;-
2026/03/30;00:23:32;97;-; 52.49; 0.0;-; 13.1; 12.4; 0.0;-;-;1376;-0.2; 0.0; 0.0;-10; 21.7;F;1;29;On;On;Off; 22.3; 22.0;0;0;777;0;777;0;591;0;-
2026/03/30;00:24:32;97;-; 52.49; 0.0;-; 12.5; 11.7; 0.0;-;-;1376;-0.2; 0.0; 0.0;-10; 21.7;F;1;29;On;On;Off; 22.3; 22.0;0;0;777;0;777;0;591;0;-
2026/03/30;00:25:32;97;-; 52.47; 0.0;-; 12.9; 11.9; 0.0;-;-;1376;-0.2; 0.0; 0.0;-10; 21.7;F;1;29;On;On;Off; 22.3; 22.0;0;0;777;0;777;0;591;0;-
2026/03/30;00:26:32;97;-; 52.47; 0.0;-; 13.0; 12.3; 0.0;-;-;1376;-0.2; 0.0; 0.0;-10; 21.7;F;1;29;On;On;Off; 22.3; 22.0;0;0;777;0;777;0;591;0;-
2026/03/30;00:27:32;97;-; 52.47; 0.0;-; 12.8; 12.2; 0.0;-;-;1376;-0.2; 0.0; 0.0;-10; 21.7;F;1;29;On;On;Off; 22.3; 22.0;0;0;777;0;777;0;591;0;-
2026/03/30;00:28:32;97;-; 52.45; 0.0;-; 12.5; 11.8; 0.0;-;-;1376;-0.2; 0.0; 0.0;-10; 21.7;F;1;29;On;On;Off; 22.3; 22.0;0;0;777;0;777;0;591;0;-
2026/03/30;00:29:32;97;-; 52.47; 0.0;-; 12.8; 12.1; 0.0;-;-;1376;-0.2; 0.0; 0.0;-10; 21.7;F;1;29;On;On;Off; 22.3; 22.0;0;0;777;0;777;0;591;0;-
2026/03/30;00:30:32;97;-; 52.47; 0.0;-; 12.5; 11.9; 0.0;-;-;1376;-0.2; 0.0; 0.0;-9; 21.7;F;1;29;On;On;Off; 22.3; 22.0;0;0;777;0;777;0;591;0;-
2026/03/30;00:31:32;97;-; 52.45; 0.0;-; 13.0; 12.4; 0.0;-;-;1376;-0.2; 0.0; 0.0;-9; 21.7;F;1;29;On;On;Off; 22.3; 22.0;0;0;777;0;777;0;591;0;-
2026/03/30;00:32:32;97;-; 52.47; 0.0;-; 12.6; 11.9; 0.0;-;-;1376;-0.2; 0.0; 0.0;-10; 21.7;F;1;29;On;On;Off; 22.3; 22.0;0;0;777;0;777;0;591;0;-
2026/03/30;00:33:32;96;-; 52.45; 0.0;-; 12.9; 12.3; 0.0;-;-;1376;-0.2; 0.0; 0.0;-10; 21.7;F;1;29;On;On;Off; 22.3; 22.0;0;0;777;0;777;0;591;0;-
2026/03/30;00:34:32;96;-; 52.45; 0.0;-; 13.2; 12.5; 0.0;-;-;1376;-0.2; 0.0; 0.0;-10; 21.7;F;1;29;On;On;Off; 22.3; 22.0;0;0;777;0;777;0;591;0;-
2026/03/30;00:35:32;96;-; 52.45; 0.0;-; 13.2; 12.7; 0.0;-;-;1376;-0.2; 0.0; 0.0;-10; 21.7;F;1;29;On;On;Off; 22.3; 22.0;0;0;777;0;777;0;591;0;-
2026/03/30;00:36:32;96;-; 52.45; 0.0;-; 13.1; 12.4; 0.0;-;-;1376;-0.2; 0.0; 0.0;-10; 21.7;F;1;29;On;On;Off; 22.3; 22.0;0;0;777;0;777;0;591;0;-
2026/03/30;00:37:31;96;-; 52.47; 0.0;-; 13.0; 12.4; 0.0;-;-;1376;-0.2; 0.0; 0.0;-10; 21.7;F;1;29;On;On;Off; 22.3; 22.0;0;0;777;0;777;0;591;0;-
2026/03/30;00:38:31;96;-; 52.47; 0.0;-; 13.2; 12.5; 0.0;-;-;1376;-0.2; 0.0; 0.0;-10; 21.7;F;1;29;On;On;Off; 22.3; 22.0;0;0;777;0;777;0;591;0;-
2026/03/30;00:39:31;96;-; 52.45; 0.0;-; 13.2; 12.6; 0.0;-;-;1376;-0.2; 0.0; 0.0;-10; 21.7;F;1;29;On;On;Off; 22.3; 22.0;0;0;777;0;777;0;591;0;-
2026/03/30;00:40:31;96;-; 52.47; 0.0;-; 13.2; 12.7; 0.0;-;-;1376;-0.2; 0.0; 0.0;-10; 21.7;F;1;29;On;On;Off; 22.3; 22.0;0;0;777;0;777;0;591;0;-
2026/03/30;00:41:31;96;-; 52.47; 0.0;-; 13.3; 12.6; 0.0;-;-;1376;-0.2; 0.0; 0.0;-10; 21.7;F;1;29;On;On;Off; 22.3; 22.0;0;0;777;0;777;0;591;0;-
2026/03/30;00:42:31;96;-; 52.47; 0.0;-; 13.2; 12.6; 0.0;-;-;1376;-0.2; 0.0; 0.0;-10; 21.7;F;1;29;On;On;Off; 22.3; 22.0;0;0;777;0;777;0;591;0;-
2026/03/30;00:43:31;96;-; 52.45; 0.0;-; 13.3; 12.5; 0.0;-;-;1376;-0.2; 0.0; 0.0;-10; 21.7;F;1;29;On;On;Off; 22.3; 22.0;0;0;777;0;777;0;591;0;-
2026/03/30;00:44:31;96;-; 52.47; 0.0;-; 13.4; 12.8; 0.0;-;-;1377;-0.2; 0.0; 0.0;-10; 21.7;F;1;29;On;On;Off; 22.3; 22.0;0;0;777;0;777;0;591;0;-
2026/03/30;00:45:31;96;-; 52.47; 0.0;-; 13.3; 12.4; 0.0;-;-;1377;-0.2; 0.0; 0.0;-10; 21.7;F;1;29;On;On;Off; 22.3; 22.0;0;0;777;0;777;0;591;0;-
2026/03/30;00:46:31;96;-; 52.47; 0.0;-; 13.2; 12.5; 0.0;-;-;1377;-0.2; 0.0; 0.0;-10; 21.7;F;1;29;On;On;Off; 22.3; 22.0;0;0;777;0;777;0;591;0;-
2026/03/30;00:47:31;96;-; 52.47; 0.0;-; 13.3; 12.4; 0.0;-;-;1377;-0.2; 0.0; 0.0;-10; 21.7;F;1;29;On;On;Off; 22.3; 22.0;0;0;777;0;777;0;591;0;-
2026/03/30;00:48:31;96;-; 52.45; 0.0;-; 13.2; 12.5; 0.0;-;-;1377;-0.2; 0.0; 0.0;-10; 21.7;F;1;29;On;On;Off; 22.3; 22.0;0;0;777;0;777;0;591;0;-
2026/03/30;00:49:31;96;-; 52.45; 0.0;-; 13.2; 12.6; 0.0;-;-;1377;-0.2; 0.0; 0.0;-10; 21.8;F;1;29;On;On;Off; 22.3; 22.0;0;0;777;0;777;0;591;0;-
2026/03/30;00:50:31;96;-; 52.45; 0.0;-; 13.3; 12.7; 0.0;-;-;1377;-0.2; 0.0; 0.0;-10; 21.7;F;1;29;On;On;Off; 22.3; 22.0;0;0;777;0;777;0;591;0;-
2026/03/30;00:51:31;96;-; 52.47; 0.0;-; 13.1; 12.6; 0.0;-;-;1377;-0.2; 0.0; 0.0;-10; 21.7;F;1;29;On;On;Off; 22.3; 22.0;0;0;777;0;777;0;591;0;-
2026/03/30;00:52:31;96;-; 52.45; 0.0;-; 13.2; 12.5; 0.0;-;-;1377;-0.2; 0.0; 0.0;-10; 21.7;F;1;29;On;On;Off; 22.3; 22.0;0;0;777;0;777;0;591;0;-
2026/03/30;00:53:30;96;-; 52.47; 0.0;-; 13.3; 12.7; 0.0;-;-;1377;-0.2; 0.0; 0.0;-10; 21.8;F;1;29;On;On;Off; 22.3; 22.0;0;0;777;0;777;0;591;0;-
2026/03/30;00:54:30;96;-; 52.47; 0.0;-; 13.2; 12.6; 0.0;-;-;1377;-0.2; 0.0; 0.0;-10; 21.7;F;1;29;On;On;Off; 22.3; 22.0;0;0;777;0;777;0;591;0;-
2026/03/30;00:55:30;96;-; 52.47; 0.0;-; 13.5; 12.8; 0.0;-;-;1377;-0.2; 0.0; 0.0;-10; 21.7;F;1;29;On;On;Off; 22.3; 22.0;0;0;777;0;777;0;591;0;-
2026/03/30;00:56:30;96;-; 52.47; 0.0;-; 13.5; 12.8; 0.0;-;-;1377;-0.2; 0.0; 0.0;-10; 21.7;F;1;29;On;On;Off; 22.3; 22.0;0;0;777;0;777;0;591;0;-
2026/03/30;00:57:30;96;-; 52.45; 0.0;-; 13.5; 12.9; 0.0;-;-;1377;-0.2; 0.0; 0.0;-10; 21.7;F;1;29;On;On;Off; 22.3; 22.0;0;0;777;0;777;0;591;0;-
2026/03/30;00:58:30;96;-; 52.47; 0.0;-; 13.6; 12.8; 0.0;-;-;1377;-0.2; 0.0; 0.0;-10; 21.8;F;1;29;On;On;Off; 22.3; 22.0;0;0;777;0;777;0;591;0;-
2026/03/30;00:59:30;96;-; 52.47; 0.0;-; 13.3; 12.7; 0.0;-;-;1377;-0.2; 0.0; 0.0;-10; 21.8;F;1;29;On;On;Off; 22.3; 22.0;0;0;777;0;777;0;591;0;-
2026/03/30;01:00:30;96;-; 52.47; 0.0;-; 14.5; 12.6; 0.0;-;-;1377;-0.2; 0.0; 0.0;-10; 21.7;F;1;29;On;On;Off; 22.3; 22.0;0;0;777;0;777;0;591;0;-
2026/03/30;01:01:30;96;-; 52.47; 0.0;-; 13.3; 12.7; 0.0;-;-;1377;-0.2; 0.0; 0.0;-10; 21.7;F;1;29;On;On;Off; 22.3; 22.0;0;0;777;0;777;0;591;0;-
2026/03/30;01:02:30;96;-; 52.47; 0.0;-; 13.3; 12.6; 0.0;-;-;1377;-0.2; 0.0; 0.0;-10; 21.7;F;1;29;On;On;Off; 22.3; 22.0;0;0;777;0;777;0;591;0;-
2026/03/30;01:03:30;96;-; 52.45; 0.0;-; 13.2; 12.4; 0.0;-;-;1377;-0.2; 0.0; 0.0;-10; 21.7;F;1;29;On;On;Off; 22.3; 22.0;0;0;777;0;777;0;591;0;-
2026/03/30;01:04:30;96;-; 52.47; 0.0;-; 13.2; 12.5; 0.0;-;-;1377;-0.2; 0.0; 0.0;-9; 21.7;F;1;29;On;On;Off; 22.3; 22.0;0;0;777;0;777;0;591;0;-
2026/03/30;01:05:30;96;-; 52.47; 0.0;-; 13.3; 12.5; 0.0;-;-;1377;-0.2; 0.0; 0.0;-9; 21.7;F;1;29;On;On;Off; 22.3; 22.0;0;0;777;0;777;0;591;0;-
2026/03/30;01:06:30;96;-; 52.47; 0.0;-; 13.1; 12.4; 0.0;-;-;1377;-0.2; 0.0; 0.0;-10; 21.7;F;1;29;On;On;Off; 22.3; 22.0;0;0;777;0;777;0;591;0;-
2026/03/30;01:07:30;96;-; 52.47; 0.0;-; 13.0; 12.4; 0.0;-;-;1377;-0.2; 0.0; 0.0;-10; 21.7;F;1;29;On;On;Off; 22.3; 22.0;0;0;777;0;777;0;591;0;-
2026/03/30;01:08:30;96;-; 52.47; 0.0;-; 13.0; 12.2; 0.0;-;-;1377;-0.2; 0.0; 0.0;-10; 21.7;F;1;29;On;On;Off; 22.2; 22.0;0;0;777;0;777;0;591;0;-
2026/03/30;01:09:29;96;-; 52.45; 0.0;-; 13.3; 12.4; 0.0;-;-;1377;-0.2; 0.0; 0.0;-10; 21.7;F;1;29;On;On;Off; 22.3; 21.9;0;0;777;0;777;0;591;0;-
2026/03/30;01:10:29;96;-; 52.45; 0.0;-; 13.1; 12.4; 0.0;-;-;1377;-0.2; 0.0; 0.0;-10; 21.7;F;1;29;On;On;Off; 22.3; 22.0;0;0;777;0;777;0;591;0;-
2026/03/30;01:11:29;96;-; 52.47; 0.0;-; 13.2; 12.5; 0.0;-;-;1377;-0.2; 0.0; 0.0;-10; 21.7;F;1;29;On;On;Off; 22.3; 21.9;0;0;777;0;777;0;591;0;-
2026/03/30;01:12:29;96;-; 52.45; 0.0;-; 13.1; 12.6; 0.0;-;-;1377;-0.2; 0.0; 0.0;-10; 21.7;F;1;29;On;On;Off; 22.3; 21.9;0;0;777;0;777;0;591;0;-
2026/03/30;01:13:29;96;-; 52.45; 0.0;-; 13.1; 12.5; 0.0;-;-;1377;-0.2; 0.0; 0.0;-10; 21.7;F;1;29;On;On;Off; 22.3; 21.9;0;0;777;0;777;0;591;0;-
2026/03/30;01:14:29;96;-; 52.45; 0.0;-; 13.3; 12.6; 0.0;-;-;1377;-0.2; 0.0; 0.0;-10; 21.7;F;1;29;On;On;Off; 22.2; 21.9;0;0;777;0;777;0;591;0;-
2026/03/30;01:15:29;96;-; 52.47; 0.0;-; 13.2; 12.7; 0.0;-;-;1377;-0.2; 0.0; 0.0;-10; 21.7;F;1;29;On;On;Off; 22.2; 21.9;0;0;777;0;777;0;591;0;-
2026/03/30;01:16:29;96;-; 52.45; 0.0;-; 13.1; 12.3; 0.0;-;-;1377;-0.2; 0.0; 0.0;-10; 21.7;F;1;29;On;On;Off; 22.2; 21.9;0;0;777;0;777;0;591;0;-
2026/03/30;01:17:29;96;-; 52.45; 0.0;-; 12.9; 12.4; 0.0;-;-;1377;-0.2; 0.0; 0.0;-10; 21.7;F;1;29;On;On;Off; 22.2; 21.9;0;0;777;0;777;0;591;0;-
2026/03/30;01:18:29;96;-; 52.47; 0.0;-; 12.9; 12.3; 0.0;-;-;1377;-0.2; 0.0; 0.0;-10; 21.7;F;1;29;On;On;Off; 22.2; 21.9;0;0;777;0;777;0;591;0;-
2026/03/30;01:19:29;96;-; 52.45; 0.0;-; 12.7; 12.0; 0.0;-;-;1377;-0.2; 0.0; 0.0;-11; 21.7;F;1;29;On;On;Off; 22.2; 21.9;0;0;777;0;777;0;591;0;-
2026/03/30;01:20:29;96;-; 52.45; 0.0;-; 12.7; 11.8; 0.0;-;-;1377;-0.2; 0.0; 0.0;-11; 21.7;F;1;29;On;On;Off; 22.2; 21.9;0;0;777;0;777;0;591;0;-
2026/03/30;01:21:29;96;-; 52.45; 0.0;-; 12.8; 12.1; 0.0;-;-;1377;-0.2; 0.0; 0.0;-10; 21.7;F;1;29;On;On;Off; 22.2; 21.9;0;0;777;0;777;0;591;0;-
2026/03/30;01:22:29;96;-; 52.45; 0.0;-; 13.1; 12.4; 0.0;-;-;1377;-0.2; 0.0; 0.0;-11; 21.7;F;1;29;On;On;Off; 22.2; 21.9;0;0;777;0;777;0;591;0;-
2026/03/30;01:23:29;96;-; 52.45; 0.0;-; 12.9; 12.1; 0.0;-;-;1377;-0.2; 0.0; 0.0;-10; 21.6;F;1;29;On;On;Off; 22.2; 21.9;0;0;777;0;777;0;591;0;-
2026/03/30;01:24:29;96;-; 52.45; 0.0;-; 12.7; 12.0; 0.0;-;-;1377;-0.2; 0.0; 0.0;-10; 21.6;F;1;29;On;On;Off; 22.2; 21.9;0;0;777;0;777;0;591;0;-
2026/03/30;01:25:28;96;-; 52.43; 0.0;-; 13.1; 12.5; 0.0;-;-;1377;-0.2; 0.0; 0.0;-10; 21.7;F;1;29;On;On;Off; 22.2; 21.9;0;0;777;0;777;0;591;0;-
2026/03/30;01:26:28;96;-; 52.43; 0.0;-; 13.3; 12.6; 0.0;-;-;1377;-0.2; 0.0; 0.0;-10; 21.6;F;1;29;On;On;Off; 22.2; 21.9;0;0;777;0;777;0;591;0;-
2026/03/30;01:27:28;96;-; 52.45; 0.0;-; 13.2; 12.6; 0.0;-;-;1377;-0.2; 0.0; 0.0;-10; 21.6;F;1;29;On;On;Off; 22.2; 21.9;0;0;777;0;777;0;591;0;-
2026/03/30;01:28:28;96;-; 52.45; 0.0;-; 13.3; 12.6; 0.0;-;-;1377;-0.2; 0.0; 0.0;-11; 21.6;F;1;29;On;On;Off; 22.2; 21.9;0;0;777;0;777;0;591;0;-
2026/03/30;01:29:28;96;-; 52.45; 0.0;-; 13.3; 12.7; 0.0;-;-;1377;-0.2; 0.0; 0.0;-11; 21.6;F;1;29;On;On;Off; 22.2; 21.9;0;0;777;0;777;0;591;0;-
2026/03/30;01:30:28;96;-; 52.45; 0.0;-; 13.3; 12.6; 0.0;-;-;1377;-0.2; 0.0; 0.0;-10; 21.6;F;1;29;On;On;Off; 22.2; 21.9;0;0;777;0;777;0;591;0;-
2026/03/30;01:31:28;96;-; 52.45; 0.0;-; 13.3; 12.6; 0.0;-;-;1377;-0.2; 0.0; 0.0;-10; 21.6;F;1;29;On;On;Off; 22.2; 21.9;0;0;777;0;777;0;591;0;-
2026/03/30;01:32:28;96;-; 52.43; 0.0;-; 13.3; 12.7; 0.0;-;-;1377;-0.2; 0.0; 0.0;-10; 21.6;F;1;29;On;On;Off; 22.2; 21.9;0;0;777;0;777;0;591;0;-
2026/03/30;01:33:28;96;-; 52.45; 0.0;-; 13.4; 12.8; 0.0;-;-;1377;-0.2; 0.0; 0.0;-11; 21.6;F;1;29;On;On;Off; 22.2; 21.9;0;0;777;0;777;0;591;0;-
2026/03/30;01:34:28;96;-; 52.43; 0.0;-; 13.6; 12.9; 0.0;-;-;1377;-0.2; 0.0; 0.0;-11; 21.6;F;1;29;On;On;Off; 22.2; 21.9;0;0;777;0;777;0;591;0;-
2026/03/30;01:35:28;96;-; 52.43; 0.0;-; 13.5; 12.7; 0.0;-;-;1377;-0.2; 0.0; 0.0;-10; 21.6;F;1;29;On;On;Off; 22.2; 21.9;0;0;777;0;777;0;591;0;-
2026/03/30;01:36:28;96;-; 52.45; 0.0;-; 13.7; 13.0; 0.0;-;-;1377;-0.2; 0.0; 0.0;-10; 21.6;F;1;29;On;On;Off; 22.2; 21.9;0;0;777;0;777;0;591;0;-
2026/03/30;01:37:28;96;-; 52.45; 0.0;-; 13.5; 12.9; 0.0;-;-;1377;-0.2; 0.0; 0.0;-10; 21.6;F;1;29;On;On;Off; 22.2; 21.9;0;0;777;0;777;0;591;0;-
2026/03/30;01:38:28;96;-; 52.45; 0.0;-; 13.6; 12.9; 0.0;-;-;1377;-0.2; 0.0; 0.0;-10; 21.6;F;1;29;On;On;Off; 22.2; 21.9;0;0;777;0;777;0;591;0;-
2026/03/30;01:39:28;96;-; 52.43; 0.0;-; 13.7; 13.0; 0.0;-;-;1377;-0.2; 0.0; 0.0;-10; 21.6;F;1;29;On;On;Off; 22.2; 21.9;0;0;777;0;777;0;591;0;-
2026/03/30;01:40:28;96;-; 52.43; 0.0;-; 13.6; 13.1; 0.0;-;-;1377;-0.2; 0.0; 0.0;-9; 21.6;F;1;29;On;On;Off; 22.2; 21.9;0;0;777;0;777;0;591;0;-
2026/03/30;01:41:27;96;-; 52.45; 0.0;-; 13.5; 12.9; 0.0;-;-;1377;-0.2; 0.0; 0.0;-9; 21.6;F;1;29;On;On;Off; 22.2; 21.9;0;0;777;0;777;0;591;0;-
2026/03/30;01:42:27;96;-; 52.43; 0.0;-; 13.3; 12.7; 0.0;-;-;1377;-0.2; 0.0; 0.0;-9; 21.6;F;1;29;On;On;Off; 22.2; 21.9;0;0;777;0;777;0;591;0;-
2026/03/30;01:43:27;96;-; 52.45; 0.0;-; 13.3; 12.7; 0.0;-;-;1377;-0.2; 0.0; 0.0;-10; 21.6;F;1;29;On;On;Off; 22.2; 21.9;0;0;777;0;777;0;591;0;-
2026/03/30;01:44:27;96;-; 52.45; 0.0;-; 13.2; 12.7; 0.0;-;-;1378;-0.2; 0.0; 0.0;-10; 21.6;F;1;29;On;On;Off; 22.2; 21.9;0;0;777;0;777;0;591;0;-
2026/03/30;01:45:27;96;-; 52.45; 0.0;-; 13.3; 12.7; 0.0;-;-;1378;-0.2; 0.0; 0.0;-10; 21.6;F;1;29;On;On;Off; 22.2; 21.9;0;0;777;0;777;0;591;0;-
2026/03/30;01:46:27;96;-; 52.43; 0.0;-; 13.5; 12.8; 0.0;-;-;1378;-0.2; 0.0; 0.0;-10; 21.6;F;1;29;On;On;Off; 22.2; 21.9;0;0;777;0;777;0;591;0;-
2026/03/30;01:47:27;96;-; 52.43; 0.0;-; 13.5; 12.9; 0.0;-;-;1378;-0.2; 0.0; 0.0;-11; 21.6;F;1;29;On;On;Off; 22.2; 21.9;0;0;777;0;777;0;591;0;-
2026/03/30;01:48:27;96;-; 52.45; 0.0;-; 13.6; 12.9; 0.0;-;-;1378;-0.2; 0.0; 0.0;-11; 21.6;F;1;29;On;On;Off; 22.2; 21.9;0;0;777;0;777;0;591;0;-
2026/03/30;01:49:27;96;-; 52.45; 0.0;-; 13.5; 12.8; 0.0;-;-;1378;-0.2; 0.0; 0.0;-10; 21.6;F;1;29;On;On;Off; 22.2; 21.9;0;0;777;0;777;0;591;0;-
2026/03/30;01:50:27;96;-; 52.43; 0.0;-; 13.5; 12.8; 0.0;-;-;1378;-0.2; 0.0; 0.0;-10; 21.6;F;1;29;On;On;Off; 22.2; 21.9;0;0;777;0;777;0;591;0;-
2026/03/30;01:51:27;96;-; 52.45; 0.0;-; 13.6; 12.9; 0.0;-;-;1378;-0.2; 0.0; 0.0;-11; 21.6;F;1;29;On;On;Off; 22.2; 21.9;0;0;777;0;777;0;591;0;-
2026/03/30;01:52:27;96;-; 52.45; 0.0;-; 13.6; 12.9; 0.0;-;-;1378;-0.2; 0.0; 0.0;-11; 21.6;F;1;29;On;On;Off; 22.2; 21.9;0;0;777;0;777;0;591;0;-
2026/03/30;01:53:27;96;-; 52.43; 0.0;-; 13.6; 12.9; 0.0;-;-;1378;-0.2; 0.0; 0.0;-11; 21.6;F;1;29;On;On;Off; 22.2; 21.9;0;0;777;0;777;0;591;0;-
2026/03/30;01:54:27;96;-; 52.45; 0.0;-; 13.5; 12.8; 0.0;-;-;1378;-0.2; 0.0; 0.0;-11; 21.6;F;1;29;On;On;Off; 22.2; 21.9;0;0;777;0;777;0;591;0;-
2026/03/30;01:55:27;96;-; 52.45; 0.0;-; 13.6; 12.8; 0.0;-;-;1378;-0.2; 0.0; 0.0;-10; 21.6;F;1;29;On;On;Off; 22.2; 21.9;0;0;777;0;777;0;591;0;-
2026/03/30;01:56:27;96;-; 52.43; 0.0;-; 13.6; 13.0; 0.0;-;-;1378;-0.2; 0.0; 0.0;-10; 21.6;F;1;29;On;On;Off; 22.2; 21.9;0;0;777;0;777;0;591;0;-
2026/03/30;01:57:26;96;-; 52.45; 0.0;-; 13.5; 12.9; 0.0;-;-;1378;-0.2; 0.0; 0.0;-10; 21.7;F;1;29;On;On;Off; 22.2; 21.9;0;0;777;0;777;0;591;0;-
2026/03/30;01:58:26;96;-; 52.45; 0.0;-; 13.4; 12.8; 0.0;-;-;1378;-0.2; 0.0; 0.0;-10; 21.7;F;1;29;On;On;Off; 22.2; 21.9;0;0;777;0;777;0;591;0;-
2026/03/30;01:59:26;96;-; 52.45; 0.0;-; 13.6; 12.9; 0.0;-;-;1378;-0.2; 0.0; 0.0;-10; 21.7;F;1;29;On;On;Off; 22.2; 21.9;0;0;777;0;777;0;591;0;-
2026/03/30;02:00:26;96;-; 52.43; 0.0;-; 13.6; 13.0; 0.0;-;-;1378;-0.2; 0.0; 0.0;-10; 21.6;F;1;29;On;On;Off; 22.2; 21.9;0;0;777;0;777;0;591;0;-
2026/03/30;02:01:26;96;-; 52.43; 0.0;-; 13.6; 13.1; 0.0;-;-;1378;-0.2; 0.0; 0.0;-9; 21.7;F;1;29;On;On;Off; 22.2; 21.9;0;0;777;0;777;0;591;0;-
2026/03/30;02:02:26;96;-; 52.45; 0.0;-; 13.6; 13.0; 0.0;-;-;1378;-0.2; 0.0; 0.0;-10; 21.7;F;1;29;On;On;Off; 22.2; 21.9;0;0;777;0;777;0;591;0;-
2026/03/30;02:03:26;96;-; 52.45; 0.0;-; 13.7; 12.9; 0.0;-;-;1378;-0.2; 0.0; 0.0;-10; 21.7;F;1;29;On;On;Off; 22.2; 21.9;0;0;777;0;777;0;591;0;-
2026/03/30;02:04:26;96;-; 52.43; 0.0;-; 13.7; 13.0; 0.0;-;-;1378;-0.2; 0.0; 0.0;-10; 21.7;F;1;29;On;On;Off; 22.2; 21.9;0;0;777;0;777;0;591;0;-
2026/03/30;02:05:26;96;-; 52.45; 0.0;-; 13.7; 13.1; 0.0;-;-;1378;-0.2; 0.0; 0.0;-10; 21.7;F;1;29;On;On;Off; 22.2; 21.9;0;0;777;0;777;0;591;0;-
2026/03/30;02:06:26;96;-; 52.43; 0.0;-; 13.7; 12.9; 0.0;-;-;1378;-0.2; 0.0; 0.0;-10; 21.7;F;1;29;On;On;Off; 22.2; 21.9;0;0;777;0;777;0;591;0;-
2026/03/30;02:07:26;96;-; 52.43; 0.0;-; 13.8; 13.0; 0.0;-;-;1378;-0.2; 0.0; 0.0;-10; 21.7;F;1;29;On;On;Off; 22.2; 21.9;0;0;777;0;777;0;591;0;-
2026/03/30;02:08:26;96;-; 52.45; 0.0;-; 13.8; 13.0; 0.0;-;-;1378;-0.2; 0.0; 0.0;-11; 21.7;F;1;29;On;On;Off; 22.2; 21.9;0;0;777;0;777;0;591;0;-
2026/03/30;02:09:26;96;-; 52.45; 0.0;-; 13.7; 12.9; 0.0;-;-;1378;-0.2; 0.0; 0.0;-10; 21.7;F;1;29;On;On;Off; 22.2; 21.9;0;0;777;0;777;0;591;0;-
2026/03/30;02:10:26;96;-; 52.43; 0.0;-; 13.6; 12.9; 0.0;-;-;1378;-0.2; 0.0; 0.0;-11; 21.7;F;1;29;On;On;Off; 22.2; 21.9;0;0;777;0;777;0;591;0;-
2026/03/30;02:11:26;96;-; 52.43; 0.0;-; 13.8; 12.9; 0.0;-;-;1378;-0.2; 0.0; 0.0;-10; 21.7;F;1;29;On;On;Off; 22.2; 21.9;0;0;777;0;777;0;591;0;-
2026/03/30;02:12:25;96;-; 52.45; 0.0;-; 13.8; 12.9; 0.0;-;-;1378;-0.2; 0.0; 0.0;-10; 21.7;F;1;29;On;On;Off; 22.2; 21.9;0;0;777;0;777;0;591;0;-
2026/03/30;02:13:25;96;-; 52.43; 0.0;-; 13.7; 13.1; 0.0;-;-;1378;-0.2; 0.0; 0.0;-10; 21.7;F;1;29;On;On;Off; 22.2; 21.9;0;0;777;0;777;0;591;0;-
2026/03/30;02:14:25;96;-; 52.45; 0.0;-; 13.6; 12.9; 0.0;-;-;1378;-0.2; 0.0; 0.0;-10; 21.7;F;1;29;On;On;Off; 22.2; 21.9;0;0;777;0;777;0;591;0;-
2026/03/30;02:15:25;96;-; 52.43; 0.0;-; 13.7; 12.9; 0.0;-;-;1378;-0.2; 0.0; 0.0;-10; 21.7;F;1;29;On;On;Off; 22.2; 21.9;0;0;777;0;777;0;591;0;-
2026/03/30;02:16:25;96;-; 52.45; 0.0;-; 13.6; 12.9; 0.0;-;-;1378;-0.2; 0.0; 0.0;-10; 21.7;F;1;29;On;On;Off; 22.2; 21.9;0;0;777;0;777;0;591;0;-
2026/03/30;02:17:25;96;-; 52.45; 0.0;-; 13.6; 13.0; 0.0;-;-;1378;-0.2; 0.0; 0.0;-10; 21.7;F;1;29;On;On;Off; 22.2; 21.9;0;0;777;0;777;0;591;0;-
2026/03/30;02:18:25;96;-; 52.43; 0.0;-; 13.5; 12.9; 0.0;-;-;1378;-0.2; 0.0; 0.0;-10; 21.7;F;1;29;On;On;Off; 22.1; 21.9;0;0;777;0;777;0;591;0;-
2026/03/30;02:19:25;96;-; 52.45; 0.0;-; 13.4; 12.7; 0.0;-;-;1378;-0.2; 0.0; 0.0;-10; 21.7;F;1;29;On;On;Off; 22.2; 21.9;0;0;777;0;777;0;591;0;-
2026/03/30;02:20:25;96;-; 52.43; 0.0;-; 13.4; 12.7; 0.0;-;-;1378;-0.2; 0.0; 0.0;-11; 21.7;F;1;29;On;On;Off; 22.2; 21.9;0;0;777;0;777;0;591;0;-
2026/03/30;02:21:25;95;-; 52.45; 0.0;-; 13.7; 12.8; 0.0;-;-;1378;-0.2; 0.0; 0.0;-11; 21.7;F;1;29;On;On;Off; 22.1; 21.9;0;0;777;0;777;0;591;0;-
2026/03/30;02:22:25;95;-; 52.45; 0.0;-; 13.8; 13.0; 0.0;-;-;1378;-0.2; 0.0; 0.0;-10; 21.7;F;1;29;On;On;Off; 22.2; 21.9;0;0;777;0;777;0;591;0;-
2026/03/30;02:23:25;95;-; 52.45; 0.0;-; 13.8; 13.0; 0.0;-;-;1378;-0.2; 0.0; 0.0;-11; 21.7;F;1;29;On;On;Off; 22.2; 21.9;0;0;777;0;777;0;591;0;-
2026/03/30;02:24:25;95;-; 52.45; 0.0;-; 13.8; 12.9; 0.0;-;-;1378;-0.2; 0.0; 0.0;-10; 21.7;F;1;29;On;On;Off; 22.2; 21.9;0;0;777;0;777;0;591;0;-
2026/03/30;02:25:25;95;-; 52.43; 0.0;-; 13.4; 12.7; 0.0;-;-;1378;-0.2; 0.0; 0.0;-10; 21.7;F;1;29;On;On;Off; 22.1; 21.9;0;0;777;0;777;0;591;0;-
2026/03/30;02:26:25;95;-; 52.43; 0.0;-; 13.5; 12.7; 0.0;-;-;1378;-0.2; 0.0; 0.0;-10; 21.7;F;1;29;On;On;Off; 22.2; 21.9;0;0;777;0;777;0;591;0;-
2026/03/30;02:27:25;95;-; 52.43; 0.0;-; 13.4; 12.7; 0.0;-;-;1378;-0.2; 0.0; 0.0;-11; 21.7;F;1;29;On;On;Off; 22.2; 21.9;0;0;777;0;777;0;591;0;-
2026/03/30;02:28:24;95;-; 52.43; 0.0;-; 13.3; 12.6; 0.0;-;-;1378;-0.2; 0.0; 0.0;-11; 21.7;F;1;29;On;On;Off; 22.1; 21.9;0;0;777;0;777;0;591;0;-
2026/03/30;02:29:24;95;-; 52.43; 0.0;-; 13.3; 12.7; 0.0;-;-;1378;-0.2; 0.0; 0.0;-10; 21.7;F;1;29;On;On;Off; 22.1; 21.9;0;0;777;0;777;0;591;0;-
2026/03/30;02:30:24;95;-; 52.41; 0.0;-; 13.3; 12.8; 0.0;-;-;1378;-0.2; 0.0; 0.0;-10; 21.7;F;1;29;On;On;Off; 22.2; 21.9;0;0;777;0;777;0;591;0;-
2026/03/30;02:31:24;95;-; 52.43; 0.0;-; 13.3; 12.7; 0.0;-;-;1378;-0.2; 0.0; 0.0;-11; 21.7;F;1;29;On;On;Off; 22.2; 21.9;0;0;777;0;777;0;591;0;-
2026/03/30;02:32:24;95;-; 52.41; 0.0;-; 13.4; 12.8; 0.0;-;-;1378;-0.2; 0.0; 0.0;-10; 21.7;F;1;29;On;On;Off; 22.2; 21.9;0;0;777;0;777;0;591;0;-
2026/03/30;02:33:24;95;-; 52.43; 0.0;-; 13.5; 12.8; 0.0;-;-;1378;-0.2; 0.0; 0.0;-10; 21.7;F;1;29;On;On;Off; 22.1; 21.9;0;0;777;0;777;0;591;0;-
2026/03/30;02:34:24;95;-; 52.43; 0.0;-; 13.4; 12.8; 0.0;-;-;1378;-0.2; 0.0; 0.0;-10; 21.7;F;1;29;On;On;Off; 22.1; 21.9;0;0;777;0;777;0;591;0;-
2026/03/30;02:35:24;95;-; 52.41; 0.0;-; 13.2; 12.6; 0.0;-;-;1378;-0.2; 0.0; 0.0;-10; 21.7;F;1;29;On;On;Off; 22.1; 21.9;0;0;777;0;777;0;591;0;-
2026/03/30;02:36:24;95;-; 52.43; 0.0;-; 13.4; 12.7; 0.0;-;-;1378;-0.2; 0.0; 0.0;-10; 21.7;F;1;29;On;On;Off; 22.1; 21.9;0;0;777;0;777;0;591;0;-
2026/03/30;02:37:24;95;-; 52.43; 0.0;-; 13.3; 12.8; 0.0;-;-;1378;-0.2; 0.0; 0.0;-10; 21.7;F;1;29;On;On;Off; 22.1; 21.9;0;0;777;0;777;0;591;0;-
2026/03/30;02:38:24;95;-; 52.43; 0.0;-; 13.3; 12.9; 0.0;-;-;1378;-0.2; 0.0; 0.0;-10; 21.7;F;1;29;On;On;Off; 22.1; 21.9;0;0;777;0;777;0;591;0;-
2026/03/30;02:39:24;95;-; 52.43; 0.0;-; 13.5; 12.9; 0.0;-;-;1378;-0.2; 0.0; 0.0;-10; 21.7;F;1;29;On;On;Off; 22.1; 21.9;0;0;777;0;777;0;591;0;-
2026/03/30;02:40:24;95;-; 52.43; 0.0;-; 13.3; 12.8; 0.0;-;-;1378;-0.2; 0.0; 0.0;-11; 21.7;F;1;29;On;On;Off; 22.1; 21.8;0;0;777;0;777;0;591;0;-
2026/03/30;02:41:24;95;-; 52.43; 0.0;-; 13.4; 12.9; 0.0;-;-;1378;-0.2; 0.0; 0.0;-11; 21.7;F;1;29;On;On;Off; 22.1; 21.9;0;0;777;0;777;0;591;0;-
2026/03/30;02:42:24;95;-; 52.41; 0.0;-; 13.6; 12.8; 0.0;-;-;1378;-0.2; 0.0; 0.0;-10; 21.7;F;1;29;On;On;Off; 22.1; 21.8;0;0;777;0;777;0;591;0;-
2026/03/30;02:43:24;95;-; 52.43; 0.0;-; 13.5; 12.8; 0.0;-;-;1378;-0.2; 0.0; 0.0;-10; 21.7;F;1;29;On;On;Off; 22.1; 21.8;0;0;777;0;777;0;591;0;-
2026/03/30;02:44:23;95;-; 52.41; 0.0;-; 13.5; 12.8; 0.0;-;-;1379;-0.2; 0.0; 0.0;-10; 21.7;F;1;29;On;On;Off; 22.1; 21.8;0;0;777;0;777;0;591;0;-
2026/03/30;02:45:23;95;-; 52.41; 0.0;-; 13.5; 12.8; 0.0;-;-;1379;-0.2; 0.0; 0.0;-10; 21.7;F;1;29;On;On;Off; 22.1; 21.8;0;0;777;0;777;0;591;0;-
2026/03/30;02:46:23;95;-; 52.41; 0.0;-; 13.4; 12.8; 0.0;-;-;1379;-0.2; 0.0; 0.0;-10; 21.7;F;1;29;On;On;Off; 22.1; 21.8;0;0;777;0;777;0;591;0;-
2026/03/30;02:47:23;95;-; 52.41; 0.0;-; 13.5; 12.9; 0.0;-;-;1379;-0.2; 0.0; 0.0;-10; 21.7;F;1;29;On;On;Off; 22.1; 21.9;0;0;777;0;777;0;591;0;-
2026/03/30;02:48:23;95;-; 52.41; 0.0;-; 13.6; 12.9; 0.0;-;-;1379;-0.2; 0.0; 0.0;-10; 21.7;F;1;29;On;On;Off; 22.1; 21.8;0;0;777;0;777;0;591;0;-
2026/03/30;02:49:23;95;-; 52.43; 0.0;-; 13.6; 12.9; 0.0;-;-;1379;-0.2; 0.0; 0.0;-10; 21.7;F;1;29;On;On;Off; 22.1; 21.8;0;0;777;0;777;0;591;0;-
2026/03/30;02:50:23;95;-; 52.43; 0.0;-; 13.7; 13.0; 0.0;-;-;1379;-0.2; 0.0; 0.0;-10; 21.7;F;1;29;On;On;Off; 22.1; 21.8;0;0;777;0;777;0;591;0;-
2026/03/30;02:51:23;95;-; 52.43; 0.0;-; 13.7; 13.1; 0.0;-;-;1379;-0.2; 0.0; 0.0;-10; 21.7;F;1;29;On;On;Off; 22.1; 21.9;0;0;777;0;777;0;591;0;-
2026/03/30;02:52:23;95;-; 52.41; 0.0;-; 13.7; 12.9; 0.0;-;-;1379;-0.2; 0.0; 0.0;-11; 21.7;F;1;29;On;On;Off; 22.1; 21.8;0;0;777;0;777;0;591;0;-
2026/03/30;02:53:23;95;-; 52.41; 0.0;-; 13.7; 13.0; 0.0;-;-;1379;-0.2; 0.0; 0.0;-10; 21.7;F;1;29;On;On;Off; 22.1; 21.8;0;0;777;0;777;0;591;0;-
2026/03/30;02:54:23;95;-; 52.43; 0.0;-; 13.7; 13.0; 0.0;-;-;1379;-0.2; 0.0; 0.0;-10; 21.7;F;1;29;On;On;Off; 22.1; 21.8;0;0;777;0;777;0;591;0;-
2026/03/30;02:55:23;95;-; 52.43; 0.0;-; 13.5; 12.9; 0.0;-;-;1379;-0.2; 0.0; 0.0;-11; 21.7;F;1;29;On;On;Off; 22.1; 21.8;0;0;777;0;777;0;591;0;-
2026/03/30;02:56:23;95;-; 52.43; 0.0;-; 13.6; 13.0; 0.0;-;-;1379;-0.2; 0.0; 0.0;-10; 21.7;F;1;29;On;On;Off; 22.1; 21.8;0;0;777;0;777;0;591;0;-
2026/03/30;02:57:23;95;-; 52.43; 0.0;-; 13.6; 13.0; 0.0;-;-;1379;-0.2; 0.0; 0.0;-11; 21.7;F;1;29;On;On;Off; 22.1; 21.8;0;0;777;0;777;0;591;0;-
2026/03/30;02:58:23;95;-; 52.43; 0.0;-; 13.4; 13.0; 0.0;-;-;1379;-0.2; 0.0; 0.0;-11; 21.7;F;1;29;On;On;Off; 22.1; 21.8;0;0;777;0;777;0;591;0;-
2026/03/30;02:59:23;95;-; 52.43; 0.0;-; 13.5; 12.9; 0.0;-;-;1379;-0.2; 0.0; 0.0;-10; 21.7;F;1;29;On;On;Off; 22.1; 21.8;0;0;777;0;777;0;591;0;-
2026/03/30;03:00:22;95;-; 52.43; 0.0;-; 15.3; 13.8; 0.0;-;-;1379;-0.2; 0.0; 0.0;-10; 21.7;F;1;29;On;On;Off; 22.1; 21.8;0;0;777;0;777;0;591;0;-
2026/03/30;03:01:22;95;-; 52.43; 0.0;-; 15.3; 13.9; 0.0;-;-;1379;-0.2; 0.0; 0.0;-10; 21.7;F;1;29;On;On;Off; 22.1; 21.8;0;0;777;0;777;0;591;0;-
2026/03/30;03:02:22;95;-; 52.43; 0.0;-; 15.4; 13.7; 0.0;-;-;1379;-0.2; 0.0; 0.0;-10; 21.6;F;1;29;On;On;Off; 22.1; 21.8;0;0;777;0;777;0;591;0;-
2026/03/30;03:03:22;95;-; 52.43; 0.0;-; 15.3; 13.6; 0.0;-;-;1379;-0.2; 0.0; 0.0;-9; 21.6;F;1;29;On;On;Off; 22.1; 21.8;0;0;777;0;777;0;591;0;-
2026/03/30;03:04:22;95;-; 52.43; 0.0;-; 15.3; 13.8; 0.0;-;-;1379;-0.2; 0.0; 0.0;-10; 21.7;F;1;29;On;On;Off; 22.1; 21.8;0;0;777;0;777;0;591;0;-
2026/03/30;03:05:22;95;-; 52.41; 0.0;-; 15.1; 13.6; 0.0;-;-;1379;-0.2; 0.0; 0.0;-10; 21.7;F;1;29;On;On;Off; 22.1; 21.8;0;0;777;0;777;0;591;0;-
2026/03/30;03:06:22;95;-; 52.43; 0.0;-; 15.1; 13.4; 0.0;-;-;1379;-0.2; 0.0; 0.0;-10; 21.6;F;1;29;On;On;Off; 22.1; 21.8;0;0;777;0;777;0;591;0;-
2026/03/30;03:07:22;95;-; 52.43; 0.0;-; 15.0; 13.5; 0.0;-;-;1379;-0.2; 0.0; 0.0;-10; 21.6;F;1;29;On;On;Off; 22.1; 21.8;0;0;777;0;777;0;591;0;-
2026/03/30;03:08:22;95;-; 52.41; 0.0;-; 15.0; 13.4; 0.0;-;-;1379;-0.2; 0.0; 0.0;-10; 21.6;F;1;29;On;On;Off; 22.1; 21.8;0;0;777;0;777;0;591;0;-
2026/03/30;03:09:22;95;-; 52.43; 0.0;-; 15.0; 13.4; 0.0;-;-;1379;-0.2; 0.0; 0.0;-10; 21.6;F;1;29;On;On;Off; 22.1; 21.8;0;0;777;0;777;0;591;0;-
2026/03/30;03:10:22;95;-; 52.43; 0.0;-; 15.0; 13.5; 0.0;-;-;1379;-0.2; 0.0; 0.0;-10; 21.6;F;1;29;On;On;Off; 22.1; 21.8;0;0;777;0;777;0;591;0;-
2026/03/30;03:11:22;95;-; 52.43; 0.0;-; 15.0; 13.4; 0.0;-;-;1379;-0.2; 0.0; 0.0;-11; 21.6;F;1;29;On;On;Off; 22.1; 21.8;0;0;777;0;777;0;591;0;-
2026/03/30;03:12:22;95;-; 52.41; 0.0;-; 15.1; 13.5; 0.0;-;-;1379;-0.2; 0.0; 0.0;-10; 21.6;F;1;29;On;On;Off; 22.1; 21.8;0;0;777;0;777;0;591;0;-
2026/03/30;03:13:22;95;-; 52.43; 0.0;-; 14.9; 13.4; 0.0;-;-;1379;-0.2; 0.0; 0.0;-10; 21.6;F;1;29;On;On;Off; 22.1; 21.8;0;0;777;0;777;0;591;0;-
2026/03/30;03:14:22;95;-; 52.41; 0.0;-; 14.8; 13.2; 0.0;-;-;1379;-0.2; 0.0; 0.0;-10; 21.6;F;1;29;On;On;Off; 22.1; 21.8;0;0;777;0;777;0;591;0;-
2026/03/30;03:15:22;95;-; 52.41; 0.0;-; 14.8; 13.4; 0.0;-;-;1379;-0.2; 0.0; 0.0;-10; 21.6;F;1;29;On;On;Off; 22.1; 21.8;0;0;777;0;777;0;591;0;-
2026/03/30;03:16:21;95;-; 52.43; 0.0;-; 14.7; 13.2; 0.0;-;-;1379;-0.2; 0.0; 0.0;-10; 21.6;F;1;29;On;On;Off; 22.1; 21.8;0;0;777;0;777;0;591;0;-
2026/03/30;03:17:21;95;-; 52.43; 0.0;-; 14.6; 13.0; 0.0;-;-;1379;-0.2; 0.0; 0.0;-10; 21.6;F;1;29;On;On;Off; 22.1; 21.8;0;0;777;0;777;0;591;0;-
2026/03/30;03:18:21;95;-; 52.41; 0.0;-; 14.5; 12.8; 0.0;-;-;1379;-0.2; 0.0; 0.0;-11; 21.6;F;1;29;On;On;Off; 22.1; 21.8;0;0;777;0;777;0;591;0;-
2026/03/30;03:19:21;95;-; 52.43; 0.0;-; 14.6; 13.0; 0.0;-;-;1379;-0.2; 0.0; 0.0;-10; 21.6;F;1;29;On;On;Off; 22.1; 21.8;0;0;777;0;777;0;591;0;-
2026/03/30;03:20:21;95;-; 52.41; 0.0;-; 14.3; 12.7; 0.0;-;-;1379;-0.2; 0.0; 0.0;-10; 21.6;F;1;29;On;On;Off; 22.1; 21.8;0;0;777;0;777;0;591;0;-
2026/03/30;03:21:21;95;-; 52.43; 0.0;-; 14.4; 12.8; 0.0;-;-;1379;-0.2; 0.0; 0.0;-10; 21.6;F;1;29;On;On;Off; 22.1; 21.8;0;0;777;0;777;0;591;0;-
2026/03/30;03:22:21;95;-; 52.43; 0.0;-; 14.2; 12.6; 0.0;-;-;1379;-0.2; 0.0; 0.0;-10; 21.6;F;1;29;On;On;Off; 22.1; 21.8;0;0;777;0;777;0;591;0;-
2026/03/30;03:23:21;95;-; 52.43; 0.0;-; 14.4; 12.7; 0.0;-;-;1379;-0.2; 0.0; 0.0;-10; 21.6;F;1;29;On;On;Off; 22.1; 21.8;0;0;777;0;777;0;591;0;-
2026/03/30;03:24:21;95;-; 52.43; 0.0;-; 14.6; 13.0; 0.0;-;-;1379;-0.2; 0.0; 0.0;-10; 21.6;F;1;29;On;On;Off; 22.1; 21.8;0;0;777;0;777;0;591;0;-
2026/03/30;03:25:21;95;-; 52.43; 0.0;-; 14.8; 13.2; 0.0;-;-;1379;-0.2; 0.0; 0.0;-10; 21.6;F;1;29;On;On;Off; 22.1; 21.8;0;0;777;0;777;0;591;0;-
2026/03/30;03:26:21;95;-; 52.41; 0.0;-; 14.9; 13.4; 0.0;-;-;1379;-0.2; 0.0; 0.0;-10; 21.6;F;1;29;On;On;Off; 22.1; 21.8;0;0;777;0;777;0;591;0;-
2026/03/30;03:27:21;95;-; 52.43; 0.0;-; 14.8; 13.3; 0.0;-;-;1379;-0.2; 0.0; 0.0;-10; 21.6;F;1;29;On;On;Off; 22.1; 21.8;0;0;777;0;777;0;591;0;-
2026/03/30;03:28:21;95;-; 52.43; 0.0;-; 14.7; 13.1; 0.0;-;-;1379;-0.2; 0.0; 0.0;-10; 21.6;F;1;29;On;On;Off; 22.1; 21.8;0;0;777;0;777;0;591;0;-
2026/03/30;03:29:21;95;-; 52.41; 0.0;-; 14.8; 13.2; 0.0;-;-;1379;-0.2; 0.0; 0.0;-10; 21.6;F;1;29;On;On;Off; 22.1; 21.8;0;0;777;0;777;0;591;0;-
2026/03/30;03:30:21;95;-; 52.43; 0.0;-; 14.9; 13.3; 0.0;-;-;1379;-0.2; 0.0; 0.0;-10; 21.6;F;1;29;On;On;Off; 22.1; 21.8;0;0;777;0;777;0;591;0;-
2026/03/30;03:31:21;95;-; 52.43; 0.0;-; 14.8; 13.3; 0.0;-;-;1379;-0.2; 0.0; 0.0;-10; 21.6;F;1;29;On;On;Off; 22.1; 21.8;0;0;777;0;777;0;591;0;-
2026/03/30;03:32:20;95;-; 52.43; 0.0;-; 14.9; 13.3; 0.0;-;-;1379;-0.2; 0.0; 0.0;-10; 21.6;F;1;29;On;On;Off; 22.1; 21.8;0;0;777;0;777;0;591;0;-
2026/03/30;03:33:20;95;-; 52.41; 0.0;-; 15.0; 13.3; 0.0;-;-;1379;-0.2; 0.0; 0.0;-10; 21.6;F;1;29;On;On;Off; 22.1; 21.8;0;0;777;0;777;0;591;0;-
2026/03/30;03:34:20;95;-; 52.43; 0.0;-; 14.9; 13.4; 0.0;-;-;1379;-0.2; 0.0; 0.0;-10; 21.6;F;1;29;On;On;Off; 22.1; 21.8;0;0;777;0;777;0;591;0;-
2026/03/30;03:35:20;95;-; 52.43; 0.0;-; 14.8; 13.2; 0.0;-;-;1379;-0.2; 0.0; 0.0;-10; 21.6;F;1;29;On;On;Off; 22.1; 21.8;0;0;777;0;777;0;591;0;-
2026/03/30;03:36:20;95;-; 52.43; 0.0;-; 14.9; 13.2; 0.0;-;-;1379;-0.2; 0.0; 0.0;-10; 21.6;F;1;29;On;On;Off; 22.1; 21.8;0;0;777;0;777;0;591;0;-
2026/03/30;03:37:20;95;-; 52.43; 0.0;-; 14.8; 13.2; 0.0;-;-;1379;-0.2; 0.0; 0.0;-9; 21.6;F;1;29;On;On;Off; 22.1; 21.8;0;0;777;0;777;0;591;0;-
2026/03/30;03:38:20;95;-; 52.41; 0.0;-; 14.7; 13.0; 0.0;-;-;1379;-0.2; 0.0; 0.0;-10; 21.6;F;1;29;On;On;Off; 22.1; 21.8;0;0;777;0;777;0;591;0;-
2026/03/30;03:39:20;95;-; 52.41; 0.0;-; 14.8; 13.2; 0.0;-;-;1379;-0.2; 0.0; 0.0;-9; 21.7;F;1;29;On;On;Off; 22.1; 21.8;0;0;777;0;777;0;591;0;-
2026/03/30;03:40:20;95;-; 52.43; 0.0;-; 15.3; 13.4; 0.0;-;-;1379;-0.2; 0.0; 0.0;-10; 21.7;F;1;29;On;On;Off; 22.1; 21.8;0;0;777;0;777;0;591;0;-
2026/03/30;03:41:20;95;-; 52.43; 0.0;-; 14.9; 13.2; 0.0;-;-;1379;-0.2; 0.0; 0.0;-9; 21.7;F;1;29;On;On;Off; 22.1; 21.8;0;0;777;0;777;0;591;0;-
2026/03/30;03:42:20;95;-; 52.43; 0.0;-; 14.7; 13.1; 0.0;-;-;1379;-0.2; 0.0; 0.0;-10; 21.7;F;1;29;On;On;Off; 22.1; 21.8;0;0;777;0;777;0;591;0;-
2026/03/30;03:43:20;95;-; 52.43; 0.0;-; 14.8; 13.1; 0.0;-;-;1379;-0.2; 0.0; 0.0;-9; 21.7;F;1;29;On;On;Off; 22.1; 21.8;0;0;777;0;777;0;591;0;-
2026/03/30;03:44:20;95;-; 52.43; 0.0;-; 14.7; 13.0; 0.0;-;-;1380;-0.2; 0.0; 0.0;-10; 21.7;F;1;29;On;On;Off; 22.1; 21.8;0;0;777;0;777;0;591;0;-
2026/03/30;03:45:20;95;-; 52.43; 0.0;-; 14.9; 13.2; 0.0;-;-;1380;-0.2; 0.0; 0.0;-11; 21.7;F;1;29;On;On;Off; 22.1; 21.8;0;0;777;0;777;0;591;0;-
2026/03/30;03:46:20;95;-; 52.43; 0.0;-; 15.0; 13.5; 0.0;-;-;1380;-0.2; 0.0; 0.0;-11; 21.7;F;1;29;On;On;Off; 22.1; 21.8;0;0;777;0;777;0;591;0;-
2026/03/30;03:47:20;95;-; 52.41; 0.0;-; 15.0; 13.3; 0.0;-;-;1380;-0.2; 0.0; 0.0;-10; 21.7;F;1;29;On;On;Off; 22.1; 21.8;0;0;777;0;777;0;591;0;-
2026/03/30;03:48:19;95;-; 52.41; 0.0;-; 15.0; 13.5; 0.0;-;-;1380;-0.2; 0.0; 0.0;-10; 21.7;F;1;29;On;On;Off; 22.1; 21.8;0;0;777;0;777;0;591;0;-
2026/03/30;03:49:19;95;-; 52.41; 0.0;-; 14.8; 13.2; 0.0;-;-;1380;-0.2; 0.0; 0.0;-9; 21.7;F;1;29;On;On;Off; 22.1; 21.8;0;0;777;0;777;0;591;0;-
2026/03/30;03:50:19;95;-; 52.41; 0.0;-; 14.6; 13.0; 0.0;-;-;1380;-0.2; 0.0; 0.0;-10; 21.7;F;1;29;On;On;Off; 22.1; 21.8;0;0;777;0;777;0;591;0;-
2026/03/30;03:51:19;95;-; 52.43; 0.0;-; 14.1; 12.5; 0.0;-;-;1380;-0.2; 0.0; 0.0;-10; 21.7;F;1;29;On;On;Off; 22.1; 21.8;0;0;777;0;777;0;591;0;-
2026/03/30;03:52:19;95;-; 52.41; 0.0;-; 13.8; 12.1; 0.0;-;-;1380;-0.2; 0.0; 0.0;-10; 21.7;F;1;29;On;On;Off; 22.1; 21.8;0;0;777;0;777;0;591;0;-
2026/03/30;03:53:19;95;-; 52.41; 0.0;-; 13.5; 11.8; 0.0;-;-;1380;-0.2; 0.0; 0.0;-10; 21.7;F;1;29;On;On;Off; 22.1; 21.8;0;0;777;0;777;0;591;0;-
2026/03/30;03:54:19;95;-; 52.41; 0.0;-; 13.7; 12.2; 0.0;-;-;1380;-0.2; 0.0; 0.0;-10; 21.7;F;1;29;On;On;Off; 22.1; 21.8;0;0;777;0;777;0;591;0;-
2026/03/30;03:55:19;95;-; 52.43; 0.0;-; 14.3; 12.6; 0.0;-;-;1380;-0.2; 0.0; 0.0;-10; 21.7;F;1;29;On;On;Off; 22.1; 21.8;0;0;777;0;777;0;591;0;-
2026/03/30;03:56:19;95;-; 52.43; 0.0;-; 14.7; 13.1; 0.0;-;-;1380;-0.2; 0.0; 0.0;-9; 21.7;F;1;29;On;On;Off; 22.1; 21.8;0;0;777;0;777;0;591;0;-
2026/03/30;03:57:19;95;-; 52.41; 0.0;-; 14.8; 13.2; 0.0;-;-;1380;-0.2; 0.0; 0.0;-10; 21.7;F;1;29;On;On;Off; 22.1; 21.8;0;0;777;0;777;0;591;0;-
2026/03/30;03:58:19;95;-; 52.43; 0.0;-; 14.8; 13.2; 0.0;-;-;1380;-0.2; 0.0; 0.0;-10; 21.7;F;1;29;On;On;Off; 22.1; 21.8;0;0;777;0;777;0;591;0;-
2026/03/30;03:59:19;95;-; 52.43; 0.0;-; 14.9; 13.4; 0.0;-;-;1380;-0.2; 0.0; 0.0;-9; 21.7;F;1;29;On;On;Off; 22.1; 21.8;0;0;777;0;777;0;591;0;-
2026/03/30;04:00:19;95;-; 52.41; 0.0;-; 15.2; 13.7; 0.0;-;-;1380;-0.2; 0.0; 0.0;-9; 21.7;F;1;29;On;On;Off; 22.1; 21.8;0;0;777;0;777;0;591;0;-
2026/03/30;04:01:19;95;-; 52.41; 0.0;-; 15.5; 13.9; 0.0;-;-;1380;-0.2; 0.0; 0.0;-10; 21.7;F;1;29;On;On;Off; 22.1; 21.8;0;0;777;0;777;0;591;0;-
2026/03/30;04:02:19;95;-; 52.41; 0.0;-; 15.6; 13.8; 0.0;-;-;1380;-0.2; 0.0; 0.0;-10; 21.7;F;1;29;On;On;Off; 22.1; 21.8;0;0;777;0;777;0;591;0;-
2026/03/30;04:03:19;95;-; 52.41; 0.0;-; 15.6; 13.8; 0.0;-;-;1380;-0.2; 0.0; 0.0;-9; 21.7;F;1;29;On;On;Off; 22.1; 21.8;0;0;777;0;777;0;591;0;-
2026/03/30;04:04:18;95;-; 52.43; 0.0;-; 15.7; 14.0; 0.0;-;-;1380;-0.2; 0.0; 0.0;-9; 21.7;F;1;29;On;On;Off; 22.1; 21.8;0;0;777;0;777;0;591;0;-
2026/03/30;04:05:18;95;-; 52.43; 0.0;-; 15.8; 13.9; 0.0;-;-;1380;-0.2; 0.0; 0.0;-10; 21.7;F;1;29;On;On;Off; 22.1; 21.8;0;0;777;0;777;0;591;0;-
2026/03/30;04:06:18;95;-; 52.41; 0.0;-; 15.6; 13.9; 0.0;-;-;1380;-0.2; 0.0; 0.0;-10; 21.7;F;1;29;On;On;Off; 22.1; 21.8;0;0;777;0;777;0;591;0;-
2026/03/30;04:07:18;95;-; 52.41; 0.0;-; 15.5; 13.9; 0.0;-;-;1380;-0.2; 0.0; 0.0;-10; 21.7;F;1;29;On;On;Off; 22.1; 21.8;0;0;777;0;777;0;591;0;-
2026/03/30;04:08:18;95;-; 52.41; 0.0;-; 15.6; 13.9; 0.0;-;-;1380;-0.2; 0.0; 0.0;-9; 21.7;F;1;29;On;On;Off; 22.1; 21.8;0;0;777;0;777;0;591;0;-
2026/03/30;04:09:18;95;-; 52.41; 0.0;-; 15.7; 14.0; 0.0;-;-;1380;-0.2; 0.0; 0.0;-10; 21.7;F;1;29;On;On;Off; 22.1; 21.8;0;0;777;0;777;0;591;0;-
2026/03/30;04:10:18;95;-; 52.41; 0.0;-; 15.6; 13.9; 0.0;-;-;1380;-0.2; 0.0; 0.0;-9; 21.7;F;1;29;On;On;Off; 22.1; 21.8;0;0;777;0;777;0;591;0;-
2026/03/30;04:11:18;95;-; 52.41; 0.0;-; 15.6; 14.0; 0.0;-;-;1380;-0.2; 0.0; 0.0;-10; 21.7;F;1;29;On;On;Off; 22.1; 21.8;0;0;777;0;777;0;591;0;-
2026/03/30;04:12:18;95;-; 52.41; 0.0;-; 15.6; 13.9; 0.0;-;-;1380;-0.2; 0.0; 0.0;-10; 21.7;F;1;29;On;On;Off; 22.1; 21.8;0;0;777;0;777;0;591;0;-
2026/03/30;04:13:18;95;-; 52.41; 0.0;-; 15.6; 13.8; 0.0;-;-;1380;-0.2; 0.0; 0.0;-9; 21.7;F;1;29;On;On;Off; 22.1; 21.8;0;0;777;0;777;0;591;0;-
2026/03/30;04:14:18;95;-; 52.41; 0.0;-; 15.7; 14.1; 0.0;-;-;1380;-0.2; 0.0; 0.0;-10; 21.7;F;1;29;On;On;Off; 22.1; 21.8;0;0;777;0;777;0;591;0;-
2026/03/30;04:15:18;95;-; 52.41; 0.0;-; 15.7; 14.1; 0.0;-;-;1380;-0.2; 0.0; 0.0;-9; 21.7;F;1;29;On;On;Off; 22.1; 21.8;0;0;777;0;777;0;591;0;-
2026/03/30;04:16:18;94;-; 52.39; 0.0;-; 15.5; 13.8; 0.0;-;-;1380;-0.2; 0.0; 0.0;-10; 21.7;F;1;29;On;On;Off; 22.1; 21.8;0;0;777;0;777;0;591;0;-
2026/03/30;04:17:18;94;-; 52.41; 0.0;-; 15.2; 13.5; 0.0;-;-;1380;-0.2; 0.0; 0.0;-10; 21.7;F;1;29;On;On;Off; 22.1; 21.8;0;0;777;0;777;0;591;0;-
2026/03/30;04:18:18;94;-; 52.41; 0.0;-; 15.3; 13.5; 0.0;-;-;1380;-0.2; 0.0; 0.0;-9; 21.7;F;1;29;On;On;Off; 22.1; 21.8;0;0;777;0;777;0;591;0;-
2026/03/30;04:19:18;94;-; 52.41; 0.0;-; 15.2; 13.5; 0.0;-;-;1380;-0.2; 0.0; 0.0;-10; 21.7;F;1;29;On;On;Off; 22.1; 21.8;0;0;777;0;777;0;591;0;-
2026/03/30;04:20:17;94;-; 52.41; 0.0;-; 15.0; 13.4; 0.0;-;-;1380;-0.2; 0.0; 0.0;-10; 21.7;F;1;29;On;On;Off; 22.1; 21.8;0;0;777;0;777;0;591;0;-
2026/03/30;04:21:17;94;-; 52.41; 0.0;-; 15.1; 13.3; 0.0;-;-;1380;-0.2; 0.0; 0.0;-10; 21.7;F;1;29;On;On;Off; 22.1; 21.8;0;0;777;0;777;0;591;0;-
2026/03/30;04:22:17;94;-; 52.41; 0.0;-; 15.3; 13.7; 0.0;-;-;1380;-0.2; 0.0; 0.0;-10; 21.7;F;1;29;On;On;Off; 22.1; 21.8;0;0;777;0;777;0;591;0;-
2026/03/30;04:23:17;94;-; 52.41; 0.0;-; 15.5; 13.9; 0.0;-;-;1380;-0.2; 0.0; 0.0;-10; 21.7;F;1;29;On;On;Off; 22.1; 21.8;0;0;777;0;777;0;591;0;-
2026/03/30;04:24:17;94;-; 52.41; 0.0;-; 15.7; 14.1; 0.0;-;-;1380;-0.2; 0.0; 0.0;-10; 21.7;F;1;29;On;On;Off; 22.1; 21.8;0;0;777;0;777;0;591;0;-
2026/03/30;04:25:17;94;-; 52.39; 0.0;-; 15.7; 14.0; 0.0;-;-;1380;-0.2; 0.0; 0.0;-10; 21.7;F;1;29;On;On;Off; 22.1; 21.8;0;0;777;0;777;0;591;0;-
2026/03/30;04:26:17;94;-; 52.39; 0.0;-; 15.7; 14.1; 0.0;-;-;1380;-0.2; 0.0; 0.0;-9; 21.7;F;1;29;On;On;Off; 22.1; 21.8;0;0;777;0;777;0;591;0;-
2026/03/30;04:27:17;94;-; 52.41; 0.0;-; 15.8; 14.1; 0.0;-;-;1380;-0.2; 0.0; 0.0;-9; 21.7;F;1;29;On;On;Off; 22.1; 21.8;0;0;777;0;777;0;591;0;-
2026/03/30;04:28:17;94;-; 52.41; 0.0;-; 15.8; 14.2; 0.0;-;-;1380;-0.2; 0.0; 0.0;-9; 21.7;F;1;29;On;On;Off; 22.1; 21.8;0;0;777;0;777;0;591;0;-
2026/03/30;04:29:17;94;-; 52.39; 0.0;-; 15.8; 14.2; 0.0;-;-;1380;-0.2; 0.0; 0.0;-9; 21.7;F;1;29;On;On;Off; 22.1; 21.8;0;0;777;0;777;0;591;0;-
2026/03/30;04:30:17;94;-; 52.39; 0.0;-; 15.9; 14.4; 0.0;-;-;1380;-0.2; 0.0; 0.0;-9; 21.7;F;1;29;On;On;Off; 22.1; 21.8;0;0;777;0;777;0;591;0;-
2026/03/30;04:31:17;94;-; 52.41; 0.0;-; 16.0; 14.2; 0.0;-;-;1380;-0.2; 0.0; 0.0;-9; 21.7;F;1;29;On;On;Off; 22.1; 21.8;0;0;777;0;777;0;591;0;-
2026/03/30;04:32:17;94;-; 52.39; 0.0;-; 15.9; 14.3; 0.0;-;-;1380;-0.2; 0.0; 0.0;-10; 21.7;F;1;29;On;On;Off; 22.1; 21.8;0;0;777;0;777;0;591;0;-
2026/03/30;04:33:17;94;-; 52.41; 0.0;-; 15.8; 14.3; 0.0;-;-;1380;-0.2; 0.0; 0.0;-9; 21.7;F;1;29;On;On;Off; 22.0; 21.8;0;0;777;0;777;0;591;0;-
2026/03/30;04:34:17;94;-; 52.41; 0.0;-; 15.8; 14.3; 0.0;-;-;1380;-0.2; 0.0; 0.0;-10; 21.7;F;1;29;On;On;Off; 22.1; 21.8;0;0;777;0;777;0;591;0;-
2026/03/30;04:35:17;94;-; 52.41; 0.0;-; 15.9; 14.4; 0.0;-;-;1380;-0.2; 0.0; 0.0;-10; 21.7;F;1;29;On;On;Off; 22.1; 21.8;0;0;777;0;777;0;591;0;-
2026/03/30;04:36:16;94;-; 52.39; 0.0;-; 15.9; 14.4; 0.0;-;-;1380;-0.2; 0.0; 0.0;-9; 21.7;F;1;29;On;On;Off; 22.0; 21.8;0;0;777;0;777;0;591;0;-
2026/03/30;04:37:16;94;-; 52.41; 0.0;-; 15.9; 14.2; 0.0;-;-;1380;-0.2; 0.0; 0.0;-9; 21.7;F;1;29;On;On;Off; 22.1; 21.8;0;0;777;0;777;0;591;0;-
2026/03/30;04:38:16;94;-; 52.41; 0.0;-; 15.7; 14.1; 0.0;-;-;1380;-0.2; 0.0; 0.0;-10; 21.7;F;1;29;On;On;Off; 22.1; 21.8;0;0;777;0;777;0;591;0;-
2026/03/30;04:39:16;94;-; 52.41; 0.0;-; 15.6; 14.0; 0.0;-;-;1380;-0.2; 0.0; 0.0;-9; 21.7;F;1;29;On;On;Off; 22.0; 21.8;0;0;777;0;777;0;591;0;-
2026/03/30;04:40:16;94;-; 52.41; 0.0;-; 15.6; 14.0; 0.0;-;-;1380;-0.2; 0.0; 0.0;-9; 21.7;F;1;29;On;On;Off; 22.0; 21.8;0;0;777;0;777;0;591;0;-
2026/03/30;04:41:16;94;-; 52.41; 0.0;-; 15.7; 14.3; 0.0;-;-;1380;-0.2; 0.0; 0.0;-9; 21.7;F;1;29;On;On;Off; 22.1; 21.8;0;0;777;0;777;0;591;0;-
2026/03/30;04:42:16;94;-; 52.39; 0.0;-; 15.8; 14.1; 0.0;-;-;1380;-0.2; 0.0; 0.0;-9; 21.7;F;1;29;On;On;Off; 22.1; 21.8;0;0;777;0;777;0;591;0;-
2026/03/30;04:43:16;94;-; 52.39; 0.0;-; 15.9; 14.3; 0.0;-;-;1380;-0.2; 0.0; 0.0;-10; 21.7;F;1;29;On;On;Off; 22.1; 21.8;0;0;777;0;777;0;591;0;-
2026/03/30;04:44:16;94;-; 52.39; 0.0;-; 15.9; 14.2; 0.0;-;-;1381;-0.2; 0.0; 0.0;-10; 21.7;F;1;29;On;On;Off; 22.1; 21.8;0;0;777;0;777;0;591;0;-
2026/03/30;04:45:16;94;-; 52.39; 0.0;-; 16.4; 14.7; 0.0;-;-;1381;-0.2; 0.0; 0.0;-10; 21.7;F;1;29;On;On;Off; 22.0; 21.8;0;0;777;0;777;0;591;0;-
2026/03/30;04:46:16;94;-; 52.41; 0.0;-; 16.6; 15.0; 0.0;-;-;1381;-0.2; 0.0; 0.0;-9; 21.7;F;1;29;On;On;Off; 22.0; 21.8;0;0;777;0;777;0;591;0;-
2026/03/30;04:47:16;94;-; 52.41; 0.0;-; 16.8; 15.2; 0.0;-;-;1381;-0.2; 0.0; 0.0;-9; 21.7;F;1;29;On;On;Off; 22.1; 21.8;0;0;777;0;777;0;591;0;-
2026/03/30;04:48:16;94;-; 52.39; 0.0;-; 17.0; 15.4; 0.0;-;-;1381;-0.2; 0.0; 0.0;-9; 21.7;F;1;29;On;On;Off; 22.0; 21.8;0;0;777;0;777;0;591;0;-
2026/03/30;04:49:16;94;-; 52.41; 0.0;-; 17.2; 15.6; 0.0;-;-;1381;-0.2; 0.0; 0.0;-9; 21.7;F;1;29;On;On;Off; 22.0; 21.8;0;0;777;0;777;0;591;0;-
2026/03/30;04:50:16;94;-; 52.39; 0.0;-; 17.4; 15.7; 0.0;-;-;1381;-0.2; 0.0; 0.0;-9; 21.7;F;1;29;On;On;Off; 22.1; 21.8;0;0;777;0;777;0;591;0;-
2026/03/30;04:51:16;94;-; 52.41; 0.0;-; 17.6; 15.9; 0.0;-;-;1381;-0.2; 0.0; 0.0;-10; 21.7;F;1;29;On;On;Off; 22.0; 21.8;0;0;777;0;777;0;591;0;-
2026/03/30;04:52:15;94;-; 52.39; 0.0;-; 17.9; 16.3; 0.0;-;-;1381;-0.2; 0.0; 0.0;-10; 21.7;F;1;29;On;On;Off; 22.1; 21.8;0;0;777;0;777;0;591;0;-
2026/03/30;04:53:15;94;-; 52.39; 0.0;-; 18.1; 16.5; 0.0;-;-;1381;-0.2; 0.0; 0.0;-10; 21.7;F;1;29;On;On;Off; 22.0; 21.8;0;0;777;0;777;0;591;0;-
2026/03/30;04:54:15;94;-; 52.39; 0.0;-; 18.5; 16.8; 0.0;-;-;1381;-0.2; 0.0; 0.0;-10; 21.7;F;1;29;On;On;Off; 22.0; 21.8;0;0;777;0;777;0;591;0;-
2026/03/30;04:55:15;94;-; 52.39; 0.0;-; 19.1; 17.4; 0.0;-;-;1381;-0.2; 0.0; 0.0;-10; 21.7;F;1;29;On;On;Off; 22.0; 21.8;0;0;777;0;777;0;591;0;-
2026/03/30;04:56:15;94;-; 52.41; 0.0;-; 19.6; 18.0; 0.0;-;-;1381;-0.2; 0.0; 0.0;-9; 21.7;F;1;29;On;On;Off; 22.0; 21.8;0;0;777;0;777;0;591;0;-
2026/03/30;04:57:15;94;-; 52.39; 0.0;-; 20.1; 18.6; 0.0;-;-;1381;-0.2; 0.0; 0.0;-10; 21.7;F;1;29;On;On;Off; 22.0; 21.8;0;0;777;0;777;0;591;0;-
2026/03/30;04:58:15;94;-; 52.39; 0.0;-; 20.7; 19.2; 0.0;-;-;1381;-0.2; 0.0; 0.0;-10; 21.7;F;1;29;On;On;Off; 22.0; 21.8;0;0;777;0;777;0;591;0;-
2026/03/30;04:59:15;94;-; 52.41; 0.0;-; 21.6; 20.0; 0.0;-;-;1381;-0.2; 0.0; 0.0;-10; 21.7;F;1;29;On;On;Off; 22.0; 21.8;0;0;777;0;777;0;591;0;-
2026/03/30;05:00:15;94;-; 52.39; 0.0;-; 22.4; 20.8; 0.0;-;-;1381;-0.2; 0.0; 0.0;-10; 21.7;F;1;29;On;On;Off; 22.0; 21.8;0;0;777;0;777;0;591;0;-
2026/03/30;05:01:15;94;-; 52.41; 0.0;-; 23.2; 21.6; 0.0;-;-;1381;-0.2; 0.0; 0.0;-10; 21.7;F;1;29;On;On;Off; 22.0; 21.8;0;0;777;0;777;0;591;0;-
2026/03/30;05:02:15;94;-; 52.41; 0.0;-; 23.5; 22.0; 0.0;-;-;1381;-0.2; 0.0; 0.0;-10; 21.7;F;1;29;On;On;Off; 22.0; 21.8;0;0;777;0;777;0;591;0;-
2026/03/30;05:03:15;94;-; 52.41; 0.0;-; 23.9; 22.5; 0.0;-;-;1381;-0.2; 0.0; 0.0;-10; 21.7;F;1;29;On;On;Off; 22.0; 21.8;0;0;777;0;777;0;591;0;-
2026/03/30;05:04:15;94;-; 52.41; 0.0;-; 25.1; 23.6; 0.0;-;-;1381;-0.2; 0.0; 0.0;-11; 21.7;F;1;29;On;On;Off; 22.0; 21.8;0;0;777;0;777;0;591;0;-
2026/03/30;05:05:15;94;-; 52.41; 0.0;-; 25.8; 24.3; 0.0;-;-;1381;-0.2; 0.0; 0.0;-11; 21.7;F;1;29;On;On;Off; 22.0; 21.8;0;0;777;0;777;0;591;0;-
2026/03/30;05:06:15;94;-; 52.41; 0.0;-; 26.9; 25.4; 0.0;-;-;1381;-0.2; 0.0; 0.0;-10; 21.7;F;1;29;On;On;Off; 22.0; 21.8;0;0;777;0;777;0;591;0;-
2026/03/30;05:07:15;94;-; 52.41; 0.0;-; 28.1; 26.5; 0.0;-;-;1381;-0.2; 0.0; 0.0;-10; 21.7;F;1;29;On;On;Off; 22.0; 21.8;0;0;777;0;777;0;591;0;-
2026/03/30;05:08:14;94;-; 52.39; 0.0;-; 29.0; 27.6; 0.0;-;-;1381;-0.2; 0.0; 0.0;-10; 21.7;F;1;29;On;On;Off; 22.0; 21.7;0;0;777;0;777;0;591;0;-
2026/03/30;05:09:14;94;-; 52.41; 0.0;-; 30.1; 28.7; 0.0;-;-;1381;-0.2; 0.0; 0.0;-10; 21.7;F;1;29;On;On;Off; 22.0; 21.8;0;0;777;0;777;0;591;0;-
2026/03/30;05:10:14;94;-; 52.39; 0.0;-; 31.4; 29.9; 0.0;-;-;1381;-0.2; 0.0; 0.0;-10; 21.7;F;1;29;On;On;Off; 22.0; 21.8;0;0;777;0;777;0;591;0;-
2026/03/30;05:11:14;94;-; 52.41; 0.0;-; 32.5; 31.0; 0.0;-;-;1381;-0.2; 0.0; 0.0;-10; 21.7;F;1;29;On;On;Off; 22.0; 21.8;0;0;777;0;777;0;591;0;-
2026/03/30;05:12:14;94;-; 52.39; 0.0;-; 33.4; 31.9; 0.0;-;-;1381;-0.2; 0.0; 0.0;-10; 21.7;F;1;29;On;On;Off; 22.0; 21.7;0;0;777;0;777;0;591;0;-
2026/03/30;05:13:14;94;-; 52.41; 0.0;-; 34.7; 33.4; 0.0;-;-;1381;-0.2; 0.0; 0.0;-10; 21.7;F;1;29;On;On;Off; 22.0; 21.7;0;0;777;0;777;0;591;0;-
2026/03/30;05:14:14;94;-; 52.41; 0.0;-; 36.2; 34.9; 0.0;-;-;1381;-0.2; 0.0; 0.0;-10; 21.7;F;1;29;On;On;Off; 22.0; 21.7;0;0;777;0;777;0;591;0;-
2026/03/30;05:15:14;94;-; 52.39; 0.0;-; 37.4; 36.0; 0.0;-;-;1381;-0.2; 0.0; 0.0;-10; 21.6;F;1;29;On;On;Off; 22.0; 21.7;0;0;777;0;777;0;591;0;-
2026/03/30;05:16:14;94;-; 52.41; 0.0;-; 38.8; 37.4; 0.0;-;-;1381;-0.2; 0.0; 0.0;-10; 21.7;F;1;29;On;On;Off; 22.0; 21.8;0;0;777;0;777;0;591;0;-
2026/03/30;05:17:14;94;-; 52.41; 0.0;-; 40.2; 38.8; 0.0;-;-;1381;-0.2; 0.0; 0.0;-10; 21.7;F;1;29;On;On;Off; 22.0; 21.7;0;0;777;0;777;0;591;0;-
2026/03/30;05:18:14;94;-; 52.41; 0.0;-; 41.7; 40.1; 0.0;-;-;1381;-0.2; 0.0; 0.0;-9; 21.7;F;1;29;On;On;Off; 22.0; 21.7;0;0;777;0;777;0;591;0;-
2026/03/30;05:19:14;94;-; 52.41; 0.0;-; 43.0; 41.7; 0.0;-;-;1381;-0.2; 0.0; 0.0;-10; 21.6;F;1;29;On;On;Off; 22.0; 21.7;0;0;777;0;777;0;591;0;-
2026/03/30;05:20:14;94;-; 52.39; 0.0;-; 44.8; 43.7; 0.0;-;-;1381;-0.2; 0.0; 0.0;-10; 21.7;F;1;29;On;On;Off; 22.0; 21.8;0;0;777;0;777;0;591;0;-
2026/03/30;05:21:14;94;-; 52.41; 0.0;-; 46.3; 44.9; 0.0;-;-;1381;-0.2; 0.0; 0.0;-11; 21.6;F;1;29;On;On;Off; 22.0; 21.7;0;0;777;0;777;0;591;0;-
2026/03/30;05:22:14;94;-; 52.41; 0.0;-; 47.8; 46.6; 0.0;-;-;1381;-0.2; 0.0; 0.0;-11; 21.6;F;1;29;On;On;Off; 22.0; 21.7;0;0;777;0;777;0;591;0;-
2026/03/30;05:23:14;94;-; 52.41; 0.0;-; 48.9; 48.0; 0.0;-;-;1381;-0.2; 0.0; 0.0;-11; 21.6;F;1;29;On;On;Off; 22.0; 21.7;0;0;777;0;777;0;591;0;-
2026/03/30;05:24:13;94;-; 52.41; 0.0;-; 50.3; 49.3; 0.0;-;-;1381;-0.2; 0.0; 0.0;-10; 21.6;F;1;29;On;On;Off; 22.0; 21.7;0;0;777;0;777;0;591;0;-
2026/03/30;05:25:13;94;-; 52.41; 0.0;-; 51.3; 50.3; 0.0;-;-;1381;-0.2; 0.0; 0.0;-10; 21.6;F;1;29;On;On;Off; 22.0; 21.7;0;0;777;0;777;0;591;0;-
2026/03/30;05:26:13;94;-; 52.41; 0.0;-; 52.2; 51.3; 0.0;-;-;1381;-0.2; 0.0; 0.0;-10; 21.7;F;1;29;On;On;Off; 22.0; 21.7;0;0;777;0;777;0;591;0;-
2026/03/30;05:27:13;94;-; 52.39; 0.0;-; 52.9; 52.0; 0.0;-;-;1381;-0.2; 0.0; 0.0;-11; 21.6;F;1;29;On;On;Off; 22.0; 21.7;0;0;777;0;777;0;591;0;-
2026/03/30;05:28:13;94;-; 52.41; 0.0;-; 53.7; 52.9; 0.0;-;-;1381;-0.2; 0.0; 0.0;-10; 21.7;F;1;29;On;On;Off; 22.0; 21.8;0;0;777;0;777;0;591;0;-
2026/03/30;05:29:13;94;-; 52.39; 0.0;-; 54.3; 53.6; 0.0;-;-;1381;-0.2; 0.0; 0.0;-10; 21.7;F;1;29;On;On;Off; 22.0; 21.7;0;0;777;0;777;0;591;0;-
2026/03/30;05:30:13;94;-; 52.41; 0.0;-; 54.5; 53.8; 0.0;-;-;1381;-0.2; 0.0; 0.0;-11; 21.7;F;1;29;On;On;Off; 22.0; 21.7;0;0;777;0;777;0;591;0;-
2026/03/30;05:31:13;94;-; 52.39; 0.0;-; 54.8; 54.0; 0.0;-;-;1381;-0.2; 0.0; 0.0;-10; 21.6;F;1;29;On;On;Off; 22.0; 21.8;0;0;777;0;777;0;591;0;-
2026/03/30;05:32:13;94;-; 52.41; 0.0;-; 55.3; 54.5; 0.0;-;-;1381;-0.2; 0.0; 0.0;-11; 21.7;F;1;29;On;On;Off; 22.0; 21.7;0;0;777;0;777;0;591;0;-
2026/03/30;05:33:13;94;-; 52.41; 0.0;-; 56.1; 55.4; 0.0;-;-;1381;-0.2; 0.0; 0.0;-10; 21.7;F;1;29;On;On;Off; 22.0; 21.7;0;0;777;0;777;0;591;0;-
2026/03/30;05:34:13;94;-; 52.41; 0.0;-; 56.8; 56.2; 0.0;-;-;1381;-0.2; 0.0; 0.0;-10; 21.7;F;1;29;On;On;Off; 22.0; 21.7;0;0;777;0;777;0;591;0;-
2026/03/30;05:35:13;94;-; 52.41; 0.0;-; 57.3; 56.8; 0.0;-;-;1381;-0.2; 0.0; 0.0;-10; 21.7;F;1;29;On;On;Off; 22.0; 21.8;0;0;777;0;777;0;591;0;-
2026/03/30;05:36:13;94;-; 52.41; 0.0;-; 58.1; 57.4; 0.0;-;-;1381;-0.2; 0.0; 0.0;-10; 21.7;F;1;29;On;On;Off; 22.0; 21.7;0;0;777;0;777;0;591;0;-
2026/03/30;05:37:13;94;-; 52.41; 0.0;-; 58.7; 58.1; 0.0;-;-;1381;-0.2; 0.0; 0.0;-10; 21.7;F;1;29;On;On;Off; 22.0; 21.7;0;0;777;0;777;0;591;0;-
2026/03/30;05:38:13;94;-; 52.41; 0.0;-; 59.1; 58.6; 0.0;-;-;1381;-0.2; 0.0; 0.0;-11; 21.7;F;1;29;On;On;Off; 22.0; 21.7;0;0;777;0;777;0;591;0;-
2026/03/30;05:39:13;94;-; 52.39; 0.0;-; 59.7; 59.2; 0.0;-;-;1381;-0.2; 0.0; 0.0;-11; 21.7;F;1;29;On;On;Off; 22.0; 21.8;0;0;777;0;777;0;591;0;-
2026/03/30;05:40:12;94;-; 52.41; 0.0;-; 60.1; 59.7; 0.0;-;-;1381;-0.2; 0.0; 0.0;-11; 21.7;F;1;29;On;On;Off; 22.0; 21.7;0;0;777;0;777;0;591;0;-
2026/03/30;05:41:12;94;-; 52.41; 0.0;-; 60.6; 60.2; 0.0;-;-;1381;-0.2; 0.0; 0.0;-10; 21.7;F;1;29;On;On;Off; 22.0; 21.8;0;0;777;0;777;0;591;0;-
2026/03/30;05:42:12;94;-; 52.41; 0.0;-; 61.1; 60.7; 0.0;-;-;1381;-0.2; 0.0; 0.0;-11; 21.7;F;1;29;On;On;Off; 22.0; 21.7;0;0;777;0;777;0;591;0;-
2026/03/30;05:43:12;94;-; 52.41; 0.0;-; 61.3; 61.1; 0.0;-;-;1381;-0.2; 0.0; 0.0;-11; 21.7;F;1;29;On;On;Off; 22.0; 21.7;0;0;777;0;777;0;591;0;-
2026/03/30;05:44:12;94;-; 52.41; 0.0;-; 61.7; 61.3; 0.0;-;-;1382;-0.2; 0.0; 0.0;-10; 21.7;F;1;29;On;On;Off; 22.0; 21.7;0;0;777;0;777;0;591;0;-
2026/03/30;05:45:12;94;-; 52.41; 0.0;-; 61.9; 61.5; 0.0;-;-;1382;-0.2; 0.0; 0.0;-10; 21.7;F;1;29;On;On;Off; 22.0; 21.8;0;0;777;0;777;0;591;0;-
2026/03/30;05:46:12;94;-; 52.41; 0.0;-; 62.1; 61.7; 0.0;-;-;1382;-0.2; 0.0; 0.0;-10; 21.7;F;1;29;On;On;Off; 22.0; 21.8;0;0;777;0;777;0;591;0;-
2026/03/30;05:47:12;94;-; 52.39; 0.0;-; 62.2; 61.9; 0.0;-;-;1382;-0.2; 0.0; 0.0;-11; 21.7;F;1;29;On;On;Off; 22.0; 21.7;0;0;777;0;777;0;591;0;-
2026/03/30;05:48:12;94;-; 52.41; 0.0;-; 62.7; 62.2; 0.0;-;-;1382;-0.2; 0.0; 0.0;-11; 21.7;F;1;29;On;On;Off; 22.0; 21.7;0;0;777;0;777;0;591;0;-
2026/03/30;05:49:12;94;-; 52.39; 0.0;-; 63.0; 62.6; 0.0;-;-;1382;-0.2; 0.0; 0.0;-11; 21.7;F;1;29;On;On;Off; 22.0; 21.7;0;0;777;0;777;0;591;0;-
2026/03/30;05:50:12;94;-; 52.41; 0.0;-; 63.2; 62.9; 0.0;-;-;1382;-0.2; 0.0; 0.0;-11; 21.7;F;1;29;On;On;Off; 22.0; 21.8;0;0;777;0;777;0;591;0;-
2026/03/30;05:51:12;94;-; 52.41; 0.0;-; 63.6; 63.2; 0.0;-;-;1382;-0.2; 0.0; 0.0;-10; 21.7;F;1;29;On;On;Off; 22.0; 21.7;0;0;777;0;777;0;591;0;-
2026/03/30;05:52:12;94;-; 52.41; 0.0;-; 63.8; 63.4; 0.0;-;-;1382;-0.2; 0.0; 0.0;-10; 21.7;F;1;29;On;On;Off; 22.0; 21.8;0;0;777;0;777;0;591;0;-
2026/03/30;05:53:12;94;-; 52.39; 0.0;-; 64.0; 63.7; 0.0;-;-;1382;-0.2; 0.0; 0.0;-10; 21.7;F;1;29;On;On;Off; 22.0; 21.7;0;0;777;0;777;0;591;0;-
2026/03/30;05:54:12;94;-; 52.41; 0.0;-; 64.4; 64.0; 0.0;-;-;1382;-0.2; 0.0; 0.0;-10; 21.7;F;1;29;On;On;Off; 22.0; 21.7;0;0;777;0;777;0;591;0;-
2026/03/30;05:55:12;94;-; 52.41; 0.0;-; 64.5; 64.2; 0.0;-;-;1382;-0.2; 0.0; 0.0;-10; 21.7;F;1;29;On;On;Off; 22.0; 21.8;0;0;777;0;777;0;591;0;-
2026/03/30;05:56:11;94;-; 52.39; 0.0;-; 64.7; 64.4; 0.0;-;-;1382;-0.2; 0.0; 0.0;-10; 21.7;F;1;29;On;On;Off; 22.0; 21.7;0;0;777;0;777;0;591;0;-
2026/03/30;05:57:11;94;-; 52.39; 0.0;-; 65.0; 64.6; 0.0;-;-;1382;-0.2; 0.0; 0.0;-10; 21.7;F;1;29;On;On;Off; 22.0; 21.8;0;0;777;0;777;0;591;0;-
2026/03/30;05:58:11;94;-; 52.39; 0.0;-; 65.3; 64.9; 0.0;-;-;1382;-0.2; 0.0; 0.0;-10; 21.7;F;1;29;On;On;Off; 22.0; 21.7;0;0;777;0;777;0;591;0;-
2026/03/30;05:59:11;94;-; 52.39; 0.0;-; 65.5; 65.2; 0.0;-;-;1382;-0.2; 0.0; 0.0;-10; 21.7;F;1;29;On;On;Off; 22.0; 21.7;0;0;777;0;777;0;591;0;-
2026/03/30;06:00:11;94;-; 52.41; 0.0;-; 65.7; 65.4; 0.0;-;-;1382;-0.2; 0.0; 0.0;-10; 21.7;F;1;29;On;On;Off; 22.0; 21.8;0;0;777;0;777;0;591;0;-
2026/03/30;06:01:11;94;-; 52.39; 0.0;-; 65.8; 65.5; 0.0;-;-;1382;-0.2; 0.0; 0.0;-11; 21.7;F;1;29;On;On;Off; 22.0; 21.8;0;0;777;0;777;0;591;0;-
2026/03/30;06:02:11;94;-; 52.39; 0.0;-; 65.8; 65.4; 0.0;-;-;1382;-0.2; 0.0; 0.0;-11; 21.7;F;1;29;On;On;Off; 22.0; 21.7;0;0;777;0;777;0;591;0;-
2026/03/30;06:03:11;94;-; 52.39; 0.0;-; 66.0; 65.6; 0.0;-;-;1382;-0.2; 0.0; 0.0;-11; 21.7;F;1;29;On;On;Off; 22.0; 21.7;0;0;777;0;777;0;591;0;-
2026/03/30;06:04:11;94;-; 52.39; 0.0;-; 66.5; 66.1; 0.0;-;-;1382;-0.2; 0.0; 0.0;-11; 21.7;F;1;29;On;On;Off; 22.0; 21.7;0;0;777;0;777;0;591;0;-
2026/03/30;06:05:11;94;-; 52.41; 0.0;-; 66.6; 66.4; 0.0;-;-;1382;-0.2; 0.0; 0.0;-11; 21.7;F;1;29;On;On;Off; 22.0; 21.8;0;0;777;0;777;0;591;0;-
2026/03/30;06:06:11;94;-; 52.39; 0.0;-; 66.8; 66.6; 0.0;-;-;1382;-0.2; 0.0; 0.0;-10; 21.7;F;1;29;On;On;Off; 22.0; 21.8;0;0;777;0;777;0;591;0;-
2026/03/30;06:07:11;94;-; 52.39; 0.0;-; 66.8; 66.6; 0.0;-;-;1382;-0.2; 0.0; 0.0;-10; 21.7;F;1;29;On;On;Off; 22.0; 21.8;0;0;777;0;777;0;591;0;-
2026/03/30;06:08:11;94;-; 52.39; 0.0;-; 67.1; 66.8; 0.0;-;-;1382;-0.2; 0.0; 0.0;-11; 21.7;F;1;29;On;On;Off; 22.0; 21.7;0;0;777;0;777;0;591;0;-
2026/03/30;06:09:11;94;-; 52.39; 0.0;-; 67.3; 66.9; 0.0;-;-;1382;-0.2; 0.0; 0.0;-11; 21.7;F;1;29;On;On;Off; 22.0; 21.8;0;0;777;0;777;0;591;0;-
2026/03/30;06:10:11;94;-; 52.39; 0.0;-; 67.4; 67.1; 0.0;-;-;1382;-0.2; 0.0; 0.0;-10; 21.7;F;1;29;On;On;Off; 22.0; 21.7;0;0;777;0;777;0;591;0;-
2026/03/30;06:11:10;94;-; 52.39; 0.0;-; 67.8; 67.2; 0.0;-;-;1382;-0.2; 0.0; 0.0;-11; 21.7;F;1;29;On;On;Off; 22.0; 21.7;0;0;777;0;777;0;591;0;-
2026/03/30;06:12:10;94;-; 52.41; 0.0;-; 67.9; 67.5; 0.0;-;-;1382;-0.2; 0.0; 0.0;-11; 21.8;F;1;29;On;On;Off; 22.0; 21.8;0;0;777;0;777;0;591;1;-
2026/03/30;06:13:10;94;-; 52.41; 0.0;-; 68.2; 67.8; 0.0;-;-;1382;-0.2; 0.0; 0.0;-11; 21.8;F;1;29;On;On;Off; 22.0; 21.7;0;0;777;0;777;0;591;1;-
2026/03/30;06:14:10;94;-; 52.39; 0.0;-; 68.0; 68.0; 0.0;-;-;1382;-0.2; 0.0; 0.0;-10; 21.8;F;1;29;On;On;Off; 22.0; 21.8;0;0;777;0;777;0;591;1;-
2026/03/30;06:15:10;94;-; 52.41; 0.0;-; 68.0; 67.9; 0.0;-;-;1382;-0.2; 0.0; 0.0;-10; 21.8;F;1;29;On;On;Off; 22.0; 21.8;0;0;777;0;777;0;591;1;-
2026/03/30;06:16:10;94;-; 52.39; 0.0;-; 68.3; 68.0; 0.0;-;-;1382;-0.2; 0.0; 0.0;-10; 21.8;F;1;29;On;On;Off; 22.1; 21.8;0;0;777;0;777;0;591;1;-
2026/03/30;06:17:10;94;-; 52.39; 0.0;-; 68.6; 68.4; 0.0;-;-;1382;-0.2; 0.0; 0.0;-10; 21.8;F;1;29;On;On;Off; 22.1; 21.8;0;0;777;0;777;0;591;1;-
2026/03/30;06:18:10;94;-; 52.41; 0.0;-; 68.9; 68.6; 0.0;-;-;1382;-0.2; 0.0; 0.0;-10; 21.8;F;1;29;On;On;Off; 22.1; 21.8;0;0;777;0;777;0;591;1;-
2026/03/30;06:19:10;94;-; 52.39; 0.0;-; 68.8; 68.6; 0.0;-;-;1382;-0.2; 0.0; 0.0;-10; 21.8;F;1;29;On;On;Off; 22.1; 21.8;0;0;777;0;777;0;591;1;-
2026/03/30;06:20:10;93;-; 52.39; 0.0;-; 68.8; 68.4; 0.0;-;-;1382;-0.2; 0.0; 0.0;-9; 21.8;F;1;29;On;On;Off; 22.1; 21.8;0;0;777;0;777;0;591;1;-
2026/03/30;06:21:10;93;-; 52.39; 0.0;-; 68.6; 68.4; 0.0;-;-;1382;-0.2; 0.0; 0.0;-10; 21.8;F;1;29;On;On;Off; 22.1; 21.8;0;0;777;0;777;0;591;1;-
2026/03/30;06:22:10;93;-; 52.41; 0.0;-; 68.7; 68.5; 0.0;-;-;1382;-0.2; 0.0; 0.0;-10; 21.8;F;1;29;On;On;Off; 22.1; 21.8;0;0;777;0;777;0;591;1;-
2026/03/30;06:23:10;93;-; 52.41; 0.0;-; 69.1; 68.7; 0.0;-;-;1382;-0.2; 0.0; 0.0;-9; 21.8;F;1;29;On;On;Off; 22.1; 21.8;0;0;777;0;777;0;591;1;-
2026/03/30;06:24:10;93;-; 52.41; 0.0;-; 69.2; 69.1; 0.0;-;-;1382;-0.2; 0.0; 0.0;-10; 21.8;F;1;29;On;On;Off; 22.1; 21.8;0;0;777;0;777;0;591;1;-
2026/03/30;06:25:10;93;-; 52.39; 0.0;-; 69.1; 68.9; 0.0;-;-;1382;-0.2; 0.0; 0.0;-10; 21.8;F;1;29;On;On;Off; 22.1; 21.8;0;0;777;0;777;0;591;1;-
2026/03/30;06:26:10;93;-; 52.39; 0.0;-; 69.1; 68.8; 0.0;-;-;1382;-0.2; 0.0; 0.0;-10; 21.8;F;1;29;On;On;Off; 22.1; 21.8;0;0;777;0;777;0;591;1;-
2026/03/30;06:27:09;93;-; 52.39; 0.0;-; 69.0; 68.9; 0.0;-;-;1382;-0.2; 0.0; 0.0;-9; 21.8;F;1;29;On;On;Off; 22.1; 21.8;0;0;777;0;777;0;591;1;-
2026/03/30;06:28:09;93;-; 52.41; 0.0;-; 69.2; 69.1; 0.0;-;-;1382;-0.2; 0.0; 0.0;-9; 21.8;F;1;29;On;On;Off; 22.1; 21.8;0;0;777;0;777;0;591;1;-
2026/03/30;06:29:09;93;-; 52.37; 0.1;-; 69.9; 68.0; 7.7;-; 7.7;1382;-0.2; 0.0; 0.0;-8; 21.8;F;1;29;On;On;Off; 22.1; 22.6;0;0;777;0;777;0;591;1;-
2026/03/30;06:30:09;93;-; 52.33; 0.3;-; 68.3; 68.1; 18.2; 9.1; 9.1;1382;-0.1; 0.2; 0.2;-4; 21.8;F;1;29;On;On;Off; 23.6; 23.9;0;0;777;0;777;0;591;1;-
2026/03/30;06:31:09;93;-; 52.31; 0.2;-; 68.3; 70.1; 9.1; 9.1; 0.0;1382;-0.0; 0.3; 0.3;-1; 21.8;F;1;29;On;On;Off; 24.6; 22.8;0;0;777;0;777;0;591;1;-
2026/03/30;06:32:09;93;-; 52.33; 0.0;-; 70.2; 70.0; 0.0; 0.0; 0.0;1382;-0.2; 0.1; 0.1;-8; 21.8;F;1;29;On;On;Off; 23.1; 22.5;0;0;777;0;777;0;591;1;-
2026/03/30;06:33:09;93;-; 52.30; 0.2;-; 70.4; 68.1; 10.5; 0.7; 9.8;1382;-0.1; 0.2; 0.2;-5; 21.8;F;1;29;On;On;Off; 23.0; 24.2;0;0;777;0;777;0;591;1;-
2026/03/30;06:34:09;93;-; 52.31; 0.2;-; 68.1; 70.9; 11.2; 11.2; 0.0;1382; 0.1; 0.3; 0.3;2; 21.8;F;1;29;On;On;Off; 25.0; 24.0;0;0;777;0;777;0;591;1;-
2026/03/30;06:35:09;93;-; 52.31; 0.0;-; 71.2; 71.1; 0.7; 0.0; 0.7;1382;-0.0; 0.2; 0.2;-2; 21.8;F;1;29;On;On;Off; 24.3; 23.0;0;0;777;0;777;0;591;1;-
2026/03/30;06:36:09;93;-; 52.31; 0.2;-; 71.4; 68.1; 12.6; 0.0; 12.6;1382;-0.1; 0.1; 0.1;-5; 21.8;F;1;29;On;On;Off; 23.3; 24.2;0;0;777;0;777;0;591;1;-
2026/03/30;06:37:09;93;-; 52.33; 0.5;-; 68.4; 68.1; 24.5; 11.9; 12.6;1382; 0.1; 0.3; 0.3;6; 21.8;F;1;29;On;On;Off; 25.0; 24.8;0;0;777;0;777;0;591;1;-
2026/03/30;06:38:09;93;-; 52.33; 0.3;-; 68.3; 71.4; 13.3; 12.6; 0.7;1382; 0.1; 0.3; 0.3;4; 21.7;F;1;29;On;On;Off; 25.5; 23.4;0;0;777;0;777;0;591;1;-
2026/03/30;06:39:09;93;-; 52.31; 0.3;-; 71.6; 68.1; 13.3; 0.0; 13.3;1382;-0.2; 0.1; 0.1;-7; 21.7;F;1;29;On;On;Off; 23.7; 23.5;0;0;777;0;777;0;591;1;-
2026/03/30;06:40:09;93;-; 52.35; 0.5;-; 70.2; 68.1; 24.6; 10.5; 14.0;1382; 0.1; 0.3; 0.3;3; 21.8;F;1;29;On;On;Off; 24.4; 25.0;0;0;777;0;777;0;591;1;-
2026/03/30;06:41:09;93;-; 52.33; 0.3;-; 68.2; 71.6; 14.0; 13.3; 0.7;1382; 0.2; 0.4; 0.4;12; 21.7;F;1;29;On;On;Off; 25.7; 23.9;0;0;777;0;777;0;591;1;-
2026/03/30;06:42:09;93;-; 52.35; 0.0;-; 71.8; 71.8; 1.4; 0.7; 0.7;1382;-0.1; 0.2; 0.2;-3; 21.7;F;1;29;On;On;Off; 24.3; 23.5;0;0;777;0;777;0;591;1;-
2026/03/30;06:43:08;93;-; 52.35; 0.3;-; 72.1; 68.2; 16.1; 0.7; 15.4;1382;-0.0; 0.2; 0.2;0; 21.7;F;1;29;On;On;Off; 23.9; 25.1;0;0;777;0;777;0;591;1;-
2026/03/30;06:44:08;93;-; 52.41; 0.2;-; 70.3; 72.3; 12.6; 11.9; 0.7;1383; 0.4; 0.5; 0.5;19; 21.7;F;1;29;On;On;Off; 25.8; 25.3;0;0;777;0;777;0;591;1;-
2026/03/30;06:45:08;93;-; 52.41; 0.0;-; 72.4; 72.3; 0.7; 0.0; 0.7;1383; 0.1; 0.3; 0.3;6; 21.7;F;1;29;On;On;Off; 25.6; 23.8;0;0;777;0;777;0;591;1;-
2026/03/30;06:46:08;93;-; 52.41; 0.3;-; 72.3; 68.2; 16.8; 0.7; 16.2;1383;-0.1; 0.1; 0.1;-5; 21.7;F;1;29;On;On;Off; 24.1; 24.9;0;0;777;0;777;0;591;1;-
2026/03/30;06:47:08;93;-; 52.45; 0.6;-; 68.5; 68.2; 31.6; 16.2; 15.4;1383; 0.2; 0.4; 0.4;12; 21.7;F;1;29;On;On;Off; 25.6; 25.5;0;0;777;0;777;0;591;1;-
2026/03/30;06:48:08;93;-; 52.45; 0.3;-; 68.5; 72.1; 16.2; 16.2; 0.0;1383; 0.3; 0.4; 0.4;15; 21.7;F;1;29;On;On;Off; 26.2; 24.1;0;0;777;0;777;0;591;1;-
2026/03/30;06:49:08;93;-; 52.43; 0.3;-; 72.4; 69.7; 14.8; 0.7; 14.1;1383;-0.1; 0.1; 0.1;-5; 21.7;F;1;29;On;On;Off; 24.4; 23.9;0;0;777;0;777;0;591;1;-
2026/03/30;06:50:08;93;-; 52.45; 0.5;-; 71.2; 68.2; 26.7; 9.8; 16.9;1383; 0.1; 0.3; 0.3;7; 21.7;F;1;29;On;On;Off; 24.5; 25.6;0;0;777;0;777;0;591;1;-
2026/03/30;06:51:08;93;-; 52.55; 0.7;-; 68.7; 68.5; 37.3; 18.3; 19.0;1383; 0.6; 0.7; 0.7;31; 21.7;F;1;29;On;On;Off; 26.4; 25.9;0;0;777;0;777;0;591;1;-
2026/03/30;06:52:08;93;-; 52.61; 0.7;-; 68.7; 68.4; 38.0; 19.0; 19.0;1383; 0.7; 0.7; 0.7;38; 21.7;F;1;29;On;On;Off; 26.7; 26.2;0;0;777;0;777;0;591;1;-
2026/03/30;06:53:08;93;-; 52.65; 0.7;-; 68.6; 68.4; 35.3; 17.7; 17.7;1383; 0.7; 0.7; 0.7;35; 21.7;F;1;29;On;On;Off; 26.9; 26.4;0;0;777;0;777;0;591;1;-
2026/03/30;06:54:08;93;-; 52.67; 0.7;-; 68.7; 68.5; 34.6; 17.7; 16.9;1383; 0.6; 0.6; 0.6;31; 21.7;F;1;29;On;On;Off; 27.1; 26.6;0;0;777;0;777;0;591;1;-
2026/03/30;06:55:08;93;-; 52.69; 0.3;-; 72.7; 68.6; 16.9; 0.0; 16.9;1383; 0.6; 0.7; 0.7;32; 21.7;F;1;29;On;On;Off; 27.3; 26.7;0;0;777;0;777;0;591;1;-
2026/03/30;06:56:08;93;-; 52.67; 0.3;-; 72.6; 68.6; 16.9; 0.0; 16.9;1383; 0.3; 0.4; 0.4;13; 21.7;F;1;29;On;On;Off; 25.5; 26.7;0;0;777;0;777;0;591;1;-
2026/03/30;06:57:08;93;-; 52.71; 0.6;-; 69.9; 68.6; 32.5; 14.8; 17.7;1383; 0.3; 0.4; 0.4;14; 21.7;F;1;29;On;On;Off; 26.4; 26.7;0;0;777;0;777;0;591;1;-
2026/03/30;06:58:08;93;-; 52.71; 0.7;-; 68.9; 68.6; 34.6; 17.7; 16.9;1383; 0.6; 0.6; 0.6;30; 21.7;F;1;29;On;On;Off; 27.4; 26.9;0;0;777;0;777;0;591;1;-
2026/03/30;06:59:07;93;-; 52.71; 0.3;-; 72.8; 68.6; 17.7; 0.0; 17.7;1383; 0.4; 0.5; 0.5;20; 21.6;F;1;29;On;On;Off; 25.9; 27.0;0;0;777;0;777;0;591;1;-
2026/03/30;07:00:07;93;-; 52.73; 0.4;-; 73.0; 68.6; 19.1; 0.0; 19.1;1383; 0.3; 0.4; 0.4;12; 21.6;F;1;29;On;On;Off; 25.6; 26.9;0;0;777;0;777;0;591;1;-
2026/03/30;07:01:07;93;-; 52.81; 0.7;-; 69.0; 68.7; 36.8; 18.4; 18.4;1383; 0.6; 0.7; 0.7;33; 21.7;F;1;29;On;On;Off; 27.4; 27.1;0;0;777;0;777;0;591;1;-
2026/03/30;07:02:07;93;-; 52.85; 0.7;-; 68.9; 68.7; 38.2; 19.1; 19.1;1383; 0.7; 0.7; 0.7;38; 21.7;F;1;29;On;On;Off; 27.7; 27.2;0;0;777;0;777;0;591;1;-
2026/03/30;07:03:07;93;-; 52.91; 0.7;-; 70.7; 68.9; 35.4; 15.6; 19.9;1383; 0.7; 0.7; 0.7;38; 21.7;F;1;29;On;On;Off; 27.9; 27.4;0;0;777;0;777;0;591;1;-
2026/03/30;07:04:07;93;-; 52.99; 0.8;-; 69.1; 68.9; 44.7; 22.0; 22.7;1383; 0.9; 0.8; 0.8;45; 21.7;F;1;29;On;On;Off; 28.0; 27.5;0;0;777;0;777;0;591;1;-
2026/03/30;07:05:07;93;-; 53.06; 0.8;-; 69.9; 69.2; 44.1; 21.4; 22.7;1383; 1.0; 0.8; 0.8;52; 21.7;F;1;29;On;On;Off; 28.1; 27.6;0;0;777;0;777;0;591;1;-
2026/03/30;07:06:07;93;-; 53.12; 0.8;-; 70.4; 69.2; 42.0; 20.0; 22.1;1383; 1.0; 0.8; 0.8;50; 21.7;F;1;29;On;On;Off; 28.2; 27.7;0;0;777;0;777;0;591;1;-
2026/03/30;07:07:07;93;-; 53.20; 0.8;-; 69.3; 69.8; 44.2; 22.8; 21.4;1383; 1.0; 0.8; 0.8;51; 21.7;F;1;29;On;On;Off; 28.3; 27.8;0;0;777;0;777;0;591;1;-
2026/03/30;07:08:07;93;-; 53.32; 0.9;-; 69.6; 69.5; 50.1; 25.0; 25.0;1383; 1.1; 0.9; 0.9;55; 21.7;F;1;29;On;On;Off; 28.4; 27.9;0;0;777;0;777;0;591;1;-
2026/03/30;07:09:07;93;-; 53.44; 1.0;-; 69.8; 69.7; 51.6; 25.8; 25.8;1383; 1.2; 1.0; 1.0;63; 21.7;F;1;29;On;On;Off; 28.5; 28.0;0;0;777;0;777;0;591;1;-
2026/03/30;07:10:07;94;-; 53.56; 1.0;-; 69.9; 69.7; 51.7; 25.9; 25.9;1383; 1.3; 1.0; 1.0;67; 21.7;F;1;29;On;On;Off; 28.6; 28.1;0;0;777;0;777;0;591;1;-
2026/03/30;07:11:07;94;-; 53.62; 0.9;-; 70.0; 69.8; 48.1; 23.7; 24.4;1383; 1.2; 0.9; 0.9;61; 21.7;F;1;29;On;On;Off; 28.7; 28.2;0;0;777;0;777;1;592;1;-
2026/03/30;07:12:07;94;-; 53.60; 0.8;-; 69.9; 69.9; 42.4; 20.8; 21.6;1383; 1.0; 0.8; 0.8;54; 21.7;F;1;29;On;On;Off; 28.8; 28.3;0;0;777;0;777;1;592;1;-
2026/03/30;07:13:07;94;-; 53.60; 0.8;-; 70.0; 69.9; 41.7; 20.8; 20.8;1383; 0.9; 0.8; 0.8;45; 21.7;F;1;29;On;On;Off; 28.9; 28.4;0;0;777;0;777;1;592;1;-
2026/03/30;07:14:07;94;-; 53.62; 0.8;-; 70.0; 69.8; 40.3; 20.1; 20.1;1383; 0.9; 0.8; 0.8;45; 21.7;F;1;29;On;On;Off; 29.0; 28.5;0;0;777;0;777;1;592;1;-
2026/03/30;07:15:06;94;-; 53.60; 0.7;-; 70.0; 69.8; 38.8; 19.4; 19.4;1383; 0.8; 0.7; 0.7;40; 21.7;F;1;29;On;On;Off; 29.1; 28.5;0;0;777;0;777;1;592;1;-
2026/03/30;07:16:06;94;-; 53.62; 0.7;-; 70.1; 69.8; 38.1; 19.4; 18.7;1383; 0.7; 0.7; 0.7;37; 21.7;F;1;29;On;On;Off; 29.1; 28.6;0;0;777;0;777;1;592;1;-
2026/03/30;07:17:06;94;-; 53.62; 0.6;-; 70.4; 71.3; 33.8; 19.4; 14.4;1383; 0.7; 0.7; 0.7;39; 21.8;F;1;29;On;On;Off; 29.2; 28.7;0;0;777;0;777;1;592;1;-
2026/03/30;07:18:06;94;-; 53.62; 0.7;-; 70.0; 69.8; 38.8; 19.4; 19.4;1383; 0.7; 0.7; 0.7;37; 21.7;F;1;29;On;On;Off; 29.3; 28.8;0;0;777;0;777;1;592;1;-
2026/03/30;07:19:06;94;-; 53.70; 0.7;-; 70.0; 70.8; 39.6; 20.9; 18.7;1383; 0.8; 0.7; 0.7;42; 21.8;F;1;29;On;On;Off; 29.3; 28.8;0;0;777;0;777;1;592;1;-
2026/03/30;07:20:06;94;-; 53.72; 0.8;-; 70.1; 70.0; 41.7; 20.9; 20.9;1383; 0.9; 0.8; 0.8;45; 21.8;F;1;29;On;On;Off; 29.4; 28.9;0;0;777;0;777;1;592;1;-
2026/03/30;07:21:06;94;-; 53.74; 0.8;-; 70.2; 69.9; 41.0; 20.2; 20.9;1383; 0.8; 0.7; 0.7;42; 21.8;F;1;29;On;On;Off; 29.5; 28.9;0;1;778;1;778;1;592;1;-
2026/03/30;07:22:06;94;-; 53.78; 0.8;-; 70.1; 70.1; 41.8; 20.9; 20.9;1383; 0.8; 0.8; 0.8;43; 21.8;F;1;29;On;On;Off; 29.5; 29.0;0;1;778;1;778;1;592;1;-
2026/03/30;07:23:06;94;-; 53.85; 0.8;-; 71.5; 70.2; 42.6; 19.5; 23.1;1383; 0.9; 0.8; 0.8;47; 21.8;F;1;29;On;On;Off; 29.6; 29.1;0;1;778;1;778;1;592;1;-
2026/03/30;07:24:06;94;-; 53.99; 1.0;-; 70.5; 70.4; 51.4; 25.4; 26.1;1383; 1.1; 0.9; 0.9;57; 21.8;F;1;29;On;On;Off; 29.6; 29.1;0;1;778;1;778;1;592;1;-
2026/03/30;07:25:06;94;-; 54.17; 1.0;-; 70.8; 70.5; 53.7; 26.9; 26.9;1383; 1.3; 1.0; 1.0;67; 21.8;F;1;29;On;On;Off; 29.7; 29.2;0;1;778;1;778;1;592;1;-
2026/03/30;07:26:06;94;-; 54.23; 0.9;-; 70.9; 70.6; 50.9; 24.7; 26.2;1383; 1.3; 1.0; 1.0;68; 21.8;F;1;29;On;On;Off; 29.7; 29.2;0;1;778;1;778;1;592;1;-
2026/03/30;07:27:06;94;-; 54.25; 0.9;-; 70.8; 70.7; 49.5; 24.7; 24.7;1383; 1.1; 0.9; 0.9;58; 21.8;F;1;29;On;On;Off; 29.8; 29.3;0;1;778;1;778;1;592;1;-
2026/03/30;07:28:06;94;-; 54.41; 1.0;-; 71.0; 70.8; 53.3; 26.3; 27.0;1383; 1.2; 0.9; 0.9;62; 21.8;F;1;29;On;On;Off; 29.8; 29.3;0;1;778;1;778;1;592;1;-
2026/03/30;07:29:06;94;-; 54.68; 1.1;-; 71.3; 71.1; 58.7; 29.4; 29.4;1383; 1.4; 1.0; 1.0;72; 21.8;F;1;29;On;On;Off; 29.9; 29.4;0;1;778;1;778;1;592;1;-
2026/03/30;07:30:05;94;-; 54.98; 1.1;-; 71.6; 71.5; 61.2; 30.2; 30.9;1383; 1.5; 1.1; 1.1;80; 21.8;F;1;29;On;On;Off; 29.9; 29.4;0;1;778;1;778;1;592;1;-
2026/03/30;07:31:05;94;-; 55.29; 1.1;-; 72.1; 71.9; 63.0; 31.1; 31.9;1383; 1.5; 1.1; 1.1;83; 21.8;F;1;29;On;On;Off; 30.0; 29.5;0;1;778;1;778;1;592;1;-
2026/03/30;07:32:05;94;-; 55.65; 1.1;-; 72.8; 72.5; 62.7; 31.3; 31.3;1383; 1.6; 1.1; 1.1;85; 21.8;F;1;29;On;On;Off; 30.1; 29.5;0;1;778;1;778;1;592;1;-
2026/03/30;07:33:05;94;-; 55.67; 1.0;-; 72.5; 72.5; 58.2; 29.1; 29.1;1383; 1.5; 1.1; 1.1;81; 21.8;F;1;29;On;On;Off; 30.1; 29.6;0;1;778;1;778;1;592;1;-
2026/03/30;07:34:05;94;-; 55.61; 0.9;-; 72.5; 73.3; 51.5; 28.4; 23.1;1383; 1.4; 1.0; 1.0;74; 21.8;F;1;29;On;On;Off; 30.2; 29.6;0;1;778;1;778;1;592;1;-
2026/03/30;07:35:05;95;-; 55.47; 0.9;-; 73.8; 72.3; 49.1; 20.1; 29.0;1383; 1.3; 1.0; 1.0;69; 21.8;F;1;29;On;On;Off; 30.2; 29.7;0;1;778;1;778;1;592;1;-
2026/03/30;07:36:05;95;-; 55.81; 1.0;-; 72.9; 72.7; 56.9; 28.5; 28.5;1383; 1.3; 1.0; 1.0;71; 21.8;F;1;29;On;On;Off; 30.2; 29.7;0;1;778;1;778;1;592;1;-
2026/03/30;07:37:05;95;-; 55.93; 1.0;-; 73.1; 72.9; 56.2; 27.7; 28.5;1383; 1.3; 1.0; 1.0;71; 21.8;F;1;29;On;On;Off; 30.3; 29.8;0;1;778;1;778;1;592;1;-
2026/03/30;07:38:05;95;-; 55.85; 1.0;-; 72.8; 72.8; 53.2; 26.2; 27.0;1383; 1.2; 1.0; 1.0;68; 21.8;F;1;29;On;On;Off; 30.3; 29.8;0;1;778;1;778;1;592;1;-
2026/03/30;07:39:05;95;-; 55.79; 0.9;-; 72.8; 72.8; 51.6; 25.4; 26.2;1383; 1.2; 0.9; 0.9;63; 21.8;F;1;29;On;On;Off; 30.4; 29.8;0;1;778;1;778;1;592;1;-
2026/03/30;07:40:05;95;-; 55.81; 0.9;-; 72.8; 72.6; 51.6; 25.4; 26.2;1383; 1.1; 0.9; 0.9;62; 21.8;F;1;29;On;On;Off; 30.4; 29.9;0;1;778;1;778;1;592;1;-
2026/03/30;07:41:05;95;-; 55.71; 0.9;-; 72.7; 72.4; 50.1; 24.7; 25.4;1383; 1.1; 0.9; 0.9;58; 21.8;F;1;29;On;On;Off; 30.4; 29.9;0;1;778;1;778;1;592;1;-
2026/03/30;07:42:05;95;-; 55.69; 0.9;-; 72.6; 72.3; 49.3; 24.6; 24.6;1383; 1.0; 0.9; 0.9;56; 21.8;F;1;29;On;On;Off; 30.4; 29.9;0;1;778;1;778;1;592;1;-
2026/03/30;07:43:05;95;-; 55.69; 0.8;-; 73.5; 72.5; 43.3; 18.7; 24.6;1383; 1.0; 0.9; 0.9;56; 21.8;F;1;29;On;On;Off; 30.5; 30.0;0;1;778;1;778;1;592;1;-
2026/03/30;07:44:05;95;-; 55.57; 0.8;-; 73.8; 72.4; 43.2; 17.1; 26.1;1384; 1.0; 0.9; 0.9;56; 21.8;F;1;29;On;On;Off; 30.5; 30.0;0;1;778;1;778;1;592;1;-
2026/03/30;07:45:05;95;-; 55.83; 0.9;-; 72.8; 72.6; 48.7; 23.9; 24.7;1384; 1.0; 0.9; 0.9;55; 21.8;F;1;29;On;On;Off; 30.5; 30.0;0;1;778;1;778;1;592;1;-
2026/03/30;07:46:04;95;-; 55.89; 0.9;-; 72.9; 72.7; 50.2; 24.7; 25.5;1384; 1.0; 0.9; 0.9;55; 21.8;F;1;29;On;On;Off; 30.5; 30.0;0;1;778;1;778;1;592;1;-
2026/03/30;07:47:04;95;-; 55.89; 0.7;-; 73.0; 74.1; 38.2; 23.2; 15.0;1384; 1.0; 0.8; 0.8;55; 21.8;F;1;29;On;On;Off; 30.6; 30.1;0;1;778;1;778;1;592;1;-
2026/03/30;07:48:04;95;-; 55.97; 0.9;-; 73.0; 72.9; 48.0; 24.0; 24.0;1384; 1.0; 0.8; 0.8;55; 21.8;F;1;29;On;On;Off; 30.6; 30.1;0;1;778;1;778;1;592;1;-
2026/03/30;07:49:04;96;-; 56.01; 0.9;-; 73.2; 72.9; 48.0; 24.0; 24.0;1384; 1.0; 0.8; 0.8;54; 21.8;F;1;29;On;On;Off; 30.6; 30.1;0;1;778;1;778;1;592;1;-
2026/03/30;07:50:04;96;-; 56.06; 0.8;-; 73.1; 73.2; 47.3; 23.3; 24.0;1384; 1.0; 0.8; 0.8;53; 21.8;F;1;29;On;On;Off; 30.6; 30.1;0;1;778;1;778;1;592;1;-
2026/03/30;07:51:04;96;-; 56.04; 0.8;-; 73.3; 73.2; 47.3; 23.3; 24.0;1384; 1.0; 0.8; 0.8;52; 21.8;F;1;29;On;On;Off; 30.7; 30.2;0;1;778;1;778;1;592;1;-
2026/03/30;07:52:04;96;-; 56.12; 0.8;-; 73.2; 73.0; 47.4; 23.3; 24.0;1384; 0.9; 0.8; 0.8;51; 21.8;F;1;29;On;On;Off; 30.7; 30.2;0;1;778;1;778;1;592;1;-
2026/03/30;07:53:04;96;-; 56.26; 0.8;-; 73.5; 73.2; 47.5; 23.4; 24.1;1384; 0.9; 0.8; 0.8;51; 21.8;F;1;29;On;On;Off; 30.7; 30.2;0;1;778;1;778;1;592;1;-
2026/03/30;07:54:04;96;-; 56.48; 0.8;-; 73.7; 73.5; 47.7; 23.5; 24.2;1384; 1.0; 0.8; 0.8;52; 21.8;F;1;29;On;On;Off; 30.7; 30.2;0;1;778;1;778;1;592;1;-
2026/03/30;07:55:04;96;-; 56.54; 0.8;-; 73.8; 74.3; 44.7; 23.5; 21.2;1384; 1.0; 0.8; 0.8;53; 21.8;F;1;29;On;On;Off; 30.8; 30.3;0;1;778;1;778;1;592;1;-
2026/03/30;07:56:04;96;-; 56.52; 0.6;-; 74.9; 73.6; 34.8; 10.6; 24.2;1384; 0.9; 0.8; 0.8;52; 21.8;F;1;29;On;On;Off; 30.8; 30.3;0;1;778;1;778;1;592;1;-
2026/03/30;07:57:04;96;-; 56.52; 0.8;-; 73.7; 73.5; 46.2; 22.0; 24.2;1384; 0.9; 0.8; 0.8;50; 21.7;F;1;29;On;On;Off; 30.8; 30.3;0;1;778;1;778;1;592;1;-
2026/03/30;07:58:04;96;-; 56.46; 0.6;-; 73.8; 74.8; 33.3; 22.7; 10.6;1384; 0.9; 0.8; 0.8;50; 21.7;F;1;29;On;On;Off; 30.8; 30.3;0;1;778;1;778;1;592;1;-
2026/03/30;07:59:04;96;-; 56.50; 0.8;-; 73.7; 73.6; 46.2; 22.7; 23.5;1384; 0.9; 0.8; 0.8;49; 21.7;F;1;29;On;On;Off; 30.9; 30.3;0;1;778;1;778;1;592;1;-
2026/03/30;08:00:04;96;-; 56.48; 0.9;-; 73.7; 73.5; 48.5; 23.5; 25.0;1384; 0.9; 0.8; 0.8;48; 21.7;F;1;29;On;On;Off; 30.9; 30.3;0;1;778;1;778;1;592;1;-
2026/03/30;08:01:03;97;-; 56.48; 0.9;-; 73.9; 73.6; 50.7; 25.0; 25.7;1384; 0.9; 0.8; 0.8;48; 21.7;F;1;29;On;On;Off; 30.9; 30.4;0;1;778;1;778;1;592;1;-
2026/03/30;08:02:03;97;-; 56.56; 0.7;-; 75.1; 73.7; 41.7; 14.4; 27.3;1384; 0.9; 0.8; 0.8;47; 21.7;F;1;29;On;On;Off; 30.9; 30.4;0;1;778;1;778;1;592;1;-
2026/03/30;08:03:03;97;-; 56.56; 0.8;-; 74.9; 73.9; 43.2; 19.0; 24.2;1384; 0.9; 0.8; 0.8;47; 21.7;F;1;29;On;On;Off; 30.9; 30.4;0;1;778;1;778;1;592;1;-
2026/03/30;08:04:03;97;-; 56.54; 0.8;-; 75.5; 74.1; 43.9; 14.4; 29.6;1384; 0.8; 0.8; 0.8;46; 21.7;F;1;29;On;On;Off; 31.0; 30.4;0;1;778;1;778;1;592;1;-
2026/03/30;08:05:03;97;-; 56.56; 0.7;-; 75.3; 75.0; 41.7; 18.2; 23.5;1384; 0.8; 0.8; 0.8;46; 21.7;F;1;29;On;On;Off; 31.0; 30.5;0;1;778;1;778;1;592;1;-
2026/03/30;08:06:03;97;-; 56.56; 0.8;-; 74.6; 75.1; 44.0; 27.3; 16.7;1384; 0.8; 0.8; 0.8;45; 21.7;F;1;29;On;On;Off; 31.0; 30.5;0;1;778;1;778;1;592;1;-
2026/03/30;08:07:03;97;-; 56.56; 0.7;-; 74.1; 75.3; 40.2; 30.4; 9.9;1384; 0.8; 0.8; 0.8;45; 21.7;F;1;29;On;On;Off; 31.0; 30.5;0;1;778;1;778;1;592;1;-
2026/03/30;08:08:03;97;-; 56.56; 0.7;-; 74.4; 75.0; 41.7; 19.7; 22.0;1384; 0.8; 0.7; 0.7;44; 21.7;F;1;29;On;On;Off; 31.1; 30.5;0;1;778;1;778;1;592;1;-
2026/03/30;08:09:03;97;-; 56.56; 0.8;-; 74.8; 74.2; 43.2; 17.5; 25.8;1384; 0.8; 0.7; 0.7;44; 21.7;F;1;29;On;On;Off; 31.1; 30.5;0;1;778;1;778;1;592;1;-
2026/03/30;08:10:03;97;-; 56.56; 0.7;-; 75.0; 74.1; 41.7; 18.2; 23.5;1384; 0.8; 0.7; 0.7;43; 21.7;F;1;29;On;On;Off; 31.1; 30.5;0;1;778;1;778;1;592;1;-
2026/03/30;08:11:03;97;-; 56.56; 0.8;-; 74.8; 73.7; 44.0; 15.2; 28.8;1384; 0.8; 0.7; 0.7;44; 21.7;F;1;29;On;On;Off; 31.1; 30.6;0;1;778;1;778;1;592;1;-
2026/03/30;08:12:03;97;-; 56.56; 0.8;-; 74.1; 74.6; 44.0; 26.6; 17.5;1384; 0.8; 0.7; 0.7;43; 21.7;F;1;29;On;On;Off; 31.1; 30.6;0;1;778;1;778;1;592;1;-
2026/03/30;08:13:03;98;-; 56.56; 0.7;-; 75.2; 73.7; 40.2; 11.4; 28.8;1384; 0.8; 0.7; 0.7;43; 21.7;F;1;29;On;On;Off; 31.1; 30.6;0;1;778;1;778;1;592;1;-
2026/03/30;08:14:03;98;-; 56.56; 0.7;-; 74.4; 74.8; 38.7; 19.0; 19.7;1384; 0.8; 0.7; 0.7;42; 21.7;F;1;29;On;On;Off; 31.1; 30.6;0;1;778;1;778;1;592;1;-
2026/03/30;08:15:03;98;-; 56.56; 0.8;-; 74.1; 74.7; 44.0; 26.6; 17.5;1384; 0.8; 0.7; 0.7;42; 21.7;F;1;29;On;On;Off; 31.2; 30.6;0;1;778;1;778;1;592;1;-
2026/03/30;08:16:02;98;-; 56.56; 0.7;-; 74.9; 75.0; 38.7; 22.8; 15.9;1384; 0.8; 0.7; 0.7;42; 21.6;F;1;29;On;On;Off; 31.2; 30.6;0;1;778;1;778;1;592;1;-
2026/03/30;08:17:02;98;-; 56.58; 0.8;-; 75.3; 75.2; 44.7; 16.7; 28.0;1384; 0.7; 0.7; 0.7;41; 21.7;F;1;29;On;On;Off; 31.2; 30.7;0;1;778;1;778;1;592;1;-
2026/03/30;08:18:02;98;-; 56.56; 0.7;-; 75.9; 74.5; 39.4; 7.6; 31.8;1384; 0.7; 0.7; 0.7;41; 21.6;F;1;29;On;On;Off; 31.2; 30.7;0;1;778;1;778;1;592;1;-
2026/03/30;08:19:02;98;-; 56.56; 0.7;-; 75.0; 75.1; 38.7; 19.7; 19.0;1384; 0.7; 0.7; 0.7;41; 21.6;F;1;29;On;On;Off; 31.2; 30.7;0;1;778;1;778;1;592;1;-
2026/03/30;08:20:02;98;-; 56.56; 0.7;-; 75.8; 73.9; 39.4; 8.3; 31.1;1384; 0.7; 0.7; 0.7;40; 21.6;F;1;29;On;On;Off; 31.2; 30.7;0;1;778;1;778;1;592;1;-
2026/03/30;08:21:02;98;-; 56.56; 0.7;-; 76.1; 73.7; 37.2; 6.8; 30.4;1384; 0.7; 0.7; 0.7;40; 21.6;F;1;29;On;On;Off; 31.2; 30.7;0;1;778;1;778;1;592;1;-
2026/03/30;08:22:02;98;-; 56.56; 0.7;-; 75.1; 74.1; 39.4; 12.1; 27.3;1384; 0.7; 0.7; 0.7;40; 21.6;F;1;29;On;On;Off; 31.2; 30.7;0;1;778;1;778;1;592;1;-
2026/03/30;08:23:02;98;-; 56.56; 0.6;-; 74.7; 74.9; 35.6; 19.0; 16.7;1384; 0.7; 0.7; 0.7;40; 21.6;F;1;29;On;On;Off; 31.2; 30.7;0;1;778;1;778;2;593;1;-
2026/03/30;08:24:02;98;-; 56.56; 0.7;-; 75.2; 73.7; 38.7; 9.9; 28.8;1384; 0.7; 0.7; 0.7;40; 21.6;F;1;29;On;On;Off; 31.2; 30.7;0;1;778;1;778;2;593;1;-
2026/03/30;08:25:02;99;-; 56.56; 0.8;-; 74.2; 74.5; 42.5; 25.0; 17.4;1384; 0.7; 0.7; 0.7;40; 21.6;F;1;29;On;On;Off; 31.3; 30.7;0;1;778;1;778;2;593;1;-
2026/03/30;08:26:02;99;-; 56.56; 0.7;-; 74.3; 74.7; 41.7; 21.2; 20.5;1384; 0.7; 0.7; 0.7;40; 21.6;F;1;29;On;On;Off; 31.3; 30.7;0;1;778;1;778;2;593;1;-
2026/03/30;08:27:02;99;-; 56.56; 0.7;-; 74.2; 75.2; 42.4; 25.8; 16.7;1384; 0.7; 0.7; 0.7;39; 21.6;F;1;29;On;On;Off; 31.3; 30.7;0;1;778;1;778;2;593;1;-
2026/03/30;08:28:02;99;-; 56.56; 0.6;-; 75.7; 74.9; 35.6; 12.9; 22.8;1384; 0.7; 0.7; 0.7;39; 21.6;F;1;29;On;On;Off; 31.3; 30.8;0;1;778;1;778;2;593;1;-
2026/03/30;08:29:02;99;-; 56.56; 0.7;-; 76.4; 74.1; 38.7; 3.8; 34.9;1384; 0.7; 0.7; 0.7;39; 21.6;F;1;29;On;On;Off; 31.3; 30.8;0;1;778;1;778;2;593;1;-
2026/03/30;08:30:02;99;-; 56.56; 0.7;-; 74.9; 75.1; 42.4; 25.8; 16.7;1384; 0.7; 0.7; 0.7;38; 21.6;F;1;29;On;On;Off; 31.3; 30.8;0;1;778;1;778;2;593;1;-
2026/03/30;08:31:02;99;-; 56.58; 0.7;-; 75.3; 75.0; 41.7; 13.7; 28.0;1384; 0.7; 0.7; 0.7;38; 21.6;F;1;29;On;On;Off; 31.3; 30.8;0;1;778;1;778;2;593;1;-
2026/03/30;08:32:01;99;-; 56.56; 0.8;-; 74.2; 75.5; 44.0; 32.6; 11.4;1384; 0.7; 0.7; 0.7;38; 21.6;F;1;29;On;On;Off; 31.3; 30.8;0;1;778;1;778;2;593;1;-
2026/03/30;08:33:01;99;-; 56.56; 0.7;-; 74.6; 75.4; 40.2; 30.4; 9.9;1384; 0.7; 0.7; 0.7;37; 21.6;F;1;29;On;On;Off; 31.3; 30.8;0;1;778;1;778;2;593;1;-
2026/03/30;08:34:01;99;-; 56.56; 0.6;-; 74.1; 76.4; 31.8; 29.6; 2.3;1384; 0.7; 0.7; 0.7;37; 21.6;F;1;29;On;On;Off; 31.3; 30.8;0;2;779;2;779;2;593;1;-
2026/03/30;08:35:01;99;-; 56.56; 0.7;-; 74.7; 75.7; 39.4; 19.7; 19.7;1384; 0.7; 0.7; 0.7;37; 21.6;F;1;29;On;On;Off; 31.3; 30.8;0;2;779;2;779;2;593;1;-
2026/03/30;08:36:01;99;-; 56.56; 0.7;-; 76.1; 73.6; 41.7; 5.3; 36.4;1384; 0.7; 0.7; 0.7;38; 21.6;F;1;29;On;On;Off; 31.4; 30.8;0;2;779;2;779;2;593;1;-
2026/03/30;08:37:01;99;-; 56.56; 0.6;-; 75.9; 74.9; 35.6; 6.1; 29.6;1384; 0.7; 0.7; 0.7;37; 21.6;F;1;29;On;On;Off; 31.4; 30.8;0;2;779;2;779;2;593;1;-
2026/03/30;08:38:01;100;-; 56.56; 0.7;-; 75.0; 75.3; 40.9; 16.7; 24.2;1384; 0.7; 0.7; 0.7;37; 21.6;F;1;29;On;On;Off; 31.4; 30.8;0;2;779;2;779;2;593;1;-
2026/03/30;08:39:01;100;-; 56.56; 0.7;-; 76.4; 74.3; 37.2; 0.0; 37.2;1384; 0.7; 0.7; 0.7;37; 21.6;F;1;29;On;On;Off; 31.4; 30.8;0;2;779;2;779;2;593;1;-
2026/03/30;08:40:01;100;-; 56.58; 0.7;-; 75.8; 74.6; 41.0; 6.1; 34.9;1384; 0.7; 0.7; 0.7;36; 21.6;F;1;29;On;On;Off; 31.4; 30.9;0;2;779;2;779;2;593;1;-
2026/03/30;08:41:01;100;-; 56.58; 0.8;-; 76.4; 74.2; 42.5; 7.6; 34.9;1384; 0.7; 0.7; 0.7;36; 21.6;F;1;29;On;On;Off; 31.4; 30.9;0;2;779;2;779;2;593;1;-
2026/03/30;08:42:01;100;-; 56.58; 0.7;-; 75.8; 75.3; 39.4; 7.6; 31.8;1384; 0.6; 0.7; 0.7;36; 21.6;F;1;29;On;On;Off; 31.4; 30.9;0;2;779;2;779;2;593;1;-
2026/03/30;08:43:01;100;-; 56.56; 0.8;-; 75.7; 75.1; 43.2; 22.8; 20.5;1384; 0.7; 0.7; 0.7;36; 21.6;F;1;29;On;On;Off; 31.4; 30.9;0;2;779;2;779;2;593;1;-
2026/03/30;08:44:01;100;-; 56.56; 0.8;-; 77.0; 73.7; 43.2; 0.0; 43.2;1385; 0.7; 0.7; 0.7;36; 21.6;F;1;29;On;On;Off; 31.4; 30.9;0;2;779;2;779;2;593;1;-
2026/03/30;08:45:01;100;-; 56.58; 0.7;-; 76.8; 73.8; 41.0; 0.0; 41.0;1385; 0.6; 0.7; 0.7;35; 21.6;F;1;29;On;On;Off; 31.4; 30.9;0;2;779;2;779;2;593;1;-
2026/03/30;08:46:01;100;-; 56.56; 0.7;-; 74.6; 76.5; 38.0; 22.8; 15.2;1385; 0.6; 0.7; 0.7;35; 21.6;F;1;29;On;On;Off; 31.5; 30.9;0;2;779;2;779;2;593;1;-
2026/03/30;08:47:00;100;-; 56.56; 0.6;-; 75.0; 76.7; 34.9; 22.8; 12.1;1385; 0.7; 0.7; 0.7;36; 21.6;F;1;29;On;On;Off; 31.4; 30.9;0;2;779;2;779;2;593;1;-
2026/03/30;08:48:00;100;-; 56.56; 0.7;-; 74.4; 76.9; 41.0; 41.0; 0.0;1385; 0.6; 0.7; 0.7;35; 21.5;F;1;29;On;On;Off; 31.5; 30.9;0;2;779;2;779;2;593;1;-
2026/03/30;08:49:00;100;-; 56.56; 0.8;-; 77.0; 73.8; 42.5; 0.0; 42.5;1385; 0.7; 0.7; 0.7;36; 21.6;F;1;29;On;On;Off; 31.5; 30.9;0;2;779;2;779;2;593;1;-
2026/03/30;08:50:00;100;-; 56.56; 0.6;-; 75.5; 75.7; 36.4; 15.9; 20.5;1385; 0.7; 0.7; 0.7;36; 21.6;F;1;29;On;On;Off; 31.5; 30.9;0;2;779;2;779;2;593;1;-
2026/03/30;08:51:00;100;-; 56.56; 0.6;-; 77.0; 73.8; 36.4; 1.5; 34.9;1385; 0.6; 0.7; 0.7;35; 21.5;F;1;29;On;On;Off; 31.5; 30.9;0;2;779;2;779;2;593;1;-
2026/03/30;08:52:00;100;-; 56.56; 0.7;-; 74.7; 76.5; 37.9; 29.6; 8.3;1385; 0.6; 0.7; 0.7;35; 21.5;F;1;29;On;On;Off; 31.5; 30.9;0;2;779;2;779;2;593;1;-
2026/03/30;08:53:00;100;-; 56.58; 0.8;-; 76.2; 74.8; 42.5; 3.8; 38.7;1385; 0.6; 0.7; 0.7;35; 21.5;F;1;29;On;On;Off; 31.5; 30.9;0;2;779;2;779;2;593;1;-
2026/03/30;08:54:00;100;-; 56.58; 0.8;-; 76.6; 74.4; 42.5; 0.0; 42.5;1385; 0.6; 0.7; 0.7;35; 21.5;F;1;29;On;On;Off; 31.5; 31.0;0;2;779;2;779;2;593;1;-
2026/03/30;08:55:00;100;-; 56.58; 0.7;-; 75.9; 75.6; 37.2; 15.2; 22.0;1385; 0.6; 0.7; 0.7;35; 21.5;F;1;29;On;On;Off; 31.5; 31.0;0;2;779;2;779;2;593;1;-
2026/03/30;08:56:00;100;-; 56.58; 0.7;-; 76.2; 74.7; 40.2; 7.6; 32.6;1385; 0.6; 0.7; 0.7;35; 21.5;F;1;29;On;On;Off; 31.5; 30.9;0;2;779;2;779;2;593;1;-
2026/03/30;08:57:00;100;-; 56.58; 0.5;-; 76.2; 75.2; 25.8; 0.0; 25.8;1385; 0.6; 0.6; 0.6;33; 21.5;F;1;29;On;On;Off; 30.6; 31.0;0;2;779;2;779;2;593;1;-
2026/03/30;08:58:00;100;-; 56.62; 0.7;-; 75.4; 75.5; 38.7; 28.9; 9.9;1385; 0.4; 0.4; 0.4;21; 21.5;F;1;29;On;On;Off; 29.8; 30.3;0;2;779;2;779;2;593;1;-
2026/03/30;08:59:00;100;-; 56.62; 0.5;-; 76.3; 74.8; 26.6; 0.0; 26.6;1385; 0.5; 0.5; 0.5;25; 21.5;F;1;29;On;On;Off; 29.7; 30.2;0;2;779;2;779;2;593;1;-
2026/03/30;09:00:00;100;-; 56.58; 0.5;-; 76.2; 74.8; 30.4; 0.0; 30.4;1385; 0.4; 0.4; 0.4;22; 21.5;F;1;29;On;On;Off; 28.9; 30.4;0;2;779;2;779;2;593;1;-
2026/03/30;09:01:00;100;-; 56.62; 0.4;-; 76.3; 75.4; 23.5; 0.0; 23.5;1385; 0.4; 0.4; 0.4;23; 21.5;F;1;29;On;On;Off; 28.8; 30.3;0;2;779;2;779;2;593;1;-
2026/03/30;09:01:59;100;-; 56.58; 0.4;-; 76.5; 75.4; 24.2; 0.7; 23.5;1385; 0.4; 0.4; 0.4;22; 21.5;F;1;29;On;On;Off; 28.6; 30.2;0;2;779;2;779;2;593;1;-
2026/03/30;09:02:59;100;-; 56.60; 0.4;-; 76.5; 75.8; 22.8; 0.0; 22.8;1385; 0.4; 0.4; 0.4;23; 21.5;F;1;29;On;On;Off; 28.5; 30.1;0;2;779;2;779;2;593;1;-
2026/03/30;09:03:59;100;-; 56.56; 0.3;-; 76.4; 75.9; 19.0; 0.0; 19.0;1385; 0.4; 0.4; 0.4;22; 21.5;F;1;29;On;On;Off; 28.4; 30.0;0;2;779;2;779;2;593;1;-
2026/03/30;09:04:59;100;-; 56.62; 0.4;-; 76.1; 76.5; 23.5; 22.8; 0.7;1385; 0.4; 0.4; 0.4;23; 21.5;F;1;29;On;On;Off; 29.6; 28.9;0;2;779;2;779;2;593;1;-
2026/03/30;09:05:59;100;-; 56.62; 0.4;-; 75.8; 76.6; 25.0; 24.3; 0.7;1385; 0.4; 0.4; 0.4;22; 21.5;F;1;29;On;On;Off; 30.2; 27.9;0;2;779;2;779;2;593;1;-
2026/03/30;09:06:59;100;-; 56.62; 0.8;-; 77.2; 74.5; 47.1; 0.0; 47.1;1385; 0.4; 0.4; 0.4;20; 21.5;F;1;29;On;On;Off; 29.6; 28.5;0;2;779;2;779;2;593;1;-
2026/03/30;09:07:59;100;-; 56.62; 0.4;-; 76.6; 76.8; 20.5; 19.7; 0.7;1385; 0.5; 0.5; 0.5;26; 21.5;F;1;29;On;On;Off; 30.1; 27.9;0;2;779;2;779;2;593;1;-
2026/03/30;09:08:59;100;-; 56.60; 0.5;-; 75.9; 76.8; 28.8; 28.1; 0.7;1385; 0.4; 0.4; 0.4;22; 21.5;F;1;29;On;On;Off; 30.1; 27.7;0;2;779;2;779;2;593;1;-
2026/03/30;09:09:59;100;-; 56.58; 0.5;-; 76.0; 76.8; 25.8; 25.0; 0.7;1385; 0.4; 0.4; 0.4;22; 21.5;F;1;29;On;On;Off; 30.0; 27.6;0;2;779;2;779;2;593;1;-
2026/03/30;09:10:59;100;-; 56.62; 0.5;-; 76.3; 77.0; 25.8; 25.1; 0.7;1385; 0.4; 0.4; 0.4;21; 21.5;F;1;29;On;On;Off; 30.0; 27.5;0;2;779;2;779;2;593;1;-
2026/03/30;09:11:59;100;-; 56.56; 0.9;-; 75.3; 77.8; 53.1; 53.1; 0.0;1385; 0.4; 0.5; 0.5;23; 21.5;F;1;29;On;On;Off; 29.7; 28.8;0;2;779;2;779;2;593;1;-
2026/03/30;09:12:59;100;-; 56.56; 1.0;-; 74.9; 77.6; 54.6; 54.6; 0.0;1385; 0.6; 0.6; 0.6;33; 21.5;F;1;29;On;On;Off; 30.2; 29.6;0;2;779;2;779;2;593;1;-
2026/03/30;09:13:59;100;-; 56.56; 0.7;-; 75.9; 76.6; 38.6; 33.4; 5.3;1385; 0.6; 0.6; 0.6;33; 21.5;F;1;29;On;On;Off; 30.3; 29.8;0;2;779;2;779;2;593;1;-
2026/03/30;09:14:59;100;-; 56.56; 1.0;-; 74.5; 77.8; 53.9; 53.9; 0.0;1385; 0.6; 0.6; 0.6;33; 21.5;F;1;29;On;On;Off; 30.4; 29.9;0;2;779;2;779;2;593;1;-
2026/03/30;09:15:59;100;-; 56.58; 0.8;-; 75.2; 77.0; 47.8; 47.8; 0.0;1385; 0.6; 0.6; 0.6;34; 21.5;F;1;29;On;On;Off; 30.5; 30.0;0;2;779;2;779;2;593;1;-
2026/03/30;09:16:58;100;-; 56.56; 0.6;-; 75.5; 77.1; 32.6; 24.2; 8.3;1385; 0.6; 0.6; 0.6;34; 21.6;F;1;29;On;On;Off; 30.6; 30.1;0;2;779;2;779;2;593;1;-
2026/03/30;09:17:58;100;-; 56.56; 0.6;-; 76.7; 76.3; 34.1; 23.5; 10.6;1385; 0.6; 0.6; 0.6;34; 21.6;F;1;29;On;On;Off; 30.6; 30.1;0;2;779;2;779;2;593;1;-
2026/03/30;09:18:58;100;-; 56.56; 0.7;-; 75.4; 76.8; 37.9; 29.6; 8.3;1385; 0.6; 0.6; 0.6;33; 21.6;F;1;29;On;On;Off; 30.7; 30.2;0;2;779;2;779;2;593;1;-
2026/03/30;09:19:58;100;-; 56.56; 0.7;-; 77.3; 75.5; 38.7; 0.0; 38.7;1385; 0.6; 0.6; 0.6;34; 21.6;F;1;29;On;On;Off; 30.7; 30.3;0;2;779;2;779;2;593;1;-
2026/03/30;09:20:58;100;-; 56.56; 0.5;-; 75.7; 77.4; 30.3; 25.0; 5.3;1385; 0.6; 0.6; 0.6;33; 21.6;F;1;29;On;On;Off; 30.8; 30.3;0;2;779;2;779;2;593;1;-
2026/03/30;09:21:58;100;-; 56.58; 0.7;-; 77.3; 75.1; 37.2; 0.0; 37.2;1385; 0.6; 0.6; 0.6;33; 21.6;F;1;29;On;On;Off; 30.9; 30.3;0;2;779;2;779;2;593;1;-
2026/03/30;09:22:58;100;-; 56.56; 0.8;-; 74.3; 77.5; 46.3; 46.3; 0.0;1385; 0.6; 0.6; 0.6;33; 21.6;F;1;29;On;On;Off; 30.9; 30.4;0;2;779;2;779;2;593;1;-
2026/03/30;09:23:58;100;-; 56.56; 0.9;-; 74.7; 77.7; 48.5; 48.5; 0.0;1385; 0.6; 0.6; 0.6;33; 21.6;F;1;29;On;On;Off; 30.9; 30.4;0;2;779;2;779;2;593;1;-
2026/03/30;09:24:58;100;-; 56.58; 0.7;-; 77.3; 74.9; 40.2; 0.0; 40.2;1385; 0.6; 0.6; 0.6;33; 21.6;F;1;29;On;On;Off; 31.0; 30.5;0;2;779;2;779;2;593;1;-
2026/03/30;09:25:58;100;-; 56.56; 0.9;-; 77.6; 74.4; 50.1; 0.0; 50.1;1385; 0.6; 0.6; 0.6;32; 21.6;F;1;29;On;On;Off; 31.0; 30.5;0;2;779;2;779;2;593;1;-
2026/03/30;09:26:58;100;-; 56.56; 1.0;-; 74.3; 77.6; 56.1; 56.1; 0.0;1385; 0.6; 0.6; 0.6;33; 21.6;F;1;29;On;On;Off; 31.0; 30.6;0;2;779;2;779;2;593;1;-
2026/03/30;09:27:58;100;-; 56.58; 1.1;-; 77.7; 73.7; 59.9; 0.0; 59.9;1385; 0.6; 0.6; 0.6;32; 21.6;F;1;29;On;On;Off; 31.1; 30.6;0;2;779;2;779;2;593;1;-
2026/03/30;09:28:58;100;-; 56.56; 1.0;-; 74.8; 77.9; 53.9; 53.9; 0.0;1385; 0.6; 0.6; 0.6;33; 21.6;F;1;29;On;On;Off; 31.1; 30.6;0;2;779;2;779;2;593;1;-
2026/03/30;09:29:58;100;-; 56.56; 0.6;-; 77.0; 76.1; 35.6; 13.6; 22.0;1385; 0.6; 0.6; 0.6;32; 21.6;F;1;29;On;On;Off; 31.2; 30.6;0;2;779;2;779;2;593;1;-
2026/03/30;09:30:58;100;-; 56.58; 0.9;-; 77.7; 75.3; 48.6; 0.0; 48.6;1385; 0.6; 0.6; 0.6;32; 21.6;F;1;29;On;On;Off; 31.2; 30.7;0;2;779;2;779;2;593;1;-
2026/03/30;09:31:57;100;-; 56.56; 0.9;-; 77.8; 74.8; 48.6; 0.0; 48.6;1385; 0.6; 0.6; 0.6;33; 21.6;F;1;29;On;On;Off; 31.2; 30.7;0;2;779;2;779;2;593;1;-
2026/03/30;09:32:57;100;-; 56.56; 0.7;-; 75.6; 77.3; 37.2; 37.2; 0.0;1385; 0.6; 0.6; 0.6;33; 21.6;F;1;29;On;On;Off; 31.2; 30.7;0;2;779;2;779;2;593;1;-
2026/03/30;09:33:57;100;-; 56.56; 0.6;-; 77.3; 75.8; 31.8; 0.7; 31.1;1385; 0.6; 0.6; 0.6;33; 21.6;F;1;29;On;On;Off; 31.3; 30.8;0;2;779;2;779;2;593;1;-
2026/03/30;09:34:57;100;-; 56.58; 0.7;-; 76.7; 75.9; 39.4; 3.8; 35.6;1385; 0.6; 0.6; 0.6;33; 21.7;F;1;29;On;On;Off; 31.3; 30.8;0;2;779;2;779;2;593;1;-
2026/03/30;09:35:57;100;-; 56.58; 1.0;-; 77.8; 74.4; 56.1; 0.0; 56.1;1385; 0.6; 0.6; 0.6;33; 21.6;F;1;29;On;On;Off; 31.3; 30.8;0;2;779;2;779;2;593;1;-
2026/03/30;09:36:57;100;-; 56.56; 0.7;-; 75.6; 77.2; 39.4; 39.4; 0.0;1385; 0.6; 0.6; 0.6;33; 21.7;F;1;29;On;On;Off; 31.3; 30.8;0;2;779;2;779;2;593;1;-
2026/03/30;09:37:57;100;-; 56.56; 0.9;-; 74.9; 77.8; 50.1; 50.1; 0.0;1385; 0.6; 0.6; 0.6;33; 21.7;F;1;29;On;On;Off; 31.4; 30.9;0;2;779;2;779;2;593;1;-
2026/03/30;09:38:57;100;-; 56.56; 0.5;-; 75.7; 77.6; 31.1; 27.3; 3.8;1385; 0.6; 0.6; 0.6;33; 21.7;F;1;29;On;On;Off; 31.4; 30.9;0;2;779;2;779;2;593;1;-
2026/03/30;09:39:57;100;-; 56.56; 0.9;-; 77.9; 74.8; 51.6; 0.0; 51.6;1385; 0.6; 0.6; 0.6;32; 21.7;F;1;29;On;On;Off; 31.4; 30.9;0;2;779;2;779;2;593;1;-
2026/03/30;09:40:57;100;-; 56.56; 0.8;-; 75.9; 77.6; 44.0; 44.0; 0.0;1385; 0.6; 0.6; 0.6;33; 21.7;F;1;29;On;On;Off; 31.4; 30.9;0;2;779;2;779;2;593;1;-
2026/03/30;09:41:57;100;-; 56.58; 0.8;-; 75.6; 77.0; 47.8; 47.8; 0.0;1385; 0.6; 0.6; 0.6;32; 21.7;F;1;29;On;On;Off; 31.5; 30.9;0;2;779;2;779;2;593;1;-
2026/03/30;09:42:57;100;-; 56.58; 0.8;-; 74.7; 77.9; 47.0; 47.0; 0.0;1385; 0.6; 0.6; 0.6;33; 21.7;F;1;29;On;On;Off; 31.5; 31.0;0;2;779;2;779;2;593;1;-
2026/03/30;09:43:57;100;-; 56.56; 0.6;-; 76.3; 77.7; 34.9; 34.9; 0.0;1386; 0.6; 0.6; 0.6;33; 21.7;F;1;29;On;On;Off; 31.5; 31.0;0;2;779;2;779;2;593;1;-
2026/03/30;09:44:57;100;-; 56.56; 0.7;-; 78.3; 75.5; 40.9; 0.0; 40.9;1386; 0.6; 0.6; 0.6;32; 21.7;F;1;29;On;On;Off; 31.5; 31.0;0;2;779;2;779;2;593;1;-
2026/03/30;09:45:57;100;-; 56.56; 0.7;-; 77.6; 77.0; 40.2; 0.0; 40.2;1386; 0.6; 0.6; 0.6;32; 21.7;F;1;29;On;On;Off; 31.5; 31.0;0;2;779;2;779;2;593;1;-
2026/03/30;09:46:57;100;-; 56.56; 0.7;-; 77.8; 76.4; 38.7; 0.0; 38.7;1386; 0.6; 0.6; 0.6;32; 21.7;F;1;29;On;On;Off; 31.5; 31.1;0;2;779;2;779;2;593;1;-
2026/03/30;09:47:56;100;-; 56.56; 0.5;-; 77.6; 77.2; 31.1; 31.1; 0.0;1386; 0.6; 0.6; 0.6;32; 21.7;F;1;29;On;On;Off; 31.6; 31.1;0;2;779;2;779;2;593;1;-
2026/03/30;09:48:56;100;-; 56.56; 0.6;-; 77.5; 76.6; 33.4; 0.0; 33.4;1386; 0.6; 0.6; 0.6;32; 21.7;F;1;29;On;On;Off; 31.6; 31.1;0;2;779;2;779;2;593;1;-
2026/03/30;09:49:56;100;-; 56.56; 0.5;-; 75.7; 77.2; 31.1; 31.1; 0.0;1386; 0.6; 0.6; 0.6;32; 21.7;F;1;29;On;On;Off; 31.6; 31.1;0;2;779;2;779;2;593;1;-
2026/03/30;09:50:56;100;-; 56.56; 1.0;-; 74.9; 78.0; 55.4; 55.4; 0.0;1386; 0.6; 0.6; 0.6;32; 21.7;F;1;29;On;On;Off; 31.6; 31.1;0;2;779;2;779;2;593;1;-
2026/03/30;09:51:56;100;-; 56.56; 0.7;-; 75.2; 77.8; 39.4; 39.4; 0.0;1386; 0.6; 0.6; 0.6;32; 21.7;F;1;29;On;On;Off; 31.6; 31.1;0;2;779;2;779;2;593;1;-
2026/03/30;09:52:56;100;-; 56.56; 0.6;-; 75.0; 78.0; 36.4; 36.4; 0.0;1386; 0.6; 0.6; 0.6;32; 21.7;F;1;29;On;On;Off; 31.6; 31.1;0;2;779;2;779;2;593;1;-
2026/03/30;09:53:56;100;-; 56.56; 1.1;-; 74.6; 77.9; 59.9; 59.9; 0.0;1386; 0.6; 0.6; 0.6;31; 21.7;F;1;29;On;On;Off; 31.6; 31.1;0;2;779;2;779;2;593;1;-
2026/03/30;09:54:56;100;-; 56.56; 0.9;-; 77.8; 75.4; 50.1; 0.0; 50.1;1386; 0.6; 0.6; 0.6;32; 21.8;F;1;29;On;On;Off; 31.6; 31.2;0;2;779;2;779;2;593;1;-
2026/03/30;09:55:56;100;-; 56.56; 0.6;-; 75.9; 77.8; 34.1; 13.7; 20.5;1386; 0.6; 0.6; 0.6;31; 21.8;F;1;29;On;On;Off; 31.7; 31.2;0;2;779;2;779;2;593;1;-
2026/03/30;09:56:56;100;-; 56.56; 0.5;-; 76.8; 77.4; 27.3; 13.6; 13.6;1386; 0.6; 0.6; 0.6;31; 21.8;F;1;29;On;On;Off; 31.7; 31.2;0;2;779;2;779;2;593;1;-
2026/03/30;09:57:56;100;-; 56.56; 0.7;-; 77.5; 76.8; 37.2; 17.5; 19.7;1386; 0.6; 0.6; 0.6;32; 21.8;F;1;29;On;On;Off; 31.7; 31.2;0;2;779;2;779;2;593;1;-
2026/03/30;09:58:56;100;-; 56.56; 0.6;-; 78.1; 76.2; 34.9; 15.9; 19.0;1386; 0.6; 0.6; 0.6;31; 21.8;F;1;29;On;On;Off; 31.7; 31.2;0;2;779;2;779;2;593;1;-
2026/03/30;09:59:56;100;-; 56.56; 0.7;-; 77.6; 76.6; 37.2; 0.0; 37.2;1386; 0.6; 0.6; 0.6;31; 21.8;F;1;29;On;On;Off; 31.7; 31.2;0;2;779;2;779;3;594;1;-
2026/03/30;10:00:56;100;-; 56.56; 0.8;-; 78.0; 76.8; 44.0; 0.0; 44.0;1386; 0.6; 0.6; 0.6;31; 21.8;F;1;29;On;On;Off; 31.7; 31.2;0;2;779;2;779;3;594;1;-
2026/03/30;10:01:56;100;-; 56.56; 1.0;-; 78.6; 75.4; 56.1; 0.0; 56.1;1386; 0.6; 0.6; 0.6;31; 21.8;F;1;29;On;On;Off; 31.8; 31.2;0;2;779;2;779;3;594;1;-
2026/03/30;10:02:55;100;-; 56.56; 0.6;-; 78.5; 76.6; 33.4; 0.0; 33.4;1386; 0.6; 0.6; 0.6;31; 21.8;F;1;29;On;On;Off; 31.8; 31.3;0;2;779;2;779;3;594;1;-
2026/03/30;10:03:55;100;-; 56.56; 0.8;-; 77.5; 77.4; 43.2; 43.2; 0.0;1386; 0.6; 0.6; 0.6;31; 21.8;F;1;29;On;On;Off; 31.8; 31.3;0;2;779;2;779;3;594;1;-
2026/03/30;10:04:55;100;-; 56.56; 0.9;-; 76.7; 78.4; 49.3; 49.3; 0.0;1386; 0.6; 0.6; 0.6;31; 21.8;F;1;29;On;On;Off; 31.8; 31.3;0;2;779;2;779;3;594;1;-
2026/03/30;10:05:55;100;-; 56.56; 0.6;-; 78.0; 77.2; 35.6; 15.9; 19.7;1386; 0.6; 0.6; 0.6;31; 21.8;F;1;29;On;On;Off; 31.8; 31.3;0;2;779;2;779;3;594;1;-
2026/03/30;10:06:55;100;-; 56.56; 0.8;-; 76.1; 78.1; 45.6; 45.6; 0.0;1386; 0.6; 0.6; 0.6;32; 21.8;F;1;29;On;On;Off; 31.8; 31.3;0;2;779;2;779;3;594;1;-
2026/03/30;10:07:55;100;-; 56.58; 0.8;-; 76.1; 78.5; 47.8; 47.8; 0.0;1386; 0.6; 0.6; 0.6;31; 21.8;F;1;29;On;On;Off; 31.8; 31.3;0;2;779;2;779;3;594;1;-
2026/03/30;10:08:55;100;-; 56.56; 0.6;-; 77.4; 77.7; 34.1; 13.7; 20.5;1386; 0.6; 0.6; 0.6;31; 21.8;F;1;29;On;On;Off; 31.8; 31.3;0;2;779;2;779;3;594;1;-
2026/03/30;10:09:55;100;-; 56.58; 1.0;-; 78.4; 75.7; 56.1; 0.0; 56.1;1386; 0.6; 0.6; 0.6;31; 21.8;F;1;29;On;On;Off; 31.8; 31.3;0;2;779;2;779;3;594;1;-
2026/03/30;10:10:55;100;-; 56.58; 0.9;-; 78.2; 76.5; 50.1; 0.0; 50.1;1386; 0.6; 0.6; 0.6;32; 21.8;F;1;29;On;On;Off; 31.8; 31.3;0;2;779;2;779;3;594;1;-
2026/03/30;10:11:55;100;-; 56.56; 0.6;-; 76.8; 78.2; 34.8; 18.2; 16.7;1386; 0.6; 0.6; 0.6;31; 21.8;F;1;29;On;On;Off; 31.8; 31.3;0;3;780;3;780;3;594;1;-
2026/03/30;10:12:55;100;-; 56.56; 0.6;-; 77.5; 78.0; 36.4; 36.4; 0.0;1386; 0.6; 0.6; 0.6;32; 21.8;F;1;29;On;On;Off; 31.8; 31.3;0;3;780;3;780;3;594;1;-
2026/03/30;10:13:55;100;-; 56.56; 0.6;-; 78.0; 77.5; 34.9; 19.7; 15.2;1386; 0.6; 0.6; 0.6;32; 21.8;F;1;29;On;On;Off; 31.9; 31.3;0;3;780;3;780;3;594;1;-
2026/03/30;10:14:55;100;-; 56.56; 0.6;-; 77.5; 78.1; 35.6; 32.6; 3.0;1386; 0.6; 0.6; 0.6;31; 21.8;F;1;29;On;On;Off; 31.9; 31.4;0;3;780;3;780;3;594;1;-
2026/03/30;10:15:55;100;-; 56.56; 0.6;-; 77.9; 77.2; 32.6; 19.7; 12.9;1386; 0.6; 0.6; 0.6;31; 21.8;F;1;29;On;On;Off; 31.9; 31.4;0;3;780;3;780;3;594;1;-
2026/03/30;10:16:55;100;-; 56.56; 0.6;-; 76.8; 78.2; 36.4; 25.0; 11.4;1386; 0.6; 0.6; 0.6;31; 21.8;F;1;29;On;On;Off; 31.9; 31.4;0;3;780;3;780;3;594;1;-
2026/03/30;10:17:54;100;-; 56.56; 0.9;-; 77.2; 78.1; 48.6; 48.6; 0.0;1386; 0.6; 0.6; 0.6;31; 21.8;F;1;29;On;On;Off; 31.9; 31.4;0;3;780;3;780;3;594;1;-
2026/03/30;10:18:54;100;-; 56.56; 0.6;-; 78.6; 77.2; 33.4; 4.5; 28.8;1386; 0.6; 0.6; 0.6;31; 21.8;F;1;29;On;On;Off; 31.9; 31.4;0;3;780;3;780;3;594;1;-
2026/03/30;10:19:54;100;-; 56.56; 0.6;-; 77.0; 78.8; 34.1; 24.2; 9.9;1386; 0.6; 0.6; 0.6;30; 21.8;F;1;29;On;On;Off; 31.9; 31.4;0;3;780;3;780;3;594;1;-
2026/03/30;10:20:54;100;-; 56.56; 0.6;-; 78.8; 76.9; 35.6; 11.4; 24.2;1386; 0.6; 0.6; 0.6;31; 21.8;F;1;29;On;On;Off; 31.9; 31.4;0;3;780;3;780;3;594;1;-
2026/03/30;10:21:54;100;-; 56.56; 0.6;-; 78.3; 77.4; 36.4; 9.1; 27.3;1386; 0.6; 0.6; 0.6;31; 21.8;F;1;29;On;On;Off; 31.9; 31.4;0;3;780;3;780;3;594;1;-
2026/03/30;10:22:54;100;-; 56.56; 0.9;-; 78.8; 77.2; 53.1; 0.0; 53.1;1386; 0.6; 0.6; 0.6;31; 21.8;F;1;29;On;On;Off; 31.9; 31.4;0;3;780;3;780;3;594;1;-
2026/03/30;10:23:54;100;-; 56.56; 0.5;-; 77.7; 78.7; 28.0; 25.8; 2.3;1386; 0.6; 0.6; 0.6;31; 21.8;F;1;29;On;On;Off; 31.9; 31.5;0;3;780;3;780;3;594;1;-
2026/03/30;10:24:54;100;-; 56.56; 0.8;-; 78.5; 77.3; 45.5; 0.0; 45.5;1386; 0.6; 0.6; 0.6;30; 21.8;F;1;29;On;On;Off; 31.9; 31.4;0;3;780;3;780;3;594;1;-
2026/03/30;10:25:54;100;-; 56.56; 0.8;-; 78.4; 77.1; 46.3; 0.0; 46.3;1386; 0.6; 0.6; 0.6;31; 21.8;F;1;29;On;On;Off; 32.0; 31.4;0;3;780;3;780;3;594;1;-
2026/03/30;10:26:54;100;-; 56.56; 0.6;-; 77.1; 78.6; 35.6; 35.6; 0.0;1386; 0.6; 0.6; 0.6;31; 21.8;F;1;29;On;On;Off; 31.9; 31.5;0;3;780;3;780;3;594;1;-
2026/03/30;10:27:54;100;-; 56.56; 0.8;-; 77.7; 78.9; 43.2; 43.2; 0.0;1386; 0.6; 0.6; 0.6;30; 21.8;F;1;29;On;On;Off; 32.0; 31.5;0;3;780;3;780;3;594;1;-
2026/03/30;10:28:54;100;-; 56.56; 0.9;-; 78.7; 77.2; 53.1; 0.0; 53.1;1386; 0.5; 0.6; 0.6;30; 21.8;F;1;29;On;On;Off; 32.0; 31.5;0;3;780;3;780;3;594;1;-
2026/03/30;10:29:54;100;-; 56.58; 0.7;-; 76.4; 78.6; 38.0; 38.0; 0.0;1386; 0.6; 0.6; 0.6;30; 21.8;F;1;29;On;On;Off; 32.0; 31.5;0;3;780;3;780;3;594;1;-
2026/03/30;10:30:54;100;-; 56.56; 0.9;-; 78.7; 76.9; 53.1; 0.0; 53.1;1386; 0.6; 0.6; 0.6;30; 21.8;F;1;29;On;On;Off; 32.0; 31.5;0;3;780;3;780;3;594;1;-
2026/03/30;10:31:54;100;-; 56.56; 0.6;-; 77.9; 77.9; 31.8; 11.4; 20.5;1386; 0.6; 0.6; 0.6;31; 21.8;F;1;29;On;On;Off; 32.0; 31.5;0;3;780;3;780;3;594;1;-
2026/03/30;10:32:53;100;-; 56.56; 0.5;-; 77.2; 78.7; 26.6; 26.6; 0.0;1386; 0.6; 0.6; 0.6;30; 21.8;F;1;29;On;On;Off; 32.0; 31.5;0;3;780;3;780;3;594;1;-
2026/03/30;10:33:53;100;-; 56.56; 0.6;-; 78.0; 78.1; 35.6; 28.0; 7.6;1386; 0.5; 0.6; 0.6;30; 21.8;F;1;29;On;On;Off; 32.0; 31.5;0;3;780;3;780;3;594;1;-
2026/03/30;10:34:53;100;-; 56.56; 0.7;-; 78.5; 77.6; 37.9; 12.1; 25.8;1386; 0.5; 0.6; 0.6;30; 21.8;F;1;29;On;On;Off; 32.0; 31.5;0;3;780;3;780;3;594;1;-
2026/03/30;10:35:53;100;-; 56.56; 0.5;-; 77.2; 78.8; 30.4; 30.4; 0.0;1386; 0.5; 0.6; 0.6;30; 21.8;F;1;29;On;On;Off; 32.0; 31.5;0;3;780;3;780;3;594;1;-
2026/03/30;10:36:53;100;-; 56.56; 0.6;-; 78.6; 76.7; 35.6; 13.7; 22.0;1386; 0.6; 0.6; 0.6;30; 21.8;F;1;29;On;On;Off; 32.0; 31.5;0;3;780;3;780;3;594;1;-
2026/03/30;10:37:53;100;-; 56.56; 0.7;-; 76.3; 78.6; 41.0; 41.0; 0.0;1386; 0.6; 0.6; 0.6;31; 21.8;F;1;29;On;On;Off; 32.0; 31.5;0;3;780;3;780;3;594;1;-
2026/03/30;10:38:53;100;-; 56.56; 0.6;-; 78.6; 77.4; 31.8; 2.3; 29.6;1386; 0.6; 0.6; 0.6;30; 21.8;F;1;29;On;On;Off; 32.0; 31.5;0;3;780;3;780;3;594;1;-
2026/03/30;10:39:53;100;-; 56.58; 1.0;-; 79.0; 76.7; 54.6; 0.0; 54.6;1386; 0.6; 0.6; 0.6;31; 21.8;F;1;29;On;On;Off; 32.0; 31.5;0;3;780;3;780;3;594;1;-
2026/03/30;10:40:53;100;-; 56.56; 1.0;-; 77.7; 78.8; 54.6; 54.6; 0.0;1386; 0.5; 0.6; 0.6;30; 21.8;F;1;29;On;On;Off; 32.0; 31.6;0;3;780;3;780;3;594;1;-
2026/03/30;10:41:53;100;-; 56.56; 0.6;-; 78.8; 77.7; 33.4; 0.0; 33.4;1386; 0.5; 0.6; 0.6;30; 21.8;F;1;29;On;On;Off; 32.1; 31.6;0;3;780;3;780;3;594;1;-
2026/03/30;10:42:53;100;-; 56.56; 0.9;-; 79.0; 77.3; 48.6; 0.0; 48.6;1386; 0.6; 0.6; 0.6;30; 21.8;F;1;29;On;On;Off; 32.1; 31.6;0;3;780;3;780;3;594;1;-
2026/03/30;10:43:53;100;-; 56.58; 0.6;-; 78.9; 77.3; 36.4; 12.1; 24.2;1387; 0.6; 0.6; 0.6;30; 21.8;F;1;29;On;On;Off; 32.1; 31.6;0;3;780;3;780;3;594;1;-
2026/03/30;10:44:53;100;-; 56.58; 0.8;-; 77.0; 78.5; 46.3; 46.3; 0.0;1387; 0.6; 0.6; 0.6;30; 21.8;F;1;29;On;On;Off; 32.1; 31.6;0;3;780;3;780;3;594;1;-
2026/03/30;10:45:53;100;-; 56.56; 0.9;-; 76.7; 78.4; 49.3; 49.3; 0.0;1387; 0.6; 0.6; 0.6;30; 21.8;F;1;29;On;On;Off; 32.1; 31.6;0;3;780;3;780;3;594;1;-
2026/03/30;10:46:53;100;-; 56.56; 0.6;-; 76.9; 77.6; 31.8; 12.9; 19.0;1387; 0.6; 0.6; 0.6;31; 21.8;F;1;29;On;On;Off; 32.1; 31.6;0;3;780;3;780;3;594;1;-
2026/03/30;10:47:52;100;-; 56.56; 0.7;-; 77.4; 77.3; 41.7; 9.1; 32.6;1387; 0.6; 0.6; 0.6;31; 21.8;F;1;29;On;On;Off; 32.1; 31.5;0;3;780;3;780;3;594;1;-
2026/03/30;10:48:52;100;-; 56.58; 0.9;-; 78.4; 76.1; 49.3; 0.0; 49.3;1387; 0.6; 0.6; 0.6;30; 21.8;F;1;29;On;On;Off; 32.1; 31.5;0;3;780;3;780;3;594;1;-
2026/03/30;10:49:52;100;-; 56.56; 0.6;-; 77.7; 77.4; 36.4; 0.0; 36.4;1387; 0.6; 0.6; 0.6;31; 21.8;F;1;29;On;On;Off; 32.1; 31.6;0;3;780;3;780;3;594;1;-
2026/03/30;10:50:52;100;-; 56.56; 0.9;-; 76.1; 78.1; 52.4; 52.4; 0.0;1387; 0.6; 0.6; 0.6;30; 21.8;F;1;29;On;On;Off; 32.0; 31.5;0;3;780;3;780;3;594;1;-
2026/03/30;10:51:52;100;-; 56.56; 0.7;-; 77.9; 76.4; 37.2; 0.7; 36.4;1387; 0.6; 0.6; 0.6;31; 21.8;F;1;29;On;On;Off; 32.0; 31.6;0;3;780;3;780;3;594;1;-
2026/03/30;10:52:52;100;-; 56.56; 0.9;-; 78.3; 76.2; 48.6; 0.0; 48.6;1387; 0.6; 0.6; 0.6;31; 21.8;F;1;29;On;On;Off; 32.1; 31.6;0;3;780;3;780;3;594;1;-
2026/03/30;10:53:52;100;-; 56.58; 0.9;-; 78.3; 75.5; 51.6; 0.0; 51.6;1387; 0.6; 0.6; 0.6;31; 21.9;F;1;29;On;On;Off; 32.0; 31.6;0;3;780;3;780;3;594;1;-
2026/03/30;10:54:52;100;-; 56.56; 0.8;-; 77.4; 77.4; 44.0; 44.0; 0.0;1387; 0.6; 0.6; 0.6;31; 21.9;F;1;29;On;On;Off; 32.1; 31.5;0;3;780;3;780;3;594;1;-
2026/03/30;10:55:52;100;-; 56.56; 0.8;-; 76.9; 77.8; 44.7; 44.7; 0.0;1387; 0.6; 0.6; 0.6;30; 21.8;F;1;29;On;On;Off; 32.1; 31.5;0;3;780;3;780;3;594;1;-
2026/03/30;10:56:52;100;-; 56.56; 0.7;-; 77.3; 77.2; 39.4; 32.6; 6.8;1387; 0.6; 0.6; 0.6;31; 21.8;F;1;29;On;On;Off; 32.0; 31.5;0;3;780;3;780;3;594;1;-
2026/03/30;10:57:52;100;-; 56.58; 1.0;-; 77.9; 76.9; 56.1; 0.0; 56.1;1387; 0.6; 0.6; 0.6;31; 21.9;F;1;29;On;On;Off; 32.1; 31.6;0;3;780;3;780;3;594;1;-
2026/03/30;10:58:52;100;-; 56.58; 1.0;-; 78.5; 75.8; 56.1; 0.0; 56.1;1387; 0.6; 0.6; 0.6;30; 21.8;F;1;29;On;On;Off; 32.0; 31.6;0;3;780;3;780;3;594;1;-
2026/03/30;10:59:52;100;-; 56.58; 0.5;-; 78.0; 76.6; 31.1; 17.5; 13.7;1387; 0.6; 0.6; 0.6;31; 21.8;F;1;29;On;On;Off; 32.0; 31.5;0;3;780;3;780;3;594;1;-
2026/03/30;11:00:52;100;-; 56.56; 0.6;-; 77.2; 77.7; 32.6; 32.6; 0.0;1387; 0.5; 0.6; 0.6;30; 21.8;F;1;29;On;On;Off; 32.1; 31.6;0;3;780;3;780;3;594;1;-
2026/03/30;11:01:52;100;-; 56.56; 0.8;-; 76.6; 78.2; 45.5; 45.5; 0.0;1387; 0.6; 0.6; 0.6;30; 21.8;F;1;29;On;On;Off; 32.0; 31.6;0;3;780;3;780;3;594;1;-
2026/03/30;11:02:51;100;-; 56.56; 1.1;-; 75.7; 78.2; 64.5; 64.5; 0.0;1387; 0.6; 0.6; 0.6;31; 21.8;F;1;29;On;On;Off; 32.0; 31.5;0;3;780;3;780;3;594;1;-
2026/03/30;11:03:51;100;-; 56.58; 0.8;-; 78.5; 75.9; 43.2; 0.0; 43.2;1387; 0.6; 0.6; 0.6;31; 21.8;F;1;29;On;On;Off; 32.1; 31.5;0;3;780;3;780;3;594;1;-
2026/03/30;11:04:51;100;-; 56.56; 0.7;-; 75.8; 78.1; 38.7; 38.7; 0.0;1387; 0.6; 0.6; 0.6;31; 21.8;F;1;29;On;On;Off; 32.1; 31.6;0;3;780;3;780;3;594;1;-
2026/03/30;11:05:51;100;-; 56.56; 0.5;-; 77.7; 76.7; 29.6; 8.3; 21.2;1387; 0.6; 0.6; 0.6;30; 21.8;F;1;29;On;On;Off; 32.1; 31.6;0;3;780;3;780;3;594;1;-
2026/03/30;11:06:51;100;-; 56.56; 0.6;-; 76.6; 77.7; 32.6; 23.5; 9.1;1387; 0.5; 0.6; 0.6;30; 21.8;F;1;29;On;On;Off; 32.1; 31.5;0;3;780;3;780;3;594;1;-
2026/03/30;11:07:51;100;-; 56.56; 0.6;-; 77.8; 76.8; 33.3; 1.5; 31.8;1387; 0.6; 0.6; 0.6;30; 21.8;F;1;29;On;On;Off; 32.1; 31.5;0;3;780;3;780;3;594;1;-
2026/03/30;11:08:51;100;-; 56.56; 0.6;-; 76.2; 78.2; 31.8; 30.4; 1.5;1387; 0.6; 0.6; 0.6;31; 21.8;F;1;29;On;On;Off; 32.1; 31.6;0;3;780;3;780;3;594;1;-
2026/03/30;11:09:51;100;-; 56.56; 0.5;-; 77.4; 77.5; 27.3; 8.3; 19.0;1387; 0.6; 0.6; 0.6;31; 21.8;F;1;29;On;On;Off; 32.1; 31.5;0;3;780;3;780;3;594;1;-
2026/03/30;11:10:51;100;-; 56.56; 0.4;-; 77.2; 77.3; 24.2; 1.5; 22.8;1387; 0.6; 0.6; 0.6;30; 21.8;F;1;29;On;On;Off; 32.1; 31.6;0;3;780;3;780;3;594;1;-
2026/03/30;11:11:51;100;-; 56.58; 1.1;-; 75.7; 78.1; 61.5; 61.5; 0.0;1387; 0.5; 0.6; 0.6;30; 21.8;F;1;29;On;On;Off; 32.0; 31.5;0;3;780;3;780;3;594;1;-
2026/03/30;11:12:51;100;-; 56.56; 0.6;-; 76.1; 78.1; 36.4; 36.4; 0.0;1387; 0.5; 0.6; 0.6;30; 21.8;F;1;29;On;On;Off; 32.0; 31.5;0;3;780;3;780;3;594;1;-
2026/03/30;11:13:51;100;-; 56.54; 0.7;-; 77.8; 76.6; 37.2; 0.0; 37.2;1387; 0.5; 0.6; 0.6;30; 21.8;F;1;29;On;On;Off; 32.0; 31.5;0;3;780;3;780;3;594;1;-
2026/03/30;11:14:51;100;-; 56.58; 0.7;-; 77.7; 75.7; 39.4; 12.1; 27.3;1387; 0.5; 0.6; 0.6;30; 21.8;F;1;29;On;On;Off; 32.1; 31.5;0;3;780;3;780;3;594;1;-
2026/03/30;11:15:51;100;-; 56.56; 0.8;-; 76.4; 78.0; 47.0; 47.0; 0.0;1387; 0.5; 0.6; 0.6;29; 21.8;F;1;29;On;On;Off; 32.1; 31.5;0;3;780;3;780;3;594;1;-
2026/03/30;11:16:51;100;-; 56.56; 0.7;-; 77.8; 76.0; 40.2; 0.0; 40.2;1387; 0.5; 0.6; 0.6;29; 21.8;F;1;29;On;On;Off; 32.0; 31.5;0;3;780;3;780;3;594;1;-
2026/03/30;11:17:50;100;-; 56.58; 0.7;-; 77.4; 75.9; 37.2; 22.8; 14.4;1387; 0.6; 0.6; 0.6;30; 21.8;F;1;29;On;On;Off; 32.0; 31.5;0;3;780;3;780;3;594;1;-
2026/03/30;11:18:50;100;-; 56.56; 0.9;-; 76.0; 77.6; 48.5; 48.5; 0.0;1387; 0.6; 0.6; 0.6;31; 21.8;F;1;29;On;On;Off; 32.0; 31.5;0;3;780;3;780;3;594;1;-
2026/03/30;11:19:50;100;-; 56.58; 1.0;-; 77.9; 74.9; 59.2; 0.0; 59.2;1387; 0.6; 0.6; 0.6;31; 21.7;F;1;29;On;On;Off; 32.0; 31.6;0;3;780;3;780;3;594;1;-
2026/03/30;11:20:50;100;-; 56.56; 0.5;-; 77.3; 77.3; 27.2; 14.4; 12.9;1387; 0.6; 0.6; 0.6;30; 21.7;F;1;29;On;On;Off; 32.1; 31.5;0;3;780;3;780;3;594;1;-
2026/03/30;11:21:50;100;-; 56.56; 0.6;-; 75.9; 78.0; 35.6; 35.6; 0.0;1387; 0.6; 0.6; 0.6;31; 21.7;F;1;29;On;On;Off; 32.1; 31.5;0;3;780;3;780;3;594;1;-
2026/03/30;11:22:50;100;-; 56.56; 1.1;-; 75.5; 78.1; 63.0; 63.0; 0.0;1387; 0.6; 0.6; 0.6;30; 21.7;F;1;29;On;On;Off; 32.1; 31.6;0;3;780;3;780;3;594;1;-
2026/03/30;11:23:50;100;-; 56.56; 0.8;-; 78.0; 76.5; 42.5; 0.0; 42.5;1387; 0.6; 0.6; 0.6;30; 21.7;F;1;29;On;On;Off; 32.1; 31.6;0;3;780;3;780;3;594;1;-
2026/03/30;11:24:50;100;-; 56.56; 0.6;-; 77.8; 76.8; 35.6; 0.0; 35.6;1387; 0.6; 0.6; 0.6;31; 21.7;F;1;29;On;On;Off; 32.1; 31.6;0;3;780;3;780;3;594;1;-
2026/03/30;11:25:50;100;-; 56.56; 0.7;-; 78.2; 76.0; 40.2; 0.0; 40.2;1387; 0.5; 0.6; 0.6;30; 21.7;F;1;29;On;On;Off; 32.1; 31.6;0;3;780;3;780;3;594;1;-
2026/03/30;11:26:50;100;-; 56.56; 0.7;-; 76.9; 77.6; 41.8; 41.8; 0.0;1387; 0.5; 0.6; 0.6;30; 21.7;F;1;29;On;On;Off; 32.1; 31.6;0;3;780;3;780;3;594;1;-
2026/03/30;11:27:50;100;-; 56.56; 0.9;-; 76.8; 77.3; 48.6; 48.6; 0.0;1387; 0.5; 0.6; 0.6;29; 21.7;F;1;29;On;On;Off; 32.1; 31.6;0;3;780;3;780;3;594;1;-
2026/03/30;11:28:50;100;-; 56.56; 0.6;-; 77.4; 77.0; 33.4; 9.9; 23.5;1387; 0.5; 0.6; 0.6;30; 21.7;F;1;29;On;On;Off; 32.1; 31.6;0;3;780;3;780;3;594;1;-
2026/03/30;11:29:50;100;-; 56.58; 0.6;-; 77.2; 77.2; 34.1; 32.6; 1.5;1387; 0.5; 0.6; 0.6;30; 21.7;F;1;29;On;On;Off; 32.1; 31.6;0;3;780;3;780;3;594;1;-
2026/03/30;11:30:50;100;-; 56.58; 0.6;-; 77.7; 77.3; 31.8; 0.0; 31.8;1387; 0.6; 0.6; 0.6;30; 21.7;F;1;29;On;On;Off; 32.1; 31.6;0;3;780;3;780;3;594;1;-
2026/03/30;11:31:50;100;-; 56.58; 1.0;-; 76.4; 78.4; 58.4; 58.4; 0.0;1387; 0.6; 0.6; 0.6;30; 21.7;F;1;29;On;On;Off; 32.1; 31.6;0;3;780;3;780;3;594;1;-
2026/03/30;11:32:49;100;-; 56.56; 0.5;-; 76.9; 78.4; 31.1; 31.1; 0.0;1387; 0.6; 0.6; 0.6;30; 21.7;F;1;29;On;On;Off; 32.1; 31.6;0;3;780;3;780;3;594;1;-
2026/03/30;11:33:49;100;-; 56.56; 0.6;-; 77.0; 78.4; 33.4; 33.4; 0.0;1387; 0.6; 0.6; 0.6;30; 21.7;F;1;29;On;On;Off; 32.1; 31.6;0;3;780;3;780;3;594;1;-
2026/03/30;11:34:49;100;-; 56.56; 0.5;-; 76.9; 78.2; 30.4; 3.8; 26.6;1387; 0.6; 0.6; 0.6;30; 21.7;F;1;29;On;On;Off; 32.1; 31.6;0;3;780;3;780;3;594;1;-
2026/03/30;11:35:49;100;-; 56.58; 0.6;-; 77.8; 77.4; 32.6; 15.2; 17.5;1387; 0.5; 0.6; 0.6;30; 21.7;F;1;29;On;On;Off; 32.2; 31.6;0;3;780;3;780;3;594;1;-
2026/03/30;11:36:49;100;-; 56.58; 1.0;-; 78.5; 76.8; 56.9; 0.0; 56.9;1387; 0.5; 0.6; 0.6;30; 21.7;F;1;29;On;On;Off; 32.1; 31.7;0;3;780;3;780;3;594;1;-
2026/03/30;11:37:49;100;-; 56.56; 0.6;-; 77.0; 77.7; 32.6; 22.0; 10.6;1387; 0.6; 0.6; 0.6;30; 21.7;F;1;29;On;On;Off; 32.2; 31.7;0;3;780;3;780;4;595;1;-
2026/03/30;11:38:49;100;-; 56.58; 1.1;-; 78.4; 76.2; 62.2; 0.0; 62.2;1387; 0.6; 0.6; 0.6;30; 21.7;F;1;29;On;On;Off; 32.2; 31.7;0;3;780;3;780;4;595;1;-
2026/03/30;11:39:49;100;-; 56.58; 0.9;-; 78.3; 76.6; 49.3; 0.0; 49.3;1387; 0.6; 0.6; 0.6;30; 21.7;F;1;29;On;On;Off; 32.2; 31.7;0;3;780;3;780;4;595;1;-
2026/03/30;11:40:49;100;-; 56.56; 0.8;-; 76.7; 78.1; 42.5; 42.5; 0.0;1387; 0.6; 0.6; 0.6;30; 21.7;F;1;29;On;On;Off; 32.2; 31.7;0;3;780;3;780;4;595;1;-
2026/03/30;11:41:49;100;-; 56.58; 0.6;-; 77.0; 77.8; 33.3; 24.2; 9.1;1387; 0.6; 0.6; 0.6;30; 21.7;F;1;29;On;On;Off; 32.2; 31.7;0;3;780;3;780;4;595;1;-
2026/03/30;11:42:49;100;-; 56.58; 0.6;-; 78.0; 76.8; 36.4; 0.0; 36.4;1387; 0.5; 0.6; 0.6;29; 21.7;F;1;29;On;On;Off; 32.2; 31.7;0;3;780;3;780;4;595;1;-
2026/03/30;11:43:49;100;-; 56.58; 1.0;-; 76.3; 78.2; 55.4; 55.4; 0.0;1388; 0.5; 0.6; 0.6;30; 21.7;F;1;29;On;On;Off; 32.2; 31.7;0;3;780;3;780;4;595;1;-
2026/03/30;11:44:49;100;-; 56.58; 1.0;-; 78.3; 76.2; 57.7; 0.0; 57.7;1388; 0.6; 0.6; 0.6;30; 21.7;F;1;29;On;On;Off; 32.2; 31.7;0;3;780;3;780;4;595;1;-
2026/03/30;11:45:49;100;-; 56.56; 0.6;-; 76.8; 78.0; 33.4; 22.8; 10.6;1388; 0.5; 0.6; 0.6;29; 21.7;F;1;29;On;On;Off; 32.2; 31.7;0;3;780;3;780;4;595;1;-
2026/03/30;11:46:49;100;-; 56.56; 0.5;-; 77.6; 77.2; 30.3; 6.1; 24.2;1388; 0.5; 0.6; 0.6;30; 21.7;F;1;29;On;On;Off; 32.2; 31.7;0;3;780;3;780;4;595;1;-
2026/03/30;11:47:49;100;-; 56.58; 1.0;-; 76.2; 77.9; 56.1; 56.1; 0.0;1388; 0.6; 0.6; 0.6;30; 21.7;F;1;29;On;On;Off; 32.2; 31.7;0;3;780;3;780;4;595;1;-
2026/03/30;11:48:48;100;-; 56.58; 0.7;-; 76.3; 77.6; 39.4; 39.4; 0.0;1388; 0.5; 0.6; 0.6;30; 21.7;F;1;29;On;On;Off; 32.2; 31.6;0;3;780;3;780;4;595;1;-
2026/03/30;11:49:48;100;-; 56.56; 3.6;-; 75.1; 73.2; 201.1; 92.6; 108.6;1388; 0.7; 0.7; 0.7;38; 21.7;F;1;29;On;On;Off; 32.1; 31.6;0;3;780;3;780;4;595;1;-
2026/03/30;11:50:48;100;-; 52.24; 4.8;-; 68.6; 69.4; 253.0; 126.9; 126.2;1388; 4.4; 2.7; 2.7;243; 21.7;F;1;29;On;On;Off; 32.0; 31.5;0;4;781;4;781;4;595;1;-
2026/03/30;11:51:48;100;-; 52.55; 5.1;-; 68.6; 68.4; 265.7; 132.5; 133.2;1388; 9.5; 5.0; 5.0;483; 21.7;F;1;29;On;On;Off; 31.8; 31.3;0;4;781;4;781;4;595;1;-
2026/03/30;11:52:48;100;-; 53.72; 4.8;-; 69.9; 69.9; 260.2; 129.8; 130.5;1388; 9.5; 5.0; 5.0;496; 21.7;F;1;29;On;On;Off; 31.8; 31.3;0;4;781;4;781;4;595;1;-
2026/03/30;11:53:48;100;-; 56.56; 3.1;-; 73.9; 75.9; 176.0; 105.5; 70.6;1388; 8.8; 4.6; 4.6;471; 21.7;F;1;29;On;On;Off; 31.9; 31.4;0;4;781;4;781;4;595;1;-
2026/03/30;11:54:48;100;-; 56.58; 1.1;-; 76.9; 76.9; 61.5; 42.5; 19.0;1388; 3.7; 2.0; 2.0;204; 21.7;F;1;29;On;On;Off; 32.1; 31.6;0;4;781;4;781;4;595;1;-
2026/03/30;11:55:48;100;-; 56.58; 0.7;-; 76.5; 77.6; 41.8; 41.8; 0.0;1388; 1.1; 0.8; 0.8;60; 21.7;F;1;29;On;On;Off; 32.1; 31.6;0;4;781;4;781;4;595;1;-
2026/03/30;11:56:48;100;-; 56.58; 0.7;-; 77.6; 76.8; 41.8; 0.0; 41.8;1388; 0.7; 0.6; 0.6;37; 21.7;F;1;29;On;On;Off; 32.1; 31.6;0;4;781;4;781;4;595;1;-
2026/03/30;11:57:48;100;-; 56.56; 0.5;-; 77.7; 77.1; 29.6; 8.3; 21.2;1388; 0.6; 0.6; 0.6;33; 21.7;F;1;29;On;On;Off; 32.2; 31.6;0;4;781;4;781;4;595;1;-
2026/03/30;11:58:48;100;-; 56.58; 0.8;-; 78.0; 76.3; 47.8; 0.0; 47.8;1388; 0.6; 0.6; 0.6;32; 21.7;F;1;29;On;On;Off; 32.1; 31.6;0;4;781;4;781;4;595;1;-
2026/03/30;11:59:48;100;-; 56.58; 0.8;-; 78.0; 76.3; 44.8; 0.0; 44.8;1388; 0.6; 0.6; 0.6;32; 21.7;F;1;29;On;On;Off; 32.2; 31.6;0;4;781;4;781;4;595;1;-
2026/03/30;12:00:48;100;-; 56.56; 0.5;-; 77.8; 77.2; 29.6; 29.6; 0.0;1388; 0.6; 0.6; 0.6;31; 21.7;F;1;29;On;On;Off; 32.1; 31.6;0;4;781;4;781;4;595;1;-
2026/03/30;12:01:48;100;-; 56.58; 0.6;-; 76.9; 77.6; 36.4; 12.9; 23.5;1388; 0.6; 0.6; 0.6;31; 21.7;F;1;29;On;On;Off; 32.2; 31.6;0;4;781;4;781;4;595;1;-
2026/03/30;12:02:48;100;-; 56.58; 0.9;-; 78.0; 75.9; 48.6; 0.0; 48.6;1388; 0.6; 0.6; 0.6;31; 21.7;F;1;29;On;On;Off; 32.1; 31.7;0;4;781;4;781;4;595;1;-
2026/03/30;12:03:47;100;-; 56.58; 0.7;-; 76.6; 77.2; 40.2; 40.2; 0.0;1388; 0.6; 0.6; 0.6;31; 21.7;F;1;29;On;On;Off; 32.1; 31.6;0;4;781;4;781;4;595;1;-
2026/03/30;12:04:47;100;-; 56.58; 0.7;-; 76.8; 77.5; 37.2; 37.2; 0.0;1388; 0.6; 0.6; 0.6;31; 21.7;F;1;29;On;On;Off; 32.1; 31.6;0;4;781;4;781;4;595;1;-
2026/03/30;12:05:47;100;-; 56.58; 1.1;-; 78.4; 76.2; 62.2; 0.0; 62.2;1388; 0.6; 0.6; 0.6;31; 21.7;F;1;29;On;On;Off; 32.1; 31.6;0;4;781;4;781;4;595;1;-
2026/03/30;12:06:47;100;-; 56.58; 0.9;-; 78.6; 76.6; 52.4; 0.0; 52.4;1388; 0.6; 0.6; 0.6;32; 21.7;F;1;29;On;On;Off; 32.1; 31.6;0;4;781;4;781;4;595;1;-
2026/03/30;12:07:47;100;-; 56.58; 0.9;-; 76.6; 78.5; 52.4; 52.4; 0.0;1388; 0.6; 0.6; 0.6;31; 21.7;F;1;29;On;On;Off; 32.2; 31.6;0;4;781;4;781;4;595;1;-
2026/03/30;12:08:47;100;-; 56.58; 0.6;-; 78.2; 76.9; 34.1; 8.3; 25.8;1388; 0.6; 0.6; 0.6;31; 21.7;F;1;29;On;On;Off; 32.2; 31.6;0;4;781;4;781;4;595;1;-
2026/03/30;12:09:47;100;-; 56.56; 0.5;-; 77.2; 78.1; 29.5; 24.2; 5.3;1388; 0.6; 0.6; 0.6;30; 21.7;F;1;29;On;On;Off; 32.1; 31.7;0;4;781;4;781;4;595;1;-
2026/03/30;12:10:47;100;-; 56.58; 0.6;-; 77.4; 77.7; 34.8; 28.0; 6.8;1388; 0.6; 0.6; 0.6;31; 21.7;F;1;29;On;On;Off; 32.1; 31.6;0;4;781;4;781;4;595;1;-
2026/03/30;12:11:47;100;-; 56.58; 0.6;-; 77.2; 77.9; 32.6; 31.8; 0.7;1388; 0.6; 0.6; 0.6;30; 21.7;F;1;29;On;On;Off; 32.2; 31.7;0;4;781;4;781;4;595;1;-
2026/03/30;12:12:47;100;-; 56.58; 1.0;-; 78.4; 76.0; 54.6; 0.0; 54.6;1388; 0.6; 0.6; 0.6;31; 21.7;F;1;29;On;On;Off; 32.2; 31.6;0;4;781;4;781;4;595;1;-
2026/03/30;12:13:47;100;-; 56.58; 0.8;-; 76.4; 77.8; 47.0; 47.0; 0.0;1388; 0.6; 0.6; 0.6;31; 21.6;F;1;29;On;On;Off; 32.1; 31.6;0;4;781;4;781;4;595;1;-
2026/03/30;12:14:47;100;-; 56.56; 0.8;-; 76.3; 77.6; 44.0; 44.0; 0.0;1388; 0.6; 0.6; 0.6;31; 21.6;F;1;29;On;On;Off; 32.1; 31.6;0;4;781;4;781;4;595;1;-
2026/03/30;12:15:47;100;-; 56.58; 0.9;-; 75.9; 78.0; 50.1; 50.1; 0.0;1388; 0.6; 0.6; 0.6;32; 21.6;F;1;29;On;On;Off; 32.1; 31.6;0;4;781;4;781;4;595;1;-
2026/03/30;12:16:47;100;-; 56.58; 1.0;-; 76.3; 77.8; 53.9; 53.9; 0.0;1388; 0.6; 0.6; 0.6;31; 21.6;F;1;29;On;On;Off; 32.1; 31.6;0;4;781;4;781;4;595;1;-
2026/03/30;12:17:47;100;-; 56.56; 0.6;-; 77.2; 77.1; 36.4; 6.1; 30.4;1388; 0.6; 0.6; 0.6;31; 21.6;F;1;29;On;On;Off; 32.1; 31.6;0;4;781;4;781;4;595;1;-
2026/03/30;12:18:46;100;-; 56.58; 1.1;-; 75.8; 78.0; 63.0; 63.0; 0.0;1388; 0.6; 0.6; 0.6;31; 21.6;F;1;29;On;On;Off; 32.1; 31.6;0;4;781;4;781;4;595;1;-
2026/03/30;12:19:46;100;-; 56.58; 0.7;-; 76.9; 77.1; 37.9; 31.8; 6.1;1388; 0.6; 0.6; 0.6;31; 21.6;F;1;29;On;On;Off; 32.1; 31.6;0;4;781;4;781;4;595;1;-
2026/03/30;12:20:46;100;-; 56.58; 1.0;-; 78.1; 75.8; 59.2; 0.0; 59.2;1388; 0.6; 0.6; 0.6;31; 21.6;F;1;29;On;On;Off; 32.1; 31.6;0;4;781;4;781;4;595;1;-
2026/03/30;12:21:46;100;-; 56.58; 0.6;-; 77.6; 76.0; 34.1; 8.3; 25.8;1388; 0.6; 0.6; 0.6;31; 21.6;F;1;29;On;On;Off; 32.1; 31.6;0;4;781;4;781;4;595;1;-
2026/03/30;12:22:46;100;-; 56.58; 0.7;-; 77.2; 76.3; 41.0; 0.0; 41.0;1388; 0.6; 0.6; 0.6;31; 21.6;F;1;29;On;On;Off; 32.1; 31.6;0;4;781;4;781;4;595;1;-
2026/03/30;12:23:46;100;-; 56.58; 0.6;-; 77.8; 75.7; 34.9; 9.9; 25.0;1388; 0.6; 0.6; 0.6;30; 21.6;F;1;29;On;On;Off; 32.1; 31.6;0;4;781;4;781;4;595;1;-
2026/03/30;12:24:46;100;-; 56.58; 0.6;-; 76.2; 77.3; 36.4; 36.4; 0.0;1388; 0.6; 0.6; 0.6;31; 21.6;F;1;29;On;On;Off; 32.1; 31.6;0;4;781;4;781;4;595;1;-
2026/03/30;12:25:46;100;-; 56.58; 1.0;-; 75.3; 77.9; 58.4; 58.4; 0.0;1388; 0.6; 0.6; 0.6;31; 21.6;F;1;29;On;On;Off; 32.1; 31.6;0;4;781;4;781;4;595;1;-
2026/03/30;12:26:46;100;-; 56.58; 1.0;-; 75.9; 77.6; 54.6; 54.6; 0.0;1388; 0.6; 0.6; 0.6;31; 21.6;F;1;29;On;On;Off; 32.1; 31.6;0;4;781;4;781;4;595;1;-
2026/03/30;12:27:46;100;-; 56.58; 0.7;-; 77.3; 76.6; 38.0; 0.0; 38.0;1388; 0.6; 0.6; 0.6;31; 21.6;F;1;29;On;On;Off; 32.1; 31.6;0;4;781;4;781;4;595;1;-
2026/03/30;12:28:46;100;-; 56.56; 1.0;-; 75.5; 77.8; 57.7; 57.7; 0.0;1388; 0.6; 0.6; 0.6;31; 21.6;F;1;29;On;On;Off; 32.1; 31.6;0;4;781;4;781;4;595;1;-
2026/03/30;12:29:46;100;-; 56.58; 0.9;-; 75.9; 77.8; 50.1; 50.1; 0.0;1388; 0.6; 0.6; 0.6;31; 21.6;F;1;29;On;On;Off; 32.1; 31.6;0;4;781;4;781;4;595;1;-
2026/03/30;12:30:46;100;-; 56.58; 0.6;-; 76.7; 77.6; 31.8; 9.9; 22.0;1388; 0.6; 0.6; 0.6;31; 21.6;F;1;29;On;On;Off; 32.1; 31.6;0;4;781;4;781;4;595;1;-
2026/03/30;12:31:46;100;-; 56.56; 0.5;-; 77.9; 76.6; 27.3; 0.0; 27.3;1388; 0.6; 0.6; 0.6;30; 21.6;F;1;29;On;On;Off; 32.1; 31.6;0;4;781;4;781;4;595;1;-
2026/03/30;12:32:46;100;-; 56.58; 0.8;-; 77.8; 76.2; 47.0; 0.0; 47.0;1388; 0.6; 0.6; 0.6;30; 21.6;F;1;29;On;On;Off; 32.1; 31.6;0;4;781;4;781;4;595;1;-
2026/03/30;12:33:45;100;-; 56.58; 0.9;-; 76.0; 77.5; 48.6; 48.6; 0.0;1388; 0.6; 0.6; 0.6;31; 21.6;F;1;29;On;On;Off; 32.1; 31.6;0;4;781;4;781;4;595;1;-
2026/03/30;12:34:45;100;-; 56.58; 0.6;-; 77.0; 77.0; 36.4; 22.8; 13.7;1388; 0.6; 0.6; 0.6;31; 21.6;F;1;29;On;On;Off; 32.1; 31.6;0;4;781;4;781;4;595;1;-
2026/03/30;12:35:45;100;-; 56.58; 0.6;-; 78.0; 75.9; 33.4; 0.0; 33.4;1388; 0.6; 0.6; 0.6;30; 21.6;F;1;29;On;On;Off; 32.1; 31.6;0;4;781;4;781;4;595;1;-
2026/03/30;12:36:45;100;-; 56.56; 0.8;-; 78.0; 76.6; 46.3; 0.0; 46.3;1388; 0.6; 0.6; 0.6;31; 21.6;F;1;29;On;On;Off; 32.1; 31.6;0;4;781;4;781;4;595;1;-
2026/03/30;12:37:45;100;-; 56.58; 1.0;-; 78.2; 76.3; 57.7; 0.0; 57.7;1388; 0.6; 0.6; 0.6;30; 21.6;F;1;29;On;On;Off; 32.1; 31.6;0;4;781;4;781;4;595;1;-
2026/03/30;12:38:45;100;-; 56.56; 0.6;-; 77.7; 77.7; 33.4; 32.6; 0.7;1388; 0.6; 0.6; 0.6;30; 21.6;F;1;29;On;On;Off; 32.1; 31.6;0;4;781;4;781;4;595;1;-
2026/03/30;12:39:45;100;-; 56.58; 1.0;-; 76.6; 78.4; 57.7; 57.7; 0.0;1388; 0.6; 0.6; 0.6;30; 21.7;F;1;29;On;On;Off; 32.1; 31.6;0;4;781;4;781;4;595;1;-
2026/03/30;12:40:45;100;-; 56.58; 1.0;-; 76.6; 78.5; 58.4; 58.4; 0.0;1388; 0.6; 0.6; 0.6;30; 21.6;F;1;29;On;On;Off; 32.2; 31.6;0;4;781;4;781;4;595;1;-
2026/03/30;12:41:45;100;-; 56.58; 1.0;-; 76.8; 78.4; 57.7; 57.7; 0.0;1388; 0.5; 0.6; 0.6;30; 21.7;F;1;29;On;On;Off; 32.1; 31.7;0;4;781;4;781;4;595;1;-
2026/03/30;12:42:45;100;-; 56.58; 0.8;-; 78.1; 77.0; 43.2; 0.0; 43.2;1388; 0.6; 0.6; 0.6;30; 21.7;F;1;29;On;On;Off; 32.2; 31.6;0;4;781;4;781;4;595;1;-
2026/03/30;12:43:45;100;-; 56.58; 0.7;-; 78.1; 77.1; 39.4; 0.0; 39.4;1389; 0.5; 0.6; 0.6;30; 21.7;F;1;29;On;On;Off; 32.1; 31.7;0;4;781;4;781;4;595;1;-
2026/03/30;12:44:45;100;-; 56.58; 0.7;-; 77.6; 77.6; 39.4; 24.3; 15.2;1389; 0.6; 0.6; 0.6;30; 21.7;F;1;29;On;On;Off; 32.2; 31.7;0;4;781;4;781;4;595;1;-
2026/03/30;12:45:45;100;-; 56.58; 0.7;-; 77.6; 78.2; 38.0; 38.0; 0.0;1389; 0.5; 0.6; 0.6;29; 21.7;F;1;29;On;On;Off; 32.2; 31.7;0;4;781;4;781;4;595;1;-
2026/03/30;12:46:45;100;-; 56.58; 0.8;-; 78.5; 76.8; 47.0; 0.0; 47.0;1389; 0.5; 0.6; 0.6;29; 21.7;F;1;29;On;On;Off; 32.2; 31.7;0;4;781;4;781;4;595;1;-
2026/03/30;12:47:45;100;-; 56.58; 1.0;-; 76.5; 78.4; 58.4; 58.4; 0.0;1389; 0.5; 0.6; 0.6;30; 21.7;F;1;29;On;On;Off; 32.2; 31.7;0;4;781;4;781;4;595;1;-
2026/03/30;12:48:44;100;-; 56.58; 0.7;-; 77.9; 77.8; 38.0; 38.0; 0.0;1389; 0.5; 0.6; 0.6;30; 21.7;F;1;29;On;On;Off; 32.2; 31.7;0;4;781;4;781;4;595;1;-
2026/03/30;12:49:44;100;-; 56.58; 0.7;-; 77.4; 78.1; 38.7; 38.7; 0.0;1389; 0.6; 0.6; 0.6;30; 21.7;F;1;29;On;On;Off; 32.2; 31.7;0;4;781;4;781;5;596;1;-
2026/03/30;12:50:44;100;-; 56.58; 0.9;-; 78.3; 77.1; 51.6; 0.0; 51.6;1389; 0.6; 0.6; 0.6;30; 21.7;F;1;29;On;On;Off; 32.2; 31.7;0;4;781;4;781;5;596;1;-
2026/03/30;12:51:44;100;-; 56.58; 0.5;-; 77.8; 78.2; 29.6; 6.8; 22.8;1389; 0.6; 0.6; 0.6;30; 21.7;F;1;29;On;On;Off; 32.2; 31.7;0;4;781;4;781;5;596;1;-
2026/03/30;12:52:44;100;-; 56.56; 0.7;-; 77.3; 78.3; 40.2; 40.2; 0.0;1389; 0.6; 0.6; 0.6;30; 21.7;F;1;29;On;On;Off; 32.2; 31.7;0;4;781;4;781;5;596;1;-
2026/03/30;12:53:44;100;-; 56.58; 0.5;-; 77.0; 78.3; 31.1; 15.9; 15.2;1389; 0.5; 0.6; 0.6;30; 21.7;F;1;29;On;On;Off; 32.2; 31.7;0;4;781;4;781;5;596;1;-
2026/03/30;12:54:44;100;-; 56.56; 0.6;-; 78.0; 77.7; 33.4; 33.4; 0.0;1389; 0.6; 0.6; 0.6;31; 21.7;F;1;29;On;On;Off; 32.2; 31.7;0;4;781;4;781;5;596;1;-
2026/03/30;12:55:44;100;-; 56.56; 1.1;-; 77.0; 78.4; 60.7; 60.7; 0.0;1389; 0.6; 0.6; 0.6;31; 21.7;F;1;29;On;On;Off; 32.2; 31.7;0;4;781;4;781;5;596;1;-
2026/03/30;12:56:44;100;-; 56.56; 0.5;-; 77.4; 78.1; 26.6; 0.0; 26.6;1389; 0.6; 0.6; 0.6;31; 21.7;F;1;29;On;On;Off; 32.2; 31.7;0;4;781;4;781;5;596;1;-
2026/03/30;12:57:44;100;-; 56.56; 0.7;-; 78.6; 76.8; 40.2; 0.0; 40.2;1389; 0.5; 0.6; 0.6;30; 21.7;F;1;29;On;On;Off; 32.3; 31.7;0;4;781;4;781;5;596;1;-
2026/03/30;12:58:44;100;-; 56.58; 0.7;-; 78.4; 76.6; 40.2; 0.0; 40.2;1389; 0.5; 0.6; 0.6;30; 21.7;F;1;29;On;On;Off; 32.2; 31.7;0;4;781;4;781;5;596;1;-
2026/03/30;12:59:44;100;-; 56.58; 0.6;-; 77.5; 77.7; 35.6; 0.0; 35.6;1389; 0.5; 0.6; 0.6;29; 21.7;F;1;29;On;On;Off; 32.2; 31.7;0;4;781;4;781;5;596;1;-
2026/03/30;13:00:44;100;-; 56.58; 0.6;-; 77.9; 77.3; 35.6; 28.0; 7.6;1389; 0.5; 0.6; 0.6;29; 21.7;F;1;29;On;On;Off; 32.3; 31.7;0;4;781;4;781;5;596;1;-
2026/03/30;13:01:44;100;-; 56.56; 0.5;-; 77.4; 78.2; 31.1; 26.6; 4.5;1389; 0.5; 0.6; 0.6;29; 21.7;F;1;29;On;On;Off; 32.3; 31.7;0;4;781;4;781;5;596;1;-
2026/03/30;13:02:44;100;-; 56.56; 0.8;-; 78.6; 77.3; 45.6; 0.0; 45.6;1389; 0.5; 0.6; 0.6;29; 21.7;F;1;29;On;On;Off; 32.3; 31.8;0;5;782;5;782;5;596;1;-
2026/03/30;13:03:43;100;-; 56.58; 1.1;-; 78.6; 76.5; 61.5; 0.0; 61.5;1389; 0.5; 0.6; 0.6;29; 21.8;F;1;29;On;On;Off; 32.3; 31.8;0;5;782;5;782;5;596;1;-
2026/03/30;13:04:43;100;-; 56.58; 0.6;-; 76.7; 77.9; 36.4; 20.5; 15.9;1389; 0.5; 0.6; 0.6;29; 21.7;F;1;29;On;On;Off; 32.3; 31.8;0;5;782;5;782;5;596;1;-
2026/03/30;13:05:43;100;-; 56.58; 0.8;-; 76.0; 78.0; 42.5; 42.5; 0.0;1389; 0.5; 0.6; 0.6;29; 21.8;F;1;29;On;On;Off; 32.3; 31.8;0;5;782;5;782;5;596;1;-
2026/03/30;13:06:43;100;-; 56.56; 0.7;-; 76.8; 77.8; 38.7; 38.7; 0.0;1389; 0.5; 0.6; 0.6;30; 21.7;F;1;29;On;On;Off; 32.3; 31.8;0;5;782;5;782;5;596;1;-
2026/03/30;13:07:43;100;-; 56.56; 0.9;-; 76.1; 78.0; 51.6; 51.6; 0.0;1389; 0.5; 0.6; 0.6;29; 21.8;F;1;29;On;On;Off; 32.3; 31.7;0;5;782;5;782;5;596;1;-
2026/03/30;13:08:43;100;-; 56.58; 0.8;-; 78.3; 75.8; 47.8; 0.0; 47.8;1389; 0.5; 0.6; 0.6;30; 21.8;F;1;29;On;On;Off; 32.3; 31.8;0;5;782;5;782;5;596;1;-
2026/03/30;13:09:43;100;-; 56.54; 0.4;-; 77.7; 77.6; 20.4; 19.7; 0.7;1389; 0.5; 0.6; 0.6;30; 21.7;F;1;29;On;On;Off; 32.3; 31.8;0;5;782;5;782;5;596;1;-
2026/03/30;13:10:43;100;-; 56.56; 0.6;-; 78.1; 77.4; 33.4; 0.0; 33.4;1389; 0.5; 0.6; 0.6;30; 21.8;F;1;29;On;On;Off; 32.3; 31.8;0;5;782;5;782;5;596;1;-
2026/03/30;13:11:43;100;-; 56.58; 1.2;-; 76.3; 78.1; 65.3; 65.3; 0.0;1389; 0.5; 0.6; 0.6;30; 21.8;F;1;29;On;On;Off; 32.3; 31.8;0;5;782;5;782;5;596;1;-
2026/03/30;13:12:43;100;-; 56.58; 0.7;-; 77.9; 76.6; 41.0; 8.3; 32.6;1389; 0.5; 0.6; 0.6;29; 21.8;F;1;29;On;On;Off; 32.3; 31.8;0;5;782;5;782;5;596;1;-
2026/03/30;13:13:43;100;-; 56.56; 1.0;-; 77.9; 77.1; 53.9; 0.0; 53.9;1389; 0.5; 0.6; 0.6;30; 21.8;F;1;29;On;On;Off; 32.3; 31.8;0;5;782;5;782;5;596;1;-
2026/03/30;13:14:43;100;-; 56.56; 0.5;-; 77.0; 77.8; 25.8; 21.2; 4.5;1389; 0.5; 0.6; 0.6;30; 21.8;F;1;29;On;On;Off; 32.3; 31.8;0;5;782;5;782;5;596;1;-
2026/03/30;13:15:43;100;-; 56.56; 0.6;-; 77.1; 77.7; 32.6; 10.6; 22.0;1389; 0.5; 0.6; 0.6;30; 21.8;F;1;29;On;On;Off; 32.3; 31.8;0;5;782;5;782;5;596;1;-
2026/03/30;13:16:43;100;-; 56.56; 0.6;-; 78.0; 76.7; 34.2; 0.0; 34.2;1389; 0.5; 0.6; 0.6;29; 21.8;F;1;29;On;On;Off; 32.3; 31.8;0;5;782;5;782;5;596;1;-
2026/03/30;13:17:43;100;-; 56.56; 0.8;-; 77.7; 76.9; 44.8; 0.0; 44.8;1389; 0.6; 0.6; 0.6;30; 21.8;F;1;29;On;On;Off; 32.3; 31.8;0;5;782;5;782;5;596;1;-
2026/03/30;13:18:42;100;-; 56.58; 0.6;-; 77.1; 77.3; 35.6; 26.6; 9.1;1389; 0.5; 0.6; 0.6;30; 21.8;F;1;29;On;On;Off; 32.3; 31.8;0;5;782;5;782;5;596;1;-
2026/03/30;13:19:42;100;-; 56.58; 0.6;-; 76.5; 77.8; 34.9; 26.6; 8.3;1389; 0.6; 0.6; 0.6;30; 21.8;F;1;29;On;On;Off; 32.3; 31.8;0;5;782;5;782;5;596;1;-
2026/03/30;13:20:42;100;-; 56.56; 0.7;-; 76.7; 78.0; 40.9; 40.9; 0.0;1389; 0.5; 0.6; 0.6;30; 21.8;F;1;29;On;On;Off; 32.3; 31.8;0;5;782;5;782;5;596;1;-
2026/03/30;13:21:42;100;-; 56.58; 0.6;-; 77.1; 77.5; 35.6; 12.1; 23.5;1389; 0.5; 0.6; 0.6;30; 21.8;F;1;29;On;On;Off; 32.3; 31.8;0;5;782;5;782;5;596;1;-
2026/03/30;13:22:42;100;-; 56.56; 0.4;-; 78.1; 77.2; 24.2; 10.6; 13.7;1389; 0.5; 0.6; 0.6;29; 21.8;F;1;29;On;On;Off; 32.3; 31.8;0;5;782;5;782;5;596;1;-
2026/03/30;13:23:42;100;-; 56.58; 0.6;-; 77.0; 77.8; 32.6; 23.5; 9.1;1389; 0.5; 0.6; 0.6;29; 21.8;F;1;29;On;On;Off; 32.3; 31.8;0;5;782;5;782;5;596;1;-
2026/03/30;13:24:42;100;-; 56.58; 0.8;-; 76.4; 77.9; 44.0; 44.0; 0.0;1389; 0.5; 0.6; 0.6;30; 21.8;F;1;29;On;On;Off; 32.3; 31.8;0;5;782;5;782;5;596;1;-
2026/03/30;13:25:42;100;-; 56.58; 0.8;-; 78.3; 75.7; 47.0; 0.0; 47.0;1389; 0.5; 0.6; 0.6;30; 21.8;F;1;29;On;On;Off; 32.3; 31.8;0;5;782;5;782;5;596;1;-
2026/03/30;13:26:42;100;-; 56.56; 0.6;-; 77.5; 77.6; 36.4; 0.0; 36.4;1389; 0.5; 0.6; 0.6;30; 21.8;F;1;29;On;On;Off; 32.3; 31.8;0;5;782;5;782;5;596;1;-
2026/03/30;13:27:42;100;-; 56.58; 1.0;-; 75.9; 78.0; 54.6; 54.6; 0.0;1389; 0.5; 0.6; 0.6;30; 21.8;F;1;29;On;On;Off; 32.3; 31.8;0;5;782;5;782;5;596;1;-
2026/03/30;13:28:42;100;-; 56.58; 0.9;-; 78.0; 76.5; 49.3; 0.0; 49.3;1389; 0.5; 0.6; 0.6;30; 21.8;F;1;29;On;On;Off; 32.3; 31.7;0;5;782;5;782;5;596;1;-
2026/03/30;13:29:42;100;-; 56.56; 0.5;-; 77.7; 77.2; 28.8; 0.7; 28.0;1389; 0.6; 0.6; 0.6;30; 21.8;F;1;29;On;On;Off; 32.2; 31.7;0;5;782;5;782;5;596;1;-
2026/03/30;13:30:42;100;-; 56.58; 0.7;-; 76.8; 78.3; 38.0; 38.0; 0.0;1389; 0.5; 0.6; 0.6;29; 21.8;F;1;29;On;On;Off; 32.2; 31.8;0;5;782;5;782;5;596;1;-
2026/03/30;13:31:42;100;-; 56.58; 0.5;-; 78.1; 77.1; 30.4; 0.0; 30.4;1389; 0.5; 0.6; 0.6;30; 21.8;F;1;29;On;On;Off; 32.3; 31.8;0;5;782;5;782;5;596;1;-
2026/03/30;13:32:42;100;-; 56.58; 0.8;-; 76.1; 78.4; 42.5; 42.5; 0.0;1389; 0.5; 0.6; 0.6;30; 21.8;F;1;29;On;On;Off; 32.3; 31.7;0;5;782;5;782;5;596;1;-
2026/03/30;13:33:41;100;-; 56.56; 0.4;-; 78.2; 77.4; 20.4; 17.4; 3.0;1389; 0.5; 0.6; 0.6;30; 21.7;F;1;29;On;On;Off; 32.3; 31.8;0;5;782;5;782;5;596;1;-
2026/03/30;13:34:41;100;-; 56.58; 0.8;-; 78.3; 77.3; 42.5; 0.0; 42.5;1389; 0.6; 0.6; 0.6;30; 21.8;F;1;29;On;On;Off; 32.3; 31.8;0;5;782;5;782;5;596;1;-
2026/03/30;13:35:41;100;-; 56.56; 0.6;-; 77.7; 77.0; 36.4; 3.0; 33.4;1389; 0.5; 0.6; 0.6;30; 21.7;F;1;29;On;On;Off; 32.3; 31.8;0;5;782;5;782;5;596;1;-
2026/03/30;13:36:41;100;-; 56.54; 0.6;-; 77.1; 77.9; 35.6; 35.6; 0.0;1389; 0.5; 0.6; 0.6;30; 21.7;F;1;29;On;On;Off; 32.3; 31.8;0;5;782;5;782;5;596;1;-
2026/03/30;13:37:41;100;-; 56.58; 0.7;-; 77.8; 76.5; 41.0; 9.9; 31.1;1389; 0.5; 0.6; 0.6;30; 21.7;F;1;29;On;On;Off; 32.3; 31.8;0;5;782;5;782;5;596;1;-
2026/03/30;13:38:41;100;-; 56.56; 0.5;-; 78.1; 76.9; 28.0; 5.3; 22.8;1389; 0.6; 0.6; 0.6;30; 21.7;F;1;29;On;On;Off; 32.3; 31.8;0;5;782;5;782;5;596;1;-
2026/03/30;13:39:41;100;-; 56.58; 0.9;-; 78.4; 76.5; 52.4; 0.0; 52.4;1389; 0.6; 0.6; 0.6;30; 21.7;F;1;29;On;On;Off; 32.3; 31.8;0;5;782;5;782;5;596;1;-
2026/03/30;13:40:41;100;-; 56.56; 0.6;-; 76.7; 77.9; 34.8; 33.4; 1.5;1389; 0.6; 0.6; 0.6;31; 21.7;F;1;29;On;On;Off; 32.3; 31.8;0;5;782;5;782;5;596;1;-
2026/03/30;13:41:41;100;-; 56.56; 0.8;-; 78.4; 76.0; 45.6; 0.0; 45.6;1389; 0.6; 0.6; 0.6;30; 21.7;F;1;29;On;On;Off; 32.3; 31.8;0;5;782;5;782;5;596;1;-
2026/03/30;13:42:41;100;-; 56.58; 1.0;-; 78.4; 76.5; 58.4; 0.0; 58.4;1389; 0.5; 0.6; 0.6;29; 21.7;F;1;29;On;On;Off; 32.3; 31.8;0;5;782;5;782;5;596;1;-
2026/03/30;13:43:41;100;-; 56.56; 0.6;-; 77.9; 77.7; 31.8; 7.6; 24.2;1390; 0.5; 0.6; 0.6;30; 21.7;F;1;29;On;On;Off; 32.3; 31.8;0;5;782;5;782;5;596;1;-
2026/03/30;13:44:41;100;-; 56.58; 0.8;-; 77.9; 76.7; 47.0; 0.0; 47.0;1390; 0.5; 0.6; 0.6;30; 21.7;F;1;29;On;On;Off; 32.3; 31.8;0;5;782;5;782;5;596;1;-
2026/03/30;13:45:41;100;-; 56.56; 0.7;-; 77.7; 77.4; 41.0; 41.0; 0.0;1390; 0.5; 0.6; 0.6;30; 21.7;F;1;29;On;On;Off; 32.3; 31.8;0;5;782;5;782;5;596;1;-
2026/03/30;13:46:41;100;-; 56.56; 0.5;-; 77.2; 78.0; 31.0; 25.8; 5.3;1390; 0.6; 0.6; 0.6;30; 21.7;F;1;29;On;On;Off; 32.3; 31.8;0;5;782;5;782;5;596;1;-
2026/03/30;13:47:41;100;-; 56.58; 1.0;-; 78.6; 76.7; 59.2; 0.0; 59.2;1390; 0.6; 0.6; 0.6;30; 21.7;F;1;29;On;On;Off; 32.3; 31.8;0;5;782;5;782;5;596;1;-
2026/03/30;13:48:40;100;-; 56.58; 0.7;-; 78.3; 77.9; 39.4; 0.0; 39.4;1390; 0.5; 0.6; 0.6;30; 21.7;F;1;29;On;On;Off; 32.3; 31.8;0;5;782;5;782;5;596;1;-
2026/03/30;13:49:40;100;-; 56.56; 0.5;-; 78.4; 78.4; 28.0; 1.5; 26.6;1390; 0.5; 0.6; 0.6;30; 21.7;F;1;29;On;On;Off; 32.3; 31.8;0;5;782;5;782;5;596;1;-
2026/03/30;13:50:40;100;-; 56.58; 0.7;-; 78.7; 77.7; 41.8; 0.0; 41.8;1390; 0.5; 0.6; 0.6;29; 21.7;F;1;29;On;On;Off; 32.3; 31.8;0;5;782;5;782;5;596;1;-
2026/03/30;13:51:40;100;-; 56.58; 0.5;-; 78.4; 78.4; 31.1; 31.1; 0.0;1390; 0.5; 0.6; 0.6;29; 21.7;F;1;29;On;On;Off; 32.3; 31.8;0;5;782;5;782;5;596;1;-
2026/03/30;13:52:40;100;-; 56.56; 0.8;-; 79.0; 77.6; 47.0; 0.0; 47.0;1390; 0.5; 0.6; 0.6;30; 21.7;F;1;29;On;On;Off; 32.3; 31.8;0;5;782;5;782;5;596;1;-
2026/03/30;13:53:40;100;-; 56.58; 0.5;-; 78.6; 78.0; 30.4; 11.4; 19.0;1390; 0.5; 0.6; 0.6;30; 21.7;F;1;29;On;On;Off; 32.3; 31.8;0;5;782;5;782;5;596;1;-
2026/03/30;13:54:40;100;-; 56.58; 0.6;-; 78.7; 77.8; 36.4; 0.0; 36.4;1390; 0.6; 0.6; 0.6;30; 21.7;F;1;29;On;On;Off; 32.3; 31.8;0;5;782;5;782;5;596;1;-
2026/03/30;13:55:40;100;-; 56.58; 0.6;-; 78.1; 78.7; 33.4; 26.6; 6.8;1390; 0.5; 0.6; 0.6;30; 21.7;F;1;29;On;On;Off; 32.3; 31.8;0;5;782;5;782;5;596;1;-
2026/03/30;13:56:40;100;-; 56.58; 1.0;-; 77.8; 78.8; 54.6; 54.6; 0.0;1390; 0.5; 0.6; 0.6;30; 21.7;F;1;29;On;On;Off; 32.3; 31.8;0;5;782;5;782;5;596;1;-
2026/03/30;13:57:40;100;-; 56.58; 0.8;-; 78.5; 78.3; 42.5; 42.5; 0.0;1390; 0.5; 0.6; 0.6;30; 21.7;F;1;29;On;On;Off; 32.3; 31.8;0;5;782;5;782;5;596;1;-
2026/03/30;13:58:40;100;-; 56.58; 1.0;-; 79.0; 77.8; 59.2; 0.0; 59.2;1390; 0.5; 0.6; 0.6;29; 21.7;F;1;29;On;On;Off; 32.3; 31.8;0;5;782;5;782;5;596;1;-
2026/03/30;13:59:40;100;-; 56.58; 0.6;-; 79.0; 78.3; 31.8; 15.9; 15.9;1390; 0.5; 0.6; 0.6;30; 21.7;F;1;29;On;On;Off; 32.3; 31.8;0;5;782;5;782;5;596;1;-
2026/03/30;14:00:40;100;-; 56.58; 0.6;-; 79.4; 78.8; 33.4; 13.7; 19.7;1390; 0.5; 0.6; 0.6;29; 21.7;F;1;29;On;On;Off; 32.3; 31.8;0;5;782;5;782;5;596;1;-
2026/03/30;14:01:40;100;-; 56.58; 1.0;-; 79.2; 79.7; 54.6; 54.6; 0.0;1390; 0.5; 0.6; 0.6;29; 21.7;F;1;29;On;On;Off; 32.3; 31.8;0;5;782;5;782;5;596;1;-
2026/03/30;14:02:40;100;-; 56.58; 1.0;-; 79.8; 80.2; 53.9; 53.9; 0.0;1390; 0.5; 0.6; 0.6;29; 21.7;F;1;29;On;On;Off; 32.3; 31.8;0;5;782;5;782;5;596;1;-
2026/03/30;14:03:39;100;-; 56.56; 0.5;-; 79.7; 80.1; 27.3; 25.8; 1.5;1390; 0.5; 0.6; 0.6;29; 21.6;F;1;29;On;On;Off; 32.4; 31.8;0;5;782;5;782;5;596;1;-
2026/03/30;14:04:39;100;-; 56.56; 0.9;-; 79.7; 79.3; 53.1; 0.0; 53.1;1390; 0.5; 0.6; 0.6;29; 21.7;F;1;29;On;On;Off; 32.3; 31.8;0;5;782;5;782;5;596;1;-
2026/03/30;14:05:39;100;-; 56.58; 1.0;-; 78.8; 79.1; 56.9; 56.9; 0.0;1390; 0.5; 0.6; 0.6;29; 21.7;F;1;29;On;On;Off; 32.3; 31.8;0;5;782;5;782;5;596;1;-
2026/03/30;14:06:39;100;-; 56.58; 0.6;-; 78.0; 78.5; 35.6; 27.3; 8.3;1390; 0.5; 0.6; 0.6;29; 21.7;F;1;29;On;On;Off; 32.3; 31.9;0;5;782;5;782;5;596;1;-
2026/03/30;14:07:39;100;-; 56.58; 0.5;-; 77.0; 77.1; 31.1; 5.3; 25.8;1390; 0.5; 0.6; 0.6;30; 21.6;F;1;29;On;On;Off; 32.3; 31.8;0;5;782;5;782;5;596;1;-
2026/03/30;14:08:39;100;-; 56.58; 0.8;-; 77.3; 77.7; 46.3; 46.3; 0.0;1390; 0.6; 0.6; 0.6;30; 21.6;F;1;29;On;On;Off; 32.3; 31.8;0;5;782;5;782;5;596;1;-
2026/03/30;14:09:39;100;-; 56.58; 0.9;-; 76.2; 75.3; 53.2; 0.0; 53.2;1390; 0.6; 0.6; 0.6;30; 21.6;F;1;29;On;On;Off; 32.3; 31.8;0;5;782;5;782;5;596;1;-
2026/03/30;14:10:39;100;-; 56.58; 0.6;-; 74.3; 75.2; 34.2; 34.2; 0.0;1390; 0.6; 0.6; 0.6;31; 21.6;F;1;29;On;On;Off; 32.3; 31.8;0;5;782;5;782;5;596;1;-
2026/03/30;14:11:39;100;-; 56.56; 0.5;-; 74.9; 74.5; 31.0; 14.4; 16.7;1390; 0.6; 0.6; 0.6;31; 21.6;F;1;29;On;On;Off; 32.3; 31.8;0;5;782;5;782;5;596;1;-
2026/03/30;14:12:39;100;-; 56.58; 0.6;-; 75.2; 75.3; 36.4; 16.7; 19.7;1390; 0.6; 0.6; 0.6;31; 21.6;F;1;29;On;On;Off; 32.3; 31.8;0;5;782;5;782;5;596;1;-
2026/03/30;14:13:39;100;-; 56.58; 0.5;-; 76.9; 77.4; 29.6; 22.0; 7.6;1390; 0.6; 0.6; 0.6;30; 21.6;F;1;29;On;On;Off; 32.3; 31.8;0;5;782;5;782;5;596;1;-
2026/03/30;14:14:39;100;-; 56.56; 0.6;-; 77.4; 76.9; 32.6; 5.3; 27.3;1390; 0.5; 0.6; 0.6;30; 21.6;F;1;29;On;On;Off; 32.3; 31.8;0;5;782;5;782;5;596;1;-
2026/03/30;14:15:39;100;-; 56.58; 0.6;-; 76.7; 77.6; 36.4; 34.9; 1.5;1390; 0.6; 0.6; 0.6;31; 21.6;F;1;29;On;On;Off; 32.3; 31.8;0;5;782;5;782;5;596;1;-
2026/03/30;14:16:39;100;-; 56.58; 0.7;-; 78.0; 77.2; 38.7; 11.4; 27.3;1390; 0.6; 0.6; 0.6;30; 21.6;F;1;29;On;On;Off; 32.3; 31.8;0;5;782;5;782;5;596;1;-
2026/03/30;14:17:39;100;-; 56.58; 0.8;-; 78.3; 78.5; 45.6; 45.6; 0.0;1390; 0.5; 0.6; 0.6;30; 21.6;F;1;29;On;On;Off; 32.3; 31.8;0;5;782;5;782;5;596;1;-
2026/03/30;14:18:38;100;-; 56.56; 0.8;-; 78.2; 78.6; 44.0; 44.0; 0.0;1390; 0.5; 0.6; 0.6;29; 21.6;F;1;29;On;On;Off; 32.3; 31.8;0;5;782;5;782;5;596;1;-
2026/03/30;14:19:38;100;-; 56.58; 0.6;-; 78.5; 78.5; 34.9; 0.0; 34.9;1390; 0.5; 0.6; 0.6;30; 21.6;F;1;29;On;On;Off; 32.4; 31.9;0;5;782;5;782;5;596;1;-
2026/03/30;14:20:38;100;-; 56.58; 0.5;-; 78.1; 77.8; 31.0; 1.5; 29.6;1390; 0.6; 0.6; 0.6;30; 21.6;F;1;29;On;On;Off; 32.4; 31.9;0;5;782;5;782;5;596;1;-
2026/03/30;14:21:38;100;-; 56.58; 0.6;-; 77.3; 76.5; 34.1; 12.9; 21.2;1390; 0.6; 0.6; 0.6;30; 21.6;F;1;29;On;On;Off; 32.3; 31.8;0;5;782;5;782;5;596;1;-
2026/03/30;14:22:38;100;-; 56.58; 0.8;-; 77.7; 77.1; 45.6; 0.0; 45.6;1390; 0.6; 0.6; 0.6;30; 21.6;F;1;29;On;On;Off; 32.3; 31.8;0;5;782;5;782;5;596;1;-
2026/03/30;14:23:38;100;-; 56.58; 0.5;-; 77.2; 76.6; 28.0; 15.9; 12.1;1390; 0.6; 0.6; 0.6;30; 21.6;F;1;29;On;On;Off; 32.3; 31.9;0;5;782;5;782;5;596;1;-
2026/03/30;14:24:38;100;-; 56.58; 0.7;-; 77.3; 76.5; 41.8; 0.0; 41.8;1390; 0.6; 0.6; 0.6;30; 21.6;F;1;29;On;On;Off; 32.4; 31.8;0;5;782;5;782;5;596;1;-
2026/03/30;14:25:38;100;-; 56.56; 0.5;-; 77.0; 76.5; 26.5; 10.6; 15.9;1390; 0.6; 0.6; 0.6;30; 21.6;F;1;29;On;On;Off; 32.4; 31.9;0;5;782;5;782;5;596;1;-
2026/03/30;14:26:38;100;-; 56.56; 0.6;-; 77.7; 77.0; 31.8; 2.3; 29.6;1390; 0.6; 0.6; 0.6;30; 21.6;F;1;29;On;On;Off; 32.4; 31.9;0;5;782;5;782;5;596;1;-
2026/03/30;14:27:38;100;-; 56.58; 0.5;-; 76.5; 76.4; 31.0; 1.5; 29.6;1390; 0.6; 0.6; 0.6;31; 21.6;F;1;29;On;On;Off; 32.3; 31.8;0;5;782;5;782;5;596;1;-
2026/03/30;14:28:38;100;-; 56.58; 1.1;-; 75.6; 76.6; 63.0; 63.0; 0.0;1390; 0.5; 0.6; 0.6;30; 21.6;F;1;29;On;On;Off; 32.3; 31.8;0;5;782;5;782;5;596;1;-
2026/03/30;14:29:38;100;-; 56.58; 0.6;-; 77.6; 76.7; 35.6; 5.3; 30.4;1390; 0.5; 0.6; 0.6;29; 21.6;F;1;29;On;On;Off; 32.4; 31.8;0;5;782;5;782;6;597;1;-
2026/03/30;14:30:38;100;-; 56.58; 0.7;-; 76.5; 77.0; 39.4; 39.4; 0.0;1390; 0.5; 0.6; 0.6;29; 21.6;F;1;29;On;On;Off; 32.3; 31.9;0;5;782;5;782;6;597;1;-
2026/03/30;14:31:38;100;-; 56.58; 0.5;-; 76.8; 76.6; 31.1; 8.3; 22.8;1390; 0.5; 0.6; 0.6;29; 21.6;F;1;29;On;On;Off; 32.4; 31.8;0;5;782;5;782;6;597;1;-
2026/03/30;14:32:38;100;-; 56.56; 0.6;-; 76.9; 76.1; 35.6; 0.0; 35.6;1390; 0.5; 0.6; 0.6;30; 21.6;F;1;29;On;On;Off; 32.4; 31.9;0;5;782;5;782;6;597;1;-
2026/03/30;14:33:37;100;-; 56.56; 0.6;-; 76.3; 76.6; 32.6; 24.2; 8.3;1390; 0.5; 0.6; 0.6;29; 21.6;F;1;29;On;On;Off; 32.4; 31.8;0;5;782;5;782;6;597;1;-
2026/03/30;14:34:37;100;-; 56.58; 0.6;-; 76.3; 76.1; 34.9; 0.0; 34.9;1390; 0.5; 0.6; 0.6;30; 21.6;F;1;29;On;On;Off; 32.3; 31.8;0;5;782;5;782;6;597;1;-
2026/03/30;14:35:37;100;-; 56.58; 0.6;-; 75.9; 76.4; 35.6; 15.2; 20.5;1390; 0.5; 0.6; 0.6;30; 21.7;F;1;29;On;On;Off; 32.3; 31.8;0;5;782;5;782;6;597;1;-
2026/03/30;14:36:37;100;-; 56.58; 0.6;-; 75.9; 76.3; 35.6; 31.8; 3.8;1390; 0.5; 0.6; 0.6;30; 21.6;F;1;29;On;On;Off; 32.3; 31.8;0;5;782;5;782;6;597;1;-
2026/03/30;14:37:37;100;-; 56.56; 0.6;-; 76.2; 76.0; 32.6; 30.4; 2.3;1390; 0.6; 0.6; 0.6;30; 21.7;F;1;29;On;On;Off; 32.3; 31.8;0;5;782;5;782;6;597;1;-
2026/03/30;14:38:37;100;-; 56.58; 0.6;-; 76.2; 76.1; 35.6; 22.0; 13.7;1390; 0.6; 0.6; 0.6;30; 21.6;F;1;29;On;On;Off; 32.3; 31.8;0;5;782;5;782;6;597;1;-
2026/03/30;14:39:37;100;-; 56.58; 0.9;-; 76.5; 75.6; 49.3; 0.0; 49.3;1390; 0.6; 0.6; 0.6;30; 21.6;F;1;29;On;On;Off; 32.3; 31.8;0;5;782;5;782;6;597;1;-
2026/03/30;14:40:37;100;-; 56.58; 0.5;-; 76.4; 75.8; 29.6; 12.1; 17.5;1390; 0.6; 0.6; 0.6;30; 21.7;F;1;29;On;On;Off; 32.3; 31.8;0;5;782;5;782;6;597;1;-
2026/03/30;14:41:37;100;-; 56.58; 0.6;-; 76.2; 76.2; 35.6; 33.4; 2.3;1390; 0.5; 0.6; 0.6;30; 21.6;F;1;29;On;On;Off; 32.3; 31.8;0;5;782;5;782;6;597;1;-
2026/03/30;14:42:37;100;-; 56.58; 0.6;-; 76.5; 75.9; 36.4; 0.0; 36.4;1390; 0.5; 0.6; 0.6;30; 21.7;F;1;29;On;On;Off; 32.3; 31.8;0;6;783;6;783;6;597;1;-
2026/03/30;14:43:37;100;-; 56.58; 0.6;-; 76.4; 75.9; 35.6; 0.0; 35.6;1391; 0.5; 0.6; 0.6;30; 21.7;F;1;29;On;On;Off; 32.3; 31.8;0;6;783;6;783;6;597;1;-
2026/03/30;14:44:37;100;-; 56.58; 0.6;-; 76.0; 76.4; 34.1; 31.1; 3.0;1391; 0.5; 0.6; 0.6;30; 21.6;F;1;29;On;On;Off; 32.3; 31.8;0;6;783;6;783;6;597;1;-
2026/03/30;14:45:37;100;-; 56.56; 0.9;-; 76.2; 76.6; 52.4; 52.4; 0.0;1391; 0.5; 0.6; 0.6;30; 21.7;F;1;29;On;On;Off; 32.3; 31.8;0;6;783;6;783;6;597;1;-
2026/03/30;14:46:37;100;-; 56.56; 0.8;-; 76.1; 76.4; 45.6; 45.6; 0.0;1391; 0.5; 0.6; 0.6;30; 21.7;F;1;29;On;On;Off; 32.3; 31.8;0;6;783;6;783;6;597;1;-
2026/03/30;14:47:37;100;-; 56.56; 1.0;-; 76.7; 76.1; 54.6; 0.0; 54.6;1391; 0.5; 0.6; 0.6;30; 21.7;F;1;29;On;On;Off; 32.3; 31.8;0;6;783;6;783;6;597;1;-
2026/03/30;14:48:36;100;-; 56.58; 0.6;-; 76.6; 76.4; 35.6; 23.5; 12.1;1391; 0.5; 0.6; 0.6;30; 21.7;F;1;29;On;On;Off; 32.3; 31.8;0;6;783;6;783;6;597;1;-
2026/03/30;14:49:36;100;-; 56.58; 1.0;-; 76.2; 76.9; 53.9; 53.9; 0.0;1391; 0.5; 0.6; 0.6;30; 21.7;F;1;29;On;On;Off; 32.3; 31.8;0;6;783;6;783;6;597;1;-
2026/03/30;14:50:36;100;-; 56.58; 0.8;-; 76.7; 76.3; 45.6; 0.0; 45.6;1391; 0.5; 0.6; 0.6;29; 21.7;F;1;29;On;On;Off; 32.3; 31.8;0;6;783;6;783;6;597;1;-
2026/03/30;14:51:36;100;-; 56.58; 0.6;-; 76.8; 76.2; 35.6; 0.0; 35.6;1391; 0.5; 0.6; 0.6;30; 21.7;F;1;29;On;On;Off; 32.3; 31.8;0;6;783;6;783;6;597;1;-
2026/03/30;14:52:36;100;-; 56.58; 0.6;-; 76.8; 76.1; 33.4; 0.0; 33.4;1391; 0.5; 0.6; 0.6;29; 21.7;F;1;29;On;On;Off; 32.3; 31.8;0;6;783;6;783;6;597;1;-
2026/03/30;14:53:36;100;-; 56.58; 0.8;-; 76.7; 75.9; 44.8; 0.0; 44.8;1391; 0.5; 0.6; 0.6;30; 21.7;F;1;29;On;On;Off; 32.3; 31.8;0;6;783;6;783;6;597;1;-
2026/03/30;14:54:36;100;-; 56.56; 0.4;-; 76.6; 76.2; 25.0; 0.7; 24.2;1391; 0.5; 0.6; 0.6;30; 21.7;F;1;29;On;On;Off; 32.3; 31.8;0;6;783;6;783;6;597;1;-
2026/03/30;14:55:36;100;-; 56.56; 0.8;-; 76.1; 76.5; 45.6; 45.6; 0.0;1391; 0.5; 0.6; 0.6;30; 21.7;F;1;29;On;On;Off; 32.3; 31.8;0;6;783;6;783;6;597;1;-
2026/03/30;14:56:36;100;-; 56.58; 0.5;-; 76.6; 76.1; 28.8; 5.3; 23.5;1391; 0.5; 0.6; 0.6;29; 21.7;F;1;29;On;On;Off; 32.3; 31.8;0;6;783;6;783;6;597;1;-
2026/03/30;14:57:36;100;-; 56.58; 1.1;-; 75.9; 76.6; 63.7; 63.7; 0.0;1391; 0.5; 0.6; 0.6;29; 21.7;F;1;29;On;On;Off; 32.3; 31.8;0;6;783;6;783;6;597;1;-
2026/03/30;14:58:36;100;-; 56.58; 0.5;-; 76.5; 76.3; 31.1; 9.9; 21.2;1391; 0.6; 0.6; 0.6;30; 21.7;F;1;29;On;On;Off; 32.3; 31.8;0;6;783;6;783;6;597;1;-
2026/03/30;14:59:36;100;-; 56.58; 0.6;-; 76.1; 76.6; 36.4; 26.6; 9.9;1391; 0.5; 0.6; 0.6;30; 21.7;F;1;29;On;On;Off; 32.3; 31.8;0;6;783;6;783;6;597;1;-
2026/03/30;15:00:36;100;-; 56.58; 1.0;-; 76.3; 76.7; 53.9; 53.9; 0.0;1391; 0.6; 0.6; 0.6;30; 21.7;F;1;29;On;On;Off; 32.3; 31.8;0;6;783;6;783;6;597;1;-
2026/03/30;15:01:36;100;-; 56.56; 0.7;-; 76.6; 77.0; 40.2; 40.2; 0.0;1391; 0.5; 0.6; 0.6;30; 21.7;F;1;29;On;On;Off; 32.3; 31.8;0;6;783;6;783;6;597;1;-
2026/03/30;15:02:36;100;-; 56.58; 1.0;-; 76.4; 77.0; 58.4; 58.4; 0.0;1391; 0.5; 0.6; 0.6;30; 21.7;F;1;29;On;On;Off; 32.3; 31.8;0;6;783;6;783;6;597;1;-
2026/03/30;15:03:35;100;-; 56.58; 0.7;-; 77.3; 76.2; 39.4; 9.1; 30.4;1391; 0.6; 0.6; 0.6;30; 21.7;F;1;29;On;On;Off; 32.3; 31.8;0;6;783;6;783;6;597;1;-
2026/03/30;15:04:35;100;-; 56.56; 0.5;-; 77.2; 76.7; 28.8; 2.3; 26.6;1391; 0.5; 0.6; 0.6;30; 21.7;F;1;29;On;On;Off; 32.3; 31.8;0;6;783;6;783;6;597;1;-
2026/03/30;15:05:35;100;-; 56.58; 0.6;-; 77.0; 76.8; 31.8; 30.4; 1.5;1391; 0.6; 0.6; 0.6;30; 21.7;F;1;29;On;On;Off; 32.3; 31.8;0;6;783;6;783;6;597;1;-
2026/03/30;15:06:35;100;-; 56.58; 0.5;-; 76.5; 76.9; 28.0; 14.4; 13.7;1391; 0.5; 0.6; 0.6;30; 21.7;F;1;29;On;On;Off; 32.3; 31.8;0;6;783;6;783;6;597;1;-
2026/03/30;15:07:35;100;-; 56.58; 0.6;-; 76.1; 76.7; 33.4; 15.2; 18.2;1391; 0.5; 0.6; 0.6;30; 21.7;F;1;29;On;On;Off; 32.3; 31.8;0;6;783;6;783;6;597;1;-
2026/03/30;15:08:35;100;-; 56.58; 0.6;-; 76.1; 76.5; 34.1; 25.8; 8.3;1391; 0.5; 0.6; 0.6;30; 21.7;F;1;29;On;On;Off; 32.3; 31.8;0;6;783;6;783;6;597;1;-
2026/03/30;15:09:35;100;-; 56.58; 0.5;-; 76.6; 76.3; 29.6; 14.4; 15.2;1391; 0.5; 0.6; 0.6;30; 21.7;F;1;29;On;On;Off; 32.3; 31.8;0;6;783;6;783;6;597;1;-
2026/03/30;15:10:35;100;-; 56.58; 0.9;-; 76.1; 76.4; 50.1; 50.1; 0.0;1391; 0.5; 0.6; 0.6;30; 21.7;F;1;29;On;On;Off; 32.3; 31.8;0;6;783;6;783;6;597;1;-
2026/03/30;15:11:35;100;-; 56.56; 0.5;-; 76.6; 76.1; 26.5; 4.5; 22.0;1391; 0.5; 0.6; 0.6;30; 21.7;F;1;29;On;On;Off; 32.3; 31.8;0;6;783;6;783;6;597;1;-
2026/03/30;15:12:35;100;-; 56.58; 0.6;-; 76.6; 76.0; 36.4; 0.0; 36.4;1391; 0.5; 0.6; 0.6;30; 21.7;F;1;29;On;On;Off; 32.3; 31.8;0;6;783;6;783;6;597;1;-
2026/03/30;15:13:35;100;-; 56.58; 0.6;-; 76.5; 76.0; 31.9; 19.0; 12.9;1391; 0.6; 0.6; 0.6;30; 21.7;F;1;29;On;On;Off; 32.3; 31.8;0;6;783;6;783;6;597;1;-
2026/03/30;15:14:35;100;-; 56.58; 0.8;-; 76.4; 76.4; 44.8; 44.8; 0.0;1391; 0.6; 0.6; 0.6;30; 21.7;F;1;29;On;On;Off; 32.3; 31.8;0;6;783;6;783;6;597;1;-
2026/03/30;15:15:35;100;-; 56.56; 0.7;-; 76.1; 76.5; 37.2; 37.2; 0.0;1391; 0.5; 0.6; 0.6;30; 21.7;F;1;29;On;On;Off; 32.3; 31.8;0;6;783;6;783;6;597;1;-
2026/03/30;15:16:35;100;-; 56.58; 0.6;-; 76.6; 76.2; 36.4; 0.0; 36.4;1391; 0.5; 0.6; 0.6;30; 21.7;F;1;29;On;On;Off; 32.3; 31.8;0;6;783;6;783;6;597;1;-
2026/03/30;15:17:35;100;-; 56.56; 0.6;-; 76.4; 76.6; 35.6; 35.6; 0.0;1391; 0.5; 0.6; 0.6;29; 21.7;F;1;29;On;On;Off; 32.3; 31.8;0;6;783;6;783;6;597;1;-
2026/03/30;15:18:34;100;-; 56.58; 0.7;-; 76.2; 76.6; 41.0; 41.0; 0.0;1391; 0.5; 0.6; 0.6;30; 21.7;F;1;29;On;On;Off; 32.3; 31.8;0;6;783;6;783;6;597;1;-
2026/03/30;15:19:34;100;-; 56.56; 0.7;-; 76.7; 76.4; 41.8; 0.0; 41.8;1391; 0.5; 0.6; 0.6;30; 21.7;F;1;29;On;On;Off; 32.3; 31.8;0;6;783;6;783;6;597;1;-
2026/03/30;15:20:34;100;-; 56.58; 0.7;-; 76.4; 76.8; 37.2; 27.3; 9.9;1391; 0.5; 0.6; 0.6;29; 21.7;F;1;29;On;On;Off; 32.3; 31.8;0;6;783;6;783;6;597;1;-
2026/03/30;15:21:34;100;-; 56.58; 0.8;-; 76.3; 76.9; 44.8; 44.8; 0.0;1391; 0.5; 0.6; 0.6;30; 21.7;F;1;29;On;On;Off; 32.3; 31.8;0;6;783;6;783;6;597;1;-
2026/03/30;15:22:34;100;-; 56.56; 0.6;-; 76.6; 76.5; 33.4; 29.6; 3.8;1391; 0.5; 0.6; 0.6;29; 21.7;F;1;29;On;On;Off; 32.3; 31.8;0;6;783;6;783;6;597;1;-
2026/03/30;15:23:34;100;-; 56.56; 0.8;-; 76.7; 76.3; 45.6; 0.0; 45.6;1391; 0.5; 0.6; 0.6;29; 21.7;F;1;29;On;On;Off; 32.3; 31.8;0;6;783;6;783;6;597;1;-
2026/03/30;15:24:34;100;-; 56.58; 1.0;-; 76.9; 76.1; 54.6; 0.0; 54.6;1391; 0.5; 0.6; 0.6;30; 21.7;F;1;29;On;On;Off; 32.3; 31.8;0;6;783;6;783;6;597;1;-
2026/03/30;15:25:34;100;-; 56.58; 0.6;-; 76.5; 76.7; 36.4; 12.9; 23.5;1391; 0.5; 0.6; 0.6;30; 21.7;F;1;29;On;On;Off; 32.3; 31.8;0;6;783;6;783;6;597;1;-
2026/03/30;15:26:34;100;-; 56.58; 1.2;-; 76.3; 76.9; 65.3; 65.3; 0.0;1391; 0.5; 0.6; 0.6;30; 21.7;F;1;29;On;On;Off; 32.3; 31.8;0;6;783;6;783;6;597;1;-
2026/03/30;15:27:34;100;-; 56.58; 0.6;-; 76.8; 76.4; 33.4; 33.4; 0.0;1391; 0.5; 0.6; 0.6;29; 21.7;F;1;29;On;On;Off; 32.3; 31.8;0;6;783;6;783;6;597;1;-
2026/03/30;15:28:34;100;-; 56.56; 0.7;-; 76.7; 76.9; 39.4; 39.4; 0.0;1391; 0.5; 0.6; 0.6;29; 21.7;F;1;29;On;On;Off; 32.3; 31.8;0;6;783;6;783;6;597;1;-
2026/03/30;15:29:34;100;-; 56.58; 1.1;-; 76.2; 76.9; 61.5; 61.5; 0.0;1391; 0.5; 0.6; 0.6;30; 21.7;F;1;29;On;On;Off; 32.3; 31.8;0;6;783;6;783;6;597;1;-
2026/03/30;15:30:34;100;-; 56.56; 0.5;-; 76.9; 76.5; 29.5; 12.9; 16.7;1391; 0.5; 0.6; 0.6;29; 21.7;F;1;29;On;On;Off; 32.3; 31.8;0;6;783;6;783;6;597;1;-
2026/03/30;15:31:34;100;-; 56.58; 0.9;-; 76.4; 77.0; 51.6; 51.6; 0.0;1391; 0.5; 0.6; 0.6;29; 21.7;F;1;29;On;On;Off; 32.3; 31.8;0;6;783;6;783;6;597;1;-
2026/03/30;15:32:34;100;-; 56.58; 0.7;-; 76.5; 77.1; 41.0; 41.0; 0.0;1391; 0.5; 0.6; 0.6;29; 21.7;F;1;29;On;On;Off; 32.3; 31.8;0;6;783;6;783;6;597;1;-
2026/03/30;15:33:34;100;-; 56.58; 0.8;-; 77.4; 76.3; 47.8; 0.0; 47.8;1391; 0.5; 0.6; 0.6;29; 21.7;F;1;29;On;On;Off; 32.3; 31.8;0;6;783;6;783;6;597;1;-
2026/03/30;15:34:33;100;-; 56.58; 0.6;-; 77.2; 76.7; 31.8; 26.6; 5.3;1391; 0.5; 0.6; 0.6;29; 21.7;F;1;29;On;On;Off; 32.3; 31.8;0;6;783;6;783;6;597;1;-
2026/03/30;15:35:33;100;-; 56.58; 0.6;-; 77.0; 77.0; 36.4; 0.0; 36.4;1391; 0.5; 0.6; 0.6;29; 21.7;F;1;29;On;On;Off; 32.3; 31.8;0;6;783;6;783;6;597;1;-
2026/03/30;15:36:33;100;-; 56.56; 0.5;-; 77.5; 76.7; 31.1; 0.0; 31.1;1391; 0.5; 0.6; 0.6;29; 21.7;F;1;29;On;On;Off; 32.3; 31.8;0;6;783;6;783;6;597;1;-
2026/03/30;15:37:33;100;-; 56.58; 0.6;-; 76.9; 77.1; 32.6; 6.8; 25.8;1391; 0.5; 0.6; 0.6;29; 21.7;F;1;29;On;On;Off; 32.3; 31.8;0;6;783;6;783;6;597;1;-
2026/03/30;15:38:33;100;-; 56.56; 0.5;-; 77.3; 76.8; 25.8; 0.7; 25.0;1391; 0.5; 0.6; 0.6;29; 21.7;F;1;29;On;On;Off; 32.3; 31.8;0;6;783;6;783;6;597;1;-
2026/03/30;15:39:33;100;-; 56.58; 0.7;-; 77.2; 77.0; 40.2; 40.2; 0.0;1391; 0.5; 0.6; 0.6;28; 21.7;F;1;29;On;On;Off; 32.3; 31.8;0;6;783;6;783;6;597;1;-
2026/03/30;15:40:33;100;-; 56.58; 1.0;-; 76.7; 77.3; 55.4; 55.4; 0.0;1391; 0.5; 0.6; 0.6;29; 21.7;F;1;29;On;On;Off; 32.3; 31.8;0;6;783;6;783;6;597;1;-
2026/03/30;15:41:33;100;-; 56.56; 0.5;-; 77.3; 77.0; 29.6; 29.6; 0.0;1391; 0.5; 0.6; 0.6;29; 21.7;F;1;29;On;On;Off; 32.3; 31.8;0;6;783;6;783;6;597;1;-
2026/03/30;15:42:33;100;-; 56.58; 0.5;-; 77.3; 76.9; 27.3; 21.2; 6.1;1391; 0.5; 0.6; 0.6;29; 21.7;F;1;29;On;On;Off; 32.3; 31.8;0;6;783;6;783;6;597;1;-
2026/03/30;15:43:33;100;-; 56.58; 1.0;-; 77.6; 76.7; 54.6; 0.0; 54.6;1392; 0.5; 0.6; 0.6;28; 21.7;F;1;29;On;On;Off; 32.3; 31.8;0;6;783;6;783;6;597;1;-
2026/03/30;15:44:33;100;-; 56.58; 0.7;-; 77.6; 76.8; 38.0; 0.0; 38.0;1392; 0.5; 0.6; 0.6;29; 21.7;F;1;29;On;On;Off; 32.3; 31.8;0;6;783;6;783;6;597;1;-
2026/03/30;15:45:33;100;-; 56.56; 0.9;-; 77.0; 77.5; 51.6; 51.6; 0.0;1392; 0.5; 0.6; 0.6;29; 21.7;F;1;29;On;On;Off; 32.3; 31.8;0;6;783;6;783;6;597;1;-
2026/03/30;15:46:33;100;-; 56.58; 0.7;-; 77.5; 76.8; 37.2; 3.0; 34.2;1392; 0.5; 0.6; 0.6;30; 21.7;F;1;29;On;On;Off; 32.3; 31.8;0;6;783;6;783;6;597;1;-
2026/03/30;15:47:33;100;-; 56.58; 0.9;-; 77.6; 76.8; 49.3; 0.0; 49.3;1392; 0.5; 0.6; 0.6;29; 21.7;F;1;29;On;On;Off; 32.3; 31.9;0;6;783;6;783;6;597;1;-
2026/03/30;15:48:33;100;-; 56.56; 0.6;-; 77.0; 77.4; 32.6; 32.6; 0.0;1392; 0.5; 0.6; 0.6;29; 21.7;F;1;29;On;On;Off; 32.4; 31.8;0;6;783;6;783;6;597;1;-
2026/03/30;15:49:32;100;-; 56.58; 0.6;-; 77.0; 77.2; 32.6; 32.6; 0.0;1392; 0.5; 0.6; 0.6;29; 21.7;F;1;29;On;On;Off; 32.4; 31.8;0;6;783;6;783;6;597;1;-
2026/03/30;15:50:32;100;-; 56.58; 0.9;-; 77.6; 76.5; 50.1; 0.0; 50.1;1392; 0.5; 0.6; 0.6;29; 21.7;F;1;29;On;On;Off; 32.3; 31.8;0;6;783;6;783;6;597;1;-
2026/03/30;15:51:32;100;-; 56.56; 0.5;-; 77.2; 76.8; 29.6; 17.5; 12.1;1392; 0.5; 0.6; 0.6;30; 21.7;F;1;29;On;On;Off; 32.3; 31.9;0;6;783;6;783;6;597;1;-
2026/03/30;15:52:32;100;-; 56.56; 0.6;-; 76.8; 77.3; 31.8; 13.7; 18.2;1392; 0.5; 0.6; 0.6;29; 21.7;F;1;29;On;On;Off; 32.3; 31.8;0;6;783;6;783;6;597;1;-
2026/03/30;15:53:32;100;-; 56.56; 0.8;-; 77.4; 76.8; 47.8; 0.0; 47.8;1392; 0.5; 0.6; 0.6;30; 21.7;F;1;29;On;On;Off; 32.3; 31.9;0;6;783;6;783;6;597;1;-
2026/03/30;15:54:32;100;-; 56.56; 0.5;-; 77.2; 76.9; 25.8; 10.6; 15.2;1392; 0.5; 0.6; 0.6;29; 21.7;F;1;29;On;On;Off; 32.4; 31.9;0;6;783;6;783;6;597;1;-
2026/03/30;15:55:32;100;-; 56.56; 0.7;-; 77.3; 76.9; 37.2; 0.0; 37.2;1392; 0.5; 0.6; 0.6;29; 21.7;F;1;29;On;On;Off; 32.4; 31.9;0;6;783;6;783;6;597;1;-
2026/03/30;15:56:32;100;-; 56.58; 0.7;-; 77.3; 76.5; 39.4; 7.6; 31.8;1392; 0.5; 0.6; 0.6;29; 21.7;F;1;29;On;On;Off; 32.4; 31.9;0;6;783;6;783;6;597;1;-
2026/03/30;15:57:32;100;-; 56.56; 0.7;-; 77.4; 76.7; 38.7; 0.0; 38.7;1392; 0.5; 0.6; 0.6;29; 21.7;F;1;29;On;On;Off; 32.4; 31.9;0;6;783;6;783;6;597;1;-
2026/03/30;15:58:32;100;-; 56.56; 0.8;-; 76.8; 77.3; 47.0; 47.0; 0.0;1392; 0.5; 0.6; 0.6;29; 21.7;F;1;29;On;On;Off; 32.4; 31.9;0;6;783;6;783;6;597;1;-
2026/03/30;15:59:32;100;-; 56.58; 0.7;-; 76.6; 77.2; 39.4; 34.2; 5.3;1392; 0.5; 0.6; 0.6;29; 21.7;F;1;29;On;On;Off; 32.4; 31.9;0;6;783;6;783;6;597;1;-
2026/03/30;16:00:32;100;-; 56.58; 0.7;-; 77.2; 76.3; 41.8; 0.0; 41.8;1392; 0.5; 0.6; 0.6;29; 21.7;F;1;29;On;On;Off; 32.4; 31.9;0;6;783;6;783;6;597;1;-
2026/03/30;16:01:32;100;-; 56.58; 0.6;-; 77.5; 76.6; 34.2; 0.0; 34.2;1392; 0.5; 0.6; 0.6;28; 21.7;F;1;29;On;On;Off; 32.4; 31.9;0;6;783;6;783;6;597;1;-
2026/03/30;16:02:32;100;-; 56.56; 0.6;-; 77.2; 76.6; 32.6; 32.6; 0.0;1392; 0.5; 0.6; 0.6;29; 21.8;F;1;29;On;On;Off; 32.4; 31.9;0;6;783;6;783;6;597;1;-
2026/03/30;16:03:32;100;-; 56.58; 1.0;-; 76.9; 77.3; 54.6; 54.6; 0.0;1392; 0.5; 0.6; 0.6;29; 21.7;F;1;29;On;On;Off; 32.4; 31.9;0;6;783;6;783;6;597;1;-
2026/03/30;16:04:31;100;-; 56.58; 0.6;-; 77.1; 76.9; 31.8; 15.2; 16.7;1392; 0.5; 0.6; 0.6;29; 21.7;F;1;29;On;On;Off; 32.4; 31.9;0;6;783;6;783;6;597;1;-
2026/03/30;16:05:31;100;-; 56.56; 0.4;-; 77.4; 76.9; 21.9; 20.5; 1.5;1392; 0.5; 0.6; 0.6;29; 21.8;F;1;29;On;On;Off; 32.4; 31.9;0;6;783;6;783;6;597;1;-
2026/03/30;16:06:31;100;-; 56.58; 0.8;-; 76.8; 77.3; 44.8; 44.8; 0.0;1392; 0.5; 0.6; 0.6;29; 21.8;F;1;29;On;On;Off; 32.4; 31.9;0;6;783;6;783;6;597;1;-
2026/03/30;16:07:31;100;-; 56.56; 0.4;-; 77.4; 77.0; 22.7; 3.0; 19.7;1392; 0.5; 0.6; 0.6;29; 21.8;F;1;29;On;On;Off; 32.4; 31.9;0;6;783;6;783;6;597;1;-
2026/03/30;16:08:31;100;-; 56.56; 0.5;-; 77.2; 77.0; 28.8; 3.8; 25.0;1392; 0.5; 0.6; 0.6;30; 21.8;F;1;29;On;On;Off; 32.4; 31.9;0;6;783;6;783;6;597;1;-
2026/03/30;16:09:31;100;-; 56.56; 0.7;-; 77.6; 76.8; 37.2; 0.0; 37.2;1392; 0.5; 0.6; 0.6;29; 21.8;F;1;29;On;On;Off; 32.4; 31.9;0;6;783;6;783;6;597;1;-
2026/03/30;16:10:31;100;-; 56.56; 0.5;-; 77.6; 77.1; 30.4; 0.0; 30.4;1392; 0.5; 0.6; 0.6;29; 21.8;F;1;29;On;On;Off; 32.4; 31.9;0;6;783;6;783;7;598;1;-
2026/03/30;16:11:31;100;-; 56.58; 0.7;-; 77.9; 76.7; 41.8; 0.0; 41.8;1392; 0.5; 0.6; 0.6;29; 21.8;F;1;29;On;On;Off; 32.4; 31.9;0;6;783;6;783;7;598;1;-
2026/03/30;16:12:31;100;-; 56.56; 0.9;-; 77.8; 76.5; 52.4; 0.0; 52.4;1392; 0.5; 0.6; 0.6;28; 21.8;F;1;29;On;On;Off; 32.4; 31.9;0;6;783;6;783;7;598;1;-
2026/03/30;16:13:31;100;-; 56.58; 0.6;-; 76.9; 77.7; 32.6; 17.5; 15.2;1392; 0.5; 0.6; 0.6;29; 21.8;F;1;29;On;On;Off; 32.4; 31.9;0;6;783;6;783;7;598;1;-
2026/03/30;16:14:31;100;-; 56.56; 0.6;-; 77.4; 77.7; 32.6; 32.6; 0.0;1392; 0.5; 0.6; 0.6;29; 21.8;F;1;29;On;On;Off; 32.4; 31.9;0;6;783;6;783;7;598;1;-
2026/03/30;16:15:31;100;-; 56.58; 0.7;-; 77.8; 77.3; 41.0; 41.0; 0.0;1392; 0.5; 0.6; 0.6;29; 21.8;F;1;29;On;On;Off; 32.4; 31.9;0;6;783;6;783;7;598;1;-
2026/03/30;16:16:31;100;-; 56.58; 0.7;-; 78.2; 77.2; 41.0; 0.0; 41.0;1392; 0.5; 0.6; 0.6;29; 21.8;F;1;29;On;On;Off; 32.4; 31.9;0;6;783;6;783;7;598;1;-
2026/03/30;16:17:31;100;-; 56.58; 0.6;-; 77.8; 77.8; 34.8; 14.4; 20.5;1392; 0.5; 0.6; 0.6;29; 21.8;F;1;29;On;On;Off; 32.4; 31.9;0;6;783;6;783;7;598;1;-
2026/03/30;16:18:31;100;-; 56.56; 0.6;-; 78.1; 77.8; 31.8; 0.0; 31.8;1392; 0.5; 0.6; 0.6;29; 21.8;F;1;29;On;On;Off; 32.4; 31.9;0;6;783;6;783;7;598;1;-
2026/03/30;16:19:30;100;-; 56.56; 0.5;-; 77.8; 77.5; 30.4; 11.4; 19.0;1392; 0.5; 0.6; 0.6;28; 21.7;F;1;29;On;On;Off; 32.4; 31.9;0;6;783;6;783;7;598;1;-
2026/03/30;16:20:30;100;-; 56.56; 0.6;-; 78.0; 77.4; 34.8; 12.9; 22.0;1392; 0.5; 0.6; 0.6;28; 21.8;F;1;29;On;On;Off; 32.4; 31.9;0;6;783;6;783;7;598;1;-
2026/03/30;16:21:30;100;-; 56.58; 0.7;-; 77.9; 77.6; 40.2; 40.2; 0.0;1392; 0.5; 0.6; 0.6;28; 21.8;F;1;29;On;On;Off; 32.4; 31.9;0;6;783;6;783;7;598;1;-
2026/03/30;16:22:30;100;-; 56.56; 0.7;-; 77.7; 77.8; 41.0; 41.0; 0.0;1392; 0.5; 0.6; 0.6;29; 21.7;F;1;29;On;On;Off; 32.4; 31.9;0;6;783;6;783;7;598;1;-
2026/03/30;16:23:30;100;-; 56.58; 0.5;-; 77.7; 78.1; 29.6; 18.2; 11.4;1392; 0.5; 0.6; 0.6;29; 21.8;F;1;29;On;On;Off; 32.4; 31.9;0;7;784;7;784;7;598;1;-
2026/03/30;16:24:30;100;-; 56.58; 0.7;-; 78.2; 77.4; 41.8; 41.8; 0.0;1392; 0.5; 0.6; 0.6;29; 21.7;F;1;29;On;On;Off; 32.4; 31.9;0;7;784;7;784;7;598;1;-
2026/03/30;16:25:30;100;-; 56.58; 0.7;-; 77.6; 78.3; 41.7; 38.7; 3.0;1392; 0.5; 0.6; 0.6;29; 21.7;F;1;29;On;On;Off; 32.4; 31.9;0;7;784;7;784;7;598;1;-
2026/03/30;16:26:30;100;-; 56.56; 0.7;-; 77.9; 78.3; 38.7; 38.7; 0.0;1392; 0.5; 0.6; 0.6;29; 21.7;F;1;29;On;On;Off; 32.4; 31.9;0;7;784;7;784;7;598;1;-
2026/03/30;16:27:30;100;-; 56.56; 0.5;-; 78.0; 78.2; 27.3; 27.3; 0.0;1392; 0.5; 0.6; 0.6;28; 21.7;F;1;29;On;On;Off; 32.4; 31.9;0;7;784;7;784;7;598;1;-
2026/03/30;16:28:30;100;-; 56.56; 0.3;-; 78.2; 77.9; 19.7; 0.7; 19.0;1392; 0.5; 0.6; 0.6;29; 21.7;F;1;29;On;On;Off; 32.4; 31.9;0;7;784;7;784;7;598;1;-
2026/03/30;16:29:30;100;-; 56.56; 0.5;-; 78.2; 77.6; 31.1; 11.4; 19.7;1392; 0.5; 0.6; 0.6;29; 21.7;F;1;29;On;On;Off; 32.4; 31.9;0;7;784;7;784;7;598;1;-
2026/03/30;16:30:30;100;-; 56.56; 0.7;-; 78.1; 77.6; 38.0; 3.8; 34.2;1392; 0.5; 0.6; 0.6;29; 21.7;F;1;29;On;On;Off; 32.4; 31.9;0;7;784;7;784;7;598;1;-
2026/03/30;16:31:30;100;-; 56.58; 0.6;-; 78.2; 77.8; 34.9; 28.8; 6.1;1392; 0.5; 0.6; 0.6;29; 21.7;F;1;29;On;On;Off; 32.4; 31.9;0;7;784;7;784;7;598;1;-
2026/03/30;16:32:30;100;-; 56.56; 0.8;-; 78.0; 78.3; 46.3; 46.3; 0.0;1392; 0.5; 0.6; 0.6;28; 21.7;F;1;29;On;On;Off; 32.4; 31.9;0;7;784;7;784;7;598;1;-
2026/03/30;16:33:30;100;-; 56.58; 0.9;-; 77.8; 78.4; 49.3; 49.3; 0.0;1392; 0.5; 0.6; 0.6;29; 21.7;F;1;29;On;On;Off; 32.4; 31.9;0;7;784;7;784;7;598;1;-
2026/03/30;16:34:29;100;-; 56.58; 0.6;-; 78.3; 77.6; 32.6; 15.2; 17.5;1392; 0.5; 0.6; 0.6;29; 21.7;F;1;29;On;On;Off; 32.4; 31.9;0;7;784;7;784;7;598;1;-
2026/03/30;16:35:29;100;-; 56.58; 0.6;-; 78.0; 77.9; 34.1; 22.0; 12.1;1392; 0.5; 0.6; 0.6;29; 21.7;F;1;29;On;On;Off; 32.4; 31.9;0;7;784;7;784;7;598;1;-
2026/03/30;16:36:29;100;-; 56.56; 0.9;-; 77.3; 78.2; 52.4; 52.4; 0.0;1392; 0.5; 0.6; 0.6;29; 21.7;F;1;29;On;On;Off; 32.4; 31.9;0;7;784;7;784;7;598;1;-
2026/03/30;16:37:29;100;-; 56.56; 0.6;-; 77.9; 78.1; 36.4; 36.4; 0.0;1392; 0.5; 0.6; 0.6;29; 21.7;F;1;29;On;On;Off; 32.4; 31.9;0;7;784;7;784;7;598;1;-
2026/03/30;16:38:29;100;-; 56.58; 0.5;-; 77.7; 78.1; 30.3; 28.8; 1.5;1392; 0.5; 0.6; 0.6;29; 21.7;F;1;29;On;On;Off; 32.4; 31.9;0;7;784;7;784;7;598;1;-
2026/03/30;16:39:29;100;-; 56.58; 0.5;-; 78.1; 77.8; 31.1; 22.8; 8.3;1392; 0.5; 0.6; 0.6;29; 21.7;F;1;29;On;On;Off; 32.4; 31.9;0;7;784;7;784;7;598;1;-
2026/03/30;16:40:29;100;-; 56.58; 1.0;-; 77.6; 78.1; 54.6; 54.6; 0.0;1392; 0.5; 0.6; 0.6;29; 21.7;F;1;29;On;On;Off; 32.4; 31.9;0;7;784;7;784;7;598;1;-
2026/03/30;16:41:29;100;-; 56.56; 0.6;-; 77.6; 78.4; 31.8; 31.8; 0.0;1392; 0.5; 0.6; 0.6;29; 21.7;F;1;29;On;On;Off; 32.4; 31.9;0;7;784;7;784;7;598;1;-
2026/03/30;16:42:29;100;-; 56.58; 1.0;-; 77.5; 78.4; 54.6; 54.6; 0.0;1392; 0.5; 0.6; 0.6;29; 21.7;F;1;29;On;On;Off; 32.4; 31.9;0;7;784;7;784;7;598;1;-
2026/03/30;16:43:29;100;-; 56.56; 0.7;-; 77.7; 78.2; 41.8; 41.8; 0.0;1393; 0.5; 0.6; 0.6;29; 21.7;F;1;29;On;On;Off; 32.4; 31.9;0;7;784;7;784;7;598;1;-
2026/03/30;16:44:29;100;-; 56.58; 0.6;-; 77.4; 78.2; 34.1; 25.1; 9.1;1393; 0.5; 0.6; 0.6;29; 21.7;F;1;29;On;On;Off; 32.4; 31.9;0;7;784;7;784;7;598;1;-
2026/03/30;16:45:29;100;-; 56.58; 0.5;-; 77.8; 78.1; 28.8; 14.4; 14.4;1393; 0.5; 0.6; 0.6;28; 21.7;F;1;29;On;On;Off; 32.4; 31.9;0;7;784;7;784;7;598;1;-
2026/03/30;16:46:29;100;-; 56.58; 0.5;-; 78.0; 77.9; 28.8; 1.5; 27.3;1393; 0.5; 0.6; 0.6;29; 21.7;F;1;29;On;On;Off; 32.4; 31.9;0;7;784;7;784;7;598;1;-
2026/03/30;16:47:29;100;-; 56.58; 0.7;-; 78.4; 77.2; 39.4; 0.0; 39.4;1393; 0.5; 0.6; 0.6;29; 21.7;F;1;29;On;On;Off; 32.4; 31.9;0;7;784;7;784;7;598;1;-
2026/03/30;16:48:29;100;-; 56.56; 0.9;-; 77.7; 78.1; 50.8; 50.8; 0.0;1393; 0.5; 0.6; 0.6;29; 21.7;F;1;29;On;On;Off; 32.4; 31.9;0;7;784;7;784;7;598;1;-
2026/03/30;16:49:28;100;-; 56.58; 0.6;-; 78.2; 77.6; 36.4; 0.0; 36.4;1393; 0.5; 0.6; 0.6;29; 21.7;F;1;29;On;On;Off; 32.4; 31.9;0;7;784;7;784;7;598;1;-
2026/03/30;16:50:28;100;-; 56.58; 0.6;-; 77.7; 78.0; 31.8; 19.7; 12.1;1393; 0.5; 0.6; 0.6;28; 21.7;F;1;29;On;On;Off; 32.4; 31.9;0;7;784;7;784;7;598;1;-
2026/03/30;16:51:28;100;-; 56.58; 0.6;-; 78.2; 77.4; 36.4; 0.0; 36.4;1393; 0.5; 0.6; 0.6;28; 21.7;F;1;29;On;On;Off; 32.4; 31.9;0;7;784;7;784;7;598;1;-
2026/03/30;16:52:28;100;-; 56.58; 0.5;-; 78.2; 77.7; 27.3; 22.8; 4.5;1393; 0.5; 0.6; 0.6;28; 21.7;F;1;29;On;On;Off; 32.4; 31.9;0;7;784;7;784;7;598;1;-
2026/03/30;16:53:28;100;-; 56.56; 0.6;-; 78.2; 77.6; 32.6; 0.0; 32.6;1393; 0.5; 0.6; 0.6;28; 21.7;F;1;29;On;On;Off; 32.4; 31.9;0;7;784;7;784;7;598;1;-
2026/03/30;16:54:28;100;-; 56.58; 0.8;-; 77.5; 78.3; 42.5; 42.5; 0.0;1393; 0.5; 0.6; 0.6;29; 21.7;F;1;29;On;On;Off; 32.4; 31.9;0;7;784;7;784;7;598;1;-
2026/03/30;16:55:28;100;-; 56.56; 0.6;-; 77.9; 77.8; 31.8; 0.0; 31.8;1393; 0.5; 0.6; 0.6;29; 21.7;F;1;29;On;On;Off; 32.4; 31.9;0;7;784;7;784;7;598;1;-
2026/03/30;16:56:28;100;-; 56.58; 0.7;-; 77.5; 78.2; 37.2; 37.2; 0.0;1393; 0.5; 0.6; 0.6;29; 21.7;F;1;29;On;On;Off; 32.4; 31.9;0;7;784;7;784;7;598;1;-
2026/03/30;16:57:28;100;-; 56.56; 0.9;-; 78.4; 77.5; 48.6; 0.0; 48.6;1393; 0.5; 0.6; 0.6;29; 21.7;F;1;29;On;On;Off; 32.4; 31.9;0;7;784;7;784;7;598;1;-
2026/03/30;16:58:28;100;-; 56.56; 0.4;-; 78.4; 77.6; 23.5; 2.3; 21.2;1393; 0.5; 0.6; 0.6;29; 21.7;F;1;29;On;On;Off; 32.4; 31.9;0;7;784;7;784;7;598;1;-
2026/03/30;16:59:28;100;-; 56.58; 0.7;-; 78.4; 77.4; 39.4; 0.0; 39.4;1393; 0.5; 0.6; 0.6;29; 21.7;F;1;29;On;On;Off; 32.4; 31.9;0;7;784;7;784;7;598;1;-
2026/03/30;17:00:28;100;-; 56.56; 0.7;-; 77.7; 78.2; 37.2; 37.2; 0.0;1393; 0.5; 0.6; 0.6;29; 21.7;F;1;29;On;On;Off; 32.4; 31.9;0;7;784;7;784;7;598;1;-
2026/03/30;17:01:28;100;-; 56.56; 0.9;-; 78.4; 77.1; 52.4; 0.0; 52.4;1393; 0.5; 0.6; 0.6;30; 21.7;F;1;29;On;On;Off; 32.4; 31.9;0;7;784;7;784;7;598;1;-
2026/03/30;17:02:28;100;-; 56.58; 1.0;-; 76.9; 78.2; 56.1; 56.1; 0.0;1393; 0.5; 0.6; 0.6;28; 21.7;F;1;29;On;On;Off; 32.4; 31.9;0;7;784;7;784;7;598;1;-
2026/03/30;17:03:28;100;-; 56.58; 0.7;-; 78.1; 78.4; 38.7; 34.9; 3.8;1393; 0.5; 0.6; 0.6;28; 21.7;F;1;29;On;On;Off; 32.5; 32.0;0;7;784;7;784;7;598;1;-
2026/03/30;17:04:27;100;-; 56.58; 0.6;-; 77.8; 78.5; 34.1; 33.4; 0.7;1393; 0.5; 0.6; 0.6;29; 21.7;F;1;29;On;On;Off; 32.5; 32.0;0;7;784;7;784;7;598;1;-
2026/03/30;17:05:27;100;-; 56.56; 0.4;-; 77.7; 78.0; 25.0; 22.8; 2.3;1393; 0.5; 0.6; 0.6;29; 21.7;F;1;29;On;On;Off; 32.5; 32.0;0;7;784;7;784;7;598;1;-
2026/03/30;17:06:27;100;-; 56.58; 0.8;-; 78.2; 77.5; 47.8; 0.0; 47.8;1393; 0.5; 0.6; 0.6;29; 21.7;F;1;29;On;On;Off; 32.4; 32.0;0;7;784;7;784;7;598;1;-
2026/03/30;17:07:27;100;-; 56.58; 0.9;-; 76.8; 77.6; 50.1; 50.1; 0.0;1393; 0.5; 0.6; 0.6;29; 21.7;F;1;29;On;On;Off; 32.5; 31.9;0;7;784;7;784;7;598;1;-
2026/03/30;17:08:27;100;-; 56.56; 0.5;-; 77.0; 77.1; 28.0; 9.9; 18.2;1393; 0.5; 0.6; 0.6;29; 21.7;F;1;29;On;On;Off; 32.4; 32.0;0;7;784;7;784;7;598;1;-
2026/03/30;17:09:27;100;-; 56.56; 0.5;-; 77.0; 77.2; 31.1; 19.7; 11.4;1393; 0.5; 0.6; 0.6;29; 21.7;F;1;29;On;On;Off; 32.4; 31.9;0;7;784;7;784;7;598;1;-
2026/03/30;17:10:27;100;-; 56.56; 0.7;-; 77.2; 76.0; 39.4; 0.0; 39.4;1393; 0.5; 0.6; 0.6;29; 21.8;F;1;29;On;On;Off; 32.5; 31.9;0;7;784;7;784;7;598;1;-
2026/03/30;17:11:27;100;-; 56.56; 0.8;-; 76.3; 77.4; 44.0; 44.0; 0.0;1393; 0.5; 0.6; 0.6;29; 21.7;F;1;29;On;On;Off; 32.4; 31.9;0;7;784;7;784;7;598;1;-
2026/03/30;17:12:27;100;-; 56.56; 0.4;-; 77.0; 77.3; 24.2; 2.3; 22.0;1393; 0.5; 0.6; 0.6;29; 21.8;F;1;29;On;On;Off; 32.4; 31.9;0;7;784;7;784;7;598;1;-
2026/03/30;17:13:27;100;-; 56.56; 0.5;-; 78.1; 78.6; 26.6; 19.0; 7.6;1393; 0.5; 0.6; 0.6;29; 21.8;F;1;29;On;On;Off; 32.5; 31.9;0;7;784;7;784;7;598;1;-
2026/03/30;17:14:27;100;-; 56.58; 0.6;-; 78.6; 77.5; 36.4; 12.9; 23.5;1393; 0.5; 0.6; 0.6;29; 21.7;F;1;29;On;On;Off; 32.5; 32.0;0;7;784;7;784;7;598;1;-
2026/03/30;17:15:27;100;-; 56.56; 0.7;-; 76.7; 76.6; 39.4; 0.0; 39.4;1393; 0.5; 0.6; 0.6;29; 21.8;F;1;29;On;On;Off; 32.5; 32.0;0;7;784;7;784;7;598;1;-
2026/03/30;17:16:27;100;-; 56.58; 1.1;-; 74.4; 76.4; 60.7; 60.7; 0.0;1393; 0.5; 0.6; 0.6;29; 21.8;F;1;29;On;On;Off; 32.4; 31.9;0;7;784;7;784;7;598;1;-
2026/03/30;17:17:27;100;-; 56.56; 0.6;-; 75.8; 75.8; 36.4; 31.8; 4.5;1393; 0.5; 0.6; 0.6;29; 21.8;F;1;29;On;On;Off; 32.4; 31.9;0;7;784;7;784;7;598;1;-
2026/03/30;17:18:27;100;-; 56.56; 0.6;-; 75.6; 75.9; 32.6; 22.0; 10.6;1393; 0.5; 0.6; 0.6;29; 21.8;F;1;29;On;On;Off; 32.4; 31.9;0;7;784;7;784;7;598;1;-
2026/03/30;17:19:26;100;-; 56.56; 1.0;-; 74.2; 75.9; 56.1; 56.1; 0.0;1393; 0.5; 0.6; 0.6;29; 21.8;F;1;29;On;On;Off; 32.4; 31.9;0;7;784;7;784;7;598;1;-
2026/03/30;17:20:26;100;-; 56.56; 0.5;-; 77.5; 77.3; 31.1; 0.0; 31.1;1393; 0.5; 0.6; 0.6;29; 21.8;F;1;29;On;On;Off; 32.4; 31.9;0;7;784;7;784;7;598;1;-
2026/03/30;17:21:26;100;-; 56.58; 0.8;-; 74.6; 77.0; 44.0; 44.0; 0.0;1393; 0.5; 0.6; 0.6;29; 21.8;F;1;29;On;On;Off; 32.4; 31.9;0;7;784;7;784;7;598;1;-
2026/03/30;17:22:26;100;-; 56.56; 0.5;-; 78.9; 78.9; 28.8; 11.4; 17.4;1393; 0.5; 0.6; 0.6;29; 21.8;F;1;29;On;On;Off; 32.4; 31.9;0;7;784;7;784;7;598;1;-
2026/03/30;17:23:26;100;-; 56.56; 0.7;-; 79.4; 78.4; 39.4; 0.0; 39.4;1393; 0.5; 0.6; 0.6;28; 21.8;F;1;29;On;On;Off; 32.5; 32.0;0;7;784;7;784;7;598;1;-
2026/03/30;17:24:26;100;-; 56.58; 0.9;-; 77.9; 79.1; 49.3; 49.3; 0.0;1393; 0.5; 0.6; 0.6;28; 21.8;F;1;29;On;On;Off; 32.5; 32.0;0;7;784;7;784;7;598;1;-
2026/03/30;17:25:26;100;-; 56.56; 0.7;-; 78.8; 79.1; 38.7; 38.7; 0.0;1393; 0.5; 0.6; 0.6;29; 21.8;F;1;29;On;On;Off; 32.5; 32.0;0;7;784;7;784;7;598;1;-
2026/03/30;17:26:26;100;-; 56.58; 0.7;-; 79.3; 77.9; 39.4; 12.1; 27.3;1393; 0.5; 0.6; 0.6;28; 21.8;F;1;29;On;On;Off; 32.5; 32.0;0;7;784;7;784;7;598;1;-
2026/03/30;17:27:26;100;-; 56.56; 0.5;-; 79.0; 78.6; 31.1; 0.0; 31.1;1393; 0.5; 0.6; 0.6;28; 21.8;F;1;29;On;On;Off; 32.5; 32.0;0;7;784;7;784;7;598;1;-
2026/03/30;17:28:26;100;-; 56.56; 0.5;-; 78.9; 78.3; 26.6; 0.0; 26.6;1393; 0.5; 0.6; 0.6;28; 21.8;F;1;29;On;On;Off; 32.5; 32.0;0;7;784;7;784;7;598;1;-
2026/03/30;17:29:26;100;-; 56.58; 1.0;-; 79.0; 77.5; 58.4; 0.0; 58.4;1393; 0.5; 0.6; 0.6;28; 21.8;F;1;29;On;On;Off; 32.5; 32.0;0;7;784;7;784;7;598;1;-
2026/03/30;17:30:26;100;-; 56.56; 1.1;-; 79.1; 78.0; 61.5; 0.0; 61.5;1393; 0.5; 0.6; 0.6;29; 21.8;F;1;29;On;On;Off; 32.5; 32.0;0;7;784;7;784;7;598;1;-
2026/03/30;17:31:26;100;-; 56.56; 0.5;-; 78.6; 78.1; 27.3; 0.0; 27.3;1393; 0.5; 0.6; 0.6;29; 21.8;F;1;29;On;On;Off; 32.5; 32.0;0;7;784;7;784;7;598;1;-
2026/03/30;17:32:26;100;-; 56.56; 0.5;-; 78.0; 78.5; 25.8; 25.8; 0.0;1393; 0.5; 0.6; 0.6;29; 21.8;F;1;29;On;On;Off; 32.5; 32.0;0;7;784;7;784;7;598;1;-
2026/03/30;17:33:26;100;-; 56.56; 0.5;-; 77.9; 78.6; 28.0; 22.0; 6.1;1393; 0.5; 0.6; 0.6;28; 21.8;F;1;29;On;On;Off; 32.5; 32.0;0;7;784;7;784;7;598;1;-
2026/03/30;17:34:25;100;-; 56.56; 0.7;-; 78.7; 77.6; 38.0; 0.0; 38.0;1393; 0.5; 0.6; 0.6;29; 21.8;F;1;29;On;On;Off; 32.5; 32.0;0;7;784;7;784;7;598;1;-
2026/03/30;17:35:25;100;-; 56.58; 0.7;-; 77.4; 78.4; 37.9; 33.4; 4.5;1393; 0.5; 0.6; 0.6;28; 21.8;F;1;29;On;On;Off; 32.5; 32.0;0;7;784;7;784;7;598;1;-
2026/03/30;17:36:25;100;-; 56.56; 0.3;-; 77.7; 78.6; 19.7; 7.6; 12.1;1393; 0.5; 0.6; 0.6;28; 21.8;F;1;29;On;On;Off; 32.5; 32.0;0;7;784;7;784;7;598;1;-
2026/03/30;17:37:25;100;-; 56.56; 0.5;-; 78.5; 78.2; 28.8; 0.0; 28.8;1393; 0.5; 0.6; 0.6;28; 21.8;F;1;29;On;On;Off; 32.5; 32.0;0;7;784;7;784;7;598;1;-
2026/03/30;17:38:25;100;-; 56.56; 0.5;-; 77.7; 78.3; 26.5; 22.0; 4.5;1393; 0.5; 0.6; 0.6;28; 21.8;F;1;29;On;On;Off; 32.5; 32.0;0;7;784;7;784;7;598;1;-
2026/03/30;17:39:25;100;-; 56.56; 0.5;-; 78.4; 77.8; 26.6; 3.8; 22.8;1393; 0.5; 0.6; 0.6;28; 21.8;F;1;29;On;On;Off; 32.5; 32.0;0;7;784;7;784;7;598;1;-
2026/03/30;17:40:25;100;-; 56.58; 1.1;-; 78.4; 77.1; 60.7; 0.0; 60.7;1393; 0.5; 0.6; 0.6;28; 21.8;F;1;29;On;On;Off; 32.5; 32.0;0;7;784;7;784;7;598;1;-
2026/03/30;17:41:25;100;-; 56.56; 0.7;-; 78.1; 77.7; 38.6; 9.1; 29.6;1393; 0.5; 0.6; 0.6;29; 21.8;F;1;29;On;On;Off; 32.5; 32.0;0;7;784;7;784;7;598;1;-
2026/03/30;17:42:25;100;-; 56.56; 0.6;-; 78.4; 77.3; 34.1; 4.5; 29.6;1393; 0.5; 0.6; 0.6;28; 21.8;F;1;29;On;On;Off; 32.5; 32.0;0;7;784;7;784;7;598;1;-
2026/03/30;17:43:25;100;-; 56.58; 1.0;-; 77.0; 78.3; 55.4; 55.4; 0.0;1394; 0.5; 0.6; 0.6;28; 21.8;F;1;29;On;On;Off; 32.5; 32.0;0;7;784;7;784;7;598;1;-
2026/03/30;17:44:25;100;-; 56.56; 0.7;-; 76.3; 78.0; 39.4; 39.4; 0.0;1394; 0.5; 0.6; 0.6;29; 21.8;F;1;29;On;On;Off; 32.5; 32.0;0;7;784;7;784;7;598;1;-
2026/03/30;17:45:25;100;-; 56.56; 0.6;-; 76.7; 77.5; 34.8; 25.8; 9.1;1394; 0.5; 0.6; 0.6;28; 21.8;F;1;29;On;On;Off; 32.5; 32.0;0;7;784;7;784;7;598;1;-
2026/03/30;17:46:25;100;-; 56.56; 0.6;-; 78.2; 77.1; 32.6; 0.0; 32.6;1394; 0.5; 0.6; 0.6;28; 21.8;F;1;29;On;On;Off; 32.5; 32.0;0;7;784;7;784;7;598;1;-
2026/03/30;17:47:25;100;-; 56.58; 0.7;-; 76.6; 77.7; 38.7; 21.2; 17.5;1394; 0.5; 0.6; 0.6;29; 21.8;F;1;29;On;On;Off; 32.5; 32.0;0;7;784;7;784;7;598;1;-
2026/03/30;17:48:25;100;-; 56.58; 0.9;-; 78.1; 76.6; 50.8; 0.0; 50.8;1394; 0.5; 0.6; 0.6;29; 21.8;F;1;29;On;On;Off; 32.5; 32.0;0;7;784;7;784;7;598;1;-
2026/03/30;17:49:24;100;-; 56.56; 1.1;-; 76.2; 78.0; 64.5; 64.5; 0.0;1394; 0.5; 0.6; 0.6;29; 21.8;F;1;29;On;On;Off; 32.5; 32.0;0;7;784;7;784;7;598;1;-
2026/03/30;17:50:24;100;-; 56.56; 0.4;-; 77.2; 77.6; 22.8; 3.8; 19.0;1394; 0.5; 0.6; 0.6;29; 21.8;F;1;29;On;On;Off; 32.5; 32.0;0;7;784;7;784;7;598;1;-
2026/03/30;17:51:24;100;-; 56.58; 0.8;-; 76.6; 77.5; 44.0; 44.0; 0.0;1394; 0.5; 0.6; 0.6;29; 21.8;F;1;29;On;On;Off; 32.5; 32.0;0;7;784;7;784;7;598;1;-
2026/03/30;17:52:24;100;-; 56.58; 0.6;-; 77.6; 76.8; 36.4; 28.8; 7.6;1394; 0.5; 0.6; 0.6;30; 21.8;F;1;29;On;On;Off; 32.5; 32.0;0;7;784;7;784;8;599;1;-
2026/03/30;17:53:24;100;-; 56.58; 0.6;-; 77.5; 77.5; 33.4; 33.4; 0.0;1394; 0.5; 0.6; 0.6;30; 21.8;F;1;29;On;On;Off; 32.5; 32.0;0;7;784;7;784;8;599;1;-
2026/03/30;17:54:24;100;-; 56.58; 0.6;-; 78.2; 76.8; 33.3; 20.5; 12.9;1394; 0.5; 0.6; 0.6;29; 21.8;F;1;29;On;On;Off; 32.5; 32.0;0;7;784;7;784;8;599;1;-
2026/03/30;17:55:24;100;-; 56.56; 0.4;-; 78.1; 77.1; 21.2; 12.1; 9.1;1394; 0.5; 0.6; 0.6;29; 21.8;F;1;29;On;On;Off; 32.5; 32.0;0;7;784;7;784;8;599;1;-
2026/03/30;17:56:24;100;-; 56.58; 1.1;-; 76.2; 78.2; 61.5; 61.5; 0.0;1394; 0.5; 0.6; 0.6;28; 21.8;F;1;29;On;On;Off; 32.5; 32.0;0;7;784;7;784;8;599;1;-
2026/03/30;17:57:24;100;-; 56.58; 0.6;-; 76.9; 76.8; 36.4; 6.8; 29.6;1394; 0.5; 0.6; 0.6;29; 21.8;F;1;29;On;On;Off; 32.5; 32.0;0;7;784;7;784;8;599;1;-
2026/03/30;17:58:24;100;-; 56.58; 0.7;-; 76.1; 77.2; 38.7; 38.0; 0.7;1394; 0.5; 0.6; 0.6;28; 21.8;F;1;29;On;On;Off; 32.5; 31.9;0;7;784;7;784;8;599;1;-
2026/03/30;17:59:24;100;-; 56.58; 0.8;-; 74.9; 77.0; 47.0; 47.0; 0.0;1394; 0.5; 0.6; 0.6;29; 21.8;F;1;29;On;On;Off; 32.5; 31.9;0;7;784;7;784;8;599;1;-
2026/03/30;18:00:24;100;-; 56.56; 0.9;-; 77.1; 74.0; 52.3; 0.0; 52.3;1394; 0.5; 0.6; 0.6;30; 21.8;F;1;29;On;On;Off; 32.4; 31.9;0;7;784;7;784;8;599;1;-
2026/03/30;18:01:24;100;-; 56.56; 0.8;-; 74.3; 76.7; 45.6; 45.6; 0.0;1394; 0.6; 0.6; 0.6;30; 21.8;F;1;29;On;On;Off; 32.4; 31.9;0;7;784;7;784;8;599;1;-
2026/03/30;18:02:24;100;-; 56.56; 0.6;-; 75.4; 75.9; 32.6; 21.2; 11.4;1394; 0.5; 0.6; 0.6;30; 21.8;F;1;29;On;On;Off; 32.4; 31.9;0;7;784;7;784;8;599;1;-
2026/03/30;18:03:24;100;-; 56.58; 0.7;-; 75.2; 75.6; 41.7; 15.9; 25.8;1394; 0.5; 0.6; 0.6;30; 21.8;F;1;29;On;On;Off; 32.4; 31.9;0;7;784;7;784;8;599;1;-
2026/03/30;18:04:23;100;-; 56.56; 0.6;-; 76.0; 76.5; 31.8; 25.0; 6.8;1394; 0.5; 0.6; 0.6;29; 21.8;F;1;29;On;On;Off; 32.4; 31.9;0;7;784;7;784;8;599;1;-
2026/03/30;18:05:23;100;-; 56.58; 0.8;-; 77.5; 73.8; 43.2; 0.0; 43.2;1394; 0.5; 0.6; 0.6;30; 21.8;F;1;29;On;On;Off; 32.4; 31.9;0;7;784;7;784;8;599;1;-
2026/03/30;18:06:23;100;-; 56.58; 1.0;-; 77.0; 73.8; 59.2; 0.0; 59.2;1394; 0.5; 0.6; 0.6;29; 21.8;F;1;29;On;On;Off; 32.4; 31.9;0;8;785;8;785;8;599;1;-
2026/03/30;18:07:23;100;-; 56.56; 0.6;-; 77.0; 74.7; 34.9; 2.3; 32.6;1394; 0.5; 0.6; 0.6;29; 21.8;F;1;29;On;On;Off; 32.4; 31.9;0;8;785;8;785;8;599;1;-
2026/03/30;18:08:23;100;-; 56.56; 0.5;-; 77.2; 76.0; 27.3; 27.3; 0.0;1394; 0.5; 0.6; 0.6;29; 21.8;F;1;29;On;On;Off; 32.4; 31.9;0;8;785;8;785;8;599;1;-
2026/03/30;18:09:23;100;-; 56.56; 0.6;-; 76.8; 75.0; 31.8; 2.3; 29.6;1394; 0.5; 0.6; 0.6;29; 21.8;F;1;29;On;On;Off; 32.4; 31.9;0;8;785;8;785;8;599;1;-
2026/03/30;18:10:23;100;-; 56.56; 0.7;-; 75.3; 76.3; 37.9; 30.4; 7.6;1394; 0.5; 0.6; 0.6;29; 21.8;F;1;29;On;On;Off; 32.4; 31.9;0;8;785;8;785;8;599;1;-
2026/03/30;18:11:23;100;-; 56.56; 0.6;-; 77.0; 74.9; 34.2; 22.8; 11.4;1394; 0.5; 0.6; 0.6;29; 21.8;F;1;29;On;On;Off; 32.4; 31.9;0;8;785;8;785;8;599;1;-
2026/03/30;18:12:23;100;-; 56.58; 0.5;-; 77.2; 74.7; 30.4; 0.0; 30.4;1394; 0.5; 0.6; 0.6;29; 21.8;F;1;29;On;On;Off; 32.3; 31.9;0;8;785;8;785;8;599;1;-
2026/03/30;18:13:23;100;-; 56.56; 0.6;-; 76.6; 74.7; 36.4; 25.0; 11.4;1394; 0.5; 0.6; 0.6;29; 21.7;F;1;29;On;On;Off; 32.3; 31.8;0;8;785;8;785;8;599;1;-
2026/03/30;18:14:23;100;-; 56.56; 0.6;-; 74.8; 76.7; 35.6; 35.6; 0.0;1394; 0.5; 0.6; 0.6;29; 21.7;F;1;29;On;On;Off; 32.3; 31.8;0;8;785;8;785;8;599;1;-
2026/03/30;18:15:23;100;-; 56.58; 0.7;-; 75.2; 74.8; 40.2; 24.2; 15.9;1394; 0.5; 0.6; 0.6;29; 21.7;F;1;29;On;On;Off; 32.3; 31.8;0;8;785;8;785;8;599;1;-
2026/03/30;18:16:23;100;-; 56.56; 0.6;-; 75.8; 74.1; 36.4; 9.9; 26.6;1394; 0.5; 0.6; 0.6;30; 21.7;F;1;29;On;On;Off; 32.3; 31.8;0;8;785;8;785;8;599;1;-
2026/03/30;18:17:23;100;-; 56.56; 0.5;-; 74.9; 75.4; 30.3; 25.8; 4.5;1394; 0.5; 0.6; 0.6;30; 21.7;F;1;29;On;On;Off; 32.3; 31.8;0;8;785;8;785;8;599;1;-
2026/03/30;18:18:23;100;-; 56.56; 0.5;-; 76.4; 73.8; 29.6; 0.0; 29.6;1394; 0.5; 0.6; 0.6;30; 21.7;F;1;29;On;On;Off; 32.3; 31.8;0;8;785;8;785;8;599;1;-
2026/03/30;18:19:22;100;-; 56.56; 0.6;-; 75.5; 73.8; 34.2; 3.8; 30.4;1394; 0.5; 0.6; 0.6;30; 21.7;F;1;29;On;On;Off; 32.3; 31.8;0;8;785;8;785;8;599;1;-
2026/03/30;18:20:22;100;-; 56.54; 0.6;-; 74.6; 73.8; 35.6; 17.4; 18.2;1394; 0.5; 0.6; 0.6;30; 21.7;F;1;29;On;On;Off; 32.3; 31.8;0;8;785;8;785;8;599;1;-
2026/03/30;18:21:22;100;-; 56.54; 0.6;-; 74.7; 74.2; 33.4; 15.9; 17.4;1394; 0.5; 0.6; 0.6;29; 21.7;F;1;29;On;On;Off; 32.3; 31.7;0;8;785;8;785;8;599;1;-
2026/03/30;18:22:22;100;-; 56.56; 0.7;-; 74.3; 73.8; 38.0; 15.2; 22.8;1394; 0.5; 0.6; 0.6;30; 21.7;F;1;29;On;On;Off; 32.3; 31.7;0;8;785;8;785;8;599;1;-
2026/03/30;18:23:22;100;-; 56.54; 0.5;-; 75.3; 73.7; 28.0; 6.1; 22.0;1394; 0.6; 0.6; 0.6;30; 21.7;F;1;29;On;On;Off; 32.3; 31.7;0;8;785;8;785;8;599;1;-
2026/03/30;18:24:22;100;-; 56.56; 0.4;-; 75.0; 73.8; 21.2; 0.0; 21.2;1394; 0.4; 0.5; 0.5;23; 21.7;F;1;29;On;On;Off; 30.5; 31.6;0;8;785;8;785;8;599;1;-
2026/03/30;18:25:22;100;-; 56.56; 0.4;-; 75.1; 74.0; 21.2; 0.0; 21.2;1394; 0.3; 0.4; 0.4;17; 21.7;F;1;29;On;On;Off; 29.9; 31.4;0;8;785;8;785;8;599;1;-
2026/03/30;18:26:22;100;-; 56.56; 0.7;-; 74.1; 74.2; 38.7; 22.8; 15.9;1394; 0.5; 0.6; 0.6;28; 21.7;F;1;29;On;On;Off; 31.8; 31.4;0;8;785;8;785;8;599;1;-
2026/03/30;18:27:22;100;-; 56.54; 0.6;-; 74.3; 74.5; 35.6; 21.2; 14.4;1394; 0.6; 0.6; 0.6;30; 21.7;F;1;29;On;On;Off; 31.9; 31.5;0;8;785;8;785;8;599;1;-
2026/03/30;18:28:22;100;-; 56.48; 0.3;-; 75.0; 74.8; 15.1; 8.3; 6.8;1394; 0.5; 0.6; 0.6;30; 21.7;F;1;29;On;On;Off; 32.0; 31.5;0;8;785;8;785;8;599;1;-
2026/03/30;18:29:22;100;-; 56.54; 0.5;-; 75.3; 73.7; 27.3; 7.6; 19.7;1394; 0.5; 0.6; 0.6;29; 21.7;F;1;29;On;On;Off; 32.0; 31.5;0;8;785;8;785;8;599;1;-
2026/03/30;18:30:22;100;-; 56.52; 0.3;-; 74.9; 74.3; 18.2; 4.5; 13.6;1394; 0.5; 0.6; 0.6;29; 21.7;F;1;29;On;On;Off; 32.0; 31.5;0;8;785;8;785;8;599;1;-
2026/03/30;18:31:22;100;-; 56.42; 0.7;-; 73.6; 73.5; 37.1; 18.1; 18.9;1394; 0.5; 0.6; 0.6;29; 21.7;F;1;29;On;On;Off; 32.0; 31.5;0;8;785;8;785;8;599;1;-
2026/03/30;18:32:22;100;-; 56.12; 0.4;-; 73.2; 74.6; 21.0; 20.3; 0.7;1394; 0.5; 0.5; 0.5;25; 21.7;F;1;29;On;On;Off; 32.0; 30.3;0;8;785;8;785;8;599;1;-
2026/03/30;18:33:22;100;-; 55.87; 0.2;-; 74.3; 74.4; 9.0; 8.2; 0.7;1394; 0.3; 0.4; 0.4;15; 21.7;F;1;29;On;On;Off; 31.7; 29.3;0;8;785;8;785;8;599;1;-
2026/03/30;18:34:21;100;-; 55.85; 0.6;-; 73.0; 72.7; 34.5; 17.2; 17.2;1394; 0.4; 0.5; 0.5;24; 21.7;F;1;29;On;On;Off; 31.6; 30.8;0;8;785;8;785;8;599;1;-
2026/03/30;18:35:21;100;-; 55.53; 0.6;-; 72.4; 72.4; 32.7; 16.3; 16.3;1394; 0.5; 0.6; 0.6;27; 21.7;F;1;29;On;On;Off; 31.8; 31.2;0;8;785;8;785;8;599;1;-
2026/03/30;18:36:21;100;-; 54.29; 0.0;-; 73.5; 73.4; 0.7; 0.0; 0.7;1394;-0.0; 0.1; 0.1;0; 21.7;F;1;29;On;On;Off; 29.7; 29.2;0;8;785;8;785;8;599;1;-
2026/03/30;18:37:21;100;-; 54.11; 0.6;-; 70.5; 70.5; 34.8; 17.4; 17.4;1394;-0.1; 0.1; 0.1;-7; 21.7;F;1;29;On;On;Off; 29.6; 29.1;0;8;785;8;785;8;599;1;-
2026/03/30;18:38:21;100;-; 54.17; 0.6;-; 70.7; 70.5; 30.5; 15.2; 15.2;1394; 0.5; 0.6; 0.6;27; 21.7;F;1;29;On;On;Off; 31.1; 30.6;0;8;785;8;785;8;599;1;-
2026/03/30;18:39:21;100;-; 54.01; 0.0;-; 72.8; 72.6; 0.7; 0.0; 0.7;1394; 0.2; 0.3; 0.3;10; 21.7;F;1;29;On;On;Off; 29.7; 29.3;0;8;785;8;785;8;599;1;-
2026/03/30;18:40:21;100;-; 53.87; 0.0;-; 72.9; 72.5; 0.7; 0.0; 0.7;1394;-0.2; 0.0; 0.0;-9; 21.7;F;1;29;On;On;Off; 28.9; 28.4;0;8;785;8;785;8;599;1;-
2026/03/30;18:41:21;100;-; 53.97; 0.6;-; 70.4; 70.3; 32.5; 17.4; 15.2;1394; 0.3; 0.4; 0.4;14; 21.7;F;1;29;On;On;Off; 30.5; 30.1;0;8;785;8;785;8;599;1;-
2026/03/30;18:42:21;100;-; 54.01; 0.0;-; 73.3; 72.6; 0.7; 0.0; 0.7;1394; 0.5; 0.6; 0.6;27; 21.7;F;1;29;On;On;Off; 30.6; 30.2;0;8;785;8;785;8;599;1;-
2026/03/30;18:43:21;100;-; 53.85; 0.0;-; 72.9; 72.4; 0.7; 0.0; 0.7;1395;-0.2; 0.0; 0.0;-10; 21.7;F;1;29;On;On;Off; 28.7; 28.3;0;8;785;8;785;8;599;1;-
2026/03/30;18:44:21;100;-; 53.76; 0.4;-; 70.1; 71.3; 23.0; 13.7; 9.4;1395;-0.0; 0.2; 0.2;0; 21.7;F;1;29;On;On;Off; 29.7; 29.3;0;8;785;8;785;8;599;1;-
2026/03/30;18:45:21;100;-; 53.70; 0.4;-; 70.1; 70.0; 23.7; 11.5; 12.2;1395; 0.3; 0.5; 0.5;14; 21.8;F;1;29;On;On;Off; 30.5; 30.1;0;8;785;8;785;8;599;1;-
2026/03/30;18:46:21;100;-; 53.68; 0.0;-; 71.7; 71.4; 1.4; 0.0; 1.4;1395;-0.1; 0.2; 0.2;-2; 21.7;F;1;29;On;On;Off; 28.8; 28.3;0;8;785;8;785;8;599;1;-
2026/03/30;18:47:21;100;-; 53.62; 0.4;-; 70.0; 69.9; 20.1; 10.0; 10.0;1395;-0.2; 0.0; 0.0;-9; 21.8;F;1;29;On;On;Off; 28.3; 27.9;0;8;785;8;785;8;599;1;-
2026/03/30;18:48:21;100;-; 53.56; 0.4;-; 69.9; 69.9; 19.4; 9.3; 10.0;1395; 0.1; 0.4; 0.4;3; 21.7;F;1;29;On;On;Off; 30.2; 29.7;0;8;785;8;785;8;599;1;-
2026/03/30;18:49:20;100;-; 53.52; 0.0;-; 71.0; 70.8; 0.7; 0.0; 0.7;1395;-0.0; 0.2; 0.2;-2; 21.8;F;1;29;On;On;Off; 29.1; 28.7;0;8;785;8;785;8;599;1;-
2026/03/30;18:50:20;100;-; 53.52; 0.0;-; 70.8; 70.6; 0.7; 0.0; 0.7;1395;-0.2; 0.0; 0.0;-10; 21.7;F;1;29;On;On;Off; 28.1; 27.7;0;8;785;8;785;8;599;1;-
2026/03/30;18:51:20;100;-; 53.42; 0.3;-; 69.7; 69.6; 14.3; 7.2; 7.2;1395;-0.1; 0.2; 0.2;-5; 21.8;F;1;29;On;On;Off; 29.7; 29.3;0;8;785;8;785;8;599;1;-
2026/03/30;18:52:20;100;-; 53.40; 0.0;-; 70.3; 70.1; 0.7; 0.0; 0.7;1395;-0.1; 0.3; 0.3;-4; 21.8;F;1;29;On;On;Off; 30.2; 29.7;0;8;785;8;785;8;599;1;-
2026/03/30;18:53:20;100;-; 53.40; 0.0;-; 70.0; 70.0; 0.7; 0.0; 0.7;1395;-0.2; 0.0; 0.0;-10; 21.8;F;1;29;On;On;Off; 28.2; 27.7;0;8;785;8;785;8;599;1;-
2026/03/30;18:54:20;100;-; 53.32; 0.2;-; 69.6; 69.4; 12.8; 6.4; 6.4;1395;-0.2; 0.1; 0.1;-8; 21.8;F;1;29;On;On;Off; 29.0; 28.5;0;8;785;8;785;8;599;1;-
2026/03/30;18:55:20;100;-; 53.26; 0.2;-; 69.5; 69.4; 12.1; 6.4; 5.7;1395;-0.2; 0.2; 0.2;-10; 21.8;F;1;29;On;On;Off; 30.0; 29.5;0;8;785;8;785;8;599;1;-
2026/03/30;18:56:20;100;-; 53.26; 0.0;-; 69.5; 69.5; 0.7; 0.0; 0.7;1395;-0.2; 0.1; 0.1;-11; 21.8;F;1;29;On;On;Off; 28.3; 27.9;0;8;785;8;785;8;599;1;-
2026/03/30;18:57:20;100;-; 53.26; 0.2;-; 70.2; 70.1; 8.5; 4.3; 4.3;1395;-0.2; 0.0; 0.0;-9; 21.8;F;1;29;On;On;Off; 27.7; 27.3;0;8;785;8;785;8;599;1;-
2026/03/30;18:58:20;100;-; 53.14; 0.1;-; 69.4; 70.8; 7.8; 5.7; 2.1;1395;-0.2; 0.2; 0.2;-12; 21.8;F;1;29;On;On;Off; 29.6; 29.2;0;8;785;8;785;8;599;1;-
2026/03/30;18:59:20;99;-; 53.12; 0.0;-; 69.0; 68.7; 0.7; 0.0; 0.7;1395;-0.3; 0.2; 0.2;-14; 21.8;F;1;29;On;On;Off; 29.0; 28.5;0;8;785;8;785;8;599;1;-
2026/03/30;19:00:20;100;-; 53.14; 0.0;-; 68.8; 68.6; 0.7; 0.0; 0.7;1395;-0.2; 0.0; 0.0;-9; 21.8;F;1;29;On;On;Off; 27.8; 27.4;0;8;785;8;785;8;599;1;-
2026/03/30;19:01:20;100;-; 53.04; 0.2;-; 69.3; 69.2; 9.9; 4.9; 4.9;1395;-0.2; 0.1; 0.1;-12; 21.8;F;1;29;On;On;Off; 29.2; 28.7;0;8;785;8;785;8;599;1;-
2026/03/30;19:02:20;99;-; 52.99; 0.2;-; 69.1; 69.0; 9.9; 4.9; 4.9;1395;-0.3; 0.2; 0.2;-16; 21.8;F;1;29;On;On;Off; 29.8; 29.3;0;8;785;8;785;8;599;1;-
2026/03/30;19:03:20;99;-; 53.03; 0.0;-; 68.2; 68.1; 0.7; 0.0; 0.7;1395;-0.2; 0.0; 0.0;-11; 21.8;F;1;29;On;On;Off; 27.9; 27.4;0;8;785;8;785;8;599;1;-
2026/03/30;19:04:19;99;-; 52.99; 0.1;-; 70.7; 68.9; 4.9; 0.7; 4.2;1395;-0.2; 0.0; 0.0;-9; 21.8;F;1;29;On;On;Off; 28.1; 27.7;0;8;785;8;785;8;599;1;-
2026/03/30;19:05:19;99;-; 52.89; 0.2;-; 69.0; 68.9; 8.5; 4.2; 4.2;1395;-0.3; 0.2; 0.2;-17; 21.8;F;1;29;On;On;Off; 29.5; 29.1;0;8;785;8;785;8;599;1;-
2026/03/30;19:06:19;99;-; 52.91; 0.0;-; 67.3; 67.2; 0.7; 0.0; 0.7;1395;-0.3; 0.1; 0.1;-14; 21.8;F;1;29;On;On;Off; 28.1; 27.7;0;8;785;8;785;8;599;1;-
2026/03/30;19:07:19;99;-; 52.93; 0.0;-; 67.1; 67.1; 0.7; 0.0; 0.7;1395;-0.2; 0.0; 0.0;-9; 21.8;F;1;29;On;On;Off; 27.4; 27.0;0;8;785;8;785;8;599;1;-
2026/03/30;19:08:19;99;-; 52.95; 0.0;-; 67.0; 66.7; 0.7; 0.0; 0.7;1395;-0.2; 0.0; 0.0;-9; 21.8;F;1;29;On;On;Off; 27.2; 26.8;0;8;785;8;785;8;599;1;-
2026/03/30;19:09:19;99;-; 52.95; 0.0;-; 66.7; 66.4; 0.7; 0.0; 0.7;1395;-0.2; 0.0; 0.0;-9; 21.8;F;1;29;On;On;Off; 27.1; 26.6;0;8;785;8;785;8;599;1;-
2026/03/30;19:10:19;99;-; 52.93; 0.0;-; 66.3; 66.2; 0.7; 0.0; 0.7;1395;-0.2; 0.0; 0.0;-9; 21.8;F;1;29;On;On;Off; 26.9; 26.5;0;8;785;8;785;8;599;1;-
2026/03/30;19:11:19;99;-; 52.91; 0.0;-; 66.1; 65.9; 0.7; 0.0; 0.7;1395;-0.2; 0.0; 0.0;-9; 21.8;F;1;29;On;On;Off; 26.8; 26.4;0;8;785;8;785;8;599;1;-
2026/03/30;19:12:19;99;-; 52.91; 0.0;-; 65.7; 65.5; 1.4; 0.7; 0.7;1395;-0.2; 0.0; 0.0;-9; 21.8;F;1;29;On;On;Off; 26.7; 26.3;0;8;785;8;785;8;599;1;-
2026/03/30;19:13:19;99;-; 52.93; 0.0;-; 65.3; 65.2; 0.7; 0.7; 0.0;1395;-0.2; 0.0; 0.0;-9; 21.8;F;1;29;On;On;Off; 26.5; 26.1;0;8;785;8;785;8;599;1;-
2026/03/30;19:14:19;99;-; 52.89; 0.0;-; 65.1; 64.8; 0.0; 0.0; 0.0;1395;-0.2; 0.0; 0.0;-9; 21.8;F;1;29;On;On;Off; 26.5; 26.1;0;8;785;8;785;8;599;1;-
2026/03/30;19:15:19;99;-; 52.89; 0.0;-; 64.6; 64.4; 0.0; 0.0; 0.0;1395;-0.2; 0.0; 0.0;-10; 21.8;F;1;29;On;On;Off; 26.3; 25.9;0;8;785;8;785;8;599;1;-
2026/03/30;19:16:19;99;-; 52.91; 0.0;-; 64.3; 64.1; 1.4; 0.7; 0.7;1395;-0.2; 0.0; 0.0;-9; 21.8;F;1;29;On;On;Off; 26.2; 25.8;0;8;785;8;785;8;599;1;-
2026/03/30;19:17:19;99;-; 52.89; 0.0;-; 63.9; 63.6; 0.7; 0.0; 0.7;1395;-0.2; 0.0; 0.0;-9; 21.8;F;1;29;On;On;Off; 26.1; 25.7;0;8;785;8;785;8;599;1;-
2026/03/30;19:18:19;99;-; 52.87; 0.0;-; 63.5; 63.2; 1.4; 0.7; 0.7;1395;-0.2; 0.0; 0.0;-10; 21.8;F;1;29;On;On;Off; 26.1; 25.7;0;8;785;8;785;8;599;1;-
2026/03/30;19:19:18;99;-; 52.87; 0.0;-; 63.1; 62.8; 0.7; 0.0; 0.7;1395;-0.2; 0.0; 0.0;-10; 21.8;F;1;29;On;On;Off; 26.0; 25.6;0;8;785;8;785;8;599;1;-
2026/03/30;19:20:18;99;-; 52.87; 0.0;-; 62.5; 62.1; 0.0; 0.0; 0.0;1395;-0.2; 0.0; 0.0;-9; 21.8;F;1;29;On;On;Off; 25.9; 25.5;0;8;785;8;785;8;599;1;-
2026/03/30;19:21:18;99;-; 52.85; 0.0;-; 62.0; 61.7; 0.7; 0.0; 0.7;1395;-0.2; 0.0; 0.0;-10; 21.8;F;1;29;On;On;Off; 25.9; 25.5;0;8;785;8;785;8;599;1;-
2026/03/30;19:22:18;99;-; 52.85; 0.0;-; 61.4; 61.3; 0.7; 0.0; 0.7;1395;-0.2; 0.0; 0.0;-9; 21.8;F;1;29;On;On;Off; 25.8; 25.4;0;8;785;8;785;8;599;1;-
2026/03/30;19:23:18;99;-; 52.85; 0.0;-; 60.9; 60.5; 0.0; 0.0; 0.0;1395;-0.2; 0.0; 0.0;-9; 21.8;F;1;29;On;On;Off; 25.7; 25.3;0;8;785;8;785;8;599;1;-
2026/03/30;19:24:18;99;-; 52.85; 0.0;-; 60.3; 59.8; 1.4; 0.7; 0.7;1395;-0.2; 0.0; 0.0;-10; 21.8;F;1;29;On;On;Off; 25.6; 25.2;0;8;785;8;785;8;599;1;-
2026/03/30;19:25:18;99;-; 52.85; 0.0;-; 59.5; 59.1; 0.7; 0.0; 0.7;1395;-0.2; 0.0; 0.0;-9; 21.8;F;1;29;On;On;Off; 25.6; 25.2;0;8;785;8;785;8;599;1;-
2026/03/30;19:26:18;99;-; 52.83; 0.0;-; 58.9; 58.2; 0.0; 0.0; 0.0;1395;-0.2; 0.0; 0.0;-9; 21.8;F;1;29;On;On;Off; 25.5; 25.1;0;8;785;8;785;8;599;1;-
2026/03/30;19:27:18;99;-; 52.83; 0.0;-; 57.9; 57.5; 1.4; 0.7; 0.7;1395;-0.2; 0.0; 0.0;-9; 21.8;F;1;29;On;On;Off; 25.4; 25.0;0;8;785;8;785;8;599;1;-
2026/03/30;19:28:18;99;-; 52.83; 0.0;-; 57.4; 56.9; 0.0;-;-;1395;-0.2; 0.0; 0.0;-9; 21.8;F;1;29;On;On;Off; 25.3; 25.0;0;8;785;8;785;8;599;0;-
2026/03/30;19:29:18;99;-; 52.83; 0.0;-; 56.6; 56.0; 0.0;-;-;1395;-0.2; 0.0; 0.0;-9; 21.8;F;1;29;On;On;Off; 25.2; 24.9;0;8;785;8;785;8;599;0;-
2026/03/30;19:30:18;99;-; 52.83; 0.0;-; 55.7; 54.9; 0.0;-;-;1395;-0.2; 0.0; 0.0;-9; 21.8;F;1;29;On;On;Off; 25.1; 24.8;0;8;785;8;785;8;599;0;-
2026/03/30;19:31:18;99;-; 52.83; 0.0;-; 54.7; 53.9; 0.0;-;-;1395;-0.2; 0.0; 0.0;-9; 21.8;F;1;29;On;On;Off; 25.1; 24.7;0;8;785;8;785;8;599;0;-
2026/03/30;19:32:18;99;-; 52.83; 0.0;-; 53.8; 52.8; 0.0;-;-;1395;-0.2; 0.0; 0.0;-8; 21.8;F;1;29;On;On;Off; 25.0; 24.7;0;8;785;8;785;8;599;0;-
2026/03/30;19:33:18;99;-; 52.83; 0.0;-; 52.6; 51.7; 0.0;-;-;1395;-0.2; 0.0; 0.0;-9; 21.8;F;1;29;On;On;Off; 24.9; 24.6;0;8;785;8;785;8;599;0;-
2026/03/30;19:34:18;99;-; 52.83; 0.0;-; 51.6; 50.7; 0.0;-;-;1395;-0.2; 0.0; 0.0;-9; 21.8;F;1;29;On;On;Off; 24.9; 24.6;0;8;785;8;785;8;599;0;-
2026/03/30;19:35:17;99;-; 52.81; 0.0;-; 50.4; 49.5; 0.0;-;-;1395;-0.2; 0.0; 0.0;-8; 21.8;F;1;29;On;On;Off; 24.8; 24.5;0;8;785;8;785;8;599;0;-
2026/03/30;19:36:17;99;-; 52.79; 0.0;-; 49.5; 48.4; 0.0;-;-;1395;-0.2; 0.0; 0.0;-8; 21.8;F;1;29;On;On;Off; 24.7; 24.4;0;8;785;8;785;8;599;0;-
2026/03/30;19:37:17;99;-; 52.81; 0.0;-; 48.3; 47.2; 0.0;-;-;1395;-0.2; 0.0; 0.0;-8; 21.8;F;1;29;On;On;Off; 24.7; 24.4;0;8;785;8;785;8;599;0;-
2026/03/30;19:38:17;99;-; 52.79; 0.0;-; 47.4; 46.2; 0.0;-;-;1395;-0.2; 0.0; 0.0;-8; 21.8;F;1;29;On;On;Off; 24.6; 24.3;0;8;785;8;785;8;599;0;-
2026/03/30;19:39:17;99;-; 52.81; 0.0;-; 46.2; 45.0; 0.0;-;-;1395;-0.2; 0.0; 0.0;-9; 21.8;F;1;29;On;On;Off; 24.6; 24.3;0;8;785;8;785;8;599;0;-
2026/03/30;19:40:17;99;-; 52.81; 0.0;-; 45.1; 43.7; 0.0;-;-;1395;-0.2; 0.0; 0.0;-9; 21.8;F;1;29;On;On;Off; 24.5; 24.2;0;8;785;8;785;8;599;0;-
2026/03/30;19:41:17;99;-; 52.81; 0.0;-; 43.8; 42.4; 0.0;-;-;1395;-0.2; 0.0; 0.0;-8; 21.8;F;1;29;On;On;Off; 24.5; 24.2;0;8;785;8;785;8;599;0;-
2026/03/30;19:42:17;99;-; 52.79; 0.0;-; 42.5; 41.1; 0.0;-;-;1395;-0.2; 0.0; 0.0;-9; 21.8;F;1;29;On;On;Off; 24.4; 24.1;0;8;785;8;785;8;599;0;-
2026/03/30;19:43:17;99;-; 52.79; 0.0;-; 41.2; 39.8; 0.0;-;-;1396;-0.2; 0.0; 0.0;-9; 21.8;F;1;29;On;On;Off; 24.3; 24.1;0;8;785;8;785;8;599;0;-
2026/03/30;19:44:17;99;-; 52.79; 0.0;-; 39.9; 38.5; 0.0;-;-;1396;-0.2; 0.0; 0.0;-9; 21.8;F;1;29;On;On;Off; 24.3; 24.0;0;8;785;8;785;8;599;0;-
2026/03/30;19:45:17;99;-; 52.79; 0.0;-; 38.6; 37.2; 0.0;-;-;1396;-0.2; 0.0; 0.0;-9; 21.8;F;1;29;On;On;Off; 24.3; 24.0;0;8;785;8;785;8;599;0;-
2026/03/30;19:46:17;99;-; 52.79; 0.0;-; 37.2; 35.7; 0.0;-;-;1396;-0.2; 0.0; 0.0;-9; 21.8;F;1;29;On;On;Off; 24.2; 24.0;0;8;785;8;785;8;599;0;-
2026/03/30;19:47:17;99;-; 52.79; 0.0;-; 35.6; 34.3; 0.0;-;-;1396;-0.2; 0.0; 0.0;-8; 21.8;F;1;29;On;On;Off; 24.2; 23.9;0;8;785;8;785;8;599;0;-
2026/03/30;19:48:17;99;-; 52.77; 0.0;-; 34.4; 33.1; 0.0;-;-;1396;-0.2; 0.0; 0.0;-8; 21.8;F;1;29;On;On;Off; 24.1; 23.9;0;8;785;8;785;8;599;0;-
2026/03/30;19:49:17;99;-; 52.79; 0.0;-; 33.1; 31.8; 0.0;-;-;1396;-0.2; 0.0; 0.0;-8; 21.8;F;1;29;On;On;Off; 24.1; 23.8;0;8;785;8;785;8;599;0;-
2026/03/30;19:50:16;99;-; 52.79; 0.0;-; 31.8; 30.5; 0.0;-;-;1396;-0.2; 0.0; 0.0;-8; 21.8;F;1;29;On;On;Off; 24.1; 23.8;0;8;785;8;785;8;599;0;-
2026/03/30;19:51:16;99;-; 52.79; 0.0;-; 30.6; 29.2; 0.0;-;-;1396;-0.2; 0.0; 0.0;-9; 21.8;F;1;29;On;On;Off; 24.0; 23.8;0;8;785;8;785;8;599;0;-
2026/03/30;19:52:16;99;-; 52.77; 0.0;-; 29.4; 28.1; 0.0;-;-;1396;-0.2; 0.0; 0.0;-9; 21.8;F;1;29;On;On;Off; 24.0; 23.7;0;8;785;8;785;8;599;0;-
2026/03/30;19:53:16;99;-; 52.77; 0.0;-; 28.2; 26.7; 0.0;-;-;1396;-0.2; 0.0; 0.0;-9; 21.8;F;1;29;On;On;Off; 24.0; 23.7;0;8;785;8;785;8;599;0;-
2026/03/30;19:54:16;99;-; 52.77; 0.0;-; 27.0; 25.6; 0.0;-;-;1396;-0.2; 0.0; 0.0;-8; 21.8;F;1;29;On;On;Off; 23.9; 23.7;0;8;785;8;785;8;599;0;-
2026/03/30;19:55:16;99;-; 52.77; 0.0;-; 25.9; 24.6; 0.0;-;-;1396;-0.2; 0.0; 0.0;-9; 21.8;F;1;29;On;On;Off; 23.9; 23.6;0;8;785;8;785;8;599;0;-
2026/03/30;19:56:16;99;-; 52.77; 0.0;-; 24.9; 23.4; 0.0;-;-;1396;-0.2; 0.0; 0.0;-9; 21.8;F;1;29;On;On;Off; 23.9; 23.6;0;8;785;8;785;8;599;0;-
2026/03/30;19:57:16;99;-; 52.75; 0.0;-; 24.7; 22.8; 0.0;-;-;1396;-0.2; 0.0; 0.0;-9; 21.8;F;1;29;On;On;Off; 23.9; 23.6;0;8;785;8;785;8;599;0;-
2026/03/30;19:58:16;99;-; 52.77; 0.0;-; 23.3; 21.5; 0.0;-;-;1396;-0.2; 0.0; 0.0;-9; 21.7;F;1;29;On;On;Off; 23.8; 23.5;0;8;785;8;785;8;599;0;-
2026/03/30;19:59:16;99;-; 52.77; 0.0;-; 22.2; 20.6; 0.0;-;-;1396;-0.2; 0.0; 0.0;-8; 21.7;F;1;29;On;On;Off; 23.8; 23.5;0;8;785;8;785;8;599;0;-
2026/03/30;20:00:16;99;-; 52.77; 0.0;-; 21.6; 20.1; 0.0;-;-;1396;-0.2; 0.0; 0.0;-9; 21.7;F;1;29;On;On;Off; 23.8; 23.5;0;8;785;8;785;8;599;0;-
2026/03/30;20:01:16;99;-; 52.75; 0.0;-; 20.9; 19.4; 0.0;-;-;1396;-0.2; 0.0; 0.0;-9; 21.7;F;1;29;On;On;Off; 23.7; 23.4;0;8;785;8;785;8;599;0;-
2026/03/30;20:02:16;99;-; 52.75; 0.0;-; 20.4; 18.6; 0.0;-;-;1396;-0.2; 0.0; 0.0;-9; 21.7;F;1;29;On;On;Off; 23.7; 23.4;0;8;785;8;785;8;599;0;-
2026/03/30;20:03:16;99;-; 52.75; 0.0;-; 19.7; 18.1; 0.0;-;-;1396;-0.2; 0.0; 0.0;-9; 21.7;F;1;29;On;On;Off; 23.7; 23.4;0;8;785;8;785;8;599;0;-
2026/03/30;20:04:16;99;-; 52.75; 0.0;-; 19.0; 17.6; 0.0;-;-;1396;-0.2; 0.0; 0.0;-10; 21.7;F;1;29;On;On;Off; 23.7; 23.4;0;8;785;8;785;8;599;0;-
2026/03/30;20:05:16;99;-; 52.75; 0.0;-; 18.7; 17.2; 0.0;-;-;1396;-0.2; 0.0; 0.0;-9; 21.7;F;1;29;On;On;Off; 23.6; 23.3;0;8;785;8;785;8;599;0;-
2026/03/30;20:06:15;99;-; 52.75; 0.0;-; 18.2; 16.7; 0.0;-;-;1396;-0.2; 0.0; 0.0;-9; 21.7;F;1;29;On;On;Off; 23.6; 23.3;0;8;785;8;785;8;599;0;-
2026/03/30;20:07:15;99;-; 52.75; 0.0;-; 18.0; 16.5; 0.0;-;-;1396;-0.2; 0.0; 0.0;-9; 21.7;F;1;29;On;On;Off; 23.6; 23.3;0;8;785;8;785;8;599;0;-
2026/03/30;20:08:15;99;-; 52.73; 0.0;-; 17.4; 15.9; 0.0;-;-;1396;-0.2; 0.0; 0.0;-9; 21.7;F;1;29;On;On;Off; 23.6; 23.3;0;8;785;8;785;8;599;0;-
2026/03/30;20:09:15;99;-; 52.73; 0.0;-; 16.1; 14.6; 0.0;-;-;1396;-0.2; 0.0; 0.0;-9; 21.7;F;1;29;On;On;Off; 23.5; 23.3;0;8;785;8;785;8;599;0;-
2026/03/30;20:10:15;99;-; 52.73; 0.0;-; 16.5; 15.1; 0.0;-;-;1396;-0.2; 0.0; 0.0;-9; 21.7;F;1;29;On;On;Off; 23.5; 23.2;0;8;785;8;785;8;599;0;-
2026/03/30;20:11:15;99;-; 52.73; 0.0;-; 17.0; 15.2; 0.0;-;-;1396;-0.2; 0.0; 0.0;-8; 21.7;F;1;29;On;On;Off; 23.5; 23.2;0;8;785;8;785;8;599;0;-
2026/03/30;20:12:15;99;-; 52.71; 0.0;-; 16.6; 14.9; 0.0;-;-;1396;-0.2; 0.0; 0.0;-8; 21.7;F;1;29;On;On;Off; 23.5; 23.2;0;8;785;8;785;8;599;0;-
2026/03/30;20:13:15;99;-; 52.73; 0.0;-; 15.3; 13.6; 0.0;-;-;1396;-0.2; 0.0; 0.0;-8; 21.7;F;1;29;On;On;Off; 23.5; 23.2;0;8;785;8;785;8;599;0;-
2026/03/30;20:14:15;99;-; 52.73; 0.0;-; 15.0; 13.3; 0.0;-;-;1396;-0.2; 0.0; 0.0;-9; 21.7;F;1;29;On;On;Off; 23.4; 23.1;0;8;785;8;785;8;599;0;-
2026/03/30;20:15:15;99;-; 52.73; 0.0;-; 14.5; 12.5; 0.0;-;-;1396;-0.2; 0.0; 0.0;-9; 21.7;F;1;29;On;On;Off; 23.4; 23.1;0;8;785;8;785;8;599;0;-
2026/03/30;20:16:15;99;-; 52.73; 0.0;-; 14.4; 12.6; 0.0;-;-;1396;-0.2; 0.0; 0.0;-8; 21.7;F;1;29;On;On;Off; 23.4; 23.1;0;8;785;8;785;8;599;0;-
2026/03/30;20:17:15;99;-; 52.73; 0.0;-; 14.3; 12.8; 0.0;-;-;1396;-0.2; 0.0; 0.0;-8; 21.7;F;1;29;On;On;Off; 23.4; 23.1;0;8;785;8;785;8;599;0;-
2026/03/30;20:18:15;99;-; 52.71; 0.0;-; 14.1; 12.3; 0.0;-;-;1396;-0.2; 0.0; 0.0;-8; 21.7;F;1;29;On;On;Off; 23.3; 23.1;0;8;785;8;785;8;599;0;-
2026/03/30;20:19:15;99;-; 52.71; 0.0;-; 13.9; 12.2; 0.0;-;-;1396;-0.2; 0.0; 0.0;-8; 21.7;F;1;29;On;On;Off; 23.3; 23.1;0;8;785;8;785;8;599;0;-
2026/03/30;20:20:15;99;-; 52.71; 0.0;-; 14.0; 12.2; 0.0;-;-;1396;-0.2; 0.0; 0.0;-8; 21.7;F;1;29;On;On;Off; 23.3; 23.0;0;8;785;8;785;8;599;0;-
2026/03/30;20:21:15;99;-; 52.71; 0.0;-; 14.0; 12.2; 0.0;-;-;1396;-0.2; 0.0; 0.0;-9; 21.7;F;1;29;On;On;Off; 23.3; 23.0;0;8;785;8;785;8;599;0;-
2026/03/30;20:22:14;99;-; 52.71; 0.0;-; 13.8; 12.1; 0.0;-;-;1396;-0.2; 0.0; 0.0;-9; 21.7;F;1;29;On;On;Off; 23.3; 23.0;0;8;785;8;785;8;599;0;-
2026/03/30;20:23:14;99;-; 52.71; 0.0;-; 13.8; 12.0; 0.0;-;-;1396;-0.2; 0.0; 0.0;-9; 21.7;F;1;29;On;On;Off; 23.3; 23.0;0;8;785;8;785;8;599;0;-
2026/03/30;20:24:14;99;-; 52.71; 0.0;-; 13.7; 11.9; 0.0;-;-;1396;-0.2; 0.0; 0.0;-9; 21.6;F;1;29;On;On;Off; 23.3; 23.0;0;8;785;8;785;8;599;0;-
2026/03/30;20:25:14;99;-; 52.71; 0.0;-; 13.6; 11.8; 0.0;-;-;1396;-0.2; 0.0; 0.0;-8; 21.6;F;1;29;On;On;Off; 23.2; 23.0;0;8;785;8;785;8;599;0;-
2026/03/30;20:26:14;99;-; 52.69; 0.0;-; 13.7; 11.9; 0.0;-;-;1396;-0.2; 0.0; 0.0;-8; 21.6;F;1;29;On;On;Off; 23.2; 22.9;0;8;785;8;785;8;599;0;-
2026/03/30;20:27:14;99;-; 52.71; 0.0;-; 13.8; 12.0; 0.0;-;-;1396;-0.2; 0.0; 0.0;-8; 21.6;F;1;29;On;On;Off; 23.2; 22.9;0;8;785;8;785;8;599;0;-
2026/03/30;20:28:14;99;-; 52.67; 0.0;-; 13.8; 11.8; 0.0;-;-;1396;-0.2; 0.0; 0.0;-9; 21.6;F;1;29;On;On;Off; 23.2; 22.9;0;8;785;8;785;8;599;0;-
2026/03/30;20:29:14;99;-; 52.69; 0.0;-; 13.7; 11.9; 0.0;-;-;1396;-0.2; 0.0; 0.0;-9; 21.6;F;1;29;On;On;Off; 23.2; 22.9;0;8;785;8;785;8;599;0;-
2026/03/30;20:30:14;99;-; 52.69; 0.0;-; 13.8; 11.9; 0.0;-;-;1396;-0.2; 0.0; 0.0;-8; 21.6;F;1;29;On;On;Off; 23.2; 22.9;0;8;785;8;785;8;599;0;-
2026/03/30;20:31:14;99;-; 52.69; 0.0;-; 13.6; 11.7; 0.0;-;-;1396;-0.2; 0.0; 0.0;-8; 21.6;F;1;29;On;On;Off; 23.1; 22.9;0;8;785;8;785;8;599;0;-
2026/03/30;20:32:14;99;-; 52.67; 0.0;-; 13.7; 11.7; 0.0;-;-;1396;-0.2; 0.0; 0.0;-8; 21.6;F;1;29;On;On;Off; 23.1; 22.9;0;8;785;8;785;8;599;0;-
2026/03/30;20:33:14;99;-; 52.69; 0.0;-; 13.7; 11.9; 0.0;-;-;1396;-0.2; 0.0; 0.0;-8; 21.6;F;1;29;On;On;Off; 23.1; 22.8;0;8;785;8;785;8;599;0;-
2026/03/30;20:34:14;99;-; 52.67; 0.0;-; 13.6; 11.8; 0.0;-;-;1396;-0.2; 0.0; 0.0;-9; 21.6;F;1;29;On;On;Off; 23.1; 22.8;0;8;785;8;785;8;599;0;-
2026/03/30;20:35:14;99;-; 52.67; 0.0;-; 14.6; 11.8; 0.0;-;-;1396;-0.2; 0.0; 0.0;-9; 21.6;F;1;29;On;On;Off; 23.1; 22.8;0;8;785;8;785;8;599;0;-
2026/03/30;20:36:14;99;-; 52.69; 0.0;-; 13.3; 11.6; 0.0;-;-;1396;-0.2; 0.0; 0.0;-9; 21.6;F;1;29;On;On;Off; 23.1; 22.8;0;8;785;8;785;8;599;0;-
2026/03/30;20:37:13;99;-; 52.67; 0.0;-; 13.9; 11.9; 0.0;-;-;1396;-0.2; 0.0; 0.0;-9; 21.6;F;1;29;On;On;Off; 23.1; 22.8;0;8;785;8;785;8;599;0;-
2026/03/30;20:38:13;99;-; 52.67; 0.0;-; 13.4; 11.6; 0.0;-;-;1396;-0.2; 0.0; 0.0;-9; 21.6;F;1;29;On;On;Off; 23.1; 22.8;0;8;785;8;785;8;599;0;-
2026/03/30;20:39:13;99;-; 52.67; 0.0;-; 14.2; 12.1; 0.0;-;-;1396;-0.2; 0.0; 0.0;-8; 21.6;F;1;29;On;On;Off; 23.0; 22.8;0;8;785;8;785;8;599;0;-
2026/03/30;20:40:13;99;-; 52.65; 0.0;-; 14.1; 12.3; 0.0;-;-;1396;-0.2; 0.0; 0.0;-8; 21.6;F;1;29;On;On;Off; 23.0; 22.8;0;8;785;8;785;8;599;0;-
2026/03/30;20:41:13;99;-; 52.65; 0.0;-; 14.4; 12.2; 0.0;-;-;1396;-0.2; 0.0; 0.0;-9; 21.6;F;1;29;On;On;Off; 23.0; 22.8;0;8;785;8;785;8;599;0;-
2026/03/30;20:42:13;99;-; 52.67; 0.0;-; 12.7; 10.9; 0.0;-;-;1396;-0.2; 0.0; 0.0;-9; 21.6;F;1;29;On;On;Off; 23.0; 22.8;0;8;785;8;785;8;599;0;-
2026/03/30;20:43:13;99;-; 52.65; 0.0;-; 12.3; 10.4; 0.0;-;-;1397;-0.2; 0.0; 0.0;-9; 21.6;F;1;29;On;On;Off; 23.0; 22.7;0;8;785;8;785;8;599;0;-
2026/03/30;20:44:13;99;-; 52.65; 0.0;-; 12.9; 11.0; 0.0;-;-;1397;-0.2; 0.0; 0.0;-9; 21.6;F;1;29;On;On;Off; 23.0; 22.7;0;8;785;8;785;8;599;0;-
2026/03/30;20:45:13;99;-; 52.65; 0.0;-; 12.3; 10.4; 0.0;-;-;1397;-0.2; 0.0; 0.0;-9; 21.6;F;1;29;On;On;Off; 23.0; 22.7;0;8;785;8;785;8;599;0;-
2026/03/30;20:46:13;99;-; 52.67; 0.0;-; 12.2; 10.2; 0.0;-;-;1397;-0.2; 0.0; 0.0;-9; 21.6;F;1;29;On;On;Off; 23.0; 22.7;0;8;785;8;785;8;599;0;-
2026/03/30;20:47:13;99;-; 52.67; 0.0;-; 12.4; 10.5; 0.0;-;-;1397;-0.2; 0.0; 0.0;-9; 21.6;F;1;29;On;On;Off; 23.0; 22.7;0;8;785;8;785;8;599;0;-
2026/03/30;20:48:13;99;-; 52.65; 0.0;-; 12.8; 10.9; 0.0;-;-;1397;-0.2; 0.0; 0.0;-9; 21.6;F;1;29;On;On;Off; 23.0; 22.7;0;8;785;8;785;8;599;0;-
2026/03/30;20:49:13;99;-; 52.67; 0.0;-; 13.5; 11.8; 0.0;-;-;1397;-0.2; 0.0; 0.0;-9; 21.6;F;1;29;On;On;Off; 23.0; 22.7;0;8;785;8;785;8;599;0;-
2026/03/30;20:50:13;99;-; 52.65; 0.0;-; 13.7; 11.9; 0.0;-;-;1397;-0.2; 0.0; 0.0;-9; 21.6;F;1;29;On;On;Off; 23.0; 22.7;0;8;785;8;785;8;599;0;-
2026/03/30;20:51:13;99;-; 52.63; 0.0;-; 13.8; 12.1; 0.0;-;-;1397;-0.2; 0.0; 0.0;-9; 21.6;F;1;29;On;On;Off; 23.0; 22.7;0;8;785;8;785;8;599;0;-
2026/03/30;20:52:13;99;-; 52.65; 0.0;-; 14.2; 12.2; 0.0;-;-;1397;-0.2; 0.0; 0.0;-9; 21.6;F;1;29;On;On;Off; 23.0; 22.7;0;8;785;8;785;8;599;0;-
2026/03/30;20:53:12;99;-; 52.65; 0.0;-; 14.3; 12.2; 0.0;-;-;1397;-0.2; 0.0; 0.0;-9; 21.7;F;1;29;On;On;Off; 23.0; 22.7;0;8;785;8;785;8;599;0;-
2026/03/30;20:54:12;99;-; 52.65; 0.0;-; 14.3; 12.2; 0.0;-;-;1397;-0.2; 0.0; 0.0;-9; 21.7;F;1;29;On;On;Off; 23.0; 22.7;0;8;785;8;785;8;599;0;-
2026/03/30;20:55:12;99;-; 52.65; 0.0;-; 14.3; 12.3; 0.0;-;-;1397;-0.2; 0.0; 0.0;-9; 21.7;F;1;29;On;On;Off; 23.0; 22.7;0;8;785;8;785;8;599;0;-
2026/03/30;20:56:12;99;-; 52.65; 0.0;-; 13.8; 12.2; 0.0;-;-;1397;-0.2; 0.0; 0.0;-9; 21.7;F;1;29;On;On;Off; 22.9; 22.7;0;8;785;8;785;8;599;0;-
2026/03/30;20:57:12;99;-; 52.65; 0.0;-; 13.9; 12.1; 0.0;-;-;1397;-0.2; 0.0; 0.0;-9; 21.7;F;1;29;On;On;Off; 23.0; 22.7;0;8;785;8;785;8;599;0;-
2026/03/30;20:58:12;99;-; 52.65; 0.0;-; 13.9; 12.2; 0.0;-;-;1397;-0.2; 0.0; 0.0;-8; 21.7;F;1;29;On;On;Off; 22.9; 22.6;0;8;785;8;785;8;599;0;-
2026/03/30;20:59:12;99;-; 52.65; 0.0;-; 14.1; 12.1; 0.0;-;-;1397;-0.2; 0.0; 0.0;-9; 21.7;F;1;29;On;On;Off; 22.9; 22.6;0;8;785;8;785;8;599;0;-
2026/03/30;21:00:12;99;-; 52.65; 0.0;-; 14.1; 12.4; 0.0;-;-;1397;-0.2; 0.0; 0.0;-9; 21.7;F;1;29;On;On;Off; 22.9; 22.6;0;8;785;8;785;8;599;0;-
2026/03/30;21:01:12;99;-; 52.63; 0.0;-; 14.2; 12.5; 0.0;-;-;1397;-0.2; 0.0; 0.0;-9; 21.7;F;1;29;On;On;Off; 22.9; 22.6;0;8;785;8;785;8;599;0;-
2026/03/30;21:02:12;99;-; 52.63; 0.0;-; 14.1; 12.6; 0.0;-;-;1397;-0.2; 0.0; 0.0;-9; 21.7;F;1;29;On;On;Off; 22.9; 22.6;0;8;785;8;785;8;599;0;-
2026/03/30;21:03:12;99;-; 52.63; 0.0;-; 14.2; 12.6; 0.0;-;-;1397;-0.2; 0.0; 0.0;-9; 21.7;F;1;29;On;On;Off; 22.9; 22.6;0;8;785;8;785;8;599;0;-
2026/03/30;21:04:12;99;-; 52.63; 0.0;-; 14.1; 12.3; 0.0;-;-;1397;-0.2; 0.0; 0.0;-9; 21.7;F;1;29;On;On;Off; 22.9; 22.6;0;8;785;8;785;8;599;0;-
2026/03/30;21:05:12;99;-; 52.63; 0.0;-; 14.1; 12.3; 0.0;-;-;1397;-0.2; 0.0; 0.0;-10; 21.7;F;1;29;On;On;Off; 22.9; 22.6;0;8;785;8;785;8;599;0;-
2026/03/30;21:06:12;99;-; 52.61; 0.0;-; 14.2; 12.3; 0.0;-;-;1397;-0.2; 0.0; 0.0;-9; 21.7;F;1;29;On;On;Off; 22.9; 22.6;0;8;785;8;785;8;599;0;-
2026/03/30;21:07:12;99;-; 52.63; 0.0;-; 14.1; 12.5; 0.0;-;-;1397;-0.2; 0.0; 0.0;-9; 21.7;F;1;29;On;On;Off; 22.9; 22.6;0;8;785;8;785;8;599;0;-
2026/03/30;21:08:12;99;-; 52.63; 0.0;-; 14.2; 12.3; 0.0;-;-;1397;-0.2; 0.0; 0.0;-9; 21.7;F;1;29;On;On;Off; 22.9; 22.6;0;8;785;8;785;8;599;0;-
2026/03/30;21:09:11;99;-; 52.63; 0.0;-; 14.2; 12.5; 0.0;-;-;1397;-0.2; 0.0; 0.0;-9; 21.7;F;1;29;On;On;Off; 22.9; 22.6;0;8;785;8;785;8;599;0;-
2026/03/30;21:10:11;99;-; 52.63; 0.0;-; 15.4; 13.1; 0.0;-;-;1397;-0.2; 0.0; 0.0;-8; 21.7;F;1;29;On;On;Off; 22.9; 22.6;0;8;785;8;785;8;599;0;-
2026/03/30;21:11:11;99;-; 52.63; 0.0;-; 14.5; 12.7; 0.0;-;-;1397;-0.2; 0.0; 0.0;-9; 21.7;F;1;29;On;On;Off; 22.9; 22.6;0;8;785;8;785;8;599;0;-
2026/03/30;21:12:11;99;-; 52.63; 0.0;-; 14.5; 12.7; 0.0;-;-;1397;-0.2; 0.0; 0.0;-9; 21.7;F;1;29;On;On;Off; 22.9; 22.6;0;8;785;8;785;8;599;0;-
2026/03/30;21:13:11;99;-; 52.63; 0.0;-; 14.5; 12.7; 0.0;-;-;1397;-0.2; 0.0; 0.0;-9; 21.7;F;1;29;On;On;Off; 22.8; 22.6;0;8;785;8;785;8;599;0;-
2026/03/30;21:14:11;99;-; 52.63; 0.0;-; 14.6; 12.5; 0.0;-;-;1397;-0.2; 0.0; 0.0;-9; 21.7;F;1;29;On;On;Off; 22.9; 22.6;0;8;785;8;785;8;599;0;-
2026/03/30;21:15:11;99;-; 52.63; 0.0;-; 23.4; 12.8; 0.0;-;-;1397;-0.2; 0.0; 0.0;-8; 21.7;F;1;29;On;On;Off; 22.9; 22.6;0;8;785;8;785;8;599;0;-
2026/03/30;21:16:11;99;-; 52.63; 0.0;-; 22.0; 12.5; 0.0;-;-;1397;-0.2; 0.0; 0.0;-9; 21.7;F;1;29;On;On;Off; 22.8; 22.6;0;8;785;8;785;8;599;0;-
2026/03/30;21:17:11;99;-; 52.61; 0.0;-; 14.4; 12.7; 0.0;-;-;1397;-0.2; 0.0; 0.0;-9; 21.7;F;1;29;On;On;Off; 22.8; 22.6;0;8;785;8;785;8;599;0;-
2026/03/30;21:18:11;99;-; 52.61; 0.0;-; 14.4; 12.6; 0.0;-;-;1397;-0.2; 0.0; 0.0;-9; 21.7;F;1;29;On;On;Off; 22.8; 22.6;0;8;785;8;785;8;599;0;-
2026/03/30;21:19:11;99;-; 52.61; 0.0;-; 14.5; 12.6; 0.0;-;-;1397;-0.2; 0.0; 0.0;-9; 21.7;F;1;29;On;On;Off; 22.8; 22.6;0;8;785;8;785;8;599;0;-
2026/03/30;21:20:11;99;-; 52.61; 0.0;-; 14.3; 12.6; 0.0;-;-;1397;-0.2; 0.0; 0.0;-9; 21.7;F;1;29;On;On;Off; 22.8; 22.6;0;8;785;8;785;8;599;0;-
2026/03/30;21:21:11;99;-; 52.61; 0.0;-; 14.4; 12.6; 0.0;-;-;1397;-0.2; 0.0; 0.0;-9; 21.7;F;1;29;On;On;Off; 22.8; 22.6;0;8;785;8;785;8;599;0;-
2026/03/30;21:22:11;99;-; 52.61; 0.0;-; 14.3; 12.6; 0.0;-;-;1397;-0.2; 0.0; 0.0;-9; 21.7;F;1;29;On;On;Off; 22.8; 22.6;0;8;785;8;785;8;599;0;-
2026/03/30;21:23:11;99;-; 52.59; 0.0;-; 13.4; 11.6; 0.0;-;-;1397;-0.2; 0.0; 0.0;-9; 21.7;F;1;29;On;On;Off; 22.8; 22.5;0;8;785;8;785;8;599;0;-
2026/03/30;21:24:11;99;-; 52.59; 0.0;-; 14.4; 12.7; 0.0;-;-;1397;-0.2; 0.0; 0.0;-9; 21.7;F;1;29;On;On;Off; 22.8; 22.5;0;8;785;8;785;8;599;0;-
2026/03/30;21:25:10;99;-; 52.61; 0.0;-; 14.4; 12.6; 0.0;-;-;1397;-0.2; 0.0; 0.0;-9; 21.7;F;1;29;On;On;Off; 22.8; 22.5;0;8;785;8;785;8;599;0;-
2026/03/30;21:26:10;99;-; 52.61; 0.0;-; 14.4; 12.7; 0.0;-;-;1397;-0.2; 0.0; 0.0;-9; 21.7;F;1;29;On;On;Off; 22.8; 22.5;0;8;785;8;785;8;599;0;-
2026/03/30;21:27:10;99;-; 52.61; 0.0;-; 14.3; 12.6; 0.0;-;-;1397;-0.2; 0.0; 0.0;-9; 21.7;F;1;29;On;On;Off; 22.8; 22.5;0;8;785;8;785;8;599;0;-
2026/03/30;21:28:10;99;-; 52.61; 0.0;-; 14.4; 12.8; 0.0;-;-;1397;-0.2; 0.0; 0.0;-9; 21.7;F;1;29;On;On;Off; 22.8; 22.5;0;8;785;8;785;8;599;0;-
2026/03/30;21:29:10;99;-; 52.59; 0.0;-; 14.4; 12.8; 0.0;-;-;1397;-0.2; 0.0; 0.0;-9; 21.7;F;1;29;On;On;Off; 22.8; 22.5;0;8;785;8;785;8;599;0;-
2026/03/30;21:30:10;99;-; 52.61; 0.0;-; 14.5; 12.9; 0.0;-;-;1397;-0.2; 0.0; 0.0;-9; 21.7;F;1;29;On;On;Off; 22.8; 22.5;0;8;785;8;785;8;599;0;-
2026/03/30;21:31:10;99;-; 52.61; 0.0;-; 14.4; 12.8; 0.0;-;-;1397;-0.2; 0.0; 0.0;-8; 21.7;F;1;29;On;On;Off; 22.8; 22.5;0;8;785;8;785;8;599;0;-
2026/03/30;21:32:10;98;-; 52.61; 0.0;-; 14.5; 12.8; 0.0;-;-;1397;-0.2; 0.0; 0.0;-9; 21.7;F;1;29;On;On;Off; 22.8; 22.5;0;8;785;8;785;8;599;0;-
2026/03/30;21:33:10;98;-; 52.59; 0.0;-; 14.5; 12.9; 0.0;-;-;1397;-0.2; 0.0; 0.0;-9; 21.7;F;1;29;On;On;Off; 22.8; 22.5;0;8;785;8;785;8;599;0;-
2026/03/30;21:34:10;98;-; 52.59; 0.0;-; 14.5; 12.8; 0.0;-;-;1397;-0.2; 0.0; 0.0;-9; 21.7;F;1;29;On;On;Off; 22.8; 22.5;0;8;785;8;785;8;599;0;-
2026/03/30;21:35:10;98;-; 52.59; 0.0;-; 14.7; 12.9; 0.0;-;-;1397;-0.2; 0.0; 0.0;-9; 21.7;F;1;29;On;On;Off; 22.7; 22.5;0;8;785;8;785;8;599;0;-
2026/03/30;21:36:10;98;-; 52.59; 0.0;-; 14.6; 12.9; 0.0;-;-;1397;-0.2; 0.0; 0.0;-9; 21.7;F;1;29;On;On;Off; 22.8; 22.5;0;8;785;8;785;8;599;0;-
2026/03/30;21:37:10;98;-; 52.57; 0.0;-; 14.6; 12.8; 0.0;-;-;1397;-0.2; 0.0; 0.0;-9; 21.7;F;1;29;On;On;Off; 22.7; 22.5;0;8;785;8;785;8;599;0;-
2026/03/30;21:38:10;98;-; 52.59; 0.0;-; 14.6; 12.9; 0.0;-;-;1397;-0.2; 0.0; 0.0;-9; 21.7;F;1;29;On;On;Off; 22.7; 22.5;0;8;785;8;785;8;599;0;-
2026/03/30;21:39:10;98;-; 52.59; 0.0;-; 14.5; 13.0; 0.0;-;-;1397;-0.2; 0.0; 0.0;-9; 21.7;F;1;29;On;On;Off; 22.7; 22.4;0;8;785;8;785;8;599;0;-
2026/03/30;21:40:09;98;-; 52.59; 0.0;-; 14.5; 12.8; 0.0;-;-;1397;-0.2; 0.0; 0.0;-8; 21.7;F;1;29;On;On;Off; 22.7; 22.4;0;8;785;8;785;8;599;0;-
2026/03/30;21:41:09;98;-; 52.59; 0.0;-; 14.6; 12.9; 0.0;-;-;1397;-0.2; 0.0; 0.0;-9; 21.6;F;1;29;On;On;Off; 22.7; 22.4;0;8;785;8;785;8;599;0;-
2026/03/30;21:42:09;98;-; 52.59; 0.0;-; 14.6; 13.0; 0.0;-;-;1397;-0.2; 0.0; 0.0;-9; 21.6;F;1;29;On;On;Off; 22.7; 22.4;0;8;785;8;785;8;599;0;-
2026/03/30;21:43:09;98;-; 52.59; 0.0;-; 14.7; 13.2; 0.0;-;-;1398;-0.2; 0.0; 0.0;-9; 21.7;F;1;29;On;On;Off; 22.7; 22.4;0;8;785;8;785;8;599;0;-
2026/03/30;21:44:09;98;-; 52.59; 0.0;-; 14.3; 12.4; 0.0;-;-;1398;-0.2; 0.0; 0.0;-9; 21.6;F;1;29;On;On;Off; 22.7; 22.4;0;8;785;8;785;8;599;0;-
2026/03/30;21:45:09;98;-; 52.59; 0.0;-; 14.6; 13.1; 0.0;-;-;1398;-0.2; 0.0; 0.0;-9; 21.6;F;1;29;On;On;Off; 22.7; 22.4;0;8;785;8;785;8;599;0;-
2026/03/30;21:46:09;98;-; 52.59; 0.0;-; 14.8; 13.2; 0.0;-;-;1398;-0.2; 0.0; 0.0;-9; 21.6;F;1;29;On;On;Off; 22.7; 22.4;0;8;785;8;785;8;599;0;-
2026/03/30;21:47:09;98;-; 52.57; 0.0;-; 14.7; 13.1; 0.0;-;-;1398;-0.2; 0.0; 0.0;-9; 21.6;F;1;29;On;On;Off; 22.7; 22.4;0;8;785;8;785;8;599;0;-
2026/03/30;21:48:09;98;-; 52.57; 0.0;-; 14.7; 13.2; 0.0;-;-;1398;-0.2; 0.0; 0.0;-9; 21.6;F;1;29;On;On;Off; 22.7; 22.4;0;8;785;8;785;8;599;0;-
2026/03/30;21:49:09;98;-; 52.59; 0.0;-; 13.9; 12.0; 0.0;-;-;1398;-0.2; 0.0; 0.0;-9; 21.6;F;1;29;On;On;Off; 22.7; 22.4;0;8;785;8;785;8;599;0;-
2026/03/30;21:50:09;98;-; 52.57; 0.0;-; 13.6; 11.9; 0.0;-;-;1398;-0.2; 0.0; 0.0;-8; 21.6;F;1;29;On;On;Off; 22.6; 22.4;0;8;785;8;785;8;599;0;-
2026/03/30;21:51:09;98;-; 52.55; 0.0;-; 12.4; 10.5; 0.0;-;-;1398;-0.2; 0.0; 0.0;-8; 21.6;F;1;29;On;On;Off; 22.6; 22.3;0;8;785;8;785;8;599;0;-
2026/03/30;21:52:09;98;-; 52.57; 0.0;-; 11.8; 9.9; 0.0;-;-;1398;-0.2; 0.0; 0.0;-9; 21.6;F;1;29;On;On;Off; 22.6; 22.3;0;8;785;8;785;8;599;0;-
2026/03/30;21:53:09;98;-; 52.55; 0.0;-; 12.1; 10.3; 0.0;-;-;1398;-0.2; 0.0; 0.0;-9; 21.6;F;1;29;On;On;Off; 22.6; 22.4;0;8;785;8;785;8;599;0;-
2026/03/30;21:54:09;98;-; 52.57; 0.0;-; 11.9; 10.2; 0.0;-;-;1398;-0.2; 0.0; 0.0;-9; 21.6;F;1;29;On;On;Off; 22.6; 22.3;0;8;785;8;785;8;599;0;-
2026/03/30;21:55:09;98;-; 52.57; 0.0;-; 12.0; 10.2; 0.0;-;-;1398;-0.2; 0.0; 0.0;-9; 21.6;F;1;29;On;On;Off; 22.6; 22.3;0;8;785;8;785;8;599;0;-
2026/03/30;21:56:08;98;-; 52.57; 0.0;-; 12.1; 10.3; 0.0;-;-;1398;-0.2; 0.0; 0.0;-9; 21.6;F;1;29;On;On;Off; 22.6; 22.3;0;8;785;8;785;8;599;0;-
2026/03/30;21:57:08;98;-; 52.57; 0.0;-; 12.7; 10.8; 0.0;-;-;1398;-0.2; 0.0; 0.0;-9; 21.6;F;1;29;On;On;Off; 22.6; 22.3;0;8;785;8;785;8;599;0;-
2026/03/30;21:58:08;98;-; 52.57; 0.0;-; 15.4; 13.8; 0.0;-;-;1398;-0.2; 0.0; 0.0;-9; 21.6;F;1;29;On;On;Off; 22.6; 22.3;0;8;785;8;785;8;599;0;-
2026/03/30;21:59:08;98;-; 52.57; 0.0;-; 15.2; 13.7; 0.0;-;-;1398;-0.2; 0.0; 0.0;-9; 21.6;F;1;29;On;On;Off; 22.6; 22.3;0;8;785;8;785;8;599;0;-
2026/03/30;22:00:08;98;-; 52.57; 0.0;-; 13.8; 12.2; 0.0;-;-;1398;-0.2; 0.0; 0.0;-8; 21.6;F;1;29;On;On;Off; 22.6; 22.3;0;8;785;8;785;8;599;0;-
2026/03/30;22:01:08;98;-; 52.57; 0.0;-; 12.3; 10.5; 0.0;-;-;1398;-0.2; 0.0; 0.0;-9; 21.6;F;1;29;On;On;Off; 22.6; 22.3;0;8;785;8;785;8;599;0;-
2026/03/30;22:02:08;98;-; 52.57; 0.0;-; 12.8; 10.8; 0.0;-;-;1398;-0.2; 0.0; 0.0;-8; 21.6;F;1;29;On;On;Off; 22.6; 22.3;0;8;785;8;785;8;599;0;-
2026/03/30;22:03:08;98;-; 52.57; 0.0;-; 11.7; 9.9; 0.0;-;-;1398;-0.2; 0.0; 0.0;-9; 21.6;F;1;29;On;On;Off; 22.6; 22.3;0;8;785;8;785;8;599;0;-
2026/03/30;22:04:08;98;-; 52.57; 0.0;-; 11.7; 9.7; 0.0;-;-;1398;-0.2; 0.0; 0.0;-9; 21.6;F;1;29;On;On;Off; 22.6; 22.3;0;8;785;8;785;8;599;0;-
2026/03/30;22:05:08;98;-; 52.57; 0.0;-; 11.8; 10.1; 0.0;-;-;1398;-0.2; 0.0; 0.0;-8; 21.6;F;1;29;On;On;Off; 22.6; 22.3;0;8;785;8;785;8;599;0;-
2026/03/30;22:06:08;98;-; 52.55; 0.0;-; 12.0; 10.0; 0.0;-;-;1398;-0.2; 0.0; 0.0;-9; 21.6;F;1;29;On;On;Off; 22.6; 22.3;0;8;785;8;785;8;599;0;-
2026/03/30;22:07:08;98;-; 52.57; 0.0;-; 12.0; 10.2; 0.0;-;-;1398;-0.2; 0.0; 0.0;-8; 21.6;F;1;29;On;On;Off; 22.6; 22.3;0;8;785;8;785;8;599;0;-
2026/03/30;22:08:08;98;-; 52.55; 0.0;-; 12.1; 10.3; 0.0;-;-;1398;-0.2; 0.0; 0.0;-8; 21.6;F;1;29;On;On;Off; 22.6; 22.3;0;8;785;8;785;8;599;0;-
2026/03/30;22:09:08;98;-; 52.55; 0.0;-; 12.3; 10.4; 0.0;-;-;1398;-0.2; 0.0; 0.0;-9; 21.6;F;1;29;On;On;Off; 22.6; 22.3;0;8;785;8;785;8;599;0;-
2026/03/30;22:10:08;98;-; 52.55; 0.0;-; 12.4; 10.6; 0.0;-;-;1398;-0.2; 0.0; 0.0;-9; 21.6;F;1;29;On;On;Off; 22.6; 22.3;0;8;785;8;785;8;599;0;-
2026/03/30;22:11:08;98;-; 52.55; 0.0;-; 12.6; 10.7; 0.0;-;-;1398;-0.2; 0.0; 0.0;-9; 21.6;F;1;29;On;On;Off; 22.6; 22.3;0;8;785;8;785;8;599;0;-
2026/03/30;22:12:07;98;-; 52.55; 0.0;-; 12.8; 10.8; 0.0;-;-;1398;-0.2; 0.0; 0.0;-9; 21.6;F;1;29;On;On;Off; 22.6; 22.3;0;8;785;8;785;8;599;0;-
2026/03/30;22:13:07;98;-; 52.55; 0.0;-; 12.8; 11.0; 0.0;-;-;1398;-0.2; 0.0; 0.0;-10; 21.6;F;1;29;On;On;Off; 22.6; 22.3;0;8;785;8;785;8;599;0;-
2026/03/30;22:14:07;98;-; 52.53; 0.0;-; 12.7; 10.9; 0.0;-;-;1398;-0.2; 0.0; 0.0;-9; 21.6;F;1;29;On;On;Off; 22.6; 22.3;0;8;785;8;785;8;599;0;-
2026/03/30;22:15:07;98;-; 52.55; 0.0;-; 12.8; 10.8; 0.0;-;-;1398;-0.2; 0.0; 0.0;-8; 21.6;F;1;29;On;On;Off; 22.6; 22.3;0;8;785;8;785;8;599;0;-
2026/03/30;22:16:07;98;-; 52.55; 0.0;-; 12.6; 10.7; 0.0;-;-;1398;-0.2; 0.0; 0.0;-9; 21.6;F;1;29;On;On;Off; 22.6; 22.3;0;8;785;8;785;8;599;0;-
2026/03/30;22:17:07;98;-; 52.55; 0.0;-; 12.6; 10.9; 0.0;-;-;1398;-0.2; 0.0; 0.0;-9; 21.6;F;1;29;On;On;Off; 22.6; 22.3;0;8;785;8;785;8;599;0;-
2026/03/30;22:18:07;98;-; 52.55; 0.0;-; 12.7; 10.7; 0.0;-;-;1398;-0.2; 0.0; 0.0;-9; 21.6;F;1;29;On;On;Off; 22.6; 22.3;0;8;785;8;785;8;599;0;-
2026/03/30;22:19:07;98;-; 52.55; 0.0;-; 12.9; 10.9; 0.0;-;-;1398;-0.2; 0.0; 0.0;-9; 21.6;F;1;29;On;On;Off; 22.6; 22.3;0;8;785;8;785;8;599;0;-
2026/03/30;22:20:07;98;-; 52.55; 0.0;-; 12.7; 10.9; 0.0;-;-;1398;-0.2; 0.0; 0.0;-9; 21.6;F;1;29;On;On;Off; 22.6; 22.3;0;8;785;8;785;8;599;0;-
2026/03/30;22:21:07;98;-; 52.55; 0.0;-; 12.9; 10.9; 0.0;-;-;1398;-0.2; 0.0; 0.0;-9; 21.7;F;1;29;On;On;Off; 22.6; 22.3;0;8;785;8;785;8;599;0;-
2026/03/30;22:22:07;98;-; 52.53; 0.0;-; 12.9; 11.0; 0.0;-;-;1398;-0.2; 0.0; 0.0;-9; 21.7;F;1;29;On;On;Off; 22.6; 22.3;0;8;785;8;785;8;599;0;-
2026/03/30;22:23:07;98;-; 52.55; 0.0;-; 13.0; 11.0; 0.0;-;-;1398;-0.2; 0.0; 0.0;-9; 21.7;F;1;29;On;On;Off; 22.6; 22.3;0;8;785;8;785;8;599;0;-
2026/03/30;22:24:07;98;-; 52.55; 0.0;-; 13.0; 11.1; 0.0;-;-;1398;-0.2; 0.0; 0.0;-10; 21.7;F;1;29;On;On;Off; 22.6; 22.3;0;8;785;8;785;8;599;0;-
2026/03/30;22:25:07;98;-; 52.55; 0.0;-; 12.9; 11.0; 0.0;-;-;1398;-0.2; 0.0; 0.0;-9; 21.7;F;1;29;On;On;Off; 22.6; 22.3;0;8;785;8;785;8;599;0;-
2026/03/30;22:26:07;98;-; 52.55; 0.0;-; 12.8; 11.0; 0.0;-;-;1398;-0.2; 0.0; 0.0;-9; 21.7;F;1;29;On;On;Off; 22.6; 22.3;0;8;785;8;785;8;599;0;-
2026/03/30;22:27:07;98;-; 52.53; 0.0;-; 12.7; 10.9; 0.0;-;-;1398;-0.2; 0.0; 0.0;-9; 21.7;F;1;29;On;On;Off; 22.6; 22.3;0;8;785;8;785;8;599;0;-
2026/03/30;22:28:06;98;-; 52.55; 0.0;-; 12.8; 10.9; 0.0;-;-;1398;-0.2; 0.0; 0.0;-9; 21.7;F;1;29;On;On;Off; 22.6; 22.3;0;8;785;8;785;8;599;0;-
2026/03/30;22:29:06;98;-; 52.53; 0.0;-; 12.8; 10.9; 0.0;-;-;1398;-0.2; 0.0; 0.0;-10; 21.7;F;1;29;On;On;Off; 22.6; 22.3;0;8;785;8;785;8;599;0;-
2026/03/30;22:30:06;98;-; 52.53; 0.0;-; 12.7; 10.8; 0.0;-;-;1398;-0.2; 0.0; 0.0;-9; 21.7;F;1;29;On;On;Off; 22.6; 22.3;0;8;785;8;785;8;599;0;-
2026/03/30;22:31:06;98;-; 52.53; 0.0;-; 12.7; 10.8; 0.0;-;-;1398;-0.2; 0.0; 0.0;-9; 21.7;F;1;29;On;On;Off; 22.6; 22.3;0;8;785;8;785;8;599;0;-
2026/03/30;22:32:06;98;-; 52.53; 0.0;-; 12.8; 10.9; 0.0;-;-;1398;-0.2; 0.0; 0.0;-9; 21.7;F;1;29;On;On;Off; 22.6; 22.3;0;8;785;8;785;8;599;0;-
2026/03/30;22:33:06;98;-; 52.53; 0.0;-; 12.9; 11.0; 0.0;-;-;1398;-0.2; 0.0; 0.0;-9; 21.7;F;1;29;On;On;Off; 22.6; 22.3;0;8;785;8;785;8;599;0;-
2026/03/30;22:34:06;98;-; 52.53; 0.0;-; 13.0; 11.1; 0.0;-;-;1398;-0.2; 0.0; 0.0;-9; 21.7;F;1;29;On;On;Off; 22.6; 22.3;0;8;785;8;785;8;599;0;-
2026/03/30;22:35:06;98;-; 52.53; 0.0;-; 13.1; 11.2; 0.0;-;-;1398;-0.2; 0.0; 0.0;-9; 21.7;F;1;29;On;On;Off; 22.6; 22.3;0;8;785;8;785;8;599;0;-
2026/03/30;22:36:06;98;-; 52.53; 0.0;-; 13.1; 11.3; 0.0;-;-;1398;-0.2; 0.0; 0.0;-9; 21.7;F;1;29;On;On;Off; 22.6; 22.3;0;8;785;8;785;8;599;0;-
2026/03/30;22:37:06;98;-; 52.53; 0.0;-; 13.1; 11.3; 0.0;-;-;1398;-0.2; 0.0; 0.0;-9; 21.7;F;1;29;On;On;Off; 22.6; 22.3;0;8;785;8;785;8;599;0;-
2026/03/30;22:38:06;98;-; 52.53; 0.0;-; 13.2; 11.3; 0.0;-;-;1398;-0.2; 0.0; 0.0;-9; 21.7;F;1;29;On;On;Off; 22.6; 22.3;0;8;785;8;785;8;599;0;-
2026/03/30;22:39:06;98;-; 52.53; 0.0;-; 13.1; 11.1; 0.0;-;-;1398;-0.2; 0.0; 0.0;-9; 21.7;F;1;29;On;On;Off; 22.6; 22.3;0;8;785;8;785;8;599;0;-
2026/03/30;22:40:06;98;-; 52.51; 0.0;-; 13.0; 11.2; 0.0;-;-;1398;-0.2; 0.0; 0.0;-9; 21.7;F;1;29;On;On;Off; 22.6; 22.3;0;8;785;8;785;8;599;0;-
2026/03/30;22:41:06;98;-; 52.53; 0.0;-; 13.1; 11.2; 0.0;-;-;1398;-0.2; 0.0; 0.0;-8; 21.7;F;1;29;On;On;Off; 22.6; 22.3;0;8;785;8;785;8;599;0;-
2026/03/30;22:42:06;98;-; 52.53; 0.0;-; 13.1; 11.2; 0.0;-;-;1398;-0.2; 0.0; 0.0;-9; 21.7;F;1;29;On;On;Off; 22.6; 22.3;0;8;785;8;785;8;599;0;-
2026/03/30;22:43:06;98;-; 52.53; 0.0;-; 13.2; 11.3; 0.0;-;-;1399;-0.2; 0.0; 0.0;-9; 21.7;F;1;29;On;On;Off; 22.6; 22.3;0;8;785;8;785;8;599;0;-
2026/03/30;22:44:05;98;-; 52.53; 0.0;-; 13.3; 11.5; 0.0;-;-;1399;-0.2; 0.0; 0.0;-8; 21.7;F;1;29;On;On;Off; 22.6; 22.3;0;8;785;8;785;8;599;0;-
2026/03/30;22:45:05;98;-; 52.53; 0.0;-; 13.3; 11.4; 0.0;-;-;1399;-0.2; 0.0; 0.0;-8; 21.7;F;1;29;On;On;Off; 22.6; 22.3;0;8;785;8;785;8;599;0;-
2026/03/30;22:46:05;98;-; 52.53; 0.0;-; 13.1; 11.3; 0.0;-;-;1399;-0.2; 0.0; 0.0;-9; 21.7;F;1;29;On;On;Off; 22.5; 22.2;0;8;785;8;785;8;599;0;-
2026/03/30;22:47:05;98;-; 52.51; 0.0;-; 13.0; 11.0; 0.0;-;-;1399;-0.2; 0.0; 0.0;-9; 21.7;F;1;29;On;On;Off; 22.5; 22.3;0;8;785;8;785;8;599;0;-
2026/03/30;22:48:05;98;-; 52.53; 0.0;-; 13.1; 11.2; 0.0;-;-;1399;-0.2; 0.0; 0.0;-9; 21.7;F;1;29;On;On;Off; 22.6; 22.2;0;8;785;8;785;8;599;0;-
2026/03/30;22:49:05;98;-; 52.53; 0.0;-; 13.0; 11.2; 0.0;-;-;1399;-0.2; 0.0; 0.0;-9; 21.7;F;1;29;On;On;Off; 22.5; 22.2;0;8;785;8;785;8;599;0;-
2026/03/30;22:50:05;98;-; 52.53; 0.0;-; 13.1; 11.2; 0.0;-;-;1399;-0.2; 0.0; 0.0;-9; 21.7;F;1;29;On;On;Off; 22.5; 22.2;0;8;785;8;785;8;599;0;-
2026/03/30;22:51:05;98;-; 52.51; 0.0;-; 13.0; 11.2; 0.0;-;-;1399;-0.2; 0.0; 0.0;-9; 21.7;F;1;29;On;On;Off; 22.5; 22.2;0;8;785;8;785;8;599;0;-
2026/03/30;22:52:05;98;-; 52.51; 0.0;-; 13.1; 11.2; 0.0;-;-;1399;-0.2; 0.0; 0.0;-9; 21.7;F;1;29;On;On;Off; 22.5; 22.2;0;8;785;8;785;8;599;0;-
2026/03/30;22:53:05;98;-; 52.49; 0.0;-; 13.0; 11.1; 0.0;-;-;1399;-0.2; 0.0; 0.0;-9; 21.7;F;1;29;On;On;Off; 22.5; 22.2;0;8;785;8;785;8;599;0;-
2026/03/30;22:54:05;98;-; 52.51; 0.0;-; 13.0; 11.2; 0.0;-;-;1399;-0.2; 0.0; 0.0;-9; 21.7;F;1;29;On;On;Off; 22.5; 22.2;0;8;785;8;785;8;599;0;-
2026/03/30;22:55:05;98;-; 52.51; 0.0;-; 13.0; 11.1; 0.0;-;-;1399;-0.2; 0.0; 0.0;-9; 21.7;F;1;29;On;On;Off; 22.5; 22.2;0;8;785;8;785;8;599;0;-
2026/03/30;22:56:05;98;-; 52.51; 0.0;-; 12.8; 10.9; 0.0;-;-;1399;-0.2; 0.0; 0.0;-9; 21.7;F;1;29;On;On;Off; 22.5; 22.2;0;8;785;8;785;8;599;0;-
2026/03/30;22:57:05;98;-; 52.49; 0.0;-; 12.8; 10.8; 0.0;-;-;1399;-0.2; 0.0; 0.0;-9; 21.6;F;1;29;On;On;Off; 22.5; 22.2;0;8;785;8;785;8;599;0;-
2026/03/30;22:58:05;98;-; 52.49; 0.0;-; 12.8; 11.0; 0.0;-;-;1399;-0.2; 0.0; 0.0;-9; 21.6;F;1;29;On;On;Off; 22.5; 22.2;0;8;785;8;785;8;599;0;-
2026/03/30;22:59:05;98;-; 52.51; 0.0;-; 12.8; 11.0; 0.0;-;-;1399;-0.2; 0.0; 0.0;-9; 21.7;F;1;29;On;On;Off; 22.5; 22.2;0;8;785;8;785;8;599;0;-
2026/03/30;23:00:04;98;-; 52.51; 0.0;-; 11.1; 10.4; 0.0;-;-;1399;-0.2; 0.0; 0.0;-10; 21.7;F;1;29;On;On;Off; 22.5; 22.2;0;8;785;8;785;8;599;0;-
2026/03/30;23:01:04;98;-; 52.51; 0.0;-; 11.1; 10.4; 0.0;-;-;1399;-0.2; 0.0; 0.0;-9; 21.6;F;1;29;On;On;Off; 22.5; 22.2;0;8;785;8;785;8;599;0;-
2026/03/30;23:02:04;98;-; 52.51; 0.0;-; 11.2; 10.5; 0.0;-;-;1399;-0.2; 0.0; 0.0;-9; 21.6;F;1;29;On;On;Off; 22.5; 22.2;0;8;785;8;785;8;599;0;-
2026/03/30;23:03:04;98;-; 52.49; 0.0;-; 11.2; 10.5; 0.0;-;-;1399;-0.2; 0.0; 0.0;-9; 21.6;F;1;29;On;On;Off; 22.5; 22.2;0;8;785;8;785;8;599;0;-
2026/03/30;23:04:04;98;-; 52.51; 0.0;-; 11.1; 10.4; 0.0;-;-;1399;-0.2; 0.0; 0.0;-9; 21.6;F;1;29;On;On;Off; 22.5; 22.2;0;8;785;8;785;8;599;0;-
2026/03/30;23:05:04;98;-; 52.51; 0.0;-; 11.0; 10.2; 0.0;-;-;1399;-0.2; 0.0; 0.0;-9; 21.6;F;1;29;On;On;Off; 22.5; 22.2;0;8;785;8;785;8;599;0;-
2026/03/30;23:06:04;98;-; 52.51; 0.0;-; 11.0; 10.3; 0.0;-;-;1399;-0.2; 0.0; 0.0;-9; 21.6;F;1;29;On;On;Off; 22.5; 22.2;0;8;785;8;785;8;599;0;-
2026/03/30;23:07:04;98;-; 52.49; 0.0;-; 11.1; 10.3; 0.0;-;-;1399;-0.2; 0.0; 0.0;-9; 21.6;F;1;29;On;On;Off; 22.5; 22.2;0;8;785;8;785;8;599;0;-
2026/03/30;23:08:04;98;-; 52.51; 0.0;-; 11.1; 10.4; 0.0;-;-;1399;-0.2; 0.0; 0.0;-9; 21.6;F;1;29;On;On;Off; 22.5; 22.2;0;8;785;8;785;8;599;0;-
2026/03/30;23:09:04;98;-; 52.49; 0.0;-; 11.1; 10.4; 0.0;-;-;1399;-0.2; 0.0; 0.0;-9; 21.6;F;1;29;On;On;Off; 22.5; 22.2;0;8;785;8;785;8;599;0;-
2026/03/30;23:10:04;98;-; 52.51; 0.0;-; 11.0; 10.4; 0.0;-;-;1399;-0.2; 0.0; 0.0;-9; 21.6;F;1;29;On;On;Off; 22.4; 22.1;0;8;785;8;785;8;599;0;-
2026/03/30;23:11:04;98;-; 52.49; 0.0;-; 11.1; 10.5; 0.0;-;-;1399;-0.2; 0.0; 0.0;-9; 21.6;F;1;29;On;On;Off; 22.5; 22.2;0;8;785;8;785;8;599;0;-
2026/03/30;23:12:04;98;-; 52.49; 0.0;-; 11.1; 10.5; 0.0;-;-;1399;-0.2; 0.0; 0.0;-9; 21.6;F;1;29;On;On;Off; 22.4; 22.2;0;8;785;8;785;8;599;0;-
2026/03/30;23:13:04;98;-; 52.49; 0.0;-; 11.1; 10.5; 0.0;-;-;1399;-0.2; 0.0; 0.0;-9; 21.6;F;1;29;On;On;Off; 22.5; 22.2;0;8;785;8;785;8;599;0;-
2026/03/30;23:14:04;98;-; 52.51; 0.0;-; 11.2; 10.4; 0.0;-;-;1399;-0.2; 0.0; 0.0;-9; 21.6;F;1;29;On;On;Off; 22.5; 22.1;0;8;785;8;785;8;599;0;-
2026/03/30;23:15:03;98;-; 52.51; 0.0;-; 11.2; 10.4; 0.0;-;-;1399;-0.2; 0.0; 0.0;-9; 21.6;F;1;29;On;On;Off; 22.4; 22.1;0;8;785;8;785;8;599;0;-
2026/03/30;23:16:03;98;-; 52.51; 0.0;-; 11.2; 10.6; 0.0;-;-;1399;-0.2; 0.0; 0.0;-9; 21.6;F;1;29;On;On;Off; 22.5; 22.2;0;8;785;8;785;8;599;0;-
2026/03/30;23:17:03;98;-; 52.49; 0.0;-; 11.3; 10.6; 0.0;-;-;1399;-0.2; 0.0; 0.0;-9; 21.6;F;1;29;On;On;Off; 22.4; 22.2;0;8;785;8;785;8;599;0;-
2026/03/30;23:18:03;97;-; 52.49; 0.0;-; 11.3; 10.6; 0.0;-;-;1399;-0.2; 0.0; 0.0;-9; 21.6;F;1;29;On;On;Off; 22.5; 22.1;0;8;785;8;785;8;599;0;-
2026/03/30;23:19:03;97;-; 52.49; 0.0;-; 11.5; 10.8; 0.0;-;-;1399;-0.2; 0.0; 0.0;-9; 21.6;F;1;29;On;On;Off; 22.4; 22.1;0;8;785;8;785;8;599;0;-
2026/03/30;23:20:03;97;-; 52.47; 0.0;-; 11.4; 10.7; 0.0;-;-;1399;-0.2; 0.0; 0.0;-9; 21.6;F;1;29;On;On;Off; 22.5; 22.1;0;8;785;8;785;8;599;0;-
2026/03/30;23:21:03;97;-; 52.47; 0.0;-; 11.3; 10.9; 0.0;-;-;1399;-0.2; 0.0; 0.0;-9; 21.6;F;1;29;On;On;Off; 22.4; 22.1;0;8;785;8;785;8;599;0;-
2026/03/30;23:22:03;97;-; 52.47; 0.0;-; 11.5; 10.9; 0.0;-;-;1399;-0.2; 0.0; 0.0;-9; 21.6;F;1;29;On;On;Off; 22.5; 22.2;0;8;785;8;785;8;599;0;-
2026/03/30;23:23:03;97;-; 52.47; 0.0;-; 11.4; 10.9; 0.0;-;-;1399;-0.2; 0.0; 0.0;-9; 21.6;F;1;29;On;On;Off; 22.5; 22.1;0;8;785;8;785;8;599;0;-
2026/03/30;23:24:03;97;-; 52.47; 0.0;-; 11.3; 10.8; 0.0;-;-;1399;-0.2; 0.0; 0.0;-9; 21.6;F;1;29;On;On;Off; 22.5; 22.1;0;8;785;8;785;8;599;0;-
2026/03/30;23:25:03;97;-; 52.49; 0.0;-; 11.3; 10.8; 0.0;-;-;1399;-0.2; 0.0; 0.0;-9; 21.6;F;1;29;On;On;Off; 22.4; 22.1;0;8;785;8;785;8;599;0;-
2026/03/30;23:26:03;97;-; 52.49; 0.0;-; 11.3; 10.7; 0.0;-;-;1399;-0.2; 0.0; 0.0;-9; 21.6;F;1;29;On;On;Off; 22.4; 22.1;0;8;785;8;785;8;599;0;-
2026/03/30;23:27:03;97;-; 52.47; 0.0;-; 11.2; 10.7; 0.0;-;-;1399;-0.2; 0.0; 0.0;-9; 21.7;F;1;29;On;On;Off; 22.4; 22.1;0;8;785;8;785;8;599;0;-
2026/03/30;23:28:03;97;-; 52.47; 0.0;-; 11.2; 10.5; 0.0;-;-;1399;-0.2; 0.0; 0.0;-9; 21.7;F;1;29;On;On;Off; 22.5; 22.1;0;8;785;8;785;8;599;0;-
2026/03/30;23:29:03;97;-; 52.47; 0.0;-; 11.3; 10.5; 0.0;-;-;1399;-0.2; 0.0; 0.0;-9; 21.7;F;1;29;On;On;Off; 22.4; 22.1;0;8;785;8;785;8;599;0;-
2026/03/30;23:30:03;97;-; 52.47; 0.0;-; 11.2; 10.4; 0.0;-;-;1399;-0.2; 0.0; 0.0;-9; 21.7;F;1;29;On;On;Off; 22.4; 22.1;0;8;785;8;785;8;599;0;-
2026/03/30;23:31:02;97;-; 52.49; 0.0;-; 11.3; 10.7; 0.0;-;-;1399;-0.2; 0.0; 0.0;-9; 21.7;F;1;29;On;On;Off; 22.4; 22.1;0;8;785;8;785;8;599;0;-
2026/03/30;23:32:02;97;-; 52.47; 0.0;-; 11.3; 10.6; 0.0;-;-;1399;-0.2; 0.0; 0.0;-9; 21.7;F;1;29;On;On;Off; 22.5; 22.1;0;8;785;8;785;8;599;0;-
2026/03/30;23:33:02;97;-; 52.49; 0.0;-; 11.2; 10.6; 0.0;-;-;1399;-0.2; 0.0; 0.0;-9; 21.7;F;1;29;On;On;Off; 22.4; 22.1;0;8;785;8;785;8;599;0;-
2026/03/30;23:34:02;97;-; 52.49; 0.0;-; 11.2; 10.6; 0.0;-;-;1399;-0.2; 0.0; 0.0;-9; 21.7;F;1;29;On;On;Off; 22.4; 22.1;0;8;785;8;785;8;599;0;-
2026/03/30;23:35:02;97;-; 52.49; 0.0;-; 11.2; 10.6; 0.0;-;-;1399;-0.2; 0.0; 0.0;-9; 21.7;F;1;29;On;On;Off; 22.4; 22.1;0;8;785;8;785;8;599;0;-
2026/03/30;23:36:02;97;-; 52.49; 0.0;-; 11.2; 10.6; 0.0;-;-;1399;-0.2; 0.0; 0.0;-9; 21.7;F;1;29;On;On;Off; 22.4; 22.1;0;8;785;8;785;8;599;0;-
2026/03/30;23:37:02;97;-; 52.49; 0.0;-; 11.2; 10.6; 0.0;-;-;1399;-0.2; 0.0; 0.0;-9; 21.7;F;1;29;On;On;Off; 22.4; 22.1;0;8;785;8;785;8;599;0;-
2026/03/30;23:38:02;97;-; 52.49; 0.0;-; 11.2; 10.6; 0.0;-;-;1399;-0.2; 0.0; 0.0;-9; 21.7;F;1;29;On;On;Off; 22.4; 22.1;0;8;785;8;785;8;599;0;-
2026/03/30;23:39:02;97;-; 52.47; 0.0;-; 11.3; 10.6; 0.0;-;-;1399;-0.2; 0.0; 0.0;-9; 21.7;F;1;29;On;On;Off; 22.4; 22.1;0;8;785;8;785;8;599;0;-
2026/03/30;23:40:02;97;-; 52.47; 0.0;-; 11.4; 10.7; 0.0;-;-;1399;-0.2; 0.0; 0.0;-9; 21.7;F;1;29;On;On;Off; 22.4; 22.1;0;8;785;8;785;8;599;0;-
2026/03/30;23:41:02;97;-; 52.47; 0.0;-; 11.4; 10.7; 0.0;-;-;1399;-0.2; 0.0; 0.0;-9; 21.7;F;1;29;On;On;Off; 22.4; 22.1;0;8;785;8;785;8;599;0;-
2026/03/30;23:42:02;97;-; 52.47; 0.0;-; 11.4; 10.8; 0.0;-;-;1399;-0.2; 0.0; 0.0;-9; 21.7;F;1;29;On;On;Off; 22.4; 22.1;0;8;785;8;785;8;599;0;-
2026/03/30;23:43:02;97;-; 52.47; 0.0;-; 11.4; 10.7; 0.0;-;-;1400;-0.2; 0.0; 0.0;-9; 21.7;F;1;29;On;On;Off; 22.4; 22.1;0;8;785;8;785;8;599;0;-
2026/03/30;23:44:02;97;-; 52.47; 0.0;-; 11.5; 10.6; 0.0;-;-;1400;-0.2; 0.0; 0.0;-9; 21.7;F;1;29;On;On;Off; 22.4; 22.1;0;8;785;8;785;8;599;0;-
2026/03/30;23:45:02;97;-; 52.45; 0.0;-; 11.3; 10.6; 0.0;-;-;1400;-0.2; 0.0; 0.0;-9; 21.7;F;1;29;On;On;Off; 22.4; 22.1;0;8;785;8;785;8;599;0;-
2026/03/30;23:46:02;97;-; 52.47; 0.0;-; 11.2; 10.6; 0.0;-;-;1400;-0.2; 0.0; 0.0;-8; 21.7;F;1;29;On;On;Off; 22.4; 22.1;0;8;785;8;785;8;599;0;-
2026/03/30;23:47:01;97;-; 52.47; 0.0;-; 11.4; 10.6; 0.0;-;-;1400;-0.2; 0.0; 0.0;-9; 21.7;F;1;29;On;On;Off; 22.4; 22.1;0;8;785;8;785;8;599;0;-
2026/03/30;23:48:01;97;-; 52.47; 0.0;-; 11.4; 10.7; 0.0;-;-;1400;-0.2; 0.0; 0.0;-9; 21.7;F;1;29;On;On;Off; 22.4; 22.1;0;8;785;8;785;8;599;0;-
2026/03/30;23:49:01;97;-; 52.47; 0.0;-; 11.4; 10.7; 0.0;-;-;1400;-0.2; 0.0; 0.0;-9; 21.6;F;1;29;On;On;Off; 22.4; 22.1;0;8;785;8;785;8;599;0;-
2026/03/30;23:50:01;97;-; 52.45; 0.0;-; 11.5; 10.8; 0.0;-;-;1400;-0.2; 0.0; 0.0;-9; 21.6;F;1;29;On;On;Off; 22.4; 22.1;0;8;785;8;785;8;599;0;-
2026/03/30;23:51:01;97;-; 52.47; 0.0;-; 11.5; 10.8; 0.0;-;-;1400;-0.2; 0.0; 0.0;-9; 21.7;F;1;29;On;On;Off; 22.4; 22.1;0;8;785;8;785;8;599;0;-
2026/03/30;23:52:01;97;-; 52.47; 0.0;-; 11.6; 10.9; 0.0;-;-;1400;-0.2; 0.0; 0.0;-8; 21.6;F;1;29;On;On;Off; 22.4; 22.1;0;8;785;8;785;8;599;0;-
2026/03/30;23:53:01;97;-; 52.45; 0.0;-; 11.5; 10.9; 0.0;-;-;1400;-0.2; 0.0; 0.0;-8; 21.6;F;1;29;On;On;Off; 22.4; 22.1;0;8;785;8;785;8;599;0;-
2026/03/30;23:54:01;97;-; 52.45; 0.0;-; 11.6; 10.9; 0.0;-;-;1400;-0.2; 0.0; 0.0;-8; 21.6;F;1;29;On;On;Off; 22.4; 22.1;0;8;785;8;785;8;599;0;-
2026/03/30;23:55:01;97;-; 52.45; 0.0;-; 11.5; 11.0; 0.0;-;-;1400;-0.2; 0.0; 0.0;-9; 21.6;F;1;29;On;On;Off; 22.4; 22.1;0;8;785;8;785;8;599;0;-
2026/03/30;23:56:01;97;-; 52.45; 0.0;-; 11.5; 11.0; 0.0;-;-;1400;-0.2; 0.0; 0.0;-9; 21.6;F;1;29;On;On;Off; 22.4; 22.1;0;8;785;8;785;8;599;0;-
2026/03/30;23:57:01;97;-; 52.45; 0.0;-; 11.5; 10.7; 0.0;-;-;1400;-0.2; 0.0; 0.0;-8; 21.6;F;1;29;On;On;Off; 22.4; 22.1;0;8;785;8;785;8;599;0;-
2026/03/30;23:58:01;97;-; 52.47; 0.0;-; 11.4; 10.9; 0.0;-;-;1400;-0.2; 0.0; 0.0;-9; 21.6;F;1;29;On;On;Off; 22.4; 22.1;0;8;785;8;785;8;599;0;-
2026/03/30;23:59:01;97;-; 52.47; 0.0;-; 11.3; 10.7; 0.0;-;-;1400;-0.2; 0.0; 0.0;-9; 21.6;F;1;29;On;On;Off; 22.4; 22.1;0;8;785;8;785;8;599;0;-
