Steca Elektronik GmbH;MPPT6000;760749IH008963540005
Date;Time;SOC[%];Kaptest[Ah];Vbat[V];Ibat_M[A];Vbat.sense[V];VPV1_M[V];VPV2_M[V];PVpower_M[W];PV1power_M[W];PV2power_M[W];Ophours[h];Ibat_total[A]SOC;Icharge_total[A];Iload_total[A];BatPower_total[W];BatTemp[°C];ChargeMode;ErrorState;ErrorNr;StateAux1;StateAux2;StateAux3;IntTemp1[°C];IntTemp2[°C];Derating;Ah_in_24h_M[Ah];Ah_in_total_M[Ah];Ah_in_24h_SYS[Ah];Ah_in_total_SYS[Ah];Ah_out_24h_SYS[Ah];Ah_out_total_SYS[Ah];Day_night;Status_AUXIO
2026/05/14;00:00:02;-;-; 52.20; 0.0;-; 12.7; 14.3; 0.0;-;-;2344;-0.2; 0.0; 0.0;-12; 21.2;F;0;-;On;On;Off; 22.8; 22.5;0;8;2040;8;2040;8;1854;0;-
2026/05/14;00:01:02;-;-; 52.20; 0.0;-; 12.8; 14.3; 0.0;-;-;2344;-0.2; 0.0; 0.0;-12; 21.2;F;0;-;On;On;Off; 22.8; 22.5;0;0;2040;0;2040;0;1854;0;-
2026/05/14;00:02:02;-;-; 52.18; 0.0;-; 12.7; 14.3; 0.0;-;-;2344;-0.2; 0.0; 0.0;-12; 21.3;F;0;-;On;On;Off; 22.8; 22.5;0;0;2040;0;2040;0;1854;0;-
2026/05/14;00:03:02;-;-; 52.20; 0.0;-; 12.8; 14.3; 0.0;-;-;2344;-0.2; 0.0; 0.0;-12; 21.3;F;0;-;On;On;Off; 22.8; 22.5;0;0;2040;0;2040;0;1854;0;-
2026/05/14;00:04:02;-;-; 52.20; 0.0;-; 12.7; 14.4; 0.0;-;-;2344;-0.2; 0.0; 0.0;-12; 21.2;F;0;-;On;On;Off; 22.8; 22.5;0;0;2040;0;2040;0;1854;0;-
2026/05/14;00:05:02;-;-; 52.18; 0.0;-; 12.7; 14.1; 0.0;-;-;2344;-0.2; 0.0; 0.0;-12; 21.2;F;0;-;On;On;Off; 22.8; 22.5;0;0;2040;0;2040;0;1854;0;-
2026/05/14;00:06:01;-;-; 52.20; 0.0;-; 12.8; 14.2; 0.0;-;-;2344;-0.2; 0.0; 0.0;-11; 21.3;F;0;-;On;On;Off; 22.8; 22.5;0;0;2040;0;2040;0;1854;0;-
2026/05/14;00:07:01;-;-; 52.20; 0.0;-; 12.8; 14.4; 0.0;-;-;2344;-0.2; 0.0; 0.0;-12; 21.2;F;0;-;On;On;Off; 22.8; 22.5;0;0;2040;0;2040;0;1854;0;-
2026/05/14;00:08:01;-;-; 52.20; 0.0;-; 12.8; 14.4; 0.0;-;-;2344;-0.2; 0.0; 0.0;-12; 21.2;F;0;-;On;On;Off; 22.8; 22.5;0;0;2040;0;2040;0;1854;0;-
2026/05/14;00:09:01;-;-; 52.20; 0.0;-; 12.7; 14.4; 0.0;-;-;2344;-0.2; 0.0; 0.0;-12; 21.3;F;0;-;On;On;Off; 22.8; 22.5;0;0;2040;0;2040;0;1854;0;-
2026/05/14;00:10:01;-;-; 52.20; 0.0;-; 12.7; 14.5; 0.0;-;-;2344;-0.2; 0.0; 0.0;-12; 21.2;F;0;-;On;On;Off; 22.8; 22.5;0;0;2040;0;2040;0;1854;0;-
2026/05/14;00:11:01;-;-; 52.20; 0.0;-; 12.3; 14.1; 0.0;-;-;2344;-0.2; 0.0; 0.0;-11; 21.2;F;0;-;On;On;Off; 22.8; 22.5;0;0;2040;0;2040;0;1854;0;-
2026/05/14;00:12:01;-;-; 52.20; 0.0;-; 12.3; 13.9; 0.0;-;-;2344;-0.2; 0.0; 0.0;-12; 21.2;F;0;-;On;On;Off; 22.8; 22.5;0;0;2040;0;2040;0;1854;0;-
2026/05/14;00:13:01;-;-; 52.20; 0.0;-; 12.3; 14.1; 0.0;-;-;2344;-0.2; 0.0; 0.0;-12; 21.3;F;0;-;On;On;Off; 22.8; 22.5;0;0;2040;0;2040;0;1854;0;-
2026/05/14;00:14:01;-;-; 52.20; 0.0;-; 12.2; 13.9; 0.0;-;-;2344;-0.2; 0.0; 0.0;-11; 21.3;F;0;-;On;On;Off; 22.7; 22.5;0;0;2040;0;2040;0;1854;0;-
2026/05/14;00:15:01;-;-; 52.20; 0.0;-; 12.2; 13.8; 0.0;-;-;2344;-0.2; 0.0; 0.0;-12; 21.2;F;0;-;On;On;Off; 22.7; 22.5;0;0;2040;0;2040;0;1854;0;-
2026/05/14;00:16:01;-;-; 52.20; 0.0;-; 12.3; 14.0; 0.0;-;-;2344;-0.2; 0.0; 0.0;-11; 21.3;F;0;-;On;On;Off; 22.8; 22.5;0;0;2040;0;2040;0;1854;0;-
2026/05/14;00:17:01;-;-; 52.20; 0.0;-; 12.2; 13.9; 0.0;-;-;2344;-0.2; 0.0; 0.0;-11; 21.2;F;0;-;On;On;Off; 22.8; 22.5;0;0;2040;0;2040;0;1854;0;-
2026/05/14;00:18:01;-;-; 52.20; 0.0;-; 12.1; 14.0; 0.0;-;-;2344;-0.2; 0.0; 0.0;-11; 21.2;F;0;-;On;On;Off; 22.7; 22.5;0;0;2040;0;2040;0;1854;0;-
2026/05/14;00:19:01;-;-; 52.20; 0.0;-; 12.0; 13.8; 0.0;-;-;2344;-0.2; 0.0; 0.0;-12; 21.3;F;0;-;On;On;Off; 22.7; 22.5;0;0;2040;0;2040;0;1854;0;-
2026/05/14;00:20:01;-;-; 52.20; 0.0;-; 12.0; 13.8; 0.0;-;-;2344;-0.2; 0.0; 0.0;-12; 21.3;F;0;-;On;On;Off; 22.8; 22.5;0;0;2040;0;2040;0;1854;0;-
2026/05/14;00:21:01;-;-; 52.20; 0.0;-; 11.9; 13.7; 0.0;-;-;2344;-0.2; 0.0; 0.0;-12; 21.2;F;0;-;On;On;Off; 22.8; 22.5;0;0;2040;0;2040;0;1854;0;-
2026/05/14;00:22:00;-;-; 52.20; 0.0;-; 11.7; 13.5; 0.0;-;-;2344;-0.2; 0.0; 0.0;-12; 21.2;F;0;-;On;On;Off; 22.7; 22.5;0;0;2040;0;2040;0;1854;0;-
2026/05/14;00:23:00;-;-; 52.20; 0.0;-; 11.5; 13.5; 0.0;-;-;2344;-0.2; 0.0; 0.0;-12; 21.2;F;0;-;On;On;Off; 22.7; 22.5;0;0;2040;0;2040;0;1854;0;-
2026/05/14;00:24:00;-;-; 52.20; 0.0;-; 11.5; 13.3; 0.0;-;-;2344;-0.2; 0.0; 0.0;-11; 21.2;F;0;-;On;On;Off; 22.7; 22.5;0;0;2040;0;2040;0;1854;0;-
2026/05/14;00:25:00;-;-; 52.20; 0.0;-; 12.0; 13.4; 0.0;-;-;2344;-0.2; 0.0; 0.0;-12; 21.2;F;0;-;On;On;Off; 22.7; 22.5;0;0;2040;0;2040;0;1854;0;-
2026/05/14;00:26:00;-;-; 52.20; 0.0;-; 11.4; 13.3; 0.0;-;-;2344;-0.2; 0.0; 0.0;-12; 21.2;F;0;-;On;On;Off; 22.7; 22.5;0;0;2040;0;2040;0;1854;0;-
2026/05/14;00:27:00;-;-; 52.20; 0.0;-; 11.6; 13.4; 0.0;-;-;2344;-0.2; 0.0; 0.0;-11; 21.2;F;0;-;On;On;Off; 22.7; 22.5;0;0;2040;0;2040;0;1854;0;-
2026/05/14;00:28:00;-;-; 52.20; 0.0;-; 11.7; 13.4; 0.0;-;-;2344;-0.2; 0.0; 0.0;-11; 21.3;F;0;-;On;On;Off; 22.7; 22.4;0;0;2040;0;2040;0;1854;0;-
2026/05/14;00:29:00;-;-; 52.20; 0.0;-; 11.7; 13.5; 0.0;-;-;2344;-0.2; 0.0; 0.0;-12; 21.2;F;0;-;On;On;Off; 22.7; 22.4;0;0;2040;0;2040;0;1854;0;-
2026/05/14;00:30:00;-;-; 52.18; 0.0;-; 11.5; 13.4; 0.0;-;-;2344;-0.2; 0.0; 0.0;-11; 21.3;F;0;-;On;On;Off; 22.7; 22.4;0;0;2040;0;2040;0;1854;0;-
2026/05/14;00:31:00;-;-; 52.20; 0.0;-; 11.6; 13.6; 0.0;-;-;2344;-0.2; 0.0; 0.0;-11; 21.2;F;0;-;On;On;Off; 22.7; 22.4;0;0;2040;0;2040;0;1854;0;-
2026/05/14;00:32:00;-;-; 52.20; 0.0;-; 11.6; 13.3; 0.0;-;-;2344;-0.2; 0.0; 0.0;-11; 21.2;F;0;-;On;On;Off; 22.7; 22.4;0;0;2040;0;2040;0;1854;0;-
2026/05/14;00:33:00;-;-; 52.20; 0.0;-; 11.4; 13.4; 0.0;-;-;2344;-0.2; 0.0; 0.0;-11; 21.2;F;0;-;On;On;Off; 22.7; 22.4;0;0;2040;0;2040;0;1854;0;-
2026/05/14;00:34:00;-;-; 52.20; 0.0;-; 11.6; 13.6; 0.0;-;-;2344;-0.2; 0.0; 0.0;-11; 21.2;F;0;-;On;On;Off; 22.7; 22.4;0;0;2040;0;2040;0;1854;0;-
2026/05/14;00:35:00;-;-; 52.20; 0.0;-; 11.8; 13.6; 0.0;-;-;2344;-0.2; 0.0; 0.0;-11; 21.2;F;0;-;On;On;Off; 22.7; 22.4;0;0;2040;0;2040;0;1854;0;-
2026/05/14;00:36:00;-;-; 52.20; 0.0;-; 11.9; 13.7; 0.0;-;-;2344;-0.2; 0.0; 0.0;-11; 21.2;F;0;-;On;On;Off; 22.7; 22.4;0;0;2040;0;2040;0;1854;0;-
2026/05/14;00:36:59;-;-; 52.20; 0.0;-; 11.9; 13.8; 0.0;-;-;2344;-0.2; 0.0; 0.0;-11; 21.2;F;0;-;On;On;Off; 22.7; 22.4;0;0;2040;0;2040;0;1854;0;-
2026/05/14;00:37:59;-;-; 52.18; 0.0;-; 11.8; 13.6; 0.0;-;-;2344;-0.2; 0.0; 0.0;-12; 21.2;F;0;-;On;On;Off; 22.7; 22.4;0;0;2040;0;2040;0;1854;0;-
2026/05/14;00:38:59;-;-; 52.20; 0.0;-; 11.9; 13.7; 0.0;-;-;2344;-0.2; 0.0; 0.0;-11; 21.2;F;0;-;On;On;Off; 22.7; 22.4;0;0;2040;0;2040;0;1854;0;-
2026/05/14;00:39:59;-;-; 52.20; 0.0;-; 11.8; 13.9; 0.0;-;-;2344;-0.2; 0.0; 0.0;-12; 21.2;F;0;-;On;On;Off; 22.7; 22.4;0;0;2040;0;2040;0;1854;0;-
2026/05/14;00:40:59;-;-; 52.18; 0.0;-; 12.0; 13.9; 0.0;-;-;2344;-0.2; 0.0; 0.0;-11; 21.2;F;0;-;On;On;Off; 22.7; 22.4;0;0;2040;0;2040;0;1854;0;-
2026/05/14;00:41:59;-;-; 52.18; 0.0;-; 12.0; 13.8; 0.0;-;-;2344;-0.2; 0.0; 0.0;-12; 21.2;F;0;-;On;On;Off; 22.7; 22.4;0;0;2040;0;2040;0;1854;0;-
2026/05/14;00:42:59;-;-; 52.18; 0.0;-; 12.0; 13.9; 0.0;-;-;2344;-0.2; 0.0; 0.0;-11; 21.2;F;0;-;On;On;Off; 22.7; 22.4;0;0;2040;0;2040;0;1854;0;-
2026/05/14;00:43:59;-;-; 52.18; 0.0;-; 12.1; 13.8; 0.0;-;-;2344;-0.2; 0.0; 0.0;-12; 21.2;F;0;-;On;On;Off; 22.7; 22.4;0;0;2040;0;2040;0;1854;0;-
2026/05/14;00:44:59;-;-; 52.18; 0.0;-; 12.0; 14.0; 0.0;-;-;2344;-0.2; 0.0; 0.0;-11; 21.2;F;0;-;On;On;Off; 22.7; 22.4;0;0;2040;0;2040;0;1854;0;-
2026/05/14;00:45:59;-;-; 52.18; 0.0;-; 12.2; 13.9; 0.0;-;-;2344;-0.2; 0.0; 0.0;-12; 21.2;F;0;-;On;On;Off; 22.7; 22.4;0;0;2040;0;2040;0;1854;0;-
2026/05/14;00:46:59;-;-; 52.18; 0.0;-; 12.2; 14.0; 0.0;-;-;2344;-0.2; 0.0; 0.0;-11; 21.2;F;0;-;On;On;Off; 22.7; 22.4;0;0;2040;0;2040;0;1854;0;-
2026/05/14;00:47:59;-;-; 52.18; 0.0;-; 12.3; 14.1; 0.0;-;-;2344;-0.2; 0.0; 0.0;-12; 21.2;F;0;-;On;On;Off; 22.7; 22.4;0;0;2040;0;2040;0;1854;0;-
2026/05/14;00:48:59;-;-; 52.20; 0.0;-; 12.5; 14.2; 0.0;-;-;2344;-0.2; 0.0; 0.0;-12; 21.2;F;0;-;On;On;Off; 22.7; 22.4;0;0;2040;0;2040;0;1854;0;-
2026/05/14;00:49:59;-;-; 52.18; 0.0;-; 12.7; 14.3; 0.0;-;-;2344;-0.2; 0.0; 0.0;-12; 21.2;F;0;-;On;On;Off; 22.7; 22.4;0;0;2040;0;2040;0;1854;0;-
2026/05/14;00:50:59;-;-; 52.18; 0.0;-; 12.6; 14.3; 0.0;-;-;2344;-0.2; 0.0; 0.0;-12; 21.2;F;0;-;On;On;Off; 22.7; 22.4;0;0;2040;0;2040;0;1854;0;-
2026/05/14;00:51:59;-;-; 52.18; 0.0;-; 12.7; 14.5; 0.0;-;-;2344;-0.2; 0.0; 0.0;-12; 21.2;F;0;-;On;On;Off; 22.7; 22.4;0;0;2040;0;2040;0;1854;0;-
2026/05/14;00:52:58;-;-; 52.18; 0.0;-; 12.8; 14.6; 0.0;-;-;2344;-0.2; 0.0; 0.0;-12; 21.2;F;0;-;On;On;Off; 22.7; 22.4;0;0;2040;0;2040;0;1854;0;-
2026/05/14;00:53:58;-;-; 52.18; 0.0;-; 12.7; 14.5; 0.0;-;-;2344;-0.2; 0.0; 0.0;-12; 21.2;F;0;-;On;On;Off; 22.7; 22.4;0;0;2040;0;2040;0;1854;0;-
2026/05/14;00:54:58;-;-; 52.18; 0.0;-; 12.6; 14.3; 0.0;-;-;2344;-0.2; 0.0; 0.0;-11; 21.2;F;0;-;On;On;Off; 22.7; 22.4;0;0;2040;0;2040;0;1854;0;-
2026/05/14;00:55:58;-;-; 52.18; 0.0;-; 12.6; 14.3; 0.0;-;-;2344;-0.2; 0.0; 0.0;-12; 21.2;F;0;-;On;On;Off; 22.6; 22.4;0;0;2040;0;2040;0;1854;0;-
2026/05/14;00:56:58;-;-; 52.18; 0.0;-; 12.6; 14.3; 0.0;-;-;2344;-0.2; 0.0; 0.0;-11; 21.2;F;0;-;On;On;Off; 22.6; 22.4;0;0;2040;0;2040;0;1854;0;-
2026/05/14;00:57:58;-;-; 52.18; 0.0;-; 12.7; 14.4; 0.0;-;-;2344;-0.2; 0.0; 0.0;-11; 21.2;F;0;-;On;On;Off; 22.6; 22.4;0;0;2040;0;2040;0;1854;0;-
2026/05/14;00:58:58;-;-; 52.18; 0.0;-; 12.6; 14.4; 0.0;-;-;2344;-0.2; 0.0; 0.0;-12; 21.2;F;0;-;On;On;Off; 22.6; 22.4;0;0;2040;0;2040;0;1854;0;-
2026/05/14;00:59:58;-;-; 52.18; 0.0;-; 12.4; 14.1; 0.0;-;-;2344;-0.2; 0.0; 0.0;-12; 21.2;F;0;-;On;On;Off; 22.6; 22.4;0;0;2040;0;2040;0;1854;0;-
2026/05/14;01:00:58;-;-; 52.18; 0.0;-; 12.4; 14.2; 0.0;-;-;2344;-0.2; 0.0; 0.0;-11; 21.2;F;0;-;On;On;Off; 22.6; 22.4;0;0;2040;0;2040;0;1854;0;-
2026/05/14;01:01:58;-;-; 52.18; 0.0;-; 12.4; 14.3; 0.0;-;-;2344;-0.2; 0.0; 0.0;-12; 21.2;F;0;-;On;On;Off; 22.6; 22.3;0;0;2040;0;2040;0;1854;0;-
2026/05/14;01:02:58;-;-; 52.18; 0.0;-; 12.4; 14.2; 0.0;-;-;2344;-0.2; 0.0; 0.0;-12; 21.2;F;0;-;On;On;Off; 22.6; 22.4;0;0;2040;0;2040;0;1854;0;-
2026/05/14;01:03:58;-;-; 52.18; 0.0;-; 12.4; 14.3; 0.0;-;-;2344;-0.2; 0.0; 0.0;-12; 21.2;F;0;-;On;On;Off; 22.6; 22.3;0;0;2040;0;2040;0;1854;0;-
2026/05/14;01:04:58;-;-; 52.18; 0.0;-; 12.4; 14.2; 0.0;-;-;2344;-0.2; 0.0; 0.0;-12; 21.2;F;0;-;On;On;Off; 22.6; 22.3;0;0;2040;0;2040;0;1854;0;-
2026/05/14;01:05:58;-;-; 52.18; 0.0;-; 12.5; 14.2; 0.0;-;-;2344;-0.2; 0.0; 0.0;-11; 21.2;F;0;-;On;On;Off; 22.6; 22.3;0;0;2040;0;2040;0;1854;0;-
2026/05/14;01:06:58;-;-; 52.18; 0.0;-; 12.3; 14.2; 0.0;-;-;2344;-0.2; 0.0; 0.0;-11; 21.2;F;0;-;On;On;Off; 22.6; 22.3;0;0;2040;0;2040;0;1854;0;-
2026/05/14;01:07:58;-;-; 52.18; 0.0;-; 12.4; 14.2; 0.0;-;-;2344;-0.2; 0.0; 0.0;-11; 21.2;F;0;-;On;On;Off; 22.6; 22.3;0;0;2040;0;2040;0;1854;0;-
2026/05/14;01:08:57;-;-; 52.18; 0.0;-; 12.4; 14.1; 0.0;-;-;2344;-0.2; 0.0; 0.0;-12; 21.2;F;0;-;On;On;Off; 22.6; 22.3;0;0;2040;0;2040;0;1854;0;-
2026/05/14;01:09:57;-;-; 52.18; 0.0;-; 12.4; 14.2; 0.0;-;-;2344;-0.2; 0.0; 0.0;-11; 21.2;F;0;-;On;On;Off; 22.6; 22.3;0;0;2040;0;2040;0;1854;0;-
2026/05/14;01:10:57;-;-; 52.18; 0.0;-; 12.4; 14.3; 0.0;-;-;2344;-0.3; 0.0; 0.0;-12; 21.2;F;0;-;On;On;Off; 22.6; 22.3;0;0;2040;0;2040;0;1854;0;-
2026/05/14;01:11:57;-;-; 52.18; 0.0;-; 12.5; 14.3; 0.0;-;-;2344;-0.2; 0.0; 0.0;-12; 21.2;F;0;-;On;On;Off; 22.6; 22.3;0;0;2040;0;2040;0;1854;0;-
2026/05/14;01:12:57;-;-; 52.18; 0.0;-; 12.3; 14.2; 0.0;-;-;2344;-0.2; 0.0; 0.0;-12; 21.2;F;0;-;On;On;Off; 22.6; 22.3;0;0;2040;0;2040;0;1854;0;-
2026/05/14;01:13:57;-;-; 52.18; 0.0;-; 12.2; 14.2; 0.0;-;-;2344;-0.2; 0.0; 0.0;-12; 21.2;F;0;-;On;On;Off; 22.6; 22.3;0;0;2040;0;2040;0;1854;0;-
2026/05/14;01:14:57;-;-; 52.18; 0.0;-; 12.1; 14.0; 0.0;-;-;2344;-0.2; 0.0; 0.0;-12; 21.2;F;0;-;On;On;Off; 22.6; 22.3;0;0;2040;0;2040;0;1854;0;-
2026/05/14;01:15:57;-;-; 52.18; 0.0;-; 12.1; 13.8; 0.0;-;-;2344;-0.2; 0.0; 0.0;-12; 21.2;F;0;-;On;On;Off; 22.6; 22.3;0;0;2040;0;2040;0;1854;0;-
2026/05/14;01:16:57;-;-; 52.18; 0.0;-; 12.1; 14.0; 0.0;-;-;2344;-0.2; 0.0; 0.0;-12; 21.2;F;0;-;On;On;Off; 22.6; 22.3;0;0;2040;0;2040;0;1854;0;-
2026/05/14;01:17:57;-;-; 52.18; 0.0;-; 11.9; 13.9; 0.0;-;-;2344;-0.2; 0.0; 0.0;-12; 21.2;F;0;-;On;On;Off; 22.6; 22.3;0;0;2040;0;2040;0;1854;0;-
2026/05/14;01:18:57;-;-; 52.18; 0.0;-; 11.9; 13.9; 0.0;-;-;2344;-0.2; 0.0; 0.0;-12; 21.2;F;0;-;On;On;Off; 22.6; 22.3;0;0;2040;0;2040;0;1854;0;-
2026/05/14;01:19:57;-;-; 52.18; 0.0;-; 12.0; 13.9; 0.0;-;-;2344;-0.2; 0.0; 0.0;-12; 21.2;F;0;-;On;On;Off; 22.6; 22.3;0;0;2040;0;2040;0;1854;0;-
2026/05/14;01:20:57;-;-; 52.18; 0.0;-; 11.9; 13.9; 0.0;-;-;2344;-0.2; 0.0; 0.0;-12; 21.2;F;0;-;On;On;Off; 22.6; 22.3;0;0;2040;0;2040;0;1854;0;-
2026/05/14;01:21:57;-;-; 52.18; 0.0;-; 12.0; 13.9; 0.0;-;-;2344;-0.2; 0.0; 0.0;-12; 21.3;F;0;-;On;On;Off; 22.6; 22.3;0;0;2040;0;2040;0;1854;0;-
2026/05/14;01:22:57;-;-; 52.18; 0.0;-; 12.0; 13.8; 0.0;-;-;2344;-0.3; 0.0; 0.0;-12; 21.2;F;0;-;On;On;Off; 22.6; 22.3;0;0;2040;0;2040;0;1854;0;-
2026/05/14;01:23:57;-;-; 52.18; 0.0;-; 12.1; 13.9; 0.0;-;-;2344;-0.3; 0.0; 0.0;-13; 21.2;F;0;-;On;On;Off; 22.6; 22.3;0;0;2040;0;2040;0;1854;0;-
2026/05/14;01:24:56;-;-; 52.18; 0.0;-; 12.1; 14.1; 0.0;-;-;2344;-0.3; 0.0; 0.0;-12; 21.3;F;0;-;On;On;Off; 22.6; 22.3;0;0;2040;0;2040;0;1854;0;-
2026/05/14;01:25:56;-;-; 52.18; 0.0;-; 12.3; 14.2; 0.0;-;-;2344;-0.2; 0.0; 0.0;-12; 21.3;F;0;-;On;On;Off; 22.6; 22.3;0;0;2040;0;2040;0;1854;0;-
2026/05/14;01:26:56;-;-; 52.18; 0.0;-; 12.3; 14.2; 0.0;-;-;2344;-0.2; 0.0; 0.0;-12; 21.3;F;0;-;On;On;Off; 22.6; 22.3;0;0;2040;0;2040;0;1854;0;-
2026/05/14;01:27:56;-;-; 52.18; 0.0;-; 12.3; 14.2; 0.0;-;-;2344;-0.2; 0.0; 0.0;-12; 21.3;F;0;-;On;On;Off; 22.6; 22.3;0;0;2040;0;2040;0;1854;0;-
2026/05/14;01:28:56;-;-; 52.18; 0.0;-; 12.2; 14.0; 0.0;-;-;2344;-0.2; 0.0; 0.0;-12; 21.2;F;0;-;On;On;Off; 22.6; 22.3;0;0;2040;0;2040;0;1854;0;-
2026/05/14;01:29:56;-;-; 52.18; 0.0;-; 12.0; 13.9; 0.0;-;-;2344;-0.2; 0.0; 0.0;-12; 21.2;F;0;-;On;On;Off; 22.6; 22.3;0;0;2040;0;2040;0;1854;0;-
2026/05/14;01:30:56;-;-; 52.18; 0.0;-; 11.8; 13.8; 0.0;-;-;2344;-0.2; 0.0; 0.0;-12; 21.2;F;0;-;On;On;Off; 22.6; 22.3;0;0;2040;0;2040;0;1854;0;-
2026/05/14;01:31:56;-;-; 52.18; 0.0;-; 11.8; 13.8; 0.0;-;-;2344;-0.2; 0.0; 0.0;-11; 21.3;F;0;-;On;On;Off; 22.6; 22.3;0;0;2040;0;2040;0;1854;0;-
2026/05/14;01:32:56;-;-; 52.18; 0.0;-; 11.5; 13.6; 0.0;-;-;2344;-0.2; 0.0; 0.0;-12; 21.2;F;0;-;On;On;Off; 22.6; 22.3;0;0;2040;0;2040;0;1854;0;-
2026/05/14;01:33:56;-;-; 52.18; 0.0;-; 11.6; 13.6; 0.0;-;-;2344;-0.2; 0.0; 0.0;-12; 21.3;F;0;-;On;On;Off; 22.6; 22.3;0;0;2040;0;2040;0;1854;0;-
2026/05/14;01:34:56;-;-; 52.18; 0.0;-; 11.7; 13.6; 0.0;-;-;2344;-0.2; 0.0; 0.0;-12; 21.3;F;0;-;On;On;Off; 22.6; 22.3;0;0;2040;0;2040;0;1854;0;-
2026/05/14;01:35:56;-;-; 52.18; 0.0;-; 11.5; 13.4; 0.0;-;-;2344;-0.2; 0.0; 0.0;-12; 21.3;F;0;-;On;On;Off; 22.6; 22.3;0;0;2040;0;2040;0;1854;0;-
2026/05/14;01:36:56;-;-; 52.18; 0.0;-; 11.5; 13.5; 0.0;-;-;2344;-0.2; 0.0; 0.0;-12; 21.2;F;0;-;On;On;Off; 22.6; 22.3;0;0;2040;0;2040;0;1854;0;-
2026/05/14;01:37:56;-;-; 52.18; 0.0;-; 11.5; 13.5; 0.0;-;-;2344;-0.2; 0.0; 0.0;-11; 21.3;F;0;-;On;On;Off; 22.6; 22.3;0;0;2040;0;2040;0;1854;0;-
2026/05/14;01:38:56;-;-; 52.18; 0.0;-; 11.5; 13.4; 0.0;-;-;2344;-0.2; 0.0; 0.0;-12; 21.3;F;0;-;On;On;Off; 22.6; 22.3;0;0;2040;0;2040;0;1854;0;-
2026/05/14;01:39:56;-;-; 52.18; 0.0;-; 11.7; 13.7; 0.0;-;-;2344;-0.2; 0.0; 0.0;-12; 21.3;F;0;-;On;On;Off; 22.6; 22.3;0;0;2040;0;2040;0;1854;0;-
2026/05/14;01:40:55;-;-; 52.18; 0.0;-; 12.0; 13.8; 0.0;-;-;2344;-0.2; 0.0; 0.0;-11; 21.3;F;0;-;On;On;Off; 22.6; 22.3;0;0;2040;0;2040;0;1854;0;-
2026/05/14;01:41:55;-;-; 52.18; 0.0;-; 12.0; 13.9; 0.0;-;-;2344;-0.2; 0.0; 0.0;-12; 21.3;F;0;-;On;On;Off; 22.6; 22.3;0;0;2040;0;2040;0;1854;0;-
2026/05/14;01:42:55;-;-; 52.18; 0.0;-; 12.1; 13.9; 0.0;-;-;2344;-0.2; 0.0; 0.0;-11; 21.3;F;0;-;On;On;Off; 22.6; 22.3;0;0;2040;0;2040;0;1854;0;-
2026/05/14;01:43:55;-;-; 52.18; 0.0;-; 12.1; 13.8; 0.0;-;-;2344;-0.2; 0.0; 0.0;-11; 21.2;F;0;-;On;On;Off; 22.6; 22.3;0;0;2040;0;2040;0;1854;0;-
2026/05/14;01:44:55;-;-; 52.18; 0.0;-; 12.1; 14.0; 0.0;-;-;2344;-0.2; 0.0; 0.0;-12; 21.2;F;0;-;On;On;Off; 22.6; 22.3;0;0;2040;0;2040;0;1854;0;-
2026/05/14;01:45:55;-;-; 52.18; 0.0;-; 12.0; 13.8; 0.0;-;-;2344;-0.2; 0.0; 0.0;-12; 21.3;F;0;-;On;On;Off; 22.6; 22.3;0;0;2040;0;2040;0;1854;0;-
2026/05/14;01:46:55;-;-; 52.18; 0.0;-; 12.1; 14.1; 0.0;-;-;2344;-0.2; 0.0; 0.0;-12; 21.3;F;0;-;On;On;Off; 22.6; 22.3;0;0;2040;0;2040;0;1854;0;-
2026/05/14;01:47:55;-;-; 52.18; 0.0;-; 12.2; 13.9; 0.0;-;-;2344;-0.2; 0.0; 0.0;-12; 21.3;F;0;-;On;On;Off; 22.6; 22.3;0;0;2040;0;2040;0;1854;0;-
2026/05/14;01:48:55;-;-; 52.18; 0.0;-; 12.2; 14.0; 0.0;-;-;2344;-0.2; 0.0; 0.0;-11; 21.3;F;0;-;On;On;Off; 22.6; 22.3;0;0;2040;0;2040;0;1854;0;-
2026/05/14;01:49:55;-;-; 52.18; 0.0;-; 12.2; 14.1; 0.0;-;-;2344;-0.2; 0.0; 0.0;-11; 21.3;F;0;-;On;On;Off; 22.6; 22.3;0;0;2040;0;2040;0;1854;0;-
2026/05/14;01:50:55;-;-; 52.18; 0.0;-; 12.0; 14.0; 0.0;-;-;2344;-0.2; 0.0; 0.0;-12; 21.2;F;0;-;On;On;Off; 22.6; 22.3;0;0;2040;0;2040;0;1854;0;-
2026/05/14;01:51:55;-;-; 52.16; 0.0;-; 11.9; 13.7; 0.0;-;-;2344;-0.2; 0.0; 0.0;-12; 21.2;F;0;-;On;On;Off; 22.6; 22.3;0;0;2040;0;2040;0;1854;0;-
2026/05/14;01:52:55;-;-; 52.18; 0.0;-; 11.6; 13.5; 0.0;-;-;2344;-0.2; 0.0; 0.0;-12; 21.3;F;0;-;On;On;Off; 22.6; 22.3;0;0;2040;0;2040;0;1854;0;-
2026/05/14;01:53:55;-;-; 52.18; 0.0;-; 11.7; 13.6; 0.0;-;-;2344;-0.2; 0.0; 0.0;-12; 21.3;F;0;-;On;On;Off; 22.6; 22.3;0;0;2040;0;2040;0;1854;0;-
2026/05/14;01:54:55;-;-; 52.18; 0.0;-; 11.6; 13.6; 0.0;-;-;2344;-0.2; 0.0; 0.0;-12; 21.2;F;0;-;On;On;Off; 22.6; 22.3;0;0;2040;0;2040;0;1854;0;-
2026/05/14;01:55:55;-;-; 52.18; 0.0;-; 11.7; 13.5; 0.0;-;-;2344;-0.2; 0.0; 0.0;-11; 21.2;F;0;-;On;On;Off; 22.6; 22.3;0;0;2040;0;2040;0;1854;0;-
2026/05/14;01:56:54;-;-; 52.18; 0.0;-; 11.5; 13.4; 0.0;-;-;2344;-0.2; 0.0; 0.0;-12; 21.3;F;0;-;On;On;Off; 22.6; 22.3;0;0;2040;0;2040;0;1854;0;-
2026/05/14;01:57:54;-;-; 52.18; 0.0;-; 11.7; 13.7; 0.0;-;-;2344;-0.2; 0.0; 0.0;-12; 21.2;F;0;-;On;On;Off; 22.6; 22.3;0;0;2040;0;2040;0;1854;0;-
2026/05/14;01:58:54;-;-; 52.18; 0.0;-; 11.7; 13.6; 0.0;-;-;2344;-0.2; 0.0; 0.0;-12; 21.2;F;0;-;On;On;Off; 22.6; 22.3;0;0;2040;0;2040;0;1854;0;-
2026/05/14;01:59:54;-;-; 52.18; 0.0;-; 11.5; 13.6; 0.0;-;-;2344;-0.2; 0.0; 0.0;-12; 21.2;F;0;-;On;On;Off; 22.6; 22.3;0;0;2040;0;2040;0;1854;0;-
2026/05/14;02:00:54;-;-; 52.16; 0.0;-; 11.6; 13.5; 0.0;-;-;2344;-0.3; 0.0; 0.0;-13; 21.2;F;0;-;On;On;Off; 22.6; 22.3;0;0;2040;0;2040;0;1854;0;-
2026/05/14;02:01:54;-;-; 52.18; 0.0;-; 11.6; 13.6; 0.0;-;-;2344;-0.2; 0.0; 0.0;-12; 21.2;F;0;-;On;On;Off; 22.6; 22.3;0;0;2040;0;2040;0;1854;0;-
2026/05/14;02:02:54;-;-; 52.18; 0.0;-; 11.6; 13.5; 0.0;-;-;2344;-0.2; 0.0; 0.0;-12; 21.2;F;0;-;On;On;Off; 22.5; 22.3;0;0;2040;0;2040;0;1854;0;-
2026/05/14;02:03:54;-;-; 52.16; 0.0;-; 11.7; 13.7; 0.0;-;-;2344;-0.2; 0.0; 0.0;-12; 21.2;F;0;-;On;On;Off; 22.5; 22.3;0;0;2040;0;2040;0;1854;0;-
2026/05/14;02:04:54;-;-; 52.18; 0.0;-; 11.6; 13.6; 0.0;-;-;2344;-0.2; 0.0; 0.0;-12; 21.2;F;0;-;On;On;Off; 22.5; 22.3;0;0;2040;0;2040;0;1854;0;-
2026/05/14;02:05:54;-;-; 52.16; 0.0;-; 11.6; 13.7; 0.0;-;-;2344;-0.2; 0.0; 0.0;-12; 21.2;F;0;-;On;On;Off; 22.5; 22.3;0;0;2040;0;2040;0;1854;0;-
2026/05/14;02:06:54;-;-; 52.18; 0.0;-; 11.8; 13.8; 0.0;-;-;2344;-0.2; 0.0; 0.0;-12; 21.2;F;0;-;On;On;Off; 22.5; 22.3;0;0;2040;0;2040;0;1854;0;-
2026/05/14;02:07:54;-;-; 52.16; 0.0;-; 11.7; 13.7; 0.0;-;-;2344;-0.2; 0.0; 0.0;-11; 21.2;F;0;-;On;On;Off; 22.6; 22.3;0;0;2040;0;2040;0;1854;0;-
2026/05/14;02:08:54;-;-; 52.16; 0.0;-; 11.8; 13.8; 0.0;-;-;2344;-0.2; 0.0; 0.0;-12; 21.2;F;0;-;On;On;Off; 22.5; 22.3;0;0;2040;0;2040;0;1854;0;-
2026/05/14;02:09:54;-;-; 52.16; 0.0;-; 11.7; 13.7; 0.0;-;-;2344;-0.2; 0.0; 0.0;-12; 21.2;F;0;-;On;On;Off; 22.5; 22.3;0;0;2040;0;2040;0;1854;0;-
2026/05/14;02:10:54;-;-; 52.18; 0.0;-; 11.8; 13.8; 0.0;-;-;2344;-0.2; 0.0; 0.0;-12; 21.2;F;0;-;On;On;Off; 22.5; 22.3;0;0;2040;0;2040;0;1854;0;-
2026/05/14;02:11:54;-;-; 52.16; 0.0;-; 11.8; 13.8; 0.0;-;-;2344;-0.2; 0.0; 0.0;-12; 21.2;F;0;-;On;On;Off; 22.5; 22.3;0;0;2040;0;2040;0;1854;0;-
2026/05/14;02:12:53;-;-; 52.16; 0.0;-; 11.9; 13.8; 0.0;-;-;2344;-0.3; 0.0; 0.0;-12; 21.2;F;0;-;On;On;Off; 22.5; 22.3;0;0;2040;0;2040;0;1854;0;-
2026/05/14;02:13:53;-;-; 52.16; 0.0;-; 11.7; 13.7; 0.0;-;-;2344;-0.3; 0.0; 0.0;-12; 21.2;F;0;-;On;On;Off; 22.5; 22.2;0;0;2040;0;2040;0;1854;0;-
2026/05/14;02:14:53;-;-; 52.16; 0.0;-; 11.6; 13.7; 0.0;-;-;2344;-0.3; 0.0; 0.0;-13; 21.2;F;0;-;On;On;Off; 22.5; 22.2;0;0;2040;0;2040;0;1854;0;-
2026/05/14;02:15:53;-;-; 52.18; 0.0;-; 12.1; 14.0; 0.0;-;-;2344;-0.3; 0.0; 0.0;-13; 21.2;F;0;-;On;On;Off; 22.5; 22.2;0;0;2040;0;2040;0;1854;0;-
2026/05/14;02:16:53;-;-; 52.16; 0.0;-; 11.9; 13.9; 0.0;-;-;2344;-0.3; 0.0; 0.0;-13; 21.2;F;0;-;On;On;Off; 22.5; 22.2;0;0;2040;0;2040;0;1854;0;-
2026/05/14;02:17:53;-;-; 52.18; 0.0;-; 11.9; 13.9; 0.0;-;-;2344;-0.3; 0.0; 0.0;-13; 21.2;F;0;-;On;On;Off; 22.5; 22.2;0;0;2040;0;2040;0;1854;0;-
2026/05/14;02:18:53;-;-; 52.16; 0.0;-; 11.6; 13.8; 0.0;-;-;2344;-0.3; 0.0; 0.0;-12; 21.2;F;0;-;On;On;Off; 22.5; 22.2;0;0;2040;0;2040;0;1854;0;-
2026/05/14;02:19:53;-;-; 52.18; 0.0;-; 11.7; 13.7; 0.0;-;-;2344;-0.3; 0.0; 0.0;-12; 21.2;F;0;-;On;On;Off; 22.5; 22.2;0;0;2040;0;2040;0;1854;0;-
2026/05/14;02:20:53;-;-; 52.18; 0.0;-; 12.0; 14.0; 0.0;-;-;2344;-0.2; 0.0; 0.0;-12; 21.2;F;0;-;On;On;Off; 22.5; 22.2;0;0;2040;0;2040;0;1854;0;-
2026/05/14;02:21:53;-;-; 52.16; 0.0;-; 11.8; 13.8; 0.0;-;-;2344;-0.2; 0.0; 0.0;-12; 21.2;F;0;-;On;On;Off; 22.5; 22.2;0;0;2040;0;2040;0;1854;0;-
2026/05/14;02:22:53;-;-; 52.16; 0.0;-; 11.7; 13.5; 0.0;-;-;2344;-0.2; 0.0; 0.0;-12; 21.2;F;0;-;On;On;Off; 22.5; 22.2;0;0;2040;0;2040;0;1854;0;-
2026/05/14;02:23:53;-;-; 52.16; 0.0;-; 11.8; 13.7; 0.0;-;-;2344;-0.2; 0.0; 0.0;-12; 21.2;F;0;-;On;On;Off; 22.5; 22.2;0;0;2040;0;2040;0;1854;0;-
2026/05/14;02:24:53;-;-; 52.16; 0.0;-; 12.0; 13.9; 0.0;-;-;2344;-0.2; 0.0; 0.0;-12; 21.2;F;0;-;On;On;Off; 22.5; 22.2;0;0;2040;0;2040;0;1854;0;-
2026/05/14;02:25:53;-;-; 52.16; 0.0;-; 12.0; 14.0; 0.0;-;-;2344;-0.2; 0.0; 0.0;-12; 21.2;F;0;-;On;On;Off; 22.5; 22.2;0;0;2040;0;2040;0;1854;0;-
2026/05/14;02:26:53;-;-; 52.16; 0.0;-; 12.0; 13.9; 0.0;-;-;2344;-0.2; 0.0; 0.0;-12; 21.2;F;0;-;On;On;Off; 22.5; 22.2;0;0;2040;0;2040;0;1854;0;-
2026/05/14;02:27:53;-;-; 52.16; 0.0;-; 11.8; 13.8; 0.0;-;-;2344;-0.2; 0.0; 0.0;-12; 21.2;F;0;-;On;On;Off; 22.5; 22.2;0;0;2040;0;2040;0;1854;0;-
2026/05/14;02:28:52;-;-; 52.16; 0.0;-; 12.0; 13.8; 0.0;-;-;2344;-0.2; 0.0; 0.0;-12; 21.2;F;0;-;On;On;Off; 22.5; 22.2;0;0;2040;0;2040;0;1854;0;-
2026/05/14;02:29:52;-;-; 52.16; 0.0;-; 12.1; 14.1; 0.0;-;-;2344;-0.2; 0.0; 0.0;-12; 21.2;F;0;-;On;On;Off; 22.5; 22.2;0;0;2040;0;2040;0;1854;0;-
2026/05/14;02:30:52;-;-; 52.16; 0.0;-; 12.1; 14.1; 0.0;-;-;2344;-0.2; 0.0; 0.0;-12; 21.2;F;0;-;On;On;Off; 22.5; 22.2;0;0;2040;0;2040;0;1854;0;-
2026/05/14;02:31:52;-;-; 52.16; 0.0;-; 12.0; 14.0; 0.0;-;-;2344;-0.2; 0.0; 0.0;-12; 21.2;F;0;-;On;On;Off; 22.5; 22.2;0;0;2040;0;2040;0;1854;0;-
2026/05/14;02:32:52;-;-; 52.16; 0.0;-; 12.0; 14.0; 0.0;-;-;2344;-0.2; 0.0; 0.0;-12; 21.2;F;0;-;On;On;Off; 22.5; 22.2;0;0;2040;0;2040;0;1854;0;-
2026/05/14;02:33:52;-;-; 52.16; 0.0;-; 12.0; 14.0; 0.0;-;-;2344;-0.2; 0.0; 0.0;-12; 21.2;F;0;-;On;On;Off; 22.5; 22.2;0;0;2040;0;2040;0;1854;0;-
2026/05/14;02:34:52;-;-; 52.16; 0.0;-; 11.9; 14.0; 0.0;-;-;2344;-0.2; 0.0; 0.0;-12; 21.2;F;0;-;On;On;Off; 22.5; 22.2;0;0;2040;0;2040;0;1854;0;-
2026/05/14;02:35:52;-;-; 52.16; 0.0;-; 11.9; 13.9; 0.0;-;-;2344;-0.2; 0.0; 0.0;-12; 21.2;F;0;-;On;On;Off; 22.5; 22.2;0;0;2040;0;2040;0;1854;0;-
2026/05/14;02:36:52;-;-; 52.16; 0.0;-; 12.0; 14.0; 0.0;-;-;2344;-0.2; 0.0; 0.0;-12; 21.2;F;0;-;On;On;Off; 22.5; 22.2;0;0;2040;0;2040;0;1854;0;-
2026/05/14;02:37:52;-;-; 52.16; 0.0;-; 12.0; 14.0; 0.0;-;-;2344;-0.2; 0.0; 0.0;-12; 21.2;F;0;-;On;On;Off; 22.5; 22.2;0;0;2040;0;2040;0;1854;0;-
2026/05/14;02:38:52;-;-; 52.16; 0.0;-; 12.2; 14.2; 0.0;-;-;2344;-0.2; 0.0; 0.0;-12; 21.2;F;0;-;On;On;Off; 22.5; 22.2;0;0;2040;0;2040;0;1854;0;-
2026/05/14;02:39:52;-;-; 52.16; 0.0;-; 12.1; 14.0; 0.0;-;-;2344;-0.2; 0.0; 0.0;-11; 21.2;F;0;-;On;On;Off; 22.5; 22.2;0;0;2040;0;2040;0;1854;0;-
2026/05/14;02:40:52;-;-; 52.14; 0.0;-; 12.1; 14.2; 0.0;-;-;2344;-0.2; 0.0; 0.0;-12; 21.2;F;0;-;On;On;Off; 22.5; 22.2;0;0;2040;0;2040;0;1854;0;-
2026/05/14;02:41:52;-;-; 52.16; 0.0;-; 12.2; 14.1; 0.0;-;-;2344;-0.2; 0.0; 0.0;-12; 21.2;F;0;-;On;On;Off; 22.5; 22.2;0;0;2040;0;2040;0;1854;0;-
2026/05/14;02:42:52;-;-; 52.16; 0.0;-; 12.0; 14.0; 0.0;-;-;2344;-0.2; 0.0; 0.0;-12; 21.2;F;0;-;On;On;Off; 22.5; 22.2;0;0;2040;0;2040;0;1854;0;-
2026/05/14;02:43:52;-;-; 52.16; 0.0;-; 12.1; 13.9; 0.0;-;-;2344;-0.3; 0.0; 0.0;-12; 21.2;F;0;-;On;On;Off; 22.5; 22.2;0;0;2040;0;2040;0;1854;0;-
2026/05/14;02:44:51;-;-; 52.16; 0.0;-; 12.3; 14.4; 0.0;-;-;2344;-0.2; 0.0; 0.0;-12; 21.2;F;0;-;On;On;Off; 22.5; 22.2;0;0;2040;0;2040;0;1854;0;-
2026/05/14;02:45:51;-;-; 52.14; 0.0;-; 12.5; 14.2; 0.0;-;-;2344;-0.2; 0.0; 0.0;-12; 21.2;F;0;-;On;On;Off; 22.5; 22.2;0;0;2040;0;2040;0;1854;0;-
2026/05/14;02:46:51;-;-; 52.16; 0.0;-; 12.5; 14.3; 0.0;-;-;2344;-0.3; 0.0; 0.0;-13; 21.2;F;0;-;On;On;Off; 22.5; 22.2;0;0;2040;0;2040;0;1854;0;-
2026/05/14;02:47:51;-;-; 52.16; 0.0;-; 16.0; 14.5; 0.0;-;-;2344;-0.3; 0.0; 0.0;-13; 21.2;F;0;-;On;On;Off; 22.5; 22.2;0;0;2040;0;2040;0;1854;0;-
2026/05/14;02:48:51;-;-; 52.16; 0.0;-; 13.1; 14.5; 0.0;-;-;2344;-0.2; 0.0; 0.0;-12; 21.2;F;0;-;On;On;Off; 22.5; 22.2;0;0;2040;0;2040;0;1854;0;-
2026/05/14;02:49:51;-;-; 52.16; 0.0;-; 13.0; 14.5; 0.0;-;-;2344;-0.3; 0.0; 0.0;-13; 21.2;F;0;-;On;On;Off; 22.5; 22.2;0;0;2040;0;2040;0;1854;0;-
2026/05/14;02:50:51;-;-; 52.16; 0.0;-; 12.6; 14.3; 0.0;-;-;2344;-0.3; 0.0; 0.0;-13; 21.2;F;0;-;On;On;Off; 22.5; 22.2;0;0;2040;0;2040;0;1854;0;-
2026/05/14;02:51:51;-;-; 52.16; 0.0;-; 12.6; 14.3; 0.0;-;-;2344;-0.2; 0.0; 0.0;-12; 21.2;F;0;-;On;On;Off; 22.5; 22.2;0;0;2040;0;2040;0;1854;0;-
2026/05/14;02:52:51;-;-; 52.16; 0.0;-; 12.6; 14.3; 0.0;-;-;2344;-0.2; 0.0; 0.0;-12; 21.2;F;0;-;On;On;Off; 22.4; 22.2;0;0;2040;0;2040;0;1854;0;-
2026/05/14;02:53:51;-;-; 52.16; 0.0;-; 12.7; 14.5; 0.0;-;-;2344;-0.2; 0.0; 0.0;-12; 21.2;F;0;-;On;On;Off; 22.5; 22.2;0;0;2040;0;2040;0;1854;0;-
2026/05/14;02:54:51;-;-; 52.16; 0.0;-; 12.8; 14.5; 0.0;-;-;2344;-0.2; 0.0; 0.0;-12; 21.2;F;0;-;On;On;Off; 22.4; 22.2;0;0;2040;0;2040;0;1854;0;-
2026/05/14;02:55:51;-;-; 52.16; 0.0;-; 12.9; 14.7; 0.0;-;-;2344;-0.2; 0.0; 0.0;-12; 21.2;F;0;-;On;On;Off; 22.5; 22.2;0;0;2040;0;2040;0;1854;0;-
2026/05/14;02:56:51;-;-; 52.16; 0.0;-; 12.8; 14.7; 0.0;-;-;2344;-0.2; 0.0; 0.0;-11; 21.2;F;0;-;On;On;Off; 22.5; 22.2;0;0;2040;0;2040;0;1854;0;-
2026/05/14;02:57:51;-;-; 52.16; 0.0;-; 12.9; 14.6; 0.0;-;-;2344;-0.2; 0.0; 0.0;-11; 21.2;F;0;-;On;On;Off; 22.5; 22.2;0;0;2040;0;2040;0;1854;0;-
2026/05/14;02:58:51;-;-; 52.16; 0.0;-; 13.0; 14.6; 0.0;-;-;2344;-0.2; 0.0; 0.0;-11; 21.2;F;0;-;On;On;Off; 22.4; 22.2;0;0;2040;0;2040;0;1854;0;-
2026/05/14;02:59:51;-;-; 52.14; 0.0;-; 13.1; 14.7; 0.0;-;-;2344;-0.2; 0.0; 0.0;-12; 21.2;F;0;-;On;On;Off; 22.4; 22.2;0;0;2040;0;2040;0;1854;0;-
2026/05/14;03:00:50;-;-; 52.16; 0.0;-; 13.2; 14.8; 0.0;-;-;2344;-0.2; 0.0; 0.0;-12; 21.2;F;0;-;On;On;Off; 22.4; 22.2;0;0;2040;0;2040;0;1854;0;-
2026/05/14;03:01:50;-;-; 52.16; 0.0;-; 13.3; 15.0; 0.0;-;-;2344;-0.3; 0.0; 0.0;-12; 21.2;F;0;-;On;On;Off; 22.4; 22.2;0;0;2040;0;2040;0;1854;0;-
2026/05/14;03:02:50;-;-; 52.16; 0.0;-; 13.3; 14.9; 0.0;-;-;2344;-0.2; 0.0; 0.0;-12; 21.2;F;0;-;On;On;Off; 22.4; 22.2;0;0;2040;0;2040;0;1854;0;-
2026/05/14;03:03:50;-;-; 52.16; 0.0;-; 13.4; 15.2; 0.0;-;-;2344;-0.2; 0.0; 0.0;-12; 21.2;F;0;-;On;On;Off; 22.4; 22.2;0;0;2040;0;2040;0;1854;0;-
2026/05/14;03:04:50;-;-; 52.16; 0.0;-; 13.8; 15.3; 0.0;-;-;2344;-0.2; 0.0; 0.0;-12; 21.2;F;0;-;On;On;Off; 22.4; 22.2;0;0;2040;0;2040;0;1854;0;-
2026/05/14;03:05:50;-;-; 52.16; 0.0;-; 13.9; 15.6; 0.0;-;-;2344;-0.2; 0.0; 0.0;-12; 21.2;F;0;-;On;On;Off; 22.4; 22.2;0;0;2040;0;2040;0;1854;0;-
2026/05/14;03:06:50;-;-; 52.16; 0.0;-; 14.1; 15.5; 0.0;-;-;2344;-0.2; 0.0; 0.0;-12; 21.2;F;0;-;On;On;Off; 22.4; 22.1;0;0;2040;0;2040;0;1854;0;-
2026/05/14;03:07:50;-;-; 52.16; 0.0;-; 13.9; 15.5; 0.0;-;-;2344;-0.2; 0.0; 0.0;-12; 21.2;F;0;-;On;On;Off; 22.4; 22.1;0;0;2040;0;2040;0;1854;0;-
2026/05/14;03:08:50;-;-; 52.16; 0.0;-; 14.0; 15.5; 0.0;-;-;2344;-0.2; 0.0; 0.0;-11; 21.2;F;0;-;On;On;Off; 22.4; 22.1;0;0;2040;0;2040;0;1854;0;-
2026/05/14;03:09:50;-;-; 52.16; 0.0;-; 14.0; 15.5; 0.0;-;-;2344;-0.2; 0.0; 0.0;-12; 21.2;F;0;-;On;On;Off; 22.4; 22.1;0;0;2040;0;2040;0;1854;0;-
2026/05/14;03:10:50;-;-; 52.16; 0.0;-; 14.1; 15.6; 0.0;-;-;2344;-0.2; 0.0; 0.0;-12; 21.2;F;0;-;On;On;Off; 22.4; 22.1;0;0;2040;0;2040;0;1854;0;-
2026/05/14;03:11:50;-;-; 52.16; 0.0;-; 14.2; 15.7; 0.0;-;-;2344;-0.2; 0.0; 0.0;-12; 21.2;F;0;-;On;On;Off; 22.4; 22.1;0;0;2040;0;2040;0;1854;0;-
2026/05/14;03:12:50;-;-; 52.16; 0.0;-; 14.3; 15.7; 0.0;-;-;2344;-0.3; 0.0; 0.0;-12; 21.2;F;0;-;On;On;Off; 22.4; 22.1;0;0;2040;0;2040;0;1854;0;-
2026/05/14;03:13:50;-;-; 52.16; 0.0;-; 14.2; 15.7; 0.0;-;-;2344;-0.3; 0.0; 0.0;-13; 21.2;F;0;-;On;On;Off; 22.4; 22.1;0;0;2040;0;2040;0;1854;0;-
2026/05/14;03:14:50;-;-; 52.14; 0.0;-; 14.4; 15.9; 0.0;-;-;2344;-0.2; 0.0; 0.0;-12; 21.2;F;0;-;On;On;Off; 22.4; 22.1;0;0;2040;0;2040;0;1854;0;-
2026/05/14;03:15:50;-;-; 52.16; 0.0;-; 14.8; 16.1; 0.0;-;-;2344;-0.2; 0.0; 0.0;-12; 21.2;F;0;-;On;On;Off; 22.4; 22.1;0;0;2040;0;2040;0;1854;0;-
2026/05/14;03:16:49;-;-; 52.16; 0.0;-; 14.9; 16.2; 0.0;-;-;2344;-0.2; 0.0; 0.0;-12; 21.2;F;0;-;On;On;Off; 22.4; 22.1;0;0;2040;0;2040;0;1854;0;-
2026/05/14;03:17:49;-;-; 52.16; 0.0;-; 15.2; 16.6; 0.0;-;-;2344;-0.2; 0.0; 0.0;-12; 21.2;F;0;-;On;On;Off; 22.4; 22.1;0;0;2040;0;2040;0;1854;0;-
2026/05/14;03:18:49;-;-; 52.14; 0.0;-; 15.7; 16.9; 0.0;-;-;2344;-0.3; 0.0; 0.0;-12; 21.2;F;0;-;On;On;Off; 22.4; 22.1;0;0;2040;0;2040;0;1854;0;-
2026/05/14;03:19:49;-;-; 52.16; 0.0;-; 16.1; 17.1; 0.0;-;-;2344;-0.2; 0.0; 0.0;-12; 21.2;F;0;-;On;On;Off; 22.4; 22.1;0;0;2040;0;2040;0;1854;0;-
2026/05/14;03:20:49;-;-; 52.16; 0.0;-; 16.1; 17.2; 0.0;-;-;2344;-0.2; 0.0; 0.0;-12; 21.2;F;0;-;On;On;Off; 22.4; 22.1;0;0;2040;0;2040;0;1854;0;-
2026/05/14;03:21:49;-;-; 52.16; 0.0;-; 17.0; 18.1; 0.0;-;-;2344;-0.2; 0.0; 0.0;-12; 21.2;F;0;-;On;On;Off; 22.4; 22.1;0;0;2040;0;2040;0;1854;0;-
2026/05/14;03:22:49;-;-; 52.16; 0.0;-; 17.1; 18.2; 0.0;-;-;2344;-0.2; 0.0; 0.0;-12; 21.2;F;0;-;On;On;Off; 22.4; 22.1;0;0;2040;0;2040;0;1854;0;-
2026/05/14;03:23:49;-;-; 52.14; 0.0;-; 17.2; 18.3; 0.0;-;-;2344;-0.2; 0.0; 0.0;-12; 21.2;F;0;-;On;On;Off; 22.4; 22.1;0;0;2040;0;2040;0;1854;0;-
2026/05/14;03:24:49;-;-; 52.16; 0.0;-; 17.7; 18.7; 0.0;-;-;2344;-0.2; 0.0; 0.0;-12; 21.2;F;0;-;On;On;Off; 22.4; 22.1;0;0;2040;0;2040;0;1854;0;-
2026/05/14;03:25:49;-;-; 52.16; 0.0;-; 17.8; 18.9; 0.0;-;-;2344;-0.2; 0.0; 0.0;-12; 21.2;F;0;-;On;On;Off; 22.4; 22.1;0;0;2040;0;2040;0;1854;0;-
2026/05/14;03:26:49;-;-; 52.16; 0.0;-; 18.5; 19.3; 0.0;-;-;2344;-0.2; 0.0; 0.0;-11; 21.2;F;0;-;On;On;Off; 22.4; 22.1;0;0;2040;0;2040;0;1854;0;-
2026/05/14;03:27:49;-;-; 52.16; 0.0;-; 18.5; 19.4; 0.0;-;-;2344;-0.2; 0.0; 0.0;-12; 21.2;F;0;-;On;On;Off; 22.4; 22.1;0;0;2040;0;2040;0;1854;0;-
2026/05/14;03:28:49;-;-; 52.16; 0.0;-; 18.4; 19.3; 0.0;-;-;2344;-0.2; 0.0; 0.0;-11; 21.2;F;0;-;On;On;Off; 22.4; 22.1;0;0;2040;0;2040;0;1854;0;-
2026/05/14;03:29:49;-;-; 52.16; 0.0;-; 18.4; 19.4; 0.0;-;-;2344;-0.2; 0.0; 0.0;-11; 21.2;F;0;-;On;On;Off; 22.4; 22.1;0;0;2040;0;2040;0;1854;0;-
2026/05/14;03:30:49;-;-; 52.14; 0.0;-; 18.4; 19.3; 0.0;-;-;2344;-0.2; 0.0; 0.0;-11; 21.2;F;0;-;On;On;Off; 22.4; 22.1;0;0;2040;0;2040;0;1854;0;-
2026/05/14;03:31:49;-;-; 52.16; 0.0;-; 18.3; 19.2; 0.0;-;-;2344;-0.2; 0.0; 0.0;-12; 21.2;F;0;-;On;On;Off; 22.4; 22.1;0;0;2040;0;2040;0;1854;0;-
2026/05/14;03:32:48;-;-; 52.16; 0.0;-; 18.7; 19.6; 0.0;-;-;2344;-0.2; 0.0; 0.0;-12; 21.2;F;0;-;On;On;Off; 22.4; 22.1;0;0;2040;0;2040;0;1854;0;-
2026/05/14;03:33:48;-;-; 52.16; 0.0;-; 19.2; 19.9; 0.0;-;-;2344;-0.2; 0.0; 0.0;-12; 21.2;F;0;-;On;On;Off; 22.4; 22.1;0;0;2040;0;2040;0;1854;0;-
2026/05/14;03:34:48;-;-; 52.16; 0.0;-; 19.1; 19.8; 0.0;-;-;2344;-0.2; 0.0; 0.0;-12; 21.2;F;0;-;On;On;Off; 22.4; 22.1;0;0;2040;0;2040;0;1854;0;-
2026/05/14;03:35:48;-;-; 52.16; 0.0;-; 19.1; 19.9; 0.0;-;-;2344;-0.2; 0.0; 0.0;-12; 21.2;F;0;-;On;On;Off; 22.4; 22.1;0;0;2040;0;2040;0;1854;0;-
2026/05/14;03:36:48;-;-; 52.16; 0.0;-; 19.1; 19.9; 0.0;-;-;2344;-0.2; 0.0; 0.0;-12; 21.2;F;0;-;On;On;Off; 22.4; 22.1;0;0;2040;0;2040;0;1854;0;-
2026/05/14;03:37:48;-;-; 52.16; 0.0;-; 19.4; 20.2; 0.0;-;-;2344;-0.2; 0.0; 0.0;-12; 21.2;F;0;-;On;On;Off; 22.4; 22.1;0;0;2040;0;2040;0;1854;0;-
2026/05/14;03:38:48;-;-; 52.16; 0.0;-; 20.3; 20.8; 0.0;-;-;2344;-0.2; 0.0; 0.0;-12; 21.2;F;0;-;On;On;Off; 22.4; 22.1;0;0;2040;0;2040;0;1854;0;-
2026/05/14;03:39:48;-;-; 52.16; 0.0;-; 20.9; 21.4; 0.0;-;-;2344;-0.2; 0.0; 0.0;-11; 21.2;F;0;-;On;On;Off; 22.4; 22.1;0;0;2040;0;2040;0;1854;0;-
2026/05/14;03:40:48;-;-; 52.16; 0.0;-; 20.7; 21.2; 0.0;-;-;2344;-0.2; 0.0; 0.0;-12; 21.2;F;0;-;On;On;Off; 22.4; 22.1;0;0;2040;0;2040;0;1854;0;-
2026/05/14;03:41:48;-;-; 52.16; 0.0;-; 20.7; 21.2; 0.0;-;-;2344;-0.3; 0.0; 0.0;-12; 21.2;F;0;-;On;On;Off; 22.3; 22.1;0;0;2040;0;2040;0;1854;0;-
2026/05/14;03:42:48;-;-; 52.16; 0.0;-; 22.0; 22.5; 0.0;-;-;2344;-0.3; 0.0; 0.0;-13; 21.2;F;0;-;On;On;Off; 22.3; 22.1;0;0;2040;0;2040;0;1854;0;-
2026/05/14;03:43:48;-;-; 52.16; 0.0;-; 22.4; 22.8; 0.0;-;-;2344;-0.3; 0.0; 0.0;-13; 21.2;F;0;-;On;On;Off; 22.3; 22.1;0;0;2040;0;2040;0;1854;0;-
2026/05/14;03:44:48;-;-; 52.14; 0.0;-; 22.9; 23.0; 0.0;-;-;2344;-0.3; 0.0; 0.0;-12; 21.2;F;0;-;On;On;Off; 22.3; 22.1;0;0;2040;0;2040;0;1854;0;-
2026/05/14;03:45:48;-;-; 52.16; 0.0;-; 24.5; 24.8; 0.0;-;-;2344;-0.3; 0.0; 0.0;-12; 21.1;F;0;-;On;On;Off; 22.4; 22.1;0;0;2040;0;2040;0;1854;0;-
2026/05/14;03:46:48;-;-; 52.16; 0.0;-; 24.6; 24.8; 0.0;-;-;2344;-0.2; 0.0; 0.0;-12; 21.1;F;0;-;On;On;Off; 22.3; 22.1;0;0;2040;0;2040;0;1854;0;-
2026/05/14;03:47:48;-;-; 52.16; 0.0;-; 26.0; 26.0; 0.0;-;-;2344;-0.2; 0.0; 0.0;-12; 21.1;F;0;-;On;On;Off; 22.3; 22.1;0;0;2040;0;2040;0;1854;0;-
2026/05/14;03:48:47;-;-; 52.16; 0.0;-; 26.2; 26.1; 0.0;-;-;2344;-0.2; 0.0; 0.0;-12; 21.1;F;0;-;On;On;Off; 22.3; 22.1;0;0;2040;0;2040;0;1854;0;-
2026/05/14;03:49:47;-;-; 52.16; 0.0;-; 26.8; 26.7; 0.0;-;-;2344;-0.2; 0.0; 0.0;-12; 21.2;F;0;-;On;On;Off; 22.3; 22.1;0;0;2040;0;2040;0;1854;0;-
2026/05/14;03:50:47;-;-; 52.16; 0.0;-; 27.2; 27.1; 0.0;-;-;2344;-0.2; 0.0; 0.0;-12; 21.2;F;0;-;On;On;Off; 22.3; 22.0;0;0;2040;0;2040;0;1854;0;-
2026/05/14;03:51:47;-;-; 52.16; 0.0;-; 28.3; 28.1; 0.0;-;-;2344;-0.2; 0.0; 0.0;-12; 21.2;F;0;-;On;On;Off; 22.3; 22.1;0;0;2040;0;2040;0;1854;0;-
2026/05/14;03:52:47;-;-; 52.16; 0.0;-; 29.3; 28.9; 0.0;-;-;2344;-0.2; 0.0; 0.0;-12; 21.1;F;0;-;On;On;Off; 22.3; 22.0;0;0;2040;0;2040;0;1854;0;-
2026/05/14;03:53:47;-;-; 52.16; 0.0;-; 31.0; 30.7; 0.0;-;-;2344;-0.2; 0.0; 0.0;-12; 21.1;F;0;-;On;On;Off; 22.3; 22.1;0;0;2040;0;2040;0;1854;0;-
2026/05/14;03:54:47;-;-; 52.16; 0.0;-; 32.2; 31.7; 0.0;-;-;2344;-0.2; 0.0; 0.0;-12; 21.2;F;0;-;On;On;Off; 22.3; 22.0;0;0;2040;0;2040;0;1854;0;-
2026/05/14;03:55:47;-;-; 52.16; 0.0;-; 32.0; 31.6; 0.0;-;-;2344;-0.2; 0.0; 0.0;-12; 21.1;F;0;-;On;On;Off; 22.3; 22.0;0;0;2040;0;2040;0;1854;0;-
2026/05/14;03:56:47;-;-; 52.16; 0.0;-; 31.7; 31.1; 0.0;-;-;2344;-0.2; 0.0; 0.0;-12; 21.1;F;0;-;On;On;Off; 22.3; 22.0;0;0;2040;0;2040;0;1854;0;-
2026/05/14;03:57:47;-;-; 52.16; 0.0;-; 32.8; 32.3; 0.0;-;-;2344;-0.2; 0.0; 0.0;-12; 21.1;F;0;-;On;On;Off; 22.3; 22.0;0;0;2040;0;2040;0;1854;0;-
2026/05/14;03:58:47;-;-; 52.16; 0.0;-; 33.6; 33.0; 0.0;-;-;2344;-0.2; 0.0; 0.0;-12; 21.1;F;0;-;On;On;Off; 22.3; 22.0;0;0;2040;0;2040;0;1854;0;-
2026/05/14;03:59:47;-;-; 52.16; 0.0;-; 34.9; 34.2; 0.0;-;-;2344;-0.2; 0.0; 0.0;-12; 21.1;F;0;-;On;On;Off; 22.3; 22.0;0;0;2040;0;2040;0;1854;0;-
2026/05/14;04:00:47;-;-; 52.16; 0.0;-; 35.4; 34.4; 0.0;-;-;2344;-0.2; 0.0; 0.0;-12; 21.1;F;0;-;On;On;Off; 22.3; 22.0;0;0;2040;0;2040;0;1854;0;-
2026/05/14;04:01:47;-;-; 52.16; 0.0;-; 37.5; 36.5; 0.0;-;-;2344;-0.2; 0.0; 0.0;-12; 21.1;F;0;-;On;On;Off; 22.3; 22.0;0;0;2040;0;2040;0;1854;0;-
2026/05/14;04:02:47;-;-; 52.16; 0.0;-; 37.4; 36.4; 0.0;-;-;2344;-0.2; 0.0; 0.0;-12; 21.1;F;0;-;On;On;Off; 22.3; 22.0;0;0;2040;0;2040;0;1854;0;-
2026/05/14;04:03:47;-;-; 52.16; 0.0;-; 38.6; 37.5; 0.0;-;-;2344;-0.2; 0.0; 0.0;-12; 21.1;F;0;-;On;On;Off; 22.3; 22.0;0;0;2040;0;2040;0;1854;0;-
2026/05/14;04:04:46;-;-; 52.16; 0.0;-; 38.7; 37.7; 0.0;-;-;2344;-0.2; 0.0; 0.0;-11; 21.1;F;0;-;On;On;Off; 22.3; 22.0;0;0;2040;0;2040;0;1854;0;-
2026/05/14;04:05:46;-;-; 52.16; 0.0;-; 39.4; 38.2; 0.0;-;-;2344;-0.3; 0.0; 0.0;-12; 21.1;F;0;-;On;On;Off; 22.3; 22.0;0;0;2040;0;2040;0;1854;0;-
2026/05/14;04:06:46;-;-; 52.16; 0.0;-; 39.8; 38.6; 0.0;-;-;2344;-0.3; 0.0; 0.0;-12; 21.1;F;0;-;On;On;Off; 22.3; 22.0;0;0;2040;0;2040;0;1854;0;-
2026/05/14;04:07:46;-;-; 52.16; 0.0;-; 40.7; 39.7; 0.0;-;-;2344;-0.3; 0.0; 0.0;-12; 21.1;F;0;-;On;On;Off; 22.3; 22.0;0;0;2040;0;2040;0;1854;0;-
2026/05/14;04:08:46;-;-; 52.16; 0.0;-; 41.7; 40.6; 0.0;-;-;2344;-0.2; 0.0; 0.0;-12; 21.1;F;0;-;On;On;Off; 22.3; 22.0;0;0;2040;0;2040;0;1854;0;-
2026/05/14;04:09:46;-;-; 52.16; 0.0;-; 42.8; 41.7; 0.0;-;-;2344;-0.3; 0.0; 0.0;-12; 21.1;F;0;-;On;On;Off; 22.3; 22.0;0;0;2040;0;2040;0;1854;0;-
2026/05/14;04:10:46;-;-; 52.14; 0.0;-; 43.3; 42.3; 0.0;-;-;2344;-0.2; 0.0; 0.0;-12; 21.2;F;0;-;On;On;Off; 22.3; 22.0;0;0;2040;0;2040;0;1854;0;-
2026/05/14;04:11:46;-;-; 52.16; 0.0;-; 43.9; 42.9; 0.0;-;-;2344;-0.3; 0.0; 0.0;-12; 21.1;F;0;-;On;On;Off; 22.3; 22.0;0;0;2040;0;2040;0;1854;0;-
2026/05/14;04:12:46;-;-; 52.16; 0.0;-; 44.9; 43.9; 0.0;-;-;2344;-0.3; 0.0; 0.0;-12; 21.1;F;0;-;On;On;Off; 22.3; 22.0;0;0;2040;0;2040;0;1854;0;-
2026/05/14;04:13:46;-;-; 52.16; 0.0;-; 44.9; 43.9; 0.0;-;-;2344;-0.2; 0.0; 0.0;-12; 21.1;F;0;-;On;On;Off; 22.3; 22.0;0;0;2040;0;2040;0;1854;0;-
2026/05/14;04:14:46;-;-; 52.16; 0.0;-; 46.4; 45.6; 0.0;-;-;2344;-0.3; 0.0; 0.0;-12; 21.1;F;0;-;On;On;Off; 22.3; 22.0;0;0;2040;0;2040;0;1854;0;-
2026/05/14;04:15:46;-;-; 52.16; 0.0;-; 46.8; 45.8; 0.0;-;-;2344;-0.3; 0.0; 0.0;-13; 21.1;F;0;-;On;On;Off; 22.3; 22.0;0;0;2040;0;2040;0;1854;0;-
2026/05/14;04:16:46;-;-; 52.16; 0.0;-; 47.0; 46.1; 0.0;-;-;2344;-0.3; 0.0; 0.0;-13; 21.1;F;0;-;On;On;Off; 22.3; 22.0;0;0;2040;0;2040;0;1854;0;-
2026/05/14;04:17:46;-;-; 52.16; 0.0;-; 47.9; 47.0; 0.0;-;-;2344;-0.3; 0.0; 0.0;-13; 21.2;F;0;-;On;On;Off; 22.3; 22.0;0;0;2040;0;2040;0;1854;0;-
2026/05/14;04:18:46;-;-; 52.16; 0.0;-; 48.7; 47.9; 0.0;-;-;2344;-0.3; 0.0; 0.0;-13; 21.2;F;0;-;On;On;Off; 22.3; 22.0;0;0;2040;0;2040;0;1854;0;-
2026/05/14;04:19:46;-;-; 52.16; 0.0;-; 48.9; 48.1; 0.0;-;-;2344;-0.3; 0.0; 0.0;-12; 21.1;F;0;-;On;On;Off; 22.3; 22.0;0;0;2040;0;2040;0;1854;0;-
2026/05/14;04:20:45;-;-; 52.16; 0.0;-; 49.1; 48.2; 0.0;-;-;2344;-0.3; 0.0; 0.0;-12; 21.1;F;0;-;On;On;Off; 22.3; 22.0;0;0;2040;0;2040;0;1854;0;-
2026/05/14;04:21:45;-;-; 52.16; 0.0;-; 49.9; 49.1; 0.0;-;-;2344;-0.2; 0.0; 0.0;-12; 21.1;F;0;-;On;On;Off; 22.3; 22.0;0;0;2040;0;2040;0;1854;0;-
2026/05/14;04:22:45;-;-; 52.16; 0.0;-; 50.4; 49.6; 0.0;-;-;2344;-0.2; 0.0; 0.0;-12; 21.1;F;0;-;On;On;Off; 22.3; 22.0;0;0;2040;0;2040;0;1854;0;-
2026/05/14;04:23:45;-;-; 52.16; 0.0;-; 51.2; 50.4; 0.0;-;-;2344;-0.3; 0.0; 0.0;-12; 21.1;F;0;-;On;On;Off; 22.3; 22.0;0;0;2040;0;2040;0;1854;0;-
2026/05/14;04:24:45;-;-; 52.16; 0.0;-; 51.8; 51.2; 0.0;-;-;2344;-0.2; 0.0; 0.0;-12; 21.2;F;0;-;On;On;Off; 22.3; 22.0;0;0;2040;0;2040;0;1854;0;-
2026/05/14;04:25:45;-;-; 52.16; 0.0;-; 52.4; 51.7; 0.0;-;-;2344;-0.2; 0.0; 0.0;-12; 21.1;F;0;-;On;On;Off; 22.3; 22.0;0;0;2040;0;2040;0;1854;0;-
2026/05/14;04:26:45;-;-; 52.16; 0.0;-; 52.2; 51.5; 0.0;-;-;2344;-0.2; 0.0; 0.0;-12; 21.1;F;0;-;On;On;Off; 22.3; 22.0;0;0;2040;0;2040;0;1854;0;-
2026/05/14;04:27:45;-;-; 52.16; 0.0;-; 52.4; 51.7; 0.0;-;-;2344;-0.2; 0.0; 0.0;-11; 21.1;F;0;-;On;On;Off; 22.3; 22.0;0;0;2040;0;2040;0;1854;0;-
2026/05/14;04:28:45;-;-; 52.16; 0.0;-; 52.7; 52.1; 0.0;-;-;2344;-0.2; 0.0; 0.0;-12; 21.1;F;0;-;On;On;Off; 22.3; 22.0;0;0;2040;0;2040;0;1854;0;-
2026/05/14;04:29:45;-;-; 52.16; 0.0;-; 53.5; 52.8; 0.0;-;-;2344;-0.2; 0.0; 0.0;-11; 21.2;F;0;-;On;On;Off; 22.3; 22.0;0;0;2040;0;2040;0;1854;0;-
2026/05/14;04:30:45;-;-; 52.16; 0.0;-; 53.8; 53.2; 0.0;-;-;2344;-0.2; 0.0; 0.0;-12; 21.2;F;0;-;On;On;Off; 22.3; 22.0;0;0;2040;0;2040;0;1854;0;-
2026/05/14;04:31:45;-;-; 52.16; 0.0;-; 53.9; 53.2; 0.0;-;-;2344;-0.2; 0.0; 0.0;-12; 21.1;F;0;-;On;On;Off; 22.3; 22.0;0;0;2040;0;2040;0;1854;0;-
2026/05/14;04:32:45;-;-; 52.14; 0.0;-; 54.6; 54.0; 0.0;-;-;2344;-0.2; 0.0; 0.0;-12; 21.1;F;0;-;On;On;Off; 22.3; 22.0;0;0;2040;0;2040;0;1854;0;-
2026/05/14;04:33:45;-;-; 52.16; 0.0;-; 55.1; 54.5; 0.0;-;-;2344;-0.2; 0.0; 0.0;-11; 21.1;F;0;-;On;On;Off; 22.3; 22.0;0;0;2040;0;2040;0;1854;0;-
2026/05/14;04:34:45;-;-; 52.16; 0.0;-; 55.3; 54.8; 0.0;-;-;2344;-0.2; 0.0; 0.0;-11; 21.1;F;0;-;On;On;Off; 22.3; 22.0;0;0;2040;0;2040;0;1854;0;-
2026/05/14;04:35:45;-;-; 52.16; 0.0;-; 55.8; 55.2; 0.0;-;-;2344;-0.2; 0.0; 0.0;-11; 21.1;F;0;-;On;On;Off; 22.3; 22.0;0;0;2040;0;2040;0;1854;0;-
2026/05/14;04:36:44;-;-; 52.16; 0.0;-; 56.6; 56.1; 0.0;-;-;2344;-0.2; 0.0; 0.0;-12; 21.1;F;0;-;On;On;Off; 22.3; 22.0;0;0;2040;0;2040;0;1854;0;-
2026/05/14;04:37:44;-;-; 52.16; 0.0;-; 56.3; 55.8; 0.0;-;-;2344;-0.2; 0.0; 0.0;-12; 21.1;F;0;-;On;On;Off; 22.3; 22.0;0;0;2040;0;2040;0;1854;0;-
2026/05/14;04:38:44;-;-; 52.16; 0.0;-; 56.3; 55.6; 0.0;-;-;2344;-0.3; 0.0; 0.0;-13; 21.1;F;0;-;On;On;Off; 22.3; 22.0;0;0;2040;0;2040;0;1854;0;-
2026/05/14;04:39:44;-;-; 52.16; 0.0;-; 56.5; 56.0; 0.0;-;-;2344;-0.3; 0.0; 0.0;-12; 21.1;F;0;-;On;On;Off; 22.3; 22.0;0;0;2040;0;2040;0;1854;0;-
2026/05/14;04:40:44;-;-; 52.16; 0.0;-; 56.5; 55.9; 0.0;-;-;2344;-0.3; 0.0; 0.0;-13; 21.1;F;0;-;On;On;Off; 22.3; 22.0;0;0;2040;0;2040;0;1854;0;-
2026/05/14;04:41:44;-;-; 52.16; 0.0;-; 56.8; 56.5; 0.0;-;-;2344;-0.2; 0.0; 0.0;-12; 21.1;F;0;-;On;On;Off; 22.3; 22.0;0;0;2040;0;2040;0;1854;0;-
2026/05/14;04:42:44;-;-; 52.16; 0.0;-; 56.8; 56.1; 0.0;-;-;2344;-0.2; 0.0; 0.0;-12; 21.1;F;0;-;On;On;Off; 22.3; 22.0;0;0;2040;0;2040;0;1854;0;-
2026/05/14;04:43:44;-;-; 52.16; 0.0;-; 57.0; 56.5; 0.0;-;-;2344;-0.2; 0.0; 0.0;-12; 21.1;F;0;-;On;On;Off; 22.3; 22.0;0;0;2040;0;2040;0;1854;0;-
2026/05/14;04:44:44;-;-; 52.16; 0.0;-; 57.9; 57.5; 0.0;-;-;2344;-0.2; 0.0; 0.0;-12; 21.1;F;0;-;On;On;Off; 22.3; 22.0;0;0;2040;0;2040;0;1854;0;-
2026/05/14;04:45:44;-;-; 52.16; 0.0;-; 57.9; 57.5; 0.0;-;-;2344;-0.2; 0.0; 0.0;-12; 21.1;F;0;-;On;On;Off; 22.3; 22.0;0;0;2040;0;2040;0;1854;0;-
2026/05/14;04:46:44;-;-; 52.16; 0.0;-; 58.4; 57.9; 0.0;-;-;2344;-0.3; 0.0; 0.0;-13; 21.1;F;0;-;On;On;Off; 22.3; 22.0;0;0;2040;0;2040;0;1854;0;-
2026/05/14;04:47:44;-;-; 52.16; 0.0;-; 58.6; 58.1; 0.0;-;-;2344;-0.3; 0.0; 0.0;-13; 21.1;F;0;-;On;On;Off; 22.3; 22.0;0;0;2040;0;2040;0;1854;0;-
2026/05/14;04:48:44;-;-; 52.16; 0.0;-; 58.8; 58.3; 0.0;-;-;2344;-0.3; 0.0; 0.0;-13; 21.1;F;0;-;On;On;Off; 22.3; 22.0;0;0;2040;0;2040;0;1854;0;-
2026/05/14;04:49:44;-;-; 52.16; 0.0;-; 59.4; 58.9; 0.0;-;-;2344;-0.3; 0.0; 0.0;-13; 21.1;F;0;-;On;On;Off; 22.3; 22.0;0;0;2040;0;2040;0;1854;0;-
2026/05/14;04:50:44;-;-; 52.16; 0.0;-; 59.7; 59.3; 0.0;-;-;2344;-0.2; 0.0; 0.0;-12; 21.1;F;0;-;On;On;Off; 22.3; 22.0;0;0;2040;0;2040;0;1854;0;-
2026/05/14;04:51:44;-;-; 52.14; 0.0;-; 60.4; 60.1; 0.0;-;-;2344;-0.2; 0.0; 0.0;-12; 21.1;F;0;-;On;On;Off; 22.3; 22.0;0;0;2040;0;2040;0;1854;0;-
2026/05/14;04:52:43;-;-; 52.16; 0.0;-; 60.9; 60.6; 0.0;-;-;2344;-0.2; 0.0; 0.0;-12; 21.1;F;0;-;On;On;Off; 22.3; 22.0;0;0;2040;0;2040;0;1854;0;-
2026/05/14;04:53:43;-;-; 52.16; 0.0;-; 61.1; 60.9; 0.0;-;-;2344;-0.3; 0.0; 0.0;-13; 21.1;F;0;-;On;On;Off; 22.3; 22.0;0;0;2040;0;2040;0;1854;0;-
2026/05/14;04:54:43;-;-; 52.16; 0.0;-; 61.3; 61.1; 0.0;-;-;2344;-0.3; 0.0; 0.0;-13; 21.1;F;0;-;On;On;Off; 22.3; 22.0;0;0;2040;0;2040;0;1854;0;-
2026/05/14;04:55:43;-;-; 52.16; 0.0;-; 61.7; 61.3; 0.0;-;-;2344;-0.3; 0.0; 0.0;-13; 21.1;F;0;-;On;On;Off; 22.3; 22.0;0;0;2040;0;2040;0;1854;0;-
2026/05/14;04:56:43;-;-; 52.16; 0.0;-; 61.8; 61.4; 0.0;-;-;2344;-0.3; 0.0; 0.0;-13; 21.1;F;0;-;On;On;Off; 22.3; 22.0;0;0;2040;0;2040;0;1854;0;-
2026/05/14;04:57:43;-;-; 52.16; 0.0;-; 61.9; 61.5; 0.0;-;-;2344;-0.3; 0.0; 0.0;-12; 21.1;F;0;-;On;On;Off; 22.2; 21.9;0;0;2040;0;2040;0;1854;0;-
2026/05/14;04:58:43;-;-; 52.16; 0.0;-; 62.6; 62.2; 0.0;-;-;2344;-0.3; 0.0; 0.0;-13; 21.1;F;0;-;On;On;Off; 22.3; 22.0;0;0;2040;0;2040;0;1854;0;-
2026/05/14;04:59:43;-;-; 52.16; 0.0;-; 62.6; 62.3; 0.0;-;-;2344;-0.3; 0.0; 0.0;-13; 21.1;F;0;-;On;On;Off; 22.2; 21.9;0;0;2040;0;2040;0;1854;0;-
2026/05/14;05:00:43;-;-; 52.16; 0.0;-; 62.7; 62.3; 0.0;-;-;2344;-0.3; 0.0; 0.0;-12; 21.1;F;0;-;On;On;Off; 22.2; 21.9;0;0;2040;0;2040;0;1854;0;-
2026/05/14;05:01:43;-;-; 52.16; 0.0;-; 62.8; 62.4; 0.0;-;-;2344;-0.3; 0.0; 0.0;-12; 21.1;F;0;-;On;On;Off; 22.3; 21.9;0;0;2040;0;2040;0;1854;0;-
2026/05/14;05:02:43;-;-; 52.16; 0.0;-; 63.1; 62.7; 0.0;-;-;2344;-0.2; 0.0; 0.0;-12; 21.1;F;0;-;On;On;Off; 22.3; 21.9;0;0;2040;0;2040;0;1854;0;-
2026/05/14;05:03:43;-;-; 52.16; 0.0;-; 62.9; 62.4; 0.0;-;-;2344;-0.2; 0.0; 0.0;-12; 21.1;F;0;-;On;On;Off; 22.2; 22.0;0;0;2040;0;2040;0;1854;0;-
2026/05/14;05:04:43;-;-; 52.16; 0.0;-; 62.9; 62.6; 0.0;-;-;2344;-0.3; 0.0; 0.0;-12; 21.1;F;0;-;On;On;Off; 22.2; 22.0;0;0;2040;0;2040;0;1854;0;-
2026/05/14;05:05:43;-;-; 52.16; 0.0;-; 63.3; 62.8; 0.0;-;-;2344;-0.3; 0.0; 0.0;-13; 21.1;F;0;-;On;On;Off; 22.2; 21.9;0;0;2040;0;2040;0;1854;0;-
2026/05/14;05:06:43;-;-; 52.16; 0.0;-; 63.2; 62.9; 0.0;-;-;2344;-0.3; 0.0; 0.0;-13; 21.1;F;0;-;On;On;Off; 22.3; 21.9;0;0;2040;0;2040;0;1854;0;-
2026/05/14;05:07:43;-;-; 52.16; 0.0;-; 63.4; 63.0; 0.0;-;-;2344;-0.3; 0.0; 0.0;-12; 21.1;F;0;-;On;On;Off; 22.2; 21.9;0;0;2040;0;2040;0;1854;0;-
2026/05/14;05:08:42;-;-; 52.16; 0.0;-; 64.0; 63.7; 0.0;-;-;2344;-0.3; 0.0; 0.0;-13; 21.1;F;0;-;On;On;Off; 22.2; 21.9;0;0;2040;0;2040;0;1854;0;-
2026/05/14;05:09:42;-;-; 52.16; 0.0;-; 64.1; 63.7; 0.0;-;-;2344;-0.3; 0.0; 0.0;-13; 21.1;F;0;-;On;On;Off; 22.2; 21.9;0;0;2040;0;2040;0;1854;0;-
2026/05/14;05:10:42;-;-; 52.16; 0.0;-; 64.4; 63.9; 0.0;-;-;2344;-0.3; 0.0; 0.0;-13; 21.1;F;0;-;On;On;Off; 22.2; 21.9;0;0;2040;0;2040;0;1854;0;-
2026/05/14;05:11:42;-;-; 52.16; 0.0;-; 64.9; 64.5; 0.0;-;-;2344;-0.3; 0.0; 0.0;-13; 21.1;F;0;-;On;On;Off; 22.2; 21.9;0;0;2040;0;2040;0;1854;0;-
2026/05/14;05:12:42;-;-; 52.16; 0.0;-; 65.2; 64.8; 0.0;-;-;2344;-0.3; 0.0; 0.0;-13; 21.1;F;0;-;On;On;Off; 22.2; 22.0;0;0;2040;0;2040;0;1854;0;-
2026/05/14;05:13:42;-;-; 52.16; 0.0;-; 65.5; 65.1; 0.0;-;-;2344;-0.2; 0.0; 0.0;-12; 21.1;F;0;-;On;On;Off; 22.2; 21.9;0;0;2040;0;2040;0;1854;0;-
2026/05/14;05:14:42;-;-; 52.16; 0.0;-; 65.7; 65.5; 0.0;-;-;2344;-0.2; 0.0; 0.0;-12; 21.1;F;0;-;On;On;Off; 22.2; 21.9;0;0;2040;0;2040;0;1854;0;-
2026/05/14;05:15:42;-;-; 52.16; 0.0;-; 66.5; 66.2; 0.0;-;-;2344;-0.3; 0.0; 0.0;-12; 21.1;F;0;-;On;On;Off; 22.2; 21.9;0;0;2040;0;2040;0;1854;0;-
2026/05/14;05:16:42;-;-; 52.16; 0.0;-; 66.0; 65.6; 0.0;-;-;2344;-0.3; 0.0; 0.0;-13; 21.1;F;0;-;On;On;Off; 22.2; 21.9;0;0;2040;0;2040;0;1854;0;-
2026/05/14;05:17:42;-;-; 52.16; 0.0;-; 65.6; 65.2; 0.0;-;-;2344;-0.3; 0.0; 0.0;-12; 21.1;F;0;-;On;On;Off; 22.2; 21.9;0;0;2040;0;2040;0;1854;0;-
2026/05/14;05:18:42;-;-; 52.16; 0.0;-; 66.2; 65.9; 0.0;-;-;2344;-0.2; 0.0; 0.0;-12; 21.1;F;0;-;On;On;Off; 22.2; 21.9;0;0;2040;0;2040;0;1854;0;-
2026/05/14;05:19:42;-;-; 52.16; 0.0;-; 66.2; 65.9; 0.0;-;-;2344;-0.3; 0.0; 0.0;-13; 21.1;F;0;-;On;On;Off; 22.2; 21.9;0;0;2040;0;2040;0;1854;0;-
2026/05/14;05:20:42;-;-; 52.16; 0.0;-; 66.4; 66.3; 0.0;-;-;2344;-0.2; 0.0; 0.0;-12; 21.2;F;0;-;On;On;Off; 22.2; 21.9;0;0;2040;0;2040;0;1854;0;-
2026/05/14;05:21:42;-;-; 52.16; 0.0;-; 66.4; 66.2; 0.0;-;-;2344;-0.2; 0.0; 0.0;-12; 21.1;F;0;-;On;On;Off; 22.2; 21.9;0;0;2040;0;2040;0;1854;0;-
2026/05/14;05:22:42;-;-; 52.16; 0.0;-; 66.5; 66.3; 0.0;-;-;2344;-0.2; 0.0; 0.0;-11; 21.2;F;0;-;On;On;Off; 22.2; 21.9;0;0;2040;0;2040;0;1854;0;-
2026/05/14;05:23:42;-;-; 52.16; 0.0;-; 66.9; 66.5; 0.0;-;-;2344;-0.2; 0.0; 0.0;-11; 21.2;F;0;-;On;On;Off; 22.2; 21.9;0;0;2040;0;2040;0;1854;0;-
2026/05/14;05:24:41;-;-; 52.16; 0.0;-; 67.5; 67.1; 0.0;-;-;2344;-0.2; 0.0; 0.0;-12; 21.1;F;0;-;On;On;Off; 22.2; 21.9;0;0;2040;0;2040;0;1854;0;-
2026/05/14;05:25:41;-;-; 52.16; 0.0;-; 67.4; 67.1; 0.0;-;-;2344;-0.2; 0.0; 0.0;-12; 21.1;F;0;-;On;On;Off; 22.2; 21.9;0;0;2040;0;2040;0;1854;0;-
2026/05/14;05:26:41;-;-; 52.16; 0.0;-; 67.3; 67.0; 0.0;-;-;2344;-0.2; 0.0; 0.0;-12; 21.1;F;0;-;On;On;Off; 22.2; 21.9;0;0;2040;0;2040;0;1854;0;-
2026/05/14;05:27:41;-;-; 52.18; 0.0;-; 67.7; 67.5; 0.0;-;-;2344;-0.2; 0.0; 0.0;-12; 21.2;F;0;-;On;On;Off; 22.2; 21.9;0;0;2040;0;2040;0;1854;1;-
2026/05/14;05:28:41;-;-; 52.18; 0.0;-; 68.9; 68.7; 0.0;-;-;2344;-0.2; 0.0; 0.0;-12; 21.2;F;0;-;On;On;Off; 22.2; 21.9;0;0;2040;0;2040;0;1854;1;-
2026/05/14;05:29:41;-;-; 52.18; 0.0;-; 69.2; 69.1; 0.0;-;-;2344;-0.2; 0.0; 0.0;-12; 21.1;F;0;-;On;On;Off; 22.2; 22.0;0;0;2040;0;2040;0;1854;1;-
2026/05/14;05:30:41;-;-; 52.14; 0.2;-; 68.0; 69.1; 8.4; 8.4;-;2344;-0.2; 0.0; 0.0;-11; 21.2;F;0;-;On;On;Off; 23.5; 22.0;0;0;2040;0;2040;0;1854;1;-
2026/05/14;05:31:41;-;-; 52.08; 0.3;-; 67.9; 67.8; 14.7; 7.7; 7.0;2344;-0.2; 0.1; 0.1;-9; 21.2;F;0;-;On;On;Off; 24.5; 23.8;0;0;2040;0;2040;0;1854;1;-
2026/05/14;05:32:41;-;-; 52.06; 0.1;-; 68.6; 67.7; 6.3; 0.0; 6.3;2344;-0.1; 0.3; 0.3;-6; 21.2;F;0;-;On;On;Off; 23.3; 24.4;0;0;2040;0;2040;0;1854;1;-
2026/05/14;05:33:41;-;-; 52.08; 0.0;-; 68.5; 68.4; 0.7; 0.7; 0.0;2344;-0.2; 0.1; 0.1;-11; 21.2;F;0;-;On;On;Off; 23.0; 22.7;0;0;2040;0;2040;0;1854;1;-
2026/05/14;05:34:41;-;-; 52.00; 0.3;-; 67.8; 67.6; 13.2; 7.0; 6.2;2344;-0.2; 0.0; 0.0;-11; 21.2;F;0;-;On;On;Off; 24.8; 23.4;0;0;2040;0;2040;0;1854;1;-
2026/05/14;05:35:41;-;-; 52.02; 0.2;-; 69.1; 67.7; 8.3; 0.0; 8.3;2344;-0.2; 0.2; 0.2;-10; 21.2;F;0;-;On;On;Off; 24.3; 24.8;0;0;2040;0;2040;0;1854;1;-
2026/05/14;05:36:41;-;-; 52.02; 0.0;-; 69.4; 69.4; 1.4; 0.7; 0.7;2344;-0.2; 0.2; 0.2;-8; 21.2;F;0;-;On;On;Off; 23.5; 23.4;0;0;2040;0;2040;0;1854;1;-
2026/05/14;05:37:41;-;-; 52.00; 0.2;-; 67.9; 69.4; 9.7; 9.1; 0.7;2344;-0.2; 0.1; 0.1;-12; 21.2;F;0;-;On;On;Off; 24.9; 23.0;0;0;2040;0;2040;0;1854;1;-
2026/05/14;05:38:41;-;-; 52.00; 0.3;-; 67.8; 67.6; 16.7; 9.1; 7.6;2344;-0.1; 0.2; 0.2;-7; 21.2;F;0;-;On;On;Off; 25.5; 24.9;0;0;2040;0;2040;0;1854;1;-
2026/05/14;05:39:41;-;-; 52.00; 0.0;-; 69.3; 69.1; 0.7; 0.7; 0.0;2344;-0.1; 0.3; 0.3;-3; 21.2;F;0;-;On;On;Off; 24.0; 24.6;0;0;2040;0;2040;0;1854;1;-
2026/05/14;05:40:40;-;-; 52.00; 0.2;-; 67.7; 69.2; 9.1; 9.1; 0.0;2344;-0.2; 0.1; 0.1;-10; 21.2;F;0;-;On;On;Off; 24.6; 23.3;0;0;2040;0;2040;0;1854;1;-
2026/05/14;05:41:40;-;-; 51.98; 0.4;-; 67.7; 67.6; 20.2; 10.5; 9.7;2344;-0.2; 0.1; 0.1;-10; 21.2;F;0;-;On;On;Off; 25.6; 24.9;0;0;2040;0;2040;0;1854;1;-
2026/05/14;05:42:40;-;-; 52.02; 0.3;-; 70.4; 67.7; 13.2; 0.7; 12.5;2344;-0.0; 0.3; 0.3;0; 21.2;F;0;-;On;On;Off; 24.5; 25.5;0;0;2040;0;2040;0;1854;1;-
2026/05/14;05:43:40;-;-; 52.02; 0.0;-; 70.8; 70.8; 0.7; 0.7; 0.0;2344;-0.0; 0.3; 0.3;-1; 21.2;F;0;-;On;On;Off; 24.0; 23.8;0;0;2040;0;2040;0;1854;1;-
2026/05/14;05:44:40;-;-; 52.04; 0.5;-; 67.8; 67.7; 27.9; 14.0; 14.0;2344;-0.2; 0.1; 0.1;-10; 21.2;F;0;-;On;On;Off; 25.7; 23.9;0;0;2040;0;2040;0;1854;1;-
2026/05/14;05:45:40;-;-; 52.04; 0.2;-; 69.9; 67.7; 11.8; 0.7; 11.1;2344; 0.2; 0.4; 0.4;8; 21.2;F;0;-;On;On;Off; 25.5; 25.6;0;0;2040;0;2040;0;1854;1;-
2026/05/14;05:46:40;-;-; 52.04; 0.0;-; 70.4; 70.2; 0.7; 0.0; 0.7;2344; 0.1; 0.4; 0.4;5; 21.2;F;0;-;On;On;Off; 24.4; 24.4;0;0;2040;0;2040;0;1854;1;-
2026/05/14;05:47:40;-;-; 52.04; 0.2;-; 67.8; 70.3; 12.6; 12.6; 0.0;2344;-0.2; 0.1; 0.1;-9; 21.2;F;0;-;On;On;Off; 25.6; 23.8;0;0;2040;0;2040;0;1854;1;-
2026/05/14;05:48:40;-;-; 52.00; 0.4;-; 67.9; 67.6; 19.5; 9.7; 9.7;2344;-0.1; 0.2; 0.2;-2; 21.2;F;0;-;On;On;Off; 26.3; 25.6;0;0;2040;0;2040;0;1854;1;-
2026/05/14;05:49:40;-;-; 52.00; 0.0;-; 69.3; 69.1; 0.7; 0.0; 0.7;2344; 0.1; 0.4; 0.4;3; 21.2;F;0;-;On;On;Off; 24.8; 25.8;0;0;2040;0;2040;0;1854;1;-
2026/05/14;05:50:40;-;-; 52.00; 0.2;-; 67.8; 68.7; 8.3; 7.7; 0.7;2344;-0.2; 0.1; 0.1;-8; 21.2;F;0;-;On;On;Off; 24.8; 24.1;0;0;2040;0;2040;0;1854;1;-
2026/05/14;05:51:40;-;-; 51.94; 0.3;-; 67.8; 67.6; 13.9; 7.0; 7.0;2344;-0.2; 0.1; 0.1;-10; 21.2;F;0;-;On;On;Off; 26.3; 25.3;0;0;2040;0;2040;0;1854;1;-
2026/05/14;05:52:40;-;-; 51.94; 0.1;-; 68.6; 67.7; 7.6; 0.0; 7.6;2344;-0.2; 0.2; 0.2;-7; 21.2;F;0;-;On;On;Off; 25.2; 26.1;0;0;2040;0;2040;0;1854;1;-
2026/05/14;05:53:40;-;-; 51.96; 0.0;-; 68.7; 68.4; 0.0; 0.0; 0.0;2344;-0.2; 0.2; 0.2;-10; 21.1;F;0;-;On;On;Off; 24.7; 24.4;0;0;2040;0;2040;0;1854;1;-
2026/05/14;05:54:40;-;-; 51.94; 0.3;-; 67.8; 67.5; 13.9; 7.6; 6.2;2344;-0.3; 0.0; 0.0;-13; 21.1;F;0;-;On;On;Off; 26.3; 24.3;0;0;2040;0;2040;0;1854;1;-
2026/05/14;05:55:40;-;-; 51.90; 0.1;-; 68.3; 67.6; 6.9; 0.7; 6.2;2344;-0.2; 0.2; 0.2;-9; 21.2;F;0;-;On;On;Off; 26.5; 26.2;0;0;2040;0;2040;0;1854;1;-
2026/05/14;05:56:39;-;-; 51.94; 0.0;-; 68.4; 68.3; 0.7; 0.0; 0.7;2344;-0.2; 0.2; 0.2;-10; 21.2;F;0;-;On;On;Off; 25.0; 25.1;0;0;2040;0;2040;0;1854;1;-
2026/05/14;05:57:39;-;-; 51.90; 0.1;-; 68.4; 68.2; 5.5; 4.8; 0.7;2344;-0.2; 0.1; 0.1;-12; 21.2;F;0;-;On;On;Off; 26.0; 24.3;0;0;2040;0;2040;1;1855;1;-
2026/05/14;05:58:39;-;-; 51.84; 0.3;-; 67.5; 67.4; 14.6; 7.6; 7.0;2344;-0.2; 0.1; 0.1;-11; 21.2;F;0;-;On;On;Off; 26.7; 26.1;0;0;2040;0;2040;1;1855;1;-
2026/05/14;05:59:39;-;-; 51.88; 0.0;-; 68.6; 68.4; 1.4; 0.7; 0.7;2344;-0.2; 0.2; 0.2;-10; 21.2;F;0;-;On;On;Off; 25.3; 26.4;0;0;2040;0;2040;1;1855;1;-
2026/05/14;06:00:39;-;-; 51.90; 0.2;-; 67.8; 69.0; 9.7; 9.0; 0.7;2344;-0.2; 0.1; 0.1;-11; 21.1;F;0;-;On;On;Off; 25.0; 24.6;0;0;2040;0;2040;1;1855;1;-
2026/05/14;06:01:39;-;-; 51.88; 0.4;-; 67.6; 67.5; 19.4; 9.7; 9.7;2344;-0.2; 0.1; 0.1;-10; 21.2;F;0;-;On;On;Off; 26.6; 25.5;0;0;2040;0;2040;1;1855;1;-
2026/05/14;06:02:39;-;-; 51.90; 0.2;-; 69.5; 67.5; 10.4; 0.7; 9.7;2344;-0.1; 0.3; 0.3;-3; 21.1;F;0;-;On;On;Off; 25.9; 26.5;0;0;2040;0;2040;1;1855;1;-
2026/05/14;06:03:39;-;-; 51.94; 0.0;-; 70.4; 70.4; 0.7; 0.0; 0.7;2344;-0.1; 0.3; 0.3;-3; 21.1;F;0;-;On;On;Off; 25.2; 25.0;0;0;2040;0;2040;1;1855;1;-
2026/05/14;06:04:39;-;-; 51.96; 0.3;-; 67.8; 70.4; 13.2; 13.2; 0.0;2344;-0.2; 0.1; 0.1;-11; 21.2;F;0;-;On;On;Off; 26.6; 24.6;0;0;2040;0;2040;1;1855;1;-
2026/05/14;06:05:39;-;-; 51.98; 0.3;-; 70.5; 67.6; 13.9; 0.7; 13.2;2344; 0.0; 0.3; 0.3;0; 21.1;F;0;-;On;On;Off; 27.1; 26.5;0;0;2040;0;2040;1;1855;1;-
2026/05/14;06:06:39;-;-; 51.98; 0.0;-; 70.6; 70.5; 1.4; 0.7; 0.7;2344; 0.2; 0.5; 0.5;12; 21.1;F;0;-;On;On;Off; 25.4; 25.8;0;0;2040;0;2040;1;1855;1;-
2026/05/14;06:07:39;-;-; 52.00; 0.3;-; 67.8; 70.2; 13.2; 12.5; 0.7;2344;-0.1; 0.1; 0.1;-6; 21.1;F;0;-;On;On;Off; 26.2; 24.7;0;0;2040;0;2040;1;1855;1;-
2026/05/14;06:08:39;-;-; 51.96; 0.3;-; 69.7; 67.6; 17.4; 6.2; 11.1;2344;-0.1; 0.1; 0.1;-6; 21.1;F;0;-;On;On;Off; 27.0; 26.3;0;0;2040;0;2040;1;1855;1;-
2026/05/14;06:09:39;-;-; 51.98; 0.2;-; 69.5; 67.6; 9.7; 0.0; 9.7;2344; 0.1; 0.4; 0.4;5; 21.2;F;0;-;On;On;Off; 25.7; 26.8;0;0;2040;0;2040;1;1855;1;-
2026/05/14;06:10:39;-;-; 52.00; 0.0;-; 69.4; 69.2; 0.7; 0.7; 0.0;2344;-0.1; 0.2; 0.2;-3; 21.1;F;0;-;On;On;Off; 25.3; 25.0;0;0;2040;0;2040;1;1855;1;-
2026/05/14;06:11:39;-;-; 51.96; 0.4;-; 67.9; 67.6; 20.2; 10.5; 9.7;2344;-0.2; 0.1; 0.1;-11; 21.1;F;0;-;On;On;Off; 26.9; 25.4;0;0;2040;0;2040;1;1855;1;-
2026/05/14;06:12:38;-;-; 51.96; 0.2;-; 69.6; 67.5; 10.4; 0.7; 9.7;2344;-0.0; 0.3; 0.3;-2; 21.1;F;0;-;On;On;Off; 26.4; 26.8;0;0;2040;0;2040;1;1855;1;-
2026/05/14;06:13:38;-;-; 51.96; 0.0;-; 70.0; 69.9; 1.4; 0.7; 0.7;2344;-0.0; 0.3; 0.3;-1; 21.1;F;0;-;On;On;Off; 25.5; 25.4;0;0;2040;0;2040;1;1855;1;-
2026/05/14;06:14:38;-;-; 51.96; 0.2;-; 67.9; 69.8; 10.5; 10.5; 0.0;2344;-0.2; 0.1; 0.1;-11; 21.1;F;0;-;On;On;Off; 26.8; 24.9;0;0;2040;0;2040;1;1855;1;-
2026/05/14;06:15:38;-;-; 51.96; 0.4;-; 69.4; 67.6; 18.8; 7.6; 11.1;2344;-0.1; 0.2; 0.2;-4; 21.2;F;0;-;On;On;Off; 27.3; 26.7;0;0;2040;0;2040;1;1855;1;-
2026/05/14;06:16:38;-;-; 52.00; 0.0;-; 70.7; 70.6; 0.7; 0.7; 0.0;2344; 0.1; 0.4; 0.4;3; 21.1;F;0;-;On;On;Off; 25.7; 26.5;0;0;2040;0;2040;1;1855;1;-
2026/05/14;06:17:38;-;-; 52.00; 0.3;-; 67.9; 70.6; 14.6; 14.6; 0.0;2344;-0.1; 0.2; 0.2;-4; 21.1;F;0;-;On;On;Off; 26.1; 25.0;0;0;2040;0;2040;1;1855;1;-
2026/05/14;06:18:38;-;-; 52.04; 0.6;-; 67.9; 67.7; 29.3; 14.6; 14.6;2344;-0.1; 0.1; 0.1;-5; 21.2;F;0;-;On;On;Off; 27.2; 26.3;0;0;2040;0;2040;1;1855;1;-
2026/05/14;06:19:38;-;-; 52.06; 0.3;-; 71.1; 67.7; 16.0; 0.0; 16.0;2344; 0.3; 0.5; 0.5;15; 21.2;F;0;-;On;On;Off; 26.0; 27.0;0;0;2040;0;2040;1;1855;1;-
2026/05/14;06:20:38;-;-; 52.04; 0.0;-; 71.4; 71.3; 0.7; 0.0; 0.7;2344; 0.2; 0.3; 0.3;7; 21.1;F;0;-;On;On;Off; 25.5; 25.3;0;0;2040;0;2040;1;1855;1;-
2026/05/14;06:21:38;-;-; 52.10; 0.6;-; 67.9; 67.7; 32.1; 16.1; 16.1;2344;-0.2; 0.0; 0.0;-11; 21.1;F;0;-;On;On;Off; 27.1; 25.2;0;0;2040;0;2040;1;1855;1;-
2026/05/14;06:22:38;-;-; 52.18; 0.8;-; 68.0; 67.9; 41.3; 21.0; 20.3;2344; 0.2; 0.4; 0.4;11; 21.2;F;0;-;On;On;Off; 27.5; 27.0;0;0;2040;0;2040;1;1855;1;-
2026/05/14;06:23:38;-;-; 52.28; 0.8;-; 68.1; 68.1; 42.8; 21.0; 21.7;2344; 0.7; 0.7; 0.7;37; 21.2;F;0;-;On;On;Off; 27.8; 27.3;0;0;2040;0;2040;1;1855;1;-
2026/05/14;06:24:38;-;-; 52.31; 0.8;-; 68.2; 68.0; 40.7; 20.3; 20.3;2344; 0.9; 0.8; 0.8;46; 21.2;F;0;-;On;On;Off; 28.0; 27.5;0;0;2040;0;2040;1;1855;1;-
2026/05/14;06:25:38;-;-; 52.35; 0.6;-; 68.3; 70.4; 31.6; 19.7; 11.9;2344; 0.8; 0.8; 0.8;42; 21.2;F;0;-;On;On;Off; 28.1; 27.6;0;1;2041;1;2041;1;1855;1;-
2026/05/14;06:26:38;-;-; 52.35; 0.5;-; 68.3; 69.1; 28.0; 15.4; 12.6;2344; 0.8; 0.8; 0.8;41; 21.2;F;0;-;On;On;Off; 28.2; 27.7;0;1;2041;1;2041;1;1855;1;-
2026/05/14;06:27:37;-;-; 52.35; 0.3;-; 68.7; 71.1; 13.3; 12.6; 0.7;2344; 0.5; 0.6; 0.6;26; 21.2;F;0;-;On;On;Off; 28.4; 27.8;0;1;2041;1;2041;1;1855;1;-
2026/05/14;06:28:37;-;-; 52.31; 0.0;-; 71.6; 71.6; 0.7; 0.0; 0.7;2344; 0.3; 0.4; 0.4;14; 21.1;F;0;-;On;On;Off; 26.3; 25.9;0;1;2041;1;2041;1;1855;1;-
2026/05/14;06:29:37;-;-; 52.35; 0.7;-; 68.3; 68.1; 35.1; 17.6; 17.6;2344;-0.2; 0.0; 0.0;-12; 21.2;F;0;-;On;On;Off; 27.0; 26.6;0;1;2041;1;2041;1;1855;1;-
2026/05/14;06:30:37;-;-; 52.41; 0.8;-; 68.8; 68.2; 39.4; 19.7; 19.7;2344; 0.2; 0.4; 0.4;9; 21.2;F;0;-;On;On;Off; 28.1; 27.6;0;1;2041;1;2041;1;1855;1;-
2026/05/14;06:31:37;-;-; 52.53; 0.9;-; 68.6; 68.3; 49.3; 24.7; 24.7;2344; 0.6; 0.7; 0.7;31; 21.2;F;0;-;On;On;Off; 28.3; 27.8;0;1;2041;1;2041;1;1855;1;-
2026/05/14;06:32:37;-;-; 52.65; 0.9;-; 68.7; 69.7; 45.9; 24.7; 21.2;2344; 1.0; 0.9; 0.9;53; 21.2;F;0;-;On;On;Off; 28.5; 28.0;0;1;2041;1;2041;1;1855;1;-
2026/05/14;06:33:37;-;-; 52.79; 1.0;-; 68.8; 68.7; 55.2; 27.6; 27.6;2344; 1.1; 0.9; 0.9;58; 21.2;F;0;-;On;On;Off; 28.6; 28.1;0;1;2041;1;2041;1;1855;1;-
2026/05/14;06:34:37;-;-; 52.95; 1.1;-; 69.1; 68.9; 58.2; 29.1; 29.1;2344; 1.3; 1.0; 1.0;68; 21.2;F;0;-;On;On;Off; 28.7; 28.2;0;1;2041;1;2041;1;1855;1;-
2026/05/14;06:35:37;-;-; 52.93; 0.8;-; 69.0; 69.1; 41.1; 20.6; 20.6;2344; 1.5; 1.1; 1.1;80; 21.2;F;0;-;On;On;Off; 28.8; 28.3;0;1;2041;1;2041;1;1855;1;-
2026/05/14;06:36:37;-;-; 52.95; 0.8;-; 69.1; 69.0; 41.1; 20.6; 20.6;2344; 1.0; 0.8; 0.8;51; 21.2;F;0;-;On;On;Off; 28.9; 28.4;0;1;2041;1;2041;1;1855;1;-
2026/05/14;06:37:37;-;-; 53.06; 1.0;-; 69.3; 69.1; 52.6; 26.3; 26.3;2344; 0.8; 0.8; 0.8;43; 21.2;F;0;-;On;On;Off; 29.0; 28.5;0;1;2041;1;2041;1;1855;1;-
2026/05/14;06:38:37;-;-; 53.16; 1.0;-; 69.4; 69.3; 52.7; 26.4; 26.4;2344; 1.1; 0.9; 0.9;56; 21.2;F;0;-;On;On;Off; 29.1; 28.6;0;1;2041;1;2041;1;1855;1;-
2026/05/14;06:39:37;-;-; 53.26; 1.0;-; 69.5; 69.3; 52.8; 26.4; 26.4;2344; 1.3; 1.0; 1.0;66; 21.2;F;0;-;On;On;Off; 29.2; 28.7;0;1;2041;1;2041;1;1855;1;-
2026/05/14;06:40:37;-;-; 53.36; 1.0;-; 69.8; 69.5; 52.2; 26.5; 25.8;2344; 1.2; 1.0; 1.0;63; 21.2;F;0;-;On;On;Off; 29.2; 28.8;0;1;2041;1;2041;1;1855;1;-
2026/05/14;06:41:37;-;-; 53.44; 1.0;-; 69.7; 69.6; 53.7; 27.2; 26.5;2344; 1.2; 1.0; 1.0;63; 21.2;F;0;-;On;On;Off; 29.3; 28.8;0;1;2041;1;2041;1;1855;1;-
2026/05/14;06:42:37;-;-; 53.48; 0.8;-; 69.8; 70.4; 43.7; 22.9; 20.8;2344; 1.2; 1.0; 1.0;63; 21.2;F;0;-;On;On;Off; 29.4; 28.9;0;1;2041;1;2041;1;1855;1;-
2026/05/14;06:43:36;-;-; 53.48; 0.8;-; 69.8; 69.5; 40.9; 20.8; 20.1;2344; 1.1; 0.9; 0.9;55; 21.2;F;0;-;On;On;Off; 29.5; 29.0;0;1;2041;1;2041;1;1855;1;-
2026/05/14;06:44:36;-;-; 53.48; 0.7;-; 69.8; 69.6; 39.4; 19.3; 20.1;2344; 0.8; 0.8; 0.8;43; 21.2;F;0;-;On;On;Off; 29.5; 29.0;0;1;2041;1;2041;1;1855;1;-
2026/05/14;06:45:36;-;-; 53.50; 0.7;-; 69.9; 69.7; 38.7; 19.3; 19.3;2344; 0.7; 0.7; 0.7;37; 21.2;F;0;-;On;On;Off; 29.6; 29.1;0;1;2041;1;2041;1;1855;1;-
2026/05/14;06:46:36;-;-; 53.48; 0.6;-; 69.7; 69.7; 34.4; 17.2; 17.2;2344; 0.7; 0.7; 0.7;37; 21.2;F;0;-;On;On;Off; 29.6; 29.1;0;1;2041;1;2041;1;1855;1;-
2026/05/14;06:47:36;-;-; 53.40; 0.0;-; 71.9; 71.6; 0.7; 0.0; 0.7;2344; 0.6; 0.6; 0.6;30; 21.2;F;0;-;On;On;Off; 29.4; 28.6;0;1;2041;1;2041;1;1855;1;-
2026/05/14;06:48:36;-;-; 53.34; 0.0;-; 71.7; 71.5; 1.4; 0.7; 0.7;2344; 0.2; 0.4; 0.4;11; 21.2;F;0;-;On;On;Off; 27.5; 27.0;0;1;2041;1;2041;1;1855;1;-
2026/05/14;06:49:36;-;-; 53.32; 0.5;-; 69.6; 69.4; 29.3; 15.0; 14.3;2344;-0.2; 0.0; 0.0;-12; 21.2;F;0;-;On;On;Off; 28.6; 28.1;0;1;2041;1;2041;1;1855;1;-
2026/05/14;06:50:36;-;-; 53.30; 0.6;-; 69.6; 69.5; 30.0; 15.0; 15.0;2344; 0.1; 0.4; 0.4;7; 21.2;F;0;-;On;On;Off; 29.3; 28.8;0;1;2041;1;2041;1;1855;1;-
2026/05/14;06:51:36;-;-; 53.24; 0.0;-; 72.2; 72.2; 1.4; 0.7; 0.7;2344; 0.3; 0.5; 0.5;16; 21.1;F;0;-;On;On;Off; 27.5; 27.0;0;1;2041;1;2041;1;1855;1;-
2026/05/14;06:52:36;-;-; 53.26; 0.8;-; 69.5; 69.3; 42.9; 21.4; 21.4;2344;-0.2; 0.0; 0.0;-11; 21.2;F;0;-;On;On;Off; 27.1; 26.8;0;1;2041;1;2041;1;1855;1;-
2026/05/14;06:53:36;-;-; 53.36; 0.7;-; 69.8; 69.5; 38.6; 19.3; 19.3;2344; 0.1; 0.3; 0.3;4; 21.2;F;0;-;On;On;Off; 28.9; 28.5;0;1;2041;1;2041;1;1855;1;-
2026/05/14;06:54:36;-;-; 53.44; 0.8;-; 69.8; 69.6; 40.8; 20.8; 20.1;2344; 0.7; 0.7; 0.7;38; 21.2;F;0;-;On;On;Off; 29.2; 28.7;0;1;2041;1;2041;1;1855;1;-
2026/05/14;06:55:36;-;-; 53.50; 0.7;-; 69.7; 70.1; 39.5; 21.5; 18.0;2344; 0.8; 0.8; 0.8;43; 21.2;F;0;-;On;On;Off; 29.4; 28.9;0;1;2041;1;2041;1;1855;1;-
2026/05/14;06:56:36;-;-; 53.60; 0.9;-; 70.0; 69.8; 45.9; 23.0; 23.0;2344; 0.9; 0.8; 0.8;45; 21.2;F;0;-;On;On;Off; 29.5; 29.0;0;1;2041;1;2041;1;1855;1;-
2026/05/14;06:57:36;-;-; 53.72; 0.9;-; 70.1; 69.9; 50.4; 25.2; 25.2;2344; 1.0; 0.8; 0.8;50; 21.2;F;0;-;On;On;Off; 29.6; 29.0;0;1;2041;1;2041;1;1855;1;-
2026/05/14;06:58:35;-;-; 53.79; 0.9;-; 70.2; 70.1; 49.8; 24.5; 25.3;2344; 1.1; 0.9; 0.9;58; 21.1;F;0;-;On;On;Off; 29.6; 29.1;0;1;2041;1;2041;1;1855;1;-
2026/05/14;06:59:35;-;-; 53.79; 0.8;-; 70.2; 70.1; 44.7; 22.4; 22.4;2344; 1.1; 0.9; 0.9;60; 21.2;F;0;-;On;On;Off; 29.7; 29.2;0;1;2041;1;2041;1;1855;1;-
2026/05/14;07:00:35;-;-; 53.89; 0.9;-; 70.3; 70.2; 46.2; 23.1; 23.1;2344; 0.9; 0.8; 0.8;49; 21.1;F;0;-;On;On;Off; 29.8; 29.2;0;1;2041;1;2041;1;1855;1;-
2026/05/14;07:01:35;-;-; 53.95; 0.8;-; 70.5; 71.5; 44.1; 25.3; 18.8;2344; 1.0; 0.9; 0.9;53; 21.2;F;0;-;On;On;Off; 29.8; 29.3;0;1;2041;1;2041;1;1855;1;-
2026/05/14;07:02:35;-;-; 54.05; 0.9;-; 70.6; 70.3; 49.2; 24.6; 24.6;2344; 1.1; 0.9; 0.9;57; 21.2;F;0;-;On;On;Off; 29.9; 29.4;0;1;2041;1;2041;1;1855;1;-
2026/05/14;07:03:35;-;-; 54.07; 0.8;-; 71.6; 70.4; 45.7; 20.3; 25.4;2344; 1.1; 0.9; 0.9;60; 21.2;F;0;-;On;On;Off; 29.9; 29.4;0;1;2041;1;2041;1;1855;1;-
2026/05/14;07:04:35;-;-; 54.25; 1.1;-; 70.8; 70.5; 58.3; 29.1; 29.1;2344; 1.1; 0.9; 0.9;56; 21.1;F;0;-;On;On;Off; 30.0; 29.5;0;1;2041;1;2041;1;1855;1;-
2026/05/14;07:05:35;-;-; 54.27; 0.9;-; 70.7; 70.7; 48.0; 24.0; 24.0;2344; 1.3; 1.0; 1.0;71; 21.1;F;0;-;On;On;Off; 30.1; 29.6;0;1;2041;1;2041;1;1855;1;-
2026/05/14;07:06:35;-;-; 54.23; 0.6;-; 72.0; 70.7; 34.1; 13.1; 21.1;2344; 1.1; 0.9; 0.9;59; 21.1;F;0;-;On;On;Off; 30.1; 29.6;0;1;2041;1;2041;1;1855;1;-
2026/05/14;07:07:35;-;-; 54.29; 0.9;-; 70.9; 70.7; 48.0; 23.3; 24.7;2344; 0.8; 0.8; 0.8;42; 21.1;F;0;-;On;On;Off; 30.1; 29.6;0;1;2041;1;2041;1;1855;1;-
2026/05/14;07:08:35;-;-; 54.37; 0.9;-; 70.9; 70.8; 48.1; 24.1; 24.1;2344; 0.9; 0.8; 0.8;47; 21.1;F;0;-;On;On;Off; 30.2; 29.7;0;1;2041;1;2041;1;1855;1;-
2026/05/14;07:09:35;-;-; 54.45; 1.0;-; 70.9; 70.8; 53.3; 27.0; 26.3;2344; 1.1; 0.9; 0.9;57; 21.1;F;0;-;On;On;Off; 30.2; 29.7;0;1;2041;1;2041;1;1855;1;-
2026/05/14;07:10:35;-;-; 54.64; 1.1;-; 71.2; 71.1; 60.1; 30.0; 30.0;2344; 1.0; 0.9; 0.9;55; 21.1;F;0;-;On;On;Off; 30.3; 29.8;0;1;2041;1;2041;1;1855;1;-
2026/05/14;07:11:35;-;-; 54.62; 0.9;-; 71.5; 72.6; 47.6; 27.1; 20.5;2344; 1.4; 1.1; 1.1;74; 21.1;F;0;-;On;On;Off; 30.3; 29.8;0;1;2041;1;2041;1;1855;1;-
2026/05/14;07:12:35;-;-; 54.62; 0.8;-; 71.8; 71.2; 44.7; 22.0; 22.7;2344; 1.2; 0.9; 0.9;62; 21.1;F;0;-;On;On;Off; 30.4; 29.9;0;1;2041;1;2041;1;1855;1;-
2026/05/14;07:13:35;-;-; 54.62; 0.8;-; 71.1; 71.3; 43.9; 22.7; 21.2;2344; 1.0; 0.8; 0.8;52; 21.1;F;0;-;On;On;Off; 30.4; 29.9;0;1;2041;1;2041;1;1855;1;-
2026/05/14;07:14:34;-;-; 54.64; 0.8;-; 71.9; 71.3; 43.2; 19.0; 24.2;2344; 0.9; 0.8; 0.8;47; 21.1;F;0;-;On;On;Off; 30.4; 29.9;0;1;2041;1;2041;1;1855;1;-
2026/05/14;07:15:34;-;-; 54.64; 0.7;-; 73.1; 71.8; 40.3; 16.1; 24.2;2344; 0.8; 0.8; 0.8;45; 21.1;F;0;-;On;On;Off; 30.5; 30.0;0;1;2041;1;2041;1;1855;1;-
2026/05/14;07:16:34;-;-; 54.62; 0.7;-; 73.4; 71.9; 39.5; 12.4; 27.1;2344; 0.8; 0.8; 0.8;43; 21.1;F;0;-;On;On;Off; 30.5; 30.0;0;1;2041;1;2041;1;1855;1;-
2026/05/14;07:17:34;-;-; 54.62; 0.7;-; 73.1; 73.6; 38.1; 20.5; 17.6;2344; 0.8; 0.7; 0.7;41; 21.1;F;0;-;On;On;Off; 30.5; 30.1;0;1;2041;1;2041;1;1855;1;-
2026/05/14;07:18:34;-;-; 54.64; 0.8;-; 71.3; 75.3; 43.2; 43.2; 0.0;2344; 0.7; 0.7; 0.7;39; 21.1;F;0;-;On;On;Off; 30.6; 30.1;0;1;2041;1;2041;1;1855;1;-
2026/05/14;07:19:34;-;-; 54.62; 0.8;-; 72.5; 75.4; 44.0; 44.0; 0.0;2344; 0.7; 0.7; 0.7;39; 21.1;F;0;-;On;On;Off; 30.6; 30.1;0;1;2041;1;2041;1;1855;1;-
2026/05/14;07:20:34;-;-; 54.64; 1.0;-; 71.8; 75.9; 57.2; 57.2; 0.0;2344; 0.7; 0.7; 0.7;37; 21.1;F;0;-;On;On;Off; 30.7; 30.2;0;1;2041;1;2041;1;1855;1;-
2026/05/14;07:21:34;-;-; 54.62; 0.6;-; 74.7; 75.4; 33.0; 18.3; 14.7;2344; 0.7; 0.7; 0.7;37; 21.1;F;0;-;On;On;Off; 30.7; 30.3;0;1;2041;1;2041;1;1855;1;-
2026/05/14;07:22:34;-;-; 54.64; 0.8;-; 76.3; 73.2; 44.0; 0.0; 44.0;2344; 0.7; 0.7; 0.7;36; 21.1;F;0;-;On;On;Off; 30.8; 30.3;0;1;2041;1;2041;1;1855;1;-
2026/05/14;07:23:34;-;-; 54.64; 1.2;-; 76.5; 71.8; 63.8; 0.0; 63.8;2344; 0.7; 0.7; 0.7;35; 21.1;F;0;-;On;On;Off; 30.8; 30.3;0;1;2041;1;2041;1;1855;1;-
2026/05/14;07:24:34;-;-; 54.62; 0.7;-; 74.3; 76.1; 38.9; 38.9; 0.0;2344; 0.7; 0.7; 0.7;35; 21.1;F;0;-;On;On;Off; 30.9; 30.4;0;1;2041;1;2041;1;1855;1;-
2026/05/14;07:25:34;-;-; 54.62; 0.7;-; 73.9; 76.1; 38.8; 38.8; 0.0;2344; 0.7; 0.7; 0.7;35; 21.1;F;0;-;On;On;Off; 30.9; 30.4;0;1;2041;1;2041;1;1855;1;-
2026/05/14;07:26:34;-;-; 54.64; 0.5;-; 75.6; 74.7; 30.0; 3.7; 26.4;2344; 0.6; 0.7; 0.7;34; 21.1;F;0;-;On;On;Off; 30.9; 30.4;0;1;2041;1;2041;1;1855;1;-
2026/05/14;07:27:34;-;-; 54.64; 1.1;-; 72.2; 76.4; 58.6; 58.6; 0.0;2344; 0.6; 0.7; 0.7;34; 21.1;F;0;-;On;On;Off; 31.0; 30.5;0;1;2041;1;2041;1;1855;1;-
2026/05/14;07:28:34;-;-; 54.62; 0.8;-; 73.8; 75.6; 41.8; 41.8; 0.0;2344; 0.6; 0.7; 0.7;34; 21.2;F;0;-;On;On;Off; 31.0; 30.5;0;1;2041;1;2041;1;1855;1;-
2026/05/14;07:29:33;-;-; 54.64; 1.0;-; 76.6; 72.4; 57.2; 0.0; 57.2;2344; 0.6; 0.7; 0.7;33; 21.2;F;0;-;On;On;Off; 31.0; 30.5;0;1;2041;1;2041;1;1855;1;-
2026/05/14;07:30:33;-;-; 54.62; 0.7;-; 75.4; 75.6; 37.4; 27.9; 9.5;2344; 0.6; 0.7; 0.7;33; 21.2;F;0;-;On;On;Off; 31.1; 30.6;0;1;2041;1;2041;1;1855;1;-
2026/05/14;07:31:33;-;-; 54.64; 0.8;-; 77.1; 75.2; 45.4; 0.0; 45.4;2344; 0.6; 0.7; 0.7;33; 21.2;F;0;-;On;On;Off; 31.1; 30.6;0;1;2041;1;2041;1;1855;1;-
2026/05/14;07:32:33;-;-; 54.64; 0.8;-; 76.3; 74.8; 41.0; 0.0; 41.0;2344; 0.6; 0.6; 0.6;32; 21.2;F;0;-;On;On;Off; 31.2; 30.6;0;1;2041;1;2041;1;1855;1;-
2026/05/14;07:33:33;-;-; 54.60; 0.1;-; 75.9; 75.6; 8.0; 0.0; 8.0;2344; 0.6; 0.6; 0.6;31; 21.2;F;0;-;On;On;Off; 30.3; 30.6;0;1;2041;1;2041;1;1855;1;-
2026/05/14;07:34:33;-;-; 54.49; 0.0;-; 76.4; 76.6; 0.7; 0.0; 0.7;2344; 0.5; 0.5; 0.5;25; 21.2;F;0;-;On;On;Off; 28.9; 28.8;0;1;2041;1;2041;1;1855;1;-
2026/05/14;07:35:33;-;-; 54.43; 0.0;-; 76.9; 76.7; 0.7; 0.0; 0.7;2344;-0.1; 0.1; 0.1;-3; 21.2;F;0;-;On;On;Off; 28.4; 28.0;0;1;2041;1;2041;1;1855;1;-
2026/05/14;07:36:33;-;-; 54.37; 0.0;-; 76.3; 76.2; 0.7; 0.0; 0.7;2344;-0.2; 0.0; 0.0;-12; 21.2;F;0;-;On;On;Off; 28.1; 27.7;0;1;2041;1;2041;1;1855;1;-
2026/05/14;07:37:33;-;-; 54.29; 0.0;-; 76.2; 76.1; 0.7; 0.0; 0.7;2344;-0.2; 0.0; 0.0;-12; 21.2;F;0;-;On;On;Off; 27.9; 27.5;0;1;2041;1;2041;1;1855;1;-
2026/05/14;07:38:33;-;-; 54.23; 0.0;-; 76.5; 76.4; 0.7; 0.0; 0.7;2344;-0.2; 0.0; 0.0;-12; 21.2;F;0;-;On;On;Off; 27.6; 27.3;0;1;2041;1;2041;1;1855;1;-
2026/05/14;07:39:33;-;-; 54.21; 0.0;-; 76.3; 76.2; 1.4; 0.7; 0.7;2344;-0.2; 0.0; 0.0;-12; 21.2;F;0;-;On;On;Off; 27.4; 27.1;0;1;2041;1;2041;1;1855;1;-
2026/05/14;07:40:33;-;-; 54.15; 0.0;-; 76.3; 76.1; 1.4; 0.7; 0.7;2344;-0.2; 0.0; 0.0;-11; 21.3;F;0;-;On;On;Off; 27.3; 26.9;0;1;2041;1;2041;1;1855;1;-
2026/05/14;07:41:33;-;-; 54.13; 0.0;-; 76.3; 76.2; 0.0; 0.0; 0.0;2344;-0.2; 0.0; 0.0;-11; 21.3;F;0;-;On;On;Off; 27.1; 26.7;0;1;2041;1;2041;1;1855;1;-
2026/05/14;07:42:33;-;-; 54.60; 1.0;-; 75.8; 75.1; 55.6; 8.7; 46.8;2344;-0.2; 0.0; 0.0;-12; 21.3;F;0;-;On;On;Off; 29.0; 28.5;0;1;2041;1;2041;1;1855;1;-
2026/05/14;07:43:33;-;-; 54.60; 1.1;-; 73.9; 76.2; 60.8; 60.8; 0.0;2344; 1.8; 1.2; 1.2;94; 21.3;F;0;-;On;On;Off; 29.5; 29.0;0;1;2041;1;2041;1;1855;1;-
2026/05/14;07:44:32;-;-; 54.58; 0.8;-; 75.6; 76.0; 41.0; 41.0; 0.0;2344; 1.0; 0.8; 0.8;53; 21.3;F;0;-;On;On;Off; 29.8; 29.3;0;1;2041;1;2041;2;1856;1;-
2026/05/14;07:45:32;-;-; 54.60; 0.9;-; 75.0; 76.5; 49.8; 49.8; 0.0;2344; 0.8; 0.7; 0.7;41; 21.3;F;0;-;On;On;Off; 29.9; 29.4;0;1;2041;1;2041;2;1856;1;-
2026/05/14;07:46:32;-;-; 54.60; 1.0;-; 74.6; 76.7; 55.0; 55.0; 0.0;2344; 0.7; 0.7; 0.7;36; 21.3;F;0;-;On;On;Off; 30.0; 29.6;0;1;2041;1;2041;2;1856;1;-
2026/05/14;07:47:32;-;-; 54.60; 0.6;-; 76.1; 75.9; 32.1; 8.7; 23.4;2344; 0.6; 0.7; 0.7;34; 21.3;F;0;-;On;On;Off; 30.1; 29.7;0;1;2041;1;2041;2;1856;1;-
2026/05/14;07:48:32;-;-; 54.60; 1.0;-; 76.9; 74.7; 53.5; 0.0; 53.5;2344; 0.6; 0.6; 0.6;33; 21.3;F;0;-;On;On;Off; 30.2; 29.8;0;1;2041;1;2041;2;1856;1;-
2026/05/14;07:49:32;-;-; 54.60; 0.7;-; 75.0; 76.4; 37.3; 37.3; 0.0;2344; 0.6; 0.6; 0.6;31; 21.3;F;0;-;On;On;Off; 30.3; 29.8;0;1;2041;1;2041;2;1856;1;-
2026/05/14;07:50:32;-;-; 54.60; 0.6;-; 75.9; 75.2; 32.9; 6.6; 26.3;2344; 0.6; 0.6; 0.6;30; 21.3;F;0;-;On;On;Off; 30.4; 29.9;0;1;2041;1;2041;2;1856;1;-
2026/05/14;07:51:32;-;-; 54.60; 0.9;-; 76.6; 74.4; 50.5; 0.0; 50.5;2344; 0.6; 0.6; 0.6;30; 21.3;F;0;-;On;On;Off; 30.5; 30.0;0;1;2041;1;2041;2;1856;1;-
2026/05/14;07:52:32;-;-; 54.58; 0.8;-; 75.3; 76.4; 44.0; 44.0; 0.0;2344; 0.6; 0.6; 0.6;30; 21.3;F;0;-;On;On;Off; 30.5; 30.1;0;1;2041;1;2041;2;1856;1;-
2026/05/14;07:53:32;-;-; 54.60; 0.6;-; 76.4; 75.4; 32.2; 0.0; 32.2;2344; 0.6; 0.6; 0.6;31; 21.3;F;0;-;On;On;Off; 30.6; 30.1;0;1;2041;1;2041;2;1856;1;-
2026/05/14;07:54:32;-;-; 54.60; 0.6;-; 75.0; 76.3; 34.4; 30.0; 4.4;2344; 0.6; 0.6; 0.6;30; 21.3;F;0;-;On;On;Off; 30.7; 30.2;0;1;2041;1;2041;2;1856;1;-
2026/05/14;07:55:32;-;-; 54.58; 0.8;-; 75.2; 76.3; 45.4; 45.4; 0.0;2344; 0.6; 0.6; 0.6;30; 21.3;F;0;-;On;On;Off; 30.7; 30.2;0;1;2041;1;2041;2;1856;1;-
2026/05/14;07:56:32;-;-; 54.60; 0.8;-; 76.4; 74.8; 43.9; 0.0; 43.9;2344; 0.5; 0.6; 0.6;29; 21.3;F;0;-;On;On;Off; 30.8; 30.3;0;2;2042;2;2042;2;1856;1;-
2026/05/14;07:57:32;-;-; 54.60; 1.0;-; 76.8; 74.7; 53.5; 0.0; 53.5;2344; 0.5; 0.6; 0.6;29; 21.3;F;0;-;On;On;Off; 30.8; 30.3;0;2;2042;2;2042;2;1856;1;-
2026/05/14;07:58:32;-;-; 54.60; 0.6;-; 75.6; 76.4; 30.7; 26.3; 4.4;2344; 0.6; 0.6; 0.6;29; 21.3;F;0;-;On;On;Off; 30.9; 30.4;0;2;2042;2;2042;2;1856;1;-
2026/05/14;07:59:32;-;-; 54.60; 0.7;-; 75.4; 76.3; 40.3; 40.3; 0.0;2344; 0.5; 0.6; 0.6;29; 21.3;F;0;-;On;On;Off; 30.9; 30.4;0;2;2042;2;2042;2;1856;1;-
2026/05/14;08:00:31;-;-; 54.60; 0.6;-; 76.4; 75.7; 30.7; 2.2; 28.5;2344; 0.5; 0.6; 0.6;29; 21.3;F;0;-;On;On;Off; 31.0; 30.5;0;2;2042;2;2042;2;1856;1;-
2026/05/14;08:01:31;-;-; 54.60; 0.6;-; 75.7; 75.7; 33.6; 12.4; 21.2;2344; 0.5; 0.6; 0.6;28; 21.3;F;0;-;On;On;Off; 31.0; 30.5;0;2;2042;2;2042;2;1856;1;-
2026/05/14;08:02:31;-;-; 54.60; 0.8;-; 75.0; 76.2; 41.7; 41.7; 0.0;2344; 0.5; 0.6; 0.6;29; 21.3;F;0;-;On;On;Off; 31.1; 30.6;0;2;2042;2;2042;2;1856;1;-
2026/05/14;08:03:31;-;-; 54.58; 0.7;-; 76.4; 74.9; 35.9; 10.2; 25.6;2344; 0.5; 0.6; 0.6;28; 21.3;F;0;-;On;On;Off; 31.1; 30.6;0;2;2042;2;2042;2;1856;1;-
2026/05/14;08:04:31;-;-; 54.60; 0.6;-; 76.2; 76.9; 35.1; 35.1; 0.0;2344; 0.5; 0.6; 0.6;28; 21.3;F;0;-;On;On;Off; 31.2; 30.6;0;2;2042;2;2042;2;1856;1;-
2026/05/14;08:05:31;-;-; 54.60; 1.1;-; 76.1; 77.9; 60.0; 60.0; 0.0;2344; 0.5; 0.6; 0.6;28; 21.3;F;0;-;On;On;Off; 31.2; 30.7;0;2;2042;2;2042;2;1856;1;-
2026/05/14;08:06:31;-;-; 54.58; 1.0;-; 76.9; 78.1; 52.7; 52.7; 0.0;2344; 0.5; 0.6; 0.6;28; 21.3;F;0;-;On;On;Off; 31.2; 30.7;0;2;2042;2;2042;2;1856;1;-
2026/05/14;08:07:31;-;-; 54.60; 0.8;-; 77.5; 76.0; 42.5; 0.0; 42.5;2344; 0.5; 0.6; 0.6;27; 21.3;F;0;-;On;On;Off; 31.3; 30.8;0;2;2042;2;2042;2;1856;1;-
2026/05/14;08:08:31;-;-; 54.60; 0.9;-; 75.0; 77.1; 47.6; 47.6; 0.0;2344; 0.5; 0.6; 0.6;27; 21.3;F;0;-;On;On;Off; 31.3; 30.8;0;2;2042;2;2042;2;1856;1;-
2026/05/14;08:09:31;-;-; 54.60; 1.1;-; 73.9; 76.4; 57.9; 57.9; 0.0;2344; 0.5; 0.6; 0.6;27; 21.3;F;0;-;On;On;Off; 31.3; 30.8;0;2;2042;2;2042;2;1856;1;-
2026/05/14;08:10:31;-;-; 54.60; 0.6;-; 75.9; 74.3; 34.4; 13.2; 21.2;2344; 0.5; 0.6; 0.6;28; 21.3;F;0;-;On;On;Off; 31.3; 30.8;0;2;2042;2;2042;2;1856;1;-
2026/05/14;08:11:31;-;-; 54.60; 0.5;-; 76.0; 75.9; 29.3; 4.4; 24.9;2344; 0.5; 0.6; 0.6;29; 21.3;F;0;-;On;On;Off; 31.4; 30.8;0;2;2042;2;2042;2;1856;1;-
2026/05/14;08:12:31;-;-; 54.60; 0.6;-; 76.5; 75.7; 30.7; 11.0; 19.7;2344; 0.5; 0.6; 0.6;28; 21.4;F;0;-;On;On;Off; 31.4; 30.9;0;2;2042;2;2042;2;1856;1;-
2026/05/14;08:13:31;-;-; 54.60; 0.5;-; 75.5; 75.6; 29.2; 26.3; 2.9;2344; 0.5; 0.6; 0.6;28; 21.3;F;0;-;On;On;Off; 31.4; 30.9;0;2;2042;2;2042;2;1856;1;-
2026/05/14;08:14:31;-;-; 54.60; 0.6;-; 75.1; 76.2; 35.1; 34.4; 0.7;2344; 0.5; 0.6; 0.6;28; 21.3;F;0;-;On;On;Off; 31.4; 30.9;0;2;2042;2;2042;2;1856;1;-
2026/05/14;08:15:30;-;-; 54.60; 1.0;-; 76.7; 74.7; 52.7; 0.0; 52.7;2344; 0.5; 0.6; 0.6;28; 21.3;F;0;-;On;On;Off; 31.4; 30.9;0;2;2042;2;2042;2;1856;1;-
2026/05/14;08:16:30;-;-; 54.60; 0.8;-; 76.6; 75.1; 41.0; 0.0; 41.0;2344; 0.5; 0.6; 0.6;28; 21.3;F;0;-;On;On;Off; 31.5; 31.0;0;2;2042;2;2042;2;1856;1;-
2026/05/14;08:17:30;-;-; 54.60; 0.9;-; 74.8; 76.7; 49.8; 49.8; 0.0;2344; 0.5; 0.6; 0.6;27; 21.3;F;0;-;On;On;Off; 31.5; 31.0;0;2;2042;2;2042;2;1856;1;-
2026/05/14;08:18:30;-;-; 54.60; 1.0;-; 76.1; 73.0; 53.5; 0.0; 53.5;2344; 0.5; 0.6; 0.6;27; 21.3;F;0;-;On;On;Off; 31.5; 31.0;0;2;2042;2;2042;2;1856;1;-
2026/05/14;08:19:30;-;-; 54.60; 0.6;-; 75.3; 74.3; 33.7; 0.0; 33.7;2344; 0.5; 0.6; 0.6;27; 21.3;F;0;-;On;On;Off; 31.5; 31.0;0;2;2042;2;2042;2;1856;1;-
2026/05/14;08:20:30;-;-; 54.60; 0.9;-; 75.9; 73.2; 46.9; 0.0; 46.9;2344; 0.5; 0.6; 0.6;28; 21.3;F;0;-;On;On;Off; 31.5; 31.0;0;2;2042;2;2042;2;1856;1;-
2026/05/14;08:21:30;-;-; 54.58; 0.9;-; 71.2; 75.6; 51.3; 51.3; 0.0;2344; 0.5; 0.6; 0.6;28; 21.3;F;0;-;On;On;Off; 31.5; 31.1;0;2;2042;2;2042;2;1856;1;-
2026/05/14;08:22:30;-;-; 54.60; 0.6;-; 73.5; 73.9; 35.1; 30.7; 4.4;2344; 0.5; 0.6; 0.6;28; 21.3;F;0;-;On;On;Off; 31.5; 31.1;0;2;2042;2;2042;2;1856;1;-
2026/05/14;08:23:30;-;-; 54.58; 0.6;-; 74.3; 74.9; 30.7; 28.5; 2.2;2344; 0.5; 0.6; 0.6;28; 21.3;F;0;-;On;On;Off; 31.5; 31.1;0;2;2042;2;2042;2;1856;1;-
2026/05/14;08:24:30;-;-; 54.58; 0.5;-; 76.1; 75.5; 29.2; 6.6; 22.7;2344; 0.5; 0.6; 0.6;28; 21.3;F;0;-;On;On;Off; 31.6; 31.1;0;2;2042;2;2042;2;1856;1;-
2026/05/14;08:25:30;-;-; 54.60; 0.9;-; 76.9; 74.7; 46.8; 0.0; 46.8;2344; 0.5; 0.6; 0.6;27; 21.3;F;0;-;On;On;Off; 31.6; 31.1;0;2;2042;2;2042;2;1856;1;-
2026/05/14;08:26:30;-;-; 54.60; 0.9;-; 75.1; 76.4; 49.0; 49.0; 0.0;2344; 0.5; 0.6; 0.6;27; 21.3;F;0;-;On;On;Off; 31.6; 31.2;0;2;2042;2;2042;2;1856;1;-
2026/05/14;08:27:30;-;-; 54.60; 0.7;-; 75.5; 76.3; 36.6; 36.6; 0.0;2344; 0.5; 0.6; 0.6;27; 21.3;F;0;-;On;On;Off; 31.6; 31.2;0;2;2042;2;2042;2;1856;1;-
2026/05/14;08:28:30;-;-; 54.60; 0.5;-; 77.0; 75.0; 28.5; 1.4; 27.1;2344; 0.5; 0.6; 0.6;27; 21.3;F;0;-;On;On;Off; 31.7; 31.2;0;2;2042;2;2042;2;1856;1;-
2026/05/14;08:29:30;-;-; 54.60; 0.6;-; 76.7; 76.3; 35.1; 13.9; 21.2;2344; 0.5; 0.6; 0.6;27; 21.3;F;0;-;On;On;Off; 31.7; 31.2;0;2;2042;2;2042;2;1856;1;-
2026/05/14;08:30:29;-;-; 54.60; 0.8;-; 77.3; 75.8; 45.4; 0.0; 45.4;2344; 0.5; 0.6; 0.6;27; 21.3;F;0;-;On;On;Off; 31.7; 31.2;0;2;2042;2;2042;2;1856;1;-
2026/05/14;08:31:29;-;-; 54.60; 0.9;-; 77.9; 76.3; 48.3; 0.0; 48.3;2344; 0.5; 0.6; 0.6;27; 21.3;F;0;-;On;On;Off; 31.7; 31.2;0;2;2042;2;2042;2;1856;1;-
2026/05/14;08:32:29;-;-; 54.60; 0.7;-; 78.5; 77.8; 35.9; 0.0; 35.9;2344; 0.5; 0.6; 0.6;26; 21.3;F;0;-;On;On;Off; 31.8; 31.3;0;2;2042;2;2042;2;1856;1;-
2026/05/14;08:33:29;-;-; 54.60; 0.6;-; 78.6; 77.8; 32.2; 3.7; 28.5;2344; 0.5; 0.6; 0.6;25; 21.3;F;0;-;On;On;Off; 31.8; 31.3;0;2;2042;2;2042;2;1856;1;-
2026/05/14;08:34:29;-;-; 54.60; 0.9;-; 77.0; 78.3; 50.5; 50.5; 0.0;2344; 0.5; 0.6; 0.6;26; 21.3;F;0;-;On;On;Off; 31.8; 31.3;0;2;2042;2;2042;2;1856;1;-
2026/05/14;08:35:29;-;-; 54.58; 0.5;-; 76.8; 77.5; 27.8; 24.9; 2.9;2344; 0.5; 0.6; 0.6;26; 21.3;F;0;-;On;On;Off; 31.8; 31.3;0;2;2042;2;2042;2;1856;1;-
2026/05/14;08:36:29;-;-; 54.60; 0.6;-; 77.2; 77.0; 31.5; 24.2; 7.3;2344; 0.5; 0.6; 0.6;26; 21.3;F;0;-;On;On;Off; 31.8; 31.3;0;2;2042;2;2042;2;1856;1;-
2026/05/14;08:37:29;-;-; 54.60; 1.0;-; 75.9; 77.3; 57.1; 57.1; 0.0;2344; 0.5; 0.6; 0.6;26; 21.3;F;0;-;On;On;Off; 31.8; 31.3;0;2;2042;2;2042;2;1856;1;-
2026/05/14;08:38:29;-;-; 54.60; 0.8;-; 77.3; 75.9; 41.0; 0.0; 41.0;2344; 0.5; 0.6; 0.6;27; 21.3;F;0;-;On;On;Off; 31.9; 31.3;0;2;2042;2;2042;2;1856;1;-
2026/05/14;08:39:29;-;-; 54.60; 0.4;-; 77.1; 77.0; 23.4; 3.7; 19.7;2344; 0.5; 0.6; 0.6;26; 21.3;F;0;-;On;On;Off; 31.9; 31.4;0;2;2042;2;2042;2;1856;1;-
2026/05/14;08:40:29;-;-; 54.60; 1.1;-; 76.7; 78.2; 60.0; 60.0; 0.0;2344; 0.5; 0.6; 0.6;26; 21.3;F;0;-;On;On;Off; 31.9; 31.4;0;2;2042;2;2042;2;1856;1;-
2026/05/14;08:41:29;-;-; 54.60; 1.2;-; 76.3; 77.7; 63.0; 63.0; 0.0;2344; 0.5; 0.6; 0.6;27; 21.3;F;0;-;On;On;Off; 31.9; 31.4;0;2;2042;2;2042;2;1856;1;-
2026/05/14;08:42:29;-;-; 54.60; 0.8;-; 77.7; 76.6; 44.7; 0.0; 44.7;2344; 0.5; 0.6; 0.6;26; 21.3;F;0;-;On;On;Off; 31.9; 31.4;0;2;2042;2;2042;2;1856;1;-
2026/05/14;08:43:29;-;-; 54.60; 0.6;-; 78.1; 77.0; 33.7; 0.0; 33.7;2344; 0.5; 0.6; 0.6;27; 21.3;F;0;-;On;On;Off; 31.9; 31.4;0;2;2042;2;2042;2;1856;1;-
2026/05/14;08:44:29;-;-; 54.58; 0.8;-; 77.7; 76.5; 43.2; 0.0; 43.2;2344; 0.5; 0.6; 0.6;26; 21.3;F;0;-;On;On;Off; 31.9; 31.4;0;2;2042;2;2042;2;1856;1;-
2026/05/14;08:45:28;-;-; 54.58; 0.5;-; 77.8; 76.9; 26.3; 2.2; 24.2;2344; 0.5; 0.6; 0.6;26; 21.3;F;0;-;On;On;Off; 31.9; 31.4;0;2;2042;2;2042;2;1856;1;-
2026/05/14;08:46:28;-;-; 54.60; 0.9;-; 77.6; 76.3; 47.6; 0.0; 47.6;2344; 0.5; 0.6; 0.6;26; 21.3;F;0;-;On;On;Off; 32.0; 31.5;0;2;2042;2;2042;2;1856;1;-
2026/05/14;08:47:28;-;-; 54.60; 0.6;-; 77.5; 76.2; 32.9; 2.2; 30.7;2344; 0.5; 0.6; 0.6;26; 21.3;F;0;-;On;On;Off; 32.0; 31.5;0;2;2042;2;2042;2;1856;1;-
2026/05/14;08:48:28;-;-; 54.60; 0.7;-; 76.1; 77.2; 38.0; 38.0; 0.0;2344; 0.5; 0.6; 0.6;26; 21.3;F;0;-;On;On;Off; 32.0; 31.5;0;2;2042;2;2042;2;1856;1;-
2026/05/14;08:49:28;-;-; 54.60; 0.8;-; 76.4; 77.4; 42.5; 42.5; 0.0;2344; 0.5; 0.6; 0.6;26; 21.3;F;0;-;On;On;Off; 32.0; 31.5;0;2;2042;2;2042;2;1856;1;-
2026/05/14;08:50:28;-;-; 54.60; 0.9;-; 78.0; 76.6; 47.6; 0.0; 47.6;2344; 0.5; 0.6; 0.6;25; 21.3;F;0;-;On;On;Off; 32.0; 31.5;0;2;2042;2;2042;2;1856;1;-
2026/05/14;08:51:28;-;-; 54.60; 0.6;-; 77.6; 76.5; 30.7; 2.9; 27.8;2344; 0.5; 0.6; 0.6;25; 21.3;F;0;-;On;On;Off; 32.0; 31.5;0;2;2042;2;2042;2;1856;1;-
2026/05/14;08:52:28;-;-; 54.58; 0.6;-; 77.1; 77.0; 30.7; 30.7; 0.0;2344; 0.5; 0.6; 0.6;25; 21.3;F;0;-;On;On;Off; 32.0; 31.5;0;2;2042;2;2042;2;1856;1;-
2026/05/14;08:53:28;-;-; 54.60; 0.6;-; 77.7; 76.8; 33.0; 18.3; 14.7;2344; 0.5; 0.6; 0.6;26; 21.3;F;0;-;On;On;Off; 32.0; 31.5;0;2;2042;2;2042;2;1856;1;-
2026/05/14;08:54:28;-;-; 54.60; 0.5;-; 78.0; 77.3; 28.5; 1.4; 27.1;2344; 0.5; 0.6; 0.6;26; 21.3;F;0;-;On;On;Off; 32.0; 31.5;0;2;2042;2;2042;2;1856;1;-
2026/05/14;08:55:28;-;-; 54.60; 0.8;-; 77.2; 78.2; 44.7; 44.7; 0.0;2344; 0.5; 0.6; 0.6;26; 21.3;F;0;-;On;On;Off; 32.0; 31.6;0;2;2042;2;2042;2;1856;1;-
2026/05/14;08:56:28;-;-; 54.60; 0.5;-; 77.8; 77.9; 29.2; 24.2; 5.1;2344; 0.5; 0.6; 0.6;26; 21.3;F;0;-;On;On;Off; 32.1; 31.6;0;2;2042;2;2042;2;1856;1;-
2026/05/14;08:57:28;-;-; 54.60; 0.8;-; 77.4; 75.6; 43.2; 0.0; 43.2;2344; 0.5; 0.6; 0.6;25; 21.3;F;0;-;On;On;Off; 32.1; 31.6;0;2;2042;2;2042;2;1856;1;-
2026/05/14;08:58:28;-;-; 54.60; 1.0;-; 75.3; 76.8; 52.7; 52.7; 0.0;2344; 0.5; 0.6; 0.6;25; 21.3;F;0;-;On;On;Off; 32.0; 31.5;0;2;2042;2;2042;2;1856;1;-
2026/05/14;08:59:28;-;-; 54.60; 0.7;-; 75.6; 76.7; 40.3; 40.3; 0.0;2344; 0.5; 0.6; 0.6;26; 21.3;F;0;-;On;On;Off; 32.0; 31.5;0;2;2042;2;2042;2;1856;1;-
2026/05/14;09:00:28;-;-; 54.60; 1.0;-; 75.6; 77.1; 56.4; 56.4; 0.0;2344; 0.5; 0.6; 0.6;26; 21.3;F;0;-;On;On;Off; 32.0; 31.6;0;2;2042;2;2042;2;1856;1;-
2026/05/14;09:01:27;-;-; 54.58; 0.9;-; 75.7; 77.0; 47.6; 47.6; 0.0;2344; 0.5; 0.6; 0.6;25; 21.3;F;0;-;On;On;Off; 32.0; 31.6;0;2;2042;2;2042;2;1856;1;-
2026/05/14;09:02:27;-;-; 54.60; 0.8;-; 76.9; 74.9; 45.4; 0.0; 45.4;2344; 0.5; 0.6; 0.6;25; 21.3;F;0;-;On;On;Off; 32.1; 31.6;0;2;2042;2;2042;2;1856;1;-
2026/05/14;09:03:27;-;-; 54.60; 0.5;-; 75.8; 75.7; 27.8; 6.6; 21.2;2344; 0.5; 0.6; 0.6;26; 21.3;F;0;-;On;On;Off; 32.0; 31.5;0;2;2042;2;2042;2;1856;1;-
2026/05/14;09:04:27;-;-; 54.60; 1.0;-; 76.9; 74.8; 55.7; 0.0; 55.7;2344; 0.5; 0.6; 0.6;26; 21.3;F;0;-;On;On;Off; 32.1; 31.6;0;2;2042;2;2042;2;1856;1;-
2026/05/14;09:05:27;-;-; 54.60; 0.5;-; 76.6; 76.4; 27.1; 5.8; 21.2;2344; 0.5; 0.6; 0.6;25; 21.3;F;0;-;On;On;Off; 32.1; 31.6;0;2;2042;2;2042;2;1856;1;-
2026/05/14;09:06:27;-;-; 54.62; 0.8;-; 77.5; 75.8; 46.2; 0.0; 46.2;2344; 0.5; 0.6; 0.6;26; 21.3;F;0;-;On;On;Off; 32.1; 31.6;0;2;2042;2;2042;2;1856;1;-
2026/05/14;09:07:27;-;-; 54.60; 0.6;-; 77.7; 76.2; 35.1; 0.0; 35.1;2344; 0.5; 0.6; 0.6;26; 21.3;F;0;-;On;On;Off; 32.1; 31.6;0;2;2042;2;2042;2;1856;1;-
2026/05/14;09:08:27;-;-; 54.60; 0.6;-; 76.6; 76.8; 34.4; 21.2; 13.2;2344; 0.5; 0.6; 0.6;25; 21.3;F;0;-;On;On;Off; 32.1; 31.6;0;2;2042;2;2042;2;1856;1;-
2026/05/14;09:09:27;-;-; 54.60; 0.6;-; 76.9; 76.3; 31.4; 15.4; 16.1;2344; 0.5; 0.6; 0.6;25; 21.3;F;0;-;On;On;Off; 32.1; 31.6;0;2;2042;2;2042;2;1856;1;-
2026/05/14;09:10:27;-;-; 54.60; 0.6;-; 76.4; 76.4; 32.2; 18.3; 13.9;2344; 0.5; 0.6; 0.6;25; 21.3;F;0;-;On;On;Off; 32.1; 31.6;0;2;2042;2;2042;2;1856;1;-
2026/05/14;09:11:27;-;-; 54.60; 0.8;-; 76.8; 75.5; 41.7; 0.0; 41.7;2344; 0.5; 0.6; 0.6;26; 21.3;F;0;-;On;On;Off; 32.1; 31.6;0;2;2042;2;2042;2;1856;1;-
2026/05/14;09:12:27;-;-; 54.60; 0.7;-; 75.7; 76.6; 39.5; 39.5; 0.0;2344; 0.5; 0.6; 0.6;25; 21.3;F;0;-;On;On;Off; 32.1; 31.6;0;2;2042;2;2042;2;1856;1;-
2026/05/14;09:13:27;-;-; 54.60; 0.8;-; 75.7; 76.6; 41.7; 41.7; 0.0;2344; 0.5; 0.6; 0.6;26; 21.3;F;0;-;On;On;Off; 32.1; 31.6;0;2;2042;2;2042;2;1856;1;-
2026/05/14;09:14:27;-;-; 54.60; 0.9;-; 77.3; 75.5; 50.5; 0.0; 50.5;2344; 0.5; 0.6; 0.6;26; 21.3;F;0;-;On;On;Off; 32.1; 31.6;0;2;2042;2;2042;2;1856;1;-
2026/05/14;09:15:27;-;-; 54.60; 1.0;-; 76.1; 77.5; 57.1; 57.1; 0.0;2344; 0.5; 0.6; 0.6;26; 21.3;F;0;-;On;On;Off; 32.1; 31.6;0;2;2042;2;2042;2;1856;1;-
2026/05/14;09:16:26;-;-; 54.60; 0.6;-; 76.3; 77.5; 33.0; 33.0; 0.0;2344; 0.5; 0.6; 0.6;25; 21.3;F;0;-;On;On;Off; 32.1; 31.6;0;2;2042;2;2042;2;1856;1;-
2026/05/14;09:17:26;-;-; 54.58; 0.5;-; 76.9; 77.4; 28.5; 27.8; 0.7;2344; 0.5; 0.6; 0.6;25; 21.3;F;0;-;On;On;Off; 32.1; 31.6;0;2;2042;2;2042;2;1856;1;-
2026/05/14;09:18:26;-;-; 54.60; 1.0;-; 76.2; 77.6; 54.2; 54.2; 0.0;2344; 0.5; 0.6; 0.6;25; 21.3;F;0;-;On;On;Off; 32.2; 31.7;0;2;2042;2;2042;2;1856;1;-
2026/05/14;09:19:26;-;-; 54.60; 0.8;-; 78.0; 76.4; 44.0; 0.0; 44.0;2344; 0.5; 0.6; 0.6;26; 21.3;F;0;-;On;On;Off; 32.2; 31.6;0;2;2042;2;2042;2;1856;1;-
2026/05/14;09:20:26;-;-; 54.60; 0.5;-; 77.9; 76.8; 30.0; 0.7; 29.3;2344; 0.5; 0.6; 0.6;26; 21.3;F;0;-;On;On;Off; 32.2; 31.7;0;2;2042;2;2042;2;1856;1;-
2026/05/14;09:21:26;-;-; 54.60; 0.5;-; 77.7; 77.4; 28.5; 0.0; 28.5;2344; 0.5; 0.6; 0.6;25; 21.3;F;0;-;On;On;Off; 32.2; 31.7;0;2;2042;2;2042;2;1856;1;-
2026/05/14;09:22:26;-;-; 54.60; 0.5;-; 77.1; 77.2; 27.1; 27.1; 0.0;2344; 0.5; 0.6; 0.6;25; 21.3;F;0;-;On;On;Off; 32.2; 31.7;0;2;2042;2;2042;2;1856;1;-
2026/05/14;09:23:26;-;-; 54.60; 0.7;-; 76.1; 77.0; 37.3; 37.3; 0.0;2344; 0.5; 0.6; 0.6;25; 21.3;F;0;-;On;On;Off; 32.2; 31.7;0;2;2042;2;2042;3;1857;1;-
2026/05/14;09:24:26;-;-; 54.60; 0.6;-; 76.4; 77.1; 34.4; 25.6; 8.7;2344; 0.5; 0.6; 0.6;26; 21.3;F;0;-;On;On;Off; 32.2; 31.7;0;2;2042;2;2042;3;1857;1;-
2026/05/14;09:25:26;-;-; 54.60; 1.1;-; 76.3; 77.6; 57.9; 57.9; 0.0;2344; 0.5; 0.6; 0.6;26; 21.3;F;0;-;On;On;Off; 32.2; 31.7;0;2;2042;2;2042;3;1857;1;-
2026/05/14;09:26:26;-;-; 54.60; 0.8;-; 78.1; 76.5; 41.7; 0.0; 41.7;2344; 0.5; 0.6; 0.6;26; 21.3;F;0;-;On;On;Off; 32.2; 31.7;0;2;2042;2;2042;3;1857;1;-
2026/05/14;09:27:26;-;-; 54.60; 0.6;-; 77.6; 77.6; 32.2; 29.3; 2.9;2344; 0.5; 0.6; 0.6;25; 21.3;F;0;-;On;On;Off; 32.2; 31.7;0;2;2042;2;2042;3;1857;1;-
2026/05/14;09:28:26;-;-; 54.60; 0.6;-; 77.6; 77.5; 32.2; 17.5; 14.6;2344; 0.5; 0.6; 0.6;25; 21.3;F;0;-;On;On;Off; 32.2; 31.7;0;2;2042;2;2042;3;1857;1;-
2026/05/14;09:29:26;-;-; 54.60; 0.5;-; 76.9; 77.7; 27.8; 25.6; 2.2;2344; 0.5; 0.6; 0.6;25; 21.3;F;0;-;On;On;Off; 32.3; 31.7;0;2;2042;2;2042;3;1857;1;-
2026/05/14;09:30:26;-;-; 54.60; 0.6;-; 77.6; 76.6; 34.4; 2.2; 32.2;2344; 0.5; 0.6; 0.6;25; 21.3;F;0;-;On;On;Off; 32.3; 31.7;0;2;2042;2;2042;3;1857;1;-
2026/05/14;09:31:25;-;-; 54.58; 0.7;-; 76.8; 77.7; 37.3; 37.3; 0.0;2344; 0.5; 0.6; 0.6;25; 21.3;F;0;-;On;On;Off; 32.2; 31.7;0;2;2042;2;2042;3;1857;1;-
2026/05/14;09:32:25;-;-; 54.60; 0.5;-; 77.3; 77.0; 27.8; 16.8; 11.0;2344; 0.5; 0.6; 0.6;25; 21.3;F;0;-;On;On;Off; 32.2; 31.8;0;2;2042;2;2042;3;1857;1;-
2026/05/14;09:33:25;-;-; 54.60; 1.0;-; 76.6; 77.6; 54.2; 54.2; 0.0;2344; 0.5; 0.6; 0.6;25; 21.3;F;0;-;On;On;Off; 32.3; 31.7;0;2;2042;2;2042;3;1857;1;-
2026/05/14;09:34:25;-;-; 54.60; 0.5;-; 77.1; 76.7; 30.0; 0.0; 30.0;2344; 0.5; 0.6; 0.6;25; 21.3;F;0;-;On;On;Off; 32.2; 31.7;0;2;2042;2;2042;3;1857;1;-
2026/05/14;09:35:25;-;-; 54.60; 0.7;-; 76.1; 77.0; 36.6; 36.6; 0.0;2344; 0.5; 0.6; 0.6;25; 21.3;F;0;-;On;On;Off; 32.3; 31.7;0;2;2042;2;2042;3;1857;1;-
2026/05/14;09:36:25;-;-; 54.60; 0.6;-; 76.9; 76.4; 33.0; 11.0; 22.0;2344; 0.5; 0.6; 0.6;25; 21.3;F;0;-;On;On;Off; 32.2; 31.7;0;2;2042;2;2042;3;1857;1;-
2026/05/14;09:37:25;-;-; 54.60; 1.0;-; 77.6; 76.0; 57.1; 0.0; 57.1;2344; 0.5; 0.6; 0.6;25; 21.3;F;0;-;On;On;Off; 32.3; 31.8;0;3;2043;3;2043;3;1857;1;-
2026/05/14;09:38:25;-;-; 54.60; 0.6;-; 76.7; 76.6; 32.9; 9.5; 23.4;2344; 0.5; 0.6; 0.6;25; 21.3;F;0;-;On;On;Off; 32.2; 31.8;0;3;2043;3;2043;3;1857;1;-
2026/05/14;09:39:25;-;-; 54.60; 0.5;-; 77.1; 76.1; 25.6; 2.2; 23.4;2344; 0.5; 0.6; 0.6;26; 21.3;F;0;-;On;On;Off; 32.3; 31.7;0;3;2043;3;2043;3;1857;1;-
2026/05/14;09:40:25;-;-; 54.58; 0.5;-; 76.1; 76.6; 24.9; 24.9; 0.0;2344; 0.5; 0.6; 0.6;26; 21.3;F;0;-;On;On;Off; 32.2; 31.7;0;3;2043;3;2043;3;1857;1;-
2026/05/14;09:41:25;-;-; 54.60; 0.6;-; 75.4; 76.8; 34.4; 30.7; 3.7;2344; 0.5; 0.6; 0.6;26; 21.3;F;0;-;On;On;Off; 32.2; 31.7;0;3;2043;3;2043;3;1857;1;-
2026/05/14;09:42:25;-;-; 54.60; 0.6;-; 77.1; 75.4; 33.7; 0.0; 33.7;2344; 0.5; 0.6; 0.6;26; 21.3;F;0;-;On;On;Off; 32.2; 31.7;0;3;2043;3;2043;3;1857;1;-
2026/05/14;09:43:25;-;-; 54.60; 0.7;-; 77.3; 76.1; 36.6; 0.0; 36.6;2344; 0.5; 0.6; 0.6;26; 21.3;F;0;-;On;On;Off; 32.3; 31.7;0;3;2043;3;2043;3;1857;1;-
2026/05/14;09:44:25;-;-; 54.60; 0.7;-; 77.4; 76.2; 38.8; 0.0; 38.8;2344; 0.5; 0.6; 0.6;25; 21.3;F;0;-;On;On;Off; 32.3; 31.8;0;3;2043;3;2043;3;1857;1;-
2026/05/14;09:45:25;-;-; 54.60; 0.7;-; 77.4; 76.2; 38.0; 0.0; 38.0;2344; 0.5; 0.6; 0.6;25; 21.3;F;0;-;On;On;Off; 32.3; 31.8;0;3;2043;3;2043;3;1857;1;-
2026/05/14;09:46:24;-;-; 54.60; 0.9;-; 76.3; 77.2; 49.0; 49.0; 0.0;2344; 0.5; 0.6; 0.6;25; 21.3;F;0;-;On;On;Off; 32.3; 31.8;0;3;2043;3;2043;3;1857;1;-
2026/05/14;09:47:24;-;-; 54.60; 0.5;-; 76.9; 76.3; 25.6; 19.7; 5.8;2344; 0.5; 0.6; 0.6;25; 21.3;F;0;-;On;On;Off; 32.3; 31.8;0;3;2043;3;2043;3;1857;1;-
2026/05/14;09:48:24;-;-; 54.60; 0.8;-; 77.4; 76.0; 46.1; 0.0; 46.1;2344; 0.5; 0.6; 0.6;25; 21.3;F;0;-;On;On;Off; 32.3; 31.8;0;3;2043;3;2043;3;1857;1;-
2026/05/14;09:49:24;-;-; 54.60; 1.1;-; 76.2; 77.6; 60.8; 60.8; 0.0;2344; 0.5; 0.6; 0.6;25; 21.3;F;0;-;On;On;Off; 32.3; 31.8;0;3;2043;3;2043;3;1857;1;-
2026/05/14;09:50:24;-;-; 54.60; 0.5;-; 77.8; 76.7; 26.3; 2.9; 23.4;2344; 0.5; 0.6; 0.6;25; 21.3;F;0;-;On;On;Off; 32.3; 31.8;0;3;2043;3;2043;3;1857;1;-
2026/05/14;09:51:24;-;-; 54.60; 0.6;-; 76.4; 77.3; 35.1; 35.1; 0.0;2344; 0.5; 0.6; 0.6;25; 21.3;F;0;-;On;On;Off; 32.3; 31.8;0;3;2043;3;2043;3;1857;1;-
2026/05/14;09:52:24;-;-; 54.60; 0.8;-; 76.2; 77.4; 46.1; 46.1; 0.0;2344; 0.5; 0.6; 0.6;25; 21.3;F;0;-;On;On;Off; 32.3; 31.8;0;3;2043;3;2043;3;1857;1;-
2026/05/14;09:53:24;-;-; 54.60; 0.5;-; 76.8; 77.0; 27.1; 26.4; 0.7;2344; 0.5; 0.6; 0.6;25; 21.3;F;0;-;On;On;Off; 32.3; 31.8;0;3;2043;3;2043;3;1857;1;-
2026/05/14;09:54:24;-;-; 54.60; 0.5;-; 77.0; 76.9; 30.0; 18.3; 11.7;2344; 0.5; 0.6; 0.6;25; 21.3;F;0;-;On;On;Off; 32.3; 31.8;0;3;2043;3;2043;3;1857;1;-
2026/05/14;09:55:24;-;-; 54.60; 0.6;-; 77.5; 76.4; 32.2; 2.9; 29.3;2344; 0.5; 0.6; 0.6;24; 21.3;F;0;-;On;On;Off; 32.3; 31.8;0;3;2043;3;2043;3;1857;1;-
2026/05/14;09:56:24;-;-; 54.60; 0.5;-; 76.9; 76.8; 30.0; 0.0; 30.0;2344; 0.5; 0.6; 0.6;25; 21.3;F;0;-;On;On;Off; 32.3; 31.8;0;3;2043;3;2043;3;1857;1;-
2026/05/14;09:57:24;-;-; 54.60; 0.8;-; 76.0; 77.2; 41.7; 41.7; 0.0;2344; 0.5; 0.6; 0.6;25; 21.3;F;0;-;On;On;Off; 32.3; 31.8;0;3;2043;3;2043;3;1857;1;-
2026/05/14;09:58:24;-;-; 54.60; 0.5;-; 76.9; 76.8; 27.1; 6.6; 20.5;2344; 0.5; 0.6; 0.6;25; 21.3;F;0;-;On;On;Off; 32.3; 31.8;0;3;2043;3;2043;3;1857;1;-
2026/05/14;09:59:24;-;-; 54.60; 0.9;-; 75.9; 77.4; 48.3; 48.3; 0.0;2344; 0.5; 0.6; 0.6;25; 21.3;F;0;-;On;On;Off; 32.3; 31.8;0;3;2043;3;2043;3;1857;1;-
2026/05/14;10:00:24;-;-; 54.60; 0.9;-; 76.7; 77.3; 46.9; 46.9; 0.0;2344; 0.5; 0.6; 0.6;25; 21.3;F;0;-;On;On;Off; 32.3; 31.8;0;3;2043;3;2043;3;1857;1;-
2026/05/14;10:01:23;-;-; 54.60; 0.6;-; 77.2; 77.0; 35.2; 35.2; 0.0;2344; 0.5; 0.6; 0.6;25; 21.3;F;0;-;On;On;Off; 32.3; 31.8;0;3;2043;3;2043;3;1857;1;-
2026/05/14;10:02:23;-;-; 54.60; 0.5;-; 77.1; 77.4; 29.3; 18.3; 11.0;2344; 0.5; 0.6; 0.6;25; 21.3;F;0;-;On;On;Off; 32.3; 31.8;0;3;2043;3;2043;3;1857;1;-
2026/05/14;10:03:23;-;-; 54.60; 0.7;-; 77.9; 77.2; 37.3; 0.0; 37.3;2344; 0.5; 0.6; 0.6;25; 21.3;F;0;-;On;On;Off; 32.3; 31.8;0;3;2043;3;2043;3;1857;1;-
2026/05/14;10:04:23;-;-; 54.60; 0.8;-; 78.0; 76.8; 42.5; 0.0; 42.5;2344; 0.5; 0.6; 0.6;25; 21.3;F;0;-;On;On;Off; 32.3; 31.9;0;3;2043;3;2043;3;1857;1;-
2026/05/14;10:05:23;-;-; 54.60; 0.4;-; 77.6; 77.4; 24.2; 0.0; 24.2;2344; 0.5; 0.6; 0.6;24; 21.3;F;0;-;On;On;Off; 32.4; 31.9;0;3;2043;3;2043;3;1857;1;-
2026/05/14;10:06:23;-;-; 54.60; 0.6;-; 77.5; 77.3; 32.2; 19.0; 13.2;2344; 0.5; 0.6; 0.6;24; 21.3;F;0;-;On;On;Off; 32.4; 31.9;0;3;2043;3;2043;3;1857;1;-
2026/05/14;10:07:23;-;-; 54.62; 1.0;-; 78.1; 76.6; 57.1; 0.0; 57.1;2344; 0.5; 0.6; 0.6;25; 21.3;F;0;-;On;On;Off; 32.4; 31.9;0;3;2043;3;2043;3;1857;1;-
2026/05/14;10:08:23;-;-; 54.60; 0.9;-; 78.1; 76.8; 50.5; 0.0; 50.5;2344; 0.5; 0.6; 0.6;25; 21.3;F;0;-;On;On;Off; 32.4; 31.9;0;3;2043;3;2043;3;1857;1;-
2026/05/14;10:09:23;-;-; 54.60; 0.8;-; 77.1; 78.0; 44.7; 44.7; 0.0;2344; 0.5; 0.6; 0.6;25; 21.4;F;0;-;On;On;Off; 32.4; 31.9;0;3;2043;3;2043;3;1857;1;-
2026/05/14;10:10:23;-;-; 54.60; 0.6;-; 77.7; 77.1; 30.7; 0.0; 30.7;2344; 0.5; 0.6; 0.6;25; 21.4;F;0;-;On;On;Off; 32.4; 31.9;0;3;2043;3;2043;3;1857;1;-
2026/05/14;10:11:23;-;-; 54.60; 0.9;-; 76.6; 77.7; 46.9; 46.9; 0.0;2344; 0.5; 0.6; 0.6;24; 21.4;F;0;-;On;On;Off; 32.4; 31.9;0;3;2043;3;2043;3;1857;1;-
2026/05/14;10:12:23;-;-; 54.60; 0.8;-; 76.4; 77.4; 45.4; 45.4; 0.0;2344; 0.5; 0.6; 0.6;24; 21.4;F;0;-;On;On;Off; 32.4; 31.9;0;3;2043;3;2043;3;1857;1;-
2026/05/14;10:13:23;-;-; 54.60; 0.7;-; 77.6; 76.6; 35.9; 0.0; 35.9;2344; 0.5; 0.6; 0.6;24; 21.4;F;0;-;On;On;Off; 32.4; 31.9;0;3;2043;3;2043;3;1857;1;-
2026/05/14;10:14:23;-;-; 54.60; 1.0;-; 76.4; 77.6; 55.7; 55.7; 0.0;2344; 0.5; 0.6; 0.6;24; 21.4;F;0;-;On;On;Off; 32.4; 31.9;0;3;2043;3;2043;3;1857;1;-
2026/05/14;10:15:23;-;-; 54.60; 1.1;-; 77.8; 76.3; 58.6; 0.0; 58.6;2344; 0.5; 0.6; 0.6;24; 21.4;F;0;-;On;On;Off; 32.4; 31.9;0;3;2043;3;2043;3;1857;1;-
2026/05/14;10:16:22;-;-; 54.60; 0.5;-; 77.8; 77.0; 27.8; 13.9; 13.9;2344; 0.5; 0.6; 0.6;24; 21.4;F;0;-;On;On;Off; 32.4; 31.9;0;3;2043;3;2043;3;1857;1;-
2026/05/14;10:17:22;-;-; 54.60; 0.5;-; 77.7; 77.4; 26.4; 19.0; 7.3;2344; 0.5; 0.6; 0.6;24; 21.4;F;0;-;On;On;Off; 32.4; 31.9;0;3;2043;3;2043;3;1857;1;-
2026/05/14;10:18:22;-;-; 54.60; 0.6;-; 77.2; 77.2; 32.2; 25.6; 6.6;2344; 0.5; 0.6; 0.6;24; 21.4;F;0;-;On;On;Off; 32.4; 31.9;0;3;2043;3;2043;3;1857;1;-
2026/05/14;10:19:22;-;-; 54.60; 0.8;-; 76.7; 77.4; 44.7; 44.7; 0.0;2344; 0.5; 0.6; 0.6;24; 21.4;F;0;-;On;On;Off; 32.4; 31.9;0;3;2043;3;2043;3;1857;1;-
2026/05/14;10:20:22;-;-; 54.60; 0.7;-; 77.5; 76.7; 35.9; 0.0; 35.9;2344; 0.5; 0.6; 0.6;24; 21.4;F;0;-;On;On;Off; 32.4; 31.9;0;3;2043;3;2043;3;1857;1;-
2026/05/14;10:21:22;-;-; 54.60; 0.6;-; 77.0; 77.4; 30.7; 15.4; 15.4;2344; 0.5; 0.6; 0.6;24; 21.4;F;0;-;On;On;Off; 32.4; 31.9;0;3;2043;3;2043;3;1857;1;-
2026/05/14;10:22:22;-;-; 54.60; 0.7;-; 78.0; 76.6; 35.9; 3.7; 32.2;2344; 0.5; 0.6; 0.6;25; 21.4;F;0;-;On;On;Off; 32.4; 31.9;0;3;2043;3;2043;3;1857;1;-
2026/05/14;10:23:22;-;-; 54.60; 0.7;-; 77.9; 76.6; 38.0; 0.0; 38.0;2344; 0.5; 0.6; 0.6;24; 21.4;F;0;-;On;On;Off; 32.4; 31.9;0;3;2043;3;2043;3;1857;1;-
2026/05/14;10:24:22;-;-; 54.60; 0.8;-; 77.9; 76.7; 41.0; 0.0; 41.0;2344; 0.5; 0.6; 0.6;25; 21.4;F;0;-;On;On;Off; 32.4; 31.9;0;3;2043;3;2043;3;1857;1;-
2026/05/14;10:25:22;-;-; 54.60; 0.5;-; 77.5; 77.4; 27.8; 15.4; 12.4;2344; 0.5; 0.6; 0.6;24; 21.4;F;0;-;On;On;Off; 32.4; 31.9;0;3;2043;3;2043;3;1857;1;-
2026/05/14;10:26:22;-;-; 54.60; 0.7;-; 77.8; 77.0; 38.8; 0.0; 38.8;2344; 0.5; 0.6; 0.6;24; 21.4;F;0;-;On;On;Off; 32.4; 32.0;0;3;2043;3;2043;3;1857;1;-
2026/05/14;10:27:22;-;-; 54.60; 0.8;-; 76.9; 77.8; 42.5; 42.5; 0.0;2344; 0.5; 0.6; 0.6;24; 21.4;F;0;-;On;On;Off; 32.5; 31.9;0;3;2043;3;2043;3;1857;1;-
2026/05/14;10:28:22;-;-; 54.60; 0.5;-; 77.8; 77.2; 29.3; 8.0; 21.2;2344; 0.5; 0.6; 0.6;25; 21.4;F;0;-;On;On;Off; 32.4; 31.9;0;3;2043;3;2043;3;1857;1;-
2026/05/14;10:29:22;-;-; 54.60; 0.6;-; 77.3; 78.0; 30.7; 24.2; 6.6;2344; 0.5; 0.6; 0.6;24; 21.4;F;0;-;On;On;Off; 32.4; 31.9;0;3;2043;3;2043;3;1857;1;-
2026/05/14;10:30:22;-;-; 54.60; 0.5;-; 78.1; 77.7; 28.5; 0.0; 28.5;2344; 0.5; 0.6; 0.6;25; 21.4;F;0;-;On;On;Off; 32.5; 32.0;0;3;2043;3;2043;3;1857;1;-
2026/05/14;10:31:21;-;-; 54.60; 0.9;-; 77.3; 78.2; 49.8; 49.8; 0.0;2344; 0.5; 0.6; 0.6;25; 21.4;F;0;-;On;On;Off; 32.5; 32.0;0;3;2043;3;2043;3;1857;1;-
2026/05/14;10:32:21;-;-; 54.60; 0.6;-; 77.7; 78.2; 32.2; 29.3; 2.9;2344; 0.5; 0.6; 0.6;24; 21.4;F;0;-;On;On;Off; 32.5; 32.0;0;3;2043;3;2043;3;1857;1;-
2026/05/14;10:33:21;-;-; 54.60; 0.7;-; 78.5; 78.9; 37.3; 37.3; 0.0;2344; 0.5; 0.6; 0.6;24; 21.4;F;0;-;On;On;Off; 32.5; 32.0;0;3;2043;3;2043;3;1857;1;-
2026/05/14;10:34:21;-;-; 54.60; 0.6;-; 77.6; 77.1; 34.4; 0.0; 34.4;2344; 0.5; 0.6; 0.6;24; 21.4;F;0;-;On;On;Off; 32.5; 32.0;0;3;2043;3;2043;3;1857;1;-
2026/05/14;10:35:21;-;-; 54.60; 0.5;-; 76.9; 76.9; 24.9; 3.7; 21.2;2344; 0.5; 0.6; 0.6;24; 21.4;F;0;-;On;On;Off; 32.5; 32.0;0;3;2043;3;2043;3;1857;1;-
2026/05/14;10:36:21;-;-; 54.60; 1.1;-; 78.6; 79.4; 58.6; 58.6; 0.0;2344; 0.5; 0.6; 0.6;25; 21.4;F;0;-;On;On;Off; 32.5; 32.0;0;3;2043;3;2043;3;1857;1;-
2026/05/14;10:37:21;-;-; 54.60; 0.8;-; 76.9; 77.4; 45.4; 45.4; 0.0;2344; 0.5; 0.6; 0.6;24; 21.4;F;0;-;On;On;Off; 32.5; 32.0;0;3;2043;3;2043;3;1857;1;-
2026/05/14;10:38:21;-;-; 54.60; 1.0;-; 78.5; 79.0; 53.5; 53.5; 0.0;2344; 0.5; 0.6; 0.6;24; 21.4;F;0;-;On;On;Off; 32.5; 32.0;0;3;2043;3;2043;3;1857;1;-
2026/05/14;10:39:21;-;-; 54.60; 0.5;-; 78.2; 78.4; 27.8; 13.9; 13.9;2344; 0.5; 0.6; 0.6;24; 21.4;F;0;-;On;On;Off; 32.5; 32.0;0;3;2043;3;2043;3;1857;1;-
2026/05/14;10:40:21;-;-; 54.60; 0.8;-; 78.2; 78.4; 45.4; 45.4; 0.0;2344; 0.4; 0.6; 0.6;24; 21.4;F;0;-;On;On;Off; 32.5; 32.0;0;3;2043;3;2043;3;1857;1;-
2026/05/14;10:41:21;-;-; 54.60; 0.7;-; 77.8; 78.2; 39.5; 39.5; 0.0;2344; 0.5; 0.6; 0.6;24; 21.5;F;0;-;On;On;Off; 32.5; 32.0;0;3;2043;3;2043;3;1857;1;-
2026/05/14;10:42:21;-;-; 54.60; 0.7;-; 78.3; 77.6; 38.0; 0.0; 38.0;2344; 0.5; 0.6; 0.6;24; 21.5;F;0;-;On;On;Off; 32.5; 32.0;0;3;2043;3;2043;3;1857;1;-
2026/05/14;10:43:21;-;-; 54.60; 0.6;-; 78.0; 77.4; 32.2; 0.0; 32.2;2344; 0.5; 0.6; 0.6;24; 21.5;F;0;-;On;On;Off; 32.5; 32.0;0;3;2043;3;2043;3;1857;1;-
2026/05/14;10:44:21;-;-; 54.60; 0.4;-; 78.2; 77.7; 24.1; 8.7; 15.4;2344; 0.5; 0.6; 0.6;24; 21.5;F;0;-;On;On;Off; 32.5; 32.0;0;3;2043;3;2043;3;1857;1;-
2026/05/14;10:45:21;-;-; 54.60; 0.8;-; 77.7; 78.4; 44.7; 44.7; 0.0;2344; 0.5; 0.6; 0.6;24; 21.4;F;0;-;On;On;Off; 32.5; 32.0;0;3;2043;3;2043;3;1857;1;-
2026/05/14;10:46:20;-;-; 54.60; 0.5;-; 77.8; 77.8; 30.0; 22.7; 7.3;2344; 0.5; 0.6; 0.6;24; 21.5;F;0;-;On;On;Off; 32.5; 32.0;0;3;2043;3;2043;3;1857;1;-
2026/05/14;10:47:20;-;-; 54.60; 0.8;-; 77.3; 77.6; 42.5; 42.5; 0.0;2344; 0.4; 0.6; 0.6;23; 21.5;F;0;-;On;On;Off; 32.5; 32.0;0;3;2043;3;2043;3;1857;1;-
2026/05/14;10:48:20;-;-; 54.60; 0.7;-; 77.9; 77.0; 39.5; 0.0; 39.5;2344; 0.5; 0.6; 0.6;24; 21.4;F;0;-;On;On;Off; 32.5; 32.0;0;3;2043;3;2043;3;1857;1;-
2026/05/14;10:49:20;-;-; 54.60; 0.6;-; 77.2; 77.0; 32.2; 13.9; 18.3;2344; 0.5; 0.6; 0.6;24; 21.4;F;0;-;On;On;Off; 32.5; 32.0;0;3;2043;3;2043;3;1857;1;-
2026/05/14;10:50:20;-;-; 54.60; 1.1;-; 77.1; 77.7; 60.0; 60.0; 0.0;2344; 0.5; 0.6; 0.6;24; 21.5;F;0;-;On;On;Off; 32.5; 32.0;0;3;2043;3;2043;3;1857;1;-
2026/05/14;10:51:20;-;-; 54.60; 0.6;-; 77.4; 76.4; 33.7; 0.0; 33.7;2344; 0.5; 0.6; 0.6;25; 21.5;F;0;-;On;On;Off; 32.5; 32.0;0;3;2043;3;2043;3;1857;1;-
2026/05/14;10:52:20;-;-; 54.60; 0.6;-; 76.7; 76.8; 30.7; 8.7; 22.0;2344; 0.5; 0.6; 0.6;25; 21.4;F;0;-;On;On;Off; 32.5; 32.0;0;3;2043;3;2043;3;1857;1;-
2026/05/14;10:53:20;-;-; 54.60; 0.6;-; 77.1; 76.6; 32.9; 19.7; 13.2;2344; 0.5; 0.6; 0.6;25; 21.4;F;0;-;On;On;Off; 32.5; 32.0;0;3;2043;3;2043;3;1857;1;-
2026/05/14;10:54:20;-;-; 54.62; 0.7;-; 77.8; 77.2; 38.1; 0.0; 38.1;2344; 0.5; 0.6; 0.6;24; 21.5;F;0;-;On;On;Off; 32.5; 32.0;0;3;2043;3;2043;3;1857;1;-
2026/05/14;10:55:20;-;-; 54.60; 0.6;-; 77.7; 78.3; 30.7; 30.7; 0.0;2344; 0.5; 0.6; 0.6;24; 21.5;F;0;-;On;On;Off; 32.5; 32.0;0;3;2043;3;2043;3;1857;1;-
2026/05/14;10:56:20;-;-; 54.60; 0.8;-; 77.2; 77.6; 41.0; 41.0; 0.0;2344; 0.5; 0.6; 0.6;24; 21.4;F;0;-;On;On;Off; 32.5; 32.0;0;3;2043;3;2043;3;1857;1;-
2026/05/14;10:57:20;-;-; 54.60; 0.5;-; 77.7; 77.7; 25.6; 5.8; 19.7;2344; 0.5; 0.6; 0.6;24; 21.5;F;0;-;On;On;Off; 32.5; 32.0;0;3;2043;3;2043;3;1857;1;-
2026/05/14;10:58:20;-;-; 54.60; 0.5;-; 77.6; 77.3; 27.8; 22.7; 5.1;2344; 0.5; 0.6; 0.6;24; 21.4;F;0;-;On;On;Off; 32.5; 32.0;0;3;2043;3;2043;3;1857;1;-
2026/05/14;10:59:20;-;-; 54.60; 0.9;-; 77.8; 77.0; 46.9; 0.0; 46.9;2344; 0.5; 0.6; 0.6;24; 21.4;F;0;-;On;On;Off; 32.5; 32.0;0;3;2043;3;2043;3;1857;1;-
2026/05/14;11:00:20;-;-; 54.60; 0.5;-; 77.7; 77.1; 30.0; 0.0; 30.0;2344; 0.5; 0.6; 0.6;25; 21.5;F;0;-;On;On;Off; 32.5; 32.0;0;3;2043;3;2043;3;1857;1;-
2026/05/14;11:01:19;-;-; 54.60; 0.9;-; 77.6; 76.9; 46.9; 0.0; 46.9;2344; 0.5; 0.6; 0.6;25; 21.5;F;0;-;On;On;Off; 32.5; 32.0;0;3;2043;3;2043;3;1857;1;-
2026/05/14;11:02:19;-;-; 54.60; 0.6;-; 77.1; 77.1; 33.7; 33.7; 0.0;2344; 0.5; 0.6; 0.6;25; 21.4;F;0;-;On;On;Off; 32.5; 32.0;0;3;2043;3;2043;3;1857;1;-
2026/05/14;11:03:19;-;-; 54.60; 0.6;-; 77.0; 77.2; 32.2; 32.2; 0.0;2344; 0.5; 0.6; 0.6;24; 21.5;F;0;-;On;On;Off; 32.5; 32.0;0;3;2043;3;2043;3;1857;1;-
2026/05/14;11:04:19;-;-; 54.60; 0.9;-; 76.8; 77.2; 50.5; 50.5; 0.0;2344; 0.4; 0.6; 0.6;24; 21.5;F;0;-;On;On;Off; 32.6; 32.0;0;3;2043;3;2043;3;1857;1;-
2026/05/14;11:05:19;-;-; 54.62; 1.0;-; 77.6; 76.7; 52.7; 0.0; 52.7;2344; 0.5; 0.6; 0.6;24; 21.4;F;0;-;On;On;Off; 32.5; 32.0;0;3;2043;3;2043;3;1857;1;-
2026/05/14;11:06:19;-;-; 54.60; 0.6;-; 77.4; 76.6; 32.9; 5.1; 27.8;2344; 0.5; 0.6; 0.6;24; 21.5;F;0;-;On;On;Off; 32.6; 32.1;0;3;2043;3;2043;3;1857;1;-
2026/05/14;11:07:19;-;-; 54.60; 0.9;-; 77.5; 76.5; 51.3; 0.0; 51.3;2344; 0.5; 0.6; 0.6;25; 21.5;F;0;-;On;On;Off; 32.5; 32.0;0;3;2043;3;2043;3;1857;1;-
2026/05/14;11:08:19;-;-; 54.60; 0.8;-; 76.7; 77.3; 41.0; 41.0; 0.0;2344; 0.5; 0.6; 0.6;25; 21.5;F;0;-;On;On;Off; 32.6; 32.1;0;3;2043;3;2043;3;1857;1;-
2026/05/14;11:09:19;-;-; 54.60; 0.6;-; 77.1; 77.0; 31.4; 6.6; 24.9;2344; 0.5; 0.6; 0.6;24; 21.5;F;0;-;On;On;Off; 32.6; 32.1;0;3;2043;3;2043;4;1858;1;-
2026/05/14;11:10:19;-;-; 54.60; 0.9;-; 76.9; 77.1; 51.3; 51.3; 0.0;2344; 0.5; 0.6; 0.6;25; 21.5;F;0;-;On;On;Off; 32.6; 32.0;0;3;2043;3;2043;4;1858;1;-
2026/05/14;11:11:19;-;-; 54.60; 0.5;-; 76.7; 77.1; 29.2; 23.4; 5.8;2344; 0.5; 0.6; 0.6;24; 21.5;F;0;-;On;On;Off; 32.6; 32.0;0;3;2043;3;2043;4;1858;1;-
2026/05/14;11:12:19;-;-; 54.60; 1.0;-; 75.8; 76.4; 53.5; 53.5; 0.0;2344; 0.5; 0.6; 0.6;25; 21.4;F;0;-;On;On;Off; 32.6; 32.0;0;3;2043;3;2043;4;1858;1;-
2026/05/14;11:13:19;-;-; 54.60; 0.6;-; 77.0; 77.4; 35.1; 35.1; 0.0;2344; 0.5; 0.6; 0.6;25; 21.5;F;0;-;On;On;Off; 32.6; 32.1;0;3;2043;3;2043;4;1858;1;-
2026/05/14;11:14:19;-;-; 54.60; 0.7;-; 75.7; 75.0; 36.6; 0.0; 36.6;2344; 0.5; 0.6; 0.6;25; 21.4;F;0;-;On;On;Off; 32.5; 32.1;0;3;2043;3;2043;4;1858;1;-
2026/05/14;11:15:19;-;-; 54.58; 0.7;-; 75.6; 76.0; 38.8; 38.8; 0.0;2344; 0.5; 0.6; 0.6;25; 21.5;F;0;-;On;On;Off; 32.5; 32.0;0;3;2043;3;2043;4;1858;1;-
2026/05/14;11:16:18;-;-; 54.60; 0.8;-; 75.6; 76.2; 42.5; 42.5; 0.0;2344; 0.5; 0.6; 0.6;25; 21.4;F;0;-;On;On;Off; 32.5; 32.0;0;3;2043;3;2043;4;1858;1;-
2026/05/14;11:17:18;-;-; 54.60; 0.8;-; 77.3; 77.9; 41.0; 41.0; 0.0;2344; 0.5; 0.6; 0.6;25; 21.5;F;0;-;On;On;Off; 32.5; 32.0;0;3;2043;3;2043;4;1858;1;-
2026/05/14;11:18:18;-;-; 54.60; 0.8;-; 76.4; 75.4; 43.2; 0.0; 43.2;2344; 0.5; 0.6; 0.6;25; 21.4;F;0;-;On;On;Off; 32.5; 32.0;0;3;2043;3;2043;4;1858;1;-
2026/05/14;11:19:18;-;-; 54.60; 0.6;-; 76.3; 75.4; 33.7; 0.0; 33.7;2344; 0.5; 0.6; 0.6;25; 21.4;F;0;-;On;On;Off; 32.5; 32.0;0;3;2043;3;2043;4;1858;1;-
2026/05/14;11:20:18;-;-; 54.60; 1.0;-; 75.5; 76.5; 53.5; 53.5; 0.0;2344; 0.5; 0.6; 0.6;25; 21.4;F;0;-;On;On;Off; 32.5; 32.0;0;3;2043;3;2043;4;1858;1;-
2026/05/14;11:21:18;-;-; 54.60; 0.4;-; 76.5; 76.2; 23.4; 11.7; 11.7;2344; 0.5; 0.6; 0.6;25; 21.4;F;0;-;On;On;Off; 32.5; 32.0;0;3;2043;3;2043;4;1858;1;-
2026/05/14;11:22:18;-;-; 54.60; 0.6;-; 76.1; 76.8; 35.1; 34.4; 0.7;2344; 0.5; 0.6; 0.6;25; 21.5;F;0;-;On;On;Off; 32.5; 32.0;0;3;2043;3;2043;4;1858;1;-
2026/05/14;11:23:18;-;-; 54.60; 0.7;-; 77.1; 76.2; 35.8; 5.1; 30.7;2344; 0.5; 0.6; 0.6;24; 21.4;F;0;-;On;On;Off; 32.5; 32.0;0;4;2044;4;2044;4;1858;1;-
2026/05/14;11:24:18;-;-; 54.60; 0.8;-; 76.2; 76.9; 41.0; 41.0; 0.0;2344; 0.5; 0.6; 0.6;24; 21.4;F;0;-;On;On;Off; 32.5; 32.0;0;4;2044;4;2044;4;1858;1;-
2026/05/14;11:25:18;-;-; 54.60; 0.5;-; 76.8; 76.8; 27.1; 0.7; 26.3;2344; 0.5; 0.6; 0.6;25; 21.4;F;0;-;On;On;Off; 32.5; 32.0;0;4;2044;4;2044;4;1858;1;-
2026/05/14;11:26:18;-;-; 54.60; 0.6;-; 77.4; 76.4; 31.5; 0.0; 31.5;2344; 0.5; 0.6; 0.6;24; 21.4;F;0;-;On;On;Off; 32.5; 32.0;0;4;2044;4;2044;4;1858;1;-
2026/05/14;11:27:18;-;-; 54.60; 0.6;-; 79.3; 78.5; 34.4; 5.1; 29.3;2344; 0.5; 0.6; 0.6;24; 21.4;F;0;-;On;On;Off; 32.6; 32.1;0;4;2044;4;2044;4;1858;1;-
2026/05/14;11:28:18;-;-; 54.60; 0.5;-; 77.2; 77.7; 28.5; 27.8; 0.7;2344; 0.4; 0.5; 0.5;23; 21.4;F;0;-;On;On;Off; 32.6; 32.1;0;4;2044;4;2044;4;1858;1;-
2026/05/14;11:29:18;-;-; 54.60; 0.7;-; 77.3; 76.7; 37.3; 0.0; 37.3;2344; 0.4; 0.6; 0.6;23; 21.4;F;0;-;On;On;Off; 32.6; 32.1;0;4;2044;4;2044;4;1858;1;-
2026/05/14;11:30:18;-;-; 54.60; 0.8;-; 76.8; 77.3; 41.7; 41.7; 0.0;2344; 0.4; 0.6; 0.6;23; 21.4;F;0;-;On;On;Off; 32.6; 32.1;0;4;2044;4;2044;4;1858;1;-
2026/05/14;11:31:17;-;-; 54.60; 0.8;-; 78.1; 78.6; 41.0; 41.0; 0.0;2344; 0.5; 0.6; 0.6;24; 21.4;F;0;-;On;On;Off; 32.6; 32.1;0;4;2044;4;2044;4;1858;1;-
2026/05/14;11:32:17;-;-; 54.60; 0.6;-; 77.9; 77.6; 32.2; 0.0; 32.2;2344; 0.4; 0.6; 0.6;23; 21.4;F;0;-;On;On;Off; 32.6; 32.1;0;4;2044;4;2044;4;1858;1;-
2026/05/14;11:33:17;-;-; 54.60; 0.5;-; 77.8; 78.1; 27.1; 22.7; 4.4;2344; 0.4; 0.6; 0.6;23; 21.4;F;0;-;On;On;Off; 32.6; 32.1;0;4;2044;4;2044;4;1858;1;-
2026/05/14;11:34:17;-;-; 54.60; 0.8;-; 77.8; 78.1; 43.2; 43.2; 0.0;2344; 0.4; 0.5; 0.5;23; 21.5;F;0;-;On;On;Off; 32.6; 32.1;0;4;2044;4;2044;4;1858;1;-
2026/05/14;11:35:17;-;-; 54.60; 1.1;-; 78.1; 77.2; 60.0; 0.0; 60.0;2344; 0.4; 0.6; 0.6;23; 21.4;F;0;-;On;On;Off; 32.6; 32.1;0;4;2044;4;2044;4;1858;1;-
2026/05/14;11:36:17;-;-; 54.60; 0.9;-; 77.6; 77.8; 49.0; 49.0; 0.0;2344; 0.4; 0.6; 0.6;23; 21.4;F;0;-;On;On;Off; 32.6; 32.1;0;4;2044;4;2044;4;1858;1;-
2026/05/14;11:37:17;-;-; 54.60; 0.5;-; 77.6; 77.9; 27.8; 22.0; 5.8;2344; 0.4; 0.6; 0.6;24; 21.4;F;0;-;On;On;Off; 32.6; 32.1;0;4;2044;4;2044;4;1858;1;-
2026/05/14;11:38:17;-;-; 54.60; 1.0;-; 76.2; 76.8; 56.4; 56.4; 0.0;2344; 0.4; 0.6; 0.6;23; 21.4;F;0;-;On;On;Off; 32.6; 32.1;0;4;2044;4;2044;4;1858;1;-
2026/05/14;11:39:17;-;-; 54.60; 1.0;-; 75.7; 76.5; 54.2; 54.2; 0.0;2344; 0.5; 0.6; 0.6;24; 21.4;F;0;-;On;On;Off; 32.6; 32.1;0;4;2044;4;2044;4;1858;1;-
2026/05/14;11:40:17;-;-; 54.60; 0.5;-; 76.9; 76.1; 29.3; 1.4; 27.8;2344; 0.5; 0.6; 0.6;24; 21.4;F;0;-;On;On;Off; 32.6; 32.1;0;4;2044;4;2044;4;1858;1;-
2026/05/14;11:41:17;-;-; 54.60; 0.5;-; 76.9; 76.2; 27.1; 16.1; 11.0;2344; 0.5; 0.6; 0.6;24; 21.4;F;0;-;On;On;Off; 32.6; 32.1;0;4;2044;4;2044;4;1858;1;-
2026/05/14;11:42:17;-;-; 54.62; 0.7;-; 76.2; 76.9; 36.6; 33.0; 3.7;2344; 0.5; 0.6; 0.6;24; 21.4;F;0;-;On;On;Off; 32.6; 32.1;0;4;2044;4;2044;4;1858;1;-
2026/05/14;11:43:17;-;-; 54.62; 1.1;-; 76.5; 77.3; 58.6; 58.6; 0.0;2344; 0.5; 0.6; 0.6;24; 21.4;F;0;-;On;On;Off; 32.6; 32.1;0;4;2044;4;2044;4;1858;1;-
2026/05/14;11:44:17;-;-; 54.60; 0.5;-; 76.9; 76.9; 27.1; 5.9; 21.2;2344; 0.5; 0.6; 0.6;24; 21.4;F;0;-;On;On;Off; 32.6; 32.1;0;4;2044;4;2044;4;1858;1;-
2026/05/14;11:45:17;-;-; 54.60; 0.6;-; 77.3; 76.7; 32.2; 24.9; 7.3;2344; 0.5; 0.6; 0.6;24; 21.4;F;0;-;On;On;Off; 32.6; 32.1;0;4;2044;4;2044;4;1858;1;-
2026/05/14;11:46:16;-;-; 54.58; 0.5;-; 77.7; 77.2; 24.9; 0.0; 24.9;2344; 0.5; 0.6; 0.6;25; 21.4;F;0;-;On;On;Off; 32.6; 32.1;0;4;2044;4;2044;4;1858;1;-
2026/05/14;11:47:16;-;-; 54.60; 0.8;-; 77.3; 77.8; 44.0; 44.0; 0.0;2344; 0.4; 0.6; 0.6;23; 21.5;F;0;-;On;On;Off; 32.6; 32.1;0;4;2044;4;2044;4;1858;1;-
2026/05/14;11:48:16;-;-; 54.60; 0.7;-; 77.5; 76.8; 38.8; 0.0; 38.8;2344; 0.4; 0.6; 0.6;23; 21.4;F;0;-;On;On;Off; 32.6; 32.1;0;4;2044;4;2044;4;1858;1;-
2026/05/14;11:49:16;-;-; 54.62; 1.0;-; 77.8; 76.8; 52.0; 0.0; 52.0;2344; 0.4; 0.6; 0.6;23; 21.4;F;0;-;On;On;Off; 32.6; 32.1;0;4;2044;4;2044;4;1858;1;-
2026/05/14;11:50:16;-;-; 54.60; 0.8;-; 76.4; 77.2; 43.2; 43.2; 0.0;2344; 0.4; 0.6; 0.6;23; 21.4;F;0;-;On;On;Off; 32.6; 32.1;0;4;2044;4;2044;4;1858;1;-
2026/05/14;11:51:16;-;-; 54.60; 0.9;-; 76.5; 77.1; 50.5; 50.5; 0.0;2344; 0.4; 0.6; 0.6;23; 21.4;F;0;-;On;On;Off; 32.6; 32.1;0;4;2044;4;2044;4;1858;1;-
2026/05/14;11:52:16;-;-; 54.60; 0.9;-; 76.6; 77.4; 46.9; 46.9; 0.0;2344; 0.5; 0.6; 0.6;24; 21.4;F;0;-;On;On;Off; 32.6; 32.1;0;4;2044;4;2044;4;1858;1;-
2026/05/14;11:53:16;-;-; 54.60; 0.5;-; 77.3; 76.9; 29.2; 13.9; 15.4;2344; 0.5; 0.6; 0.6;24; 21.4;F;0;-;On;On;Off; 32.6; 32.1;0;4;2044;4;2044;4;1858;1;-
2026/05/14;11:54:16;-;-; 54.60; 0.5;-; 78.5; 78.6; 29.3; 11.7; 17.6;2344; 0.4; 0.6; 0.6;24; 21.4;F;0;-;On;On;Off; 32.6; 32.1;0;4;2044;4;2044;4;1858;1;-
2026/05/14;11:55:16;-;-; 54.60; 0.9;-; 77.6; 78.2; 46.9; 46.9; 0.0;2344; 0.5; 0.5; 0.5;24; 21.4;F;0;-;On;On;Off; 32.6; 32.1;0;4;2044;4;2044;4;1858;1;-
2026/05/14;11:56:16;-;-; 54.60; 0.8;-; 79.0; 78.3; 46.2; 0.0; 46.2;2344; 0.5; 0.5; 0.5;24; 21.4;F;0;-;On;On;Off; 32.6; 32.2;0;4;2044;4;2044;4;1858;1;-
2026/05/14;11:57:16;-;-; 54.60; 0.6;-; 78.1; 78.0; 30.7; 13.2; 17.6;2344; 0.4; 0.5; 0.5;23; 21.4;F;0;-;On;On;Off; 32.7; 32.2;0;4;2044;4;2044;4;1858;1;-
2026/05/14;11:58:16;-;-; 54.60; 0.5;-; 78.0; 78.0; 29.3; 27.1; 2.2;2344; 0.4; 0.5; 0.5;23; 21.4;F;0;-;On;On;Off; 32.6; 32.2;0;4;2044;4;2044;4;1858;1;-
2026/05/14;11:59:16;-;-; 54.60; 0.6;-; 77.4; 77.7; 32.9; 22.7; 10.2;2344; 0.4; 0.6; 0.6;23; 21.4;F;0;-;On;On;Off; 32.7; 32.2;0;4;2044;4;2044;4;1858;1;-
2026/05/14;12:00:16;-;-; 54.60; 0.6;-; 77.8; 77.5; 31.5; 7.3; 24.2;2344; 0.4; 0.6; 0.6;23; 21.4;F;0;-;On;On;Off; 32.7; 32.2;0;4;2044;4;2044;4;1858;1;-
2026/05/14;12:01:15;-;-; 54.60; 0.5;-; 77.6; 77.0; 27.8; 1.4; 26.3;2344; 0.4; 0.6; 0.6;23; 21.4;F;0;-;On;On;Off; 32.6; 32.2;0;4;2044;4;2044;4;1858;1;-
2026/05/14;12:02:15;-;-; 54.60; 0.5;-; 77.1; 76.8; 30.0; 5.1; 24.9;2344; 0.4; 0.6; 0.6;23; 21.4;F;0;-;On;On;Off; 32.7; 32.1;0;4;2044;4;2044;4;1858;1;-
2026/05/14;12:03:15;-;-; 54.60; 0.7;-; 77.1; 76.1; 38.8; 0.0; 38.8;2344; 0.5; 0.6; 0.6;24; 21.4;F;0;-;On;On;Off; 32.6; 32.1;0;4;2044;4;2044;4;1858;1;-
2026/05/14;12:04:15;-;-; 54.60; 0.5;-; 76.9; 76.6; 27.8; 2.9; 24.9;2344; 0.4; 0.6; 0.6;24; 21.4;F;0;-;On;On;Off; 32.6; 32.1;0;4;2044;4;2044;4;1858;1;-
2026/05/14;12:05:15;-;-; 54.60; 0.6;-; 77.0; 77.4; 34.4; 34.4; 0.0;2344; 0.4; 0.6; 0.6;23; 21.4;F;0;-;On;On;Off; 32.6; 32.1;0;4;2044;4;2044;4;1858;1;-
2026/05/14;12:06:15;-;-; 54.60; 0.7;-; 77.9; 77.1; 40.3; 0.0; 40.3;2344; 0.4; 0.6; 0.6;23; 21.4;F;0;-;On;On;Off; 32.6; 32.2;0;4;2044;4;2044;4;1858;1;-
2026/05/14;12:07:15;-;-; 54.60; 0.6;-; 77.5; 77.9; 34.4; 34.4; 0.0;2344; 0.4; 0.6; 0.6;23; 21.4;F;0;-;On;On;Off; 32.7; 32.1;0;4;2044;4;2044;4;1858;1;-
2026/05/14;12:08:15;-;-; 54.60; 0.6;-; 77.0; 76.3; 31.4; 4.4; 27.1;2344; 0.4; 0.6; 0.6;22; 21.4;F;0;-;On;On;Off; 32.6; 32.1;0;4;2044;4;2044;4;1858;1;-
2026/05/14;12:09:15;-;-; 54.60; 0.8;-; 77.4; 77.8; 42.5; 42.5; 0.0;2344; 0.4; 0.6; 0.6;23; 21.4;F;0;-;On;On;Off; 32.7; 32.1;0;4;2044;4;2044;4;1858;1;-
2026/05/14;12:10:15;-;-; 54.60; 0.6;-; 77.0; 76.2; 32.2; 7.3; 24.9;2344; 0.4; 0.5; 0.5;23; 21.4;F;0;-;On;On;Off; 32.6; 32.2;0;4;2044;4;2044;4;1858;1;-
2026/05/14;12:11:15;-;-; 54.60; 0.7;-; 78.3; 77.8; 39.5; 0.0; 39.5;2344; 0.4; 0.6; 0.6;22; 21.4;F;0;-;On;On;Off; 32.7; 32.2;0;4;2044;4;2044;4;1858;1;-
2026/05/14;12:12:15;-;-; 54.60; 0.9;-; 77.6; 78.0; 49.0; 49.0; 0.0;2344; 0.4; 0.5; 0.5;22; 21.4;F;0;-;On;On;Off; 32.7; 32.1;0;4;2044;4;2044;4;1858;1;-
2026/05/14;12:13:15;-;-; 54.60; 0.6;-; 77.5; 77.8; 35.1; 35.1; 0.0;2344; 0.4; 0.6; 0.6;23; 21.4;F;0;-;On;On;Off; 32.7; 32.2;0;4;2044;4;2044;4;1858;1;-
2026/05/14;12:14:15;-;-; 54.60; 0.6;-; 77.8; 77.0; 34.4; 2.9; 31.5;2344; 0.4; 0.5; 0.5;22; 21.4;F;0;-;On;On;Off; 32.7; 32.2;0;4;2044;4;2044;4;1858;1;-
2026/05/14;12:15:15;-;-; 54.60; 0.6;-; 77.7; 77.1; 33.7; 0.0; 33.7;2344; 0.4; 0.6; 0.6;23; 21.4;F;0;-;On;On;Off; 32.6; 32.2;0;4;2044;4;2044;4;1858;1;-
2026/05/14;12:16:14;-;-; 54.60; 0.6;-; 77.7; 77.0; 33.0; 0.0; 33.0;2344; 0.4; 0.6; 0.6;23; 21.4;F;0;-;On;On;Off; 32.7; 32.2;0;4;2044;4;2044;4;1858;1;-
2026/05/14;12:17:14;-;-; 54.60; 0.5;-; 75.9; 76.1; 27.8; 5.1; 22.7;2344; 0.4; 0.6; 0.6;23; 21.4;F;0;-;On;On;Off; 32.6; 32.2;0;4;2044;4;2044;4;1858;1;-
2026/05/14;12:18:14;-;-; 54.60; 0.5;-; 76.2; 75.7; 27.8; 8.0; 19.7;2344; 0.5; 0.6; 0.6;24; 21.4;F;0;-;On;On;Off; 32.6; 32.2;0;4;2044;4;2044;4;1858;1;-
2026/05/14;12:19:14;-;-; 54.60; 0.5;-; 75.5; 75.1; 27.8; 2.2; 25.6;2344; 0.5; 0.6; 0.6;24; 21.4;F;0;-;On;On;Off; 32.6; 32.1;0;4;2044;4;2044;4;1858;1;-
2026/05/14;12:20:14;-;-; 54.60; 0.8;-; 76.3; 76.6; 46.1; 46.1; 0.0;2344; 0.5; 0.6; 0.6;25; 21.4;F;0;-;On;On;Off; 32.6; 32.1;0;4;2044;4;2044;4;1858;1;-
2026/05/14;12:21:14;-;-; 54.60; 0.5;-; 76.4; 76.0; 27.8; 5.9; 22.0;2344; 0.4; 0.6; 0.6;24; 21.4;F;0;-;On;On;Off; 32.6; 32.1;0;4;2044;4;2044;4;1858;1;-
2026/05/14;12:22:14;-;-; 54.60; 0.8;-; 77.5; 77.7; 42.5; 42.5; 0.0;2344; 0.4; 0.6; 0.6;24; 21.4;F;0;-;On;On;Off; 32.6; 32.1;0;4;2044;4;2044;4;1858;1;-
2026/05/14;12:23:14;-;-; 54.60; 0.8;-; 76.8; 77.1; 43.9; 43.9; 0.0;2344; 0.4; 0.6; 0.6;23; 21.4;F;0;-;On;On;Off; 32.7; 32.2;0;4;2044;4;2044;4;1858;1;-
2026/05/14;12:24:14;-;-; 54.60; 0.8;-; 76.6; 76.9; 42.5; 42.5; 0.0;2344; 0.4; 0.6; 0.6;23; 21.4;F;0;-;On;On;Off; 32.6; 32.2;0;4;2044;4;2044;4;1858;1;-
2026/05/14;12:25:14;-;-; 54.60; 0.6;-; 76.4; 76.9; 35.2; 35.2; 0.0;2344; 0.4; 0.6; 0.6;23; 21.4;F;0;-;On;On;Off; 32.6; 32.1;0;4;2044;4;2044;4;1858;1;-
2026/05/14;12:26:14;-;-; 54.60; 0.7;-; 77.0; 76.3; 40.3; 0.0; 40.3;2344; 0.4; 0.6; 0.6;23; 21.4;F;0;-;On;On;Off; 32.6; 32.1;0;4;2044;4;2044;4;1858;1;-
2026/05/14;12:27:14;-;-; 54.60; 0.7;-; 77.1; 76.3; 38.1; 0.0; 38.1;2344; 0.4; 0.6; 0.6;24; 21.4;F;0;-;On;On;Off; 32.7; 32.2;0;4;2044;4;2044;4;1858;1;-
2026/05/14;12:28:14;-;-; 54.60; 0.7;-; 76.5; 76.9; 35.9; 35.2; 0.7;2344; 0.4; 0.6; 0.6;23; 21.4;F;0;-;On;On;Off; 32.6; 32.1;0;4;2044;4;2044;4;1858;1;-
2026/05/14;12:29:14;-;-; 54.60; 0.5;-; 76.7; 76.7; 25.6; 13.2; 12.4;2344; 0.4; 0.6; 0.6;23; 21.4;F;0;-;On;On;Off; 32.7; 32.2;0;4;2044;4;2044;4;1858;1;-
2026/05/14;12:30:14;-;-; 54.60; 0.5;-; 76.7; 76.7; 28.5; 27.1; 1.4;2344; 0.5; 0.6; 0.6;24; 21.4;F;0;-;On;On;Off; 32.7; 32.2;0;4;2044;4;2044;4;1858;1;-
2026/05/14;12:31:13;-;-; 54.60; 0.5;-; 76.7; 76.7; 27.1; 10.2; 16.8;2344; 0.4; 0.6; 0.6;23; 21.4;F;0;-;On;On;Off; 32.7; 32.2;0;4;2044;4;2044;4;1858;1;-
2026/05/14;12:32:13;-;-; 54.60; 0.7;-; 76.5; 76.7; 35.9; 26.4; 9.5;2344; 0.4; 0.6; 0.6;23; 21.4;F;0;-;On;On;Off; 32.6; 32.1;0;4;2044;4;2044;4;1858;1;-
2026/05/14;12:33:13;-;-; 54.60; 0.9;-; 77.0; 76.1; 47.6; 0.0; 47.6;2344; 0.4; 0.6; 0.6;24; 21.4;F;0;-;On;On;Off; 32.6; 32.1;0;4;2044;4;2044;4;1858;1;-
2026/05/14;12:34:13;-;-; 54.60; 0.8;-; 76.3; 76.7; 44.7; 44.7; 0.0;2344; 0.4; 0.6; 0.6;24; 21.4;F;0;-;On;On;Off; 32.6; 32.1;0;4;2044;4;2044;4;1858;1;-
2026/05/14;12:35:13;-;-; 54.60; 0.4;-; 76.6; 76.1; 24.1; 10.2; 13.9;2344; 0.4; 0.6; 0.6;23; 21.4;F;0;-;On;On;Off; 32.6; 32.2;0;4;2044;4;2044;4;1858;1;-
2026/05/14;12:36:13;-;-; 54.60; 0.5;-; 76.2; 76.5; 27.8; 24.9; 2.9;2344; 0.4; 0.6; 0.6;23; 21.4;F;0;-;On;On;Off; 32.6; 32.1;0;4;2044;4;2044;4;1858;1;-
2026/05/14;12:37:13;-;-; 54.60; 0.5;-; 76.6; 76.3; 26.3; 0.7; 25.6;2344; 0.4; 0.6; 0.6;23; 21.4;F;0;-;On;On;Off; 32.6; 32.1;0;4;2044;4;2044;4;1858;1;-
2026/05/14;12:38:13;-;-; 54.60; 0.8;-; 76.5; 76.6; 45.4; 45.4; 0.0;2344; 0.4; 0.6; 0.6;23; 21.4;F;0;-;On;On;Off; 32.6; 32.1;0;4;2044;4;2044;4;1858;1;-
2026/05/14;12:39:13;-;-; 54.60; 0.9;-; 77.1; 76.1; 50.5; 0.0; 50.5;2344; 0.4; 0.6; 0.6;23; 21.4;F;0;-;On;On;Off; 32.6; 32.1;0;4;2044;4;2044;4;1858;1;-
2026/05/14;12:40:13;-;-; 54.60; 0.9;-; 76.9; 76.2; 46.9; 0.0; 46.9;2344; 0.4; 0.6; 0.6;23; 21.4;F;0;-;On;On;Off; 32.6; 32.1;0;4;2044;4;2044;4;1858;1;-
2026/05/14;12:41:13;-;-; 54.60; 0.6;-; 76.4; 76.5; 30.7; 13.2; 17.5;2344; 0.4; 0.6; 0.6;23; 21.4;F;0;-;On;On;Off; 32.6; 32.1;0;4;2044;4;2044;4;1858;1;-
2026/05/14;12:42:13;-;-; 54.62; 0.6;-; 76.6; 76.2; 33.0; 0.0; 33.0;2344; 0.4; 0.6; 0.6;23; 21.4;F;0;-;On;On;Off; 32.6; 32.1;0;4;2044;4;2044;4;1858;1;-
2026/05/14;12:43:13;-;-; 54.60; 0.5;-; 76.9; 76.1; 27.1; 0.0; 27.1;2344; 0.4; 0.6; 0.6;23; 21.4;F;0;-;On;On;Off; 32.6; 32.1;0;4;2044;4;2044;4;1858;1;-
2026/05/14;12:44:13;-;-; 54.60; 0.6;-; 76.8; 76.1; 33.7; 0.0; 33.7;2344; 0.4; 0.6; 0.6;23; 21.4;F;0;-;On;On;Off; 32.6; 32.1;0;4;2044;4;2044;4;1858;1;-
2026/05/14;12:45:13;-;-; 54.60; 0.5;-; 76.4; 76.6; 25.6; 20.5; 5.1;2344; 0.4; 0.6; 0.6;23; 21.4;F;0;-;On;On;Off; 32.6; 32.1;0;4;2044;4;2044;4;1858;1;-
2026/05/14;12:46:12;-;-; 54.60; 0.7;-; 76.4; 76.2; 38.8; 38.8; 0.0;2344; 0.4; 0.6; 0.6;23; 21.4;F;0;-;On;On;Off; 32.6; 32.1;0;4;2044;4;2044;4;1858;1;-
2026/05/14;12:47:12;-;-; 54.60; 0.6;-; 76.4; 76.3; 30.7; 25.6; 5.1;2344; 0.4; 0.6; 0.6;23; 21.4;F;0;-;On;On;Off; 32.6; 32.1;0;4;2044;4;2044;4;1858;1;-
2026/05/14;12:48:12;-;-; 54.60; 0.8;-; 75.2; 74.5; 43.2; 0.0; 43.2;2344; 0.4; 0.6; 0.6;23; 21.4;F;0;-;On;On;Off; 32.6; 32.1;0;4;2044;4;2044;4;1858;1;-
2026/05/14;12:49:12;-;-; 54.60; 0.6;-; 75.7; 76.1; 34.4; 25.6; 8.7;2344; 0.4; 0.6; 0.6;23; 21.4;F;0;-;On;On;Off; 32.6; 32.1;0;4;2044;4;2044;4;1858;1;-
2026/05/14;12:50:12;-;-; 54.60; 1.0;-; 76.1; 76.4; 52.7; 52.7; 0.0;2344; 0.4; 0.6; 0.6;24; 21.4;F;0;-;On;On;Off; 32.6; 32.1;0;4;2044;4;2044;4;1858;1;-
2026/05/14;12:51:12;-;-; 54.60; 0.6;-; 76.6; 75.7; 35.2; 0.0; 35.2;2344; 0.5; 0.6; 0.6;24; 21.4;F;0;-;On;On;Off; 32.6; 32.1;0;4;2044;4;2044;4;1858;1;-
2026/05/14;12:52:12;-;-; 54.60; 0.6;-; 75.8; 76.1; 32.2; 24.2; 8.0;2344; 0.5; 0.6; 0.6;24; 21.4;F;0;-;On;On;Off; 32.6; 32.1;0;4;2044;4;2044;4;1858;1;-
2026/05/14;12:53:12;-;-; 54.60; 0.7;-; 76.4; 75.5; 38.8; 0.0; 38.8;2344; 0.5; 0.6; 0.6;24; 21.4;F;0;-;On;On;Off; 32.6; 32.1;0;4;2044;4;2044;4;1858;1;-
2026/05/14;12:54:12;-;-; 54.60; 0.5;-; 75.7; 76.0; 29.3; 20.5; 8.7;2344; 0.4; 0.6; 0.6;24; 21.4;F;0;-;On;On;Off; 32.6; 32.1;0;4;2044;4;2044;4;1858;1;-
2026/05/14;12:55:12;-;-; 54.60; 0.5;-; 76.0; 75.5; 29.3; 20.5; 8.7;2344; 0.4; 0.6; 0.6;23; 21.4;F;0;-;On;On;Off; 32.6; 32.1;0;4;2044;4;2044;4;1858;1;-
2026/05/14;12:56:12;-;-; 54.60; 0.7;-; 76.2; 75.5; 39.5; 0.0; 39.5;2344; 0.5; 0.6; 0.6;24; 21.4;F;0;-;On;On;Off; 32.6; 32.1;0;4;2044;4;2044;4;1858;1;-
2026/05/14;12:57:12;-;-; 54.60; 0.5;-; 76.0; 75.4; 28.5; 0.0; 28.5;2344; 0.5; 0.6; 0.6;24; 21.4;F;0;-;On;On;Off; 32.6; 32.1;0;4;2044;4;2044;5;1859;1;-
2026/05/14;12:58:12;-;-; 54.60; 0.9;-; 76.4; 75.3; 50.5; 0.0; 50.5;2344; 0.5; 0.6; 0.6;24; 21.4;F;0;-;On;On;Off; 32.6; 32.1;0;4;2044;4;2044;5;1859;1;-
2026/05/14;12:59:12;-;-; 54.60; 0.9;-; 75.6; 76.1; 48.3; 48.3; 0.0;2344; 0.4; 0.6; 0.6;23; 21.4;F;0;-;On;On;Off; 32.6; 32.1;0;4;2044;4;2044;5;1859;1;-
2026/05/14;13:00:12;-;-; 54.60; 0.8;-; 75.7; 75.9; 46.2; 46.2; 0.0;2344; 0.4; 0.6; 0.6;23; 21.4;F;0;-;On;On;Off; 32.6; 32.1;0;4;2044;4;2044;5;1859;1;-
2026/05/14;13:01:11;-;-; 54.60; 0.5;-; 75.8; 75.9; 30.0; 26.4; 3.7;2344; 0.4; 0.6; 0.6;23; 21.4;F;0;-;On;On;Off; 32.6; 32.1;0;4;2044;4;2044;5;1859;1;-
2026/05/14;13:02:11;-;-; 54.60; 0.8;-; 75.9; 76.1; 43.2; 43.2; 0.0;2344; 0.5; 0.6; 0.6;24; 21.4;F;0;-;On;On;Off; 32.6; 32.1;0;4;2044;4;2044;5;1859;1;-
2026/05/14;13:03:11;-;-; 54.60; 0.8;-; 76.3; 75.6; 42.5; 0.0; 42.5;2344; 0.4; 0.6; 0.6;23; 21.4;F;0;-;On;On;Off; 32.6; 32.1;0;4;2044;4;2044;5;1859;1;-
2026/05/14;13:04:11;-;-; 54.60; 0.6;-; 76.2; 75.7; 34.4; 0.0; 34.4;2344; 0.4; 0.6; 0.6;22; 21.4;F;0;-;On;On;Off; 32.6; 32.1;0;4;2044;4;2044;5;1859;1;-
2026/05/14;13:05:11;-;-; 54.60; 0.5;-; 76.4; 75.8; 27.8; 8.7; 19.0;2344; 0.4; 0.6; 0.6;23; 21.4;F;0;-;On;On;Off; 32.6; 32.1;0;4;2044;4;2044;5;1859;1;-
2026/05/14;13:06:11;-;-; 54.60; 0.9;-; 76.4; 75.3; 47.6; 0.0; 47.6;2344; 0.4; 0.6; 0.6;23; 21.4;F;0;-;On;On;Off; 32.6; 32.1;0;4;2044;4;2044;5;1859;1;-
2026/05/14;13:07:11;-;-; 54.60; 0.5;-; 76.3; 75.7; 27.1; 0.0; 27.1;2344; 0.4; 0.6; 0.6;22; 21.4;F;0;-;On;On;Off; 32.6; 32.1;0;4;2044;4;2044;5;1859;1;-
2026/05/14;13:08:11;-;-; 54.60; 0.6;-; 76.3; 75.5; 32.2; 0.0; 32.2;2344; 0.4; 0.6; 0.6;23; 21.4;F;0;-;On;On;Off; 32.6; 32.1;0;4;2044;4;2044;5;1859;1;-
2026/05/14;13:09:11;-;-; 54.60; 0.8;-; 76.3; 75.3; 41.7; 0.0; 41.7;2344; 0.4; 0.6; 0.6;22; 21.4;F;0;-;On;On;Off; 32.6; 32.1;0;4;2044;4;2044;5;1859;1;-
2026/05/14;13:10:11;-;-; 54.60; 0.8;-; 76.2; 75.4; 44.7; 0.0; 44.7;2344; 0.4; 0.6; 0.6;22; 21.4;F;0;-;On;On;Off; 32.6; 32.1;0;4;2044;4;2044;5;1859;1;-
2026/05/14;13:11:11;-;-; 54.60; 0.5;-; 76.3; 75.8; 26.3; 5.8; 20.5;2344; 0.4; 0.6; 0.6;23; 21.4;F;0;-;On;On;Off; 32.6; 32.1;0;5;2045;5;2045;5;1859;1;-
2026/05/14;13:12:11;-;-; 54.60; 0.5;-; 76.3; 75.6; 30.0; 16.1; 13.9;2344; 0.4; 0.6; 0.6;23; 21.4;F;0;-;On;On;Off; 32.6; 32.1;0;5;2045;5;2045;5;1859;1;-
2026/05/14;13:13:11;-;-; 54.60; 0.6;-; 76.0; 75.4; 32.9; 2.9; 30.0;2344; 0.4; 0.6; 0.6;23; 21.4;F;0;-;On;On;Off; 32.6; 32.1;0;5;2045;5;2045;5;1859;1;-
2026/05/14;13:14:11;-;-; 54.60; 0.4;-; 76.1; 75.6; 24.1; 8.7; 15.4;2344; 0.4; 0.6; 0.6;23; 21.4;F;0;-;On;On;Off; 32.6; 32.1;0;5;2045;5;2045;5;1859;1;-
2026/05/14;13:15:11;-;-; 54.60; 0.5;-; 75.7; 75.9; 28.5; 18.3; 10.2;2344; 0.4; 0.6; 0.6;24; 21.4;F;0;-;On;On;Off; 32.6; 32.1;0;5;2045;5;2045;5;1859;1;-
2026/05/14;13:16:10;-;-; 54.60; 0.4;-; 76.4; 75.8; 24.1; 1.4; 22.7;2344; 0.4; 0.6; 0.6;23; 21.4;F;0;-;On;On;Off; 32.6; 32.1;0;5;2045;5;2045;5;1859;1;-
2026/05/14;13:17:10;-;-; 54.60; 0.7;-; 76.3; 75.5; 36.6; 0.0; 36.6;2344; 0.4; 0.6; 0.6;23; 21.4;F;0;-;On;On;Off; 32.6; 32.1;0;5;2045;5;2045;5;1859;1;-
2026/05/14;13:18:10;-;-; 54.60; 0.5;-; 76.2; 75.5; 24.9; 20.5; 4.4;2344; 0.4; 0.6; 0.6;22; 21.4;F;0;-;On;On;Off; 32.6; 32.1;0;5;2045;5;2045;5;1859;1;-
2026/05/14;13:19:10;-;-; 54.60; 0.6;-; 76.2; 75.5; 35.1; 0.0; 35.1;2344; 0.4; 0.6; 0.6;22; 21.4;F;0;-;On;On;Off; 32.6; 32.1;0;5;2045;5;2045;5;1859;1;-
2026/05/14;13:20:10;-;-; 54.60; 0.9;-; 75.6; 75.8; 47.6; 47.6; 0.0;2344; 0.4; 0.6; 0.6;22; 21.4;F;0;-;On;On;Off; 32.6; 32.1;0;5;2045;5;2045;5;1859;1;-
2026/05/14;13:21:10;-;-; 54.60; 0.7;-; 76.3; 75.1; 38.1; 0.0; 38.1;2344; 0.4; 0.6; 0.6;23; 21.4;F;0;-;On;On;Off; 32.6; 32.1;0;5;2045;5;2045;5;1859;1;-
2026/05/14;13:22:10;-;-; 54.60; 0.5;-; 75.8; 75.1; 28.5; 13.9; 14.6;2344; 0.4; 0.6; 0.6;22; 21.4;F;0;-;On;On;Off; 32.6; 32.1;0;5;2045;5;2045;5;1859;1;-
2026/05/14;13:23:10;-;-; 54.60; 1.0;-; 75.1; 75.5; 56.4; 56.4; 0.0;2344; 0.4; 0.6; 0.6;23; 21.4;F;0;-;On;On;Off; 32.6; 32.1;0;5;2045;5;2045;5;1859;1;-
2026/05/14;13:24:10;-;-; 54.60; 0.6;-; 75.5; 74.7; 35.1; 0.0; 35.1;2344; 0.4; 0.6; 0.6;23; 21.4;F;0;-;On;On;Off; 32.6; 32.1;0;5;2045;5;2045;5;1859;1;-
2026/05/14;13:25:10;-;-; 54.62; 0.9;-; 73.9; 74.0; 49.8; 49.8; 0.0;2344; 0.4; 0.6; 0.6;22; 21.4;F;0;-;On;On;Off; 32.5; 32.0;0;5;2045;5;2045;5;1859;1;-
2026/05/14;13:26:10;-;-; 54.60; 0.5;-; 73.6; 73.9; 25.6; 25.6; 0.0;2344; 0.4; 0.6; 0.6;23; 21.4;F;0;-;On;On;Off; 32.5; 32.0;0;5;2045;5;2045;5;1859;1;-
2026/05/14;13:27:10;-;-; 54.60; 0.7;-; 74.7; 75.0; 38.8; 38.8; 0.0;2344; 0.4; 0.6; 0.6;23; 21.4;F;0;-;On;On;Off; 32.5; 32.0;0;5;2045;5;2045;5;1859;1;-
2026/05/14;13:28:10;-;-; 54.60; 0.7;-; 74.1; 74.2; 39.5; 39.5; 0.0;2344; 0.4; 0.6; 0.6;23; 21.4;F;0;-;On;On;Off; 32.5; 32.0;0;5;2045;5;2045;5;1859;1;-
2026/05/14;13:29:10;-;-; 54.60; 0.9;-; 73.5; 74.4; 51.3; 51.3; 0.0;2344; 0.4; 0.6; 0.6;23; 21.4;F;0;-;On;On;Off; 32.5; 32.0;0;5;2045;5;2045;5;1859;1;-
2026/05/14;13:30:10;-;-; 54.60; 0.6;-; 74.9; 74.1; 34.4; 0.0; 34.4;2344; 0.4; 0.6; 0.6;23; 21.4;F;0;-;On;On;Off; 32.5; 32.0;0;5;2045;5;2045;5;1859;1;-
2026/05/14;13:31:09;-;-; 54.60; 0.8;-; 75.2; 74.3; 44.7; 0.0; 44.7;2344; 0.4; 0.6; 0.6;22; 21.4;F;0;-;On;On;Off; 32.5; 32.0;0;5;2045;5;2045;5;1859;1;-
2026/05/14;13:32:09;-;-; 54.60; 0.9;-; 74.9; 75.5; 46.8; 46.8; 0.0;2344; 0.4; 0.6; 0.6;22; 21.4;F;0;-;On;On;Off; 32.5; 32.0;0;5;2045;5;2045;5;1859;1;-
2026/05/14;13:33:09;-;-; 54.60; 0.5;-; 75.6; 75.0; 27.8; 0.0; 27.8;2344; 0.4; 0.6; 0.6;22; 21.4;F;0;-;On;On;Off; 32.5; 32.0;0;5;2045;5;2045;5;1859;1;-
2026/05/14;13:34:09;-;-; 54.60; 0.9;-; 75.4; 75.8; 48.3; 48.3; 0.0;2344; 0.4; 0.6; 0.6;22; 21.4;F;0;-;On;On;Off; 32.5; 32.0;0;5;2045;5;2045;5;1859;1;-
2026/05/14;13:35:09;-;-; 54.60; 0.5;-; 75.6; 75.5; 28.5; 2.2; 26.4;2344; 0.4; 0.6; 0.6;22; 21.4;F;0;-;On;On;Off; 32.5; 32.0;0;5;2045;5;2045;5;1859;1;-
2026/05/14;13:36:09;-;-; 54.60; 0.6;-; 75.6; 75.4; 33.7; 0.0; 33.7;2344; 0.4; 0.5; 0.5;21; 21.4;F;0;-;On;On;Off; 32.5; 32.0;0;5;2045;5;2045;5;1859;1;-
2026/05/14;13:37:09;-;-; 54.60; 0.4;-; 76.1; 75.3; 21.9; 5.9; 16.1;2344; 0.4; 0.5; 0.5;21; 21.4;F;0;-;On;On;Off; 32.5; 32.0;0;5;2045;5;2045;5;1859;1;-
2026/05/14;13:38:09;-;-; 54.60; 0.7;-; 76.5; 75.5; 35.9; 0.0; 35.9;2344; 0.4; 0.5; 0.5;21; 21.4;F;0;-;On;On;Off; 32.5; 32.0;0;5;2045;5;2045;5;1859;1;-
2026/05/14;13:39:09;-;-; 54.60; 0.8;-; 75.9; 75.1; 43.2; 0.0; 43.2;2344; 0.4; 0.5; 0.5;22; 21.4;F;0;-;On;On;Off; 32.5; 32.0;0;5;2045;5;2045;5;1859;1;-
2026/05/14;13:40:09;-;-; 54.60; 1.0;-; 76.0; 74.9; 55.7; 0.0; 55.7;2344; 0.4; 0.5; 0.5;21; 21.4;F;0;-;On;On;Off; 32.5; 32.0;0;5;2045;5;2045;5;1859;1;-
2026/05/14;13:41:09;-;-; 54.60; 0.5;-; 76.0; 75.4; 27.1; 16.8; 10.2;2344; 0.4; 0.5; 0.5;21; 21.4;F;0;-;On;On;Off; 32.5; 32.0;0;5;2045;5;2045;5;1859;1;-
2026/05/14;13:42:09;-;-; 54.60; 0.6;-; 76.2; 75.3; 35.1; 0.0; 35.1;2344; 0.4; 0.5; 0.5;21; 21.4;F;0;-;On;On;Off; 32.5; 32.0;0;5;2045;5;2045;5;1859;1;-
2026/05/14;13:43:09;-;-; 54.60; 1.0;-; 75.0; 76.0; 52.7; 52.7; 0.0;2344; 0.4; 0.5; 0.5;21; 21.4;F;0;-;On;On;Off; 32.5; 32.0;0;5;2045;5;2045;5;1859;1;-
2026/05/14;13:44:09;-;-; 54.60; 0.8;-; 75.9; 75.2; 42.5; 0.0; 42.5;2344; 0.4; 0.5; 0.5;22; 21.4;F;0;-;On;On;Off; 32.5; 32.0;0;5;2045;5;2045;5;1859;1;-
2026/05/14;13:45:09;-;-; 54.60; 0.5;-; 75.9; 75.8; 27.8; 9.5; 18.3;2344; 0.4; 0.5; 0.5;21; 21.4;F;0;-;On;On;Off; 32.5; 32.0;0;5;2045;5;2045;5;1859;1;-
2026/05/14;13:46:08;-;-; 54.60; 0.6;-; 76.2; 75.4; 32.9; 5.1; 27.8;2344; 0.4; 0.5; 0.5;21; 21.4;F;0;-;On;On;Off; 32.5; 32.0;0;5;2045;5;2045;5;1859;1;-
2026/05/14;13:47:08;-;-; 54.60; 0.6;-; 75.8; 75.8; 34.4; 34.4; 0.0;2344; 0.4; 0.5; 0.5;21; 21.4;F;0;-;On;On;Off; 32.5; 32.0;0;5;2045;5;2045;5;1859;1;-
2026/05/14;13:48:08;-;-; 54.60; 0.6;-; 76.0; 75.1; 32.2; 7.3; 24.9;2344; 0.4; 0.5; 0.5;21; 21.4;F;0;-;On;On;Off; 32.5; 32.0;0;5;2045;5;2045;5;1859;1;-
2026/05/14;13:49:08;-;-; 54.60; 0.6;-; 75.7; 75.8; 31.5; 31.5; 0.0;2344; 0.4; 0.5; 0.5;21; 21.4;F;0;-;On;On;Off; 32.5; 32.0;0;5;2045;5;2045;5;1859;1;-
2026/05/14;13:50:08;-;-; 54.60; 0.5;-; 76.2; 75.4; 26.4; 18.3; 8.0;2344; 0.4; 0.5; 0.5;21; 21.4;F;0;-;On;On;Off; 32.5; 32.0;0;5;2045;5;2045;5;1859;1;-
2026/05/14;13:51:08;-;-; 54.60; 0.6;-; 75.3; 76.4; 31.5; 27.8; 3.7;2344; 0.4; 0.5; 0.5;21; 21.4;F;0;-;On;On;Off; 32.5; 32.0;0;5;2045;5;2045;5;1859;1;-
2026/05/14;13:52:08;-;-; 54.60; 0.4;-; 76.4; 76.0; 23.4; 7.3; 16.1;2344; 0.4; 0.5; 0.5;20; 21.4;F;0;-;On;On;Off; 32.5; 32.0;0;5;2045;5;2045;5;1859;1;-
2026/05/14;13:53:08;-;-; 54.60; 0.7;-; 75.8; 76.6; 39.5; 39.5; 0.0;2344; 0.4; 0.5; 0.5;20; 21.4;F;0;-;On;On;Off; 32.5; 32.0;0;5;2045;5;2045;5;1859;1;-
2026/05/14;13:54:08;-;-; 54.60; 0.5;-; 76.2; 76.1; 29.3; 0.0; 29.3;2344; 0.4; 0.5; 0.5;20; 21.4;F;0;-;On;On;Off; 32.5; 32.0;0;5;2045;5;2045;5;1859;1;-
2026/05/14;13:55:08;-;-; 54.62; 0.9;-; 76.4; 75.4; 50.5; 0.0; 50.5;2344; 0.4; 0.5; 0.5;20; 21.4;F;0;-;On;On;Off; 32.5; 32.0;0;5;2045;5;2045;5;1859;1;-
2026/05/14;13:56:08;-;-; 54.60; 0.7;-; 76.0; 75.7; 38.8; 0.0; 38.8;2344; 0.4; 0.5; 0.5;21; 21.4;F;0;-;On;On;Off; 32.5; 32.0;0;5;2045;5;2045;5;1859;1;-
2026/05/14;13:57:08;-;-; 54.60; 0.9;-; 75.0; 76.3; 48.3; 48.3; 0.0;2344; 0.4; 0.5; 0.5;21; 21.4;F;0;-;On;On;Off; 32.5; 32.0;0;5;2045;5;2045;5;1859;1;-
2026/05/14;13:58:08;-;-; 54.60; 0.8;-; 76.4; 75.2; 42.5; 0.0; 42.5;2344; 0.4; 0.5; 0.5;21; 21.4;F;0;-;On;On;Off; 32.5; 32.0;0;5;2045;5;2045;5;1859;1;-
2026/05/14;13:59:08;-;-; 54.60; 0.6;-; 75.8; 75.7; 31.5; 0.0; 31.5;2344; 0.4; 0.5; 0.5;21; 21.3;F;0;-;On;On;Off; 32.5; 32.0;0;5;2045;5;2045;5;1859;1;-
2026/05/14;14:00:08;-;-; 54.60; 0.6;-; 76.0; 75.3; 35.2; 0.0; 35.2;2344; 0.4; 0.5; 0.5;20; 21.4;F;0;-;On;On;Off; 32.5; 32.0;0;5;2045;5;2045;5;1859;1;-
2026/05/14;14:01:08;-;-; 54.60; 0.4;-; 76.0; 75.8; 22.7; 8.0; 14.6;2344; 0.4; 0.5; 0.5;20; 21.3;F;0;-;On;On;Off; 32.5; 32.0;0;5;2045;5;2045;5;1859;1;-
2026/05/14;14:02:07;-;-; 54.60; 0.9;-; 75.4; 76.4; 51.3; 51.3; 0.0;2344; 0.4; 0.5; 0.5;20; 21.4;F;0;-;On;On;Off; 32.5; 32.0;0;5;2045;5;2045;5;1859;1;-
2026/05/14;14:03:07;-;-; 54.60; 0.5;-; 75.3; 76.4; 29.2; 16.8; 12.4;2344; 0.4; 0.5; 0.5;20; 21.3;F;0;-;On;On;Off; 32.5; 32.0;0;5;2045;5;2045;5;1859;1;-
2026/05/14;14:04:07;-;-; 54.60; 0.9;-; 75.6; 76.3; 49.0; 49.0; 0.0;2344; 0.4; 0.5; 0.5;21; 21.3;F;0;-;On;On;Off; 32.5; 32.0;0;5;2045;5;2045;5;1859;1;-
2026/05/14;14:05:07;-;-; 54.60; 0.6;-; 76.0; 76.0; 32.2; 19.7; 12.4;2344; 0.4; 0.5; 0.5;20; 21.3;F;0;-;On;On;Off; 32.5; 32.0;0;5;2045;5;2045;5;1859;1;-
2026/05/14;14:06:07;-;-; 54.60; 0.5;-; 76.6; 75.8; 30.0; 0.0; 30.0;2344; 0.4; 0.5; 0.5;20; 21.4;F;0;-;On;On;Off; 32.5; 32.0;0;5;2045;5;2045;5;1859;1;-
2026/05/14;14:07:07;-;-; 54.60; 0.8;-; 76.7; 75.8; 41.7; 0.0; 41.7;2344; 0.4; 0.5; 0.5;20; 21.3;F;0;-;On;On;Off; 32.5; 32.0;0;5;2045;5;2045;5;1859;1;-
2026/05/14;14:08:07;-;-; 54.60; 0.6;-; 76.7; 76.1; 30.7; 0.0; 30.7;2344; 0.4; 0.5; 0.5;20; 21.3;F;0;-;On;On;Off; 32.5; 32.0;0;5;2045;5;2045;5;1859;1;-
2026/05/14;14:09:07;-;-; 54.60; 0.8;-; 76.0; 76.6; 46.2; 46.2; 0.0;2344; 0.4; 0.5; 0.5;20; 21.3;F;0;-;On;On;Off; 32.5; 32.0;0;5;2045;5;2045;5;1859;1;-
2026/05/14;14:10:07;-;-; 54.60; 0.9;-; 76.7; 75.7; 48.3; 0.0; 48.3;2344; 0.4; 0.5; 0.5;20; 21.3;F;0;-;On;On;Off; 32.5; 32.0;0;5;2045;5;2045;5;1859;1;-
2026/05/14;14:11:07;-;-; 54.60; 0.4;-; 76.3; 76.3; 24.2; 0.0; 24.2;2344; 0.4; 0.5; 0.5;20; 21.3;F;0;-;On;On;Off; 32.5; 32.0;0;5;2045;5;2045;5;1859;1;-
2026/05/14;14:12:07;-;-; 54.60; 0.5;-; 76.3; 76.2; 27.1; 5.9; 21.2;2344; 0.4; 0.5; 0.5;20; 21.4;F;0;-;On;On;Off; 32.5; 32.0;0;5;2045;5;2045;5;1859;1;-
2026/05/14;14:13:07;-;-; 54.60; 0.9;-; 75.6; 76.6; 50.5; 50.5; 0.0;2344; 0.4; 0.5; 0.5;20; 21.4;F;0;-;On;On;Off; 32.5; 32.0;0;5;2045;5;2045;5;1859;1;-
2026/05/14;14:14:07;-;-; 54.60; 0.5;-; 76.2; 76.2; 29.3; 21.2; 8.0;2344; 0.4; 0.5; 0.5;20; 21.3;F;0;-;On;On;Off; 32.5; 32.0;0;5;2045;5;2045;5;1859;1;-
2026/05/14;14:15:07;-;-; 54.60; 0.5;-; 76.2; 76.1; 29.2; 26.3; 2.9;2344; 0.4; 0.5; 0.5;20; 21.4;F;0;-;On;On;Off; 32.5; 32.0;0;5;2045;5;2045;5;1859;1;-
2026/05/14;14:16:07;-;-; 54.60; 0.7;-; 76.3; 75.9; 38.8; 0.0; 38.8;2344; 0.4; 0.5; 0.5;19; 21.3;F;0;-;On;On;Off; 32.5; 32.0;0;5;2045;5;2045;5;1859;1;-
2026/05/14;14:17:06;-;-; 54.60; 0.4;-; 76.4; 76.0; 23.4; 11.0; 12.4;2344; 0.4; 0.5; 0.5;19; 21.3;F;0;-;On;On;Off; 32.4; 32.0;0;5;2045;5;2045;5;1859;1;-
2026/05/14;14:18:06;-;-; 54.60; 0.6;-; 75.9; 76.6; 31.5; 31.5; 0.0;2344; 0.4; 0.5; 0.5;19; 21.4;F;0;-;On;On;Off; 32.5; 32.0;0;5;2045;5;2045;5;1859;1;-
2026/05/14;14:19:06;-;-; 54.62; 0.9;-; 77.2; 76.1; 49.0; 0.0; 49.0;2344; 0.4; 0.5; 0.5;20; 21.3;F;0;-;On;On;Off; 32.5; 32.0;0;5;2045;5;2045;5;1859;1;-
2026/05/14;14:20:06;-;-; 54.60; 0.8;-; 76.4; 77.3; 41.7; 41.7; 0.0;2344; 0.4; 0.5; 0.5;20; 21.3;F;0;-;On;On;Off; 32.5; 32.0;0;5;2045;5;2045;5;1859;1;-
2026/05/14;14:21:06;-;-; 54.58; 0.5;-; 77.4; 77.6; 28.5; 28.5; 0.0;2344; 0.4; 0.5; 0.5;19; 21.4;F;0;-;On;On;Off; 32.5; 32.0;0;5;2045;5;2045;5;1859;1;-
2026/05/14;14:22:06;-;-; 54.60; 0.9;-; 78.0; 77.1; 50.5; 0.0; 50.5;2344; 0.4; 0.5; 0.5;19; 21.4;F;0;-;On;On;Off; 32.5; 32.0;0;5;2045;5;2045;5;1859;1;-
2026/05/14;14:23:06;-;-; 54.60; 0.4;-; 78.6; 79.0; 22.7; 22.7; 0.0;2344; 0.4; 0.5; 0.5;19; 21.3;F;0;-;On;On;Off; 32.5; 32.0;0;5;2045;5;2045;5;1859;1;-
2026/05/14;14:24:06;-;-; 54.60; 0.6;-; 78.3; 77.6; 34.4; 0.0; 34.4;2344; 0.4; 0.5; 0.5;19; 21.4;F;0;-;On;On;Off; 32.5; 31.9;0;5;2045;5;2045;5;1859;1;-
2026/05/14;14:25:06;-;-; 54.60; 0.8;-; 77.1; 77.5; 42.5; 42.5; 0.0;2344; 0.3; 0.5; 0.5;18; 21.4;F;0;-;On;On;Off; 32.5; 32.0;0;5;2045;5;2045;5;1859;1;-
2026/05/14;14:26:06;-;-; 54.60; 0.9;-; 76.7; 77.0; 47.6; 47.6; 0.0;2344; 0.3; 0.5; 0.5;17; 21.4;F;0;-;On;On;Off; 32.5; 32.0;0;5;2045;5;2045;5;1859;1;-
2026/05/14;14:27:06;-;-; 54.60; 0.7;-; 76.1; 76.7; 38.1; 38.1; 0.0;2344; 0.3; 0.5; 0.5;17; 21.4;F;0;-;On;On;Off; 32.5; 32.0;0;5;2045;5;2045;5;1859;1;-
2026/05/14;14:28:06;-;-; 54.60; 0.7;-; 75.9; 76.4; 39.5; 39.5; 0.0;2344; 0.3; 0.5; 0.5;18; 21.4;F;0;-;On;On;Off; 32.5; 32.0;0;5;2045;5;2045;5;1859;1;-
2026/05/14;14:29:06;-;-; 54.60; 0.5;-; 76.2; 75.8; 26.3; 17.6; 8.7;2344; 0.3; 0.5; 0.5;18; 21.4;F;0;-;On;On;Off; 32.5; 32.0;0;5;2045;5;2045;5;1859;1;-
2026/05/14;14:30:06;-;-; 54.60; 0.5;-; 75.7; 75.8; 29.2; 27.1; 2.2;2344; 0.3; 0.5; 0.5;17; 21.4;F;0;-;On;On;Off; 32.5; 32.0;0;5;2045;5;2045;5;1859;1;-
2026/05/14;14:31:06;-;-; 54.60; 0.5;-; 75.5; 75.8; 29.3; 13.2; 16.1;2344; 0.3; 0.5; 0.5;18; 21.4;F;0;-;On;On;Off; 32.5; 32.0;0;5;2045;5;2045;5;1859;1;-
2026/05/14;14:32:05;-;-; 54.60; 0.5;-; 75.5; 75.6; 27.8; 27.8; 0.0;2344; 0.3; 0.5; 0.5;17; 21.4;F;0;-;On;On;Off; 32.5; 32.0;0;5;2045;5;2045;5;1859;1;-
2026/05/14;14:33:05;-;-; 54.60; 0.6;-; 74.7; 75.2; 31.4; 27.1; 4.4;2344; 0.3; 0.5; 0.5;18; 21.4;F;0;-;On;On;Off; 32.5; 32.0;0;5;2045;5;2045;5;1859;1;-
2026/05/14;14:34:05;-;-; 54.60; 0.9;-; 74.7; 75.2; 47.6; 47.6; 0.0;2344; 0.3; 0.5; 0.5;18; 21.4;F;0;-;On;On;Off; 32.5; 32.0;0;5;2045;5;2045;5;1859;1;-
2026/05/14;14:35:05;-;-; 54.60; 0.8;-; 75.0; 75.4; 45.4; 45.4; 0.0;2344; 0.3; 0.5; 0.5;18; 21.4;F;0;-;On;On;Off; 32.5; 31.9;0;5;2045;5;2045;5;1859;1;-
2026/05/14;14:36:05;-;-; 54.60; 0.5;-; 75.5; 74.9; 25.6; 0.0; 25.6;2344; 0.3; 0.5; 0.5;18; 21.4;F;0;-;On;On;Off; 32.5; 32.0;0;5;2045;5;2045;5;1859;1;-
2026/05/14;14:37:05;-;-; 54.60; 0.9;-; 75.0; 75.3; 51.3; 51.3; 0.0;2344; 0.3; 0.5; 0.5;18; 21.4;F;0;-;On;On;Off; 32.5; 32.0;0;5;2045;5;2045;5;1859;1;-
2026/05/14;14:38:05;-;-; 54.60; 0.7;-; 75.4; 74.7; 39.5; 0.0; 39.5;2344; 0.3; 0.5; 0.5;18; 21.4;F;0;-;On;On;Off; 32.5; 32.0;0;5;2045;5;2045;5;1859;1;-
2026/05/14;14:39:05;-;-; 54.60; 0.6;-; 75.3; 74.8; 35.2; 0.0; 35.2;2344; 0.4; 0.5; 0.5;18; 21.4;F;0;-;On;On;Off; 32.5; 32.0;0;5;2045;5;2045;5;1859;1;-
2026/05/14;14:40:05;-;-; 54.60; 0.5;-; 74.9; 75.2; 25.6; 25.6; 0.0;2344; 0.3; 0.5; 0.5;18; 21.4;F;0;-;On;On;Off; 32.5; 32.0;0;5;2045;5;2045;5;1859;1;-
2026/05/14;14:41:05;-;-; 54.60; 0.8;-; 74.8; 75.0; 45.4; 45.4; 0.0;2344; 0.3; 0.5; 0.5;18; 21.4;F;0;-;On;On;Off; 32.5; 32.0;0;5;2045;5;2045;5;1859;1;-
2026/05/14;14:42:05;-;-; 54.60; 0.5;-; 74.7; 75.1; 29.3; 26.4; 2.9;2344; 0.3; 0.5; 0.5;18; 21.4;F;0;-;On;On;Off; 32.5; 32.0;0;5;2045;5;2045;5;1859;1;-
2026/05/14;14:43:05;-;-; 54.60; 0.6;-; 75.3; 74.8; 32.9; 17.6; 15.4;2344; 0.3; 0.5; 0.5;18; 21.4;F;0;-;On;On;Off; 32.5; 32.0;0;5;2045;5;2045;5;1859;1;-
2026/05/14;14:44:05;-;-; 54.60; 0.5;-; 75.3; 74.7; 30.0; 0.0; 30.0;2344; 0.3; 0.5; 0.5;18; 21.5;F;0;-;On;On;Off; 32.5; 32.0;0;5;2045;5;2045;5;1859;1;-
2026/05/14;14:45:05;-;-; 54.60; 0.7;-; 74.7; 74.9; 38.1; 38.1; 0.0;2344; 0.3; 0.5; 0.5;18; 21.4;F;0;-;On;On;Off; 32.5; 32.0;0;5;2045;5;2045;5;1859;1;-
2026/05/14;14:46:05;-;-; 54.60; 0.5;-; 75.9; 75.2; 26.3; 0.0; 26.3;2344; 0.3; 0.5; 0.5;17; 21.4;F;0;-;On;On;Off; 32.5; 32.0;0;5;2045;5;2045;5;1859;1;-
2026/05/14;14:47:04;-;-; 54.60; 0.6;-; 75.3; 75.4; 35.2; 35.2; 0.0;2344; 0.3; 0.5; 0.5;17; 21.5;F;0;-;On;On;Off; 32.5; 32.0;0;5;2045;5;2045;5;1859;1;-
2026/05/14;14:48:04;-;-; 54.60; 0.8;-; 75.1; 75.4; 44.7; 44.7; 0.0;2344; 0.3; 0.5; 0.5;18; 21.5;F;0;-;On;On;Off; 32.5; 32.0;0;5;2045;5;2045;6;1860;1;-
2026/05/14;14:49:04;-;-; 54.60; 0.8;-; 75.5; 74.9; 43.2; 0.0; 43.2;2344; 0.3; 0.5; 0.5;18; 21.5;F;0;-;On;On;Off; 32.5; 32.0;0;5;2045;5;2045;6;1860;1;-
2026/05/14;14:50:04;-;-; 54.60; 0.5;-; 75.4; 75.2; 24.9; 9.5; 15.4;2344; 0.3; 0.5; 0.5;18; 21.5;F;0;-;On;On;Off; 32.5; 32.0;0;5;2045;5;2045;6;1860;1;-
2026/05/14;14:51:04;-;-; 54.60; 0.4;-; 75.3; 75.4; 24.2; 9.5; 14.6;2344; 0.3; 0.5; 0.5;18; 21.5;F;0;-;On;On;Off; 32.5; 32.0;0;5;2045;5;2045;6;1860;1;-
2026/05/14;14:52:04;-;-; 54.60; 0.6;-; 75.5; 74.9; 32.9; 20.5; 12.4;2344; 0.3; 0.5; 0.5;18; 21.5;F;0;-;On;On;Off; 32.5; 32.0;0;5;2045;5;2045;6;1860;1;-
2026/05/14;14:53:04;-;-; 54.58; 0.5;-; 75.3; 75.4; 27.8; 27.8; 0.0;2344; 0.3; 0.5; 0.5;17; 21.5;F;0;-;On;On;Off; 32.5; 32.0;0;5;2045;5;2045;6;1860;1;-
2026/05/14;14:54:04;-;-; 54.58; 0.5;-; 75.5; 75.3; 30.0; 5.1; 24.9;2344; 0.3; 0.5; 0.5;17; 21.5;F;0;-;On;On;Off; 32.5; 32.0;0;5;2045;5;2045;6;1860;1;-
2026/05/14;14:55:04;-;-; 54.58; 0.5;-; 74.7; 74.4; 29.2; 8.7; 20.5;2344; 0.3; 0.5; 0.5;18; 21.5;F;0;-;On;On;Off; 32.5; 32.0;0;5;2045;5;2045;6;1860;1;-
2026/05/14;14:56:04;-;-; 54.58; 0.6;-; 74.4; 74.1; 32.2; 29.3; 2.9;2344; 0.3; 0.5; 0.5;18; 21.5;F;0;-;On;On;Off; 32.5; 32.0;0;5;2045;5;2045;6;1860;1;-
2026/05/14;14:57:04;-;-; 54.56; 0.6;-; 74.9; 74.3; 30.7; 0.0; 30.7;2344; 0.3; 0.5; 0.5;18; 21.5;F;0;-;On;On;Off; 32.6; 32.0;0;5;2045;5;2045;6;1860;1;-
2026/05/14;14:58:04;-;-; 54.58; 0.8;-; 75.0; 75.2; 44.6; 44.6; 0.0;2344; 0.3; 0.5; 0.5;18; 21.5;F;0;-;On;On;Off; 32.6; 32.1;0;5;2045;5;2045;6;1860;1;-
2026/05/14;14:59:04;-;-; 54.58; 0.6;-; 75.2; 74.8; 32.9; 32.2; 0.7;2344; 0.3; 0.5; 0.5;18; 21.5;F;0;-;On;On;Off; 32.6; 32.1;0;5;2045;5;2045;6;1860;1;-
2026/05/14;15:00:04;-;-; 54.58; 0.5;-; 76.1; 75.4; 30.0; 15.4; 14.6;2344; 0.4; 0.5; 0.5;18; 21.5;F;0;-;On;On;Off; 32.6; 32.1;0;5;2045;5;2045;6;1860;1;-
2026/05/14;15:01:04;-;-; 54.58; 0.5;-; 74.7; 74.7; 27.8; 22.7; 5.1;2344; 0.3; 0.5; 0.5;17; 21.5;F;0;-;On;On;Off; 32.6; 32.1;0;5;2045;5;2045;6;1860;1;-
2026/05/14;15:02:03;-;-; 54.58; 0.7;-; 75.4; 75.4; 36.6; 36.6; 0.0;2344; 0.3; 0.5; 0.5;17; 21.5;F;0;-;On;On;Off; 32.6; 32.1;0;5;2045;5;2045;6;1860;1;-
2026/05/14;15:03:03;-;-; 54.58; 0.5;-; 75.6; 74.9; 24.9; 2.9; 22.0;2344; 0.3; 0.5; 0.5;17; 21.5;F;0;-;On;On;Off; 32.6; 32.1;0;6;2046;6;2046;6;1860;1;-
2026/05/14;15:04:03;-;-; 54.58; 0.6;-; 74.0; 73.1; 33.7; 0.0; 33.7;2344; 0.3; 0.5; 0.5;17; 21.6;F;0;-;On;On;Off; 32.6; 32.1;0;6;2046;6;2046;6;1860;1;-
2026/05/14;15:05:03;-;-; 54.58; 0.6;-; 75.1; 75.0; 30.7; 23.4; 7.3;2344; 0.3; 0.5; 0.5;17; 21.6;F;0;-;On;On;Off; 32.6; 32.1;0;6;2046;6;2046;6;1860;1;-
2026/05/14;15:06:03;-;-; 54.58; 0.5;-; 73.2; 72.2; 28.5; 7.3; 21.2;2344; 0.4; 0.5; 0.5;18; 21.6;F;0;-;On;On;Off; 32.6; 32.1;0;6;2046;6;2046;6;1860;1;-
2026/05/14;15:07:03;-;-; 54.58; 0.5;-; 73.5; 73.1; 28.5; 2.2; 26.3;2344; 0.4; 0.5; 0.5;19; 21.6;F;0;-;On;On;Off; 32.6; 32.1;0;6;2046;6;2046;6;1860;1;-
2026/05/14;15:08:03;-;-; 54.58; 0.5;-; 73.9; 73.9; 30.0; 20.5; 9.5;2344; 0.3; 0.5; 0.5;18; 21.6;F;0;-;On;On;Off; 32.6; 32.1;0;6;2046;6;2046;6;1860;1;-
2026/05/14;15:09:03;-;-; 54.58; 1.0;-; 75.2; 74.1; 55.6; 0.0; 55.6;2344; 0.3; 0.5; 0.5;18; 21.6;F;0;-;On;On;Off; 32.6; 32.1;0;6;2046;6;2046;6;1860;1;-
2026/05/14;15:10:03;-;-; 54.58; 0.9;-; 75.8; 74.9; 48.3; 0.0; 48.3;2344; 0.3; 0.5; 0.5;18; 21.6;F;0;-;On;On;Off; 32.6; 32.1;0;6;2046;6;2046;6;1860;1;-
2026/05/14;15:11:03;-;-; 54.58; 0.6;-; 75.2; 75.0; 32.2; 29.3; 2.9;2344; 0.3; 0.5; 0.5;18; 21.6;F;0;-;On;On;Off; 32.6; 32.1;0;6;2046;6;2046;6;1860;1;-
2026/05/14;15:12:03;-;-; 54.58; 1.0;-; 75.8; 74.7; 56.4; 0.0; 56.4;2344; 0.3; 0.5; 0.5;18; 21.6;F;0;-;On;On;Off; 32.6; 32.1;0;6;2046;6;2046;6;1860;1;-
2026/05/14;15:13:03;-;-; 54.58; 0.6;-; 75.3; 75.9; 33.6; 30.7; 2.9;2344; 0.3; 0.5; 0.5;17; 21.6;F;0;-;On;On;Off; 32.6; 32.2;0;6;2046;6;2046;6;1860;1;-
2026/05/14;15:14:03;-;-; 54.58; 0.8;-; 75.0; 75.4; 43.9; 43.9; 0.0;2344; 0.3; 0.5; 0.5;17; 21.6;F;0;-;On;On;Off; 32.7; 32.1;0;6;2046;6;2046;6;1860;1;-
2026/05/14;15:15:03;-;-; 54.58; 0.4;-; 77.0; 76.6; 22.0; 0.0; 22.0;2344; 0.3; 0.5; 0.5;17; 21.6;F;0;-;On;On;Off; 32.7; 32.2;0;6;2046;6;2046;6;1860;1;-
2026/05/14;15:16:03;-;-; 54.58; 0.8;-; 76.6; 75.9; 44.7; 0.0; 44.7;2344; 0.3; 0.5; 0.5;16; 21.6;F;0;-;On;On;Off; 32.7; 32.2;0;6;2046;6;2046;6;1860;1;-
2026/05/14;15:17:02;-;-; 54.58; 0.5;-; 75.7; 76.0; 27.8; 27.8; 0.0;2344; 0.3; 0.5; 0.5;17; 21.6;F;0;-;On;On;Off; 32.7; 32.2;0;6;2046;6;2046;6;1860;1;-
2026/05/14;15:18:02;-;-; 54.58; 0.5;-; 75.9; 75.5; 29.3; 0.0; 29.3;2344; 0.3; 0.5; 0.5;17; 21.6;F;0;-;On;On;Off; 32.7; 32.2;0;6;2046;6;2046;6;1860;1;-
2026/05/14;15:19:02;-;-; 54.58; 0.6;-; 74.2; 73.4; 32.2; 0.0; 32.2;2344; 0.3; 0.5; 0.5;17; 21.6;F;0;-;On;On;Off; 32.7; 32.2;0;6;2046;6;2046;6;1860;1;-
2026/05/14;15:20:02;-;-; 54.58; 0.8;-; 74.7; 73.8; 43.9; 0.0; 43.9;2344; 0.3; 0.5; 0.5;17; 21.6;F;0;-;On;On;Off; 32.6; 32.2;0;6;2046;6;2046;6;1860;1;-
2026/05/14;15:21:02;-;-; 54.58; 0.4;-; 74.2; 74.0; 22.6; 10.2; 12.4;2344; 0.3; 0.5; 0.5;18; 21.6;F;0;-;On;On;Off; 32.7; 32.1;0;6;2046;6;2046;6;1860;1;-
2026/05/14;15:22:02;-;-; 54.58; 0.5;-; 76.2; 75.9; 30.0; 14.6; 15.4;2344; 0.3; 0.5; 0.5;18; 21.6;F;0;-;On;On;Off; 32.7; 32.2;0;6;2046;6;2046;6;1860;1;-
2026/05/14;15:23:02;-;-; 54.58; 0.8;-; 76.0; 76.2; 44.6; 44.6; 0.0;2344; 0.3; 0.5; 0.5;17; 21.6;F;0;-;On;On;Off; 32.7; 32.2;0;6;2046;6;2046;6;1860;1;-
2026/05/14;15:24:02;-;-; 54.58; 0.6;-; 74.4; 74.7; 32.2; 32.2; 0.0;2344; 0.3; 0.5; 0.5;17; 21.6;F;0;-;On;On;Off; 32.7; 32.2;0;6;2046;6;2046;6;1860;1;-
2026/05/14;15:25:02;-;-; 54.56; 0.5;-; 74.3; 74.4; 25.6; 1.4; 24.2;2344; 0.3; 0.5; 0.5;17; 21.6;F;0;-;On;On;Off; 32.7; 32.2;0;6;2046;6;2046;6;1860;1;-
2026/05/14;15:26:02;-;-; 54.58; 0.6;-; 74.7; 74.4; 34.4; 2.2; 32.2;2344; 0.3; 0.5; 0.5;18; 21.6;F;0;-;On;On;Off; 32.7; 32.2;0;6;2046;6;2046;6;1860;1;-
2026/05/14;15:27:02;-;-; 54.58; 0.8;-; 75.9; 76.2; 43.2; 43.2; 0.0;2344; 0.3; 0.5; 0.5;18; 21.6;F;0;-;On;On;Off; 32.7; 32.2;0;6;2046;6;2046;6;1860;1;-
2026/05/14;15:28:02;-;-; 54.56; 0.6;-; 74.7; 74.7; 30.7; 13.9; 16.8;2344; 0.3; 0.5; 0.5;17; 21.6;F;0;-;On;On;Off; 32.7; 32.2;0;6;2046;6;2046;6;1860;1;-
2026/05/14;15:29:02;-;-; 54.58; 1.0;-; 74.2; 74.8; 53.5; 53.5; 0.0;2344; 0.3; 0.5; 0.5;18; 21.6;F;0;-;On;On;Off; 32.7; 32.2;0;6;2046;6;2046;6;1860;1;-
2026/05/14;15:30:02;-;-; 54.56; 0.4;-; 76.0; 75.6; 22.7; 11.7; 11.0;2344; 0.3; 0.5; 0.5;18; 21.6;F;0;-;On;On;Off; 32.7; 32.2;0;6;2046;6;2046;6;1860;1;-
2026/05/14;15:31:02;-;-; 54.58; 0.8;-; 74.3; 73.4; 41.7; 0.0; 41.7;2344; 0.3; 0.5; 0.5;17; 21.6;F;0;-;On;On;Off; 32.7; 32.2;0;6;2046;6;2046;6;1860;1;-
2026/05/14;15:32:01;-;-; 54.58; 0.6;-; 75.2; 75.5; 32.2; 28.5; 3.7;2344; 0.3; 0.5; 0.5;17; 21.6;F;0;-;On;On;Off; 32.7; 32.2;0;6;2046;6;2046;6;1860;1;-
2026/05/14;15:33:01;-;-; 54.56; 0.6;-; 75.7; 74.9; 32.2; 0.0; 32.2;2344; 0.3; 0.5; 0.5;18; 21.6;F;0;-;On;On;Off; 32.7; 32.2;0;6;2046;6;2046;6;1860;1;-
2026/05/14;15:34:01;-;-; 54.58; 0.6;-; 76.0; 75.5; 32.1; 1.4; 30.7;2344; 0.3; 0.5; 0.5;18; 21.6;F;0;-;On;On;Off; 32.7; 32.2;0;6;2046;6;2046;6;1860;1;-
2026/05/14;15:35:01;-;-; 54.56; 0.5;-; 73.4; 73.3; 27.1; 13.2; 13.9;2344; 0.3; 0.5; 0.5;18; 21.6;F;0;-;On;On;Off; 32.7; 32.2;0;6;2046;6;2046;6;1860;1;-
2026/05/14;15:36:01;-;-; 54.56; 0.4;-; 75.1; 74.7; 21.9; 8.0; 13.9;2344; 0.3; 0.5; 0.5;18; 21.6;F;0;-;On;On;Off; 32.7; 32.2;0;6;2046;6;2046;6;1860;1;-
2026/05/14;15:37:01;-;-; 54.58; 1.0;-; 74.7; 73.5; 54.9; 0.0; 54.9;2344; 0.4; 0.5; 0.5;18; 21.6;F;0;-;On;On;Off; 32.7; 32.2;0;6;2046;6;2046;6;1860;1;-
2026/05/14;15:38:01;-;-; 54.56; 0.4;-; 73.9; 73.3; 22.7; 3.7; 19.0;2344; 0.3; 0.5; 0.5;18; 21.6;F;0;-;On;On;Off; 32.7; 32.2;0;6;2046;6;2046;6;1860;1;-
2026/05/14;15:39:01;-;-; 54.58; 0.7;-; 74.3; 73.0; 36.6; 0.0; 36.6;2344; 0.3; 0.5; 0.5;18; 21.6;F;0;-;On;On;Off; 32.7; 32.2;0;6;2046;6;2046;6;1860;1;-
2026/05/14;15:40:01;-;-; 54.58; 0.5;-; 76.4; 76.6; 29.2; 24.9; 4.4;2344; 0.3; 0.5; 0.5;18; 21.6;F;0;-;On;On;Off; 32.7; 32.2;0;6;2046;6;2046;6;1860;1;-
2026/05/14;15:41:01;-;-; 54.58; 1.0;-; 76.4; 75.5; 52.0; 0.0; 52.0;2344; 0.3; 0.5; 0.5;17; 21.6;F;0;-;On;On;Off; 32.7; 32.2;0;6;2046;6;2046;6;1860;1;-
2026/05/14;15:42:01;-;-; 54.58; 0.5;-; 75.8; 75.5; 27.0; 27.0; 0.0;2344; 0.3; 0.5; 0.5;17; 21.6;F;0;-;On;On;Off; 32.7; 32.2;0;6;2046;6;2046;6;1860;1;-
2026/05/14;15:43:01;-;-; 54.58; 0.5;-; 75.5; 75.0; 30.0; 16.8; 13.2;2344; 0.3; 0.5; 0.5;18; 21.6;F;0;-;On;On;Off; 32.7; 32.2;0;6;2046;6;2046;6;1860;1;-
2026/05/14;15:44:01;-;-; 54.58; 0.6;-; 75.4; 74.7; 34.4; 12.4; 22.0;2344; 0.3; 0.5; 0.5;17; 21.6;F;0;-;On;On;Off; 32.7; 32.2;0;6;2046;6;2046;6;1860;1;-
2026/05/14;15:45:01;-;-; 54.58; 0.6;-; 73.0; 73.9; 33.7; 33.7; 0.0;2344; 0.3; 0.5; 0.5;17; 21.6;F;0;-;On;On;Off; 32.7; 32.2;0;6;2046;6;2046;6;1860;1;-
2026/05/14;15:46:01;-;-; 54.58; 0.6;-; 73.5; 74.3; 34.4; 33.7; 0.7;2344; 0.3; 0.5; 0.5;18; 21.6;F;0;-;On;On;Off; 32.7; 32.2;0;6;2046;6;2046;6;1860;1;-
2026/05/14;15:47:00;-;-; 54.58; 0.8;-; 73.9; 74.5; 43.9; 43.9; 0.0;2344; 0.3; 0.5; 0.5;18; 21.6;F;0;-;On;On;Off; 32.7; 32.2;0;6;2046;6;2046;6;1860;1;-
2026/05/14;15:48:00;-;-; 54.58; 0.8;-; 75.3; 75.0; 44.6; 0.0; 44.6;2344; 0.3; 0.5; 0.5;18; 21.6;F;0;-;On;On;Off; 32.7; 32.2;0;6;2046;6;2046;6;1860;1;-
2026/05/14;15:49:00;-;-; 54.58; 0.5;-; 73.9; 73.2; 27.1; 2.2; 24.9;2344; 0.3; 0.5; 0.5;18; 21.6;F;0;-;On;On;Off; 32.7; 32.2;0;6;2046;6;2046;6;1860;1;-
2026/05/14;15:50:00;-;-; 54.58; 0.5;-; 73.1; 73.6; 29.3; 18.3; 11.0;2344; 0.3; 0.5; 0.5;18; 21.6;F;0;-;On;On;Off; 32.6; 32.2;0;6;2046;6;2046;6;1860;1;-
2026/05/14;15:51:00;-;-; 54.58; 0.7;-; 73.9; 74.7; 37.3; 37.3; 0.0;2344; 0.3; 0.5; 0.5;18; 21.6;F;0;-;On;On;Off; 32.7; 32.2;0;6;2046;6;2046;6;1860;1;-
2026/05/14;15:52:00;-;-; 54.58; 0.7;-; 74.3; 73.6; 40.3; 0.0; 40.3;2344; 0.3; 0.5; 0.5;17; 21.6;F;0;-;On;On;Off; 32.7; 32.2;0;6;2046;6;2046;6;1860;1;-
2026/05/14;15:53:00;-;-; 54.58; 0.6;-; 76.3; 75.8; 30.7; 13.9; 16.8;2344; 0.3; 0.5; 0.5;18; 21.6;F;0;-;On;On;Off; 32.7; 32.2;0;6;2046;6;2046;6;1860;1;-
2026/05/14;15:54:00;-;-; 54.58; 0.8;-; 75.6; 75.0; 43.2; 0.0; 43.2;2344; 0.3; 0.5; 0.5;18; 21.6;F;0;-;On;On;Off; 32.7; 32.2;0;6;2046;6;2046;6;1860;1;-
2026/05/14;15:55:00;-;-; 54.58; 0.5;-; 75.0; 75.5; 30.0; 25.6; 4.4;2344; 0.3; 0.5; 0.5;18; 21.6;F;0;-;On;On;Off; 32.7; 32.2;0;6;2046;6;2046;6;1860;1;-
2026/05/14;15:56:00;-;-; 54.58; 0.5;-; 74.7; 74.3; 30.0; 0.0; 30.0;2344; 0.3; 0.5; 0.5;18; 21.6;F;0;-;On;On;Off; 32.7; 32.2;0;6;2046;6;2046;6;1860;1;-
2026/05/14;15:57:00;-;-; 54.56; 0.4;-; 75.0; 74.7; 19.7; 11.7; 8.0;2344; 0.4; 0.5; 0.5;19; 21.6;F;0;-;On;On;Off; 32.7; 32.2;0;6;2046;6;2046;6;1860;1;-
2026/05/14;15:58:00;-;-; 54.58; 0.8;-; 74.9; 74.3; 41.7; 0.0; 41.7;2344; 0.4; 0.5; 0.5;19; 21.6;F;0;-;On;On;Off; 32.7; 32.2;0;6;2046;6;2046;6;1860;1;-
2026/05/14;15:59:00;-;-; 54.58; 0.5;-; 74.5; 74.5; 28.5; 27.1; 1.4;2344; 0.4; 0.5; 0.5;18; 21.6;F;0;-;On;On;Off; 32.7; 32.2;0;6;2046;6;2046;6;1860;1;-
2026/05/14;16:00:00;-;-; 54.56; 0.5;-; 74.7; 74.2; 27.0; 0.0; 27.0;2344; 0.3; 0.5; 0.5;18; 21.6;F;0;-;On;On;Off; 32.7; 32.2;0;6;2046;6;2046;6;1860;1;-
2026/05/14;16:01:00;-;-; 54.58; 0.8;-; 74.7; 74.2; 41.0; 0.0; 41.0;2344; 0.3; 0.5; 0.5;18; 21.6;F;0;-;On;On;Off; 32.7; 32.2;0;6;2046;6;2046;6;1860;1;-
2026/05/14;16:01:59;-;-; 54.58; 0.5;-; 74.2; 74.6; 28.5; 20.5; 8.0;2344; 0.3; 0.5; 0.5;18; 21.6;F;0;-;On;On;Off; 32.7; 32.2;0;6;2046;6;2046;6;1860;1;-
2026/05/14;16:02:59;-;-; 54.58; 0.5;-; 74.6; 74.6; 29.3; 0.0; 29.3;2344; 0.3; 0.5; 0.5;18; 21.6;F;0;-;On;On;Off; 32.7; 32.2;0;6;2046;6;2046;6;1860;1;-
2026/05/14;16:03:59;-;-; 54.58; 0.6;-; 74.7; 74.1; 31.5; 0.0; 31.5;2344; 0.3; 0.5; 0.5;17; 21.6;F;0;-;On;On;Off; 32.7; 32.2;0;6;2046;6;2046;6;1860;1;-
2026/05/14;16:04:59;-;-; 54.58; 1.0;-; 74.2; 74.7; 54.2; 54.2; 0.0;2344; 0.3; 0.5; 0.5;18; 21.6;F;0;-;On;On;Off; 32.7; 32.2;0;6;2046;6;2046;6;1860;1;-
2026/05/14;16:05:59;-;-; 54.58; 0.8;-; 74.8; 74.0; 45.4; 0.0; 45.4;2344; 0.3; 0.5; 0.5;18; 21.6;F;0;-;On;On;Off; 32.7; 32.2;0;6;2046;6;2046;6;1860;1;-
2026/05/14;16:06:59;-;-; 54.56; 0.6;-; 74.4; 74.8; 32.2; 32.2; 0.0;2344; 0.3; 0.5; 0.5;18; 21.6;F;0;-;On;On;Off; 32.7; 32.2;0;6;2046;6;2046;6;1860;1;-
2026/05/14;16:07:59;-;-; 54.58; 0.6;-; 74.7; 74.8; 31.5; 31.5; 0.0;2344; 0.3; 0.5; 0.5;18; 21.6;F;0;-;On;On;Off; 32.7; 32.2;0;6;2046;6;2046;6;1860;1;-
2026/05/14;16:08:59;-;-; 54.58; 0.9;-; 74.5; 74.9; 49.0; 49.0; 0.0;2344; 0.3; 0.5; 0.5;18; 21.6;F;0;-;On;On;Off; 32.7; 32.2;0;6;2046;6;2046;6;1860;1;-
2026/05/14;16:09:59;-;-; 54.58; 0.5;-; 74.9; 74.6; 26.3; 24.9; 1.4;2344; 0.3; 0.5; 0.5;18; 21.6;F;0;-;On;On;Off; 32.7; 32.2;0;6;2046;6;2046;6;1860;1;-
2026/05/14;16:10:59;-;-; 54.58; 0.5;-; 74.8; 74.4; 25.6; 22.7; 2.9;2344; 0.3; 0.5; 0.5;17; 21.6;F;0;-;On;On;Off; 32.7; 32.2;0;6;2046;6;2046;6;1860;1;-
2026/05/14;16:11:59;-;-; 54.56; 0.7;-; 74.4; 74.9; 37.3; 37.3; 0.0;2344; 0.3; 0.5; 0.5;18; 21.6;F;0;-;On;On;Off; 32.7; 32.2;0;6;2046;6;2046;6;1860;1;-
2026/05/14;16:12:59;-;-; 54.58; 0.4;-; 74.8; 74.6; 23.4; 10.2; 13.2;2344; 0.3; 0.5; 0.5;17; 21.6;F;0;-;On;On;Off; 32.7; 32.2;0;6;2046;6;2046;6;1860;1;-
2026/05/14;16:13:59;-;-; 54.56; 0.6;-; 74.7; 74.4; 32.9; 0.0; 32.9;2344; 0.3; 0.5; 0.5;17; 21.6;F;0;-;On;On;Off; 32.7; 32.2;0;6;2046;6;2046;6;1860;1;-
2026/05/14;16:14:59;-;-; 54.56; 0.5;-; 74.5; 74.9; 24.9; 14.6; 10.2;2344; 0.3; 0.5; 0.5;17; 21.6;F;0;-;On;On;Off; 32.7; 32.2;0;6;2046;6;2046;6;1860;1;-
2026/05/14;16:15:59;-;-; 54.58; 0.6;-; 74.8; 74.3; 32.2; 0.0; 32.2;2344; 0.3; 0.5; 0.5;18; 21.6;F;0;-;On;On;Off; 32.7; 32.2;0;6;2046;6;2046;6;1860;1;-
2026/05/14;16:16:58;-;-; 54.56; 0.7;-; 74.5; 74.8; 39.5; 39.5; 0.0;2344; 0.3; 0.5; 0.5;18; 21.6;F;0;-;On;On;Off; 32.7; 32.2;0;6;2046;6;2046;6;1860;1;-
2026/05/14;16:17:58;-;-; 54.56; 0.6;-; 74.7; 74.4; 31.5; 0.0; 31.5;2344; 0.3; 0.5; 0.5;18; 21.6;F;0;-;On;On;Off; 32.7; 32.2;0;6;2046;6;2046;6;1860;1;-
2026/05/14;16:18:58;-;-; 54.58; 0.9;-; 74.9; 74.0; 50.5; 0.0; 50.5;2344; 0.4; 0.5; 0.5;18; 21.6;F;0;-;On;On;Off; 32.7; 32.2;0;6;2046;6;2046;6;1860;1;-
2026/05/14;16:19:58;-;-; 54.58; 0.6;-; 74.9; 74.1; 33.6; 10.2; 23.4;2344; 0.3; 0.5; 0.5;18; 21.6;F;0;-;On;On;Off; 32.7; 32.2;0;6;2046;6;2046;6;1860;1;-
2026/05/14;16:20:58;-;-; 54.56; 0.5;-; 74.7; 74.5; 27.8; 13.2; 14.6;2344; 0.3; 0.5; 0.5;18; 21.6;F;0;-;On;On;Off; 32.7; 32.2;0;6;2046;6;2046;6;1860;1;-
