Steca Elektronik GmbH;MPPT6000;760749IH008963540005
Date;Time;SOC[%];Kaptest[Ah];Vbat[V];Ibat_M[A];Vbat.sense[V];VPV1_M[V];VPV2_M[V];PVpower_M[W];PV1power_M[W];PV2power_M[W];Ophours[h];Ibat_total[A]SOC;Icharge_total[A];Iload_total[A];BatPower_total[W];BatTemp[°C];ChargeMode;ErrorState;ErrorNr;StateAux1;StateAux2;StateAux3;IntTemp1[°C];IntTemp2[°C];Derating;Ah_in_24h_M[Ah];Ah_in_total_M[Ah];Ah_in_24h_SYS[Ah];Ah_in_total_SYS[Ah];Ah_out_24h_SYS[Ah];Ah_out_total_SYS[Ah];Day_night;Status_AUXIO
2026/04/05;00:00:16;96;-; 52.31; 0.0;-; 9.1; 8.7; 0.0;-;-;1520;-0.2; 0.0; 0.0;-8; 21.7;F;1;29;On;On;Off; 22.5; 22.2;0;0;820;0;820;0;634;0;-
2026/04/05;00:01:16;96;-; 52.31; 0.0;-; 9.2; 8.9; 0.0;-;-;1520;-0.2; 0.0; 0.0;-9; 21.7;F;1;29;On;On;Off; 22.5; 22.2;0;0;820;0;820;0;634;0;-
2026/04/05;00:02:16;96;-; 52.30; 0.0;-; 9.2; 8.9; 0.0;-;-;1520;-0.2; 0.0; 0.0;-9; 21.7;F;1;29;On;On;Off; 22.5; 22.2;0;0;820;0;820;0;634;0;-
2026/04/05;00:03:16;96;-; 52.31; 0.0;-; 9.3; 9.0; 0.0;-;-;1520;-0.2; 0.0; 0.0;-9; 21.7;F;1;29;On;On;Off; 22.5; 22.2;0;0;820;0;820;0;634;0;-
2026/04/05;00:04:15;96;-; 52.31; 0.0;-; 9.2; 9.0; 0.0;-;-;1520;-0.2; 0.0; 0.0;-8; 21.7;F;1;29;On;On;Off; 22.5; 22.1;0;0;820;0;820;0;634;0;-
2026/04/05;00:05:15;96;-; 52.30; 0.0;-; 9.3; 9.0; 0.0;-;-;1520;-0.2; 0.0; 0.0;-9; 21.7;F;1;29;On;On;Off; 22.5; 22.2;0;0;820;0;820;0;634;0;-
2026/04/05;00:06:15;96;-; 52.31; 0.0;-; 9.4; 8.9; 0.0;-;-;1520;-0.2; 0.0; 0.0;-10; 21.7;F;1;29;On;On;Off; 22.5; 22.1;0;0;820;0;820;0;634;0;-
2026/04/05;00:07:15;96;-; 52.30; 0.0;-; 9.4; 9.0; 0.0;-;-;1520;-0.2; 0.0; 0.0;-9; 21.7;F;1;29;On;On;Off; 22.5; 22.2;0;0;820;0;820;0;634;0;-
2026/04/05;00:08:15;96;-; 52.28; 0.0;-; 9.6; 9.4; 0.0;-;-;1520;-0.2; 0.0; 0.0;-9; 21.7;F;1;29;On;On;Off; 22.5; 22.1;0;0;820;0;820;0;634;0;-
2026/04/05;00:09:15;96;-; 52.30; 0.0;-; 9.8; 9.3; 0.0;-;-;1520;-0.2; 0.0; 0.0;-9; 21.7;F;1;29;On;On;Off; 22.4; 22.1;0;0;820;0;820;0;634;0;-
2026/04/05;00:10:15;96;-; 52.30; 0.0;-; 9.9; 9.6; 0.0;-;-;1520;-0.2; 0.0; 0.0;-9; 21.7;F;1;29;On;On;Off; 22.4; 22.1;0;0;820;0;820;0;634;0;-
2026/04/05;00:11:15;96;-; 52.30; 0.0;-; 10.0; 9.7; 0.0;-;-;1520;-0.2; 0.0; 0.0;-9; 21.7;F;1;29;On;On;Off; 22.5; 22.1;0;0;820;0;820;0;634;0;-
2026/04/05;00:12:15;96;-; 52.28; 0.0;-; 10.1; 9.8; 0.0;-;-;1520;-0.2; 0.0; 0.0;-9; 21.7;F;1;29;On;On;Off; 22.5; 22.1;0;0;820;0;820;0;634;0;-
2026/04/05;00:13:15;96;-; 52.28; 0.0;-; 10.3; 9.9; 0.0;-;-;1520;-0.2; 0.0; 0.0;-9; 21.7;F;1;29;On;On;Off; 22.4; 22.1;0;0;820;0;820;0;634;0;-
2026/04/05;00:14:15;96;-; 52.30; 0.0;-; 10.3; 9.8; 0.0;-;-;1520;-0.2; 0.0; 0.0;-9; 21.7;F;1;29;On;On;Off; 22.5; 22.1;0;0;820;0;820;0;634;0;-
2026/04/05;00:15:15;96;-; 52.28; 0.0;-; 10.2; 9.9; 0.0;-;-;1520;-0.2; 0.0; 0.0;-9; 21.7;F;1;29;On;On;Off; 22.4; 22.1;0;0;820;0;820;0;634;0;-
2026/04/05;00:16:15;96;-; 52.30; 0.0;-; 10.2; 9.7; 0.0;-;-;1520;-0.2; 0.0; 0.0;-9; 21.7;F;1;29;On;On;Off; 22.4; 22.1;0;0;820;0;820;0;634;0;-
2026/04/05;00:17:15;96;-; 52.30; 0.0;-; 10.1; 9.7; 0.0;-;-;1520;-0.2; 0.0; 0.0;-10; 21.7;F;1;29;On;On;Off; 22.4; 22.1;0;0;820;0;820;0;634;0;-
2026/04/05;00:18:15;96;-; 52.30; 0.0;-; 9.9; 9.7; 0.0;-;-;1520;-0.2; 0.0; 0.0;-9; 21.7;F;1;29;On;On;Off; 22.4; 22.1;0;0;820;0;820;0;634;0;-
2026/04/05;00:19:15;96;-; 52.30; 0.0;-; 9.9; 9.6; 0.0;-;-;1520;-0.2; 0.0; 0.0;-9; 21.7;F;1;29;On;On;Off; 22.5; 22.1;0;0;820;0;820;0;634;0;-
2026/04/05;00:20:14;96;-; 52.30; 0.0;-; 9.9; 9.7; 0.0;-;-;1520;-0.2; 0.0; 0.0;-9; 21.7;F;1;29;On;On;Off; 22.4; 22.1;0;0;820;0;820;0;634;0;-
2026/04/05;00:21:14;96;-; 52.30; 0.0;-; 9.9; 9.5; 0.0;-;-;1520;-0.2; 0.0; 0.0;-9; 21.7;F;1;29;On;On;Off; 22.4; 22.1;0;0;820;0;820;0;634;0;-
2026/04/05;00:22:14;96;-; 52.28; 0.0;-; 9.9; 9.6; 0.0;-;-;1520;-0.2; 0.0; 0.0;-8; 21.7;F;1;29;On;On;Off; 22.4; 22.1;0;0;820;0;820;0;634;0;-
2026/04/05;00:23:14;96;-; 52.30; 0.0;-; 11.2; 10.2; 0.0;-;-;1520;-0.2; 0.0; 0.0;-9; 21.7;F;1;29;On;On;Off; 22.5; 22.1;0;0;820;0;820;0;634;0;-
2026/04/05;00:24:14;96;-; 52.30; 0.0;-; 10.7; 9.8; 0.0;-;-;1520;-0.2; 0.0; 0.0;-9; 21.7;F;1;29;On;On;Off; 22.4; 22.1;0;0;820;0;820;0;634;0;-
2026/04/05;00:25:14;96;-; 52.30; 0.0;-; 10.6; 9.7; 0.0;-;-;1520;-0.2; 0.0; 0.0;-9; 21.7;F;1;29;On;On;Off; 22.4; 22.1;0;0;820;0;820;0;634;0;-
2026/04/05;00:26:14;96;-; 52.30; 0.0;-; 9.7; 9.3; 0.0;-;-;1520;-0.2; 0.0; 0.0;-9; 21.7;F;1;29;On;On;Off; 22.4; 22.1;0;0;820;0;820;0;634;0;-
2026/04/05;00:27:14;96;-; 52.30; 0.0;-; 9.6; 9.3; 0.0;-;-;1520;-0.2; 0.0; 0.0;-9; 21.7;F;1;29;On;On;Off; 22.4; 22.1;0;0;820;0;820;0;634;0;-
2026/04/05;00:28:14;96;-; 52.28; 0.0;-; 9.2; 8.9; 0.0;-;-;1520;-0.2; 0.0; 0.0;-9; 21.7;F;1;29;On;On;Off; 22.4; 22.1;0;0;820;0;820;0;634;0;-
2026/04/05;00:29:14;96;-; 52.28; 0.0;-; 9.0; 8.9; 0.0;-;-;1520;-0.2; 0.0; 0.0;-8; 21.7;F;1;29;On;On;Off; 22.4; 22.1;0;0;820;0;820;0;634;0;-
2026/04/05;00:30:14;96;-; 52.28; 0.0;-; 8.9; 8.6; 0.0;-;-;1520;-0.2; 0.0; 0.0;-8; 21.7;F;1;29;On;On;Off; 22.4; 22.1;0;0;820;0;820;0;634;0;-
2026/04/05;00:31:14;96;-; 52.26; 0.0;-; 8.8; 8.6; 0.0;-;-;1520;-0.2; 0.0; 0.0;-8; 21.7;F;1;29;On;On;Off; 22.4; 22.1;0;0;820;0;820;0;634;0;-
2026/04/05;00:32:14;96;-; 52.26; 0.0;-; 9.0; 8.8; 0.0;-;-;1520;-0.2; 0.0; 0.0;-9; 21.7;F;1;29;On;On;Off; 22.4; 22.1;0;0;820;0;820;0;634;0;-
2026/04/05;00:33:14;96;-; 52.26; 0.0;-; 9.1; 8.9; 0.0;-;-;1520;-0.2; 0.0; 0.0;-9; 21.7;F;1;29;On;On;Off; 22.4; 22.1;0;0;820;0;820;0;634;0;-
2026/04/05;00:34:14;96;-; 52.26; 0.0;-; 9.3; 8.9; 0.0;-;-;1520;-0.2; 0.0; 0.0;-9; 21.7;F;1;29;On;On;Off; 22.4; 22.1;0;0;820;0;820;0;634;0;-
2026/04/05;00:35:14;96;-; 52.26; 0.0;-; 9.5; 9.1; 0.0;-;-;1521;-0.2; 0.0; 0.0;-9; 21.7;F;1;29;On;On;Off; 22.4; 22.1;0;0;820;0;820;0;634;0;-
2026/04/05;00:36:13;96;-; 52.26; 0.0;-; 9.5; 9.1; 0.0;-;-;1521;-0.2; 0.0; 0.0;-9; 21.7;F;1;29;On;On;Off; 22.4; 22.1;0;0;820;0;820;0;634;0;-
2026/04/05;00:37:13;96;-; 52.26; 0.0;-; 9.4; 9.1; 0.0;-;-;1521;-0.2; 0.0; 0.0;-9; 21.7;F;1;29;On;On;Off; 22.4; 22.1;0;0;820;0;820;0;634;0;-
2026/04/05;00:38:13;96;-; 52.26; 0.0;-; 9.4; 9.1; 0.0;-;-;1521;-0.2; 0.0; 0.0;-9; 21.7;F;1;29;On;On;Off; 22.4; 22.1;0;0;820;0;820;0;634;0;-
2026/04/05;00:39:13;96;-; 52.24; 0.0;-; 9.5; 9.2; 0.0;-;-;1521;-0.2; 0.0; 0.0;-9; 21.7;F;1;29;On;On;Off; 22.4; 22.1;0;0;820;0;820;0;634;0;-
2026/04/05;00:40:13;96;-; 52.26; 0.0;-; 9.6; 9.2; 0.0;-;-;1521;-0.2; 0.0; 0.0;-9; 21.7;F;1;29;On;On;Off; 22.4; 22.1;0;0;820;0;820;0;634;0;-
2026/04/05;00:41:13;96;-; 52.26; 0.0;-; 9.7; 9.4; 0.0;-;-;1521;-0.2; 0.0; 0.0;-9; 21.7;F;1;29;On;On;Off; 22.4; 22.1;0;0;820;0;820;0;634;0;-
2026/04/05;00:42:13;96;-; 52.26; 0.0;-; 9.9; 9.4; 0.0;-;-;1521;-0.2; 0.0; 0.0;-9; 21.8;F;1;29;On;On;Off; 22.4; 22.1;0;0;820;0;820;0;634;0;-
2026/04/05;00:43:13;96;-; 52.26; 0.0;-; 9.9; 9.6; 0.0;-;-;1521;-0.2; 0.0; 0.0;-9; 21.7;F;1;29;On;On;Off; 22.4; 22.1;0;0;820;0;820;0;634;0;-
2026/04/05;00:44:13;96;-; 52.26; 0.0;-; 10.0; 9.5; 0.0;-;-;1521;-0.2; 0.0; 0.0;-9; 21.8;F;1;29;On;On;Off; 22.4; 22.1;0;0;820;0;820;0;634;0;-
2026/04/05;00:45:13;96;-; 52.26; 0.0;-; 10.0; 9.5; 0.0;-;-;1521;-0.2; 0.0; 0.0;-9; 21.8;F;1;29;On;On;Off; 22.4; 22.1;0;0;820;0;820;0;634;0;-
2026/04/05;00:46:13;95;-; 52.26; 0.0;-; 9.9; 9.6; 0.0;-;-;1521;-0.2; 0.0; 0.0;-9; 21.7;F;1;29;On;On;Off; 22.4; 22.1;0;0;820;0;820;0;634;0;-
2026/04/05;00:47:13;95;-; 52.26; 0.0;-; 9.9; 9.7; 0.0;-;-;1521;-0.2; 0.0; 0.0;-9; 21.8;F;1;29;On;On;Off; 22.4; 22.1;0;0;820;0;820;0;634;0;-
2026/04/05;00:48:13;95;-; 52.24; 0.0;-; 10.0; 9.5; 0.0;-;-;1521;-0.2; 0.0; 0.0;-9; 21.7;F;1;29;On;On;Off; 22.4; 22.1;0;0;820;0;820;0;634;0;-
2026/04/05;00:49:13;95;-; 52.26; 0.0;-; 10.0; 9.6; 0.0;-;-;1521;-0.2; 0.0; 0.0;-9; 21.7;F;1;29;On;On;Off; 22.4; 22.1;0;0;820;0;820;0;634;0;-
2026/04/05;00:50:13;95;-; 52.24; 0.0;-; 10.0; 9.7; 0.0;-;-;1521;-0.2; 0.0; 0.0;-9; 21.8;F;1;29;On;On;Off; 22.4; 22.1;0;0;820;0;820;0;634;0;-
2026/04/05;00:51:13;95;-; 52.26; 0.0;-; 9.9; 9.6; 0.0;-;-;1521;-0.2; 0.0; 0.0;-9; 21.8;F;1;29;On;On;Off; 22.4; 22.1;0;0;820;0;820;0;634;0;-
2026/04/05;00:52:12;95;-; 52.24; 0.0;-; 10.0; 9.7; 0.0;-;-;1521;-0.2; 0.0; 0.0;-9; 21.8;F;1;29;On;On;Off; 22.4; 22.1;0;0;820;0;820;0;634;0;-
2026/04/05;00:53:12;95;-; 52.24; 0.0;-; 10.0; 9.6; 0.0;-;-;1521;-0.2; 0.0; 0.0;-8; 21.8;F;1;29;On;On;Off; 22.4; 22.1;0;0;820;0;820;0;634;0;-
2026/04/05;00:54:12;95;-; 52.24; 0.0;-; 10.3; 9.9; 0.0;-;-;1521;-0.2; 0.0; 0.0;-9; 21.7;F;1;29;On;On;Off; 22.4; 22.1;0;0;820;0;820;0;634;0;-
2026/04/05;00:55:12;95;-; 52.24; 0.0;-; 10.3; 10.1; 0.0;-;-;1521;-0.2; 0.0; 0.0;-9; 21.7;F;1;29;On;On;Off; 22.4; 22.1;0;0;820;0;820;0;634;0;-
2026/04/05;00:56:12;95;-; 52.24; 0.0;-; 10.5; 10.2; 0.0;-;-;1521;-0.2; 0.0; 0.0;-9; 21.8;F;1;29;On;On;Off; 22.4; 22.1;0;0;820;0;820;0;634;0;-
2026/04/05;00:57:12;95;-; 52.24; 0.0;-; 10.6; 10.3; 0.0;-;-;1521;-0.2; 0.0; 0.0;-9; 21.7;F;1;29;On;On;Off; 22.4; 22.1;0;0;820;0;820;0;634;0;-
2026/04/05;00:58:12;95;-; 52.24; 0.0;-; 10.5; 10.2; 0.0;-;-;1521;-0.2; 0.0; 0.0;-9; 21.7;F;1;29;On;On;Off; 22.4; 22.1;0;0;820;0;820;0;634;0;-
2026/04/05;00:59:12;95;-; 52.24; 0.0;-; 10.5; 10.2; 0.0;-;-;1521;-0.2; 0.0; 0.0;-9; 21.7;F;1;29;On;On;Off; 22.4; 22.1;0;0;820;0;820;0;634;0;-
2026/04/05;01:00:12;95;-; 52.24; 0.0;-; 10.5; 10.1; 0.0;-;-;1521;-0.2; 0.0; 0.0;-9; 21.8;F;1;29;On;On;Off; 22.4; 22.1;0;0;820;0;820;0;634;0;-
2026/04/05;01:01:12;95;-; 52.24; 0.0;-; 10.4; 10.1; 0.0;-;-;1521;-0.2; 0.0; 0.0;-9; 21.7;F;1;29;On;On;Off; 22.4; 22.1;0;0;820;0;820;0;634;0;-
2026/04/05;01:02:12;95;-; 52.24; 0.0;-; 10.3; 10.0; 0.0;-;-;1521;-0.2; 0.0; 0.0;-9; 21.8;F;1;29;On;On;Off; 22.4; 22.1;0;0;820;0;820;0;634;0;-
2026/04/05;01:03:12;95;-; 52.24; 0.0;-; 10.1; 9.8; 0.0;-;-;1521;-0.2; 0.0; 0.0;-9; 21.7;F;1;29;On;On;Off; 22.4; 22.1;0;0;820;0;820;0;634;0;-
2026/04/05;01:04:12;95;-; 52.24; 0.0;-; 10.0; 9.5; 0.0;-;-;1521;-0.2; 0.0; 0.0;-9; 21.7;F;1;29;On;On;Off; 22.4; 22.1;0;0;820;0;820;0;634;0;-
2026/04/05;01:05:12;95;-; 52.24; 0.0;-; 9.9; 9.6; 0.0;-;-;1521;-0.2; 0.0; 0.0;-9; 21.7;F;1;29;On;On;Off; 22.4; 22.1;0;0;820;0;820;0;634;0;-
2026/04/05;01:06:12;95;-; 52.24; 0.0;-; 9.7; 9.6; 0.0;-;-;1521;-0.2; 0.0; 0.0;-8; 21.7;F;1;29;On;On;Off; 22.4; 22.1;0;0;820;0;820;0;634;0;-
2026/04/05;01:07:12;95;-; 52.24; 0.0;-; 9.8; 9.5; 0.0;-;-;1521;-0.2; 0.0; 0.0;-9; 21.7;F;1;29;On;On;Off; 22.4; 22.1;0;0;820;0;820;0;634;0;-
2026/04/05;01:08:11;95;-; 52.22; 0.0;-; 9.7; 9.5; 0.0;-;-;1521;-0.2; 0.0; 0.0;-9; 21.7;F;1;29;On;On;Off; 22.4; 22.1;0;0;820;0;820;0;634;0;-
2026/04/05;01:09:11;95;-; 52.24; 0.0;-; 9.7; 9.5; 0.0;-;-;1521;-0.2; 0.0; 0.0;-8; 21.7;F;1;29;On;On;Off; 22.4; 22.1;0;0;820;0;820;0;634;0;-
2026/04/05;01:10:11;95;-; 52.24; 0.0;-; 9.7; 9.4; 0.0;-;-;1521;-0.2; 0.0; 0.0;-9; 21.7;F;1;29;On;On;Off; 22.4; 22.1;0;0;820;0;820;0;634;0;-
2026/04/05;01:11:11;95;-; 52.22; 0.0;-; 9.7; 9.3; 0.0;-;-;1521;-0.2; 0.0; 0.0;-9; 21.7;F;1;29;On;On;Off; 22.4; 22.1;0;0;820;0;820;0;634;0;-
2026/04/05;01:12:11;95;-; 52.24; 0.0;-; 9.8; 9.4; 0.0;-;-;1521;-0.2; 0.0; 0.0;-9; 21.7;F;1;29;On;On;Off; 22.4; 22.1;0;0;820;0;820;0;634;0;-
2026/04/05;01:13:11;95;-; 52.24; 0.0;-; 9.6; 9.4; 0.0;-;-;1521;-0.2; 0.0; 0.0;-9; 21.7;F;1;29;On;On;Off; 22.4; 22.1;0;0;820;0;820;0;634;0;-
2026/04/05;01:14:11;95;-; 52.24; 0.0;-; 9.4; 9.3; 0.0;-;-;1521;-0.2; 0.0; 0.0;-9; 21.7;F;1;29;On;On;Off; 22.4; 22.1;0;0;820;0;820;0;634;0;-
2026/04/05;01:15:11;95;-; 52.24; 0.0;-; 9.3; 9.0; 0.0;-;-;1521;-0.2; 0.0; 0.0;-9; 21.7;F;1;29;On;On;Off; 22.4; 22.1;0;0;820;0;820;0;634;0;-
2026/04/05;01:16:11;95;-; 52.24; 0.0;-; 9.1; 8.9; 0.0;-;-;1521;-0.2; 0.0; 0.0;-9; 21.7;F;1;29;On;On;Off; 22.4; 22.1;0;0;820;0;820;0;634;0;-
2026/04/05;01:17:11;95;-; 52.24; 0.0;-; 8.9; 8.8; 0.0;-;-;1521;-0.2; 0.0; 0.0;-9; 21.7;F;1;29;On;On;Off; 22.4; 22.1;0;0;820;0;820;0;634;0;-
2026/04/05;01:18:11;95;-; 52.24; 0.0;-; 8.8; 8.6; 0.0;-;-;1521;-0.2; 0.0; 0.0;-9; 21.7;F;1;29;On;On;Off; 22.4; 22.1;0;0;820;0;820;0;634;0;-
2026/04/05;01:19:11;95;-; 52.24; 0.0;-; 8.5; 8.2; 0.0;-;-;1521;-0.2; 0.0; 0.0;-9; 21.7;F;1;29;On;On;Off; 22.4; 22.1;0;0;820;0;820;0;634;0;-
2026/04/05;01:20:11;95;-; 52.24; 0.0;-; 8.4; 8.1; 0.0;-;-;1521;-0.2; 0.0; 0.0;-9; 21.7;F;1;29;On;On;Off; 22.4; 22.1;0;0;820;0;820;0;634;0;-
2026/04/05;01:21:11;95;-; 52.24; 0.0;-; 8.0; 7.8; 0.0;-;-;1521;-0.2; 0.0; 0.0;-9; 21.7;F;1;29;On;On;Off; 22.4; 22.1;0;0;820;0;820;0;634;0;-
2026/04/05;01:22:11;95;-; 52.24; 0.0;-; 7.9; 7.6; 0.0;-;-;1521;-0.2; 0.0; 0.0;-9; 21.7;F;1;29;On;On;Off; 22.4; 22.1;0;0;820;0;820;0;634;0;-
2026/04/05;01:23:10;95;-; 52.24; 0.0;-; 7.3; 7.2; 0.0;-;-;1521;-0.2; 0.0; 0.0;-9; 21.7;F;1;29;On;On;Off; 22.4; 22.1;0;0;820;0;820;0;634;0;-
2026/04/05;01:24:10;95;-; 52.22; 0.0;-; 7.1; 7.0; 0.0;-;-;1521;-0.2; 0.0; 0.0;-9; 21.7;F;1;29;On;On;Off; 22.4; 22.1;0;0;820;0;820;0;634;0;-
2026/04/05;01:25:10;95;-; 52.22; 0.0;-; 7.0; 6.8; 0.0;-;-;1521;-0.2; 0.0; 0.0;-9; 21.7;F;1;29;On;On;Off; 22.4; 22.1;0;0;820;0;820;0;634;0;-
2026/04/05;01:26:10;95;-; 52.22; 0.0;-; 6.9; 6.8; 0.0;-;-;1521;-0.2; 0.0; 0.0;-8; 21.7;F;1;29;On;On;Off; 22.4; 22.1;0;0;820;0;820;0;634;0;-
2026/04/05;01:27:10;95;-; 52.24; 0.0;-; 6.9; 6.9; 0.0;-;-;1521;-0.2; 0.0; 0.0;-8; 21.7;F;1;29;On;On;Off; 22.4; 22.1;0;0;820;0;820;0;634;0;-
2026/04/05;01:28:10;95;-; 52.22; 0.0;-; 6.9; 6.9; 0.0;-;-;1521;-0.2; 0.0; 0.0;-9; 21.7;F;1;29;On;On;Off; 22.4; 22.1;0;0;820;0;820;0;634;0;-
2026/04/05;01:29:10;95;-; 52.22; 0.0;-; 10.7; 8.5; 0.0;-;-;1521;-0.2; 0.0; 0.0;-9; 21.7;F;1;29;On;On;Off; 22.4; 22.1;0;0;820;0;820;0;634;0;-
2026/04/05;01:30:10;95;-; 52.22; 0.0;-; 7.1; 7.1; 0.0;-;-;1521;-0.2; 0.0; 0.0;-9; 21.7;F;1;29;On;On;Off; 22.4; 22.1;0;0;820;0;820;0;634;0;-
2026/04/05;01:31:10;95;-; 52.22; 0.0;-; 7.2; 7.3; 0.0;-;-;1521;-0.2; 0.0; 0.0;-8; 21.7;F;1;29;On;On;Off; 22.4; 22.1;0;0;820;0;820;0;634;0;-
2026/04/05;01:32:10;95;-; 52.22; 0.0;-; 7.2; 7.2; 0.0;-;-;1521;-0.2; 0.0; 0.0;-9; 21.7;F;1;29;On;On;Off; 22.4; 22.1;0;0;820;0;820;0;634;0;-
2026/04/05;01:33:10;95;-; 52.22; 0.0;-; 7.1; 7.2; 0.0;-;-;1521;-0.2; 0.0; 0.0;-9; 21.7;F;1;29;On;On;Off; 22.4; 22.1;0;0;820;0;820;0;634;0;-
2026/04/05;01:34:10;95;-; 52.22; 0.0;-; 7.3; 7.1; 0.0;-;-;1521;-0.2; 0.0; 0.0;-9; 21.7;F;1;29;On;On;Off; 22.4; 22.1;0;0;820;0;820;0;634;0;-
2026/04/05;01:35:10;95;-; 52.22; 0.0;-; 7.3; 7.4; 0.0;-;-;1522;-0.2; 0.0; 0.0;-9; 21.7;F;1;29;On;On;Off; 22.4; 22.1;0;0;820;0;820;0;634;0;-
2026/04/05;01:36:10;95;-; 52.22; 0.0;-; 7.4; 7.3; 0.0;-;-;1522;-0.2; 0.0; 0.0;-8; 21.7;F;1;29;On;On;Off; 22.4; 22.1;0;0;820;0;820;0;634;0;-
2026/04/05;01:37:10;95;-; 52.22; 0.0;-; 7.6; 7.4; 0.0;-;-;1522;-0.2; 0.0; 0.0;-9; 21.7;F;1;29;On;On;Off; 22.4; 22.1;0;0;820;0;820;0;634;0;-
2026/04/05;01:38:10;95;-; 52.22; 0.0;-; 7.8; 7.6; 0.0;-;-;1522;-0.2; 0.0; 0.0;-9; 21.7;F;1;29;On;On;Off; 22.4; 22.1;0;0;820;0;820;0;634;0;-
2026/04/05;01:39:09;95;-; 52.22; 0.0;-; 7.9; 7.8; 0.0;-;-;1522;-0.2; 0.0; 0.0;-9; 21.7;F;1;29;On;On;Off; 22.4; 22.1;0;0;820;0;820;0;634;0;-
2026/04/05;01:40:09;95;-; 52.22; 0.0;-; 8.0; 7.9; 0.0;-;-;1522;-0.2; 0.0; 0.0;-8; 21.7;F;1;29;On;On;Off; 22.4; 22.1;0;0;820;0;820;0;634;0;-
2026/04/05;01:41:09;95;-; 52.22; 0.0;-; 8.1; 8.0; 0.0;-;-;1522;-0.2; 0.0; 0.0;-8; 21.7;F;1;29;On;On;Off; 22.4; 22.1;0;0;820;0;820;0;634;0;-
2026/04/05;01:42:09;95;-; 52.22; 0.0;-; 8.1; 8.0; 0.0;-;-;1522;-0.2; 0.0; 0.0;-9; 21.7;F;1;29;On;On;Off; 22.4; 22.1;0;0;820;0;820;0;634;0;-
2026/04/05;01:43:09;95;-; 52.22; 0.0;-; 8.1; 8.1; 0.0;-;-;1522;-0.2; 0.0; 0.0;-8; 21.7;F;1;29;On;On;Off; 22.4; 22.1;0;0;820;0;820;0;634;0;-
2026/04/05;01:44:09;95;-; 52.22; 0.0;-; 8.1; 8.1; 0.0;-;-;1522;-0.2; 0.0; 0.0;-9; 21.7;F;1;29;On;On;Off; 22.4; 22.1;0;0;820;0;820;0;634;0;-
2026/04/05;01:45:09;95;-; 52.22; 0.0;-; 8.1; 8.1; 0.0;-;-;1522;-0.2; 0.0; 0.0;-8; 21.7;F;1;29;On;On;Off; 22.4; 22.1;0;0;820;0;820;0;634;0;-
2026/04/05;01:46:09;95;-; 52.22; 0.0;-; 8.0; 8.0; 0.0;-;-;1522;-0.2; 0.0; 0.0;-9; 21.7;F;1;29;On;On;Off; 22.4; 22.1;0;0;820;0;820;0;634;0;-
2026/04/05;01:47:09;95;-; 52.22; 0.0;-; 8.1; 8.1; 0.0;-;-;1522;-0.2; 0.0; 0.0;-8; 21.7;F;1;29;On;On;Off; 22.4; 22.1;0;0;820;0;820;0;634;0;-
2026/04/05;01:48:09;95;-; 52.22; 0.0;-; 8.2; 8.1; 0.0;-;-;1522;-0.2; 0.0; 0.0;-8; 21.7;F;1;29;On;On;Off; 22.4; 22.1;0;0;820;0;820;0;634;0;-
2026/04/05;01:49:09;95;-; 52.20; 0.0;-; 8.4; 8.3; 0.0;-;-;1522;-0.2; 0.0; 0.0;-8; 21.7;F;1;29;On;On;Off; 22.4; 22.1;0;0;820;0;820;0;634;0;-
2026/04/05;01:50:09;95;-; 52.22; 0.0;-; 8.5; 8.3; 0.0;-;-;1522;-0.2; 0.0; 0.0;-9; 21.7;F;1;29;On;On;Off; 22.4; 22.1;0;0;820;0;820;0;634;0;-
2026/04/05;01:51:09;95;-; 52.22; 0.0;-; 8.5; 8.5; 0.0;-;-;1522;-0.2; 0.0; 0.0;-8; 21.7;F;1;29;On;On;Off; 22.4; 22.1;0;0;820;0;820;0;634;0;-
2026/04/05;01:52:09;95;-; 52.22; 0.0;-; 8.7; 8.6; 0.0;-;-;1522;-0.2; 0.0; 0.0;-8; 21.7;F;1;29;On;On;Off; 22.4; 22.1;0;0;820;0;820;0;634;0;-
2026/04/05;01:53:09;95;-; 52.22; 0.0;-; 8.7; 8.6; 0.0;-;-;1522;-0.2; 0.0; 0.0;-8; 21.7;F;1;29;On;On;Off; 22.4; 22.1;0;0;820;0;820;0;634;0;-
2026/04/05;01:54:09;95;-; 52.22; 0.0;-; 8.7; 8.5; 0.0;-;-;1522;-0.2; 0.0; 0.0;-8; 21.7;F;1;29;On;On;Off; 22.4; 22.1;0;0;820;0;820;0;634;0;-
2026/04/05;01:55:08;95;-; 52.22; 0.0;-; 8.6; 8.4; 0.0;-;-;1522;-0.2; 0.0; 0.0;-8; 21.7;F;1;29;On;On;Off; 22.4; 22.1;0;0;820;0;820;0;634;0;-
2026/04/05;01:56:08;95;-; 52.22; 0.0;-; 8.6; 8.6; 0.0;-;-;1522;-0.2; 0.0; 0.0;-8; 21.7;F;1;29;On;On;Off; 22.4; 22.1;0;0;820;0;820;0;634;0;-
2026/04/05;01:57:08;95;-; 52.22; 0.0;-; 8.7; 8.6; 0.0;-;-;1522;-0.2; 0.0; 0.0;-8; 21.7;F;1;29;On;On;Off; 22.4; 22.1;0;0;820;0;820;0;634;0;-
2026/04/05;01:58:08;95;-; 52.20; 0.0;-; 8.7; 8.6; 0.0;-;-;1522;-0.2; 0.0; 0.0;-8; 21.7;F;1;29;On;On;Off; 22.4; 22.1;0;0;820;0;820;0;634;0;-
2026/04/05;01:59:08;95;-; 52.20; 0.0;-; 8.5; 8.5; 0.0;-;-;1522;-0.2; 0.0; 0.0;-8; 21.7;F;1;29;On;On;Off; 22.4; 22.1;0;0;820;0;820;0;634;0;-
2026/04/05;02:00:08;95;-; 52.20; 0.0;-; 8.5; 8.4; 0.0;-;-;1522;-0.2; 0.0; 0.0;-8; 21.7;F;1;29;On;On;Off; 22.4; 22.1;0;0;820;0;820;0;634;0;-
2026/04/05;02:01:08;95;-; 52.20; 0.0;-; 8.4; 8.3; 0.0;-;-;1522;-0.2; 0.0; 0.0;-9; 21.7;F;1;29;On;On;Off; 22.4; 22.1;0;0;820;0;820;0;634;0;-
2026/04/05;02:02:08;95;-; 52.20; 0.0;-; 8.4; 8.4; 0.0;-;-;1522;-0.2; 0.0; 0.0;-8; 21.7;F;1;29;On;On;Off; 22.4; 22.1;0;0;820;0;820;0;634;0;-
2026/04/05;02:03:08;95;-; 52.20; 0.0;-; 8.3; 8.2; 0.0;-;-;1522;-0.2; 0.0; 0.0;-9; 21.7;F;1;29;On;On;Off; 22.4; 22.1;0;0;820;0;820;0;634;0;-
2026/04/05;02:04:08;95;-; 52.20; 0.0;-; 8.3; 8.1; 0.0;-;-;1522;-0.2; 0.0; 0.0;-9; 21.7;F;1;29;On;On;Off; 22.4; 22.1;0;0;820;0;820;0;634;0;-
2026/04/05;02:05:08;94;-; 52.20; 0.0;-; 8.3; 8.1; 0.0;-;-;1522;-0.2; 0.0; 0.0;-9; 21.7;F;1;29;On;On;Off; 22.4; 22.1;0;0;820;0;820;0;634;0;-
2026/04/05;02:06:08;94;-; 52.20; 0.0;-; 8.4; 8.3; 0.0;-;-;1522;-0.2; 0.0; 0.0;-9; 21.7;F;1;29;On;On;Off; 22.4; 22.1;0;0;820;0;820;0;634;0;-
2026/04/05;02:07:08;94;-; 52.20; 0.0;-; 8.5; 8.3; 0.0;-;-;1522;-0.2; 0.0; 0.0;-9; 21.7;F;1;29;On;On;Off; 22.4; 22.1;0;0;820;0;820;0;634;0;-
2026/04/05;02:08:08;94;-; 52.20; 0.0;-; 8.6; 8.5; 0.0;-;-;1522;-0.2; 0.0; 0.0;-9; 21.7;F;1;29;On;On;Off; 22.4; 22.1;0;0;820;0;820;0;634;0;-
2026/04/05;02:09:08;94;-; 52.20; 0.0;-; 8.7; 8.6; 0.0;-;-;1522;-0.2; 0.0; 0.0;-8; 21.7;F;1;29;On;On;Off; 22.4; 22.1;0;0;820;0;820;0;634;0;-
2026/04/05;02:10:08;94;-; 52.20; 0.0;-; 8.8; 8.7; 0.0;-;-;1522;-0.2; 0.0; 0.0;-9; 21.7;F;1;29;On;On;Off; 22.4; 22.1;0;0;820;0;820;0;634;0;-
2026/04/05;02:11:07;94;-; 52.20; 0.0;-; 8.9; 8.9; 0.0;-;-;1522;-0.2; 0.0; 0.0;-8; 21.7;F;1;29;On;On;Off; 22.4; 22.1;0;0;820;0;820;0;634;0;-
2026/04/05;02:12:07;94;-; 52.20; 0.0;-; 9.1; 8.8; 0.0;-;-;1522;-0.2; 0.0; 0.0;-8; 21.7;F;1;29;On;On;Off; 22.4; 22.1;0;0;820;0;820;0;634;0;-
2026/04/05;02:13:07;94;-; 52.20; 0.0;-; 9.1; 8.9; 0.0;-;-;1522;-0.2; 0.0; 0.0;-8; 21.7;F;1;29;On;On;Off; 22.4; 22.1;0;0;820;0;820;0;634;0;-
2026/04/05;02:14:07;94;-; 52.20; 0.0;-; 9.2; 9.1; 0.0;-;-;1522;-0.2; 0.0; 0.0;-9; 21.7;F;1;29;On;On;Off; 22.4; 22.1;0;0;820;0;820;0;634;0;-
2026/04/05;02:15:07;94;-; 52.20; 0.0;-; 9.2; 9.0; 0.0;-;-;1522;-0.2; 0.0; 0.0;-8; 21.7;F;1;29;On;On;Off; 22.4; 22.1;0;0;820;0;820;0;634;0;-
2026/04/05;02:16:07;94;-; 52.20; 0.0;-; 9.3; 9.2; 0.0;-;-;1522;-0.2; 0.0; 0.0;-9; 21.7;F;1;29;On;On;Off; 22.4; 22.1;0;0;820;0;820;0;634;0;-
2026/04/05;02:17:07;94;-; 52.20; 0.0;-; 9.4; 9.2; 0.0;-;-;1522;-0.2; 0.0; 0.0;-9; 21.7;F;1;29;On;On;Off; 22.4; 22.1;0;0;820;0;820;0;634;0;-
2026/04/05;02:18:07;94;-; 52.20; 0.0;-; 9.5; 9.3; 0.0;-;-;1522;-0.2; 0.0; 0.0;-9; 21.7;F;1;29;On;On;Off; 22.4; 22.1;0;0;820;0;820;0;634;0;-
2026/04/05;02:19:07;94;-; 52.20; 0.0;-; 9.6; 9.5; 0.0;-;-;1522;-0.2; 0.0; 0.0;-9; 21.7;F;1;29;On;On;Off; 22.4; 22.1;0;0;820;0;820;0;634;0;-
2026/04/05;02:20:07;94;-; 52.20; 0.0;-; 9.8; 9.7; 0.0;-;-;1522;-0.2; 0.0; 0.0;-9; 21.7;F;1;29;On;On;Off; 22.4; 22.1;0;0;820;0;820;0;634;0;-
2026/04/05;02:21:07;94;-; 52.20; 0.0;-; 9.9; 9.7; 0.0;-;-;1522;-0.2; 0.0; 0.0;-9; 21.7;F;1;29;On;On;Off; 22.3; 22.1;0;0;820;0;820;0;634;0;-
2026/04/05;02:22:07;94;-; 52.20; 0.0;-; 10.0; 9.9; 0.0;-;-;1522;-0.2; 0.0; 0.0;-8; 21.7;F;1;29;On;On;Off; 22.4; 22.1;0;0;820;0;820;0;634;0;-
2026/04/05;02:23:07;94;-; 52.20; 0.0;-; 10.1; 9.9; 0.0;-;-;1522;-0.2; 0.0; 0.0;-9; 21.7;F;1;29;On;On;Off; 22.3; 22.0;0;0;820;0;820;0;634;0;-
2026/04/05;02:24:07;94;-; 52.20; 0.0;-; 10.1; 10.0; 0.0;-;-;1522;-0.2; 0.0; 0.0;-8; 21.7;F;1;29;On;On;Off; 22.3; 22.1;0;0;820;0;820;0;634;0;-
2026/04/05;02:25:07;94;-; 52.20; 0.0;-; 10.2; 10.0; 0.0;-;-;1522;-0.2; 0.0; 0.0;-8; 21.7;F;1;29;On;On;Off; 22.4; 22.0;0;0;820;0;820;0;634;0;-
2026/04/05;02:26:07;94;-; 52.20; 0.0;-; 10.2; 10.0; 0.0;-;-;1522;-0.2; 0.0; 0.0;-8; 21.7;F;1;29;On;On;Off; 22.3; 22.1;0;0;820;0;820;0;634;0;-
2026/04/05;02:27:06;94;-; 52.20; 0.0;-; 10.3; 10.2; 0.0;-;-;1522;-0.2; 0.0; 0.0;-8; 21.7;F;1;29;On;On;Off; 22.4; 22.0;0;0;820;0;820;0;634;0;-
2026/04/05;02:28:06;94;-; 52.20; 0.0;-; 10.4; 10.3; 0.0;-;-;1522;-0.2; 0.0; 0.0;-9; 21.7;F;1;29;On;On;Off; 22.4; 22.1;0;0;820;0;820;0;634;0;-
2026/04/05;02:29:06;94;-; 52.20; 0.0;-; 10.4; 10.3; 0.0;-;-;1522;-0.2; 0.0; 0.0;-9; 21.7;F;1;29;On;On;Off; 22.3; 22.1;0;0;820;0;820;0;634;0;-
2026/04/05;02:30:06;94;-; 52.20; 0.0;-; 10.5; 10.3; 0.0;-;-;1522;-0.2; 0.0; 0.0;-8; 21.7;F;1;29;On;On;Off; 22.3; 22.0;0;0;820;0;820;0;634;0;-
2026/04/05;02:31:06;94;-; 52.20; 0.0;-; 10.5; 10.3; 0.0;-;-;1522;-0.2; 0.0; 0.0;-8; 21.7;F;1;29;On;On;Off; 22.3; 22.0;0;0;820;0;820;0;634;0;-
2026/04/05;02:32:06;94;-; 52.20; 0.0;-; 10.5; 10.3; 0.0;-;-;1522;-0.2; 0.0; 0.0;-8; 21.7;F;1;29;On;On;Off; 22.3; 22.0;0;0;820;0;820;0;634;0;-
2026/04/05;02:33:06;94;-; 52.20; 0.0;-; 10.4; 10.3; 0.0;-;-;1522;-0.2; 0.0; 0.0;-8; 21.7;F;1;29;On;On;Off; 22.3; 22.1;0;0;820;0;820;0;634;0;-
2026/04/05;02:34:06;94;-; 52.20; 0.0;-; 10.5; 10.4; 0.0;-;-;1522;-0.2; 0.0; 0.0;-8; 21.7;F;1;29;On;On;Off; 22.3; 22.0;0;0;820;0;820;0;634;0;-
2026/04/05;02:35:06;94;-; 52.20; 0.0;-; 10.6; 10.4; 0.0;-;-;1523;-0.2; 0.0; 0.0;-8; 21.7;F;1;29;On;On;Off; 22.3; 22.0;0;0;820;0;820;0;634;0;-
2026/04/05;02:36:06;94;-; 52.20; 0.0;-; 10.5; 10.4; 0.0;-;-;1523;-0.2; 0.0; 0.0;-8; 21.7;F;1;29;On;On;Off; 22.3; 22.0;0;0;820;0;820;0;634;0;-
2026/04/05;02:37:06;94;-; 52.20; 0.0;-; 10.4; 10.2; 0.0;-;-;1523;-0.2; 0.0; 0.0;-8; 21.7;F;1;29;On;On;Off; 22.4; 22.0;0;0;820;0;820;0;634;0;-
2026/04/05;02:38:06;94;-; 52.20; 0.0;-; 10.5; 10.2; 0.0;-;-;1523;-0.2; 0.0; 0.0;-8; 21.7;F;1;29;On;On;Off; 22.3; 22.0;0;0;820;0;820;0;634;0;-
2026/04/05;02:39:06;94;-; 52.20; 0.0;-; 10.5; 10.4; 0.0;-;-;1523;-0.2; 0.0; 0.0;-8; 21.7;F;1;29;On;On;Off; 22.3; 22.0;0;0;820;0;820;0;634;0;-
2026/04/05;02:40:06;94;-; 52.20; 0.0;-; 10.5; 10.2; 0.0;-;-;1523;-0.2; 0.0; 0.0;-8; 21.7;F;1;29;On;On;Off; 22.4; 22.0;0;0;820;0;820;0;634;0;-
2026/04/05;02:41:06;94;-; 52.18; 0.0;-; 10.4; 10.4; 0.0;-;-;1523;-0.2; 0.0; 0.0;-8; 21.7;F;1;29;On;On;Off; 22.3; 22.0;0;0;820;0;820;0;634;0;-
2026/04/05;02:42:06;94;-; 52.18; 0.0;-; 10.4; 10.1; 0.0;-;-;1523;-0.2; 0.0; 0.0;-8; 21.7;F;1;29;On;On;Off; 22.3; 22.0;0;0;820;0;820;0;634;0;-
2026/04/05;02:43:05;94;-; 52.18; 0.0;-; 10.2; 10.1; 0.0;-;-;1523;-0.2; 0.0; 0.0;-8; 21.7;F;1;29;On;On;Off; 22.4; 22.1;0;0;820;0;820;0;634;0;-
2026/04/05;02:44:05;94;-; 52.18; 0.0;-; 10.1; 9.9; 0.0;-;-;1523;-0.2; 0.0; 0.0;-8; 21.7;F;1;29;On;On;Off; 22.3; 22.0;0;0;820;0;820;0;634;0;-
2026/04/05;02:45:05;94;-; 52.18; 0.0;-; 9.9; 9.8; 0.0;-;-;1523;-0.2; 0.0; 0.0;-8; 21.7;F;1;29;On;On;Off; 22.3; 22.0;0;0;820;0;820;0;634;0;-
2026/04/05;02:46:05;94;-; 52.18; 0.0;-; 10.8; 9.4; 0.0;-;-;1523;-0.2; 0.0; 0.0;-8; 21.7;F;1;29;On;On;Off; 22.4; 22.0;0;0;820;0;820;0;634;0;-
2026/04/05;02:47:05;94;-; 52.18; 0.0;-; 9.4; 9.4; 0.0;-;-;1523;-0.2; 0.0; 0.0;-8; 21.7;F;1;29;On;On;Off; 22.3; 22.0;0;0;820;0;820;0;634;0;-
2026/04/05;02:48:05;94;-; 52.20; 0.0;-; 9.5; 9.2; 0.0;-;-;1523;-0.2; 0.0; 0.0;-8; 21.7;F;1;29;On;On;Off; 22.3; 22.0;0;0;820;0;820;0;634;0;-
2026/04/05;02:49:05;94;-; 52.18; 0.0;-; 9.4; 9.2; 0.0;-;-;1523;-0.2; 0.0; 0.0;-8; 21.7;F;1;29;On;On;Off; 22.3; 22.0;0;0;820;0;820;0;634;0;-
2026/04/05;02:50:05;94;-; 52.18; 0.0;-; 9.5; 9.4; 0.0;-;-;1523;-0.2; 0.0; 0.0;-8; 21.7;F;1;29;On;On;Off; 22.3; 22.0;0;0;820;0;820;0;634;0;-
2026/04/05;02:51:05;94;-; 52.18; 0.0;-; 9.6; 9.5; 0.0;-;-;1523;-0.2; 0.0; 0.0;-8; 21.7;F;1;29;On;On;Off; 22.4; 22.0;0;0;820;0;820;0;634;0;-
2026/04/05;02:52:05;94;-; 52.18; 0.0;-; 9.7; 9.6; 0.0;-;-;1523;-0.2; 0.0; 0.0;-8; 21.7;F;1;29;On;On;Off; 22.3; 22.0;0;0;820;0;820;0;634;0;-
2026/04/05;02:53:05;94;-; 52.18; 0.0;-; 9.7; 9.4; 0.0;-;-;1523;-0.2; 0.0; 0.0;-8; 21.7;F;1;29;On;On;Off; 22.4; 22.0;0;0;820;0;820;0;634;0;-
2026/04/05;02:54:05;94;-; 52.18; 0.0;-; 9.6; 9.6; 0.0;-;-;1523;-0.2; 0.0; 0.0;-8; 21.8;F;1;29;On;On;Off; 22.3; 22.0;0;0;820;0;820;0;634;0;-
2026/04/05;02:55:05;94;-; 52.18; 0.0;-; 9.7; 9.6; 0.0;-;-;1523;-0.2; 0.0; 0.0;-8; 21.8;F;1;29;On;On;Off; 22.3; 22.0;0;0;820;0;820;0;634;0;-
2026/04/05;02:56:05;94;-; 52.16; 0.0;-; 9.8; 9.5; 0.0;-;-;1523;-0.2; 0.0; 0.0;-9; 21.8;F;1;29;On;On;Off; 22.3; 22.0;0;0;820;0;820;0;634;0;-
2026/04/05;02:57:05;94;-; 52.18; 0.0;-; 9.9; 9.6; 0.0;-;-;1523;-0.2; 0.0; 0.0;-9; 21.7;F;1;29;On;On;Off; 22.3; 22.0;0;0;820;0;820;0;634;0;-
2026/04/05;02:58:05;94;-; 52.18; 0.0;-; 9.9; 9.8; 0.0;-;-;1523;-0.2; 0.0; 0.0;-9; 21.7;F;1;29;On;On;Off; 22.3; 22.0;0;0;820;0;820;0;634;0;-
2026/04/05;02:59:04;94;-; 52.16; 0.0;-; 9.8; 9.5; 0.0;-;-;1523;-0.2; 0.0; 0.0;-9; 21.8;F;1;29;On;On;Off; 22.3; 22.0;0;0;820;0;820;0;634;0;-
2026/04/05;03:00:04;94;-; 52.18; 0.0;-; 11.2; 9.9; 0.0;-;-;1523;-0.2; 0.0; 0.0;-9; 21.8;F;1;29;On;On;Off; 22.3; 22.0;0;0;820;0;820;0;634;0;-
2026/04/05;03:01:04;94;-; 52.18; 0.0;-; 11.2; 10.1; 0.0;-;-;1523;-0.2; 0.0; 0.0;-9; 21.8;F;1;29;On;On;Off; 22.3; 22.0;0;0;820;0;820;0;634;0;-
2026/04/05;03:02:04;94;-; 52.18; 0.0;-; 11.2; 9.9; 0.0;-;-;1523;-0.2; 0.0; 0.0;-9; 21.8;F;1;29;On;On;Off; 22.3; 22.0;0;0;820;0;820;0;634;0;-
2026/04/05;03:03:04;94;-; 52.18; 0.0;-; 10.9; 9.7; 0.0;-;-;1523;-0.2; 0.0; 0.0;-9; 21.7;F;1;29;On;On;Off; 22.3; 22.0;0;0;820;0;820;0;634;0;-
2026/04/05;03:04:04;94;-; 52.18; 0.0;-; 10.9; 9.7; 0.0;-;-;1523;-0.2; 0.0; 0.0;-9; 21.7;F;1;29;On;On;Off; 22.3; 22.0;0;0;820;0;820;0;634;0;-
2026/04/05;03:05:04;94;-; 52.18; 0.0;-; 10.7; 9.6; 0.0;-;-;1523;-0.2; 0.0; 0.0;-8; 21.8;F;1;29;On;On;Off; 22.3; 22.0;0;0;820;0;820;0;634;0;-
2026/04/05;03:06:04;94;-; 52.18; 0.0;-; 10.4; 9.3; 0.0;-;-;1523;-0.2; 0.0; 0.0;-9; 21.7;F;1;29;On;On;Off; 22.3; 22.0;0;0;820;0;820;0;634;0;-
2026/04/05;03:07:04;94;-; 52.18; 0.0;-; 10.1; 8.9; 0.0;-;-;1523;-0.2; 0.0; 0.0;-8; 21.7;F;1;29;On;On;Off; 22.3; 22.0;0;0;820;0;820;0;634;0;-
2026/04/05;03:08:04;94;-; 52.18; 0.0;-; 9.9; 8.8; 0.0;-;-;1523;-0.2; 0.0; 0.0;-8; 21.8;F;1;29;On;On;Off; 22.3; 22.0;0;0;820;0;820;0;634;0;-
2026/04/05;03:09:04;94;-; 52.18; 0.0;-; 9.8; 8.6; 0.0;-;-;1523;-0.2; 0.0; 0.0;-9; 21.8;F;1;29;On;On;Off; 22.3; 22.0;0;0;820;0;820;0;634;0;-
2026/04/05;03:10:04;94;-; 52.18; 0.0;-; 9.6; 8.4; 0.0;-;-;1523;-0.2; 0.0; 0.0;-9; 21.7;F;1;29;On;On;Off; 22.3; 22.0;0;0;820;0;820;0;634;0;-
2026/04/05;03:11:04;94;-; 52.18; 0.0;-; 9.5; 8.2; 0.0;-;-;1523;-0.2; 0.0; 0.0;-9; 21.8;F;1;29;On;On;Off; 22.3; 22.0;0;0;820;0;820;0;634;0;-
2026/04/05;03:12:04;94;-; 52.18; 0.0;-; 9.4; 8.0; 0.0;-;-;1523;-0.2; 0.0; 0.0;-9; 21.7;F;1;29;On;On;Off; 22.3; 22.0;0;0;820;0;820;0;634;0;-
2026/04/05;03:13:04;94;-; 52.18; 0.0;-; 9.3; 7.9; 0.0;-;-;1523;-0.2; 0.0; 0.0;-8; 21.8;F;1;29;On;On;Off; 22.3; 22.0;0;0;820;0;820;0;634;0;-
2026/04/05;03:14:04;94;-; 52.18; 0.0;-; 9.2; 7.9; 0.0;-;-;1523;-0.2; 0.0; 0.0;-8; 21.7;F;1;29;On;On;Off; 22.3; 22.0;0;0;820;0;820;0;634;0;-
2026/04/05;03:15:03;94;-; 52.18; 0.0;-; 9.1; 8.0; 0.0;-;-;1523;-0.2; 0.0; 0.0;-8; 21.8;F;1;29;On;On;Off; 22.3; 22.0;0;0;820;0;820;0;634;0;-
2026/04/05;03:16:03;94;-; 52.18; 0.0;-; 9.1; 7.7; 0.0;-;-;1523;-0.2; 0.0; 0.0;-9; 21.7;F;1;29;On;On;Off; 22.3; 22.0;0;0;820;0;820;0;634;0;-
2026/04/05;03:17:03;94;-; 52.18; 0.0;-; 8.9; 7.7; 0.0;-;-;1523;-0.2; 0.0; 0.0;-9; 21.7;F;1;29;On;On;Off; 22.3; 22.0;0;0;820;0;820;0;634;0;-
2026/04/05;03:18:03;94;-; 52.18; 0.0;-; 8.9; 7.8; 0.0;-;-;1523;-0.2; 0.0; 0.0;-9; 21.7;F;1;29;On;On;Off; 22.3; 22.0;0;0;820;0;820;0;634;0;-
2026/04/05;03:19:03;94;-; 52.16; 0.0;-; 8.9; 7.7; 0.0;-;-;1523;-0.2; 0.0; 0.0;-8; 21.7;F;1;29;On;On;Off; 22.3; 22.0;0;0;820;0;820;0;634;0;-
2026/04/05;03:20:03;94;-; 52.18; 0.0;-; 8.8; 7.6; 0.0;-;-;1523;-0.2; 0.0; 0.0;-9; 21.7;F;1;29;On;On;Off; 22.3; 22.0;0;0;820;0;820;0;634;0;-
2026/04/05;03:21:03;94;-; 52.18; 0.0;-; 8.9; 7.7; 0.0;-;-;1523;-0.2; 0.0; 0.0;-9; 21.7;F;1;29;On;On;Off; 22.3; 22.0;0;0;820;0;820;0;634;0;-
2026/04/05;03:22:03;94;-; 52.18; 0.0;-; 8.9; 7.6; 0.0;-;-;1523;-0.2; 0.0; 0.0;-9; 21.7;F;1;29;On;On;Off; 22.3; 22.0;0;0;820;0;820;0;634;0;-
2026/04/05;03:23:03;94;-; 52.18; 0.0;-; 8.9; 7.9; 0.0;-;-;1523;-0.2; 0.0; 0.0;-8; 21.7;F;1;29;On;On;Off; 22.3; 22.0;0;0;820;0;820;0;634;0;-
2026/04/05;03:24:03;94;-; 52.18; 0.0;-; 8.9; 7.8; 0.0;-;-;1523;-0.2; 0.0; 0.0;-9; 21.7;F;1;29;On;On;Off; 22.3; 22.0;0;0;820;0;820;0;634;0;-
2026/04/05;03:25:03;94;-; 52.18; 0.0;-; 8.9; 7.8; 0.0;-;-;1523;-0.2; 0.0; 0.0;-8; 21.7;F;1;29;On;On;Off; 22.3; 22.0;0;0;820;0;820;0;634;0;-
2026/04/05;03:26:03;93;-; 52.18; 0.0;-; 9.0; 7.9; 0.0;-;-;1523;-0.2; 0.0; 0.0;-9; 21.7;F;1;29;On;On;Off; 22.3; 22.0;0;0;820;0;820;0;634;0;-
2026/04/05;03:27:03;93;-; 52.18; 0.0;-; 9.0; 7.7; 0.0;-;-;1523;-0.2; 0.0; 0.0;-9; 21.7;F;1;29;On;On;Off; 22.3; 22.0;0;0;820;0;820;0;634;0;-
2026/04/05;03:28:03;93;-; 52.18; 0.0;-; 9.0; 7.9; 0.0;-;-;1523;-0.2; 0.0; 0.0;-8; 21.7;F;1;29;On;On;Off; 22.3; 22.0;0;0;820;0;820;0;634;0;-
2026/04/05;03:29:03;93;-; 52.18; 0.0;-; 9.1; 7.9; 0.0;-;-;1523;-0.2; 0.0; 0.0;-9; 21.7;F;1;29;On;On;Off; 22.3; 22.0;0;0;820;0;820;0;634;0;-
2026/04/05;03:30:03;93;-; 52.18; 0.0;-; 9.4; 8.2; 0.0;-;-;1523;-0.2; 0.0; 0.0;-8; 21.7;F;1;29;On;On;Off; 22.3; 22.0;0;0;820;0;820;0;634;0;-
2026/04/05;03:31:02;93;-; 52.18; 0.0;-; 9.3; 8.2; 0.0;-;-;1523;-0.2; 0.0; 0.0;-9; 21.7;F;1;29;On;On;Off; 22.3; 22.0;0;0;820;0;820;0;634;0;-
2026/04/05;03:32:02;93;-; 52.18; 0.0;-; 9.3; 8.1; 0.0;-;-;1523;-0.2; 0.0; 0.0;-9; 21.7;F;1;29;On;On;Off; 22.3; 22.0;0;0;820;0;820;0;634;0;-
2026/04/05;03:33:02;93;-; 52.18; 0.0;-; 9.2; 8.1; 0.0;-;-;1523;-0.2; 0.0; 0.0;-9; 21.7;F;1;29;On;On;Off; 22.3; 22.0;0;0;820;0;820;0;634;0;-
2026/04/05;03:34:02;93;-; 52.18; 0.0;-; 9.2; 8.1; 0.0;-;-;1523;-0.2; 0.0; 0.0;-8; 21.7;F;1;29;On;On;Off; 22.3; 22.0;0;0;820;0;820;0;634;0;-
2026/04/05;03:35:02;93;-; 52.18; 0.0;-; 9.3; 8.1; 0.0;-;-;1524;-0.2; 0.0; 0.0;-8; 21.7;F;1;29;On;On;Off; 22.3; 22.0;0;0;820;0;820;0;634;0;-
2026/04/05;03:36:02;93;-; 52.18; 0.0;-; 9.4; 8.2; 0.0;-;-;1524;-0.2; 0.0; 0.0;-8; 21.7;F;1;29;On;On;Off; 22.3; 22.0;0;0;820;0;820;0;634;0;-
2026/04/05;03:37:02;93;-; 52.18; 0.0;-; 9.4; 8.3; 0.0;-;-;1524;-0.2; 0.0; 0.0;-9; 21.7;F;1;29;On;On;Off; 22.3; 22.0;0;0;820;0;820;0;634;0;-
2026/04/05;03:38:02;93;-; 52.18; 0.0;-; 9.4; 8.4; 0.0;-;-;1524;-0.2; 0.0; 0.0;-8; 21.7;F;1;29;On;On;Off; 22.3; 22.0;0;0;820;0;820;0;634;0;-
2026/04/05;03:39:02;93;-; 52.18; 0.0;-; 9.5; 8.3; 0.0;-;-;1524;-0.2; 0.0; 0.0;-9; 21.7;F;1;29;On;On;Off; 22.3; 22.0;0;0;820;0;820;0;634;0;-
2026/04/05;03:40:02;93;-; 52.18; 0.0;-; 9.6; 8.5; 0.0;-;-;1524;-0.2; 0.0; 0.0;-9; 21.7;F;1;29;On;On;Off; 22.3; 22.0;0;0;820;0;820;0;634;0;-
2026/04/05;03:41:02;93;-; 52.16; 0.0;-; 9.7; 8.6; 0.0;-;-;1524;-0.2; 0.0; 0.0;-9; 21.7;F;1;29;On;On;Off; 22.3; 22.0;0;0;820;0;820;0;634;0;-
2026/04/05;03:42:02;93;-; 52.16; 0.0;-; 9.8; 8.6; 0.0;-;-;1524;-0.2; 0.0; 0.0;-9; 21.7;F;1;29;On;On;Off; 22.3; 22.0;0;0;820;0;820;0;634;0;-
2026/04/05;03:43:02;93;-; 52.18; 0.0;-; 9.9; 8.7; 0.0;-;-;1524;-0.2; 0.0; 0.0;-9; 21.7;F;1;29;On;On;Off; 22.3; 22.0;0;0;820;0;820;0;634;0;-
2026/04/05;03:44:02;93;-; 52.18; 0.0;-; 10.0; 8.8; 0.0;-;-;1524;-0.2; 0.0; 0.0;-9; 21.7;F;1;29;On;On;Off; 22.3; 22.0;0;0;820;0;820;0;634;0;-
2026/04/05;03:45:02;93;-; 52.16; 0.0;-; 10.1; 8.9; 0.0;-;-;1524;-0.2; 0.0; 0.0;-8; 21.7;F;1;29;On;On;Off; 22.3; 22.0;0;0;820;0;820;0;634;0;-
2026/04/05;03:46:02;93;-; 52.16; 0.0;-; 10.3; 9.2; 0.0;-;-;1524;-0.2; 0.0; 0.0;-8; 21.7;F;1;29;On;On;Off; 22.3; 22.0;0;0;820;0;820;0;634;0;-
2026/04/05;03:47:01;93;-; 52.18; 0.0;-; 10.5; 9.5; 0.0;-;-;1524;-0.2; 0.0; 0.0;-8; 21.7;F;1;29;On;On;Off; 22.3; 22.0;0;0;820;0;820;0;634;0;-
2026/04/05;03:48:01;93;-; 52.16; 0.0;-; 10.7; 9.6; 0.0;-;-;1524;-0.2; 0.0; 0.0;-9; 21.7;F;1;29;On;On;Off; 22.3; 22.0;0;0;820;0;820;0;634;0;-
2026/04/05;03:49:01;93;-; 52.16; 0.0;-; 10.8; 9.7; 0.0;-;-;1524;-0.2; 0.0; 0.0;-8; 21.7;F;1;29;On;On;Off; 22.3; 22.0;0;0;820;0;820;0;634;0;-
2026/04/05;03:50:01;93;-; 52.16; 0.0;-; 11.0; 9.9; 0.0;-;-;1524;-0.2; 0.0; 0.0;-8; 21.7;F;1;29;On;On;Off; 22.3; 22.0;0;0;820;0;820;0;634;0;-
2026/04/05;03:51:01;93;-; 52.16; 0.0;-; 11.0; 9.8; 0.0;-;-;1524;-0.2; 0.0; 0.0;-8; 21.7;F;1;29;On;On;Off; 22.3; 22.0;0;0;820;0;820;0;634;0;-
2026/04/05;03:52:01;93;-; 52.16; 0.0;-; 11.0; 9.9; 0.0;-;-;1524;-0.2; 0.0; 0.0;-8; 21.7;F;1;29;On;On;Off; 22.3; 22.0;0;0;820;0;820;0;634;0;-
2026/04/05;03:53:01;93;-; 52.16; 0.0;-; 11.0; 10.0; 0.0;-;-;1524;-0.2; 0.0; 0.0;-8; 21.7;F;1;29;On;On;Off; 22.3; 22.0;0;0;820;0;820;0;634;0;-
2026/04/05;03:54:01;93;-; 52.16; 0.0;-; 11.2; 10.2; 0.0;-;-;1524;-0.2; 0.0; 0.0;-8; 21.7;F;1;29;On;On;Off; 22.3; 22.0;0;0;820;0;820;0;634;0;-
2026/04/05;03:55:01;93;-; 52.16; 0.0;-; 11.3; 10.2; 0.0;-;-;1524;-0.2; 0.0; 0.0;-8; 21.7;F;1;29;On;On;Off; 22.3; 22.0;0;0;820;0;820;0;634;0;-
2026/04/05;03:56:01;93;-; 52.16; 0.0;-; 11.4; 10.2; 0.0;-;-;1524;-0.2; 0.0; 0.0;-9; 21.7;F;1;29;On;On;Off; 22.3; 22.0;0;0;820;0;820;0;634;0;-
2026/04/05;03:57:01;93;-; 52.16; 0.0;-; 11.2; 10.2; 0.0;-;-;1524;-0.2; 0.0; 0.0;-8; 21.7;F;1;29;On;On;Off; 22.3; 22.0;0;0;820;0;820;0;634;0;-
2026/04/05;03:58:01;93;-; 52.14; 0.0;-; 11.2; 10.2; 0.0;-;-;1524;-0.2; 0.0; 0.0;-8; 21.7;F;1;29;On;On;Off; 22.3; 22.0;0;0;820;0;820;0;634;0;-
2026/04/05;03:59:01;93;-; 52.16; 0.0;-; 11.4; 10.3; 0.0;-;-;1524;-0.2; 0.0; 0.0;-8; 21.7;F;1;29;On;On;Off; 22.3; 22.0;0;0;820;0;820;0;634;0;-
2026/04/05;04:00:01;93;-; 52.16; 0.0;-; 11.4; 10.4; 0.0;-;-;1524;-0.2; 0.0; 0.0;-8; 21.7;F;1;29;On;On;Off; 22.3; 22.0;0;0;820;0;820;0;634;0;-
2026/04/05;04:01:01;93;-; 52.16; 0.0;-; 11.7; 10.6; 0.0;-;-;1524;-0.2; 0.0; 0.0;-9; 21.7;F;1;29;On;On;Off; 22.3; 22.0;0;0;820;0;820;0;634;0;-
2026/04/05;04:02:01;93;-; 52.16; 0.0;-; 11.7; 10.6; 0.0;-;-;1524;-0.2; 0.0; 0.0;-9; 21.7;F;1;29;On;On;Off; 22.3; 22.0;0;0;820;0;820;0;634;0;-
2026/04/05;04:03:00;93;-; 52.16; 0.0;-; 11.7; 10.7; 0.0;-;-;1524;-0.2; 0.0; 0.0;-8; 21.7;F;1;29;On;On;Off; 22.3; 22.0;0;0;820;0;820;0;634;0;-
2026/04/05;04:04:00;93;-; 52.16; 0.0;-; 11.7; 10.6; 0.0;-;-;1524;-0.2; 0.0; 0.0;-9; 21.7;F;1;29;On;On;Off; 22.3; 22.0;0;0;820;0;820;0;634;0;-
2026/04/05;04:05:00;93;-; 52.14; 0.0;-; 11.7; 10.5; 0.0;-;-;1524;-0.2; 0.0; 0.0;-9; 21.7;F;1;29;On;On;Off; 22.3; 22.0;0;0;820;0;820;0;634;0;-
2026/04/05;04:06:00;93;-; 52.16; 0.0;-; 11.9; 10.8; 0.0;-;-;1524;-0.2; 0.0; 0.0;-9; 21.7;F;1;29;On;On;Off; 22.3; 22.0;0;0;820;0;820;0;634;0;-
2026/04/05;04:07:00;93;-; 52.16; 0.0;-; 12.1; 11.0; 0.0;-;-;1524;-0.2; 0.0; 0.0;-8; 21.7;F;1;29;On;On;Off; 22.3; 22.0;0;0;820;0;820;0;634;0;-
2026/04/05;04:08:00;93;-; 52.16; 0.0;-; 12.2; 11.1; 0.0;-;-;1524;-0.2; 0.0; 0.0;-9; 21.7;F;1;29;On;On;Off; 22.3; 22.0;0;0;820;0;820;0;634;0;-
2026/04/05;04:09:00;93;-; 52.16; 0.0;-; 12.0; 10.9; 0.0;-;-;1524;-0.2; 0.0; 0.0;-9; 21.7;F;1;29;On;On;Off; 22.3; 22.0;0;0;820;0;820;0;634;0;-
2026/04/05;04:10:00;93;-; 52.16; 0.0;-; 12.2; 11.1; 0.0;-;-;1524;-0.2; 0.0; 0.0;-9; 21.7;F;1;29;On;On;Off; 22.3; 22.0;0;0;820;0;820;0;634;0;-
2026/04/05;04:11:00;93;-; 52.14; 0.0;-; 12.5; 11.4; 0.0;-;-;1524;-0.2; 0.0; 0.0;-8; 21.7;F;1;29;On;On;Off; 22.3; 22.0;0;0;820;0;820;0;634;0;-
2026/04/05;04:12:00;93;-; 52.16; 0.0;-; 12.7; 11.6; 0.0;-;-;1524;-0.2; 0.0; 0.0;-8; 21.7;F;1;29;On;On;Off; 22.3; 22.0;0;0;820;0;820;0;634;0;-
2026/04/05;04:13:00;93;-; 52.16; 0.0;-; 12.7; 11.6; 0.0;-;-;1524;-0.2; 0.0; 0.0;-9; 21.7;F;1;29;On;On;Off; 22.3; 22.0;0;0;820;0;820;0;634;0;-
2026/04/05;04:14:00;93;-; 52.16; 0.0;-; 12.6; 11.4; 0.0;-;-;1524;-0.2; 0.0; 0.0;-9; 21.7;F;1;29;On;On;Off; 22.3; 22.0;0;0;820;0;820;0;634;0;-
2026/04/05;04:15:00;93;-; 52.16; 0.0;-; 12.7; 11.6; 0.0;-;-;1524;-0.2; 0.0; 0.0;-9; 21.7;F;1;29;On;On;Off; 22.3; 22.0;0;0;820;0;820;0;634;0;-
2026/04/05;04:16:00;93;-; 52.16; 0.0;-; 12.9; 11.8; 0.0;-;-;1524;-0.2; 0.0; 0.0;-9; 21.7;F;1;29;On;On;Off; 22.3; 22.0;0;0;820;0;820;0;634;0;-
2026/04/05;04:17:00;93;-; 52.16; 0.0;-; 13.3; 11.9; 0.0;-;-;1524;-0.2; 0.0; 0.0;-9; 21.7;F;1;29;On;On;Off; 22.3; 22.0;0;0;820;0;820;0;634;0;-
2026/04/05;04:18:00;93;-; 52.16; 0.0;-; 13.2; 12.0; 0.0;-;-;1524;-0.2; 0.0; 0.0;-8; 21.7;F;1;29;On;On;Off; 22.3; 22.0;0;0;820;0;820;0;634;0;-
2026/04/05;04:18:59;93;-; 52.16; 0.0;-; 13.2; 12.0; 0.0;-;-;1524;-0.2; 0.0; 0.0;-8; 21.7;F;1;29;On;On;Off; 22.3; 22.0;0;0;820;0;820;0;634;0;-
2026/04/05;04:19:59;93;-; 52.16; 0.0;-; 13.3; 12.2; 0.0;-;-;1524;-0.2; 0.0; 0.0;-9; 21.7;F;1;29;On;On;Off; 22.3; 22.0;0;0;820;0;820;0;634;0;-
2026/04/05;04:20:59;93;-; 52.16; 0.0;-; 13.6; 12.5; 0.0;-;-;1524;-0.2; 0.0; 0.0;-8; 21.7;F;1;29;On;On;Off; 22.3; 22.0;0;0;820;0;820;0;634;0;-
2026/04/05;04:21:59;93;-; 52.16; 0.0;-; 13.7; 12.6; 0.0;-;-;1524;-0.2; 0.0; 0.0;-8; 21.7;F;1;29;On;On;Off; 22.3; 22.0;0;0;820;0;820;0;634;0;-
2026/04/05;04:22:59;93;-; 52.16; 0.0;-; 14.0; 12.7; 0.0;-;-;1524;-0.2; 0.0; 0.0;-8; 21.7;F;1;29;On;On;Off; 22.3; 22.0;0;0;820;0;820;0;634;0;-
2026/04/05;04:23:59;93;-; 52.16; 0.0;-; 14.0; 12.9; 0.0;-;-;1524;-0.2; 0.0; 0.0;-8; 21.7;F;1;29;On;On;Off; 22.3; 22.0;0;0;820;0;820;0;634;0;-
2026/04/05;04:24:59;93;-; 52.16; 0.0;-; 14.1; 12.9; 0.0;-;-;1524;-0.2; 0.0; 0.0;-9; 21.7;F;1;29;On;On;Off; 22.3; 22.0;0;0;820;0;820;0;634;0;-
2026/04/05;04:25:59;93;-; 52.16; 0.0;-; 14.3; 13.2; 0.0;-;-;1524;-0.2; 0.0; 0.0;-8; 21.7;F;1;29;On;On;Off; 22.3; 22.0;0;0;820;0;820;0;634;0;-
2026/04/05;04:26:59;93;-; 52.14; 0.0;-; 14.4; 13.3; 0.0;-;-;1524;-0.2; 0.0; 0.0;-8; 21.7;F;1;29;On;On;Off; 22.3; 22.0;0;0;820;0;820;0;634;0;-
2026/04/05;04:27:59;93;-; 52.14; 0.0;-; 14.8; 13.5; 0.0;-;-;1524;-0.2; 0.0; 0.0;-8; 21.7;F;1;29;On;On;Off; 22.3; 22.0;0;0;820;0;820;0;634;0;-
2026/04/05;04:28:59;93;-; 52.14; 0.0;-; 14.9; 13.8; 0.0;-;-;1524;-0.2; 0.0; 0.0;-9; 21.7;F;1;29;On;On;Off; 22.3; 22.0;0;0;820;0;820;0;634;0;-
2026/04/05;04:29:59;93;-; 52.16; 0.0;-; 15.0; 13.9; 0.0;-;-;1524;-0.2; 0.0; 0.0;-8; 21.7;F;1;29;On;On;Off; 22.3; 22.0;0;0;820;0;820;0;634;0;-
2026/04/05;04:30:59;93;-; 52.16; 0.0;-; 15.3; 14.2; 0.0;-;-;1524;-0.2; 0.0; 0.0;-8; 21.7;F;1;29;On;On;Off; 22.3; 22.0;0;0;820;0;820;0;634;0;-
2026/04/05;04:31:59;93;-; 52.16; 0.0;-; 15.4; 14.2; 0.0;-;-;1524;-0.2; 0.0; 0.0;-9; 21.7;F;1;29;On;On;Off; 22.3; 22.0;0;0;820;0;820;0;634;0;-
2026/04/05;04:32:59;93;-; 52.14; 0.0;-; 15.6; 14.6; 0.0;-;-;1524;-0.2; 0.0; 0.0;-9; 21.7;F;1;29;On;On;Off; 22.3; 22.0;0;0;820;0;820;0;634;0;-
2026/04/05;04:33:59;93;-; 52.16; 0.0;-; 15.8; 14.6; 0.0;-;-;1524;-0.2; 0.0; 0.0;-9; 21.7;F;1;29;On;On;Off; 22.3; 22.0;0;0;820;0;820;0;634;0;-
2026/04/05;04:34:58;93;-; 52.16; 0.0;-; 16.2; 15.2; 0.0;-;-;1525;-0.2; 0.0; 0.0;-9; 21.7;F;1;29;On;On;Off; 22.3; 22.0;0;0;820;0;820;0;634;0;-
2026/04/05;04:35:58;93;-; 52.16; 0.0;-; 16.8; 15.8; 0.0;-;-;1525;-0.2; 0.0; 0.0;-9; 21.7;F;1;29;On;On;Off; 22.3; 22.0;0;0;820;0;820;0;634;0;-
2026/04/05;04:36:58;93;-; 52.16; 0.0;-; 17.6; 16.3; 0.0;-;-;1525;-0.2; 0.0; 0.0;-9; 21.7;F;1;29;On;On;Off; 22.3; 22.0;0;0;820;0;820;0;634;0;-
2026/04/05;04:37:58;93;-; 52.16; 0.0;-; 18.4; 17.1; 0.0;-;-;1525;-0.2; 0.0; 0.0;-9; 21.7;F;1;29;On;On;Off; 22.3; 22.0;0;0;820;0;820;0;634;0;-
2026/04/05;04:38:58;93;-; 52.16; 0.0;-; 19.1; 17.9; 0.0;-;-;1525;-0.2; 0.0; 0.0;-8; 21.7;F;1;29;On;On;Off; 22.3; 22.0;0;0;820;0;820;0;634;0;-
2026/04/05;04:39:58;93;-; 52.16; 0.0;-; 19.6; 18.5; 0.0;-;-;1525;-0.2; 0.0; 0.0;-8; 21.7;F;1;29;On;On;Off; 22.3; 22.0;0;0;820;0;820;0;634;0;-
2026/04/05;04:40:58;93;-; 52.14; 0.0;-; 20.3; 19.1; 0.0;-;-;1525;-0.2; 0.0; 0.0;-8; 21.7;F;1;29;On;On;Off; 22.3; 22.0;0;0;820;0;820;0;634;0;-
2026/04/05;04:41:58;93;-; 52.16; 0.0;-; 20.6; 19.5; 0.0;-;-;1525;-0.2; 0.0; 0.0;-8; 21.7;F;1;29;On;On;Off; 22.3; 22.0;0;0;820;0;820;0;634;0;-
2026/04/05;04:42:58;93;-; 52.16; 0.0;-; 21.1; 19.9; 0.0;-;-;1525;-0.2; 0.0; 0.0;-8; 21.7;F;1;29;On;On;Off; 22.3; 22.0;0;0;820;0;820;0;634;0;-
2026/04/05;04:43:58;93;-; 52.16; 0.0;-; 21.6; 20.4; 0.0;-;-;1525;-0.2; 0.0; 0.0;-9; 21.7;F;1;29;On;On;Off; 22.3; 22.0;0;0;820;0;820;0;634;0;-
2026/04/05;04:44:58;93;-; 52.16; 0.0;-; 22.1; 20.9; 0.0;-;-;1525;-0.2; 0.0; 0.0;-8; 21.7;F;1;29;On;On;Off; 22.3; 22.0;0;0;820;0;820;0;634;0;-
2026/04/05;04:45:58;93;-; 52.14; 0.0;-; 22.7; 21.6; 0.0;-;-;1525;-0.2; 0.0; 0.0;-9; 21.7;F;1;29;On;On;Off; 22.3; 22.0;0;0;820;0;820;0;634;0;-
2026/04/05;04:46:58;93;-; 52.16; 0.0;-; 23.3; 22.2; 0.0;-;-;1525;-0.2; 0.0; 0.0;-9; 21.8;F;1;29;On;On;Off; 22.3; 22.0;0;0;820;0;820;0;634;0;-
2026/04/05;04:47:58;93;-; 52.16; 0.0;-; 24.0; 22.9; 0.0;-;-;1525;-0.2; 0.0; 0.0;-8; 21.8;F;1;29;On;On;Off; 22.3; 22.0;0;0;820;0;820;0;634;0;-
2026/04/05;04:48:58;93;-; 52.16; 0.0;-; 24.9; 23.8; 0.0;-;-;1525;-0.2; 0.0; 0.0;-9; 21.8;F;1;29;On;On;Off; 22.3; 22.0;0;0;820;0;820;0;634;0;-
2026/04/05;04:49:57;93;-; 52.16; 0.0;-; 26.1; 24.9; 0.0;-;-;1525;-0.2; 0.0; 0.0;-8; 21.7;F;1;29;On;On;Off; 22.3; 22.0;0;0;820;0;820;0;634;0;-
2026/04/05;04:50:57;92;-; 52.16; 0.0;-; 27.3; 26.1; 0.0;-;-;1525;-0.2; 0.0; 0.0;-9; 21.7;F;1;29;On;On;Off; 22.3; 22.0;0;0;820;0;820;0;634;0;-
2026/04/05;04:51:57;92;-; 52.16; 0.0;-; 28.5; 27.5; 0.0;-;-;1525;-0.2; 0.0; 0.0;-8; 21.7;F;1;29;On;On;Off; 22.3; 22.0;0;0;820;0;820;0;634;0;-
2026/04/05;04:52:57;92;-; 52.16; 0.0;-; 30.1; 28.8; 0.0;-;-;1525;-0.2; 0.0; 0.0;-8; 21.8;F;1;29;On;On;Off; 22.3; 22.0;0;0;820;0;820;0;634;0;-
2026/04/05;04:53:57;92;-; 52.16; 0.0;-; 31.8; 30.6; 0.0;-;-;1525;-0.2; 0.0; 0.0;-8; 21.8;F;1;29;On;On;Off; 22.3; 22.0;0;0;820;0;820;0;634;0;-
2026/04/05;04:54:57;92;-; 52.16; 0.0;-; 33.7; 32.5; 0.0;-;-;1525;-0.2; 0.0; 0.0;-8; 21.7;F;1;29;On;On;Off; 22.3; 22.0;0;0;820;0;820;0;634;0;-
2026/04/05;04:55:57;92;-; 52.16; 0.0;-; 35.3; 34.1; 0.0;-;-;1525;-0.2; 0.0; 0.0;-9; 21.7;F;1;29;On;On;Off; 22.3; 22.0;0;0;820;0;820;0;634;0;-
2026/04/05;04:56:57;92;-; 52.16; 0.0;-; 36.6; 35.3; 0.0;-;-;1525;-0.2; 0.0; 0.0;-9; 21.8;F;1;29;On;On;Off; 22.3; 22.0;0;0;820;0;820;0;634;0;-
2026/04/05;04:57:57;92;-; 52.16; 0.0;-; 37.8; 36.6; 0.0;-;-;1525;-0.2; 0.0; 0.0;-9; 21.8;F;1;29;On;On;Off; 22.3; 22.0;0;0;820;0;820;0;634;0;-
2026/04/05;04:58:57;92;-; 52.14; 0.0;-; 39.1; 37.9; 0.0;-;-;1525;-0.2; 0.0; 0.0;-9; 21.7;F;1;29;On;On;Off; 22.3; 22.0;0;0;820;0;820;0;634;0;-
2026/04/05;04:59:57;92;-; 52.16; 0.0;-; 40.3; 39.1; 0.0;-;-;1525;-0.2; 0.0; 0.0;-8; 21.8;F;1;29;On;On;Off; 22.3; 22.0;0;0;820;0;820;0;634;0;-
2026/04/05;05:00:57;92;-; 52.16; 0.0;-; 41.8; 40.5; 0.0;-;-;1525;-0.2; 0.0; 0.0;-9; 21.8;F;1;29;On;On;Off; 22.3; 22.0;0;0;820;0;820;0;634;0;-
2026/04/05;05:01:57;92;-; 52.16; 0.0;-; 43.2; 42.0; 0.0;-;-;1525;-0.2; 0.0; 0.0;-8; 21.8;F;1;29;On;On;Off; 22.3; 22.0;0;0;820;0;820;0;634;0;-
2026/04/05;05:02:57;92;-; 52.16; 0.0;-; 44.4; 43.3; 0.0;-;-;1525;-0.2; 0.0; 0.0;-8; 21.8;F;1;29;On;On;Off; 22.3; 22.0;0;0;820;0;820;0;634;0;-
2026/04/05;05:03:57;92;-; 52.16; 0.0;-; 45.6; 44.4; 0.0;-;-;1525;-0.2; 0.0; 0.0;-8; 21.7;F;1;29;On;On;Off; 22.3; 22.0;0;0;820;0;820;0;634;0;-
2026/04/05;05:04:57;92;-; 52.16; 0.0;-; 46.4; 45.5; 0.0;-;-;1525;-0.2; 0.0; 0.0;-8; 21.7;F;1;29;On;On;Off; 22.3; 22.0;0;0;820;0;820;0;634;0;-
2026/04/05;05:05:56;92;-; 52.14; 0.0;-; 47.3; 46.3; 0.0;-;-;1525;-0.2; 0.0; 0.0;-8; 21.7;F;1;29;On;On;Off; 22.3; 22.0;0;0;820;0;820;0;634;0;-
2026/04/05;05:06:56;92;-; 52.14; 0.0;-; 48.4; 47.4; 0.0;-;-;1525;-0.2; 0.0; 0.0;-9; 21.7;F;1;29;On;On;Off; 22.3; 22.0;0;0;820;0;820;0;634;0;-
2026/04/05;05:07:56;92;-; 52.14; 0.0;-; 49.6; 48.5; 0.0;-;-;1525;-0.2; 0.0; 0.0;-8; 21.7;F;1;29;On;On;Off; 22.3; 22.0;0;0;820;0;820;0;634;0;-
2026/04/05;05:08:56;92;-; 52.16; 0.0;-; 50.7; 49.8; 0.0;-;-;1525;-0.2; 0.0; 0.0;-8; 21.7;F;1;29;On;On;Off; 22.3; 22.0;0;0;820;0;820;0;634;0;-
2026/04/05;05:09:56;92;-; 52.16; 0.0;-; 51.8; 51.0; 0.0;-;-;1525;-0.2; 0.0; 0.0;-8; 21.8;F;1;29;On;On;Off; 22.3; 22.0;0;0;820;0;820;0;634;0;-
2026/04/05;05:10:56;92;-; 52.16; 0.0;-; 52.7; 52.0; 0.0;-;-;1525;-0.2; 0.0; 0.0;-8; 21.7;F;1;29;On;On;Off; 22.3; 22.0;0;0;820;0;820;0;634;0;-
2026/04/05;05:11:56;92;-; 52.14; 0.0;-; 53.6; 52.8; 0.0;-;-;1525;-0.2; 0.0; 0.0;-8; 21.8;F;1;29;On;On;Off; 22.3; 22.0;0;0;820;0;820;0;634;0;-
2026/04/05;05:12:56;92;-; 52.16; 0.0;-; 54.2; 53.6; 0.0;-;-;1525;-0.2; 0.0; 0.0;-8; 21.8;F;1;29;On;On;Off; 22.3; 22.0;0;0;820;0;820;0;634;0;-
2026/04/05;05:13:56;92;-; 52.14; 0.0;-; 54.8; 54.1; 0.0;-;-;1525;-0.2; 0.0; 0.0;-8; 21.7;F;1;29;On;On;Off; 22.3; 22.0;0;0;820;0;820;0;634;0;-
2026/04/05;05:14:56;92;-; 52.14; 0.0;-; 55.5; 54.9; 0.0;-;-;1525;-0.2; 0.0; 0.0;-8; 21.7;F;1;29;On;On;Off; 22.3; 22.0;0;0;820;0;820;0;634;0;-
2026/04/05;05:15:56;92;-; 52.14; 0.0;-; 56.1; 55.6; 0.0;-;-;1525;-0.2; 0.0; 0.0;-8; 21.7;F;1;29;On;On;Off; 22.3; 22.0;0;0;820;0;820;0;634;0;-
2026/04/05;05:16:56;92;-; 52.14; 0.0;-; 56.8; 56.3; 0.0;-;-;1525;-0.2; 0.0; 0.0;-8; 21.7;F;1;29;On;On;Off; 22.3; 22.0;0;0;820;0;820;0;634;0;-
2026/04/05;05:17:56;92;-; 52.14; 0.0;-; 57.5; 56.8; 0.0;-;-;1525;-0.2; 0.0; 0.0;-8; 21.7;F;1;29;On;On;Off; 22.3; 22.0;0;0;820;0;820;0;634;0;-
2026/04/05;05:18:56;92;-; 52.14; 0.0;-; 58.0; 57.5; 0.0;-;-;1525;-0.2; 0.0; 0.0;-8; 21.7;F;1;29;On;On;Off; 22.3; 22.0;0;0;820;0;820;0;634;0;-
2026/04/05;05:19:56;92;-; 52.14; 0.0;-; 58.4; 58.0; 0.0;-;-;1525;-0.2; 0.0; 0.0;-8; 21.7;F;1;29;On;On;Off; 22.3; 22.0;0;0;820;0;820;0;634;0;-
2026/04/05;05:20:56;92;-; 52.14; 0.0;-; 58.9; 58.3; 0.0;-;-;1525;-0.2; 0.0; 0.0;-9; 21.7;F;1;29;On;On;Off; 22.3; 22.0;0;0;820;0;820;0;634;0;-
2026/04/05;05:21:55;92;-; 52.14; 0.0;-; 59.3; 58.9; 0.0;-;-;1525;-0.2; 0.0; 0.0;-8; 21.7;F;1;29;On;On;Off; 22.3; 22.0;0;0;820;0;820;0;634;0;-
2026/04/05;05:22:55;92;-; 52.14; 0.0;-; 59.8; 59.2; 0.0;-;-;1525;-0.2; 0.0; 0.0;-9; 21.7;F;1;29;On;On;Off; 22.3; 21.9;0;0;820;0;820;0;634;0;-
2026/04/05;05:23:55;92;-; 52.14; 0.0;-; 60.1; 59.8; 0.0;-;-;1525;-0.2; 0.0; 0.0;-8; 21.7;F;1;29;On;On;Off; 22.3; 22.0;0;0;820;0;820;0;634;0;-
2026/04/05;05:24:55;92;-; 52.14; 0.0;-; 60.7; 60.1; 0.0;-;-;1525;-0.2; 0.0; 0.0;-8; 21.7;F;1;29;On;On;Off; 22.3; 22.0;0;0;820;0;820;0;634;0;-
2026/04/05;05:25:55;92;-; 52.14; 0.0;-; 61.1; 60.7; 0.0;-;-;1525;-0.2; 0.0; 0.0;-8; 21.7;F;1;29;On;On;Off; 22.3; 21.9;0;0;820;0;820;0;634;0;-
2026/04/05;05:26:55;92;-; 52.14; 0.0;-; 61.3; 61.1; 0.0;-;-;1525;-0.2; 0.0; 0.0;-8; 21.7;F;1;29;On;On;Off; 22.3; 22.0;0;0;820;0;820;0;634;0;-
2026/04/05;05:27:55;92;-; 52.14; 0.0;-; 61.7; 61.3; 0.0;-;-;1525;-0.2; 0.0; 0.0;-9; 21.7;F;1;29;On;On;Off; 22.3; 21.9;0;0;820;0;820;0;634;0;-
2026/04/05;05:28:55;92;-; 52.14; 0.0;-; 61.9; 61.6; 0.0;-;-;1525;-0.2; 0.0; 0.0;-8; 21.7;F;1;29;On;On;Off; 22.3; 22.0;0;0;820;0;820;0;634;0;-
2026/04/05;05:29:55;92;-; 52.14; 0.0;-; 62.2; 61.7; 0.0;-;-;1525;-0.2; 0.0; 0.0;-8; 21.7;F;1;29;On;On;Off; 22.3; 22.0;0;0;820;0;820;0;634;0;-
2026/04/05;05:30:55;92;-; 52.14; 0.0;-; 62.4; 61.9; 0.0;-;-;1525;-0.2; 0.0; 0.0;-8; 21.7;F;1;29;On;On;Off; 22.3; 22.0;0;0;820;0;820;0;634;0;-
2026/04/05;05:31:55;92;-; 52.14; 0.0;-; 62.6; 62.3; 0.0;-;-;1525;-0.2; 0.0; 0.0;-8; 21.7;F;1;29;On;On;Off; 22.3; 22.0;0;0;820;0;820;0;634;0;-
2026/04/05;05:32:55;92;-; 52.14; 0.0;-; 63.0; 62.6; 0.0;-;-;1525;-0.2; 0.0; 0.0;-8; 21.7;F;1;29;On;On;Off; 22.3; 21.9;0;0;820;0;820;0;634;0;-
2026/04/05;05:33:55;92;-; 52.12; 0.0;-; 63.4; 63.2; 0.0;-;-;1525;-0.2; 0.0; 0.0;-8; 21.7;F;1;29;On;On;Off; 22.3; 22.0;0;0;820;0;820;0;634;0;-
2026/04/05;05:34:55;92;-; 52.14; 0.0;-; 63.9; 63.5; 0.0;-;-;1526;-0.2; 0.0; 0.0;-8; 21.7;F;1;29;On;On;Off; 22.3; 21.9;0;0;820;0;820;0;634;0;-
2026/04/05;05:35:55;92;-; 52.14; 0.0;-; 64.4; 64.0; 0.0;-;-;1526;-0.2; 0.0; 0.0;-8; 21.7;F;1;29;On;On;Off; 22.3; 22.0;0;0;820;0;820;0;634;0;-
2026/04/05;05:36:55;92;-; 52.14; 0.0;-; 64.7; 64.4; 0.0;-;-;1526;-0.2; 0.0; 0.0;-8; 21.7;F;1;29;On;On;Off; 22.3; 22.0;0;0;820;0;820;0;634;0;-
2026/04/05;05:37:54;92;-; 52.14; 0.0;-; 65.1; 64.7; 0.0;-;-;1526;-0.2; 0.0; 0.0;-8; 21.7;F;1;29;On;On;Off; 22.3; 21.9;0;0;820;0;820;0;634;0;-
2026/04/05;05:38:54;92;-; 52.14; 0.0;-; 65.5; 65.2; 0.0;-;-;1526;-0.2; 0.0; 0.0;-8; 21.7;F;1;29;On;On;Off; 22.3; 22.0;0;0;820;0;820;0;634;0;-
2026/04/05;05:39:54;92;-; 52.14; 0.0;-; 65.8; 65.4; 0.0;-;-;1526;-0.2; 0.0; 0.0;-8; 21.7;F;1;29;On;On;Off; 22.3; 21.9;0;0;820;0;820;0;634;0;-
2026/04/05;05:40:54;92;-; 52.14; 0.0;-; 66.1; 65.8; 0.0;-;-;1526;-0.2; 0.0; 0.0;-8; 21.7;F;1;29;On;On;Off; 22.3; 21.9;0;0;820;0;820;0;634;0;-
2026/04/05;05:41:54;92;-; 52.14; 0.0;-; 66.4; 66.0; 0.0;-;-;1526;-0.2; 0.0; 0.0;-8; 21.7;F;1;29;On;On;Off; 22.3; 22.0;0;0;820;0;820;0;634;0;-
2026/04/05;05:42:54;92;-; 52.12; 0.0;-; 66.6; 66.3; 0.0;-;-;1526;-0.2; 0.0; 0.0;-8; 21.7;F;1;29;On;On;Off; 22.3; 22.0;0;0;820;0;820;0;634;0;-
2026/04/05;05:43:54;92;-; 52.14; 0.0;-; 66.7; 66.5; 0.0;-;-;1526;-0.2; 0.0; 0.0;-8; 21.7;F;1;29;On;On;Off; 22.3; 21.9;0;0;820;0;820;0;634;0;-
2026/04/05;05:44:54;92;-; 52.14; 0.0;-; 66.9; 66.6; 0.0;-;-;1526;-0.2; 0.0; 0.0;-8; 21.7;F;1;29;On;On;Off; 22.3; 21.9;0;0;820;0;820;0;634;0;-
2026/04/05;05:45:54;92;-; 52.14; 0.0;-; 66.9; 66.6; 0.0;-;-;1526;-0.2; 0.0; 0.0;-8; 21.7;F;1;29;On;On;Off; 22.3; 21.9;0;0;820;0;820;0;634;0;-
2026/04/05;05:46:54;92;-; 52.12; 0.0;-; 67.1; 66.7; 0.0;-;-;1526;-0.2; 0.0; 0.0;-9; 21.7;F;1;29;On;On;Off; 22.3; 21.9;0;0;820;0;820;0;634;0;-
2026/04/05;05:47:54;92;-; 52.14; 0.0;-; 67.1; 66.9; 0.0;-;-;1526;-0.2; 0.0; 0.0;-8; 21.7;F;1;29;On;On;Off; 22.3; 22.0;0;0;820;0;820;0;634;0;-
2026/04/05;05:48:54;92;-; 52.14; 0.0;-; 67.4; 66.9; 0.0;-;-;1526;-0.2; 0.0; 0.0;-9; 21.7;F;1;29;On;On;Off; 22.3; 21.9;0;0;820;0;820;0;634;0;-
2026/04/05;05:49:54;92;-; 52.14; 0.0;-; 67.5; 67.2; 0.0;-;-;1526;-0.2; 0.0; 0.0;-9; 21.7;F;1;29;On;On;Off; 22.3; 21.9;0;0;820;0;820;0;634;0;-
2026/04/05;05:50:54;92;-; 52.18; 0.0;-; 67.6; 67.3; 0.0;-;-;1526;-0.2; 0.0; 0.0;-9; 21.7;F;1;29;On;On;Off; 22.3; 21.9;0;0;820;0;820;0;634;1;-
2026/04/05;05:51:54;92;-; 52.16; 0.0;-; 67.9; 67.7; 0.0;-;-;1526;-0.2; 0.0; 0.0;-9; 21.7;F;1;29;On;On;Off; 22.3; 21.9;0;0;820;0;820;0;634;1;-
2026/04/05;05:52:54;92;-; 52.16; 0.0;-; 68.2; 68.2; 0.0;-;-;1526;-0.2; 0.0; 0.0;-9; 21.7;F;1;29;On;On;Off; 22.3; 22.0;0;0;820;0;820;0;634;1;-
2026/04/05;05:53:53;92;-; 52.16; 0.0;-; 68.7; 68.4; 0.0;-;-;1526;-0.2; 0.0; 0.0;-7; 21.7;F;1;29;On;On;Off; 22.3; 22.0;0;0;820;0;820;0;634;1;-
2026/04/05;05:54:53;92;-; 52.16; 0.0;-; 68.9; 68.7; 0.0;-;-;1526;-0.1; 0.0; 0.0;-7; 21.7;F;1;29;On;On;Off; 22.3; 22.0;0;0;820;0;820;0;634;1;-
2026/04/05;05:55:53;92;-; 52.16; 0.0;-; 69.2; 69.1; 0.0;-;-;1526;-0.1; 0.0; 0.0;-7; 21.7;F;1;29;On;On;Off; 22.3; 22.0;0;0;820;0;820;0;634;1;-
2026/04/05;05:56:53;92;-; 52.16; 0.0;-; 69.3; 69.2; 0.0;-;-;1526;-0.1; 0.0; 0.0;-7; 21.7;F;1;29;On;On;Off; 22.3; 22.0;0;0;820;0;820;0;634;1;-
2026/04/05;05:57:53;92;-; 52.16; 0.0;-; 69.6; 69.4; 0.0;-;-;1526;-0.1; 0.0; 0.0;-7; 21.7;F;1;29;On;On;Off; 22.3; 22.0;0;0;820;0;820;0;634;1;-
2026/04/05;05:58:53;92;-; 52.12; 0.2;-; 68.0; 69.7; 8.4; 8.4;-;1526;-0.1; 0.1; 0.1;-5; 21.7;F;1;29;On;On;Off; 23.9; 22.0;0;0;820;0;820;0;634;1;-
2026/04/05;05:59:53;92;-; 52.08; 0.3;-; 67.8; 67.8; 17.4; 9.1; 8.3;1526; 0.0; 0.3; 0.3;0; 21.8;F;1;29;On;On;Off; 24.6; 24.0;0;0;820;0;820;0;634;1;-
2026/04/05;06:00:53;92;-; 52.08; 0.0;-; 70.1; 70.0; 0.7; 0.7; 0.0;1526;-0.0; 0.2; 0.2;-1; 21.7;F;1;29;On;On;Off; 23.3; 24.4;0;0;820;0;820;0;634;1;-
2026/04/05;06:01:53;92;-; 52.08; 0.2;-; 67.9; 70.2; 9.7; 9.7; 0.0;1526;-0.2; 0.0; 0.0;-8; 21.7;F;1;29;On;On;Off; 23.5; 22.7;0;0;820;0;820;0;634;1;-
2026/04/05;06:02:53;92;-; 52.06; 0.4;-; 67.9; 67.7; 21.0; 10.5; 10.5;1526; 0.0; 0.3; 0.3;1; 21.8;F;1;29;On;On;Off; 24.9; 23.9;0;0;820;0;820;0;634;1;-
2026/04/05;06:03:53;92;-; 52.06; 0.2;-; 70.6; 67.9; 10.5; 0.0; 10.5;1526; 0.1; 0.3; 0.3;4; 21.7;F;1;29;On;On;Off; 24.0; 24.9;0;0;820;0;820;0;634;1;-
2026/04/05;06:04:53;92;-; 52.08; 0.0;-; 70.6; 70.4; 0.7; 0.0; 0.7;1526;-0.1; 0.1; 0.1;-5; 21.7;F;1;29;On;On;Off; 23.5; 23.3;0;0;820;0;820;0;634;1;-
2026/04/05;06:05:53;92;-; 52.06; 0.2;-; 68.4; 70.5; 10.5; 10.5; 0.0;1526;-0.0; 0.2; 0.2;-1; 21.7;F;1;29;On;On;Off; 25.1; 23.0;0;0;820;0;820;0;634;1;-
2026/04/05;06:06:53;92;-; 52.08; 0.2;-; 70.8; 67.8; 12.5; 0.7; 11.8;1526; 0.2; 0.4; 0.4;9; 21.7;F;1;29;On;On;Off; 25.4; 25.1;0;0;820;0;820;0;634;1;-
2026/04/05;06:07:53;92;-; 52.06; 0.0;-; 70.8; 70.8; 1.4; 0.7; 0.7;1526;-0.0; 0.2; 0.2;0; 21.7;F;1;29;On;On;Off; 24.0; 24.2;0;0;820;0;820;0;634;1;-
2026/04/05;06:08:53;92;-; 52.06; 0.2;-; 67.9; 70.8; 12.6; 12.6; 0.0;1526;-0.1; 0.1; 0.1;-4; 21.7;F;1;29;On;On;Off; 25.1; 23.3;0;0;820;0;820;0;634;1;-
2026/04/05;06:09:52;92;-; 52.08; 0.5;-; 67.8; 67.8; 25.8; 13.2; 12.6;1526; 0.2; 0.4; 0.4;10; 21.7;F;1;29;On;On;Off; 25.8; 25.1;0;0;820;0;820;0;634;1;-
2026/04/05;06:10:52;92;-; 52.10; 0.3;-; 71.4; 67.8; 14.0; 0.0; 14.0;1526; 0.2; 0.3; 0.3;9; 21.8;F;1;29;On;On;Off; 24.4; 25.5;0;0;820;0;820;0;634;1;-
2026/04/05;06:11:52;92;-; 52.08; 0.2;-; 69.8; 71.6; 11.8; 11.2; 0.7;1526;-0.1; 0.1; 0.1;-6; 21.8;F;1;29;On;On;Off; 24.2; 23.7;0;0;820;0;820;0;634;1;-
2026/04/05;06:12:52;92;-; 52.12; 0.6;-; 67.9; 67.8; 32.2; 16.1; 16.1;1526; 0.2; 0.3; 0.3;10; 21.8;F;1;29;On;On;Off; 25.8; 24.5;0;0;820;0;820;0;634;1;-
2026/04/05;06:13:52;92;-; 52.22; 0.7;-; 68.0; 68.0; 35.7; 17.5; 18.2;1526; 0.7; 0.6; 0.6;33; 21.8;F;1;29;On;On;Off; 26.3; 25.7;0;0;820;0;820;0;634;1;-
2026/04/05;06:14:52;92;-; 52.28; 0.8;-; 68.2; 67.9; 39.3; 19.6; 19.6;1526; 0.8; 0.7; 0.7;40; 21.8;F;1;29;On;On;Off; 26.6; 26.1;0;0;820;0;820;0;634;1;-
2026/04/05;06:15:52;92;-; 52.37; 0.8;-; 70.2; 68.2; 39.3; 17.6; 21.8;1526; 0.9; 0.8; 0.8;46; 21.8;F;1;29;On;On;Off; 26.8; 26.3;0;0;820;0;820;0;634;1;-
2026/04/05;06:16:52;92;-; 52.49; 0.9;-; 68.5; 68.2; 49.3; 24.6; 24.6;1526; 1.1; 0.9; 0.9;54; 21.8;F;1;29;On;On;Off; 27.0; 26.4;0;0;820;0;820;0;634;1;-
2026/04/05;06:17:52;92;-; 52.65; 1.1;-; 68.7; 68.5; 57.2; 28.9; 28.3;1526; 1.3; 1.0; 1.0;68; 21.8;F;1;29;On;On;Off; 27.2; 26.6;0;0;820;0;820;0;634;1;-
2026/04/05;06:18:52;92;-; 52.85; 1.2;-; 69.0; 68.7; 65.2; 32.6; 32.6;1526; 1.6; 1.1; 1.1;84; 21.8;F;1;29;On;On;Off; 27.3; 26.8;0;0;820;0;820;0;634;1;-
2026/04/05;06:19:52;92;-; 53.08; 1.4;-; 69.2; 69.2; 72.0; 36.3; 35.6;1526; 1.9; 1.3; 1.3;99; 21.8;F;1;29;On;On;Off; 27.5; 26.9;0;0;820;0;820;0;634;1;-
2026/04/05;06:20:52;92;-; 53.38; 1.5;-; 69.6; 69.5; 79.5; 39.4; 40.1;1526; 2.2; 1.4; 1.4;115; 21.8;F;1;29;On;On;Off; 27.6; 27.1;0;0;820;0;820;0;634;1;-
2026/04/05;06:21:52;92;-; 53.76; 1.6;-; 70.1; 70.0; 87.3; 44.0; 43.3;1526; 2.5; 1.5; 1.5;129; 21.8;F;1;29;On;On;Off; 27.8; 27.2;0;0;820;0;820;0;634;1;-
2026/04/05;06:22:52;92;-; 54.19; 1.7;-; 70.7; 70.6; 93.8; 46.5; 47.3;1526; 2.7; 1.7; 1.7;144; 21.8;F;1;29;On;On;Off; 27.9; 27.4;0;0;820;0;820;0;634;1;-
2026/04/05;06:23:52;92;-; 54.70; 1.8;-; 71.3; 71.1; 99.8; 49.9; 49.9;1526; 2.9; 1.8; 1.8;156; 21.8;F;1;29;On;On;Off; 28.1; 27.5;0;0;820;0;820;0;634;1;-
2026/04/05;06:24:52;92;-; 55.22; 1.8;-; 72.0; 71.8; 100.0; 49.6; 50.4;1526; 3.0; 1.8; 1.8;161; 21.8;F;1;29;On;On;Off; 28.2; 27.7;0;0;820;0;820;0;634;1;-
2026/04/05;06:25:51;92;-; 55.71; 1.7;-; 72.5; 72.4; 95.7; 47.8; 47.8;1526; 2.9; 1.7; 1.7;156; 21.8;F;1;29;On;On;Off; 28.3; 27.8;0;0;820;0;820;0;634;1;-
2026/04/05;06:26:51;92;-; 56.08; 1.6;-; 73.2; 73.0; 91.1; 45.2; 45.9;1526; 2.7; 1.7; 1.7;148; 21.8;F;1;29;On;On;Off; 28.5; 28.0;0;0;820;0;820;0;634;1;-
2026/04/05;06:27:51;92;-; 56.10; 1.4;-; 74.4; 73.0; 76.1; 32.4; 43.7;1526; 2.5; 1.5; 1.5;137; 21.8;F;1;29;On;On;Off; 28.6; 28.1;0;0;820;0;820;0;634;1;-
2026/04/05;06:28:51;92;-; 56.20; 1.4;-; 73.2; 73.2; 81.4; 40.7; 40.7;1526; 2.2; 1.4; 1.4;121; 21.8;F;1;29;On;On;Off; 28.7; 28.2;0;0;820;0;820;0;634;1;-
2026/04/05;06:29:51;92;-; 56.18; 1.3;-; 73.2; 73.1; 73.1; 36.2; 36.9;1526; 2.0; 1.3; 1.3;112; 21.8;F;1;29;On;On;Off; 28.8; 28.3;0;0;820;0;820;0;634;1;-
2026/04/05;06:30:51;92;-; 56.10; 1.2;-; 73.2; 73.0; 68.5; 33.9; 34.6;1526; 1.8; 1.2; 1.2;101; 21.8;F;1;29;On;On;Off; 28.9; 28.4;0;0;820;0;820;0;634;1;-
2026/04/05;06:31:51;93;-; 56.04; 1.2;-; 73.1; 72.9; 64.7; 32.3; 32.3;1526; 1.7; 1.2; 1.2;92; 21.8;F;1;29;On;On;Off; 29.0; 28.5;0;0;820;0;820;0;634;1;-
2026/04/05;06:32:51;93;-; 56.04; 1.1;-; 73.1; 73.0; 63.9; 31.6; 32.3;1526; 1.6; 1.1; 1.1;88; 21.8;F;1;29;On;On;Off; 29.1; 28.6;0;0;820;0;820;0;634;1;-
2026/04/05;06:33:51;93;-; 56.14; 1.2;-; 73.2; 73.1; 64.8; 32.4; 32.4;1526; 1.6; 1.1; 1.1;86; 21.8;F;1;29;On;On;Off; 29.2; 28.7;0;0;820;0;820;0;634;1;-
2026/04/05;06:34:51;93;-; 56.28; 0.6;-; 75.8; 73.6; 34.0; 0.0; 34.0;1527; 1.6; 1.1; 1.1;89; 21.8;F;1;29;On;On;Off; 29.3; 28.8;0;0;820;0;820;0;634;1;-
2026/04/05;06:35:51;93;-; 56.46; 0.7;-; 73.8; 75.9; 40.1; 36.4; 3.8;1527; 1.6; 1.1; 1.1;89; 21.8;F;1;29;On;On;Off; 29.4; 28.8;0;0;820;0;820;0;634;1;-
2026/04/05;06:36:51;93;-; 56.54; 1.0;-; 74.8; 74.8; 58.4; 37.2; 21.2;1527; 1.5; 1.1; 1.1;84; 21.8;F;1;29;On;On;Off; 29.5; 28.9;0;0;820;0;820;0;634;1;-
2026/04/05;06:37:51;93;-; 56.54; 1.0;-; 76.3; 73.7; 55.4; 15.2; 40.2;1527; 1.4; 1.0; 1.0;80; 21.8;F;1;29;On;On;Off; 29.6; 29.0;0;0;820;0;820;0;634;1;-
2026/04/05;06:38:51;93;-; 56.56; 0.9;-; 74.4; 76.4; 53.1; 42.5; 10.6;1527; 1.4; 1.0; 1.0;77; 21.8;F;1;29;On;On;Off; 29.6; 29.1;0;0;820;0;820;1;635;1;-
2026/04/05;06:39:51;93;-; 56.56; 1.0;-; 76.9; 73.7; 56.9; 0.0; 56.9;1527; 1.3; 1.0; 1.0;74; 21.8;F;1;29;On;On;Off; 29.7; 29.2;0;0;820;0;820;1;635;1;-
2026/04/05;06:40:50;93;-; 56.56; 1.0;-; 74.7; 76.6; 54.6; 40.2; 14.4;1527; 1.3; 1.0; 1.0;72; 21.8;F;1;29;On;On;Off; 29.8; 29.3;0;0;820;0;820;1;635;1;-
2026/04/05;06:41:50;93;-; 56.54; 1.1;-; 73.8; 77.4; 59.9; 59.9; 0.0;1527; 1.3; 1.0; 1.0;70; 21.8;F;1;29;On;On;Off; 29.9; 29.3;0;0;820;0;820;1;635;1;-
2026/04/05;06:42:50;94;-; 56.54; 0.9;-; 74.8; 76.9; 49.3; 42.5; 6.8;1527; 1.2; 0.9; 0.9;68; 21.8;F;1;29;On;On;Off; 29.9; 29.4;0;0;820;0;820;1;635;1;-
2026/04/05;06:43:50;94;-; 56.54; 1.1;-; 77.4; 73.7; 62.2; 0.0; 62.2;1527; 1.2; 0.9; 0.9;67; 21.8;F;1;29;On;On;Off; 30.0; 29.5;0;0;820;0;820;1;635;1;-
2026/04/05;06:44:50;94;-; 56.56; 0.9;-; 74.3; 76.3; 53.1; 44.8; 8.3;1527; 1.2; 0.9; 0.9;66; 21.8;F;1;29;On;On;Off; 30.1; 29.5;0;0;820;0;820;1;635;1;-
2026/04/05;06:45:50;94;-; 56.56; 0.9;-; 74.1; 76.6; 48.6; 34.2; 14.4;1527; 1.1; 0.9; 0.9;63; 21.8;F;1;29;On;On;Off; 30.1; 29.6;0;0;820;0;820;1;635;1;-
2026/04/05;06:46:50;94;-; 56.56; 1.0;-; 74.0; 76.3; 53.9; 30.4; 23.5;1527; 1.1; 0.9; 0.9;62; 21.8;F;1;29;On;On;Off; 30.2; 29.6;0;0;820;0;820;1;635;1;-
2026/04/05;06:47:50;94;-; 56.54; 0.9;-; 75.5; 74.9; 50.8; 33.4; 17.4;1527; 1.1; 0.9; 0.9;61; 21.8;F;1;29;On;On;Off; 30.2; 29.7;0;1;821;1;821;1;635;1;-
2026/04/05;06:48:50;94;-; 56.56; 0.8;-; 74.7; 76.7; 47.8; 37.9; 9.9;1527; 1.1; 0.9; 0.9;59; 21.8;F;1;29;On;On;Off; 30.2; 29.7;0;1;821;1;821;1;635;1;-
2026/04/05;06:49:50;94;-; 56.56; 1.0;-; 74.1; 76.6; 55.4; 47.0; 8.3;1527; 1.1; 0.9; 0.9;58; 21.8;F;1;29;On;On;Off; 30.3; 29.8;0;1;821;1;821;1;635;1;-
2026/04/05;06:50:50;94;-; 56.56; 1.0;-; 75.7; 75.5; 56.1; 23.5; 32.6;1527; 1.0; 0.8; 0.8;57; 21.8;F;1;29;On;On;Off; 30.3; 29.8;0;1;821;1;821;1;635;1;-
2026/04/05;06:51:50;94;-; 56.54; 0.9;-; 73.9; 76.8; 50.8; 50.8; 0.0;1527; 1.0; 0.8; 0.8;56; 21.8;F;1;29;On;On;Off; 30.4; 29.9;0;1;821;1;821;1;635;1;-
2026/04/05;06:52:50;94;-; 56.56; 0.9;-; 73.9; 76.2; 50.8; 38.0; 12.9;1527; 1.0; 0.8; 0.8;55; 21.8;F;1;29;On;On;Off; 30.4; 29.9;0;1;821;1;821;1;635;1;-
2026/04/05;06:53:50;95;-; 56.54; 0.9;-; 74.9; 75.2; 53.1; 36.4; 16.7;1527; 1.0; 0.8; 0.8;55; 21.8;F;1;29;On;On;Off; 30.5; 30.0;0;1;821;1;821;1;635;1;-
2026/04/05;06:54:50;95;-; 56.54; 0.8;-; 76.5; 74.0; 47.8; 0.0; 47.8;1527; 1.0; 0.8; 0.8;55; 21.8;F;1;29;On;On;Off; 30.5; 30.0;0;1;821;1;821;1;635;1;-
2026/04/05;06:55:50;95;-; 56.54; 0.8;-; 74.6; 76.5; 43.9; 42.5; 1.5;1527; 1.0; 0.8; 0.8;54; 21.8;F;1;29;On;On;Off; 30.5; 30.1;0;1;821;1;821;1;635;1;-
2026/04/05;06:56:49;95;-; 56.56; 1.1;-; 73.9; 77.0; 63.0; 63.0; 0.0;1527; 1.0; 0.8; 0.8;53; 21.8;F;1;29;On;On;Off; 30.6; 30.1;0;1;821;1;821;1;635;1;-
2026/04/05;06:57:49;95;-; 56.56; 0.8;-; 76.4; 75.6; 44.0; 1.5; 42.5;1527; 0.9; 0.8; 0.8;52; 21.7;F;1;29;On;On;Off; 30.6; 30.1;0;1;821;1;821;1;635;1;-
2026/04/05;06:58:49;95;-; 56.56; 0.9;-; 76.4; 75.4; 50.8; 17.5; 33.4;1527; 0.9; 0.8; 0.8;52; 21.8;F;1;29;On;On;Off; 30.7; 30.2;0;1;821;1;821;1;635;1;-
2026/04/05;06:59:49;95;-; 56.56; 1.1;-; 77.5; 74.6; 61.5; 0.0; 61.5;1527; 0.9; 0.8; 0.8;51; 21.8;F;1;29;On;On;Off; 30.7; 30.2;0;1;821;1;821;1;635;1;-
2026/04/05;07:00:49;95;-; 56.56; 0.8;-; 75.0; 76.5; 43.2; 38.7; 4.5;1527; 0.9; 0.8; 0.8;50; 21.8;F;1;29;On;On;Off; 30.8; 30.2;0;1;821;1;821;1;635;1;-
2026/04/05;07:01:49;95;-; 56.56; 1.0;-; 77.2; 74.1; 56.9; 0.0; 56.9;1527; 0.9; 0.8; 0.8;49; 21.8;F;1;29;On;On;Off; 30.8; 30.3;0;1;821;1;821;1;635;1;-
2026/04/05;07:02:49;95;-; 56.56; 0.9;-; 75.6; 75.1; 51.6; 16.7; 34.9;1527; 0.9; 0.8; 0.8;49; 21.8;F;1;29;On;On;Off; 30.8; 30.3;0;1;821;1;821;1;635;1;-
2026/04/05;07:03:49;95;-; 56.56; 0.7;-; 76.8; 74.8; 39.4; 6.8; 32.6;1527; 0.9; 0.8; 0.8;48; 21.8;F;1;29;On;On;Off; 30.8; 30.3;0;1;821;1;821;1;635;1;-
2026/04/05;07:04:49;96;-; 56.56; 0.9;-; 76.4; 74.0; 50.8; 0.0; 50.8;1527; 0.9; 0.8; 0.8;47; 21.8;F;1;29;On;On;Off; 30.9; 30.4;0;1;821;1;821;1;635;1;-
2026/04/05;07:05:49;96;-; 56.56; 0.8;-; 75.7; 75.4; 43.9; 22.0; 22.0;1527; 0.9; 0.8; 0.8;47; 21.8;F;1;29;On;On;Off; 30.9; 30.4;0;1;821;1;821;1;635;1;-
2026/04/05;07:06:49;96;-; 56.56; 0.7;-; 76.0; 74.9; 40.2; 13.7; 26.6;1527; 0.8; 0.8; 0.8;47; 21.8;F;1;29;On;On;Off; 30.9; 30.4;0;1;821;1;821;1;635;1;-
2026/04/05;07:07:49;96;-; 56.56; 0.7;-; 76.2; 74.4; 41.8; 11.4; 30.4;1527; 0.8; 0.7; 0.7;46; 21.8;F;1;29;On;On;Off; 30.9; 30.4;0;1;821;1;821;1;635;1;-
2026/04/05;07:08:49;96;-; 56.56; 0.7;-; 74.0; 76.6; 39.4; 39.4; 0.0;1527; 0.8; 0.7; 0.7;46; 21.8;F;1;29;On;On;Off; 31.0; 30.5;0;1;821;1;821;1;635;1;-
2026/04/05;07:09:49;96;-; 56.56; 0.8;-; 76.0; 74.7; 43.2; 19.0; 24.2;1527; 0.8; 0.7; 0.7;46; 21.8;F;1;29;On;On;Off; 31.0; 30.5;0;1;821;1;821;1;635;1;-
2026/04/05;07:10:49;96;-; 56.56; 0.8;-; 76.2; 73.7; 47.0; 0.0; 47.0;1527; 0.8; 0.7; 0.7;45; 21.8;F;1;29;On;On;Off; 31.0; 30.5;0;1;821;1;821;1;635;1;-
2026/04/05;07:11:48;96;-; 56.56; 0.6;-; 74.4; 76.4; 36.4; 31.1; 5.3;1527; 0.8; 0.7; 0.7;45; 21.8;F;1;29;On;On;Off; 31.0; 30.5;0;1;821;1;821;1;635;1;-
2026/04/05;07:12:48;96;-; 56.54; 0.8;-; 75.8; 73.7; 44.0; 0.0; 44.0;1527; 0.8; 0.7; 0.7;44; 21.8;F;1;29;On;On;Off; 31.1; 30.5;0;1;821;1;821;1;635;1;-
2026/04/05;07:13:48;96;-; 56.56; 0.7;-; 75.1; 75.0; 42.4; 22.0; 20.5;1527; 0.8; 0.7; 0.7;43; 21.8;F;1;29;On;On;Off; 31.1; 30.6;0;1;821;1;821;1;635;1;-
2026/04/05;07:14:48;96;-; 56.56; 0.8;-; 75.7; 74.6; 43.2; 16.7; 26.6;1527; 0.8; 0.7; 0.7;43; 21.8;F;1;29;On;On;Off; 31.1; 30.6;0;1;821;1;821;1;635;1;-
2026/04/05;07:15:48;96;-; 56.56; 0.8;-; 75.9; 75.0; 44.8; 19.7; 25.0;1527; 0.8; 0.7; 0.7;43; 21.8;F;1;29;On;On;Off; 31.1; 30.6;0;1;821;1;821;1;635;1;-
2026/04/05;07:16:48;97;-; 56.56; 0.8;-; 77.0; 73.9; 47.8; 0.0; 47.8;1527; 0.8; 0.7; 0.7;43; 21.8;F;1;29;On;On;Off; 31.2; 30.6;0;1;821;1;821;1;635;1;-
2026/04/05;07:17:48;97;-; 56.56; 0.8;-; 77.0; 75.1; 43.2; 0.0; 43.2;1527; 0.8; 0.7; 0.7;42; 21.8;F;1;29;On;On;Off; 31.2; 30.7;0;1;821;1;821;1;635;1;-
2026/04/05;07:18:48;97;-; 56.56; 0.5;-; 77.1; 75.4; 28.8; 9.9; 19.0;1527; 0.8; 0.7; 0.7;42; 21.8;F;1;29;On;On;Off; 31.2; 30.7;0;1;821;1;821;1;635;1;-
2026/04/05;07:19:48;97;-; 56.56; 1.0;-; 75.0; 76.9; 53.9; 53.9; 0.0;1527; 0.8; 0.7; 0.7;42; 21.8;F;1;29;On;On;Off; 31.2; 30.7;0;1;821;1;821;1;635;1;-
2026/04/05;07:20:48;97;-; 56.56; 0.6;-; 76.0; 76.6; 33.4; 7.6; 25.8;1527; 0.8; 0.7; 0.7;42; 21.8;F;1;29;On;On;Off; 31.3; 30.7;0;1;821;1;821;1;635;1;-
2026/04/05;07:21:48;97;-; 56.54; 0.5;-; 76.7; 76.4; 27.3; 4.5; 22.8;1527; 0.8; 0.7; 0.7;41; 21.8;F;1;29;On;On;Off; 31.3; 30.8;0;1;821;1;821;1;635;1;-
2026/04/05;07:22:48;97;-; 56.56; 0.8;-; 75.8; 76.3; 45.5; 33.4; 12.1;1527; 0.7; 0.7; 0.7;40; 21.8;F;1;29;On;On;Off; 31.3; 30.8;0;1;821;1;821;1;635;1;-
2026/04/05;07:23:48;97;-; 56.56; 0.9;-; 77.7; 75.1; 50.1; 0.0; 50.1;1527; 0.7; 0.7; 0.7;40; 21.8;F;1;29;On;On;Off; 31.3; 30.8;0;1;821;1;821;1;635;1;-
2026/04/05;07:24:48;97;-; 56.56; 0.7;-; 76.2; 76.4; 37.9; 24.2; 13.6;1527; 0.7; 0.7; 0.7;40; 21.8;F;1;29;On;On;Off; 31.3; 30.8;0;1;821;1;821;1;635;1;-
2026/04/05;07:25:48;97;-; 56.56; 0.9;-; 77.3; 73.8; 51.6; 0.0; 51.6;1527; 0.7; 0.7; 0.7;39; 21.8;F;1;29;On;On;Off; 31.3; 30.8;0;1;821;1;821;1;635;1;-
2026/04/05;07:26:48;97;-; 56.56; 0.5;-; 75.8; 76.3; 31.1; 31.1; 0.0;1527; 0.7; 0.7; 0.7;40; 21.8;F;1;29;On;On;Off; 31.4; 30.8;0;1;821;1;821;1;635;1;-
2026/04/05;07:27:47;97;-; 56.56; 0.7;-; 76.2; 75.0; 38.7; 23.5; 15.2;1527; 0.7; 0.7; 0.7;39; 21.8;F;1;29;On;On;Off; 31.4; 30.8;0;1;821;1;821;1;635;1;-
2026/04/05;07:28:47;98;-; 56.56; 0.7;-; 74.9; 75.8; 40.9; 32.6; 8.3;1527; 0.7; 0.7; 0.7;39; 21.8;F;1;29;On;On;Off; 31.4; 30.9;0;1;821;1;821;1;635;1;-
2026/04/05;07:29:47;98;-; 56.56; 0.7;-; 76.8; 74.6; 38.0; 0.0; 38.0;1527; 0.7; 0.7; 0.7;39; 21.8;F;1;29;On;On;Off; 31.4; 30.9;0;1;821;1;821;1;635;1;-
2026/04/05;07:30:47;98;-; 56.56; 0.8;-; 76.2; 74.0; 44.0; 17.5; 26.6;1527; 0.7; 0.7; 0.7;39; 21.8;F;1;29;On;On;Off; 31.4; 30.9;0;1;821;1;821;1;635;1;-
2026/04/05;07:31:47;98;-; 56.54; 0.8;-; 73.9; 76.8; 47.0; 47.0; 0.0;1527; 0.7; 0.7; 0.7;38; 21.8;F;1;29;On;On;Off; 31.4; 30.9;0;1;821;1;821;1;635;1;-
2026/04/05;07:32:47;98;-; 56.56; 0.8;-; 76.2; 73.7; 43.2; 0.0; 43.2;1527; 0.7; 0.7; 0.7;38; 21.8;F;1;29;On;On;Off; 31.4; 30.9;0;1;821;1;821;1;635;1;-
2026/04/05;07:33:47;98;-; 56.54; 0.7;-; 74.2; 75.7; 37.9; 25.8; 12.1;1527; 0.7; 0.7; 0.7;38; 21.8;F;1;29;On;On;Off; 31.4; 30.9;0;1;821;1;821;1;635;1;-
2026/04/05;07:34:47;98;-; 56.56; 0.7;-; 74.7; 75.2; 37.2; 14.4; 22.8;1528; 0.7; 0.7; 0.7;38; 21.8;F;1;29;On;On;Off; 31.4; 30.9;0;1;821;1;821;1;635;1;-
2026/04/05;07:35:47;98;-; 56.54; 0.6;-; 73.9; 76.2; 34.2; 34.2; 0.0;1528; 0.7; 0.7; 0.7;38; 21.8;F;1;29;On;On;Off; 31.4; 30.9;0;1;821;1;821;1;635;1;-
2026/04/05;07:36:47;98;-; 56.54; 0.6;-; 76.1; 73.8; 33.4; 0.7; 32.6;1528; 0.7; 0.7; 0.7;37; 21.8;F;1;29;On;On;Off; 31.4; 30.9;0;1;821;1;821;1;635;1;-
2026/04/05;07:37:47;98;-; 56.56; 0.7;-; 74.7; 74.6; 38.6; 20.5; 18.2;1528; 0.7; 0.7; 0.7;37; 21.8;F;1;29;On;On;Off; 31.4; 30.9;0;1;821;1;821;1;635;1;-
2026/04/05;07:38:47;98;-; 56.56; 0.7;-; 73.8; 75.0; 40.9; 24.2; 16.7;1528; 0.7; 0.7; 0.7;37; 21.8;F;1;29;On;On;Off; 31.4; 30.9;0;1;821;1;821;1;635;1;-
2026/04/05;07:39:47;98;-; 56.56; 0.7;-; 74.9; 73.7; 39.4; 15.9; 23.5;1528; 0.7; 0.7; 0.7;36; 21.8;F;1;29;On;On;Off; 31.4; 30.9;0;1;821;1;821;1;635;1;-
2026/04/05;07:40:47;98;-; 56.54; 0.6;-; 74.2; 74.8; 34.1; 23.5; 10.6;1528; 0.7; 0.7; 0.7;36; 21.8;F;1;29;On;On;Off; 31.4; 30.9;0;1;821;1;821;1;635;1;-
2026/04/05;07:41:47;99;-; 56.54; 0.6;-; 74.8; 73.7; 34.1; 13.6; 20.4;1528; 0.7; 0.7; 0.7;36; 21.8;F;1;29;On;On;Off; 31.5; 30.9;0;1;821;1;821;1;635;1;-
2026/04/05;07:42:46;99;-; 56.56; 0.7;-; 74.4; 73.8; 39.4; 17.4; 22.0;1528; 0.7; 0.7; 0.7;36; 21.8;F;1;29;On;On;Off; 31.5; 30.9;0;1;821;1;821;1;635;1;-
2026/04/05;07:43:46;99;-; 56.56; 0.6;-; 74.5; 73.9; 35.6; 15.9; 19.7;1528; 0.7; 0.7; 0.7;37; 21.8;F;1;29;On;On;Off; 31.4; 30.9;0;1;821;1;821;1;635;1;-
2026/04/05;07:44:46;99;-; 56.56; 0.7;-; 73.8; 74.2; 38.7; 19.7; 19.0;1528; 0.7; 0.7; 0.7;36; 21.8;F;1;29;On;On;Off; 31.4; 30.9;0;1;821;1;821;1;635;1;-
2026/04/05;07:45:46;99;-; 56.54; 0.6;-; 73.9; 73.9; 36.4; 18.2; 18.2;1528; 0.6; 0.7; 0.7;35; 21.8;F;1;29;On;On;Off; 31.4; 30.9;0;1;821;1;821;1;635;1;-
2026/04/05;07:46:46;99;-; 56.42; 0.7;-; 73.6; 73.5; 40.1; 19.7; 20.4;1528; 0.6; 0.7; 0.7;35; 21.8;F;1;29;On;On;Off; 31.5; 30.9;0;1;821;1;821;1;635;1;-
2026/04/05;07:47:46;99;-; 56.02; 0.4;-; 74.4; 73.1; 22.5; 0.7; 21.8;1528; 0.5; 0.5; 0.5;26; 21.8;F;1;29;On;On;Off; 29.9; 30.9;0;1;821;1;821;1;635;1;-
2026/04/05;07:48:46;99;-; 55.83; 0.4;-; 74.1; 72.7; 21.7; 0.0; 21.7;1528; 0.3; 0.4; 0.4;18; 21.8;F;1;29;On;On;Off; 29.2; 30.6;0;1;821;1;821;1;635;1;-
2026/04/05;07:49:46;99;-; 55.89; 0.4;-; 73.0; 74.0; 22.4; 18.0; 4.5;1528; 0.5; 0.6; 0.6;29; 21.8;F;1;29;On;On;Off; 30.9; 30.6;0;1;821;1;821;1;635;1;-
2026/04/05;07:50:46;99;-; 55.79; 0.6;-; 72.9; 72.6; 35.9; 17.9; 17.9;1528; 0.6; 0.6; 0.6;31; 21.8;F;1;29;On;On;Off; 31.1; 30.6;0;1;821;1;821;1;635;1;-
2026/04/05;07:51:46;99;-; 54.88; 0.0;-; 73.7; 73.8; 0.7; 0.0; 0.7;1528; 0.0; 0.2; 0.2;1; 21.7;F;1;29;On;On;Off; 29.1; 28.7;0;1;821;1;821;1;635;1;-
2026/04/05;07:52:46;99;-; 54.80; 0.9;-; 71.5; 71.3; 47.0; 23.5; 23.5;1528;-0.1; 0.1; 0.1;-6; 21.8;F;1;29;On;On;Off; 29.1; 28.2;0;1;821;1;821;1;635;1;-
2026/04/05;07:53:46;99;-; 55.31; 0.7;-; 72.2; 72.0; 37.8; 18.6; 19.3;1528; 0.8; 0.7; 0.7;42; 21.7;F;1;29;On;On;Off; 30.5; 30.0;0;1;821;1;821;1;635;1;-
2026/04/05;07:54:46;99;-; 55.55; 0.7;-; 72.5; 72.3; 36.5; 17.9; 18.6;1528; 0.6; 0.6; 0.6;34; 21.8;F;1;29;On;On;Off; 30.7; 30.2;0;1;821;1;821;1;635;1;-
2026/04/05;07:55:46;99;-; 55.41; 0.4;-; 73.8; 72.2; 20.8; 0.0; 20.8;1528; 0.5; 0.5; 0.5;26; 21.7;F;1;29;On;On;Off; 29.3; 30.3;0;1;821;1;821;1;635;1;-
2026/04/05;07:56:46;100;-; 55.45; 0.4;-; 74.0; 72.2; 23.0; 0.7; 22.3;1528; 0.3; 0.4; 0.4;18; 21.7;F;1;29;On;On;Off; 28.7; 30.1;0;1;821;1;821;1;635;1;-
2026/04/05;07:57:45;100;-; 55.91; 0.7;-; 72.9; 72.7; 38.2; 18.8; 19.5;1528; 0.6; 0.6; 0.6;31; 21.7;F;1;29;On;On;Off; 30.4; 30.1;0;1;821;1;821;1;635;1;-
2026/04/05;07:58:45;100;-; 56.01; 0.7;-; 73.1; 72.9; 36.8; 18.0; 18.8;1528; 0.6; 0.6; 0.6;33; 21.7;F;1;29;On;On;Off; 30.7; 30.2;0;1;821;1;821;1;635;1;-
2026/04/05;07:59:45;100;-; 55.75; 0.4;-; 74.2; 72.6; 20.9; 0.0; 20.9;1528; 0.4; 0.4; 0.4;19; 21.7;F;1;29;On;On;Off; 28.8; 30.1;0;1;821;1;821;1;635;1;-
2026/04/05;08:00:45;100;-; 55.87; 0.7;-; 72.9; 72.7; 39.7; 19.5; 20.2;1528; 0.4; 0.4; 0.4;19; 21.7;F;1;29;On;On;Off; 29.1; 30.0;0;1;821;1;821;1;635;1;-
2026/04/05;08:01:45;100;-; 55.91; 0.6;-; 72.8; 72.7; 36.0; 18.0; 18.0;1528; 0.6; 0.6; 0.6;34; 21.7;F;1;29;On;On;Off; 30.5; 30.1;0;1;821;1;821;1;635;1;-
2026/04/05;08:02:45;100;-; 55.39; 0.0;-; 74.1; 74.0; 1.4; 0.0; 1.4;1528; 0.4; 0.5; 0.5;22; 21.7;F;1;29;On;On;Off; 29.4; 29.3;0;1;821;1;821;1;635;1;-
2026/04/05;08:03:45;100;-; 54.66; 0.0;-; 74.0; 73.8; 0.7; 0.0; 0.7;1528;-0.2; 0.0; 0.0;-8; 21.7;F;1;29;On;On;Off; 28.2; 27.8;0;1;821;1;821;1;635;1;-
2026/04/05;08:04:45;100;-; 55.39; 0.7;-; 72.2; 72.1; 41.5; 20.0; 21.5;1528; 0.4; 0.4; 0.4;21; 21.7;F;1;29;On;On;Off; 29.7; 29.1;0;1;821;1;821;1;635;1;-
2026/04/05;08:05:45;100;-; 55.57; 0.6;-; 72.5; 72.3; 35.0; 17.1; 17.9;1528; 0.7; 0.7; 0.7;35; 21.7;F;1;29;On;On;Off; 30.2; 29.7;0;1;821;1;821;2;636;1;-
2026/04/05;08:06:45;100;-; 55.24; 0.0;-; 73.6; 73.5; 0.7; 0.0; 0.7;1528; 0.5; 0.6; 0.6;28; 21.7;F;1;29;On;On;Off; 30.0; 29.8;0;1;821;1;821;2;636;1;-
2026/04/05;08:07:45;100;-; 54.56; 0.0;-; 73.4; 73.2; 0.7; 0.0; 0.7;1528;-0.2; 0.0; 0.0;-8; 21.7;F;1;29;On;On;Off; 28.1; 27.7;0;1;821;1;821;2;636;1;-
2026/04/05;08:08:45;100;-; 54.82; 0.8;-; 71.5; 71.3; 41.9; 20.6; 21.3;1528; 0.1; 0.3; 0.3;6; 21.7;F;1;29;On;On;Off; 29.3; 28.6;0;1;821;1;821;2;636;1;-
2026/04/05;08:09:45;100;-; 55.53; 0.7;-; 72.5; 72.3; 38.0; 18.6; 19.4;1528; 0.8; 0.7; 0.7;41; 21.7;F;1;29;On;On;Off; 30.0; 29.5;0;1;821;1;821;2;636;1;-
2026/04/05;08:10:45;100;-; 55.91; 0.7;-; 73.1; 73.0; 38.2; 18.8; 19.5;1528; 0.6; 0.7; 0.7;34; 21.7;F;1;29;On;On;Off; 30.2; 29.7;0;1;821;1;821;2;636;1;-
2026/04/05;08:11:45;100;-; 55.99; 0.4;-; 74.5; 72.9; 24.0; 0.7; 23.3;1528; 0.4; 0.5; 0.5;23; 21.7;F;1;29;On;On;Off; 28.5; 29.7;0;1;821;1;821;2;636;1;-
2026/04/05;08:12:44;100;-; 56.42; 0.9;-; 73.6; 73.3; 52.2; 25.0; 27.2;1528; 0.4; 0.4; 0.4;23; 21.7;F;1;29;On;On;Off; 28.1; 29.6;0;1;821;1;821;2;636;1;-
2026/04/05;08:13:44;100;-; 56.56; 0.6;-; 74.3; 75.5; 35.6; 26.6; 9.1;1528; 0.7; 0.6; 0.6;36; 21.7;F;1;29;On;On;Off; 30.1; 29.7;0;1;821;1;821;2;636;1;-
2026/04/05;08:14:44;100;-; 56.56; 0.6;-; 75.6; 74.7; 31.8; 16.7; 15.2;1528; 0.6; 0.6; 0.6;33; 21.7;F;1;29;On;On;Off; 30.3; 29.9;0;1;821;1;821;2;636;1;-
2026/04/05;08:15:44;100;-; 56.58; 0.7;-; 75.5; 74.8; 40.2; 13.7; 26.6;1528; 0.6; 0.6; 0.6;33; 21.7;F;1;29;On;On;Off; 30.4; 30.0;0;1;821;1;821;2;636;1;-
2026/04/05;08:16:44;100;-; 56.54; 0.5;-; 74.7; 75.7; 28.8; 19.0; 9.9;1528; 0.6; 0.6; 0.6;32; 21.7;F;1;29;On;On;Off; 30.5; 30.0;0;1;821;1;821;2;636;1;-
2026/04/05;08:17:44;100;-; 56.54; 0.5;-; 76.1; 73.9; 26.5; 0.7; 25.8;1528; 0.6; 0.6; 0.6;33; 21.7;F;1;29;On;On;Off; 30.6; 30.1;0;1;821;1;821;2;636;1;-
2026/04/05;08:18:44;100;-; 56.54; 0.5;-; 74.7; 75.6; 28.0; 19.7; 8.3;1528; 0.6; 0.6; 0.6;33; 21.7;F;1;29;On;On;Off; 30.6; 30.1;0;1;821;1;821;2;636;1;-
2026/04/05;08:19:44;100;-; 56.56; 0.6;-; 75.7; 73.9; 31.8; 4.5; 27.3;1528; 0.6; 0.6; 0.6;33; 21.7;F;1;29;On;On;Off; 30.7; 30.2;0;2;822;2;822;2;636;1;-
2026/04/05;08:20:44;100;-; 56.56; 0.6;-; 74.4; 75.0; 32.6; 19.7; 12.9;1528; 0.6; 0.6; 0.6;32; 21.7;F;1;29;On;On;Off; 30.8; 30.2;0;2;822;2;822;2;636;1;-
2026/04/05;08:21:44;100;-; 56.56; 0.7;-; 75.2; 73.7; 37.9; 11.4; 26.6;1528; 0.6; 0.6; 0.6;32; 21.7;F;1;29;On;On;Off; 30.8; 30.3;0;2;822;2;822;2;636;1;-
2026/04/05;08:22:44;100;-; 56.54; 0.4;-; 74.3; 76.1; 25.0; 22.8; 2.3;1528; 0.6; 0.6; 0.6;32; 21.7;F;1;29;On;On;Off; 30.8; 30.3;0;2;822;2;822;2;636;1;-
2026/04/05;08:23:44;100;-; 56.56; 0.7;-; 74.3; 74.8; 37.9; 28.0; 9.9;1528; 0.6; 0.6; 0.6;31; 21.8;F;1;29;On;On;Off; 30.9; 30.4;0;2;822;2;822;2;636;1;-
2026/04/05;08:24:44;100;-; 56.56; 0.6;-; 75.7; 74.0; 35.6; 7.6; 28.0;1528; 0.6; 0.6; 0.6;32; 21.8;F;1;29;On;On;Off; 30.9; 30.4;0;2;822;2;822;2;636;1;-
2026/04/05;08:25:44;100;-; 56.56; 0.6;-; 74.4; 75.9; 33.3; 20.4; 12.9;1528; 0.6; 0.6; 0.6;31; 21.7;F;1;29;On;On;Off; 31.0; 30.4;0;2;822;2;822;2;636;1;-
2026/04/05;08:26:44;100;-; 56.56; 0.9;-; 74.9; 73.8; 49.3; 12.9; 36.4;1528; 0.6; 0.6; 0.6;32; 21.8;F;1;29;On;On;Off; 31.0; 30.5;0;2;822;2;822;2;636;1;-
2026/04/05;08:27:44;100;-; 56.56; 0.7;-; 75.4; 74.6; 37.1; 9.1; 28.0;1528; 0.6; 0.6; 0.6;31; 21.8;F;1;29;On;On;Off; 31.1; 30.5;0;2;822;2;822;2;636;1;-
2026/04/05;08:28:43;100;-; 56.56; 0.8;-; 74.3; 74.6; 47.8; 25.0; 22.8;1528; 0.6; 0.6; 0.6;32; 21.7;F;1;29;On;On;Off; 31.1; 30.5;0;2;822;2;822;2;636;1;-
2026/04/05;08:29:43;100;-; 56.56; 0.6;-; 75.5; 73.7; 34.1; 5.3; 28.8;1528; 0.6; 0.6; 0.6;31; 21.8;F;1;29;On;On;Off; 31.1; 30.6;0;2;822;2;822;2;636;1;-
2026/04/05;08:30:43;100;-; 56.56; 0.4;-; 74.2; 76.0; 24.2; 24.2; 0.0;1528; 0.6; 0.6; 0.6;31; 21.8;F;1;29;On;On;Off; 31.1; 30.6;0;2;822;2;822;2;636;1;-
2026/04/05;08:31:43;100;-; 56.56; 0.8;-; 74.4; 74.7; 44.0; 23.5; 20.5;1528; 0.6; 0.6; 0.6;31; 21.8;F;1;29;On;On;Off; 31.2; 30.6;0;2;822;2;822;2;636;1;-
2026/04/05;08:32:43;100;-; 56.54; 0.5;-; 74.1; 75.9; 28.8; 25.8; 3.0;1528; 0.6; 0.6; 0.6;31; 21.8;F;1;29;On;On;Off; 31.2; 30.6;0;2;822;2;822;2;636;1;-
2026/04/05;08:33:43;100;-; 56.56; 0.6;-; 75.5; 74.0; 33.3; 5.3; 28.0;1528; 0.6; 0.6; 0.6;31; 21.8;F;1;29;On;On;Off; 31.2; 30.7;0;2;822;2;822;2;636;1;-
2026/04/05;08:34:43;100;-; 56.56; 0.6;-; 75.2; 74.3; 33.4; 7.6; 25.8;1529; 0.6; 0.6; 0.6;30; 21.8;F;1;29;On;On;Off; 31.2; 30.7;0;2;822;2;822;2;636;1;-
2026/04/05;08:35:43;100;-; 56.54; 0.6;-; 75.8; 73.6; 36.4; 0.0; 36.4;1529; 0.6; 0.6; 0.6;31; 21.8;F;1;29;On;On;Off; 31.3; 30.7;0;2;822;2;822;2;636;1;-
2026/04/05;08:36:43;100;-; 56.56; 0.5;-; 75.1; 75.8; 28.8; 9.9; 19.0;1529; 0.6; 0.6; 0.6;31; 21.8;F;1;29;On;On;Off; 31.3; 30.7;0;2;822;2;822;2;636;1;-
2026/04/05;08:37:43;100;-; 56.56; 0.6;-; 74.8; 76.1; 32.6; 19.0; 13.6;1529; 0.6; 0.6; 0.6;31; 21.8;F;1;29;On;On;Off; 31.3; 30.8;0;2;822;2;822;2;636;1;-
2026/04/05;08:38:43;100;-; 56.54; 0.5;-; 74.3; 76.8; 30.4; 30.4; 0.0;1529; 0.6; 0.6; 0.6;31; 21.8;F;1;29;On;On;Off; 31.3; 30.8;0;2;822;2;822;2;636;1;-
2026/04/05;08:39:43;100;-; 56.56; 0.6;-; 74.8; 75.9; 36.4; 26.6; 9.9;1529; 0.6; 0.6; 0.6;31; 21.8;F;1;29;On;On;Off; 31.4; 30.8;0;2;822;2;822;2;636;1;-
2026/04/05;08:40:43;100;-; 56.56; 0.6;-; 76.7; 74.8; 33.4; 0.0; 33.4;1529; 0.6; 0.6; 0.6;31; 21.8;F;1;29;On;On;Off; 31.4; 30.8;0;2;822;2;822;2;636;1;-
2026/04/05;08:41:43;100;-; 56.56; 0.7;-; 75.6; 75.8; 38.7; 19.0; 19.7;1529; 0.6; 0.6; 0.6;31; 21.8;F;1;29;On;On;Off; 31.4; 30.9;0;2;822;2;822;2;636;1;-
2026/04/05;08:42:43;100;-; 56.56; 0.8;-; 74.4; 77.2; 42.5; 42.5; 0.0;1529; 0.6; 0.6; 0.6;31; 21.8;F;1;29;On;On;Off; 31.4; 30.9;0;2;822;2;822;2;636;1;-
2026/04/05;08:43:42;100;-; 56.56; 0.9;-; 77.3; 74.5; 51.6; 0.0; 51.6;1529; 0.6; 0.6; 0.6;31; 21.8;F;1;29;On;On;Off; 31.4; 30.9;0;2;822;2;822;2;636;1;-
2026/04/05;08:44:42;100;-; 56.56; 1.0;-; 77.4; 73.5; 55.4; 0.0; 55.4;1529; 0.6; 0.6; 0.6;30; 21.8;F;1;29;On;On;Off; 31.5; 30.9;0;2;822;2;822;2;636;1;-
2026/04/05;08:45:42;100;-; 56.56; 0.9;-; 75.0; 77.2; 50.1; 50.1; 0.0;1529; 0.6; 0.6; 0.6;31; 21.8;F;1;29;On;On;Off; 31.5; 30.9;0;2;822;2;822;2;636;1;-
2026/04/05;08:46:42;100;-; 56.56; 0.6;-; 77.1; 75.9; 31.8; 0.0; 31.8;1529; 0.6; 0.6; 0.6;30; 21.8;F;1;29;On;On;Off; 31.5; 31.0;0;2;822;2;822;2;636;1;-
2026/04/05;08:47:42;100;-; 56.56; 0.5;-; 76.2; 77.0; 30.3; 24.2; 6.1;1529; 0.6; 0.6; 0.6;30; 21.8;F;1;29;On;On;Off; 31.5; 31.0;0;2;822;2;822;2;636;1;-
2026/04/05;08:48:42;100;-; 56.58; 0.6;-; 75.3; 77.6; 32.6; 26.6; 6.1;1529; 0.6; 0.6; 0.6;30; 21.8;F;1;29;On;On;Off; 31.5; 31.0;0;2;822;2;822;2;636;1;-
2026/04/05;08:49:42;100;-; 56.56; 0.6;-; 77.0; 76.8; 31.8; 0.0; 31.8;1529; 0.6; 0.6; 0.6;30; 21.8;F;1;29;On;On;Off; 31.5; 31.0;0;2;822;2;822;2;636;1;-
2026/04/05;08:50:42;100;-; 56.56; 0.6;-; 77.2; 76.3; 34.9; 0.0; 34.9;1529; 0.6; 0.6; 0.6;30; 21.8;F;1;29;On;On;Off; 31.6; 31.1;0;2;822;2;822;2;636;1;-
2026/04/05;08:51:42;100;-; 56.56; 0.7;-; 75.2; 77.2; 41.8; 41.8; 0.0;1529; 0.6; 0.6; 0.6;30; 21.8;F;1;29;On;On;Off; 31.6; 31.1;0;2;822;2;822;2;636;1;-
2026/04/05;08:52:42;100;-; 56.56; 0.7;-; 77.1; 76.0; 38.0; 0.0; 38.0;1529; 0.6; 0.6; 0.6;30; 21.8;F;1;29;On;On;Off; 31.6; 31.1;0;2;822;2;822;2;636;1;-
2026/04/05;08:53:42;100;-; 56.56; 0.7;-; 77.5; 75.6; 41.0; 0.0; 41.0;1529; 0.5; 0.6; 0.6;30; 21.8;F;1;29;On;On;Off; 31.6; 31.1;0;2;822;2;822;2;636;1;-
2026/04/05;08:54:42;100;-; 56.56; 1.0;-; 75.9; 77.8; 55.4; 55.4; 0.0;1529; 0.5; 0.6; 0.6;30; 21.8;F;1;29;On;On;Off; 31.6; 31.1;0;2;822;2;822;2;636;1;-
2026/04/05;08:55:42;100;-; 56.58; 1.0;-; 77.9; 75.6; 55.4; 0.0; 55.4;1529; 0.6; 0.6; 0.6;30; 21.8;F;1;29;On;On;Off; 31.6; 31.1;0;2;822;2;822;2;636;1;-
2026/04/05;08:56:42;100;-; 56.58; 0.4;-; 76.7; 77.5; 24.2; 8.3; 15.9;1529; 0.6; 0.6; 0.6;30; 21.8;F;1;29;On;On;Off; 31.6; 31.1;0;2;822;2;822;2;636;1;-
2026/04/05;08:57:42;100;-; 56.56; 0.6;-; 76.8; 76.4; 32.6; 0.0; 32.6;1529; 0.5; 0.6; 0.6;30; 21.8;F;1;29;On;On;Off; 31.6; 31.2;0;2;822;2;822;2;636;1;-
2026/04/05;08:58:41;100;-; 56.56; 1.0;-; 77.5; 75.0; 55.4; 0.0; 55.4;1529; 0.6; 0.6; 0.6;30; 21.8;F;1;29;On;On;Off; 31.7; 31.2;0;2;822;2;822;2;636;1;-
2026/04/05;08:59:41;100;-; 56.56; 0.7;-; 77.0; 75.4; 37.1; 12.9; 24.2;1529; 0.5; 0.6; 0.6;30; 21.8;F;1;29;On;On;Off; 31.7; 31.2;0;2;822;2;822;2;636;1;-
2026/04/05;09:00:41;100;-; 56.58; 0.7;-; 75.2; 77.0; 39.4; 39.4; 0.0;1529; 0.5; 0.6; 0.6;30; 21.8;F;1;29;On;On;Off; 31.7; 31.2;0;2;822;2;822;2;636;1;-
2026/04/05;09:01:41;100;-; 56.56; 0.7;-; 77.2; 74.7; 39.4; 9.1; 30.4;1529; 0.5; 0.6; 0.6;30; 21.8;F;1;29;On;On;Off; 31.7; 31.2;0;2;822;2;822;2;636;1;-
2026/04/05;09:02:41;100;-; 56.56; 0.5;-; 77.2; 75.7; 28.0; 0.0; 28.0;1529; 0.6; 0.6; 0.6;30; 21.8;F;1;29;On;On;Off; 31.7; 31.2;0;2;822;2;822;2;636;1;-
2026/04/05;09:03:41;100;-; 56.58; 0.8;-; 75.7; 76.6; 44.0; 44.0; 0.0;1529; 0.5; 0.6; 0.6;30; 21.8;F;1;29;On;On;Off; 31.7; 31.2;0;2;822;2;822;2;636;1;-
2026/04/05;09:04:41;100;-; 56.56; 0.5;-; 76.5; 76.1; 30.3; 4.5; 25.8;1529; 0.5; 0.6; 0.6;30; 21.8;F;1;29;On;On;Off; 31.7; 31.2;0;2;822;2;822;2;636;1;-
2026/04/05;09:05:41;100;-; 56.56; 0.7;-; 77.3; 75.1; 41.8; 0.0; 41.8;1529; 0.5; 0.6; 0.6;30; 21.8;F;1;29;On;On;Off; 31.7; 31.2;0;2;822;2;822;2;636;1;-
2026/04/05;09:06:41;100;-; 56.56; 0.8;-; 77.1; 74.4; 47.0; 0.0; 47.0;1529; 0.5; 0.6; 0.6;29; 21.8;F;1;29;On;On;Off; 31.8; 31.2;0;2;822;2;822;2;636;1;-
2026/04/05;09:07:41;100;-; 56.56; 0.7;-; 74.5; 76.3; 39.4; 32.6; 6.8;1529; 0.5; 0.6; 0.6;30; 21.8;F;1;29;On;On;Off; 31.8; 31.2;0;2;822;2;822;2;636;1;-
2026/04/05;09:08:41;100;-; 56.56; 0.4;-; 76.0; 75.0; 25.0; 6.1; 19.0;1529; 0.5; 0.6; 0.6;30; 21.8;F;1;29;On;On;Off; 31.7; 31.2;0;2;822;2;822;2;636;1;-
2026/04/05;09:09:41;100;-; 56.56; 0.6;-; 76.7; 74.1; 35.6; 0.0; 35.6;1529; 0.6; 0.6; 0.6;30; 21.8;F;1;29;On;On;Off; 31.7; 31.2;0;2;822;2;822;2;636;1;-
2026/04/05;09:10:41;100;-; 56.56; 0.5;-; 74.5; 76.5; 30.4; 30.4; 0.0;1529; 0.6; 0.6; 0.6;30; 21.8;F;1;29;On;On;Off; 31.8; 31.2;0;2;822;2;822;2;636;1;-
2026/04/05;09:11:41;100;-; 56.56; 0.7;-; 74.6; 75.1; 42.4; 24.2; 18.2;1529; 0.6; 0.6; 0.6;31; 21.8;F;1;29;On;On;Off; 31.8; 31.2;0;2;822;2;822;2;636;1;-
2026/04/05;09:12:41;100;-; 56.56; 0.7;-; 74.7; 74.5; 38.6; 18.2; 20.4;1529; 0.6; 0.6; 0.6;31; 21.8;F;1;29;On;On;Off; 31.8; 31.2;0;2;822;2;822;2;636;1;-
2026/04/05;09:13:40;100;-; 56.54; 0.5;-; 75.7; 74.0; 29.6; 0.0; 29.6;1529; 0.6; 0.6; 0.6;31; 21.8;F;1;29;On;On;Off; 31.8; 31.2;0;2;822;2;822;2;636;1;-
2026/04/05;09:14:40;100;-; 56.56; 0.7;-; 74.5; 74.8; 37.2; 25.0; 12.1;1529; 0.6; 0.6; 0.6;31; 21.8;F;1;29;On;On;Off; 31.8; 31.2;0;2;822;2;822;2;636;1;-
2026/04/05;09:15:40;100;-; 56.56; 0.5;-; 75.8; 74.2; 31.0; 3.0; 28.0;1529; 0.6; 0.6; 0.6;30; 21.8;F;1;29;On;On;Off; 31.8; 31.2;0;2;822;2;822;2;636;1;-
2026/04/05;09:16:40;100;-; 56.56; 0.5;-; 74.4; 75.7; 31.1; 31.1; 0.0;1529; 0.6; 0.6; 0.6;30; 21.8;F;1;29;On;On;Off; 31.8; 31.2;0;2;822;2;822;2;636;1;-
2026/04/05;09:17:40;100;-; 56.56; 0.6;-; 75.0; 75.3; 34.9; 11.4; 23.5;1529; 0.6; 0.6; 0.6;30; 21.8;F;1;29;On;On;Off; 31.8; 31.3;0;2;822;2;822;2;636;1;-
2026/04/05;09:18:40;100;-; 56.56; 0.6;-; 74.7; 75.6; 35.6; 31.1; 4.5;1529; 0.6; 0.6; 0.6;30; 21.8;F;1;29;On;On;Off; 31.8; 31.3;0;2;822;2;822;2;636;1;-
2026/04/05;09:19:40;100;-; 56.54; 0.8;-; 76.5; 74.0; 44.7; 0.0; 44.7;1529; 0.6; 0.6; 0.6;30; 21.8;F;1;29;On;On;Off; 31.8; 31.3;0;2;822;2;822;2;636;1;-
2026/04/05;09:20:40;100;-; 56.56; 0.6;-; 74.3; 76.7; 32.6; 32.6; 0.0;1529; 0.5; 0.6; 0.6;30; 21.8;F;1;29;On;On;Off; 31.8; 31.3;0;2;822;2;822;2;636;1;-
2026/04/05;09:21:40;100;-; 56.56; 0.7;-; 75.6; 73.8; 41.7; 6.1; 35.6;1529; 0.5; 0.6; 0.6;30; 21.8;F;1;29;On;On;Off; 31.8; 31.3;0;2;822;2;822;2;636;1;-
2026/04/05;09:22:40;100;-; 56.54; 0.5;-; 75.6; 74.7; 31.1; 13.6; 17.4;1529; 0.5; 0.6; 0.6;30; 21.8;F;1;29;On;On;Off; 31.8; 31.3;0;2;822;2;822;2;636;1;-
2026/04/05;09:23:40;100;-; 56.54; 0.5;-; 75.5; 74.7; 27.2; 14.4; 12.9;1529; 0.6; 0.6; 0.6;30; 21.8;F;1;29;On;On;Off; 31.8; 31.3;0;2;822;2;822;2;636;1;-
2026/04/05;09:24:40;100;-; 56.54; 0.5;-; 74.2; 75.9; 27.3; 27.3; 0.0;1529; 0.6; 0.6; 0.6;30; 21.8;F;1;29;On;On;Off; 31.8; 31.3;0;2;822;2;822;2;636;1;-
2026/04/05;09:25:40;100;-; 56.56; 0.8;-; 74.3; 75.1; 42.5; 22.8; 19.7;1529; 0.6; 0.6; 0.6;30; 21.8;F;1;29;On;On;Off; 31.8; 31.3;0;2;822;2;822;2;636;1;-
2026/04/05;09:26:40;100;-; 56.56; 0.6;-; 74.7; 74.7; 35.6; 17.4; 18.2;1529; 0.6; 0.6; 0.6;30; 21.8;F;1;29;On;On;Off; 31.8; 31.3;0;2;822;2;822;2;636;1;-
2026/04/05;09:27:40;100;-; 56.56; 0.7;-; 74.5; 74.1; 37.2; 12.1; 25.0;1529; 0.6; 0.6; 0.6;30; 21.8;F;1;29;On;On;Off; 31.8; 31.3;0;2;822;2;822;2;636;1;-
2026/04/05;09:28:39;100;-; 56.54; 0.6;-; 74.2; 73.7; 35.6; 14.4; 21.2;1529; 0.6; 0.6; 0.6;30; 21.8;F;1;29;On;On;Off; 31.8; 31.3;0;2;822;2;822;2;636;1;-
2026/04/05;09:29:39;100;-; 56.42; 0.4;-; 74.7; 73.6; 21.2; 0.0; 21.2;1529; 0.5; 0.5; 0.5;26; 21.8;F;1;29;On;On;Off; 30.4; 31.2;0;2;822;2;822;2;636;1;-
2026/04/05;09:30:39;100;-; 56.32; 0.4;-; 74.7; 73.5; 21.9; 0.0; 21.9;1529; 0.3; 0.4; 0.4;17; 21.8;F;1;29;On;On;Off; 29.6; 31.0;0;2;822;2;822;2;636;1;-
2026/04/05;09:31:39;100;-; 56.48; 0.8;-; 73.8; 73.7; 45.4; 21.9; 23.5;1529; 0.5; 0.5; 0.5;26; 21.8;F;1;29;On;On;Off; 31.2; 30.9;0;2;822;2;822;2;636;1;-
2026/04/05;09:32:39;100;-; 56.54; 0.7;-; 74.4; 74.6; 38.7; 22.8; 15.9;1529; 0.6; 0.6; 0.6;31; 21.8;F;1;29;On;On;Off; 31.5; 31.0;0;2;822;2;822;2;636;1;-
2026/04/05;09:33:39;100;-; 56.54; 0.5;-; 75.6; 74.6; 27.3; 6.1; 21.2;1529; 0.5; 0.6; 0.6;30; 21.8;F;1;29;On;On;Off; 31.6; 31.1;0;2;822;2;822;2;636;1;-
2026/04/05;09:34:39;100;-; 56.56; 0.6;-; 75.6; 74.3; 34.2; 7.6; 26.6;1530; 0.6; 0.6; 0.6;30; 21.8;F;1;29;On;On;Off; 31.6; 31.1;0;2;822;2;822;2;636;1;-
2026/04/05;09:35:39;100;-; 56.56; 0.6;-; 74.7; 74.8; 36.4; 9.9; 26.6;1530; 0.6; 0.6; 0.6;30; 21.8;F;1;29;On;On;Off; 31.6; 31.1;0;2;822;2;822;2;636;1;-
2026/04/05;09:36:39;100;-; 56.56; 0.7;-; 74.9; 75.1; 39.4; 26.6; 12.9;1530; 0.5; 0.6; 0.6;30; 21.8;F;1;29;On;On;Off; 31.7; 31.2;0;2;822;2;822;2;636;1;-
2026/04/05;09:37:39;100;-; 56.56; 0.6;-; 75.2; 75.1; 35.6; 22.8; 12.9;1530; 0.6; 0.6; 0.6;31; 21.8;F;1;29;On;On;Off; 31.7; 31.2;0;2;822;2;822;2;636;1;-
2026/04/05;09:38:39;100;-; 56.56; 0.6;-; 75.1; 75.9; 33.4; 33.4; 0.0;1530; 0.6; 0.6; 0.6;30; 21.8;F;1;29;On;On;Off; 31.7; 31.2;0;2;822;2;822;2;636;1;-
2026/04/05;09:39:39;100;-; 56.56; 0.8;-; 74.5; 77.2; 47.0; 47.0; 0.0;1530; 0.5; 0.6; 0.6;30; 21.8;F;1;29;On;On;Off; 31.7; 31.2;0;2;822;2;822;2;636;1;-
2026/04/05;09:40:39;100;-; 56.56; 0.9;-; 74.3; 77.3; 51.6; 51.6; 0.0;1530; 0.5; 0.6; 0.6;30; 21.8;F;1;29;On;On;Off; 31.8; 31.2;0;2;822;2;822;2;636;1;-
2026/04/05;09:41:39;100;-; 56.56; 0.7;-; 76.2; 76.7; 37.2; 37.2; 0.0;1530; 0.6; 0.6; 0.6;30; 21.8;F;1;29;On;On;Off; 31.8; 31.3;0;2;822;2;822;2;636;1;-
2026/04/05;09:42:39;100;-; 56.56; 0.5;-; 77.0; 76.6; 28.8; 21.2; 7.6;1530; 0.5; 0.6; 0.6;29; 21.8;F;1;29;On;On;Off; 31.8; 31.3;0;2;822;2;822;2;636;1;-
2026/04/05;09:43:39;100;-; 56.56; 0.8;-; 77.4; 76.0; 44.0; 0.0; 44.0;1530; 0.5; 0.6; 0.6;29; 21.8;F;1;29;On;On;Off; 31.8; 31.3;0;2;822;2;822;2;636;1;-
2026/04/05;09:44:38;100;-; 56.58; 0.7;-; 75.3; 77.7; 41.0; 41.0; 0.0;1530; 0.5; 0.6; 0.6;29; 21.8;F;1;29;On;On;Off; 31.8; 31.3;0;2;822;2;822;2;636;1;-
2026/04/05;09:45:38;100;-; 56.58; 0.6;-; 77.1; 76.5; 32.6; 3.0; 29.6;1530; 0.5; 0.6; 0.6;29; 21.8;F;1;29;On;On;Off; 31.8; 31.3;0;2;822;2;822;2;636;1;-
2026/04/05;09:46:38;100;-; 56.56; 1.0;-; 75.0; 77.9; 54.6; 54.6; 0.0;1530; 0.5; 0.6; 0.6;29; 21.8;F;1;29;On;On;Off; 31.9; 31.3;0;2;822;2;822;3;637;1;-
2026/04/05;09:47:38;100;-; 56.56; 1.0;-; 75.2; 77.6; 58.4; 58.4; 0.0;1530; 0.5; 0.6; 0.6;30; 21.8;F;1;29;On;On;Off; 31.9; 31.4;0;2;822;2;822;3;637;1;-
2026/04/05;09:48:38;100;-; 56.56; 0.7;-; 75.8; 77.2; 39.4; 39.4; 0.0;1530; 0.5; 0.6; 0.6;30; 21.8;F;1;29;On;On;Off; 31.9; 31.4;0;2;822;2;822;3;637;1;-
2026/04/05;09:49:38;100;-; 56.56; 0.9;-; 77.9; 74.9; 51.6; 0.0; 51.6;1530; 0.5; 0.6; 0.6;29; 21.8;F;1;29;On;On;Off; 31.9; 31.4;0;2;822;2;822;3;637;1;-
2026/04/05;09:50:38;100;-; 56.56; 0.6;-; 75.8; 77.5; 35.6; 35.6; 0.0;1530; 0.5; 0.6; 0.6;29; 21.8;F;1;29;On;On;Off; 31.9; 31.4;0;2;822;2;822;3;637;1;-
2026/04/05;09:51:38;100;-; 56.56; 0.9;-; 76.0; 77.0; 51.6; 51.6; 0.0;1530; 0.5; 0.6; 0.6;29; 21.8;F;1;29;On;On;Off; 31.9; 31.4;0;2;822;2;822;3;637;1;-
2026/04/05;09:52:38;100;-; 56.58; 0.8;-; 77.0; 75.8; 43.2; 0.0; 43.2;1530; 0.5; 0.6; 0.6;29; 21.8;F;1;29;On;On;Off; 31.9; 31.4;0;2;822;2;822;3;637;1;-
2026/04/05;09:53:38;100;-; 56.58; 0.5;-; 76.6; 76.5; 28.8; 20.5; 8.3;1530; 0.5; 0.6; 0.6;30; 21.8;F;1;29;On;On;Off; 31.9; 31.4;0;2;822;2;822;3;637;1;-
2026/04/05;09:54:38;100;-; 56.58; 0.9;-; 77.4; 75.0; 49.3; 0.0; 49.3;1530; 0.5; 0.6; 0.6;29; 21.8;F;1;29;On;On;Off; 31.9; 31.4;0;2;822;2;822;3;637;1;-
2026/04/05;09:55:38;100;-; 56.56; 0.7;-; 76.8; 75.8; 38.0; 7.6; 30.4;1530; 0.5; 0.6; 0.6;30; 21.8;F;1;29;On;On;Off; 31.9; 31.4;0;2;822;2;822;3;637;1;-
2026/04/05;09:56:38;100;-; 56.56; 0.6;-; 76.6; 76.3; 33.4; 12.1; 21.2;1530; 0.5; 0.6; 0.6;29; 21.8;F;1;29;On;On;Off; 31.9; 31.4;0;2;822;2;822;3;637;1;-
2026/04/05;09:57:38;100;-; 56.56; 0.6;-; 76.7; 75.8; 36.4; 8.3; 28.0;1530; 0.5; 0.6; 0.6;29; 21.8;F;1;29;On;On;Off; 31.9; 31.4;0;2;822;2;822;3;637;1;-
2026/04/05;09:58:38;100;-; 56.56; 0.6;-; 77.2; 76.1; 32.6; 8.3; 24.2;1530; 0.5; 0.6; 0.6;29; 21.8;F;1;29;On;On;Off; 31.9; 31.4;0;2;822;2;822;3;637;1;-
2026/04/05;09:59:37;100;-; 56.56; 0.9;-; 75.4; 77.4; 52.4; 52.4; 0.0;1530; 0.5; 0.6; 0.6;29; 21.8;F;1;29;On;On;Off; 31.9; 31.4;0;3;823;3;823;3;637;1;-
2026/04/05;10:00:37;100;-; 56.58; 0.5;-; 76.5; 76.7; 31.1; 30.4; 0.7;1530; 0.5; 0.6; 0.6;29; 21.8;F;1;29;On;On;Off; 32.0; 31.4;0;3;823;3;823;3;637;1;-
2026/04/05;10:01:37;100;-; 56.56; 0.5;-; 76.6; 76.2; 29.6; 19.0; 10.6;1530; 0.5; 0.6; 0.6;30; 21.8;F;1;29;On;On;Off; 31.9; 31.4;0;3;823;3;823;3;637;1;-
2026/04/05;10:02:37;100;-; 56.56; 0.8;-; 77.3; 74.8; 44.0; 0.0; 44.0;1530; 0.5; 0.6; 0.6;30; 21.8;F;1;29;On;On;Off; 32.0; 31.4;0;3;823;3;823;3;637;1;-
2026/04/05;10:03:37;100;-; 56.56; 0.5;-; 76.3; 76.3; 28.8; 8.3; 20.5;1530; 0.5; 0.6; 0.6;30; 21.8;F;1;29;On;On;Off; 32.0; 31.4;0;3;823;3;823;3;637;1;-
2026/04/05;10:04:37;100;-; 56.58; 0.7;-; 76.4; 76.3; 38.7; 0.0; 38.7;1530; 0.5; 0.6; 0.6;29; 21.8;F;1;29;On;On;Off; 32.0; 31.4;0;3;823;3;823;3;637;1;-
2026/04/05;10:05:37;100;-; 56.56; 0.5;-; 77.0; 76.2; 29.6; 19.0; 10.6;1530; 0.5; 0.6; 0.6;29; 21.8;F;1;29;On;On;Off; 32.0; 31.5;0;3;823;3;823;3;637;1;-
2026/04/05;10:06:37;100;-; 56.58; 0.6;-; 76.6; 76.4; 34.9; 34.2; 0.7;1530; 0.5; 0.6; 0.6;29; 21.8;F;1;29;On;On;Off; 32.0; 31.5;0;3;823;3;823;3;637;1;-
2026/04/05;10:07:37;100;-; 56.56; 0.4;-; 76.6; 77.2; 25.0; 13.6; 11.4;1530; 0.5; 0.6; 0.6;28; 21.8;F;1;29;On;On;Off; 32.0; 31.5;0;3;823;3;823;3;637;1;-
2026/04/05;10:08:37;100;-; 56.56; 0.6;-; 75.3; 77.5; 36.4; 35.6; 0.7;1530; 0.5; 0.6; 0.6;28; 21.8;F;1;29;On;On;Off; 32.0; 31.5;0;3;823;3;823;3;637;1;-
2026/04/05;10:09:37;100;-; 56.56; 0.9;-; 77.5; 74.4; 49.3; 0.0; 49.3;1530; 0.5; 0.6; 0.6;29; 21.8;F;1;29;On;On;Off; 32.0; 31.5;0;3;823;3;823;3;637;1;-
2026/04/05;10:10:37;100;-; 56.56; 0.5;-; 75.4; 77.0; 29.6; 29.6; 0.0;1530; 0.5; 0.6; 0.6;28; 21.8;F;1;29;On;On;Off; 32.0; 31.5;0;3;823;3;823;3;637;1;-
2026/04/05;10:11:37;100;-; 56.56; 0.7;-; 77.0; 74.1; 41.0; 0.0; 41.0;1530; 0.5; 0.6; 0.6;29; 21.8;F;1;29;On;On;Off; 32.0; 31.5;0;3;823;3;823;3;637;1;-
2026/04/05;10:12:37;100;-; 56.56; 0.4;-; 75.7; 76.2; 23.5; 17.4; 6.1;1530; 0.5; 0.6; 0.6;28; 21.8;F;1;29;On;On;Off; 32.0; 31.5;0;3;823;3;823;3;637;1;-
2026/04/05;10:13:37;100;-; 56.56; 0.6;-; 76.0; 74.4; 31.8; 4.5; 27.3;1530; 0.5; 0.6; 0.6;29; 21.8;F;1;29;On;On;Off; 32.0; 31.5;0;3;823;3;823;3;637;1;-
2026/04/05;10:14:36;100;-; 56.56; 0.7;-; 74.9; 74.9; 37.2; 23.5; 13.7;1530; 0.5; 0.6; 0.6;29; 21.8;F;1;29;On;On;Off; 31.9; 31.4;0;3;823;3;823;3;637;1;-
2026/04/05;10:15:36;100;-; 56.56; 0.6;-; 74.8; 74.6; 35.6; 13.6; 22.0;1530; 0.5; 0.6; 0.6;29; 21.8;F;1;29;On;On;Off; 31.9; 31.4;0;3;823;3;823;3;637;1;-
2026/04/05;10:16:36;100;-; 56.56; 0.6;-; 74.0; 75.4; 31.8; 24.2; 7.6;1530; 0.5; 0.6; 0.6;30; 21.8;F;1;29;On;On;Off; 31.9; 31.4;0;3;823;3;823;3;637;1;-
2026/04/05;10:17:36;100;-; 56.56; 0.6;-; 74.1; 75.5; 35.6; 24.2; 11.4;1530; 0.5; 0.6; 0.6;29; 21.8;F;1;29;On;On;Off; 31.9; 31.4;0;3;823;3;823;3;637;1;-
2026/04/05;10:18:36;100;-; 56.58; 0.7;-; 75.0; 74.3; 39.4; 14.4; 25.0;1530; 0.5; 0.6; 0.6;29; 21.8;F;1;29;On;On;Off; 31.9; 31.4;0;3;823;3;823;3;637;1;-
2026/04/05;10:19:36;100;-; 56.56; 0.6;-; 73.8; 76.0; 32.6; 31.1; 1.5;1530; 0.5; 0.6; 0.6;29; 21.8;F;1;29;On;On;Off; 31.9; 31.4;0;3;823;3;823;3;637;1;-
2026/04/05;10:20:36;100;-; 56.56; 0.5;-; 75.3; 74.9; 29.5; 5.3; 24.2;1530; 0.5; 0.6; 0.6;29; 21.8;F;1;29;On;On;Off; 32.0; 31.4;0;3;823;3;823;3;637;1;-
2026/04/05;10:21:36;100;-; 56.56; 0.6;-; 74.0; 75.8; 35.6; 23.5; 12.1;1530; 0.5; 0.6; 0.6;29; 21.8;F;1;29;On;On;Off; 31.9; 31.4;0;3;823;3;823;3;637;1;-
2026/04/05;10:22:36;100;-; 56.54; 0.5;-; 76.5; 74.0; 30.4; 0.0; 30.4;1530; 0.5; 0.6; 0.6;29; 21.8;F;1;29;On;On;Off; 31.9; 31.4;0;3;823;3;823;3;637;1;-
2026/04/05;10:23:36;100;-; 56.58; 0.7;-; 74.2; 76.0; 37.9; 28.0; 9.9;1530; 0.5; 0.6; 0.6;30; 21.8;F;1;29;On;On;Off; 32.0; 31.4;0;3;823;3;823;3;637;1;-
2026/04/05;10:24:36;100;-; 56.56; 0.7;-; 73.9; 76.8; 39.4; 39.4; 0.0;1530; 0.5; 0.6; 0.6;30; 21.8;F;1;29;On;On;Off; 32.0; 31.4;0;3;823;3;823;3;637;1;-
2026/04/05;10:25:36;100;-; 56.56; 0.6;-; 75.7; 75.5; 36.4; 6.1; 30.4;1530; 0.5; 0.6; 0.6;29; 21.8;F;1;29;On;On;Off; 32.0; 31.5;0;3;823;3;823;3;637;1;-
2026/04/05;10:26:36;100;-; 56.56; 0.7;-; 74.1; 76.6; 41.0; 41.0; 0.0;1530; 0.5; 0.6; 0.6;29; 21.8;F;1;29;On;On;Off; 32.0; 31.5;0;3;823;3;823;3;637;1;-
2026/04/05;10:27:36;100;-; 56.58; 0.8;-; 73.8; 76.6; 44.8; 44.8; 0.0;1530; 0.5; 0.6; 0.6;28; 21.8;F;1;29;On;On;Off; 32.0; 31.5;0;3;823;3;823;3;637;1;-
2026/04/05;10:28:36;100;-; 56.56; 0.7;-; 73.9; 76.9; 41.8; 41.8; 0.0;1530; 0.5; 0.6; 0.6;28; 21.8;F;1;29;On;On;Off; 32.0; 31.5;0;3;823;3;823;3;637;1;-
2026/04/05;10:29:35;100;-; 56.56; 0.8;-; 77.1; 74.5; 44.0; 0.0; 44.0;1530; 0.5; 0.6; 0.6;28; 21.8;F;1;29;On;On;Off; 32.0; 31.5;0;3;823;3;823;3;637;1;-
2026/04/05;10:30:35;100;-; 56.56; 0.6;-; 75.5; 76.8; 35.6; 35.6; 0.0;1530; 0.5; 0.6; 0.6;28; 21.8;F;1;29;On;On;Off; 32.0; 31.5;0;3;823;3;823;3;637;1;-
2026/04/05;10:31:35;100;-; 56.56; 0.8;-; 74.7; 77.3; 45.6; 45.6; 0.0;1530; 0.5; 0.6; 0.6;28; 21.8;F;1;29;On;On;Off; 32.0; 31.5;0;3;823;3;823;3;637;1;-
2026/04/05;10:32:35;100;-; 56.56; 0.5;-; 76.9; 76.5; 25.8; 2.3; 23.5;1530; 0.5; 0.6; 0.6;29; 21.8;F;1;29;On;On;Off; 32.0; 31.5;0;3;823;3;823;3;637;1;-
2026/04/05;10:33:35;100;-; 56.58; 0.6;-; 75.7; 77.6; 35.6; 35.6; 0.0;1530; 0.5; 0.6; 0.6;28; 21.8;F;1;29;On;On;Off; 32.0; 31.5;0;3;823;3;823;3;637;1;-
2026/04/05;10:34:35;100;-; 56.58; 1.1;-; 78.1; 75.3; 64.5; 0.0; 64.5;1531; 0.5; 0.6; 0.6;28; 21.8;F;1;29;On;On;Off; 32.0; 31.5;0;3;823;3;823;3;637;1;-
2026/04/05;10:35:35;100;-; 56.56; 0.6;-; 76.8; 77.3; 34.2; 22.8; 11.4;1531; 0.5; 0.6; 0.6;27; 21.8;F;1;29;On;On;Off; 32.0; 31.5;0;3;823;3;823;3;637;1;-
2026/04/05;10:36:35;100;-; 56.56; 0.5;-; 77.4; 77.5; 28.8; 19.7; 9.1;1531; 0.5; 0.6; 0.6;28; 21.8;F;1;29;On;On;Off; 32.0; 31.5;0;3;823;3;823;3;637;1;-
2026/04/05;10:37:35;100;-; 56.56; 0.7;-; 78.2; 76.8; 40.2; 0.0; 40.2;1531; 0.5; 0.6; 0.6;28; 21.8;F;1;29;On;On;Off; 32.0; 31.5;0;3;823;3;823;3;637;1;-
2026/04/05;10:38:35;100;-; 56.58; 0.7;-; 76.7; 77.9; 38.7; 36.4; 2.3;1531; 0.5; 0.6; 0.6;29; 21.8;F;1;29;On;On;Off; 32.1; 31.6;0;3;823;3;823;3;637;1;-
2026/04/05;10:39:35;100;-; 56.56; 0.6;-; 78.2; 76.9; 33.4; 0.0; 33.4;1531; 0.5; 0.6; 0.6;28; 21.8;F;1;29;On;On;Off; 32.1; 31.6;0;3;823;3;823;3;637;1;-
2026/04/05;10:40:35;100;-; 56.56; 0.9;-; 78.3; 76.6; 50.8; 0.0; 50.8;1531; 0.5; 0.6; 0.6;28; 21.8;F;1;29;On;On;Off; 32.1; 31.6;0;3;823;3;823;3;637;1;-
2026/04/05;10:41:35;100;-; 56.56; 0.5;-; 77.6; 77.4; 30.4; 3.8; 26.6;1531; 0.5; 0.6; 0.6;28; 21.8;F;1;29;On;On;Off; 32.1; 31.6;0;3;823;3;823;3;637;1;-
2026/04/05;10:42:35;100;-; 56.56; 0.7;-; 77.9; 77.0; 41.7; 1.5; 40.2;1531; 0.5; 0.6; 0.6;28; 21.8;F;1;29;On;On;Off; 32.1; 31.6;0;3;823;3;823;3;637;1;-
2026/04/05;10:43:35;100;-; 56.58; 0.6;-; 77.0; 78.1; 34.8; 24.2; 10.6;1531; 0.5; 0.6; 0.6;28; 21.8;F;1;29;On;On;Off; 32.1; 31.6;0;3;823;3;823;3;637;1;-
2026/04/05;10:44:34;100;-; 56.56; 0.5;-; 77.6; 77.8; 28.0; 3.8; 24.2;1531; 0.5; 0.6; 0.6;27; 21.8;F;1;29;On;On;Off; 32.1; 31.6;0;3;823;3;823;3;637;1;-
2026/04/05;10:45:34;100;-; 56.58; 0.6;-; 77.3; 78.0; 32.6; 25.0; 7.6;1531; 0.5; 0.6; 0.6;27; 21.8;F;1;29;On;On;Off; 32.1; 31.6;0;3;823;3;823;3;637;1;-
2026/04/05;10:46:34;100;-; 56.58; 1.0;-; 78.2; 76.8; 53.9; 0.0; 53.9;1531; 0.5; 0.6; 0.6;28; 21.8;F;1;29;On;On;Off; 32.1; 31.6;0;3;823;3;823;3;637;1;-
2026/04/05;10:47:34;100;-; 56.58; 0.7;-; 77.0; 77.9; 38.7; 38.7; 0.0;1531; 0.5; 0.6; 0.6;28; 21.8;F;1;29;On;On;Off; 32.1; 31.6;0;3;823;3;823;3;637;1;-
2026/04/05;10:48:34;100;-; 56.56; 0.7;-; 78.0; 76.9; 39.4; 0.0; 39.4;1531; 0.5; 0.6; 0.6;27; 21.8;F;1;29;On;On;Off; 32.1; 31.6;0;3;823;3;823;3;637;1;-
2026/04/05;10:49:34;100;-; 56.56; 0.8;-; 78.0; 76.5; 44.0; 0.0; 44.0;1531; 0.5; 0.6; 0.6;28; 21.8;F;1;29;On;On;Off; 32.1; 31.6;0;3;823;3;823;3;637;1;-
2026/04/05;10:50:34;100;-; 56.56; 0.5;-; 76.8; 77.0; 25.8; 2.3; 23.5;1531; 0.5; 0.6; 0.6;28; 21.8;F;1;29;On;On;Off; 32.1; 31.6;0;3;823;3;823;3;637;1;-
2026/04/05;10:51:34;100;-; 56.56; 0.5;-; 76.6; 76.0; 28.0; 12.9; 15.2;1531; 0.5; 0.6; 0.6;28; 21.8;F;1;29;On;On;Off; 32.1; 31.6;0;3;823;3;823;3;637;1;-
2026/04/05;10:52:34;100;-; 56.58; 0.9;-; 74.2; 76.6; 51.6; 51.6; 0.0;1531; 0.5; 0.6; 0.6;28; 21.8;F;1;29;On;On;Off; 32.1; 31.6;0;3;823;3;823;3;637;1;-
2026/04/05;10:53:34;100;-; 56.56; 0.5;-; 74.7; 76.1; 31.1; 31.1; 0.0;1531; 0.5; 0.6; 0.6;29; 21.8;F;1;29;On;On;Off; 32.1; 31.6;0;3;823;3;823;3;637;1;-
2026/04/05;10:54:34;100;-; 56.56; 0.8;-; 74.9; 73.7; 44.8; 9.9; 34.9;1531; 0.5; 0.6; 0.6;29; 21.8;F;1;29;On;On;Off; 32.1; 31.6;0;3;823;3;823;3;637;1;-
2026/04/05;10:55:34;100;-; 56.54; 0.7;-; 73.9; 74.8; 37.2; 25.8; 11.4;1531; 0.5; 0.6; 0.6;29; 21.8;F;1;29;On;On;Off; 32.1; 31.6;0;3;823;3;823;3;637;1;-
2026/04/05;10:56:34;100;-; 56.56; 0.6;-; 74.4; 74.2; 35.6; 18.2; 17.4;1531; 0.5; 0.6; 0.6;29; 21.8;F;1;29;On;On;Off; 32.1; 31.5;0;3;823;3;823;3;637;1;-
2026/04/05;10:57:34;100;-; 56.56; 0.5;-; 75.4; 73.8; 25.8; 4.5; 21.2;1531; 0.5; 0.6; 0.6;29; 21.8;F;1;29;On;On;Off; 32.1; 31.5;0;3;823;3;823;3;637;1;-
2026/04/05;10:58:34;100;-; 56.54; 0.5;-; 75.5; 73.9; 27.2; 3.0; 24.2;1531; 0.5; 0.6; 0.6;30; 21.8;F;1;29;On;On;Off; 32.1; 31.5;0;3;823;3;823;3;637;1;-
2026/04/05;10:59:33;100;-; 56.56; 0.5;-; 74.1; 75.6; 29.6; 26.6; 3.0;1531; 0.5; 0.6; 0.6;30; 21.8;F;1;29;On;On;Off; 32.1; 31.5;0;3;823;3;823;3;637;1;-
2026/04/05;11:00:33;100;-; 56.56; 0.6;-; 74.0; 75.6; 31.8; 31.1; 0.7;1531; 0.5; 0.6; 0.6;29; 21.8;F;1;29;On;On;Off; 32.0; 31.5;0;3;823;3;823;3;637;1;-
2026/04/05;11:01:33;100;-; 56.56; 0.7;-; 74.0; 75.0; 37.2; 25.0; 12.1;1531; 0.5; 0.6; 0.6;29; 21.8;F;1;29;On;On;Off; 32.0; 31.5;0;3;823;3;823;3;637;1;-
2026/04/05;11:02:33;100;-; 56.54; 0.6;-; 75.8; 73.8; 31.8; 0.0; 31.8;1531; 0.5; 0.6; 0.6;29; 21.8;F;1;29;On;On;Off; 32.1; 31.5;0;3;823;3;823;3;637;1;-
2026/04/05;11:03:33;100;-; 56.56; 0.6;-; 74.7; 75.4; 35.6; 19.7; 15.9;1531; 0.5; 0.6; 0.6;29; 21.8;F;1;29;On;On;Off; 32.0; 31.5;0;3;823;3;823;3;637;1;-
2026/04/05;11:04:33;100;-; 56.56; 0.6;-; 75.3; 74.6; 35.6; 9.9; 25.8;1531; 0.5; 0.6; 0.6;29; 21.8;F;1;29;On;On;Off; 32.1; 31.5;0;3;823;3;823;3;637;1;-
2026/04/05;11:05:33;100;-; 56.56; 0.7;-; 73.8; 76.4; 37.9; 37.9; 0.0;1531; 0.5; 0.6; 0.6;29; 21.8;F;1;29;On;On;Off; 32.1; 31.5;0;3;823;3;823;3;637;1;-
2026/04/05;11:06:33;100;-; 56.56; 0.6;-; 76.0; 74.3; 31.8; 8.3; 23.5;1531; 0.5; 0.6; 0.6;29; 21.8;F;1;29;On;On;Off; 32.0; 31.5;0;3;823;3;823;3;637;1;-
2026/04/05;11:07:33;100;-; 56.56; 0.7;-; 75.3; 74.4; 39.4; 17.5; 22.0;1531; 0.5; 0.6; 0.6;29; 21.8;F;1;29;On;On;Off; 32.0; 31.5;0;3;823;3;823;3;637;1;-
2026/04/05;11:08:33;100;-; 56.56; 0.7;-; 75.1; 74.2; 38.6; 16.7; 22.0;1531; 0.5; 0.6; 0.6;29; 21.8;F;1;29;On;On;Off; 32.0; 31.5;0;3;823;3;823;3;637;1;-
2026/04/05;11:09:33;100;-; 56.56; 0.8;-; 74.4; 74.7; 44.8; 22.8; 22.0;1531; 0.5; 0.6; 0.6;28; 21.8;F;1;29;On;On;Off; 32.0; 31.5;0;3;823;3;823;3;637;1;-
2026/04/05;11:10:33;100;-; 56.56; 0.6;-; 75.4; 73.9; 34.9; 0.7; 34.2;1531; 0.5; 0.6; 0.6;29; 21.8;F;1;29;On;On;Off; 32.0; 31.5;0;3;823;3;823;3;637;1;-
2026/04/05;11:11:33;100;-; 56.56; 0.5;-; 74.0; 75.7; 30.3; 27.3; 3.0;1531; 0.5; 0.6; 0.6;29; 21.8;F;1;29;On;On;Off; 32.0; 31.5;0;3;823;3;823;3;637;1;-
2026/04/05;11:12:33;100;-; 56.56; 0.6;-; 74.7; 74.3; 34.9; 9.9; 25.0;1531; 0.5; 0.6; 0.6;29; 21.8;F;1;29;On;On;Off; 32.0; 31.5;0;3;823;3;823;3;637;1;-
2026/04/05;11:13:33;100;-; 56.56; 0.7;-; 74.0; 74.4; 40.2; 16.7; 23.5;1531; 0.5; 0.6; 0.6;30; 21.8;F;1;29;On;On;Off; 32.0; 31.5;0;3;823;3;823;3;637;1;-
2026/04/05;11:14:32;100;-; 56.56; 0.6;-; 75.1; 73.9; 34.1; 12.9; 21.2;1531; 0.5; 0.6; 0.6;29; 21.8;F;1;29;On;On;Off; 32.0; 31.5;0;3;823;3;823;3;637;1;-
2026/04/05;11:15:32;100;-; 56.56; 0.6;-; 75.6; 74.2; 35.6; 14.4; 21.2;1531; 0.5; 0.6; 0.6;30; 21.8;F;1;29;On;On;Off; 32.0; 31.5;0;3;823;3;823;3;637;1;-
2026/04/05;11:16:32;100;-; 56.56; 0.5;-; 75.7; 75.4; 30.3; 4.5; 25.8;1531; 0.5; 0.6; 0.6;29; 21.8;F;1;29;On;On;Off; 32.0; 31.5;0;3;823;3;823;3;637;1;-
2026/04/05;11:17:32;100;-; 56.56; 1.0;-; 74.0; 77.3; 58.4; 58.4; 0.0;1531; 0.5; 0.6; 0.6;29; 21.8;F;1;29;On;On;Off; 32.0; 31.5;0;3;823;3;823;3;637;1;-
2026/04/05;11:18:32;100;-; 56.56; 0.5;-; 77.6; 75.2; 28.0; 6.8; 21.2;1531; 0.5; 0.6; 0.6;29; 21.8;F;1;29;On;On;Off; 32.0; 31.5;0;3;823;3;823;3;637;1;-
2026/04/05;11:19:32;100;-; 56.56; 0.9;-; 75.7; 77.7; 50.1; 50.1; 0.0;1531; 0.5; 0.6; 0.6;28; 21.8;F;1;29;On;On;Off; 32.0; 31.5;0;3;823;3;823;3;637;1;-
2026/04/05;11:20:32;100;-; 56.58; 0.8;-; 75.7; 77.6; 43.2; 43.2; 0.0;1531; 0.5; 0.6; 0.6;28; 21.8;F;1;29;On;On;Off; 32.0; 31.5;0;3;823;3;823;3;637;1;-
2026/04/05;11:21:32;100;-; 56.58; 0.9;-; 75.4; 78.0; 49.3; 49.3; 0.0;1531; 0.5; 0.6; 0.6;28; 21.8;F;1;29;On;On;Off; 32.1; 31.5;0;3;823;3;823;3;637;1;-
2026/04/05;11:22:32;100;-; 56.56; 0.7;-; 76.8; 78.0; 40.2; 40.2; 0.0;1531; 0.5; 0.6; 0.6;28; 21.8;F;1;29;On;On;Off; 32.0; 31.6;0;3;823;3;823;3;637;1;-
2026/04/05;11:23:32;100;-; 56.56; 0.5;-; 77.1; 77.6; 28.0; 24.2; 3.8;1531; 0.5; 0.6; 0.6;27; 21.8;F;1;29;On;On;Off; 32.0; 31.6;0;3;823;3;823;3;637;1;-
2026/04/05;11:24:32;100;-; 56.56; 0.5;-; 78.4; 77.1; 29.6; 0.0; 29.6;1531; 0.5; 0.6; 0.6;28; 21.8;F;1;29;On;On;Off; 32.1; 31.6;0;3;823;3;823;3;637;1;-
2026/04/05;11:25:32;100;-; 56.58; 0.8;-; 78.4; 76.5; 44.8; 0.0; 44.8;1531; 0.5; 0.6; 0.6;28; 21.8;F;1;29;On;On;Off; 32.1; 31.6;0;3;823;3;823;3;637;1;-
2026/04/05;11:26:32;100;-; 56.56; 0.6;-; 78.2; 77.0; 34.2; 0.0; 34.2;1531; 0.5; 0.6; 0.6;28; 21.8;F;1;29;On;On;Off; 32.1; 31.6;0;3;823;3;823;3;637;1;-
2026/04/05;11:27:32;100;-; 56.56; 0.7;-; 77.5; 78.5; 41.7; 41.7; 0.0;1531; 0.5; 0.6; 0.6;28; 21.8;F;1;29;On;On;Off; 32.1; 31.6;0;3;823;3;823;3;637;1;-
2026/04/05;11:28:32;100;-; 56.58; 0.4;-; 78.3; 77.4; 23.5; 8.3; 15.2;1531; 0.5; 0.6; 0.6;27; 21.8;F;1;29;On;On;Off; 32.1; 31.6;0;3;823;3;823;4;638;1;-
2026/04/05;11:29:32;100;-; 56.58; 0.7;-; 76.9; 78.6; 40.2; 40.2; 0.0;1531; 0.5; 0.6; 0.6;27; 21.8;F;1;29;On;On;Off; 32.1; 31.6;0;3;823;3;823;4;638;1;-
2026/04/05;11:30:31;100;-; 56.56; 0.5;-; 78.6; 77.7; 25.8; 10.6; 15.2;1531; 0.5; 0.6; 0.6;27; 21.7;F;1;29;On;On;Off; 32.1; 31.6;0;3;823;3;823;4;638;1;-
2026/04/05;11:31:31;100;-; 56.56; 0.4;-; 77.9; 78.5; 23.5; 23.5; 0.0;1531; 0.5; 0.6; 0.6;27; 21.7;F;1;29;On;On;Off; 32.1; 31.6;0;3;823;3;823;4;638;1;-
2026/04/05;11:32:31;100;-; 56.56; 0.5;-; 77.6; 77.9; 30.3; 28.0; 2.3;1531; 0.5; 0.6; 0.6;27; 21.8;F;1;29;On;On;Off; 32.1; 31.6;0;3;823;3;823;4;638;1;-
2026/04/05;11:33:31;100;-; 56.58; 0.6;-; 77.1; 78.0; 31.8; 27.3; 4.5;1531; 0.5; 0.6; 0.6;27; 21.7;F;1;29;On;On;Off; 32.1; 31.6;0;3;823;3;823;4;638;1;-
2026/04/05;11:34:31;100;-; 56.58; 0.6;-; 77.5; 77.2; 33.4; 15.9; 17.5;1532; 0.5; 0.6; 0.6;27; 21.7;F;1;29;On;On;Off; 32.1; 31.6;0;3;823;3;823;4;638;1;-
2026/04/05;11:35:31;100;-; 56.56; 0.6;-; 77.8; 76.6; 31.8; 18.2; 13.7;1532; 0.5; 0.6; 0.6;27; 21.7;F;1;29;On;On;Off; 32.1; 31.6;0;3;823;3;823;4;638;1;-
2026/04/05;11:36:31;100;-; 56.58; 0.7;-; 75.9; 77.8; 39.4; 33.4; 6.1;1532; 0.5; 0.6; 0.6;27; 21.7;F;1;29;On;On;Off; 32.1; 31.6;0;3;823;3;823;4;638;1;-
2026/04/05;11:37:31;100;-; 56.56; 0.8;-; 76.0; 77.7; 44.8; 44.8; 0.0;1532; 0.5; 0.6; 0.6;27; 21.7;F;1;29;On;On;Off; 32.1; 31.6;0;3;823;3;823;4;638;1;-
2026/04/05;11:38:31;100;-; 56.58; 0.7;-; 76.1; 77.5; 37.2; 37.2; 0.0;1532; 0.5; 0.6; 0.6;28; 21.7;F;1;29;On;On;Off; 32.1; 31.6;0;3;823;3;823;4;638;1;-
2026/04/05;11:39:31;100;-; 56.56; 0.6;-; 77.4; 75.7; 36.4; 0.0; 36.4;1532; 0.5; 0.6; 0.6;27; 21.7;F;1;29;On;On;Off; 32.1; 31.6;0;3;823;3;823;4;638;1;-
2026/04/05;11:40:31;100;-; 56.56; 0.5;-; 75.7; 77.3; 31.1; 31.1; 0.0;1532; 0.5; 0.6; 0.6;27; 21.7;F;1;29;On;On;Off; 32.1; 31.6;0;3;823;3;823;4;638;1;-
2026/04/05;11:41:31;100;-; 56.56; 0.5;-; 75.9; 76.8; 31.0; 20.5; 10.6;1532; 0.5; 0.6; 0.6;27; 21.7;F;1;29;On;On;Off; 32.1; 31.6;0;3;823;3;823;4;638;1;-
2026/04/05;11:42:31;100;-; 56.56; 0.6;-; 75.3; 77.2; 31.8; 31.8; 0.0;1532; 0.5; 0.6; 0.6;27; 21.7;F;1;29;On;On;Off; 32.1; 31.6;0;4;824;4;824;4;638;1;-
2026/04/05;11:43:31;100;-; 56.58; 1.0;-; 77.2; 74.0; 55.4; 0.0; 55.4;1532; 0.5; 0.6; 0.6;27; 21.7;F;1;29;On;On;Off; 32.1; 31.6;0;4;824;4;824;4;638;1;-
2026/04/05;11:44:31;100;-; 56.56; 1.0;-; 77.2; 74.3; 55.4; 0.0; 55.4;1532; 0.5; 0.6; 0.6;27; 21.7;F;1;29;On;On;Off; 32.1; 31.6;0;4;824;4;824;4;638;1;-
2026/04/05;11:45:30;100;-; 56.58; 1.0;-; 77.0; 74.3; 59.2; 0.0; 59.2;1532; 0.5; 0.6; 0.6;27; 21.7;F;1;29;On;On;Off; 32.1; 31.6;0;4;824;4;824;4;638;1;-
2026/04/05;11:46:30;100;-; 56.56; 0.8;-; 76.5; 75.3; 43.2; 0.0; 43.2;1532; 0.5; 0.6; 0.6;27; 21.7;F;1;29;On;On;Off; 32.1; 31.6;0;4;824;4;824;4;638;1;-
2026/04/05;11:47:30;100;-; 56.56; 0.7;-; 76.5; 75.0; 41.0; 0.0; 41.0;1532; 0.5; 0.6; 0.6;27; 21.7;F;1;29;On;On;Off; 32.1; 31.6;0;4;824;4;824;4;638;1;-
2026/04/05;11:48:30;100;-; 56.56; 0.8;-; 74.9; 76.6; 46.3; 46.3; 0.0;1532; 0.5; 0.6; 0.6;27; 21.7;F;1;29;On;On;Off; 32.1; 31.6;0;4;824;4;824;4;638;1;-
2026/04/05;11:49:30;100;-; 56.58; 0.8;-; 75.4; 76.7; 46.3; 46.3; 0.0;1532; 0.5; 0.6; 0.6;28; 21.7;F;1;29;On;On;Off; 32.1; 31.6;0;4;824;4;824;4;638;1;-
2026/04/05;11:50:30;100;-; 56.56; 0.6;-; 76.2; 76.3; 34.1; 20.4; 13.6;1532; 0.5; 0.6; 0.6;29; 21.7;F;1;29;On;On;Off; 32.1; 31.6;0;4;824;4;824;4;638;1;-
2026/04/05;11:51:30;100;-; 56.56; 0.7;-; 75.0; 77.3; 38.7; 38.7; 0.0;1532; 0.5; 0.6; 0.6;27; 21.7;F;1;29;On;On;Off; 32.1; 31.6;0;4;824;4;824;4;638;1;-
2026/04/05;11:52:30;100;-; 56.58; 0.8;-; 75.4; 77.2; 43.2; 43.2; 0.0;1532; 0.5; 0.6; 0.6;27; 21.7;F;1;29;On;On;Off; 32.1; 31.6;0;4;824;4;824;4;638;1;-
2026/04/05;11:53:30;100;-; 56.56; 0.4;-; 77.1; 76.4; 23.5; 19.7; 3.8;1532; 0.5; 0.6; 0.6;27; 21.7;F;1;29;On;On;Off; 32.1; 31.6;0;4;824;4;824;4;638;1;-
2026/04/05;11:54:30;100;-; 56.56; 0.8;-; 77.3; 76.1; 42.5; 0.0; 42.5;1532; 0.5; 0.6; 0.6;26; 21.7;F;1;29;On;On;Off; 32.1; 31.6;0;4;824;4;824;4;638;1;-
2026/04/05;11:55:30;100;-; 56.56; 0.5;-; 76.5; 76.7; 28.0; 20.4; 7.6;1532; 0.5; 0.6; 0.6;27; 21.8;F;1;29;On;On;Off; 32.1; 31.6;0;4;824;4;824;4;638;1;-
2026/04/05;11:56:30;100;-; 56.56; 0.7;-; 75.9; 77.0; 37.9; 17.5; 20.5;1532; 0.5; 0.6; 0.6;28; 21.8;F;1;29;On;On;Off; 32.2; 31.6;0;4;824;4;824;4;638;1;-
2026/04/05;11:57:30;100;-; 56.56; 0.6;-; 75.8; 77.6; 36.4; 36.4; 0.0;1532; 0.5; 0.6; 0.6;28; 21.8;F;1;29;On;On;Off; 32.2; 31.6;0;4;824;4;824;4;638;1;-
2026/04/05;11:58:30;100;-; 56.56; 0.5;-; 77.1; 76.5; 28.8; 0.0; 28.8;1532; 0.5; 0.6; 0.6;27; 21.7;F;1;29;On;On;Off; 32.2; 31.7;0;4;824;4;824;4;638;1;-
2026/04/05;11:59:30;100;-; 56.56; 0.7;-; 77.6; 75.4; 39.4; 2.3; 37.2;1532; 0.5; 0.6; 0.6;27; 21.8;F;1;29;On;On;Off; 32.2; 31.7;0;4;824;4;824;4;638;1;-
2026/04/05;12:00:29;100;-; 56.58; 0.6;-; 76.9; 76.7; 34.9; 2.3; 32.6;1532; 0.5; 0.6; 0.6;27; 21.8;F;1;29;On;On;Off; 32.2; 31.7;0;4;824;4;824;4;638;1;-
2026/04/05;12:01:29;100;-; 56.58; 0.6;-; 77.2; 77.0; 33.4; 33.4; 0.0;1532; 0.5; 0.6; 0.6;27; 21.8;F;1;29;On;On;Off; 32.2; 31.7;0;4;824;4;824;4;638;1;-
2026/04/05;12:02:29;100;-; 56.56; 0.7;-; 76.7; 77.4; 38.0; 38.0; 0.0;1532; 0.5; 0.6; 0.6;27; 21.7;F;1;29;On;On;Off; 32.2; 31.7;0;4;824;4;824;4;638;1;-
2026/04/05;12:03:29;100;-; 56.56; 0.5;-; 77.3; 76.6; 29.5; 5.3; 24.2;1532; 0.5; 0.6; 0.6;27; 21.8;F;1;29;On;On;Off; 32.2; 31.7;0;4;824;4;824;4;638;1;-
2026/04/05;12:04:29;100;-; 56.58; 1.0;-; 75.9; 77.8; 54.6; 54.6; 0.0;1532; 0.5; 0.6; 0.6;27; 21.8;F;1;29;On;On;Off; 32.2; 31.7;0;4;824;4;824;4;638;1;-
2026/04/05;12:05:29;100;-; 56.56; 0.6;-; 75.5; 78.0; 34.8; 33.4; 1.5;1532; 0.5; 0.6; 0.6;27; 21.8;F;1;29;On;On;Off; 32.2; 31.7;0;4;824;4;824;4;638;1;-
2026/04/05;12:06:29;100;-; 56.58; 0.8;-; 76.2; 77.8; 44.8; 44.8; 0.0;1532; 0.5; 0.6; 0.6;27; 21.8;F;1;29;On;On;Off; 32.2; 31.7;0;4;824;4;824;4;638;1;-
2026/04/05;12:07:29;100;-; 56.56; 0.8;-; 76.5; 77.7; 44.8; 44.8; 0.0;1532; 0.5; 0.6; 0.6;27; 21.8;F;1;29;On;On;Off; 32.2; 31.7;0;4;824;4;824;4;638;1;-
2026/04/05;12:08:29;100;-; 56.58; 0.7;-; 77.5; 76.6; 41.7; 25.8; 15.9;1532; 0.5; 0.6; 0.6;27; 21.8;F;1;29;On;On;Off; 32.2; 31.7;0;4;824;4;824;4;638;1;-
2026/04/05;12:09:29;100;-; 56.56; 0.4;-; 78.2; 77.0; 24.2; 0.0; 24.2;1532; 0.5; 0.6; 0.6;26; 21.8;F;1;29;On;On;Off; 32.2; 31.7;0;4;824;4;824;4;638;1;-
2026/04/05;12:10:29;100;-; 56.56; 0.5;-; 77.0; 78.1; 25.8; 25.8; 0.0;1532; 0.5; 0.6; 0.6;27; 21.8;F;1;29;On;On;Off; 32.2; 31.7;0;4;824;4;824;4;638;1;-
2026/04/05;12:11:29;100;-; 56.56; 0.7;-; 78.1; 76.9; 41.7; 0.0; 41.7;1532; 0.5; 0.6; 0.6;28; 21.8;F;1;29;On;On;Off; 32.3; 31.7;0;4;824;4;824;4;638;1;-
2026/04/05;12:12:29;100;-; 56.56; 0.6;-; 77.1; 77.5; 34.8; 20.5; 14.4;1532; 0.5; 0.6; 0.6;27; 21.8;F;1;29;On;On;Off; 32.3; 31.8;0;4;824;4;824;4;638;1;-
2026/04/05;12:13:29;100;-; 56.56; 0.9;-; 76.1; 78.1; 53.1; 53.1; 0.0;1532; 0.5; 0.6; 0.6;27; 21.8;F;1;29;On;On;Off; 32.3; 31.8;0;4;824;4;824;4;638;1;-
2026/04/05;12:14:29;100;-; 56.56; 0.8;-; 78.1; 76.5; 47.0; 0.0; 47.0;1532; 0.5; 0.6; 0.6;27; 21.8;F;1;29;On;On;Off; 32.3; 31.8;0;4;824;4;824;4;638;1;-
2026/04/05;12:15:28;100;-; 56.58; 1.1;-; 75.6; 77.9; 62.2; 62.2; 0.0;1532; 0.5; 0.6; 0.6;27; 21.8;F;1;29;On;On;Off; 32.3; 31.7;0;4;824;4;824;4;638;1;-
2026/04/05;12:16:28;100;-; 56.56; 0.5;-; 76.7; 77.4; 28.0; 16.7; 11.4;1532; 0.5; 0.6; 0.6;27; 21.8;F;1;29;On;On;Off; 32.3; 31.7;0;4;824;4;824;4;638;1;-
2026/04/05;12:17:28;100;-; 56.58; 1.1;-; 77.9; 75.3; 60.7; 0.0; 60.7;1532; 0.5; 0.6; 0.6;27; 21.8;F;1;29;On;On;Off; 32.3; 31.8;0;4;824;4;824;4;638;1;-
2026/04/05;12:18:28;100;-; 56.56; 0.6;-; 76.4; 77.6; 31.8; 31.8; 0.0;1532; 0.5; 0.6; 0.6;27; 21.8;F;1;29;On;On;Off; 32.3; 31.7;0;4;824;4;824;4;638;1;-
2026/04/05;12:19:28;100;-; 56.58; 0.7;-; 77.4; 75.7; 38.7; 0.0; 38.7;1532; 0.5; 0.6; 0.6;27; 21.8;F;1;29;On;On;Off; 32.3; 31.7;0;4;824;4;824;4;638;1;-
2026/04/05;12:20:28;100;-; 56.56; 0.6;-; 76.9; 76.7; 35.6; 0.0; 35.6;1532; 0.5; 0.6; 0.6;28; 21.8;F;1;29;On;On;Off; 32.3; 31.7;0;4;824;4;824;4;638;1;-
2026/04/05;12:21:28;100;-; 56.54; 0.7;-; 77.4; 76.2; 37.2; 0.0; 37.2;1532; 0.5; 0.6; 0.6;27; 21.8;F;1;29;On;On;Off; 32.3; 31.7;0;4;824;4;824;4;638;1;-
2026/04/05;12:22:28;100;-; 56.58; 1.1;-; 77.8; 74.9; 63.0; 0.0; 63.0;1532; 0.5; 0.6; 0.6;28; 21.8;F;1;29;On;On;Off; 32.3; 31.7;0;4;824;4;824;4;638;1;-
2026/04/05;12:23:28;100;-; 56.56; 0.8;-; 77.8; 75.7; 45.6; 0.0; 45.6;1532; 0.5; 0.6; 0.6;28; 21.8;F;1;29;On;On;Off; 32.3; 31.7;0;4;824;4;824;4;638;1;-
2026/04/05;12:24:28;100;-; 56.58; 0.9;-; 76.0; 77.6; 50.1; 50.1; 0.0;1532; 0.5; 0.6; 0.6;28; 21.8;F;1;29;On;On;Off; 32.3; 31.8;0;4;824;4;824;4;638;1;-
2026/04/05;12:25:28;100;-; 56.56; 0.6;-; 76.2; 77.4; 32.6; 23.5; 9.1;1532; 0.5; 0.6; 0.6;28; 21.8;F;1;29;On;On;Off; 32.3; 31.8;0;4;824;4;824;4;638;1;-
2026/04/05;12:26:28;100;-; 56.56; 0.9;-; 76.1; 77.6; 53.1; 53.1; 0.0;1532; 0.5; 0.6; 0.6;27; 21.8;F;1;29;On;On;Off; 32.3; 31.8;0;4;824;4;824;4;638;1;-
2026/04/05;12:27:28;100;-; 56.56; 0.7;-; 77.7; 76.7; 38.7; 0.0; 38.7;1532; 0.5; 0.6; 0.6;27; 21.8;F;1;29;On;On;Off; 32.3; 31.8;0;4;824;4;824;4;638;1;-
2026/04/05;12:28:28;100;-; 56.56; 1.0;-; 78.1; 75.5; 56.9; 0.0; 56.9;1532; 0.5; 0.6; 0.6;27; 21.8;F;1;29;On;On;Off; 32.3; 31.8;0;4;824;4;824;4;638;1;-
2026/04/05;12:29:28;100;-; 56.58; 0.5;-; 77.4; 77.1; 26.5; 21.2; 5.3;1532; 0.5; 0.6; 0.6;27; 21.8;F;1;29;On;On;Off; 32.3; 31.8;0;4;824;4;824;4;638;1;-
2026/04/05;12:30:27;100;-; 56.56; 0.8;-; 77.9; 75.8; 44.0; 0.0; 44.0;1532; 0.5; 0.6; 0.6;27; 21.8;F;1;29;On;On;Off; 32.3; 31.8;0;4;824;4;824;4;638;1;-
2026/04/05;12:31:27;100;-; 56.58; 0.9;-; 75.9; 77.9; 51.6; 51.6; 0.0;1532; 0.5; 0.6; 0.6;27; 21.8;F;1;29;On;On;Off; 32.3; 31.8;0;4;824;4;824;4;638;1;-
2026/04/05;12:32:27;100;-; 56.58; 0.9;-; 77.8; 76.2; 51.6; 0.0; 51.6;1532; 0.5; 0.6; 0.6;27; 21.8;F;1;29;On;On;Off; 32.3; 31.8;0;4;824;4;824;4;638;1;-
2026/04/05;12:33:27;100;-; 56.56; 0.5;-; 77.6; 77.0; 28.0; 16.7; 11.4;1532; 0.5; 0.6; 0.6;26; 21.8;F;1;29;On;On;Off; 32.3; 31.8;0;4;824;4;824;4;638;1;-
2026/04/05;12:34:27;100;-; 56.56; 0.8;-; 76.7; 77.7; 47.8; 47.8; 0.0;1533; 0.5; 0.6; 0.6;26; 21.8;F;1;29;On;On;Off; 32.3; 31.8;0;4;824;4;824;4;638;1;-
2026/04/05;12:35:27;100;-; 56.56; 0.4;-; 77.8; 77.0; 25.0; 11.4; 13.6;1533; 0.5; 0.6; 0.6;26; 21.8;F;1;29;On;On;Off; 32.3; 31.8;0;4;824;4;824;4;638;1;-
2026/04/05;12:36:27;100;-; 56.58; 0.9;-; 78.2; 75.9; 53.1; 0.0; 53.1;1533; 0.5; 0.6; 0.6;26; 21.8;F;1;29;On;On;Off; 32.3; 31.8;0;4;824;4;824;4;638;1;-
2026/04/05;12:37:27;100;-; 56.58; 0.6;-; 77.5; 76.4; 33.4; 15.9; 17.5;1533; 0.5; 0.6; 0.6;26; 21.8;F;1;29;On;On;Off; 32.3; 31.8;0;4;824;4;824;4;638;1;-
2026/04/05;12:38:27;100;-; 56.58; 0.6;-; 76.6; 77.5; 31.8; 25.0; 6.8;1533; 0.5; 0.6; 0.6;26; 21.8;F;1;29;On;On;Off; 32.3; 31.8;0;4;824;4;824;4;638;1;-
2026/04/05;12:39:27;100;-; 56.56; 0.8;-; 77.8; 75.8; 44.8; 0.0; 44.8;1533; 0.5; 0.6; 0.6;27; 21.8;F;1;29;On;On;Off; 32.3; 31.8;0;4;824;4;824;4;638;1;-
2026/04/05;12:40:27;100;-; 56.56; 0.4;-; 77.3; 77.2; 22.0; 22.0; 0.0;1533; 0.5; 0.6; 0.6;27; 21.8;F;1;29;On;On;Off; 32.3; 31.8;0;4;824;4;824;4;638;1;-
2026/04/05;12:41:27;100;-; 56.56; 0.7;-; 78.0; 75.9; 41.0; 0.0; 41.0;1533; 0.5; 0.6; 0.6;26; 21.8;F;1;29;On;On;Off; 32.3; 31.8;0;4;824;4;824;4;638;1;-
2026/04/05;12:42:27;100;-; 56.58; 1.0;-; 75.8; 77.7; 53.9; 53.9; 0.0;1533; 0.5; 0.6; 0.6;26; 21.8;F;1;29;On;On;Off; 32.3; 31.8;0;4;824;4;824;4;638;1;-
2026/04/05;12:43:27;100;-; 56.56; 0.7;-; 76.2; 77.3; 40.2; 40.2; 0.0;1533; 0.5; 0.6; 0.6;27; 21.8;F;1;29;On;On;Off; 32.3; 31.8;0;4;824;4;824;4;638;1;-
2026/04/05;12:44:27;100;-; 56.58; 0.6;-; 75.4; 77.6; 33.3; 28.0; 5.3;1533; 0.5; 0.6; 0.6;26; 21.8;F;1;29;On;On;Off; 32.3; 31.8;0;4;824;4;824;4;638;1;-
2026/04/05;12:45:26;100;-; 56.58; 0.7;-; 77.6; 75.2; 37.2; 0.0; 37.2;1533; 0.5; 0.6; 0.6;26; 21.8;F;1;29;On;On;Off; 32.3; 31.8;0;4;824;4;824;4;638;1;-
2026/04/05;12:46:26;100;-; 56.56; 0.7;-; 76.9; 76.4; 38.0; 11.4; 26.6;1533; 0.5; 0.6; 0.6;27; 21.8;F;1;29;On;On;Off; 32.3; 31.8;0;4;824;4;824;4;638;1;-
2026/04/05;12:47:26;100;-; 56.56; 0.8;-; 77.7; 75.1; 47.0; 0.0; 47.0;1533; 0.5; 0.6; 0.6;26; 21.8;F;1;29;On;On;Off; 32.3; 31.8;0;4;824;4;824;4;638;1;-
2026/04/05;12:48:26;100;-; 56.56; 0.8;-; 76.2; 77.3; 44.8; 44.8; 0.0;1533; 0.5; 0.6; 0.6;26; 21.8;F;1;29;On;On;Off; 32.3; 31.8;0;4;824;4;824;4;638;1;-
2026/04/05;12:49:26;100;-; 56.58; 0.5;-; 77.8; 75.7; 31.0; 5.3; 25.8;1533; 0.5; 0.6; 0.6;26; 21.8;F;1;29;On;On;Off; 32.3; 31.8;0;4;824;4;824;4;638;1;-
2026/04/05;12:50:26;100;-; 56.56; 0.7;-; 76.9; 77.2; 41.0; 41.0; 0.0;1533; 0.5; 0.6; 0.6;26; 21.8;F;1;29;On;On;Off; 32.3; 31.8;0;4;824;4;824;4;638;1;-
2026/04/05;12:51:26;100;-; 56.56; 0.5;-; 78.0; 76.3; 31.0; 9.1; 22.0;1533; 0.5; 0.6; 0.6;26; 21.8;F;1;29;On;On;Off; 32.3; 31.8;0;4;824;4;824;4;638;1;-
2026/04/05;12:52:26;100;-; 56.56; 0.5;-; 77.1; 77.8; 30.4; 30.4; 0.0;1533; 0.5; 0.6; 0.6;27; 21.8;F;1;29;On;On;Off; 32.3; 31.8;0;4;824;4;824;4;638;1;-
2026/04/05;12:53:26;100;-; 56.58; 0.8;-; 78.1; 76.5; 42.5; 0.0; 42.5;1533; 0.5; 0.6; 0.6;26; 21.8;F;1;29;On;On;Off; 32.3; 31.8;0;4;824;4;824;4;638;1;-
2026/04/05;12:54:26;100;-; 56.58; 0.7;-; 78.0; 76.9; 38.6; 14.4; 24.2;1533; 0.5; 0.6; 0.6;26; 21.8;F;1;29;On;On;Off; 32.3; 31.8;0;4;824;4;824;4;638;1;-
2026/04/05;12:55:26;100;-; 56.56; 0.9;-; 76.7; 78.2; 50.1; 50.1; 0.0;1533; 0.5; 0.6; 0.6;26; 21.8;F;1;29;On;On;Off; 32.3; 31.8;0;4;824;4;824;4;638;1;-
2026/04/05;12:56:26;100;-; 56.56; 0.6;-; 77.8; 77.3; 32.6; 28.8; 3.8;1533; 0.5; 0.6; 0.6;26; 21.8;F;1;29;On;On;Off; 32.3; 31.8;0;4;824;4;824;4;638;1;-
2026/04/05;12:57:26;100;-; 56.58; 0.5;-; 77.0; 77.9; 30.4; 7.6; 22.8;1533; 0.5; 0.6; 0.6;26; 21.8;F;1;29;On;On;Off; 32.3; 31.8;0;4;824;4;824;4;638;1;-
2026/04/05;12:58:26;100;-; 56.58; 0.7;-; 76.9; 77.3; 39.4; 29.6; 9.9;1533; 0.5; 0.6; 0.6;26; 21.8;F;1;29;On;On;Off; 32.3; 31.8;0;4;824;4;824;4;638;1;-
2026/04/05;12:59:26;100;-; 56.58; 0.8;-; 75.9; 77.6; 45.6; 45.6; 0.0;1533; 0.5; 0.6; 0.6;27; 21.8;F;1;29;On;On;Off; 32.3; 31.8;0;4;824;4;824;4;638;1;-
2026/04/05;13:00:25;100;-; 56.56; 0.6;-; 75.9; 77.6; 31.8; 30.4; 1.5;1533; 0.5; 0.6; 0.6;27; 21.8;F;1;29;On;On;Off; 32.3; 31.8;0;4;824;4;824;4;638;1;-
2026/04/05;13:01:25;100;-; 56.58; 1.0;-; 77.8; 75.1; 53.9; 0.0; 53.9;1533; 0.5; 0.6; 0.6;26; 21.8;F;1;29;On;On;Off; 32.3; 31.8;0;4;824;4;824;4;638;1;-
2026/04/05;13:02:25;100;-; 56.56; 0.5;-; 77.0; 76.5; 27.3; 0.0; 27.3;1533; 0.5; 0.6; 0.6;26; 21.8;F;1;29;On;On;Off; 32.3; 31.8;0;4;824;4;824;4;638;1;-
2026/04/05;13:03:25;100;-; 56.56; 0.8;-; 77.5; 75.7; 47.0; 0.0; 47.0;1533; 0.5; 0.6; 0.6;27; 21.8;F;1;29;On;On;Off; 32.3; 31.8;0;4;824;4;824;4;638;1;-
2026/04/05;13:04:25;100;-; 56.56; 0.9;-; 75.4; 77.5; 50.8; 50.8; 0.0;1533; 0.5; 0.6; 0.6;27; 21.8;F;1;29;On;On;Off; 32.3; 31.8;0;4;824;4;824;4;638;1;-
2026/04/05;13:05:25;100;-; 56.56; 0.6;-; 77.5; 74.7; 31.8; 0.0; 31.8;1533; 0.5; 0.6; 0.6;27; 21.8;F;1;29;On;On;Off; 32.3; 31.8;0;4;824;4;824;4;638;1;-
2026/04/05;13:06:25;100;-; 56.58; 0.6;-; 76.6; 76.4; 32.6; 8.3; 24.2;1533; 0.5; 0.6; 0.6;26; 21.8;F;1;29;On;On;Off; 32.3; 31.8;0;4;824;4;824;4;638;1;-
2026/04/05;13:07:25;100;-; 56.58; 1.0;-; 77.7; 74.9; 55.4; 0.0; 55.4;1533; 0.5; 0.6; 0.6;26; 21.8;F;1;29;On;On;Off; 32.3; 31.8;0;4;824;4;824;4;638;1;-
2026/04/05;13:08:25;100;-; 56.56; 0.7;-; 75.7; 77.4; 37.9; 37.9; 0.0;1533; 0.5; 0.6; 0.6;27; 21.8;F;1;29;On;On;Off; 32.3; 31.8;0;4;824;4;824;4;638;1;-
2026/04/05;13:09:25;100;-; 56.56; 0.8;-; 77.8; 75.6; 46.3; 0.0; 46.3;1533; 0.5; 0.6; 0.6;27; 21.8;F;1;29;On;On;Off; 32.3; 31.8;0;4;824;4;824;4;638;1;-
2026/04/05;13:10:25;100;-; 56.56; 0.5;-; 76.5; 77.2; 28.8; 28.8; 0.0;1533; 0.5; 0.6; 0.6;26; 21.8;F;1;29;On;On;Off; 32.3; 31.8;0;4;824;4;824;4;638;1;-
2026/04/05;13:11:25;100;-; 56.56; 0.9;-; 77.7; 75.5; 52.4; 0.0; 52.4;1533; 0.5; 0.6; 0.6;27; 21.8;F;1;29;On;On;Off; 32.3; 31.8;0;4;824;4;824;4;638;1;-
2026/04/05;13:12:25;100;-; 56.56; 0.5;-; 77.2; 76.5; 27.2; 22.0; 5.3;1533; 0.5; 0.6; 0.6;27; 21.8;F;1;29;On;On;Off; 32.3; 31.8;0;4;824;4;824;4;638;1;-
2026/04/05;13:13:25;100;-; 56.58; 0.7;-; 77.3; 75.5; 37.2; 0.7; 36.4;1533; 0.5; 0.6; 0.6;27; 21.8;F;1;29;On;On;Off; 32.3; 31.8;0;4;824;4;824;5;639;1;-
2026/04/05;13:14:25;100;-; 56.56; 0.7;-; 77.7; 76.4; 39.4; 0.0; 39.4;1533; 0.5; 0.6; 0.6;27; 21.8;F;1;29;On;On;Off; 32.3; 31.8;0;4;824;4;824;5;639;1;-
2026/04/05;13:15:24;100;-; 56.56; 0.4;-; 77.5; 76.9; 25.0; 18.2; 6.8;1533; 0.5; 0.6; 0.6;27; 21.8;F;1;29;On;On;Off; 32.3; 31.8;0;4;824;4;824;5;639;1;-
2026/04/05;13:16:24;100;-; 56.56; 0.6;-; 77.6; 76.3; 33.4; 0.0; 33.4;1533; 0.5; 0.6; 0.6;27; 21.8;F;1;29;On;On;Off; 32.3; 31.8;0;4;824;4;824;5;639;1;-
2026/04/05;13:17:24;100;-; 56.56; 0.7;-; 76.6; 77.7; 40.9; 40.9; 0.0;1533; 0.5; 0.6; 0.6;27; 21.8;F;1;29;On;On;Off; 32.3; 31.8;0;4;824;4;824;5;639;1;-
2026/04/05;13:18:24;100;-; 56.56; 0.7;-; 78.2; 76.1; 38.0; 0.0; 38.0;1533; 0.5; 0.6; 0.6;27; 21.8;F;1;29;On;On;Off; 32.3; 31.8;0;4;824;4;824;5;639;1;-
2026/04/05;13:19:24;100;-; 56.58; 0.8;-; 78.2; 75.5; 47.8; 0.0; 47.8;1533; 0.5; 0.6; 0.6;26; 21.8;F;1;29;On;On;Off; 32.3; 31.8;0;4;824;4;824;5;639;1;-
2026/04/05;13:20:24;100;-; 56.58; 0.6;-; 77.6; 76.8; 31.8; 0.0; 31.8;1533; 0.5; 0.6; 0.6;27; 21.8;F;1;29;On;On;Off; 32.3; 31.8;0;4;824;4;824;5;639;1;-
2026/04/05;13:21:24;100;-; 56.56; 0.4;-; 77.0; 77.9; 24.2; 10.6; 13.6;1533; 0.5; 0.6; 0.6;27; 21.8;F;1;29;On;On;Off; 32.3; 31.8;0;4;824;4;824;5;639;1;-
2026/04/05;13:22:24;100;-; 56.58; 0.5;-; 76.8; 77.7; 29.6; 9.9; 19.7;1533; 0.5; 0.6; 0.6;27; 21.8;F;1;29;On;On;Off; 32.3; 31.8;0;4;824;4;824;5;639;1;-
2026/04/05;13:23:24;100;-; 56.56; 0.9;-; 76.1; 78.0; 48.5; 48.5; 0.0;1533; 0.5; 0.6; 0.6;26; 21.8;F;1;29;On;On;Off; 32.3; 31.8;0;4;824;4;824;5;639;1;-
2026/04/05;13:24:24;100;-; 56.56; 1.2;-; 74.9; 77.9; 68.3; 68.3; 0.0;1533; 0.5; 0.6; 0.6;27; 21.8;F;1;29;On;On;Off; 32.3; 31.8;0;4;824;4;824;5;639;1;-
2026/04/05;13:25:24;100;-; 56.58; 1.0;-; 77.9; 75.6; 56.1; 0.0; 56.1;1533; 0.5; 0.6; 0.6;26; 21.8;F;1;29;On;On;Off; 32.3; 31.8;0;4;824;4;824;5;639;1;-
2026/04/05;13:26:24;100;-; 56.58; 0.7;-; 76.4; 77.1; 37.2; 17.5; 19.7;1533; 0.5; 0.6; 0.6;27; 21.8;F;1;29;On;On;Off; 32.3; 31.8;0;4;824;4;824;5;639;1;-
2026/04/05;13:27:24;100;-; 56.56; 0.5;-; 77.3; 76.8; 28.8; 9.1; 19.7;1533; 0.5; 0.6; 0.6;26; 21.8;F;1;29;On;On;Off; 32.3; 31.8;0;5;825;5;825;5;639;1;-
2026/04/05;13:28:24;100;-; 56.56; 0.7;-; 76.3; 77.6; 40.9; 40.9; 0.0;1533; 0.5; 0.6; 0.6;27; 21.8;F;1;29;On;On;Off; 32.3; 31.8;0;5;825;5;825;5;639;1;-
2026/04/05;13:29:24;100;-; 56.56; 0.9;-; 76.5; 78.0; 48.6; 48.6; 0.0;1533; 0.5; 0.6; 0.6;26; 21.8;F;1;29;On;On;Off; 32.3; 31.8;0;5;825;5;825;5;639;1;-
2026/04/05;13:30:23;100;-; 56.56; 0.8;-; 78.2; 76.3; 47.0; 0.0; 47.0;1533; 0.5; 0.6; 0.6;26; 21.8;F;1;29;On;On;Off; 32.3; 31.8;0;5;825;5;825;5;639;1;-
2026/04/05;13:31:23;100;-; 56.56; 0.8;-; 76.9; 78.3; 44.0; 44.0; 0.0;1533; 0.5; 0.6; 0.6;26; 21.8;F;1;29;On;On;Off; 32.3; 31.8;0;5;825;5;825;5;639;1;-
2026/04/05;13:32:23;100;-; 56.58; 0.9;-; 78.5; 76.7; 50.8; 0.0; 50.8;1533; 0.5; 0.6; 0.6;27; 21.8;F;1;29;On;On;Off; 32.3; 31.8;0;5;825;5;825;5;639;1;-
2026/04/05;13:33:23;100;-; 56.56; 0.6;-; 77.5; 77.9; 34.2; 34.2; 0.0;1533; 0.5; 0.6; 0.6;27; 21.8;F;1;29;On;On;Off; 32.3; 31.8;0;5;825;5;825;5;639;1;-
2026/04/05;13:34:23;100;-; 56.56; 0.9;-; 76.9; 78.4; 53.1; 53.1; 0.0;1534; 0.5; 0.6; 0.6;27; 21.8;F;1;29;On;On;Off; 32.3; 31.8;0;5;825;5;825;5;639;1;-
2026/04/05;13:35:23;100;-; 56.56; 0.5;-; 78.4; 77.4; 25.8; 14.4; 11.4;1534; 0.5; 0.6; 0.6;27; 21.8;F;1;29;On;On;Off; 32.3; 31.8;0;5;825;5;825;5;639;1;-
2026/04/05;13:36:23;100;-; 56.56; 0.8;-; 76.7; 78.4; 44.0; 44.0; 0.0;1534; 0.5; 0.6; 0.6;26; 21.8;F;1;29;On;On;Off; 32.3; 31.8;0;5;825;5;825;5;639;1;-
2026/04/05;13:37:23;100;-; 56.56; 0.9;-; 78.5; 76.9; 49.3; 0.0; 49.3;1534; 0.5; 0.6; 0.6;26; 21.8;F;1;29;On;On;Off; 32.3; 31.8;0;5;825;5;825;5;639;1;-
2026/04/05;13:38:23;100;-; 56.58; 0.6;-; 77.6; 78.1; 35.6; 27.3; 8.3;1534; 0.5; 0.6; 0.6;26; 21.8;F;1;29;On;On;Off; 32.3; 31.8;0;5;825;5;825;5;639;1;-
2026/04/05;13:39:23;100;-; 56.56; 0.9;-; 77.5; 78.6; 49.3; 49.3; 0.0;1534; 0.5; 0.6; 0.6;25; 21.8;F;1;29;On;On;Off; 32.3; 31.8;0;5;825;5;825;5;639;1;-
2026/04/05;13:40:23;100;-; 56.58; 0.9;-; 77.7; 78.6; 49.4; 49.4; 0.0;1534; 0.5; 0.6; 0.6;26; 21.8;F;1;29;On;On;Off; 32.3; 31.8;0;5;825;5;825;5;639;1;-
2026/04/05;13:41:23;100;-; 56.58; 0.7;-; 77.9; 78.4; 37.2; 37.2; 0.0;1534; 0.5; 0.6; 0.6;25; 21.8;F;1;29;On;On;Off; 32.3; 31.8;0;5;825;5;825;5;639;1;-
2026/04/05;13:42:23;100;-; 56.56; 0.7;-; 78.8; 77.3; 40.2; 0.0; 40.2;1534; 0.5; 0.6; 0.6;26; 21.8;F;1;29;On;On;Off; 32.3; 31.8;0;5;825;5;825;5;639;1;-
2026/04/05;13:43:23;100;-; 56.56; 0.5;-; 78.5; 78.1; 29.6; 22.8; 6.8;1534; 0.5; 0.6; 0.6;26; 21.8;F;1;29;On;On;Off; 32.3; 31.8;0;5;825;5;825;5;639;1;-
2026/04/05;13:44:23;100;-; 56.56; 0.5;-; 78.4; 78.2; 25.8; 12.1; 13.7;1534; 0.5; 0.6; 0.6;25; 21.8;F;1;29;On;On;Off; 32.4; 31.9;0;5;825;5;825;5;639;1;-
2026/04/05;13:45:23;100;-; 56.56; 0.5;-; 78.1; 79.1; 28.0; 24.2; 3.8;1534; 0.5; 0.6; 0.6;26; 21.8;F;1;29;On;On;Off; 32.4; 31.9;0;5;825;5;825;5;639;1;-
2026/04/05;13:46:22;100;-; 56.56; 0.7;-; 79.4; 78.3; 40.2; 0.0; 40.2;1534; 0.5; 0.6; 0.6;27; 21.8;F;1;29;On;On;Off; 32.4; 31.9;0;5;825;5;825;5;639;1;-
2026/04/05;13:47:22;100;-; 56.58; 0.6;-; 79.2; 79.1; 33.4; 33.4; 0.0;1534; 0.5; 0.5; 0.5;26; 21.8;F;1;29;On;On;Off; 32.4; 31.9;0;5;825;5;825;5;639;1;-
2026/04/05;13:48:22;100;-; 56.58; 0.5;-; 79.6; 79.0; 30.4; 22.8; 7.6;1534; 0.5; 0.5; 0.5;25; 21.8;F;1;29;On;On;Off; 32.4; 31.9;0;5;825;5;825;5;639;1;-
2026/04/05;13:49:22;100;-; 56.58; 0.8;-; 79.9; 78.9; 47.8; 0.0; 47.8;1534; 0.5; 0.5; 0.5;25; 21.8;F;1;29;On;On;Off; 32.4; 31.9;0;5;825;5;825;5;639;1;-
2026/04/05;13:50:22;100;-; 56.56; 0.5;-; 79.1; 79.4; 29.6; 25.0; 4.5;1534; 0.5; 0.5; 0.5;25; 21.8;F;1;29;On;On;Off; 32.4; 31.9;0;5;825;5;825;5;639;1;-
2026/04/05;13:51:22;100;-; 56.56; 0.7;-; 80.2; 79.3; 38.7; 0.0; 38.7;1534; 0.5; 0.5; 0.5;25; 21.8;F;1;29;On;On;Off; 32.4; 31.9;0;5;825;5;825;5;639;1;-
2026/04/05;13:52:22;100;-; 56.58; 0.5;-; 79.3; 79.9; 27.3; 19.7; 7.6;1534; 0.4; 0.5; 0.5;24; 21.8;F;1;29;On;On;Off; 32.4; 31.9;0;5;825;5;825;5;639;1;-
2026/04/05;13:53:22;100;-; 56.58; 0.5;-; 81.1; 80.8; 31.0; 28.0; 3.0;1534; 0.5; 0.5; 0.5;25; 21.8;F;1;29;On;On;Off; 32.4; 31.9;0;5;825;5;825;5;639;1;-
2026/04/05;13:54:22;100;-; 56.56; 0.6;-; 79.7; 79.3; 31.8; 6.1; 25.8;1534; 0.5; 0.5; 0.5;25; 21.8;F;1;29;On;On;Off; 32.5; 31.9;0;5;825;5;825;5;639;1;-
2026/04/05;13:55:22;100;-; 56.58; 0.9;-; 80.2; 79.3; 53.2; 0.0; 53.2;1534; 0.5; 0.5; 0.5;25; 21.8;F;1;29;On;On;Off; 32.5; 32.0;0;5;825;5;825;5;639;1;-
2026/04/05;13:56:22;100;-; 56.58; 0.7;-; 78.5; 78.9; 37.1; 35.6; 1.5;1534; 0.5; 0.5; 0.5;26; 21.8;F;1;29;On;On;Off; 32.5; 32.0;0;5;825;5;825;5;639;1;-
2026/04/05;13:57:22;100;-; 56.58; 0.7;-; 78.1; 77.8; 40.2; 0.0; 40.2;1534; 0.5; 0.6; 0.6;26; 21.8;F;1;29;On;On;Off; 32.4; 31.9;0;5;825;5;825;5;639;1;-
2026/04/05;13:58:22;100;-; 56.56; 0.8;-; 78.3; 78.8; 44.8; 44.8; 0.0;1534; 0.5; 0.6; 0.6;26; 21.8;F;1;29;On;On;Off; 32.5; 31.9;0;5;825;5;825;5;639;1;-
2026/04/05;13:59:22;100;-; 56.56; 0.5;-; 78.1; 78.4; 30.3; 27.3; 3.0;1534; 0.5; 0.6; 0.6;25; 21.8;F;1;29;On;On;Off; 32.5; 31.9;0;5;825;5;825;5;639;1;-
2026/04/05;14:00:22;100;-; 56.58; 0.7;-; 78.1; 78.1; 37.9; 29.6; 8.3;1534; 0.5; 0.6; 0.6;26; 21.8;F;1;29;On;On;Off; 32.4; 32.0;0;5;825;5;825;5;639;1;-
2026/04/05;14:01:21;100;-; 56.58; 0.7;-; 78.3; 77.8; 40.2; 0.0; 40.2;1534; 0.5; 0.6; 0.6;26; 21.8;F;1;29;On;On;Off; 32.5; 31.9;0;5;825;5;825;5;639;1;-
2026/04/05;14:02:21;100;-; 56.58; 1.0;-; 74.9; 75.8; 56.1; 56.1; 0.0;1534; 0.5; 0.6; 0.6;26; 21.8;F;1;29;On;On;Off; 32.4; 31.9;0;5;825;5;825;5;639;1;-
2026/04/05;14:03:21;100;-; 56.58; 1.0;-; 74.7; 76.1; 54.6; 54.6; 0.0;1534; 0.5; 0.6; 0.6;27; 21.8;F;1;29;On;On;Off; 32.4; 31.9;0;5;825;5;825;5;639;1;-
2026/04/05;14:04:21;100;-; 56.56; 0.7;-; 75.9; 76.0; 38.0; 34.2; 3.8;1534; 0.5; 0.6; 0.6;27; 21.8;F;1;29;On;On;Off; 32.4; 31.9;0;5;825;5;825;5;639;1;-
2026/04/05;14:05:21;100;-; 56.56; 0.6;-; 76.3; 76.5; 34.9; 30.4; 4.5;1534; 0.5; 0.6; 0.6;27; 21.8;F;1;29;On;On;Off; 32.4; 31.9;0;5;825;5;825;5;639;1;-
2026/04/05;14:06:21;100;-; 56.56; 0.6;-; 76.2; 77.0; 34.2; 34.2; 0.0;1534; 0.5; 0.6; 0.6;26; 21.8;F;1;29;On;On;Off; 32.4; 31.9;0;5;825;5;825;5;639;1;-
2026/04/05;14:07:21;100;-; 56.56; 0.6;-; 75.8; 76.9; 34.2; 34.2; 0.0;1534; 0.5; 0.6; 0.6;26; 21.8;F;1;29;On;On;Off; 32.4; 31.9;0;5;825;5;825;5;639;1;-
2026/04/05;14:08:21;100;-; 56.58; 0.8;-; 77.3; 75.4; 47.8; 0.0; 47.8;1534; 0.5; 0.6; 0.6;26; 21.8;F;1;29;On;On;Off; 32.4; 31.9;0;5;825;5;825;5;639;1;-
2026/04/05;14:09:21;100;-; 56.56; 0.8;-; 76.6; 77.5; 46.3; 46.3; 0.0;1534; 0.5; 0.6; 0.6;26; 21.8;F;1;29;On;On;Off; 32.4; 31.9;0;5;825;5;825;5;639;1;-
2026/04/05;14:10:21;100;-; 56.56; 0.6;-; 77.9; 77.2; 35.6; 0.0; 35.6;1534; 0.5; 0.6; 0.6;26; 21.8;F;1;29;On;On;Off; 32.4; 31.9;0;5;825;5;825;5;639;1;-
2026/04/05;14:11:21;100;-; 56.56; 0.9;-; 77.5; 78.4; 53.1; 53.1; 0.0;1534; 0.5; 0.6; 0.6;26; 21.8;F;1;29;On;On;Off; 32.4; 31.9;0;5;825;5;825;5;639;1;-
2026/04/05;14:12:21;100;-; 56.56; 0.5;-; 78.5; 77.7; 28.0; 15.2; 12.9;1534; 0.5; 0.6; 0.6;26; 21.8;F;1;29;On;On;Off; 32.4; 32.0;0;5;825;5;825;5;639;1;-
2026/04/05;14:13:21;100;-; 56.58; 1.0;-; 77.8; 78.7; 55.4; 55.4; 0.0;1534; 0.5; 0.6; 0.6;26; 21.8;F;1;29;On;On;Off; 32.5; 32.0;0;5;825;5;825;5;639;1;-
2026/04/05;14:14:21;100;-; 56.58; 0.6;-; 77.9; 78.7; 34.9; 32.6; 2.3;1534; 0.5; 0.6; 0.6;26; 21.8;F;1;29;On;On;Off; 32.5; 32.0;0;5;825;5;825;5;639;1;-
2026/04/05;14:15:21;100;-; 56.56; 0.9;-; 78.2; 78.7; 48.6; 48.6; 0.0;1534; 0.5; 0.6; 0.6;26; 21.8;F;1;29;On;On;Off; 32.5; 32.0;0;5;825;5;825;5;639;1;-
2026/04/05;14:16:20;100;-; 56.56; 0.6;-; 78.8; 77.7; 35.6; 7.6; 28.0;1534; 0.5; 0.6; 0.6;26; 21.8;F;1;29;On;On;Off; 32.5; 32.0;0;5;825;5;825;5;639;1;-
2026/04/05;14:17:20;100;-; 56.58; 0.8;-; 79.1; 77.9; 46.3; 0.0; 46.3;1534; 0.5; 0.6; 0.6;26; 21.8;F;1;29;On;On;Off; 32.5; 32.0;0;5;825;5;825;5;639;1;-
2026/04/05;14:18:20;100;-; 56.56; 0.8;-; 79.3; 78.2; 47.8; 0.0; 47.8;1534; 0.5; 0.6; 0.6;25; 21.8;F;1;29;On;On;Off; 32.5; 32.0;0;5;825;5;825;5;639;1;-
2026/04/05;14:19:20;100;-; 56.56; 0.6;-; 79.2; 78.6; 32.6; 0.0; 32.6;1534; 0.5; 0.5; 0.5;25; 21.8;F;1;29;On;On;Off; 32.5; 32.0;0;5;825;5;825;5;639;1;-
2026/04/05;14:20:20;100;-; 56.58; 0.7;-; 78.9; 77.7; 40.2; 0.0; 40.2;1534; 0.5; 0.6; 0.6;26; 21.8;F;1;29;On;On;Off; 32.5; 32.0;0;5;825;5;825;5;639;1;-
2026/04/05;14:21:20;100;-; 56.56; 0.6;-; 77.7; 78.6; 31.8; 31.8; 0.0;1534; 0.5; 0.6; 0.6;25; 21.8;F;1;29;On;On;Off; 32.5; 32.0;0;5;825;5;825;5;639;1;-
2026/04/05;14:22:20;100;-; 56.56; 0.6;-; 78.2; 77.9; 34.9; 0.7; 34.2;1534; 0.5; 0.6; 0.6;26; 21.9;F;1;29;On;On;Off; 32.5; 32.0;0;5;825;5;825;5;639;1;-
2026/04/05;14:23:20;100;-; 56.58; 1.0;-; 77.7; 78.6; 57.7; 57.7; 0.0;1534; 0.5; 0.6; 0.6;26; 21.9;F;1;29;On;On;Off; 32.5; 32.0;0;5;825;5;825;5;639;1;-
2026/04/05;14:24:20;100;-; 56.58; 1.0;-; 78.1; 78.9; 59.2; 59.2; 0.0;1534; 0.5; 0.6; 0.6;26; 21.9;F;1;29;On;On;Off; 32.5; 32.0;0;5;825;5;825;5;639;1;-
2026/04/05;14:25:20;100;-; 56.56; 0.8;-; 79.3; 78.3; 47.8; 0.0; 47.8;1534; 0.5; 0.6; 0.6;25; 21.9;F;1;29;On;On;Off; 32.5; 32.0;0;5;825;5;825;5;639;1;-
2026/04/05;14:26:20;100;-; 56.58; 0.7;-; 79.3; 78.6; 39.4; 0.0; 39.4;1534; 0.5; 0.5; 0.5;25; 21.8;F;1;29;On;On;Off; 32.5; 32.0;0;5;825;5;825;5;639;1;-
2026/04/05;14:27:20;100;-; 56.56; 0.4;-; 80.1; 79.7; 21.2; 3.8; 17.5;1534; 0.5; 0.5; 0.5;25; 21.8;F;1;29;On;On;Off; 32.5; 32.0;0;5;825;5;825;5;639;1;-
2026/04/05;14:28:20;100;-; 56.56; 0.7;-; 78.6; 79.3; 38.7; 38.7; 0.0;1534; 0.5; 0.5; 0.5;25; 21.8;F;1;29;On;On;Off; 32.5; 32.0;0;5;825;5;825;5;639;1;-
2026/04/05;14:29:20;100;-; 56.56; 0.5;-; 78.5; 78.9; 25.7; 24.2; 1.5;1534; 0.5; 0.6; 0.6;25; 21.8;F;1;29;On;On;Off; 32.5; 32.0;0;5;825;5;825;5;639;1;-
2026/04/05;14:30:20;100;-; 56.56; 0.7;-; 79.2; 78.5; 37.2; 15.9; 21.2;1534; 0.5; 0.6; 0.6;25; 21.9;F;1;29;On;On;Off; 32.5; 32.0;0;5;825;5;825;5;639;1;-
2026/04/05;14:31:19;100;-; 56.58; 0.5;-; 78.8; 78.2; 28.0; 14.4; 13.7;1534; 0.5; 0.6; 0.6;26; 21.9;F;1;29;On;On;Off; 32.5; 32.0;0;5;825;5;825;5;639;1;-
2026/04/05;14:32:19;100;-; 56.56; 0.8;-; 79.5; 79.5; 44.0; 44.0; 0.0;1534; 0.5; 0.5; 0.5;25; 21.9;F;1;29;On;On;Off; 32.5; 32.0;0;5;825;5;825;5;639;1;-
2026/04/05;14:33:19;100;-; 56.56; 0.7;-; 79.5; 78.7; 38.7; 0.0; 38.7;1534; 0.5; 0.5; 0.5;25; 21.9;F;1;29;On;On;Off; 32.5; 32.0;0;5;825;5;825;5;639;1;-
2026/04/05;14:34:19;100;-; 56.56; 0.5;-; 78.9; 78.6; 30.3; 5.3; 25.0;1535; 0.5; 0.5; 0.5;25; 21.8;F;1;29;On;On;Off; 32.5; 32.0;0;5;825;5;825;5;639;1;-
2026/04/05;14:35:19;100;-; 56.58; 0.6;-; 78.4; 79.0; 36.4; 25.1; 11.4;1535; 0.5; 0.5; 0.5;25; 21.8;F;1;29;On;On;Off; 32.5; 32.0;0;5;825;5;825;5;639;1;-
2026/04/05;14:36:19;100;-; 56.56; 0.5;-; 78.4; 77.4; 28.8; 0.0; 28.8;1535; 0.5; 0.5; 0.5;25; 21.8;F;1;29;On;On;Off; 32.5; 32.0;0;5;825;5;825;5;639;1;-
2026/04/05;14:37:19;100;-; 56.56; 0.6;-; 78.6; 78.3; 34.8; 31.8; 3.0;1535; 0.5; 0.6; 0.6;26; 21.9;F;1;29;On;On;Off; 32.5; 32.0;0;5;825;5;825;5;639;1;-
2026/04/05;14:38:19;100;-; 56.56; 0.5;-; 78.8; 78.3; 28.8; 0.0; 28.8;1535; 0.5; 0.6; 0.6;26; 21.8;F;1;29;On;On;Off; 32.5; 32.0;0;5;825;5;825;5;639;1;-
2026/04/05;14:39:19;100;-; 56.56; 0.5;-; 78.8; 79.0; 29.6; 29.6; 0.0;1535; 0.5; 0.6; 0.6;26; 21.8;F;1;29;On;On;Off; 32.5; 32.0;0;5;825;5;825;5;639;1;-
2026/04/05;14:40:19;100;-; 56.58; 0.5;-; 78.9; 78.1; 31.0; 12.9; 18.2;1535; 0.5; 0.6; 0.6;25; 21.8;F;1;29;On;On;Off; 32.5; 32.0;0;5;825;5;825;5;639;1;-
2026/04/05;14:41:19;100;-; 56.56; 0.5;-; 78.4; 78.3; 30.4; 15.2; 15.2;1535; 0.5; 0.6; 0.6;25; 21.9;F;1;29;On;On;Off; 32.5; 32.0;0;5;825;5;825;5;639;1;-
2026/04/05;14:42:19;100;-; 56.56; 0.5;-; 78.6; 78.2; 25.7; 1.5; 24.2;1535; 0.5; 0.6; 0.6;25; 21.8;F;1;29;On;On;Off; 32.5; 32.0;0;5;825;5;825;5;639;1;-
2026/04/05;14:43:19;100;-; 56.58; 0.6;-; 77.7; 78.4; 35.6; 32.6; 3.0;1535; 0.5; 0.6; 0.6;25; 21.8;F;1;29;On;On;Off; 32.5; 32.0;0;5;825;5;825;5;639;1;-
2026/04/05;14:44:19;100;-; 56.56; 0.7;-; 78.0; 78.3; 38.7; 38.7; 0.0;1535; 0.5; 0.6; 0.6;25; 21.8;F;1;29;On;On;Off; 32.5; 32.0;0;5;825;5;825;5;639;1;-
2026/04/05;14:45:19;100;-; 56.56; 0.9;-; 77.9; 78.6; 48.6; 48.6; 0.0;1535; 0.5; 0.6; 0.6;26; 21.8;F;1;29;On;On;Off; 32.5; 32.0;0;5;825;5;825;5;639;1;-
2026/04/05;14:46:18;100;-; 56.58; 0.4;-; 78.5; 78.6; 25.0; 14.4; 10.6;1535; 0.5; 0.6; 0.6;25; 21.8;F;1;29;On;On;Off; 32.5; 32.0;0;5;825;5;825;5;639;1;-
2026/04/05;14:47:18;100;-; 56.56; 0.4;-; 78.3; 78.7; 22.0; 13.7; 8.3;1535; 0.5; 0.6; 0.6;25; 21.8;F;1;29;On;On;Off; 32.5; 32.0;0;5;825;5;825;5;639;1;-
2026/04/05;14:48:18;100;-; 56.58; 0.6;-; 78.9; 78.4; 36.4; 2.3; 34.2;1535; 0.5; 0.6; 0.6;26; 21.8;F;1;29;On;On;Off; 32.5; 32.0;0;5;825;5;825;5;639;1;-
2026/04/05;14:49:18;100;-; 56.56; 0.5;-; 78.4; 78.7; 28.0; 12.9; 15.2;1535; 0.5; 0.6; 0.6;26; 21.8;F;1;29;On;On;Off; 32.5; 32.0;0;5;825;5;825;5;639;1;-
2026/04/05;14:50:18;100;-; 56.58; 0.6;-; 78.7; 78.5; 31.8; 0.0; 31.8;1535; 0.5; 0.6; 0.6;26; 21.8;F;1;29;On;On;Off; 32.5; 32.0;0;5;825;5;825;5;639;1;-
2026/04/05;14:51:18;100;-; 56.58; 0.6;-; 78.6; 78.7; 36.4; 8.3; 28.1;1535; 0.5; 0.6; 0.6;25; 21.8;F;1;29;On;On;Off; 32.5; 32.0;0;5;825;5;825;5;639;1;-
2026/04/05;14:52:18;100;-; 56.58; 0.5;-; 78.2; 78.5; 30.4; 15.2; 15.2;1535; 0.5; 0.6; 0.6;26; 21.8;F;1;29;On;On;Off; 32.5; 32.0;0;5;825;5;825;5;639;1;-
2026/04/05;14:53:18;100;-; 56.56; 0.6;-; 78.9; 78.3; 34.2; 0.0; 34.2;1535; 0.5; 0.6; 0.6;27; 21.8;F;1;29;On;On;Off; 32.5; 32.0;0;5;825;5;825;5;639;1;-
2026/04/05;14:54:18;100;-; 56.56; 0.7;-; 78.5; 77.9; 40.2; 0.0; 40.2;1535; 0.5; 0.6; 0.6;26; 21.8;F;1;29;On;On;Off; 32.5; 32.0;0;5;825;5;825;5;639;1;-
2026/04/05;14:55:18;100;-; 56.58; 1.1;-; 78.8; 77.7; 62.2; 0.0; 62.2;1535; 0.5; 0.6; 0.6;26; 21.8;F;1;29;On;On;Off; 32.5; 32.0;0;5;825;5;825;5;639;1;-
2026/04/05;14:56:18;100;-; 56.58; 0.8;-; 77.9; 78.1; 42.5; 42.5; 0.0;1535; 0.5; 0.6; 0.6;26; 21.8;F;1;29;On;On;Off; 32.5; 32.0;0;5;825;5;825;5;639;1;-
2026/04/05;14:57:18;100;-; 56.58; 0.6;-; 77.9; 77.8; 35.6; 17.5; 18.2;1535; 0.5; 0.6; 0.6;25; 21.8;F;1;29;On;On;Off; 32.5; 32.0;0;5;825;5;825;5;639;1;-
2026/04/05;14:58:18;100;-; 56.56; 0.7;-; 78.4; 77.7; 41.8; 0.0; 41.8;1535; 0.5; 0.6; 0.6;26; 21.8;F;1;29;On;On;Off; 32.5; 32.0;0;5;825;5;825;5;639;1;-
2026/04/05;14:59:18;100;-; 56.56; 1.0;-; 78.3; 77.4; 53.9; 0.0; 53.9;1535; 0.5; 0.6; 0.6;26; 21.8;F;1;29;On;On;Off; 32.5; 32.0;0;5;825;5;825;5;639;1;-
2026/04/05;15:00:18;100;-; 56.56; 0.6;-; 77.8; 77.9; 33.4; 27.3; 6.1;1535; 0.5; 0.6; 0.6;26; 21.8;F;1;29;On;On;Off; 32.5; 32.0;0;5;825;5;825;5;639;1;-
2026/04/05;15:01:17;100;-; 56.58; 0.7;-; 78.4; 77.3; 39.4; 7.6; 31.8;1535; 0.5; 0.6; 0.6;25; 21.8;F;1;29;On;On;Off; 32.5; 32.0;0;5;825;5;825;6;640;1;-
2026/04/05;15:02:17;100;-; 56.56; 0.8;-; 78.5; 77.6; 47.8; 0.0; 47.8;1535; 0.5; 0.6; 0.6;26; 21.8;F;1;29;On;On;Off; 32.5; 32.0;0;5;825;5;825;6;640;1;-
2026/04/05;15:03:17;100;-; 56.56; 0.6;-; 77.8; 78.5; 33.4; 27.3; 6.1;1535; 0.5; 0.6; 0.6;26; 21.8;F;1;29;On;On;Off; 32.5; 32.0;0;5;825;5;825;6;640;1;-
2026/04/05;15:04:17;100;-; 56.56; 0.7;-; 77.8; 78.0; 39.4; 15.9; 23.5;1535; 0.5; 0.6; 0.6;25; 21.8;F;1;29;On;On;Off; 32.5; 32.0;0;5;825;5;825;6;640;1;-
2026/04/05;15:05:17;100;-; 56.58; 0.6;-; 77.4; 78.2; 34.9; 34.9; 0.0;1535; 0.5; 0.6; 0.6;26; 21.8;F;1;29;On;On;Off; 32.5; 32.0;0;5;825;5;825;6;640;1;-
2026/04/05;15:06:17;100;-; 56.56; 0.6;-; 75.9; 75.7; 31.8; 14.4; 17.5;1535; 0.5; 0.6; 0.6;26; 21.8;F;1;29;On;On;Off; 32.5; 32.0;0;5;825;5;825;6;640;1;-
2026/04/05;15:07:17;100;-; 56.56; 0.6;-; 75.8; 76.0; 33.3; 31.8; 1.5;1535; 0.5; 0.6; 0.6;27; 21.8;F;1;29;On;On;Off; 32.4; 31.9;0;5;825;5;825;6;640;1;-
2026/04/05;15:08:17;100;-; 56.56; 0.5;-; 75.8; 75.8; 28.8; 19.7; 9.1;1535; 0.5; 0.6; 0.6;26; 21.8;F;1;29;On;On;Off; 32.4; 31.9;0;5;825;5;825;6;640;1;-
2026/04/05;15:09:17;100;-; 56.56; 0.9;-; 76.9; 74.7; 50.1; 0.0; 50.1;1535; 0.5; 0.6; 0.6;27; 21.8;F;1;29;On;On;Off; 32.5; 31.9;0;5;825;5;825;6;640;1;-
2026/04/05;15:10:17;100;-; 56.56; 0.7;-; 75.1; 76.9; 41.0; 41.0; 0.0;1535; 0.5; 0.6; 0.6;26; 21.8;F;1;29;On;On;Off; 32.4; 31.9;0;5;825;5;825;6;640;1;-
2026/04/05;15:11:17;100;-; 56.56; 0.6;-; 77.4; 75.4; 31.8; 0.0; 31.8;1535; 0.5; 0.6; 0.6;26; 21.8;F;1;29;On;On;Off; 32.4; 31.9;0;5;825;5;825;6;640;1;-
2026/04/05;15:12:17;100;-; 56.58; 0.7;-; 76.5; 76.8; 39.4; 37.2; 2.3;1535; 0.5; 0.6; 0.6;26; 21.8;F;1;29;On;On;Off; 32.4; 31.9;0;5;825;5;825;6;640;1;-
2026/04/05;15:13:17;100;-; 56.56; 0.8;-; 76.0; 77.7; 43.2; 43.2; 0.0;1535; 0.5; 0.6; 0.6;26; 21.8;F;1;29;On;On;Off; 32.5; 31.9;0;5;825;5;825;6;640;1;-
2026/04/05;15:14:17;100;-; 56.56; 0.7;-; 76.4; 77.4; 39.4; 39.4; 0.0;1535; 0.5; 0.6; 0.6;27; 21.8;F;1;29;On;On;Off; 32.5; 31.9;0;5;825;5;825;6;640;1;-
2026/04/05;15:15:17;100;-; 56.58; 1.0;-; 77.6; 75.2; 59.2; 0.0; 59.2;1535; 0.5; 0.6; 0.6;27; 21.8;F;1;29;On;On;Off; 32.4; 31.9;0;6;826;6;826;6;640;1;-
2026/04/05;15:16:16;100;-; 56.58; 0.8;-; 77.3; 75.6; 44.0; 0.0; 44.0;1535; 0.5; 0.6; 0.6;26; 21.8;F;1;29;On;On;Off; 32.4; 31.9;0;6;826;6;826;6;640;1;-
2026/04/05;15:17:16;100;-; 56.58; 0.8;-; 75.8; 77.7; 45.6; 45.6; 0.0;1535; 0.5; 0.6; 0.6;26; 21.8;F;1;29;On;On;Off; 32.4; 31.9;0;6;826;6;826;6;640;1;-
2026/04/05;15:18:16;100;-; 56.56; 0.5;-; 77.8; 76.2; 28.8; 0.0; 28.8;1535; 0.5; 0.6; 0.6;26; 21.8;F;1;29;On;On;Off; 32.4; 31.9;0;6;826;6;826;6;640;1;-
2026/04/05;15:19:16;100;-; 56.58; 0.9;-; 76.2; 77.7; 48.6; 48.6; 0.0;1535; 0.5; 0.6; 0.6;27; 21.8;F;1;29;On;On;Off; 32.4; 31.9;0;6;826;6;826;6;640;1;-
2026/04/05;15:20:16;100;-; 56.56; 0.5;-; 76.6; 76.9; 28.8; 15.2; 13.7;1535; 0.5; 0.6; 0.6;27; 21.8;F;1;29;On;On;Off; 32.4; 31.9;0;6;826;6;826;6;640;1;-
2026/04/05;15:21:16;100;-; 56.58; 0.9;-; 77.8; 74.7; 50.8; 0.0; 50.8;1535; 0.5; 0.6; 0.6;27; 21.8;F;1;29;On;On;Off; 32.4; 31.9;0;6;826;6;826;6;640;1;-
2026/04/05;15:22:16;100;-; 56.56; 0.6;-; 77.6; 75.5; 34.2; 7.6; 26.6;1535; 0.5; 0.6; 0.6;27; 21.8;F;1;29;On;On;Off; 32.4; 31.9;0;6;826;6;826;6;640;1;-
2026/04/05;15:23:16;100;-; 56.56; 0.5;-; 77.9; 76.9; 29.6; 7.6; 22.0;1535; 0.5; 0.6; 0.6;27; 21.8;F;1;29;On;On;Off; 32.4; 31.9;0;6;826;6;826;6;640;1;-
2026/04/05;15:24:16;100;-; 56.56; 0.9;-; 76.8; 78.2; 48.6; 48.6; 0.0;1535; 0.5; 0.6; 0.6;27; 21.8;F;1;29;On;On;Off; 32.4; 31.9;0;6;826;6;826;6;640;1;-
2026/04/05;15:25:16;100;-; 56.56; 0.5;-; 78.0; 77.3; 25.7; 9.1; 16.7;1535; 0.5; 0.6; 0.6;27; 21.8;F;1;29;On;On;Off; 32.4; 31.9;0;6;826;6;826;6;640;1;-
2026/04/05;15:26:16;100;-; 56.56; 0.9;-; 78.3; 76.8; 50.8; 0.0; 50.8;1535; 0.5; 0.6; 0.6;27; 21.8;F;1;29;On;On;Off; 32.5; 31.9;0;6;826;6;826;6;640;1;-
2026/04/05;15:27:16;100;-; 56.58; 0.6;-; 78.1; 76.9; 34.1; 13.7; 20.5;1535; 0.5; 0.6; 0.6;27; 21.8;F;1;29;On;On;Off; 32.4; 31.9;0;6;826;6;826;6;640;1;-
2026/04/05;15:28:16;100;-; 56.58; 0.7;-; 77.1; 78.2; 41.0; 41.0; 0.0;1535; 0.5; 0.6; 0.6;27; 21.8;F;1;29;On;On;Off; 32.5; 31.9;0;6;826;6;826;6;640;1;-
2026/04/05;15:29:16;100;-; 56.58; 0.9;-; 76.5; 78.0; 53.1; 53.1; 0.0;1535; 0.5; 0.6; 0.6;27; 21.8;F;1;29;On;On;Off; 32.4; 31.9;0;6;826;6;826;6;640;1;-
2026/04/05;15:30:16;100;-; 56.56; 0.5;-; 77.3; 77.8; 25.8; 25.0; 0.7;1535; 0.5; 0.6; 0.6;26; 21.8;F;1;29;On;On;Off; 32.4; 31.9;0;6;826;6;826;6;640;1;-
2026/04/05;15:31:15;100;-; 56.58; 0.7;-; 78.2; 76.8; 41.7; 0.0; 41.7;1535; 0.5; 0.6; 0.6;26; 21.8;F;1;29;On;On;Off; 32.4; 31.9;0;6;826;6;826;6;640;1;-
2026/04/05;15:32:15;100;-; 56.56; 0.5;-; 76.7; 78.0; 30.4; 30.4; 0.0;1535; 0.5; 0.6; 0.6;27; 21.8;F;1;29;On;On;Off; 32.4; 31.9;0;6;826;6;826;6;640;1;-
2026/04/05;15:33:15;100;-; 56.58; 0.6;-; 78.0; 76.3; 36.4; 0.0; 36.4;1535; 0.5; 0.6; 0.6;27; 21.8;F;1;29;On;On;Off; 32.4; 31.9;0;6;826;6;826;6;640;1;-
2026/04/05;15:34:15;100;-; 56.56; 0.6;-; 77.9; 76.9; 32.6; 0.0; 32.6;1536; 0.5; 0.6; 0.6;27; 21.8;F;1;29;On;On;Off; 32.4; 31.9;0;6;826;6;826;6;640;1;-
2026/04/05;15:35:15;100;-; 56.56; 0.6;-; 77.5; 76.5; 34.1; 2.3; 31.8;1536; 0.5; 0.6; 0.6;27; 21.8;F;1;29;On;On;Off; 32.4; 31.9;0;6;826;6;826;6;640;1;-
2026/04/05;15:36:15;100;-; 56.58; 0.9;-; 76.1; 78.0; 48.6; 48.6; 0.0;1536; 0.5; 0.6; 0.6;27; 21.8;F;1;29;On;On;Off; 32.4; 31.9;0;6;826;6;826;6;640;1;-
2026/04/05;15:37:15;100;-; 56.56; 0.7;-; 76.3; 78.0; 37.2; 37.2; 0.0;1536; 0.5; 0.6; 0.6;27; 21.8;F;1;29;On;On;Off; 32.4; 31.9;0;6;826;6;826;6;640;1;-
2026/04/05;15:38:15;100;-; 56.56; 0.6;-; 77.5; 76.6; 31.8; 6.8; 25.0;1536; 0.5; 0.6; 0.6;27; 21.8;F;1;29;On;On;Off; 32.4; 31.9;0;6;826;6;826;6;640;1;-
2026/04/05;15:39:15;100;-; 56.58; 1.0;-; 75.9; 78.1; 56.9; 56.9; 0.0;1536; 0.5; 0.6; 0.6;27; 21.8;F;1;29;On;On;Off; 32.4; 31.9;0;6;826;6;826;6;640;1;-
2026/04/05;15:40:15;100;-; 56.56; 1.2;-; 76.0; 78.3; 68.3; 68.3; 0.0;1536; 0.5; 0.6; 0.6;27; 21.8;F;1;29;On;On;Off; 32.4; 31.9;0;6;826;6;826;6;640;1;-
2026/04/05;15:41:15;100;-; 56.56; 0.5;-; 77.6; 76.9; 30.3; 23.5; 6.8;1536; 0.5; 0.6; 0.6;26; 21.8;F;1;29;On;On;Off; 32.4; 31.9;0;6;826;6;826;6;640;1;-
2026/04/05;15:42:15;100;-; 56.58; 1.2;-; 76.1; 78.3; 66.0; 66.0; 0.0;1536; 0.5; 0.6; 0.6;26; 21.8;F;1;29;On;On;Off; 32.4; 31.9;0;6;826;6;826;6;640;1;-
2026/04/05;15:43:15;100;-; 56.58; 0.6;-; 77.5; 76.9; 35.6; 23.5; 12.1;1536; 0.5; 0.6; 0.6;27; 21.8;F;1;29;On;On;Off; 32.4; 31.9;0;6;826;6;826;6;640;1;-
2026/04/05;15:44:15;100;-; 56.56; 0.6;-; 77.2; 77.8; 33.4; 33.4; 0.0;1536; 0.5; 0.6; 0.6;26; 21.8;F;1;29;On;On;Off; 32.4; 31.9;0;6;826;6;826;6;640;1;-
2026/04/05;15:45:15;100;-; 56.56; 0.7;-; 78.2; 76.3; 37.2; 0.0; 37.2;1536; 0.5; 0.6; 0.6;26; 21.8;F;1;29;On;On;Off; 32.4; 31.9;0;6;826;6;826;6;640;1;-
2026/04/05;15:46:14;100;-; 56.56; 0.3;-; 78.1; 77.1; 19.7; 0.0; 19.7;1536; 0.5; 0.6; 0.6;27; 21.8;F;1;29;On;On;Off; 32.4; 31.9;0;6;826;6;826;6;640;1;-
2026/04/05;15:47:14;100;-; 56.58; 1.1;-; 76.3; 78.1; 59.9; 59.9; 0.0;1536; 0.5; 0.6; 0.6;26; 21.8;F;1;29;On;On;Off; 32.4; 31.9;0;6;826;6;826;6;640;1;-
2026/04/05;15:48:14;100;-; 56.54; 0.7;-; 76.9; 78.4; 37.9; 37.9; 0.0;1536; 0.5; 0.6; 0.6;26; 21.8;F;1;29;On;On;Off; 32.4; 31.9;0;6;826;6;826;6;640;1;-
2026/04/05;15:49:14;100;-; 56.56; 0.5;-; 77.3; 78.0; 25.7; 20.5; 5.3;1536; 0.5; 0.6; 0.6;26; 21.8;F;1;29;On;On;Off; 32.4; 31.9;0;6;826;6;826;6;640;1;-
2026/04/05;15:50:14;100;-; 56.56; 0.8;-; 77.0; 78.0; 44.0; 44.0; 0.0;1536; 0.5; 0.6; 0.6;26; 21.8;F;1;29;On;On;Off; 32.4; 31.9;0;6;826;6;826;6;640;1;-
2026/04/05;15:51:14;100;-; 56.56; 0.6;-; 77.3; 77.7; 34.1; 33.4; 0.7;1536; 0.5; 0.6; 0.6;26; 21.8;F;1;29;On;On;Off; 32.4; 31.9;0;6;826;6;826;6;640;1;-
2026/04/05;15:52:14;100;-; 56.58; 1.0;-; 76.3; 78.4; 56.1; 56.1; 0.0;1536; 0.5; 0.6; 0.6;26; 21.8;F;1;29;On;On;Off; 32.4; 31.9;0;6;826;6;826;6;640;1;-
2026/04/05;15:53:14;100;-; 56.56; 0.6;-; 78.2; 77.1; 36.4; 0.0; 36.4;1536; 0.5; 0.6; 0.6;26; 21.8;F;1;29;On;On;Off; 32.4; 31.9;0;6;826;6;826;6;640;1;-
2026/04/05;15:54:14;100;-; 56.58; 0.7;-; 77.9; 76.8; 37.2; 0.0; 37.2;1536; 0.5; 0.6; 0.6;26; 21.8;F;1;29;On;On;Off; 32.4; 31.9;0;6;826;6;826;6;640;1;-
2026/04/05;15:55:14;100;-; 56.58; 1.0;-; 78.4; 76.6; 57.7; 0.0; 57.7;1536; 0.5; 0.6; 0.6;26; 21.8;F;1;29;On;On;Off; 32.4; 31.9;0;6;826;6;826;6;640;1;-
2026/04/05;15:56:14;100;-; 56.56; 0.7;-; 76.9; 78.0; 41.0; 41.0; 0.0;1536; 0.5; 0.6; 0.6;25; 21.8;F;1;29;On;On;Off; 32.4; 31.9;0;6;826;6;826;6;640;1;-
2026/04/05;15:57:14;100;-; 56.56; 0.7;-; 78.2; 76.7; 41.0; 0.0; 41.0;1536; 0.5; 0.6; 0.6;25; 21.8;F;1;29;On;On;Off; 32.5; 31.9;0;6;826;6;826;6;640;1;-
2026/04/05;15:58:14;100;-; 56.56; 0.4;-; 77.1; 78.2; 25.0; 12.9; 12.1;1536; 0.5; 0.6; 0.6;25; 21.8;F;1;29;On;On;Off; 32.5; 31.9;0;6;826;6;826;6;640;1;-
2026/04/05;15:59:14;100;-; 56.58; 1.0;-; 76.7; 78.1; 54.6; 54.6; 0.0;1536; 0.5; 0.6; 0.6;26; 21.8;F;1;29;On;On;Off; 32.5; 31.9;0;6;826;6;826;6;640;1;-
2026/04/05;16:00:14;100;-; 56.58; 0.8;-; 78.2; 76.4; 42.5; 0.0; 42.5;1536; 0.5; 0.6; 0.6;26; 21.8;F;1;29;On;On;Off; 32.5; 31.9;0;6;826;6;826;6;640;1;-
2026/04/05;16:01:13;100;-; 56.58; 1.0;-; 76.2; 78.2; 56.9; 56.9; 0.0;1536; 0.5; 0.6; 0.6;27; 21.8;F;1;29;On;On;Off; 32.4; 31.9;0;6;826;6;826;6;640;1;-
2026/04/05;16:02:13;100;-; 56.58; 0.7;-; 78.2; 76.3; 38.0; 0.0; 38.0;1536; 0.5; 0.6; 0.6;26; 21.8;F;1;29;On;On;Off; 32.4; 31.9;0;6;826;6;826;6;640;1;-
2026/04/05;16:03:13;100;-; 56.58; 0.6;-; 78.2; 76.5; 35.6; 0.7; 34.9;1536; 0.5; 0.6; 0.6;26; 21.8;F;1;29;On;On;Off; 32.4; 31.9;0;6;826;6;826;6;640;1;-
2026/04/05;16:04:13;100;-; 56.56; 0.8;-; 77.9; 76.8; 44.0; 0.0; 44.0;1536; 0.5; 0.6; 0.6;25; 21.8;F;1;29;On;On;Off; 32.4; 31.9;0;6;826;6;826;6;640;1;-
2026/04/05;16:05:13;100;-; 56.58; 1.2;-; 78.5; 76.0; 65.3; 0.0; 65.3;1536; 0.5; 0.6; 0.6;25; 21.8;F;1;29;On;On;Off; 32.4; 31.9;0;6;826;6;826;6;640;1;-
2026/04/05;16:06:13;100;-; 56.56; 0.8;-; 76.8; 78.0; 44.0; 44.0; 0.0;1536; 0.5; 0.6; 0.6;25; 21.8;F;1;29;On;On;Off; 32.4; 31.9;0;6;826;6;826;6;640;1;-
2026/04/05;16:07:13;100;-; 56.56; 0.6;-; 77.8; 76.8; 34.1; 1.5; 32.6;1536; 0.5; 0.6; 0.6;26; 21.8;F;1;29;On;On;Off; 32.4; 31.9;0;6;826;6;826;6;640;1;-
2026/04/05;16:08:13;100;-; 56.56; 0.7;-; 76.9; 78.3; 41.0; 41.0; 0.0;1536; 0.5; 0.6; 0.6;25; 21.8;F;1;29;On;On;Off; 32.4; 31.9;0;6;826;6;826;6;640;1;-
2026/04/05;16:09:13;100;-; 56.56; 0.9;-; 76.7; 78.3; 53.1; 53.1; 0.0;1536; 0.5; 0.6; 0.6;25; 21.8;F;1;29;On;On;Off; 32.4; 31.9;0;6;826;6;826;6;640;1;-
2026/04/05;16:10:13;100;-; 56.58; 0.6;-; 76.8; 78.1; 32.6; 31.1; 1.5;1536; 0.5; 0.6; 0.6;25; 21.8;F;1;29;On;On;Off; 32.4; 31.9;0;6;826;6;826;6;640;1;-
2026/04/05;16:11:13;100;-; 56.56; 0.6;-; 77.8; 77.2; 31.8; 5.3; 26.6;1536; 0.5; 0.6; 0.6;25; 21.8;F;1;29;On;On;Off; 32.4; 31.9;0;6;826;6;826;6;640;1;-
2026/04/05;16:12:13;100;-; 56.56; 0.8;-; 78.5; 76.6; 47.8; 0.0; 47.8;1536; 0.5; 0.6; 0.6;25; 21.8;F;1;29;On;On;Off; 32.5; 31.9;0;6;826;6;826;6;640;1;-
2026/04/05;16:13:13;100;-; 56.56; 0.5;-; 77.2; 78.0; 27.3; 15.9; 11.4;1536; 0.5; 0.6; 0.6;25; 21.8;F;1;29;On;On;Off; 32.4; 31.9;0;6;826;6;826;6;640;1;-
2026/04/05;16:14:13;100;-; 56.58; 0.5;-; 77.7; 77.5; 26.5; 24.2; 2.3;1536; 0.5; 0.6; 0.6;25; 21.8;F;1;29;On;On;Off; 32.4; 31.9;0;6;826;6;826;6;640;1;-
2026/04/05;16:15:13;100;-; 56.56; 0.5;-; 77.4; 77.8; 25.8; 14.4; 11.4;1536; 0.5; 0.6; 0.6;25; 21.8;F;1;29;On;On;Off; 32.5; 32.0;0;6;826;6;826;6;640;1;-
2026/04/05;16:16:12;100;-; 56.56; 0.6;-; 77.9; 76.9; 32.6; 6.8; 25.8;1536; 0.5; 0.6; 0.6;26; 21.8;F;1;29;On;On;Off; 32.5; 32.0;0;6;826;6;826;6;640;1;-
2026/04/05;16:17:12;100;-; 56.56; 0.8;-; 77.9; 76.4; 46.3; 0.0; 46.3;1536; 0.5; 0.6; 0.6;26; 21.8;F;1;29;On;On;Off; 32.4; 31.9;0;6;826;6;826;6;640;1;-
2026/04/05;16:18:12;100;-; 56.56; 0.6;-; 77.2; 77.3; 36.4; 36.4; 0.0;1536; 0.5; 0.6; 0.6;26; 21.8;F;1;29;On;On;Off; 32.5; 32.0;0;6;826;6;826;6;640;1;-
2026/04/05;16:19:12;100;-; 56.56; 1.0;-; 78.1; 75.8; 54.6; 0.0; 54.6;1536; 0.5; 0.6; 0.6;25; 21.8;F;1;29;On;On;Off; 32.4; 31.9;0;6;826;6;826;6;640;1;-
2026/04/05;16:20:12;100;-; 56.58; 0.7;-; 77.7; 76.1; 37.9; 4.5; 33.4;1536; 0.5; 0.6; 0.6;26; 21.8;F;1;29;On;On;Off; 32.4; 31.9;0;6;826;6;826;6;640;1;-
2026/04/05;16:21:12;100;-; 56.56; 0.6;-; 77.3; 77.0; 31.8; 31.1; 0.7;1536; 0.5; 0.6; 0.6;26; 21.8;F;1;29;On;On;Off; 32.4; 31.9;0;6;826;6;826;6;640;1;-
2026/04/05;16:22:12;100;-; 56.58; 0.6;-; 78.1; 75.7; 33.4; 2.3; 31.1;1536; 0.5; 0.6; 0.6;26; 21.8;F;1;29;On;On;Off; 32.4; 31.9;0;6;826;6;826;6;640;1;-
2026/04/05;16:23:12;100;-; 56.56; 0.7;-; 77.8; 76.0; 41.8; 0.0; 41.8;1536; 0.5; 0.6; 0.6;26; 21.8;F;1;29;On;On;Off; 32.4; 31.9;0;6;826;6;826;6;640;1;-
2026/04/05;16:24:12;100;-; 56.56; 0.6;-; 77.2; 76.6; 34.1; 14.4; 19.7;1536; 0.5; 0.6; 0.6;26; 21.8;F;1;29;On;On;Off; 32.4; 31.9;0;6;826;6;826;6;640;1;-
2026/04/05;16:25:12;100;-; 56.56; 0.6;-; 77.3; 76.3; 34.1; 21.2; 12.9;1536; 0.5; 0.6; 0.6;26; 21.8;F;1;29;On;On;Off; 32.4; 31.9;0;6;826;6;826;6;640;1;-
2026/04/05;16:26:12;100;-; 56.56; 0.6;-; 77.1; 75.9; 34.9; 0.0; 34.9;1536; 0.5; 0.6; 0.6;26; 21.8;F;1;29;On;On;Off; 32.4; 31.9;0;6;826;6;826;6;640;1;-
2026/04/05;16:27:12;100;-; 56.58; 0.7;-; 77.3; 75.6; 41.8; 0.0; 41.8;1536; 0.5; 0.6; 0.6;25; 21.8;F;1;29;On;On;Off; 32.4; 31.9;0;6;826;6;826;6;640;1;-
2026/04/05;16:28:12;100;-; 56.56; 0.6;-; 77.3; 75.8; 31.8; 15.2; 16.7;1536; 0.5; 0.6; 0.6;26; 21.8;F;1;29;On;On;Off; 32.4; 31.9;0;6;826;6;826;6;640;1;-
2026/04/05;16:29:12;100;-; 56.56; 0.4;-; 76.4; 77.2; 22.7; 17.5; 5.3;1536; 0.5; 0.6; 0.6;27; 21.8;F;1;29;On;On;Off; 32.4; 31.9;0;6;826;6;826;6;640;1;-
2026/04/05;16:30:12;100;-; 56.56; 0.4;-; 76.3; 77.2; 23.5; 7.6; 15.9;1536; 0.5; 0.6; 0.6;26; 21.8;F;1;29;On;On;Off; 32.4; 31.9;0;6;826;6;826;6;640;1;-
2026/04/05;16:31:11;100;-; 56.56; 0.7;-; 77.1; 75.5; 41.8; 0.0; 41.8;1536; 0.5; 0.6; 0.6;26; 21.8;F;1;29;On;On;Off; 32.5; 31.9;0;6;826;6;826;6;640;1;-
2026/04/05;16:32:11;100;-; 56.56; 0.8;-; 75.5; 77.0; 44.7; 44.7; 0.0;1536; 0.5; 0.6; 0.6;27; 21.8;F;1;29;On;On;Off; 32.4; 31.9;0;6;826;6;826;6;640;1;-
2026/04/05;16:33:11;100;-; 56.56; 0.6;-; 76.5; 76.4; 35.6; 32.6; 3.0;1536; 0.5; 0.6; 0.6;27; 21.8;F;1;29;On;On;Off; 32.4; 31.9;0;6;826;6;826;6;640;1;-
2026/04/05;16:34:11;100;-; 56.58; 0.9;-; 75.3; 77.5; 52.4; 52.4; 0.0;1537; 0.5; 0.6; 0.6;26; 21.8;F;1;29;On;On;Off; 32.4; 31.9;0;6;826;6;826;6;640;1;-
2026/04/05;16:35:11;100;-; 56.56; 0.7;-; 76.5; 76.2; 37.9; 10.6; 27.3;1537; 0.5; 0.6; 0.6;26; 21.8;F;1;29;On;On;Off; 32.4; 31.9;0;6;826;6;826;6;640;1;-
2026/04/05;16:36:11;100;-; 56.56; 0.9;-; 74.9; 77.7; 49.3; 49.3; 0.0;1537; 0.5; 0.6; 0.6;26; 21.8;F;1;29;On;On;Off; 32.4; 31.9;0;6;826;6;826;6;640;1;-
2026/04/05;16:37:11;100;-; 56.56; 0.8;-; 76.0; 77.7; 44.8; 44.8; 0.0;1537; 0.5; 0.6; 0.6;26; 21.8;F;1;29;On;On;Off; 32.4; 31.9;0;6;826;6;826;6;640;1;-
2026/04/05;16:38:11;100;-; 56.56; 0.5;-; 76.5; 77.3; 31.0; 18.2; 12.9;1537; 0.5; 0.6; 0.6;27; 21.8;F;1;29;On;On;Off; 32.4; 31.9;0;6;826;6;826;6;640;1;-
2026/04/05;16:39:11;100;-; 56.56; 0.6;-; 77.5; 76.9; 36.4; 0.0; 36.4;1537; 0.5; 0.6; 0.6;26; 21.8;F;1;29;On;On;Off; 32.5; 32.0;0;6;826;6;826;6;640;1;-
2026/04/05;16:40:11;100;-; 56.56; 0.5;-; 77.4; 77.3; 28.0; 23.5; 4.5;1537; 0.5; 0.6; 0.6;26; 21.8;F;1;29;On;On;Off; 32.5; 31.9;0;6;826;6;826;6;640;1;-
2026/04/05;16:41:11;100;-; 56.58; 0.6;-; 78.0; 76.6; 33.4; 8.3; 25.0;1537; 0.5; 0.6; 0.6;26; 21.8;F;1;29;On;On;Off; 32.5; 31.9;0;6;826;6;826;6;640;1;-
2026/04/05;16:42:11;100;-; 56.56; 0.6;-; 78.4; 77.2; 32.6; 0.0; 32.6;1537; 0.5; 0.6; 0.6;25; 21.8;F;1;29;On;On;Off; 32.5; 32.0;0;6;826;6;826;6;640;1;-
2026/04/05;16:43:11;100;-; 56.56; 0.5;-; 77.5; 77.9; 30.3; 23.5; 6.8;1537; 0.5; 0.6; 0.6;25; 21.8;F;1;29;On;On;Off; 32.5; 32.0;0;6;826;6;826;6;640;1;-
2026/04/05;16:44:11;100;-; 56.56; 0.5;-; 77.7; 77.9; 28.0; 0.0; 28.0;1537; 0.5; 0.6; 0.6;25; 21.8;F;1;29;On;On;Off; 32.5; 32.0;0;6;826;6;826;6;640;1;-
2026/04/05;16:45:11;100;-; 56.58; 0.5;-; 77.1; 78.3; 28.0; 26.6; 1.5;1537; 0.5; 0.6; 0.6;25; 21.8;F;1;29;On;On;Off; 32.5; 32.0;0;6;826;6;826;6;640;1;-
2026/04/05;16:46:10;100;-; 56.56; 0.5;-; 77.6; 77.8; 25.8; 14.4; 11.4;1537; 0.5; 0.6; 0.6;25; 21.8;F;1;29;On;On;Off; 32.5; 32.0;0;6;826;6;826;6;640;1;-
2026/04/05;16:47:10;100;-; 56.58; 0.7;-; 77.7; 76.6; 37.2; 0.0; 37.2;1537; 0.5; 0.6; 0.6;26; 21.8;F;1;29;On;On;Off; 32.5; 32.0;0;6;826;6;826;6;640;1;-
2026/04/05;16:48:10;100;-; 56.58; 0.8;-; 77.8; 76.3; 46.3; 0.0; 46.3;1537; 0.5; 0.6; 0.6;25; 21.8;F;1;29;On;On;Off; 32.5; 32.0;0;6;826;6;826;7;641;1;-
2026/04/05;16:49:10;100;-; 56.56; 0.6;-; 77.7; 75.9; 36.4; 4.5; 31.8;1537; 0.5; 0.6; 0.6;26; 21.8;F;1;29;On;On;Off; 32.4; 32.0;0;6;826;6;826;7;641;1;-
2026/04/05;16:50:10;100;-; 56.56; 0.9;-; 77.7; 75.1; 49.3; 0.0; 49.3;1537; 0.5; 0.6; 0.6;26; 21.8;F;1;29;On;On;Off; 32.5; 31.9;0;6;826;6;826;7;641;1;-
2026/04/05;16:51:10;100;-; 56.56; 0.9;-; 77.6; 75.5; 48.5; 0.0; 48.5;1537; 0.5; 0.6; 0.6;25; 21.8;F;1;29;On;On;Off; 32.4; 31.9;0;6;826;6;826;7;641;1;-
2026/04/05;16:52:10;100;-; 56.56; 0.5;-; 77.6; 75.8; 28.0; 0.0; 28.0;1537; 0.5; 0.6; 0.6;25; 21.8;F;1;29;On;On;Off; 32.4; 31.9;0;6;826;6;826;7;641;1;-
2026/04/05;16:53:10;100;-; 56.56; 0.4;-; 77.3; 75.7; 22.7; 2.3; 20.4;1537; 0.5; 0.6; 0.6;25; 21.8;F;1;29;On;On;Off; 32.4; 31.9;0;6;826;6;826;7;641;1;-
2026/04/05;16:54:10;100;-; 56.56; 0.6;-; 76.6; 76.3; 34.9; 0.0; 34.9;1537; 0.5; 0.6; 0.6;25; 21.8;F;1;29;On;On;Off; 32.4; 31.9;0;6;826;6;826;7;641;1;-
2026/04/05;16:55:10;100;-; 56.56; 0.8;-; 75.3; 77.0; 44.0; 44.0; 0.0;1537; 0.5; 0.6; 0.6;25; 21.8;F;1;29;On;On;Off; 32.4; 31.9;0;6;826;6;826;7;641;1;-
2026/04/05;16:56:10;100;-; 56.56; 0.5;-; 75.7; 76.7; 28.0; 22.8; 5.3;1537; 0.5; 0.6; 0.6;26; 21.8;F;1;29;On;On;Off; 32.4; 31.9;0;6;826;6;826;7;641;1;-
2026/04/05;16:57:10;100;-; 56.58; 0.8;-; 76.5; 74.8; 46.3; 0.0; 46.3;1537; 0.5; 0.6; 0.6;26; 21.8;F;1;29;On;On;Off; 32.4; 31.9;0;6;826;6;826;7;641;1;-
2026/04/05;16:58:10;100;-; 56.56; 0.5;-; 76.1; 75.7; 30.4; 0.0; 30.4;1537; 0.5; 0.6; 0.6;26; 21.8;F;1;29;On;On;Off; 32.4; 31.9;0;6;826;6;826;7;641;1;-
2026/04/05;16:59:10;100;-; 56.56; 0.6;-; 74.4; 76.8; 34.1; 33.4; 0.7;1537; 0.5; 0.6; 0.6;26; 21.8;F;1;29;On;On;Off; 32.4; 31.9;0;6;826;6;826;7;641;1;-
2026/04/05;17:00:10;100;-; 56.56; 0.7;-; 76.4; 74.2; 40.9; 9.1; 31.8;1537; 0.5; 0.6; 0.6;26; 21.8;F;1;29;On;On;Off; 32.4; 31.9;0;6;826;6;826;7;641;1;-
2026/04/05;17:01:09;100;-; 56.56; 0.6;-; 75.9; 76.1; 35.6; 35.6; 0.0;1537; 0.5; 0.6; 0.6;25; 21.8;F;1;29;On;On;Off; 32.4; 31.9;0;6;826;6;826;7;641;1;-
2026/04/05;17:02:09;100;-; 56.56; 0.5;-; 75.6; 75.9; 28.8; 22.8; 6.1;1537; 0.5; 0.6; 0.6;26; 21.8;F;1;29;On;On;Off; 32.4; 31.9;0;7;827;7;827;7;641;1;-
2026/04/05;17:03:09;100;-; 56.56; 0.6;-; 75.7; 75.6; 35.6; 13.7; 22.0;1537; 0.5; 0.6; 0.6;26; 21.8;F;1;29;On;On;Off; 32.4; 31.9;0;7;827;7;827;7;641;1;-
2026/04/05;17:04:09;100;-; 56.56; 0.5;-; 75.7; 75.2; 31.1; 15.2; 15.9;1537; 0.5; 0.6; 0.6;27; 21.8;F;1;29;On;On;Off; 32.4; 31.9;0;7;827;7;827;7;641;1;-
2026/04/05;17:05:09;100;-; 56.54; 0.5;-; 75.2; 75.8; 25.8; 12.1; 13.6;1537; 0.5; 0.6; 0.6;26; 21.8;F;1;29;On;On;Off; 32.4; 31.9;0;7;827;7;827;7;641;1;-
2026/04/05;17:06:09;100;-; 56.56; 0.6;-; 76.0; 74.4; 31.8; 15.9; 15.9;1537; 0.5; 0.6; 0.6;26; 21.8;F;1;29;On;On;Off; 32.4; 31.9;0;7;827;7;827;7;641;1;-
2026/04/05;17:07:09;100;-; 56.56; 0.6;-; 74.8; 75.7; 33.4; 32.6; 0.7;1537; 0.5; 0.6; 0.6;28; 21.8;F;1;29;On;On;Off; 32.4; 31.8;0;7;827;7;827;7;641;1;-
2026/04/05;17:08:09;100;-; 56.56; 0.6;-; 75.7; 74.9; 36.4; 18.2; 18.2;1537; 0.5; 0.6; 0.6;27; 21.8;F;1;29;On;On;Off; 32.4; 31.8;0;7;827;7;827;7;641;1;-
2026/04/05;17:09:09;100;-; 56.56; 0.6;-; 74.1; 76.0; 35.6; 35.6; 0.0;1537; 0.5; 0.6; 0.6;27; 21.8;F;1;29;On;On;Off; 32.3; 31.8;0;7;827;7;827;7;641;1;-
2026/04/05;17:10:09;100;-; 56.56; 0.5;-; 74.6; 75.7; 31.0; 24.2; 6.8;1537; 0.5; 0.6; 0.6;27; 21.8;F;1;29;On;On;Off; 32.4; 31.8;0;7;827;7;827;7;641;1;-
2026/04/05;17:11:09;100;-; 56.54; 0.7;-; 73.9; 76.4; 40.2; 40.2; 0.0;1537; 0.5; 0.6; 0.6;26; 21.8;F;1;29;On;On;Off; 32.4; 31.8;0;7;827;7;827;7;641;1;-
2026/04/05;17:12:09;100;-; 56.56; 0.7;-; 73.9; 75.4; 40.9; 39.4; 1.5;1537; 0.5; 0.6; 0.6;27; 21.8;F;1;29;On;On;Off; 32.3; 31.8;0;7;827;7;827;7;641;1;-
2026/04/05;17:13:09;100;-; 56.56; 0.5;-; 76.1; 74.1; 30.4; 0.0; 30.4;1537; 0.5; 0.6; 0.6;27; 21.8;F;1;29;On;On;Off; 32.3; 31.8;0;7;827;7;827;7;641;1;-
2026/04/05;17:14:09;100;-; 56.56; 0.6;-; 75.3; 75.0; 31.8; 5.3; 26.6;1537; 0.5; 0.6; 0.6;27; 21.8;F;1;29;On;On;Off; 32.3; 31.8;0;7;827;7;827;7;641;1;-
2026/04/05;17:15:09;100;-; 56.58; 0.6;-; 74.1; 75.7; 31.8; 23.5; 8.3;1537; 0.5; 0.6; 0.6;27; 21.8;F;1;29;On;On;Off; 32.3; 31.8;0;7;827;7;827;7;641;1;-
2026/04/05;17:16:08;100;-; 56.56; 0.6;-; 73.9; 76.0; 32.6; 32.6; 0.0;1537; 0.5; 0.6; 0.6;27; 21.8;F;1;29;On;On;Off; 32.3; 31.8;0;7;827;7;827;7;641;1;-
2026/04/05;17:17:08;100;-; 56.56; 0.5;-; 76.3; 74.1; 28.0; 1.5; 26.6;1537; 0.5; 0.6; 0.6;28; 21.8;F;1;29;On;On;Off; 32.3; 31.8;0;7;827;7;827;7;641;1;-
2026/04/05;17:18:08;100;-; 56.56; 0.6;-; 75.1; 75.2; 33.4; 13.7; 19.7;1537; 0.5; 0.6; 0.6;27; 21.8;F;1;29;On;On;Off; 32.3; 31.8;0;7;827;7;827;7;641;1;-
2026/04/05;17:19:08;100;-; 56.56; 0.6;-; 74.7; 76.2; 33.4; 33.4; 0.0;1537; 0.5; 0.6; 0.6;27; 21.8;F;1;29;On;On;Off; 32.3; 31.8;0;7;827;7;827;7;641;1;-
2026/04/05;17:20:08;100;-; 56.56; 0.7;-; 77.0; 74.3; 40.2; 0.0; 40.2;1537; 0.5; 0.6; 0.6;27; 21.8;F;1;29;On;On;Off; 32.3; 31.8;0;7;827;7;827;7;641;1;-
2026/04/05;17:21:08;100;-; 56.56; 0.6;-; 76.7; 74.3; 33.4; 8.3; 25.0;1537; 0.5; 0.6; 0.6;26; 21.8;F;1;29;On;On;Off; 32.3; 31.8;0;7;827;7;827;7;641;1;-
2026/04/05;17:22:08;100;-; 56.56; 0.6;-; 74.7; 76.3; 35.6; 24.2; 11.4;1537; 0.5; 0.6; 0.6;27; 21.8;F;1;29;On;On;Off; 32.3; 31.8;0;7;827;7;827;7;641;1;-
2026/04/05;17:23:08;100;-; 56.56; 0.6;-; 75.9; 75.5; 33.4; 4.5; 28.8;1537; 0.5; 0.6; 0.6;26; 21.8;F;1;29;On;On;Off; 32.3; 31.8;0;7;827;7;827;7;641;1;-
2026/04/05;17:24:08;100;-; 56.56; 0.7;-; 74.7; 76.5; 37.2; 37.2; 0.0;1537; 0.5; 0.6; 0.6;26; 21.8;F;1;29;On;On;Off; 32.3; 31.8;0;7;827;7;827;7;641;1;-
2026/04/05;17:25:08;100;-; 56.56; 0.5;-; 74.1; 76.9; 29.6; 29.6; 0.0;1537; 0.5; 0.6; 0.6;26; 21.8;F;1;29;On;On;Off; 32.3; 31.8;0;7;827;7;827;7;641;1;-
2026/04/05;17:26:08;100;-; 56.56; 0.7;-; 76.6; 73.9; 41.7; 0.0; 41.7;1537; 0.5; 0.6; 0.6;27; 21.8;F;1;29;On;On;Off; 32.3; 31.8;0;7;827;7;827;7;641;1;-
2026/04/05;17:27:08;100;-; 56.56; 0.6;-; 74.2; 76.2; 34.9; 22.8; 12.1;1537; 0.5; 0.6; 0.6;27; 21.8;F;1;29;On;On;Off; 32.3; 31.8;0;7;827;7;827;7;641;1;-
2026/04/05;17:28:08;100;-; 56.56; 0.5;-; 76.0; 73.9; 30.3; 0.7; 29.6;1537; 0.5; 0.6; 0.6;27; 21.8;F;1;29;On;On;Off; 32.3; 31.8;0;7;827;7;827;7;641;1;-
2026/04/05;17:29:08;100;-; 56.54; 0.5;-; 74.8; 74.7; 31.1; 9.9; 21.2;1537; 0.5; 0.6; 0.6;26; 21.8;F;1;29;On;On;Off; 32.3; 31.8;0;7;827;7;827;7;641;1;-
2026/04/05;17:30:08;100;-; 56.54; 0.5;-; 73.9; 76.0; 28.8; 28.8; 0.0;1537; 0.5; 0.6; 0.6;27; 21.8;F;1;29;On;On;Off; 32.3; 31.8;0;7;827;7;827;7;641;1;-
2026/04/05;17:31:08;100;-; 56.56; 0.7;-; 73.9; 74.2; 38.7; 21.2; 17.5;1537; 0.5; 0.6; 0.6;27; 21.8;F;1;29;On;On;Off; 32.3; 31.7;0;7;827;7;827;7;641;1;-
2026/04/05;17:32:07;100;-; 56.56; 0.5;-; 74.0; 75.1; 31.0; 20.4; 10.6;1537; 0.5; 0.6; 0.6;27; 21.8;F;1;29;On;On;Off; 32.3; 31.8;0;7;827;7;827;7;641;1;-
2026/04/05;17:33:07;100;-; 56.56; 0.5;-; 74.6; 73.8; 30.3; 12.9; 17.4;1537; 0.5; 0.6; 0.6;27; 21.8;F;1;29;On;On;Off; 32.3; 31.7;0;7;827;7;827;7;641;1;-
2026/04/05;17:34:07;100;-; 56.56; 0.6;-; 74.0; 73.8; 34.1; 16.7; 17.4;1538; 0.5; 0.6; 0.6;27; 21.8;F;1;29;On;On;Off; 32.3; 31.7;0;7;827;7;827;7;641;1;-
2026/04/05;17:35:07;100;-; 55.91; 0.0;-; 74.5; 74.6; 1.5; 0.0; 1.5;1538; 0.4; 0.5; 0.5;23; 21.8;F;1;29;On;On;Off; 31.5; 31.1;0;7;827;7;827;7;641;1;-
2026/04/05;17:36:07;100;-; 54.47; 0.0;-; 74.6; 74.6; 0.7; 0.0; 0.7;1538;-0.2; 0.0; 0.0;-8; 21.8;F;1;29;On;On;Off; 29.8; 29.3;0;7;827;7;827;7;641;1;-
2026/04/05;17:37:07;100;-; 56.48; 0.7;-; 73.5; 73.5; 37.1; 18.2; 18.9;1538; 0.4; 0.4; 0.4;19; 21.8;F;1;29;On;On;Off; 31.0; 30.5;0;7;827;7;827;7;641;1;-
2026/04/05;17:38:07;100;-; 56.48; 0.7;-; 73.7; 73.6; 38.6; 18.2; 20.4;1538; 0.5; 0.6; 0.6;29; 21.8;F;1;29;On;On;Off; 31.6; 31.1;0;7;827;7;827;7;641;1;-
2026/04/05;17:39:07;100;-; 56.50; 0.7;-; 73.9; 73.6; 39.4; 19.0; 20.4;1538; 0.5; 0.6; 0.6;29; 21.8;F;1;29;On;On;Off; 31.8; 31.2;0;7;827;7;827;7;641;1;-
2026/04/05;17:40:07;100;-; 56.54; 0.5;-; 74.4; 73.8; 29.6; 13.6; 15.9;1538; 0.5; 0.6; 0.6;27; 21.8;F;1;29;On;On;Off; 31.8; 31.3;0;7;827;7;827;7;641;1;-
2026/04/05;17:41:07;100;-; 56.46; 0.7;-; 73.8; 73.4; 37.8; 18.1; 19.7;1538; 0.5; 0.6; 0.6;28; 21.8;F;1;29;On;On;Off; 31.8; 31.3;0;7;827;7;827;7;641;1;-
2026/04/05;17:42:07;100;-; 56.26; 0.1;-; 74.3; 74.5; 3.0; 0.0; 3.0;1538; 0.5; 0.6; 0.6;26; 21.8;F;1;29;On;On;Off; 31.9; 31.3;0;7;827;7;827;7;641;1;-
2026/04/05;17:43:07;100;-; 54.86; 0.0;-; 74.0; 74.1; 0.7; 0.0; 0.7;1538; 0.0; 0.2; 0.2;1; 21.8;F;1;29;On;On;Off; 29.7; 29.4;0;7;827;7;827;7;641;1;-
2026/04/05;17:44:07;100;-; 54.88; 0.5;-; 71.5; 73.9; 25.0; 24.3; 0.7;1538;-0.0; 0.1; 0.1;-2; 21.8;F;1;29;On;On;Off; 30.3; 28.7;0;7;827;7;827;7;641;1;-
2026/04/05;17:45:07;100;-; 55.75; 0.6;-; 72.7; 72.7; 33.6; 16.4; 17.2;1538; 0.6; 0.6; 0.6;32; 21.8;F;1;29;On;On;Off; 31.2; 30.6;0;7;827;7;827;7;641;1;-
2026/04/05;17:46:07;100;-; 55.45; 0.0;-; 73.8; 73.7; 0.7; 0.0; 0.7;1538; 0.5; 0.6; 0.6;25; 21.8;F;1;29;On;On;Off; 31.1; 30.8;0;7;827;7;827;7;641;1;-
2026/04/05;17:47:06;100;-; 54.29; 0.0;-; 73.8; 73.7; 0.7; 0.0; 0.7;1538;-0.2; 0.0; 0.0;-8; 21.8;F;1;29;On;On;Off; 29.1; 28.7;0;7;827;7;827;7;641;1;-
2026/04/05;17:48:06;100;-; 55.10; 0.7;-; 71.8; 72.4; 37.7; 20.7; 17.0;1538; 0.2; 0.3; 0.3;9; 21.8;F;1;29;On;On;Off; 30.2; 29.6;0;7;827;7;827;7;641;1;-
2026/04/05;17:49:06;100;-; 55.59; 0.6;-; 72.6; 72.4; 33.5; 16.4; 17.1;1538; 0.6; 0.6; 0.6;31; 21.8;F;1;29;On;On;Off; 30.9; 30.4;0;7;827;7;827;7;641;1;-
2026/04/05;17:50:06;100;-; 55.24; 0.0;-; 73.8; 73.8; 0.7; 0.0; 0.7;1538; 0.4; 0.5; 0.5;22; 21.8;F;1;29;On;On;Off; 30.4; 30.0;0;7;827;7;827;7;641;1;-
2026/04/05;17:51:06;100;-; 54.21; 0.0;-; 73.9; 73.8; 0.7; 0.0; 0.7;1538;-0.2; 0.0; 0.0;-9; 21.8;F;1;29;On;On;Off; 28.8; 28.4;0;7;827;7;827;7;641;1;-
2026/04/05;17:52:06;100;-; 55.39; 0.7;-; 72.2; 72.1; 37.9; 18.6; 19.3;1538; 0.3; 0.4; 0.4;14; 21.8;F;1;29;On;On;Off; 30.1; 29.5;0;7;827;7;827;7;641;1;-
2026/04/05;17:53:06;100;-; 55.63; 0.6;-; 72.6; 72.3; 34.3; 16.4; 17.9;1538; 0.6; 0.6; 0.6;30; 21.8;F;1;29;On;On;Off; 30.7; 30.2;0;7;827;7;827;7;641;1;-
2026/04/05;17:54:06;100;-; 54.98; 0.0;-; 73.7; 73.7; 0.7; 0.0; 0.7;1538; 0.3; 0.4; 0.4;16; 21.8;F;1;29;On;On;Off; 29.6; 29.1;0;7;827;7;827;7;641;1;-
2026/04/05;17:55:06;100;-; 54.09; 0.0;-; 73.7; 73.6; 0.0; 0.0; 0.0;1538;-0.2; 0.0; 0.0;-9; 21.8;F;1;29;On;On;Off; 28.5; 28.1;0;7;827;7;827;7;641;1;-
2026/04/05;17:56:06;100;-; 55.16; 0.5;-; 73.2; 71.6; 28.0; 8.8; 19.2;1538; 0.4; 0.4; 0.4;20; 21.8;F;1;29;On;On;Off; 30.0; 29.6;0;7;827;7;827;7;641;1;-
2026/04/05;17:57:06;100;-; 55.37; 0.6;-; 72.4; 72.2; 31.2; 14.9; 16.3;1538; 0.5; 0.6; 0.6;28; 21.8;F;1;29;On;On;Off; 30.6; 30.1;0;7;827;7;827;7;641;1;-
2026/04/05;17:58:06;100;-; 54.82; 0.0;-; 73.6; 73.5; 0.7; 0.0; 0.7;1538; 0.3; 0.4; 0.4;14; 21.8;F;1;29;On;On;Off; 29.1; 29.2;0;7;827;7;827;7;641;1;-
2026/04/05;17:59:06;100;-; 54.05; 0.0;-; 73.4; 73.3; 0.7; 0.0; 0.7;1538;-0.2; 0.0; 0.0;-9; 21.8;F;1;29;On;On;Off; 28.3; 27.9;0;7;827;7;827;7;641;1;-
2026/04/05;18:00:06;100;-; 55.06; 0.7;-; 71.8; 71.7; 36.2; 17.7; 18.5;1538; 0.4; 0.5; 0.5;21; 21.8;F;1;29;On;On;Off; 30.0; 29.3;0;7;827;7;827;7;641;1;-
2026/04/05;18:01:06;100;-; 55.29; 0.6;-; 72.1; 72.0; 31.9; 15.6; 16.3;1538; 0.5; 0.6; 0.6;28; 21.8;F;1;29;On;On;Off; 30.4; 29.9;0;7;827;7;827;7;641;1;-
2026/04/05;18:02:05;100;-; 54.60; 0.0;-; 73.5; 73.5; 0.7; 0.0; 0.7;1538; 0.2; 0.3; 0.3;9; 21.8;F;1;29;On;On;Off; 28.8; 28.5;0;7;827;7;827;7;641;1;-
2026/04/05;18:03:05;100;-; 53.95; 0.0;-; 73.4; 73.5; 0.7; 0.0; 0.7;1538;-0.2; 0.0; 0.0;-9; 21.8;F;1;29;On;On;Off; 28.1; 27.7;0;7;827;7;827;7;641;1;-
2026/04/05;18:04:05;100;-; 55.31; 0.6;-; 72.2; 71.9; 34.8; 17.1; 17.8;1538; 0.6; 0.6; 0.6;30; 21.8;F;1;29;On;On;Off; 29.9; 29.4;0;7;827;7;827;7;641;1;-
2026/04/05;18:05:05;100;-; 55.39; 0.5;-; 72.3; 73.1; 27.5; 16.3; 11.1;1538; 0.5; 0.6; 0.6;28; 21.8;F;1;29;On;On;Off; 30.3; 29.8;0;7;827;7;827;7;641;1;-
2026/04/05;18:06:05;100;-; 54.53; 0.0;-; 73.6; 73.5; 1.4; 0.7; 0.7;1538; 0.1; 0.2; 0.2;5; 21.8;F;1;29;On;On;Off; 28.5; 28.1;0;7;827;7;827;7;641;1;-
2026/04/05;18:07:05;100;-; 53.95; 0.4;-; 71.5; 73.5; 19.5; 18.8; 0.7;1538;-0.2; 0.0; 0.0;-8; 21.8;F;1;29;On;On;Off; 27.9; 27.5;0;7;827;7;827;7;641;1;-
2026/04/05;18:08:05;100;-; 55.41; 0.6;-; 72.3; 72.1; 34.9; 17.1; 17.8;1538; 0.7; 0.6; 0.6;35; 21.8;F;1;29;On;On;Off; 29.9; 29.4;0;7;827;7;827;7;641;1;-
2026/04/05;18:09:05;100;-; 55.55; 0.6;-; 72.5; 72.3; 34.3; 17.1; 17.1;1538; 0.5; 0.6; 0.6;27; 21.8;F;1;29;On;On;Off; 30.2; 29.7;0;7;827;7;827;7;641;1;-
2026/04/05;18:10:05;100;-; 54.51; 0.0;-; 73.7; 73.8; 0.7; 0.0; 0.7;1538; 0.0; 0.2; 0.2;1; 21.8;F;1;29;On;On;Off; 28.3; 27.9;0;7;827;7;827;7;641;1;-
2026/04/05;18:11:05;100;-; 54.31; 1.0;-; 71.0; 70.6; 52.4; 25.5; 26.9;1538;-0.2; 0.0; 0.0;-8; 21.8;F;1;29;On;On;Off; 28.1; 27.6;0;7;827;7;827;7;641;1;-
2026/04/05;18:12:05;100;-; 55.63; 0.6;-; 72.7; 72.4; 32.8; 14.9; 17.9;1538; 0.8; 0.7; 0.7;41; 21.8;F;1;29;On;On;Off; 29.9; 29.4;0;7;827;7;827;7;641;1;-
2026/04/05;18:13:05;100;-; 55.55; 0.6;-; 72.4; 72.5; 32.0; 15.6; 16.4;1538; 0.5; 0.6; 0.6;26; 21.8;F;1;29;On;On;Off; 30.2; 29.7;0;7;827;7;827;7;641;1;-
2026/04/05;18:14:05;100;-; 54.37; 0.0;-; 73.5; 73.5; 1.4; 0.0; 1.4;1538;-0.1; 0.1; 0.1;-3; 21.8;F;1;29;On;On;Off; 28.1; 27.7;0;7;827;7;827;7;641;1;-
2026/04/05;18:15:05;100;-; 54.45; 0.8;-; 71.0; 70.8; 43.8; 21.2; 22.6;1538;-0.0; 0.1; 0.1;-2; 21.8;F;1;29;On;On;Off; 28.5; 28.0;0;7;827;7;827;7;641;1;-
2026/04/05;18:16:05;100;-; 55.27; 0.6;-; 72.0; 72.0; 33.3; 16.3; 17.1;1538; 0.7; 0.7; 0.7;36; 21.8;F;1;29;On;On;Off; 29.8; 29.3;0;7;827;7;827;7;641;1;-
2026/04/05;18:17:04;100;-; 55.12; 0.5;-; 72.0; 71.8; 30.3; 14.8; 15.5;1538; 0.5; 0.6; 0.6;24; 21.8;F;1;29;On;On;Off; 30.1; 29.6;0;7;827;7;827;7;641;1;-
2026/04/05;18:18:04;100;-; 54.15; 0.0;-; 72.9; 72.7; 0.7; 0.0; 0.7;1538;-0.1; 0.1; 0.1;-4; 21.8;F;1;29;On;On;Off; 28.1; 27.6;0;7;827;7;827;7;641;1;-
2026/04/05;18:19:04;100;-; 53.91; 0.6;-; 70.5; 70.2; 31.7; 15.9; 15.9;1538;-0.1; 0.1; 0.1;-4; 21.8;F;1;29;On;On;Off; 28.6; 28.0;0;7;827;7;827;7;641;1;-
2026/04/05;18:20:04;100;-; 53.83; 0.4;-; 71.5; 70.2; 20.9; 7.9; 13.0;1538; 0.4; 0.5; 0.5;21; 21.8;F;1;29;On;On;Off; 29.8; 29.2;0;7;827;7;827;7;641;1;-
2026/04/05;18:21:04;100;-; 53.72; 0.0;-; 71.4; 71.5; 0.7; 0.0; 0.7;1538; 0.1; 0.3; 0.3;3; 21.8;F;1;29;On;On;Off; 28.2; 27.8;0;7;827;7;827;7;641;1;-
2026/04/05;18:22:04;100;-; 53.66; 0.0;-; 71.3; 71.1; 0.7; 0.0; 0.7;1538;-0.2; 0.0; 0.0;-8; 21.8;F;1;29;On;On;Off; 27.6; 27.2;0;7;827;7;827;7;641;1;-
2026/04/05;18:23:04;100;-; 53.52; 0.4;-; 69.8; 69.6; 20.8; 10.0; 10.8;1538; 0.1; 0.3; 0.3;2; 21.8;F;1;29;On;On;Off; 29.4; 28.9;0;7;827;7;827;7;641;1;-
2026/04/05;18:24:04;100;-; 53.50; 0.0;-; 71.1; 71.0; 0.7; 0.0; 0.7;1538; 0.1; 0.3; 0.3;4; 21.8;F;1;29;On;On;Off; 29.0; 28.7;0;7;827;7;827;7;641;1;-
2026/04/05;18:25:04;100;-; 53.48; 0.0;-; 71.0; 70.8; 0.7; 0.0; 0.7;1538;-0.2; 0.0; 0.0;-8; 21.8;F;1;29;On;On;Off; 27.6; 27.2;0;7;827;7;827;7;641;1;-
2026/04/05;18:26:04;100;-; 53.42; 0.3;-; 69.7; 69.6; 17.9; 8.6; 9.3;1538;-0.1; 0.2; 0.2;-4; 21.8;F;1;29;On;On;Off; 29.0; 28.4;0;7;827;7;827;7;641;1;-
2026/04/05;18:27:04;100;-; 53.36; 0.3;-; 69.6; 69.5; 15.7; 7.9; 7.9;1538; 0.0; 0.3; 0.3;1; 21.8;F;1;29;On;On;Off; 29.6; 29.1;0;7;827;7;827;7;641;1;-
2026/04/05;18:28:04;100;-; 53.38; 0.0;-; 70.1; 70.1; 0.7; 0.0; 0.7;1538;-0.1; 0.1; 0.1;-7; 21.8;F;1;29;On;On;Off; 27.8; 27.4;0;7;827;7;827;7;641;1;-
2026/04/05;18:29:04;100;-; 53.32; 0.3;-; 69.5; 69.5; 14.3; 7.2; 7.2;1538;-0.2; 0.0; 0.0;-8; 21.8;F;1;29;On;On;Off; 27.8; 27.2;0;7;827;7;827;7;641;1;-
2026/04/05;18:30:04;100;-; 53.24; 0.2;-; 70.9; 69.4; 10.7; 3.6; 7.1;1538;-0.1; 0.3; 0.3;-5; 21.8;F;1;29;On;On;Off; 29.4; 28.9;0;7;827;7;827;7;641;1;-
2026/04/05;18:31:04;100;-; 53.24; 0.0;-; 69.8; 69.7; 0.7; 0.0; 0.7;1538;-0.1; 0.2; 0.2;-7; 21.8;F;1;29;On;On;Off; 28.1; 27.7;0;7;827;7;827;7;641;1;-
2026/04/05;18:32:03;100;-; 53.26; 0.0;-; 69.8; 69.7; 0.7; 0.0; 0.7;1538;-0.2; 0.0; 0.0;-8; 21.8;F;1;29;On;On;Off; 27.4; 26.9;0;7;827;7;827;7;641;1;-
2026/04/05;18:33:03;100;-; 53.16; 0.3;-; 69.3; 69.1; 14.3; 7.1; 7.1;1538;-0.1; 0.2; 0.2;-7; 21.8;F;1;29;On;On;Off; 29.1; 28.6;0;7;827;7;827;7;641;1;-
2026/04/05;18:34:03;100;-; 53.12; 0.0;-; 69.9; 69.7; 0.7; 0.0; 0.7;1539;-0.1; 0.2; 0.2;-7; 21.8;F;1;29;On;On;Off; 29.2; 28.9;0;7;827;7;827;7;641;1;-
2026/04/05;18:35:03;100;-; 53.12; 0.0;-; 70.0; 69.7; 0.7; 0.0; 0.7;1539;-0.2; 0.0; 0.0;-10; 21.8;F;1;29;On;On;Off; 27.4; 27.0;0;7;827;7;827;7;641;1;-
2026/04/05;18:36:03;100;-; 53.06; 0.3;-; 69.2; 69.1; 14.2; 7.1; 7.1;1539;-0.1; 0.1; 0.1;-7; 21.8;F;1;29;On;On;Off; 28.5; 28.0;0;7;827;7;827;7;641;1;-
2026/04/05;18:37:03;100;-; 53.03; 0.3;-; 69.2; 69.0; 14.2; 7.1; 7.1;1539;-0.1; 0.3; 0.3;-4; 21.8;F;1;29;On;On;Off; 29.3; 28.9;0;7;827;7;827;7;641;1;-
2026/04/05;18:38:03;99;-; 53.04; 0.0;-; 69.5; 69.4; 0.7; 0.0; 0.7;1539;-0.2; 0.1; 0.1;-8; 21.8;F;1;29;On;On;Off; 27.6; 27.2;0;7;827;7;827;7;641;1;-
2026/04/05;18:39:03;99;-; 53.01; 0.2;-; 69.2; 69.1; 11.4; 5.7; 5.7;1539;-0.2; 0.0; 0.0;-8; 21.8;F;1;29;On;On;Off; 27.3; 26.7;0;7;827;7;827;7;641;1;-
2026/04/05;18:40:03;99;-; 52.91; 0.2;-; 69.1; 68.8; 10.6; 4.9; 5.7;1539;-0.2; 0.2; 0.2;-11; 21.8;F;1;29;On;On;Off; 29.1; 28.7;0;7;827;7;827;7;641;1;-
2026/04/05;18:41:03;99;-; 52.91; 0.0;-; 68.4; 68.3; 0.7; 0.0; 0.7;1539;-0.3; 0.1; 0.1;-14; 21.8;F;1;29;On;On;Off; 28.1; 27.8;0;7;827;7;827;7;641;1;-
2026/04/05;18:42:03;99;-; 52.95; 0.0;-; 68.4; 68.4; 0.7; 0.0; 0.7;1539;-0.2; 0.0; 0.0;-9; 21.8;F;1;29;On;On;Off; 27.2; 26.8;0;7;827;7;827;7;641;1;-
2026/04/05;18:43:03;99;-; 52.83; 0.2;-; 68.9; 68.8; 9.8; 4.9; 4.9;1539;-0.2; 0.1; 0.1;-11; 21.8;F;1;29;On;On;Off; 28.8; 28.3;0;7;827;7;827;7;641;1;-
2026/04/05;18:44:03;99;-; 52.77; 0.1;-; 68.4; 68.8; 5.6; 0.7; 4.9;1539;-0.3; 0.2; 0.2;-14; 21.8;F;1;29;On;On;Off; 29.3; 28.8;0;7;827;7;827;7;641;1;-
2026/04/05;18:45:03;99;-; 52.83; 0.0;-; 67.7; 67.7; 0.7; 0.0; 0.7;1539;-0.2; 0.0; 0.0;-11; 21.8;F;1;29;On;On;Off; 27.3; 26.9;0;7;827;7;827;7;641;1;-
2026/04/05;18:46:03;99;-; 52.75; 0.1;-; 68.9; 68.7; 7.8; 3.5; 4.2;1539;-0.2; 0.1; 0.1;-10; 21.8;F;1;29;On;On;Off; 28.1; 27.5;0;7;827;7;827;7;641;1;-
2026/04/05;18:47:03;99;-; 52.65; 0.1;-; 68.7; 68.6; 6.3; 3.5; 2.8;1539;-0.4; 0.1; 0.1;-20; 21.8;F;1;29;On;On;Off; 29.1; 28.7;0;7;827;7;827;7;641;1;-
2026/04/05;18:48:02;99;-; 52.69; 0.0;-; 66.4; 66.3; 0.7; 0.0; 0.7;1539;-0.3; 0.1; 0.1;-16; 21.8;F;1;29;On;On;Off; 27.6; 27.2;0;7;827;7;827;7;641;1;-
2026/04/05;18:49:02;99;-; 52.69; 0.1;-; 68.1; 66.2; 4.9; 4.2; 0.7;1539;-0.2; 0.0; 0.0;-8; 21.8;F;1;29;On;On;Off; 27.0; 26.6;0;7;827;7;827;7;641;1;-
2026/04/05;18:50:02;99;-; 52.71; 0.0;-; 66.5; 66.4; 1.4; 0.7; 0.7;1539;-0.2; 0.0; 0.0;-8; 21.8;F;1;29;On;On;Off; 26.8; 26.4;0;7;827;7;827;7;641;1;-
2026/04/05;18:51:02;99;-; 52.73; 0.0;-; 66.7; 66.5; 0.7; 0.0; 0.7;1539;-0.2; 0.0; 0.0;-8; 21.8;F;1;29;On;On;Off; 26.6; 26.3;0;7;827;7;827;7;641;1;-
2026/04/05;18:52:02;99;-; 52.71; 0.0;-; 66.6; 66.4; 0.7; 0.0; 0.7;1539;-0.2; 0.0; 0.0;-8; 21.8;F;1;29;On;On;Off; 26.5; 26.1;0;7;827;7;827;7;641;1;-
2026/04/05;18:53:02;99;-; 52.73; 0.0;-; 66.3; 66.2; 0.7; 0.0; 0.7;1539;-0.2; 0.0; 0.0;-9; 21.8;F;1;29;On;On;Off; 26.4; 26.0;0;7;827;7;827;7;641;1;-
2026/04/05;18:54:02;99;-; 52.71; 0.0;-; 66.0; 65.9; 0.7; 0.0; 0.7;1539;-0.2; 0.0; 0.0;-9; 21.8;F;1;29;On;On;Off; 26.3; 25.9;0;7;827;7;827;7;641;1;-
2026/04/05;18:55:02;99;-; 52.71; 0.0;-; 65.9; 65.7; 0.7; 0.0; 0.7;1539;-0.2; 0.0; 0.0;-9; 21.8;F;1;29;On;On;Off; 26.2; 25.8;0;7;827;7;827;7;641;1;-
2026/04/05;18:56:02;99;-; 52.69; 0.0;-; 65.6; 65.6; 1.4; 0.7; 0.7;1539;-0.2; 0.0; 0.0;-9; 21.8;F;1;29;On;On;Off; 26.2; 25.8;0;7;827;7;827;7;641;1;-
2026/04/05;18:57:02;99;-; 52.69; 0.0;-; 65.3; 65.2; 0.7; 0.0; 0.7;1539;-0.2; 0.0; 0.0;-9; 21.8;F;1;29;On;On;Off; 26.0; 25.6;0;7;827;7;827;7;641;1;-
2026/04/05;18:58:02;99;-; 52.71; 0.0;-; 64.5; 64.4; 0.7; 0.0; 0.7;1539;-0.2; 0.0; 0.0;-9; 21.8;F;1;29;On;On;Off; 25.9; 25.5;0;7;827;7;827;7;641;1;-
2026/04/05;18:59:02;99;-; 52.69; 0.0;-; 64.0; 63.9; 0.7; 0.0; 0.7;1539;-0.2; 0.0; 0.0;-8; 21.8;F;1;29;On;On;Off; 25.8; 25.4;0;7;827;7;827;7;641;1;-
2026/04/05;19:00:02;99;-; 52.69; 0.0;-; 63.9; 63.8; 0.7; 0.0; 0.7;1539;-0.2; 0.0; 0.0;-9; 21.8;F;1;29;On;On;Off; 25.8; 25.4;0;7;827;7;827;7;641;1;-
2026/04/05;19:01:02;99;-; 52.69; 0.0;-; 64.1; 64.0; 0.7; 0.0; 0.7;1539;-0.2; 0.0; 0.0;-9; 21.8;F;1;29;On;On;Off; 25.7; 25.3;0;7;827;7;827;7;641;1;-
2026/04/05;19:02:02;99;-; 52.67; 0.0;-; 63.9; 63.6; 0.7; 0.0; 0.7;1539;-0.2; 0.0; 0.0;-8; 21.8;F;1;29;On;On;Off; 25.6; 25.2;0;7;827;7;827;7;641;1;-
2026/04/05;19:03:01;99;-; 52.67; 0.0;-; 63.4; 63.0; 1.4; 0.7; 0.7;1539;-0.2; 0.0; 0.0;-8; 21.8;F;1;29;On;On;Off; 25.6; 25.2;0;7;827;7;827;7;641;1;-
2026/04/05;19:04:01;99;-; 52.65; 0.0;-; 63.1; 62.9; 1.4; 0.7; 0.7;1539;-0.2; 0.0; 0.0;-9; 21.8;F;1;29;On;On;Off; 25.5; 25.1;0;7;827;7;827;7;641;1;-
2026/04/05;19:05:01;99;-; 52.65; 0.0;-; 62.4; 62.4; 0.7; 0.7; 0.0;1539;-0.2; 0.0; 0.0;-8; 21.7;F;1;29;On;On;Off; 25.4; 25.0;0;7;827;7;827;7;641;1;-
2026/04/05;19:06:01;99;-; 52.65; 0.0;-; 62.5; 62.2; 1.4; 0.7; 0.7;1539;-0.2; 0.0; 0.0;-8; 21.7;F;1;29;On;On;Off; 25.5; 25.1;0;7;827;7;827;7;641;1;-
2026/04/05;19:07:01;99;-; 52.65; 0.0;-; 62.0; 61.8; 0.7; 0.0; 0.7;1539;-0.2; 0.0; 0.0;-8; 21.8;F;1;29;On;On;Off; 25.3; 25.0;0;7;827;7;827;7;641;1;-
2026/04/05;19:08:01;99;-; 52.63; 0.0;-; 61.5; 61.3; 0.0; 0.0; 0.0;1539;-0.2; 0.0; 0.0;-9; 21.7;F;1;29;On;On;Off; 25.3; 24.9;0;7;827;7;827;7;641;1;-
2026/04/05;19:09:01;99;-; 52.65; 0.0;-; 60.9; 60.7; 0.7; 0.0; 0.7;1539;-0.2; 0.0; 0.0;-8; 21.8;F;1;29;On;On;Off; 25.2; 24.8;0;7;827;7;827;7;641;1;-
2026/04/05;19:10:01;99;-; 52.63; 0.0;-; 60.6; 60.3; 0.7; 0.0; 0.7;1539;-0.2; 0.0; 0.0;-9; 21.7;F;1;29;On;On;Off; 25.2; 24.8;0;7;827;7;827;7;641;1;-
2026/04/05;19:11:01;99;-; 52.63; 0.0;-; 60.1; 59.9; 1.4; 0.7; 0.7;1539;-0.2; 0.0; 0.0;-9; 21.7;F;1;29;On;On;Off; 25.1; 24.7;0;7;827;7;827;7;641;1;-
2026/04/05;19:12:01;99;-; 52.63; 0.0;-; 59.6; 59.4; 0.7; 0.0; 0.7;1539;-0.2; 0.0; 0.0;-9; 21.7;F;1;29;On;On;Off; 25.1; 24.7;0;7;827;7;827;7;641;1;-
2026/04/05;19:13:01;99;-; 52.61; 0.0;-; 59.2; 58.9; 0.7; 0.7; 0.0;1539;-0.2; 0.0; 0.0;-8; 21.7;F;1;29;On;On;Off; 25.0; 24.6;0;7;827;7;827;7;641;1;-
2026/04/05;19:14:01;99;-; 52.61; 0.0;-; 59.3; 59.1; 1.4; 0.7; 0.7;1539;-0.2; 0.0; 0.0;-9; 21.8;F;1;29;On;On;Off; 25.0; 24.6;0;7;827;7;827;7;641;1;-
2026/04/05;19:15:01;99;-; 52.61; 0.0;-; 59.4; 59.2; 0.0;-;-;1539;-0.2; 0.0; 0.0;-9; 21.7;F;1;29;On;On;Off; 24.9; 24.6;0;7;827;7;827;7;641;0;-
2026/04/05;19:16:01;99;-; 52.63; 0.0;-; 59.2; 59.0; 0.0;-;-;1539;-0.2; 0.0; 0.0;-8; 21.7;F;1;29;On;On;Off; 24.8; 24.5;0;7;827;7;827;7;641;0;-
2026/04/05;19:17:01;99;-; 52.63; 0.0;-; 58.5; 58.2; 0.0;-;-;1539;-0.2; 0.0; 0.0;-8; 21.7;F;1;29;On;On;Off; 24.7; 24.4;0;7;827;7;827;7;641;0;-
2026/04/05;19:18:00;99;-; 52.63; 0.0;-; 57.7; 57.3; 0.0;-;-;1539;-0.2; 0.0; 0.0;-8; 21.7;F;1;29;On;On;Off; 24.7; 24.3;0;7;827;7;827;7;641;0;-
2026/04/05;19:19:00;99;-; 52.63; 0.0;-; 57.7; 57.3; 0.0;-;-;1539;-0.2; 0.0; 0.0;-8; 21.7;F;1;29;On;On;Off; 24.6; 24.3;0;7;827;7;827;7;641;0;-
2026/04/05;19:20:00;99;-; 52.63; 0.0;-; 57.2; 56.8; 0.0;-;-;1539;-0.2; 0.0; 0.0;-8; 21.7;F;1;29;On;On;Off; 24.6; 24.3;0;7;827;7;827;7;641;0;-
2026/04/05;19:21:00;99;-; 52.63; 0.0;-; 56.6; 56.3; 0.0;-;-;1539;-0.2; 0.0; 0.0;-8; 21.7;F;1;29;On;On;Off; 24.5; 24.2;0;7;827;7;827;7;641;0;-
2026/04/05;19:22:00;99;-; 52.61; 0.0;-; 55.2; 54.7; 0.0;-;-;1539;-0.2; 0.0; 0.0;-8; 21.7;F;1;29;On;On;Off; 24.5; 24.2;0;7;827;7;827;7;641;0;-
2026/04/05;19:23:00;99;-; 52.61; 0.0;-; 54.6; 54.2; 0.0;-;-;1539;-0.2; 0.0; 0.0;-7; 21.7;F;1;29;On;On;Off; 24.4; 24.1;0;7;827;7;827;7;641;0;-
2026/04/05;19:24:00;99;-; 52.63; 0.0;-; 54.2; 53.6; 0.0;-;-;1539;-0.2; 0.0; 0.0;-8; 21.7;F;1;29;On;On;Off; 24.4; 24.1;0;7;827;7;827;7;641;0;-
2026/04/05;19:25:00;99;-; 52.63; 0.0;-; 54.2; 53.6; 0.0;-;-;1539;-0.2; 0.0; 0.0;-8; 21.7;F;1;29;On;On;Off; 24.3; 24.0;0;7;827;7;827;7;641;0;-
2026/04/05;19:26:00;99;-; 52.61; 0.0;-; 54.3; 53.8; 0.0;-;-;1539;-0.2; 0.0; 0.0;-8; 21.7;F;1;29;On;On;Off; 24.3; 24.0;0;7;827;7;827;7;641;0;-
2026/04/05;19:27:00;99;-; 52.61; 0.0;-; 54.0; 53.4; 0.0;-;-;1539;-0.2; 0.0; 0.0;-8; 21.7;F;1;29;On;On;Off; 24.2; 24.0;0;7;827;7;827;7;641;0;-
2026/04/05;19:28:00;99;-; 52.61; 0.0;-; 53.8; 53.2; 0.0;-;-;1539;-0.2; 0.0; 0.0;-8; 21.7;F;1;29;On;On;Off; 24.2; 23.9;0;7;827;7;827;7;641;0;-
2026/04/05;19:29:00;99;-; 52.61; 0.0;-; 53.4; 52.7; 0.0;-;-;1539;-0.2; 0.0; 0.0;-8; 21.8;F;1;29;On;On;Off; 24.2; 23.9;0;7;827;7;827;7;641;0;-
2026/04/05;19:30:00;99;-; 52.61; 0.0;-; 52.2; 51.5; 0.0;-;-;1539;-0.2; 0.0; 0.0;-7; 21.7;F;1;29;On;On;Off; 24.1; 23.8;0;7;827;7;827;7;641;0;-
2026/04/05;19:31:00;99;-; 52.61; 0.0;-; 50.9; 50.2; 0.0;-;-;1539;-0.2; 0.0; 0.0;-8; 21.7;F;1;29;On;On;Off; 24.1; 23.8;0;7;827;7;827;7;641;0;-
2026/04/05;19:32:00;99;-; 52.61; 0.0;-; 50.3; 49.7; 0.0;-;-;1539;-0.2; 0.0; 0.0;-8; 21.7;F;1;29;On;On;Off; 24.0; 23.8;0;7;827;7;827;7;641;0;-
2026/04/05;19:33:00;99;-; 52.61; 0.0;-; 49.2; 48.4; 0.0;-;-;1539;-0.2; 0.0; 0.0;-8; 21.7;F;1;29;On;On;Off; 24.0; 23.7;0;7;827;7;827;7;641;0;-
2026/04/05;19:33:59;99;-; 52.61; 0.0;-; 49.0; 48.3; 0.0;-;-;1540;-0.2; 0.0; 0.0;-8; 21.7;F;1;29;On;On;Off; 24.0; 23.7;0;7;827;7;827;7;641;0;-
2026/04/05;19:34:59;99;-; 52.59; 0.0;-; 49.3; 48.4; 0.0;-;-;1540;-0.1; 0.0; 0.0;-7; 21.7;F;1;29;On;On;Off; 24.0; 23.7;0;7;827;7;827;7;641;0;-
2026/04/05;19:35:59;99;-; 52.59; 0.0;-; 49.0; 48.2; 0.0;-;-;1540;-0.2; 0.0; 0.0;-7; 21.7;F;1;29;On;On;Off; 23.9; 23.6;0;7;827;7;827;7;641;0;-
2026/04/05;19:36:59;99;-; 52.61; 0.0;-; 47.8; 47.0; 0.0;-;-;1540;-0.2; 0.0; 0.0;-7; 21.7;F;1;29;On;On;Off; 23.9; 23.6;0;7;827;7;827;7;641;0;-
2026/04/05;19:37:59;99;-; 52.61; 0.0;-; 46.9; 46.0; 0.0;-;-;1540;-0.2; 0.0; 0.0;-7; 21.7;F;1;29;On;On;Off; 23.9; 23.6;0;7;827;7;827;7;641;0;-
2026/04/05;19:38:59;99;-; 52.61; 0.0;-; 45.6; 44.6; 0.0;-;-;1540;-0.2; 0.0; 0.0;-8; 21.7;F;1;29;On;On;Off; 23.8; 23.5;0;7;827;7;827;7;641;0;-
2026/04/05;19:39:59;99;-; 52.61; 0.0;-; 44.2; 43.3; 0.0;-;-;1540;-0.2; 0.0; 0.0;-8; 21.7;F;1;29;On;On;Off; 23.8; 23.5;0;7;827;7;827;7;641;0;-
2026/04/05;19:40:59;99;-; 52.61; 0.0;-; 43.5; 42.6; 0.0;-;-;1540;-0.2; 0.0; 0.0;-8; 21.7;F;1;29;On;On;Off; 23.8; 23.5;0;7;827;7;827;7;641;0;-
2026/04/05;19:41:59;99;-; 52.59; 0.0;-; 42.0; 41.1; 0.0;-;-;1540;-0.2; 0.0; 0.0;-8; 21.7;F;1;29;On;On;Off; 23.8; 23.5;0;7;827;7;827;7;641;0;-
2026/04/05;19:42:59;99;-; 52.59; 0.0;-; 41.0; 40.1; 0.0;-;-;1540;-0.2; 0.0; 0.0;-9; 21.8;F;1;29;On;On;Off; 23.8; 23.5;0;7;827;7;827;7;641;0;-
2026/04/05;19:43:59;99;-; 52.59; 0.0;-; 39.8; 38.8; 0.0;-;-;1540;-0.2; 0.0; 0.0;-7; 21.7;F;1;29;On;On;Off; 23.7; 23.4;0;7;827;7;827;7;641;0;-
2026/04/05;19:44:59;99;-; 52.57; 0.0;-; 38.9; 38.2; 0.0;-;-;1540;-0.2; 0.0; 0.0;-7; 21.7;F;1;29;On;On;Off; 23.7; 23.4;0;7;827;7;827;7;641;0;-
2026/04/05;19:45:59;99;-; 52.59; 0.0;-; 38.2; 37.4; 0.0;-;-;1540;-0.2; 0.0; 0.0;-8; 21.8;F;1;29;On;On;Off; 23.7; 23.4;0;7;827;7;827;7;641;0;-
2026/04/05;19:46:59;99;-; 52.59; 0.0;-; 36.9; 36.2; 0.0;-;-;1540;-0.2; 0.0; 0.0;-8; 21.8;F;1;29;On;On;Off; 23.7; 23.4;0;7;827;7;827;7;641;0;-
2026/04/05;19:47:59;99;-; 52.59; 0.0;-; 35.5; 34.8; 0.0;-;-;1540;-0.2; 0.0; 0.0;-8; 21.8;F;1;29;On;On;Off; 23.6; 23.3;0;7;827;7;827;7;641;0;-
2026/04/05;19:48:59;99;-; 52.59; 0.0;-; 34.5; 33.9; 0.0;-;-;1540;-0.2; 0.0; 0.0;-8; 21.8;F;1;29;On;On;Off; 23.6; 23.3;0;7;827;7;827;7;641;0;-
2026/04/05;19:49:58;99;-; 52.59; 0.0;-; 33.7; 33.3; 0.0;-;-;1540;-0.2; 0.0; 0.0;-8; 21.8;F;1;29;On;On;Off; 23.6; 23.3;0;7;827;7;827;7;641;0;-
2026/04/05;19:50:58;99;-; 52.59; 0.0;-; 32.5; 32.1; 0.0;-;-;1540;-0.2; 0.0; 0.0;-8; 21.8;F;1;29;On;On;Off; 23.6; 23.3;0;7;827;7;827;7;641;0;-
2026/04/05;19:51:58;99;-; 52.59; 0.0;-; 31.1; 30.7; 0.0;-;-;1540;-0.2; 0.0; 0.0;-8; 21.8;F;1;29;On;On;Off; 23.6; 23.3;0;7;827;7;827;7;641;0;-
2026/04/05;19:52:58;99;-; 52.57; 0.0;-; 30.9; 30.5; 0.0;-;-;1540;-0.2; 0.0; 0.0;-8; 21.8;F;1;29;On;On;Off; 23.6; 23.3;0;7;827;7;827;7;641;0;-
2026/04/05;19:53:58;99;-; 52.57; 0.0;-; 30.3; 29.9; 0.0;-;-;1540;-0.2; 0.0; 0.0;-8; 21.8;F;1;29;On;On;Off; 23.5; 23.2;0;7;827;7;827;7;641;0;-
2026/04/05;19:54:58;99;-; 52.57; 0.0;-; 29.2; 28.8; 0.0;-;-;1540;-0.2; 0.0; 0.0;-8; 21.8;F;1;29;On;On;Off; 23.5; 23.2;0;7;827;7;827;7;641;0;-
2026/04/05;19:55:58;99;-; 52.57; 0.0;-; 27.9; 27.5; 0.0;-;-;1540;-0.2; 0.0; 0.0;-8; 21.8;F;1;29;On;On;Off; 23.5; 23.2;0;7;827;7;827;7;641;0;-
2026/04/05;19:56:58;99;-; 52.57; 0.0;-; 26.5; 26.3; 0.0;-;-;1540;-0.2; 0.0; 0.0;-8; 21.8;F;1;29;On;On;Off; 23.5; 23.2;0;7;827;7;827;7;641;0;-
2026/04/05;19:57:58;99;-; 52.57; 0.0;-; 25.6; 25.5; 0.0;-;-;1540;-0.2; 0.0; 0.0;-8; 21.8;F;1;29;On;On;Off; 23.5; 23.2;0;7;827;7;827;7;641;0;-
2026/04/05;19:58:58;99;-; 52.57; 0.0;-; 23.8; 23.5; 0.0;-;-;1540;-0.2; 0.0; 0.0;-8; 21.8;F;1;29;On;On;Off; 23.5; 23.2;0;7;827;7;827;7;641;0;-
2026/04/05;19:59:58;99;-; 52.57; 0.0;-; 22.8; 22.7; 0.0;-;-;1540;-0.2; 0.0; 0.0;-8; 21.8;F;1;29;On;On;Off; 23.4; 23.1;0;7;827;7;827;7;641;0;-
2026/04/05;20:00:58;99;-; 52.57; 0.0;-; 23.1; 22.9; 0.0;-;-;1540;-0.2; 0.0; 0.0;-8; 21.8;F;1;29;On;On;Off; 23.4; 23.1;0;7;827;7;827;7;641;0;-
2026/04/05;20:01:58;99;-; 52.57; 0.0;-; 21.8; 21.8; 0.0;-;-;1540;-0.2; 0.0; 0.0;-8; 21.8;F;1;29;On;On;Off; 23.4; 23.1;0;7;827;7;827;7;641;0;-
2026/04/05;20:02:58;99;-; 52.57; 0.0;-; 21.0; 21.1; 0.0;-;-;1540;-0.2; 0.0; 0.0;-8; 21.8;F;1;29;On;On;Off; 23.4; 23.1;0;7;827;7;827;7;641;0;-
2026/04/05;20:03:58;99;-; 52.57; 0.0;-; 20.1; 20.3; 0.0;-;-;1540;-0.2; 0.0; 0.0;-8; 21.8;F;1;29;On;On;Off; 23.4; 23.1;0;7;827;7;827;7;641;0;-
2026/04/05;20:04:57;99;-; 52.57; 0.0;-; 19.3; 19.6; 0.0;-;-;1540;-0.2; 0.0; 0.0;-9; 21.8;F;1;29;On;On;Off; 23.4; 23.1;0;7;827;7;827;7;641;0;-
2026/04/05;20:05:57;99;-; 52.57; 0.0;-; 18.3; 18.5; 0.0;-;-;1540;-0.2; 0.0; 0.0;-9; 21.8;F;1;29;On;On;Off; 23.4; 23.1;0;7;827;7;827;7;641;0;-
2026/04/05;20:06:57;99;-; 52.57; 0.0;-; 17.9; 18.1; 0.0;-;-;1540;-0.2; 0.0; 0.0;-8; 21.8;F;1;29;On;On;Off; 23.4; 23.0;0;7;827;7;827;7;641;0;-
2026/04/05;20:07:57;99;-; 52.55; 0.0;-; 17.3; 17.6; 0.0;-;-;1540;-0.2; 0.0; 0.0;-8; 21.8;F;1;29;On;On;Off; 23.3; 23.0;0;7;827;7;827;7;641;0;-
2026/04/05;20:08:57;99;-; 52.55; 0.0;-; 16.8; 17.3; 0.0;-;-;1540;-0.2; 0.0; 0.0;-8; 21.8;F;1;29;On;On;Off; 23.3; 23.0;0;7;827;7;827;7;641;0;-
2026/04/05;20:09:57;99;-; 52.55; 0.0;-; 16.6; 17.0; 0.0;-;-;1540;-0.2; 0.0; 0.0;-8; 21.8;F;1;29;On;On;Off; 23.3; 23.0;0;7;827;7;827;7;641;0;-
2026/04/05;20:10:57;99;-; 52.55; 0.0;-; 16.2; 16.6; 0.0;-;-;1540;-0.2; 0.0; 0.0;-8; 21.8;F;1;29;On;On;Off; 23.3; 23.0;0;7;827;7;827;7;641;0;-
2026/04/05;20:11:57;99;-; 52.55; 0.0;-; 16.1; 16.5; 0.0;-;-;1540;-0.2; 0.0; 0.0;-8; 21.8;F;1;29;On;On;Off; 23.3; 23.0;0;7;827;7;827;7;641;0;-
2026/04/05;20:12:57;99;-; 52.55; 0.0;-; 15.9; 16.3; 0.0;-;-;1540;-0.2; 0.0; 0.0;-9; 21.8;F;1;29;On;On;Off; 23.3; 23.0;0;7;827;7;827;7;641;0;-
2026/04/05;20:13:57;99;-; 52.55; 0.0;-; 15.9; 16.3; 0.0;-;-;1540;-0.2; 0.0; 0.0;-8; 21.8;F;1;29;On;On;Off; 23.3; 23.0;0;7;827;7;827;7;641;0;-
2026/04/05;20:14:57;99;-; 52.55; 0.0;-; 15.6; 16.0; 0.0;-;-;1540;-0.2; 0.0; 0.0;-8; 21.8;F;1;29;On;On;Off; 23.3; 23.0;0;7;827;7;827;7;641;0;-
2026/04/05;20:15:57;99;-; 52.55; 0.0;-; 15.4; 16.0; 0.0;-;-;1540;-0.2; 0.0; 0.0;-8; 21.8;F;1;29;On;On;Off; 23.2; 23.0;0;7;827;7;827;7;641;0;-
2026/04/05;20:16:57;99;-; 52.55; 0.0;-; 15.3; 15.8; 0.0;-;-;1540;-0.2; 0.0; 0.0;-8; 21.8;F;1;29;On;On;Off; 23.2; 23.0;0;7;827;7;827;7;641;0;-
2026/04/05;20:17:57;99;-; 52.55; 0.0;-; 15.1; 15.6; 0.0;-;-;1540;-0.2; 0.0; 0.0;-8; 21.8;F;1;29;On;On;Off; 23.2; 23.0;0;7;827;7;827;7;641;0;-
2026/04/05;20:18:57;99;-; 52.55; 0.0;-; 14.8; 15.4; 0.0;-;-;1540;-0.2; 0.0; 0.0;-8; 21.8;F;1;29;On;On;Off; 23.2; 22.9;0;7;827;7;827;7;641;0;-
2026/04/05;20:19:57;99;-; 52.55; 0.0;-; 14.6; 15.3; 0.0;-;-;1540;-0.2; 0.0; 0.0;-8; 21.8;F;1;29;On;On;Off; 23.2; 22.9;0;7;827;7;827;7;641;0;-
2026/04/05;20:20:56;99;-; 52.53; 0.0;-; 14.6; 15.2; 0.0;-;-;1540;-0.2; 0.0; 0.0;-8; 21.8;F;1;29;On;On;Off; 23.2; 22.9;0;7;827;7;827;7;641;0;-
2026/04/05;20:21:56;99;-; 52.53; 0.0;-; 14.5; 15.1; 0.0;-;-;1540;-0.2; 0.0; 0.0;-8; 21.8;F;1;29;On;On;Off; 23.2; 22.9;0;7;827;7;827;7;641;0;-
2026/04/05;20:22:56;99;-; 52.53; 0.0;-; 14.4; 15.0; 0.0;-;-;1540;-0.2; 0.0; 0.0;-9; 21.8;F;1;29;On;On;Off; 23.2; 22.9;0;7;827;7;827;7;641;0;-
2026/04/05;20:23:56;99;-; 52.53; 0.0;-; 14.2; 14.9; 0.0;-;-;1540;-0.2; 0.0; 0.0;-9; 21.8;F;1;29;On;On;Off; 23.2; 22.9;0;7;827;7;827;7;641;0;-
2026/04/05;20:24:56;99;-; 52.53; 0.0;-; 14.3; 14.9; 0.0;-;-;1540;-0.2; 0.0; 0.0;-8; 21.8;F;1;29;On;On;Off; 23.2; 22.9;0;7;827;7;827;7;641;0;-
2026/04/05;20:25:56;99;-; 52.53; 0.0;-; 14.3; 15.0; 0.0;-;-;1540;-0.2; 0.0; 0.0;-8; 21.8;F;1;29;On;On;Off; 23.2; 22.9;0;7;827;7;827;7;641;0;-
2026/04/05;20:26:56;99;-; 52.53; 0.0;-; 14.2; 15.0; 0.0;-;-;1540;-0.2; 0.0; 0.0;-9; 21.8;F;1;29;On;On;Off; 23.1; 22.9;0;7;827;7;827;7;641;0;-
2026/04/05;20:27:56;99;-; 52.53; 0.0;-; 15.2; 15.3; 0.0;-;-;1540;-0.2; 0.0; 0.0;-8; 21.8;F;1;29;On;On;Off; 23.1; 22.8;0;7;827;7;827;7;641;0;-
2026/04/05;20:28:56;99;-; 52.53; 0.0;-; 14.2; 14.9; 0.0;-;-;1540;-0.2; 0.0; 0.0;-8; 21.8;F;1;29;On;On;Off; 23.1; 22.8;0;7;827;7;827;7;641;0;-
2026/04/05;20:29:56;99;-; 52.53; 0.0;-; 14.1; 14.8; 0.0;-;-;1540;-0.2; 0.0; 0.0;-8; 21.8;F;1;29;On;On;Off; 23.1; 22.8;0;7;827;7;827;7;641;0;-
2026/04/05;20:30:56;99;-; 52.53; 0.0;-; 14.1; 14.9; 0.0;-;-;1540;-0.2; 0.0; 0.0;-9; 21.8;F;1;29;On;On;Off; 23.1; 22.8;0;7;827;7;827;7;641;0;-
2026/04/05;20:31:56;98;-; 52.51; 0.0;-; 14.2; 14.9; 0.0;-;-;1540;-0.2; 0.0; 0.0;-9; 21.8;F;1;29;On;On;Off; 23.1; 22.8;0;7;827;7;827;7;641;0;-
2026/04/05;20:32:56;98;-; 52.53; 0.0;-; 14.3; 14.9; 0.0;-;-;1540;-0.2; 0.0; 0.0;-9; 21.8;F;1;29;On;On;Off; 23.1; 22.8;0;7;827;7;827;7;641;0;-
2026/04/05;20:33:56;98;-; 52.51; 0.0;-; 14.2; 14.9; 0.0;-;-;1541;-0.2; 0.0; 0.0;-9; 21.8;F;1;29;On;On;Off; 23.1; 22.8;0;7;827;7;827;7;641;0;-
2026/04/05;20:34:56;98;-; 52.51; 0.0;-; 14.1; 14.8; 0.0;-;-;1541;-0.2; 0.0; 0.0;-9; 21.8;F;1;29;On;On;Off; 23.1; 22.8;0;7;827;7;827;7;641;0;-
2026/04/05;20:35:56;98;-; 52.51; 0.0;-; 14.1; 14.9; 0.0;-;-;1541;-0.2; 0.0; 0.0;-9; 21.8;F;1;29;On;On;Off; 23.1; 22.8;0;7;827;7;827;7;641;0;-
2026/04/05;20:36:55;98;-; 52.51; 0.0;-; 14.1; 14.8; 0.0;-;-;1541;-0.2; 0.0; 0.0;-9; 21.8;F;1;29;On;On;Off; 23.1; 22.8;0;7;827;7;827;7;641;0;-
2026/04/05;20:37:55;98;-; 52.51; 0.0;-; 14.1; 14.8; 0.0;-;-;1541;-0.2; 0.0; 0.0;-8; 21.8;F;1;29;On;On;Off; 23.1; 22.8;0;7;827;7;827;7;641;0;-
2026/04/05;20:38:55;98;-; 52.51; 0.0;-; 14.0; 14.7; 0.0;-;-;1541;-0.2; 0.0; 0.0;-8; 21.8;F;1;29;On;On;Off; 23.0; 22.8;0;7;827;7;827;7;641;0;-
2026/04/05;20:39:55;98;-; 52.49; 0.0;-; 14.0; 14.8; 0.0;-;-;1541;-0.2; 0.0; 0.0;-8; 21.8;F;1;29;On;On;Off; 23.0; 22.8;0;7;827;7;827;7;641;0;-
2026/04/05;20:40:55;98;-; 52.51; 0.0;-; 13.9; 14.6; 0.0;-;-;1541;-0.2; 0.0; 0.0;-9; 21.8;F;1;29;On;On;Off; 23.0; 22.8;0;7;827;7;827;7;641;0;-
2026/04/05;20:41:55;98;-; 52.51; 0.0;-; 14.0; 14.7; 0.0;-;-;1541;-0.2; 0.0; 0.0;-8; 21.8;F;1;29;On;On;Off; 23.0; 22.8;0;7;827;7;827;7;641;0;-
2026/04/05;20:42:55;98;-; 52.51; 0.0;-; 14.1; 14.7; 0.0;-;-;1541;-0.2; 0.0; 0.0;-8; 21.8;F;1;29;On;On;Off; 23.0; 22.7;0;7;827;7;827;7;641;0;-
2026/04/05;20:43:55;98;-; 52.51; 0.0;-; 14.9; 15.1; 0.0;-;-;1541;-0.2; 0.0; 0.0;-8; 21.8;F;1;29;On;On;Off; 23.0; 22.7;0;7;827;7;827;7;641;0;-
2026/04/05;20:44:55;98;-; 52.51; 0.0;-; 14.0; 14.7; 0.0;-;-;1541;-0.2; 0.0; 0.0;-8; 21.8;F;1;29;On;On;Off; 23.0; 22.7;0;7;827;7;827;7;641;0;-
2026/04/05;20:45:55;98;-; 52.51; 0.0;-; 14.5; 14.9; 0.0;-;-;1541;-0.2; 0.0; 0.0;-8; 21.8;F;1;29;On;On;Off; 23.0; 22.7;0;7;827;7;827;7;641;0;-
2026/04/05;20:46:55;98;-; 52.51; 0.0;-; 14.0; 14.8; 0.0;-;-;1541;-0.2; 0.0; 0.0;-9; 21.8;F;1;29;On;On;Off; 23.0; 22.7;0;7;827;7;827;7;641;0;-
2026/04/05;20:47:55;98;-; 52.51; 0.0;-; 14.0; 14.9; 0.0;-;-;1541;-0.2; 0.0; 0.0;-8; 21.8;F;1;29;On;On;Off; 23.0; 22.7;0;7;827;7;827;7;641;0;-
2026/04/05;20:48:55;98;-; 52.49; 0.0;-; 14.0; 14.8; 0.0;-;-;1541;-0.2; 0.0; 0.0;-8; 21.8;F;1;29;On;On;Off; 23.0; 22.7;0;7;827;7;827;7;641;0;-
2026/04/05;20:49:55;98;-; 52.47; 0.0;-; 14.1; 14.8; 0.0;-;-;1541;-0.2; 0.0; 0.0;-9; 21.8;F;1;29;On;On;Off; 23.0; 22.7;0;7;827;7;827;7;641;0;-
2026/04/05;20:50:55;98;-; 52.47; 0.0;-; 14.0; 14.7; 0.0;-;-;1541;-0.2; 0.0; 0.0;-9; 21.8;F;1;29;On;On;Off; 23.0; 22.7;0;7;827;7;827;7;641;0;-
2026/04/05;20:51:55;98;-; 52.49; 0.0;-; 14.1; 14.8; 0.0;-;-;1541;-0.2; 0.0; 0.0;-9; 21.7;F;1;29;On;On;Off; 22.9; 22.7;0;7;827;7;827;7;641;0;-
2026/04/05;20:52:54;98;-; 52.47; 0.0;-; 13.9; 14.7; 0.0;-;-;1541;-0.2; 0.0; 0.0;-8; 21.7;F;1;29;On;On;Off; 22.9; 22.7;0;7;827;7;827;7;641;0;-
2026/04/05;20:53:54;98;-; 52.49; 0.0;-; 14.0; 14.8; 0.0;-;-;1541;-0.2; 0.0; 0.0;-8; 21.7;F;1;29;On;On;Off; 22.9; 22.6;0;7;827;7;827;7;641;0;-
2026/04/05;20:54:54;98;-; 52.47; 0.0;-; 14.0; 14.8; 0.0;-;-;1541;-0.2; 0.0; 0.0;-8; 21.7;F;1;29;On;On;Off; 22.9; 22.6;0;7;827;7;827;7;641;0;-
2026/04/05;20:55:54;98;-; 52.49; 0.0;-; 14.4; 14.8; 0.0;-;-;1541;-0.2; 0.0; 0.0;-8; 21.7;F;1;29;On;On;Off; 22.9; 22.6;0;7;827;7;827;7;641;0;-
2026/04/05;20:56:54;98;-; 52.47; 0.0;-; 14.1; 14.8; 0.0;-;-;1541;-0.2; 0.0; 0.0;-8; 21.7;F;1;29;On;On;Off; 22.9; 22.6;0;7;827;7;827;7;641;0;-
2026/04/05;20:57:54;98;-; 52.49; 0.0;-; 14.4; 14.9; 0.0;-;-;1541;-0.2; 0.0; 0.0;-8; 21.7;F;1;29;On;On;Off; 22.9; 22.6;0;7;827;7;827;7;641;0;-
2026/04/05;20:58:54;98;-; 52.49; 0.0;-; 14.5; 15.0; 0.0;-;-;1541;-0.2; 0.0; 0.0;-8; 21.7;F;1;29;On;On;Off; 22.9; 22.6;0;7;827;7;827;7;641;0;-
2026/04/05;20:59:54;98;-; 52.49; 0.0;-; 14.2; 14.8; 0.0;-;-;1541;-0.2; 0.0; 0.0;-8; 21.7;F;1;29;On;On;Off; 22.9; 22.6;0;7;827;7;827;7;641;0;-
2026/04/05;21:00:54;98;-; 52.49; 0.0;-; 14.6; 14.8; 0.0;-;-;1541;-0.2; 0.0; 0.0;-8; 21.7;F;1;29;On;On;Off; 22.9; 22.6;0;7;827;7;827;7;641;0;-
2026/04/05;21:01:54;98;-; 52.49; 0.0;-; 13.8; 14.5; 0.0;-;-;1541;-0.2; 0.0; 0.0;-8; 21.7;F;1;29;On;On;Off; 22.9; 22.6;0;7;827;7;827;7;641;0;-
2026/04/05;21:02:54;98;-; 52.47; 0.0;-; 13.7; 14.6; 0.0;-;-;1541;-0.2; 0.0; 0.0;-8; 21.7;F;1;29;On;On;Off; 22.9; 22.6;0;7;827;7;827;7;641;0;-
2026/04/05;21:03:54;98;-; 52.47; 0.0;-; 13.8; 14.7; 0.0;-;-;1541;-0.2; 0.0; 0.0;-8; 21.7;F;1;29;On;On;Off; 22.9; 22.6;0;7;827;7;827;7;641;0;-
2026/04/05;21:04:54;98;-; 52.47; 0.0;-; 13.7; 14.6; 0.0;-;-;1541;-0.2; 0.0; 0.0;-8; 21.7;F;1;29;On;On;Off; 22.9; 22.6;0;7;827;7;827;7;641;0;-
2026/04/05;21:05:54;98;-; 52.47; 0.0;-; 13.8; 14.6; 0.0;-;-;1541;-0.2; 0.0; 0.0;-8; 21.7;F;1;29;On;On;Off; 22.8; 22.6;0;7;827;7;827;7;641;0;-
2026/04/05;21:06:54;98;-; 52.47; 0.0;-; 13.9; 14.7; 0.0;-;-;1541;-0.2; 0.0; 0.0;-8; 21.7;F;1;29;On;On;Off; 22.8; 22.6;0;7;827;7;827;7;641;0;-
2026/04/05;21:07:53;98;-; 52.47; 0.0;-; 13.9; 14.5; 0.0;-;-;1541;-0.2; 0.0; 0.0;-8; 21.7;F;1;29;On;On;Off; 22.8; 22.6;0;7;827;7;827;7;641;0;-
2026/04/05;21:08:53;98;-; 52.47; 0.0;-; 13.8; 14.6; 0.0;-;-;1541;-0.2; 0.0; 0.0;-8; 21.7;F;1;29;On;On;Off; 22.8; 22.6;0;7;827;7;827;7;641;0;-
2026/04/05;21:09:53;98;-; 52.45; 0.0;-; 13.8; 14.5; 0.0;-;-;1541;-0.2; 0.0; 0.0;-8; 21.7;F;1;29;On;On;Off; 22.8; 22.6;0;7;827;7;827;7;641;0;-
2026/04/05;21:10:53;98;-; 52.47; 0.0;-; 13.7; 14.5; 0.0;-;-;1541;-0.2; 0.0; 0.0;-9; 21.7;F;1;29;On;On;Off; 22.8; 22.6;0;7;827;7;827;7;641;0;-
2026/04/05;21:11:53;98;-; 52.47; 0.0;-; 13.6; 14.5; 0.0;-;-;1541;-0.2; 0.0; 0.0;-8; 21.7;F;1;29;On;On;Off; 22.8; 22.5;0;7;827;7;827;7;641;0;-
2026/04/05;21:12:53;98;-; 52.47; 0.0;-; 13.7; 14.5; 0.0;-;-;1541;-0.2; 0.0; 0.0;-8; 21.7;F;1;29;On;On;Off; 22.8; 22.5;0;7;827;7;827;7;641;0;-
2026/04/05;21:13:53;98;-; 52.47; 0.0;-; 13.6; 14.5; 0.0;-;-;1541;-0.2; 0.0; 0.0;-9; 21.7;F;1;29;On;On;Off; 22.8; 22.5;0;7;827;7;827;7;641;0;-
2026/04/05;21:14:53;98;-; 52.47; 0.0;-; 13.7; 14.3; 0.0;-;-;1541;-0.2; 0.0; 0.0;-8; 21.7;F;1;29;On;On;Off; 22.8; 22.5;0;7;827;7;827;7;641;0;-
2026/04/05;21:15:53;98;-; 52.45; 0.0;-; 13.7; 14.4; 0.0;-;-;1541;-0.2; 0.0; 0.0;-9; 21.7;F;1;29;On;On;Off; 22.8; 22.5;0;7;827;7;827;7;641;0;-
2026/04/05;21:16:53;98;-; 52.47; 0.0;-; 13.8; 14.5; 0.0;-;-;1541;-0.2; 0.0; 0.0;-8; 21.7;F;1;29;On;On;Off; 22.8; 22.5;0;7;827;7;827;7;641;0;-
2026/04/05;21:17:53;98;-; 52.47; 0.0;-; 13.8; 14.6; 0.0;-;-;1541;-0.2; 0.0; 0.0;-9; 21.7;F;1;29;On;On;Off; 22.8; 22.5;0;7;827;7;827;7;641;0;-
2026/04/05;21:18:53;98;-; 52.47; 0.0;-; 13.6; 14.4; 0.0;-;-;1541;-0.2; 0.0; 0.0;-8; 21.7;F;1;29;On;On;Off; 22.8; 22.5;0;7;827;7;827;7;641;0;-
2026/04/05;21:19:53;98;-; 52.47; 0.0;-; 13.7; 14.4; 0.0;-;-;1541;-0.2; 0.0; 0.0;-9; 21.7;F;1;29;On;On;Off; 22.8; 22.5;0;7;827;7;827;7;641;0;-
2026/04/05;21:20:53;98;-; 52.43; 0.0;-; 13.7; 14.4; 0.0;-;-;1541;-0.2; 0.0; 0.0;-8; 21.7;F;1;29;On;On;Off; 22.8; 22.5;0;7;827;7;827;7;641;0;-
2026/04/05;21:21:53;98;-; 52.45; 0.0;-; 13.9; 14.5; 0.0;-;-;1541;-0.2; 0.0; 0.0;-8; 21.7;F;1;29;On;On;Off; 22.8; 22.5;0;7;827;7;827;7;641;0;-
2026/04/05;21:22:53;98;-; 52.45; 0.0;-; 13.8; 14.7; 0.0;-;-;1541;-0.2; 0.0; 0.0;-9; 21.7;F;1;29;On;On;Off; 22.8; 22.5;0;7;827;7;827;7;641;0;-
2026/04/05;21:23:52;98;-; 52.45; 0.0;-; 13.8; 14.6; 0.0;-;-;1541;-0.2; 0.0; 0.0;-8; 21.7;F;1;29;On;On;Off; 22.8; 22.5;0;7;827;7;827;7;641;0;-
2026/04/05;21:24:52;98;-; 52.45; 0.0;-; 13.9; 14.6; 0.0;-;-;1541;-0.2; 0.0; 0.0;-8; 21.7;F;1;29;On;On;Off; 22.8; 22.5;0;7;827;7;827;7;641;0;-
2026/04/05;21:25:52;98;-; 52.43; 0.0;-; 13.8; 14.6; 0.0;-;-;1541;-0.2; 0.0; 0.0;-8; 21.7;F;1;29;On;On;Off; 22.8; 22.5;0;7;827;7;827;7;641;0;-
2026/04/05;21:26:52;98;-; 52.43; 0.0;-; 14.6; 14.7; 0.0;-;-;1541;-0.2; 0.0; 0.0;-8; 21.7;F;1;29;On;On;Off; 22.8; 22.5;0;7;827;7;827;7;641;0;-
2026/04/05;21:27:52;98;-; 52.45; 0.0;-; 13.7; 14.5; 0.0;-;-;1541;-0.2; 0.0; 0.0;-8; 21.7;F;1;29;On;On;Off; 22.8; 22.5;0;7;827;7;827;7;641;0;-
2026/04/05;21:28:52;98;-; 52.43; 0.0;-; 13.7; 14.4; 0.0;-;-;1541;-0.2; 0.0; 0.0;-8; 21.7;F;1;29;On;On;Off; 22.8; 22.5;0;7;827;7;827;7;641;0;-
2026/04/05;21:29:52;98;-; 52.45; 0.0;-; 13.6; 14.4; 0.0;-;-;1541;-0.2; 0.0; 0.0;-8; 21.7;F;1;29;On;On;Off; 22.8; 22.5;0;7;827;7;827;7;641;0;-
2026/04/05;21:30:52;98;-; 52.45; 0.0;-; 13.4; 14.3; 0.0;-;-;1541;-0.2; 0.0; 0.0;-8; 21.7;F;1;29;On;On;Off; 22.8; 22.5;0;7;827;7;827;7;641;0;-
2026/04/05;21:31:52;98;-; 52.45; 0.0;-; 13.4; 14.1; 0.0;-;-;1541;-0.2; 0.0; 0.0;-8; 21.7;F;1;29;On;On;Off; 22.8; 22.5;0;7;827;7;827;7;641;0;-
2026/04/05;21:32:52;98;-; 52.43; 0.0;-; 13.1; 14.0; 0.0;-;-;1541;-0.2; 0.0; 0.0;-9; 21.7;F;1;29;On;On;Off; 22.8; 22.5;0;7;827;7;827;7;641;0;-
2026/04/05;21:33:52;98;-; 52.45; 0.0;-; 12.8; 13.8; 0.0;-;-;1542;-0.2; 0.0; 0.0;-9; 21.7;F;1;29;On;On;Off; 22.8; 22.5;0;7;827;7;827;7;641;0;-
2026/04/05;21:34:52;98;-; 52.45; 0.0;-; 12.7; 13.7; 0.0;-;-;1542;-0.2; 0.0; 0.0;-9; 21.7;F;1;29;On;On;Off; 22.8; 22.5;0;7;827;7;827;7;641;0;-
2026/04/05;21:35:52;98;-; 52.43; 0.0;-; 12.9; 13.8; 0.0;-;-;1542;-0.2; 0.0; 0.0;-8; 21.7;F;1;29;On;On;Off; 22.8; 22.5;0;7;827;7;827;7;641;0;-
2026/04/05;21:36:52;98;-; 52.43; 0.0;-; 13.3; 14.1; 0.0;-;-;1542;-0.2; 0.0; 0.0;-8; 21.7;F;1;29;On;On;Off; 22.8; 22.5;0;7;827;7;827;7;641;0;-
2026/04/05;21:37:52;98;-; 52.43; 0.0;-; 13.3; 14.1; 0.0;-;-;1542;-0.2; 0.0; 0.0;-9; 21.7;F;1;29;On;On;Off; 22.8; 22.5;0;7;827;7;827;7;641;0;-
2026/04/05;21:38:52;98;-; 52.43; 0.0;-; 13.3; 14.0; 0.0;-;-;1542;-0.2; 0.0; 0.0;-8; 21.7;F;1;29;On;On;Off; 22.7; 22.5;0;7;827;7;827;7;641;0;-
2026/04/05;21:39:51;98;-; 52.43; 0.0;-; 13.2; 14.0; 0.0;-;-;1542;-0.2; 0.0; 0.0;-9; 21.7;F;1;29;On;On;Off; 22.7; 22.5;0;7;827;7;827;7;641;0;-
2026/04/05;21:40:51;98;-; 52.43; 0.0;-; 13.1; 14.0; 0.0;-;-;1542;-0.2; 0.0; 0.0;-9; 21.7;F;1;29;On;On;Off; 22.8; 22.5;0;7;827;7;827;7;641;0;-
2026/04/05;21:41:51;98;-; 52.43; 0.0;-; 12.9; 13.8; 0.0;-;-;1542;-0.2; 0.0; 0.0;-9; 21.7;F;1;29;On;On;Off; 22.7; 22.5;0;7;827;7;827;7;641;0;-
2026/04/05;21:42:51;98;-; 52.43; 0.0;-; 13.1; 13.9; 0.0;-;-;1542;-0.2; 0.0; 0.0;-9; 21.7;F;1;29;On;On;Off; 22.7; 22.5;0;7;827;7;827;7;641;0;-
2026/04/05;21:43:51;98;-; 52.41; 0.0;-; 13.2; 14.1; 0.0;-;-;1542;-0.2; 0.0; 0.0;-8; 21.7;F;1;29;On;On;Off; 22.8; 22.5;0;7;827;7;827;7;641;0;-
2026/04/05;21:44:51;98;-; 52.41; 0.0;-; 13.2; 14.1; 0.0;-;-;1542;-0.2; 0.0; 0.0;-8; 21.7;F;1;29;On;On;Off; 22.7; 22.5;0;7;827;7;827;7;641;0;-
2026/04/05;21:45:51;98;-; 52.43; 0.0;-; 13.3; 14.4; 0.0;-;-;1542;-0.2; 0.0; 0.0;-8; 21.7;F;1;29;On;On;Off; 22.7; 22.4;0;7;827;7;827;7;641;0;-
2026/04/05;21:46:51;98;-; 52.43; 0.0;-; 13.7; 14.4; 0.0;-;-;1542;-0.2; 0.0; 0.0;-8; 21.7;F;1;29;On;On;Off; 22.7; 22.4;0;7;827;7;827;7;641;0;-
2026/04/05;21:47:51;98;-; 52.43; 0.0;-; 13.6; 14.4; 0.0;-;-;1542;-0.2; 0.0; 0.0;-8; 21.7;F;1;29;On;On;Off; 22.7; 22.4;0;7;827;7;827;7;641;0;-
2026/04/05;21:48:51;98;-; 52.43; 0.0;-; 14.0; 14.3; 0.0;-;-;1542;-0.2; 0.0; 0.0;-8; 21.7;F;1;29;On;On;Off; 22.7; 22.4;0;7;827;7;827;7;641;0;-
2026/04/05;21:49:51;98;-; 52.43; 0.0;-; 13.3; 14.0; 0.0;-;-;1542;-0.2; 0.0; 0.0;-8; 21.7;F;1;29;On;On;Off; 22.7; 22.4;0;7;827;7;827;7;641;0;-
2026/04/05;21:50:51;98;-; 52.43; 0.0;-; 13.6; 14.3; 0.0;-;-;1542;-0.2; 0.0; 0.0;-8; 21.7;F;1;29;On;On;Off; 22.7; 22.4;0;7;827;7;827;7;641;0;-
2026/04/05;21:51:51;98;-; 52.41; 0.0;-; 13.4; 14.1; 0.0;-;-;1542;-0.2; 0.0; 0.0;-8; 21.7;F;1;29;On;On;Off; 22.7; 22.4;0;7;827;7;827;7;641;0;-
2026/04/05;21:52:51;98;-; 52.41; 0.0;-; 13.0; 13.9; 0.0;-;-;1542;-0.2; 0.0; 0.0;-8; 21.7;F;1;29;On;On;Off; 22.7; 22.4;0;7;827;7;827;7;641;0;-
2026/04/05;21:53:51;98;-; 52.41; 0.0;-; 13.1; 14.0; 0.0;-;-;1542;-0.2; 0.0; 0.0;-8; 21.7;F;1;29;On;On;Off; 22.7; 22.4;0;7;827;7;827;7;641;0;-
2026/04/05;21:54:51;98;-; 52.41; 0.0;-; 13.1; 13.9; 0.0;-;-;1542;-0.2; 0.0; 0.0;-8; 21.7;F;1;29;On;On;Off; 22.7; 22.4;0;7;827;7;827;7;641;0;-
2026/04/05;21:55:50;98;-; 52.41; 0.0;-; 13.0; 13.9; 0.0;-;-;1542;-0.2; 0.0; 0.0;-8; 21.7;F;1;29;On;On;Off; 22.7; 22.4;0;7;827;7;827;7;641;0;-
2026/04/05;21:56:50;98;-; 52.41; 0.0;-; 12.9; 13.7; 0.0;-;-;1542;-0.2; 0.0; 0.0;-8; 21.7;F;1;29;On;On;Off; 22.7; 22.4;0;7;827;7;827;7;641;0;-
2026/04/05;21:57:50;98;-; 52.41; 0.0;-; 12.9; 13.9; 0.0;-;-;1542;-0.2; 0.0; 0.0;-9; 21.7;F;1;29;On;On;Off; 22.7; 22.4;0;7;827;7;827;7;641;0;-
2026/04/05;21:58:50;98;-; 52.41; 0.0;-; 12.9; 13.8; 0.0;-;-;1542;-0.2; 0.0; 0.0;-8; 21.7;F;1;29;On;On;Off; 22.7; 22.4;0;7;827;7;827;7;641;0;-
2026/04/05;21:59:50;98;-; 52.41; 0.0;-; 12.7; 13.6; 0.0;-;-;1542;-0.2; 0.0; 0.0;-9; 21.7;F;1;29;On;On;Off; 22.7; 22.4;0;7;827;7;827;7;641;0;-
2026/04/05;22:00:50;98;-; 52.41; 0.0;-; 12.9; 13.8; 0.0;-;-;1542;-0.2; 0.0; 0.0;-8; 21.7;F;1;29;On;On;Off; 22.7; 22.4;0;7;827;7;827;7;641;0;-
2026/04/05;22:01:50;98;-; 52.41; 0.0;-; 13.0; 13.9; 0.0;-;-;1542;-0.2; 0.0; 0.0;-9; 21.7;F;1;29;On;On;Off; 22.7; 22.4;0;7;827;7;827;7;641;0;-
2026/04/05;22:02:50;97;-; 52.41; 0.0;-; 13.1; 14.0; 0.0;-;-;1542;-0.2; 0.0; 0.0;-9; 21.7;F;1;29;On;On;Off; 22.7; 22.4;0;7;827;7;827;7;641;0;-
2026/04/05;22:03:50;97;-; 52.41; 0.0;-; 13.2; 14.1; 0.0;-;-;1542;-0.2; 0.0; 0.0;-8; 21.7;F;1;29;On;On;Off; 22.7; 22.4;0;7;827;7;827;7;641;0;-
2026/04/05;22:04:50;97;-; 52.39; 0.0;-; 13.2; 13.9; 0.0;-;-;1542;-0.2; 0.0; 0.0;-8; 21.7;F;1;29;On;On;Off; 22.7; 22.4;0;7;827;7;827;7;641;0;-
2026/04/05;22:05:50;97;-; 52.41; 0.0;-; 13.1; 13.9; 0.0;-;-;1542;-0.2; 0.0; 0.0;-8; 21.7;F;1;29;On;On;Off; 22.7; 22.4;0;7;827;7;827;7;641;0;-
2026/04/05;22:06:50;97;-; 52.41; 0.0;-; 13.0; 13.9; 0.0;-;-;1542;-0.2; 0.0; 0.0;-8; 21.7;F;1;29;On;On;Off; 22.7; 22.4;0;7;827;7;827;7;641;0;-
2026/04/05;22:07:50;97;-; 52.41; 0.0;-; 13.0; 13.8; 0.0;-;-;1542;-0.2; 0.0; 0.0;-8; 21.7;F;1;29;On;On;Off; 22.7; 22.4;0;7;827;7;827;7;641;0;-
2026/04/05;22:08:50;97;-; 52.41; 0.0;-; 13.1; 13.9; 0.0;-;-;1542;-0.2; 0.0; 0.0;-8; 21.7;F;1;29;On;On;Off; 22.7; 22.4;0;7;827;7;827;7;641;0;-
2026/04/05;22:09:50;97;-; 52.41; 0.0;-; 13.2; 14.1; 0.0;-;-;1542;-0.2; 0.0; 0.0;-8; 21.7;F;1;29;On;On;Off; 22.7; 22.4;0;7;827;7;827;7;641;0;-
2026/04/05;22:10:50;97;-; 52.39; 0.0;-; 13.3; 14.1; 0.0;-;-;1542;-0.2; 0.0; 0.0;-9; 21.7;F;1;29;On;On;Off; 22.7; 22.4;0;7;827;7;827;7;641;0;-
2026/04/05;22:11:49;97;-; 52.39; 0.0;-; 13.2; 14.0; 0.0;-;-;1542;-0.2; 0.0; 0.0;-9; 21.7;F;1;29;On;On;Off; 22.7; 22.4;0;7;827;7;827;7;641;0;-
2026/04/05;22:12:49;97;-; 52.39; 0.0;-; 13.7; 14.4; 0.0;-;-;1542;-0.2; 0.0; 0.0;-8; 21.8;F;1;29;On;On;Off; 22.7; 22.4;0;7;827;7;827;7;641;0;-
2026/04/05;22:13:49;97;-; 52.39; 0.0;-; 13.1; 14.1; 0.0;-;-;1542;-0.2; 0.0; 0.0;-8; 21.7;F;1;29;On;On;Off; 22.7; 22.4;0;7;827;7;827;7;641;0;-
2026/04/05;22:14:49;97;-; 52.39; 0.0;-; 12.9; 14.0; 0.0;-;-;1542;-0.2; 0.0; 0.0;-8; 21.7;F;1;29;On;On;Off; 22.7; 22.4;0;7;827;7;827;7;641;0;-
2026/04/05;22:15:49;97;-; 52.39; 0.0;-; 13.1; 14.1; 0.0;-;-;1542;-0.2; 0.0; 0.0;-9; 21.7;F;1;29;On;On;Off; 22.7; 22.4;0;7;827;7;827;7;641;0;-
2026/04/05;22:16:49;97;-; 52.39; 0.0;-; 13.1; 14.1; 0.0;-;-;1542;-0.2; 0.0; 0.0;-8; 21.8;F;1;29;On;On;Off; 22.7; 22.4;0;7;827;7;827;7;641;0;-
2026/04/05;22:17:49;97;-; 52.39; 0.0;-; 13.0; 13.9; 0.0;-;-;1542;-0.2; 0.0; 0.0;-8; 21.7;F;1;29;On;On;Off; 22.7; 22.4;0;7;827;7;827;7;641;0;-
2026/04/05;22:18:49;97;-; 52.37; 0.0;-; 13.0; 13.9; 0.0;-;-;1542;-0.2; 0.0; 0.0;-8; 21.8;F;1;29;On;On;Off; 22.7; 22.4;0;7;827;7;827;7;641;0;-
2026/04/05;22:19:49;97;-; 52.37; 0.0;-; 12.7; 13.7; 0.0;-;-;1542;-0.2; 0.0; 0.0;-8; 21.7;F;1;29;On;On;Off; 22.7; 22.4;0;7;827;7;827;7;641;0;-
2026/04/05;22:20:49;97;-; 52.37; 0.0;-; 12.3; 13.4; 0.0;-;-;1542;-0.2; 0.0; 0.0;-8; 21.8;F;1;29;On;On;Off; 22.7; 22.4;0;7;827;7;827;7;641;0;-
2026/04/05;22:21:49;97;-; 52.39; 0.0;-; 12.7; 13.6; 0.0;-;-;1542;-0.2; 0.0; 0.0;-9; 21.8;F;1;29;On;On;Off; 22.7; 22.4;0;7;827;7;827;7;641;0;-
2026/04/05;22:22:49;97;-; 52.39; 0.0;-; 12.8; 13.8; 0.0;-;-;1542;-0.2; 0.0; 0.0;-8; 21.8;F;1;29;On;On;Off; 22.7; 22.4;0;7;827;7;827;7;641;0;-
2026/04/05;22:23:49;97;-; 52.39; 0.0;-; 12.7; 13.7; 0.0;-;-;1542;-0.2; 0.0; 0.0;-8; 21.8;F;1;29;On;On;Off; 22.7; 22.4;0;7;827;7;827;7;641;0;-
2026/04/05;22:24:49;97;-; 52.37; 0.0;-; 12.5; 13.4; 0.0;-;-;1542;-0.2; 0.0; 0.0;-9; 21.8;F;1;29;On;On;Off; 22.7; 22.4;0;7;827;7;827;7;641;0;-
2026/04/05;22:25:49;97;-; 52.39; 0.0;-; 12.3; 13.3; 0.0;-;-;1542;-0.2; 0.0; 0.0;-9; 21.8;F;1;29;On;On;Off; 22.7; 22.4;0;7;827;7;827;7;641;0;-
2026/04/05;22:26:49;97;-; 52.39; 0.0;-; 12.5; 13.6; 0.0;-;-;1542;-0.2; 0.0; 0.0;-9; 21.8;F;1;29;On;On;Off; 22.7; 22.4;0;7;827;7;827;7;641;0;-
2026/04/05;22:27:48;97;-; 52.39; 0.0;-; 12.2; 13.4; 0.0;-;-;1542;-0.2; 0.0; 0.0;-9; 21.8;F;1;29;On;On;Off; 22.7; 22.4;0;7;827;7;827;7;641;0;-
2026/04/05;22:28:48;97;-; 52.37; 0.0;-; 12.1; 13.2; 0.0;-;-;1542;-0.2; 0.0; 0.0;-9; 21.8;F;1;29;On;On;Off; 22.7; 22.4;0;7;827;7;827;7;641;0;-
2026/04/05;22:29:48;97;-; 52.37; 0.0;-; 12.4; 13.3; 0.0;-;-;1542;-0.2; 0.0; 0.0;-9; 21.8;F;1;29;On;On;Off; 22.7; 22.4;0;7;827;7;827;7;641;0;-
2026/04/05;22:30:48;97;-; 52.37; 0.0;-; 12.5; 13.5; 0.0;-;-;1542;-0.2; 0.0; 0.0;-8; 21.8;F;1;29;On;On;Off; 22.7; 22.4;0;7;827;7;827;7;641;0;-
2026/04/05;22:31:48;97;-; 52.35; 0.0;-; 11.9; 13.0; 0.0;-;-;1542;-0.2; 0.0; 0.0;-8; 21.8;F;1;29;On;On;Off; 22.7; 22.4;0;7;827;7;827;7;641;0;-
2026/04/05;22:32:48;97;-; 52.37; 0.0;-; 11.7; 12.9; 0.0;-;-;1542;-0.2; 0.0; 0.0;-8; 21.8;F;1;29;On;On;Off; 22.7; 22.4;0;7;827;7;827;7;641;0;-
2026/04/05;22:33:48;97;-; 52.37; 0.0;-; 12.0; 13.1; 0.0;-;-;1543;-0.2; 0.0; 0.0;-9; 21.8;F;1;29;On;On;Off; 22.7; 22.4;0;7;827;7;827;7;641;0;-
2026/04/05;22:34:48;97;-; 52.35; 0.0;-; 12.0; 13.0; 0.0;-;-;1543;-0.2; 0.0; 0.0;-9; 21.8;F;1;29;On;On;Off; 22.7; 22.4;0;7;827;7;827;7;641;0;-
2026/04/05;22:35:48;97;-; 52.37; 0.0;-; 11.7; 12.9; 0.0;-;-;1543;-0.2; 0.0; 0.0;-9; 21.8;F;1;29;On;On;Off; 22.7; 22.4;0;7;827;7;827;7;641;0;-
2026/04/05;22:36:48;97;-; 52.35; 0.0;-; 11.5; 12.7; 0.0;-;-;1543;-0.2; 0.0; 0.0;-9; 21.8;F;1;29;On;On;Off; 22.7; 22.4;0;7;827;7;827;7;641;0;-
2026/04/05;22:37:48;97;-; 52.35; 0.0;-; 11.5; 12.6; 0.0;-;-;1543;-0.2; 0.0; 0.0;-9; 21.8;F;1;29;On;On;Off; 22.7; 22.4;0;7;827;7;827;7;641;0;-
2026/04/05;22:38:48;97;-; 52.37; 0.0;-; 11.3; 12.4; 0.0;-;-;1543;-0.2; 0.0; 0.0;-9; 21.8;F;1;29;On;On;Off; 22.7; 22.4;0;7;827;7;827;7;641;0;-
2026/04/05;22:39:48;97;-; 52.37; 0.0;-; 11.3; 12.4; 0.0;-;-;1543;-0.2; 0.0; 0.0;-9; 21.8;F;1;29;On;On;Off; 22.7; 22.4;0;7;827;7;827;7;641;0;-
2026/04/05;22:40:48;97;-; 52.35; 0.0;-; 11.4; 12.5; 0.0;-;-;1543;-0.2; 0.0; 0.0;-8; 21.8;F;1;29;On;On;Off; 22.7; 22.4;0;7;827;7;827;7;641;0;-
2026/04/05;22:41:48;97;-; 52.37; 0.0;-; 11.0; 12.3; 0.0;-;-;1543;-0.2; 0.0; 0.0;-9; 21.8;F;1;29;On;On;Off; 22.7; 22.4;0;7;827;7;827;7;641;0;-
2026/04/05;22:42:47;97;-; 52.37; 0.0;-; 10.6; 11.7; 0.0;-;-;1543;-0.2; 0.0; 0.0;-9; 21.8;F;1;29;On;On;Off; 22.7; 22.4;0;7;827;7;827;7;641;0;-
2026/04/05;22:43:47;97;-; 52.35; 0.0;-; 10.6; 11.9; 0.0;-;-;1543;-0.2; 0.0; 0.0;-9; 21.8;F;1;29;On;On;Off; 22.6; 22.4;0;7;827;7;827;7;641;0;-
2026/04/05;22:44:47;97;-; 52.35; 0.0;-; 10.7; 11.9; 0.0;-;-;1543;-0.2; 0.0; 0.0;-9; 21.8;F;1;29;On;On;Off; 22.7; 22.4;0;7;827;7;827;7;641;0;-
2026/04/05;22:45:47;97;-; 52.37; 0.0;-; 10.4; 11.5; 0.0;-;-;1543;-0.2; 0.0; 0.0;-9; 21.8;F;1;29;On;On;Off; 22.7; 22.4;0;7;827;7;827;7;641;0;-
2026/04/05;22:46:47;97;-; 52.35; 0.0;-; 10.1; 11.3; 0.0;-;-;1543;-0.2; 0.0; 0.0;-9; 21.8;F;1;29;On;On;Off; 22.7; 22.4;0;7;827;7;827;7;641;0;-
2026/04/05;22:47:47;97;-; 52.35; 0.0;-; 10.0; 11.1; 0.0;-;-;1543;-0.2; 0.0; 0.0;-9; 21.8;F;1;29;On;On;Off; 22.7; 22.3;0;7;827;7;827;7;641;0;-
2026/04/05;22:48:47;97;-; 52.35; 0.0;-; 9.6; 11.0; 0.0;-;-;1543;-0.2; 0.0; 0.0;-9; 21.8;F;1;29;On;On;Off; 22.6; 22.3;0;7;827;7;827;7;641;0;-
2026/04/05;22:49:47;97;-; 52.33; 0.0;-; 9.5; 10.8; 0.0;-;-;1543;-0.2; 0.0; 0.0;-9; 21.8;F;1;29;On;On;Off; 22.6; 22.3;0;7;827;7;827;7;641;0;-
2026/04/05;22:50:47;97;-; 52.35; 0.0;-; 9.4; 10.8; 0.0;-;-;1543;-0.2; 0.0; 0.0;-8; 21.8;F;1;29;On;On;Off; 22.6; 22.4;0;7;827;7;827;7;641;0;-
2026/04/05;22:51:47;97;-; 52.35; 0.0;-; 9.2; 10.7; 0.0;-;-;1543;-0.2; 0.0; 0.0;-9; 21.8;F;1;29;On;On;Off; 22.6; 22.3;0;7;827;7;827;7;641;0;-
2026/04/05;22:52:47;97;-; 52.35; 0.0;-; 9.4; 10.6; 0.0;-;-;1543;-0.2; 0.0; 0.0;-8; 21.8;F;1;29;On;On;Off; 22.6; 22.4;0;7;827;7;827;7;641;0;-
2026/04/05;22:53:47;97;-; 52.33; 0.0;-; 9.4; 10.7; 0.0;-;-;1543;-0.2; 0.0; 0.0;-8; 21.8;F;1;29;On;On;Off; 22.6; 22.3;0;7;827;7;827;7;641;0;-
2026/04/05;22:54:47;97;-; 52.33; 0.0;-; 9.6; 10.9; 0.0;-;-;1543;-0.2; 0.0; 0.0;-8; 21.8;F;1;29;On;On;Off; 22.6; 22.3;0;7;827;7;827;7;641;0;-
2026/04/05;22:55:47;97;-; 52.33; 0.0;-; 9.4; 10.8; 0.0;-;-;1543;-0.2; 0.0; 0.0;-8; 21.8;F;1;29;On;On;Off; 22.6; 22.3;0;7;827;7;827;7;641;0;-
2026/04/05;22:56:47;97;-; 52.35; 0.0;-; 9.6; 11.0; 0.0;-;-;1543;-0.2; 0.0; 0.0;-9; 21.8;F;1;29;On;On;Off; 22.6; 22.3;0;7;827;7;827;7;641;0;-
2026/04/05;22:57:47;97;-; 52.35; 0.0;-; 9.2; 10.8; 0.0;-;-;1543;-0.2; 0.0; 0.0;-9; 21.8;F;1;29;On;On;Off; 22.6; 22.3;0;7;827;7;827;7;641;0;-
2026/04/05;22:58:46;97;-; 52.35; 0.0;-; 8.0; 6.8; 0.0;-;-;1543;-0.2; 0.0; 0.0;-9; 21.8;F;1;29;On;On;Off; 22.6; 22.3;0;7;827;7;827;7;641;0;-
2026/04/05;22:59:46;97;-; 52.33; 0.0;-; 6.3; 6.3; 0.0;-;-;1543;-0.2; 0.0; 0.0;-9; 21.8;F;1;29;On;On;Off; 22.6; 22.3;0;7;827;7;827;7;641;0;-
2026/04/05;23:00:46;97;-; 52.33; 0.0;-; 6.3; 6.5; 0.0;-;-;1543;-0.2; 0.0; 0.0;-9; 21.8;F;1;29;On;On;Off; 22.6; 22.3;0;7;827;7;827;7;641;0;-
2026/04/05;23:01:46;97;-; 52.35; 0.0;-; 6.6; 6.6; 0.0;-;-;1543;-0.2; 0.0; 0.0;-9; 21.8;F;1;29;On;On;Off; 22.6; 22.3;0;7;827;7;827;7;641;0;-
2026/04/05;23:02:46;97;-; 52.33; 0.0;-; 6.6; 6.6; 0.0;-;-;1543;-0.2; 0.0; 0.0;-9; 21.7;F;1;29;On;On;Off; 22.6; 22.3;0;7;827;7;827;7;641;0;-
2026/04/05;23:03:46;97;-; 52.33; 0.0;-; 6.7; 6.7; 0.0;-;-;1543;-0.2; 0.0; 0.0;-9; 21.7;F;1;29;On;On;Off; 22.6; 22.3;0;7;827;7;827;7;641;0;-
2026/04/05;23:04:46;97;-; 52.33; 0.0;-; 6.8; 6.9; 0.0;-;-;1543;-0.2; 0.0; 0.0;-9; 21.7;F;1;29;On;On;Off; 22.6; 22.3;0;7;827;7;827;7;641;0;-
2026/04/05;23:05:46;97;-; 52.33; 0.0;-; 6.8; 6.8; 0.0;-;-;1543;-0.2; 0.0; 0.0;-9; 21.8;F;1;29;On;On;Off; 22.6; 22.3;0;7;827;7;827;7;641;0;-
2026/04/05;23:06:46;97;-; 52.33; 0.0;-; 7.1; 7.0; 0.0;-;-;1543;-0.2; 0.0; 0.0;-8; 21.7;F;1;29;On;On;Off; 22.6; 22.3;0;7;827;7;827;7;641;0;-
2026/04/05;23:07:46;97;-; 52.33; 0.0;-; 7.2; 7.0; 0.0;-;-;1543;-0.2; 0.0; 0.0;-8; 21.7;F;1;29;On;On;Off; 22.6; 22.3;0;7;827;7;827;7;641;0;-
2026/04/05;23:08:46;97;-; 52.31; 0.0;-; 13.2; 9.5; 0.0;-;-;1543;-0.2; 0.0; 0.0;-8; 21.7;F;1;29;On;On;Off; 22.6; 22.3;0;7;827;7;827;7;641;0;-
2026/04/05;23:09:46;97;-; 52.33; 0.0;-; 7.0; 7.0; 0.0;-;-;1543;-0.2; 0.0; 0.0;-8; 21.7;F;1;29;On;On;Off; 22.6; 22.3;0;7;827;7;827;7;641;0;-
2026/04/05;23:10:46;97;-; 52.33; 0.0;-; 7.0; 6.9; 0.0;-;-;1543;-0.2; 0.0; 0.0;-8; 21.7;F;1;29;On;On;Off; 22.6; 22.3;0;7;827;7;827;7;641;0;-
2026/04/05;23:11:46;97;-; 52.33; 0.0;-; 6.9; 6.8; 0.0;-;-;1543;-0.2; 0.0; 0.0;-9; 21.7;F;1;29;On;On;Off; 22.6; 22.3;0;7;827;7;827;7;641;0;-
2026/04/05;23:12:46;97;-; 52.33; 0.0;-; 6.8; 6.8; 0.0;-;-;1543;-0.2; 0.0; 0.0;-9; 21.7;F;1;29;On;On;Off; 22.6; 22.3;0;7;827;7;827;7;641;0;-
2026/04/05;23:13:46;97;-; 52.31; 0.0;-; 6.8; 6.8; 0.0;-;-;1543;-0.2; 0.0; 0.0;-9; 21.7;F;1;29;On;On;Off; 22.6; 22.3;0;7;827;7;827;7;641;0;-
2026/04/05;23:14:45;97;-; 52.31; 0.0;-; 6.9; 6.9; 0.0;-;-;1543;-0.2; 0.0; 0.0;-9; 21.7;F;1;29;On;On;Off; 22.6; 22.3;0;7;827;7;827;7;641;0;-
2026/04/05;23:15:45;97;-; 52.33; 0.0;-; 7.0; 7.0; 0.0;-;-;1543;-0.2; 0.0; 0.0;-8; 21.7;F;1;29;On;On;Off; 22.6; 22.3;0;7;827;7;827;7;641;0;-
2026/04/05;23:16:45;97;-; 52.33; 0.0;-; 7.2; 7.1; 0.0;-;-;1543;-0.2; 0.0; 0.0;-9; 21.7;F;1;29;On;On;Off; 22.6; 22.3;0;7;827;7;827;7;641;0;-
2026/04/05;23:17:45;97;-; 52.33; 0.0;-; 7.1; 7.0; 0.0;-;-;1543;-0.2; 0.0; 0.0;-8; 21.7;F;1;29;On;On;Off; 22.6; 22.3;0;7;827;7;827;7;641;0;-
2026/04/05;23:18:45;97;-; 52.31; 0.0;-; 7.2; 7.0; 0.0;-;-;1543;-0.2; 0.0; 0.0;-9; 21.7;F;1;29;On;On;Off; 22.6; 22.3;0;7;827;7;827;7;641;0;-
2026/04/05;23:19:45;97;-; 52.33; 0.0;-; 7.4; 7.1; 0.0;-;-;1543;-0.2; 0.0; 0.0;-8; 21.7;F;1;29;On;On;Off; 22.6; 22.3;0;7;827;7;827;7;641;0;-
2026/04/05;23:20:45;97;-; 52.33; 0.0;-; 7.5; 7.4; 0.0;-;-;1543;-0.2; 0.0; 0.0;-9; 21.7;F;1;29;On;On;Off; 22.6; 22.3;0;7;827;7;827;7;641;0;-
2026/04/05;23:21:45;97;-; 52.31; 0.0;-; 7.6; 7.4; 0.0;-;-;1543;-0.2; 0.0; 0.0;-8; 21.7;F;1;29;On;On;Off; 22.6; 22.3;0;7;827;7;827;7;641;0;-
2026/04/05;23:22:45;97;-; 52.33; 0.0;-; 7.5; 7.4; 0.0;-;-;1543;-0.2; 0.0; 0.0;-8; 21.7;F;1;29;On;On;Off; 22.6; 22.3;0;7;827;7;827;7;641;0;-
2026/04/05;23:23:45;97;-; 52.33; 0.0;-; 7.4; 7.3; 0.0;-;-;1543;-0.2; 0.0; 0.0;-8; 21.7;F;1;29;On;On;Off; 22.6; 22.3;0;7;827;7;827;7;641;0;-
2026/04/05;23:24:45;97;-; 52.31; 0.0;-; 7.2; 7.1; 0.0;-;-;1543;-0.2; 0.0; 0.0;-8; 21.7;F;1;29;On;On;Off; 22.6; 22.3;0;7;827;7;827;7;641;0;-
2026/04/05;23:25:45;96;-; 52.31; 0.0;-; 7.2; 7.1; 0.0;-;-;1543;-0.2; 0.0; 0.0;-8; 21.7;F;1;29;On;On;Off; 22.6; 22.3;0;7;827;7;827;7;641;0;-
2026/04/05;23:26:45;96;-; 52.31; 0.0;-; 7.1; 6.9; 0.0;-;-;1543;-0.2; 0.0; 0.0;-8; 21.7;F;1;29;On;On;Off; 22.6; 22.3;0;7;827;7;827;7;641;0;-
2026/04/05;23:27:45;96;-; 52.31; 0.0;-; 7.0; 6.9; 0.0;-;-;1543;-0.2; 0.0; 0.0;-9; 21.7;F;1;29;On;On;Off; 22.6; 22.3;0;7;827;7;827;7;641;0;-
2026/04/05;23:28:45;96;-; 52.30; 0.0;-; 6.7; 6.7; 0.0;-;-;1543;-0.2; 0.0; 0.0;-8; 21.7;F;1;29;On;On;Off; 22.6; 22.3;0;7;827;7;827;7;641;0;-
2026/04/05;23:29:45;96;-; 52.31; 0.0;-; 6.7; 6.7; 0.0;-;-;1543;-0.2; 0.0; 0.0;-8; 21.7;F;1;29;On;On;Off; 22.6; 22.3;0;7;827;7;827;7;641;0;-
2026/04/05;23:30:44;96;-; 52.31; 0.0;-; 6.7; 6.5; 0.0;-;-;1543;-0.2; 0.0; 0.0;-8; 21.7;F;1;29;On;On;Off; 22.6; 22.3;0;7;827;7;827;7;641;0;-
2026/04/05;23:31:44;96;-; 52.31; 0.0;-; 6.6; 6.6; 0.0;-;-;1543;-0.2; 0.0; 0.0;-9; 21.7;F;1;29;On;On;Off; 22.6; 22.3;0;7;827;7;827;7;641;0;-
2026/04/05;23:32:44;96;-; 52.30; 0.0;-; 6.6; 6.4; 0.0;-;-;1543;-0.2; 0.0; 0.0;-8; 21.7;F;1;29;On;On;Off; 22.6; 22.3;0;7;827;7;827;7;641;0;-
2026/04/05;23:33:44;96;-; 52.31; 0.0;-; 6.6; 6.4; 0.0;-;-;1544;-0.2; 0.0; 0.0;-9; 21.7;F;1;29;On;On;Off; 22.6; 22.3;0;7;827;7;827;7;641;0;-
2026/04/05;23:34:44;96;-; 52.31; 0.0;-; 6.5; 6.4; 0.0;-;-;1544;-0.2; 0.0; 0.0;-9; 21.7;F;1;29;On;On;Off; 22.6; 22.3;0;7;827;7;827;7;641;0;-
2026/04/05;23:35:44;96;-; 52.31; 0.0;-; 6.5; 6.3; 0.0;-;-;1544;-0.2; 0.0; 0.0;-8; 21.7;F;1;29;On;On;Off; 22.6; 22.3;0;7;827;7;827;7;641;0;-
2026/04/05;23:36:44;96;-; 52.31; 0.0;-; 6.4; 6.1; 0.0;-;-;1544;-0.2; 0.0; 0.0;-8; 21.7;F;1;29;On;On;Off; 22.6; 22.3;0;7;827;7;827;7;641;0;-
2026/04/05;23:37:44;96;-; 52.31; 0.0;-; 6.3; 6.2; 0.0;-;-;1544;-0.2; 0.0; 0.0;-8; 21.7;F;1;29;On;On;Off; 22.6; 22.3;0;7;827;7;827;7;641;0;-
2026/04/05;23:38:44;96;-; 52.31; 0.0;-; 6.5; 6.2; 0.0;-;-;1544;-0.2; 0.0; 0.0;-8; 21.7;F;1;29;On;On;Off; 22.6; 22.3;0;7;827;7;827;7;641;0;-
2026/04/05;23:39:44;96;-; 52.31; 0.0;-; 6.4; 6.0; 0.0;-;-;1544;-0.2; 0.0; 0.0;-8; 21.7;F;1;29;On;On;Off; 22.6; 22.3;0;7;827;7;827;7;641;0;-
2026/04/05;23:40:44;96;-; 52.31; 0.0;-; 6.5; 6.1; 0.0;-;-;1544;-0.2; 0.0; 0.0;-8; 21.7;F;1;29;On;On;Off; 22.6; 22.3;0;7;827;7;827;7;641;0;-
2026/04/05;23:41:44;96;-; 52.31; 0.0;-; 6.5; 6.3; 0.0;-;-;1544;-0.2; 0.0; 0.0;-8; 21.7;F;1;29;On;On;Off; 22.6; 22.3;0;7;827;7;827;7;641;0;-
2026/04/05;23:42:44;96;-; 52.31; 0.0;-; 6.7; 6.4; 0.0;-;-;1544;-0.2; 0.0; 0.0;-7; 21.7;F;1;29;On;On;Off; 22.6; 22.3;0;7;827;7;827;7;641;0;-
2026/04/05;23:43:44;96;-; 52.31; 0.0;-; 6.8; 6.6; 0.0;-;-;1544;-0.2; 0.0; 0.0;-8; 21.7;F;1;29;On;On;Off; 22.5; 22.3;0;7;827;7;827;7;641;0;-
2026/04/05;23:44:44;96;-; 52.31; 0.0;-; 6.9; 6.7; 0.0;-;-;1544;-0.2; 0.0; 0.0;-9; 21.7;F;1;29;On;On;Off; 22.6; 22.2;0;7;827;7;827;7;641;0;-
2026/04/05;23:45:44;96;-; 52.30; 0.0;-; 7.0; 6.8; 0.0;-;-;1544;-0.2; 0.0; 0.0;-8; 21.7;F;1;29;On;On;Off; 22.5; 22.2;0;7;827;7;827;7;641;0;-
2026/04/05;23:46:43;96;-; 52.30; 0.0;-; 7.1; 6.9; 0.0;-;-;1544;-0.2; 0.0; 0.0;-8; 21.7;F;1;29;On;On;Off; 22.5; 22.2;0;7;827;7;827;7;641;0;-
2026/04/05;23:47:43;96;-; 52.30; 0.0;-; 7.2; 7.0; 0.0;-;-;1544;-0.2; 0.0; 0.0;-8; 21.7;F;1;29;On;On;Off; 22.5; 22.3;0;7;827;7;827;7;641;0;-
2026/04/05;23:48:43;96;-; 52.31; 0.0;-; 7.3; 7.1; 0.0;-;-;1544;-0.2; 0.0; 0.0;-8; 21.7;F;1;29;On;On;Off; 22.5; 22.3;0;7;827;7;827;7;641;0;-
2026/04/05;23:49:43;96;-; 52.28; 0.0;-; 7.5; 7.3; 0.0;-;-;1544;-0.2; 0.0; 0.0;-8; 21.7;F;1;29;On;On;Off; 22.5; 22.2;0;7;827;7;827;7;641;0;-
2026/04/05;23:50:43;96;-; 52.30; 0.0;-; 7.5; 7.2; 0.0;-;-;1544;-0.2; 0.0; 0.0;-8; 21.7;F;1;29;On;On;Off; 22.6; 22.2;0;7;827;7;827;7;641;0;-
2026/04/05;23:51:43;96;-; 52.30; 0.0;-; 7.3; 7.1; 0.0;-;-;1544;-0.2; 0.0; 0.0;-8; 21.7;F;1;29;On;On;Off; 22.5; 22.2;0;7;827;7;827;7;641;0;-
2026/04/05;23:52:43;96;-; 52.30; 0.0;-; 7.2; 7.0; 0.0;-;-;1544;-0.2; 0.0; 0.0;-8; 21.7;F;1;29;On;On;Off; 22.5; 22.2;0;7;827;7;827;7;641;0;-
2026/04/05;23:53:43;96;-; 52.30; 0.0;-; 7.0; 6.9; 0.0;-;-;1544;-0.2; 0.0; 0.0;-8; 21.8;F;1;29;On;On;Off; 22.5; 22.2;0;7;827;7;827;7;641;0;-
2026/04/05;23:54:43;96;-; 52.30; 0.0;-; 7.0; 6.8; 0.0;-;-;1544;-0.2; 0.0; 0.0;-8; 21.7;F;1;29;On;On;Off; 22.5; 22.2;0;7;827;7;827;7;641;0;-
2026/04/05;23:55:43;96;-; 52.30; 0.0;-; 10.1; 7.1; 0.0;-;-;1544;-0.2; 0.0; 0.0;-8; 21.7;F;1;29;On;On;Off; 22.5; 22.2;0;7;827;7;827;7;641;0;-
2026/04/05;23:56:43;96;-; 52.28; 0.0;-; 7.2; 7.0; 0.0;-;-;1544;-0.2; 0.0; 0.0;-8; 21.7;F;1;29;On;On;Off; 22.5; 22.2;0;7;827;7;827;7;641;0;-
2026/04/05;23:57:43;96;-; 52.30; 0.0;-; 7.2; 7.2; 0.0;-;-;1544;-0.2; 0.0; 0.0;-8; 21.7;F;1;29;On;On;Off; 22.5; 22.2;0;7;827;7;827;7;641;0;-
2026/04/05;23:58:43;96;-; 52.28; 0.0;-; 7.3; 7.2; 0.0;-;-;1544;-0.2; 0.0; 0.0;-9; 21.8;F;1;29;On;On;Off; 22.5; 22.2;0;7;827;7;827;7;641;0;-
2026/04/05;23:59:43;96;-; 52.30; 0.0;-; 7.4; 7.2; 0.0;-;-;1544;-0.2; 0.0; 0.0;-8; 21.8;F;1;29;On;On;Off; 22.5; 22.2;0;7;827;7;827;7;641;0;-
