Steca Elektronik GmbH;MPPT6000;760749IH008963540005
Date;Time;SOC[%];Kaptest[Ah];Vbat[V];Ibat_M[A];Vbat.sense[V];VPV1_M[V];VPV2_M[V];PVpower_M[W];PV1power_M[W];PV2power_M[W];Ophours[h];Ibat_total[A]SOC;Icharge_total[A];Iload_total[A];BatPower_total[W];BatTemp[°C];ChargeMode;ErrorState;ErrorNr;StateAux1;StateAux2;StateAux3;IntTemp1[°C];IntTemp2[°C];Derating;Ah_in_24h_M[Ah];Ah_in_total_M[Ah];Ah_in_24h_SYS[Ah];Ah_in_total_SYS[Ah];Ah_out_24h_SYS[Ah];Ah_out_total_SYS[Ah];Day_night;Status_AUXIO
2026/04/02;00:00:54;97;-; 52.37; 0.0;-; 14.8; 13.6; 0.0;-;-;1448;-0.2; 0.0; 0.0;-9; 21.4;F;1;29;On;On;Off; 22.4; 22.1;0;0;800;0;800;0;614;0;-
2026/04/02;00:01:54;97;-; 52.39; 0.0;-; 15.3; 13.8; 0.0;-;-;1448;-0.2; 0.0; 0.0;-9; 21.4;F;1;29;On;On;Off; 22.4; 22.1;0;0;800;0;800;0;614;0;-
2026/04/02;00:02:54;97;-; 52.37; 0.0;-; 14.4; 13.1; 0.0;-;-;1448;-0.2; 0.0; 0.0;-9; 21.4;F;1;29;On;On;Off; 22.4; 22.1;0;0;800;0;800;0;614;0;-
2026/04/02;00:03:54;97;-; 52.37; 0.0;-; 14.8; 13.6; 0.0;-;-;1448;-0.2; 0.0; 0.0;-9; 21.4;F;1;29;On;On;Off; 22.4; 22.1;0;0;800;0;800;0;614;0;-
2026/04/02;00:04:54;97;-; 52.39; 0.0;-; 15.2; 14.0; 0.0;-;-;1448;-0.2; 0.0; 0.0;-8; 21.4;F;1;29;On;On;Off; 22.4; 22.1;0;0;800;0;800;0;614;0;-
2026/04/02;00:05:53;97;-; 52.39; 0.0;-; 15.5; 14.2; 0.0;-;-;1448;-0.2; 0.0; 0.0;-9; 21.4;F;1;29;On;On;Off; 22.4; 22.1;0;0;800;0;800;0;614;0;-
2026/04/02;00:06:53;97;-; 52.39; 0.0;-; 16.4; 14.9; 0.0;-;-;1448;-0.2; 0.0; 0.0;-9; 21.4;F;1;29;On;On;Off; 22.4; 22.1;0;0;800;0;800;0;614;0;-
2026/04/02;00:07:53;97;-; 52.39; 0.0;-; 14.6; 13.3; 0.0;-;-;1448;-0.2; 0.0; 0.0;-9; 21.4;F;1;29;On;On;Off; 22.4; 22.1;0;0;800;0;800;0;614;0;-
2026/04/02;00:08:53;97;-; 52.39; 0.0;-; 14.1; 12.8; 0.0;-;-;1448;-0.2; 0.0; 0.0;-9; 21.4;F;1;29;On;On;Off; 22.4; 22.1;0;0;800;0;800;0;614;0;-
2026/04/02;00:09:53;97;-; 52.39; 0.0;-; 14.9; 13.6; 0.0;-;-;1448;-0.2; 0.0; 0.0;-9; 21.4;F;1;29;On;On;Off; 22.4; 22.1;0;0;800;0;800;0;614;0;-
2026/04/02;00:10:53;97;-; 52.37; 0.0;-; 15.3; 14.2; 0.0;-;-;1448;-0.2; 0.0; 0.0;-9; 21.4;F;1;29;On;On;Off; 22.4; 22.1;0;0;800;0;800;0;614;0;-
2026/04/02;00:11:53;97;-; 52.39; 0.0;-; 14.4; 13.1; 0.0;-;-;1448;-0.2; 0.0; 0.0;-9; 21.4;F;1;29;On;On;Off; 22.4; 22.1;0;0;800;0;800;0;614;0;-
2026/04/02;00:12:53;97;-; 52.39; 0.0;-; 15.2; 13.8; 0.0;-;-;1448;-0.2; 0.0; 0.0;-9; 21.4;F;1;29;On;On;Off; 22.4; 22.1;0;0;800;0;800;0;614;0;-
2026/04/02;00:13:53;97;-; 52.39; 0.0;-; 15.6; 14.2; 0.0;-;-;1448;-0.2; 0.0; 0.0;-9; 21.4;F;1;29;On;On;Off; 22.4; 22.1;0;0;800;0;800;0;614;0;-
2026/04/02;00:14:53;97;-; 52.37; 0.0;-; 15.5; 14.1; 0.0;-;-;1448;-0.2; 0.0; 0.0;-9; 21.4;F;1;29;On;On;Off; 22.4; 22.1;0;0;800;0;800;0;614;0;-
2026/04/02;00:15:53;97;-; 52.39; 0.0;-; 14.9; 13.6; 0.0;-;-;1448;-0.2; 0.0; 0.0;-9; 21.4;F;1;29;On;On;Off; 22.3; 22.1;0;0;800;0;800;0;614;0;-
2026/04/02;00:16:53;97;-; 52.39; 0.0;-; 15.6; 14.3; 0.0;-;-;1448;-0.2; 0.0; 0.0;-9; 21.4;F;1;29;On;On;Off; 22.3; 22.1;0;0;800;0;800;0;614;0;-
2026/04/02;00:17:53;97;-; 52.39; 0.0;-; 14.1; 12.8; 0.0;-;-;1448;-0.2; 0.0; 0.0;-9; 21.4;F;1;29;On;On;Off; 22.4; 22.1;0;0;800;0;800;0;614;0;-
2026/04/02;00:18:53;97;-; 52.39; 0.0;-; 15.2; 14.0; 0.0;-;-;1448;-0.2; 0.0; 0.0;-9; 21.4;F;1;29;On;On;Off; 22.3; 22.1;0;0;800;0;800;0;614;0;-
2026/04/02;00:19:53;97;-; 52.39; 0.0;-; 15.8; 14.5; 0.0;-;-;1448;-0.2; 0.0; 0.0;-9; 21.4;F;1;29;On;On;Off; 22.3; 22.1;0;0;800;0;800;0;614;0;-
2026/04/02;00:20:53;97;-; 52.39; 0.0;-; 15.1; 13.7; 0.0;-;-;1448;-0.2; 0.0; 0.0;-9; 21.4;F;1;29;On;On;Off; 22.3; 22.1;0;0;800;0;800;0;614;0;-
2026/04/02;00:21:52;97;-; 52.37; 0.0;-; 15.0; 13.5; 0.0;-;-;1448;-0.2; 0.0; 0.0;-8; 21.4;F;1;29;On;On;Off; 22.3; 22.1;0;0;800;0;800;0;614;0;-
2026/04/02;00:22:52;97;-; 52.39; 0.0;-; 15.2; 13.9; 0.0;-;-;1448;-0.2; 0.0; 0.0;-9; 21.4;F;1;29;On;On;Off; 22.3; 22.1;0;0;800;0;800;0;614;0;-
2026/04/02;00:23:52;97;-; 52.37; 0.0;-; 14.9; 13.4; 0.0;-;-;1448;-0.2; 0.0; 0.0;-9; 21.4;F;1;29;On;On;Off; 22.3; 22.1;0;0;800;0;800;0;614;0;-
2026/04/02;00:24:52;97;-; 52.37; 0.0;-; 14.8; 13.4; 0.0;-;-;1448;-0.2; 0.0; 0.0;-9; 21.4;F;1;29;On;On;Off; 22.3; 22.1;0;0;800;0;800;0;614;0;-
2026/04/02;00:25:52;97;-; 52.35; 0.0;-; 14.7; 13.4; 0.0;-;-;1448;-0.2; 0.0; 0.0;-9; 21.4;F;1;29;On;On;Off; 22.3; 22.0;0;0;800;0;800;0;614;0;-
2026/04/02;00:26:52;96;-; 52.35; 0.0;-; 15.1; 13.8; 0.0;-;-;1448;-0.2; 0.0; 0.0;-9; 21.4;F;1;29;On;On;Off; 22.3; 22.1;0;0;800;0;800;0;614;0;-
2026/04/02;00:27:52;96;-; 52.37; 0.0;-; 15.2; 13.9; 0.0;-;-;1448;-0.2; 0.0; 0.0;-9; 21.4;F;1;29;On;On;Off; 22.3; 22.0;0;0;800;0;800;0;614;0;-
2026/04/02;00:28:52;96;-; 52.37; 0.0;-; 14.9; 13.6; 0.0;-;-;1448;-0.2; 0.0; 0.0;-9; 21.4;F;1;29;On;On;Off; 22.3; 22.0;0;0;800;0;800;0;614;0;-
2026/04/02;00:29:52;96;-; 52.37; 0.0;-; 15.3; 14.0; 0.0;-;-;1448;-0.2; 0.0; 0.0;-9; 21.4;F;1;29;On;On;Off; 22.3; 22.0;0;0;800;0;800;0;614;0;-
2026/04/02;00:30:52;96;-; 52.35; 0.0;-; 14.9; 13.6; 0.0;-;-;1448;-0.2; 0.0; 0.0;-9; 21.4;F;1;29;On;On;Off; 22.3; 22.0;0;0;800;0;800;0;614;0;-
2026/04/02;00:31:52;96;-; 52.37; 0.0;-; 15.2; 13.9; 0.0;-;-;1448;-0.2; 0.0; 0.0;-9; 21.4;F;1;29;On;On;Off; 22.3; 22.0;0;0;800;0;800;0;614;0;-
2026/04/02;00:32:52;96;-; 52.37; 0.0;-; 14.9; 13.6; 0.0;-;-;1448;-0.2; 0.0; 0.0;-9; 21.4;F;1;29;On;On;Off; 22.3; 22.0;0;0;800;0;800;0;614;0;-
2026/04/02;00:33:52;96;-; 52.35; 0.0;-; 15.5; 14.2; 0.0;-;-;1448;-0.2; 0.0; 0.0;-8; 21.4;F;1;29;On;On;Off; 22.3; 22.0;0;0;800;0;800;0;614;0;-
2026/04/02;00:34:52;96;-; 52.37; 0.0;-; 15.2; 13.9; 0.0;-;-;1448;-0.2; 0.0; 0.0;-9; 21.4;F;1;29;On;On;Off; 22.3; 22.0;0;0;800;0;800;0;614;0;-
2026/04/02;00:35:52;96;-; 52.37; 0.0;-; 15.6; 14.5; 0.0;-;-;1448;-0.2; 0.0; 0.0;-9; 21.4;F;1;29;On;On;Off; 22.3; 22.0;0;0;800;0;800;0;614;0;-
2026/04/02;00:36:52;96;-; 52.37; 0.0;-; 15.4; 14.1; 0.0;-;-;1448;-0.2; 0.0; 0.0;-9; 21.4;F;1;29;On;On;Off; 22.3; 22.0;0;0;800;0;800;0;614;0;-
2026/04/02;00:37:51;96;-; 52.37; 0.0;-; 15.2; 13.8; 0.0;-;-;1448;-0.2; 0.0; 0.0;-9; 21.4;F;1;29;On;On;Off; 22.3; 22.0;0;0;800;0;800;0;614;0;-
2026/04/02;00:38:51;96;-; 52.37; 0.0;-; 15.5; 14.0; 0.0;-;-;1448;-0.2; 0.0; 0.0;-9; 21.4;F;1;29;On;On;Off; 22.3; 22.0;0;0;800;0;800;0;614;0;-
2026/04/02;00:39:51;96;-; 52.37; 0.0;-; 16.3; 14.8; 0.0;-;-;1449;-0.2; 0.0; 0.0;-9; 21.4;F;1;29;On;On;Off; 22.3; 22.0;0;0;800;0;800;0;614;0;-
2026/04/02;00:40:51;96;-; 52.37; 0.0;-; 15.7; 14.3; 0.0;-;-;1449;-0.2; 0.0; 0.0;-9; 21.4;F;1;29;On;On;Off; 22.3; 22.0;0;0;800;0;800;0;614;0;-
2026/04/02;00:41:51;96;-; 52.37; 0.0;-; 15.8; 14.4; 0.0;-;-;1449;-0.2; 0.0; 0.0;-8; 21.4;F;1;29;On;On;Off; 22.3; 22.0;0;0;800;0;800;0;614;0;-
2026/04/02;00:42:51;96;-; 52.37; 0.0;-; 16.5; 15.2; 0.0;-;-;1449;-0.2; 0.0; 0.0;-9; 21.4;F;1;29;On;On;Off; 22.3; 22.0;0;0;800;0;800;0;614;0;-
2026/04/02;00:43:51;96;-; 52.37; 0.0;-; 15.8; 14.6; 0.0;-;-;1449;-0.2; 0.0; 0.0;-8; 21.4;F;1;29;On;On;Off; 22.3; 22.0;0;0;800;0;800;0;614;0;-
2026/04/02;00:44:51;96;-; 52.37; 0.0;-; 16.1; 14.7; 0.0;-;-;1449;-0.2; 0.0; 0.0;-8; 21.4;F;1;29;On;On;Off; 22.3; 22.0;0;0;800;0;800;0;614;0;-
2026/04/02;00:45:51;96;-; 52.37; 0.0;-; 16.0; 14.8; 0.0;-;-;1449;-0.2; 0.0; 0.0;-8; 21.4;F;1;29;On;On;Off; 22.3; 22.0;0;0;800;0;800;0;614;0;-
2026/04/02;00:46:51;96;-; 52.37; 0.0;-; 16.3; 14.8; 0.0;-;-;1449;-0.2; 0.0; 0.0;-9; 21.4;F;1;29;On;On;Off; 22.3; 22.0;0;0;800;0;800;0;614;0;-
2026/04/02;00:47:51;96;-; 52.37; 0.0;-; 16.0; 14.6; 0.0;-;-;1449;-0.2; 0.0; 0.0;-8; 21.4;F;1;29;On;On;Off; 22.3; 22.0;0;0;800;0;800;0;614;0;-
2026/04/02;00:48:51;96;-; 52.35; 0.0;-; 15.9; 14.6; 0.0;-;-;1449;-0.2; 0.0; 0.0;-9; 21.4;F;1;29;On;On;Off; 22.3; 22.0;0;0;800;0;800;0;614;0;-
2026/04/02;00:49:51;96;-; 52.35; 0.0;-; 16.4; 15.1; 0.0;-;-;1449;-0.2; 0.0; 0.0;-9; 21.4;F;1;29;On;On;Off; 22.3; 22.0;0;0;800;0;800;0;614;0;-
2026/04/02;00:50:51;96;-; 52.35; 0.0;-; 16.9; 15.6; 0.0;-;-;1449;-0.2; 0.0; 0.0;-9; 21.4;F;1;29;On;On;Off; 22.3; 22.0;0;0;800;0;800;0;614;0;-
2026/04/02;00:51:51;96;-; 52.35; 0.0;-; 17.0; 15.6; 0.0;-;-;1449;-0.2; 0.0; 0.0;-9; 21.4;F;1;29;On;On;Off; 22.3; 22.0;0;0;800;0;800;0;614;0;-
2026/04/02;00:52:50;96;-; 52.35; 0.0;-; 16.0; 14.6; 0.0;-;-;1449;-0.2; 0.0; 0.0;-9; 21.4;F;1;29;On;On;Off; 22.3; 22.0;0;0;800;0;800;0;614;0;-
2026/04/02;00:53:50;96;-; 52.35; 0.0;-; 16.2; 14.9; 0.0;-;-;1449;-0.2; 0.0; 0.0;-9; 21.4;F;1;29;On;On;Off; 22.3; 22.0;0;0;800;0;800;0;614;0;-
2026/04/02;00:54:50;96;-; 52.35; 0.0;-; 16.5; 15.1; 0.0;-;-;1449;-0.2; 0.0; 0.0;-9; 21.4;F;1;29;On;On;Off; 22.3; 22.0;0;0;800;0;800;0;614;0;-
2026/04/02;00:55:50;96;-; 52.35; 0.0;-; 16.6; 15.3; 0.0;-;-;1449;-0.2; 0.0; 0.0;-9; 21.4;F;1;29;On;On;Off; 22.3; 22.0;0;0;800;0;800;0;614;0;-
2026/04/02;00:56:50;96;-; 52.35; 0.0;-; 16.6; 15.2; 0.0;-;-;1449;-0.2; 0.0; 0.0;-9; 21.4;F;1;29;On;On;Off; 22.3; 22.0;0;0;800;0;800;0;614;0;-
2026/04/02;00:57:50;96;-; 52.35; 0.0;-; 16.7; 15.5; 0.0;-;-;1449;-0.2; 0.0; 0.0;-9; 21.4;F;1;29;On;On;Off; 22.3; 22.0;0;0;800;0;800;0;614;0;-
2026/04/02;00:58:50;96;-; 52.35; 0.0;-; 16.7; 15.3; 0.0;-;-;1449;-0.2; 0.0; 0.0;-9; 21.4;F;1;29;On;On;Off; 22.3; 22.0;0;0;800;0;800;0;614;0;-
2026/04/02;00:59:50;96;-; 52.35; 0.0;-; 16.8; 15.6; 0.0;-;-;1449;-0.2; 0.0; 0.0;-9; 21.4;F;1;29;On;On;Off; 22.3; 22.0;0;0;800;0;800;0;614;0;-
2026/04/02;01:00:50;96;-; 52.35; 0.0;-; 16.9; 15.6; 0.0;-;-;1449;-0.2; 0.0; 0.0;-9; 21.4;F;1;29;On;On;Off; 22.3; 22.0;0;0;800;0;800;0;614;0;-
2026/04/02;01:01:50;96;-; 52.35; 0.0;-; 16.9; 15.7; 0.0;-;-;1449;-0.2; 0.0; 0.0;-8; 21.4;F;1;29;On;On;Off; 22.3; 22.0;0;0;800;0;800;0;614;0;-
2026/04/02;01:02:50;96;-; 52.35; 0.0;-; 16.6; 15.3; 0.0;-;-;1449;-0.2; 0.0; 0.0;-8; 21.4;F;1;29;On;On;Off; 22.3; 22.0;0;0;800;0;800;0;614;0;-
2026/04/02;01:03:50;96;-; 52.35; 0.0;-; 17.2; 15.9; 0.0;-;-;1449;-0.2; 0.0; 0.0;-8; 21.4;F;1;29;On;On;Off; 22.3; 22.0;0;0;800;0;800;0;614;0;-
2026/04/02;01:04:50;96;-; 52.35; 0.0;-; 16.7; 15.4; 0.0;-;-;1449;-0.2; 0.0; 0.0;-8; 21.4;F;1;29;On;On;Off; 22.3; 22.0;0;0;800;0;800;0;614;0;-
2026/04/02;01:05:50;96;-; 52.35; 0.0;-; 16.6; 15.1; 0.0;-;-;1449;-0.2; 0.0; 0.0;-8; 21.4;F;1;29;On;On;Off; 22.3; 22.0;0;0;800;0;800;0;614;0;-
2026/04/02;01:06:50;96;-; 52.35; 0.0;-; 16.7; 15.2; 0.0;-;-;1449;-0.2; 0.0; 0.0;-8; 21.4;F;1;29;On;On;Off; 22.3; 22.0;0;0;800;0;800;0;614;0;-
2026/04/02;01:07:50;96;-; 52.35; 0.0;-; 16.8; 15.5; 0.0;-;-;1449;-0.2; 0.0; 0.0;-8; 21.4;F;1;29;On;On;Off; 22.3; 22.0;0;0;800;0;800;0;614;0;-
2026/04/02;01:08:49;96;-; 52.33; 0.0;-; 16.5; 15.2; 0.0;-;-;1449;-0.2; 0.0; 0.0;-8; 21.4;F;1;29;On;On;Off; 22.2; 22.0;0;0;800;0;800;0;614;0;-
2026/04/02;01:09:49;96;-; 52.33; 0.0;-; 17.0; 15.5; 0.0;-;-;1449;-0.2; 0.0; 0.0;-9; 21.4;F;1;29;On;On;Off; 22.2; 22.0;0;0;800;0;800;0;614;0;-
2026/04/02;01:10:49;96;-; 52.35; 0.0;-; 16.6; 15.3; 0.0;-;-;1449;-0.2; 0.0; 0.0;-9; 21.4;F;1;29;On;On;Off; 22.2; 22.0;0;0;800;0;800;0;614;0;-
2026/04/02;01:11:49;96;-; 52.35; 0.0;-; 17.4; 16.0; 0.0;-;-;1449;-0.2; 0.0; 0.0;-9; 21.4;F;1;29;On;On;Off; 22.3; 22.0;0;0;800;0;800;0;614;0;-
2026/04/02;01:12:49;96;-; 52.35; 0.0;-; 16.5; 14.9; 0.0;-;-;1449;-0.2; 0.0; 0.0;-9; 21.4;F;1;29;On;On;Off; 22.3; 22.0;0;0;800;0;800;0;614;0;-
2026/04/02;01:13:49;96;-; 52.35; 0.0;-; 16.9; 15.6; 0.0;-;-;1449;-0.2; 0.0; 0.0;-9; 21.4;F;1;29;On;On;Off; 22.2; 21.9;0;0;800;0;800;0;614;0;-
2026/04/02;01:14:49;96;-; 52.33; 0.0;-; 17.2; 15.8; 0.0;-;-;1449;-0.2; 0.0; 0.0;-8; 21.4;F;1;29;On;On;Off; 22.3; 21.9;0;0;800;0;800;0;614;0;-
2026/04/02;01:15:49;96;-; 52.33; 0.0;-; 17.0; 15.7; 0.0;-;-;1449;-0.2; 0.0; 0.0;-8; 21.4;F;1;29;On;On;Off; 22.2; 21.9;0;0;800;0;800;0;614;0;-
2026/04/02;01:16:49;96;-; 52.35; 0.0;-; 17.0; 15.8; 0.0;-;-;1449;-0.2; 0.0; 0.0;-8; 21.4;F;1;29;On;On;Off; 22.2; 21.9;0;0;800;0;800;0;614;0;-
2026/04/02;01:17:49;96;-; 52.35; 0.0;-; 17.2; 15.8; 0.0;-;-;1449;-0.2; 0.0; 0.0;-8; 21.4;F;1;29;On;On;Off; 22.2; 21.9;0;0;800;0;800;0;614;0;-
2026/04/02;01:18:49;96;-; 52.35; 0.0;-; 17.4; 15.9; 0.0;-;-;1449;-0.2; 0.0; 0.0;-8; 21.4;F;1;29;On;On;Off; 22.2; 21.9;0;0;800;0;800;0;614;0;-
2026/04/02;01:19:49;96;-; 52.35; 0.0;-; 17.0; 15.6; 0.0;-;-;1449;-0.2; 0.0; 0.0;-8; 21.4;F;1;29;On;On;Off; 22.2; 21.9;0;0;800;0;800;0;614;0;-
2026/04/02;01:20:49;96;-; 52.33; 0.0;-; 17.3; 16.0; 0.0;-;-;1449;-0.2; 0.0; 0.0;-8; 21.4;F;1;29;On;On;Off; 22.2; 21.9;0;0;800;0;800;0;614;0;-
2026/04/02;01:21:49;96;-; 52.35; 0.0;-; 17.1; 15.7; 0.0;-;-;1449;-0.2; 0.0; 0.0;-8; 21.4;F;1;29;On;On;Off; 22.2; 21.9;0;0;800;0;800;0;614;0;-
2026/04/02;01:22:49;96;-; 52.31; 0.0;-; 17.2; 15.9; 0.0;-;-;1449;-0.2; 0.0; 0.0;-8; 21.4;F;1;29;On;On;Off; 22.2; 21.9;0;0;800;0;800;0;614;0;-
2026/04/02;01:23:49;96;-; 52.31; 0.0;-; 17.3; 16.0; 0.0;-;-;1449;-0.2; 0.0; 0.0;-8; 21.4;F;1;29;On;On;Off; 22.2; 21.9;0;0;800;0;800;0;614;0;-
2026/04/02;01:24:48;96;-; 52.33; 0.0;-; 17.1; 15.8; 0.0;-;-;1449;-0.2; 0.0; 0.0;-8; 21.4;F;1;29;On;On;Off; 22.2; 21.9;0;0;800;0;800;0;614;0;-
2026/04/02;01:25:48;96;-; 52.33; 0.0;-; 17.3; 15.8; 0.0;-;-;1449;-0.2; 0.0; 0.0;-8; 21.4;F;1;29;On;On;Off; 22.2; 21.9;0;0;800;0;800;0;614;0;-
2026/04/02;01:26:48;96;-; 52.31; 0.0;-; 17.2; 15.8; 0.0;-;-;1449;-0.2; 0.0; 0.0;-9; 21.4;F;1;29;On;On;Off; 22.2; 21.9;0;0;800;0;800;0;614;0;-
2026/04/02;01:27:48;96;-; 52.33; 0.0;-; 17.2; 15.9; 0.0;-;-;1449;-0.2; 0.0; 0.0;-9; 21.4;F;1;29;On;On;Off; 22.2; 21.9;0;0;800;0;800;0;614;0;-
2026/04/02;01:28:48;96;-; 52.33; 0.0;-; 17.5; 16.1; 0.0;-;-;1449;-0.2; 0.0; 0.0;-9; 21.4;F;1;29;On;On;Off; 22.2; 21.9;0;0;800;0;800;0;614;0;-
2026/04/02;01:29:48;96;-; 52.33; 0.0;-; 17.3; 16.0; 0.0;-;-;1449;-0.2; 0.0; 0.0;-9; 21.4;F;1;29;On;On;Off; 22.2; 21.9;0;0;800;0;800;0;614;0;-
2026/04/02;01:30:48;96;-; 52.33; 0.0;-; 17.1; 15.9; 0.0;-;-;1449;-0.2; 0.0; 0.0;-9; 21.4;F;1;29;On;On;Off; 22.2; 21.9;0;0;800;0;800;0;614;0;-
2026/04/02;01:31:48;96;-; 52.33; 0.0;-; 17.3; 15.9; 0.0;-;-;1449;-0.2; 0.0; 0.0;-9; 21.4;F;1;29;On;On;Off; 22.2; 21.9;0;0;800;0;800;0;614;0;-
2026/04/02;01:32:48;96;-; 52.33; 0.0;-; 17.2; 16.0; 0.0;-;-;1449;-0.2; 0.0; 0.0;-8; 21.4;F;1;29;On;On;Off; 22.2; 21.9;0;0;800;0;800;0;614;0;-
2026/04/02;01:33:48;96;-; 52.31; 0.0;-; 17.2; 15.9; 0.0;-;-;1449;-0.2; 0.0; 0.0;-8; 21.4;F;1;29;On;On;Off; 22.2; 21.9;0;0;800;0;800;0;614;0;-
2026/04/02;01:34:48;96;-; 52.33; 0.0;-; 17.3; 15.9; 0.0;-;-;1449;-0.2; 0.0; 0.0;-8; 21.4;F;1;29;On;On;Off; 22.2; 21.9;0;0;800;0;800;0;614;0;-
2026/04/02;01:35:48;96;-; 52.33; 0.0;-; 17.3; 15.9; 0.0;-;-;1449;-0.2; 0.0; 0.0;-9; 21.4;F;1;29;On;On;Off; 22.2; 21.9;0;0;800;0;800;0;614;0;-
2026/04/02;01:36:48;96;-; 52.33; 0.0;-; 17.3; 16.0; 0.0;-;-;1449;-0.2; 0.0; 0.0;-8; 21.4;F;1;29;On;On;Off; 22.2; 21.9;0;0;800;0;800;0;614;0;-
2026/04/02;01:37:48;96;-; 52.33; 0.0;-; 17.3; 16.0; 0.0;-;-;1449;-0.2; 0.0; 0.0;-8; 21.4;F;1;29;On;On;Off; 22.2; 21.9;0;0;800;0;800;0;614;0;-
2026/04/02;01:38:48;96;-; 52.31; 0.0;-; 17.4; 16.0; 0.0;-;-;1449;-0.2; 0.0; 0.0;-8; 21.4;F;1;29;On;On;Off; 22.2; 21.9;0;0;800;0;800;0;614;0;-
2026/04/02;01:39:48;96;-; 52.33; 0.0;-; 17.4; 15.9; 0.0;-;-;1450;-0.2; 0.0; 0.0;-8; 21.4;F;1;29;On;On;Off; 22.2; 21.9;0;0;800;0;800;0;614;0;-
2026/04/02;01:40:47;96;-; 52.33; 0.0;-; 17.3; 16.0; 0.0;-;-;1450;-0.2; 0.0; 0.0;-8; 21.4;F;1;29;On;On;Off; 22.2; 21.9;0;0;800;0;800;0;614;0;-
2026/04/02;01:41:47;96;-; 52.33; 0.0;-; 17.3; 16.1; 0.0;-;-;1450;-0.2; 0.0; 0.0;-8; 21.4;F;1;29;On;On;Off; 22.2; 21.9;0;0;800;0;800;0;614;0;-
2026/04/02;01:42:47;96;-; 52.33; 0.0;-; 17.3; 16.1; 0.0;-;-;1450;-0.2; 0.0; 0.0;-8; 21.4;F;1;29;On;On;Off; 22.2; 21.9;0;0;800;0;800;0;614;0;-
2026/04/02;01:43:47;96;-; 52.33; 0.0;-; 17.2; 15.9; 0.0;-;-;1450;-0.2; 0.0; 0.0;-8; 21.4;F;1;29;On;On;Off; 22.2; 21.9;0;0;800;0;800;0;614;0;-
2026/04/02;01:44:47;96;-; 52.33; 0.0;-; 17.3; 16.1; 0.0;-;-;1450;-0.2; 0.0; 0.0;-8; 21.4;F;1;29;On;On;Off; 22.2; 21.9;0;0;800;0;800;0;614;0;-
2026/04/02;01:45:47;96;-; 52.33; 0.0;-; 17.3; 15.9; 0.0;-;-;1450;-0.2; 0.0; 0.0;-9; 21.4;F;1;29;On;On;Off; 22.2; 21.9;0;0;800;0;800;0;614;0;-
2026/04/02;01:46:47;96;-; 52.33; 0.0;-; 17.3; 15.9; 0.0;-;-;1450;-0.2; 0.0; 0.0;-8; 21.4;F;1;29;On;On;Off; 22.2; 21.9;0;0;800;0;800;0;614;0;-
2026/04/02;01:47:47;96;-; 52.33; 0.0;-; 17.3; 16.0; 0.0;-;-;1450;-0.2; 0.0; 0.0;-8; 21.4;F;1;29;On;On;Off; 22.2; 21.9;0;0;800;0;800;0;614;0;-
2026/04/02;01:48:47;96;-; 52.33; 0.0;-; 17.3; 15.9; 0.0;-;-;1450;-0.2; 0.0; 0.0;-8; 21.4;F;1;29;On;On;Off; 22.2; 21.9;0;0;800;0;800;0;614;0;-
2026/04/02;01:49:47;96;-; 52.33; 0.0;-; 17.3; 16.0; 0.0;-;-;1450;-0.2; 0.0; 0.0;-8; 21.4;F;1;29;On;On;Off; 22.2; 21.9;0;0;800;0;800;0;614;0;-
2026/04/02;01:50:47;96;-; 52.33; 0.0;-; 17.3; 15.9; 0.0;-;-;1450;-0.2; 0.0; 0.0;-8; 21.4;F;1;29;On;On;Off; 22.2; 21.9;0;0;800;0;800;0;614;0;-
2026/04/02;01:51:47;96;-; 52.33; 0.0;-; 17.4; 16.0; 0.0;-;-;1450;-0.2; 0.0; 0.0;-8; 21.4;F;1;29;On;On;Off; 22.2; 21.9;0;0;800;0;800;0;614;0;-
2026/04/02;01:52:47;96;-; 52.33; 0.0;-; 17.3; 15.9; 0.0;-;-;1450;-0.2; 0.0; 0.0;-8; 21.4;F;1;29;On;On;Off; 22.2; 21.9;0;0;800;0;800;0;614;0;-
2026/04/02;01:53:47;96;-; 52.31; 0.0;-; 17.3; 15.9; 0.0;-;-;1450;-0.2; 0.0; 0.0;-8; 21.4;F;1;29;On;On;Off; 22.2; 21.9;0;0;800;0;800;0;614;0;-
2026/04/02;01:54:47;96;-; 52.33; 0.0;-; 17.2; 16.0; 0.0;-;-;1450;-0.2; 0.0; 0.0;-8; 21.4;F;1;29;On;On;Off; 22.2; 21.9;0;0;800;0;800;0;614;0;-
2026/04/02;01:55:47;96;-; 52.31; 0.0;-; 17.2; 15.7; 0.0;-;-;1450;-0.2; 0.0; 0.0;-8; 21.4;F;1;29;On;On;Off; 22.1; 21.9;0;0;800;0;800;0;614;0;-
2026/04/02;01:56:46;95;-; 52.31; 0.0;-; 17.2; 15.9; 0.0;-;-;1450;-0.2; 0.0; 0.0;-8; 21.4;F;1;29;On;On;Off; 22.1; 21.9;0;0;800;0;800;0;614;0;-
2026/04/02;01:57:46;95;-; 52.31; 0.0;-; 17.1; 15.9; 0.0;-;-;1450;-0.2; 0.0; 0.0;-8; 21.4;F;1;29;On;On;Off; 22.2; 21.9;0;0;800;0;800;0;614;0;-
2026/04/02;01:58:46;95;-; 52.31; 0.0;-; 17.2; 15.8; 0.0;-;-;1450;-0.2; 0.0; 0.0;-8; 21.4;F;1;29;On;On;Off; 22.2; 21.9;0;0;800;0;800;0;614;0;-
2026/04/02;01:59:46;95;-; 52.31; 0.0;-; 17.1; 15.8; 0.0;-;-;1450;-0.2; 0.0; 0.0;-8; 21.4;F;1;29;On;On;Off; 22.2; 21.9;0;0;800;0;800;0;614;0;-
2026/04/02;02:00:46;95;-; 52.31; 0.0;-; 17.1; 15.8; 0.0;-;-;1450;-0.2; 0.0; 0.0;-8; 21.4;F;1;29;On;On;Off; 22.1; 21.9;0;0;800;0;800;0;614;0;-
2026/04/02;02:01:46;95;-; 52.31; 0.0;-; 17.0; 15.6; 0.0;-;-;1450;-0.2; 0.0; 0.0;-8; 21.4;F;1;29;On;On;Off; 22.1; 21.9;0;0;800;0;800;0;614;0;-
2026/04/02;02:02:46;95;-; 52.31; 0.0;-; 17.0; 15.6; 0.0;-;-;1450;-0.2; 0.0; 0.0;-8; 21.4;F;1;29;On;On;Off; 22.1; 21.9;0;0;800;0;800;0;614;0;-
2026/04/02;02:03:46;95;-; 52.31; 0.0;-; 17.0; 15.6; 0.0;-;-;1450;-0.2; 0.0; 0.0;-7; 21.4;F;1;29;On;On;Off; 22.1; 21.9;0;0;800;0;800;0;614;0;-
2026/04/02;02:04:46;95;-; 52.31; 0.0;-; 17.0; 15.7; 0.0;-;-;1450;-0.2; 0.0; 0.0;-8; 21.4;F;1;29;On;On;Off; 22.1; 21.9;0;0;800;0;800;0;614;0;-
2026/04/02;02:05:46;95;-; 52.30; 0.0;-; 17.0; 15.7; 0.0;-;-;1450;-0.2; 0.0; 0.0;-8; 21.4;F;1;29;On;On;Off; 22.1; 21.9;0;0;800;0;800;0;614;0;-
2026/04/02;02:06:46;95;-; 52.31; 0.0;-; 16.9; 15.5; 0.0;-;-;1450;-0.2; 0.0; 0.0;-8; 21.4;F;1;29;On;On;Off; 22.1; 21.9;0;0;800;0;800;0;614;0;-
2026/04/02;02:07:46;95;-; 52.31; 0.0;-; 17.0; 15.7; 0.0;-;-;1450;-0.2; 0.0; 0.0;-8; 21.4;F;1;29;On;On;Off; 22.1; 21.9;0;0;800;0;800;0;614;0;-
2026/04/02;02:08:46;95;-; 52.30; 0.0;-; 16.9; 15.6; 0.0;-;-;1450;-0.2; 0.0; 0.0;-8; 21.4;F;1;29;On;On;Off; 22.1; 21.9;0;0;800;0;800;0;614;0;-
2026/04/02;02:09:46;95;-; 52.31; 0.0;-; 16.9; 15.5; 0.0;-;-;1450;-0.2; 0.0; 0.0;-8; 21.4;F;1;29;On;On;Off; 22.1; 21.9;0;0;800;0;800;0;614;0;-
2026/04/02;02:10:46;95;-; 52.31; 0.0;-; 16.9; 15.6; 0.0;-;-;1450;-0.2; 0.0; 0.0;-8; 21.4;F;1;29;On;On;Off; 22.1; 21.9;0;0;800;0;800;0;614;0;-
2026/04/02;02:11:46;95;-; 52.31; 0.0;-; 16.9; 15.5; 0.0;-;-;1450;-0.2; 0.0; 0.0;-8; 21.4;F;1;29;On;On;Off; 22.1; 21.9;0;0;800;0;800;0;614;0;-
2026/04/02;02:12:45;95;-; 52.31; 0.0;-; 16.9; 15.6; 0.0;-;-;1450;-0.2; 0.0; 0.0;-8; 21.4;F;1;29;On;On;Off; 22.1; 21.9;0;0;800;0;800;0;614;0;-
2026/04/02;02:13:45;95;-; 52.31; 0.0;-; 16.9; 15.5; 0.0;-;-;1450;-0.2; 0.0; 0.0;-8; 21.4;F;1;29;On;On;Off; 22.1; 21.9;0;0;800;0;800;0;614;0;-
2026/04/02;02:14:45;95;-; 52.31; 0.0;-; 16.8; 15.6; 0.0;-;-;1450;-0.2; 0.0; 0.0;-8; 21.4;F;1;29;On;On;Off; 22.1; 21.9;0;0;800;0;800;0;614;0;-
2026/04/02;02:15:45;95;-; 52.31; 0.0;-; 16.7; 15.5; 0.0;-;-;1450;-0.2; 0.0; 0.0;-8; 21.4;F;1;29;On;On;Off; 22.1; 21.9;0;0;800;0;800;0;614;0;-
2026/04/02;02:16:45;95;-; 52.30; 0.0;-; 16.7; 15.5; 0.0;-;-;1450;-0.2; 0.0; 0.0;-9; 21.4;F;1;29;On;On;Off; 22.1; 21.9;0;0;800;0;800;0;614;0;-
2026/04/02;02:17:45;95;-; 52.31; 0.0;-; 16.7; 15.3; 0.0;-;-;1450;-0.2; 0.0; 0.0;-9; 21.4;F;1;29;On;On;Off; 22.1; 21.9;0;0;800;0;800;0;614;0;-
2026/04/02;02:18:45;95;-; 52.31; 0.0;-; 16.7; 15.4; 0.0;-;-;1450;-0.2; 0.0; 0.0;-8; 21.4;F;1;29;On;On;Off; 22.1; 21.9;0;0;800;0;800;0;614;0;-
2026/04/02;02:19:45;95;-; 52.31; 0.0;-; 16.6; 15.4; 0.0;-;-;1450;-0.2; 0.0; 0.0;-8; 21.4;F;1;29;On;On;Off; 22.1; 21.8;0;0;800;0;800;0;614;0;-
2026/04/02;02:20:45;95;-; 52.31; 0.0;-; 16.6; 15.4; 0.0;-;-;1450;-0.2; 0.0; 0.0;-8; 21.4;F;1;29;On;On;Off; 22.1; 21.9;0;0;800;0;800;0;614;0;-
2026/04/02;02:21:45;95;-; 52.31; 0.0;-; 16.6; 15.3; 0.0;-;-;1450;-0.2; 0.0; 0.0;-8; 21.4;F;1;29;On;On;Off; 22.1; 21.8;0;0;800;0;800;0;614;0;-
2026/04/02;02:22:45;95;-; 52.31; 0.0;-; 16.6; 15.2; 0.0;-;-;1450;-0.2; 0.0; 0.0;-9; 21.4;F;1;29;On;On;Off; 22.1; 21.8;0;0;800;0;800;0;614;0;-
2026/04/02;02:23:45;95;-; 52.31; 0.0;-; 16.6; 15.3; 0.0;-;-;1450;-0.2; 0.0; 0.0;-9; 21.4;F;1;29;On;On;Off; 22.1; 21.9;0;0;800;0;800;0;614;0;-
2026/04/02;02:24:45;95;-; 52.30; 0.0;-; 16.5; 15.2; 0.0;-;-;1450;-0.2; 0.0; 0.0;-9; 21.4;F;1;29;On;On;Off; 22.1; 21.9;0;0;800;0;800;0;614;0;-
2026/04/02;02:25:45;95;-; 52.30; 0.0;-; 16.4; 15.1; 0.0;-;-;1450;-0.2; 0.0; 0.0;-9; 21.4;F;1;29;On;On;Off; 22.1; 21.9;0;0;800;0;800;0;614;0;-
2026/04/02;02:26:45;95;-; 52.31; 0.0;-; 16.4; 15.2; 0.0;-;-;1450;-0.2; 0.0; 0.0;-9; 21.4;F;1;29;On;On;Off; 22.1; 21.9;0;0;800;0;800;0;614;0;-
2026/04/02;02:27:45;95;-; 52.31; 0.0;-; 16.4; 15.0; 0.0;-;-;1450;-0.2; 0.0; 0.0;-9; 21.4;F;1;29;On;On;Off; 22.1; 21.8;0;0;800;0;800;0;614;0;-
2026/04/02;02:28:44;95;-; 52.30; 0.0;-; 16.3; 15.0; 0.0;-;-;1450;-0.2; 0.0; 0.0;-8; 21.4;F;1;29;On;On;Off; 22.1; 21.8;0;0;800;0;800;0;614;0;-
2026/04/02;02:29:44;95;-; 52.31; 0.0;-; 16.3; 15.0; 0.0;-;-;1450;-0.2; 0.0; 0.0;-8; 21.4;F;1;29;On;On;Off; 22.1; 21.8;0;0;800;0;800;0;614;0;-
2026/04/02;02:30:44;95;-; 52.31; 0.0;-; 16.3; 14.9; 0.0;-;-;1450;-0.2; 0.0; 0.0;-8; 21.4;F;1;29;On;On;Off; 22.1; 21.8;0;0;800;0;800;0;614;0;-
2026/04/02;02:31:44;95;-; 52.31; 0.0;-; 16.3; 15.0; 0.0;-;-;1450;-0.2; 0.0; 0.0;-8; 21.4;F;1;29;On;On;Off; 22.1; 21.8;0;0;800;0;800;0;614;0;-
2026/04/02;02:32:44;95;-; 52.31; 0.0;-; 16.2; 14.9; 0.0;-;-;1450;-0.2; 0.0; 0.0;-8; 21.4;F;1;29;On;On;Off; 22.1; 21.8;0;0;800;0;800;0;614;0;-
2026/04/02;02:33:44;95;-; 52.30; 0.0;-; 16.3; 15.0; 0.0;-;-;1450;-0.2; 0.0; 0.0;-8; 21.4;F;1;29;On;On;Off; 22.1; 21.8;0;0;800;0;800;0;614;0;-
2026/04/02;02:34:44;95;-; 52.31; 0.0;-; 16.2; 14.9; 0.0;-;-;1450;-0.2; 0.0; 0.0;-8; 21.4;F;1;29;On;On;Off; 22.1; 21.8;0;0;800;0;800;0;614;0;-
2026/04/02;02:35:44;95;-; 52.31; 0.0;-; 16.2; 14.9; 0.0;-;-;1450;-0.2; 0.0; 0.0;-8; 21.4;F;1;29;On;On;Off; 22.1; 21.8;0;0;800;0;800;0;614;0;-
2026/04/02;02:36:44;95;-; 52.31; 0.0;-; 16.2; 14.7; 0.0;-;-;1450;-0.2; 0.0; 0.0;-9; 21.4;F;1;29;On;On;Off; 22.1; 21.8;0;0;800;0;800;0;614;0;-
2026/04/02;02:37:44;95;-; 52.31; 0.0;-; 16.1; 14.8; 0.0;-;-;1450;-0.2; 0.0; 0.0;-8; 21.4;F;1;29;On;On;Off; 22.1; 21.8;0;0;800;0;800;0;614;0;-
2026/04/02;02:38:44;95;-; 52.31; 0.0;-; 16.1; 14.8; 0.0;-;-;1450;-0.2; 0.0; 0.0;-8; 21.4;F;1;29;On;On;Off; 22.1; 21.8;0;0;800;0;800;0;614;0;-
2026/04/02;02:39:44;95;-; 52.31; 0.0;-; 16.0; 14.7; 0.0;-;-;1451;-0.2; 0.0; 0.0;-8; 21.4;F;1;29;On;On;Off; 22.1; 21.8;0;0;800;0;800;0;614;0;-
2026/04/02;02:40:44;95;-; 52.30; 0.0;-; 16.1; 14.7; 0.0;-;-;1451;-0.2; 0.0; 0.0;-8; 21.4;F;1;29;On;On;Off; 22.1; 21.8;0;0;800;0;800;0;614;0;-
2026/04/02;02:41:44;95;-; 52.30; 0.0;-; 16.1; 14.7; 0.0;-;-;1451;-0.2; 0.0; 0.0;-8; 21.4;F;1;29;On;On;Off; 22.1; 21.8;0;0;800;0;800;0;614;0;-
2026/04/02;02:42:44;95;-; 52.30; 0.0;-; 16.0; 14.6; 0.0;-;-;1451;-0.2; 0.0; 0.0;-8; 21.4;F;1;29;On;On;Off; 22.1; 21.8;0;0;800;0;800;0;614;0;-
2026/04/02;02:43:44;95;-; 52.30; 0.0;-; 16.0; 14.7; 0.0;-;-;1451;-0.2; 0.0; 0.0;-8; 21.4;F;1;29;On;On;Off; 22.1; 21.8;0;0;800;0;800;0;614;0;-
2026/04/02;02:44:43;95;-; 52.30; 0.0;-; 16.0; 14.6; 0.0;-;-;1451;-0.2; 0.0; 0.0;-9; 21.4;F;1;29;On;On;Off; 22.1; 21.8;0;0;800;0;800;0;614;0;-
2026/04/02;02:45:43;95;-; 52.31; 0.0;-; 15.9; 14.5; 0.0;-;-;1451;-0.2; 0.0; 0.0;-9; 21.4;F;1;29;On;On;Off; 22.1; 21.8;0;0;800;0;800;0;614;0;-
2026/04/02;02:46:43;95;-; 52.31; 0.0;-; 15.9; 14.5; 0.0;-;-;1451;-0.2; 0.0; 0.0;-9; 21.4;F;1;29;On;On;Off; 22.1; 21.8;0;0;800;0;800;0;614;0;-
2026/04/02;02:47:43;95;-; 52.30; 0.0;-; 15.8; 14.5; 0.0;-;-;1451;-0.2; 0.0; 0.0;-9; 21.4;F;1;29;On;On;Off; 22.1; 21.8;0;0;800;0;800;0;614;0;-
2026/04/02;02:48:43;95;-; 52.31; 0.0;-; 15.8; 14.5; 0.0;-;-;1451;-0.2; 0.0; 0.0;-9; 21.4;F;1;29;On;On;Off; 22.1; 21.8;0;0;800;0;800;0;614;0;-
2026/04/02;02:49:43;95;-; 52.30; 0.0;-; 15.8; 14.6; 0.0;-;-;1451;-0.2; 0.0; 0.0;-9; 21.4;F;1;29;On;On;Off; 22.1; 21.8;0;0;800;0;800;0;614;0;-
2026/04/02;02:50:43;95;-; 52.30; 0.0;-; 15.7; 14.4; 0.0;-;-;1451;-0.2; 0.0; 0.0;-9; 21.4;F;1;29;On;On;Off; 22.1; 21.8;0;0;800;0;800;0;614;0;-
2026/04/02;02:51:43;95;-; 52.30; 0.0;-; 15.7; 14.3; 0.0;-;-;1451;-0.2; 0.0; 0.0;-9; 21.4;F;1;29;On;On;Off; 22.1; 21.8;0;0;800;0;800;0;614;0;-
2026/04/02;02:52:43;95;-; 52.30; 0.0;-; 15.8; 14.4; 0.0;-;-;1451;-0.2; 0.0; 0.0;-9; 21.4;F;1;29;On;On;Off; 22.1; 21.8;0;0;800;0;800;0;614;0;-
2026/04/02;02:53:43;95;-; 52.30; 0.0;-; 15.7; 14.4; 0.0;-;-;1451;-0.2; 0.0; 0.0;-9; 21.4;F;1;29;On;On;Off; 22.1; 21.8;0;0;800;0;800;0;614;0;-
2026/04/02;02:54:43;95;-; 52.30; 0.0;-; 15.7; 14.4; 0.0;-;-;1451;-0.2; 0.0; 0.0;-8; 21.4;F;1;29;On;On;Off; 22.1; 21.8;0;0;800;0;800;0;614;0;-
2026/04/02;02:55:43;95;-; 52.30; 0.0;-; 15.6; 14.3; 0.0;-;-;1451;-0.2; 0.0; 0.0;-8; 21.4;F;1;29;On;On;Off; 22.1; 21.8;0;0;800;0;800;0;614;0;-
2026/04/02;02:56:43;95;-; 52.30; 0.0;-; 15.5; 14.2; 0.0;-;-;1451;-0.2; 0.0; 0.0;-7; 21.4;F;1;29;On;On;Off; 22.1; 21.8;0;0;800;0;800;0;614;0;-
2026/04/02;02:57:43;95;-; 52.30; 0.0;-; 15.5; 14.3; 0.0;-;-;1451;-0.2; 0.0; 0.0;-7; 21.4;F;1;29;On;On;Off; 22.1; 21.8;0;0;800;0;800;0;614;0;-
2026/04/02;02:58:43;95;-; 52.30; 0.0;-; 15.5; 14.2; 0.0;-;-;1451;-0.2; 0.0; 0.0;-8; 21.4;F;1;29;On;On;Off; 22.1; 21.8;0;0;800;0;800;0;614;0;-
2026/04/02;02:59:42;95;-; 52.30; 0.0;-; 15.5; 14.3; 0.0;-;-;1451;-0.2; 0.0; 0.0;-8; 21.4;F;1;29;On;On;Off; 22.1; 21.8;0;0;800;0;800;0;614;0;-
2026/04/02;03:00:42;95;-; 52.30; 0.0;-; 17.1; 14.6; 0.0;-;-;1451;-0.2; 0.0; 0.0;-8; 21.3;F;1;29;On;On;Off; 22.1; 21.8;0;0;800;0;800;0;614;0;-
2026/04/02;03:01:42;95;-; 52.30; 0.0;-; 16.6; 14.7; 0.0;-;-;1451;-0.2; 0.0; 0.0;-8; 21.4;F;1;29;On;On;Off; 22.1; 21.8;0;0;800;0;800;0;614;0;-
2026/04/02;03:02:42;95;-; 52.30; 0.0;-; 16.6; 14.6; 0.0;-;-;1451;-0.2; 0.0; 0.0;-9; 21.4;F;1;29;On;On;Off; 22.1; 21.8;0;0;800;0;800;0;614;0;-
2026/04/02;03:03:42;95;-; 52.30; 0.0;-; 16.6; 14.6; 0.0;-;-;1451;-0.2; 0.0; 0.0;-8; 21.4;F;1;29;On;On;Off; 22.1; 21.8;0;0;800;0;800;0;614;0;-
2026/04/02;03:04:42;95;-; 52.30; 0.0;-; 16.5; 14.3; 0.0;-;-;1451;-0.2; 0.0; 0.0;-8; 21.4;F;1;29;On;On;Off; 22.0; 21.8;0;0;800;0;800;0;614;0;-
2026/04/02;03:05:42;95;-; 52.30; 0.0;-; 16.6; 14.4; 0.0;-;-;1451;-0.2; 0.0; 0.0;-8; 21.4;F;1;29;On;On;Off; 22.0; 21.8;0;0;800;0;800;0;614;0;-
2026/04/02;03:06:42;95;-; 52.28; 0.0;-; 16.5; 14.4; 0.0;-;-;1451;-0.2; 0.0; 0.0;-9; 21.4;F;1;29;On;On;Off; 22.0; 21.8;0;0;800;0;800;0;614;0;-
2026/04/02;03:07:42;95;-; 52.30; 0.0;-; 16.6; 14.5; 0.0;-;-;1451;-0.2; 0.0; 0.0;-8; 21.4;F;1;29;On;On;Off; 22.0; 21.8;0;0;800;0;800;0;614;0;-
2026/04/02;03:08:42;95;-; 52.30; 0.0;-; 16.4; 14.3; 0.0;-;-;1451;-0.2; 0.0; 0.0;-8; 21.4;F;1;29;On;On;Off; 22.0; 21.8;0;0;800;0;800;0;614;0;-
2026/04/02;03:09:42;95;-; 52.30; 0.0;-; 16.7; 14.3; 0.0;-;-;1451;-0.2; 0.0; 0.0;-9; 21.4;F;1;29;On;On;Off; 22.1; 21.8;0;0;800;0;800;0;614;0;-
2026/04/02;03:10:42;95;-; 52.30; 0.0;-; 16.4; 14.2; 0.0;-;-;1451;-0.2; 0.0; 0.0;-8; 21.4;F;1;29;On;On;Off; 22.0; 21.8;0;0;800;0;800;0;614;0;-
2026/04/02;03:11:42;95;-; 52.30; 0.0;-; 16.4; 14.4; 0.0;-;-;1451;-0.2; 0.0; 0.0;-9; 21.4;F;1;29;On;On;Off; 22.1; 21.8;0;0;800;0;800;0;614;0;-
2026/04/02;03:12:42;95;-; 52.30; 0.0;-; 16.4; 14.4; 0.0;-;-;1451;-0.2; 0.0; 0.0;-8; 21.4;F;1;29;On;On;Off; 22.0; 21.8;0;0;800;0;800;0;614;0;-
2026/04/02;03:13:42;95;-; 52.30; 0.0;-; 16.3; 14.1; 0.0;-;-;1451;-0.2; 0.0; 0.0;-8; 21.3;F;1;29;On;On;Off; 22.0; 21.8;0;0;800;0;800;0;614;0;-
2026/04/02;03:14:42;95;-; 52.30; 0.0;-; 16.2; 14.2; 0.0;-;-;1451;-0.2; 0.0; 0.0;-8; 21.3;F;1;29;On;On;Off; 22.0; 21.8;0;0;800;0;800;0;614;0;-
2026/04/02;03:15:41;95;-; 52.30; 0.0;-; 16.2; 14.1; 0.0;-;-;1451;-0.2; 0.0; 0.0;-8; 21.3;F;1;29;On;On;Off; 22.0; 21.8;0;0;800;0;800;0;614;0;-
2026/04/02;03:16:41;95;-; 52.30; 0.0;-; 16.2; 14.1; 0.0;-;-;1451;-0.2; 0.0; 0.0;-8; 21.4;F;1;29;On;On;Off; 22.0; 21.8;0;0;800;0;800;0;614;0;-
2026/04/02;03:17:41;95;-; 52.28; 0.0;-; 16.2; 14.2; 0.0;-;-;1451;-0.2; 0.0; 0.0;-8; 21.3;F;1;29;On;On;Off; 22.0; 21.8;0;0;800;0;800;0;614;0;-
2026/04/02;03:18:41;95;-; 52.28; 0.0;-; 16.2; 14.1; 0.0;-;-;1451;-0.2; 0.0; 0.0;-8; 21.3;F;1;29;On;On;Off; 22.0; 21.8;0;0;800;0;800;0;614;0;-
2026/04/02;03:19:41;95;-; 52.28; 0.0;-; 16.1; 14.0; 0.0;-;-;1451;-0.2; 0.0; 0.0;-8; 21.3;F;1;29;On;On;Off; 22.0; 21.8;0;0;800;0;800;0;614;0;-
2026/04/02;03:20:41;95;-; 52.28; 0.0;-; 16.1; 13.9; 0.0;-;-;1451;-0.2; 0.0; 0.0;-8; 21.4;F;1;29;On;On;Off; 22.0; 21.8;0;0;800;0;800;0;614;0;-
2026/04/02;03:21:41;95;-; 52.30; 0.0;-; 16.1; 14.0; 0.0;-;-;1451;-0.2; 0.0; 0.0;-9; 21.3;F;1;29;On;On;Off; 22.0; 21.8;0;0;800;0;800;0;614;0;-
2026/04/02;03:22:41;95;-; 52.30; 0.0;-; 16.1; 13.9; 0.0;-;-;1451;-0.2; 0.0; 0.0;-8; 21.3;F;1;29;On;On;Off; 22.0; 21.8;0;0;800;0;800;0;614;0;-
2026/04/02;03:23:41;95;-; 52.30; 0.0;-; 16.1; 13.9; 0.0;-;-;1451;-0.2; 0.0; 0.0;-8; 21.3;F;1;29;On;On;Off; 22.0; 21.8;0;0;800;0;800;0;614;0;-
2026/04/02;03:24:41;95;-; 52.28; 0.0;-; 16.0; 13.8; 0.0;-;-;1451;-0.2; 0.0; 0.0;-8; 21.3;F;1;29;On;On;Off; 22.0; 21.8;0;0;800;0;800;0;614;0;-
2026/04/02;03:25:41;95;-; 52.30; 0.0;-; 16.0; 13.8; 0.0;-;-;1451;-0.2; 0.0; 0.0;-9; 21.3;F;1;29;On;On;Off; 22.0; 21.8;0;0;800;0;800;0;614;0;-
2026/04/02;03:26:41;95;-; 52.30; 0.0;-; 15.9; 13.8; 0.0;-;-;1451;-0.2; 0.0; 0.0;-9; 21.3;F;1;29;On;On;Off; 22.0; 21.8;0;0;800;0;800;0;614;0;-
2026/04/02;03:27:41;94;-; 52.30; 0.0;-; 15.9; 13.7; 0.0;-;-;1451;-0.2; 0.0; 0.0;-9; 21.4;F;1;29;On;On;Off; 22.0; 21.8;0;0;800;0;800;0;614;0;-
2026/04/02;03:28:41;94;-; 52.30; 0.0;-; 15.8; 13.8; 0.0;-;-;1451;-0.2; 0.0; 0.0;-9; 21.3;F;1;29;On;On;Off; 22.0; 21.8;0;0;800;0;800;0;614;0;-
2026/04/02;03:29:41;94;-; 52.28; 0.0;-; 15.8; 13.7; 0.0;-;-;1451;-0.2; 0.0; 0.0;-9; 21.4;F;1;29;On;On;Off; 22.0; 21.8;0;0;800;0;800;0;614;0;-
2026/04/02;03:30:41;94;-; 52.28; 0.0;-; 16.1; 13.7; 0.0;-;-;1451;-0.2; 0.0; 0.0;-9; 21.3;F;1;29;On;On;Off; 22.0; 21.8;0;0;800;0;800;0;614;0;-
2026/04/02;03:31:40;94;-; 52.28; 0.0;-; 15.8; 13.7; 0.0;-;-;1451;-0.2; 0.0; 0.0;-8; 21.3;F;1;29;On;On;Off; 22.0; 21.8;0;0;800;0;800;0;614;0;-
2026/04/02;03:32:40;94;-; 52.30; 0.0;-; 15.8; 13.7; 0.0;-;-;1451;-0.2; 0.0; 0.0;-8; 21.3;F;1;29;On;On;Off; 22.0; 21.8;0;0;800;0;800;0;614;0;-
2026/04/02;03:33:40;94;-; 52.30; 0.0;-; 15.6; 13.6; 0.0;-;-;1451;-0.2; 0.0; 0.0;-8; 21.3;F;1;29;On;On;Off; 22.0; 21.8;0;0;800;0;800;0;614;0;-
2026/04/02;03:34:40;94;-; 52.30; 0.0;-; 15.7; 13.5; 0.0;-;-;1451;-0.2; 0.0; 0.0;-9; 21.3;F;1;29;On;On;Off; 22.0; 21.8;0;0;800;0;800;0;614;0;-
2026/04/02;03:35:40;94;-; 52.30; 0.0;-; 15.7; 13.6; 0.0;-;-;1451;-0.2; 0.0; 0.0;-8; 21.3;F;1;29;On;On;Off; 22.0; 21.8;0;0;800;0;800;0;614;0;-
2026/04/02;03:36:40;94;-; 52.30; 0.0;-; 15.7; 13.6; 0.0;-;-;1451;-0.2; 0.0; 0.0;-8; 21.3;F;1;29;On;On;Off; 22.0; 21.7;0;0;800;0;800;0;614;0;-
2026/04/02;03:37:40;94;-; 52.28; 0.0;-; 15.6; 13.4; 0.0;-;-;1451;-0.2; 0.0; 0.0;-9; 21.3;F;1;29;On;On;Off; 22.0; 21.7;0;0;800;0;800;0;614;0;-
2026/04/02;03:38:40;94;-; 52.30; 0.0;-; 15.6; 13.6; 0.0;-;-;1451;-0.2; 0.0; 0.0;-9; 21.3;F;1;29;On;On;Off; 22.0; 21.8;0;0;800;0;800;0;614;0;-
2026/04/02;03:39:40;94;-; 52.28; 0.0;-; 15.6; 13.4; 0.0;-;-;1452;-0.2; 0.0; 0.0;-9; 21.3;F;1;29;On;On;Off; 22.0; 21.7;0;0;800;0;800;0;614;0;-
2026/04/02;03:40:40;94;-; 52.30; 0.0;-; 15.5; 13.3; 0.0;-;-;1452;-0.2; 0.0; 0.0;-9; 21.3;F;1;29;On;On;Off; 22.0; 21.7;0;0;800;0;800;0;614;0;-
2026/04/02;03:41:40;94;-; 52.30; 0.0;-; 15.4; 13.4; 0.0;-;-;1452;-0.2; 0.0; 0.0;-9; 21.3;F;1;29;On;On;Off; 22.0; 21.7;0;0;800;0;800;0;614;0;-
2026/04/02;03:42:40;94;-; 52.30; 0.0;-; 15.5; 13.3; 0.0;-;-;1452;-0.2; 0.0; 0.0;-9; 21.3;F;1;29;On;On;Off; 22.0; 21.8;0;0;800;0;800;0;614;0;-
2026/04/02;03:43:40;94;-; 52.30; 0.0;-; 16.2; 13.4; 0.0;-;-;1452;-0.2; 0.0; 0.0;-9; 21.3;F;1;29;On;On;Off; 22.0; 21.7;0;0;800;0;800;0;614;0;-
2026/04/02;03:44:40;94;-; 52.28; 0.0;-; 15.4; 13.3; 0.0;-;-;1452;-0.2; 0.0; 0.0;-9; 21.3;F;1;29;On;On;Off; 22.0; 21.7;0;0;800;0;800;0;614;0;-
2026/04/02;03:45:40;94;-; 52.30; 0.0;-; 15.3; 13.2; 0.0;-;-;1452;-0.2; 0.0; 0.0;-9; 21.3;F;1;29;On;On;Off; 22.0; 21.7;0;0;800;0;800;0;614;0;-
2026/04/02;03:46:40;94;-; 52.28; 0.0;-; 15.3; 13.0; 0.0;-;-;1452;-0.2; 0.0; 0.0;-9; 21.3;F;1;29;On;On;Off; 22.0; 21.7;0;0;800;0;800;0;614;0;-
2026/04/02;03:47:39;94;-; 52.28; 0.0;-; 15.3; 13.1; 0.0;-;-;1452;-0.2; 0.0; 0.0;-8; 21.3;F;1;29;On;On;Off; 22.0; 21.7;0;0;800;0;800;0;614;0;-
2026/04/02;03:48:39;94;-; 52.28; 0.0;-; 15.2; 13.2; 0.0;-;-;1452;-0.2; 0.0; 0.0;-9; 21.3;F;1;29;On;On;Off; 22.0; 21.7;0;0;800;0;800;0;614;0;-
2026/04/02;03:49:39;94;-; 52.28; 0.0;-; 15.1; 13.1; 0.0;-;-;1452;-0.2; 0.0; 0.0;-8; 21.3;F;1;29;On;On;Off; 22.0; 21.7;0;0;800;0;800;0;614;0;-
2026/04/02;03:50:39;94;-; 52.30; 0.0;-; 15.1; 13.0; 0.0;-;-;1452;-0.2; 0.0; 0.0;-8; 21.3;F;1;29;On;On;Off; 22.0; 21.7;0;0;800;0;800;0;614;0;-
2026/04/02;03:51:39;94;-; 52.30; 0.0;-; 15.1; 13.0; 0.0;-;-;1452;-0.2; 0.0; 0.0;-9; 21.3;F;1;29;On;On;Off; 22.0; 21.7;0;0;800;0;800;0;614;0;-
2026/04/02;03:52:39;94;-; 52.28; 0.0;-; 15.1; 13.0; 0.0;-;-;1452;-0.2; 0.0; 0.0;-9; 21.3;F;1;29;On;On;Off; 22.0; 21.7;0;0;800;0;800;0;614;0;-
2026/04/02;03:53:39;94;-; 52.28; 0.0;-; 15.1; 13.1; 0.0;-;-;1452;-0.2; 0.0; 0.0;-9; 21.3;F;1;29;On;On;Off; 22.0; 21.7;0;0;800;0;800;0;614;0;-
2026/04/02;03:54:39;94;-; 52.28; 0.0;-; 15.0; 12.9; 0.0;-;-;1452;-0.2; 0.0; 0.0;-9; 21.3;F;1;29;On;On;Off; 22.0; 21.7;0;0;800;0;800;0;614;0;-
2026/04/02;03:55:39;94;-; 52.26; 0.0;-; 15.0; 12.8; 0.0;-;-;1452;-0.2; 0.0; 0.0;-9; 21.3;F;1;29;On;On;Off; 22.0; 21.7;0;0;800;0;800;0;614;0;-
2026/04/02;03:56:39;94;-; 52.26; 0.0;-; 15.0; 12.8; 0.0;-;-;1452;-0.2; 0.0; 0.0;-8; 21.3;F;1;29;On;On;Off; 22.0; 21.7;0;0;800;0;800;0;614;0;-
2026/04/02;03:57:39;94;-; 52.28; 0.0;-; 14.9; 12.8; 0.0;-;-;1452;-0.2; 0.0; 0.0;-8; 21.3;F;1;29;On;On;Off; 22.0; 21.7;0;0;800;0;800;0;614;0;-
2026/04/02;03:58:39;94;-; 52.28; 0.0;-; 14.9; 12.7; 0.0;-;-;1452;-0.2; 0.0; 0.0;-8; 21.3;F;1;29;On;On;Off; 22.0; 21.7;0;0;800;0;800;0;614;0;-
2026/04/02;03:59:39;94;-; 52.26; 0.0;-; 14.9; 12.9; 0.0;-;-;1452;-0.2; 0.0; 0.0;-8; 21.3;F;1;29;On;On;Off; 22.0; 21.7;0;0;800;0;800;0;614;0;-
2026/04/02;04:00:39;94;-; 52.26; 0.0;-; 14.8; 12.6; 0.0;-;-;1452;-0.2; 0.0; 0.0;-9; 21.3;F;1;29;On;On;Off; 22.0; 21.7;0;0;800;0;800;0;614;0;-
2026/04/02;04:01:39;94;-; 52.28; 0.0;-; 14.8; 12.7; 0.0;-;-;1452;-0.2; 0.0; 0.0;-9; 21.3;F;1;29;On;On;Off; 22.0; 21.7;0;0;800;0;800;0;614;0;-
2026/04/02;04:02:39;94;-; 52.28; 0.0;-; 14.8; 12.7; 0.0;-;-;1452;-0.2; 0.0; 0.0;-9; 21.3;F;1;29;On;On;Off; 22.0; 21.7;0;0;800;0;800;0;614;0;-
2026/04/02;04:03:38;94;-; 52.26; 0.0;-; 14.7; 12.6; 0.0;-;-;1452;-0.2; 0.0; 0.0;-9; 21.3;F;1;29;On;On;Off; 22.0; 21.7;0;0;800;0;800;0;614;0;-
2026/04/02;04:04:38;94;-; 52.28; 0.0;-; 14.7; 12.5; 0.0;-;-;1452;-0.2; 0.0; 0.0;-9; 21.3;F;1;29;On;On;Off; 22.0; 21.7;0;0;800;0;800;0;614;0;-
2026/04/02;04:05:38;94;-; 52.26; 0.0;-; 14.7; 12.4; 0.0;-;-;1452;-0.2; 0.0; 0.0;-9; 21.3;F;1;29;On;On;Off; 22.0; 21.7;0;0;800;0;800;0;614;0;-
2026/04/02;04:06:38;94;-; 52.26; 0.0;-; 14.6; 12.4; 0.0;-;-;1452;-0.2; 0.0; 0.0;-8; 21.3;F;1;29;On;On;Off; 21.9; 21.7;0;0;800;0;800;0;614;0;-
2026/04/02;04:07:38;94;-; 52.26; 0.0;-; 14.6; 12.3; 0.0;-;-;1452;-0.2; 0.0; 0.0;-8; 21.3;F;1;29;On;On;Off; 22.0; 21.7;0;0;800;0;800;0;614;0;-
2026/04/02;04:08:38;94;-; 52.26; 0.0;-; 14.5; 12.3; 0.0;-;-;1452;-0.2; 0.0; 0.0;-8; 21.3;F;1;29;On;On;Off; 22.0; 21.7;0;0;800;0;800;0;614;0;-
2026/04/02;04:09:38;94;-; 52.24; 0.0;-; 14.6; 12.3; 0.0;-;-;1452;-0.2; 0.0; 0.0;-8; 21.3;F;1;29;On;On;Off; 22.0; 21.7;0;0;800;0;800;0;614;0;-
2026/04/02;04:10:38;94;-; 52.26; 0.0;-; 14.6; 12.4; 0.0;-;-;1452;-0.2; 0.0; 0.0;-9; 21.3;F;1;29;On;On;Off; 22.0; 21.7;0;0;800;0;800;0;614;0;-
2026/04/02;04:11:38;94;-; 52.26; 0.0;-; 14.5; 12.3; 0.0;-;-;1452;-0.2; 0.0; 0.0;-9; 21.3;F;1;29;On;On;Off; 21.9; 21.7;0;0;800;0;800;0;614;0;-
2026/04/02;04:12:38;94;-; 52.26; 0.0;-; 14.6; 12.2; 0.0;-;-;1452;-0.2; 0.0; 0.0;-8; 21.3;F;1;29;On;On;Off; 21.9; 21.7;0;0;800;0;800;0;614;0;-
2026/04/02;04:13:38;94;-; 52.26; 0.0;-; 14.5; 12.2; 0.0;-;-;1452;-0.2; 0.0; 0.0;-8; 21.3;F;1;29;On;On;Off; 21.9; 21.7;0;0;800;0;800;0;614;0;-
2026/04/02;04:14:38;94;-; 52.26; 0.0;-; 14.5; 12.3; 0.0;-;-;1452;-0.2; 0.0; 0.0;-8; 21.3;F;1;29;On;On;Off; 22.0; 21.7;0;0;800;0;800;0;614;0;-
2026/04/02;04:15:38;94;-; 52.26; 0.0;-; 14.5; 12.2; 0.0;-;-;1452;-0.2; 0.0; 0.0;-9; 21.3;F;1;29;On;On;Off; 21.9; 21.7;0;0;800;0;800;0;614;0;-
2026/04/02;04:16:38;94;-; 52.26; 0.0;-; 14.6; 12.3; 0.0;-;-;1452;-0.2; 0.0; 0.0;-8; 21.3;F;1;29;On;On;Off; 21.9; 21.7;0;0;800;0;800;0;614;0;-
2026/04/02;04:17:38;94;-; 52.26; 0.0;-; 14.6; 12.3; 0.0;-;-;1452;-0.2; 0.0; 0.0;-8; 21.3;F;1;29;On;On;Off; 21.9; 21.7;0;0;800;0;800;0;614;0;-
2026/04/02;04:18:38;94;-; 52.26; 0.0;-; 14.6; 12.2; 0.0;-;-;1452;-0.2; 0.0; 0.0;-8; 21.3;F;1;29;On;On;Off; 21.9; 21.7;0;0;800;0;800;0;614;0;-
2026/04/02;04:19:37;94;-; 52.26; 0.0;-; 14.7; 12.4; 0.0;-;-;1452;-0.2; 0.0; 0.0;-9; 21.3;F;1;29;On;On;Off; 22.0; 21.7;0;0;800;0;800;0;614;0;-
2026/04/02;04:20:37;94;-; 52.26; 0.0;-; 14.7; 12.4; 0.0;-;-;1452;-0.2; 0.0; 0.0;-9; 21.3;F;1;29;On;On;Off; 21.9; 21.7;0;0;800;0;800;0;614;0;-
2026/04/02;04:21:37;94;-; 52.26; 0.0;-; 14.7; 12.3; 0.0;-;-;1452;-0.2; 0.0; 0.0;-8; 21.3;F;1;29;On;On;Off; 22.0; 21.7;0;0;800;0;800;0;614;0;-
2026/04/02;04:22:37;94;-; 52.26; 0.0;-; 14.9; 12.6; 0.0;-;-;1452;-0.2; 0.0; 0.0;-9; 21.3;F;1;29;On;On;Off; 22.0; 21.7;0;0;800;0;800;0;614;0;-
2026/04/02;04:23:37;94;-; 52.24; 0.0;-; 15.0; 12.6; 0.0;-;-;1452;-0.2; 0.0; 0.0;-9; 21.3;F;1;29;On;On;Off; 22.0; 21.7;0;0;800;0;800;0;614;0;-
2026/04/02;04:24:37;94;-; 52.26; 0.0;-; 15.1; 12.6; 0.0;-;-;1452;-0.2; 0.0; 0.0;-9; 21.3;F;1;29;On;On;Off; 21.9; 21.7;0;0;800;0;800;0;614;0;-
2026/04/02;04:25:37;94;-; 52.24; 0.0;-; 15.3; 12.8; 0.0;-;-;1452;-0.2; 0.0; 0.0;-9; 21.3;F;1;29;On;On;Off; 21.9; 21.7;0;0;800;0;800;0;614;0;-
2026/04/02;04:26:37;94;-; 52.26; 0.0;-; 15.3; 12.9; 0.0;-;-;1452;-0.2; 0.0; 0.0;-8; 21.3;F;1;29;On;On;Off; 21.9; 21.7;0;0;800;0;800;0;614;0;-
2026/04/02;04:27:37;94;-; 52.26; 0.0;-; 15.5; 13.1; 0.0;-;-;1452;-0.2; 0.0; 0.0;-9; 21.3;F;1;29;On;On;Off; 21.9; 21.7;0;0;800;0;800;0;614;0;-
2026/04/02;04:28:37;94;-; 52.24; 0.0;-; 15.7; 13.3; 0.0;-;-;1452;-0.2; 0.0; 0.0;-9; 21.4;F;1;29;On;On;Off; 21.9; 21.7;0;0;800;0;800;0;614;0;-
2026/04/02;04:29:37;94;-; 52.26; 0.0;-; 15.9; 13.5; 0.0;-;-;1452;-0.2; 0.0; 0.0;-9; 21.4;F;1;29;On;On;Off; 21.9; 21.7;0;0;800;0;800;0;614;0;-
2026/04/02;04:30:37;94;-; 52.26; 0.0;-; 16.1; 13.5; 0.0;-;-;1452;-0.2; 0.0; 0.0;-9; 21.3;F;1;29;On;On;Off; 21.9; 21.7;0;0;800;0;800;0;614;0;-
2026/04/02;04:31:37;94;-; 52.24; 0.0;-; 16.4; 13.9; 0.0;-;-;1452;-0.2; 0.0; 0.0;-9; 21.3;F;1;29;On;On;Off; 21.9; 21.7;0;0;800;0;800;0;614;0;-
2026/04/02;04:32:37;94;-; 52.26; 0.0;-; 16.7; 14.3; 0.0;-;-;1452;-0.2; 0.0; 0.0;-9; 21.3;F;1;29;On;On;Off; 21.9; 21.7;0;0;800;0;800;0;614;0;-
2026/04/02;04:33:37;94;-; 52.24; 0.0;-; 17.2; 14.5; 0.0;-;-;1452;-0.2; 0.0; 0.0;-9; 21.3;F;1;29;On;On;Off; 21.9; 21.7;0;0;800;0;800;0;614;0;-
2026/04/02;04:34:37;94;-; 52.26; 0.0;-; 17.3; 14.8; 0.0;-;-;1452;-0.2; 0.0; 0.0;-9; 21.3;F;1;29;On;On;Off; 21.9; 21.7;0;0;800;0;800;0;614;0;-
2026/04/02;04:35:36;94;-; 52.26; 0.0;-; 17.7; 15.1; 0.0;-;-;1452;-0.2; 0.0; 0.0;-9; 21.3;F;1;29;On;On;Off; 21.9; 21.7;0;0;800;0;800;0;614;0;-
2026/04/02;04:36:36;94;-; 52.26; 0.0;-; 18.1; 15.7; 0.0;-;-;1452;-0.2; 0.0; 0.0;-9; 21.3;F;1;29;On;On;Off; 21.9; 21.7;0;0;800;0;800;0;614;0;-
2026/04/02;04:37:36;94;-; 52.26; 0.0;-; 18.3; 16.2; 0.0;-;-;1452;-0.2; 0.0; 0.0;-8; 21.3;F;1;29;On;On;Off; 21.9; 21.7;0;0;800;0;800;0;614;0;-
2026/04/02;04:38:36;94;-; 52.26; 0.0;-; 18.9; 16.6; 0.0;-;-;1452;-0.2; 0.0; 0.0;-8; 21.3;F;1;29;On;On;Off; 21.9; 21.7;0;0;800;0;800;0;614;0;-
2026/04/02;04:39:36;94;-; 52.26; 0.0;-; 19.4; 17.2; 0.0;-;-;1453;-0.2; 0.0; 0.0;-9; 21.4;F;1;29;On;On;Off; 21.9; 21.7;0;0;800;0;800;0;614;0;-
2026/04/02;04:40:36;94;-; 52.24; 0.0;-; 20.1; 17.6; 0.0;-;-;1453;-0.2; 0.0; 0.0;-9; 21.3;F;1;29;On;On;Off; 21.9; 21.7;0;0;800;0;800;0;614;0;-
2026/04/02;04:41:36;94;-; 52.26; 0.0;-; 20.7; 18.3; 0.0;-;-;1453;-0.2; 0.0; 0.0;-9; 21.3;F;1;29;On;On;Off; 21.9; 21.7;0;0;800;0;800;0;614;0;-
2026/04/02;04:42:36;94;-; 52.26; 0.0;-; 21.5; 18.9; 0.0;-;-;1453;-0.2; 0.0; 0.0;-9; 21.4;F;1;29;On;On;Off; 21.9; 21.7;0;0;800;0;800;0;614;0;-
2026/04/02;04:43:36;94;-; 52.26; 0.0;-; 22.3; 19.6; 0.0;-;-;1453;-0.2; 0.0; 0.0;-9; 21.3;F;1;29;On;On;Off; 21.9; 21.7;0;0;800;0;800;0;614;0;-
2026/04/02;04:44:36;94;-; 52.26; 0.0;-; 23.1; 20.6; 0.0;-;-;1453;-0.2; 0.0; 0.0;-9; 21.3;F;1;29;On;On;Off; 21.9; 21.7;0;0;800;0;800;0;614;0;-
2026/04/02;04:45:36;94;-; 52.26; 0.0;-; 23.9; 21.5; 0.0;-;-;1453;-0.2; 0.0; 0.0;-8; 21.3;F;1;29;On;On;Off; 21.9; 21.7;0;0;800;0;800;0;614;0;-
2026/04/02;04:46:36;94;-; 52.26; 0.0;-; 25.1; 22.6; 0.0;-;-;1453;-0.2; 0.0; 0.0;-9; 21.3;F;1;29;On;On;Off; 21.9; 21.7;0;0;800;0;800;0;614;0;-
2026/04/02;04:47:36;94;-; 52.26; 0.0;-; 26.2; 23.8; 0.0;-;-;1453;-0.2; 0.0; 0.0;-8; 21.3;F;1;29;On;On;Off; 21.9; 21.7;0;0;800;0;800;0;614;0;-
2026/04/02;04:48:36;94;-; 52.26; 0.0;-; 27.4; 24.9; 0.0;-;-;1453;-0.2; 0.0; 0.0;-8; 21.3;F;1;29;On;On;Off; 21.9; 21.7;0;0;800;0;800;0;614;0;-
2026/04/02;04:49:36;94;-; 52.26; 0.0;-; 28.7; 26.2; 0.0;-;-;1453;-0.2; 0.0; 0.0;-8; 21.4;F;1;29;On;On;Off; 21.9; 21.7;0;0;800;0;800;0;614;0;-
2026/04/02;04:50:36;94;-; 52.26; 0.0;-; 29.9; 27.4; 0.0;-;-;1453;-0.2; 0.0; 0.0;-8; 21.3;F;1;29;On;On;Off; 21.9; 21.7;0;0;800;0;800;0;614;0;-
2026/04/02;04:51:35;94;-; 52.26; 0.0;-; 31.3; 28.7; 0.0;-;-;1453;-0.2; 0.0; 0.0;-8; 21.3;F;1;29;On;On;Off; 21.9; 21.7;0;0;800;0;800;0;614;0;-
2026/04/02;04:52:35;94;-; 52.26; 0.0;-; 32.6; 30.3; 0.0;-;-;1453;-0.2; 0.0; 0.0;-8; 21.3;F;1;29;On;On;Off; 21.9; 21.7;0;0;800;0;800;0;614;0;-
2026/04/02;04:53:35;94;-; 52.26; 0.0;-; 40.6; 31.7; 0.0;-;-;1453;-0.2; 0.0; 0.0;-9; 21.3;F;1;29;On;On;Off; 21.9; 21.7;0;0;800;0;800;0;614;0;-
2026/04/02;04:54:35;94;-; 52.26; 0.0;-; 35.9; 33.3; 0.0;-;-;1453;-0.2; 0.0; 0.0;-9; 21.3;F;1;29;On;On;Off; 21.9; 21.7;0;0;800;0;800;0;614;0;-
2026/04/02;04:55:35;94;-; 52.26; 0.0;-; 37.2; 34.6; 0.0;-;-;1453;-0.2; 0.0; 0.0;-9; 21.3;F;1;29;On;On;Off; 21.9; 21.7;0;0;800;0;800;0;614;0;-
2026/04/02;04:56:35;94;-; 52.26; 0.0;-; 38.7; 36.3; 0.0;-;-;1453;-0.2; 0.0; 0.0;-9; 21.3;F;1;29;On;On;Off; 21.9; 21.7;0;0;800;0;800;0;614;0;-
2026/04/02;04:57:35;94;-; 52.26; 0.0;-; 40.2; 37.7; 0.0;-;-;1453;-0.2; 0.0; 0.0;-9; 21.3;F;1;29;On;On;Off; 21.9; 21.7;0;0;800;0;800;0;614;0;-
2026/04/02;04:58:35;94;-; 52.26; 0.0;-; 41.6; 39.1; 0.0;-;-;1453;-0.2; 0.0; 0.0;-9; 21.3;F;1;29;On;On;Off; 21.9; 21.7;0;0;800;0;800;0;614;0;-
2026/04/02;04:59:35;94;-; 52.26; 0.0;-; 43.1; 40.5; 0.0;-;-;1453;-0.2; 0.0; 0.0;-9; 21.3;F;1;29;On;On;Off; 21.9; 21.7;0;0;800;0;800;0;614;0;-
2026/04/02;05:00:35;93;-; 52.26; 0.0;-; 44.3; 42.1; 0.0;-;-;1453;-0.2; 0.0; 0.0;-9; 21.3;F;1;29;On;On;Off; 21.9; 21.7;0;0;800;0;800;0;614;0;-
2026/04/02;05:01:35;93;-; 52.26; 0.0;-; 45.7; 43.5; 0.0;-;-;1453;-0.2; 0.0; 0.0;-10; 21.3;F;1;29;On;On;Off; 21.9; 21.7;0;0;800;0;800;0;614;0;-
2026/04/02;05:02:35;93;-; 52.26; 0.0;-; 46.9; 44.9; 0.0;-;-;1453;-0.2; 0.0; 0.0;-9; 21.3;F;1;29;On;On;Off; 21.9; 21.6;0;0;800;0;800;0;614;0;-
2026/04/02;05:03:35;93;-; 52.26; 0.0;-; 48.2; 46.3; 0.0;-;-;1453;-0.2; 0.0; 0.0;-8; 21.3;F;1;29;On;On;Off; 21.9; 21.7;0;0;800;0;800;0;614;0;-
2026/04/02;05:04:35;93;-; 52.26; 0.0;-; 49.3; 47.5; 0.0;-;-;1453;-0.2; 0.0; 0.0;-9; 21.3;F;1;29;On;On;Off; 21.9; 21.7;0;0;800;0;800;0;614;0;-
2026/04/02;05:05:35;93;-; 52.26; 0.0;-; 50.3; 48.7; 0.0;-;-;1453;-0.2; 0.0; 0.0;-9; 21.3;F;1;29;On;On;Off; 21.9; 21.6;0;0;800;0;800;0;614;0;-
2026/04/02;05:06:35;93;-; 52.24; 0.0;-; 51.6; 50.1; 0.0;-;-;1453;-0.2; 0.0; 0.0;-9; 21.3;F;1;29;On;On;Off; 21.9; 21.6;0;0;800;0;800;0;614;0;-
2026/04/02;05:07:34;93;-; 52.26; 0.0;-; 52.5; 51.0; 0.0;-;-;1453;-0.2; 0.0; 0.0;-9; 21.3;F;1;29;On;On;Off; 21.9; 21.6;0;0;800;0;800;0;614;0;-
2026/04/02;05:08:34;93;-; 52.26; 0.0;-; 53.4; 52.1; 0.0;-;-;1453;-0.2; 0.0; 0.0;-9; 21.3;F;1;29;On;On;Off; 21.9; 21.6;0;0;800;0;800;0;614;0;-
2026/04/02;05:09:34;93;-; 52.26; 0.0;-; 54.4; 53.1; 0.0;-;-;1453;-0.2; 0.0; 0.0;-9; 21.3;F;1;29;On;On;Off; 21.9; 21.6;0;0;800;0;800;0;614;0;-
2026/04/02;05:10:34;93;-; 52.26; 0.0;-; 55.3; 54.1; 0.0;-;-;1453;-0.2; 0.0; 0.0;-9; 21.3;F;1;29;On;On;Off; 21.9; 21.6;0;0;800;0;800;0;614;0;-
2026/04/02;05:11:34;93;-; 52.26; 0.0;-; 56.1; 54.9; 0.0;-;-;1453;-0.2; 0.0; 0.0;-9; 21.3;F;1;29;On;On;Off; 21.9; 21.6;0;0;800;0;800;0;614;0;-
2026/04/02;05:12:34;93;-; 52.24; 0.0;-; 56.9; 55.7; 0.0;-;-;1453;-0.2; 0.0; 0.0;-9; 21.3;F;1;29;On;On;Off; 21.9; 21.6;0;0;800;0;800;0;614;0;-
2026/04/02;05:13:34;93;-; 52.24; 0.0;-; 57.6; 56.6; 0.0;-;-;1453;-0.2; 0.0; 0.0;-9; 21.3;F;1;29;On;On;Off; 21.9; 21.6;0;0;800;0;800;0;614;0;-
2026/04/02;05:14:34;93;-; 52.24; 0.0;-; 58.3; 57.4; 0.0;-;-;1453;-0.2; 0.0; 0.0;-9; 21.3;F;1;29;On;On;Off; 21.9; 21.6;0;0;800;0;800;0;614;0;-
2026/04/02;05:15:34;93;-; 52.24; 0.0;-; 58.9; 58.0; 0.0;-;-;1453;-0.2; 0.0; 0.0;-9; 21.3;F;1;29;On;On;Off; 21.9; 21.6;0;0;800;0;800;0;614;0;-
2026/04/02;05:16:34;93;-; 52.24; 0.0;-; 59.7; 58.8; 0.0;-;-;1453;-0.2; 0.0; 0.0;-9; 21.3;F;1;29;On;On;Off; 21.9; 21.6;0;0;800;0;800;0;614;0;-
2026/04/02;05:17:34;93;-; 52.26; 0.0;-; 60.4; 59.6; 0.0;-;-;1453;-0.2; 0.0; 0.0;-9; 21.3;F;1;29;On;On;Off; 21.9; 21.6;0;0;800;0;800;0;614;0;-
2026/04/02;05:18:34;93;-; 52.24; 0.0;-; 60.9; 60.1; 0.0;-;-;1453;-0.2; 0.0; 0.0;-9; 21.3;F;1;29;On;On;Off; 21.9; 21.6;0;0;800;0;800;0;614;0;-
2026/04/02;05:19:34;93;-; 52.24; 0.0;-; 61.2; 60.7; 0.0;-;-;1453;-0.2; 0.0; 0.0;-9; 21.3;F;1;29;On;On;Off; 21.9; 21.6;0;0;800;0;800;0;614;0;-
2026/04/02;05:20:34;93;-; 52.26; 0.0;-; 61.8; 61.1; 0.0;-;-;1453;-0.2; 0.0; 0.0;-9; 21.3;F;1;29;On;On;Off; 21.9; 21.6;0;0;800;0;800;0;614;0;-
2026/04/02;05:21:34;93;-; 52.24; 0.0;-; 62.4; 61.6; 0.0;-;-;1453;-0.2; 0.0; 0.0;-9; 21.3;F;1;29;On;On;Off; 21.9; 21.6;0;0;800;0;800;0;614;0;-
2026/04/02;05:22:34;93;-; 52.26; 0.0;-; 62.8; 62.1; 0.0;-;-;1453;-0.2; 0.0; 0.0;-10; 21.3;F;1;29;On;On;Off; 21.9; 21.6;0;0;800;0;800;0;614;0;-
2026/04/02;05:23:33;93;-; 52.24; 0.0;-; 63.2; 62.5; 0.0;-;-;1453;-0.2; 0.0; 0.0;-9; 21.3;F;1;29;On;On;Off; 21.9; 21.6;0;0;800;0;800;0;614;0;-
2026/04/02;05:24:33;93;-; 52.24; 0.0;-; 63.6; 63.1; 0.0;-;-;1453;-0.2; 0.0; 0.0;-9; 21.3;F;1;29;On;On;Off; 21.9; 21.6;0;0;800;0;800;0;614;0;-
2026/04/02;05:25:33;93;-; 52.26; 0.0;-; 64.0; 63.5; 0.0;-;-;1453;-0.2; 0.0; 0.0;-9; 21.3;F;1;29;On;On;Off; 21.9; 21.6;0;0;800;0;800;0;614;0;-
2026/04/02;05:26:33;93;-; 52.24; 0.0;-; 64.4; 63.8; 0.0;-;-;1453;-0.2; 0.0; 0.0;-9; 21.3;F;1;29;On;On;Off; 21.9; 21.6;0;0;800;0;800;0;614;0;-
2026/04/02;05:27:33;93;-; 52.26; 0.0;-; 64.7; 64.2; 0.0;-;-;1453;-0.2; 0.0; 0.0;-9; 21.3;F;1;29;On;On;Off; 21.9; 21.6;0;0;800;0;800;0;614;0;-
2026/04/02;05:28:33;93;-; 52.24; 0.0;-; 65.1; 64.6; 0.0;-;-;1453;-0.2; 0.0; 0.0;-9; 21.3;F;1;29;On;On;Off; 21.9; 21.6;0;0;800;0;800;0;614;0;-
2026/04/02;05:29:33;93;-; 52.24; 0.0;-; 65.5; 64.9; 0.0;-;-;1453;-0.2; 0.0; 0.0;-9; 21.3;F;1;29;On;On;Off; 21.9; 21.6;0;0;800;0;800;0;614;0;-
2026/04/02;05:30:33;93;-; 52.22; 0.0;-; 65.7; 65.1; 0.0;-;-;1453;-0.2; 0.0; 0.0;-8; 21.3;F;1;29;On;On;Off; 21.9; 21.6;0;0;800;0;800;0;614;0;-
2026/04/02;05:31:33;93;-; 52.24; 0.0;-; 66.1; 65.5; 0.0;-;-;1453;-0.2; 0.0; 0.0;-9; 21.3;F;1;29;On;On;Off; 21.9; 21.6;0;0;800;0;800;0;614;0;-
2026/04/02;05:32:33;93;-; 52.24; 0.0;-; 66.3; 65.9; 0.0;-;-;1453;-0.2; 0.0; 0.0;-8; 21.3;F;1;29;On;On;Off; 21.9; 21.6;0;0;800;0;800;0;614;0;-
2026/04/02;05:33:33;93;-; 52.24; 0.0;-; 66.6; 66.1; 0.0;-;-;1453;-0.2; 0.0; 0.0;-8; 21.3;F;1;29;On;On;Off; 21.9; 21.6;0;0;800;0;800;0;614;0;-
2026/04/02;05:34:33;93;-; 52.24; 0.0;-; 67.0; 66.5; 0.0;-;-;1453;-0.2; 0.0; 0.0;-8; 21.3;F;1;29;On;On;Off; 21.9; 21.6;0;0;800;0;800;0;614;0;-
2026/04/02;05:35:33;93;-; 52.24; 0.0;-; 67.3; 66.8; 0.0;-;-;1453;-0.2; 0.0; 0.0;-9; 21.3;F;1;29;On;On;Off; 21.9; 21.6;0;0;800;0;800;0;614;0;-
2026/04/02;05:36:33;93;-; 52.24; 0.0;-; 67.6; 67.1; 0.0;-;-;1453;-0.2; 0.0; 0.0;-8; 21.3;F;1;29;On;On;Off; 21.9; 21.6;0;0;800;0;800;0;614;0;-
2026/04/02;05:37:33;93;-; 52.24; 0.0;-; 18.6; 67.3; 0.0;-;-;1453;-0.2; 0.0; 0.0;-8; 21.3;F;1;29;On;On;Off; 21.9; 21.6;0;0;800;0;800;0;614;0;-
2026/04/02;05:38:33;93;-; 52.30; 0.0;-; 68.0; 67.5; 0.0;-;-;1453;-0.2; 0.0; 0.0;-8; 21.3;F;1;29;On;On;Off; 21.9; 21.6;0;0;800;0;800;0;614;1;-
2026/04/02;05:39:32;93;-; 52.30; 0.0;-; 68.1; 67.7; 0.0;-;-;1454;-0.2; 0.0; 0.0;-9; 21.3;F;1;29;On;On;Off; 21.9; 21.6;0;0;800;0;800;0;614;1;-
2026/04/02;05:40:32;93;-; 52.28; 0.0;-; 68.4; 68.0; 0.0;-;-;1454;-0.2; 0.0; 0.0;-8; 21.3;F;1;29;On;On;Off; 21.9; 21.6;0;0;800;0;800;0;614;1;-
2026/04/02;05:41:32;93;-; 52.28; 0.0;-; 68.7; 68.3; 0.0;-;-;1454;-0.2; 0.0; 0.0;-8; 21.3;F;1;29;On;On;Off; 21.9; 21.6;0;0;800;0;800;0;614;1;-
2026/04/02;05:42:32;93;-; 52.28; 0.0;-; 68.9; 68.4; 0.0;-;-;1454;-0.2; 0.0; 0.0;-8; 21.3;F;1;29;On;On;Off; 21.9; 21.6;0;0;800;0;800;0;614;1;-
2026/04/02;05:43:32;93;-; 52.28; 0.0;-; 69.0; 68.7; 0.0;-;-;1454;-0.2; 0.0; 0.0;-8; 21.3;F;1;29;On;On;Off; 21.9; 21.6;0;0;800;0;800;0;614;1;-
2026/04/02;05:44:32;93;-; 52.26; 0.0;-; 69.2; 68.9; 0.0;-;-;1454;-0.2; 0.0; 0.0;-8; 21.3;F;1;29;On;On;Off; 21.9; 21.6;0;0;800;0;800;0;614;1;-
2026/04/02;05:45:32;93;-; 52.26; 0.0;-; 69.3; 69.1; 0.0;-;-;1454;-0.2; 0.0; 0.0;-8; 21.3;F;1;29;On;On;Off; 21.9; 21.6;0;0;800;0;800;0;614;1;-
2026/04/02;05:46:32;93;-; 52.22; 0.1;-; 69.6; 67.9; 7.0;-; 7.0;1454;-0.1; 0.1; 0.1;-7; 21.3;F;1;29;On;On;Off; 22.1; 23.4;0;0;800;0;800;0;614;1;-
2026/04/02;05:47:32;93;-; 52.16; 0.2;-; 67.9; 69.4; 9.0; 8.4; 0.7;1454;-0.1; 0.3; 0.3;-4; 21.3;F;1;29;On;On;Off; 24.2; 23.9;0;0;800;0;800;0;614;1;-
2026/04/02;05:48:32;93;-; 52.18; 0.0;-; 69.8; 69.6; 1.4; 0.7; 0.7;1454;-0.1; 0.2; 0.2;-5; 21.3;F;1;29;On;On;Off; 24.2; 22.4;0;0;800;0;800;0;614;1;-
2026/04/02;05:49:32;93;-; 52.16; 0.2;-; 70.0; 67.8; 8.4; 0.7; 7.7;1454;-0.2; 0.1; 0.1;-7; 21.3;F;1;29;On;On;Off; 22.7; 23.5;0;0;800;0;800;0;614;1;-
2026/04/02;05:50:32;93;-; 52.12; 0.3;-; 68.0; 67.8; 17.4; 9.1; 8.3;1454;-0.0; 0.2; 0.2;-2; 21.3;F;1;29;On;On;Off; 24.3; 24.2;0;0;800;0;800;0;614;1;-
2026/04/02;05:51:32;93;-; 52.12; 0.2;-; 68.0; 70.1; 10.4; 9.8; 0.7;1454;-0.0; 0.2; 0.2;-1; 21.3;F;1;29;On;On;Off; 24.9; 22.9;0;0;800;0;800;0;614;1;-
2026/04/02;05:52:32;93;-; 52.14; 0.0;-; 70.4; 70.3; 0.7; 0.0; 0.7;1454;-0.1; 0.1; 0.1;-7; 21.3;F;1;29;On;On;Off; 23.2; 22.7;0;0;800;0;800;0;614;1;-
2026/04/02;05:53:32;93;-; 52.12; 0.4;-; 67.9; 67.8; 19.5; 9.8; 9.8;1454;-0.1; 0.2; 0.2;-3; 21.3;F;1;29;On;On;Off; 23.3; 24.4;0;0;800;0;800;0;614;1;-
2026/04/02;05:54:31;93;-; 52.12; 0.2;-; 67.9; 70.5; 10.5; 10.5; 0.0;1454; 0.1; 0.3; 0.3;3; 21.3;F;1;29;On;On;Off; 25.2; 23.8;0;0;800;0;800;0;614;1;-
2026/04/02;05:55:31;93;-; 52.12; 0.0;-; 70.8; 70.6; 0.7; 0.0; 0.7;1454;-0.1; 0.2; 0.2;-4; 21.3;F;1;29;On;On;Off; 24.0; 23.1;0;0;800;0;800;0;614;1;-
2026/04/02;05:56:31;93;-; 52.12; 0.2;-; 71.0; 68.0; 10.5; 0.0; 10.5;1454;-0.1; 0.1; 0.1;-5; 21.3;F;1;29;On;On;Off; 23.4; 24.6;0;0;800;0;800;0;614;1;-
2026/04/02;05:57:31;93;-; 52.10; 0.3;-; 68.0; 69.8; 18.2; 11.2; 7.0;1454; 0.1; 0.3; 0.3;5; 21.3;F;1;29;On;On;Off; 25.3; 25.0;0;0;800;0;800;0;614;1;-
2026/04/02;05:58:31;93;-; 52.12; 0.0;-; 71.2; 71.1; 0.7; 0.7; 0.0;1454; 0.0; 0.3; 0.3;2; 21.3;F;1;29;On;On;Off; 25.6; 23.5;0;0;800;0;800;0;614;1;-
2026/04/02;05:59:31;93;-; 52.14; 0.2;-; 71.3; 67.8; 11.8; 0.0; 11.8;1454;-0.1; 0.1; 0.1;-7; 21.3;F;1;29;On;On;Off; 23.7; 24.1;0;0;800;0;800;0;614;1;-
2026/04/02;06:00:31;93;-; 52.12; 0.5;-; 67.9; 67.9; 24.4; 12.6; 11.8;1454; 0.1; 0.3; 0.3;4; 21.3;F;1;29;On;On;Off; 24.9; 25.1;0;0;800;0;800;0;614;1;-
2026/04/02;06:01:31;93;-; 52.14; 0.3;-; 68.2; 71.4; 13.9; 13.3; 0.7;1454; 0.2; 0.4; 0.4;8; 21.3;F;1;29;On;On;Off; 25.8; 23.9;0;0;800;0;800;0;614;1;-
2026/04/02;06:02:31;93;-; 52.14; 0.0;-; 71.6; 71.4; 1.4; 0.7; 0.7;1454;-0.1; 0.1; 0.1;-3; 21.3;F;1;29;On;On;Off; 24.2; 23.6;0;0;800;0;800;0;614;1;-
2026/04/02;06:03:31;93;-; 52.14; 0.3;-; 72.0; 68.0; 16.8; 4.2; 12.6;1454; 0.0; 0.2; 0.2;0; 21.3;F;1;29;On;On;Off; 24.0; 25.2;0;0;800;0;800;0;614;1;-
2026/04/02;06:04:31;93;-; 52.16; 0.3;-; 68.1; 71.6; 14.0; 14.0; 0.0;1454; 0.3; 0.4; 0.4;15; 21.3;F;1;29;On;On;Off; 26.0; 24.9;0;0;800;0;800;0;614;1;-
2026/04/02;06:05:31;93;-; 52.18; 0.0;-; 72.0; 71.7; 1.4; 0.7; 0.7;1454; 0.1; 0.2; 0.2;2; 21.3;F;1;29;On;On;Off; 25.1; 23.9;0;0;800;0;800;0;614;1;-
2026/04/02;06:06:31;93;-; 52.18; 0.3;-; 72.1; 67.9; 14.7; 0.7; 14.0;1454;-0.1; 0.1; 0.1;-3; 21.3;F;1;29;On;On;Off; 24.1; 25.1;0;0;800;0;800;0;614;1;-
2026/04/02;06:07:31;93;-; 52.20; 0.5;-; 69.4; 67.9; 26.6; 12.6; 14.0;1454; 0.3; 0.4; 0.4;13; 21.3;F;1;29;On;On;Off; 25.9; 25.6;0;0;800;0;800;0;614;1;-
2026/04/02;06:08:31;93;-; 52.20; 0.3;-; 68.1; 71.9; 15.4; 15.4; 0.0;1454; 0.2; 0.4; 0.4;11; 21.3;F;1;29;On;On;Off; 26.3; 24.2;0;0;800;0;800;0;614;1;-
2026/04/02;06:09:31;93;-; 52.20; 0.3;-; 72.3; 68.3; 14.0; 0.0; 14.0;1454;-0.1; 0.1; 0.1;-5; 21.3;F;1;29;On;On;Off; 24.4; 24.3;0;0;800;0;800;0;614;1;-
2026/04/02;06:10:30;93;-; 52.24; 0.6;-; 68.0; 67.9; 31.5; 16.1; 15.4;1454; 0.2; 0.3; 0.3;10; 21.4;F;1;29;On;On;Off; 25.2; 25.7;0;0;800;0;800;0;614;1;-
2026/04/02;06:11:30;93;-; 52.28; 0.3;-; 68.1; 72.2; 16.1; 16.1; 0.0;1454; 0.4; 0.5; 0.5;21; 21.3;F;1;29;On;On;Off; 26.4; 24.6;0;0;800;0;800;0;614;1;-
2026/04/02;06:12:30;93;-; 52.24; 0.0;-; 72.6; 72.3; 0.7; 0.0; 0.7;1454; 0.0; 0.2; 0.2;1; 21.3;F;1;29;On;On;Off; 24.9; 24.2;0;0;800;0;800;0;614;1;-
2026/04/02;06:13:30;93;-; 52.28; 0.3;-; 72.7; 69.9; 13.3; 0.7; 12.6;1454; 0.1; 0.2; 0.2;3; 21.3;F;1;29;On;On;Off; 24.5; 25.7;0;0;800;0;800;0;614;1;-
2026/04/02;06:14:30;93;-; 52.30; 0.3;-; 68.2; 72.5; 17.5; 16.8; 0.7;1454; 0.5; 0.6; 0.6;25; 21.4;F;1;29;On;On;Off; 26.4; 25.9;0;0;800;0;800;0;614;1;-
2026/04/02;06:15:30;93;-; 52.31; 0.3;-; 68.3; 72.5; 18.2; 17.6; 0.7;1454; 0.2; 0.3; 0.3;12; 21.3;F;1;29;On;On;Off; 26.6; 24.4;0;0;800;0;800;0;614;1;-
2026/04/02;06:16:30;93;-; 52.37; 0.6;-; 68.3; 70.1; 32.3; 18.2; 14.1;1454; 0.4; 0.4; 0.4;19; 21.3;F;1;29;On;On;Off; 26.6; 25.6;0;0;800;0;800;0;614;1;-
2026/04/02;06:17:30;93;-; 52.39; 0.7;-; 68.5; 68.1; 35.9; 18.3; 17.6;1454; 0.7; 0.7; 0.7;34; 21.4;F;1;29;On;On;Off; 26.9; 26.4;0;0;800;0;800;0;614;1;-
2026/04/02;06:18:30;93;-; 52.45; 0.7;-; 68.4; 68.2; 35.9; 18.3; 17.6;1454; 0.7; 0.7; 0.7;35; 21.3;F;1;29;On;On;Off; 27.2; 26.7;0;0;800;0;800;0;614;1;-
2026/04/02;06:19:30;93;-; 52.51; 0.7;-; 68.5; 68.5; 36.6; 18.3; 18.3;1454; 0.7; 0.7; 0.7;37; 21.4;F;1;29;On;On;Off; 27.4; 26.8;0;0;800;0;800;0;614;1;-
2026/04/02;06:20:30;93;-; 52.57; 0.7;-; 68.6; 68.4; 37.3; 19.0; 18.3;1454; 0.7; 0.7; 0.7;38; 21.3;F;1;29;On;On;Off; 27.5; 27.0;0;0;800;0;800;0;614;1;-
2026/04/02;06:21:30;93;-; 52.61; 0.7;-; 68.6; 68.4; 37.4; 19.0; 18.3;1454; 0.8; 0.7; 0.7;39; 21.4;F;1;29;On;On;Off; 27.6; 27.1;0;0;800;0;800;0;614;1;-
2026/04/02;06:22:30;93;-; 52.63; 0.7;-; 68.8; 70.4; 34.5; 19.0; 15.5;1454; 0.8; 0.7; 0.7;41; 21.4;F;1;29;On;On;Off; 27.8; 27.3;0;0;800;0;800;0;614;1;-
2026/04/02;06:23:30;93;-; 52.69; 0.7;-; 68.8; 68.6; 38.9; 19.8; 19.1;1454; 0.8; 0.7; 0.7;41; 21.4;F;1;29;On;On;Off; 27.9; 27.4;0;0;800;0;800;0;614;1;-
2026/04/02;06:24:30;93;-; 52.75; 0.7;-; 68.8; 68.7; 38.9; 19.8; 19.1;1454; 0.8; 0.7; 0.7;42; 21.4;F;1;29;On;On;Off; 28.0; 27.5;0;0;800;0;800;0;614;1;-
2026/04/02;06:25:30;93;-; 52.79; 0.8;-; 69.0; 68.7; 39.7; 19.8; 19.8;1454; 0.8; 0.8; 0.8;43; 21.4;F;1;29;On;On;Off; 28.1; 27.6;0;0;800;0;800;0;614;1;-
2026/04/02;06:26:29;93;-; 52.85; 0.8;-; 69.0; 68.8; 40.4; 20.5; 19.8;1454; 0.8; 0.8; 0.8;43; 21.3;F;1;29;On;On;Off; 28.2; 27.7;0;0;800;0;800;0;614;1;-
2026/04/02;06:27:29;93;-; 52.89; 0.7;-; 69.1; 70.7; 36.9; 21.3; 15.6;1454; 0.9; 0.8; 0.8;45; 21.4;F;1;29;On;On;Off; 28.3; 27.8;0;0;800;0;800;0;614;1;-
2026/04/02;06:28:29;93;-; 52.95; 0.8;-; 69.2; 69.0; 41.9; 21.3; 20.6;1454; 0.9; 0.8; 0.8;46; 21.3;F;1;29;On;On;Off; 28.4; 27.9;0;0;800;0;800;0;614;1;-
2026/04/02;06:29:29;93;-; 52.99; 0.7;-; 70.4; 69.0; 37.6; 17.0; 20.6;1454; 0.9; 0.8; 0.8;47; 21.4;F;1;29;On;On;Off; 28.5; 28.0;0;0;800;0;800;0;614;1;-
2026/04/02;06:30:29;93;-; 53.04; 0.8;-; 69.2; 69.1; 42.7; 22.0; 20.6;1454; 0.9; 0.8; 0.8;48; 21.4;F;1;29;On;On;Off; 28.6; 28.1;0;0;800;0;800;0;614;1;-
2026/04/02;06:31:29;93;-; 53.10; 0.8;-; 69.4; 69.1; 42.7; 21.4; 21.4;1454; 1.0; 0.8; 0.8;49; 21.4;F;1;29;On;On;Off; 28.7; 28.2;0;0;800;0;800;0;614;1;-
2026/04/02;06:32:29;93;-; 53.14; 0.8;-; 69.3; 69.3; 43.5; 22.1; 21.4;1454; 1.0; 0.8; 0.8;50; 21.4;F;1;29;On;On;Off; 28.8; 28.2;0;0;800;0;800;0;614;1;-
2026/04/02;06:33:29;93;-; 53.22; 0.8;-; 69.4; 69.3; 44.2; 22.1; 22.1;1454; 1.0; 0.8; 0.8;51; 21.4;F;1;29;On;On;Off; 28.8; 28.3;0;0;800;0;800;0;614;1;-
2026/04/02;06:34:29;93;-; 53.26; 0.8;-; 69.5; 69.4; 45.0; 22.8; 22.1;1454; 1.0; 0.8; 0.8;52; 21.3;F;1;29;On;On;Off; 28.9; 28.4;0;0;800;0;800;0;614;1;-
2026/04/02;06:35:29;93;-; 53.34; 0.8;-; 69.7; 69.5; 44.3; 22.2; 22.2;1454; 1.0; 0.8; 0.8;53; 21.3;F;1;29;On;On;Off; 29.0; 28.5;0;0;800;0;800;0;614;1;-
2026/04/02;06:36:29;93;-; 53.40; 0.8;-; 70.9; 69.6; 41.5; 19.3; 22.2;1454; 1.0; 0.8; 0.8;53; 21.3;F;1;29;On;On;Off; 29.1; 28.5;0;0;800;0;800;0;614;1;-
2026/04/02;06:37:29;93;-; 53.46; 0.8;-; 69.8; 69.6; 45.1; 22.9; 22.2;1454; 1.0; 0.8; 0.8;53; 21.3;F;1;29;On;On;Off; 29.1; 28.6;0;0;800;0;800;1;615;1;-
2026/04/02;06:38:29;93;-; 53.54; 0.9;-; 69.8; 69.7; 46.6; 23.7; 22.9;1454; 1.1; 0.9; 0.9;55; 21.4;F;1;29;On;On;Off; 29.2; 28.7;0;0;800;0;800;1;615;1;-
2026/04/02;06:39:29;93;-; 53.60; 0.8;-; 70.0; 69.8; 45.2; 23.0; 22.3;1455; 1.1; 0.9; 0.9;55; 21.4;F;1;29;On;On;Off; 29.3; 28.8;0;0;800;0;800;1;615;1;-
2026/04/02;06:40:29;93;-; 53.66; 0.9;-; 70.1; 70.0; 46.1; 23.8; 22.3;1455; 1.1; 0.9; 0.9;56; 21.4;F;1;29;On;On;Off; 29.3; 28.8;0;0;800;0;800;1;615;1;-
2026/04/02;06:41:29;93;-; 53.74; 0.9;-; 70.0; 70.0; 46.8; 23.8; 23.0;1455; 1.1; 0.9; 0.9;56; 21.4;F;1;29;On;On;Off; 29.4; 28.9;0;0;800;0;800;1;615;1;-
2026/04/02;06:42:28;93;-; 53.78; 0.9;-; 70.2; 70.1; 46.9; 23.8; 23.0;1455; 1.1; 0.9; 0.9;57; 21.4;F;1;29;On;On;Off; 29.5; 28.9;0;0;800;0;800;1;615;1;-
2026/04/02;06:43:28;93;-; 53.85; 0.9;-; 70.3; 70.1; 47.7; 23.8; 23.8;1455; 1.1; 0.9; 0.9;58; 21.4;F;1;29;On;On;Off; 29.5; 29.0;0;0;800;0;800;1;615;1;-
2026/04/02;06:44:28;93;-; 53.91; 0.9;-; 70.4; 70.2; 47.0; 23.9; 23.1;1455; 1.1; 0.9; 0.9;59; 21.4;F;1;29;On;On;Off; 29.6; 29.1;0;0;800;0;800;1;615;1;-
2026/04/02;06:45:28;93;-; 53.97; 0.9;-; 70.5; 70.2; 48.5; 24.6; 23.9;1455; 1.1; 0.9; 0.9;59; 21.4;F;1;29;On;On;Off; 29.6; 29.1;0;0;800;0;800;1;615;1;-
2026/04/02;06:46:28;93;-; 54.05; 0.9;-; 70.5; 70.4; 48.6; 24.6; 23.9;1455; 1.1; 0.9; 0.9;59; 21.4;F;1;29;On;On;Off; 29.7; 29.2;0;1;801;1;801;1;615;1;-
2026/04/02;06:47:28;93;-; 54.11; 0.9;-; 70.6; 70.4; 48.6; 24.7; 24.0;1455; 1.1; 0.9; 0.9;58; 21.4;F;1;29;On;On;Off; 29.7; 29.2;0;1;801;1;801;1;615;1;-
2026/04/02;06:48:28;93;-; 54.19; 0.9;-; 70.7; 70.6; 48.7; 24.7; 24.0;1455; 1.1; 0.9; 0.9;59; 21.4;F;1;29;On;On;Off; 29.8; 29.3;0;1;801;1;801;1;615;1;-
2026/04/02;06:49:28;93;-; 54.23; 0.8;-; 72.0; 70.6; 44.4; 20.4; 24.0;1455; 1.1; 0.9; 0.9;60; 21.4;F;1;29;On;On;Off; 29.8; 29.3;0;1;801;1;801;1;615;1;-
2026/04/02;06:50:28;93;-; 54.29; 0.9;-; 70.9; 70.7; 48.8; 24.8; 24.0;1455; 1.2; 0.9; 0.9;61; 21.4;F;1;29;On;On;Off; 29.9; 29.4;0;1;801;1;801;1;615;1;-
2026/04/02;06:51:28;94;-; 54.37; 0.9;-; 71.1; 70.8; 48.8; 24.8; 24.1;1455; 1.2; 0.9; 0.9;61; 21.4;F;1;29;On;On;Off; 29.9; 29.4;0;1;801;1;801;1;615;1;-
2026/04/02;06:52:28;94;-; 54.45; 0.9;-; 70.9; 70.8; 49.6; 24.8; 24.8;1455; 1.2; 0.9; 0.9;63; 21.4;F;1;29;On;On;Off; 30.0; 29.5;0;1;801;1;801;1;615;1;-
2026/04/02;06:53:28;94;-; 54.51; 0.9;-; 71.1; 71.0; 49.7; 25.6; 24.1;1455; 1.2; 0.9; 0.9;62; 21.4;F;1;29;On;On;Off; 30.0; 29.5;0;1;801;1;801;1;615;1;-
2026/04/02;06:54:28;94;-; 54.56; 0.9;-; 71.1; 71.0; 50.5; 25.6; 24.9;1455; 1.2; 0.9; 0.9;62; 21.4;F;1;29;On;On;Off; 30.1; 29.6;0;1;801;1;801;1;615;1;-
2026/04/02;06:55:28;94;-; 54.64; 0.9;-; 71.5; 71.2; 49.1; 24.9; 24.2;1455; 1.2; 0.9; 0.9;62; 21.4;F;1;29;On;On;Off; 30.1; 29.6;0;1;801;1;801;1;615;1;-
2026/04/02;06:56:28;94;-; 54.68; 0.9;-; 71.4; 71.3; 50.6; 25.7; 24.9;1455; 1.2; 0.9; 0.9;62; 21.4;F;1;29;On;On;Off; 30.1; 29.6;0;1;801;1;801;1;615;1;-
2026/04/02;06:57:27;94;-; 54.76; 0.8;-; 72.7; 71.3; 44.0; 19.8; 24.2;1455; 1.2; 0.9; 0.9;63; 21.4;F;1;29;On;On;Off; 30.2; 29.7;0;1;801;1;801;1;615;1;-
2026/04/02;06:58:27;94;-; 54.76; 0.8;-; 72.4; 72.2; 43.3; 22.0; 21.3;1455; 1.1; 0.9; 0.9;61; 21.4;F;1;29;On;On;Off; 30.2; 29.7;0;1;801;1;801;1;615;1;-
2026/04/02;06:59:27;94;-; 54.88; 0.9;-; 71.7; 71.4; 50.1; 25.8; 24.3;1455; 1.2; 0.9; 0.9;63; 21.5;F;1;29;On;On;Off; 30.3; 29.8;0;1;801;1;801;1;615;1;-
2026/04/02;07:00:27;94;-; 54.92; 0.9;-; 71.7; 71.6; 51.6; 26.5; 25.0;1455; 1.2; 0.9; 0.9;63; 21.5;F;1;29;On;On;Off; 30.3; 29.8;0;1;801;1;801;1;615;1;-
2026/04/02;07:01:27;94;-; 55.02; 0.9;-; 71.8; 71.6; 51.6; 26.6; 25.1;1455; 1.2; 0.9; 0.9;63; 21.5;F;1;29;On;On;Off; 30.3; 29.8;0;1;801;1;801;1;615;1;-
2026/04/02;07:02:27;94;-; 55.10; 1.0;-; 71.9; 71.7; 52.5; 26.6; 25.9;1455; 1.2; 0.9; 0.9;65; 21.5;F;1;29;On;On;Off; 30.4; 29.9;0;1;801;1;801;1;615;1;-
2026/04/02;07:03:27;94;-; 55.20; 1.0;-; 72.0; 71.8; 53.3; 27.4; 25.9;1455; 1.2; 0.9; 0.9;65; 21.5;F;1;29;On;On;Off; 30.4; 29.9;0;1;801;1;801;1;615;1;-
2026/04/02;07:04:27;94;-; 55.26; 0.8;-; 73.4; 71.9; 45.9; 20.0; 26.0;1455; 1.2; 0.9; 0.9;65; 21.5;F;1;29;On;On;Off; 30.4; 29.9;0;1;801;1;801;1;615;1;-
2026/04/02;07:05:27;94;-; 55.35; 0.9;-; 72.2; 72.0; 51.9; 26.7; 25.2;1455; 1.2; 0.9; 0.9;64; 21.5;F;1;29;On;On;Off; 30.5; 30.0;0;1;801;1;801;1;615;1;-
2026/04/02;07:06:27;94;-; 55.37; 0.8;-; 73.3; 72.2; 46.0; 20.8; 25.2;1455; 1.2; 0.9; 0.9;65; 21.5;F;1;29;On;On;Off; 30.5; 30.0;0;1;801;1;801;1;615;1;-
2026/04/02;07:07:27;94;-; 55.53; 0.9;-; 72.4; 72.3; 52.1; 26.8; 25.3;1455; 1.2; 0.9; 0.9;64; 21.5;F;1;29;On;On;Off; 30.5; 30.0;0;1;801;1;801;1;615;1;-
2026/04/02;07:08:27;95;-; 55.63; 0.9;-; 72.7; 72.4; 52.2; 26.9; 25.4;1455; 1.2; 0.9; 0.9;64; 21.5;F;1;29;On;On;Off; 30.6; 30.1;0;1;801;1;801;1;615;1;-
2026/04/02;07:09:27;95;-; 55.75; 0.9;-; 72.8; 72.6; 52.3; 26.9; 25.4;1455; 1.2; 0.9; 0.9;66; 21.5;F;1;29;On;On;Off; 30.6; 30.1;0;1;801;1;801;1;615;1;-
2026/04/02;07:10:27;95;-; 55.83; 0.9;-; 72.8; 72.6; 52.4; 26.9; 25.4;1455; 1.1; 0.9; 0.9;62; 21.5;F;1;29;On;On;Off; 30.6; 30.1;0;1;801;1;801;1;615;1;-
2026/04/02;07:11:27;95;-; 55.97; 1.0;-; 73.1; 72.9; 53.2; 27.7; 25.5;1455; 1.2; 0.9; 0.9;63; 21.5;F;1;29;On;On;Off; 30.7; 30.2;0;1;801;1;801;1;615;1;-
2026/04/02;07:12:26;95;-; 56.14; 1.0;-; 73.2; 73.0; 53.4; 27.8; 25.6;1455; 1.2; 0.9; 0.9;66; 21.5;F;1;29;On;On;Off; 30.7; 30.2;0;1;801;1;801;1;615;1;-
2026/04/02;07:13:26;95;-; 56.38; 1.0;-; 73.5; 73.4; 55.2; 28.7; 26.5;1455; 1.2; 0.9; 0.9;66; 21.5;F;1;29;On;On;Off; 30.7; 30.2;0;1;801;1;801;1;615;1;-
2026/04/02;07:14:26;95;-; 56.56; 0.8;-; 75.1; 74.4; 43.2; 19.7; 23.5;1455; 1.2; 1.0; 1.0;69; 21.5;F;1;29;On;On;Off; 30.8; 30.3;0;1;801;1;801;1;615;1;-
2026/04/02;07:15:26;95;-; 56.56; 0.9;-; 75.2; 75.2; 51.6; 23.5; 28.0;1455; 1.2; 0.9; 0.9;65; 21.5;F;1;29;On;On;Off; 30.8; 30.3;0;1;801;1;801;1;615;1;-
2026/04/02;07:16:26;95;-; 56.56; 1.0;-; 74.4; 77.0; 53.9; 53.9; 0.0;1455; 1.1; 0.9; 0.9;62; 21.5;F;1;29;On;On;Off; 30.9; 30.4;0;1;801;1;801;1;615;1;-
2026/04/02;07:17:26;95;-; 56.56; 1.2;-; 78.5; 73.8; 67.5; 0.0; 67.5;1455; 1.1; 0.9; 0.9;59; 21.5;F;1;29;On;On;Off; 30.9; 30.4;0;1;801;1;801;1;615;1;-
2026/04/02;07:18:26;95;-; 56.56; 0.8;-; 77.2; 75.8; 47.8; 23.5; 24.2;1455; 1.0; 0.9; 0.9;58; 21.5;F;1;29;On;On;Off; 31.0; 30.5;0;1;801;1;801;1;615;1;-
2026/04/02;07:19:26;95;-; 56.56; 1.1;-; 78.1; 74.4; 62.2; 0.0; 62.2;1455; 1.0; 0.8; 0.8;57; 21.5;F;1;29;On;On;Off; 31.0; 30.5;0;1;801;1;801;1;615;1;-
2026/04/02;07:20:26;96;-; 56.56; 0.9;-; 77.6; 75.3; 50.1; 0.0; 50.1;1455; 1.0; 0.8; 0.8;55; 21.5;F;1;29;On;On;Off; 31.1; 30.5;0;1;801;1;801;1;615;1;-
2026/04/02;07:21:26;96;-; 56.56; 0.8;-; 74.8; 76.8; 47.8; 47.0; 0.7;1455; 1.0; 0.8; 0.8;54; 21.5;F;1;29;On;On;Off; 31.1; 30.5;0;1;801;1;801;1;615;1;-
2026/04/02;07:22:26;96;-; 56.56; 0.8;-; 76.2; 75.8; 44.0; 13.7; 30.4;1455; 1.0; 0.8; 0.8;53; 21.5;F;1;29;On;On;Off; 31.1; 30.6;0;1;801;1;801;1;615;1;-
2026/04/02;07:23:26;96;-; 56.56; 0.8;-; 75.6; 76.2; 44.8; 34.9; 9.9;1455; 0.9; 0.8; 0.8;52; 21.5;F;1;29;On;On;Off; 31.1; 30.6;0;1;801;1;801;1;615;1;-
2026/04/02;07:24:26;96;-; 56.58; 0.7;-; 76.0; 76.5; 39.4; 22.8; 16.7;1455; 0.9; 0.8; 0.8;51; 21.5;F;1;29;On;On;Off; 31.1; 30.6;0;1;801;1;801;1;615;1;-
2026/04/02;07:25:26;96;-; 56.58; 0.9;-; 74.6; 77.2; 48.6; 48.6; 0.0;1455; 0.9; 0.8; 0.8;51; 21.5;F;1;29;On;On;Off; 31.2; 30.6;0;1;801;1;801;1;615;1;-
2026/04/02;07:26:26;96;-; 56.58; 0.9;-; 77.3; 73.7; 53.2; 0.0; 53.2;1455; 0.9; 0.8; 0.8;50; 21.5;F;1;29;On;On;Off; 31.2; 30.7;0;1;801;1;801;1;615;1;-
2026/04/02;07:27:25;96;-; 56.56; 0.8;-; 76.0; 75.6; 44.0; 26.6; 17.5;1455; 0.9; 0.8; 0.8;49; 21.5;F;1;29;On;On;Off; 31.2; 30.7;0;1;801;1;801;1;615;1;-
2026/04/02;07:28:25;96;-; 56.56; 0.9;-; 77.3; 73.6; 53.1; 0.0; 53.1;1455; 0.9; 0.8; 0.8;48; 21.5;F;1;29;On;On;Off; 31.2; 30.7;0;1;801;1;801;1;615;1;-
2026/04/02;07:29:25;96;-; 56.56; 0.9;-; 74.1; 77.4; 51.6; 51.6; 0.0;1455; 0.9; 0.8; 0.8;47; 21.5;F;1;29;On;On;Off; 31.2; 30.7;0;1;801;1;801;1;615;1;-
2026/04/02;07:30:25;96;-; 56.56; 0.7;-; 77.1; 75.3; 41.7; 6.8; 34.9;1455; 0.9; 0.8; 0.8;47; 21.5;F;1;29;On;On;Off; 31.2; 30.7;0;1;801;1;801;1;615;1;-
2026/04/02;07:31:25;96;-; 56.56; 0.7;-; 75.8; 76.1; 42.4; 35.6; 6.8;1455; 0.8; 0.8; 0.8;46; 21.5;F;1;29;On;On;Off; 31.2; 30.7;0;1;801;1;801;1;615;1;-
2026/04/02;07:32:25;97;-; 56.56; 0.7;-; 76.8; 74.7; 41.0; 4.5; 36.4;1455; 0.8; 0.7; 0.7;46; 21.5;F;1;29;On;On;Off; 31.3; 30.7;0;1;801;1;801;1;615;1;-
2026/04/02;07:33:25;97;-; 56.58; 0.4;-; 76.3; 76.8; 24.2; 22.8; 1.5;1455; 0.7; 0.6; 0.6;40; 21.5;F;1;29;On;On;Off; 31.2; 29.0;0;1;801;1;801;1;615;1;-
2026/04/02;07:34:25;97;-; 56.62; 0.5;-; 76.0; 76.8; 28.8; 28.1; 0.7;1455; 0.6; 0.5; 0.5;34; 21.5;F;1;29;On;On;Off; 30.9; 28.5;0;1;801;1;801;1;615;1;-
2026/04/02;07:35:25;97;-; 56.62; 0.5;-; 75.8; 76.8; 30.3; 29.6; 0.7;1455; 0.6; 0.5; 0.5;33; 21.5;F;1;29;On;On;Off; 30.7; 28.3;0;1;801;1;801;1;615;1;-
2026/04/02;07:36:25;97;-; 56.62; 0.5;-; 75.6; 76.6; 27.3; 25.8; 1.5;1455; 0.6; 0.5; 0.5;33; 21.5;F;1;29;On;On;Off; 30.6; 28.1;0;1;801;1;801;1;615;1;-
2026/04/02;07:37:25;97;-; 56.56; 0.5;-; 76.0; 76.6; 25.8; 25.0; 0.7;1455; 0.6; 0.5; 0.5;33; 21.5;F;1;29;On;On;Off; 30.5; 28.0;0;1;801;1;801;1;615;1;-
2026/04/02;07:38:25;97;-; 56.64; 0.6;-; 75.6; 76.8; 32.6; 31.9; 0.7;1455; 0.6; 0.5; 0.5;32; 21.5;F;1;29;On;On;Off; 30.4; 27.9;0;1;801;1;801;1;615;1;-
2026/04/02;07:39:25;97;-; 56.62; 0.4;-; 76.0; 76.6; 25.0; 23.5; 1.5;1456; 0.6; 0.5; 0.5;31; 21.5;F;1;29;On;On;Off; 30.3; 27.8;0;1;801;1;801;1;615;1;-
2026/04/02;07:40:25;97;-; 56.62; 0.5;-; 75.2; 76.3; 29.5; 28.1; 1.5;1456; 0.6; 0.5; 0.5;30; 21.5;F;1;29;On;On;Off; 30.2; 27.7;0;1;801;1;801;1;615;1;-
2026/04/02;07:41:25;97;-; 56.60; 0.4;-; 76.3; 76.8; 22.7; 22.0; 0.7;1456; 0.6; 0.5; 0.5;31; 21.5;F;1;29;On;On;Off; 30.1; 27.6;0;1;801;1;801;1;615;1;-
2026/04/02;07:42:25;97;-; 56.62; 0.5;-; 76.1; 76.7; 25.7; 24.3; 1.5;1456; 0.6; 0.5; 0.5;30; 21.5;F;1;29;On;On;Off; 30.1; 27.6;0;1;801;1;801;1;615;1;-
2026/04/02;07:43:24;97;-; 56.62; 0.5;-; 75.8; 76.5; 27.3; 25.8; 1.5;1456; 0.6; 0.5; 0.5;31; 21.5;F;1;29;On;On;Off; 30.0; 27.5;0;1;801;1;801;1;615;1;-
2026/04/02;07:44:24;98;-; 56.60; 0.5;-; 75.5; 76.5; 27.3; 26.6; 0.7;1456; 0.5; 0.5; 0.5;30; 21.5;F;1;29;On;On;Off; 29.9; 27.4;0;1;801;1;801;1;615;1;-
2026/04/02;07:45:24;98;-; 56.60; 0.4;-; 76.0; 76.6; 24.3; 23.5; 0.7;1456; 0.5; 0.5; 0.5;29; 21.5;F;1;29;On;On;Off; 29.9; 27.4;0;1;801;1;801;1;615;1;-
2026/04/02;07:46:24;98;-; 56.60; 0.5;-; 76.0; 76.7; 25.8; 25.1; 0.7;1456; 0.5; 0.5; 0.5;29; 21.5;F;1;29;On;On;Off; 29.8; 27.3;0;1;801;1;801;1;615;1;-
2026/04/02;07:47:24;98;-; 56.62; 0.5;-; 75.8; 76.8; 31.1; 30.4; 0.7;1456; 0.5; 0.5; 0.5;29; 21.5;F;1;29;On;On;Off; 29.8; 27.2;0;1;801;1;801;1;615;1;-
2026/04/02;07:48:24;98;-; 56.62; 0.5;-; 76.4; 76.9; 28.1; 26.6; 1.5;1456; 0.5; 0.5; 0.5;29; 21.5;F;1;29;On;On;Off; 29.7; 27.2;0;1;801;1;801;1;615;1;-
2026/04/02;07:49:24;98;-; 56.62; 0.5;-; 77.0; 77.4; 27.3; 26.6; 0.7;1456; 0.5; 0.5; 0.5;27; 21.4;F;1;29;On;On;Off; 29.7; 27.1;0;1;801;1;801;1;615;1;-
2026/04/02;07:50:24;98;-; 56.62; 0.4;-; 77.0; 77.4; 21.2; 20.5; 0.7;1456; 0.5; 0.5; 0.5;27; 21.5;F;1;29;On;On;Off; 29.6; 27.1;0;1;801;1;801;1;615;1;-
2026/04/02;07:51:24;98;-; 56.62; 0.5;-; 77.4; 77.7; 25.7; 24.3; 1.5;1456; 0.5; 0.5; 0.5;27; 21.4;F;1;29;On;On;Off; 29.6; 27.1;0;1;801;1;801;1;615;1;-
2026/04/02;07:52:24;98;-; 56.62; 0.5;-; 77.7; 78.1; 27.3; 26.6; 0.7;1456; 0.5; 0.5; 0.5;27; 21.4;F;1;29;On;On;Off; 29.5; 27.0;0;1;801;1;801;1;615;1;-
2026/04/02;07:53:24;98;-; 56.62; 0.5;-; 77.8; 78.2; 25.7; 24.3; 1.5;1456; 0.5; 0.4; 0.4;27; 21.4;F;1;29;On;On;Off; 29.5; 27.0;0;1;801;1;801;1;615;1;-
2026/04/02;07:54:24;98;-; 56.62; 0.4;-; 77.9; 78.3; 24.3; 23.5; 0.7;1456; 0.5; 0.4; 0.4;26; 21.5;F;1;29;On;On;Off; 29.5; 26.9;0;1;801;1;801;1;615;1;-
2026/04/02;07:55:24;98;-; 56.60; 0.4;-; 78.4; 78.6; 23.5; 22.8; 0.7;1456; 0.5; 0.4; 0.4;25; 21.5;F;1;29;On;On;Off; 29.5; 26.9;0;1;801;1;801;1;615;1;-
2026/04/02;07:56:24;98;-; 56.62; 0.5;-; 77.9; 78.2; 28.1; 27.3; 0.7;1456; 0.5; 0.4; 0.4;26; 21.4;F;1;29;On;On;Off; 29.4; 26.9;0;1;801;1;801;1;615;1;-
2026/04/02;07:57:24;99;-; 56.62; 0.5;-; 77.3; 77.5; 26.5; 25.1; 1.5;1456; 0.5; 0.4; 0.4;25; 21.4;F;1;29;On;On;Off; 29.4; 26.8;0;1;801;1;801;2;616;1;-
2026/04/02;07:58:23;99;-; 56.60; 0.5;-; 76.6; 77.3; 28.8; 27.3; 1.5;1456; 0.5; 0.4; 0.4;26; 21.4;F;1;29;On;On;Off; 29.3; 26.8;0;1;801;1;801;2;616;1;-
2026/04/02;07:59:23;99;-; 56.62; 0.4;-; 77.0; 77.2; 21.2; 19.7; 1.5;1456; 0.5; 0.4; 0.4;25; 21.4;F;1;29;On;On;Off; 29.3; 26.8;0;1;801;1;801;2;616;1;-
2026/04/02;08:00:23;99;-; 56.62; 0.5;-; 76.4; 77.3; 30.3; 29.6; 0.7;1456; 0.5; 0.4; 0.4;25; 21.4;F;1;29;On;On;Off; 29.3; 26.7;0;1;801;1;801;2;616;1;-
2026/04/02;08:01:23;99;-; 56.62; 0.5;-; 76.6; 77.3; 28.8; 27.3; 1.5;1456; 0.4; 0.4; 0.4;24; 21.4;F;1;29;On;On;Off; 29.3; 26.7;0;1;801;1;801;2;616;1;-
2026/04/02;08:02:23;99;-; 56.62; 0.4;-; 76.6; 77.2; 24.3; 23.5; 0.7;1456; 0.4; 0.4; 0.4;24; 21.4;F;1;29;On;On;Off; 29.2; 26.7;0;1;801;1;801;2;616;1;-
2026/04/02;08:03:23;99;-; 56.62; 0.4;-; 76.7; 76.9; 22.7; 22.0; 0.7;1456; 0.4; 0.4; 0.4;24; 21.4;F;1;29;On;On;Off; 29.2; 26.7;0;1;801;1;801;2;616;1;-
2026/04/02;08:04:23;99;-; 56.62; 0.5;-; 76.3; 76.9; 28.1; 27.3; 0.7;1456; 0.4; 0.4; 0.4;23; 21.4;F;1;29;On;On;Off; 29.2; 26.7;0;1;801;1;801;2;616;1;-
2026/04/02;08:05:23;99;-; 56.62; 0.4;-; 76.3; 76.8; 24.3; 22.8; 1.5;1456; 0.4; 0.4; 0.4;23; 21.4;F;1;29;On;On;Off; 29.2; 26.6;0;1;801;1;801;2;616;1;-
2026/04/02;08:06:23;99;-; 56.62; 0.4;-; 76.5; 76.7; 24.3; 22.8; 1.5;1456; 0.4; 0.4; 0.4;23; 21.4;F;1;29;On;On;Off; 29.1; 26.6;0;1;801;1;801;2;616;1;-
2026/04/02;08:07:23;99;-; 56.62; 0.4;-; 76.0; 76.7; 24.3; 23.5; 0.7;1456; 0.4; 0.4; 0.4;23; 21.4;F;1;29;On;On;Off; 29.1; 26.6;0;1;801;1;801;2;616;1;-
2026/04/02;08:08:23;99;-; 56.62; 0.5;-; 75.8; 76.6; 28.1; 27.3; 0.7;1456; 0.4; 0.4; 0.4;23; 21.4;F;1;29;On;On;Off; 29.1; 26.6;0;1;801;1;801;2;616;1;-
2026/04/02;08:09:23;100;-; 56.62; 0.6;-; 75.8; 76.6; 31.9; 30.4; 1.5;1456; 0.4; 0.4; 0.4;23; 21.4;F;1;29;On;On;Off; 29.1; 26.5;0;1;801;1;801;2;616;1;-
2026/04/02;08:10:23;100;-; 56.62; 0.4;-; 76.4; 76.8; 21.2; 20.5; 0.7;1456; 0.4; 0.4; 0.4;23; 21.4;F;1;29;On;On;Off; 29.1; 26.5;0;1;801;1;801;2;616;1;-
2026/04/02;08:11:23;100;-; 56.62; 0.4;-; 76.2; 76.8; 24.3; 23.5; 0.7;1456; 0.4; 0.4; 0.4;22; 21.4;F;1;29;On;On;Off; 29.0; 26.5;0;1;801;1;801;2;616;1;-
2026/04/02;08:12:23;100;-; 56.62; 0.5;-; 76.1; 76.9; 26.5; 25.8; 0.7;1456; 0.4; 0.4; 0.4;22; 21.4;F;1;29;On;On;Off; 29.0; 26.5;0;1;801;1;801;2;616;1;-
2026/04/02;08:13:22;100;-; 56.62; 0.4;-; 76.4; 76.9; 25.0; 23.5; 1.5;1456; 0.4; 0.4; 0.4;22; 21.4;F;1;29;On;On;Off; 29.0; 26.5;0;1;801;1;801;2;616;1;-
2026/04/02;08:14:22;100;-; 56.62; 0.5;-; 76.2; 76.9; 27.3; 25.8; 1.5;1456; 0.4; 0.4; 0.4;22; 21.4;F;1;29;On;On;Off; 29.0; 26.4;0;1;801;1;801;2;616;1;-
2026/04/02;08:15:22;100;-; 56.62; 0.4;-; 76.9; 77.0; 21.2; 20.5; 0.7;1456; 0.4; 0.4; 0.4;21; 21.4;F;1;29;On;On;Off; 29.0; 26.4;0;1;801;1;801;2;616;1;-
2026/04/02;08:16:22;100;-; 56.60; 0.3;-; 77.1; 77.1; 17.4; 16.7; 0.7;1456; 0.4; 0.4; 0.4;21; 21.4;F;1;29;On;On;Off; 29.0; 26.4;0;2;802;2;802;2;616;1;-
2026/04/02;08:17:22;100;-; 56.62; 0.4;-; 77.0; 77.1; 24.3; 22.8; 1.5;1456; 0.4; 0.4; 0.4;22; 21.4;F;1;29;On;On;Off; 29.0; 26.4;0;2;802;2;802;2;616;1;-
2026/04/02;08:18:22;100;-; 56.60; 0.5;-; 76.3; 76.9; 28.1; 27.3; 0.7;1456; 0.4; 0.4; 0.4;21; 21.4;F;1;29;On;On;Off; 28.9; 26.4;0;2;802;2;802;2;616;1;-
2026/04/02;08:19:22;100;-; 56.62; 0.5;-; 76.3; 76.9; 25.7; 24.3; 1.5;1456; 0.4; 0.4; 0.4;21; 21.4;F;1;29;On;On;Off; 28.9; 26.4;0;2;802;2;802;2;616;1;-
2026/04/02;08:20:22;100;-; 56.62; 0.5;-; 76.2; 76.7; 25.7; 24.3; 1.5;1456; 0.4; 0.4; 0.4;21; 21.4;F;1;29;On;On;Off; 28.9; 26.4;0;2;802;2;802;2;616;1;-
2026/04/02;08:21:22;100;-; 56.62; 0.4;-; 76.4; 76.8; 23.5; 22.0; 1.5;1456; 0.4; 0.4; 0.4;21; 21.4;F;1;29;On;On;Off; 28.9; 26.3;0;2;802;2;802;2;616;1;-
2026/04/02;08:22:22;100;-; 56.62; 0.4;-; 76.7; 76.8; 22.7; 22.0; 0.7;1456; 0.4; 0.4; 0.4;20; 21.4;F;1;29;On;On;Off; 28.9; 26.3;0;2;802;2;802;2;616;1;-
2026/04/02;08:23:22;100;-; 56.62; 0.4;-; 76.4; 76.9; 25.0; 24.3; 0.7;1456; 0.4; 0.4; 0.4;20; 21.4;F;1;29;On;On;Off; 28.9; 26.3;0;2;802;2;802;2;616;1;-
2026/04/02;08:24:22;100;-; 56.62; 0.5;-; 76.4; 77.0; 27.3; 26.6; 0.7;1456; 0.4; 0.4; 0.4;21; 21.4;F;1;29;On;On;Off; 28.9; 26.3;0;2;802;2;802;2;616;1;-
2026/04/02;08:25:22;100;-; 56.62; 0.4;-; 76.5; 77.1; 22.7; 22.0; 0.7;1456; 0.4; 0.4; 0.4;20; 21.4;F;1;29;On;On;Off; 28.9; 26.3;0;2;802;2;802;2;616;1;-
2026/04/02;08:26:22;100;-; 56.60; 0.3;-; 76.7; 77.1; 18.9; 18.2; 0.7;1456; 0.4; 0.4; 0.4;20; 21.4;F;1;29;On;On;Off; 28.8; 26.3;0;2;802;2;802;2;616;1;-
2026/04/02;08:27:22;100;-; 56.62; 0.4;-; 76.7; 77.2; 21.2; 20.5; 0.7;1456; 0.4; 0.4; 0.4;20; 21.4;F;1;29;On;On;Off; 28.8; 26.3;0;2;802;2;802;2;616;1;-
2026/04/02;08:28:22;100;-; 56.62; 0.5;-; 76.4; 76.9; 25.8; 25.1; 0.7;1456; 0.4; 0.4; 0.4;20; 21.4;F;1;29;On;On;Off; 28.8; 26.3;0;2;802;2;802;2;616;1;-
2026/04/02;08:29:21;100;-; 56.62; 0.4;-; 76.3; 76.9; 22.0; 21.3; 0.7;1456; 0.4; 0.4; 0.4;20; 21.4;F;1;29;On;On;Off; 28.8; 26.3;0;2;802;2;802;2;616;1;-
2026/04/02;08:30:21;100;-; 56.62; 0.4;-; 76.5; 77.0; 21.2; 20.5; 0.7;1456; 0.4; 0.4; 0.4;20; 21.4;F;1;29;On;On;Off; 28.8; 26.3;0;2;802;2;802;2;616;1;-
2026/04/02;08:31:21;100;-; 56.60; 0.4;-; 76.6; 76.9; 21.2; 20.5; 0.7;1456; 0.4; 0.4; 0.4;20; 21.4;F;1;29;On;On;Off; 28.8; 26.3;0;2;802;2;802;2;616;1;-
2026/04/02;08:32:21;100;-; 56.62; 0.4;-; 76.4; 76.8; 25.0; 24.3; 0.7;1456; 0.4; 0.4; 0.4;20; 21.4;F;1;29;On;On;Off; 28.8; 26.2;0;2;802;2;802;2;616;1;-
2026/04/02;08:33:21;100;-; 56.62; 0.5;-; 76.0; 76.9; 25.7; 24.3; 1.5;1456; 0.4; 0.4; 0.4;20; 21.4;F;1;29;On;On;Off; 28.8; 26.2;0;2;802;2;802;2;616;1;-
2026/04/02;08:34:21;100;-; 56.62; 0.5;-; 76.3; 76.8; 25.8; 25.1; 0.7;1456; 0.4; 0.4; 0.4;20; 21.4;F;1;29;On;On;Off; 28.8; 26.2;0;2;802;2;802;2;616;1;-
2026/04/02;08:35:21;100;-; 56.62; 0.3;-; 76.6; 76.8; 16.7; 15.9; 0.7;1456; 0.4; 0.4; 0.4;20; 21.4;F;1;29;On;On;Off; 28.7; 26.2;0;2;802;2;802;2;616;1;-
2026/04/02;08:36:21;100;-; 56.62; 0.4;-; 76.5; 76.8; 22.0; 21.3; 0.7;1456; 0.4; 0.4; 0.4;20; 21.4;F;1;29;On;On;Off; 28.7; 26.2;0;2;802;2;802;2;616;1;-
2026/04/02;08:37:21;100;-; 56.62; 0.5;-; 75.9; 76.6; 26.5; 25.8; 0.7;1456; 0.4; 0.4; 0.4;20; 21.4;F;1;29;On;On;Off; 28.7; 26.2;0;2;802;2;802;2;616;1;-
2026/04/02;08:38:21;100;-; 56.62; 0.3;-; 76.5; 76.8; 19.7; 19.0; 0.7;1456; 0.4; 0.4; 0.4;19; 21.4;F;1;29;On;On;Off; 28.7; 26.2;0;2;802;2;802;2;616;1;-
2026/04/02;08:39:21;100;-; 56.62; 0.3;-; 76.4; 76.7; 16.7; 15.9; 0.7;1457; 0.4; 0.4; 0.4;19; 21.4;F;1;29;On;On;Off; 28.7; 26.2;0;2;802;2;802;2;616;1;-
2026/04/02;08:40:21;100;-; 56.62; 0.4;-; 76.5; 76.9; 24.3; 23.5; 0.7;1457; 0.4; 0.4; 0.4;19; 21.4;F;1;29;On;On;Off; 28.7; 26.2;0;2;802;2;802;2;616;1;-
2026/04/02;08:41:21;100;-; 56.62; 0.5;-; 76.1; 77.1; 28.8; 28.1; 0.7;1457; 0.4; 0.4; 0.4;20; 21.4;F;1;29;On;On;Off; 28.7; 26.2;0;2;802;2;802;2;616;1;-
2026/04/02;08:42:21;100;-; 56.62; 0.5;-; 76.2; 76.7; 25.8; 25.1; 0.7;1457; 0.4; 0.4; 0.4;20; 21.4;F;1;29;On;On;Off; 28.7; 26.2;0;2;802;2;802;2;616;1;-
2026/04/02;08:43:21;100;-; 56.62; 0.4;-; 76.2; 76.7; 22.0; 21.3; 0.7;1457; 0.3; 0.4; 0.4;19; 21.4;F;1;29;On;On;Off; 28.7; 26.2;0;2;802;2;802;2;616;1;-
2026/04/02;08:44:20;100;-; 56.62; 0.4;-; 76.2; 76.5; 23.5; 22.8; 0.7;1457; 0.3; 0.4; 0.4;19; 21.4;F;1;29;On;On;Off; 28.7; 26.2;0;2;802;2;802;2;616;1;-
2026/04/02;08:45:20;100;-; 56.62; 0.4;-; 76.0; 76.6; 25.0; 24.3; 0.7;1457; 0.4; 0.4; 0.4;19; 21.4;F;1;29;On;On;Off; 28.7; 26.2;0;2;802;2;802;2;616;1;-
2026/04/02;08:46:20;100;-; 56.62; 0.4;-; 76.0; 76.4; 22.7; 22.0; 0.7;1457; 0.3; 0.4; 0.4;19; 21.4;F;1;29;On;On;Off; 28.7; 26.2;0;2;802;2;802;2;616;1;-
2026/04/02;08:47:20;100;-; 56.62; 0.4;-; 76.0; 76.6; 23.5; 22.8; 0.7;1457; 0.4; 0.4; 0.4;19; 21.4;F;1;29;On;On;Off; 28.7; 26.1;0;2;802;2;802;2;616;1;-
2026/04/02;08:48:20;100;-; 56.62; 0.3;-; 76.2; 76.6; 18.2; 17.5; 0.7;1457; 0.3; 0.4; 0.4;19; 21.4;F;1;29;On;On;Off; 28.7; 26.1;0;2;802;2;802;2;616;1;-
2026/04/02;08:49:20;100;-; 56.62; 0.3;-; 76.4; 76.5; 17.4; 16.7; 0.7;1457; 0.3; 0.4; 0.4;19; 21.4;F;1;29;On;On;Off; 28.7; 26.1;0;2;802;2;802;2;616;1;-
2026/04/02;08:50:20;100;-; 56.62; 0.3;-; 76.6; 76.6; 17.4; 16.7; 0.7;1457; 0.3; 0.4; 0.4;19; 21.4;F;1;29;On;On;Off; 28.7; 26.1;0;2;802;2;802;2;616;1;-
2026/04/02;08:51:20;100;-; 56.62; 0.5;-; 76.1; 77.0; 27.3; 26.6; 0.7;1457; 0.3; 0.4; 0.4;18; 21.4;F;1;29;On;On;Off; 28.7; 26.1;0;2;802;2;802;2;616;1;-
2026/04/02;08:52:20;100;-; 56.60; 0.4;-; 76.4; 76.9; 21.2; 20.5; 0.7;1457; 0.3; 0.4; 0.4;18; 21.4;F;1;29;On;On;Off; 28.7; 26.1;0;2;802;2;802;2;616;1;-
2026/04/02;08:53:20;100;-; 56.60; 0.3;-; 76.9; 77.0; 17.4; 16.7; 0.7;1457; 0.3; 0.4; 0.4;19; 21.4;F;1;29;On;On;Off; 28.7; 26.1;0;2;802;2;802;2;616;1;-
2026/04/02;08:54:20;100;-; 56.62; 0.4;-; 76.7; 77.1; 20.5; 19.7; 0.7;1457; 0.3; 0.4; 0.4;19; 21.4;F;1;29;On;On;Off; 28.7; 26.1;0;2;802;2;802;2;616;1;-
2026/04/02;08:55:20;100;-; 56.62; 0.4;-; 76.4; 77.0; 24.3; 23.5; 0.7;1457; 0.3; 0.4; 0.4;19; 21.4;F;1;29;On;On;Off; 28.7; 26.1;0;2;802;2;802;2;616;1;-
2026/04/02;08:56:20;100;-; 56.62; 0.4;-; 76.5; 77.0; 21.2; 20.5; 0.7;1457; 0.4; 0.4; 0.4;19; 21.4;F;1;29;On;On;Off; 28.7; 26.1;0;2;802;2;802;2;616;1;-
2026/04/02;08:57:20;100;-; 56.62; 0.4;-; 76.3; 76.9; 23.5; 22.8; 0.7;1457; 0.3; 0.4; 0.4;19; 21.4;F;1;29;On;On;Off; 28.7; 26.1;0;2;802;2;802;2;616;1;-
2026/04/02;08:58:20;100;-; 56.62; 0.4;-; 76.2; 76.8; 20.5; 20.5; 0.0;1457; 0.4; 0.4; 0.4;19; 21.4;F;1;29;On;On;Off; 28.7; 26.1;0;2;802;2;802;2;616;1;-
2026/04/02;08:59:19;100;-; 56.60; 0.3;-; 76.8; 76.8; 15.1; 14.4; 0.7;1457; 0.4; 0.4; 0.4;19; 21.4;F;1;29;On;On;Off; 28.7; 26.1;0;2;802;2;802;2;616;1;-
2026/04/02;09:00:19;100;-; 56.62; 0.4;-; 76.4; 76.9; 24.3; 22.8; 1.5;1457; 0.4; 0.4; 0.4;19; 21.4;F;1;29;On;On;Off; 28.7; 26.1;0;2;802;2;802;2;616;1;-
2026/04/02;09:01:19;100;-; 56.62; 0.4;-; 76.5; 76.8; 21.2; 19.7; 1.5;1457; 0.4; 0.4; 0.4;19; 21.4;F;1;29;On;On;Off; 28.6; 26.1;0;2;802;2;802;2;616;1;-
2026/04/02;09:02:19;100;-; 56.62; 0.4;-; 76.3; 76.8; 23.5; 22.8; 0.7;1457; 0.3; 0.4; 0.4;19; 21.4;F;1;29;On;On;Off; 28.6; 26.1;0;2;802;2;802;2;616;1;-
2026/04/02;09:03:19;100;-; 56.62; 0.4;-; 76.1; 76.8; 25.0; 23.5; 1.5;1457; 0.3; 0.4; 0.4;19; 21.4;F;1;29;On;On;Off; 28.7; 26.1;0;2;802;2;802;2;616;1;-
2026/04/02;09:04:19;100;-; 56.62; 0.4;-; 76.2; 76.8; 24.3; 23.5; 0.7;1457; 0.3; 0.4; 0.4;19; 21.4;F;1;29;On;On;Off; 28.7; 26.1;0;2;802;2;802;2;616;1;-
2026/04/02;09:05:19;100;-; 56.62; 0.4;-; 76.3; 76.8; 20.5; 19.7; 0.7;1457; 0.3; 0.4; 0.4;18; 21.4;F;1;29;On;On;Off; 28.7; 26.1;0;2;802;2;802;2;616;1;-
2026/04/02;09:06:19;100;-; 56.62; 0.4;-; 76.3; 76.8; 24.3; 23.5; 0.7;1457; 0.3; 0.4; 0.4;18; 21.4;F;1;29;On;On;Off; 28.6; 26.1;0;2;802;2;802;2;616;1;-
2026/04/02;09:07:19;100;-; 56.62; 0.3;-; 76.5; 76.8; 19.7; 19.0; 0.7;1457; 0.3; 0.4; 0.4;19; 21.4;F;1;29;On;On;Off; 28.6; 26.1;0;2;802;2;802;2;616;1;-
2026/04/02;09:08:19;100;-; 56.60; 0.3;-; 76.9; 76.9; 17.4; 16.7; 0.7;1457; 0.3; 0.4; 0.4;19; 21.4;F;1;29;On;On;Off; 28.6; 26.1;0;2;802;2;802;2;616;1;-
2026/04/02;09:09:19;100;-; 56.62; 0.5;-; 76.3; 76.8; 26.5; 25.8; 0.7;1457; 0.3; 0.4; 0.4;19; 21.4;F;1;29;On;On;Off; 28.7; 26.1;0;2;802;2;802;2;616;1;-
2026/04/02;09:10:19;100;-; 56.62; 0.3;-; 76.8; 77.0; 18.9; 18.2; 0.7;1457; 0.4; 0.4; 0.4;19; 21.4;F;1;29;On;On;Off; 28.6; 26.1;0;2;802;2;802;2;616;1;-
2026/04/02;09:11:19;100;-; 56.62; 0.5;-; 76.2; 76.9; 25.8; 25.1; 0.7;1457; 0.3; 0.4; 0.4;19; 21.4;F;1;29;On;On;Off; 28.6; 26.1;0;2;802;2;802;2;616;1;-
2026/04/02;09:12:19;100;-; 56.62; 0.4;-; 76.1; 76.7; 24.3; 23.5; 0.7;1457; 0.3; 0.4; 0.4;18; 21.4;F;1;29;On;On;Off; 28.6; 26.1;0;2;802;2;802;2;616;1;-
2026/04/02;09:13:19;100;-; 56.62; 0.4;-; 76.6; 76.8; 20.5; 19.7; 0.7;1457; 0.3; 0.4; 0.4;18; 21.4;F;1;29;On;On;Off; 28.6; 26.1;0;2;802;2;802;2;616;1;-
2026/04/02;09:14:19;100;-; 56.62; 0.5;-; 75.7; 76.7; 25.8; 25.1; 0.7;1457; 0.3; 0.4; 0.4;18; 21.4;F;1;29;On;On;Off; 28.6; 26.1;0;2;802;2;802;2;616;1;-
2026/04/02;09:15:18;100;-; 56.60; 0.3;-; 76.6; 76.6; 14.4; 13.7; 0.7;1457; 0.3; 0.4; 0.4;18; 21.4;F;1;29;On;On;Off; 28.6; 26.1;0;2;802;2;802;2;616;1;-
2026/04/02;09:16:18;100;-; 56.60; 0.3;-; 76.8; 76.7; 18.9; 18.2; 0.7;1457; 0.3; 0.4; 0.4;18; 21.4;F;1;29;On;On;Off; 28.6; 26.1;0;2;802;2;802;2;616;1;-
2026/04/02;09:17:18;100;-; 56.62; 0.4;-; 76.2; 76.6; 24.3; 22.8; 1.5;1457; 0.3; 0.4; 0.4;18; 21.4;F;1;29;On;On;Off; 28.6; 26.1;0;2;802;2;802;2;616;1;-
2026/04/02;09:18:18;100;-; 56.62; 0.3;-; 76.5; 76.7; 18.2; 17.5; 0.7;1457; 0.3; 0.4; 0.4;18; 21.4;F;1;29;On;On;Off; 28.6; 26.1;0;2;802;2;802;2;616;1;-
2026/04/02;09:19:18;100;-; 56.62; 0.4;-; 76.1; 76.7; 24.3; 23.5; 0.7;1457; 0.3; 0.4; 0.4;18; 21.4;F;1;29;On;On;Off; 28.6; 26.1;0;2;802;2;802;2;616;1;-
2026/04/02;09:20:18;100;-; 56.62; 0.3;-; 76.3; 76.6; 19.7; 19.0; 0.7;1457; 0.3; 0.4; 0.4;18; 21.4;F;1;29;On;On;Off; 28.6; 26.1;0;2;802;2;802;2;616;1;-
2026/04/02;09:21:18;100;-; 56.60; 0.3;-; 76.5; 76.6; 14.4; 13.7; 0.7;1457; 0.3; 0.4; 0.4;18; 21.4;F;1;29;On;On;Off; 28.6; 26.1;0;2;802;2;802;2;616;1;-
2026/04/02;09:22:18;100;-; 56.62; 0.4;-; 76.5; 76.9; 21.2; 20.5; 0.7;1457; 0.3; 0.4; 0.4;19; 21.4;F;1;29;On;On;Off; 28.6; 26.1;0;2;802;2;802;2;616;1;-
2026/04/02;09:23:18;100;-; 56.62; 0.3;-; 76.5; 76.9; 19.7; 19.0; 0.7;1457; 0.3; 0.4; 0.4;18; 21.4;F;1;29;On;On;Off; 28.6; 26.1;0;2;802;2;802;2;616;1;-
2026/04/02;09:24:18;100;-; 56.62; 0.4;-; 76.5; 76.9; 22.0; 21.3; 0.7;1457; 0.3; 0.4; 0.4;18; 21.4;F;1;29;On;On;Off; 28.6; 26.1;0;2;802;2;802;2;616;1;-
2026/04/02;09:25:18;100;-; 56.62; 0.3;-; 76.6; 76.8; 14.4; 13.7; 0.7;1457; 0.3; 0.4; 0.4;18; 21.4;F;1;29;On;On;Off; 28.6; 26.1;0;2;802;2;802;2;616;1;-
2026/04/02;09:26:18;100;-; 56.62; 0.4;-; 76.3; 76.8; 25.0; 23.5; 1.5;1457; 0.3; 0.4; 0.4;18; 21.4;F;1;29;On;On;Off; 28.6; 26.1;0;2;802;2;802;2;616;1;-
2026/04/02;09:27:18;100;-; 56.62; 0.4;-; 76.2; 77.0; 23.5; 22.0; 1.5;1457; 0.3; 0.4; 0.4;19; 21.4;F;1;29;On;On;Off; 28.6; 26.1;0;2;802;2;802;2;616;1;-
2026/04/02;09:28:18;100;-; 56.62; 0.3;-; 76.8; 76.9; 18.9; 17.5; 1.5;1457; 0.4; 0.4; 0.4;19; 21.4;F;1;29;On;On;Off; 28.6; 26.1;0;2;802;2;802;2;616;1;-
2026/04/02;09:29:18;100;-; 56.60; 0.4;-; 76.7; 77.0; 20.5; 19.7; 0.7;1457; 0.3; 0.4; 0.4;19; 21.4;F;1;29;On;On;Off; 28.6; 26.1;0;2;802;2;802;2;616;1;-
2026/04/02;09:30:17;100;-; 56.62; 0.3;-; 76.7; 77.0; 18.9; 18.2; 0.7;1457; 0.3; 0.4; 0.4;18; 21.4;F;1;29;On;On;Off; 28.6; 26.1;0;2;802;2;802;2;616;1;-
2026/04/02;09:31:17;100;-; 56.62; 0.3;-; 76.7; 76.9; 17.4; 16.7; 0.7;1457; 0.3; 0.4; 0.4;18; 21.4;F;1;29;On;On;Off; 28.6; 26.1;0;2;802;2;802;2;616;1;-
2026/04/02;09:32:17;100;-; 56.62; 0.4;-; 76.9; 76.9; 21.2; 20.5; 0.7;1457; 0.3; 0.4; 0.4;18; 21.4;F;1;29;On;On;Off; 28.6; 26.1;0;2;802;2;802;2;616;1;-
2026/04/02;09:33:17;100;-; 56.62; 0.3;-; 76.5; 76.9; 19.7; 19.0; 0.7;1457; 0.3; 0.4; 0.4;18; 21.4;F;1;29;On;On;Off; 28.6; 26.1;0;2;802;2;802;2;616;1;-
2026/04/02;09:34:17;100;-; 56.62; 0.5;-; 76.2; 77.0; 27.3; 25.8; 1.5;1457; 0.3; 0.4; 0.4;18; 21.4;F;1;29;On;On;Off; 28.6; 26.1;0;2;802;2;802;2;616;1;-
2026/04/02;09:35:17;100;-; 56.62; 0.4;-; 76.6; 77.1; 23.5; 22.0; 1.5;1457; 0.3; 0.4; 0.4;18; 21.4;F;1;29;On;On;Off; 28.6; 26.1;0;2;802;2;802;2;616;1;-
2026/04/02;09:36:17;100;-; 56.60; 0.4;-; 76.6; 77.0; 22.7; 22.0; 0.7;1457; 0.3; 0.4; 0.4;18; 21.4;F;1;29;On;On;Off; 28.6; 26.1;0;2;802;2;802;2;616;1;-
2026/04/02;09:37:17;100;-; 56.62; 0.4;-; 76.5; 77.0; 24.3; 23.5; 0.7;1457; 0.3; 0.4; 0.4;18; 21.4;F;1;29;On;On;Off; 28.6; 26.1;0;2;802;2;802;2;616;1;-
2026/04/02;09:38:17;100;-; 56.62; 0.4;-; 76.7; 77.2; 23.5; 22.8; 0.7;1457; 0.3; 0.4; 0.4;18; 21.4;F;1;29;On;On;Off; 28.6; 26.1;0;2;802;2;802;2;616;1;-
2026/04/02;09:39:17;100;-; 56.62; 0.3;-; 76.9; 77.1; 18.2; 17.5; 0.7;1458; 0.3; 0.4; 0.4;18; 21.4;F;1;29;On;On;Off; 28.6; 26.1;0;2;802;2;802;2;616;1;-
2026/04/02;09:40:17;100;-; 56.62; 0.3;-; 76.9; 77.2; 15.9; 15.2; 0.7;1458; 0.3; 0.4; 0.4;18; 21.4;F;1;29;On;On;Off; 28.6; 26.1;0;2;802;2;802;2;616;1;-
2026/04/02;09:41:17;100;-; 56.62; 0.4;-; 76.4; 77.0; 24.3; 23.5; 0.7;1458; 0.3; 0.4; 0.4;18; 21.4;F;1;29;On;On;Off; 28.6; 26.1;0;2;802;2;802;2;616;1;-
2026/04/02;09:42:17;100;-; 56.60; 0.3;-; 77.2; 77.0; 14.4; 13.7; 0.7;1458; 0.3; 0.4; 0.4;18; 21.4;F;1;29;On;On;Off; 28.6; 26.1;0;2;802;2;802;2;616;1;-
2026/04/02;09:43:17;100;-; 56.62; 0.3;-; 76.8; 77.1; 18.9; 18.2; 0.7;1458; 0.3; 0.4; 0.4;18; 21.4;F;1;29;On;On;Off; 28.6; 26.1;0;2;802;2;802;2;616;1;-
2026/04/02;09:44:17;100;-; 56.62; 0.4;-; 76.7; 77.1; 20.5; 19.7; 0.7;1458; 0.3; 0.4; 0.4;19; 21.4;F;1;29;On;On;Off; 28.6; 26.1;0;2;802;2;802;2;616;1;-
2026/04/02;09:45:16;100;-; 56.62; 0.4;-; 76.8; 77.2; 23.5; 22.8; 0.7;1458; 0.3; 0.4; 0.4;18; 21.4;F;1;29;On;On;Off; 28.6; 26.1;0;2;802;2;802;2;616;1;-
2026/04/02;09:46:16;100;-; 56.62; 0.4;-; 76.9; 77.3; 21.9; 20.5; 1.5;1458; 0.3; 0.4; 0.4;18; 21.4;F;1;29;On;On;Off; 28.6; 26.1;0;2;802;2;802;2;616;1;-
2026/04/02;09:47:16;100;-; 56.62; 0.4;-; 76.9; 77.3; 22.0; 21.3; 0.7;1458; 0.3; 0.4; 0.4;18; 21.4;F;1;29;On;On;Off; 28.6; 26.1;0;2;802;2;802;2;616;1;-
2026/04/02;09:48:16;100;-; 56.62; 0.3;-; 77.1; 77.2; 18.9; 18.2; 0.7;1458; 0.3; 0.4; 0.4;18; 21.4;F;1;29;On;On;Off; 28.6; 26.1;0;2;802;2;802;2;616;1;-
2026/04/02;09:49:16;100;-; 56.62; 0.5;-; 76.7; 77.4; 25.8; 25.1; 0.7;1458; 0.3; 0.4; 0.4;18; 21.4;F;1;29;On;On;Off; 28.6; 26.1;0;2;802;2;802;2;616;1;-
2026/04/02;09:50:16;100;-; 56.62; 0.4;-; 77.1; 77.4; 21.2; 20.5; 0.7;1458; 0.3; 0.4; 0.4;18; 21.4;F;1;29;On;On;Off; 28.6; 26.1;0;2;802;2;802;2;616;1;-
2026/04/02;09:51:16;100;-; 56.62; 0.5;-; 77.0; 77.5; 25.8; 25.1; 0.7;1458; 0.3; 0.4; 0.4;17; 21.4;F;1;29;On;On;Off; 28.6; 26.1;0;2;802;2;802;2;616;1;-
2026/04/02;09:52:16;100;-; 56.62; 0.4;-; 77.0; 77.4; 23.5; 22.8; 0.7;1458; 0.3; 0.4; 0.4;17; 21.4;F;1;29;On;On;Off; 28.6; 26.1;0;2;802;2;802;2;616;1;-
2026/04/02;09:53:16;100;-; 56.62; 0.4;-; 76.9; 77.2; 22.7; 22.0; 0.7;1458; 0.3; 0.4; 0.4;17; 21.4;F;1;29;On;On;Off; 28.6; 26.1;0;2;802;2;802;2;616;1;-
2026/04/02;09:54:16;100;-; 56.62; 0.4;-; 76.6; 77.1; 21.2; 20.5; 0.7;1458; 0.3; 0.4; 0.4;17; 21.4;F;1;29;On;On;Off; 28.6; 26.1;0;2;802;2;802;2;616;1;-
2026/04/02;09:55:16;100;-; 56.62; 0.3;-; 76.9; 77.1; 19.7; 19.0; 0.7;1458; 0.3; 0.4; 0.4;17; 21.4;F;1;29;On;On;Off; 28.6; 26.1;0;2;802;2;802;2;616;1;-
2026/04/02;09:56:16;100;-; 56.60; 0.3;-; 77.2; 77.3; 15.1; 14.4; 0.7;1458; 0.3; 0.4; 0.4;17; 21.4;F;1;29;On;On;Off; 28.6; 26.1;0;2;802;2;802;2;616;1;-
2026/04/02;09:57:16;100;-; 56.60; 0.3;-; 77.1; 77.3; 18.9; 18.2; 0.7;1458; 0.3; 0.4; 0.4;17; 21.4;F;1;29;On;On;Off; 28.6; 26.1;0;2;802;2;802;2;616;1;-
2026/04/02;09:58:16;100;-; 56.62; 0.5;-; 76.8; 77.1; 25.8; 25.1; 0.7;1458; 0.3; 0.4; 0.4;18; 21.4;F;1;29;On;On;Off; 28.6; 26.1;0;2;802;2;802;2;616;1;-
2026/04/02;09:59:16;100;-; 56.62; 0.4;-; 76.6; 77.1; 24.3; 22.8; 1.5;1458; 0.3; 0.4; 0.4;17; 21.4;F;1;29;On;On;Off; 28.6; 26.1;0;2;802;2;802;2;616;1;-
2026/04/02;10:00:16;100;-; 56.62; 0.4;-; 76.7; 77.2; 20.5; 19.0; 1.5;1458; 0.3; 0.4; 0.4;17; 21.4;F;1;29;On;On;Off; 28.6; 26.1;0;2;802;2;802;2;616;1;-
2026/04/02;10:01:15;100;-; 56.62; 0.4;-; 76.6; 77.1; 25.0; 24.3; 0.7;1458; 0.3; 0.4; 0.4;17; 21.4;F;1;29;On;On;Off; 28.6; 26.1;0;2;802;2;802;2;616;1;-
2026/04/02;10:02:15;100;-; 56.64; 0.4;-; 77.0; 77.1; 20.5; 19.7; 0.7;1458; 0.3; 0.4; 0.4;18; 21.4;F;1;29;On;On;Off; 28.6; 26.1;0;2;802;2;802;2;616;1;-
2026/04/02;10:03:15;100;-; 56.62; 0.4;-; 76.6; 77.1; 23.5; 22.8; 0.7;1458; 0.3; 0.4; 0.4;18; 21.4;F;1;29;On;On;Off; 28.6; 26.1;0;2;802;2;802;2;616;1;-
2026/04/02;10:04:15;100;-; 56.62; 0.3;-; 76.9; 77.1; 19.7; 19.0; 0.7;1458; 0.3; 0.4; 0.4;17; 21.4;F;1;29;On;On;Off; 28.6; 26.1;0;2;802;2;802;2;616;1;-
2026/04/02;10:05:15;100;-; 56.62; 0.5;-; 76.6; 77.2; 25.7; 24.3; 1.5;1458; 0.3; 0.4; 0.4;18; 21.4;F;1;29;On;On;Off; 28.6; 26.1;0;2;802;2;802;2;616;1;-
2026/04/02;10:06:15;100;-; 56.62; 0.3;-; 77.1; 77.2; 19.7; 19.0; 0.7;1458; 0.3; 0.4; 0.4;18; 21.4;F;1;29;On;On;Off; 28.6; 26.1;0;2;802;2;802;2;616;1;-
2026/04/02;10:07:15;100;-; 56.62; 0.4;-; 76.5; 76.9; 23.5; 22.0; 1.5;1458; 0.3; 0.4; 0.4;18; 21.4;F;1;29;On;On;Off; 28.6; 26.1;0;2;802;2;802;2;616;1;-
2026/04/02;10:08:15;100;-; 56.62; 0.4;-; 76.4; 77.1; 24.3; 23.5; 0.7;1458; 0.3; 0.4; 0.4;18; 21.4;F;1;29;On;On;Off; 28.6; 26.1;0;2;802;2;802;2;616;1;-
2026/04/02;10:09:15;100;-; 56.60; 0.3;-; 76.7; 77.0; 18.9; 18.2; 0.7;1458; 0.3; 0.4; 0.4;18; 21.4;F;1;29;On;On;Off; 28.6; 26.1;0;2;802;2;802;2;616;1;-
2026/04/02;10:10:15;100;-; 56.62; 0.5;-; 76.4; 77.0; 25.8; 25.1; 0.7;1458; 0.3; 0.4; 0.4;18; 21.4;F;1;29;On;On;Off; 28.7; 26.1;0;2;802;2;802;2;616;1;-
2026/04/02;10:11:15;100;-; 56.62; 0.4;-; 76.5; 77.0; 21.2; 20.5; 0.7;1458; 0.3; 0.4; 0.4;18; 21.4;F;1;29;On;On;Off; 28.7; 26.1;0;2;802;2;802;2;616;1;-
2026/04/02;10:12:15;100;-; 56.62; 0.4;-; 76.5; 77.0; 24.3; 23.5; 0.7;1458; 0.3; 0.4; 0.4;18; 21.4;F;1;29;On;On;Off; 28.6; 26.1;0;2;802;2;802;2;616;1;-
2026/04/02;10:13:15;100;-; 56.62; 0.4;-; 76.6; 77.1; 24.3; 23.5; 0.7;1458; 0.3; 0.4; 0.4;19; 21.4;F;1;29;On;On;Off; 28.7; 26.1;0;2;802;2;802;2;616;1;-
2026/04/02;10:14:15;100;-; 56.62; 0.4;-; 76.5; 77.0; 22.7; 22.0; 0.7;1458; 0.3; 0.4; 0.4;18; 21.4;F;1;29;On;On;Off; 28.7; 26.1;0;2;802;2;802;2;616;1;-
2026/04/02;10:15:15;100;-; 56.62; 0.2;-; 77.0; 77.1; 13.6; 12.9; 0.7;1458; 0.3; 0.4; 0.4;18; 21.4;F;1;29;On;On;Off; 28.7; 26.1;0;2;802;2;802;2;616;1;-
2026/04/02;10:16:14;100;-; 56.62; 0.3;-; 76.8; 77.0; 16.7; 15.9; 0.7;1458; 0.3; 0.4; 0.4;18; 21.4;F;1;29;On;On;Off; 28.7; 26.1;0;2;802;2;802;2;616;1;-
2026/04/02;10:17:14;100;-; 56.62; 0.4;-; 76.6; 76.9; 21.2; 20.5; 0.7;1458; 0.3; 0.4; 0.4;18; 21.4;F;1;29;On;On;Off; 28.6; 26.1;0;2;802;2;802;2;616;1;-
2026/04/02;10:18:14;100;-; 56.62; 0.3;-; 76.8; 77.0; 17.4; 16.7; 0.7;1458; 0.3; 0.4; 0.4;18; 21.4;F;1;29;On;On;Off; 28.7; 26.1;0;2;802;2;802;2;616;1;-
2026/04/02;10:19:14;100;-; 56.62; 0.3;-; 76.8; 77.0; 17.4; 16.7; 0.7;1458; 0.3; 0.4; 0.4;18; 21.4;F;1;29;On;On;Off; 28.7; 26.1;0;2;802;2;802;2;616;1;-
2026/04/02;10:20:14;100;-; 56.62; 0.4;-; 76.8; 77.0; 20.5; 19.0; 1.5;1458; 0.3; 0.4; 0.4;18; 21.4;F;1;29;On;On;Off; 28.7; 26.1;0;2;802;2;802;2;616;1;-
2026/04/02;10:21:14;100;-; 56.62; 0.4;-; 76.8; 77.0; 20.5; 19.7; 0.7;1458; 0.3; 0.4; 0.4;18; 21.4;F;1;29;On;On;Off; 28.7; 26.1;0;2;802;2;802;2;616;1;-
2026/04/02;10:22:14;100;-; 56.62; 0.3;-; 77.0; 77.0; 15.1; 14.4; 0.7;1458; 0.3; 0.4; 0.4;17; 21.4;F;1;29;On;On;Off; 28.6; 26.1;0;2;802;2;802;2;616;1;-
2026/04/02;10:23:14;100;-; 56.62; 0.4;-; 76.6; 77.0; 22.7; 22.0; 0.7;1458; 0.3; 0.4; 0.4;17; 21.4;F;1;29;On;On;Off; 28.7; 26.1;0;2;802;2;802;2;616;1;-
2026/04/02;10:24:14;100;-; 56.62; 0.3;-; 76.8; 77.0; 17.4; 16.7; 0.7;1458; 0.3; 0.4; 0.4;17; 21.4;F;1;29;On;On;Off; 28.7; 26.1;0;2;802;2;802;2;616;1;-
2026/04/02;10:25:14;100;-; 56.62; 0.4;-; 76.3; 76.9; 23.5; 22.8; 0.7;1458; 0.3; 0.4; 0.4;18; 21.4;F;1;29;On;On;Off; 28.6; 26.1;0;2;802;2;802;2;616;1;-
2026/04/02;10:26:14;100;-; 56.62; 0.4;-; 76.7; 76.8; 23.5; 22.0; 1.5;1458; 0.3; 0.4; 0.4;18; 21.4;F;1;29;On;On;Off; 28.7; 26.1;0;2;802;2;802;2;616;1;-
2026/04/02;10:27:14;100;-; 56.62; 0.4;-; 76.6; 76.8; 21.2; 20.5; 0.7;1458; 0.3; 0.4; 0.4;18; 21.4;F;1;29;On;On;Off; 28.7; 26.1;0;2;802;2;802;2;616;1;-
2026/04/02;10:28:14;100;-; 56.62; 0.5;-; 76.5; 76.9; 26.5; 25.1; 1.5;1458; 0.3; 0.4; 0.4;17; 21.4;F;1;29;On;On;Off; 28.7; 26.1;0;2;802;2;802;2;616;1;-
2026/04/02;10:29:14;100;-; 56.60; 0.3;-; 76.9; 76.8; 17.4; 16.7; 0.7;1458; 0.3; 0.4; 0.4;18; 21.4;F;1;29;On;On;Off; 28.7; 26.1;0;2;802;2;802;2;616;1;-
2026/04/02;10:30:14;100;-; 56.62; 0.4;-; 76.5; 76.9; 20.5; 19.7; 0.7;1458; 0.3; 0.4; 0.4;18; 21.4;F;1;29;On;On;Off; 28.6; 26.1;0;2;802;2;802;2;616;1;-
2026/04/02;10:31:14;100;-; 56.62; 0.4;-; 76.3; 76.7; 22.0; 21.3; 0.7;1458; 0.3; 0.4; 0.4;18; 21.4;F;1;29;On;On;Off; 28.7; 26.1;0;2;802;2;802;2;616;1;-
2026/04/02;10:32:13;100;-; 56.62; 0.4;-; 76.3; 76.5; 21.9; 20.5; 1.5;1458; 0.3; 0.4; 0.4;18; 21.4;F;1;29;On;On;Off; 28.7; 26.1;0;2;802;2;802;3;617;1;-
2026/04/02;10:33:13;100;-; 56.62; 0.5;-; 75.9; 76.5; 28.1; 26.6; 1.5;1458; 0.3; 0.4; 0.4;18; 21.4;F;1;29;On;On;Off; 28.6; 26.1;0;2;802;2;802;3;617;1;-
2026/04/02;10:34:13;100;-; 56.62; 0.4;-; 75.9; 76.5; 23.5; 22.8; 0.7;1458; 0.3; 0.4; 0.4;17; 21.4;F;1;29;On;On;Off; 28.6; 26.1;0;2;802;2;802;3;617;1;-
2026/04/02;10:35:13;100;-; 56.62; 0.3;-; 76.5; 76.5; 16.7; 15.9; 0.7;1458; 0.3; 0.4; 0.4;17; 21.4;F;1;29;On;On;Off; 28.6; 26.1;0;2;802;2;802;3;617;1;-
2026/04/02;10:36:13;100;-; 56.62; 0.3;-; 76.3; 76.5; 18.9; 18.2; 0.7;1458; 0.3; 0.4; 0.4;18; 21.4;F;1;29;On;On;Off; 28.6; 26.1;0;2;802;2;802;3;617;1;-
2026/04/02;10:37:13;100;-; 56.62; 0.4;-; 76.2; 76.4; 21.2; 19.7; 1.5;1458; 0.3; 0.4; 0.4;18; 21.4;F;1;29;On;On;Off; 28.6; 26.1;0;2;802;2;802;3;617;1;-
2026/04/02;10:38:13;100;-; 56.62; 0.4;-; 76.2; 76.5; 21.2; 20.5; 0.7;1458; 0.3; 0.4; 0.4;18; 21.4;F;1;29;On;On;Off; 28.6; 26.1;0;2;802;2;802;3;617;1;-
2026/04/02;10:39:13;100;-; 56.62; 0.4;-; 75.6; 76.3; 23.5; 22.0; 1.5;1459; 0.3; 0.4; 0.4;17; 21.4;F;1;29;On;On;Off; 28.6; 26.1;0;2;802;2;802;3;617;1;-
2026/04/02;10:40:13;100;-; 56.62; 0.5;-; 75.7; 76.3; 26.5; 25.1; 1.5;1459; 0.3; 0.4; 0.4;17; 21.4;F;1;29;On;On;Off; 28.6; 26.1;0;2;802;2;802;3;617;1;-
2026/04/02;10:41:13;100;-; 56.62; 0.4;-; 76.2; 76.3; 21.2; 20.5; 0.7;1459; 0.3; 0.4; 0.4;17; 21.4;F;1;29;On;On;Off; 28.6; 26.1;0;2;802;2;802;3;617;1;-
2026/04/02;10:42:13;100;-; 56.62; 0.4;-; 75.7; 76.1; 20.5; 19.7; 0.7;1459; 0.3; 0.4; 0.4;18; 21.4;F;1;29;On;On;Off; 28.6; 26.1;0;2;802;2;802;3;617;1;-
2026/04/02;10:43:13;100;-; 56.62; 0.4;-; 75.4; 76.1; 22.0; 21.3; 0.7;1459; 0.3; 0.4; 0.4;18; 21.4;F;1;29;On;On;Off; 28.6; 26.1;0;2;802;2;802;3;617;1;-
2026/04/02;10:44:13;100;-; 56.62; 0.3;-; 75.9; 76.1; 16.7; 15.9; 0.7;1459; 0.3; 0.4; 0.4;17; 21.4;F;1;29;On;On;Off; 28.6; 26.1;0;2;802;2;802;3;617;1;-
2026/04/02;10:45:13;100;-; 56.62; 0.5;-; 75.4; 76.2; 25.8; 25.1; 0.7;1459; 0.3; 0.4; 0.4;18; 21.4;F;1;29;On;On;Off; 28.6; 26.1;0;2;802;2;802;3;617;1;-
2026/04/02;10:46:13;100;-; 56.60; 0.3;-; 75.7; 76.1; 19.7; 19.0; 0.7;1459; 0.3; 0.4; 0.4;17; 21.4;F;1;29;On;On;Off; 28.6; 26.1;0;2;802;2;802;3;617;1;-
2026/04/02;10:47:12;100;-; 56.62; 0.4;-; 75.5; 76.3; 24.3; 23.5; 0.7;1459; 0.3; 0.4; 0.4;18; 21.4;F;1;29;On;On;Off; 28.6; 26.1;0;2;802;2;802;3;617;1;-
2026/04/02;10:48:12;100;-; 56.62; 0.4;-; 75.9; 76.3; 20.5; 19.7; 0.7;1459; 0.3; 0.4; 0.4;18; 21.4;F;1;29;On;On;Off; 28.6; 26.1;0;2;802;2;802;3;617;1;-
2026/04/02;10:49:12;100;-; 56.62; 0.4;-; 75.9; 76.2; 20.5; 19.7; 0.7;1459; 0.3; 0.4; 0.4;18; 21.4;F;1;29;On;On;Off; 28.6; 26.1;0;2;802;2;802;3;617;1;-
2026/04/02;10:50:12;100;-; 56.60; 0.3;-; 76.3; 76.3; 18.2; 17.5; 0.7;1459; 0.3; 0.4; 0.4;17; 21.4;F;1;29;On;On;Off; 28.6; 26.1;0;2;802;2;802;3;617;1;-
2026/04/02;10:51:12;100;-; 56.62; 0.4;-; 76.0; 76.3; 22.7; 22.0; 0.7;1459; 0.3; 0.4; 0.4;17; 21.4;F;1;29;On;On;Off; 28.6; 26.1;0;2;802;2;802;3;617;1;-
2026/04/02;10:52:12;100;-; 56.62; 0.4;-; 75.9; 76.3; 22.7; 21.3; 1.5;1459; 0.3; 0.4; 0.4;17; 21.4;F;1;29;On;On;Off; 28.6; 26.1;0;2;802;2;802;3;617;1;-
2026/04/02;10:53:12;100;-; 56.62; 0.3;-; 76.1; 76.4; 17.4; 16.7; 0.7;1459; 0.3; 0.4; 0.4;17; 21.4;F;1;29;On;On;Off; 28.6; 26.1;0;3;803;3;803;3;617;1;-
2026/04/02;10:54:12;100;-; 56.62; 0.4;-; 75.8; 76.4; 23.5; 22.8; 0.7;1459; 0.3; 0.4; 0.4;17; 21.4;F;1;29;On;On;Off; 28.6; 26.1;0;3;803;3;803;3;617;1;-
2026/04/02;10:55:12;100;-; 56.62; 0.4;-; 75.9; 76.3; 20.5; 19.7; 0.7;1459; 0.3; 0.4; 0.4;18; 21.4;F;1;29;On;On;Off; 28.6; 26.1;0;3;803;3;803;3;617;1;-
2026/04/02;10:56:12;100;-; 56.62; 0.5;-; 75.6; 76.3; 25.7; 24.3; 1.5;1459; 0.3; 0.4; 0.4;17; 21.4;F;1;29;On;On;Off; 28.6; 26.1;0;3;803;3;803;3;617;1;-
2026/04/02;10:57:12;100;-; 56.60; 0.3;-; 76.3; 76.5; 17.4; 16.7; 0.7;1459; 0.3; 0.4; 0.4;17; 21.4;F;1;29;On;On;Off; 28.6; 26.1;0;3;803;3;803;3;617;1;-
2026/04/02;10:58:12;100;-; 56.60; 0.3;-; 76.0; 76.4; 16.7; 15.9; 0.7;1459; 0.3; 0.4; 0.4;18; 21.4;F;1;29;On;On;Off; 28.6; 26.1;0;3;803;3;803;3;617;1;-
2026/04/02;10:59:12;100;-; 56.62; 0.5;-; 75.7; 76.4; 26.5; 25.1; 1.5;1459; 0.3; 0.4; 0.4;18; 21.4;F;1;29;On;On;Off; 28.6; 26.0;0;3;803;3;803;3;617;1;-
2026/04/02;11:00:12;100;-; 56.62; 0.4;-; 75.8; 76.4; 22.7; 22.0; 0.7;1459; 0.3; 0.4; 0.4;17; 21.4;F;1;29;On;On;Off; 28.6; 26.1;0;3;803;3;803;3;617;1;-
2026/04/02;11:01:12;100;-; 56.62; 0.4;-; 75.7; 76.5; 20.5; 19.7; 0.7;1459; 0.3; 0.4; 0.4;17; 21.4;F;1;29;On;On;Off; 28.6; 26.1;0;3;803;3;803;3;617;1;-
2026/04/02;11:02:12;100;-; 56.60; 0.4;-; 76.0; 76.5; 22.0; 21.3; 0.7;1459; 0.3; 0.4; 0.4;17; 21.4;F;1;29;On;On;Off; 28.6; 26.0;0;3;803;3;803;3;617;1;-
2026/04/02;11:03:11;100;-; 56.62; 0.5;-; 76.0; 76.7; 26.5; 25.1; 1.5;1459; 0.3; 0.4; 0.4;17; 21.4;F;1;29;On;On;Off; 28.6; 26.1;0;3;803;3;803;3;617;1;-
2026/04/02;11:04:11;100;-; 56.62; 0.3;-; 76.4; 76.5; 18.2; 17.5; 0.7;1459; 0.3; 0.4; 0.4;17; 21.4;F;1;29;On;On;Off; 28.6; 26.0;0;3;803;3;803;3;617;1;-
2026/04/02;11:05:11;100;-; 56.62; 0.5;-; 76.1; 76.6; 26.5; 25.8; 0.7;1459; 0.3; 0.4; 0.4;18; 21.4;F;1;29;On;On;Off; 28.6; 26.0;0;3;803;3;803;3;617;1;-
2026/04/02;11:06:11;100;-; 56.64; 0.4;-; 76.2; 76.6; 22.7; 21.3; 1.5;1459; 0.3; 0.4; 0.4;17; 21.4;F;1;29;On;On;Off; 28.6; 26.1;0;3;803;3;803;3;617;1;-
2026/04/02;11:07:11;100;-; 56.62; 0.3;-; 76.5; 76.8; 14.4; 13.7; 0.7;1459; 0.3; 0.4; 0.4;17; 21.4;F;1;29;On;On;Off; 28.6; 26.1;0;3;803;3;803;3;617;1;-
2026/04/02;11:08:11;100;-; 56.62; 0.3;-; 76.2; 76.6; 18.9; 17.5; 1.5;1459; 0.3; 0.4; 0.4;17; 21.4;F;1;29;On;On;Off; 28.6; 26.1;0;3;803;3;803;3;617;1;-
2026/04/02;11:09:11;100;-; 56.62; 0.4;-; 76.1; 76.7; 20.5; 19.7; 0.7;1459; 0.3; 0.4; 0.4;17; 21.4;F;1;29;On;On;Off; 28.6; 26.1;0;3;803;3;803;3;617;1;-
2026/04/02;11:10:11;100;-; 56.62; 0.3;-; 76.1; 76.4; 19.7; 19.0; 0.7;1459; 0.3; 0.4; 0.4;17; 21.4;F;1;29;On;On;Off; 28.6; 26.0;0;3;803;3;803;3;617;1;-
2026/04/02;11:11:11;100;-; 56.62; 0.4;-; 76.1; 76.6; 23.5; 22.0; 1.5;1459; 0.3; 0.4; 0.4;17; 21.4;F;1;29;On;On;Off; 28.6; 26.1;0;3;803;3;803;3;617;1;-
2026/04/02;11:12:11;100;-; 56.62; 0.4;-; 76.1; 76.6; 22.0; 21.3; 0.7;1459; 0.3; 0.4; 0.4;18; 21.4;F;1;29;On;On;Off; 28.6; 26.1;0;3;803;3;803;3;617;1;-
2026/04/02;11:13:11;100;-; 56.62; 0.4;-; 76.3; 76.4; 21.9; 20.5; 1.5;1459; 0.3; 0.4; 0.4;17; 21.4;F;1;29;On;On;Off; 28.6; 26.0;0;3;803;3;803;3;617;1;-
2026/04/02;11:14:11;100;-; 56.62; 0.4;-; 76.5; 76.5; 21.9; 20.5; 1.5;1459; 0.3; 0.4; 0.4;17; 21.4;F;1;29;On;On;Off; 28.6; 26.1;0;3;803;3;803;3;617;1;-
2026/04/02;11:15:11;100;-; 56.62; 0.3;-; 76.1; 76.6; 19.7; 19.0; 0.7;1459; 0.3; 0.4; 0.4;17; 21.4;F;1;29;On;On;Off; 28.6; 26.1;0;3;803;3;803;3;617;1;-
2026/04/02;11:16:11;100;-; 56.60; 0.3;-; 76.1; 76.4; 18.9; 18.2; 0.7;1459; 0.3; 0.4; 0.4;17; 21.4;F;1;29;On;On;Off; 28.6; 26.1;0;3;803;3;803;3;617;1;-
2026/04/02;11:17:11;100;-; 56.62; 0.3;-; 76.2; 76.6; 18.9; 18.2; 0.7;1459; 0.3; 0.4; 0.4;17; 21.4;F;1;29;On;On;Off; 28.6; 26.1;0;3;803;3;803;3;617;1;-
2026/04/02;11:18:10;100;-; 56.60; 0.3;-; 76.4; 76.6; 15.9; 14.4; 1.5;1459; 0.3; 0.4; 0.4;17; 21.4;F;1;29;On;On;Off; 28.6; 26.1;0;3;803;3;803;3;617;1;-
2026/04/02;11:19:10;100;-; 56.60; 0.4;-; 76.3; 76.5; 22.7; 22.0; 0.7;1459; 0.3; 0.4; 0.4;16; 21.4;F;1;29;On;On;Off; 28.6; 26.1;0;3;803;3;803;3;617;1;-
2026/04/02;11:20:10;100;-; 56.62; 0.4;-; 76.4; 76.6; 22.0; 21.3; 0.7;1459; 0.3; 0.4; 0.4;17; 21.4;F;1;29;On;On;Off; 28.6; 26.1;0;3;803;3;803;3;617;1;-
2026/04/02;11:21:10;100;-; 56.62; 0.4;-; 76.1; 76.6; 21.2; 20.5; 0.7;1459; 0.3; 0.4; 0.4;17; 21.4;F;1;29;On;On;Off; 28.6; 26.1;0;3;803;3;803;3;617;1;-
2026/04/02;11:22:10;100;-; 56.62; 0.4;-; 76.2; 76.5; 20.5; 19.7; 0.7;1459; 0.3; 0.4; 0.4;17; 21.4;F;1;29;On;On;Off; 28.6; 26.1;0;3;803;3;803;3;617;1;-
2026/04/02;11:23:10;100;-; 56.62; 0.4;-; 76.2; 76.6; 22.7; 22.0; 0.7;1459; 0.3; 0.4; 0.4;17; 21.4;F;1;29;On;On;Off; 28.6; 26.1;0;3;803;3;803;3;617;1;-
2026/04/02;11:24:10;100;-; 56.62; 0.5;-; 75.9; 76.5; 26.5; 25.8; 0.7;1459; 0.3; 0.4; 0.4;16; 21.4;F;1;29;On;On;Off; 28.6; 26.1;0;3;803;3;803;3;617;1;-
2026/04/02;11:25:10;100;-; 56.60; 0.4;-; 76.2; 76.6; 24.3; 23.5; 0.7;1459; 0.3; 0.4; 0.4;16; 21.4;F;1;29;On;On;Off; 28.6; 26.1;0;3;803;3;803;3;617;1;-
2026/04/02;11:26:10;100;-; 56.62; 0.5;-; 76.2; 76.6; 26.5; 25.8; 0.7;1459; 0.3; 0.4; 0.4;16; 21.4;F;1;29;On;On;Off; 28.6; 26.1;0;3;803;3;803;3;617;1;-
2026/04/02;11:27:10;100;-; 56.62; 0.4;-; 76.5; 76.6; 21.9; 20.5; 1.5;1459; 0.3; 0.4; 0.4;17; 21.4;F;1;29;On;On;Off; 28.6; 26.1;0;3;803;3;803;3;617;1;-
2026/04/02;11:28:10;100;-; 56.62; 0.4;-; 76.1; 76.7; 24.3; 23.5; 0.7;1459; 0.3; 0.4; 0.4;16; 21.4;F;1;29;On;On;Off; 28.6; 26.1;0;3;803;3;803;3;617;1;-
2026/04/02;11:29:10;100;-; 56.62; 0.3;-; 76.3; 76.6; 18.2; 17.5; 0.7;1459; 0.3; 0.4; 0.4;17; 21.4;F;1;29;On;On;Off; 28.6; 26.1;0;3;803;3;803;3;617;1;-
2026/04/02;11:30:10;100;-; 56.62; 0.4;-; 76.1; 76.5; 22.0; 21.3; 0.7;1459; 0.3; 0.4; 0.4;17; 21.4;F;1;29;On;On;Off; 28.6; 26.1;0;3;803;3;803;3;617;1;-
2026/04/02;11:31:10;100;-; 56.60; 0.3;-; 76.4; 76.6; 17.4; 16.7; 0.7;1459; 0.3; 0.4; 0.4;16; 21.4;F;1;29;On;On;Off; 28.6; 26.1;0;3;803;3;803;3;617;1;-
2026/04/02;11:32:10;100;-; 56.62; 0.4;-; 76.0; 76.5; 23.5; 22.8; 0.7;1459; 0.3; 0.4; 0.4;17; 21.4;F;1;29;On;On;Off; 28.6; 26.1;0;3;803;3;803;3;617;1;-
2026/04/02;11:33:09;100;-; 56.62; 0.3;-; 76.7; 76.7; 15.9; 14.4; 1.5;1459; 0.3; 0.4; 0.4;16; 21.4;F;1;29;On;On;Off; 28.6; 26.1;0;3;803;3;803;3;617;1;-
2026/04/02;11:34:09;100;-; 56.62; 0.4;-; 76.3; 76.7; 21.9; 20.5; 1.5;1459; 0.3; 0.4; 0.4;16; 21.4;F;1;29;On;On;Off; 28.6; 26.1;0;3;803;3;803;3;617;1;-
2026/04/02;11:35:09;100;-; 56.60; 0.3;-; 76.7; 76.6; 16.7; 15.9; 0.7;1459; 0.3; 0.4; 0.4;16; 21.4;F;1;29;On;On;Off; 28.6; 26.1;0;3;803;3;803;3;617;1;-
2026/04/02;11:36:09;100;-; 56.62; 0.3;-; 76.2; 76.7; 18.1; 16.7; 1.5;1459; 0.3; 0.4; 0.4;16; 21.4;F;1;29;On;On;Off; 28.6; 26.1;0;3;803;3;803;3;617;1;-
2026/04/02;11:37:09;100;-; 56.60; 0.3;-; 76.5; 76.6; 15.1; 14.4; 0.7;1459; 0.3; 0.4; 0.4;16; 21.4;F;1;29;On;On;Off; 28.6; 26.1;0;3;803;3;803;3;617;1;-
2026/04/02;11:38:09;100;-; 56.62; 0.4;-; 76.1; 76.5; 21.2; 20.5; 0.7;1459; 0.3; 0.4; 0.4;17; 21.4;F;1;29;On;On;Off; 28.6; 26.1;0;3;803;3;803;3;617;1;-
2026/04/02;11:39:09;100;-; 56.60; 0.3;-; 76.5; 76.6; 19.7; 19.0; 0.7;1460; 0.3; 0.4; 0.4;17; 21.4;F;1;29;On;On;Off; 28.6; 26.1;0;3;803;3;803;3;617;1;-
2026/04/02;11:40:09;100;-; 56.62; 0.4;-; 76.3; 76.8; 24.3; 23.5; 0.7;1460; 0.3; 0.4; 0.4;17; 21.4;F;1;29;On;On;Off; 28.6; 26.1;0;3;803;3;803;3;617;1;-
2026/04/02;11:41:09;100;-; 56.62; 0.3;-; 76.7; 76.7; 18.2; 17.5; 0.7;1460; 0.3; 0.4; 0.4;16; 21.4;F;1;29;On;On;Off; 28.6; 26.1;0;3;803;3;803;3;617;1;-
2026/04/02;11:42:09;100;-; 56.62; 0.3;-; 76.6; 76.7; 18.9; 18.2; 0.7;1460; 0.3; 0.4; 0.4;17; 21.4;F;1;29;On;On;Off; 28.6; 26.1;0;3;803;3;803;3;617;1;-
2026/04/02;11:43:09;100;-; 56.62; 0.4;-; 76.2; 76.7; 24.3; 23.5; 0.7;1460; 0.3; 0.4; 0.4;17; 21.4;F;1;29;On;On;Off; 28.6; 26.1;0;3;803;3;803;3;617;1;-
2026/04/02;11:44:09;100;-; 56.60; 0.3;-; 76.5; 76.8; 18.9; 17.5; 1.5;1460; 0.3; 0.4; 0.4;16; 21.4;F;1;29;On;On;Off; 28.6; 26.1;0;3;803;3;803;3;617;1;-
2026/04/02;11:45:09;100;-; 56.62; 0.5;-; 76.2; 76.6; 26.5; 25.1; 1.5;1460; 0.3; 0.4; 0.4;17; 21.4;F;1;29;On;On;Off; 28.6; 26.1;0;3;803;3;803;3;617;1;-
2026/04/02;11:46:09;100;-; 56.60; 0.3;-; 76.6; 76.7; 15.1; 14.4; 0.7;1460; 0.3; 0.4; 0.4;16; 21.4;F;1;29;On;On;Off; 28.6; 26.1;0;3;803;3;803;3;617;1;-
2026/04/02;11:47:09;100;-; 56.62; 0.3;-; 76.5; 76.6; 18.9; 17.5; 1.5;1460; 0.3; 0.4; 0.4;17; 21.4;F;1;29;On;On;Off; 28.6; 26.1;0;3;803;3;803;3;617;1;-
2026/04/02;11:48:09;100;-; 56.62; 0.4;-; 76.2; 76.6; 21.2; 20.5; 0.7;1460; 0.3; 0.4; 0.4;17; 21.4;F;1;29;On;On;Off; 28.6; 26.1;0;3;803;3;803;3;617;1;-
2026/04/02;11:49:08;100;-; 56.62; 0.3;-; 76.5; 76.7; 18.9; 18.2; 0.7;1460; 0.3; 0.4; 0.4;16; 21.4;F;1;29;On;On;Off; 28.6; 26.1;0;3;803;3;803;3;617;1;-
2026/04/02;11:50:08;100;-; 56.62; 0.4;-; 76.4; 76.7; 21.2; 20.5; 0.7;1460; 0.3; 0.4; 0.4;16; 21.4;F;1;29;On;On;Off; 28.6; 26.1;0;3;803;3;803;3;617;1;-
2026/04/02;11:51:08;100;-; 56.62; 0.4;-; 76.4; 76.6; 23.5; 22.8; 0.7;1460; 0.3; 0.4; 0.4;16; 21.4;F;1;29;On;On;Off; 28.6; 26.1;0;3;803;3;803;3;617;1;-
2026/04/02;11:52:08;100;-; 56.62; 0.4;-; 76.5; 76.6; 20.5; 19.0; 1.5;1460; 0.3; 0.4; 0.4;16; 21.4;F;1;29;On;On;Off; 28.6; 26.1;0;3;803;3;803;3;617;1;-
2026/04/02;11:53:08;100;-; 56.60; 0.2;-; 76.7; 76.6; 13.6; 12.9; 0.7;1460; 0.3; 0.4; 0.4;16; 21.4;F;1;29;On;On;Off; 28.6; 26.1;0;3;803;3;803;3;617;1;-
2026/04/02;11:54:08;100;-; 56.62; 0.5;-; 75.9; 76.5; 26.5; 25.1; 1.5;1460; 0.3; 0.4; 0.4;16; 21.4;F;1;29;On;On;Off; 28.6; 26.1;0;3;803;3;803;3;617;1;-
2026/04/02;11:55:08;100;-; 56.62; 0.3;-; 76.1; 76.3; 19.7; 18.2; 1.5;1460; 0.3; 0.4; 0.4;16; 21.4;F;1;29;On;On;Off; 28.6; 26.1;0;3;803;3;803;3;617;1;-
2026/04/02;11:56:08;100;-; 56.62; 0.3;-; 76.2; 76.4; 19.7; 19.0; 0.7;1460; 0.3; 0.4; 0.4;17; 21.4;F;1;29;On;On;Off; 28.6; 26.1;0;3;803;3;803;3;617;1;-
2026/04/02;11:57:08;100;-; 56.62; 0.3;-; 76.5; 76.7; 19.7; 19.0; 0.7;1460; 0.3; 0.4; 0.4;16; 21.4;F;1;29;On;On;Off; 28.6; 26.1;0;3;803;3;803;3;617;1;-
2026/04/02;11:58:08;100;-; 56.60; 0.3;-; 76.9; 76.9; 14.4; 13.7; 0.7;1460; 0.3; 0.4; 0.4;16; 21.4;F;1;29;On;On;Off; 28.6; 26.1;0;3;803;3;803;3;617;1;-
2026/04/02;11:59:08;100;-; 56.62; 0.3;-; 76.5; 76.7; 19.7; 19.0; 0.7;1460; 0.3; 0.4; 0.4;16; 21.4;F;1;29;On;On;Off; 28.6; 26.1;0;3;803;3;803;3;617;1;-
2026/04/02;12:00:08;100;-; 56.60; 0.3;-; 76.4; 76.8; 14.4; 13.7; 0.7;1460; 0.3; 0.4; 0.4;16; 21.4;F;1;29;On;On;Off; 28.6; 26.1;0;3;803;3;803;3;617;1;-
2026/04/02;12:01:08;100;-; 56.62; 0.3;-; 76.3; 76.6; 17.4; 16.7; 0.7;1460; 0.3; 0.4; 0.4;16; 21.4;F;1;29;On;On;Off; 28.6; 26.1;0;3;803;3;803;3;617;1;-
2026/04/02;12:02:08;100;-; 56.62; 0.3;-; 76.2; 76.5; 19.7; 19.0; 0.7;1460; 0.3; 0.4; 0.4;16; 21.4;F;1;29;On;On;Off; 28.6; 26.1;0;3;803;3;803;3;617;1;-
2026/04/02;12:03:08;100;-; 56.62; 0.3;-; 76.6; 76.8; 15.1; 14.4; 0.7;1460; 0.3; 0.4; 0.4;16; 21.3;F;1;29;On;On;Off; 28.6; 26.0;0;3;803;3;803;3;617;1;-
2026/04/02;12:04:07;100;-; 56.62; 0.4;-; 76.4; 76.9; 21.9; 20.5; 1.5;1460; 0.3; 0.4; 0.4;16; 21.3;F;1;29;On;On;Off; 28.6; 26.1;0;3;803;3;803;3;617;1;-
2026/04/02;12:05:07;100;-; 56.60; 0.4;-; 76.4; 76.8; 21.2; 19.7; 1.5;1460; 0.3; 0.4; 0.4;16; 21.3;F;1;29;On;On;Off; 28.6; 26.1;0;3;803;3;803;3;617;1;-
2026/04/02;12:06:07;100;-; 56.62; 0.4;-; 76.1; 76.5; 21.2; 20.5; 0.7;1460; 0.3; 0.4; 0.4;17; 21.3;F;1;29;On;On;Off; 28.6; 26.0;0;3;803;3;803;3;617;1;-
2026/04/02;12:07:07;100;-; 56.62; 0.4;-; 76.0; 76.4; 24.3; 22.8; 1.5;1460; 0.3; 0.4; 0.4;16; 21.4;F;1;29;On;On;Off; 28.6; 26.0;0;3;803;3;803;3;617;1;-
2026/04/02;12:08:07;100;-; 56.62; 0.4;-; 76.4; 76.8; 24.3; 22.8; 1.5;1460; 0.3; 0.4; 0.4;17; 21.3;F;1;29;On;On;Off; 28.6; 26.0;0;3;803;3;803;3;617;1;-
2026/04/02;12:09:07;100;-; 56.62; 0.4;-; 76.5; 76.8; 22.0; 21.3; 0.7;1460; 0.3; 0.4; 0.4;16; 21.3;F;1;29;On;On;Off; 28.6; 26.0;0;3;803;3;803;3;617;1;-
2026/04/02;12:10:07;100;-; 56.62; 0.4;-; 76.2; 76.8; 22.0; 21.3; 0.7;1460; 0.3; 0.4; 0.4;16; 21.3;F;1;29;On;On;Off; 28.6; 26.0;0;3;803;3;803;3;617;1;-
2026/04/02;12:11:07;100;-; 56.62; 0.3;-; 77.2; 77.2; 16.7; 15.9; 0.7;1460; 0.3; 0.4; 0.4;16; 21.3;F;1;29;On;On;Off; 28.6; 26.0;0;3;803;3;803;3;617;1;-
2026/04/02;12:12:07;100;-; 56.62; 0.4;-; 77.0; 77.4; 25.0; 23.5; 1.5;1460; 0.3; 0.4; 0.4;16; 21.4;F;1;29;On;On;Off; 28.6; 26.0;0;3;803;3;803;3;617;1;-
2026/04/02;12:13:07;100;-; 56.62; 0.5;-; 76.6; 77.1; 26.5; 25.1; 1.5;1460; 0.3; 0.4; 0.4;16; 21.4;F;1;29;On;On;Off; 28.6; 26.0;0;3;803;3;803;3;617;1;-
2026/04/02;12:14:07;100;-; 56.62; 0.3;-; 76.5; 76.6; 16.7; 15.9; 0.7;1460; 0.3; 0.4; 0.4;16; 21.4;F;1;29;On;On;Off; 28.6; 26.0;0;3;803;3;803;3;617;1;-
2026/04/02;12:15:07;100;-; 56.62; 0.5;-; 76.4; 76.9; 26.5; 25.8; 0.7;1460; 0.3; 0.4; 0.4;16; 21.4;F;1;29;On;On;Off; 28.6; 26.0;0;3;803;3;803;3;617;1;-
2026/04/02;12:16:07;100;-; 56.62; 0.4;-; 77.2; 77.4; 22.0; 21.3; 0.7;1460; 0.3; 0.4; 0.4;16; 21.4;F;1;29;On;On;Off; 28.6; 26.0;0;3;803;3;803;3;617;1;-
2026/04/02;12:17:07;100;-; 56.62; 0.4;-; 77.1; 77.4; 20.5; 19.7; 0.7;1460; 0.3; 0.4; 0.4;16; 21.4;F;1;29;On;On;Off; 28.6; 26.1;0;3;803;3;803;3;617;1;-
2026/04/02;12:18:07;100;-; 56.62; 0.4;-; 76.6; 76.9; 20.5; 19.7; 0.7;1460; 0.3; 0.4; 0.4;16; 21.4;F;1;29;On;On;Off; 28.6; 26.1;0;3;803;3;803;3;617;1;-
2026/04/02;12:19:07;100;-; 56.62; 0.4;-; 76.8; 77.0; 20.5; 19.7; 0.7;1460; 0.3; 0.4; 0.4;16; 21.4;F;1;29;On;On;Off; 28.6; 26.0;0;3;803;3;803;3;617;1;-
2026/04/02;12:20:06;100;-; 56.62; 0.4;-; 77.1; 77.4; 21.2; 19.7; 1.5;1460; 0.3; 0.4; 0.4;16; 21.4;F;1;29;On;On;Off; 28.6; 26.1;0;3;803;3;803;3;617;1;-
2026/04/02;12:21:06;100;-; 56.62; 0.4;-; 77.1; 77.4; 24.3; 23.5; 0.7;1460; 0.3; 0.4; 0.4;16; 21.4;F;1;29;On;On;Off; 28.6; 26.1;0;3;803;3;803;3;617;1;-
2026/04/02;12:22:06;100;-; 56.62; 0.4;-; 77.3; 77.5; 22.7; 21.3; 1.5;1460; 0.3; 0.4; 0.4;16; 21.4;F;1;29;On;On;Off; 28.6; 26.1;0;3;803;3;803;3;617;1;-
2026/04/02;12:23:06;100;-; 56.60; 0.4;-; 77.3; 77.3; 22.0; 21.3; 0.7;1460; 0.3; 0.4; 0.4;15; 21.4;F;1;29;On;On;Off; 28.6; 26.1;0;3;803;3;803;3;617;1;-
2026/04/02;12:24:06;100;-; 56.62; 0.4;-; 77.2; 77.5; 25.0; 23.5; 1.5;1460; 0.3; 0.4; 0.4;16; 21.5;F;1;29;On;On;Off; 28.6; 26.1;0;3;803;3;803;3;617;1;-
2026/04/02;12:25:06;100;-; 56.62; 0.3;-; 77.4; 77.4; 15.1; 14.4; 0.7;1460; 0.3; 0.4; 0.4;16; 21.5;F;1;29;On;On;Off; 28.6; 26.1;0;3;803;3;803;3;617;1;-
2026/04/02;12:26:06;100;-; 56.62; 0.3;-; 77.1; 77.3; 19.7; 19.0; 0.7;1460; 0.3; 0.4; 0.4;16; 21.5;F;1;29;On;On;Off; 28.7; 26.1;0;3;803;3;803;3;617;1;-
2026/04/02;12:27:06;100;-; 56.62; 0.5;-; 77.1; 77.5; 25.7; 24.3; 1.5;1460; 0.3; 0.4; 0.4;16; 21.5;F;1;29;On;On;Off; 28.6; 26.1;0;3;803;3;803;3;617;1;-
2026/04/02;12:28:06;100;-; 56.62; 0.4;-; 77.7; 77.6; 22.0; 21.3; 0.7;1460; 0.3; 0.4; 0.4;15; 21.5;F;1;29;On;On;Off; 28.7; 26.1;0;3;803;3;803;3;617;1;-
2026/04/02;12:29:06;100;-; 56.62; 0.4;-; 77.2; 77.5; 24.3; 23.5; 0.7;1460; 0.3; 0.4; 0.4;16; 21.5;F;1;29;On;On;Off; 28.7; 26.1;0;3;803;3;803;3;617;1;-
2026/04/02;12:30:06;100;-; 56.56; 0.0;-; 77.5; 77.2; 1.5; 0.0; 1.5;1460; 0.3; 0.4; 0.4;15; 21.5;F;1;29;On;On;Off; 28.6; 26.3;0;3;803;3;803;3;617;1;-
2026/04/02;12:31:06;100;-; 55.89; 0.6;-; 77.4; 77.2; 32.9; 16.5; 16.5;1460; 0.2; 0.3; 0.3;12; 21.5;F;1;29;On;On;Off; 28.0; 26.2;0;3;803;3;803;3;617;1;-
2026/04/02;12:32:06;100;-; 56.58; 1.0;-; 77.7; 76.2; 54.6; 0.0; 54.6;1460; 0.4; 0.5; 0.5;22; 21.5;F;1;29;On;On;Off; 28.5; 27.9;0;3;803;3;803;3;617;1;-
2026/04/02;12:33:06;100;-; 56.56; 0.8;-; 75.9; 77.4; 46.3; 46.3; 0.0;1460; 0.5; 0.6; 0.6;28; 21.5;F;1;29;On;On;Off; 29.0; 28.4;0;3;803;3;803;3;617;1;-
2026/04/02;12:34:06;100;-; 56.58; 1.0;-; 75.6; 77.5; 56.1; 56.1; 0.0;1460; 0.5; 0.6; 0.6;28; 21.5;F;1;29;On;On;Off; 29.2; 28.7;0;3;803;3;803;3;617;1;-
2026/04/02;12:35:05;100;-; 56.56; 0.8;-; 77.4; 76.3; 42.5; 0.0; 42.5;1460; 0.5; 0.6; 0.6;29; 21.5;F;1;29;On;On;Off; 29.3; 28.8;0;3;803;3;803;3;617;1;-
2026/04/02;12:36:05;100;-; 56.56; 0.5;-; 77.0; 76.6; 31.0; 3.0; 28.0;1460; 0.5; 0.6; 0.6;28; 21.6;F;1;29;On;On;Off; 29.5; 29.0;0;3;803;3;803;3;617;1;-
2026/04/02;12:37:05;100;-; 56.58; 0.9;-; 75.5; 77.8; 52.4; 52.4; 0.0;1460; 0.5; 0.6; 0.6;28; 21.6;F;1;29;On;On;Off; 29.6; 29.1;0;3;803;3;803;3;617;1;-
2026/04/02;12:38:05;100;-; 56.58; 0.9;-; 75.9; 77.6; 49.3; 49.3; 0.0;1460; 0.5; 0.6; 0.6;27; 21.6;F;1;29;On;On;Off; 29.7; 29.2;0;3;803;3;803;3;617;1;-
2026/04/02;12:39:05;100;-; 56.56; 1.0;-; 75.6; 77.6; 54.6; 54.6; 0.0;1461; 0.5; 0.6; 0.6;28; 21.6;F;1;29;On;On;Off; 29.8; 29.3;0;3;803;3;803;3;617;1;-
2026/04/02;12:40:05;100;-; 56.56; 0.6;-; 77.6; 75.9; 33.4; 0.0; 33.4;1461; 0.5; 0.6; 0.6;28; 21.6;F;1;29;On;On;Off; 29.9; 29.4;0;3;803;3;803;3;617;1;-
2026/04/02;12:41:05;100;-; 56.58; 0.5;-; 76.8; 77.2; 27.3; 12.9; 14.4;1461; 0.5; 0.6; 0.6;28; 21.6;F;1;29;On;On;Off; 30.0; 29.5;0;3;803;3;803;3;617;1;-
2026/04/02;12:42:05;100;-; 56.58; 0.9;-; 77.3; 76.1; 49.3; 0.0; 49.3;1461; 0.5; 0.6; 0.6;29; 21.6;F;1;29;On;On;Off; 30.1; 29.6;0;3;803;3;803;3;617;1;-
2026/04/02;12:43:05;100;-; 56.58; 1.1;-; 75.4; 77.7; 62.2; 62.2; 0.0;1461; 0.5; 0.6; 0.6;28; 21.6;F;1;29;On;On;Off; 30.2; 29.7;0;3;803;3;803;3;617;1;-
2026/04/02;12:44:05;100;-; 56.58; 0.7;-; 77.5; 75.6; 41.0; 0.0; 41.0;1461; 0.5; 0.6; 0.6;28; 21.6;F;1;29;On;On;Off; 30.2; 29.7;0;3;803;3;803;3;617;1;-
2026/04/02;12:45:05;100;-; 56.58; 0.9;-; 75.5; 77.3; 49.3; 49.3; 0.0;1461; 0.5; 0.6; 0.6;29; 21.6;F;1;29;On;On;Off; 30.3; 29.8;0;3;803;3;803;3;617;1;-
2026/04/02;12:46:05;100;-; 56.58; 0.7;-; 76.5; 75.6; 37.2; 0.0; 37.2;1461; 0.5; 0.6; 0.6;29; 21.6;F;1;29;On;On;Off; 30.4; 29.9;0;3;803;3;803;3;617;1;-
2026/04/02;12:47:05;100;-; 56.56; 0.8;-; 76.9; 75.6; 42.5; 0.0; 42.5;1461; 0.5; 0.6; 0.6;29; 21.6;F;1;29;On;On;Off; 30.4; 29.9;0;3;803;3;803;3;617;1;-
2026/04/02;12:48:05;100;-; 56.58; 0.8;-; 77.4; 75.1; 45.6; 0.0; 45.6;1461; 0.5; 0.6; 0.6;28; 21.6;F;1;29;On;On;Off; 30.5; 30.0;0;3;803;3;803;3;617;1;-
2026/04/02;12:49:05;100;-; 56.58; 0.8;-; 77.5; 75.6; 46.3; 0.0; 46.3;1461; 0.5; 0.6; 0.6;28; 21.6;F;1;29;On;On;Off; 30.5; 30.0;0;3;803;3;803;3;617;1;-
2026/04/02;12:50:04;100;-; 56.56; 0.6;-; 76.6; 77.2; 34.9; 34.9; 0.0;1461; 0.5; 0.6; 0.6;28; 21.6;F;1;29;On;On;Off; 30.6; 30.1;0;3;803;3;803;3;617;1;-
2026/04/02;12:51:04;100;-; 56.56; 0.9;-; 76.0; 77.3; 49.3; 49.3; 0.0;1461; 0.5; 0.6; 0.6;28; 21.6;F;1;29;On;On;Off; 30.6; 30.1;0;3;803;3;803;3;617;1;-
2026/04/02;12:52:04;100;-; 56.56; 0.5;-; 76.9; 76.7; 28.8; 27.3; 1.5;1461; 0.5; 0.6; 0.6;28; 21.6;F;1;29;On;On;Off; 30.7; 30.2;0;3;803;3;803;3;617;1;-
2026/04/02;12:53:04;100;-; 56.58; 0.6;-; 76.7; 77.1; 32.6; 32.6; 0.0;1461; 0.5; 0.6; 0.6;28; 21.6;F;1;29;On;On;Off; 30.7; 30.2;0;3;803;3;803;3;617;1;-
2026/04/02;12:54:04;100;-; 56.56; 0.8;-; 78.0; 76.1; 47.8; 0.0; 47.8;1461; 0.5; 0.6; 0.6;28; 21.6;F;1;29;On;On;Off; 30.8; 30.3;0;3;803;3;803;3;617;1;-
2026/04/02;12:55:04;100;-; 56.58; 1.0;-; 78.0; 76.1; 54.6; 0.0; 54.6;1461; 0.5; 0.6; 0.6;28; 21.6;F;1;29;On;On;Off; 30.8; 30.3;0;3;803;3;803;3;617;1;-
2026/04/02;12:56:04;100;-; 56.58; 0.6;-; 77.5; 76.9; 34.1; 28.0; 6.1;1461; 0.5; 0.6; 0.6;28; 21.6;F;1;29;On;On;Off; 30.9; 30.4;0;3;803;3;803;3;617;1;-
2026/04/02;12:57:04;100;-; 56.58; 0.9;-; 78.0; 76.2; 51.6; 0.0; 51.6;1461; 0.5; 0.6; 0.6;28; 21.6;F;1;29;On;On;Off; 30.9; 30.4;0;3;803;3;803;3;617;1;-
2026/04/02;12:58:04;100;-; 56.58; 1.0;-; 76.0; 77.8; 59.2; 59.2; 0.0;1461; 0.5; 0.6; 0.6;29; 21.6;F;1;29;On;On;Off; 30.9; 30.4;0;3;803;3;803;3;617;1;-
2026/04/02;12:59:04;100;-; 56.56; 0.6;-; 77.4; 76.6; 33.4; 0.0; 33.4;1461; 0.5; 0.6; 0.6;28; 21.6;F;1;29;On;On;Off; 31.0; 30.5;0;3;803;3;803;3;617;1;-
2026/04/02;13:00:04;100;-; 56.58; 0.7;-; 77.4; 76.2; 41.0; 0.0; 41.0;1461; 0.5; 0.6; 0.6;28; 21.6;F;1;29;On;On;Off; 31.0; 30.5;0;3;803;3;803;4;618;1;-
2026/04/02;13:01:04;100;-; 56.58; 1.0;-; 78.0; 75.8; 57.7; 0.0; 57.7;1461; 0.5; 0.6; 0.6;28; 21.6;F;1;29;On;On;Off; 31.1; 30.5;0;3;803;3;803;4;618;1;-
2026/04/02;13:02:04;100;-; 56.56; 0.6;-; 76.9; 77.0; 32.6; 26.6; 6.1;1461; 0.5; 0.6; 0.6;28; 21.6;F;1;29;On;On;Off; 31.1; 30.5;0;3;803;3;803;4;618;1;-
2026/04/02;13:03:04;100;-; 56.58; 0.5;-; 77.5; 76.8; 27.3; 9.1; 18.2;1461; 0.5; 0.6; 0.6;28; 21.6;F;1;29;On;On;Off; 31.1; 30.6;0;3;803;3;803;4;618;1;-
2026/04/02;13:04:04;100;-; 56.58; 1.0;-; 77.8; 75.9; 54.6; 0.0; 54.6;1461; 0.5; 0.6; 0.6;28; 21.6;F;1;29;On;On;Off; 31.1; 30.6;0;3;803;3;803;4;618;1;-
2026/04/02;13:05:04;100;-; 56.58; 0.8;-; 77.2; 76.7; 42.5; 0.0; 42.5;1461; 0.5; 0.6; 0.6;28; 21.6;F;1;29;On;On;Off; 31.1; 30.6;0;3;803;3;803;4;618;1;-
2026/04/02;13:06:03;100;-; 56.58; 1.0;-; 77.8; 75.9; 56.1; 0.0; 56.1;1461; 0.5; 0.6; 0.6;27; 21.6;F;1;29;On;On;Off; 31.2; 30.7;0;3;803;3;803;4;618;1;-
2026/04/02;13:07:03;100;-; 56.58; 0.6;-; 75.9; 77.5; 34.2; 34.2; 0.0;1461; 0.5; 0.6; 0.6;27; 21.6;F;1;29;On;On;Off; 31.2; 30.7;0;3;803;3;803;4;618;1;-
2026/04/02;13:08:03;100;-; 56.56; 0.7;-; 76.0; 77.3; 38.0; 38.0; 0.0;1461; 0.5; 0.6; 0.6;28; 21.6;F;1;29;On;On;Off; 31.2; 30.7;0;3;803;3;803;4;618;1;-
2026/04/02;13:09:03;100;-; 56.58; 1.0;-; 75.2; 77.4; 56.1; 56.1; 0.0;1461; 0.5; 0.6; 0.6;28; 21.6;F;1;29;On;On;Off; 31.2; 30.7;0;3;803;3;803;4;618;1;-
2026/04/02;13:10:03;100;-; 56.56; 0.8;-; 77.4; 75.5; 42.5; 0.0; 42.5;1461; 0.5; 0.6; 0.6;28; 21.6;F;1;29;On;On;Off; 31.2; 30.7;0;3;803;3;803;4;618;1;-
2026/04/02;13:11:03;100;-; 56.58; 0.8;-; 77.2; 75.8; 44.0; 0.0; 44.0;1461; 0.5; 0.6; 0.6;28; 21.6;F;1;29;On;On;Off; 31.2; 30.8;0;3;803;3;803;4;618;1;-
2026/04/02;13:12:03;100;-; 56.58; 1.0;-; 77.6; 75.1; 55.4; 0.0; 55.4;1461; 0.5; 0.6; 0.6;28; 21.6;F;1;29;On;On;Off; 31.3; 30.8;0;3;803;3;803;4;618;1;-
2026/04/02;13:13:03;100;-; 56.56; 0.7;-; 77.2; 76.0; 41.8; 0.0; 41.8;1461; 0.5; 0.6; 0.6;28; 21.6;F;1;29;On;On;Off; 31.3; 30.8;0;4;804;4;804;4;618;1;-
2026/04/02;13:14:03;100;-; 56.58; 0.9;-; 77.5; 75.3; 49.3; 0.0; 49.3;1461; 0.5; 0.6; 0.6;28; 21.6;F;1;29;On;On;Off; 31.3; 30.8;0;4;804;4;804;4;618;1;-
2026/04/02;13:15:03;100;-; 56.56; 0.8;-; 75.9; 77.6; 47.0; 47.0; 0.0;1461; 0.5; 0.6; 0.6;28; 21.6;F;1;29;On;On;Off; 31.3; 30.8;0;4;804;4;804;4;618;1;-
2026/04/02;13:16:03;100;-; 56.56; 0.9;-; 76.1; 77.6; 50.8; 50.8; 0.0;1461; 0.5; 0.6; 0.6;28; 21.5;F;1;29;On;On;Off; 31.4; 30.8;0;4;804;4;804;4;618;1;-
2026/04/02;13:17:03;100;-; 56.58; 0.6;-; 75.8; 77.7; 34.2; 34.2; 0.0;1461; 0.5; 0.6; 0.6;27; 21.6;F;1;29;On;On;Off; 31.4; 30.9;0;4;804;4;804;4;618;1;-
2026/04/02;13:18:03;100;-; 56.58; 0.5;-; 77.8; 76.5; 30.3; 6.1; 24.2;1461; 0.5; 0.6; 0.6;27; 21.5;F;1;29;On;On;Off; 31.4; 30.9;0;4;804;4;804;4;618;1;-
2026/04/02;13:19:03;100;-; 56.58; 1.0;-; 75.8; 77.8; 55.4; 55.4; 0.0;1461; 0.5; 0.6; 0.6;27; 21.5;F;1;29;On;On;Off; 31.4; 30.9;0;4;804;4;804;4;618;1;-
2026/04/02;13:20:03;100;-; 56.58; 0.7;-; 76.3; 77.3; 40.2; 40.2; 0.0;1461; 0.5; 0.6; 0.6;27; 21.5;F;1;29;On;On;Off; 31.4; 30.9;0;4;804;4;804;4;618;1;-
2026/04/02;13:21:02;100;-; 56.58; 1.0;-; 75.6; 77.6; 58.4; 58.4; 0.0;1461; 0.5; 0.6; 0.6;27; 21.5;F;1;29;On;On;Off; 31.4; 30.9;0;4;804;4;804;4;618;1;-
2026/04/02;13:22:02;100;-; 56.58; 0.8;-; 75.7; 77.4; 44.0; 44.0; 0.0;1461; 0.5; 0.6; 0.6;28; 21.5;F;1;29;On;On;Off; 31.5; 31.0;0;4;804;4;804;4;618;1;-
2026/04/02;13:23:02;100;-; 56.58; 0.8;-; 77.4; 76.1; 43.2; 0.0; 43.2;1461; 0.5; 0.6; 0.6;28; 21.5;F;1;29;On;On;Off; 31.5; 31.0;0;4;804;4;804;4;618;1;-
2026/04/02;13:24:02;100;-; 56.56; 0.6;-; 76.6; 77.2; 35.6; 35.6; 0.0;1461; 0.5; 0.6; 0.6;28; 21.5;F;1;29;On;On;Off; 31.5; 31.0;0;4;804;4;804;4;618;1;-
2026/04/02;13:25:02;100;-; 56.58; 0.6;-; 75.6; 77.6; 34.8; 31.8; 3.0;1461; 0.5; 0.6; 0.6;28; 21.5;F;1;29;On;On;Off; 31.5; 31.0;0;4;804;4;804;4;618;1;-
2026/04/02;13:26:02;100;-; 56.58; 0.6;-; 76.7; 76.5; 34.1; 23.5; 10.6;1461; 0.5; 0.6; 0.6;28; 21.5;F;1;29;On;On;Off; 31.5; 31.1;0;4;804;4;804;4;618;1;-
2026/04/02;13:27:02;100;-; 56.58; 1.0;-; 77.7; 75.2; 55.4; 0.0; 55.4;1461; 0.5; 0.6; 0.6;28; 21.5;F;1;29;On;On;Off; 31.5; 31.1;0;4;804;4;804;4;618;1;-
2026/04/02;13:28:02;100;-; 56.56; 0.8;-; 76.3; 77.2; 47.0; 47.0; 0.0;1461; 0.5; 0.6; 0.6;27; 21.5;F;1;29;On;On;Off; 31.5; 31.1;0;4;804;4;804;4;618;1;-
2026/04/02;13:29:02;100;-; 56.58; 1.0;-; 75.8; 77.6; 55.4; 55.4; 0.0;1461; 0.5; 0.6; 0.6;28; 21.5;F;1;29;On;On;Off; 31.6; 31.1;0;4;804;4;804;4;618;1;-
2026/04/02;13:30:02;100;-; 56.56; 0.5;-; 76.1; 77.3; 27.3; 25.8; 1.5;1461; 0.5; 0.6; 0.6;27; 21.5;F;1;29;On;On;Off; 31.6; 31.1;0;4;804;4;804;4;618;1;-
2026/04/02;13:31:02;100;-; 56.58; 0.5;-; 76.5; 76.8; 30.4; 0.0; 30.4;1461; 0.5; 0.6; 0.6;27; 21.5;F;1;29;On;On;Off; 31.6; 31.1;0;4;804;4;804;4;618;1;-
2026/04/02;13:32:02;100;-; 56.56; 0.8;-; 77.6; 75.8; 43.2; 0.0; 43.2;1461; 0.5; 0.6; 0.6;27; 21.5;F;1;29;On;On;Off; 31.6; 31.2;0;4;804;4;804;4;618;1;-
2026/04/02;13:33:02;100;-; 56.58; 0.6;-; 76.0; 77.1; 34.9; 30.4; 4.5;1461; 0.5; 0.6; 0.6;27; 21.5;F;1;29;On;On;Off; 31.6; 31.2;0;4;804;4;804;4;618;1;-
2026/04/02;13:34:02;100;-; 56.56; 0.8;-; 76.1; 77.1; 45.6; 45.6; 0.0;1461; 0.5; 0.6; 0.6;27; 21.6;F;1;29;On;On;Off; 31.7; 31.2;0;4;804;4;804;4;618;1;-
2026/04/02;13:35:02;100;-; 56.58; 0.5;-; 77.1; 76.4; 30.4; 0.0; 30.4;1461; 0.5; 0.6; 0.6;28; 21.5;F;1;29;On;On;Off; 31.7; 31.2;0;4;804;4;804;4;618;1;-
2026/04/02;13:36:01;100;-; 56.56; 0.7;-; 76.5; 77.2; 41.0; 41.0; 0.0;1461; 0.5; 0.6; 0.6;28; 21.6;F;1;29;On;On;Off; 31.7; 31.2;0;4;804;4;804;4;618;1;-
2026/04/02;13:37:01;100;-; 56.58; 0.9;-; 76.0; 77.5; 48.6; 48.6; 0.0;1461; 0.5; 0.6; 0.6;28; 21.6;F;1;29;On;On;Off; 31.7; 31.2;0;4;804;4;804;4;618;1;-
2026/04/02;13:38:01;100;-; 56.58; 0.8;-; 77.8; 76.2; 46.3; 0.0; 46.3;1461; 0.5; 0.6; 0.6;28; 21.5;F;1;29;On;On;Off; 31.7; 31.2;0;4;804;4;804;4;618;1;-
2026/04/02;13:39:01;100;-; 56.58; 0.8;-; 77.7; 75.6; 44.0; 0.0; 44.0;1462; 0.5; 0.6; 0.6;28; 21.6;F;1;29;On;On;Off; 31.7; 31.2;0;4;804;4;804;4;618;1;-
2026/04/02;13:40:01;100;-; 56.58; 1.1;-; 75.6; 77.9; 59.9; 59.9; 0.0;1462; 0.5; 0.6; 0.6;27; 21.6;F;1;29;On;On;Off; 31.8; 31.2;0;4;804;4;804;4;618;1;-
2026/04/02;13:41:01;100;-; 56.58; 0.8;-; 76.1; 77.3; 44.0; 44.0; 0.0;1462; 0.5; 0.6; 0.6;28; 21.6;F;1;29;On;On;Off; 31.8; 31.3;0;4;804;4;804;4;618;1;-
2026/04/02;13:42:01;100;-; 56.58; 0.9;-; 76.0; 77.3; 49.3; 49.3; 0.0;1462; 0.5; 0.6; 0.6;28; 21.6;F;1;29;On;On;Off; 31.8; 31.3;0;4;804;4;804;4;618;1;-
2026/04/02;13:43:01;100;-; 56.58; 0.5;-; 76.3; 77.3; 27.3; 6.1; 21.2;1462; 0.5; 0.6; 0.6;28; 21.6;F;1;29;On;On;Off; 31.8; 31.3;0;4;804;4;804;4;618;1;-
2026/04/02;13:44:01;100;-; 56.58; 0.5;-; 76.8; 76.8; 29.6; 25.0; 4.5;1462; 0.5; 0.6; 0.6;28; 21.6;F;1;29;On;On;Off; 31.8; 31.3;0;4;804;4;804;4;618;1;-
2026/04/02;13:45:01;100;-; 56.58; 0.9;-; 75.5; 77.6; 51.6; 51.6; 0.0;1462; 0.5; 0.6; 0.6;28; 21.6;F;1;29;On;On;Off; 31.8; 31.3;0;4;804;4;804;4;618;1;-
2026/04/02;13:46:01;100;-; 56.58; 0.6;-; 77.7; 75.8; 36.4; 0.0; 36.4;1462; 0.5; 0.6; 0.6;27; 21.6;F;1;29;On;On;Off; 31.8; 31.3;0;4;804;4;804;4;618;1;-
2026/04/02;13:47:01;100;-; 56.58; 0.7;-; 77.5; 76.0; 41.0; 0.0; 41.0;1462; 0.5; 0.6; 0.6;28; 21.6;F;1;29;On;On;Off; 31.8; 31.3;0;4;804;4;804;4;618;1;-
2026/04/02;13:48:01;100;-; 56.58; 0.6;-; 76.9; 76.6; 32.6; 0.0; 32.6;1462; 0.5; 0.6; 0.6;27; 21.6;F;1;29;On;On;Off; 31.8; 31.4;0;4;804;4;804;4;618;1;-
2026/04/02;13:49:01;100;-; 56.58; 0.7;-; 77.6; 75.3; 40.2; 0.0; 40.2;1462; 0.5; 0.6; 0.6;28; 21.6;F;1;29;On;On;Off; 31.9; 31.4;0;4;804;4;804;4;618;1;-
2026/04/02;13:50:01;100;-; 56.56; 0.9;-; 75.9; 77.1; 51.6; 51.6; 0.0;1462; 0.5; 0.6; 0.6;28; 21.6;F;1;29;On;On;Off; 31.9; 31.4;0;4;804;4;804;4;618;1;-
2026/04/02;13:51:00;100;-; 56.58; 0.7;-; 77.3; 76.0; 38.0; 0.0; 38.0;1462; 0.5; 0.6; 0.6;28; 21.6;F;1;29;On;On;Off; 31.9; 31.4;0;4;804;4;804;4;618;1;-
2026/04/02;13:52:00;100;-; 56.56; 0.6;-; 76.9; 76.7; 34.2; 0.0; 34.2;1462; 0.5; 0.6; 0.6;28; 21.6;F;1;29;On;On;Off; 31.9; 31.4;0;4;804;4;804;4;618;1;-
2026/04/02;13:53:00;100;-; 56.56; 0.7;-; 76.1; 76.9; 37.2; 37.2; 0.0;1462; 0.5; 0.6; 0.6;28; 21.6;F;1;29;On;On;Off; 31.9; 31.4;0;4;804;4;804;4;618;1;-
2026/04/02;13:54:00;100;-; 56.56; 0.5;-; 76.7; 76.4; 28.8; 27.3; 1.5;1462; 0.5; 0.6; 0.6;28; 21.6;F;1;29;On;On;Off; 31.9; 31.4;0;4;804;4;804;4;618;1;-
2026/04/02;13:55:00;100;-; 56.56; 0.9;-; 77.7; 75.1; 53.1; 0.0; 53.1;1462; 0.5; 0.6; 0.6;28; 21.6;F;1;29;On;On;Off; 31.9; 31.4;0;4;804;4;804;4;618;1;-
2026/04/02;13:56:00;100;-; 56.58; 0.8;-; 77.2; 75.2; 44.0; 0.0; 44.0;1462; 0.5; 0.6; 0.6;28; 21.6;F;1;29;On;On;Off; 31.9; 31.4;0;4;804;4;804;4;618;1;-
2026/04/02;13:57:00;100;-; 56.56; 0.6;-; 76.5; 76.7; 34.2; 15.2; 19.0;1462; 0.5; 0.6; 0.6;28; 21.6;F;1;29;On;On;Off; 31.9; 31.4;0;4;804;4;804;4;618;1;-
2026/04/02;13:58:00;100;-; 56.56; 0.5;-; 76.1; 77.2; 30.3; 16.7; 13.7;1462; 0.5; 0.6; 0.6;28; 21.6;F;1;29;On;On;Off; 31.9; 31.4;0;4;804;4;804;4;618;1;-
2026/04/02;13:59:00;100;-; 56.58; 0.6;-; 76.1; 76.8; 32.6; 31.8; 0.7;1462; 0.5; 0.6; 0.6;28; 21.6;F;1;29;On;On;Off; 31.9; 31.4;0;4;804;4;804;4;618;1;-
2026/04/02;14:00:00;100;-; 56.58; 0.7;-; 77.4; 75.9; 38.0; 0.0; 38.0;1462; 0.5; 0.6; 0.6;28; 21.6;F;1;29;On;On;Off; 31.9; 31.4;0;4;804;4;804;4;618;1;-
2026/04/02;14:01:00;100;-; 56.58; 1.0;-; 75.4; 77.3; 56.9; 56.9; 0.0;1462; 0.5; 0.6; 0.6;28; 21.6;F;1;29;On;On;Off; 31.9; 31.4;0;4;804;4;804;4;618;1;-
2026/04/02;14:02:00;100;-; 56.58; 0.8;-; 76.1; 76.4; 42.5; 42.5; 0.0;1462; 0.5; 0.6; 0.6;28; 21.6;F;1;29;On;On;Off; 31.9; 31.4;0;4;804;4;804;4;618;1;-
2026/04/02;14:03:00;100;-; 56.58; 0.6;-; 76.3; 77.0; 33.4; 31.1; 2.3;1462; 0.5; 0.6; 0.6;28; 21.6;F;1;29;On;On;Off; 31.9; 31.4;0;4;804;4;804;4;618;1;-
2026/04/02;14:04:00;100;-; 56.58; 0.8;-; 75.3; 77.0; 43.2; 43.2; 0.0;1462; 0.5; 0.6; 0.6;28; 21.6;F;1;29;On;On;Off; 31.9; 31.4;0;4;804;4;804;4;618;1;-
2026/04/02;14:05:00;100;-; 56.58; 0.6;-; 75.9; 76.7; 31.8; 30.4; 1.5;1462; 0.5; 0.6; 0.6;28; 21.6;F;1;29;On;On;Off; 31.9; 31.4;0;4;804;4;804;4;618;1;-
2026/04/02;14:05:59;100;-; 56.58; 0.9;-; 77.3; 75.2; 48.6; 0.0; 48.6;1462; 0.5; 0.6; 0.6;28; 21.6;F;1;29;On;On;Off; 31.9; 31.4;0;4;804;4;804;4;618;1;-
2026/04/02;14:06:59;100;-; 56.58; 1.0;-; 74.7; 77.3; 56.9; 56.9; 0.0;1462; 0.5; 0.6; 0.6;28; 21.6;F;1;29;On;On;Off; 31.9; 31.4;0;4;804;4;804;4;618;1;-
2026/04/02;14:07:59;100;-; 56.58; 0.8;-; 75.7; 77.4; 43.2; 43.2; 0.0;1462; 0.5; 0.6; 0.6;28; 21.6;F;1;29;On;On;Off; 31.9; 31.4;0;4;804;4;804;4;618;1;-
2026/04/02;14:08:59;100;-; 56.58; 0.8;-; 77.5; 75.4; 47.8; 0.0; 47.8;1462; 0.5; 0.6; 0.6;28; 21.6;F;1;29;On;On;Off; 31.9; 31.4;0;4;804;4;804;4;618;1;-
2026/04/02;14:09:59;100;-; 56.58; 0.6;-; 76.9; 76.1; 31.8; 3.8; 28.0;1462; 0.5; 0.6; 0.6;29; 21.6;F;1;29;On;On;Off; 31.9; 31.4;0;4;804;4;804;4;618;1;-
2026/04/02;14:10:59;100;-; 56.56; 0.7;-; 76.8; 76.2; 38.0; 0.0; 38.0;1462; 0.5; 0.6; 0.6;29; 21.6;F;1;29;On;On;Off; 31.9; 31.4;0;4;804;4;804;4;618;1;-
2026/04/02;14:11:59;100;-; 56.58; 0.7;-; 75.5; 77.0; 40.2; 40.2; 0.0;1462; 0.5; 0.6; 0.6;28; 21.6;F;1;29;On;On;Off; 31.9; 31.4;0;4;804;4;804;4;618;1;-
2026/04/02;14:12:59;100;-; 56.58; 0.8;-; 77.5; 75.2; 44.8; 0.0; 44.8;1462; 0.5; 0.6; 0.6;29; 21.6;F;1;29;On;On;Off; 31.9; 31.4;0;4;804;4;804;4;618;1;-
2026/04/02;14:13:59;100;-; 56.56; 1.0;-; 75.3; 77.2; 54.6; 54.6; 0.0;1462; 0.5; 0.6; 0.6;29; 21.6;F;1;29;On;On;Off; 31.9; 31.4;0;4;804;4;804;4;618;1;-
2026/04/02;14:14:59;100;-; 56.56; 0.6;-; 75.9; 76.5; 32.6; 32.6; 0.0;1462; 0.5; 0.6; 0.6;28; 21.6;F;1;29;On;On;Off; 31.9; 31.4;0;4;804;4;804;4;618;1;-
2026/04/02;14:15:59;100;-; 56.58; 1.0;-; 77.5; 75.0; 54.6; 0.0; 54.6;1462; 0.5; 0.6; 0.6;28; 21.6;F;1;29;On;On;Off; 31.9; 31.4;0;4;804;4;804;4;618;1;-
2026/04/02;14:16:59;100;-; 56.56; 0.8;-; 77.4; 75.9; 44.8; 0.0; 44.8;1462; 0.5; 0.6; 0.6;28; 21.6;F;1;29;On;On;Off; 31.9; 31.5;0;4;804;4;804;4;618;1;-
2026/04/02;14:17:59;100;-; 56.58; 1.0;-; 75.3; 77.7; 56.2; 56.2; 0.0;1462; 0.5; 0.6; 0.6;28; 21.6;F;1;29;On;On;Off; 31.9; 31.5;0;4;804;4;804;4;618;1;-
2026/04/02;14:18:59;100;-; 56.58; 0.7;-; 76.4; 77.4; 40.2; 40.2; 0.0;1462; 0.5; 0.6; 0.6;28; 21.6;F;1;29;On;On;Off; 31.9; 31.5;0;4;804;4;804;4;618;1;-
2026/04/02;14:19:59;100;-; 56.56; 1.0;-; 75.8; 77.8; 54.6; 54.6; 0.0;1462; 0.5; 0.6; 0.6;27; 21.6;F;1;29;On;On;Off; 32.0; 31.5;0;4;804;4;804;4;618;1;-
2026/04/02;14:20:58;100;-; 56.56; 0.6;-; 76.5; 77.4; 32.6; 32.6; 0.0;1462; 0.5; 0.6; 0.6;28; 21.6;F;1;29;On;On;Off; 32.0; 31.5;0;4;804;4;804;4;618;1;-
2026/04/02;14:21:58;100;-; 56.56; 0.6;-; 76.8; 76.2; 34.1; 23.5; 10.6;1462; 0.5; 0.6; 0.6;27; 21.6;F;1;29;On;On;Off; 32.0; 31.5;0;4;804;4;804;4;618;1;-
2026/04/02;14:22:58;100;-; 56.56; 0.7;-; 76.9; 75.9; 41.0; 0.0; 41.0;1462; 0.5; 0.6; 0.6;27; 21.6;F;1;29;On;On;Off; 32.0; 31.5;0;4;804;4;804;4;618;1;-
2026/04/02;14:23:58;100;-; 56.56; 0.5;-; 77.6; 76.6; 28.8; 10.6; 18.2;1462; 0.5; 0.6; 0.6;27; 21.6;F;1;29;On;On;Off; 32.0; 31.5;0;4;804;4;804;4;618;1;-
2026/04/02;14:24:58;100;-; 56.56; 0.6;-; 77.0; 76.5; 34.1; 31.1; 3.0;1462; 0.5; 0.6; 0.6;28; 21.6;F;1;29;On;On;Off; 32.0; 31.5;0;4;804;4;804;4;618;1;-
2026/04/02;14:25:58;100;-; 56.56; 0.6;-; 76.9; 76.3; 33.4; 0.0; 33.4;1462; 0.5; 0.6; 0.6;28; 21.6;F;1;29;On;On;Off; 32.0; 31.5;0;4;804;4;804;4;618;1;-
2026/04/02;14:26:58;100;-; 56.58; 0.9;-; 77.4; 74.7; 50.8; 0.0; 50.8;1462; 0.5; 0.6; 0.6;28; 21.6;F;1;29;On;On;Off; 32.0; 31.5;0;4;804;4;804;4;618;1;-
2026/04/02;14:27:58;100;-; 56.58; 0.8;-; 77.3; 75.0; 44.8; 0.0; 44.8;1462; 0.5; 0.6; 0.6;27; 21.6;F;1;29;On;On;Off; 32.0; 31.5;0;4;804;4;804;4;618;1;-
2026/04/02;14:28:58;100;-; 56.56; 0.6;-; 75.9; 76.9; 34.8; 31.8; 3.0;1462; 0.5; 0.6; 0.6;27; 21.6;F;1;29;On;On;Off; 32.0; 31.5;0;4;804;4;804;4;618;1;-
2026/04/02;14:29:58;100;-; 56.58; 0.6;-; 76.2; 76.2; 34.1; 21.2; 12.9;1462; 0.5; 0.6; 0.6;28; 21.6;F;1;29;On;On;Off; 32.0; 31.5;0;4;804;4;804;4;618;1;-
2026/04/02;14:30:58;100;-; 56.56; 0.5;-; 77.3; 76.0; 28.8; 4.5; 24.2;1462; 0.5; 0.6; 0.6;27; 21.6;F;1;29;On;On;Off; 32.0; 31.5;0;4;804;4;804;4;618;1;-
2026/04/02;14:31:58;100;-; 56.58; 0.7;-; 75.8; 76.7; 39.4; 39.4; 0.0;1462; 0.5; 0.6; 0.6;27; 21.6;F;1;29;On;On;Off; 32.0; 31.5;0;4;804;4;804;4;618;1;-
2026/04/02;14:32:58;100;-; 56.58; 0.6;-; 75.7; 76.4; 36.4; 31.8; 4.5;1462; 0.5; 0.6; 0.6;28; 21.6;F;1;29;On;On;Off; 32.0; 31.5;0;4;804;4;804;4;618;1;-
2026/04/02;14:33:58;100;-; 56.58; 0.5;-; 75.7; 77.3; 31.0; 28.0; 3.0;1462; 0.5; 0.6; 0.6;28; 21.6;F;1;29;On;On;Off; 32.0; 31.5;0;4;804;4;804;4;618;1;-
2026/04/02;14:34:58;100;-; 56.58; 0.6;-; 76.6; 76.7; 31.8; 20.5; 11.4;1462; 0.5; 0.6; 0.6;27; 21.6;F;1;29;On;On;Off; 32.0; 31.5;0;4;804;4;804;4;618;1;-
2026/04/02;14:35:58;100;-; 56.58; 0.5;-; 75.9; 77.4; 31.1; 30.4; 0.7;1462; 0.5; 0.6; 0.6;27; 21.6;F;1;29;On;On;Off; 32.0; 31.5;0;4;804;4;804;4;618;1;-
2026/04/02;14:36:57;100;-; 56.58; 0.8;-; 77.3; 75.2; 44.0; 0.0; 44.0;1462; 0.5; 0.6; 0.6;27; 21.6;F;1;29;On;On;Off; 32.0; 31.5;0;4;804;4;804;4;618;1;-
2026/04/02;14:37:57;100;-; 56.58; 1.0;-; 74.8; 77.2; 59.2; 59.2; 0.0;1462; 0.5; 0.6; 0.6;28; 21.6;F;1;29;On;On;Off; 32.0; 31.5;0;4;804;4;804;4;618;1;-
2026/04/02;14:38:57;100;-; 56.56; 0.7;-; 75.6; 76.7; 41.0; 41.0; 0.0;1463; 0.5; 0.6; 0.6;28; 21.6;F;1;29;On;On;Off; 32.0; 31.5;0;4;804;4;804;4;618;1;-
2026/04/02;14:39:57;100;-; 56.56; 0.9;-; 77.2; 74.7; 50.8; 0.0; 50.8;1463; 0.5; 0.6; 0.6;28; 21.6;F;1;29;On;On;Off; 32.0; 31.5;0;4;804;4;804;4;618;1;-
2026/04/02;14:40:57;100;-; 56.58; 0.9;-; 77.4; 74.6; 52.4; 0.0; 52.4;1463; 0.5; 0.6; 0.6;28; 21.6;F;1;29;On;On;Off; 32.0; 31.5;0;4;804;4;804;4;618;1;-
2026/04/02;14:41:57;100;-; 56.58; 0.8;-; 76.6; 74.8; 45.6; 0.0; 45.6;1463; 0.5; 0.6; 0.6;28; 21.6;F;1;29;On;On;Off; 32.0; 31.5;0;4;804;4;804;4;618;1;-
2026/04/02;14:42:57;100;-; 56.56; 0.6;-; 75.8; 75.6; 31.8; 28.0; 3.8;1463; 0.5; 0.6; 0.6;28; 21.6;F;1;29;On;On;Off; 32.0; 31.5;0;4;804;4;804;4;618;1;-
2026/04/02;14:43:57;100;-; 56.56; 0.6;-; 76.6; 74.5; 34.9; 0.0; 34.9;1463; 0.5; 0.6; 0.6;28; 21.6;F;1;29;On;On;Off; 32.0; 31.5;0;4;804;4;804;5;619;1;-
2026/04/02;14:44:57;100;-; 56.56; 0.9;-; 74.5; 76.1; 49.3; 49.3; 0.0;1463; 0.5; 0.6; 0.6;28; 21.6;F;1;29;On;On;Off; 32.0; 31.5;0;4;804;4;804;5;619;1;-
2026/04/02;14:45:57;100;-; 56.58; 0.8;-; 73.8; 76.8; 44.0; 44.0; 0.0;1463; 0.5; 0.6; 0.6;28; 21.6;F;1;29;On;On;Off; 32.0; 31.5;0;4;804;4;804;5;619;1;-
2026/04/02;14:46:57;100;-; 56.58; 0.9;-; 76.9; 74.2; 52.4; 0.0; 52.4;1463; 0.5; 0.6; 0.6;28; 21.6;F;1;29;On;On;Off; 32.0; 31.5;0;4;804;4;804;5;619;1;-
2026/04/02;14:47:57;100;-; 56.58; 1.1;-; 77.2; 73.2; 61.5; 0.0; 61.5;1463; 0.5; 0.6; 0.6;28; 21.6;F;1;29;On;On;Off; 32.0; 31.5;0;4;804;4;804;5;619;1;-
2026/04/02;14:48:57;100;-; 56.58; 0.6;-; 75.8; 75.5; 34.1; 3.0; 31.1;1463; 0.5; 0.6; 0.6;28; 21.6;F;1;29;On;On;Off; 32.0; 31.5;0;4;804;4;804;5;619;1;-
2026/04/02;14:49:57;100;-; 56.58; 0.7;-; 76.6; 74.8; 38.0; 0.0; 38.0;1463; 0.5; 0.6; 0.6;28; 21.6;F;1;29;On;On;Off; 32.0; 31.5;0;4;804;4;804;5;619;1;-
2026/04/02;14:50:57;100;-; 56.58; 0.8;-; 76.5; 75.0; 47.0; 0.0; 47.0;1463; 0.5; 0.6; 0.6;28; 21.6;F;1;29;On;On;Off; 32.0; 31.5;0;4;804;4;804;5;619;1;-
2026/04/02;14:51:56;100;-; 56.58; 0.6;-; 76.3; 75.4; 32.6; 0.0; 32.6;1463; 0.5; 0.6; 0.6;28; 21.6;F;1;29;On;On;Off; 32.0; 31.5;0;4;804;4;804;5;619;1;-
2026/04/02;14:52:56;100;-; 56.56; 0.5;-; 76.3; 75.4; 30.4; 3.8; 26.6;1463; 0.5; 0.6; 0.6;28; 21.6;F;1;29;On;On;Off; 32.0; 31.5;0;4;804;4;804;5;619;1;-
2026/04/02;14:53:56;100;-; 56.58; 0.8;-; 76.6; 74.9; 42.5; 0.0; 42.5;1463; 0.5; 0.6; 0.6;28; 21.5;F;1;29;On;On;Off; 32.0; 31.5;0;4;804;4;804;5;619;1;-
2026/04/02;14:54:56;100;-; 56.56; 0.6;-; 75.9; 75.8; 33.4; 6.8; 26.6;1463; 0.5; 0.6; 0.6;28; 21.5;F;1;29;On;On;Off; 32.0; 31.5;0;4;804;4;804;5;619;1;-
2026/04/02;14:55:56;100;-; 56.58; 0.8;-; 77.1; 74.5; 43.2; 0.0; 43.2;1463; 0.5; 0.6; 0.6;28; 21.6;F;1;29;On;On;Off; 32.0; 31.5;0;4;804;4;804;5;619;1;-
2026/04/02;14:56:56;100;-; 56.56; 0.8;-; 75.0; 77.1; 44.0; 44.0; 0.0;1463; 0.5; 0.6; 0.6;27; 21.5;F;1;29;On;On;Off; 32.0; 31.5;0;5;805;5;805;5;619;1;-
2026/04/02;14:57:56;100;-; 56.56; 0.8;-; 77.1; 75.7; 43.2; 0.0; 43.2;1463; 0.5; 0.6; 0.6;28; 21.6;F;1;29;On;On;Off; 32.0; 31.5;0;5;805;5;805;5;619;1;-
2026/04/02;14:58:56;100;-; 56.56; 0.7;-; 76.8; 75.3; 38.0; 0.0; 38.0;1463; 0.5; 0.6; 0.6;28; 21.6;F;1;29;On;On;Off; 32.0; 31.5;0;5;805;5;805;5;619;1;-
2026/04/02;14:59:56;100;-; 56.58; 0.5;-; 76.5; 75.5; 31.0; 1.5; 29.6;1463; 0.5; 0.6; 0.6;27; 21.5;F;1;29;On;On;Off; 32.0; 31.5;0;5;805;5;805;5;619;1;-
2026/04/02;15:00:56;100;-; 56.58; 0.6;-; 76.3; 75.9; 34.1; 27.3; 6.8;1463; 0.5; 0.6; 0.6;27; 21.5;F;1;29;On;On;Off; 32.0; 31.5;0;5;805;5;805;5;619;1;-
2026/04/02;15:01:56;100;-; 56.56; 0.5;-; 75.3; 76.7; 28.0; 18.2; 9.9;1463; 0.5; 0.6; 0.6;28; 21.5;F;1;29;On;On;Off; 32.0; 31.5;0;5;805;5;805;5;619;1;-
2026/04/02;15:02:56;100;-; 56.56; 0.9;-; 74.3; 76.9; 49.3; 49.3; 0.0;1463; 0.5; 0.6; 0.6;27; 21.5;F;1;29;On;On;Off; 32.0; 31.5;0;5;805;5;805;5;619;1;-
2026/04/02;15:03:56;100;-; 56.56; 0.5;-; 75.9; 75.8; 30.3; 21.2; 9.1;1463; 0.5; 0.6; 0.6;28; 21.5;F;1;29;On;On;Off; 32.0; 31.5;0;5;805;5;805;5;619;1;-
2026/04/02;15:04:56;100;-; 56.58; 0.7;-; 76.4; 74.6; 39.4; 0.0; 39.4;1463; 0.5; 0.6; 0.6;28; 21.5;F;1;29;On;On;Off; 32.0; 31.5;0;5;805;5;805;5;619;1;-
2026/04/02;15:05:56;100;-; 56.58; 0.8;-; 76.1; 74.4; 42.5; 0.0; 42.5;1463; 0.5; 0.6; 0.6;27; 21.5;F;1;29;On;On;Off; 32.0; 31.5;0;5;805;5;805;5;619;1;-
2026/04/02;15:06:55;100;-; 56.58; 0.8;-; 76.3; 74.1; 46.3; 0.0; 46.3;1463; 0.5; 0.6; 0.6;27; 21.5;F;1;29;On;On;Off; 32.0; 31.5;0;5;805;5;805;5;619;1;-
2026/04/02;15:07:55;100;-; 56.56; 0.9;-; 73.8; 76.5; 50.1; 50.1; 0.0;1463; 0.5; 0.6; 0.6;28; 21.5;F;1;29;On;On;Off; 32.0; 31.5;0;5;805;5;805;5;619;1;-
2026/04/02;15:08:55;100;-; 56.56; 0.6;-; 74.5; 75.8; 32.6; 32.6; 0.0;1463; 0.5; 0.6; 0.6;28; 21.5;F;1;29;On;On;Off; 32.0; 31.5;0;5;805;5;805;5;619;1;-
2026/04/02;15:09:55;100;-; 56.56; 0.5;-; 75.3; 75.8; 28.8; 16.7; 12.1;1463; 0.5; 0.6; 0.6;28; 21.5;F;1;29;On;On;Off; 32.0; 31.5;0;5;805;5;805;5;619;1;-
2026/04/02;15:10:55;100;-; 56.56; 0.5;-; 76.3; 74.6; 31.0; 1.5; 29.6;1463; 0.5; 0.6; 0.6;28; 21.5;F;1;29;On;On;Off; 32.0; 31.5;0;5;805;5;805;5;619;1;-
2026/04/02;15:11:55;100;-; 56.58; 0.9;-; 72.4; 76.6; 50.8; 50.8; 0.0;1463; 0.5; 0.6; 0.6;28; 21.5;F;1;29;On;On;Off; 31.9; 31.5;0;5;805;5;805;5;619;1;-
2026/04/02;15:12:55;100;-; 56.58; 0.6;-; 73.6; 75.8; 33.4; 33.4; 0.0;1463; 0.5; 0.6; 0.6;28; 21.5;F;1;29;On;On;Off; 32.0; 31.5;0;5;805;5;805;5;619;1;-
2026/04/02;15:13:55;100;-; 56.58; 0.7;-; 75.3; 73.8; 37.2; 2.3; 34.9;1463; 0.5; 0.6; 0.6;27; 21.5;F;1;29;On;On;Off; 31.9; 31.5;0;5;805;5;805;5;619;1;-
2026/04/02;15:14:55;100;-; 56.60; 0.8;-; 76.1; 73.1; 42.5; 0.0; 42.5;1463; 0.3; 0.4; 0.4;15; 21.5;F;1;29;On;On;Off; 30.9; 30.3;0;5;805;5;805;5;619;1;-
2026/04/02;15:15:55;100;-; 56.44; 0.0;-; 75.5; 75.4; 0.7; 0.0; 0.7;1463; 0.3; 0.4; 0.4;19; 21.5;F;1;29;On;On;Off; 31.0; 30.6;0;5;805;5;805;5;619;1;-
2026/04/02;15:16:55;100;-; 56.62; 0.4;-; 75.5; 74.6; 21.3; 0.0; 21.3;1463; 0.3; 0.4; 0.4;15; 21.5;F;1;29;On;On;Off; 30.2; 30.5;0;5;805;5;805;5;619;1;-
2026/04/02;15:17:55;100;-; 56.62; 0.3;-; 74.8; 75.2; 18.9; 18.2; 0.7;1463; 0.3; 0.3; 0.3;14; 21.5;F;1;29;On;On;Off; 31.1; 28.9;0;5;805;5;805;5;619;1;-
2026/04/02;15:18:55;100;-; 56.62; 0.4;-; 74.8; 75.2; 21.2; 20.5; 0.7;1463; 0.3; 0.4; 0.4;15; 21.5;F;1;29;On;On;Off; 31.1; 28.7;0;5;805;5;805;5;619;1;-
2026/04/02;15:19:55;100;-; 56.62; 0.4;-; 74.2; 75.2; 22.7; 22.0; 0.7;1463; 0.3; 0.4; 0.4;15; 21.5;F;1;29;On;On;Off; 30.9; 28.5;0;5;805;5;805;5;619;1;-
2026/04/02;15:20:55;100;-; 56.62; 0.4;-; 74.3; 75.1; 22.0; 21.3; 0.7;1463; 0.3; 0.4; 0.4;15; 21.5;F;1;29;On;On;Off; 30.8; 28.4;0;5;805;5;805;5;619;1;-
2026/04/02;15:21:54;100;-; 56.62; 0.4;-; 74.7; 75.1; 20.5; 19.7; 0.7;1463; 0.3; 0.4; 0.4;15; 21.5;F;1;29;On;On;Off; 30.7; 28.3;0;5;805;5;805;5;619;1;-
2026/04/02;15:22:54;100;-; 56.60; 0.4;-; 74.6; 75.4; 25.0; 24.3; 0.7;1463; 0.3; 0.4; 0.4;15; 21.5;F;1;29;On;On;Off; 30.7; 28.2;0;5;805;5;805;5;619;1;-
2026/04/02;15:23:54;100;-; 56.62; 0.4;-; 74.7; 75.6; 24.3; 23.5; 0.7;1463; 0.3; 0.4; 0.4;15; 21.5;F;1;29;On;On;Off; 30.6; 28.1;0;5;805;5;805;5;619;1;-
2026/04/02;15:24:54;100;-; 56.62; 0.5;-; 74.7; 75.6; 25.8; 25.1; 0.7;1463; 0.3; 0.4; 0.4;15; 21.5;F;1;29;On;On;Off; 30.5; 28.0;0;5;805;5;805;5;619;1;-
2026/04/02;15:25:54;100;-; 56.62; 0.3;-; 75.1; 75.6; 17.4; 16.7; 0.7;1463; 0.3; 0.4; 0.4;15; 21.4;F;1;29;On;On;Off; 30.4; 27.9;0;5;805;5;805;5;619;1;-
2026/04/02;15:26:54;100;-; 56.62; 0.4;-; 74.7; 75.6; 20.5; 19.7; 0.7;1463; 0.3; 0.4; 0.4;15; 21.4;F;1;29;On;On;Off; 30.4; 27.9;0;5;805;5;805;5;619;1;-
2026/04/02;15:27:54;100;-; 56.62; 0.4;-; 74.8; 75.7; 23.5; 22.8; 0.7;1463; 0.3; 0.4; 0.4;15; 21.4;F;1;29;On;On;Off; 30.3; 27.8;0;5;805;5;805;5;619;1;-
2026/04/02;15:28:54;100;-; 56.62; 0.3;-; 75.3; 75.7; 19.7; 18.2; 1.5;1463; 0.3; 0.4; 0.4;15; 21.5;F;1;29;On;On;Off; 30.2; 27.7;0;5;805;5;805;5;619;1;-
2026/04/02;15:29:54;100;-; 56.62; 0.4;-; 75.3; 75.8; 21.2; 20.5; 0.7;1463; 0.3; 0.4; 0.4;15; 21.5;F;1;29;On;On;Off; 30.2; 27.7;0;5;805;5;805;5;619;1;-
2026/04/02;15:30:54;100;-; 56.62; 0.4;-; 75.0; 75.6; 22.0; 21.3; 0.7;1463; 0.3; 0.4; 0.4;15; 21.4;F;1;29;On;On;Off; 30.1; 27.6;0;5;805;5;805;5;619;1;-
2026/04/02;15:31:54;100;-; 56.62; 0.4;-; 75.3; 75.7; 21.2; 20.5; 0.7;1463; 0.3; 0.4; 0.4;15; 21.4;F;1;29;On;On;Off; 30.1; 27.5;0;5;805;5;805;5;619;1;-
2026/04/02;15:32:54;100;-; 56.62; 0.4;-; 75.3; 75.8; 22.0; 21.3; 0.7;1463; 0.3; 0.4; 0.4;15; 21.4;F;1;29;On;On;Off; 30.0; 27.5;0;5;805;5;805;5;619;1;-
2026/04/02;15:33:54;100;-; 56.62; 0.4;-; 75.2; 75.8; 22.7; 21.3; 1.5;1463; 0.3; 0.4; 0.4;15; 21.4;F;1;29;On;On;Off; 30.0; 27.4;0;5;805;5;805;5;619;1;-
2026/04/02;15:34:54;100;-; 56.62; 0.4;-; 75.4; 75.8; 21.2; 19.7; 1.5;1463; 0.3; 0.4; 0.4;15; 21.4;F;1;29;On;On;Off; 29.9; 27.4;0;5;805;5;805;5;619;1;-
2026/04/02;15:35:54;100;-; 56.62; 0.4;-; 75.5; 76.0; 24.3; 23.5; 0.7;1463; 0.3; 0.4; 0.4;15; 21.4;F;1;29;On;On;Off; 29.9; 27.4;0;5;805;5;805;5;619;1;-
2026/04/02;15:36:53;100;-; 56.62; 0.5;-; 75.0; 75.9; 25.8; 25.1; 0.7;1463; 0.3; 0.4; 0.4;15; 21.4;F;1;29;On;On;Off; 29.8; 27.3;0;5;805;5;805;5;619;1;-
2026/04/02;15:37:53;100;-; 56.62; 0.4;-; 75.4; 75.8; 21.9; 20.5; 1.5;1463; 0.3; 0.4; 0.4;15; 21.4;F;1;29;On;On;Off; 29.8; 27.3;0;5;805;5;805;5;619;1;-
2026/04/02;15:38:53;100;-; 56.62; 0.4;-; 75.3; 75.8; 21.2; 20.5; 0.7;1464; 0.3; 0.4; 0.4;15; 21.4;F;1;29;On;On;Off; 29.7; 27.2;0;5;805;5;805;5;619;1;-
2026/04/02;15:39:53;100;-; 56.60; 0.2;-; 75.9; 75.8; 13.6; 12.9; 0.7;1464; 0.3; 0.4; 0.4;15; 21.4;F;1;29;On;On;Off; 29.7; 27.2;0;5;805;5;805;5;619;1;-
2026/04/02;15:40:53;100;-; 56.62; 0.3;-; 75.8; 76.0; 16.7; 15.9; 0.7;1464; 0.3; 0.4; 0.4;15; 21.4;F;1;29;On;On;Off; 29.7; 27.2;0;5;805;5;805;5;619;1;-
2026/04/02;15:41:53;100;-; 56.62; 0.4;-; 75.6; 75.9; 22.0; 21.3; 0.7;1464; 0.3; 0.4; 0.4;14; 21.4;F;1;29;On;On;Off; 29.6; 27.1;0;5;805;5;805;5;619;1;-
2026/04/02;15:42:53;100;-; 56.62; 0.4;-; 75.4; 75.8; 21.9; 20.5; 1.5;1464; 0.3; 0.4; 0.4;14; 21.4;F;1;29;On;On;Off; 29.6; 27.1;0;5;805;5;805;5;619;1;-
2026/04/02;15:43:53;100;-; 56.62; 0.4;-; 75.2; 75.8; 23.5; 22.8; 0.7;1464; 0.3; 0.4; 0.4;14; 21.4;F;1;29;On;On;Off; 29.6; 27.1;0;5;805;5;805;5;619;1;-
2026/04/02;15:44:53;100;-; 56.62; 0.4;-; 75.0; 75.7; 21.2; 20.5; 0.7;1464; 0.3; 0.4; 0.4;14; 21.4;F;1;29;On;On;Off; 29.6; 27.0;0;5;805;5;805;5;619;1;-
2026/04/02;15:45:53;100;-; 56.62; 0.3;-; 75.7; 75.7; 15.9; 15.2; 0.7;1464; 0.3; 0.4; 0.4;15; 21.5;F;1;29;On;On;Off; 29.5; 27.0;0;5;805;5;805;5;619;1;-
2026/04/02;15:46:53;100;-; 56.62; 0.4;-; 75.2; 75.8; 22.7; 22.0; 0.7;1464; 0.3; 0.4; 0.4;14; 21.5;F;1;29;On;On;Off; 29.5; 27.0;0;5;805;5;805;5;619;1;-
2026/04/02;15:47:53;100;-; 56.60; 0.3;-; 75.8; 76.0; 17.4; 16.7; 0.7;1464; 0.3; 0.4; 0.4;14; 21.5;F;1;29;On;On;Off; 29.5; 27.0;0;5;805;5;805;5;619;1;-
2026/04/02;15:48:53;100;-; 56.62; 0.4;-; 74.9; 75.8; 25.0; 24.3; 0.7;1464; 0.3; 0.4; 0.4;15; 21.5;F;1;29;On;On;Off; 29.5; 26.9;0;5;805;5;805;5;619;1;-
2026/04/02;15:49:53;100;-; 56.60; 0.3;-; 75.6; 75.8; 15.9; 15.2; 0.7;1464; 0.3; 0.4; 0.4;15; 21.5;F;1;29;On;On;Off; 29.4; 26.9;0;5;805;5;805;5;619;1;-
2026/04/02;15:50:53;100;-; 56.62; 0.3;-; 75.7; 75.9; 18.2; 17.5; 0.7;1464; 0.3; 0.4; 0.4;15; 21.5;F;1;29;On;On;Off; 29.4; 26.9;0;5;805;5;805;5;619;1;-
2026/04/02;15:51:52;100;-; 56.62; 0.3;-; 75.5; 75.9; 16.7; 15.9; 0.7;1464; 0.3; 0.4; 0.4;15; 21.5;F;1;29;On;On;Off; 29.4; 26.8;0;5;805;5;805;5;619;1;-
2026/04/02;15:52:52;100;-; 56.62; 0.3;-; 75.5; 75.8; 17.4; 15.9; 1.5;1464; 0.3; 0.4; 0.4;15; 21.5;F;1;29;On;On;Off; 29.4; 26.8;0;5;805;5;805;5;619;1;-
2026/04/02;15:53:52;100;-; 56.60; 0.3;-; 75.6; 75.8; 18.9; 18.2; 0.7;1464; 0.2; 0.3; 0.3;13; 21.5;F;1;29;On;On;Off; 28.7; 27.4;0;5;805;5;805;5;619;1;-
2026/04/02;15:54:52;100;-; 55.97; 0.3;-; 75.8; 75.7; 15.0; 7.5; 7.5;1464; 0.3; 0.3; 0.3;14; 21.5;F;1;29;On;On;Off; 27.6; 28.2;0;5;805;5;805;5;619;1;-
2026/04/02;15:55:52;100;-; 56.60; 0.3;-; 75.9; 75.2; 18.2; 0.7; 17.5;1464; 0.3; 0.4; 0.4;16; 21.5;F;1;29;On;On;Off; 27.4; 28.7;0;5;805;5;805;5;619;1;-
2026/04/02;15:56:52;100;-; 56.56; 0.2;-; 76.0; 75.8; 12.1; 11.4; 0.7;1464; 0.3; 0.4; 0.4;16; 21.5;F;1;29;On;On;Off; 28.9; 27.6;0;5;805;5;805;5;619;1;-
2026/04/02;15:57:52;100;-; 56.58; 0.4;-; 75.5; 75.9; 21.2; 20.5; 0.7;1464; 0.3; 0.4; 0.4;15; 21.5;F;1;29;On;On;Off; 29.2; 26.9;0;5;805;5;805;5;619;1;-
2026/04/02;15:58:52;100;-; 56.56; 0.3;-; 75.6; 76.0; 18.2; 17.5; 0.7;1464; 0.3; 0.4; 0.4;15; 21.5;F;1;29;On;On;Off; 29.2; 26.8;0;5;805;5;805;5;619;1;-
2026/04/02;15:59:52;100;-; 56.58; 0.4;-; 75.3; 75.9; 22.7; 22.0; 0.7;1464; 0.3; 0.4; 0.4;15; 21.5;F;1;29;On;On;Off; 29.3; 26.8;0;5;805;5;805;5;619;1;-
2026/04/02;16:00:52;100;-; 56.58; 0.3;-; 75.4; 76.0; 18.2; 17.5; 0.7;1464; 0.3; 0.4; 0.4;15; 21.5;F;1;29;On;On;Off; 29.2; 26.7;0;5;805;5;805;5;619;1;-
2026/04/02;16:01:52;100;-; 56.56; 0.4;-; 75.5; 76.1; 23.5; 22.8; 0.7;1464; 0.3; 0.4; 0.4;15; 21.5;F;1;29;On;On;Off; 29.2; 26.7;0;5;805;5;805;5;619;1;-
2026/04/02;16:02:52;100;-; 56.56; 0.3;-; 76.1; 76.2; 14.3; 12.9; 1.5;1464; 0.3; 0.4; 0.4;15; 21.5;F;1;29;On;On;Off; 29.2; 26.7;0;5;805;5;805;5;619;1;-
2026/04/02;16:03:52;100;-; 56.58; 0.4;-; 75.7; 76.2; 20.5; 19.7; 0.7;1464; 0.3; 0.4; 0.4;15; 21.6;F;1;29;On;On;Off; 29.2; 26.7;0;5;805;5;805;5;619;1;-
2026/04/02;16:04:52;100;-; 56.56; 0.3;-; 75.6; 75.9; 16.7; 15.9; 0.7;1464; 0.3; 0.4; 0.4;15; 21.6;F;1;29;On;On;Off; 29.2; 26.7;0;5;805;5;805;5;619;1;-
2026/04/02;16:05:52;100;-; 56.58; 0.4;-; 75.3; 75.7; 21.2; 19.7; 1.5;1464; 0.3; 0.4; 0.4;14; 21.6;F;1;29;On;On;Off; 29.2; 26.7;0;5;805;5;805;5;619;1;-
2026/04/02;16:06:52;100;-; 56.58; 0.4;-; 74.8; 75.6; 24.2; 23.5; 0.7;1464; 0.3; 0.4; 0.4;15; 21.6;F;1;29;On;On;Off; 29.2; 26.7;0;5;805;5;805;5;619;1;-
2026/04/02;16:07:51;100;-; 56.58; 0.4;-; 75.2; 75.5; 20.4; 19.7; 0.7;1464; 0.3; 0.4; 0.4;15; 21.6;F;1;29;On;On;Off; 29.2; 26.6;0;5;805;5;805;5;619;1;-
2026/04/02;16:08:51;100;-; 56.58; 0.3;-; 74.7; 75.4; 18.9; 18.2; 0.7;1464; 0.3; 0.4; 0.4;15; 21.6;F;1;29;On;On;Off; 29.1; 26.6;0;5;805;5;805;5;619;1;-
2026/04/02;16:09:51;100;-; 56.56; 0.3;-; 75.0; 75.4; 17.4; 16.7; 0.7;1464; 0.3; 0.4; 0.4;15; 21.6;F;1;29;On;On;Off; 29.1; 26.6;0;5;805;5;805;5;619;1;-
2026/04/02;16:10:51;100;-; 56.56; 0.3;-; 75.0; 75.3; 17.4; 16.7; 0.7;1464; 0.3; 0.4; 0.4;15; 21.6;F;1;29;On;On;Off; 29.1; 26.6;0;5;805;5;805;5;619;1;-
2026/04/02;16:11:51;100;-; 56.58; 0.4;-; 74.5; 75.2; 24.2; 23.5; 0.7;1464; 0.3; 0.4; 0.4;15; 21.6;F;1;29;On;On;Off; 29.1; 26.6;0;5;805;5;805;5;619;1;-
2026/04/02;16:12:51;100;-; 56.58; 0.4;-; 74.7; 75.4; 21.2; 19.7; 1.5;1464; 0.3; 0.4; 0.4;15; 21.6;F;1;29;On;On;Off; 29.1; 26.6;0;5;805;5;805;5;619;1;-
2026/04/02;16:13:51;100;-; 56.58; 0.3;-; 75.1; 75.4; 19.7; 19.0; 0.7;1464; 0.3; 0.4; 0.4;16; 21.6;F;1;29;On;On;Off; 29.1; 26.6;0;5;805;5;805;5;619;1;-
2026/04/02;16:14:51;100;-; 56.56; 0.3;-; 75.2; 75.5; 18.2; 17.4; 0.7;1464; 0.3; 0.4; 0.4;15; 21.6;F;1;29;On;On;Off; 29.1; 26.6;0;5;805;5;805;5;619;1;-
2026/04/02;16:15:51;100;-; 56.58; 0.4;-; 74.7; 75.5; 23.5; 22.8; 0.7;1464; 0.3; 0.4; 0.4;16; 21.6;F;1;29;On;On;Off; 29.1; 26.6;0;5;805;5;805;5;619;1;-
2026/04/02;16:16:51;100;-; 56.58; 0.4;-; 74.7; 75.3; 22.7; 22.0; 0.7;1464; 0.3; 0.4; 0.4;15; 21.6;F;1;29;On;On;Off; 29.1; 26.5;0;5;805;5;805;5;619;1;-
2026/04/02;16:17:51;100;-; 56.58; 0.4;-; 74.3; 75.1; 23.5; 22.8; 0.7;1464; 0.3; 0.4; 0.4;15; 21.6;F;1;29;On;On;Off; 29.1; 26.5;0;5;805;5;805;5;619;1;-
2026/04/02;16:18:51;100;-; 56.58; 0.3;-; 75.1; 75.1; 17.4; 16.7; 0.7;1464; 0.3; 0.4; 0.4;15; 21.6;F;1;29;On;On;Off; 29.1; 26.5;0;5;805;5;805;5;619;1;-
2026/04/02;16:19:51;100;-; 56.58; 0.4;-; 74.4; 75.4; 22.0; 21.2; 0.7;1464; 0.3; 0.4; 0.4;15; 21.6;F;1;29;On;On;Off; 29.1; 26.5;0;5;805;5;805;5;619;1;-
2026/04/02;16:20:51;100;-; 56.56; 0.3;-; 75.0; 75.3; 15.1; 14.4; 0.7;1464; 0.3; 0.4; 0.4;16; 21.6;F;1;29;On;On;Off; 29.0; 26.5;0;5;805;5;805;5;619;1;-
2026/04/02;16:21:51;100;-; 56.56; 0.3;-; 74.7; 75.3; 19.7; 19.0; 0.7;1464; 0.3; 0.4; 0.4;15; 21.6;F;1;29;On;On;Off; 29.0; 26.5;0;5;805;5;805;5;619;1;-
2026/04/02;16:22:50;100;-; 56.58; 0.4;-; 74.4; 75.3; 25.0; 24.2; 0.7;1464; 0.3; 0.4; 0.4;15; 21.6;F;1;29;On;On;Off; 29.0; 26.5;0;5;805;5;805;5;619;1;-
2026/04/02;16:23:50;100;-; 56.58; 0.3;-; 75.1; 75.4; 18.2; 17.5; 0.7;1464; 0.3; 0.4; 0.4;15; 21.6;F;1;29;On;On;Off; 29.0; 26.5;0;5;805;5;805;5;619;1;-
2026/04/02;16:24:50;100;-; 56.58; 0.4;-; 74.9; 75.5; 21.2; 20.5; 0.7;1464; 0.3; 0.4; 0.4;15; 21.6;F;1;29;On;On;Off; 29.0; 26.5;0;5;805;5;805;5;619;1;-
2026/04/02;16:25:50;100;-; 56.56; 0.3;-; 75.2; 75.5; 19.7; 19.0; 0.7;1464; 0.3; 0.4; 0.4;14; 21.6;F;1;29;On;On;Off; 29.0; 26.5;0;5;805;5;805;5;619;1;-
2026/04/02;16:26:50;100;-; 56.56; 0.3;-; 75.3; 75.5; 15.9; 15.2; 0.7;1464; 0.3; 0.4; 0.4;14; 21.6;F;1;29;On;On;Off; 29.0; 26.5;0;5;805;5;805;5;619;1;-
2026/04/02;16:27:50;100;-; 56.58; 0.4;-; 74.9; 75.4; 20.5; 19.7; 0.7;1464; 0.3; 0.4; 0.4;14; 21.6;F;1;29;On;On;Off; 29.0; 26.5;0;5;805;5;805;5;619;1;-
2026/04/02;16:28:50;100;-; 56.56; 0.3;-; 74.8; 75.4; 17.4; 16.7; 0.7;1464; 0.3; 0.4; 0.4;14; 21.6;F;1;29;On;On;Off; 29.0; 26.5;0;5;805;5;805;5;619;1;-
2026/04/02;16:29:50;100;-; 56.56; 0.3;-; 75.5; 75.4; 14.4; 13.6; 0.7;1464; 0.3; 0.4; 0.4;14; 21.6;F;1;29;On;On;Off; 29.0; 26.5;0;5;805;5;805;5;619;1;-
2026/04/02;16:30:50;100;-; 56.56; 0.4;-; 74.7; 75.3; 23.5; 22.8; 0.7;1464; 0.3; 0.4; 0.4;15; 21.6;F;1;29;On;On;Off; 29.0; 26.4;0;5;805;5;805;5;619;1;-
2026/04/02;16:31:50;100;-; 56.56; 0.2;-; 75.2; 75.3; 13.6; 12.9; 0.7;1464; 0.3; 0.4; 0.4;15; 21.6;F;1;29;On;On;Off; 29.0; 26.4;0;5;805;5;805;5;619;1;-
2026/04/02;16:32:50;100;-; 56.56; 0.3;-; 75.2; 75.4; 16.7; 15.9; 0.7;1464; 0.3; 0.4; 0.4;15; 21.6;F;1;29;On;On;Off; 29.0; 26.4;0;5;805;5;805;5;619;1;-
2026/04/02;16:33:50;100;-; 56.58; 0.4;-; 74.9; 75.4; 20.5; 19.7; 0.7;1464; 0.3; 0.4; 0.4;15; 21.6;F;1;29;On;On;Off; 29.0; 26.4;0;5;805;5;805;5;619;1;-
2026/04/02;16:34:50;100;-; 56.58; 0.4;-; 74.8; 75.6; 22.0; 21.2; 0.7;1464; 0.3; 0.4; 0.4;15; 21.6;F;1;29;On;On;Off; 29.0; 26.4;0;5;805;5;805;5;619;1;-
2026/04/02;16:35:50;100;-; 56.56; 0.3;-; 75.5; 75.5; 17.4; 16.7; 0.7;1464; 0.3; 0.4; 0.4;15; 21.6;F;1;29;On;On;Off; 29.0; 26.4;0;5;805;5;805;5;619;1;-
2026/04/02;16:36:50;100;-; 56.56; 0.2;-; 75.6; 75.5; 13.6; 12.9; 0.7;1464; 0.3; 0.4; 0.4;15; 21.6;F;1;29;On;On;Off; 29.0; 26.4;0;5;805;5;805;5;619;1;-
2026/04/02;16:37:49;100;-; 56.58; 0.4;-; 74.9; 75.6; 23.5; 22.0; 1.5;1464; 0.3; 0.4; 0.4;16; 21.6;F;1;29;On;On;Off; 29.0; 26.4;0;5;805;5;805;5;619;1;-
2026/04/02;16:38:49;100;-; 56.58; 0.4;-; 74.8; 75.5; 23.5; 22.8; 0.7;1465; 0.3; 0.4; 0.4;16; 21.6;F;1;29;On;On;Off; 28.9; 26.4;0;5;805;5;805;5;619;1;-
2026/04/02;16:39:49;100;-; 56.58; 0.3;-; 75.4; 75.6; 16.7; 15.9; 0.7;1465; 0.3; 0.4; 0.4;15; 21.6;F;1;29;On;On;Off; 28.9; 26.4;0;5;805;5;805;5;619;1;-
2026/04/02;16:40:49;100;-; 56.58; 0.3;-; 75.2; 75.4; 19.7; 19.0; 0.7;1465; 0.3; 0.4; 0.4;15; 21.6;F;1;29;On;On;Off; 28.9; 26.4;0;5;805;5;805;5;619;1;-
2026/04/02;16:41:49;100;-; 56.58; 0.4;-; 75.1; 75.5; 20.5; 19.7; 0.7;1465; 0.3; 0.4; 0.4;15; 21.6;F;1;29;On;On;Off; 28.9; 26.4;0;5;805;5;805;5;619;1;-
2026/04/02;16:42:49;100;-; 56.58; 0.4;-; 75.0; 75.7; 21.2; 20.5; 0.7;1465; 0.3; 0.4; 0.4;15; 21.6;F;1;29;On;On;Off; 28.9; 26.4;0;5;805;5;805;5;619;1;-
2026/04/02;16:43:49;100;-; 56.58; 0.3;-; 75.5; 75.8; 18.2; 17.5; 0.7;1465; 0.3; 0.4; 0.4;15; 21.6;F;1;29;On;On;Off; 28.9; 26.4;0;5;805;5;805;5;619;1;-
2026/04/02;16:44:49;100;-; 56.56; 0.5;-; 74.9; 75.8; 25.8; 25.0; 0.7;1465; 0.3; 0.4; 0.4;15; 21.6;F;1;29;On;On;Off; 28.9; 26.4;0;5;805;5;805;5;619;1;-
2026/04/02;16:45:49;100;-; 56.58; 0.4;-; 75.3; 75.7; 22.0; 21.2; 0.7;1465; 0.3; 0.4; 0.4;15; 21.6;F;1;29;On;On;Off; 28.9; 26.4;0;5;805;5;805;5;619;1;-
2026/04/02;16:46:49;100;-; 56.58; 0.4;-; 75.3; 75.7; 21.2; 20.5; 0.7;1465; 0.3; 0.4; 0.4;15; 21.6;F;1;29;On;On;Off; 28.9; 26.4;0;5;805;5;805;5;619;1;-
2026/04/02;16:47:49;100;-; 56.58; 0.4;-; 75.0; 75.8; 24.2; 23.5; 0.7;1465; 0.3; 0.4; 0.4;15; 21.6;F;1;29;On;On;Off; 28.9; 26.4;0;5;805;5;805;5;619;1;-
2026/04/02;16:48:49;100;-; 56.56; 0.3;-; 75.3; 75.6; 18.9; 18.2; 0.7;1465; 0.3; 0.4; 0.4;16; 21.6;F;1;29;On;On;Off; 28.9; 26.4;0;5;805;5;805;5;619;1;-
2026/04/02;16:49:49;100;-; 56.56; 0.3;-; 75.4; 75.8; 19.7; 19.0; 0.7;1465; 0.3; 0.4; 0.4;15; 21.6;F;1;29;On;On;Off; 28.9; 26.4;0;5;805;5;805;5;619;1;-
2026/04/02;16:50:49;100;-; 56.58; 0.4;-; 75.1; 75.7; 20.5; 19.7; 0.7;1465; 0.3; 0.4; 0.4;15; 21.6;F;1;29;On;On;Off; 28.9; 26.3;0;5;805;5;805;5;619;1;-
2026/04/02;16:51:49;100;-; 56.58; 0.4;-; 75.1; 75.7; 25.0; 24.2; 0.7;1465; 0.3; 0.4; 0.4;14; 21.6;F;1;29;On;On;Off; 28.9; 26.3;0;5;805;5;805;5;619;1;-
2026/04/02;16:52:49;100;-; 56.58; 0.4;-; 75.0; 75.7; 22.7; 22.0; 0.7;1465; 0.3; 0.4; 0.4;15; 21.6;F;1;29;On;On;Off; 28.9; 26.3;0;5;805;5;805;5;619;1;-
2026/04/02;16:53:48;100;-; 56.56; 0.3;-; 75.4; 75.7; 19.7; 19.0; 0.7;1465; 0.3; 0.4; 0.4;15; 21.6;F;1;29;On;On;Off; 28.9; 26.3;0;5;805;5;805;5;619;1;-
2026/04/02;16:54:48;100;-; 56.58; 0.3;-; 75.4; 75.7; 18.2; 17.4; 0.7;1465; 0.3; 0.4; 0.4;15; 21.6;F;1;29;On;On;Off; 28.9; 26.3;0;5;805;5;805;5;619;1;-
2026/04/02;16:55:48;100;-; 56.56; 0.3;-; 75.2; 75.6; 19.7; 19.0; 0.7;1465; 0.3; 0.4; 0.4;16; 21.6;F;1;29;On;On;Off; 28.9; 26.3;0;5;805;5;805;5;619;1;-
2026/04/02;16:56:48;100;-; 56.58; 0.4;-; 75.1; 75.4; 20.5; 19.7; 0.7;1465; 0.3; 0.4; 0.4;15; 21.6;F;1;29;On;On;Off; 28.9; 26.3;0;5;805;5;805;5;619;1;-
2026/04/02;16:57:48;100;-; 56.58; 0.4;-; 74.9; 75.4; 20.5; 19.7; 0.7;1465; 0.3; 0.4; 0.4;16; 21.6;F;1;29;On;On;Off; 28.9; 26.3;0;5;805;5;805;5;619;1;-
2026/04/02;16:58:48;100;-; 56.58; 0.4;-; 74.8; 75.4; 24.2; 22.8; 1.5;1465; 0.3; 0.4; 0.4;15; 21.6;F;1;29;On;On;Off; 28.9; 26.3;0;5;805;5;805;5;619;1;-
2026/04/02;16:59:48;100;-; 56.58; 0.4;-; 74.7; 75.3; 22.7; 22.0; 0.7;1465; 0.3; 0.4; 0.4;16; 21.6;F;1;29;On;On;Off; 28.8; 26.3;0;5;805;5;805;5;619;1;-
2026/04/02;17:00:48;100;-; 56.58; 0.4;-; 74.3; 75.3; 25.0; 24.2; 0.7;1465; 0.3; 0.4; 0.4;15; 21.6;F;1;29;On;On;Off; 28.8; 26.3;0;5;805;5;805;5;619;1;-
2026/04/02;17:01:48;100;-; 56.56; 0.3;-; 74.9; 75.2; 18.9; 18.2; 0.7;1465; 0.3; 0.4; 0.4;16; 21.6;F;1;29;On;On;Off; 28.8; 26.3;0;5;805;5;805;5;619;1;-
2026/04/02;17:02:48;100;-; 56.58; 0.3;-; 74.8; 75.3; 18.2; 17.5; 0.7;1465; 0.3; 0.4; 0.4;16; 21.6;F;1;29;On;On;Off; 28.8; 26.3;0;5;805;5;805;5;619;1;-
2026/04/02;17:03:48;100;-; 56.56; 0.2;-; 75.4; 75.3; 9.8; 9.1; 0.7;1465; 0.3; 0.4; 0.4;16; 21.6;F;1;29;On;On;Off; 28.8; 26.3;0;5;805;5;805;5;619;1;-
2026/04/02;17:04:48;100;-; 56.56; 0.4;-; 74.6; 75.4; 22.7; 22.0; 0.7;1465; 0.3; 0.4; 0.4;15; 21.6;F;1;29;On;On;Off; 28.8; 26.3;0;5;805;5;805;5;619;1;-
2026/04/02;17:05:48;100;-; 56.58; 0.4;-; 74.6; 75.4; 20.5; 19.7; 0.7;1465; 0.3; 0.4; 0.4;16; 21.6;F;1;29;On;On;Off; 28.8; 26.3;0;5;805;5;805;5;619;1;-
2026/04/02;17:06:48;100;-; 56.58; 0.3;-; 75.1; 75.4; 19.7; 19.0; 0.7;1465; 0.3; 0.4; 0.4;16; 21.6;F;1;29;On;On;Off; 28.8; 26.3;0;5;805;5;805;5;619;1;-
2026/04/02;17:07:48;100;-; 56.56; 0.4;-; 74.6; 75.3; 21.2; 20.5; 0.7;1465; 0.3; 0.4; 0.4;16; 21.6;F;1;29;On;On;Off; 28.8; 26.3;0;5;805;5;805;5;619;1;-
2026/04/02;17:08:47;100;-; 56.58; 0.4;-; 74.7; 75.2; 20.5; 19.7; 0.7;1465; 0.3; 0.4; 0.4;16; 21.6;F;1;29;On;On;Off; 28.8; 26.3;0;5;805;5;805;5;619;1;-
2026/04/02;17:09:47;100;-; 56.58; 0.4;-; 74.5; 75.1; 21.2; 20.5; 0.7;1465; 0.3; 0.4; 0.4;16; 21.6;F;1;29;On;On;Off; 28.8; 26.3;0;5;805;5;805;5;619;1;-
2026/04/02;17:10:47;100;-; 56.56; 0.3;-; 74.8; 75.1; 15.9; 15.2; 0.7;1465; 0.3; 0.4; 0.4;16; 21.6;F;1;29;On;On;Off; 28.8; 26.3;0;5;805;5;805;5;619;1;-
2026/04/02;17:11:47;100;-; 56.58; 0.4;-; 74.3; 74.9; 21.2; 20.5; 0.7;1465; 0.3; 0.4; 0.4;16; 21.6;F;1;29;On;On;Off; 28.8; 26.3;0;5;805;5;805;6;620;1;-
2026/04/02;17:12:47;100;-; 56.56; 0.2;-; 74.9; 74.9; 12.9; 11.4; 1.5;1465; 0.3; 0.4; 0.4;16; 21.6;F;1;29;On;On;Off; 28.8; 26.3;0;5;805;5;805;6;620;1;-
2026/04/02;17:13:47;100;-; 56.56; 0.3;-; 74.8; 74.9; 15.1; 14.4; 0.7;1465; 0.3; 0.4; 0.4;16; 21.6;F;1;29;On;On;Off; 28.8; 26.3;0;5;805;5;805;6;620;1;-
2026/04/02;17:14:47;100;-; 56.56; 0.3;-; 74.4; 74.9; 18.9; 18.2; 0.7;1465; 0.3; 0.4; 0.4;16; 21.6;F;1;29;On;On;Off; 28.8; 26.3;0;5;805;5;805;6;620;1;-
2026/04/02;17:15:47;100;-; 56.58; 0.4;-; 74.4; 75.0; 20.4; 19.7; 0.7;1465; 0.3; 0.4; 0.4;16; 21.6;F;1;29;On;On;Off; 28.8; 26.3;0;5;805;5;805;6;620;1;-
2026/04/02;17:16:47;100;-; 56.56; 0.3;-; 74.9; 74.8; 15.1; 14.4; 0.7;1465; 0.3; 0.4; 0.4;16; 21.5;F;1;29;On;On;Off; 28.8; 26.3;0;5;805;5;805;6;620;1;-
2026/04/02;17:17:47;100;-; 56.56; 0.3;-; 74.6; 74.9; 17.4; 15.9; 1.5;1465; 0.3; 0.4; 0.4;16; 21.5;F;1;29;On;On;Off; 28.8; 26.3;0;5;805;5;805;6;620;1;-
2026/04/02;17:18:47;100;-; 56.58; 0.4;-; 74.6; 74.9; 21.2; 20.5; 0.7;1465; 0.3; 0.4; 0.4;16; 21.5;F;1;29;On;On;Off; 28.8; 26.3;0;5;805;5;805;6;620;1;-
2026/04/02;17:19:47;100;-; 56.58; 0.3;-; 74.5; 74.9; 17.4; 16.7; 0.7;1465; 0.3; 0.4; 0.4;16; 21.5;F;1;29;On;On;Off; 28.7; 26.2;0;5;805;5;805;6;620;1;-
2026/04/02;17:20:47;100;-; 56.58; 0.3;-; 74.3; 74.7; 19.7; 19.0; 0.7;1465; 0.3; 0.4; 0.4;16; 21.5;F;1;29;On;On;Off; 28.8; 26.2;0;5;805;5;805;6;620;1;-
2026/04/02;17:21:47;100;-; 56.58; 0.3;-; 74.2; 74.7; 18.9; 18.2; 0.7;1465; 0.3; 0.4; 0.4;16; 21.5;F;1;29;On;On;Off; 28.7; 26.2;0;5;805;5;805;6;620;1;-
2026/04/02;17:22:47;100;-; 56.56; 0.3;-; 74.1; 74.7; 16.7; 15.9; 0.7;1465; 0.3; 0.4; 0.4;16; 21.5;F;1;29;On;On;Off; 28.7; 26.2;0;5;805;5;805;6;620;1;-
2026/04/02;17:23:46;100;-; 56.58; 0.4;-; 73.7; 74.7; 21.2; 20.4; 0.7;1465; 0.3; 0.4; 0.4;16; 21.5;F;1;29;On;On;Off; 28.7; 26.2;0;5;805;5;805;6;620;1;-
2026/04/02;17:24:46;100;-; 56.58; 0.4;-; 73.4; 74.6; 21.2; 20.5; 0.7;1465; 0.3; 0.4; 0.4;16; 21.5;F;1;29;On;On;Off; 28.7; 26.2;0;5;805;5;805;6;620;1;-
2026/04/02;17:25:46;100;-; 56.56; 0.3;-; 74.2; 74.6; 16.7; 15.9; 0.7;1465; 0.3; 0.4; 0.4;16; 21.5;F;1;29;On;On;Off; 28.7; 26.2;0;5;805;5;805;6;620;1;-
2026/04/02;17:26:46;100;-; 56.18; 1.0;-; 72.7; 72.5; 57.3; 28.6; 28.6;1465; 0.2; 0.3; 0.3;13; 21.5;F;1;29;On;On;Off; 28.0; 26.3;0;5;805;5;805;6;620;1;-
2026/04/02;17:27:46;100;-; 56.58; 0.3;-; 73.8; 74.5; 19.7; 19.0; 0.7;1465; 0.4; 0.5; 0.5;22; 21.5;F;1;29;On;On;Off; 28.5; 27.8;0;5;805;5;805;6;620;1;-
2026/04/02;17:28:46;100;-; 56.14; 0.0;-; 74.5; 74.4; 0.7; 0.0; 0.7;1465; 0.3; 0.3; 0.3;14; 21.5;F;1;29;On;On;Off; 28.1; 26.6;0;5;805;5;805;6;620;1;-
2026/04/02;17:29:46;100;-; 56.36; 0.0;-; 74.5; 74.4; 0.7; 0.0; 0.7;1465; 0.2; 0.3; 0.3;12; 21.5;F;1;29;On;On;Off; 28.1; 26.2;0;5;805;5;805;6;620;1;-
2026/04/02;17:30:46;100;-; 56.14; 0.4;-; 74.5; 73.0; 20.3; 0.0; 20.3;1465; 0.2; 0.3; 0.3;9; 21.5;F;1;29;On;On;Off; 26.7; 27.7;0;5;805;5;805;6;620;1;-
2026/04/02;17:31:46;100;-; 56.14; 0.6;-; 73.1; 73.1; 36.1; 18.0; 18.0;1465; 0.3; 0.4; 0.4;15; 21.5;F;1;29;On;On;Off; 26.9; 28.0;0;5;805;5;805;6;620;1;-
2026/04/02;17:32:46;100;-; 56.06; 0.6;-; 73.2; 72.9; 33.8; 16.5; 17.3;1465; 0.5; 0.6; 0.6;28; 21.5;F;1;29;On;On;Off; 28.8; 28.3;0;6;806;6;806;6;620;1;-
2026/04/02;17:33:46;100;-; 55.14; 0.0;-; 74.0; 73.9; 0.7; 0.0; 0.7;1465; 0.3; 0.4; 0.4;16; 21.5;F;1;29;On;On;Off; 27.7; 27.3;0;6;806;6;806;6;620;1;-
2026/04/02;17:34:46;100;-; 54.19; 0.0;-; 73.9; 73.8; 0.7; 0.0; 0.7;1465;-0.2; 0.0; 0.0;-8; 21.5;F;1;29;On;On;Off; 26.7; 26.2;0;6;806;6;806;6;620;1;-
2026/04/02;17:35:46;100;-; 55.65; 0.6;-; 72.7; 72.4; 35.1; 17.2; 17.9;1465; 0.4; 0.5; 0.5;23; 21.5;F;1;29;On;On;Off; 28.3; 27.8;0;6;806;6;806;6;620;1;-
2026/04/02;17:36:46;100;-; 55.73; 0.6;-; 72.7; 72.5; 33.6; 16.4; 17.2;1465; 0.5; 0.6; 0.6;28; 21.5;F;1;29;On;On;Off; 28.9; 28.3;0;6;806;6;806;6;620;1;-
2026/04/02;17:37:46;100;-; 54.72; 0.0;-; 73.8; 73.8; 0.7; 0.0; 0.7;1465; 0.2; 0.3; 0.3;9; 21.5;F;1;29;On;On;Off; 27.3; 26.8;0;6;806;6;806;6;620;1;-
2026/04/02;17:38:46;100;-; 54.07; 0.0;-; 73.8; 73.7; 1.4; 0.7; 0.7;1466;-0.2; 0.0; 0.0;-8; 21.5;F;1;29;On;On;Off; 26.6; 26.2;0;6;806;6;806;6;620;1;-
2026/04/02;17:39:45;100;-; 55.71; 0.6;-; 72.6; 72.6; 34.4; 17.2; 17.2;1466; 0.7; 0.6; 0.6;35; 21.5;F;1;29;On;On;Off; 28.5; 28.0;0;6;806;6;806;6;620;1;-
2026/04/02;17:40:45;100;-; 55.73; 0.6;-; 72.7; 72.6; 33.6; 16.4; 17.2;1466; 0.5; 0.6; 0.6;28; 21.5;F;1;29;On;On;Off; 29.0; 28.4;0;6;806;6;806;6;620;1;-
2026/04/02;17:41:45;100;-; 54.68; 0.0;-; 73.7; 73.7; 0.7; 0.0; 0.7;1466; 0.2; 0.3; 0.3;8; 21.5;F;1;29;On;On;Off; 27.3; 26.8;0;6;806;6;806;6;620;1;-
2026/04/02;17:42:45;100;-; 54.07; 0.0;-; 73.3; 73.3; 0.7; 0.0; 0.7;1466;-0.2; 0.0; 0.0;-8; 21.5;F;1;29;On;On;Off; 26.7; 26.2;0;6;806;6;806;6;620;1;-
2026/04/02;17:43:45;100;-; 55.06; 0.6;-; 71.8; 71.7; 35.4; 17.7; 17.7;1466; 0.6; 0.6; 0.6;29; 21.5;F;1;29;On;On;Off; 28.6; 28.1;0;6;806;6;806;6;620;1;-
2026/04/02;17:44:45;100;-; 55.20; 0.4;-; 73.2; 71.9; 22.9; 5.9; 17.0;1466; 0.5; 0.6; 0.6;29; 21.5;F;1;29;On;On;Off; 29.0; 28.5;0;6;806;6;806;6;620;1;-
2026/04/02;17:45:45;100;-; 54.51; 0.0;-; 73.3; 73.4; 0.7; 0.0; 0.7;1466; 0.2; 0.3; 0.3;10; 21.5;F;1;29;On;On;Off; 27.3; 27.2;0;6;806;6;806;6;620;1;-
2026/04/02;17:46:45;100;-; 53.97; 0.0;-; 73.4; 73.3; 1.4; 0.7; 0.7;1466;-0.2; 0.0; 0.0;-8; 21.5;F;1;29;On;On;Off; 26.7; 26.3;0;6;806;6;806;6;620;1;-
2026/04/02;17:47:45;100;-; 55.06; 0.6;-; 71.8; 71.7; 34.7; 17.0; 17.7;1466; 0.5; 0.6; 0.6;28; 21.5;F;1;29;On;On;Off; 28.6; 28.0;0;6;806;6;806;6;620;1;-
2026/04/02;17:48:45;100;-; 55.02; 0.6;-; 71.6; 71.7; 32.4; 16.2; 16.2;1466; 0.5; 0.6; 0.6;27; 21.5;F;1;29;On;On;Off; 29.0; 28.5;0;6;806;6;806;6;620;1;-
2026/04/02;17:49:45;100;-; 54.27; 0.0;-; 72.8; 72.8; 0.7; 0.0; 0.7;1466; 0.2; 0.3; 0.3;8; 21.5;F;1;29;On;On;Off; 27.4; 27.0;0;6;806;6;806;6;620;1;-
2026/04/02;17:50:45;100;-; 53.95; 0.0;-; 72.8; 72.6; 0.7; 0.0; 0.7;1466;-0.2; 0.0; 0.0;-8; 21.5;F;1;29;On;On;Off; 26.7; 26.3;0;6;806;6;806;6;620;1;-
2026/04/02;17:51:45;100;-; 54.11; 0.6;-; 70.6; 70.4; 33.4; 16.7; 16.7;1466; 0.4; 0.5; 0.5;21; 21.6;F;1;29;On;On;Off; 28.6; 28.1;0;6;806;6;806;6;620;1;-
2026/04/02;17:52:45;100;-; 54.05; 0.0;-; 72.5; 72.4; 0.7; 0.0; 0.7;1466; 0.4; 0.5; 0.5;21; 21.5;F;1;29;On;On;Off; 28.1; 27.8;0;6;806;6;806;6;620;1;-
2026/04/02;17:53:45;100;-; 53.83; 0.0;-; 72.5; 72.2; 1.4; 0.7; 0.7;1466;-0.2; 0.0; 0.0;-9; 21.6;F;1;29;On;On;Off; 26.8; 26.4;0;6;806;6;806;6;620;1;-
2026/04/02;17:54:44;100;-; 53.91; 0.6;-; 70.4; 70.2; 33.2; 16.6; 16.6;1466; 0.1; 0.3; 0.3;5; 21.6;F;1;29;On;On;Off; 28.1; 27.6;0;6;806;6;806;6;620;1;-
2026/04/02;17:55:44;100;-; 53.97; 0.5;-; 70.4; 71.3; 28.9; 16.6; 12.3;1466; 0.5; 0.6; 0.6;26; 21.6;F;1;29;On;On;Off; 28.8; 28.3;0;6;806;6;806;6;620;1;-
2026/04/02;17:56:44;100;-; 53.79; 0.0;-; 72.5; 72.4; 0.0; 0.0; 0.0;1466;-0.0; 0.1; 0.1;0; 21.6;F;1;29;On;On;Off; 27.0; 26.5;0;6;806;6;806;6;620;1;-
2026/04/02;17:57:44;100;-; 53.76; 0.7;-; 70.1; 70.0; 35.3; 17.3; 18.0;1466;-0.1; 0.1; 0.1;-7; 21.6;F;1;29;On;On;Off; 27.1; 26.5;0;6;806;6;806;6;620;1;-
2026/04/02;17:58:44;100;-; 53.95; 0.5;-; 70.3; 71.5; 29.6; 17.3; 12.3;1466; 0.6; 0.6; 0.6;32; 21.6;F;1;29;On;On;Off; 28.6; 28.1;0;6;806;6;806;6;620;1;-
2026/04/02;17:59:44;100;-; 53.87; 0.0;-; 72.4; 72.4; 0.7; 0.0; 0.7;1466; 0.3; 0.4; 0.4;15; 21.6;F;1;29;On;On;Off; 27.4; 27.0;0;6;806;6;806;6;620;1;-
2026/04/02;18:00:44;100;-; 53.74; 0.0;-; 72.4; 72.3; 0.7; 0.0; 0.7;1466;-0.2; 0.0; 0.0;-9; 21.6;F;1;29;On;On;Off; 26.6; 26.2;0;6;806;6;806;6;620;1;-
2026/04/02;18:01:44;100;-; 53.78; 0.5;-; 70.3; 71.0; 26.7; 15.1; 11.5;1466; 0.3; 0.4; 0.4;14; 21.6;F;1;29;On;On;Off; 28.4; 27.9;0;6;806;6;806;6;620;1;-
2026/04/02;18:02:44;100;-; 53.76; 0.0;-; 72.0; 72.0; 0.7; 0.0; 0.7;1466; 0.4; 0.5; 0.5;21; 21.6;F;1;29;On;On;Off; 28.5; 28.1;0;6;806;6;806;6;620;1;-
2026/04/02;18:03:44;100;-; 53.68; 0.0;-; 71.9; 71.8; 0.7; 0.0; 0.7;1466;-0.2; 0.0; 0.0;-8; 21.6;F;1;29;On;On;Off; 26.7; 26.3;0;6;806;6;806;6;620;1;-
2026/04/02;18:04:44;100;-; 53.64; 0.4;-; 70.2; 71.1; 22.3; 12.9; 9.3;1466;-0.0; 0.2; 0.2;-1; 21.6;F;1;29;On;On;Off; 27.8; 27.3;0;6;806;6;806;6;620;1;-
2026/04/02;18:05:44;100;-; 53.64; 0.5;-; 70.0; 70.1; 25.1; 12.9; 12.2;1466; 0.3; 0.5; 0.5;17; 21.6;F;1;29;On;On;Off; 28.7; 28.2;0;6;806;6;806;6;620;1;-
2026/04/02;18:06:44;100;-; 53.58; 0.0;-; 71.5; 71.3; 0.7; 0.0; 0.7;1466;-0.0; 0.2; 0.2;0; 21.6;F;1;29;On;On;Off; 27.0; 26.5;0;6;806;6;806;6;620;1;-
2026/04/02;18:07:44;100;-; 53.54; 0.4;-; 69.9; 69.8; 22.3; 10.8; 11.5;1466;-0.2; 0.0; 0.0;-9; 21.6;F;1;29;On;On;Off; 26.6; 26.1;0;6;806;6;806;6;620;1;-
2026/04/02;18:08:44;100;-; 53.48; 0.4;-; 69.9; 69.7; 23.6; 11.5; 12.2;1466; 0.1; 0.4; 0.4;7; 21.6;F;1;29;On;On;Off; 28.5; 28.0;0;6;806;6;806;6;620;1;-
2026/04/02;18:09:44;100;-; 53.48; 0.0;-; 71.4; 71.2; 1.4; 0.0; 1.4;1466; 0.1; 0.3; 0.3;4; 21.6;F;1;29;On;On;Off; 27.5; 27.1;0;6;806;6;806;6;620;1;-
2026/04/02;18:10:43;100;-; 53.48; 0.0;-; 71.3; 71.2; 1.4; 0.7; 0.7;1466;-0.2; 0.0; 0.0;-9; 21.6;F;1;29;On;On;Off; 26.6; 26.2;0;6;806;6;806;6;620;1;-
2026/04/02;18:11:43;100;-; 53.44; 0.5;-; 69.7; 69.6; 25.0; 12.1; 12.9;1466; 0.1; 0.3; 0.3;3; 21.6;F;1;29;On;On;Off; 28.2; 27.7;0;6;806;6;806;6;620;1;-
2026/04/02;18:12:43;100;-; 53.44; 0.0;-; 71.4; 71.4; 0.7; 0.0; 0.7;1466; 0.3; 0.5; 0.5;15; 21.6;F;1;29;On;On;Off; 28.7; 28.2;0;6;806;6;806;6;620;1;-
2026/04/02;18:13:43;100;-; 53.42; 0.0;-; 71.4; 71.3; 0.7; 0.0; 0.7;1466;-0.1; 0.1; 0.1;-6; 21.6;F;1;29;On;On;Off; 26.7; 26.3;0;6;806;6;806;6;620;1;-
2026/04/02;18:14:43;100;-; 53.40; 0.4;-; 69.7; 69.5; 22.9; 11.4; 11.4;1466;-0.1; 0.1; 0.1;-5; 21.6;F;1;29;On;On;Off; 27.5; 26.9;0;6;806;6;806;6;620;1;-
2026/04/02;18:15:43;100;-; 53.36; 0.4;-; 69.6; 69.5; 22.2; 10.7; 11.4;1466; 0.2; 0.4; 0.4;10; 21.6;F;1;29;On;On;Off; 28.6; 28.1;0;6;806;6;806;6;620;1;-
2026/04/02;18:16:43;100;-; 53.36; 0.0;-; 71.0; 70.9; 0.7; 0.0; 0.7;1466;-0.0; 0.2; 0.2;-1; 21.6;F;1;29;On;On;Off; 27.0; 26.6;0;6;806;6;806;6;620;1;-
2026/04/02;18:17:43;100;-; 53.34; 0.1;-; 71.5; 70.9; 3.6; 3.6; 0.0;1466;-0.2; 0.0; 0.0;-9; 21.6;F;1;29;On;On;Off; 26.4; 26.0;0;6;806;6;806;6;620;1;-
2026/04/02;18:18:43;100;-; 53.30; 0.4;-; 69.5; 69.4; 23.5; 11.4; 12.1;1466; 0.1; 0.4; 0.4;6; 21.6;F;1;29;On;On;Off; 28.3; 27.9;0;6;806;6;806;6;620;1;-
2026/04/02;18:19:43;100;-; 53.30; 0.0;-; 71.4; 71.3; 0.7; 0.0; 0.7;1466; 0.2; 0.4; 0.4;8; 21.6;F;1;29;On;On;Off; 27.7; 27.4;0;6;806;6;806;6;620;1;-
2026/04/02;18:20:43;100;-; 53.30; 0.0;-; 71.3; 71.1; 0.7; 0.7; 0.0;1466;-0.2; 0.0; 0.0;-8; 21.6;F;1;29;On;On;Off; 26.5; 26.1;0;6;806;6;806;6;620;1;-
2026/04/02;18:21:43;100;-; 53.26; 0.5;-; 69.6; 69.3; 24.2; 12.1; 12.1;1466; 0.0; 0.2; 0.2;1; 21.6;F;1;29;On;On;Off; 28.0; 27.5;0;6;806;6;806;6;620;1;-
2026/04/02;18:22:43;100;-; 53.24; 0.4;-; 69.4; 69.4; 23.5; 11.4; 12.1;1466; 0.2; 0.4; 0.4;12; 21.6;F;1;29;On;On;Off; 28.6; 28.1;0;6;806;6;806;6;620;1;-
2026/04/02;18:23:43;100;-; 53.22; 0.0;-; 71.1; 71.2; 0.7; 0.0; 0.7;1466;-0.1; 0.1; 0.1;-5; 21.6;F;1;29;On;On;Off; 26.7; 26.3;0;6;806;6;806;6;620;1;-
2026/04/02;18:24:43;100;-; 53.20; 0.4;-; 69.5; 69.4; 22.1; 11.4; 10.7;1466;-0.1; 0.1; 0.1;-7; 21.6;F;1;29;On;On;Off; 27.1; 26.5;0;6;806;6;806;6;620;1;-
2026/04/02;18:25:42;100;-; 53.18; 0.4;-; 69.4; 69.3; 21.4; 10.7; 10.7;1466; 0.2; 0.4; 0.4;9; 21.6;F;1;29;On;On;Off; 28.4; 28.0;0;6;806;6;806;6;620;1;-
2026/04/02;18:26:42;100;-; 53.18; 0.0;-; 70.8; 70.7; 1.4; 0.7; 0.7;1466; 0.0; 0.2; 0.2;0; 21.6;F;1;29;On;On;Off; 27.1; 26.7;0;6;806;6;806;6;620;1;-
2026/04/02;18:27:42;100;-; 53.18; 0.0;-; 70.6; 70.7; 0.0; 0.0; 0.0;1466;-0.2; 0.0; 0.0;-8; 21.6;F;1;29;On;On;Off; 26.4; 26.0;0;6;806;6;806;6;620;1;-
2026/04/02;18:28:42;100;-; 53.10; 0.4;-; 69.2; 69.2; 19.2; 9.3; 9.9;1466; 0.0; 0.3; 0.3;1; 21.6;F;1;29;On;On;Off; 28.2; 27.7;0;6;806;6;806;6;620;1;-
2026/04/02;18:29:42;100;-; 53.10; 0.0;-; 70.4; 70.2; 0.7; 0.0; 0.7;1466; 0.0; 0.3; 0.3;1; 21.6;F;1;29;On;On;Off; 28.1; 27.8;0;6;806;6;806;6;620;1;-
2026/04/02;18:30:42;100;-; 53.10; 0.0;-; 70.2; 70.0; 0.7; 0.0; 0.7;1466;-0.2; 0.0; 0.0;-9; 21.6;F;1;29;On;On;Off; 26.5; 26.1;0;6;806;6;806;6;620;1;-
2026/04/02;18:31:42;100;-; 53.04; 0.3;-; 69.2; 69.1; 16.3; 7.8; 8.5;1466;-0.1; 0.1; 0.1;-5; 21.6;F;1;29;On;On;Off; 27.8; 27.3;0;6;806;6;806;6;620;1;-
2026/04/02;18:32:42;100;-; 53.01; 0.3;-; 69.2; 69.0; 15.6; 7.8; 7.8;1466;-0.0; 0.3; 0.3;0; 21.6;F;1;29;On;On;Off; 28.5; 28.0;0;6;806;6;806;6;620;1;-
2026/04/02;18:33:42;99;-; 53.01; 0.0;-; 69.7; 69.8; 0.7; 0.0; 0.7;1466;-0.1; 0.1; 0.1;-7; 21.6;F;1;29;On;On;Off; 26.7; 26.3;0;6;806;6;806;6;620;1;-
2026/04/02;18:34:42;99;-; 52.99; 0.3;-; 69.1; 69.1; 14.2; 7.1; 7.1;1466;-0.2; 0.0; 0.0;-8; 21.6;F;1;29;On;On;Off; 26.6; 26.0;0;6;806;6;806;6;620;1;-
2026/04/02;18:35:42;99;-; 52.93; 0.3;-; 69.2; 69.0; 13.5; 6.4; 7.1;1466;-0.1; 0.2; 0.2;-5; 21.6;F;1;29;On;On;Off; 28.3; 27.9;0;6;806;6;806;6;620;1;-
2026/04/02;18:36:42;99;-; 52.91; 0.0;-; 69.5; 69.4; 0.7; 0.0; 0.7;1466;-0.2; 0.2; 0.2;-7; 21.6;F;1;29;On;On;Off; 27.2; 26.8;0;6;806;6;806;6;620;1;-
2026/04/02;18:37:42;99;-; 52.93; 0.0;-; 69.5; 69.5; 0.7; 0.0; 0.7;1466;-0.2; 0.0; 0.0;-8; 21.5;F;1;29;On;On;Off; 26.4; 26.0;0;6;806;6;806;6;620;1;-
2026/04/02;18:38:42;99;-; 52.83; 0.2;-; 68.9; 70.0; 9.2; 6.3; 2.8;1467;-0.1; 0.2; 0.2;-7; 21.6;F;1;29;On;On;Off; 28.1; 27.6;0;6;806;6;806;6;620;1;-
2026/04/02;18:39:42;99;-; 52.81; 0.0;-; 69.3; 69.1; 0.7; 0.0; 0.7;1467;-0.2; 0.2; 0.2;-9; 21.6;F;1;29;On;On;Off; 28.4; 28.0;0;6;806;6;806;6;620;1;-
2026/04/02;18:40:42;99;-; 52.83; 0.0;-; 68.7; 68.5; 0.7; 0.0; 0.7;1467;-0.2; 0.0; 0.0;-11; 21.6;F;1;29;On;On;Off; 26.5; 26.1;0;6;806;6;806;6;620;1;-
2026/04/02;18:41:41;99;-; 52.77; 0.2;-; 68.8; 68.8; 9.8; 4.9; 4.9;1467;-0.2; 0.1; 0.1;-11; 21.6;F;1;29;On;On;Off; 27.5; 27.0;0;6;806;6;806;6;620;1;-
2026/04/02;18:42:41;99;-; 52.69; 0.1;-; 68.8; 69.8; 4.9; 4.2; 0.7;1467;-0.3; 0.2; 0.2;-18; 21.6;F;1;29;On;On;Off; 28.4; 27.9;0;6;806;6;806;6;620;1;-
2026/04/02;18:43:41;99;-; 52.73; 0.0;-; 67.5; 67.4; 0.7; 0.0; 0.7;1467;-0.3; 0.1; 0.1;-14; 21.5;F;1;29;On;On;Off; 26.8; 26.4;0;6;806;6;806;6;620;1;-
2026/04/02;18:44:41;99;-; 52.71; 0.1;-; 68.9; 67.5; 4.2; 3.5; 0.7;1467;-0.2; 0.0; 0.0;-9; 21.6;F;1;29;On;On;Off; 26.3; 25.9;0;6;806;6;806;6;620;1;-
2026/04/02;18:45:41;99;-; 52.59; 0.1;-; 70.0; 68.5; 3.5; 0.0; 3.5;1467;-0.3; 0.1; 0.1;-16; 21.6;F;1;29;On;On;Off; 28.2; 27.8;0;6;806;6;806;6;620;1;-
2026/04/02;18:46:41;99;-; 52.63; 0.0;-; 67.0; 66.9; 0.7; 0.0; 0.7;1467;-0.4; 0.1; 0.1;-18; 21.6;F;1;29;On;On;Off; 27.4; 27.0;0;6;806;6;806;6;620;1;-
2026/04/02;18:47:41;99;-; 52.63; 0.0;-; 66.7; 66.5; 0.7; 0.0; 0.7;1467;-0.2; 0.0; 0.0;-9; 21.5;F;1;29;On;On;Off; 26.4; 26.0;0;6;806;6;806;6;620;1;-
2026/04/02;18:48:41;99;-; 52.63; 0.0;-; 66.5; 66.5; 0.0; 0.0; 0.0;1467;-0.2; 0.0; 0.0;-10; 21.6;F;1;29;On;On;Off; 26.2; 25.8;0;6;806;6;806;6;620;1;-
2026/04/02;18:49:41;99;-; 52.65; 0.0;-; 66.4; 66.2; 1.4; 0.7; 0.7;1467;-0.2; 0.0; 0.0;-10; 21.6;F;1;29;On;On;Off; 26.0; 25.6;0;6;806;6;806;6;620;1;-
2026/04/02;18:50:41;99;-; 52.65; 0.0;-; 65.9; 65.7; 0.7; 0.0; 0.7;1467;-0.2; 0.0; 0.0;-10; 21.6;F;1;29;On;On;Off; 25.9; 25.5;0;6;806;6;806;6;620;1;-
2026/04/02;18:51:41;99;-; 52.63; 0.0;-; 65.3; 65.1; 0.7; 0.0; 0.7;1467;-0.2; 0.0; 0.0;-9; 21.6;F;1;29;On;On;Off; 25.8; 25.5;0;6;806;6;806;6;620;1;-
2026/04/02;18:52:41;99;-; 52.65; 0.0;-; 65.0; 64.9; 0.7; 0.0; 0.7;1467;-0.2; 0.0; 0.0;-8; 21.6;F;1;29;On;On;Off; 25.7; 25.3;0;6;806;6;806;6;620;1;-
2026/04/02;18:53:41;99;-; 52.63; 0.0;-; 64.9; 64.7; 0.0; 0.0; 0.0;1467;-0.2; 0.0; 0.0;-9; 21.6;F;1;29;On;On;Off; 25.6; 25.2;0;6;806;6;806;6;620;1;-
2026/04/02;18:54:41;99;-; 52.63; 0.0;-; 64.6; 64.4; 0.7; 0.0; 0.7;1467;-0.2; 0.0; 0.0;-9; 21.6;F;1;29;On;On;Off; 25.4; 25.1;0;6;806;6;806;6;620;1;-
2026/04/02;18:55:41;99;-; 52.63; 0.0;-; 64.3; 64.1; 0.7; 0.0; 0.7;1467;-0.2; 0.0; 0.0;-9; 21.6;F;1;29;On;On;Off; 25.4; 25.0;0;6;806;6;806;6;620;1;-
2026/04/02;18:56:40;99;-; 52.63; 0.0;-; 64.0; 63.9; 0.7; 0.0; 0.7;1467;-0.2; 0.0; 0.0;-9; 21.6;F;1;29;On;On;Off; 25.3; 24.9;0;6;806;6;806;6;620;1;-
2026/04/02;18:57:40;99;-; 52.63; 0.0;-; 63.7; 63.5; 0.7; 0.0; 0.7;1467;-0.2; 0.0; 0.0;-9; 21.6;F;1;29;On;On;Off; 25.2; 24.9;0;6;806;6;806;6;620;1;-
2026/04/02;18:58:40;99;-; 52.63; 0.0;-; 63.5; 63.4; 0.7; 0.0; 0.7;1467;-0.2; 0.0; 0.0;-9; 21.6;F;1;29;On;On;Off; 25.2; 24.9;0;6;806;6;806;6;620;1;-
2026/04/02;18:59:40;99;-; 52.63; 0.0;-; 63.6; 63.4; 1.4; 0.7; 0.7;1467;-0.2; 0.0; 0.0;-9; 21.6;F;1;29;On;On;Off; 25.1; 24.7;0;6;806;6;806;6;620;1;-
2026/04/02;19:00:40;99;-; 52.65; 0.0;-; 63.5; 63.3; 0.7; 0.0; 0.7;1467;-0.2; 0.0; 0.0;-9; 21.6;F;1;29;On;On;Off; 25.1; 24.6;0;6;806;6;806;6;620;1;-
2026/04/02;19:01:40;99;-; 52.61; 0.0;-; 63.1; 63.0; 0.0; 0.0; 0.0;1467;-0.2; 0.0; 0.0;-9; 21.6;F;1;29;On;On;Off; 25.1; 24.7;0;6;806;6;806;6;620;1;-
2026/04/02;19:02:40;99;-; 52.63; 0.0;-; 62.7; 62.4; 0.7; 0.7; 0.0;1467;-0.2; 0.0; 0.0;-9; 21.6;F;1;29;On;On;Off; 25.0; 24.6;0;6;806;6;806;6;620;1;-
2026/04/02;19:03:40;99;-; 52.63; 0.0;-; 62.4; 62.3; 0.7; 0.0; 0.7;1467;-0.2; 0.0; 0.0;-9; 21.6;F;1;29;On;On;Off; 24.9; 24.6;0;6;806;6;806;6;620;1;-
2026/04/02;19:04:40;99;-; 52.61; 0.0;-; 62.1; 62.0; 1.4; 0.7; 0.7;1467;-0.2; 0.0; 0.0;-9; 21.6;F;1;29;On;On;Off; 24.8; 24.5;0;6;806;6;806;6;620;1;-
2026/04/02;19:05:40;99;-; 52.63; 0.0;-; 62.1; 61.8; 0.7; 0.0; 0.7;1467;-0.2; 0.0; 0.0;-9; 21.6;F;1;29;On;On;Off; 24.8; 24.4;0;6;806;6;806;6;620;1;-
2026/04/02;19:06:40;99;-; 52.61; 0.0;-; 62.0; 61.8; 0.7; 0.0; 0.7;1467;-0.2; 0.0; 0.0;-9; 21.6;F;1;29;On;On;Off; 24.8; 24.4;0;6;806;6;806;6;620;1;-
2026/04/02;19:07:40;99;-; 52.59; 0.0;-; 61.8; 61.7; 0.7; 0.0; 0.7;1467;-0.2; 0.0; 0.0;-9; 21.6;F;1;29;On;On;Off; 24.7; 24.3;0;6;806;6;806;6;620;1;-
2026/04/02;19:08:40;99;-; 52.59; 0.0;-; 61.7; 61.5; 0.0; 0.0; 0.0;1467;-0.2; 0.0; 0.0;-9; 21.6;F;1;29;On;On;Off; 24.7; 24.3;0;6;806;6;806;6;620;1;-
2026/04/02;19:09:40;99;-; 52.59; 0.0;-; 61.5; 61.3; 1.4; 0.7; 0.7;1467;-0.2; 0.0; 0.0;-9; 21.6;F;1;29;On;On;Off; 24.6; 24.2;0;6;806;6;806;6;620;1;-
2026/04/02;19:10:40;99;-; 52.59; 0.0;-; 61.4; 61.3; 0.7; 0.0; 0.7;1467;-0.2; 0.0; 0.0;-9; 21.6;F;1;29;On;On;Off; 24.6; 24.2;0;6;806;6;806;6;620;1;-
2026/04/02;19:11:39;99;-; 52.57; 0.0;-; 61.3; 61.1; 0.7; 0.0; 0.7;1467;-0.2; 0.0; 0.0;-9; 21.6;F;1;29;On;On;Off; 24.6; 24.2;0;6;806;6;806;6;620;1;-
2026/04/02;19:12:39;99;-; 52.57; 0.0;-; 61.1; 60.9; 0.7; 0.0; 0.7;1467;-0.2; 0.0; 0.0;-9; 21.6;F;1;29;On;On;Off; 24.5; 24.1;0;6;806;6;806;6;620;1;-
2026/04/02;19:13:39;99;-; 52.57; 0.0;-; 60.8; 60.8; 0.7; 0.7; 0.0;1467;-0.2; 0.0; 0.0;-9; 21.6;F;1;29;On;On;Off; 24.5; 24.2;0;6;806;6;806;6;620;1;-
2026/04/02;19:14:39;99;-; 52.57; 0.0;-; 60.5; 60.4; 0.7; 0.7; 0.0;1467;-0.2; 0.0; 0.0;-8; 21.6;F;1;29;On;On;Off; 24.4; 24.0;0;6;806;6;806;6;620;1;-
2026/04/02;19:15:39;99;-; 52.59; 0.0;-; 60.2; 60.0; 0.7; 0.0; 0.7;1467;-0.2; 0.0; 0.0;-9; 21.6;F;1;29;On;On;Off; 24.4; 24.0;0;6;806;6;806;6;620;1;-
2026/04/02;19:16:39;99;-; 52.57; 0.0;-; 59.8; 59.5; 0.7; 0.0; 0.7;1467;-0.2; 0.0; 0.0;-9; 21.6;F;1;29;On;On;Off; 24.4; 24.0;0;6;806;6;806;6;620;1;-
2026/04/02;19:17:39;99;-; 52.55; 0.0;-; 59.3; 59.0; 0.7; 0.0; 0.7;1467;-0.2; 0.0; 0.0;-9; 21.6;F;1;29;On;On;Off; 24.3; 24.0;0;6;806;6;806;6;620;1;-
2026/04/02;19:18:39;99;-; 52.55; 0.0;-; 58.5; 58.2; 1.4; 0.7; 0.7;1467;-0.2; 0.0; 0.0;-9; 21.6;F;1;29;On;On;Off; 24.3; 23.9;0;6;806;6;806;6;620;1;-
2026/04/02;19:19:39;99;-; 52.55; 0.0;-; 57.5; 57.4; 0.0; 0.0;-;1467;-0.2; 0.0; 0.0;-9; 21.6;F;1;29;On;On;Off; 24.3; 23.9;0;6;806;6;806;6;620;1;-
2026/04/02;19:20:39;99;-; 52.55; 0.0;-; 57.0; 56.7; 0.0;-;-;1467;-0.2; 0.0; 0.0;-8; 21.6;F;1;29;On;On;Off; 24.2; 23.9;0;6;806;6;806;6;620;0;-
2026/04/02;19:21:39;99;-; 52.57; 0.0;-; 56.2; 55.7; 0.0;-;-;1467;-0.2; 0.0; 0.0;-8; 21.6;F;1;29;On;On;Off; 24.1; 23.8;0;6;806;6;806;6;620;0;-
2026/04/02;19:22:39;99;-; 52.57; 0.0;-; 55.4; 55.0; 0.0;-;-;1467;-0.2; 0.0; 0.0;-8; 21.6;F;1;29;On;On;Off; 24.1; 23.8;0;6;806;6;806;6;620;0;-
2026/04/02;19:23:39;99;-; 52.57; 0.0;-; 54.9; 54.5; 0.0;-;-;1467;-0.2; 0.0; 0.0;-8; 21.6;F;1;29;On;On;Off; 24.0; 23.7;0;6;806;6;806;6;620;0;-
2026/04/02;19:24:39;99;-; 52.57; 0.0;-; 54.3; 53.7; 0.0;-;-;1467;-0.2; 0.0; 0.0;-8; 21.6;F;1;29;On;On;Off; 24.0; 23.7;0;6;806;6;806;6;620;0;-
2026/04/02;19:25:39;99;-; 52.55; 0.0;-; 53.4; 52.8; 0.0;-;-;1467;-0.2; 0.0; 0.0;-9; 21.6;F;1;29;On;On;Off; 23.9; 23.6;0;6;806;6;806;6;620;0;-
2026/04/02;19:26:39;99;-; 52.57; 0.0;-; 52.7; 52.2; 0.0;-;-;1467;-0.2; 0.0; 0.0;-8; 21.6;F;1;29;On;On;Off; 23.9; 23.6;0;6;806;6;806;6;620;0;-
2026/04/02;19:27:38;99;-; 52.57; 0.0;-; 52.1; 51.3; 0.0;-;-;1467;-0.2; 0.0; 0.0;-8; 21.6;F;1;29;On;On;Off; 23.8; 23.5;0;6;806;6;806;6;620;0;-
2026/04/02;19:28:38;99;-; 52.57; 0.0;-; 51.1; 50.3; 0.0;-;-;1467;-0.2; 0.0; 0.0;-9; 21.6;F;1;29;On;On;Off; 23.8; 23.5;0;6;806;6;806;6;620;0;-
2026/04/02;19:29:38;99;-; 52.57; 0.0;-; 50.0; 49.2; 0.0;-;-;1467;-0.2; 0.0; 0.0;-9; 21.6;F;1;29;On;On;Off; 23.8; 23.5;0;6;806;6;806;6;620;0;-
2026/04/02;19:30:38;99;-; 52.57; 0.0;-; 49.0; 48.5; 0.0;-;-;1467;-0.2; 0.0; 0.0;-9; 21.6;F;1;29;On;On;Off; 23.7; 23.4;0;6;806;6;806;6;620;0;-
2026/04/02;19:31:38;99;-; 52.57; 0.0;-; 48.2; 47.6; 0.0;-;-;1467;-0.2; 0.0; 0.0;-9; 21.6;F;1;29;On;On;Off; 23.7; 23.4;0;6;806;6;806;6;620;0;-
2026/04/02;19:32:38;99;-; 52.57; 0.0;-; 47.1; 46.4; 0.0;-;-;1467;-0.2; 0.0; 0.0;-9; 21.6;F;1;29;On;On;Off; 23.7; 23.4;0;6;806;6;806;6;620;0;-
2026/04/02;19:33:38;99;-; 52.57; 0.0;-; 45.5; 44.9; 0.0;-;-;1467;-0.2; 0.0; 0.0;-9; 21.6;F;1;29;On;On;Off; 23.6; 23.3;0;6;806;6;806;6;620;0;-
2026/04/02;19:34:38;99;-; 52.57; 0.0;-; 44.4; 43.7; 0.0;-;-;1467;-0.2; 0.0; 0.0;-9; 21.6;F;1;29;On;On;Off; 23.6; 23.3;0;6;806;6;806;6;620;0;-
2026/04/02;19:35:38;99;-; 52.57; 0.0;-; 43.3; 42.4; 0.0;-;-;1467;-0.2; 0.0; 0.0;-9; 21.6;F;1;29;On;On;Off; 23.6; 23.3;0;6;806;6;806;6;620;0;-
2026/04/02;19:36:38;99;-; 52.57; 0.0;-; 42.4; 41.5; 0.0;-;-;1467;-0.2; 0.0; 0.0;-9; 21.6;F;1;29;On;On;Off; 23.5; 23.2;0;6;806;6;806;6;620;0;-
2026/04/02;19:37:38;99;-; 52.57; 0.0;-; 40.9; 40.0; 0.0;-;-;1467;-0.2; 0.0; 0.0;-9; 21.6;F;1;29;On;On;Off; 23.5; 23.2;0;6;806;6;806;6;620;0;-
2026/04/02;19:38:38;99;-; 52.55; 0.0;-; 38.7; 37.9; 0.0;-;-;1468;-0.2; 0.0; 0.0;-9; 21.6;F;1;29;On;On;Off; 23.5; 23.2;0;6;806;6;806;6;620;0;-
2026/04/02;19:39:38;99;-; 52.57; 0.0;-; 36.6; 35.9; 0.0;-;-;1468;-0.2; 0.0; 0.0;-9; 21.6;F;1;29;On;On;Off; 23.4; 23.2;0;6;806;6;806;6;620;0;-
2026/04/02;19:40:38;99;-; 52.57; 0.0;-; 35.2; 34.4; 0.0;-;-;1468;-0.2; 0.0; 0.0;-9; 21.6;F;1;29;On;On;Off; 23.4; 23.1;0;6;806;6;806;6;620;0;-
2026/04/02;19:41:38;99;-; 52.57; 0.0;-; 33.5; 32.9; 0.0;-;-;1468;-0.2; 0.0; 0.0;-9; 21.6;F;1;29;On;On;Off; 23.4; 23.1;0;6;806;6;806;6;620;0;-
2026/04/02;19:42:38;99;-; 52.57; 0.0;-; 32.0; 31.4; 0.0;-;-;1468;-0.2; 0.0; 0.0;-9; 21.6;F;1;29;On;On;Off; 23.4; 23.1;0;6;806;6;806;6;620;0;-
2026/04/02;19:43:37;99;-; 52.57; 0.0;-; 30.9; 30.4; 0.0;-;-;1468;-0.2; 0.0; 0.0;-9; 21.6;F;1;29;On;On;Off; 23.3; 23.1;0;6;806;6;806;6;620;0;-
2026/04/02;19:44:37;99;-; 52.57; 0.0;-; 29.8; 29.2; 0.0;-;-;1468;-0.2; 0.0; 0.0;-9; 21.6;F;1;29;On;On;Off; 23.3; 23.0;0;6;806;6;806;6;620;0;-
2026/04/02;19:45:37;99;-; 52.57; 0.0;-; 28.7; 28.3; 0.0;-;-;1468;-0.2; 0.0; 0.0;-9; 21.6;F;1;29;On;On;Off; 23.3; 23.0;0;6;806;6;806;6;620;0;-
2026/04/02;19:46:37;99;-; 52.57; 0.0;-; 27.8; 27.6; 0.0;-;-;1468;-0.2; 0.0; 0.0;-8; 21.6;F;1;29;On;On;Off; 23.3; 23.0;0;6;806;6;806;6;620;0;-
2026/04/02;19:47:37;99;-; 52.55; 0.0;-; 26.9; 26.7; 0.0;-;-;1468;-0.2; 0.0; 0.0;-8; 21.6;F;1;29;On;On;Off; 23.2; 23.0;0;6;806;6;806;6;620;0;-
2026/04/02;19:48:37;99;-; 52.55; 0.0;-; 26.3; 26.0; 0.0;-;-;1468;-0.2; 0.0; 0.0;-8; 21.6;F;1;29;On;On;Off; 23.2; 22.9;0;6;806;6;806;6;620;0;-
2026/04/02;19:49:37;99;-; 52.57; 0.0;-; 25.5; 25.3; 0.0;-;-;1468;-0.2; 0.0; 0.0;-9; 21.6;F;1;29;On;On;Off; 23.2; 22.9;0;6;806;6;806;6;620;0;-
2026/04/02;19:50:37;99;-; 52.57; 0.0;-; 24.7; 24.5; 0.0;-;-;1468;-0.2; 0.0; 0.0;-8; 21.6;F;1;29;On;On;Off; 23.2; 22.9;0;6;806;6;806;6;620;0;-
2026/04/02;19:51:37;99;-; 52.55; 0.0;-; 23.9; 23.5; 0.0;-;-;1468;-0.2; 0.0; 0.0;-9; 21.6;F;1;29;On;On;Off; 23.1; 22.9;0;6;806;6;806;6;620;0;-
2026/04/02;19:52:37;99;-; 52.57; 0.0;-; 23.5; 23.3; 0.0;-;-;1468;-0.2; 0.0; 0.0;-9; 21.6;F;1;29;On;On;Off; 23.1; 22.8;0;6;806;6;806;6;620;0;-
2026/04/02;19:53:37;99;-; 52.57; 0.0;-; 22.8; 22.7; 0.0;-;-;1468;-0.2; 0.0; 0.0;-9; 21.6;F;1;29;On;On;Off; 23.1; 22.8;0;6;806;6;806;6;620;0;-
2026/04/02;19:54:37;99;-; 52.57; 0.0;-; 22.0; 21.9; 0.0;-;-;1468;-0.2; 0.0; 0.0;-8; 21.6;F;1;29;On;On;Off; 23.1; 22.8;0;6;806;6;806;6;620;0;-
2026/04/02;19:55:37;99;-; 52.57; 0.0;-; 21.3; 21.1; 0.0;-;-;1468;-0.2; 0.0; 0.0;-9; 21.6;F;1;29;On;On;Off; 23.1; 22.8;0;6;806;6;806;6;620;0;-
2026/04/02;19:56:37;99;-; 52.57; 0.0;-; 20.5; 20.4; 0.0;-;-;1468;-0.2; 0.0; 0.0;-9; 21.6;F;1;29;On;On;Off; 23.1; 22.8;0;6;806;6;806;6;620;0;-
2026/04/02;19:57:37;99;-; 52.55; 0.0;-; 19.8; 20.1; 0.0;-;-;1468;-0.2; 0.0; 0.0;-8; 21.6;F;1;29;On;On;Off; 23.0; 22.8;0;6;806;6;806;6;620;0;-
2026/04/02;19:58:36;99;-; 52.55; 0.0;-; 19.3; 19.5; 0.0;-;-;1468;-0.2; 0.0; 0.0;-9; 21.6;F;1;29;On;On;Off; 23.0; 22.7;0;6;806;6;806;6;620;0;-
2026/04/02;19:59:36;99;-; 52.57; 0.0;-; 18.7; 19.0; 0.0;-;-;1468;-0.2; 0.0; 0.0;-8; 21.6;F;1;29;On;On;Off; 23.0; 22.7;0;6;806;6;806;6;620;0;-
2026/04/02;20:00:36;99;-; 52.55; 0.0;-; 18.4; 18.5; 0.0;-;-;1468;-0.2; 0.0; 0.0;-8; 21.6;F;1;29;On;On;Off; 23.0; 22.7;0;6;806;6;806;6;620;0;-
2026/04/02;20:01:36;99;-; 52.55; 0.0;-; 18.0; 18.2; 0.0;-;-;1468;-0.2; 0.0; 0.0;-8; 21.5;F;1;29;On;On;Off; 23.0; 22.7;0;6;806;6;806;6;620;0;-
2026/04/02;20:02:36;99;-; 52.55; 0.0;-; 17.8; 17.9; 0.0;-;-;1468;-0.2; 0.0; 0.0;-9; 21.5;F;1;29;On;On;Off; 23.0; 22.7;0;6;806;6;806;6;620;0;-
2026/04/02;20:03:36;99;-; 52.55; 0.0;-; 17.5; 17.8; 0.0;-;-;1468;-0.2; 0.0; 0.0;-8; 21.6;F;1;29;On;On;Off; 22.9; 22.7;0;6;806;6;806;6;620;0;-
2026/04/02;20:04:36;99;-; 52.53; 0.0;-; 17.1; 17.4; 0.0;-;-;1468;-0.2; 0.0; 0.0;-8; 21.5;F;1;29;On;On;Off; 22.9; 22.6;0;6;806;6;806;6;620;0;-
2026/04/02;20:05:36;99;-; 52.55; 0.0;-; 17.0; 17.2; 0.0;-;-;1468;-0.2; 0.0; 0.0;-8; 21.6;F;1;29;On;On;Off; 22.9; 22.6;0;6;806;6;806;6;620;0;-
2026/04/02;20:06:36;99;-; 52.55; 0.0;-; 16.9; 17.1; 0.0;-;-;1468;-0.2; 0.0; 0.0;-8; 21.5;F;1;29;On;On;Off; 22.9; 22.6;0;6;806;6;806;6;620;0;-
2026/04/02;20:07:36;99;-; 52.55; 0.0;-; 16.7; 16.9; 0.0;-;-;1468;-0.2; 0.0; 0.0;-8; 21.5;F;1;29;On;On;Off; 22.9; 22.6;0;6;806;6;806;6;620;0;-
2026/04/02;20:08:36;99;-; 52.55; 0.0;-; 16.3; 16.5; 0.0;-;-;1468;-0.2; 0.0; 0.0;-8; 21.6;F;1;29;On;On;Off; 22.9; 22.6;0;6;806;6;806;6;620;0;-
2026/04/02;20:09:36;99;-; 52.55; 0.0;-; 16.2; 16.5; 0.0;-;-;1468;-0.2; 0.0; 0.0;-9; 21.5;F;1;29;On;On;Off; 22.8; 22.6;0;6;806;6;806;6;620;0;-
2026/04/02;20:10:36;99;-; 52.55; 0.0;-; 15.9; 16.3; 0.0;-;-;1468;-0.2; 0.0; 0.0;-9; 21.5;F;1;29;On;On;Off; 22.9; 22.6;0;6;806;6;806;6;620;0;-
2026/04/02;20:11:36;99;-; 52.53; 0.0;-; 15.5; 16.1; 0.0;-;-;1468;-0.2; 0.0; 0.0;-9; 21.5;F;1;29;On;On;Off; 22.8; 22.6;0;6;806;6;806;6;620;0;-
2026/04/02;20:12:36;99;-; 52.55; 0.0;-; 15.4; 15.9; 0.0;-;-;1468;-0.2; 0.0; 0.0;-9; 21.5;F;1;29;On;On;Off; 22.8; 22.6;0;6;806;6;806;6;620;0;-
2026/04/02;20:13:36;99;-; 52.55; 0.0;-; 15.3; 15.9; 0.0;-;-;1468;-0.2; 0.0; 0.0;-8; 21.5;F;1;29;On;On;Off; 22.8; 22.5;0;6;806;6;806;6;620;0;-
2026/04/02;20:14:35;99;-; 52.53; 0.0;-; 15.2; 15.9; 0.0;-;-;1468;-0.2; 0.0; 0.0;-8; 21.5;F;1;29;On;On;Off; 22.8; 22.5;0;6;806;6;806;6;620;0;-
2026/04/02;20:15:35;99;-; 52.55; 0.0;-; 15.2; 15.8; 0.0;-;-;1468;-0.2; 0.0; 0.0;-9; 21.6;F;1;29;On;On;Off; 22.8; 22.5;0;6;806;6;806;6;620;0;-
2026/04/02;20:16:35;99;-; 52.55; 0.0;-; 15.1; 15.5; 0.0;-;-;1468;-0.2; 0.0; 0.0;-8; 21.5;F;1;29;On;On;Off; 22.8; 22.5;0;6;806;6;806;6;620;0;-
2026/04/02;20:17:35;99;-; 52.55; 0.0;-; 15.0; 15.6; 0.0;-;-;1468;-0.2; 0.0; 0.0;-8; 21.5;F;1;29;On;On;Off; 22.8; 22.5;0;6;806;6;806;6;620;0;-
2026/04/02;20:18:35;99;-; 52.53; 0.0;-; 15.0; 15.5; 0.0;-;-;1468;-0.2; 0.0; 0.0;-9; 21.5;F;1;29;On;On;Off; 22.8; 22.5;0;6;806;6;806;6;620;0;-
2026/04/02;20:19:35;99;-; 52.53; 0.0;-; 14.8; 15.3; 0.0;-;-;1468;-0.2; 0.0; 0.0;-9; 21.5;F;1;29;On;On;Off; 22.8; 22.5;0;6;806;6;806;6;620;0;-
2026/04/02;20:20:35;99;-; 52.53; 0.0;-; 14.8; 15.5; 0.0;-;-;1468;-0.2; 0.0; 0.0;-9; 21.5;F;1;29;On;On;Off; 22.8; 22.5;0;6;806;6;806;6;620;0;-
2026/04/02;20:21:35;98;-; 52.53; 0.0;-; 15.0; 15.5; 0.0;-;-;1468;-0.2; 0.0; 0.0;-9; 21.5;F;1;29;On;On;Off; 22.8; 22.5;0;6;806;6;806;6;620;0;-
2026/04/02;20:22:35;98;-; 52.53; 0.0;-; 15.1; 15.7; 0.0;-;-;1468;-0.2; 0.0; 0.0;-9; 21.5;F;1;29;On;On;Off; 22.7; 22.5;0;6;806;6;806;6;620;0;-
2026/04/02;20:23:35;98;-; 52.53; 0.0;-; 15.1; 15.5; 0.0;-;-;1468;-0.2; 0.0; 0.0;-8; 21.5;F;1;29;On;On;Off; 22.8; 22.5;0;6;806;6;806;6;620;0;-
2026/04/02;20:24:35;98;-; 52.53; 0.0;-; 14.9; 15.3; 0.0;-;-;1468;-0.2; 0.0; 0.0;-9; 21.5;F;1;29;On;On;Off; 22.7; 22.5;0;6;806;6;806;6;620;0;-
2026/04/02;20:25:35;98;-; 52.51; 0.0;-; 14.9; 15.4; 0.0;-;-;1468;-0.2; 0.0; 0.0;-8; 21.5;F;1;29;On;On;Off; 22.7; 22.4;0;6;806;6;806;6;620;0;-
2026/04/02;20:26:35;98;-; 52.51; 0.0;-; 15.2; 15.8; 0.0;-;-;1468;-0.2; 0.0; 0.0;-8; 21.5;F;1;29;On;On;Off; 22.7; 22.4;0;6;806;6;806;6;620;0;-
2026/04/02;20:27:35;98;-; 52.53; 0.0;-; 15.3; 15.7; 0.0;-;-;1468;-0.2; 0.0; 0.0;-8; 21.6;F;1;29;On;On;Off; 22.7; 22.4;0;6;806;6;806;6;620;0;-
2026/04/02;20:28:35;98;-; 52.53; 0.0;-; 15.1; 15.8; 0.0;-;-;1468;-0.2; 0.0; 0.0;-8; 21.6;F;1;29;On;On;Off; 22.7; 22.4;0;6;806;6;806;6;620;0;-
2026/04/02;20:29:35;98;-; 52.53; 0.0;-; 15.1; 15.6; 0.0;-;-;1468;-0.2; 0.0; 0.0;-9; 21.6;F;1;29;On;On;Off; 22.7; 22.4;0;6;806;6;806;6;620;0;-
2026/04/02;20:30:34;98;-; 52.51; 0.0;-; 15.1; 15.6; 0.0;-;-;1468;-0.2; 0.0; 0.0;-9; 21.6;F;1;29;On;On;Off; 22.7; 22.4;0;6;806;6;806;6;620;0;-
2026/04/02;20:31:34;98;-; 52.53; 0.0;-; 15.1; 15.7; 0.0;-;-;1468;-0.2; 0.0; 0.0;-9; 21.6;F;1;29;On;On;Off; 22.7; 22.4;0;6;806;6;806;6;620;0;-
2026/04/02;20:32:34;98;-; 52.53; 0.0;-; 15.0; 15.5; 0.0;-;-;1468;-0.2; 0.0; 0.0;-9; 21.6;F;1;29;On;On;Off; 22.7; 22.4;0;6;806;6;806;6;620;0;-
2026/04/02;20:33:34;98;-; 52.53; 0.0;-; 15.0; 15.5; 0.0;-;-;1468;-0.2; 0.0; 0.0;-8; 21.6;F;1;29;On;On;Off; 22.7; 22.4;0;6;806;6;806;6;620;0;-
2026/04/02;20:34:34;98;-; 52.51; 0.0;-; 14.9; 15.6; 0.0;-;-;1468;-0.2; 0.0; 0.0;-9; 21.6;F;1;29;On;On;Off; 22.7; 22.4;0;6;806;6;806;6;620;0;-
2026/04/02;20:35:34;98;-; 52.53; 0.0;-; 14.6; 15.3; 0.0;-;-;1468;-0.2; 0.0; 0.0;-8; 21.6;F;1;29;On;On;Off; 22.7; 22.4;0;6;806;6;806;6;620;0;-
2026/04/02;20:36:34;98;-; 52.51; 0.0;-; 14.3; 15.0; 0.0;-;-;1468;-0.2; 0.0; 0.0;-8; 21.6;F;1;29;On;On;Off; 22.7; 22.4;0;6;806;6;806;6;620;0;-
2026/04/02;20:37:34;98;-; 52.49; 0.0;-; 17.2; 16.2; 0.0;-;-;1468;-0.2; 0.0; 0.0;-8; 21.6;F;1;29;On;On;Off; 22.7; 22.4;0;6;806;6;806;6;620;0;-
2026/04/02;20:38:34;98;-; 52.51; 0.0;-; 14.5; 15.1; 0.0;-;-;1469;-0.2; 0.0; 0.0;-8; 21.6;F;1;29;On;On;Off; 22.7; 22.4;0;6;806;6;806;6;620;0;-
2026/04/02;20:39:34;98;-; 52.49; 0.0;-; 14.1; 14.6; 0.0;-;-;1469;-0.2; 0.0; 0.0;-8; 21.6;F;1;29;On;On;Off; 22.7; 22.4;0;6;806;6;806;6;620;0;-
2026/04/02;20:40:34;98;-; 52.51; 0.0;-; 13.9; 14.4; 0.0;-;-;1469;-0.2; 0.0; 0.0;-8; 21.6;F;1;29;On;On;Off; 22.6; 22.4;0;6;806;6;806;6;620;0;-
2026/04/02;20:41:34;98;-; 52.51; 0.0;-; 13.9; 14.6; 0.0;-;-;1469;-0.2; 0.0; 0.0;-9; 21.6;F;1;29;On;On;Off; 22.7; 22.4;0;6;806;6;806;6;620;0;-
2026/04/02;20:42:34;98;-; 52.49; 0.0;-; 14.1; 14.7; 0.0;-;-;1469;-0.2; 0.0; 0.0;-8; 21.6;F;1;29;On;On;Off; 22.6; 22.4;0;6;806;6;806;6;620;0;-
2026/04/02;20:43:34;98;-; 52.51; 0.0;-; 14.1; 14.7; 0.0;-;-;1469;-0.2; 0.0; 0.0;-9; 21.6;F;1;29;On;On;Off; 22.6; 22.3;0;6;806;6;806;6;620;0;-
2026/04/02;20:44:34;98;-; 52.51; 0.0;-; 13.9; 14.6; 0.0;-;-;1469;-0.2; 0.0; 0.0;-8; 21.6;F;1;29;On;On;Off; 22.6; 22.3;0;6;806;6;806;6;620;0;-
2026/04/02;20:45:34;98;-; 52.51; 0.0;-; 13.9; 14.7; 0.0;-;-;1469;-0.2; 0.0; 0.0;-9; 21.6;F;1;29;On;On;Off; 22.6; 22.3;0;6;806;6;806;6;620;0;-
2026/04/02;20:46:33;98;-; 52.51; 0.0;-; 14.0; 14.6; 0.0;-;-;1469;-0.2; 0.0; 0.0;-9; 21.6;F;1;29;On;On;Off; 22.6; 22.4;0;6;806;6;806;6;620;0;-
2026/04/02;20:47:33;98;-; 52.51; 0.0;-; 14.0; 14.9; 0.0;-;-;1469;-0.2; 0.0; 0.0;-8; 21.6;F;1;29;On;On;Off; 22.6; 22.3;0;6;806;6;806;6;620;0;-
2026/04/02;20:48:33;98;-; 52.51; 0.0;-; 14.3; 14.9; 0.0;-;-;1469;-0.2; 0.0; 0.0;-9; 21.6;F;1;29;On;On;Off; 22.6; 22.3;0;6;806;6;806;6;620;0;-
2026/04/02;20:49:33;98;-; 52.49; 0.0;-; 14.3; 14.9; 0.0;-;-;1469;-0.2; 0.0; 0.0;-9; 21.6;F;1;29;On;On;Off; 22.6; 22.3;0;6;806;6;806;6;620;0;-
2026/04/02;20:50:33;98;-; 52.49; 0.0;-; 14.5; 15.1; 0.0;-;-;1469;-0.2; 0.0; 0.0;-9; 21.6;F;1;29;On;On;Off; 22.6; 22.3;0;6;806;6;806;6;620;0;-
2026/04/02;20:51:33;98;-; 52.49; 0.0;-; 14.9; 15.5; 0.0;-;-;1469;-0.2; 0.0; 0.0;-9; 21.6;F;1;29;On;On;Off; 22.6; 22.3;0;6;806;6;806;6;620;0;-
2026/04/02;20:52:33;98;-; 52.49; 0.0;-; 14.9; 15.5; 0.0;-;-;1469;-0.2; 0.0; 0.0;-9; 21.6;F;1;29;On;On;Off; 22.6; 22.3;0;6;806;6;806;6;620;0;-
2026/04/02;20:53:33;98;-; 52.49; 0.0;-; 15.1; 15.6; 0.0;-;-;1469;-0.2; 0.0; 0.0;-9; 21.6;F;1;29;On;On;Off; 22.6; 22.3;0;6;806;6;806;6;620;0;-
2026/04/02;20:54:33;98;-; 52.49; 0.0;-; 15.2; 15.7; 0.0;-;-;1469;-0.2; 0.0; 0.0;-8; 21.6;F;1;29;On;On;Off; 22.6; 22.3;0;6;806;6;806;6;620;0;-
2026/04/02;20:55:33;98;-; 52.49; 0.0;-; 15.4; 15.8; 0.0;-;-;1469;-0.2; 0.0; 0.0;-9; 21.6;F;1;29;On;On;Off; 22.6; 22.3;0;6;806;6;806;6;620;0;-
2026/04/02;20:56:33;98;-; 52.47; 0.0;-; 15.3; 15.5; 0.0;-;-;1469;-0.2; 0.0; 0.0;-9; 21.6;F;1;29;On;On;Off; 22.6; 22.3;0;6;806;6;806;6;620;0;-
2026/04/02;20:57:33;98;-; 52.49; 0.0;-; 16.3; 15.8; 0.0;-;-;1469;-0.2; 0.0; 0.0;-8; 21.6;F;1;29;On;On;Off; 22.6; 22.3;0;6;806;6;806;6;620;0;-
2026/04/02;20:58:33;98;-; 52.49; 0.0;-; 14.9; 15.5; 0.0;-;-;1469;-0.2; 0.0; 0.0;-8; 21.6;F;1;29;On;On;Off; 22.6; 22.3;0;6;806;6;806;6;620;0;-
2026/04/02;20:59:33;98;-; 52.47; 0.0;-; 14.6; 15.2; 0.0;-;-;1469;-0.2; 0.0; 0.0;-8; 21.6;F;1;29;On;On;Off; 22.6; 22.3;0;6;806;6;806;6;620;0;-
2026/04/02;21:00:33;98;-; 52.49; 0.0;-; 14.4; 14.9; 0.0;-;-;1469;-0.2; 0.0; 0.0;-8; 21.6;F;1;29;On;On;Off; 22.6; 22.3;0;6;806;6;806;6;620;0;-
2026/04/02;21:01:33;98;-; 52.49; 0.0;-; 14.5; 15.0; 0.0;-;-;1469;-0.2; 0.0; 0.0;-8; 21.6;F;1;29;On;On;Off; 22.6; 22.3;0;6;806;6;806;6;620;0;-
2026/04/02;21:02:32;98;-; 52.49; 0.0;-; 14.8; 15.3; 0.0;-;-;1469;-0.2; 0.0; 0.0;-8; 21.6;F;1;29;On;On;Off; 22.6; 22.3;0;6;806;6;806;6;620;0;-
2026/04/02;21:03:32;98;-; 52.49; 0.0;-; 14.9; 15.2; 0.0;-;-;1469;-0.2; 0.0; 0.0;-8; 21.6;F;1;29;On;On;Off; 22.6; 22.3;0;6;806;6;806;6;620;0;-
2026/04/02;21:04:32;98;-; 52.47; 0.0;-; 14.7; 15.3; 0.0;-;-;1469;-0.2; 0.0; 0.0;-8; 21.6;F;1;29;On;On;Off; 22.6; 22.3;0;6;806;6;806;6;620;0;-
2026/04/02;21:05:32;98;-; 52.49; 0.0;-; 14.7; 15.3; 0.0;-;-;1469;-0.2; 0.0; 0.0;-8; 21.6;F;1;29;On;On;Off; 22.6; 22.3;0;6;806;6;806;6;620;0;-
2026/04/02;21:06:32;98;-; 52.47; 0.0;-; 14.9; 15.2; 0.0;-;-;1469;-0.2; 0.0; 0.0;-8; 21.6;F;1;29;On;On;Off; 22.6; 22.3;0;6;806;6;806;6;620;0;-
2026/04/02;21:07:32;98;-; 52.49; 0.0;-; 14.8; 15.1; 0.0;-;-;1469;-0.2; 0.0; 0.0;-8; 21.6;F;1;29;On;On;Off; 22.6; 22.3;0;6;806;6;806;6;620;0;-
2026/04/02;21:08:32;98;-; 52.47; 0.0;-; 14.7; 15.0; 0.0;-;-;1469;-0.2; 0.0; 0.0;-8; 21.6;F;1;29;On;On;Off; 22.6; 22.3;0;6;806;6;806;6;620;0;-
2026/04/02;21:09:32;98;-; 52.47; 0.0;-; 14.7; 15.3; 0.0;-;-;1469;-0.2; 0.0; 0.0;-9; 21.6;F;1;29;On;On;Off; 22.6; 22.3;0;6;806;6;806;6;620;0;-
2026/04/02;21:10:32;98;-; 52.47; 0.0;-; 15.4; 15.3; 0.0;-;-;1469;-0.2; 0.0; 0.0;-8; 21.6;F;1;29;On;On;Off; 22.6; 22.3;0;6;806;6;806;6;620;0;-
2026/04/02;21:11:32;98;-; 52.47; 0.0;-; 14.7; 15.3; 0.0;-;-;1469;-0.2; 0.0; 0.0;-8; 21.6;F;1;29;On;On;Off; 22.5; 22.3;0;6;806;6;806;6;620;0;-
2026/04/02;21:12:32;98;-; 52.47; 0.0;-; 14.3; 14.9; 0.0;-;-;1469;-0.2; 0.0; 0.0;-8; 21.6;F;1;29;On;On;Off; 22.5; 22.2;0;6;806;6;806;6;620;0;-
2026/04/02;21:13:32;98;-; 52.47; 0.0;-; 14.2; 14.8; 0.0;-;-;1469;-0.2; 0.0; 0.0;-8; 21.6;F;1;29;On;On;Off; 22.5; 22.2;0;6;806;6;806;6;620;0;-
2026/04/02;21:14:32;98;-; 52.45; 0.0;-; 14.3; 14.8; 0.0;-;-;1469;-0.2; 0.0; 0.0;-9; 21.6;F;1;29;On;On;Off; 22.5; 22.2;0;6;806;6;806;6;620;0;-
2026/04/02;21:15:32;98;-; 52.45; 0.0;-; 14.3; 14.8; 0.0;-;-;1469;-0.2; 0.0; 0.0;-8; 21.6;F;1;29;On;On;Off; 22.5; 22.2;0;6;806;6;806;6;620;0;-
2026/04/02;21:16:32;98;-; 52.45; 0.0;-; 14.3; 14.8; 0.0;-;-;1469;-0.2; 0.0; 0.0;-8; 21.6;F;1;29;On;On;Off; 22.5; 22.2;0;6;806;6;806;6;620;0;-
2026/04/02;21:17:32;98;-; 52.47; 0.0;-; 14.2; 14.7; 0.0;-;-;1469;-0.2; 0.0; 0.0;-9; 21.6;F;1;29;On;On;Off; 22.5; 22.2;0;6;806;6;806;6;620;0;-
2026/04/02;21:18:31;98;-; 52.47; 0.0;-; 14.0; 14.6; 0.0;-;-;1469;-0.2; 0.0; 0.0;-8; 21.6;F;1;29;On;On;Off; 22.5; 22.2;0;6;806;6;806;6;620;0;-
2026/04/02;21:19:31;98;-; 52.47; 0.0;-; 14.1; 14.7; 0.0;-;-;1469;-0.2; 0.0; 0.0;-9; 21.6;F;1;29;On;On;Off; 22.5; 22.2;0;6;806;6;806;6;620;0;-
2026/04/02;21:20:31;98;-; 52.47; 0.0;-; 13.9; 14.5; 0.0;-;-;1469;-0.2; 0.0; 0.0;-9; 21.6;F;1;29;On;On;Off; 22.5; 22.2;0;6;806;6;806;6;620;0;-
2026/04/02;21:21:31;98;-; 52.45; 0.0;-; 13.7; 14.4; 0.0;-;-;1469;-0.2; 0.0; 0.0;-9; 21.6;F;1;29;On;On;Off; 22.5; 22.2;0;6;806;6;806;6;620;0;-
2026/04/02;21:22:31;98;-; 52.45; 0.0;-; 13.7; 14.3; 0.0;-;-;1469;-0.2; 0.0; 0.0;-9; 21.6;F;1;29;On;On;Off; 22.5; 22.2;0;6;806;6;806;6;620;0;-
2026/04/02;21:23:31;98;-; 52.45; 0.0;-; 13.6; 14.2; 0.0;-;-;1469;-0.2; 0.0; 0.0;-8; 21.5;F;1;29;On;On;Off; 22.5; 22.2;0;6;806;6;806;6;620;0;-
2026/04/02;21:24:31;98;-; 52.45; 0.0;-; 13.7; 14.4; 0.0;-;-;1469;-0.2; 0.0; 0.0;-9; 21.5;F;1;29;On;On;Off; 22.5; 22.2;0;6;806;6;806;6;620;0;-
2026/04/02;21:25:31;98;-; 52.45; 0.0;-; 13.7; 14.5; 0.0;-;-;1469;-0.2; 0.0; 0.0;-8; 21.5;F;1;29;On;On;Off; 22.5; 22.2;0;6;806;6;806;6;620;0;-
2026/04/02;21:26:31;98;-; 52.43; 0.0;-; 13.7; 14.4; 0.0;-;-;1469;-0.2; 0.0; 0.0;-9; 21.5;F;1;29;On;On;Off; 22.5; 22.2;0;6;806;6;806;6;620;0;-
2026/04/02;21:27:31;98;-; 52.45; 0.0;-; 13.9; 14.4; 0.0;-;-;1469;-0.2; 0.0; 0.0;-9; 21.5;F;1;29;On;On;Off; 22.5; 22.1;0;6;806;6;806;6;620;0;-
2026/04/02;21:28:31;98;-; 52.45; 0.0;-; 13.9; 14.7; 0.0;-;-;1469;-0.2; 0.0; 0.0;-8; 21.5;F;1;29;On;On;Off; 22.4; 22.2;0;6;806;6;806;6;620;0;-
2026/04/02;21:29:31;98;-; 52.45; 0.0;-; 14.2; 15.0; 0.0;-;-;1469;-0.2; 0.0; 0.0;-8; 21.5;F;1;29;On;On;Off; 22.4; 22.1;0;6;806;6;806;6;620;0;-
2026/04/02;21:30:31;98;-; 52.45; 0.0;-; 14.5; 15.1; 0.0;-;-;1469;-0.2; 0.0; 0.0;-8; 21.5;F;1;29;On;On;Off; 22.4; 22.1;0;6;806;6;806;6;620;0;-
2026/04/02;21:31:31;98;-; 52.45; 0.0;-; 14.5; 15.3; 0.0;-;-;1469;-0.2; 0.0; 0.0;-8; 21.5;F;1;29;On;On;Off; 22.4; 22.1;0;6;806;6;806;6;620;0;-
2026/04/02;21:32:31;98;-; 52.45; 0.0;-; 14.7; 15.3; 0.0;-;-;1469;-0.2; 0.0; 0.0;-8; 21.5;F;1;29;On;On;Off; 22.4; 22.1;0;6;806;6;806;6;620;0;-
2026/04/02;21:33:30;98;-; 52.45; 0.0;-; 14.7; 15.3; 0.0;-;-;1469;-0.2; 0.0; 0.0;-8; 21.5;F;1;29;On;On;Off; 22.4; 22.1;0;6;806;6;806;6;620;0;-
2026/04/02;21:34:30;98;-; 52.45; 0.0;-; 14.8; 15.4; 0.0;-;-;1469;-0.2; 0.0; 0.0;-9; 21.5;F;1;29;On;On;Off; 22.4; 22.1;0;6;806;6;806;6;620;0;-
2026/04/02;21:35:30;98;-; 52.45; 0.0;-; 15.3; 15.9; 0.0;-;-;1469;-0.2; 0.0; 0.0;-8; 21.5;F;1;29;On;On;Off; 22.4; 22.1;0;6;806;6;806;6;620;0;-
2026/04/02;21:36:30;98;-; 52.45; 0.0;-; 14.9; 15.6; 0.0;-;-;1469;-0.2; 0.0; 0.0;-8; 21.5;F;1;29;On;On;Off; 22.4; 22.1;0;6;806;6;806;6;620;0;-
2026/04/02;21:37:30;98;-; 52.45; 0.0;-; 15.1; 15.5; 0.0;-;-;1469;-0.2; 0.0; 0.0;-8; 21.5;F;1;29;On;On;Off; 22.4; 22.1;0;6;806;6;806;6;620;0;-
2026/04/02;21:38:30;98;-; 52.45; 0.0;-; 15.8; 15.9; 0.0;-;-;1470;-0.2; 0.0; 0.0;-8; 21.5;F;1;29;On;On;Off; 22.4; 22.1;0;6;806;6;806;6;620;0;-
2026/04/02;21:39:30;98;-; 52.43; 0.0;-; 14.7; 15.2; 0.0;-;-;1470;-0.2; 0.0; 0.0;-8; 21.5;F;1;29;On;On;Off; 22.4; 22.1;0;6;806;6;806;6;620;0;-
2026/04/02;21:40:30;98;-; 52.43; 0.0;-; 14.4; 15.1; 0.0;-;-;1470;-0.2; 0.0; 0.0;-8; 21.5;F;1;29;On;On;Off; 22.4; 22.1;0;6;806;6;806;6;620;0;-
2026/04/02;21:41:30;98;-; 52.45; 0.0;-; 14.7; 15.3; 0.0;-;-;1470;-0.2; 0.0; 0.0;-8; 21.5;F;1;29;On;On;Off; 22.4; 22.1;0;6;806;6;806;6;620;0;-
2026/04/02;21:42:30;98;-; 52.43; 0.0;-; 14.7; 15.4; 0.0;-;-;1470;-0.2; 0.0; 0.0;-8; 21.5;F;1;29;On;On;Off; 22.4; 22.1;0;6;806;6;806;6;620;0;-
2026/04/02;21:43:30;98;-; 52.43; 0.0;-; 15.1; 15.6; 0.0;-;-;1470;-0.2; 0.0; 0.0;-9; 21.5;F;1;29;On;On;Off; 22.3; 22.1;0;6;806;6;806;6;620;0;-
2026/04/02;21:44:30;98;-; 52.41; 0.0;-; 15.4; 16.0; 0.0;-;-;1470;-0.2; 0.0; 0.0;-9; 21.5;F;1;29;On;On;Off; 22.3; 22.1;0;6;806;6;806;6;620;0;-
2026/04/02;21:45:30;98;-; 52.43; 0.0;-; 15.6; 16.0; 0.0;-;-;1470;-0.2; 0.0; 0.0;-9; 21.5;F;1;29;On;On;Off; 22.3; 22.1;0;6;806;6;806;6;620;0;-
2026/04/02;21:46:30;98;-; 52.41; 0.0;-; 15.7; 16.1; 0.0;-;-;1470;-0.2; 0.0; 0.0;-9; 21.5;F;1;29;On;On;Off; 22.3; 22.1;0;6;806;6;806;6;620;0;-
2026/04/02;21:47:30;98;-; 52.43; 0.0;-; 15.6; 16.2; 0.0;-;-;1470;-0.2; 0.0; 0.0;-9; 21.4;F;1;29;On;On;Off; 22.3; 22.0;0;6;806;6;806;6;620;0;-
2026/04/02;21:48:30;98;-; 52.43; 0.0;-; 15.6; 16.1; 0.0;-;-;1470;-0.2; 0.0; 0.0;-8; 21.4;F;1;29;On;On;Off; 22.3; 22.0;0;6;806;6;806;6;620;0;-
2026/04/02;21:49:29;98;-; 52.43; 0.0;-; 15.5; 16.2; 0.0;-;-;1470;-0.2; 0.0; 0.0;-8; 21.4;F;1;29;On;On;Off; 22.3; 22.0;0;6;806;6;806;6;620;0;-
2026/04/02;21:50:29;98;-; 52.43; 0.0;-; 15.2; 15.7; 0.0;-;-;1470;-0.2; 0.0; 0.0;-8; 21.4;F;1;29;On;On;Off; 22.3; 22.0;0;6;806;6;806;6;620;0;-
2026/04/02;21:51:29;98;-; 52.43; 0.0;-; 14.7; 15.3; 0.0;-;-;1470;-0.2; 0.0; 0.0;-8; 21.4;F;1;29;On;On;Off; 22.3; 22.0;0;6;806;6;806;6;620;0;-
2026/04/02;21:52:29;98;-; 52.43; 0.0;-; 15.3; 15.8; 0.0;-;-;1470;-0.2; 0.0; 0.0;-9; 21.4;F;1;29;On;On;Off; 22.3; 22.0;0;6;806;6;806;6;620;0;-
2026/04/02;21:53:29;98;-; 52.43; 0.0;-; 15.5; 16.0; 0.0;-;-;1470;-0.2; 0.0; 0.0;-9; 21.4;F;1;29;On;On;Off; 22.3; 22.0;0;6;806;6;806;6;620;0;-
2026/04/02;21:54:29;98;-; 52.43; 0.0;-; 15.5; 16.0; 0.0;-;-;1470;-0.2; 0.0; 0.0;-8; 21.4;F;1;29;On;On;Off; 22.3; 22.0;0;6;806;6;806;6;620;0;-
2026/04/02;21:55:29;97;-; 52.43; 0.0;-; 15.3; 15.9; 0.0;-;-;1470;-0.2; 0.0; 0.0;-8; 21.4;F;1;29;On;On;Off; 22.3; 22.0;0;6;806;6;806;6;620;0;-
2026/04/02;21:56:29;97;-; 52.43; 0.0;-; 15.3; 15.8; 0.0;-;-;1470;-0.2; 0.0; 0.0;-9; 21.4;F;1;29;On;On;Off; 22.3; 22.0;0;6;806;6;806;6;620;0;-
2026/04/02;21:57:29;97;-; 52.43; 0.0;-; 14.9; 15.5; 0.0;-;-;1470;-0.2; 0.0; 0.0;-9; 21.4;F;1;29;On;On;Off; 22.3; 22.0;0;6;806;6;806;6;620;0;-
2026/04/02;21:58:29;97;-; 52.43; 0.0;-; 14.6; 15.3; 0.0;-;-;1470;-0.2; 0.0; 0.0;-9; 21.4;F;1;29;On;On;Off; 22.3; 22.0;0;6;806;6;806;6;620;0;-
2026/04/02;21:59:29;97;-; 52.43; 0.0;-; 15.0; 15.5; 0.0;-;-;1470;-0.2; 0.0; 0.0;-9; 21.4;F;1;29;On;On;Off; 22.3; 22.0;0;6;806;6;806;6;620;0;-
2026/04/02;22:00:29;97;-; 52.41; 0.0;-; 15.1; 15.7; 0.0;-;-;1470;-0.2; 0.0; 0.0;-9; 21.4;F;1;29;On;On;Off; 22.3; 22.0;0;6;806;6;806;6;620;0;-
2026/04/02;22:01:29;97;-; 52.41; 0.0;-; 15.1; 15.7; 0.0;-;-;1470;-0.2; 0.0; 0.0;-10; 21.4;F;1;29;On;On;Off; 22.3; 22.0;0;6;806;6;806;6;620;0;-
2026/04/02;22:02:29;97;-; 52.41; 0.0;-; 15.3; 15.8; 0.0;-;-;1470;-0.2; 0.0; 0.0;-10; 21.4;F;1;29;On;On;Off; 22.3; 22.0;0;6;806;6;806;6;620;0;-
2026/04/02;22:03:29;97;-; 52.41; 0.0;-; 15.3; 15.9; 0.0;-;-;1470;-0.2; 0.0; 0.0;-9; 21.5;F;1;29;On;On;Off; 22.3; 22.0;0;6;806;6;806;6;620;0;-
2026/04/02;22:04:29;97;-; 52.41; 0.0;-; 15.3; 15.8; 0.0;-;-;1470;-0.2; 0.0; 0.0;-9; 21.5;F;1;29;On;On;Off; 22.3; 22.0;0;6;806;6;806;6;620;0;-
2026/04/02;22:05:28;97;-; 52.41; 0.0;-; 15.1; 15.6; 0.0;-;-;1470;-0.2; 0.0; 0.0;-9; 21.5;F;1;29;On;On;Off; 22.3; 22.0;0;6;806;6;806;6;620;0;-
2026/04/02;22:06:28;97;-; 52.41; 0.0;-; 14.9; 15.5; 0.0;-;-;1470;-0.2; 0.0; 0.0;-9; 21.5;F;1;29;On;On;Off; 22.3; 22.0;0;6;806;6;806;6;620;0;-
2026/04/02;22:07:28;97;-; 52.39; 0.0;-; 15.3; 15.9; 0.0;-;-;1470;-0.2; 0.0; 0.0;-9; 21.5;F;1;29;On;On;Off; 22.3; 22.0;0;6;806;6;806;6;620;0;-
2026/04/02;22:08:28;97;-; 52.41; 0.0;-; 15.4; 15.8; 0.0;-;-;1470;-0.2; 0.0; 0.0;-9; 21.5;F;1;29;On;On;Off; 22.3; 22.0;0;6;806;6;806;6;620;0;-
2026/04/02;22:09:28;97;-; 52.41; 0.0;-; 15.1; 15.4; 0.0;-;-;1470;-0.2; 0.0; 0.0;-9; 21.5;F;1;29;On;On;Off; 22.3; 22.0;0;6;806;6;806;6;620;0;-
2026/04/02;22:10:28;97;-; 52.41; 0.0;-; 14.6; 15.2; 0.0;-;-;1470;-0.2; 0.0; 0.0;-9; 21.5;F;1;29;On;On;Off; 22.3; 22.0;0;6;806;6;806;6;620;0;-
2026/04/02;22:11:28;97;-; 52.39; 0.0;-; 15.0; 15.5; 0.0;-;-;1470;-0.2; 0.0; 0.0;-9; 21.5;F;1;29;On;On;Off; 22.3; 22.0;0;6;806;6;806;6;620;0;-
2026/04/02;22:12:28;97;-; 52.39; 0.0;-; 15.4; 15.9; 0.0;-;-;1470;-0.2; 0.0; 0.0;-9; 21.5;F;1;29;On;On;Off; 22.3; 22.0;0;6;806;6;806;6;620;0;-
2026/04/02;22:13:28;97;-; 52.39; 0.0;-; 15.8; 16.2; 0.0;-;-;1470;-0.2; 0.0; 0.0;-9; 21.5;F;1;29;On;On;Off; 22.3; 22.0;0;6;806;6;806;6;620;0;-
2026/04/02;22:14:28;97;-; 52.41; 0.0;-; 15.4; 15.8; 0.0;-;-;1470;-0.2; 0.0; 0.0;-10; 21.5;F;1;29;On;On;Off; 22.3; 22.0;0;6;806;6;806;6;620;0;-
2026/04/02;22:15:28;97;-; 52.41; 0.0;-; 15.3; 15.7; 0.0;-;-;1470;-0.2; 0.0; 0.0;-9; 21.5;F;1;29;On;On;Off; 22.3; 22.0;0;6;806;6;806;6;620;0;-
2026/04/02;22:16:28;97;-; 52.41; 0.0;-; 15.2; 15.6; 0.0;-;-;1470;-0.2; 0.0; 0.0;-9; 21.5;F;1;29;On;On;Off; 22.3; 22.0;0;6;806;6;806;6;620;0;-
2026/04/02;22:17:28;97;-; 52.41; 0.0;-; 15.3; 15.7; 0.0;-;-;1470;-0.2; 0.0; 0.0;-9; 21.5;F;1;29;On;On;Off; 22.3; 22.0;0;6;806;6;806;6;620;0;-
2026/04/02;22:18:28;97;-; 52.41; 0.0;-; 15.6; 16.1; 0.0;-;-;1470;-0.2; 0.0; 0.0;-10; 21.5;F;1;29;On;On;Off; 22.3; 22.0;0;6;806;6;806;6;620;0;-
2026/04/02;22:19:28;97;-; 52.39; 0.0;-; 15.9; 16.2; 0.0;-;-;1470;-0.2; 0.0; 0.0;-10; 21.5;F;1;29;On;On;Off; 22.3; 22.0;0;6;806;6;806;6;620;0;-
2026/04/02;22:20:28;97;-; 52.39; 0.0;-; 15.6; 16.0; 0.0;-;-;1470;-0.2; 0.0; 0.0;-9; 21.5;F;1;29;On;On;Off; 22.3; 22.0;0;6;806;6;806;6;620;0;-
2026/04/02;22:21:27;97;-; 52.39; 0.0;-; 15.5; 15.9; 0.0;-;-;1470;-0.2; 0.0; 0.0;-10; 21.5;F;1;29;On;On;Off; 22.3; 22.0;0;6;806;6;806;6;620;0;-
2026/04/02;22:22:27;97;-; 52.39; 0.0;-; 15.0; 15.7; 0.0;-;-;1470;-0.2; 0.0; 0.0;-9; 21.5;F;1;29;On;On;Off; 22.3; 22.0;0;6;806;6;806;6;620;0;-
2026/04/02;22:23:27;97;-; 52.39; 0.0;-; 16.0; 16.1; 0.0;-;-;1470;-0.2; 0.0; 0.0;-9; 21.5;F;1;29;On;On;Off; 22.3; 22.0;0;6;806;6;806;6;620;0;-
2026/04/02;22:24:27;97;-; 52.39; 0.0;-; 16.8; 16.6; 0.0;-;-;1470;-0.2; 0.0; 0.0;-9; 21.5;F;1;29;On;On;Off; 22.3; 22.0;0;6;806;6;806;6;620;0;-
2026/04/02;22:25:27;97;-; 52.39; 0.0;-; 15.1; 15.8; 0.0;-;-;1470;-0.2; 0.0; 0.0;-9; 21.6;F;1;29;On;On;Off; 22.3; 22.0;0;6;806;6;806;6;620;0;-
2026/04/02;22:26:27;97;-; 52.39; 0.0;-; 14.9; 15.4; 0.0;-;-;1470;-0.2; 0.0; 0.0;-9; 21.5;F;1;29;On;On;Off; 22.3; 22.0;0;6;806;6;806;6;620;0;-
2026/04/02;22:27:27;97;-; 52.39; 0.0;-; 15.2; 15.8; 0.0;-;-;1470;-0.2; 0.0; 0.0;-9; 21.5;F;1;29;On;On;Off; 22.3; 22.0;0;6;806;6;806;6;620;0;-
2026/04/02;22:28:27;97;-; 52.39; 0.0;-; 15.8; 16.0; 0.0;-;-;1470;-0.2; 0.0; 0.0;-9; 21.5;F;1;29;On;On;Off; 22.3; 22.0;0;6;806;6;806;6;620;0;-
2026/04/02;22:29:27;97;-; 52.39; 0.0;-; 15.6; 16.0; 0.0;-;-;1470;-0.2; 0.0; 0.0;-8; 21.5;F;1;29;On;On;Off; 22.3; 22.0;0;6;806;6;806;6;620;0;-
2026/04/02;22:30:27;97;-; 52.39; 0.0;-; 15.5; 15.7; 0.0;-;-;1470;-0.2; 0.0; 0.0;-8; 21.6;F;1;29;On;On;Off; 22.3; 22.0;0;6;806;6;806;6;620;0;-
2026/04/02;22:31:27;97;-; 52.37; 0.0;-; 15.4; 15.8; 0.0;-;-;1470;-0.2; 0.0; 0.0;-9; 21.6;F;1;29;On;On;Off; 22.3; 22.0;0;6;806;6;806;6;620;0;-
2026/04/02;22:32:27;97;-; 52.39; 0.0;-; 14.9; 15.6; 0.0;-;-;1470;-0.2; 0.0; 0.0;-9; 21.6;F;1;29;On;On;Off; 22.3; 22.0;0;6;806;6;806;6;620;0;-
2026/04/02;22:33:27;97;-; 52.37; 0.0;-; 14.9; 15.6; 0.0;-;-;1470;-0.2; 0.0; 0.0;-9; 21.6;F;1;29;On;On;Off; 22.3; 22.0;0;6;806;6;806;6;620;0;-
2026/04/02;22:34:27;97;-; 52.39; 0.0;-; 15.1; 15.7; 0.0;-;-;1470;-0.2; 0.0; 0.0;-9; 21.6;F;1;29;On;On;Off; 22.3; 22.0;0;6;806;6;806;6;620;0;-
2026/04/02;22:35:27;97;-; 52.37; 0.0;-; 15.2; 15.9; 0.0;-;-;1470;-0.2; 0.0; 0.0;-9; 21.6;F;1;29;On;On;Off; 22.3; 22.0;0;6;806;6;806;6;620;0;-
2026/04/02;22:36:27;97;-; 52.39; 0.0;-; 15.1; 15.7; 0.0;-;-;1470;-0.2; 0.0; 0.0;-9; 21.6;F;1;29;On;On;Off; 22.3; 22.0;0;6;806;6;806;6;620;0;-
2026/04/02;22:37:26;97;-; 52.39; 0.0;-; 15.0; 15.7; 0.0;-;-;1470;-0.2; 0.0; 0.0;-9; 21.6;F;1;29;On;On;Off; 22.3; 22.0;0;6;806;6;806;6;620;0;-
2026/04/02;22:38:26;97;-; 52.39; 0.0;-; 15.1; 15.7; 0.0;-;-;1471;-0.2; 0.0; 0.0;-9; 21.6;F;1;29;On;On;Off; 22.3; 22.0;0;6;806;6;806;6;620;0;-
2026/04/02;22:39:26;97;-; 52.39; 0.0;-; 14.9; 15.5; 0.0;-;-;1471;-0.2; 0.0; 0.0;-9; 21.6;F;1;29;On;On;Off; 22.3; 22.1;0;6;806;6;806;6;620;0;-
2026/04/02;22:40:26;97;-; 52.37; 0.0;-; 15.2; 15.6; 0.0;-;-;1471;-0.2; 0.0; 0.0;-9; 21.6;F;1;29;On;On;Off; 22.3; 22.0;0;6;806;6;806;6;620;0;-
2026/04/02;22:41:26;97;-; 52.37; 0.0;-; 14.9; 15.7; 0.0;-;-;1471;-0.2; 0.0; 0.0;-9; 21.6;F;1;29;On;On;Off; 22.3; 22.0;0;6;806;6;806;6;620;0;-
2026/04/02;22:42:26;97;-; 52.37; 0.0;-; 15.1; 15.6; 0.0;-;-;1471;-0.2; 0.0; 0.0;-9; 21.6;F;1;29;On;On;Off; 22.3; 22.1;0;6;806;6;806;6;620;0;-
2026/04/02;22:43:26;97;-; 52.37; 0.0;-; 15.4; 15.8; 0.0;-;-;1471;-0.2; 0.0; 0.0;-9; 21.6;F;1;29;On;On;Off; 22.3; 22.1;0;6;806;6;806;6;620;0;-
2026/04/02;22:44:26;97;-; 52.37; 0.0;-; 14.8; 15.3; 0.0;-;-;1471;-0.2; 0.0; 0.0;-8; 21.6;F;1;29;On;On;Off; 22.3; 22.0;0;6;806;6;806;6;620;0;-
2026/04/02;22:45:26;97;-; 52.37; 0.0;-; 14.9; 15.5; 0.0;-;-;1471;-0.2; 0.0; 0.0;-8; 21.6;F;1;29;On;On;Off; 22.3; 22.1;0;6;806;6;806;6;620;0;-
2026/04/02;22:46:26;97;-; 52.37; 0.0;-; 15.3; 15.9; 0.0;-;-;1471;-0.2; 0.0; 0.0;-9; 21.6;F;1;29;On;On;Off; 22.3; 22.0;0;6;806;6;806;6;620;0;-
2026/04/02;22:47:26;97;-; 52.37; 0.0;-; 15.2; 15.7; 0.0;-;-;1471;-0.2; 0.0; 0.0;-9; 21.6;F;1;29;On;On;Off; 22.3; 22.0;0;6;806;6;806;6;620;0;-
2026/04/02;22:48:26;97;-; 52.37; 0.0;-; 15.2; 15.8; 0.0;-;-;1471;-0.2; 0.0; 0.0;-9; 21.6;F;1;29;On;On;Off; 22.3; 22.0;0;6;806;6;806;6;620;0;-
2026/04/02;22:49:26;97;-; 52.35; 0.0;-; 14.1; 12.8; 0.0;-;-;1471;-0.2; 0.0; 0.0;-9; 21.6;F;1;29;On;On;Off; 22.3; 22.0;0;6;806;6;806;6;620;0;-
2026/04/02;22:50:26;97;-; 52.37; 0.0;-; 13.8; 12.3; 0.0;-;-;1471;-0.2; 0.0; 0.0;-9; 21.6;F;1;29;On;On;Off; 22.3; 22.0;0;6;806;6;806;6;620;0;-
2026/04/02;22:51:26;97;-; 52.37; 0.0;-; 13.7; 12.5; 0.0;-;-;1471;-0.2; 0.0; 0.0;-9; 21.6;F;1;29;On;On;Off; 22.3; 22.0;0;6;806;6;806;6;620;0;-
2026/04/02;22:52:26;97;-; 52.37; 0.0;-; 13.9; 12.4; 0.0;-;-;1471;-0.2; 0.0; 0.0;-8; 21.6;F;1;29;On;On;Off; 22.3; 22.0;0;6;806;6;806;6;620;0;-
2026/04/02;22:53:25;97;-; 52.37; 0.0;-; 13.5; 12.0; 0.0;-;-;1471;-0.2; 0.0; 0.0;-8; 21.6;F;1;29;On;On;Off; 22.3; 22.0;0;6;806;6;806;6;620;0;-
2026/04/02;22:54:25;97;-; 52.37; 0.0;-; 13.2; 11.8; 0.0;-;-;1471;-0.2; 0.0; 0.0;-9; 21.6;F;1;29;On;On;Off; 22.3; 22.0;0;6;806;6;806;6;620;0;-
2026/04/02;22:55:25;97;-; 52.37; 0.0;-; 13.1; 11.7; 0.0;-;-;1471;-0.2; 0.0; 0.0;-9; 21.6;F;1;29;On;On;Off; 22.3; 22.0;0;6;806;6;806;6;620;0;-
2026/04/02;22:56:25;97;-; 52.37; 0.0;-; 13.2; 11.7; 0.0;-;-;1471;-0.2; 0.0; 0.0;-8; 21.6;F;1;29;On;On;Off; 22.3; 22.0;0;6;806;6;806;6;620;0;-
2026/04/02;22:57:25;97;-; 52.37; 0.0;-; 13.2; 11.8; 0.0;-;-;1471;-0.2; 0.0; 0.0;-8; 21.6;F;1;29;On;On;Off; 22.3; 22.0;0;6;806;6;806;6;620;0;-
2026/04/02;22:58:25;97;-; 52.35; 0.0;-; 13.2; 11.7; 0.0;-;-;1471;-0.2; 0.0; 0.0;-8; 21.6;F;1;29;On;On;Off; 22.3; 22.0;0;6;806;6;806;6;620;0;-
2026/04/02;22:59:25;97;-; 52.35; 0.0;-; 13.1; 11.6; 0.0;-;-;1471;-0.2; 0.0; 0.0;-8; 21.6;F;1;29;On;On;Off; 22.3; 22.0;0;6;806;6;806;6;620;0;-
2026/04/02;23:00:25;97;-; 52.37; 0.0;-; 11.2; 10.8; 0.0;-;-;1471;-0.2; 0.0; 0.0;-8; 21.6;F;1;29;On;On;Off; 22.3; 22.0;0;6;806;6;806;6;620;0;-
2026/04/02;23:01:25;97;-; 52.35; 0.0;-; 11.4; 10.8; 0.0;-;-;1471;-0.2; 0.0; 0.0;-9; 21.6;F;1;29;On;On;Off; 22.3; 22.0;0;6;806;6;806;6;620;0;-
2026/04/02;23:02:25;97;-; 52.37; 0.0;-; 11.6; 11.1; 0.0;-;-;1471;-0.2; 0.0; 0.0;-9; 21.6;F;1;29;On;On;Off; 22.3; 22.0;0;6;806;6;806;6;620;0;-
2026/04/02;23:03:25;97;-; 52.35; 0.0;-; 11.6; 11.0; 0.0;-;-;1471;-0.2; 0.0; 0.0;-9; 21.6;F;1;29;On;On;Off; 22.3; 22.0;0;6;806;6;806;6;620;0;-
2026/04/02;23:04:25;97;-; 52.35; 0.0;-; 11.3; 10.8; 0.0;-;-;1471;-0.2; 0.0; 0.0;-9; 21.6;F;1;29;On;On;Off; 22.3; 22.0;0;6;806;6;806;6;620;0;-
2026/04/02;23:05:25;97;-; 52.33; 0.0;-; 11.4; 11.0; 0.0;-;-;1471;-0.2; 0.0; 0.0;-8; 21.6;F;1;29;On;On;Off; 22.3; 22.0;0;6;806;6;806;6;620;0;-
2026/04/02;23:06:25;97;-; 52.35; 0.0;-; 11.3; 10.7; 0.0;-;-;1471;-0.2; 0.0; 0.0;-9; 21.6;F;1;29;On;On;Off; 22.3; 22.0;0;6;806;6;806;6;620;0;-
2026/04/02;23:07:25;97;-; 52.35; 0.0;-; 11.2; 10.6; 0.0;-;-;1471;-0.2; 0.0; 0.0;-8; 21.6;F;1;29;On;On;Off; 22.3; 22.0;0;6;806;6;806;6;620;0;-
2026/04/02;23:08:25;97;-; 52.35; 0.0;-; 11.4; 10.9; 0.0;-;-;1471;-0.2; 0.0; 0.0;-9; 21.6;F;1;29;On;On;Off; 22.3; 22.0;0;6;806;6;806;6;620;0;-
2026/04/02;23:09:24;97;-; 52.35; 0.0;-; 11.2; 10.7; 0.0;-;-;1471;-0.2; 0.0; 0.0;-9; 21.6;F;1;29;On;On;Off; 22.3; 22.0;0;6;806;6;806;6;620;0;-
2026/04/02;23:10:24;97;-; 52.35; 0.0;-; 11.1; 10.8; 0.0;-;-;1471;-0.2; 0.0; 0.0;-9; 21.6;F;1;29;On;On;Off; 22.3; 22.0;0;6;806;6;806;6;620;0;-
2026/04/02;23:11:24;97;-; 52.33; 0.0;-; 11.5; 11.0; 0.0;-;-;1471;-0.2; 0.0; 0.0;-8; 21.6;F;1;29;On;On;Off; 22.3; 22.0;0;6;806;6;806;6;620;0;-
2026/04/02;23:12:24;97;-; 52.33; 0.0;-; 11.9; 11.0; 0.0;-;-;1471;-0.2; 0.0; 0.0;-9; 21.6;F;1;29;On;On;Off; 22.3; 22.0;0;6;806;6;806;6;620;0;-
2026/04/02;23:13:24;97;-; 52.35; 0.0;-; 11.1; 10.7; 0.0;-;-;1471;-0.2; 0.0; 0.0;-8; 21.6;F;1;29;On;On;Off; 22.3; 22.0;0;6;806;6;806;6;620;0;-
2026/04/02;23:14:24;97;-; 52.35; 0.0;-; 11.2; 10.7; 0.0;-;-;1471;-0.2; 0.0; 0.0;-8; 21.6;F;1;29;On;On;Off; 22.3; 22.0;0;6;806;6;806;6;620;0;-
2026/04/02;23:15:24;97;-; 52.35; 0.0;-; 11.3; 10.9; 0.0;-;-;1471;-0.2; 0.0; 0.0;-7; 21.5;F;1;29;On;On;Off; 22.3; 22.0;0;6;806;6;806;6;620;0;-
2026/04/02;23:16:24;97;-; 52.35; 0.0;-; 11.5; 11.0; 0.0;-;-;1471;-0.2; 0.0; 0.0;-8; 21.5;F;1;29;On;On;Off; 22.3; 22.0;0;6;806;6;806;6;620;0;-
2026/04/02;23:17:24;97;-; 52.35; 0.0;-; 11.4; 11.1; 0.0;-;-;1471;-0.2; 0.0; 0.0;-8; 21.5;F;1;29;On;On;Off; 22.3; 22.0;0;6;806;6;806;6;620;0;-
2026/04/02;23:18:24;97;-; 52.33; 0.0;-; 11.4; 10.8; 0.0;-;-;1471;-0.2; 0.0; 0.0;-9; 21.6;F;1;29;On;On;Off; 22.3; 22.0;0;6;806;6;806;6;620;0;-
2026/04/02;23:19:24;97;-; 52.35; 0.0;-; 11.3; 10.8; 0.0;-;-;1471;-0.2; 0.0; 0.0;-8; 21.5;F;1;29;On;On;Off; 22.2; 22.0;0;6;806;6;806;6;620;0;-
2026/04/02;23:20:24;97;-; 52.35; 0.0;-; 11.5; 11.2; 0.0;-;-;1471;-0.2; 0.0; 0.0;-9; 21.5;F;1;29;On;On;Off; 22.2; 21.9;0;6;806;6;806;6;620;0;-
2026/04/02;23:21:24;96;-; 52.35; 0.0;-; 11.8; 11.3; 0.0;-;-;1471;-0.2; 0.0; 0.0;-8; 21.5;F;1;29;On;On;Off; 22.2; 22.0;0;6;806;6;806;6;620;0;-
2026/04/02;23:22:24;96;-; 52.35; 0.0;-; 11.8; 11.3; 0.0;-;-;1471;-0.2; 0.0; 0.0;-9; 21.5;F;1;29;On;On;Off; 22.2; 21.9;0;6;806;6;806;6;620;0;-
2026/04/02;23:23:24;96;-; 52.35; 0.0;-; 11.6; 11.1; 0.0;-;-;1471;-0.2; 0.0; 0.0;-8; 21.5;F;1;29;On;On;Off; 22.2; 21.9;0;6;806;6;806;6;620;0;-
2026/04/02;23:24:24;96;-; 52.35; 0.0;-; 11.6; 11.0; 0.0;-;-;1471;-0.2; 0.0; 0.0;-8; 21.5;F;1;29;On;On;Off; 22.2; 21.9;0;6;806;6;806;6;620;0;-
2026/04/02;23:25:23;96;-; 52.33; 0.0;-; 11.4; 11.0; 0.0;-;-;1471;-0.2; 0.0; 0.0;-8; 21.5;F;1;29;On;On;Off; 22.2; 21.9;0;6;806;6;806;6;620;0;-
2026/04/02;23:26:23;96;-; 52.33; 0.0;-; 11.1; 10.7; 0.0;-;-;1471;-0.2; 0.0; 0.0;-8; 21.5;F;1;29;On;On;Off; 22.2; 21.9;0;6;806;6;806;6;620;0;-
2026/04/02;23:27:23;96;-; 52.33; 0.0;-; 10.6; 10.2; 0.0;-;-;1471;-0.2; 0.0; 0.0;-8; 21.5;F;1;29;On;On;Off; 22.2; 21.9;0;6;806;6;806;6;620;0;-
2026/04/02;23:28:23;96;-; 52.33; 0.0;-; 10.4; 10.0; 0.0;-;-;1471;-0.2; 0.0; 0.0;-7; 21.5;F;1;29;On;On;Off; 22.2; 21.9;0;6;806;6;806;6;620;0;-
2026/04/02;23:29:23;96;-; 52.33; 0.0;-; 10.5; 10.0; 0.0;-;-;1471;-0.2; 0.0; 0.0;-8; 21.5;F;1;29;On;On;Off; 22.2; 21.9;0;6;806;6;806;6;620;0;-
2026/04/02;23:30:23;96;-; 52.33; 0.0;-; 10.6; 10.2; 0.0;-;-;1471;-0.2; 0.0; 0.0;-8; 21.5;F;1;29;On;On;Off; 22.2; 21.9;0;6;806;6;806;6;620;0;-
2026/04/02;23:31:23;96;-; 52.33; 0.0;-; 10.6; 10.2; 0.0;-;-;1471;-0.2; 0.0; 0.0;-8; 21.5;F;1;29;On;On;Off; 22.2; 21.9;0;6;806;6;806;6;620;0;-
2026/04/02;23:32:23;96;-; 52.33; 0.0;-; 11.1; 10.7; 0.0;-;-;1471;-0.2; 0.0; 0.0;-8; 21.5;F;1;29;On;On;Off; 22.2; 21.9;0;6;806;6;806;6;620;0;-
2026/04/02;23:33:23;96;-; 52.33; 0.0;-; 11.5; 10.9; 0.0;-;-;1471;-0.2; 0.0; 0.0;-8; 21.5;F;1;29;On;On;Off; 22.2; 21.9;0;6;806;6;806;6;620;0;-
2026/04/02;23:34:23;96;-; 52.33; 0.0;-; 11.3; 10.9; 0.0;-;-;1471;-0.2; 0.0; 0.0;-8; 21.5;F;1;29;On;On;Off; 22.2; 21.9;0;6;806;6;806;6;620;0;-
2026/04/02;23:35:23;96;-; 52.33; 0.0;-; 11.2; 10.8; 0.0;-;-;1471;-0.2; 0.0; 0.0;-8; 21.5;F;1;29;On;On;Off; 22.2; 21.9;0;6;806;6;806;6;620;0;-
2026/04/02;23:36:23;96;-; 52.33; 0.0;-; 11.7; 11.2; 0.0;-;-;1471;-0.2; 0.0; 0.0;-8; 21.5;F;1;29;On;On;Off; 22.2; 21.9;0;6;806;6;806;6;620;0;-
2026/04/02;23:37:23;96;-; 52.33; 0.0;-; 12.1; 11.6; 0.0;-;-;1471;-0.2; 0.0; 0.0;-8; 21.5;F;1;29;On;On;Off; 22.2; 21.9;0;6;806;6;806;6;620;0;-
2026/04/02;23:38:23;96;-; 52.33; 0.0;-; 12.0; 11.5; 0.0;-;-;1472;-0.2; 0.0; 0.0;-8; 21.5;F;1;29;On;On;Off; 22.2; 21.9;0;6;806;6;806;6;620;0;-
2026/04/02;23:39:23;96;-; 52.31; 0.0;-; 11.6; 11.2; 0.0;-;-;1472;-0.2; 0.0; 0.0;-8; 21.5;F;1;29;On;On;Off; 22.2; 21.9;0;6;806;6;806;6;620;0;-
2026/04/02;23:40:23;96;-; 52.33; 0.0;-; 11.3; 10.9; 0.0;-;-;1472;-0.2; 0.0; 0.0;-8; 21.5;F;1;29;On;On;Off; 22.2; 21.9;0;6;806;6;806;6;620;0;-
2026/04/02;23:41:22;96;-; 52.33; 0.0;-; 11.8; 11.1; 0.0;-;-;1472;-0.2; 0.0; 0.0;-8; 21.5;F;1;29;On;On;Off; 22.2; 21.9;0;6;806;6;806;6;620;0;-
2026/04/02;23:42:22;96;-; 52.31; 0.0;-; 11.3; 10.9; 0.0;-;-;1472;-0.2; 0.0; 0.0;-7; 21.5;F;1;29;On;On;Off; 22.2; 21.9;0;6;806;6;806;6;620;0;-
2026/04/02;23:43:22;96;-; 52.33; 0.0;-; 11.0; 10.7; 0.0;-;-;1472;-0.2; 0.0; 0.0;-8; 21.5;F;1;29;On;On;Off; 22.2; 21.9;0;6;806;6;806;6;620;0;-
2026/04/02;23:44:22;96;-; 52.33; 0.0;-; 10.6; 10.4; 0.0;-;-;1472;-0.2; 0.0; 0.0;-8; 21.5;F;1;29;On;On;Off; 22.2; 21.9;0;6;806;6;806;6;620;0;-
2026/04/02;23:45:22;96;-; 52.33; 0.0;-; 10.4; 9.9; 0.0;-;-;1472;-0.2; 0.0; 0.0;-8; 21.5;F;1;29;On;On;Off; 22.2; 21.9;0;6;806;6;806;6;620;0;-
2026/04/02;23:46:22;96;-; 52.33; 0.0;-; 10.6; 10.2; 0.0;-;-;1472;-0.2; 0.0; 0.0;-8; 21.5;F;1;29;On;On;Off; 22.2; 21.9;0;6;806;6;806;6;620;0;-
2026/04/02;23:47:22;96;-; 52.33; 0.0;-; 10.4; 10.1; 0.0;-;-;1472;-0.2; 0.0; 0.0;-8; 21.5;F;1;29;On;On;Off; 22.2; 21.9;0;6;806;6;806;6;620;0;-
2026/04/02;23:48:22;96;-; 52.33; 0.0;-; 10.1; 9.7; 0.0;-;-;1472;-0.2; 0.0; 0.0;-9; 21.5;F;1;29;On;On;Off; 22.2; 21.9;0;6;806;6;806;6;620;0;-
2026/04/02;23:49:22;96;-; 52.33; 0.0;-; 9.9; 9.6; 0.0;-;-;1472;-0.2; 0.0; 0.0;-8; 21.5;F;1;29;On;On;Off; 22.2; 21.9;0;6;806;6;806;6;620;0;-
2026/04/02;23:50:22;96;-; 52.31; 0.0;-; 9.9; 9.6; 0.0;-;-;1472;-0.2; 0.0; 0.0;-8; 21.5;F;1;29;On;On;Off; 22.2; 21.9;0;6;806;6;806;6;620;0;-
2026/04/02;23:51:22;96;-; 52.33; 0.0;-; 10.0; 9.7; 0.0;-;-;1472;-0.2; 0.0; 0.0;-7; 21.5;F;1;29;On;On;Off; 22.2; 21.9;0;6;806;6;806;6;620;0;-
2026/04/02;23:52:22;96;-; 52.31; 0.0;-; 9.8; 9.6; 0.0;-;-;1472;-0.2; 0.0; 0.0;-8; 21.5;F;1;29;On;On;Off; 22.2; 21.9;0;6;806;6;806;6;620;0;-
2026/04/02;23:53:22;96;-; 52.33; 0.0;-; 9.8; 9.4; 0.0;-;-;1472;-0.2; 0.0; 0.0;-8; 21.5;F;1;29;On;On;Off; 22.2; 21.9;0;6;806;6;806;6;620;0;-
2026/04/02;23:54:22;96;-; 52.31; 0.0;-; 9.7; 9.5; 0.0;-;-;1472;-0.2; 0.0; 0.0;-9; 21.5;F;1;29;On;On;Off; 22.2; 21.9;0;6;806;6;806;6;620;0;-
2026/04/02;23:55:22;96;-; 52.31; 0.0;-; 9.8; 9.5; 0.0;-;-;1472;-0.2; 0.0; 0.0;-8; 21.5;F;1;29;On;On;Off; 22.2; 21.9;0;6;806;6;806;6;620;0;-
2026/04/02;23:56:22;96;-; 52.31; 0.0;-; 9.7; 9.5; 0.0;-;-;1472;-0.2; 0.0; 0.0;-8; 21.5;F;1;29;On;On;Off; 22.2; 21.9;0;6;806;6;806;6;620;0;-
2026/04/02;23:57:21;96;-; 52.31; 0.0;-; 9.8; 9.5; 0.0;-;-;1472;-0.2; 0.0; 0.0;-9; 21.5;F;1;29;On;On;Off; 22.2; 21.9;0;6;806;6;806;6;620;0;-
2026/04/02;23:58:21;96;-; 52.31; 0.0;-; 9.9; 9.6; 0.0;-;-;1472;-0.2; 0.0; 0.0;-8; 21.5;F;1;29;On;On;Off; 22.2; 21.9;0;6;806;6;806;6;620;0;-
2026/04/02;23:59:21;96;-; 52.31; 0.0;-; 10.0; 9.8; 0.0;-;-;1472;-0.2; 0.0; 0.0;-8; 21.5;F;1;29;On;On;Off; 22.2; 21.9;0;6;806;6;806;6;620;0;-
