Steca Elektronik GmbH;MPPT6000;760749IH008963540005
Date;Time;SOC[%];Kaptest[Ah];Vbat[V];Ibat_M[A];Vbat.sense[V];VPV1_M[V];VPV2_M[V];PVpower_M[W];PV1power_M[W];PV2power_M[W];Ophours[h];Ibat_total[A]SOC;Icharge_total[A];Iload_total[A];BatPower_total[W];BatTemp[°C];ChargeMode;ErrorState;ErrorNr;StateAux1;StateAux2;StateAux3;IntTemp1[°C];IntTemp2[°C];Derating;Ah_in_24h_M[Ah];Ah_in_total_M[Ah];Ah_in_24h_SYS[Ah];Ah_in_total_SYS[Ah];Ah_out_24h_SYS[Ah];Ah_out_total_SYS[Ah];Day_night;Status_AUXIO
2026/04/30;00:00:09;-;-; 52.97; 0.0;-; 12.4; 13.9; 0.0;-;-;2120;-0.1; 0.0; 0.0;-3; 24.9;B;0;-;On;On;Off; 22.8; 22.6;0;131;1647;131;1647;131;1461;0;-
2026/04/30;00:01:09;-;-; 52.97; 0.0;-; 12.1; 13.8; 0.0;-;-;2120;-0.1; 0.0; 0.0;-3; 24.9;B;0;-;On;On;Off; 22.8; 22.6;0;0;1647;0;1647;0;1461;0;-
2026/04/30;00:02:09;-;-; 52.97; 0.0;-; 11.6; 13.3; 0.0;-;-;2120;-0.1; 0.0; 0.0;-4; 24.9;B;0;-;On;On;Off; 22.8; 22.6;0;0;1647;0;1647;0;1461;0;-
2026/04/30;00:03:09;-;-; 52.97; 0.0;-; 11.4; 13.1; 0.0;-;-;2120;-0.1; 0.0; 0.0;-3; 24.9;B;0;-;On;On;Off; 22.8; 22.6;0;0;1647;0;1647;0;1461;0;-
2026/04/30;00:04:09;-;-; 52.95; 0.0;-; 11.3; 13.0; 0.0;-;-;2120;-0.1; 0.0; 0.0;-3; 24.9;B;0;-;On;On;Off; 22.8; 22.6;0;0;1647;0;1647;0;1461;0;-
2026/04/30;00:05:09;-;-; 52.95; 0.0;-; 12.3; 13.8; 0.0;-;-;2120;-0.1; 0.0; 0.0;-3; 24.9;B;0;-;On;On;Off; 22.8; 22.6;0;0;1647;0;1647;0;1461;0;-
2026/04/30;00:06:09;-;-; 52.95; 0.0;-; 12.4; 13.9; 0.0;-;-;2120;-0.1; 0.0; 0.0;-4; 24.9;B;0;-;On;On;Off; 22.8; 22.6;0;0;1647;0;1647;0;1461;0;-
2026/04/30;00:07:09;-;-; 52.97; 0.0;-; 12.4; 14.0; 0.0;-;-;2120;-0.1; 0.0; 0.0;-3; 25.0;B;0;-;On;On;Off; 22.8; 22.6;0;0;1647;0;1647;0;1461;0;-
2026/04/30;00:08:09;-;-; 52.97; 0.0;-; 12.4; 13.9; 0.0;-;-;2120;-0.1; 0.0; 0.0;-3; 25.0;B;0;-;On;On;Off; 22.8; 22.6;0;0;1647;0;1647;0;1461;0;-
2026/04/30;00:09:09;-;-; 52.95; 0.0;-; 12.5; 13.9; 0.0;-;-;2120;-0.1; 0.0; 0.0;-4; 24.9;B;0;-;On;On;Off; 22.8; 22.6;0;0;1647;0;1647;0;1461;0;-
2026/04/30;00:10:09;-;-; 52.95; 0.0;-; 12.4; 13.9; 0.0;-;-;2120;-0.1; 0.0; 0.0;-3; 25.0;B;0;-;On;On;Off; 22.8; 22.6;0;0;1647;0;1647;0;1461;0;-
2026/04/30;00:11:09;-;-; 52.95; 0.0;-; 12.5; 14.0; 0.0;-;-;2120;-0.1; 0.0; 0.0;-3; 25.0;B;0;-;On;On;Off; 22.8; 22.5;0;0;1647;0;1647;0;1461;0;-
2026/04/30;00:12:09;-;-; 52.95; 0.0;-; 12.6; 14.0; 0.0;-;-;2120;-0.1; 0.0; 0.0;-3; 25.0;B;0;-;On;On;Off; 22.8; 22.5;0;0;1647;0;1647;0;1461;0;-
2026/04/30;00:13:09;-;-; 52.95; 0.0;-; 12.6; 14.1; 0.0;-;-;2120;-0.1; 0.0; 0.0;-3; 25.0;B;0;-;On;On;Off; 22.8; 22.6;0;0;1647;0;1647;0;1461;0;-
2026/04/30;00:14:08;-;-; 52.93; 0.0;-; 12.6; 14.1; 0.0;-;-;2120;-0.1; 0.0; 0.0;-3; 25.0;B;0;-;On;On;Off; 22.8; 22.6;0;0;1647;0;1647;0;1461;0;-
2026/04/30;00:15:08;-;-; 52.95; 0.0;-; 12.9; 14.2; 0.0;-;-;2120;-0.1; 0.0; 0.0;-3; 24.9;B;0;-;On;On;Off; 22.8; 22.6;0;0;1647;0;1647;0;1461;0;-
2026/04/30;00:16:08;-;-; 52.95; 0.0;-; 12.7; 14.1; 0.0;-;-;2120;-0.1; 0.0; 0.0;-3; 24.9;B;0;-;On;On;Off; 22.8; 22.6;0;0;1647;0;1647;0;1461;0;-
2026/04/30;00:17:08;-;-; 52.93; 0.0;-; 12.0; 13.6; 0.0;-;-;2120;-0.1; 0.0; 0.0;-4; 24.9;B;0;-;On;On;Off; 22.8; 22.6;0;0;1647;0;1647;0;1461;0;-
2026/04/30;00:18:08;-;-; 52.93; 0.0;-; 12.3; 13.7; 0.0;-;-;2120;-0.1; 0.0; 0.0;-4; 24.9;B;0;-;On;On;Off; 22.8; 22.5;0;0;1647;0;1647;0;1461;0;-
2026/04/30;00:19:08;-;-; 52.93; 0.0;-; 12.0; 13.7; 0.0;-;-;2120;-0.1; 0.0; 0.0;-4; 24.9;B;0;-;On;On;Off; 22.8; 22.5;0;0;1647;0;1647;0;1461;0;-
2026/04/30;00:20:08;-;-; 52.93; 0.0;-; 10.7; 12.5; 0.0;-;-;2120;-0.1; 0.0; 0.0;-4; 24.9;B;0;-;On;On;Off; 22.8; 22.5;0;0;1647;0;1647;0;1461;0;-
2026/04/30;00:21:08;-;-; 52.93; 0.0;-; 10.0; 11.8; 0.0;-;-;2120;-0.1; 0.0; 0.0;-4; 24.9;B;0;-;On;On;Off; 22.8; 22.5;0;0;1647;0;1647;0;1461;0;-
2026/04/30;00:22:08;-;-; 52.93; 0.0;-; 11.5; 13.1; 0.0;-;-;2120;-0.1; 0.0; 0.0;-4; 24.9;B;0;-;On;On;Off; 22.8; 22.5;0;0;1647;0;1647;0;1461;0;-
2026/04/30;00:23:08;-;-; 52.95; 0.0;-; 11.3; 12.9; 0.0;-;-;2120;-0.1; 0.0; 0.0;-4; 24.9;B;0;-;On;On;Off; 22.8; 22.6;0;0;1647;0;1647;0;1461;0;-
2026/04/30;00:24:08;-;-; 52.95; 0.0;-; 11.6; 13.2; 0.0;-;-;2120;-0.1; 0.0; 0.0;-3; 24.9;B;0;-;On;On;Off; 22.8; 22.5;0;0;1647;0;1647;0;1461;0;-
2026/04/30;00:25:08;-;-; 52.95; 0.0;-; 11.6; 13.2; 0.0;-;-;2120;-0.1; 0.0; 0.0;-3; 24.9;B;0;-;On;On;Off; 22.8; 22.5;0;0;1647;0;1647;0;1461;0;-
2026/04/30;00:26:08;-;-; 52.93; 0.0;-; 11.3; 12.9; 0.0;-;-;2120;-0.1; 0.0; 0.0;-4; 24.8;B;0;-;On;On;Off; 22.8; 22.5;0;0;1647;0;1647;0;1461;0;-
2026/04/30;00:27:08;-;-; 52.95; 0.0;-; 11.4; 13.1; 0.0;-;-;2120;-0.1; 0.0; 0.0;-4; 24.8;B;0;-;On;On;Off; 22.8; 22.5;0;0;1647;0;1647;0;1461;0;-
2026/04/30;00:28:08;-;-; 52.95; 0.0;-; 11.2; 12.9; 0.0;-;-;2120;-0.1; 0.0; 0.0;-4; 24.8;B;0;-;On;On;Off; 22.8; 22.5;0;0;1647;0;1647;0;1461;0;-
2026/04/30;00:29:07;-;-; 52.95; 0.0;-; 12.4; 14.0; 0.0;-;-;2120;-0.1; 0.0; 0.0;-3; 24.8;B;0;-;On;On;Off; 22.8; 22.5;0;0;1647;0;1647;0;1461;0;-
2026/04/30;00:30:07;-;-; 52.95; 0.0;-; 12.7; 14.2; 0.0;-;-;2120;-0.1; 0.0; 0.0;-4; 24.8;B;0;-;On;On;Off; 22.8; 22.5;0;0;1647;0;1647;0;1461;0;-
2026/04/30;00:31:07;-;-; 52.93; 0.0;-; 12.9; 14.4; 0.0;-;-;2120;-0.1; 0.0; 0.0;-3; 24.8;B;0;-;On;On;Off; 22.8; 22.5;0;0;1647;0;1647;0;1461;0;-
2026/04/30;00:32:07;-;-; 52.95; 0.0;-; 12.9; 14.3; 0.0;-;-;2120;-0.1; 0.0; 0.0;-3; 24.8;B;0;-;On;On;Off; 22.8; 22.5;0;0;1647;0;1647;0;1461;0;-
2026/04/30;00:33:07;-;-; 52.95; 0.0;-; 12.1; 13.7; 0.0;-;-;2120;-0.1; 0.0; 0.0;-4; 24.7;B;0;-;On;On;Off; 22.8; 22.5;0;0;1647;0;1647;0;1461;0;-
2026/04/30;00:34:07;-;-; 52.95; 0.0;-; 11.4; 13.2; 0.0;-;-;2120;-0.1; 0.0; 0.0;-3; 24.7;B;0;-;On;On;Off; 22.8; 22.5;0;0;1647;0;1647;0;1461;0;-
2026/04/30;00:35:07;-;-; 52.95; 0.0;-; 11.0; 12.8; 0.0;-;-;2120;-0.1; 0.0; 0.0;-3; 24.7;B;0;-;On;On;Off; 22.8; 22.5;0;0;1647;0;1647;0;1461;0;-
2026/04/30;00:36:07;-;-; 52.95; 0.0;-; 11.3; 13.0; 0.0;-;-;2120;-0.1; 0.0; 0.0;-3; 24.7;B;0;-;On;On;Off; 22.8; 22.5;0;0;1647;0;1647;0;1461;0;-
2026/04/30;00:37:07;-;-; 52.95; 0.0;-; 10.4; 12.3; 0.0;-;-;2120;-0.1; 0.0; 0.0;-4; 24.7;B;0;-;On;On;Off; 22.8; 22.5;0;0;1647;0;1647;0;1461;0;-
2026/04/30;00:38:07;-;-; 52.93; 0.0;-; 10.5; 12.3; 0.0;-;-;2120;-0.1; 0.0; 0.0;-4; 24.7;B;0;-;On;On;Off; 22.8; 22.5;0;0;1647;0;1647;0;1461;0;-
2026/04/30;00:39:07;-;-; 52.95; 0.0;-; 10.8; 12.7; 0.0;-;-;2120;-0.1; 0.0; 0.0;-3; 24.7;B;0;-;On;On;Off; 22.8; 22.5;0;0;1647;0;1647;0;1461;0;-
2026/04/30;00:40:07;-;-; 52.95; 0.0;-; 10.5; 12.3; 0.0;-;-;2120;-0.1; 0.0; 0.0;-3; 24.7;B;0;-;On;On;Off; 22.8; 22.5;0;0;1647;0;1647;0;1461;0;-
2026/04/30;00:41:07;-;-; 52.91; 0.0;-; 10.4; 12.3; 0.0;-;-;2120;-0.1; 0.0; 0.0;-4; 24.7;B;0;-;On;On;Off; 22.8; 22.5;0;0;1647;0;1647;0;1461;0;-
2026/04/30;00:42:07;-;-; 52.93; 0.0;-; 10.2; 12.0; 0.0;-;-;2120;-0.1; 0.0; 0.0;-3; 24.6;B;0;-;On;On;Off; 22.8; 22.5;0;0;1647;0;1647;0;1461;0;-
2026/04/30;00:43:07;-;-; 52.93; 0.0;-; 10.1; 11.8; 0.0;-;-;2120;-0.1; 0.0; 0.0;-4; 24.6;B;0;-;On;On;Off; 22.8; 22.5;0;0;1647;0;1647;0;1461;0;-
2026/04/30;00:44:07;-;-; 52.93; 0.0;-; 10.5; 12.3; 0.0;-;-;2120;-0.1; 0.0; 0.0;-3; 24.6;B;0;-;On;On;Off; 22.8; 22.5;0;0;1647;0;1647;0;1461;0;-
2026/04/30;00:45:06;-;-; 52.93; 0.0;-; 11.1; 12.7; 0.0;-;-;2120;-0.1; 0.0; 0.0;-4; 24.6;B;0;-;On;On;Off; 22.7; 22.5;0;0;1647;0;1647;0;1461;0;-
2026/04/30;00:46:06;-;-; 52.93; 0.0;-; 10.6; 12.5; 0.0;-;-;2120;-0.1; 0.0; 0.0;-4; 24.6;B;0;-;On;On;Off; 22.8; 22.5;0;0;1647;0;1647;0;1461;0;-
2026/04/30;00:47:06;-;-; 52.93; 0.0;-; 9.8; 11.5; 0.0;-;-;2120;-0.1; 0.0; 0.0;-4; 24.6;B;0;-;On;On;Off; 22.7; 22.5;0;0;1647;0;1647;0;1461;0;-
2026/04/30;00:48:06;-;-; 52.93; 0.0;-; 10.0; 11.9; 0.0;-;-;2120;-0.1; 0.0; 0.0;-4; 24.6;B;0;-;On;On;Off; 22.7; 22.5;0;0;1647;0;1647;0;1461;0;-
2026/04/30;00:49:06;-;-; 52.91; 0.0;-; 9.7; 11.6; 0.0;-;-;2120;-0.1; 0.0; 0.0;-4; 24.5;B;0;-;On;On;Off; 22.7; 22.5;0;0;1647;0;1647;0;1461;0;-
2026/04/30;00:50:06;-;-; 52.93; 0.0;-; 10.1; 11.9; 0.0;-;-;2120;-0.1; 0.0; 0.0;-4; 24.5;B;0;-;On;On;Off; 22.7; 22.5;0;0;1647;0;1647;0;1461;0;-
2026/04/30;00:51:06;-;-; 52.93; 0.0;-; 10.0; 11.7; 0.0;-;-;2120;-0.1; 0.0; 0.0;-4; 24.5;B;0;-;On;On;Off; 22.7; 22.5;0;0;1647;0;1647;0;1461;0;-
2026/04/30;00:52:06;-;-; 52.93; 0.0;-; 9.6; 11.4; 0.0;-;-;2120;-0.1; 0.0; 0.0;-4; 24.5;B;0;-;On;On;Off; 22.7; 22.4;0;0;1647;0;1647;0;1461;0;-
2026/04/30;00:53:06;-;-; 52.91; 0.0;-; 13.7; 11.3; 0.0;-;-;2120;-0.1; 0.0; 0.0;-4; 24.5;B;0;-;On;On;Off; 22.7; 22.4;0;0;1647;0;1647;0;1461;0;-
2026/04/30;00:54:06;-;-; 52.91; 0.0;-; 9.2; 11.0; 0.0;-;-;2120;-0.1; 0.0; 0.0;-4; 24.5;B;0;-;On;On;Off; 22.7; 22.4;0;0;1647;0;1647;0;1461;0;-
2026/04/30;00:55:06;-;-; 52.93; 0.0;-; 9.6; 11.4; 0.0;-;-;2120;-0.1; 0.0; 0.0;-4; 24.5;B;0;-;On;On;Off; 22.7; 22.4;0;0;1647;0;1647;0;1461;0;-
2026/04/30;00:56:06;-;-; 52.93; 0.0;-; 10.6; 11.8; 0.0;-;-;2121;-0.1; 0.0; 0.0;-4; 24.4;B;0;-;On;On;Off; 22.7; 22.4;0;0;1647;0;1647;0;1461;0;-
2026/04/30;00:57:06;-;-; 52.93; 0.0;-; 15.3; 11.4; 0.0;-;-;2121;-0.1; 0.0; 0.0;-4; 24.4;B;0;-;On;On;Off; 22.7; 22.4;0;0;1647;0;1647;0;1461;0;-
2026/04/30;00:58:06;-;-; 52.93; 0.0;-; 15.4; 11.4; 0.0;-;-;2121;-0.1; 0.0; 0.0;-4; 24.4;B;0;-;On;On;Off; 22.7; 22.4;0;0;1647;0;1647;0;1461;0;-
2026/04/30;00:59:06;-;-; 52.93; 0.0;-; 15.5; 11.4; 0.0;-;-;2121;-0.1; 0.0; 0.0;-4; 24.4;B;0;-;On;On;Off; 22.7; 22.4;0;0;1647;0;1647;0;1461;0;-
2026/04/30;01:00:05;-;-; 52.93; 0.0;-; 17.1; 12.6; 0.0;-;-;2121;-0.1; 0.0; 0.0;-4; 24.4;B;0;-;On;On;Off; 22.7; 22.4;0;0;1647;0;1647;0;1461;0;-
2026/04/30;01:01:05;-;-; 52.93; 0.0;-; 18.3; 12.7; 0.0;-;-;2121;-0.1; 0.0; 0.0;-4; 24.4;B;0;-;On;On;Off; 22.7; 22.4;0;0;1647;0;1647;0;1461;0;-
2026/04/30;01:02:05;-;-; 52.93; 0.0;-; 14.3; 13.1; 0.0;-;-;2121;-0.1; 0.0; 0.0;-4; 24.4;B;0;-;On;On;Off; 22.7; 22.4;0;0;1647;0;1647;0;1461;0;-
2026/04/30;01:03:05;-;-; 52.93; 0.0;-; 10.2; 11.6; 0.0;-;-;2121;-0.1; 0.0; 0.0;-4; 24.4;B;0;-;On;On;Off; 22.7; 22.4;0;0;1647;0;1647;0;1461;0;-
2026/04/30;01:04:05;-;-; 52.93; 0.0;-; 9.6; 11.4; 0.0;-;-;2121;-0.1; 0.0; 0.0;-4; 24.4;B;0;-;On;On;Off; 22.7; 22.4;0;0;1647;0;1647;0;1461;0;-
2026/04/30;01:05:05;-;-; 52.93; 0.0;-; 10.2; 11.8; 0.0;-;-;2121;-0.1; 0.0; 0.0;-4; 24.4;B;0;-;On;On;Off; 22.7; 22.4;0;0;1647;0;1647;0;1461;0;-
2026/04/30;01:06:05;-;-; 52.91; 0.0;-; 10.3; 12.1; 0.0;-;-;2121;-0.1; 0.0; 0.0;-4; 24.4;B;0;-;On;On;Off; 22.7; 22.4;0;0;1647;0;1647;0;1461;0;-
2026/04/30;01:07:05;-;-; 52.93; 0.0;-; 10.4; 12.2; 0.0;-;-;2121;-0.1; 0.0; 0.0;-4; 24.4;B;0;-;On;On;Off; 22.7; 22.4;0;0;1647;0;1647;0;1461;0;-
2026/04/30;01:08:05;-;-; 52.91; 0.0;-; 10.7; 12.4; 0.0;-;-;2121;-0.1; 0.0; 0.0;-5; 24.4;B;0;-;On;On;Off; 22.6; 22.4;0;0;1647;0;1647;0;1461;0;-
2026/04/30;01:09:05;-;-; 52.91; 0.0;-; 11.3; 12.9; 0.0;-;-;2121;-0.1; 0.0; 0.0;-4; 24.3;B;0;-;On;On;Off; 22.6; 22.4;0;0;1647;0;1647;0;1461;0;-
2026/04/30;01:10:05;-;-; 52.89; 0.0;-; 11.5; 13.1; 0.0;-;-;2121;-0.1; 0.0; 0.0;-4; 24.4;B;0;-;On;On;Off; 22.7; 22.4;0;0;1647;0;1647;0;1461;0;-
2026/04/30;01:11:05;-;-; 52.91; 0.0;-; 11.6; 13.2; 0.0;-;-;2121;-0.1; 0.0; 0.0;-4; 24.3;B;0;-;On;On;Off; 22.7; 22.4;0;0;1647;0;1647;0;1461;0;-
2026/04/30;01:12:05;-;-; 52.91; 0.0;-; 11.9; 13.4; 0.0;-;-;2121;-0.1; 0.0; 0.0;-4; 24.3;B;0;-;On;On;Off; 22.6; 22.4;0;0;1647;0;1647;0;1461;0;-
2026/04/30;01:13:05;-;-; 52.89; 0.0;-; 12.1; 13.5; 0.0;-;-;2121;-0.1; 0.0; 0.0;-4; 24.3;B;0;-;On;On;Off; 22.6; 22.4;0;0;1647;0;1647;0;1461;0;-
2026/04/30;01:14:05;-;-; 52.91; 0.0;-; 12.3; 13.8; 0.0;-;-;2121;-0.1; 0.0; 0.0;-4; 24.3;B;0;-;On;On;Off; 22.6; 22.4;0;0;1647;0;1647;0;1461;0;-
2026/04/30;01:15:05;-;-; 52.91; 0.0;-; 11.7; 13.2; 0.0;-;-;2121;-0.1; 0.0; 0.0;-4; 24.3;B;0;-;On;On;Off; 22.6; 22.3;0;0;1647;0;1647;0;1461;0;-
2026/04/30;01:16:04;-;-; 52.91; 0.0;-; 11.4; 13.0; 0.0;-;-;2121;-0.1; 0.0; 0.0;-4; 24.3;B;0;-;On;On;Off; 22.6; 22.3;0;0;1647;0;1647;0;1461;0;-
2026/04/30;01:17:04;-;-; 52.91; 0.0;-; 11.8; 13.2; 0.0;-;-;2121;-0.1; 0.0; 0.0;-4; 24.3;B;0;-;On;On;Off; 22.6; 22.3;0;0;1647;0;1647;0;1461;0;-
2026/04/30;01:18:04;-;-; 52.91; 0.0;-; 11.4; 12.8; 0.0;-;-;2121;-0.1; 0.0; 0.0;-4; 24.4;B;0;-;On;On;Off; 22.6; 22.3;0;0;1647;0;1647;0;1461;0;-
2026/04/30;01:19:04;-;-; 52.91; 0.0;-; 10.4; 12.2; 0.0;-;-;2121;-0.1; 0.0; 0.0;-4; 24.4;B;0;-;On;On;Off; 22.6; 22.3;0;0;1647;0;1647;0;1461;0;-
2026/04/30;01:20:04;-;-; 52.91; 0.0;-; 10.1; 12.0; 0.0;-;-;2121;-0.1; 0.0; 0.0;-5; 24.4;B;0;-;On;On;Off; 22.6; 22.3;0;0;1647;0;1647;0;1461;0;-
2026/04/30;01:21:04;-;-; 52.91; 0.0;-; 9.9; 11.6; 0.0;-;-;2121;-0.1; 0.0; 0.0;-4; 24.4;B;0;-;On;On;Off; 22.6; 22.3;0;0;1647;0;1647;0;1461;0;-
2026/04/30;01:22:04;-;-; 52.91; 0.0;-; 9.8; 11.6; 0.0;-;-;2121;-0.1; 0.0; 0.0;-4; 24.4;B;0;-;On;On;Off; 22.6; 22.3;0;0;1647;0;1647;0;1461;0;-
2026/04/30;01:23:04;-;-; 52.91; 0.0;-; 10.0; 11.8; 0.0;-;-;2121;-0.1; 0.0; 0.0;-4; 24.4;B;0;-;On;On;Off; 22.6; 22.3;0;0;1647;0;1647;0;1461;0;-
2026/04/30;01:24:04;-;-; 52.89; 0.0;-; 10.1; 11.9; 0.0;-;-;2121;-0.1; 0.0; 0.0;-4; 24.4;B;0;-;On;On;Off; 22.6; 22.3;0;0;1647;0;1647;0;1461;0;-
2026/04/30;01:25:04;-;-; 52.91; 0.0;-; 9.7; 11.6; 0.0;-;-;2121;-0.1; 0.0; 0.0;-4; 24.5;B;0;-;On;On;Off; 22.6; 22.3;0;0;1647;0;1647;0;1461;0;-
2026/04/30;01:26:04;-;-; 52.91; 0.0;-; 9.9; 11.6; 0.0;-;-;2121;-0.1; 0.0; 0.0;-4; 24.5;B;0;-;On;On;Off; 22.6; 22.3;0;0;1647;0;1647;0;1461;0;-
2026/04/30;01:27:04;-;-; 52.89; 0.0;-; 9.8; 11.6; 0.0;-;-;2121;-0.1; 0.0; 0.0;-4; 24.5;B;0;-;On;On;Off; 22.6; 22.3;0;0;1647;0;1647;0;1461;0;-
2026/04/30;01:28:04;-;-; 52.91; 0.0;-; 9.6; 11.5; 0.0;-;-;2121;-0.1; 0.0; 0.0;-4; 24.5;B;0;-;On;On;Off; 22.6; 22.3;0;0;1647;0;1647;0;1461;0;-
2026/04/30;01:29:04;-;-; 52.91; 0.0;-; 9.3; 11.2; 0.0;-;-;2121;-0.1; 0.0; 0.0;-4; 24.5;B;0;-;On;On;Off; 22.6; 22.3;0;0;1647;0;1647;0;1461;0;-
2026/04/30;01:30:04;-;-; 52.91; 0.0;-; 9.1; 11.0; 0.0;-;-;2121;-0.1; 0.0; 0.0;-3; 24.5;B;0;-;On;On;Off; 22.6; 22.3;0;0;1647;0;1647;0;1461;0;-
2026/04/30;01:31:04;-;-; 52.89; 0.0;-; 9.0; 11.0; 0.0;-;-;2121;-0.1; 0.0; 0.0;-3; 24.5;B;0;-;On;On;Off; 22.6; 22.3;0;0;1647;0;1647;0;1461;0;-
2026/04/30;01:32:03;-;-; 52.91; 0.0;-; 9.0; 11.0; 0.0;-;-;2121;-0.1; 0.0; 0.0;-3; 24.5;B;0;-;On;On;Off; 22.6; 22.3;0;0;1647;0;1647;0;1461;0;-
2026/04/30;01:33:03;-;-; 52.91; 0.0;-; 9.0; 10.9; 0.0;-;-;2121;-0.1; 0.0; 0.0;-4; 24.5;B;0;-;On;On;Off; 22.6; 22.3;0;0;1647;0;1647;0;1461;0;-
2026/04/30;01:34:03;-;-; 52.91; 0.0;-; 9.1; 11.0; 0.0;-;-;2121;-0.1; 0.0; 0.0;-4; 24.5;B;0;-;On;On;Off; 22.6; 22.3;0;0;1647;0;1647;0;1461;0;-
2026/04/30;01:35:03;-;-; 52.89; 0.0;-; 9.1; 11.2; 0.0;-;-;2121;-0.1; 0.0; 0.0;-4; 24.5;B;0;-;On;On;Off; 22.6; 22.3;0;0;1647;0;1647;0;1461;0;-
2026/04/30;01:36:03;-;-; 52.89; 0.0;-; 9.1; 11.1; 0.0;-;-;2121;-0.1; 0.0; 0.0;-4; 24.5;B;0;-;On;On;Off; 22.6; 22.3;0;0;1647;0;1647;0;1461;0;-
2026/04/30;01:37:03;-;-; 52.89; 0.0;-; 9.1; 11.0; 0.0;-;-;2121;-0.1; 0.0; 0.0;-4; 24.5;B;0;-;On;On;Off; 22.6; 22.3;0;0;1647;0;1647;0;1461;0;-
2026/04/30;01:38:03;-;-; 52.89; 0.0;-; 9.0; 11.1; 0.0;-;-;2121;-0.1; 0.0; 0.0;-4; 24.4;B;0;-;On;On;Off; 22.6; 22.3;0;0;1647;0;1647;0;1461;0;-
2026/04/30;01:39:03;-;-; 52.89; 0.0;-; 9.0; 11.0; 0.0;-;-;2121;-0.1; 0.0; 0.0;-4; 24.4;B;0;-;On;On;Off; 22.6; 22.3;0;0;1647;0;1647;0;1461;0;-
2026/04/30;01:40:03;-;-; 52.89; 0.0;-; 9.0; 11.1; 0.0;-;-;2121;-0.1; 0.0; 0.0;-4; 24.4;B;0;-;On;On;Off; 22.6; 22.3;0;0;1647;0;1647;0;1461;0;-
2026/04/30;01:41:03;-;-; 52.89; 0.0;-; 9.0; 10.9; 0.0;-;-;2121;-0.1; 0.0; 0.0;-4; 24.4;B;0;-;On;On;Off; 22.6; 22.3;0;0;1647;0;1647;0;1461;0;-
2026/04/30;01:42:03;-;-; 52.89; 0.0;-; 9.0; 11.0; 0.0;-;-;2121;-0.1; 0.0; 0.0;-4; 24.4;B;0;-;On;On;Off; 22.6; 22.3;0;0;1647;0;1647;0;1461;0;-
2026/04/30;01:43:03;-;-; 52.87; 0.0;-; 9.0; 11.1; 0.0;-;-;2121;-0.1; 0.0; 0.0;-4; 24.4;B;0;-;On;On;Off; 22.6; 22.3;0;0;1647;0;1647;0;1461;0;-
2026/04/30;01:44:03;-;-; 52.89; 0.0;-; 9.0; 10.9; 0.0;-;-;2121;-0.1; 0.0; 0.0;-4; 24.4;B;0;-;On;On;Off; 22.6; 22.3;0;0;1647;0;1647;0;1461;0;-
2026/04/30;01:45:03;-;-; 52.87; 0.0;-; 8.8; 10.8; 0.0;-;-;2121;-0.1; 0.0; 0.0;-4; 24.4;B;0;-;On;On;Off; 22.6; 22.3;0;0;1647;0;1647;0;1461;0;-
2026/04/30;01:46:03;-;-; 52.89; 0.0;-; 8.8; 10.9; 0.0;-;-;2121;-0.1; 0.0; 0.0;-4; 24.4;B;0;-;On;On;Off; 22.6; 22.3;0;0;1647;0;1647;0;1461;0;-
2026/04/30;01:47:02;-;-; 52.89; 0.0;-; 8.7; 10.8; 0.0;-;-;2121;-0.1; 0.0; 0.0;-4; 24.4;B;0;-;On;On;Off; 22.6; 22.3;0;0;1647;0;1647;0;1461;0;-
2026/04/30;01:48:02;-;-; 52.89; 0.0;-; 8.7; 10.7; 0.0;-;-;2121;-0.1; 0.0; 0.0;-4; 24.4;B;0;-;On;On;Off; 22.6; 22.3;0;0;1647;0;1647;0;1461;0;-
2026/04/30;01:49:02;-;-; 52.89; 0.0;-; 8.6; 10.7; 0.0;-;-;2121;-0.1; 0.0; 0.0;-4; 24.4;B;0;-;On;On;Off; 22.6; 22.3;0;0;1647;0;1647;0;1461;0;-
2026/04/30;01:50:02;-;-; 52.87; 0.0;-; 8.7; 10.7; 0.0;-;-;2121;-0.1; 0.0; 0.0;-4; 24.4;B;0;-;On;On;Off; 22.6; 22.3;0;0;1647;0;1647;0;1461;0;-
2026/04/30;01:51:02;-;-; 52.89; 0.0;-; 8.6; 10.7; 0.0;-;-;2121;-0.1; 0.0; 0.0;-4; 24.4;B;0;-;On;On;Off; 22.6; 22.3;0;0;1647;0;1647;0;1461;0;-
2026/04/30;01:52:02;-;-; 52.89; 0.0;-; 8.4; 10.6; 0.0;-;-;2121;-0.1; 0.0; 0.0;-4; 24.4;B;0;-;On;On;Off; 22.6; 22.3;0;0;1647;0;1647;0;1461;0;-
2026/04/30;01:53:02;-;-; 52.89; 0.0;-; 8.5; 10.6; 0.0;-;-;2121;-0.1; 0.0; 0.0;-4; 24.3;B;0;-;On;On;Off; 22.6; 22.3;0;0;1647;0;1647;0;1461;0;-
2026/04/30;01:54:02;-;-; 52.87; 0.0;-; 8.5; 10.5; 0.0;-;-;2121;-0.1; 0.0; 0.0;-4; 24.3;B;0;-;On;On;Off; 22.6; 22.3;0;0;1647;0;1647;0;1461;0;-
2026/04/30;01:55:02;-;-; 52.87; 0.0;-; 8.5; 10.7; 0.0;-;-;2121;-0.1; 0.0; 0.0;-4; 24.3;B;0;-;On;On;Off; 22.6; 22.3;0;0;1647;0;1647;0;1461;0;-
2026/04/30;01:56:02;-;-; 52.89; 0.0;-; 8.6; 10.8; 0.0;-;-;2122;-0.1; 0.0; 0.0;-4; 24.3;B;0;-;On;On;Off; 22.6; 22.3;0;0;1647;0;1647;0;1461;0;-
2026/04/30;01:57:02;-;-; 52.89; 0.0;-; 8.5; 10.8; 0.0;-;-;2122;-0.1; 0.0; 0.0;-4; 24.3;B;0;-;On;On;Off; 22.6; 22.3;0;0;1647;0;1647;0;1461;0;-
2026/04/30;01:58:02;-;-; 52.87; 0.0;-; 9.1; 11.2; 0.0;-;-;2122;-0.1; 0.0; 0.0;-4; 24.3;B;0;-;On;On;Off; 22.6; 22.3;0;0;1647;0;1647;0;1461;0;-
2026/04/30;01:59:02;-;-; 52.89; 0.0;-; 10.0; 11.7; 0.0;-;-;2122;-0.1; 0.0; 0.0;-4; 24.3;B;0;-;On;On;Off; 22.6; 22.3;0;0;1647;0;1647;0;1461;0;-
2026/04/30;02:00:02;-;-; 52.89; 0.0;-; 9.0; 11.0; 0.0;-;-;2122;-0.1; 0.0; 0.0;-4; 24.3;B;0;-;On;On;Off; 22.6; 22.3;0;0;1647;0;1647;0;1461;0;-
2026/04/30;02:01:02;-;-; 52.89; 0.0;-; 8.3; 10.5; 0.0;-;-;2122;-0.1; 0.0; 0.0;-5; 24.3;B;0;-;On;On;Off; 22.6; 22.3;0;0;1647;0;1647;0;1461;0;-
2026/04/30;02:02:02;-;-; 52.87; 0.0;-; 8.1; 10.3; 0.0;-;-;2122;-0.1; 0.0; 0.0;-4; 24.3;B;0;-;On;On;Off; 22.6; 22.3;0;0;1647;0;1647;0;1461;0;-
2026/04/30;02:03:01;-;-; 52.89; 0.0;-; 8.2; 10.3; 0.0;-;-;2122;-0.1; 0.0; 0.0;-4; 24.3;B;0;-;On;On;Off; 22.6; 22.3;0;0;1647;0;1647;0;1461;0;-
2026/04/30;02:04:01;-;-; 52.89; 0.0;-; 8.1; 10.4; 0.0;-;-;2122;-0.1; 0.0; 0.0;-5; 24.3;B;0;-;On;On;Off; 22.6; 22.3;0;0;1647;0;1647;0;1461;0;-
2026/04/30;02:05:01;-;-; 52.87; 0.0;-; 8.1; 10.3; 0.0;-;-;2122;-0.1; 0.0; 0.0;-4; 24.2;B;0;-;On;On;Off; 22.6; 22.3;0;0;1647;0;1647;0;1461;0;-
2026/04/30;02:06:01;-;-; 52.89; 0.0;-; 8.2; 10.4; 0.0;-;-;2122;-0.1; 0.0; 0.0;-4; 24.2;B;0;-;On;On;Off; 22.6; 22.3;0;0;1647;0;1647;0;1461;0;-
2026/04/30;02:07:01;-;-; 52.89; 0.0;-; 8.2; 10.5; 0.0;-;-;2122;-0.1; 0.0; 0.0;-4; 24.2;B;0;-;On;On;Off; 22.6; 22.3;0;0;1647;0;1647;0;1461;0;-
2026/04/30;02:08:01;-;-; 52.87; 0.0;-; 8.2; 10.4; 0.0;-;-;2122;-0.1; 0.0; 0.0;-4; 24.2;B;0;-;On;On;Off; 22.6; 22.3;0;0;1647;0;1647;0;1461;0;-
2026/04/30;02:09:01;-;-; 52.89; 0.0;-; 8.3; 10.5; 0.0;-;-;2122;-0.1; 0.0; 0.0;-4; 24.2;B;0;-;On;On;Off; 22.6; 22.3;0;0;1647;0;1647;0;1461;0;-
2026/04/30;02:10:01;-;-; 52.87; 0.0;-; 8.3; 10.6; 0.0;-;-;2122;-0.1; 0.0; 0.0;-4; 24.2;B;0;-;On;On;Off; 22.6; 22.3;0;0;1647;0;1647;0;1461;0;-
2026/04/30;02:11:01;-;-; 52.87; 0.0;-; 8.4; 10.5; 0.0;-;-;2122;-0.1; 0.0; 0.0;-5; 24.2;B;0;-;On;On;Off; 22.6; 22.3;0;0;1647;0;1647;0;1461;0;-
2026/04/30;02:12:01;-;-; 52.87; 0.0;-; 8.4; 10.6; 0.0;-;-;2122;-0.1; 0.0; 0.0;-5; 24.2;B;0;-;On;On;Off; 22.5; 22.3;0;0;1647;0;1647;0;1461;0;-
2026/04/30;02:13:01;-;-; 52.87; 0.0;-; 8.6; 10.9; 0.0;-;-;2122;-0.1; 0.0; 0.0;-4; 24.2;B;0;-;On;On;Off; 22.5; 22.3;0;0;1647;0;1647;0;1461;0;-
2026/04/30;02:14:01;-;-; 52.87; 0.0;-; 8.8; 10.9; 0.0;-;-;2122;-0.1; 0.0; 0.0;-5; 24.2;B;0;-;On;On;Off; 22.5; 22.3;0;0;1647;0;1647;0;1461;0;-
2026/04/30;02:15:01;-;-; 52.87; 0.0;-; 9.1; 11.0; 0.0;-;-;2122;-0.1; 0.0; 0.0;-5; 24.2;B;0;-;On;On;Off; 22.5; 22.2;0;0;1647;0;1647;0;1461;0;-
2026/04/30;02:16:01;-;-; 52.85; 0.0;-; 9.1; 11.1; 0.0;-;-;2122;-0.1; 0.0; 0.0;-5; 24.2;B;0;-;On;On;Off; 22.5; 22.3;0;0;1647;0;1647;0;1461;0;-
2026/04/30;02:17:01;-;-; 52.85; 0.0;-; 9.2; 11.1; 0.0;-;-;2122;-0.1; 0.0; 0.0;-5; 24.2;B;0;-;On;On;Off; 22.5; 22.3;0;0;1647;0;1647;0;1461;0;-
2026/04/30;02:18:01;-;-; 52.87; 0.0;-; 9.1; 11.1; 0.0;-;-;2122;-0.1; 0.0; 0.0;-5; 24.1;B;0;-;On;On;Off; 22.5; 22.3;0;0;1647;0;1647;0;1461;0;-
2026/04/30;02:19:00;-;-; 52.85; 0.0;-; 9.0; 11.1; 0.0;-;-;2122;-0.1; 0.0; 0.0;-5; 24.1;B;0;-;On;On;Off; 22.5; 22.2;0;0;1647;0;1647;0;1461;0;-
2026/04/30;02:20:00;-;-; 52.87; 0.0;-; 9.0; 11.2; 0.0;-;-;2122;-0.1; 0.0; 0.0;-5; 24.1;B;0;-;On;On;Off; 22.5; 22.2;0;0;1647;0;1647;0;1461;0;-
2026/04/30;02:21:00;-;-; 52.87; 0.0;-; 9.0; 11.1; 0.0;-;-;2122;-0.1; 0.0; 0.0;-5; 24.1;B;0;-;On;On;Off; 22.5; 22.2;0;0;1647;0;1647;0;1461;0;-
2026/04/30;02:22:00;-;-; 52.87; 0.0;-; 9.1; 11.2; 0.0;-;-;2122;-0.1; 0.0; 0.0;-5; 24.1;B;0;-;On;On;Off; 22.5; 22.2;0;0;1647;0;1647;0;1461;0;-
2026/04/30;02:23:00;-;-; 52.85; 0.0;-; 9.2; 11.1; 0.0;-;-;2122;-0.1; 0.0; 0.0;-5; 24.1;B;0;-;On;On;Off; 22.5; 22.2;0;0;1647;0;1647;0;1461;0;-
2026/04/30;02:24:00;-;-; 52.85; 0.0;-; 9.2; 11.2; 0.0;-;-;2122;-0.1; 0.0; 0.0;-5; 24.1;B;0;-;On;On;Off; 22.5; 22.2;0;0;1647;0;1647;0;1461;0;-
2026/04/30;02:25:00;-;-; 52.87; 0.0;-; 9.3; 11.2; 0.0;-;-;2122;-0.1; 0.0; 0.0;-5; 24.1;B;0;-;On;On;Off; 22.5; 22.2;0;0;1647;0;1647;0;1461;0;-
2026/04/30;02:26:00;-;-; 52.87; 0.0;-; 9.3; 11.3; 0.0;-;-;2122;-0.1; 0.0; 0.0;-5; 24.1;B;0;-;On;On;Off; 22.5; 22.2;0;0;1647;0;1647;0;1461;0;-
2026/04/30;02:27:00;-;-; 52.87; 0.0;-; 9.4; 11.3; 0.0;-;-;2122;-0.1; 0.0; 0.0;-5; 24.1;B;0;-;On;On;Off; 22.5; 22.2;0;0;1647;0;1647;0;1461;0;-
2026/04/30;02:28:00;-;-; 52.87; 0.0;-; 9.4; 11.2; 0.0;-;-;2122;-0.1; 0.0; 0.0;-5; 24.0;B;0;-;On;On;Off; 22.5; 22.2;0;0;1647;0;1647;0;1461;0;-
2026/04/30;02:29:00;-;-; 52.87; 0.0;-; 9.4; 11.5; 0.0;-;-;2122;-0.1; 0.0; 0.0;-5; 24.0;B;0;-;On;On;Off; 22.5; 22.2;0;0;1647;0;1647;0;1461;0;-
2026/04/30;02:30:00;-;-; 52.87; 0.0;-; 9.5; 11.4; 0.0;-;-;2122;-0.1; 0.0; 0.0;-5; 24.0;B;0;-;On;On;Off; 22.5; 22.2;0;0;1647;0;1647;0;1461;0;-
2026/04/30;02:31:00;-;-; 52.87; 0.0;-; 9.5; 11.4; 0.0;-;-;2122;-0.1; 0.0; 0.0;-4; 24.0;B;0;-;On;On;Off; 22.5; 22.2;0;0;1647;0;1647;0;1461;0;-
2026/04/30;02:32:00;-;-; 52.87; 0.0;-; 9.4; 11.3; 0.0;-;-;2122;-0.1; 0.0; 0.0;-4; 24.0;B;0;-;On;On;Off; 22.5; 22.2;0;0;1647;0;1647;0;1461;0;-
2026/04/30;02:33:00;-;-; 52.87; 0.0;-; 9.4; 11.4; 0.0;-;-;2122;-0.1; 0.0; 0.0;-4; 24.0;B;0;-;On;On;Off; 22.5; 22.2;0;0;1647;0;1647;0;1461;0;-
2026/04/30;02:33:59;-;-; 52.87; 0.0;-; 9.3; 11.4; 0.0;-;-;2122;-0.1; 0.0; 0.0;-4; 24.0;B;0;-;On;On;Off; 22.5; 22.2;0;0;1647;0;1647;0;1461;0;-
2026/04/30;02:34:59;-;-; 52.85; 0.0;-; 9.5; 11.3; 0.0;-;-;2122;-0.1; 0.0; 0.0;-5; 24.0;B;0;-;On;On;Off; 22.5; 22.2;0;0;1647;0;1647;0;1461;0;-
2026/04/30;02:35:59;-;-; 52.87; 0.0;-; 9.4; 11.5; 0.0;-;-;2122;-0.1; 0.0; 0.0;-5; 24.0;B;0;-;On;On;Off; 22.5; 22.2;0;0;1647;0;1647;0;1461;0;-
2026/04/30;02:36:59;-;-; 52.87; 0.0;-; 9.4; 11.4; 0.0;-;-;2122;-0.1; 0.0; 0.0;-5; 24.0;B;0;-;On;On;Off; 22.5; 22.2;0;0;1647;0;1647;0;1461;0;-
2026/04/30;02:37:59;-;-; 52.87; 0.0;-; 9.5; 11.5; 0.0;-;-;2122;-0.1; 0.0; 0.0;-5; 24.0;B;0;-;On;On;Off; 22.5; 22.2;0;0;1647;0;1647;0;1461;0;-
2026/04/30;02:38:59;-;-; 52.85; 0.0;-; 9.5; 11.4; 0.0;-;-;2122;-0.1; 0.0; 0.0;-5; 23.9;B;0;-;On;On;Off; 22.5; 22.2;0;0;1647;0;1647;0;1461;0;-
2026/04/30;02:39:59;-;-; 52.87; 0.0;-; 9.4; 11.4; 0.0;-;-;2122;-0.1; 0.0; 0.0;-5; 24.0;B;0;-;On;On;Off; 22.4; 22.2;0;0;1647;0;1647;0;1461;0;-
2026/04/30;02:40:59;-;-; 52.87; 0.0;-; 9.4; 11.3; 0.0;-;-;2122;-0.1; 0.0; 0.0;-5; 24.0;B;0;-;On;On;Off; 22.5; 22.2;0;0;1647;0;1647;0;1461;0;-
2026/04/30;02:41:59;-;-; 52.85; 0.0;-; 9.3; 11.3; 0.0;-;-;2122;-0.1; 0.0; 0.0;-5; 23.9;B;0;-;On;On;Off; 22.4; 22.2;0;0;1647;0;1647;0;1461;0;-
2026/04/30;02:42:59;-;-; 52.87; 0.0;-; 9.3; 11.4; 0.0;-;-;2122;-0.1; 0.0; 0.0;-5; 23.9;B;0;-;On;On;Off; 22.4; 22.2;0;0;1647;0;1647;0;1461;0;-
2026/04/30;02:43:59;-;-; 52.87; 0.0;-; 9.3; 11.4; 0.0;-;-;2122;-0.1; 0.0; 0.0;-5; 23.9;B;0;-;On;On;Off; 22.5; 22.2;0;0;1647;0;1647;0;1461;0;-
2026/04/30;02:44:59;-;-; 52.87; 0.0;-; 9.3; 11.4; 0.0;-;-;2122;-0.1; 0.0; 0.0;-4; 23.9;B;0;-;On;On;Off; 22.4; 22.1;0;0;1647;0;1647;0;1461;0;-
2026/04/30;02:45:59;-;-; 52.85; 0.0;-; 9.2; 11.3; 0.0;-;-;2122;-0.1; 0.0; 0.0;-5; 23.9;B;0;-;On;On;Off; 22.4; 22.1;0;0;1647;0;1647;0;1461;0;-
2026/04/30;02:46:59;-;-; 52.85; 0.0;-; 9.1; 11.2; 0.0;-;-;2122;-0.1; 0.0; 0.0;-5; 23.9;B;0;-;On;On;Off; 22.4; 22.1;0;0;1647;0;1647;0;1461;0;-
2026/04/30;02:47:59;-;-; 52.85; 0.0;-; 9.2; 11.1; 0.0;-;-;2122;-0.1; 0.0; 0.0;-5; 23.9;B;0;-;On;On;Off; 22.4; 22.1;0;0;1647;0;1647;0;1461;0;-
2026/04/30;02:48:59;-;-; 52.85; 0.0;-; 9.2; 11.1; 0.0;-;-;2122;-0.1; 0.0; 0.0;-5; 24.0;B;0;-;On;On;Off; 22.4; 22.1;0;0;1647;0;1647;0;1461;0;-
2026/04/30;02:49:58;-;-; 52.85; 0.0;-; 10.9; 11.7; 0.0;-;-;2122;-0.1; 0.0; 0.0;-4; 24.0;B;0;-;On;On;Off; 22.4; 22.1;0;0;1647;0;1647;0;1461;0;-
2026/04/30;02:50:58;-;-; 52.83; 0.0;-; 9.1; 11.1; 0.0;-;-;2122;-0.1; 0.0; 0.0;-5; 24.0;B;0;-;On;On;Off; 22.4; 22.1;0;0;1647;0;1647;0;1461;0;-
2026/04/30;02:51:58;-;-; 52.85; 0.0;-; 9.1; 11.2; 0.0;-;-;2122;-0.1; 0.0; 0.0;-5; 24.0;B;0;-;On;On;Off; 22.4; 22.1;0;0;1647;0;1647;0;1461;0;-
2026/04/30;02:52:58;-;-; 52.85; 0.0;-; 9.2; 11.3; 0.0;-;-;2122;-0.1; 0.0; 0.0;-5; 24.0;B;0;-;On;On;Off; 22.4; 22.1;0;0;1647;0;1647;0;1461;0;-
2026/04/30;02:53:58;-;-; 52.85; 0.0;-; 9.2; 11.2; 0.0;-;-;2122;-0.1; 0.0; 0.0;-4; 24.0;B;0;-;On;On;Off; 22.4; 22.1;0;0;1647;0;1647;0;1461;0;-
2026/04/30;02:54:58;-;-; 52.83; 0.0;-; 9.2; 11.1; 0.0;-;-;2122;-0.1; 0.0; 0.0;-5; 24.0;B;0;-;On;On;Off; 22.4; 22.1;0;0;1647;0;1647;0;1461;0;-
2026/04/30;02:55:58;-;-; 52.85; 0.0;-; 9.2; 11.1; 0.0;-;-;2123;-0.1; 0.0; 0.0;-5; 24.1;B;0;-;On;On;Off; 22.4; 22.1;0;0;1647;0;1647;0;1461;0;-
2026/04/30;02:56:58;-;-; 52.85; 0.0;-; 9.1; 11.1; 0.0;-;-;2123;-0.1; 0.0; 0.0;-5; 24.1;B;0;-;On;On;Off; 22.4; 22.1;0;0;1647;0;1647;0;1461;0;-
2026/04/30;02:57:58;-;-; 52.85; 0.0;-; 9.1; 11.1; 0.0;-;-;2123;-0.1; 0.0; 0.0;-5; 24.1;B;0;-;On;On;Off; 22.4; 22.1;0;0;1647;0;1647;0;1461;0;-
2026/04/30;02:58:58;-;-; 52.85; 0.0;-; 9.1; 11.1; 0.0;-;-;2123;-0.1; 0.0; 0.0;-6; 24.1;B;0;-;On;On;Off; 22.4; 22.1;0;0;1647;0;1647;0;1461;0;-
2026/04/30;02:59:58;-;-; 52.85; 0.0;-; 9.0; 11.0; 0.0;-;-;2123;-0.1; 0.0; 0.0;-5; 24.1;B;0;-;On;On;Off; 22.4; 22.1;0;0;1647;0;1647;0;1461;0;-
2026/04/30;03:00:58;-;-; 52.85; 0.0;-; 9.0; 11.0; 0.0;-;-;2123;-0.1; 0.0; 0.0;-5; 24.1;B;0;-;On;On;Off; 22.4; 22.1;0;0;1647;0;1647;0;1461;0;-
2026/04/30;03:01:58;-;-; 52.85; 0.0;-; 9.0; 11.0; 0.0;-;-;2123;-0.1; 0.0; 0.0;-5; 24.1;B;0;-;On;On;Off; 22.4; 22.1;0;0;1647;0;1647;0;1461;0;-
2026/04/30;03:02:58;-;-; 52.85; 0.0;-; 9.0; 11.2; 0.0;-;-;2123;-0.1; 0.0; 0.0;-5; 24.2;B;0;-;On;On;Off; 22.4; 22.1;0;0;1647;0;1647;0;1461;0;-
2026/04/30;03:03:58;-;-; 52.85; 0.0;-; 9.1; 10.8; 0.0;-;-;2123;-0.1; 0.0; 0.0;-4; 24.2;B;0;-;On;On;Off; 22.4; 22.1;0;0;1647;0;1647;0;1461;0;-
2026/04/30;03:04:58;-;-; 52.85; 0.0;-; 9.0; 11.0; 0.0;-;-;2123;-0.1; 0.0; 0.0;-4; 24.2;B;0;-;On;On;Off; 22.4; 22.1;0;0;1647;0;1647;0;1461;0;-
2026/04/30;03:05:57;-;-; 52.85; 0.0;-; 8.9; 10.9; 0.0;-;-;2123;-0.1; 0.0; 0.0;-4; 24.2;B;0;-;On;On;Off; 22.4; 22.1;0;0;1647;0;1647;0;1461;0;-
2026/04/30;03:06:57;-;-; 52.85; 0.0;-; 8.9; 10.9; 0.0;-;-;2123;-0.1; 0.0; 0.0;-4; 24.2;B;0;-;On;On;Off; 22.4; 22.1;0;0;1647;0;1647;0;1461;0;-
2026/04/30;03:07:57;-;-; 52.85; 0.0;-; 8.9; 10.9; 0.0;-;-;2123;-0.1; 0.0; 0.0;-4; 24.2;B;0;-;On;On;Off; 22.4; 22.1;0;0;1647;0;1647;0;1461;0;-
2026/04/30;03:08:57;-;-; 52.85; 0.0;-; 9.0; 10.9; 0.0;-;-;2123;-0.1; 0.0; 0.0;-4; 24.2;B;0;-;On;On;Off; 22.4; 22.1;0;0;1647;0;1647;0;1461;0;-
2026/04/30;03:09:57;-;-; 52.85; 0.0;-; 9.0; 11.0; 0.0;-;-;2123;-0.1; 0.0; 0.0;-4; 24.2;B;0;-;On;On;Off; 22.4; 22.1;0;0;1647;0;1647;0;1461;0;-
2026/04/30;03:10:57;-;-; 52.85; 0.0;-; 9.0; 10.8; 0.0;-;-;2123;-0.1; 0.0; 0.0;-4; 24.2;B;0;-;On;On;Off; 22.4; 22.1;0;0;1647;0;1647;0;1461;0;-
2026/04/30;03:11:57;-;-; 52.83; 0.0;-; 9.0; 11.0; 0.0;-;-;2123;-0.1; 0.0; 0.0;-4; 24.2;B;0;-;On;On;Off; 22.4; 22.1;0;0;1647;0;1647;0;1461;0;-
2026/04/30;03:12:57;-;-; 52.83; 0.0;-; 9.1; 11.0; 0.0;-;-;2123;-0.1; 0.0; 0.0;-4; 24.2;B;0;-;On;On;Off; 22.4; 22.1;0;0;1647;0;1647;0;1461;0;-
2026/04/30;03:13:57;-;-; 52.85; 0.0;-; 9.1; 11.1; 0.0;-;-;2123;-0.1; 0.0; 0.0;-4; 24.2;B;0;-;On;On;Off; 22.4; 22.1;0;0;1647;0;1647;0;1461;0;-
2026/04/30;03:14:57;-;-; 52.85; 0.0;-; 9.1; 11.1; 0.0;-;-;2123;-0.1; 0.0; 0.0;-4; 24.2;B;0;-;On;On;Off; 22.4; 22.1;0;0;1647;0;1647;0;1461;0;-
2026/04/30;03:15:57;-;-; 52.85; 0.0;-; 9.2; 11.0; 0.0;-;-;2123;-0.1; 0.0; 0.0;-5; 24.2;B;0;-;On;On;Off; 22.4; 22.1;0;0;1647;0;1647;0;1461;0;-
2026/04/30;03:16:57;-;-; 52.85; 0.0;-; 9.3; 11.1; 0.0;-;-;2123;-0.1; 0.0; 0.0;-4; 24.2;B;0;-;On;On;Off; 22.4; 22.1;0;0;1647;0;1647;0;1461;0;-
2026/04/30;03:17:57;-;-; 52.85; 0.0;-; 9.2; 11.3; 0.0;-;-;2123;-0.1; 0.0; 0.0;-5; 24.2;B;0;-;On;On;Off; 22.4; 22.1;0;0;1647;0;1647;0;1461;0;-
2026/04/30;03:18:57;-;-; 52.83; 0.0;-; 9.3; 11.3; 0.0;-;-;2123;-0.1; 0.0; 0.0;-5; 24.2;B;0;-;On;On;Off; 22.4; 22.1;0;0;1647;0;1647;0;1461;0;-
2026/04/30;03:19:57;-;-; 52.83; 0.0;-; 9.3; 11.3; 0.0;-;-;2123;-0.1; 0.0; 0.0;-5; 24.2;B;0;-;On;On;Off; 22.4; 22.1;0;0;1647;0;1647;0;1461;0;-
2026/04/30;03:20:56;-;-; 52.85; 0.0;-; 9.3; 11.3; 0.0;-;-;2123;-0.1; 0.0; 0.0;-5; 24.2;B;0;-;On;On;Off; 22.4; 22.1;0;0;1647;0;1647;0;1461;0;-
2026/04/30;03:21:56;-;-; 52.85; 0.0;-; 9.4; 11.4; 0.0;-;-;2123;-0.1; 0.0; 0.0;-4; 24.2;B;0;-;On;On;Off; 22.4; 22.1;0;0;1647;0;1647;0;1461;0;-
2026/04/30;03:22:56;-;-; 52.83; 0.0;-; 9.4; 11.3; 0.0;-;-;2123;-0.1; 0.0; 0.0;-4; 24.2;B;0;-;On;On;Off; 22.4; 22.1;0;0;1647;0;1647;0;1461;0;-
2026/04/30;03:23:56;-;-; 52.83; 0.0;-; 9.4; 11.4; 0.0;-;-;2123;-0.1; 0.0; 0.0;-5; 24.1;B;0;-;On;On;Off; 22.4; 22.1;0;0;1647;0;1647;0;1461;0;-
2026/04/30;03:24:56;-;-; 52.83; 0.0;-; 9.6; 11.5; 0.0;-;-;2123;-0.1; 0.0; 0.0;-5; 24.1;B;0;-;On;On;Off; 22.4; 22.1;0;0;1647;0;1647;0;1461;0;-
2026/04/30;03:25:56;-;-; 52.83; 0.0;-; 9.7; 11.6; 0.0;-;-;2123;-0.1; 0.0; 0.0;-4; 24.1;B;0;-;On;On;Off; 22.4; 22.1;0;0;1647;0;1647;0;1461;0;-
2026/04/30;03:26:56;-;-; 52.83; 0.0;-; 9.9; 11.8; 0.0;-;-;2123;-0.1; 0.0; 0.0;-4; 24.1;B;0;-;On;On;Off; 22.4; 22.1;0;0;1647;0;1647;0;1461;0;-
2026/04/30;03:27:56;-;-; 52.83; 0.0;-; 10.0; 12.0; 0.0;-;-;2123;-0.1; 0.0; 0.0;-4; 24.1;B;0;-;On;On;Off; 22.4; 22.1;0;0;1647;0;1647;0;1461;0;-
2026/04/30;03:28:56;-;-; 52.81; 0.0;-; 10.1; 11.7; 0.0;-;-;2123;-0.1; 0.0; 0.0;-5; 24.1;B;0;-;On;On;Off; 22.4; 22.1;0;0;1647;0;1647;0;1461;0;-
2026/04/30;03:29:56;-;-; 52.83; 0.0;-; 10.1; 11.9; 0.0;-;-;2123;-0.1; 0.0; 0.0;-4; 24.1;B;0;-;On;On;Off; 22.4; 22.1;0;0;1647;0;1647;0;1461;0;-
2026/04/30;03:30:56;-;-; 52.83; 0.0;-; 10.1; 12.1; 0.0;-;-;2123;-0.1; 0.0; 0.0;-4; 24.1;B;0;-;On;On;Off; 22.4; 22.1;0;0;1647;0;1647;0;1461;0;-
2026/04/30;03:31:56;-;-; 52.83; 0.0;-; 10.3; 12.1; 0.0;-;-;2123;-0.1; 0.0; 0.0;-5; 24.1;B;0;-;On;On;Off; 22.4; 22.1;0;0;1647;0;1647;0;1461;0;-
2026/04/30;03:32:56;-;-; 52.83; 0.0;-; 10.4; 12.3; 0.0;-;-;2123;-0.1; 0.0; 0.0;-5; 24.0;B;0;-;On;On;Off; 22.4; 22.1;0;0;1647;0;1647;0;1461;0;-
2026/04/30;03:33:56;-;-; 52.81; 0.0;-; 10.6; 12.3; 0.0;-;-;2123;-0.1; 0.0; 0.0;-5; 24.0;B;0;-;On;On;Off; 22.4; 22.1;0;0;1647;0;1647;0;1461;0;-
2026/04/30;03:34:56;-;-; 52.81; 0.0;-; 10.6; 12.5; 0.0;-;-;2123;-0.1; 0.0; 0.0;-5; 24.0;B;0;-;On;On;Off; 22.4; 22.1;0;0;1647;0;1647;0;1461;0;-
2026/04/30;03:35:56;-;-; 52.81; 0.0;-; 10.7; 12.5; 0.0;-;-;2123;-0.1; 0.0; 0.0;-5; 24.0;B;0;-;On;On;Off; 22.4; 22.1;0;0;1647;0;1647;0;1461;0;-
2026/04/30;03:36:55;-;-; 52.81; 0.0;-; 10.8; 12.6; 0.0;-;-;2123;-0.1; 0.0; 0.0;-4; 24.0;B;0;-;On;On;Off; 22.4; 22.1;0;0;1647;0;1647;0;1461;0;-
2026/04/30;03:37:55;-;-; 52.83; 0.0;-; 10.8; 12.7; 0.0;-;-;2123;-0.1; 0.0; 0.0;-4; 24.0;B;0;-;On;On;Off; 22.4; 22.1;0;0;1647;0;1647;0;1461;0;-
2026/04/30;03:38:55;-;-; 52.83; 0.0;-; 10.9; 12.5; 0.0;-;-;2123;-0.1; 0.0; 0.0;-5; 24.0;B;0;-;On;On;Off; 22.4; 22.1;0;0;1647;0;1647;0;1461;0;-
2026/04/30;03:39:55;-;-; 52.81; 0.0;-; 10.9; 12.6; 0.0;-;-;2123;-0.1; 0.0; 0.0;-5; 24.0;B;0;-;On;On;Off; 22.4; 22.1;0;0;1647;0;1647;0;1461;0;-
2026/04/30;03:40:55;-;-; 52.83; 0.0;-; 10.9; 12.6; 0.0;-;-;2123;-0.1; 0.0; 0.0;-5; 24.0;B;0;-;On;On;Off; 22.4; 22.1;0;0;1647;0;1647;0;1461;0;-
2026/04/30;03:41:55;-;-; 52.81; 0.0;-; 10.9; 12.7; 0.0;-;-;2123;-0.1; 0.0; 0.0;-4; 24.0;B;0;-;On;On;Off; 22.4; 22.1;0;0;1647;0;1647;0;1461;0;-
2026/04/30;03:42:55;-;-; 52.83; 0.0;-; 10.9; 12.6; 0.0;-;-;2123;-0.1; 0.0; 0.0;-5; 24.0;B;0;-;On;On;Off; 22.4; 22.1;0;0;1647;0;1647;0;1461;0;-
2026/04/30;03:43:55;-;-; 52.83; 0.0;-; 10.9; 12.6; 0.0;-;-;2123;-0.1; 0.0; 0.0;-4; 23.9;B;0;-;On;On;Off; 22.4; 22.1;0;0;1647;0;1647;0;1461;0;-
2026/04/30;03:44:55;-;-; 52.83; 0.0;-; 10.9; 12.5; 0.0;-;-;2123;-0.1; 0.0; 0.0;-4; 23.9;B;0;-;On;On;Off; 22.4; 22.1;0;0;1647;0;1647;0;1461;0;-
2026/04/30;03:45:55;-;-; 52.83; 0.0;-; 10.9; 12.5; 0.0;-;-;2123;-0.1; 0.0; 0.0;-4; 23.9;B;0;-;On;On;Off; 22.4; 22.1;0;0;1647;0;1647;0;1461;0;-
2026/04/30;03:46:55;-;-; 52.83; 0.0;-; 10.9; 12.6; 0.0;-;-;2123;-0.1; 0.0; 0.0;-4; 23.9;B;0;-;On;On;Off; 22.4; 22.1;0;0;1647;0;1647;0;1461;0;-
2026/04/30;03:47:55;-;-; 52.83; 0.0;-; 10.9; 12.7; 0.0;-;-;2123;-0.1; 0.0; 0.0;-4; 23.9;B;0;-;On;On;Off; 22.4; 22.1;0;0;1647;0;1647;0;1461;0;-
2026/04/30;03:48:55;-;-; 52.81; 0.0;-; 11.0; 12.8; 0.0;-;-;2123;-0.1; 0.0; 0.0;-4; 23.9;B;0;-;On;On;Off; 22.4; 22.1;0;0;1647;0;1647;0;1461;0;-
2026/04/30;03:49:55;-;-; 52.81; 0.0;-; 11.1; 12.9; 0.0;-;-;2123;-0.1; 0.0; 0.0;-4; 23.9;B;0;-;On;On;Off; 22.4; 22.1;0;0;1647;0;1647;0;1461;0;-
2026/04/30;03:50:55;-;-; 52.83; 0.0;-; 11.2; 13.0; 0.0;-;-;2123;-0.1; 0.0; 0.0;-4; 23.9;B;0;-;On;On;Off; 22.4; 22.1;0;0;1647;0;1647;0;1461;0;-
2026/04/30;03:51:55;-;-; 52.83; 0.0;-; 11.4; 13.0; 0.0;-;-;2123;-0.1; 0.0; 0.0;-4; 23.9;B;0;-;On;On;Off; 22.4; 22.1;0;0;1647;0;1647;0;1461;0;-
2026/04/30;03:52:54;-;-; 52.81; 0.0;-; 11.6; 13.2; 0.0;-;-;2123;-0.1; 0.0; 0.0;-4; 23.9;B;0;-;On;On;Off; 22.4; 22.1;0;0;1647;0;1647;0;1461;0;-
2026/04/30;03:53:54;-;-; 52.81; 0.0;-; 11.7; 13.4; 0.0;-;-;2123;-0.1; 0.0; 0.0;-4; 23.9;B;0;-;On;On;Off; 22.4; 22.1;0;0;1647;0;1647;0;1461;0;-
2026/04/30;03:54:54;-;-; 52.83; 0.0;-; 12.0; 13.7; 0.0;-;-;2123;-0.1; 0.0; 0.0;-3; 23.9;B;0;-;On;On;Off; 22.4; 22.1;0;0;1647;0;1647;0;1461;0;-
2026/04/30;03:55:54;-;-; 52.83; 0.0;-; 12.2; 13.8; 0.0;-;-;2124;-0.1; 0.0; 0.0;-4; 23.8;B;0;-;On;On;Off; 22.4; 22.1;0;0;1647;0;1647;0;1461;0;-
2026/04/30;03:56:54;-;-; 52.83; 0.0;-; 12.4; 14.0; 0.0;-;-;2124;-0.1; 0.0; 0.0;-4; 23.8;B;0;-;On;On;Off; 22.3; 22.1;0;0;1647;0;1647;0;1461;0;-
2026/04/30;03:57:54;-;-; 52.81; 0.0;-; 12.8; 14.3; 0.0;-;-;2124;-0.1; 0.0; 0.0;-4; 23.8;B;0;-;On;On;Off; 22.4; 22.1;0;0;1647;0;1647;0;1461;0;-
2026/04/30;03:58:54;-;-; 52.81; 0.0;-; 13.1; 14.4; 0.0;-;-;2124;-0.1; 0.0; 0.0;-4; 23.8;B;0;-;On;On;Off; 22.4; 22.1;0;0;1647;0;1647;0;1461;0;-
2026/04/30;03:59:54;-;-; 52.81; 0.0;-; 14.8; 15.2; 0.0;-;-;2124;-0.1; 0.0; 0.0;-3; 23.8;B;0;-;On;On;Off; 22.4; 22.1;0;0;1647;0;1647;0;1461;0;-
2026/04/30;04:00:54;-;-; 52.81; 0.0;-; 15.0; 15.2; 0.0;-;-;2124;-0.1; 0.0; 0.0;-4; 23.8;B;0;-;On;On;Off; 22.4; 22.1;0;0;1647;0;1647;0;1461;0;-
2026/04/30;04:01:54;-;-; 52.83; 0.0;-; 15.4; 15.6; 0.0;-;-;2124;-0.1; 0.0; 0.0;-3; 23.8;B;0;-;On;On;Off; 22.3; 22.1;0;0;1647;0;1647;0;1461;0;-
2026/04/30;04:02:54;-;-; 52.83; 0.0;-; 15.7; 15.9; 0.0;-;-;2124;-0.1; 0.0; 0.0;-4; 23.8;B;0;-;On;On;Off; 22.3; 22.1;0;0;1647;0;1647;0;1461;0;-
2026/04/30;04:03:54;-;-; 52.81; 0.0;-; 16.0; 16.1; 0.0;-;-;2124;-0.1; 0.0; 0.0;-4; 23.8;B;0;-;On;On;Off; 22.3; 22.1;0;0;1647;0;1647;0;1461;0;-
2026/04/30;04:04:54;-;-; 52.81; 0.0;-; 16.2; 16.5; 0.0;-;-;2124;-0.1; 0.0; 0.0;-4; 23.8;B;0;-;On;On;Off; 22.3; 22.1;0;0;1647;0;1647;0;1461;0;-
2026/04/30;04:05:54;-;-; 52.79; 0.0;-; 16.6; 16.8; 0.0;-;-;2124;-0.1; 0.0; 0.0;-4; 23.8;B;0;-;On;On;Off; 22.3; 22.1;0;0;1647;0;1647;0;1461;0;-
2026/04/30;04:06:54;-;-; 52.79; 0.0;-; 16.9; 16.9; 0.0;-;-;2124;-0.1; 0.0; 0.0;-5; 23.8;B;0;-;On;On;Off; 22.3; 22.0;0;0;1647;0;1647;0;1461;0;-
2026/04/30;04:07:53;-;-; 52.81; 0.0;-; 17.3; 17.3; 0.0;-;-;2124;-0.1; 0.0; 0.0;-5; 23.8;B;0;-;On;On;Off; 22.3; 22.0;0;0;1647;0;1647;0;1461;0;-
2026/04/30;04:08:53;-;-; 52.81; 0.0;-; 17.7; 17.9; 0.0;-;-;2124;-0.1; 0.0; 0.0;-5; 23.8;B;0;-;On;On;Off; 22.3; 22.0;0;0;1647;0;1647;0;1461;0;-
2026/04/30;04:09:53;-;-; 52.81; 0.0;-; 18.1; 18.2; 0.0;-;-;2124;-0.1; 0.0; 0.0;-4; 23.7;B;0;-;On;On;Off; 22.3; 22.0;0;0;1647;0;1647;0;1461;0;-
2026/04/30;04:10:53;-;-; 52.81; 0.0;-; 18.7; 18.7; 0.0;-;-;2124;-0.1; 0.0; 0.0;-5; 23.7;B;0;-;On;On;Off; 22.3; 22.0;0;0;1647;0;1647;0;1461;0;-
2026/04/30;04:11:53;-;-; 52.79; 0.0;-; 19.3; 19.2; 0.0;-;-;2124;-0.1; 0.0; 0.0;-5; 23.7;B;0;-;On;On;Off; 22.3; 22.0;0;0;1647;0;1647;0;1461;0;-
2026/04/30;04:12:53;-;-; 52.81; 0.0;-; 19.9; 19.7; 0.0;-;-;2124;-0.1; 0.0; 0.0;-5; 23.7;B;0;-;On;On;Off; 22.3; 22.0;0;0;1647;0;1647;0;1461;0;-
2026/04/30;04:13:53;-;-; 52.81; 0.0;-; 20.5; 20.4; 0.0;-;-;2124;-0.1; 0.0; 0.0;-5; 23.7;B;0;-;On;On;Off; 22.3; 22.0;0;0;1647;0;1647;0;1461;0;-
2026/04/30;04:14:53;-;-; 52.81; 0.0;-; 21.2; 20.8; 0.0;-;-;2124;-0.1; 0.0; 0.0;-5; 23.7;B;0;-;On;On;Off; 22.3; 22.0;0;0;1647;0;1647;0;1461;0;-
2026/04/30;04:15:53;-;-; 52.81; 0.0;-; 22.1; 21.6; 0.0;-;-;2124;-0.1; 0.0; 0.0;-5; 23.7;B;0;-;On;On;Off; 22.3; 22.0;0;0;1647;0;1647;0;1461;0;-
2026/04/30;04:16:53;-;-; 52.81; 0.0;-; 22.9; 22.5; 0.0;-;-;2124;-0.1; 0.0; 0.0;-5; 23.7;B;0;-;On;On;Off; 22.3; 22.0;0;0;1647;0;1647;0;1461;0;-
2026/04/30;04:17:53;-;-; 52.81; 0.0;-; 23.8; 23.3; 0.0;-;-;2124;-0.1; 0.0; 0.0;-5; 23.7;B;0;-;On;On;Off; 22.3; 22.0;0;0;1647;0;1647;0;1461;0;-
2026/04/30;04:18:53;-;-; 52.79; 0.0;-; 24.8; 24.3; 0.0;-;-;2124;-0.1; 0.0; 0.0;-5; 23.7;B;0;-;On;On;Off; 22.3; 22.0;0;0;1647;0;1647;0;1461;0;-
2026/04/30;04:19:53;-;-; 52.79; 0.0;-; 25.8; 25.0; 0.0;-;-;2124;-0.1; 0.0; 0.0;-5; 23.7;B;0;-;On;On;Off; 22.3; 22.0;0;0;1647;0;1647;0;1461;0;-
2026/04/30;04:20:53;-;-; 52.81; 0.0;-; 26.7; 25.9; 0.0;-;-;2124;-0.1; 0.0; 0.0;-4; 23.7;B;0;-;On;On;Off; 22.3; 22.0;0;0;1647;0;1647;0;1461;0;-
2026/04/30;04:21:53;-;-; 52.79; 0.0;-; 27.8; 27.0; 0.0;-;-;2124;-0.1; 0.0; 0.0;-5; 23.7;B;0;-;On;On;Off; 22.3; 22.0;0;0;1647;0;1647;0;1461;0;-
2026/04/30;04:22:53;-;-; 52.81; 0.0;-; 28.9; 28.1; 0.0;-;-;2124;-0.1; 0.0; 0.0;-5; 23.8;B;0;-;On;On;Off; 22.3; 22.0;0;0;1647;0;1647;0;1461;0;-
2026/04/30;04:23:52;-;-; 52.81; 0.0;-; 30.1; 29.1; 0.0;-;-;2124;-0.1; 0.0; 0.0;-5; 23.8;B;0;-;On;On;Off; 22.3; 22.0;0;0;1647;0;1647;0;1461;0;-
2026/04/30;04:24:52;-;-; 52.81; 0.0;-; 31.1; 30.3; 0.0;-;-;2124;-0.1; 0.0; 0.0;-5; 23.8;B;0;-;On;On;Off; 22.3; 22.0;0;0;1647;0;1647;0;1461;0;-
2026/04/30;04:25:52;-;-; 52.79; 0.0;-; 32.3; 31.3; 0.0;-;-;2124;-0.1; 0.0; 0.0;-5; 23.8;B;0;-;On;On;Off; 22.3; 22.0;0;0;1647;0;1647;0;1461;0;-
2026/04/30;04:26:52;-;-; 52.79; 0.0;-; 33.4; 32.3; 0.0;-;-;2124;-0.1; 0.0; 0.0;-5; 23.8;B;0;-;On;On;Off; 22.3; 22.0;0;0;1647;0;1647;0;1461;0;-
2026/04/30;04:27:52;-;-; 52.81; 0.0;-; 34.4; 33.3; 0.0;-;-;2124;-0.1; 0.0; 0.0;-5; 23.8;B;0;-;On;On;Off; 22.3; 22.0;0;0;1647;0;1647;0;1461;0;-
2026/04/30;04:28:52;-;-; 52.81; 0.0;-; 35.7; 34.5; 0.0;-;-;2124;-0.1; 0.0; 0.0;-5; 23.8;B;0;-;On;On;Off; 22.3; 22.0;0;0;1647;0;1647;0;1461;0;-
2026/04/30;04:29:52;-;-; 52.79; 0.0;-; 36.9; 35.5; 0.0;-;-;2124;-0.1; 0.0; 0.0;-5; 23.8;B;0;-;On;On;Off; 22.3; 22.0;0;0;1647;0;1647;0;1461;0;-
2026/04/30;04:30:52;-;-; 52.81; 0.0;-; 38.2; 36.9; 0.0;-;-;2124;-0.1; 0.0; 0.0;-4; 23.8;B;0;-;On;On;Off; 22.3; 22.0;0;0;1647;0;1647;0;1461;0;-
2026/04/30;04:31:52;-;-; 52.81; 0.0;-; 39.3; 37.9; 0.0;-;-;2124;-0.1; 0.0; 0.0;-4; 23.8;B;0;-;On;On;Off; 22.3; 22.0;0;0;1647;0;1647;0;1461;0;-
2026/04/30;04:32:52;-;-; 52.81; 0.0;-; 40.3; 38.8; 0.0;-;-;2124;-0.1; 0.0; 0.0;-4; 23.8;B;0;-;On;On;Off; 22.3; 22.0;0;0;1647;0;1647;0;1461;0;-
2026/04/30;04:33:52;-;-; 52.79; 0.0;-; 41.2; 39.7; 0.0;-;-;2124;-0.1; 0.0; 0.0;-5; 23.9;B;0;-;On;On;Off; 22.3; 22.0;0;0;1647;0;1647;0;1461;0;-
2026/04/30;04:34:52;-;-; 52.81; 0.0;-; 42.1; 40.7; 0.0;-;-;2124;-0.1; 0.0; 0.0;-4; 23.9;B;0;-;On;On;Off; 22.3; 22.0;0;0;1647;0;1647;0;1461;0;-
2026/04/30;04:35:52;-;-; 52.79; 0.0;-; 43.0; 41.6; 0.0;-;-;2124;-0.1; 0.0; 0.0;-4; 23.9;B;0;-;On;On;Off; 22.3; 22.0;0;0;1647;0;1647;0;1461;0;-
2026/04/30;04:36:52;-;-; 52.79; 0.0;-; 43.9; 42.6; 0.0;-;-;2124;-0.1; 0.0; 0.0;-5; 23.9;B;0;-;On;On;Off; 22.3; 22.0;0;0;1647;0;1647;0;1461;0;-
2026/04/30;04:37:52;-;-; 52.79; 0.0;-; 44.8; 43.3; 0.0;-;-;2124;-0.1; 0.0; 0.0;-5; 23.9;B;0;-;On;On;Off; 22.3; 22.0;0;0;1647;0;1647;0;1461;0;-
2026/04/30;04:38:52;-;-; 52.79; 0.0;-; 45.5; 44.3; 0.0;-;-;2124;-0.1; 0.0; 0.0;-5; 23.9;B;0;-;On;On;Off; 22.3; 22.0;0;0;1647;0;1647;0;1461;0;-
2026/04/30;04:39:51;-;-; 52.81; 0.0;-; 46.4; 45.0; 0.0;-;-;2124;-0.1; 0.0; 0.0;-4; 23.9;B;0;-;On;On;Off; 22.3; 22.0;0;0;1647;0;1647;0;1461;0;-
2026/04/30;04:40:51;-;-; 52.79; 0.0;-; 47.0; 45.9; 0.0;-;-;2124;-0.1; 0.0; 0.0;-5; 23.9;B;0;-;On;On;Off; 22.3; 22.0;0;0;1647;0;1647;0;1461;0;-
2026/04/30;04:41:51;-;-; 52.79; 0.0;-; 47.7; 46.6; 0.0;-;-;2124;-0.1; 0.0; 0.0;-5; 23.9;B;0;-;On;On;Off; 22.3; 22.0;0;0;1647;0;1647;0;1461;0;-
2026/04/30;04:42:51;-;-; 52.79; 0.0;-; 48.6; 47.5; 0.0;-;-;2124;-0.1; 0.0; 0.0;-5; 23.9;B;0;-;On;On;Off; 22.3; 22.0;0;0;1647;0;1647;0;1461;0;-
2026/04/30;04:43:51;-;-; 52.79; 0.0;-; 49.3; 48.1; 0.0;-;-;2124;-0.1; 0.0; 0.0;-5; 23.9;B;0;-;On;On;Off; 22.3; 22.0;0;0;1647;0;1647;0;1461;0;-
2026/04/30;04:44:51;-;-; 52.79; 0.0;-; 50.1; 49.0; 0.0;-;-;2124;-0.1; 0.0; 0.0;-5; 23.9;B;0;-;On;On;Off; 22.3; 22.0;0;0;1647;0;1647;0;1461;0;-
2026/04/30;04:45:51;-;-; 52.79; 0.0;-; 51.0; 49.8; 0.0;-;-;2124;-0.1; 0.0; 0.0;-5; 23.9;B;0;-;On;On;Off; 22.3; 22.0;0;0;1647;0;1647;0;1461;0;-
2026/04/30;04:46:51;-;-; 52.77; 0.0;-; 51.8; 50.8; 0.0;-;-;2124;-0.1; 0.0; 0.0;-5; 23.9;B;0;-;On;On;Off; 22.3; 22.0;0;0;1647;0;1647;0;1461;0;-
2026/04/30;04:47:51;-;-; 52.79; 0.0;-; 52.5; 51.5; 0.0;-;-;2124;-0.1; 0.0; 0.0;-5; 24.0;B;0;-;On;On;Off; 22.3; 22.0;0;0;1647;0;1647;0;1461;0;-
2026/04/30;04:48:51;-;-; 52.77; 0.0;-; 53.2; 52.3; 0.0;-;-;2124;-0.1; 0.0; 0.0;-5; 24.0;B;0;-;On;On;Off; 22.3; 22.0;0;0;1647;0;1647;0;1461;0;-
2026/04/30;04:49:51;-;-; 52.77; 0.0;-; 53.8; 52.9; 0.0;-;-;2124;-0.1; 0.0; 0.0;-5; 24.0;B;0;-;On;On;Off; 22.3; 22.0;0;0;1647;0;1647;0;1461;0;-
2026/04/30;04:50:51;-;-; 52.79; 0.0;-; 54.4; 53.6; 0.0;-;-;2124;-0.1; 0.0; 0.0;-5; 24.0;B;0;-;On;On;Off; 22.3; 22.0;0;0;1647;0;1647;0;1461;0;-
2026/04/30;04:51:51;-;-; 52.77; 0.0;-; 55.0; 54.0; 0.0;-;-;2124;-0.1; 0.0; 0.0;-5; 24.0;B;0;-;On;On;Off; 22.3; 22.0;0;0;1647;0;1647;0;1461;0;-
2026/04/30;04:52:51;-;-; 52.79; 0.0;-; 55.5; 54.8; 0.0;-;-;2124;-0.1; 0.0; 0.0;-5; 24.0;B;0;-;On;On;Off; 22.3; 22.0;0;0;1647;0;1647;0;1461;0;-
2026/04/30;04:53:51;-;-; 52.77; 0.0;-; 56.1; 55.3; 0.0;-;-;2124;-0.1; 0.0; 0.0;-5; 24.0;B;0;-;On;On;Off; 22.3; 22.0;0;0;1647;0;1647;0;1461;0;-
2026/04/30;04:54:51;-;-; 52.79; 0.0;-; 56.5; 55.7; 0.0;-;-;2124;-0.1; 0.0; 0.0;-5; 24.0;B;0;-;On;On;Off; 22.3; 22.0;0;0;1647;0;1647;0;1461;0;-
2026/04/30;04:55:50;-;-; 52.79; 0.0;-; 56.9; 56.2; 0.0;-;-;2125;-0.1; 0.0; 0.0;-5; 24.0;B;0;-;On;On;Off; 22.3; 22.0;0;0;1647;0;1647;0;1461;0;-
2026/04/30;04:56:50;-;-; 52.79; 0.0;-; 57.2; 56.6; 0.0;-;-;2125;-0.1; 0.0; 0.0;-5; 24.0;B;0;-;On;On;Off; 22.3; 22.0;0;0;1647;0;1647;0;1461;0;-
2026/04/30;04:57:50;-;-; 52.77; 0.0;-; 57.5; 57.0; 0.0;-;-;2125;-0.1; 0.0; 0.0;-5; 24.0;B;0;-;On;On;Off; 22.3; 22.0;0;0;1647;0;1647;0;1461;0;-
2026/04/30;04:58:50;-;-; 52.79; 0.0;-; 58.0; 57.3; 0.0;-;-;2125;-0.1; 0.0; 0.0;-5; 24.0;B;0;-;On;On;Off; 22.3; 22.0;0;0;1647;0;1647;0;1461;0;-
2026/04/30;04:59:50;-;-; 52.79; 0.0;-; 58.3; 57.7; 0.0;-;-;2125;-0.1; 0.0; 0.0;-5; 24.0;B;0;-;On;On;Off; 22.3; 22.0;0;0;1647;0;1647;0;1461;0;-
2026/04/30;05:00:50;-;-; 52.79; 0.0;-; 58.7; 58.0; 0.0;-;-;2125;-0.1; 0.0; 0.0;-5; 24.0;B;0;-;On;On;Off; 22.3; 22.0;0;0;1647;0;1647;0;1461;0;-
2026/04/30;05:01:50;-;-; 52.79; 0.0;-; 59.1; 58.5; 0.0;-;-;2125;-0.1; 0.0; 0.0;-5; 24.0;B;0;-;On;On;Off; 22.3; 22.0;0;0;1647;0;1647;0;1461;0;-
2026/04/30;05:02:50;-;-; 52.79; 0.0;-; 59.6; 59.0; 0.0;-;-;2125;-0.1; 0.0; 0.0;-5; 24.0;B;0;-;On;On;Off; 22.3; 22.0;0;0;1647;0;1647;0;1461;0;-
2026/04/30;05:03:50;-;-; 52.79; 0.0;-; 60.0; 59.4; 0.0;-;-;2125;-0.1; 0.0; 0.0;-5; 24.0;B;0;-;On;On;Off; 22.3; 22.0;0;0;1647;0;1647;0;1461;0;-
2026/04/30;05:04:50;-;-; 52.77; 0.0;-; 60.4; 60.0; 0.0;-;-;2125;-0.1; 0.0; 0.0;-5; 24.0;B;0;-;On;On;Off; 22.3; 22.0;0;0;1647;0;1647;0;1461;0;-
2026/04/30;05:05:50;-;-; 52.79; 0.0;-; 60.6; 60.3; 0.0;-;-;2125;-0.1; 0.0; 0.0;-5; 24.0;B;0;-;On;On;Off; 22.3; 22.0;0;0;1647;0;1647;0;1461;0;-
2026/04/30;05:06:50;-;-; 52.79; 0.0;-; 61.0; 60.4; 0.0;-;-;2125;-0.1; 0.0; 0.0;-5; 24.0;B;0;-;On;On;Off; 22.3; 22.0;0;0;1647;0;1647;0;1461;0;-
2026/04/30;05:07:50;-;-; 52.79; 0.0;-; 61.1; 60.7; 0.0;-;-;2125;-0.1; 0.0; 0.0;-5; 24.0;B;0;-;On;On;Off; 22.3; 22.0;0;0;1647;0;1647;0;1461;0;-
2026/04/30;05:08:50;-;-; 52.79; 0.0;-; 61.4; 61.0; 0.0;-;-;2125;-0.1; 0.0; 0.0;-5; 24.0;B;0;-;On;On;Off; 22.3; 22.0;0;0;1647;0;1647;0;1461;0;-
2026/04/30;05:09:50;-;-; 52.79; 0.0;-; 61.6; 61.1; 0.0;-;-;2125;-0.1; 0.0; 0.0;-5; 24.0;B;0;-;On;On;Off; 22.3; 22.0;0;0;1647;0;1647;0;1461;0;-
2026/04/30;05:10:49;-;-; 52.79; 0.0;-; 62.0; 61.5; 0.0;-;-;2125;-0.1; 0.0; 0.0;-5; 24.0;B;0;-;On;On;Off; 22.3; 22.0;0;0;1647;0;1647;0;1461;0;-
2026/04/30;05:11:49;-;-; 52.79; 0.0;-; 62.3; 61.9; 0.0;-;-;2125;-0.1; 0.0; 0.0;-5; 24.0;B;0;-;On;On;Off; 22.3; 22.0;0;0;1647;0;1647;0;1461;0;-
2026/04/30;05:12:49;-;-; 52.79; 0.0;-; 62.7; 62.2; 0.0;-;-;2125;-0.1; 0.0; 0.0;-5; 24.0;B;0;-;On;On;Off; 22.3; 22.0;0;0;1647;0;1647;0;1461;0;-
2026/04/30;05:13:49;-;-; 52.79; 0.0;-; 63.0; 62.5; 0.0;-;-;2125;-0.1; 0.0; 0.0;-5; 24.0;B;0;-;On;On;Off; 22.3; 22.0;0;0;1647;0;1647;0;1461;0;-
2026/04/30;05:14:49;-;-; 52.77; 0.0;-; 63.4; 62.9; 0.0;-;-;2125;-0.1; 0.0; 0.0;-5; 24.0;B;0;-;On;On;Off; 22.3; 22.0;0;0;1647;0;1647;0;1461;0;-
2026/04/30;05:15:49;-;-; 52.79; 0.0;-; 63.6; 63.2; 0.0;-;-;2125;-0.1; 0.0; 0.0;-5; 24.0;B;0;-;On;On;Off; 22.3; 22.0;0;0;1647;0;1647;0;1461;0;-
2026/04/30;05:16:49;-;-; 52.79; 0.0;-; 63.8; 63.4; 0.0;-;-;2125;-0.1; 0.0; 0.0;-5; 24.0;B;0;-;On;On;Off; 22.3; 22.0;0;0;1647;0;1647;0;1461;0;-
2026/04/30;05:17:49;-;-; 52.79; 0.0;-; 64.2; 63.7; 0.0;-;-;2125;-0.1; 0.0; 0.0;-5; 24.0;B;0;-;On;On;Off; 22.3; 22.0;0;0;1647;0;1647;0;1461;0;-
2026/04/30;05:18:49;-;-; 52.77; 0.0;-; 64.4; 63.8; 0.0;-;-;2125;-0.1; 0.0; 0.0;-6; 24.0;B;0;-;On;On;Off; 22.3; 22.0;0;0;1647;0;1647;0;1461;0;-
2026/04/30;05:19:49;-;-; 52.77; 0.0;-; 64.6; 64.2; 0.0;-;-;2125;-0.1; 0.0; 0.0;-6; 24.0;B;0;-;On;On;Off; 22.3; 22.0;0;0;1647;0;1647;0;1461;0;-
2026/04/30;05:20:49;-;-; 52.77; 0.0;-; 64.9; 64.4; 0.0;-;-;2125;-0.1; 0.0; 0.0;-6; 24.0;B;0;-;On;On;Off; 22.3; 22.0;0;0;1647;0;1647;0;1461;0;-
2026/04/30;05:21:49;-;-; 52.79; 0.0;-; 65.1; 64.7; 0.0;-;-;2125;-0.1; 0.0; 0.0;-6; 24.0;B;0;-;On;On;Off; 22.3; 22.0;0;0;1647;0;1647;0;1461;0;-
2026/04/30;05:22:49;-;-; 52.79; 0.0;-; 65.5; 65.0; 0.0;-;-;2125;-0.1; 0.0; 0.0;-5; 24.0;B;0;-;On;On;Off; 22.3; 22.0;0;0;1647;0;1647;0;1461;0;-
2026/04/30;05:23:49;-;-; 52.79; 0.0;-; 65.7; 65.4; 0.0;-;-;2125;-0.1; 0.0; 0.0;-6; 24.0;B;0;-;On;On;Off; 22.3; 22.0;0;0;1647;0;1647;0;1461;0;-
2026/04/30;05:24:49;-;-; 52.77; 0.0;-; 66.1; 65.7; 0.0;-;-;2125;-0.1; 0.0; 0.0;-5; 24.0;B;0;-;On;On;Off; 22.3; 22.0;0;0;1647;0;1647;0;1461;0;-
2026/04/30;05:25:49;-;-; 52.77; 0.0;-; 66.5; 66.1; 0.0;-;-;2125;-0.1; 0.0; 0.0;-5; 23.9;B;0;-;On;On;Off; 22.3; 22.0;0;0;1647;0;1647;0;1461;0;-
2026/04/30;05:26:48;-;-; 52.77; 0.0;-; 66.8; 66.5; 0.0;-;-;2125;-0.1; 0.0; 0.0;-5; 23.9;B;0;-;On;On;Off; 22.3; 22.0;0;0;1647;0;1647;0;1461;0;-
2026/04/30;05:27:48;-;-; 52.77; 0.0;-; 67.2; 66.8; 0.0;-;-;2125;-0.1; 0.0; 0.0;-5; 24.0;B;0;-;On;On;Off; 22.3; 22.0;0;0;1647;0;1647;0;1461;0;-
2026/04/30;05:28:48;-;-; 52.77; 0.0;-; 67.5; 67.1; 0.0;-;-;2125;-0.1; 0.0; 0.0;-5; 23.9;B;0;-;On;On;Off; 22.3; 22.0;0;0;1647;0;1647;0;1461;0;-
2026/04/30;05:29:48;-;-; 52.77; 0.0;-; 67.8; 67.3; 0.0;-;-;2125;-0.1; 0.0; 0.0;-6; 23.9;B;0;-;On;On;Off; 22.3; 22.0;0;0;1647;0;1647;0;1461;0;-
2026/04/30;05:30:48;-;-; 52.75; 0.0;-; 68.2; 67.6; 0.0;-;-;2125;-0.1; 0.0; 0.0;-5; 24.0;B;0;-;On;On;Off; 22.3; 22.0;0;0;1647;0;1647;0;1461;0;-
2026/04/30;05:31:48;-;-; 52.77; 0.0;-; 68.3; 67.8; 0.0;-;-;2125;-0.1; 0.0; 0.0;-5; 24.0;B;0;-;On;On;Off; 22.3; 22.0;0;0;1647;0;1647;0;1461;0;-
2026/04/30;05:32:48;-;-; 52.79; 0.0;-; 68.4; 68.0; 0.0;-;-;2125;-0.1; 0.0; 0.0;-5; 24.0;B;0;-;On;On;Off; 22.3; 22.0;0;0;1647;0;1647;0;1461;1;-
2026/04/30;05:33:48;-;-; 52.81; 0.0;-; 68.7; 68.3; 0.0;-;-;2125;-0.1; 0.0; 0.0;-5; 24.0;B;0;-;On;On;Off; 22.3; 22.0;0;0;1647;0;1647;0;1461;1;-
2026/04/30;05:34:48;-;-; 52.79; 0.0;-; 68.9; 68.5; 0.0;-;-;2125;-0.1; 0.0; 0.0;-6; 23.9;B;0;-;On;On;Off; 22.3; 22.0;0;0;1647;0;1647;0;1461;1;-
2026/04/30;05:35:48;-;-; 52.81; 0.0;-; 69.0; 68.8; 0.0;-;-;2125;-0.1; 0.0; 0.0;-5; 24.0;B;0;-;On;On;Off; 22.3; 22.0;0;0;1647;0;1647;0;1461;1;-
2026/04/30;05:36:48;-;-; 52.79; 0.0;-; 69.3; 69.0; 0.0;-;-;2125;-0.1; 0.0; 0.0;-5; 23.9;B;0;-;On;On;Off; 22.3; 22.0;0;0;1647;0;1647;0;1461;1;-
2026/04/30;05:37:48;-;-; 52.79; 0.0;-; 69.4; 69.3; 0.0;-;-;2125;-0.1; 0.0; 0.0;-4; 23.9;B;0;-;On;On;Off; 22.3; 22.0;0;0;1647;0;1647;0;1461;1;-
2026/04/30;05:38:48;-;-; 52.75; 0.1;-; 68.8; 69.5; 7.8; 7.8;-;2125;-0.1; 0.0; 0.0;-4; 23.9;B;0;-;On;On;Off; 23.9; 22.1;0;0;1647;0;1647;0;1461;1;-
2026/04/30;05:39:48;-;-; 52.67; 0.3;-; 68.8; 68.5; 15.5; 8.4; 7.1;2125;-0.1; 0.1; 0.1;-3; 23.9;B;0;-;On;On;Off; 24.6; 23.9;0;0;1647;0;1647;0;1461;1;-
2026/04/30;05:40:48;-;-; 52.69; 0.2;-; 70.2; 68.5; 9.1; 0.7; 8.4;2125; 0.0; 0.3; 0.3;0; 23.9;B;0;-;On;On;Off; 23.3; 24.5;0;0;1647;0;1647;0;1461;1;-
2026/04/30;05:41:48;-;-; 52.69; 0.2;-; 68.8; 70.0; 9.9; 9.9; 0.0;2125;-0.0; 0.2; 0.2;-2; 23.9;B;0;-;On;On;Off; 23.7; 22.8;0;0;1647;0;1647;0;1461;1;-
2026/04/30;05:42:47;-;-; 52.65; 0.4;-; 68.8; 68.5; 19.0; 9.9; 9.2;2125;-0.1; 0.1; 0.1;-3; 23.9;B;0;-;On;On;Off; 25.0; 23.4;0;0;1647;0;1647;0;1461;1;-
2026/04/30;05:43:47;-;-; 52.67; 0.2;-; 70.5; 68.6; 10.5; 0.7; 9.9;2125; 0.1; 0.3; 0.3;3; 23.9;B;0;-;On;On;Off; 24.0; 24.9;0;0;1647;0;1647;0;1461;1;-
2026/04/30;05:44:47;-;-; 52.69; 0.0;-; 70.7; 70.5; 0.0; 0.0; 0.0;2125; 0.1; 0.3; 0.3;4; 23.9;B;0;-;On;On;Off; 23.6; 23.5;0;0;1647;0;1647;0;1461;1;-
2026/04/30;05:45:47;-;-; 52.69; 0.2;-; 68.6; 70.6; 11.3; 11.3; 0.0;2125;-0.1; 0.1; 0.1;-3; 23.9;B;0;-;On;On;Off; 25.2; 23.1;0;0;1647;0;1647;0;1461;1;-
2026/04/30;05:46:47;-;-; 52.67; 0.2;-; 71.0; 68.5; 12.0; 0.7; 11.3;2125; 0.1; 0.2; 0.2;4; 23.9;B;0;-;On;On;Off; 25.3; 25.0;0;0;1647;0;1647;0;1461;1;-
2026/04/30;05:47:47;-;-; 52.69; 0.0;-; 71.1; 70.8; 0.0; 0.0; 0.0;2125; 0.2; 0.4; 0.4;11; 23.9;B;0;-;On;On;Off; 24.0; 24.9;0;0;1647;0;1647;0;1461;1;-
2026/04/30;05:48:47;-;-; 52.69; 0.2;-; 68.7; 70.9; 12.7; 12.7; 0.0;2125; 0.0; 0.2; 0.2;1; 23.9;B;0;-;On;On;Off; 25.2; 23.4;0;0;1647;0;1647;0;1461;1;-
2026/04/30;05:49:47;-;-; 52.69; 0.5;-; 68.8; 68.5; 24.7; 12.7; 12.0;2125; 0.0; 0.2; 0.2;0; 23.9;B;0;-;On;On;Off; 25.8; 24.9;0;0;1647;0;1647;0;1461;1;-
2026/04/30;05:50:47;-;-; 52.69; 0.2;-; 71.2; 69.3; 12.0; 0.7; 11.3;2125; 0.2; 0.4; 0.4;12; 23.9;B;0;-;On;On;Off; 24.4; 25.6;0;0;1647;0;1647;0;1461;1;-
2026/04/30;05:51:47;-;-; 52.69; 0.2;-; 68.9; 71.0; 12.7; 12.7; 0.0;2125; 0.1; 0.3; 0.3;6; 23.9;B;0;-;On;On;Off; 24.2; 23.8;0;0;1647;0;1647;0;1461;1;-
2026/04/30;05:52:47;-;-; 52.69; 0.5;-; 68.8; 69.1; 24.7; 12.7; 12.0;2125;-0.1; 0.1; 0.1;-3; 23.9;B;0;-;On;On;Off; 25.9; 23.9;0;0;1647;0;1647;0;1461;1;-
2026/04/30;05:53:47;-;-; 52.71; 0.3;-; 71.4; 68.7; 13.4; 0.7; 12.7;2125; 0.2; 0.3; 0.3;8; 23.9;B;0;-;On;On;Off; 25.1; 25.7;0;0;1647;0;1647;0;1461;1;-
2026/04/30;05:54:47;-;-; 52.71; 0.0;-; 71.4; 71.2; 0.7; 0.7; 0.0;2125; 0.2; 0.4; 0.4;11; 23.9;B;0;-;On;On;Off; 24.5; 24.5;0;0;1647;0;1647;0;1461;1;-
2026/04/30;05:55:47;-;-; 52.71; 0.3;-; 68.8; 71.1; 13.4; 13.4; 0.0;2126;-0.0; 0.1; 0.1;0; 23.9;B;0;-;On;On;Off; 25.9; 23.9;0;0;1647;0;1647;0;1461;1;-
2026/04/30;05:56:47;-;-; 52.73; 0.3;-; 71.5; 68.6; 14.8; 0.7; 14.2;2126; 0.1; 0.2; 0.2;5; 23.9;B;0;-;On;On;Off; 26.4; 25.7;0;0;1647;0;1647;0;1461;1;-
2026/04/30;05:57:46;-;-; 52.75; 0.0;-; 71.7; 71.3; 0.7; 0.0; 0.7;2126; 0.3; 0.4; 0.4;18; 23.9;B;0;-;On;On;Off; 24.8; 26.0;0;0;1647;0;1647;0;1461;1;-
2026/04/30;05:58:46;-;-; 52.73; 0.3;-; 68.8; 71.5; 14.8; 14.8; 0.0;2126; 0.1; 0.2; 0.2;5; 23.9;B;0;-;On;On;Off; 25.6; 24.2;0;0;1647;0;1647;0;1461;1;-
2026/04/30;05:59:46;-;-; 52.77; 0.6;-; 68.9; 68.6; 30.4; 15.5; 14.9;2126; 0.0; 0.2; 0.2;2; 23.9;B;0;-;On;On;Off; 26.4; 25.3;0;0;1647;0;1647;0;1461;1;-
2026/04/30;06:00:46;-;-; 52.79; 0.3;-; 71.9; 68.7; 16.2; 0.7; 15.5;2126; 0.4; 0.4; 0.4;20; 23.9;B;0;-;On;On;Off; 25.1; 26.2;0;0;1647;0;1647;0;1461;1;-
2026/04/30;06:01:46;-;-; 52.77; 0.0;-; 71.9; 71.6; 0.7; 0.7; 0.0;2126; 0.3; 0.3; 0.3;14; 23.9;B;0;-;On;On;Off; 24.8; 24.6;0;0;1647;0;1647;0;1461;1;-
2026/04/30;06:02:46;-;-; 52.79; 0.7;-; 68.9; 66.6; 35.4; 16.3; 19.1;2126;-0.0; 0.1; 0.1;-1; 23.9;B;0;-;On;On;Off; 26.4; 24.3;0;0;1647;0;1647;0;1461;1;-
2026/04/30;06:03:46;-;-; 52.81; 0.3;-; 71.9; 68.7; 16.2; 0.7; 15.5;2126; 0.3; 0.4; 0.4;14; 23.9;B;0;-;On;On;Off; 25.9; 26.3;0;0;1647;0;1647;0;1461;1;-
2026/04/30;06:04:46;-;-; 52.81; 0.0;-; 71.8; 71.7; 0.7; 0.7; 0.0;2126; 0.4; 0.5; 0.5;22; 23.9;B;0;-;On;On;Off; 25.1; 25.4;0;0;1647;0;1647;0;1461;1;-
2026/04/30;06:05:46;-;-; 52.81; 0.3;-; 68.9; 71.7; 16.3; 16.3; 0.0;2126; 0.1; 0.2; 0.2;3; 23.8;B;0;-;On;On;Off; 26.4; 24.5;0;0;1647;0;1647;0;1461;1;-
2026/04/30;06:06:46;-;-; 52.83; 0.6;-; 68.9; 68.8; 31.1; 15.6; 15.6;2126; 0.2; 0.2; 0.2;8; 23.9;B;0;-;On;On;Off; 26.8; 26.1;0;0;1647;0;1647;0;1461;1;-
2026/04/30;06:07:46;-;-; 52.83; 0.3;-; 71.9; 68.8; 17.0; 0.7; 16.3;2126; 0.5; 0.5; 0.5;24; 23.8;B;0;-;On;On;Off; 25.3; 26.5;0;0;1647;0;1647;0;1461;1;-
2026/04/30;06:08:46;-;-; 52.81; 0.3;-; 68.9; 71.8; 17.7; 17.0; 0.7;2126; 0.2; 0.3; 0.3;11; 23.8;B;0;-;On;On;Off; 25.7; 24.7;0;0;1647;0;1647;0;1461;1;-
2026/04/30;06:09:46;-;-; 52.87; 0.7;-; 68.9; 68.8; 34.7; 17.0; 17.7;2126; 0.0; 0.1; 0.1;2; 23.8;B;0;-;On;On;Off; 26.8; 25.4;0;0;1647;0;1647;0;1461;1;-
2026/04/30;06:10:46;-;-; 52.89; 0.3;-; 72.3; 68.7; 17.7; 0.0; 17.7;2126; 0.4; 0.5; 0.5;23; 23.8;B;0;-;On;On;Off; 25.6; 26.6;0;0;1647;0;1647;0;1461;1;-
2026/04/30;06:11:46;-;-; 52.83; 0.0;-; 72.2; 72.2; 0.7; 0.0; 0.7;2126; 0.4; 0.4; 0.4;22; 23.8;B;0;-;On;On;Off; 25.2; 25.1;0;0;1647;0;1647;0;1461;1;-
2026/04/30;06:12:46;-;-; 52.87; 0.4;-; 69.1; 72.1; 19.1; 19.1; 0.0;2126; 0.0; 0.1; 0.1;0; 23.8;B;0;-;On;On;Off; 26.8; 24.7;0;0;1647;0;1647;0;1461;1;-
2026/04/30;06:13:45;-;-; 52.95; 0.7;-; 69.1; 68.9; 37.6; 19.1; 18.5;2126; 0.4; 0.4; 0.4;19; 23.8;B;0;-;On;On;Off; 27.2; 26.6;0;0;1647;0;1647;0;1461;1;-
2026/04/30;06:14:45;-;-; 52.99; 0.7;-; 69.2; 69.1; 36.9; 18.5; 18.5;2126; 0.8; 0.7; 0.7;41; 23.9;B;0;-;On;On;Off; 27.5; 27.0;0;0;1647;0;1647;0;1461;1;-
2026/04/30;06:15:45;-;-; 53.03; 0.7;-; 69.2; 69.0; 36.9; 18.5; 18.5;2126; 0.8; 0.7; 0.7;41; 23.8;B;0;-;On;On;Off; 27.7; 27.2;0;0;1647;0;1647;0;1461;1;-
2026/04/30;06:16:45;-;-; 53.01; 0.4;-; 69.1; 72.2; 19.2; 18.5; 0.7;2126; 0.8; 0.7; 0.7;41; 23.8;B;0;-;On;On;Off; 27.7; 25.5;0;0;1647;0;1647;0;1461;1;-
2026/04/30;06:17:45;-;-; 53.04; 0.7;-; 69.1; 69.1; 39.1; 19.9; 19.2;2126; 0.4; 0.4; 0.4;19; 23.8;B;0;-;On;On;Off; 27.6; 25.7;0;0;1647;0;1647;0;1461;1;-
2026/04/30;06:18:45;-;-; 53.08; 0.8;-; 69.3; 69.2; 40.6; 20.6; 19.9;2126; 0.5; 0.5; 0.5;26; 23.8;B;0;-;On;On;Off; 27.9; 27.3;0;0;1647;0;1647;0;1461;1;-
2026/04/30;06:19:45;-;-; 53.14; 0.8;-; 69.4; 70.5; 39.9; 22.1; 17.8;2126; 0.9; 0.7; 0.7;47; 23.8;B;0;-;On;On;Off; 28.1; 27.5;0;0;1647;0;1647;0;1461;1;-
2026/04/30;06:20:45;-;-; 53.22; 0.9;-; 69.5; 69.4; 45.6; 22.8; 22.8;2126; 1.0; 0.8; 0.8;51; 23.8;B;0;-;On;On;Off; 28.2; 27.7;0;0;1647;0;1647;0;1461;1;-
2026/04/30;06:21:45;-;-; 53.32; 0.9;-; 69.7; 69.4; 46.4; 23.6; 22.8;2126; 1.1; 0.8; 0.8;56; 23.8;B;0;-;On;On;Off; 28.3; 27.8;0;0;1647;0;1647;0;1461;1;-
2026/04/30;06:22:45;-;-; 53.38; 0.9;-; 69.6; 69.5; 48.6; 24.3; 24.3;2126; 1.2; 0.9; 0.9;61; 23.8;B;0;-;On;On;Off; 28.4; 27.9;0;0;1647;0;1647;0;1461;1;-
2026/04/30;06:23:45;-;-; 53.46; 1.0;-; 69.8; 69.5; 51.6; 25.8; 25.8;2126; 1.2; 0.9; 0.9;64; 23.8;B;0;-;On;On;Off; 28.6; 28.0;0;0;1647;0;1647;0;1461;1;-
2026/04/30;06:24:45;-;-; 53.58; 1.0;-; 69.8; 69.8; 56.1; 28.8; 27.3;2126; 1.3; 0.9; 0.9;68; 23.8;B;0;-;On;On;Off; 28.7; 28.1;0;0;1647;0;1647;0;1461;1;-
2026/04/30;06:25:45;-;-; 53.72; 1.1;-; 70.2; 70.0; 60.5; 31.0; 29.5;2126; 1.4; 1.0; 1.0;75; 23.8;B;0;-;On;On;Off; 28.8; 28.2;0;0;1647;0;1647;0;1461;1;-
2026/04/30;06:26:45;-;-; 53.85; 1.2;-; 70.2; 70.2; 62.8; 31.8; 31.1;2126; 1.6; 1.1; 1.1;84; 23.8;B;0;-;On;On;Off; 28.9; 28.3;0;0;1647;0;1647;0;1461;1;-
2026/04/30;06:27:45;-;-; 53.97; 1.2;-; 70.4; 70.3; 64.4; 32.6; 31.8;2126; 1.7; 1.1; 1.1;91; 23.8;B;0;-;On;On;Off; 29.0; 28.4;0;0;1647;0;1647;0;1461;1;-
2026/04/30;06:28:44;-;-; 54.09; 1.1;-; 70.6; 71.7; 61.0; 33.4; 27.6;2126; 1.8; 1.2; 1.2;95; 23.8;B;0;-;On;On;Off; 29.1; 28.5;0;0;1647;0;1647;0;1461;1;-
2026/04/30;06:29:44;-;-; 54.23; 1.2;-; 70.7; 70.6; 66.2; 33.5; 32.8;2126; 1.8; 1.2; 1.2;97; 23.8;B;0;-;On;On;Off; 29.2; 28.6;0;0;1647;0;1647;0;1461;1;-
2026/04/30;06:30:44;-;-; 54.29; 1.1;-; 70.9; 71.7; 59.7; 32.8; 26.9;2126; 1.9; 1.2; 1.2;98; 23.8;B;0;-;On;On;Off; 29.2; 28.7;0;0;1647;0;1647;0;1461;1;-
2026/04/30;06:31:44;-;-; 54.41; 1.2;-; 71.0; 70.9; 62.7; 32.1; 30.6;2126; 1.8; 1.2; 1.2;95; 23.8;B;0;-;On;On;Off; 29.3; 28.8;0;0;1647;0;1647;0;1461;1;-
2026/04/30;06:32:44;-;-; 54.45; 1.1;-; 71.0; 70.8; 60.6; 30.6; 29.9;2126; 1.7; 1.1; 1.1;92; 23.8;B;0;-;On;On;Off; 29.4; 28.9;0;0;1647;0;1647;0;1461;1;-
2026/04/30;06:33:44;-;-; 54.47; 1.0;-; 71.0; 70.9; 56.2; 28.5; 27.8;2126; 1.6; 1.1; 1.1;86; 23.8;B;0;-;On;On;Off; 29.5; 29.0;0;0;1647;0;1647;0;1461;1;-
2026/04/30;06:34:44;-;-; 54.47; 1.0;-; 71.1; 70.9; 52.6; 26.3; 26.3;2126; 1.5; 1.0; 1.0;81; 23.8;B;0;-;On;On;Off; 29.5; 29.0;0;0;1647;0;1647;0;1461;1;-
2026/04/30;06:35:44;-;-; 54.45; 0.9;-; 71.0; 71.0; 51.2; 25.6; 25.6;2126; 1.4; 1.0; 1.0;75; 23.7;B;0;-;On;On;Off; 29.6; 29.1;0;0;1647;0;1647;0;1461;1;-
2026/04/30;06:36:44;-;-; 54.45; 0.9;-; 71.1; 71.0; 50.4; 25.6; 24.8;2126; 1.3; 0.9; 0.9;70; 23.7;B;0;-;On;On;Off; 29.7; 29.2;0;0;1647;0;1647;0;1461;1;-
2026/04/30;06:37:44;-;-; 54.47; 1.0;-; 71.0; 70.9; 51.9; 26.3; 25.6;2126; 1.2; 0.9; 0.9;66; 23.7;B;0;-;On;On;Off; 29.7; 29.2;0;0;1647;0;1647;1;1462;1;-
2026/04/30;06:38:44;-;-; 54.51; 1.0;-; 71.1; 70.9; 52.6; 26.3; 26.3;2126; 1.2; 0.9; 0.9;66; 23.7;B;0;-;On;On;Off; 29.8; 29.3;0;0;1647;0;1647;1;1462;1;-
2026/04/30;06:39:44;-;-; 54.54; 0.7;-; 72.5; 72.3; 40.2; 20.5; 19.7;2126; 1.3; 0.9; 0.9;70; 23.7;B;0;-;On;On;Off; 29.8; 29.3;0;0;1647;0;1647;1;1462;1;-
2026/04/30;06:40:44;-;-; 54.62; 0.9;-; 72.5; 71.2; 49.1; 20.5; 28.6;2126; 1.4; 1.0; 1.0;74; 23.7;B;0;-;On;On;Off; 29.9; 29.4;0;0;1647;0;1647;1;1462;1;-
2026/04/30;06:41:44;-;-; 54.70; 1.1;-; 71.4; 71.2; 58.7; 30.1; 28.6;2126; 1.4; 1.0; 1.0;77; 23.7;B;0;-;On;On;Off; 30.0; 29.4;0;0;1647;0;1647;1;1462;1;-
2026/04/30;06:42:44;-;-; 54.78; 1.1;-; 71.4; 71.4; 60.3; 30.1; 30.1;2126; 1.5; 1.1; 1.1;82; 23.6;B;0;-;On;On;Off; 30.0; 29.5;0;0;1647;0;1647;1;1462;1;-
2026/04/30;06:43:44;-;-; 54.88; 1.1;-; 71.5; 71.4; 61.1; 30.9; 30.2;2126; 1.6; 1.1; 1.1;84; 23.6;B;0;-;On;On;Off; 30.1; 29.5;0;0;1647;0;1647;1;1462;1;-
2026/04/30;06:44:43;-;-; 54.96; 1.1;-; 71.7; 71.5; 62.7; 31.7; 30.9;2126; 1.6; 1.1; 1.1;86; 23.6;B;0;-;On;On;Off; 30.1; 29.6;0;0;1647;0;1647;1;1462;1;-
2026/04/30;06:45:43;-;-; 55.06; 1.2;-; 71.8; 71.7; 63.5; 31.8; 31.8;2126; 1.7; 1.1; 1.1;90; 23.6;B;0;-;On;On;Off; 30.2; 29.6;0;1;1648;1;1648;1;1462;1;-
2026/04/30;06:46:43;-;-; 55.18; 1.2;-; 72.0; 71.8; 64.4; 32.5; 31.8;2126; 1.7; 1.1; 1.1;91; 23.6;B;0;-;On;On;Off; 30.2; 29.7;0;1;1648;1;1648;1;1462;1;-
2026/04/30;06:47:43;-;-; 55.26; 1.2;-; 72.0; 71.8; 63.8; 31.9; 31.9;2126; 1.7; 1.1; 1.1;92; 23.6;B;0;-;On;On;Off; 30.2; 29.7;0;1;1648;1;1648;1;1462;1;-
2026/04/30;06:48:43;-;-; 55.31; 1.2;-; 72.0; 72.0; 64.6; 32.6; 31.9;2126; 1.7; 1.1; 1.1;92; 23.6;B;0;-;On;On;Off; 30.3; 29.8;0;1;1648;1;1648;1;1462;1;-
2026/04/30;06:49:43;-;-; 55.33; 1.1;-; 72.4; 72.0; 62.3; 31.2; 31.2;2126; 1.7; 1.1; 1.1;92; 23.6;B;0;-;On;On;Off; 30.3; 29.8;0;1;1648;1;1648;1;1462;1;-
2026/04/30;06:50:43;-;-; 55.29; 0.9;-; 73.6; 72.0; 48.2; 18.6; 29.7;2126; 1.7; 1.1; 1.1;90; 23.6;B;0;-;On;On;Off; 30.4; 29.9;0;1;1648;1;1648;1;1462;1;-
2026/04/30;06:51:43;-;-; 55.26; 1.0;-; 72.1; 72.1; 55.6; 28.2; 27.4;2126; 1.5; 1.0; 1.0;83; 23.5;B;0;-;On;On;Off; 30.4; 29.9;0;1;1648;1;1648;1;1462;1;-
2026/04/30;06:52:43;-;-; 55.12; 0.8;-; 72.0; 72.8; 43.6; 25.9; 17.7;2126; 1.4; 1.0; 1.0;77; 23.5;B;0;-;On;On;Off; 30.4; 29.9;0;1;1648;1;1648;1;1462;1;-
2026/04/30;06:53:43;-;-; 55.06; 0.8;-; 71.9; 71.6; 46.5; 22.9; 23.6;2126; 1.3; 0.9; 0.9;68; 23.5;B;0;-;On;On;Off; 30.5; 30.0;0;1;1648;1;1648;1;1462;1;-
2026/04/30;06:54:43;-;-; 54.96; 0.8;-; 71.6; 71.5; 43.5; 22.1; 21.4;2126; 1.1; 0.9; 0.9;60; 23.5;B;0;-;On;On;Off; 30.5; 30.0;0;1;1648;1;1648;1;1462;1;-
2026/04/30;06:55:43;-;-; 54.88; 0.8;-; 71.5; 71.5; 42.6; 21.3; 21.3;2127; 1.0; 0.8; 0.8;51; 23.5;B;0;-;On;On;Off; 30.5; 30.0;0;1;1648;1;1648;1;1462;1;-
2026/04/30;06:56:43;-;-; 54.82; 0.6;-; 72.8; 71.6; 30.9; 12.5; 18.4;2127; 0.9; 0.7; 0.7;49; 23.5;B;0;-;On;On;Off; 30.6; 30.1;0;1;1648;1;1648;1;1462;1;-
2026/04/30;06:57:43;-;-; 54.78; 0.7;-; 71.4; 71.6; 39.7; 21.3; 18.4;2127; 0.9; 0.8; 0.8;51; 23.5;B;0;-;On;On;Off; 30.6; 30.1;0;1;1648;1;1648;1;1462;1;-
2026/04/30;06:58:43;-;-; 54.76; 0.8;-; 71.4; 71.3; 42.6; 21.3; 21.3;2127; 0.9; 0.7; 0.7;49; 23.5;B;0;-;On;On;Off; 30.6; 30.1;0;1;1648;1;1648;1;1462;1;-
2026/04/30;06:59:42;-;-; 54.74; 0.8;-; 71.5; 71.3; 41.8; 21.3; 20.6;2127; 0.9; 0.8; 0.8;50; 23.5;B;0;-;On;On;Off; 30.6; 30.1;0;1;1648;1;1648;1;1462;1;-
2026/04/30;07:00:42;-;-; 54.70; 0.7;-; 71.4; 71.2; 40.3; 19.8; 20.5;2127; 0.9; 0.8; 0.8;50; 23.4;B;0;-;On;On;Off; 30.6; 30.1;0;1;1648;1;1648;1;1462;1;-
2026/04/30;07:01:42;-;-; 54.64; 0.7;-; 71.2; 71.1; 37.4; 18.3; 19.0;2127; 0.9; 0.7; 0.7;47; 23.4;B;0;-;On;On;Off; 30.7; 30.2;0;1;1648;1;1648;1;1462;1;-
2026/04/30;07:02:42;-;-; 54.54; 0.7;-; 71.2; 71.0; 35.8; 18.3; 17.5;2127; 0.8; 0.7; 0.7;41; 23.4;B;0;-;On;On;Off; 30.7; 30.2;0;1;1648;1;1648;1;1462;1;-
2026/04/30;07:03:42;-;-; 54.37; 0.0;-; 72.8; 72.8; 0.7; 0.0; 0.7;2127; 0.7; 0.6; 0.6;37; 23.4;B;0;-;On;On;Off; 29.1; 28.6;0;1;1648;1;1648;1;1462;1;-
2026/04/30;07:04:42;-;-; 54.25; 0.0;-; 72.9; 72.5; 0.7; 0.0; 0.7;2127; 0.1; 0.2; 0.2;6; 23.4;B;0;-;On;On;Off; 28.2; 27.8;0;1;1648;1;1648;1;1462;1;-
2026/04/30;07:05:42;-;-; 54.27; 0.6;-; 70.9; 70.7; 34.9; 17.4; 17.4;2127;-0.1; 0.0; 0.0;-5; 23.4;B;0;-;On;On;Off; 29.9; 29.4;0;1;1648;1;1648;1;1462;1;-
2026/04/30;07:06:42;-;-; 54.21; 0.0;-; 72.5; 72.3; 0.0; 0.0; 0.0;2127; 0.6; 0.6; 0.6;33; 23.4;B;0;-;On;On;Off; 29.8; 29.2;0;1;1648;1;1648;1;1462;1;-
2026/04/30;07:07:42;-;-; 54.11; 0.0;-; 72.5; 72.2; 1.4; 0.7; 0.7;2127; 0.3; 0.4; 0.4;17; 23.4;B;0;-;On;On;Off; 28.0; 27.6;0;1;1648;1;1648;1;1462;1;-
2026/04/30;07:08:42;-;-; 54.07; 0.6;-; 70.6; 70.5; 31.1; 15.2; 15.9;2127;-0.1; 0.0; 0.0;-5; 23.4;B;0;-;On;On;Off; 29.1; 28.7;0;1;1648;1;1648;1;1462;1;-
2026/04/30;07:09:42;-;-; 54.07; 0.5;-; 71.4; 70.4; 29.7; 13.1; 16.7;2127; 0.3; 0.4; 0.4;14; 23.4;B;0;-;On;On;Off; 29.9; 29.4;0;1;1648;1;1648;1;1462;1;-
2026/04/30;07:10:42;-;-; 53.99; 0.0;-; 72.8; 72.5; 0.7; 0.0; 0.7;2127; 0.6; 0.6; 0.6;29; 23.3;B;0;-;On;On;Off; 28.0; 27.6;0;1;1648;1;1648;1;1462;1;-
2026/04/30;07:11:42;-;-; 53.95; 0.6;-; 70.9; 71.3; 33.3; 18.1; 15.2;2127;-0.1; 0.0; 0.0;-4; 23.3;B;0;-;On;On;Off; 27.7; 27.3;0;1;1648;1;1648;1;1462;1;-
2026/04/30;07:12:42;-;-; 54.11; 0.8;-; 70.5; 70.4; 41.3; 21.0; 20.3;2127; 0.1; 0.2; 0.2;6; 23.4;B;0;-;On;On;Off; 29.5; 29.0;0;1;1648;1;1648;1;1462;1;-
2026/04/30;07:13:42;-;-; 54.17; 0.8;-; 70.7; 70.5; 40.7; 20.3; 20.3;2127; 0.9; 0.7; 0.7;48; 23.3;B;0;-;On;On;Off; 29.8; 29.3;0;1;1648;1;1648;1;1462;1;-
2026/04/30;07:14:41;-;-; 54.17; 0.6;-; 70.6; 71.8; 34.1; 20.4; 13.8;2127; 0.9; 0.7; 0.7;48; 23.3;B;0;-;On;On;Off; 29.9; 29.4;0;1;1648;1;1648;1;1462;1;-
2026/04/30;07:15:41;-;-; 54.15; 0.6;-; 71.7; 70.6; 34.1; 14.5; 19.6;2127; 0.8; 0.7; 0.7;45; 23.3;B;0;-;On;On;Off; 30.0; 29.5;0;1;1648;1;1648;1;1462;1;-
2026/04/30;07:16:41;-;-; 54.19; 0.7;-; 70.7; 70.5; 39.2; 19.6; 19.6;2127; 0.8; 0.7; 0.7;41; 23.3;B;0;-;On;On;Off; 30.1; 29.6;0;1;1648;1;1648;1;1462;1;-
2026/04/30;07:17:41;-;-; 54.17; 0.6;-; 71.7; 70.6; 32.7; 13.8; 18.9;2127; 0.8; 0.7; 0.7;41; 23.3;B;0;-;On;On;Off; 30.1; 29.6;0;1;1648;1;1648;1;1462;1;-
2026/04/30;07:18:41;-;-; 54.15; 0.7;-; 70.7; 70.6; 35.6; 18.2; 17.4;2127; 0.8; 0.7; 0.7;40; 23.3;B;0;-;On;On;Off; 30.2; 29.7;0;1;1648;1;1648;1;1462;1;-
2026/04/30;07:19:41;-;-; 53.99; 0.0;-; 72.6; 72.4; 0.7; 0.0; 0.7;2127; 0.7; 0.6; 0.6;36; 23.3;B;0;-;On;On;Off; 28.1; 27.7;0;1;1648;1;1648;1;1462;1;-
2026/04/30;07:20:41;-;-; 53.93; 0.7;-; 70.3; 70.2; 36.2; 18.1; 18.1;2127;-0.1; 0.0; 0.0;-5; 23.3;B;0;-;On;On;Off; 28.3; 27.6;0;1;1648;1;1648;1;1462;1;-
2026/04/30;07:21:41;-;-; 54.03; 0.7;-; 70.5; 70.4; 37.0; 18.1; 18.8;2127; 0.1; 0.2; 0.2;7; 23.3;B;0;-;On;On;Off; 29.7; 29.2;0;1;1648;1;1648;1;1462;1;-
2026/04/30;07:22:41;-;-; 53.91; 0.0;-; 72.9; 72.5; 0.7; 0.0; 0.7;2127; 0.7; 0.7; 0.7;37; 23.3;B;0;-;On;On;Off; 28.3; 27.9;0;1;1648;1;1648;1;1462;1;-
2026/04/30;07:23:41;-;-; 53.83; 0.0;-; 72.7; 72.6; 0.7; 0.0; 0.7;2127; 0.2; 0.2; 0.2;10; 23.3;B;0;-;On;On;Off; 27.5; 27.1;0;1;1648;1;1648;1;1462;1;-
2026/04/30;07:24:41;-;-; 53.97; 0.6;-; 70.4; 71.5; 34.0; 20.3; 13.7;2127;-0.1; 0.0; 0.0;-5; 23.3;B;0;-;On;On;Off; 29.2; 28.7;0;1;1648;1;1648;1;1462;1;-
2026/04/30;07:25:41;-;-; 54.05; 0.7;-; 70.6; 70.3; 39.1; 19.5; 19.5;2127; 0.8; 0.7; 0.7;41; 23.3;B;0;-;On;On;Off; 29.6; 29.1;0;1;1648;1;1648;1;1462;1;-
2026/04/30;07:26:41;-;-; 54.07; 0.7;-; 70.6; 70.4; 37.0; 18.8; 18.1;2127; 0.8; 0.7; 0.7;43; 23.3;B;0;-;On;On;Off; 29.8; 29.3;0;1;1648;1;1648;1;1462;1;-
2026/04/30;07:27:41;-;-; 54.07; 0.6;-; 70.6; 71.4; 34.1; 19.5; 14.5;2127; 0.8; 0.7; 0.7;41; 23.3;B;0;-;On;On;Off; 29.9; 29.4;0;1;1648;1;1648;1;1462;1;-
2026/04/30;07:28:41;-;-; 54.13; 0.7;-; 71.7; 70.5; 35.6; 15.2; 20.3;2127; 0.8; 0.7; 0.7;41; 23.3;B;0;-;On;On;Off; 30.0; 29.5;0;1;1648;1;1648;1;1462;1;-
2026/04/30;07:29:40;-;-; 54.17; 0.7;-; 70.7; 70.6; 39.9; 20.3; 19.6;2127; 0.9; 0.7; 0.7;45; 23.3;B;0;-;On;On;Off; 30.1; 29.5;0;1;1648;1;1648;1;1462;1;-
2026/04/30;07:30:40;-;-; 54.17; 0.6;-; 70.6; 71.8; 33.4; 20.3; 13.1;2127; 0.9; 0.7; 0.7;47; 23.4;B;0;-;On;On;Off; 30.1; 29.6;0;1;1648;1;1648;1;1462;1;-
2026/04/30;07:31:40;-;-; 54.17; 0.6;-; 71.9; 70.5; 33.4; 13.8; 19.6;2127; 0.8; 0.7; 0.7;45; 23.4;B;0;-;On;On;Off; 30.2; 29.7;0;1;1648;1;1648;1;1462;1;-
2026/04/30;07:32:40;-;-; 54.25; 0.8;-; 70.9; 70.6; 40.7; 20.4; 20.4;2127; 0.8; 0.7; 0.7;45; 23.4;B;0;-;On;On;Off; 30.2; 29.7;0;1;1648;1;1648;1;1462;1;-
2026/04/30;07:33:40;-;-; 54.25; 0.7;-; 70.9; 70.7; 40.0; 19.6; 20.4;2127; 0.9; 0.7; 0.7;47; 23.4;B;0;-;On;On;Off; 30.3; 29.8;0;1;1648;1;1648;1;1462;1;-
2026/04/30;07:34:40;-;-; 54.23; 0.7;-; 70.8; 70.6; 39.2; 19.6; 19.6;2127; 0.9; 0.7; 0.7;46; 23.4;B;0;-;On;On;Off; 30.3; 29.8;0;1;1648;1;1648;1;1462;1;-
2026/04/30;07:35:40;-;-; 54.27; 0.7;-; 70.8; 70.7; 40.0; 19.6; 20.4;2127; 0.8; 0.7; 0.7;42; 23.4;B;0;-;On;On;Off; 30.4; 29.9;0;1;1648;1;1648;1;1462;1;-
2026/04/30;07:36:40;-;-; 54.29; 0.7;-; 71.8; 70.7; 35.7; 15.3; 20.4;2127; 0.8; 0.7; 0.7;44; 23.4;B;0;-;On;On;Off; 30.4; 29.9;0;1;1648;1;1648;1;1462;1;-
2026/04/30;07:37:40;-;-; 54.33; 0.7;-; 71.0; 70.7; 40.0; 20.4; 19.6;2127; 0.9; 0.7; 0.7;46; 23.4;B;0;-;On;On;Off; 30.5; 30.0;0;1;1648;1;1648;1;1462;1;-
2026/04/30;07:38:40;-;-; 54.35; 0.8;-; 70.8; 70.7; 40.8; 20.4; 20.4;2127; 0.9; 0.7; 0.7;46; 23.4;B;0;-;On;On;Off; 30.5; 30.0;0;1;1648;1;1648;1;1462;1;-
2026/04/30;07:39:40;-;-; 54.39; 0.7;-; 70.9; 72.1; 35.7; 21.1; 14.6;2127; 0.9; 0.7; 0.7;46; 23.4;B;0;-;On;On;Off; 30.5; 30.0;0;1;1648;1;1648;1;1462;1;-
2026/04/30;07:40:40;-;-; 54.45; 0.8;-; 71.0; 70.9; 44.5; 22.6; 21.9;2127; 0.9; 0.8; 0.8;49; 23.4;B;0;-;On;On;Off; 30.6; 30.1;0;1;1648;1;1648;1;1462;1;-
2026/04/30;07:41:40;-;-; 54.51; 0.8;-; 71.1; 70.9; 45.3; 22.7; 22.7;2127; 1.0; 0.8; 0.8;52; 23.4;B;0;-;On;On;Off; 30.6; 30.1;0;1;1648;1;1648;1;1462;1;-
2026/04/30;07:42:40;-;-; 54.60; 0.9;-; 71.3; 71.0; 46.8; 23.4; 23.4;2127; 1.0; 0.8; 0.8;54; 23.4;B;0;-;On;On;Off; 30.6; 30.1;0;1;1648;1;1648;1;1462;1;-
2026/04/30;07:43:40;-;-; 54.62; 0.7;-; 71.3; 72.3; 38.1; 22.7; 15.4;2127; 1.1; 0.8; 0.8;56; 23.5;B;0;-;On;On;Off; 30.7; 30.2;0;1;1648;1;1648;1;1462;1;-
2026/04/30;07:44:39;-;-; 54.66; 0.8;-; 71.3; 71.2; 44.7; 22.7; 22.0;2127; 1.1; 0.8; 0.8;56; 23.5;B;0;-;On;On;Off; 30.7; 30.2;0;1;1648;1;1648;1;1462;1;-
2026/04/30;07:45:39;-;-; 54.66; 0.8;-; 71.3; 71.3; 44.7; 22.7; 22.0;2127; 1.0; 0.8; 0.8;55; 23.5;B;0;-;On;On;Off; 30.7; 30.2;0;1;1648;1;1648;1;1462;1;-
2026/04/30;07:46:39;-;-; 54.68; 0.7;-; 71.2; 72.5; 36.6; 22.7; 13.9;2127; 1.0; 0.8; 0.8;52; 23.5;B;0;-;On;On;Off; 30.8; 30.3;0;1;1648;1;1648;1;1462;1;-
2026/04/30;07:47:39;-;-; 54.76; 0.8;-; 71.4; 71.3; 46.2; 23.5; 22.8;2127; 1.0; 0.8; 0.8;51; 23.5;B;0;-;On;On;Off; 30.8; 30.3;0;1;1648;1;1648;1;1462;1;-
2026/04/30;07:48:39;-;-; 54.86; 0.7;-; 71.6; 72.7; 39.0; 24.3; 14.7;2127; 1.0; 0.8; 0.8;56; 23.5;B;0;-;On;On;Off; 30.8; 30.3;0;1;1648;1;1648;1;1462;1;-
2026/04/30;07:49:39;-;-; 55.04; 0.8;-; 71.8; 72.0; 45.0; 25.1; 19.9;2127; 1.1; 0.8; 0.8;58; 23.5;B;0;-;On;On;Off; 30.9; 30.3;0;1;1648;1;1648;1;1462;1;-
2026/04/30;07:50:39;-;-; 55.18; 0.9;-; 72.0; 71.8; 50.3; 25.1; 25.1;2127; 1.2; 0.9; 0.9;62; 23.5;B;0;-;On;On;Off; 30.9; 30.4;0;1;1648;1;1648;1;1462;1;-
2026/04/30;07:51:39;-;-; 55.26; 0.9;-; 72.0; 71.9; 50.4; 25.2; 25.2;2127; 1.2; 0.9; 0.9;63; 23.5;B;0;-;On;On;Off; 30.9; 30.4;0;1;1648;1;1648;1;1462;1;-
2026/04/30;07:52:39;-;-; 55.35; 0.7;-; 72.2; 73.4; 39.3; 25.2; 14.1;2127; 1.2; 0.9; 0.9;63; 23.5;B;0;-;On;On;Off; 30.9; 30.4;0;1;1648;1;1648;1;1462;1;-
2026/04/30;07:53:39;-;-; 55.43; 0.7;-; 73.6; 72.2; 37.9; 13.4; 24.5;2127; 1.2; 0.9; 0.9;62; 23.5;B;0;-;On;On;Off; 31.0; 30.5;0;1;1648;1;1648;1;1462;1;-
2026/04/30;07:54:39;-;-; 55.43; 0.9;-; 72.4; 72.1; 48.3; 23.8; 24.5;2127; 1.2; 0.9; 0.9;63; 23.5;B;0;-;On;On;Off; 31.0; 30.5;0;1;1648;1;1648;1;1462;1;-
2026/04/30;07:55:39;-;-; 55.39; 0.9;-; 72.1; 72.1; 48.3; 24.5; 23.8;2128; 1.1; 0.8; 0.8;59; 23.5;B;0;-;On;On;Off; 31.0; 30.5;0;1;1648;1;1648;1;1462;1;-
2026/04/30;07:56:39;-;-; 55.65; 0.9;-; 72.6; 72.3; 52.3; 26.1; 26.1;2128; 1.1; 0.8; 0.8;58; 23.5;B;0;-;On;On;Off; 31.1; 30.5;0;1;1648;1;1648;1;1462;1;-
2026/04/30;07:57:39;-;-; 55.91; 0.9;-; 72.9; 72.8; 52.5; 27.0; 25.5;2128; 1.2; 0.9; 0.9;63; 23.5;B;0;-;On;On;Off; 31.1; 30.5;0;1;1648;1;1648;1;1462;1;-
2026/04/30;07:58:39;-;-; 56.18; 1.0;-; 73.3; 73.1; 54.2; 27.1; 27.1;2128; 1.2; 0.9; 0.9;65; 23.5;B;0;-;On;On;Off; 31.1; 30.6;0;1;1648;1;1648;1;1462;1;-
2026/04/30;07:59:38;-;-; 56.46; 0.6;-; 74.9; 73.6; 36.4; 9.8; 26.5;2128; 1.2; 0.9; 0.9;66; 23.5;B;0;-;On;On;Off; 31.1; 30.6;0;1;1648;1;1648;2;1463;1;-
2026/04/30;08:00:38;-;-; 56.79; 1.0;-; 74.2; 73.8; 56.3; 28.2; 28.2;2128; 1.2; 0.9; 0.9;67; 23.5;B;0;-;On;On;Off; 31.2; 30.7;0;1;1648;1;1648;2;1463;1;-
2026/04/30;08:01:38;-;-; 56.97; 1.0;-; 74.5; 74.3; 55.7; 28.2; 27.5;2128; 1.2; 0.9; 0.9;68; 23.5;B;0;-;On;On;Off; 31.2; 30.7;0;1;1648;1;1648;2;1463;1;-
2026/04/30;08:02:38;-;-; 57.05; 1.0;-; 74.4; 74.4; 55.1; 27.5; 27.5;2128; 1.2; 0.9; 0.9;69; 23.5;B;0;-;On;On;Off; 31.3; 30.7;0;1;1648;1;1648;2;1463;1;-
2026/04/30;08:03:38;-;-; 56.97; 0.9;-; 74.5; 74.3; 52.7; 26.8; 26.0;2128; 1.2; 0.9; 0.9;66; 23.5;B;0;-;On;On;Off; 31.3; 30.8;0;1;1648;1;1648;2;1463;1;-
2026/04/30;08:04:38;-;-; 57.03; 1.0;-; 74.4; 74.3; 54.3; 26.8; 27.5;2128; 1.2; 0.9; 0.9;65; 23.5;B;0;-;On;On;Off; 31.3; 30.8;0;1;1648;1;1648;2;1463;1;-
2026/04/30;08:05:38;-;-; 57.29; 0.9;-; 74.7; 74.5; 52.2; 24.6; 27.7;2128; 1.2; 0.9; 0.9;64; 23.5;B;0;-;On;On;Off; 31.4; 30.8;0;1;1648;1;1648;2;1463;1;-
2026/04/30;08:06:38;-;-; 57.29; 1.0;-; 74.7; 74.7; 56.1; 27.7; 28.4;2128; 1.1; 0.9; 0.9;64; 23.5;B;0;-;On;On;Off; 31.4; 30.8;0;1;1648;1;1648;2;1463;1;-
2026/04/30;08:07:38;-;-; 57.27; 1.0;-; 74.7; 74.6; 55.3; 28.4; 26.9;2128; 1.1; 0.9; 0.9;63; 23.5;B;0;-;On;On;Off; 31.4; 30.9;0;2;1649;2;1649;2;1463;1;-
2026/04/30;08:08:38;-;-; 57.11; 0.9;-; 74.5; 74.4; 53.6; 27.6; 26.0;2128; 1.1; 0.9; 0.9;61; 23.5;B;0;-;On;On;Off; 31.4; 30.9;0;2;1649;2;1649;2;1463;1;-
2026/04/30;08:09:38;-;-; 56.89; 0.9;-; 74.1; 74.2; 49.6; 25.2; 24.4;2128; 1.0; 0.8; 0.8;58; 23.5;B;0;-;On;On;Off; 31.4; 30.9;0;2;1649;2;1649;2;1463;1;-
2026/04/30;08:10:38;-;-; 56.74; 0.9;-; 74.0; 73.8; 48.7; 25.1; 23.6;2128; 1.0; 0.8; 0.8;55; 23.5;B;0;-;On;On;Off; 31.4; 30.9;0;2;1649;2;1649;2;1463;1;-
2026/04/30;08:11:38;-;-; 56.62; 0.8;-; 73.6; 73.7; 47.8; 24.3; 23.5;2128; 1.0; 0.8; 0.8;54; 23.5;B;0;-;On;On;Off; 31.4; 30.9;0;2;1649;2;1649;2;1463;1;-
2026/04/30;08:12:38;-;-; 56.56; 0.8;-; 73.6; 73.7; 47.0; 23.5; 23.5;2128; 1.0; 0.8; 0.8;53; 23.5;B;0;-;On;On;Off; 31.4; 30.9;0;2;1649;2;1649;2;1463;1;-
2026/04/30;08:13:38;-;-; 56.62; 0.8;-; 73.8; 73.6; 47.1; 23.5; 23.5;2128; 0.9; 0.8; 0.8;52; 23.5;B;0;-;On;On;Off; 31.5; 30.9;0;2;1649;2;1649;2;1463;1;-
2026/04/30;08:14:37;-;-; 56.77; 0.8;-; 74.0; 73.8; 47.2; 24.3; 22.9;2128; 0.9; 0.8; 0.8;51; 23.5;B;0;-;On;On;Off; 31.5; 30.9;0;2;1649;2;1649;2;1463;1;-
2026/04/30;08:15:37;-;-; 56.81; 0.8;-; 74.1; 74.0; 46.5; 22.9; 23.6;2128; 0.9; 0.8; 0.8;51; 23.5;B;0;-;On;On;Off; 31.5; 31.0;0;2;1649;2;1649;2;1463;1;-
2026/04/30;08:16:37;-;-; 56.97; 0.8;-; 74.5; 74.4; 47.4; 24.4; 22.9;2128; 0.9; 0.8; 0.8;51; 23.5;B;0;-;On;On;Off; 31.5; 31.0;0;2;1649;2;1649;2;1463;1;-
2026/04/30;08:17:37;-;-; 57.23; 0.8;-; 74.7; 74.6; 46.1; 23.0; 23.0;2128; 0.9; 0.8; 0.8;51; 23.5;B;0;-;On;On;Off; 31.5; 31.0;0;2;1649;2;1649;2;1463;1;-
2026/04/30;08:18:37;-;-; 57.49; 0.9;-; 75.0; 74.8; 49.3; 24.6; 24.6;2128; 0.9; 0.8; 0.8;51; 23.5;B;0;-;On;On;Off; 31.6; 31.0;0;2;1649;2;1649;2;1463;1;-
2026/04/30;08:19:37;-;-; 57.60; 0.7;-; 75.1; 76.0; 41.7; 33.2; 8.5;2128; 0.9; 0.8; 0.8;52; 23.5;B;0;-;On;On;Off; 31.6; 31.1;0;2;1649;2;1649;2;1463;1;-
2026/04/30;08:20:37;-;-; 57.62; 0.8;-; 76.4; 75.6; 44.0; 13.9; 30.1;2128; 0.9; 0.8; 0.8;50; 23.5;B;0;-;On;On;Off; 31.6; 31.1;0;2;1649;2;1649;2;1463;1;-
2026/04/30;08:21:37;-;-; 57.60; 0.7;-; 75.6; 76.7; 41.7; 36.3; 5.4;2128; 0.9; 0.8; 0.8;50; 23.4;B;0;-;On;On;Off; 31.6; 31.1;0;2;1649;2;1649;2;1463;1;-
2026/04/30;08:22:37;-;-; 57.60; 0.7;-; 75.1; 76.5; 37.8; 36.3; 1.5;2128; 0.9; 0.7; 0.7;49; 23.4;B;0;-;On;On;Off; 31.7; 31.1;0;2;1649;2;1649;2;1463;1;-
2026/04/30;08:23:37;-;-; 57.60; 0.8;-; 75.4; 75.4; 44.8; 23.9; 20.8;2128; 0.9; 0.7; 0.7;48; 23.4;B;0;-;On;On;Off; 31.7; 31.1;0;2;1649;2;1649;2;1463;1;-
2026/04/30;08:24:37;-;-; 57.60; 0.6;-; 75.1; 75.8; 37.1; 25.5; 11.6;2128; 0.9; 0.7; 0.7;48; 23.4;B;0;-;On;On;Off; 31.7; 31.2;0;2;1649;2;1649;2;1463;1;-
2026/04/30;08:25:37;-;-; 57.62; 0.8;-; 75.3; 75.1; 44.0; 20.8; 23.2;2128; 0.8; 0.7; 0.7;47; 23.4;B;0;-;On;On;Off; 31.7; 31.2;0;2;1649;2;1649;2;1463;1;-
2026/04/30;08:26:37;-;-; 57.60; 0.7;-; 75.9; 75.1; 37.8; 13.1; 24.7;2128; 0.8; 0.7; 0.7;47; 23.4;B;0;-;On;On;Off; 31.7; 31.2;0;2;1649;2;1649;2;1463;1;-
2026/04/30;08:27:37;-;-; 57.60; 0.6;-; 75.3; 75.5; 37.0; 23.9; 13.1;2128; 0.8; 0.7; 0.7;46; 23.4;B;0;-;On;On;Off; 31.7; 31.2;0;2;1649;2;1649;2;1463;1;-
2026/04/30;08:28:37;-;-; 57.60; 0.7;-; 75.2; 75.1; 41.0; 21.6; 19.3;2128; 0.8; 0.7; 0.7;46; 23.4;B;0;-;On;On;Off; 31.7; 31.2;0;2;1649;2;1649;2;1463;1;-
2026/04/30;08:29:37;-;-; 57.47; 0.0;-; 76.4; 76.2; 0.0; 0.0; 0.0;2128; 0.8; 0.7; 0.7;45; 23.4;B;0;-;On;On;Off; 31.7; 31.2;0;2;1649;2;1649;2;1463;1;-
2026/04/30;08:30:36;-;-; 57.27; 0.2;-; 76.0; 75.0; 13.8; 0.0; 13.8;2128; 0.8; 0.7; 0.7;44; 23.4;B;0;-;On;On;Off; 31.7; 31.2;0;2;1649;2;1649;2;1463;1;-
2026/04/30;08:31:36;-;-; 57.60; 0.7;-; 75.5; 75.1; 38.6; 16.2; 22.4;2128; 0.8; 0.7; 0.7;43; 23.4;B;0;-;On;On;Off; 31.7; 31.2;0;2;1649;2;1649;2;1463;1;-
2026/04/30;08:32:36;-;-; 57.56; 1.0;-; 75.0; 74.9; 57.1; 29.3; 27.8;2128; 0.8; 0.7; 0.7;44; 23.3;B;0;-;On;On;Off; 31.8; 31.2;0;2;1649;2;1649;2;1463;1;-
2026/04/30;08:33:36;-;-; 57.60; 0.7;-; 75.2; 75.6; 39.4; 23.2; 16.2;2128; 0.8; 0.7; 0.7;43; 23.3;B;0;-;On;On;Off; 31.8; 31.2;0;2;1649;2;1649;2;1463;1;-
2026/04/30;08:34:36;-;-; 57.60; 0.6;-; 75.3; 76.3; 34.7; 33.2; 1.5;2128; 0.8; 0.7; 0.7;43; 23.3;B;0;-;On;On;Off; 31.8; 31.3;0;2;1649;2;1649;2;1463;1;-
2026/04/30;08:35:36;-;-; 57.60; 0.7;-; 76.1; 76.2; 39.4; 30.1; 9.2;2128; 0.8; 0.7; 0.7;42; 23.3;B;0;-;On;On;Off; 31.8; 31.3;0;2;1649;2;1649;2;1463;1;-
2026/04/30;08:36:36;-;-; 57.60; 0.7;-; 75.6; 77.1; 42.5; 42.5; 0.0;2128; 0.8; 0.7; 0.7;42; 23.3;B;0;-;On;On;Off; 31.8; 31.3;0;2;1649;2;1649;2;1463;1;-
2026/04/30;08:37:36;-;-; 57.60; 0.8;-; 75.7; 77.0; 47.9; 47.9; 0.0;2128; 0.7; 0.7; 0.7;42; 23.3;B;0;-;On;On;Off; 31.8; 31.3;0;2;1649;2;1649;2;1463;1;-
2026/04/30;08:38:36;-;-; 57.60; 0.7;-; 75.5; 77.0; 39.3; 30.1; 9.2;2128; 0.7; 0.7; 0.7;41; 23.3;B;0;-;On;On;Off; 31.8; 31.3;0;2;1649;2;1649;2;1463;1;-
2026/04/30;08:39:36;-;-; 57.60; 0.9;-; 75.1; 77.3; 52.5; 52.5; 0.0;2128; 0.7; 0.7; 0.7;42; 23.3;B;0;-;On;On;Off; 31.8; 31.3;0;2;1649;2;1649;2;1463;1;-
2026/04/30;08:40:36;-;-; 57.62; 0.8;-; 77.0; 75.9; 44.8; 0.0; 44.8;2128; 0.7; 0.7; 0.7;41; 23.3;B;0;-;On;On;Off; 31.9; 31.3;0;2;1649;2;1649;2;1463;1;-
2026/04/30;08:41:36;-;-; 57.62; 0.7;-; 76.6; 76.2; 40.2; 5.4; 34.8;2128; 0.7; 0.7; 0.7;41; 23.3;B;0;-;On;On;Off; 31.9; 31.4;0;2;1649;2;1649;2;1463;1;-
2026/04/30;08:42:36;-;-; 57.60; 0.8;-; 76.0; 76.7; 44.8; 44.8; 0.0;2128; 0.7; 0.7; 0.7;41; 23.3;B;0;-;On;On;Off; 31.9; 31.4;0;2;1649;2;1649;2;1463;1;-
2026/04/30;08:43:36;-;-; 57.62; 0.9;-; 76.8; 75.0; 49.5; 0.0; 49.5;2128; 0.7; 0.7; 0.7;41; 23.2;B;0;-;On;On;Off; 31.9; 31.4;0;2;1649;2;1649;2;1463;1;-
2026/04/30;08:44:36;-;-; 57.60; 0.6;-; 76.5; 75.0; 35.5; 0.0; 35.5;2128; 0.7; 0.7; 0.7;40; 23.2;B;0;-;On;On;Off; 31.9; 31.4;0;2;1649;2;1649;2;1463;1;-
2026/04/30;08:45:35;-;-; 57.60; 0.6;-; 75.8; 75.0; 34.0; 15.5; 18.5;2128; 0.7; 0.7; 0.7;40; 23.2;B;0;-;On;On;Off; 31.9; 31.3;0;2;1649;2;1649;2;1463;1;-
2026/04/30;08:46:35;-;-; 57.60; 0.7;-; 75.4; 75.0; 38.6; 17.8; 20.8;2128; 0.7; 0.7; 0.7;40; 23.2;B;0;-;On;On;Off; 31.9; 31.4;0;2;1649;2;1649;2;1463;1;-
2026/04/30;08:47:35;-;-; 57.60; 0.7;-; 75.3; 75.0; 37.9; 18.5; 19.3;2128; 0.7; 0.7; 0.7;41; 23.2;B;0;-;On;On;Off; 31.9; 31.4;0;2;1649;2;1649;2;1463;1;-
2026/04/30;08:48:35;-;-; 57.60; 0.7;-; 75.8; 74.9; 40.2; 18.5; 21.6;2128; 0.7; 0.7; 0.7;40; 23.2;B;0;-;On;On;Off; 31.9; 31.4;0;2;1649;2;1649;2;1463;1;-
2026/04/30;08:49:35;-;-; 57.60; 0.7;-; 76.2; 75.0; 39.4; 7.7; 31.7;2128; 0.7; 0.7; 0.7;40; 23.3;B;0;-;On;On;Off; 31.9; 31.4;0;2;1649;2;1649;2;1463;1;-
2026/04/30;08:50:35;-;-; 57.62; 0.7;-; 75.7; 75.8; 42.5; 18.5; 23.9;2128; 0.7; 0.7; 0.7;40; 23.3;B;0;-;On;On;Off; 31.9; 31.4;0;2;1649;2;1649;2;1463;1;-
2026/04/30;08:51:35;-;-; 57.60; 0.6;-; 75.9; 76.1; 33.2; 16.2; 17.0;2128; 0.7; 0.7; 0.7;40; 23.3;B;0;-;On;On;Off; 31.9; 31.4;0;2;1649;2;1649;2;1463;1;-
2026/04/30;08:52:35;-;-; 57.60; 0.6;-; 76.5; 75.2; 35.5; 5.4; 30.1;2128; 0.7; 0.7; 0.7;39; 23.3;B;0;-;On;On;Off; 31.9; 31.4;0;2;1649;2;1649;2;1463;1;-
2026/04/30;08:53:35;-;-; 57.62; 0.6;-; 75.7; 75.8; 37.1; 19.3; 17.8;2128; 0.7; 0.7; 0.7;39; 23.3;B;0;-;On;On;Off; 31.9; 31.4;0;2;1649;2;1649;2;1463;1;-
2026/04/30;08:54:35;-;-; 57.60; 0.6;-; 76.4; 75.1; 36.3; 0.8; 35.5;2128; 0.7; 0.7; 0.7;38; 23.3;B;0;-;On;On;Off; 31.9; 31.4;0;2;1649;2;1649;2;1463;1;-
2026/04/30;08:55:35;-;-; 57.60; 0.7;-; 76.0; 75.5; 40.2; 13.1; 27.1;2129; 0.7; 0.7; 0.7;38; 23.3;B;0;-;On;On;Off; 31.9; 31.4;0;2;1649;2;1649;2;1463;1;-
2026/04/30;08:56:35;-;-; 57.60; 0.6;-; 76.8; 75.0; 33.9; 1.5; 32.4;2129; 0.7; 0.7; 0.7;37; 23.3;B;0;-;On;On;Off; 32.0; 31.4;0;2;1649;2;1649;2;1463;1;-
2026/04/30;08:57:35;-;-; 57.62; 0.6;-; 76.1; 75.5; 37.1; 13.9; 23.2;2129; 0.7; 0.7; 0.7;38; 23.3;B;0;-;On;On;Off; 32.0; 31.4;0;2;1649;2;1649;2;1463;1;-
2026/04/30;08:58:35;-;-; 57.60; 0.6;-; 75.3; 76.5; 36.3; 35.5; 0.8;2129; 0.7; 0.6; 0.6;38; 23.3;B;0;-;On;On;Off; 32.0; 31.4;0;2;1649;2;1649;2;1463;1;-
2026/04/30;08:59:35;-;-; 57.62; 0.7;-; 76.9; 75.2; 40.2; 5.4; 34.8;2129; 0.7; 0.6; 0.6;37; 23.3;B;0;-;On;On;Off; 32.0; 31.5;0;2;1649;2;1649;2;1463;1;-
2026/04/30;09:00:34;-;-; 57.60; 0.9;-; 75.1; 77.1; 54.1; 54.1; 0.0;2129; 0.7; 0.6; 0.6;38; 23.3;B;0;-;On;On;Off; 32.0; 31.5;0;2;1649;2;1649;2;1463;1;-
2026/04/30;09:01:34;-;-; 57.60; 1.0;-; 75.1; 77.2; 55.6; 55.6; 0.0;2129; 0.7; 0.6; 0.6;38; 23.3;B;0;-;On;On;Off; 32.0; 31.5;0;2;1649;2;1649;2;1463;1;-
2026/04/30;09:02:34;-;-; 57.62; 1.0;-; 77.8; 75.1; 57.2; 0.0; 57.2;2129; 0.7; 0.6; 0.6;37; 23.3;B;0;-;On;On;Off; 32.0; 31.5;0;2;1649;2;1649;2;1463;1;-
2026/04/30;09:03:34;-;-; 57.62; 0.9;-; 75.9; 77.0; 50.3; 50.3; 0.0;2129; 0.7; 0.6; 0.6;37; 23.3;B;0;-;On;On;Off; 32.0; 31.5;0;2;1649;2;1649;2;1463;1;-
2026/04/30;09:04:34;-;-; 57.62; 1.0;-; 76.0; 77.2; 56.4; 56.4; 0.0;2129; 0.7; 0.6; 0.6;36; 23.4;B;0;-;On;On;Off; 32.0; 31.5;0;2;1649;2;1649;2;1463;1;-
2026/04/30;09:05:34;-;-; 57.62; 0.8;-; 77.2; 76.0; 43.3; 0.0; 43.3;2129; 0.7; 0.6; 0.6;36; 23.4;B;0;-;On;On;Off; 32.0; 31.5;0;2;1649;2;1649;2;1463;1;-
2026/04/30;09:06:34;-;-; 57.62; 0.6;-; 76.2; 77.4; 35.5; 34.8; 0.8;2129; 0.6; 0.6; 0.6;36; 23.4;B;0;-;On;On;Off; 32.0; 31.5;0;2;1649;2;1649;2;1463;1;-
2026/04/30;09:07:34;-;-; 57.60; 1.0;-; 76.6; 78.2; 54.9; 54.9; 0.0;2129; 0.6; 0.6; 0.6;36; 23.4;B;0;-;On;On;Off; 32.0; 31.6;0;2;1649;2;1649;2;1463;1;-
2026/04/30;09:08:34;-;-; 57.62; 0.9;-; 76.7; 78.1; 53.3; 53.3; 0.0;2129; 0.6; 0.6; 0.6;36; 23.4;B;0;-;On;On;Off; 32.1; 31.5;0;2;1649;2;1649;2;1463;1;-
2026/04/30;09:09:34;-;-; 57.60; 0.9;-; 76.8; 77.7; 50.3; 50.3; 0.0;2129; 0.6; 0.6; 0.6;35; 23.4;B;0;-;On;On;Off; 32.1; 31.6;0;2;1649;2;1649;2;1463;1;-
2026/04/30;09:10:34;-;-; 57.62; 0.6;-; 76.9; 76.7; 34.7; 22.4; 12.3;2129; 0.6; 0.6; 0.6;36; 23.4;B;0;-;On;On;Off; 32.1; 31.6;0;2;1649;2;1649;2;1463;1;-
2026/04/30;09:11:34;-;-; 57.62; 0.6;-; 78.0; 76.2; 36.3; 6.9; 29.4;2129; 0.6; 0.6; 0.6;36; 23.4;B;0;-;On;On;Off; 32.1; 31.6;0;2;1649;2;1649;2;1463;1;-
2026/04/30;09:12:34;-;-; 57.62; 0.9;-; 77.7; 75.8; 51.8; 0.0; 51.8;2129; 0.6; 0.6; 0.6;35; 23.4;B;0;-;On;On;Off; 32.1; 31.6;0;2;1649;2;1649;2;1463;1;-
2026/04/30;09:13:34;-;-; 57.62; 0.6;-; 77.0; 76.3; 35.5; 13.9; 21.6;2129; 0.6; 0.6; 0.6;35; 23.4;B;0;-;On;On;Off; 32.1; 31.6;0;2;1649;2;1649;2;1463;1;-
2026/04/30;09:14:33;-;-; 57.62; 0.9;-; 77.7; 76.4; 51.0; 0.0; 51.0;2129; 0.6; 0.6; 0.6;35; 23.4;B;0;-;On;On;Off; 32.1; 31.6;0;2;1649;2;1649;2;1463;1;-
2026/04/30;09:15:33;-;-; 57.62; 0.6;-; 78.0; 76.9; 34.0; 21.6; 12.3;2129; 0.6; 0.6; 0.6;35; 23.5;B;0;-;On;On;Off; 32.1; 31.6;0;2;1649;2;1649;2;1463;1;-
2026/04/30;09:16:33;-;-; 57.60; 0.6;-; 78.3; 77.7; 37.1; 37.1; 0.0;2129; 0.6; 0.6; 0.6;35; 23.5;B;0;-;On;On;Off; 32.2; 31.7;0;2;1649;2;1649;2;1463;1;-
2026/04/30;09:17:33;-;-; 57.62; 0.7;-; 77.7; 77.9; 42.5; 42.5; 0.0;2129; 0.6; 0.6; 0.6;35; 23.5;B;0;-;On;On;Off; 32.2; 31.7;0;2;1649;2;1649;2;1463;1;-
2026/04/30;09:18:33;-;-; 57.62; 0.7;-; 77.0; 77.8; 42.5; 42.5; 0.0;2129; 0.6; 0.6; 0.6;34; 23.5;B;0;-;On;On;Off; 32.2; 31.7;0;2;1649;2;1649;2;1463;1;-
2026/04/30;09:19:33;-;-; 57.62; 1.0;-; 76.4; 78.0; 60.3; 60.3; 0.0;2129; 0.6; 0.6; 0.6;35; 23.5;B;0;-;On;On;Off; 32.2; 31.7;0;2;1649;2;1649;2;1463;1;-
2026/04/30;09:20:33;-;-; 57.62; 0.9;-; 77.4; 76.6; 54.1; 0.0; 54.1;2129; 0.6; 0.6; 0.6;35; 23.5;B;0;-;On;On;Off; 32.2; 31.7;0;2;1649;2;1649;2;1463;1;-
2026/04/30;09:21:33;-;-; 57.62; 1.0;-; 76.0; 77.6; 59.5; 59.5; 0.0;2129; 0.6; 0.6; 0.6;36; 23.5;B;0;-;On;On;Off; 32.2; 31.7;0;2;1649;2;1649;2;1463;1;-
2026/04/30;09:22:33;-;-; 57.62; 0.8;-; 77.1; 76.0; 47.9; 0.0; 47.9;2129; 0.6; 0.6; 0.6;36; 23.5;B;0;-;On;On;Off; 32.2; 31.7;0;2;1649;2;1649;2;1463;1;-
2026/04/30;09:23:33;-;-; 57.62; 0.7;-; 76.6; 76.5; 37.9; 0.8; 37.1;2129; 0.6; 0.6; 0.6;36; 23.4;B;0;-;On;On;Off; 32.2; 31.7;0;2;1649;2;1649;2;1463;1;-
2026/04/30;09:24:33;-;-; 57.62; 1.0;-; 75.8; 77.2; 59.5; 59.5; 0.0;2129; 0.6; 0.6; 0.6;36; 23.5;B;0;-;On;On;Off; 32.2; 31.7;0;2;1649;2;1649;3;1464;1;-
2026/04/30;09:25:33;-;-; 57.62; 0.6;-; 75.8; 77.2; 33.9; 28.6; 5.4;2129; 0.6; 0.6; 0.6;35; 23.4;B;0;-;On;On;Off; 32.3; 31.7;0;2;1649;2;1649;3;1464;1;-
2026/04/30;09:26:33;-;-; 57.62; 0.6;-; 76.1; 77.1; 34.0; 31.7; 2.3;2129; 0.6; 0.6; 0.6;35; 23.5;B;0;-;On;On;Off; 32.3; 31.7;0;2;1649;2;1649;3;1464;1;-
2026/04/30;09:27:33;-;-; 52.39; 7.6;-; 69.0; 68.7; 398.6; 199.0; 199.7;2129; 0.6; 0.6; 0.6;35; 23.4;B;0;-;On;On;Off; 32.1; 31.6;0;2;1649;2;1649;3;1464;1;-
2026/04/30;09:28:33;-;-; 49.87; 9.2;-; 67.6; 69.4; 457.8; 230.9; 226.9;2129; 5.9; 3.5; 3.5;325; 23.4;B;0;-;On;On;Off; 31.9; 31.3;0;2;1649;2;1649;3;1464;1;-
2026/04/30;09:29:32;-;-; 50.40; 9.0;-; 66.0; 66.9; 455.7; 227.2; 228.5;2129; 17.4; 8.8; 8.8;859; 23.4;B;0;-;On;On;Off; 31.8; 31.3;0;3;1650;3;1650;3;1464;1;-
2026/04/30;09:30:32;-;-; 51.90; 9.0;-; 67.4; 67.0; 465.9; 232.6; 233.3;2129; 18.1; 9.1; 9.1;894; 23.4;B;0;-;On;On;Off; 31.8; 31.3;0;3;1650;3;1650;3;1464;1;-
2026/04/30;09:31:32;-;-; 52.14; 8.2;-; 67.9; 67.9; 426.1; 212.7; 213.4;2129; 17.8; 9.0; 9.0;901; 23.4;B;0;-;On;On;Off; 31.8; 31.3;0;3;1650;3;1650;3;1464;1;-
2026/04/30;09:32:32;-;-; 52.55; 8.6;-; 68.3; 68.2; 451.1; 224.9; 226.3;2129; 16.8; 8.5; 8.5;858; 23.4;B;0;-;On;On;Off; 31.8; 31.3;0;3;1650;3;1650;3;1464;1;-
2026/04/30;09:33:32;-;-; 52.61; 9.1;-; 68.6; 68.7; 479.4; 239.3; 240.1;2129; 16.5; 8.4; 8.4;846; 23.4;B;0;-;On;On;Off; 31.9; 31.3;0;3;1650;3;1650;3;1464;1;-
2026/04/30;09:34:32;-;-; 53.01; 9.2;-; 69.0; 68.8; 488.6; 244.0; 244.7;2129; 17.8; 9.0; 9.0;916; 23.4;B;0;-;On;On;Off; 31.9; 31.4;0;3;1650;3;1650;3;1464;1;-
2026/04/30;09:35:32;-;-; 52.99; 8.7;-; 69.1; 68.8; 462.1; 230.4; 231.8;2129; 18.3; 9.2; 9.2;945; 23.4;B;0;-;On;On;Off; 31.9; 31.4;0;4;1651;4;1651;4;1465;1;-
2026/04/30;09:36:32;-;-; 52.53; 8.0;-; 69.2; 69.9; 419.4; 212.2; 207.2;2129; 17.7; 8.9; 8.9;919; 23.5;B;0;-;On;On;Off; 31.9; 31.4;0;4;1651;4;1651;4;1465;1;-
2026/04/30;09:37:32;-;-; 52.79; 7.5;-; 68.8; 68.7; 398.8; 199.0; 199.7;2129; 16.4; 8.3; 8.3;851; 23.5;B;0;-;On;On;Off; 31.9; 31.4;0;4;1651;4;1651;4;1465;1;-
2026/04/30;09:38:32;-;-; 52.04; 7.1;-; 69.0; 68.6; 371.5; 185.7; 185.7;2129; 15.2; 7.7; 7.7;789; 23.5;B;0;-;On;On;Off; 31.9; 31.4;0;4;1651;4;1651;4;1465;1;-
2026/04/30;09:39:32;-;-; 52.63; 6.9;-; 68.7; 68.4; 364.3; 182.1; 182.1;2129; 14.2; 7.2; 7.2;734; 23.5;B;0;-;On;On;Off; 31.9; 31.4;0;4;1651;4;1651;4;1465;1;-
2026/04/30;09:40:32;-;-; 51.55; 7.1;-; 68.4; 68.4; 368.0; 184.0; 184.0;2129; 13.6; 6.9; 6.9;703; 23.5;B;0;-;On;On;Off; 31.9; 31.4;0;4;1651;4;1651;4;1465;1;-
2026/04/30;09:41:32;-;-; 52.49; 7.3;-; 68.6; 68.2; 381.8; 190.9; 190.9;2129; 13.7; 7.0; 7.0;706; 23.5;B;0;-;On;On;Off; 31.9; 31.3;0;4;1651;4;1651;4;1465;1;-
2026/04/30;09:42:32;-;-; 53.12; 7.3;-; 69.3; 69.2; 389.9; 195.3; 194.6;2129; 14.1; 7.2; 7.2;726; 23.5;B;0;-;On;On;Off; 31.9; 31.4;0;4;1651;4;1651;5;1466;1;-
2026/04/30;09:43:32;-;-; 53.56; 7.5;-; 69.8; 69.6; 401.9; 200.6; 201.3;2129; 14.3; 7.3; 7.3;743; 23.5;B;0;-;On;On;Off; 31.9; 31.4;0;5;1652;5;1652;5;1466;1;-
2026/04/30;09:44:31;-;-; 54.78; 7.2;-; 71.5; 71.2; 394.7; 197.7; 197.0;2129; 14.7; 7.5; 7.5;768; 23.5;B;0;-;On;On;Off; 31.9; 31.4;0;5;1652;5;1652;5;1466;1;-
2026/04/30;09:45:31;-;-; 55.83; 6.6;-; 72.8; 72.5; 367.8; 183.5; 184.3;2129; 14.3; 7.3; 7.3;765; 23.5;B;0;-;On;On;Off; 32.0; 31.5;0;5;1652;5;1652;5;1466;1;-
2026/04/30;09:46:31;-;-; 56.56; 5.8;-; 73.9; 73.6; 327.1; 163.2; 163.9;2129; 13.1; 6.7; 6.7;714; 23.5;B;0;-;On;On;Off; 32.1; 31.5;0;5;1652;5;1652;5;1466;1;-
2026/04/30;09:47:31;-;-; 57.07; 5.0;-; 74.6; 74.1; 285.7; 142.5; 143.2;2129; 11.3; 5.8; 5.8;624; 23.5;B;0;-;On;On;Off; 32.1; 31.6;0;5;1652;5;1652;5;1466;1;-
2026/04/30;09:48:31;-;-; 57.31; 4.3;-; 74.7; 74.7; 249.3; 127.0; 122.3;2129; 9.9; 5.1; 5.1;555; 23.6;B;0;-;On;On;Off; 32.2; 31.6;0;5;1652;5;1652;5;1466;1;-
2026/04/30;09:49:31;-;-; 57.39; 3.0;-; 76.2; 74.7; 170.2; 59.3; 110.9;2129; 8.2; 4.3; 4.3;461; 23.6;B;0;-;On;On;Off; 32.2; 31.7;0;5;1652;5;1652;5;1466;1;-
2026/04/30;09:50:31;-;-; 57.54; 3.7;-; 75.1; 74.9; 210.9; 106.6; 104.3;2129; 7.4; 3.9; 3.9;416; 23.6;B;0;-;On;On;Off; 32.2; 31.7;0;5;1652;5;1652;5;1466;1;-
2026/04/30;09:51:31;-;-; 57.52; 2.7;-; 75.0; 76.1; 155.2; 102.7; 52.5;2129; 6.6; 3.5; 3.5;374; 23.6;B;0;-;On;On;Off; 32.3; 31.7;0;5;1652;5;1652;5;1466;1;-
2026/04/30;09:52:31;-;-; 57.43; 2.6;-; 75.2; 75.9; 148.8; 94.8; 54.0;2129; 5.8; 3.2; 3.2;330; 23.6;B;0;-;On;On;Off; 32.3; 31.8;0;5;1652;5;1652;5;1466;1;-
2026/04/30;09:53:31;-;-; 57.52; 2.8;-; 75.1; 75.0; 163.6; 82.5; 81.0;2129; 5.4; 2.9; 2.9;306; 23.6;B;0;-;On;On;Off; 32.3; 31.8;0;5;1652;5;1652;5;1466;1;-
2026/04/30;09:54:31;-;-; 57.41; 1.7;-; 75.0; 76.1; 97.0; 76.2; 20.8;2129; 5.1; 2.8; 2.8;287; 23.6;B;0;-;On;On;Off; 32.3; 31.8;0;5;1652;5;1652;6;1467;1;-
2026/04/30;09:55:31;-;-; 57.52; 2.6;-; 75.0; 74.8; 148.9; 74.8; 74.1;2130; 4.6; 2.5; 2.5;258; 23.6;B;0;-;On;On;Off; 32.3; 31.8;0;5;1652;5;1652;6;1467;1;-
2026/04/30;09:56:31;-;-; 57.58; 2.5;-; 75.0; 75.0; 143.6; 72.6; 71.0;2130; 4.4; 2.4; 2.4;247; 23.6;B;0;-;On;On;Off; 32.3; 31.8;0;5;1652;5;1652;6;1467;1;-
2026/04/30;09:57:31;-;-; 57.50; 1.7;-; 76.4; 74.9; 95.6; 20.8; 74.8;2130; 4.2; 2.3; 2.3;237; 23.6;B;0;-;On;On;Off; 32.3; 31.8;0;6;1653;6;1653;6;1467;1;-
2026/04/30;09:58:31;-;-; 57.56; 2.1;-; 75.3; 75.1; 123.6; 57.2; 66.4;2130; 3.8; 2.2; 2.2;216; 23.5;B;0;-;On;On;Off; 32.3; 31.8;0;6;1653;6;1653;6;1467;1;-
2026/04/30;09:59:30;-;-; 57.58; 2.1;-; 75.2; 75.3; 119.0; 64.1; 54.8;2130; 3.5; 2.0; 2.0;199; 23.5;B;0;-;On;On;Off; 32.3; 31.8;0;6;1653;6;1653;6;1467;1;-
2026/04/30;10:00:30;-;-; 57.58; 1.9;-; 76.0; 75.0; 108.1; 43.2; 64.9;2130; 3.2; 1.9; 1.9;181; 23.5;B;0;-;On;On;Off; 32.3; 31.8;0;6;1653;6;1653;6;1467;1;-
2026/04/30;10:01:30;-;-; 57.58; 1.6;-; 75.5; 75.7; 90.4; 46.4; 44.0;2130; 2.9; 1.7; 1.7;163; 23.5;B;0;-;On;On;Off; 32.4; 31.8;0;6;1653;6;1653;6;1467;1;-
2026/04/30;10:02:30;-;-; 57.56; 1.3;-; 76.9; 74.9; 73.3; 14.6; 58.7;2130; 2.6; 1.6; 1.6;146; 23.5;B;0;-;On;On;Off; 32.4; 31.8;0;6;1653;6;1653;6;1467;1;-
2026/04/30;10:03:30;-;-; 57.60; 1.4;-; 75.5; 75.7; 78.8; 46.4; 32.4;2130; 2.3; 1.4; 1.4;127; 23.5;B;0;-;On;On;Off; 32.4; 31.8;0;6;1653;6;1653;6;1467;1;-
2026/04/30;10:04:30;-;-; 57.62; 1.1;-; 75.9; 76.1; 61.8; 32.4; 29.4;2130; 2.0; 1.3; 1.3;111; 23.5;B;0;-;On;On;Off; 32.4; 31.8;0;6;1653;6;1653;6;1467;1;-
2026/04/30;10:05:30;-;-; 57.64; 0.7;-; 76.7; 75.6; 40.2; 0.0; 40.2;2130; 1.7; 1.1; 1.1;95; 23.5;B;0;-;On;On;Off; 31.6; 31.8;0;6;1653;6;1653;6;1467;1;-
2026/04/30;10:06:30;-;-; 57.62; 0.7;-; 76.5; 75.5; 41.7; 0.8; 41.0;2130; 1.4; 0.9; 0.9;78; 23.5;B;0;-;On;On;Off; 30.2; 31.6;0;6;1653;6;1653;6;1467;1;-
2026/04/30;10:07:30;-;-; 57.62; 0.6;-; 76.6; 76.1; 34.0; 0.0; 34.0;2130; 1.1; 0.7; 0.7;61; 23.5;B;0;-;On;On;Off; 29.9; 31.4;0;6;1653;6;1653;6;1467;1;-
2026/04/30;10:08:30;-;-; 57.62; 0.7;-; 76.7; 75.8; 40.9; 0.8; 40.2;2130; 1.0; 0.6; 0.6;54; 23.5;B;0;-;On;On;Off; 29.7; 31.3;0;6;1653;6;1653;6;1467;1;-
2026/04/30;10:09:30;-;-; 57.62; 0.6;-; 76.9; 76.2; 37.0; 0.8; 36.3;2130; 0.9; 0.6; 0.6;51; 23.5;B;0;-;On;On;Off; 29.6; 31.2;0;6;1653;6;1653;6;1467;1;-
2026/04/30;10:10:30;-;-; 57.62; 0.5;-; 77.1; 76.2; 30.1; 0.0; 30.1;2130; 0.9; 0.6; 0.6;49; 23.5;B;0;-;On;On;Off; 29.5; 31.1;0;6;1653;6;1653;6;1467;1;-
2026/04/30;10:11:30;-;-; 57.62; 0.7;-; 77.1; 76.3; 37.9; 0.0; 37.9;2130; 0.9; 0.6; 0.6;48; 23.5;B;0;-;On;On;Off; 29.4; 30.9;0;6;1653;6;1653;6;1467;1;-
2026/04/30;10:12:30;-;-; 57.62; 0.5;-; 77.0; 76.5; 30.9; 0.0; 30.9;2130; 0.8; 0.6; 0.6;47; 23.5;B;0;-;On;On;Off; 29.3; 30.8;0;6;1653;6;1653;6;1467;1;-
2026/04/30;10:13:30;-;-; 57.62; 0.5;-; 77.1; 76.5; 31.7; 0.8; 30.9;2130; 0.8; 0.6; 0.6;46; 23.5;B;0;-;On;On;Off; 29.2; 30.8;0;6;1653;6;1653;6;1467;1;-
2026/04/30;10:14:29;-;-; 57.60; 0.4;-; 77.0; 76.5; 23.2; 0.0; 23.2;2130; 0.8; 0.6; 0.6;45; 23.5;B;0;-;On;On;Off; 29.1; 30.7;0;6;1653;6;1653;6;1467;1;-
2026/04/30;10:15:29;-;-; 57.62; 0.7;-; 76.8; 76.2; 40.2; 0.8; 39.4;2130; 0.8; 0.6; 0.6;44; 23.5;B;0;-;On;On;Off; 29.0; 30.6;0;6;1653;6;1653;6;1467;1;-
2026/04/30;10:16:29;-;-; 57.62; 0.5;-; 76.8; 76.2; 27.8; 0.0; 27.8;2130; 0.8; 0.6; 0.6;44; 23.5;B;0;-;On;On;Off; 28.9; 30.5;0;6;1653;6;1653;6;1467;1;-
2026/04/30;10:17:29;-;-; 57.62; 0.6;-; 76.9; 76.0; 35.5; 0.8; 34.8;2130; 0.8; 0.6; 0.6;44; 23.5;B;0;-;On;On;Off; 28.8; 30.4;0;6;1653;6;1653;6;1467;1;-
2026/04/30;10:18:29;-;-; 57.62; 0.5;-; 76.8; 76.1; 30.9; 0.0; 30.9;2130; 0.8; 0.6; 0.6;43; 23.5;B;0;-;On;On;Off; 28.8; 30.4;0;6;1653;6;1653;6;1467;1;-
2026/04/30;10:19:29;-;-; 57.62; 0.7;-; 76.7; 75.7; 38.6; 0.8; 37.9;2130; 0.8; 0.6; 0.6;43; 23.4;B;0;-;On;On;Off; 28.7; 30.3;0;6;1653;6;1653;6;1467;1;-
2026/04/30;10:20:29;-;-; 57.62; 0.4;-; 76.7; 76.4; 23.1; 0.8; 22.4;2130; 0.8; 0.5; 0.5;42; 23.4;B;0;-;On;On;Off; 28.6; 30.3;0;6;1653;6;1653;6;1467;1;-
2026/04/30;10:21:29;-;-; 57.62; 0.7;-; 76.7; 75.8; 40.2; 0.8; 39.4;2130; 0.7; 0.5; 0.5;42; 23.4;B;0;-;On;On;Off; 28.6; 30.2;0;6;1653;6;1653;6;1467;1;-
2026/04/30;10:22:29;-;-; 57.60; 0.4;-; 76.7; 76.2; 24.7; 0.7; 23.9;2130; 0.7; 0.5; 0.5;41; 23.4;B;0;-;On;On;Off; 28.5; 30.2;0;6;1653;6;1653;6;1467;1;-
2026/04/30;10:23:29;-;-; 57.62; 0.5;-; 76.7; 76.0; 27.0; 0.8; 26.3;2130; 0.7; 0.5; 0.5;41; 23.4;B;0;-;On;On;Off; 28.5; 30.1;0;6;1653;6;1653;6;1467;1;-
2026/04/30;10:24:29;-;-; 57.62; 0.5;-; 76.7; 76.0; 29.3; 0.8; 28.6;2130; 0.7; 0.5; 0.5;40; 23.4;B;0;-;On;On;Off; 28.4; 30.0;0;6;1653;6;1653;6;1467;1;-
2026/04/30;10:25:29;-;-; 57.62; 0.6;-; 76.5; 75.5; 37.0; 0.8; 36.3;2130; 0.7; 0.5; 0.5;41; 23.4;B;0;-;On;On;Off; 28.4; 30.0;0;6;1653;6;1653;6;1467;1;-
2026/04/30;10:26:29;-;-; 57.62; 0.5;-; 76.5; 76.0; 28.6; 0.8; 27.8;2130; 0.7; 0.5; 0.5;40; 23.4;B;0;-;On;On;Off; 28.3; 30.0;0;6;1653;6;1653;6;1467;1;-
2026/04/30;10:27:29;-;-; 57.60; 0.4;-; 76.5; 76.2; 25.4; 0.8; 24.7;2130; 0.7; 0.5; 0.5;40; 23.4;B;0;-;On;On;Off; 28.3; 29.9;0;6;1653;6;1653;6;1467;1;-
2026/04/30;10:28:29;-;-; 57.62; 0.5;-; 76.7; 76.1; 27.8; 0.8; 27.1;2130; 0.7; 0.5; 0.5;40; 23.4;B;0;-;On;On;Off; 28.2; 29.9;0;6;1653;6;1653;6;1467;1;-
2026/04/30;10:29:28;-;-; 57.62; 0.6;-; 76.6; 75.8; 34.7; 0.8; 34.0;2130; 0.7; 0.5; 0.5;39; 23.4;B;0;-;On;On;Off; 28.2; 29.8;0;6;1653;6;1653;6;1467;1;-
2026/04/30;10:30:28;-;-; 57.60; 0.5;-; 76.8; 76.0; 28.6; 0.8; 27.8;2130; 0.7; 0.5; 0.5;38; 23.4;B;0;-;On;On;Off; 28.1; 29.8;0;6;1653;6;1653;6;1467;1;-
2026/04/30;10:31:28;-;-; 57.62; 0.6;-; 76.6; 76.0; 33.2; 0.8; 32.4;2130; 0.7; 0.5; 0.5;38; 23.4;B;0;-;On;On;Off; 28.1; 29.8;0;6;1653;6;1653;6;1467;1;-
2026/04/30;10:32:28;-;-; 57.60; 0.5;-; 76.6; 76.3; 26.3; 0.8; 25.5;2130; 0.7; 0.5; 0.5;37; 23.4;B;0;-;On;On;Off; 28.1; 29.7;0;6;1653;6;1653;6;1467;1;-
2026/04/30;10:33:28;-;-; 57.62; 0.5;-; 76.6; 76.2; 26.3; 0.8; 25.5;2130; 0.7; 0.5; 0.5;37; 23.4;B;0;-;On;On;Off; 28.0; 29.7;0;6;1653;6;1653;6;1467;1;-
2026/04/30;10:34:28;-;-; 57.62; 0.4;-; 76.4; 76.1; 23.9; 0.0; 23.9;2130; 0.7; 0.5; 0.5;37; 23.4;B;0;-;On;On;Off; 28.0; 29.6;0;6;1653;6;1653;6;1467;1;-
2026/04/30;10:35:28;-;-; 57.62; 0.5;-; 76.2; 75.8; 30.1; 0.8; 29.4;2130; 0.7; 0.5; 0.5;36; 23.4;B;0;-;On;On;Off; 28.0; 29.6;0;6;1653;6;1653;6;1467;1;-
2026/04/30;10:36:28;-;-; 57.62; 0.5;-; 76.4; 75.5; 26.3; 0.8; 25.5;2130; 0.6; 0.5; 0.5;36; 23.4;B;0;-;On;On;Off; 27.9; 29.6;0;6;1653;6;1653;6;1467;1;-
2026/04/30;10:37:28;-;-; 57.62; 0.6;-; 76.4; 75.8; 32.4; 0.8; 31.7;2130; 0.6; 0.5; 0.5;35; 23.4;B;0;-;On;On;Off; 27.9; 29.6;0;6;1653;6;1653;6;1467;1;-
2026/04/30;10:38:28;-;-; 57.60; 0.5;-; 76.4; 75.7; 27.0; 0.8; 26.3;2130; 0.6; 0.5; 0.5;35; 23.4;B;0;-;On;On;Off; 27.9; 29.5;0;6;1653;6;1653;6;1467;1;-
2026/04/30;10:39:28;-;-; 57.60; 0.5;-; 76.5; 75.8; 27.8; 0.0; 27.8;2130; 0.6; 0.5; 0.5;34; 23.4;B;0;-;On;On;Off; 27.8; 29.5;0;6;1653;6;1653;6;1467;1;-
2026/04/30;10:40:28;-;-; 57.62; 0.5;-; 76.8; 76.1; 31.7; 0.8; 30.9;2130; 0.6; 0.5; 0.5;35; 23.4;B;0;-;On;On;Off; 27.8; 29.5;0;6;1653;6;1653;6;1467;1;-
2026/04/30;10:41:28;-;-; 57.62; 0.5;-; 76.9; 76.4; 27.0; 0.8; 26.3;2130; 0.6; 0.5; 0.5;34; 23.4;B;0;-;On;On;Off; 27.8; 29.5;0;6;1653;6;1653;6;1467;1;-
2026/04/30;10:42:28;-;-; 57.62; 0.6;-; 77.2; 76.6; 34.7; 0.8; 34.0;2130; 0.6; 0.5; 0.5;33; 23.4;B;0;-;On;On;Off; 27.8; 29.4;0;6;1653;6;1653;6;1467;1;-
2026/04/30;10:43:28;-;-; 57.60; 0.4;-; 77.4; 77.1; 22.4; 0.8; 21.6;2130; 0.6; 0.5; 0.5;33; 23.4;B;0;-;On;On;Off; 27.8; 29.4;0;6;1653;6;1653;6;1467;1;-
2026/04/30;10:44:27;-;-; 57.62; 0.4;-; 77.3; 77.2; 24.7; 0.8; 23.9;2130; 0.6; 0.5; 0.5;33; 23.4;B;0;-;On;On;Off; 27.7; 29.4;0;6;1653;6;1653;6;1467;1;-
2026/04/30;10:45:27;-;-; 57.62; 0.4;-; 77.3; 77.1; 23.9; 0.0; 23.9;2130; 0.6; 0.5; 0.5;32; 23.4;B;0;-;On;On;Off; 27.7; 29.4;0;6;1653;6;1653;6;1467;1;-
2026/04/30;10:46:27;-;-; 57.62; 0.5;-; 77.1; 76.6; 27.8; 0.8; 27.1;2130; 0.6; 0.5; 0.5;33; 23.4;B;0;-;On;On;Off; 27.7; 29.4;0;6;1653;6;1653;6;1467;1;-
2026/04/30;10:47:27;-;-; 57.60; 0.4;-; 77.0; 76.9; 23.9; 0.8; 23.2;2130; 0.6; 0.5; 0.5;32; 23.4;B;0;-;On;On;Off; 27.7; 29.3;0;6;1653;6;1653;6;1467;1;-
2026/04/30;10:48:27;-;-; 57.60; 0.4;-; 76.9; 76.6; 23.1; 0.8; 22.4;2130; 0.6; 0.5; 0.5;32; 23.4;B;0;-;On;On;Off; 27.7; 29.3;0;6;1653;6;1653;6;1467;1;-
2026/04/30;10:49:27;-;-; 57.60; 0.3;-; 76.8; 76.7; 15.4; 0.8; 14.7;2130; 0.6; 0.5; 0.5;33; 23.4;B;0;-;On;On;Off; 27.6; 29.3;0;6;1653;6;1653;6;1467;1;-
2026/04/30;10:50:27;-;-; 57.62; 0.6;-; 76.6; 76.1; 34.0; 0.8; 33.2;2130; 0.6; 0.5; 0.5;33; 23.4;B;0;-;On;On;Off; 27.6; 29.3;0;6;1653;6;1653;6;1467;1;-
2026/04/30;10:51:27;-;-; 57.60; 0.5;-; 76.5; 76.4; 27.0; 0.8; 26.3;2130; 0.6; 0.5; 0.5;32; 23.4;B;0;-;On;On;Off; 27.6; 29.3;0;6;1653;6;1653;6;1467;1;-
2026/04/30;10:52:27;-;-; 57.62; 0.4;-; 76.4; 76.3; 20.8; 0.8; 20.1;2130; 0.6; 0.5; 0.5;33; 23.4;B;0;-;On;On;Off; 27.6; 29.3;0;6;1653;6;1653;6;1467;1;-
2026/04/30;10:53:27;-;-; 57.62; 0.4;-; 76.5; 76.0; 25.4; 0.8; 24.7;2130; 0.6; 0.5; 0.5;32; 23.3;B;0;-;On;On;Off; 27.6; 29.2;0;6;1653;6;1653;6;1467;1;-
2026/04/30;10:54:27;-;-; 57.60; 0.4;-; 76.3; 76.0; 23.9; 0.8; 23.2;2130; 0.6; 0.5; 0.5;32; 23.3;B;0;-;On;On;Off; 27.6; 29.2;0;6;1653;6;1653;6;1467;1;-
2026/04/30;10:55:27;-;-; 57.60; 0.5;-; 76.2; 75.9; 27.1; 0.0; 27.1;2131; 0.6; 0.5; 0.5;32; 23.3;B;0;-;On;On;Off; 27.6; 29.2;0;6;1653;6;1653;6;1467;1;-
2026/04/30;10:56:27;-;-; 57.62; 0.5;-; 76.1; 75.7; 27.0; 0.8; 26.3;2131; 0.6; 0.5; 0.5;31; 23.3;B;0;-;On;On;Off; 27.6; 29.2;0;6;1653;6;1653;6;1467;1;-
2026/04/30;10:57:27;-;-; 57.62; 0.5;-; 76.2; 75.5; 31.7; 0.8; 30.9;2131; 0.6; 0.5; 0.5;31; 23.3;B;0;-;On;On;Off; 27.5; 29.2;0;6;1653;6;1653;6;1467;1;-
2026/04/30;10:58:27;-;-; 57.62; 0.3;-; 76.2; 76.0; 20.1; 0.8; 19.3;2131; 0.6; 0.5; 0.5;31; 23.3;B;0;-;On;On;Off; 27.5; 29.2;0;6;1653;6;1653;6;1467;1;-
2026/04/30;10:59:26;-;-; 57.60; 0.3;-; 76.2; 76.1; 18.5; 0.8; 17.8;2131; 0.5; 0.5; 0.5;30; 23.3;B;0;-;On;On;Off; 27.5; 29.2;0;6;1653;6;1653;6;1467;1;-
2026/04/30;11:00:26;-;-; 57.62; 0.5;-; 76.4; 75.7; 29.3; 0.8; 28.6;2131; 0.5; 0.5; 0.5;30; 23.3;B;0;-;On;On;Off; 27.5; 29.2;0;6;1653;6;1653;6;1467;1;-
2026/04/30;11:01:26;-;-; 57.62; 0.6;-; 76.4; 75.7; 32.4; 0.8; 31.7;2131; 0.5; 0.5; 0.5;30; 23.3;B;0;-;On;On;Off; 27.5; 29.1;0;6;1653;6;1653;6;1467;1;-
2026/04/30;11:02:26;-;-; 57.62; 0.3;-; 76.4; 76.1; 19.3; 0.8; 18.5;2131; 0.5; 0.5; 0.5;30; 23.3;B;0;-;On;On;Off; 27.5; 29.1;0;6;1653;6;1653;6;1467;1;-
2026/04/30;11:03:26;-;-; 57.62; 0.5;-; 76.6; 75.9; 30.1; 0.8; 29.4;2131; 0.5; 0.4; 0.4;30; 23.3;B;0;-;On;On;Off; 27.5; 29.1;0;6;1653;6;1653;6;1467;1;-
2026/04/30;11:04:26;-;-; 57.62; 0.4;-; 76.5; 76.3; 23.1; 0.8; 22.4;2131; 0.5; 0.4; 0.4;29; 23.3;B;0;-;On;On;Off; 27.5; 29.1;0;6;1653;6;1653;6;1467;1;-
2026/04/30;11:05:26;-;-; 57.62; 0.5;-; 76.6; 75.9; 27.8; 0.8; 27.1;2131; 0.5; 0.4; 0.4;30; 23.3;B;0;-;On;On;Off; 27.4; 29.1;0;6;1653;6;1653;6;1467;1;-
2026/04/30;11:06:26;-;-; 57.62; 0.6;-; 76.6; 75.7; 35.5; 0.8; 34.8;2131; 0.5; 0.4; 0.4;29; 23.3;B;0;-;On;On;Off; 27.4; 29.1;0;6;1653;6;1653;6;1467;1;-
2026/04/30;11:07:26;-;-; 57.62; 0.5;-; 76.7; 76.1; 28.6; 0.8; 27.8;2131; 0.5; 0.4; 0.4;29; 23.3;B;0;-;On;On;Off; 27.4; 29.1;0;6;1653;6;1653;6;1467;1;-
2026/04/30;11:08:26;-;-; 57.60; 0.4;-; 76.7; 76.4; 24.7; 0.8; 23.9;2131; 0.5; 0.4; 0.4;28; 23.3;B;0;-;On;On;Off; 27.4; 29.1;0;6;1653;6;1653;6;1467;1;-
2026/04/30;11:09:26;-;-; 57.60; 0.5;-; 76.7; 76.1; 26.3; 0.8; 25.5;2131; 0.5; 0.4; 0.4;29; 23.3;B;0;-;On;On;Off; 27.4; 29.1;0;6;1653;6;1653;6;1467;1;-
2026/04/30;11:10:26;-;-; 57.62; 0.4;-; 76.8; 76.2; 25.4; 0.8; 24.7;2131; 0.5; 0.4; 0.4;29; 23.3;B;0;-;On;On;Off; 27.4; 29.1;0;6;1653;6;1653;6;1467;1;-
2026/04/30;11:11:26;-;-; 57.60; 0.3;-; 76.6; 76.5; 17.7; 0.8; 17.0;2131; 0.5; 0.4; 0.4;29; 23.3;B;0;-;On;On;Off; 27.4; 29.1;0;6;1653;6;1653;6;1467;1;-
2026/04/30;11:12:26;-;-; 57.60; 0.3;-; 76.6; 76.7; 20.1; 0.8; 19.3;2131; 0.5; 0.4; 0.4;28; 23.3;B;0;-;On;On;Off; 27.4; 29.1;0;6;1653;6;1653;6;1467;1;-
2026/04/30;11:13:26;-;-; 57.62; 0.5;-; 76.8; 76.2; 28.6; 0.8; 27.8;2131; 0.5; 0.4; 0.4;28; 23.3;B;0;-;On;On;Off; 27.4; 29.1;0;6;1653;6;1653;6;1467;1;-
2026/04/30;11:14:25;-;-; 57.60; 0.3;-; 76.8; 76.6; 14.7; 0.8; 13.9;2131; 0.5; 0.4; 0.4;28; 23.3;B;0;-;On;On;Off; 27.4; 29.1;0;6;1653;6;1653;6;1467;1;-
2026/04/30;11:15:25;-;-; 57.60; 0.3;-; 76.8; 76.6; 19.3; 0.8; 18.5;2131; 0.5; 0.4; 0.4;28; 23.3;B;0;-;On;On;Off; 27.4; 29.0;0;6;1653;6;1653;6;1467;1;-
2026/04/30;11:16:25;-;-; 57.62; 0.4;-; 76.7; 76.2; 24.7; 0.0; 24.7;2131; 0.5; 0.4; 0.4;28; 23.3;B;0;-;On;On;Off; 27.4; 29.0;0;6;1653;6;1653;6;1467;1;-
2026/04/30;11:17:25;-;-; 57.60; 0.3;-; 76.7; 76.3; 18.5; 0.0; 18.5;2131; 0.5; 0.4; 0.4;28; 23.3;B;0;-;On;On;Off; 27.4; 29.0;0;6;1653;6;1653;6;1467;1;-
2026/04/30;11:18:25;-;-; 57.62; 0.4;-; 76.7; 76.3; 23.9; 0.8; 23.2;2131; 0.5; 0.4; 0.4;28; 23.3;B;0;-;On;On;Off; 27.4; 29.0;0;6;1653;6;1653;6;1467;1;-
2026/04/30;11:19:25;-;-; 57.60; 0.3;-; 76.8; 76.5; 15.4; 0.8; 14.7;2131; 0.5; 0.4; 0.4;27; 23.3;B;0;-;On;On;Off; 27.4; 29.0;0;6;1653;6;1653;6;1467;1;-
2026/04/30;11:20:25;-;-; 57.62; 0.5;-; 76.9; 76.3; 28.6; 0.8; 27.8;2131; 0.5; 0.4; 0.4;27; 23.3;B;0;-;On;On;Off; 27.4; 29.0;0;6;1653;6;1653;6;1467;1;-
2026/04/30;11:21:25;-;-; 57.62; 0.5;-; 76.9; 76.3; 28.6; 0.8; 27.8;2131; 0.5; 0.4; 0.4;27; 23.3;B;0;-;On;On;Off; 27.4; 29.0;0;6;1653;6;1653;6;1467;1;-
2026/04/30;11:22:25;-;-; 57.62; 0.4;-; 77.0; 76.5; 21.6; 0.8; 20.8;2131; 0.5; 0.4; 0.4;27; 23.3;B;0;-;On;On;Off; 27.4; 29.0;0;6;1653;6;1653;7;1468;1;-
2026/04/30;11:23:25;-;-; 57.60; 0.3;-; 76.9; 76.6; 18.5; 0.8; 17.8;2131; 0.5; 0.4; 0.4;27; 23.3;B;0;-;On;On;Off; 27.4; 29.0;0;6;1653;6;1653;7;1468;1;-
2026/04/30;11:24:25;-;-; 57.60; 0.2;-; 76.8; 76.7; 13.1; 0.0; 13.1;2131; 0.5; 0.4; 0.4;27; 23.3;B;0;-;On;On;Off; 27.3; 29.0;0;6;1653;6;1653;7;1468;1;-
2026/04/30;11:25:25;-;-; 57.62; 0.3;-; 76.7; 76.5; 18.5; 0.8; 17.8;2131; 0.5; 0.4; 0.4;27; 23.3;B;0;-;On;On;Off; 27.4; 29.0;0;6;1653;6;1653;7;1468;1;-
2026/04/30;11:26:25;-;-; 57.62; 0.5;-; 76.7; 76.2; 27.0; 0.8; 26.3;2131; 0.5; 0.4; 0.4;27; 23.3;B;0;-;On;On;Off; 27.3; 29.0;0;6;1653;6;1653;7;1468;1;-
2026/04/30;11:27:25;-;-; 57.60; 0.5;-; 76.6; 75.8; 29.3; 0.8; 28.6;2131; 0.5; 0.4; 0.4;26; 23.3;B;0;-;On;On;Off; 27.3; 29.0;0;6;1653;6;1653;7;1468;1;-
2026/04/30;11:28:25;-;-; 57.62; 0.3;-; 76.7; 76.3; 19.3; 0.8; 18.5;2131; 0.5; 0.4; 0.4;26; 23.3;B;0;-;On;On;Off; 27.3; 29.0;0;6;1653;6;1653;7;1468;1;-
2026/04/30;11:29:25;-;-; 57.62; 0.5;-; 76.5; 75.8; 26.3; 0.8; 25.5;2131; 0.5; 0.4; 0.4;26; 23.3;B;0;-;On;On;Off; 27.3; 29.0;0;6;1653;6;1653;7;1468;1;-
2026/04/30;11:30:24;-;-; 57.62; 0.5;-; 76.5; 76.2; 28.6; 0.8; 27.8;2131; 0.5; 0.4; 0.4;26; 23.3;B;0;-;On;On;Off; 27.3; 29.0;0;6;1653;6;1653;7;1468;1;-
2026/04/30;11:31:24;-;-; 57.60; 0.2;-; 76.7; 76.5; 13.9; 0.0; 13.9;2131; 0.5; 0.4; 0.4;26; 23.3;B;0;-;On;On;Off; 27.3; 29.0;0;6;1653;6;1653;7;1468;1;-
2026/04/30;11:32:24;-;-; 57.62; 0.5;-; 76.8; 76.3; 27.8; 0.8; 27.1;2131; 0.5; 0.4; 0.4;26; 23.3;B;0;-;On;On;Off; 27.3; 29.0;0;6;1653;6;1653;7;1468;1;-
2026/04/30;11:33:24;-;-; 57.60; 0.3;-; 76.9; 76.9; 20.1; 0.8; 19.3;2131; 0.5; 0.4; 0.4;25; 23.3;B;0;-;On;On;Off; 27.3; 29.0;0;6;1653;6;1653;7;1468;1;-
2026/04/30;11:34:24;-;-; 57.60; 0.3;-; 77.1; 76.6; 14.7; 0.8; 13.9;2131; 0.5; 0.4; 0.4;25; 23.3;B;0;-;On;On;Off; 27.3; 28.9;0;6;1653;6;1653;7;1468;1;-
2026/04/30;11:35:24;-;-; 57.62; 0.4;-; 77.0; 76.8; 24.7; 0.8; 23.9;2131; 0.5; 0.4; 0.4;26; 23.3;B;0;-;On;On;Off; 27.3; 28.9;0;6;1653;6;1653;7;1468;1;-
2026/04/30;11:36:24;-;-; 57.60; 0.5;-; 77.3; 76.6; 30.1; 0.8; 29.4;2131; 0.5; 0.4; 0.4;25; 23.3;B;0;-;On;On;Off; 27.3; 29.0;0;6;1653;6;1653;7;1468;1;-
2026/04/30;11:37:24;-;-; 57.60; 0.5;-; 77.8; 77.3; 27.0; 0.8; 26.3;2131; 0.4; 0.4; 0.4;25; 23.3;B;0;-;On;On;Off; 27.3; 29.0;0;6;1653;6;1653;7;1468;1;-
2026/04/30;11:38:24;-;-; 57.62; 0.5;-; 78.4; 78.2; 28.6; 0.8; 27.8;2131; 0.4; 0.4; 0.4;25; 23.2;B;0;-;On;On;Off; 27.3; 29.0;0;6;1653;6;1653;7;1468;1;-
2026/04/30;11:39:24;-;-; 57.62; 0.5;-; 78.2; 77.9; 27.0; 0.8; 26.3;2131; 0.4; 0.4; 0.4;25; 23.2;B;0;-;On;On;Off; 27.3; 29.0;0;6;1653;6;1653;7;1468;1;-
2026/04/30;11:40:24;-;-; 57.62; 0.5;-; 78.4; 78.1; 26.3; 0.8; 25.5;2131; 0.4; 0.4; 0.4;24; 23.2;B;0;-;On;On;Off; 27.3; 29.0;0;6;1653;6;1653;7;1468;1;-
2026/04/30;11:41:24;-;-; 57.62; 0.5;-; 78.2; 78.0; 30.1; 0.8; 29.4;2131; 0.4; 0.4; 0.4;25; 23.3;B;0;-;On;On;Off; 27.3; 29.0;0;7;1654;7;1654;7;1468;1;-
2026/04/30;11:42:24;-;-; 57.62; 0.5;-; 77.5; 77.2; 27.8; 0.8; 27.1;2131; 0.5; 0.4; 0.4;25; 23.3;B;0;-;On;On;Off; 27.3; 29.0;0;7;1654;7;1654;7;1468;1;-
2026/04/30;11:43:24;-;-; 57.62; 0.5;-; 77.1; 76.6; 27.0; 0.8; 26.3;2131; 0.4; 0.4; 0.4;25; 23.2;B;0;-;On;On;Off; 27.3; 28.9;0;7;1654;7;1654;7;1468;1;-
2026/04/30;11:44:24;-;-; 57.62; 0.4;-; 76.7; 76.1; 24.7; 0.8; 23.9;2131; 0.4; 0.4; 0.4;25; 23.3;B;0;-;On;On;Off; 27.3; 28.9;0;7;1654;7;1654;7;1468;1;-
2026/04/30;11:45:23;-;-; 57.62; 0.4;-; 76.5; 76.2; 22.4; 0.8; 21.6;2131; 0.4; 0.4; 0.4;25; 23.2;B;0;-;On;On;Off; 27.3; 28.9;0;7;1654;7;1654;7;1468;1;-
2026/04/30;11:46:23;-;-; 57.60; 0.5;-; 76.4; 76.1; 27.0; 0.8; 26.3;2131; 0.4; 0.4; 0.4;24; 23.3;B;0;-;On;On;Off; 27.2; 28.9;0;7;1654;7;1654;7;1468;1;-
2026/04/30;11:47:23;-;-; 57.62; 0.5;-; 76.3; 75.9; 31.7; 0.8; 30.9;2131; 0.4; 0.4; 0.4;25; 23.2;B;0;-;On;On;Off; 27.3; 28.9;0;7;1654;7;1654;7;1468;1;-
2026/04/30;11:48:23;-;-; 57.62; 0.5;-; 76.4; 75.8; 29.3; 0.8; 28.6;2131; 0.5; 0.4; 0.4;25; 23.2;B;0;-;On;On;Off; 27.2; 28.9;0;7;1654;7;1654;7;1468;1;-
2026/04/30;11:49:23;-;-; 57.60; 0.3;-; 76.6; 76.2; 20.1; 0.8; 19.3;2131; 0.5; 0.4; 0.4;25; 23.2;B;0;-;On;On;Off; 27.2; 28.9;0;7;1654;7;1654;7;1468;1;-
2026/04/30;11:50:23;-;-; 57.62; 0.5;-; 76.6; 76.1; 30.1; 0.8; 29.4;2131; 0.4; 0.4; 0.4;24; 23.2;B;0;-;On;On;Off; 27.2; 28.9;0;7;1654;7;1654;7;1468;1;-
2026/04/30;11:51:23;-;-; 57.62; 0.4;-; 76.6; 76.1; 25.4; 0.8; 24.7;2131; 0.4; 0.4; 0.4;24; 23.2;B;0;-;On;On;Off; 27.2; 28.9;0;7;1654;7;1654;7;1468;1;-
2026/04/30;11:52:23;-;-; 57.62; 0.5;-; 76.5; 76.1; 31.7; 0.8; 30.9;2131; 0.4; 0.4; 0.4;24; 23.2;B;0;-;On;On;Off; 27.2; 28.9;0;7;1654;7;1654;7;1468;1;-
2026/04/30;11:53:23;-;-; 57.60; 0.4;-; 76.5; 76.4; 21.6; 0.7; 20.8;2131; 0.4; 0.4; 0.4;24; 23.2;B;0;-;On;On;Off; 27.2; 28.9;0;7;1654;7;1654;7;1468;1;-
2026/04/30;11:54:23;-;-; 57.62; 0.4;-; 76.5; 76.0; 25.4; 0.8; 24.7;2131; 0.4; 0.4; 0.4;24; 23.2;B;0;-;On;On;Off; 27.2; 28.9;0;7;1654;7;1654;7;1468;1;-
2026/04/30;11:55:23;-;-; 57.62; 0.4;-; 76.5; 76.2; 21.6; 0.8; 20.8;2132; 0.4; 0.4; 0.4;24; 23.2;B;0;-;On;On;Off; 27.2; 28.9;0;7;1654;7;1654;7;1468;1;-
2026/04/30;11:56:23;-;-; 57.62; 0.4;-; 76.6; 76.1; 23.1; 0.8; 22.4;2132; 0.4; 0.4; 0.4;24; 23.2;B;0;-;On;On;Off; 27.2; 28.9;0;7;1654;7;1654;7;1468;1;-
2026/04/30;11:57:23;-;-; 57.60; 0.3;-; 76.6; 76.3; 20.1; 0.8; 19.3;2132; 0.4; 0.4; 0.4;24; 23.2;B;0;-;On;On;Off; 27.2; 28.9;0;7;1654;7;1654;7;1468;1;-
2026/04/30;11:58:23;-;-; 57.60; 0.3;-; 76.4; 76.4; 16.2; 0.8; 15.5;2132; 0.4; 0.4; 0.4;23; 23.2;B;0;-;On;On;Off; 27.2; 28.9;0;7;1654;7;1654;7;1468;1;-
2026/04/30;11:59:23;-;-; 57.62; 0.4;-; 77.0; 76.7; 25.4; 0.8; 24.7;2132; 0.4; 0.4; 0.4;24; 23.2;B;0;-;On;On;Off; 27.2; 28.9;0;7;1654;7;1654;7;1468;1;-
2026/04/30;12:00:22;-;-; 57.60; 0.3;-; 77.1; 76.8; 17.0; 0.8; 16.2;2132; 0.4; 0.4; 0.4;24; 23.2;B;0;-;On;On;Off; 27.2; 28.9;0;7;1654;7;1654;7;1468;1;-
2026/04/30;12:01:22;-;-; 57.62; 0.4;-; 75.6; 75.3; 24.0; 0.8; 23.2;2132; 0.4; 0.4; 0.4;23; 23.2;B;0;-;On;On;Off; 27.2; 28.9;0;7;1654;7;1654;7;1468;1;-
2026/04/30;12:02:22;-;-; 57.62; 0.4;-; 77.5; 77.1; 24.7; 0.8; 24.0;2132; 0.4; 0.4; 0.4;23; 23.2;B;0;-;On;On;Off; 27.2; 28.9;0;7;1654;7;1654;7;1468;1;-
2026/04/30;12:03:22;-;-; 57.60; 0.3;-; 77.0; 76.9; 16.2; 0.8; 15.5;2132; 0.4; 0.4; 0.4;23; 23.2;B;0;-;On;On;Off; 27.2; 28.9;0;7;1654;7;1654;7;1468;1;-
2026/04/30;12:04:22;-;-; 57.60; 0.3;-; 77.3; 76.8; 16.2; 0.7; 15.5;2132; 0.4; 0.4; 0.4;24; 23.2;B;0;-;On;On;Off; 27.2; 28.9;0;7;1654;7;1654;7;1468;1;-
2026/04/30;12:05:22;-;-; 57.60; 0.2;-; 76.9; 76.8; 13.1; 0.8; 12.3;2132; 0.4; 0.4; 0.4;23; 23.2;B;0;-;On;On;Off; 27.2; 28.9;0;7;1654;7;1654;7;1468;1;-
2026/04/30;12:06:22;-;-; 57.60; 0.5;-; 76.6; 76.4; 27.0; 0.8; 26.3;2132; 0.4; 0.4; 0.4;22; 23.2;B;0;-;On;On;Off; 27.2; 28.9;0;7;1654;7;1654;7;1468;1;-
2026/04/30;12:07:22;-;-; 57.62; 0.4;-; 76.5; 76.1; 24.7; 0.8; 23.9;2132; 0.4; 0.4; 0.4;23; 23.2;B;0;-;On;On;Off; 27.2; 28.9;0;7;1654;7;1654;7;1468;1;-
2026/04/30;12:08:22;-;-; 57.60; 0.3;-; 76.3; 76.1; 18.5; 0.8; 17.8;2132; 0.4; 0.4; 0.4;24; 23.2;B;0;-;On;On;Off; 27.2; 28.9;0;7;1654;7;1654;7;1468;1;-
2026/04/30;12:09:22;-;-; 57.60; 0.4;-; 76.1; 75.9; 20.8; 0.8; 20.1;2132; 0.4; 0.4; 0.4;24; 23.2;B;0;-;On;On;Off; 27.2; 28.9;0;7;1654;7;1654;7;1468;1;-
2026/04/30;12:10:22;-;-; 57.62; 0.5;-; 75.7; 75.4; 29.3; 0.8; 28.6;2132; 0.4; 0.4; 0.4;23; 23.2;B;0;-;On;On;Off; 27.2; 28.9;0;7;1654;7;1654;7;1468;1;-
2026/04/30;12:11:22;-;-; 57.62; 0.3;-; 75.5; 75.2; 17.0; 0.8; 16.2;2132; 0.4; 0.4; 0.4;24; 23.2;B;0;-;On;On;Off; 27.2; 28.9;0;7;1654;7;1654;7;1468;1;-
2026/04/30;12:12:22;-;-; 57.60; 0.5;-; 75.5; 75.2; 30.1; 0.7; 29.4;2132; 0.4; 0.4; 0.4;24; 23.2;B;0;-;On;On;Off; 27.2; 28.9;0;7;1654;7;1654;7;1468;1;-
2026/04/30;12:13:22;-;-; 57.60; 0.9;-; 74.8; 75.1; 52.6; 52.6; 0.0;2132; 0.4; 0.4; 0.4;23; 23.2;B;0;-;On;On;Off; 29.1; 29.0;0;7;1654;7;1654;7;1468;1;-
2026/04/30;12:14:22;-;-; 57.60; 1.0;-; 74.6; 75.0; 59.5; 59.5; 0.0;2132; 0.6; 0.6; 0.6;36; 23.2;B;0;-;On;On;Off; 29.6; 29.3;0;7;1654;7;1654;7;1468;1;-
2026/04/30;12:15:21;-;-; 57.62; 0.9;-; 75.0; 75.3; 49.5; 49.5; 0.0;2132; 0.7; 0.6; 0.6;37; 23.2;B;0;-;On;On;Off; 29.8; 29.4;0;7;1654;7;1654;7;1468;1;-
2026/04/30;12:16:21;-;-; 57.60; 0.5;-; 75.2; 74.9; 30.1; 30.1; 0.0;2132; 0.7; 0.6; 0.6;37; 23.2;B;0;-;On;On;Off; 29.9; 29.5;0;7;1654;7;1654;7;1468;1;-
2026/04/30;12:17:21;-;-; 57.60; 1.0;-; 72.7; 73.3; 60.3; 60.3; 0.0;2132; 0.7; 0.6; 0.6;37; 23.2;B;0;-;On;On;Off; 30.0; 29.7;0;7;1654;7;1654;7;1468;1;-
2026/04/30;12:18:21;-;-; 57.60; 0.6;-; 75.6; 75.5; 34.0; 11.6; 22.4;2132; 0.7; 0.6; 0.6;37; 23.2;B;0;-;On;On;Off; 30.2; 29.8;0;7;1654;7;1654;7;1468;1;-
2026/04/30;12:19:21;-;-; 57.62; 1.0;-; 72.2; 73.8; 58.7; 58.7; 0.0;2132; 0.7; 0.6; 0.6;37; 23.2;B;0;-;On;On;Off; 30.2; 29.9;0;7;1654;7;1654;7;1468;1;-
2026/04/30;12:20:21;-;-; 57.62; 0.4;-; 72.4; 72.9; 23.1; 22.4; 0.8;2132; 0.7; 0.6; 0.6;36; 23.2;B;0;-;On;On;Off; 30.3; 29.9;0;7;1654;7;1654;7;1468;1;-
2026/04/30;12:21:21;-;-; 57.62; 0.3;-; 76.5; 76.1; 17.7; 17.0; 0.7;2132; 0.6; 0.6; 0.6;33; 23.2;B;0;-;On;On;Off; 30.2; 27.9;0;7;1654;7;1654;7;1468;1;-
2026/04/30;12:22:21;-;-; 57.62; 0.8;-; 76.2; 75.2; 46.4; 0.0; 46.4;2132; 0.4; 0.4; 0.4;23; 23.2;B;0;-;On;On;Off; 30.1; 28.9;0;7;1654;7;1654;7;1468;1;-
2026/04/30;12:23:21;-;-; 57.62; 0.7;-; 76.0; 75.7; 41.7; 0.0; 41.7;2132; 0.5; 0.5; 0.5;29; 23.2;B;0;-;On;On;Off; 30.3; 29.8;0;7;1654;7;1654;7;1468;1;-
2026/04/30;12:24:21;-;-; 57.62; 0.7;-; 75.7; 75.4; 41.0; 41.0; 0.0;2132; 0.6; 0.6; 0.6;36; 23.2;B;0;-;On;On;Off; 30.5; 30.0;0;7;1654;7;1654;7;1468;1;-
2026/04/30;12:25:21;-;-; 57.60; 0.6;-; 75.7; 75.4; 34.8; 34.8; 0.0;2132; 0.6; 0.6; 0.6;36; 23.2;B;0;-;On;On;Off; 30.6; 30.1;0;7;1654;7;1654;7;1468;1;-
2026/04/30;12:26:21;-;-; 57.60; 0.5;-; 75.2; 75.4; 30.1; 11.6; 18.5;2132; 0.6; 0.6; 0.6;36; 23.2;B;0;-;On;On;Off; 30.6; 30.2;0;7;1654;7;1654;7;1468;1;-
2026/04/30;12:27:21;-;-; 57.62; 0.7;-; 75.3; 75.0; 38.6; 21.6; 17.0;2132; 0.6; 0.6; 0.6;36; 23.2;B;0;-;On;On;Off; 30.7; 30.3;0;7;1654;7;1654;7;1468;1;-
2026/04/30;12:28:21;-;-; 57.60; 1.0;-; 75.0; 75.4; 60.3; 60.3; 0.0;2132; 0.6; 0.6; 0.6;36; 23.2;B;0;-;On;On;Off; 30.8; 30.3;0;7;1654;7;1654;7;1468;1;-
2026/04/30;12:29:21;-;-; 57.62; 1.2;-; 70.9; 72.3; 68.1; 68.1; 0.0;2132; 0.7; 0.6; 0.6;36; 23.2;B;0;-;On;On;Off; 30.8; 30.4;0;7;1654;7;1654;7;1468;1;-
2026/04/30;12:30:20;-;-; 57.62; 0.5;-; 71.7; 71.9; 27.8; 27.1; 0.8;2132; 0.7; 0.6; 0.6;36; 23.2;B;0;-;On;On;Off; 30.8; 30.0;0;7;1654;7;1654;7;1468;1;-
2026/04/30;12:31:20;-;-; 57.62; 0.4;-; 72.9; 72.5; 22.4; 21.6; 0.8;2132; 0.6; 0.6; 0.6;32; 23.2;B;0;-;On;On;Off; 30.6; 28.3;0;7;1654;7;1654;7;1468;1;-
2026/04/30;12:32:20;-;-; 57.60; 1.1;-; 72.7; 73.5; 63.4; 63.4; 0.0;2132; 0.4; 0.4; 0.4;24; 23.2;B;0;-;On;On;Off; 30.5; 29.6;0;7;1654;7;1654;7;1468;1;-
2026/04/30;12:33:20;-;-; 57.62; 1.2;-; 72.1; 73.6; 66.5; 66.5; 0.0;2132; 0.6; 0.5; 0.5;32; 23.2;B;0;-;On;On;Off; 30.7; 30.3;0;7;1654;7;1654;7;1468;1;-
2026/04/30;12:34:20;-;-; 57.62; 0.3;-; 73.3; 73.1; 20.1; 19.3; 0.8;2132; 0.7; 0.6; 0.6;37; 23.2;B;0;-;On;On;Off; 30.7; 28.4;0;7;1654;7;1654;7;1468;1;-
2026/04/30;12:35:20;-;-; 57.62; 1.0;-; 75.1; 75.8; 59.5; 59.5; 0.0;2132; 0.4; 0.4; 0.4;24; 23.2;B;0;-;On;On;Off; 30.5; 28.3;0;7;1654;7;1654;7;1468;1;-
2026/04/30;12:36:20;-;-; 57.62; 0.7;-; 77.7; 77.0; 39.4; 5.4; 34.0;2132; 0.5; 0.5; 0.5;26; 23.2;B;0;-;On;On;Off; 30.7; 30.2;0;7;1654;7;1654;7;1468;1;-
2026/04/30;12:37:20;-;-; 57.62; 1.1;-; 74.7; 75.9; 64.2; 64.2; 0.0;2132; 0.6; 0.6; 0.6;35; 23.2;B;0;-;On;On;Off; 30.9; 30.4;0;7;1654;7;1654;7;1468;1;-
2026/04/30;12:38:20;-;-; 57.60; 0.9;-; 77.5; 76.6; 49.5; 0.0; 49.5;2132; 0.6; 0.6; 0.6;36; 23.2;B;0;-;On;On;Off; 31.0; 30.5;0;7;1654;7;1654;7;1468;1;-
2026/04/30;12:39:20;-;-; 57.60; 0.6;-; 76.6; 76.7; 35.5; 35.5; 0.0;2132; 0.6; 0.6; 0.6;35; 23.2;B;0;-;On;On;Off; 31.0; 30.6;0;7;1654;7;1654;7;1468;1;-
2026/04/30;12:40:20;-;-; 57.62; 0.8;-; 76.9; 76.2; 47.1; 0.0; 47.1;2132; 0.6; 0.6; 0.6;35; 23.2;B;0;-;On;On;Off; 31.1; 30.6;0;7;1654;7;1654;7;1468;1;-
2026/04/30;12:41:20;-;-; 57.62; 0.8;-; 76.1; 76.3; 48.7; 48.7; 0.0;2132; 0.6; 0.6; 0.6;35; 23.2;B;0;-;On;On;Off; 31.2; 30.6;0;7;1654;7;1654;7;1468;1;-
2026/04/30;12:42:20;-;-; 57.62; 0.7;-; 76.2; 75.3; 37.9; 13.9; 23.9;2132; 0.6; 0.6; 0.6;36; 23.2;B;0;-;On;On;Off; 31.2; 30.7;0;7;1654;7;1654;7;1468;1;-
2026/04/30;12:43:20;-;-; 57.62; 0.6;-; 75.5; 75.3; 35.6; 12.4; 23.2;2132; 0.6; 0.6; 0.6;36; 23.2;B;0;-;On;On;Off; 31.3; 30.8;0;7;1654;7;1654;7;1468;1;-
2026/04/30;12:44:20;-;-; 57.60; 0.5;-; 75.4; 75.1; 30.9; 17.8; 13.1;2132; 0.6; 0.6; 0.6;36; 23.2;B;0;-;On;On;Off; 31.3; 30.8;0;7;1654;7;1654;7;1468;1;-
2026/04/30;12:45:20;-;-; 57.62; 1.1;-; 72.6; 73.3; 63.4; 63.4; 0.0;2132; 0.6; 0.6; 0.6;36; 23.2;B;0;-;On;On;Off; 31.3; 30.9;0;7;1654;7;1654;7;1468;1;-
2026/04/30;12:46:19;-;-; 57.62; 0.4;-; 72.7; 72.5; 22.4; 21.6; 0.8;2132; 0.7; 0.6; 0.6;37; 23.2;B;0;-;On;On;Off; 31.3; 29.7;0;7;1654;7;1654;7;1468;1;-
2026/04/30;12:47:19;-;-; 57.62; 0.3;-; 73.0; 72.8; 18.5; 17.8; 0.8;2132; 0.5; 0.5; 0.5;30; 23.2;B;0;-;On;On;Off; 31.1; 28.7;0;7;1654;7;1654;7;1468;1;-
2026/04/30;12:48:19;-;-; 57.62; 0.2;-; 73.6; 73.2; 10.8; 10.8; 0.0;2132; 0.4; 0.4; 0.4;23; 23.2;B;0;-;On;On;Off; 30.9; 28.5;0;7;1654;7;1654;7;1468;1;-
2026/04/30;12:49:19;-;-; 57.64; 1.2;-; 74.4; 75.0; 66.5; 66.5; 0.0;2132; 0.4; 0.4; 0.4;23; 23.2;B;0;-;On;On;Off; 30.8; 29.3;0;7;1654;7;1654;7;1468;1;-
2026/04/30;12:50:19;-;-; 57.64; 0.4;-; 74.1; 73.8; 24.0; 23.2; 0.8;2132; 0.5; 0.5; 0.5;27; 23.2;B;0;-;On;On;Off; 30.8; 28.4;0;7;1654;7;1654;7;1468;1;-
2026/04/30;12:51:19;-;-; 57.64; 0.8;-; 77.0; 77.2; 47.9; 47.9; 0.0;2132; 0.4; 0.4; 0.4;23; 23.2;B;0;-;On;On;Off; 30.7; 29.2;0;7;1654;7;1654;7;1468;1;-
2026/04/30;12:52:19;-;-; 57.64; 0.7;-; 76.6; 76.5; 38.7; 38.7; 0.0;2132; 0.5; 0.5; 0.5;28; 23.2;B;0;-;On;On;Off; 30.9; 30.4;0;7;1654;7;1654;7;1468;1;-
2026/04/30;12:53:19;-;-; 57.64; 1.1;-; 72.7; 73.8; 62.6; 62.6; 0.0;2132; 0.6; 0.6; 0.6;35; 23.2;B;0;-;On;On;Off; 31.0; 30.6;0;7;1654;7;1654;7;1468;1;-
2026/04/30;12:54:19;-;-; 57.64; 0.3;-; 73.8; 73.6; 19.3; 18.5; 0.8;2132; 0.7; 0.6; 0.6;37; 23.2;B;0;-;On;On;Off; 31.1; 29.9;0;7;1654;7;1654;7;1468;1;-
2026/04/30;12:55:19;-;-; 57.64; 0.4;-; 74.0; 73.9; 22.4; 21.6; 0.8;2133; 0.6; 0.5; 0.5;31; 23.2;B;0;-;On;On;Off; 30.9; 28.5;0;7;1654;7;1654;7;1468;1;-
2026/04/30;12:56:19;-;-; 57.64; 1.0;-; 73.9; 74.7; 59.5; 59.5; 0.0;2133; 0.4; 0.4; 0.4;23; 23.2;B;0;-;On;On;Off; 30.7; 29.9;0;7;1654;7;1654;7;1468;1;-
2026/04/30;12:57:19;-;-; 57.62; 0.8;-; 74.8; 75.0; 48.7; 48.7; 0.0;2133; 0.6; 0.6; 0.6;31; 23.2;B;0;-;On;On;Off; 30.9; 30.5;0;7;1654;7;1654;7;1468;1;-
2026/04/30;12:58:19;-;-; 57.64; 0.5;-; 75.0; 75.1; 27.0; 25.5; 1.5;2133; 0.6; 0.6; 0.6;35; 23.2;B;0;-;On;On;Off; 30.9; 28.6;0;7;1654;7;1654;7;1468;1;-
2026/04/30;12:59:19;-;-; 57.62; 0.6;-; 74.7; 75.4; 33.2; 31.7; 1.5;2133; 0.4; 0.4; 0.4;22; 23.2;B;0;-;On;On;Off; 30.7; 28.8;0;7;1654;7;1654;7;1468;1;-
2026/04/30;13:00:19;-;-; 57.62; 0.8;-; 75.1; 75.7; 45.6; 45.6; 0.0;2133; 0.5; 0.5; 0.5;26; 23.2;B;0;-;On;On;Off; 30.9; 30.4;0;7;1654;7;1654;7;1468;1;-
2026/04/30;13:01:18;-;-; 57.62; 0.5;-; 76.1; 75.2; 31.7; 0.0; 31.7;2133; 0.6; 0.6; 0.6;35; 23.2;B;0;-;On;On;Off; 31.1; 30.5;0;7;1654;7;1654;7;1468;1;-
2026/04/30;13:02:18;-;-; 57.64; 0.6;-; 76.0; 75.5; 34.8; 34.8; 0.0;2133; 0.6; 0.6; 0.6;35; 23.2;B;0;-;On;On;Off; 31.2; 30.6;0;7;1654;7;1654;7;1468;1;-
2026/04/30;13:03:18;-;-; 57.64; 0.7;-; 75.7; 76.5; 41.0; 41.0; 0.0;2133; 0.6; 0.6; 0.6;35; 23.1;B;0;-;On;On;Off; 31.2; 30.7;0;7;1654;7;1654;7;1468;1;-
2026/04/30;13:04:18;-;-; 57.64; 0.8;-; 77.4; 76.5; 45.6; 0.0; 45.6;2133; 0.6; 0.6; 0.6;35; 23.1;B;0;-;On;On;Off; 31.3; 30.8;0;7;1654;7;1654;7;1468;1;-
2026/04/30;13:05:18;-;-; 57.64; 0.5;-; 76.4; 76.9; 31.7; 30.9; 0.8;2133; 0.6; 0.6; 0.6;34; 23.1;B;0;-;On;On;Off; 31.4; 30.9;0;7;1654;7;1654;7;1468;1;-
2026/04/30;13:06:18;-;-; 57.64; 0.6;-; 76.4; 75.8; 34.0; 3.1; 30.9;2133; 0.6; 0.6; 0.6;34; 23.1;B;0;-;On;On;Off; 31.4; 30.9;0;7;1654;7;1654;7;1468;1;-
2026/04/30;13:07:18;-;-; 57.64; 0.8;-; 76.9; 75.9; 47.2; 0.0; 47.2;2133; 0.6; 0.6; 0.6;34; 23.1;B;0;-;On;On;Off; 31.5; 30.9;0;7;1654;7;1654;7;1468;1;-
2026/04/30;13:08:18;-;-; 57.62; 0.5;-; 75.3; 75.1; 27.8; 27.8; 0.0;2133; 0.6; 0.6; 0.6;34; 23.1;B;0;-;On;On;Off; 31.5; 31.0;0;7;1654;7;1654;7;1468;1;-
2026/04/30;13:09:18;-;-; 57.64; 0.6;-; 77.1; 77.1; 35.6; 27.1; 8.5;2133; 0.6; 0.6; 0.6;34; 23.1;B;0;-;On;On;Off; 31.5; 31.1;0;7;1654;7;1654;7;1468;1;-
2026/04/30;13:10:18;-;-; 57.64; 0.6;-; 75.5; 75.9; 34.0; 14.7; 19.3;2133; 0.6; 0.6; 0.6;35; 23.1;B;0;-;On;On;Off; 31.6; 31.1;0;7;1654;7;1654;7;1468;1;-
2026/04/30;13:11:18;-;-; 57.64; 0.6;-; 76.5; 76.2; 34.8; 7.7; 27.1;2133; 0.6; 0.6; 0.6;35; 23.1;B;0;-;On;On;Off; 31.6; 31.1;0;7;1654;7;1654;7;1468;1;-
2026/04/30;13:12:18;-;-; 57.64; 1.2;-; 73.0; 74.6; 71.1; 71.1; 0.0;2133; 0.6; 0.6; 0.6;34; 23.1;B;0;-;On;On;Off; 31.6; 31.2;0;7;1654;7;1654;7;1468;1;-
2026/04/30;13:13:18;-;-; 57.64; 0.3;-; 74.0; 74.2; 17.7; 16.2; 1.5;2133; 0.6; 0.6; 0.6;35; 23.1;B;0;-;On;On;Off; 31.6; 31.0;0;7;1654;7;1654;7;1468;1;-
2026/04/30;13:14:18;-;-; 57.64; 0.2;-; 74.7; 74.5; 13.1; 12.4; 0.8;2133; 0.6; 0.6; 0.6;32; 23.1;B;0;-;On;On;Off; 31.4; 29.0;0;7;1654;7;1654;7;1468;1;-
2026/04/30;13:15:18;-;-; 57.62; 1.1;-; 73.5; 75.0; 64.9; 64.9; 0.0;2133; 0.4; 0.4; 0.4;22; 23.1;B;0;-;On;On;Off; 31.2; 30.2;0;7;1654;7;1654;7;1468;1;-
2026/04/30;13:16:17;-;-; 57.64; 0.8;-; 77.8; 78.3; 44.9; 44.9; 0.0;2133; 0.5; 0.5; 0.5;30; 23.1;B;0;-;On;On;Off; 31.4; 30.9;0;7;1654;7;1654;7;1468;1;-
2026/04/30;13:17:17;-;-; 57.64; 0.7;-; 78.5; 77.9; 42.6; 0.0; 42.6;2133; 0.6; 0.6; 0.6;35; 23.1;B;0;-;On;On;Off; 31.6; 31.0;0;7;1654;7;1654;7;1468;1;-
2026/04/30;13:18:17;-;-; 57.64; 1.2;-; 72.8; 74.7; 68.1; 68.1; 0.0;2133; 0.6; 0.6; 0.6;34; 23.1;B;0;-;On;On;Off; 31.5; 31.1;0;7;1654;7;1654;7;1468;1;-
2026/04/30;13:19:17;-;-; 57.64; 0.8;-; 74.8; 75.4; 45.6; 45.6; 0.0;2133; 0.6; 0.6; 0.6;35; 23.1;B;0;-;On;On;Off; 31.6; 31.2;0;7;1654;7;1654;7;1468;1;-
2026/04/30;13:20:17;-;-; 57.64; 0.7;-; 78.1; 77.8; 37.9; 37.9; 0.0;2133; 0.6; 0.6; 0.6;35; 23.1;B;0;-;On;On;Off; 31.7; 31.2;0;7;1654;7;1654;7;1468;1;-
2026/04/30;13:21:17;-;-; 57.64; 0.7;-; 77.6; 77.2; 37.9; 37.9; 0.0;2133; 0.6; 0.6; 0.6;34; 23.1;B;0;-;On;On;Off; 31.7; 31.2;0;7;1654;7;1654;7;1468;1;-
2026/04/30;13:22:17;-;-; 57.64; 0.5;-; 77.1; 76.8; 28.6; 27.8; 0.8;2133; 0.6; 0.6; 0.6;34; 23.1;B;0;-;On;On;Off; 31.8; 31.3;0;7;1654;7;1654;8;1469;1;-
2026/04/30;13:23:17;-;-; 57.62; 0.5;-; 76.8; 76.2; 31.6; 9.2; 22.4;2133; 0.6; 0.6; 0.6;34; 23.1;B;0;-;On;On;Off; 31.8; 31.3;0;7;1654;7;1654;8;1469;1;-
2026/04/30;13:24:17;-;-; 57.64; 0.8;-; 76.1; 76.2; 48.7; 48.7; 0.0;2133; 0.6; 0.6; 0.6;34; 23.1;B;0;-;On;On;Off; 31.8; 31.3;0;7;1654;7;1654;8;1469;1;-
2026/04/30;13:25:17;-;-; 57.64; 0.6;-; 76.0; 75.1; 37.1; 7.7; 29.4;2133; 0.6; 0.6; 0.6;34; 23.1;B;0;-;On;On;Off; 31.8; 31.3;0;7;1654;7;1654;8;1469;1;-
2026/04/30;13:26:17;-;-; 57.64; 1.2;-; 72.0; 73.0; 71.9; 71.9; 0.0;2133; 0.6; 0.6; 0.6;34; 23.1;B;0;-;On;On;Off; 31.8; 31.4;0;7;1654;7;1654;8;1469;1;-
2026/04/30;13:27:17;-;-; 57.64; 1.0;-; 72.9; 73.6; 57.2; 57.2; 0.0;2133; 0.6; 0.6; 0.6;35; 23.1;B;0;-;On;On;Off; 31.7; 31.4;0;7;1654;7;1654;8;1469;1;-
2026/04/30;13:28:17;-;-; 57.64; 0.3;-; 74.7; 74.2; 19.3; 17.8; 1.5;2133; 0.6; 0.6; 0.6;36; 23.1;B;0;-;On;On;Off; 31.7; 29.4;0;7;1654;7;1654;8;1469;1;-
2026/04/30;13:29:17;-;-; 57.64; 0.6;-; 76.3; 76.3; 37.1; 0.0; 37.1;2133; 0.4; 0.4; 0.4;22; 23.1;B;0;-;On;On;Off; 31.4; 29.1;0;7;1654;7;1654;8;1469;1;-
2026/04/30;13:30:17;-;-; 57.62; 1.0;-; 74.9; 75.0; 57.2; 57.2; 0.0;2133; 0.5; 0.4; 0.4;25; 23.1;B;0;-;On;On;Off; 31.5; 31.0;0;7;1654;7;1654;8;1469;1;-
2026/04/30;13:31:16;-;-; 57.62; 0.9;-; 75.0; 74.9; 51.8; 51.8; 0.0;2133; 0.6; 0.6; 0.6;35; 23.1;B;0;-;On;On;Off; 31.6; 31.1;0;7;1654;7;1654;8;1469;1;-
2026/04/30;13:32:16;-;-; 57.64; 1.1;-; 74.0; 74.7; 63.4; 63.4; 0.0;2133; 0.6; 0.6; 0.6;35; 23.1;B;0;-;On;On;Off; 31.6; 31.2;0;7;1654;7;1654;8;1469;1;-
2026/04/30;13:33:16;-;-; 57.64; 1.0;-; 73.3; 74.1; 59.5; 59.5; 0.0;2133; 0.6; 0.6; 0.6;35; 23.1;B;0;-;On;On;Off; 31.6; 31.2;0;7;1654;7;1654;8;1469;1;-
2026/04/30;13:34:16;-;-; 57.66; 0.5;-; 73.8; 73.7; 29.3; 28.6; 0.8;2133; 0.6; 0.6; 0.6;35; 23.1;B;0;-;On;On;Off; 31.7; 29.9;0;7;1654;7;1654;8;1469;1;-
2026/04/30;13:35:16;-;-; 57.64; 0.3;-; 74.1; 73.7; 15.4; 14.7; 0.8;2133; 0.5; 0.5; 0.5;27; 23.1;B;0;-;On;On;Off; 31.4; 29.0;0;7;1654;7;1654;8;1469;1;-
2026/04/30;13:36:16;-;-; 57.64; 1.2;-; 73.3; 74.3; 68.1; 68.1; 0.0;2133; 0.4; 0.4; 0.4;22; 23.1;B;0;-;On;On;Off; 31.2; 30.4;0;8;1655;8;1655;8;1469;1;-
2026/04/30;13:37:16;-;-; 57.64; 0.3;-; 74.4; 73.9; 16.2; 15.5; 0.8;2133; 0.6; 0.6; 0.6;32; 23.1;B;0;-;On;On;Off; 31.4; 31.0;0;8;1655;8;1655;8;1469;1;-
2026/04/30;13:38:16;-;-; 57.64; 0.4;-; 74.8; 74.7; 21.6; 20.8; 0.8;2133; 0.6; 0.6; 0.6;32; 23.1;B;0;-;On;On;Off; 31.3; 28.9;0;8;1655;8;1655;8;1469;1;-
2026/04/30;13:39:16;-;-; 57.64; 0.8;-; 76.6; 75.7; 45.6; 0.0; 45.6;2133; 0.4; 0.4; 0.4;21; 23.1;B;0;-;On;On;Off; 31.2; 29.8;0;8;1655;8;1655;8;1469;1;-
2026/04/30;13:40:16;-;-; 57.64; 0.7;-; 76.8; 75.5; 38.6; 3.1; 35.6;2133; 0.5; 0.5; 0.5;27; 23.1;B;0;-;On;On;Off; 31.4; 30.8;0;8;1655;8;1655;8;1469;1;-
2026/04/30;13:41:16;-;-; 57.64; 0.8;-; 78.1; 77.1; 48.7; 0.0; 48.7;2133; 0.6; 0.6; 0.6;33; 23.1;B;0;-;On;On;Off; 31.5; 30.9;0;8;1655;8;1655;8;1469;1;-
2026/04/30;13:42:16;-;-; 57.64; 1.0;-; 76.3; 76.7; 60.3; 60.3; 0.0;2133; 0.6; 0.6; 0.6;33; 23.0;B;0;-;On;On;Off; 31.5; 31.0;0;8;1655;8;1655;8;1469;1;-
2026/04/30;13:43:16;-;-; 57.64; 0.9;-; 76.6; 76.8; 53.4; 53.4; 0.0;2133; 0.6; 0.6; 0.6;33; 23.1;B;0;-;On;On;Off; 31.6; 31.1;0;8;1655;8;1655;8;1469;1;-
2026/04/30;13:44:16;-;-; 57.64; 0.7;-; 76.4; 75.5; 41.0; 0.0; 41.0;2133; 0.6; 0.6; 0.6;34; 23.0;B;0;-;On;On;Off; 31.6; 31.1;0;8;1655;8;1655;8;1469;1;-
2026/04/30;13:45:16;-;-; 57.62; 0.9;-; 75.0; 75.3; 53.3; 53.3; 0.0;2133; 0.6; 0.6; 0.6;33; 23.0;B;0;-;On;On;Off; 31.6; 31.1;0;8;1655;8;1655;8;1469;1;-
2026/04/30;13:46:15;-;-; 57.64; 1.0;-; 74.1; 74.6; 60.3; 60.3; 0.0;2133; 0.6; 0.6; 0.6;34; 23.0;B;0;-;On;On;Off; 31.6; 31.2;0;8;1655;8;1655;8;1469;1;-
2026/04/30;13:47:15;-;-; 57.66; 0.5;-; 73.7; 73.5; 27.0; 26.3; 0.8;2133; 0.6; 0.6; 0.6;34; 23.0;B;0;-;On;On;Off; 31.6; 31.2;0;8;1655;8;1655;8;1469;1;-
2026/04/30;13:48:15;-;-; 57.64; 0.4;-; 73.2; 73.0; 25.5; 24.7; 0.8;2133; 0.6; 0.6; 0.6;31; 23.0;B;0;-;On;On;Off; 31.4; 29.1;0;8;1655;8;1655;8;1469;1;-
2026/04/30;13:49:15;-;-; 57.64; 0.3;-; 73.3; 73.0; 20.1; 19.3; 0.8;2133; 0.4; 0.4; 0.4;21; 23.0;B;0;-;On;On;Off; 31.2; 28.9;0;8;1655;8;1655;8;1469;1;-
2026/04/30;13:50:15;-;-; 57.64; 0.4;-; 72.3; 72.3; 25.5; 24.7; 0.8;2133; 0.4; 0.4; 0.4;21; 23.0;B;0;-;On;On;Off; 31.1; 28.7;0;8;1655;8;1655;8;1469;1;-
2026/04/30;13:51:15;-;-; 57.64; 0.4;-; 72.7; 72.5; 24.0; 23.2; 0.8;2133; 0.4; 0.4; 0.4;21; 23.0;B;0;-;On;On;Off; 31.0; 28.5;0;8;1655;8;1655;8;1469;1;-
2026/04/30;13:52:15;-;-; 57.66; 0.6;-; 73.1; 73.1; 32.5; 27.8; 4.6;2133; 0.4; 0.4; 0.4;21; 23.0;B;0;-;On;On;Off; 30.9; 28.4;0;8;1655;8;1655;8;1469;1;-
2026/04/30;13:53:15;-;-; 57.66; 0.5;-; 73.4; 73.4; 26.3; 25.5; 0.8;2133; 0.4; 0.4; 0.4;22; 23.0;B;0;-;On;On;Off; 30.8; 28.4;0;8;1655;8;1655;8;1469;1;-
2026/04/30;13:54:15;-;-; 57.66; 0.3;-; 73.9; 73.7; 20.1; 19.3; 0.8;2133; 0.4; 0.4; 0.4;21; 23.0;B;0;-;On;On;Off; 30.7; 28.3;0;8;1655;8;1655;8;1469;1;-
2026/04/30;13:55:15;-;-; 57.66; 0.4;-; 74.4; 74.4; 24.0; 23.2; 0.8;2134; 0.4; 0.4; 0.4;21; 23.0;B;0;-;On;On;Off; 30.7; 28.2;0;8;1655;8;1655;8;1469;1;-
2026/04/30;13:56:15;-;-; 57.66; 1.1;-; 74.7; 75.4; 63.4; 63.4; 0.0;2134; 0.4; 0.4; 0.4;21; 23.0;B;0;-;On;On;Off; 30.7; 29.9;0;8;1655;8;1655;8;1469;1;-
2026/04/30;13:57:15;-;-; 57.66; 0.8;-; 74.6; 75.4; 43.3; 43.3; 0.0;2134; 0.6; 0.6; 0.6;32; 23.0;B;0;-;On;On;Off; 30.9; 30.4;0;8;1655;8;1655;8;1469;1;-
2026/04/30;13:58:15;-;-; 57.64; 0.8;-; 74.9; 75.6; 45.6; 45.6; 0.0;2134; 0.6; 0.6; 0.6;35; 23.0;B;0;-;On;On;Off; 31.1; 30.5;0;8;1655;8;1655;8;1469;1;-
2026/04/30;13:59:15;-;-; 57.64; 0.8;-; 75.4; 75.4; 46.4; 46.4; 0.0;2134; 0.6; 0.6; 0.6;34; 23.0;B;0;-;On;On;Off; 31.2; 30.6;0;8;1655;8;1655;8;1469;1;-
2026/04/30;14:00:15;-;-; 57.66; 0.5;-; 75.3; 75.9; 31.7; 15.5; 16.2;2134; 0.6; 0.6; 0.6;34; 23.0;B;0;-;On;On;Off; 31.2; 30.7;0;8;1655;8;1655;8;1469;1;-
2026/04/30;14:01:14;-;-; 57.66; 0.9;-; 74.6; 75.5; 53.4; 53.4; 0.0;2134; 0.6; 0.6; 0.6;34; 23.0;B;0;-;On;On;Off; 31.3; 30.8;0;8;1655;8;1655;8;1469;1;-
2026/04/30;14:02:14;-;-; 57.64; 1.0;-; 74.5; 75.1; 56.5; 56.5; 0.0;2134; 0.6; 0.6; 0.6;35; 23.0;B;0;-;On;On;Off; 31.3; 30.8;0;8;1655;8;1655;8;1469;1;-
2026/04/30;14:03:14;-;-; 57.66; 0.3;-; 75.0; 74.7; 17.7; 17.0; 0.8;2134; 0.6; 0.6; 0.6;34; 23.0;B;0;-;On;On;Off; 31.2; 28.9;0;8;1655;8;1655;8;1469;1;-
2026/04/30;14:04:14;-;-; 57.66; 1.2;-; 74.0; 75.1; 66.5; 66.5; 0.0;2134; 0.4; 0.4; 0.4;22; 23.0;B;0;-;On;On;Off; 30.9; 29.3;0;8;1655;8;1655;8;1469;1;-
2026/04/30;14:05:14;-;-; 57.62; 1.2;-; 73.8; 75.0; 67.3; 67.3; 0.0;2134; 0.5; 0.5; 0.5;27; 23.0;B;0;-;On;On;Off; 31.1; 30.6;0;8;1655;8;1655;8;1469;1;-
2026/04/30;14:06:14;-;-; 57.66; 0.3;-; 74.8; 74.7; 15.4; 14.7; 0.8;2134; 0.6; 0.6; 0.6;35; 23.0;B;0;-;On;On;Off; 31.2; 29.1;0;8;1655;8;1655;8;1469;1;-
2026/04/30;14:07:14;-;-; 57.66; 0.5;-; 74.6; 74.6; 26.3; 25.5; 0.8;2134; 0.4; 0.4; 0.4;24; 23.0;B;0;-;On;On;Off; 31.0; 28.5;0;8;1655;8;1655;8;1469;1;-
2026/04/30;14:08:14;-;-; 57.66; 1.0;-; 74.0; 75.2; 60.3; 60.3; 0.0;2134; 0.4; 0.4; 0.4;21; 23.0;B;0;-;On;On;Off; 31.0; 30.4;0;8;1655;8;1655;8;1469;1;-
2026/04/30;14:09:14;-;-; 57.66; 0.3;-; 74.5; 74.7; 19.3; 18.5; 0.8;2134; 0.6; 0.6; 0.6;34; 23.0;B;0;-;On;On;Off; 31.2; 30.1;0;8;1655;8;1655;8;1469;1;-
2026/04/30;14:10:14;-;-; 57.66; 0.4;-; 74.7; 74.7; 22.4; 21.7; 0.8;2134; 0.5; 0.5; 0.5;30; 23.0;B;0;-;On;On;Off; 31.0; 28.6;0;8;1655;8;1655;8;1469;1;-
2026/04/30;14:11:14;-;-; 57.66; 1.1;-; 74.3; 75.4; 63.4; 63.4; 0.0;2134; 0.4; 0.4; 0.4;21; 23.0;B;0;-;On;On;Off; 30.9; 30.0;0;8;1655;8;1655;8;1469;1;-
2026/04/30;14:12:14;-;-; 57.66; 1.0;-; 74.7; 75.5; 54.9; 54.9; 0.0;2134; 0.5; 0.5; 0.5;30; 23.0;B;0;-;On;On;Off; 31.1; 30.6;0;8;1655;8;1655;8;1469;1;-
2026/04/30;14:13:14;-;-; 57.66; 0.5;-; 74.8; 74.9; 30.1; 28.6; 1.5;2134; 0.6; 0.6; 0.6;34; 23.0;B;0;-;On;On;Off; 31.1; 28.7;0;8;1655;8;1655;8;1469;1;-
2026/04/30;14:14:14;-;-; 57.64; 1.0;-; 74.1; 75.2; 54.9; 54.9; 0.0;2134; 0.4; 0.4; 0.4;21; 23.0;B;0;-;On;On;Off; 30.8; 28.7;0;8;1655;8;1655;8;1469;1;-
2026/04/30;14:15:14;-;-; 57.66; 1.2;-; 73.6; 75.2; 71.2; 71.2; 0.0;2134; 0.4; 0.4; 0.4;25; 23.0;B;0;-;On;On;Off; 30.9; 30.5;0;8;1655;8;1655;8;1469;1;-
2026/04/30;14:16:13;-;-; 57.66; 0.4;-; 74.7; 74.7; 23.9; 22.4; 1.5;2134; 0.6; 0.6; 0.6;34; 23.0;B;0;-;On;On;Off; 31.1; 29.2;0;8;1655;8;1655;8;1469;1;-
2026/04/30;14:17:13;-;-; 57.66; 0.3;-; 74.7; 74.6; 15.4; 14.7; 0.8;2134; 0.5; 0.5; 0.5;26; 23.0;B;0;-;On;On;Off; 30.9; 28.5;0;8;1655;8;1655;8;1469;1;-
2026/04/30;14:18:13;-;-; 57.66; 1.2;-; 73.0; 74.9; 67.3; 67.3; 0.0;2134; 0.4; 0.4; 0.4;21; 23.0;B;0;-;On;On;Off; 30.8; 30.2;0;8;1655;8;1655;8;1469;1;-
2026/04/30;14:19:13;-;-; 57.66; 0.3;-; 74.1; 73.9; 18.5; 17.8; 0.8;2134; 0.6; 0.6; 0.6;33; 23.0;B;0;-;On;On;Off; 31.0; 30.5;0;8;1655;8;1655;8;1469;1;-
2026/04/30;14:20:13;-;-; 57.66; 0.5;-; 73.9; 74.2; 28.6; 27.8; 0.8;2134; 0.6; 0.6; 0.6;31; 23.0;B;0;-;On;On;Off; 30.9; 28.5;0;8;1655;8;1655;8;1469;1;-
2026/04/30;14:21:13;-;-; 57.64; 1.0;-; 73.3; 75.1; 58.0; 58.0; 0.0;2134; 0.4; 0.4; 0.4;21; 23.0;B;0;-;On;On;Off; 30.7; 29.7;0;8;1655;8;1655;8;1469;1;-
2026/04/30;14:22:13;-;-; 57.66; 1.1;-; 73.3; 75.2; 61.1; 61.1; 0.0;2134; 0.5; 0.5; 0.5;29; 23.0;B;0;-;On;On;Off; 30.9; 30.5;0;8;1655;8;1655;8;1469;1;-
2026/04/30;14:23:13;-;-; 57.66; 0.3;-; 74.7; 74.8; 19.3; 18.5; 0.8;2134; 0.6; 0.6; 0.6;34; 23.0;B;0;-;On;On;Off; 31.0; 28.7;0;8;1655;8;1655;8;1469;1;-
2026/04/30;14:24:13;-;-; 57.64; 0.3;-; 75.0; 74.9; 18.5; 17.8; 0.8;2134; 0.4; 0.4; 0.4;22; 23.0;B;0;-;On;On;Off; 30.8; 28.4;0;8;1655;8;1655;8;1469;1;-
2026/04/30;14:25:13;-;-; 57.66; 0.8;-; 74.4; 75.4; 44.1; 44.1; 0.0;2134; 0.4; 0.4; 0.4;23; 23.0;B;0;-;On;On;Off; 30.9; 30.3;0;8;1655;8;1655;8;1469;1;-
2026/04/30;14:26:13;-;-; 57.66; 0.3;-; 75.0; 74.9; 17.0; 16.2; 0.8;2134; 0.6; 0.6; 0.6;34; 23.0;B;0;-;On;On;Off; 31.1; 29.4;0;8;1655;8;1655;8;1469;1;-
2026/04/30;14:27:13;-;-; 57.66; 0.4;-; 74.9; 75.1; 21.6; 20.8; 0.8;2134; 0.5; 0.5; 0.5;27; 22.9;B;0;-;On;On;Off; 30.8; 28.4;0;8;1655;8;1655;8;1469;1;-
2026/04/30;14:28:13;-;-; 57.64; 1.0;-; 74.1; 75.7; 58.0; 58.0; 0.0;2134; 0.4; 0.4; 0.4;20; 23.0;B;0;-;On;On;Off; 30.8; 30.1;0;8;1655;8;1655;8;1469;1;-
2026/04/30;14:29:13;-;-; 57.64; 0.6;-; 75.6; 75.2; 34.0; 17.0; 17.0;2134; 0.6; 0.6; 0.6;31; 23.0;B;0;-;On;On;Off; 31.0; 30.5;0;8;1655;8;1655;8;1469;1;-
2026/04/30;14:30:13;-;-; 57.66; 0.8;-; 75.4; 75.8; 44.1; 44.1; 0.0;2134; 0.6; 0.6; 0.6;33; 23.0;B;0;-;On;On;Off; 31.1; 30.6;0;8;1655;8;1655;8;1469;1;-
2026/04/30;14:31:12;-;-; 57.66; 0.6;-; 75.9; 76.0; 36.3; 20.1; 16.2;2134; 0.6; 0.6; 0.6;33; 23.0;B;0;-;On;On;Off; 31.2; 30.7;0;8;1655;8;1655;8;1469;1;-
2026/04/30;14:32:12;-;-; 57.66; 1.2;-; 74.9; 76.3; 68.1; 68.1; 0.0;2134; 0.6; 0.6; 0.6;33; 23.0;B;0;-;On;On;Off; 31.3; 30.8;0;8;1655;8;1655;8;1469;1;-
2026/04/30;14:33:12;-;-; 57.64; 0.6;-; 75.6; 76.0; 37.1; 37.1; 0.0;2134; 0.6; 0.6; 0.6;33; 23.0;B;0;-;On;On;Off; 31.3; 30.8;0;8;1655;8;1655;8;1469;1;-
2026/04/30;14:34:12;-;-; 57.66; 0.7;-; 76.2; 75.2; 39.5; 0.0; 39.5;2134; 0.6; 0.6; 0.6;33; 23.0;B;0;-;On;On;Off; 31.4; 30.9;0;8;1655;8;1655;8;1469;1;-
2026/04/30;14:35:12;-;-; 57.66; 0.6;-; 76.0; 75.8; 36.3; 31.7; 4.6;2134; 0.6; 0.6; 0.6;33; 22.9;B;0;-;On;On;Off; 31.5; 30.9;0;8;1655;8;1655;8;1469;1;-
2026/04/30;14:36:12;-;-; 57.66; 0.8;-; 76.5; 75.3; 47.9; 0.0; 47.9;2134; 0.6; 0.6; 0.6;33; 22.9;B;0;-;On;On;Off; 31.5; 31.0;0;8;1655;8;1655;8;1469;1;-
2026/04/30;14:37:12;-;-; 57.66; 0.6;-; 76.5; 75.5; 34.8; 1.5; 33.3;2134; 0.6; 0.6; 0.6;33; 22.9;B;0;-;On;On;Off; 31.5; 31.0;0;8;1655;8;1655;8;1469;1;-
2026/04/30;14:38:12;-;-; 57.64; 1.0;-; 75.6; 76.4; 56.5; 56.5; 0.0;2134; 0.6; 0.6; 0.6;33; 22.9;B;0;-;On;On;Off; 31.6; 31.1;0;8;1655;8;1655;8;1469;1;-
2026/04/30;14:39:12;-;-; 57.66; 1.0;-; 75.3; 76.1; 57.2; 57.2; 0.0;2134; 0.6; 0.6; 0.6;33; 22.9;B;0;-;On;On;Off; 31.6; 31.1;0;8;1655;8;1655;8;1469;1;-
2026/04/30;14:40:12;-;-; 57.64; 0.5;-; 76.1; 75.2; 30.1; 7.7; 22.4;2134; 0.6; 0.6; 0.6;33; 22.9;B;0;-;On;On;Off; 31.6; 31.1;0;8;1655;8;1655;8;1469;1;-
2026/04/30;14:41:12;-;-; 57.66; 1.0;-; 74.6; 76.0; 55.7; 55.7; 0.0;2134; 0.6; 0.6; 0.6;33; 22.9;B;0;-;On;On;Off; 31.7; 31.2;0;8;1655;8;1655;8;1469;1;-
2026/04/30;14:42:12;-;-; 57.66; 1.0;-; 74.5; 75.8; 54.9; 54.9; 0.0;2134; 0.6; 0.6; 0.6;33; 22.9;B;0;-;On;On;Off; 31.7; 31.2;0;8;1655;8;1655;8;1469;1;-
2026/04/30;14:43:12;-;-; 57.66; 0.7;-; 74.4; 75.4; 42.6; 42.6; 0.0;2134; 0.6; 0.6; 0.6;33; 22.9;B;0;-;On;On;Off; 31.7; 31.2;0;8;1655;8;1655;8;1469;1;-
2026/04/30;14:44:12;-;-; 57.66; 0.3;-; 75.2; 75.0; 17.0; 16.2; 0.8;2134; 0.6; 0.6; 0.6;33; 22.9;B;0;-;On;On;Off; 31.7; 29.8;0;8;1655;8;1655;8;1469;1;-
2026/04/30;14:45:12;-;-; 57.66; 0.3;-; 75.4; 75.3; 18.5; 17.8; 0.8;2134; 0.5; 0.5; 0.5;25; 22.9;B;0;-;On;On;Off; 31.4; 29.0;0;8;1655;8;1655;8;1469;1;-
2026/04/30;14:46:11;-;-; 57.66; 0.6;-; 75.2; 75.7; 33.2; 24.7; 8.5;2134; 0.4; 0.4; 0.4;20; 22.9;B;0;-;On;On;Off; 31.4; 30.7;0;8;1655;8;1655;8;1469;1;-
2026/04/30;14:47:11;-;-; 57.66; 0.9;-; 74.9; 76.0; 52.6; 52.6; 0.0;2134; 0.6; 0.6; 0.6;32; 22.9;B;0;-;On;On;Off; 31.5; 31.0;0;8;1655;8;1655;8;1469;1;-
2026/04/30;14:48:11;-;-; 57.66; 1.0;-; 74.8; 76.1; 57.2; 57.2; 0.0;2134; 0.6; 0.6; 0.6;33; 22.9;B;0;-;On;On;Off; 31.6; 31.1;0;8;1655;8;1655;8;1469;1;-
2026/04/30;14:49:11;-;-; 57.66; 1.0;-; 74.4; 75.8; 55.7; 55.7; 0.0;2134; 0.6; 0.6; 0.6;33; 22.9;B;0;-;On;On;Off; 31.6; 31.2;0;8;1655;8;1655;8;1469;1;-
2026/04/30;14:50:11;-;-; 57.66; 0.6;-; 74.7; 75.4; 32.5; 31.7; 0.8;2134; 0.6; 0.6; 0.6;33; 22.9;B;0;-;On;On;Off; 31.6; 31.2;0;8;1655;8;1655;8;1469;1;-
2026/04/30;14:51:11;-;-; 57.66; 0.4;-; 75.1; 74.9; 20.8; 19.3; 1.5;2134; 0.6; 0.6; 0.6;33; 22.9;B;0;-;On;On;Off; 31.7; 30.4;0;8;1655;8;1655;8;1469;1;-
2026/04/30;14:52:11;-;-; 57.66; 0.4;-; 74.7; 75.1; 20.8; 20.1; 0.8;2134; 0.5; 0.5; 0.5;27; 22.9;B;0;-;On;On;Off; 31.4; 29.0;0;8;1655;8;1655;8;1469;1;-
2026/04/30;14:53:11;-;-; 57.66; 1.1;-; 74.1; 75.7; 61.9; 61.9; 0.0;2134; 0.4; 0.4; 0.4;19; 22.9;B;0;-;On;On;Off; 31.3; 30.5;0;8;1655;8;1655;8;1469;1;-
2026/04/30;14:54:11;-;-; 57.66; 1.0;-; 74.0; 75.8; 60.3; 60.3; 0.0;2134; 0.5; 0.5; 0.5;29; 22.9;B;0;-;On;On;Off; 31.5; 30.9;0;8;1655;8;1655;8;1469;1;-
2026/04/30;14:55:11;-;-; 57.66; 0.4;-; 75.1; 75.2; 23.2; 22.4; 0.8;2135; 0.6; 0.6; 0.6;32; 22.9;B;0;-;On;On;Off; 31.4; 29.0;0;8;1655;8;1655;8;1469;1;-
2026/04/30;14:56:11;-;-; 57.66; 0.9;-; 74.7; 75.8; 53.4; 53.4; 0.0;2135; 0.3; 0.4; 0.4;19; 22.9;B;0;-;On;On;Off; 31.2; 29.2;0;8;1655;8;1655;8;1469;1;-
2026/04/30;14:57:11;-;-; 57.66; 0.7;-; 74.7; 75.6; 39.5; 39.5; 0.0;2135; 0.4; 0.5; 0.5;24; 22.9;B;0;-;On;On;Off; 31.3; 30.7;0;8;1655;8;1655;8;1469;1;-
2026/04/30;14:58:11;-;-; 57.66; 0.5;-; 75.3; 75.3; 31.7; 27.8; 3.9;2135; 0.6; 0.6; 0.6;33; 22.9;B;0;-;On;On;Off; 31.4; 30.9;0;8;1655;8;1655;8;1469;1;-
2026/04/30;14:59:11;-;-; 57.64; 0.6;-; 75.0; 75.2; 33.2; 24.0; 9.2;2135; 0.6; 0.6; 0.6;33; 22.9;B;0;-;On;On;Off; 31.5; 31.0;0;8;1655;8;1655;8;1469;1;-
2026/04/30;15:00:11;-;-; 57.66; 0.7;-; 74.7; 75.3; 41.0; 41.0; 0.0;2135; 0.6; 0.6; 0.6;33; 22.9;B;0;-;On;On;Off; 31.5; 31.1;0;8;1655;8;1655;8;1469;1;-
2026/04/30;15:01:10;-;-; 57.68; 0.4;-; 75.1; 75.2; 22.4; 21.7; 0.8;2135; 0.6; 0.6; 0.6;33; 22.9;B;0;-;On;On;Off; 31.5; 29.5;0;8;1655;8;1655;8;1469;1;-
2026/04/30;15:02:10;-;-; 57.64; 0.2;-; 75.7; 75.8; 13.1; 12.4; 0.8;2135; 0.4; 0.5; 0.5;24; 22.9;B;0;-;On;On;Off; 31.3; 28.8;0;8;1655;8;1655;8;1469;1;-
2026/04/30;15:03:10;-;-; 57.66; 0.6;-; 76.4; 75.6; 34.0; 2.3; 31.7;2135; 0.4; 0.4; 0.4;20; 22.9;B;0;-;On;On;Off; 31.3; 30.6;0;8;1655;8;1655;8;1469;1;-
2026/04/30;15:04:10;-;-; 57.64; 0.7;-; 76.0; 76.8; 39.5; 39.5; 0.0;2135; 0.6; 0.6; 0.6;32; 22.8;B;0;-;On;On;Off; 31.4; 30.9;0;8;1655;8;1655;8;1469;1;-
2026/04/30;15:05:10;-;-; 57.66; 0.6;-; 77.7; 76.8; 37.1; 0.0; 37.1;2135; 0.6; 0.6; 0.6;32; 22.8;B;0;-;On;On;Off; 31.5; 31.0;0;8;1655;8;1655;8;1469;1;-
2026/04/30;15:06:10;-;-; 57.64; 0.6;-; 77.3; 77.2; 37.1; 37.1; 0.0;2135; 0.6; 0.6; 0.6;32; 22.8;B;0;-;On;On;Off; 31.6; 31.1;0;8;1655;8;1655;8;1469;1;-
2026/04/30;15:07:10;-;-; 57.66; 0.6;-; 76.5; 76.0; 37.1; 0.0; 37.1;2135; 0.6; 0.6; 0.6;31; 22.8;B;0;-;On;On;Off; 31.6; 31.1;0;8;1655;8;1655;8;1469;1;-
2026/04/30;15:08:10;-;-; 57.66; 0.5;-; 76.5; 77.3; 31.7; 10.1; 21.7;2135; 0.6; 0.6; 0.6;32; 22.8;B;0;-;On;On;Off; 31.6; 31.1;0;8;1655;8;1655;8;1469;1;-
2026/04/30;15:09:10;-;-; 57.66; 0.6;-; 76.5; 75.7; 34.0; 17.0; 17.0;2135; 0.6; 0.6; 0.6;32; 22.8;B;0;-;On;On;Off; 31.7; 31.2;0;8;1655;8;1655;8;1469;1;-
2026/04/30;15:10:10;-;-; 57.64; 0.7;-; 76.5; 75.9; 38.7; 0.0; 38.7;2135; 0.6; 0.6; 0.6;32; 22.8;B;0;-;On;On;Off; 31.7; 31.2;0;8;1655;8;1655;8;1469;1;-
2026/04/30;15:11:10;-;-; 57.66; 0.6;-; 77.9; 77.5; 33.3; 33.3; 0.0;2135; 0.6; 0.6; 0.6;32; 22.8;B;0;-;On;On;Off; 31.8; 31.3;0;8;1655;8;1655;8;1469;1;-
2026/04/30;15:12:10;-;-; 57.66; 0.7;-; 77.2; 76.7; 42.6; 0.0; 42.6;2135; 0.6; 0.6; 0.6;32; 22.8;B;0;-;On;On;Off; 31.8; 31.3;0;8;1655;8;1655;8;1469;1;-
2026/04/30;15:13:10;-;-; 57.66; 0.9;-; 76.3; 76.8; 53.4; 53.4; 0.0;2135; 0.6; 0.6; 0.6;32; 22.8;B;0;-;On;On;Off; 31.8; 31.3;0;8;1655;8;1655;8;1469;1;-
2026/04/30;15:14:10;-;-; 57.66; 0.8;-; 76.6; 75.7; 48.8; 0.0; 48.8;2135; 0.6; 0.6; 0.6;32; 22.8;B;0;-;On;On;Off; 31.8; 31.3;0;8;1655;8;1655;9;1470;1;-
2026/04/30;15:15:10;-;-; 57.66; 0.5;-; 76.1; 75.7; 31.7; 10.1; 21.7;2135; 0.6; 0.6; 0.6;33; 22.8;B;0;-;On;On;Off; 31.9; 31.4;0;8;1655;8;1655;9;1470;1;-
2026/04/30;15:16:09;-;-; 57.66; 1.2;-; 74.3; 75.0; 68.1; 68.1; 0.0;2135; 0.6; 0.6; 0.6;33; 22.8;B;0;-;On;On;Off; 31.8; 31.4;0;8;1655;8;1655;9;1470;1;-
2026/04/30;15:17:09;-;-; 57.66; 1.2;-; 74.1; 75.0; 72.0; 72.0; 0.0;2135; 0.6; 0.6; 0.6;34; 22.8;B;0;-;On;On;Off; 31.8; 31.4;0;8;1655;8;1655;9;1470;1;-
2026/04/30;15:18:09;-;-; 57.66; 0.6;-; 76.7; 76.0; 36.3; 17.8; 18.5;2135; 0.6; 0.6; 0.6;33; 22.8;B;0;-;On;On;Off; 31.9; 31.4;0;8;1655;8;1655;9;1470;1;-
2026/04/30;15:19:09;-;-; 57.66; 1.0;-; 74.9; 75.1; 58.0; 58.0; 0.0;2135; 0.6; 0.6; 0.6;33; 22.8;B;0;-;On;On;Off; 31.9; 31.4;0;8;1655;8;1655;9;1470;1;-
2026/04/30;15:20:09;-;-; 57.64; 0.4;-; 75.6; 75.6; 25.5; 10.0; 15.5;2135; 0.6; 0.6; 0.6;33; 22.8;B;0;-;On;On;Off; 31.9; 31.4;0;8;1655;8;1655;9;1470;1;-
2026/04/30;15:21:09;-;-; 57.66; 1.1;-; 73.7; 74.1; 61.9; 61.9; 0.0;2135; 0.6; 0.6; 0.6;33; 22.8;B;0;-;On;On;Off; 31.9; 31.4;0;8;1655;8;1655;9;1470;1;-
2026/04/30;15:22:09;-;-; 57.66; 1.1;-; 72.7; 73.6; 61.9; 61.9; 0.0;2135; 0.6; 0.6; 0.6;33; 22.7;B;0;-;On;On;Off; 31.9; 31.5;0;8;1655;8;1655;9;1470;1;-
2026/04/30;15:23:09;-;-; 57.66; 1.0;-; 73.0; 73.8; 58.8; 58.8; 0.0;2135; 0.6; 0.6; 0.6;33; 22.7;B;0;-;On;On;Off; 31.9; 31.5;0;8;1655;8;1655;9;1470;1;-
2026/04/30;15:24:09;-;-; 57.66; 1.1;-; 71.9; 73.1; 65.8; 65.8; 0.0;2135; 0.6; 0.6; 0.6;33; 22.7;B;0;-;On;On;Off; 31.9; 31.5;0;8;1655;8;1655;9;1470;1;-
2026/04/30;15:25:09;-;-; 57.64; 0.9;-; 74.9; 75.3; 51.8; 51.8; 0.0;2135; 0.6; 0.6; 0.6;33; 22.7;B;0;-;On;On;Off; 31.9; 31.5;0;8;1655;8;1655;9;1470;1;-
2026/04/30;15:26:09;-;-; 57.66; 1.0;-; 71.9; 73.2; 60.4; 60.4; 0.0;2135; 0.6; 0.6; 0.6;33; 22.7;B;0;-;On;On;Off; 31.9; 31.5;0;8;1655;8;1655;9;1470;1;-
2026/04/30;15:27:09;-;-; 57.66; 0.3;-; 73.0; 73.2; 20.1; 19.3; 0.8;2135; 0.6; 0.6; 0.6;34; 22.7;B;0;-;On;On;Off; 31.9; 29.9;0;9;1656;9;1656;9;1470;1;-
2026/04/30;15:28:09;-;-; 57.66; 0.5;-; 73.5; 73.6; 29.3; 28.6; 0.8;2135; 0.4; 0.4; 0.4;24; 22.7;B;0;-;On;On;Off; 31.6; 29.2;0;9;1656;9;1656;9;1470;1;-
2026/04/30;15:29:09;-;-; 57.64; 0.8;-; 75.0; 75.3; 47.9; 47.9; 0.0;2135; 0.4; 0.4; 0.4;20; 22.7;B;0;-;On;On;Off; 31.6; 31.0;0;9;1656;9;1656;9;1470;1;-
2026/04/30;15:30:09;-;-; 57.66; 1.2;-; 74.2; 75.1; 67.3; 67.3; 0.0;2135; 0.6; 0.6; 0.6;32; 22.7;B;0;-;On;On;Off; 31.7; 31.3;0;9;1656;9;1656;9;1470;1;-
2026/04/30;15:31:08;-;-; 57.66; 1.1;-; 74.3; 74.9; 65.8; 65.8; 0.0;2135; 0.6; 0.6; 0.6;33; 22.8;B;0;-;On;On;Off; 31.8; 31.4;0;9;1656;9;1656;9;1470;1;-
2026/04/30;15:32:08;-;-; 57.64; 1.0;-; 77.4; 77.8; 54.9; 54.9; 0.0;2135; 0.6; 0.6; 0.6;32; 22.7;B;0;-;On;On;Off; 31.8; 31.4;0;9;1656;9;1656;9;1470;1;-
2026/04/30;15:33:08;-;-; 57.68; 1.0;-; 76.2; 75.4; 55.7; 0.0; 55.7;2135; 0.6; 0.6; 0.6;33; 22.8;B;0;-;On;On;Off; 31.9; 31.4;0;9;1656;9;1656;9;1470;1;-
2026/04/30;15:34:08;-;-; 57.66; 1.2;-; 73.4; 74.4; 68.9; 68.9; 0.0;2135; 0.6; 0.6; 0.6;32; 22.7;B;0;-;On;On;Off; 31.9; 31.5;0;9;1656;9;1656;9;1470;1;-
2026/04/30;15:35:08;-;-; 57.66; 0.5;-; 76.2; 75.3; 31.6; 1.5; 30.1;2135; 0.6; 0.6; 0.6;32; 22.8;B;0;-;On;On;Off; 31.9; 31.5;0;9;1656;9;1656;9;1470;1;-
2026/04/30;15:36:08;-;-; 57.66; 1.1;-; 73.0; 74.2; 64.2; 64.2; 0.0;2135; 0.6; 0.6; 0.6;32; 22.8;B;0;-;On;On;Off; 31.9; 31.5;0;9;1656;9;1656;9;1470;1;-
2026/04/30;15:37:08;-;-; 57.66; 0.3;-; 73.9; 73.7; 17.7; 17.0; 0.8;2135; 0.6; 0.6; 0.6;32; 22.8;B;0;-;On;On;Off; 31.9; 30.8;0;9;1656;9;1656;9;1470;1;-
2026/04/30;15:38:08;-;-; 57.66; 0.4;-; 74.0; 73.9; 23.2; 21.7; 1.5;2135; 0.5; 0.5; 0.5;27; 22.8;B;0;-;On;On;Off; 31.7; 29.3;0;9;1656;9;1656;9;1470;1;-
2026/04/30;15:39:08;-;-; 57.64; 1.0;-; 73.8; 74.6; 60.3; 60.3; 0.0;2135; 0.3; 0.4; 0.4;19; 22.8;B;0;-;On;On;Off; 31.5; 30.7;0;9;1656;9;1656;9;1470;1;-
2026/04/30;15:40:08;-;-; 57.64; 1.1;-; 73.9; 74.8; 62.7; 62.7; 0.0;2135; 0.5; 0.5; 0.5;28; 22.8;B;0;-;On;On;Off; 31.6; 31.2;0;9;1656;9;1656;9;1470;1;-
2026/04/30;15:41:08;-;-; 57.66; 0.3;-; 74.7; 74.5; 14.7; 13.9; 0.8;2135; 0.6; 0.6; 0.6;33; 22.8;B;0;-;On;On;Off; 31.6; 29.3;0;9;1656;9;1656;9;1470;1;-
2026/04/30;15:42:08;-;-; 57.64; 1.0;-; 74.3; 75.0; 57.2; 57.2; 0.0;2135; 0.3; 0.4; 0.4;18; 22.8;B;0;-;On;On;Off; 31.4; 29.3;0;9;1656;9;1656;9;1470;1;-
2026/04/30;15:43:08;-;-; 57.66; 0.9;-; 74.3; 75.0; 54.2; 54.2; 0.0;2135; 0.4; 0.4; 0.4;23; 22.8;B;0;-;On;On;Off; 31.5; 31.0;0;9;1656;9;1656;9;1470;1;-
2026/04/30;15:44:08;-;-; 57.66; 0.3;-; 75.0; 74.9; 17.7; 17.0; 0.8;2135; 0.6; 0.6; 0.6;32; 22.8;B;0;-;On;On;Off; 31.6; 29.6;0;9;1656;9;1656;9;1470;1;-
2026/04/30;15:45:08;-;-; 57.68; 0.3;-; 75.8; 75.9; 19.3; 18.5; 0.8;2135; 0.4; 0.5; 0.5;23; 22.8;B;0;-;On;On;Off; 31.4; 28.9;0;9;1656;9;1656;9;1470;1;-
2026/04/30;15:46:07;-;-; 57.64; 0.5;-; 78.1; 78.0; 26.3; 0.8; 25.5;2135; 0.3; 0.4; 0.4;18; 22.8;B;0;-;On;On;Off; 31.4; 30.7;0;9;1656;9;1656;9;1470;1;-
2026/04/30;15:47:07;-;-; 57.66; 0.9;-; 75.2; 75.8; 52.6; 52.6; 0.0;2135; 0.5; 0.6; 0.6;31; 22.8;B;0;-;On;On;Off; 31.5; 31.0;0;9;1656;9;1656;9;1470;1;-
2026/04/30;15:48:07;-;-; 57.64; 0.6;-; 75.0; 75.4; 35.6; 34.8; 0.8;2135; 0.6; 0.6; 0.6;31; 22.8;B;0;-;On;On;Off; 31.6; 31.1;0;9;1656;9;1656;9;1470;1;-
2026/04/30;15:49:07;-;-; 57.66; 1.0;-; 74.5; 75.3; 58.0; 58.0; 0.0;2135; 0.6; 0.6; 0.6;31; 22.8;B;0;-;On;On;Off; 31.6; 31.2;0;9;1656;9;1656;9;1470;1;-
2026/04/30;15:50:07;-;-; 57.64; 0.3;-; 75.2; 74.9; 17.0; 16.2; 0.8;2135; 0.6; 0.6; 0.6;32; 22.8;B;0;-;On;On;Off; 31.6; 29.5;0;9;1656;9;1656;9;1470;1;-
2026/04/30;15:51:07;-;-; 57.66; 0.4;-; 74.8; 74.9; 24.7; 24.0; 0.8;2135; 0.4; 0.4; 0.4;22; 22.8;B;0;-;On;On;Off; 31.4; 28.9;0;9;1656;9;1656;9;1470;1;-
2026/04/30;15:52:07;-;-; 57.66; 0.9;-; 74.9; 75.8; 53.4; 53.4; 0.0;2135; 0.3; 0.4; 0.4;18; 22.8;B;0;-;On;On;Off; 31.4; 30.8;0;9;1656;9;1656;9;1470;1;-
2026/04/30;15:53:07;-;-; 57.66; 0.6;-; 75.0; 75.0; 35.6; 35.6; 0.0;2135; 0.6; 0.6; 0.6;31; 22.8;B;0;-;On;On;Off; 31.5; 31.0;0;9;1656;9;1656;9;1470;1;-
2026/04/30;15:54:07;-;-; 57.64; 0.5;-; 76.0; 75.2; 31.6; 6.9; 24.7;2135; 0.6; 0.6; 0.6;32; 22.8;B;0;-;On;On;Off; 31.6; 31.1;0;9;1656;9;1656;9;1470;1;-
2026/04/30;15:55:07;-;-; 57.66; 0.5;-; 75.6; 75.6; 30.1; 30.1; 0.0;2136; 0.6; 0.6; 0.6;32; 22.8;B;0;-;On;On;Off; 31.7; 31.2;0;9;1656;9;1656;9;1470;1;-
2026/04/30;15:56:07;-;-; 57.66; 0.6;-; 75.2; 75.5; 34.8; 25.5; 9.2;2136; 0.6; 0.6; 0.6;31; 22.8;B;0;-;On;On;Off; 31.7; 31.2;0;9;1656;9;1656;9;1470;1;-
2026/04/30;15:57:07;-;-; 57.66; 0.9;-; 75.5; 76.4; 53.4; 53.4; 0.0;2136; 0.6; 0.6; 0.6;31; 22.8;B;0;-;On;On;Off; 31.8; 31.3;0;9;1656;9;1656;9;1470;1;-
2026/04/30;15:58:07;-;-; 57.66; 0.7;-; 75.3; 75.9; 41.8; 41.8; 0.0;2136; 0.6; 0.6; 0.6;31; 22.8;B;0;-;On;On;Off; 31.8; 31.3;0;9;1656;9;1656;9;1470;1;-
2026/04/30;15:59:07;-;-; 57.64; 0.8;-; 74.5; 75.3; 46.4; 46.4; 0.0;2136; 0.6; 0.6; 0.6;31; 22.8;B;0;-;On;On;Off; 31.8; 31.4;0;9;1656;9;1656;9;1470;1;-
2026/04/30;16:00:07;-;-; 57.66; 0.4;-; 74.9; 75.3; 23.2; 22.4; 0.8;2136; 0.6; 0.6; 0.6;32; 22.8;B;0;-;On;On;Off; 31.8; 30.8;0;9;1656;9;1656;9;1470;1;-
2026/04/30;16:01:06;-;-; 57.66; 0.4;-; 75.5; 75.5; 23.2; 22.4; 0.8;2136; 0.5; 0.5; 0.5;27; 22.8;B;0;-;On;On;Off; 31.6; 29.2;0;9;1656;9;1656;9;1470;1;-
2026/04/30;16:02:06;-;-; 57.66; 1.1;-; 74.8; 76.1; 61.9; 61.9; 0.0;2136; 0.3; 0.4; 0.4;19; 22.8;B;0;-;On;On;Off; 31.4; 30.5;0;9;1656;9;1656;9;1470;1;-
2026/04/30;16:03:06;-;-; 57.66; 0.6;-; 76.0; 75.1; 34.8; 4.6; 30.2;2136; 0.5; 0.5; 0.5;27; 22.8;B;0;-;On;On;Off; 31.6; 31.1;0;9;1656;9;1656;9;1470;1;-
2026/04/30;16:04:06;-;-; 57.66; 0.6;-; 78.3; 79.0; 34.8; 23.2; 11.6;2136; 0.6; 0.6; 0.6;31; 22.8;B;0;-;On;On;Off; 31.7; 31.2;0;9;1656;9;1656;9;1470;1;-
2026/04/30;16:05:06;-;-; 57.64; 0.6;-; 76.1; 75.5; 34.0; 13.1; 20.8;2136; 0.6; 0.6; 0.6;31; 22.8;B;0;-;On;On;Off; 31.8; 31.3;0;9;1656;9;1656;9;1470;1;-
2026/04/30;16:06:06;-;-; 57.66; 0.5;-; 75.8; 76.1; 27.8; 23.2; 4.6;2136; 0.6; 0.6; 0.6;31; 22.8;B;0;-;On;On;Off; 31.8; 31.3;0;9;1656;9;1656;9;1470;1;-
2026/04/30;16:07:06;-;-; 57.66; 0.5;-; 75.2; 76.2; 31.0; 31.0; 0.0;2136; 0.6; 0.6; 0.6;31; 22.8;B;0;-;On;On;Off; 31.8; 31.3;0;9;1656;9;1656;9;1470;1;-
2026/04/30;16:08:06;-;-; 57.64; 0.5;-; 76.3; 75.8; 29.4; 0.0; 29.4;2136; 0.6; 0.6; 0.6;32; 22.8;B;0;-;On;On;Off; 31.9; 31.4;0;9;1656;9;1656;9;1470;1;-
2026/04/30;16:09:06;-;-; 57.64; 0.7;-; 76.1; 75.0; 40.2; 0.0; 40.2;2136; 0.6; 0.6; 0.6;31; 22.8;B;0;-;On;On;Off; 31.9; 31.4;0;9;1656;9;1656;9;1470;1;-
2026/04/30;16:10:06;-;-; 57.66; 1.0;-; 74.7; 75.8; 56.5; 56.5; 0.0;2136; 0.6; 0.6; 0.6;31; 22.8;B;0;-;On;On;Off; 31.9; 31.4;0;9;1656;9;1656;9;1470;1;-
2026/04/30;16:11:06;-;-; 57.66; 1.0;-; 74.5; 75.5; 54.9; 54.9; 0.0;2136; 0.6; 0.6; 0.6;31; 22.8;B;0;-;On;On;Off; 31.9; 31.5;0;9;1656;9;1656;9;1470;1;-
2026/04/30;16:12:06;-;-; 57.66; 0.6;-; 74.8; 75.1; 34.8; 34.8; 0.0;2136; 0.6; 0.6; 0.6;32; 22.8;B;0;-;On;On;Off; 31.9; 31.5;0;9;1656;9;1656;9;1470;1;-
2026/04/30;16:13:06;-;-; 57.64; 0.3;-; 75.3; 75.2; 18.5; 17.8; 0.8;2136; 0.6; 0.6; 0.6;33; 22.8;B;0;-;On;On;Off; 31.8; 29.5;0;9;1656;9;1656;9;1470;1;-
2026/04/30;16:14:06;-;-; 57.66; 1.0;-; 74.8; 75.9; 58.0; 58.0; 0.0;2136; 0.3; 0.4; 0.4;19; 22.8;B;0;-;On;On;Off; 31.6; 29.3;0;9;1656;9;1656;9;1470;1;-
2026/04/30;16:15:06;-;-; 57.64; 0.7;-; 75.4; 76.1; 39.4; 39.4; 0.0;2136; 0.4; 0.4; 0.4;22; 22.8;B;0;-;On;On;Off; 31.7; 31.1;0;9;1656;9;1656;9;1470;1;-
2026/04/30;16:16:05;-;-; 57.66; 0.8;-; 75.3; 76.8; 44.9; 44.9; 0.0;2136; 0.6; 0.6; 0.6;32; 22.8;B;0;-;On;On;Off; 31.8; 31.3;0;9;1656;9;1656;9;1470;1;-
2026/04/30;16:17:05;-;-; 57.66; 0.9;-; 76.9; 75.4; 52.6; 0.0; 52.6;2136; 0.6; 0.6; 0.6;32; 22.8;B;0;-;On;On;Off; 31.9; 31.3;0;9;1656;9;1656;9;1470;1;-
2026/04/30;16:18:05;-;-; 57.66; 0.6;-; 75.9; 76.5; 34.0; 6.2; 27.8;2136; 0.6; 0.6; 0.6;32; 22.8;B;0;-;On;On;Off; 31.9; 31.4;0;9;1656;9;1656;9;1470;1;-
2026/04/30;16:19:05;-;-; 57.66; 0.9;-; 75.0; 76.3; 54.2; 54.2; 0.0;2136; 0.6; 0.6; 0.6;32; 22.8;B;0;-;On;On;Off; 31.9; 31.4;0;9;1656;9;1656;9;1470;1;-
2026/04/30;16:20:05;-;-; 57.66; 1.0;-; 74.7; 76.1; 59.6; 59.6; 0.0;2136; 0.6; 0.6; 0.6;31; 22.8;B;0;-;On;On;Off; 31.9; 31.5;0;9;1656;9;1656;9;1470;1;-
2026/04/30;16:21:05;-;-; 57.66; 1.0;-; 74.6; 76.1; 57.2; 57.2; 0.0;2136; 0.6; 0.6; 0.6;32; 22.8;B;0;-;On;On;Off; 31.9; 31.5;0;9;1656;9;1656;9;1470;1;-
2026/04/30;16:22:05;-;-; 57.66; 0.4;-; 75.6; 75.6; 23.2; 22.4; 0.8;2136; 0.6; 0.6; 0.6;32; 22.8;B;0;-;On;On;Off; 31.9; 29.8;0;9;1656;9;1656;9;1470;1;-
2026/04/30;16:23:05;-;-; 57.66; 0.3;-; 75.7; 75.7; 20.1; 19.3; 0.8;2136; 0.4; 0.4; 0.4;22; 22.8;B;0;-;On;On;Off; 31.6; 29.2;0;9;1656;9;1656;9;1470;1;-
2026/04/30;16:24:05;-;-; 57.66; 0.5;-; 76.4; 75.2; 31.6; 9.2; 22.4;2136; 0.4; 0.4; 0.4;19; 22.8;B;0;-;On;On;Off; 31.6; 31.0;0;9;1656;9;1656;9;1470;1;-
2026/04/30;16:25:05;-;-; 57.66; 0.6;-; 76.0; 76.0; 35.5; 6.9; 28.6;2136; 0.6; 0.6; 0.6;32; 22.8;B;0;-;On;On;Off; 31.8; 31.2;0;9;1656;9;1656;9;1470;1;-
2026/04/30;16:26:05;-;-; 57.66; 0.7;-; 76.7; 75.2; 40.2; 0.0; 40.2;2136; 0.6; 0.6; 0.6;32; 22.8;B;0;-;On;On;Off; 31.9; 31.3;0;9;1656;9;1656;9;1470;1;-
2026/04/30;16:27:05;-;-; 57.66; 0.7;-; 76.7; 75.7; 39.4; 0.0; 39.4;2136; 0.6; 0.6; 0.6;31; 22.7;B;0;-;On;On;Off; 31.9; 31.4;0;9;1656;9;1656;9;1470;1;-
2026/04/30;16:28:05;-;-; 57.66; 0.5;-; 75.6; 76.7; 31.6; 28.6; 3.1;2136; 0.6; 0.6; 0.6;31; 22.7;B;0;-;On;On;Off; 31.9; 31.4;0;9;1656;9;1656;9;1470;1;-
2026/04/30;16:29:05;-;-; 57.66; 0.5;-; 77.3; 77.3; 29.3; 12.4; 17.0;2136; 0.6; 0.6; 0.6;31; 22.7;B;0;-;On;On;Off; 32.0; 31.5;0;9;1656;9;1656;9;1470;1;-
2026/04/30;16:30:05;-;-; 57.66; 0.9;-; 75.2; 76.2; 49.5; 49.5; 0.0;2136; 0.6; 0.6; 0.6;31; 22.7;B;0;-;On;On;Off; 32.0; 31.5;0;9;1656;9;1656;9;1470;1;-
2026/04/30;16:31:04;-;-; 57.66; 0.8;-; 75.5; 76.1; 44.1; 44.1; 0.0;2136; 0.6; 0.6; 0.6;31; 22.7;B;0;-;On;On;Off; 32.0; 31.5;0;9;1656;9;1656;9;1470;1;-
2026/04/30;16:32:04;-;-; 57.66; 0.6;-; 76.0; 75.0; 34.8; 3.9; 30.9;2136; 0.6; 0.6; 0.6;32; 22.7;B;0;-;On;On;Off; 32.0; 31.5;0;9;1656;9;1656;9;1470;1;-
2026/04/30;16:33:04;-;-; 57.68; 0.6;-; 76.1; 75.1; 32.5; 7.7; 24.7;2136; 0.6; 0.6; 0.6;32; 22.7;B;0;-;On;On;Off; 32.0; 31.5;0;9;1656;9;1656;9;1470;1;-
2026/04/30;16:34:04;-;-; 57.68; 0.6;-; 76.1; 75.4; 34.8; 0.8; 34.0;2136; 0.6; 0.6; 0.6;32; 22.7;B;0;-;On;On;Off; 32.0; 31.5;0;9;1656;9;1656;9;1470;1;-
2026/04/30;16:35:04;-;-; 57.68; 0.7;-; 75.4; 75.8; 37.9; 17.8; 20.1;2136; 0.6; 0.6; 0.6;32; 22.7;B;0;-;On;On;Off; 32.0; 31.5;0;9;1656;9;1656;9;1470;1;-
2026/04/30;16:36:04;-;-; 57.68; 0.8;-; 76.1; 75.4; 45.6; 0.0; 45.6;2136; 0.6; 0.6; 0.6;32; 22.7;B;0;-;On;On;Off; 32.1; 31.6;0;9;1656;9;1656;9;1470;1;-
2026/04/30;16:37:04;-;-; 57.68; 0.7;-; 76.2; 75.5; 38.7; 0.0; 38.7;2136; 0.6; 0.6; 0.6;32; 22.7;B;0;-;On;On;Off; 32.1; 31.6;0;9;1656;9;1656;9;1470;1;-
2026/04/30;16:38:04;-;-; 57.66; 0.6;-; 76.3; 75.3; 32.5; 0.0; 32.5;2136; 0.6; 0.6; 0.6;31; 22.7;B;0;-;On;On;Off; 32.1; 31.6;0;9;1656;9;1656;9;1470;1;-
2026/04/30;16:39:04;-;-; 57.66; 0.7;-; 75.2; 76.0; 40.2; 40.2; 0.0;2136; 0.6; 0.6; 0.6;31; 22.7;B;0;-;On;On;Off; 32.1; 31.6;0;9;1656;9;1656;9;1470;1;-
2026/04/30;16:40:04;-;-; 57.66; 0.8;-; 74.5; 76.0; 47.2; 47.2; 0.0;2136; 0.6; 0.6; 0.6;32; 22.7;B;0;-;On;On;Off; 32.1; 31.6;0;9;1656;9;1656;9;1470;1;-
2026/04/30;16:41:04;-;-; 57.68; 1.1;-; 74.1; 76.0; 61.1; 61.1; 0.0;2136; 0.6; 0.6; 0.6;32; 22.7;B;0;-;On;On;Off; 32.1; 31.6;0;9;1656;9;1656;9;1470;1;-
2026/04/30;16:42:04;-;-; 57.68; 0.6;-; 75.2; 75.1; 37.1; 37.1; 0.0;2136; 0.6; 0.6; 0.6;33; 22.7;B;0;-;On;On;Off; 32.1; 31.7;0;9;1656;9;1656;9;1470;1;-
2026/04/30;16:43:04;-;-; 57.68; 1.0;-; 74.0; 75.8; 58.0; 58.0; 0.0;2136; 0.6; 0.6; 0.6;32; 22.7;B;0;-;On;On;Off; 32.1; 31.7;0;9;1656;9;1656;9;1470;1;-
2026/04/30;16:44:04;-;-; 57.68; 0.3;-; 75.1; 75.1; 14.7; 13.9; 0.8;2136; 0.6; 0.6; 0.6;33; 22.7;B;0;-;On;On;Off; 32.1; 30.3;0;9;1656;9;1656;9;1470;1;-
2026/04/30;16:45:04;-;-; 57.68; 0.3;-; 75.0; 75.0; 16.2; 15.5; 0.8;2136; 0.4; 0.5; 0.5;25; 22.7;B;0;-;On;On;Off; 31.8; 29.4;0;9;1656;9;1656;9;1470;1;-
2026/04/30;16:46:03;-;-; 57.66; 0.9;-; 74.4; 75.9; 51.8; 51.8; 0.0;2136; 0.3; 0.4; 0.4;19; 22.7;B;0;-;On;On;Off; 31.7; 31.1;0;9;1656;9;1656;9;1470;1;-
2026/04/30;16:47:03;-;-; 57.68; 0.4;-; 74.7; 75.1; 20.9; 20.1; 0.8;2136; 0.6; 0.6; 0.6;31; 22.7;B;0;-;On;On;Off; 31.9; 31.4;0;9;1656;9;1656;9;1470;1;-
2026/04/30;16:48:03;-;-; 57.68; 0.4;-; 74.9; 75.1; 22.4; 21.7; 0.8;2136; 0.5; 0.6; 0.6;30; 22.7;B;0;-;On;On;Off; 31.7; 29.3;0;9;1656;9;1656;9;1470;1;-
2026/04/30;16:49:03;-;-; 57.66; 0.5;-; 75.2; 75.1; 27.0; 25.5; 1.5;2136; 0.3; 0.4; 0.4;19; 22.7;B;0;-;On;On;Off; 31.5; 30.3;0;9;1656;9;1656;9;1470;1;-
2026/04/30;16:50:03;-;-; 57.68; 0.6;-; 74.9; 75.3; 33.2; 22.4; 10.8;2136; 0.5; 0.5; 0.5;26; 22.7;B;0;-;On;On;Off; 31.7; 31.2;0;9;1656;9;1656;9;1470;1;-
2026/04/30;16:51:03;-;-; 57.68; 0.4;-; 75.3; 75.5; 25.5; 24.7; 0.8;2136; 0.6; 0.6; 0.6;32; 22.6;B;0;-;On;On;Off; 31.7; 29.5;0;9;1656;9;1656;9;1470;1;-
2026/04/30;16:52:03;-;-; 57.66; 0.4;-; 76.0; 75.8; 21.6; 17.0; 4.6;2136; 0.4; 0.4; 0.4;21; 22.6;B;0;-;On;On;Off; 31.4; 29.0;0;9;1656;9;1656;9;1470;1;-
2026/04/30;16:53:03;-;-; 57.68; 0.9;-; 76.6; 75.1; 52.6; 0.0; 52.6;2136; 0.4; 0.4; 0.4;20; 22.7;B;0;-;On;On;Off; 31.5; 30.9;0;9;1656;9;1656;9;1470;1;-
2026/04/30;16:54:03;-;-; 57.68; 0.5;-; 76.5; 75.6; 30.1; 24.7; 5.4;2136; 0.6; 0.6; 0.6;31; 22.6;B;0;-;On;On;Off; 31.7; 31.1;0;9;1656;9;1656;9;1470;1;-
2026/04/30;16:55:03;-;-; 57.68; 1.0;-; 75.9; 77.2; 60.4; 60.4; 0.0;2137; 0.6; 0.6; 0.6;32; 22.7;B;0;-;On;On;Off; 31.8; 31.2;0;9;1656;9;1656;9;1470;1;-
2026/04/30;16:56:03;-;-; 57.66; 0.8;-; 76.7; 75.2; 47.2; 0.0; 47.2;2137; 0.6; 0.6; 0.6;32; 22.7;B;0;-;On;On;Off; 31.8; 31.3;0;9;1656;9;1656;9;1470;1;-
2026/04/30;16:57:03;-;-; 57.66; 0.6;-; 76.1; 76.2; 35.6; 33.3; 2.3;2137; 0.6; 0.6; 0.6;31; 22.7;B;0;-;On;On;Off; 31.9; 31.3;0;9;1656;9;1656;9;1470;1;-
2026/04/30;16:58:03;-;-; 57.68; 0.6;-; 75.9; 76.2; 37.1; 37.1; 0.0;2137; 0.6; 0.6; 0.6;31; 22.7;B;0;-;On;On;Off; 31.9; 31.4;0;9;1656;9;1656;9;1470;1;-
2026/04/30;16:59:03;-;-; 57.68; 0.5;-; 76.1; 76.0; 30.1; 17.0; 13.1;2137; 0.6; 0.6; 0.6;31; 22.7;B;0;-;On;On;Off; 31.9; 31.4;0;9;1656;9;1656;9;1470;1;-
2026/04/30;17:00:03;-;-; 57.68; 1.0;-; 77.5; 76.3; 55.7; 0.0; 55.7;2137; 0.6; 0.6; 0.6;32; 22.7;B;0;-;On;On;Off; 31.9; 31.4;0;9;1656;9;1656;9;1470;1;-
2026/04/30;17:01:02;-;-; 57.68; 0.8;-; 76.7; 76.7; 48.8; 48.8; 0.0;2137; 0.6; 0.6; 0.6;31; 22.7;B;0;-;On;On;Off; 32.0; 31.5;0;9;1656;9;1656;9;1470;1;-
2026/04/30;17:02:02;-;-; 57.66; 0.5;-; 77.9; 78.2; 28.6; 28.6; 0.0;2137; 0.5; 0.6; 0.6;30; 22.7;B;0;-;On;On;Off; 32.0; 31.5;0;9;1656;9;1656;10;1471;1;-
2026/04/30;17:03:02;-;-; 57.68; 0.6;-; 76.1; 75.4; 32.5; 17.0; 15.5;2137; 0.5; 0.6; 0.6;30; 22.7;B;0;-;On;On;Off; 32.0; 31.5;0;9;1656;9;1656;10;1471;1;-
2026/04/30;17:04:02;-;-; 57.68; 0.6;-; 76.6; 77.3; 37.2; 37.2; 0.0;2137; 0.6; 0.6; 0.6;31; 22.7;B;0;-;On;On;Off; 32.1; 31.6;0;9;1656;9;1656;10;1471;1;-
2026/04/30;17:05:02;-;-; 57.66; 0.8;-; 76.2; 75.1; 44.1; 0.0; 44.1;2137; 0.6; 0.6; 0.6;31; 22.7;B;0;-;On;On;Off; 32.1; 31.6;0;9;1656;9;1656;10;1471;1;-
2026/04/30;17:06:02;-;-; 57.68; 0.8;-; 75.4; 76.3; 46.5; 46.5; 0.0;2137; 0.6; 0.6; 0.6;32; 22.7;B;0;-;On;On;Off; 32.1; 31.6;0;9;1656;9;1656;10;1471;1;-
2026/04/30;17:07:02;-;-; 57.68; 0.9;-; 74.4; 75.7; 49.5; 49.5; 0.0;2137; 0.6; 0.6; 0.6;32; 22.7;B;0;-;On;On;Off; 32.1; 31.6;0;9;1656;9;1656;10;1471;1;-
2026/04/30;17:08:02;-;-; 57.68; 0.8;-; 74.7; 75.2; 48.8; 48.8; 0.0;2137; 0.6; 0.6; 0.6;33; 22.7;B;0;-;On;On;Off; 32.1; 31.6;0;9;1656;9;1656;10;1471;1;-
2026/04/30;17:09:02;-;-; 57.68; 0.4;-; 74.8; 75.0; 20.9; 20.1; 0.8;2137; 0.6; 0.6; 0.6;32; 22.6;B;0;-;On;On;Off; 31.9; 29.6;0;9;1656;9;1656;10;1471;1;-
2026/04/30;17:10:02;-;-; 57.68; 1.0;-; 73.9; 75.4; 57.2; 57.2; 0.0;2137; 0.3; 0.4; 0.4;18; 22.7;B;0;-;On;On;Off; 31.6; 29.9;0;9;1656;9;1656;10;1471;1;-
2026/04/30;17:11:02;-;-; 57.68; 1.1;-; 73.8; 75.5; 62.7; 62.7; 0.0;2137; 0.4; 0.5; 0.5;23; 22.7;B;0;-;On;On;Off; 31.8; 31.3;0;9;1656;9;1656;10;1471;1;-
2026/04/30;17:12:02;-;-; 57.68; 0.3;-; 74.6; 74.7; 20.1; 19.4; 0.8;2137; 0.6; 0.6; 0.6;32; 22.6;B;0;-;On;On;Off; 31.8; 29.8;0;9;1656;9;1656;10;1471;1;-
2026/04/30;17:13:02;-;-; 57.68; 0.4;-; 74.7; 74.9; 22.4; 21.7; 0.8;2137; 0.4; 0.4; 0.4;22; 22.7;B;0;-;On;On;Off; 31.6; 29.1;0;9;1656;9;1656;10;1471;1;-
2026/04/30;17:14:02;-;-; 57.68; 0.8;-; 74.7; 75.1; 43.3; 43.3; 0.0;2137; 0.3; 0.4; 0.4;19; 22.6;B;0;-;On;On;Off; 31.6; 30.9;0;9;1656;9;1656;10;1471;1;-
2026/04/30;17:15:02;-;-; 57.68; 0.4;-; 74.8; 75.0; 22.4; 21.7; 0.8;2137; 0.6; 0.6; 0.6;32; 22.7;B;0;-;On;On;Off; 31.7; 30.7;0;9;1656;9;1656;10;1471;1;-
2026/04/30;17:16:01;-;-; 57.68; 0.4;-; 74.8; 74.9; 21.6; 20.9; 0.8;2137; 0.5; 0.5; 0.5;27; 22.6;B;0;-;On;On;Off; 31.5; 29.1;0;9;1656;9;1656;10;1471;1;-
2026/04/30;17:17:01;-;-; 57.66; 0.9;-; 74.3; 75.4; 54.2; 54.2; 0.0;2137; 0.3; 0.4; 0.4;18; 22.6;B;0;-;On;On;Off; 31.4; 30.4;0;10;1657;10;1657;10;1471;1;-
2026/04/30;17:18:01;-;-; 57.68; 1.0;-; 73.8; 75.3; 59.6; 59.6; 0.0;2137; 0.5; 0.5; 0.5;26; 22.6;B;0;-;On;On;Off; 31.5; 31.1;0;10;1657;10;1657;10;1471;1;-
2026/04/30;17:19:01;-;-; 57.68; 0.5;-; 74.6; 74.7; 27.0; 26.3; 0.8;2137; 0.6; 0.6; 0.6;32; 22.6;B;0;-;On;On;Off; 31.5; 29.2;0;10;1657;10;1657;10;1471;1;-
2026/04/30;17:20:01;-;-; 57.68; 1.0;-; 73.3; 75.2; 57.2; 57.2; 0.0;2137; 0.3; 0.4; 0.4;19; 22.6;B;0;-;On;On;Off; 31.3; 29.1;0;10;1657;10;1657;10;1471;1;-
2026/04/30;17:21:01;-;-; 57.68; 0.9;-; 73.6; 75.0; 53.4; 53.4; 0.0;2137; 0.4; 0.4; 0.4;22; 22.6;B;0;-;On;On;Off; 31.4; 30.9;0;10;1657;10;1657;10;1471;1;-
2026/04/30;17:22:01;-;-; 57.68; 0.3;-; 74.9; 74.9; 19.3; 18.5; 0.8;2137; 0.6; 0.6; 0.6;33; 22.6;B;0;-;On;On;Off; 31.5; 29.6;0;10;1657;10;1657;10;1471;1;-
2026/04/30;17:23:01;-;-; 57.68; 0.4;-; 75.2; 75.4; 24.7; 24.0; 0.8;2137; 0.4; 0.5; 0.5;24; 22.6;B;0;-;On;On;Off; 31.3; 28.9;0;10;1657;10;1657;10;1471;1;-
2026/04/30;17:24:01;-;-; 57.68; 0.9;-; 74.7; 75.9; 51.8; 51.8; 0.0;2137; 0.3; 0.4; 0.4;18; 22.6;B;0;-;On;On;Off; 31.3; 30.6;0;10;1657;10;1657;10;1471;1;-
2026/04/30;17:25:01;-;-; 57.66; 1.0;-; 74.7; 76.1; 54.9; 54.9; 0.0;2137; 0.5; 0.6; 0.6;31; 22.6;B;0;-;On;On;Off; 31.5; 30.9;0;10;1657;10;1657;10;1471;1;-
2026/04/30;17:26:01;-;-; 57.68; 0.9;-; 74.8; 76.1; 49.5; 49.5; 0.0;2137; 0.6; 0.6; 0.6;31; 22.6;B;0;-;On;On;Off; 31.5; 31.0;0;10;1657;10;1657;10;1471;1;-
2026/04/30;17:27:01;-;-; 57.66; 0.7;-; 75.0; 75.5; 37.9; 24.0; 13.9;2137; 0.6; 0.6; 0.6;31; 22.6;B;0;-;On;On;Off; 31.6; 31.1;0;10;1657;10;1657;10;1471;1;-
2026/04/30;17:28:01;-;-; 57.68; 0.7;-; 76.3; 75.9; 38.7; 10.8; 27.9;2137; 0.6; 0.6; 0.6;32; 22.6;B;0;-;On;On;Off; 31.6; 31.2;0;10;1657;10;1657;10;1471;1;-
2026/04/30;17:29:01;-;-; 57.68; 0.8;-; 74.9; 76.4; 45.6; 45.6; 0.0;2137; 0.6; 0.6; 0.6;31; 22.6;B;0;-;On;On;Off; 31.7; 31.2;0;10;1657;10;1657;10;1471;1;-
2026/04/30;17:30:01;-;-; 57.66; 0.5;-; 76.9; 76.8; 26.3; 26.3; 0.0;2137; 0.6; 0.6; 0.6;31; 22.6;B;0;-;On;On;Off; 31.8; 31.2;0;10;1657;10;1657;10;1471;1;-
2026/04/30;17:31:00;-;-; 57.66; 0.7;-; 75.0; 75.7; 38.7; 37.9; 0.8;2137; 0.6; 0.6; 0.6;31; 22.6;B;0;-;On;On;Off; 31.8; 31.3;0;10;1657;10;1657;10;1471;1;-
2026/04/30;17:32:00;-;-; 57.68; 0.6;-; 75.5; 75.2; 35.5; 17.0; 18.5;2137; 0.6; 0.6; 0.6;32; 22.6;B;0;-;On;On;Off; 31.8; 31.3;0;10;1657;10;1657;10;1471;1;-
2026/04/30;17:33:00;-;-; 57.68; 0.6;-; 75.6; 75.4; 34.0; 12.4; 21.7;2137; 0.6; 0.6; 0.6;32; 22.6;B;0;-;On;On;Off; 31.8; 31.4;0;10;1657;10;1657;10;1471;1;-
2026/04/30;17:34:00;-;-; 57.68; 0.7;-; 74.8; 75.5; 38.7; 33.3; 5.4;2137; 0.6; 0.6; 0.6;32; 22.6;B;0;-;On;On;Off; 31.9; 31.4;0;10;1657;10;1657;10;1471;1;-
2026/04/30;17:35:00;-;-; 57.66; 0.6;-; 74.7; 75.4; 36.3; 34.0; 2.3;2137; 0.6; 0.6; 0.6;31; 22.6;B;0;-;On;On;Off; 31.9; 31.4;0;10;1657;10;1657;10;1471;1;-
2026/04/30;17:36:00;-;-; 57.68; 1.0;-; 74.5; 76.1; 60.4; 60.4; 0.0;2137; 0.6; 0.6; 0.6;31; 22.6;B;0;-;On;On;Off; 31.9; 31.5;0;10;1657;10;1657;10;1471;1;-
2026/04/30;17:37:00;-;-; 57.66; 0.9;-; 75.1; 76.1; 54.2; 54.2; 0.0;2137; 0.6; 0.6; 0.6;32; 22.6;B;0;-;On;On;Off; 31.9; 31.5;0;10;1657;10;1657;10;1471;1;-
2026/04/30;17:38:00;-;-; 57.68; 0.8;-; 74.9; 76.0; 43.3; 43.3; 0.0;2137; 0.5; 0.6; 0.6;31; 22.6;B;0;-;On;On;Off; 32.0; 31.5;0;10;1657;10;1657;10;1471;1;-
2026/04/30;17:39:00;-;-; 57.68; 0.6;-; 75.9; 75.3; 33.3; 29.4; 3.9;2137; 0.6; 0.6; 0.6;31; 22.6;B;0;-;On;On;Off; 32.0; 31.5;0;10;1657;10;1657;10;1471;1;-
2026/04/30;17:40:00;-;-; 57.68; 0.8;-; 75.0; 76.1; 48.0; 48.0; 0.0;2137; 0.6; 0.6; 0.6;31; 22.6;B;0;-;On;On;Off; 32.0; 31.5;0;10;1657;10;1657;10;1471;1;-
2026/04/30;17:41:00;-;-; 57.68; 1.0;-; 74.7; 76.1; 58.1; 58.1; 0.0;2137; 0.6; 0.6; 0.6;32; 22.6;B;0;-;On;On;Off; 32.0; 31.5;0;10;1657;10;1657;10;1471;1;-
2026/04/30;17:42:00;-;-; 57.68; 0.5;-; 75.9; 75.1; 30.9; 26.3; 4.6;2137; 0.6; 0.6; 0.6;31; 22.6;B;0;-;On;On;Off; 32.0; 31.6;0;10;1657;10;1657;10;1471;1;-
2026/04/30;17:43:00;-;-; 57.66; 0.6;-; 75.8; 75.1; 36.3; 23.2; 13.1;2137; 0.6; 0.6; 0.6;31; 22.6;B;0;-;On;On;Off; 32.1; 31.6;0;10;1657;10;1657;10;1471;1;-
2026/04/30;17:44:00;-;-; 57.68; 1.0;-; 74.7; 76.1; 58.1; 58.1; 0.0;2137; 0.6; 0.6; 0.6;31; 22.6;B;0;-;On;On;Off; 32.0; 31.6;0;10;1657;10;1657;10;1471;1;-
2026/04/30;17:45:00;-;-; 57.66; 0.9;-; 75.1; 76.0; 50.3; 50.3; 0.0;2137; 0.6; 0.6; 0.6;31; 22.6;B;0;-;On;On;Off; 32.1; 31.6;0;10;1657;10;1657;10;1471;1;-
2026/04/30;17:45:59;-;-; 57.68; 0.6;-; 76.3; 75.5; 35.6; 17.8; 17.8;2137; 0.6; 0.6; 0.6;31; 22.5;B;0;-;On;On;Off; 32.1; 31.6;0;10;1657;10;1657;10;1471;1;-
2026/04/30;17:46:59;-;-; 57.68; 0.8;-; 76.6; 75.0; 46.4; 0.0; 46.4;2137; 0.5; 0.6; 0.6;30; 22.5;B;0;-;On;On;Off; 32.1; 31.6;0;10;1657;10;1657;10;1471;1;-
2026/04/30;17:47:59;-;-; 57.66; 0.6;-; 75.7; 75.5; 33.2; 8.5; 24.7;2137; 0.5; 0.6; 0.6;31; 22.5;B;0;-;On;On;Off; 32.1; 31.6;0;10;1657;10;1657;10;1471;1;-
2026/04/30;17:48:59;-;-; 57.68; 1.1;-; 73.9; 75.7; 65.8; 65.8; 0.0;2137; 0.5; 0.6; 0.6;30; 22.5;B;0;-;On;On;Off; 32.1; 31.7;0;10;1657;10;1657;10;1471;1;-
2026/04/30;17:49:59;-;-; 57.66; 0.9;-; 73.9; 75.7; 49.5; 49.5; 0.0;2137; 0.6; 0.6; 0.6;31; 22.5;B;0;-;On;On;Off; 32.1; 31.7;0;10;1657;10;1657;10;1471;1;-
2026/04/30;17:50:59;-;-; 57.68; 0.4;-; 75.2; 75.2; 20.9; 20.1; 0.8;2137; 0.5; 0.6; 0.6;31; 22.5;B;0;-;On;On;Off; 32.0; 29.7;0;10;1657;10;1657;10;1471;1;-
2026/04/30;17:51:59;-;-; 57.66; 0.9;-; 75.1; 75.9; 51.1; 51.1; 0.0;2137; 0.3; 0.4; 0.4;17; 22.5;B;0;-;On;On;Off; 31.7; 29.6;0;10;1657;10;1657;10;1471;1;-
2026/04/30;17:52:59;-;-; 57.68; 0.6;-; 76.4; 76.0; 33.3; 17.8; 15.5;2137; 0.4; 0.4; 0.4;22; 22.5;B;0;-;On;On;Off; 31.8; 31.3;0;10;1657;10;1657;10;1471;1;-
2026/04/30;17:53:59;-;-; 57.66; 0.7;-; 75.2; 75.9; 42.6; 42.6; 0.0;2137; 0.6; 0.6; 0.6;31; 22.5;B;0;-;On;On;Off; 31.9; 31.4;0;10;1657;10;1657;10;1471;1;-
2026/04/30;17:54:59;-;-; 57.68; 0.8;-; 76.9; 76.4; 43.3; 0.0; 43.3;2138; 0.5; 0.6; 0.6;30; 22.5;B;0;-;On;On;Off; 32.0; 31.5;0;10;1657;10;1657;10;1471;1;-
2026/04/30;17:55:59;-;-; 57.68; 0.8;-; 74.6; 75.5; 46.4; 46.4; 0.0;2138; 0.6; 0.6; 0.6;31; 22.5;B;0;-;On;On;Off; 32.0; 31.5;0;10;1657;10;1657;10;1471;1;-
2026/04/30;17:56:59;-;-; 57.70; 0.4;-; 75.4; 75.8; 24.7; 24.0; 0.8;2138; 0.6; 0.6; 0.6;31; 22.5;B;0;-;On;On;Off; 32.0; 30.9;0;10;1657;10;1657;10;1471;1;-
2026/04/30;17:57:59;-;-; 57.70; 0.2;-; 75.6; 75.4; 13.1; 12.4; 0.8;2138; 0.5; 0.5; 0.5;26; 22.5;B;0;-;On;On;Off; 31.8; 29.4;0;10;1657;10;1657;10;1471;1;-
2026/04/30;17:58:59;-;-; 57.70; 1.1;-; 73.5; 75.5; 64.3; 64.3; 0.0;2138; 0.3; 0.4; 0.4;18; 22.5;B;0;-;On;On;Off; 31.6; 30.7;0;10;1657;10;1657;10;1471;1;-
2026/04/30;17:59:59;-;-; 57.68; 0.8;-; 74.1; 75.2; 45.6; 45.6; 0.0;2138; 0.5; 0.5; 0.5;27; 22.5;B;0;-;On;On;Off; 31.8; 31.3;0;10;1657;10;1657;10;1471;1;-
2026/04/30;18:00:58;-;-; 57.70; 0.3;-; 75.7; 75.7; 20.1; 19.4; 0.8;2138; 0.6; 0.6; 0.6;32; 22.5;B;0;-;On;On;Off; 31.7; 29.5;0;10;1657;10;1657;10;1471;1;-
2026/04/30;18:01:58;-;-; 57.68; 0.2;-; 76.2; 76.0; 10.8; 10.1; 0.8;2138; 0.4; 0.4; 0.4;19; 22.5;B;0;-;On;On;Off; 31.5; 29.1;0;10;1657;10;1657;10;1471;1;-
2026/04/30;18:02:58;-;-; 57.70; 0.6;-; 75.7; 75.1; 32.5; 20.1; 12.4;2138; 0.4; 0.4; 0.4;20; 22.5;B;0;-;On;On;Off; 31.6; 31.0;0;10;1657;10;1657;10;1471;1;-
2026/04/30;18:03:58;-;-; 57.70; 0.8;-; 74.8; 75.8; 44.9; 44.9; 0.0;2138; 0.5; 0.6; 0.6;30; 22.5;B;0;-;On;On;Off; 31.7; 31.2;0;10;1657;10;1657;10;1471;1;-
2026/04/30;18:04:58;-;-; 57.70; 0.6;-; 74.7; 75.1; 35.6; 35.6; 0.0;2138; 0.5; 0.6; 0.6;30; 22.5;B;0;-;On;On;Off; 31.7; 31.3;0;10;1657;10;1657;10;1471;1;-
2026/04/30;18:05:58;-;-; 57.70; 0.6;-; 76.3; 75.6; 37.2; 0.0; 37.2;2138; 0.6; 0.6; 0.6;31; 22.5;B;0;-;On;On;Off; 31.8; 31.3;0;10;1657;10;1657;10;1471;1;-
2026/04/30;18:06:58;-;-; 57.70; 1.0;-; 73.8; 75.3; 58.8; 58.8; 0.0;2138; 0.6; 0.6; 0.6;31; 22.5;B;0;-;On;On;Off; 31.8; 31.4;0;10;1657;10;1657;10;1471;1;-
2026/04/30;18:07:58;-;-; 57.70; 0.8;-; 74.7; 75.9; 43.3; 43.3; 0.0;2138; 0.6; 0.6; 0.6;31; 22.5;B;0;-;On;On;Off; 31.9; 31.4;0;10;1657;10;1657;10;1471;1;-
2026/04/30;18:08:58;-;-; 57.70; 0.6;-; 76.5; 75.3; 34.0; 4.6; 29.4;2138; 0.5; 0.6; 0.6;31; 22.5;B;0;-;On;On;Off; 31.9; 31.4;0;10;1657;10;1657;10;1471;1;-
2026/04/30;18:09:58;-;-; 57.70; 0.5;-; 75.8; 76.4; 29.4; 21.7; 7.7;2138; 0.5; 0.6; 0.6;30; 22.5;B;0;-;On;On;Off; 32.0; 31.5;0;10;1657;10;1657;10;1471;1;-
2026/04/30;18:10:58;-;-; 57.70; 0.6;-; 75.9; 76.4; 34.0; 6.9; 27.1;2138; 0.5; 0.6; 0.6;31; 22.5;B;0;-;On;On;Off; 32.0; 31.5;0;10;1657;10;1657;10;1471;1;-
2026/04/30;18:11:58;-;-; 57.70; 1.1;-; 75.5; 76.6; 63.5; 63.5; 0.0;2138; 0.5; 0.6; 0.6;30; 22.5;B;0;-;On;On;Off; 32.0; 31.5;0;10;1657;10;1657;10;1471;1;-
2026/04/30;18:12:58;-;-; 57.70; 0.6;-; 75.9; 76.5; 33.3; 33.3; 0.0;2138; 0.5; 0.6; 0.6;30; 22.5;B;0;-;On;On;Off; 32.0; 31.5;0;10;1657;10;1657;10;1471;1;-
2026/04/30;18:13:58;-;-; 57.70; 1.0;-; 73.4; 75.2; 60.4; 60.4; 0.0;2138; 0.5; 0.6; 0.6;30; 22.5;B;0;-;On;On;Off; 32.0; 31.6;0;10;1657;10;1657;10;1471;1;-
2026/04/30;18:14:58;-;-; 57.68; 1.0;-; 73.3; 75.1; 58.1; 58.1; 0.0;2138; 0.6; 0.6; 0.6;31; 22.4;B;0;-;On;On;Off; 32.0; 31.6;0;10;1657;10;1657;10;1471;1;-
2026/04/30;18:15:57;-;-; 57.70; 0.3;-; 74.5; 74.7; 18.6; 17.8; 0.8;2138; 0.5; 0.6; 0.6;30; 22.4;B;0;-;On;On;Off; 31.8; 29.5;0;10;1657;10;1657;10;1471;1;-
2026/04/30;18:16:57;-;-; 57.70; 1.0;-; 73.8; 75.5; 58.1; 58.1; 0.0;2138; 0.3; 0.4; 0.4;17; 22.4;B;0;-;On;On;Off; 31.6; 29.7;0;10;1657;10;1657;10;1471;1;-
2026/04/30;18:17:57;-;-; 57.68; 0.6;-; 74.6; 75.0; 36.3; 36.3; 0.0;2138; 0.4; 0.4; 0.4;23; 22.4;B;0;-;On;On;Off; 31.7; 31.2;0;10;1657;10;1657;10;1471;1;-
2026/04/30;18:18:57;-;-; 57.70; 0.8;-; 74.1; 75.4; 44.1; 44.1; 0.0;2138; 0.6; 0.6; 0.6;31; 22.4;B;0;-;On;On;Off; 31.8; 31.4;0;10;1657;10;1657;10;1471;1;-
2026/04/30;18:19:57;-;-; 57.68; 0.7;-; 73.9; 75.2; 40.2; 40.2; 0.0;2138; 0.6; 0.6; 0.6;31; 22.4;B;0;-;On;On;Off; 31.8; 31.4;0;10;1657;10;1657;10;1471;1;-
2026/04/30;18:20:57;-;-; 57.68; 1.0;-; 72.9; 75.2; 58.1; 58.1; 0.0;2138; 0.5; 0.6; 0.6;30; 22.4;B;0;-;On;On;Off; 31.9; 31.5;0;10;1657;10;1657;10;1471;1;-
2026/04/30;18:21:57;-;-; 57.70; 0.3;-; 74.4; 74.4; 16.2; 15.5; 0.8;2138; 0.5; 0.6; 0.6;30; 22.4;B;0;-;On;On;Off; 31.7; 29.4;0;10;1657;10;1657;10;1471;1;-
2026/04/30;18:22:57;-;-; 57.68; 0.7;-; 74.1; 75.1; 40.2; 40.2; 0.0;2138; 0.3; 0.4; 0.4;17; 22.4;B;0;-;On;On;Off; 31.5; 29.6;0;10;1657;10;1657;10;1471;1;-
2026/04/30;18:23:57;-;-; 57.70; 0.7;-; 74.3; 75.5; 38.7; 38.7; 0.0;2138; 0.4; 0.4; 0.4;22; 22.4;B;0;-;On;On;Off; 31.6; 31.1;0;10;1657;10;1657;10;1471;1;-
2026/04/30;18:24:57;-;-; 57.68; 0.5;-; 75.5; 75.1; 29.4; 20.9; 8.5;2138; 0.6; 0.6; 0.6;31; 22.4;B;0;-;On;On;Off; 31.7; 31.3;0;10;1657;10;1657;10;1471;1;-
2026/04/30;18:25:57;-;-; 57.70; 0.9;-; 73.5; 75.2; 54.2; 54.2; 0.0;2138; 0.6; 0.6; 0.6;31; 22.4;B;0;-;On;On;Off; 31.8; 31.3;0;10;1657;10;1657;10;1471;1;-
2026/04/30;18:26:57;-;-; 57.70; 0.3;-; 74.1; 74.3; 19.3; 18.5; 0.8;2138; 0.6; 0.6; 0.6;31; 22.4;B;0;-;On;On;Off; 31.8; 30.1;0;10;1657;10;1657;10;1471;1;-
2026/04/30;18:27:57;-;-; 57.70; 0.5;-; 74.2; 74.6; 27.9; 27.1; 0.8;2138; 0.4; 0.5; 0.5;24; 22.4;B;0;-;On;On;Off; 31.5; 29.1;0;10;1657;10;1657;10;1471;1;-
2026/04/30;18:28:57;-;-; 57.70; 0.8;-; 74.7; 75.6; 44.9; 44.9; 0.0;2138; 0.3; 0.4; 0.4;17; 22.4;B;0;-;On;On;Off; 31.5; 30.7;0;10;1657;10;1657;10;1471;1;-
2026/04/30;18:29:57;-;-; 57.70; 1.1;-; 71.2; 74.9; 65.0; 65.0; 0.0;2138; 0.5; 0.6; 0.6;28; 22.4;B;0;-;On;On;Off; 31.6; 31.2;0;10;1657;10;1657;10;1471;1;-
2026/04/30;18:30:56;-;-; 57.70; 0.4;-; 73.2; 73.7; 23.2; 22.4; 0.8;2138; 0.6; 0.6; 0.6;31; 22.4;B;0;-;On;On;Off; 31.6; 29.5;0;10;1657;10;1657;10;1471;1;-
2026/04/30;18:31:56;-;-; 57.70; 0.4;-; 73.4; 73.7; 20.9; 20.1; 0.8;2138; 0.4; 0.4; 0.4;21; 22.4;B;0;-;On;On;Off; 31.4; 29.0;0;10;1657;10;1657;10;1471;1;-
2026/04/30;18:32:56;-;-; 57.70; 1.1;-; 70.5; 74.8; 65.8; 65.8; 0.0;2138; 0.3; 0.4; 0.4;18; 22.4;B;0;-;On;On;Off; 31.3; 30.7;0;10;1657;10;1657;10;1471;1;-
2026/04/30;18:33:56;-;-; 57.70; 0.3;-; 73.7; 73.7; 20.1; 19.4; 0.8;2138; 0.5; 0.6; 0.6;29; 22.4;B;0;-;On;On;Off; 31.5; 30.5;0;10;1657;10;1657;10;1471;1;-
2026/04/30;18:34:56;-;-; 57.70; 0.4;-; 73.5; 73.9; 24.0; 23.2; 0.8;2138; 0.5; 0.5; 0.5;27; 22.4;B;0;-;On;On;Off; 31.3; 28.9;0;10;1657;10;1657;10;1471;1;-
2026/04/30;18:35:56;-;-; 57.70; 1.1;-; 72.0; 75.3; 62.0; 62.0; 0.0;2138; 0.3; 0.4; 0.4;18; 22.4;B;0;-;On;On;Off; 31.2; 30.3;0;10;1657;10;1657;10;1471;1;-
2026/04/30;18:36:56;-;-; 57.70; 1.1;-; 71.1; 75.0; 63.5; 63.5; 0.0;2138; 0.5; 0.5; 0.5;26; 22.4;B;0;-;On;On;Off; 31.3; 30.9;0;10;1657;10;1657;10;1471;1;-
2026/04/30;18:37:56;-;-; 57.70; 0.3;-; 73.8; 74.0; 20.1; 19.4; 0.8;2138; 0.5; 0.6; 0.6;30; 22.4;B;0;-;On;On;Off; 31.3; 29.0;0;10;1657;10;1657;10;1471;1;-
2026/04/30;18:38:56;-;-; 57.70; 1.1;-; 70.7; 75.2; 63.4; 63.4; 0.0;2138; 0.3; 0.4; 0.4;18; 22.4;B;0;-;On;On;Off; 31.1; 28.9;0;10;1657;10;1657;10;1471;1;-
2026/04/30;18:39:56;-;-; 57.68; 1.0;-; 71.2; 74.8; 56.5; 56.5; 0.0;2138; 0.4; 0.4; 0.4;21; 22.4;B;0;-;On;On;Off; 31.2; 30.7;0;10;1657;10;1657;10;1471;1;-
2026/04/30;18:40:56;-;-; 57.70; 0.3;-; 73.6; 73.8; 14.7; 13.9; 0.8;2138; 0.6; 0.6; 0.6;31; 22.4;B;0;-;On;On;Off; 31.3; 29.4;0;10;1657;10;1657;10;1471;1;-
2026/04/30;18:41:56;-;-; 57.70; 0.3;-; 73.7; 73.8; 18.6; 17.8; 0.8;2138; 0.4; 0.5; 0.5;23; 22.4;B;0;-;On;On;Off; 31.1; 28.7;0;10;1657;10;1657;10;1471;1;-
2026/04/30;18:42:56;-;-; 57.70; 1.1;-; 70.8; 75.1; 63.4; 63.4; 0.0;2138; 0.3; 0.4; 0.4;18; 22.4;B;0;-;On;On;Off; 31.0; 30.5;0;10;1657;10;1657;10;1471;1;-
2026/04/30;18:43:56;-;-; 57.68; 0.3;-; 74.1; 74.4; 16.2; 15.5; 0.8;2138; 0.5; 0.6; 0.6;30; 22.4;B;0;-;On;On;Off; 31.2; 30.7;0;10;1657;10;1657;10;1471;1;-
2026/04/30;18:44:56;-;-; 57.70; 0.4;-; 74.2; 74.7; 21.6; 20.9; 0.8;2138; 0.5; 0.5; 0.5;28; 22.4;B;0;-;On;On;Off; 31.1; 28.8;0;10;1657;10;1657;10;1471;1;-
2026/04/30;18:45:55;-;-; 57.70; 0.8;-; 73.7; 75.7; 44.1; 44.1; 0.0;2138; 0.3; 0.4; 0.4;17; 22.4;B;0;-;On;On;Off; 31.0; 29.8;0;10;1657;10;1657;10;1471;1;-
2026/04/30;18:46:55;-;-; 57.70; 1.1;-; 72.7; 75.7; 61.2; 61.2; 0.0;2138; 0.4; 0.5; 0.5;25; 22.4;B;0;-;On;On;Off; 31.2; 30.7;0;10;1657;10;1657;10;1471;1;-
2026/04/30;18:47:55;-;-; 57.72; 0.4;-; 74.7; 75.0; 23.2; 22.4; 0.8;2138; 0.6; 0.6; 0.6;31; 22.4;B;0;-;On;On;Off; 31.2; 28.9;0;10;1657;10;1657;10;1471;1;-
2026/04/30;18:48:55;-;-; 57.68; 0.2;-; 76.0; 75.9; 13.1; 13.1; 0.0;2138; 0.3; 0.4; 0.4;19; 22.4;B;0;-;On;On;Off; 31.0; 28.5;0;10;1657;10;1657;10;1471;1;-
2026/04/30;18:49:55;-;-; 57.68; 0.6;-; 74.8; 75.3; 37.1; 31.7; 5.4;2138; 0.4; 0.4; 0.4;20; 22.4;B;0;-;On;On;Off; 31.1; 30.5;0;10;1657;10;1657;10;1471;1;-
2026/04/30;18:50:55;-;-; 57.68; 0.7;-; 74.9; 75.3; 41.0; 41.0; 0.0;2138; 0.6; 0.6; 0.6;31; 22.4;B;0;-;On;On;Off; 31.2; 30.7;0;10;1657;10;1657;10;1471;1;-
2026/04/30;18:51:55;-;-; 57.70; 0.8;-; 74.3; 75.1; 47.2; 47.2; 0.0;2138; 0.5; 0.6; 0.6;31; 22.4;B;0;-;On;On;Off; 31.3; 30.8;0;10;1657;10;1657;10;1471;1;-
2026/04/30;18:52:55;-;-; 57.68; 0.5;-; 76.2; 76.1; 31.7; 31.7; 0.0;2138; 0.6; 0.6; 0.6;31; 22.4;B;0;-;On;On;Off; 31.4; 30.9;0;10;1657;10;1657;10;1471;1;-
2026/04/30;18:53:55;-;-; 57.70; 0.7;-; 74.2; 75.1; 40.2; 40.2; 0.0;2138; 0.5; 0.6; 0.6;31; 22.4;B;0;-;On;On;Off; 31.4; 31.0;0;10;1657;10;1657;11;1472;1;-
2026/04/30;18:54:55;-;-; 57.68; 0.5;-; 77.3; 76.6; 30.2; 3.1; 27.1;2139; 0.5; 0.6; 0.6;30; 22.4;B;0;-;On;On;Off; 31.5; 31.0;0;10;1657;10;1657;11;1472;1;-
2026/04/30;18:55:55;-;-; 57.70; 0.6;-; 76.0; 76.1; 36.4; 13.1; 23.2;2139; 0.5; 0.6; 0.6;31; 22.4;B;0;-;On;On;Off; 31.6; 31.1;0;10;1657;10;1657;11;1472;1;-
2026/04/30;18:56:55;-;-; 57.68; 0.9;-; 72.3; 75.0; 52.6; 52.6; 0.0;2139; 0.5; 0.6; 0.6;30; 22.4;B;0;-;On;On;Off; 31.5; 31.2;0;10;1657;10;1657;11;1472;1;-
2026/04/30;18:57:55;-;-; 57.70; 0.5;-; 73.6; 74.1; 26.3; 25.5; 0.8;2139; 0.5; 0.6; 0.6;30; 22.4;B;0;-;On;On;Off; 31.6; 30.5;0;10;1657;10;1657;11;1472;1;-
2026/04/30;18:58:55;-;-; 57.70; 0.4;-; 73.6; 74.1; 24.7; 24.0; 0.8;2139; 0.5; 0.5; 0.5;25; 22.4;B;0;-;On;On;Off; 31.4; 29.0;0;10;1657;10;1657;11;1472;1;-
2026/04/30;18:59:55;-;-; 57.70; 1.1;-; 71.3; 75.0; 62.0; 62.0; 0.0;2139; 0.3; 0.4; 0.4;17; 22.4;B;0;-;On;On;Off; 31.2; 30.4;0;10;1657;10;1657;11;1472;1;-
2026/04/30;19:00:54;-;-; 57.70; 1.1;-; 71.3; 75.2; 65.0; 65.0; 0.0;2139; 0.5; 0.5; 0.5;26; 22.4;B;0;-;On;On;Off; 31.3; 30.9;0;10;1657;10;1657;11;1472;1;-
2026/04/30;19:01:54;-;-; 57.70; 0.2;-; 74.5; 74.5; 13.9; 13.1; 0.8;2139; 0.5; 0.6; 0.6;31; 22.4;B;0;-;On;On;Off; 31.3; 29.0;0;10;1657;10;1657;11;1472;1;-
2026/04/30;19:02:54;-;-; 57.68; 0.8;-; 73.4; 75.0; 44.1; 44.1; 0.0;2139; 0.3; 0.4; 0.4;17; 22.4;B;0;-;On;On;Off; 31.1; 29.0;0;10;1657;10;1657;11;1472;1;-
2026/04/30;19:03:54;-;-; 57.70; 0.5;-; 76.6; 77.4; 28.6; 22.4; 6.2;2139; 0.4; 0.4; 0.4;22; 22.4;B;0;-;On;On;Off; 31.3; 30.7;0;10;1657;10;1657;11;1472;1;-
2026/04/30;19:04:54;-;-; 57.68; 0.5;-; 76.7; 76.4; 27.0; 25.5; 1.5;2139; 0.5; 0.6; 0.6;30; 22.4;B;0;-;On;On;Off; 31.5; 30.9;0;10;1657;10;1657;11;1472;1;-
2026/04/30;19:05:54;-;-; 57.68; 0.5;-; 74.8; 75.1; 31.0; 31.0; 0.0;2139; 0.5; 0.6; 0.6;29; 22.4;B;0;-;On;On;Off; 31.5; 31.0;0;10;1657;10;1657;11;1472;1;-
2026/04/30;19:06:54;-;-; 57.70; 0.6;-; 74.6; 75.9; 37.1; 36.4; 0.8;2139; 0.5; 0.6; 0.6;30; 22.4;B;0;-;On;On;Off; 31.5; 31.1;0;10;1657;10;1657;11;1472;1;-
2026/04/30;19:07:54;-;-; 57.70; 0.6;-; 76.1; 75.2; 36.4; 27.9; 8.5;2139; 0.5; 0.6; 0.6;31; 22.3;B;0;-;On;On;Off; 31.6; 31.1;0;10;1657;10;1657;11;1472;1;-
2026/04/30;19:08:54;-;-; 57.68; 0.6;-; 75.9; 75.0; 34.0; 0.8; 33.3;2139; 0.5; 0.6; 0.6;30; 22.3;B;0;-;On;On;Off; 31.6; 31.2;0;11;1658;11;1658;11;1472;1;-
2026/04/30;19:09:54;-;-; 57.70; 0.8;-; 74.6; 75.4; 44.1; 44.1; 0.0;2139; 0.5; 0.6; 0.6;30; 22.4;B;0;-;On;On;Off; 31.6; 31.2;0;11;1658;11;1658;11;1472;1;-
2026/04/30;19:10:54;-;-; 57.68; 1.1;-; 71.6; 75.1; 63.5; 63.5; 0.0;2139; 0.5; 0.6; 0.6;30; 22.4;B;0;-;On;On;Off; 31.6; 31.3;0;11;1658;11;1658;11;1472;1;-
2026/04/30;19:11:54;-;-; 57.70; 0.4;-; 73.8; 74.2; 22.4; 21.7; 0.8;2139; 0.6; 0.6; 0.6;31; 22.3;B;0;-;On;On;Off; 31.6; 29.5;0;11;1658;11;1658;11;1472;1;-
2026/04/30;19:12:54;-;-; 57.70; 0.4;-; 73.4; 73.9; 20.9; 20.9; 0.0;2139; 0.4; 0.4; 0.4;21; 22.3;B;0;-;On;On;Off; 31.4; 29.0;0;11;1658;11;1658;11;1472;1;-
2026/04/30;19:13:54;-;-; 57.70; 1.1;-; 70.4; 74.9; 62.7; 62.7; 0.0;2139; 0.3; 0.4; 0.4;19; 22.3;B;0;-;On;On;Off; 31.3; 30.8;0;11;1658;11;1658;11;1472;1;-
2026/04/30;19:14:54;-;-; 57.70; 0.3;-; 73.3; 73.7; 18.6; 17.8; 0.8;2139; 0.6; 0.6; 0.6;31; 22.3;B;0;-;On;On;Off; 31.5; 30.2;0;11;1658;11;1658;11;1472;1;-
2026/04/30;19:15:53;-;-; 57.72; 0.5;-; 72.7; 73.5; 26.3; 26.3; 0.0;2139; 0.5; 0.5; 0.5;25; 22.3;B;0;-;On;On;Off; 31.3; 28.9;0;11;1658;11;1658;11;1472;1;-
2026/04/30;19:16:53;-;-; 57.70; 0.4;-; 72.8; 73.3; 22.4; 21.7; 0.8;2139; 0.3; 0.4; 0.4;18; 22.3;B;0;-;On;On;Off; 31.1; 28.8;0;11;1658;11;1658;11;1472;1;-
2026/04/30;19:17:53;-;-; 57.70; 0.4;-; 73.0; 73.4; 20.9; 20.1; 0.8;2139; 0.3; 0.4; 0.4;18; 22.3;B;0;-;On;On;Off; 31.0; 28.6;0;11;1658;11;1658;11;1472;1;-
2026/04/30;19:18:53;-;-; 57.70; 0.4;-; 72.4; 73.4; 24.7; 24.7; 0.0;2139; 0.3; 0.4; 0.4;18; 22.3;B;0;-;On;On;Off; 30.9; 28.5;0;11;1658;11;1658;11;1472;1;-
2026/04/30;19:19:53;-;-; 57.70; 0.3;-; 73.3; 73.3; 16.2; 15.5; 0.8;2139; 0.3; 0.4; 0.4;18; 22.3;B;0;-;On;On;Off; 30.8; 28.5;0;11;1658;11;1658;11;1472;1;-
2026/04/30;19:20:53;-;-; 57.68; 0.4;-; 72.6; 73.4; 22.4; 22.4; 0.0;2139; 0.3; 0.4; 0.4;18; 22.3;B;0;-;On;On;Off; 30.8; 28.3;0;11;1658;11;1658;11;1472;1;-
2026/04/30;19:21:53;-;-; 57.68; 0.3;-; 72.7; 73.2; 18.5; 17.8; 0.8;2139; 0.3; 0.4; 0.4;18; 22.3;B;0;-;On;On;Off; 30.7; 28.2;0;11;1658;11;1658;11;1472;1;-
2026/04/30;19:22:53;-;-; 57.70; 0.3;-; 73.2; 73.4; 20.1; 19.4; 0.8;2139; 0.3; 0.4; 0.4;18; 22.3;B;0;-;On;On;Off; 30.6; 28.1;0;11;1658;11;1658;11;1472;1;-
2026/04/30;19:23:53;-;-; 57.70; 0.3;-; 73.8; 73.5; 16.2; 15.5; 0.8;2139; 0.3; 0.4; 0.4;17; 22.3;B;0;-;On;On;Off; 30.6; 28.1;0;11;1658;11;1658;11;1472;1;-
2026/04/30;19:24:53;-;-; 57.70; 0.3;-; 73.2; 73.4; 15.4; 14.7; 0.8;2139; 0.3; 0.4; 0.4;17; 22.3;B;0;-;On;On;Off; 30.5; 28.1;0;11;1658;11;1658;11;1472;1;-
2026/04/30;19:25:53;-;-; 57.70; 0.4;-; 72.7; 73.6; 21.7; 21.7; 0.0;2139; 0.3; 0.4; 0.4;17; 22.3;B;0;-;On;On;Off; 30.4; 28.0;0;11;1658;11;1658;11;1472;1;-
2026/04/30;19:26:53;-;-; 57.70; 0.5;-; 72.1; 73.5; 27.9; 27.1; 0.8;2139; 0.3; 0.4; 0.4;17; 22.3;B;0;-;On;On;Off; 30.4; 28.0;0;11;1658;11;1658;11;1472;1;-
2026/04/30;19:27:53;-;-; 57.70; 0.4;-; 72.8; 73.5; 25.5; 24.7; 0.8;2139; 0.3; 0.4; 0.4;17; 22.3;B;0;-;On;On;Off; 30.3; 27.9;0;11;1658;11;1658;11;1472;1;-
2026/04/30;19:28:53;-;-; 57.70; 0.3;-; 73.1; 73.5; 17.8; 17.8; 0.0;2139; 0.3; 0.4; 0.4;17; 22.3;B;0;-;On;On;Off; 30.3; 27.8;0;11;1658;11;1658;11;1472;1;-
2026/04/30;19:29:53;-;-; 57.70; 0.4;-; 72.7; 73.5; 23.2; 22.4; 0.8;2139; 0.3; 0.4; 0.4;17; 22.3;B;0;-;On;On;Off; 30.3; 27.9;0;11;1658;11;1658;11;1472;1;-
2026/04/30;19:30:52;-;-; 57.70; 0.4;-; 72.8; 73.4; 22.4; 22.4; 0.0;2139; 0.3; 0.4; 0.4;18; 22.3;B;0;-;On;On;Off; 30.2; 27.8;0;11;1658;11;1658;11;1472;1;-
2026/04/30;19:31:52;-;-; 57.72; 0.3;-; 72.7; 73.7; 19.4; 19.4; 0.0;2139; 0.3; 0.4; 0.4;17; 22.3;B;0;-;On;On;Off; 30.2; 27.7;0;11;1658;11;1658;11;1472;1;-
2026/04/30;19:32:52;-;-; 57.70; 0.4;-; 72.9; 73.7; 20.9; 20.9; 0.0;2139; 0.3; 0.4; 0.4;18; 22.3;B;0;-;On;On;Off; 30.1; 27.6;0;11;1658;11;1658;11;1472;1;-
2026/04/30;19:33:52;-;-; 57.68; 0.4;-; 72.6; 73.3; 23.2; 23.2; 0.0;2139; 0.3; 0.4; 0.4;18; 22.3;B;0;-;On;On;Off; 30.1; 27.7;0;11;1658;11;1658;11;1472;1;-
2026/04/30;19:34:52;-;-; 57.70; 0.4;-; 72.7; 73.4; 22.4; 22.4; 0.0;2139; 0.3; 0.4; 0.4;18; 22.3;B;0;-;On;On;Off; 30.1; 27.6;0;11;1658;11;1658;11;1472;1;-
2026/04/30;19:35:52;-;-; 57.70; 0.3;-; 73.0; 73.4; 18.6; 17.8; 0.8;2139; 0.3; 0.4; 0.4;17; 22.3;B;0;-;On;On;Off; 30.0; 27.5;0;11;1658;11;1658;11;1472;1;-
2026/04/30;19:36:52;-;-; 57.70; 0.3;-; 72.9; 73.3; 18.6; 18.6; 0.0;2139; 0.3; 0.4; 0.4;17; 22.3;B;0;-;On;On;Off; 30.0; 27.6;0;11;1658;11;1658;11;1472;1;-
2026/04/30;19:37:52;-;-; 57.68; 0.3;-; 72.7; 73.2; 18.5; 18.5; 0.0;2139; 0.3; 0.4; 0.4;18; 22.3;B;0;-;On;On;Off; 30.0; 27.5;0;11;1658;11;1658;11;1472;1;-
2026/04/30;19:38:52;-;-; 57.70; 0.4;-; 72.7; 73.4; 21.7; 21.7; 0.0;2139; 0.3; 0.4; 0.4;17; 22.3;B;0;-;On;On;Off; 30.0; 27.4;0;11;1658;11;1658;11;1472;1;-
2026/04/30;19:39:52;-;-; 57.70; 0.6;-; 72.6; 73.8; 35.6; 31.0; 4.6;2139; 0.3; 0.4; 0.4;17; 22.3;B;0;-;On;On;Off; 29.9; 27.4;0;11;1658;11;1658;11;1472;1;-
2026/04/30;19:40:52;-;-; 57.70; 1.1;-; 69.6; 75.2; 65.0; 65.0; 0.0;2139; 0.3; 0.4; 0.4;19; 22.3;B;0;-;On;On;Off; 30.0; 29.5;0;11;1658;11;1658;11;1472;1;-
2026/04/30;19:41:52;-;-; 57.68; 0.3;-; 73.6; 73.9; 17.0; 16.2; 0.8;2139; 0.6; 0.6; 0.6;31; 22.3;B;0;-;On;On;Off; 30.3; 28.7;0;11;1658;11;1658;11;1472;1;-
2026/04/30;19:42:52;-;-; 57.70; 0.3;-; 73.9; 73.9; 17.8; 17.8; 0.0;2139; 0.4; 0.5; 0.5;24; 22.3;B;0;-;On;On;Off; 30.1; 27.7;0;11;1658;11;1658;11;1472;1;-
2026/04/30;19:43:52;-;-; 57.70; 1.1;-; 69.5; 75.1; 62.0; 62.0; 0.0;2139; 0.3; 0.4; 0.4;16; 22.3;B;0;-;On;On;Off; 30.1; 29.4;0;11;1658;11;1658;11;1472;1;-
2026/04/30;19:44:52;-;-; 57.68; 1.1;-; 69.4; 75.0; 62.0; 62.0; 0.0;2139; 0.5; 0.5; 0.5;27; 22.3;B;0;-;On;On;Off; 30.3; 29.9;0;11;1658;11;1658;11;1472;1;-
2026/04/30;19:45:52;-;-; 57.70; 0.4;-; 73.0; 73.7; 23.2; 22.4; 0.8;2139; 0.5; 0.6; 0.6;28; 22.3;B;0;-;On;On;Off; 30.3; 27.9;0;11;1658;11;1658;11;1472;1;-
2026/04/30;19:46:51;-;-; 57.70; 0.4;-; 72.8; 73.4; 21.7; 21.7; 0.0;2139; 0.3; 0.4; 0.4;17; 22.3;B;0;-;On;On;Off; 30.1; 27.8;0;11;1658;11;1658;11;1472;1;-
2026/04/30;19:47:51;-;-; 57.70; 0.3;-; 73.3; 73.4; 17.7; 17.0; 0.8;2139; 0.3; 0.4; 0.4;17; 22.3;B;0;-;On;On;Off; 30.1; 27.6;0;11;1658;11;1658;11;1472;1;-
2026/04/30;19:48:51;-;-; 57.70; 0.3;-; 73.1; 73.5; 18.5; 18.5; 0.0;2139; 0.3; 0.4; 0.4;17; 22.3;B;0;-;On;On;Off; 30.0; 27.6;0;11;1658;11;1658;11;1472;1;-
2026/04/30;19:49:51;-;-; 57.70; 0.4;-; 73.1; 73.4; 20.9; 20.1; 0.8;2139; 0.3; 0.4; 0.4;17; 22.3;B;0;-;On;On;Off; 30.0; 27.5;0;11;1658;11;1658;11;1472;1;-
2026/04/30;19:50:51;-;-; 57.70; 0.4;-; 72.9; 73.5; 21.7; 21.7; 0.0;2139; 0.3; 0.4; 0.4;17; 22.3;B;0;-;On;On;Off; 30.0; 27.5;0;11;1658;11;1658;11;1472;1;-
2026/04/30;19:51:51;-;-; 57.70; 0.3;-; 73.3; 73.3; 17.0; 17.0; 0.0;2139; 0.3; 0.4; 0.4;16; 22.2;B;0;-;On;On;Off; 29.9; 27.4;0;11;1658;11;1658;11;1472;1;-
2026/04/30;19:52:51;-;-; 57.70; 0.4;-; 72.6; 73.2; 23.2; 22.4; 0.8;2139; 0.3; 0.4; 0.4;17; 22.2;B;0;-;On;On;Off; 29.9; 27.4;0;11;1658;11;1658;11;1472;1;-
2026/04/30;19:53:51;-;-; 57.68; 0.4;-; 72.3; 73.1; 21.6; 20.9; 0.8;2139; 0.3; 0.4; 0.4;17; 22.2;B;0;-;On;On;Off; 29.8; 27.4;0;11;1658;11;1658;11;1472;1;-
2026/04/30;19:54:51;-;-; 57.68; 0.3;-; 73.1; 73.1; 15.5; 15.5; 0.0;2140; 0.3; 0.4; 0.4;17; 22.2;B;0;-;On;On;Off; 29.8; 27.4;0;11;1658;11;1658;11;1472;1;-
2026/04/30;19:55:51;-;-; 57.70; 0.3;-; 72.7; 72.9; 17.8; 17.8; 0.0;2140; 0.3; 0.4; 0.4;16; 22.2;B;0;-;On;On;Off; 29.8; 27.3;0;11;1658;11;1658;11;1472;1;-
2026/04/30;19:56:51;-;-; 57.70; 0.4;-; 71.2; 72.7; 23.2; 23.2; 0.0;2140; 0.3; 0.4; 0.4;16; 22.2;B;0;-;On;On;Off; 29.7; 27.4;0;11;1658;11;1658;11;1472;1;-
2026/04/30;19:57:51;-;-; 57.68; 0.3;-; 72.0; 72.6; 17.0; 17.0; 0.0;2140; 0.3; 0.4; 0.4;17; 22.2;B;0;-;On;On;Off; 29.7; 27.3;0;11;1658;11;1658;11;1472;1;-
2026/04/30;19:58:51;-;-; 57.70; 0.4;-; 71.2; 72.6; 23.2; 22.4; 0.8;2140; 0.3; 0.4; 0.4;17; 22.2;B;0;-;On;On;Off; 29.7; 27.2;0;11;1658;11;1658;11;1472;1;-
2026/04/30;19:59:51;-;-; 57.70; 0.3;-; 71.5; 72.5; 19.4; 19.4; 0.0;2140; 0.3; 0.4; 0.4;16; 22.2;B;0;-;On;On;Off; 29.7; 27.2;0;11;1658;11;1658;11;1472;1;-
2026/04/30;20:00:51;-;-; 57.70; 0.4;-; 70.2; 72.3; 24.0; 24.0; 0.0;2140; 0.3; 0.4; 0.4;17; 22.2;B;0;-;On;On;Off; 29.6; 27.2;0;11;1658;11;1658;11;1472;1;-
2026/04/30;20:01:50;-;-; 57.70; 0.3;-; 71.4; 72.4; 19.3; 18.5; 0.8;2140; 0.3; 0.4; 0.4;17; 22.2;B;0;-;On;On;Off; 29.6; 27.2;0;11;1658;11;1658;11;1472;1;-
2026/04/30;20:02:50;-;-; 57.68; 0.4;-; 70.1; 72.2; 24.7; 24.7; 0.0;2140; 0.3; 0.4; 0.4;17; 22.2;B;0;-;On;On;Off; 29.6; 27.1;0;11;1658;11;1658;11;1472;1;-
2026/04/30;20:03:50;-;-; 57.68; 0.4;-; 70.6; 71.9; 20.9; 20.9; 0.0;2140; 0.3; 0.4; 0.4;17; 22.2;B;0;-;On;On;Off; 29.6; 27.2;0;11;1658;11;1658;11;1472;1;-
2026/04/30;20:04:50;-;-; 57.70; 0.3;-; 70.5; 71.9; 19.4; 19.4; 0.0;2140; 0.3; 0.4; 0.4;17; 22.2;B;0;-;On;On;Off; 29.6; 27.1;0;11;1658;11;1658;11;1472;1;-
2026/04/30;20:05:50;-;-; 57.70; 0.3;-; 70.8; 71.9; 20.1; 20.1; 0.0;2140; 0.3; 0.4; 0.4;16; 22.2;B;0;-;On;On;Off; 29.5; 27.1;0;11;1658;11;1658;11;1472;1;-
2026/04/30;20:06:50;-;-; 57.70; 0.3;-; 70.8; 71.8; 17.8; 17.8; 0.0;2140; 0.3; 0.4; 0.4;17; 22.2;B;0;-;On;On;Off; 29.5; 27.1;0;11;1658;11;1658;11;1472;1;-
2026/04/30;20:07:50;-;-; 57.70; 0.4;-; 69.6; 71.5; 22.4; 22.4; 0.0;2140; 0.3; 0.4; 0.4;17; 22.2;B;0;-;On;On;Off; 29.5; 27.1;0;11;1658;11;1658;11;1472;1;-
2026/04/30;20:08:50;-;-; 57.74; 0.3;-; 70.9; 71.7; 16.3; 16.3; 0.0;2140; 0.3; 0.4; 0.4;16; 22.2;B;0;-;On;On;Off; 29.5; 27.0;0;11;1658;11;1658;11;1472;1;-
2026/04/30;20:09:50;-;-; 55.06; 0.0;-; 73.0; 71.6; 0.7; 0.0; 0.7;2140; 0.2; 0.3; 0.3;12; 22.2;B;0;-;On;On;Off; 27.5; 26.8;0;11;1658;11;1658;11;1472;1;-
2026/04/30;20:10:50;-;-; 54.07; 0.9;-; 70.4; 70.1; 47.1; 30.4; 16.7;2140;-0.1; 0.0; 0.0;-6; 22.2;B;0;-;On;On;Off; 27.3; 28.3;0;11;1658;11;1658;11;1472;1;-
2026/04/30;20:11:50;-;-; 54.27; 0.2;-; 70.9; 71.2; 11.6; 11.6; 0.0;2140; 0.2; 0.3; 0.3;8; 22.2;B;0;-;On;On;Off; 29.3; 28.8;0;11;1658;11;1658;11;1472;1;-
2026/04/30;20:12:50;-;-; 53.68; 0.1;-; 71.4; 71.0; 4.3; 4.3; 0.0;2140; 0.4; 0.5; 0.5;21; 22.2;B;0;-;On;On;Off; 29.4; 27.1;0;11;1658;11;1658;11;1472;1;-
2026/04/30;20:13:50;-;-; 53.48; 0.0;-; 71.2; 72.9; 0.7; 0.7; 0.0;2140; 0.0; 0.2; 0.2;2; 22.2;B;0;-;On;On;Off; 27.7; 27.9;0;11;1658;11;1658;11;1472;1;-
2026/04/30;20:14:50;-;-; 53.54; 0.3;-; 71.6; 69.7; 18.0; 0.0; 18.0;2140; 0.0; 0.2; 0.2;1; 22.2;B;0;-;On;On;Off; 27.4; 28.7;0;11;1658;11;1658;11;1472;1;-
2026/04/30;20:15:50;-;-; 53.70; 0.4;-; 70.0; 71.7; 20.1; 19.4; 0.7;2140; 0.2; 0.3; 0.3;10; 22.2;B;0;-;On;On;Off; 29.1; 27.2;0;11;1658;11;1658;11;1472;1;-
2026/04/30;20:16:49;-;-; 53.83; 0.4;-; 70.1; 72.0; 21.6; 20.9; 0.7;2140; 0.4; 0.4; 0.4;19; 22.2;B;0;-;On;On;Off; 29.2; 26.9;0;11;1658;11;1658;11;1472;1;-
2026/04/30;20:17:49;-;-; 54.43; 0.4;-; 71.0; 72.1; 21.9; 16.8; 5.1;2140; 0.3; 0.4; 0.4;18; 22.2;B;0;-;On;On;Off; 29.4; 28.8;0;11;1658;11;1658;11;1472;1;-
2026/04/30;20:18:49;-;-; 54.45; 0.0;-; 72.3; 72.0; 0.7; 0.0; 0.7;2140; 0.6; 0.6; 0.6;33; 22.2;B;0;-;On;On;Off; 29.6; 29.1;0;11;1658;11;1658;11;1472;1;-
2026/04/30;20:19:49;-;-; 53.76; 0.0;-; 72.1; 72.0; 0.7; 0.0; 0.7;2140; 0.4; 0.4; 0.4;19; 22.2;B;0;-;On;On;Off; 27.5; 27.1;0;11;1658;11;1658;11;1472;1;-
2026/04/30;20:20:49;-;-; 53.85; 0.7;-; 70.2; 69.9; 38.9; 19.5; 19.5;2140;-0.1; 0.0; 0.0;-6; 22.2;B;0;-;On;On;Off; 28.3; 27.8;0;11;1658;11;1658;11;1472;1;-
2026/04/30;20:21:49;-;-; 54.25; 0.6;-; 70.8; 70.6; 31.9; 16.0; 16.0;2140; 0.3; 0.4; 0.4;15; 22.2;B;0;-;On;On;Off; 29.3; 28.8;0;11;1658;11;1658;11;1472;1;-
2026/04/30;20:22:49;-;-; 53.95; 0.0;-; 71.8; 71.7; 1.4; 0.7; 0.7;2140; 0.5; 0.6; 0.6;29; 22.2;B;0;-;On;On;Off; 28.8; 28.2;0;11;1658;11;1658;11;1472;1;-
2026/04/30;20:23:49;-;-; 53.60; 0.0;-; 71.7; 71.7; 0.0; 0.0; 0.0;2140; 0.2; 0.3; 0.3;10; 22.2;B;0;-;On;On;Off; 27.4; 26.9;0;11;1658;11;1658;11;1472;1;-
2026/04/30;20:24:49;-;-; 53.72; 0.6;-; 70.0; 70.0; 33.1; 16.6; 16.6;2140;-0.1; 0.0; 0.0;-7; 22.2;B;0;-;On;On;Off; 28.8; 28.3;0;11;1658;11;1658;11;1472;1;-
2026/04/30;20:25:49;-;-; 53.74; 0.5;-; 70.1; 70.0; 28.1; 14.4; 13.7;2140; 0.4; 0.5; 0.5;21; 22.2;B;0;-;On;On;Off; 29.4; 28.9;0;11;1658;11;1658;11;1472;1;-
2026/04/30;20:26:49;-;-; 53.52; 0.0;-; 71.4; 71.2; 0.7; 0.0; 0.7;2140; 0.4; 0.5; 0.5;22; 22.2;B;0;-;On;On;Off; 27.5; 27.1;0;11;1658;11;1658;11;1472;1;-
2026/04/30;20:27:49;-;-; 53.40; 0.4;-; 70.5; 70.7; 20.1; 10.7; 9.3;2140;-0.1; 0.0; 0.0;-7; 22.2;B;0;-;On;On;Off; 27.7; 27.3;0;11;1658;11;1658;11;1472;1;-
2026/04/30;20:28:49;-;-; 53.42; 0.5;-; 69.6; 69.7; 27.9; 14.3; 13.6;2140; 0.1; 0.2; 0.2;3; 22.2;B;0;-;On;On;Off; 29.2; 28.7;0;11;1658;11;1658;11;1472;1;-
2026/04/30;20:29:49;-;-; 53.36; 0.0;-; 71.2; 70.9; 0.0; 0.0; 0.0;2140; 0.4; 0.5; 0.5;21; 22.2;B;0;-;On;On;Off; 27.9; 27.4;0;11;1658;11;1658;11;1472;1;-
2026/04/30;20:30:49;-;-; 53.32; 0.0;-; 71.0; 70.8; 0.7; 0.0; 0.7;2140; 0.0; 0.2; 0.2;0; 22.2;B;0;-;On;On;Off; 27.1; 26.7;0;11;1658;11;1658;11;1472;1;-
2026/04/30;20:31:48;-;-; 53.30; 0.5;-; 69.5; 69.4; 26.4; 13.6; 12.9;2140;-0.2; 0.0; 0.0;-8; 22.2;B;0;-;On;On;Off; 28.9; 28.4;0;11;1658;11;1658;11;1472;1;-
2026/04/30;20:32:48;-;-; 53.26; 0.0;-; 70.7; 70.6; 0.0; 0.0; 0.0;2140; 0.3; 0.5; 0.5;16; 22.2;B;0;-;On;On;Off; 29.0; 28.4;0;11;1658;11;1658;11;1472;1;-
2026/04/30;20:33:48;-;-; 53.22; 0.0;-; 70.6; 70.6; 0.0; 0.0; 0.0;2140; 0.2; 0.3; 0.3;8; 22.2;B;0;-;On;On;Off; 27.2; 26.8;0;11;1658;11;1658;11;1472;1;-
2026/04/30;20:34:48;-;-; 53.20; 0.4;-; 69.4; 69.2; 22.1; 11.4; 10.7;2140;-0.1; 0.0; 0.0;-7; 22.2;B;0;-;On;On;Off; 28.3; 27.9;0;11;1658;11;1658;11;1472;1;-
2026/04/30;20:35:48;-;-; 53.16; 0.4;-; 69.4; 69.3; 20.6; 10.7; 10.0;2140; 0.1; 0.3; 0.3;2; 22.2;B;0;-;On;On;Off; 29.2; 28.7;0;11;1658;11;1658;11;1472;1;-
2026/04/30;20:36:48;-;-; 53.16; 0.0;-; 70.4; 70.2; 0.7; 0.0; 0.7;2140; 0.2; 0.4; 0.4;9; 22.2;B;0;-;On;On;Off; 27.4; 27.0;0;11;1658;11;1658;11;1472;1;-
2026/04/30;20:37:48;-;-; 53.14; 0.4;-; 69.3; 69.2; 23.5; 12.1; 11.4;2140;-0.1; 0.0; 0.0;-7; 22.2;B;0;-;On;On;Off; 27.1; 26.7;0;11;1658;11;1658;11;1472;1;-
2026/04/30;20:38:48;-;-; 53.12; 0.5;-; 69.8; 69.2; 24.2; 12.1; 12.1;2140;-0.1; 0.1; 0.1;-2; 22.2;B;0;-;On;On;Off; 29.0; 28.5;0;11;1658;11;1658;11;1472;1;-
2026/04/30;20:39:48;-;-; 53.14; 0.0;-; 71.0; 70.4; 0.7; 0.0; 0.7;2140; 0.3; 0.5; 0.5;14; 22.2;B;0;-;On;On;Off; 28.0; 27.4;0;11;1658;11;1658;11;1472;1;-
2026/04/30;20:40:48;-;-; 53.12; 0.0;-; 70.7; 70.3; 1.4; 0.7; 0.7;2140; 0.1; 0.2; 0.2;2; 22.2;B;0;-;On;On;Off; 27.0; 26.6;0;11;1658;11;1658;11;1472;1;-
2026/04/30;20:41:48;-;-; 53.08; 0.4;-; 69.4; 69.2; 22.7; 12.1; 10.7;2140;-0.1; 0.0; 0.0;-7; 22.2;B;0;-;On;On;Off; 28.7; 28.2;0;11;1658;11;1658;11;1472;1;-
2026/04/30;20:42:48;-;-; 53.06; 0.0;-; 70.4; 70.0; 0.7; 0.0; 0.7;2140; 0.2; 0.4; 0.4;9; 22.2;B;0;-;On;On;Off; 29.1; 28.6;0;11;1658;11;1658;11;1472;1;-
2026/04/30;20:43:48;-;-; 53.06; 0.0;-; 70.3; 69.9; 0.7; 0.7; 0.0;2140; 0.1; 0.3; 0.3;4; 22.2;B;0;-;On;On;Off; 27.2; 26.7;0;11;1658;11;1658;11;1472;1;-
2026/04/30;20:44:48;-;-; 53.04; 0.4;-; 69.2; 69.1; 19.9; 10.7; 9.2;2140;-0.2; 0.0; 0.0;-7; 22.2;B;0;-;On;On;Off; 28.0; 27.6;0;11;1658;11;1658;11;1472;1;-
2026/04/30;20:45:48;-;-; 53.01; 0.4;-; 69.2; 68.9; 19.9; 10.7; 9.2;2140;-0.0; 0.2; 0.2;0; 22.2;B;0;-;On;On;Off; 29.0; 28.5;0;11;1658;11;1658;11;1472;1;-
2026/04/30;20:46:48;-;-; 53.03; 0.0;-; 70.2; 69.9; 0.7; 0.0; 0.7;2140; 0.1; 0.4; 0.4;6; 22.2;B;0;-;On;On;Off; 27.4; 27.0;0;11;1658;11;1658;11;1472;1;-
2026/04/30;20:47:47;-;-; 52.99; 0.1;-; 70.4; 69.8; 4.9; 4.2; 0.7;2140;-0.1; 0.1; 0.1;-5; 22.2;B;0;-;On;On;Off; 26.9; 26.5;0;11;1658;11;1658;11;1472;1;-
2026/04/30;20:48:47;-;-; 52.95; 0.3;-; 69.1; 68.9; 18.4; 9.2; 9.2;2140;-0.1; 0.1; 0.1;-5; 22.3;B;0;-;On;On;Off; 28.8; 28.3;0;11;1658;11;1658;11;1472;1;-
2026/04/30;20:49:47;-;-; 52.97; 0.0;-; 69.9; 69.7; 0.7; 0.0; 0.7;2140; 0.1; 0.4; 0.4;4; 22.2;B;0;-;On;On;Off; 28.1; 27.6;0;11;1658;11;1658;11;1472;1;-
2026/04/30;20:50:47;-;-; 52.97; 0.0;-; 69.9; 69.6; 0.0; 0.0; 0.0;2140;-0.0; 0.2; 0.2;-2; 22.2;B;0;-;On;On;Off; 27.0; 26.6;0;11;1658;11;1658;11;1472;1;-
2026/04/30;20:51:47;-;-; 52.89; 0.3;-; 68.9; 68.8; 15.6; 8.5; 7.1;2140;-0.1; 0.0; 0.0;-7; 22.3;B;0;-;On;On;Off; 28.5; 28.0;0;11;1658;11;1658;11;1472;1;-
2026/04/30;20:52:47;-;-; 52.85; 0.3;-; 69.1; 68.8; 14.9; 7.8; 7.1;2140;-0.0; 0.2; 0.2;-1; 22.3;B;0;-;On;On;Off; 29.0; 28.6;0;11;1658;11;1658;11;1472;1;-
2026/04/30;20:53:47;-;-; 52.91; 0.0;-; 69.6; 69.2; 0.7; 0.0; 0.7;2140;-0.0; 0.3; 0.3;-2; 22.2;B;0;-;On;On;Off; 27.2; 26.7;0;11;1658;11;1658;11;1472;1;-
2026/04/30;20:54:47;-;-; 52.85; 0.2;-; 68.9; 70.1; 8.5; 7.1; 1.4;2141;-0.1; 0.0; 0.0;-7; 22.3;B;0;-;On;On;Off; 27.5; 27.2;0;11;1658;11;1658;11;1472;1;-
2026/04/30;20:55:47;-;-; 52.79; 0.3;-; 68.8; 68.7; 13.4; 7.1; 6.3;2141;-0.1; 0.1; 0.1;-6; 22.3;B;0;-;On;On;Off; 28.9; 28.4;0;11;1658;11;1658;11;1472;1;-
2026/04/30;20:56:47;-;-; 52.81; 0.0;-; 69.3; 69.0; 0.7; 0.0; 0.7;2141;-0.1; 0.3; 0.3;-5; 22.3;B;0;-;On;On;Off; 27.5; 27.0;0;11;1658;11;1658;11;1472;1;-
2026/04/30;20:57:47;-;-; 52.85; 0.0;-; 69.3; 69.1; 0.7; 0.0; 0.7;2141;-0.2; 0.1; 0.1;-7; 22.3;B;0;-;On;On;Off; 26.8; 26.4;0;11;1658;11;1658;11;1472;1;-
2026/04/30;20:58:47;-;-; 52.75; 0.2;-; 68.9; 69.0; 12.0; 7.1; 4.9;2141;-0.1; 0.0; 0.0;-6; 22.3;B;0;-;On;On;Off; 28.7; 28.2;0;11;1658;11;1658;11;1472;1;-
2026/04/30;20:59:47;-;-; 52.77; 0.0;-; 69.1; 68.9; 1.4; 0.7; 0.7;2141;-0.1; 0.3; 0.3;-5; 22.3;B;0;-;On;On;Off; 28.5; 27.9;0;11;1658;11;1658;11;1472;1;-
2026/04/30;21:00:47;-;-; 52.79; 0.0;-; 68.9; 68.8; 0.7; 0.0; 0.7;2141;-0.1; 0.2; 0.2;-7; 22.3;B;0;-;On;On;Off; 27.0; 26.5;0;11;1658;11;1658;11;1472;1;-
2026/04/30;21:01:47;-;-; 52.69; 0.2;-; 68.7; 68.6; 10.6; 5.6; 4.9;2141;-0.1; 0.0; 0.0;-7; 22.3;B;0;-;On;On;Off; 28.2; 27.8;0;11;1658;11;1658;11;1472;1;-
2026/04/30;21:02:46;-;-; 52.63; 0.2;-; 68.7; 68.6; 9.8; 4.9; 4.9;2141;-0.2; 0.1; 0.1;-10; 22.3;B;0;-;On;On;Off; 29.0; 28.5;0;11;1658;11;1658;11;1472;1;-
2026/04/30;21:03:46;-;-; 52.69; 0.0;-; 68.4; 68.1; 0.0; 0.0; 0.0;2141;-0.3; 0.2; 0.2;-14; 22.3;B;0;-;On;On;Off; 27.2; 26.7;0;11;1658;11;1658;11;1472;1;-
2026/04/30;21:04:46;-;-; 52.65; 0.1;-; 68.7; 69.8; 4.9; 4.9; 0.0;2141;-0.2; 0.0; 0.0;-8; 22.3;B;0;-;On;On;Off; 27.0; 26.7;0;11;1658;11;1658;11;1472;1;-
2026/04/30;21:05:46;-;-; 52.59; 0.2;-; 68.7; 68.4; 8.4; 4.2; 4.2;2141;-0.2; 0.1; 0.1;-8; 22.3;B;0;-;On;On;Off; 28.8; 28.3;0;11;1658;11;1658;11;1472;1;-
2026/04/30;21:06:46;-;-; 52.61; 0.0;-; 67.8; 67.7; 1.4; 0.7; 0.7;2141;-0.3; 0.1; 0.1;-17; 22.3;B;0;-;On;On;Off; 27.6; 27.1;0;11;1658;11;1658;11;1472;1;-
2026/04/30;21:07:46;-;-; 52.63; 0.0;-; 67.7; 67.4; 0.7; 0.0; 0.7;2141;-0.2; 0.1; 0.1;-12; 22.3;B;0;-;On;On;Off; 26.8; 26.4;0;11;1658;11;1658;11;1472;1;-
2026/04/30;21:08:46;-;-; 52.53; 0.1;-; 68.6; 68.4; 6.3; 3.5; 2.8;2141;-0.2; 0.0; 0.0;-7; 22.3;B;0;-;On;On;Off; 28.5; 28.1;0;11;1658;11;1658;11;1472;1;-
2026/04/30;21:09:46;-;-; 52.53; 0.0;-; 67.4; 67.1; 0.0; 0.0; 0.0;2141;-0.4; 0.1; 0.1;-20; 22.3;B;0;-;On;On;Off; 28.8; 28.2;0;11;1658;11;1658;11;1472;1;-
2026/04/30;21:10:46;-;-; 52.59; 0.0;-; 67.3; 67.1; 0.7; 0.0; 0.7;2141;-0.4; 0.1; 0.1;-21; 22.2;B;0;-;On;On;Off; 27.0; 26.5;0;11;1658;11;1658;11;1472;1;-
2026/04/30;21:11:46;-;-; 52.55; 0.1;-; 68.7; 67.0; 2.8; 2.8; 0.0;2141;-0.2; 0.0; 0.0;-7; 22.3;B;0;-;On;On;Off; 27.9; 26.3;0;11;1658;11;1658;11;1472;1;-
2026/04/30;21:12:46;-;-; 52.53; 0.0;-; 68.6; 66.9; 2.1; 2.1; 0.0;2141;-0.2; 0.0; 0.0;-12; 22.3;B;0;-;On;On;Off; 28.6; 26.3;0;11;1658;11;1658;11;1472;1;-
2026/04/30;21:13:46;-;-; 52.55; 0.0;-; 66.8; 66.9; 0.7; 0.0; 0.7;2141;-0.3; 0.0; 0.0;-17; 22.2;B;0;-;On;On;Off; 26.9; 26.3;0;11;1658;11;1658;11;1472;1;-
2026/04/30;21:14:46;-;-; 52.57; 0.0;-; 68.7; 66.7; 2.1; 2.1; 0.0;2141;-0.2; 0.0; 0.0;-9; 22.2;B;0;-;On;On;Off; 26.5; 26.1;0;11;1658;11;1658;11;1472;1;-
2026/04/30;21:15:46;-;-; 52.51; 0.1;-; 68.6; 66.5; 2.8; 2.1; 0.7;2141;-0.2; 0.0; 0.0;-7; 22.3;B;0;-;On;On;Off; 28.3; 26.1;0;11;1658;11;1658;11;1472;1;-
2026/04/30;21:16:46;-;-; 52.53; 0.0;-; 66.3; 66.4; 1.4; 0.7; 0.7;2141;-0.4; 0.0; 0.0;-19; 22.2;B;0;-;On;On;Off; 27.2; 26.2;0;11;1658;11;1658;11;1472;1;-
2026/04/30;21:17:45;-;-; 52.57; 0.0;-; 66.3; 66.0; 0.7; 0.0; 0.7;2141;-0.3; 0.0; 0.0;-15; 22.2;B;0;-;On;On;Off; 26.4; 25.9;0;11;1658;11;1658;11;1472;1;-
2026/04/30;21:18:45;-;-; 52.57; 0.0;-; 66.2; 65.9; 0.7; 0.0; 0.7;2141;-0.2; 0.0; 0.0;-8; 22.2;B;0;-;On;On;Off; 26.3; 25.8;0;11;1658;11;1658;11;1472;1;-
2026/04/30;21:19:45;-;-; 52.59; 0.0;-; 65.9; 65.7; 0.7; 0.0; 0.7;2141;-0.2; 0.0; 0.0;-8; 22.2;B;0;-;On;On;Off; 26.1; 25.7;0;11;1658;11;1658;11;1472;1;-
2026/04/30;21:20:45;-;-; 52.61; 0.0;-; 65.6; 65.5; 1.4; 0.7; 0.7;2141;-0.2; 0.0; 0.0;-8; 22.2;B;0;-;On;On;Off; 26.0; 25.6;0;11;1658;11;1658;11;1472;1;-
2026/04/30;21:21:45;-;-; 52.59; 0.0;-; 65.4; 65.3; 1.4; 0.7; 0.7;2141;-0.1; 0.0; 0.0;-7; 22.2;B;0;-;On;On;Off; 26.0; 25.6;0;11;1658;11;1658;11;1472;1;-
2026/04/30;21:22:45;-;-; 52.61; 0.0;-; 65.1; 65.0; 0.0; 0.0; 0.0;2141;-0.2; 0.0; 0.0;-8; 22.2;B;0;-;On;On;Off; 25.8; 25.4;0;11;1658;11;1658;11;1472;1;-
2026/04/30;21:23:45;-;-; 52.63; 0.0;-; 64.9; 64.8; 0.0; 0.0; 0.0;2141;-0.2; 0.0; 0.0;-8; 22.2;B;0;-;On;On;Off; 25.7; 25.3;0;11;1658;11;1658;11;1472;1;-
2026/04/30;21:24:45;-;-; 52.63; 0.1;-; 64.5; 65.1; 2.8; 0.0; 2.8;2141;-0.2; 0.0; 0.0;-7; 22.2;B;0;-;On;On;Off; 25.6; 25.2;0;11;1658;11;1658;11;1472;1;-
2026/04/30;21:25:45;-;-; 52.63; 0.0;-; 64.3; 64.1; 0.7; 0.7; 0.0;2141;-0.2; 0.0; 0.0;-7; 22.2;B;0;-;On;On;Off; 25.6; 25.2;0;11;1658;11;1658;11;1472;1;-
2026/04/30;21:26:45;-;-; 52.65; 0.0;-; 63.9; 63.7; 0.7; 0.0; 0.7;2141;-0.2; 0.0; 0.0;-8; 22.2;B;0;-;On;On;Off; 25.5; 25.1;0;11;1658;11;1658;11;1472;1;-
2026/04/30;21:27:45;-;-; 52.65; 0.0;-; 63.4; 63.3; 0.0; 0.0; 0.0;2141;-0.2; 0.0; 0.0;-8; 22.2;B;0;-;On;On;Off; 25.4; 25.0;0;11;1658;11;1658;11;1472;1;-
2026/04/30;21:28:45;-;-; 52.65; 0.0;-; 63.1; 62.8; 0.7; 0.0; 0.7;2141;-0.2; 0.0; 0.0;-8; 22.2;B;0;-;On;On;Off; 25.4; 25.1;0;11;1658;11;1658;11;1472;1;-
2026/04/30;21:29:45;-;-; 52.63; 0.0;-; 62.6; 62.4; 0.7; 0.7; 0.0;2141;-0.2; 0.0; 0.0;-8; 22.2;B;0;-;On;On;Off; 25.4; 25.0;0;11;1658;11;1658;11;1472;1;-
2026/04/30;21:30:45;-;-; 52.63; 0.0;-; 62.3; 62.0; 1.4; 0.7; 0.7;2141;-0.2; 0.0; 0.0;-8; 22.2;B;0;-;On;On;Off; 25.3; 24.9;0;11;1658;11;1658;11;1472;1;-
2026/04/30;21:31:45;-;-; 52.65; 0.0;-; 61.9; 61.6; 0.7; 0.7; 0.0;2141;-0.2; 0.0; 0.0;-7; 22.2;B;0;-;On;On;Off; 25.3; 24.9;0;11;1658;11;1658;11;1472;1;-
2026/04/30;21:32:45;-;-; 52.63; 0.0;-; 61.3; 61.1; 0.7; 0.7; 0.0;2141;-0.2; 0.0; 0.0;-8; 22.2;B;0;-;On;On;Off; 25.2; 24.8;0;11;1658;11;1658;11;1472;1;-
2026/04/30;21:33:44;-;-; 52.65; 0.0;-; 60.9; 60.6; 1.4; 0.7; 0.7;2141;-0.2; 0.0; 0.0;-8; 22.2;B;0;-;On;On;Off; 25.1; 24.7;0;11;1658;11;1658;11;1472;1;-
2026/04/30;21:34:44;-;-; 52.65; 0.0;-; 60.4; 60.2; 0.0; 0.0; 0.0;2141;-0.2; 0.0; 0.0;-7; 22.2;B;0;-;On;On;Off; 25.1; 24.7;0;11;1658;11;1658;11;1472;1;-
2026/04/30;21:35:44;-;-; 52.65; 0.0;-; 59.9; 59.6; 1.4; 0.7; 0.7;2141;-0.2; 0.0; 0.0;-7; 22.2;B;0;-;On;On;Off; 25.0; 24.6;0;11;1658;11;1658;11;1472;1;-
2026/04/30;21:36:44;-;-; 52.63; 0.0;-; 59.3; 58.9; 1.4; 0.7; 0.7;2141;-0.1; 0.0; 0.0;-7; 22.2;B;0;-;On;On;Off; 25.0; 24.6;0;11;1658;11;1658;11;1472;1;-
2026/04/30;21:37:44;-;-; 52.65; 0.0;-; 58.6; 58.1; 0.0; 0.0; 0.0;2141;-0.1; 0.0; 0.0;-7; 22.2;B;0;-;On;On;Off; 24.9; 24.6;0;11;1658;11;1658;11;1472;1;-
2026/04/30;21:38:44;-;-; 52.67; 0.0;-; 57.8; 57.5; 0.0; 0.0;-;2141;-0.1; 0.0; 0.0;-6; 22.2;B;0;-;On;On;Off; 24.9; 24.5;0;11;1658;11;1658;11;1472;1;-
2026/04/30;21:39:44;-;-; 52.67; 0.0;-; 57.0; 56.5; 0.0; 0.0;-;2141;-0.1; 0.0; 0.0;-7; 22.2;B;0;-;On;On;Off; 24.8; 24.4;0;11;1658;11;1658;11;1472;1;-
2026/04/30;21:40:44;-;-; 52.67; 0.0;-; 56.2; 55.8; 0.0;-;-;2141;-0.1; 0.0; 0.0;-6; 22.1;B;0;-;On;On;Off; 24.8; 24.4;0;11;1658;11;1658;11;1472;0;-
2026/04/30;21:41:44;-;-; 52.67; 0.0;-; 55.4; 55.0; 0.0;-;-;2141;-0.1; 0.0; 0.0;-7; 22.1;B;0;-;On;On;Off; 24.7; 24.3;0;11;1658;11;1658;11;1472;0;-
2026/04/30;21:42:44;-;-; 52.67; 0.0;-; 54.7; 54.3; 0.0;-;-;2141;-0.1; 0.0; 0.0;-7; 22.1;B;0;-;On;On;Off; 24.6; 24.3;0;11;1658;11;1658;11;1472;0;-
2026/04/30;21:43:44;-;-; 52.67; 0.0;-; 54.3; 53.6; 0.0;-;-;2141;-0.1; 0.0; 0.0;-6; 22.1;B;0;-;On;On;Off; 24.5; 24.2;0;11;1658;11;1658;11;1472;0;-
2026/04/30;21:44:44;-;-; 52.69; 0.0;-; 53.9; 53.2; 0.0;-;-;2141;-0.1; 0.0; 0.0;-7; 22.1;B;0;-;On;On;Off; 24.5; 24.2;0;11;1658;11;1658;11;1472;0;-
2026/04/30;21:45:44;-;-; 52.69; 0.0;-; 53.5; 53.1; 0.0;-;-;2141;-0.1; 0.0; 0.0;-6; 22.1;B;0;-;On;On;Off; 24.4; 24.1;0;11;1658;11;1658;11;1472;0;-
2026/04/30;21:46:44;-;-; 52.69; 0.0;-; 53.7; 52.9; 0.0;-;-;2141;-0.1; 0.0; 0.0;-6; 22.1;B;0;-;On;On;Off; 24.4; 24.1;0;11;1658;11;1658;11;1472;0;-
2026/04/30;21:47:44;-;-; 52.69; 0.0;-; 53.3; 52.8; 0.0;-;-;2141;-0.2; 0.0; 0.0;-7; 22.1;B;0;-;On;On;Off; 24.3; 24.0;0;11;1658;11;1658;11;1472;0;-
2026/04/30;21:48:43;-;-; 52.69; 0.0;-; 52.9; 52.4; 0.0;-;-;2141;-0.1; 0.0; 0.0;-7; 22.1;B;0;-;On;On;Off; 24.3; 24.0;0;11;1658;11;1658;11;1472;0;-
2026/04/30;21:49:43;-;-; 52.69; 0.0;-; 52.5; 52.0; 0.0;-;-;2141;-0.1; 0.0; 0.0;-7; 22.1;B;0;-;On;On;Off; 24.2; 23.9;0;11;1658;11;1658;11;1472;0;-
2026/04/30;21:50:43;-;-; 52.69; 0.0;-; 51.8; 51.3; 0.0;-;-;2141;-0.1; 0.0; 0.0;-7; 22.1;B;0;-;On;On;Off; 24.2; 23.9;0;11;1658;11;1658;11;1472;0;-
2026/04/30;21:51:43;-;-; 52.69; 0.0;-; 51.1; 50.4; 0.0;-;-;2141;-0.1; 0.0; 0.0;-7; 22.1;B;0;-;On;On;Off; 24.1; 23.9;0;11;1658;11;1658;11;1472;0;-
2026/04/30;21:52:43;-;-; 52.69; 0.0;-; 50.2; 49.3; 0.0;-;-;2141;-0.1; 0.0; 0.0;-6; 22.1;B;0;-;On;On;Off; 24.1; 23.8;0;11;1658;11;1658;11;1472;0;-
2026/04/30;21:53:43;-;-; 52.69; 0.0;-; 49.2; 48.4; 0.0;-;-;2141;-0.1; 0.0; 0.0;-6; 22.1;B;0;-;On;On;Off; 24.0; 23.8;0;11;1658;11;1658;11;1472;0;-
2026/04/30;21:54:43;-;-; 52.69; 0.0;-; 48.3; 47.5; 0.0;-;-;2142;-0.1; 0.0; 0.0;-6; 22.1;B;0;-;On;On;Off; 24.0; 23.8;0;11;1658;11;1658;11;1472;0;-
2026/04/30;21:55:43;-;-; 52.69; 0.0;-; 47.7; 46.9; 0.0;-;-;2142;-0.1; 0.0; 0.0;-6; 22.1;B;0;-;On;On;Off; 24.0; 23.7;0;11;1658;11;1658;11;1472;0;-
2026/04/30;21:56:43;-;-; 52.69; 0.0;-; 47.2; 46.3; 0.0;-;-;2142;-0.1; 0.0; 0.0;-7; 22.1;B;0;-;On;On;Off; 23.9; 23.7;0;11;1658;11;1658;11;1472;0;-
2026/04/30;21:57:43;-;-; 52.71; 0.0;-; 46.7; 45.7; 0.0;-;-;2142;-0.1; 0.0; 0.0;-7; 22.1;B;0;-;On;On;Off; 23.9; 23.6;0;11;1658;11;1658;11;1472;0;-
2026/04/30;21:58:43;-;-; 52.71; 0.0;-; 46.1; 45.1; 0.0;-;-;2142;-0.1; 0.0; 0.0;-7; 22.1;B;0;-;On;On;Off; 23.9; 23.6;0;11;1658;11;1658;11;1472;0;-
2026/04/30;21:59:43;-;-; 52.71; 0.0;-; 45.5; 44.4; 0.0;-;-;2142;-0.1; 0.0; 0.0;-7; 22.1;B;0;-;On;On;Off; 23.8; 23.6;0;11;1658;11;1658;11;1472;0;-
2026/04/30;22:00:43;-;-; 52.69; 0.0;-; 44.8; 43.7; 0.0;-;-;2142;-0.1; 0.0; 0.0;-7; 22.1;B;0;-;On;On;Off; 23.8; 23.5;0;11;1658;11;1658;11;1472;0;-
2026/04/30;22:01:43;-;-; 52.71; 0.0;-; 43.9; 42.8; 0.0;-;-;2142;-0.1; 0.0; 0.0;-7; 22.1;B;0;-;On;On;Off; 23.8; 23.5;0;11;1658;11;1658;11;1472;0;-
2026/04/30;22:02:43;-;-; 52.71; 0.0;-; 43.1; 42.0; 0.0;-;-;2142;-0.1; 0.0; 0.0;-7; 22.1;B;0;-;On;On;Off; 23.8; 23.5;0;11;1658;11;1658;11;1472;0;-
2026/04/30;22:03:42;-;-; 52.71; 0.0;-; 42.2; 41.1; 0.0;-;-;2142;-0.1; 0.0; 0.0;-7; 22.1;B;0;-;On;On;Off; 23.7; 23.5;0;11;1658;11;1658;11;1472;0;-
2026/04/30;22:04:42;-;-; 52.71; 0.0;-; 41.5; 40.3; 0.0;-;-;2142;-0.1; 0.0; 0.0;-7; 22.1;B;0;-;On;On;Off; 23.7; 23.4;0;11;1658;11;1658;11;1472;0;-
2026/04/30;22:05:42;-;-; 52.71; 0.0;-; 40.8; 39.7; 0.0;-;-;2142;-0.1; 0.0; 0.0;-7; 22.1;B;0;-;On;On;Off; 23.7; 23.4;0;11;1658;11;1658;11;1472;0;-
2026/04/30;22:06:42;-;-; 52.71; 0.0;-; 40.1; 39.0; 0.0;-;-;2142;-0.2; 0.0; 0.0;-7; 22.1;B;0;-;On;On;Off; 23.6; 23.4;0;11;1658;11;1658;11;1472;0;-
2026/04/30;22:07:42;-;-; 52.71; 0.0;-; 39.5; 38.2; 0.0;-;-;2142;-0.1; 0.0; 0.0;-7; 22.1;B;0;-;On;On;Off; 23.6; 23.3;0;11;1658;11;1658;11;1472;0;-
2026/04/30;22:08:42;-;-; 52.71; 0.0;-; 38.7; 37.5; 0.0;-;-;2142;-0.2; 0.0; 0.0;-7; 22.1;B;0;-;On;On;Off; 23.6; 23.3;0;11;1658;11;1658;11;1472;0;-
2026/04/30;22:09:42;-;-; 52.71; 0.0;-; 37.9; 36.7; 0.0;-;-;2142;-0.1; 0.0; 0.0;-7; 22.0;B;0;-;On;On;Off; 23.6; 23.3;0;11;1658;11;1658;11;1472;0;-
2026/04/30;22:10:42;-;-; 52.71; 0.0;-; 37.2; 35.9; 0.0;-;-;2142;-0.2; 0.0; 0.0;-7; 22.0;B;0;-;On;On;Off; 23.5; 23.3;0;11;1658;11;1658;11;1472;0;-
2026/04/30;22:11:42;-;-; 52.71; 0.0;-; 36.4; 35.2; 0.0;-;-;2142;-0.1; 0.0; 0.0;-7; 22.1;B;0;-;On;On;Off; 23.5; 23.2;0;11;1658;11;1658;11;1472;0;-
2026/04/30;22:12:42;-;-; 52.71; 0.0;-; 35.5; 34.3; 0.0;-;-;2142;-0.2; 0.0; 0.0;-7; 22.0;B;0;-;On;On;Off; 23.5; 23.2;0;11;1658;11;1658;11;1472;0;-
2026/04/30;22:13:42;-;-; 52.71; 0.0;-; 34.6; 33.6; 0.0;-;-;2142;-0.2; 0.0; 0.0;-8; 22.0;B;0;-;On;On;Off; 23.5; 23.2;0;11;1658;11;1658;11;1472;0;-
2026/04/30;22:14:42;-;-; 52.71; 0.0;-; 33.8; 32.6; 0.0;-;-;2142;-0.2; 0.0; 0.0;-8; 22.0;B;0;-;On;On;Off; 23.5; 23.2;0;11;1658;11;1658;11;1472;0;-
2026/04/30;22:15:42;-;-; 52.71; 0.0;-; 32.8; 31.4; 0.0;-;-;2142;-0.2; 0.0; 0.0;-7; 22.0;B;0;-;On;On;Off; 23.4; 23.1;0;11;1658;11;1658;11;1472;0;-
2026/04/30;22:16:42;-;-; 52.69; 0.0;-; 31.5; 30.3; 0.0;-;-;2142;-0.1; 0.0; 0.0;-7; 22.0;B;0;-;On;On;Off; 23.4; 23.1;0;11;1658;11;1658;11;1472;0;-
2026/04/30;22:17:42;-;-; 52.71; 0.0;-; 30.2; 29.1; 0.0;-;-;2142;-0.1; 0.0; 0.0;-7; 22.0;B;0;-;On;On;Off; 23.4; 23.1;0;11;1658;11;1658;11;1472;0;-
2026/04/30;22:18:42;-;-; 52.71; 0.0;-; 29.4; 28.2; 0.0;-;-;2142;-0.1; 0.0; 0.0;-6; 22.0;B;0;-;On;On;Off; 23.4; 23.1;0;11;1658;11;1658;11;1472;0;-
2026/04/30;22:19:41;-;-; 52.71; 0.0;-; 28.2; 27.2; 0.0;-;-;2142;-0.1; 0.0; 0.0;-6; 22.0;B;0;-;On;On;Off; 23.4; 23.1;0;11;1658;11;1658;11;1472;0;-
2026/04/30;22:20:41;-;-; 52.71; 0.0;-; 27.2; 26.2; 0.0;-;-;2142;-0.1; 0.0; 0.0;-6; 22.0;B;0;-;On;On;Off; 23.3; 23.1;0;11;1658;11;1658;11;1472;0;-
2026/04/30;22:21:41;-;-; 52.71; 0.0;-; 26.5; 25.5; 0.0;-;-;2142;-0.1; 0.0; 0.0;-6; 22.0;B;0;-;On;On;Off; 23.3; 23.1;0;11;1658;11;1658;11;1472;0;-
2026/04/30;22:22:41;-;-; 52.71; 0.0;-; 25.5; 24.5; 0.0;-;-;2142;-0.1; 0.0; 0.0;-6; 22.0;B;0;-;On;On;Off; 23.3; 23.0;0;11;1658;11;1658;11;1472;0;-
2026/04/30;22:23:41;-;-; 52.69; 0.0;-; 24.5; 23.5; 0.0;-;-;2142;-0.1; 0.0; 0.0;-7; 22.0;B;0;-;On;On;Off; 23.3; 23.0;0;11;1658;11;1658;11;1472;0;-
2026/04/30;22:24:41;-;-; 52.71; 0.0;-; 23.6; 22.4; 0.0;-;-;2142;-0.1; 0.0; 0.0;-7; 22.0;B;0;-;On;On;Off; 23.3; 23.0;0;11;1658;11;1658;11;1472;0;-
2026/04/30;22:25:41;-;-; 52.71; 0.0;-; 22.5; 21.6; 0.0;-;-;2142;-0.1; 0.0; 0.0;-6; 22.0;B;0;-;On;On;Off; 23.3; 23.0;0;11;1658;11;1658;11;1472;0;-
2026/04/30;22:26:41;-;-; 52.71; 0.0;-; 21.6; 20.5; 0.0;-;-;2142;-0.1; 0.0; 0.0;-6; 22.0;B;0;-;On;On;Off; 23.3; 23.0;0;11;1658;11;1658;11;1472;0;-
2026/04/30;22:27:41;-;-; 52.69; 0.0;-; 20.5; 19.6; 0.0;-;-;2142;-0.1; 0.0; 0.0;-6; 22.0;B;0;-;On;On;Off; 23.2; 23.0;0;11;1658;11;1658;11;1472;0;-
2026/04/30;22:28:41;-;-; 52.71; 0.0;-; 19.9; 19.0; 0.0;-;-;2142;-0.1; 0.0; 0.0;-7; 22.0;B;0;-;On;On;Off; 23.2; 23.0;0;11;1658;11;1658;11;1472;0;-
2026/04/30;22:29:41;-;-; 52.71; 0.0;-; 19.4; 18.3; 0.0;-;-;2142;-0.1; 0.0; 0.0;-7; 22.0;B;0;-;On;On;Off; 23.2; 22.9;0;11;1658;11;1658;11;1472;0;-
2026/04/30;22:30:41;-;-; 52.71; 0.0;-; 18.7; 17.8; 0.0;-;-;2142;-0.2; 0.0; 0.0;-7; 22.0;B;0;-;On;On;Off; 23.2; 22.9;0;11;1658;11;1658;11;1472;0;-
2026/04/30;22:31:41;-;-; 52.69; 0.0;-; 18.0; 17.0; 0.0;-;-;2142;-0.2; 0.0; 0.0;-8; 22.0;B;0;-;On;On;Off; 23.2; 22.9;0;11;1658;11;1658;11;1472;0;-
2026/04/30;22:32:41;-;-; 52.69; 0.0;-; 17.4; 16.5; 0.0;-;-;2142;-0.2; 0.0; 0.0;-7; 22.0;B;0;-;On;On;Off; 23.2; 22.9;0;11;1658;11;1658;11;1472;0;-
2026/04/30;22:33:41;-;-; 52.71; 0.0;-; 16.9; 16.0; 0.0;-;-;2142;-0.2; 0.0; 0.0;-8; 22.0;B;0;-;On;On;Off; 23.2; 22.9;0;11;1658;11;1658;11;1472;0;-
2026/04/30;22:34:41;-;-; 52.69; 0.0;-; 16.4; 15.4; 0.0;-;-;2142;-0.2; 0.0; 0.0;-7; 22.0;B;0;-;On;On;Off; 23.2; 22.9;0;11;1658;11;1658;11;1472;0;-
2026/04/30;22:35:40;-;-; 52.71; 0.0;-; 16.1; 15.0; 0.0;-;-;2142;-0.1; 0.0; 0.0;-7; 22.0;B;0;-;On;On;Off; 23.2; 22.9;0;11;1658;11;1658;11;1472;0;-
2026/04/30;22:36:40;-;-; 52.69; 0.0;-; 15.6; 14.7; 0.0;-;-;2142;-0.2; 0.0; 0.0;-8; 22.0;B;0;-;On;On;Off; 23.1; 22.9;0;11;1658;11;1658;11;1472;0;-
2026/04/30;22:37:40;-;-; 52.69; 0.0;-; 15.2; 14.2; 0.0;-;-;2142;-0.1; 0.0; 0.0;-7; 22.0;B;0;-;On;On;Off; 23.1; 22.9;0;11;1658;11;1658;11;1472;0;-
2026/04/30;22:38:40;-;-; 52.69; 0.0;-; 14.6; 13.8; 0.0;-;-;2142;-0.2; 0.0; 0.0;-7; 22.0;B;0;-;On;On;Off; 23.1; 22.8;0;11;1658;11;1658;11;1472;0;-
2026/04/30;22:39:40;-;-; 52.69; 0.0;-; 14.3; 13.3; 0.0;-;-;2142;-0.2; 0.0; 0.0;-7; 22.0;B;0;-;On;On;Off; 23.1; 22.8;0;11;1658;11;1658;11;1472;0;-
2026/04/30;22:40:40;-;-; 52.69; 0.0;-; 13.9; 12.9; 0.0;-;-;2142;-0.1; 0.0; 0.0;-7; 22.0;B;0;-;On;On;Off; 23.1; 22.8;0;11;1658;11;1658;11;1472;0;-
2026/04/30;22:41:40;-;-; 52.69; 0.0;-; 13.5; 12.7; 0.0;-;-;2142;-0.1; 0.0; 0.0;-7; 22.0;B;0;-;On;On;Off; 23.1; 22.8;0;11;1658;11;1658;11;1472;0;-
2026/04/30;22:42:40;-;-; 52.69; 0.0;-; 13.3; 12.4; 0.0;-;-;2142;-0.2; 0.0; 0.0;-7; 22.0;B;0;-;On;On;Off; 23.1; 22.8;0;11;1658;11;1658;11;1472;0;-
2026/04/30;22:43:40;-;-; 52.69; 0.0;-; 13.1; 12.2; 0.0;-;-;2142;-0.2; 0.0; 0.0;-8; 22.0;B;0;-;On;On;Off; 23.1; 22.8;0;11;1658;11;1658;11;1472;0;-
2026/04/30;22:44:40;-;-; 52.69; 0.0;-; 13.1; 12.1; 0.0;-;-;2142;-0.2; 0.0; 0.0;-8; 22.0;B;0;-;On;On;Off; 23.0; 22.8;0;11;1658;11;1658;11;1472;0;-
2026/04/30;22:45:40;-;-; 52.67; 0.0;-; 12.9; 12.1; 0.0;-;-;2142;-0.1; 0.0; 0.0;-7; 22.0;B;0;-;On;On;Off; 23.1; 22.8;0;11;1658;11;1658;11;1472;0;-
2026/04/30;22:46:40;-;-; 52.69; 0.0;-; 12.7; 11.9; 0.0;-;-;2142;-0.2; 0.0; 0.0;-7; 22.0;B;0;-;On;On;Off; 23.0; 22.8;0;11;1658;11;1658;11;1472;0;-
2026/04/30;22:47:40;-;-; 52.69; 0.0;-; 12.5; 11.7; 0.0;-;-;2142;-0.2; 0.0; 0.0;-8; 22.0;B;0;-;On;On;Off; 23.0; 22.8;0;11;1658;11;1658;11;1472;0;-
2026/04/30;22:48:40;-;-; 52.67; 0.0;-; 12.4; 11.6; 0.0;-;-;2142;-0.2; 0.0; 0.0;-7; 22.0;B;0;-;On;On;Off; 23.0; 22.8;0;11;1658;11;1658;11;1472;0;-
2026/04/30;22:49:40;-;-; 52.69; 0.0;-; 12.3; 11.4; 0.0;-;-;2142;-0.1; 0.0; 0.0;-7; 22.0;B;0;-;On;On;Off; 23.0; 22.8;0;11;1658;11;1658;11;1472;0;-
2026/04/30;22:50:39;-;-; 52.69; 0.0;-; 12.1; 11.3; 0.0;-;-;2142;-0.1; 0.0; 0.0;-7; 22.0;B;0;-;On;On;Off; 23.0; 22.7;0;11;1658;11;1658;11;1472;0;-
2026/04/30;22:51:39;-;-; 52.69; 0.0;-; 11.7; 11.0; 0.0;-;-;2142;-0.1; 0.0; 0.0;-7; 22.0;B;0;-;On;On;Off; 23.0; 22.7;0;11;1658;11;1658;11;1472;0;-
2026/04/30;22:52:39;-;-; 52.69; 0.0;-; 11.6; 10.7; 0.0;-;-;2142;-0.1; 0.0; 0.0;-7; 22.0;B;0;-;On;On;Off; 23.0; 22.7;0;11;1658;11;1658;11;1472;0;-
2026/04/30;22:53:39;-;-; 52.69; 0.0;-; 11.4; 10.4; 0.0;-;-;2142;-0.1; 0.0; 0.0;-7; 22.0;B;0;-;On;On;Off; 23.0; 22.7;0;11;1658;11;1658;11;1472;0;-
2026/04/30;22:54:39;-;-; 52.69; 0.0;-; 11.3; 10.3; 0.0;-;-;2143;-0.1; 0.0; 0.0;-7; 22.0;B;0;-;On;On;Off; 23.0; 22.7;0;11;1658;11;1658;11;1472;0;-
2026/04/30;22:55:39;-;-; 52.67; 0.0;-; 11.0; 10.2; 0.0;-;-;2143;-0.1; 0.0; 0.0;-7; 22.0;B;0;-;On;On;Off; 23.0; 22.7;0;11;1658;11;1658;11;1472;0;-
2026/04/30;22:56:39;-;-; 52.69; 0.0;-; 10.9; 10.1; 0.0;-;-;2143;-0.1; 0.0; 0.0;-7; 22.0;B;0;-;On;On;Off; 23.0; 22.7;0;11;1658;11;1658;11;1472;0;-
2026/04/30;22:57:39;-;-; 52.67; 0.0;-; 10.7; 9.8; 0.0;-;-;2143;-0.2; 0.0; 0.0;-7; 22.0;B;0;-;On;On;Off; 22.9; 22.7;0;11;1658;11;1658;11;1472;0;-
2026/04/30;22:58:39;-;-; 52.67; 0.0;-; 10.6; 9.8; 0.0;-;-;2143;-0.1; 0.0; 0.0;-7; 22.0;B;0;-;On;On;Off; 23.0; 22.7;0;11;1658;11;1658;11;1472;0;-
2026/04/30;22:59:39;-;-; 52.69; 0.0;-; 10.6; 9.8; 0.0;-;-;2143;-0.1; 0.0; 0.0;-7; 22.0;B;0;-;On;On;Off; 23.0; 22.7;0;11;1658;11;1658;11;1472;0;-
2026/04/30;23:00:39;-;-; 52.69; 0.0;-; 10.5; 9.6; 0.0;-;-;2143;-0.1; 0.0; 0.0;-7; 21.9;B;0;-;On;On;Off; 22.9; 22.7;0;11;1658;11;1658;11;1472;0;-
2026/04/30;23:01:39;-;-; 52.69; 0.0;-; 10.4; 9.5; 0.0;-;-;2143;-0.1; 0.0; 0.0;-7; 22.0;B;0;-;On;On;Off; 22.9; 22.7;0;11;1658;11;1658;11;1472;0;-
2026/04/30;23:02:39;-;-; 52.67; 0.0;-; 10.3; 9.4; 0.0;-;-;2143;-0.1; 0.0; 0.0;-7; 21.9;B;0;-;On;On;Off; 22.9; 22.6;0;11;1658;11;1658;11;1472;0;-
2026/04/30;23:03:39;-;-; 52.67; 0.0;-; 10.2; 9.4; 0.0;-;-;2143;-0.1; 0.0; 0.0;-7; 21.9;B;0;-;On;On;Off; 22.9; 22.6;0;11;1658;11;1658;11;1472;0;-
2026/04/30;23:04:39;-;-; 52.65; 0.0;-; 10.2; 9.2; 0.0;-;-;2143;-0.1; 0.0; 0.0;-6; 22.0;B;0;-;On;On;Off; 22.9; 22.6;0;11;1658;11;1658;11;1472;0;-
2026/04/30;23:05:39;-;-; 52.67; 0.0;-; 10.3; 9.3; 0.0;-;-;2143;-0.1; 0.0; 0.0;-6; 21.9;B;0;-;On;On;Off; 22.9; 22.6;0;11;1658;11;1658;11;1472;0;-
2026/04/30;23:06:38;-;-; 52.67; 0.0;-; 10.1; 9.3; 0.0;-;-;2143;-0.1; 0.0; 0.0;-6; 21.9;B;0;-;On;On;Off; 22.9; 22.6;0;11;1658;11;1658;11;1472;0;-
2026/04/30;23:07:38;-;-; 52.67; 0.0;-; 10.3; 9.4; 0.0;-;-;2143;-0.1; 0.0; 0.0;-6; 21.9;B;0;-;On;On;Off; 22.9; 22.6;0;11;1658;11;1658;11;1472;0;-
2026/04/30;23:08:38;-;-; 52.67; 0.0;-; 10.3; 9.2; 0.0;-;-;2143;-0.1; 0.0; 0.0;-6; 21.9;B;0;-;On;On;Off; 22.9; 22.6;0;11;1658;11;1658;11;1472;0;-
2026/04/30;23:09:38;-;-; 52.67; 0.0;-; 10.3; 9.4; 0.0;-;-;2143;-0.1; 0.0; 0.0;-6; 21.9;B;0;-;On;On;Off; 22.9; 22.6;0;11;1658;11;1658;11;1472;0;-
2026/04/30;23:10:38;-;-; 52.67; 0.0;-; 10.3; 9.4; 0.0;-;-;2143;-0.1; 0.0; 0.0;-6; 21.9;B;0;-;On;On;Off; 22.9; 22.6;0;11;1658;11;1658;11;1472;0;-
2026/04/30;23:11:38;-;-; 52.67; 0.0;-; 10.3; 9.5; 0.0;-;-;2143;-0.1; 0.0; 0.0;-6; 21.9;B;0;-;On;On;Off; 22.9; 22.6;0;11;1658;11;1658;11;1472;0;-
2026/04/30;23:12:38;-;-; 52.67; 0.0;-; 10.3; 9.4; 0.0;-;-;2143;-0.1; 0.0; 0.0;-7; 21.9;B;0;-;On;On;Off; 22.8; 22.6;0;11;1658;11;1658;11;1472;0;-
2026/04/30;23:13:38;-;-; 52.67; 0.0;-; 10.4; 9.5; 0.0;-;-;2143;-0.1; 0.0; 0.0;-7; 21.9;B;0;-;On;On;Off; 22.8; 22.6;0;11;1658;11;1658;11;1472;0;-
2026/04/30;23:14:38;-;-; 52.67; 0.0;-; 10.4; 9.6; 0.0;-;-;2143;-0.1; 0.0; 0.0;-7; 21.9;B;0;-;On;On;Off; 22.8; 22.6;0;11;1658;11;1658;11;1472;0;-
2026/04/30;23:15:38;-;-; 52.67; 0.0;-; 10.5; 9.7; 0.0;-;-;2143;-0.1; 0.0; 0.0;-7; 21.9;B;0;-;On;On;Off; 22.8; 22.6;0;11;1658;11;1658;11;1472;0;-
2026/04/30;23:16:38;-;-; 52.67; 0.0;-; 10.5; 9.6; 0.0;-;-;2143;-0.1; 0.0; 0.0;-7; 21.9;B;0;-;On;On;Off; 22.8; 22.6;0;11;1658;11;1658;11;1472;0;-
2026/04/30;23:17:38;-;-; 52.65; 0.0;-; 10.5; 9.7; 0.0;-;-;2143;-0.1; 0.0; 0.0;-7; 21.9;B;0;-;On;On;Off; 22.8; 22.6;0;11;1658;11;1658;11;1472;0;-
2026/04/30;23:18:38;-;-; 52.67; 0.0;-; 10.5; 9.6; 0.0;-;-;2143;-0.1; 0.0; 0.0;-7; 21.9;B;0;-;On;On;Off; 22.8; 22.5;0;11;1658;11;1658;11;1472;0;-
2026/04/30;23:19:38;-;-; 52.67; 0.0;-; 10.3; 9.5; 0.0;-;-;2143;-0.1; 0.0; 0.0;-7; 21.9;B;0;-;On;On;Off; 22.8; 22.6;0;11;1658;11;1658;11;1472;0;-
2026/04/30;23:20:38;-;-; 52.67; 0.0;-; 10.2; 9.3; 0.0;-;-;2143;-0.1; 0.0; 0.0;-7; 21.9;B;0;-;On;On;Off; 22.8; 22.5;0;11;1658;11;1658;11;1472;0;-
2026/04/30;23:21:38;-;-; 52.65; 0.0;-; 10.1; 9.3; 0.0;-;-;2143;-0.1; 0.0; 0.0;-6; 21.9;B;0;-;On;On;Off; 22.8; 22.5;0;11;1658;11;1658;11;1472;0;-
2026/04/30;23:22:37;-;-; 52.67; 0.0;-; 10.0; 9.2; 0.0;-;-;2143;-0.1; 0.0; 0.0;-7; 21.9;B;0;-;On;On;Off; 22.8; 22.5;0;11;1658;11;1658;11;1472;0;-
2026/04/30;23:23:37;-;-; 52.67; 0.0;-; 9.8; 8.9; 0.0;-;-;2143;-0.1; 0.0; 0.0;-6; 21.9;B;0;-;On;On;Off; 22.8; 22.5;0;11;1658;11;1658;11;1472;0;-
2026/04/30;23:24:37;-;-; 52.67; 0.0;-; 9.8; 8.9; 0.0;-;-;2143;-0.1; 0.0; 0.0;-6; 21.9;B;0;-;On;On;Off; 22.8; 22.5;0;11;1658;11;1658;11;1472;0;-
2026/04/30;23:25:37;-;-; 52.67; 0.0;-; 9.6; 8.8; 0.0;-;-;2143;-0.1; 0.0; 0.0;-7; 21.9;B;0;-;On;On;Off; 22.8; 22.5;0;11;1658;11;1658;11;1472;0;-
2026/04/30;23:26:37;-;-; 52.67; 0.0;-; 9.3; 8.4; 0.0;-;-;2143;-0.1; 0.0; 0.0;-6; 21.9;B;0;-;On;On;Off; 22.8; 22.5;0;11;1658;11;1658;11;1472;0;-
2026/04/30;23:27:37;-;-; 52.67; 0.0;-; 9.1; 8.0; 0.0;-;-;2143;-0.1; 0.0; 0.0;-6; 21.9;B;0;-;On;On;Off; 22.8; 22.5;0;11;1658;11;1658;11;1472;0;-
2026/04/30;23:28:37;-;-; 52.67; 0.0;-; 8.9; 8.0; 0.0;-;-;2143;-0.1; 0.0; 0.0;-6; 21.9;B;0;-;On;On;Off; 22.8; 22.5;0;11;1658;11;1658;11;1472;0;-
2026/04/30;23:29:37;-;-; 52.67; 0.0;-; 8.7; 7.8; 0.0;-;-;2143;-0.1; 0.0; 0.0;-6; 21.9;B;0;-;On;On;Off; 22.8; 22.5;0;11;1658;11;1658;11;1472;0;-
2026/04/30;23:30:37;-;-; 52.67; 0.0;-; 8.6; 7.8; 0.0;-;-;2143;-0.1; 0.0; 0.0;-7; 21.9;B;0;-;On;On;Off; 22.7; 22.5;0;11;1658;11;1658;11;1472;0;-
2026/04/30;23:31:37;-;-; 52.65; 0.0;-; 8.5; 7.5; 0.0;-;-;2143;-0.1; 0.0; 0.0;-7; 21.9;B;0;-;On;On;Off; 22.7; 22.5;0;11;1658;11;1658;11;1472;0;-
2026/04/30;23:32:37;-;-; 52.65; 0.0;-; 8.5; 7.4; 0.0;-;-;2143;-0.1; 0.0; 0.0;-7; 21.9;B;0;-;On;On;Off; 22.7; 22.4;0;11;1658;11;1658;11;1472;0;-
2026/04/30;23:33:37;-;-; 52.67; 0.0;-; 8.4; 7.6; 0.0;-;-;2143;-0.1; 0.0; 0.0;-7; 21.9;B;0;-;On;On;Off; 22.7; 22.4;0;11;1658;11;1658;11;1472;0;-
2026/04/30;23:34:37;-;-; 52.67; 0.0;-; 8.5; 7.6; 0.0;-;-;2143;-0.1; 0.0; 0.0;-6; 21.9;B;0;-;On;On;Off; 22.7; 22.4;0;11;1658;11;1658;11;1472;0;-
2026/04/30;23:35:37;-;-; 52.65; 0.0;-; 8.6; 7.7; 0.0;-;-;2143;-0.1; 0.0; 0.0;-6; 21.9;B;0;-;On;On;Off; 22.7; 22.4;0;11;1658;11;1658;11;1472;0;-
2026/04/30;23:36:37;-;-; 52.67; 0.0;-; 8.7; 7.9; 0.0;-;-;2143;-0.1; 0.0; 0.0;-7; 21.9;B;0;-;On;On;Off; 22.7; 22.4;0;11;1658;11;1658;11;1472;0;-
2026/04/30;23:37:37;-;-; 52.65; 0.0;-; 8.9; 7.9; 0.0;-;-;2143;-0.1; 0.0; 0.0;-7; 21.9;B;0;-;On;On;Off; 22.7; 22.4;0;11;1658;11;1658;11;1472;0;-
2026/04/30;23:38:36;-;-; 52.65; 0.0;-; 9.1; 8.2; 0.0;-;-;2143;-0.1; 0.0; 0.0;-7; 21.9;B;0;-;On;On;Off; 22.7; 22.4;0;11;1658;11;1658;11;1472;0;-
2026/04/30;23:39:36;-;-; 52.65; 0.0;-; 9.5; 8.6; 0.0;-;-;2143;-0.1; 0.0; 0.0;-7; 21.9;B;0;-;On;On;Off; 22.7; 22.4;0;11;1658;11;1658;11;1472;0;-
2026/04/30;23:40:36;-;-; 52.63; 0.0;-; 9.2; 8.3; 0.0;-;-;2143;-0.1; 0.0; 0.0;-7; 21.9;B;0;-;On;On;Off; 22.7; 22.4;0;11;1658;11;1658;11;1472;0;-
2026/04/30;23:41:36;-;-; 52.65; 0.0;-; 9.9; 8.8; 0.0;-;-;2143;-0.1; 0.0; 0.0;-7; 21.9;B;0;-;On;On;Off; 22.7; 22.4;0;11;1658;11;1658;11;1472;0;-
2026/04/30;23:42:36;-;-; 52.65; 0.0;-; 9.5; 8.5; 0.0;-;-;2143;-0.1; 0.0; 0.0;-7; 21.9;B;0;-;On;On;Off; 22.7; 22.4;0;11;1658;11;1658;11;1472;0;-
2026/04/30;23:43:36;-;-; 52.65; 0.0;-; 9.6; 8.8; 0.0;-;-;2143;-0.1; 0.0; 0.0;-7; 21.9;B;0;-;On;On;Off; 22.7; 22.4;0;11;1658;11;1658;11;1472;0;-
2026/04/30;23:44:36;-;-; 52.65; 0.0;-; 13.0; 12.1; 0.0;-;-;2143;-0.1; 0.0; 0.0;-7; 21.9;B;0;-;On;On;Off; 22.6; 22.4;0;11;1658;11;1658;11;1472;0;-
2026/04/30;23:45:36;-;-; 52.65; 0.0;-; 12.3; 11.3; 0.0;-;-;2143;-0.1; 0.0; 0.0;-7; 21.9;B;0;-;On;On;Off; 22.6; 22.4;0;11;1658;11;1658;11;1472;0;-
2026/04/30;23:46:36;-;-; 52.65; 0.0;-; 10.3; 9.3; 0.0;-;-;2143;-0.1; 0.0; 0.0;-7; 21.9;B;0;-;On;On;Off; 22.6; 22.4;0;11;1658;11;1658;11;1472;0;-
2026/04/30;23:47:36;-;-; 52.65; 0.0;-; 10.2; 9.2; 0.0;-;-;2143;-0.1; 0.0; 0.0;-7; 21.9;B;0;-;On;On;Off; 22.6; 22.4;0;11;1658;11;1658;11;1472;0;-
2026/04/30;23:48:36;-;-; 52.63; 0.0;-; 10.1; 9.4; 0.0;-;-;2143;-0.1; 0.0; 0.0;-6; 21.9;B;0;-;On;On;Off; 22.6; 22.4;0;11;1658;11;1658;11;1472;0;-
2026/04/30;23:49:36;-;-; 52.65; 0.0;-; 10.5; 9.6; 0.0;-;-;2143;-0.1; 0.0; 0.0;-6; 21.9;B;0;-;On;On;Off; 22.6; 22.4;0;11;1658;11;1658;11;1472;0;-
2026/04/30;23:50:36;-;-; 52.65; 0.0;-; 10.7; 9.7; 0.0;-;-;2143;-0.1; 0.0; 0.0;-6; 21.9;B;0;-;On;On;Off; 22.6; 22.3;0;11;1658;11;1658;11;1472;0;-
2026/04/30;23:51:36;-;-; 52.65; 0.0;-; 10.0; 9.0; 0.0;-;-;2143;-0.1; 0.0; 0.0;-6; 21.9;B;0;-;On;On;Off; 22.6; 22.4;0;11;1658;11;1658;11;1472;0;-
2026/04/30;23:52:36;-;-; 52.65; 0.0;-; 9.8; 9.0; 0.0;-;-;2143;-0.1; 0.0; 0.0;-6; 21.9;B;0;-;On;On;Off; 22.6; 22.4;0;11;1658;11;1658;11;1472;0;-
2026/04/30;23:53:36;-;-; 52.65; 0.0;-; 9.7; 8.9; 0.0;-;-;2143;-0.1; 0.0; 0.0;-6; 21.9;B;0;-;On;On;Off; 22.6; 22.3;0;11;1658;11;1658;11;1472;0;-
2026/04/30;23:54:35;-;-; 52.65; 0.0;-; 9.6; 8.9; 0.0;-;-;2144;-0.1; 0.0; 0.0;-6; 21.9;B;0;-;On;On;Off; 22.6; 22.3;0;11;1658;11;1658;11;1472;0;-
2026/04/30;23:55:35;-;-; 52.65; 0.0;-; 9.7; 8.7; 0.0;-;-;2144;-0.1; 0.0; 0.0;-6; 21.9;B;0;-;On;On;Off; 22.6; 22.3;0;11;1658;11;1658;11;1472;0;-
2026/04/30;23:56:35;-;-; 52.65; 0.0;-; 9.5; 8.6; 0.0;-;-;2144;-0.1; 0.0; 0.0;-6; 21.9;B;0;-;On;On;Off; 22.6; 22.3;0;11;1658;11;1658;11;1472;0;-
2026/04/30;23:57:35;-;-; 52.63; 0.0;-; 9.5; 8.6; 0.0;-;-;2144;-0.1; 0.0; 0.0;-7; 21.9;B;0;-;On;On;Off; 22.6; 22.3;0;11;1658;11;1658;11;1472;0;-
2026/04/30;23:58:35;-;-; 52.65; 0.0;-; 9.4; 8.4; 0.0;-;-;2144;-0.1; 0.0; 0.0;-7; 21.9;B;0;-;On;On;Off; 22.6; 22.3;0;11;1658;11;1658;11;1472;0;-
2026/04/30;23:59:35;-;-; 52.63; 0.0;-; 9.3; 8.4; 0.0;-;-;2144;-0.1; 0.0; 0.0;-7; 21.9;B;0;-;On;On;Off; 22.6; 22.3;0;11;1658;11;1658;11;1472;0;-
