Steca Elektronik GmbH;MPPT6000;760749IH008963540005
Date;Time;SOC[%];Kaptest[Ah];Vbat[V];Ibat_M[A];Vbat.sense[V];VPV1_M[V];VPV2_M[V];PVpower_M[W];PV1power_M[W];PV2power_M[W];Ophours[h];Ibat_total[A]SOC;Icharge_total[A];Iload_total[A];BatPower_total[W];BatTemp[°C];ChargeMode;ErrorState;ErrorNr;StateAux1;StateAux2;StateAux3;IntTemp1[°C];IntTemp2[°C];Derating;Ah_in_24h_M[Ah];Ah_in_total_M[Ah];Ah_in_24h_SYS[Ah];Ah_in_total_SYS[Ah];Ah_out_24h_SYS[Ah];Ah_out_total_SYS[Ah];Day_night;Status_AUXIO
2026/04/01;00:00:27;97;-; 52.43; 0.0;-; 15.1; 16.3; 0.0;-;-;1424;-0.2; 0.0; 0.0;-9; 21.4;F;1;29;On;On;Off; 22.5; 22.2;0;0;792;0;792;0;607;0;-
2026/04/01;00:01:27;97;-; 52.43; 0.0;-; 15.4; 16.5; 0.0;-;-;1424;-0.2; 0.0; 0.0;-9; 21.4;F;1;29;On;On;Off; 22.5; 22.2;0;0;792;0;792;0;607;0;-
2026/04/01;00:02:27;97;-; 52.43; 0.0;-; 15.0; 16.4; 0.0;-;-;1424;-0.2; 0.0; 0.0;-8; 21.4;F;1;29;On;On;Off; 22.5; 22.2;0;0;792;0;792;0;607;0;-
2026/04/01;00:03:27;97;-; 52.43; 0.0;-; 15.1; 16.4; 0.0;-;-;1424;-0.2; 0.0; 0.0;-9; 21.4;F;1;29;On;On;Off; 22.5; 22.2;0;0;792;0;792;0;607;0;-
2026/04/01;00:04:27;97;-; 52.43; 0.0;-; 15.1; 16.3; 0.0;-;-;1424;-0.2; 0.0; 0.0;-8; 21.4;F;1;29;On;On;Off; 22.5; 22.2;0;0;792;0;792;0;607;0;-
2026/04/01;00:05:27;97;-; 52.41; 0.0;-; 15.1; 16.5; 0.0;-;-;1424;-0.2; 0.0; 0.0;-9; 21.4;F;1;29;On;On;Off; 22.5; 22.2;0;0;792;0;792;0;607;0;-
2026/04/01;00:06:27;97;-; 52.43; 0.0;-; 15.2; 16.5; 0.0;-;-;1424;-0.2; 0.0; 0.0;-8; 21.4;F;1;29;On;On;Off; 22.5; 22.2;0;0;792;0;792;0;607;0;-
2026/04/01;00:07:27;97;-; 52.41; 0.0;-; 15.1; 16.4; 0.0;-;-;1424;-0.2; 0.0; 0.0;-8; 21.4;F;1;29;On;On;Off; 22.5; 22.2;0;0;792;0;792;0;607;0;-
2026/04/01;00:08:27;97;-; 52.41; 0.0;-; 15.1; 16.4; 0.0;-;-;1424;-0.2; 0.0; 0.0;-8; 21.4;F;1;29;On;On;Off; 22.5; 22.2;0;0;792;0;792;0;607;0;-
2026/04/01;00:09:27;97;-; 52.41; 0.0;-; 15.1; 16.5; 0.0;-;-;1424;-0.2; 0.0; 0.0;-8; 21.4;F;1;29;On;On;Off; 22.5; 22.2;0;0;792;0;792;0;607;0;-
2026/04/01;00:10:27;97;-; 52.41; 0.0;-; 15.2; 16.4; 0.0;-;-;1424;-0.2; 0.0; 0.0;-9; 21.4;F;1;29;On;On;Off; 22.5; 22.2;0;0;792;0;792;0;607;0;-
2026/04/01;00:11:27;97;-; 52.41; 0.0;-; 15.1; 16.6; 0.0;-;-;1424;-0.2; 0.0; 0.0;-9; 21.4;F;1;29;On;On;Off; 22.5; 22.2;0;0;792;0;792;0;607;0;-
2026/04/01;00:12:27;97;-; 52.39; 0.0;-; 15.2; 16.4; 0.0;-;-;1424;-0.2; 0.0; 0.0;-9; 21.4;F;1;29;On;On;Off; 22.5; 22.2;0;0;792;0;792;0;607;0;-
2026/04/01;00:13:27;97;-; 52.41; 0.0;-; 15.2; 16.4; 0.0;-;-;1424;-0.2; 0.0; 0.0;-9; 21.4;F;1;29;On;On;Off; 22.5; 22.2;0;0;792;0;792;0;607;0;-
2026/04/01;00:14:26;97;-; 52.41; 0.0;-; 15.2; 16.5; 0.0;-;-;1424;-0.2; 0.0; 0.0;-9; 21.4;F;1;29;On;On;Off; 22.5; 22.2;0;0;792;0;792;0;607;0;-
2026/04/01;00:15:26;97;-; 52.39; 0.0;-; 15.2; 16.5; 0.0;-;-;1424;-0.2; 0.0; 0.0;-9; 21.4;F;1;29;On;On;Off; 22.5; 22.2;0;0;792;0;792;0;607;0;-
2026/04/01;00:16:26;97;-; 52.41; 0.0;-; 15.2; 16.4; 0.0;-;-;1424;-0.2; 0.0; 0.0;-9; 21.4;F;1;29;On;On;Off; 22.5; 22.2;0;0;792;0;792;0;607;0;-
2026/04/01;00:17:26;97;-; 52.39; 0.0;-; 15.2; 16.5; 0.0;-;-;1424;-0.2; 0.0; 0.0;-9; 21.4;F;1;29;On;On;Off; 22.5; 22.2;0;0;792;0;792;0;607;0;-
2026/04/01;00:18:26;97;-; 52.41; 0.0;-; 15.2; 16.4; 0.0;-;-;1424;-0.2; 0.0; 0.0;-9; 21.4;F;1;29;On;On;Off; 22.5; 22.2;0;0;792;0;792;0;607;0;-
2026/04/01;00:19:26;97;-; 52.39; 0.0;-; 15.1; 16.5; 0.0;-;-;1424;-0.2; 0.0; 0.0;-9; 21.4;F;1;29;On;On;Off; 22.5; 22.2;0;0;792;0;792;0;607;0;-
2026/04/01;00:20:26;97;-; 52.39; 0.0;-; 15.1; 16.5; 0.0;-;-;1424;-0.2; 0.0; 0.0;-9; 21.4;F;1;29;On;On;Off; 22.4; 22.2;0;0;792;0;792;0;607;0;-
2026/04/01;00:21:26;97;-; 52.41; 0.0;-; 15.1; 16.5; 0.0;-;-;1424;-0.2; 0.0; 0.0;-9; 21.4;F;1;29;On;On;Off; 22.5; 22.2;0;0;792;0;792;0;607;0;-
2026/04/01;00:22:26;97;-; 52.41; 0.0;-; 15.1; 16.7; 0.0;-;-;1424;-0.2; 0.0; 0.0;-8; 21.4;F;1;29;On;On;Off; 22.4; 22.2;0;0;792;0;792;0;607;0;-
2026/04/01;00:23:26;97;-; 52.39; 0.0;-; 15.2; 16.7; 0.0;-;-;1424;-0.2; 0.0; 0.0;-9; 21.4;F;1;29;On;On;Off; 22.5; 22.2;0;0;792;0;792;0;607;0;-
2026/04/01;00:24:26;97;-; 52.41; 0.0;-; 15.2; 16.5; 0.0;-;-;1424;-0.2; 0.0; 0.0;-9; 21.4;F;1;29;On;On;Off; 22.4; 22.1;0;0;792;0;792;0;607;0;-
2026/04/01;00:25:26;97;-; 52.41; 0.0;-; 15.2; 16.6; 0.0;-;-;1424;-0.2; 0.0; 0.0;-9; 21.4;F;1;29;On;On;Off; 22.5; 22.2;0;0;792;0;792;0;607;0;-
2026/04/01;00:26:26;97;-; 52.41; 0.0;-; 15.1; 16.4; 0.0;-;-;1424;-0.2; 0.0; 0.0;-9; 21.4;F;1;29;On;On;Off; 22.4; 22.2;0;0;792;0;792;0;607;0;-
2026/04/01;00:27:26;97;-; 52.41; 0.0;-; 15.3; 16.6; 0.0;-;-;1424;-0.2; 0.0; 0.0;-9; 21.3;F;1;29;On;On;Off; 22.4; 22.1;0;0;792;0;792;0;607;0;-
2026/04/01;00:28:26;97;-; 52.41; 0.0;-; 15.2; 16.6; 0.0;-;-;1424;-0.2; 0.0; 0.0;-8; 21.4;F;1;29;On;On;Off; 22.4; 22.1;0;0;792;0;792;0;607;0;-
2026/04/01;00:29:26;97;-; 52.39; 0.0;-; 15.1; 16.5; 0.0;-;-;1424;-0.2; 0.0; 0.0;-9; 21.4;F;1;29;On;On;Off; 22.4; 22.1;0;0;792;0;792;0;607;0;-
2026/04/01;00:30:25;97;-; 52.39; 0.0;-; 15.2; 16.5; 0.0;-;-;1424;-0.2; 0.0; 0.0;-8; 21.3;F;1;29;On;On;Off; 22.4; 22.1;0;0;792;0;792;0;607;0;-
2026/04/01;00:31:25;97;-; 52.41; 0.0;-; 15.2; 16.5; 0.0;-;-;1424;-0.2; 0.0; 0.0;-9; 21.3;F;1;29;On;On;Off; 22.4; 22.1;0;0;792;0;792;0;607;0;-
2026/04/01;00:32:25;97;-; 52.41; 0.0;-; 15.3; 16.7; 0.0;-;-;1424;-0.2; 0.0; 0.0;-8; 21.3;F;1;29;On;On;Off; 22.4; 22.1;0;0;792;0;792;0;607;0;-
2026/04/01;00:33:25;97;-; 52.41; 0.0;-; 15.3; 16.7; 0.0;-;-;1424;-0.2; 0.0; 0.0;-9; 21.4;F;1;29;On;On;Off; 22.4; 22.1;0;0;792;0;792;0;607;0;-
2026/04/01;00:34:25;97;-; 52.39; 0.0;-; 15.2; 16.5; 0.0;-;-;1424;-0.2; 0.0; 0.0;-9; 21.4;F;1;29;On;On;Off; 22.4; 22.1;0;0;792;0;792;0;607;0;-
2026/04/01;00:35:25;96;-; 52.39; 0.0;-; 15.2; 16.6; 0.0;-;-;1424;-0.2; 0.0; 0.0;-9; 21.3;F;1;29;On;On;Off; 22.4; 22.1;0;0;792;0;792;0;607;0;-
2026/04/01;00:36:25;96;-; 52.39; 0.0;-; 15.3; 16.6; 0.0;-;-;1424;-0.2; 0.0; 0.0;-9; 21.4;F;1;29;On;On;Off; 22.4; 22.1;0;0;792;0;792;0;607;0;-
2026/04/01;00:37:25;96;-; 52.39; 0.0;-; 15.2; 16.6; 0.0;-;-;1424;-0.2; 0.0; 0.0;-9; 21.3;F;1;29;On;On;Off; 22.4; 22.1;0;0;792;0;792;0;607;0;-
2026/04/01;00:38:25;96;-; 52.39; 0.0;-; 15.3; 16.6; 0.0;-;-;1424;-0.2; 0.0; 0.0;-9; 21.4;F;1;29;On;On;Off; 22.4; 22.1;0;0;792;0;792;0;607;0;-
2026/04/01;00:39:25;96;-; 52.39; 0.0;-; 15.2; 16.6; 0.0;-;-;1424;-0.2; 0.0; 0.0;-9; 21.4;F;1;29;On;On;Off; 22.4; 22.1;0;0;792;0;792;0;607;0;-
2026/04/01;00:40:25;96;-; 52.39; 0.0;-; 15.3; 16.6; 0.0;-;-;1424;-0.2; 0.0; 0.0;-9; 21.3;F;1;29;On;On;Off; 22.4; 22.1;0;0;792;0;792;0;607;0;-
2026/04/01;00:41:25;96;-; 52.39; 0.0;-; 15.2; 16.6; 0.0;-;-;1425;-0.2; 0.0; 0.0;-10; 21.4;F;1;29;On;On;Off; 22.4; 22.1;0;0;792;0;792;0;607;0;-
2026/04/01;00:42:25;96;-; 52.39; 0.0;-; 15.2; 16.5; 0.0;-;-;1425;-0.2; 0.0; 0.0;-9; 21.4;F;1;29;On;On;Off; 22.4; 22.1;0;0;792;0;792;0;607;0;-
2026/04/01;00:43:25;96;-; 52.39; 0.0;-; 15.2; 16.4; 0.0;-;-;1425;-0.2; 0.0; 0.0;-9; 21.4;F;1;29;On;On;Off; 22.4; 22.1;0;0;792;0;792;0;607;0;-
2026/04/01;00:44:25;96;-; 52.39; 0.0;-; 15.3; 16.6; 0.0;-;-;1425;-0.2; 0.0; 0.0;-9; 21.4;F;1;29;On;On;Off; 22.4; 22.1;0;0;792;0;792;0;607;0;-
2026/04/01;00:45:25;96;-; 52.39; 0.0;-; 15.2; 16.5; 0.0;-;-;1425;-0.2; 0.0; 0.0;-9; 21.4;F;1;29;On;On;Off; 22.4; 22.1;0;0;792;0;792;0;607;0;-
2026/04/01;00:46:24;96;-; 52.37; 0.0;-; 15.2; 16.5; 0.0;-;-;1425;-0.2; 0.0; 0.0;-9; 21.4;F;1;29;On;On;Off; 22.4; 22.1;0;0;792;0;792;0;607;0;-
2026/04/01;00:47:24;96;-; 52.37; 0.0;-; 15.1; 16.5; 0.0;-;-;1425;-0.2; 0.0; 0.0;-9; 21.4;F;1;29;On;On;Off; 22.4; 22.1;0;0;792;0;792;0;607;0;-
2026/04/01;00:48:24;96;-; 52.39; 0.0;-; 15.2; 16.6; 0.0;-;-;1425;-0.2; 0.0; 0.0;-9; 21.4;F;1;29;On;On;Off; 22.4; 22.1;0;0;792;0;792;0;607;0;-
2026/04/01;00:49:24;96;-; 52.37; 0.0;-; 15.3; 16.4; 0.0;-;-;1425;-0.2; 0.0; 0.0;-9; 21.4;F;1;29;On;On;Off; 22.4; 22.1;0;0;792;0;792;0;607;0;-
2026/04/01;00:50:24;96;-; 52.37; 0.0;-; 15.2; 16.4; 0.0;-;-;1425;-0.2; 0.0; 0.0;-9; 21.4;F;1;29;On;On;Off; 22.4; 22.1;0;0;792;0;792;0;607;0;-
2026/04/01;00:51:24;96;-; 52.39; 0.0;-; 15.2; 16.4; 0.0;-;-;1425;-0.2; 0.0; 0.0;-8; 21.4;F;1;29;On;On;Off; 22.4; 22.1;0;0;792;0;792;0;607;0;-
2026/04/01;00:52:24;96;-; 52.39; 0.0;-; 15.2; 16.3; 0.0;-;-;1425;-0.2; 0.0; 0.0;-9; 21.4;F;1;29;On;On;Off; 22.4; 22.1;0;0;792;0;792;0;607;0;-
2026/04/01;00:53:24;96;-; 52.39; 0.0;-; 15.1; 16.5; 0.0;-;-;1425;-0.2; 0.0; 0.0;-9; 21.4;F;1;29;On;On;Off; 22.4; 22.1;0;0;792;0;792;0;607;0;-
2026/04/01;00:54:24;96;-; 52.39; 0.0;-; 15.2; 16.4; 0.0;-;-;1425;-0.2; 0.0; 0.0;-9; 21.4;F;1;29;On;On;Off; 22.4; 22.1;0;0;792;0;792;0;607;0;-
2026/04/01;00:55:24;96;-; 52.39; 0.0;-; 15.1; 16.5; 0.0;-;-;1425;-0.2; 0.0; 0.0;-9; 21.4;F;1;29;On;On;Off; 22.4; 22.1;0;0;792;0;792;0;607;0;-
2026/04/01;00:56:24;96;-; 52.37; 0.0;-; 15.1; 16.4; 0.0;-;-;1425;-0.2; 0.0; 0.0;-9; 21.4;F;1;29;On;On;Off; 22.4; 22.1;0;0;792;0;792;0;607;0;-
2026/04/01;00:57:24;96;-; 52.37; 0.0;-; 15.1; 16.5; 0.0;-;-;1425;-0.2; 0.0; 0.0;-9; 21.4;F;1;29;On;On;Off; 22.4; 22.1;0;0;792;0;792;0;607;0;-
2026/04/01;00:58:24;96;-; 52.39; 0.0;-; 15.1; 16.4; 0.0;-;-;1425;-0.2; 0.0; 0.0;-9; 21.4;F;1;29;On;On;Off; 22.4; 22.1;0;0;792;0;792;0;607;0;-
2026/04/01;00:59:24;96;-; 52.37; 0.0;-; 15.0; 16.4; 0.0;-;-;1425;-0.2; 0.0; 0.0;-10; 21.4;F;1;29;On;On;Off; 22.4; 22.1;0;0;792;0;792;0;607;0;-
2026/04/01;01:00:24;96;-; 52.39; 0.0;-; 15.1; 16.4; 0.0;-;-;1425;-0.2; 0.0; 0.0;-9; 21.5;F;1;29;On;On;Off; 22.4; 22.1;0;0;792;0;792;0;607;0;-
2026/04/01;01:01:24;96;-; 52.37; 0.0;-; 15.2; 16.3; 0.0;-;-;1425;-0.2; 0.0; 0.0;-9; 21.5;F;1;29;On;On;Off; 22.4; 22.1;0;0;792;0;792;0;607;0;-
2026/04/01;01:02:23;96;-; 52.39; 0.0;-; 15.2; 16.4; 0.0;-;-;1425;-0.2; 0.0; 0.0;-9; 21.5;F;1;29;On;On;Off; 22.4; 22.1;0;0;792;0;792;0;607;0;-
2026/04/01;01:03:23;96;-; 52.37; 0.0;-; 15.1; 16.3; 0.0;-;-;1425;-0.2; 0.0; 0.0;-9; 21.5;F;1;29;On;On;Off; 22.4; 22.1;0;0;792;0;792;0;607;0;-
2026/04/01;01:04:23;96;-; 52.37; 0.0;-; 15.1; 16.4; 0.0;-;-;1425;-0.2; 0.0; 0.0;-9; 21.5;F;1;29;On;On;Off; 22.4; 22.1;0;0;792;0;792;0;607;0;-
2026/04/01;01:05:23;96;-; 52.37; 0.0;-; 15.0; 16.4; 0.0;-;-;1425;-0.2; 0.0; 0.0;-9; 21.5;F;1;29;On;On;Off; 22.4; 22.1;0;0;792;0;792;0;607;0;-
2026/04/01;01:06:23;96;-; 52.37; 0.0;-; 15.1; 16.4; 0.0;-;-;1425;-0.2; 0.0; 0.0;-9; 21.5;F;1;29;On;On;Off; 22.4; 22.1;0;0;792;0;792;0;607;0;-
2026/04/01;01:07:23;96;-; 52.39; 0.0;-; 15.2; 16.4; 0.0;-;-;1425;-0.2; 0.0; 0.0;-9; 21.5;F;1;29;On;On;Off; 22.4; 22.1;0;0;792;0;792;0;607;0;-
2026/04/01;01:08:23;96;-; 52.39; 0.0;-; 15.2; 16.3; 0.0;-;-;1425;-0.2; 0.0; 0.0;-9; 21.5;F;1;29;On;On;Off; 22.4; 22.1;0;0;792;0;792;0;607;0;-
2026/04/01;01:09:23;96;-; 52.37; 0.0;-; 15.2; 16.3; 0.0;-;-;1425;-0.2; 0.0; 0.0;-9; 21.5;F;1;29;On;On;Off; 22.4; 22.1;0;0;792;0;792;0;607;0;-
2026/04/01;01:10:23;96;-; 52.37; 0.0;-; 15.2; 16.3; 0.0;-;-;1425;-0.2; 0.0; 0.0;-9; 21.5;F;1;29;On;On;Off; 22.4; 22.1;0;0;792;0;792;0;607;0;-
2026/04/01;01:11:23;96;-; 52.35; 0.0;-; 15.2; 16.4; 0.0;-;-;1425;-0.2; 0.0; 0.0;-9; 21.5;F;1;29;On;On;Off; 22.4; 22.2;0;0;792;0;792;0;607;0;-
2026/04/01;01:12:23;96;-; 52.37; 0.0;-; 15.0; 16.3; 0.0;-;-;1425;-0.2; 0.0; 0.0;-9; 21.5;F;1;29;On;On;Off; 22.4; 22.1;0;0;792;0;792;0;607;0;-
2026/04/01;01:13:23;96;-; 52.37; 0.0;-; 15.0; 16.2; 0.0;-;-;1425;-0.2; 0.0; 0.0;-9; 21.5;F;1;29;On;On;Off; 22.4; 22.2;0;0;792;0;792;0;607;0;-
2026/04/01;01:14:23;96;-; 52.37; 0.0;-; 15.0; 16.4; 0.0;-;-;1425;-0.2; 0.0; 0.0;-10; 21.5;F;1;29;On;On;Off; 22.4; 22.2;0;0;792;0;792;0;607;0;-
2026/04/01;01:15:23;96;-; 52.37; 0.0;-; 15.1; 16.3; 0.0;-;-;1425;-0.2; 0.0; 0.0;-10; 21.5;F;1;29;On;On;Off; 22.4; 22.1;0;0;792;0;792;0;607;0;-
2026/04/01;01:16:23;96;-; 52.37; 0.0;-; 15.0; 16.4; 0.0;-;-;1425;-0.2; 0.0; 0.0;-10; 21.5;F;1;29;On;On;Off; 22.5; 22.1;0;0;792;0;792;0;607;0;-
2026/04/01;01:17:23;96;-; 52.37; 0.0;-; 15.0; 16.3; 0.0;-;-;1425;-0.2; 0.0; 0.0;-9; 21.5;F;1;29;On;On;Off; 22.5; 22.1;0;0;792;0;792;0;607;0;-
2026/04/01;01:18:22;96;-; 52.37; 0.0;-; 15.0; 16.2; 0.0;-;-;1425;-0.2; 0.0; 0.0;-10; 21.5;F;1;29;On;On;Off; 22.5; 22.2;0;0;792;0;792;0;607;0;-
2026/04/01;01:19:22;96;-; 52.37; 0.0;-; 14.9; 16.1; 0.0;-;-;1425;-0.2; 0.0; 0.0;-9; 21.5;F;1;29;On;On;Off; 22.4; 22.1;0;0;792;0;792;0;607;0;-
2026/04/01;01:20:22;96;-; 52.37; 0.0;-; 15.0; 16.5; 0.0;-;-;1425;-0.2; 0.0; 0.0;-9; 21.5;F;1;29;On;On;Off; 22.4; 22.1;0;0;792;0;792;0;607;0;-
2026/04/01;01:21:22;96;-; 52.35; 0.0;-; 15.0; 16.3; 0.0;-;-;1425;-0.2; 0.0; 0.0;-9; 21.5;F;1;29;On;On;Off; 22.4; 22.1;0;0;792;0;792;0;607;0;-
2026/04/01;01:22:22;96;-; 52.37; 0.0;-; 15.0; 16.3; 0.0;-;-;1425;-0.2; 0.0; 0.0;-9; 21.5;F;1;29;On;On;Off; 22.4; 22.1;0;0;792;0;792;0;607;0;-
2026/04/01;01:23:22;96;-; 52.37; 0.0;-; 14.9; 16.3; 0.0;-;-;1425;-0.2; 0.0; 0.0;-9; 21.5;F;1;29;On;On;Off; 22.4; 22.1;0;0;792;0;792;0;607;0;-
2026/04/01;01:24:22;96;-; 52.35; 0.0;-; 15.0; 16.3; 0.0;-;-;1425;-0.2; 0.0; 0.0;-9; 21.5;F;1;29;On;On;Off; 22.4; 22.1;0;0;792;0;792;0;607;0;-
2026/04/01;01:25:22;96;-; 52.37; 0.0;-; 15.0; 16.3; 0.0;-;-;1425;-0.2; 0.0; 0.0;-9; 21.5;F;1;29;On;On;Off; 22.4; 22.1;0;0;792;0;792;0;607;0;-
2026/04/01;01:26:22;96;-; 52.37; 0.0;-; 15.0; 16.3; 0.0;-;-;1425;-0.2; 0.0; 0.0;-9; 21.5;F;1;29;On;On;Off; 22.4; 22.1;0;0;792;0;792;0;607;0;-
2026/04/01;01:27:22;96;-; 52.37; 0.0;-; 15.0; 16.3; 0.0;-;-;1425;-0.2; 0.0; 0.0;-9; 21.5;F;1;29;On;On;Off; 22.4; 22.1;0;0;792;0;792;0;607;0;-
2026/04/01;01:28:22;96;-; 52.37; 0.0;-; 15.1; 16.3; 0.0;-;-;1425;-0.2; 0.0; 0.0;-9; 21.5;F;1;29;On;On;Off; 22.4; 22.1;0;0;792;0;792;0;607;0;-
2026/04/01;01:29:22;96;-; 52.37; 0.0;-; 14.9; 16.2; 0.0;-;-;1425;-0.2; 0.0; 0.0;-10; 21.5;F;1;29;On;On;Off; 22.4; 22.1;0;0;792;0;792;0;607;0;-
2026/04/01;01:30:22;96;-; 52.37; 0.0;-; 15.0; 16.2; 0.0;-;-;1425;-0.2; 0.0; 0.0;-10; 21.5;F;1;29;On;On;Off; 22.4; 22.1;0;0;792;0;792;0;607;0;-
2026/04/01;01:31:22;96;-; 52.37; 0.0;-; 14.9; 16.3; 0.0;-;-;1425;-0.2; 0.0; 0.0;-9; 21.5;F;1;29;On;On;Off; 22.4; 22.1;0;0;792;0;792;0;607;0;-
2026/04/01;01:32:22;96;-; 52.37; 0.0;-; 14.9; 16.3; 0.0;-;-;1425;-0.2; 0.0; 0.0;-10; 21.5;F;1;29;On;On;Off; 22.4; 22.1;0;0;792;0;792;0;607;0;-
2026/04/01;01:33:22;96;-; 52.37; 0.0;-; 14.9; 16.3; 0.0;-;-;1425;-0.2; 0.0; 0.0;-9; 21.5;F;1;29;On;On;Off; 22.4; 22.1;0;0;792;0;792;0;607;0;-
2026/04/01;01:34:21;96;-; 52.37; 0.0;-; 14.9; 16.2; 0.0;-;-;1425;-0.2; 0.0; 0.0;-9; 21.5;F;1;29;On;On;Off; 22.4; 22.1;0;0;792;0;792;0;607;0;-
2026/04/01;01:35:21;96;-; 52.37; 0.0;-; 14.7; 16.2; 0.0;-;-;1425;-0.2; 0.0; 0.0;-10; 21.5;F;1;29;On;On;Off; 22.4; 22.1;0;0;792;0;792;0;607;0;-
2026/04/01;01:36:21;96;-; 52.37; 0.0;-; 14.9; 16.2; 0.0;-;-;1425;-0.2; 0.0; 0.0;-9; 21.5;F;1;29;On;On;Off; 22.4; 22.1;0;0;792;0;792;0;607;0;-
2026/04/01;01:37:21;96;-; 52.37; 0.0;-; 14.9; 16.2; 0.0;-;-;1425;-0.2; 0.0; 0.0;-9; 21.5;F;1;29;On;On;Off; 22.4; 22.1;0;0;792;0;792;0;607;0;-
2026/04/01;01:38:21;96;-; 52.37; 0.0;-; 14.8; 16.2; 0.0;-;-;1425;-0.2; 0.0; 0.0;-9; 21.5;F;1;29;On;On;Off; 22.4; 22.1;0;0;792;0;792;0;607;0;-
2026/04/01;01:39:21;96;-; 52.35; 0.0;-; 14.9; 16.3; 0.0;-;-;1425;-0.2; 0.0; 0.0;-9; 21.5;F;1;29;On;On;Off; 22.4; 22.1;0;0;792;0;792;0;607;0;-
2026/04/01;01:40:21;96;-; 52.37; 0.0;-; 14.7; 16.2; 0.0;-;-;1425;-0.2; 0.0; 0.0;-9; 21.5;F;1;29;On;On;Off; 22.4; 22.1;0;0;792;0;792;0;607;0;-
2026/04/01;01:41:21;96;-; 52.35; 0.0;-; 14.8; 16.3; 0.0;-;-;1426;-0.2; 0.0; 0.0;-9; 21.5;F;1;29;On;On;Off; 22.4; 22.1;0;0;792;0;792;0;607;0;-
2026/04/01;01:42:21;96;-; 52.35; 0.0;-; 14.8; 16.2; 0.0;-;-;1426;-0.2; 0.0; 0.0;-9; 21.5;F;1;29;On;On;Off; 22.4; 22.1;0;0;792;0;792;0;607;0;-
2026/04/01;01:43:21;96;-; 52.37; 0.0;-; 14.8; 16.0; 0.0;-;-;1426;-0.2; 0.0; 0.0;-10; 21.5;F;1;29;On;On;Off; 22.4; 22.1;0;0;792;0;792;0;607;0;-
2026/04/01;01:44:21;96;-; 52.37; 0.0;-; 14.8; 16.3; 0.0;-;-;1426;-0.2; 0.0; 0.0;-9; 21.5;F;1;29;On;On;Off; 22.4; 22.1;0;0;792;0;792;0;607;0;-
2026/04/01;01:45:21;96;-; 52.37; 0.0;-; 14.8; 16.2; 0.0;-;-;1426;-0.2; 0.0; 0.0;-9; 21.5;F;1;29;On;On;Off; 22.4; 22.1;0;0;792;0;792;0;607;0;-
2026/04/01;01:46:21;96;-; 52.37; 0.0;-; 14.6; 16.0; 0.0;-;-;1426;-0.2; 0.0; 0.0;-9; 21.5;F;1;29;On;On;Off; 22.4; 22.1;0;0;792;0;792;0;607;0;-
2026/04/01;01:47:21;96;-; 52.35; 0.0;-; 14.8; 16.1; 0.0;-;-;1426;-0.2; 0.0; 0.0;-9; 21.5;F;1;29;On;On;Off; 22.4; 22.1;0;0;792;0;792;0;607;0;-
2026/04/01;01:48:21;96;-; 52.35; 0.0;-; 14.8; 16.1; 0.0;-;-;1426;-0.2; 0.0; 0.0;-9; 21.4;F;1;29;On;On;Off; 22.4; 22.1;0;0;792;0;792;0;607;0;-
2026/04/01;01:49:20;96;-; 52.35; 0.0;-; 14.7; 16.1; 0.0;-;-;1426;-0.2; 0.0; 0.0;-9; 21.4;F;1;29;On;On;Off; 22.4; 22.1;0;0;792;0;792;0;607;0;-
2026/04/01;01:50:20;96;-; 52.33; 0.0;-; 14.7; 16.0; 0.0;-;-;1426;-0.2; 0.0; 0.0;-9; 21.4;F;1;29;On;On;Off; 22.4; 22.1;0;0;792;0;792;0;607;0;-
2026/04/01;01:51:20;96;-; 52.35; 0.0;-; 14.6; 16.1; 0.0;-;-;1426;-0.2; 0.0; 0.0;-9; 21.4;F;1;29;On;On;Off; 22.4; 22.1;0;0;792;0;792;0;607;0;-
2026/04/01;01:52:20;96;-; 52.35; 0.0;-; 14.7; 16.2; 0.0;-;-;1426;-0.2; 0.0; 0.0;-9; 21.4;F;1;29;On;On;Off; 22.4; 22.1;0;0;792;0;792;0;607;0;-
2026/04/01;01:53:20;96;-; 52.33; 0.0;-; 14.7; 16.1; 0.0;-;-;1426;-0.2; 0.0; 0.0;-9; 21.4;F;1;29;On;On;Off; 22.4; 22.1;0;0;792;0;792;0;607;0;-
2026/04/01;01:54:20;96;-; 52.35; 0.0;-; 14.6; 16.0; 0.0;-;-;1426;-0.2; 0.0; 0.0;-9; 21.4;F;1;29;On;On;Off; 22.4; 22.1;0;0;792;0;792;0;607;0;-
2026/04/01;01:55:20;96;-; 52.33; 0.0;-; 14.7; 16.1; 0.0;-;-;1426;-0.2; 0.0; 0.0;-9; 21.4;F;1;29;On;On;Off; 22.4; 22.1;0;0;792;0;792;0;607;0;-
2026/04/01;01:56:20;96;-; 52.35; 0.0;-; 14.7; 15.9; 0.0;-;-;1426;-0.2; 0.0; 0.0;-9; 21.4;F;1;29;On;On;Off; 22.3; 22.1;0;0;792;0;792;0;607;0;-
2026/04/01;01:57:20;96;-; 52.35; 0.0;-; 14.6; 16.0; 0.0;-;-;1426;-0.2; 0.0; 0.0;-9; 21.4;F;1;29;On;On;Off; 22.3; 22.1;0;0;792;0;792;0;607;0;-
2026/04/01;01:58:20;96;-; 52.35; 0.0;-; 14.6; 16.0; 0.0;-;-;1426;-0.2; 0.0; 0.0;-9; 21.4;F;1;29;On;On;Off; 22.4; 22.1;0;0;792;0;792;0;607;0;-
2026/04/01;01:59:20;96;-; 52.35; 0.0;-; 14.7; 15.9; 0.0;-;-;1426;-0.2; 0.0; 0.0;-9; 21.4;F;1;29;On;On;Off; 22.3; 22.1;0;0;792;0;792;0;607;0;-
2026/04/01;02:00:20;96;-; 52.33; 0.0;-; 14.6; 15.9; 0.0;-;-;1426;-0.2; 0.0; 0.0;-9; 21.4;F;1;29;On;On;Off; 22.4; 22.1;0;0;792;0;792;0;607;0;-
2026/04/01;02:01:20;96;-; 52.35; 0.0;-; 14.6; 15.9; 0.0;-;-;1426;-0.2; 0.0; 0.0;-9; 21.4;F;1;29;On;On;Off; 22.3; 22.1;0;0;792;0;792;0;607;0;-
2026/04/01;02:02:20;96;-; 52.35; 0.0;-; 14.6; 16.0; 0.0;-;-;1426;-0.2; 0.0; 0.0;-9; 21.4;F;1;29;On;On;Off; 22.3; 22.1;0;0;792;0;792;0;607;0;-
2026/04/01;02:03:20;96;-; 52.35; 0.0;-; 14.5; 15.8; 0.0;-;-;1426;-0.2; 0.0; 0.0;-9; 21.4;F;1;29;On;On;Off; 22.3; 22.1;0;0;792;0;792;0;607;0;-
2026/04/01;02:04:20;96;-; 52.35; 0.0;-; 14.5; 16.0; 0.0;-;-;1426;-0.2; 0.0; 0.0;-9; 21.4;F;1;29;On;On;Off; 22.3; 22.1;0;0;792;0;792;0;607;0;-
2026/04/01;02:05:19;96;-; 52.35; 0.0;-; 14.5; 16.0; 0.0;-;-;1426;-0.2; 0.0; 0.0;-9; 21.4;F;1;29;On;On;Off; 22.3; 22.0;0;0;792;0;792;0;607;0;-
2026/04/01;02:06:19;96;-; 52.35; 0.0;-; 14.5; 16.0; 0.0;-;-;1426;-0.2; 0.0; 0.0;-10; 21.4;F;1;29;On;On;Off; 22.3; 22.0;0;0;792;0;792;0;607;0;-
2026/04/01;02:07:19;96;-; 52.35; 0.0;-; 14.6; 16.0; 0.0;-;-;1426;-0.2; 0.0; 0.0;-9; 21.4;F;1;29;On;On;Off; 22.3; 22.0;0;0;792;0;792;0;607;0;-
2026/04/01;02:08:19;95;-; 52.35; 0.0;-; 14.5; 16.2; 0.0;-;-;1426;-0.2; 0.0; 0.0;-9; 21.4;F;1;29;On;On;Off; 22.3; 22.0;0;0;792;0;792;0;607;0;-
2026/04/01;02:09:19;95;-; 52.33; 0.0;-; 14.6; 16.0; 0.0;-;-;1426;-0.2; 0.0; 0.0;-9; 21.4;F;1;29;On;On;Off; 22.3; 22.0;0;0;792;0;792;0;607;0;-
2026/04/01;02:10:19;95;-; 52.35; 0.0;-; 14.4; 16.0; 0.0;-;-;1426;-0.2; 0.0; 0.0;-9; 21.4;F;1;29;On;On;Off; 22.3; 22.0;0;0;792;0;792;0;607;0;-
2026/04/01;02:11:19;95;-; 52.35; 0.0;-; 14.5; 16.0; 0.0;-;-;1426;-0.2; 0.0; 0.0;-9; 21.4;F;1;29;On;On;Off; 22.3; 22.0;0;0;792;0;792;0;607;0;-
2026/04/01;02:12:19;95;-; 52.33; 0.0;-; 14.5; 16.0; 0.0;-;-;1426;-0.2; 0.0; 0.0;-10; 21.4;F;1;29;On;On;Off; 22.3; 22.0;0;0;792;0;792;0;607;0;-
2026/04/01;02:13:19;95;-; 52.35; 0.0;-; 14.5; 15.8; 0.0;-;-;1426;-0.2; 0.0; 0.0;-9; 21.4;F;1;29;On;On;Off; 22.3; 22.0;0;0;792;0;792;0;607;0;-
2026/04/01;02:14:19;95;-; 52.35; 0.0;-; 14.4; 16.0; 0.0;-;-;1426;-0.2; 0.0; 0.0;-9; 21.4;F;1;29;On;On;Off; 22.3; 22.0;0;0;792;0;792;0;607;0;-
2026/04/01;02:15:19;95;-; 52.35; 0.0;-; 14.4; 15.8; 0.0;-;-;1426;-0.2; 0.0; 0.0;-9; 21.4;F;1;29;On;On;Off; 22.3; 22.0;0;0;792;0;792;0;607;0;-
2026/04/01;02:16:19;95;-; 52.35; 0.0;-; 14.3; 15.8; 0.0;-;-;1426;-0.2; 0.0; 0.0;-9; 21.4;F;1;29;On;On;Off; 22.3; 22.0;0;0;792;0;792;0;607;0;-
2026/04/01;02:17:19;95;-; 52.33; 0.0;-; 14.3; 15.8; 0.0;-;-;1426;-0.2; 0.0; 0.0;-10; 21.4;F;1;29;On;On;Off; 22.3; 22.0;0;0;792;0;792;0;607;0;-
2026/04/01;02:18:19;95;-; 52.35; 0.0;-; 14.4; 15.9; 0.0;-;-;1426;-0.2; 0.0; 0.0;-9; 21.4;F;1;29;On;On;Off; 22.3; 22.0;0;0;792;0;792;0;607;0;-
2026/04/01;02:19:19;95;-; 52.33; 0.0;-; 14.3; 15.7; 0.0;-;-;1426;-0.2; 0.0; 0.0;-9; 21.4;F;1;29;On;On;Off; 22.3; 22.0;0;0;792;0;792;0;607;0;-
2026/04/01;02:20:19;95;-; 52.35; 0.0;-; 14.3; 15.8; 0.0;-;-;1426;-0.2; 0.0; 0.0;-9; 21.4;F;1;29;On;On;Off; 22.3; 22.0;0;0;792;0;792;0;607;0;-
2026/04/01;02:21:18;95;-; 52.35; 0.0;-; 14.4; 15.8; 0.0;-;-;1426;-0.2; 0.0; 0.0;-9; 21.4;F;1;29;On;On;Off; 22.3; 22.0;0;0;792;0;792;0;607;0;-
2026/04/01;02:22:18;95;-; 52.35; 0.0;-; 15.1; 15.7; 0.0;-;-;1426;-0.2; 0.0; 0.0;-9; 21.4;F;1;29;On;On;Off; 22.3; 22.0;0;0;792;0;792;0;607;0;-
2026/04/01;02:23:18;95;-; 52.33; 0.0;-; 14.3; 15.7; 0.0;-;-;1426;-0.2; 0.0; 0.0;-9; 21.4;F;1;29;On;On;Off; 22.3; 22.0;0;0;792;0;792;0;607;0;-
2026/04/01;02:24:18;95;-; 52.35; 0.0;-; 14.4; 15.8; 0.0;-;-;1426;-0.2; 0.0; 0.0;-9; 21.4;F;1;29;On;On;Off; 22.3; 22.0;0;0;792;0;792;0;607;0;-
2026/04/01;02:25:18;95;-; 52.35; 0.0;-; 14.2; 15.7; 0.0;-;-;1426;-0.2; 0.0; 0.0;-10; 21.4;F;1;29;On;On;Off; 22.3; 22.0;0;0;792;0;792;0;607;0;-
2026/04/01;02:26:18;95;-; 52.33; 0.0;-; 14.3; 15.7; 0.0;-;-;1426;-0.2; 0.0; 0.0;-10; 21.4;F;1;29;On;On;Off; 22.3; 22.0;0;0;792;0;792;0;607;0;-
2026/04/01;02:27:18;95;-; 52.35; 0.0;-; 14.5; 15.9; 0.0;-;-;1426;-0.2; 0.0; 0.0;-9; 21.4;F;1;29;On;On;Off; 22.3; 22.0;0;0;792;0;792;0;607;0;-
2026/04/01;02:28:18;95;-; 52.35; 0.0;-; 14.5; 15.7; 0.0;-;-;1426;-0.2; 0.0; 0.0;-9; 21.4;F;1;29;On;On;Off; 22.3; 22.0;0;0;792;0;792;0;607;0;-
2026/04/01;02:29:18;95;-; 52.35; 0.0;-; 14.6; 15.8; 0.0;-;-;1426;-0.2; 0.0; 0.0;-9; 21.4;F;1;29;On;On;Off; 22.3; 22.0;0;0;792;0;792;0;607;0;-
2026/04/01;02:30:18;95;-; 52.35; 0.0;-; 14.5; 15.9; 0.0;-;-;1426;-0.2; 0.0; 0.0;-9; 21.3;F;1;29;On;On;Off; 22.3; 22.0;0;0;792;0;792;0;607;0;-
2026/04/01;02:31:18;95;-; 52.33; 0.0;-; 16.9; 17.1; 0.0;-;-;1426;-0.2; 0.0; 0.0;-9; 21.4;F;1;29;On;On;Off; 22.3; 22.0;0;0;792;0;792;0;607;0;-
2026/04/01;02:32:18;95;-; 52.33; 0.0;-; 14.7; 15.8; 0.0;-;-;1426;-0.2; 0.0; 0.0;-9; 21.4;F;1;29;On;On;Off; 22.3; 22.0;0;0;792;0;792;0;607;0;-
2026/04/01;02:33:18;95;-; 52.33; 0.0;-; 14.2; 15.6; 0.0;-;-;1426;-0.2; 0.0; 0.0;-9; 21.4;F;1;29;On;On;Off; 22.3; 22.0;0;0;792;0;792;0;607;0;-
2026/04/01;02:34:18;95;-; 52.33; 0.0;-; 14.1; 15.7; 0.0;-;-;1426;-0.2; 0.0; 0.0;-9; 21.3;F;1;29;On;On;Off; 22.3; 22.0;0;0;792;0;792;0;607;0;-
2026/04/01;02:35:18;95;-; 52.33; 0.0;-; 14.0; 15.5; 0.0;-;-;1426;-0.2; 0.0; 0.0;-10; 21.3;F;1;29;On;On;Off; 22.3; 22.0;0;0;792;0;792;0;607;0;-
2026/04/01;02:36:18;95;-; 52.33; 0.0;-; 14.1; 15.5; 0.0;-;-;1426;-0.2; 0.0; 0.0;-10; 21.3;F;1;29;On;On;Off; 22.3; 22.0;0;0;792;0;792;0;607;0;-
2026/04/01;02:37:17;95;-; 52.33; 0.0;-; 14.0; 15.7; 0.0;-;-;1426;-0.2; 0.0; 0.0;-10; 21.3;F;1;29;On;On;Off; 22.3; 22.0;0;0;792;0;792;0;607;0;-
2026/04/01;02:38:17;95;-; 52.33; 0.0;-; 14.0; 15.6; 0.0;-;-;1426;-0.2; 0.0; 0.0;-9; 21.3;F;1;29;On;On;Off; 22.3; 22.0;0;0;792;0;792;0;607;0;-
2026/04/01;02:39:17;95;-; 52.33; 0.0;-; 14.0; 15.7; 0.0;-;-;1426;-0.2; 0.0; 0.0;-9; 21.3;F;1;29;On;On;Off; 22.3; 22.0;0;0;792;0;792;0;607;0;-
2026/04/01;02:40:17;95;-; 52.33; 0.0;-; 14.0; 15.5; 0.0;-;-;1426;-0.2; 0.0; 0.0;-9; 21.4;F;1;29;On;On;Off; 22.3; 22.0;0;0;792;0;792;0;607;0;-
2026/04/01;02:41:17;95;-; 52.31; 0.0;-; 13.9; 15.5; 0.0;-;-;1427;-0.2; 0.0; 0.0;-10; 21.4;F;1;29;On;On;Off; 22.3; 22.0;0;0;792;0;792;0;607;0;-
2026/04/01;02:42:17;95;-; 52.33; 0.0;-; 14.0; 15.4; 0.0;-;-;1427;-0.2; 0.0; 0.0;-10; 21.4;F;1;29;On;On;Off; 22.3; 22.0;0;0;792;0;792;0;607;0;-
2026/04/01;02:43:17;95;-; 52.33; 0.0;-; 13.9; 15.5; 0.0;-;-;1427;-0.2; 0.0; 0.0;-10; 21.4;F;1;29;On;On;Off; 22.3; 22.0;0;0;792;0;792;0;607;0;-
2026/04/01;02:44:17;95;-; 52.31; 0.0;-; 13.9; 15.4; 0.0;-;-;1427;-0.2; 0.0; 0.0;-10; 21.3;F;1;29;On;On;Off; 22.3; 22.0;0;0;792;0;792;0;607;0;-
2026/04/01;02:45:17;95;-; 52.31; 0.0;-; 13.8; 15.3; 0.0;-;-;1427;-0.2; 0.0; 0.0;-9; 21.3;F;1;29;On;On;Off; 22.3; 22.0;0;0;792;0;792;0;607;0;-
2026/04/01;02:46:17;95;-; 52.33; 0.0;-; 13.8; 15.3; 0.0;-;-;1427;-0.2; 0.0; 0.0;-9; 21.3;F;1;29;On;On;Off; 22.3; 22.0;0;0;792;0;792;0;607;0;-
2026/04/01;02:47:17;95;-; 52.31; 0.0;-; 13.8; 15.3; 0.0;-;-;1427;-0.2; 0.0; 0.0;-10; 21.4;F;1;29;On;On;Off; 22.3; 22.0;0;0;792;0;792;0;607;0;-
2026/04/01;02:48:17;95;-; 52.33; 0.0;-; 13.7; 15.4; 0.0;-;-;1427;-0.2; 0.0; 0.0;-9; 21.4;F;1;29;On;On;Off; 22.3; 22.0;0;0;792;0;792;0;607;0;-
2026/04/01;02:49:17;95;-; 52.33; 0.0;-; 13.8; 15.3; 0.0;-;-;1427;-0.2; 0.0; 0.0;-9; 21.4;F;1;29;On;On;Off; 22.3; 22.0;0;0;792;0;792;0;607;0;-
2026/04/01;02:50:17;95;-; 52.33; 0.0;-; 13.7; 15.3; 0.0;-;-;1427;-0.2; 0.0; 0.0;-9; 21.4;F;1;29;On;On;Off; 22.3; 22.0;0;0;792;0;792;0;607;0;-
2026/04/01;02:51:17;95;-; 52.31; 0.0;-; 13.8; 15.3; 0.0;-;-;1427;-0.2; 0.0; 0.0;-9; 21.4;F;1;29;On;On;Off; 22.3; 22.0;0;0;792;0;792;0;607;0;-
2026/04/01;02:52:17;95;-; 52.33; 0.0;-; 13.7; 15.2; 0.0;-;-;1427;-0.2; 0.0; 0.0;-9; 21.4;F;1;29;On;On;Off; 22.3; 22.0;0;0;792;0;792;0;607;0;-
2026/04/01;02:53:16;95;-; 52.31; 0.0;-; 13.6; 15.4; 0.0;-;-;1427;-0.2; 0.0; 0.0;-9; 21.4;F;1;29;On;On;Off; 22.3; 22.0;0;0;792;0;792;0;607;0;-
2026/04/01;02:54:16;95;-; 52.33; 0.0;-; 13.7; 15.4; 0.0;-;-;1427;-0.2; 0.0; 0.0;-9; 21.4;F;1;29;On;On;Off; 22.3; 22.0;0;0;792;0;792;0;607;0;-
2026/04/01;02:55:16;95;-; 52.33; 0.0;-; 13.6; 15.4; 0.0;-;-;1427;-0.2; 0.0; 0.0;-9; 21.4;F;1;29;On;On;Off; 22.3; 22.0;0;0;792;0;792;0;607;0;-
2026/04/01;02:56:16;95;-; 52.33; 0.0;-; 13.6; 15.2; 0.0;-;-;1427;-0.2; 0.0; 0.0;-10; 21.4;F;1;29;On;On;Off; 22.3; 22.0;0;0;792;0;792;0;607;0;-
2026/04/01;02:57:16;95;-; 52.33; 0.0;-; 13.6; 15.2; 0.0;-;-;1427;-0.2; 0.0; 0.0;-10; 21.4;F;1;29;On;On;Off; 22.3; 22.0;0;0;792;0;792;0;607;0;-
2026/04/01;02:58:16;95;-; 52.31; 0.0;-; 13.5; 15.3; 0.0;-;-;1427;-0.2; 0.0; 0.0;-10; 21.4;F;1;29;On;On;Off; 22.3; 22.0;0;0;792;0;792;0;607;0;-
2026/04/01;02:59:16;95;-; 52.33; 0.0;-; 13.4; 15.1; 0.0;-;-;1427;-0.2; 0.0; 0.0;-10; 21.4;F;1;29;On;On;Off; 22.3; 22.0;0;0;792;0;792;0;607;0;-
2026/04/01;03:00:16;95;-; 52.31; 0.0;-; 15.1; 15.6; 0.0;-;-;1427;-0.2; 0.0; 0.0;-9; 21.4;F;1;29;On;On;Off; 22.3; 22.0;0;0;792;0;792;0;607;0;-
2026/04/01;03:01:16;95;-; 52.33; 0.0;-; 15.0; 15.6; 0.0;-;-;1427;-0.2; 0.0; 0.0;-10; 21.4;F;1;29;On;On;Off; 22.3; 22.0;0;0;792;0;792;0;607;0;-
2026/04/01;03:02:16;95;-; 52.33; 0.0;-; 15.0; 15.6; 0.0;-;-;1427;-0.2; 0.0; 0.0;-9; 21.4;F;1;29;On;On;Off; 22.3; 22.0;0;0;792;0;792;0;607;0;-
2026/04/01;03:03:16;95;-; 52.33; 0.0;-; 15.0; 15.4; 0.0;-;-;1427;-0.2; 0.0; 0.0;-9; 21.4;F;1;29;On;On;Off; 22.3; 22.0;0;0;792;0;792;0;607;0;-
2026/04/01;03:04:16;95;-; 52.33; 0.0;-; 14.9; 15.4; 0.0;-;-;1427;-0.2; 0.0; 0.0;-9; 21.4;F;1;29;On;On;Off; 22.3; 22.0;0;0;792;0;792;0;607;0;-
2026/04/01;03:05:16;95;-; 52.33; 0.0;-; 14.9; 15.3; 0.0;-;-;1427;-0.2; 0.0; 0.0;-9; 21.4;F;1;29;On;On;Off; 22.3; 22.0;0;0;792;0;792;0;607;0;-
2026/04/01;03:06:16;95;-; 52.33; 0.0;-; 14.9; 15.5; 0.0;-;-;1427;-0.2; 0.0; 0.0;-9; 21.4;F;1;29;On;On;Off; 22.3; 22.0;0;0;792;0;792;0;607;0;-
2026/04/01;03:07:16;95;-; 52.31; 0.0;-; 14.9; 15.5; 0.0;-;-;1427;-0.2; 0.0; 0.0;-9; 21.4;F;1;29;On;On;Off; 22.3; 22.0;0;0;792;0;792;0;607;0;-
2026/04/01;03:08:16;95;-; 52.33; 0.0;-; 14.9; 15.4; 0.0;-;-;1427;-0.2; 0.0; 0.0;-9; 21.5;F;1;29;On;On;Off; 22.3; 22.0;0;0;792;0;792;0;607;0;-
2026/04/01;03:09:15;95;-; 52.31; 0.0;-; 14.8; 15.4; 0.0;-;-;1427;-0.2; 0.0; 0.0;-10; 21.5;F;1;29;On;On;Off; 22.3; 22.0;0;0;792;0;792;0;607;0;-
2026/04/01;03:10:15;95;-; 52.33; 0.0;-; 14.8; 15.3; 0.0;-;-;1427;-0.2; 0.0; 0.0;-10; 21.5;F;1;29;On;On;Off; 22.3; 22.0;0;0;792;0;792;0;607;0;-
2026/04/01;03:11:15;95;-; 52.33; 0.0;-; 14.8; 15.3; 0.0;-;-;1427;-0.2; 0.0; 0.0;-10; 21.5;F;1;29;On;On;Off; 22.3; 22.0;0;0;792;0;792;0;607;0;-
2026/04/01;03:12:15;95;-; 52.31; 0.0;-; 14.6; 15.2; 0.0;-;-;1427;-0.2; 0.0; 0.0;-10; 21.5;F;1;29;On;On;Off; 22.3; 22.0;0;0;792;0;792;0;607;0;-
2026/04/01;03:13:15;95;-; 52.33; 0.0;-; 14.7; 15.4; 0.0;-;-;1427;-0.2; 0.0; 0.0;-10; 21.5;F;1;29;On;On;Off; 22.3; 22.0;0;0;792;0;792;0;607;0;-
2026/04/01;03:14:15;95;-; 52.31; 0.0;-; 14.7; 15.2; 0.0;-;-;1427;-0.2; 0.0; 0.0;-10; 21.5;F;1;29;On;On;Off; 22.3; 22.0;0;0;792;0;792;0;607;0;-
2026/04/01;03:15:15;95;-; 52.31; 0.0;-; 14.7; 15.3; 0.0;-;-;1427;-0.2; 0.0; 0.0;-9; 21.5;F;1;29;On;On;Off; 22.3; 22.0;0;0;792;0;792;0;607;0;-
2026/04/01;03:16:15;95;-; 52.33; 0.0;-; 14.7; 15.2; 0.0;-;-;1427;-0.2; 0.0; 0.0;-10; 21.5;F;1;29;On;On;Off; 22.3; 22.0;0;0;792;0;792;0;607;0;-
2026/04/01;03:17:15;95;-; 52.31; 0.0;-; 14.6; 15.2; 0.0;-;-;1427;-0.2; 0.0; 0.0;-9; 21.5;F;1;29;On;On;Off; 22.3; 22.0;0;0;792;0;792;0;607;0;-
2026/04/01;03:18:15;95;-; 52.31; 0.0;-; 14.6; 15.2; 0.0;-;-;1427;-0.2; 0.0; 0.0;-9; 21.5;F;1;29;On;On;Off; 22.3; 22.0;0;0;792;0;792;0;607;0;-
2026/04/01;03:19:15;95;-; 52.33; 0.0;-; 14.6; 15.0; 0.0;-;-;1427;-0.2; 0.0; 0.0;-9; 21.5;F;1;29;On;On;Off; 22.3; 22.0;0;0;792;0;792;0;607;0;-
2026/04/01;03:20:15;95;-; 52.33; 0.0;-; 14.5; 15.1; 0.0;-;-;1427;-0.2; 0.0; 0.0;-9; 21.5;F;1;29;On;On;Off; 22.3; 22.0;0;0;792;0;792;0;607;0;-
2026/04/01;03:21:15;95;-; 52.33; 0.0;-; 14.5; 15.0; 0.0;-;-;1427;-0.2; 0.0; 0.0;-10; 21.5;F;1;29;On;On;Off; 22.3; 22.0;0;0;792;0;792;0;607;0;-
2026/04/01;03:22:15;95;-; 52.31; 0.0;-; 14.4; 15.2; 0.0;-;-;1427;-0.2; 0.0; 0.0;-9; 21.5;F;1;29;On;On;Off; 22.3; 22.0;0;0;792;0;792;0;607;0;-
2026/04/01;03:23:15;95;-; 52.31; 0.0;-; 14.4; 15.0; 0.0;-;-;1427;-0.2; 0.0; 0.0;-9; 21.5;F;1;29;On;On;Off; 22.3; 22.0;0;0;792;0;792;0;607;0;-
2026/04/01;03:24:15;95;-; 52.33; 0.0;-; 14.4; 15.0; 0.0;-;-;1427;-0.2; 0.0; 0.0;-9; 21.5;F;1;29;On;On;Off; 22.3; 22.0;0;0;792;0;792;0;607;0;-
2026/04/01;03:25:14;95;-; 52.33; 0.0;-; 14.4; 15.1; 0.0;-;-;1427;-0.2; 0.0; 0.0;-9; 21.5;F;1;29;On;On;Off; 22.3; 22.0;0;0;792;0;792;0;607;0;-
2026/04/01;03:26:14;95;-; 52.33; 0.0;-; 14.4; 15.0; 0.0;-;-;1427;-0.2; 0.0; 0.0;-9; 21.5;F;1;29;On;On;Off; 22.3; 22.0;0;0;792;0;792;0;607;0;-
2026/04/01;03:27:14;95;-; 52.33; 0.0;-; 14.4; 14.9; 0.0;-;-;1427;-0.2; 0.0; 0.0;-9; 21.5;F;1;29;On;On;Off; 22.3; 22.0;0;0;792;0;792;0;607;0;-
2026/04/01;03:28:14;95;-; 52.33; 0.0;-; 14.4; 14.9; 0.0;-;-;1427;-0.2; 0.0; 0.0;-9; 21.5;F;1;29;On;On;Off; 22.3; 22.0;0;0;792;0;792;0;607;0;-
2026/04/01;03:29:14;95;-; 52.33; 0.0;-; 14.3; 14.9; 0.0;-;-;1427;-0.2; 0.0; 0.0;-9; 21.5;F;1;29;On;On;Off; 22.3; 22.0;0;0;792;0;792;0;607;0;-
2026/04/01;03:30:14;95;-; 52.33; 0.0;-; 14.4; 15.0; 0.0;-;-;1427;-0.2; 0.0; 0.0;-9; 21.5;F;1;29;On;On;Off; 22.3; 22.0;0;0;792;0;792;0;607;0;-
2026/04/01;03:31:14;95;-; 52.31; 0.0;-; 14.3; 14.9; 0.0;-;-;1427;-0.2; 0.0; 0.0;-9; 21.5;F;1;29;On;On;Off; 22.3; 22.0;0;0;792;0;792;0;607;0;-
2026/04/01;03:32:14;95;-; 52.31; 0.0;-; 14.2; 14.9; 0.0;-;-;1427;-0.2; 0.0; 0.0;-9; 21.5;F;1;29;On;On;Off; 22.3; 22.0;0;0;792;0;792;0;607;0;-
2026/04/01;03:33:14;95;-; 52.33; 0.0;-; 14.2; 14.9; 0.0;-;-;1427;-0.2; 0.0; 0.0;-9; 21.5;F;1;29;On;On;Off; 22.3; 22.0;0;0;792;0;792;0;607;0;-
2026/04/01;03:34:14;95;-; 52.33; 0.0;-; 14.2; 14.8; 0.0;-;-;1427;-0.2; 0.0; 0.0;-9; 21.5;F;1;29;On;On;Off; 22.3; 22.0;0;0;792;0;792;0;607;0;-
2026/04/01;03:35:14;95;-; 52.31; 0.0;-; 14.2; 14.8; 0.0;-;-;1427;-0.2; 0.0; 0.0;-9; 21.5;F;1;29;On;On;Off; 22.3; 22.0;0;0;792;0;792;0;607;0;-
2026/04/01;03:36:14;95;-; 52.33; 0.0;-; 14.1; 14.7; 0.0;-;-;1427;-0.2; 0.0; 0.0;-9; 21.5;F;1;29;On;On;Off; 22.3; 22.0;0;0;792;0;792;0;607;0;-
2026/04/01;03:37:14;95;-; 52.33; 0.0;-; 14.2; 14.9; 0.0;-;-;1427;-0.2; 0.0; 0.0;-9; 21.5;F;1;29;On;On;Off; 22.3; 22.0;0;0;792;0;792;0;607;0;-
2026/04/01;03:38:14;95;-; 52.31; 0.0;-; 14.1; 14.8; 0.0;-;-;1427;-0.2; 0.0; 0.0;-9; 21.5;F;1;29;On;On;Off; 22.3; 22.0;0;0;792;0;792;0;607;0;-
2026/04/01;03:39:14;95;-; 52.33; 0.0;-; 14.1; 14.7; 0.0;-;-;1427;-0.2; 0.0; 0.0;-9; 21.5;F;1;29;On;On;Off; 22.3; 22.0;0;0;792;0;792;0;607;0;-
2026/04/01;03:40:14;95;-; 52.33; 0.0;-; 14.1; 14.8; 0.0;-;-;1427;-0.2; 0.0; 0.0;-9; 21.5;F;1;29;On;On;Off; 22.3; 22.0;0;0;792;0;792;0;607;0;-
2026/04/01;03:41:13;95;-; 52.33; 0.0;-; 14.1; 14.7; 0.0;-;-;1428;-0.2; 0.0; 0.0;-9; 21.5;F;1;29;On;On;Off; 22.3; 22.0;0;0;792;0;792;0;607;0;-
2026/04/01;03:42:13;95;-; 52.33; 0.0;-; 14.0; 14.6; 0.0;-;-;1428;-0.2; 0.0; 0.0;-9; 21.5;F;1;29;On;On;Off; 22.3; 22.0;0;0;792;0;792;0;607;0;-
2026/04/01;03:43:13;94;-; 52.31; 0.0;-; 14.0; 14.6; 0.0;-;-;1428;-0.2; 0.0; 0.0;-9; 21.5;F;1;29;On;On;Off; 22.3; 22.0;0;0;792;0;792;0;607;0;-
2026/04/01;03:44:13;94;-; 52.31; 0.0;-; 13.9; 14.5; 0.0;-;-;1428;-0.2; 0.0; 0.0;-9; 21.5;F;1;29;On;On;Off; 22.3; 22.0;0;0;792;0;792;0;607;0;-
2026/04/01;03:45:13;94;-; 52.31; 0.0;-; 14.0; 14.6; 0.0;-;-;1428;-0.2; 0.0; 0.0;-9; 21.5;F;1;29;On;On;Off; 22.3; 22.0;0;0;792;0;792;0;607;0;-
2026/04/01;03:46:13;94;-; 52.31; 0.0;-; 13.9; 14.6; 0.0;-;-;1428;-0.2; 0.0; 0.0;-10; 21.5;F;1;29;On;On;Off; 22.3; 22.0;0;0;792;0;792;0;607;0;-
2026/04/01;03:47:13;94;-; 52.31; 0.0;-; 14.0; 14.6; 0.0;-;-;1428;-0.2; 0.0; 0.0;-9; 21.5;F;1;29;On;On;Off; 22.3; 22.0;0;0;792;0;792;0;607;0;-
2026/04/01;03:48:13;94;-; 52.31; 0.0;-; 13.8; 14.6; 0.0;-;-;1428;-0.2; 0.0; 0.0;-9; 21.5;F;1;29;On;On;Off; 22.3; 22.0;0;0;792;0;792;0;607;0;-
2026/04/01;03:49:13;94;-; 52.31; 0.0;-; 13.8; 14.5; 0.0;-;-;1428;-0.2; 0.0; 0.0;-10; 21.5;F;1;29;On;On;Off; 22.3; 22.0;0;0;792;0;792;0;607;0;-
2026/04/01;03:50:13;94;-; 52.31; 0.0;-; 13.8; 14.4; 0.0;-;-;1428;-0.2; 0.0; 0.0;-10; 21.5;F;1;29;On;On;Off; 22.3; 22.0;0;0;792;0;792;0;607;0;-
2026/04/01;03:51:13;94;-; 52.31; 0.0;-; 13.8; 14.4; 0.0;-;-;1428;-0.2; 0.0; 0.0;-10; 21.5;F;1;29;On;On;Off; 22.2; 21.9;0;0;792;0;792;0;607;0;-
2026/04/01;03:52:13;94;-; 52.31; 0.0;-; 13.8; 14.4; 0.0;-;-;1428;-0.2; 0.0; 0.0;-10; 21.4;F;1;29;On;On;Off; 22.2; 21.9;0;0;792;0;792;0;607;0;-
2026/04/01;03:53:13;94;-; 52.30; 0.0;-; 13.7; 14.5; 0.0;-;-;1428;-0.2; 0.0; 0.0;-9; 21.5;F;1;29;On;On;Off; 22.2; 22.0;0;0;792;0;792;0;607;0;-
2026/04/01;03:54:13;94;-; 52.31; 0.0;-; 13.6; 14.3; 0.0;-;-;1428;-0.2; 0.0; 0.0;-10; 21.4;F;1;29;On;On;Off; 22.2; 21.9;0;0;792;0;792;0;607;0;-
2026/04/01;03:55:13;94;-; 52.31; 0.0;-; 13.6; 14.3; 0.0;-;-;1428;-0.2; 0.0; 0.0;-9; 21.4;F;1;29;On;On;Off; 22.3; 21.9;0;0;792;0;792;0;607;0;-
2026/04/01;03:56:13;94;-; 52.31; 0.0;-; 13.6; 14.2; 0.0;-;-;1428;-0.2; 0.0; 0.0;-9; 21.4;F;1;29;On;On;Off; 22.2; 21.9;0;0;792;0;792;0;607;0;-
2026/04/01;03:57:12;94;-; 52.31; 0.0;-; 13.6; 14.2; 0.0;-;-;1428;-0.2; 0.0; 0.0;-9; 21.4;F;1;29;On;On;Off; 22.2; 22.0;0;0;792;0;792;0;607;0;-
2026/04/01;03:58:12;94;-; 52.31; 0.0;-; 13.6; 14.2; 0.0;-;-;1428;-0.2; 0.0; 0.0;-9; 21.4;F;1;29;On;On;Off; 22.2; 21.9;0;0;792;0;792;0;607;0;-
2026/04/01;03:59:12;94;-; 52.30; 0.0;-; 13.5; 14.3; 0.0;-;-;1428;-0.2; 0.0; 0.0;-9; 21.4;F;1;29;On;On;Off; 22.2; 21.9;0;0;792;0;792;0;607;0;-
2026/04/01;04:00:12;94;-; 52.30; 0.0;-; 13.3; 14.2; 0.0;-;-;1428;-0.2; 0.0; 0.0;-9; 21.4;F;1;29;On;On;Off; 22.2; 21.9;0;0;792;0;792;0;607;0;-
2026/04/01;04:01:12;94;-; 52.31; 0.0;-; 13.5; 14.2; 0.0;-;-;1428;-0.2; 0.0; 0.0;-9; 21.4;F;1;29;On;On;Off; 22.2; 21.9;0;0;792;0;792;0;607;0;-
2026/04/01;04:02:12;94;-; 52.31; 0.0;-; 13.4; 13.9; 0.0;-;-;1428;-0.2; 0.0; 0.0;-9; 21.4;F;1;29;On;On;Off; 22.2; 21.9;0;0;792;0;792;0;607;0;-
2026/04/01;04:03:12;94;-; 52.31; 0.0;-; 13.5; 14.1; 0.0;-;-;1428;-0.2; 0.0; 0.0;-9; 21.4;F;1;29;On;On;Off; 22.2; 21.9;0;0;792;0;792;0;607;0;-
2026/04/01;04:04:12;94;-; 52.30; 0.0;-; 13.3; 14.0; 0.0;-;-;1428;-0.2; 0.0; 0.0;-9; 21.4;F;1;29;On;On;Off; 22.2; 21.9;0;0;792;0;792;0;607;0;-
2026/04/01;04:05:12;94;-; 52.31; 0.0;-; 13.2; 14.0; 0.0;-;-;1428;-0.2; 0.0; 0.0;-9; 21.4;F;1;29;On;On;Off; 22.2; 21.9;0;0;792;0;792;0;607;0;-
2026/04/01;04:06:12;94;-; 52.31; 0.0;-; 13.3; 14.0; 0.0;-;-;1428;-0.2; 0.0; 0.0;-9; 21.4;F;1;29;On;On;Off; 22.2; 21.9;0;0;792;0;792;0;607;0;-
2026/04/01;04:07:12;94;-; 52.30; 0.0;-; 13.4; 13.9; 0.0;-;-;1428;-0.2; 0.0; 0.0;-9; 21.4;F;1;29;On;On;Off; 22.2; 21.9;0;0;792;0;792;0;607;0;-
2026/04/01;04:08:12;94;-; 52.31; 0.0;-; 13.3; 14.0; 0.0;-;-;1428;-0.2; 0.0; 0.0;-9; 21.4;F;1;29;On;On;Off; 22.2; 21.9;0;0;792;0;792;0;607;0;-
2026/04/01;04:09:12;94;-; 52.31; 0.0;-; 13.3; 14.0; 0.0;-;-;1428;-0.2; 0.0; 0.0;-9; 21.4;F;1;29;On;On;Off; 22.2; 21.9;0;0;792;0;792;0;607;0;-
2026/04/01;04:10:12;94;-; 52.30; 0.0;-; 13.3; 14.0; 0.0;-;-;1428;-0.2; 0.0; 0.0;-8; 21.4;F;1;29;On;On;Off; 22.2; 21.9;0;0;792;0;792;0;607;0;-
2026/04/01;04:11:12;94;-; 52.31; 0.0;-; 13.3; 13.8; 0.0;-;-;1428;-0.2; 0.0; 0.0;-9; 21.4;F;1;29;On;On;Off; 22.2; 21.9;0;0;792;0;792;0;607;0;-
2026/04/01;04:12:11;94;-; 52.31; 0.0;-; 13.3; 13.9; 0.0;-;-;1428;-0.2; 0.0; 0.0;-9; 21.4;F;1;29;On;On;Off; 22.2; 21.9;0;0;792;0;792;0;607;0;-
2026/04/01;04:13:11;94;-; 52.30; 0.0;-; 13.2; 13.9; 0.0;-;-;1428;-0.2; 0.0; 0.0;-9; 21.4;F;1;29;On;On;Off; 22.2; 21.9;0;0;792;0;792;0;607;0;-
2026/04/01;04:14:11;94;-; 52.30; 0.0;-; 13.2; 13.9; 0.0;-;-;1428;-0.2; 0.0; 0.0;-10; 21.4;F;1;29;On;On;Off; 22.2; 21.9;0;0;792;0;792;0;607;0;-
2026/04/01;04:15:11;94;-; 52.31; 0.0;-; 13.3; 13.9; 0.0;-;-;1428;-0.2; 0.0; 0.0;-9; 21.4;F;1;29;On;On;Off; 22.2; 21.9;0;0;792;0;792;0;607;0;-
2026/04/01;04:16:11;94;-; 52.31; 0.0;-; 13.2; 14.0; 0.0;-;-;1428;-0.2; 0.0; 0.0;-9; 21.4;F;1;29;On;On;Off; 22.2; 21.9;0;0;792;0;792;0;607;0;-
2026/04/01;04:17:11;94;-; 52.31; 0.0;-; 13.2; 14.0; 0.0;-;-;1428;-0.2; 0.0; 0.0;-9; 21.4;F;1;29;On;On;Off; 22.2; 21.9;0;0;792;0;792;0;607;0;-
2026/04/01;04:18:11;94;-; 52.31; 0.0;-; 13.4; 13.9; 0.0;-;-;1428;-0.2; 0.0; 0.0;-9; 21.4;F;1;29;On;On;Off; 22.2; 21.9;0;0;792;0;792;0;607;0;-
2026/04/01;04:19:11;94;-; 52.30; 0.0;-; 13.3; 14.1; 0.0;-;-;1428;-0.2; 0.0; 0.0;-9; 21.4;F;1;29;On;On;Off; 22.2; 21.9;0;0;792;0;792;0;607;0;-
2026/04/01;04:20:11;94;-; 52.30; 0.0;-; 13.4; 14.1; 0.0;-;-;1428;-0.2; 0.0; 0.0;-9; 21.4;F;1;29;On;On;Off; 22.2; 21.9;0;0;792;0;792;0;607;0;-
2026/04/01;04:21:11;94;-; 52.31; 0.0;-; 13.4; 13.9; 0.0;-;-;1428;-0.2; 0.0; 0.0;-9; 21.4;F;1;29;On;On;Off; 22.2; 21.9;0;0;792;0;792;0;607;0;-
2026/04/01;04:22:11;94;-; 52.31; 0.0;-; 13.6; 14.1; 0.0;-;-;1428;-0.2; 0.0; 0.0;-9; 21.4;F;1;29;On;On;Off; 22.2; 21.9;0;0;792;0;792;0;607;0;-
2026/04/01;04:23:11;94;-; 52.30; 0.0;-; 13.6; 14.1; 0.0;-;-;1428;-0.2; 0.0; 0.0;-9; 21.4;F;1;29;On;On;Off; 22.2; 21.9;0;0;792;0;792;0;607;0;-
2026/04/01;04:24:11;94;-; 52.31; 0.0;-; 13.7; 14.1; 0.0;-;-;1428;-0.2; 0.0; 0.0;-9; 21.4;F;1;29;On;On;Off; 22.2; 21.9;0;0;792;0;792;0;607;0;-
2026/04/01;04:25:11;94;-; 52.30; 0.0;-; 13.8; 14.3; 0.0;-;-;1428;-0.2; 0.0; 0.0;-9; 21.4;F;1;29;On;On;Off; 22.2; 21.9;0;0;792;0;792;0;607;0;-
2026/04/01;04:26:11;94;-; 52.31; 0.0;-; 13.9; 14.4; 0.0;-;-;1428;-0.2; 0.0; 0.0;-9; 21.4;F;1;29;On;On;Off; 22.2; 21.9;0;0;792;0;792;0;607;0;-
2026/04/01;04:27:11;94;-; 52.31; 0.0;-; 14.0; 14.5; 0.0;-;-;1428;-0.2; 0.0; 0.0;-9; 21.4;F;1;29;On;On;Off; 22.2; 21.9;0;0;792;0;792;0;607;0;-
2026/04/01;04:28:10;94;-; 52.31; 0.0;-; 14.1; 14.6; 0.0;-;-;1428;-0.2; 0.0; 0.0;-9; 21.4;F;1;29;On;On;Off; 22.2; 21.9;0;0;792;0;792;0;607;0;-
2026/04/01;04:29:10;94;-; 52.31; 0.0;-; 14.3; 14.6; 0.0;-;-;1428;-0.2; 0.0; 0.0;-9; 21.4;F;1;29;On;On;Off; 22.2; 21.9;0;0;792;0;792;0;607;0;-
2026/04/01;04:30:10;94;-; 52.31; 0.0;-; 14.4; 14.8; 0.0;-;-;1428;-0.2; 0.0; 0.0;-9; 21.4;F;1;29;On;On;Off; 22.2; 21.9;0;0;792;0;792;0;607;0;-
2026/04/01;04:31:10;94;-; 52.31; 0.0;-; 14.6; 15.0; 0.0;-;-;1428;-0.2; 0.0; 0.0;-10; 21.4;F;1;29;On;On;Off; 22.2; 21.9;0;0;792;0;792;0;607;0;-
2026/04/01;04:32:10;94;-; 52.31; 0.0;-; 14.8; 15.0; 0.0;-;-;1428;-0.2; 0.0; 0.0;-9; 21.4;F;1;29;On;On;Off; 22.2; 21.9;0;0;792;0;792;0;607;0;-
2026/04/01;04:33:10;94;-; 52.31; 0.0;-; 14.9; 15.1; 0.0;-;-;1428;-0.2; 0.0; 0.0;-9; 21.4;F;1;29;On;On;Off; 22.2; 21.9;0;0;792;0;792;0;607;0;-
2026/04/01;04:34:10;94;-; 52.31; 0.0;-; 15.2; 15.3; 0.0;-;-;1428;-0.2; 0.0; 0.0;-9; 21.4;F;1;29;On;On;Off; 22.2; 21.9;0;0;792;0;792;0;607;0;-
2026/04/01;04:35:10;94;-; 52.30; 0.0;-; 15.3; 15.2; 0.0;-;-;1428;-0.2; 0.0; 0.0;-10; 21.4;F;1;29;On;On;Off; 22.2; 21.9;0;0;792;0;792;0;607;0;-
2026/04/01;04:36:10;94;-; 52.31; 0.0;-; 15.4; 15.4; 0.0;-;-;1428;-0.2; 0.0; 0.0;-10; 21.4;F;1;29;On;On;Off; 22.2; 21.9;0;0;792;0;792;0;607;0;-
2026/04/01;04:37:10;94;-; 52.31; 0.0;-; 15.7; 15.6; 0.0;-;-;1428;-0.2; 0.0; 0.0;-10; 21.4;F;1;29;On;On;Off; 22.2; 21.9;0;0;792;0;792;0;607;0;-
2026/04/01;04:38:10;94;-; 52.30; 0.0;-; 16.0; 15.8; 0.0;-;-;1428;-0.2; 0.0; 0.0;-10; 21.4;F;1;29;On;On;Off; 22.2; 21.9;0;0;792;0;792;0;607;0;-
2026/04/01;04:39:10;94;-; 52.31; 0.0;-; 16.4; 16.4; 0.0;-;-;1428;-0.2; 0.0; 0.0;-10; 21.4;F;1;29;On;On;Off; 22.2; 21.9;0;0;792;0;792;0;607;0;-
2026/04/01;04:40:10;94;-; 52.31; 0.0;-; 16.9; 16.7; 0.0;-;-;1428;-0.2; 0.0; 0.0;-9; 21.4;F;1;29;On;On;Off; 22.2; 21.9;0;0;792;0;792;0;607;0;-
2026/04/01;04:41:10;94;-; 52.30; 0.0;-; 17.3; 17.2; 0.0;-;-;1429;-0.2; 0.0; 0.0;-10; 21.4;F;1;29;On;On;Off; 22.2; 21.9;0;0;792;0;792;0;607;0;-
2026/04/01;04:42:10;94;-; 52.31; 0.0;-; 18.0; 17.8; 0.0;-;-;1429;-0.2; 0.0; 0.0;-10; 21.4;F;1;29;On;On;Off; 22.2; 21.9;0;0;792;0;792;0;607;0;-
2026/04/01;04:43:10;94;-; 52.31; 0.0;-; 18.8; 18.3; 0.0;-;-;1429;-0.2; 0.0; 0.0;-9; 21.4;F;1;29;On;On;Off; 22.2; 21.9;0;0;792;0;792;0;607;0;-
2026/04/01;04:44:09;94;-; 52.31; 0.0;-; 19.5; 19.1; 0.0;-;-;1429;-0.2; 0.0; 0.0;-9; 21.4;F;1;29;On;On;Off; 22.2; 21.9;0;0;792;0;792;0;607;0;-
2026/04/01;04:45:09;94;-; 52.30; 0.0;-; 20.3; 19.7; 0.0;-;-;1429;-0.2; 0.0; 0.0;-10; 21.4;F;1;29;On;On;Off; 22.2; 21.9;0;0;792;0;792;0;607;0;-
2026/04/01;04:46:09;94;-; 52.30; 0.0;-; 21.0; 20.4; 0.0;-;-;1429;-0.2; 0.0; 0.0;-9; 21.4;F;1;29;On;On;Off; 22.2; 21.9;0;0;792;0;792;0;607;0;-
2026/04/01;04:47:09;94;-; 52.31; 0.0;-; 21.8; 21.2; 0.0;-;-;1429;-0.2; 0.0; 0.0;-9; 21.4;F;1;29;On;On;Off; 22.2; 21.9;0;0;792;0;792;0;607;0;-
2026/04/01;04:48:09;94;-; 52.31; 0.0;-; 22.8; 22.1; 0.0;-;-;1429;-0.2; 0.0; 0.0;-9; 21.4;F;1;29;On;On;Off; 22.2; 21.9;0;0;792;0;792;0;607;0;-
2026/04/01;04:49:09;94;-; 52.31; 0.0;-; 23.8; 23.0; 0.0;-;-;1429;-0.2; 0.0; 0.0;-9; 21.4;F;1;29;On;On;Off; 22.2; 21.9;0;0;792;0;792;0;607;0;-
2026/04/01;04:50:09;94;-; 52.31; 0.0;-; 24.8; 23.9; 0.0;-;-;1429;-0.2; 0.0; 0.0;-9; 21.4;F;1;29;On;On;Off; 22.2; 21.9;0;0;792;0;792;0;607;0;-
2026/04/01;04:51:09;94;-; 52.31; 0.0;-; 25.9; 24.8; 0.0;-;-;1429;-0.2; 0.0; 0.0;-9; 21.4;F;1;29;On;On;Off; 22.2; 21.9;0;0;792;0;792;0;607;0;-
2026/04/01;04:52:09;94;-; 52.31; 0.0;-; 27.1; 25.9; 0.0;-;-;1429;-0.2; 0.0; 0.0;-9; 21.4;F;1;29;On;On;Off; 22.2; 21.9;0;0;792;0;792;0;607;0;-
2026/04/01;04:53:09;94;-; 52.31; 0.0;-; 28.2; 26.9; 0.0;-;-;1429;-0.2; 0.0; 0.0;-9; 21.4;F;1;29;On;On;Off; 22.2; 21.9;0;0;792;0;792;0;607;0;-
2026/04/01;04:54:09;94;-; 52.31; 0.0;-; 29.4; 28.1; 0.0;-;-;1429;-0.2; 0.0; 0.0;-9; 21.4;F;1;29;On;On;Off; 22.2; 21.9;0;0;792;0;792;0;607;0;-
2026/04/01;04:55:09;94;-; 52.31; 0.0;-; 30.7; 29.4; 0.0;-;-;1429;-0.2; 0.0; 0.0;-9; 21.4;F;1;29;On;On;Off; 22.2; 21.9;0;0;792;0;792;0;607;0;-
2026/04/01;04:56:09;94;-; 52.31; 0.0;-; 32.1; 30.5; 0.0;-;-;1429;-0.2; 0.0; 0.0;-9; 21.4;F;1;29;On;On;Off; 22.2; 21.9;0;0;792;0;792;0;607;0;-
2026/04/01;04:57:09;94;-; 52.31; 0.0;-; 33.3; 31.8; 0.0;-;-;1429;-0.2; 0.0; 0.0;-9; 21.4;F;1;29;On;On;Off; 22.2; 21.9;0;0;792;0;792;0;607;0;-
2026/04/01;04:58:09;94;-; 52.31; 0.0;-; 34.5; 33.0; 0.0;-;-;1429;-0.2; 0.0; 0.0;-9; 21.4;F;1;29;On;On;Off; 22.2; 21.9;0;0;792;0;792;0;607;0;-
2026/04/01;04:59:09;94;-; 52.31; 0.0;-; 35.8; 34.1; 0.0;-;-;1429;-0.2; 0.0; 0.0;-9; 21.4;F;1;29;On;On;Off; 22.2; 21.9;0;0;792;0;792;0;607;0;-
2026/04/01;05:00:08;94;-; 52.31; 0.0;-; 37.2; 35.4; 0.0;-;-;1429;-0.2; 0.0; 0.0;-9; 21.4;F;1;29;On;On;Off; 22.2; 21.9;0;0;792;0;792;0;607;0;-
2026/04/01;05:01:08;94;-; 52.31; 0.0;-; 38.6; 36.7; 0.0;-;-;1429;-0.2; 0.0; 0.0;-9; 21.4;F;1;29;On;On;Off; 22.2; 21.9;0;0;792;0;792;0;607;0;-
2026/04/01;05:02:08;94;-; 52.31; 0.0;-; 39.9; 38.0; 0.0;-;-;1429;-0.2; 0.0; 0.0;-9; 21.5;F;1;29;On;On;Off; 22.2; 21.9;0;0;792;0;792;0;607;0;-
2026/04/01;05:03:08;94;-; 52.31; 0.0;-; 41.2; 39.2; 0.0;-;-;1429;-0.2; 0.0; 0.0;-9; 21.5;F;1;29;On;On;Off; 22.2; 21.9;0;0;792;0;792;0;607;0;-
2026/04/01;05:04:08;94;-; 52.30; 0.0;-; 42.6; 40.4; 0.0;-;-;1429;-0.2; 0.0; 0.0;-9; 21.5;F;1;29;On;On;Off; 22.2; 21.9;0;0;792;0;792;0;607;0;-
2026/04/01;05:05:08;94;-; 52.31; 0.0;-; 43.9; 41.9; 0.0;-;-;1429;-0.2; 0.0; 0.0;-9; 21.5;F;1;29;On;On;Off; 22.2; 21.9;0;0;792;0;792;0;607;0;-
2026/04/01;05:06:08;94;-; 52.31; 0.0;-; 45.2; 43.2; 0.0;-;-;1429;-0.2; 0.0; 0.0;-9; 21.5;F;1;29;On;On;Off; 22.2; 21.9;0;0;792;0;792;0;607;0;-
2026/04/01;05:07:08;94;-; 52.31; 0.0;-; 46.4; 44.4; 0.0;-;-;1429;-0.2; 0.0; 0.0;-9; 21.5;F;1;29;On;On;Off; 22.2; 21.9;0;0;792;0;792;0;607;0;-
2026/04/01;05:08:08;94;-; 52.31; 0.0;-; 47.6; 45.8; 0.0;-;-;1429;-0.2; 0.0; 0.0;-9; 21.5;F;1;29;On;On;Off; 22.2; 21.9;0;0;792;0;792;0;607;0;-
2026/04/01;05:09:08;94;-; 52.31; 0.0;-; 48.9; 47.3; 0.0;-;-;1429;-0.2; 0.0; 0.0;-9; 21.5;F;1;29;On;On;Off; 22.2; 21.9;0;0;792;0;792;0;607;0;-
2026/04/01;05:10:08;94;-; 52.31; 0.0;-; 50.0; 48.2; 0.0;-;-;1429;-0.2; 0.0; 0.0;-9; 21.5;F;1;29;On;On;Off; 22.2; 21.9;0;0;792;0;792;0;607;0;-
2026/04/01;05:11:08;94;-; 52.31; 0.0;-; 51.1; 49.5; 0.0;-;-;1429;-0.2; 0.0; 0.0;-9; 21.5;F;1;29;On;On;Off; 22.2; 21.9;0;0;792;0;792;0;607;0;-
2026/04/01;05:12:08;94;-; 52.31; 0.0;-; 52.3; 50.8; 0.0;-;-;1429;-0.2; 0.0; 0.0;-9; 21.5;F;1;29;On;On;Off; 22.2; 21.9;0;0;792;0;792;0;607;0;-
2026/04/01;05:13:08;94;-; 52.31; 0.0;-; 53.4; 51.9; 0.0;-;-;1429;-0.2; 0.0; 0.0;-9; 21.5;F;1;29;On;On;Off; 22.2; 21.9;0;0;792;0;792;0;607;0;-
2026/04/01;05:14:08;94;-; 52.31; 0.0;-; 54.5; 53.2; 0.0;-;-;1429;-0.2; 0.0; 0.0;-10; 21.5;F;1;29;On;On;Off; 22.2; 21.9;0;0;792;0;792;0;607;0;-
2026/04/01;05:15:08;94;-; 52.31; 0.0;-; 55.5; 54.2; 0.0;-;-;1429;-0.2; 0.0; 0.0;-10; 21.5;F;1;29;On;On;Off; 22.2; 21.9;0;0;792;0;792;0;607;0;-
2026/04/01;05:16:07;94;-; 52.31; 0.0;-; 56.4; 55.3; 0.0;-;-;1429;-0.2; 0.0; 0.0;-10; 21.5;F;1;29;On;On;Off; 22.2; 21.9;0;0;792;0;792;0;607;0;-
2026/04/01;05:17:07;94;-; 52.31; 0.0;-; 57.3; 56.2; 0.0;-;-;1429;-0.2; 0.0; 0.0;-10; 21.5;F;1;29;On;On;Off; 22.2; 21.9;0;0;792;0;792;0;607;0;-
2026/04/01;05:18:07;94;-; 52.31; 0.0;-; 58.1; 57.0; 0.0;-;-;1429;-0.2; 0.0; 0.0;-9; 21.5;F;1;29;On;On;Off; 22.2; 21.9;0;0;792;0;792;0;607;0;-
2026/04/01;05:19:07;94;-; 52.30; 0.0;-; 58.9; 58.0; 0.0;-;-;1429;-0.2; 0.0; 0.0;-9; 21.5;F;1;29;On;On;Off; 22.2; 21.9;0;0;792;0;792;0;607;0;-
2026/04/01;05:20:07;94;-; 52.30; 0.0;-; 59.7; 58.8; 0.0;-;-;1429;-0.2; 0.0; 0.0;-9; 21.5;F;1;29;On;On;Off; 22.2; 21.9;0;0;792;0;792;0;607;0;-
2026/04/01;05:21:07;94;-; 52.31; 0.0;-; 60.6; 59.6; 0.0;-;-;1429;-0.2; 0.0; 0.0;-9; 21.5;F;1;29;On;On;Off; 22.2; 21.9;0;0;792;0;792;0;607;0;-
2026/04/01;05:22:07;94;-; 52.31; 0.0;-; 61.1; 60.3; 0.0;-;-;1429;-0.2; 0.0; 0.0;-9; 21.5;F;1;29;On;On;Off; 22.2; 21.9;0;0;792;0;792;0;607;0;-
2026/04/01;05:23:07;94;-; 52.31; 0.0;-; 61.7; 61.0; 0.0;-;-;1429;-0.2; 0.0; 0.0;-10; 21.5;F;1;29;On;On;Off; 22.2; 21.9;0;0;792;0;792;0;607;0;-
2026/04/01;05:24:07;93;-; 52.31; 0.0;-; 62.3; 61.6; 0.0;-;-;1429;-0.2; 0.0; 0.0;-9; 21.5;F;1;29;On;On;Off; 22.2; 21.9;0;0;792;0;792;0;607;0;-
2026/04/01;05:25:07;93;-; 52.31; 0.0;-; 62.8; 62.2; 0.0;-;-;1429;-0.2; 0.0; 0.0;-9; 21.5;F;1;29;On;On;Off; 22.2; 21.9;0;0;792;0;792;0;607;0;-
2026/04/01;05:26:07;93;-; 52.31; 0.0;-; 63.4; 62.7; 0.0;-;-;1429;-0.2; 0.0; 0.0;-9; 21.5;F;1;29;On;On;Off; 22.2; 21.9;0;0;792;0;792;0;607;0;-
2026/04/01;05:27:07;93;-; 52.31; 0.0;-; 63.8; 63.3; 0.0;-;-;1429;-0.2; 0.0; 0.0;-10; 21.5;F;1;29;On;On;Off; 22.2; 21.9;0;0;792;0;792;0;607;0;-
2026/04/01;05:28:07;93;-; 52.31; 0.0;-; 64.4; 63.7; 0.0;-;-;1429;-0.2; 0.0; 0.0;-10; 21.5;F;1;29;On;On;Off; 22.2; 21.9;0;0;792;0;792;0;607;0;-
2026/04/01;05:29:07;93;-; 52.31; 0.0;-; 64.8; 64.1; 0.0;-;-;1429;-0.2; 0.0; 0.0;-9; 21.5;F;1;29;On;On;Off; 22.2; 21.9;0;0;792;0;792;0;607;0;-
2026/04/01;05:30:07;93;-; 52.30; 0.0;-; 65.1; 64.6; 0.0;-;-;1429;-0.2; 0.0; 0.0;-9; 21.5;F;1;29;On;On;Off; 22.2; 21.9;0;0;792;0;792;0;607;0;-
2026/04/01;05:31:07;93;-; 52.31; 0.0;-; 65.5; 65.0; 0.0;-;-;1429;-0.2; 0.0; 0.0;-9; 21.5;F;1;29;On;On;Off; 22.2; 21.9;0;0;792;0;792;0;607;0;-
2026/04/01;05:32:06;93;-; 52.31; 0.0;-; 65.9; 65.4; 0.0;-;-;1429;-0.2; 0.0; 0.0;-9; 21.5;F;1;29;On;On;Off; 22.2; 21.9;0;0;792;0;792;0;607;0;-
2026/04/01;05:33:06;93;-; 52.31; 0.0;-; 66.3; 65.8; 0.0;-;-;1429;-0.2; 0.0; 0.0;-10; 21.5;F;1;29;On;On;Off; 22.2; 21.9;0;0;792;0;792;0;607;0;-
2026/04/01;05:34:06;93;-; 52.30; 0.0;-; 66.8; 66.1; 0.0;-;-;1429;-0.2; 0.0; 0.0;-9; 21.5;F;1;29;On;On;Off; 22.2; 21.9;0;0;792;0;792;0;607;0;-
2026/04/01;05:35:06;93;-; 52.30; 0.0;-; 67.0; 66.4; 0.0;-;-;1429;-0.2; 0.0; 0.0;-9; 21.5;F;1;29;On;On;Off; 22.2; 21.9;0;0;792;0;792;0;607;0;-
2026/04/01;05:36:06;93;-; 52.31; 0.0;-; 67.2; 66.7; 0.0;-;-;1429;-0.2; 0.0; 0.0;-9; 21.5;F;1;29;On;On;Off; 22.2; 21.9;0;0;792;0;792;0;607;0;-
2026/04/01;05:37:06;93;-; 52.30; 0.0;-; 67.5; 67.1; 0.0;-;-;1429;-0.2; 0.0; 0.0;-10; 21.5;F;1;29;On;On;Off; 22.2; 21.9;0;0;792;0;792;0;607;0;-
2026/04/01;05:38:06;93;-; 52.28; 0.0;-; 67.8; 67.2; 0.0;-;-;1429;-0.2; 0.0; 0.0;-9; 21.5;F;1;29;On;On;Off; 22.2; 21.9;0;0;792;0;792;0;607;0;-
2026/04/01;05:39:06;93;-; 52.33; 0.0;-; 67.8; 67.4; 0.0;-;-;1429;-0.2; 0.0; 0.0;-10; 21.5;F;1;29;On;On;Off; 22.2; 21.9;0;0;792;0;792;0;607;1;-
2026/04/01;05:40:06;93;-; 52.31; 0.0;-; 68.1; 67.7; 0.0;-;-;1429;-0.2; 0.0; 0.0;-9; 21.5;F;1;29;On;On;Off; 22.2; 21.9;0;0;792;0;792;0;607;1;-
2026/04/01;05:41:06;93;-; 52.33; 0.0;-; 68.4; 68.1; 0.0;-;-;1430;-0.2; 0.0; 0.0;-10; 21.5;F;1;29;On;On;Off; 22.2; 21.9;0;0;792;0;792;0;607;1;-
2026/04/01;05:42:06;93;-; 52.33; 0.0;-; 68.6; 68.4; 0.0;-;-;1430;-0.2; 0.0; 0.0;-10; 21.5;F;1;29;On;On;Off; 22.2; 21.9;0;0;792;0;792;0;607;1;-
2026/04/01;05:43:06;93;-; 52.30; 0.0;-; 68.8; 68.6; 0.0;-;-;1430;-0.2; 0.0; 0.0;-9; 21.5;F;1;29;On;On;Off; 22.2; 21.9;0;0;792;0;792;0;607;1;-
2026/04/01;05:44:06;93;-; 52.31; 0.0;-; 69.0; 68.8; 0.0;-;-;1430;-0.2; 0.0; 0.0;-9; 21.5;F;1;29;On;On;Off; 22.2; 21.9;0;0;792;0;792;0;607;1;-
2026/04/01;05:45:06;93;-; 52.31; 0.0;-; 69.3; 69.1; 0.0;-;-;1430;-0.2; 0.0; 0.0;-9; 21.5;F;1;29;On;On;Off; 22.2; 21.9;0;0;792;0;792;0;607;1;-
2026/04/01;05:46:06;93;-; 52.30; 0.0;-; 69.4; 69.3; 0.0;-;-;1430;-0.2; 0.0; 0.0;-9; 21.5;F;1;29;On;On;Off; 22.2; 21.9;0;0;792;0;792;0;607;1;-
2026/04/01;05:47:06;93;-; 52.31; 0.0;-; 69.8; 69.4; 0.0;-;-;1430;-0.2; 0.0; 0.0;-9; 21.5;F;1;29;On;On;Off; 22.2; 21.9;0;0;792;0;792;0;607;1;-
2026/04/01;05:48:05;93;-; 52.30; 0.0;-; 69.9; 69.7; 0.0;-;-;1430;-0.2; 0.0; 0.0;-9; 21.5;F;1;29;On;On;Off; 22.2; 21.9;0;0;792;0;792;0;607;1;-
2026/04/01;05:49:05;93;-; 52.31; 0.0;-; 70.0; 69.9; 0.0;-;-;1430;-0.2; 0.0; 0.0;-9; 21.5;F;1;29;On;On;Off; 22.2; 21.9;0;0;792;0;792;0;607;1;-
2026/04/01;05:50:05;93;-; 52.31; 0.0;-; 70.2; 70.1; 0.0;-;-;1430;-0.2; 0.0; 0.0;-9; 21.4;F;1;29;On;On;Off; 22.2; 21.9;0;0;792;0;792;0;607;1;-
2026/04/01;05:51:05;93;-; 52.30; 0.0;-; 70.5; 70.2; 0.0;-;-;1430;-0.2; 0.0; 0.0;-9; 21.5;F;1;29;On;On;Off; 22.2; 21.9;0;0;792;0;792;0;607;1;-
2026/04/01;05:52:05;93;-; 52.26; 0.3;-; 68.1; 68.0; 16.1; 8.4; 7.7;1430;-0.1; 0.1; 0.1;-6; 21.5;F;1;29;On;On;Off; 24.0; 22.3;0;0;792;0;792;0;607;1;-
2026/04/01;05:53:05;93;-; 52.22; 0.2;-; 70.7; 67.9; 9.0; 0.7; 8.4;1430; 0.0; 0.3; 0.3;0; 21.5;F;1;29;On;On;Off; 24.7; 24.2;0;0;792;0;792;0;607;1;-
2026/04/01;05:54:05;93;-; 52.24; 0.0;-; 70.9; 70.6; 0.7; 0.7; 0.0;1430;-0.1; 0.1; 0.1;-6; 21.4;F;1;29;On;On;Off; 23.1; 23.1;0;0;792;0;792;0;607;1;-
2026/04/01;05:55:05;93;-; 52.22; 0.2;-; 68.1; 70.7; 9.8; 9.8; 0.0;1430;-0.2; 0.0; 0.0;-9; 21.5;F;1;29;On;On;Off; 23.9; 22.5;0;0;792;0;792;0;607;1;-
2026/04/01;05:56:05;93;-; 52.18; 0.4;-; 68.0; 67.9; 18.9; 9.8; 9.1;1430; 0.0; 0.3; 0.3;1; 21.5;F;1;29;On;On;Off; 25.0; 24.4;0;0;792;0;792;0;607;1;-
2026/04/01;05:57:05;93;-; 52.20; 0.0;-; 71.0; 70.9; 0.7; 0.7; 0.0;1430; 0.0; 0.3; 0.3;0; 21.4;F;1;29;On;On;Off; 23.8; 24.7;0;0;792;0;792;0;607;1;-
2026/04/01;05:58:05;93;-; 52.20; 0.0;-; 71.2; 70.9; 0.0; 0.0; 0.0;1430;-0.2; 0.0; 0.0;-10; 21.4;F;1;29;On;On;Off; 23.3; 23.0;0;0;792;0;792;0;607;1;-
2026/04/01;05:59:05;93;-; 52.18; 0.4;-; 68.1; 67.9; 19.6; 10.5; 9.1;1430;-0.0; 0.2; 0.2;-1; 21.5;F;1;29;On;On;Off; 25.1; 24.2;0;0;792;0;792;0;607;1;-
2026/04/01;06:00:05;93;-; 52.18; 0.2;-; 71.1; 67.9; 10.4; 0.7; 9.8;1430; 0.1; 0.4; 0.4;4; 21.5;F;1;29;On;On;Off; 24.8; 25.2;0;0;792;0;792;0;607;1;-
2026/04/01;06:01:05;93;-; 52.18; 0.0;-; 71.2; 71.1; 0.7; 0.7; 0.0;1430;-0.1; 0.1; 0.1;-7; 21.4;F;1;29;On;On;Off; 23.8; 23.5;0;0;792;0;792;0;607;1;-
2026/04/01;06:02:05;93;-; 52.18; 0.4;-; 68.1; 67.8; 21.7; 11.2; 10.5;1430;-0.1; 0.1; 0.1;-5; 21.5;F;1;29;On;On;Off; 25.1; 23.3;0;0;792;0;792;0;607;1;-
2026/04/01;06:03:05;93;-; 52.18; 0.4;-; 68.1; 67.9; 21.7; 11.2; 10.5;1430; 0.2; 0.4; 0.4;8; 21.5;F;1;29;On;On;Off; 25.8; 25.3;0;0;792;0;792;0;607;1;-
2026/04/01;06:04:04;93;-; 52.20; 0.0;-; 71.4; 71.2; 0.0; 0.0; 0.0;1430;-0.0; 0.2; 0.2;-1; 21.5;F;1;29;On;On;Off; 24.3; 24.4;0;1;793;1;793;0;607;1;-
2026/04/01;06:05:04;93;-; 52.18; 0.2;-; 67.9; 71.4; 11.9; 11.9; 0.0;1430;-0.2; 0.0; 0.0;-9; 21.5;F;1;29;On;On;Off; 24.6; 23.5;0;1;793;1;793;0;607;1;-
2026/04/01;06:06:04;93;-; 52.20; 0.4;-; 68.0; 67.9; 23.0; 11.9; 11.2;1430; 0.1; 0.3; 0.3;5; 21.5;F;1;29;On;On;Off; 25.9; 25.2;0;1;793;1;793;0;607;1;-
2026/04/01;06:07:04;93;-; 52.18; 0.2;-; 71.6; 67.9; 11.9; 0.0; 11.9;1430; 0.1; 0.3; 0.3;7; 21.5;F;1;29;On;On;Off; 24.8; 25.7;0;1;793;1;793;0;607;1;-
2026/04/01;06:08:04;93;-; 52.20; 0.0;-; 71.7; 71.5; 0.0; 0.0; 0.0;1430;-0.2; 0.0; 0.0;-9; 21.5;F;1;29;On;On;Off; 24.2; 23.9;0;1;793;1;793;0;607;1;-
2026/04/01;06:09:04;93;-; 52.20; 0.5;-; 68.0; 67.9; 24.5; 12.6; 11.9;1430;-0.0; 0.2; 0.2;0; 21.5;F;1;29;On;On;Off; 25.9; 24.7;0;1;793;1;793;0;607;1;-
2026/04/01;06:10:04;93;-; 52.20; 0.2;-; 71.8; 67.9; 12.5; 0.7; 11.9;1430; 0.3; 0.4; 0.4;13; 21.5;F;1;29;On;On;Off; 25.9; 25.9;0;1;793;1;793;0;607;1;-
2026/04/01;06:11:04;93;-; 52.20; 0.0;-; 72.0; 71.8; 0.0; 0.0; 0.0;1430;-0.1; 0.1; 0.1;-4; 21.5;F;1;29;On;On;Off; 24.6; 24.3;0;1;793;1;793;0;607;1;-
2026/04/01;06:12:04;93;-; 52.22; 0.3;-; 68.2; 71.9; 14.0; 14.0; 0.0;1430;-0.1; 0.1; 0.1;-5; 21.5;F;1;29;On;On;Off; 25.7; 23.9;0;1;793;1;793;0;607;1;-
2026/04/01;06:13:04;93;-; 52.24; 0.5;-; 68.1; 67.9; 27.3; 14.0; 13.3;1430; 0.3; 0.5; 0.5;16; 21.5;F;1;29;On;On;Off; 26.4; 25.9;0;1;793;1;793;0;607;1;-
2026/04/01;06:14:04;93;-; 52.24; 0.0;-; 72.3; 72.3; 0.0; 0.0; 0.0;1430; 0.2; 0.3; 0.3;8; 21.5;F;1;29;On;On;Off; 25.0; 25.4;0;1;793;1;793;0;607;1;-
2026/04/01;06:15:04;93;-; 52.24; 0.3;-; 68.1; 72.2; 15.4; 15.4; 0.0;1430;-0.2; 0.0; 0.0;-10; 21.5;F;1;29;On;On;Off; 24.7; 24.1;0;1;793;1;793;0;607;1;-
2026/04/01;06:16:04;93;-; 52.30; 0.5;-; 69.2; 68.0; 28.7; 14.0; 14.7;1430; 0.3; 0.4; 0.4;13; 21.5;F;1;29;On;On;Off; 26.4; 25.7;0;1;793;1;793;0;607;1;-
2026/04/01;06:17:04;93;-; 52.30; 0.3;-; 72.1; 68.0; 14.7; 0.7; 14.0;1430; 0.3; 0.5; 0.5;17; 21.5;F;1;29;On;On;Off; 25.5; 26.3;0;1;793;1;793;0;607;1;-
2026/04/01;06:18:04;93;-; 52.28; 0.0;-; 71.9; 71.6; 0.0; 0.0; 0.0;1430;-0.1; 0.1; 0.1;-6; 21.5;F;1;29;On;On;Off; 24.8; 24.5;0;1;793;1;793;0;607;1;-
2026/04/01;06:19:03;93;-; 52.28; 0.5;-; 68.1; 67.9; 25.9; 13.3; 12.6;1430;-0.0; 0.2; 0.2;-2; 21.5;F;1;29;On;On;Off; 26.3; 24.8;0;1;793;1;793;0;607;1;-
2026/04/01;06:20:03;93;-; 52.28; 0.3;-; 71.6; 68.1; 13.3; 0.7; 12.6;1430; 0.3; 0.5; 0.5;13; 21.5;F;1;29;On;On;Off; 26.8; 26.3;0;1;793;1;793;0;607;1;-
2026/04/01;06:21:03;93;-; 52.24; 0.0;-; 71.8; 71.5; 0.7; 0.7; 0.0;1430;-0.0; 0.2; 0.2;-2; 21.5;F;1;29;On;On;Off; 25.1; 25.0;0;1;793;1;793;0;607;1;-
2026/04/01;06:22:03;93;-; 52.24; 0.3;-; 68.5; 71.7; 13.3; 13.3; 0.0;1430;-0.1; 0.1; 0.1;-7; 21.5;F;1;29;On;On;Off; 25.9; 24.4;0;1;793;1;793;0;607;1;-
2026/04/01;06:23:03;93;-; 52.30; 0.5;-; 68.2; 69.9; 23.8; 14.0; 9.8;1430; 0.3; 0.4; 0.4;14; 21.5;F;1;29;On;On;Off; 26.8; 26.2;0;1;793;1;793;0;607;1;-
2026/04/01;06:24:03;93;-; 52.30; 0.0;-; 72.0; 71.9; 0.7; 0.7; 0.0;1430; 0.2; 0.4; 0.4;9; 21.5;F;1;29;On;On;Off; 25.5; 26.2;0;1;793;1;793;0;607;1;-
2026/04/01;06:25:03;93;-; 52.28; 0.0;-; 71.5; 71.8; 0.7; 0.7; 0.0;1430;-0.2; 0.0; 0.0;-10; 21.5;F;1;29;On;On;Off; 25.0; 24.6;0;1;793;1;793;0;607;1;-
2026/04/01;06:26:03;93;-; 52.28; 0.5;-; 68.1; 68.5; 24.5; 13.3; 11.2;1430; 0.1; 0.3; 0.3;6; 21.5;F;1;29;On;On;Off; 26.7; 25.9;0;1;793;1;793;0;607;1;-
2026/04/01;06:27:03;93;-; 52.30; 0.2;-; 71.6; 68.1; 12.6; 0.0; 12.6;1430; 0.2; 0.4; 0.4;11; 21.5;F;1;29;On;On;Off; 26.1; 26.7;0;1;793;1;793;0;607;1;-
2026/04/01;06:28:03;93;-; 52.28; 0.0;-; 71.6; 71.5; 0.0; 0.0; 0.0;1430;-0.1; 0.1; 0.1;-6; 21.5;F;1;29;On;On;Off; 25.2; 24.9;0;1;793;1;793;0;607;1;-
2026/04/01;06:29:03;93;-; 52.28; 0.5;-; 68.8; 68.0; 23.8; 11.9; 11.9;1430;-0.1; 0.1; 0.1;-4; 21.5;F;1;29;On;On;Off; 26.5; 24.7;0;1;793;1;793;0;607;1;-
2026/04/01;06:30:03;93;-; 52.28; 0.5;-; 68.3; 68.0; 25.9; 13.3; 12.6;1430; 0.3; 0.5; 0.5;14; 21.5;F;1;29;On;On;Off; 27.1; 26.6;0;1;793;1;793;0;607;1;-
2026/04/01;06:31:03;93;-; 52.28; 0.0;-; 72.1; 72.0; 0.7; 0.7; 0.0;1430; 0.0; 0.2; 0.2;1; 21.5;F;1;29;On;On;Off; 25.5; 25.5;0;1;793;1;793;0;607;1;-
2026/04/01;06:32:03;93;-; 52.30; 0.3;-; 68.2; 72.3; 16.1; 16.1; 0.0;1430;-0.2; 0.1; 0.1;-8; 21.5;F;1;29;On;On;Off; 25.9; 24.7;0;1;793;1;793;0;607;1;-
2026/04/01;06:33:03;93;-; 52.33; 0.5;-; 70.2; 68.1; 28.8; 12.6; 16.1;1430; 0.4; 0.5; 0.5;19; 21.5;F;1;29;On;On;Off; 27.0; 26.4;0;1;793;1;793;0;607;1;-
2026/04/01;06:34:03;93;-; 52.33; 0.0;-; 72.5; 72.3; 0.0; 0.0; 0.0;1430; 0.4; 0.5; 0.5;19; 21.5;F;1;29;On;On;Off; 25.8; 26.8;0;1;793;1;793;0;607;1;-
2026/04/01;06:35:02;93;-; 52.31; 0.0;-; 72.7; 72.5; 0.0; 0.0; 0.0;1430;-0.2; 0.0; 0.0;-8; 21.4;F;1;29;On;On;Off; 25.2; 24.9;0;1;793;1;793;0;607;1;-
2026/04/01;06:36:02;93;-; 52.39; 0.6;-; 68.4; 70.1; 32.3; 18.3; 14.1;1430; 0.3; 0.3; 0.3;12; 21.5;F;1;29;On;On;Off; 26.9; 25.9;0;1;793;1;793;0;607;1;-
2026/04/01;06:37:02;93;-; 52.43; 0.7;-; 68.5; 68.3; 35.9; 18.3; 17.6;1430; 0.7; 0.7; 0.7;38; 21.5;F;1;29;On;On;Off; 27.4; 26.8;0;1;793;1;793;0;607;1;-
2026/04/01;06:38:02;93;-; 52.49; 0.7;-; 68.5; 68.3; 36.6; 18.3; 18.3;1430; 0.7; 0.7; 0.7;36; 21.5;F;1;29;On;On;Off; 27.6; 27.1;0;1;793;1;793;0;607;1;-
2026/04/01;06:39:02;93;-; 52.55; 0.7;-; 68.5; 68.4; 36.6; 18.3; 18.3;1430; 0.7; 0.7; 0.7;37; 21.5;F;1;29;On;On;Off; 27.8; 27.3;0;1;793;1;793;0;607;1;-
2026/04/01;06:40:02;93;-; 52.59; 0.6;-; 70.6; 68.3; 31.8; 14.1; 17.6;1430; 0.7; 0.7; 0.7;38; 21.5;F;1;29;On;On;Off; 27.9; 27.4;0;1;793;1;793;0;607;1;-
2026/04/01;06:41:02;93;-; 52.63; 0.7;-; 68.7; 68.5; 34.6; 17.7; 16.9;1431; 0.7; 0.7; 0.7;35; 21.5;F;1;29;On;On;Off; 28.1; 27.6;0;1;793;1;793;0;607;1;-
2026/04/01;06:42:02;93;-; 52.63; 0.6;-; 68.7; 69.5; 33.2; 17.7; 15.5;1431; 0.6; 0.6; 0.6;31; 21.4;F;1;29;On;On;Off; 28.2; 27.7;0;1;793;1;793;0;607;1;-
2026/04/01;06:43:02;93;-; 52.63; 0.3;-; 68.7; 72.8; 18.3; 18.3; 0.0;1431; 0.4; 0.5; 0.5;20; 21.4;F;1;29;On;On;Off; 28.2; 26.1;0;1;793;1;793;0;607;1;-
2026/04/01;06:44:02;93;-; 52.63; 0.4;-; 68.7; 72.8; 23.2; 19.0; 4.2;1431; 0.3; 0.4; 0.4;13; 21.4;F;1;29;On;On;Off; 28.0; 25.8;0;1;793;1;793;0;607;1;-
2026/04/01;06:45:02;93;-; 52.73; 0.7;-; 70.4; 68.5; 37.5; 17.7; 19.8;1431; 0.7; 0.7; 0.7;36; 21.4;F;1;29;On;On;Off; 28.2; 27.6;0;1;793;1;793;0;607;1;-
2026/04/01;06:46:02;93;-; 52.81; 0.8;-; 68.9; 68.8; 43.2; 21.9; 21.3;1431; 0.9; 0.8; 0.8;46; 21.5;F;1;29;On;On;Off; 28.4; 27.8;0;1;793;1;793;0;607;1;-
2026/04/01;06:47:02;93;-; 52.87; 0.8;-; 69.1; 69.9; 40.4; 21.3; 19.1;1431; 0.9; 0.8; 0.8;49; 21.5;F;1;29;On;On;Off; 28.5; 28.0;0;1;793;1;793;0;607;1;-
2026/04/01;06:48:02;93;-; 52.93; 0.8;-; 69.1; 68.8; 41.9; 21.3; 20.6;1431; 0.9; 0.8; 0.8;48; 21.4;F;1;29;On;On;Off; 28.6; 28.1;0;1;793;1;793;0;607;1;-
2026/04/01;06:49:02;93;-; 53.01; 0.8;-; 69.1; 69.0; 44.7; 22.7; 22.0;1431; 1.0; 0.8; 0.8;50; 21.5;F;1;29;On;On;Off; 28.7; 28.2;0;1;793;1;793;0;607;1;-
2026/04/01;06:50:02;93;-; 53.08; 0.8;-; 69.3; 69.2; 44.1; 22.1; 22.1;1431; 1.0; 0.8; 0.8;53; 21.5;F;1;29;On;On;Off; 28.8; 28.3;0;1;793;1;793;0;607;1;-
2026/04/01;06:51:01;93;-; 53.16; 0.9;-; 69.4; 69.2; 45.6; 23.5; 22.1;1431; 1.0; 0.8; 0.8;54; 21.5;F;1;29;On;On;Off; 28.9; 28.4;0;1;793;1;793;0;607;1;-
2026/04/01;06:52:01;93;-; 53.22; 0.8;-; 70.9; 69.4; 42.1; 19.2; 22.8;1431; 1.0; 0.9; 0.9;54; 21.5;F;1;29;On;On;Off; 29.0; 28.4;0;1;793;1;793;0;607;1;-
2026/04/01;06:53:01;93;-; 53.30; 0.9;-; 69.6; 69.5; 45.7; 22.8; 22.8;1431; 1.1; 0.9; 0.9;55; 21.5;F;1;29;On;On;Off; 29.1; 28.5;0;1;793;1;793;0;607;1;-
2026/04/01;06:54:01;93;-; 53.38; 0.9;-; 69.7; 69.6; 47.9; 24.3; 23.6;1431; 1.1; 0.9; 0.9;57; 21.5;F;1;29;On;On;Off; 29.1; 28.6;0;1;793;1;793;0;607;1;-
2026/04/01;06:55:01;93;-; 53.46; 0.8;-; 69.8; 70.9; 43.7; 24.4; 19.3;1431; 1.1; 0.9; 0.9;57; 21.5;F;1;29;On;On;Off; 29.2; 28.7;0;1;793;1;793;0;607;1;-
2026/04/01;06:56:01;93;-; 53.52; 0.9;-; 69.8; 69.8; 46.6; 23.7; 22.9;1431; 1.1; 0.9; 0.9;57; 21.5;F;1;29;On;On;Off; 29.3; 28.8;0;1;793;1;793;0;607;1;-
2026/04/01;06:57:01;93;-; 53.60; 0.8;-; 71.4; 69.8; 43.8; 20.1; 23.7;1431; 1.1; 0.9; 0.9;56; 21.5;F;1;29;On;On;Off; 29.3; 28.8;0;1;793;1;793;0;607;1;-
2026/04/01;06:58:01;93;-; 53.68; 0.9;-; 70.1; 69.9; 49.7; 25.2; 24.5;1431; 1.1; 0.9; 0.9;58; 21.5;F;1;29;On;On;Off; 29.4; 28.9;0;1;793;1;793;0;607;1;-
2026/04/01;06:59:01;93;-; 53.81; 1.0;-; 70.1; 70.1; 52.7; 26.7; 26.0;1431; 1.2; 0.9; 0.9;65; 21.5;F;1;29;On;On;Off; 29.5; 29.0;0;1;793;1;793;0;607;1;-
2026/04/01;07:00:01;93;-; 53.93; 1.0;-; 70.4; 70.2; 53.5; 26.7; 26.7;1431; 1.3; 1.0; 1.0;71; 21.5;F;1;29;On;On;Off; 29.6; 29.0;0;1;793;1;793;0;607;1;-
2026/04/01;07:01:01;93;-; 54.01; 1.0;-; 70.5; 70.3; 51.5; 26.1; 25.4;1431; 1.3; 1.0; 1.0;68; 21.5;F;1;29;On;On;Off; 29.6; 29.1;0;1;793;1;793;0;607;1;-
2026/04/01;07:02:01;93;-; 54.09; 1.0;-; 70.6; 70.5; 51.5; 26.1; 25.4;1431; 1.2; 0.9; 0.9;64; 21.5;F;1;29;On;On;Off; 29.7; 29.2;0;1;793;1;793;0;607;1;-
2026/04/01;07:03:01;93;-; 54.17; 1.0;-; 71.2; 70.6; 52.3; 26.2; 26.2;1431; 1.2; 0.9; 0.9;65; 21.5;F;1;29;On;On;Off; 29.7; 29.2;0;1;793;1;793;0;607;1;-
2026/04/01;07:04:01;93;-; 54.29; 1.0;-; 70.9; 70.7; 54.6; 27.7; 26.9;1431; 1.3; 1.0; 1.0;69; 21.5;F;1;29;On;On;Off; 29.8; 29.3;0;1;793;1;793;0;607;1;-
2026/04/01;07:05:01;93;-; 54.39; 1.0;-; 71.0; 70.8; 54.7; 27.7; 27.0;1431; 1.3; 1.0; 1.0;71; 21.5;F;1;29;On;On;Off; 29.8; 29.3;0;1;793;1;793;0;607;1;-
2026/04/01;07:06:00;94;-; 54.43; 0.9;-; 72.1; 70.9; 49.6; 22.6; 27.0;1431; 1.3; 1.0; 1.0;68; 21.6;F;1;29;On;On;Off; 29.9; 29.4;0;1;793;1;793;0;607;1;-
2026/04/01;07:07:00;94;-; 54.51; 0.9;-; 71.2; 72.0; 49.7; 27.0; 22.7;1431; 1.2; 0.9; 0.9;66; 21.6;F;1;29;On;On;Off; 30.0; 29.4;0;1;793;1;793;0;607;1;-
2026/04/01;07:08:00;94;-; 54.58; 0.9;-; 72.3; 71.0; 48.3; 22.0; 26.3;1431; 1.3; 1.0; 1.0;67; 21.6;F;1;29;On;On;Off; 30.0; 29.5;0;1;793;1;793;0;607;1;-
2026/04/01;07:09:00;94;-; 54.66; 0.9;-; 71.3; 71.1; 51.3; 25.7; 25.7;1431; 1.2; 0.9; 0.9;65; 21.6;F;1;29;On;On;Off; 30.1; 29.5;0;1;793;1;793;0;607;1;-
2026/04/01;07:10:00;94;-; 54.68; 1.0;-; 71.4; 71.3; 52.1; 26.4; 25.7;1431; 1.2; 0.9; 0.9;63; 21.6;F;1;29;On;On;Off; 30.1; 29.6;0;1;793;1;793;0;607;1;-
2026/04/01;07:11:00;94;-; 54.82; 1.0;-; 71.6; 71.4; 55.1; 28.0; 27.2;1431; 1.3; 1.0; 1.0;68; 21.6;F;1;29;On;On;Off; 30.1; 29.6;0;1;793;1;793;0;607;1;-
2026/04/01;07:12:00;94;-; 55.04; 1.0;-; 71.8; 72.8; 53.1; 29.5; 23.6;1431; 1.4; 1.0; 1.0;75; 21.6;F;1;29;On;On;Off; 30.2; 29.7;0;1;793;1;793;0;607;1;-
2026/04/01;07:13:00;94;-; 55.22; 1.0;-; 72.0; 71.9; 57.7; 28.9; 28.9;1431; 1.5; 1.1; 1.1;80; 21.6;F;1;29;On;On;Off; 30.2; 29.7;0;1;793;1;793;0;607;1;-
2026/04/01;07:14:00;94;-; 55.18; 1.0;-; 72.0; 71.9; 54.0; 27.4; 26.6;1431; 1.4; 1.0; 1.0;74; 21.6;F;1;29;On;On;Off; 30.3; 29.8;0;1;793;1;793;0;607;1;-
2026/04/01;07:15:00;94;-; 55.18; 0.9;-; 72.0; 71.9; 51.8; 25.9; 25.9;1431; 1.2; 0.9; 0.9;67; 21.6;F;1;29;On;On;Off; 30.3; 29.8;0;1;793;1;793;0;607;1;-
2026/04/01;07:16:00;94;-; 55.22; 0.9;-; 73.2; 71.9; 48.8; 21.5; 27.4;1431; 1.2; 0.9; 0.9;65; 21.6;F;1;29;On;On;Off; 30.4; 29.8;0;1;793;1;793;0;607;1;-
2026/04/01;07:17:00;94;-; 55.51; 1.0;-; 72.5; 72.2; 58.0; 29.0; 29.0;1431; 1.3; 1.0; 1.0;71; 21.6;F;1;29;On;On;Off; 30.4; 29.9;0;1;793;1;793;0;607;1;-
2026/04/01;07:18:00;94;-; 55.77; 1.0;-; 72.9; 72.5; 57.6; 29.2; 28.4;1431; 1.4; 1.0; 1.0;76; 21.6;F;1;29;On;On;Off; 30.4; 29.9;0;1;793;1;793;0;607;1;-
2026/04/01;07:19:00;94;-; 55.97; 1.0;-; 73.0; 73.0; 58.5; 29.3; 29.3;1431; 1.4; 1.0; 1.0;75; 21.6;F;1;29;On;On;Off; 30.5; 30.0;0;1;793;1;793;0;607;1;-
2026/04/01;07:20:00;94;-; 56.08; 1.0;-; 73.2; 73.2; 57.2; 28.6; 28.6;1431; 1.4; 1.0; 1.0;75; 21.6;F;1;29;On;On;Off; 30.5; 30.0;0;1;793;1;793;0;607;1;-
2026/04/01;07:21:00;94;-; 56.10; 1.0;-; 73.2; 73.1; 54.9; 27.8; 27.1;1431; 1.3; 1.0; 1.0;71; 21.6;F;1;29;On;On;Off; 30.6; 30.1;0;1;793;1;793;0;607;1;-
2026/04/01;07:21:59;95;-; 56.22; 0.8;-; 73.3; 74.5; 45.2; 28.7; 16.6;1431; 1.3; 1.0; 1.0;69; 21.7;F;1;29;On;On;Off; 30.6; 30.1;0;1;793;1;793;0;607;1;-
2026/04/01;07:22:59;95;-; 56.48; 1.0;-; 73.8; 73.6; 56.0; 28.0; 28.0;1431; 1.3; 1.0; 1.0;71; 21.6;F;1;29;On;On;Off; 30.6; 30.1;0;1;793;1;793;0;607;1;-
2026/04/01;07:23:59;95;-; 56.50; 1.0;-; 73.8; 73.6; 53.8; 26.5; 27.3;1431; 1.2; 1.0; 1.0;68; 21.7;F;1;29;On;On;Off; 30.7; 30.2;0;1;793;1;793;0;607;1;-
2026/04/01;07:24:59;95;-; 56.42; 0.9;-; 73.7; 73.5; 53.0; 26.5; 26.5;1431; 1.2; 0.9; 0.9;64; 21.6;F;1;29;On;On;Off; 30.7; 30.2;0;1;793;1;793;0;607;1;-
2026/04/01;07:25:59;95;-; 56.48; 0.9;-; 73.9; 73.5; 53.1; 26.5; 26.5;1431; 1.1; 0.9; 0.9;62; 21.7;F;1;29;On;On;Off; 30.8; 30.2;0;1;793;1;793;0;607;1;-
2026/04/01;07:26:59;95;-; 56.54; 0.7;-; 75.1; 73.7; 40.1; 12.9; 27.3;1431; 1.1; 0.9; 0.9;63; 21.7;F;1;29;On;On;Off; 30.8; 30.3;0;1;793;1;793;1;608;1;-
2026/04/01;07:27:59;95;-; 56.54; 0.6;-; 75.9; 73.6; 32.6; 3.8; 28.8;1431; 1.1; 0.9; 0.9;61; 21.7;F;1;29;On;On;Off; 30.8; 30.3;0;1;793;1;793;1;608;1;-
2026/04/01;07:28:59;95;-; 56.56; 1.0;-; 73.9; 73.9; 57.7; 28.8; 28.8;1431; 1.1; 0.9; 0.9;59; 21.7;F;1;29;On;On;Off; 30.9; 30.4;0;1;793;1;793;1;608;1;-
2026/04/01;07:29:59;95;-; 56.52; 0.7;-; 75.1; 73.8; 38.7; 12.1; 26.6;1431; 1.1; 0.9; 0.9;58; 21.7;F;1;29;On;On;Off; 30.9; 30.4;0;1;793;1;793;1;608;1;-
2026/04/01;07:30:59;95;-; 56.52; 1.0;-; 73.7; 73.6; 54.6; 27.3; 27.3;1431; 1.0; 0.8; 0.8;58; 21.7;F;1;29;On;On;Off; 30.9; 30.4;0;1;793;1;793;1;608;1;-
2026/04/01;07:31:59;95;-; 56.54; 0.6;-; 73.9; 75.6; 33.3; 29.6; 3.8;1431; 1.0; 0.8; 0.8;55; 21.7;F;1;29;On;On;Off; 30.9; 30.4;0;1;793;1;793;1;608;1;-
2026/04/01;07:32:59;96;-; 56.58; 0.9;-; 74.5; 74.6; 48.6; 25.8; 22.8;1431; 1.0; 0.8; 0.8;55; 21.7;F;1;29;On;On;Off; 31.0; 30.4;0;1;793;1;793;1;608;1;-
2026/04/01;07:33:59;96;-; 56.58; 0.8;-; 73.9; 75.4; 43.2; 33.4; 9.9;1431; 1.0; 0.8; 0.8;54; 21.7;F;1;29;On;On;Off; 31.0; 30.5;0;1;793;1;793;1;608;1;-
2026/04/01;07:34:59;96;-; 56.56; 0.7;-; 75.6; 73.7; 41.7; 8.3; 33.4;1431; 1.0; 0.8; 0.8;52; 21.7;F;1;29;On;On;Off; 31.1; 30.5;0;1;793;1;793;1;608;1;-
2026/04/01;07:35:59;96;-; 56.56; 0.8;-; 74.0; 75.4; 42.5; 30.4; 12.1;1431; 0.9; 0.8; 0.8;52; 21.7;F;1;29;On;On;Off; 31.1; 30.5;0;2;794;2;794;1;608;1;-
2026/04/01;07:36:58;96;-; 56.58; 0.8;-; 74.7; 74.6; 47.0; 25.8; 21.2;1431; 0.9; 0.8; 0.8;51; 21.7;F;1;29;On;On;Off; 31.1; 30.6;0;2;794;2;794;1;608;1;-
2026/04/01;07:37:58;96;-; 56.56; 0.8;-; 74.9; 73.8; 44.8; 17.5; 27.3;1431; 0.9; 0.8; 0.8;50; 21.7;F;1;29;On;On;Off; 31.1; 30.6;0;2;794;2;794;1;608;1;-
2026/04/01;07:38:58;96;-; 56.54; 0.7;-; 75.4; 73.9; 40.9; 17.4; 23.5;1431; 0.9; 0.8; 0.8;50; 21.7;F;1;29;On;On;Off; 31.1; 30.6;0;2;794;2;794;1;608;1;-
2026/04/01;07:39:58;96;-; 56.56; 0.7;-; 74.7; 74.2; 41.0; 17.5; 23.5;1431; 0.9; 0.8; 0.8;49; 21.7;F;1;29;On;On;Off; 31.1; 30.6;0;2;794;2;794;1;608;1;-
2026/04/01;07:40:58;96;-; 56.54; 0.7;-; 74.3; 74.5; 41.7; 21.2; 20.4;1432; 0.9; 0.8; 0.8;47; 21.7;F;1;29;On;On;Off; 31.2; 30.6;0;2;794;2;794;1;608;1;-
2026/04/01;07:41:58;96;-; 56.56; 0.8;-; 74.7; 74.7; 44.8; 23.5; 21.2;1432; 0.9; 0.8; 0.8;47; 21.7;F;1;29;On;On;Off; 31.2; 30.6;0;2;794;2;794;1;608;1;-
2026/04/01;07:42:58;96;-; 56.56; 0.8;-; 75.2; 74.7; 47.0; 20.5; 26.6;1432; 0.9; 0.8; 0.8;47; 21.7;F;1;29;On;On;Off; 31.2; 30.7;0;2;794;2;794;1;608;1;-
2026/04/01;07:43:58;96;-; 56.56; 0.7;-; 74.3; 76.0; 40.2; 34.9; 5.3;1432; 0.8; 0.7; 0.7;47; 21.7;F;1;29;On;On;Off; 31.2; 30.7;0;2;794;2;794;1;608;1;-
2026/04/01;07:44:58;97;-; 56.54; 0.6;-; 74.2; 76.7; 32.6; 29.6; 3.0;1432; 0.8; 0.7; 0.7;46; 21.7;F;1;29;On;On;Off; 31.3; 30.7;0;2;794;2;794;1;608;1;-
2026/04/01;07:45:58;97;-; 56.58; 0.8;-; 76.1; 73.7; 43.2; 4.5; 38.7;1432; 0.8; 0.7; 0.7;46; 21.7;F;1;29;On;On;Off; 31.3; 30.7;0;2;794;2;794;1;608;1;-
2026/04/01;07:46:58;97;-; 56.58; 0.8;-; 75.2; 75.3; 44.0; 31.1; 12.9;1432; 0.8; 0.7; 0.7;46; 21.7;F;1;29;On;On;Off; 31.3; 30.8;0;2;794;2;794;1;608;1;-
2026/04/01;07:47:58;97;-; 56.56; 0.7;-; 75.2; 74.9; 41.0; 17.5; 23.5;1432; 0.8; 0.7; 0.7;45; 21.7;F;1;29;On;On;Off; 31.3; 30.8;0;2;794;2;794;1;608;1;-
2026/04/01;07:48:58;97;-; 56.56; 0.7;-; 75.9; 74.0; 41.7; 4.5; 37.2;1432; 0.8; 0.7; 0.7;45; 21.7;F;1;29;On;On;Off; 31.3; 30.8;0;2;794;2;794;1;608;1;-
2026/04/01;07:49:58;97;-; 56.56; 0.7;-; 75.9; 75.1; 37.2; 17.5; 19.7;1432; 0.8; 0.7; 0.7;44; 21.7;F;1;29;On;On;Off; 31.3; 30.8;0;2;794;2;794;1;608;1;-
2026/04/01;07:50:58;97;-; 56.56; 0.7;-; 76.6; 73.8; 41.8; 0.0; 41.8;1432; 0.8; 0.7; 0.7;43; 21.7;F;1;29;On;On;Off; 31.4; 30.8;0;2;794;2;794;1;608;1;-
2026/04/01;07:51:57;97;-; 56.56; 0.8;-; 74.8; 75.4; 44.0; 22.8; 21.2;1432; 0.8; 0.7; 0.7;43; 21.7;F;1;29;On;On;Off; 31.4; 30.8;0;2;794;2;794;1;608;1;-
2026/04/01;07:52:57;97;-; 56.56; 0.6;-; 75.7; 74.9; 35.6; 11.4; 24.2;1432; 0.8; 0.7; 0.7;42; 21.7;F;1;29;On;On;Off; 31.4; 30.8;0;2;794;2;794;1;608;1;-
2026/04/01;07:53:57;97;-; 56.56; 0.7;-; 76.1; 74.0; 37.2; 3.0; 34.2;1432; 0.8; 0.7; 0.7;41; 21.7;F;1;29;On;On;Off; 31.4; 30.9;0;2;794;2;794;1;608;1;-
2026/04/01;07:54:57;97;-; 56.56; 0.7;-; 75.7; 75.3; 38.7; 17.5; 21.2;1432; 0.8; 0.7; 0.7;41; 21.7;F;1;29;On;On;Off; 31.4; 30.9;0;2;794;2;794;1;608;1;-
2026/04/01;07:55:57;97;-; 56.56; 0.8;-; 74.0; 76.7; 42.5; 42.5; 0.0;1432; 0.7; 0.7; 0.7;41; 21.7;F;1;29;On;On;Off; 31.4; 30.9;0;2;794;2;794;1;608;1;-
2026/04/01;07:56:57;98;-; 56.56; 0.8;-; 74.3; 75.7; 43.2; 38.0; 5.3;1432; 0.7; 0.7; 0.7;40; 21.6;F;1;29;On;On;Off; 31.4; 30.9;0;2;794;2;794;1;608;1;-
2026/04/01;07:57:57;98;-; 56.56; 0.8;-; 76.0; 74.3; 44.8; 8.3; 36.4;1432; 0.7; 0.7; 0.7;40; 21.7;F;1;29;On;On;Off; 31.4; 30.9;0;2;794;2;794;1;608;1;-
2026/04/01;07:58:57;98;-; 56.58; 0.7;-; 76.6; 73.7; 40.9; 0.0; 40.9;1432; 0.7; 0.7; 0.7;40; 21.6;F;1;29;On;On;Off; 31.4; 30.9;0;2;794;2;794;1;608;1;-
2026/04/01;07:59:57;98;-; 56.56; 0.6;-; 74.7; 76.3; 35.6; 28.0; 7.6;1432; 0.7; 0.7; 0.7;40; 21.6;F;1;29;On;On;Off; 31.4; 30.9;0;2;794;2;794;1;608;1;-
2026/04/01;08:00:57;98;-; 56.56; 0.8;-; 75.8; 74.4; 42.5; 9.9; 32.6;1432; 0.7; 0.7; 0.7;39; 21.6;F;1;29;On;On;Off; 31.4; 30.9;0;2;794;2;794;1;608;1;-
2026/04/01;08:01:57;98;-; 56.56; 0.7;-; 76.1; 74.5; 40.2; 7.6; 32.6;1432; 0.7; 0.7; 0.7;39; 21.6;F;1;29;On;On;Off; 31.5; 30.9;0;2;794;2;794;1;608;1;-
2026/04/01;08:02:57;98;-; 56.56; 0.7;-; 76.0; 74.7; 41.7; 10.6; 31.1;1432; 0.7; 0.7; 0.7;39; 21.6;F;1;29;On;On;Off; 31.5; 30.9;0;2;794;2;794;1;608;1;-
2026/04/01;08:03:57;98;-; 56.56; 0.6;-; 76.5; 74.5; 36.4; 0.7; 35.6;1432; 0.7; 0.7; 0.7;38; 21.6;F;1;29;On;On;Off; 31.5; 31.0;0;2;794;2;794;1;608;1;-
2026/04/01;08:04:57;98;-; 56.56; 0.7;-; 75.6; 75.3; 37.1; 12.9; 24.2;1432; 0.7; 0.7; 0.7;38; 21.6;F;1;29;On;On;Off; 31.5; 31.0;0;2;794;2;794;1;608;1;-
2026/04/01;08:05:57;98;-; 56.58; 0.7;-; 74.4; 76.4; 40.2; 28.8; 11.4;1432; 0.7; 0.7; 0.7;38; 21.6;F;1;29;On;On;Off; 31.5; 31.0;0;2;794;2;794;1;608;1;-
2026/04/01;08:06:56;98;-; 56.58; 0.7;-; 74.1; 76.4; 38.7; 30.4; 8.3;1432; 0.7; 0.7; 0.7;38; 21.6;F;1;29;On;On;Off; 31.5; 31.0;0;2;794;2;794;1;608;1;-
2026/04/01;08:07:56;98;-; 56.56; 0.5;-; 74.6; 76.7; 30.4; 30.4; 0.0;1432; 0.7; 0.7; 0.7;38; 21.6;F;1;29;On;On;Off; 31.5; 31.0;0;2;794;2;794;1;608;1;-
2026/04/01;08:08:56;99;-; 56.56; 0.7;-; 74.7; 75.7; 39.4; 34.9; 4.5;1432; 0.7; 0.7; 0.7;37; 21.6;F;1;29;On;On;Off; 31.5; 31.0;0;2;794;2;794;1;608;1;-
2026/04/01;08:09:56;99;-; 56.56; 0.7;-; 75.8; 74.7; 37.2; 7.6; 29.6;1432; 0.7; 0.7; 0.7;37; 21.6;F;1;29;On;On;Off; 31.5; 31.0;0;2;794;2;794;1;608;1;-
2026/04/01;08:10:56;99;-; 56.56; 0.7;-; 76.3; 73.7; 39.4; 0.0; 39.4;1432; 0.7; 0.7; 0.7;37; 21.6;F;1;29;On;On;Off; 31.5; 31.0;0;2;794;2;794;1;608;1;-
2026/04/01;08:11:56;99;-; 56.56; 0.6;-; 74.6; 76.0; 35.6; 31.1; 4.5;1432; 0.7; 0.7; 0.7;37; 21.6;F;1;29;On;On;Off; 31.5; 31.0;0;2;794;2;794;1;608;1;-
2026/04/01;08:12:56;99;-; 56.56; 0.7;-; 74.0; 76.2; 38.0; 38.0; 0.0;1432; 0.7; 0.7; 0.7;37; 21.6;F;1;29;On;On;Off; 31.6; 31.0;0;2;794;2;794;1;608;1;-
2026/04/01;08:13:56;99;-; 56.56; 0.7;-; 75.8; 74.1; 41.0; 10.6; 30.4;1432; 0.7; 0.7; 0.7;37; 21.6;F;1;29;On;On;Off; 31.6; 31.1;0;2;794;2;794;1;608;1;-
2026/04/01;08:14:56;99;-; 56.56; 0.7;-; 74.0; 76.5; 38.7; 38.7; 0.0;1432; 0.7; 0.7; 0.7;36; 21.6;F;1;29;On;On;Off; 31.6; 31.1;0;2;794;2;794;1;608;1;-
2026/04/01;08:15:56;99;-; 56.56; 0.7;-; 74.9; 75.6; 37.2; 25.8; 11.4;1432; 0.7; 0.7; 0.7;36; 21.6;F;1;29;On;On;Off; 31.6; 31.1;0;2;794;2;794;1;608;1;-
2026/04/01;08:16:56;99;-; 56.56; 0.5;-; 75.7; 75.5; 31.1; 13.7; 17.5;1432; 0.7; 0.7; 0.7;36; 21.6;F;1;29;On;On;Off; 31.6; 31.1;0;2;794;2;794;1;608;1;-
2026/04/01;08:17:56;99;-; 56.56; 0.6;-; 74.0; 76.4; 35.6; 34.9; 0.7;1432; 0.7; 0.7; 0.7;36; 21.6;F;1;29;On;On;Off; 31.6; 31.1;0;2;794;2;794;1;608;1;-
2026/04/01;08:18:56;99;-; 56.56; 0.6;-; 74.4; 76.3; 34.9; 34.9; 0.0;1432; 0.6; 0.7; 0.7;36; 21.6;F;1;29;On;On;Off; 31.6; 31.1;0;2;794;2;794;1;608;1;-
2026/04/01;08:19:56;99;-; 56.58; 0.6;-; 76.5; 74.7; 31.8; 5.3; 26.6;1432; 0.7; 0.7; 0.7;36; 21.6;F;1;29;On;On;Off; 31.6; 31.1;0;2;794;2;794;1;608;1;-
2026/04/01;08:20:56;99;-; 56.56; 0.6;-; 75.9; 75.5; 36.4; 9.1; 27.3;1432; 0.6; 0.6; 0.6;36; 21.6;F;1;29;On;On;Off; 31.6; 31.1;0;2;794;2;794;1;608;1;-
2026/04/01;08:21:55;100;-; 56.58; 0.7;-; 75.2; 76.5; 37.1; 31.8; 5.3;1432; 0.6; 0.6; 0.6;35; 21.6;F;1;29;On;On;Off; 31.7; 31.1;0;2;794;2;794;1;608;1;-
2026/04/01;08:22:55;100;-; 56.58; 0.7;-; 76.6; 74.9; 39.4; 0.0; 39.4;1432; 0.6; 0.6; 0.6;35; 21.6;F;1;29;On;On;Off; 31.7; 31.2;0;2;794;2;794;1;608;1;-
2026/04/01;08:23:55;100;-; 56.58; 0.8;-; 73.8; 77.5; 44.8; 44.8; 0.0;1432; 0.6; 0.6; 0.6;35; 21.6;F;1;29;On;On;Off; 31.7; 31.2;0;2;794;2;794;1;608;1;-
2026/04/01;08:24:55;100;-; 56.58; 0.7;-; 76.7; 74.7; 38.7; 0.0; 38.7;1432; 0.6; 0.6; 0.6;34; 21.6;F;1;29;On;On;Off; 31.7; 31.2;0;2;794;2;794;1;608;1;-
2026/04/01;08:25:55;100;-; 56.56; 0.6;-; 74.8; 77.1; 32.6; 26.6; 6.1;1432; 0.6; 0.6; 0.6;35; 21.6;F;1;29;On;On;Off; 31.7; 31.2;0;2;794;2;794;1;608;1;-
2026/04/01;08:26:55;100;-; 56.56; 0.8;-; 77.0; 74.7; 46.3; 0.0; 46.3;1432; 0.6; 0.6; 0.6;34; 21.6;F;1;29;On;On;Off; 31.7; 31.2;0;2;794;2;794;1;608;1;-
2026/04/01;08:27:55;100;-; 56.58; 0.6;-; 75.2; 76.6; 35.6; 32.6; 3.0;1432; 0.6; 0.6; 0.6;34; 21.6;F;1;29;On;On;Off; 31.7; 31.2;0;2;794;2;794;1;608;1;-
2026/04/01;08:28:55;100;-; 56.56; 0.6;-; 75.6; 76.6; 36.4; 20.5; 15.9;1432; 0.6; 0.6; 0.6;34; 21.6;F;1;29;On;On;Off; 31.7; 31.2;0;2;794;2;794;1;608;1;-
2026/04/01;08:29:55;100;-; 56.56; 0.7;-; 75.3; 77.0; 39.4; 39.4; 0.0;1432; 0.6; 0.6; 0.6;34; 21.6;F;1;29;On;On;Off; 31.7; 31.2;0;2;794;2;794;1;608;1;-
2026/04/01;08:30:55;100;-; 56.56; 0.6;-; 75.7; 77.2; 31.8; 31.8; 0.0;1432; 0.6; 0.6; 0.6;33; 21.6;F;1;29;On;On;Off; 31.8; 31.2;0;2;794;2;794;1;608;1;-
2026/04/01;08:31:55;100;-; 56.56; 0.5;-; 77.2; 75.9; 31.0; 6.8; 24.2;1432; 0.6; 0.6; 0.6;34; 21.6;F;1;29;On;On;Off; 31.7; 31.3;0;2;794;2;794;1;608;1;-
2026/04/01;08:32:55;100;-; 56.56; 0.9;-; 74.7; 77.4; 50.8; 50.8; 0.0;1432; 0.6; 0.6; 0.6;33; 21.6;F;1;29;On;On;Off; 31.8; 31.2;0;2;794;2;794;1;608;1;-
2026/04/01;08:33:55;100;-; 56.58; 1.1;-; 74.1; 77.7; 62.2; 62.2; 0.0;1432; 0.6; 0.6; 0.6;33; 21.6;F;1;29;On;On;Off; 31.7; 31.3;0;2;794;2;794;1;608;1;-
2026/04/01;08:34:55;100;-; 56.56; 1.0;-; 74.9; 77.2; 55.4; 55.4; 0.0;1432; 0.6; 0.6; 0.6;33; 21.6;F;1;29;On;On;Off; 31.8; 31.3;0;2;794;2;794;1;608;1;-
2026/04/01;08:35:55;100;-; 56.56; 0.9;-; 75.4; 77.4; 48.6; 48.6; 0.0;1432; 0.6; 0.6; 0.6;33; 21.6;F;1;29;On;On;Off; 31.8; 31.3;0;2;794;2;794;1;608;1;-
2026/04/01;08:36:55;100;-; 56.58; 0.7;-; 77.2; 74.9; 39.4; 3.0; 36.4;1432; 0.6; 0.6; 0.6;33; 21.6;F;1;29;On;On;Off; 31.8; 31.3;0;2;794;2;794;1;608;1;-
2026/04/01;08:37:54;100;-; 56.58; 0.9;-; 77.5; 74.0; 50.8; 0.0; 50.8;1432; 0.6; 0.6; 0.6;33; 21.6;F;1;29;On;On;Off; 31.8; 31.3;0;2;794;2;794;1;608;1;-
2026/04/01;08:38:54;100;-; 56.58; 0.7;-; 75.4; 76.5; 37.9; 35.6; 2.3;1432; 0.6; 0.6; 0.6;33; 21.6;F;1;29;On;On;Off; 31.8; 31.3;0;2;794;2;794;1;608;1;-
2026/04/01;08:39:54;100;-; 56.56; 0.9;-; 77.7; 74.7; 48.6; 0.0; 48.6;1432; 0.6; 0.6; 0.6;33; 21.6;F;1;29;On;On;Off; 31.8; 31.3;0;2;794;2;794;1;608;1;-
2026/04/01;08:40:54;100;-; 56.56; 0.5;-; 76.8; 76.3; 30.3; 8.3; 22.0;1433; 0.6; 0.6; 0.6;33; 21.6;F;1;29;On;On;Off; 31.8; 31.3;0;2;794;2;794;1;608;1;-
2026/04/01;08:41:54;100;-; 56.56; 0.6;-; 76.0; 76.9; 35.6; 35.6; 0.0;1433; 0.6; 0.6; 0.6;33; 21.6;F;1;29;On;On;Off; 31.8; 31.3;0;2;794;2;794;1;608;1;-
2026/04/01;08:42:54;100;-; 56.58; 0.9;-; 75.4; 77.1; 49.4; 49.4; 0.0;1433; 0.6; 0.6; 0.6;33; 21.6;F;1;29;On;On;Off; 31.8; 31.3;0;2;794;2;794;1;608;1;-
2026/04/01;08:43:54;100;-; 56.58; 1.0;-; 74.8; 77.2; 56.1; 56.1; 0.0;1433; 0.6; 0.6; 0.6;33; 21.6;F;1;29;On;On;Off; 31.8; 31.3;0;2;794;2;794;1;608;1;-
2026/04/01;08:44:54;100;-; 56.56; 1.0;-; 74.7; 77.3; 53.9; 53.9; 0.0;1433; 0.6; 0.6; 0.6;32; 21.6;F;1;29;On;On;Off; 31.8; 31.3;0;2;794;2;794;1;608;1;-
2026/04/01;08:45:54;100;-; 56.58; 1.1;-; 74.8; 77.8; 61.5; 61.5; 0.0;1433; 0.6; 0.6; 0.6;33; 21.6;F;1;29;On;On;Off; 31.9; 31.3;0;2;794;2;794;1;608;1;-
2026/04/01;08:46:54;100;-; 56.56; 0.8;-; 77.7; 76.0; 47.0; 0.0; 47.0;1433; 0.6; 0.6; 0.6;32; 21.6;F;1;29;On;On;Off; 31.9; 31.4;0;2;794;2;794;1;608;1;-
2026/04/01;08:47:54;100;-; 56.56; 0.6;-; 76.7; 77.8; 32.6; 27.3; 5.3;1433; 0.6; 0.6; 0.6;32; 21.6;F;1;29;On;On;Off; 31.9; 31.4;0;2;794;2;794;1;608;1;-
2026/04/01;08:48:54;100;-; 56.58; 0.6;-; 77.0; 77.6; 35.6; 35.6; 0.0;1433; 0.6; 0.6; 0.6;31; 21.6;F;1;29;On;On;Off; 31.9; 31.4;0;2;794;2;794;1;608;1;-
2026/04/01;08:49:54;100;-; 56.56; 0.7;-; 77.7; 76.1; 38.0; 0.0; 38.0;1433; 0.6; 0.6; 0.6;31; 21.6;F;1;29;On;On;Off; 31.9; 31.4;0;2;794;2;794;1;608;1;-
2026/04/01;08:50:54;100;-; 56.58; 0.9;-; 78.2; 75.4; 52.4; 0.0; 52.4;1433; 0.6; 0.6; 0.6;31; 21.6;F;1;29;On;On;Off; 31.9; 31.4;0;2;794;2;794;1;608;1;-
2026/04/01;08:51:54;100;-; 56.56; 0.6;-; 77.9; 76.2; 36.4; 0.0; 36.4;1433; 0.6; 0.6; 0.6;32; 21.6;F;1;29;On;On;Off; 31.9; 31.4;0;2;794;2;794;1;608;1;-
2026/04/01;08:52:53;100;-; 56.58; 1.0;-; 76.2; 77.7; 54.6; 54.6; 0.0;1433; 0.6; 0.6; 0.6;32; 21.6;F;1;29;On;On;Off; 31.9; 31.4;0;2;794;2;794;1;608;1;-
2026/04/01;08:53:53;100;-; 56.56; 0.8;-; 78.2; 76.2; 47.8; 0.0; 47.8;1433; 0.6; 0.6; 0.6;31; 21.6;F;1;29;On;On;Off; 31.9; 31.4;0;2;794;2;794;2;609;1;-
2026/04/01;08:54:53;100;-; 56.58; 0.6;-; 77.9; 76.4; 32.6; 0.0; 32.6;1433; 0.6; 0.6; 0.6;31; 21.6;F;1;29;On;On;Off; 31.9; 31.4;0;2;794;2;794;2;609;1;-
2026/04/01;08:55:53;100;-; 56.56; 0.9;-; 76.0; 78.2; 49.3; 49.3; 0.0;1433; 0.6; 0.6; 0.6;32; 21.6;F;1;29;On;On;Off; 31.9; 31.4;0;2;794;2;794;2;609;1;-
2026/04/01;08:56:53;100;-; 56.58; 0.6;-; 77.2; 77.8; 34.1; 31.8; 2.3;1433; 0.6; 0.6; 0.6;32; 21.6;F;1;29;On;On;Off; 31.9; 31.4;0;2;794;2;794;2;609;1;-
2026/04/01;08:57:53;100;-; 56.56; 0.7;-; 78.3; 76.0; 37.2; 0.0; 37.2;1433; 0.6; 0.6; 0.6;31; 21.6;F;1;29;On;On;Off; 31.9; 31.4;0;2;794;2;794;2;609;1;-
2026/04/01;08:58:53;100;-; 56.56; 0.6;-; 76.9; 77.2; 34.1; 27.3; 6.8;1433; 0.6; 0.6; 0.6;32; 21.6;F;1;29;On;On;Off; 31.9; 31.4;0;2;794;2;794;2;609;1;-
2026/04/01;08:59:53;100;-; 56.56; 0.7;-; 76.3; 77.4; 38.7; 38.7; 0.0;1433; 0.6; 0.6; 0.6;32; 21.6;F;1;29;On;On;Off; 31.9; 31.4;0;2;794;2;794;2;609;1;-
2026/04/01;09:00:53;100;-; 56.56; 0.8;-; 75.5; 77.7; 47.0; 47.0; 0.0;1433; 0.6; 0.6; 0.6;32; 21.6;F;1;29;On;On;Off; 31.9; 31.4;0;2;794;2;794;2;609;1;-
2026/04/01;09:01:53;100;-; 56.56; 0.9;-; 77.7; 75.3; 50.8; 0.0; 50.8;1433; 0.6; 0.6; 0.6;32; 21.6;F;1;29;On;On;Off; 31.9; 31.4;0;2;794;2;794;2;609;1;-
2026/04/01;09:02:53;100;-; 56.56; 0.9;-; 77.8; 75.9; 50.8; 0.0; 50.8;1433; 0.6; 0.6; 0.6;32; 21.6;F;1;29;On;On;Off; 31.9; 31.4;0;2;794;2;794;2;609;1;-
2026/04/01;09:03:53;100;-; 56.58; 0.6;-; 77.3; 77.0; 34.1; 25.8; 8.3;1433; 0.6; 0.6; 0.6;32; 21.6;F;1;29;On;On;Off; 31.9; 31.4;0;2;794;2;794;2;609;1;-
2026/04/01;09:04:53;100;-; 56.58; 1.0;-; 78.6; 76.2; 56.1; 0.0; 56.1;1433; 0.6; 0.6; 0.6;31; 21.6;F;1;29;On;On;Off; 32.0; 31.5;0;2;794;2;794;2;609;1;-
2026/04/01;09:05:53;100;-; 56.56; 1.0;-; 76.6; 78.4; 54.6; 54.6; 0.0;1433; 0.6; 0.6; 0.6;31; 21.6;F;1;29;On;On;Off; 32.0; 31.5;0;2;794;2;794;2;609;1;-
2026/04/01;09:06:53;100;-; 56.56; 0.5;-; 76.8; 78.3; 29.6; 21.2; 8.3;1433; 0.6; 0.6; 0.6;31; 21.6;F;1;29;On;On;Off; 32.0; 31.5;0;3;795;3;795;2;609;1;-
2026/04/01;09:07:52;100;-; 56.58; 0.6;-; 78.0; 76.9; 32.6; 15.9; 16.7;1433; 0.6; 0.6; 0.6;31; 21.6;F;1;29;On;On;Off; 32.0; 31.5;0;3;795;3;795;2;609;1;-
2026/04/01;09:08:52;100;-; 56.56; 0.5;-; 77.8; 77.0; 30.3; 1.5; 28.8;1433; 0.6; 0.6; 0.6;31; 21.6;F;1;29;On;On;Off; 32.0; 31.5;0;3;795;3;795;2;609;1;-
2026/04/01;09:09:52;100;-; 56.56; 0.6;-; 77.3; 77.3; 32.6; 29.6; 3.0;1433; 0.6; 0.6; 0.6;30; 21.6;F;1;29;On;On;Off; 32.0; 31.5;0;3;795;3;795;2;609;1;-
2026/04/01;09:10:52;100;-; 56.56; 0.7;-; 78.1; 76.2; 40.2; 0.0; 40.2;1433; 0.6; 0.6; 0.6;30; 21.6;F;1;29;On;On;Off; 32.0; 31.5;0;3;795;3;795;2;609;1;-
2026/04/01;09:11:52;100;-; 56.58; 0.6;-; 78.1; 76.0; 36.4; 0.0; 36.4;1433; 0.5; 0.6; 0.6;30; 21.6;F;1;29;On;On;Off; 32.0; 31.5;0;3;795;3;795;2;609;1;-
2026/04/01;09:12:52;100;-; 56.56; 0.5;-; 76.9; 76.9; 28.0; 10.6; 17.5;1433; 0.6; 0.6; 0.6;31; 21.6;F;1;29;On;On;Off; 32.0; 31.5;0;3;795;3;795;2;609;1;-
2026/04/01;09:13:52;100;-; 56.56; 1.0;-; 75.3; 77.7; 53.9; 53.9; 0.0;1433; 0.6; 0.6; 0.6;30; 21.6;F;1;29;On;On;Off; 32.0; 31.5;0;3;795;3;795;2;609;1;-
2026/04/01;09:14:52;100;-; 56.56; 0.6;-; 77.4; 76.1; 36.4; 0.0; 36.4;1433; 0.6; 0.6; 0.6;30; 21.6;F;1;29;On;On;Off; 32.0; 31.5;0;3;795;3;795;2;609;1;-
2026/04/01;09:15:52;100;-; 56.56; 1.0;-; 75.1; 77.9; 58.4; 58.4; 0.0;1433; 0.6; 0.6; 0.6;30; 21.6;F;1;29;On;On;Off; 32.0; 31.5;0;3;795;3;795;2;609;1;-
2026/04/01;09:16:52;100;-; 56.58; 0.7;-; 77.9; 76.1; 41.8; 0.0; 41.8;1433; 0.6; 0.6; 0.6;31; 21.6;F;1;29;On;On;Off; 32.0; 31.5;0;3;795;3;795;2;609;1;-
2026/04/01;09:17:52;100;-; 56.58; 0.8;-; 75.8; 77.7; 46.3; 46.3; 0.0;1433; 0.6; 0.6; 0.6;31; 21.6;F;1;29;On;On;Off; 32.0; 31.5;0;3;795;3;795;2;609;1;-
2026/04/01;09:18:52;100;-; 56.58; 0.5;-; 76.8; 76.7; 29.5; 28.1; 1.5;1433; 0.6; 0.6; 0.6;30; 21.6;F;1;29;On;On;Off; 32.0; 31.5;0;3;795;3;795;2;609;1;-
2026/04/01;09:19:52;100;-; 56.56; 0.6;-; 76.1; 76.7; 32.6; 17.5; 15.2;1433; 0.6; 0.6; 0.6;31; 21.6;F;1;29;On;On;Off; 32.0; 31.5;0;3;795;3;795;2;609;1;-
2026/04/01;09:20:52;100;-; 56.56; 0.5;-; 75.9; 76.8; 31.1; 28.8; 2.3;1433; 0.6; 0.6; 0.6;31; 21.6;F;1;29;On;On;Off; 32.0; 31.5;0;3;795;3;795;2;609;1;-
2026/04/01;09:21:52;100;-; 56.58; 1.1;-; 74.7; 77.6; 61.5; 61.5; 0.0;1433; 0.6; 0.6; 0.6;32; 21.6;F;1;29;On;On;Off; 32.0; 31.5;0;3;795;3;795;2;609;1;-
2026/04/01;09:22:51;100;-; 56.58; 0.8;-; 74.8; 77.2; 47.8; 47.8; 0.0;1433; 0.6; 0.6; 0.6;32; 21.6;F;1;29;On;On;Off; 32.0; 31.5;0;3;795;3;795;2;609;1;-
2026/04/01;09:23:51;100;-; 56.58; 0.9;-; 74.7; 77.3; 50.8; 50.8; 0.0;1433; 0.6; 0.6; 0.6;31; 21.6;F;1;29;On;On;Off; 32.0; 31.5;0;3;795;3;795;2;609;1;-
2026/04/01;09:24:51;100;-; 56.56; 0.9;-; 74.7; 77.4; 50.1; 50.1; 0.0;1433; 0.6; 0.6; 0.6;31; 21.6;F;1;29;On;On;Off; 32.0; 31.5;0;3;795;3;795;2;609;1;-
2026/04/01;09:25:51;100;-; 56.58; 1.1;-; 74.0; 77.5; 63.7; 63.7; 0.0;1433; 0.6; 0.6; 0.6;31; 21.6;F;1;29;On;On;Off; 32.0; 31.5;0;3;795;3;795;2;609;1;-
2026/04/01;09:26:51;100;-; 56.58; 1.0;-; 77.6; 73.9; 56.1; 0.0; 56.1;1433; 0.6; 0.6; 0.6;31; 21.6;F;1;29;On;On;Off; 32.0; 31.5;0;3;795;3;795;2;609;1;-
2026/04/01;09:27:51;100;-; 56.58; 0.5;-; 76.4; 76.8; 30.3; 17.5; 12.9;1433; 0.6; 0.6; 0.6;31; 21.6;F;1;29;On;On;Off; 32.0; 31.5;0;3;795;3;795;2;609;1;-
2026/04/01;09:28:51;100;-; 56.58; 0.5;-; 77.0; 76.2; 28.8; 12.1; 16.7;1433; 0.6; 0.6; 0.6;31; 21.6;F;1;29;On;On;Off; 32.0; 31.5;0;3;795;3;795;2;609;1;-
2026/04/01;09:29:51;100;-; 56.56; 0.6;-; 76.3; 76.6; 31.9; 7.6; 24.3;1433; 0.6; 0.6; 0.6;31; 21.6;F;1;29;On;On;Off; 32.0; 31.5;0;3;795;3;795;2;609;1;-
2026/04/01;09:30:51;100;-; 56.58; 0.6;-; 76.0; 76.7; 31.8; 14.4; 17.5;1433; 0.6; 0.6; 0.6;31; 21.6;F;1;29;On;On;Off; 32.0; 31.5;0;3;795;3;795;2;609;1;-
2026/04/01;09:31:51;100;-; 56.56; 0.6;-; 76.6; 76.0; 34.9; 7.6; 27.3;1433; 0.6; 0.6; 0.6;31; 21.6;F;1;29;On;On;Off; 32.0; 31.5;0;3;795;3;795;2;609;1;-
2026/04/01;09:32:51;100;-; 56.58; 0.7;-; 77.3; 75.0; 40.2; 0.0; 40.2;1433; 0.6; 0.6; 0.6;31; 21.6;F;1;29;On;On;Off; 32.0; 31.5;0;3;795;3;795;2;609;1;-
2026/04/01;09:33:51;100;-; 56.58; 0.7;-; 77.1; 75.2; 38.7; 0.0; 38.7;1433; 0.6; 0.6; 0.6;31; 21.6;F;1;29;On;On;Off; 32.0; 31.5;0;3;795;3;795;2;609;1;-
2026/04/01;09:34:51;100;-; 56.58; 0.8;-; 75.7; 77.0; 44.0; 44.0; 0.0;1433; 0.6; 0.6; 0.6;30; 21.6;F;1;29;On;On;Off; 32.0; 31.5;0;3;795;3;795;2;609;1;-
2026/04/01;09:35:51;100;-; 56.58; 0.7;-; 77.1; 75.0; 41.8; 0.0; 41.8;1433; 0.6; 0.6; 0.6;30; 21.6;F;1;29;On;On;Off; 32.0; 31.5;0;3;795;3;795;2;609;1;-
2026/04/01;09:36:51;100;-; 56.58; 1.0;-; 77.5; 74.1; 54.6; 0.0; 54.6;1433; 0.6; 0.6; 0.6;30; 21.6;F;1;29;On;On;Off; 32.0; 31.5;0;3;795;3;795;2;609;1;-
2026/04/01;09:37:50;100;-; 56.56; 1.0;-; 74.2; 77.5; 56.1; 56.1; 0.0;1433; 0.6; 0.6; 0.6;30; 21.6;F;1;29;On;On;Off; 32.0; 31.5;0;3;795;3;795;2;609;1;-
2026/04/01;09:38:50;100;-; 56.58; 0.6;-; 76.2; 76.5; 32.6; 3.0; 29.6;1433; 0.6; 0.6; 0.6;30; 21.6;F;1;29;On;On;Off; 32.0; 31.5;0;3;795;3;795;2;609;1;-
2026/04/01;09:39:50;100;-; 56.56; 0.5;-; 76.0; 76.5; 30.3; 10.6; 19.7;1433; 0.6; 0.6; 0.6;30; 21.6;F;1;29;On;On;Off; 32.0; 31.5;0;3;795;3;795;2;609;1;-
2026/04/01;09:40:50;100;-; 56.56; 0.6;-; 75.9; 76.5; 33.4; 33.4; 0.0;1434; 0.6; 0.6; 0.6;31; 21.6;F;1;29;On;On;Off; 32.0; 31.5;0;3;795;3;795;2;609;1;-
2026/04/01;09:41:50;100;-; 56.58; 1.0;-; 74.7; 77.5; 58.4; 58.4; 0.0;1434; 0.6; 0.6; 0.6;30; 21.6;F;1;29;On;On;Off; 32.0; 31.5;0;3;795;3;795;2;609;1;-
2026/04/01;09:42:50;100;-; 56.56; 0.6;-; 76.8; 76.1; 31.8; 9.9; 22.0;1434; 0.6; 0.6; 0.6;30; 21.6;F;1;29;On;On;Off; 32.0; 31.5;0;3;795;3;795;2;609;1;-
2026/04/01;09:43:50;100;-; 56.58; 1.1;-; 74.3; 77.6; 63.8; 63.8; 0.0;1434; 0.6; 0.6; 0.6;31; 21.6;F;1;29;On;On;Off; 32.0; 31.5;0;3;795;3;795;2;609;1;-
2026/04/01;09:44:50;100;-; 56.56; 0.8;-; 75.2; 77.4; 43.2; 43.2; 0.0;1434; 0.5; 0.6; 0.6;30; 21.6;F;1;29;On;On;Off; 32.0; 31.5;0;3;795;3;795;2;609;1;-
2026/04/01;09:45:50;100;-; 56.58; 0.5;-; 77.0; 75.9; 30.3; 10.6; 19.7;1434; 0.6; 0.6; 0.6;30; 21.6;F;1;29;On;On;Off; 32.0; 31.5;0;3;795;3;795;2;609;1;-
2026/04/01;09:46:50;100;-; 56.56; 0.6;-; 76.0; 76.8; 34.2; 34.2; 0.0;1434; 0.5; 0.6; 0.6;29; 21.6;F;1;29;On;On;Off; 32.0; 31.5;0;3;795;3;795;2;609;1;-
2026/04/01;09:47:50;100;-; 56.56; 0.7;-; 77.5; 75.2; 39.4; 0.0; 39.4;1434; 0.5; 0.6; 0.6;30; 21.6;F;1;29;On;On;Off; 32.0; 31.5;0;3;795;3;795;2;609;1;-
2026/04/01;09:48:50;100;-; 56.56; 0.5;-; 76.7; 76.8; 31.0; 24.2; 6.8;1434; 0.6; 0.6; 0.6;30; 21.6;F;1;29;On;On;Off; 32.0; 31.5;0;3;795;3;795;2;609;1;-
2026/04/01;09:49:50;100;-; 56.56; 0.5;-; 77.6; 76.2; 28.0; 0.0; 28.0;1434; 0.5; 0.6; 0.6;30; 21.6;F;1;29;On;On;Off; 32.0; 31.5;0;3;795;3;795;2;609;1;-
2026/04/01;09:50:50;100;-; 56.56; 0.5;-; 77.3; 76.8; 31.1; 6.1; 25.0;1434; 0.5; 0.6; 0.6;29; 21.6;F;1;29;On;On;Off; 32.0; 31.5;0;3;795;3;795;2;609;1;-
2026/04/01;09:51:50;100;-; 56.58; 0.9;-; 77.8; 75.9; 48.6; 0.0; 48.6;1434; 0.5; 0.6; 0.6;30; 21.6;F;1;29;On;On;Off; 32.0; 31.6;0;3;795;3;795;2;609;1;-
2026/04/01;09:52:49;100;-; 56.56; 0.6;-; 76.4; 77.1; 33.4; 27.3; 6.1;1434; 0.6; 0.6; 0.6;31; 21.6;F;1;29;On;On;Off; 32.0; 31.5;0;3;795;3;795;2;609;1;-
2026/04/01;09:53:49;100;-; 56.56; 0.8;-; 77.6; 76.0; 42.5; 0.0; 42.5;1434; 0.5; 0.6; 0.6;30; 21.6;F;1;29;On;On;Off; 32.0; 31.5;0;3;795;3;795;2;609;1;-
2026/04/01;09:54:49;100;-; 56.56; 0.8;-; 75.7; 77.7; 43.2; 43.2; 0.0;1434; 0.5; 0.6; 0.6;29; 21.6;F;1;29;On;On;Off; 32.0; 31.5;0;3;795;3;795;2;609;1;-
2026/04/01;09:55:49;100;-; 56.58; 0.5;-; 76.5; 77.5; 29.6; 21.2; 8.3;1434; 0.5; 0.6; 0.6;29; 21.6;F;1;29;On;On;Off; 32.1; 31.6;0;3;795;3;795;2;609;1;-
2026/04/01;09:56:49;100;-; 56.58; 0.6;-; 77.6; 75.9; 34.9; 0.0; 34.9;1434; 0.6; 0.6; 0.6;30; 21.6;F;1;29;On;On;Off; 32.0; 31.5;0;3;795;3;795;2;609;1;-
2026/04/01;09:57:49;100;-; 56.58; 1.0;-; 75.6; 77.4; 54.6; 54.6; 0.0;1434; 0.6; 0.6; 0.6;30; 21.6;F;1;29;On;On;Off; 32.0; 31.6;0;3;795;3;795;2;609;1;-
2026/04/01;09:58:49;100;-; 56.56; 0.7;-; 77.3; 76.1; 41.0; 0.0; 41.0;1434; 0.5; 0.6; 0.6;30; 21.6;F;1;29;On;On;Off; 32.0; 31.5;0;3;795;3;795;2;609;1;-
2026/04/01;09:59:49;100;-; 56.58; 0.9;-; 77.7; 75.5; 48.6; 0.0; 48.6;1434; 0.5; 0.6; 0.6;30; 21.6;F;1;29;On;On;Off; 32.0; 31.5;0;3;795;3;795;2;609;1;-
2026/04/01;10:00:49;100;-; 56.56; 0.6;-; 76.3; 77.0; 34.9; 34.9; 0.0;1434; 0.5; 0.6; 0.6;30; 21.6;F;1;29;On;On;Off; 32.0; 31.6;0;3;795;3;795;2;609;1;-
2026/04/01;10:01:49;100;-; 56.56; 0.6;-; 76.8; 76.4; 31.8; 12.9; 19.0;1434; 0.5; 0.6; 0.6;30; 21.6;F;1;29;On;On;Off; 32.0; 31.6;0;3;795;3;795;2;609;1;-
2026/04/01;10:02:49;100;-; 56.56; 0.8;-; 77.6; 75.5; 43.2; 0.0; 43.2;1434; 0.6; 0.6; 0.6;30; 21.6;F;1;29;On;On;Off; 32.1; 31.6;0;3;795;3;795;2;609;1;-
2026/04/01;10:03:49;100;-; 56.58; 0.9;-; 78.0; 75.2; 50.1; 0.0; 50.1;1434; 0.6; 0.6; 0.6;30; 21.6;F;1;29;On;On;Off; 32.1; 31.6;0;3;795;3;795;2;609;1;-
2026/04/01;10:04:49;100;-; 56.58; 0.7;-; 77.7; 75.7; 38.7; 0.0; 38.7;1434; 0.6; 0.6; 0.6;30; 21.6;F;1;29;On;On;Off; 32.1; 31.6;0;3;795;3;795;2;609;1;-
2026/04/01;10:05:49;100;-; 56.58; 0.8;-; 76.1; 77.8; 47.8; 47.8; 0.0;1434; 0.6; 0.6; 0.6;30; 21.6;F;1;29;On;On;Off; 32.1; 31.6;0;3;795;3;795;2;609;1;-
2026/04/01;10:06:49;100;-; 56.58; 0.5;-; 77.9; 76.1; 30.3; 3.0; 27.3;1434; 0.6; 0.6; 0.6;30; 21.6;F;1;29;On;On;Off; 32.1; 31.6;0;3;795;3;795;2;609;1;-
2026/04/01;10:07:48;100;-; 56.58; 0.8;-; 77.9; 76.1; 44.8; 0.0; 44.8;1434; 0.6; 0.6; 0.6;31; 21.6;F;1;29;On;On;Off; 32.1; 31.6;0;3;795;3;795;2;609;1;-
2026/04/01;10:08:48;100;-; 56.56; 0.7;-; 76.9; 77.4; 41.0; 41.0; 0.0;1434; 0.6; 0.6; 0.6;31; 21.6;F;1;29;On;On;Off; 32.1; 31.6;0;3;795;3;795;2;609;1;-
2026/04/01;10:09:48;100;-; 56.58; 0.5;-; 76.7; 77.3; 30.3; 28.0; 2.3;1434; 0.6; 0.6; 0.6;30; 21.6;F;1;29;On;On;Off; 32.1; 31.6;0;3;795;3;795;2;609;1;-
2026/04/01;10:10:48;100;-; 56.58; 0.6;-; 77.5; 76.2; 34.2; 11.4; 22.8;1434; 0.6; 0.6; 0.6;31; 21.6;F;1;29;On;On;Off; 32.1; 31.6;0;3;795;3;795;2;609;1;-
2026/04/01;10:11:48;100;-; 56.58; 0.6;-; 77.9; 76.0; 36.4; 0.0; 36.4;1434; 0.6; 0.6; 0.6;31; 21.6;F;1;29;On;On;Off; 32.1; 31.6;0;3;795;3;795;2;609;1;-
2026/04/01;10:12:48;100;-; 56.58; 0.8;-; 75.8; 77.8; 46.3; 46.3; 0.0;1434; 0.5; 0.6; 0.6;30; 21.6;F;1;29;On;On;Off; 32.1; 31.6;0;3;795;3;795;2;609;1;-
2026/04/01;10:13:48;100;-; 56.56; 0.5;-; 77.6; 76.6; 29.6; 8.3; 21.2;1434; 0.5; 0.6; 0.6;29; 21.6;F;1;29;On;On;Off; 32.2; 31.6;0;3;795;3;795;2;609;1;-
2026/04/01;10:14:48;100;-; 56.58; 0.6;-; 77.0; 77.0; 36.4; 36.4; 0.0;1434; 0.5; 0.6; 0.6;29; 21.6;F;1;29;On;On;Off; 32.1; 31.7;0;3;795;3;795;2;609;1;-
2026/04/01;10:15:48;100;-; 56.58; 0.8;-; 75.4; 77.5; 45.6; 45.6; 0.0;1434; 0.5; 0.6; 0.6;30; 21.6;F;1;29;On;On;Off; 32.2; 31.7;0;3;795;3;795;2;609;1;-
2026/04/01;10:16:48;100;-; 56.56; 0.7;-; 76.0; 77.2; 38.7; 38.7; 0.0;1434; 0.5; 0.6; 0.6;30; 21.6;F;1;29;On;On;Off; 32.2; 31.7;0;3;795;3;795;2;609;1;-
2026/04/01;10:17:48;100;-; 56.56; 0.5;-; 76.8; 76.9; 27.3; 25.0; 2.3;1434; 0.5; 0.6; 0.6;29; 21.6;F;1;29;On;On;Off; 32.2; 31.7;0;3;795;3;795;2;609;1;-
2026/04/01;10:18:48;100;-; 56.56; 0.8;-; 76.0; 77.2; 47.8; 47.8; 0.0;1434; 0.5; 0.6; 0.6;29; 21.6;F;1;29;On;On;Off; 32.2; 31.6;0;3;795;3;795;2;609;1;-
2026/04/01;10:19:48;100;-; 56.58; 0.5;-; 76.6; 76.7; 31.0; 6.8; 24.2;1434; 0.5; 0.6; 0.6;29; 21.6;F;1;29;On;On;Off; 32.2; 31.7;0;3;795;3;795;2;609;1;-
2026/04/01;10:20:48;100;-; 56.56; 0.9;-; 74.9; 77.3; 53.1; 53.1; 0.0;1434; 0.5; 0.6; 0.6;29; 21.6;F;1;29;On;On;Off; 32.2; 31.7;0;3;795;3;795;2;609;1;-
2026/04/01;10:21:48;100;-; 56.56; 0.7;-; 77.2; 75.5; 38.0; 0.0; 38.0;1434; 0.5; 0.6; 0.6;29; 21.6;F;1;29;On;On;Off; 32.2; 31.7;0;3;795;3;795;2;609;1;-
2026/04/01;10:22:47;100;-; 56.58; 0.8;-; 77.3; 75.0; 46.3; 0.0; 46.3;1434; 0.5; 0.6; 0.6;30; 21.6;F;1;29;On;On;Off; 32.2; 31.7;0;3;795;3;795;2;609;1;-
2026/04/01;10:23:47;100;-; 56.58; 0.8;-; 75.6; 77.0; 47.0; 47.0; 0.0;1434; 0.5; 0.6; 0.6;30; 21.6;F;1;29;On;On;Off; 32.2; 31.7;0;3;795;3;795;2;609;1;-
2026/04/01;10:24:47;100;-; 56.58; 1.1;-; 77.6; 74.6; 59.9; 0.0; 59.9;1434; 0.5; 0.6; 0.6;30; 21.6;F;1;29;On;On;Off; 32.2; 31.7;0;3;795;3;795;2;609;1;-
2026/04/01;10:25:47;100;-; 56.56; 0.9;-; 75.1; 77.5; 52.4; 52.4; 0.0;1434; 0.6; 0.6; 0.6;30; 21.6;F;1;29;On;On;Off; 32.2; 31.7;0;3;795;3;795;2;609;1;-
2026/04/01;10:26:47;100;-; 56.56; 0.9;-; 75.6; 77.1; 51.6; 51.6; 0.0;1434; 0.5; 0.6; 0.6;30; 21.6;F;1;29;On;On;Off; 32.2; 31.7;0;3;795;3;795;2;609;1;-
2026/04/01;10:27:47;100;-; 56.58; 0.7;-; 76.8; 75.7; 40.2; 0.0; 40.2;1434; 0.5; 0.6; 0.6;29; 21.6;F;1;29;On;On;Off; 32.2; 31.7;0;3;795;3;795;2;609;1;-
2026/04/01;10:28:47;100;-; 56.56; 0.9;-; 75.0; 77.5; 49.4; 49.4; 0.0;1434; 0.5; 0.6; 0.6;30; 21.6;F;1;29;On;On;Off; 32.2; 31.7;0;3;795;3;795;2;609;1;-
2026/04/01;10:29:47;100;-; 56.58; 1.0;-; 74.7; 77.4; 55.4; 55.4; 0.0;1434; 0.5; 0.6; 0.6;30; 21.6;F;1;29;On;On;Off; 32.2; 31.7;0;3;795;3;795;2;609;1;-
2026/04/01;10:30:47;100;-; 56.58; 1.0;-; 75.2; 77.0; 53.9; 53.9; 0.0;1434; 0.5; 0.6; 0.6;30; 21.6;F;1;29;On;On;Off; 32.2; 31.7;0;3;795;3;795;2;609;1;-
2026/04/01;10:31:47;100;-; 56.56; 0.8;-; 75.3; 77.1; 46.3; 46.3; 0.0;1434; 0.5; 0.6; 0.6;29; 21.6;F;1;29;On;On;Off; 32.2; 31.7;0;3;795;3;795;2;609;1;-
2026/04/01;10:32:47;100;-; 56.58; 0.7;-; 76.8; 75.4; 37.2; 0.0; 37.2;1434; 0.5; 0.6; 0.6;30; 21.6;F;1;29;On;On;Off; 32.2; 31.7;0;3;795;3;795;2;609;1;-
2026/04/01;10:33:47;100;-; 56.56; 0.9;-; 75.0; 77.3; 51.6; 51.6; 0.0;1434; 0.5; 0.6; 0.6;29; 21.6;F;1;29;On;On;Off; 32.2; 31.7;0;3;795;3;795;3;610;1;-
2026/04/01;10:34:47;100;-; 56.58; 1.1;-; 74.0; 77.4; 59.9; 59.9; 0.0;1434; 0.5; 0.6; 0.6;29; 21.6;F;1;29;On;On;Off; 32.2; 31.7;0;3;795;3;795;3;610;1;-
2026/04/01;10:35:47;100;-; 56.58; 0.8;-; 75.5; 76.8; 42.5; 42.5; 0.0;1434; 0.5; 0.6; 0.6;29; 21.6;F;1;29;On;On;Off; 32.2; 31.7;0;3;795;3;795;3;610;1;-
2026/04/01;10:36:47;100;-; 56.56; 0.5;-; 76.3; 76.5; 31.0; 22.0; 9.1;1434; 0.5; 0.6; 0.6;29; 21.6;F;1;29;On;On;Off; 32.2; 31.7;0;3;795;3;795;3;610;1;-
2026/04/01;10:37:46;100;-; 56.56; 0.8;-; 75.3; 77.2; 44.0; 44.0; 0.0;1434; 0.5; 0.6; 0.6;29; 21.6;F;1;29;On;On;Off; 32.2; 31.7;0;3;795;3;795;3;610;1;-
2026/04/01;10:38:46;100;-; 56.56; 0.5;-; 76.9; 76.2; 28.8; 0.0; 28.8;1434; 0.5; 0.6; 0.6;29; 21.6;F;1;29;On;On;Off; 32.3; 31.7;0;3;795;3;795;3;610;1;-
2026/04/01;10:39:46;100;-; 56.58; 0.6;-; 76.3; 76.5; 34.8; 20.5; 14.4;1434; 0.5; 0.6; 0.6;28; 21.6;F;1;29;On;On;Off; 32.2; 31.7;0;3;795;3;795;3;610;1;-
2026/04/01;10:40:46;100;-; 56.56; 0.5;-; 76.1; 76.8; 29.6; 28.8; 0.7;1435; 0.5; 0.6; 0.6;29; 21.6;F;1;29;On;On;Off; 32.2; 31.7;0;3;795;3;795;3;610;1;-
2026/04/01;10:41:46;100;-; 56.58; 0.6;-; 76.5; 76.3; 33.3; 20.5; 12.9;1435; 0.5; 0.6; 0.6;29; 21.6;F;1;29;On;On;Off; 32.2; 31.7;0;3;795;3;795;3;610;1;-
2026/04/01;10:42:46;100;-; 56.56; 0.6;-; 76.1; 76.8; 31.8; 15.9; 15.9;1435; 0.5; 0.6; 0.6;29; 21.6;F;1;29;On;On;Off; 32.3; 31.8;0;3;795;3;795;3;610;1;-
2026/04/01;10:43:46;100;-; 56.56; 0.6;-; 76.2; 76.8; 31.8; 30.4; 1.5;1435; 0.5; 0.6; 0.6;29; 21.5;F;1;29;On;On;Off; 32.3; 31.7;0;3;795;3;795;3;610;1;-
2026/04/01;10:44:46;100;-; 56.58; 0.6;-; 76.6; 76.4; 34.9; 22.8; 12.1;1435; 0.5; 0.6; 0.6;29; 21.6;F;1;29;On;On;Off; 32.3; 31.8;0;3;795;3;795;3;610;1;-
2026/04/01;10:45:46;100;-; 56.58; 1.0;-; 77.7; 74.7; 57.7; 0.0; 57.7;1435; 0.5; 0.6; 0.6;29; 21.5;F;1;29;On;On;Off; 32.3; 31.8;0;3;795;3;795;3;610;1;-
2026/04/01;10:46:46;100;-; 56.56; 1.0;-; 75.6; 77.7; 54.6; 54.6; 0.0;1435; 0.5; 0.6; 0.6;29; 21.5;F;1;29;On;On;Off; 32.3; 31.7;0;3;795;3;795;3;610;1;-
2026/04/01;10:47:46;100;-; 56.58; 0.6;-; 76.4; 77.2; 34.2; 34.2; 0.0;1435; 0.5; 0.6; 0.6;29; 21.5;F;1;29;On;On;Off; 32.3; 31.8;0;4;796;4;796;3;610;1;-
2026/04/01;10:48:46;100;-; 56.56; 0.7;-; 76.9; 76.6; 37.2; 0.0; 37.2;1435; 0.5; 0.6; 0.6;29; 21.5;F;1;29;On;On;Off; 32.3; 31.8;0;4;796;4;796;3;610;1;-
2026/04/01;10:49:46;100;-; 56.58; 1.0;-; 77.9; 75.5; 56.1; 0.0; 56.1;1435; 0.5; 0.6; 0.6;29; 21.5;F;1;29;On;On;Off; 32.3; 31.8;0;4;796;4;796;3;610;1;-
2026/04/01;10:50:46;100;-; 56.56; 0.8;-; 76.3; 77.5; 42.5; 42.5; 0.0;1435; 0.5; 0.6; 0.6;29; 21.5;F;1;29;On;On;Off; 32.3; 31.8;0;4;796;4;796;3;610;1;-
2026/04/01;10:51:46;100;-; 56.56; 0.5;-; 77.1; 76.8; 31.0; 14.4; 16.7;1435; 0.5; 0.6; 0.6;29; 21.5;F;1;29;On;On;Off; 32.3; 31.8;0;4;796;4;796;3;610;1;-
2026/04/01;10:52:45;100;-; 56.56; 0.6;-; 77.0; 76.7; 32.6; 12.1; 20.5;1435; 0.5; 0.6; 0.6;29; 21.5;F;1;29;On;On;Off; 32.3; 31.8;0;4;796;4;796;3;610;1;-
2026/04/01;10:53:45;100;-; 56.58; 0.6;-; 77.6; 75.6; 36.4; 0.7; 35.6;1435; 0.5; 0.6; 0.6;29; 21.5;F;1;29;On;On;Off; 32.3; 31.8;0;4;796;4;796;3;610;1;-
2026/04/01;10:54:45;100;-; 56.58; 0.6;-; 76.9; 76.5; 34.1; 1.5; 32.6;1435; 0.5; 0.6; 0.6;28; 21.5;F;1;29;On;On;Off; 32.3; 31.8;0;4;796;4;796;3;610;1;-
2026/04/01;10:55:45;100;-; 56.56; 0.8;-; 77.8; 75.6; 44.8; 0.0; 44.8;1435; 0.5; 0.6; 0.6;29; 21.5;F;1;29;On;On;Off; 32.3; 31.8;0;4;796;4;796;3;610;1;-
2026/04/01;10:56:45;100;-; 56.58; 0.5;-; 77.1; 76.5; 25.8; 0.0; 25.8;1435; 0.4; 0.5; 0.5;23; 21.5;F;1;29;On;On;Off; 30.5; 31.7;0;4;796;4;796;3;610;1;-
2026/04/01;10:57:45;100;-; 56.58; 1.0;-; 77.9; 75.2; 57.0; 0.0; 57.0;1435; 0.4; 0.4; 0.4;20; 21.5;F;1;29;On;On;Off; 31.6; 31.3;0;4;796;4;796;3;610;1;-
2026/04/01;10:58:45;100;-; 56.42; 0.0;-; 77.0; 77.0; 0.7; 0.0; 0.7;1435; 0.3; 0.4; 0.4;18; 21.5;F;1;29;On;On;Off; 31.5; 29.8;0;4;796;4;796;3;610;1;-
2026/04/01;10:59:45;100;-; 56.56; 0.7;-; 77.3; 75.7; 41.8; 0.0; 41.8;1435; 0.3; 0.3; 0.3;15; 21.5;F;1;29;On;On;Off; 30.1; 30.5;0;4;796;4;796;3;610;1;-
2026/04/01;11:00:45;100;-; 56.62; 0.3;-; 76.7; 76.9; 16.7; 16.7; 0.0;1435; 0.4; 0.4; 0.4;20; 21.5;F;1;29;On;On;Off; 31.4; 29.2;0;4;796;4;796;3;610;1;-
2026/04/01;11:01:45;100;-; 55.93; 0.6;-; 76.7; 76.6; 36.0; 18.0; 18.0;1435; 0.3; 0.3; 0.3;15; 21.5;F;1;29;On;On;Off; 30.4; 29.8;0;4;796;4;796;3;610;1;-
2026/04/01;11:02:45;100;-; 56.62; 0.4;-; 77.0; 76.3; 22.8; 0.0; 22.8;1435; 0.3; 0.4; 0.4;17; 21.5;F;1;29;On;On;Off; 29.5; 30.6;0;4;796;4;796;3;610;1;-
2026/04/01;11:03:45;100;-; 56.62; 0.4;-; 76.6; 76.9; 22.7; 22.0; 0.7;1435; 0.3; 0.4; 0.4;16; 21.5;F;1;29;On;On;Off; 31.0; 28.9;0;4;796;4;796;3;610;1;-
2026/04/01;11:04:45;100;-; 56.62; 0.3;-; 76.9; 77.0; 15.1; 14.4; 0.7;1435; 0.3; 0.4; 0.4;18; 21.5;F;1;29;On;On;Off; 31.1; 28.7;0;4;796;4;796;3;610;1;-
2026/04/01;11:05:45;100;-; 56.34; 0.0;-; 77.0; 77.0; 0.7; 0.0; 0.7;1435; 0.3; 0.4; 0.4;17; 21.5;F;1;29;On;On;Off; 30.7; 28.9;0;4;796;4;796;3;610;1;-
2026/04/01;11:06:45;100;-; 56.62; 0.4;-; 76.7; 77.1; 22.0; 21.3; 0.7;1435; 0.3; 0.4; 0.4;18; 21.5;F;1;29;On;On;Off; 30.9; 28.6;0;4;796;4;796;3;610;1;-
2026/04/01;11:07:44;100;-; 55.93; 0.4;-; 77.1; 77.1; 22.5; 11.3; 11.3;1435; 0.3; 0.3; 0.3;16; 21.5;F;1;29;On;On;Off; 30.4; 28.4;0;4;796;4;796;3;610;1;-
2026/04/01;11:08:44;100;-; 55.93; 0.4;-; 77.4; 77.2; 24.0; 12.0; 12.0;1435; 0.3; 0.3; 0.3;16; 21.5;F;1;29;On;On;Off; 30.1; 28.6;0;4;796;4;796;3;610;1;-
2026/04/01;11:09:44;100;-; 56.56; 0.3;-; 77.5; 77.6; 18.9; 18.2; 0.7;1435; 0.4; 0.4; 0.4;22; 21.5;F;1;29;On;On;Off; 30.4; 29.6;0;4;796;4;796;3;610;1;-
2026/04/01;11:10:44;100;-; 56.60; 0.3;-; 77.6; 77.3; 19.7; 0.7; 19.0;1435; 0.2; 0.3; 0.3;13; 21.5;F;1;29;On;On;Off; 29.3; 29.4;0;4;796;4;796;3;610;1;-
2026/04/01;11:11:44;100;-; 56.16; 0.0;-; 77.7; 77.5; 0.0; 0.0; 0.0;1435; 0.4; 0.4; 0.4;20; 21.5;F;1;29;On;On;Off; 28.7; 29.9;0;4;796;4;796;3;610;1;-
2026/04/01;11:12:44;100;-; 56.34; 0.0;-; 77.6; 77.4; 0.7; 0.0; 0.7;1435; 0.3; 0.4; 0.4;17; 21.5;F;1;29;On;On;Off; 30.4; 28.3;0;4;796;4;796;3;610;1;-
2026/04/01;11:13:44;100;-; 56.56; 0.7;-; 77.1; 77.1; 38.6; 33.4; 5.3;1435; 0.2; 0.3; 0.3;13; 21.5;F;1;29;On;On;Off; 29.6; 28.9;0;4;796;4;796;3;610;1;-
2026/04/01;11:14:44;100;-; 56.56; 0.6;-; 77.3; 77.3; 34.8; 10.6; 24.2;1435; 0.3; 0.4; 0.4;16; 21.5;F;1;29;On;On;Off; 28.9; 29.3;0;4;796;4;796;3;610;1;-
2026/04/01;11:15:44;100;-; 56.56; 0.8;-; 78.1; 76.8; 44.7; 0.0; 44.7;1435; 0.6; 0.6; 0.6;30; 21.5;F;1;29;On;On;Off; 30.6; 30.2;0;4;796;4;796;3;610;1;-
2026/04/01;11:16:44;100;-; 56.56; 0.7;-; 78.3; 76.5; 41.8; 0.0; 41.8;1435; 0.5; 0.6; 0.6;28; 21.5;F;1;29;On;On;Off; 30.8; 30.4;0;4;796;4;796;3;610;1;-
2026/04/01;11:17:44;100;-; 56.56; 0.5;-; 78.0; 76.5; 28.0; 3.8; 24.2;1435; 0.5; 0.6; 0.6;28; 21.5;F;1;29;On;On;Off; 30.9; 30.5;0;4;796;4;796;3;610;1;-
2026/04/01;11:18:44;100;-; 56.58; 0.6;-; 77.0; 77.3; 33.4; 33.4; 0.0;1435; 0.5; 0.6; 0.6;28; 21.5;F;1;29;On;On;Off; 31.1; 30.6;0;4;796;4;796;3;610;1;-
2026/04/01;11:19:44;100;-; 56.56; 0.7;-; 77.8; 76.4; 40.2; 0.0; 40.2;1435; 0.5; 0.6; 0.6;28; 21.5;F;1;29;On;On;Off; 31.1; 30.6;0;4;796;4;796;3;610;1;-
2026/04/01;11:20:44;100;-; 56.58; 1.0;-; 76.2; 78.0; 57.7; 57.7; 0.0;1435; 0.5; 0.6; 0.6;28; 21.5;F;1;29;On;On;Off; 31.2; 30.7;0;4;796;4;796;3;610;1;-
2026/04/01;11:21:44;100;-; 56.58; 0.9;-; 77.8; 76.5; 49.3; 0.0; 49.3;1435; 0.5; 0.6; 0.6;28; 21.5;F;1;29;On;On;Off; 31.3; 30.8;0;4;796;4;796;3;610;1;-
2026/04/01;11:22:44;100;-; 56.56; 0.6;-; 76.6; 77.9; 35.6; 35.6; 0.0;1435; 0.5; 0.6; 0.6;28; 21.5;F;1;29;On;On;Off; 31.3; 30.8;0;4;796;4;796;3;610;1;-
2026/04/01;11:23:43;100;-; 56.58; 0.6;-; 78.2; 77.0; 34.9; 0.0; 34.9;1435; 0.5; 0.6; 0.6;29; 21.5;F;1;29;On;On;Off; 31.4; 30.9;0;4;796;4;796;3;610;1;-
2026/04/01;11:24:43;100;-; 56.58; 0.9;-; 78.1; 76.8; 50.1; 0.0; 50.1;1435; 0.5; 0.6; 0.6;29; 21.5;F;1;29;On;On;Off; 31.5; 30.9;0;4;796;4;796;3;610;1;-
2026/04/01;11:25:43;100;-; 56.58; 0.9;-; 78.5; 76.7; 50.1; 0.0; 50.1;1435; 0.5; 0.6; 0.6;28; 21.5;F;1;29;On;On;Off; 31.5; 31.0;0;4;796;4;796;3;610;1;-
2026/04/01;11:26:43;100;-; 56.58; 0.6;-; 77.2; 77.7; 34.9; 34.9; 0.0;1435; 0.5; 0.6; 0.6;28; 21.5;F;1;29;On;On;Off; 31.5; 31.1;0;4;796;4;796;3;610;1;-
2026/04/01;11:27:43;100;-; 56.56; 0.6;-; 77.7; 77.3; 33.4; 0.0; 33.4;1435; 0.5; 0.6; 0.6;27; 21.5;F;1;29;On;On;Off; 31.6; 31.1;0;4;796;4;796;3;610;1;-
2026/04/01;11:28:43;100;-; 56.56; 0.7;-; 77.0; 77.4; 37.9; 37.9; 0.0;1435; 0.5; 0.6; 0.6;28; 21.5;F;1;29;On;On;Off; 31.6; 31.1;0;4;796;4;796;3;610;1;-
2026/04/01;11:29:43;100;-; 56.58; 0.6;-; 76.2; 77.7; 34.1; 31.1; 3.0;1435; 0.5; 0.6; 0.6;28; 21.5;F;1;29;On;On;Off; 31.7; 31.2;0;4;796;4;796;3;610;1;-
2026/04/01;11:30:43;100;-; 56.56; 0.8;-; 77.7; 76.1; 45.6; 0.0; 45.6;1435; 0.5; 0.6; 0.6;28; 21.5;F;1;29;On;On;Off; 31.7; 31.2;0;4;796;4;796;3;610;1;-
2026/04/01;11:31:43;100;-; 56.58; 0.9;-; 77.8; 75.8; 50.8; 0.0; 50.8;1435; 0.5; 0.6; 0.6;29; 21.5;F;1;29;On;On;Off; 31.7; 31.2;0;4;796;4;796;3;610;1;-
2026/04/01;11:32:43;100;-; 56.58; 1.1;-; 75.5; 77.6; 60.8; 60.8; 0.0;1435; 0.5; 0.6; 0.6;28; 21.5;F;1;29;On;On;Off; 31.8; 31.3;0;4;796;4;796;3;610;1;-
2026/04/01;11:33:43;100;-; 56.56; 1.0;-; 76.0; 77.4; 54.6; 54.6; 0.0;1435; 0.5; 0.6; 0.6;28; 21.5;F;1;29;On;On;Off; 31.8; 31.3;0;4;796;4;796;3;610;1;-
2026/04/01;11:34:43;100;-; 56.58; 1.0;-; 77.6; 75.5; 55.4; 0.0; 55.4;1435; 0.5; 0.6; 0.6;28; 21.5;F;1;29;On;On;Off; 31.8; 31.3;0;4;796;4;796;3;610;1;-
2026/04/01;11:35:43;100;-; 56.56; 0.7;-; 76.3; 77.1; 38.7; 38.7; 0.0;1435; 0.5; 0.6; 0.6;28; 21.6;F;1;29;On;On;Off; 31.8; 31.3;0;4;796;4;796;3;610;1;-
2026/04/01;11:36:43;100;-; 56.56; 0.6;-; 77.4; 76.0; 33.4; 0.0; 33.4;1435; 0.5; 0.6; 0.6;28; 21.6;F;1;29;On;On;Off; 31.9; 31.4;0;4;796;4;796;3;610;1;-
2026/04/01;11:37:43;100;-; 56.56; 0.8;-; 77.6; 75.8; 46.3; 0.0; 46.3;1435; 0.5; 0.6; 0.6;28; 21.5;F;1;29;On;On;Off; 31.9; 31.4;0;4;796;4;796;3;610;1;-
2026/04/01;11:38:42;100;-; 56.58; 0.9;-; 75.8; 77.6; 52.4; 52.4; 0.0;1435; 0.5; 0.6; 0.6;28; 21.5;F;1;29;On;On;Off; 31.9; 31.4;0;4;796;4;796;3;610;1;-
2026/04/01;11:39:42;100;-; 56.58; 0.6;-; 77.1; 76.0; 34.8; 5.3; 29.6;1435; 0.5; 0.6; 0.6;28; 21.5;F;1;29;On;On;Off; 31.9; 31.4;0;4;796;4;796;3;610;1;-
2026/04/01;11:40:42;100;-; 56.58; 0.6;-; 77.6; 76.1; 33.4; 0.0; 33.4;1436; 0.5; 0.6; 0.6;28; 21.5;F;1;29;On;On;Off; 31.9; 31.4;0;4;796;4;796;3;610;1;-
2026/04/01;11:41:42;100;-; 56.56; 0.6;-; 76.6; 77.0; 34.8; 24.2; 10.6;1436; 0.5; 0.6; 0.6;28; 21.5;F;1;29;On;On;Off; 31.9; 31.5;0;4;796;4;796;3;610;1;-
2026/04/01;11:42:42;100;-; 56.56; 0.9;-; 77.8; 75.3; 52.4; 0.0; 52.4;1436; 0.5; 0.6; 0.6;28; 21.5;F;1;29;On;On;Off; 32.0; 31.5;0;4;796;4;796;3;610;1;-
2026/04/01;11:43:42;100;-; 56.56; 0.5;-; 77.0; 76.4; 31.0; 1.5; 29.6;1436; 0.5; 0.6; 0.6;28; 21.5;F;1;29;On;On;Off; 32.0; 31.5;0;4;796;4;796;3;610;1;-
2026/04/01;11:44:42;100;-; 56.56; 0.6;-; 76.5; 76.8; 33.3; 24.2; 9.1;1436; 0.5; 0.6; 0.6;28; 21.5;F;1;29;On;On;Off; 32.0; 31.5;0;4;796;4;796;3;610;1;-
2026/04/01;11:45:42;100;-; 56.58; 1.0;-; 77.9; 75.4; 55.4; 0.0; 55.4;1436; 0.5; 0.6; 0.6;28; 21.5;F;1;29;On;On;Off; 32.0; 31.5;0;4;796;4;796;3;610;1;-
2026/04/01;11:46:42;100;-; 56.58; 0.6;-; 76.7; 77.0; 34.9; 34.9; 0.0;1436; 0.5; 0.6; 0.6;28; 21.5;F;1;29;On;On;Off; 32.0; 31.5;0;4;796;4;796;3;610;1;-
2026/04/01;11:47:42;100;-; 56.58; 1.0;-; 78.0; 75.6; 58.4; 0.0; 58.4;1436; 0.5; 0.6; 0.6;28; 21.5;F;1;29;On;On;Off; 32.0; 31.5;0;4;796;4;796;3;610;1;-
2026/04/01;11:48:42;100;-; 56.56; 0.8;-; 77.6; 76.5; 44.8; 0.0; 44.8;1436; 0.5; 0.6; 0.6;28; 21.5;F;1;29;On;On;Off; 32.0; 31.5;0;4;796;4;796;3;610;1;-
2026/04/01;11:49:42;100;-; 56.58; 0.5;-; 77.2; 77.2; 28.0; 25.8; 2.3;1436; 0.5; 0.6; 0.6;28; 21.5;F;1;29;On;On;Off; 32.1; 31.5;0;4;796;4;796;3;610;1;-
2026/04/01;11:50:42;100;-; 56.58; 0.8;-; 78.1; 76.5; 47.8; 0.0; 47.8;1436; 0.5; 0.6; 0.6;28; 21.5;F;1;29;On;On;Off; 32.1; 31.6;0;4;796;4;796;3;610;1;-
2026/04/01;11:51:42;100;-; 56.58; 0.9;-; 76.6; 77.7; 49.4; 49.4; 0.0;1436; 0.5; 0.6; 0.6;28; 21.5;F;1;29;On;On;Off; 32.1; 31.6;0;4;796;4;796;3;610;1;-
2026/04/01;11:52:42;100;-; 56.56; 0.6;-; 77.7; 76.9; 33.4; 0.0; 33.4;1436; 0.5; 0.6; 0.6;28; 21.5;F;1;29;On;On;Off; 32.1; 31.6;0;4;796;4;796;3;610;1;-
2026/04/01;11:53:41;100;-; 56.58; 1.0;-; 76.3; 78.1; 58.4; 58.4; 0.0;1436; 0.5; 0.6; 0.6;28; 21.5;F;1;29;On;On;Off; 32.1; 31.6;0;4;796;4;796;3;610;1;-
2026/04/01;11:54:41;100;-; 56.58; 0.6;-; 78.1; 77.0; 31.8; 31.1; 0.7;1436; 0.5; 0.6; 0.6;28; 21.5;F;1;29;On;On;Off; 32.1; 31.6;0;4;796;4;796;3;610;1;-
2026/04/01;11:55:41;100;-; 56.58; 1.0;-; 76.7; 78.2; 57.0; 57.0; 0.0;1436; 0.5; 0.6; 0.6;28; 21.5;F;1;29;On;On;Off; 32.1; 31.6;0;4;796;4;796;3;610;1;-
2026/04/01;11:56:41;100;-; 56.58; 0.6;-; 78.0; 76.6; 34.1; 4.5; 29.6;1436; 0.5; 0.6; 0.6;28; 21.5;F;1;29;On;On;Off; 32.2; 31.6;0;4;796;4;796;3;610;1;-
2026/04/01;11:57:41;100;-; 56.56; 0.8;-; 76.6; 78.1; 44.0; 44.0; 0.0;1436; 0.5; 0.6; 0.6;28; 21.5;F;1;29;On;On;Off; 32.2; 31.6;0;4;796;4;796;3;610;1;-
2026/04/01;11:58:41;100;-; 56.58; 1.0;-; 76.3; 78.0; 58.4; 58.4; 0.0;1436; 0.5; 0.6; 0.6;28; 21.5;F;1;29;On;On;Off; 32.1; 31.7;0;4;796;4;796;3;610;1;-
2026/04/01;11:59:41;100;-; 56.56; 0.5;-; 77.1; 77.5; 31.0; 14.4; 16.7;1436; 0.5; 0.6; 0.6;28; 21.5;F;1;29;On;On;Off; 32.2; 31.7;0;4;796;4;796;3;610;1;-
2026/04/01;12:00:41;100;-; 56.58; 0.9;-; 76.4; 77.6; 51.6; 51.6; 0.0;1436; 0.5; 0.6; 0.6;27; 21.5;F;1;29;On;On;Off; 32.2; 31.7;0;4;796;4;796;3;610;1;-
2026/04/01;12:01:41;100;-; 56.58; 0.5;-; 77.4; 77.0; 29.6; 3.8; 25.8;1436; 0.5; 0.6; 0.6;28; 21.5;F;1;29;On;On;Off; 32.2; 31.7;0;4;796;4;796;3;610;1;-
2026/04/01;12:02:41;100;-; 56.56; 0.7;-; 77.1; 77.0; 41.0; 41.0; 0.0;1436; 0.5; 0.6; 0.6;28; 21.5;F;1;29;On;On;Off; 32.2; 31.7;0;4;796;4;796;3;610;1;-
2026/04/01;12:03:41;100;-; 56.58; 1.0;-; 76.0; 77.7; 53.9; 53.9; 0.0;1436; 0.5; 0.6; 0.6;27; 21.5;F;1;29;On;On;Off; 32.2; 31.7;0;4;796;4;796;3;610;1;-
2026/04/01;12:04:41;100;-; 56.58; 0.5;-; 76.0; 77.5; 31.1; 25.0; 6.1;1436; 0.5; 0.6; 0.6;28; 21.5;F;1;29;On;On;Off; 32.2; 31.7;0;4;796;4;796;3;610;1;-
2026/04/01;12:05:41;100;-; 56.58; 0.6;-; 76.4; 77.7; 31.8; 29.6; 2.3;1436; 0.5; 0.6; 0.6;28; 21.6;F;1;29;On;On;Off; 32.2; 31.7;0;4;796;4;796;3;610;1;-
2026/04/01;12:06:41;100;-; 56.56; 0.9;-; 76.5; 77.8; 51.6; 51.6; 0.0;1436; 0.5; 0.6; 0.6;27; 21.5;F;1;29;On;On;Off; 32.2; 31.7;0;4;796;4;796;3;610;1;-
2026/04/01;12:07:41;100;-; 56.58; 1.0;-; 78.1; 76.1; 54.6; 0.0; 54.6;1436; 0.5; 0.6; 0.6;27; 21.6;F;1;29;On;On;Off; 32.2; 31.7;0;4;796;4;796;3;610;1;-
2026/04/01;12:08:40;100;-; 56.58; 0.7;-; 76.7; 77.7; 37.2; 37.2; 0.0;1436; 0.5; 0.6; 0.6;27; 21.6;F;1;29;On;On;Off; 32.3; 31.8;0;4;796;4;796;3;610;1;-
2026/04/01;12:09:40;100;-; 56.58; 0.7;-; 77.5; 76.9; 37.2; 2.3; 34.9;1436; 0.5; 0.6; 0.6;28; 21.5;F;1;29;On;On;Off; 32.3; 31.8;0;4;796;4;796;3;610;1;-
2026/04/01;12:10:40;100;-; 56.56; 0.9;-; 76.6; 77.9; 48.6; 48.6; 0.0;1436; 0.5; 0.6; 0.6;28; 21.6;F;1;29;On;On;Off; 32.3; 31.8;0;4;796;4;796;3;610;1;-
2026/04/01;12:11:40;100;-; 56.58; 0.5;-; 78.0; 76.3; 30.3; 0.7; 29.6;1436; 0.5; 0.6; 0.6;28; 21.6;F;1;29;On;On;Off; 32.3; 31.8;0;4;796;4;796;3;610;1;-
2026/04/01;12:12:40;100;-; 56.56; 0.5;-; 77.5; 77.4; 31.1; 31.1; 0.0;1436; 0.5; 0.6; 0.6;27; 21.6;F;1;29;On;On;Off; 32.3; 31.8;0;4;796;4;796;3;610;1;-
2026/04/01;12:13:40;100;-; 56.58; 0.6;-; 77.1; 77.9; 31.8; 30.4; 1.5;1436; 0.5; 0.6; 0.6;27; 21.6;F;1;29;On;On;Off; 32.3; 31.8;0;4;796;4;796;3;610;1;-
2026/04/01;12:14:40;100;-; 56.58; 0.9;-; 77.2; 78.2; 48.6; 48.6; 0.0;1436; 0.5; 0.6; 0.6;27; 21.6;F;1;29;On;On;Off; 32.3; 31.8;0;4;796;4;796;3;610;1;-
2026/04/01;12:15:40;100;-; 56.58; 0.6;-; 78.4; 77.2; 31.8; 9.9; 22.0;1436; 0.5; 0.6; 0.6;27; 21.6;F;1;29;On;On;Off; 32.3; 31.8;0;4;796;4;796;3;610;1;-
2026/04/01;12:16:40;100;-; 56.56; 0.5;-; 77.8; 78.3; 27.3; 22.0; 5.3;1436; 0.5; 0.6; 0.6;26; 21.6;F;1;29;On;On;Off; 32.3; 31.8;0;4;796;4;796;3;610;1;-
2026/04/01;12:17:40;100;-; 56.56; 0.6;-; 79.1; 78.1; 35.6; 0.0; 35.6;1436; 0.5; 0.6; 0.6;26; 21.6;F;1;29;On;On;Off; 32.3; 31.8;0;4;796;4;796;3;610;1;-
2026/04/01;12:18:40;100;-; 56.58; 0.9;-; 79.2; 78.5; 50.8; 0.0; 50.8;1436; 0.5; 0.6; 0.6;27; 21.6;F;1;29;On;On;Off; 32.3; 31.8;0;4;796;4;796;3;610;1;-
2026/04/01;12:19:40;100;-; 56.58; 0.9;-; 78.8; 79.7; 51.6; 51.6; 0.0;1436; 0.5; 0.6; 0.6;26; 21.6;F;1;29;On;On;Off; 32.4; 31.9;0;4;796;4;796;3;610;1;-
2026/04/01;12:20:40;100;-; 56.58; 0.9;-; 78.2; 78.9; 51.6; 51.6; 0.0;1436; 0.5; 0.6; 0.6;26; 21.6;F;1;29;On;On;Off; 32.4; 31.9;0;4;796;4;796;3;610;1;-
2026/04/01;12:21:40;100;-; 56.58; 0.7;-; 80.9; 80.4; 39.4; 0.0; 39.4;1436; 0.5; 0.6; 0.6;27; 21.6;F;1;29;On;On;Off; 32.4; 31.9;0;4;796;4;796;3;610;1;-
2026/04/01;12:22:40;100;-; 56.58; 0.6;-; 79.4; 78.3; 31.9; 1.5; 30.4;1436; 0.5; 0.5; 0.5;26; 21.6;F;1;29;On;On;Off; 32.4; 31.9;0;4;796;4;796;3;610;1;-
2026/04/01;12:23:39;100;-; 56.58; 0.6;-; 79.2; 78.2; 31.8; 17.5; 14.4;1436; 0.5; 0.6; 0.6;26; 21.6;F;1;29;On;On;Off; 32.4; 31.9;0;4;796;4;796;3;610;1;-
2026/04/01;12:24:39;100;-; 56.56; 0.4;-; 79.2; 78.6; 25.0; 3.0; 22.0;1436; 0.5; 0.6; 0.6;26; 21.6;F;1;29;On;On;Off; 32.4; 31.9;0;4;796;4;796;4;611;1;-
2026/04/01;12:25:39;100;-; 56.56; 0.5;-; 79.8; 79.2; 25.8; 22.8; 3.0;1436; 0.5; 0.6; 0.6;26; 21.7;F;1;29;On;On;Off; 32.4; 31.9;0;4;796;4;796;4;611;1;-
2026/04/01;12:26:39;100;-; 56.58; 0.5;-; 79.6; 79.1; 29.6; 15.2; 14.4;1436; 0.5; 0.6; 0.6;26; 21.7;F;1;29;On;On;Off; 32.5; 32.0;0;4;796;4;796;4;611;1;-
2026/04/01;12:27:39;100;-; 56.58; 0.5;-; 78.7; 78.5; 31.1; 12.9; 18.2;1436; 0.5; 0.6; 0.6;27; 21.7;F;1;29;On;On;Off; 32.5; 32.0;0;4;796;4;796;4;611;1;-
2026/04/01;12:28:39;100;-; 56.58; 0.5;-; 78.6; 77.8; 27.3; 6.1; 21.3;1436; 0.5; 0.6; 0.6;27; 21.7;F;1;29;On;On;Off; 32.5; 32.0;0;4;796;4;796;4;611;1;-
2026/04/01;12:29:39;100;-; 56.58; 0.6;-; 77.8; 77.5; 34.2; 34.2; 0.0;1436; 0.5; 0.6; 0.6;27; 21.7;F;1;29;On;On;Off; 32.5; 32.0;0;4;796;4;796;4;611;1;-
2026/04/01;12:30:39;100;-; 56.58; 0.7;-; 77.2; 77.3; 38.7; 38.7; 0.0;1436; 0.5; 0.6; 0.6;27; 21.7;F;1;29;On;On;Off; 32.5; 32.0;0;4;796;4;796;4;611;1;-
2026/04/01;12:31:39;100;-; 56.58; 0.7;-; 76.6; 76.3; 37.2; 37.2; 0.0;1436; 0.5; 0.6; 0.6;27; 21.7;F;1;29;On;On;Off; 32.5; 32.0;0;4;796;4;796;4;611;1;-
2026/04/01;12:32:39;100;-; 56.58; 1.0;-; 73.9; 74.7; 56.9; 56.9; 0.0;1436; 0.5; 0.6; 0.6;28; 21.7;F;1;29;On;On;Off; 32.5; 32.0;0;4;796;4;796;4;611;1;-
2026/04/01;12:33:39;100;-; 56.56; 1.0;-; 75.2; 73.8; 55.4; 0.0; 55.4;1436; 0.5; 0.6; 0.6;28; 21.7;F;1;29;On;On;Off; 32.4; 31.9;0;4;796;4;796;4;611;1;-
2026/04/01;12:34:39;100;-; 56.56; 0.5;-; 74.3; 74.5; 28.8; 24.2; 4.5;1436; 0.5; 0.6; 0.6;29; 21.7;F;1;29;On;On;Off; 32.4; 31.9;0;4;796;4;796;4;611;1;-
2026/04/01;12:35:39;100;-; 56.56; 0.6;-; 74.0; 74.7; 34.9; 28.8; 6.1;1436; 0.5; 0.6; 0.6;28; 21.8;F;1;29;On;On;Off; 32.4; 31.9;0;4;796;4;796;4;611;1;-
2026/04/01;12:36:39;100;-; 56.58; 0.7;-; 74.6; 75.5; 39.4; 39.4; 0.0;1436; 0.5; 0.6; 0.6;27; 21.7;F;1;29;On;On;Off; 32.4; 31.9;0;4;796;4;796;4;611;1;-
2026/04/01;12:37:39;100;-; 56.58; 0.6;-; 76.4; 75.3; 34.1; 6.1; 28.0;1436; 0.5; 0.6; 0.6;27; 21.8;F;1;29;On;On;Off; 32.4; 31.9;0;4;796;4;796;4;611;1;-
2026/04/01;12:38:38;100;-; 56.56; 0.4;-; 76.0; 76.7; 23.5; 22.8; 0.7;1436; 0.5; 0.6; 0.6;26; 21.8;F;1;29;On;On;Off; 32.4; 31.9;0;5;797;5;797;4;611;1;-
2026/04/01;12:39:38;100;-; 56.56; 0.5;-; 77.1; 76.5; 28.8; 0.7; 28.0;1436; 0.5; 0.6; 0.6;26; 21.8;F;1;29;On;On;Off; 32.5; 31.9;0;5;797;5;797;4;611;1;-
2026/04/01;12:40:38;100;-; 56.58; 0.9;-; 78.4; 77.8; 48.6; 0.0; 48.6;1437; 0.5; 0.6; 0.6;26; 21.8;F;1;29;On;On;Off; 32.5; 32.0;0;5;797;5;797;4;611;1;-
2026/04/01;12:41:38;100;-; 56.56; 0.7;-; 76.7; 76.5; 41.8; 41.8; 0.0;1437; 0.5; 0.6; 0.6;26; 21.8;F;1;29;On;On;Off; 32.5; 32.0;0;5;797;5;797;4;611;1;-
2026/04/01;12:42:38;100;-; 56.58; 0.7;-; 76.6; 75.9; 40.2; 12.1; 28.0;1437; 0.5; 0.6; 0.6;25; 21.8;F;1;29;On;On;Off; 32.5; 32.0;0;5;797;5;797;4;611;1;-
2026/04/01;12:43:38;100;-; 56.58; 0.6;-; 77.3; 76.0; 34.1; 13.7; 20.5;1437; 0.5; 0.6; 0.6;26; 21.8;F;1;29;On;On;Off; 32.5; 32.0;0;5;797;5;797;4;611;1;-
2026/04/01;12:44:38;100;-; 56.56; 0.5;-; 76.8; 77.3; 31.0; 14.4; 16.7;1437; 0.5; 0.6; 0.6;26; 21.8;F;1;29;On;On;Off; 32.5; 32.0;0;5;797;5;797;4;611;1;-
2026/04/01;12:45:38;100;-; 56.56; 0.6;-; 77.6; 77.0; 31.8; 6.8; 25.0;1437; 0.5; 0.6; 0.6;26; 21.8;F;1;29;On;On;Off; 32.5; 32.0;0;5;797;5;797;4;611;1;-
2026/04/01;12:46:38;100;-; 56.56; 0.5;-; 78.9; 78.3; 25.8; 6.1; 19.7;1437; 0.5; 0.6; 0.6;26; 21.8;F;1;29;On;On;Off; 32.5; 32.0;0;5;797;5;797;4;611;1;-
2026/04/01;12:47:38;100;-; 56.58; 0.6;-; 77.4; 76.3; 34.1; 1.5; 32.6;1437; 0.5; 0.6; 0.6;26; 21.8;F;1;29;On;On;Off; 32.5; 32.0;0;5;797;5;797;4;611;1;-
2026/04/01;12:48:38;100;-; 56.58; 0.5;-; 78.0; 77.2; 31.1; 26.6; 4.5;1437; 0.5; 0.6; 0.6;26; 21.8;F;1;29;On;On;Off; 32.5; 32.0;0;5;797;5;797;4;611;1;-
2026/04/01;12:49:38;100;-; 56.56; 0.8;-; 78.1; 78.0; 43.2; 43.2; 0.0;1437; 0.5; 0.6; 0.6;27; 21.8;F;1;29;On;On;Off; 32.5; 32.0;0;5;797;5;797;4;611;1;-
2026/04/01;12:50:38;100;-; 56.56; 0.5;-; 77.9; 77.3; 26.5; 17.4; 9.1;1437; 0.5; 0.6; 0.6;27; 21.8;F;1;29;On;On;Off; 32.5; 32.0;0;5;797;5;797;4;611;1;-
2026/04/01;12:51:38;100;-; 56.58; 0.8;-; 77.0; 77.7; 47.0; 47.0; 0.0;1437; 0.5; 0.6; 0.6;27; 21.8;F;1;29;On;On;Off; 32.5; 32.0;0;5;797;5;797;4;611;1;-
2026/04/01;12:52:38;100;-; 56.56; 1.1;-; 76.4; 77.8; 62.2; 62.2; 0.0;1437; 0.5; 0.6; 0.6;27; 21.8;F;1;29;On;On;Off; 32.5; 32.0;0;5;797;5;797;4;611;1;-
2026/04/01;12:53:37;100;-; 56.56; 0.5;-; 78.0; 77.4; 28.0; 0.0; 28.0;1437; 0.5; 0.6; 0.6;28; 21.9;F;1;29;On;On;Off; 32.6; 32.0;0;5;797;5;797;4;611;1;-
2026/04/01;12:54:37;100;-; 56.58; 0.6;-; 77.3; 78.0; 36.4; 22.8; 13.7;1437; 0.5; 0.6; 0.6;28; 21.8;F;1;29;On;On;Off; 32.5; 32.0;0;5;797;5;797;4;611;1;-
2026/04/01;12:55:37;100;-; 56.58; 1.1;-; 77.6; 78.3; 64.5; 64.5; 0.0;1437; 0.5; 0.6; 0.6;28; 21.8;F;1;29;On;On;Off; 32.6; 32.1;0;5;797;5;797;4;611;1;-
2026/04/01;12:56:37;100;-; 56.58; 0.6;-; 78.1; 77.9; 34.2; 34.2; 0.0;1437; 0.5; 0.6; 0.6;27; 21.8;F;1;29;On;On;Off; 32.6; 32.1;0;5;797;5;797;4;611;1;-
2026/04/01;12:57:37;100;-; 56.56; 1.0;-; 78.7; 77.1; 55.4; 0.0; 55.4;1437; 0.5; 0.6; 0.6;28; 21.8;F;1;29;On;On;Off; 32.6; 32.1;0;5;797;5;797;4;611;1;-
2026/04/01;12:58:37;100;-; 56.58; 0.9;-; 79.4; 78.2; 53.2; 0.0; 53.2;1437; 0.5; 0.6; 0.6;27; 21.8;F;1;29;On;On;Off; 32.6; 32.1;0;5;797;5;797;4;611;1;-
2026/04/01;12:59:37;100;-; 56.58; 0.8;-; 79.5; 78.6; 45.6; 0.0; 45.6;1437; 0.5; 0.5; 0.5;27; 21.8;F;1;29;On;On;Off; 32.6; 32.1;0;5;797;5;797;4;611;1;-
2026/04/01;13:00:37;100;-; 56.58; 0.8;-; 79.1; 78.1; 45.6; 0.0; 45.6;1437; 0.5; 0.6; 0.6;27; 21.8;F;1;29;On;On;Off; 32.6; 32.1;0;5;797;5;797;4;611;1;-
2026/04/01;13:01:37;100;-; 56.56; 0.9;-; 78.6; 77.4; 50.8; 0.0; 50.8;1437; 0.5; 0.6; 0.6;28; 21.8;F;1;29;On;On;Off; 32.6; 32.1;0;5;797;5;797;4;611;1;-
2026/04/01;13:02:37;100;-; 56.58; 0.5;-; 78.3; 78.0; 29.6; 4.5; 25.0;1437; 0.5; 0.6; 0.6;27; 21.8;F;1;29;On;On;Off; 32.6; 32.1;0;5;797;5;797;4;611;1;-
2026/04/01;13:03:37;100;-; 56.56; 0.4;-; 79.4; 79.4; 23.5; 23.5; 0.0;1437; 0.5; 0.6; 0.6;27; 21.8;F;1;29;On;On;Off; 32.6; 32.1;0;5;797;5;797;4;611;1;-
2026/04/01;13:04:37;100;-; 56.56; 0.4;-; 78.8; 79.0; 22.8; 22.8; 0.0;1437; 0.5; 0.6; 0.6;27; 21.8;F;1;29;On;On;Off; 32.6; 32.1;0;5;797;5;797;4;611;1;-
2026/04/01;13:05:37;100;-; 56.58; 0.6;-; 80.1; 79.3; 34.1; 19.7; 14.4;1437; 0.5; 0.5; 0.5;27; 21.8;F;1;29;On;On;Off; 32.6; 32.1;0;5;797;5;797;4;611;1;-
2026/04/01;13:06:37;100;-; 56.56; 0.7;-; 79.6; 78.9; 37.2; 0.0; 37.2;1437; 0.5; 0.5; 0.5;27; 21.8;F;1;29;On;On;Off; 32.7; 32.1;0;5;797;5;797;4;611;1;-
2026/04/01;13:07:37;100;-; 56.56; 0.6;-; 78.6; 78.3; 31.8; 4.5; 27.3;1437; 0.5; 0.6; 0.6;27; 21.8;F;1;29;On;On;Off; 32.6; 32.2;0;5;797;5;797;4;611;1;-
2026/04/01;13:08:36;100;-; 56.56; 0.5;-; 78.8; 78.2; 26.5; 1.5; 25.0;1437; 0.5; 0.6; 0.6;27; 21.8;F;1;29;On;On;Off; 32.6; 32.1;0;5;797;5;797;4;611;1;-
2026/04/01;13:09:36;100;-; 56.56; 0.5;-; 78.2; 77.9; 26.5; 17.5; 9.1;1437; 0.5; 0.6; 0.6;27; 21.8;F;1;29;On;On;Off; 32.6; 32.1;0;5;797;5;797;4;611;1;-
2026/04/01;13:10:36;100;-; 56.58; 0.4;-; 77.4; 77.7; 24.2; 22.8; 1.5;1437; 0.5; 0.6; 0.6;27; 21.8;F;1;29;On;On;Off; 32.6; 32.1;0;5;797;5;797;4;611;1;-
2026/04/01;13:11:36;100;-; 56.56; 0.7;-; 76.6; 76.2; 37.9; 37.9; 0.0;1437; 0.5; 0.6; 0.6;27; 21.8;F;1;29;On;On;Off; 32.6; 32.1;0;5;797;5;797;4;611;1;-
2026/04/01;13:12:36;100;-; 56.56; 0.5;-; 77.7; 77.4; 25.8; 0.0; 25.8;1437; 0.5; 0.6; 0.6;28; 21.8;F;1;29;On;On;Off; 32.6; 32.1;0;5;797;5;797;4;611;1;-
2026/04/01;13:13:36;100;-; 56.58; 0.8;-; 75.4; 76.2; 45.5; 39.4; 6.1;1437; 0.5; 0.6; 0.6;28; 21.8;F;1;29;On;On;Off; 32.6; 32.1;0;5;797;5;797;4;611;1;-
2026/04/01;13:14:36;100;-; 56.56; 0.5;-; 78.0; 77.9; 26.6; 3.8; 22.8;1437; 0.5; 0.6; 0.6;28; 21.8;F;1;29;On;On;Off; 32.6; 32.1;0;5;797;5;797;4;611;1;-
2026/04/01;13:15:36;100;-; 56.58; 0.7;-; 76.2; 75.2; 40.2; 0.0; 40.2;1437; 0.5; 0.6; 0.6;28; 21.8;F;1;29;On;On;Off; 32.6; 32.1;0;5;797;5;797;4;611;1;-
2026/04/01;13:16:36;100;-; 56.56; 0.6;-; 76.6; 76.0; 36.4; 0.0; 36.4;1437; 0.5; 0.6; 0.6;28; 21.8;F;1;29;On;On;Off; 32.6; 32.1;0;5;797;5;797;4;611;1;-
2026/04/01;13:17:36;100;-; 56.58; 0.5;-; 77.9; 77.1; 30.3; 12.9; 17.5;1437; 0.5; 0.6; 0.6;28; 21.8;F;1;29;On;On;Off; 32.6; 32.1;0;5;797;5;797;4;611;1;-
2026/04/01;13:18:36;100;-; 56.56; 0.6;-; 78.8; 78.2; 34.8; 33.4; 1.5;1437; 0.5; 0.6; 0.6;28; 21.8;F;1;29;On;On;Off; 32.6; 32.1;0;5;797;5;797;4;611;1;-
2026/04/01;13:19:36;100;-; 56.58; 0.8;-; 78.2; 77.0; 47.8; 0.0; 47.8;1437; 0.5; 0.6; 0.6;28; 21.8;F;1;29;On;On;Off; 32.6; 32.1;0;5;797;5;797;4;611;1;-
2026/04/01;13:20:36;100;-; 56.58; 0.7;-; 78.8; 78.9; 38.0; 19.0; 19.0;1437; 0.5; 0.6; 0.6;28; 21.8;F;1;29;On;On;Off; 32.6; 32.1;0;5;797;5;797;4;611;1;-
2026/04/01;13:21:36;100;-; 56.58; 0.9;-; 77.4; 77.7; 48.6; 48.6; 0.0;1437; 0.5; 0.6; 0.6;28; 21.8;F;1;29;On;On;Off; 32.6; 32.1;0;5;797;5;797;4;611;1;-
2026/04/01;13:22:36;100;-; 56.58; 0.6;-; 78.5; 77.4; 36.4; 0.0; 36.4;1437; 0.5; 0.6; 0.6;28; 21.8;F;1;29;On;On;Off; 32.6; 32.1;0;5;797;5;797;4;611;1;-
2026/04/01;13:23:35;100;-; 56.58; 0.6;-; 77.4; 77.9; 35.6; 35.6; 0.0;1437; 0.5; 0.6; 0.6;27; 21.8;F;1;29;On;On;Off; 32.6; 32.1;0;5;797;5;797;4;611;1;-
2026/04/01;13:24:35;100;-; 56.58; 0.7;-; 77.5; 77.7; 40.2; 39.4; 0.7;1437; 0.5; 0.6; 0.6;28; 21.8;F;1;29;On;On;Off; 32.6; 32.1;0;5;797;5;797;4;611;1;-
2026/04/01;13:25:35;100;-; 56.58; 0.6;-; 77.8; 77.5; 31.8; 24.2; 7.6;1437; 0.5; 0.6; 0.6;28; 21.8;F;1;29;On;On;Off; 32.6; 32.1;0;5;797;5;797;4;611;1;-
2026/04/01;13:26:35;100;-; 56.56; 0.5;-; 77.8; 77.4; 29.6; 0.0; 29.6;1437; 0.5; 0.6; 0.6;27; 21.7;F;1;29;On;On;Off; 32.6; 32.1;0;5;797;5;797;4;611;1;-
2026/04/01;13:27:35;100;-; 56.58; 0.6;-; 77.7; 76.9; 35.6; 35.6; 0.0;1437; 0.5; 0.6; 0.6;27; 21.7;F;1;29;On;On;Off; 32.6; 32.1;0;5;797;5;797;4;611;1;-
2026/04/01;13:28:35;100;-; 56.56; 0.3;-; 77.8; 77.3; 19.0; 0.0; 19.0;1437; 0.5; 0.6; 0.6;27; 21.7;F;1;29;On;On;Off; 32.6; 32.1;0;5;797;5;797;4;611;1;-
2026/04/01;13:29:35;100;-; 56.58; 0.8;-; 78.0; 76.8; 44.8; 10.6; 34.2;1437; 0.5; 0.6; 0.6;28; 21.7;F;1;29;On;On;Off; 32.6; 32.1;0;5;797;5;797;4;611;1;-
2026/04/01;13:30:35;100;-; 56.58; 0.5;-; 77.7; 77.0; 30.4; 30.4; 0.0;1437; 0.5; 0.6; 0.6;27; 21.7;F;1;29;On;On;Off; 32.6; 32.1;0;5;797;5;797;4;611;1;-
2026/04/01;13:31:35;100;-; 56.56; 0.4;-; 77.8; 77.0; 23.5; 11.4; 12.1;1437; 0.5; 0.6; 0.6;28; 21.7;F;1;29;On;On;Off; 32.6; 32.1;0;5;797;5;797;4;611;1;-
2026/04/01;13:32:35;100;-; 56.58; 0.9;-; 78.0; 76.9; 50.1; 0.0; 50.1;1437; 0.5; 0.6; 0.6;27; 21.7;F;1;29;On;On;Off; 32.6; 32.1;0;5;797;5;797;4;611;1;-
2026/04/01;13:33:35;100;-; 56.56; 0.4;-; 77.6; 77.5; 22.7; 21.2; 1.5;1437; 0.5; 0.6; 0.6;27; 21.7;F;1;29;On;On;Off; 32.6; 32.1;0;5;797;5;797;4;611;1;-
2026/04/01;13:34:35;100;-; 56.56; 0.6;-; 77.8; 77.4; 32.6; 0.0; 32.6;1437; 0.5; 0.6; 0.6;27; 21.7;F;1;29;On;On;Off; 32.6; 32.1;0;5;797;5;797;4;611;1;-
2026/04/01;13:35:35;100;-; 56.56; 0.4;-; 78.0; 77.4; 22.8; 0.0; 22.8;1437; 0.5; 0.6; 0.6;26; 21.7;F;1;29;On;On;Off; 32.6; 32.1;0;5;797;5;797;4;611;1;-
2026/04/01;13:36:35;100;-; 56.56; 0.5;-; 77.4; 77.6; 30.4; 30.4; 0.0;1437; 0.5; 0.6; 0.6;27; 21.7;F;1;29;On;On;Off; 32.6; 32.1;0;5;797;5;797;4;611;1;-
2026/04/01;13:37:35;100;-; 56.58; 0.7;-; 77.5; 77.7; 40.2; 40.2; 0.0;1437; 0.5; 0.6; 0.6;26; 21.7;F;1;29;On;On;Off; 32.6; 32.1;0;5;797;5;797;4;611;1;-
2026/04/01;13:38:34;100;-; 56.58; 1.1;-; 78.2; 77.0; 59.9; 0.0; 59.9;1437; 0.5; 0.6; 0.6;27; 21.7;F;1;29;On;On;Off; 32.6; 32.1;0;5;797;5;797;4;611;1;-
2026/04/01;13:39:34;100;-; 56.56; 0.4;-; 78.1; 77.2; 25.0; 15.9; 9.1;1437; 0.5; 0.6; 0.6;27; 21.7;F;1;29;On;On;Off; 32.6; 32.1;0;5;797;5;797;4;611;1;-
2026/04/01;13:40:34;100;-; 56.56; 0.7;-; 78.2; 77.4; 38.0; 0.0; 38.0;1438; 0.5; 0.6; 0.6;28; 21.7;F;1;29;On;On;Off; 32.6; 32.1;0;5;797;5;797;4;611;1;-
2026/04/01;13:41:34;100;-; 56.56; 0.7;-; 77.7; 77.8; 39.4; 39.4; 0.0;1438; 0.5; 0.6; 0.6;27; 21.7;F;1;29;On;On;Off; 32.6; 32.1;0;5;797;5;797;4;611;1;-
2026/04/01;13:42:34;100;-; 56.56; 0.6;-; 78.2; 77.2; 31.8; 22.8; 9.1;1438; 0.5; 0.6; 0.6;27; 21.7;F;1;29;On;On;Off; 32.6; 32.1;0;5;797;5;797;4;611;1;-
2026/04/01;13:43:34;100;-; 56.58; 0.7;-; 77.7; 77.8; 41.8; 41.8; 0.0;1438; 0.5; 0.6; 0.6;28; 21.7;F;1;29;On;On;Off; 32.6; 32.1;0;5;797;5;797;4;611;1;-
2026/04/01;13:44:34;100;-; 56.58; 0.9;-; 77.4; 77.9; 52.4; 52.4; 0.0;1438; 0.5; 0.6; 0.6;27; 21.7;F;1;29;On;On;Off; 32.6; 32.1;0;5;797;5;797;4;611;1;-
2026/04/01;13:45:34;100;-; 56.58; 1.0;-; 77.6; 77.9; 58.4; 58.4; 0.0;1438; 0.5; 0.6; 0.6;27; 21.7;F;1;29;On;On;Off; 32.6; 32.1;0;5;797;5;797;4;611;1;-
2026/04/01;13:46:34;100;-; 56.58; 0.8;-; 77.6; 77.9; 47.0; 47.0; 0.0;1438; 0.5; 0.6; 0.6;27; 21.7;F;1;29;On;On;Off; 32.6; 32.1;0;5;797;5;797;4;611;1;-
2026/04/01;13:47:34;100;-; 56.56; 0.7;-; 78.5; 77.5; 41.0; 0.0; 41.0;1438; 0.5; 0.6; 0.6;28; 21.7;F;1;29;On;On;Off; 32.6; 32.1;0;5;797;5;797;4;611;1;-
2026/04/01;13:48:34;100;-; 56.58; 0.5;-; 77.8; 77.9; 28.0; 27.3; 0.7;1438; 0.5; 0.6; 0.6;27; 21.7;F;1;29;On;On;Off; 32.6; 32.1;0;5;797;5;797;4;611;1;-
2026/04/01;13:49:34;100;-; 56.58; 0.5;-; 77.9; 77.8; 28.0; 17.5; 10.6;1438; 0.5; 0.6; 0.6;27; 21.7;F;1;29;On;On;Off; 32.6; 32.1;0;5;797;5;797;4;611;1;-
2026/04/01;13:50:34;100;-; 56.58; 0.5;-; 77.9; 77.9; 25.8; 14.4; 11.4;1438; 0.5; 0.6; 0.6;26; 21.7;F;1;29;On;On;Off; 32.6; 32.1;0;5;797;5;797;4;611;1;-
2026/04/01;13:51:34;100;-; 56.58; 0.6;-; 78.2; 77.3; 34.1; 32.6; 1.5;1438; 0.5; 0.6; 0.6;27; 21.7;F;1;29;On;On;Off; 32.6; 32.1;0;5;797;5;797;4;611;1;-
2026/04/01;13:52:34;100;-; 56.58; 0.9;-; 78.2; 77.4; 49.3; 0.0; 49.3;1438; 0.5; 0.6; 0.6;27; 21.7;F;1;29;On;On;Off; 32.6; 32.1;0;5;797;5;797;4;611;1;-
2026/04/01;13:53:33;100;-; 56.58; 0.6;-; 78.1; 77.2; 36.4; 8.3; 28.0;1438; 0.5; 0.6; 0.6;27; 21.7;F;1;29;On;On;Off; 32.6; 32.1;0;5;797;5;797;4;611;1;-
2026/04/01;13:54:33;100;-; 56.58; 0.9;-; 77.5; 78.0; 52.4; 52.4; 0.0;1438; 0.5; 0.6; 0.6;28; 21.7;F;1;29;On;On;Off; 32.6; 32.1;0;5;797;5;797;4;611;1;-
2026/04/01;13:55:33;100;-; 56.58; 0.5;-; 77.8; 77.3; 31.0; 20.5; 10.6;1438; 0.5; 0.6; 0.6;27; 21.7;F;1;29;On;On;Off; 32.6; 32.1;0;5;797;5;797;4;611;1;-
2026/04/01;13:56:33;100;-; 56.58; 0.6;-; 77.7; 77.3; 32.6; 9.1; 23.5;1438; 0.5; 0.6; 0.6;27; 21.7;F;1;29;On;On;Off; 32.6; 32.1;0;5;797;5;797;4;611;1;-
2026/04/01;13:57:33;100;-; 56.58; 0.6;-; 77.8; 77.4; 31.8; 5.3; 26.6;1438; 0.5; 0.6; 0.6;27; 21.7;F;1;29;On;On;Off; 32.6; 32.1;0;5;797;5;797;4;611;1;-
2026/04/01;13:58:33;100;-; 56.58; 0.6;-; 77.7; 77.2; 31.8; 27.3; 4.5;1438; 0.5; 0.6; 0.6;27; 21.7;F;1;29;On;On;Off; 32.6; 32.1;0;5;797;5;797;4;611;1;-
2026/04/01;13:59:33;100;-; 56.58; 1.0;-; 77.3; 77.6; 56.9; 56.9; 0.0;1438; 0.5; 0.6; 0.6;27; 21.7;F;1;29;On;On;Off; 32.6; 32.1;0;5;797;5;797;4;611;1;-
2026/04/01;14:00:33;100;-; 56.56; 0.5;-; 77.7; 77.1; 29.6; 0.0; 29.6;1438; 0.5; 0.6; 0.6;27; 21.7;F;1;29;On;On;Off; 32.6; 32.1;0;5;797;5;797;4;611;1;-
2026/04/01;14:01:33;100;-; 56.58; 0.6;-; 77.5; 77.4; 34.1; 1.5; 32.6;1438; 0.5; 0.6; 0.6;27; 21.7;F;1;29;On;On;Off; 32.6; 32.1;0;5;797;5;797;4;611;1;-
2026/04/01;14:02:33;100;-; 56.58; 0.6;-; 77.6; 77.6; 31.9; 3.0; 28.8;1438; 0.5; 0.6; 0.6;27; 21.7;F;1;29;On;On;Off; 32.6; 32.1;0;5;797;5;797;4;611;1;-
2026/04/01;14:03:33;100;-; 56.60; 0.8;-; 78.2; 77.2; 43.2; 0.0; 43.2;1438; 0.5; 0.6; 0.6;27; 21.7;F;1;29;On;On;Off; 32.6; 32.1;0;5;797;5;797;4;611;1;-
2026/04/01;14:04:33;100;-; 56.58; 0.5;-; 77.6; 77.5; 31.1; 15.9; 15.2;1438; 0.5; 0.6; 0.6;28; 21.7;F;1;29;On;On;Off; 32.6; 32.1;0;5;797;5;797;4;611;1;-
2026/04/01;14:05:33;100;-; 56.58; 0.8;-; 77.2; 77.5; 47.8; 47.8; 0.0;1438; 0.5; 0.6; 0.6;27; 21.7;F;1;29;On;On;Off; 32.6; 32.1;0;5;797;5;797;4;611;1;-
2026/04/01;14:06:33;100;-; 56.58; 0.7;-; 77.7; 77.0; 41.0; 0.0; 41.0;1438; 0.5; 0.6; 0.6;27; 21.7;F;1;29;On;On;Off; 32.6; 32.1;0;5;797;5;797;4;611;1;-
2026/04/01;14:07:33;100;-; 56.58; 0.6;-; 77.7; 77.4; 34.2; 34.2; 0.0;1438; 0.5; 0.6; 0.6;28; 21.7;F;1;29;On;On;Off; 32.6; 32.1;0;5;797;5;797;4;611;1;-
2026/04/01;14:08:32;100;-; 56.58; 0.8;-; 77.4; 77.7; 42.5; 42.5; 0.0;1438; 0.5; 0.6; 0.6;28; 21.7;F;1;29;On;On;Off; 32.6; 32.1;0;5;797;5;797;4;611;1;-
2026/04/01;14:09:32;100;-; 56.58; 0.6;-; 77.4; 77.7; 34.1; 33.4; 0.7;1438; 0.5; 0.6; 0.6;27; 21.7;F;1;29;On;On;Off; 32.6; 32.1;0;5;797;5;797;4;611;1;-
2026/04/01;14:10:32;100;-; 56.58; 0.7;-; 78.1; 77.3; 40.2; 40.2; 0.0;1438; 0.5; 0.6; 0.6;28; 21.7;F;1;29;On;On;Off; 32.6; 32.1;0;5;797;5;797;5;612;1;-
2026/04/01;14:11:32;100;-; 56.58; 0.6;-; 78.2; 77.4; 34.1; 12.9; 21.2;1438; 0.5; 0.6; 0.6;28; 21.7;F;1;29;On;On;Off; 32.6; 32.1;0;5;797;5;797;5;612;1;-
2026/04/01;14:12:32;100;-; 56.58; 0.8;-; 78.1; 77.6; 47.0; 0.0; 47.0;1438; 0.5; 0.6; 0.6;27; 21.7;F;1;29;On;On;Off; 32.6; 32.1;0;5;797;5;797;5;612;1;-
2026/04/01;14:13:32;100;-; 56.58; 0.6;-; 77.8; 78.0; 34.9; 30.4; 4.5;1438; 0.5; 0.6; 0.6;27; 21.7;F;1;29;On;On;Off; 32.6; 32.1;0;5;797;5;797;5;612;1;-
2026/04/01;14:14:32;100;-; 56.58; 0.6;-; 77.8; 78.1; 34.9; 31.9; 3.0;1438; 0.5; 0.6; 0.6;26; 21.7;F;1;29;On;On;Off; 32.6; 32.1;0;5;797;5;797;5;612;1;-
2026/04/01;14:15:32;100;-; 56.58; 0.9;-; 77.8; 78.0; 51.6; 51.6; 0.0;1438; 0.5; 0.6; 0.6;27; 21.7;F;1;29;On;On;Off; 32.6; 32.1;0;5;797;5;797;5;612;1;-
2026/04/01;14:16:32;100;-; 56.58; 0.8;-; 78.2; 77.6; 47.8; 0.0; 47.8;1438; 0.5; 0.6; 0.6;26; 21.7;F;1;29;On;On;Off; 32.6; 32.1;0;5;797;5;797;5;612;1;-
2026/04/01;14:17:32;100;-; 56.58; 0.7;-; 77.8; 78.0; 38.7; 38.7; 0.0;1438; 0.5; 0.6; 0.6;27; 21.7;F;1;29;On;On;Off; 32.6; 32.1;0;5;797;5;797;5;612;1;-
2026/04/01;14:18:32;100;-; 56.58; 0.8;-; 78.3; 77.2; 46.3; 0.0; 46.3;1438; 0.5; 0.6; 0.6;27; 21.7;F;1;29;On;On;Off; 32.6; 32.1;0;5;797;5;797;5;612;1;-
2026/04/01;14:19:32;100;-; 56.58; 0.5;-; 78.2; 77.5; 29.5; 5.3; 24.2;1438; 0.5; 0.6; 0.6;27; 21.7;F;1;29;On;On;Off; 32.6; 32.1;0;5;797;5;797;5;612;1;-
2026/04/01;14:20:32;100;-; 56.58; 0.6;-; 77.7; 78.0; 34.2; 30.4; 3.8;1438; 0.5; 0.6; 0.6;27; 21.7;F;1;29;On;On;Off; 32.6; 32.1;0;5;797;5;797;5;612;1;-
2026/04/01;14:21:32;100;-; 56.56; 0.6;-; 78.3; 77.5; 33.4; 0.0; 33.4;1438; 0.5; 0.6; 0.6;27; 21.7;F;1;29;On;On;Off; 32.6; 32.1;0;5;797;5;797;5;612;1;-
2026/04/01;14:22:32;100;-; 56.58; 0.9;-; 77.8; 78.1; 51.6; 51.6; 0.0;1438; 0.5; 0.6; 0.6;27; 21.7;F;1;29;On;On;Off; 32.6; 32.1;0;5;797;5;797;5;612;1;-
2026/04/01;14:23:31;100;-; 56.58; 0.5;-; 77.9; 77.9; 31.1; 22.8; 8.3;1438; 0.5; 0.6; 0.6;27; 21.7;F;1;29;On;On;Off; 32.6; 32.1;0;5;797;5;797;5;612;1;-
2026/04/01;14:24:31;100;-; 56.58; 0.6;-; 77.9; 78.2; 31.8; 31.8; 0.0;1438; 0.5; 0.6; 0.6;27; 21.7;F;1;29;On;On;Off; 32.6; 32.1;0;6;798;6;798;5;612;1;-
2026/04/01;14:25:31;100;-; 56.58; 0.6;-; 78.4; 77.2; 36.4; 18.2; 18.2;1438; 0.5; 0.6; 0.6;27; 21.7;F;1;29;On;On;Off; 32.6; 32.1;0;6;798;6;798;5;612;1;-
2026/04/01;14:26:31;100;-; 56.56; 0.5;-; 78.0; 77.4; 28.8; 27.3; 1.5;1438; 0.5; 0.6; 0.6;27; 21.7;F;1;29;On;On;Off; 32.6; 32.1;0;6;798;6;798;5;612;1;-
2026/04/01;14:27:31;100;-; 56.58; 0.8;-; 77.4; 77.8; 43.2; 43.2; 0.0;1438; 0.5; 0.6; 0.6;27; 21.7;F;1;29;On;On;Off; 32.6; 32.1;0;6;798;6;798;5;612;1;-
2026/04/01;14:28:31;100;-; 56.56; 0.8;-; 78.1; 77.3; 43.2; 0.0; 43.2;1438; 0.5; 0.6; 0.6;27; 21.7;F;1;29;On;On;Off; 32.6; 32.1;0;6;798;6;798;5;612;1;-
2026/04/01;14:29:31;100;-; 56.56; 0.6;-; 77.7; 77.7; 34.1; 14.4; 19.7;1438; 0.5; 0.6; 0.6;27; 21.7;F;1;29;On;On;Off; 32.6; 32.1;0;6;798;6;798;5;612;1;-
2026/04/01;14:30:31;100;-; 56.58; 0.7;-; 78.3; 77.6; 40.2; 0.0; 40.2;1438; 0.5; 0.6; 0.6;27; 21.7;F;1;29;On;On;Off; 32.6; 32.1;0;6;798;6;798;5;612;1;-
2026/04/01;14:31:31;100;-; 56.58; 0.9;-; 77.8; 78.0; 51.6; 51.6; 0.0;1438; 0.5; 0.6; 0.6;27; 21.7;F;1;29;On;On;Off; 32.6; 32.1;0;6;798;6;798;5;612;1;-
2026/04/01;14:32:31;100;-; 56.58; 0.5;-; 78.1; 77.6; 28.8; 12.1; 16.7;1438; 0.5; 0.6; 0.6;27; 21.7;F;1;29;On;On;Off; 32.6; 32.1;0;6;798;6;798;5;612;1;-
2026/04/01;14:33:31;100;-; 56.58; 0.6;-; 78.1; 78.0; 31.8; 3.8; 28.0;1438; 0.5; 0.6; 0.6;27; 21.7;F;1;29;On;On;Off; 32.6; 32.1;0;6;798;6;798;5;612;1;-
2026/04/01;14:34:31;100;-; 56.58; 0.6;-; 78.3; 77.4; 32.6; 3.0; 29.6;1438; 0.5; 0.6; 0.6;27; 21.7;F;1;29;On;On;Off; 32.6; 32.1;0;6;798;6;798;5;612;1;-
2026/04/01;14:35:31;100;-; 56.58; 0.5;-; 78.4; 77.8; 27.3; 11.4; 15.9;1438; 0.5; 0.6; 0.6;26; 21.7;F;1;29;On;On;Off; 32.6; 32.1;0;6;798;6;798;5;612;1;-
2026/04/01;14:36:31;100;-; 56.58; 0.8;-; 78.5; 77.7; 44.0; 0.0; 44.0;1438; 0.5; 0.6; 0.6;26; 21.7;F;1;29;On;On;Off; 32.6; 32.1;0;6;798;6;798;5;612;1;-
2026/04/01;14:37:31;100;-; 56.58; 0.5;-; 77.9; 78.1; 31.0; 25.8; 5.3;1438; 0.5; 0.6; 0.6;27; 21.7;F;1;29;On;On;Off; 32.6; 32.1;0;6;798;6;798;5;612;1;-
2026/04/01;14:38:30;100;-; 56.58; 0.6;-; 78.3; 77.7; 33.3; 16.7; 16.7;1438; 0.5; 0.6; 0.6;27; 21.7;F;1;29;On;On;Off; 32.6; 32.1;0;6;798;6;798;5;612;1;-
2026/04/01;14:39:30;100;-; 56.58; 0.9;-; 77.9; 78.3; 53.2; 53.2; 0.0;1438; 0.5; 0.6; 0.6;27; 21.6;F;1;29;On;On;Off; 32.6; 32.1;0;6;798;6;798;5;612;1;-
2026/04/01;14:40:30;100;-; 56.58; 0.5;-; 78.4; 77.7; 29.6; 3.0; 26.6;1439; 0.5; 0.6; 0.6;27; 21.7;F;1;29;On;On;Off; 32.6; 32.1;0;6;798;6;798;5;612;1;-
2026/04/01;14:41:30;100;-; 56.58; 0.7;-; 78.3; 77.9; 37.2; 0.0; 37.2;1439; 0.5; 0.6; 0.6;27; 21.7;F;1;29;On;On;Off; 32.6; 32.1;0;6;798;6;798;5;612;1;-
2026/04/01;14:42:30;100;-; 56.58; 0.8;-; 77.6; 78.1; 47.0; 47.0; 0.0;1439; 0.5; 0.6; 0.6;27; 21.7;F;1;29;On;On;Off; 32.6; 32.1;0;6;798;6;798;5;612;1;-
2026/04/01;14:43:30;100;-; 56.58; 0.6;-; 78.0; 78.0; 35.6; 35.6; 0.0;1439; 0.5; 0.6; 0.6;28; 21.7;F;1;29;On;On;Off; 32.5; 32.0;0;6;798;6;798;5;612;1;-
2026/04/01;14:44:30;100;-; 56.56; 0.5;-; 78.3; 77.7; 25.7; 16.7; 9.1;1439; 0.5; 0.6; 0.6;28; 21.7;F;1;29;On;On;Off; 32.5; 32.1;0;6;798;6;798;5;612;1;-
2026/04/01;14:45:30;100;-; 56.58; 0.7;-; 78.3; 77.7; 38.7; 38.7; 0.0;1439; 0.5; 0.6; 0.6;28; 21.6;F;1;29;On;On;Off; 32.5; 32.0;0;6;798;6;798;5;612;1;-
2026/04/01;14:46:30;100;-; 56.58; 1.0;-; 77.8; 78.2; 58.4; 58.4; 0.0;1439; 0.5; 0.6; 0.6;27; 21.6;F;1;29;On;On;Off; 32.5; 32.0;0;6;798;6;798;5;612;1;-
2026/04/01;14:47:30;100;-; 56.58; 0.8;-; 78.4; 77.5; 43.2; 0.0; 43.2;1439; 0.5; 0.6; 0.6;27; 21.6;F;1;29;On;On;Off; 32.5; 32.0;0;6;798;6;798;5;612;1;-
2026/04/01;14:48:30;100;-; 56.58; 0.8;-; 77.8; 78.1; 42.5; 42.5; 0.0;1439; 0.5; 0.6; 0.6;27; 21.6;F;1;29;On;On;Off; 32.5; 32.0;0;6;798;6;798;5;612;1;-
2026/04/01;14:49:30;100;-; 56.58; 0.8;-; 78.5; 77.5; 43.2; 0.0; 43.2;1439; 0.5; 0.6; 0.6;27; 21.6;F;1;29;On;On;Off; 32.5; 32.0;0;6;798;6;798;5;612;1;-
2026/04/01;14:50:30;100;-; 56.58; 0.6;-; 78.3; 77.6; 34.1; 13.7; 20.5;1439; 0.5; 0.6; 0.6;28; 21.6;F;1;29;On;On;Off; 32.5; 32.0;0;6;798;6;798;5;612;1;-
2026/04/01;14:51:30;100;-; 56.56; 0.6;-; 78.1; 78.1; 35.6; 35.6; 0.0;1439; 0.5; 0.6; 0.6;28; 21.6;F;1;29;On;On;Off; 32.5; 32.0;0;6;798;6;798;5;612;1;-
2026/04/01;14:52:30;100;-; 56.58; 0.9;-; 77.9; 78.1; 52.4; 52.4; 0.0;1439; 0.5; 0.6; 0.6;28; 21.6;F;1;29;On;On;Off; 32.5; 32.0;0;6;798;6;798;5;612;1;-
2026/04/01;14:53:29;100;-; 56.58; 0.8;-; 78.3; 78.1; 44.0; 44.0; 0.0;1439; 0.5; 0.6; 0.6;27; 21.6;F;1;29;On;On;Off; 32.5; 32.0;0;6;798;6;798;5;612;1;-
2026/04/01;14:54:29;100;-; 56.58; 0.8;-; 78.3; 77.9; 45.6; 0.0; 45.6;1439; 0.5; 0.6; 0.6;27; 21.6;F;1;29;On;On;Off; 32.5; 32.0;0;6;798;6;798;5;612;1;-
2026/04/01;14:55:29;100;-; 56.58; 0.9;-; 78.4; 77.7; 50.8; 0.0; 50.8;1439; 0.5; 0.6; 0.6;27; 21.6;F;1;29;On;On;Off; 32.5; 32.0;0;6;798;6;798;5;612;1;-
2026/04/01;14:56:29;100;-; 56.58; 0.6;-; 78.4; 77.6; 32.6; 12.9; 19.7;1439; 0.5; 0.6; 0.6;27; 21.6;F;1;29;On;On;Off; 32.5; 32.0;0;6;798;6;798;5;612;1;-
2026/04/01;14:57:29;100;-; 56.56; 0.5;-; 77.8; 78.1; 25.7; 12.9; 12.9;1439; 0.5; 0.6; 0.6;27; 21.6;F;1;29;On;On;Off; 32.5; 32.0;0;6;798;6;798;5;612;1;-
2026/04/01;14:58:29;100;-; 56.58; 0.5;-; 78.4; 77.6; 25.8; 19.0; 6.8;1439; 0.5; 0.6; 0.6;26; 21.6;F;1;29;On;On;Off; 32.5; 32.0;0;6;798;6;798;5;612;1;-
2026/04/01;14:59:29;100;-; 56.58; 0.6;-; 78.4; 77.9; 34.1; 12.9; 21.3;1439; 0.5; 0.6; 0.6;27; 21.6;F;1;29;On;On;Off; 32.5; 32.0;0;6;798;6;798;5;612;1;-
2026/04/01;15:00:29;100;-; 56.58; 0.5;-; 78.3; 77.7; 30.3; 12.1; 18.2;1439; 0.5; 0.6; 0.6;27; 21.6;F;1;29;On;On;Off; 32.5; 32.0;0;6;798;6;798;5;612;1;-
2026/04/01;15:01:29;100;-; 56.56; 0.5;-; 78.4; 77.7; 31.1; 0.0; 31.1;1439; 0.5; 0.6; 0.6;27; 21.6;F;1;29;On;On;Off; 32.5; 32.0;0;6;798;6;798;5;612;1;-
2026/04/01;15:02:29;100;-; 56.58; 1.1;-; 77.8; 78.3; 61.5; 61.5; 0.0;1439; 0.5; 0.6; 0.6;27; 21.6;F;1;29;On;On;Off; 32.5; 32.0;0;6;798;6;798;5;612;1;-
2026/04/01;15:03:29;100;-; 56.58; 0.9;-; 78.6; 77.4; 49.4; 0.0; 49.4;1439; 0.5; 0.6; 0.6;26; 21.7;F;1;29;On;On;Off; 32.5; 32.0;0;6;798;6;798;5;612;1;-
2026/04/01;15:04:29;100;-; 56.58; 0.5;-; 78.1; 77.8; 31.1; 13.7; 17.5;1439; 0.5; 0.6; 0.6;27; 21.7;F;1;29;On;On;Off; 32.5; 32.0;0;6;798;6;798;5;612;1;-
2026/04/01;15:05:29;100;-; 56.58; 0.6;-; 78.0; 77.9; 34.2; 34.2; 0.0;1439; 0.5; 0.6; 0.6;27; 21.7;F;1;29;On;On;Off; 32.5; 32.1;0;6;798;6;798;5;612;1;-
2026/04/01;15:06:29;100;-; 56.58; 0.8;-; 78.4; 77.2; 42.5; 0.0; 42.5;1439; 0.5; 0.6; 0.6;27; 21.7;F;1;29;On;On;Off; 32.5; 32.0;0;6;798;6;798;5;612;1;-
2026/04/01;15:07:29;100;-; 56.58; 0.9;-; 77.6; 78.0; 48.6; 48.6; 0.0;1439; 0.5; 0.6; 0.6;28; 21.7;F;1;29;On;On;Off; 32.5; 32.0;0;6;798;6;798;5;612;1;-
2026/04/01;15:08:28;100;-; 56.58; 0.8;-; 78.3; 77.5; 42.5; 0.0; 42.5;1439; 0.5; 0.6; 0.6;27; 21.7;F;1;29;On;On;Off; 32.5; 32.1;0;6;798;6;798;5;612;1;-
2026/04/01;15:09:28;100;-; 56.58; 0.6;-; 77.5; 78.1; 33.3; 12.9; 20.5;1439; 0.5; 0.6; 0.6;27; 21.7;F;1;29;On;On;Off; 32.5; 32.1;0;6;798;6;798;5;612;1;-
2026/04/01;15:10:28;100;-; 56.56; 0.6;-; 78.0; 77.7; 33.4; 33.4; 0.0;1439; 0.5; 0.6; 0.6;27; 21.7;F;1;29;On;On;Off; 32.6; 32.1;0;6;798;6;798;5;612;1;-
2026/04/01;15:11:28;100;-; 56.58; 0.6;-; 77.7; 78.2; 34.9; 34.9; 0.0;1439; 0.5; 0.6; 0.6;27; 21.7;F;1;29;On;On;Off; 32.6; 32.1;0;6;798;6;798;5;612;1;-
2026/04/01;15:12:28;100;-; 56.58; 0.5;-; 77.9; 78.1; 31.1; 31.1; 0.0;1439; 0.5; 0.6; 0.6;27; 21.7;F;1;29;On;On;Off; 32.6; 32.1;0;6;798;6;798;5;612;1;-
2026/04/01;15:13:28;100;-; 56.56; 0.7;-; 78.0; 78.2; 40.9; 40.9; 0.0;1439; 0.5; 0.6; 0.6;27; 21.7;F;1;29;On;On;Off; 32.6; 32.1;0;6;798;6;798;5;612;1;-
2026/04/01;15:14:28;100;-; 56.56; 0.6;-; 78.0; 78.2; 34.2; 34.2; 0.0;1439; 0.5; 0.6; 0.6;26; 21.8;F;1;29;On;On;Off; 32.6; 32.1;0;6;798;6;798;5;612;1;-
2026/04/01;15:15:28;100;-; 56.58; 0.7;-; 77.8; 78.2; 38.7; 38.7; 0.0;1439; 0.5; 0.6; 0.6;27; 21.8;F;1;29;On;On;Off; 32.6; 32.1;0;6;798;6;798;5;612;1;-
2026/04/01;15:16:28;100;-; 56.56; 0.4;-; 78.3; 77.8; 25.0; 25.0; 0.0;1439; 0.5; 0.6; 0.6;27; 21.8;F;1;29;On;On;Off; 32.7; 32.2;0;6;798;6;798;5;612;1;-
2026/04/01;15:17:28;100;-; 56.56; 0.5;-; 78.2; 77.9; 31.1; 19.7; 11.4;1439; 0.5; 0.6; 0.6;27; 21.8;F;1;29;On;On;Off; 32.7; 32.2;0;6;798;6;798;5;612;1;-
2026/04/01;15:18:28;100;-; 56.56; 0.6;-; 78.0; 78.1; 36.4; 36.4; 0.0;1439; 0.5; 0.6; 0.6;28; 21.8;F;1;29;On;On;Off; 32.7; 32.2;0;6;798;6;798;5;612;1;-
2026/04/01;15:19:28;100;-; 56.58; 0.6;-; 78.5; 77.7; 35.6; 8.3; 27.3;1439; 0.5; 0.6; 0.6;27; 21.8;F;1;29;On;On;Off; 32.7; 32.2;0;6;798;6;798;5;612;1;-
2026/04/01;15:20:28;100;-; 56.56; 0.4;-; 78.4; 77.9; 25.0; 0.0; 25.0;1439; 0.5; 0.6; 0.6;26; 21.8;F;1;29;On;On;Off; 32.7; 32.2;0;6;798;6;798;5;612;1;-
2026/04/01;15:21:28;100;-; 56.56; 0.3;-; 78.4; 77.8; 18.2; 0.0; 18.2;1439; 0.5; 0.6; 0.6;26; 21.8;F;1;29;On;On;Off; 32.7; 32.2;0;6;798;6;798;5;612;1;-
2026/04/01;15:22:28;100;-; 56.56; 0.7;-; 78.4; 77.8; 41.8; 0.0; 41.8;1439; 0.5; 0.6; 0.6;26; 21.8;F;1;29;On;On;Off; 32.7; 32.2;0;6;798;6;798;5;612;1;-
2026/04/01;15:23:27;100;-; 56.56; 0.7;-; 78.3; 77.7; 38.0; 0.0; 38.0;1439; 0.5; 0.6; 0.6;26; 21.8;F;1;29;On;On;Off; 32.8; 32.2;0;6;798;6;798;5;612;1;-
2026/04/01;15:24:27;100;-; 56.58; 0.8;-; 78.0; 78.0; 47.0; 47.0; 0.0;1439; 0.5; 0.6; 0.6;26; 21.8;F;1;29;On;On;Off; 32.7; 32.3;0;6;798;6;798;5;612;1;-
2026/04/01;15:25:27;100;-; 56.56; 0.5;-; 78.5; 77.7; 28.8; 11.4; 17.5;1439; 0.5; 0.6; 0.6;27; 21.8;F;1;29;On;On;Off; 32.8; 32.3;0;6;798;6;798;5;612;1;-
2026/04/01;15:26:27;100;-; 56.58; 0.6;-; 78.6; 77.7; 36.4; 27.3; 9.1;1439; 0.5; 0.6; 0.6;26; 21.8;F;1;29;On;On;Off; 32.8; 32.3;0;6;798;6;798;5;612;1;-
2026/04/01;15:27:27;100;-; 56.56; 0.6;-; 77.9; 78.4; 35.6; 34.2; 1.5;1439; 0.5; 0.6; 0.6;26; 21.9;F;1;29;On;On;Off; 32.8; 32.3;0;6;798;6;798;5;612;1;-
2026/04/01;15:28:27;100;-; 56.56; 0.6;-; 78.6; 78.1; 31.8; 0.0; 31.8;1439; 0.5; 0.6; 0.6;26; 21.8;F;1;29;On;On;Off; 32.8; 32.3;0;6;798;6;798;5;612;1;-
2026/04/01;15:29:27;100;-; 56.56; 0.7;-; 78.3; 78.0; 38.0; 38.0; 0.0;1439; 0.5; 0.6; 0.6;26; 21.9;F;1;29;On;On;Off; 32.8; 32.3;0;6;798;6;798;5;612;1;-
2026/04/01;15:30:27;100;-; 56.58; 1.0;-; 77.9; 78.2; 53.9; 53.9; 0.0;1439; 0.5; 0.6; 0.6;25; 21.9;F;1;29;On;On;Off; 32.8; 32.3;0;6;798;6;798;5;612;1;-
2026/04/01;15:31:27;100;-; 56.58; 0.9;-; 77.9; 78.4; 50.1; 50.1; 0.0;1439; 0.5; 0.6; 0.6;26; 21.9;F;1;29;On;On;Off; 32.8; 32.3;0;6;798;6;798;5;612;1;-
2026/04/01;15:32:27;100;-; 56.58; 0.6;-; 78.1; 78.3; 33.3; 20.5; 12.9;1439; 0.5; 0.6; 0.6;26; 21.9;F;1;29;On;On;Off; 32.8; 32.3;0;6;798;6;798;5;612;1;-
2026/04/01;15:33:27;100;-; 56.56; 0.8;-; 78.2; 78.3; 43.2; 43.2; 0.0;1439; 0.5; 0.6; 0.6;26; 21.9;F;1;29;On;On;Off; 32.8; 32.3;0;6;798;6;798;5;612;1;-
2026/04/01;15:34:27;100;-; 56.56; 0.5;-; 78.3; 78.4; 31.1; 31.1; 0.0;1439; 0.5; 0.6; 0.6;27; 21.9;F;1;29;On;On;Off; 32.8; 32.3;0;6;798;6;798;5;612;1;-
2026/04/01;15:35:27;100;-; 56.58; 0.9;-; 78.0; 78.4; 50.1; 50.1; 0.0;1439; 0.5; 0.6; 0.6;26; 21.9;F;1;29;On;On;Off; 32.8; 32.3;0;6;798;6;798;5;612;1;-
2026/04/01;15:36:27;100;-; 56.58; 0.7;-; 78.7; 77.5; 41.0; 0.0; 41.0;1439; 0.5; 0.6; 0.6;26; 21.9;F;1;29;On;On;Off; 32.8; 32.3;0;6;798;6;798;5;612;1;-
2026/04/01;15:37:27;100;-; 56.58; 1.0;-; 77.8; 78.5; 54.6; 54.6; 0.0;1439; 0.5; 0.6; 0.6;27; 21.9;F;1;29;On;On;Off; 32.8; 32.3;0;6;798;6;798;5;612;1;-
2026/04/01;15:38:26;100;-; 56.58; 0.7;-; 78.1; 78.2; 41.8; 41.8; 0.0;1439; 0.5; 0.6; 0.6;27; 21.9;F;1;29;On;On;Off; 32.8; 32.3;0;6;798;6;798;5;612;1;-
2026/04/01;15:39:26;100;-; 56.58; 0.6;-; 78.0; 78.4; 33.3; 28.0; 5.3;1439; 0.5; 0.6; 0.6;26; 21.9;F;1;29;On;On;Off; 32.8; 32.3;0;6;798;6;798;5;612;1;-
2026/04/01;15:40:26;100;-; 56.58; 0.5;-; 78.3; 78.3; 31.1; 0.0; 31.1;1440; 0.5; 0.6; 0.6;27; 21.9;F;1;29;On;On;Off; 32.8; 32.3;0;6;798;6;798;5;612;1;-
2026/04/01;15:41:26;100;-; 56.58; 0.9;-; 78.0; 78.5; 52.4; 52.4; 0.0;1440; 0.5; 0.6; 0.6;27; 21.9;F;1;29;On;On;Off; 32.8; 32.3;0;6;798;6;798;5;612;1;-
2026/04/01;15:42:26;100;-; 56.58; 0.5;-; 78.6; 77.9; 31.1; 19.7; 11.4;1440; 0.5; 0.6; 0.6;28; 21.9;F;1;29;On;On;Off; 32.8; 32.3;0;6;798;6;798;5;612;1;-
2026/04/01;15:43:26;100;-; 56.56; 0.6;-; 78.4; 78.3; 34.9; 34.9; 0.0;1440; 0.5; 0.6; 0.6;27; 21.9;F;1;29;On;On;Off; 32.8; 32.3;0;6;798;6;798;5;612;1;-
2026/04/01;15:44:26;100;-; 56.56; 0.5;-; 78.5; 78.0; 28.8; 28.8; 0.0;1440; 0.5; 0.6; 0.6;27; 21.9;F;1;29;On;On;Off; 32.8; 32.3;0;6;798;6;798;5;612;1;-
2026/04/01;15:45:26;100;-; 56.56; 0.6;-; 78.2; 77.9; 36.4; 16.7; 19.7;1440; 0.5; 0.6; 0.6;27; 21.9;F;1;29;On;On;Off; 32.8; 32.3;0;6;798;6;798;5;612;1;-
2026/04/01;15:46:26;100;-; 56.58; 0.8;-; 78.5; 77.6; 42.5; 0.0; 42.5;1440; 0.5; 0.6; 0.6;26; 21.9;F;1;29;On;On;Off; 32.8; 32.3;0;6;798;6;798;5;612;1;-
2026/04/01;15:47:26;100;-; 56.58; 0.6;-; 78.5; 77.7; 34.8; 18.2; 16.7;1440; 0.5; 0.6; 0.6;26; 21.9;F;1;29;On;On;Off; 32.8; 32.3;0;6;798;6;798;5;612;1;-
2026/04/01;15:48:26;100;-; 56.58; 0.7;-; 78.4; 77.5; 37.2; 6.8; 30.4;1440; 0.5; 0.6; 0.6;26; 21.9;F;1;29;On;On;Off; 32.8; 32.3;0;6;798;6;798;5;612;1;-
2026/04/01;15:49:26;100;-; 56.58; 0.7;-; 78.3; 77.2; 38.0; 0.0; 38.0;1440; 0.5; 0.6; 0.6;26; 21.9;F;1;29;On;On;Off; 32.8; 32.3;0;6;798;6;798;5;612;1;-
2026/04/01;15:50:26;100;-; 56.56; 0.6;-; 78.0; 78.3; 35.6; 35.6; 0.0;1440; 0.5; 0.6; 0.6;26; 21.9;F;1;29;On;On;Off; 32.8; 32.3;0;6;798;6;798;5;612;1;-
2026/04/01;15:51:26;100;-; 56.54; 0.5;-; 78.3; 77.7; 30.4; 0.0; 30.4;1440; 0.5; 0.6; 0.6;26; 21.9;F;1;29;On;On;Off; 32.8; 32.3;0;6;798;6;798;5;612;1;-
2026/04/01;15:52:26;100;-; 56.58; 0.7;-; 77.7; 78.3; 38.0; 38.0; 0.0;1440; 0.5; 0.6; 0.6;26; 21.9;F;1;29;On;On;Off; 32.8; 32.3;0;6;798;6;798;5;612;1;-
2026/04/01;15:53:25;100;-; 56.58; 0.9;-; 78.8; 77.6; 50.1; 0.0; 50.1;1440; 0.5; 0.6; 0.6;26; 21.9;F;1;29;On;On;Off; 32.8; 32.3;0;6;798;6;798;5;612;1;-
2026/04/01;15:54:25;100;-; 56.56; 0.4;-; 78.1; 78.4; 24.2; 24.2; 0.0;1440; 0.5; 0.6; 0.6;26; 21.9;F;1;29;On;On;Off; 32.8; 32.3;0;6;798;6;798;5;612;1;-
2026/04/01;15:55:25;100;-; 56.56; 0.9;-; 78.0; 78.4; 51.6; 51.6; 0.0;1440; 0.5; 0.6; 0.6;26; 21.9;F;1;29;On;On;Off; 32.8; 32.3;0;6;798;6;798;5;612;1;-
2026/04/01;15:56:25;100;-; 56.56; 0.5;-; 77.9; 78.3; 31.1; 31.1; 0.0;1440; 0.5; 0.6; 0.6;26; 21.9;F;1;29;On;On;Off; 32.8; 32.3;0;6;798;6;798;5;612;1;-
2026/04/01;15:57:25;100;-; 56.56; 0.7;-; 78.3; 77.8; 39.4; 0.0; 39.4;1440; 0.5; 0.6; 0.6;26; 21.9;F;1;29;On;On;Off; 32.8; 32.3;0;6;798;6;798;5;612;1;-
2026/04/01;15:58:25;100;-; 56.56; 0.4;-; 77.7; 78.4; 25.0; 12.9; 12.1;1440; 0.5; 0.6; 0.6;26; 21.9;F;1;29;On;On;Off; 32.8; 32.2;0;6;798;6;798;6;613;1;-
2026/04/01;15:59:25;100;-; 56.56; 0.7;-; 77.7; 78.3; 39.4; 39.4; 0.0;1440; 0.5; 0.6; 0.6;26; 21.9;F;1;29;On;On;Off; 32.8; 32.3;0;6;798;6;798;6;613;1;-
2026/04/01;16:00:25;100;-; 56.56; 1.0;-; 78.6; 77.3; 53.9; 0.0; 53.9;1440; 0.5; 0.6; 0.6;26; 21.9;F;1;29;On;On;Off; 32.8; 32.3;0;6;798;6;798;6;613;1;-
2026/04/01;16:01:25;100;-; 56.56; 0.6;-; 78.2; 77.7; 33.4; 33.4; 0.0;1440; 0.5; 0.6; 0.6;26; 21.8;F;1;29;On;On;Off; 32.8; 32.3;0;6;798;6;798;6;613;1;-
2026/04/01;16:02:25;100;-; 56.56; 0.5;-; 78.4; 78.5; 29.6; 29.6; 0.0;1440; 0.5; 0.6; 0.6;27; 21.8;F;1;29;On;On;Off; 32.8; 32.3;0;6;798;6;798;6;613;1;-
2026/04/01;16:03:25;100;-; 56.58; 0.8;-; 78.1; 78.3; 46.3; 46.3; 0.0;1440; 0.5; 0.6; 0.6;27; 21.8;F;1;29;On;On;Off; 32.8; 32.3;0;6;798;6;798;6;613;1;-
2026/04/01;16:04:25;100;-; 56.58; 0.7;-; 78.5; 77.5; 39.4; 0.0; 39.4;1440; 0.5; 0.6; 0.6;27; 21.8;F;1;29;On;On;Off; 32.8; 32.3;0;6;798;6;798;6;613;1;-
2026/04/01;16:05:25;100;-; 56.58; 0.5;-; 78.2; 78.1; 28.8; 7.6; 21.3;1440; 0.5; 0.6; 0.6;27; 21.8;F;1;29;On;On;Off; 32.8; 32.3;0;6;798;6;798;6;613;1;-
2026/04/01;16:06:25;100;-; 56.56; 0.3;-; 78.2; 78.3; 18.9; 12.1; 6.8;1440; 0.5; 0.6; 0.6;26; 21.8;F;1;29;On;On;Off; 32.8; 32.3;0;6;798;6;798;6;613;1;-
2026/04/01;16:07:25;100;-; 56.56; 0.8;-; 78.6; 78.1; 43.2; 0.0; 43.2;1440; 0.5; 0.6; 0.6;26; 21.8;F;1;29;On;On;Off; 32.8; 32.3;0;6;798;6;798;6;613;1;-
2026/04/01;16:08:24;100;-; 56.58; 0.8;-; 77.8; 78.3; 44.8; 44.8; 0.0;1440; 0.5; 0.6; 0.6;26; 21.8;F;1;29;On;On;Off; 32.8; 32.3;0;6;798;6;798;6;613;1;-
2026/04/01;16:09:24;100;-; 56.56; 0.7;-; 77.8; 78.4; 41.7; 41.7; 0.0;1440; 0.5; 0.6; 0.6;26; 21.8;F;1;29;On;On;Off; 32.8; 32.3;0;6;798;6;798;6;613;1;-
2026/04/01;16:10:24;100;-; 56.58; 1.1;-; 78.0; 78.5; 62.2; 62.2; 0.0;1440; 0.5; 0.6; 0.6;26; 21.8;F;1;29;On;On;Off; 32.8; 32.3;0;6;798;6;798;6;613;1;-
2026/04/01;16:11:24;100;-; 56.56; 0.9;-; 78.3; 77.7; 52.4; 0.0; 52.4;1440; 0.5; 0.6; 0.6;27; 21.8;F;1;29;On;On;Off; 32.8; 32.3;0;6;798;6;798;6;613;1;-
2026/04/01;16:12:24;100;-; 56.56; 0.4;-; 78.4; 77.5; 21.2; 14.4; 6.8;1440; 0.5; 0.6; 0.6;26; 21.8;F;1;29;On;On;Off; 32.8; 32.3;0;7;799;7;799;6;613;1;-
2026/04/01;16:13:24;100;-; 56.58; 0.9;-; 77.6; 78.1; 49.3; 49.3; 0.0;1440; 0.5; 0.6; 0.6;26; 21.8;F;1;29;On;On;Off; 32.8; 32.3;0;7;799;7;799;6;613;1;-
2026/04/01;16:14:24;100;-; 56.58; 0.6;-; 78.3; 77.4; 33.3; 9.1; 24.2;1440; 0.5; 0.6; 0.6;27; 21.8;F;1;29;On;On;Off; 32.8; 32.3;0;7;799;7;799;6;613;1;-
2026/04/01;16:15:24;100;-; 56.58; 0.9;-; 77.9; 77.5; 50.1; 0.0; 50.1;1440; 0.5; 0.6; 0.6;27; 21.8;F;1;29;On;On;Off; 32.8; 32.3;0;7;799;7;799;6;613;1;-
2026/04/01;16:16:24;100;-; 56.56; 0.9;-; 78.0; 77.1; 50.1; 0.0; 50.1;1440; 0.5; 0.6; 0.6;27; 21.8;F;1;29;On;On;Off; 32.8; 32.3;0;7;799;7;799;6;613;1;-
2026/04/01;16:17:24;100;-; 56.56; 0.8;-; 78.1; 76.9; 47.0; 0.0; 47.0;1440; 0.5; 0.6; 0.6;27; 21.8;F;1;29;On;On;Off; 32.8; 32.3;0;7;799;7;799;6;613;1;-
2026/04/01;16:18:24;100;-; 56.58; 0.7;-; 77.5; 77.3; 39.4; 39.4; 0.0;1440; 0.5; 0.6; 0.6;27; 21.8;F;1;29;On;On;Off; 32.8; 32.3;0;7;799;7;799;6;613;1;-
2026/04/01;16:19:24;100;-; 56.58; 0.7;-; 78.4; 77.4; 40.2; 0.0; 40.2;1440; 0.5; 0.6; 0.6;27; 21.7;F;1;29;On;On;Off; 32.8; 32.3;0;7;799;7;799;6;613;1;-
2026/04/01;16:20:24;100;-; 56.56; 0.6;-; 77.8; 77.9; 32.6; 31.1; 1.5;1440; 0.5; 0.6; 0.6;26; 21.7;F;1;29;On;On;Off; 32.8; 32.3;0;7;799;7;799;6;613;1;-
2026/04/01;16:21:24;100;-; 56.56; 0.8;-; 77.6; 78.1; 46.3; 46.3; 0.0;1440; 0.5; 0.6; 0.6;26; 21.7;F;1;29;On;On;Off; 32.7; 32.3;0;7;799;7;799;6;613;1;-
2026/04/01;16:22:24;100;-; 56.56; 0.5;-; 77.8; 78.1; 26.6; 26.6; 0.0;1440; 0.5; 0.6; 0.6;26; 21.7;F;1;29;On;On;Off; 32.8; 32.3;0;7;799;7;799;6;613;1;-
2026/04/01;16:23:23;100;-; 56.56; 0.4;-; 78.2; 77.6; 24.2; 16.7; 7.6;1440; 0.5; 0.6; 0.6;26; 21.7;F;1;29;On;On;Off; 32.8; 32.3;0;7;799;7;799;6;613;1;-
2026/04/01;16:24:23;100;-; 56.58; 0.7;-; 77.4; 78.1; 41.0; 41.0; 0.0;1440; 0.5; 0.6; 0.6;27; 21.7;F;1;29;On;On;Off; 32.7; 32.2;0;7;799;7;799;6;613;1;-
2026/04/01;16:25:23;100;-; 56.56; 0.3;-; 78.1; 77.7; 19.7; 6.1; 13.7;1440; 0.5; 0.6; 0.6;27; 21.7;F;1;29;On;On;Off; 32.7; 32.3;0;7;799;7;799;6;613;1;-
2026/04/01;16:26:23;100;-; 56.56; 1.0;-; 78.3; 77.0; 53.9; 0.0; 53.9;1440; 0.5; 0.6; 0.6;26; 21.7;F;1;29;On;On;Off; 32.8; 32.3;0;7;799;7;799;6;613;1;-
2026/04/01;16:27:23;100;-; 56.58; 0.9;-; 78.2; 76.9; 48.6; 0.0; 48.6;1440; 0.5; 0.6; 0.6;26; 21.8;F;1;29;On;On;Off; 32.7; 32.3;0;7;799;7;799;6;613;1;-
2026/04/01;16:28:23;100;-; 56.56; 0.5;-; 77.7; 78.0; 28.8; 28.8; 0.0;1440; 0.5; 0.6; 0.6;26; 21.7;F;1;29;On;On;Off; 32.7; 32.3;0;7;799;7;799;6;613;1;-
2026/04/01;16:29:23;100;-; 56.56; 0.9;-; 77.7; 78.2; 50.1; 50.1; 0.0;1440; 0.5; 0.6; 0.6;26; 21.7;F;1;29;On;On;Off; 32.7; 32.2;0;7;799;7;799;6;613;1;-
2026/04/01;16:30:23;100;-; 56.58; 0.7;-; 77.5; 78.2; 41.0; 41.0; 0.0;1440; 0.5; 0.6; 0.6;25; 21.7;F;1;29;On;On;Off; 32.7; 32.3;0;7;799;7;799;6;613;1;-
2026/04/01;16:31:23;100;-; 56.56; 0.8;-; 78.2; 77.5; 44.0; 0.0; 44.0;1440; 0.5; 0.6; 0.6;25; 21.7;F;1;29;On;On;Off; 32.8; 32.3;0;7;799;7;799;6;613;1;-
2026/04/01;16:32:23;100;-; 56.56; 0.4;-; 78.1; 77.4; 20.5; 3.0; 17.5;1440; 0.5; 0.6; 0.6;25; 21.7;F;1;29;On;On;Off; 32.8; 32.2;0;7;799;7;799;6;613;1;-
2026/04/01;16:33:23;100;-; 56.56; 0.6;-; 78.1; 78.2; 36.4; 36.4; 0.0;1440; 0.5; 0.6; 0.6;26; 21.7;F;1;29;On;On;Off; 32.7; 32.3;0;7;799;7;799;6;613;1;-
2026/04/01;16:34:23;100;-; 56.58; 0.9;-; 77.9; 78.2; 49.4; 49.4; 0.0;1440; 0.5; 0.6; 0.6;26; 21.7;F;1;29;On;On;Off; 32.7; 32.2;0;7;799;7;799;6;613;1;-
2026/04/01;16:35:23;100;-; 56.58; 0.7;-; 78.7; 78.0; 40.2; 0.0; 40.2;1440; 0.5; 0.6; 0.6;26; 21.7;F;1;29;On;On;Off; 32.8; 32.3;0;7;799;7;799;6;613;1;-
2026/04/01;16:36:23;100;-; 56.58; 0.5;-; 78.2; 78.1; 28.8; 19.7; 9.1;1440; 0.5; 0.6; 0.6;26; 21.7;F;1;29;On;On;Off; 32.8; 32.2;0;7;799;7;799;6;613;1;-
2026/04/01;16:37:23;100;-; 56.58; 0.7;-; 78.6; 77.4; 40.2; 3.8; 36.4;1440; 0.5; 0.6; 0.6;26; 21.7;F;1;29;On;On;Off; 32.8; 32.3;0;7;799;7;799;6;613;1;-
2026/04/01;16:38:22;100;-; 56.56; 0.6;-; 78.0; 77.8; 34.9; 34.9; 0.0;1440; 0.5; 0.6; 0.6;25; 21.7;F;1;29;On;On;Off; 32.8; 32.2;0;7;799;7;799;6;613;1;-
2026/04/01;16:39:22;100;-; 56.58; 0.7;-; 78.3; 77.5; 38.0; 11.4; 26.6;1440; 0.5; 0.6; 0.6;26; 21.7;F;1;29;On;On;Off; 32.8; 32.2;0;7;799;7;799;6;613;1;-
2026/04/01;16:40:22;100;-; 56.58; 0.9;-; 78.4; 77.3; 53.2; 0.0; 53.2;1441; 0.5; 0.6; 0.6;26; 21.7;F;1;29;On;On;Off; 32.8; 32.2;0;7;799;7;799;6;613;1;-
2026/04/01;16:41:22;100;-; 56.56; 0.3;-; 78.2; 77.8; 17.5; 17.5; 0.0;1441; 0.5; 0.6; 0.6;27; 21.7;F;1;29;On;On;Off; 32.7; 32.2;0;7;799;7;799;6;613;1;-
2026/04/01;16:42:22;100;-; 56.56; 0.5;-; 78.3; 77.8; 28.8; 10.6; 18.2;1441; 0.5; 0.6; 0.6;27; 21.7;F;1;29;On;On;Off; 32.7; 32.2;0;7;799;7;799;6;613;1;-
2026/04/01;16:43:22;100;-; 56.56; 0.6;-; 78.4; 77.3; 32.6; 4.5; 28.0;1441; 0.5; 0.6; 0.6;27; 21.7;F;1;29;On;On;Off; 32.8; 32.2;0;7;799;7;799;6;613;1;-
2026/04/01;16:44:22;100;-; 56.56; 0.5;-; 78.4; 77.6; 29.6; 11.4; 18.2;1441; 0.5; 0.6; 0.6;25; 21.7;F;1;29;On;On;Off; 32.8; 32.3;0;7;799;7;799;6;613;1;-
2026/04/01;16:45:22;100;-; 56.58; 0.5;-; 77.7; 78.4; 30.3; 22.0; 8.3;1441; 0.5; 0.6; 0.6;26; 21.7;F;1;29;On;On;Off; 32.7; 32.3;0;7;799;7;799;6;613;1;-
2026/04/01;16:46:22;100;-; 56.58; 0.8;-; 78.4; 77.6; 47.8; 0.0; 47.8;1441; 0.5; 0.6; 0.6;27; 21.7;F;1;29;On;On;Off; 32.8; 32.2;0;7;799;7;799;6;613;1;-
2026/04/01;16:47:22;100;-; 56.56; 0.8;-; 77.8; 78.2; 44.0; 44.0; 0.0;1441; 0.5; 0.6; 0.6;26; 21.7;F;1;29;On;On;Off; 32.8; 32.2;0;7;799;7;799;6;613;1;-
2026/04/01;16:48:22;100;-; 56.56; 0.5;-; 78.1; 77.9; 27.3; 0.0; 27.3;1441; 0.5; 0.6; 0.6;26; 21.7;F;1;29;On;On;Off; 32.7; 32.2;0;7;799;7;799;6;613;1;-
2026/04/01;16:49:22;100;-; 56.58; 0.6;-; 78.5; 77.7; 34.1; 9.1; 25.1;1441; 0.5; 0.6; 0.6;26; 21.7;F;1;29;On;On;Off; 32.7; 32.2;0;7;799;7;799;6;613;1;-
2026/04/01;16:50:22;100;-; 56.58; 0.7;-; 78.3; 77.5; 40.2; 0.0; 40.2;1441; 0.5; 0.6; 0.6;26; 21.7;F;1;29;On;On;Off; 32.7; 32.2;0;7;799;7;799;6;613;1;-
2026/04/01;16:51:22;100;-; 56.56; 0.5;-; 77.8; 78.3; 25.8; 23.5; 2.3;1441; 0.5; 0.6; 0.6;26; 21.7;F;1;29;On;On;Off; 32.7; 32.2;0;7;799;7;799;6;613;1;-
2026/04/01;16:52:22;100;-; 56.58; 0.9;-; 77.6; 78.3; 48.6; 48.6; 0.0;1441; 0.5; 0.6; 0.6;27; 21.7;F;1;29;On;On;Off; 32.7; 32.2;0;7;799;7;799;6;613;1;-
2026/04/01;16:53:21;100;-; 56.56; 0.5;-; 78.0; 78.2; 28.8; 16.7; 12.1;1441; 0.5; 0.6; 0.6;27; 21.7;F;1;29;On;On;Off; 32.8; 32.2;0;7;799;7;799;6;613;1;-
2026/04/01;16:54:21;100;-; 56.58; 0.6;-; 78.3; 77.9; 33.4; 22.8; 10.6;1441; 0.5; 0.6; 0.6;26; 21.7;F;1;29;On;On;Off; 32.7; 32.2;0;7;799;7;799;6;613;1;-
2026/04/01;16:55:21;100;-; 56.56; 0.6;-; 78.1; 78.5; 34.2; 34.2; 0.0;1441; 0.5; 0.6; 0.6;27; 21.7;F;1;29;On;On;Off; 32.7; 32.2;0;7;799;7;799;6;613;1;-
2026/04/01;16:56:21;100;-; 56.58; 0.9;-; 78.0; 78.5; 50.8; 50.8; 0.0;1441; 0.5; 0.6; 0.6;26; 21.7;F;1;29;On;On;Off; 32.7; 32.2;0;7;799;7;799;6;613;1;-
2026/04/01;16:57:21;100;-; 56.56; 0.5;-; 78.4; 78.2; 30.4; 30.4; 0.0;1441; 0.5; 0.6; 0.6;26; 21.7;F;1;29;On;On;Off; 32.7; 32.2;0;7;799;7;799;6;613;1;-
2026/04/01;16:58:21;100;-; 56.56; 0.7;-; 77.7; 78.6; 41.0; 41.0; 0.0;1441; 0.5; 0.6; 0.6;26; 21.7;F;1;29;On;On;Off; 32.7; 32.2;0;7;799;7;799;6;613;1;-
2026/04/01;16:59:21;100;-; 56.58; 0.5;-; 78.8; 77.6; 30.3; 5.3; 25.0;1441; 0.5; 0.6; 0.6;26; 21.7;F;1;29;On;On;Off; 32.7; 32.2;0;7;799;7;799;6;613;1;-
2026/04/01;17:00:21;100;-; 56.58; 0.9;-; 77.8; 78.5; 51.6; 51.6; 0.0;1441; 0.5; 0.6; 0.6;26; 21.7;F;1;29;On;On;Off; 32.7; 32.2;0;7;799;7;799;6;613;1;-
2026/04/01;17:01:21;100;-; 56.56; 0.6;-; 78.6; 78.2; 31.8; 0.0; 31.8;1441; 0.5; 0.6; 0.6;26; 21.7;F;1;29;On;On;Off; 32.7; 32.2;0;7;799;7;799;6;613;1;-
2026/04/01;17:02:21;100;-; 56.58; 0.9;-; 78.1; 78.6; 53.1; 53.1; 0.0;1441; 0.5; 0.6; 0.6;27; 21.7;F;1;29;On;On;Off; 32.7; 32.2;0;7;799;7;799;6;613;1;-
2026/04/01;17:03:21;100;-; 56.56; 0.9;-; 78.0; 78.6; 50.8; 50.8; 0.0;1441; 0.5; 0.6; 0.6;27; 21.7;F;1;29;On;On;Off; 32.7; 32.2;0;7;799;7;799;6;613;1;-
2026/04/01;17:04:21;100;-; 56.58; 0.6;-; 78.0; 78.6; 33.4; 27.3; 6.1;1441; 0.5; 0.6; 0.6;27; 21.7;F;1;29;On;On;Off; 32.7; 32.2;0;7;799;7;799;6;613;1;-
2026/04/01;17:05:21;100;-; 56.58; 0.9;-; 78.0; 78.6; 48.6; 48.6; 0.0;1441; 0.5; 0.5; 0.5;27; 21.7;F;1;29;On;On;Off; 32.7; 32.2;0;7;799;7;799;6;613;1;-
2026/04/01;17:06:21;100;-; 56.58; 0.9;-; 77.9; 78.7; 52.4; 52.4; 0.0;1441; 0.5; 0.6; 0.6;27; 21.7;F;1;29;On;On;Off; 32.7; 32.2;0;7;799;7;799;6;613;1;-
2026/04/01;17:07:21;100;-; 56.58; 0.8;-; 78.9; 77.6; 43.2; 0.0; 43.2;1441; 0.5; 0.6; 0.6;27; 21.7;F;1;29;On;On;Off; 32.7; 32.2;0;7;799;7;799;6;613;1;-
2026/04/01;17:08:20;100;-; 56.58; 0.7;-; 78.0; 78.5; 37.2; 27.3; 9.9;1441; 0.5; 0.6; 0.6;27; 21.7;F;1;29;On;On;Off; 32.7; 32.2;0;7;799;7;799;6;613;1;-
2026/04/01;17:09:20;100;-; 56.56; 0.5;-; 78.5; 77.9; 28.0; 26.6; 1.5;1441; 0.5; 0.6; 0.6;27; 21.7;F;1;29;On;On;Off; 32.7; 32.2;0;7;799;7;799;6;613;1;-
2026/04/01;17:10:20;100;-; 56.58; 0.5;-; 78.0; 78.4; 28.8; 22.8; 6.1;1441; 0.5; 0.6; 0.6;27; 21.7;F;1;29;On;On;Off; 32.7; 32.2;0;7;799;7;799;6;613;1;-
2026/04/01;17:11:20;100;-; 56.56; 0.5;-; 78.5; 78.0; 28.0; 23.5; 4.5;1441; 0.5; 0.6; 0.6;27; 21.7;F;1;29;On;On;Off; 32.7; 32.2;0;7;799;7;799;6;613;1;-
2026/04/01;17:12:20;100;-; 56.58; 0.7;-; 77.8; 78.5; 41.0; 41.0; 0.0;1441; 0.5; 0.6; 0.6;27; 21.7;F;1;29;On;On;Off; 32.7; 32.2;0;7;799;7;799;6;613;1;-
2026/04/01;17:13:20;100;-; 56.56; 0.5;-; 78.4; 78.1; 28.0; 3.0; 25.0;1441; 0.5; 0.6; 0.6;27; 21.7;F;1;29;On;On;Off; 32.7; 32.2;0;7;799;7;799;6;613;1;-
2026/04/01;17:14:20;100;-; 56.56; 0.5;-; 77.9; 78.2; 29.5; 12.9; 16.7;1441; 0.5; 0.6; 0.6;27; 21.7;F;1;29;On;On;Off; 32.7; 32.2;0;7;799;7;799;6;613;1;-
2026/04/01;17:15:20;100;-; 56.56; 0.5;-; 78.4; 78.0; 30.4; 0.0; 30.4;1441; 0.5; 0.6; 0.6;27; 21.7;F;1;29;On;On;Off; 32.7; 32.2;0;7;799;7;799;6;613;1;-
2026/04/01;17:16:20;100;-; 56.56; 0.7;-; 77.8; 78.4; 41.8; 41.8; 0.0;1441; 0.5; 0.6; 0.6;26; 21.7;F;1;29;On;On;Off; 32.7; 32.2;0;7;799;7;799;6;613;1;-
2026/04/01;17:17:20;100;-; 56.56; 0.5;-; 78.0; 78.5; 26.5; 25.8; 0.7;1441; 0.5; 0.6; 0.6;26; 21.7;F;1;29;On;On;Off; 32.7; 32.2;0;7;799;7;799;6;613;1;-
2026/04/01;17:18:20;100;-; 56.58; 1.0;-; 77.8; 78.7; 54.6; 54.6; 0.0;1441; 0.5; 0.6; 0.6;27; 21.7;F;1;29;On;On;Off; 32.7; 32.2;0;7;799;7;799;6;613;1;-
2026/04/01;17:19:20;100;-; 56.58; 0.8;-; 78.7; 77.7; 45.6; 0.0; 45.6;1441; 0.5; 0.6; 0.6;27; 21.7;F;1;29;On;On;Off; 32.7; 32.2;0;7;799;7;799;6;613;1;-
2026/04/01;17:20:20;100;-; 56.58; 0.6;-; 77.7; 78.5; 31.8; 28.8; 3.0;1441; 0.5; 0.6; 0.6;27; 21.7;F;1;29;On;On;Off; 32.7; 32.2;0;7;799;7;799;6;613;1;-
2026/04/01;17:21:20;100;-; 56.58; 0.7;-; 79.0; 77.7; 41.8; 0.0; 41.8;1441; 0.5; 0.6; 0.6;27; 21.7;F;1;29;On;On;Off; 32.7; 32.2;0;7;799;7;799;6;613;1;-
2026/04/01;17:22:20;100;-; 56.58; 0.9;-; 77.9; 78.6; 51.6; 51.6; 0.0;1441; 0.5; 0.6; 0.6;27; 21.7;F;1;29;On;On;Off; 32.7; 32.2;0;7;799;7;799;6;613;1;-
2026/04/01;17:23:19;100;-; 56.58; 0.6;-; 78.2; 78.4; 34.9; 34.9; 0.0;1441; 0.5; 0.6; 0.6;27; 21.7;F;1;29;On;On;Off; 32.7; 32.2;0;7;799;7;799;6;613;1;-
2026/04/01;17:24:19;100;-; 56.58; 0.8;-; 77.8; 78.6; 42.5; 42.5; 0.0;1441; 0.5; 0.6; 0.6;26; 21.7;F;1;29;On;On;Off; 32.7; 32.2;0;7;799;7;799;6;613;1;-
2026/04/01;17:25:19;100;-; 56.58; 0.6;-; 77.9; 78.6; 34.9; 34.9; 0.0;1441; 0.5; 0.6; 0.6;27; 21.7;F;1;29;On;On;Off; 32.7; 32.2;0;7;799;7;799;6;613;1;-
2026/04/01;17:26:19;100;-; 56.58; 0.7;-; 78.5; 77.7; 38.0; 0.0; 38.0;1441; 0.5; 0.6; 0.6;27; 21.7;F;1;29;On;On;Off; 32.7; 32.2;0;7;799;7;799;6;613;1;-
2026/04/01;17:27:19;100;-; 56.56; 0.5;-; 78.5; 78.1; 25.8; 12.1; 13.7;1441; 0.5; 0.6; 0.6;27; 21.7;F;1;29;On;On;Off; 32.7; 32.2;0;7;799;7;799;6;613;1;-
2026/04/01;17:28:19;100;-; 56.58; 0.5;-; 78.3; 78.4; 30.4; 30.4; 0.0;1441; 0.5; 0.6; 0.6;27; 21.7;F;1;29;On;On;Off; 32.7; 32.2;0;7;799;7;799;6;613;1;-
2026/04/01;17:29:19;100;-; 56.58; 0.8;-; 77.9; 78.6; 44.0; 44.0; 0.0;1441; 0.5; 0.6; 0.6;26; 21.7;F;1;29;On;On;Off; 32.7; 32.2;0;7;799;7;799;6;613;1;-
2026/04/01;17:30:19;100;-; 56.56; 0.6;-; 78.1; 78.7; 34.2; 34.2; 0.0;1441; 0.5; 0.6; 0.6;26; 21.7;F;1;29;On;On;Off; 32.7; 32.2;0;7;799;7;799;6;613;1;-
2026/04/01;17:31:19;100;-; 56.58; 0.8;-; 77.9; 78.8; 47.8; 47.8; 0.0;1441; 0.5; 0.6; 0.6;26; 21.7;F;1;29;On;On;Off; 32.7; 32.2;0;7;799;7;799;6;613;1;-
2026/04/01;17:32:19;100;-; 56.56; 0.6;-; 78.2; 78.9; 35.6; 35.6; 0.0;1441; 0.5; 0.6; 0.6;26; 21.7;F;1;29;On;On;Off; 32.7; 32.2;0;7;799;7;799;6;613;1;-
2026/04/01;17:33:19;100;-; 56.58; 0.8;-; 79.1; 77.8; 47.8; 0.0; 47.8;1441; 0.5; 0.6; 0.6;26; 21.7;F;1;29;On;On;Off; 32.7; 32.2;0;7;799;7;799;6;613;1;-
2026/04/01;17:34:19;100;-; 56.56; 0.5;-; 78.2; 78.5; 28.8; 2.3; 26.6;1441; 0.5; 0.6; 0.6;26; 21.7;F;1;29;On;On;Off; 32.7; 32.2;0;7;799;7;799;6;613;1;-
2026/04/01;17:35:19;100;-; 56.58; 0.7;-; 78.9; 78.0; 41.0; 0.0; 41.0;1441; 0.5; 0.6; 0.6;26; 21.7;F;1;29;On;On;Off; 32.7; 32.2;0;7;799;7;799;6;613;1;-
2026/04/01;17:36:19;100;-; 56.56; 0.6;-; 78.6; 78.1; 31.8; 0.0; 31.8;1441; 0.5; 0.6; 0.6;26; 21.7;F;1;29;On;On;Off; 32.7; 32.2;0;7;799;7;799;6;613;1;-
2026/04/01;17:37:19;100;-; 56.58; 0.8;-; 78.8; 77.6; 46.3; 0.0; 46.3;1441; 0.5; 0.6; 0.6;26; 21.7;F;1;29;On;On;Off; 32.7; 32.2;0;7;799;7;799;6;613;1;-
2026/04/01;17:38:18;100;-; 56.58; 0.6;-; 78.6; 78.2; 32.6; 2.3; 30.4;1441; 0.5; 0.6; 0.6;27; 21.7;F;1;29;On;On;Off; 32.7; 32.2;0;7;799;7;799;6;613;1;-
2026/04/01;17:39:18;100;-; 56.58; 0.5;-; 78.6; 77.8; 27.3; 0.0; 27.3;1441; 0.5; 0.6; 0.6;26; 21.7;F;1;29;On;On;Off; 32.7; 32.2;0;7;799;7;799;6;613;1;-
2026/04/01;17:40:18;100;-; 56.58; 0.6;-; 78.7; 78.0; 36.4; 0.0; 36.4;1442; 0.5; 0.6; 0.6;27; 21.7;F;1;29;On;On;Off; 32.7; 32.2;0;7;799;7;799;6;613;1;-
2026/04/01;17:41:18;100;-; 56.58; 0.7;-; 77.9; 78.6; 39.4; 39.4; 0.0;1442; 0.5; 0.6; 0.6;27; 21.7;F;1;29;On;On;Off; 32.7; 32.2;0;7;799;7;799;6;613;1;-
2026/04/01;17:42:18;100;-; 56.58; 0.6;-; 78.4; 78.1; 31.8; 20.5; 11.4;1442; 0.5; 0.6; 0.6;27; 21.6;F;1;29;On;On;Off; 32.7; 32.2;0;7;799;7;799;6;613;1;-
2026/04/01;17:43:18;100;-; 56.56; 0.5;-; 78.7; 78.0; 28.8; 0.0; 28.8;1442; 0.5; 0.6; 0.6;27; 21.7;F;1;29;On;On;Off; 32.7; 32.2;0;7;799;7;799;6;613;1;-
2026/04/01;17:44:18;100;-; 56.56; 0.5;-; 78.7; 78.1; 28.8; 24.2; 4.5;1442; 0.5; 0.6; 0.6;27; 21.6;F;1;29;On;On;Off; 32.7; 32.2;0;7;799;7;799;6;613;1;-
2026/04/01;17:45:18;100;-; 56.58; 0.8;-; 78.9; 77.4; 44.8; 0.0; 44.8;1442; 0.5; 0.6; 0.6;27; 21.7;F;1;29;On;On;Off; 32.7; 32.2;0;7;799;7;799;6;613;1;-
2026/04/01;17:46:18;100;-; 56.58; 0.5;-; 78.4; 78.2; 28.8; 0.0; 28.8;1442; 0.5; 0.6; 0.6;27; 21.6;F;1;29;On;On;Off; 32.7; 32.2;0;7;799;7;799;6;613;1;-
2026/04/01;17:47:18;100;-; 56.56; 0.6;-; 78.4; 77.9; 34.2; 0.0; 34.2;1442; 0.5; 0.6; 0.6;27; 21.6;F;1;29;On;On;Off; 32.7; 32.2;0;7;799;7;799;7;614;1;-
2026/04/01;17:48:18;100;-; 56.58; 0.9;-; 77.7; 78.6; 52.4; 52.4; 0.0;1442; 0.5; 0.6; 0.6;27; 21.6;F;1;29;On;On;Off; 32.7; 32.2;0;7;799;7;799;7;614;1;-
2026/04/01;17:49:18;100;-; 56.58; 1.0;-; 78.9; 77.6; 53.9; 0.0; 53.9;1442; 0.5; 0.6; 0.6;27; 21.6;F;1;29;On;On;Off; 32.7; 32.2;0;7;799;7;799;7;614;1;-
2026/04/01;17:50:18;100;-; 56.56; 0.8;-; 78.6; 77.6; 43.2; 0.0; 43.2;1442; 0.5; 0.6; 0.6;26; 21.6;F;1;29;On;On;Off; 32.7; 32.2;0;7;799;7;799;7;614;1;-
2026/04/01;17:51:18;100;-; 56.58; 0.7;-; 77.8; 78.7; 37.2; 37.2; 0.0;1442; 0.5; 0.6; 0.6;26; 21.6;F;1;29;On;On;Off; 32.7; 32.2;0;7;799;7;799;7;614;1;-
2026/04/01;17:52:18;100;-; 56.58; 0.9;-; 77.4; 78.6; 53.1; 53.1; 0.0;1442; 0.5; 0.6; 0.6;26; 21.6;F;1;29;On;On;Off; 32.7; 32.2;0;7;799;7;799;7;614;1;-
2026/04/01;17:53:17;100;-; 56.58; 0.6;-; 78.0; 78.1; 33.4; 14.4; 19.0;1442; 0.5; 0.6; 0.6;26; 21.6;F;1;29;On;On;Off; 32.7; 32.2;0;7;799;7;799;7;614;1;-
2026/04/01;17:54:17;100;-; 56.58; 0.9;-; 78.8; 77.0; 52.4; 0.0; 52.4;1442; 0.5; 0.6; 0.6;26; 21.6;F;1;29;On;On;Off; 32.7; 32.2;0;7;799;7;799;7;614;1;-
2026/04/01;17:55:17;100;-; 56.58; 0.8;-; 78.7; 77.5; 46.3; 0.0; 46.3;1442; 0.5; 0.6; 0.6;26; 21.6;F;1;29;On;On;Off; 32.7; 32.2;0;7;799;7;799;7;614;1;-
2026/04/01;17:56:17;100;-; 56.56; 0.9;-; 77.5; 78.6; 52.4; 52.4; 0.0;1442; 0.5; 0.6; 0.6;26; 21.6;F;1;29;On;On;Off; 32.7; 32.2;0;7;799;7;799;7;614;1;-
2026/04/01;17:57:17;100;-; 56.56; 0.5;-; 78.2; 77.7; 28.0; 14.4; 13.7;1442; 0.5; 0.6; 0.6;26; 21.6;F;1;29;On;On;Off; 32.7; 32.2;0;7;799;7;799;7;614;1;-
2026/04/01;17:58:17;100;-; 56.58; 0.8;-; 76.7; 78.4; 47.8; 47.8; 0.0;1442; 0.5; 0.6; 0.6;27; 21.6;F;1;29;On;On;Off; 32.7; 32.2;0;7;799;7;799;7;614;1;-
2026/04/01;17:59:17;100;-; 56.56; 0.5;-; 77.4; 77.7; 26.5; 12.1; 14.4;1442; 0.5; 0.6; 0.6;26; 21.6;F;1;29;On;On;Off; 32.6; 32.2;0;7;799;7;799;7;614;1;-
2026/04/01;18:00:17;100;-; 56.56; 0.7;-; 76.7; 78.1; 41.8; 41.8; 0.0;1442; 0.5; 0.6; 0.6;27; 21.6;F;1;29;On;On;Off; 32.7; 32.2;0;7;799;7;799;7;614;1;-
2026/04/01;18:01:17;100;-; 56.56; 0.7;-; 78.1; 76.6; 38.7; 0.0; 38.7;1442; 0.5; 0.6; 0.6;26; 21.6;F;1;29;On;On;Off; 32.7; 32.2;0;8;800;8;800;7;614;1;-
2026/04/01;18:02:17;100;-; 56.56; 0.5;-; 77.1; 77.4; 26.5; 12.9; 13.7;1442; 0.5; 0.6; 0.6;26; 21.6;F;1;29;On;On;Off; 32.6; 32.1;0;8;800;8;800;7;614;1;-
2026/04/01;18:03:17;100;-; 56.58; 0.6;-; 76.7; 76.8; 35.6; 31.1; 4.5;1442; 0.5; 0.6; 0.6;26; 21.6;F;1;29;On;On;Off; 32.6; 32.1;0;8;800;8;800;7;614;1;-
2026/04/01;18:04:17;100;-; 56.58; 0.8;-; 75.3; 77.0; 45.6; 45.6; 0.0;1442; 0.5; 0.6; 0.6;26; 21.6;F;1;29;On;On;Off; 32.6; 32.1;0;8;800;8;800;7;614;1;-
2026/04/01;18:05:17;100;-; 56.58; 0.9;-; 75.2; 76.6; 49.3; 49.3; 0.0;1442; 0.5; 0.6; 0.6;26; 21.6;F;1;29;On;On;Off; 32.6; 32.1;0;8;800;8;800;7;614;1;-
2026/04/01;18:06:17;100;-; 56.58; 0.8;-; 77.4; 71.1; 46.3; 0.0; 46.3;1442; 0.5; 0.6; 0.6;27; 21.6;F;1;29;On;On;Off; 32.6; 32.1;0;8;800;8;800;7;614;1;-
2026/04/01;18:07:17;100;-; 56.58; 0.7;-; 75.7; 75.3; 39.4; 39.4; 0.0;1442; 0.5; 0.6; 0.6;27; 21.6;F;1;29;On;On;Off; 32.6; 32.0;0;8;800;8;800;7;614;1;-
2026/04/01;18:08:16;100;-; 56.58; 0.8;-; 77.9; 71.0; 44.8; 0.0; 44.8;1442; 0.5; 0.6; 0.6;27; 21.6;F;1;29;On;On;Off; 32.6; 32.0;0;8;800;8;800;7;614;1;-
2026/04/01;18:09:16;100;-; 56.58; 0.7;-; 75.7; 75.6; 40.2; 40.2; 0.0;1442; 0.5; 0.6; 0.6;27; 21.6;F;1;29;On;On;Off; 32.6; 32.1;0;8;800;8;800;7;614;1;-
2026/04/01;18:10:16;100;-; 56.56; 0.8;-; 77.5; 71.6; 44.0; 0.0; 44.0;1442; 0.5; 0.6; 0.6;27; 21.6;F;1;29;On;On;Off; 32.6; 32.1;0;8;800;8;800;7;614;1;-
2026/04/01;18:11:16;100;-; 56.56; 0.5;-; 76.1; 74.8; 31.1; 31.1; 0.0;1442; 0.5; 0.6; 0.6;27; 21.6;F;1;29;On;On;Off; 32.6; 32.0;0;8;800;8;800;7;614;1;-
2026/04/01;18:12:16;100;-; 56.58; 0.6;-; 75.2; 74.9; 31.8; 26.6; 5.3;1442; 0.5; 0.6; 0.6;27; 21.6;F;1;29;On;On;Off; 32.6; 32.0;0;8;800;8;800;7;614;1;-
2026/04/01;18:13:16;100;-; 56.58; 0.6;-; 75.9; 72.0; 34.9; 0.7; 34.2;1442; 0.5; 0.6; 0.6;27; 21.6;F;1;29;On;On;Off; 32.5; 32.0;0;8;800;8;800;7;614;1;-
2026/04/01;18:14:16;100;-; 56.58; 0.8;-; 70.8; 75.1; 47.0; 47.0; 0.0;1442; 0.5; 0.6; 0.6;27; 21.6;F;1;29;On;On;Off; 32.5; 32.0;0;8;800;8;800;7;614;1;-
2026/04/01;18:15:16;100;-; 56.58; 0.6;-; 72.7; 75.2; 36.4; 36.4; 0.0;1442; 0.5; 0.6; 0.6;28; 21.6;F;1;29;On;On;Off; 32.5; 32.0;0;8;800;8;800;7;614;1;-
2026/04/01;18:16:16;100;-; 56.58; 0.8;-; 69.7; 75.2; 45.6; 45.6; 0.0;1442; 0.5; 0.6; 0.6;28; 21.6;F;1;29;On;On;Off; 32.5; 32.0;0;8;800;8;800;7;614;1;-
2026/04/01;18:17:16;100;-; 56.58; 0.5;-; 73.2; 74.7; 31.1; 19.7; 11.4;1442; 0.5; 0.6; 0.6;27; 21.6;F;1;29;On;On;Off; 32.5; 32.0;0;8;800;8;800;7;614;1;-
2026/04/01;18:18:16;100;-; 56.58; 0.6;-; 74.7; 71.8; 34.1; 6.8; 27.3;1442; 0.5; 0.6; 0.6;28; 21.6;F;1;29;On;On;Off; 32.4; 31.9;0;8;800;8;800;7;614;1;-
2026/04/01;18:19:16;100;-; 56.58; 0.5;-; 74.3; 73.4; 30.3; 8.3; 22.0;1442; 0.5; 0.6; 0.6;27; 21.6;F;1;29;On;On;Off; 32.4; 31.9;0;8;800;8;800;7;614;1;-
2026/04/01;18:20:16;100;-; 56.58; 0.6;-; 74.7; 70.5; 35.6; 3.0; 32.6;1442; 0.5; 0.6; 0.6;27; 21.6;F;1;29;On;On;Off; 32.4; 31.9;0;8;800;8;800;7;614;1;-
2026/04/01;18:21:16;100;-; 56.58; 0.6;-; 75.2; 71.3; 31.8; 2.3; 29.6;1442; 0.5; 0.6; 0.6;28; 21.6;F;1;29;On;On;Off; 32.4; 31.9;0;8;800;8;800;7;614;1;-
2026/04/01;18:22:16;100;-; 56.58; 0.7;-; 69.7; 74.4; 39.4; 35.6; 3.8;1442; 0.5; 0.6; 0.6;28; 21.6;F;1;29;On;On;Off; 32.4; 31.9;0;8;800;8;800;7;614;1;-
2026/04/01;18:23:15;100;-; 56.58; 0.7;-; 72.2; 73.8; 37.2; 23.5; 13.7;1442; 0.5; 0.6; 0.6;28; 21.6;F;1;29;On;On;Off; 32.4; 31.9;0;8;800;8;800;7;614;1;-
2026/04/01;18:24:15;100;-; 56.58; 0.6;-; 74.7; 69.8; 32.6; 1.5; 31.1;1442; 0.5; 0.6; 0.6;28; 21.6;F;1;29;On;On;Off; 32.4; 31.9;0;8;800;8;800;7;614;1;-
2026/04/01;18:25:15;100;-; 56.58; 0.6;-; 73.5; 72.6; 36.4; 15.2; 21.2;1442; 0.5; 0.6; 0.6;27; 21.6;F;1;29;On;On;Off; 32.4; 31.9;0;8;800;8;800;7;614;1;-
2026/04/01;18:26:15;100;-; 56.56; 0.6;-; 73.3; 73.3; 31.8; 15.9; 15.9;1442; 0.5; 0.6; 0.6;27; 21.7;F;1;29;On;On;Off; 32.4; 31.9;0;8;800;8;800;7;614;1;-
2026/04/01;18:27:15;100;-; 56.58; 0.7;-; 70.3; 73.7; 37.2; 32.6; 4.5;1442; 0.5; 0.6; 0.6;27; 21.7;F;1;29;On;On;Off; 32.4; 31.9;0;8;800;8;800;7;614;1;-
2026/04/01;18:28:15;100;-; 56.58; 0.5;-; 75.0; 71.2; 30.3; 6.8; 23.5;1442; 0.5; 0.6; 0.6;28; 21.7;F;1;29;On;On;Off; 32.4; 31.9;0;8;800;8;800;7;614;1;-
2026/04/01;18:29:15;100;-; 56.58; 0.5;-; 75.2; 71.9; 28.0; 9.1; 19.0;1442; 0.5; 0.6; 0.6;28; 21.7;F;1;29;On;On;Off; 32.4; 31.9;0;8;800;8;800;7;614;1;-
2026/04/01;18:30:15;100;-; 56.56; 0.7;-; 69.6; 75.5; 37.9; 37.9; 0.0;1442; 0.5; 0.6; 0.6;28; 21.7;F;1;29;On;On;Off; 32.4; 31.9;0;8;800;8;800;7;614;1;-
2026/04/01;18:31:15;100;-; 56.56; 0.6;-; 70.5; 75.2; 32.6; 32.6; 0.0;1442; 0.5; 0.6; 0.6;28; 21.7;F;1;29;On;On;Off; 32.4; 31.8;0;8;800;8;800;7;614;1;-
2026/04/01;18:32:15;100;-; 56.56; 0.5;-; 74.1; 72.4; 29.6; 10.6; 19.0;1442; 0.5; 0.6; 0.6;27; 21.7;F;1;29;On;On;Off; 32.4; 31.8;0;8;800;8;800;7;614;1;-
2026/04/01;18:33:15;100;-; 56.58; 0.6;-; 73.2; 70.0; 35.6; 12.1; 23.5;1442; 0.5; 0.6; 0.6;27; 21.7;F;1;29;On;On;Off; 32.3; 31.8;0;8;800;8;800;7;614;1;-
2026/04/01;18:34:15;100;-; 56.56; 0.5;-; 73.5; 69.9; 29.5; 9.1; 20.5;1442; 0.5; 0.6; 0.6;28; 21.7;F;1;29;On;On;Off; 32.3; 31.8;0;8;800;8;800;7;614;1;-
2026/04/01;18:35:15;100;-; 56.58; 0.6;-; 70.3; 71.9; 35.6; 21.2; 14.4;1442; 0.5; 0.6; 0.6;28; 21.7;F;1;29;On;On;Off; 32.3; 31.8;0;8;800;8;800;7;614;1;-
2026/04/01;18:36:15;100;-; 56.56; 0.5;-; 72.0; 70.6; 29.5; 12.9; 16.7;1442; 0.5; 0.6; 0.6;28; 21.7;F;1;29;On;On;Off; 32.3; 31.8;0;8;800;8;800;7;614;1;-
2026/04/01;18:37:15;100;-; 56.58; 0.6;-; 71.0; 71.4; 31.8; 18.2; 13.7;1442; 0.5; 0.6; 0.6;28; 21.7;F;1;29;On;On;Off; 32.3; 31.8;0;8;800;8;800;7;614;1;-
2026/04/01;18:38:14;100;-; 56.58; 0.5;-; 69.9; 71.7; 29.6; 19.7; 9.9;1442; 0.5; 0.6; 0.6;28; 21.7;F;1;29;On;On;Off; 32.3; 31.8;0;8;800;8;800;7;614;1;-
2026/04/01;18:39:14;100;-; 56.60; 0.4;-; 70.0; 72.3; 21.2; 20.5; 0.7;1442; 0.3; 0.4; 0.4;17; 21.7;F;1;29;On;On;Off; 32.0; 29.8;0;8;800;8;800;7;614;1;-
2026/04/01;18:40:14;100;-; 54.92; 0.4;-; 73.0; 71.5; 20.6; 11.1; 9.6;1443; 0.3; 0.3; 0.3;14; 21.7;F;1;29;On;On;Off; 31.7; 30.2;0;8;800;8;800;7;614;1;-
2026/04/01;18:41:14;100;-; 54.72; 0.5;-; 71.3; 71.3; 29.3; 19.8; 9.5;1443; 0.3; 0.5; 0.5;16; 21.7;F;1;29;On;On;Off; 31.9; 31.3;0;8;800;8;800;7;614;1;-
2026/04/01;18:42:14;100;-; 54.54; 0.3;-; 71.2; 72.0; 18.2; 17.5; 0.7;1443; 0.3; 0.4; 0.4;16; 21.7;F;1;29;On;On;Off; 31.9; 29.8;0;8;800;8;800;7;614;1;-
2026/04/01;18:43:14;100;-; 54.31; 0.3;-; 71.0; 71.7; 16.0; 16.0; 0.0;1443; 0.2; 0.3; 0.3;8; 21.7;F;1;29;On;On;Off; 31.6; 29.3;0;8;800;8;800;7;614;1;-
2026/04/01;18:44:14;100;-; 53.91; 0.2;-; 72.8; 70.4; 10.1; 0.0; 10.1;1443; 0.1; 0.3; 0.3;4; 21.7;F;1;29;On;On;Off; 29.9; 30.9;0;8;800;8;800;7;614;1;-
2026/04/01;18:45:14;100;-; 53.79; 0.1;-; 73.0; 71.6; 4.3; 4.3; 0.0;1443;-0.1; 0.2; 0.2;-3; 21.7;F;1;29;On;On;Off; 29.5; 30.2;0;8;800;8;800;7;614;1;-
2026/04/01;18:46:14;100;-; 53.79; 0.3;-; 70.2; 71.4; 14.4; 13.7; 0.7;1443; 0.1; 0.2; 0.2;3; 21.7;F;1;29;On;On;Off; 31.0; 28.9;0;8;800;8;800;7;614;1;-
2026/04/01;18:47:14;100;-; 53.70; 0.2;-; 72.1; 70.0; 10.1; 0.7; 9.4;1443; 0.1; 0.3; 0.3;2; 21.7;F;1;29;On;On;Off; 30.1; 30.2;0;8;800;8;800;7;614;1;-
2026/04/01;18:48:14;100;-; 53.64; 0.2;-; 71.7; 69.9; 9.3; 0.0; 9.3;1443;-0.1; 0.2; 0.2;-3; 21.7;F;1;29;On;On;Off; 29.2; 30.5;0;8;800;8;800;7;614;1;-
2026/04/01;18:49:14;100;-; 53.60; 0.2;-; 70.1; 70.8; 10.8; 10.8; 0.0;1443;-0.1; 0.1; 0.1;-5; 21.7;F;1;29;On;On;Off; 30.5; 28.7;0;8;800;8;800;7;614;1;-
2026/04/01;18:50:14;100;-; 53.58; 0.4;-; 70.0; 69.8; 20.1; 11.5; 8.6;1443;-0.0; 0.2; 0.2;0; 21.7;F;1;29;On;On;Off; 30.7; 28.8;0;8;800;8;800;7;614;1;-
2026/04/01;18:51:14;100;-; 53.54; 0.2;-; 71.7; 69.8; 8.6; 0.0; 8.6;1443;-0.1; 0.2; 0.2;-2; 21.7;F;1;29;On;On;Off; 29.0; 30.2;0;8;800;8;800;7;614;1;-
2026/04/01;18:52:14;100;-; 53.52; 0.2;-; 69.9; 71.0; 10.0; 10.0; 0.0;1443;-0.1; 0.1; 0.1;-5; 21.7;F;1;29;On;On;Off; 29.5; 28.8;0;8;800;8;800;7;614;1;-
2026/04/01;18:53:13;100;-; 53.46; 0.2;-; 69.8; 70.7; 8.6; 8.6; 0.0;1443;-0.1; 0.2; 0.2;-3; 21.7;F;1;29;On;On;Off; 30.4; 28.2;0;8;800;8;800;7;614;1;-
2026/04/01;18:54:13;100;-; 53.44; 0.1;-; 70.7; 69.6; 7.9; 0.0; 7.9;1443;-0.1; 0.2; 0.2;-4; 21.6;F;1;29;On;On;Off; 29.0; 29.9;0;8;800;8;800;7;614;1;-
2026/04/01;18:55:13;100;-; 53.42; 0.0;-; 70.5; 70.3; 0.0; 0.0; 0.0;1443;-0.1; 0.2; 0.2;-6; 21.6;F;1;29;On;On;Off; 28.6; 29.8;0;8;800;8;800;7;614;1;-
2026/04/01;18:56:13;100;-; 53.38; 0.1;-; 69.7; 70.2; 7.2; 7.2; 0.0;1443;-0.2; 0.1; 0.1;-8; 21.6;F;1;29;On;On;Off; 30.2; 28.1;0;8;800;8;800;7;614;1;-
2026/04/01;18:57:13;100;-; 53.32; 0.1;-; 70.2; 69.5; 6.4; 0.0; 6.4;1443;-0.2; 0.2; 0.2;-8; 21.7;F;1;29;On;On;Off; 29.7; 29.3;0;8;800;8;800;7;614;1;-
2026/04/01;18:58:13;100;-; 53.30; 0.1;-; 70.1; 69.4; 6.4; 0.0; 6.4;1443;-0.2; 0.1; 0.1;-9; 21.7;F;1;29;On;On;Off; 28.5; 29.8;0;8;800;8;800;7;614;1;-
2026/04/01;18:59:13;100;-; 53.24; 0.0;-; 70.9; 69.8; 2.1; 2.1; 0.0;1443;-0.2; 0.1; 0.1;-10; 21.6;F;1;29;On;On;Off; 29.7; 28.0;0;8;800;8;800;7;614;1;-
2026/04/01;19:00:13;100;-; 53.20; 0.2;-; 69.5; 69.4; 12.1; 6.4; 5.7;1443;-0.2; 0.1; 0.1;-10; 21.6;F;1;29;On;On;Off; 30.1; 27.9;0;8;800;8;800;7;614;1;-
2026/04/01;19:01:13;100;-; 53.18; 0.1;-; 69.6; 69.3; 5.7; 0.0; 5.7;1443;-0.2; 0.1; 0.1;-10; 21.6;F;1;29;On;On;Off; 28.4; 29.6;0;8;800;8;800;7;614;1;-
2026/04/01;19:02:13;100;-; 53.14; 0.1;-; 69.5; 69.3; 6.4; 6.4; 0.0;1443;-0.2; 0.1; 0.1;-10; 21.7;F;1;29;On;On;Off; 28.6; 28.4;0;8;800;8;800;7;614;1;-
2026/04/01;19:03:13;100;-; 53.12; 0.1;-; 69.4; 69.0; 5.7; 5.7; 0.0;1443;-0.2; 0.1; 0.1;-12; 21.6;F;1;29;On;On;Off; 29.9; 27.7;0;8;800;8;800;7;614;1;-
2026/04/01;19:04:13;99;-; 53.06; 0.1;-; 69.0; 69.2; 4.9; 0.0; 4.9;1443;-0.2; 0.1; 0.1;-12; 21.6;F;1;29;On;On;Off; 28.6; 29.3;0;8;800;8;800;7;614;1;-
2026/04/01;19:05:13;99;-; 53.06; 0.0;-; 68.8; 68.6; 0.0; 0.0; 0.0;1443;-0.3; 0.1; 0.1;-13; 21.6;F;1;29;On;On;Off; 28.1; 29.5;0;8;800;8;800;7;614;1;-
2026/04/01;19:06:13;99;-; 53.03; 0.1;-; 69.2; 68.3; 4.9; 4.9; 0.0;1443;-0.3; 0.1; 0.1;-13; 21.6;F;1;29;On;On;Off; 29.6; 27.6;0;8;800;8;800;7;614;1;-
2026/04/01;19:07:13;99;-; 52.97; 0.1;-; 68.4; 68.9; 4.2; 0.0; 4.2;1443;-0.3; 0.1; 0.1;-14; 21.7;F;1;29;On;On;Off; 29.6; 28.5;0;8;800;8;800;7;614;1;-
2026/04/01;19:08:12;99;-; 52.93; 0.1;-; 68.3; 68.9; 4.2; 0.0; 4.2;1443;-0.3; 0.1; 0.1;-14; 21.6;F;1;29;On;On;Off; 28.1; 29.3;0;8;800;8;800;7;614;1;-
2026/04/01;19:09:12;99;-; 52.93; 0.1;-; 69.1; 67.7; 4.2; 4.2; 0.0;1443;-0.3; 0.1; 0.1;-14; 21.6;F;1;29;On;On;Off; 29.1; 27.7;0;8;800;8;800;7;614;1;-
2026/04/01;19:10:12;99;-; 52.87; 0.1;-; 69.1; 67.5; 4.2; 4.2; 0.0;1443;-0.3; 0.1; 0.1;-14; 21.6;F;1;29;On;On;Off; 29.6; 27.4;0;8;800;8;800;7;614;1;-
2026/04/01;19:11:12;99;-; 52.83; 0.1;-; 67.4; 68.9; 4.2; 0.0; 4.2;1443;-0.3; 0.1; 0.1;-15; 21.6;F;1;29;On;On;Off; 28.1; 29.2;0;8;800;8;800;7;614;1;-
2026/04/01;19:12:12;99;-; 52.81; 0.1;-; 69.0; 67.0; 4.2; 4.2; 0.0;1443;-0.3; 0.1; 0.1;-14; 21.6;F;1;29;On;On;Off; 27.9; 28.3;0;8;800;8;800;7;614;1;-
2026/04/01;19:13:12;99;-; 52.77; 0.1;-; 68.9; 66.8; 4.2; 4.2; 0.0;1443;-0.3; 0.1; 0.1;-15; 21.6;F;1;29;On;On;Off; 29.5; 27.4;0;8;800;8;800;7;614;1;-
2026/04/01;19:14:12;99;-; 52.79; 0.0;-; 66.6; 66.6; 0.0; 0.0; 0.0;1443;-0.3; 0.1; 0.1;-15; 21.6;F;1;29;On;On;Off; 28.3; 27.3;0;8;800;8;800;7;614;1;-
2026/04/01;19:15:12;99;-; 52.79; 0.0;-; 66.5; 66.3; 0.7; 0.7; 0.0;1443;-0.2; 0.0; 0.0;-11; 21.6;F;1;29;On;On;Off; 27.4; 27.0;0;8;800;8;800;7;614;1;-
2026/04/01;19:16:12;99;-; 52.79; 0.0;-; 66.2; 66.0; 0.0; 0.0; 0.0;1443;-0.2; 0.0; 0.0;-10; 21.6;F;1;29;On;On;Off; 27.3; 26.8;0;8;800;8;800;7;614;1;-
2026/04/01;19:17:12;99;-; 52.81; 0.0;-; 65.9; 65.8; 0.0; 0.0; 0.0;1443;-0.2; 0.0; 0.0;-10; 21.6;F;1;29;On;On;Off; 27.1; 26.8;0;8;800;8;800;7;614;1;-
2026/04/01;19:18:12;99;-; 52.81; 0.0;-; 65.7; 65.4; 0.0; 0.0; 0.0;1443;-0.2; 0.0; 0.0;-10; 21.6;F;1;29;On;On;Off; 26.9; 26.5;0;8;800;8;800;7;614;1;-
2026/04/01;19:19:12;99;-; 52.79; 0.0;-; 65.5; 65.0; 0.0; 0.0; 0.0;1443;-0.2; 0.0; 0.0;-10; 21.6;F;1;29;On;On;Off; 26.9; 26.4;0;8;800;8;800;7;614;1;-
2026/04/01;19:20:12;99;-; 52.79; 0.0;-; 65.1; 64.7; 0.0; 0.0; 0.0;1443;-0.2; 0.0; 0.0;-10; 21.6;F;1;29;On;On;Off; 26.7; 26.3;0;8;800;8;800;7;614;1;-
2026/04/01;19:21:12;99;-; 52.81; 0.0;-; 64.7; 64.4; 0.0; 0.0; 0.0;1443;-0.2; 0.0; 0.0;-10; 21.6;F;1;29;On;On;Off; 26.6; 26.2;0;8;800;8;800;7;614;1;-
2026/04/01;19:22:12;99;-; 52.79; 0.0;-; 64.2; 64.0; 0.0; 0.0; 0.0;1443;-0.2; 0.0; 0.0;-9; 21.6;F;1;29;On;On;Off; 26.4; 26.1;0;8;800;8;800;7;614;1;-
2026/04/01;19:23:11;99;-; 52.79; 0.0;-; 64.0; 63.6; 0.0; 0.0; 0.0;1443;-0.2; 0.0; 0.0;-9; 21.6;F;1;29;On;On;Off; 26.4; 26.0;0;8;800;8;800;7;614;1;-
2026/04/01;19:24:11;99;-; 52.77; 0.0;-; 63.3; 63.0; 0.0; 0.0; 0.0;1443;-0.2; 0.0; 0.0;-9; 21.6;F;1;29;On;On;Off; 26.3; 25.9;0;8;800;8;800;7;614;1;-
2026/04/01;19:25:11;99;-; 52.77; 0.0;-; 62.9; 62.6; 0.0; 0.0; 0.0;1443;-0.2; 0.0; 0.0;-9; 21.6;F;1;29;On;On;Off; 26.2; 25.8;0;8;800;8;800;7;614;1;-
2026/04/01;19:26:11;99;-; 52.79; 0.0;-; 62.5; 62.0; 0.7; 0.7; 0.0;1443;-0.2; 0.0; 0.0;-9; 21.6;F;1;29;On;On;Off; 26.2; 25.7;0;8;800;8;800;7;614;1;-
2026/04/01;19:27:11;99;-; 52.77; 0.0;-; 61.8; 61.4; 0.0; 0.0; 0.0;1443;-0.2; 0.0; 0.0;-9; 21.6;F;1;29;On;On;Off; 26.0; 25.7;0;8;800;8;800;7;614;1;-
2026/04/01;19:28:11;99;-; 52.77; 0.0;-; 61.3; 60.9; 0.0; 0.0; 0.0;1443;-0.2; 0.0; 0.0;-9; 21.6;F;1;29;On;On;Off; 25.9; 25.6;0;8;800;8;800;7;614;1;-
2026/04/01;19:29:11;99;-; 52.77; 0.0;-; 61.0; 60.4; 0.0; 0.0; 0.0;1443;-0.2; 0.0; 0.0;-9; 21.6;F;1;29;On;On;Off; 26.0; 25.6;0;8;800;8;800;7;614;1;-
2026/04/01;19:30:11;99;-; 52.73; 0.0;-; 60.5; 59.9; 0.0; 0.0; 0.0;1443;-0.2; 0.0; 0.0;-9; 21.6;F;1;29;On;On;Off; 25.8; 25.4;0;8;800;8;800;7;614;1;-
2026/04/01;19:31:11;99;-; 52.75; 0.0;-; 59.9; 59.3; 0.0; 0.0; 0.0;1443;-0.2; 0.0; 0.0;-9; 21.6;F;1;29;On;On;Off; 25.7; 25.3;0;8;800;8;800;7;614;1;-
2026/04/01;19:32:11;99;-; 52.75; 0.0;-; 59.2; 58.5; 0.7; 0.7; 0.0;1443;-0.2; 0.0; 0.0;-10; 21.6;F;1;29;On;On;Off; 25.6; 25.3;0;8;800;8;800;7;614;1;-
2026/04/01;19:33:11;99;-; 52.73; 0.0;-; 58.4; 57.8; 0.0; 0.0; 0.0;1443;-0.2; 0.0; 0.0;-10; 21.6;F;1;29;On;On;Off; 25.6; 25.2;0;8;800;8;800;7;614;1;-
2026/04/01;19:34:11;99;-; 52.73; 0.0;-; 57.6; 57.3; 0.0; 0.0;-;1443;-0.2; 0.0; 0.0;-10; 21.6;F;1;29;On;On;Off; 25.5; 25.1;0;8;800;8;800;7;614;1;-
2026/04/01;19:35:11;99;-; 52.73; 0.0;-; 57.1; 56.5; 0.0;-;-;1443;-0.2; 0.0; 0.0;-8; 21.6;F;1;29;On;On;Off; 25.4; 25.1;0;8;800;8;800;7;614;0;-
2026/04/01;19:36:11;99;-; 52.73; 0.0;-; 56.0; 55.5; 0.0;-;-;1443;-0.2; 0.0; 0.0;-8; 21.6;F;1;29;On;On;Off; 25.3; 25.0;0;8;800;8;800;7;614;0;-
2026/04/01;19:37:11;99;-; 52.73; 0.0;-; 55.2; 54.4; 0.0;-;-;1443;-0.2; 0.0; 0.0;-8; 21.6;F;1;29;On;On;Off; 25.2; 24.9;0;8;800;8;800;7;614;0;-
2026/04/01;19:38:10;99;-; 52.73; 0.0;-; 54.2; 53.2; 0.0;-;-;1443;-0.2; 0.0; 0.0;-8; 21.6;F;1;29;On;On;Off; 25.2; 24.9;0;8;800;8;800;7;614;0;-
2026/04/01;19:39:10;99;-; 52.73; 0.0;-; 53.0; 52.1; 0.0;-;-;1443;-0.2; 0.0; 0.0;-8; 21.6;F;1;29;On;On;Off; 25.1; 24.8;0;8;800;8;800;7;614;0;-
2026/04/01;19:40:10;99;-; 52.71; 0.0;-; 51.9; 50.9; 0.0;-;-;1444;-0.2; 0.0; 0.0;-9; 21.6;F;1;29;On;On;Off; 25.0; 24.7;0;8;800;8;800;7;614;0;-
2026/04/01;19:41:10;99;-; 52.73; 0.0;-; 50.8; 49.7; 0.0;-;-;1444;-0.2; 0.0; 0.0;-8; 21.6;F;1;29;On;On;Off; 24.9; 24.6;0;8;800;8;800;7;614;0;-
2026/04/01;19:42:10;99;-; 52.73; 0.0;-; 49.5; 48.4; 0.0;-;-;1444;-0.2; 0.0; 0.0;-8; 21.6;F;1;29;On;On;Off; 24.9; 24.6;0;8;800;8;800;7;614;0;-
2026/04/01;19:43:10;99;-; 52.71; 0.0;-; 48.4; 47.2; 0.0;-;-;1444;-0.2; 0.0; 0.0;-8; 21.6;F;1;29;On;On;Off; 24.8; 24.5;0;8;800;8;800;7;614;0;-
2026/04/01;19:44:10;99;-; 52.73; 0.0;-; 47.5; 46.1; 0.0;-;-;1444;-0.2; 0.0; 0.0;-9; 21.6;F;1;29;On;On;Off; 24.8; 24.5;0;8;800;8;800;7;614;0;-
2026/04/01;19:45:10;99;-; 52.73; 0.0;-; 46.4; 44.9; 0.0;-;-;1444;-0.2; 0.0; 0.0;-8; 21.6;F;1;29;On;On;Off; 24.7; 24.4;0;8;800;8;800;7;614;0;-
2026/04/01;19:46:10;99;-; 52.73; 0.0;-; 44.8; 43.4; 0.0;-;-;1444;-0.2; 0.0; 0.0;-8; 21.6;F;1;29;On;On;Off; 24.6; 24.3;0;8;800;8;800;7;614;0;-
2026/04/01;19:47:10;99;-; 52.71; 0.0;-; 43.6; 42.2; 0.0;-;-;1444;-0.2; 0.0; 0.0;-8; 21.6;F;1;29;On;On;Off; 24.6; 24.3;0;8;800;8;800;7;614;0;-
2026/04/01;19:48:10;99;-; 52.73; 0.0;-; 42.3; 40.9; 0.0;-;-;1444;-0.2; 0.0; 0.0;-8; 21.6;F;1;29;On;On;Off; 24.6; 24.3;0;8;800;8;800;7;614;0;-
2026/04/01;19:49:10;99;-; 52.71; 0.0;-; 40.9; 39.4; 0.0;-;-;1444;-0.2; 0.0; 0.0;-8; 21.6;F;1;29;On;On;Off; 24.5; 24.2;0;8;800;8;800;7;614;0;-
2026/04/01;19:50:10;99;-; 52.71; 0.0;-; 39.5; 38.2; 0.0;-;-;1444;-0.2; 0.0; 0.0;-8; 21.6;F;1;29;On;On;Off; 24.4; 24.2;0;8;800;8;800;7;614;0;-
2026/04/01;19:51:10;99;-; 52.71; 0.0;-; 38.2; 36.9; 0.0;-;-;1444;-0.2; 0.0; 0.0;-8; 21.6;F;1;29;On;On;Off; 24.4; 24.1;0;8;800;8;800;7;614;0;-
2026/04/01;19:52:10;99;-; 52.71; 0.0;-; 36.8; 35.3; 0.0;-;-;1444;-0.1; 0.0; 0.0;-7; 21.6;F;1;29;On;On;Off; 24.3; 24.1;0;8;800;8;800;7;614;0;-
2026/04/01;19:53:10;99;-; 52.71; 0.0;-; 35.4; 34.0; 0.0;-;-;1444;-0.1; 0.0; 0.0;-7; 21.6;F;1;29;On;On;Off; 24.3; 24.0;0;8;800;8;800;7;614;0;-
2026/04/01;19:54:09;99;-; 52.71; 0.0;-; 34.0; 32.8; 0.0;-;-;1444;-0.1; 0.0; 0.0;-7; 21.5;F;1;29;On;On;Off; 24.3; 24.0;0;8;800;8;800;7;614;0;-
2026/04/01;19:55:09;99;-; 52.71; 0.0;-; 32.7; 31.6; 0.0;-;-;1444;-0.1; 0.0; 0.0;-7; 21.5;F;1;29;On;On;Off; 24.2; 24.0;0;8;800;8;800;7;614;0;-
2026/04/01;19:56:09;99;-; 52.71; 0.0;-; 31.4; 30.2; 0.0;-;-;1444;-0.2; 0.0; 0.0;-8; 21.6;F;1;29;On;On;Off; 24.2; 23.9;0;8;800;8;800;7;614;0;-
2026/04/01;19:57:09;99;-; 52.71; 0.0;-; 30.2; 29.0; 0.0;-;-;1444;-0.2; 0.0; 0.0;-8; 21.6;F;1;29;On;On;Off; 24.2; 23.9;0;8;800;8;800;7;614;0;-
2026/04/01;19:58:09;99;-; 52.71; 0.0;-; 28.9; 27.8; 0.0;-;-;1444;-0.2; 0.0; 0.0;-8; 21.6;F;1;29;On;On;Off; 24.1; 23.9;0;8;800;8;800;7;614;0;-
2026/04/01;19:59:09;99;-; 52.71; 0.0;-; 27.5; 26.4; 0.0;-;-;1444;-0.2; 0.0; 0.0;-9; 21.6;F;1;29;On;On;Off; 24.1; 23.8;0;8;800;8;800;7;614;0;-
2026/04/01;20:00:09;99;-; 52.69; 0.0;-; 26.5; 25.4; 0.0;-;-;1444;-0.2; 0.0; 0.0;-9; 21.6;F;1;29;On;On;Off; 24.1; 23.8;0;8;800;8;800;7;614;0;-
2026/04/01;20:01:09;99;-; 52.69; 0.0;-; 25.3; 24.2; 0.0;-;-;1444;-0.2; 0.0; 0.0;-8; 21.6;F;1;29;On;On;Off; 24.0; 23.8;0;8;800;8;800;7;614;0;-
2026/04/01;20:02:09;99;-; 52.69; 0.0;-; 24.3; 23.2; 0.0;-;-;1444;-0.2; 0.0; 0.0;-8; 21.6;F;1;29;On;On;Off; 24.0; 23.7;0;8;800;8;800;7;614;0;-
2026/04/01;20:03:09;99;-; 52.67; 0.0;-; 23.3; 22.2; 0.0;-;-;1444;-0.2; 0.0; 0.0;-9; 21.6;F;1;29;On;On;Off; 24.0; 23.7;0;8;800;8;800;7;614;0;-
2026/04/01;20:04:09;99;-; 52.69; 0.0;-; 22.4; 21.5; 0.0;-;-;1444;-0.2; 0.0; 0.0;-9; 21.5;F;1;29;On;On;Off; 23.9; 23.7;0;8;800;8;800;7;614;0;-
2026/04/01;20:05:09;99;-; 52.67; 0.0;-; 21.5; 20.5; 0.0;-;-;1444;-0.2; 0.0; 0.0;-9; 21.6;F;1;29;On;On;Off; 23.9; 23.6;0;8;800;8;800;7;614;0;-
2026/04/01;20:06:09;99;-; 52.69; 0.0;-; 20.6; 19.6; 0.0;-;-;1444;-0.2; 0.0; 0.0;-8; 21.6;F;1;29;On;On;Off; 23.9; 23.6;0;8;800;8;800;7;614;0;-
2026/04/01;20:07:09;99;-; 52.69; 0.0;-; 20.0; 19.0; 0.0;-;-;1444;-0.2; 0.0; 0.0;-8; 21.6;F;1;29;On;On;Off; 23.9; 23.6;0;8;800;8;800;7;614;0;-
2026/04/01;20:08:09;99;-; 52.69; 0.0;-; 19.2; 18.3; 0.0;-;-;1444;-0.2; 0.0; 0.0;-9; 21.5;F;1;29;On;On;Off; 23.8; 23.6;0;8;800;8;800;7;614;0;-
2026/04/01;20:09:08;99;-; 52.67; 0.0;-; 18.4; 17.6; 0.0;-;-;1444;-0.2; 0.0; 0.0;-9; 21.5;F;1;29;On;On;Off; 23.8; 23.5;0;8;800;8;800;7;614;0;-
2026/04/01;20:10:08;99;-; 52.67; 0.0;-; 17.9; 17.1; 0.0;-;-;1444;-0.2; 0.0; 0.0;-9; 21.5;F;1;29;On;On;Off; 23.8; 23.5;0;8;800;8;800;7;614;0;-
2026/04/01;20:11:08;99;-; 52.67; 0.0;-; 17.3; 16.6; 0.0;-;-;1444;-0.2; 0.0; 0.0;-9; 21.5;F;1;29;On;On;Off; 23.8; 23.5;0;8;800;8;800;7;614;0;-
2026/04/01;20:12:08;99;-; 52.67; 0.0;-; 16.8; 16.1; 0.0;-;-;1444;-0.2; 0.0; 0.0;-9; 21.5;F;1;29;On;On;Off; 23.8; 23.5;0;8;800;8;800;7;614;0;-
2026/04/01;20:13:08;99;-; 52.67; 0.0;-; 16.4; 15.7; 0.0;-;-;1444;-0.2; 0.0; 0.0;-9; 21.5;F;1;29;On;On;Off; 23.7; 23.5;0;8;800;8;800;7;614;0;-
2026/04/01;20:14:08;99;-; 52.67; 0.0;-; 15.9; 15.3; 0.0;-;-;1444;-0.2; 0.0; 0.0;-8; 21.5;F;1;29;On;On;Off; 23.7; 23.4;0;8;800;8;800;7;614;0;-
2026/04/01;20:15:08;99;-; 52.67; 0.0;-; 15.6; 14.9; 0.0;-;-;1444;-0.2; 0.0; 0.0;-9; 21.5;F;1;29;On;On;Off; 23.7; 23.4;0;8;800;8;800;7;614;0;-
2026/04/01;20:16:08;99;-; 52.67; 0.0;-; 15.1; 14.5; 0.0;-;-;1444;-0.2; 0.0; 0.0;-9; 21.5;F;1;29;On;On;Off; 23.7; 23.4;0;8;800;8;800;7;614;0;-
2026/04/01;20:17:08;99;-; 52.67; 0.0;-; 14.8; 14.2; 0.0;-;-;1444;-0.2; 0.0; 0.0;-9; 21.5;F;1;29;On;On;Off; 23.7; 23.4;0;8;800;8;800;7;614;0;-
2026/04/01;20:18:08;99;-; 52.67; 0.0;-; 14.6; 14.0; 0.0;-;-;1444;-0.2; 0.0; 0.0;-9; 21.5;F;1;29;On;On;Off; 23.6; 23.3;0;8;800;8;800;7;614;0;-
2026/04/01;20:19:08;99;-; 52.67; 0.0;-; 14.3; 13.8; 0.0;-;-;1444;-0.2; 0.0; 0.0;-9; 21.5;F;1;29;On;On;Off; 23.6; 23.3;0;8;800;8;800;7;614;0;-
2026/04/01;20:20:08;99;-; 52.67; 0.0;-; 14.0; 13.5; 0.0;-;-;1444;-0.2; 0.0; 0.0;-9; 21.5;F;1;29;On;On;Off; 23.6; 23.3;0;8;800;8;800;7;614;0;-
2026/04/01;20:21:08;99;-; 52.65; 0.0;-; 13.8; 13.3; 0.0;-;-;1444;-0.2; 0.0; 0.0;-9; 21.5;F;1;29;On;On;Off; 23.6; 23.3;0;8;800;8;800;7;614;0;-
2026/04/01;20:22:08;99;-; 52.65; 0.0;-; 13.5; 13.1; 0.0;-;-;1444;-0.2; 0.0; 0.0;-8; 21.5;F;1;29;On;On;Off; 23.5; 23.3;0;8;800;8;800;7;614;0;-
2026/04/01;20:23:08;99;-; 52.65; 0.0;-; 13.2; 12.9; 0.0;-;-;1444;-0.2; 0.0; 0.0;-9; 21.5;F;1;29;On;On;Off; 23.5; 23.2;0;8;800;8;800;7;614;0;-
2026/04/01;20:24:08;99;-; 52.65; 0.0;-; 13.2; 12.9; 0.0;-;-;1444;-0.2; 0.0; 0.0;-9; 21.5;F;1;29;On;On;Off; 23.5; 23.2;0;8;800;8;800;7;614;0;-
2026/04/01;20:25:07;99;-; 52.65; 0.0;-; 12.9; 12.7; 0.0;-;-;1444;-0.2; 0.0; 0.0;-8; 21.5;F;1;29;On;On;Off; 23.5; 23.2;0;8;800;8;800;7;614;0;-
2026/04/01;20:26:07;99;-; 52.65; 0.0;-; 12.8; 12.4; 0.0;-;-;1444;-0.2; 0.0; 0.0;-8; 21.5;F;1;29;On;On;Off; 23.5; 23.2;0;8;800;8;800;7;614;0;-
2026/04/01;20:27:07;99;-; 52.65; 0.0;-; 12.7; 12.6; 0.0;-;-;1444;-0.2; 0.0; 0.0;-8; 21.5;F;1;29;On;On;Off; 23.5; 23.2;0;8;800;8;800;7;614;0;-
2026/04/01;20:28:07;99;-; 52.65; 0.0;-; 12.7; 12.3; 0.0;-;-;1444;-0.2; 0.0; 0.0;-8; 21.5;F;1;29;On;On;Off; 23.4; 23.2;0;8;800;8;800;7;614;0;-
2026/04/01;20:29:07;99;-; 52.65; 0.0;-; 12.7; 12.3; 0.0;-;-;1444;-0.2; 0.0; 0.0;-8; 21.5;F;1;29;On;On;Off; 23.4; 23.2;0;8;800;8;800;7;614;0;-
2026/04/01;20:30:07;99;-; 52.63; 0.0;-; 12.7; 12.1; 0.0;-;-;1444;-0.2; 0.0; 0.0;-8; 21.5;F;1;29;On;On;Off; 23.4; 23.1;0;8;800;8;800;7;614;0;-
2026/04/01;20:31:07;99;-; 52.65; 0.0;-; 12.6; 12.1; 0.0;-;-;1444;-0.2; 0.0; 0.0;-8; 21.5;F;1;29;On;On;Off; 23.4; 23.1;0;8;800;8;800;7;614;0;-
2026/04/01;20:32:07;99;-; 52.65; 0.0;-; 12.4; 11.8; 0.0;-;-;1444;-0.2; 0.0; 0.0;-9; 21.5;F;1;29;On;On;Off; 23.4; 23.1;0;8;800;8;800;7;614;0;-
2026/04/01;20:33:07;99;-; 52.63; 0.0;-; 12.5; 11.9; 0.0;-;-;1444;-0.2; 0.0; 0.0;-8; 21.5;F;1;29;On;On;Off; 23.4; 23.1;0;8;800;8;800;7;614;0;-
2026/04/01;20:34:07;99;-; 52.63; 0.0;-; 12.5; 11.8; 0.0;-;-;1444;-0.2; 0.0; 0.0;-8; 21.5;F;1;29;On;On;Off; 23.3; 23.1;0;8;800;8;800;7;614;0;-
2026/04/01;20:35:07;99;-; 52.63; 0.0;-; 12.5; 11.9; 0.0;-;-;1444;-0.2; 0.0; 0.0;-8; 21.5;F;1;29;On;On;Off; 23.3; 23.0;0;8;800;8;800;7;614;0;-
2026/04/01;20:36:07;99;-; 52.63; 0.0;-; 12.3; 11.7; 0.0;-;-;1444;-0.2; 0.0; 0.0;-8; 21.5;F;1;29;On;On;Off; 23.3; 23.0;0;8;800;8;800;7;614;0;-
2026/04/01;20:37:07;99;-; 52.63; 0.0;-; 12.2; 11.9; 0.0;-;-;1444;-0.2; 0.0; 0.0;-8; 21.5;F;1;29;On;On;Off; 23.3; 23.0;0;8;800;8;800;7;614;0;-
2026/04/01;20:38:07;99;-; 52.63; 0.0;-; 12.2; 11.8; 0.0;-;-;1444;-0.2; 0.0; 0.0;-8; 21.5;F;1;29;On;On;Off; 23.3; 23.0;0;8;800;8;800;7;614;0;-
2026/04/01;20:39:07;99;-; 52.63; 0.0;-; 12.1; 11.7; 0.0;-;-;1444;-0.2; 0.0; 0.0;-8; 21.5;F;1;29;On;On;Off; 23.3; 23.0;0;8;800;8;800;7;614;0;-
2026/04/01;20:40:07;99;-; 52.63; 0.0;-; 12.2; 11.8; 0.0;-;-;1445;-0.2; 0.0; 0.0;-8; 21.5;F;1;29;On;On;Off; 23.3; 23.0;0;8;800;8;800;7;614;0;-
2026/04/01;20:41:06;99;-; 52.63; 0.0;-; 12.3; 12.0; 0.0;-;-;1445;-0.2; 0.0; 0.0;-8; 21.5;F;1;29;On;On;Off; 23.3; 23.0;0;8;800;8;800;7;614;0;-
2026/04/01;20:42:06;99;-; 52.63; 0.0;-; 12.3; 11.7; 0.0;-;-;1445;-0.2; 0.0; 0.0;-8; 21.5;F;1;29;On;On;Off; 23.2; 23.0;0;8;800;8;800;7;614;0;-
2026/04/01;20:43:06;99;-; 52.61; 0.0;-; 12.2; 11.7; 0.0;-;-;1445;-0.2; 0.0; 0.0;-9; 21.5;F;1;29;On;On;Off; 23.2; 23.0;0;8;800;8;800;7;614;0;-
2026/04/01;20:44:06;99;-; 52.63; 0.0;-; 12.1; 11.7; 0.0;-;-;1445;-0.2; 0.0; 0.0;-9; 21.5;F;1;29;On;On;Off; 23.2; 23.0;0;8;800;8;800;7;614;0;-
2026/04/01;20:45:06;99;-; 52.61; 0.0;-; 12.0; 11.7; 0.0;-;-;1445;-0.2; 0.0; 0.0;-9; 21.5;F;1;29;On;On;Off; 23.2; 22.9;0;8;800;8;800;7;614;0;-
2026/04/01;20:46:06;99;-; 52.61; 0.0;-; 12.1; 11.8; 0.0;-;-;1445;-0.2; 0.0; 0.0;-8; 21.5;F;1;29;On;On;Off; 23.2; 22.9;0;8;800;8;800;7;614;0;-
2026/04/01;20:47:06;99;-; 52.61; 0.0;-; 12.0; 11.8; 0.0;-;-;1445;-0.2; 0.0; 0.0;-8; 21.5;F;1;29;On;On;Off; 23.2; 22.9;0;8;800;8;800;7;614;0;-
2026/04/01;20:48:06;99;-; 52.61; 0.0;-; 12.0; 11.9; 0.0;-;-;1445;-0.2; 0.0; 0.0;-9; 21.5;F;1;29;On;On;Off; 23.2; 22.9;0;8;800;8;800;7;614;0;-
2026/04/01;20:49:06;99;-; 52.61; 0.0;-; 12.0; 12.2; 0.0;-;-;1445;-0.2; 0.0; 0.0;-9; 21.5;F;1;29;On;On;Off; 23.2; 22.9;0;8;800;8;800;7;614;0;-
2026/04/01;20:50:06;99;-; 52.59; 0.0;-; 12.1; 12.1; 0.0;-;-;1445;-0.2; 0.0; 0.0;-9; 21.5;F;1;29;On;On;Off; 23.2; 22.9;0;8;800;8;800;7;614;0;-
2026/04/01;20:51:06;99;-; 52.61; 0.0;-; 11.9; 12.0; 0.0;-;-;1445;-0.2; 0.0; 0.0;-8; 21.5;F;1;29;On;On;Off; 23.1; 22.9;0;8;800;8;800;7;614;0;-
2026/04/01;20:52:06;99;-; 52.61; 0.0;-; 12.0; 12.1; 0.0;-;-;1445;-0.2; 0.0; 0.0;-8; 21.5;F;1;29;On;On;Off; 23.1; 22.9;0;8;800;8;800;7;614;0;-
2026/04/01;20:53:06;99;-; 52.61; 0.0;-; 11.9; 12.1; 0.0;-;-;1445;-0.2; 0.0; 0.0;-8; 21.5;F;1;29;On;On;Off; 23.1; 22.8;0;8;800;8;800;7;614;0;-
2026/04/01;20:54:06;99;-; 52.61; 0.0;-; 11.9; 12.3; 0.0;-;-;1445;-0.2; 0.0; 0.0;-7; 21.5;F;1;29;On;On;Off; 23.1; 22.8;0;8;800;8;800;7;614;0;-
2026/04/01;20:55:06;99;-; 52.59; 0.0;-; 11.9; 12.4; 0.0;-;-;1445;-0.2; 0.0; 0.0;-8; 21.5;F;1;29;On;On;Off; 23.1; 22.8;0;8;800;8;800;7;614;0;-
2026/04/01;20:56:05;99;-; 52.61; 0.0;-; 12.0; 12.4; 0.0;-;-;1445;-0.2; 0.0; 0.0;-8; 21.5;F;1;29;On;On;Off; 23.1; 22.8;0;8;800;8;800;7;614;0;-
2026/04/01;20:57:05;99;-; 52.61; 0.0;-; 11.9; 12.5; 0.0;-;-;1445;-0.1; 0.0; 0.0;-7; 21.5;F;1;29;On;On;Off; 23.1; 22.8;0;8;800;8;800;7;614;0;-
2026/04/01;20:58:05;99;-; 52.59; 0.0;-; 11.9; 12.6; 0.0;-;-;1445;-0.1; 0.0; 0.0;-7; 21.5;F;1;29;On;On;Off; 23.1; 22.8;0;8;800;8;800;7;614;0;-
2026/04/01;20:59:05;99;-; 52.59; 0.0;-; 12.0; 12.6; 0.0;-;-;1445;-0.1; 0.0; 0.0;-7; 21.5;F;1;29;On;On;Off; 23.0; 22.8;0;8;800;8;800;7;614;0;-
2026/04/01;21:00:05;99;-; 52.59; 0.0;-; 11.9; 12.7; 0.0;-;-;1445;-0.1; 0.0; 0.0;-7; 21.5;F;1;29;On;On;Off; 23.0; 22.8;0;8;800;8;800;7;614;0;-
2026/04/01;21:01:05;99;-; 52.59; 0.0;-; 11.8; 12.8; 0.0;-;-;1445;-0.2; 0.0; 0.0;-8; 21.5;F;1;29;On;On;Off; 23.0; 22.8;0;8;800;8;800;7;614;0;-
2026/04/01;21:02:05;99;-; 52.59; 0.0;-; 11.9; 12.9; 0.0;-;-;1445;-0.2; 0.0; 0.0;-8; 21.5;F;1;29;On;On;Off; 23.0; 22.8;0;8;800;8;800;7;614;0;-
2026/04/01;21:03:05;99;-; 52.59; 0.0;-; 11.9; 12.8; 0.0;-;-;1445;-0.2; 0.0; 0.0;-8; 21.5;F;1;29;On;On;Off; 23.0; 22.8;0;8;800;8;800;7;614;0;-
2026/04/01;21:04:05;99;-; 52.59; 0.0;-; 11.9; 13.0; 0.0;-;-;1445;-0.2; 0.0; 0.0;-8; 21.5;F;1;29;On;On;Off; 23.0; 22.8;0;8;800;8;800;7;614;0;-
2026/04/01;21:05:05;99;-; 52.59; 0.0;-; 12.0; 13.1; 0.0;-;-;1445;-0.2; 0.0; 0.0;-8; 21.5;F;1;29;On;On;Off; 23.0; 22.8;0;8;800;8;800;7;614;0;-
2026/04/01;21:06:05;99;-; 52.59; 0.0;-; 12.0; 13.0; 0.0;-;-;1445;-0.2; 0.0; 0.0;-8; 21.5;F;1;29;On;On;Off; 23.0; 22.8;0;8;800;8;800;7;614;0;-
2026/04/01;21:07:05;99;-; 52.57; 0.0;-; 12.1; 13.1; 0.0;-;-;1445;-0.2; 0.0; 0.0;-8; 21.5;F;1;29;On;On;Off; 23.0; 22.7;0;8;800;8;800;7;614;0;-
2026/04/01;21:08:05;99;-; 52.57; 0.0;-; 12.3; 13.2; 0.0;-;-;1445;-0.2; 0.0; 0.0;-8; 21.5;F;1;29;On;On;Off; 23.0; 22.7;0;8;800;8;800;7;614;0;-
2026/04/01;21:09:05;99;-; 52.57; 0.0;-; 12.4; 13.3; 0.0;-;-;1445;-0.2; 0.0; 0.0;-9; 21.5;F;1;29;On;On;Off; 23.0; 22.7;0;8;800;8;800;7;614;0;-
2026/04/01;21:10:05;99;-; 52.57; 0.0;-; 12.6; 13.2; 0.0;-;-;1445;-0.2; 0.0; 0.0;-9; 21.5;F;1;29;On;On;Off; 23.0; 22.7;0;8;800;8;800;7;614;0;-
2026/04/01;21:11:05;99;-; 52.55; 0.0;-; 12.7; 13.1; 0.0;-;-;1445;-0.2; 0.0; 0.0;-9; 21.5;F;1;29;On;On;Off; 23.0; 22.7;0;8;800;8;800;7;614;0;-
2026/04/01;21:12:04;99;-; 52.57; 0.0;-; 12.9; 12.9; 0.0;-;-;1445;-0.2; 0.0; 0.0;-8; 21.5;F;1;29;On;On;Off; 23.0; 22.7;0;8;800;8;800;7;614;0;-
2026/04/01;21:13:04;99;-; 52.57; 0.0;-; 12.9; 12.9; 0.0;-;-;1445;-0.2; 0.0; 0.0;-8; 21.5;F;1;29;On;On;Off; 23.0; 22.7;0;8;800;8;800;7;614;0;-
2026/04/01;21:14:04;99;-; 52.57; 0.0;-; 13.1; 12.8; 0.0;-;-;1445;-0.2; 0.0; 0.0;-8; 21.5;F;1;29;On;On;Off; 22.9; 22.7;0;8;800;8;800;7;614;0;-
2026/04/01;21:15:04;99;-; 52.57; 0.0;-; 13.0; 12.6; 0.0;-;-;1445;-0.2; 0.0; 0.0;-8; 21.5;F;1;29;On;On;Off; 22.9; 22.7;0;8;800;8;800;7;614;0;-
2026/04/01;21:16:04;99;-; 52.57; 0.0;-; 13.1; 12.2; 0.0;-;-;1445;-0.2; 0.0; 0.0;-8; 21.5;F;1;29;On;On;Off; 22.9; 22.7;0;8;800;8;800;7;614;0;-
2026/04/01;21:17:04;98;-; 52.57; 0.0;-; 13.2; 12.2; 0.0;-;-;1445;-0.2; 0.0; 0.0;-8; 21.5;F;1;29;On;On;Off; 22.9; 22.7;0;8;800;8;800;7;614;0;-
2026/04/01;21:18:04;98;-; 52.57; 0.0;-; 13.2; 12.0; 0.0;-;-;1445;-0.2; 0.0; 0.0;-8; 21.5;F;1;29;On;On;Off; 22.9; 22.7;0;8;800;8;800;7;614;0;-
2026/04/01;21:19:04;98;-; 52.55; 0.0;-; 13.3; 12.0; 0.0;-;-;1445;-0.2; 0.0; 0.0;-8; 21.5;F;1;29;On;On;Off; 22.9; 22.6;0;8;800;8;800;7;614;0;-
2026/04/01;21:20:04;98;-; 52.55; 0.0;-; 14.4; 12.8; 0.0;-;-;1445;-0.2; 0.0; 0.0;-8; 21.5;F;1;29;On;On;Off; 22.9; 22.7;0;8;800;8;800;7;614;0;-
2026/04/01;21:21:04;98;-; 52.57; 0.0;-; 13.7; 12.4; 0.0;-;-;1445;-0.2; 0.0; 0.0;-8; 21.5;F;1;29;On;On;Off; 22.9; 22.6;0;8;800;8;800;7;614;0;-
2026/04/01;21:22:04;98;-; 52.57; 0.0;-; 14.1; 12.6; 0.0;-;-;1445;-0.2; 0.0; 0.0;-8; 21.5;F;1;29;On;On;Off; 22.9; 22.6;0;8;800;8;800;7;614;0;-
2026/04/01;21:23:04;98;-; 52.55; 0.0;-; 14.5; 12.7; 0.0;-;-;1445;-0.2; 0.0; 0.0;-8; 21.5;F;1;29;On;On;Off; 22.9; 22.6;0;8;800;8;800;7;614;0;-
2026/04/01;21:24:04;98;-; 52.53; 0.0;-; 14.6; 12.8; 0.0;-;-;1445;-0.2; 0.0; 0.0;-8; 21.5;F;1;29;On;On;Off; 22.9; 22.6;0;8;800;8;800;7;614;0;-
2026/04/01;21:25:04;98;-; 52.55; 0.0;-; 16.0; 13.4; 0.0;-;-;1445;-0.2; 0.0; 0.0;-8; 21.5;F;1;29;On;On;Off; 22.9; 22.6;0;8;800;8;800;7;614;0;-
2026/04/01;21:26:04;98;-; 52.55; 0.0;-; 15.1; 13.1; 0.0;-;-;1445;-0.2; 0.0; 0.0;-8; 21.5;F;1;29;On;On;Off; 22.9; 22.6;0;8;800;8;800;7;614;0;-
2026/04/01;21:27:04;98;-; 52.55; 0.0;-; 15.4; 13.3; 0.0;-;-;1445;-0.2; 0.0; 0.0;-8; 21.5;F;1;29;On;On;Off; 22.9; 22.6;0;8;800;8;800;7;614;0;-
2026/04/01;21:28:03;98;-; 52.55; 0.0;-; 15.5; 13.3; 0.0;-;-;1445;-0.2; 0.0; 0.0;-8; 21.5;F;1;29;On;On;Off; 22.9; 22.6;0;8;800;8;800;7;614;0;-
2026/04/01;21:29:03;98;-; 52.55; 0.0;-; 15.8; 14.1; 0.0;-;-;1445;-0.2; 0.0; 0.0;-8; 21.5;F;1;29;On;On;Off; 22.9; 22.6;0;8;800;8;800;7;614;0;-
2026/04/01;21:30:03;98;-; 52.55; 0.0;-; 15.9; 14.1; 0.0;-;-;1445;-0.2; 0.0; 0.0;-8; 21.5;F;1;29;On;On;Off; 22.9; 22.6;0;8;800;8;800;7;614;0;-
2026/04/01;21:31:03;98;-; 52.55; 0.0;-; 15.9; 14.0; 0.0;-;-;1445;-0.2; 0.0; 0.0;-8; 21.5;F;1;29;On;On;Off; 22.9; 22.6;0;8;800;8;800;7;614;0;-
2026/04/01;21:32:03;98;-; 52.55; 0.0;-; 15.9; 14.1; 0.0;-;-;1445;-0.2; 0.0; 0.0;-8; 21.5;F;1;29;On;On;Off; 22.8; 22.6;0;8;800;8;800;7;614;0;-
2026/04/01;21:33:03;98;-; 52.55; 0.0;-; 16.0; 14.0; 0.0;-;-;1445;-0.2; 0.0; 0.0;-8; 21.5;F;1;29;On;On;Off; 22.8; 22.6;0;8;800;8;800;7;614;0;-
2026/04/01;21:34:03;98;-; 52.55; 0.0;-; 15.0; 10.3; 0.0;-;-;1445;-0.2; 0.0; 0.0;-8; 21.5;F;1;29;On;On;Off; 22.8; 22.6;0;8;800;8;800;7;614;0;-
2026/04/01;21:35:03;98;-; 52.55; 0.0;-; 15.1; 10.3; 0.0;-;-;1445;-0.2; 0.0; 0.0;-8; 21.5;F;1;29;On;On;Off; 22.8; 22.6;0;8;800;8;800;7;614;0;-
2026/04/01;21:36:03;98;-; 52.55; 0.0;-; 15.2; 10.5; 0.0;-;-;1445;-0.2; 0.0; 0.0;-8; 21.5;F;1;29;On;On;Off; 22.8; 22.6;0;8;800;8;800;7;614;0;-
2026/04/01;21:37:03;98;-; 52.55; 0.0;-; 15.2; 10.8; 0.0;-;-;1445;-0.2; 0.0; 0.0;-9; 21.5;F;1;29;On;On;Off; 22.8; 22.6;0;8;800;8;800;7;614;0;-
2026/04/01;21:38:03;98;-; 52.55; 0.0;-; 15.3; 11.1; 0.0;-;-;1445;-0.2; 0.0; 0.0;-8; 21.5;F;1;29;On;On;Off; 22.8; 22.6;0;8;800;8;800;7;614;0;-
2026/04/01;21:39:03;98;-; 52.53; 0.0;-; 15.3; 11.1; 0.0;-;-;1445;-0.2; 0.0; 0.0;-8; 21.5;F;1;29;On;On;Off; 22.8; 22.6;0;8;800;8;800;7;614;0;-
2026/04/01;21:40:03;98;-; 52.53; 0.0;-; 15.3; 11.5; 0.0;-;-;1446;-0.2; 0.0; 0.0;-8; 21.5;F;1;29;On;On;Off; 22.8; 22.6;0;8;800;8;800;7;614;0;-
2026/04/01;21:41:03;98;-; 52.53; 0.0;-; 16.4; 11.8; 0.0;-;-;1446;-0.2; 0.0; 0.0;-9; 21.5;F;1;29;On;On;Off; 22.8; 22.6;0;8;800;8;800;7;614;0;-
2026/04/01;21:42:03;98;-; 52.51; 0.0;-; 14.8; 12.1; 0.0;-;-;1446;-0.2; 0.0; 0.0;-9; 21.5;F;1;29;On;On;Off; 22.8; 22.6;0;8;800;8;800;7;614;0;-
2026/04/01;21:43:03;98;-; 52.53; 0.0;-; 15.9; 12.5; 0.0;-;-;1446;-0.2; 0.0; 0.0;-8; 21.5;F;1;29;On;On;Off; 22.8; 22.6;0;8;800;8;800;7;614;0;-
2026/04/01;21:44:02;98;-; 52.53; 0.0;-; 15.0; 12.7; 0.0;-;-;1446;-0.2; 0.0; 0.0;-8; 21.5;F;1;29;On;On;Off; 22.8; 22.5;0;8;800;8;800;7;614;0;-
2026/04/01;21:45:02;98;-; 52.53; 0.0;-; 14.7; 12.7; 0.0;-;-;1446;-0.2; 0.0; 0.0;-9; 21.5;F;1;29;On;On;Off; 22.8; 22.6;0;8;800;8;800;7;614;0;-
2026/04/01;21:46:02;98;-; 52.53; 0.0;-; 15.0; 12.9; 0.0;-;-;1446;-0.2; 0.0; 0.0;-8; 21.5;F;1;29;On;On;Off; 22.8; 22.5;0;8;800;8;800;7;614;0;-
2026/04/01;21:47:02;98;-; 52.53; 0.0;-; 14.4; 12.8; 0.0;-;-;1446;-0.2; 0.0; 0.0;-8; 21.5;F;1;29;On;On;Off; 22.8; 22.5;0;8;800;8;800;7;614;0;-
2026/04/01;21:48:02;98;-; 52.51; 0.0;-; 14.6; 12.9; 0.0;-;-;1446;-0.2; 0.0; 0.0;-8; 21.5;F;1;29;On;On;Off; 22.8; 22.5;0;8;800;8;800;7;614;0;-
2026/04/01;21:49:02;98;-; 52.53; 0.0;-; 14.7; 12.9; 0.0;-;-;1446;-0.2; 0.0; 0.0;-8; 21.5;F;1;29;On;On;Off; 22.8; 22.5;0;8;800;8;800;7;614;0;-
2026/04/01;21:50:02;98;-; 52.53; 0.0;-; 15.0; 13.0; 0.0;-;-;1446;-0.2; 0.0; 0.0;-8; 21.5;F;1;29;On;On;Off; 22.8; 22.5;0;8;800;8;800;7;614;0;-
2026/04/01;21:51:02;98;-; 52.51; 0.0;-; 15.3; 13.1; 0.0;-;-;1446;-0.2; 0.0; 0.0;-8; 21.5;F;1;29;On;On;Off; 22.8; 22.5;0;8;800;8;800;7;614;0;-
2026/04/01;21:52:02;98;-; 52.51; 0.0;-; 15.5; 13.1; 0.0;-;-;1446;-0.2; 0.0; 0.0;-8; 21.5;F;1;29;On;On;Off; 22.8; 22.5;0;8;800;8;800;7;614;0;-
2026/04/01;21:53:02;98;-; 52.51; 0.0;-; 15.5; 13.2; 0.0;-;-;1446;-0.2; 0.0; 0.0;-8; 21.5;F;1;29;On;On;Off; 22.8; 22.5;0;8;800;8;800;7;614;0;-
2026/04/01;21:54:02;98;-; 52.53; 0.0;-; 15.5; 13.1; 0.0;-;-;1446;-0.2; 0.0; 0.0;-8; 21.5;F;1;29;On;On;Off; 22.8; 22.5;0;8;800;8;800;7;614;0;-
2026/04/01;21:55:02;98;-; 52.51; 0.0;-; 15.6; 13.2; 0.0;-;-;1446;-0.2; 0.0; 0.0;-8; 21.5;F;1;29;On;On;Off; 22.8; 22.5;0;8;800;8;800;7;614;0;-
2026/04/01;21:56:02;98;-; 52.51; 0.0;-; 15.6; 13.3; 0.0;-;-;1446;-0.2; 0.0; 0.0;-8; 21.5;F;1;29;On;On;Off; 22.8; 22.5;0;8;800;8;800;7;614;0;-
2026/04/01;21:57:02;98;-; 52.51; 0.0;-; 15.7; 13.3; 0.0;-;-;1446;-0.2; 0.0; 0.0;-8; 21.5;F;1;29;On;On;Off; 22.8; 22.5;0;8;800;8;800;7;614;0;-
2026/04/01;21:58:02;98;-; 52.51; 0.0;-; 15.7; 13.4; 0.0;-;-;1446;-0.2; 0.0; 0.0;-8; 21.5;F;1;29;On;On;Off; 22.8; 22.5;0;8;800;8;800;7;614;0;-
2026/04/01;21:59:01;98;-; 52.51; 0.0;-; 15.6; 13.4; 0.0;-;-;1446;-0.2; 0.0; 0.0;-8; 21.5;F;1;29;On;On;Off; 22.8; 22.5;0;8;800;8;800;7;614;0;-
2026/04/01;22:00:01;98;-; 52.51; 0.0;-; 15.8; 13.4; 0.0;-;-;1446;-0.2; 0.0; 0.0;-8; 21.5;F;1;29;On;On;Off; 22.8; 22.5;0;8;800;8;800;7;614;0;-
2026/04/01;22:01:01;98;-; 52.49; 0.0;-; 15.8; 13.5; 0.0;-;-;1446;-0.2; 0.0; 0.0;-8; 21.5;F;1;29;On;On;Off; 22.7; 22.5;0;8;800;8;800;7;614;0;-
2026/04/01;22:02:01;98;-; 52.51; 0.0;-; 15.8; 13.5; 0.0;-;-;1446;-0.2; 0.0; 0.0;-8; 21.5;F;1;29;On;On;Off; 22.7; 22.5;0;8;800;8;800;7;614;0;-
2026/04/01;22:03:01;98;-; 52.49; 0.0;-; 15.9; 13.7; 0.0;-;-;1446;-0.2; 0.0; 0.0;-9; 21.5;F;1;29;On;On;Off; 22.7; 22.5;0;8;800;8;800;7;614;0;-
2026/04/01;22:04:01;98;-; 52.51; 0.0;-; 15.9; 13.5; 0.0;-;-;1446;-0.2; 0.0; 0.0;-8; 21.5;F;1;29;On;On;Off; 22.7; 22.5;0;8;800;8;800;7;614;0;-
2026/04/01;22:05:01;98;-; 52.51; 0.0;-; 16.0; 13.5; 0.0;-;-;1446;-0.2; 0.0; 0.0;-9; 21.5;F;1;29;On;On;Off; 22.7; 22.4;0;8;800;8;800;7;614;0;-
2026/04/01;22:06:01;98;-; 52.49; 0.0;-; 16.0; 13.5; 0.0;-;-;1446;-0.2; 0.0; 0.0;-8; 21.5;F;1;29;On;On;Off; 22.7; 22.4;0;8;800;8;800;7;614;0;-
2026/04/01;22:07:01;98;-; 52.51; 0.0;-; 16.0; 13.5; 0.0;-;-;1446;-0.2; 0.0; 0.0;-8; 21.5;F;1;29;On;On;Off; 22.7; 22.4;0;8;800;8;800;7;614;0;-
2026/04/01;22:08:01;98;-; 52.51; 0.0;-; 16.1; 13.7; 0.0;-;-;1446;-0.2; 0.0; 0.0;-8; 21.5;F;1;29;On;On;Off; 22.7; 22.4;0;8;800;8;800;7;614;0;-
2026/04/01;22:09:01;98;-; 52.51; 0.0;-; 16.1; 13.7; 0.0;-;-;1446;-0.2; 0.0; 0.0;-8; 21.5;F;1;29;On;On;Off; 22.7; 22.4;0;8;800;8;800;7;614;0;-
2026/04/01;22:10:01;98;-; 52.51; 0.0;-; 16.2; 13.6; 0.0;-;-;1446;-0.2; 0.0; 0.0;-8; 21.5;F;1;29;On;On;Off; 22.7; 22.4;0;8;800;8;800;7;614;0;-
2026/04/01;22:11:01;98;-; 52.49; 0.0;-; 16.1; 13.8; 0.0;-;-;1446;-0.2; 0.0; 0.0;-8; 21.5;F;1;29;On;On;Off; 22.7; 22.4;0;8;800;8;800;7;614;0;-
2026/04/01;22:12:01;98;-; 52.49; 0.0;-; 16.2; 13.8; 0.0;-;-;1446;-0.2; 0.0; 0.0;-8; 21.5;F;1;29;On;On;Off; 22.7; 22.4;0;8;800;8;800;7;614;0;-
2026/04/01;22:13:01;98;-; 52.51; 0.0;-; 16.2; 13.8; 0.0;-;-;1446;-0.2; 0.0; 0.0;-9; 21.5;F;1;29;On;On;Off; 22.7; 22.4;0;8;800;8;800;7;614;0;-
2026/04/01;22:14:01;98;-; 52.47; 0.0;-; 16.3; 14.0; 0.0;-;-;1446;-0.2; 0.0; 0.0;-9; 21.5;F;1;29;On;On;Off; 22.7; 22.4;0;8;800;8;800;7;614;0;-
2026/04/01;22:15:00;98;-; 52.49; 0.0;-; 16.3; 13.8; 0.0;-;-;1446;-0.2; 0.0; 0.0;-9; 21.5;F;1;29;On;On;Off; 22.7; 22.4;0;8;800;8;800;7;614;0;-
2026/04/01;22:16:00;98;-; 52.47; 0.0;-; 16.3; 13.9; 0.0;-;-;1446;-0.2; 0.0; 0.0;-9; 21.5;F;1;29;On;On;Off; 22.7; 22.4;0;8;800;8;800;7;614;0;-
2026/04/01;22:17:00;98;-; 52.49; 0.0;-; 16.4; 14.0; 0.0;-;-;1446;-0.2; 0.0; 0.0;-9; 21.5;F;1;29;On;On;Off; 22.7; 22.4;0;8;800;8;800;7;614;0;-
2026/04/01;22:18:00;98;-; 52.49; 0.0;-; 16.4; 14.1; 0.0;-;-;1446;-0.2; 0.0; 0.0;-9; 21.5;F;1;29;On;On;Off; 22.7; 22.4;0;8;800;8;800;7;614;0;-
2026/04/01;22:19:00;98;-; 52.49; 0.0;-; 16.4; 14.0; 0.0;-;-;1446;-0.2; 0.0; 0.0;-9; 21.5;F;1;29;On;On;Off; 22.7; 22.4;0;8;800;8;800;7;614;0;-
2026/04/01;22:20:00;98;-; 52.49; 0.0;-; 16.5; 14.1; 0.0;-;-;1446;-0.2; 0.0; 0.0;-8; 21.5;F;1;29;On;On;Off; 22.7; 22.4;0;8;800;8;800;7;614;0;-
2026/04/01;22:21:00;98;-; 52.47; 0.0;-; 17.4; 14.6; 0.0;-;-;1446;-0.2; 0.0; 0.0;-9; 21.5;F;1;29;On;On;Off; 22.7; 22.4;0;8;800;8;800;7;614;0;-
2026/04/01;22:22:00;98;-; 52.47; 0.0;-; 16.6; 14.2; 0.0;-;-;1446;-0.2; 0.0; 0.0;-9; 21.5;F;1;29;On;On;Off; 22.7; 22.4;0;8;800;8;800;7;614;0;-
2026/04/01;22:23:00;98;-; 52.47; 0.0;-; 16.6; 14.2; 0.0;-;-;1446;-0.2; 0.0; 0.0;-9; 21.5;F;1;29;On;On;Off; 22.7; 22.4;0;8;800;8;800;7;614;0;-
2026/04/01;22:24:00;98;-; 52.49; 0.0;-; 16.7; 14.4; 0.0;-;-;1446;-0.2; 0.0; 0.0;-9; 21.5;F;1;29;On;On;Off; 22.6; 22.4;0;8;800;8;800;7;614;0;-
2026/04/01;22:25:00;98;-; 52.49; 0.0;-; 16.7; 14.3; 0.0;-;-;1446;-0.2; 0.0; 0.0;-9; 21.5;F;1;29;On;On;Off; 22.6; 22.4;0;8;800;8;800;7;614;0;-
2026/04/01;22:26:00;98;-; 52.49; 0.0;-; 16.7; 14.3; 0.0;-;-;1446;-0.2; 0.0; 0.0;-9; 21.5;F;1;29;On;On;Off; 22.6; 22.4;0;8;800;8;800;7;614;0;-
2026/04/01;22:27:00;98;-; 52.49; 0.0;-; 17.2; 14.5; 0.0;-;-;1446;-0.2; 0.0; 0.0;-9; 21.5;F;1;29;On;On;Off; 22.6; 22.4;0;8;800;8;800;7;614;0;-
2026/04/01;22:28:00;98;-; 52.49; 0.0;-; 17.3; 14.6; 0.0;-;-;1446;-0.2; 0.0; 0.0;-8; 21.5;F;1;29;On;On;Off; 22.6; 22.4;0;8;800;8;800;7;614;0;-
2026/04/01;22:29:00;98;-; 52.49; 0.0;-; 17.3; 14.5; 0.0;-;-;1446;-0.2; 0.0; 0.0;-9; 21.5;F;1;29;On;On;Off; 22.6; 22.4;0;8;800;8;800;7;614;0;-
2026/04/01;22:30:00;98;-; 52.49; 0.0;-; 18.2; 14.4; 0.0;-;-;1446;-0.2; 0.0; 0.0;-9; 21.5;F;1;29;On;On;Off; 22.6; 22.4;0;8;800;8;800;7;614;0;-
2026/04/01;22:30:59;98;-; 52.47; 0.0;-; 16.5; 14.3; 0.0;-;-;1446;-0.2; 0.0; 0.0;-8; 21.4;F;1;29;On;On;Off; 22.6; 22.4;0;8;800;8;800;7;614;0;-
2026/04/01;22:31:59;98;-; 52.47; 0.0;-; 16.8; 14.5; 0.0;-;-;1446;-0.2; 0.0; 0.0;-9; 21.4;F;1;29;On;On;Off; 22.6; 22.3;0;8;800;8;800;7;614;0;-
2026/04/01;22:32:59;98;-; 52.47; 0.0;-; 17.0; 14.7; 0.0;-;-;1446;-0.2; 0.0; 0.0;-8; 21.5;F;1;29;On;On;Off; 22.6; 22.3;0;8;800;8;800;7;614;0;-
2026/04/01;22:33:59;98;-; 52.47; 0.0;-; 17.0; 14.7; 0.0;-;-;1446;-0.2; 0.0; 0.0;-9; 21.5;F;1;29;On;On;Off; 22.6; 22.3;0;8;800;8;800;7;614;0;-
2026/04/01;22:34:59;98;-; 52.47; 0.0;-; 16.2; 14.0; 0.0;-;-;1446;-0.2; 0.0; 0.0;-8; 21.5;F;1;29;On;On;Off; 22.6; 22.3;0;8;800;8;800;7;614;0;-
2026/04/01;22:35:59;98;-; 52.47; 0.0;-; 17.0; 14.7; 0.0;-;-;1446;-0.2; 0.0; 0.0;-9; 21.5;F;1;29;On;On;Off; 22.6; 22.3;0;8;800;8;800;7;614;0;-
2026/04/01;22:36:59;98;-; 52.47; 0.0;-; 16.2; 14.1; 0.0;-;-;1446;-0.2; 0.0; 0.0;-9; 21.4;F;1;29;On;On;Off; 22.6; 22.3;0;8;800;8;800;7;614;0;-
2026/04/01;22:37:59;98;-; 52.47; 0.0;-; 17.0; 14.6; 0.0;-;-;1446;-0.2; 0.0; 0.0;-8; 21.5;F;1;29;On;On;Off; 22.6; 22.3;0;8;800;8;800;7;614;0;-
2026/04/01;22:38:59;98;-; 52.47; 0.0;-; 16.0; 13.5; 0.0;-;-;1446;-0.2; 0.0; 0.0;-8; 21.5;F;1;29;On;On;Off; 22.6; 22.3;0;8;800;8;800;7;614;0;-
2026/04/01;22:39:59;98;-; 52.47; 0.0;-; 16.2; 13.8; 0.0;-;-;1447;-0.2; 0.0; 0.0;-8; 21.5;F;1;29;On;On;Off; 22.6; 22.3;0;8;800;8;800;7;614;0;-
2026/04/01;22:40:59;98;-; 52.47; 0.0;-; 16.5; 14.0; 0.0;-;-;1447;-0.2; 0.0; 0.0;-8; 21.5;F;1;29;On;On;Off; 22.6; 22.3;0;8;800;8;800;7;614;0;-
2026/04/01;22:41:59;98;-; 52.45; 0.0;-; 15.9; 13.3; 0.0;-;-;1447;-0.2; 0.0; 0.0;-8; 21.5;F;1;29;On;On;Off; 22.6; 22.3;0;8;800;8;800;7;614;0;-
2026/04/01;22:42:59;98;-; 52.47; 0.0;-; 15.2; 12.6; 0.0;-;-;1447;-0.2; 0.0; 0.0;-8; 21.5;F;1;29;On;On;Off; 22.6; 22.3;0;8;800;8;800;7;614;0;-
2026/04/01;22:43:59;98;-; 52.45; 0.0;-; 15.7; 13.1; 0.0;-;-;1447;-0.2; 0.0; 0.0;-8; 21.5;F;1;29;On;On;Off; 22.6; 22.3;0;8;800;8;800;7;614;0;-
2026/04/01;22:44:59;98;-; 52.47; 0.0;-; 15.9; 13.3; 0.0;-;-;1447;-0.2; 0.0; 0.0;-8; 21.5;F;1;29;On;On;Off; 22.6; 22.3;0;8;800;8;800;7;614;0;-
2026/04/01;22:45:59;98;-; 52.47; 0.0;-; 16.0; 13.4; 0.0;-;-;1447;-0.2; 0.0; 0.0;-8; 21.4;F;1;29;On;On;Off; 22.6; 22.3;0;8;800;8;800;7;614;0;-
2026/04/01;22:46:58;98;-; 52.45; 0.0;-; 16.5; 14.0; 0.0;-;-;1447;-0.2; 0.0; 0.0;-8; 21.5;F;1;29;On;On;Off; 22.6; 22.3;0;8;800;8;800;7;614;0;-
2026/04/01;22:47:58;98;-; 52.45; 0.0;-; 16.9; 14.7; 0.0;-;-;1447;-0.2; 0.0; 0.0;-8; 21.5;F;1;29;On;On;Off; 22.6; 22.3;0;8;800;8;800;7;614;0;-
2026/04/01;22:48:58;98;-; 52.45; 0.0;-; 16.4; 13.9; 0.0;-;-;1447;-0.2; 0.0; 0.0;-8; 21.5;F;1;29;On;On;Off; 22.6; 22.3;0;8;800;8;800;7;614;0;-
2026/04/01;22:49:58;98;-; 52.45; 0.0;-; 16.2; 13.5; 0.0;-;-;1447;-0.2; 0.0; 0.0;-8; 21.4;F;1;29;On;On;Off; 22.6; 22.3;0;8;800;8;800;7;614;0;-
2026/04/01;22:50:58;98;-; 52.45; 0.0;-; 17.1; 14.6; 0.0;-;-;1447;-0.2; 0.0; 0.0;-8; 21.5;F;1;29;On;On;Off; 22.6; 22.3;0;8;800;8;800;7;614;0;-
2026/04/01;22:51:58;98;-; 52.43; 0.0;-; 16.6; 14.4; 0.0;-;-;1447;-0.2; 0.0; 0.0;-8; 21.5;F;1;29;On;On;Off; 22.6; 22.3;0;8;800;8;800;7;614;0;-
2026/04/01;22:52:58;98;-; 52.45; 0.0;-; 17.2; 14.9; 0.0;-;-;1447;-0.2; 0.0; 0.0;-8; 21.4;F;1;29;On;On;Off; 22.6; 22.3;0;8;800;8;800;7;614;0;-
2026/04/01;22:53:58;98;-; 52.43; 0.0;-; 17.7; 15.4; 0.0;-;-;1447;-0.2; 0.0; 0.0;-8; 21.5;F;1;29;On;On;Off; 22.6; 22.3;0;8;800;8;800;7;614;0;-
2026/04/01;22:54:58;98;-; 52.45; 0.0;-; 16.7; 14.4; 0.0;-;-;1447;-0.2; 0.0; 0.0;-8; 21.5;F;1;29;On;On;Off; 22.6; 22.3;0;8;800;8;800;7;614;0;-
2026/04/01;22:55:58;97;-; 52.45; 0.0;-; 15.7; 13.3; 0.0;-;-;1447;-0.2; 0.0; 0.0;-8; 21.5;F;1;29;On;On;Off; 22.6; 22.3;0;8;800;8;800;7;614;0;-
2026/04/01;22:56:58;97;-; 52.45; 0.0;-; 15.5; 13.1; 0.0;-;-;1447;-0.2; 0.0; 0.0;-8; 21.5;F;1;29;On;On;Off; 22.6; 22.3;0;8;800;8;800;7;614;0;-
2026/04/01;22:57:58;97;-; 52.45; 0.0;-; 16.1; 13.8; 0.0;-;-;1447;-0.2; 0.0; 0.0;-9; 21.5;F;1;29;On;On;Off; 22.6; 22.3;0;8;800;8;800;7;614;0;-
2026/04/01;22:58:58;97;-; 52.43; 0.0;-; 16.3; 14.0; 0.0;-;-;1447;-0.2; 0.0; 0.0;-9; 21.5;F;1;29;On;On;Off; 22.6; 22.3;0;8;800;8;800;7;614;0;-
2026/04/01;22:59:58;97;-; 52.45; 0.0;-; 14.1; 12.8; 0.0;-;-;1447;-0.2; 0.0; 0.0;-9; 21.5;F;1;29;On;On;Off; 22.6; 22.3;0;8;800;8;800;7;614;0;-
2026/04/01;23:00:58;97;-; 52.45; 0.0;-; 14.5; 13.1; 0.0;-;-;1447;-0.2; 0.0; 0.0;-9; 21.4;F;1;29;On;On;Off; 22.6; 22.3;0;8;800;8;800;7;614;0;-
2026/04/01;23:01:58;97;-; 52.43; 0.0;-; 14.4; 12.9; 0.0;-;-;1447;-0.2; 0.0; 0.0;-8; 21.4;F;1;29;On;On;Off; 22.5; 22.3;0;8;800;8;800;7;614;0;-
2026/04/01;23:02:57;97;-; 52.45; 0.0;-; 14.4; 13.0; 0.0;-;-;1447;-0.2; 0.0; 0.0;-9; 21.4;F;1;29;On;On;Off; 22.6; 22.3;0;8;800;8;800;7;614;0;-
2026/04/01;23:03:57;97;-; 52.45; 0.0;-; 14.4; 13.2; 0.0;-;-;1447;-0.2; 0.0; 0.0;-9; 21.4;F;1;29;On;On;Off; 22.5; 22.3;0;8;800;8;800;7;614;0;-
2026/04/01;23:04:57;97;-; 52.45; 0.0;-; 15.2; 13.6; 0.0;-;-;1447;-0.2; 0.0; 0.0;-9; 21.5;F;1;29;On;On;Off; 22.5; 22.2;0;8;800;8;800;7;614;0;-
2026/04/01;23:05:57;97;-; 52.45; 0.0;-; 14.3; 12.9; 0.0;-;-;1447;-0.2; 0.0; 0.0;-9; 21.5;F;1;29;On;On;Off; 22.5; 22.3;0;8;800;8;800;7;614;0;-
2026/04/01;23:06:57;97;-; 52.45; 0.0;-; 14.7; 13.2; 0.0;-;-;1447;-0.2; 0.0; 0.0;-9; 21.4;F;1;29;On;On;Off; 22.5; 22.2;0;8;800;8;800;7;614;0;-
2026/04/01;23:07:57;97;-; 52.43; 0.0;-; 15.9; 14.5; 0.0;-;-;1447;-0.2; 0.0; 0.0;-9; 21.4;F;1;29;On;On;Off; 22.5; 22.2;0;8;800;8;800;7;614;0;-
2026/04/01;23:08:57;97;-; 52.45; 0.0;-; 15.0; 13.7; 0.0;-;-;1447;-0.2; 0.0; 0.0;-9; 21.4;F;1;29;On;On;Off; 22.5; 22.2;0;8;800;8;800;7;614;0;-
2026/04/01;23:09:57;97;-; 52.43; 0.0;-; 15.2; 13.8; 0.0;-;-;1447;-0.2; 0.0; 0.0;-9; 21.4;F;1;29;On;On;Off; 22.5; 22.2;0;8;800;8;800;7;614;0;-
2026/04/01;23:10:57;97;-; 52.45; 0.0;-; 15.7; 14.1; 0.0;-;-;1447;-0.2; 0.0; 0.0;-8; 21.4;F;1;29;On;On;Off; 22.5; 22.2;0;8;800;8;800;7;614;0;-
2026/04/01;23:11:57;97;-; 52.43; 0.0;-; 15.4; 14.1; 0.0;-;-;1447;-0.2; 0.0; 0.0;-8; 21.4;F;1;29;On;On;Off; 22.5; 22.2;0;8;800;8;800;7;614;0;-
2026/04/01;23:12:57;97;-; 52.43; 0.0;-; 15.1; 13.6; 0.0;-;-;1447;-0.2; 0.0; 0.0;-9; 21.5;F;1;29;On;On;Off; 22.5; 22.2;0;8;800;8;800;7;614;0;-
2026/04/01;23:13:57;97;-; 52.43; 0.0;-; 14.7; 13.4; 0.0;-;-;1447;-0.2; 0.0; 0.0;-8; 21.4;F;1;29;On;On;Off; 22.5; 22.2;0;8;800;8;800;7;614;0;-
2026/04/01;23:14:57;97;-; 52.43; 0.0;-; 14.4; 13.0; 0.0;-;-;1447;-0.2; 0.0; 0.0;-8; 21.4;F;1;29;On;On;Off; 22.5; 22.2;0;8;800;8;800;7;614;0;-
2026/04/01;23:15:57;97;-; 52.43; 0.0;-; 15.3; 13.9; 0.0;-;-;1447;-0.2; 0.0; 0.0;-8; 21.4;F;1;29;On;On;Off; 22.5; 22.2;0;8;800;8;800;7;614;0;-
2026/04/01;23:16:57;97;-; 52.43; 0.0;-; 15.8; 14.4; 0.0;-;-;1447;-0.2; 0.0; 0.0;-8; 21.5;F;1;29;On;On;Off; 22.5; 22.2;0;8;800;8;800;7;614;0;-
2026/04/01;23:17:56;97;-; 52.43; 0.0;-; 15.0; 13.6; 0.0;-;-;1447;-0.2; 0.0; 0.0;-8; 21.4;F;1;29;On;On;Off; 22.5; 22.2;0;8;800;8;800;7;614;0;-
2026/04/01;23:18:56;97;-; 52.41; 0.0;-; 14.1; 12.7; 0.0;-;-;1447;-0.2; 0.0; 0.0;-7; 21.4;F;1;29;On;On;Off; 22.5; 22.2;0;8;800;8;800;7;614;0;-
2026/04/01;23:19:56;97;-; 52.43; 0.0;-; 14.6; 13.4; 0.0;-;-;1447;-0.2; 0.0; 0.0;-8; 21.5;F;1;29;On;On;Off; 22.5; 22.2;0;8;800;8;800;7;614;0;-
2026/04/01;23:20:56;97;-; 52.43; 0.0;-; 14.6; 13.3; 0.0;-;-;1447;-0.2; 0.0; 0.0;-8; 21.4;F;1;29;On;On;Off; 22.5; 22.2;0;8;800;8;800;7;614;0;-
2026/04/01;23:21:56;97;-; 52.43; 0.0;-; 14.6; 13.3; 0.0;-;-;1447;-0.2; 0.0; 0.0;-9; 21.4;F;1;29;On;On;Off; 22.5; 22.2;0;8;800;8;800;7;614;0;-
2026/04/01;23:22:56;97;-; 52.41; 0.0;-; 14.4; 13.0; 0.0;-;-;1447;-0.2; 0.0; 0.0;-8; 21.4;F;1;29;On;On;Off; 22.5; 22.2;0;8;800;8;800;7;614;0;-
2026/04/01;23:23:56;97;-; 52.41; 0.0;-; 14.9; 13.5; 0.0;-;-;1447;-0.2; 0.0; 0.0;-8; 21.4;F;1;29;On;On;Off; 22.5; 22.2;0;8;800;8;800;7;614;0;-
2026/04/01;23:24:56;97;-; 52.41; 0.0;-; 15.1; 13.7; 0.0;-;-;1447;-0.2; 0.0; 0.0;-9; 21.4;F;1;29;On;On;Off; 22.5; 22.2;0;8;800;8;800;7;614;0;-
2026/04/01;23:25:56;97;-; 52.43; 0.0;-; 15.4; 14.1; 0.0;-;-;1447;-0.2; 0.0; 0.0;-8; 21.4;F;1;29;On;On;Off; 22.5; 22.2;0;8;800;8;800;7;614;0;-
2026/04/01;23:26:56;97;-; 52.43; 0.0;-; 14.7; 13.3; 0.0;-;-;1447;-0.2; 0.0; 0.0;-8; 21.4;F;1;29;On;On;Off; 22.5; 22.2;0;8;800;8;800;7;614;0;-
2026/04/01;23:27:56;97;-; 52.43; 0.0;-; 14.6; 13.3; 0.0;-;-;1447;-0.2; 0.0; 0.0;-8; 21.4;F;1;29;On;On;Off; 22.5; 22.2;0;8;800;8;800;7;614;0;-
2026/04/01;23:28:56;97;-; 52.41; 0.0;-; 14.9; 13.8; 0.0;-;-;1447;-0.2; 0.0; 0.0;-8; 21.4;F;1;29;On;On;Off; 22.5; 22.2;0;8;800;8;800;7;614;0;-
2026/04/01;23:29:56;97;-; 52.43; 0.0;-; 14.6; 13.3; 0.0;-;-;1447;-0.2; 0.0; 0.0;-8; 21.4;F;1;29;On;On;Off; 22.5; 22.2;0;8;800;8;800;7;614;0;-
2026/04/01;23:30:56;97;-; 52.43; 0.0;-; 13.7; 12.4; 0.0;-;-;1447;-0.2; 0.0; 0.0;-8; 21.4;F;1;29;On;On;Off; 22.4; 22.2;0;8;800;8;800;7;614;0;-
2026/04/01;23:31:56;97;-; 52.43; 0.0;-; 15.2; 13.8; 0.0;-;-;1447;-0.2; 0.0; 0.0;-8; 21.4;F;1;29;On;On;Off; 22.5; 22.2;0;8;800;8;800;7;614;0;-
2026/04/01;23:32:56;97;-; 52.41; 0.0;-; 16.8; 15.4; 0.0;-;-;1447;-0.2; 0.0; 0.0;-8; 21.4;F;1;29;On;On;Off; 22.5; 22.2;0;8;800;8;800;7;614;0;-
2026/04/01;23:33:55;97;-; 52.41; 0.0;-; 14.9; 13.8; 0.0;-;-;1447;-0.2; 0.0; 0.0;-8; 21.4;F;1;29;On;On;Off; 22.4; 22.2;0;8;800;8;800;7;614;0;-
2026/04/01;23:34:55;97;-; 52.41; 0.0;-; 14.5; 13.1; 0.0;-;-;1447;-0.2; 0.0; 0.0;-8; 21.4;F;1;29;On;On;Off; 22.4; 22.2;0;8;800;8;800;7;614;0;-
2026/04/01;23:35:55;97;-; 52.41; 0.0;-; 15.4; 14.4; 0.0;-;-;1447;-0.2; 0.0; 0.0;-8; 21.4;F;1;29;On;On;Off; 22.5; 22.2;0;8;800;8;800;7;614;0;-
2026/04/01;23:36:55;97;-; 52.41; 0.0;-; 15.2; 13.9; 0.0;-;-;1447;-0.2; 0.0; 0.0;-8; 21.4;F;1;29;On;On;Off; 22.5; 22.2;0;8;800;8;800;7;614;0;-
2026/04/01;23:37:55;97;-; 52.41; 0.0;-; 14.4; 13.1; 0.0;-;-;1447;-0.2; 0.0; 0.0;-9; 21.4;F;1;29;On;On;Off; 22.5; 22.2;0;8;800;8;800;7;614;0;-
2026/04/01;23:38:55;97;-; 52.41; 0.0;-; 14.5; 13.1; 0.0;-;-;1447;-0.2; 0.0; 0.0;-8; 21.4;F;1;29;On;On;Off; 22.4; 22.2;0;8;800;8;800;7;614;0;-
2026/04/01;23:39:55;97;-; 52.41; 0.0;-; 14.3; 13.1; 0.0;-;-;1448;-0.2; 0.0; 0.0;-8; 21.4;F;1;29;On;On;Off; 22.4; 22.2;0;8;800;8;800;7;614;0;-
2026/04/01;23:40:55;97;-; 52.39; 0.0;-; 14.4; 13.2; 0.0;-;-;1448;-0.2; 0.0; 0.0;-8; 21.4;F;1;29;On;On;Off; 22.4; 22.2;0;8;800;8;800;7;614;0;-
2026/04/01;23:41:55;97;-; 52.39; 0.0;-; 14.4; 13.2; 0.0;-;-;1448;-0.2; 0.0; 0.0;-8; 21.4;F;1;29;On;On;Off; 22.4; 22.2;0;8;800;8;800;7;614;0;-
2026/04/01;23:42:55;97;-; 52.41; 0.0;-; 15.4; 14.2; 0.0;-;-;1448;-0.2; 0.0; 0.0;-9; 21.4;F;1;29;On;On;Off; 22.4; 22.1;0;8;800;8;800;7;614;0;-
2026/04/01;23:43:55;97;-; 52.41; 0.0;-; 14.4; 13.0; 0.0;-;-;1448;-0.2; 0.0; 0.0;-8; 21.4;F;1;29;On;On;Off; 22.4; 22.1;0;8;800;8;800;7;614;0;-
2026/04/01;23:44:55;97;-; 52.41; 0.0;-; 14.7; 13.5; 0.0;-;-;1448;-0.2; 0.0; 0.0;-9; 21.4;F;1;29;On;On;Off; 22.4; 22.1;0;8;800;8;800;7;614;0;-
2026/04/01;23:45:55;97;-; 52.41; 0.0;-; 15.2; 14.0; 0.0;-;-;1448;-0.2; 0.0; 0.0;-8; 21.4;F;1;29;On;On;Off; 22.4; 22.1;0;8;800;8;800;7;614;0;-
2026/04/01;23:46:55;97;-; 52.39; 0.0;-; 14.8; 13.5; 0.0;-;-;1448;-0.2; 0.0; 0.0;-9; 21.4;F;1;29;On;On;Off; 22.4; 22.1;0;8;800;8;800;7;614;0;-
2026/04/01;23:47:55;97;-; 52.41; 0.0;-; 15.2; 13.9; 0.0;-;-;1448;-0.2; 0.0; 0.0;-9; 21.4;F;1;29;On;On;Off; 22.4; 22.1;0;8;800;8;800;7;614;0;-
2026/04/01;23:48:55;97;-; 52.41; 0.0;-; 16.1; 14.9; 0.0;-;-;1448;-0.2; 0.0; 0.0;-8; 21.4;F;1;29;On;On;Off; 22.4; 22.1;0;8;800;8;800;7;614;0;-
2026/04/01;23:49:54;97;-; 52.39; 0.0;-; 15.1; 13.8; 0.0;-;-;1448;-0.2; 0.0; 0.0;-8; 21.4;F;1;29;On;On;Off; 22.4; 22.1;0;8;800;8;800;7;614;0;-
2026/04/01;23:50:54;97;-; 52.41; 0.0;-; 14.9; 13.7; 0.0;-;-;1448;-0.2; 0.0; 0.0;-9; 21.4;F;1;29;On;On;Off; 22.4; 22.1;0;8;800;8;800;7;614;0;-
2026/04/01;23:51:54;97;-; 52.41; 0.0;-; 15.2; 14.0; 0.0;-;-;1448;-0.2; 0.0; 0.0;-9; 21.4;F;1;29;On;On;Off; 22.4; 22.1;0;8;800;8;800;7;614;0;-
2026/04/01;23:52:54;97;-; 52.39; 0.0;-; 15.0; 13.5; 0.0;-;-;1448;-0.2; 0.0; 0.0;-8; 21.4;F;1;29;On;On;Off; 22.4; 22.1;0;8;800;8;800;7;614;0;-
2026/04/01;23:53:54;97;-; 52.41; 0.0;-; 15.4; 14.0; 0.0;-;-;1448;-0.2; 0.0; 0.0;-8; 21.4;F;1;29;On;On;Off; 22.4; 22.1;0;8;800;8;800;7;614;0;-
2026/04/01;23:54:54;97;-; 52.41; 0.0;-; 15.7; 14.3; 0.0;-;-;1448;-0.2; 0.0; 0.0;-8; 21.4;F;1;29;On;On;Off; 22.4; 22.1;0;8;800;8;800;7;614;0;-
2026/04/01;23:55:54;97;-; 52.39; 0.0;-; 14.7; 13.4; 0.0;-;-;1448;-0.2; 0.0; 0.0;-9; 21.4;F;1;29;On;On;Off; 22.4; 22.1;0;8;800;8;800;7;614;0;-
2026/04/01;23:56:54;97;-; 52.39; 0.0;-; 15.0; 13.6; 0.0;-;-;1448;-0.2; 0.0; 0.0;-9; 21.4;F;1;29;On;On;Off; 22.4; 22.1;0;8;800;8;800;7;614;0;-
2026/04/01;23:57:54;97;-; 52.39; 0.0;-; 15.4; 14.3; 0.0;-;-;1448;-0.2; 0.0; 0.0;-9; 21.4;F;1;29;On;On;Off; 22.4; 22.1;0;8;800;8;800;7;614;0;-
2026/04/01;23:58:54;97;-; 52.39; 0.0;-; 15.1; 13.8; 0.0;-;-;1448;-0.2; 0.0; 0.0;-9; 21.4;F;1;29;On;On;Off; 22.4; 22.1;0;8;800;8;800;7;614;0;-
2026/04/01;23:59:54;97;-; 52.39; 0.0;-; 15.4; 14.2; 0.0;-;-;1448;-0.2; 0.0; 0.0;-9; 21.4;F;1;29;On;On;Off; 22.4; 22.1;0;8;800;8;800;7;614;0;-
