Steca Elektronik GmbH;MPPT6000;760749IH008963540005
Date;Time;SOC[%];Kaptest[Ah];Vbat[V];Ibat_M[A];Vbat.sense[V];VPV1_M[V];VPV2_M[V];PVpower_M[W];PV1power_M[W];PV2power_M[W];Ophours[h];Ibat_total[A]SOC;Icharge_total[A];Iload_total[A];BatPower_total[W];BatTemp[°C];ChargeMode;ErrorState;ErrorNr;StateAux1;StateAux2;StateAux3;IntTemp1[°C];IntTemp2[°C];Derating;Ah_in_24h_M[Ah];Ah_in_total_M[Ah];Ah_in_24h_SYS[Ah];Ah_in_total_SYS[Ah];Ah_out_24h_SYS[Ah];Ah_out_total_SYS[Ah];Day_night;Status_AUXIO
2026/03/26;00:00:53;97;-; 52.51; 0.0;-; 11.2; 10.2; 0.0;-;-;1280;-0.2; 0.0; 0.0;-11; 21.9;F;1;29;On;On;Off; 22.1; 21.9;0;0;588;0;588;0;403;0;-
2026/03/26;00:01:52;97;-; 52.51; 0.0;-; 11.1; 10.2; 0.0;-;-;1280;-0.2; 0.0; 0.0;-11; 21.9;F;1;29;On;On;Off; 22.2; 21.9;0;0;588;0;588;0;403;0;-
2026/03/26;00:02:52;97;-; 52.51; 0.0;-; 11.2; 10.3; 0.0;-;-;1280;-0.2; 0.0; 0.0;-11; 21.9;F;1;29;On;On;Off; 22.2; 21.9;0;0;588;0;588;0;403;0;-
2026/03/26;00:03:52;96;-; 52.51; 0.0;-; 11.1; 10.3; 0.0;-;-;1280;-0.2; 0.0; 0.0;-11; 21.9;F;1;29;On;On;Off; 22.2; 21.9;0;0;588;0;588;0;403;0;-
2026/03/26;00:04:52;96;-; 52.51; 0.0;-; 11.1; 10.0; 0.0;-;-;1280;-0.2; 0.0; 0.0;-11; 21.9;F;1;29;On;On;Off; 22.2; 21.9;0;0;588;0;588;0;403;0;-
2026/03/26;00:05:52;96;-; 52.51; 0.0;-; 11.0; 10.2; 0.0;-;-;1280;-0.2; 0.0; 0.0;-12; 21.9;F;1;29;On;On;Off; 22.2; 21.9;0;0;588;0;588;0;403;0;-
2026/03/26;00:06:52;96;-; 52.51; 0.0;-; 10.8; 10.1; 0.0;-;-;1280;-0.2; 0.0; 0.0;-12; 21.9;F;1;29;On;On;Off; 22.2; 21.9;0;0;588;0;588;0;403;0;-
2026/03/26;00:07:52;96;-; 52.51; 0.0;-; 10.8; 10.0; 0.0;-;-;1280;-0.2; 0.0; 0.0;-11; 21.9;F;1;29;On;On;Off; 22.2; 21.9;0;0;588;0;588;0;403;0;-
2026/03/26;00:08:52;96;-; 52.51; 0.0;-; 10.7; 9.8; 0.0;-;-;1280;-0.2; 0.0; 0.0;-11; 21.9;F;1;29;On;On;Off; 22.2; 21.9;0;0;588;0;588;0;403;0;-
2026/03/26;00:09:52;96;-; 52.49; 0.0;-; 10.6; 9.7; 0.0;-;-;1280;-0.2; 0.0; 0.0;-11; 21.9;F;1;29;On;On;Off; 22.2; 21.9;0;0;588;0;588;0;403;0;-
2026/03/26;00:10:52;96;-; 52.51; 0.0;-; 10.6; 9.7; 0.0;-;-;1280;-0.2; 0.0; 0.0;-11; 21.9;F;1;29;On;On;Off; 22.1; 21.9;0;0;588;0;588;0;403;0;-
2026/03/26;00:11:52;96;-; 52.51; 0.0;-; 10.6; 9.7; 0.0;-;-;1280;-0.2; 0.0; 0.0;-11; 21.9;F;1;29;On;On;Off; 22.1; 21.9;0;0;588;0;588;0;403;0;-
2026/03/26;00:12:52;96;-; 52.51; 0.0;-; 10.5; 9.7; 0.0;-;-;1280;-0.2; 0.0; 0.0;-11; 21.9;F;1;29;On;On;Off; 22.2; 21.9;0;0;588;0;588;0;403;0;-
2026/03/26;00:13:52;96;-; 52.51; 0.0;-; 10.6; 9.7; 0.0;-;-;1280;-0.2; 0.0; 0.0;-11; 21.9;F;1;29;On;On;Off; 22.2; 21.9;0;0;588;0;588;0;403;0;-
2026/03/26;00:14:52;96;-; 52.49; 0.0;-; 10.5; 9.8; 0.0;-;-;1280;-0.2; 0.0; 0.0;-12; 21.9;F;1;29;On;On;Off; 22.2; 21.9;0;0;588;0;588;0;403;0;-
2026/03/26;00:15:52;96;-; 52.49; 0.0;-; 10.5; 9.8; 0.0;-;-;1280;-0.2; 0.0; 0.0;-11; 21.9;F;1;29;On;On;Off; 22.1; 21.9;0;0;588;0;588;0;403;0;-
2026/03/26;00:16:52;96;-; 52.49; 0.0;-; 10.5; 9.7; 0.0;-;-;1280;-0.2; 0.0; 0.0;-11; 21.9;F;1;29;On;On;Off; 22.1; 21.9;0;0;588;0;588;0;403;0;-
2026/03/26;00:17:51;96;-; 52.49; 0.0;-; 10.5; 9.5; 0.0;-;-;1280;-0.2; 0.0; 0.0;-12; 21.9;F;1;29;On;On;Off; 22.2; 21.9;0;0;588;0;588;0;403;0;-
2026/03/26;00:18:51;96;-; 52.49; 0.0;-; 10.5; 9.6; 0.0;-;-;1280;-0.2; 0.0; 0.0;-12; 21.9;F;1;29;On;On;Off; 22.2; 21.9;0;0;588;0;588;0;403;0;-
2026/03/26;00:19:51;96;-; 52.47; 0.0;-; 10.5; 9.6; 0.0;-;-;1280;-0.2; 0.0; 0.0;-12; 21.9;F;1;29;On;On;Off; 22.2; 21.9;0;0;588;0;588;0;403;0;-
2026/03/26;00:20:51;96;-; 52.49; 0.0;-; 10.5; 9.6; 0.0;-;-;1280;-0.2; 0.0; 0.0;-12; 21.9;F;1;29;On;On;Off; 22.2; 21.9;0;0;588;0;588;0;403;0;-
2026/03/26;00:21:51;96;-; 52.49; 0.0;-; 10.5; 9.7; 0.0;-;-;1280;-0.2; 0.0; 0.0;-12; 21.9;F;1;29;On;On;Off; 22.2; 21.9;0;0;588;0;588;0;403;0;-
2026/03/26;00:22:51;96;-; 52.49; 0.0;-; 10.6; 9.7; 0.0;-;-;1280;-0.2; 0.0; 0.0;-11; 21.9;F;1;29;On;On;Off; 22.2; 21.9;0;0;588;0;588;0;403;0;-
2026/03/26;00:23:51;96;-; 52.49; 0.0;-; 10.6; 9.7; 0.0;-;-;1280;-0.2; 0.0; 0.0;-11; 21.9;F;1;29;On;On;Off; 22.2; 21.9;0;0;588;0;588;0;403;0;-
2026/03/26;00:24:51;96;-; 52.49; 0.0;-; 10.5; 9.6; 0.0;-;-;1280;-0.2; 0.0; 0.0;-12; 21.9;F;1;29;On;On;Off; 22.2; 21.9;0;0;588;0;588;0;403;0;-
2026/03/26;00:25:51;96;-; 52.47; 0.0;-; 10.5; 9.6; 0.0;-;-;1280;-0.2; 0.0; 0.0;-11; 21.9;F;1;29;On;On;Off; 22.2; 21.9;0;0;588;0;588;0;403;0;-
2026/03/26;00:26:51;96;-; 52.49; 0.0;-; 10.4; 9.6; 0.0;-;-;1280;-0.2; 0.0; 0.0;-12; 21.9;F;1;29;On;On;Off; 22.2; 21.9;0;0;588;0;588;0;403;0;-
2026/03/26;00:27:51;96;-; 52.47; 0.0;-; 10.2; 9.3; 0.0;-;-;1280;-0.2; 0.0; 0.0;-12; 21.9;F;1;29;On;On;Off; 22.2; 21.9;0;0;588;0;588;0;403;0;-
2026/03/26;00:28:51;96;-; 52.49; 0.0;-; 10.1; 9.2; 0.0;-;-;1280;-0.2; 0.0; 0.0;-11; 21.9;F;1;29;On;On;Off; 22.1; 21.9;0;0;588;0;588;0;403;0;-
2026/03/26;00:29:51;96;-; 52.49; 0.0;-; 9.9; 9.2; 0.0;-;-;1280;-0.2; 0.0; 0.0;-11; 21.9;F;1;29;On;On;Off; 22.1; 21.9;0;0;588;0;588;0;403;0;-
2026/03/26;00:30:51;96;-; 52.49; 0.0;-; 10.1; 9.1; 0.0;-;-;1280;-0.2; 0.0; 0.0;-12; 21.9;F;1;29;On;On;Off; 22.2; 21.9;0;0;588;0;588;0;403;0;-
2026/03/26;00:31:51;96;-; 52.47; 0.0;-; 9.6; 8.8; 0.0;-;-;1280;-0.2; 0.0; 0.0;-12; 21.9;F;1;29;On;On;Off; 22.2; 21.9;0;0;588;0;588;0;403;0;-
2026/03/26;00:32:51;96;-; 52.47; 0.0;-; 10.1; 8.8; 0.0;-;-;1280;-0.2; 0.0; 0.0;-12; 21.9;F;1;29;On;On;Off; 22.2; 21.9;0;0;588;0;588;0;403;0;-
2026/03/26;00:33:50;96;-; 52.49; 0.0;-; 9.0; 8.1; 0.0;-;-;1280;-0.2; 0.0; 0.0;-11; 21.9;F;1;29;On;On;Off; 22.1; 21.9;0;0;588;0;588;0;403;0;-
2026/03/26;00:34:50;96;-; 52.47; 0.0;-; 8.5; 7.5; 0.0;-;-;1280;-0.2; 0.0; 0.0;-11; 21.9;F;1;29;On;On;Off; 22.2; 21.9;0;0;588;0;588;0;403;0;-
2026/03/26;00:35:50;96;-; 52.47; 0.0;-; 8.1; 7.2; 0.0;-;-;1280;-0.2; 0.0; 0.0;-11; 21.9;F;1;29;On;On;Off; 22.1; 21.9;0;0;588;0;588;0;403;0;-
2026/03/26;00:36:50;96;-; 52.49; 0.0;-; 7.8; 7.0; 0.0;-;-;1280;-0.2; 0.0; 0.0;-11; 21.9;F;1;29;On;On;Off; 22.1; 21.9;0;0;588;0;588;0;403;0;-
2026/03/26;00:37:50;96;-; 52.47; 0.0;-; 7.6; 6.8; 0.0;-;-;1280;-0.2; 0.0; 0.0;-12; 21.9;F;1;29;On;On;Off; 22.1; 21.9;0;0;588;0;588;0;403;0;-
2026/03/26;00:38:50;96;-; 52.47; 0.0;-; 7.5; 6.8; 0.0;-;-;1280;-0.2; 0.0; 0.0;-12; 21.9;F;1;29;On;On;Off; 22.2; 21.9;0;0;588;0;588;0;403;0;-
2026/03/26;00:39:50;96;-; 52.49; 0.0;-; 7.7; 6.8; 0.0;-;-;1280;-0.2; 0.0; 0.0;-12; 21.9;F;1;29;On;On;Off; 22.1; 21.9;0;0;588;0;588;0;403;0;-
2026/03/26;00:40:50;96;-; 52.49; 0.0;-; 7.8; 7.0; 0.0;-;-;1280;-0.2; 0.0; 0.0;-11; 21.9;F;1;29;On;On;Off; 22.2; 21.9;0;0;588;0;588;0;403;0;-
2026/03/26;00:41:50;96;-; 52.49; 0.0;-; 7.7; 7.0; 0.0;-;-;1280;-0.2; 0.0; 0.0;-11; 21.9;F;1;29;On;On;Off; 22.1; 21.9;0;0;588;0;588;0;403;0;-
2026/03/26;00:42:50;96;-; 52.49; 0.0;-; 7.9; 7.1; 0.0;-;-;1280;-0.2; 0.0; 0.0;-11; 21.9;F;1;29;On;On;Off; 22.1; 21.9;0;0;588;0;588;0;403;0;-
2026/03/26;00:43:50;96;-; 52.49; 0.0;-; 8.1; 7.4; 0.0;-;-;1280;-0.2; 0.0; 0.0;-11; 21.9;F;1;29;On;On;Off; 22.1; 21.9;0;0;588;0;588;0;403;0;-
2026/03/26;00:44:50;96;-; 52.47; 0.0;-; 8.1; 7.3; 0.0;-;-;1280;-0.2; 0.0; 0.0;-12; 21.9;F;1;29;On;On;Off; 22.1; 21.9;0;0;588;0;588;0;403;0;-
2026/03/26;00:45:50;96;-; 52.49; 0.0;-; 8.1; 7.4; 0.0;-;-;1280;-0.2; 0.0; 0.0;-12; 21.9;F;1;29;On;On;Off; 22.1; 21.9;0;0;588;0;588;0;403;0;-
2026/03/26;00:46:50;96;-; 52.49; 0.0;-; 8.0; 7.1; 0.0;-;-;1280;-0.2; 0.0; 0.0;-12; 21.9;F;1;29;On;On;Off; 22.1; 21.9;0;0;588;0;588;0;403;0;-
2026/03/26;00:47:50;96;-; 52.49; 0.0;-; 8.0; 7.1; 0.0;-;-;1280;-0.2; 0.0; 0.0;-10; 21.9;F;1;29;On;On;Off; 22.1; 21.9;0;0;588;0;588;0;403;0;-
2026/03/26;00:48:50;96;-; 52.47; 0.0;-; 7.9; 7.2; 0.0;-;-;1280;-0.2; 0.0; 0.0;-12; 21.9;F;1;29;On;On;Off; 22.1; 21.9;0;0;588;0;588;0;403;0;-
2026/03/26;00:49:49;96;-; 52.47; 0.0;-; 7.9; 6.9; 0.0;-;-;1280;-0.2; 0.0; 0.0;-12; 21.9;F;1;29;On;On;Off; 22.1; 21.8;0;0;588;0;588;0;403;0;-
2026/03/26;00:50:49;96;-; 52.49; 0.0;-; 7.8; 7.0; 0.0;-;-;1281;-0.2; 0.0; 0.0;-12; 21.9;F;1;29;On;On;Off; 22.1; 21.8;0;0;588;0;588;0;403;0;-
2026/03/26;00:51:49;96;-; 52.49; 0.0;-; 7.8; 7.0; 0.0;-;-;1281;-0.2; 0.0; 0.0;-12; 21.9;F;1;29;On;On;Off; 22.1; 21.9;0;0;588;0;588;0;403;0;-
2026/03/26;00:52:49;96;-; 52.47; 0.0;-; 7.7; 6.9; 0.0;-;-;1281;-0.3; 0.0; 0.0;-13; 21.9;F;1;29;On;On;Off; 22.1; 21.8;0;0;588;0;588;0;403;0;-
2026/03/26;00:53:49;96;-; 52.49; 0.0;-; 7.8; 6.9; 0.0;-;-;1281;-0.3; 0.0; 0.0;-13; 21.9;F;1;29;On;On;Off; 22.1; 21.9;0;0;588;0;588;0;403;0;-
2026/03/26;00:54:49;96;-; 52.49; 0.0;-; 7.8; 7.0; 0.0;-;-;1281;-0.3; 0.0; 0.0;-13; 21.9;F;1;29;On;On;Off; 22.1; 21.8;0;0;588;0;588;0;403;0;-
2026/03/26;00:55:49;96;-; 52.49; 0.0;-; 7.6; 6.9; 0.0;-;-;1281;-0.2; 0.0; 0.0;-12; 21.9;F;1;29;On;On;Off; 22.1; 21.8;0;0;588;0;588;0;403;0;-
2026/03/26;00:56:49;96;-; 52.49; 0.0;-; 7.6; 6.8; 0.0;-;-;1281;-0.2; 0.0; 0.0;-12; 21.9;F;1;29;On;On;Off; 22.1; 21.8;0;0;588;0;588;0;403;0;-
2026/03/26;00:57:49;96;-; 52.49; 0.0;-; 7.5; 6.8; 0.0;-;-;1281;-0.2; 0.0; 0.0;-12; 21.9;F;1;29;On;On;Off; 22.1; 21.9;0;0;588;0;588;0;403;0;-
2026/03/26;00:58:49;96;-; 52.47; 0.0;-; 7.4; 6.8; 0.0;-;-;1281;-0.3; 0.0; 0.0;-13; 21.9;F;1;29;On;On;Off; 22.1; 21.8;0;0;588;0;588;0;403;0;-
2026/03/26;00:59:49;96;-; 52.47; 0.0;-; 7.4; 6.8; 0.0;-;-;1281;-0.2; 0.0; 0.0;-12; 21.9;F;1;29;On;On;Off; 22.1; 21.8;0;0;588;0;588;0;403;0;-
2026/03/26;01:00:49;96;-; 52.47; 0.0;-; 7.2; 6.5; 0.0;-;-;1281;-0.2; 0.0; 0.0;-11; 21.9;F;1;29;On;On;Off; 22.1; 21.9;0;0;588;0;588;0;403;0;-
2026/03/26;01:01:49;96;-; 52.47; 0.0;-; 7.4; 6.8; 0.0;-;-;1281;-0.2; 0.0; 0.0;-11; 21.9;F;1;29;On;On;Off; 22.1; 21.8;0;0;588;0;588;0;403;0;-
2026/03/26;01:02:49;96;-; 52.45; 0.0;-; 7.3; 6.7; 0.0;-;-;1281;-0.2; 0.0; 0.0;-12; 21.9;F;1;29;On;On;Off; 22.1; 21.8;0;0;588;0;588;0;403;0;-
2026/03/26;01:03:49;96;-; 52.47; 0.0;-; 7.4; 6.8; 0.0;-;-;1281;-0.2; 0.0; 0.0;-11; 21.9;F;1;29;On;On;Off; 22.1; 21.8;0;0;588;0;588;0;403;0;-
2026/03/26;01:04:49;96;-; 52.47; 0.0;-; 7.4; 6.7; 0.0;-;-;1281;-0.2; 0.0; 0.0;-11; 21.9;F;1;29;On;On;Off; 22.1; 21.8;0;0;588;0;588;0;403;0;-
2026/03/26;01:05:48;96;-; 52.45; 0.0;-; 7.4; 6.8; 0.0;-;-;1281;-0.2; 0.0; 0.0;-11; 21.9;F;1;29;On;On;Off; 22.1; 21.8;0;0;588;0;588;0;403;0;-
2026/03/26;01:06:48;96;-; 52.45; 0.0;-; 7.3; 6.8; 0.0;-;-;1281;-0.2; 0.0; 0.0;-11; 21.9;F;1;29;On;On;Off; 22.1; 21.8;0;0;588;0;588;0;403;0;-
2026/03/26;01:07:48;96;-; 52.47; 0.0;-; 7.4; 6.8; 0.0;-;-;1281;-0.2; 0.0; 0.0;-12; 21.9;F;1;29;On;On;Off; 22.1; 21.8;0;0;588;0;588;0;403;0;-
2026/03/26;01:08:48;96;-; 52.47; 0.0;-; 8.9; 6.7; 0.0;-;-;1281;-0.2; 0.0; 0.0;-11; 21.9;F;1;29;On;On;Off; 22.1; 21.8;0;0;588;0;588;0;403;0;-
2026/03/26;01:09:48;96;-; 52.47; 0.0;-; 7.3; 6.8; 0.0;-;-;1281;-0.2; 0.0; 0.0;-12; 21.9;F;1;29;On;On;Off; 22.1; 21.8;0;0;588;0;588;0;403;0;-
2026/03/26;01:10:48;96;-; 52.45; 0.0;-; 7.3; 6.7; 0.0;-;-;1281;-0.2; 0.0; 0.0;-12; 21.9;F;1;29;On;On;Off; 22.1; 21.8;0;0;588;0;588;0;403;0;-
2026/03/26;01:11:48;96;-; 52.47; 0.0;-; 7.3; 6.7; 0.0;-;-;1281;-0.2; 0.0; 0.0;-12; 21.9;F;1;29;On;On;Off; 22.1; 21.8;0;0;588;0;588;0;403;0;-
2026/03/26;01:12:48;96;-; 52.47; 0.0;-; 7.3; 6.7; 0.0;-;-;1281;-0.3; 0.0; 0.0;-13; 21.9;F;1;29;On;On;Off; 22.1; 21.8;0;0;588;0;588;0;403;0;-
2026/03/26;01:13:48;96;-; 52.45; 0.0;-; 7.3; 6.7; 0.0;-;-;1281;-0.3; 0.0; 0.0;-13; 21.9;F;1;29;On;On;Off; 22.1; 21.8;0;0;588;0;588;0;403;0;-
2026/03/26;01:14:48;96;-; 52.47; 0.0;-; 7.3; 6.7; 0.0;-;-;1281;-0.3; 0.0; 0.0;-12; 21.9;F;1;29;On;On;Off; 22.1; 21.8;0;0;588;0;588;0;403;0;-
2026/03/26;01:15:48;96;-; 52.47; 0.0;-; 7.3; 6.7; 0.0;-;-;1281;-0.2; 0.0; 0.0;-12; 21.9;F;1;29;On;On;Off; 22.1; 21.8;0;0;588;0;588;0;403;0;-
2026/03/26;01:16:48;96;-; 52.47; 0.0;-; 7.3; 6.7; 0.0;-;-;1281;-0.2; 0.0; 0.0;-12; 21.9;F;1;29;On;On;Off; 22.1; 21.8;0;0;588;0;588;0;403;0;-
2026/03/26;01:17:48;96;-; 52.47; 0.0;-; 7.4; 6.7; 0.0;-;-;1281;-0.2; 0.0; 0.0;-12; 21.9;F;1;29;On;On;Off; 22.1; 21.8;0;0;588;0;588;0;403;0;-
2026/03/26;01:18:48;96;-; 52.45; 0.0;-; 7.3; 6.8; 0.0;-;-;1281;-0.2; 0.0; 0.0;-12; 21.9;F;1;29;On;On;Off; 22.1; 21.8;0;0;588;0;588;0;403;0;-
2026/03/26;01:19:48;96;-; 52.47; 0.0;-; 7.3; 6.5; 0.0;-;-;1281;-0.2; 0.0; 0.0;-12; 21.9;F;1;29;On;On;Off; 22.1; 21.8;0;0;588;0;588;0;403;0;-
2026/03/26;01:20:48;96;-; 52.45; 0.0;-; 7.1; 6.6; 0.0;-;-;1281;-0.2; 0.0; 0.0;-12; 21.8;F;1;29;On;On;Off; 22.1; 21.8;0;0;588;0;588;0;403;0;-
2026/03/26;01:21:47;96;-; 52.47; 0.0;-; 7.2; 6.8; 0.0;-;-;1281;-0.2; 0.0; 0.0;-12; 21.9;F;1;29;On;On;Off; 22.1; 21.8;0;0;588;0;588;0;403;0;-
2026/03/26;01:22:47;96;-; 52.47; 0.0;-; 7.4; 6.8; 0.0;-;-;1281;-0.2; 0.0; 0.0;-12; 21.9;F;1;29;On;On;Off; 22.1; 21.8;0;0;588;0;588;0;403;0;-
2026/03/26;01:23:47;96;-; 52.47; 0.0;-; 7.3; 6.8; 0.0;-;-;1281;-0.2; 0.0; 0.0;-12; 21.9;F;1;29;On;On;Off; 22.1; 21.8;0;0;588;0;588;0;403;0;-
2026/03/26;01:24:47;96;-; 52.45; 0.0;-; 7.8; 7.0; 0.0;-;-;1281;-0.2; 0.0; 0.0;-12; 21.9;F;1;29;On;On;Off; 22.1; 21.8;0;0;588;0;588;0;403;0;-
2026/03/26;01:25:47;96;-; 52.47; 0.0;-; 7.7; 7.0; 0.0;-;-;1281;-0.2; 0.0; 0.0;-12; 21.8;F;1;29;On;On;Off; 22.1; 21.8;0;0;588;0;588;0;403;0;-
2026/03/26;01:26:47;96;-; 52.47; 0.0;-; 7.8; 7.2; 0.0;-;-;1281;-0.2; 0.0; 0.0;-12; 21.9;F;1;29;On;On;Off; 22.1; 21.8;0;0;588;0;588;0;403;0;-
2026/03/26;01:27:47;96;-; 52.47; 0.0;-; 8.0; 7.4; 0.0;-;-;1281;-0.2; 0.0; 0.0;-12; 21.8;F;1;29;On;On;Off; 22.1; 21.8;0;0;588;0;588;0;403;0;-
2026/03/26;01:28:47;96;-; 52.47; 0.0;-; 8.1; 7.3; 0.0;-;-;1281;-0.2; 0.0; 0.0;-12; 21.9;F;1;29;On;On;Off; 22.1; 21.8;0;0;588;0;588;0;403;0;-
2026/03/26;01:29:47;96;-; 52.47; 0.0;-; 7.8; 7.1; 0.0;-;-;1281;-0.2; 0.0; 0.0;-12; 21.8;F;1;29;On;On;Off; 22.1; 21.8;0;0;588;0;588;0;403;0;-
2026/03/26;01:30:47;96;-; 52.47; 0.0;-; 7.9; 7.3; 0.0;-;-;1281;-0.3; 0.0; 0.0;-13; 21.9;F;1;29;On;On;Off; 22.1; 21.8;0;0;588;0;588;0;403;0;-
2026/03/26;01:31:47;96;-; 52.45; 0.0;-; 7.7; 7.1; 0.0;-;-;1281;-0.3; 0.0; 0.0;-13; 21.8;F;1;29;On;On;Off; 22.1; 21.8;0;0;588;0;588;0;403;0;-
2026/03/26;01:32:47;96;-; 52.45; 0.0;-; 7.7; 7.1; 0.0;-;-;1281;-0.2; 0.0; 0.0;-12; 21.8;F;1;29;On;On;Off; 22.1; 21.8;0;0;588;0;588;0;403;0;-
2026/03/26;01:33:47;96;-; 52.45; 0.0;-; 8.2; 7.5; 0.0;-;-;1281;-0.2; 0.0; 0.0;-12; 21.9;F;1;29;On;On;Off; 22.1; 21.8;0;0;588;0;588;0;403;0;-
2026/03/26;01:34:47;96;-; 52.45; 0.0;-; 8.4; 7.6; 0.0;-;-;1281;-0.2; 0.0; 0.0;-11; 21.8;F;1;29;On;On;Off; 22.1; 21.8;0;0;588;0;588;0;403;0;-
2026/03/26;01:35:47;96;-; 52.47; 0.0;-; 8.2; 7.7; 0.0;-;-;1281;-0.2; 0.0; 0.0;-12; 21.8;F;1;29;On;On;Off; 22.1; 21.8;0;0;588;0;588;0;403;0;-
2026/03/26;01:36:47;96;-; 52.47; 0.0;-; 8.3; 7.4; 0.0;-;-;1281;-0.2; 0.0; 0.0;-12; 21.9;F;1;29;On;On;Off; 22.1; 21.8;0;0;588;0;588;0;403;0;-
2026/03/26;01:37:46;96;-; 52.45; 0.0;-; 7.9; 7.2; 0.0;-;-;1281;-0.2; 0.0; 0.0;-12; 21.8;F;1;29;On;On;Off; 22.1; 21.8;0;0;588;0;588;0;403;0;-
2026/03/26;01:38:46;96;-; 52.47; 0.0;-; 8.1; 7.4; 0.0;-;-;1281;-0.2; 0.0; 0.0;-12; 21.8;F;1;29;On;On;Off; 22.1; 21.8;0;0;588;0;588;0;403;0;-
2026/03/26;01:39:46;96;-; 52.47; 0.0;-; 8.4; 7.8; 0.0;-;-;1281;-0.2; 0.0; 0.0;-12; 21.9;F;1;29;On;On;Off; 22.1; 21.8;0;0;588;0;588;0;403;0;-
2026/03/26;01:40:46;96;-; 52.47; 0.0;-; 8.0; 7.4; 0.0;-;-;1281;-0.2; 0.0; 0.0;-12; 21.9;F;1;29;On;On;Off; 22.1; 21.8;0;0;588;0;588;0;403;0;-
2026/03/26;01:41:46;96;-; 52.47; 0.0;-; 8.2; 7.4; 0.0;-;-;1281;-0.2; 0.0; 0.0;-11; 21.8;F;1;29;On;On;Off; 22.1; 21.8;0;0;588;0;588;0;403;0;-
2026/03/26;01:42:46;96;-; 52.47; 0.0;-; 8.1; 7.4; 0.0;-;-;1281;-0.2; 0.0; 0.0;-12; 21.9;F;1;29;On;On;Off; 22.1; 21.8;0;0;588;0;588;0;403;0;-
2026/03/26;01:43:46;96;-; 52.47; 0.0;-; 8.0; 7.2; 0.0;-;-;1281;-0.2; 0.0; 0.0;-12; 21.9;F;1;29;On;On;Off; 22.1; 21.8;0;0;588;0;588;0;403;0;-
2026/03/26;01:44:46;96;-; 52.45; 0.0;-; 8.1; 7.4; 0.0;-;-;1281;-0.2; 0.0; 0.0;-12; 21.9;F;1;29;On;On;Off; 22.1; 21.8;0;0;588;0;588;0;403;0;-
2026/03/26;01:45:46;96;-; 52.45; 0.0;-; 8.2; 7.6; 0.0;-;-;1281;-0.2; 0.0; 0.0;-12; 21.8;F;1;29;On;On;Off; 22.1; 21.8;0;0;588;0;588;0;403;0;-
2026/03/26;01:46:46;96;-; 52.43; 0.0;-; 8.2; 7.6; 0.0;-;-;1281;-0.2; 0.0; 0.0;-12; 21.9;F;1;29;On;On;Off; 22.1; 21.8;0;0;588;0;588;0;403;0;-
2026/03/26;01:47:46;96;-; 52.43; 0.0;-; 7.9; 7.2; 0.0;-;-;1281;-0.2; 0.0; 0.0;-12; 21.9;F;1;29;On;On;Off; 22.1; 21.8;0;0;588;0;588;0;403;0;-
2026/03/26;01:48:46;96;-; 52.45; 0.0;-; 7.8; 7.1; 0.0;-;-;1281;-0.2; 0.0; 0.0;-12; 21.9;F;1;29;On;On;Off; 22.1; 21.8;0;0;588;0;588;0;403;0;-
2026/03/26;01:49:46;96;-; 52.45; 0.0;-; 7.9; 7.2; 0.0;-;-;1281;-0.2; 0.0; 0.0;-12; 21.9;F;1;29;On;On;Off; 22.1; 21.8;0;0;588;0;588;0;403;0;-
2026/03/26;01:50:46;96;-; 52.43; 0.0;-; 8.2; 7.5; 0.0;-;-;1282;-0.2; 0.0; 0.0;-12; 21.9;F;1;29;On;On;Off; 22.1; 21.8;0;0;588;0;588;0;403;0;-
2026/03/26;01:51:46;96;-; 52.45; 0.0;-; 7.9; 7.1; 0.0;-;-;1282;-0.2; 0.0; 0.0;-12; 21.9;F;1;29;On;On;Off; 22.1; 21.8;0;0;588;0;588;0;403;0;-
2026/03/26;01:52:46;96;-; 52.43; 0.0;-; 7.8; 6.9; 0.0;-;-;1282;-0.2; 0.0; 0.0;-11; 21.9;F;1;29;On;On;Off; 22.1; 21.8;0;0;588;0;588;0;403;0;-
2026/03/26;01:53:45;95;-; 52.45; 0.0;-; 7.9; 7.1; 0.0;-;-;1282;-0.2; 0.0; 0.0;-12; 21.9;F;1;29;On;On;Off; 22.1; 21.8;0;0;588;0;588;0;403;0;-
2026/03/26;01:54:45;95;-; 52.45; 0.0;-; 7.8; 7.2; 0.0;-;-;1282;-0.2; 0.0; 0.0;-11; 21.9;F;1;29;On;On;Off; 22.1; 21.8;0;0;588;0;588;0;403;0;-
2026/03/26;01:55:45;95;-; 52.43; 0.0;-; 7.8; 7.1; 0.0;-;-;1282;-0.2; 0.0; 0.0;-12; 21.9;F;1;29;On;On;Off; 22.1; 21.8;0;0;588;0;588;0;403;0;-
2026/03/26;01:56:45;95;-; 52.45; 0.0;-; 8.0; 7.2; 0.0;-;-;1282;-0.2; 0.0; 0.0;-12; 21.8;F;1;29;On;On;Off; 22.1; 21.8;0;0;588;0;588;0;403;0;-
2026/03/26;01:57:45;95;-; 52.43; 0.0;-; 8.4; 7.6; 0.0;-;-;1282;-0.3; 0.0; 0.0;-12; 21.9;F;1;29;On;On;Off; 22.1; 21.8;0;0;588;0;588;0;403;0;-
2026/03/26;01:58:45;95;-; 52.45; 0.0;-; 8.8; 8.0; 0.0;-;-;1282;-0.2; 0.0; 0.0;-12; 21.9;F;1;29;On;On;Off; 22.1; 21.8;0;0;588;0;588;0;403;0;-
2026/03/26;01:59:45;95;-; 52.43; 0.0;-; 8.8; 8.2; 0.0;-;-;1282;-0.2; 0.0; 0.0;-12; 21.8;F;1;29;On;On;Off; 22.1; 21.8;0;0;588;0;588;0;403;0;-
2026/03/26;02:00:45;95;-; 52.45; 0.0;-; 9.0; 8.1; 0.0;-;-;1282;-0.2; 0.0; 0.0;-11; 21.9;F;1;29;On;On;Off; 22.1; 21.8;0;0;588;0;588;0;403;0;-
2026/03/26;02:01:45;95;-; 52.45; 0.0;-; 9.1; 8.6; 0.0;-;-;1282;-0.2; 0.0; 0.0;-12; 21.9;F;1;29;On;On;Off; 22.1; 21.8;0;0;588;0;588;0;403;0;-
2026/03/26;02:02:45;95;-; 52.45; 0.0;-; 9.3; 8.7; 0.0;-;-;1282;-0.2; 0.0; 0.0;-12; 21.9;F;1;29;On;On;Off; 22.1; 21.8;0;0;588;0;588;0;403;0;-
2026/03/26;02:03:45;95;-; 52.43; 0.0;-; 9.5; 8.9; 0.0;-;-;1282;-0.2; 0.0; 0.0;-12; 21.8;F;1;29;On;On;Off; 22.1; 21.8;0;0;588;0;588;0;403;0;-
2026/03/26;02:04:45;95;-; 52.43; 0.0;-; 9.6; 9.0; 0.0;-;-;1282;-0.2; 0.0; 0.0;-12; 21.9;F;1;29;On;On;Off; 22.1; 21.8;0;0;588;0;588;0;403;0;-
2026/03/26;02:05:45;95;-; 52.45; 0.0;-; 9.5; 8.8; 0.0;-;-;1282;-0.2; 0.0; 0.0;-12; 21.8;F;1;29;On;On;Off; 22.1; 21.8;0;0;588;0;588;0;403;0;-
2026/03/26;02:06:45;95;-; 52.45; 0.0;-; 9.4; 8.7; 0.0;-;-;1282;-0.2; 0.0; 0.0;-12; 21.8;F;1;29;On;On;Off; 22.1; 21.8;0;0;588;0;588;0;403;0;-
2026/03/26;02:07:45;95;-; 52.45; 0.0;-; 9.2; 8.5; 0.0;-;-;1282;-0.2; 0.0; 0.0;-12; 21.9;F;1;29;On;On;Off; 22.1; 21.8;0;0;588;0;588;0;403;0;-
2026/03/26;02:08:45;95;-; 52.43; 0.0;-; 9.0; 8.4; 0.0;-;-;1282;-0.2; 0.0; 0.0;-11; 21.8;F;1;29;On;On;Off; 22.1; 21.8;0;0;588;0;588;0;403;0;-
2026/03/26;02:09:44;95;-; 52.45; 0.0;-; 8.8; 8.1; 0.0;-;-;1282;-0.2; 0.0; 0.0;-12; 21.9;F;1;29;On;On;Off; 22.1; 21.8;0;0;588;0;588;0;403;0;-
2026/03/26;02:10:44;95;-; 52.45; 0.0;-; 8.4; 7.7; 0.0;-;-;1282;-0.2; 0.0; 0.0;-12; 21.8;F;1;29;On;On;Off; 22.1; 21.8;0;0;588;0;588;0;403;0;-
2026/03/26;02:11:44;95;-; 52.43; 0.0;-; 7.9; 7.1; 0.0;-;-;1282;-0.2; 0.0; 0.0;-12; 21.9;F;1;29;On;On;Off; 22.1; 21.8;0;0;588;0;588;0;403;0;-
2026/03/26;02:12:44;95;-; 52.43; 0.0;-; 8.0; 7.2; 0.0;-;-;1282;-0.3; 0.0; 0.0;-12; 21.9;F;1;29;On;On;Off; 22.1; 21.8;0;0;588;0;588;0;403;0;-
2026/03/26;02:13:44;95;-; 52.45; 0.0;-; 7.8; 7.2; 0.0;-;-;1282;-0.3; 0.0; 0.0;-13; 21.9;F;1;29;On;On;Off; 22.1; 21.8;0;0;588;0;588;0;403;0;-
2026/03/26;02:14:44;95;-; 52.43; 0.0;-; 7.3; 6.8; 0.0;-;-;1282;-0.3; 0.0; 0.0;-12; 21.9;F;1;29;On;On;Off; 22.1; 21.8;0;0;588;0;588;0;403;0;-
2026/03/26;02:15:44;95;-; 52.43; 0.0;-; 7.1; 6.5; 0.0;-;-;1282;-0.3; 0.0; 0.0;-12; 21.9;F;1;29;On;On;Off; 22.1; 21.8;0;0;588;0;588;0;403;0;-
2026/03/26;02:16:44;95;-; 52.45; 0.0;-; 6.9; 6.3; 0.0;-;-;1282;-0.2; 0.0; 0.0;-12; 21.9;F;1;29;On;On;Off; 22.1; 21.8;0;0;588;0;588;0;403;0;-
2026/03/26;02:17:44;95;-; 52.43; 0.0;-; 6.8; 6.3; 0.0;-;-;1282;-0.2; 0.0; 0.0;-12; 21.9;F;1;29;On;On;Off; 22.1; 21.8;0;0;588;0;588;0;403;0;-
2026/03/26;02:18:44;95;-; 52.45; 0.0;-; 6.8; 6.3; 0.0;-;-;1282;-0.3; 0.0; 0.0;-13; 21.9;F;1;29;On;On;Off; 22.1; 21.8;0;0;588;0;588;0;403;0;-
2026/03/26;02:19:44;95;-; 52.45; 0.0;-; 6.8; 6.2; 0.0;-;-;1282;-0.3; 0.0; 0.0;-12; 21.9;F;1;29;On;On;Off; 22.1; 21.8;0;0;588;0;588;0;403;0;-
2026/03/26;02:20:44;95;-; 52.45; 0.0;-; 6.8; 6.2; 0.0;-;-;1282;-0.2; 0.0; 0.0;-12; 21.9;F;1;29;On;On;Off; 22.1; 21.8;0;0;588;0;588;0;403;0;-
2026/03/26;02:21:44;95;-; 52.45; 0.0;-; 6.8; 6.3; 0.0;-;-;1282;-0.2; 0.0; 0.0;-12; 21.9;F;1;29;On;On;Off; 22.1; 21.8;0;0;588;0;588;0;403;0;-
2026/03/26;02:22:44;95;-; 52.43; 0.0;-; 6.8; 6.1; 0.0;-;-;1282;-0.2; 0.0; 0.0;-12; 21.9;F;1;29;On;On;Off; 22.1; 21.8;0;0;588;0;588;0;403;0;-
2026/03/26;02:23:44;95;-; 52.45; 0.0;-; 6.8; 6.1; 0.0;-;-;1282;-0.2; 0.0; 0.0;-12; 21.9;F;1;29;On;On;Off; 22.1; 21.8;0;0;588;0;588;0;403;0;-
2026/03/26;02:24:44;95;-; 52.45; 0.0;-; 6.8; 6.2; 0.0;-;-;1282;-0.2; 0.0; 0.0;-12; 21.9;F;1;29;On;On;Off; 22.1; 21.8;0;0;588;0;588;0;403;0;-
2026/03/26;02:25:43;95;-; 52.45; 0.0;-; 6.8; 5.9; 0.0;-;-;1282;-0.2; 0.0; 0.0;-12; 21.9;F;1;29;On;On;Off; 22.1; 21.8;0;0;588;0;588;0;403;0;-
2026/03/26;02:26:43;95;-; 52.45; 0.0;-; 14.2; 6.3; 0.0;-;-;1282;-0.2; 0.0; 0.0;-11; 21.9;F;1;29;On;On;Off; 22.1; 21.8;0;0;588;0;588;0;403;0;-
2026/03/26;02:27:43;95;-; 52.45; 0.0;-; 7.7; 6.3; 0.0;-;-;1282;-0.2; 0.0; 0.0;-12; 21.9;F;1;29;On;On;Off; 22.1; 21.8;0;0;588;0;588;0;403;0;-
2026/03/26;02:28:43;95;-; 52.45; 0.0;-; 6.7; 5.9; 0.0;-;-;1282;-0.2; 0.0; 0.0;-12; 21.9;F;1;29;On;On;Off; 22.1; 21.8;0;0;588;0;588;0;403;0;-
2026/03/26;02:29:43;95;-; 52.45; 0.0;-; 6.8; 6.0; 0.0;-;-;1282;-0.2; 0.0; 0.0;-12; 21.9;F;1;29;On;On;Off; 22.1; 21.8;0;0;588;0;588;0;403;0;-
2026/03/26;02:30:43;95;-; 52.43; 0.0;-; 6.8; 6.0; 0.0;-;-;1282;-0.2; 0.0; 0.0;-12; 21.9;F;1;29;On;On;Off; 22.1; 21.8;0;0;588;0;588;0;403;0;-
2026/03/26;02:31:43;95;-; 52.43; 0.0;-; 6.8; 6.1; 0.0;-;-;1282;-0.2; 0.0; 0.0;-12; 21.9;F;1;29;On;On;Off; 22.1; 21.8;0;0;588;0;588;0;403;0;-
2026/03/26;02:32:43;95;-; 52.45; 0.0;-; 6.7; 6.0; 0.0;-;-;1282;-0.2; 0.0; 0.0;-12; 21.9;F;1;29;On;On;Off; 22.1; 21.8;0;0;588;0;588;0;403;0;-
2026/03/26;02:33:43;95;-; 52.45; 0.0;-; 6.8; 6.1; 0.0;-;-;1282;-0.3; 0.0; 0.0;-13; 21.9;F;1;29;On;On;Off; 22.1; 21.8;0;0;588;0;588;0;403;0;-
2026/03/26;02:34:43;95;-; 52.45; 0.0;-; 6.7; 5.9; 0.0;-;-;1282;-0.3; 0.0; 0.0;-12; 21.9;F;1;29;On;On;Off; 22.1; 21.8;0;0;588;0;588;0;403;0;-
2026/03/26;02:35:43;95;-; 52.43; 0.0;-; 6.7; 5.9; 0.0;-;-;1282;-0.2; 0.0; 0.0;-12; 21.9;F;1;29;On;On;Off; 22.1; 21.8;0;0;588;0;588;0;403;0;-
2026/03/26;02:36:43;95;-; 52.43; 0.0;-; 6.7; 6.1; 0.0;-;-;1282;-0.2; 0.0; 0.0;-12; 21.9;F;1;29;On;On;Off; 22.1; 21.8;0;0;588;0;588;0;403;0;-
2026/03/26;02:37:43;95;-; 52.45; 0.0;-; 6.8; 6.0; 0.0;-;-;1282;-0.2; 0.0; 0.0;-12; 21.9;F;1;29;On;On;Off; 22.1; 21.8;0;0;588;0;588;0;403;0;-
2026/03/26;02:38:43;95;-; 52.43; 0.0;-; 6.8; 6.1; 0.0;-;-;1282;-0.2; 0.0; 0.0;-12; 21.9;F;1;29;On;On;Off; 22.1; 21.8;0;0;588;0;588;0;403;0;-
2026/03/26;02:39:43;95;-; 52.43; 0.0;-; 6.8; 5.9; 0.0;-;-;1282;-0.2; 0.0; 0.0;-12; 21.9;F;1;29;On;On;Off; 22.1; 21.8;0;0;588;0;588;0;403;0;-
2026/03/26;02:40:43;95;-; 52.43; 0.0;-; 6.8; 5.9; 0.0;-;-;1282;-0.2; 0.0; 0.0;-12; 21.9;F;1;29;On;On;Off; 22.1; 21.8;0;0;588;0;588;0;403;0;-
2026/03/26;02:41:42;95;-; 52.43; 0.0;-; 6.8; 5.9; 0.0;-;-;1282;-0.2; 0.0; 0.0;-12; 21.9;F;1;29;On;On;Off; 22.1; 21.8;0;0;588;0;588;0;403;0;-
2026/03/26;02:42:42;95;-; 52.43; 0.0;-; 6.7; 6.0; 0.0;-;-;1282;-0.2; 0.0; 0.0;-12; 21.9;F;1;29;On;On;Off; 22.1; 21.8;0;0;588;0;588;0;403;0;-
2026/03/26;02:43:42;95;-; 52.43; 0.0;-; 6.8; 5.9; 0.0;-;-;1282;-0.2; 0.0; 0.0;-12; 21.9;F;1;29;On;On;Off; 22.0; 21.8;0;0;588;0;588;0;403;0;-
2026/03/26;02:44:42;95;-; 52.43; 0.0;-; 6.8; 6.1; 0.0;-;-;1282;-0.2; 0.0; 0.0;-12; 21.9;F;1;29;On;On;Off; 22.0; 21.8;0;0;588;0;588;0;403;0;-
2026/03/26;02:45:42;95;-; 52.43; 0.0;-; 6.8; 5.9; 0.0;-;-;1282;-0.2; 0.0; 0.0;-12; 21.9;F;1;29;On;On;Off; 22.0; 21.8;0;0;588;0;588;0;403;0;-
2026/03/26;02:46:42;95;-; 52.43; 0.0;-; 6.8; 6.0; 0.0;-;-;1282;-0.2; 0.0; 0.0;-12; 21.9;F;1;29;On;On;Off; 22.1; 21.8;0;0;588;0;588;0;403;0;-
2026/03/26;02:47:42;95;-; 52.41; 0.0;-; 6.8; 6.1; 0.0;-;-;1282;-0.2; 0.0; 0.0;-12; 21.9;F;1;29;On;On;Off; 22.0; 21.8;0;0;588;0;588;0;403;0;-
2026/03/26;02:48:42;95;-; 52.43; 0.0;-; 6.7; 6.1; 0.0;-;-;1282;-0.2; 0.0; 0.0;-12; 21.8;F;1;29;On;On;Off; 22.0; 21.8;0;0;588;0;588;0;403;0;-
2026/03/26;02:49:42;95;-; 52.43; 0.0;-; 6.8; 6.0; 0.0;-;-;1282;-0.2; 0.0; 0.0;-12; 21.8;F;1;29;On;On;Off; 22.1; 21.8;0;0;588;0;588;0;403;0;-
2026/03/26;02:50:42;95;-; 52.43; 0.0;-; 6.8; 6.1; 0.0;-;-;1283;-0.2; 0.0; 0.0;-12; 21.8;F;1;29;On;On;Off; 22.0; 21.8;0;0;588;0;588;0;403;0;-
2026/03/26;02:51:42;95;-; 52.43; 0.0;-; 7.0; 6.3; 0.0;-;-;1283;-0.2; 0.0; 0.0;-11; 21.8;F;1;29;On;On;Off; 22.0; 21.8;0;0;588;0;588;0;403;0;-
2026/03/26;02:52:42;95;-; 52.43; 0.0;-; 7.1; 6.4; 0.0;-;-;1283;-0.2; 0.0; 0.0;-11; 21.8;F;1;29;On;On;Off; 22.0; 21.8;0;0;588;0;588;0;403;0;-
2026/03/26;02:53:42;95;-; 52.43; 0.0;-; 7.4; 6.5; 0.0;-;-;1283;-0.2; 0.0; 0.0;-11; 21.8;F;1;29;On;On;Off; 22.0; 21.8;0;0;588;0;588;0;403;0;-
2026/03/26;02:54:42;95;-; 52.41; 0.0;-; 7.5; 6.8; 0.0;-;-;1283;-0.2; 0.0; 0.0;-12; 21.8;F;1;29;On;On;Off; 22.0; 21.8;0;0;588;0;588;0;403;0;-
2026/03/26;02:55:42;95;-; 52.41; 0.0;-; 7.7; 6.9; 0.0;-;-;1283;-0.2; 0.0; 0.0;-12; 21.8;F;1;29;On;On;Off; 22.0; 21.8;0;0;588;0;588;0;403;0;-
2026/03/26;02:56:42;95;-; 52.41; 0.0;-; 7.8; 7.2; 0.0;-;-;1283;-0.2; 0.0; 0.0;-12; 21.8;F;1;29;On;On;Off; 22.0; 21.8;0;0;588;0;588;0;403;0;-
2026/03/26;02:57:41;95;-; 52.41; 0.0;-; 8.2; 7.5; 0.0;-;-;1283;-0.2; 0.0; 0.0;-12; 21.8;F;1;29;On;On;Off; 22.0; 21.8;0;0;588;0;588;0;403;0;-
2026/03/26;02:58:41;95;-; 52.43; 0.0;-; 8.2; 7.5; 0.0;-;-;1283;-0.2; 0.0; 0.0;-12; 21.8;F;1;29;On;On;Off; 22.0; 21.8;0;0;588;0;588;0;403;0;-
2026/03/26;02:59:41;95;-; 52.43; 0.0;-; 7.8; 7.1; 0.0;-;-;1283;-0.2; 0.0; 0.0;-11; 21.8;F;1;29;On;On;Off; 22.0; 21.8;0;0;588;0;588;0;403;0;-
2026/03/26;03:00:41;95;-; 52.43; 0.0;-; 7.7; 7.0; 0.0;-;-;1283;-0.2; 0.0; 0.0;-11; 21.8;F;1;29;On;On;Off; 22.0; 21.8;0;0;588;0;588;0;403;0;-
2026/03/26;03:01:41;95;-; 52.43; 0.0;-; 7.7; 7.1; 0.0;-;-;1283;-0.2; 0.0; 0.0;-11; 21.8;F;1;29;On;On;Off; 22.0; 21.8;0;0;588;0;588;0;403;0;-
2026/03/26;03:02:41;95;-; 52.43; 0.0;-; 7.5; 6.9; 0.0;-;-;1283;-0.2; 0.0; 0.0;-11; 21.8;F;1;29;On;On;Off; 22.0; 21.7;0;0;588;0;588;0;403;0;-
2026/03/26;03:03:41;95;-; 52.41; 0.0;-; 7.5; 6.8; 0.0;-;-;1283;-0.2; 0.0; 0.0;-11; 21.8;F;1;29;On;On;Off; 22.0; 21.8;0;0;588;0;588;0;403;0;-
2026/03/26;03:04:41;95;-; 52.41; 0.0;-; 7.2; 6.7; 0.0;-;-;1283;-0.2; 0.0; 0.0;-11; 21.8;F;1;29;On;On;Off; 22.0; 21.8;0;0;588;0;588;0;403;0;-
2026/03/26;03:05:41;95;-; 52.41; 0.0;-; 7.5; 6.8; 0.0;-;-;1283;-0.2; 0.0; 0.0;-12; 21.8;F;1;29;On;On;Off; 22.0; 21.8;0;0;588;0;588;0;403;0;-
2026/03/26;03:06:41;95;-; 52.43; 0.0;-; 7.7; 7.0; 0.0;-;-;1283;-0.2; 0.0; 0.0;-11; 21.8;F;1;29;On;On;Off; 22.0; 21.7;0;0;588;0;588;0;403;0;-
2026/03/26;03:07:41;95;-; 52.43; 0.0;-; 7.9; 7.2; 0.0;-;-;1283;-0.2; 0.0; 0.0;-12; 21.8;F;1;29;On;On;Off; 22.0; 21.7;0;0;588;0;588;0;403;0;-
2026/03/26;03:08:41;95;-; 52.43; 0.0;-; 8.1; 7.3; 0.0;-;-;1283;-0.2; 0.0; 0.0;-11; 21.8;F;1;29;On;On;Off; 22.0; 21.7;0;0;588;0;588;0;403;0;-
2026/03/26;03:09:41;95;-; 52.43; 0.0;-; 8.5; 7.6; 0.0;-;-;1283;-0.2; 0.0; 0.0;-12; 21.8;F;1;29;On;On;Off; 22.0; 21.7;0;0;588;0;588;0;403;0;-
2026/03/26;03:10:41;95;-; 52.43; 0.0;-; 8.6; 8.0; 0.0;-;-;1283;-0.2; 0.0; 0.0;-12; 21.8;F;1;29;On;On;Off; 22.0; 21.8;0;0;588;0;588;0;403;0;-
2026/03/26;03:11:41;95;-; 52.41; 0.0;-; 8.8; 8.0; 0.0;-;-;1283;-0.2; 0.0; 0.0;-12; 21.8;F;1;29;On;On;Off; 22.0; 21.8;0;0;588;0;588;0;403;0;-
2026/03/26;03:12:41;95;-; 52.43; 0.0;-; 9.2; 8.5; 0.0;-;-;1283;-0.2; 0.0; 0.0;-12; 21.8;F;1;29;On;On;Off; 22.0; 21.8;0;0;588;0;588;0;403;0;-
2026/03/26;03:13:40;95;-; 52.43; 0.0;-; 9.1; 8.5; 0.0;-;-;1283;-0.3; 0.0; 0.0;-12; 21.8;F;1;29;On;On;Off; 22.0; 21.7;0;0;588;0;588;0;403;0;-
2026/03/26;03:14:40;95;-; 52.43; 0.0;-; 9.3; 8.7; 0.0;-;-;1283;-0.2; 0.0; 0.0;-12; 21.8;F;1;29;On;On;Off; 22.0; 21.8;0;0;588;0;588;0;403;0;-
2026/03/26;03:15:40;95;-; 52.43; 0.0;-; 9.4; 8.7; 0.0;-;-;1283;-0.2; 0.0; 0.0;-11; 21.8;F;1;29;On;On;Off; 22.0; 21.7;0;0;588;0;588;0;403;0;-
2026/03/26;03:16:40;95;-; 52.41; 0.0;-; 9.8; 9.3; 0.0;-;-;1283;-0.2; 0.0; 0.0;-11; 21.8;F;1;29;On;On;Off; 22.0; 21.7;0;0;588;0;588;0;403;0;-
2026/03/26;03:17:40;95;-; 52.43; 0.0;-; 10.1; 9.4; 0.0;-;-;1283;-0.2; 0.0; 0.0;-11; 21.8;F;1;29;On;On;Off; 22.0; 21.7;0;0;588;0;588;0;403;0;-
2026/03/26;03:18:40;95;-; 52.43; 0.0;-; 9.8; 9.2; 0.0;-;-;1283;-0.2; 0.0; 0.0;-11; 21.8;F;1;29;On;On;Off; 22.0; 21.8;0;0;588;0;588;0;403;0;-
2026/03/26;03:19:40;95;-; 52.43; 0.0;-; 9.8; 9.1; 0.0;-;-;1283;-0.2; 0.0; 0.0;-11; 21.8;F;1;29;On;On;Off; 22.0; 21.8;0;0;588;0;588;0;403;0;-
2026/03/26;03:20:40;95;-; 52.43; 0.0;-; 10.8; 9.8; 0.0;-;-;1283;-0.2; 0.0; 0.0;-12; 21.8;F;1;29;On;On;Off; 22.0; 21.7;0;0;588;0;588;0;403;0;-
2026/03/26;03:21:40;95;-; 52.43; 0.0;-; 10.3; 9.5; 0.0;-;-;1283;-0.2; 0.0; 0.0;-11; 21.8;F;1;29;On;On;Off; 22.0; 21.7;0;0;588;0;588;0;403;0;-
2026/03/26;03:22:40;95;-; 52.43; 0.0;-; 9.9; 9.3; 0.0;-;-;1283;-0.2; 0.0; 0.0;-11; 21.8;F;1;29;On;On;Off; 22.0; 21.7;0;0;588;0;588;0;403;0;-
2026/03/26;03:23:40;95;-; 52.43; 0.0;-; 10.0; 9.4; 0.0;-;-;1283;-0.2; 0.0; 0.0;-12; 21.8;F;1;29;On;On;Off; 22.0; 21.7;0;0;588;0;588;0;403;0;-
2026/03/26;03:24:40;95;-; 52.43; 0.0;-; 10.2; 9.6; 0.0;-;-;1283;-0.2; 0.0; 0.0;-12; 21.8;F;1;29;On;On;Off; 22.0; 21.8;0;0;588;0;588;0;403;0;-
2026/03/26;03:25:40;95;-; 52.43; 0.0;-; 10.0; 9.4; 0.0;-;-;1283;-0.2; 0.0; 0.0;-11; 21.8;F;1;29;On;On;Off; 22.0; 21.7;0;0;588;0;588;0;403;0;-
2026/03/26;03:26:40;95;-; 52.43; 0.0;-; 9.9; 9.2; 0.0;-;-;1283;-0.2; 0.0; 0.0;-11; 21.8;F;1;29;On;On;Off; 22.0; 21.7;0;0;588;0;588;0;403;0;-
2026/03/26;03:27:40;95;-; 52.41; 0.0;-; 9.3; 8.5; 0.0;-;-;1283;-0.2; 0.0; 0.0;-11; 21.8;F;1;29;On;On;Off; 22.0; 21.7;0;0;588;0;588;0;403;0;-
2026/03/26;03:28:40;95;-; 52.43; 0.0;-; 8.7; 8.2; 0.0;-;-;1283;-0.2; 0.0; 0.0;-11; 21.8;F;1;29;On;On;Off; 22.0; 21.7;0;0;588;0;588;0;403;0;-
2026/03/26;03:29:39;95;-; 52.41; 0.0;-; 8.1; 7.5; 0.0;-;-;1283;-0.2; 0.0; 0.0;-12; 21.8;F;1;29;On;On;Off; 22.0; 21.7;0;0;588;0;588;0;403;0;-
2026/03/26;03:30:39;95;-; 52.43; 0.0;-; 7.7; 7.0; 0.0;-;-;1283;-0.2; 0.0; 0.0;-11; 21.8;F;1;29;On;On;Off; 22.0; 21.7;0;0;588;0;588;0;403;0;-
2026/03/26;03:31:39;95;-; 52.41; 0.0;-; 7.5; 7.0; 0.0;-;-;1283;-0.2; 0.0; 0.0;-11; 21.8;F;1;29;On;On;Off; 22.0; 21.7;0;0;588;0;588;0;403;0;-
2026/03/26;03:32:39;95;-; 52.41; 0.0;-; 7.1; 6.7; 0.0;-;-;1283;-0.2; 0.0; 0.0;-11; 21.8;F;1;29;On;On;Off; 22.0; 21.8;0;0;588;0;588;0;403;0;-
2026/03/26;03:33:39;95;-; 52.41; 0.0;-; 7.0; 6.5; 0.0;-;-;1283;-0.2; 0.0; 0.0;-12; 21.8;F;1;29;On;On;Off; 22.0; 21.7;0;0;588;0;588;0;403;0;-
2026/03/26;03:34:39;95;-; 52.41; 0.0;-; 6.9; 6.5; 0.0;-;-;1283;-0.2; 0.0; 0.0;-12; 21.8;F;1;29;On;On;Off; 22.0; 21.7;0;0;588;0;588;0;403;0;-
2026/03/26;03:35:39;95;-; 52.41; 0.0;-; 6.8; 6.1; 0.0;-;-;1283;-0.2; 0.0; 0.0;-11; 21.8;F;1;29;On;On;Off; 22.0; 21.7;0;0;588;0;588;0;403;0;-
2026/03/26;03:36:39;95;-; 52.41; 0.0;-; 6.7; 6.2; 0.0;-;-;1283;-0.2; 0.0; 0.0;-12; 21.8;F;1;29;On;On;Off; 22.0; 21.8;0;0;588;0;588;0;403;0;-
2026/03/26;03:37:39;95;-; 52.41; 0.0;-; 6.6; 6.1; 0.0;-;-;1283;-0.2; 0.0; 0.0;-12; 21.8;F;1;29;On;On;Off; 22.0; 21.8;0;0;588;0;588;0;403;0;-
2026/03/26;03:38:39;95;-; 52.41; 0.0;-; 6.7; 6.1; 0.0;-;-;1283;-0.2; 0.0; 0.0;-12; 21.8;F;1;29;On;On;Off; 22.0; 21.7;0;0;588;0;588;0;403;0;-
2026/03/26;03:39:39;95;-; 52.41; 0.0;-; 6.7; 6.1; 0.0;-;-;1283;-0.2; 0.0; 0.0;-12; 21.8;F;1;29;On;On;Off; 22.0; 21.8;0;0;588;0;588;0;403;0;-
2026/03/26;03:40:39;95;-; 52.41; 0.0;-; 6.7; 6.2; 0.0;-;-;1283;-0.2; 0.0; 0.0;-12; 21.8;F;1;29;On;On;Off; 22.0; 21.7;0;0;588;0;588;0;403;0;-
2026/03/26;03:41:39;95;-; 52.39; 0.0;-; 6.6; 6.1; 0.0;-;-;1283;-0.2; 0.0; 0.0;-12; 21.8;F;1;29;On;On;Off; 22.0; 21.8;0;0;588;0;588;0;403;0;-
2026/03/26;03:42:39;95;-; 52.41; 0.0;-; 6.7; 6.0; 0.0;-;-;1283;-0.2; 0.0; 0.0;-12; 21.8;F;1;29;On;On;Off; 22.0; 21.8;0;0;588;0;588;0;403;0;-
2026/03/26;03:43:39;95;-; 52.39; 0.0;-; 6.6; 6.0; 0.0;-;-;1283;-0.2; 0.0; 0.0;-12; 21.8;F;1;29;On;On;Off; 22.0; 21.8;0;0;588;0;588;0;403;0;-
2026/03/26;03:44:39;95;-; 52.39; 0.0;-; 6.7; 6.0; 0.0;-;-;1283;-0.2; 0.0; 0.0;-12; 21.8;F;1;29;On;On;Off; 22.0; 21.8;0;0;588;0;588;0;403;0;-
2026/03/26;03:45:38;94;-; 52.39; 0.0;-; 6.6; 5.9; 0.0;-;-;1283;-0.2; 0.0; 0.0;-12; 21.8;F;1;29;On;On;Off; 22.0; 21.8;0;0;588;0;588;0;403;0;-
2026/03/26;03:46:38;94;-; 52.41; 0.0;-; 6.7; 6.0; 0.0;-;-;1283;-0.2; 0.0; 0.0;-12; 21.8;F;1;29;On;On;Off; 22.0; 21.8;0;0;588;0;588;0;403;0;-
2026/03/26;03:47:38;94;-; 52.41; 0.0;-; 6.7; 6.1; 0.0;-;-;1283;-0.2; 0.0; 0.0;-12; 21.8;F;1;29;On;On;Off; 22.0; 21.8;0;0;588;0;588;0;403;0;-
2026/03/26;03:48:38;94;-; 52.41; 0.0;-; 6.6; 6.0; 0.0;-;-;1283;-0.2; 0.0; 0.0;-11; 21.8;F;1;29;On;On;Off; 22.0; 21.8;0;0;588;0;588;0;403;0;-
2026/03/26;03:49:38;94;-; 52.41; 0.0;-; 6.7; 5.9; 0.0;-;-;1283;-0.2; 0.0; 0.0;-12; 21.8;F;1;29;On;On;Off; 22.0; 21.8;0;0;588;0;588;0;403;0;-
2026/03/26;03:50:38;94;-; 52.41; 0.0;-; 6.7; 6.0; 0.0;-;-;1284;-0.2; 0.0; 0.0;-12; 21.8;F;1;29;On;On;Off; 22.0; 21.8;0;0;588;0;588;0;403;0;-
2026/03/26;03:51:38;94;-; 52.41; 0.0;-; 6.7; 6.0; 0.0;-;-;1284;-0.2; 0.0; 0.0;-12; 21.8;F;1;29;On;On;Off; 22.0; 21.7;0;0;588;0;588;0;403;0;-
2026/03/26;03:52:38;94;-; 52.41; 0.0;-; 6.7; 5.9; 0.0;-;-;1284;-0.2; 0.0; 0.0;-12; 21.8;F;1;29;On;On;Off; 22.0; 21.8;0;0;588;0;588;0;403;0;-
2026/03/26;03:53:38;94;-; 52.41; 0.0;-; 6.7; 5.9; 0.0;-;-;1284;-0.2; 0.0; 0.0;-12; 21.8;F;1;29;On;On;Off; 22.0; 21.8;0;0;588;0;588;0;403;0;-
2026/03/26;03:54:38;94;-; 52.39; 0.0;-; 6.7; 5.9; 0.0;-;-;1284;-0.2; 0.0; 0.0;-12; 21.9;F;1;29;On;On;Off; 22.0; 21.8;0;0;588;0;588;0;403;0;-
2026/03/26;03:55:38;94;-; 52.41; 0.0;-; 6.6; 5.9; 0.0;-;-;1284;-0.2; 0.0; 0.0;-12; 21.8;F;1;29;On;On;Off; 22.0; 21.8;0;0;588;0;588;0;403;0;-
2026/03/26;03:56:38;94;-; 52.39; 0.0;-; 6.6; 6.0; 0.0;-;-;1284;-0.2; 0.0; 0.0;-12; 21.9;F;1;29;On;On;Off; 22.0; 21.8;0;0;588;0;588;0;403;0;-
2026/03/26;03:57:38;94;-; 52.41; 0.0;-; 6.7; 5.9; 0.0;-;-;1284;-0.2; 0.0; 0.0;-11; 21.8;F;1;29;On;On;Off; 22.0; 21.8;0;0;588;0;588;0;403;0;-
2026/03/26;03:58:38;94;-; 52.41; 0.0;-; 6.6; 6.0; 0.0;-;-;1284;-0.2; 0.0; 0.0;-11; 21.8;F;1;29;On;On;Off; 22.0; 21.8;0;0;588;0;588;0;403;0;-
2026/03/26;03:59:38;94;-; 52.41; 0.0;-; 6.7; 5.8; 0.0;-;-;1284;-0.2; 0.0; 0.0;-11; 21.8;F;1;29;On;On;Off; 22.0; 21.8;0;0;588;0;588;0;403;0;-
2026/03/26;04:00:38;94;-; 52.41; 0.0;-; 8.5; 6.7; 0.0;-;-;1284;-0.2; 0.0; 0.0;-11; 21.8;F;1;29;On;On;Off; 22.0; 21.8;0;0;588;0;588;0;403;0;-
2026/03/26;04:01:37;94;-; 52.39; 0.0;-; 8.5; 6.6; 0.0;-;-;1284;-0.2; 0.0; 0.0;-12; 21.8;F;1;29;On;On;Off; 22.0; 21.7;0;0;588;0;588;0;403;0;-
2026/03/26;04:02:37;94;-; 52.41; 0.0;-; 8.5; 6.8; 0.0;-;-;1284;-0.2; 0.0; 0.0;-12; 21.8;F;1;29;On;On;Off; 22.0; 21.8;0;0;588;0;588;0;403;0;-
2026/03/26;04:03:37;94;-; 52.41; 0.0;-; 8.5; 6.8; 0.0;-;-;1284;-0.2; 0.0; 0.0;-11; 21.9;F;1;29;On;On;Off; 22.0; 21.8;0;0;588;0;588;0;403;0;-
2026/03/26;04:04:37;94;-; 52.41; 0.0;-; 8.6; 6.7; 0.0;-;-;1284;-0.2; 0.0; 0.0;-11; 21.9;F;1;29;On;On;Off; 22.0; 21.8;0;0;588;0;588;0;403;0;-
2026/03/26;04:05:37;94;-; 52.41; 0.0;-; 8.5; 6.8; 0.0;-;-;1284;-0.2; 0.0; 0.0;-12; 21.8;F;1;29;On;On;Off; 22.0; 21.8;0;0;588;0;588;0;403;0;-
2026/03/26;04:06:37;94;-; 52.39; 0.0;-; 8.5; 6.8; 0.0;-;-;1284;-0.2; 0.0; 0.0;-12; 21.9;F;1;29;On;On;Off; 22.0; 21.7;0;0;588;0;588;0;403;0;-
2026/03/26;04:07:37;94;-; 52.41; 0.0;-; 8.6; 6.7; 0.0;-;-;1284;-0.2; 0.0; 0.0;-12; 21.9;F;1;29;On;On;Off; 22.0; 21.8;0;0;588;0;588;0;403;0;-
2026/03/26;04:08:37;94;-; 52.41; 0.0;-; 8.6; 6.8; 0.0;-;-;1284;-0.2; 0.0; 0.0;-11; 21.9;F;1;29;On;On;Off; 22.0; 21.8;0;0;588;0;588;0;403;0;-
2026/03/26;04:09:37;94;-; 52.41; 0.0;-; 8.6; 6.7; 0.0;-;-;1284;-0.2; 0.0; 0.0;-11; 21.9;F;1;29;On;On;Off; 22.0; 21.7;0;0;588;0;588;0;403;0;-
2026/03/26;04:10:37;94;-; 52.41; 0.0;-; 8.5; 6.6; 0.0;-;-;1284;-0.2; 0.0; 0.0;-11; 21.9;F;1;29;On;On;Off; 22.0; 21.8;0;0;588;0;588;0;403;0;-
2026/03/26;04:11:37;94;-; 52.41; 0.0;-; 8.5; 6.8; 0.0;-;-;1284;-0.2; 0.0; 0.0;-12; 21.9;F;1;29;On;On;Off; 22.0; 21.8;0;0;588;0;588;0;403;0;-
2026/03/26;04:12:37;94;-; 52.41; 0.0;-; 8.6; 6.8; 0.0;-;-;1284;-0.3; 0.0; 0.0;-13; 21.9;F;1;29;On;On;Off; 22.0; 21.8;0;0;588;0;588;0;403;0;-
2026/03/26;04:13:37;94;-; 52.41; 0.0;-; 8.5; 6.8; 0.0;-;-;1284;-0.3; 0.0; 0.0;-13; 21.8;F;1;29;On;On;Off; 22.0; 21.8;0;0;588;0;588;0;403;0;-
2026/03/26;04:14:37;94;-; 52.39; 0.0;-; 8.5; 6.8; 0.0;-;-;1284;-0.3; 0.0; 0.0;-13; 21.9;F;1;29;On;On;Off; 22.0; 21.8;0;0;588;0;588;0;403;0;-
2026/03/26;04:15:37;94;-; 52.41; 0.0;-; 8.5; 6.8; 0.0;-;-;1284;-0.3; 0.0; 0.0;-12; 21.9;F;1;29;On;On;Off; 22.0; 21.8;0;0;588;0;588;0;403;0;-
2026/03/26;04:16:37;94;-; 52.39; 0.0;-; 8.5; 6.7; 0.0;-;-;1284;-0.3; 0.0; 0.0;-13; 21.8;F;1;29;On;On;Off; 22.0; 21.8;0;0;588;0;588;0;403;0;-
2026/03/26;04:17:36;94;-; 52.41; 0.0;-; 8.5; 6.7; 0.0;-;-;1284;-0.2; 0.0; 0.0;-12; 21.8;F;1;29;On;On;Off; 22.0; 21.8;0;0;588;0;588;0;403;0;-
2026/03/26;04:18:36;94;-; 52.39; 0.0;-; 8.6; 6.7; 0.0;-;-;1284;-0.2; 0.0; 0.0;-12; 21.8;F;1;29;On;On;Off; 22.0; 21.8;0;0;588;0;588;0;403;0;-
2026/03/26;04:19:36;94;-; 52.41; 0.0;-; 8.6; 6.7; 0.0;-;-;1284;-0.3; 0.0; 0.0;-12; 21.8;F;1;29;On;On;Off; 22.0; 21.7;0;0;588;0;588;0;403;0;-
2026/03/26;04:20:36;94;-; 52.39; 0.0;-; 8.6; 6.8; 0.0;-;-;1284;-0.2; 0.0; 0.0;-12; 21.8;F;1;29;On;On;Off; 22.0; 21.8;0;0;588;0;588;0;403;0;-
2026/03/26;04:21:36;94;-; 52.41; 0.0;-; 8.5; 6.8; 0.0;-;-;1284;-0.2; 0.0; 0.0;-12; 21.8;F;1;29;On;On;Off; 22.0; 21.7;0;0;588;0;588;0;403;0;-
2026/03/26;04:22:36;94;-; 52.39; 0.0;-; 9.9; 6.8; 0.0;-;-;1284;-0.2; 0.0; 0.0;-12; 21.8;F;1;29;On;On;Off; 22.0; 21.7;0;0;588;0;588;0;403;0;-
2026/03/26;04:23:36;94;-; 52.41; 0.0;-; 8.6; 6.9; 0.0;-;-;1284;-0.2; 0.0; 0.0;-12; 21.8;F;1;29;On;On;Off; 22.0; 21.8;0;0;588;0;588;0;403;0;-
2026/03/26;04:24:36;94;-; 52.41; 0.0;-; 8.6; 6.8; 0.0;-;-;1284;-0.2; 0.0; 0.0;-12; 21.9;F;1;29;On;On;Off; 22.0; 21.8;0;0;588;0;588;0;403;0;-
2026/03/26;04:25:36;94;-; 52.39; 0.0;-; 8.5; 6.7; 0.0;-;-;1284;-0.2; 0.0; 0.0;-12; 21.8;F;1;29;On;On;Off; 22.0; 21.8;0;0;588;0;588;0;403;0;-
2026/03/26;04:26:36;94;-; 52.39; 0.0;-; 8.6; 6.8; 0.0;-;-;1284;-0.2; 0.0; 0.0;-12; 21.8;F;1;29;On;On;Off; 22.0; 21.7;0;0;588;0;588;0;403;0;-
2026/03/26;04:27:36;94;-; 52.39; 0.0;-; 8.6; 6.7; 0.0;-;-;1284;-0.2; 0.0; 0.0;-11; 21.8;F;1;29;On;On;Off; 22.0; 21.8;0;0;588;0;588;0;403;0;-
2026/03/26;04:28:36;94;-; 52.39; 0.0;-; 8.6; 6.8; 0.0;-;-;1284;-0.2; 0.0; 0.0;-12; 21.8;F;1;29;On;On;Off; 22.0; 21.7;0;0;588;0;588;0;403;0;-
2026/03/26;04:29:36;94;-; 52.41; 0.0;-; 8.6; 6.9; 0.0;-;-;1284;-0.2; 0.0; 0.0;-12; 21.8;F;1;29;On;On;Off; 22.0; 21.7;0;0;588;0;588;0;403;0;-
2026/03/26;04:30:36;94;-; 52.39; 0.0;-; 8.6; 6.8; 0.0;-;-;1284;-0.2; 0.0; 0.0;-12; 21.8;F;1;29;On;On;Off; 22.0; 21.8;0;0;588;0;588;0;403;0;-
2026/03/26;04:31:36;94;-; 52.39; 0.0;-; 8.7; 6.8; 0.0;-;-;1284;-0.2; 0.0; 0.0;-12; 21.8;F;1;29;On;On;Off; 22.0; 21.7;0;0;588;0;588;0;403;0;-
2026/03/26;04:32:36;94;-; 52.39; 0.0;-; 8.7; 6.9; 0.0;-;-;1284;-0.2; 0.0; 0.0;-12; 21.8;F;1;29;On;On;Off; 22.0; 21.8;0;0;588;0;588;0;403;0;-
2026/03/26;04:33:35;94;-; 52.39; 0.0;-; 8.6; 7.0; 0.0;-;-;1284;-0.2; 0.0; 0.0;-12; 21.8;F;1;29;On;On;Off; 22.0; 21.7;0;0;588;0;588;0;403;0;-
2026/03/26;04:34:35;94;-; 52.39; 0.0;-; 8.7; 6.9; 0.0;-;-;1284;-0.2; 0.0; 0.0;-12; 21.8;F;1;29;On;On;Off; 22.0; 21.8;0;0;588;0;588;0;403;0;-
2026/03/26;04:35:35;94;-; 52.41; 0.0;-; 8.8; 6.9; 0.0;-;-;1284;-0.2; 0.0; 0.0;-12; 21.8;F;1;29;On;On;Off; 22.0; 21.8;0;0;588;0;588;0;403;0;-
2026/03/26;04:36:35;94;-; 52.39; 0.0;-; 8.7; 7.0; 0.0;-;-;1284;-0.2; 0.0; 0.0;-11; 21.8;F;1;29;On;On;Off; 22.0; 21.8;0;0;588;0;588;0;403;0;-
2026/03/26;04:37:35;94;-; 52.39; 0.0;-; 8.8; 7.0; 0.0;-;-;1284;-0.2; 0.0; 0.0;-12; 21.8;F;1;29;On;On;Off; 22.0; 21.7;0;0;588;0;588;0;403;0;-
2026/03/26;04:38:35;94;-; 52.39; 0.0;-; 8.8; 7.1; 0.0;-;-;1284;-0.2; 0.0; 0.0;-12; 21.8;F;1;29;On;On;Off; 22.0; 21.8;0;0;588;0;588;0;403;0;-
2026/03/26;04:39:35;94;-; 52.39; 0.0;-; 8.9; 7.1; 0.0;-;-;1284;-0.2; 0.0; 0.0;-12; 21.8;F;1;29;On;On;Off; 22.0; 21.7;0;0;588;0;588;0;403;0;-
2026/03/26;04:40:35;94;-; 52.37; 0.0;-; 9.0; 7.0; 0.0;-;-;1284;-0.2; 0.0; 0.0;-12; 21.8;F;1;29;On;On;Off; 22.0; 21.7;0;0;588;0;588;0;403;0;-
2026/03/26;04:41:35;94;-; 52.39; 0.0;-; 9.0; 7.2; 0.0;-;-;1284;-0.2; 0.0; 0.0;-12; 21.8;F;1;29;On;On;Off; 22.0; 21.8;0;0;588;0;588;0;403;0;-
2026/03/26;04:42:35;94;-; 52.39; 0.0;-; 9.1; 7.2; 0.0;-;-;1284;-0.2; 0.0; 0.0;-11; 21.8;F;1;29;On;On;Off; 22.0; 21.8;0;0;588;0;588;0;403;0;-
2026/03/26;04:43:35;94;-; 52.39; 0.0;-; 9.2; 7.4; 0.0;-;-;1284;-0.2; 0.0; 0.0;-11; 21.8;F;1;29;On;On;Off; 22.0; 21.7;0;0;588;0;588;0;403;0;-
2026/03/26;04:44:35;94;-; 52.37; 0.0;-; 9.3; 7.5; 0.0;-;-;1284;-0.2; 0.0; 0.0;-11; 21.8;F;1;29;On;On;Off; 22.0; 21.7;0;0;588;0;588;0;403;0;-
2026/03/26;04:45:35;94;-; 52.39; 0.0;-; 9.3; 7.6; 0.0;-;-;1284;-0.2; 0.0; 0.0;-12; 21.8;F;1;29;On;On;Off; 22.0; 21.7;0;0;588;0;588;0;403;0;-
2026/03/26;04:46:35;94;-; 52.39; 0.0;-; 9.5; 7.8; 0.0;-;-;1284;-0.2; 0.0; 0.0;-12; 21.8;F;1;29;On;On;Off; 22.0; 21.7;0;0;588;0;588;0;403;0;-
2026/03/26;04:47:35;94;-; 52.39; 0.0;-; 9.6; 7.7; 0.0;-;-;1284;-0.2; 0.0; 0.0;-11; 21.8;F;1;29;On;On;Off; 22.0; 21.7;0;0;588;0;588;0;403;0;-
2026/03/26;04:48:35;94;-; 52.37; 0.0;-; 9.6; 8.0; 0.0;-;-;1284;-0.2; 0.0; 0.0;-12; 21.8;F;1;29;On;On;Off; 22.0; 21.7;0;0;588;0;588;0;403;0;-
2026/03/26;04:49:34;94;-; 52.37; 0.0;-; 9.8; 8.0; 0.0;-;-;1284;-0.2; 0.0; 0.0;-12; 21.8;F;1;29;On;On;Off; 22.0; 21.7;0;0;588;0;588;0;403;0;-
2026/03/26;04:50:34;94;-; 52.39; 0.0;-; 9.9; 8.1; 0.0;-;-;1285;-0.2; 0.0; 0.0;-12; 21.8;F;1;29;On;On;Off; 22.0; 21.7;0;0;588;0;588;0;403;0;-
2026/03/26;04:51:34;94;-; 52.37; 0.0;-; 10.0; 8.3; 0.0;-;-;1285;-0.2; 0.0; 0.0;-12; 21.8;F;1;29;On;On;Off; 22.0; 21.7;0;0;588;0;588;0;403;0;-
2026/03/26;04:52:34;94;-; 52.39; 0.0;-; 10.1; 8.3; 0.0;-;-;1285;-0.2; 0.0; 0.0;-12; 21.8;F;1;29;On;On;Off; 22.0; 21.7;0;0;588;0;588;0;403;0;-
2026/03/26;04:53:34;94;-; 52.37; 0.0;-; 10.3; 8.6; 0.0;-;-;1285;-0.2; 0.0; 0.0;-12; 21.8;F;1;29;On;On;Off; 22.0; 21.7;0;0;588;0;588;0;403;0;-
2026/03/26;04:54:34;94;-; 52.37; 0.0;-; 10.6; 8.7; 0.0;-;-;1285;-0.2; 0.0; 0.0;-12; 21.8;F;1;29;On;On;Off; 22.0; 21.7;0;0;588;0;588;0;403;0;-
2026/03/26;04:55:34;94;-; 52.39; 0.0;-; 10.8; 8.8; 0.0;-;-;1285;-0.2; 0.0; 0.0;-12; 21.8;F;1;29;On;On;Off; 22.0; 21.7;0;0;588;0;588;0;403;0;-
2026/03/26;04:56:34;94;-; 52.39; 0.0;-; 11.0; 9.2; 0.0;-;-;1285;-0.2; 0.0; 0.0;-12; 21.9;F;1;29;On;On;Off; 22.0; 21.7;0;0;588;0;588;0;403;0;-
2026/03/26;04:57:34;94;-; 52.37; 0.0;-; 11.2; 9.4; 0.0;-;-;1285;-0.2; 0.0; 0.0;-12; 21.8;F;1;29;On;On;Off; 22.0; 21.7;0;0;588;0;588;0;403;0;-
2026/03/26;04:58:34;94;-; 52.39; 0.0;-; 11.5; 9.6; 0.0;-;-;1285;-0.2; 0.0; 0.0;-12; 21.8;F;1;29;On;On;Off; 22.0; 21.7;0;0;588;0;588;0;403;0;-
2026/03/26;04:59:34;94;-; 52.39; 0.0;-; 11.7; 10.1; 0.0;-;-;1285;-0.2; 0.0; 0.0;-12; 21.8;F;1;29;On;On;Off; 22.0; 21.8;0;0;588;0;588;0;403;0;-
2026/03/26;05:00:34;94;-; 52.39; 0.0;-; 12.2; 10.4; 0.0;-;-;1285;-0.2; 0.0; 0.0;-12; 21.8;F;1;29;On;On;Off; 22.0; 21.7;0;0;588;0;588;0;403;0;-
2026/03/26;05:01:34;94;-; 52.39; 0.0;-; 12.7; 10.9; 0.0;-;-;1285;-0.2; 0.0; 0.0;-12; 21.8;F;1;29;On;On;Off; 22.0; 21.7;0;0;588;0;588;0;403;0;-
2026/03/26;05:02:34;94;-; 52.39; 0.0;-; 13.2; 11.4; 0.0;-;-;1285;-0.2; 0.0; 0.0;-12; 21.8;F;1;29;On;On;Off; 22.0; 21.8;0;0;588;0;588;0;403;0;-
2026/03/26;05:03:34;94;-; 52.37; 0.0;-; 13.6; 11.8; 0.0;-;-;1285;-0.2; 0.0; 0.0;-11; 21.8;F;1;29;On;On;Off; 22.0; 21.7;0;0;588;0;588;0;403;0;-
2026/03/26;05:04:34;94;-; 52.37; 0.0;-; 14.3; 12.5; 0.0;-;-;1285;-0.2; 0.0; 0.0;-12; 21.8;F;1;29;On;On;Off; 22.0; 21.7;0;0;588;0;588;0;403;0;-
2026/03/26;05:05:33;94;-; 52.37; 0.0;-; 14.9; 13.2; 0.0;-;-;1285;-0.2; 0.0; 0.0;-12; 21.8;F;1;29;On;On;Off; 22.0; 21.8;0;0;588;0;588;0;403;0;-
2026/03/26;05:06:33;94;-; 52.39; 0.0;-; 15.7; 13.9; 0.0;-;-;1285;-0.2; 0.0; 0.0;-12; 21.8;F;1;29;On;On;Off; 22.0; 21.7;0;0;588;0;588;0;403;0;-
2026/03/26;05:07:33;94;-; 52.39; 0.0;-; 16.4; 14.7; 0.0;-;-;1285;-0.2; 0.0; 0.0;-12; 21.8;F;1;29;On;On;Off; 22.0; 21.7;0;0;588;0;588;0;403;0;-
2026/03/26;05:08:33;94;-; 52.39; 0.0;-; 17.3; 15.4; 0.0;-;-;1285;-0.2; 0.0; 0.0;-12; 21.8;F;1;29;On;On;Off; 22.0; 21.7;0;0;588;0;588;0;403;0;-
2026/03/26;05:09:33;94;-; 52.39; 0.0;-; 18.2; 16.4; 0.0;-;-;1285;-0.2; 0.0; 0.0;-11; 21.8;F;1;29;On;On;Off; 22.0; 21.7;0;0;588;0;588;0;403;0;-
2026/03/26;05:10:33;94;-; 52.39; 0.0;-; 19.4; 17.6; 0.0;-;-;1285;-0.2; 0.0; 0.0;-11; 21.8;F;1;29;On;On;Off; 22.0; 21.8;0;0;588;0;588;0;403;0;-
2026/03/26;05:11:33;94;-; 52.39; 0.0;-; 20.5; 18.8; 0.0;-;-;1285;-0.2; 0.0; 0.0;-11; 21.8;F;1;29;On;On;Off; 22.0; 21.7;0;0;588;0;588;0;403;0;-
2026/03/26;05:12:33;94;-; 52.39; 0.0;-; 21.6; 20.0; 0.0;-;-;1285;-0.2; 0.0; 0.0;-11; 21.8;F;1;29;On;On;Off; 22.0; 21.7;0;0;588;0;588;0;403;0;-
2026/03/26;05:13:33;94;-; 52.37; 0.0;-; 23.0; 21.3; 0.0;-;-;1285;-0.2; 0.0; 0.0;-12; 21.8;F;1;29;On;On;Off; 22.0; 21.7;0;0;588;0;588;0;403;0;-
2026/03/26;05:14:33;94;-; 52.37; 0.0;-; 24.4; 22.7; 0.0;-;-;1285;-0.2; 0.0; 0.0;-12; 21.8;F;1;29;On;On;Off; 22.0; 21.7;0;0;588;0;588;0;403;0;-
2026/03/26;05:15:33;94;-; 52.39; 0.0;-; 25.9; 24.4; 0.0;-;-;1285;-0.2; 0.0; 0.0;-12; 21.8;F;1;29;On;On;Off; 22.0; 21.7;0;0;588;0;588;0;403;0;-
2026/03/26;05:16:33;94;-; 52.39; 0.0;-; 27.6; 25.8; 0.0;-;-;1285;-0.2; 0.0; 0.0;-12; 21.8;F;1;29;On;On;Off; 22.0; 21.7;0;0;588;0;588;0;403;0;-
2026/03/26;05:17:33;94;-; 52.37; 0.0;-; 29.1; 27.6; 0.0;-;-;1285;-0.2; 0.0; 0.0;-12; 21.8;F;1;29;On;On;Off; 22.0; 21.7;0;0;588;0;588;0;403;0;-
2026/03/26;05:18:33;94;-; 52.39; 0.0;-; 30.8; 29.4; 0.0;-;-;1285;-0.2; 0.0; 0.0;-12; 21.8;F;1;29;On;On;Off; 22.0; 21.7;0;0;588;0;588;0;403;0;-
2026/03/26;05:19:33;94;-; 52.39; 0.0;-; 32.5; 31.0; 0.0;-;-;1285;-0.2; 0.0; 0.0;-12; 21.8;F;1;29;On;On;Off; 22.0; 21.7;0;0;588;0;588;0;403;0;-
2026/03/26;05:20:33;94;-; 52.39; 0.0;-; 34.1; 32.5; 0.0;-;-;1285;-0.3; 0.0; 0.0;-12; 21.8;F;1;29;On;On;Off; 22.0; 21.7;0;0;588;0;588;0;403;0;-
2026/03/26;05:21:32;94;-; 52.39; 0.0;-; 35.8; 34.0; 0.0;-;-;1285;-0.2; 0.0; 0.0;-12; 21.8;F;1;29;On;On;Off; 22.0; 21.7;0;0;588;0;588;0;403;0;-
2026/03/26;05:22:32;94;-; 52.39; 0.0;-; 37.4; 35.7; 0.0;-;-;1285;-0.2; 0.0; 0.0;-12; 21.8;F;1;29;On;On;Off; 22.0; 21.7;0;0;588;0;588;0;403;0;-
2026/03/26;05:23:32;94;-; 52.39; 0.0;-; 39.0; 37.3; 0.0;-;-;1285;-0.2; 0.0; 0.0;-12; 21.8;F;1;29;On;On;Off; 22.0; 21.7;0;0;588;0;588;0;403;0;-
2026/03/26;05:24:32;94;-; 52.37; 0.0;-; 40.6; 38.8; 0.0;-;-;1285;-0.2; 0.0; 0.0;-12; 21.8;F;1;29;On;On;Off; 22.0; 21.7;0;0;588;0;588;0;403;0;-
2026/03/26;05:25:32;94;-; 52.37; 0.0;-; 42.1; 40.3; 0.0;-;-;1285;-0.2; 0.0; 0.0;-12; 21.8;F;1;29;On;On;Off; 22.0; 21.7;0;0;588;0;588;0;403;0;-
2026/03/26;05:26:32;94;-; 52.39; 0.0;-; 43.5; 41.8; 0.0;-;-;1285;-0.2; 0.0; 0.0;-12; 21.8;F;1;29;On;On;Off; 22.0; 21.7;0;0;588;0;588;0;403;0;-
2026/03/26;05:27:32;94;-; 52.39; 0.0;-; 44.7; 43.2; 0.0;-;-;1285;-0.2; 0.0; 0.0;-12; 21.8;F;1;29;On;On;Off; 22.0; 21.7;0;0;588;0;588;0;403;0;-
2026/03/26;05:28:32;94;-; 52.37; 0.0;-; 46.2; 44.5; 0.0;-;-;1285;-0.2; 0.0; 0.0;-12; 21.8;F;1;29;On;On;Off; 22.0; 21.7;0;0;588;0;588;0;403;0;-
2026/03/26;05:29:32;94;-; 52.37; 0.0;-; 47.3; 45.7; 0.0;-;-;1285;-0.2; 0.0; 0.0;-12; 21.8;F;1;29;On;On;Off; 21.9; 21.7;0;0;588;0;588;0;403;0;-
2026/03/26;05:30:32;94;-; 52.37; 0.0;-; 48.3; 47.1; 0.0;-;-;1285;-0.2; 0.0; 0.0;-12; 21.7;F;1;29;On;On;Off; 22.0; 21.7;0;0;588;0;588;0;403;0;-
2026/03/26;05:31:32;94;-; 52.37; 0.0;-; 49.4; 48.2; 0.0;-;-;1285;-0.2; 0.0; 0.0;-11; 21.7;F;1;29;On;On;Off; 22.0; 21.7;0;0;588;0;588;0;403;0;-
2026/03/26;05:32:32;94;-; 52.37; 0.0;-; 50.4; 49.2; 0.0;-;-;1285;-0.2; 0.0; 0.0;-12; 21.7;F;1;29;On;On;Off; 21.9; 21.7;0;0;588;0;588;0;403;0;-
2026/03/26;05:33:32;94;-; 52.37; 0.0;-; 51.2; 49.9; 0.0;-;-;1285;-0.2; 0.0; 0.0;-12; 21.7;F;1;29;On;On;Off; 21.9; 21.7;0;0;588;0;588;0;403;0;-
2026/03/26;05:34:32;94;-; 52.37; 0.0;-; 51.7; 50.7; 0.0;-;-;1285;-0.2; 0.0; 0.0;-12; 21.7;F;1;29;On;On;Off; 21.9; 21.7;0;0;588;0;588;0;403;0;-
2026/03/26;05:35:32;94;-; 52.37; 0.0;-; 52.3; 51.3; 0.0;-;-;1285;-0.2; 0.0; 0.0;-11; 21.7;F;1;29;On;On;Off; 21.9; 21.7;0;0;588;0;588;0;403;0;-
2026/03/26;05:36:32;94;-; 52.37; 0.0;-; 53.1; 52.2; 0.0;-;-;1285;-0.2; 0.0; 0.0;-12; 21.7;F;1;29;On;On;Off; 21.9; 21.7;0;0;588;0;588;0;403;0;-
2026/03/26;05:37:31;94;-; 52.37; 0.0;-; 53.9; 53.2; 0.0;-;-;1285;-0.3; 0.0; 0.0;-13; 21.7;F;1;29;On;On;Off; 21.9; 21.7;0;0;588;0;588;0;403;0;-
2026/03/26;05:38:31;94;-; 52.35; 0.0;-; 54.9; 54.1; 0.0;-;-;1285;-0.2; 0.0; 0.0;-12; 21.7;F;1;29;On;On;Off; 21.9; 21.7;0;0;588;0;588;0;403;0;-
2026/03/26;05:39:31;94;-; 52.37; 0.0;-; 55.6; 54.9; 0.0;-;-;1285;-0.2; 0.0; 0.0;-12; 21.7;F;1;29;On;On;Off; 21.9; 21.7;0;0;588;0;588;0;403;0;-
2026/03/26;05:40:31;94;-; 52.37; 0.0;-; 56.2; 55.5; 0.0;-;-;1285;-0.2; 0.0; 0.0;-12; 21.7;F;1;29;On;On;Off; 21.9; 21.7;0;0;588;0;588;0;403;0;-
2026/03/26;05:41:31;93;-; 52.37; 0.0;-; 56.8; 56.2; 0.0;-;-;1285;-0.3; 0.0; 0.0;-12; 21.7;F;1;29;On;On;Off; 21.9; 21.6;0;0;588;0;588;0;403;0;-
2026/03/26;05:42:31;93;-; 52.37; 0.0;-; 57.4; 56.8; 0.0;-;-;1285;-0.2; 0.0; 0.0;-12; 21.7;F;1;29;On;On;Off; 21.9; 21.7;0;0;588;0;588;0;403;0;-
2026/03/26;05:43:31;93;-; 52.37; 0.0;-; 58.1; 57.6; 0.0;-;-;1285;-0.3; 0.0; 0.0;-12; 21.7;F;1;29;On;On;Off; 21.9; 21.6;0;0;588;0;588;0;403;0;-
2026/03/26;05:44:31;93;-; 52.37; 0.0;-; 58.8; 58.3; 0.0;-;-;1285;-0.2; 0.0; 0.0;-12; 21.7;F;1;29;On;On;Off; 21.9; 21.6;0;0;588;0;588;0;403;0;-
2026/03/26;05:45:31;93;-; 52.35; 0.0;-; 59.4; 58.9; 0.0;-;-;1285;-0.2; 0.0; 0.0;-12; 21.7;F;1;29;On;On;Off; 21.9; 21.6;0;0;588;0;588;0;403;0;-
2026/03/26;05:46:31;93;-; 52.37; 0.0;-; 59.8; 59.5; 0.0;-;-;1285;-0.2; 0.0; 0.0;-12; 21.7;F;1;29;On;On;Off; 21.9; 21.6;0;0;588;0;588;0;403;0;-
2026/03/26;05:47:31;93;-; 52.37; 0.0;-; 60.2; 59.8; 0.0;-;-;1285;-0.2; 0.0; 0.0;-12; 21.7;F;1;29;On;On;Off; 21.9; 21.6;0;0;588;0;588;0;403;0;-
2026/03/26;05:48:31;93;-; 52.37; 0.0;-; 60.4; 60.1; 0.0;-;-;1285;-0.3; 0.0; 0.0;-12; 21.7;F;1;29;On;On;Off; 21.9; 21.6;0;0;588;0;588;0;403;0;-
2026/03/26;05:49:31;93;-; 52.37; 0.0;-; 60.9; 60.4; 0.0;-;-;1285;-0.2; 0.0; 0.0;-12; 21.7;F;1;29;On;On;Off; 21.9; 21.6;0;0;588;0;588;0;403;0;-
2026/03/26;05:50:31;93;-; 52.37; 0.0;-; 61.1; 60.8; 0.0;-;-;1286;-0.3; 0.0; 0.0;-13; 21.7;F;1;29;On;On;Off; 21.9; 21.6;0;0;588;0;588;0;403;0;-
2026/03/26;05:51:31;93;-; 52.37; 0.0;-; 61.4; 61.1; 0.0;-;-;1286;-0.2; 0.0; 0.0;-12; 21.7;F;1;29;On;On;Off; 21.9; 21.6;0;0;588;0;588;0;403;0;-
2026/03/26;05:52:31;93;-; 52.37; 0.0;-; 61.7; 61.3; 0.0;-;-;1286;-0.3; 0.0; 0.0;-13; 21.7;F;1;29;On;On;Off; 21.9; 21.6;0;0;588;0;588;0;403;0;-
2026/03/26;05:53:30;93;-; 52.37; 0.0;-; 62.0; 61.9; 0.0;-;-;1286;-0.3; 0.0; 0.0;-13; 21.7;F;1;29;On;On;Off; 21.9; 21.6;0;0;588;0;588;0;403;0;-
2026/03/26;05:54:30;93;-; 52.35; 0.0;-; 62.6; 62.1; 0.0;-;-;1286;-0.2; 0.0; 0.0;-12; 21.7;F;1;29;On;On;Off; 21.9; 21.6;0;0;588;0;588;0;403;0;-
2026/03/26;05:55:30;93;-; 52.37; 0.0;-; 62.8; 62.5; 0.0;-;-;1286;-0.2; 0.0; 0.0;-12; 21.7;F;1;29;On;On;Off; 21.9; 21.6;0;0;588;0;588;0;403;0;-
2026/03/26;05:56:30;93;-; 52.35; 0.0;-; 63.0; 62.6; 0.0;-;-;1286;-0.3; 0.0; 0.0;-12; 21.7;F;1;29;On;On;Off; 21.9; 21.6;0;0;588;0;588;0;403;0;-
2026/03/26;05:57:30;93;-; 52.37; 0.0;-; 63.2; 62.7; 0.0;-;-;1286;-0.2; 0.0; 0.0;-12; 21.7;F;1;29;On;On;Off; 21.9; 21.6;0;0;588;0;588;0;403;0;-
2026/03/26;05:58:30;93;-; 52.35; 0.0;-; 63.4; 63.0; 0.0;-;-;1286;-0.2; 0.0; 0.0;-12; 21.7;F;1;29;On;On;Off; 21.9; 21.6;0;0;588;0;588;0;403;0;-
2026/03/26;05:59:30;93;-; 52.37; 0.0;-; 63.7; 63.4; 0.0;-;-;1286;-0.2; 0.0; 0.0;-12; 21.7;F;1;29;On;On;Off; 21.9; 21.6;0;0;588;0;588;0;403;0;-
2026/03/26;06:00:30;93;-; 52.37; 0.0;-; 64.1; 63.9; 0.0;-;-;1286;-0.2; 0.0; 0.0;-12; 21.7;F;1;29;On;On;Off; 21.9; 21.6;0;0;588;0;588;0;403;0;-
2026/03/26;06:01:30;93;-; 52.37; 0.0;-; 64.5; 64.1; 0.0;-;-;1286;-0.2; 0.0; 0.0;-12; 21.7;F;1;29;On;On;Off; 21.9; 21.6;0;0;588;0;588;0;403;0;-
2026/03/26;06:02:30;93;-; 52.37; 0.0;-; 64.9; 64.6; 0.0;-;-;1286;-0.3; 0.0; 0.0;-13; 21.7;F;1;29;On;On;Off; 21.9; 21.6;0;0;588;0;588;0;403;0;-
2026/03/26;06:03:30;93;-; 52.37; 0.0;-; 65.2; 64.9; 0.0;-;-;1286;-0.3; 0.0; 0.0;-13; 21.7;F;1;29;On;On;Off; 21.9; 21.6;0;0;588;0;588;0;403;0;-
2026/03/26;06:04:30;93;-; 52.37; 0.0;-; 65.5; 65.3; 0.0;-;-;1286;-0.3; 0.0; 0.0;-13; 21.7;F;1;29;On;On;Off; 21.9; 21.6;0;0;588;0;588;0;403;0;-
2026/03/26;06:05:30;93;-; 52.37; 0.0;-; 65.9; 65.6; 0.0;-;-;1286;-0.3; 0.0; 0.0;-13; 21.7;F;1;29;On;On;Off; 21.9; 21.6;0;0;588;0;588;0;403;0;-
2026/03/26;06:06:30;93;-; 52.35; 0.0;-; 66.1; 65.8; 0.0;-;-;1286;-0.3; 0.0; 0.0;-13; 21.7;F;1;29;On;On;Off; 21.9; 21.6;0;0;588;0;588;0;403;0;-
2026/03/26;06:07:30;93;-; 52.37; 0.0;-; 66.3; 66.1; 0.0;-;-;1286;-0.3; 0.0; 0.0;-13; 21.7;F;1;29;On;On;Off; 21.9; 21.7;0;0;588;0;588;0;403;0;-
2026/03/26;06:08:30;93;-; 52.37; 0.0;-; 66.6; 66.3; 0.0;-;-;1286;-0.3; 0.0; 0.0;-13; 21.7;F;1;29;On;On;Off; 21.9; 21.6;0;0;588;0;588;0;403;0;-
2026/03/26;06:09:29;93;-; 52.37; 0.0;-; 66.9; 66.6; 0.0;-;-;1286;-0.3; 0.0; 0.0;-12; 21.7;F;1;29;On;On;Off; 21.9; 21.6;0;0;588;0;588;0;403;0;-
2026/03/26;06:10:29;93;-; 52.37; 0.0;-; 67.1; 66.8; 0.0;-;-;1286;-0.2; 0.0; 0.0;-12; 21.7;F;1;29;On;On;Off; 21.9; 21.6;0;0;588;0;588;0;403;0;-
2026/03/26;06:11:29;93;-; 52.37; 0.0;-; 67.2; 67.0; 0.0;-;-;1286;-0.2; 0.0; 0.0;-12; 21.7;F;1;29;On;On;Off; 21.9; 21.6;0;0;588;0;588;0;403;0;-
2026/03/26;06:12:29;93;-; 52.37; 0.0;-; 67.4; 67.1; 0.0;-;-;1286;-0.2; 0.0; 0.0;-12; 21.7;F;1;29;On;On;Off; 21.9; 21.6;0;0;588;0;588;0;403;0;-
2026/03/26;06:13:29;93;-; 52.37; 0.0;-; 67.5; 67.3; 0.0;-;-;1286;-0.2; 0.0; 0.0;-12; 21.7;F;1;29;On;On;Off; 21.9; 21.7;0;0;588;0;588;0;403;0;-
2026/03/26;06:14:29;93;-; 52.35; 0.0;-; 67.7; 67.4; 0.0;-;-;1286;-0.2; 0.0; 0.0;-12; 21.7;F;1;29;On;On;Off; 21.9; 21.6;0;0;588;0;588;0;403;0;-
2026/03/26;06:15:29;93;-; 52.37; 0.0;-; 67.8; 67.4; 0.0;-;-;1286;-0.3; 0.0; 0.0;-12; 21.7;F;1;29;On;On;Off; 21.9; 21.7;0;0;588;0;588;0;403;0;-
2026/03/26;06:16:29;93;-; 52.37; 0.0;-; 67.7; 67.5; 0.0;-;-;1286;-0.2; 0.0; 0.0;-12; 21.7;F;1;29;On;On;Off; 21.9; 21.7;0;0;588;0;588;0;403;1;-
2026/03/26;06:17:29;93;-; 52.39; 0.0;-; 68.0; 67.8; 0.0;-;-;1286;-0.2; 0.0; 0.0;-12; 21.8;F;1;29;On;On;Off; 21.9; 21.7;0;0;588;0;588;0;403;1;-
2026/03/26;06:18:29;93;-; 52.39; 0.0;-; 68.0; 68.0; 0.0;-;-;1286;-0.2; 0.0; 0.0;-12; 21.8;F;1;29;On;On;Off; 22.0; 21.7;0;0;588;0;588;0;403;1;-
2026/03/26;06:19:29;93;-; 52.37; 0.0;-; 68.3; 68.1; 0.0;-;-;1286;-0.2; 0.0; 0.0;-11; 21.8;F;1;29;On;On;Off; 22.0; 21.7;0;0;588;0;588;0;403;1;-
2026/03/26;06:20:29;93;-; 52.37; 0.0;-; 68.5; 68.3; 0.0;-;-;1286;-0.2; 0.0; 0.0;-11; 21.8;F;1;29;On;On;Off; 22.0; 21.7;0;0;588;0;588;0;403;1;-
2026/03/26;06:21:29;93;-; 52.39; 0.0;-; 68.7; 68.6; 0.0;-;-;1286;-0.2; 0.0; 0.0;-11; 21.8;F;1;29;On;On;Off; 22.0; 21.7;0;0;588;0;588;0;403;1;-
2026/03/26;06:22:29;93;-; 52.39; 0.0;-; 69.0; 68.9; 0.0;-;-;1286;-0.2; 0.0; 0.0;-11; 21.8;F;1;29;On;On;Off; 22.0; 21.7;0;0;588;0;588;0;403;1;-
2026/03/26;06:23:29;93;-; 52.39; 0.0;-; 69.2; 69.0; 0.0;-;-;1286;-0.2; 0.0; 0.0;-11; 21.8;F;1;29;On;On;Off; 22.0; 21.7;0;0;588;0;588;0;403;1;-
2026/03/26;06:24:29;93;-; 52.39; 0.0;-; 69.3; 69.2; 0.0;-;-;1286;-0.2; 0.0; 0.0;-12; 21.8;F;1;29;On;On;Off; 22.0; 21.7;0;0;588;0;588;0;403;1;-
2026/03/26;06:25:28;93;-; 52.37; 0.0;-; 69.3; 69.4; 0.0;-;-;1286;-0.2; 0.0; 0.0;-12; 21.8;F;1;29;On;On;Off; 22.0; 21.7;0;0;588;0;588;0;403;1;-
2026/03/26;06:26:28;93;-; 52.37; 0.0;-; 69.6; 69.4; 0.0;-;-;1286;-0.2; 0.0; 0.0;-11; 21.8;F;1;29;On;On;Off; 22.0; 21.7;0;0;588;0;588;0;403;1;-
2026/03/26;06:27:28;93;-; 52.31; 0.2;-; 68.2; 69.7; 8.4; 8.4;-;1286;-0.2; 0.1; 0.1;-10; 21.8;F;1;29;On;On;Off; 23.6; 21.8;0;0;588;0;588;0;403;1;-
2026/03/26;06:28:28;93;-; 52.28; 0.3;-; 68.1; 68.0; 18.2; 9.1; 9.1;1286;-0.1; 0.3; 0.3;-3; 21.8;F;1;29;On;On;Off; 24.4; 23.9;0;0;588;0;588;0;403;1;-
2026/03/26;06:29:28;93;-; 52.31; 0.0;-; 70.3; 70.2; 0.7; 0.7; 0.0;1286;-0.1; 0.2; 0.2;-5; 21.8;F;1;29;On;On;Off; 23.0; 23.5;0;0;588;0;588;0;403;1;-
2026/03/26;06:30:28;93;-; 52.31; 0.2;-; 68.2; 70.5; 11.2; 10.5; 0.7;1286;-0.2; 0.0; 0.0;-12; 21.8;F;1;29;On;On;Off; 23.4; 22.4;0;0;588;0;588;0;403;1;-
2026/03/26;06:31:28;93;-; 52.28; 0.4;-; 68.2; 68.0; 22.4; 11.2; 11.2;1286;-0.0; 0.3; 0.3;0; 21.8;F;1;29;On;On;Off; 24.7; 24.0;0;1;589;1;589;0;403;1;-
2026/03/26;06:32:28;93;-; 52.31; 0.2;-; 70.8; 68.1; 11.9; 0.0; 11.9;1286; 0.1; 0.4; 0.4;3; 21.8;F;1;29;On;On;Off; 23.7; 24.6;0;1;589;1;589;0;403;1;-
2026/03/26;06:33:28;93;-; 52.31; 0.0;-; 71.5; 71.3; 0.0; 0.0; 0.0;1286;-0.2; 0.1; 0.1;-9; 21.8;F;1;29;On;On;Off; 23.2; 22.9;0;1;589;1;589;0;403;1;-
2026/03/26;06:34:28;93;-; 52.33; 0.6;-; 68.3; 68.1; 32.3; 16.1; 16.1;1286;-0.1; 0.2; 0.2;-2; 21.8;F;1;29;On;On;Off; 24.9; 23.3;0;1;589;1;589;0;403;1;-
2026/03/26;06:35:28;93;-; 52.39; 0.2;-; 71.9; 70.1; 12.6; 0.7; 11.9;1286; 0.5; 0.6; 0.6;24; 21.8;F;1;29;On;On;Off; 25.0; 24.9;0;1;589;1;589;0;403;1;-
2026/03/26;06:36:28;93;-; 52.35; 0.0;-; 71.9; 71.6; 0.0; 0.0; 0.0;1286; 0.0; 0.2; 0.2;2; 21.8;F;1;29;On;On;Off; 23.7; 23.5;0;1;589;1;589;0;403;1;-
2026/03/26;06:37:28;93;-; 52.37; 0.3;-; 68.2; 71.5; 15.4; 15.4; 0.0;1286;-0.2; 0.1; 0.1;-9; 21.8;F;1;29;On;On;Off; 24.8; 23.0;0;1;589;1;589;0;403;1;-
2026/03/26;06:38:28;93;-; 52.37; 0.4;-; 70.2; 68.2; 22.5; 8.4; 14.1;1286; 0.2; 0.4; 0.4;11; 21.8;F;1;29;On;On;Off; 25.6; 25.0;0;1;589;1;589;0;403;1;-
2026/03/26;06:39:28;93;-; 52.35; 0.0;-; 70.8; 70.8; 0.7; 0.0; 0.7;1286; 0.1; 0.3; 0.3;4; 21.8;F;1;29;On;On;Off; 24.2; 25.0;0;1;589;1;589;0;403;1;-
2026/03/26;06:40:28;93;-; 52.35; 0.2;-; 68.3; 70.6; 12.6; 11.9; 0.7;1286;-0.2; 0.0; 0.0;-12; 21.8;F;1;29;On;On;Off; 24.0; 23.4;0;1;589;1;589;0;403;1;-
2026/03/26;06:41:27;93;-; 52.33; 0.4;-; 68.4; 68.2; 23.1; 11.2; 11.9;1286;-0.0; 0.3; 0.3;-2; 21.8;F;1;29;On;On;Off; 25.6; 24.8;0;1;589;1;589;0;403;1;-
2026/03/26;06:42:27;93;-; 52.33; 0.2;-; 70.6; 68.2; 11.2; 0.0; 11.2;1286; 0.1; 0.4; 0.4;4; 21.8;F;1;29;On;On;Off; 24.8; 25.5;0;1;589;1;589;0;403;1;-
2026/03/26;06:43:27;93;-; 52.33; 0.0;-; 70.8; 70.7; 0.7; 0.0; 0.7;1286;-0.2; 0.1; 0.1;-8; 21.8;F;1;29;On;On;Off; 24.1; 23.8;0;1;589;1;589;0;403;1;-
2026/03/26;06:44:27;93;-; 52.31; 0.4;-; 68.2; 68.0; 22.4; 11.2; 11.2;1286;-0.1; 0.1; 0.1;-7; 21.8;F;1;29;On;On;Off; 25.6; 23.7;0;1;589;1;589;0;403;1;-
2026/03/26;06:45:27;93;-; 52.31; 0.3;-; 70.9; 68.1; 13.3; 0.7; 12.6;1286; 0.1; 0.4; 0.4;6; 21.8;F;1;29;On;On;Off; 26.1; 25.6;0;1;589;1;589;0;403;1;-
2026/03/26;06:46:27;93;-; 52.31; 0.0;-; 70.9; 70.8; 0.7; 0.0; 0.7;1286;-0.1; 0.2; 0.2;-2; 21.8;F;1;29;On;On;Off; 24.5; 24.5;0;1;589;1;589;0;403;1;-
2026/03/26;06:47:27;93;-; 52.31; 0.2;-; 69.0; 70.9; 11.9; 11.9; 0.0;1286;-0.2; 0.1; 0.1;-11; 21.8;F;1;29;On;On;Off; 25.3; 23.8;0;1;589;1;589;0;403;1;-
2026/03/26;06:48:27;93;-; 52.31; 0.5;-; 68.2; 68.2; 25.3; 12.6; 12.6;1286; 0.1; 0.4; 0.4;4; 21.8;F;1;29;On;On;Off; 26.2; 25.6;0;1;589;1;589;0;403;1;-
2026/03/26;06:49:27;93;-; 52.33; 0.0;-; 71.2; 71.0; 0.0; 0.0; 0.0;1286; 0.1; 0.4; 0.4;6; 21.8;F;1;29;On;On;Off; 24.9; 25.9;0;1;589;1;589;0;403;1;-
2026/03/26;06:50:27;93;-; 52.30; 0.1;-; 71.4; 71.0; 4.9; 4.2; 0.7;1287;-0.2; 0.1; 0.1;-10; 21.8;F;1;29;On;On;Off; 24.4; 24.1;0;1;589;1;589;0;403;1;-
2026/03/26;06:51:27;93;-; 52.33; 0.5;-; 68.3; 68.0; 28.1; 14.0; 14.0;1287;-0.0; 0.2; 0.2;0; 21.8;F;1;29;On;On;Off; 26.2; 25.1;0;1;589;1;589;0;403;1;-
2026/03/26;06:52:27;93;-; 52.35; 0.3;-; 71.3; 68.1; 14.0; 0.0; 14.0;1287; 0.3; 0.5; 0.5;14; 21.8;F;1;29;On;On;Off; 25.6; 26.1;0;1;589;1;589;0;403;1;-
2026/03/26;06:53:27;93;-; 52.33; 0.0;-; 71.4; 71.3; 0.7; 0.0; 0.7;1287;-0.1; 0.2; 0.2;-4; 21.8;F;1;29;On;On;Off; 24.7; 24.4;0;1;589;1;589;0;403;1;-
2026/03/26;06:54:27;93;-; 52.35; 0.4;-; 68.3; 71.6; 20.3; 16.1; 4.2;1287;-0.1; 0.1; 0.1;-5; 21.8;F;1;29;On;On;Off; 26.1; 24.1;0;1;589;1;589;0;403;1;-
2026/03/26;06:55:27;93;-; 52.43; 0.6;-; 68.5; 68.2; 33.7; 16.9; 16.9;1287; 0.4; 0.5; 0.5;21; 21.8;F;1;29;On;On;Off; 26.6; 26.1;0;1;589;1;589;0;403;1;-
2026/03/26;06:56:27;93;-; 52.41; 0.0;-; 72.2; 72.1; 0.7; 0.0; 0.7;1287; 0.2; 0.4; 0.4;12; 21.8;F;1;29;On;On;Off; 25.0; 25.2;0;1;589;1;589;0;403;1;-
2026/03/26;06:57:26;93;-; 52.39; 0.3;-; 68.4; 72.1; 18.3; 18.3; 0.0;1287;-0.2; 0.0; 0.0;-12; 21.8;F;1;29;On;On;Off; 25.4; 24.3;0;1;589;1;589;0;403;1;-
2026/03/26;06:58:26;93;-; 52.51; 0.7;-; 68.5; 68.3; 36.6; 18.3; 18.3;1287; 0.4; 0.5; 0.5;18; 21.8;F;1;29;On;On;Off; 26.6; 25.9;0;1;589;1;589;0;403;1;-
2026/03/26;06:59:26;93;-; 52.57; 0.6;-; 69.4; 68.5; 33.8; 15.5; 18.3;1287; 0.7; 0.7; 0.7;33; 21.8;F;1;29;On;On;Off; 27.0; 26.4;0;1;589;1;589;0;403;1;-
2026/03/26;07:00:26;93;-; 52.57; 0.6;-; 69.3; 68.4; 32.4; 14.8; 17.6;1287; 0.6; 0.7; 0.7;31; 21.8;F;1;29;On;On;Off; 27.2; 26.7;0;1;589;1;589;0;403;1;-
2026/03/26;07:01:26;93;-; 52.63; 0.7;-; 68.7; 68.5; 36.7; 18.3; 18.3;1287; 0.6; 0.6; 0.6;29; 21.8;F;1;29;On;On;Off; 27.4; 26.8;0;1;589;1;589;0;403;1;-
2026/03/26;07:02:26;93;-; 52.67; 0.6;-; 68.7; 70.3; 33.9; 19.0; 14.8;1287; 0.7; 0.7; 0.7;35; 21.8;F;1;29;On;On;Off; 27.5; 27.0;0;1;589;1;589;0;403;1;-
2026/03/26;07:03:26;93;-; 52.75; 0.8;-; 68.9; 68.9; 40.3; 20.5; 19.8;1287; 0.7; 0.7; 0.7;38; 21.8;F;1;29;On;On;Off; 27.7; 27.2;0;1;589;1;589;0;403;1;-
2026/03/26;07:04:26;93;-; 52.85; 0.8;-; 68.9; 68.8; 44.6; 22.7; 22.0;1287; 0.8; 0.8; 0.8;43; 21.8;F;1;29;On;On;Off; 27.8; 27.3;0;1;589;1;589;0;403;1;-
2026/03/26;07:05:26;93;-; 52.93; 0.9;-; 69.0; 68.9; 45.4; 22.7; 22.7;1287; 1.0; 0.9; 0.9;51; 21.8;F;1;29;On;On;Off; 27.9; 27.4;0;1;589;1;589;0;403;1;-
2026/03/26;07:06:26;93;-; 53.01; 0.8;-; 69.2; 69.1; 44.1; 22.0; 22.0;1287; 1.0; 0.9; 0.9;51; 21.8;F;1;29;On;On;Off; 28.0; 27.5;0;1;589;1;589;0;403;1;-
2026/03/26;07:07:26;93;-; 53.03; 0.8;-; 69.1; 69.1; 40.5; 20.6; 19.9;1287; 0.9; 0.8; 0.8;46; 21.8;F;1;29;On;On;Off; 28.1; 27.6;0;1;589;1;589;0;403;1;-
2026/03/26;07:08:26;93;-; 53.04; 0.8;-; 69.3; 69.1; 41.2; 20.6; 20.6;1287; 0.8; 0.8; 0.8;41; 21.8;F;1;29;On;On;Off; 28.3; 27.7;0;1;589;1;589;0;403;1;-
2026/03/26;07:09:26;93;-; 53.06; 0.7;-; 69.3; 70.2; 38.4; 20.6; 17.8;1287; 0.8; 0.8; 0.8;42; 21.8;F;1;29;On;On;Off; 28.4; 27.8;0;1;589;1;589;0;403;1;-
2026/03/26;07:10:26;93;-; 53.10; 0.8;-; 69.4; 69.1; 41.3; 20.6; 20.6;1287; 0.8; 0.8; 0.8;41; 21.8;F;1;29;On;On;Off; 28.4; 27.9;0;1;589;1;589;0;403;1;-
2026/03/26;07:11:26;93;-; 53.14; 0.7;-; 70.4; 69.2; 37.8; 17.8; 20.0;1287; 0.8; 0.8; 0.8;42; 21.8;F;1;29;On;On;Off; 28.5; 28.0;0;1;589;1;589;0;403;1;-
2026/03/26;07:12:26;93;-; 53.14; 0.7;-; 69.4; 69.2; 39.2; 20.0; 19.2;1287; 0.7; 0.7; 0.7;39; 21.8;F;1;29;On;On;Off; 28.6; 28.1;0;1;589;1;589;0;403;1;-
2026/03/26;07:13:25;93;-; 53.12; 0.7;-; 69.4; 69.3; 38.4; 19.2; 19.2;1287; 0.7; 0.7; 0.7;36; 21.8;F;1;29;On;On;Off; 28.7; 28.2;0;1;589;1;589;0;403;1;-
2026/03/26;07:14:25;93;-; 53.18; 0.7;-; 69.4; 69.2; 39.2; 19.2; 20.0;1287; 0.7; 0.7; 0.7;37; 21.8;F;1;29;On;On;Off; 28.8; 28.3;0;1;589;1;589;0;403;1;-
2026/03/26;07:15:25;93;-; 53.20; 0.8;-; 69.5; 69.2; 40.0; 20.0; 20.0;1287; 0.8; 0.7; 0.7;39; 21.8;F;1;29;On;On;Off; 28.9; 28.3;0;1;589;1;589;0;403;1;-
2026/03/26;07:16:25;93;-; 53.24; 0.8;-; 69.4; 69.3; 41.4; 20.7; 20.7;1287; 0.8; 0.8; 0.8;41; 21.8;F;1;29;On;On;Off; 28.9; 28.4;0;1;589;1;589;0;403;1;-
2026/03/26;07:17:25;93;-; 53.30; 0.8;-; 69.5; 69.4; 42.2; 20.7; 21.5;1287; 0.8; 0.8; 0.8;43; 21.8;F;1;29;On;On;Off; 29.0; 28.5;0;1;589;1;589;0;403;1;-
2026/03/26;07:18:25;93;-; 53.36; 0.8;-; 69.5; 69.5; 43.7; 21.5; 22.2;1287; 0.9; 0.8; 0.8;45; 21.8;F;1;29;On;On;Off; 29.1; 28.6;0;1;589;1;589;0;403;1;-
2026/03/26;07:19:25;93;-; 53.40; 0.8;-; 69.6; 69.6; 43.7; 22.2; 21.5;1287; 0.9; 0.8; 0.8;48; 21.8;F;1;29;On;On;Off; 29.1; 28.6;0;1;589;1;589;0;403;1;-
2026/03/26;07:20:25;93;-; 53.52; 0.9;-; 69.9; 69.7; 50.3; 25.1; 25.1;1287; 1.0; 0.9; 0.9;50; 21.8;F;1;29;On;On;Off; 29.2; 28.7;0;1;589;1;589;0;403;1;-
2026/03/26;07:21:25;93;-; 53.60; 0.8;-; 70.0; 70.6; 45.3; 23.7; 21.6;1287; 1.1; 0.9; 0.9;60; 21.8;F;1;29;On;On;Off; 29.3; 28.8;0;1;589;1;589;0;403;1;-
2026/03/26;07:22:25;93;-; 53.72; 1.0;-; 70.2; 69.9; 51.8; 25.9; 25.9;1287; 1.1; 0.9; 0.9;56; 21.8;F;1;29;On;On;Off; 29.3; 28.8;0;1;589;1;589;0;403;1;-
2026/03/26;07:23:25;93;-; 54.09; 1.2;-; 70.6; 70.4; 66.0; 32.7; 33.4;1287; 1.3; 1.0; 1.0;70; 21.8;F;1;29;On;On;Off; 29.4; 28.9;0;1;589;1;589;0;403;1;-
2026/03/26;07:24:25;93;-; 54.19; 1.0;-; 71.8; 70.5; 55.3; 25.5; 29.8;1287; 1.7; 1.2; 1.2;90; 21.8;F;1;29;On;On;Off; 29.5; 28.9;0;1;589;1;589;0;403;1;-
2026/03/26;07:25:25;93;-; 54.37; 1.1;-; 71.0; 70.8; 62.0; 31.4; 30.6;1287; 1.4; 1.1; 1.1;75; 21.8;F;1;29;On;On;Off; 29.5; 29.0;0;1;589;1;589;0;403;1;-
2026/03/26;07:26:25;93;-; 54.56; 1.1;-; 71.1; 70.9; 61.4; 30.7; 30.7;1287; 1.5; 1.1; 1.1;81; 21.8;F;1;29;On;On;Off; 29.6; 29.1;0;1;589;1;589;0;403;1;-
2026/03/26;07:27:25;94;-; 55.02; 1.2;-; 71.7; 71.6; 67.9; 33.9; 33.9;1287; 1.6; 1.1; 1.1;84; 21.8;F;1;29;On;On;Off; 29.6; 29.1;0;1;589;1;589;0;403;1;-
2026/03/26;07:28:24;94;-; 55.89; 1.3;-; 72.9; 72.9; 70.4; 35.2; 35.2;1287; 1.7; 1.2; 1.2;94; 21.8;F;1;29;On;On;Off; 29.7; 29.2;0;1;589;1;589;0;403;1;-
2026/03/26;07:29:24;94;-; 56.08; 1.2;-; 73.4; 73.1; 66.2; 33.1; 33.1;1287; 1.7; 1.2; 1.2;93; 21.8;F;1;29;On;On;Off; 29.8; 29.3;0;1;589;1;589;0;403;1;-
2026/03/26;07:30:24;94;-; 56.34; 1.2;-; 73.5; 73.4; 67.3; 33.2; 34.0;1287; 1.6; 1.2; 1.2;87; 21.8;F;1;29;On;On;Off; 29.9; 29.3;0;1;589;1;589;0;403;1;-
2026/03/26;07:31:24;94;-; 56.52; 0.9;-; 73.8; 74.8; 51.5; 33.3; 18.2;1287; 1.6; 1.1; 1.1;87; 21.8;F;1;29;On;On;Off; 29.9; 29.4;0;1;589;1;589;0;403;1;-
2026/03/26;07:32:24;94;-; 56.44; 1.2;-; 73.7; 73.7; 66.6; 33.3; 33.3;1287; 1.5; 1.1; 1.1;82; 21.8;F;1;29;On;On;Off; 30.0; 29.5;0;1;589;1;589;0;403;1;-
2026/03/26;07:33:24;94;-; 56.46; 0.9;-; 74.9; 73.5; 48.5; 17.4; 31.0;1287; 1.4; 1.1; 1.1;78; 21.8;F;1;29;On;On;Off; 30.0; 29.5;0;1;589;1;589;0;403;1;-
2026/03/26;07:34:24;94;-; 56.44; 1.1;-; 73.6; 73.5; 63.5; 31.8; 31.8;1287; 1.4; 1.0; 1.0;76; 21.8;F;1;29;On;On;Off; 30.1; 29.6;0;1;589;1;589;0;403;1;-
2026/03/26;07:35:24;94;-; 56.54; 1.1;-; 74.4; 74.0; 62.2; 30.4; 31.8;1287; 1.4; 1.0; 1.0;75; 21.8;F;1;29;On;On;Off; 30.1; 29.6;0;1;589;1;589;0;403;1;-
2026/03/26;07:36:24;94;-; 56.50; 1.3;-; 73.8; 73.7; 72.7; 35.6; 37.1;1287; 1.3; 1.0; 1.0;73; 21.8;F;1;29;On;On;Off; 30.2; 29.7;0;1;589;1;589;0;403;1;-
2026/03/26;07:37:24;94;-; 56.50; 1.2;-; 73.7; 73.5; 65.2; 32.6; 32.6;1287; 1.3; 1.0; 1.0;70; 21.8;F;1;29;On;On;Off; 30.2; 29.7;0;1;589;1;589;0;403;1;-
2026/03/26;07:38:24;94;-; 56.46; 1.1;-; 73.7; 73.5; 59.8; 29.5; 30.3;1287; 1.2; 1.0; 1.0;69; 21.8;F;1;29;On;On;Off; 30.3; 29.7;0;1;589;1;589;0;403;1;-
2026/03/26;07:39:24;95;-; 56.50; 0.7;-; 75.0; 73.6; 40.2; 11.4; 28.8;1287; 1.2; 1.0; 1.0;67; 21.8;F;1;29;On;On;Off; 30.3; 29.8;0;1;589;1;589;0;403;1;-
2026/03/26;07:40:24;95;-; 56.46; 1.1;-; 73.7; 73.7; 62.1; 31.0; 31.0;1287; 1.2; 1.0; 1.0;66; 21.8;F;1;29;On;On;Off; 30.3; 29.8;0;1;589;1;589;0;403;1;-
2026/03/26;07:41:24;95;-; 56.56; 0.9;-; 75.3; 74.2; 53.1; 24.2; 28.8;1287; 1.2; 1.0; 1.0;65; 21.8;F;1;29;On;On;Off; 30.4; 29.9;0;1;589;1;589;0;403;1;-
2026/03/26;07:42:24;95;-; 56.56; 1.0;-; 74.7; 75.6; 55.4; 24.2; 31.1;1287; 1.1; 0.9; 0.9;63; 21.8;F;1;29;On;On;Off; 30.4; 29.9;0;1;589;1;589;0;403;1;-
2026/03/26;07:43:24;95;-; 56.56; 0.8;-; 76.6; 74.7; 47.8; 19.0; 28.8;1287; 1.1; 0.9; 0.9;63; 21.8;F;1;29;On;On;Off; 30.5; 30.0;0;1;589;1;589;0;403;1;-
2026/03/26;07:44:23;95;-; 56.54; 1.0;-; 73.9; 77.3; 57.7; 57.7; 0.0;1287; 1.1; 0.9; 0.9;62; 21.8;F;1;29;On;On;Off; 30.5; 30.0;0;1;589;1;589;0;403;1;-
2026/03/26;07:45:23;95;-; 56.54; 0.8;-; 76.8; 75.2; 46.3; 13.6; 32.6;1287; 1.1; 0.9; 0.9;61; 21.8;F;1;29;On;On;Off; 30.6; 30.1;0;1;589;1;589;0;403;1;-
2026/03/26;07:46:23;95;-; 56.56; 0.9;-; 77.1; 74.7; 51.6; 15.2; 36.4;1287; 1.1; 0.9; 0.9;60; 21.8;F;1;29;On;On;Off; 30.6; 30.1;0;1;589;1;589;0;403;1;-
2026/03/26;07:47:23;95;-; 56.56; 1.1;-; 75.0; 76.9; 60.7; 60.7; 0.0;1287; 1.1; 0.9; 0.9;59; 21.8;F;1;29;On;On;Off; 30.6; 30.1;0;1;589;1;589;0;403;1;-
2026/03/26;07:48:23;95;-; 56.56; 1.2;-; 74.2; 77.2; 66.8; 66.8; 0.0;1287; 1.1; 0.9; 0.9;58; 21.8;F;1;29;On;On;Off; 30.7; 30.2;0;1;589;1;589;1;404;1;-
2026/03/26;07:49:23;95;-; 56.56; 0.9;-; 76.6; 74.3; 51.6; 2.3; 49.3;1287; 1.1; 0.9; 0.9;58; 21.9;F;1;29;On;On;Off; 30.7; 30.2;0;1;589;1;589;1;404;1;-
2026/03/26;07:50:23;96;-; 56.54; 1.0;-; 74.0; 76.9; 53.9; 53.9; 0.0;1288; 1.0; 0.9; 0.9;57; 21.9;F;1;29;On;On;Off; 30.7; 30.2;0;1;589;1;589;1;404;1;-
2026/03/26;07:51:23;96;-; 56.54; 0.8;-; 76.9; 74.3; 47.7; 1.5; 46.3;1288; 1.0; 0.9; 0.9;57; 21.9;F;1;29;On;On;Off; 30.8; 30.3;0;1;589;1;589;1;404;1;-
2026/03/26;07:52:23;96;-; 56.54; 1.0;-; 73.9; 77.2; 57.7; 57.7; 0.0;1288; 1.0; 0.9; 0.9;56; 21.9;F;1;29;On;On;Off; 30.8; 30.3;0;1;589;1;589;1;404;1;-
2026/03/26;07:53:23;96;-; 56.56; 0.9;-; 74.1; 77.1; 48.5; 48.5; 0.0;1288; 1.0; 0.9; 0.9;56; 21.9;F;1;29;On;On;Off; 30.8; 30.3;0;1;589;1;589;1;404;1;-
2026/03/26;07:54:23;96;-; 56.56; 0.9;-; 76.4; 74.1; 49.3; 15.2; 34.2;1288; 1.0; 0.9; 0.9;55; 21.9;F;1;29;On;On;Off; 30.9; 30.4;0;1;589;1;589;1;404;1;-
2026/03/26;07:55:23;96;-; 56.56; 0.8;-; 76.3; 74.4; 46.3; 0.0; 46.3;1288; 1.0; 0.9; 0.9;54; 21.9;F;1;29;On;On;Off; 30.9; 30.4;0;1;589;1;589;1;404;1;-
2026/03/26;07:56:23;96;-; 56.54; 0.8;-; 76.1; 74.4; 45.5; 0.0; 45.5;1288; 1.0; 0.9; 0.9;54; 21.9;F;1;29;On;On;Off; 30.9; 30.4;0;1;589;1;589;1;404;1;-
2026/03/26;07:57:23;96;-; 56.56; 0.9;-; 73.8; 76.5; 50.1; 50.1; 0.0;1288; 1.0; 0.9; 0.9;54; 21.9;F;1;29;On;On;Off; 30.9; 30.4;0;2;590;2;590;1;404;1;-
2026/03/26;07:58:23;96;-; 56.54; 0.8;-; 75.8; 74.6; 46.2; 10.6; 35.6;1288; 1.0; 0.8; 0.8;53; 21.9;F;1;29;On;On;Off; 30.9; 30.4;0;2;590;2;590;1;404;1;-
2026/03/26;07:59:22;96;-; 56.54; 0.8;-; 76.8; 73.8; 44.7; 4.5; 40.2;1288; 1.0; 0.8; 0.8;53; 21.9;F;1;29;On;On;Off; 31.0; 30.5;0;2;590;2;590;1;404;1;-
2026/03/26;08:00:22;96;-; 56.54; 0.8;-; 76.1; 73.9; 43.9; 12.1; 31.8;1288; 1.0; 0.8; 0.8;52; 21.9;F;1;29;On;On;Off; 31.0; 30.5;0;2;590;2;590;1;404;1;-
2026/03/26;08:01:22;97;-; 56.54; 0.9;-; 74.7; 74.3; 49.3; 28.8; 20.4;1288; 1.0; 0.8; 0.8;53; 21.9;F;1;29;On;On;Off; 31.0; 30.5;0;2;590;2;590;1;404;1;-
2026/03/26;08:02:22;97;-; 56.54; 0.8;-; 74.1; 75.9; 44.0; 28.8; 15.2;1288; 0.9; 0.8; 0.8;52; 21.9;F;1;29;On;On;Off; 31.0; 30.5;0;2;590;2;590;1;404;1;-
2026/03/26;08:03:22;97;-; 56.54; 0.8;-; 74.3; 76.1; 47.0; 37.9; 9.1;1288; 0.9; 0.8; 0.8;52; 21.9;F;1;29;On;On;Off; 31.1; 30.5;0;2;590;2;590;1;404;1;-
2026/03/26;08:04:22;97;-; 56.56; 0.8;-; 76.0; 74.8; 47.7; 19.7; 28.0;1288; 0.9; 0.8; 0.8;51; 21.9;F;1;29;On;On;Off; 31.1; 30.5;0;2;590;2;590;1;404;1;-
2026/03/26;08:05:22;97;-; 56.56; 0.8;-; 76.8; 74.7; 44.0; 1.5; 42.5;1288; 0.9; 0.8; 0.8;51; 21.9;F;1;29;On;On;Off; 31.1; 30.6;0;2;590;2;590;1;404;1;-
2026/03/26;08:06:22;97;-; 56.56; 0.8;-; 76.4; 77.4; 47.0; 40.2; 6.8;1288; 0.9; 0.8; 0.8;50; 21.9;F;1;29;On;On;Off; 31.1; 30.6;0;2;590;2;590;1;404;1;-
2026/03/26;08:07:22;97;-; 56.56; 0.8;-; 76.2; 76.7; 47.0; 25.8; 21.2;1288; 0.9; 0.8; 0.8;50; 21.9;F;1;29;On;On;Off; 31.2; 30.6;0;2;590;2;590;1;404;1;-
2026/03/26;08:08:22;97;-; 56.54; 0.9;-; 76.0; 77.2; 50.1; 32.6; 17.5;1288; 0.9; 0.8; 0.8;50; 21.9;F;1;29;On;On;Off; 31.2; 30.7;0;2;590;2;590;1;404;1;-
2026/03/26;08:09:22;97;-; 56.54; 0.6;-; 77.0; 77.2; 36.4; 14.4; 22.0;1288; 0.9; 0.8; 0.8;49; 21.9;F;1;29;On;On;Off; 31.2; 30.7;0;2;590;2;590;1;404;1;-
2026/03/26;08:10:22;97;-; 56.56; 0.8;-; 76.7; 76.8; 45.5; 25.0; 20.5;1288; 0.9; 0.8; 0.8;49; 21.9;F;1;29;On;On;Off; 31.2; 30.7;0;2;590;2;590;1;404;1;-
2026/03/26;08:11:22;97;-; 56.56; 1.2;-; 75.6; 78.3; 67.5; 67.5; 0.0;1288; 0.9; 0.8; 0.8;48; 21.9;F;1;29;On;On;Off; 31.3; 30.7;0;2;590;2;590;1;404;1;-
2026/03/26;08:12:22;97;-; 56.56; 1.1;-; 76.6; 77.7; 63.0; 63.0; 0.0;1288; 0.9; 0.8; 0.8;49; 21.9;F;1;29;On;On;Off; 31.3; 30.8;0;2;590;2;590;1;404;1;-
2026/03/26;08:13:22;98;-; 56.56; 0.7;-; 76.7; 77.4; 42.4; 37.2; 5.3;1288; 0.9; 0.8; 0.8;48; 21.9;F;1;29;On;On;Off; 31.3; 30.8;0;2;590;2;590;1;404;1;-
2026/03/26;08:14:21;98;-; 56.56; 0.7;-; 78.1; 75.6; 42.4; 3.0; 39.4;1288; 0.9; 0.8; 0.8;48; 21.9;F;1;29;On;On;Off; 31.3; 30.8;0;2;590;2;590;1;404;1;-
2026/03/26;08:15:21;98;-; 56.54; 1.0;-; 76.1; 78.0; 59.2; 59.2; 0.0;1288; 0.9; 0.8; 0.8;48; 21.9;F;1;29;On;On;Off; 31.3; 30.8;0;2;590;2;590;1;404;1;-
2026/03/26;08:16:21;98;-; 56.56; 0.7;-; 77.0; 76.3; 41.7; 31.8; 9.9;1288; 0.9; 0.8; 0.8;48; 21.9;F;1;29;On;On;Off; 31.4; 30.8;0;2;590;2;590;1;404;1;-
2026/03/26;08:17:21;98;-; 56.56; 0.7;-; 76.5; 76.5; 41.0; 33.4; 7.6;1288; 0.9; 0.8; 0.8;48; 21.9;F;1;29;On;On;Off; 31.4; 30.8;0;2;590;2;590;1;404;1;-
2026/03/26;08:18:55;98;-; 56.56; 0.8;-; 76.9; 76.2; 42.5; 32.6; 9.9;1288; 0.9; 0.8; 0.8;48; 21.9;F;1;29;On;On;Off; 31.4; 30.8;0;2;590;2;590;1;404;1;-
2026/03/26;08:19:55;98;-; 56.56; 0.7;-; 77.7; 75.3; 41.7; 5.3; 36.4;1288; 0.9; 0.8; 0.8;47; 21.9;F;1;29;On;On;Off; 31.4; 30.9;0;2;590;2;590;1;404;1;-
2026/03/26;08:20:55;98;-; 56.56; 0.9;-; 76.5; 75.9; 50.1; 11.4; 38.7;1288; 0.9; 0.8; 0.8;47; 21.9;F;1;29;On;On;Off; 31.4; 30.9;0;2;590;2;590;1;404;1;-
2026/03/26;08:21:55;98;-; 56.56; 0.9;-; 75.6; 76.5; 52.4; 52.4; 0.0;1288; 0.9; 0.8; 0.8;47; 21.9;F;1;29;On;On;Off; 31.4; 30.9;0;2;590;2;590;1;404;1;-
2026/03/26;08:22:55;98;-; 56.56; 0.8;-; 76.6; 75.6; 46.3; 17.4; 28.8;1288; 0.9; 0.8; 0.8;47; 21.9;F;1;29;On;On;Off; 31.4; 30.9;0;2;590;2;590;1;404;1;-
2026/03/26;08:23:55;98;-; 56.56; 1.0;-; 74.4; 77.7; 56.9; 56.9; 0.0;1288; 0.9; 0.8; 0.8;47; 21.9;F;1;29;On;On;Off; 31.5; 30.9;0;2;590;2;590;1;404;1;-
2026/03/26;08:24:55;98;-; 56.56; 1.1;-; 78.0; 74.9; 63.7; 0.0; 63.7;1288; 0.9; 0.8; 0.8;47; 21.9;F;1;29;On;On;Off; 31.5; 31.0;0;2;590;2;590;1;404;1;-
2026/03/26;08:25:55;99;-; 56.56; 0.7;-; 77.9; 75.6; 39.4; 6.8; 32.6;1288; 0.9; 0.8; 0.8;48; 21.9;F;1;29;On;On;Off; 31.5; 31.0;0;2;590;2;590;1;404;1;-
2026/03/26;08:26:55;99;-; 56.56; 0.6;-; 78.1; 76.8; 36.4; 7.6; 28.8;1288; 0.9; 0.8; 0.8;47; 21.9;F;1;29;On;On;Off; 31.5; 31.0;0;2;590;2;590;1;404;1;-
2026/03/26;08:27:55;99;-; 56.56; 0.9;-; 76.1; 78.3; 52.4; 52.4; 0.0;1288; 0.9; 0.8; 0.8;47; 21.9;F;1;29;On;On;Off; 31.5; 31.0;0;2;590;2;590;1;404;1;-
2026/03/26;08:28:55;99;-; 56.56; 1.0;-; 78.0; 77.2; 53.9; 31.1; 22.8;1288; 0.8; 0.8; 0.8;46; 21.9;F;1;29;On;On;Off; 31.5; 31.1;0;2;590;2;590;1;404;1;-
2026/03/26;08:29:54;99;-; 56.56; 0.6;-; 76.9; 78.3; 34.8; 31.8; 3.0;1288; 0.9; 0.8; 0.8;47; 21.9;F;1;29;On;On;Off; 31.5; 31.1;0;2;590;2;590;1;404;1;-
2026/03/26;08:30:54;99;-; 56.56; 1.0;-; 76.7; 78.1; 56.9; 56.9; 0.0;1288; 0.8; 0.8; 0.8;46; 21.9;F;1;29;On;On;Off; 31.6; 31.1;0;2;590;2;590;1;404;1;-
2026/03/26;08:31:54;99;-; 56.56; 0.6;-; 77.7; 76.9; 34.9; 27.3; 7.6;1288; 0.8; 0.8; 0.8;46; 21.9;F;1;29;On;On;Off; 31.6; 31.1;0;2;590;2;590;1;404;1;-
2026/03/26;08:32:54;99;-; 56.54; 0.7;-; 77.3; 77.5; 40.2; 33.4; 6.8;1288; 0.8; 0.8; 0.8;46; 21.9;F;1;29;On;On;Off; 31.6; 31.1;0;2;590;2;590;1;404;1;-
2026/03/26;08:33:54;99;-; 56.56; 0.7;-; 78.8; 77.8; 39.4; 28.0; 11.4;1288; 0.8; 0.8; 0.8;46; 21.9;F;1;29;On;On;Off; 31.6; 31.1;0;2;590;2;590;1;404;1;-
2026/03/26;08:34:54;99;-; 56.58; 1.0;-; 78.6; 76.8; 59.2; 0.0; 59.2;1288; 0.8; 0.8; 0.8;45; 21.9;F;1;29;On;On;Off; 31.6; 31.1;0;2;590;2;590;1;404;1;-
2026/03/26;08:35:54;99;-; 56.56; 0.5;-; 77.4; 77.2; 30.3; 20.4; 9.9;1288; 0.8; 0.8; 0.8;45; 21.9;F;1;29;On;On;Off; 31.6; 31.1;0;2;590;2;590;1;404;1;-
2026/03/26;08:36:54;99;-; 56.56; 0.7;-; 77.2; 77.1; 38.6; 3.0; 35.6;1288; 0.8; 0.8; 0.8;45; 21.9;F;1;29;On;On;Off; 31.6; 31.1;0;2;590;2;590;1;404;1;-
2026/03/26;08:37:54;99;-; 56.56; 0.8;-; 77.4; 76.5; 44.0; 33.4; 10.6;1288; 0.8; 0.8; 0.8;45; 21.9;F;1;29;On;On;Off; 31.6; 31.1;0;2;590;2;590;1;404;1;-
2026/03/26;08:38:54;100;-; 56.54; 0.8;-; 76.2; 77.9; 47.0; 47.0; 0.0;1288; 0.8; 0.8; 0.8;45; 21.9;F;1;29;On;On;Off; 31.6; 31.1;0;2;590;2;590;1;404;1;-
2026/03/26;08:39:54;100;-; 56.56; 0.5;-; 77.4; 77.0; 31.1; 22.8; 8.3;1288; 0.8; 0.8; 0.8;45; 21.9;F;1;29;On;On;Off; 31.6; 31.2;0;2;590;2;590;1;404;1;-
2026/03/26;08:40:54;100;-; 56.56; 0.8;-; 75.8; 78.1; 46.3; 40.2; 6.1;1288; 0.8; 0.8; 0.8;45; 21.9;F;1;29;On;On;Off; 31.7; 31.2;0;2;590;2;590;1;404;1;-
2026/03/26;08:41:54;100;-; 56.56; 0.9;-; 76.1; 77.8; 52.4; 52.4; 0.0;1288; 0.8; 0.8; 0.8;45; 21.9;F;1;29;On;On;Off; 31.7; 31.2;0;2;590;2;590;1;404;1;-
2026/03/26;08:42:54;100;-; 56.56; 1.1;-; 76.3; 77.6; 62.2; 62.2; 0.0;1288; 0.8; 0.8; 0.8;45; 21.9;F;1;29;On;On;Off; 31.7; 31.2;0;2;590;2;590;1;404;1;-
2026/03/26;08:43:54;100;-; 56.56; 0.7;-; 76.4; 77.3; 39.4; 36.4; 3.0;1288; 0.8; 0.8; 0.8;45; 21.9;F;1;29;On;On;Off; 31.7; 31.2;0;2;590;2;590;1;404;1;-
2026/03/26;08:44:53;100;-; 56.56; 0.8;-; 75.8; 77.5; 45.5; 37.9; 7.6;1288; 0.8; 0.8; 0.8;46; 21.9;F;1;29;On;On;Off; 31.7; 31.2;0;2;590;2;590;1;404;1;-
2026/03/26;08:45:53;100;-; 56.56; 0.7;-; 77.6; 76.2; 41.8; 7.6; 34.2;1288; 0.8; 0.8; 0.8;46; 21.9;F;1;29;On;On;Off; 31.7; 31.2;0;2;590;2;590;1;404;1;-
2026/03/26;08:46:53;100;-; 56.56; 0.7;-; 77.3; 76.8; 38.7; 19.0; 19.7;1288; 0.8; 0.8; 0.8;45; 21.9;F;1;29;On;On;Off; 31.7; 31.2;0;2;590;2;590;1;404;1;-
2026/03/26;08:47:53;100;-; 56.56; 1.0;-; 76.4; 77.9; 59.2; 59.2; 0.0;1288; 0.8; 0.8; 0.8;45; 21.9;F;1;29;On;On;Off; 31.7; 31.2;0;2;590;2;590;1;404;1;-
2026/03/26;08:48:53;100;-; 56.56; 0.7;-; 78.1; 77.0; 41.7; 8.3; 33.4;1288; 0.8; 0.8; 0.8;45; 21.9;F;1;29;On;On;Off; 31.8; 31.2;0;2;590;2;590;1;404;1;-
2026/03/26;08:49:53;100;-; 56.56; 0.6;-; 78.1; 77.8; 36.4; 28.0; 8.3;1289; 0.8; 0.8; 0.8;45; 21.9;F;1;29;On;On;Off; 31.8; 31.3;0;2;590;2;590;1;404;1;-
2026/03/26;08:50:53;100;-; 56.56; 0.7;-; 78.4; 77.4; 39.4; 1.5; 38.0;1289; 0.8; 0.8; 0.8;44; 21.9;F;1;29;On;On;Off; 31.8; 31.3;0;2;590;2;590;1;404;1;-
2026/03/26;08:51:53;100;-; 56.56; 0.8;-; 78.1; 77.6; 44.0; 4.5; 39.4;1289; 0.8; 0.8; 0.8;44; 21.9;F;1;29;On;On;Off; 31.8; 31.3;0;2;590;2;590;1;404;1;-
2026/03/26;08:52:53;100;-; 56.54; 0.6;-; 77.2; 77.8; 33.4; 6.1; 27.3;1289; 0.8; 0.8; 0.8;44; 21.9;F;1;29;On;On;Off; 31.8; 31.3;0;2;590;2;590;1;404;1;-
2026/03/26;08:53:53;100;-; 56.54; 0.8;-; 75.9; 78.2; 44.7; 44.7; 0.0;1289; 0.8; 0.8; 0.8;44; 21.9;F;1;29;On;On;Off; 31.8; 31.3;0;2;590;2;590;1;404;1;-
2026/03/26;08:54:53;100;-; 56.56; 1.0;-; 78.4; 76.8; 53.9; 0.0; 53.9;1289; 0.8; 0.8; 0.8;44; 21.9;F;1;29;On;On;Off; 31.8; 31.3;0;2;590;2;590;1;404;1;-
2026/03/26;08:55:53;100;-; 56.56; 1.0;-; 78.5; 77.9; 56.9; 0.0; 56.9;1289; 0.8; 0.8; 0.8;43; 21.9;F;1;29;On;On;Off; 31.8; 31.3;0;2;590;2;590;1;404;1;-
2026/03/26;08:56:53;100;-; 56.56; 0.7;-; 77.9; 78.1; 39.4; 39.4; 0.0;1289; 0.8; 0.7; 0.7;43; 21.9;F;1;29;On;On;Off; 31.8; 31.3;0;2;590;2;590;1;404;1;-
2026/03/26;08:57:53;100;-; 56.58; 0.9;-; 78.2; 78.9; 48.6; 48.6; 0.0;1289; 0.8; 0.7; 0.7;43; 21.9;F;1;29;On;On;Off; 31.9; 31.4;0;2;590;2;590;1;404;1;-
2026/03/26;08:58:53;100;-; 56.56; 0.7;-; 78.8; 78.8; 37.2; 37.2; 0.0;1289; 0.8; 0.7; 0.7;43; 21.9;F;1;29;On;On;Off; 31.9; 31.4;0;2;590;2;590;1;404;1;-
2026/03/26;08:59:53;100;-; 56.56; 0.7;-; 78.3; 79.0; 38.7; 19.7; 19.0;1289; 0.8; 0.7; 0.7;43; 21.9;F;1;29;On;On;Off; 31.9; 31.4;0;2;590;2;590;1;404;1;-
2026/03/26;09:00:52;100;-; 56.56; 0.7;-; 79.1; 78.0; 40.2; 35.6; 4.5;1289; 0.8; 0.7; 0.7;43; 21.9;F;1;29;On;On;Off; 31.9; 31.4;0;2;590;2;590;1;404;1;-
2026/03/26;09:01:52;100;-; 56.58; 0.9;-; 79.1; 78.1; 49.3; 0.0; 49.3;1289; 0.8; 0.7; 0.7;43; 21.9;F;1;29;On;On;Off; 31.9; 31.4;0;2;590;2;590;1;404;1;-
2026/03/26;09:02:52;100;-; 56.58; 0.7;-; 79.0; 78.3; 41.8; 0.0; 41.8;1289; 0.8; 0.7; 0.7;43; 21.9;F;1;29;On;On;Off; 31.9; 31.4;0;2;590;2;590;1;404;1;-
2026/03/26;09:03:52;100;-; 56.56; 1.0;-; 79.1; 77.7; 59.2; 0.0; 59.2;1289; 0.8; 0.7; 0.7;43; 21.9;F;1;29;On;On;Off; 32.0; 31.4;0;2;590;2;590;2;405;1;-
2026/03/26;09:04:52;100;-; 56.56; 0.8;-; 78.8; 78.4; 43.2; 21.2; 22.0;1289; 0.8; 0.7; 0.7;43; 21.9;F;1;29;On;On;Off; 32.0; 31.5;0;2;590;2;590;2;405;1;-
2026/03/26;09:05:52;100;-; 56.56; 0.7;-; 78.2; 77.3; 39.4; 3.0; 36.4;1289; 0.8; 0.7; 0.7;43; 21.9;F;1;29;On;On;Off; 32.0; 31.5;0;2;590;2;590;2;405;1;-
2026/03/26;09:06:52;100;-; 56.56; 0.9;-; 78.1; 76.6; 48.6; 0.0; 48.6;1289; 0.8; 0.7; 0.7;43; 21.9;F;1;29;On;On;Off; 32.0; 31.5;0;2;590;2;590;2;405;1;-
2026/03/26;09:07:52;100;-; 56.56; 0.8;-; 78.0; 78.3; 42.5; 42.5; 0.0;1289; 0.8; 0.7; 0.7;43; 21.9;F;1;29;On;On;Off; 32.0; 31.5;0;2;590;2;590;2;405;1;-
2026/03/26;09:08:52;100;-; 56.58; 0.9;-; 79.4; 77.7; 49.3; 0.0; 49.3;1289; 0.8; 0.7; 0.7;43; 21.9;F;1;29;On;On;Off; 32.0; 31.5;0;2;590;2;590;2;405;1;-
2026/03/26;09:09:52;100;-; 56.56; 0.7;-; 79.4; 78.9; 38.0; 19.0; 19.0;1289; 0.8; 0.7; 0.7;43; 21.9;F;1;29;On;On;Off; 32.0; 31.5;0;2;590;2;590;2;405;1;-
2026/03/26;09:10:52;100;-; 56.56; 0.8;-; 78.7; 78.4; 43.2; 19.7; 23.5;1289; 0.8; 0.7; 0.7;42; 21.9;F;1;29;On;On;Off; 32.0; 31.6;0;2;590;2;590;2;405;1;-
2026/03/26;09:11:52;100;-; 56.56; 0.6;-; 79.1; 78.1; 31.8; 13.7; 18.2;1289; 0.8; 0.7; 0.7;42; 21.9;F;1;29;On;On;Off; 32.1; 31.6;0;2;590;2;590;2;405;1;-
2026/03/26;09:12:52;100;-; 56.58; 0.9;-; 79.2; 78.3; 51.6; 0.0; 51.6;1289; 0.8; 0.7; 0.7;42; 21.9;F;1;29;On;On;Off; 32.1; 31.6;0;2;590;2;590;2;405;1;-
2026/03/26;09:13:52;100;-; 56.58; 1.0;-; 79.4; 78.6; 58.4; 0.0; 58.4;1289; 0.8; 0.7; 0.7;42; 21.9;F;1;29;On;On;Off; 32.1; 31.6;0;2;590;2;590;2;405;1;-
2026/03/26;09:14:52;100;-; 56.56; 0.9;-; 79.5; 78.2; 53.1; 0.0; 53.1;1289; 0.7; 0.7; 0.7;41; 21.9;F;1;29;On;On;Off; 32.1; 31.6;0;3;591;3;591;2;405;1;-
2026/03/26;09:15:51;100;-; 56.56; 0.6;-; 78.4; 79.1; 36.4; 23.5; 12.9;1289; 0.8; 0.7; 0.7;42; 21.9;F;1;29;On;On;Off; 32.1; 31.6;0;3;591;3;591;2;405;1;-
2026/03/26;09:16:51;100;-; 56.56; 0.7;-; 79.1; 78.5; 37.9; 37.2; 0.7;1289; 0.8; 0.7; 0.7;42; 21.9;F;1;29;On;On;Off; 32.1; 31.6;0;3;591;3;591;2;405;1;-
2026/03/26;09:17:51;100;-; 56.56; 0.6;-; 79.2; 78.6; 34.8; 18.2; 16.7;1289; 0.8; 0.7; 0.7;41; 21.9;F;1;29;On;On;Off; 32.2; 31.6;0;3;591;3;591;2;405;1;-
2026/03/26;09:18:51;100;-; 56.54; 0.8;-; 78.6; 79.1; 44.0; 44.0; 0.0;1289; 0.8; 0.7; 0.7;41; 21.9;F;1;29;On;On;Off; 32.2; 31.6;0;3;591;3;591;2;405;1;-
2026/03/26;09:19:51;100;-; 56.58; 0.8;-; 79.2; 78.1; 43.2; 11.4; 31.8;1289; 0.8; 0.7; 0.7;41; 21.9;F;1;29;On;On;Off; 32.2; 31.7;0;3;591;3;591;2;405;1;-
2026/03/26;09:20:51;100;-; 56.58; 1.2;-; 78.1; 79.3; 69.1; 69.1; 0.0;1289; 0.7; 0.7; 0.7;41; 21.9;F;1;29;On;On;Off; 32.2; 31.7;0;3;591;3;591;2;405;1;-
2026/03/26;09:21:51;100;-; 56.56; 0.8;-; 78.7; 79.1; 44.7; 44.7; 0.0;1289; 0.8; 0.7; 0.7;41; 21.9;F;1;29;On;On;Off; 32.2; 31.7;0;3;591;3;591;2;405;1;-
2026/03/26;09:22:51;100;-; 56.56; 0.8;-; 79.1; 78.4; 45.6; 30.4; 15.2;1289; 0.8; 0.7; 0.7;41; 21.9;F;1;29;On;On;Off; 32.2; 31.7;0;3;591;3;591;2;405;1;-
2026/03/26;09:23:51;100;-; 56.58; 1.1;-; 78.2; 79.3; 63.0; 63.0; 0.0;1289; 0.8; 0.7; 0.7;42; 21.9;F;1;29;On;On;Off; 32.2; 31.7;0;3;591;3;591;2;405;1;-
2026/03/26;09:24:51;100;-; 56.56; 0.7;-; 79.3; 78.7; 40.9; 0.0; 40.9;1289; 0.8; 0.7; 0.7;42; 21.9;F;1;29;On;On;Off; 32.2; 31.7;0;3;591;3;591;2;405;1;-
2026/03/26;09:25:51;100;-; 56.58; 1.0;-; 78.2; 79.2; 55.4; 55.4; 0.0;1289; 0.7; 0.7; 0.7;41; 21.9;F;1;29;On;On;Off; 32.3; 31.7;0;3;591;3;591;2;405;1;-
2026/03/26;09:26:51;100;-; 56.56; 0.8;-; 79.2; 78.6; 46.3; 0.0; 46.3;1289; 0.7; 0.7; 0.7;41; 21.9;F;1;29;On;On;Off; 32.2; 31.8;0;3;591;3;591;2;405;1;-
2026/03/26;09:27:51;100;-; 56.56; 0.8;-; 79.1; 78.3; 43.2; 3.8; 39.4;1289; 0.7; 0.7; 0.7;41; 21.9;F;1;29;On;On;Off; 32.3; 31.8;0;3;591;3;591;2;405;1;-
2026/03/26;09:28:51;100;-; 56.56; 0.7;-; 78.7; 78.6; 40.2; 15.2; 25.0;1289; 0.8; 0.7; 0.7;41; 21.9;F;1;29;On;On;Off; 32.3; 31.8;0;3;591;3;591;2;405;1;-
2026/03/26;09:29:51;100;-; 56.58; 0.8;-; 79.1; 78.2; 47.0; 28.8; 18.2;1289; 0.7; 0.7; 0.7;41; 21.9;F;1;29;On;On;Off; 32.3; 31.8;0;3;591;3;591;2;405;1;-
2026/03/26;09:30:50;100;-; 56.58; 1.0;-; 78.1; 79.1; 56.9; 56.9; 0.0;1289; 0.7; 0.7; 0.7;40; 21.9;F;1;29;On;On;Off; 32.3; 31.8;0;3;591;3;591;2;405;1;-
2026/03/26;09:31:50;100;-; 56.58; 0.8;-; 78.1; 79.0; 43.2; 34.2; 9.1;1289; 0.7; 0.7; 0.7;40; 21.9;F;1;29;On;On;Off; 32.3; 31.8;0;3;591;3;591;2;405;1;-
2026/03/26;09:32:50;100;-; 56.58; 1.1;-; 79.1; 78.2; 60.7; 0.0; 60.7;1289; 0.7; 0.7; 0.7;40; 21.9;F;1;29;On;On;Off; 32.3; 31.8;0;3;591;3;591;2;405;1;-
2026/03/26;09:33:50;100;-; 56.56; 1.1;-; 78.6; 78.8; 59.9; 59.9; 0.0;1289; 0.7; 0.7; 0.7;40; 21.9;F;1;29;On;On;Off; 32.3; 31.8;0;3;591;3;591;2;405;1;-
2026/03/26;09:34:50;100;-; 56.56; 1.0;-; 79.1; 78.1; 55.4; 0.0; 55.4;1289; 0.7; 0.7; 0.7;40; 21.9;F;1;29;On;On;Off; 32.3; 31.8;0;3;591;3;591;2;405;1;-
2026/03/26;09:35:50;100;-; 56.56; 1.0;-; 79.2; 78.1; 56.1; 0.0; 56.1;1289; 0.7; 0.7; 0.7;41; 21.9;F;1;29;On;On;Off; 32.3; 31.8;0;3;591;3;591;2;405;1;-
2026/03/26;09:36:50;100;-; 56.56; 1.2;-; 78.0; 79.0; 68.3; 68.3; 0.0;1289; 0.7; 0.7; 0.7;40; 21.9;F;1;29;On;On;Off; 32.3; 31.8;0;3;591;3;591;2;405;1;-
2026/03/26;09:37:50;100;-; 56.56; 0.6;-; 79.0; 78.3; 33.4; 3.0; 30.4;1289; 0.7; 0.7; 0.7;41; 21.9;F;1;29;On;On;Off; 32.3; 31.9;0;3;591;3;591;2;405;1;-
2026/03/26;09:38:50;100;-; 56.56; 0.7;-; 78.6; 78.6; 38.7; 36.4; 2.3;1289; 0.7; 0.7; 0.7;40; 21.9;F;1;29;On;On;Off; 32.4; 31.8;0;3;591;3;591;2;405;1;-
2026/03/26;09:39:50;100;-; 56.56; 0.6;-; 79.0; 78.2; 34.1; 1.5; 32.6;1289; 0.7; 0.7; 0.7;41; 21.9;F;1;29;On;On;Off; 32.4; 31.9;0;3;591;3;591;2;405;1;-
2026/03/26;09:40:50;100;-; 56.58; 0.8;-; 78.0; 78.8; 43.2; 27.3; 15.9;1289; 0.8; 0.7; 0.7;41; 21.9;F;1;29;On;On;Off; 32.4; 31.9;0;3;591;3;591;2;405;1;-
2026/03/26;09:41:50;100;-; 56.56; 0.8;-; 78.0; 78.8; 42.5; 42.5; 0.0;1289; 0.7; 0.7; 0.7;40; 21.9;F;1;29;On;On;Off; 32.4; 31.9;0;3;591;3;591;2;405;1;-
2026/03/26;09:42:50;100;-; 56.58; 1.2;-; 79.1; 77.9; 68.3; 0.0; 68.3;1289; 0.7; 0.7; 0.7;40; 21.9;F;1;29;On;On;Off; 32.4; 31.9;0;3;591;3;591;2;405;1;-
2026/03/26;09:43:50;100;-; 56.56; 0.6;-; 79.0; 78.2; 35.6; 1.5; 34.2;1289; 0.7; 0.7; 0.7;40; 21.9;F;1;29;On;On;Off; 32.4; 31.9;0;3;591;3;591;2;405;1;-
2026/03/26;09:44:50;100;-; 56.58; 1.2;-; 78.4; 79.0; 67.5; 67.5; 0.0;1289; 0.7; 0.7; 0.7;40; 21.9;F;1;29;On;On;Off; 32.4; 31.9;0;3;591;3;591;2;405;1;-
2026/03/26;09:45:49;100;-; 56.56; 0.7;-; 78.6; 78.4; 39.4; 29.6; 9.9;1289; 0.7; 0.7; 0.7;40; 21.9;F;1;29;On;On;Off; 32.4; 31.9;0;3;591;3;591;2;405;1;-
2026/03/26;09:46:49;100;-; 56.56; 0.8;-; 78.7; 78.0; 47.0; 11.4; 35.6;1289; 0.7; 0.7; 0.7;40; 21.9;F;1;29;On;On;Off; 32.4; 31.9;0;3;591;3;591;2;405;1;-
2026/03/26;09:47:49;100;-; 56.56; 0.6;-; 78.5; 78.0; 34.9; 0.0; 34.9;1289; 0.7; 0.7; 0.7;40; 21.9;F;1;29;On;On;Off; 32.4; 31.9;0;3;591;3;591;2;405;1;-
2026/03/26;09:48:49;100;-; 51.88; 15.3;-; 68.4; 67.8; 793.7; 396.9; 396.9;1289; 0.8; 0.7; 0.7;42; 21.9;F;1;29;On;On;Off; 32.2; 31.7;0;3;591;3;591;2;405;1;-
2026/03/26;09:49:49;100;-; 50.07; 16.9;-; 66.0; 66.6; 846.6; 423.3; 423.3;1290; 15.4; 8.7; 8.7;825; 21.8;F;1;29;On;On;Off; 32.1; 31.6;0;3;591;3;591;2;405;1;-
2026/03/26;09:50:49;100;-; 49.73; 12.8;-; 66.8; 70.7; 636.7; 326.3; 310.4;1290; 32.1; 16.0; 16.0;1590; 21.8;F;1;29;On;On;Off; 32.1; 31.6;0;3;591;3;591;2;405;1;-
2026/03/26;09:51:49;100;-; 49.22; 0.0;-; 78.8; 78.8; 0.0;-;-;1290; 28.2; 14.0; 14.0;1381; 21.7;OFF;1;29;On;On;Off; 31.1; 30.6;0;4;592;4;592;3;406;1;-
2026/03/26;09:52:49;100;-; 49.26; 0.0;-; 79.0; 78.9; 0.0;-;-;1290; 10.8; 5.1; 5.1;526; 21.7;OFF;1;29;On;On;Off; 29.7; 29.3;0;4;592;4;592;3;406;1;-
2026/03/26;09:53:49;99;-; 49.28; 0.0;-; 79.2; 79.1; 0.0;-;-;1290;-0.2; 0.0; 0.0;-10; 21.7;OFF;1;29;On;On;Off; 29.1; 28.8;0;4;592;4;592;3;406;1;-
2026/03/26;09:54:49;99;-; 49.32; 0.0;-; 79.1; 79.0; 0.0;-;-;1290;-0.2; 0.0; 0.0;-10; 21.8;OFF;1;29;On;On;Off; 28.8; 28.4;0;4;592;4;592;3;406;1;-
2026/03/26;09:55:49;99;-; 49.32; 0.0;-; 79.2; 79.1; 0.0;-;-;1290;-0.2; 0.0; 0.0;-10; 21.8;OFF;1;29;On;On;Off; 28.5; 28.1;0;4;592;4;592;3;406;1;-
2026/03/26;09:56:49;99;-; 49.32; 0.0;-; 79.3; 79.1; 0.0;-;-;1290;-0.2; 0.0; 0.0;-10; 21.8;OFF;1;29;On;On;Off; 28.2; 27.9;0;4;592;4;592;3;406;1;-
2026/03/26;09:57:49;99;-; 49.32; 0.0;-; 79.4; 78.9; 0.0;-;-;1290;-0.2; 0.0; 0.0;-9; 21.8;OFF;1;29;On;On;Off; 27.9; 27.6;0;4;592;4;592;3;406;1;-
2026/03/26;09:58:49;99;-; 49.32; 0.0;-; 79.2; 79.1; 0.0;-;-;1290;-0.2; 0.0; 0.0;-9; 21.8;OFF;1;29;On;On;Off; 27.7; 27.4;0;4;592;4;592;3;406;1;-
2026/03/26;09:59:49;99;-; 49.34; 0.0;-; 79.3; 78.9; 0.0;-;-;1290;-0.2; 0.0; 0.0;-10; 21.8;OFF;1;29;On;On;Off; 27.5; 27.2;0;4;592;4;592;3;406;1;-
2026/03/26;10:00:48;99;-; 49.30; 0.0;-; 79.3; 79.1; 0.0;-;-;1290;-0.2; 0.0; 0.0;-9; 21.9;OFF;1;29;On;On;Off; 27.3; 27.0;0;4;592;4;592;3;406;1;-
2026/03/26;10:01:48;99;-; 49.30; 0.0;-; 79.3; 78.9; 0.0;-;-;1290;-0.2; 0.0; 0.0;-9; 21.9;OFF;1;29;On;On;Off; 27.1; 26.8;0;4;592;4;592;3;406;1;-
2026/03/26;10:02:48;99;-; 49.28; 0.0;-; 78.8; 78.5; 0.0;-;-;1290;-0.2; 0.0; 0.0;-9; 21.9;OFF;1;29;On;On;Off; 26.9; 26.6;0;4;592;4;592;3;406;1;-
2026/03/26;10:03:48;99;-; 49.28; 0.0;-; 78.7; 78.4; 0.0;-;-;1290;-0.2; 0.0; 0.0;-9; 21.9;OFF;1;29;On;On;Off; 26.7; 26.4;0;4;592;4;592;3;406;1;-
2026/03/26;10:04:48;99;-; 49.28; 0.0;-; 79.4; 78.8; 0.0;-;-;1290;-0.2; 0.0; 0.0;-9; 21.9;OFF;1;29;On;On;Off; 26.6; 26.3;0;4;592;4;592;3;406;1;-
2026/03/26;10:05:48;99;-; 49.26; 0.0;-; 79.4; 79.1; 0.0;-;-;1290;-0.2; 0.0; 0.0;-9; 22.0;OFF;1;29;On;On;Off; 26.4; 26.1;0;4;592;4;592;3;406;1;-
2026/03/26;10:06:48;98;-; 49.24; 0.0;-; 79.3; 78.9; 0.0;-;-;1290;-0.2; 0.0; 0.0;-9; 22.0;OFF;1;29;On;On;Off; 26.3; 26.0;0;4;592;4;592;3;406;1;-
2026/03/26;10:07:48;98;-; 49.24; 0.0;-; 79.1; 78.6; 0.0;-;-;1290;-0.2; 0.0; 0.0;-9; 22.0;OFF;1;29;On;On;Off; 26.1; 25.8;0;4;592;4;592;3;406;1;-
2026/03/26;10:08:48;98;-; 49.22; 0.0;-; 78.7; 78.4; 0.0;-;-;1290;-0.2; 0.0; 0.0;-9; 22.0;OFF;1;29;On;On;Off; 26.0; 25.7;0;4;592;4;592;3;406;1;-
2026/03/26;10:09:48;98;-; 49.22; 0.0;-; 79.2; 78.8; 0.0;-;-;1290;-0.2; 0.0; 0.0;-8; 22.0;OFF;1;29;On;On;Off; 25.9; 25.6;0;4;592;4;592;3;406;1;-
2026/03/26;10:10:48;98;-; 49.18; 0.0;-; 79.4; 78.8; 0.0;-;-;1290;-0.2; 0.0; 0.0;-9; 22.1;OFF;1;29;On;On;Off; 25.8; 25.5;0;4;592;4;592;3;406;1;-
2026/03/26;10:11:48;98;-; 49.12; 0.0;-; 79.6; 79.1; 0.0;-;-;1290;-0.2; 0.0; 0.0;-9; 22.1;OFF;1;29;On;On;Off; 25.6; 25.3;0;4;592;4;592;3;406;1;-
2026/03/26;10:12:48;98;-; 49.16; 0.0;-; 79.5; 79.2; 0.0;-;-;1290;-0.2; 0.0; 0.0;-9; 22.1;OFF;1;29;On;On;Off; 25.5; 25.2;0;4;592;4;592;3;406;1;-
2026/03/26;10:13:48;98;-; 49.12; 0.0;-; 79.4; 79.0; 0.0;-;-;1290;-0.2; 0.0; 0.0;-9; 22.1;OFF;1;29;On;On;Off; 25.4; 25.1;0;4;592;4;592;3;406;1;-
2026/03/26;10:14:48;98;-; 49.08; 0.0;-; 79.4; 78.9; 0.0;-;-;1290;-0.2; 0.0; 0.0;-9; 22.2;OFF;1;29;On;On;Off; 25.3; 25.0;0;4;592;4;592;3;406;1;-
2026/03/26;10:15:47;98;-; 49.12; 0.0;-; 79.6; 79.3; 0.0;-;-;1290;-0.2; 0.0; 0.0;-9; 22.2;OFF;1;29;On;On;Off; 25.2; 24.9;0;4;592;4;592;3;406;1;-
2026/03/26;10:16:47;98;-; 49.10; 0.0;-; 79.5; 79.0; 0.0;-;-;1290;-0.2; 0.0; 0.0;-9; 22.2;OFF;1;29;On;On;Off; 25.2; 24.9;0;4;592;4;592;3;406;1;-
2026/03/26;10:17:47;98;-; 49.35; 0.0;-; 79.3; 79.0; 0.0;-;-;1290;-0.2; 0.0; 0.0;-8; 22.2;OFF;1;29;On;On;Off; 25.1; 24.8;0;4;592;4;592;3;406;1;-
2026/03/26;10:18:47;97;-; 49.32; 0.0;-; 79.3; 78.9; 0.0;-;-;1290;-0.2; 0.0; 0.0;-8; 22.3;OFF;1;29;On;On;Off; 25.0; 24.7;0;4;592;4;592;3;406;1;-
2026/03/26;10:19:47;97;-; 49.22; 0.0;-; 79.3; 78.8; 0.0;-;-;1290;-0.2; 0.0; 0.0;-9; 22.3;OFF;1;29;On;On;Off; 24.9; 24.6;0;4;592;4;592;3;406;1;-
2026/03/26;10:20:47;97;-; 48.90; 0.0;-; 79.2; 78.8; 0.0;-;-;1290;-0.2; 0.0; 0.0;-9; 22.3;OFF;1;29;On;On;Off; 24.8; 24.6;0;4;592;4;592;3;406;1;-
2026/03/26;10:21:47;97;-; 48.86; 0.0;-; 79.1; 78.7; 0.0;-;-;1290;-0.2; 0.0; 0.0;-8; 22.3;OFF;1;29;On;On;Off; 24.8; 24.5;0;4;592;4;592;3;406;1;-
2026/03/26;10:22:47;97;-; 48.84; 0.0;-; 79.0; 78.7; 0.0;-;-;1290;-0.2; 0.0; 0.0;-8; 22.3;OFF;1;29;On;On;Off; 24.7; 24.4;0;4;592;4;592;3;406;1;-
2026/03/26;10:23:47;97;-; 48.80; 0.0;-; 79.0; 78.6; 0.0;-;-;1290;-0.2; 0.0; 0.0;-8; 22.3;OFF;1;29;On;On;Off; 24.6; 24.3;0;4;592;4;592;3;406;1;-
2026/03/26;10:24:47;97;-; 48.78; 0.0;-; 78.9; 78.6; 0.0;-;-;1290;-0.2; 0.0; 0.0;-7; 22.4;OFF;1;29;On;On;Off; 24.6; 24.3;0;4;592;4;592;3;406;1;-
2026/03/26;10:25:47;97;-; 48.74; 0.0;-; 78.9; 78.4; 0.0;-;-;1290;-0.2; 0.0; 0.0;-8; 22.4;OFF;1;29;On;On;Off; 24.5; 24.2;0;4;592;4;592;3;406;1;-
2026/03/26;10:26:47;97;-; 48.70; 0.0;-; 78.7; 78.3; 0.0;-;-;1290;-0.2; 0.0; 0.0;-8; 22.4;OFF;1;29;On;On;Off; 24.4; 24.1;0;4;592;4;592;3;406;1;-
2026/03/26;10:27:47;97;-; 48.68; 0.0;-; 78.7; 78.3; 0.0;-;-;1290;-0.2; 0.0; 0.0;-8; 22.4;OFF;1;29;On;On;Off; 24.4; 24.1;0;4;592;4;592;3;406;1;-
2026/03/26;10:28:47;97;-; 48.64; 0.0;-; 78.6; 78.3; 0.0;-;-;1290;-0.2; 0.0; 0.0;-8; 22.4;OFF;1;29;On;On;Off; 24.3; 24.0;0;4;592;4;592;3;406;1;-
2026/03/26;10:29:47;97;-; 48.60; 0.0;-; 78.7; 78.3; 0.0;-;-;1290;-0.2; 0.0; 0.0;-8; 22.4;OFF;1;29;On;On;Off; 24.3; 24.0;0;4;592;4;592;3;406;1;-
2026/03/26;10:30:47;96;-; 48.57; 0.0;-; 78.6; 78.2; 0.0;-;-;1290;-0.2; 0.0; 0.0;-8; 22.5;OFF;1;29;On;On;Off; 24.2; 23.9;0;4;592;4;592;3;406;1;-
2026/03/26;10:31:46;96;-; 48.55; 0.0;-; 78.6; 78.2; 0.0;-;-;1290;-0.2; 0.0; 0.0;-7; 22.5;OFF;1;29;On;On;Off; 24.2; 23.9;0;4;592;4;592;3;406;1;-
2026/03/26;10:32:46;96;-; 48.51; 0.0;-; 78.8; 78.4; 0.0;-;-;1290;-0.2; 0.0; 0.0;-7; 22.5;OFF;1;29;On;On;Off; 24.1; 23.8;0;4;592;4;592;3;406;1;-
2026/03/26;10:33:46;96;-; 48.47; 0.0;-; 78.6; 78.3; 0.0;-;-;1290;-0.2; 0.0; 0.0;-7; 22.5;OFF;1;29;On;On;Off; 24.1; 23.8;0;4;592;4;592;3;406;1;-
2026/03/26;10:34:46;96;-; 48.43; 0.0;-; 78.6; 78.4; 0.0;-;-;1290;-0.2; 0.0; 0.0;-7; 22.5;OFF;1;29;On;On;Off; 24.0; 23.8;0;4;592;4;592;3;406;1;-
2026/03/26;10:35:46;96;-; 48.41; 0.0;-; 78.7; 78.3; 0.0;-;-;1290;-0.2; 0.0; 0.0;-8; 22.5;OFF;1;29;On;On;Off; 24.0; 23.7;0;4;592;4;592;3;406;1;-
2026/03/26;10:36:46;96;-; 48.37; 0.0;-; 78.8; 78.4; 0.0;-;-;1290;-0.2; 0.0; 0.0;-8; 22.5;OFF;1;29;On;On;Off; 24.0; 23.7;0;4;592;4;592;3;406;1;-
2026/03/26;10:37:46;96;-; 48.33; 0.0;-; 78.7; 78.4; 0.0;-;-;1290;-0.2; 0.0; 0.0;-7; 22.5;OFF;1;29;On;On;Off; 23.9; 23.6;0;4;592;4;592;3;406;1;-
2026/03/26;10:38:46;96;-; 48.29; 0.0;-; 78.8; 78.3; 0.0;-;-;1290;-0.2; 0.0; 0.0;-7; 22.5;OFF;1;29;On;On;Off; 23.9; 23.6;0;4;592;4;592;3;406;1;-
2026/03/26;10:39:46;96;-; 48.27; 0.0;-; 78.7; 78.3; 0.0;-;-;1290;-0.2; 0.0; 0.0;-7; 22.6;OFF;1;29;On;On;Off; 23.8; 23.6;0;4;592;4;592;3;406;1;-
2026/03/26;10:40:46;96;-; 48.27; 0.0;-; 78.8; 78.3; 0.0;-;-;1290;-0.2; 0.0; 0.0;-8; 22.6;OFF;1;29;On;On;Off; 23.8; 23.5;0;4;592;4;592;3;406;1;-
2026/03/26;10:41:46;95;-; 48.19; 0.0;-; 78.7; 78.2; 0.0;-;-;1290;-0.2; 0.0; 0.0;-8; 22.6;OFF;1;29;On;On;Off; 23.8; 23.5;0;4;592;4;592;3;406;1;-
2026/03/26;10:42:46;95;-; 48.15; 0.0;-; 78.9; 78.4; 0.0;-;-;1290;-0.2; 0.0; 0.0;-7; 22.6;OFF;1;29;On;On;Off; 23.8; 23.5;0;4;592;4;592;3;406;1;-
2026/03/26;10:43:46;95;-; 48.15; 0.0;-; 79.0; 78.4; 0.0;-;-;1290;-0.2; 0.0; 0.0;-7; 22.6;OFF;1;29;On;On;Off; 23.7; 23.4;0;4;592;4;592;3;406;1;-
2026/03/26;10:44:46;95;-; 48.11; 0.0;-; 78.9; 78.6; 0.0;-;-;1290;-0.2; 0.0; 0.0;-7; 22.7;OFF;1;29;On;On;Off; 23.7; 23.4;0;4;592;4;592;3;406;1;-
2026/03/26;10:45:46;95;-; 48.11; 0.0;-; 79.0; 78.7; 0.0;-;-;1290;-0.2; 0.0; 0.0;-7; 22.7;OFF;1;29;On;On;Off; 23.7; 23.4;0;4;592;4;592;3;406;1;-
2026/03/26;10:46:46;95;-; 48.07; 0.0;-; 78.6; 78.2; 0.0;-;-;1290;-0.2; 0.0; 0.0;-7; 22.7;OFF;1;29;On;On;Off; 23.6; 23.4;0;4;592;4;592;3;406;1;-
2026/03/26;10:47:45;95;-; 47.97; 0.0;-; 78.8; 78.3; 0.0;-;-;1290;-0.2; 0.0; 0.0;-7; 22.7;OFF;1;29;On;On;Off; 23.6; 23.3;0;4;592;4;592;3;406;1;-
2026/03/26;10:48:45;95;-; 48.07; 0.0;-; 79.0; 78.6; 0.0;-;-;1290;-0.2; 0.0; 0.0;-7; 22.7;OFF;1;29;On;On;Off; 23.6; 23.3;0;4;592;4;592;3;406;1;-
2026/03/26;10:49:45;95;-; 47.99; 0.0;-; 79.0; 78.5; 0.0;-;-;1291;-0.2; 0.0; 0.0;-7; 22.7;OFF;1;29;On;On;Off; 23.6; 23.3;0;4;592;4;592;3;406;1;-
2026/03/26;10:50:45;95;-; 47.93; 0.0;-; 79.0; 78.6; 0.0;-;-;1291;-0.2; 0.0; 0.0;-8; 22.7;OFF;1;29;On;On;Off; 23.5; 23.3;0;4;592;4;592;3;406;1;-
2026/03/26;10:51:45;95;-; 48.11; 0.0;-; 78.9; 78.3; 0.0;-;-;1291;-0.2; 0.0; 0.0;-8; 22.7;OFF;1;29;On;On;Off; 23.5; 23.2;0;4;592;4;592;3;406;1;-
2026/03/26;10:52:45;94;-; 48.07; 0.0;-; 78.5; 78.0; 0.0;-;-;1291;-0.2; 0.0; 0.0;-7; 22.7;OFF;1;29;On;On;Off; 23.5; 23.2;0;4;592;4;592;3;406;1;-
2026/03/26;10:53:45;94;-; 47.72; 0.0;-; 78.7; 78.1; 0.0;-;-;1291;-0.2; 0.0; 0.0;-7; 22.8;OFF;1;29;On;On;Off; 23.5; 23.2;0;4;592;4;592;3;406;1;-
2026/03/26;10:54:45;94;-; 47.91; 0.0;-; 78.8; 78.3; 0.0;-;-;1291;-0.2; 0.0; 0.0;-7; 22.8;OFF;1;29;On;On;Off; 23.5; 23.2;0;4;592;4;592;3;406;1;-
2026/03/26;10:55:45;94;-; 47.95; 0.0;-; 78.8; 78.3; 0.0;-;-;1291;-0.2; 0.0; 0.0;-7; 22.8;OFF;1;29;On;On;Off; 23.4; 23.2;0;4;592;4;592;3;406;1;-
2026/03/26;10:56:45;94;-; 47.58; 0.0;-; 78.9; 78.3; 0.0;-;-;1291;-0.2; 0.0; 0.0;-7; 22.8;OFF;1;29;On;On;Off; 23.4; 23.1;0;4;592;4;592;3;406;1;-
2026/03/26;10:57:45;94;-; 47.54; 0.0;-; 78.7; 78.3; 0.0;-;-;1291;-0.2; 0.0; 0.0;-7; 22.8;OFF;1;29;On;On;Off; 23.4; 23.1;0;4;592;4;592;3;406;1;-
2026/03/26;10:58:45;94;-; 47.48; 0.0;-; 78.7; 78.1; 0.0;-;-;1291;-0.2; 0.0; 0.0;-7; 22.9;OFF;1;29;On;On;Off; 23.4; 23.1;0;4;592;4;592;3;406;1;-
2026/03/26;10:59:45;94;-; 47.46; 0.0;-; 78.3; 77.8; 0.0;-;-;1291;-0.2; 0.0; 0.0;-7; 22.9;OFF;1;29;On;On;Off; 23.4; 23.1;0;4;592;4;592;3;406;1;-
2026/03/26;11:00:45;94;-; 47.42; 0.0;-; 78.6; 78.2; 0.0;-;-;1291;-0.2; 0.0; 0.0;-7; 22.9;OFF;1;29;On;On;Off; 23.4; 23.1;0;4;592;4;592;3;406;1;-
2026/03/26;11:01:45;93;-; 47.36; 0.0;-; 78.5; 78.0; 0.0;-;-;1291;-0.2; 0.0; 0.0;-7; 22.9;OFF;1;29;On;On;Off; 23.4; 23.0;0;4;592;4;592;3;406;1;-
2026/03/26;11:02:44;93;-; 47.32; 0.0;-; 78.5; 78.1; 0.0;-;-;1291;-0.2; 0.0; 0.0;-7; 22.9;OFF;1;29;On;On;Off; 23.3; 23.0;0;4;592;4;592;3;406;1;-
2026/03/26;11:03:44;93;-; 47.28; 0.0;-; 78.4; 77.9; 0.0;-;-;1291;-0.2; 0.0; 0.0;-7; 22.9;OFF;1;29;On;On;Off; 23.3; 23.0;0;4;592;4;592;3;406;1;-
2026/03/26;11:04:44;93;-; 47.22; 0.0;-; 78.5; 77.9; 0.0;-;-;1291;-0.2; 0.0; 0.0;-7; 22.9;OFF;1;29;On;On;Off; 23.3; 23.0;0;4;592;4;592;3;406;1;-
2026/03/26;11:05:44;93;-; 47.18; 0.0;-; 78.7; 78.1; 0.0;-;-;1291;-0.2; 0.0; 0.0;-7; 22.9;OFF;1;29;On;On;Off; 23.3; 23.0;0;4;592;4;592;3;406;1;-
2026/03/26;11:06:44;93;-; 47.11; 0.0;-; 78.7; 78.1; 0.0;-;-;1291;-0.2; 0.0; 0.0;-7; 22.9;OFF;1;29;On;On;Off; 23.3; 23.0;0;4;592;4;592;3;406;1;-
2026/03/26;11:07:44;93;-; 47.09; 0.0;-; 78.7; 78.1; 0.0;-;-;1291;-0.2; 0.0; 0.0;-7; 22.9;OFF;1;29;On;On;Off; 23.3; 23.0;0;4;592;4;592;3;406;1;-
2026/03/26;11:08:44;93;-; 47.03; 0.0;-; 78.6; 78.1; 0.0;-;-;1291;-0.2; 0.0; 0.0;-7; 23.0;OFF;1;29;On;On;Off; 23.2; 23.0;0;4;592;4;592;3;406;1;-
2026/03/26;11:09:44;93;-; 46.97; 0.0;-; 78.6; 78.1; 0.0;-;-;1291;-0.2; 0.0; 0.0;-7; 23.0;OFF;1;29;On;On;Off; 23.2; 23.0;0;4;592;4;592;3;406;1;-
2026/03/26;11:10:44;92;-; 46.91; 0.0;-; 78.7; 78.1; 0.0;-;-;1291;-0.2; 0.0; 0.0;-7; 23.0;OFF;1;29;On;On;Off; 23.2; 22.9;0;4;592;4;592;3;406;1;-
2026/03/26;11:11:44;92;-; 46.87; 0.0;-; 78.5; 78.0; 0.0;-;-;1291;-0.1; 0.0; 0.0;-6; 23.0;OFF;1;29;On;On;Off; 23.2; 22.9;0;4;592;4;592;3;406;1;-
2026/03/26;11:12:44;92;-; 46.81; 0.0;-; 78.4; 78.0; 0.0;-;-;1291;-0.2; 0.0; 0.0;-7; 23.0;OFF;1;29;On;On;Off; 23.2; 22.9;0;4;592;4;592;3;406;1;-
2026/03/26;11:13:44;92;-; 46.77; 0.0;-; 78.5; 77.9; 0.0;-;-;1291;-0.2; 0.0; 0.0;-7; 23.0;OFF;1;29;On;On;Off; 23.2; 22.9;0;4;592;4;592;3;406;1;-
2026/03/26;11:14:44;92;-; 46.69; 0.0;-; 78.4; 77.9; 0.0;-;-;1291;-0.2; 0.0; 0.0;-7; 23.0;OFF;1;29;On;On;Off; 23.2; 22.9;0;4;592;4;592;3;406;1;-
2026/03/26;11:15:44;92;-; 46.67; 0.0;-; 78.5; 78.0; 0.0;-;-;1291;-0.2; 0.0; 0.0;-7; 23.0;OFF;1;29;On;On;Off; 23.2; 22.9;0;4;592;4;592;3;406;1;-
2026/03/26;11:16:44;92;-; 46.57; 0.0;-; 78.3; 77.9; 0.0;-;-;1291;-0.2; 0.0; 0.0;-6; 23.0;OFF;1;29;On;On;Off; 23.1; 22.9;0;4;592;4;592;3;406;1;-
2026/03/26;11:17:44;92;-; 46.57; 0.0;-; 78.4; 77.9; 0.0;-;-;1291;-0.2; 0.0; 0.0;-7; 23.0;OFF;1;29;On;On;Off; 23.1; 22.8;0;4;592;4;592;3;406;1;-
2026/03/26;11:18:43;91;-; 46.47; 0.0;-; 78.3; 77.9; 0.0;-;-;1291;-0.2; 0.0; 0.0;-7; 23.0;OFF;1;29;On;On;Off; 23.1; 22.8;0;4;592;4;592;3;406;1;-
2026/03/26;11:19:43;91;-; 46.47; 0.0;-; 78.3; 77.9; 0.0;-;-;1291;-0.1; 0.0; 0.0;-6; 23.0;OFF;1;29;On;On;Off; 23.1; 22.8;0;4;592;4;592;3;406;1;-
2026/03/26;11:20:43;91;-; 46.39; 0.0;-; 78.2; 77.7; 0.0;-;-;1291;-0.1; 0.0; 0.0;-6; 23.0;OFF;1;29;On;On;Off; 23.1; 22.8;0;4;592;4;592;3;406;1;-
2026/03/26;11:21:43;91;-; 46.32; 0.0;-; 78.3; 77.6; 0.0;-;-;1291;-0.2; 0.0; 0.0;-7; 23.0;OFF;1;29;On;On;Off; 23.1; 22.8;0;4;592;4;592;3;406;1;-
2026/03/26;11:22:43;91;-; 46.39; 0.0;-; 78.3; 77.7; 0.0;-;-;1291;-0.2; 0.0; 0.0;-7; 23.0;OFF;1;29;On;On;Off; 23.1; 22.8;0;4;592;4;592;3;406;1;-
2026/03/26;11:23:43;91;-; 46.26; 0.0;-; 78.3; 77.8; 0.0;-;-;1291;-0.2; 0.0; 0.0;-6; 23.0;OFF;1;29;On;On;Off; 23.0; 22.8;0;4;592;4;592;3;406;1;-
2026/03/26;11:24:43;91;-; 46.53; 0.0;-; 78.2; 77.8; 0.0;-;-;1291;-0.2; 0.0; 0.0;-6; 23.0;OFF;1;29;On;On;Off; 23.0; 22.8;0;4;592;4;592;3;406;1;-
2026/03/26;11:25:43;91;-; 46.43; 0.0;-; 78.3; 77.7; 0.0;-;-;1291;-0.2; 0.0; 0.0;-7; 23.0;OFF;1;29;On;On;Off; 23.0; 22.8;0;4;592;4;592;3;406;1;-
2026/03/26;11:26:43;90;-; 46.28; 0.0;-; 78.3; 77.8; 0.0;-;-;1291;-0.2; 0.0; 0.0;-7; 23.0;OFF;1;29;On;On;Off; 23.0; 22.8;0;4;592;4;592;3;406;1;-
2026/03/26;11:27:43;90;-; 45.92; 0.0;-; 78.2; 77.7; 0.0;-;-;1291;-0.2; 0.0; 0.0;-7; 23.1;OFF;1;29;On;On;Off; 23.0; 22.7;0;4;592;4;592;3;406;1;-
2026/03/26;11:28:43;90;-; 45.84; 0.0;-; 78.3; 77.7; 0.0;-;-;1291;-0.2; 0.0; 0.0;-7; 23.1;OFF;1;29;On;On;Off; 23.0; 22.7;0;4;592;4;592;3;406;1;-
2026/03/26;11:29:43;90;-; 46.04; 0.0;-; 78.3; 77.7; 0.0;-;-;1291;-0.2; 0.0; 0.0;-7; 23.1;OFF;1;29;On;On;Off; 23.0; 22.7;0;4;592;4;592;3;406;1;-
2026/03/26;11:30:43;90;-; 45.72; 0.0;-; 78.1; 77.7; 0.0;-;-;1291;-0.2; 0.0; 0.0;-7; 23.1;OFF;1;29;On;On;Off; 23.0; 22.7;0;4;592;4;592;3;406;1;-
2026/03/26;11:31:43;90;-; 45.64; 0.0;-; 78.1; 77.7; 0.0;-;-;1291;-0.2; 0.0; 0.0;-7; 23.1;OFF;1;29;On;On;Off; 23.0; 22.7;0;4;592;4;592;3;406;1;-
2026/03/26;11:32:43;90;-; 45.57; 0.0;-; 78.2; 77.7; 0.0;-;-;1291;-0.2; 0.0; 0.0;-7; 23.1;OFF;1;29;On;On;Off; 23.0; 22.7;0;4;592;4;592;3;406;1;-
2026/03/26;11:33:43;90;-; 45.51; 0.0;-; 78.2; 77.6; 0.0;-;-;1291;-0.2; 0.0; 0.0;-7; 23.1;OFF;1;29;On;On;Off; 23.0; 22.7;0;4;592;4;592;3;406;1;-
2026/03/26;11:34:42;89;-; 45.45; 0.0;-; 78.1; 77.6; 0.0;-;-;1291;-0.2; 0.0; 0.0;-7; 23.1;OFF;1;29;On;On;Off; 23.0; 22.7;0;4;592;4;592;3;406;1;-
2026/03/26;11:35:42;89;-; 45.37; 0.0;-; 78.1; 77.6; 0.0;-;-;1291;-0.2; 0.0; 0.0;-6; 23.1;OFF;1;29;On;On;Off; 22.9; 22.7;0;4;592;4;592;3;406;1;-
2026/03/26;11:36:42;89;-; 45.27; 0.0;-; 78.0; 77.5; 0.0;-;-;1291;-0.2; 0.0; 0.0;-7; 23.1;OFF;1;29;On;On;Off; 22.9; 22.7;0;4;592;4;592;3;406;1;-
2026/03/26;11:37:42;89;-; 45.19; 0.0;-; 78.0; 77.4; 0.0;-;-;1291;-0.2; 0.0; 0.0;-7; 23.1;OFF;1;29;On;On;Off; 22.9; 22.7;0;4;592;4;592;3;406;1;-
2026/03/26;11:38:42;89;-; 45.15; 0.0;-; 78.0; 77.5; 0.0;-;-;1291;-0.2; 0.0; 0.0;-7; 23.1;OFF;1;29;On;On;Off; 22.9; 22.6;0;4;592;4;592;3;406;1;-
2026/03/26;11:39:42;89;-; 45.03; 0.0;-; 78.0; 77.4; 0.0;-;-;1291;-0.2; 0.0; 0.0;-6; 23.1;OFF;1;29;On;On;Off; 22.9; 22.6;0;4;592;4;592;3;406;1;-
2026/03/26;11:40:42;88;-; 44.97; 0.0;-; 78.1; 77.4; 0.0;-;-;1291;-0.2; 0.0; 0.0;-7; 23.1;OFF;1;29;On;On;Off; 22.9; 22.6;0;4;592;4;592;3;406;1;-
2026/03/26;11:41:42;88;-; 44.86; 0.0;-; 78.2; 77.5; 0.0;-;-;1291;-0.2; 0.0; 0.0;-7; 23.1;OFF;1;29;On;On;Off; 22.9; 22.6;0;4;592;4;592;3;406;1;-
2026/03/26;11:42:42;88;-; 44.78; 0.0;-; 78.1; 77.6; 0.0;-;-;1291;-0.2; 0.0; 0.0;-7; 23.1;OFF;1;29;On;On;Off; 22.9; 22.6;0;4;592;4;592;3;406;1;-
2026/03/26;11:43:42;88;-; 44.72; 0.0;-; 78.0; 77.3; 0.0;-;-;1291;-0.2; 0.0; 0.0;-7; 23.1;OFF;1;29;On;On;Off; 22.9; 22.6;0;4;592;4;592;3;406;1;-
2026/03/26;11:44:42;88;-; 44.58; 0.0;-; 78.0; 77.5; 0.0;-;-;1291;-0.2; 0.0; 0.0;-6; 23.1;OFF;1;29;On;On;Off; 22.9; 22.6;0;4;592;4;592;3;406;1;-
2026/03/26;11:45:42;88;-; 44.54; 0.0;-; 78.1; 77.5; 0.0;-;-;1291;-0.2; 0.0; 0.0;-6; 23.1;OFF;1;29;On;On;Off; 22.9; 22.6;0;4;592;4;592;3;406;1;-
2026/03/26;11:46:42;88;-; 44.46; 0.0;-; 78.2; 77.5; 0.0;-;-;1291;-0.1; 0.0; 0.0;-6; 23.2;OFF;1;29;On;On;Off; 22.9; 22.6;0;4;592;4;592;3;406;1;-
2026/03/26;11:47:42;87;-; 44.88; 0.0;-; 78.2; 77.5; 0.0;-;-;1291;-0.2; 0.0; 0.0;-6; 23.2;OFF;1;29;On;On;Off; 22.9; 22.6;0;4;592;4;592;3;406;1;-
2026/03/26;11:48:42;87;-; 44.18; 0.0;-; 78.2; 77.5; 0.0;-;-;1291;-0.2; 0.0; 0.0;-6; 23.2;OFF;1;29;On;On;Off; 22.8; 22.6;0;4;592;4;592;3;406;1;-
2026/03/26;11:49:42;87;-; 44.01; 0.0;-; 78.1; 77.4; 0.0;-;-;1292;-0.2; 0.0; 0.0;-6; 23.2;OFF;1;29;On;On;Off; 22.8; 22.6;0;4;592;4;592;3;406;1;-
2026/03/26;11:50:41;87;-; 43.83; 0.0;-; 78.1; 77.6; 0.0;-;-;1292;-0.2; 0.0; 0.0;-7; 23.2;OFF;1;29;On;On;Off; 22.8; 22.6;0;4;592;4;592;3;406;1;-
2026/03/26;11:51:41;87;-; 43.65; 0.0;-; 78.2; 77.6; 0.0;-;-;1292;-0.2; 0.0; 0.0;-6; 23.2;OFF;1;29;On;On;Off; 22.8; 22.6;0;4;592;4;592;3;406;1;-
2026/03/26;11:52:41;87;-; 43.63; 0.0;-; 78.2; 77.6; 0.0;-;-;1292;-0.2; 0.0; 0.0;-6; 23.2;OFF;1;29;On;On;Off; 22.8; 22.5;0;4;592;4;592;3;406;1;-
2026/03/26;11:53:41;86;-; 43.16; 0.0;-; 78.2; 77.6; 0.0;-;-;1292;-0.2; 0.0; 0.0;-6; 23.2;OFF;1;29;On;On;Off; 22.8; 22.5;0;4;592;4;592;3;406;1;-
2026/03/26;11:54:41;86;-; 42.88; 0.0;-; 78.2; 77.7; 0.0;-;-;1292;-0.2; 0.0; 0.0;-6; 23.3;OFF;1;29;On;On;Off; 22.8; 22.5;0;4;592;4;592;3;406;1;-
2026/03/26;11:55:41;86;-; 42.35; 0.0;-; 78.2; 77.7; 0.0;-;-;1292;-0.1; 0.0; 0.0;-6; 23.3;OFF;1;29;On;On;Off; 22.8; 22.5;0;4;592;4;592;3;406;1;-
2026/03/26;11:56:41;86;-; 45.27; 0.0;-; 78.3; 77.7; 0.0;-;-;1292;-0.2; 0.0; 0.0;-6; 23.3;OFF;1;29;On;On;Off; 22.8; 22.5;0;4;592;4;592;3;406;1;-
2026/03/26;11:57:41;86;-; 45.55; 0.0;-; 78.2; 77.8; 0.0;-;-;1292;-0.2; 0.0; 0.0;-7; 23.3;OFF;1;29;On;On;Off; 22.8; 22.5;0;4;592;4;592;3;406;1;-
2026/03/26;11:58:41;85;-; 45.72; 0.0;-; 78.2; 77.6; 0.0;-;-;1292;-0.2; 0.0; 0.0;-7; 23.3;OFF;1;29;On;On;Off; 22.8; 22.5;0;4;592;4;592;3;406;1;-
2026/03/26;11:59:41;85;-; 45.84; 0.0;-; 78.1; 77.6; 0.0;-;-;1292;-0.2; 0.0; 0.0;-7; 23.3;OFF;1;29;On;On;Off; 22.8; 22.5;0;4;592;4;592;3;406;1;-
2026/03/26;12:00:41;85;-; 45.94; 0.0;-; 78.2; 77.5; 0.0;-;-;1292;-0.2; 0.0; 0.0;-8; 23.2;OFF;1;29;On;On;Off; 22.8; 22.5;0;4;592;4;592;3;406;1;-
2026/03/26;12:01:41;85;-; 46.02; 0.0;-; 77.9; 77.4; 0.0;-;-;1292;-0.2; 0.0; 0.0;-8; 23.2;OFF;1;29;On;On;Off; 22.8; 22.5;0;4;592;4;592;3;406;1;-
2026/03/26;12:02:41;85;-; 46.10; 0.0;-; 77.9; 77.4; 0.0;-;-;1292;-0.2; 0.0; 0.0;-8; 23.2;OFF;1;29;On;On;Off; 22.7; 22.5;0;4;592;4;592;3;406;1;-
2026/03/26;12:03:41;85;-; 48.49; 31.9;-; 63.1; 62.8; 1551.3; 768.5; 782.8;1292;-0.2; 0.0; 0.0;-8; 23.2;F;1;29;On;On;Off; 24.0; 23.5;0;4;592;4;592;3;406;1;-
2026/03/26;12:04:41;85;-; 48.80; 31.9;-; 64.0; 63.8; 1561.4; 774.2; 787.3;1292; 26.4; 14.6; 14.6;1226; 23.2;F;1;29;On;On;Off; 26.1; 25.6;0;4;592;4;592;3;406;1;-
2026/03/26;12:05:40;86;-; 47.03; 33.1;-; 62.7; 65.0; 1559.7; 773.2; 786.5;1292; 64.5; 31.8; 31.8;3106; 23.2;F;1;29;On;On;Off; 26.9; 26.4;0;4;592;4;592;4;407;1;-
2026/03/26;12:06:40;86;-; 46.67; 33.3;-; 61.8; 63.8; 1559.2; 766.1; 793.1;1292; 65.7; 32.4; 32.4;3115; 23.2;F;1;29;On;On;Off; 27.6; 27.0;0;5;593;5;593;4;407;1;-
2026/03/26;12:07:40;87;-; 46.55; 33.3;-; 62.8; 66.3; 1555.3; 776.1; 779.2;1292; 67.5; 33.2; 33.2;3109; 23.2;F;1;29;On;On;Off; 28.1; 27.5;0;6;594;6;594;5;408;1;-
2026/03/26;12:08:40;87;-; 46.49; 33.9;-; 64.0; 65.1; 1578.3; 783.9; 794.4;1292; 67.8; 33.3; 33.3;3112; 23.2;F;1;29;On;On;Off; 28.6; 28.0;0;6;594;6;594;5;408;1;-
2026/03/26;12:09:40;88;-; 46.47; 33.8;-; 63.5; 65.0; 1575.1; 779.7; 795.4;1292; 68.1; 33.5; 33.5;3124; 23.3;F;1;29;On;On;Off; 29.0; 28.4;0;7;595;7;595;6;409;1;-
2026/03/26;12:10:40;88;-; 46.47; 34.1;-; 63.9; 63.8; 1590.7; 787.9; 802.9;1292; 68.4; 33.6; 33.6;3133; 23.3;F;1;29;On;On;Off; 29.4; 28.8;0;7;595;7;595;6;409;1;-
2026/03/26;12:11:40;89;-; 46.43; 34.0;-; 62.6; 64.9; 1582.5; 782.2; 800.3;1292; 68.6; 33.7; 33.7;3141; 23.3;F;1;29;On;On;Off; 29.8; 29.2;0;8;596;8;596;7;410;1;-
2026/03/26;12:12:40;89;-; 46.43; 34.3;-; 63.6; 63.8; 1597.5; 791.6; 805.9;1292; 68.8; 33.8; 33.8;3146; 23.3;F;1;29;On;On;Off; 30.2; 29.5;0;8;596;8;596;7;410;1;-
2026/03/26;12:13:40;90;-; 46.37; 34.0;-; 62.9; 61.8; 1583.0; 785.6; 797.4;1292; 68.9; 33.9; 33.9;3153; 23.3;F;1;29;On;On;Off; 30.5; 29.9;0;9;597;9;597;8;411;1;-
2026/03/26;12:14:40;90;-; 46.41; 34.4;-; 62.6; 64.2; 1599.3; 789.7; 809.6;1292; 69.2; 34.0; 34.0;3164; 23.3;F;1;29;On;On;Off; 30.8; 30.2;0;9;597;9;597;9;412;1;-
2026/03/26;12:15:40;91;-; 46.37; 33.7;-; 62.5; 60.7; 1566.1; 784.0; 782.1;1292; 69.3; 34.1; 34.1;3168; 23.3;F;1;29;On;On;Off; 31.2; 30.5;0;10;598;10;598;9;412;1;-
2026/03/26;12:16:40;91;-; 46.32; 33.8;-; 61.5; 61.7; 1568.6; 771.5; 797.0;1292; 69.3; 34.1; 34.1;3167; 23.3;F;1;29;On;On;Off; 31.5; 30.8;0;11;599;11;599;10;413;1;-
2026/03/26;12:17:40;92;-; 46.34; 33.7;-; 61.7; 60.6; 1567.3; 783.7; 783.7;1292; 69.3; 34.1; 34.1;3167; 23.3;F;1;29;On;On;Off; 31.8; 31.1;0;11;599;11;599;10;413;1;-
2026/03/26;12:18:40;92;-; 46.32; 33.9;-; 61.4; 62.1; 1574.8; 774.7; 800.2;1292; 69.5; 34.2; 34.2;3172; 23.3;F;1;29;On;On;Off; 32.1; 31.4;0;12;600;12;600;11;414;1;-
2026/03/26;12:19:40;93;-; 46.37; 34.0;-; 61.5; 61.8; 1582.4; 781.5; 800.8;1292; 69.6; 34.2; 34.2;3176; 23.3;F;1;29;On;On;Off; 32.3; 31.7;0;12;600;12;600;11;414;1;-
2026/03/26;12:20:40;94;-; 48.92; 32.9;-; 63.8; 65.0; 1614.5; 800.7; 813.8;1292; 69.7; 34.3; 34.3;3182; 23.3;F;1;29;On;On;Off; 32.6; 31.9;0;13;601;13;601;12;415;1;-
2026/03/26;12:21:39;94;-; 46.83; 0.0;-; 78.5; 78.2; 0.0;-;-;1292; 68.6; 33.7; 33.7;3205; 23.3;OFF;1;29;On;On;Off; 30.1; 29.6;0;13;601;13;601;13;416;1;-
2026/03/26;12:22:39;94;-; 46.75; 0.0;-; 78.2; 77.9; 0.0;-;-;1292; 5.0; 0.6; 0.6;229; 23.4;OFF;1;29;On;On;Off; 29.1; 28.7;0;13;601;13;601;13;416;1;-
2026/03/26;12:23:39;94;-; 46.75; 0.0;-; 78.1; 77.7; 0.0;-;-;1292;-0.2; 0.0; 0.0;-8; 23.4;OFF;1;29;On;On;Off; 28.7; 28.3;0;13;601;13;601;13;416;1;-
2026/03/26;12:24:39;94;-; 46.75; 0.0;-; 78.1; 77.6; 0.0;-;-;1292;-0.2; 0.0; 0.0;-8; 23.5;OFF;1;29;On;On;Off; 28.4; 28.0;0;13;601;13;601;13;416;1;-
2026/03/26;12:25:39;94;-; 46.69; 0.0;-; 78.1; 77.6; 0.0;-;-;1292;-0.2; 0.0; 0.0;-8; 23.5;OFF;1;29;On;On;Off; 28.1; 27.8;0;13;601;13;601;13;416;1;-
2026/03/26;12:26:39;94;-; 49.43; 32.5;-; 64.3; 64.2; 1611.5; 800.8; 810.7;1292;-0.2; 0.0; 0.0;-7; 23.6;F;1;29;On;On;Off; 29.5; 29.0;0;13;601;13;601;13;416;1;-
2026/03/26;12:27:39;94;-; 49.89; 32.3;-; 65.1; 64.6; 1613.5; 802.0; 811.4;1292; 31.9; 17.2; 17.2;1508; 23.6;F;1;29;On;On;Off; 31.2; 30.7;0;14;602;14;602;13;416;1;-
2026/03/26;12:28:39;94;-; 49.95; 32.4;-; 65.1; 64.8; 1620.8; 805.7; 815.1;1292; 65.5; 32.3; 32.3;3209; 23.7;F;1;29;On;On;Off; 31.9; 31.3;0;14;602;14;602;13;416;1;-
2026/03/26;12:29:39;95;-; 49.93; 32.5;-; 65.1; 64.7; 1625.5; 808.1; 817.4;1292; 65.6; 32.3; 32.3;3221; 23.7;F;1;29;On;On;Off; 32.3; 31.7;0;15;603;15;603;14;417;1;-
2026/03/26;12:30:39;95;-; 49.97; 32.5;-; 65.2; 64.7; 1630.1; 810.0; 820.1;1292; 65.9; 32.5; 32.5;3235; 23.8;F;1;29;On;On;Off; 32.6; 32.0;0;15;603;15;603;14;417;1;-
2026/03/26;12:31:39;96;-; 49.99; 32.6;-; 65.1; 64.9; 1636.1; 813.4; 822.8;1292; 66.1; 32.6; 32.6;3245; 23.8;F;1;29;On;On;Off; 32.9; 32.3;0;16;604;16;604;15;418;1;-
2026/03/26;12:32:39;97;-; 50.05; 32.6;-; 65.4; 64.9; 1634.7; 812.3; 822.4;1292; 66.2; 32.6; 32.6;3253; 23.9;F;1;29;On;On;Off; 33.2; 32.6;0;16;604;16;604;16;419;1;-
2026/03/26;12:33:39;97;-; 50.07; 32.5;-; 65.3; 65.0; 1632.7; 811.3; 821.4;1292; 66.2; 32.6; 32.6;3254; 23.9;F;1;29;On;On;Off; 33.5; 32.9;0;17;605;17;605;16;419;1;-
2026/03/26;12:34:39;98;-; 50.14; 32.4;-; 66.3; 65.1; 1627.8; 806.9; 821.0;1292; 65.9; 32.5; 32.5;3245; 24.0;F;1;29;On;On;Off; 33.7; 33.1;0;18;606;18;606;17;420;1;-
2026/03/26;12:35:39;98;-; 50.18; 32.4;-; 65.4; 65.2; 1631.8; 811.2; 820.6;1292; 65.8; 32.4; 32.4;3244; 24.0;F;1;29;On;On;Off; 33.9; 33.3;0;18;606;18;606;17;420;1;-
2026/03/26;12:36:38;99;-; 50.26; 32.5;-; 65.5; 65.2; 1635.0; 813.5; 821.5;1292; 65.7; 32.4; 32.4;3242; 24.0;F;1;29;On;On;Off; 34.2; 33.5;0;19;607;19;607;18;421;1;-
2026/03/26;12:37:38;99;-; 50.32; 32.4;-; 65.5; 65.3; 1636.3; 814.5; 821.9;1292; 65.8; 32.4; 32.4;3250; 24.1;F;1;29;On;On;Off; 34.4; 33.7;0;19;607;19;607;18;421;1;-
2026/03/26;12:38:38;100;-; 50.36; 32.3;-; 66.3; 65.4; 1630.8; 810.3; 820.5;1292; 65.8; 32.4; 32.4;3256; 24.1;F;1;29;On;On;Off; 34.6; 33.9;0;20;608;20;608;19;422;1;-
2026/03/26;12:39:38;100;-; 50.44; 32.2;-; 67.1; 65.4; 1630.0; 806.9; 823.1;1292; 65.7; 32.4; 32.4;3254; 24.2;F;1;29;On;On;Off; 34.8; 34.1;0;20;608;20;608;19;422;1;-
2026/03/26;12:40:38;100;-; 50.48; 32.4;-; 65.8; 65.5; 1638.0; 815.6; 822.4;1292; 65.7; 32.3; 32.3;3255; 24.2;F;1;29;On;On;Off; 35.0; 34.3;0;21;609;21;609;20;423;1;-
2026/03/26;12:41:38;100;-; 50.52; 31.8;-; 67.2; 66.6; 1608.8; 804.1; 804.7;1292; 65.7; 32.3; 32.3;3259; 24.2;F;1;29;On;On;Off; 35.1; 34.5;0;21;609;21;609;20;423;1;-
2026/03/26;12:42:38;100;-; 50.60; 32.0;-; 66.1; 66.9; 1622.2; 815.5; 806.6;1292; 65.4; 32.2; 32.2;3251; 24.3;F;1;29;On;On;Off; 35.3; 34.6;0;22;610;22;610;21;424;1;-
2026/03/26;12:43:38;100;-; 50.66; 31.7;-; 67.5; 66.8; 1608.5; 801.5; 807.0;1292; 65.4; 32.2; 32.2;3251; 24.3;F;1;29;On;On;Off; 35.5; 34.8;0;22;610;22;610;21;424;1;-
2026/03/26;12:44:38;100;-; 50.68; 31.8;-; 66.2; 66.9; 1615.8; 813.0; 802.8;1292; 65.2; 32.1; 32.1;3244; 24.4;F;1;29;On;On;Off; 35.6; 34.9;0;23;611;23;611;22;425;1;-
2026/03/26;12:45:38;100;-; 50.76; 31.9;-; 66.2; 65.9; 1623.9; 809.5; 814.3;1292; 65.0; 32.0; 32.0;3237; 24.4;F;1;29;On;On;Off; 35.7; 35.1;0;23;611;23;611;23;426;1;-
2026/03/26;12:46:38;100;-; 50.80; 31.9;-; 66.2; 65.8; 1623.0; 809.1; 813.9;1292; 64.7; 31.9; 31.9;3230; 24.4;F;1;29;On;On;Off; 35.9; 35.2;0;24;612;24;612;23;426;1;-
2026/03/26;12:47:38;100;-; 50.82; 31.4;-; 67.4; 66.0; 1601.8; 791.7; 810.1;1292; 64.6; 31.8; 31.8;3227; 24.5;F;1;29;On;On;Off; 36.0; 35.3;0;24;612;24;612;24;427;1;-
2026/03/26;12:48:38;100;-; 50.91; 31.8;-; 66.3; 66.1; 1621.4; 808.6; 812.7;1292; 64.2; 31.6; 31.6;3208; 24.5;F;1;29;On;On;Off; 36.1; 35.5;0;25;613;25;613;24;427;1;-
2026/03/26;12:49:38;100;-; 50.95; 31.8;-; 66.5; 66.1; 1623.2; 808.9; 814.4;1293; 64.3; 31.7; 31.7;3216; 24.5;F;1;29;On;On;Off; 36.2; 35.6;0;26;614;26;614;25;428;1;-
2026/03/26;12:50:38;100;-; 51.01; 31.7;-; 66.5; 66.3; 1621.8; 809.2; 812.6;1293; 64.4; 31.7; 31.7;3225; 24.6;F;1;29;On;On;Off; 36.3; 35.7;0;26;614;26;614;25;428;1;-
2026/03/26;12:51:37;100;-; 51.03; 31.2;-; 66.6; 67.5; 1594.3; 807.1; 787.2;1293; 64.3; 31.7; 31.7;3222; 24.6;F;1;29;On;On;Off; 36.5; 35.8;0;27;615;27;615;26;429;1;-
2026/03/26;12:52:37;100;-; 51.09; 31.6;-; 66.7; 66.3; 1618.0; 807.0; 811.0;1293; 64.0; 31.5; 31.5;3213; 24.7;F;1;29;On;On;Off; 36.5; 35.9;0;27;615;27;615;26;429;1;-
2026/03/26;12:53:37;100;-; 51.13; 31.3;-; 67.8; 66.3; 1601.5; 790.8; 810.7;1293; 63.9; 31.5; 31.5;3209; 24.7;F;1;29;On;On;Off; 36.7; 36.0;0;28;616;28;616;27;430;1;-
2026/03/26;12:54:37;100;-; 51.15; 30.8;-; 67.9; 67.6; 1580.6; 791.0; 789.6;1293; 63.8; 31.5; 31.5;3207; 24.8;F;1;29;On;On;Off; 36.7; 36.1;0;28;616;28;616;27;430;1;-
2026/03/26;12:55:37;100;-; 51.23; 31.4;-; 66.8; 66.4; 1614.8; 805.7; 809.1;1293; 63.5; 31.3; 31.3;3194; 24.8;F;1;29;On;On;Off; 36.8; 36.2;0;29;617;29;617;28;431;1;-
2026/03/26;12:56:37;100;-; 51.29; 31.4;-; 66.9; 66.5; 1612.6; 804.9; 807.7;1293; 63.7; 31.4; 31.4;3207; 24.8;F;1;29;On;On;Off; 36.9; 36.3;0;29;617;29;617;28;431;1;-
2026/03/26;12:57:37;100;-; 51.33; 31.2;-; 66.9; 66.6; 1606.2; 802.1; 804.1;1293; 63.5; 31.3; 31.3;3199; 24.9;F;1;29;On;On;Off; 37.0; 36.3;0;30;618;30;618;29;432;1;-
2026/03/26;12:58:37;100;-; 51.37; 31.3;-; 67.0; 66.7; 1610.9; 804.4; 806.5;1293; 63.2; 31.2; 31.2;3189; 24.9;F;1;29;On;On;Off; 37.1; 36.4;0;30;618;30;618;29;432;1;-
2026/03/26;12:59:37;100;-; 51.43; 31.3;-; 67.1; 66.7; 1615.5; 806.7; 808.8;1293; 63.1; 31.1; 31.1;3186; 24.9;F;1;29;On;On;Off; 37.2; 36.5;0;31;619;31;619;30;433;1;-
2026/03/26;13:00:37;100;-; 51.47; 31.2;-; 67.1; 66.9; 1610.6; 805.0; 805.6;1293; 63.4; 31.3; 31.3;3204; 25.0;F;1;29;On;On;Off; 37.3; 36.6;0;31;619;31;619;30;433;1;-
2026/03/26;13:01:37;100;-; 51.53; 31.2;-; 67.4; 66.9; 1612.5; 805.9; 806.6;1293; 63.3; 31.2; 31.2;3201; 25.0;F;1;29;On;On;Off; 37.3; 36.7;0;32;620;32;620;31;434;1;-
2026/03/26;13:02:37;100;-; 51.56; 31.3;-; 67.4; 66.9; 1615.0; 807.2; 807.9;1293; 63.3; 31.2; 31.2;3203; 25.0;F;1;29;On;On;Off; 37.4; 36.7;0;32;620;32;620;31;434;1;-
2026/03/26;13:03:37;100;-; 51.58; 31.2;-; 67.3; 67.0; 1614.9; 807.1; 807.8;1293; 63.3; 31.2; 31.2;3206; 25.1;F;1;29;On;On;Off; 37.5; 36.8;0;33;621;33;621;32;435;1;-
2026/03/26;13:04:37;100;-; 51.64; 31.2;-; 67.5; 67.0; 1614.1; 806.3; 807.7;1293; 63.0; 31.1; 31.1;3195; 25.1;F;1;29;On;On;Off; 37.5; 36.9;0;33;621;33;621;33;436;1;-
2026/03/26;13:05:36;100;-; 51.66; 31.2;-; 67.5; 67.0; 1615.3; 807.0; 808.4;1293; 63.0; 31.1; 31.1;3198; 25.1;F;1;29;On;On;Off; 37.6; 36.9;0;34;622;34;622;33;436;1;-
2026/03/26;13:06:36;100;-; 51.72; 31.2;-; 67.6; 67.1; 1617.2; 808.3; 809.0;1293; 62.9; 31.0; 31.0;3198; 25.2;F;1;29;On;On;Off; 37.7; 37.0;0;34;622;34;622;34;437;1;-
2026/03/26;13:07:36;100;-; 51.78; 31.2;-; 67.6; 67.3; 1618.3; 809.2; 809.2;1293; 63.3; 31.2; 31.2;3218; 25.2;F;1;29;On;On;Off; 37.7; 37.1;0;35;623;35;623;34;437;1;-
2026/03/26;13:08:36;100;-; 51.80; 31.0;-; 67.5; 67.3; 1611.3; 805.3; 806.0;1293; 63.1; 31.1; 31.1;3212; 25.2;F;1;29;On;On;Off; 37.8; 37.2;0;35;623;35;623;35;438;1;-
2026/03/26;13:09:36;100;-; 51.84; 31.0;-; 67.8; 67.4; 1610.4; 805.2; 805.2;1293; 62.9; 31.0; 31.0;3204; 25.3;F;1;29;On;On;Off; 37.8; 37.2;0;36;624;36;624;35;438;1;-
2026/03/26;13:10:36;100;-; 51.90; 31.0;-; 67.7; 67.3; 1613.7; 807.5; 806.1;1293; 62.6; 30.9; 30.9;3191; 25.3;F;1;29;On;On;Off; 37.9; 37.2;0;36;624;36;624;36;439;1;-
2026/03/26;13:11:36;100;-; 51.92; 30.9;-; 67.9; 67.5; 1606.0; 804.4; 801.6;1293; 62.8; 31.0; 31.0;3204; 25.3;F;1;29;On;On;Off; 38.0; 37.3;0;37;625;37;625;36;439;1;-
2026/03/26;13:12:36;100;-; 51.92; 30.3;-; 69.1; 67.5; 1575.9; 776.5; 799.5;1293; 62.5; 30.8; 30.8;3191; 25.3;F;1;29;On;On;Off; 38.0; 37.3;0;38;626;38;626;37;440;1;-
2026/03/26;13:13:36;100;-; 51.94; 29.9;-; 67.9; 68.8; 1554.9; 795.9; 759.0;1293; 62.2; 30.7; 30.7;3177; 25.4;F;1;29;On;On;Off; 38.0; 37.4;0;38;626;38;626;37;440;1;-
2026/03/26;13:14:36;100;-; 52.02; 30.4;-; 68.0; 67.7; 1586.6; 796.1; 790.5;1293; 61.9; 30.5; 30.5;3162; 25.4;F;1;29;On;On;Off; 38.0; 37.4;0;39;627;39;627;38;441;1;-
2026/03/26;13:15:36;100;-; 52.04; 30.5;-; 68.0; 67.5; 1591.3; 798.1; 793.2;1293; 61.4; 30.3; 30.3;3138; 25.4;F;1;29;On;On;Off; 38.1; 37.4;0;39;627;39;627;38;441;1;-
2026/03/26;13:16:36;100;-; 52.10; 30.4;-; 67.9; 67.6; 1588.3; 796.6; 791.7;1293; 61.6; 30.3; 30.3;3149; 25.5;F;1;29;On;On;Off; 38.1; 37.4;0;40;628;40;628;39;442;1;-
2026/03/26;13:17:36;100;-; 52.14; 30.4;-; 68.1; 67.7; 1585.3; 795.1; 790.2;1293; 61.7; 30.4; 30.4;3157; 25.5;F;1;29;On;On;Off; 38.2; 37.4;0;40;628;40;628;39;442;1;-
2026/03/26;13:18:36;100;-; 52.18; 30.3;-; 68.0; 67.8; 1584.5; 795.1; 789.4;1293; 61.2; 30.2; 30.2;3134; 25.5;F;1;29;On;On;Off; 38.2; 37.5;0;41;629;41;629;40;443;1;-
2026/03/26;13:19:36;100;-; 52.20; 30.3;-; 68.2; 67.8; 1582.9; 794.2; 788.6;1293; 61.2; 30.2; 30.2;3140; 25.6;F;1;29;On;On;Off; 38.2; 37.5;0;41;629;41;629;40;443;1;-
2026/03/26;13:20:35;100;-; 51.90; 29.9;-; 68.1; 69.1; 1552.4; 797.8; 754.6;1293; 61.3; 30.2; 30.2;3145; 25.6;F;1;29;On;On;Off; 38.2; 37.5;0;42;630;42;630;41;444;1;-
2026/03/26;13:21:35;100;-; 51.25; 31.9;-; 66.8; 66.4; 1639.7; 817.8; 821.9;1293; 61.6; 30.5; 30.5;3151; 25.6;F;1;29;On;On;Off; 38.3; 37.7;0;42;630;42;630;41;444;1;-
2026/03/26;13:22:35;100;-; 48.47; 0.0;-; 78.4; 78.0; 0.0;-;-;1293; 66.0; 32.6; 32.6;3277; 25.6;OFF;1;29;On;On;Off; 37.5; 36.8;0;43;631;43;631;42;445;1;-
2026/03/26;13:23:35;100;-; 48.21; 0.0;-; 78.1; 77.8; 0.0;-;-;1293; 36.3; 17.1; 17.1;1762; 25.7;F;1;29;On;On;Off; 35.0; 34.5;0;43;631;43;631;42;445;1;-
2026/03/26;13:24:35;99;-; 51.35; 31.4;-; 67.0; 66.7; 1615.7; 808.5; 807.2;1293; 3.1; 3.0; 3.0;149; 25.7;F;1;29;On;On;Off; 37.2; 36.6;0;43;631;43;631;42;445;1;-
2026/03/26;13:25:35;100;-; 51.94; 30.6;-; 67.9; 67.4; 1590.4; 796.6; 793.8;1293; 64.2; 32.3; 32.3;3180; 25.7;F;1;29;On;On;Off; 37.6; 37.0;0;43;631;43;631;43;446;1;-
2026/03/26;13:26:35;100;-; 52.12; 30.1;-; 68.1; 67.8; 1570.0; 787.4; 782.5;1293; 62.1; 30.5; 30.5;3163; 25.8;F;1;29;On;On;Off; 37.7; 37.1;0;44;632;44;632;43;446;1;-
2026/03/26;13:27:35;100;-; 52.22; 29.9;-; 68.1; 67.8; 1565.9; 785.4; 780.5;1293; 60.7; 29.9; 29.9;3108; 25.8;F;1;29;On;On;Off; 37.8; 37.2;0;44;632;44;632;44;447;1;-
2026/03/26;13:28:35;100;-; 52.24; 29.1;-; 69.5; 67.8; 1521.6; 744.3; 777.3;1293; 60.6; 29.8; 29.8;3108; 25.8;F;1;29;On;On;Off; 37.9; 37.2;0;45;633;45;633;44;447;1;-
2026/03/26;13:29:35;100;-; 52.28; 28.8;-; 68.2; 69.2; 1507.3; 778.6; 728.7;1293; 60.2; 29.6; 29.6;3094; 25.8;F;1;29;On;On;Off; 37.9; 37.2;0;45;633;45;633;45;448;1;-
2026/03/26;13:30:35;100;-; 52.30; 28.7;-; 68.1; 69.0; 1505.0; 773.2; 731.8;1293; 59.6; 29.3; 29.3;3063; 25.9;F;1;29;On;On;Off; 37.9; 37.2;0;46;634;46;634;45;448;1;-
2026/03/26;13:31:35;100;-; 52.39; 29.4;-; 68.4; 68.0; 1545.9; 775.4; 770.5;1293; 59.3; 29.2; 29.2;3051; 25.9;F;1;29;On;On;Off; 38.0; 37.3;0;46;634;46;634;46;449;1;-
2026/03/26;13:32:35;100;-; 52.41; 29.5;-; 68.5; 68.1; 1549.1; 777.4; 771.8;1293; 59.4; 29.2; 29.2;3058; 25.9;F;1;29;On;On;Off; 38.0; 37.3;0;47;635;47;635;46;449;1;-
2026/03/26;13:33:35;100;-; 52.47; 29.5;-; 68.4; 68.1; 1551.9; 778.4; 773.5;1293; 59.5; 29.3; 29.3;3067; 25.9;F;1;29;On;On;Off; 38.0; 37.3;0;47;635;47;635;47;450;1;-
2026/03/26;13:34:34;100;-; 52.51; 29.5;-; 68.5; 68.2; 1550.8; 777.9; 772.9;1293; 59.7; 29.4; 29.4;3079; 26.0;F;1;29;On;On;Off; 38.0; 37.4;0;48;636;48;636;47;450;1;-
2026/03/26;13:35:34;100;-; 52.55; 29.3;-; 68.6; 68.4; 1540.1; 773.2; 766.8;1293; 59.6; 29.4; 29.4;3079; 26.0;F;1;29;On;On;Off; 38.1; 37.4;0;48;636;48;636;48;451;1;-
2026/03/26;13:36:34;100;-; 52.57; 29.3;-; 68.6; 68.3; 1541.9; 774.5; 767.4;1293; 59.3; 29.2; 29.2;3064; 26.0;F;1;29;On;On;Off; 38.1; 37.4;0;49;637;49;637;48;451;1;-
2026/03/26;13:37:34;100;-; 52.61; 29.3;-; 68.7; 68.2; 1543.1; 775.1; 768.0;1293; 59.1; 29.1; 29.1;3052; 26.1;F;1;29;On;On;Off; 38.1; 37.4;0;49;637;49;637;49;452;1;-
2026/03/26;13:38:34;100;-; 52.67; 29.2;-; 68.8; 68.4; 1539.3; 772.8; 766.5;1293; 59.2; 29.1; 29.1;3061; 26.1;F;1;29;On;On;Off; 38.1; 37.4;0;50;638;50;638;49;452;1;-
2026/03/26;13:39:34;100;-; 52.71; 29.2;-; 68.8; 68.5; 1542.6; 774.1; 768.5;1293; 59.0; 29.1; 29.1;3056; 26.1;F;1;29;On;On;Off; 38.2; 37.4;0;50;638;50;638;49;452;1;-
2026/03/26;13:40:34;100;-; 52.75; 29.2;-; 68.8; 68.5; 1540.9; 772.6; 768.3;1293; 59.1; 29.1; 29.1;3062; 26.1;F;1;29;On;On;Off; 38.2; 37.5;0;51;639;51;639;50;453;1;-
2026/03/26;13:41:34;100;-; 52.75; 28.3;-; 68.9; 69.9; 1496.1; 774.3; 721.8;1293; 58.9; 29.0; 29.0;3054; 26.1;F;1;29;On;On;Off; 38.2; 37.5;0;51;639;51;639;50;453;1;-
2026/03/26;13:42:34;100;-; 52.83; 29.1;-; 68.9; 68.7; 1538.2; 772.3; 765.9;1293; 59.0; 29.0; 29.0;3059; 26.2;F;1;29;On;On;Off; 38.2; 37.5;0;52;640;52;640;51;454;1;-
2026/03/26;13:43:34;100;-; 52.85; 29.1;-; 69.0; 68.7; 1538.7; 774.3; 764.4;1293; 58.8; 29.0; 29.0;3054; 26.2;F;1;29;On;On;Off; 38.2; 37.5;0;52;640;52;640;51;454;1;-
2026/03/26;13:44:34;100;-; 52.85; 28.3;-; 69.1; 69.7; 1499.7; 772.2; 727.5;1293; 58.8; 29.0; 29.0;3056; 26.2;F;1;29;On;On;Off; 38.2; 37.5;0;53;641;53;641;52;455;1;-
2026/03/26;13:45:34;100;-; 52.93; 28.9;-; 69.1; 68.8; 1533.1; 770.5; 762.7;1293; 58.6; 28.8; 28.8;3045; 26.2;F;1;29;On;On;Off; 38.2; 37.6;0;53;641;53;641;52;455;1;-
2026/03/26;13:46:34;100;-; 52.97; 28.9;-; 69.1; 68.9; 1535.7; 772.5; 763.2;1293; 58.4; 28.7; 28.7;3038; 26.2;F;1;29;On;On;Off; 38.3; 37.6;0;54;642;54;642;53;456;1;-
2026/03/26;13:47:34;100;-; 53.01; 28.9;-; 69.3; 68.9; 1533.3; 771.6; 761.7;1293; 58.6; 28.8; 28.8;3049; 26.2;F;1;29;On;On;Off; 38.3; 37.6;0;54;642;54;642;53;456;1;-
2026/03/26;13:48:33;100;-; 53.04; 28.8;-; 69.2; 68.9; 1530.1; 770.1; 760.1;1293; 58.5; 28.8; 28.8;3046; 26.3;F;1;29;On;On;Off; 38.3; 37.6;0;55;643;55;643;54;457;1;-
2026/03/26;13:49:33;100;-; 53.08; 28.8;-; 69.4; 68.9; 1532.7; 771.3; 761.4;1294; 58.2; 28.6; 28.6;3034; 26.3;F;1;29;On;On;Off; 38.3; 37.6;0;55;643;55;643;54;457;1;-
2026/03/26;13:50:33;100;-; 53.12; 28.6;-; 69.4; 69.0; 1524.0; 767.4; 756.7;1294; 58.1; 28.6; 28.6;3031; 26.3;F;1;29;On;On;Off; 38.3; 37.6;0;56;644;56;644;55;458;1;-
2026/03/26;13:51:33;100;-; 53.14; 28.4;-; 69.3; 69.1; 1513.0; 762.2; 750.8;1294; 58.1; 28.6; 28.6;3035; 26.3;F;1;29;On;On;Off; 38.3; 37.6;0;56;644;56;644;55;458;1;-
2026/03/26;13:52:33;100;-; 53.16; 28.3;-; 69.4; 69.1; 1506.4; 758.2; 748.2;1294; 57.6; 28.4; 28.4;3011; 26.4;F;1;29;On;On;Off; 38.3; 37.6;0;57;645;57;645;56;459;1;-
2026/03/26;13:53:33;100;-; 53.20; 28.2;-; 69.5; 69.2; 1503.1; 756.2; 746.9;1294; 57.0; 28.1; 28.1;2980; 26.4;F;1;29;On;On;Off; 38.3; 37.6;0;57;645;57;645;56;459;1;-
2026/03/26;13:54:33;100;-; 53.26; 28.2;-; 69.5; 69.3; 1504.9; 755.3; 749.6;1294; 57.1; 28.1; 28.1;2987; 26.4;F;1;29;On;On;Off; 38.3; 37.6;0;58;646;58;646;57;460;1;-
2026/03/26;13:55:33;100;-; 53.26; 28.0;-; 69.6; 69.2; 1494.0; 749.1; 744.9;1294; 56.9; 28.0; 28.0;2979; 26.4;F;1;29;On;On;Off; 38.3; 37.6;0;58;646;58;646;57;460;1;-
2026/03/26;13:56:33;100;-; 53.32; 27.7;-; 69.5; 69.3; 1482.3; 744.7; 737.6;1294; 56.4; 27.8; 27.8;2956; 26.5;F;1;29;On;On;Off; 38.2; 37.5;0;58;646;58;646;58;461;1;-
2026/03/26;13:57:33;100;-; 53.40; 28.1;-; 69.7; 69.4; 1504.6; 754.1; 750.5;1294; 56.1; 27.6; 27.6;2940; 26.5;F;1;29;On;On;Off; 38.3; 37.6;0;59;647;59;647;58;461;1;-
2026/03/26;13:58:33;100;-; 53.44; 28.2;-; 69.7; 69.4; 1508.5; 755.7; 752.8;1294; 56.7; 27.9; 27.9;2973; 26.4;F;1;29;On;On;Off; 38.3; 37.6;0;59;647;59;647;59;462;1;-
2026/03/26;13:59:33;100;-; 53.48; 28.2;-; 69.8; 69.5; 1508.9; 757.0; 751.9;1294; 57.0; 28.1; 28.1;2992; 26.5;F;1;29;On;On;Off; 38.3; 37.6;0;60;648;60;648;59;462;1;-
2026/03/26;14:00:33;100;-; 53.52; 28.2;-; 69.8; 69.6; 1510.7; 759.0; 751.8;1294; 56.9; 28.0; 28.0;2992; 26.5;F;1;29;On;On;Off; 38.3; 37.6;0;60;648;60;648;59;462;1;-
2026/03/26;14:01:33;100;-; 53.56; 27.7;-; 70.0; 70.9; 1485.4; 765.7; 719.7;1294; 57.0; 28.1; 28.1;3001; 26.5;F;1;29;On;On;Off; 38.3; 37.6;0;61;649;61;649;60;463;1;-
2026/03/26;14:02:33;100;-; 53.66; 28.6;-; 70.0; 69.7; 1538.7; 774.1; 764.6;1294; 57.3; 28.2; 28.2;3015; 26.5;F;1;29;On;On;Off; 38.3; 37.6;0;61;649;61;649;60;463;1;-
2026/03/26;14:03:32;100;-; 53.68; 27.8;-; 71.3; 69.9; 1497.4; 729.9; 767.4;1294; 57.7; 28.4; 28.4;3041; 26.6;F;1;29;On;On;Off; 38.3; 37.7;0;62;650;62;650;61;464;1;-
2026/03/26;14:04:32;100;-; 53.74; 28.6;-; 70.1; 69.9; 1538.6; 776.2; 762.5;1294; 58.0; 28.6; 28.6;3063; 26.6;F;1;29;On;On;Off; 38.4; 37.7;0;62;650;62;650;61;464;1;-
2026/03/26;14:05:32;100;-; 53.79; 28.6;-; 70.3; 70.0; 1543.2; 779.2; 764.0;1294; 57.9; 28.5; 28.5;3059; 26.6;F;1;29;On;On;Off; 38.4; 37.7;0;63;651;63;651;62;465;1;-
2026/03/26;14:06:32;100;-; 53.85; 29.0;-; 70.3; 70.0; 1562.9; 788.3; 774.6;1294; 57.9; 28.5; 28.5;3058; 26.7;F;1;29;On;On;Off; 38.4; 37.7;0;63;651;63;651;62;465;1;-
2026/03/26;14:07:32;100;-; 53.91; 29.2;-; 70.4; 70.1; 1575.6; 795.4; 780.2;1294; 58.2; 28.7; 28.7;3082; 26.7;F;1;29;On;On;Off; 38.3; 37.7;0;64;652;64;652;63;466;1;-
2026/03/26;14:08:32;100;-; 53.95; 28.4;-; 70.5; 71.3; 1538.2; 804.3; 734.0;1294; 56.5; 27.8; 27.8;2987; 26.7;F;1;29;On;On;Off; 38.5; 37.8;0;64;652;64;652;63;466;1;-
2026/03/26;14:09:32;100;-; 54.03; 29.5;-; 70.4; 70.2; 1595.7; 806.5; 789.2;1294; 59.4; 29.2; 29.2;3149; 26.8;F;1;29;On;On;Off; 38.5; 37.7;0;65;653;65;653;64;467;1;-
2026/03/26;14:10:32;100;-; 53.78; 25.0;-; 71.4; 71.0; 1344.6; 678.8; 665.8;1294; 57.7; 28.2; 28.2;3058; 26.8;F;1;29;On;On;Off; 38.3; 37.7;0;65;653;65;653;64;467;1;-
2026/03/26;14:11:32;100;-; 52.99; 14.0;-; 69.2; 69.0; 745.2; 373.3; 371.9;1294; 52.1; 25.6; 25.6;2756; 26.8;F;1;29;On;On;Off; 37.8; 37.2;0;65;653;65;653;65;468;1;-
2026/03/26;14:12:32;100;-; 54.07; 26.7;-; 71.6; 71.6; 1449.3; 742.8; 706.5;1294; 37.8; 19.0; 19.0;1981; 26.8;F;1;29;On;On;Off; 38.3; 37.7;0;66;654;66;654;65;468;1;-
2026/03/26;14:13:32;100;-; 53.74; 26.2;-; 71.1; 70.8; 1410.1; 707.2; 702.8;1294; 58.6; 28.9; 28.9;3114; 26.8;F;1;29;On;On;Off; 37.7; 37.1;0;66;654;66;654;65;468;1;-
2026/03/26;14:14:32;100;-; 53.14; 15.8;-; 69.3; 69.1; 841.5; 420.8; 420.8;1294; 39.9; 19.6; 19.6;2095; 26.8;F;1;29;On;On;Off; 37.4; 36.8;0;67;655;67;655;66;469;1;-
2026/03/26;14:15:32;100;-; 53.78; 23.2;-; 70.2; 71.2; 1248.8; 640.3; 608.5;1294; 30.5; 14.9; 14.9;1592; 26.8;F;1;29;On;On;Off; 37.5; 36.9;0;67;655;67;655;66;469;1;-
2026/03/26;14:16:32;100;-; 54.35; 29.5;-; 70.9; 70.5; 1607.0; 807.9; 799.2;1294; 44.6; 22.3; 22.3;2351; 26.8;F;1;29;On;On;Off; 38.0; 37.3;0;67;655;67;655;66;469;1;-
2026/03/26;14:17:31;100;-; 54.27; 28.2;-; 70.8; 70.5; 1532.4; 770.6; 761.8;1294; 60.6; 29.8; 29.8;3234; 26.8;F;1;29;On;On;Off; 38.1; 37.4;0;68;656;68;656;67;470;1;-
2026/03/26;14:18:31;100;-; 53.44; 18.0;-; 69.7; 69.4; 964.5; 479.0; 485.5;1294; 57.6; 28.3; 28.3;3075; 26.8;F;1;29;On;On;Off; 37.6; 37.0;0;68;656;68;656;67;470;1;-
2026/03/26;14:19:31;100;-; 53.48; 15.0;-; 70.0; 69.6; 800.9; 405.5; 395.4;1294; 39.4; 19.3; 19.3;2081; 26.9;F;1;29;On;On;Off; 37.6; 37.0;0;69;657;69;657;68;471;1;-
2026/03/26;14:20:31;100;-; 53.34; 13.2;-; 69.7; 69.5; 703.6; 347.9; 355.7;1294; 44.7; 21.9; 21.9;2367; 26.9;F;1;29;On;On;Off; 37.2; 36.6;0;69;657;69;657;68;471;1;-
2026/03/26;14:21:31;100;-; 54.58; 31.4;-; 71.1; 70.8; 1717.4; 864.2; 853.2;1294; 29.0; 14.3; 14.3;1516; 26.9;F;1;29;On;On;Off; 37.4; 36.7;0;69;657;69;657;68;471;1;-
2026/03/26;14:22:31;100;-; 54.56; 28.7;-; 71.2; 70.9; 1570.4; 790.3; 780.1;1294; 49.2; 24.8; 24.8;2610; 27.0;F;1;29;On;On;Off; 37.8; 37.2;0;70;658;70;658;69;472;1;-
2026/03/26;14:23:31;100;-; 54.56; 28.2;-; 71.2; 70.9; 1541.1; 776.4; 764.7;1294; 58.9; 28.9; 28.9;3159; 27.0;F;1;29;On;On;Off; 37.9; 37.2;0;70;658;70;658;69;472;1;-
2026/03/26;14:24:31;100;-; 54.56; 27.3;-; 71.2; 70.9; 1495.0; 754.5; 740.5;1294; 57.6; 28.3; 28.3;3088; 27.0;F;1;29;On;On;Off; 37.9; 37.2;0;70;658;70;658;70;473;1;-
2026/03/26;14:25:31;100;-; 54.23; 19.2;-; 71.1; 70.7; 1043.1; 511.0; 532.1;1294; 55.6; 27.4; 27.4;2983; 27.0;F;1;29;On;On;Off; 37.9; 37.2;0;71;659;71;659;70;473;1;-
2026/03/26;14:26:31;100;-; 54.21; 22.6;-; 70.7; 70.5; 1229.1; 628.7; 600.4;1294; 52.3; 25.6; 25.6;2803; 27.0;F;1;29;On;On;Off; 37.4; 36.8;0;71;659;71;659;70;473;1;-
2026/03/26;14:27:31;100;-; 53.46; 11.0;-; 69.9; 69.6; 588.2; 295.5; 292.7;1294; 41.1; 20.6; 20.6;2181; 27.1;F;1;29;On;On;Off; 37.4; 36.8;0;72;660;72;660;71;474;1;-
2026/03/26;14:28:31;100;-; 54.41; 29.8;-; 71.0; 70.7; 1625.0; 817.2; 807.8;1294; 39.5; 19.0; 19.0;2100; 27.1;F;1;29;On;On;Off; 36.9; 36.3;0;72;660;72;660;71;474;1;-
2026/03/26;14:29:31;100;-; 53.85; 17.0;-; 70.3; 70.0; 916.7; 461.2; 455.5;1294; 33.6; 18.1; 18.1;1771; 27.1;F;1;29;On;On;Off; 37.2; 36.5;0;72;660;72;660;71;474;1;-
2026/03/26;14:30:31;100;-; 53.60; 13.4;-; 69.9; 69.7; 718.5; 360.3; 358.2;1294; 43.6; 20.7; 20.7;2327; 27.1;F;1;29;On;On;Off; 36.8; 36.3;0;73;661;73;661;72;475;1;-
2026/03/26;14:31:30;100;-; 53.52; 12.9;-; 69.8; 69.7; 689.0; 345.6; 343.4;1294; 31.8; 15.5; 15.5;1680; 27.2;F;1;29;On;On;Off; 36.6; 36.0;0;73;661;73;661;72;475;1;-
2026/03/26;14:32:30;100;-; 53.79; 13.7;-; 71.4; 71.2; 738.4; 369.6; 368.9;1294; 27.3; 13.6; 13.6;1437; 27.2;F;1;29;On;On;Off; 36.7; 36.1;0;73;661;73;661;72;475;1;-
2026/03/26;14:33:30;100;-; 53.78; 15.6;-; 70.2; 70.0; 841.4; 422.2; 419.3;1294; 36.4; 18.2; 18.2;1931; 27.2;F;1;29;On;On;Off; 36.5; 35.9;0;73;661;73;661;73;476;1;-
2026/03/26;14:34:30;100;-; 55.14; 30.6;-; 73.1; 72.5; 1693.3; 833.7; 859.6;1294; 33.5; 16.7; 16.7;1776; 27.2;F;1;29;On;On;Off; 36.7; 36.1;0;74;662;74;662;73;476;1;-
2026/03/26;14:35:30;100;-; 53.91; 13.9;-; 70.5; 70.2; 749.5; 371.8; 377.6;1294; 48.5; 24.3; 24.3;2597; 27.2;F;1;29;On;On;Off; 36.8; 36.2;0;74;662;74;662;73;476;1;-
2026/03/26;14:36:30;100;-; 53.28; 9.4;-; 69.5; 69.4; 499.3; 250.4; 248.9;1294; 40.0; 19.1; 19.1;2138; 27.2;F;1;29;On;On;Off; 36.3; 35.7;0;74;662;74;662;74;477;1;-
2026/03/26;14:37:30;100;-; 53.18; 8.7;-; 70.7; 70.5; 465.3; 233.3; 232.0;1294; 20.0; 9.9; 9.9;1050; 27.2;F;1;29;On;On;Off; 36.0; 35.5;0;75;663;75;663;74;477;1;-
2026/03/26;14:38:30;100;-; 53.42; 11.3;-; 70.5; 69.6; 606.4; 302.5; 303.9;1294; 17.9; 9.0; 9.0;937; 27.2;F;1;29;On;On;Off; 35.9; 35.3;0;75;663;75;663;74;477;1;-
2026/03/26;14:39:30;100;-; 53.91; 15.2;-; 70.4; 70.1; 821.9; 410.9; 410.9;1294; 21.1; 10.6; 10.6;1104; 27.2;F;1;29;On;On;Off; 35.9; 35.3;0;75;663;75;663;74;477;1;-
2026/03/26;14:40:30;100;-; 53.83; 14.7;-; 70.3; 70.1; 790.6; 396.0; 394.6;1294; 31.2; 15.4; 15.4;1650; 27.2;F;1;29;On;On;Off; 35.8; 35.2;0;75;663;75;663;74;477;1;-
2026/03/26;14:41:30;100;-; 53.66; 11.8;-; 70.1; 69.9; 634.3; 317.5; 316.8;1294; 28.0; 13.9; 13.9;1481; 27.2;F;1;29;On;On;Off; 35.7; 35.1;0;75;663;75;663;75;478;1;-
2026/03/26;14:42:30;100;-; 53.74; 13.8;-; 70.2; 69.8; 743.4; 371.4; 372.1;1294; 26.0; 12.8; 12.8;1372; 27.2;F;1;29;On;On;Off; 35.5; 35.0;0;76;664;76;664;75;478;1;-
2026/03/26;14:43:30;100;-; 53.83; 14.2;-; 70.2; 70.1; 766.1; 383.0; 383.0;1294; 24.4; 12.2; 12.2;1287; 27.2;F;1;29;On;On;Off; 35.5; 34.9;0;76;664;76;664;75;478;1;-
2026/03/26;14:44:30;100;-; 53.76; 12.6;-; 70.3; 69.9; 679.7; 339.9; 339.9;1294; 26.1; 13.0; 13.0;1379; 27.2;F;1;29;On;On;Off; 35.4; 34.8;0;76;664;76;664;75;478;1;-
2026/03/26;14:45:30;100;-; 53.87; 13.4;-; 70.4; 70.1; 722.2; 361.5; 360.7;1294; 25.9; 12.9; 12.9;1368; 27.3;F;1;29;On;On;Off; 35.3; 34.7;0;76;664;76;664;75;478;1;-
2026/03/26;14:46:29;100;-; 54.07; 14.3;-; 70.5; 70.3; 776.4; 388.2; 388.2;1294; 26.9; 13.5; 13.5;1426; 27.3;F;1;29;On;On;Off; 35.4; 34.8;0;77;665;77;665;76;479;1;-
2026/03/26;14:47:29;100;-; 54.98; 24.9;-; 71.8; 71.4; 1370.5; 686.4; 684.1;1294; 33.0; 16.3; 16.3;1755; 27.3;F;1;29;On;On;Off; 35.5; 34.9;0;77;665;77;665;76;479;1;-
2026/03/26;14:48:29;100;-; 55.73; 28.9;-; 72.9; 72.4; 1612.6; 810.5; 802.2;1294; 42.1; 21.3; 21.3;2263; 27.3;F;1;29;On;On;Off; 36.2; 35.5;0;77;665;77;665;76;479;1;-
2026/03/26;14:49:29;100;-; 54.78; 16.3;-; 71.4; 71.2; 896.4; 452.3; 444.1;1295; 58.6; 29.1; 29.1;3204; 27.3;F;1;29;On;On;Off; 36.2; 35.5;0;78;666;78;666;77;480;1;-
2026/03/26;14:50:29;100;-; 54.78; 24.5;-; 71.4; 72.7; 1344.8; 712.1; 632.7;1295; 48.1; 23.6; 23.6;2616; 27.3;F;1;29;On;On;Off; 35.8; 35.1;0;78;666;78;666;77;480;1;-
2026/03/26;14:51:29;100;-; 54.58; 15.9;-; 71.2; 71.3; 868.2; 438.9; 429.4;1295; 41.1; 20.4; 20.4;2216; 27.3;F;1;29;On;On;Off; 35.9; 35.3;0;78;666;78;666;77;480;1;-
2026/03/26;14:52:29;100;-; 54.41; 13.0;-; 71.0; 70.7; 706.7; 353.3; 353.3;1295; 42.4; 20.8; 20.8;2295; 27.3;F;1;29;On;On;Off; 35.8; 35.2;0;79;667;79;667;78;481;1;-
2026/03/26;14:53:29;100;-; 54.43; 19.3;-; 72.5; 70.8; 1050.6; 515.1; 535.5;1295; 35.5; 17.1; 17.1;1907; 27.3;F;1;29;On;On;Off; 35.4; 34.9;0;79;667;79;667;78;481;1;-
2026/03/26;14:54:29;100;-; 55.83; 27.2;-; 72.8; 72.5; 1522.0; 766.6; 755.4;1295; 30.1; 15.1; 15.1;1606; 27.3;F;1;29;On;On;Off; 36.1; 35.4;0;79;667;79;667;78;481;1;-
2026/03/26;14:55:29;100;-; 55.71; 24.0;-; 72.7; 74.7; 1338.6; 751.6; 587.0;1295; 55.5; 27.2; 27.2;3037; 27.3;F;1;29;On;On;Off; 36.2; 35.5;0;80;668;80;668;79;482;1;-
2026/03/26;14:56:29;100;-; 54.64; 11.2;-; 71.1; 71.5; 611.7; 311.8; 300.0;1295; 50.0; 24.5; 24.5;2738; 27.3;F;1;29;On;On;Off; 36.1; 35.5;0;80;668;80;668;79;482;1;-
2026/03/26;14:57:29;100;-; 54.74; 19.8;-; 71.2; 71.1; 1082.8; 543.6; 539.2;1295; 39.6; 19.0; 19.0;2150; 27.3;F;1;29;On;On;Off; 35.6; 35.0;0;80;668;80;668;80;483;1;-
2026/03/26;14:58:29;100;-; 54.60; 17.7;-; 71.8; 71.2; 965.7; 482.8; 482.8;1295; 27.8; 13.9; 13.9;1486; 27.2;F;1;29;On;On;Off; 35.5; 34.9;0;81;669;81;669;80;483;1;-
2026/03/26;14:59:29;100;-; 55.22; 17.1;-; 72.2; 71.8; 947.2; 479.5; 467.7;1295; 30.1; 15.0; 15.0;1611; 27.2;F;1;29;On;On;Off; 35.8; 35.2;0;81;669;81;669;80;483;1;-
2026/03/26;15:00:28;100;-; 54.72; 16.5;-; 72.4; 72.8; 903.5; 476.7; 426.8;1295; 41.7; 20.8; 20.8;2259; 27.2;F;1;29;On;On;Off; 35.6; 35.0;0;81;669;81;669;80;483;1;-
2026/03/26;15:01:28;100;-; 56.04; 25.1;-; 73.1; 73.3; 1408.0; 720.2; 687.8;1295; 35.5; 17.5; 17.5;1920; 27.2;F;1;29;On;On;Off; 36.1; 35.4;0;82;670;82;670;81;484;1;-
2026/03/26;15:02:28;100;-; 55.29; 14.6;-; 72.1; 71.8; 807.6; 406.8; 400.8;1295; 53.5; 26.2; 26.2;2947; 27.3;F;1;29;On;On;Off; 36.1; 35.4;0;82;670;82;670;81;484;1;-
2026/03/26;15:03:28;100;-; 55.63; 25.5;-; 72.6; 72.3; 1419.3; 724.6; 694.7;1295; 43.2; 20.8; 20.8;2369; 27.3;F;1;29;On;On;Off; 35.7; 35.1;0;82;670;82;670;81;484;1;-
2026/03/26;15:04:28;100;-; 56.02; 23.6;-; 73.6; 73.5; 1324.1; 688.4; 635.7;1295; 37.6; 18.7; 18.7;2039; 27.3;F;1;29;On;On;Off; 36.1; 35.4;0;83;671;83;671;82;485;1;-
2026/03/26;15:05:28;100;-; 54.49; 6.5;-; 71.1; 71.0; 353.8; 177.7; 176.2;1295; 49.0; 24.1; 24.1;2699; 27.3;F;1;29;On;On;Off; 35.9; 35.3;0;83;671;83;671;82;485;1;-
2026/03/26;15:06:28;100;-; 55.53; 20.2;-; 75.7; 72.2; 1121.1; 468.8; 652.3;1295; 31.0; 14.7; 14.7;1688; 27.3;F;1;29;On;On;Off; 35.8; 35.2;0;83;671;83;671;82;485;1;-
2026/03/26;15:07:28;100;-; 56.04; 22.3;-; 73.7; 73.7; 1251.1; 647.0; 604.1;1295; 39.8; 20.5; 20.5;2162; 27.3;F;1;29;On;On;Off; 36.0; 35.4;0;84;672;84;672;83;486;1;-
2026/03/26;15:08:28;100;-; 55.93; 23.8;-; 73.0; 72.6; 1335.5; 670.4; 665.1;1295; 46.6; 22.8; 22.8;2569; 27.3;F;1;29;On;On;Off; 35.8; 35.2;0;84;672;84;672;83;486;1;-
2026/03/26;15:09:28;100;-; 54.39; 5.0;-; 71.2; 71.0; 272.9; 137.2; 135.7;1295; 40.7; 20.0; 20.0;2235; 27.3;F;1;29;On;On;Off; 35.7; 35.1;0;84;672;84;672;83;486;1;-
2026/03/26;15:10:28;100;-; 54.01; 7.7;-; 70.5; 70.3; 419.1; 212.4; 206.6;1295; 23.5; 11.2; 11.2;1268; 27.3;F;1;29;On;On;Off; 35.4; 34.8;0;85;673;85;673;84;487;1;-
2026/03/26;15:11:28;100;-; 54.13; 8.6;-; 70.6; 70.5; 468.5; 233.9; 234.6;1295; 15.5; 8.0; 8.0;823; 27.3;F;1;29;On;On;Off; 35.2; 34.6;0;85;673;85;673;84;487;1;-
2026/03/26;15:12:28;100;-; 54.17; 10.8;-; 70.9; 70.4; 585.1; 292.9; 292.2;1295; 17.4; 8.6; 8.6;923; 27.3;F;1;29;On;On;Off; 35.1; 34.5;0;85;673;85;673;84;487;1;-
2026/03/26;15:13:28;100;-; 54.80; 11.6;-; 71.5; 71.3; 637.5; 318.4; 319.1;1295; 16.6; 8.5; 8.5;881; 27.3;F;1;29;On;On;Off; 35.1; 34.6;0;85;673;85;673;84;487;1;-
2026/03/26;15:14:28;100;-; 54.56; 7.8;-; 71.1; 71.1; 424.1; 211.7; 212.4;1295; 28.2; 14.1; 14.1;1523; 27.4;F;1;29;On;On;Off; 35.1; 34.5;0;85;673;85;673;84;487;1;-
2026/03/26;15:15:27;100;-; 53.91; 6.0;-; 70.5; 70.2; 325.6; 162.8; 162.8;1295; 24.9; 12.1; 12.1;1345; 27.4;F;1;29;On;On;Off; 34.9; 34.4;0;85;673;85;673;85;488;1;-
2026/03/26;15:16:27;100;-; 53.74; 5.3;-; 70.1; 70.0; 287.7; 144.2; 143.5;1295; 12.1; 6.1; 6.1;644; 27.3;F;1;29;On;On;Off; 34.8; 34.3;0;85;673;85;673;85;488;1;-
2026/03/26;15:17:27;100;-; 53.66; 5.3;-; 69.9; 69.9; 285.0; 142.5; 142.5;1295; 10.9; 5.5; 5.5;574; 27.4;F;1;29;On;On;Off; 34.7; 34.2;0;86;674;86;674;85;488;1;-
2026/03/26;15:18:27;100;-; 53.74; 6.3;-; 70.1; 70.0; 340.4; 170.2; 170.2;1295; 10.1; 5.2; 5.2;532; 27.4;F;1;29;On;On;Off; 34.6; 34.1;0;86;674;86;674;85;488;1;-
2026/03/26;15:19:27;100;-; 53.89; 6.8;-; 70.3; 71.4; 364.4; 185.8; 178.6;1295; 11.7; 6.0; 6.0;617; 27.4;F;1;29;On;On;Off; 34.5; 34.0;0;86;674;86;674;85;488;1;-
2026/03/26;15:20:27;100;-; 53.95; 7.0;-; 70.4; 70.2; 376.4; 187.5; 188.9;1295; 13.2; 6.7; 6.7;699; 27.4;F;1;29;On;On;Off; 34.5; 33.9;0;86;674;86;674;85;488;1;-
2026/03/26;15:21:27;100;-; 53.91; 6.3;-; 70.4; 70.2; 338.5; 169.3; 169.3;1295; 13.7; 7.0; 7.0;727; 27.4;F;1;29;On;On;Off; 34.4; 33.9;0;86;674;86;674;85;488;1;-
2026/03/26;15:22:27;100;-; 53.78; 5.3;-; 70.2; 70.0; 287.1; 143.6; 143.6;1295; 12.8; 6.5; 6.5;681; 27.4;F;1;29;On;On;Off; 34.3; 33.8;0;86;674;86;674;85;488;1;-
2026/03/26;15:23:27;100;-; 53.74; 5.4;-; 70.1; 70.0; 288.3; 144.2; 144.2;1295; 10.8; 5.5; 5.5;569; 27.4;F;1;29;On;On;Off; 34.3; 33.8;0;86;674;86;674;85;488;1;-
2026/03/26;15:24:27;100;-; 53.79; 5.9;-; 70.1; 70.1; 316.8; 158.0; 158.8;1295; 10.2; 5.3; 5.3;541; 27.4;F;1;29;On;On;Off; 34.2; 33.7;0;86;674;86;674;85;488;1;-
2026/03/26;15:25:27;100;-; 53.85; 6.0;-; 70.3; 70.1; 323.6; 161.8; 161.8;1295; 11.1; 5.7; 5.7;585; 27.4;F;1;29;On;On;Off; 34.2; 33.6;0;86;674;86;674;86;489;1;-
2026/03/26;15:26:27;100;-; 53.79; 5.6;-; 70.3; 70.0; 299.6; 149.4; 150.2;1295; 11.8; 6.0; 6.0;623; 27.4;F;1;29;On;On;Off; 34.1; 33.6;0;86;674;86;674;86;489;1;-
2026/03/26;15:27:27;100;-; 53.83; 5.9;-; 70.3; 70.1; 318.6; 158.9; 159.6;1295; 11.0; 5.6; 5.6;582; 27.3;F;1;29;On;On;Off; 34.0; 33.5;0;87;675;87;675;86;489;1;-
2026/03/26;15:28:27;100;-; 53.95; 6.4;-; 70.3; 71.1; 347.5; 175.2; 172.3;1295; 11.2; 5.8; 5.8;593; 27.4;F;1;29;On;On;Off; 34.0; 33.4;0;87;675;87;675;86;489;1;-
2026/03/26;15:29:26;100;-; 53.91; 5.7;-; 70.4; 70.3; 307.4; 153.3; 154.1;1295; 12.4; 6.3; 6.3;657; 27.4;F;1;29;On;On;Off; 33.9; 33.4;0;87;675;87;675;86;489;1;-
2026/03/26;15:30:26;100;-; 53.83; 5.5;-; 70.2; 70.1; 293.9; 146.6; 147.3;1295; 11.8; 6.0; 6.0;624; 27.4;F;1;29;On;On;Off; 33.9; 33.3;0;87;675;87;675;86;489;1;-
2026/03/26;15:31:26;100;-; 53.81; 5.4;-; 70.3; 71.0; 291.1; 147.3; 143.7;1295; 10.6; 5.4; 5.4;560; 27.4;F;1;29;On;On;Off; 33.8; 33.3;0;87;675;87;675;86;489;1;-
2026/03/26;15:32:26;100;-; 53.79; 5.2;-; 70.2; 70.1; 280.0; 140.0; 140.0;1295; 10.6; 5.5; 5.5;563; 27.4;F;1;29;On;On;Off; 33.8; 33.2;0;87;675;87;675;86;489;1;-
2026/03/26;15:33:26;100;-; 53.83; 5.5;-; 70.3; 71.3; 296.9; 151.7; 145.2;1295; 10.2; 5.2; 5.2;537; 27.4;F;1;29;On;On;Off; 33.7; 33.1;0;87;675;87;675;86;489;1;-
2026/03/26;15:34:26;100;-; 53.91; 5.8;-; 71.7; 70.2; 315.4; 154.1; 161.3;1295; 10.6; 5.5; 5.5;559; 27.4;F;1;29;On;On;Off; 33.7; 33.1;0;87;675;87;675;86;489;1;-
2026/03/26;15:35:26;100;-; 53.99; 6.0;-; 70.6; 70.2; 325.9; 162.2; 163.7;1295; 11.3; 5.8; 5.8;599; 27.4;F;1;29;On;On;Off; 33.6; 33.1;0;87;675;87;675;86;489;1;-
2026/03/26;15:36:26;100;-; 53.89; 5.1;-; 70.4; 71.5; 273.4; 139.6; 133.8;1295; 11.8; 6.0; 6.0;626; 27.4;F;1;29;On;On;Off; 33.6; 33.0;0;87;675;87;675;87;490;1;-
2026/03/26;15:37:26;100;-; 53.78; 4.6;-; 70.2; 70.1; 246.8; 123.4; 123.4;1295; 10.6; 5.4; 5.4;564; 27.4;F;1;29;On;On;Off; 33.6; 33.0;0;88;676;88;676;87;490;1;-
2026/03/26;15:38:26;100;-; 53.74; 4.5;-; 70.1; 69.9; 243.7; 121.8; 121.8;1295; 9.1; 4.7; 4.7;480; 27.4;F;1;29;On;On;Off; 33.5; 33.0;0;88;676;88;676;87;490;1;-
2026/03/26;15:39:26;100;-; 53.70; 4.3;-; 70.0; 69.9; 230.5; 115.3; 115.3;1295; 8.7; 4.5; 4.5;460; 27.4;F;1;29;On;On;Off; 33.4; 32.9;0;88;676;88;676;87;490;1;-
2026/03/26;15:40:26;100;-; 53.70; 4.6;-; 70.1; 70.0; 246.4; 123.2; 123.2;1295; 8.3; 4.3; 4.3;438; 27.4;F;1;29;On;On;Off; 33.4; 32.9;0;88;676;88;676;87;490;1;-
2026/03/26;15:41:26;100;-; 53.76; 4.9;-; 70.1; 70.0; 262.5; 131.2; 131.2;1295; 8.6; 4.5; 4.5;452; 27.4;F;1;29;On;On;Off; 33.3; 32.8;0;88;676;88;676;87;490;1;-
2026/03/26;15:42:26;100;-; 53.79; 4.8;-; 70.1; 71.0; 256.2; 130.6; 125.6;1295; 9.2; 4.8; 4.8;487; 27.4;F;1;29;On;On;Off; 33.3; 32.8;0;88;676;88;676;87;490;1;-
2026/03/26;15:43:26;100;-; 53.74; 4.1;-; 70.1; 69.9; 221.3; 110.3; 111.0;1295; 9.4; 4.9; 4.9;499; 27.4;F;1;29;On;On;Off; 33.3; 32.8;0;88;676;88;676;87;490;1;-
2026/03/26;15:44:25;100;-; 53.64; 3.7;-; 70.0; 69.9; 197.8; 99.3; 98.5;1295; 8.4; 4.3; 4.3;442; 27.4;F;1;29;On;On;Off; 33.3; 32.8;0;88;676;88;676;87;490;1;-
2026/03/26;15:45:25;100;-; 53.56; 3.4;-; 69.8; 72.0; 181.1; 97.0; 84.0;1295; 7.2; 3.8; 3.8;378; 27.4;F;1;29;On;On;Off; 33.2; 32.7;0;88;676;88;676;87;490;1;-
2026/03/26;15:46:25;100;-; 53.52; 3.4;-; 69.9; 69.7; 183.9; 92.0; 92.0;1295; 6.8; 3.6; 3.6;357; 27.3;F;1;29;On;On;Off; 33.2; 32.7;0;88;676;88;676;87;490;1;-
2026/03/26;15:47:25;100;-; 53.46; 3.0;-; 70.9; 69.7; 158.4; 76.7; 81.7;1295; 6.6; 3.5; 3.5;346; 27.3;F;1;29;On;On;Off; 33.2; 32.6;0;88;676;88;676;87;490;1;-
2026/03/26;15:48:25;100;-; 53.42; 3.1;-; 69.8; 69.6; 168.4; 84.6; 83.8;1295; 5.9; 3.1; 3.1;308; 27.3;F;1;29;On;On;Off; 33.1; 32.6;0;88;676;88;676;87;490;1;-
2026/03/26;15:49:25;100;-; 53.42; 3.0;-; 69.7; 69.7; 160.5; 80.2; 80.2;1296; 5.7; 3.1; 3.1;300; 27.3;F;1;29;On;On;Off; 33.1; 32.6;0;88;676;88;676;87;490;1;-
2026/03/26;15:50:25;100;-; 53.34; 2.4;-; 69.7; 70.4; 129.5; 67.3; 62.2;1296; 5.8; 3.1; 3.1;304; 27.3;F;1;29;On;On;Off; 33.1; 32.5;0;88;676;88;676;88;491;1;-
2026/03/26;15:51:25;100;-; 53.22; 2.1;-; 69.5; 69.3; 113.5; 57.8; 55.7;1296; 4.8; 2.6; 2.6;252; 27.3;F;1;29;On;On;Off; 33.0; 32.5;0;88;676;88;676;88;491;1;-
2026/03/26;15:52:25;100;-; 53.16; 2.1;-; 69.4; 69.3; 111.2; 56.3; 54.9;1296; 4.0; 2.2; 2.2;207; 27.3;F;1;29;On;On;Off; 33.0; 32.5;0;88;676;88;676;88;491;1;-
2026/03/26;15:53:25;100;-; 53.12; 2.1;-; 69.4; 69.1; 111.9; 56.3; 55.6;1296; 3.6; 2.1; 2.1;189; 27.3;F;1;29;On;On;Off; 33.0; 32.5;0;88;676;88;676;88;491;1;-
2026/03/26;15:54:25;100;-; 53.12; 2.1;-; 69.3; 69.2; 109.0; 55.6; 53.4;1296; 3.7; 2.1; 2.1;195; 27.3;F;1;29;On;On;Off; 32.9; 32.4;0;89;677;89;677;88;491;1;-
2026/03/26;15:55:25;100;-; 53.06; 1.8;-; 69.4; 69.1; 97.5; 49.1; 48.4;1296; 3.7; 2.1; 2.1;191; 27.3;F;1;29;On;On;Off; 32.9; 32.4;0;89;677;89;677;88;491;1;-
2026/03/26;15:56:25;100;-; 53.03; 1.6;-; 71.4; 69.1; 84.0; 37.7; 46.3;1296; 3.3; 1.9; 1.9;174; 27.3;F;1;29;On;On;Off; 32.9; 32.4;0;89;677;89;677;88;491;1;-
2026/03/26;15:57:25;100;-; 53.01; 1.8;-; 69.3; 69.1; 98.2; 49.8; 48.4;1296; 3.1; 1.8; 1.8;159; 27.3;F;1;29;On;On;Off; 32.8; 32.3;0;89;677;89;677;88;491;1;-
2026/03/26;15:58:25;100;-; 53.03; 1.9;-; 69.2; 69.1; 100.3; 50.5; 49.8;1296; 3.2; 1.8; 1.8;165; 27.3;F;1;29;On;On;Off; 32.8; 32.3;0;89;677;89;677;88;491;1;-
2026/03/26;15:59:24;100;-; 53.03; 1.8;-; 69.2; 69.1; 97.4; 49.0; 48.4;1296; 3.3; 1.9; 1.9;172; 27.3;F;1;29;On;On;Off; 32.8; 32.3;0;89;677;89;677;88;491;1;-
2026/03/26;16:00:24;100;-; 53.01; 1.9;-; 69.2; 69.1; 100.3; 50.5; 49.8;1296; 3.2; 1.8; 1.8;165; 27.3;F;1;29;On;On;Off; 32.8; 32.2;0;89;677;89;677;88;491;1;-
2026/03/26;16:01:24;100;-; 53.01; 1.8;-; 69.2; 69.0; 97.4; 49.0; 48.4;1296; 3.2; 1.8; 1.8;168; 27.3;F;1;29;On;On;Off; 32.7; 32.2;0;89;677;89;677;88;491;1;-
2026/03/26;16:02:24;100;-; 52.99; 1.7;-; 69.1; 69.1; 90.3; 45.5; 44.8;1296; 3.2; 1.9; 1.9;168; 27.2;F;1;29;On;On;Off; 32.7; 32.2;0;89;677;89;677;88;491;1;-
2026/03/26;16:03:24;100;-; 52.95; 1.4;-; 70.4; 69.0; 76.0; 36.2; 39.8;1296; 3.0; 1.7; 1.7;155; 27.2;F;1;29;On;On;Off; 32.7; 32.2;0;89;677;89;677;88;491;1;-
2026/03/26;16:04:24;100;-; 52.89; 1.2;-; 71.3; 68.9; 62.4; 26.9; 35.5;1296; 2.6; 1.5; 1.5;136; 27.2;F;1;29;On;On;Off; 32.7; 32.1;0;89;677;89;677;88;491;1;-
2026/03/26;16:05:24;100;-; 52.87; 1.3;-; 69.0; 68.8; 68.0; 34.7; 33.3;1296; 2.2; 1.4; 1.4;116; 27.2;F;1;29;On;On;Off; 32.6; 32.1;0;89;677;89;677;88;491;1;-
2026/03/26;16:06:24;100;-; 52.85; 1.3;-; 69.0; 68.8; 69.4; 34.7; 34.7;1296; 2.1; 1.3; 1.3;108; 27.3;F;1;29;On;On;Off; 32.6; 32.1;0;89;677;89;677;88;491;1;-
2026/03/26;16:07:24;100;-; 52.83; 1.4;-; 69.0; 69.8; 74.4; 39.0; 35.4;1296; 2.1; 1.3; 1.3;109; 27.3;F;1;29;On;On;Off; 32.6; 32.0;0;89;677;89;677;88;491;1;-
2026/03/26;16:08:24;100;-; 52.89; 1.8;-; 69.0; 68.9; 95.1; 48.3; 46.8;1296; 2.3; 1.4; 1.4;118; 27.3;F;1;29;On;On;Off; 32.5; 32.0;0;89;677;89;677;88;491;1;-
2026/03/26;16:09:24;100;-; 52.93; 1.7;-; 69.1; 69.0; 90.1; 45.4; 44.7;1296; 2.9; 1.7; 1.7;149; 27.3;F;1;29;On;On;Off; 32.5; 32.0;0;89;677;89;677;88;491;1;-
2026/03/26;16:10:24;100;-; 52.91; 1.6;-; 70.3; 68.9; 82.3; 39.7; 42.6;1296; 3.0; 1.7; 1.7;157; 27.3;F;1;29;On;On;Off; 32.5; 32.0;0;89;677;89;677;88;491;1;-
2026/03/26;16:11:24;100;-; 52.93; 1.6;-; 70.0; 68.8; 85.8; 41.9; 44.0;1296; 2.8; 1.6; 1.6;145; 27.4;F;1;29;On;On;Off; 32.5; 32.0;0;89;677;89;677;88;491;1;-
2026/03/26;16:12:24;100;-; 52.93; 1.7;-; 69.2; 68.8; 90.9; 45.4; 45.4;1296; 2.8; 1.7; 1.7;147; 27.4;F;1;29;On;On;Off; 32.5; 31.9;0;89;677;89;677;88;491;1;-
2026/03/26;16:13:24;100;-; 52.97; 1.9;-; 69.1; 68.9; 103.0; 51.9; 51.1;1296; 2.9; 1.7; 1.7;150; 27.4;F;1;29;On;On;Off; 32.5; 31.9;0;89;677;89;677;88;491;1;-
2026/03/26;16:14:23;100;-; 53.01; 1.9;-; 69.2; 69.0; 100.9; 50.5; 50.5;1296; 3.3; 1.9; 1.9;169; 27.3;F;1;29;On;On;Off; 32.4; 31.9;0;89;677;89;677;88;491;1;-
2026/03/26;16:15:23;100;-; 53.01; 1.7;-; 69.3; 70.0; 90.9; 47.6; 43.3;1296; 3.4; 1.9; 1.9;177; 27.3;F;1;29;On;On;Off; 32.4; 31.9;0;89;677;89;677;88;491;1;-
2026/03/26;16:16:23;100;-; 52.99; 1.7;-; 69.1; 68.9; 91.7; 46.2; 45.5;1296; 3.1; 1.8; 1.8;161; 27.3;F;1;29;On;On;Off; 32.4; 31.9;0;89;677;89;677;88;491;1;-
2026/03/26;16:17:23;100;-; 53.01; 1.8;-; 69.2; 69.0; 95.9; 48.3; 47.6;1296; 2.9; 1.7; 1.7;153; 27.3;F;1;29;On;On;Off; 32.4; 31.9;0;89;677;89;677;88;491;1;-
2026/03/26;16:18:23;100;-; 53.01; 1.8;-; 69.2; 69.1; 93.1; 46.9; 46.2;1296; 3.1; 1.8; 1.8;159; 27.3;F;1;29;On;On;Off; 32.4; 31.9;0;89;677;89;677;88;491;1;-
2026/03/26;16:19:23;100;-; 52.99; 1.8;-; 69.1; 69.0; 93.1; 46.9; 46.2;1296; 3.1; 1.8; 1.8;159; 27.3;F;1;29;On;On;Off; 32.4; 31.9;0;89;677;89;677;88;491;1;-
2026/03/26;16:20:23;100;-; 52.99; 1.6;-; 70.3; 69.0; 86.7; 41.9; 44.8;1296; 3.0; 1.7; 1.7;155; 27.3;F;1;29;On;On;Off; 32.4; 31.9;0;89;677;89;677;88;491;1;-
2026/03/26;16:21:23;100;-; 52.97; 1.6;-; 69.1; 69.1; 86.7; 44.0; 42.6;1296; 2.9; 1.7; 1.7;152; 27.3;F;1;29;On;On;Off; 32.4; 31.8;0;89;677;89;677;88;491;1;-
2026/03/26;16:22:23;100;-; 52.97; 1.6;-; 69.1; 69.0; 87.3; 44.0; 43.3;1296; 2.8; 1.6; 1.6;144; 27.3;F;1;29;On;On;Off; 32.3; 31.8;0;89;677;89;677;88;491;1;-
2026/03/26;16:23:23;100;-; 52.97; 1.6;-; 69.2; 68.8; 84.5; 42.6; 41.9;1296; 2.8; 1.6; 1.6;146; 27.2;F;1;29;On;On;Off; 32.3; 31.8;0;89;677;89;677;88;491;1;-
2026/03/26;16:24:23;100;-; 52.97; 1.6;-; 69.1; 68.9; 86.0; 43.3; 42.6;1296; 2.7; 1.6; 1.6;141; 27.2;F;1;29;On;On;Off; 32.3; 31.8;0;89;677;89;677;89;492;1;-
2026/03/26;16:25:23;100;-; 52.97; 1.6;-; 69.2; 69.0; 86.6; 44.0; 42.6;1296; 2.7; 1.6; 1.6;142; 27.2;F;1;29;On;On;Off; 32.3; 31.8;0;89;677;89;677;89;492;1;-
2026/03/26;16:26:23;100;-; 52.95; 1.6;-; 69.1; 68.9; 84.5; 42.6; 41.9;1296; 2.7; 1.6; 1.6;143; 27.2;F;1;29;On;On;Off; 32.3; 31.8;0;89;677;89;677;89;492;1;-
2026/03/26;16:27:23;100;-; 52.91; 1.3;-; 70.0; 69.0; 70.2; 34.1; 36.2;1296; 2.7; 1.6; 1.6;142; 27.2;F;1;29;On;On;Off; 32.3; 31.8;0;89;677;89;677;89;492;1;-
2026/03/26;16:28:23;100;-; 52.87; 1.2;-; 69.0; 68.8; 65.9; 33.3; 32.6;1296; 2.4; 1.4; 1.4;123; 27.2;F;1;29;On;On;Off; 32.3; 31.7;0;89;677;89;677;89;492;1;-
2026/03/26;16:29:22;100;-; 52.83; 1.1;-; 69.0; 68.8; 60.2; 30.5; 29.7;1296; 2.0; 1.3; 1.3;106; 27.2;F;1;29;On;On;Off; 32.3; 31.7;0;90;678;90;678;89;492;1;-
2026/03/26;16:30:22;100;-; 52.81; 1.4;-; 69.1; 69.6; 71.6; 37.6; 34.0;1296; 1.8; 1.1; 1.1;93; 27.2;F;1;29;On;On;Off; 32.3; 31.7;0;90;678;90;678;89;492;1;-
2026/03/26;16:31:22;100;-; 52.85; 1.5;-; 69.0; 68.8; 77.2; 39.0; 38.3;1296; 2.1; 1.3; 1.3;109; 27.1;F;1;29;On;On;Off; 32.2; 31.7;0;90;678;90;678;89;492;1;-
2026/03/26;16:32:22;100;-; 52.85; 1.4;-; 69.0; 68.8; 75.2; 37.6; 37.6;1296; 2.4; 1.5; 1.5;126; 27.1;F;1;29;On;On;Off; 32.2; 31.7;0;90;678;90;678;89;492;1;-
2026/03/26;16:33:22;100;-; 52.85; 1.3;-; 68.9; 68.7; 67.3; 34.0; 33.3;1296; 2.3; 1.4; 1.4;120; 27.1;F;1;29;On;On;Off; 32.2; 31.7;0;90;678;90;678;89;492;1;-
2026/03/26;16:34:22;100;-; 52.77; 0.9;-; 69.0; 71.0; 48.2; 28.3; 19.8;1296; 2.2; 1.3; 1.3;111; 27.1;F;1;29;On;On;Off; 32.2; 31.7;0;90;678;90;678;89;492;1;-
2026/03/26;16:35:22;100;-; 52.77; 1.1;-; 68.7; 68.7; 59.5; 30.4; 29.0;1296; 1.7; 1.1; 1.1;87; 27.1;F;1;29;On;On;Off; 32.2; 31.7;0;90;678;90;678;89;492;1;-
2026/03/26;16:36:22;100;-; 52.77; 1.2;-; 69.5; 68.7; 63.0; 31.1; 31.9;1296; 1.6; 1.1; 1.1;84; 27.1;F;1;29;On;On;Off; 32.1; 31.6;0;90;678;90;678;89;492;1;-
2026/03/26;16:37:22;100;-; 52.75; 1.2;-; 68.9; 69.5; 60.9; 31.9; 29.0;1296; 1.9; 1.2; 1.2;98; 27.1;F;1;29;On;On;Off; 32.1; 31.6;0;90;678;90;678;89;492;1;-
2026/03/26;16:38:22;100;-; 52.73; 1.1;-; 68.9; 68.6; 56.6; 29.0; 27.6;1296; 1.9; 1.2; 1.2;98; 27.0;F;1;29;On;On;Off; 32.1; 31.6;0;90;678;90;678;89;492;1;-
2026/03/26;16:39:22;100;-; 52.75; 1.2;-; 70.1; 68.7; 60.8; 29.0; 31.8;1296; 1.7; 1.1; 1.1;87; 27.0;F;1;29;On;On;Off; 32.1; 31.6;0;90;678;90;678;89;492;1;-
2026/03/26;16:40:22;100;-; 52.79; 1.5;-; 69.0; 68.7; 79.3; 39.7; 39.7;1296; 1.8; 1.1; 1.1;92; 27.1;F;1;29;On;On;Off; 32.1; 31.6;0;90;678;90;678;89;492;1;-
2026/03/26;16:41:22;100;-; 52.83; 1.5;-; 69.5; 68.8; 81.5; 40.4; 41.1;1296; 2.3; 1.4; 1.4;120; 27.1;F;1;29;On;On;Off; 32.1; 31.6;0;90;678;90;678;89;492;1;-
2026/03/26;16:42:22;100;-; 52.83; 1.3;-; 69.0; 68.9; 68.7; 34.7; 34.0;1296; 2.6; 1.6; 1.6;137; 27.0;F;1;29;On;On;Off; 32.1; 31.5;0;90;678;90;678;89;492;1;-
2026/03/26;16:43:22;100;-; 52.81; 1.1;-; 70.0; 69.8; 58.0; 29.7; 28.3;1296; 2.3; 1.4; 1.4;119; 27.0;F;1;29;On;On;Off; 32.1; 31.6;0;90;678;90;678;89;492;1;-
2026/03/26;16:44:21;100;-; 52.77; 1.2;-; 68.9; 68.8; 61.6; 31.1; 30.5;1296; 1.9; 1.2; 1.2;96; 27.0;F;1;29;On;On;Off; 32.1; 31.5;0;90;678;90;678;89;492;1;-
2026/03/26;16:45:21;100;-; 52.77; 1.2;-; 68.9; 68.7; 62.3; 31.9; 30.4;1296; 1.9; 1.2; 1.2;97; 27.0;F;1;29;On;On;Off; 32.0; 31.5;0;90;678;90;678;89;492;1;-
2026/03/26;16:46:21;100;-; 52.77; 1.2;-; 68.9; 70.0; 60.9; 32.6; 28.3;1296; 1.8; 1.2; 1.2;93; 27.0;F;1;29;On;On;Off; 32.0; 31.5;0;90;678;90;678;89;492;1;-
2026/03/26;16:47:21;100;-; 52.77; 1.2;-; 68.9; 68.6; 64.4; 32.5; 31.9;1296; 1.9; 1.2; 1.2;99; 27.0;F;1;29;On;On;Off; 32.0; 31.5;0;90;678;90;678;89;492;1;-
2026/03/26;16:48:21;100;-; 52.81; 1.5;-; 69.0; 68.8; 80.7; 40.4; 40.4;1296; 1.9; 1.2; 1.2;97; 27.0;F;1;29;On;On;Off; 32.0; 31.5;0;90;678;90;678;89;492;1;-
2026/03/26;16:49:21;100;-; 52.85; 1.6;-; 69.1; 70.1; 86.5; 45.4; 41.1;1297; 2.3; 1.4; 1.4;120; 27.0;F;1;29;On;On;Off; 32.0; 31.5;0;90;678;90;678;89;492;1;-
2026/03/26;16:50:21;100;-; 52.97; 1.9;-; 69.1; 68.9; 101.5; 51.1; 50.4;1297; 2.8; 1.6; 1.6;144; 27.0;F;1;29;On;On;Off; 32.0; 31.5;0;90;678;90;678;89;492;1;-
2026/03/26;16:51:21;100;-; 53.01; 1.8;-; 70.2; 69.1; 94.6; 46.2; 48.3;1297; 3.3; 1.9; 1.9;171; 27.0;F;1;29;On;On;Off; 32.0; 31.5;0;90;678;90;678;89;492;1;-
2026/03/26;16:52:21;100;-; 53.01; 1.6;-; 70.4; 69.0; 83.1; 39.8; 43.3;1297; 3.2; 1.8; 1.8;166; 27.0;F;1;29;On;On;Off; 32.0; 31.5;0;90;678;90;678;89;492;1;-
2026/03/26;16:53:21;100;-; 53.01; 1.7;-; 69.4; 69.0; 92.4; 46.2; 46.2;1297; 2.9; 1.7; 1.7;149; 27.0;F;1;29;On;On;Off; 32.0; 31.5;0;90;678;90;678;89;492;1;-
2026/03/26;16:54:21;100;-; 53.03; 1.6;-; 69.3; 70.0; 84.6; 44.1; 40.5;1297; 2.9; 1.7; 1.7;152; 26.9;F;1;29;On;On;Off; 32.0; 31.5;0;90;678;90;678;89;492;1;-
2026/03/26;16:55:21;100;-; 52.97; 1.4;-; 70.4; 69.0; 76.0; 36.2; 39.8;1297; 2.9; 1.7; 1.7;148; 26.9;F;1;29;On;On;Off; 32.0; 31.5;0;90;678;90;678;89;492;1;-
2026/03/26;16:56:21;100;-; 52.93; 1.3;-; 69.1; 69.1; 66.7; 34.1; 32.7;1297; 2.6; 1.5; 1.5;135; 26.9;F;1;29;On;On;Off; 32.0; 31.5;0;90;678;90;678;89;492;1;-
2026/03/26;16:57:21;100;-; 52.87; 1.1;-; 69.1; 68.8; 60.3; 30.5; 29.8;1297; 2.2; 1.3; 1.3;113; 27.0;F;1;29;On;On;Off; 32.0; 31.5;0;90;678;90;678;89;492;1;-
2026/03/26;16:58:21;100;-; 52.85; 1.0;-; 70.2; 68.8; 55.2; 26.2; 29.0;1297; 1.8; 1.1; 1.1;93; 27.0;F;1;29;On;On;Off; 32.0; 31.4;0;90;678;90;678;89;492;1;-
2026/03/26;16:59:20;100;-; 52.81; 1.0;-; 68.8; 68.7; 53.8; 27.6; 26.2;1297; 1.7; 1.1; 1.1;88; 26.9;F;1;29;On;On;Off; 32.0; 31.4;0;90;678;90;678;89;492;1;-
2026/03/26;17:00:20;100;-; 52.79; 1.1;-; 68.9; 70.0; 56.6; 31.1; 25.5;1297; 1.5; 1.0; 1.0;80; 26.9;F;1;29;On;On;Off; 31.9; 31.4;0;90;678;90;678;89;492;1;-
2026/03/26;17:01:20;100;-; 52.77; 1.2;-; 69.0; 68.7; 61.6; 31.1; 30.4;1297; 1.6; 1.1; 1.1;85; 26.9;F;1;29;On;On;Off; 31.9; 31.4;0;90;678;90;678;89;492;1;-
2026/03/26;17:02:20;100;-; 52.77; 1.1;-; 68.9; 68.7; 58.7; 29.7; 29.0;1297; 1.9; 1.2; 1.2;96; 26.9;F;1;29;On;On;Off; 31.9; 31.4;0;90;678;90;678;89;492;1;-
2026/03/26;17:03:20;100;-; 52.77; 1.2;-; 68.7; 68.7; 63.0; 31.9; 31.1;1297; 1.6; 1.1; 1.1;85; 26.9;F;1;29;On;On;Off; 31.9; 31.4;0;90;678;90;678;89;492;1;-
2026/03/26;17:04:20;100;-; 52.77; 1.2;-; 69.0; 68.7; 62.3; 31.9; 30.4;1297; 1.8; 1.1; 1.1;91; 26.9;F;1;29;On;On;Off; 31.9; 31.4;0;90;678;90;678;89;492;1;-
2026/03/26;17:05:20;100;-; 52.75; 1.0;-; 68.8; 70.9; 50.2; 29.0; 21.2;1297; 1.9; 1.2; 1.2;96; 26.9;F;1;29;On;On;Off; 31.9; 31.4;0;90;678;90;678;89;492;1;-
2026/03/26;17:06:20;100;-; 52.77; 1.1;-; 68.8; 68.6; 60.1; 30.4; 29.7;1297; 1.6; 1.1; 1.1;84; 26.9;F;1;29;On;On;Off; 31.9; 31.4;0;90;678;90;678;89;492;1;-
2026/03/26;17:07:20;100;-; 52.75; 1.1;-; 68.8; 68.6; 58.7; 29.7; 29.0;1297; 1.8; 1.1; 1.1;90; 26.8;F;1;29;On;On;Off; 31.9; 31.4;0;90;678;90;678;89;492;1;-
2026/03/26;17:08:20;100;-; 52.77; 1.2;-; 69.0; 68.7; 62.3; 31.9; 30.4;1297; 1.7; 1.1; 1.1;87; 26.8;F;1;29;On;On;Off; 31.9; 31.4;0;90;678;90;678;89;492;1;-
2026/03/26;17:09:20;100;-; 52.75; 1.0;-; 68.8; 68.7; 55.2; 28.3; 26.9;1297; 1.8; 1.2; 1.2;93; 26.8;F;1;29;On;On;Off; 31.9; 31.4;0;90;678;90;678;90;493;1;-
2026/03/26;17:10:20;100;-; 52.71; 1.0;-; 68.9; 69.7; 51.6; 27.6; 24.0;1297; 1.6; 1.1; 1.1;85; 26.8;F;1;29;On;On;Off; 31.9; 31.4;0;90;678;90;678;90;493;1;-
2026/03/26;17:11:20;100;-; 52.69; 1.0;-; 68.8; 68.6; 51.6; 26.1; 25.4;1297; 1.5; 1.0; 1.0;77; 26.8;F;1;29;On;On;Off; 31.9; 31.4;0;90;678;90;678;90;493;1;-
2026/03/26;17:12:20;100;-; 52.67; 0.9;-; 68.8; 68.6; 45.2; 23.3; 21.9;1297; 1.4; 1.0; 1.0;74; 26.8;F;1;29;On;On;Off; 31.9; 31.4;0;90;678;90;678;90;493;1;-
2026/03/26;17:13:20;100;-; 52.63; 0.8;-; 68.7; 69.7; 39.5; 21.9; 17.7;1297; 1.2; 0.9; 0.9;62; 26.8;F;1;29;On;On;Off; 31.9; 31.4;0;90;678;90;678;90;493;1;-
2026/03/26;17:14:19;100;-; 52.59; 0.8;-; 68.7; 68.4; 40.9; 21.2; 19.8;1297; 1.1; 0.8; 0.8;55; 26.8;F;1;29;On;On;Off; 31.9; 31.4;0;90;678;90;678;90;493;1;-
2026/03/26;17:15:19;100;-; 52.59; 0.8;-; 68.7; 68.5; 43.0; 21.9; 21.2;1297; 1.0; 0.8; 0.8;51; 26.8;F;1;29;On;On;Off; 31.9; 31.4;0;90;678;90;678;90;493;1;-
2026/03/26;17:16:19;100;-; 52.61; 0.9;-; 68.7; 68.5; 47.2; 24.0; 23.3;1297; 1.1; 0.8; 0.8;54; 26.7;F;1;29;On;On;Off; 31.9; 31.3;0;90;678;90;678;90;493;1;-
2026/03/26;17:17:19;100;-; 52.59; 0.8;-; 69.2; 68.5; 40.9; 19.8; 21.2;1297; 1.2; 0.9; 0.9;64; 26.8;F;1;29;On;On;Off; 31.9; 31.3;0;90;678;90;678;90;493;1;-
2026/03/26;17:18:19;100;-; 52.59; 0.9;-; 68.7; 68.4; 45.8; 23.3; 22.5;1297; 1.2; 0.8; 0.8;59; 26.8;F;1;29;On;On;Off; 31.8; 31.3;0;91;679;91;679;90;493;1;-
2026/03/26;17:19:19;100;-; 52.59; 1.0;-; 68.7; 68.4; 50.8; 26.1; 24.7;1297; 1.1; 0.8; 0.8;58; 26.8;F;1;29;On;On;Off; 31.8; 31.3;0;91;679;91;679;90;493;1;-
2026/03/26;17:20:19;100;-; 52.63; 1.1;-; 68.7; 68.5; 56.4; 28.9; 27.5;1297; 1.4; 0.9; 0.9;70; 26.8;F;1;29;On;On;Off; 31.8; 31.3;0;91;679;91;679;90;493;1;-
2026/03/26;17:21:19;100;-; 52.65; 1.1;-; 68.6; 68.5; 59.3; 30.4; 28.9;1297; 1.6; 1.0; 1.0;80; 26.8;F;1;29;On;On;Off; 31.8; 31.3;0;91;679;91;679;90;493;1;-
2026/03/26;17:22:19;100;-; 52.67; 1.1;-; 68.8; 68.5; 60.0; 30.4; 29.6;1297; 1.7; 1.1; 1.1;86; 26.8;F;1;29;On;On;Off; 31.8; 31.3;0;91;679;91;679;90;493;1;-
2026/03/26;17:23:19;100;-; 52.69; 1.1;-; 68.7; 69.6; 57.3; 30.4; 26.9;1297; 1.8; 1.1; 1.1;90; 26.8;F;1;29;On;On;Off; 31.8; 31.3;0;91;679;91;679;90;493;1;-
2026/03/26;17:24:19;100;-; 52.71; 1.2;-; 68.8; 68.6; 64.3; 32.5; 31.8;1297; 1.7; 1.1; 1.1;86; 26.8;F;1;29;On;On;Off; 31.8; 31.3;0;91;679;91;679;90;493;1;-
2026/03/26;17:25:19;100;-; 52.71; 1.1;-; 70.1; 69.7; 58.6; 29.7; 29.0;1297; 1.8; 1.2; 1.2;95; 26.8;F;1;29;On;On;Off; 31.8; 31.3;0;91;679;91;679;90;493;1;-
2026/03/26;17:26:19;100;-; 52.73; 1.2;-; 68.9; 68.6; 64.4; 32.5; 31.8;1297; 2.0; 1.2; 1.2;101; 26.8;F;1;29;On;On;Off; 31.9; 31.3;0;91;679;91;679;90;493;1;-
2026/03/26;17:27:19;100;-; 52.77; 1.1;-; 70.1; 68.8; 59.4; 28.3; 31.1;1297; 1.9; 1.2; 1.2;101; 26.8;F;1;29;On;On;Off; 31.9; 31.3;0;91;679;91;679;90;493;1;-
2026/03/26;17:28:19;100;-; 52.75; 1.2;-; 68.9; 68.6; 63.0; 31.9; 31.1;1297; 1.8; 1.2; 1.2;95; 26.8;F;1;29;On;On;Off; 31.8; 31.3;0;91;679;91;679;90;493;1;-
2026/03/26;17:29:18;100;-; 52.75; 1.1;-; 69.0; 68.6; 57.3; 29.0; 28.3;1297; 1.9; 1.2; 1.2;97; 26.8;F;1;29;On;On;Off; 31.8; 31.3;0;91;679;91;679;90;493;1;-
2026/03/26;17:30:18;100;-; 52.75; 1.1;-; 68.9; 68.7; 59.4; 30.4; 29.0;1297; 1.7; 1.1; 1.1;87; 26.7;F;1;29;On;On;Off; 31.8; 31.3;0;91;679;91;679;90;493;1;-
2026/03/26;17:31:18;100;-; 52.73; 1.1;-; 68.8; 68.7; 56.6; 29.0; 27.6;1297; 1.7; 1.1; 1.1;87; 26.7;F;1;29;On;On;Off; 31.9; 31.3;0;91;679;91;679;90;493;1;-
2026/03/26;17:32:18;100;-; 52.73; 1.0;-; 68.8; 69.6; 51.6; 27.6; 24.0;1297; 1.7; 1.1; 1.1;86; 26.7;F;1;29;On;On;Off; 31.8; 31.3;0;91;679;91;679;90;493;1;-
2026/03/26;17:33:18;100;-; 52.69; 1.0;-; 68.8; 69.7; 50.2; 26.9; 23.3;1297; 1.5; 1.0; 1.0;80; 26.7;F;1;29;On;On;Off; 31.9; 31.3;0;91;679;91;679;90;493;1;-
2026/03/26;17:34:18;100;-; 52.69; 1.0;-; 68.8; 68.6; 51.5; 26.1; 25.4;1297; 1.5; 1.0; 1.0;76; 26.7;F;1;29;On;On;Off; 31.9; 31.3;0;91;679;91;679;90;493;1;-
2026/03/26;17:35:18;100;-; 52.69; 1.0;-; 68.7; 68.7; 52.3; 26.9; 25.4;1297; 1.4; 1.0; 1.0;73; 26.7;F;1;29;On;On;Off; 31.8; 31.3;0;91;679;91;679;90;493;1;-
2026/03/26;17:36:18;100;-; 52.69; 1.0;-; 68.7; 68.5; 53.6; 27.5; 26.1;1297; 1.5; 1.0; 1.0;76; 26.7;F;1;29;On;On;Off; 31.8; 31.3;0;91;679;91;679;90;493;1;-
2026/03/26;17:37:18;100;-; 52.67; 0.9;-; 69.7; 68.7; 45.2; 21.9; 23.3;1297; 1.5; 1.0; 1.0;76; 26.7;F;1;29;On;On;Off; 31.8; 31.3;0;91;679;91;679;90;493;1;-
2026/03/26;17:38:18;100;-; 52.63; 0.8;-; 68.7; 68.5; 43.7; 22.6; 21.2;1297; 1.3; 0.9; 0.9;67; 26.7;F;1;29;On;On;Off; 31.8; 31.3;0;91;679;91;679;90;493;1;-
2026/03/26;17:39:18;100;-; 52.61; 0.8;-; 68.8; 68.5; 43.7; 22.6; 21.2;1297; 1.1; 0.8; 0.8;58; 26.7;F;1;29;On;On;Off; 31.8; 31.3;0;91;679;91;679;90;493;1;-
2026/03/26;17:40:18;100;-; 52.61; 0.8;-; 68.7; 68.4; 42.4; 21.2; 21.2;1297; 1.1; 0.8; 0.8;57; 26.7;F;1;29;On;On;Off; 31.8; 31.3;0;91;679;91;679;90;493;1;-
2026/03/26;17:41:18;100;-; 52.57; 0.7;-; 69.8; 68.5; 38.1; 17.6; 20.4;1297; 1.1; 0.8; 0.8;56; 26.7;F;1;29;On;On;Off; 31.8; 31.3;0;91;679;91;679;90;493;1;-
2026/03/26;17:42:18;100;-; 52.57; 0.7;-; 68.6; 68.5; 38.1; 19.7; 18.3;1297; 1.0; 0.8; 0.8;52; 26.7;F;1;29;On;On;Off; 31.8; 31.3;0;91;679;91;679;90;493;1;-
2026/03/26;17:43:18;100;-; 52.53; 0.6;-; 68.4; 69.5; 33.8; 19.0; 14.8;1297; 0.9; 0.7; 0.7;47; 26.7;F;1;29;On;On;Off; 31.8; 31.3;0;91;679;91;679;90;493;1;-
2026/03/26;17:44:17;99;-; 52.51; 0.6;-; 69.9; 68.4; 33.1; 15.5; 17.6;1297; 0.8; 0.7; 0.7;42; 26.6;F;1;29;On;On;Off; 31.8; 31.3;0;91;679;91;679;90;493;1;-
2026/03/26;17:45:17;99;-; 52.47; 0.4;-; 68.6; 72.0; 19.0; 19.0; 0.0;1297; 0.8; 0.7; 0.7;40; 26.6;F;1;29;On;On;Off; 31.7; 29.6;0;91;679;91;679;90;493;1;-
2026/03/26;17:46:17;99;-; 52.45; 0.6;-; 68.5; 68.4; 30.9; 16.2; 14.8;1297; 0.4; 0.4; 0.4;19; 26.7;F;1;29;On;On;Off; 31.4; 29.2;0;91;679;91;679;90;493;1;-
2026/03/26;17:47:17;99;-; 52.43; 0.6;-; 68.5; 68.3; 29.5; 15.4; 14.1;1297; 0.4; 0.4; 0.4;20; 26.6;F;1;29;On;On;Off; 31.5; 30.9;0;91;679;91;679;90;493;1;-
2026/03/26;17:48:17;99;-; 52.43; 0.0;-; 71.2; 71.1; 0.0; 0.0; 0.0;1297; 0.5; 0.5; 0.5;25; 26.6;F;1;29;On;On;Off; 29.7; 29.6;0;91;679;91;679;90;493;1;-
2026/03/26;17:49:17;99;-; 52.39; 0.3;-; 68.3; 71.1; 14.1; 14.1; 0.0;1298; 0.0; 0.1; 0.1;1; 26.6;F;1;29;On;On;Off; 30.0; 28.7;0;91;679;91;679;90;493;1;-
2026/03/26;17:50:17;99;-; 52.37; 0.5;-; 68.4; 68.2; 24.5; 12.6; 11.9;1298; 0.0; 0.1; 0.1;0; 26.6;F;1;29;On;On;Off; 30.9; 30.3;0;91;679;91;679;90;493;1;-
2026/03/26;17:51:17;99;-; 52.37; 0.0;-; 70.2; 70.2; 0.7; 0.7; 0.0;1298; 0.4; 0.5; 0.5;18; 26.6;F;1;29;On;On;Off; 29.6; 30.6;0;91;679;91;679;90;493;1;-
2026/03/26;17:52:17;99;-; 52.35; 0.0;-; 70.2; 70.2; 0.0; 0.0; 0.0;1298; 0.1; 0.2; 0.2;3; 26.6;F;1;29;On;On;Off; 28.9; 28.5;0;91;679;91;679;90;493;1;-
2026/03/26;17:53:17;99;-; 52.33; 0.4;-; 68.3; 68.1; 19.7; 10.5; 9.1;1298;-0.1; 0.0; 0.0;-4; 26.6;F;1;29;On;On;Off; 30.4; 29.4;0;91;679;91;679;90;493;1;-
2026/03/26;17:54:17;99;-; 52.33; 0.2;-; 70.0; 68.2; 9.8; 0.7; 9.1;1298; 0.1; 0.3; 0.3;6; 26.6;F;1;29;On;On;Off; 30.2; 30.3;0;91;679;91;679;90;493;1;-
2026/03/26;17:55:17;99;-; 52.35; 0.0;-; 69.7; 69.6; 0.7; 0.7; 0.0;1298; 0.1; 0.3; 0.3;6; 26.6;F;1;29;On;On;Off; 28.8; 28.5;0;91;679;91;679;90;493;1;-
2026/03/26;17:56:17;99;-; 52.31; 0.2;-; 68.1; 69.3; 8.4; 8.4; 0.0;1298;-0.1; 0.0; 0.0;-5; 26.6;F;1;29;On;On;Off; 29.9; 28.0;0;91;679;91;679;90;493;1;-
2026/03/26;17:57:17;99;-; 52.30; 0.3;-; 68.2; 68.0; 14.7; 7.7; 7.0;1298;-0.0; 0.1; 0.1;-1; 26.6;F;1;29;On;On;Off; 30.4; 29.9;0;91;679;91;679;90;493;1;-
2026/03/26;17:58:17;99;-; 52.30; 0.0;-; 69.4; 69.1; 0.7; 0.7; 0.0;1298;-0.0; 0.3; 0.3;0; 26.5;F;1;29;On;On;Off; 28.8; 29.1;0;91;679;91;679;90;493;1;-
2026/03/26;17:59:16;99;-; 52.30; 0.1;-; 68.3; 69.1; 7.7; 7.7; 0.0;1298;-0.1; 0.1; 0.1;-4; 26.5;F;1;29;On;On;Off; 28.7; 27.9;0;91;679;91;679;90;493;1;-
2026/03/26;18:00:16;99;-; 52.28; 0.3;-; 68.2; 68.1; 14.7; 7.7; 7.0;1298;-0.1; 0.1; 0.1;-4; 26.5;F;1;29;On;On;Off; 30.1; 29.4;0;91;679;91;679;90;493;1;-
2026/03/26;18:01:16;99;-; 52.28; 0.2;-; 69.4; 68.1; 8.4; 0.7; 7.7;1298;-0.0; 0.3; 0.3;0; 26.5;F;1;29;On;On;Off; 28.9; 29.9;0;91;679;91;679;90;493;1;-
2026/03/26;18:02:16;99;-; 52.31; 0.0;-; 69.5; 69.6; 0.7; 0.7; 0.0;1298;-0.0; 0.2; 0.2;-2; 26.5;F;1;29;On;On;Off; 28.2; 27.9;0;91;679;91;679;90;493;1;-
2026/03/26;18:03:16;99;-; 52.26; 0.3;-; 68.3; 68.0; 16.8; 9.1; 7.7;1298;-0.1; 0.0; 0.0;-5; 26.5;F;1;29;On;On;Off; 29.7; 28.3;0;91;679;91;679;90;493;1;-
2026/03/26;18:04:16;99;-; 52.28; 0.2;-; 69.5; 68.1; 8.4; 0.7; 7.7;1298; 0.0; 0.2; 0.2;1; 26.5;F;1;29;On;On;Off; 30.0; 29.6;0;91;679;91;679;90;493;1;-
2026/03/26;18:05:16;99;-; 52.28; 0.0;-; 68.8; 68.8; 0.7; 0.7; 0.0;1298; 0.0; 0.3; 0.3;2; 26.4;F;1;29;On;On;Off; 28.3; 28.1;0;91;679;91;679;90;493;1;-
2026/03/26;18:06:16;99;-; 52.28; 0.1;-; 68.3; 68.9; 7.7; 7.7; 0.0;1298;-0.1; 0.0; 0.0;-4; 26.4;F;1;29;On;On;Off; 29.2; 27.5;0;91;679;91;679;90;493;1;-
2026/03/26;18:07:16;99;-; 52.24; 0.4;-; 68.1; 67.9; 18.9; 9.8; 9.1;1298;-0.1; 0.1; 0.1;-3; 26.5;F;1;29;On;On;Off; 29.9; 29.3;0;91;679;91;679;90;493;1;-
2026/03/26;18:08:16;99;-; 52.26; 0.0;-; 69.6; 69.5; 0.7; 0.7; 0.0;1298; 0.1; 0.3; 0.3;5; 26.4;F;1;29;On;On;Off; 28.4; 29.0;0;91;679;91;679;90;493;1;-
2026/03/26;18:09:16;99;-; 52.26; 0.1;-; 68.2; 69.0; 7.7; 7.7; 0.0;1298;-0.0; 0.1; 0.1;-2; 26.4;F;1;29;On;On;Off; 27.9; 27.5;0;91;679;91;679;90;493;1;-
2026/03/26;18:10:16;99;-; 52.22; 0.3;-; 68.2; 68.0; 14.0; 7.7; 6.3;1298;-0.1; 0.1; 0.1;-4; 26.4;F;1;29;On;On;Off; 29.6; 28.8;0;91;679;91;679;90;493;1;-
2026/03/26;18:11:16;99;-; 52.22; 0.1;-; 68.6; 68.0; 6.3; 0.7; 5.6;1298;-0.0; 0.2; 0.2;-1; 26.4;F;1;29;On;On;Off; 28.7; 29.4;0;91;679;91;679;90;493;1;-
2026/03/26;18:12:16;99;-; 52.26; 0.0;-; 68.4; 68.2; 0.7; 0.7; 0.0;1298;-0.1; 0.2; 0.2;-4; 26.4;F;1;29;On;On;Off; 27.9; 27.5;0;91;679;91;679;90;493;1;-
2026/03/26;18:13:16;99;-; 52.22; 0.2;-; 68.0; 67.9; 11.1; 6.3; 4.9;1298;-0.1; 0.0; 0.0;-5; 26.4;F;1;29;On;On;Off; 29.2; 27.5;0;91;679;91;679;90;493;1;-
2026/03/26;18:14:15;99;-; 52.20; 0.1;-; 67.9; 67.9; 5.5; 0.7; 4.9;1298;-0.1; 0.1; 0.1;-6; 26.4;F;1;29;On;On;Off; 29.7; 29.2;0;91;679;91;679;90;493;1;-
2026/03/26;18:15:15;99;-; 52.22; 0.0;-; 68.4; 68.3; 0.7; 0.7; 0.0;1298;-0.2; 0.2; 0.2;-10; 26.4;F;1;29;On;On;Off; 28.0; 27.9;0;91;679;91;679;90;493;1;-
2026/03/26;18:16:15;99;-; 52.22; 0.1;-; 68.1; 68.3; 7.0; 7.0; 0.0;1298;-0.1; 0.0; 0.0;-6; 26.4;F;1;29;On;On;Off; 28.6; 27.1;0;91;679;91;679;90;493;1;-
2026/03/26;18:17:15;99;-; 52.20; 0.1;-; 68.2; 69.5; 6.3; 5.6; 0.7;1298;-0.1; 0.1; 0.1;-4; 26.4;F;1;29;On;On;Off; 29.5; 28.9;0;91;679;91;679;90;493;1;-
2026/03/26;18:18:15;99;-; 52.18; 0.0;-; 67.6; 67.5; 0.7; 0.7; 0.0;1298;-0.2; 0.2; 0.2;-7; 26.4;F;1;29;On;On;Off; 28.1; 29.1;0;91;679;91;679;90;493;1;-
2026/03/26;18:19:15;99;-; 52.22; 0.0;-; 67.8; 67.9; 0.7; 0.7; 0.0;1298;-0.2; 0.1; 0.1;-9; 26.3;F;1;29;On;On;Off; 27.5; 27.2;0;91;679;91;679;90;493;1;-
2026/03/26;18:20:15;99;-; 52.18; 0.2;-; 68.1; 67.9; 9.8; 5.6; 4.2;1298;-0.1; 0.0; 0.0;-5; 26.3;F;1;29;On;On;Off; 29.2; 28.2;0;91;679;91;679;90;493;1;-
2026/03/26;18:21:15;99;-; 52.16; 0.1;-; 67.8; 68.0; 4.9; 0.7; 4.2;1298;-0.2; 0.2; 0.2;-8; 26.3;F;1;29;On;On;Off; 28.7; 29.1;0;91;679;91;679;90;493;1;-
2026/03/26;18:22:15;99;-; 52.20; 0.0;-; 67.6; 67.5; 0.7; 0.7; 0.0;1298;-0.2; 0.1; 0.1;-9; 26.3;F;1;29;On;On;Off; 27.6; 27.4;0;91;679;91;679;90;493;1;-
2026/03/26;18:23:15;99;-; 52.18; 0.1;-; 69.7; 67.8; 4.9; 1.4; 3.5;1298;-0.1; 0.0; 0.0;-6; 26.3;F;1;29;On;On;Off; 28.9; 27.0;0;91;679;91;679;90;493;1;-
2026/03/26;18:24:15;99;-; 52.14; 0.1;-; 69.6; 67.9; 4.9; 1.4; 3.5;1298;-0.1; 0.1; 0.1;-6; 26.3;F;1;29;On;On;Off; 29.4; 28.9;0;91;679;91;679;90;493;1;-
2026/03/26;18:25:15;99;-; 52.20; 0.0;-; 67.4; 67.3; 0.7; 0.7; 0.0;1298;-0.2; 0.2; 0.2;-12; 26.3;F;1;29;On;On;Off; 27.8; 27.9;0;91;679;91;679;90;493;1;-
2026/03/26;18:26:15;99;-; 52.20; 0.1;-; 68.0; 67.0; 4.9; 4.9; 0.0;1298;-0.1; 0.0; 0.0;-6; 26.2;F;1;29;On;On;Off; 28.0; 26.9;0;91;679;91;679;90;493;1;-
2026/03/26;18:27:15;99;-; 52.14; 0.2;-; 68.0; 67.8; 9.0; 4.9; 4.2;1298;-0.1; 0.0; 0.0;-6; 26.3;F;1;29;On;On;Off; 29.2; 28.5;0;91;679;91;679;90;493;1;-
2026/03/26;18:28:15;99;-; 52.16; 0.1;-; 66.9; 67.9; 4.9; 0.7; 4.2;1298;-0.2; 0.2; 0.2;-11; 26.2;F;1;29;On;On;Off; 28.0; 29.0;0;91;679;91;679;90;493;1;-
2026/03/26;18:29:15;99;-; 52.20; 0.0;-; 66.5; 66.3; 0.7; 0.7; 0.0;1298;-0.2; 0.1; 0.1;-11; 26.2;F;1;29;On;On;Off; 27.4; 27.0;0;91;679;91;679;90;493;1;-
2026/03/26;18:30:14;99;-; 52.18; 0.1;-; 68.1; 65.9; 3.5; 3.5; 0.0;1298;-0.1; 0.0; 0.0;-5; 26.2;F;1;29;On;On;Off; 28.9; 26.9;0;91;679;91;679;90;493;1;-
2026/03/26;18:31:14;99;-; 52.16; 0.0;-; 65.6; 65.6; 0.7; 0.7; 0.0;1298;-0.2; 0.1; 0.1;-11; 26.2;F;1;29;On;On;Off; 28.6; 26.8;0;91;679;91;679;90;493;1;-
2026/03/26;18:32:14;99;-; 52.20; 0.0;-; 65.4; 65.3; 0.7; 0.7; 0.0;1298;-0.2; 0.0; 0.0;-9; 26.2;F;1;29;On;On;Off; 27.1; 26.6;0;91;679;91;679;90;493;1;-
2026/03/26;18:33:14;99;-; 52.18; 0.0;-; 65.9; 65.7; 0.7; 0.7; 0.0;1298;-0.1; 0.0; 0.0;-5; 26.2;F;1;29;On;On;Off; 26.9; 26.4;0;91;679;91;679;90;493;1;-
2026/03/26;18:34:14;99;-; 52.18; 0.0;-; 65.8; 65.7; 0.7; 0.7; 0.0;1298;-0.1; 0.0; 0.0;-5; 26.2;F;1;29;On;On;Off; 26.7; 26.3;0;91;679;91;679;90;493;1;-
2026/03/26;18:35:14;99;-; 52.18; 0.0;-; 65.0; 64.9; 0.7; 0.7; 0.0;1298;-0.1; 0.0; 0.0;-5; 26.1;F;1;29;On;On;Off; 26.6; 26.2;0;91;679;91;679;90;493;1;-
2026/03/26;18:36:14;99;-; 52.20; 0.0;-; 64.5; 64.3; 0.7; 0.7; 0.0;1298;-0.1; 0.0; 0.0;-5; 26.1;F;1;29;On;On;Off; 26.6; 26.1;0;91;679;91;679;90;493;1;-
2026/03/26;18:37:14;99;-; 52.18; 0.0;-; 64.5; 64.2; 0.7; 0.7; 0.0;1298;-0.1; 0.0; 0.0;-6; 26.1;F;1;29;On;On;Off; 26.4; 26.0;0;91;679;91;679;90;493;1;-
2026/03/26;18:38:14;99;-; 52.18; 0.0;-; 64.5; 64.4; 0.7; 0.7; 0.0;1298;-0.1; 0.0; 0.0;-5; 26.1;F;1;29;On;On;Off; 26.3; 25.9;0;91;679;91;679;90;493;1;-
2026/03/26;18:39:14;99;-; 52.18; 0.0;-; 64.3; 64.2; 0.7; 0.7; 0.0;1298;-0.1; 0.0; 0.0;-4; 26.1;F;1;29;On;On;Off; 26.2; 25.8;0;91;679;91;679;90;493;1;-
2026/03/26;18:40:14;99;-; 52.20; 0.0;-; 64.0; 63.9; 0.7; 0.7; 0.0;1298;-0.1; 0.0; 0.0;-4; 26.1;F;1;29;On;On;Off; 26.1; 25.8;0;91;679;91;679;90;493;1;-
2026/03/26;18:41:14;99;-; 52.20; 0.0;-; 63.6; 63.4; 0.7; 0.7; 0.0;1298;-0.1; 0.0; 0.0;-5; 26.1;F;1;29;On;On;Off; 26.0; 25.6;0;91;679;91;679;90;493;1;-
2026/03/26;18:42:14;99;-; 52.18; 0.0;-; 63.5; 63.2; 0.7; 0.7; 0.0;1298;-0.1; 0.0; 0.0;-5; 26.0;F;1;29;On;On;Off; 25.9; 25.5;0;91;679;91;679;90;493;1;-
2026/03/26;18:43:14;99;-; 52.20; 0.0;-; 63.4; 63.3; 0.7; 0.7; 0.0;1298;-0.1; 0.0; 0.0;-4; 26.0;F;1;29;On;On;Off; 25.9; 25.4;0;91;679;91;679;90;493;1;-
2026/03/26;18:44:14;99;-; 52.20; 0.0;-; 63.0; 62.9; 0.7; 0.7; 0.0;1298;-0.1; 0.0; 0.0;-5; 26.0;F;1;29;On;On;Off; 25.8; 25.4;0;91;679;91;679;90;493;1;-
2026/03/26;18:45:13;99;-; 52.18; 0.0;-; 63.0; 63.0; 0.7; 0.7; 0.0;1298;-0.1; 0.0; 0.0;-5; 26.0;F;1;29;On;On;Off; 25.7; 25.3;0;91;679;91;679;90;493;1;-
2026/03/26;18:46:13;99;-; 52.20; 0.0;-; 63.5; 62.5; 0.7; 0.7; 0.0;1298;-0.1; 0.0; 0.0;-5; 26.0;F;1;29;On;On;Off; 25.6; 25.2;0;91;679;91;679;90;493;1;-
2026/03/26;18:47:13;99;-; 52.20; 0.0;-; 62.8; 62.7; 0.7; 0.7; 0.0;1298;-0.1; 0.0; 0.0;-5; 26.0;F;1;29;On;On;Off; 25.6; 25.2;0;91;679;91;679;90;493;1;-
2026/03/26;18:48:13;99;-; 52.18; 0.0;-; 63.1; 62.8; 0.7; 0.7; 0.0;1298;-0.1; 0.0; 0.0;-4; 26.0;F;1;29;On;On;Off; 25.5; 25.2;0;91;679;91;679;90;493;1;-
2026/03/26;18:49:13;99;-; 52.18; 0.0;-; 62.9; 62.7; 0.7; 0.7; 0.0;1299;-0.1; 0.0; 0.0;-4; 26.0;F;1;29;On;On;Off; 25.4; 25.1;0;91;679;91;679;90;493;1;-
2026/03/26;18:50:13;98;-; 52.18; 0.0;-; 62.3; 62.2; 0.7; 0.7; 0.0;1299;-0.1; 0.0; 0.0;-5; 26.0;F;1;29;On;On;Off; 25.4; 25.1;0;91;679;91;679;90;493;1;-
2026/03/26;18:51:13;98;-; 52.18; 0.0;-; 62.2; 62.0; 0.7; 0.7; 0.0;1299;-0.1; 0.0; 0.0;-5; 26.0;F;1;29;On;On;Off; 25.4; 25.0;0;91;679;91;679;90;493;1;-
2026/03/26;18:52:13;98;-; 52.16; 0.0;-; 62.0; 61.8; 0.7; 0.7; 0.0;1299;-0.1; 0.0; 0.0;-5; 26.0;F;1;29;On;On;Off; 25.3; 24.9;0;91;679;91;679;90;493;1;-
2026/03/26;18:53:13;98;-; 52.16; 0.0;-; 61.7; 61.4; 0.7; 0.7; 0.0;1299;-0.1; 0.0; 0.0;-5; 26.1;F;1;29;On;On;Off; 25.4; 24.9;0;91;679;91;679;90;493;1;-
2026/03/26;18:54:13;98;-; 52.18; 0.0;-; 61.4; 61.3; 0.7; 0.7; 0.0;1299;-0.1; 0.0; 0.0;-5; 26.1;F;1;29;On;On;Off; 25.3; 24.9;0;91;679;91;679;90;493;1;-
2026/03/26;18:55:13;98;-; 52.18; 0.0;-; 61.2; 61.1; 0.7; 0.7; 0.0;1299;-0.1; 0.0; 0.0;-5; 26.1;F;1;29;On;On;Off; 25.2; 24.8;0;91;679;91;679;90;493;1;-
2026/03/26;18:56:13;98;-; 52.18; 0.0;-; 60.8; 60.6; 0.7; 0.7; 0.0;1299;-0.1; 0.0; 0.0;-5; 26.1;F;1;29;On;On;Off; 25.1; 24.7;0;91;679;91;679;90;493;1;-
2026/03/26;18:57:13;98;-; 52.16; 0.0;-; 60.4; 60.2; 0.7; 0.7; 0.0;1299;-0.1; 0.0; 0.0;-6; 26.1;F;1;29;On;On;Off; 25.2; 24.8;0;91;679;91;679;90;493;1;-
2026/03/26;18:58:13;98;-; 52.18; 0.0;-; 60.1; 60.0; 0.7; 0.7; 0.0;1299;-0.1; 0.0; 0.0;-6; 26.1;F;1;29;On;On;Off; 25.1; 24.7;0;91;679;91;679;90;493;1;-
2026/03/26;18:59:13;98;-; 52.16; 0.0;-; 60.4; 60.0; 1.4; 1.4; 0.0;1299;-0.1; 0.0; 0.0;-6; 26.1;F;1;29;On;On;Off; 25.0; 24.7;0;91;679;91;679;90;493;1;-
2026/03/26;19:00:12;98;-; 52.16; 0.0;-; 60.0; 59.8; 0.7; 0.7; 0.0;1299;-0.1; 0.0; 0.0;-6; 26.1;F;1;29;On;On;Off; 25.0; 24.6;0;91;679;91;679;90;493;1;-
2026/03/26;19:01:12;98;-; 52.16; 0.0;-; 59.5; 59.4; 0.7; 0.7; 0.0;1299;-0.1; 0.0; 0.0;-6; 26.1;F;1;29;On;On;Off; 24.9; 24.6;0;91;679;91;679;90;493;1;-
2026/03/26;19:02:12;98;-; 52.16; 0.0;-; 59.2; 59.0; 0.7; 0.7; 0.0;1299;-0.1; 0.0; 0.0;-5; 26.1;F;1;29;On;On;Off; 24.9; 24.5;0;91;679;91;679;90;493;1;-
2026/03/26;19:03:12;98;-; 52.16; 0.0;-; 59.1; 58.8; 0.7; 0.7; 0.0;1299;-0.1; 0.0; 0.0;-5; 26.1;F;1;29;On;On;Off; 24.9; 24.5;0;91;679;91;679;90;493;1;-
2026/03/26;19:04:12;98;-; 52.16; 0.0;-; 58.5; 58.4; 0.7; 0.7;-;1299;-0.1; 0.0; 0.0;-5; 26.1;F;1;29;On;On;Off; 24.8; 24.4;0;91;679;91;679;90;493;1;-
2026/03/26;19:05:12;98;-; 52.16; 0.0;-; 58.3; 58.0; 0.0;-;-;1299;-0.1; 0.0; 0.0;-5; 26.1;F;1;29;On;On;Off; 24.8; 24.4;0;91;679;91;679;90;493;0;-
2026/03/26;19:06:12;98;-; 52.14; 0.0;-; 57.2; 57.0; 0.0;-;-;1299;-0.1; 0.0; 0.0;-5; 26.1;F;1;29;On;On;Off; 24.7; 24.4;0;91;679;91;679;90;493;0;-
2026/03/26;19:07:12;98;-; 52.16; 0.0;-; 56.8; 56.4; 0.0;-;-;1299;-0.1; 0.0; 0.0;-5; 26.1;F;1;29;On;On;Off; 24.6; 24.3;0;91;679;91;679;90;493;0;-
2026/03/26;19:08:12;98;-; 52.16; 0.0;-; 56.2; 55.7; 0.0;-;-;1299;-0.1; 0.0; 0.0;-4; 26.1;F;1;29;On;On;Off; 24.6; 24.3;0;91;679;91;679;90;493;0;-
2026/03/26;19:09:12;98;-; 52.16; 0.0;-; 55.3; 54.9; 0.0;-;-;1299;-0.1; 0.0; 0.0;-4; 26.1;F;1;29;On;On;Off; 24.5; 24.2;0;91;679;91;679;90;493;0;-
2026/03/26;19:10:12;98;-; 52.16; 0.0;-; 54.7; 54.0; 0.0;-;-;1299;-0.1; 0.0; 0.0;-4; 26.1;F;1;29;On;On;Off; 24.5; 24.2;0;91;679;91;679;90;493;0;-
2026/03/26;19:11:12;98;-; 52.16; 0.0;-; 54.1; 53.5; 0.0;-;-;1299;-0.1; 0.0; 0.0;-4; 26.1;F;1;29;On;On;Off; 24.4; 24.1;0;91;679;91;679;90;493;0;-
2026/03/26;19:12:12;98;-; 52.14; 0.0;-; 53.0; 52.4; 0.0;-;-;1299;-0.1; 0.0; 0.0;-5; 26.1;F;1;29;On;On;Off; 24.4; 24.1;0;91;679;91;679;90;493;0;-
2026/03/26;19:13:12;98;-; 52.14; 0.0;-; 52.0; 51.3; 0.0;-;-;1299;-0.1; 0.0; 0.0;-5; 26.1;F;1;29;On;On;Off; 24.3; 24.0;0;91;679;91;679;90;493;0;-
2026/03/26;19:14:12;98;-; 52.14; 0.0;-; 51.2; 50.4; 0.0;-;-;1299;-0.1; 0.0; 0.0;-4; 26.1;F;1;29;On;On;Off; 24.3; 24.0;0;91;679;91;679;90;493;0;-
2026/03/26;19:15:12;98;-; 52.14; 0.0;-; 50.4; 49.8; 0.0;-;-;1299;-0.1; 0.0; 0.0;-4; 26.0;F;1;29;On;On;Off; 24.2; 24.0;0;91;679;91;679;90;493;0;-
2026/03/26;19:16:11;98;-; 52.14; 0.0;-; 50.0; 49.2; 0.0;-;-;1299;-0.1; 0.0; 0.0;-4; 26.0;F;1;29;On;On;Off; 24.2; 23.9;0;91;679;91;679;90;493;0;-
2026/03/26;19:17:11;98;-; 52.12; 0.0;-; 49.7; 48.7; 0.0;-;-;1299;-0.1; 0.0; 0.0;-5; 26.0;F;1;29;On;On;Off; 24.2; 23.9;0;91;679;91;679;90;493;0;-
2026/03/26;19:18:11;98;-; 52.14; 0.0;-; 48.8; 48.1; 0.0;-;-;1299;-0.1; 0.0; 0.0;-4; 26.0;F;1;29;On;On;Off; 24.1; 23.9;0;91;679;91;679;90;493;0;-
2026/03/26;19:19:11;98;-; 52.14; 0.0;-; 47.5; 46.9; 0.0;-;-;1299;-0.1; 0.0; 0.0;-5; 26.0;F;1;29;On;On;Off; 24.1; 23.8;0;91;679;91;679;90;493;0;-
2026/03/26;19:20:11;98;-; 52.14; 0.0;-; 47.2; 46.3; 0.0;-;-;1299;-0.1; 0.0; 0.0;-5; 26.0;F;1;29;On;On;Off; 24.1; 23.8;0;91;679;91;679;90;493;0;-
2026/03/26;19:21:11;98;-; 52.14; 0.0;-; 46.7; 46.0; 0.0;-;-;1299;-0.1; 0.0; 0.0;-4; 26.0;F;1;29;On;On;Off; 24.0; 23.8;0;91;679;91;679;90;493;0;-
2026/03/26;19:22:11;98;-; 52.14; 0.0;-; 45.8; 45.0; 0.0;-;-;1299;-0.1; 0.0; 0.0;-4; 26.0;F;1;29;On;On;Off; 24.0; 23.7;0;91;679;91;679;90;493;0;-
2026/03/26;19:23:11;98;-; 52.14; 0.0;-; 44.3; 43.5; 0.0;-;-;1299;-0.1; 0.0; 0.0;-4; 26.0;F;1;29;On;On;Off; 24.0; 23.7;0;91;679;91;679;90;493;0;-
2026/03/26;19:24:11;98;-; 52.14; 0.0;-; 42.7; 41.8; 0.0;-;-;1299;-0.1; 0.0; 0.0;-4; 26.0;F;1;29;On;On;Off; 24.0; 23.7;0;91;679;91;679;90;493;0;-
2026/03/26;19:25:11;98;-; 52.14; 0.0;-; 40.8; 39.9; 0.0;-;-;1299;-0.1; 0.0; 0.0;-5; 26.0;F;1;29;On;On;Off; 23.9; 23.6;0;91;679;91;679;90;493;0;-
2026/03/26;19:26:11;98;-; 52.12; 0.0;-; 39.0; 38.3; 0.0;-;-;1299;-0.1; 0.0; 0.0;-4; 26.0;F;1;29;On;On;Off; 23.9; 23.6;0;91;679;91;679;90;493;0;-
2026/03/26;19:27:11;98;-; 52.12; 0.0;-; 38.0; 37.4; 0.0;-;-;1299;-0.1; 0.0; 0.0;-5; 25.9;F;1;29;On;On;Off; 23.9; 23.6;0;91;679;91;679;90;493;0;-
2026/03/26;19:28:11;98;-; 52.12; 0.0;-; 36.2; 35.6; 0.0;-;-;1299;-0.1; 0.0; 0.0;-5; 25.9;F;1;29;On;On;Off; 23.8; 23.5;0;91;679;91;679;90;493;0;-
2026/03/26;19:29:11;98;-; 52.12; 0.0;-; 34.3; 34.0; 0.0;-;-;1299;-0.1; 0.0; 0.0;-5; 25.9;F;1;29;On;On;Off; 23.8; 23.5;0;91;679;91;679;90;493;0;-
2026/03/26;19:30:11;98;-; 52.12; 0.0;-; 32.8; 32.5; 0.0;-;-;1299;-0.1; 0.0; 0.0;-4; 25.9;F;1;29;On;On;Off; 23.8; 23.5;0;91;679;91;679;90;493;0;-
2026/03/26;19:31:10;98;-; 52.10; 0.0;-; 32.0; 31.9; 0.0;-;-;1299;-0.1; 0.0; 0.0;-5; 25.9;F;1;29;On;On;Off; 23.8; 23.5;0;91;679;91;679;90;493;0;-
2026/03/26;19:32:10;98;-; 52.12; 0.0;-; 30.7; 30.4; 0.0;-;-;1299;-0.1; 0.0; 0.0;-5; 25.9;F;1;29;On;On;Off; 23.7; 23.5;0;91;679;91;679;90;493;0;-
2026/03/26;19:33:10;98;-; 52.12; 0.0;-; 29.1; 29.1; 0.0;-;-;1299;-0.1; 0.0; 0.0;-4; 25.9;F;1;29;On;On;Off; 23.7; 23.4;0;91;679;91;679;90;493;0;-
2026/03/26;19:34:10;98;-; 52.12; 0.0;-; 28.0; 28.2; 0.0;-;-;1299;-0.1; 0.0; 0.0;-4; 25.9;F;1;29;On;On;Off; 23.7; 23.4;0;91;679;91;679;90;493;0;-
2026/03/26;19:35:10;98;-; 52.10; 0.0;-; 27.0; 27.3; 0.0;-;-;1299;-0.1; 0.0; 0.0;-4; 25.9;F;1;29;On;On;Off; 23.7; 23.4;0;91;679;91;679;90;493;0;-
2026/03/26;19:36:10;98;-; 52.10; 0.0;-; 26.1; 26.6; 0.0;-;-;1299;-0.1; 0.0; 0.0;-4; 25.9;F;1;29;On;On;Off; 23.6; 23.4;0;91;679;91;679;90;493;0;-
2026/03/26;19:37:10;98;-; 52.10; 0.0;-; 25.4; 25.8; 0.0;-;-;1299;-0.1; 0.0; 0.0;-4; 25.9;F;1;29;On;On;Off; 23.6; 23.3;0;91;679;91;679;90;493;0;-
2026/03/26;19:38:10;98;-; 52.12; 0.0;-; 24.6; 24.9; 0.0;-;-;1299;-0.1; 0.0; 0.0;-4; 25.9;F;1;29;On;On;Off; 23.6; 23.3;0;91;679;91;679;90;493;0;-
2026/03/26;19:39:10;98;-; 52.12; 0.0;-; 23.9; 24.3; 0.0;-;-;1299;-0.1; 0.0; 0.0;-4; 25.9;F;1;29;On;On;Off; 23.6; 23.3;0;91;679;91;679;90;493;0;-
2026/03/26;19:40:10;98;-; 52.12; 0.0;-; 23.4; 23.8; 0.0;-;-;1299;-0.1; 0.0; 0.0;-3; 25.8;F;1;29;On;On;Off; 23.6; 23.3;0;91;679;91;679;90;493;0;-
2026/03/26;19:41:10;98;-; 52.12; 0.0;-; 22.9; 23.4; 0.0;-;-;1299;-0.1; 0.0; 0.0;-4; 25.8;F;1;29;On;On;Off; 23.5; 23.3;0;91;679;91;679;90;493;0;-
2026/03/26;19:42:10;98;-; 52.12; 0.0;-; 22.6; 23.1; 0.0;-;-;1299;-0.1; 0.0; 0.0;-4; 25.8;F;1;29;On;On;Off; 23.5; 23.2;0;91;679;91;679;90;493;0;-
2026/03/26;19:43:10;98;-; 52.12; 0.0;-; 22.3; 22.8; 0.0;-;-;1299;-0.1; 0.0; 0.0;-4; 25.8;F;1;29;On;On;Off; 23.5; 23.2;0;91;679;91;679;90;493;0;-
2026/03/26;19:44:10;98;-; 52.10; 0.0;-; 21.9; 22.6; 0.0;-;-;1299;-0.1; 0.0; 0.0;-5; 25.8;F;1;29;On;On;Off; 23.5; 23.2;0;91;679;91;679;90;493;0;-
2026/03/26;19:45:10;98;-; 52.10; 0.0;-; 21.5; 22.4; 0.0;-;-;1299;-0.1; 0.0; 0.0;-5; 25.8;F;1;29;On;On;Off; 23.5; 23.2;0;91;679;91;679;90;493;0;-
2026/03/26;19:46:10;98;-; 52.10; 0.0;-; 21.4; 22.2; 0.0;-;-;1299;-0.1; 0.0; 0.0;-5; 25.8;F;1;29;On;On;Off; 23.5; 23.2;0;91;679;91;679;90;493;0;-
2026/03/26;19:47:09;98;-; 52.10; 0.0;-; 21.2; 22.1; 0.0;-;-;1299;-0.1; 0.0; 0.0;-5; 25.8;F;1;29;On;On;Off; 23.4; 23.1;0;91;679;91;679;90;493;0;-
2026/03/26;19:48:09;98;-; 52.10; 0.0;-; 20.7; 21.8; 0.0;-;-;1299;-0.1; 0.0; 0.0;-4; 25.8;F;1;29;On;On;Off; 23.4; 23.1;0;91;679;91;679;90;493;0;-
2026/03/26;19:49:09;97;-; 52.10; 0.0;-; 20.4; 21.5; 0.0;-;-;1300;-0.1; 0.0; 0.0;-5; 25.8;F;1;29;On;On;Off; 23.4; 23.1;0;91;679;91;679;90;493;0;-
2026/03/26;19:50:09;97;-; 52.10; 0.0;-; 20.0; 21.1; 0.0;-;-;1300;-0.1; 0.0; 0.0;-4; 25.7;F;1;29;On;On;Off; 23.4; 23.1;0;91;679;91;679;90;493;0;-
2026/03/26;19:51:09;97;-; 52.10; 0.0;-; 19.3; 20.4; 0.0;-;-;1300;-0.1; 0.0; 0.0;-4; 25.7;F;1;29;On;On;Off; 23.4; 23.1;0;91;679;91;679;90;493;0;-
2026/03/26;19:52:09;97;-; 52.10; 0.0;-; 18.8; 19.9; 0.0;-;-;1300;-0.1; 0.0; 0.0;-5; 25.7;F;1;29;On;On;Off; 23.4; 23.1;0;91;679;91;679;90;493;0;-
2026/03/26;19:53:09;97;-; 52.10; 0.0;-; 18.3; 19.7; 0.0;-;-;1300;-0.1; 0.0; 0.0;-5; 25.7;F;1;29;On;On;Off; 23.3; 23.1;0;91;679;91;679;90;493;0;-
2026/03/26;19:54:09;97;-; 52.10; 0.0;-; 18.1; 19.6; 0.0;-;-;1300;-0.1; 0.0; 0.0;-4; 25.7;F;1;29;On;On;Off; 23.3; 23.0;0;91;679;91;679;90;493;0;-
2026/03/26;19:55:09;97;-; 52.10; 0.0;-; 18.0; 19.4; 0.0;-;-;1300;-0.1; 0.0; 0.0;-5; 25.7;F;1;29;On;On;Off; 23.3; 23.0;0;91;679;91;679;90;493;0;-
2026/03/26;19:56:09;97;-; 52.10; 0.0;-; 17.7; 19.1; 0.0;-;-;1300;-0.1; 0.0; 0.0;-5; 25.7;F;1;29;On;On;Off; 23.3; 23.0;0;91;679;91;679;90;493;0;-
2026/03/26;19:57:09;97;-; 52.10; 0.0;-; 17.4; 18.9; 0.0;-;-;1300;-0.1; 0.0; 0.0;-5; 25.6;F;1;29;On;On;Off; 23.3; 23.0;0;91;679;91;679;90;493;0;-
2026/03/26;19:58:09;97;-; 52.10; 0.0;-; 17.3; 18.7; 0.0;-;-;1300;-0.1; 0.0; 0.0;-5; 25.6;F;1;29;On;On;Off; 23.3; 23.0;0;91;679;91;679;90;493;0;-
2026/03/26;19:59:09;97;-; 52.08; 0.0;-; 17.2; 18.9; 0.0;-;-;1300;-0.1; 0.0; 0.0;-5; 25.6;F;1;29;On;On;Off; 23.3; 23.0;0;91;679;91;679;90;493;0;-
2026/03/26;20:00:09;97;-; 52.10; 0.0;-; 17.0; 18.5; 0.0;-;-;1300;-0.1; 0.0; 0.0;-5; 25.6;F;1;29;On;On;Off; 23.2; 23.0;0;91;679;91;679;90;493;0;-
2026/03/26;20:01:09;97;-; 52.08; 0.0;-; 16.9; 18.5; 0.0;-;-;1300;-0.1; 0.0; 0.0;-5; 25.6;F;1;29;On;On;Off; 23.2; 22.9;0;91;679;91;679;90;493;0;-
2026/03/26;20:02:09;97;-; 52.10; 0.0;-; 16.8; 18.3; 0.0;-;-;1300;-0.1; 0.0; 0.0;-4; 25.6;F;1;29;On;On;Off; 23.2; 22.9;0;91;679;91;679;90;493;0;-
2026/03/26;20:03:08;97;-; 52.08; 0.0;-; 16.7; 18.4; 0.0;-;-;1300;-0.1; 0.0; 0.0;-4; 25.6;F;1;29;On;On;Off; 23.2; 22.9;0;91;679;91;679;90;493;0;-
2026/03/26;20:04:08;97;-; 52.10; 0.0;-; 16.6; 18.2; 0.0;-;-;1300;-0.1; 0.0; 0.0;-4; 25.6;F;1;29;On;On;Off; 23.2; 22.9;0;91;679;91;679;90;493;0;-
2026/03/26;20:05:08;97;-; 52.10; 0.0;-; 16.7; 18.1; 0.0;-;-;1300;-0.1; 0.0; 0.0;-4; 25.6;F;1;29;On;On;Off; 23.2; 22.9;0;91;679;91;679;90;493;0;-
2026/03/26;20:06:08;97;-; 52.10; 0.0;-; 16.4; 18.1; 0.0;-;-;1300;-0.1; 0.0; 0.0;-4; 25.6;F;1;29;On;On;Off; 23.2; 22.9;0;91;679;91;679;90;493;0;-
2026/03/26;20:07:08;97;-; 52.10; 0.0;-; 16.2; 18.0; 0.0;-;-;1300;-0.1; 0.0; 0.0;-5; 25.6;F;1;29;On;On;Off; 23.1; 22.9;0;91;679;91;679;90;493;0;-
2026/03/26;20:08:08;97;-; 52.10; 0.0;-; 16.2; 17.7; 0.0;-;-;1300;-0.1; 0.0; 0.0;-5; 25.6;F;1;29;On;On;Off; 23.1; 22.9;0;91;679;91;679;90;493;0;-
2026/03/26;20:09:08;97;-; 52.08; 0.0;-; 16.2; 17.7; 0.0;-;-;1300;-0.1; 0.0; 0.0;-5; 25.6;F;1;29;On;On;Off; 23.1; 22.8;0;91;679;91;679;90;493;0;-
2026/03/26;20:10:08;97;-; 52.08; 0.0;-; 16.0; 17.7; 0.0;-;-;1300;-0.1; 0.0; 0.0;-4; 25.6;F;1;29;On;On;Off; 23.1; 22.8;0;91;679;91;679;90;493;0;-
2026/03/26;20:11:08;97;-; 52.06; 0.0;-; 16.0; 17.6; 0.0;-;-;1300;-0.1; 0.0; 0.0;-5; 25.6;F;1;29;On;On;Off; 23.1; 22.8;0;91;679;91;679;90;493;0;-
2026/03/26;20:12:08;97;-; 52.08; 0.0;-; 15.9; 17.7; 0.0;-;-;1300;-0.1; 0.0; 0.0;-4; 25.5;F;1;29;On;On;Off; 23.1; 22.8;0;91;679;91;679;90;493;0;-
2026/03/26;20:13:08;97;-; 52.08; 0.0;-; 16.0; 17.6; 0.0;-;-;1300;-0.1; 0.0; 0.0;-4; 25.5;F;1;29;On;On;Off; 23.1; 22.8;0;91;679;91;679;90;493;0;-
2026/03/26;20:14:08;97;-; 52.08; 0.0;-; 16.0; 17.6; 0.0;-;-;1300;-0.1; 0.0; 0.0;-4; 25.5;F;1;29;On;On;Off; 23.1; 22.8;0;91;679;91;679;90;493;0;-
2026/03/26;20:15:08;97;-; 52.08; 0.0;-; 15.9; 17.7; 0.0;-;-;1300;-0.1; 0.0; 0.0;-4; 25.5;F;1;29;On;On;Off; 23.0; 22.8;0;91;679;91;679;90;493;0;-
2026/03/26;20:16:08;97;-; 52.08; 0.0;-; 15.9; 17.6; 0.0;-;-;1300;-0.1; 0.0; 0.0;-4; 25.5;F;1;29;On;On;Off; 23.0; 22.8;0;91;679;91;679;90;493;0;-
2026/03/26;20:17:08;97;-; 52.08; 0.0;-; 16.0; 17.6; 0.0;-;-;1300;-0.1; 0.0; 0.0;-4; 25.6;F;1;29;On;On;Off; 23.0; 22.8;0;91;679;91;679;90;493;0;-
2026/03/26;20:18:08;97;-; 52.08; 0.0;-; 16.0; 17.7; 0.0;-;-;1300;-0.1; 0.0; 0.0;-5; 25.5;F;1;29;On;On;Off; 23.0; 22.8;0;91;679;91;679;90;493;0;-
2026/03/26;20:19:07;97;-; 52.06; 0.0;-; 15.9; 17.6; 0.0;-;-;1300;-0.1; 0.0; 0.0;-5; 25.5;F;1;29;On;On;Off; 23.0; 22.8;0;91;679;91;679;90;493;0;-
2026/03/26;20:20:07;97;-; 52.08; 0.0;-; 15.9; 17.5; 0.0;-;-;1300;-0.1; 0.0; 0.0;-5; 25.5;F;1;29;On;On;Off; 23.0; 22.8;0;91;679;91;679;90;493;0;-
2026/03/26;20:21:07;97;-; 52.08; 0.0;-; 16.1; 17.8; 0.0;-;-;1300;-0.1; 0.0; 0.0;-4; 25.5;F;1;29;On;On;Off; 23.0; 22.8;0;91;679;91;679;90;493;0;-
2026/03/26;20:22:07;97;-; 52.08; 0.0;-; 16.1; 17.8; 0.0;-;-;1300;-0.1; 0.0; 0.0;-5; 25.5;F;1;29;On;On;Off; 23.0; 22.8;0;91;679;91;679;90;493;0;-
2026/03/26;20:23:07;97;-; 52.08; 0.0;-; 16.2; 17.8; 0.0;-;-;1300;-0.1; 0.0; 0.0;-4; 25.5;F;1;29;On;On;Off; 23.0; 22.7;0;91;679;91;679;90;493;0;-
2026/03/26;20:24:07;97;-; 52.08; 0.0;-; 15.8; 17.7; 0.0;-;-;1300;-0.1; 0.0; 0.0;-4; 25.6;F;1;29;On;On;Off; 23.0; 22.7;0;91;679;91;679;90;493;0;-
2026/03/26;20:25:07;97;-; 52.08; 0.0;-; 15.8; 17.6; 0.0;-;-;1300;-0.1; 0.0; 0.0;-5; 25.6;F;1;29;On;On;Off; 23.0; 22.7;0;91;679;91;679;90;493;0;-
2026/03/26;20:26:07;97;-; 52.08; 0.0;-; 15.9; 17.7; 0.0;-;-;1300;-0.1; 0.0; 0.0;-5; 25.6;F;1;29;On;On;Off; 23.0; 22.7;0;91;679;91;679;90;493;0;-
2026/03/26;20:27:07;97;-; 52.08; 0.0;-; 16.0; 17.9; 0.0;-;-;1300;-0.1; 0.0; 0.0;-5; 25.6;F;1;29;On;On;Off; 23.0; 22.7;0;91;679;91;679;90;493;0;-
2026/03/26;20:28:07;97;-; 52.08; 0.0;-; 16.1; 17.8; 0.0;-;-;1300;-0.1; 0.0; 0.0;-5; 25.6;F;1;29;On;On;Off; 23.0; 22.7;0;91;679;91;679;90;493;0;-
2026/03/26;20:29:07;97;-; 52.08; 0.0;-; 16.1; 18.0; 0.0;-;-;1300;-0.1; 0.0; 0.0;-5; 25.6;F;1;29;On;On;Off; 23.0; 22.7;0;91;679;91;679;90;493;0;-
2026/03/26;20:30:07;97;-; 52.08; 0.0;-; 15.9; 17.6; 0.0;-;-;1300;-0.1; 0.0; 0.0;-6; 25.6;F;1;29;On;On;Off; 23.0; 22.7;0;91;679;91;679;90;493;0;-
2026/03/26;20:31:07;97;-; 52.08; 0.0;-; 16.0; 17.6; 0.0;-;-;1300;-0.1; 0.0; 0.0;-5; 25.6;F;1;29;On;On;Off; 23.0; 22.7;0;91;679;91;679;90;493;0;-
2026/03/26;20:32:07;97;-; 52.08; 0.0;-; 16.2; 17.8; 0.0;-;-;1300;-0.1; 0.0; 0.0;-5; 25.6;F;1;29;On;On;Off; 23.0; 22.7;0;91;679;91;679;90;493;0;-
2026/03/26;20:33:07;97;-; 52.06; 0.0;-; 15.9; 17.7; 0.0;-;-;1300;-0.1; 0.0; 0.0;-5; 25.6;F;1;29;On;On;Off; 23.0; 22.7;0;91;679;91;679;90;493;0;-
2026/03/26;20:34:06;97;-; 52.06; 0.0;-; 15.9; 17.6; 0.0;-;-;1300;-0.1; 0.0; 0.0;-5; 25.7;F;1;29;On;On;Off; 23.0; 22.7;0;91;679;91;679;90;493;0;-
2026/03/26;20:35:06;97;-; 52.06; 0.0;-; 15.8; 17.5; 0.0;-;-;1300;-0.1; 0.0; 0.0;-5; 25.7;F;1;29;On;On;Off; 23.0; 22.7;0;91;679;91;679;90;493;0;-
2026/03/26;20:36:06;97;-; 52.06; 0.0;-; 15.8; 17.5; 0.0;-;-;1300;-0.1; 0.0; 0.0;-5; 25.7;F;1;29;On;On;Off; 23.0; 22.7;0;91;679;91;679;90;493;0;-
2026/03/26;20:37:06;97;-; 52.06; 0.0;-; 15.8; 17.7; 0.0;-;-;1300;-0.1; 0.0; 0.0;-5; 25.7;F;1;29;On;On;Off; 23.0; 22.7;0;91;679;91;679;90;493;0;-
2026/03/26;20:38:06;97;-; 52.06; 0.0;-; 15.7; 17.5; 0.0;-;-;1300;-0.1; 0.0; 0.0;-5; 25.7;F;1;29;On;On;Off; 22.9; 22.7;0;91;679;91;679;90;493;0;-
2026/03/26;20:39:06;97;-; 52.06; 0.0;-; 15.9; 17.4; 0.0;-;-;1300;-0.1; 0.0; 0.0;-5; 25.7;F;1;29;On;On;Off; 22.9; 22.7;0;91;679;91;679;90;493;0;-
2026/03/26;20:40:06;97;-; 52.06; 0.0;-; 15.7; 17.4; 0.0;-;-;1300;-0.1; 0.0; 0.0;-5; 25.7;F;1;29;On;On;Off; 22.9; 22.7;0;91;679;91;679;90;493;0;-
2026/03/26;20:41:06;97;-; 52.06; 0.0;-; 15.7; 17.3; 0.0;-;-;1300;-0.1; 0.0; 0.0;-5; 25.7;F;1;29;On;On;Off; 22.9; 22.6;0;91;679;91;679;90;493;0;-
2026/03/26;20:42:06;97;-; 52.06; 0.0;-; 15.7; 17.3; 0.0;-;-;1300;-0.1; 0.0; 0.0;-5; 25.7;F;1;29;On;On;Off; 22.9; 22.6;0;91;679;91;679;90;493;0;-
2026/03/26;20:43:06;97;-; 52.04; 0.0;-; 15.7; 17.5; 0.0;-;-;1300;-0.1; 0.0; 0.0;-5; 25.7;F;1;29;On;On;Off; 22.9; 22.6;0;91;679;91;679;90;493;0;-
2026/03/26;20:44:06;97;-; 52.04; 0.0;-; 16.0; 17.7; 0.0;-;-;1300;-0.1; 0.0; 0.0;-4; 25.7;F;1;29;On;On;Off; 22.9; 22.6;0;91;679;91;679;90;493;0;-
2026/03/26;20:45:06;97;-; 52.06; 0.0;-; 15.9; 17.6; 0.0;-;-;1300;-0.1; 0.0; 0.0;-5; 25.7;F;1;29;On;On;Off; 22.9; 22.6;0;91;679;91;679;90;493;0;-
2026/03/26;20:46:06;97;-; 52.06; 0.0;-; 16.0; 17.6; 0.0;-;-;1300;-0.1; 0.0; 0.0;-5; 25.7;F;1;29;On;On;Off; 22.9; 22.6;0;91;679;91;679;90;493;0;-
2026/03/26;20:47:06;96;-; 52.06; 0.0;-; 16.0; 17.7; 0.0;-;-;1300;-0.1; 0.0; 0.0;-4; 25.6;F;1;29;On;On;Off; 22.9; 22.6;0;91;679;91;679;90;493;0;-
2026/03/26;20:48:06;96;-; 52.06; 0.0;-; 15.8; 17.4; 0.0;-;-;1300;-0.1; 0.0; 0.0;-4; 25.6;F;1;29;On;On;Off; 22.9; 22.6;0;91;679;91;679;90;493;0;-
2026/03/26;20:49:06;96;-; 52.06; 0.0;-; 15.7; 17.5; 0.0;-;-;1301;-0.1; 0.0; 0.0;-5; 25.7;F;1;29;On;On;Off; 22.9; 22.6;0;91;679;91;679;90;493;0;-
2026/03/26;20:50:05;96;-; 52.06; 0.0;-; 15.6; 17.2; 0.0;-;-;1301;-0.1; 0.0; 0.0;-5; 25.6;F;1;29;On;On;Off; 22.9; 22.6;0;91;679;91;679;90;493;0;-
2026/03/26;20:51:05;96;-; 52.06; 0.0;-; 15.5; 17.2; 0.0;-;-;1301;-0.1; 0.0; 0.0;-6; 25.6;F;1;29;On;On;Off; 22.9; 22.6;0;91;679;91;679;90;493;0;-
2026/03/26;20:52:05;96;-; 52.06; 0.0;-; 15.6; 17.4; 0.0;-;-;1301;-0.1; 0.0; 0.0;-5; 25.6;F;1;29;On;On;Off; 22.9; 22.6;0;91;679;91;679;90;493;0;-
2026/03/26;20:53:05;96;-; 52.06; 0.0;-; 15.4; 17.3; 0.0;-;-;1301;-0.1; 0.0; 0.0;-5; 25.6;F;1;29;On;On;Off; 22.9; 22.6;0;91;679;91;679;90;493;0;-
2026/03/26;20:54:05;96;-; 52.06; 0.0;-; 15.5; 17.2; 0.0;-;-;1301;-0.1; 0.0; 0.0;-5; 25.6;F;1;29;On;On;Off; 22.9; 22.6;0;91;679;91;679;90;493;0;-
2026/03/26;20:55:05;96;-; 52.06; 0.0;-; 15.4; 17.2; 0.0;-;-;1301;-0.1; 0.0; 0.0;-5; 25.6;F;1;29;On;On;Off; 22.9; 22.6;0;91;679;91;679;90;493;0;-
2026/03/26;20:56:05;96;-; 52.06; 0.0;-; 15.5; 17.4; 0.0;-;-;1301;-0.1; 0.0; 0.0;-5; 25.6;F;1;29;On;On;Off; 22.9; 22.6;0;91;679;91;679;90;493;0;-
2026/03/26;20:57:05;96;-; 52.06; 0.0;-; 15.7; 17.5; 0.0;-;-;1301;-0.1; 0.0; 0.0;-5; 25.6;F;1;29;On;On;Off; 22.9; 22.6;0;91;679;91;679;90;493;0;-
2026/03/26;20:58:05;96;-; 52.06; 0.0;-; 15.9; 17.6; 0.0;-;-;1301;-0.1; 0.0; 0.0;-5; 25.6;F;1;29;On;On;Off; 22.9; 22.6;0;91;679;91;679;90;493;0;-
2026/03/26;20:59:05;96;-; 52.06; 0.0;-; 16.0; 17.6; 0.0;-;-;1301;-0.1; 0.0; 0.0;-5; 25.6;F;1;29;On;On;Off; 22.8; 22.6;0;91;679;91;679;90;493;0;-
2026/03/26;21:00:05;96;-; 52.06; 0.0;-; 16.0; 17.6; 0.0;-;-;1301;-0.1; 0.0; 0.0;-5; 25.6;F;1;29;On;On;Off; 22.8; 22.6;0;91;679;91;679;90;493;0;-
2026/03/26;21:01:05;96;-; 52.06; 0.0;-; 15.8; 17.4; 0.0;-;-;1301;-0.1; 0.0; 0.0;-5; 25.6;F;1;29;On;On;Off; 22.8; 22.6;0;91;679;91;679;90;493;0;-
2026/03/26;21:02:05;96;-; 52.04; 0.0;-; 15.7; 17.3; 0.0;-;-;1301;-0.1; 0.0; 0.0;-5; 25.6;F;1;29;On;On;Off; 22.8; 22.6;0;91;679;91;679;90;493;0;-
2026/03/26;21:03:05;96;-; 52.06; 0.0;-; 15.7; 17.3; 0.0;-;-;1301;-0.1; 0.0; 0.0;-5; 25.5;F;1;29;On;On;Off; 22.8; 22.6;0;91;679;91;679;90;493;0;-
2026/03/26;21:04:05;96;-; 52.04; 0.0;-; 15.6; 17.3; 0.0;-;-;1301;-0.1; 0.0; 0.0;-4; 25.5;F;1;29;On;On;Off; 22.8; 22.6;0;91;679;91;679;90;493;0;-
2026/03/26;21:05:05;96;-; 52.04; 0.0;-; 15.5; 17.3; 0.0;-;-;1301;-0.1; 0.0; 0.0;-4; 25.5;F;1;29;On;On;Off; 22.8; 22.6;0;91;679;91;679;90;493;0;-
2026/03/26;21:06:04;96;-; 52.04; 0.0;-; 15.4; 17.3; 0.0;-;-;1301;-0.1; 0.0; 0.0;-5; 25.5;F;1;29;On;On;Off; 22.8; 22.6;0;91;679;91;679;90;493;0;-
2026/03/26;21:07:04;96;-; 52.06; 0.0;-; 15.7; 17.4; 0.0;-;-;1301;-0.1; 0.0; 0.0;-4; 25.5;F;1;29;On;On;Off; 22.8; 22.6;0;91;679;91;679;90;493;0;-
2026/03/26;21:08:04;96;-; 52.04; 0.0;-; 15.8; 17.4; 0.0;-;-;1301;-0.1; 0.0; 0.0;-5; 25.5;F;1;29;On;On;Off; 22.8; 22.6;0;91;679;91;679;90;493;0;-
2026/03/26;21:09:04;96;-; 52.04; 0.0;-; 15.8; 17.4; 0.0;-;-;1301;-0.1; 0.0; 0.0;-5; 25.4;F;1;29;On;On;Off; 22.8; 22.5;0;91;679;91;679;90;493;0;-
2026/03/26;21:10:04;96;-; 52.04; 0.0;-; 16.1; 17.7; 0.0;-;-;1301;-0.1; 0.0; 0.0;-5; 25.4;F;1;29;On;On;Off; 22.8; 22.5;0;91;679;91;679;90;493;0;-
2026/03/26;21:11:04;96;-; 52.04; 0.0;-; 16.4; 18.1; 0.0;-;-;1301;-0.1; 0.0; 0.0;-4; 25.4;F;1;29;On;On;Off; 22.8; 22.5;0;91;679;91;679;90;493;0;-
2026/03/26;21:12:04;96;-; 52.04; 0.0;-; 16.4; 18.1; 0.0;-;-;1301;-0.1; 0.0; 0.0;-4; 25.4;F;1;29;On;On;Off; 22.8; 22.5;0;91;679;91;679;90;493;0;-
2026/03/26;21:13:04;96;-; 52.04; 0.0;-; 16.3; 18.0; 0.0;-;-;1301;-0.1; 0.0; 0.0;-5; 25.4;F;1;29;On;On;Off; 22.8; 22.5;0;91;679;91;679;90;493;0;-
2026/03/26;21:14:04;96;-; 52.04; 0.0;-; 16.4; 18.0; 0.0;-;-;1301;-0.1; 0.0; 0.0;-5; 25.4;F;1;29;On;On;Off; 22.8; 22.5;0;91;679;91;679;90;493;0;-
2026/03/26;21:15:04;96;-; 52.04; 0.0;-; 16.3; 18.0; 0.0;-;-;1301;-0.1; 0.0; 0.0;-5; 25.4;F;1;29;On;On;Off; 22.8; 22.5;0;91;679;91;679;90;493;0;-
2026/03/26;21:16:04;96;-; 52.04; 0.0;-; 15.8; 17.5; 0.0;-;-;1301;-0.1; 0.0; 0.0;-4; 25.4;F;1;29;On;On;Off; 22.8; 22.5;0;91;679;91;679;90;493;0;-
2026/03/26;21:17:04;96;-; 52.04; 0.0;-; 15.6; 17.4; 0.0;-;-;1301;-0.1; 0.0; 0.0;-4; 25.3;F;1;29;On;On;Off; 22.8; 22.5;0;91;679;91;679;90;493;0;-
2026/03/26;21:18:04;96;-; 52.04; 0.0;-; 15.5; 17.5; 0.0;-;-;1301;-0.1; 0.0; 0.0;-5; 25.3;F;1;29;On;On;Off; 22.8; 22.5;0;91;679;91;679;90;493;0;-
2026/03/26;21:19:04;96;-; 52.04; 0.0;-; 15.5; 17.3; 0.0;-;-;1301;-0.1; 0.0; 0.0;-5; 25.3;F;1;29;On;On;Off; 22.8; 22.5;0;91;679;91;679;90;493;0;-
2026/03/26;21:20:04;96;-; 52.02; 0.0;-; 15.6; 17.3; 0.0;-;-;1301;-0.1; 0.0; 0.0;-4; 25.3;F;1;29;On;On;Off; 22.8; 22.5;0;91;679;91;679;90;493;0;-
2026/03/26;21:21:04;96;-; 52.04; 0.0;-; 15.3; 17.2; 0.0;-;-;1301;-0.1; 0.0; 0.0;-4; 25.3;F;1;29;On;On;Off; 22.7; 22.5;0;91;679;91;679;90;493;0;-
2026/03/26;21:22:03;96;-; 52.04; 0.0;-; 15.1; 17.1; 0.0;-;-;1301;-0.1; 0.0; 0.0;-4; 25.3;F;1;29;On;On;Off; 22.8; 22.5;0;91;679;91;679;90;493;0;-
2026/03/26;21:23:03;96;-; 52.04; 0.0;-; 15.2; 17.0; 0.0;-;-;1301;-0.1; 0.0; 0.0;-5; 25.3;F;1;29;On;On;Off; 22.7; 22.5;0;91;679;91;679;90;493;0;-
2026/03/26;21:24:03;96;-; 52.04; 0.0;-; 15.0; 16.9; 0.0;-;-;1301;-0.1; 0.0; 0.0;-5; 25.3;F;1;29;On;On;Off; 22.7; 22.5;0;91;679;91;679;90;493;0;-
2026/03/26;21:25:03;96;-; 52.04; 0.0;-; 15.3; 17.3; 0.0;-;-;1301;-0.1; 0.0; 0.0;-5; 25.3;F;1;29;On;On;Off; 22.7; 22.5;0;91;679;91;679;90;493;0;-
2026/03/26;21:26:03;96;-; 52.04; 0.0;-; 15.6; 17.4; 0.0;-;-;1301;-0.1; 0.0; 0.0;-5; 25.3;F;1;29;On;On;Off; 22.7; 22.5;0;91;679;91;679;90;493;0;-
2026/03/26;21:27:03;96;-; 52.04; 0.0;-; 14.4; 16.6; 0.0;-;-;1301;-0.1; 0.0; 0.0;-5; 25.3;F;1;29;On;On;Off; 22.7; 22.4;0;91;679;91;679;90;493;0;-
2026/03/26;21:28:03;96;-; 52.04; 0.0;-; 14.5; 16.7; 0.0;-;-;1301;-0.1; 0.0; 0.0;-5; 25.2;F;1;29;On;On;Off; 22.7; 22.4;0;91;679;91;679;90;493;0;-
2026/03/26;21:29:03;96;-; 52.04; 0.0;-; 14.5; 16.6; 0.0;-;-;1301;-0.1; 0.0; 0.0;-4; 25.2;F;1;29;On;On;Off; 22.7; 22.4;0;91;679;91;679;90;493;0;-
2026/03/26;21:30:03;96;-; 52.02; 0.0;-; 14.5; 16.5; 0.0;-;-;1301;-0.1; 0.0; 0.0;-5; 25.2;F;1;29;On;On;Off; 22.7; 22.4;0;91;679;91;679;90;493;0;-
2026/03/26;21:31:03;96;-; 52.04; 0.0;-; 14.5; 16.7; 0.0;-;-;1301;-0.1; 0.0; 0.0;-5; 25.2;F;1;29;On;On;Off; 22.7; 22.4;0;91;679;91;679;90;493;0;-
2026/03/26;21:32:03;96;-; 52.02; 0.0;-; 14.7; 16.8; 0.0;-;-;1301;-0.1; 0.0; 0.0;-5; 25.2;F;1;29;On;On;Off; 22.7; 22.4;0;91;679;91;679;90;493;0;-
2026/03/26;21:33:03;96;-; 52.04; 0.0;-; 15.1; 17.0; 0.0;-;-;1301;-0.1; 0.0; 0.0;-5; 25.2;F;1;29;On;On;Off; 22.7; 22.4;0;91;679;91;679;90;493;0;-
2026/03/26;21:34:03;96;-; 52.04; 0.0;-; 15.3; 17.2; 0.0;-;-;1301;-0.1; 0.0; 0.0;-5; 25.2;F;1;29;On;On;Off; 22.7; 22.4;0;91;679;91;679;90;493;0;-
2026/03/26;21:35:03;96;-; 52.04; 0.0;-; 14.9; 16.9; 0.0;-;-;1301;-0.1; 0.0; 0.0;-5; 25.2;F;1;29;On;On;Off; 22.7; 22.4;0;91;679;91;679;90;493;0;-
2026/03/26;21:36:03;96;-; 52.04; 0.0;-; 14.8; 16.8; 0.0;-;-;1301;-0.1; 0.0; 0.0;-5; 25.1;F;1;29;On;On;Off; 22.7; 22.4;0;91;679;91;679;90;493;0;-
2026/03/26;21:37:03;96;-; 52.04; 0.0;-; 14.7; 16.7; 0.0;-;-;1301;-0.1; 0.0; 0.0;-5; 25.1;F;1;29;On;On;Off; 22.7; 22.4;0;91;679;91;679;90;493;0;-
2026/03/26;21:38:02;96;-; 52.04; 0.0;-; 14.7; 16.6; 0.0;-;-;1301;-0.1; 0.0; 0.0;-5; 25.1;F;1;29;On;On;Off; 22.7; 22.4;0;91;679;91;679;90;493;0;-
2026/03/26;21:39:02;96;-; 52.04; 0.0;-; 14.5; 16.6; 0.0;-;-;1301;-0.1; 0.0; 0.0;-5; 25.1;F;1;29;On;On;Off; 22.7; 22.4;0;91;679;91;679;90;493;0;-
2026/03/26;21:40:02;96;-; 52.02; 0.0;-; 14.3; 16.3; 0.0;-;-;1301;-0.1; 0.0; 0.0;-5; 25.1;F;1;29;On;On;Off; 22.7; 22.4;0;91;679;91;679;90;493;0;-
2026/03/26;21:41:02;96;-; 52.02; 0.0;-; 14.0; 16.0; 0.0;-;-;1301;-0.1; 0.0; 0.0;-5; 25.1;F;1;29;On;On;Off; 22.7; 22.4;0;91;679;91;679;90;493;0;-
2026/03/26;21:42:02;96;-; 52.02; 0.0;-; 13.9; 16.2; 0.0;-;-;1301;-0.1; 0.0; 0.0;-5; 25.1;F;1;29;On;On;Off; 22.6; 22.4;0;91;679;91;679;90;493;0;-
2026/03/26;21:43:02;96;-; 52.00; 0.0;-; 14.0; 16.1; 0.0;-;-;1301;-0.1; 0.0; 0.0;-5; 25.1;F;1;29;On;On;Off; 22.6; 22.4;0;91;679;91;679;90;493;0;-
2026/03/26;21:44:02;96;-; 52.02; 0.0;-; 13.9; 16.2; 0.0;-;-;1301;-0.1; 0.0; 0.0;-5; 25.1;F;1;29;On;On;Off; 22.6; 22.4;0;91;679;91;679;90;493;0;-
2026/03/26;21:45:02;96;-; 52.02; 0.0;-; 13.8; 15.9; 0.0;-;-;1301;-0.1; 0.0; 0.0;-5; 25.1;F;1;29;On;On;Off; 22.6; 22.3;0;91;679;91;679;90;493;0;-
2026/03/26;21:46:02;96;-; 52.00; 0.0;-; 14.0; 16.0; 0.0;-;-;1301;-0.1; 0.0; 0.0;-5; 25.0;F;1;29;On;On;Off; 22.6; 22.3;0;91;679;91;679;90;493;0;-
2026/03/26;21:47:02;95;-; 52.00; 0.0;-; 14.2; 16.2; 0.0;-;-;1301;-0.1; 0.0; 0.0;-5; 25.0;F;1;29;On;On;Off; 22.6; 22.3;0;91;679;91;679;90;493;0;-
2026/03/26;21:48:02;95;-; 52.02; 0.0;-; 14.1; 16.3; 0.0;-;-;1301;-0.1; 0.0; 0.0;-5; 25.0;F;1;29;On;On;Off; 22.6; 22.3;0;91;679;91;679;90;493;0;-
2026/03/26;21:49:02;95;-; 52.00; 0.0;-; 14.1; 16.2; 0.0;-;-;1302;-0.1; 0.0; 0.0;-6; 25.0;F;1;29;On;On;Off; 22.6; 22.3;0;91;679;91;679;90;493;0;-
2026/03/26;21:50:02;95;-; 52.02; 0.0;-; 14.1; 16.3; 0.0;-;-;1302;-0.1; 0.0; 0.0;-6; 25.0;F;1;29;On;On;Off; 22.6; 22.3;0;91;679;91;679;90;493;0;-
2026/03/26;21:51:02;95;-; 52.02; 0.0;-; 14.0; 16.2; 0.0;-;-;1302;-0.1; 0.0; 0.0;-5; 25.0;F;1;29;On;On;Off; 22.6; 22.3;0;91;679;91;679;90;493;0;-
2026/03/26;21:52:02;95;-; 52.02; 0.0;-; 14.0; 16.2; 0.0;-;-;1302;-0.1; 0.0; 0.0;-5; 25.0;F;1;29;On;On;Off; 22.6; 22.3;0;91;679;91;679;90;493;0;-
2026/03/26;21:53:02;95;-; 52.02; 0.0;-; 14.0; 16.2; 0.0;-;-;1302;-0.1; 0.0; 0.0;-5; 25.0;F;1;29;On;On;Off; 22.6; 22.3;0;91;679;91;679;90;493;0;-
2026/03/26;21:54:01;95;-; 52.02; 0.0;-; 13.8; 16.1; 0.0;-;-;1302;-0.1; 0.0; 0.0;-5; 25.0;F;1;29;On;On;Off; 22.6; 22.3;0;91;679;91;679;90;493;0;-
2026/03/26;21:55:01;95;-; 52.02; 0.0;-; 17.4; 16.3; 0.0;-;-;1302;-0.1; 0.0; 0.0;-5; 25.0;F;1;29;On;On;Off; 22.6; 22.3;0;91;679;91;679;90;493;0;-
2026/03/26;21:56:01;95;-; 52.02; 0.0;-; 14.3; 16.4; 0.0;-;-;1302;-0.1; 0.0; 0.0;-5; 25.0;F;1;29;On;On;Off; 22.6; 22.3;0;91;679;91;679;90;493;0;-
2026/03/26;21:57:01;95;-; 52.02; 0.0;-; 14.5; 16.7; 0.0;-;-;1302;-0.1; 0.0; 0.0;-5; 25.0;F;1;29;On;On;Off; 22.6; 22.3;0;91;679;91;679;90;493;0;-
2026/03/26;21:58:01;95;-; 52.02; 0.0;-; 14.5; 16.6; 0.0;-;-;1302;-0.1; 0.0; 0.0;-4; 25.0;F;1;29;On;On;Off; 22.6; 22.3;0;91;679;91;679;90;493;0;-
2026/03/26;21:59:01;95;-; 52.02; 0.0;-; 14.4; 16.6; 0.0;-;-;1302;-0.1; 0.0; 0.0;-5; 25.0;F;1;29;On;On;Off; 22.6; 22.3;0;91;679;91;679;90;493;0;-
2026/03/26;22:00:01;95;-; 52.02; 0.0;-; 14.3; 16.5; 0.0;-;-;1302;-0.1; 0.0; 0.0;-4; 25.0;F;1;29;On;On;Off; 22.6; 22.3;0;91;679;91;679;90;493;0;-
2026/03/26;22:01:01;95;-; 52.02; 0.0;-; 14.2; 16.3; 0.0;-;-;1302;-0.1; 0.0; 0.0;-5; 25.0;F;1;29;On;On;Off; 22.6; 22.3;0;91;679;91;679;90;493;0;-
2026/03/26;22:02:01;95;-; 52.02; 0.0;-; 14.2; 16.3; 0.0;-;-;1302;-0.1; 0.0; 0.0;-5; 25.0;F;1;29;On;On;Off; 22.6; 22.3;0;91;679;91;679;90;493;0;-
2026/03/26;22:03:01;95;-; 52.02; 0.0;-; 14.3; 16.3; 0.0;-;-;1302;-0.1; 0.0; 0.0;-5; 25.1;F;1;29;On;On;Off; 22.6; 22.3;0;91;679;91;679;90;493;0;-
2026/03/26;22:04:01;95;-; 52.02; 0.0;-; 14.2; 16.2; 0.0;-;-;1302;-0.1; 0.0; 0.0;-5; 25.1;F;1;29;On;On;Off; 22.6; 22.3;0;91;679;91;679;90;493;0;-
2026/03/26;22:05:01;95;-; 52.02; 0.0;-; 14.0; 16.1; 0.0;-;-;1302;-0.1; 0.0; 0.0;-5; 25.1;F;1;29;On;On;Off; 22.6; 22.3;0;91;679;91;679;90;493;0;-
2026/03/26;22:06:01;95;-; 52.02; 0.0;-; 14.0; 16.1; 0.0;-;-;1302;-0.1; 0.0; 0.0;-6; 25.1;F;1;29;On;On;Off; 22.6; 22.3;0;91;679;91;679;90;493;0;-
2026/03/26;22:07:01;95;-; 52.02; 0.0;-; 14.3; 16.4; 0.0;-;-;1302;-0.1; 0.0; 0.0;-5; 25.1;F;1;29;On;On;Off; 22.6; 22.3;0;91;679;91;679;90;493;0;-
2026/03/26;22:08:01;95;-; 52.02; 0.0;-; 14.5; 16.4; 0.0;-;-;1302;-0.1; 0.0; 0.0;-5; 25.1;F;1;29;On;On;Off; 22.6; 22.3;0;91;679;91;679;90;493;0;-
2026/03/26;22:09:00;95;-; 52.02; 0.0;-; 14.4; 16.3; 0.0;-;-;1302;-0.1; 0.0; 0.0;-5; 25.1;F;1;29;On;On;Off; 22.6; 22.3;0;91;679;91;679;90;493;0;-
2026/03/26;22:10:00;95;-; 52.02; 0.0;-; 14.6; 16.4; 0.0;-;-;1302;-0.1; 0.0; 0.0;-5; 25.1;F;1;29;On;On;Off; 22.6; 22.3;0;91;679;91;679;90;493;0;-
2026/03/26;22:11:00;95;-; 52.02; 0.0;-; 14.6; 16.7; 0.0;-;-;1302;-0.1; 0.0; 0.0;-6; 25.1;F;1;29;On;On;Off; 22.6; 22.3;0;91;679;91;679;90;493;0;-
2026/03/26;22:12:00;95;-; 52.02; 0.0;-; 14.7; 16.7; 0.0;-;-;1302;-0.1; 0.0; 0.0;-6; 25.1;F;1;29;On;On;Off; 22.6; 22.3;0;91;679;91;679;90;493;0;-
2026/03/26;22:13:00;95;-; 52.02; 0.0;-; 14.6; 16.6; 0.0;-;-;1302;-0.1; 0.0; 0.0;-6; 25.1;F;1;29;On;On;Off; 22.6; 22.3;0;91;679;91;679;90;493;0;-
2026/03/26;22:14:00;95;-; 52.02; 0.0;-; 14.7; 16.6; 0.0;-;-;1302;-0.1; 0.0; 0.0;-5; 25.1;F;1;29;On;On;Off; 22.6; 22.3;0;91;679;91;679;90;493;0;-
2026/03/26;22:15:00;95;-; 52.02; 0.0;-; 14.5; 16.4; 0.0;-;-;1302;-0.1; 0.0; 0.0;-6; 25.1;F;1;29;On;On;Off; 22.6; 22.3;0;91;679;91;679;90;493;0;-
2026/03/26;22:16:00;95;-; 52.02; 0.0;-; 14.6; 16.6; 0.0;-;-;1302;-0.1; 0.0; 0.0;-5; 25.2;F;1;29;On;On;Off; 22.6; 22.3;0;91;679;91;679;90;493;0;-
2026/03/26;22:17:00;95;-; 52.00; 0.0;-; 14.6; 16.7; 0.0;-;-;1302;-0.1; 0.0; 0.0;-6; 25.2;F;1;29;On;On;Off; 22.6; 22.3;0;91;679;91;679;90;493;0;-
2026/03/26;22:18:00;95;-; 52.00; 0.0;-; 14.4; 16.4; 0.0;-;-;1302;-0.1; 0.0; 0.0;-5; 25.2;F;1;29;On;On;Off; 22.6; 22.3;0;91;679;91;679;90;493;0;-
2026/03/26;22:19:00;95;-; 52.00; 0.0;-; 14.4; 16.4; 0.0;-;-;1302;-0.1; 0.0; 0.0;-5; 25.2;F;1;29;On;On;Off; 22.6; 22.3;0;91;679;91;679;90;493;0;-
2026/03/26;22:20:00;95;-; 52.02; 0.0;-; 14.5; 16.5; 0.0;-;-;1302;-0.1; 0.0; 0.0;-5; 25.2;F;1;29;On;On;Off; 22.6; 22.3;0;91;679;91;679;90;493;0;-
2026/03/26;22:21:00;95;-; 52.00; 0.0;-; 14.6; 16.6; 0.0;-;-;1302;-0.1; 0.0; 0.0;-5; 25.2;F;1;29;On;On;Off; 22.6; 22.3;0;91;679;91;679;90;493;0;-
2026/03/26;22:22:00;95;-; 52.00; 0.0;-; 14.6; 16.6; 0.0;-;-;1302;-0.1; 0.0; 0.0;-4; 25.2;F;1;29;On;On;Off; 22.6; 22.3;0;91;679;91;679;90;493;0;-
2026/03/26;22:23:00;95;-; 52.00; 0.0;-; 14.8; 16.8; 0.0;-;-;1302;-0.1; 0.0; 0.0;-5; 25.2;F;1;29;On;On;Off; 22.6; 22.3;0;91;679;91;679;90;493;0;-
2026/03/26;22:24:00;95;-; 52.00; 0.0;-; 14.9; 16.9; 0.0;-;-;1302;-0.1; 0.0; 0.0;-5; 25.2;F;1;29;On;On;Off; 22.6; 22.3;0;91;679;91;679;90;493;0;-
2026/03/26;22:24:59;95;-; 52.00; 0.0;-; 15.0; 17.0; 0.0;-;-;1302;-0.1; 0.0; 0.0;-5; 25.2;F;1;29;On;On;Off; 22.6; 22.3;0;91;679;91;679;90;493;0;-
2026/03/26;22:25:59;95;-; 52.00; 0.0;-; 15.1; 17.0; 0.0;-;-;1302;-0.1; 0.0; 0.0;-5; 25.2;F;1;29;On;On;Off; 22.6; 22.3;0;91;679;91;679;90;493;0;-
2026/03/26;22:26:59;95;-; 52.00; 0.0;-; 14.8; 16.9; 0.0;-;-;1302;-0.1; 0.0; 0.0;-5; 25.2;F;1;29;On;On;Off; 22.6; 22.3;0;91;679;91;679;90;493;0;-
2026/03/26;22:27:59;95;-; 52.00; 0.0;-; 14.5; 16.5; 0.0;-;-;1302;-0.1; 0.0; 0.0;-5; 25.2;F;1;29;On;On;Off; 22.6; 22.3;0;91;679;91;679;90;493;0;-
2026/03/26;22:28:59;95;-; 52.00; 0.0;-; 14.3; 16.5; 0.0;-;-;1302;-0.1; 0.0; 0.0;-5; 25.2;F;1;29;On;On;Off; 22.6; 22.3;0;91;679;91;679;90;493;0;-
2026/03/26;22:29:59;95;-; 52.00; 0.0;-; 14.1; 16.3; 0.0;-;-;1302;-0.1; 0.0; 0.0;-5; 25.2;F;1;29;On;On;Off; 22.6; 22.3;0;91;679;91;679;90;493;0;-
2026/03/26;22:30:59;95;-; 52.00; 0.0;-; 13.9; 16.1; 0.0;-;-;1302;-0.1; 0.0; 0.0;-5; 25.1;F;1;29;On;On;Off; 22.6; 22.3;0;91;679;91;679;90;493;0;-
2026/03/26;22:31:59;95;-; 52.00; 0.0;-; 14.1; 16.2; 0.0;-;-;1302;-0.1; 0.0; 0.0;-5; 25.1;F;1;29;On;On;Off; 22.6; 22.3;0;91;679;91;679;90;493;0;-
2026/03/26;22:32:59;95;-; 51.98; 0.0;-; 14.4; 16.2; 0.0;-;-;1302;-0.1; 0.0; 0.0;-5; 25.1;F;1;29;On;On;Off; 22.6; 22.3;0;91;679;91;679;90;493;0;-
2026/03/26;22:33:59;95;-; 52.00; 0.0;-; 13.9; 16.0; 0.0;-;-;1302;-0.1; 0.0; 0.0;-5; 25.1;F;1;29;On;On;Off; 22.6; 22.3;0;91;679;91;679;90;493;0;-
2026/03/26;22:34:59;95;-; 52.00; 0.0;-; 14.7; 16.4; 0.0;-;-;1302;-0.1; 0.0; 0.0;-5; 25.1;F;1;29;On;On;Off; 22.6; 22.3;0;91;679;91;679;90;493;0;-
2026/03/26;22:35:59;95;-; 52.00; 0.0;-; 14.0; 16.1; 0.0;-;-;1302;-0.1; 0.0; 0.0;-5; 25.1;F;1;29;On;On;Off; 22.6; 22.3;0;91;679;91;679;90;493;0;-
2026/03/26;22:36:59;95;-; 52.00; 0.0;-; 14.0; 16.3; 0.0;-;-;1302;-0.1; 0.0; 0.0;-5; 25.1;F;1;29;On;On;Off; 22.6; 22.3;0;91;679;91;679;90;493;0;-
2026/03/26;22:37:59;95;-; 52.00; 0.0;-; 14.0; 16.2; 0.0;-;-;1302;-0.1; 0.0; 0.0;-6; 25.1;F;1;29;On;On;Off; 22.6; 22.3;0;91;679;91;679;90;493;0;-
2026/03/26;22:38:59;95;-; 52.00; 0.0;-; 14.1; 16.3; 0.0;-;-;1302;-0.1; 0.0; 0.0;-6; 25.1;F;1;29;On;On;Off; 22.6; 22.3;0;91;679;91;679;90;493;0;-
2026/03/26;22:39:59;95;-; 52.00; 0.0;-; 14.0; 16.3; 0.0;-;-;1302;-0.1; 0.0; 0.0;-5; 25.1;F;1;29;On;On;Off; 22.6; 22.3;0;91;679;91;679;90;493;0;-
2026/03/26;22:40:58;95;-; 52.00; 0.0;-; 14.0; 16.1; 0.0;-;-;1302;-0.1; 0.0; 0.0;-5; 25.1;F;1;29;On;On;Off; 22.5; 22.3;0;91;679;91;679;90;493;0;-
2026/03/26;22:41:58;95;-; 52.00; 0.0;-; 13.9; 16.1; 0.0;-;-;1302;-0.1; 0.0; 0.0;-5; 25.0;F;1;29;On;On;Off; 22.5; 22.3;0;91;679;91;679;90;493;0;-
2026/03/26;22:42:58;95;-; 51.98; 0.0;-; 13.9; 16.1; 0.0;-;-;1302;-0.1; 0.0; 0.0;-5; 25.0;F;1;29;On;On;Off; 22.5; 22.3;0;91;679;91;679;90;493;0;-
2026/03/26;22:43:58;95;-; 52.00; 0.0;-; 14.0; 16.2; 0.0;-;-;1302;-0.1; 0.0; 0.0;-6; 25.0;F;1;29;On;On;Off; 22.5; 22.3;0;91;679;91;679;90;493;0;-
2026/03/26;22:44:58;95;-; 52.00; 0.0;-; 13.9; 16.2; 0.0;-;-;1302;-0.1; 0.0; 0.0;-6; 25.0;F;1;29;On;On;Off; 22.5; 22.2;0;91;679;91;679;90;493;0;-
2026/03/26;22:45:58;95;-; 52.00; 0.0;-; 13.9; 16.1; 0.0;-;-;1302;-0.1; 0.0; 0.0;-6; 25.0;F;1;29;On;On;Off; 22.5; 22.3;0;91;679;91;679;90;493;0;-
2026/03/26;22:46:58;95;-; 52.00; 0.0;-; 14.0; 16.2; 0.0;-;-;1302;-0.1; 0.0; 0.0;-6; 25.0;F;1;29;On;On;Off; 22.5; 22.2;0;91;679;91;679;90;493;0;-
2026/03/26;22:47:58;94;-; 52.00; 0.0;-; 14.0; 16.2; 0.0;-;-;1302;-0.1; 0.0; 0.0;-6; 25.0;F;1;29;On;On;Off; 22.5; 22.2;0;91;679;91;679;90;493;0;-
2026/03/26;22:48:58;94;-; 52.00; 0.0;-; 14.0; 16.2; 0.0;-;-;1303;-0.1; 0.0; 0.0;-5; 25.0;F;1;29;On;On;Off; 22.5; 22.2;0;91;679;91;679;90;493;0;-
2026/03/26;22:49:58;94;-; 52.00; 0.0;-; 14.1; 16.3; 0.0;-;-;1303;-0.1; 0.0; 0.0;-6; 25.0;F;1;29;On;On;Off; 22.5; 22.2;0;91;679;91;679;90;493;0;-
2026/03/26;22:50:58;94;-; 52.00; 0.0;-; 14.1; 16.3; 0.0;-;-;1303;-0.1; 0.0; 0.0;-6; 25.0;F;1;29;On;On;Off; 22.5; 22.2;0;91;679;91;679;90;493;0;-
2026/03/26;22:51:58;94;-; 52.00; 0.0;-; 14.0; 16.2; 0.0;-;-;1303;-0.1; 0.0; 0.0;-6; 25.0;F;1;29;On;On;Off; 22.5; 22.2;0;91;679;91;679;90;493;0;-
2026/03/26;22:52:58;94;-; 52.00; 0.0;-; 13.9; 16.1; 0.0;-;-;1303;-0.1; 0.0; 0.0;-6; 24.9;F;1;29;On;On;Off; 22.5; 22.2;0;91;679;91;679;90;493;0;-
2026/03/26;22:53:58;94;-; 52.00; 0.0;-; 13.9; 16.0; 0.0;-;-;1303;-0.1; 0.0; 0.0;-6; 24.9;F;1;29;On;On;Off; 22.5; 22.2;0;91;679;91;679;90;493;0;-
2026/03/26;22:54:58;94;-; 52.00; 0.0;-; 13.9; 16.0; 0.0;-;-;1303;-0.1; 0.0; 0.0;-5; 24.9;F;1;29;On;On;Off; 22.5; 22.2;0;91;679;91;679;90;493;0;-
2026/03/26;22:55:58;94;-; 51.98; 0.0;-; 13.8; 15.9; 0.0;-;-;1303;-0.1; 0.0; 0.0;-6; 24.9;F;1;29;On;On;Off; 22.5; 22.2;0;91;679;91;679;90;493;0;-
2026/03/26;22:56:57;94;-; 52.00; 0.0;-; 13.8; 16.1; 0.0;-;-;1303;-0.1; 0.0; 0.0;-6; 24.9;F;1;29;On;On;Off; 22.5; 22.2;0;91;679;91;679;90;493;0;-
2026/03/26;22:57:57;94;-; 51.98; 0.0;-; 13.8; 16.1; 0.0;-;-;1303;-0.1; 0.0; 0.0;-6; 24.9;F;1;29;On;On;Off; 22.5; 22.2;0;91;679;91;679;90;493;0;-
2026/03/26;22:58:57;94;-; 52.00; 0.0;-; 13.8; 16.0; 0.0;-;-;1303;-0.1; 0.0; 0.0;-6; 24.9;F;1;29;On;On;Off; 22.5; 22.2;0;91;679;91;679;90;493;0;-
2026/03/26;22:59:57;94;-; 52.00; 0.0;-; 13.7; 16.0; 0.0;-;-;1303;-0.1; 0.0; 0.0;-5; 24.9;F;1;29;On;On;Off; 22.5; 22.2;0;91;679;91;679;90;493;0;-
2026/03/26;23:00:57;94;-; 52.00; 0.0;-; 13.6; 16.0; 0.0;-;-;1303;-0.1; 0.0; 0.0;-5; 24.8;F;1;29;On;On;Off; 22.5; 22.2;0;91;679;91;679;90;493;0;-
2026/03/26;23:01:57;94;-; 51.98; 0.0;-; 13.7; 15.9; 0.0;-;-;1303;-0.1; 0.0; 0.0;-6; 24.8;F;1;29;On;On;Off; 22.5; 22.2;0;91;679;91;679;90;493;0;-
2026/03/26;23:02:57;94;-; 52.00; 0.0;-; 13.8; 16.2; 0.0;-;-;1303;-0.1; 0.0; 0.0;-5; 24.8;F;1;29;On;On;Off; 22.5; 22.2;0;91;679;91;679;90;493;0;-
2026/03/26;23:03:57;94;-; 52.00; 0.0;-; 13.9; 16.1; 0.0;-;-;1303;-0.1; 0.0; 0.0;-5; 24.8;F;1;29;On;On;Off; 22.5; 22.2;0;91;679;91;679;90;493;0;-
2026/03/26;23:04:57;94;-; 51.98; 0.0;-; 13.9; 16.1; 0.0;-;-;1303;-0.1; 0.0; 0.0;-6; 24.8;F;1;29;On;On;Off; 22.4; 22.2;0;91;679;91;679;90;493;0;-
2026/03/26;23:05:57;94;-; 51.98; 0.0;-; 13.9; 16.2; 0.0;-;-;1303;-0.1; 0.0; 0.0;-6; 24.8;F;1;29;On;On;Off; 22.5; 22.2;0;91;679;91;679;90;493;0;-
2026/03/26;23:06:57;94;-; 51.98; 0.0;-; 13.9; 16.2; 0.0;-;-;1303;-0.1; 0.0; 0.0;-6; 24.8;F;1;29;On;On;Off; 22.5; 22.2;0;91;679;91;679;90;493;0;-
2026/03/26;23:07:57;94;-; 51.98; 0.0;-; 14.0; 16.2; 0.0;-;-;1303;-0.1; 0.0; 0.0;-5; 24.8;F;1;29;On;On;Off; 22.4; 22.2;0;91;679;91;679;90;493;0;-
2026/03/26;23:08:57;94;-; 51.98; 0.0;-; 13.9; 16.1; 0.0;-;-;1303;-0.1; 0.0; 0.0;-5; 24.8;F;1;29;On;On;Off; 22.4; 22.1;0;91;679;91;679;90;493;0;-
2026/03/26;23:09:57;94;-; 51.98; 0.0;-; 13.9; 16.2; 0.0;-;-;1303;-0.1; 0.0; 0.0;-5; 24.7;F;1;29;On;On;Off; 22.4; 22.1;0;91;679;91;679;90;493;0;-
2026/03/26;23:10:57;94;-; 51.98; 0.0;-; 13.8; 16.1; 0.0;-;-;1303;-0.1; 0.0; 0.0;-5; 24.7;F;1;29;On;On;Off; 22.4; 22.2;0;91;679;91;679;90;493;0;-
2026/03/26;23:11:57;94;-; 51.98; 0.0;-; 13.9; 16.1; 0.0;-;-;1303;-0.1; 0.0; 0.0;-5; 24.7;F;1;29;On;On;Off; 22.4; 22.2;0;91;679;91;679;90;493;0;-
2026/03/26;23:12:56;94;-; 51.98; 0.0;-; 13.9; 16.1; 0.0;-;-;1303;-0.1; 0.0; 0.0;-5; 24.7;F;1;29;On;On;Off; 22.4; 22.1;0;91;679;91;679;90;493;0;-
2026/03/26;23:13:56;94;-; 51.98; 0.0;-; 13.7; 16.0; 0.0;-;-;1303;-0.1; 0.0; 0.0;-5; 24.7;F;1;29;On;On;Off; 22.4; 22.1;0;91;679;91;679;90;493;0;-
2026/03/26;23:14:56;94;-; 51.98; 0.0;-; 13.6; 15.9; 0.0;-;-;1303;-0.1; 0.0; 0.0;-5; 24.7;F;1;29;On;On;Off; 22.4; 22.1;0;91;679;91;679;90;493;0;-
2026/03/26;23:15:56;94;-; 51.98; 0.0;-; 13.7; 15.9; 0.0;-;-;1303;-0.1; 0.0; 0.0;-5; 24.7;F;1;29;On;On;Off; 22.4; 22.1;0;91;679;91;679;90;493;0;-
2026/03/26;23:16:56;94;-; 51.98; 0.0;-; 13.7; 16.0; 0.0;-;-;1303;-0.1; 0.0; 0.0;-5; 24.7;F;1;29;On;On;Off; 22.4; 22.1;0;91;679;91;679;90;493;0;-
2026/03/26;23:17:56;94;-; 51.98; 0.0;-; 13.7; 15.9; 0.0;-;-;1303;-0.1; 0.0; 0.0;-6; 24.7;F;1;29;On;On;Off; 22.4; 22.1;0;91;679;91;679;90;493;0;-
2026/03/26;23:18:56;94;-; 51.98; 0.0;-; 13.7; 15.9; 0.0;-;-;1303;-0.1; 0.0; 0.0;-5; 24.7;F;1;29;On;On;Off; 22.4; 22.1;0;91;679;91;679;90;493;0;-
2026/03/26;23:19:56;94;-; 51.98; 0.0;-; 13.7; 16.0; 0.0;-;-;1303;-0.1; 0.0; 0.0;-5; 24.7;F;1;29;On;On;Off; 22.4; 22.1;0;91;679;91;679;90;493;0;-
2026/03/26;23:20:56;94;-; 51.98; 0.0;-; 13.7; 15.9; 0.0;-;-;1303;-0.1; 0.0; 0.0;-5; 24.7;F;1;29;On;On;Off; 22.4; 22.1;0;91;679;91;679;90;493;0;-
2026/03/26;23:21:56;94;-; 51.98; 0.0;-; 13.8; 16.1; 0.0;-;-;1303;-0.1; 0.0; 0.0;-5; 24.7;F;1;29;On;On;Off; 22.4; 22.1;0;91;679;91;679;90;493;0;-
2026/03/26;23:22:56;94;-; 51.98; 0.0;-; 13.8; 16.0; 0.0;-;-;1303;-0.1; 0.0; 0.0;-5; 24.7;F;1;29;On;On;Off; 22.4; 22.1;0;91;679;91;679;90;493;0;-
2026/03/26;23:23:56;94;-; 51.98; 0.0;-; 13.8; 15.9; 0.0;-;-;1303;-0.1; 0.0; 0.0;-5; 24.7;F;1;29;On;On;Off; 22.4; 22.1;0;91;679;91;679;90;493;0;-
2026/03/26;23:24:56;94;-; 51.98; 0.0;-; 13.7; 16.0; 0.0;-;-;1303;-0.1; 0.0; 0.0;-5; 24.7;F;1;29;On;On;Off; 22.4; 22.1;0;91;679;91;679;90;493;0;-
2026/03/26;23:25:56;94;-; 51.98; 0.0;-; 13.7; 16.0; 0.0;-;-;1303;-0.1; 0.0; 0.0;-5; 24.8;F;1;29;On;On;Off; 22.4; 22.1;0;91;679;91;679;90;493;0;-
2026/03/26;23:26:56;94;-; 51.98; 0.0;-; 13.8; 16.1; 0.0;-;-;1303;-0.1; 0.0; 0.0;-6; 24.8;F;1;29;On;On;Off; 22.4; 22.1;0;91;679;91;679;90;493;0;-
2026/03/26;23:27:56;94;-; 51.98; 0.0;-; 13.9; 16.2; 0.0;-;-;1303;-0.1; 0.0; 0.0;-6; 24.8;F;1;29;On;On;Off; 22.4; 22.1;0;91;679;91;679;90;493;0;-
2026/03/26;23:28:55;94;-; 51.98; 0.0;-; 13.8; 16.1; 0.0;-;-;1303;-0.1; 0.0; 0.0;-5; 24.8;F;1;29;On;On;Off; 22.4; 22.1;0;91;679;91;679;90;493;0;-
2026/03/26;23:29:55;94;-; 51.98; 0.0;-; 13.8; 16.0; 0.0;-;-;1303;-0.1; 0.0; 0.0;-6; 24.8;F;1;29;On;On;Off; 22.4; 22.1;0;91;679;91;679;90;493;0;-
2026/03/26;23:30:55;94;-; 51.98; 0.0;-; 13.8; 15.9; 0.0;-;-;1303;-0.1; 0.0; 0.0;-6; 24.8;F;1;29;On;On;Off; 22.4; 22.1;0;91;679;91;679;90;493;0;-
2026/03/26;23:31:55;94;-; 51.98; 0.0;-; 13.8; 16.0; 0.0;-;-;1303;-0.1; 0.0; 0.0;-6; 24.8;F;1;29;On;On;Off; 22.4; 22.1;0;91;679;91;679;90;493;0;-
2026/03/26;23:32:55;94;-; 51.98; 0.0;-; 13.6; 15.9; 0.0;-;-;1303;-0.1; 0.0; 0.0;-6; 24.8;F;1;29;On;On;Off; 22.4; 22.1;0;91;679;91;679;90;493;0;-
2026/03/26;23:33:55;94;-; 51.96; 0.0;-; 13.5; 15.7; 0.0;-;-;1303;-0.1; 0.0; 0.0;-5; 24.8;F;1;29;On;On;Off; 22.4; 22.1;0;91;679;91;679;90;493;0;-
2026/03/26;23:34:55;94;-; 51.98; 0.0;-; 13.6; 15.8; 0.0;-;-;1303;-0.1; 0.0; 0.0;-5; 24.8;F;1;29;On;On;Off; 22.4; 22.1;0;91;679;91;679;90;493;0;-
2026/03/26;23:35:55;94;-; 51.98; 0.0;-; 13.6; 16.0; 0.0;-;-;1303;-0.1; 0.0; 0.0;-5; 24.8;F;1;29;On;On;Off; 22.4; 22.1;0;91;679;91;679;90;493;0;-
2026/03/26;23:36:55;94;-; 51.98; 0.0;-; 13.7; 16.0; 0.0;-;-;1303;-0.1; 0.0; 0.0;-5; 24.8;F;1;29;On;On;Off; 22.4; 22.1;0;91;679;91;679;90;493;0;-
2026/03/26;23:37:55;94;-; 51.96; 0.0;-; 13.7; 16.0; 0.0;-;-;1303;-0.1; 0.0; 0.0;-5; 24.8;F;1;29;On;On;Off; 22.4; 22.1;0;91;679;91;679;90;493;0;-
2026/03/26;23:38:55;94;-; 51.96; 0.0;-; 13.7; 15.9; 0.0;-;-;1303;-0.1; 0.0; 0.0;-5; 24.8;F;1;29;On;On;Off; 22.4; 22.1;0;91;679;91;679;90;493;0;-
2026/03/26;23:39:55;94;-; 51.96; 0.0;-; 13.7; 16.0; 0.0;-;-;1303;-0.1; 0.0; 0.0;-5; 24.8;F;1;29;On;On;Off; 22.4; 22.1;0;91;679;91;679;90;493;0;-
2026/03/26;23:40:55;94;-; 51.98; 0.0;-; 13.9; 16.2; 0.0;-;-;1303;-0.1; 0.0; 0.0;-5; 24.8;F;1;29;On;On;Off; 22.4; 22.1;0;91;679;91;679;90;493;0;-
2026/03/26;23:41:55;94;-; 51.98; 0.0;-; 14.0; 16.2; 0.0;-;-;1303;-0.1; 0.0; 0.0;-5; 24.8;F;1;29;On;On;Off; 22.4; 22.1;0;91;679;91;679;90;493;0;-
2026/03/26;23:42:55;94;-; 51.98; 0.0;-; 14.0; 16.3; 0.0;-;-;1303;-0.1; 0.0; 0.0;-5; 24.8;F;1;29;On;On;Off; 22.4; 22.1;0;91;679;91;679;90;493;0;-
2026/03/26;23:43:55;94;-; 51.98; 0.0;-; 13.9; 16.1; 0.0;-;-;1303;-0.1; 0.0; 0.0;-5; 24.8;F;1;29;On;On;Off; 22.4; 22.1;0;91;679;91;679;90;493;0;-
2026/03/26;23:44:54;94;-; 51.98; 0.0;-; 13.6; 15.8; 0.0;-;-;1303;-0.1; 0.0; 0.0;-5; 24.8;F;1;29;On;On;Off; 22.4; 22.1;0;91;679;91;679;90;493;0;-
2026/03/26;23:45:54;94;-; 51.98; 0.0;-; 13.4; 15.8; 0.0;-;-;1303;-0.1; 0.0; 0.0;-5; 24.8;F;1;29;On;On;Off; 22.4; 22.1;0;91;679;91;679;90;493;0;-
2026/03/26;23:46:54;94;-; 51.98; 0.0;-; 13.4; 15.7; 0.0;-;-;1303;-0.1; 0.0; 0.0;-6; 24.8;F;1;29;On;On;Off; 22.4; 22.1;0;91;679;91;679;90;493;0;-
2026/03/26;23:47:54;94;-; 51.98; 0.0;-; 13.6; 15.7; 0.0;-;-;1303;-0.1; 0.0; 0.0;-6; 24.8;F;1;29;On;On;Off; 22.4; 22.1;0;91;679;91;679;90;493;0;-
2026/03/26;23:48:54;94;-; 51.98; 0.0;-; 13.7; 16.1; 0.0;-;-;1304;-0.1; 0.0; 0.0;-6; 24.8;F;1;29;On;On;Off; 22.4; 22.1;0;91;679;91;679;90;493;0;-
2026/03/26;23:49:54;93;-; 51.98; 0.0;-; 13.7; 15.9; 0.0;-;-;1304;-0.1; 0.0; 0.0;-6; 24.8;F;1;29;On;On;Off; 22.4; 22.1;0;91;679;91;679;90;493;0;-
2026/03/26;23:50:54;93;-; 51.96; 0.0;-; 13.5; 16.0; 0.0;-;-;1304;-0.1; 0.0; 0.0;-5; 24.8;F;1;29;On;On;Off; 22.4; 22.1;0;91;679;91;679;90;493;0;-
2026/03/26;23:51:54;93;-; 51.98; 0.0;-; 13.5; 15.8; 0.0;-;-;1304;-0.1; 0.0; 0.0;-5; 24.8;F;1;29;On;On;Off; 22.4; 22.1;0;91;679;91;679;90;493;0;-
2026/03/26;23:52:54;93;-; 51.96; 0.0;-; 13.5; 15.8; 0.0;-;-;1304;-0.1; 0.0; 0.0;-6; 24.8;F;1;29;On;On;Off; 22.4; 22.1;0;91;679;91;679;90;493;0;-
2026/03/26;23:53:54;93;-; 51.98; 0.0;-; 13.6; 15.8; 0.0;-;-;1304;-0.1; 0.0; 0.0;-5; 24.8;F;1;29;On;On;Off; 22.4; 22.1;0;91;679;91;679;90;493;0;-
2026/03/26;23:54:54;93;-; 51.98; 0.0;-; 13.6; 15.8; 0.0;-;-;1304;-0.1; 0.0; 0.0;-5; 24.8;F;1;29;On;On;Off; 22.4; 22.1;0;91;679;91;679;90;493;0;-
2026/03/26;23:55:54;93;-; 51.98; 0.0;-; 13.6; 15.9; 0.0;-;-;1304;-0.1; 0.0; 0.0;-5; 24.8;F;1;29;On;On;Off; 22.4; 22.1;0;91;679;91;679;90;493;0;-
2026/03/26;23:56:54;93;-; 51.98; 0.0;-; 13.4; 15.9; 0.0;-;-;1304;-0.1; 0.0; 0.0;-5; 24.8;F;1;29;On;On;Off; 22.4; 22.1;0;91;679;91;679;90;493;0;-
2026/03/26;23:57:54;93;-; 51.96; 0.0;-; 13.4; 15.8; 0.0;-;-;1304;-0.1; 0.0; 0.0;-5; 24.8;F;1;29;On;On;Off; 22.4; 22.1;0;91;679;91;679;90;493;0;-
2026/03/26;23:58:54;93;-; 51.96; 0.0;-; 13.4; 15.8; 0.0;-;-;1304;-0.1; 0.0; 0.0;-5; 24.8;F;1;29;On;On;Off; 22.4; 22.1;0;91;679;91;679;90;493;0;-
2026/03/26;23:59:54;93;-; 51.96; 0.0;-; 11.9; 15.4; 0.0;-;-;1304;-0.1; 0.0; 0.0;-5; 24.8;F;1;29;On;On;Off; 22.4; 22.1;0;91;679;91;679;90;493;0;-
