Steca Elektronik GmbH;MPPT6000;760749IH008963540005
Date;Time;SOC[%];Kaptest[Ah];Vbat[V];Ibat_M[A];Vbat.sense[V];VPV1_M[V];VPV2_M[V];PVpower_M[W];PV1power_M[W];PV2power_M[W];Ophours[h];Ibat_total[A]SOC;Icharge_total[A];Iload_total[A];BatPower_total[W];BatTemp[°C];ChargeMode;ErrorState;ErrorNr;StateAux1;StateAux2;StateAux3;IntTemp1[°C];IntTemp2[°C];Derating;Ah_in_24h_M[Ah];Ah_in_total_M[Ah];Ah_in_24h_SYS[Ah];Ah_in_total_SYS[Ah];Ah_out_24h_SYS[Ah];Ah_out_total_SYS[Ah];Day_night;Status_AUXIO
2026/04/28;00:00:19;-;-; 52.43; 0.0;-; 11.6; 13.1; 0.0;-;-;2072;-0.2; 0.0; 0.0;-10; 21.3;B;0;-;On;On;Off; 22.8; 22.5;0;8;1417;8;1417;8;1231;0;-
2026/04/28;00:01:19;-;-; 52.43; 0.0;-; 11.6; 13.1; 0.0;-;-;2072;-0.2; 0.0; 0.0;-10; 21.3;B;0;-;On;On;Off; 22.8; 22.5;0;0;1417;0;1417;0;1231;0;-
2026/04/28;00:02:19;-;-; 52.43; 0.0;-; 11.8; 13.1; 0.0;-;-;2072;-0.2; 0.0; 0.0;-9; 21.3;B;0;-;On;On;Off; 22.8; 22.5;0;0;1417;0;1417;0;1231;0;-
2026/04/28;00:03:19;-;-; 52.43; 0.0;-; 11.8; 13.1; 0.0;-;-;2072;-0.2; 0.0; 0.0;-9; 21.3;B;0;-;On;On;Off; 22.8; 22.5;0;0;1417;0;1417;0;1231;0;-
2026/04/28;00:04:19;-;-; 52.43; 0.0;-; 11.7; 13.2; 0.0;-;-;2072;-0.2; 0.0; 0.0;-10; 21.3;B;0;-;On;On;Off; 22.8; 22.5;0;0;1417;0;1417;0;1231;0;-
2026/04/28;00:05:19;-;-; 52.43; 0.0;-; 11.6; 13.1; 0.0;-;-;2072;-0.2; 0.0; 0.0;-9; 21.3;B;0;-;On;On;Off; 22.8; 22.5;0;0;1417;0;1417;0;1231;0;-
2026/04/28;00:06:19;-;-; 52.41; 0.0;-; 11.8; 13.2; 0.0;-;-;2072;-0.2; 0.0; 0.0;-10; 21.3;B;0;-;On;On;Off; 22.7; 22.5;0;0;1417;0;1417;0;1231;0;-
2026/04/28;00:07:19;-;-; 52.43; 0.0;-; 11.6; 13.1; 0.0;-;-;2072;-0.2; 0.0; 0.0;-9; 21.3;B;0;-;On;On;Off; 22.8; 22.5;0;0;1417;0;1417;0;1231;0;-
2026/04/28;00:08:19;-;-; 52.43; 0.0;-; 11.7; 13.2; 0.0;-;-;2072;-0.2; 0.0; 0.0;-9; 21.3;B;0;-;On;On;Off; 22.7; 22.5;0;0;1417;0;1417;0;1231;0;-
2026/04/28;00:09:19;-;-; 52.41; 0.0;-; 11.6; 13.2; 0.0;-;-;2072;-0.2; 0.0; 0.0;-9; 21.3;B;0;-;On;On;Off; 22.8; 22.5;0;0;1417;0;1417;0;1231;0;-
2026/04/28;00:10:19;-;-; 52.43; 0.0;-; 11.7; 13.0; 0.0;-;-;2072;-0.2; 0.0; 0.0;-9; 21.2;B;0;-;On;On;Off; 22.7; 22.5;0;0;1417;0;1417;0;1231;0;-
2026/04/28;00:11:19;-;-; 52.43; 0.0;-; 11.7; 13.2; 0.0;-;-;2072;-0.2; 0.0; 0.0;-9; 21.3;B;0;-;On;On;Off; 22.7; 22.5;0;0;1417;0;1417;0;1231;0;-
2026/04/28;00:12:19;-;-; 52.43; 0.0;-; 11.6; 13.2; 0.0;-;-;2072;-0.2; 0.0; 0.0;-9; 21.2;B;0;-;On;On;Off; 22.7; 22.5;0;0;1417;0;1417;0;1231;0;-
2026/04/28;00:13:19;-;-; 52.43; 0.0;-; 11.7; 13.0; 0.0;-;-;2072;-0.2; 0.0; 0.0;-9; 21.2;B;0;-;On;On;Off; 22.7; 22.4;0;0;1417;0;1417;0;1231;0;-
2026/04/28;00:14:18;-;-; 52.41; 0.0;-; 11.7; 13.1; 0.0;-;-;2072;-0.2; 0.0; 0.0;-9; 21.2;B;0;-;On;On;Off; 22.7; 22.5;0;0;1417;0;1417;0;1231;0;-
2026/04/28;00:15:18;-;-; 52.43; 0.0;-; 11.6; 13.1; 0.0;-;-;2072;-0.2; 0.0; 0.0;-10; 21.2;B;0;-;On;On;Off; 22.7; 22.4;0;0;1417;0;1417;0;1231;0;-
2026/04/28;00:16:18;-;-; 52.43; 0.0;-; 11.7; 13.2; 0.0;-;-;2072;-0.2; 0.0; 0.0;-10; 21.2;B;0;-;On;On;Off; 22.7; 22.4;0;0;1417;0;1417;0;1231;0;-
2026/04/28;00:17:18;-;-; 52.43; 0.0;-; 11.6; 13.2; 0.0;-;-;2072;-0.2; 0.0; 0.0;-9; 21.2;B;0;-;On;On;Off; 22.7; 22.4;0;0;1417;0;1417;0;1231;0;-
2026/04/28;00:18:18;-;-; 52.43; 0.0;-; 11.6; 13.1; 0.0;-;-;2072;-0.2; 0.0; 0.0;-10; 21.2;B;0;-;On;On;Off; 22.7; 22.4;0;0;1417;0;1417;0;1231;0;-
2026/04/28;00:19:18;-;-; 52.43; 0.0;-; 11.7; 13.1; 0.0;-;-;2072;-0.2; 0.0; 0.0;-9; 21.2;B;0;-;On;On;Off; 22.7; 22.4;0;0;1417;0;1417;0;1231;0;-
2026/04/28;00:20:18;-;-; 52.43; 0.0;-; 11.6; 13.2; 0.0;-;-;2072;-0.2; 0.0; 0.0;-9; 21.2;B;0;-;On;On;Off; 22.7; 22.4;0;0;1417;0;1417;0;1231;0;-
2026/04/28;00:21:18;-;-; 52.41; 0.0;-; 11.6; 13.0; 0.0;-;-;2072;-0.2; 0.0; 0.0;-10; 21.2;B;0;-;On;On;Off; 22.7; 22.4;0;0;1417;0;1417;0;1231;0;-
2026/04/28;00:22:18;-;-; 52.43; 0.0;-; 11.6; 12.9; 0.0;-;-;2072;-0.2; 0.0; 0.0;-9; 21.2;B;0;-;On;On;Off; 22.7; 22.4;0;0;1417;0;1417;0;1231;0;-
2026/04/28;00:23:18;-;-; 52.43; 0.0;-; 11.6; 12.9; 0.0;-;-;2072;-0.2; 0.0; 0.0;-9; 21.2;B;0;-;On;On;Off; 22.7; 22.4;0;0;1417;0;1417;0;1231;0;-
2026/04/28;00:24:18;-;-; 52.43; 0.0;-; 11.4; 13.0; 0.0;-;-;2072;-0.2; 0.0; 0.0;-9; 21.2;B;0;-;On;On;Off; 22.7; 22.4;0;0;1417;0;1417;0;1231;0;-
2026/04/28;00:25:18;-;-; 52.41; 0.0;-; 11.5; 13.0; 0.0;-;-;2072;-0.2; 0.0; 0.0;-9; 21.2;B;0;-;On;On;Off; 22.7; 22.4;0;0;1417;0;1417;0;1231;0;-
2026/04/28;00:26:18;-;-; 52.41; 0.0;-; 11.5; 13.0; 0.0;-;-;2072;-0.2; 0.0; 0.0;-9; 21.2;B;0;-;On;On;Off; 22.7; 22.4;0;0;1417;0;1417;0;1231;0;-
2026/04/28;00:27:18;-;-; 52.41; 0.0;-; 11.5; 13.1; 0.0;-;-;2072;-0.2; 0.0; 0.0;-9; 21.2;B;0;-;On;On;Off; 22.7; 22.4;0;0;1417;0;1417;0;1231;0;-
2026/04/28;00:28:18;-;-; 52.41; 0.0;-; 11.5; 13.1; 0.0;-;-;2072;-0.2; 0.0; 0.0;-9; 21.2;B;0;-;On;On;Off; 22.7; 22.4;0;0;1417;0;1417;0;1231;0;-
2026/04/28;00:29:17;-;-; 52.41; 0.0;-; 13.9; 14.9; 0.0;-;-;2072;-0.2; 0.0; 0.0;-9; 21.2;B;0;-;On;On;Off; 22.6; 22.4;0;0;1417;0;1417;0;1231;0;-
2026/04/28;00:30:17;-;-; 52.39; 0.0;-; 14.0; 14.8; 0.0;-;-;2072;-0.2; 0.0; 0.0;-9; 21.2;B;0;-;On;On;Off; 22.6; 22.4;0;0;1417;0;1417;0;1231;0;-
2026/04/28;00:31:17;-;-; 52.41; 0.0;-; 13.9; 14.7; 0.0;-;-;2072;-0.2; 0.0; 0.0;-9; 21.2;B;0;-;On;On;Off; 22.6; 22.4;0;0;1417;0;1417;0;1231;0;-
2026/04/28;00:32:17;-;-; 52.41; 0.0;-; 11.6; 13.2; 0.0;-;-;2072;-0.2; 0.0; 0.0;-9; 21.2;B;0;-;On;On;Off; 22.7; 22.4;0;0;1417;0;1417;0;1231;0;-
2026/04/28;00:33:17;-;-; 52.41; 0.0;-; 11.5; 13.3; 0.0;-;-;2072;-0.2; 0.0; 0.0;-9; 21.2;B;0;-;On;On;Off; 22.6; 22.4;0;0;1417;0;1417;0;1231;0;-
2026/04/28;00:34:17;-;-; 52.41; 0.0;-; 11.5; 13.3; 0.0;-;-;2072;-0.2; 0.0; 0.0;-9; 21.2;B;0;-;On;On;Off; 22.6; 22.4;0;0;1417;0;1417;0;1231;0;-
2026/04/28;00:35:17;-;-; 52.41; 0.0;-; 11.6; 13.1; 0.0;-;-;2072;-0.2; 0.0; 0.0;-9; 21.2;B;0;-;On;On;Off; 22.6; 22.4;0;0;1417;0;1417;0;1231;0;-
2026/04/28;00:36:17;-;-; 52.39; 0.0;-; 11.5; 13.3; 0.0;-;-;2072;-0.2; 0.0; 0.0;-9; 21.2;B;0;-;On;On;Off; 22.6; 22.4;0;0;1417;0;1417;0;1231;0;-
2026/04/28;00:37:17;-;-; 52.39; 0.0;-; 11.5; 13.0; 0.0;-;-;2072;-0.2; 0.0; 0.0;-9; 21.2;B;0;-;On;On;Off; 22.6; 22.3;0;0;1417;0;1417;0;1231;0;-
2026/04/28;00:38:17;-;-; 52.39; 0.0;-; 11.4; 13.0; 0.0;-;-;2072;-0.2; 0.0; 0.0;-9; 21.2;B;0;-;On;On;Off; 22.6; 22.4;0;0;1417;0;1417;0;1231;0;-
2026/04/28;00:39:17;-;-; 52.41; 0.0;-; 11.5; 13.1; 0.0;-;-;2072;-0.2; 0.0; 0.0;-9; 21.2;B;0;-;On;On;Off; 22.6; 22.3;0;0;1417;0;1417;0;1231;0;-
2026/04/28;00:40:17;-;-; 52.39; 0.0;-; 11.4; 13.1; 0.0;-;-;2072;-0.2; 0.0; 0.0;-9; 21.2;B;0;-;On;On;Off; 22.6; 22.3;0;0;1417;0;1417;0;1231;0;-
2026/04/28;00:41:17;-;-; 52.41; 0.0;-; 11.4; 13.1; 0.0;-;-;2072;-0.2; 0.0; 0.0;-9; 21.2;B;0;-;On;On;Off; 22.6; 22.3;0;0;1417;0;1417;0;1231;0;-
2026/04/28;00:42:17;-;-; 52.39; 0.0;-; 11.5; 12.9; 0.0;-;-;2072;-0.2; 0.0; 0.0;-9; 21.2;B;0;-;On;On;Off; 22.6; 22.3;0;0;1417;0;1417;0;1231;0;-
2026/04/28;00:43:17;-;-; 52.41; 0.0;-; 11.4; 13.0; 0.0;-;-;2072;-0.2; 0.0; 0.0;-9; 21.2;B;0;-;On;On;Off; 22.6; 22.3;0;0;1417;0;1417;0;1231;0;-
2026/04/28;00:44:17;-;-; 52.41; 0.0;-; 11.4; 13.1; 0.0;-;-;2072;-0.2; 0.0; 0.0;-9; 21.2;B;0;-;On;On;Off; 22.6; 22.3;0;0;1417;0;1417;0;1231;0;-
2026/04/28;00:45:16;-;-; 52.39; 0.0;-; 11.5; 13.1; 0.0;-;-;2072;-0.2; 0.0; 0.0;-9; 21.2;B;0;-;On;On;Off; 22.6; 22.3;0;0;1417;0;1417;0;1231;0;-
2026/04/28;00:46:16;-;-; 52.41; 0.0;-; 11.4; 13.0; 0.0;-;-;2072;-0.2; 0.0; 0.0;-9; 21.2;B;0;-;On;On;Off; 22.6; 22.3;0;0;1417;0;1417;0;1231;0;-
2026/04/28;00:47:16;-;-; 52.39; 0.0;-; 11.8; 13.2; 0.0;-;-;2072;-0.2; 0.0; 0.0;-9; 21.2;B;0;-;On;On;Off; 22.6; 22.3;0;0;1417;0;1417;0;1231;0;-
2026/04/28;00:48:16;-;-; 52.39; 0.0;-; 11.4; 13.1; 0.0;-;-;2072;-0.2; 0.0; 0.0;-9; 21.2;B;0;-;On;On;Off; 22.6; 22.3;0;0;1417;0;1417;0;1231;0;-
2026/04/28;00:49:16;-;-; 52.41; 0.0;-; 11.5; 13.1; 0.0;-;-;2072;-0.2; 0.0; 0.0;-9; 21.2;B;0;-;On;On;Off; 22.6; 22.3;0;0;1417;0;1417;0;1231;0;-
2026/04/28;00:50:16;-;-; 52.39; 0.0;-; 11.5; 13.2; 0.0;-;-;2072;-0.2; 0.0; 0.0;-9; 21.2;B;0;-;On;On;Off; 22.6; 22.3;0;0;1417;0;1417;0;1231;0;-
2026/04/28;00:51:16;-;-; 52.37; 0.0;-; 11.4; 13.1; 0.0;-;-;2072;-0.2; 0.0; 0.0;-10; 21.2;B;0;-;On;On;Off; 22.6; 22.3;0;0;1417;0;1417;0;1231;0;-
2026/04/28;00:52:16;-;-; 52.37; 0.0;-; 11.4; 13.1; 0.0;-;-;2072;-0.2; 0.0; 0.0;-9; 21.2;B;0;-;On;On;Off; 22.6; 22.3;0;0;1417;0;1417;0;1231;0;-
2026/04/28;00:53:16;-;-; 52.37; 0.0;-; 11.4; 13.0; 0.0;-;-;2072;-0.2; 0.0; 0.0;-9; 21.2;B;0;-;On;On;Off; 22.6; 22.3;0;0;1417;0;1417;0;1231;0;-
2026/04/28;00:54:16;-;-; 52.39; 0.0;-; 11.4; 12.9; 0.0;-;-;2072;-0.2; 0.0; 0.0;-10; 21.2;B;0;-;On;On;Off; 22.6; 22.3;0;0;1417;0;1417;0;1231;0;-
2026/04/28;00:55:16;-;-; 52.39; 0.0;-; 11.4; 13.1; 0.0;-;-;2072;-0.2; 0.0; 0.0;-10; 21.2;B;0;-;On;On;Off; 22.6; 22.3;0;0;1417;0;1417;0;1231;0;-
2026/04/28;00:56:16;-;-; 52.39; 0.0;-; 11.4; 13.0; 0.0;-;-;2072;-0.2; 0.0; 0.0;-10; 21.2;B;0;-;On;On;Off; 22.6; 22.3;0;0;1417;0;1417;0;1231;0;-
2026/04/28;00:57:16;-;-; 52.39; 0.0;-; 11.4; 13.1; 0.0;-;-;2072;-0.2; 0.0; 0.0;-10; 21.2;B;0;-;On;On;Off; 22.6; 22.3;0;0;1417;0;1417;0;1231;0;-
2026/04/28;00:58:16;-;-; 52.37; 0.0;-; 11.3; 13.0; 0.0;-;-;2072;-0.2; 0.0; 0.0;-9; 21.1;B;0;-;On;On;Off; 22.6; 22.3;0;0;1417;0;1417;0;1231;0;-
2026/04/28;00:59:16;-;-; 52.39; 0.0;-; 11.6; 13.1; 0.0;-;-;2073;-0.2; 0.0; 0.0;-9; 21.1;B;0;-;On;On;Off; 22.6; 22.3;0;0;1417;0;1417;0;1231;0;-
2026/04/28;01:00:16;-;-; 52.39; 0.0;-; 11.5; 13.1; 0.0;-;-;2073;-0.2; 0.0; 0.0;-9; 21.1;B;0;-;On;On;Off; 22.6; 22.3;0;0;1417;0;1417;0;1231;0;-
2026/04/28;01:01:15;-;-; 52.39; 0.0;-; 11.5; 13.0; 0.0;-;-;2073;-0.2; 0.0; 0.0;-9; 21.1;B;0;-;On;On;Off; 22.6; 22.3;0;0;1417;0;1417;0;1231;0;-
2026/04/28;01:02:15;-;-; 52.39; 0.0;-; 11.5; 12.9; 0.0;-;-;2073;-0.2; 0.0; 0.0;-9; 21.1;B;0;-;On;On;Off; 22.6; 22.3;0;0;1417;0;1417;0;1231;0;-
2026/04/28;01:03:15;-;-; 52.37; 0.0;-; 11.4; 12.9; 0.0;-;-;2073;-0.2; 0.0; 0.0;-9; 21.2;B;0;-;On;On;Off; 22.5; 22.3;0;0;1417;0;1417;0;1231;0;-
2026/04/28;01:04:15;-;-; 52.39; 0.0;-; 11.4; 12.9; 0.0;-;-;2073;-0.2; 0.0; 0.0;-9; 21.1;B;0;-;On;On;Off; 22.5; 22.3;0;0;1417;0;1417;0;1231;0;-
2026/04/28;01:05:15;-;-; 52.39; 0.0;-; 11.4; 13.1; 0.0;-;-;2073;-0.2; 0.0; 0.0;-9; 21.2;B;0;-;On;On;Off; 22.6; 22.3;0;0;1417;0;1417;0;1231;0;-
2026/04/28;01:06:15;-;-; 52.39; 0.0;-; 11.6; 13.0; 0.0;-;-;2073;-0.2; 0.0; 0.0;-9; 21.2;B;0;-;On;On;Off; 22.6; 22.3;0;0;1417;0;1417;0;1231;0;-
2026/04/28;01:07:15;-;-; 52.39; 0.0;-; 11.7; 13.0; 0.0;-;-;2073;-0.2; 0.0; 0.0;-9; 21.2;B;0;-;On;On;Off; 22.6; 22.3;0;0;1417;0;1417;0;1231;0;-
2026/04/28;01:08:15;-;-; 52.39; 0.0;-; 11.7; 13.3; 0.0;-;-;2073;-0.2; 0.0; 0.0;-10; 21.2;B;0;-;On;On;Off; 22.6; 22.3;0;0;1417;0;1417;0;1231;0;-
2026/04/28;01:09:15;-;-; 52.39; 0.0;-; 11.7; 13.3; 0.0;-;-;2073;-0.2; 0.0; 0.0;-10; 21.2;B;0;-;On;On;Off; 22.5; 22.3;0;0;1417;0;1417;0;1231;0;-
2026/04/28;01:10:15;-;-; 52.39; 0.0;-; 11.6; 13.2; 0.0;-;-;2073;-0.2; 0.0; 0.0;-9; 21.2;B;0;-;On;On;Off; 22.5; 22.3;0;0;1417;0;1417;0;1231;0;-
2026/04/28;01:11:15;-;-; 52.39; 0.0;-; 11.5; 13.0; 0.0;-;-;2073;-0.2; 0.0; 0.0;-9; 21.2;B;0;-;On;On;Off; 22.5; 22.2;0;0;1417;0;1417;0;1231;0;-
2026/04/28;01:12:15;-;-; 52.39; 0.0;-; 11.4; 12.9; 0.0;-;-;2073;-0.2; 0.0; 0.0;-9; 21.2;B;0;-;On;On;Off; 22.5; 22.3;0;0;1417;0;1417;0;1231;0;-
2026/04/28;01:13:15;-;-; 52.39; 0.0;-; 11.5; 13.0; 0.0;-;-;2073;-0.2; 0.0; 0.0;-9; 21.2;B;0;-;On;On;Off; 22.5; 22.2;0;0;1417;0;1417;0;1231;0;-
2026/04/28;01:14:15;-;-; 52.37; 0.0;-; 11.4; 12.9; 0.0;-;-;2073;-0.2; 0.0; 0.0;-9; 21.2;B;0;-;On;On;Off; 22.5; 22.2;0;0;1417;0;1417;0;1231;0;-
2026/04/28;01:15:15;-;-; 52.39; 0.0;-; 11.3; 12.8; 0.0;-;-;2073;-0.2; 0.0; 0.0;-9; 21.2;B;0;-;On;On;Off; 22.5; 22.2;0;0;1417;0;1417;0;1231;0;-
2026/04/28;01:16:14;-;-; 52.37; 0.0;-; 11.4; 12.8; 0.0;-;-;2073;-0.2; 0.0; 0.0;-9; 21.2;B;0;-;On;On;Off; 22.5; 22.2;0;0;1417;0;1417;0;1231;0;-
2026/04/28;01:17:14;-;-; 52.39; 0.0;-; 11.4; 12.9; 0.0;-;-;2073;-0.2; 0.0; 0.0;-9; 21.2;B;0;-;On;On;Off; 22.5; 22.2;0;0;1417;0;1417;0;1231;0;-
2026/04/28;01:18:14;-;-; 52.37; 0.0;-; 11.3; 12.9; 0.0;-;-;2073;-0.2; 0.0; 0.0;-9; 21.3;B;0;-;On;On;Off; 22.5; 22.2;0;0;1417;0;1417;0;1231;0;-
2026/04/28;01:19:14;-;-; 52.39; 0.0;-; 11.6; 13.0; 0.0;-;-;2073;-0.2; 0.0; 0.0;-10; 21.3;B;0;-;On;On;Off; 22.5; 22.3;0;0;1417;0;1417;0;1231;0;-
2026/04/28;01:20:14;-;-; 52.37; 0.0;-; 11.3; 12.8; 0.0;-;-;2073;-0.2; 0.0; 0.0;-9; 21.3;B;0;-;On;On;Off; 22.5; 22.2;0;0;1417;0;1417;0;1231;0;-
2026/04/28;01:21:14;-;-; 52.37; 0.0;-; 11.3; 12.8; 0.0;-;-;2073;-0.2; 0.0; 0.0;-9; 21.3;B;0;-;On;On;Off; 22.5; 22.2;0;0;1417;0;1417;0;1231;0;-
2026/04/28;01:22:14;-;-; 52.35; 0.0;-; 11.3; 12.9; 0.0;-;-;2073;-0.2; 0.0; 0.0;-10; 21.3;B;0;-;On;On;Off; 22.5; 22.2;0;0;1417;0;1417;0;1231;0;-
2026/04/28;01:23:14;-;-; 52.37; 0.0;-; 11.3; 13.0; 0.0;-;-;2073;-0.2; 0.0; 0.0;-10; 21.3;B;0;-;On;On;Off; 22.5; 22.2;0;0;1417;0;1417;0;1231;0;-
2026/04/28;01:24:14;-;-; 52.37; 0.0;-; 11.3; 12.8; 0.0;-;-;2073;-0.2; 0.0; 0.0;-10; 21.3;B;0;-;On;On;Off; 22.5; 22.2;0;0;1417;0;1417;0;1231;0;-
2026/04/28;01:25:14;-;-; 52.37; 0.0;-; 11.2; 12.8; 0.0;-;-;2073;-0.2; 0.0; 0.0;-10; 21.3;B;0;-;On;On;Off; 22.5; 22.3;0;0;1417;0;1417;0;1231;0;-
2026/04/28;01:26:14;-;-; 52.37; 0.0;-; 11.3; 12.8; 0.0;-;-;2073;-0.2; 0.0; 0.0;-10; 21.3;B;0;-;On;On;Off; 22.5; 22.2;0;0;1417;0;1417;0;1231;0;-
2026/04/28;01:27:14;-;-; 52.35; 0.0;-; 11.2; 12.7; 0.0;-;-;2073;-0.2; 0.0; 0.0;-10; 21.3;B;0;-;On;On;Off; 22.5; 22.3;0;0;1417;0;1417;0;1231;0;-
2026/04/28;01:28:14;-;-; 52.35; 0.0;-; 11.3; 12.8; 0.0;-;-;2073;-0.2; 0.0; 0.0;-10; 21.3;B;0;-;On;On;Off; 22.5; 22.2;0;0;1417;0;1417;0;1231;0;-
2026/04/28;01:29:14;-;-; 52.37; 0.0;-; 13.1; 14.3; 0.0;-;-;2073;-0.2; 0.0; 0.0;-10; 21.3;B;0;-;On;On;Off; 22.5; 22.2;0;0;1417;0;1417;0;1231;0;-
2026/04/28;01:30:14;-;-; 52.35; 0.0;-; 13.7; 14.5; 0.0;-;-;2073;-0.2; 0.0; 0.0;-9; 21.3;B;0;-;On;On;Off; 22.5; 22.2;0;0;1417;0;1417;0;1231;0;-
2026/04/28;01:31:14;-;-; 52.37; 0.0;-; 13.7; 14.5; 0.0;-;-;2073;-0.2; 0.0; 0.0;-9; 21.4;B;0;-;On;On;Off; 22.5; 22.2;0;0;1417;0;1417;0;1231;0;-
2026/04/28;01:32:13;-;-; 52.35; 0.0;-; 13.7; 14.6; 0.0;-;-;2073;-0.2; 0.0; 0.0;-9; 21.4;B;0;-;On;On;Off; 22.6; 22.3;0;0;1417;0;1417;0;1231;0;-
2026/04/28;01:33:13;-;-; 52.37; 0.0;-; 13.1; 14.3; 0.0;-;-;2073;-0.2; 0.0; 0.0;-9; 21.4;B;0;-;On;On;Off; 22.6; 22.2;0;0;1417;0;1417;0;1231;0;-
2026/04/28;01:34:13;-;-; 52.37; 0.0;-; 11.2; 13.0; 0.0;-;-;2073;-0.2; 0.0; 0.0;-9; 21.4;B;0;-;On;On;Off; 22.5; 22.3;0;0;1417;0;1417;0;1231;0;-
2026/04/28;01:35:13;-;-; 52.35; 0.0;-; 11.2; 12.9; 0.0;-;-;2073;-0.2; 0.0; 0.0;-9; 21.4;B;0;-;On;On;Off; 22.5; 22.3;0;0;1417;0;1417;0;1231;0;-
2026/04/28;01:36:13;-;-; 52.35; 0.0;-; 11.2; 12.8; 0.0;-;-;2073;-0.2; 0.0; 0.0;-9; 21.4;B;0;-;On;On;Off; 22.6; 22.3;0;0;1417;0;1417;0;1231;0;-
2026/04/28;01:37:13;-;-; 52.35; 0.0;-; 11.2; 12.8; 0.0;-;-;2073;-0.2; 0.0; 0.0;-9; 21.4;B;0;-;On;On;Off; 22.5; 22.2;0;0;1417;0;1417;0;1231;0;-
2026/04/28;01:38:13;-;-; 52.35; 0.0;-; 11.2; 13.0; 0.0;-;-;2073;-0.2; 0.0; 0.0;-9; 21.4;B;0;-;On;On;Off; 22.5; 22.3;0;0;1417;0;1417;0;1231;0;-
2026/04/28;01:39:13;-;-; 52.35; 0.0;-; 11.2; 12.7; 0.0;-;-;2073;-0.2; 0.0; 0.0;-9; 21.4;B;0;-;On;On;Off; 22.5; 22.3;0;0;1417;0;1417;0;1231;0;-
2026/04/28;01:40:13;-;-; 52.37; 0.0;-; 11.1; 12.6; 0.0;-;-;2073;-0.2; 0.0; 0.0;-9; 21.4;B;0;-;On;On;Off; 22.5; 22.2;0;0;1417;0;1417;0;1231;0;-
2026/04/28;01:41:13;-;-; 52.37; 0.0;-; 11.0; 12.6; 0.0;-;-;2073;-0.2; 0.0; 0.0;-9; 21.4;B;0;-;On;On;Off; 22.5; 22.2;0;0;1417;0;1417;0;1231;0;-
2026/04/28;01:42:13;-;-; 52.37; 0.0;-; 11.1; 12.6; 0.0;-;-;2073;-0.2; 0.0; 0.0;-9; 21.4;B;0;-;On;On;Off; 22.5; 22.3;0;0;1417;0;1417;0;1231;0;-
2026/04/28;01:43:13;-;-; 52.37; 0.0;-; 11.1; 12.7; 0.0;-;-;2073;-0.2; 0.0; 0.0;-8; 21.4;B;0;-;On;On;Off; 22.5; 22.2;0;0;1417;0;1417;0;1231;0;-
2026/04/28;01:44:13;-;-; 52.37; 0.0;-; 11.0; 12.6; 0.0;-;-;2073;-0.2; 0.0; 0.0;-8; 21.4;B;0;-;On;On;Off; 22.5; 22.2;0;0;1417;0;1417;0;1231;0;-
2026/04/28;01:45:13;-;-; 52.37; 0.0;-; 11.0; 12.6; 0.0;-;-;2073;-0.2; 0.0; 0.0;-8; 21.4;B;0;-;On;On;Off; 22.5; 22.2;0;0;1417;0;1417;0;1231;0;-
2026/04/28;01:46:13;-;-; 52.37; 0.0;-; 11.0; 12.5; 0.0;-;-;2073;-0.2; 0.0; 0.0;-8; 21.4;B;0;-;On;On;Off; 22.5; 22.2;0;0;1417;0;1417;0;1231;0;-
2026/04/28;01:47:13;-;-; 52.37; 0.0;-; 11.0; 12.7; 0.0;-;-;2073;-0.2; 0.0; 0.0;-8; 21.4;B;0;-;On;On;Off; 22.5; 22.2;0;0;1417;0;1417;0;1231;0;-
2026/04/28;01:48:12;-;-; 52.37; 0.0;-; 11.0; 12.6; 0.0;-;-;2073;-0.2; 0.0; 0.0;-8; 21.4;B;0;-;On;On;Off; 22.5; 22.2;0;0;1417;0;1417;0;1231;0;-
2026/04/28;01:49:12;-;-; 52.37; 0.0;-; 11.0; 12.5; 0.0;-;-;2073;-0.2; 0.0; 0.0;-9; 21.4;B;0;-;On;On;Off; 22.5; 22.2;0;0;1417;0;1417;0;1231;0;-
2026/04/28;01:50:12;-;-; 52.37; 0.0;-; 11.0; 12.7; 0.0;-;-;2073;-0.2; 0.0; 0.0;-9; 21.4;B;0;-;On;On;Off; 22.5; 22.2;0;0;1417;0;1417;0;1231;0;-
2026/04/28;01:51:12;-;-; 52.35; 0.0;-; 10.9; 12.4; 0.0;-;-;2073;-0.2; 0.0; 0.0;-9; 21.4;B;0;-;On;On;Off; 22.5; 22.2;0;0;1417;0;1417;0;1231;0;-
2026/04/28;01:52:12;-;-; 52.37; 0.0;-; 10.8; 12.3; 0.0;-;-;2073;-0.2; 0.0; 0.0;-9; 21.3;B;0;-;On;On;Off; 22.5; 22.2;0;0;1417;0;1417;0;1231;0;-
2026/04/28;01:53:12;-;-; 52.35; 0.0;-; 10.8; 12.5; 0.0;-;-;2073;-0.2; 0.0; 0.0;-9; 21.3;B;0;-;On;On;Off; 22.5; 22.2;0;0;1417;0;1417;0;1231;0;-
2026/04/28;01:54:12;-;-; 52.35; 0.0;-; 10.8; 12.5; 0.0;-;-;2073;-0.2; 0.0; 0.0;-9; 21.3;B;0;-;On;On;Off; 22.5; 22.2;0;0;1417;0;1417;0;1231;0;-
2026/04/28;01:55:12;-;-; 52.33; 0.0;-; 10.8; 12.4; 0.0;-;-;2073;-0.2; 0.0; 0.0;-9; 21.3;B;0;-;On;On;Off; 22.5; 22.2;0;0;1417;0;1417;0;1231;0;-
2026/04/28;01:56:12;-;-; 52.35; 0.0;-; 10.7; 12.3; 0.0;-;-;2073;-0.2; 0.0; 0.0;-9; 21.3;B;0;-;On;On;Off; 22.5; 22.2;0;0;1417;0;1417;0;1231;0;-
2026/04/28;01:57:12;-;-; 52.35; 0.0;-; 10.7; 12.5; 0.0;-;-;2073;-0.2; 0.0; 0.0;-9; 21.3;B;0;-;On;On;Off; 22.5; 22.2;0;0;1417;0;1417;0;1231;0;-
2026/04/28;01:58:12;-;-; 52.33; 0.0;-; 10.7; 12.3; 0.0;-;-;2073;-0.2; 0.0; 0.0;-9; 21.3;B;0;-;On;On;Off; 22.5; 22.2;0;0;1417;0;1417;0;1231;0;-
2026/04/28;01:59:12;-;-; 52.35; 0.0;-; 10.7; 12.3; 0.0;-;-;2074;-0.2; 0.0; 0.0;-9; 21.3;B;0;-;On;On;Off; 22.5; 22.2;0;0;1417;0;1417;0;1231;0;-
2026/04/28;02:00:12;-;-; 52.35; 0.0;-; 10.7; 12.4; 0.0;-;-;2074;-0.2; 0.0; 0.0;-9; 21.3;B;0;-;On;On;Off; 22.4; 22.2;0;0;1417;0;1417;0;1231;0;-
2026/04/28;02:01:12;-;-; 52.33; 0.0;-; 10.7; 12.4; 0.0;-;-;2074;-0.2; 0.0; 0.0;-9; 21.3;B;0;-;On;On;Off; 22.4; 22.1;0;0;1417;0;1417;0;1231;0;-
2026/04/28;02:02:12;-;-; 52.35; 0.0;-; 10.7; 12.3; 0.0;-;-;2074;-0.2; 0.0; 0.0;-9; 21.3;B;0;-;On;On;Off; 22.4; 22.1;0;0;1417;0;1417;0;1231;0;-
2026/04/28;02:03:11;-;-; 52.33; 0.0;-; 10.7; 12.4; 0.0;-;-;2074;-0.2; 0.0; 0.0;-9; 21.3;B;0;-;On;On;Off; 22.4; 22.1;0;0;1417;0;1417;0;1231;0;-
2026/04/28;02:04:11;-;-; 52.33; 0.0;-; 10.6; 12.3; 0.0;-;-;2074;-0.2; 0.0; 0.0;-9; 21.3;B;0;-;On;On;Off; 22.4; 22.1;0;0;1417;0;1417;0;1231;0;-
2026/04/28;02:05:11;-;-; 52.35; 0.0;-; 10.6; 12.2; 0.0;-;-;2074;-0.2; 0.0; 0.0;-10; 21.3;B;0;-;On;On;Off; 22.4; 22.1;0;0;1417;0;1417;0;1231;0;-
2026/04/28;02:06:11;-;-; 52.35; 0.0;-; 10.6; 12.2; 0.0;-;-;2074;-0.2; 0.0; 0.0;-9; 21.3;B;0;-;On;On;Off; 22.4; 22.1;0;0;1417;0;1417;0;1231;0;-
2026/04/28;02:07:11;-;-; 52.35; 0.0;-; 10.6; 12.4; 0.0;-;-;2074;-0.2; 0.0; 0.0;-10; 21.3;B;0;-;On;On;Off; 22.4; 22.1;0;0;1417;0;1417;0;1231;0;-
2026/04/28;02:08:11;-;-; 52.35; 0.0;-; 10.5; 12.4; 0.0;-;-;2074;-0.2; 0.0; 0.0;-10; 21.3;B;0;-;On;On;Off; 22.4; 22.1;0;0;1417;0;1417;0;1231;0;-
2026/04/28;02:09:11;-;-; 52.33; 0.0;-; 10.6; 12.2; 0.0;-;-;2074;-0.2; 0.0; 0.0;-10; 21.3;B;0;-;On;On;Off; 22.4; 22.1;0;0;1417;0;1417;0;1231;0;-
2026/04/28;02:10:11;-;-; 52.35; 0.0;-; 10.5; 12.3; 0.0;-;-;2074;-0.2; 0.0; 0.0;-10; 21.3;B;0;-;On;On;Off; 22.4; 22.1;0;0;1417;0;1417;0;1231;0;-
2026/04/28;02:11:11;-;-; 52.35; 0.0;-; 10.6; 12.3; 0.0;-;-;2074;-0.2; 0.0; 0.0;-9; 21.3;B;0;-;On;On;Off; 22.4; 22.1;0;0;1417;0;1417;0;1231;0;-
2026/04/28;02:12:11;-;-; 52.35; 0.0;-; 10.5; 12.3; 0.0;-;-;2074;-0.2; 0.0; 0.0;-10; 21.3;B;0;-;On;On;Off; 22.4; 22.1;0;0;1417;0;1417;0;1231;0;-
2026/04/28;02:13:11;-;-; 52.33; 0.0;-; 10.5; 12.3; 0.0;-;-;2074;-0.2; 0.0; 0.0;-10; 21.3;B;0;-;On;On;Off; 22.4; 22.1;0;0;1417;0;1417;0;1231;0;-
2026/04/28;02:14:11;-;-; 52.33; 0.0;-; 10.5; 12.2; 0.0;-;-;2074;-0.2; 0.0; 0.0;-9; 21.3;B;0;-;On;On;Off; 22.4; 22.1;0;0;1417;0;1417;0;1231;0;-
2026/04/28;02:15:11;-;-; 52.35; 0.0;-; 10.5; 12.1; 0.0;-;-;2074;-0.2; 0.0; 0.0;-10; 21.3;B;0;-;On;On;Off; 22.4; 22.1;0;0;1417;0;1417;0;1231;0;-
2026/04/28;02:16:11;-;-; 52.33; 0.0;-; 10.5; 12.1; 0.0;-;-;2074;-0.2; 0.0; 0.0;-9; 21.3;B;0;-;On;On;Off; 22.4; 22.1;0;0;1417;0;1417;0;1231;0;-
2026/04/28;02:17:11;-;-; 52.35; 0.0;-; 10.5; 12.2; 0.0;-;-;2074;-0.2; 0.0; 0.0;-9; 21.3;B;0;-;On;On;Off; 22.4; 22.1;0;0;1417;0;1417;0;1231;0;-
2026/04/28;02:18:11;-;-; 52.35; 0.0;-; 10.5; 12.2; 0.0;-;-;2074;-0.2; 0.0; 0.0;-9; 21.3;B;0;-;On;On;Off; 22.4; 22.1;0;0;1417;0;1417;0;1231;0;-
2026/04/28;02:19:10;-;-; 52.35; 0.0;-; 10.4; 12.1; 0.0;-;-;2074;-0.2; 0.0; 0.0;-10; 21.3;B;0;-;On;On;Off; 22.4; 22.1;0;0;1417;0;1417;0;1231;0;-
2026/04/28;02:20:10;-;-; 52.33; 0.0;-; 10.4; 12.1; 0.0;-;-;2074;-0.2; 0.0; 0.0;-9; 21.3;B;0;-;On;On;Off; 22.4; 22.1;0;0;1417;0;1417;0;1231;0;-
2026/04/28;02:21:10;-;-; 52.35; 0.0;-; 10.4; 12.2; 0.0;-;-;2074;-0.2; 0.0; 0.0;-10; 21.3;B;0;-;On;On;Off; 22.4; 22.1;0;0;1417;0;1417;0;1231;0;-
2026/04/28;02:22:10;-;-; 52.33; 0.0;-; 10.4; 12.2; 0.0;-;-;2074;-0.2; 0.0; 0.0;-10; 21.3;B;0;-;On;On;Off; 22.4; 22.1;0;0;1417;0;1417;0;1231;0;-
2026/04/28;02:23:10;-;-; 52.33; 0.0;-; 10.4; 12.1; 0.0;-;-;2074;-0.2; 0.0; 0.0;-9; 21.3;B;0;-;On;On;Off; 22.4; 22.1;0;0;1417;0;1417;0;1231;0;-
2026/04/28;02:24:10;-;-; 52.33; 0.0;-; 10.4; 12.0; 0.0;-;-;2074;-0.2; 0.0; 0.0;-9; 21.3;B;0;-;On;On;Off; 22.4; 22.1;0;0;1417;0;1417;0;1231;0;-
2026/04/28;02:25:10;-;-; 52.33; 0.0;-; 10.3; 12.0; 0.0;-;-;2074;-0.2; 0.0; 0.0;-10; 21.2;B;0;-;On;On;Off; 22.4; 22.1;0;0;1417;0;1417;0;1231;0;-
2026/04/28;02:26:10;-;-; 52.33; 0.0;-; 10.4; 12.1; 0.0;-;-;2074;-0.2; 0.0; 0.0;-9; 21.2;B;0;-;On;On;Off; 22.4; 22.1;0;0;1417;0;1417;0;1231;0;-
2026/04/28;02:27:10;-;-; 52.33; 0.0;-; 10.3; 11.9; 0.0;-;-;2074;-0.2; 0.0; 0.0;-10; 21.3;B;0;-;On;On;Off; 22.4; 22.1;0;0;1417;0;1417;0;1231;0;-
2026/04/28;02:28:10;-;-; 52.35; 0.0;-; 10.3; 12.0; 0.0;-;-;2074;-0.2; 0.0; 0.0;-10; 21.2;B;0;-;On;On;Off; 22.4; 22.1;0;0;1417;0;1417;0;1231;0;-
2026/04/28;02:29:10;-;-; 52.35; 0.0;-; 12.1; 13.7; 0.0;-;-;2074;-0.2; 0.0; 0.0;-9; 21.2;B;0;-;On;On;Off; 22.4; 22.1;0;0;1417;0;1417;0;1231;0;-
2026/04/28;02:30:10;-;-; 52.35; 0.0;-; 12.9; 14.0; 0.0;-;-;2074;-0.2; 0.0; 0.0;-9; 21.2;B;0;-;On;On;Off; 22.4; 22.1;0;0;1417;0;1417;0;1231;0;-
2026/04/28;02:31:10;-;-; 52.33; 0.0;-; 12.8; 14.0; 0.0;-;-;2074;-0.2; 0.0; 0.0;-9; 21.2;B;0;-;On;On;Off; 22.3; 22.1;0;0;1417;0;1417;0;1231;0;-
2026/04/28;02:32:10;-;-; 52.35; 0.0;-; 10.3; 12.1; 0.0;-;-;2074;-0.2; 0.0; 0.0;-9; 21.2;B;0;-;On;On;Off; 22.4; 22.1;0;0;1417;0;1417;0;1231;0;-
2026/04/28;02:33:10;-;-; 52.33; 0.0;-; 10.3; 12.1; 0.0;-;-;2074;-0.2; 0.0; 0.0;-9; 21.2;B;0;-;On;On;Off; 22.3; 22.1;0;0;1417;0;1417;0;1231;0;-
2026/04/28;02:34:10;-;-; 52.33; 0.0;-; 10.2; 12.2; 0.0;-;-;2074;-0.2; 0.0; 0.0;-9; 21.2;B;0;-;On;On;Off; 22.4; 22.1;0;0;1417;0;1417;0;1231;0;-
2026/04/28;02:35:09;-;-; 52.33; 0.0;-; 10.2; 12.0; 0.0;-;-;2074;-0.2; 0.0; 0.0;-9; 21.2;B;0;-;On;On;Off; 22.3; 22.1;0;0;1417;0;1417;0;1231;0;-
2026/04/28;02:36:09;-;-; 52.33; 0.0;-; 10.2; 12.2; 0.0;-;-;2074;-0.2; 0.0; 0.0;-8; 21.2;B;0;-;On;On;Off; 22.4; 22.1;0;0;1417;0;1417;0;1231;0;-
2026/04/28;02:37:09;-;-; 52.33; 0.0;-; 10.2; 11.8; 0.0;-;-;2074;-0.2; 0.0; 0.0;-9; 21.2;B;0;-;On;On;Off; 22.3; 22.1;0;0;1417;0;1417;0;1231;0;-
2026/04/28;02:38:09;-;-; 52.33; 0.0;-; 10.1; 11.9; 0.0;-;-;2074;-0.2; 0.0; 0.0;-9; 21.2;B;0;-;On;On;Off; 22.3; 22.1;0;0;1417;0;1417;0;1231;0;-
2026/04/28;02:39:09;-;-; 52.33; 0.0;-; 10.1; 11.9; 0.0;-;-;2074;-0.2; 0.0; 0.0;-9; 21.2;B;0;-;On;On;Off; 22.3; 22.1;0;0;1417;0;1417;0;1231;0;-
2026/04/28;02:40:09;-;-; 52.33; 0.0;-; 10.1; 11.8; 0.0;-;-;2074;-0.2; 0.0; 0.0;-8; 21.2;B;0;-;On;On;Off; 22.3; 22.1;0;0;1417;0;1417;0;1231;0;-
2026/04/28;02:41:09;-;-; 52.33; 0.0;-; 10.1; 11.7; 0.0;-;-;2074;-0.2; 0.0; 0.0;-9; 21.2;B;0;-;On;On;Off; 22.3; 22.1;0;0;1417;0;1417;0;1231;0;-
2026/04/28;02:42:09;-;-; 52.33; 0.0;-; 10.1; 11.8; 0.0;-;-;2074;-0.2; 0.0; 0.0;-8; 21.2;B;0;-;On;On;Off; 22.3; 22.1;0;0;1417;0;1417;0;1231;0;-
2026/04/28;02:43:09;-;-; 52.31; 0.0;-; 10.0; 11.6; 0.0;-;-;2074;-0.2; 0.0; 0.0;-8; 21.2;B;0;-;On;On;Off; 22.3; 22.1;0;0;1417;0;1417;0;1231;0;-
2026/04/28;02:44:09;-;-; 52.33; 0.0;-; 10.0; 11.8; 0.0;-;-;2074;-0.2; 0.0; 0.0;-8; 21.2;B;0;-;On;On;Off; 22.3; 22.1;0;0;1417;0;1417;0;1231;0;-
2026/04/28;02:45:09;-;-; 52.33; 0.0;-; 10.0; 11.7; 0.0;-;-;2074;-0.2; 0.0; 0.0;-9; 21.2;B;0;-;On;On;Off; 22.3; 22.1;0;0;1417;0;1417;0;1231;0;-
2026/04/28;02:46:09;-;-; 52.33; 0.0;-; 10.1; 11.8; 0.0;-;-;2074;-0.2; 0.0; 0.0;-9; 21.2;B;0;-;On;On;Off; 22.3; 22.1;0;0;1417;0;1417;0;1231;0;-
2026/04/28;02:47:09;-;-; 52.33; 0.0;-; 10.1; 11.8; 0.0;-;-;2074;-0.2; 0.0; 0.0;-9; 21.2;B;0;-;On;On;Off; 22.3; 22.0;0;0;1417;0;1417;0;1231;0;-
2026/04/28;02:48:09;-;-; 52.31; 0.0;-; 10.0; 11.8; 0.0;-;-;2074;-0.2; 0.0; 0.0;-9; 21.2;B;0;-;On;On;Off; 22.3; 22.1;0;0;1417;0;1417;0;1231;0;-
2026/04/28;02:49:09;-;-; 52.33; 0.0;-; 10.0; 11.7; 0.0;-;-;2074;-0.2; 0.0; 0.0;-9; 21.2;B;0;-;On;On;Off; 22.3; 22.0;0;0;1417;0;1417;0;1231;0;-
2026/04/28;02:50:09;-;-; 52.33; 0.0;-; 10.0; 11.6; 0.0;-;-;2074;-0.2; 0.0; 0.0;-9; 21.2;B;0;-;On;On;Off; 22.3; 22.1;0;0;1417;0;1417;0;1231;0;-
2026/04/28;02:51:08;-;-; 52.33; 0.0;-; 9.9; 11.6; 0.0;-;-;2074;-0.2; 0.0; 0.0;-9; 21.2;B;0;-;On;On;Off; 22.3; 22.0;0;0;1417;0;1417;0;1231;0;-
2026/04/28;02:52:08;-;-; 52.31; 0.0;-; 10.1; 11.7; 0.0;-;-;2074;-0.2; 0.0; 0.0;-9; 21.2;B;0;-;On;On;Off; 22.3; 22.1;0;0;1417;0;1417;0;1231;0;-
2026/04/28;02:53:08;-;-; 52.31; 0.0;-; 9.9; 11.7; 0.0;-;-;2074;-0.2; 0.0; 0.0;-9; 21.2;B;0;-;On;On;Off; 22.3; 22.1;0;0;1417;0;1417;0;1231;0;-
2026/04/28;02:54:08;-;-; 52.31; 0.0;-; 9.8; 11.6; 0.0;-;-;2074;-0.2; 0.0; 0.0;-9; 21.2;B;0;-;On;On;Off; 22.3; 22.0;0;0;1417;0;1417;0;1231;0;-
2026/04/28;02:55:08;-;-; 52.31; 0.0;-; 9.8; 11.7; 0.0;-;-;2074;-0.2; 0.0; 0.0;-10; 21.2;B;0;-;On;On;Off; 22.3; 22.0;0;0;1417;0;1417;0;1231;0;-
2026/04/28;02:56:08;-;-; 52.33; 0.0;-; 9.9; 11.5; 0.0;-;-;2074;-0.2; 0.0; 0.0;-9; 21.2;B;0;-;On;On;Off; 22.3; 22.0;0;0;1417;0;1417;0;1231;0;-
2026/04/28;02:57:08;-;-; 52.31; 0.0;-; 9.7; 11.6; 0.0;-;-;2074;-0.2; 0.0; 0.0;-9; 21.2;B;0;-;On;On;Off; 22.3; 22.0;0;0;1417;0;1417;0;1231;0;-
2026/04/28;02:58:08;-;-; 52.33; 0.0;-; 9.8; 11.6; 0.0;-;-;2074;-0.2; 0.0; 0.0;-9; 21.2;B;0;-;On;On;Off; 22.3; 22.0;0;0;1417;0;1417;0;1231;0;-
2026/04/28;02:59:08;-;-; 52.33; 0.0;-; 9.8; 11.5; 0.0;-;-;2075;-0.2; 0.0; 0.0;-10; 21.2;B;0;-;On;On;Off; 22.3; 22.0;0;0;1417;0;1417;0;1231;0;-
2026/04/28;03:00:08;-;-; 52.33; 0.0;-; 9.9; 11.5; 0.0;-;-;2075;-0.2; 0.0; 0.0;-10; 21.2;B;0;-;On;On;Off; 22.3; 22.0;0;0;1417;0;1417;0;1231;0;-
2026/04/28;03:01:08;-;-; 52.33; 0.0;-; 9.8; 11.6; 0.0;-;-;2075;-0.2; 0.0; 0.0;-10; 21.2;B;0;-;On;On;Off; 22.3; 22.0;0;0;1417;0;1417;0;1231;0;-
2026/04/28;03:02:08;-;-; 52.31; 0.0;-; 9.8; 11.4; 0.0;-;-;2075;-0.2; 0.0; 0.0;-10; 21.2;B;0;-;On;On;Off; 22.3; 22.0;0;0;1417;0;1417;0;1231;0;-
2026/04/28;03:03:08;-;-; 52.31; 0.0;-; 9.7; 11.5; 0.0;-;-;2075;-0.2; 0.0; 0.0;-9; 21.2;B;0;-;On;On;Off; 22.3; 22.0;0;0;1417;0;1417;0;1231;0;-
2026/04/28;03:04:08;-;-; 52.31; 0.0;-; 9.7; 11.4; 0.0;-;-;2075;-0.2; 0.0; 0.0;-9; 21.2;B;0;-;On;On;Off; 22.3; 22.0;0;0;1417;0;1417;0;1231;0;-
2026/04/28;03:05:08;-;-; 52.31; 0.0;-; 9.7; 11.6; 0.0;-;-;2075;-0.2; 0.0; 0.0;-9; 21.1;B;0;-;On;On;Off; 22.3; 22.0;0;0;1417;0;1417;0;1231;0;-
2026/04/28;03:06:07;-;-; 52.33; 0.0;-; 9.7; 11.4; 0.0;-;-;2075;-0.2; 0.0; 0.0;-9; 21.1;B;0;-;On;On;Off; 22.3; 22.0;0;0;1417;0;1417;0;1231;0;-
2026/04/28;03:07:07;-;-; 52.33; 0.0;-; 9.7; 11.5; 0.0;-;-;2075;-0.2; 0.0; 0.0;-9; 21.1;B;0;-;On;On;Off; 22.3; 22.0;0;0;1417;0;1417;0;1231;0;-
2026/04/28;03:08:07;-;-; 52.31; 0.0;-; 9.7; 11.3; 0.0;-;-;2075;-0.2; 0.0; 0.0;-9; 21.1;B;0;-;On;On;Off; 22.3; 22.0;0;0;1417;0;1417;0;1231;0;-
2026/04/28;03:09:07;-;-; 52.31; 0.0;-; 9.7; 11.5; 0.0;-;-;2075;-0.2; 0.0; 0.0;-9; 21.1;B;0;-;On;On;Off; 22.3; 22.0;0;0;1417;0;1417;0;1231;0;-
2026/04/28;03:10:07;-;-; 52.33; 0.0;-; 9.7; 11.5; 0.0;-;-;2075;-0.2; 0.0; 0.0;-9; 21.1;B;0;-;On;On;Off; 22.3; 22.0;0;0;1417;0;1417;0;1231;0;-
2026/04/28;03:11:07;-;-; 52.33; 0.0;-; 9.7; 11.3; 0.0;-;-;2075;-0.2; 0.0; 0.0;-8; 21.1;B;0;-;On;On;Off; 22.3; 22.0;0;0;1417;0;1417;0;1231;0;-
2026/04/28;03:12:07;-;-; 52.33; 0.0;-; 9.6; 11.4; 0.0;-;-;2075;-0.2; 0.0; 0.0;-9; 21.1;B;0;-;On;On;Off; 22.3; 22.0;0;0;1417;0;1417;0;1231;0;-
2026/04/28;03:13:07;-;-; 52.33; 0.0;-; 9.6; 11.6; 0.0;-;-;2075;-0.2; 0.0; 0.0;-9; 21.1;B;0;-;On;On;Off; 22.3; 22.0;0;0;1417;0;1417;0;1231;0;-
2026/04/28;03:14:07;-;-; 52.33; 0.0;-; 9.6; 11.3; 0.0;-;-;2075;-0.2; 0.0; 0.0;-9; 21.1;B;0;-;On;On;Off; 22.3; 22.0;0;0;1417;0;1417;0;1231;0;-
2026/04/28;03:15:07;-;-; 52.33; 0.0;-; 9.6; 11.4; 0.0;-;-;2075;-0.2; 0.0; 0.0;-9; 21.1;B;0;-;On;On;Off; 22.3; 22.0;0;0;1417;0;1417;0;1231;0;-
2026/04/28;03:16:07;-;-; 52.33; 0.0;-; 9.7; 11.5; 0.0;-;-;2075;-0.2; 0.0; 0.0;-9; 21.1;B;0;-;On;On;Off; 22.3; 22.0;0;0;1417;0;1417;0;1231;0;-
2026/04/28;03:17:07;-;-; 52.33; 0.0;-; 9.6; 11.4; 0.0;-;-;2075;-0.2; 0.0; 0.0;-10; 21.1;B;0;-;On;On;Off; 22.3; 22.0;0;0;1417;0;1417;0;1231;0;-
2026/04/28;03:18:07;-;-; 52.33; 0.0;-; 9.7; 11.4; 0.0;-;-;2075;-0.2; 0.0; 0.0;-9; 21.1;B;0;-;On;On;Off; 22.3; 22.0;0;0;1417;0;1417;0;1231;0;-
2026/04/28;03:19:07;-;-; 52.33; 0.0;-; 9.6; 11.3; 0.0;-;-;2075;-0.2; 0.0; 0.0;-9; 21.1;B;0;-;On;On;Off; 22.2; 22.0;0;0;1417;0;1417;0;1231;0;-
2026/04/28;03:20:07;-;-; 52.33; 0.0;-; 9.6; 11.3; 0.0;-;-;2075;-0.2; 0.0; 0.0;-9; 21.1;B;0;-;On;On;Off; 22.2; 22.0;0;0;1417;0;1417;0;1231;0;-
2026/04/28;03:21:07;-;-; 52.31; 0.0;-; 9.6; 11.4; 0.0;-;-;2075;-0.2; 0.0; 0.0;-9; 21.1;B;0;-;On;On;Off; 22.3; 21.9;0;0;1417;0;1417;0;1231;0;-
2026/04/28;03:22:06;-;-; 52.33; 0.0;-; 9.5; 11.4; 0.0;-;-;2075;-0.2; 0.0; 0.0;-9; 21.1;B;0;-;On;On;Off; 22.3; 22.0;0;0;1417;0;1417;0;1231;0;-
2026/04/28;03:23:06;-;-; 52.33; 0.0;-; 9.6; 11.3; 0.0;-;-;2075;-0.2; 0.0; 0.0;-10; 21.1;B;0;-;On;On;Off; 22.2; 21.9;0;0;1417;0;1417;0;1231;0;-
2026/04/28;03:24:06;-;-; 52.31; 0.0;-; 9.5; 11.4; 0.0;-;-;2075;-0.2; 0.0; 0.0;-10; 21.1;B;0;-;On;On;Off; 22.2; 21.9;0;0;1417;0;1417;0;1231;0;-
2026/04/28;03:25:06;-;-; 52.33; 0.0;-; 9.7; 11.4; 0.0;-;-;2075;-0.2; 0.0; 0.0;-9; 21.1;B;0;-;On;On;Off; 22.2; 22.0;0;0;1417;0;1417;0;1231;0;-
2026/04/28;03:26:06;-;-; 52.33; 0.0;-; 9.6; 11.3; 0.0;-;-;2075;-0.2; 0.0; 0.0;-9; 21.1;B;0;-;On;On;Off; 22.2; 21.9;0;0;1417;0;1417;0;1231;0;-
2026/04/28;03:27:06;-;-; 52.31; 0.0;-; 9.6; 11.4; 0.0;-;-;2075;-0.2; 0.0; 0.0;-9; 21.2;B;0;-;On;On;Off; 22.2; 21.9;0;0;1417;0;1417;0;1231;0;-
2026/04/28;03:28:06;-;-; 52.33; 0.0;-; 9.7; 11.4; 0.0;-;-;2075;-0.2; 0.0; 0.0;-9; 21.2;B;0;-;On;On;Off; 22.2; 21.9;0;0;1417;0;1417;0;1231;0;-
2026/04/28;03:29:06;-;-; 52.33; 0.0;-; 9.6; 11.3; 0.0;-;-;2075;-0.2; 0.0; 0.0;-8; 21.2;B;0;-;On;On;Off; 22.2; 21.9;0;0;1417;0;1417;0;1231;0;-
2026/04/28;03:30:06;-;-; 52.33; 0.0;-; 9.6; 11.4; 0.0;-;-;2075;-0.2; 0.0; 0.0;-8; 21.2;B;0;-;On;On;Off; 22.2; 21.9;0;0;1417;0;1417;0;1231;0;-
2026/04/28;03:31:06;-;-; 52.33; 0.0;-; 9.6; 11.4; 0.0;-;-;2075;-0.2; 0.0; 0.0;-9; 21.2;B;0;-;On;On;Off; 22.2; 21.9;0;0;1417;0;1417;0;1231;0;-
2026/04/28;03:32:06;-;-; 52.33; 0.0;-; 9.6; 11.4; 0.0;-;-;2075;-0.2; 0.0; 0.0;-9; 21.2;B;0;-;On;On;Off; 22.2; 21.9;0;0;1417;0;1417;0;1231;0;-
2026/04/28;03:33:06;-;-; 52.31; 0.0;-; 9.7; 11.3; 0.0;-;-;2075;-0.2; 0.0; 0.0;-9; 21.2;B;0;-;On;On;Off; 22.2; 21.9;0;0;1417;0;1417;0;1231;0;-
2026/04/28;03:34:06;-;-; 52.33; 0.0;-; 9.6; 11.4; 0.0;-;-;2075;-0.2; 0.0; 0.0;-9; 21.2;B;0;-;On;On;Off; 22.2; 21.9;0;0;1417;0;1417;0;1231;0;-
2026/04/28;03:35:06;-;-; 52.33; 0.0;-; 10.4; 11.6; 0.0;-;-;2075;-0.2; 0.0; 0.0;-9; 21.2;B;0;-;On;On;Off; 22.2; 21.9;0;0;1417;0;1417;0;1231;0;-
2026/04/28;03:36:06;-;-; 52.31; 0.0;-; 10.0; 11.6; 0.0;-;-;2075;-0.2; 0.0; 0.0;-9; 21.2;B;0;-;On;On;Off; 22.2; 21.9;0;0;1417;0;1417;0;1231;0;-
2026/04/28;03:37:06;-;-; 52.33; 0.0;-; 9.9; 11.5; 0.0;-;-;2075;-0.2; 0.0; 0.0;-9; 21.2;B;0;-;On;On;Off; 22.2; 21.9;0;0;1417;0;1417;0;1231;0;-
2026/04/28;03:38:05;-;-; 52.33; 0.0;-; 10.0; 11.6; 0.0;-;-;2075;-0.2; 0.0; 0.0;-9; 21.3;B;0;-;On;On;Off; 22.2; 21.9;0;0;1417;0;1417;0;1231;0;-
2026/04/28;03:39:05;-;-; 52.33; 0.0;-; 10.0; 11.5; 0.0;-;-;2075;-0.2; 0.0; 0.0;-9; 21.3;B;0;-;On;On;Off; 22.2; 21.9;0;0;1417;0;1417;0;1231;0;-
2026/04/28;03:40:05;-;-; 52.33; 0.0;-; 9.9; 11.6; 0.0;-;-;2075;-0.2; 0.0; 0.0;-9; 21.3;B;0;-;On;On;Off; 22.2; 21.9;0;0;1417;0;1417;0;1231;0;-
2026/04/28;03:41:05;-;-; 52.31; 0.0;-; 9.8; 11.7; 0.0;-;-;2075;-0.2; 0.0; 0.0;-8; 21.3;B;0;-;On;On;Off; 22.2; 21.9;0;0;1417;0;1417;0;1231;0;-
2026/04/28;03:42:05;-;-; 52.31; 0.0;-; 9.8; 11.8; 0.0;-;-;2075;-0.2; 0.0; 0.0;-9; 21.3;B;0;-;On;On;Off; 22.2; 21.9;0;0;1417;0;1417;0;1231;0;-
2026/04/28;03:43:05;-;-; 52.33; 0.0;-; 9.8; 11.8; 0.0;-;-;2075;-0.2; 0.0; 0.0;-9; 21.3;B;0;-;On;On;Off; 22.2; 21.9;0;0;1417;0;1417;0;1231;0;-
2026/04/28;03:44:05;-;-; 52.33; 0.0;-; 9.9; 11.8; 0.0;-;-;2075;-0.2; 0.0; 0.0;-9; 21.3;B;0;-;On;On;Off; 22.2; 22.0;0;0;1417;0;1417;0;1231;0;-
2026/04/28;03:45:05;-;-; 52.31; 0.0;-; 10.9; 12.0; 0.0;-;-;2075;-0.2; 0.0; 0.0;-8; 21.3;B;0;-;On;On;Off; 22.2; 22.0;0;0;1417;0;1417;0;1231;0;-
2026/04/28;03:46:05;-;-; 52.33; 0.0;-; 10.0; 11.7; 0.0;-;-;2075;-0.2; 0.0; 0.0;-8; 21.3;B;0;-;On;On;Off; 22.2; 21.9;0;0;1417;0;1417;0;1231;0;-
2026/04/28;03:47:05;-;-; 52.31; 0.0;-; 10.0; 11.7; 0.0;-;-;2075;-0.2; 0.0; 0.0;-8; 21.3;B;0;-;On;On;Off; 22.3; 21.9;0;0;1417;0;1417;0;1231;0;-
2026/04/28;03:48:05;-;-; 52.31; 0.0;-; 10.1; 11.5; 0.0;-;-;2075;-0.2; 0.0; 0.0;-9; 21.3;B;0;-;On;On;Off; 22.3; 21.9;0;0;1417;0;1417;0;1231;0;-
2026/04/28;03:49:05;-;-; 52.31; 0.0;-; 10.2; 11.7; 0.0;-;-;2075;-0.2; 0.0; 0.0;-8; 21.4;B;0;-;On;On;Off; 22.3; 22.0;0;0;1417;0;1417;0;1231;0;-
2026/04/28;03:50:05;-;-; 52.31; 0.0;-; 10.4; 11.6; 0.0;-;-;2075;-0.2; 0.0; 0.0;-9; 21.4;B;0;-;On;On;Off; 22.3; 22.0;0;0;1417;0;1417;0;1231;0;-
2026/04/28;03:51:05;-;-; 52.31; 0.0;-; 10.5; 11.7; 0.0;-;-;2075;-0.2; 0.0; 0.0;-9; 21.4;B;0;-;On;On;Off; 22.3; 22.0;0;0;1417;0;1417;0;1231;0;-
2026/04/28;03:52:05;-;-; 52.31; 0.0;-; 10.6; 11.8; 0.0;-;-;2075;-0.2; 0.0; 0.0;-8; 21.4;B;0;-;On;On;Off; 22.3; 22.0;0;0;1417;0;1417;0;1231;0;-
2026/04/28;03:53:05;-;-; 52.31; 0.0;-; 10.7; 12.0; 0.0;-;-;2075;-0.2; 0.0; 0.0;-9; 21.4;B;0;-;On;On;Off; 22.3; 22.0;0;0;1417;0;1417;0;1231;0;-
2026/04/28;03:54:04;-;-; 52.31; 0.0;-; 10.8; 11.9; 0.0;-;-;2075;-0.2; 0.0; 0.0;-9; 21.4;B;0;-;On;On;Off; 22.3; 22.0;0;0;1417;0;1417;0;1231;0;-
2026/04/28;03:55:04;-;-; 52.31; 0.0;-; 10.9; 12.2; 0.0;-;-;2075;-0.2; 0.0; 0.0;-9; 21.4;B;0;-;On;On;Off; 22.3; 22.0;0;0;1417;0;1417;0;1231;0;-
2026/04/28;03:56:04;-;-; 52.31; 0.0;-; 11.0; 12.3; 0.0;-;-;2075;-0.2; 0.0; 0.0;-9; 21.4;B;0;-;On;On;Off; 22.3; 22.0;0;0;1417;0;1417;0;1231;0;-
2026/04/28;03:57:04;-;-; 52.30; 0.0;-; 11.2; 12.6; 0.0;-;-;2075;-0.2; 0.0; 0.0;-9; 21.4;B;0;-;On;On;Off; 22.3; 22.0;0;0;1417;0;1417;0;1231;0;-
2026/04/28;03:58:04;-;-; 52.30; 0.0;-; 11.5; 12.7; 0.0;-;-;2075;-0.2; 0.0; 0.0;-9; 21.4;B;0;-;On;On;Off; 22.3; 22.0;0;0;1417;0;1417;0;1231;0;-
2026/04/28;03:59:04;-;-; 52.30; 0.0;-; 11.7; 13.0; 0.0;-;-;2076;-0.2; 0.0; 0.0;-9; 21.4;B;0;-;On;On;Off; 22.3; 22.0;0;0;1417;0;1417;0;1231;0;-
2026/04/28;04:00:04;-;-; 52.31; 0.0;-; 13.6; 13.6; 0.0;-;-;2076;-0.2; 0.0; 0.0;-9; 21.4;B;0;-;On;On;Off; 22.3; 22.0;0;0;1417;0;1417;0;1231;0;-
2026/04/28;04:01:04;-;-; 52.31; 0.0;-; 13.9; 13.9; 0.0;-;-;2076;-0.2; 0.0; 0.0;-9; 21.4;B;0;-;On;On;Off; 22.3; 22.0;0;0;1417;0;1417;0;1231;0;-
2026/04/28;04:02:04;-;-; 52.31; 0.0;-; 14.2; 14.1; 0.0;-;-;2076;-0.2; 0.0; 0.0;-9; 21.4;B;0;-;On;On;Off; 22.3; 22.0;0;0;1417;0;1417;0;1231;0;-
2026/04/28;04:03:04;-;-; 52.30; 0.0;-; 14.6; 14.5; 0.0;-;-;2076;-0.2; 0.0; 0.0;-9; 21.4;B;0;-;On;On;Off; 22.3; 22.0;0;0;1417;0;1417;0;1231;0;-
2026/04/28;04:04:04;-;-; 52.31; 0.0;-; 14.8; 14.7; 0.0;-;-;2076;-0.2; 0.0; 0.0;-9; 21.4;B;0;-;On;On;Off; 22.3; 22.0;0;0;1417;0;1417;0;1231;0;-
2026/04/28;04:05:04;-;-; 52.31; 0.0;-; 15.2; 14.9; 0.0;-;-;2076;-0.2; 0.0; 0.0;-9; 21.4;B;0;-;On;On;Off; 22.3; 22.0;0;0;1417;0;1417;0;1231;0;-
2026/04/28;04:06:04;-;-; 52.31; 0.0;-; 15.7; 15.4; 0.0;-;-;2076;-0.2; 0.0; 0.0;-9; 21.4;B;0;-;On;On;Off; 22.3; 22.0;0;0;1417;0;1417;0;1231;0;-
2026/04/28;04:07:04;-;-; 52.31; 0.0;-; 16.0; 15.7; 0.0;-;-;2076;-0.2; 0.0; 0.0;-9; 21.4;B;0;-;On;On;Off; 22.3; 22.0;0;0;1417;0;1417;0;1231;0;-
2026/04/28;04:08:04;-;-; 52.31; 0.0;-; 16.5; 15.9; 0.0;-;-;2076;-0.2; 0.0; 0.0;-8; 21.4;B;0;-;On;On;Off; 22.3; 22.0;0;0;1417;0;1417;0;1231;0;-
2026/04/28;04:09:03;-;-; 52.31; 0.0;-; 17.0; 16.4; 0.0;-;-;2076;-0.2; 0.0; 0.0;-9; 21.4;B;0;-;On;On;Off; 22.3; 22.0;0;0;1417;0;1417;0;1231;0;-
2026/04/28;04:10:03;-;-; 52.30; 0.0;-; 17.4; 16.8; 0.0;-;-;2076;-0.2; 0.0; 0.0;-9; 21.4;B;0;-;On;On;Off; 22.3; 22.0;0;0;1417;0;1417;0;1231;0;-
2026/04/28;04:11:03;-;-; 52.31; 0.0;-; 18.0; 17.2; 0.0;-;-;2076;-0.2; 0.0; 0.0;-9; 21.4;B;0;-;On;On;Off; 22.3; 22.0;0;0;1417;0;1417;0;1231;0;-
2026/04/28;04:12:03;-;-; 52.31; 0.0;-; 18.6; 17.7; 0.0;-;-;2076;-0.2; 0.0; 0.0;-10; 21.4;B;0;-;On;On;Off; 22.3; 22.0;0;0;1417;0;1417;0;1231;0;-
2026/04/28;04:13:03;-;-; 52.31; 0.0;-; 19.2; 18.4; 0.0;-;-;2076;-0.2; 0.0; 0.0;-9; 21.4;B;0;-;On;On;Off; 22.3; 22.0;0;0;1417;0;1417;0;1231;0;-
2026/04/28;04:14:03;-;-; 52.30; 0.0;-; 19.9; 18.9; 0.0;-;-;2076;-0.2; 0.0; 0.0;-9; 21.4;B;0;-;On;On;Off; 22.2; 22.0;0;0;1417;0;1417;0;1231;0;-
2026/04/28;04:15:03;-;-; 52.30; 0.0;-; 20.4; 19.5; 0.0;-;-;2076;-0.2; 0.0; 0.0;-9; 21.4;B;0;-;On;On;Off; 22.2; 22.0;0;0;1417;0;1417;0;1231;0;-
2026/04/28;04:16:03;-;-; 52.31; 0.0;-; 21.0; 20.1; 0.0;-;-;2076;-0.2; 0.0; 0.0;-9; 21.4;B;0;-;On;On;Off; 22.2; 22.0;0;0;1417;0;1417;0;1231;0;-
2026/04/28;04:17:03;-;-; 52.30; 0.0;-; 21.9; 20.5; 0.0;-;-;2076;-0.2; 0.0; 0.0;-9; 21.4;B;0;-;On;On;Off; 22.2; 22.0;0;0;1417;0;1417;0;1231;0;-
2026/04/28;04:18:03;-;-; 52.31; 0.0;-; 22.6; 21.1; 0.0;-;-;2076;-0.2; 0.0; 0.0;-9; 21.4;B;0;-;On;On;Off; 22.2; 21.9;0;0;1417;0;1417;0;1231;0;-
2026/04/28;04:19:03;-;-; 52.31; 0.0;-; 23.3; 21.8; 0.0;-;-;2076;-0.2; 0.0; 0.0;-9; 21.4;B;0;-;On;On;Off; 22.2; 21.9;0;0;1417;0;1417;0;1231;0;-
2026/04/28;04:20:03;-;-; 52.31; 0.0;-; 24.1; 22.6; 0.0;-;-;2076;-0.2; 0.0; 0.0;-8; 21.4;B;0;-;On;On;Off; 22.2; 21.9;0;0;1417;0;1417;0;1231;0;-
2026/04/28;04:21:03;-;-; 52.31; 0.0;-; 25.1; 23.6; 0.0;-;-;2076;-0.2; 0.0; 0.0;-8; 21.4;B;0;-;On;On;Off; 22.2; 21.9;0;0;1417;0;1417;0;1231;0;-
2026/04/28;04:22:03;-;-; 52.30; 0.0;-; 26.0; 24.2; 0.0;-;-;2076;-0.2; 0.0; 0.0;-9; 21.4;B;0;-;On;On;Off; 22.2; 21.9;0;0;1417;0;1417;0;1231;0;-
2026/04/28;04:23:03;-;-; 52.30; 0.0;-; 26.9; 25.2; 0.0;-;-;2076;-0.2; 0.0; 0.0;-9; 21.4;B;0;-;On;On;Off; 22.2; 21.9;0;0;1417;0;1417;0;1231;0;-
2026/04/28;04:24:03;-;-; 52.30; 0.0;-; 27.8; 26.0; 0.0;-;-;2076;-0.2; 0.0; 0.0;-9; 21.4;B;0;-;On;On;Off; 22.2; 21.9;0;0;1417;0;1417;0;1231;0;-
2026/04/28;04:25:02;-;-; 52.31; 0.0;-; 29.3; 27.6; 0.0;-;-;2076;-0.2; 0.0; 0.0;-9; 21.4;B;0;-;On;On;Off; 22.2; 21.9;0;0;1417;0;1417;0;1231;0;-
2026/04/28;04:26:02;-;-; 52.30; 0.0;-; 30.5; 28.6; 0.0;-;-;2076;-0.2; 0.0; 0.0;-9; 21.4;B;0;-;On;On;Off; 22.2; 21.9;0;0;1417;0;1417;0;1231;0;-
2026/04/28;04:27:02;-;-; 52.31; 0.0;-; 31.5; 29.5; 0.0;-;-;2076;-0.2; 0.0; 0.0;-9; 21.3;B;0;-;On;On;Off; 22.2; 21.9;0;0;1417;0;1417;0;1231;0;-
2026/04/28;04:28:02;-;-; 52.31; 0.0;-; 32.4; 30.4; 0.0;-;-;2076;-0.2; 0.0; 0.0;-9; 21.3;B;0;-;On;On;Off; 22.2; 21.9;0;0;1417;0;1417;0;1231;0;-
2026/04/28;04:29:02;-;-; 52.30; 0.0;-; 33.4; 31.4; 0.0;-;-;2076;-0.2; 0.0; 0.0;-9; 21.3;B;0;-;On;On;Off; 22.2; 21.9;0;0;1417;0;1417;0;1231;0;-
2026/04/28;04:30:02;-;-; 52.30; 0.0;-; 34.3; 32.3; 0.0;-;-;2076;-0.2; 0.0; 0.0;-9; 21.3;B;0;-;On;On;Off; 22.2; 21.9;0;0;1417;0;1417;0;1231;0;-
2026/04/28;04:31:02;-;-; 52.31; 0.0;-; 35.3; 33.4; 0.0;-;-;2076;-0.2; 0.0; 0.0;-9; 21.3;B;0;-;On;On;Off; 22.2; 21.9;0;0;1417;0;1417;0;1231;0;-
2026/04/28;04:32:02;-;-; 52.31; 0.0;-; 36.4; 34.3; 0.0;-;-;2076;-0.2; 0.0; 0.0;-9; 21.3;B;0;-;On;On;Off; 22.2; 21.9;0;0;1417;0;1417;0;1231;0;-
2026/04/28;04:33:02;-;-; 52.30; 0.0;-; 37.6; 35.4; 0.0;-;-;2076;-0.2; 0.0; 0.0;-9; 21.3;B;0;-;On;On;Off; 22.2; 21.9;0;0;1417;0;1417;0;1231;0;-
2026/04/28;04:34:02;-;-; 52.31; 0.0;-; 38.5; 36.4; 0.0;-;-;2076;-0.2; 0.0; 0.0;-8; 21.3;B;0;-;On;On;Off; 22.2; 21.9;0;0;1417;0;1417;0;1231;0;-
2026/04/28;04:35:02;-;-; 52.30; 0.0;-; 39.5; 37.4; 0.0;-;-;2076;-0.2; 0.0; 0.0;-9; 21.3;B;0;-;On;On;Off; 22.2; 21.9;0;0;1417;0;1417;0;1231;0;-
2026/04/28;04:36:02;-;-; 52.30; 0.0;-; 40.5; 38.3; 0.0;-;-;2076;-0.2; 0.0; 0.0;-9; 21.3;B;0;-;On;On;Off; 22.2; 21.9;0;0;1417;0;1417;0;1231;0;-
2026/04/28;04:37:02;-;-; 52.31; 0.0;-; 41.2; 39.2; 0.0;-;-;2076;-0.2; 0.0; 0.0;-9; 21.3;B;0;-;On;On;Off; 22.2; 21.9;0;0;1417;0;1417;0;1231;0;-
2026/04/28;04:38:02;-;-; 52.31; 0.0;-; 42.3; 40.1; 0.0;-;-;2076;-0.2; 0.0; 0.0;-8; 21.3;B;0;-;On;On;Off; 22.2; 21.9;0;0;1417;0;1417;0;1231;0;-
2026/04/28;04:39:02;-;-; 52.31; 0.0;-; 43.4; 41.2; 0.0;-;-;2076;-0.2; 0.0; 0.0;-8; 21.3;B;0;-;On;On;Off; 22.2; 21.9;0;0;1417;0;1417;0;1231;0;-
2026/04/28;04:40:02;-;-; 52.30; 0.0;-; 44.3; 42.2; 0.0;-;-;2076;-0.2; 0.0; 0.0;-9; 21.3;B;0;-;On;On;Off; 22.2; 21.9;0;0;1417;0;1417;0;1231;0;-
2026/04/28;04:41:01;-;-; 52.30; 0.0;-; 45.3; 43.2; 0.0;-;-;2076;-0.2; 0.0; 0.0;-8; 21.3;B;0;-;On;On;Off; 22.2; 21.9;0;0;1417;0;1417;0;1231;0;-
2026/04/28;04:42:01;-;-; 52.31; 0.0;-; 46.3; 44.1; 0.0;-;-;2076;-0.2; 0.0; 0.0;-9; 21.3;B;0;-;On;On;Off; 22.2; 21.9;0;0;1417;0;1417;0;1231;0;-
2026/04/28;04:43:01;-;-; 52.31; 0.0;-; 47.1; 45.2; 0.0;-;-;2076;-0.2; 0.0; 0.0;-9; 21.3;B;0;-;On;On;Off; 22.2; 21.9;0;0;1417;0;1417;0;1231;0;-
2026/04/28;04:44:01;-;-; 52.31; 0.0;-; 48.0; 46.1; 0.0;-;-;2076;-0.2; 0.0; 0.0;-9; 21.3;B;0;-;On;On;Off; 22.2; 21.9;0;0;1417;0;1417;0;1231;0;-
2026/04/28;04:45:01;-;-; 52.31; 0.0;-; 48.9; 47.1; 0.0;-;-;2076;-0.2; 0.0; 0.0;-8; 21.3;B;0;-;On;On;Off; 22.2; 21.9;0;0;1417;0;1417;0;1231;0;-
2026/04/28;04:46:01;-;-; 52.31; 0.0;-; 49.8; 47.8; 0.0;-;-;2076;-0.2; 0.0; 0.0;-9; 21.3;B;0;-;On;On;Off; 22.2; 21.9;0;0;1417;0;1417;0;1231;0;-
2026/04/28;04:47:01;-;-; 52.31; 0.0;-; 50.6; 48.9; 0.0;-;-;2076;-0.2; 0.0; 0.0;-9; 21.3;B;0;-;On;On;Off; 22.2; 21.9;0;0;1417;0;1417;0;1231;0;-
2026/04/28;04:48:01;-;-; 52.31; 0.0;-; 51.4; 49.9; 0.0;-;-;2076;-0.2; 0.0; 0.0;-9; 21.3;B;0;-;On;On;Off; 22.2; 21.9;0;0;1417;0;1417;0;1231;0;-
2026/04/28;04:49:01;-;-; 52.31; 0.0;-; 52.3; 50.7; 0.0;-;-;2076;-0.2; 0.0; 0.0;-9; 21.3;B;0;-;On;On;Off; 22.2; 21.9;0;0;1417;0;1417;0;1231;0;-
2026/04/28;04:50:01;-;-; 52.31; 0.0;-; 53.2; 51.5; 0.0;-;-;2076;-0.2; 0.0; 0.0;-9; 21.4;B;0;-;On;On;Off; 22.2; 21.9;0;0;1417;0;1417;0;1231;0;-
2026/04/28;04:51:01;-;-; 52.31; 0.0;-; 54.0; 52.3; 0.0;-;-;2076;-0.2; 0.0; 0.0;-9; 21.4;B;0;-;On;On;Off; 22.2; 21.9;0;0;1417;0;1417;0;1231;0;-
2026/04/28;04:52:01;-;-; 52.31; 0.0;-; 54.7; 53.3; 0.0;-;-;2076;-0.2; 0.0; 0.0;-9; 21.4;B;0;-;On;On;Off; 22.2; 21.9;0;0;1417;0;1417;0;1231;0;-
2026/04/28;04:53:01;-;-; 52.31; 0.0;-; 55.5; 54.1; 0.0;-;-;2076;-0.2; 0.0; 0.0;-9; 21.3;B;0;-;On;On;Off; 22.2; 21.9;0;0;1417;0;1417;0;1231;0;-
2026/04/28;04:54:01;-;-; 52.30; 0.0;-; 56.2; 54.8; 0.0;-;-;2076;-0.2; 0.0; 0.0;-9; 21.4;B;0;-;On;On;Off; 22.2; 21.9;0;0;1417;0;1417;0;1231;0;-
2026/04/28;04:55:01;-;-; 52.31; 0.0;-; 56.9; 55.5; 0.0;-;-;2076;-0.2; 0.0; 0.0;-9; 21.4;B;0;-;On;On;Off; 22.2; 21.9;0;0;1417;0;1417;0;1231;0;-
2026/04/28;04:56:01;-;-; 52.31; 0.0;-; 57.5; 56.2; 0.0;-;-;2076;-0.2; 0.0; 0.0;-9; 21.4;B;0;-;On;On;Off; 22.2; 21.9;0;0;1417;0;1417;0;1231;0;-
2026/04/28;04:57:00;-;-; 52.31; 0.0;-; 58.2; 57.0; 0.0;-;-;2076;-0.2; 0.0; 0.0;-9; 21.4;B;0;-;On;On;Off; 22.2; 21.9;0;0;1417;0;1417;0;1231;0;-
2026/04/28;04:58:00;-;-; 52.31; 0.0;-; 58.7; 57.6; 0.0;-;-;2076;-0.2; 0.0; 0.0;-10; 21.4;B;0;-;On;On;Off; 22.2; 21.9;0;0;1417;0;1417;0;1231;0;-
2026/04/28;04:59:00;-;-; 52.31; 0.0;-; 59.3; 58.3; 0.0;-;-;2077;-0.2; 0.0; 0.0;-9; 21.4;B;0;-;On;On;Off; 22.2; 21.9;0;0;1417;0;1417;0;1231;0;-
2026/04/28;05:00:00;-;-; 52.31; 0.0;-; 59.9; 59.0; 0.0;-;-;2077;-0.2; 0.0; 0.0;-9; 21.4;B;0;-;On;On;Off; 22.2; 21.9;0;0;1417;0;1417;0;1231;0;-
2026/04/28;05:01:00;-;-; 52.31; 0.0;-; 60.6; 59.5; 0.0;-;-;2077;-0.2; 0.0; 0.0;-9; 21.4;B;0;-;On;On;Off; 22.2; 21.9;0;0;1417;0;1417;0;1231;0;-
2026/04/28;05:02:00;-;-; 52.31; 0.0;-; 61.1; 60.1; 0.0;-;-;2077;-0.2; 0.0; 0.0;-9; 21.4;B;0;-;On;On;Off; 22.2; 21.9;0;0;1417;0;1417;0;1231;0;-
2026/04/28;05:03:00;-;-; 52.31; 0.0;-; 61.5; 60.6; 0.0;-;-;2077;-0.2; 0.0; 0.0;-9; 21.3;B;0;-;On;On;Off; 22.2; 21.9;0;0;1417;0;1417;0;1231;0;-
2026/04/28;05:04:00;-;-; 52.31; 0.0;-; 62.0; 61.1; 0.0;-;-;2077;-0.2; 0.0; 0.0;-9; 21.4;B;0;-;On;On;Off; 22.2; 21.9;0;0;1417;0;1417;0;1231;0;-
2026/04/28;05:05:00;-;-; 52.30; 0.0;-; 62.4; 61.6; 0.0;-;-;2077;-0.2; 0.0; 0.0;-10; 21.3;B;0;-;On;On;Off; 22.2; 21.9;0;0;1417;0;1417;0;1231;0;-
2026/04/28;05:06:00;-;-; 52.31; 0.0;-; 62.8; 62.1; 0.0;-;-;2077;-0.2; 0.0; 0.0;-10; 21.3;B;0;-;On;On;Off; 22.2; 21.9;0;0;1417;0;1417;0;1231;0;-
2026/04/28;05:07:00;-;-; 52.31; 0.0;-; 63.3; 62.6; 0.0;-;-;2077;-0.2; 0.0; 0.0;-9; 21.3;B;0;-;On;On;Off; 22.2; 21.9;0;0;1417;0;1417;0;1231;0;-
2026/04/28;05:08:00;-;-; 52.31; 0.0;-; 63.7; 63.0; 0.0;-;-;2077;-0.2; 0.0; 0.0;-9; 21.3;B;0;-;On;On;Off; 22.2; 21.9;0;0;1417;0;1417;0;1231;0;-
2026/04/28;05:09:00;-;-; 52.31; 0.0;-; 64.1; 63.4; 0.0;-;-;2077;-0.2; 0.0; 0.0;-10; 21.3;B;0;-;On;On;Off; 22.2; 21.9;0;0;1417;0;1417;0;1231;0;-
2026/04/28;05:10:00;-;-; 52.31; 0.0;-; 64.5; 63.9; 0.0;-;-;2077;-0.2; 0.0; 0.0;-9; 21.3;B;0;-;On;On;Off; 22.2; 21.9;0;0;1417;0;1417;0;1231;0;-
2026/04/28;05:11:00;-;-; 52.31; 0.0;-; 65.0; 64.2; 0.0;-;-;2077;-0.2; 0.0; 0.0;-9; 21.3;B;0;-;On;On;Off; 22.1; 21.9;0;0;1417;0;1417;0;1231;0;-
2026/04/28;05:11:59;-;-; 52.31; 0.0;-; 65.3; 64.6; 0.0;-;-;2077;-0.2; 0.0; 0.0;-10; 21.3;B;0;-;On;On;Off; 22.1; 21.9;0;0;1417;0;1417;0;1231;0;-
2026/04/28;05:12:59;-;-; 52.31; 0.0;-; 65.7; 65.0; 0.0;-;-;2077;-0.2; 0.0; 0.0;-10; 21.3;B;0;-;On;On;Off; 22.1; 21.9;0;0;1417;0;1417;0;1231;0;-
2026/04/28;05:13:59;-;-; 52.31; 0.0;-; 65.9; 65.4; 0.0;-;-;2077;-0.2; 0.0; 0.0;-9; 21.3;B;0;-;On;On;Off; 22.1; 21.9;0;0;1417;0;1417;0;1231;0;-
2026/04/28;05:14:59;-;-; 52.31; 0.0;-; 66.3; 65.7; 0.0;-;-;2077;-0.2; 0.0; 0.0;-9; 21.3;B;0;-;On;On;Off; 22.1; 21.9;0;0;1417;0;1417;0;1231;0;-
2026/04/28;05:15:59;-;-; 52.30; 0.0;-; 66.6; 66.1; 0.0;-;-;2077;-0.2; 0.0; 0.0;-9; 21.3;B;0;-;On;On;Off; 22.1; 21.9;0;0;1417;0;1417;0;1231;0;-
2026/04/28;05:16:59;-;-; 52.31; 0.0;-; 67.0; 66.4; 0.0;-;-;2077;-0.2; 0.0; 0.0;-9; 21.3;B;0;-;On;On;Off; 22.1; 21.9;0;0;1417;0;1417;0;1231;0;-
2026/04/28;05:17:59;-;-; 52.31; 0.0;-; 67.3; 66.7; 0.0;-;-;2077;-0.2; 0.0; 0.0;-9; 21.3;B;0;-;On;On;Off; 22.1; 21.9;0;0;1417;0;1417;0;1231;0;-
2026/04/28;05:18:59;-;-; 52.30; 0.0;-; 67.4; 66.9; 0.0;-;-;2077;-0.2; 0.0; 0.0;-9; 21.3;B;0;-;On;On;Off; 22.1; 21.9;0;0;1417;0;1417;0;1231;0;-
2026/04/28;05:19:59;-;-; 52.30; 0.0;-; 67.7; 67.2; 0.0;-;-;2077;-0.2; 0.0; 0.0;-9; 21.3;B;0;-;On;On;Off; 22.1; 21.8;0;0;1417;0;1417;0;1231;0;-
2026/04/28;05:20:59;-;-; 52.31; 0.0;-; 67.7; 67.3; 0.0;-;-;2077;-0.2; 0.0; 0.0;-9; 21.3;B;0;-;On;On;Off; 22.1; 21.8;0;0;1417;0;1417;0;1231;1;-
2026/04/28;05:21:59;-;-; 52.33; 0.0;-; 67.9; 67.5; 0.0;-;-;2077;-0.2; 0.0; 0.0;-9; 21.3;B;0;-;On;On;Off; 22.1; 21.8;0;0;1417;0;1417;0;1231;1;-
2026/04/28;05:22:59;-;-; 52.33; 0.0;-; 68.2; 67.8; 0.0;-;-;2077;-0.2; 0.0; 0.0;-9; 21.3;B;0;-;On;On;Off; 22.1; 21.8;0;0;1417;0;1417;0;1231;1;-
2026/04/28;05:23:59;-;-; 52.31; 0.0;-; 68.4; 68.1; 0.0;-;-;2077;-0.2; 0.0; 0.0;-9; 21.3;B;0;-;On;On;Off; 22.1; 21.8;0;0;1417;0;1417;0;1231;1;-
2026/04/28;05:24:59;-;-; 52.31; 0.0;-; 68.7; 68.3; 0.0;-;-;2077;-0.2; 0.0; 0.0;-9; 21.3;B;0;-;On;On;Off; 22.1; 21.9;0;0;1417;0;1417;0;1231;1;-
2026/04/28;05:25:59;-;-; 52.33; 0.0;-; 68.9; 68.5; 0.0;-;-;2077;-0.2; 0.0; 0.0;-8; 21.3;B;0;-;On;On;Off; 22.1; 21.9;0;0;1417;0;1417;0;1231;1;-
2026/04/28;05:26:59;-;-; 52.31; 0.0;-; 69.1; 68.7; 0.0;-;-;2077;-0.2; 0.0; 0.0;-9; 21.3;B;0;-;On;On;Off; 22.1; 21.9;0;0;1417;0;1417;0;1231;1;-
2026/04/28;05:27:58;-;-; 52.31; 0.0;-; 69.3; 69.0; 0.0;-;-;2077;-0.2; 0.0; 0.0;-8; 21.3;B;0;-;On;On;Off; 22.1; 21.9;0;0;1417;0;1417;0;1231;1;-
2026/04/28;05:28:58;-;-; 52.31; 0.0;-; 69.5; 69.1; 0.0;-;-;2077;-0.2; 0.0; 0.0;-9; 21.3;B;0;-;On;On;Off; 22.1; 21.9;0;0;1417;0;1417;0;1231;1;-
2026/04/28;05:29:58;-;-; 52.31; 0.0;-; 69.6; 69.3; 0.0;-;-;2077;-0.2; 0.0; 0.0;-9; 21.3;B;0;-;On;On;Off; 22.1; 21.9;0;0;1417;0;1417;0;1231;1;-
2026/04/28;05:30:58;-;-; 52.31; 0.0;-; 69.8; 69.5; 0.0;-;-;2077;-0.2; 0.0; 0.0;-9; 21.3;B;0;-;On;On;Off; 22.1; 21.9;0;0;1417;0;1417;0;1231;1;-
2026/04/28;05:31:58;-;-; 52.28; 0.2;-; 68.2; 69.6; 8.4; 8.4;-;2077;-0.2; 0.0; 0.0;-9; 21.3;B;0;-;On;On;Off; 23.1; 21.9;0;0;1417;0;1417;0;1231;1;-
2026/04/28;05:32:58;-;-; 52.20; 0.3;-; 68.1; 67.9; 15.4; 8.4; 7.0;2077;-0.2; 0.1; 0.1;-7; 21.3;B;0;-;On;On;Off; 24.3; 23.7;0;0;1417;0;1417;0;1231;1;-
2026/04/28;05:33:58;-;-; 52.20; 0.2;-; 70.2; 67.8; 8.4; 0.7; 7.7;2077;-0.1; 0.3; 0.3;-3; 21.3;B;0;-;On;On;Off; 23.3; 24.3;0;0;1417;0;1417;0;1231;1;-
2026/04/28;05:34:58;-;-; 52.22; 0.0;-; 70.3; 70.1; 0.7; 0.7; 0.0;2077;-0.1; 0.2; 0.2;-5; 21.3;B;0;-;On;On;Off; 22.9; 22.6;0;0;1417;0;1417;0;1231;1;-
2026/04/28;05:35:58;-;-; 52.18; 0.3;-; 67.9; 67.8; 16.8; 9.1; 7.7;2077;-0.2; 0.0; 0.0;-10; 21.3;B;0;-;On;On;Off; 24.6; 23.1;0;0;1417;0;1417;0;1231;1;-
2026/04/28;05:36:58;-;-; 52.16; 0.2;-; 70.6; 67.8; 9.0; 0.7; 8.4;2077;-0.0; 0.2; 0.2;-2; 21.3;B;0;-;On;On;Off; 24.4; 24.7;0;0;1417;0;1417;0;1231;1;-
2026/04/28;05:37:58;-;-; 52.20; 0.0;-; 70.8; 70.4; 0.7; 0.7; 0.0;2077;-0.0; 0.3; 0.3;-1; 21.3;B;0;-;On;On;Off; 23.4; 23.3;0;0;1417;0;1417;0;1231;1;-
2026/04/28;05:38:58;-;-; 52.16; 0.2;-; 67.9; 70.6; 9.8; 9.8; 0.0;2077;-0.2; 0.1; 0.1;-8; 21.3;B;0;-;On;On;Off; 24.8; 22.9;0;0;1417;0;1417;0;1231;1;-
2026/04/28;05:39:58;-;-; 52.16; 0.4;-; 67.9; 67.8; 19.6; 10.5; 9.1;2077;-0.1; 0.2; 0.2;-4; 21.3;B;0;-;On;On;Off; 25.4; 24.8;0;0;1417;0;1417;0;1231;1;-
2026/04/28;05:40:58;-;-; 52.16; 0.0;-; 71.1; 70.9; 0.7; 0.7; 0.0;2077; 0.1; 0.4; 0.4;4; 21.3;B;0;-;On;On;Off; 23.9; 24.8;0;0;1417;0;1417;0;1231;1;-
2026/04/28;05:41:58;-;-; 52.18; 0.2;-; 68.0; 71.0; 11.2; 11.2; 0.0;2077;-0.1; 0.1; 0.1;-5; 21.3;B;0;-;On;On;Off; 24.1; 23.2;0;0;1417;0;1417;0;1231;1;-
2026/04/28;05:42:58;-;-; 52.16; 0.4;-; 67.9; 67.9; 21.6; 11.9; 9.8;2077;-0.1; 0.1; 0.1;-6; 21.3;B;0;-;On;On;Off; 25.5; 24.6;0;0;1417;0;1417;0;1231;1;-
2026/04/28;05:43:57;-;-; 52.16; 0.2;-; 71.4; 67.9; 11.2; 0.7; 10.5;2077; 0.1; 0.3; 0.3;5; 21.3;B;0;-;On;On;Off; 24.4; 25.4;0;0;1417;0;1417;0;1231;1;-
2026/04/28;05:44:57;-;-; 52.16; 0.0;-; 71.5; 71.3; 0.0; 0.0; 0.0;2077; 0.0; 0.3; 0.3;2; 21.3;B;0;-;On;On;Off; 24.0; 23.7;0;0;1417;0;1417;0;1231;1;-
2026/04/28;05:45:57;-;-; 52.18; 0.5;-; 68.1; 67.9; 23.8; 12.6; 11.2;2077;-0.2; 0.0; 0.0;-10; 21.3;B;0;-;On;On;Off; 25.6; 23.6;0;0;1417;0;1417;0;1231;1;-
2026/04/28;05:46:57;-;-; 52.20; 0.2;-; 71.8; 68.0; 11.9; 0.7; 11.2;2077; 0.1; 0.3; 0.3;3; 21.3;B;0;-;On;On;Off; 25.7; 25.5;0;0;1417;0;1417;0;1231;1;-
2026/04/28;05:47:57;-;-; 52.18; 0.0;-; 71.7; 71.6; 0.7; 0.7; 0.0;2077; 0.2; 0.4; 0.4;9; 21.3;B;0;-;On;On;Off; 24.3; 24.4;0;0;1417;0;1417;0;1231;1;-
2026/04/28;05:48:57;-;-; 52.20; 0.3;-; 68.1; 71.7; 14.0; 14.0; 0.0;2077;-0.1; 0.1; 0.1;-5; 21.3;B;0;-;On;On;Off; 25.4; 23.7;0;0;1417;0;1417;0;1231;1;-
2026/04/28;05:49:57;-;-; 52.24; 0.5;-; 68.8; 68.0; 25.9; 13.3; 12.6;2077;-0.0; 0.2; 0.2;-1; 21.3;B;0;-;On;On;Off; 26.1; 25.5;0;0;1417;0;1417;0;1231;1;-
2026/04/28;05:50:57;-;-; 52.22; 0.0;-; 72.1; 71.8; 0.0; 0.0; 0.0;2077; 0.3; 0.5; 0.5;15; 21.3;B;0;-;On;On;Off; 24.7; 25.8;0;0;1417;0;1417;0;1231;1;-
2026/04/28;05:51:57;-;-; 52.22; 0.3;-; 68.1; 71.9; 14.7; 14.7; 0.0;2077; 0.0; 0.2; 0.2;1; 21.3;B;0;-;On;On;Off; 24.4; 24.0;0;0;1417;0;1417;0;1231;1;-
2026/04/28;05:52:57;-;-; 52.24; 0.5;-; 70.0; 68.0; 24.5; 11.2; 13.3;2077;-0.1; 0.1; 0.1;-6; 21.3;B;0;-;On;On;Off; 26.1; 25.0;0;0;1417;0;1417;0;1231;1;-
2026/04/28;05:53:57;-;-; 52.26; 0.3;-; 72.4; 67.9; 14.0; 0.0; 14.0;2077; 0.3; 0.4; 0.4;14; 21.3;B;0;-;On;On;Off; 25.3; 26.0;0;0;1417;0;1417;0;1231;1;-
2026/04/28;05:54:57;-;-; 52.26; 0.0;-; 72.5; 72.2; 0.7; 0.7; 0.0;2077; 0.3; 0.4; 0.4;13; 21.3;B;0;-;On;On;Off; 24.6; 24.4;0;0;1417;0;1417;0;1231;1;-
2026/04/28;05:55:57;-;-; 52.28; 0.4;-; 68.1; 72.1; 20.3; 16.1; 4.2;2077;-0.1; 0.1; 0.1;-7; 21.3;B;0;-;On;On;Off; 26.1; 24.1;0;0;1417;0;1417;0;1231;1;-
2026/04/28;05:56:57;-;-; 52.31; 0.3;-; 72.6; 68.0; 15.4; 0.0; 15.4;2077; 0.1; 0.3; 0.3;7; 21.3;B;0;-;On;On;Off; 26.6; 26.0;0;0;1417;0;1417;0;1231;1;-
2026/04/28;05:57:57;-;-; 52.31; 0.0;-; 72.6; 72.4; 0.7; 0.7; 0.0;2077; 0.5; 0.5; 0.5;23; 21.3;B;0;-;On;On;Off; 25.0; 25.3;0;0;1417;0;1417;1;1232;1;-
2026/04/28;05:58:56;-;-; 52.31; 0.3;-; 68.1; 72.5; 16.8; 16.8; 0.0;2078;-0.0; 0.2; 0.2;0; 21.3;B;0;-;On;On;Off; 25.7; 24.3;0;0;1417;0;1417;1;1232;1;-
2026/04/28;05:59:56;-;-; 52.37; 0.6;-; 68.3; 68.2; 33.0; 17.6; 15.4;2078; 0.0; 0.2; 0.2;0; 21.3;B;0;-;On;On;Off; 26.6; 25.9;0;0;1417;0;1417;1;1232;1;-
2026/04/28;06:00:56;-;-; 52.41; 0.6;-; 68.4; 70.2; 29.5; 17.6; 11.9;2078; 0.5; 0.6; 0.6;26; 21.4;B;0;-;On;On;Off; 27.0; 26.4;0;0;1417;0;1417;1;1232;1;-
2026/04/28;06:01:56;-;-; 52.43; 0.3;-; 68.4; 72.6; 18.3; 18.3; 0.0;2078; 0.6; 0.6; 0.6;31; 21.4;B;0;-;On;On;Off; 27.0; 24.8;0;0;1417;0;1417;1;1232;1;-
2026/04/28;06:02:56;-;-; 52.47; 0.7;-; 68.5; 68.2; 35.8; 19.0; 16.9;2078; 0.3; 0.3; 0.3;13; 21.4;B;0;-;On;On;Off; 27.0; 25.5;0;0;1417;0;1417;1;1232;1;-
2026/04/28;06:03:56;-;-; 52.53; 0.7;-; 68.5; 68.4; 35.2; 18.3; 16.9;2078; 0.4; 0.5; 0.5;22; 21.4;B;0;-;On;On;Off; 27.3; 26.7;0;0;1417;0;1417;1;1232;1;-
2026/04/28;06:04:56;-;-; 52.53; 0.4;-; 68.6; 72.8; 19.0; 19.0; 0.0;2078; 0.7; 0.7; 0.7;36; 21.4;B;0;-;On;On;Off; 27.4; 25.4;0;0;1417;0;1417;1;1232;1;-
2026/04/28;06:05:56;-;-; 52.55; 0.4;-; 68.7; 73.0; 19.7; 19.7; 0.0;2078; 0.4; 0.4; 0.4;20; 21.4;B;0;-;On;On;Off; 27.3; 25.0;0;0;1417;0;1417;1;1232;1;-
2026/04/28;06:06:56;-;-; 52.61; 0.6;-; 68.7; 70.4; 33.9; 19.8; 14.1;2078; 0.3; 0.4; 0.4;15; 21.4;B;0;-;On;On;Off; 27.5; 26.8;0;0;1417;0;1417;1;1232;1;-
2026/04/28;06:07:56;-;-; 52.67; 0.7;-; 68.8; 68.8; 37.5; 19.8; 17.7;2078; 0.8; 0.7; 0.7;38; 21.4;B;0;-;On;On;Off; 27.7; 27.1;0;0;1417;0;1417;1;1232;1;-
2026/04/28;06:08:56;-;-; 52.73; 0.7;-; 68.9; 68.6; 38.2; 19.8; 18.4;2078; 0.8; 0.7; 0.7;41; 21.4;B;0;-;On;On;Off; 27.9; 27.3;0;0;1417;0;1417;1;1232;1;-
2026/04/28;06:09:56;-;-; 52.79; 0.7;-; 68.8; 68.7; 38.9; 20.5; 18.4;2078; 0.8; 0.7; 0.7;41; 21.4;B;0;-;On;On;Off; 28.0; 27.5;0;0;1417;0;1417;1;1232;1;-
2026/04/28;06:10:56;-;-; 52.87; 0.7;-; 69.0; 68.7; 39.6; 20.5; 19.1;2078; 0.8; 0.7; 0.7;42; 21.4;B;0;-;On;On;Off; 28.1; 27.6;0;0;1417;0;1417;1;1232;1;-
2026/04/28;06:11:56;-;-; 52.93; 0.8;-; 69.0; 68.9; 40.4; 21.3; 19.1;2078; 0.8; 0.7; 0.7;43; 21.4;B;0;-;On;On;Off; 28.2; 27.7;0;0;1417;0;1417;1;1232;1;-
2026/04/28;06:12:56;-;-; 52.95; 0.8;-; 69.2; 68.9; 40.5; 21.3; 19.1;2078; 0.9; 0.8; 0.8;44; 21.5;B;0;-;On;On;Off; 28.3; 27.8;0;1;1418;1;1418;1;1232;1;-
2026/04/28;06:13:56;-;-; 53.01; 0.8;-; 69.2; 69.0; 41.9; 22.0; 19.9;2078; 0.9; 0.8; 0.8;45; 21.5;B;0;-;On;On;Off; 28.5; 27.9;0;1;1418;1;1418;1;1232;1;-
2026/04/28;06:14:55;-;-; 53.06; 0.8;-; 69.3; 69.2; 41.3; 21.4; 19.9;2078; 0.9; 0.8; 0.8;46; 21.5;B;0;-;On;On;Off; 28.6; 28.1;0;1;1418;1;1418;1;1232;1;-
2026/04/28;06:15:55;-;-; 53.14; 0.8;-; 69.2; 69.1; 42.0; 22.1; 20.0;2078; 0.9; 0.8; 0.8;46; 21.5;B;0;-;On;On;Off; 28.7; 28.1;0;1;1418;1;1418;1;1232;1;-
2026/04/28;06:16:55;-;-; 53.18; 0.8;-; 69.5; 69.4; 42.8; 22.8; 20.0;2078; 0.9; 0.8; 0.8;47; 21.5;B;0;-;On;On;Off; 28.8; 28.2;0;1;1418;1;1418;1;1232;1;-
2026/04/28;06:17:55;-;-; 53.24; 0.8;-; 69.5; 69.3; 42.8; 22.1; 20.7;2078; 0.9; 0.8; 0.8;49; 21.5;B;0;-;On;On;Off; 28.9; 28.3;0;1;1418;1;1418;1;1232;1;-
2026/04/28;06:18:55;-;-; 53.30; 0.8;-; 69.6; 69.4; 43.6; 22.8; 20.7;2078; 1.0; 0.8; 0.8;50; 21.5;B;0;-;On;On;Off; 28.9; 28.4;0;1;1418;1;1418;1;1232;1;-
2026/04/28;06:19:55;-;-; 53.38; 0.8;-; 69.8; 69.6; 44.4; 22.9; 21.5;2078; 1.0; 0.8; 0.8;50; 21.5;B;0;-;On;On;Off; 29.0; 28.5;0;1;1418;1;1418;1;1232;1;-
2026/04/28;06:20:55;-;-; 53.42; 0.8;-; 69.7; 71.1; 40.8; 23.6; 17.2;2078; 1.0; 0.8; 0.8;50; 21.5;B;0;-;On;On;Off; 29.1; 28.6;0;1;1418;1;1418;1;1232;1;-
2026/04/28;06:21:55;-;-; 53.48; 0.8;-; 69.9; 69.7; 43.7; 22.9; 20.8;2078; 1.0; 0.8; 0.8;53; 21.5;B;0;-;On;On;Off; 29.2; 28.7;0;1;1418;1;1418;1;1232;1;-
2026/04/28;06:22:55;-;-; 53.56; 0.8;-; 69.9; 69.8; 45.3; 23.7; 21.6;2078; 1.0; 0.8; 0.8;53; 21.5;B;0;-;On;On;Off; 29.2; 28.7;0;1;1418;1;1418;1;1232;1;-
2026/04/28;06:23:55;-;-; 53.62; 0.8;-; 70.0; 69.9; 44.6; 23.0; 21.6;2078; 1.0; 0.8; 0.8;54; 21.5;B;0;-;On;On;Off; 29.3; 28.8;0;1;1418;1;1418;1;1232;1;-
2026/04/28;06:24:55;-;-; 53.70; 0.8;-; 70.1; 69.8; 45.4; 23.8; 21.6;2078; 1.0; 0.8; 0.8;54; 21.5;B;0;-;On;On;Off; 29.4; 28.9;0;1;1418;1;1418;1;1232;1;-
2026/04/28;06:25:55;-;-; 53.76; 0.9;-; 70.2; 70.0; 46.9; 24.5; 22.3;2078; 1.0; 0.8; 0.8;54; 21.5;B;0;-;On;On;Off; 29.4; 28.9;0;1;1418;1;1418;1;1232;1;-
2026/04/28;06:26:55;-;-; 53.81; 0.9;-; 70.3; 70.1; 46.9; 24.5; 22.4;2078; 1.1; 0.9; 0.9;56; 21.5;B;0;-;On;On;Off; 29.5; 29.0;0;1;1418;1;1418;1;1232;1;-
2026/04/28;06:27:55;-;-; 53.89; 0.9;-; 70.3; 70.2; 47.0; 24.6; 22.4;2078; 1.1; 0.9; 0.9;56; 21.5;B;0;-;On;On;Off; 29.6; 29.1;0;1;1418;1;1418;1;1232;1;-
2026/04/28;06:28:55;-;-; 53.93; 0.9;-; 70.5; 70.3; 46.3; 24.6; 21.7;2078; 1.1; 0.9; 0.9;57; 21.5;B;0;-;On;On;Off; 29.6; 29.1;0;1;1418;1;1418;1;1232;1;-
2026/04/28;06:29:54;-;-; 53.99; 0.8;-; 70.4; 70.9; 45.6; 24.6; 21.0;2078; 1.1; 0.9; 0.9;57; 21.5;B;0;-;On;On;Off; 29.7; 29.2;0;1;1418;1;1418;1;1232;1;-
2026/04/28;06:30:54;-;-; 54.09; 0.9;-; 70.5; 70.4; 47.9; 25.4; 22.5;2078; 1.1; 0.9; 0.9;57; 21.5;B;0;-;On;On;Off; 29.7; 29.2;0;1;1418;1;1418;1;1232;1;-
2026/04/28;06:31:54;-;-; 54.13; 0.9;-; 70.6; 70.5; 47.2; 24.7; 22.5;2078; 1.1; 0.9; 0.9;57; 21.5;B;0;-;On;On;Off; 29.8; 29.3;0;1;1418;1;1418;1;1232;1;-
2026/04/28;06:32:54;-;-; 54.19; 0.9;-; 70.8; 70.7; 48.0; 25.5; 22.5;2078; 1.1; 0.9; 0.9;59; 21.5;B;0;-;On;On;Off; 29.8; 29.3;0;1;1418;1;1418;1;1232;1;-
2026/04/28;06:33:54;-;-; 54.27; 0.9;-; 70.9; 70.7; 47.3; 24.7; 22.6;2078; 1.1; 0.9; 0.9;59; 21.5;B;0;-;On;On;Off; 29.9; 29.4;0;1;1418;1;1418;1;1232;1;-
2026/04/28;06:34:54;-;-; 54.33; 0.8;-; 70.9; 72.0; 44.4; 25.5; 18.9;2078; 1.1; 0.9; 0.9;59; 21.5;B;0;-;On;On;Off; 30.0; 29.4;0;1;1418;1;1418;1;1232;1;-
2026/04/28;06:35:54;-;-; 54.41; 0.9;-; 70.9; 70.8; 48.2; 25.6; 22.6;2078; 1.1; 0.9; 0.9;59; 21.5;B;0;-;On;On;Off; 30.0; 29.5;0;1;1418;1;1418;1;1232;1;-
2026/04/28;06:36:54;-;-; 54.47; 0.9;-; 71.1; 70.8; 48.9; 25.6; 23.3;2078; 1.1; 0.9; 0.9;60; 21.5;B;0;-;On;On;Off; 30.0; 29.5;0;1;1418;1;1418;1;1232;1;-
2026/04/28;06:37:54;-;-; 54.53; 0.9;-; 71.1; 71.0; 49.0; 25.6; 23.4;2078; 1.1; 0.9; 0.9;60; 21.5;B;0;-;On;On;Off; 30.1; 29.5;0;1;1418;1;1418;1;1232;1;-
2026/04/28;06:38:54;-;-; 54.58; 0.9;-; 71.2; 71.1; 49.0; 25.6; 23.4;2078; 1.1; 0.9; 0.9;60; 21.5;B;0;-;On;On;Off; 30.1; 29.6;0;1;1418;1;1418;1;1232;1;-
2026/04/28;06:39:54;-;-; 54.64; 0.8;-; 72.7; 71.1; 43.9; 20.5; 23.4;2078; 1.1; 0.9; 0.9;61; 21.5;B;0;-;On;On;Off; 30.1; 29.6;0;1;1418;1;1418;1;1232;1;-
2026/04/28;06:40:54;-;-; 54.68; 0.9;-; 71.3; 71.2; 49.9; 26.4; 23.4;2078; 1.1; 0.9; 0.9;60; 21.5;B;0;-;On;On;Off; 30.2; 29.7;0;1;1418;1;1418;1;1232;1;-
2026/04/28;06:41:54;-;-; 54.72; 0.8;-; 72.4; 71.4; 46.2; 22.8; 23.5;2078; 1.1; 0.9; 0.9;60; 21.5;B;0;-;On;On;Off; 30.2; 29.7;0;1;1418;1;1418;1;1232;1;-
2026/04/28;06:42:54;-;-; 54.82; 0.9;-; 71.5; 71.4; 50.7; 27.2; 23.5;2078; 1.1; 0.9; 0.9;60; 21.5;B;0;-;On;On;Off; 30.3; 29.7;0;1;1418;1;1418;1;1232;1;-
2026/04/28;06:43:54;-;-; 54.88; 0.8;-; 71.6; 72.6; 44.8; 27.2; 17.6;2078; 1.2; 0.9; 0.9;62; 21.5;B;0;-;On;On;Off; 30.3; 29.8;0;1;1418;1;1418;1;1232;1;-
2026/04/28;06:44:54;-;-; 54.92; 0.8;-; 71.7; 72.9; 44.2; 27.2; 16.9;2078; 1.2; 0.9; 0.9;62; 21.5;B;0;-;On;On;Off; 30.3; 29.8;0;1;1418;1;1418;1;1232;1;-
2026/04/28;06:45:53;-;-; 55.02; 0.9;-; 71.8; 71.5; 50.9; 27.3; 23.6;2078; 1.2; 0.9; 0.9;63; 21.4;B;0;-;On;On;Off; 30.4; 29.9;0;1;1418;1;1418;1;1232;1;-
2026/04/28;06:46:53;-;-; 55.10; 0.9;-; 71.8; 71.6; 51.7; 28.1; 23.6;2078; 1.2; 0.9; 0.9;63; 21.5;B;0;-;On;On;Off; 30.4; 29.9;0;1;1418;1;1418;1;1232;1;-
2026/04/28;06:47:53;-;-; 55.16; 0.8;-; 73.3; 71.9; 45.1; 22.2; 22.9;2078; 1.2; 0.9; 0.9;63; 21.4;B;0;-;On;On;Off; 30.4; 29.9;0;1;1418;1;1418;1;1232;1;-
2026/04/28;06:48:53;-;-; 55.24; 1.0;-; 72.1; 72.0; 52.5; 28.9; 23.7;2078; 1.2; 0.9; 0.9;64; 21.4;B;0;-;On;On;Off; 30.5; 30.0;0;1;1418;1;1418;1;1232;1;-
2026/04/28;06:49:53;-;-; 55.33; 1.0;-; 72.2; 72.0; 52.7; 28.9; 23.7;2078; 1.2; 0.9; 0.9;66; 21.4;B;0;-;On;On;Off; 30.5; 30.0;0;1;1418;1;1418;1;1232;1;-
2026/04/28;06:50:53;-;-; 55.41; 1.0;-; 72.3; 72.0; 55.0; 29.8; 25.3;2078; 1.2; 0.9; 0.9;65; 21.4;B;0;-;On;On;Off; 30.5; 30.0;0;1;1418;1;1418;1;1232;1;-
2026/04/28;06:51:53;-;-; 55.57; 1.0;-; 72.7; 72.3; 52.9; 28.3; 24.6;2078; 1.2; 0.9; 0.9;66; 21.4;B;0;-;On;On;Off; 30.6; 30.1;0;1;1418;1;1418;1;1232;1;-
2026/04/28;06:52:53;-;-; 55.71; 1.0;-; 72.7; 72.5; 53.8; 28.4; 25.4;2078; 1.2; 0.9; 0.9;67; 21.4;B;0;-;On;On;Off; 30.6; 30.1;0;1;1418;1;1418;1;1232;1;-
2026/04/28;06:53:53;-;-; 55.75; 0.9;-; 73.2; 72.7; 51.6; 26.9; 24.7;2078; 1.2; 0.9; 0.9;66; 21.4;B;0;-;On;On;Off; 30.6; 30.1;0;1;1418;1;1418;1;1232;1;-
2026/04/28;06:54:53;-;-; 55.85; 1.0;-; 73.2; 72.7; 53.2; 27.0; 26.2;2078; 1.2; 0.9; 0.9;65; 21.4;B;0;-;On;On;Off; 30.7; 30.2;0;1;1418;1;1418;1;1232;1;-
2026/04/28;06:55:53;-;-; 56.08; 1.0;-; 73.2; 73.0; 54.2; 27.8; 26.3;2078; 1.2; 0.9; 0.9;66; 21.4;B;0;-;On;On;Off; 30.7; 30.2;0;1;1418;1;1418;1;1232;1;-
2026/04/28;06:56:53;-;-; 56.20; 1.0;-; 73.4; 73.3; 53.5; 27.1; 26.4;2078; 1.2; 0.9; 0.9;68; 21.4;B;0;-;On;On;Off; 30.7; 30.2;0;1;1418;1;1418;1;1232;1;-
2026/04/28;06:57:53;-;-; 56.34; 1.0;-; 73.4; 73.3; 54.4; 27.2; 27.2;2078; 1.2; 0.9; 0.9;67; 21.4;B;0;-;On;On;Off; 30.8; 30.3;0;1;1418;1;1418;1;1232;1;-
2026/04/28;06:58:53;-;-; 56.26; 0.8;-; 74.6; 73.5; 45.3; 18.1; 27.2;2079; 1.3; 0.9; 0.9;69; 21.4;B;0;-;On;On;Off; 30.8; 30.3;0;1;1418;1;1418;1;1232;1;-
2026/04/28;06:59:53;-;-; 56.56; 1.0;-; 73.9; 73.7; 53.9; 26.6; 27.3;2079; 1.2; 0.9; 0.9;66; 21.4;B;0;-;On;On;Off; 30.8; 30.3;0;1;1418;1;1418;1;1232;1;-
2026/04/28;07:00:52;-;-; 56.68; 1.0;-; 74.0; 73.7; 53.9; 25.8; 28.1;2079; 1.2; 0.9; 0.9;67; 21.4;B;0;-;On;On;Off; 30.9; 30.4;0;1;1418;1;1418;1;1232;1;-
2026/04/28;07:01:52;-;-; 56.74; 0.9;-; 74.0; 73.8; 52.5; 25.1; 27.4;2079; 1.2; 0.9; 0.9;64; 21.4;B;0;-;On;On;Off; 30.9; 30.4;0;1;1418;1;1418;1;1232;1;-
2026/04/28;07:02:52;-;-; 56.85; 0.9;-; 74.3; 74.1; 52.5; 24.4; 28.2;2079; 1.1; 0.9; 0.9;62; 21.4;B;0;-;On;On;Off; 30.9; 30.4;0;1;1418;1;1418;1;1232;1;-
2026/04/28;07:03:52;-;-; 56.89; 0.9;-; 74.2; 74.1; 51.9; 23.7; 28.2;2079; 1.1; 0.9; 0.9;63; 21.4;B;0;-;On;On;Off; 30.9; 30.4;0;1;1418;1;1418;1;1232;1;-
2026/04/28;07:04:52;-;-; 56.97; 0.9;-; 74.3; 74.3; 52.7; 24.4; 28.2;2079; 1.1; 0.9; 0.9;62; 21.4;B;0;-;On;On;Off; 31.0; 30.5;0;1;1418;1;1418;1;1232;1;-
2026/04/28;07:05:52;100;-; 56.14; 1.2;-; 73.3; 73.2; 67.0; 31.6; 35.4;2079; 1.1; 0.9; 0.9;61; 21.4;B;0;-;On;On;Off; 30.9; 30.4;0;1;1418;1;1418;1;1232;1;-
2026/04/28;07:06:52;100;-; 49.85; 0.2;-; 67.8; 64.8; 8.6; 4.0; 4.6;2079; 1.2; 1.0; 1.0;68; 21.3;B;0;-;On;On;Off; 30.9; 30.3;0;1;1418;1;1418;1;1232;1;-
2026/04/28;07:07:52;99;-; 49.22; 0.0;-; 64.8; 63.7; 0.0; 0.0; 0.0;2079; 0.2; 0.4; 0.4;12; 21.2;B;0;-;On;On;Off; 30.7; 30.2;0;1;1418;1;1418;1;1232;1;-
2026/04/28;07:08:52;99;-; 49.39; 0.0;-; 57.6; 56.3; 0.0; 0.0; 0.0;2079;-0.2; 0.2; 0.2;-11; 21.2;B;0;-;On;On;Off; 28.6; 28.1;0;1;1418;1;1418;1;1232;1;-
2026/04/28;07:09:52;99;-; 49.47; 0.0;-; 50.7; 50.0; 0.6; 0.6; 0.0;2079;-0.2; 0.0; 0.0;-8; 21.2;B;0;-;On;On;Off; 28.1; 27.6;0;1;1418;1;1418;1;1232;1;-
2026/04/28;07:10:52;99;-; 49.53; 0.0;-; 50.2; 50.0; 0.0; 0.0; 0.0;2079;-0.2; 0.0; 0.0;-8; 21.2;B;0;-;On;On;Off; 27.7; 27.3;0;1;1418;1;1418;1;1232;1;-
2026/04/28;07:11:52;99;-; 49.53; 0.0;-; 50.2; 50.0; 0.6; 0.0; 0.6;2079;-0.2; 0.0; 0.0;-8; 21.2;B;0;-;On;On;Off; 27.5; 27.1;0;1;1418;1;1418;1;1232;1;-
2026/04/28;07:12:52;99;-; 49.65; 0.0;-; 48.4; 48.2; 0.0; 0.0;-;2079;-0.2; 0.0; 0.0;-8; 21.3;B;0;-;On;On;Off; 27.2; 26.8;0;1;1418;1;1418;1;1232;1;-
2026/04/28;07:13:52;99;-; 49.51; 0.0;-; 42.9; 42.6; 0.0;-;-;2079;-0.2; 0.0; 0.0;-7; 21.3;B;0;-;On;On;Off; 27.0; 26.6;0;1;1418;1;1418;1;1232;0;-
2026/04/28;07:14:52;99;-; 49.51; 0.0;-; 37.8; 37.4; 0.0;-;-;2079;-0.1; 0.0; 0.0;-5; 21.3;B;0;-;On;On;Off; 26.7; 26.4;0;1;1418;1;1418;1;1232;0;-
2026/04/28;07:15:51;99;-; 49.59; 0.0;-; 33.3; 33.0; 0.0;-;-;2079;-0.1; 0.0; 0.0;-6; 21.3;B;0;-;On;On;Off; 26.5; 26.2;0;1;1418;1;1418;1;1232;0;-
2026/04/28;07:16:51;99;-; 49.49; 0.0;-; 29.3; 28.7; 0.0;-;-;2079;-0.1; 0.0; 0.0;-5; 21.3;B;0;-;On;On;Off; 26.3; 26.0;0;1;1418;1;1418;1;1232;0;-
2026/04/28;07:17:51;99;-; 49.49; 0.0;-; 25.8; 25.4; 0.0;-;-;2079;-0.1; 0.0; 0.0;-5; 21.3;B;0;-;On;On;Off; 26.1; 25.8;0;1;1418;1;1418;1;1232;0;-
2026/04/28;07:18:51;99;-; 49.47; 0.0;-; 22.8; 22.3; 0.0;-;-;2079;-0.1; 0.0; 0.0;-5; 21.4;B;0;-;On;On;Off; 25.9; 25.6;0;1;1418;1;1418;1;1232;0;-
2026/04/28;07:19:51;99;-; 49.43; 0.0;-; 20.3; 19.8; 0.0;-;-;2079;-0.1; 0.0; 0.0;-5; 21.4;B;0;-;On;On;Off; 25.8; 25.5;0;1;1418;1;1418;1;1232;0;-
2026/04/28;07:20:51;99;-; 49.41; 0.0;-; 17.7; 17.2; 0.0;-;-;2079;-0.1; 0.0; 0.0;-5; 21.4;B;0;-;On;On;Off; 25.6; 25.3;0;1;1418;1;1418;1;1232;0;-
2026/04/28;07:21:51;98;-; 49.39; 0.0;-; 15.6; 15.1; 0.0;-;-;2079;-0.1; 0.0; 0.0;-5; 21.5;B;0;-;On;On;Off; 25.5; 25.2;0;1;1418;1;1418;1;1232;0;-
2026/04/28;07:22:51;98;-; 49.37; 0.0;-; 13.9; 13.3; 0.0;-;-;2079;-0.1; 0.0; 0.0;-5; 21.5;B;0;-;On;On;Off; 25.3; 25.1;0;1;1418;1;1418;1;1232;0;-
2026/04/28;07:23:51;98;-; 49.35; 0.0;-; 12.1; 11.5; 0.0;-;-;2079;-0.1; 0.0; 0.0;-5; 21.5;B;0;-;On;On;Off; 25.2; 24.9;0;1;1418;1;1418;1;1232;0;-
2026/04/28;07:24:51;98;-; 49.34; 0.0;-; 10.7; 10.1; 0.0;-;-;2079;-0.1; 0.0; 0.0;-5; 21.5;B;0;-;On;On;Off; 25.1; 24.8;0;1;1418;1;1418;1;1232;0;-
2026/04/28;07:25:51;98;-; 49.32; 0.0;-; 9.3; 8.7; 0.0;-;-;2079;-0.1; 0.0; 0.0;-5; 21.6;B;0;-;On;On;Off; 25.0; 24.7;0;1;1418;1;1418;1;1232;0;-
2026/04/28;07:26:51;98;-; 49.28; 0.0;-; 8.1; 7.6; 0.0;-;-;2079;-0.1; 0.0; 0.0;-5; 21.6;B;0;-;On;On;Off; 24.9; 24.6;0;1;1418;1;1418;1;1232;0;-
2026/04/28;07:27:51;98;-; 49.24; 0.0;-; 7.2; 6.8; 0.0;-;-;2079;-0.1; 0.0; 0.0;-5; 21.6;B;0;-;On;On;Off; 24.8; 24.5;0;1;1418;1;1418;1;1232;0;-
2026/04/28;07:28:51;98;-; 49.24; 0.0;-; 6.3; 5.8; 0.0;-;-;2079;-0.1; 0.0; 0.0;-4; 21.6;B;0;-;On;On;Off; 24.7; 24.4;0;1;1418;1;1418;1;1232;0;-
2026/04/28;07:29:51;98;-; 49.20; 0.0;-; 5.5; 5.1; 0.0;-;-;2079;-0.1; 0.0; 0.0;-5; 21.7;B;0;-;On;On;Off; 24.6; 24.3;0;1;1418;1;1418;1;1232;0;-
2026/04/28;07:30:50;98;-; 49.18; 0.0;-; 4.8; 4.4; 0.0;-;-;2079;-0.1; 0.0; 0.0;-5; 21.7;B;0;-;On;On;Off; 24.5; 24.2;0;1;1418;1;1418;1;1232;0;-
2026/04/28;07:31:50;98;-; 49.14; 0.0;-; 4.2; 3.7; 0.0;-;-;2079;-0.1; 0.0; 0.0;-5; 21.7;B;0;-;On;On;Off; 24.4; 24.1;0;1;1418;1;1418;1;1232;0;-
2026/04/28;07:32:50;98;-; 49.12; 0.0;-; 3.5; 3.2; 0.0;-;-;2079;-0.1; 0.0; 0.0;-5; 21.7;B;0;-;On;On;Off; 24.3; 24.0;0;1;1418;1;1418;1;1232;0;-
2026/04/28;07:33:50;98;-; 49.08; 0.0;-; 3.2; 2.7; 0.0;-;-;2079;-0.1; 0.0; 0.0;-5; 21.7;B;0;-;On;On;Off; 24.3; 24.0;0;1;1418;1;1418;1;1232;0;-
2026/04/28;07:34:50;98;-; 49.06; 0.0;-; 2.6; 2.2; 0.0;-;-;2079;-0.1; 0.0; 0.0;-5; 21.8;B;0;-;On;On;Off; 24.2; 23.9;0;1;1418;1;1418;1;1232;0;-
2026/04/28;07:35:50;97;-; 49.02; 0.0;-; 2.3; 1.9; 0.0;-;-;2079;-0.1; 0.0; 0.0;-6; 21.8;B;0;-;On;On;Off; 24.1; 23.8;0;1;1418;1;1418;1;1232;0;-
2026/04/28;07:36:50;97;-; 49.02; 0.0;-; 1.9; 1.6; 0.0;-;-;2079;-0.1; 0.0; 0.0;-6; 21.8;B;0;-;On;On;Off; 24.0; 23.8;0;1;1418;1;1418;1;1232;0;-
2026/04/28;07:37:50;97;-; 48.98; 0.0;-; 1.6; 1.2; 0.0;-;-;2079;-0.1; 0.0; 0.0;-5; 21.9;B;0;-;On;On;Off; 24.0; 23.7;0;1;1418;1;1418;1;1232;0;-
2026/04/28;07:38:50;97;-; 48.94; 0.0;-; 1.4; 1.1; 0.0;-;-;2079;-0.1; 0.0; 0.0;-5; 21.9;B;0;-;On;On;Off; 23.9; 23.6;0;1;1418;1;1418;1;1232;0;-
2026/04/28;07:39:50;97;-; 48.92; 0.0;-; 1.1; 0.9; 0.0;-;-;2079;-0.1; 0.0; 0.0;-5; 21.9;B;0;-;On;On;Off; 23.9; 23.6;0;1;1418;1;1418;1;1232;0;-
2026/04/28;07:40:50;97;-; 48.90; 0.0;-; 0.8; 0.5; 0.0;-;-;2079;-0.1; 0.0; 0.0;-5; 21.9;B;0;-;On;On;Off; 23.8; 23.5;0;1;1418;1;1418;1;1232;0;-
2026/04/28;07:41:50;97;-; 48.86; 0.0;-; 0.7; 0.5; 0.0;-;-;2079;-0.1; 0.0; 0.0;-5; 21.9;B;0;-;On;On;Off; 23.8; 23.5;0;1;1418;1;1418;1;1232;0;-
2026/04/28;07:42:50;97;-; 48.84; 0.0;-; 0.5; 0.2; 0.0;-;-;2079;-0.1; 0.0; 0.0;-5; 21.9;B;0;-;On;On;Off; 23.7; 23.4;0;1;1418;1;1418;1;1232;0;-
2026/04/28;07:43:50;97;-; 48.80; 0.0;-; 0.5; 0.3; 0.0;-;-;2079;-0.1; 0.0; 0.0;-5; 22.0;B;0;-;On;On;Off; 23.7; 23.4;0;1;1418;1;1418;1;1232;0;-
2026/04/28;07:44:50;97;-; 48.78; 0.0;-; 0.3; 0.0; 0.0;-;-;2079;-0.1; 0.0; 0.0;-5; 22.0;B;0;-;On;On;Off; 23.6; 23.3;0;1;1418;1;1418;1;1232;0;-
2026/04/28;07:45:50;97;-; 48.76; 0.0;-; 0.1; 0.0; 0.0;-;-;2079;-0.1; 0.0; 0.0;-5; 22.0;B;0;-;On;On;Off; 23.6; 23.3;0;1;1418;1;1418;1;1232;0;-
2026/04/28;07:46:49;97;-; 48.72; 0.0;-; 0.1; 0.0; 0.0;-;-;2079;-0.1; 0.0; 0.0;-5; 22.0;B;0;-;On;On;Off; 23.5; 23.2;0;1;1418;1;1418;1;1232;0;-
2026/04/28;07:47:49;96;-; 48.68; 0.0;-; 0.0; 0.0; 0.0;-;-;2079;-0.1; 0.0; 0.0;-4; 22.0;B;0;-;On;On;Off; 23.5; 23.2;0;1;1418;1;1418;1;1232;0;-
2026/04/28;07:48:49;96;-; 48.66; 0.0;-; 0.0; 0.0; 0.0;-;-;2079;-0.1; 0.0; 0.0;-4; 22.0;B;0;-;On;On;Off; 23.4; 23.1;0;1;1418;1;1418;1;1232;0;-
2026/04/28;07:49:49;96;-; 48.68; 0.0;-; 0.0; 0.0; 0.0;-;-;2079;-0.1; 0.0; 0.0;-4; 22.1;B;0;-;On;On;Off; 23.4; 23.1;0;1;1418;1;1418;1;1232;0;-
2026/04/28;07:50:49;96;-; 48.62; 0.0;-; 0.0; 0.0; 0.0;-;-;2079;-0.1; 0.0; 0.0;-4; 22.1;B;0;-;On;On;Off; 23.3; 23.0;0;1;1418;1;1418;1;1232;0;-
2026/04/28;07:51:49;96;-; 48.57; 0.0;-; 0.0; 0.0; 0.0;-;-;2079;-0.1; 0.0; 0.0;-4; 22.1;B;0;-;On;On;Off; 23.3; 23.0;0;1;1418;1;1418;1;1232;0;-
2026/04/28;07:52:49;96;-; 48.62; 0.0;-; 0.0; 0.0; 0.0;-;-;2079;-0.1; 0.0; 0.0;-4; 22.1;B;0;-;On;On;Off; 23.3; 23.0;0;1;1418;1;1418;1;1232;0;-
2026/04/28;07:53:49;96;-; 48.55; 0.0;-; 0.0; 0.0; 0.0;-;-;2079;-0.1; 0.0; 0.0;-5; 22.1;B;0;-;On;On;Off; 23.3; 23.0;0;1;1418;1;1418;1;1232;0;-
2026/04/28;07:54:49;96;-; 48.76; 0.0;-; 0.0; 0.0; 0.0;-;-;2079;-0.1; 0.0; 0.0;-4; 22.1;B;0;-;On;On;Off; 23.2; 22.9;0;1;1418;1;1418;1;1232;0;-
2026/04/28;07:55:49;96;-; 48.64; 0.0;-; 0.0; 0.0; 0.0;-;-;2079;-0.1; 0.0; 0.0;-4; 22.1;B;0;-;On;On;Off; 23.2; 22.9;0;1;1418;1;1418;1;1232;0;-
2026/04/28;07:56:49;96;-; 48.49; 0.0;-; 0.0; 0.0; 0.0;-;-;2079;-0.1; 0.0; 0.0;-4; 22.1;B;0;-;On;On;Off; 23.1; 22.9;0;1;1418;1;1418;1;1232;0;-
2026/04/28;07:57:49;96;-; 48.70; 0.0;-; 0.0; 0.0; 0.0;-;-;2079;-0.1; 0.0; 0.0;-4; 22.1;B;0;-;On;On;Off; 23.1; 22.8;0;1;1418;1;1418;1;1232;0;-
2026/04/28;07:58:49;95;-; 48.72; 0.0;-; 0.0; 0.0; 0.0;-;-;2080;-0.1; 0.0; 0.0;-4; 22.1;B;0;-;On;On;Off; 23.1; 22.8;0;1;1418;1;1418;1;1232;0;-
2026/04/28;07:59:49;95;-; 48.31; 0.0;-; 0.0; 0.0; 0.0;-;-;2080;-0.1; 0.0; 0.0;-4; 22.2;B;0;-;On;On;Off; 23.1; 22.8;0;1;1418;1;1418;1;1232;0;-
2026/04/28;08:00:49;95;-; 48.47; 0.0;-; 0.0; 0.0; 0.0;-;-;2080;-0.1; 0.0; 0.0;-4; 22.2;B;0;-;On;On;Off; 23.0; 22.8;0;1;1418;1;1418;1;1232;0;-
2026/04/28;08:01:48;95;-; 48.57; 0.0;-; 0.0; 0.0; 0.0;-;-;2080;-0.1; 0.0; 0.0;-5; 22.2;B;0;-;On;On;Off; 23.0; 22.7;0;1;1418;1;1418;1;1232;0;-
2026/04/28;08:02:48;95;-; 48.21; 0.0;-; 0.0; 0.0; 0.0;-;-;2080;-0.1; 0.0; 0.0;-5; 22.2;B;0;-;On;On;Off; 23.0; 22.7;0;1;1418;1;1418;1;1232;0;-
2026/04/28;08:03:48;95;-; 48.17; 0.0;-; 0.0; 0.0; 0.0;-;-;2080;-0.1; 0.0; 0.0;-5; 22.2;B;0;-;On;On;Off; 23.0; 22.7;0;1;1418;1;1418;1;1232;0;-
2026/04/28;08:04:48;95;-; 48.15; 0.0;-; 0.0; 0.0; 0.0;-;-;2080;-0.1; 0.0; 0.0;-5; 22.2;B;0;-;On;On;Off; 22.9; 22.7;0;1;1418;1;1418;1;1232;0;-
2026/04/28;08:05:48;95;-; 48.09; 0.0;-; 0.0; 0.0; 0.0;-;-;2080;-0.1; 0.0; 0.0;-5; 22.2;B;0;-;On;On;Off; 22.9; 22.6;0;1;1418;1;1418;1;1232;0;-
2026/04/28;08:06:48;95;-; 48.07; 0.0;-; 0.0; 0.0; 0.0;-;-;2080;-0.1; 0.0; 0.0;-4; 22.3;B;0;-;On;On;Off; 22.9; 22.6;0;1;1418;1;1418;1;1232;0;-
2026/04/28;08:07:48;95;-; 48.03; 0.0;-; 0.0; 0.0; 0.0;-;-;2080;-0.1; 0.0; 0.0;-5; 22.3;B;0;-;On;On;Off; 22.9; 22.6;0;1;1418;1;1418;1;1232;0;-
2026/04/28;08:08:48;95;-; 48.01; 0.0;-; 0.0; 0.0; 0.0;-;-;2080;-0.1; 0.0; 0.0;-4; 22.3;B;0;-;On;On;Off; 22.8; 22.6;0;1;1418;1;1418;1;1232;0;-
2026/04/28;08:09:48;94;-; 47.95; 0.0;-; 0.0; 0.0; 0.0;-;-;2080;-0.1; 0.0; 0.0;-4; 22.3;B;0;-;On;On;Off; 22.8; 22.6;0;1;1418;1;1418;1;1232;0;-
2026/04/28;08:10:48;94;-; 47.93; 0.0;-; 0.0; 0.0; 0.0;-;-;2080;-0.1; 0.0; 0.0;-4; 22.3;B;0;-;On;On;Off; 22.8; 22.5;0;1;1418;1;1418;1;1232;0;-
2026/04/28;08:11:48;94;-; 47.87; 0.0;-; 0.0; 0.0; 0.0;-;-;2080;-0.1; 0.0; 0.0;-4; 22.3;B;0;-;On;On;Off; 22.8; 22.5;0;1;1418;1;1418;1;1232;0;-
2026/04/28;08:12:48;94;-; 47.84; 0.0;-; 0.0; 0.0; 0.0;-;-;2080;-0.1; 0.0; 0.0;-4; 22.3;B;0;-;On;On;Off; 22.8; 22.5;0;1;1418;1;1418;1;1232;0;-
2026/04/28;08:13:48;94;-; 47.80; 0.0;-; 0.0; 0.0; 0.0;-;-;2080;-0.1; 0.0; 0.0;-4; 22.3;B;0;-;On;On;Off; 22.8; 22.5;0;1;1418;1;1418;1;1232;0;-
2026/04/28;08:14:48;94;-; 47.78; 0.0;-; 0.0; 0.0; 0.0;-;-;2080;-0.1; 0.0; 0.0;-4; 22.3;B;0;-;On;On;Off; 22.7; 22.5;0;1;1418;1;1418;1;1232;0;-
2026/04/28;08:15:48;94;-; 47.74; 0.0;-; 0.0; 0.0; 0.0;-;-;2080;-0.1; 0.0; 0.0;-4; 22.4;B;0;-;On;On;Off; 22.7; 22.5;0;1;1418;1;1418;1;1232;0;-
2026/04/28;08:16:48;94;-; 47.70; 0.0;-; 0.0; 0.0; 0.0;-;-;2080;-0.1; 0.0; 0.0;-4; 22.4;B;0;-;On;On;Off; 22.7; 22.5;0;1;1418;1;1418;1;1232;0;-
2026/04/28;08:17:47;94;-; 47.64; 0.0;-; 0.0; 0.0; 0.0;-;-;2080;-0.1; 0.0; 0.0;-4; 22.4;B;0;-;On;On;Off; 22.7; 22.4;0;1;1418;1;1418;1;1232;0;-
2026/04/28;08:18:47;94;-; 47.62; 0.0;-; 0.0; 0.0; 0.0;-;-;2080;-0.1; 0.0; 0.0;-4; 22.4;B;0;-;On;On;Off; 22.7; 22.4;0;1;1418;1;1418;1;1232;0;-
2026/04/28;08:19:47;93;-; 47.58; 0.0;-; 0.0; 0.0; 0.0;-;-;2080;-0.1; 0.0; 0.0;-4; 22.4;B;0;-;On;On;Off; 22.7; 22.4;0;1;1418;1;1418;1;1232;0;-
2026/04/28;08:20:47;93;-; 47.56; 0.0;-; 0.0; 0.0; 0.0;-;-;2080;-0.1; 0.0; 0.0;-4; 22.4;B;0;-;On;On;Off; 22.7; 22.4;0;1;1418;1;1418;1;1232;0;-
2026/04/28;08:21:47;93;-; 47.50; 0.0;-; 0.0; 0.0; 0.0;-;-;2080;-0.1; 0.0; 0.0;-4; 22.4;B;0;-;On;On;Off; 22.6; 22.4;0;1;1418;1;1418;1;1232;0;-
2026/04/28;08:22:47;93;-; 47.46; 0.0;-; 0.0; 0.0; 0.0;-;-;2080;-0.1; 0.0; 0.0;-4; 22.5;B;0;-;On;On;Off; 22.6; 22.4;0;1;1418;1;1418;1;1232;0;-
2026/04/28;08:23:47;93;-; 47.42; 0.0;-; 0.0; 0.0; 0.0;-;-;2080;-0.1; 0.0; 0.0;-4; 22.5;B;0;-;On;On;Off; 22.6; 22.3;0;1;1418;1;1418;1;1232;0;-
2026/04/28;08:24:47;93;-; 47.38; 0.0;-; 0.0; 0.0; 0.0;-;-;2080;-0.1; 0.0; 0.0;-3; 22.5;B;0;-;On;On;Off; 22.6; 22.3;0;1;1418;1;1418;1;1232;0;-
2026/04/28;08:25:47;93;-; 47.34; 0.0;-; 0.0; 0.0; 0.0;-;-;2080;-0.1; 0.0; 0.0;-4; 22.5;B;0;-;On;On;Off; 22.6; 22.3;0;1;1418;1;1418;1;1232;0;-
2026/04/28;08:26:47;93;-; 47.32; 0.0;-; 0.0; 0.0; 0.0;-;-;2080;-0.1; 0.0; 0.0;-3; 22.5;B;0;-;On;On;Off; 22.6; 22.3;0;1;1418;1;1418;1;1232;0;-
2026/04/28;08:27:47;93;-; 47.24; 0.0;-; 0.0; 0.0; 0.0;-;-;2080;-0.1; 0.0; 0.0;-3; 22.5;B;0;-;On;On;Off; 22.6; 22.3;0;1;1418;1;1418;1;1232;0;-
2026/04/28;08:28:47;92;-; 47.22; 0.0;-; 0.0; 0.0; 0.0;-;-;2080;-0.1; 0.0; 0.0;-4; 22.5;B;0;-;On;On;Off; 22.6; 22.3;0;1;1418;1;1418;1;1232;0;-
2026/04/28;08:29:47;92;-; 47.16; 0.0;-; 0.0; 0.0; 0.0;-;-;2080;-0.1; 0.0; 0.0;-4; 22.5;B;0;-;On;On;Off; 22.6; 22.3;0;1;1418;1;1418;1;1232;0;-
2026/04/28;08:30:47;92;-; 47.12; 0.0;-; 0.0; 0.0; 0.0;-;-;2080;-0.1; 0.0; 0.0;-4; 22.5;B;0;-;On;On;Off; 22.6; 22.3;0;1;1418;1;1418;1;1232;0;-
2026/04/28;08:31:47;92;-; 47.14; 0.0;-; 0.0; 0.0; 0.0;-;-;2080;-0.1; 0.0; 0.0;-3; 22.6;B;0;-;On;On;Off; 22.6; 22.3;0;1;1418;1;1418;1;1232;0;-
2026/04/28;08:32:46;92;-; 47.09; 0.0;-; 0.0; 0.0; 0.0;-;-;2080;-0.1; 0.0; 0.0;-4; 22.6;B;0;-;On;On;Off; 22.6; 22.3;0;1;1418;1;1418;1;1232;0;-
2026/04/28;08:33:46;92;-; 47.14; 0.0;-; 0.0; 0.0; 0.0;-;-;2080;-0.1; 0.0; 0.0;-3; 22.6;B;0;-;On;On;Off; 22.5; 22.3;0;1;1418;1;1418;1;1232;0;-
2026/04/28;08:34:46;92;-; 47.01; 0.0;-; 0.0; 0.0; 0.0;-;-;2080;-0.1; 0.0; 0.0;-3; 22.6;B;0;-;On;On;Off; 22.6; 22.3;0;1;1418;1;1418;1;1232;0;-
2026/04/28;08:35:46;92;-; 46.91; 0.0;-; 0.0; 0.0; 0.0;-;-;2080;-0.1; 0.0; 0.0;-3; 22.6;B;0;-;On;On;Off; 22.5; 22.3;0;1;1418;1;1418;1;1232;0;-
2026/04/28;08:36:46;92;-; 47.07; 0.0;-; 0.0; 0.0; 0.0;-;-;2080;-0.1; 0.0; 0.0;-3; 22.6;B;0;-;On;On;Off; 22.5; 22.2;0;1;1418;1;1418;1;1232;0;-
2026/04/28;08:37:46;91;-; 47.01; 0.0;-; 0.0; 0.0; 0.0;-;-;2080;-0.1; 0.0; 0.0;-3; 22.6;B;0;-;On;On;Off; 22.5; 22.2;0;1;1418;1;1418;1;1232;0;-
2026/04/28;08:38:46;91;-; 46.87; 0.0;-; 0.0; 0.0; 0.0;-;-;2080;-0.1; 0.0; 0.0;-4; 22.6;B;0;-;On;On;Off; 22.5; 22.2;0;1;1418;1;1418;1;1232;0;-
2026/04/28;08:39:46;91;-; 46.97; 0.0;-; 0.0; 0.0; 0.0;-;-;2080;-0.1; 0.0; 0.0;-3; 22.7;B;0;-;On;On;Off; 22.5; 22.2;0;1;1418;1;1418;1;1232;0;-
2026/04/28;08:40:46;91;-; 47.22; 0.0;-; 0.0; 0.0; 0.0;-;-;2080;-0.1; 0.0; 0.0;-3; 22.7;B;0;-;On;On;Off; 22.5; 22.2;0;1;1418;1;1418;1;1232;0;-
2026/04/28;08:41:46;91;-; 46.55; 0.0;-; 0.0; 0.0; 0.0;-;-;2080;-0.1; 0.0; 0.0;-3; 22.7;B;0;-;On;On;Off; 22.5; 22.2;0;1;1418;1;1418;1;1232;0;-
2026/04/28;08:42:46;91;-; 46.51; 0.0;-; 0.0; 0.0; 0.0;-;-;2080;-0.1; 0.0; 0.0;-3; 22.7;B;0;-;On;On;Off; 22.5; 22.2;0;1;1418;1;1418;1;1232;0;-
2026/04/28;08:43:46;91;-; 46.59; 0.0;-; 0.0; 0.0; 0.0;-;-;2080;-0.1; 0.0; 0.0;-3; 22.7;B;0;-;On;On;Off; 22.5; 22.2;0;1;1418;1;1418;1;1232;0;-
2026/04/28;08:44:46;91;-; 46.43; 0.0;-; 0.0; 0.0; 0.0;-;-;2080;-0.1; 0.0; 0.0;-3; 22.7;B;0;-;On;On;Off; 22.5; 22.2;0;1;1418;1;1418;1;1232;0;-
2026/04/28;08:45:46;91;-; 46.36; 0.0;-; 0.0; 0.0; 0.0;-;-;2080;-0.1; 0.0; 0.0;-3; 22.7;B;0;-;On;On;Off; 22.5; 22.2;0;1;1418;1;1418;1;1232;0;-
2026/04/28;08:46:46;90;-; 46.30; 0.0;-; 0.0; 0.0; 0.0;-;-;2080;-0.1; 0.0; 0.0;-3; 22.7;B;0;-;On;On;Off; 22.5; 22.2;0;1;1418;1;1418;1;1232;0;-
2026/04/28;08:47:46;90;-; 46.24; 0.0;-; 0.0; 0.0; 0.0;-;-;2080;-0.1; 0.0; 0.0;-3; 22.7;B;0;-;On;On;Off; 22.5; 22.2;0;1;1418;1;1418;1;1232;0;-
2026/04/28;08:48:45;90;-; 46.20; 0.0;-; 0.0; 0.0; 0.0;-;-;2080;-0.1; 0.0; 0.0;-3; 22.7;B;0;-;On;On;Off; 22.5; 22.2;0;1;1418;1;1418;1;1232;0;-
2026/04/28;08:49:45;90;-; 46.14; 0.0;-; 0.0; 0.0; 0.0;-;-;2080;-0.1; 0.0; 0.0;-3; 22.7;B;0;-;On;On;Off; 22.5; 22.2;0;1;1418;1;1418;1;1232;0;-
2026/04/28;08:50:45;90;-; 46.06; 0.0;-; 0.0; 0.0; 0.0;-;-;2080;-0.1; 0.0; 0.0;-3; 22.7;B;0;-;On;On;Off; 22.5; 22.2;0;1;1418;1;1418;1;1232;0;-
2026/04/28;08:51:45;90;-; 46.02; 0.0;-; 0.0; 0.0; 0.0;-;-;2080;-0.1; 0.0; 0.0;-3; 22.8;B;0;-;On;On;Off; 22.5; 22.2;0;1;1418;1;1418;1;1232;0;-
2026/04/28;08:52:45;90;-; 45.94; 0.0;-; 0.0; 0.0; 0.0;-;-;2080;-0.1; 0.0; 0.0;-3; 22.8;B;0;-;On;On;Off; 22.4; 22.2;0;1;1418;1;1418;1;1232;0;-
2026/04/28;08:53:45;89;-; 45.86; 0.0;-; 0.0; 0.0; 0.0;-;-;2080;-0.1; 0.0; 0.0;-3; 22.8;B;0;-;On;On;Off; 22.4; 22.2;0;1;1418;1;1418;1;1232;0;-
2026/04/28;08:54:45;89;-; 45.84; 0.0;-; 0.0; 0.0; 0.0;-;-;2080;-0.1; 0.0; 0.0;-3; 22.8;B;0;-;On;On;Off; 22.4; 22.2;0;1;1418;1;1418;1;1232;0;-
2026/04/28;08:55:45;89;-; 45.76; 0.0;-; 0.0; 0.0; 0.0;-;-;2080;-0.1; 0.0; 0.0;-3; 22.8;B;0;-;On;On;Off; 22.4; 22.1;0;1;1418;1;1418;1;1232;0;-
2026/04/28;08:56:45;89;-; 45.66; 0.0;-; 0.0; 0.0; 0.0;-;-;2080;-0.1; 0.0; 0.0;-3; 22.9;B;0;-;On;On;Off; 22.4; 22.2;0;1;1418;1;1418;1;1232;0;-
2026/04/28;08:57:45;89;-; 45.63; 0.0;-; 0.0; 0.0; 0.0;-;-;2080;-0.1; 0.0; 0.0;-3; 22.8;B;0;-;On;On;Off; 22.4; 22.2;0;1;1418;1;1418;1;1232;0;-
2026/04/28;08:58:45;89;-; 45.53; 0.0;-; 0.0; 0.0; 0.0;-;-;2081;-0.1; 0.0; 0.0;-3; 22.8;B;0;-;On;On;Off; 22.4; 22.1;0;1;1418;1;1418;1;1232;0;-
2026/04/28;08:59:45;89;-; 45.49; 0.0;-; 0.0; 0.0; 0.0;-;-;2081;-0.1; 0.0; 0.0;-3; 22.9;B;0;-;On;On;Off; 22.5; 22.2;0;1;1418;1;1418;1;1232;0;-
2026/04/28;09:00:45;89;-; 45.37; 0.0;-; 0.0; 0.0; 0.0;-;-;2081;-0.1; 0.0; 0.0;-3; 22.9;B;0;-;On;On;Off; 22.4; 22.1;0;1;1418;1;1418;1;1232;0;-
2026/04/28;09:01:45;88;-; 45.31; 0.0;-; 0.0; 0.0; 0.0;-;-;2081;-0.1; 0.0; 0.0;-3; 22.9;B;0;-;On;On;Off; 22.4; 22.2;0;1;1418;1;1418;1;1232;0;-
2026/04/28;09:02:45;88;-; 45.21; 0.0;-; 0.0; 0.0; 0.0;-;-;2081;-0.1; 0.0; 0.0;-3; 22.9;B;0;-;On;On;Off; 22.4; 22.1;0;1;1418;1;1418;1;1232;0;-
2026/04/28;09:03:45;88;-; 45.13; 0.0;-; 0.0; 0.0; 0.0;-;-;2081;-0.1; 0.0; 0.0;-3; 22.9;B;0;-;On;On;Off; 22.4; 22.1;0;1;1418;1;1418;1;1232;0;-
2026/04/28;09:04:44;88;-; 45.05; 0.0;-; 0.0; 0.0; 0.0;-;-;2081;-0.1; 0.0; 0.0;-3; 22.9;B;0;-;On;On;Off; 22.4; 22.1;0;1;1418;1;1418;1;1232;0;-
2026/04/28;09:05:44;88;-; 44.95; 0.0;-; 0.0; 0.0; 0.0;-;-;2081;-0.1; 0.0; 0.0;-3; 22.9;B;0;-;On;On;Off; 22.4; 22.1;0;1;1418;1;1418;1;1232;0;-
2026/04/28;09:06:44;88;-; 44.86; 0.0;-; 0.0; 0.0; 0.0;-;-;2081;-0.1; 0.0; 0.0;-3; 22.9;B;0;-;On;On;Off; 22.4; 22.2;0;1;1418;1;1418;1;1232;0;-
2026/04/28;09:07:44;87;-; 44.78; 0.0;-; 0.0; 0.0; 0.0;-;-;2081;-0.1; 0.0; 0.0;-3; 22.9;B;0;-;On;On;Off; 22.4; 22.1;0;1;1418;1;1418;1;1232;0;-
2026/04/28;09:08:44;87;-; 44.64; 0.0;-; 0.0; 0.0; 0.0;-;-;2081;-0.1; 0.0; 0.0;-3; 22.9;B;0;-;On;On;Off; 22.4; 22.1;0;1;1418;1;1418;1;1232;0;-
2026/04/28;09:09:44;87;-; 44.54; 0.0;-; 0.0; 0.0; 0.0;-;-;2081;-0.1; 0.0; 0.0;-3; 23.0;B;0;-;On;On;Off; 22.4; 22.1;0;1;1418;1;1418;1;1232;0;-
2026/04/28;09:10:44;87;-; 44.44; 0.0;-; 0.0; 0.0; 0.0;-;-;2081;-0.1; 0.0; 0.0;-3; 23.0;B;0;-;On;On;Off; 22.4; 22.1;0;1;1418;1;1418;1;1232;0;-
2026/04/28;09:11:44;87;-; 44.28; 0.0;-; 0.0; 0.0; 0.0;-;-;2081;-0.1; 0.0; 0.0;-3; 23.0;B;0;-;On;On;Off; 22.4; 22.1;0;1;1418;1;1418;1;1232;0;-
2026/04/28;09:12:44;87;-; 44.14; 0.0;-; 0.0; 0.0; 0.0;-;-;2081;-0.1; 0.0; 0.0;-3; 23.0;B;0;-;On;On;Off; 22.4; 22.1;0;1;1418;1;1418;1;1232;0;-
2026/04/28;09:13:44;87;-; 43.99; 0.0;-; 0.0; 0.0; 0.0;-;-;2081;-0.1; 0.0; 0.0;-2; 23.0;B;0;-;On;On;Off; 22.4; 22.1;0;1;1418;1;1418;1;1232;0;-
2026/04/28;09:14:44;86;-; 43.77; 0.0;-; 0.0; 0.0; 0.0;-;-;2081;-0.1; 0.0; 0.0;-3; 23.0;B;0;-;On;On;Off; 22.4; 22.1;0;1;1418;1;1418;1;1232;0;-
2026/04/28;09:15:44;86;-; 43.53; 0.0;-; 0.0; 0.0; 0.0;-;-;2081;-0.1; 0.0; 0.0;-3; 23.0;B;0;-;On;On;Off; 22.4; 22.1;0;1;1418;1;1418;1;1232;0;-
2026/04/28;09:16:44;86;-; 44.03; 0.0;-; 0.0; 0.0; 0.0;-;-;2081;-0.1; 0.0; 0.0;-3; 23.0;B;0;-;On;On;Off; 22.4; 22.1;0;1;1418;1;1418;1;1232;0;-
2026/04/28;09:17:44;86;-; 43.00; 0.0;-; 0.0; 0.0; 0.0;-;-;2081;-0.1; 0.0; 0.0;-3; 23.0;B;0;-;On;On;Off; 22.4; 22.1;0;1;1418;1;1418;1;1232;0;-
2026/04/28;09:18:44;86;-; 43.69; 0.0;-; 0.0; 0.0; 0.0;-;-;2081;-0.1; 0.0; 0.0;-3; 23.1;B;0;-;On;On;Off; 22.4; 22.1;0;1;1418;1;1418;1;1232;0;-
2026/04/28;09:19:44;85;-; 42.21; 0.0;-; 0.0; 0.0; 0.0;-;-;2081;-0.1; 0.0; 0.0;-3; 23.1;B;0;-;On;On;Off; 22.4; 22.1;0;1;1418;1;1418;1;1232;0;-
2026/04/28;09:20:43;85;-; 42.09; 0.0;-; 0.0; 0.0; 0.0;-;-;2081;-0.1; 0.0; 0.0;-3; 23.1;B;0;-;On;On;Off; 22.4; 22.1;0;1;1418;1;1418;1;1232;0;-
2026/04/28;09:21:43;85;-; 40.69; 0.0;-; 0.0; 0.0; 0.0;-;-;2081;-0.1; 0.0; 0.0;-3; 23.1;B;0;-;On;On;Off; 22.4; 22.1;0;1;1418;1;1418;1;1232;0;-
2026/04/28;09:22:43;85;-; 44.32; 0.0;-; 0.0; 0.0; 0.0;-;-;2081;-0.1; 0.0; 0.0;-3; 23.1;B;0;-;On;On;Off; 22.4; 22.1;0;1;1418;1;1418;1;1232;0;-
2026/04/28;09:23:43;85;-; 44.84; 0.0;-; 0.0; 0.0; 0.0;-;-;2081;-0.1; 0.0; 0.0;-4; 23.1;B;0;-;On;On;Off; 22.4; 22.1;0;1;1418;1;1418;1;1232;0;-
2026/04/28;09:24:43;84;-; 45.17; 0.0;-; 0.0; 0.0; 0.0;-;-;2081;-0.1; 0.0; 0.0;-5; 23.1;B;0;-;On;On;Off; 22.4; 22.1;0;1;1418;1;1418;1;1232;0;-
2026/04/28;09:25:43;84;-; 45.39; 0.0;-; 0.0; 0.0; 0.0;-;-;2081;-0.1; 0.0; 0.0;-5; 23.0;B;0;-;On;On;Off; 22.4; 22.1;0;1;1418;1;1418;1;1232;0;-
2026/04/28;09:26:43;84;-; 45.53; 0.0;-; 0.0; 0.0; 0.0;-;-;2081;-0.1; 0.0; 0.0;-5; 23.0;B;0;-;On;On;Off; 22.4; 22.1;0;1;1418;1;1418;1;1232;0;-
2026/04/28;09:27:43;-;-; 45.66; 0.0;-; 0.0; 0.0; 0.0;-;-;2081;-0.1; 0.0; 0.0;-5; 22.9;B;0;-;Off;On;Off; 22.4; 22.1;0;1;1418;1;1418;1;1232;0;-
2026/04/28;09:28:43;-;-; 45.78; 0.0;-; 0.0; 0.0; 0.0;-;-;2081;-0.1; 0.0; 0.0;-6; 22.9;B;0;-;Off;On;Off; 22.4; 22.1;0;1;1418;1;1418;1;1232;0;-
2026/04/28;09:29:43;-;-; 45.78; 0.0;-; 79.1; 0.2; 0.0;-;-;2081;-0.1; 0.0; 0.0;-5; 22.9;B;0;-;Off;On;Off; 22.4; 22.1;0;1;1418;1;1418;1;1232;0;-
2026/04/28;09:30:43;-;-; 47.16; 13.9;-; 70.6; 65.3; 656.6; 328.3; 328.3;2081;-0.1; 0.0; 0.0;-5; 22.9;B;0;-;Off;On;Off; 24.0; 23.7;0;1;1418;1;1418;1;1232;1;-
2026/04/28;09:31:43;-;-; 47.54; 14.0;-; 69.7; 65.3; 668.6; 335.9; 332.7;2081; 19.8; 10.5; 10.5;907; 22.9;B;0;-;Off;On;Off; 24.9; 24.5;0;1;1418;1;1418;2;1233;1;-
2026/04/28;09:32:43;-;-; 47.78; 14.2;-; 67.7; 69.8; 682.2; 341.4; 340.8;2081; 28.1; 14.0; 14.0;1312; 22.9;B;0;-;Off;On;Off; 25.4; 24.9;0;2;1419;2;1419;2;1233;1;-
2026/04/28;09:33:43;-;-; 47.91; 14.6;-; 69.8; 69.8; 699.6; 348.8; 350.8;2081; 28.4; 14.1; 14.1;1330; 22.9;B;0;-;Off;On;Off; 25.7; 25.2;0;2;1419;2;1419;2;1233;1;-
2026/04/28;09:34:43;-;-; 48.03; 14.3;-; 68.7; 69.8; 687.7; 344.5; 343.2;2081; 28.1; 14.0; 14.0;1320; 23.0;B;0;-;Off;On;Off; 26.0; 25.5;0;2;1419;2;1419;2;1233;1;-
2026/04/28;09:35:42;-;-; 48.13; 14.6;-; 66.6; 69.8; 702.7; 348.5; 354.3;2081; 28.8; 14.3; 14.3;1357; 23.0;B;0;-;Off;On;Off; 26.3; 25.8;0;2;1419;2;1419;3;1234;1;-
2026/04/28;09:36:42;-;-; 48.21; 14.6;-; 71.0; 69.8; 706.8; 349.2; 357.6;2081; 29.1; 14.5; 14.5;1375; 23.1;B;0;-;Off;On;Off; 26.6; 26.1;0;3;1420;3;1420;3;1234;1;-
2026/04/28;09:37:42;-;-; 48.31; 14.9;-; 66.5; 69.6; 719.6; 355.6; 364.0;2081; 29.4; 14.6; 14.6;1395; 23.2;B;0;-;Off;On;Off; 26.8; 26.3;0;3;1420;3;1420;3;1234;1;-
2026/04/28;09:38:42;-;-; 48.15; 12.8;-; 67.3; 67.0; 617.0; 307.2; 309.8;2081; 29.8; 14.8; 14.8;1414; 23.2;B;0;-;Off;On;Off; 27.0; 26.5;0;3;1420;3;1420;3;1234;1;-
2026/04/28;09:39:42;-;-; 48.43; 15.4;-; 68.4; 68.0; 750.0; 374.7; 375.3;2081; 25.9; 12.9; 12.9;1226; 23.3;B;0;-;Off;On;Off; 27.3; 26.7;0;3;1420;3;1420;4;1235;1;-
2026/04/28;09:40:42;-;-; 48.47; 15.2;-; 66.9; 70.1; 737.9; 365.1; 372.9;2081; 30.6; 15.2; 15.2;1454; 23.3;B;0;-;Off;On;Off; 27.5; 27.0;0;4;1421;4;1421;4;1235;1;-
2026/04/28;09:41:42;-;-; 48.51; 15.4;-; 66.8; 68.9; 749.2; 368.8; 380.5;2081; 30.7; 15.3; 15.3;1463; 23.4;B;0;-;Off;On;Off; 27.7; 27.2;0;4;1421;4;1421;4;1235;1;-
2026/04/28;09:42:42;-;-; 48.57; 15.7;-; 68.0; 66.8; 762.9; 380.8; 382.1;2081; 30.9; 15.4; 15.4;1473; 23.4;B;0;-;Off;On;Off; 27.9; 27.4;0;4;1421;4;1421;4;1235;1;-
2026/04/28;09:43:42;-;-; 48.57; 15.3;-; 65.7; 71.4; 745.6; 373.1; 372.5;2081; 31.2; 15.5; 15.5;1488; 23.5;B;0;-;Off;On;Off; 28.1; 27.6;0;4;1421;4;1421;5;1236;1;-
2026/04/28;09:44:42;-;-; 48.64; 16.0;-; 68.8; 66.7; 781.8; 391.2; 390.6;2081; 31.5; 15.7; 15.7;1504; 23.5;B;0;-;Off;On;Off; 28.3; 27.8;0;5;1422;5;1422;5;1236;1;-
2026/04/28;09:45:42;-;-; 48.68; 16.1;-; 66.5; 67.2; 786.0; 387.8; 398.2;2081; 31.6; 15.7; 15.7;1511; 23.5;B;0;-;Off;On;Off; 28.5; 27.9;0;5;1422;5;1422;5;1236;1;-
2026/04/28;09:46:42;-;-; 48.72; 16.3;-; 66.6; 67.2; 796.8; 393.2; 403.6;2081; 32.2; 16.0; 16.0;1540; 23.6;B;0;-;Off;On;Off; 28.7; 28.1;0;5;1422;5;1422;5;1236;1;-
2026/04/28;09:47:42;-;-; 48.76; 16.5;-; 66.6; 65.4; 806.6; 402.7; 403.9;2081; 32.6; 16.2; 16.2;1558; 23.6;B;0;-;Off;On;Off; 28.8; 28.3;0;5;1422;5;1422;6;1237;1;-
2026/04/28;09:48:42;-;-; 48.84; 17.3;-; 66.5; 68.6; 847.2; 419.7; 427.5;2081; 33.2; 16.5; 16.5;1591; 23.7;B;0;-;Off;On;Off; 29.0; 28.5;0;6;1423;6;1423;6;1237;1;-
2026/04/28;09:49:42;-;-; 48.88; 17.5;-; 66.6; 68.6; 858.8; 426.8; 432.0;2081; 34.3; 17.0; 17.0;1644; 23.7;B;0;-;Off;On;Off; 29.2; 28.6;0;6;1423;6;1423;6;1237;1;-
2026/04/28;09:50:42;-;-; 48.92; 17.3;-; 65.3; 70.9; 847.3; 421.0; 426.3;2081; 35.1; 17.4; 17.4;1685; 23.7;B;0;-;Off;On;Off; 29.3; 28.8;0;6;1423;6;1423;6;1237;1;-
2026/04/28;09:51:41;-;-; 48.96; 17.5;-; 65.4; 71.0; 858.5; 426.6; 431.9;2081; 35.3; 17.5; 17.5;1696; 23.8;B;0;-;Off;On;Off; 29.5; 29.0;0;7;1424;7;1424;7;1238;1;-
2026/04/28;09:52:41;-;-; 48.98; 17.7;-; 68.5; 69.9; 870.4; 436.2; 434.2;2081; 36.0; 17.8; 17.8;1732; 23.8;B;0;-;Off;On;Off; 29.7; 29.1;0;7;1424;7;1424;7;1238;1;-
2026/04/28;09:53:41;-;-; 49.06; 18.2;-; 71.1; 67.7; 896.2; 439.5; 456.7;2081; 35.6; 17.7; 17.7;1716; 23.8;B;0;-;Off;On;Off; 29.8; 29.3;0;7;1424;7;1424;7;1238;1;-
2026/04/28;09:54:41;-;-; 49.14; 19.1;-; 71.0; 68.0; 938.1; 461.1; 477.0;2081; 36.2; 18.0; 18.0;1746; 23.8;B;0;-;Off;On;Off; 30.0; 29.4;0;7;1424;7;1424;8;1239;1;-
2026/04/28;09:55:41;-;-; 49.20; 19.4;-; 69.8; 66.6; 957.5; 475.8; 481.7;2081; 37.8; 18.7; 18.7;1823; 23.9;B;0;-;Off;On;Off; 30.2; 29.6;0;8;1425;8;1425;8;1239;1;-
2026/04/28;09:56:41;-;-; 49.22; 19.1;-; 67.4; 67.8; 942.3; 469.8; 472.5;2081; 39.1; 19.4; 19.4;1889; 23.9;B;0;-;Off;On;Off; 30.3; 29.7;0;8;1425;8;1425;8;1239;1;-
2026/04/28;09:57:41;-;-; 49.26; 19.4;-; 67.4; 67.9; 958.0; 477.6; 480.3;2081; 38.5; 19.0; 19.0;1860; 23.9;B;0;-;Off;On;Off; 30.4; 29.9;0;8;1425;8;1425;9;1240;1;-
2026/04/28;09:58:41;-;-; 49.32; 19.6;-; 66.6; 65.3; 966.0; 480.7; 485.3;2082; 38.4; 19.0; 19.0;1857; 24.0;B;0;-;Off;On;Off; 30.6; 30.0;0;9;1426;9;1426;9;1240;1;-
2026/04/28;09:59:41;-;-; 49.34; 19.4;-; 66.6; 65.3; 957.1; 476.2; 480.9;2082; 39.3; 19.5; 19.5;1906; 24.0;B;0;-;Off;On;Off; 30.7; 30.1;0;9;1426;9;1426;9;1240;1;-
2026/04/28;10:00:41;-;-; 49.37; 19.4;-; 67.8; 68.5; 958.5; 478.6; 479.9;2082; 39.4; 19.5; 19.5;1912; 24.0;B;0;-;Off;On;Off; 30.8; 30.3;0;9;1426;9;1426;10;1241;1;-
2026/04/28;10:01:41;-;-; 49.37; 18.9;-; 65.4; 69.9; 937.7; 465.5; 472.2;2082; 39.0; 19.3; 19.3;1891; 24.0;B;0;-;Off;On;Off; 30.9; 30.4;0;10;1427;10;1427;10;1241;1;-
2026/04/28;10:02:41;-;-; 48.59; 4.9;-; 68.2; 63.1; 235.9; 116.0; 119.9;2082; 38.7; 19.2; 19.2;1878; 24.1;B;0;-;Off;On;Off; 30.9; 30.4;0;10;1427;10;1427;10;1241;1;-
2026/04/28;10:03:41;-;-; 48.55; 7.6;-; 64.1; 65.6; 368.1; 167.4; 200.7;2082; 24.7; 11.9; 11.9;1191; 24.1;B;0;-;Off;On;Off; 30.8; 30.3;0;10;1427;10;1427;10;1241;1;-
2026/04/28;10:04:41;-;-; 49.16; 17.2;-; 68.3; 70.0; 846.8; 433.6; 413.2;2082; 11.2; 5.9; 5.9;535; 24.1;B;0;-;Off;On;Off; 30.7; 30.3;0;10;1427;10;1427;10;1241;1;-
2026/04/28;10:05:41;-;-; 49.43; 19.5;-; 69.4; 67.8; 967.7; 480.5; 487.1;2082; 20.6; 10.1; 10.1;986; 24.1;B;0;-;Off;On;Off; 31.0; 30.4;0;11;1428;11;1428;11;1242;1;-
2026/04/28;10:06:40;-;-; 49.35; 17.3;-; 69.4; 66.1; 855.5; 422.8; 432.7;2082; 32.7; 17.0; 17.0;1583; 24.2;B;0;-;Off;On;Off; 31.2; 30.6;0;11;1428;11;1428;11;1242;1;-
2026/04/28;10:07:40;-;-; 49.57; 20.3;-; 67.3; 69.8; 1009.6; 505.1; 504.5;2082; 38.1; 18.9; 18.9;1852; 24.2;B;0;-;Off;On;Off; 31.3; 30.8;0;11;1428;11;1428;11;1242;1;-
2026/04/28;10:08:40;-;-; 49.51; 21.5;-; 64.5; 66.9; 1066.7; 520.7; 546.0;2082; 40.5; 20.1; 20.1;1971; 24.2;B;0;-;Off;On;Off; 31.4; 30.8;0;11;1428;11;1428;12;1243;1;-
2026/04/28;10:09:40;-;-; 49.67; 21.1;-; 68.7; 67.2; 1049.0; 523.5; 525.5;2082; 33.3; 16.4; 16.4;1615; 24.2;B;0;-;Off;On;Off; 31.5; 31.0;0;12;1429;12;1429;12;1243;1;-
2026/04/28;10:10:40;-;-; 48.90; 6.6;-; 67.0; 64.2; 323.5; 163.4; 160.1;2082; 42.1; 20.9; 20.9;2057; 24.2;B;0;-;Off;On;Off; 31.6; 31.1;0;12;1429;12;1429;12;1243;1;-
2026/04/28;10:11:40;-;-; 49.83; 23.0;-; 68.0; 69.1; 1147.8; 573.5; 574.2;2082; 31.4; 14.9; 14.9;1523; 24.3;B;0;-;Off;On;Off; 31.7; 31.1;0;12;1429;12;1429;12;1243;1;-
2026/04/28;10:12:40;-;-; 48.78; 5.6;-; 67.8; 66.2; 273.6; 136.8; 136.8;2082; 37.0; 18.8; 18.8;1803; 24.3;B;0;-;Off;On;Off; 31.5; 31.0;0;13;1430;13;1430;13;1244;1;-
2026/04/28;10:13:40;-;-; 48.70; 5.3;-; 66.4; 66.6; 258.7; 130.0; 128.7;2082; 12.2; 6.2; 6.2;585; 24.3;B;0;-;Off;On;Off; 31.4; 30.9;0;13;1430;13;1430;13;1244;1;-
2026/04/28;10:14:40;-;-; 49.85; 22.6;-; 71.0; 69.2; 1129.7; 557.5; 572.2;2082; 10.2; 5.3; 5.3;490; 24.3;B;0;-;Off;On;Off; 31.7; 31.2;0;13;1430;13;1430;13;1244;1;-
2026/04/28;10:15:40;-;-; 49.99; 23.6;-; 70.9; 69.1; 1183.8; 583.2; 600.7;2082; 43.2; 21.8; 21.8;2109; 24.3;B;0;-;Off;On;Off; 32.0; 31.5;0;13;1430;13;1430;13;1244;1;-
2026/04/28;10:16:40;-;-; 49.77; 16.7;-; 68.6; 69.4; 835.2; 435.6; 399.6;2082; 47.2; 23.4; 23.4;2318; 24.3;B;0;-;Off;On;Off; 32.3; 31.7;0;14;1431;14;1431;14;1245;1;-
2026/04/28;10:17:40;-;-; 49.20; 8.5;-; 67.5; 66.3; 416.5; 207.9; 208.5;2082; 47.0; 23.2; 23.2;2312; 24.3;B;0;-;Off;On;Off; 32.0; 31.5;0;14;1431;14;1431;14;1245;1;-
2026/04/28;10:18:40;-;-; 50.07; 23.1;-; 67.8; 67.9; 1157.9; 578.3; 579.6;2082; 28.4; 14.0; 14.0;1385; 24.4;B;0;-;Off;On;Off; 32.3; 31.7;0;14;1431;14;1431;14;1245;1;-
2026/04/28;10:19:40;-;-; 50.18; 24.2;-; 69.5; 65.2; 1217.3; 605.3; 612.0;2082; 47.3; 24.0; 24.0;2327; 24.4;B;0;-;Off;On;Off; 32.5; 31.9;0;15;1432;15;1432;15;1246;1;-
2026/04/28;10:20:40;-;-; 50.24; 24.5;-; 68.3; 67.5; 1234.7; 615.0; 619.7;2082; 47.9; 23.7; 23.7;2362; 24.4;B;0;-;Off;On;Off; 32.6; 32.1;0;15;1432;15;1432;15;1246;1;-
2026/04/28;10:21:39;-;-; 50.26; 24.3;-; 65.8; 65.9; 1225.5; 608.0; 617.5;2082; 49.3; 24.3; 24.3;2435; 24.4;B;0;-;Off;On;Off; 32.8; 32.2;0;15;1432;15;1432;16;1247;1;-
2026/04/28;10:22:39;-;-; 50.44; 25.8;-; 66.2; 65.4; 1305.6; 650.8; 654.8;2082; 48.8; 24.1; 24.1;2409; 24.4;B;0;-;Off;On;Off; 32.9; 32.4;0;16;1433;16;1433;16;1247;1;-
2026/04/28;10:23:39;-;-; 50.48; 25.6;-; 67.6; 65.5; 1295.2; 645.9; 649.3;2082; 52.1; 25.7; 25.7;2580; 24.4;B;0;-;Off;On;Off; 33.1; 32.5;0;16;1433;16;1433;16;1247;1;-
2026/04/28;10:24:39;-;-; 50.48; 25.2;-; 66.7; 65.5; 1274.6; 635.2; 639.3;2082; 52.0; 25.6; 25.6;2580; 24.5;B;0;-;Off;On;Off; 33.1; 32.5;0;17;1434;17;1434;17;1248;1;-
2026/04/28;10:25:39;-;-; 50.48; 24.6;-; 67.8; 66.0; 1242.8; 617.0; 625.8;2082; 51.3; 25.3; 25.3;2547; 24.5;B;0;-;Off;On;Off; 33.2; 32.6;0;17;1434;17;1434;17;1248;1;-
2026/04/28;10:26:39;-;-; 50.56; 25.1;-; 65.9; 65.6; 1269.4; 631.3; 638.1;2082; 49.2; 24.2; 24.2;2441; 24.5;B;0;-;Off;On;Off; 33.3; 32.7;0;17;1434;17;1434;18;1249;1;-
2026/04/28;10:27:39;-;-; 50.50; 22.6;-; 68.9; 69.9; 1141.9; 575.4; 566.6;2082; 49.4; 24.3; 24.3;2451; 24.5;B;0;-;Off;On;Off; 33.3; 32.8;0;18;1435;18;1435;18;1249;1;-
2026/04/28;10:28:39;-;-; 50.68; 26.3;-; 66.1; 65.9; 1334.7; 664.3; 670.4;2082; 48.2; 23.9; 23.9;2393; 24.6;B;0;-;Off;On;Off; 33.4; 32.9;0;18;1435;18;1435;18;1249;1;-
2026/04/28;10:29:39;-;-; 50.08; 16.2;-; 65.3; 67.2; 814.3; 410.8; 403.5;2082; 48.6; 24.0; 24.0;2413; 24.6;B;0;-;Off;On;Off; 33.3; 32.7;0;19;1436;19;1436;19;1250;1;-
2026/04/28;10:30:39;-;-; 49.83; 12.5;-; 65.1; 65.5; 625.9; 307.6; 318.3;2082; 36.3; 17.3; 17.3;1795; 24.6;B;0;-;Off;On;Off; 32.9; 32.4;0;19;1436;19;1436;19;1250;1;-
2026/04/28;10:31:39;-;-; 49.81; 9.7;-; 71.6; 67.2; 483.8; 233.9; 249.9;2082; 20.6; 10.3; 10.3;1007; 24.7;B;0;-;Off;On;Off; 33.0; 32.5;0;19;1436;19;1436;19;1250;1;-
2026/04/28;10:32:39;-;-; 50.60; 25.8;-; 69.7; 65.5; 1310.3; 653.5; 656.9;2082; 32.1; 16.0; 16.0;1580; 24.7;B;0;-;Off;On;Off; 32.9; 32.4;0;19;1436;19;1436;20;1251;1;-
2026/04/28;10:33:39;-;-; 50.01; 13.5;-; 70.1; 65.7; 674.2; 334.1; 340.1;2082; 28.7; 14.9; 14.9;1410; 24.7;B;0;-;Off;On;Off; 32.9; 32.4;0;20;1437;20;1437;20;1251;1;-
2026/04/28;10:34:39;-;-; 49.87; 8.8;-; 65.0; 66.5; 439.5; 218.7; 220.8;2082; 24.4; 11.4; 11.4;1199; 24.7;B;0;-;Off;On;Off; 33.2; 32.6;0;20;1437;20;1437;20;1251;1;-
2026/04/28;10:35:39;-;-; 49.71; 7.8;-; 65.0; 64.7; 388.1; 195.4; 192.7;2082; 35.7; 17.1; 17.1;1760; 24.7;B;0;-;Off;On;Off; 32.9; 32.3;0;20;1437;20;1437;20;1251;1;-
2026/04/28;10:36:38;-;-; 49.99; 15.9;-; 69.2; 69.4; 793.6; 383.0; 410.5;2082; 20.2; 10.1; 10.1;989; 24.7;B;0;-;Off;On;Off; 32.7; 32.2;0;20;1437;20;1437;20;1251;1;-
2026/04/28;10:37:38;-;-; 49.53; 6.2;-; 66.7; 67.1; 307.0; 154.1; 152.8;2082; 19.7; 10.0; 10.0;964; 24.7;B;0;-;Off;On;Off; 32.8; 32.2;0;20;1437;20;1437;21;1252;1;-
2026/04/28;10:38:38;-;-; 49.49; 6.3;-; 67.8; 66.3; 311.5; 156.1; 155.4;2082; 14.9; 7.4; 7.4;728; 24.7;B;0;-;Off;On;Off; 32.6; 32.1;0;21;1438;21;1438;21;1252;1;-
2026/04/28;10:39:38;-;-; 49.53; 6.6;-; 67.3; 69.6; 328.1; 166.1; 162.0;2082; 12.2; 6.2; 6.2;592; 24.7;B;0;-;Off;On;Off; 32.6; 32.0;0;21;1438;21;1438;21;1252;1;-
2026/04/28;10:40:38;-;-; 49.63; 7.9;-; 67.8; 69.9; 394.3; 199.1; 195.2;2082; 12.7; 6.5; 6.5;616; 24.7;B;0;-;Off;On;Off; 32.5; 32.0;0;21;1438;21;1438;21;1252;1;-
2026/04/28;10:41:38;-;-; 49.61; 7.3;-; 69.0; 68.8; 362.7; 181.0; 181.7;2082; 16.9; 8.7; 8.7;825; 24.8;B;0;-;Off;On;Off; 32.5; 32.0;0;21;1438;21;1438;21;1252;1;-
2026/04/28;10:42:38;-;-; 50.89; 27.5;-; 69.6; 66.2; 1400.5; 698.6; 702.0;2082; 16.1; 8.1; 8.1;785; 24.8;B;0;-;Off;On;Off; 33.0; 32.4;0;21;1438;21;1438;21;1252;1;-
2026/04/28;10:43:38;-;-; 51.05; 28.0;-; 68.9; 68.5; 1434.4; 714.4; 720.0;2082; 46.0; 23.3; 23.3;2288; 24.8;B;0;-;Off;On;Off; 33.4; 32.9;0;21;1438;21;1438;22;1253;1;-
2026/04/28;10:44:38;-;-; 51.15; 28.8;-; 66.7; 66.4; 1475.5; 734.0; 741.5;2082; 56.1; 27.7; 27.7;2813; 24.8;B;0;-;Off;On;Off; 33.7; 33.1;0;22;1439;22;1439;22;1253;1;-
2026/04/28;10:45:38;-;-; 51.25; 29.1;-; 66.8; 66.6; 1493.6; 743.4; 750.3;2082; 57.6; 28.4; 28.4;2897; 24.8;B;0;-;Off;On;Off; 33.9; 33.3;0;22;1439;22;1439;23;1254;1;-
2026/04/28;10:46:38;-;-; 50.48; 11.1;-; 68.0; 70.5; 563.6; 291.3; 272.3;2082; 58.8; 29.0; 29.0;2964; 24.8;B;0;-;Off;On;Off; 34.0; 33.4;0;23;1440;23;1440;23;1254;1;-
2026/04/28;10:47:38;-;-; 50.32; 12.3;-; 66.6; 65.4; 618.1; 310.1; 308.1;2082; 51.1; 24.9; 24.9;2564; 24.8;B;0;-;Off;On;Off; 33.5; 32.9;0;23;1440;23;1440;23;1254;1;-
2026/04/28;10:48:38;-;-; 51.25; 27.8;-; 66.8; 66.6; 1424.9; 703.1; 721.7;2082; 31.3; 15.2; 15.2;1552; 24.8;B;0;-;Off;On;Off; 33.6; 33.0;0;24;1441;24;1441;24;1255;1;-
2026/04/28;10:49:38;-;-; 51.31; 28.0;-; 66.9; 66.7; 1437.5; 715.3; 722.2;2082; 44.1; 22.6; 22.6;2208; 24.8;B;0;-;Off;On;Off; 33.9; 33.3;0;24;1441;24;1441;24;1255;1;-
2026/04/28;10:50:38;-;-; 50.54; 14.1;-; 65.8; 69.1; 713.5; 357.4; 356.1;2082; 52.7; 26.0; 26.0;2654; 24.9;B;0;-;Off;On;Off; 33.7; 33.1;0;24;1441;24;1441;24;1255;1;-
2026/04/28;10:51:37;-;-; 51.37; 27.8;-; 66.9; 66.6; 1433.6; 714.1; 719.6;2082; 34.3; 17.3; 17.3;1709; 24.9;B;0;-;Off;On;Off; 34.0; 33.4;0;25;1442;25;1442;25;1256;1;-
2026/04/28;10:52:37;-;-; 51.49; 28.6;-; 67.2; 66.9; 1475.7; 734.8; 741.0;2082; 54.4; 27.1; 27.1;2745; 24.9;B;0;-;Off;On;Off; 34.3; 33.7;0;25;1442;25;1442;25;1256;1;-
2026/04/28;10:53:37;-;-; 50.87; 15.2;-; 68.5; 66.4; 776.3; 393.3; 383.0;2082; 56.6; 27.9; 27.9;2860; 24.9;B;0;-;Off;On;Off; 34.5; 33.9;0;26;1443;26;1443;26;1257;1;-
2026/04/28;10:54:37;-;-; 50.76; 18.3;-; 66.2; 66.0; 930.5; 461.8; 468.6;2082; 52.1; 25.1; 25.1;2629; 24.9;B;0;-;Off;On;Off; 33.7; 33.2;0;26;1443;26;1443;26;1257;1;-
2026/04/28;10:55:37;-;-; 50.66; 16.2;-; 66.0; 65.9; 821.9; 415.4; 406.5;2082; 27.0; 13.4; 13.4;1343; 24.9;B;0;-;Off;On;Off; 33.8; 33.2;0;26;1443;26;1443;26;1257;1;-
2026/04/28;10:56:37;-;-; 51.60; 29.1;-; 67.5; 67.0; 1503.4; 748.2; 755.2;2082; 31.8; 16.5; 16.5;1585; 25.0;B;0;-;Off;On;Off; 34.3; 33.7;0;26;1443;26;1443;27;1258;1;-
2026/04/28;10:57:37;-;-; 51.66; 29.2;-; 67.5; 67.1; 1511.3; 752.9; 758.4;2082; 57.6; 28.4; 28.4;2917; 25.0;B;0;-;Off;On;Off; 34.6; 34.0;0;27;1444;27;1444;27;1258;1;-
2026/04/28;10:58:37;-;-; 51.74; 29.5;-; 67.6; 67.1; 1526.8; 759.9; 766.9;2083; 55.3; 27.4; 27.4;2803; 25.0;B;0;-;Off;On;Off; 34.8; 34.2;0;27;1444;27;1444;28;1259;1;-
2026/04/28;10:59:37;-;-; 50.58; 8.9;-; 65.9; 65.8; 450.5; 225.2; 225.2;2083; 59.0; 29.0; 29.0;2998; 25.0;B;0;-;Off;On;Off; 34.5; 33.9;0;28;1445;28;1445;28;1259;1;-
2026/04/28;11:00:37;-;-; 51.80; 30.4;-; 67.7; 67.2; 1580.7; 787.5; 793.1;2083; 34.9; 17.0; 17.0;1751; 25.0;B;0;-;Off;On;Off; 34.5; 34.0;0;28;1445;28;1445;28;1259;1;-
2026/04/28;11:01:37;-;-; 51.92; 30.8;-; 67.7; 67.4; 1603.8; 799.5; 804.4;2083; 48.4; 24.3; 24.3;2443; 25.0;B;0;-;Off;On;Off; 35.1; 34.4;0;29;1446;29;1446;29;1260;1;-
2026/04/28;11:02:37;-;-; 51.98; 31.5;-; 67.8; 67.6; 1642.6; 819.5; 823.0;2083; 62.3; 30.7; 30.7;3178; 25.1;B;0;-;Off;On;Off; 35.3; 34.6;0;29;1446;29;1446;29;1260;1;-
2026/04/28;11:03:37;-;-; 51.07; 16.2;-; 68.5; 66.9; 829.3; 412.6; 416.7;2083; 63.0; 30.9; 30.9;3218; 25.1;B;0;-;Off;On;Off; 34.6; 34.0;0;30;1447;30;1447;30;1261;1;-
2026/04/28;11:04:37;-;-; 50.62; 9.2;-; 66.1; 66.7; 466.0; 233.0; 233.0;2083; 31.0; 14.3; 14.3;1553; 25.1;B;0;-;Off;On;Off; 34.2; 33.7;0;30;1447;30;1447;30;1261;1;-
2026/04/28;11:05:37;-;-; 50.66; 10.2;-; 66.1; 65.9; 518.5; 258.2; 260.3;2083; 19.2; 9.5; 9.5;957; 25.1;B;0;-;Off;On;Off; 34.0; 33.5;0;30;1447;30;1447;30;1261;1;-
2026/04/28;11:06:36;-;-; 50.83; 12.0;-; 66.3; 66.7; 608.5; 301.5; 307.0;2083; 19.2; 9.7; 9.7;954; 25.1;B;0;-;Off;On;Off; 34.0; 33.5;0;30;1447;30;1447;30;1261;1;-
2026/04/28;11:07:36;-;-; 50.62; 8.8;-; 67.2; 65.8; 447.5; 224.1; 223.4;2083; 26.7; 13.4; 13.4;1336; 25.1;B;0;-;Off;On;Off; 33.9; 33.4;0;30;1447;30;1447;31;1262;1;-
2026/04/28;11:08:36;-;-; 51.58; 30.1;-; 67.3; 67.1; 1553.9; 770.4; 783.6;2083; 19.1; 9.5; 9.5;953; 25.1;B;0;-;Off;On;Off; 33.8; 33.3;0;31;1448;31;1448;31;1262;1;-
2026/04/28;11:09:36;-;-; 50.54; 7.7;-; 65.9; 66.7; 389.2; 194.6; 194.6;2083; 23.2; 12.1; 12.1;1158; 25.1;B;0;-;Off;On;Off; 33.9; 33.3;0;31;1448;31;1448;31;1262;1;-
2026/04/28;11:10:36;-;-; 50.48; 7.1;-; 65.8; 67.1; 360.4; 180.2; 180.2;2083; 21.2; 10.2; 10.2;1055; 25.2;B;0;-;Off;On;Off; 33.7; 33.2;0;31;1448;31;1448;31;1262;1;-
2026/04/28;11:11:36;-;-; 50.99; 15.8;-; 71.5; 66.1; 808.9; 404.4; 404.4;2083; 15.8; 7.9; 7.9;787; 25.2;B;0;-;Off;On;Off; 33.6; 33.1;0;31;1448;31;1448;31;1262;1;-
2026/04/28;11:12:36;-;-; 51.90; 28.0;-; 67.7; 67.3; 1458.2; 724.9; 733.2;2083; 20.9; 10.8; 10.8;1040; 25.1;B;0;-;Off;On;Off; 34.3; 33.8;0;31;1448;31;1448;31;1262;1;-
2026/04/28;11:13:36;-;-; 51.82; 26.3;-; 68.7; 67.3; 1362.9; 676.9; 686.0;2083; 55.3; 27.4; 27.4;2818; 25.2;B;0;-;Off;On;Off; 34.6; 34.0;0;32;1449;32;1449;32;1263;1;-
2026/04/28;11:14:36;-;-; 52.00; 27.5;-; 67.7; 68.9; 1433.7; 716.5; 717.2;2083; 54.2; 26.7; 26.7;2767; 25.2;B;0;-;Off;On;Off; 34.7; 34.2;0;32;1449;32;1449;32;1263;1;-
2026/04/28;11:15:36;-;-; 52.06; 27.4;-; 67.9; 67.6; 1430.6; 712.1; 718.4;2083; 56.0; 27.6; 27.6;2865; 25.2;B;0;-;Off;On;Off; 34.9; 34.3;0;33;1450;33;1450;33;1264;1;-
2026/04/28;11:16:36;-;-; 52.08; 27.3;-; 67.9; 67.6; 1426.8; 709.9; 716.9;2083; 55.8; 27.5; 27.5;2853; 25.2;B;0;-;Off;On;Off; 34.9; 34.3;0;33;1450;33;1450;33;1264;1;-
2026/04/28;11:17:36;-;-; 52.14; 27.4;-; 67.9; 67.7; 1433.3; 713.5; 719.8;2083; 55.5; 27.3; 27.3;2840; 25.2;B;0;-;Off;On;Off; 35.1; 34.5;0;34;1451;34;1451;34;1265;1;-
2026/04/28;11:18:36;-;-; 52.16; 27.5;-; 68.1; 67.8; 1439.3; 716.1; 723.1;2083; 55.5; 27.3; 27.3;2841; 25.2;B;0;-;Off;On;Off; 35.1; 34.5;0;34;1451;34;1451;34;1265;1;-
2026/04/28;11:19:36;-;-; 52.22; 27.8;-; 68.3; 67.8; 1457.7; 725.4; 732.4;2083; 55.7; 27.5; 27.5;2857; 25.2;B;0;-;Off;On;Off; 35.3; 34.6;0;34;1451;34;1451;35;1266;1;-
2026/04/28;11:20:35;-;-; 52.30; 28.2;-; 68.3; 67.9; 1480.5; 736.7; 743.7;2083; 56.3; 27.7; 27.7;2888; 25.2;B;0;-;Off;On;Off; 35.4; 34.7;0;35;1452;35;1452;35;1266;1;-
2026/04/28;11:21:35;-;-; 52.37; 28.7;-; 68.3; 68.0; 1508.1; 750.9; 757.2;2083; 57.0; 28.1; 28.1;2928; 25.2;B;0;-;On;On;Off; 35.5; 34.9;0;35;1452;35;1452;35;1266;1;-
2026/04/28;11:22:35;-;-; 52.43; 29.4;-; 68.5; 68.2; 1545.5; 770.0; 775.6;2083; 57.9; 28.5; 28.5;2979; 25.3;B;0;-;On;On;Off; 35.7; 35.0;0;36;1453;36;1453;36;1267;1;-
2026/04/28;11:23:35;-;-; 52.53; 30.1;-; 68.5; 68.2; 1586.7; 790.6; 796.2;2083; 59.0; 29.1; 29.1;3042; 25.3;B;0;-;On;On;Off; 35.8; 35.2;0;36;1453;36;1453;36;1267;1;-
2026/04/28;11:24:35;-;-; 52.43; 28.1;-; 69.3; 69.1; 1475.9; 731.6; 744.3;2083; 60.3; 29.8; 29.8;3114; 25.3;B;0;-;On;On;Off; 35.8; 35.2;0;37;1454;37;1454;37;1268;1;-
2026/04/28;11:25:35;-;-; 52.67; 31.1;-; 68.8; 68.3; 1640.3; 818.4; 821.9;2083; 58.0; 28.5; 28.5;2994; 25.3;B;0;-;On;On;Off; 36.1; 35.4;0;37;1454;37;1454;37;1268;1;-
2026/04/28;11:26:35;-;-; 52.71; 31.0;-; 68.8; 68.4; 1640.1; 818.6; 821.5;2083; 62.6; 30.8; 30.8;3241; 25.3;B;0;-;On;On;Off; 36.2; 35.6;0;38;1455;38;1455;38;1269;1;-
2026/04/28;11:27:35;-;-; 52.73; 30.5;-; 68.8; 68.4; 1612.5; 805.6; 807.0;2083; 63.1; 31.0; 31.0;3268; 25.3;B;0;-;On;On;Off; 36.3; 35.7;0;38;1455;38;1455;38;1269;1;-
2026/04/28;11:28:35;-;-; 52.73; 29.7;-; 68.9; 68.5; 1567.9; 782.9; 785.0;2083; 61.9; 30.4; 30.4;3206; 25.4;B;0;-;On;On;Off; 36.4; 35.7;0;39;1456;39;1456;39;1270;1;-
2026/04/28;11:29:35;-;-; 52.73; 29.4;-; 68.9; 68.5; 1553.6; 775.4; 778.2;2083; 60.8; 29.9; 29.9;3152; 25.4;B;0;-;On;On;Off; 36.4; 35.8;0;39;1456;39;1456;39;1270;1;-
2026/04/28;11:30:35;-;-; 52.85; 30.3;-; 69.0; 68.6; 1603.4; 799.5; 803.8;2083; 59.6; 29.4; 29.4;3092; 25.4;B;0;-;On;On;Off; 36.5; 35.9;0;40;1457;40;1457;40;1271;1;-
2026/04/28;11:31:35;-;-; 52.93; 31.0;-; 69.2; 68.7; 1646.9; 822.3; 824.5;2083; 60.5; 29.8; 29.8;3141; 25.4;B;0;-;On;On;Off; 36.7; 36.0;0;40;1457;40;1457;40;1271;1;-
2026/04/28;11:32:35;-;-; 52.99; 31.1;-; 69.2; 68.8; 1648.9; 822.7; 826.2;2083; 61.7; 30.4; 30.4;3208; 25.5;B;0;-;On;On;Off; 36.8; 36.1;0;41;1458;41;1458;41;1272;1;-
2026/04/28;11:33:35;-;-; 51.72; 9.6;-; 67.7; 67.3; 498.1; 249.1; 249.1;2083; 62.1; 30.6; 30.6;3233; 25.5;B;0;-;On;On;Off; 36.1; 35.5;0;41;1458;41;1458;41;1272;1;-
2026/04/28;11:34:35;-;-; 51.47; 8.2;-; 67.3; 66.9; 420.6; 209.9; 210.7;2083; 35.3; 16.0; 16.0;1806; 25.5;B;0;-;On;On;Off; 35.6; 35.1;0;42;1459;42;1459;42;1273;1;-
2026/04/28;11:35:34;-;-; 51.41; 7.8;-; 67.1; 66.9; 402.8; 201.4; 201.4;2083; 16.5; 8.3; 8.3;837; 25.6;B;0;-;On;On;Off; 35.3; 34.8;0;42;1459;42;1459;42;1273;1;-
2026/04/28;11:36:34;-;-; 51.41; 8.0;-; 68.4; 66.8; 411.8; 204.2; 207.6;2083; 15.7; 7.9; 7.9;792; 25.6;B;0;-;On;On;Off; 35.2; 34.6;0;42;1459;42;1459;42;1273;1;-
2026/04/28;11:37:34;-;-; 51.39; 8.1;-; 67.1; 66.9; 415.1; 207.6; 207.6;2083; 15.8; 8.0; 8.0;796; 25.6;B;0;-;On;On;Off; 35.0; 34.5;0;42;1459;42;1459;42;1273;1;-
2026/04/28;11:38:34;-;-; 52.69; 32.7;-; 69.5; 68.4; 1729.4; 856.9; 872.5;2083; 16.3; 8.2; 8.2;822; 25.6;B;0;-;On;On;Off; 34.9; 34.3;0;42;1459;42;1459;42;1273;1;-
2026/04/28;11:39:34;-;-; 53.14; 32.6;-; 69.4; 69.0; 1735.0; 865.4; 869.7;2083; 25.5; 14.1; 14.1;1297; 25.6;B;0;-;On;On;Off; 35.9; 35.3;0;42;1459;42;1459;43;1274;1;-
2026/04/28;11:40:34;-;-; 53.20; 31.9;-; 69.5; 69.2; 1699.8; 848.5; 851.3;2083; 64.4; 31.6; 31.6;3356; 25.6;B;0;-;On;On;Off; 36.3; 35.7;0;43;1460;43;1460;43;1274;1;-
2026/04/28;11:41:34;-;-; 53.20; 31.6;-; 69.4; 69.1; 1683.8; 841.5; 842.3;2083; 65.0; 32.0; 32.0;3399; 25.6;B;0;-;On;On;Off; 36.5; 35.9;0;43;1460;43;1460;44;1275;1;-
2026/04/28;11:42:34;-;-; 53.26; 31.2;-; 69.5; 69.2; 1665.1; 832.6; 832.6;2083; 64.3; 31.6; 31.6;3364; 25.7;B;0;-;On;On;Off; 36.6; 36.0;0;44;1461;44;1461;44;1275;1;-
2026/04/28;11:43:34;-;-; 53.26; 30.8;-; 69.5; 69.2; 1645.8; 824.0; 821.8;2083; 63.4; 31.2; 31.2;3318; 25.7;B;0;-;On;On;Off; 36.7; 36.1;0;44;1461;44;1461;45;1276;1;-
2026/04/28;11:44:34;-;-; 53.30; 30.8;-; 69.6; 69.1; 1644.9; 825.3; 819.6;2083; 62.6; 30.8; 30.8;3279; 25.7;B;0;-;On;On;Off; 36.8; 36.1;0;45;1462;45;1462;45;1276;1;-
2026/04/28;11:45:34;-;-; 53.26; 29.1;-; 70.7; 69.2; 1550.7; 756.8; 794.0;2083; 61.9; 30.5; 30.5;3244; 25.7;B;0;-;On;On;Off; 36.8; 36.2;0;46;1463;46;1463;46;1277;1;-
2026/04/28;11:46:34;-;-; 52.31; 12.0;-; 68.4; 68.3; 629.7; 315.2; 314.5;2083; 60.4; 29.7; 29.7;3165; 25.7;B;0;-;On;On;Off; 36.7; 36.1;0;46;1463;46;1463;46;1277;1;-
2026/04/28;11:47:34;-;-; 52.89; 23.5;-; 70.5; 68.7; 1244.6; 605.6; 639.0;2083; 51.2; 25.0; 25.0;2667; 25.7;B;0;-;On;On;Off; 36.6; 35.9;0;46;1463;46;1463;47;1278;1;-
2026/04/28;11:48:34;-;-; 52.53; 15.3;-; 68.6; 68.5; 803.6; 416.6; 387.0;2083; 53.9; 26.5; 26.5;2813; 25.8;B;0;-;On;On;Off; 36.6; 35.9;0;47;1464;47;1464;47;1278;1;-
2026/04/28;11:49:33;-;-; 51.94; 9.0;-; 67.8; 67.6; 469.7; 234.9; 234.9;2083; 48.9; 23.4; 23.4;2551; 25.8;B;0;-;On;On;Off; 35.9; 35.3;0;47;1464;47;1464;47;1278;1;-
2026/04/28;11:50:33;-;-; 51.90; 8.9;-; 67.8; 67.6; 463.1; 231.2; 231.9;2083; 18.7; 9.3; 9.3;955; 25.8;B;0;-;On;On;Off; 35.6; 35.1;0;47;1464;47;1464;48;1279;1;-
2026/04/28;11:51:33;-;-; 51.92; 9.0;-; 67.7; 67.7; 466.8; 233.4; 233.4;2083; 17.7; 8.9; 8.9;903; 25.8;B;0;-;On;On;Off; 35.4; 34.9;0;48;1465;48;1465;48;1279;1;-
2026/04/28;11:52:33;-;-; 51.94; 9.2;-; 68.7; 67.6; 479.5; 238.3; 241.2;2083; 17.7; 8.9; 8.9;905; 25.8;B;0;-;On;On;Off; 35.3; 34.7;0;48;1465;48;1465;48;1279;1;-
2026/04/28;11:53:33;-;-; 52.08; 10.2;-; 67.9; 67.7; 530.4; 264.8; 265.6;2083; 18.1; 9.1; 9.1;925; 25.8;B;0;-;On;On;Off; 35.2; 34.7;0;48;1465;48;1465;48;1279;1;-
2026/04/28;11:54:33;-;-; 52.63; 17.3;-; 70.5; 69.4; 912.8; 472.7; 440.2;2083; 23.4; 11.6; 11.6;1200; 25.8;B;0;-;On;On;Off; 35.2; 34.7;0;48;1465;48;1465;48;1279;1;-
2026/04/28;11:55:33;-;-; 53.50; 30.0;-; 69.7; 70.6; 1610.8; 813.3; 797.5;2083; 29.7; 15.0; 15.0;1528; 25.8;B;0;-;On;On;Off; 35.8; 35.2;0;48;1465;48;1465;48;1279;1;-
2026/04/28;11:56:33;-;-; 52.73; 16.5;-; 69.1; 68.7; 871.4; 431.8; 439.6;2083; 54.6; 27.4; 27.4;2858; 25.9;B;0;-;On;On;Off; 36.0; 35.3;0;49;1466;49;1466;49;1280;1;-
2026/04/28;11:57:33;-;-; 51.90; 7.0;-; 67.6; 67.7; 364.8; 182.4; 182.4;2083; 47.0; 22.3; 22.3;2456; 25.9;B;0;-;On;On;Off; 35.3; 34.8;0;49;1466;49;1466;49;1280;1;-
2026/04/28;11:58:33;-;-; 53.72; 31.3;-; 70.1; 70.6; 1687.3; 851.2; 836.0;2084; 17.5; 8.8; 8.8;896; 25.9;B;0;-;On;On;Off; 36.0; 35.4;0;49;1466;49;1466;49;1280;1;-
2026/04/28;11:59:33;-;-; 53.78; 31.2;-; 71.5; 69.9; 1680.4; 821.1; 859.4;2084; 58.5; 29.0; 29.0;3072; 25.9;B;0;-;On;On;Off; 36.4; 35.8;0;50;1467;50;1467;50;1281;1;-
2026/04/28;12:00:33;-;-; 53.89; 32.2;-; 70.2; 70.0; 1740.6; 869.2; 871.4;2084; 64.3; 31.7; 31.7;3402; 25.9;B;0;-;On;On;Off; 36.7; 36.0;0;50;1467;50;1467;50;1281;1;-
2026/04/28;12:01:33;-;-; 54.05; 33.4;-; 70.5; 70.2; 1808.1; 905.1; 902.9;2084; 65.0; 32.0; 32.0;3441; 25.9;B;0;-;On;On;Off; 36.9; 36.3;0;51;1468;51;1468;51;1282;1;-
2026/04/28;12:02:33;-;-; 53.85; 29.9;-; 70.4; 70.0; 1612.8; 806.4; 806.4;2084; 67.3; 33.1; 33.1;3570; 25.9;B;0;-;On;On;Off; 36.8; 36.2;0;51;1468;51;1468;51;1282;1;-
2026/04/28;12:03:33;-;-; 52.73; 14.9;-; 69.0; 69.2; 784.7; 390.6; 394.1;2084; 58.3; 28.5; 28.5;3082; 25.9;B;0;-;On;On;Off; 36.0; 35.4;0;52;1469;52;1469;52;1283;1;-
2026/04/28;12:04:32;-;-; 52.55; 11.9;-; 68.6; 68.3; 626.5; 312.5; 314.0;2084; 27.3; 13.6; 13.6;1417; 25.9;B;0;-;On;On;Off; 35.7; 35.1;0;52;1469;52;1469;52;1283;1;-
2026/04/28;12:05:32;-;-; 52.51; 11.3;-; 68.6; 68.4; 596.9; 297.3; 299.5;2084; 24.8; 12.3; 12.3;1285; 25.9;B;0;-;On;On;Off; 35.5; 34.9;0;52;1469;52;1469;52;1283;1;-
2026/04/28;12:06:32;-;-; 52.45; 10.6;-; 68.5; 68.3; 558.4; 278.8; 279.5;2084; 23.3; 11.6; 11.6;1201; 26.0;B;0;-;On;On;Off; 35.3; 34.8;0;52;1469;52;1469;53;1284;1;-
2026/04/28;12:07:32;-;-; 52.37; 9.6;-; 68.3; 68.3; 505.3; 252.3; 253.0;2084; 21.9; 10.9; 10.9;1128; 26.0;B;0;-;On;On;Off; 35.2; 34.7;0;53;1470;53;1470;53;1284;1;-
2026/04/28;12:08:32;-;-; 52.28; 8.3;-; 68.4; 69.4; 437.1; 221.0; 216.1;2084; 20.0; 10.0; 10.0;1032; 26.0;B;0;-;On;On;Off; 35.1; 34.6;0;53;1470;53;1470;53;1284;1;-
2026/04/28;12:09:32;-;-; 52.18; 7.4;-; 68.0; 69.0; 387.2; 195.3; 191.8;2084; 17.6; 8.8; 8.8;907; 26.0;B;0;-;On;On;Off; 35.0; 34.5;0;53;1470;53;1470;53;1284;1;-
2026/04/28;12:10:32;-;-; 52.10; 6.6;-; 67.9; 68.9; 344.6; 174.1; 170.6;2084; 15.4; 7.8; 7.8;790; 26.0;B;0;-;On;On;Off; 34.9; 34.3;0;53;1470;53;1470;53;1284;1;-
2026/04/28;12:11:32;-;-; 52.04; 6.2;-; 67.9; 67.8; 322.6; 162.0; 160.6;2084; 13.7; 6.9; 6.9;699; 26.0;B;0;-;On;On;Off; 34.8; 34.3;0;53;1470;53;1470;53;1284;1;-
2026/04/28;12:12:32;-;-; 52.04; 6.4;-; 67.8; 67.8; 332.2; 166.8; 165.4;2084; 12.4; 6.3; 6.3;634; 26.0;B;0;-;On;On;Off; 34.6; 34.2;0;53;1470;53;1470;53;1284;1;-
2026/04/28;12:13:32;-;-; 52.10; 7.1;-; 67.9; 67.8; 371.9; 186.6; 185.3;2084; 12.3; 6.3; 6.3;627; 26.0;B;0;-;On;On;Off; 34.6; 34.0;0;53;1470;53;1470;54;1285;1;-
2026/04/28;12:14:32;-;-; 52.24; 8.4;-; 68.3; 67.9; 441.8; 220.9; 220.9;2084; 13.4; 6.8; 6.8;683; 26.0;B;0;-;On;On;Off; 34.5; 33.9;0;54;1471;54;1471;54;1285;1;-
2026/04/28;12:15:32;-;-; 54.07; 34.0;-; 71.6; 72.9; 1845.1; 951.9; 893.1;2084; 15.6; 7.9; 7.9;799; 26.1;B;0;-;On;On;Off; 34.5; 34.0;0;54;1471;54;1471;54;1285;1;-
2026/04/28;12:16:32;-;-; 53.03; 13.3;-; 69.2; 69.3; 707.7; 357.0; 350.7;2084; 34.6; 19.0; 19.0;1801; 26.1;B;0;-;On;On;Off; 35.2; 34.6;0;54;1471;54;1471;54;1285;1;-
2026/04/28;12:17:32;-;-; 52.63; 10.7;-; 69.7; 68.5; 566.2; 281.0; 285.2;2084; 50.3; 23.3; 23.3;2653; 26.1;B;0;-;On;On;Off; 34.6; 34.1;0;54;1471;54;1471;54;1285;1;-
2026/04/28;12:18:31;-;-; 52.69; 11.6;-; 68.7; 68.5; 614.0; 306.3; 307.7;2084; 22.2; 11.0; 11.0;1148; 26.1;B;0;-;On;On;Off; 34.5; 33.9;0;55;1472;55;1472;55;1286;1;-
2026/04/28;12:19:31;-;-; 53.36; 20.6;-; 69.6; 69.3; 1099.5; 545.8; 553.7;2084; 22.9; 11.5; 11.5;1184; 26.1;B;0;-;On;On;Off; 34.5; 33.9;0;55;1472;55;1472;55;1286;1;-
2026/04/28;12:20:31;-;-; 54.54; 34.4;-; 71.1; 71.6; 1879.5; 952.9; 926.6;2084; 32.2; 16.4; 16.4;1679; 26.2;B;0;-;On;On;Off; 35.4; 34.8;0;55;1472;55;1472;55;1286;1;-
2026/04/28;12:21:31;-;-; 53.32; 17.7;-; 69.7; 69.3; 945.5; 468.1; 477.4;2084; 60.4; 30.4; 30.4;3218; 26.1;B;0;-;On;On;Off; 35.3; 34.7;0;56;1473;56;1473;56;1287;1;-
2026/04/28;12:22:31;-;-; 54.31; 31.7;-; 70.8; 70.5; 1722.6; 863.5; 859.1;2084; 49.8; 23.8; 23.8;2636; 26.2;B;0;-;On;On;Off; 35.2; 34.6;0;56;1473;56;1473;56;1287;1;-
2026/04/28;12:23:31;-;-; 54.25; 29.4;-; 70.8; 71.4; 1597.4; 815.5; 782.0;2084; 51.2; 25.3; 25.3;2712; 26.2;B;0;-;On;On;Off; 35.7; 35.1;0;56;1473;56;1473;56;1287;1;-
2026/04/28;12:24:31;-;-; 53.66; 17.4;-; 70.4; 69.8; 936.4; 467.5; 468.9;2084; 58.8; 28.9; 28.9;3134; 26.2;B;0;-;On;On;Off; 35.8; 35.2;0;57;1474;57;1474;57;1288;1;-
2026/04/28;12:25:31;-;-; 53.08; 13.1;-; 69.3; 69.2; 695.0; 346.8; 348.2;2084; 53.0; 25.6; 25.6;2819; 26.2;B;0;-;On;On;Off; 35.1; 34.5;0;57;1474;57;1474;57;1288;1;-
2026/04/28;12:26:31;-;-; 53.14; 14.2;-; 69.3; 69.1; 756.9; 376.7; 380.3;2084; 26.5; 13.2; 13.2;1385; 26.2;B;0;-;On;On;Off; 34.8; 34.3;0;57;1474;57;1474;58;1289;1;-
2026/04/28;12:27:31;-;-; 53.60; 16.1;-; 70.1; 69.8; 864.1; 431.7; 432.4;2084; 27.4; 13.8; 13.8;1429; 26.2;B;0;-;On;On;Off; 35.3; 34.7;0;58;1475;58;1475;58;1289;1;-
2026/04/28;12:28:31;-;-; 53.70; 14.8;-; 70.2; 70.0; 794.0; 395.6; 398.5;2084; 44.8; 22.4; 22.4;2371; 26.2;B;0;-;On;On;Off; 35.7; 35.0;0;58;1475;58;1475;58;1289;1;-
2026/04/28;12:29:31;-;-; 54.29; 30.2;-; 70.7; 70.4; 1641.0; 792.4; 848.6;2084; 50.0; 24.1; 24.1;2657; 26.2;B;0;-;On;On;Off; 35.1; 34.6;0;58;1475;58;1475;59;1290;1;-
2026/04/28;12:30:31;-;-; 54.78; 32.1;-; 71.2; 71.1; 1762.6; 882.8; 879.8;2084; 41.9; 21.6; 21.6;2218; 26.2;B;0;-;On;On;Off; 36.0; 35.4;0;59;1476;59;1476;59;1290;1;-
2026/04/28;12:31:31;-;-; 54.82; 32.0;-; 71.3; 71.1; 1758.8; 882.3; 876.5;2084; 65.0; 31.9; 31.9;3504; 26.3;B;0;-;On;On;Off; 36.2; 35.6;0;59;1476;59;1476;59;1290;1;-
2026/04/28;12:32:30;-;-; 54.51; 25.6;-; 71.1; 70.9; 1398.0; 690.9; 707.0;2084; 62.8; 31.0; 31.0;3385; 26.3;B;0;-;On;On;Off; 36.3; 35.7;0;60;1477;60;1477;60;1291;1;-
2026/04/28;12:33:30;-;-; 54.25; 24.0;-; 70.9; 70.7; 1306.9; 671.6; 635.2;2084; 57.8; 28.1; 28.1;3106; 26.3;B;0;-;On;On;Off; 35.7; 35.1;0;60;1477;60;1477;60;1291;1;-
2026/04/28;12:34:30;-;-; 54.72; 27.2;-; 71.4; 71.3; 1493.4; 753.0; 740.5;2084; 40.1; 20.3; 20.3;2129; 26.3;B;0;-;On;On;Off; 36.1; 35.4;0;61;1478;61;1478;61;1292;1;-
2026/04/28;12:35:30;-;-; 53.34; 11.7;-; 69.7; 69.4; 625.8; 312.9; 312.9;2084; 53.8; 26.3; 26.3;2887; 26.3;B;0;-;On;On;Off; 35.5; 34.9;0;61;1478;61;1478;61;1292;1;-
2026/04/28;12:36:30;-;-; 53.20; 10.8;-; 69.4; 69.6; 573.3; 287.7; 285.6;2084; 27.4; 13.5; 13.5;1442; 26.3;B;0;-;On;On;Off; 35.2; 34.6;0;61;1478;61;1478;61;1292;1;-
2026/04/28;12:37:30;-;-; 53.16; 10.5;-; 69.5; 70.4; 559.3; 283.2; 276.1;2084; 22.1; 11.0; 11.0;1156; 26.3;B;0;-;On;On;Off; 35.0; 34.5;0;62;1479;62;1479;62;1293;1;-
2026/04/28;12:38:30;-;-; 53.26; 11.3;-; 69.6; 69.4; 600.6; 299.6; 301.0;2084; 21.2; 10.6; 10.6;1108; 26.4;B;0;-;On;On;Off; 34.9; 34.4;0;62;1479;62;1479;62;1293;1;-
2026/04/28;12:39:30;-;-; 53.26; 11.3;-; 69.6; 70.5; 604.8; 306.7; 298.1;2084; 22.7; 11.3; 11.3;1188; 26.4;B;0;-;On;On;Off; 34.8; 34.3;0;62;1479;62;1479;62;1293;1;-
2026/04/28;12:40:30;-;-; 54.84; 24.7;-; 71.6; 71.8; 1356.7; 703.8; 653.0;2084; 22.3; 11.2; 11.2;1169; 26.4;B;0;-;On;On;Off; 35.4; 34.9;0;62;1479;62;1479;62;1293;1;-
2026/04/28;12:41:30;-;-; 53.42; 12.1;-; 69.7; 69.6; 645.8; 321.8; 324.0;2084; 43.9; 22.1; 22.1;2336; 26.4;B;0;-;On;On;Off; 35.0; 34.4;0;62;1479;62;1479;63;1294;1;-
2026/04/28;12:42:30;-;-; 53.36; 11.3;-; 69.8; 69.5; 604.3; 301.4; 302.9;2084; 24.1; 12.0; 12.0;1266; 26.4;B;0;-;On;On;Off; 34.8; 34.2;0;63;1480;63;1480;63;1294;1;-
2026/04/28;12:43:30;-;-; 53.36; 11.4;-; 69.7; 69.5; 611.0; 305.1; 305.8;2084; 23.1; 11.5; 11.5;1214; 26.4;B;0;-;On;On;Off; 34.6; 34.1;0;63;1480;63;1480;63;1294;1;-
2026/04/28;12:44:30;-;-; 53.64; 14.4;-; 70.0; 69.8; 771.8; 385.2; 386.6;2084; 22.6; 11.3; 11.3;1184; 26.4;B;0;-;On;On;Off; 34.6; 34.1;0;63;1480;63;1480;63;1294;1;-
2026/04/28;12:45:30;-;-; 53.38; 10.8;-; 71.9; 69.5; 575.2; 277.2; 298.0;2084; 25.8; 13.0; 13.0;1358; 26.5;B;0;-;On;On;Off; 34.5; 34.0;0;63;1480;63;1480;63;1294;1;-
2026/04/28;12:46:30;-;-; 53.40; 11.4;-; 69.7; 69.6; 607.9; 303.2; 304.7;2084; 22.9; 11.4; 11.4;1202; 26.5;B;0;-;On;On;Off; 34.5; 33.9;0;63;1480;63;1480;64;1295;1;-
2026/04/28;12:47:29;-;-; 53.52; 12.4;-; 70.0; 69.6; 662.1; 330.4; 331.8;2084; 22.4; 11.2; 11.2;1175; 26.5;B;0;-;On;On;Off; 34.4; 33.9;0;64;1481;64;1481;64;1295;1;-
2026/04/28;12:48:29;-;-; 53.74; 13.8;-; 70.1; 69.8; 745.1; 372.2; 372.9;2084; 23.8; 11.9; 11.9;1252; 26.5;B;0;-;On;On;Off; 34.4; 33.9;0;64;1481;64;1481;64;1295;1;-
2026/04/28;12:49:29;-;-; 53.81; 15.0;-; 70.3; 70.0; 809.1; 403.1; 406.0;2084; 28.6; 14.2; 14.2;1512; 26.5;B;0;-;On;On;Off; 34.4; 33.9;0;64;1481;64;1481;64;1295;1;-
2026/04/28;12:50:29;-;-; 54.64; 21.1;-; 72.7; 71.3; 1156.8; 562.6; 594.2;2084; 28.9; 14.4; 14.4;1526; 26.5;B;0;-;On;On;Off; 34.7; 34.2;0;64;1481;64;1481;64;1295;1;-
2026/04/28;12:51:29;-;-; 55.89; 33.9;-; 73.0; 72.7; 1898.6; 954.5; 944.1;2084; 44.1; 22.1; 22.1;2361; 26.5;B;0;-;On;On;Off; 35.6; 35.0;0;65;1482;65;1482;65;1296;1;-
2026/04/28;12:52:29;-;-; 54.58; 19.3;-; 71.3; 71.0; 1056.2; 528.5; 527.8;2084; 65.3; 32.2; 32.2;3566; 26.5;B;0;-;On;On;Off; 35.6; 34.9;0;65;1482;65;1482;65;1296;1;-
2026/04/28;12:53:29;-;-; 55.22; 28.4;-; 71.9; 72.2; 1574.6; 800.3; 774.3;2084; 51.9; 24.9; 24.9;2815; 26.5;B;0;-;On;On;Off; 35.2; 34.6;0;66;1483;66;1483;66;1297;1;-
2026/04/28;12:54:29;-;-; 53.58; 9.8;-; 70.0; 69.8; 527.7; 264.6; 263.1;2084; 43.5; 21.6; 21.6;2338; 26.5;B;0;-;On;On;Off; 34.8; 34.3;0;66;1483;66;1483;66;1297;1;-
2026/04/28;12:55:29;-;-; 53.42; 9.2;-; 69.9; 69.5; 491.0; 245.9; 245.1;2084; 23.0; 10.7; 10.7;1218; 26.5;B;0;-;On;On;Off; 34.6; 34.0;0;66;1483;66;1483;66;1297;1;-
2026/04/28;12:56:29;-;-; 53.44; 9.4;-; 69.8; 70.6; 501.2; 255.3; 246.0;2084; 18.5; 9.3; 9.3;972; 26.6;B;0;-;On;On;Off; 34.5; 33.9;0;66;1483;66;1483;66;1297;1;-
2026/04/28;12:57:29;-;-; 53.56; 10.6;-; 70.0; 69.8; 566.5; 283.3; 283.3;2084; 18.5; 9.3; 9.3;973; 26.6;B;0;-;On;On;Off; 34.4; 33.8;0;66;1483;66;1483;67;1298;1;-
2026/04/28;12:58:29;-;-; 53.76; 12.4;-; 70.1; 70.0; 669.4; 334.0; 335.4;2085; 20.2; 10.2; 10.2;1060; 26.6;B;0;-;On;On;Off; 34.3; 33.8;0;67;1484;67;1484;67;1298;1;-
2026/04/28;12:59:29;-;-; 54.09; 15.5;-; 70.6; 70.4; 841.2; 418.8; 422.4;2085; 23.3; 11.7; 11.7;1228; 26.6;B;0;-;On;On;Off; 34.3; 33.8;0;67;1484;67;1484;67;1298;1;-
2026/04/28;13:00:29;-;-; 54.41; 15.1;-; 71.0; 70.8; 822.8; 410.3; 412.5;2085; 28.1; 14.2; 14.2;1491; 26.6;B;0;-;On;On;Off; 34.6; 34.1;0;67;1484;67;1484;67;1298;1;-
2026/04/28;13:01:28;-;-; 54.21; 15.5;-; 70.7; 70.6; 842.2; 420.0; 422.2;2085; 38.8; 19.3; 19.3;2080; 26.6;B;0;-;On;On;Off; 34.4; 33.9;0;67;1484;67;1484;68;1299;1;-
2026/04/28;13:02:28;-;-; 55.35; 22.0;-; 72.2; 72.5; 1220.1; 637.5; 582.5;2085; 30.1; 15.0; 15.0;1601; 26.6;B;0;-;On;On;Off; 35.0; 34.4;0;68;1485;68;1485;68;1299;1;-
2026/04/28;13:03:28;-;-; 54.45; 16.7;-; 71.0; 70.8; 911.4; 453.2; 458.2;2085; 48.1; 24.0; 24.0;2604; 26.6;B;0;-;On;On;Off; 34.6; 34.1;0;68;1485;68;1485;68;1299;1;-
2026/04/28;13:04:28;-;-; 54.64; 17.2;-; 71.1; 71.0; 942.5; 470.9; 471.7;2085; 33.2; 16.5; 16.5;1782; 26.6;B;0;-;On;On;Off; 34.6; 34.1;0;68;1485;68;1485;68;1299;1;-
2026/04/28;13:05:28;-;-; 55.16; 20.7;-; 71.9; 71.8; 1146.5; 573.2; 573.2;2085; 37.8; 18.8; 18.8;2032; 26.6;B;0;-;On;On;Off; 34.9; 34.3;0;69;1486;69;1486;69;1300;1;-
2026/04/28;13:06:28;-;-; 55.39; 22.3;-; 72.4; 71.9; 1236.6; 643.2; 593.4;2085; 44.2; 22.1; 22.1;2391; 26.6;B;0;-;On;On;Off; 35.1; 34.5;0;69;1486;69;1486;69;1300;1;-
2026/04/28;13:07:28;-;-; 54.64; 16.1;-; 71.3; 71.1; 880.3; 440.1; 440.1;2085; 49.5; 24.1; 24.1;2703; 26.6;B;0;-;On;On;Off; 34.9; 34.3;0;69;1486;69;1486;70;1301;1;-
2026/04/28;13:08:28;-;-; 54.56; 16.2;-; 71.2; 71.0; 883.4; 441.7; 441.7;2085; 37.0; 18.2; 18.2;1995; 26.6;B;0;-;On;On;Off; 34.7; 34.1;0;70;1487;70;1487;70;1301;1;-
2026/04/28;13:09:28;-;-; 54.66; 16.7;-; 71.2; 71.0; 916.9; 457.7; 459.2;2085; 31.9; 15.8; 15.8;1709; 26.6;B;0;-;On;On;Off; 34.6; 34.0;0;70;1487;70;1487;70;1301;1;-
2026/04/28;13:10:28;-;-; 54.56; 15.2;-; 71.1; 71.1; 828.1; 412.9; 415.1;2085; 32.4; 16.1; 16.1;1737; 26.6;B;0;-;On;On;Off; 34.6; 34.0;0;70;1487;70;1487;70;1301;1;-
2026/04/28;13:11:28;-;-; 54.39; 13.5;-; 71.1; 70.8; 736.4; 367.8; 368.6;2085; 31.5; 15.6; 15.6;1689; 26.6;B;0;-;On;On;Off; 34.5; 33.9;0;70;1487;70;1487;71;1302;1;-
2026/04/28;13:12:28;-;-; 54.25; 12.3;-; 70.6; 70.5; 666.0; 332.6; 333.4;2085; 28.3; 14.0; 14.0;1514; 26.6;B;0;-;On;On;Off; 34.4; 33.9;0;71;1488;71;1488;71;1302;1;-
2026/04/28;13:13:28;-;-; 54.21; 11.8;-; 70.8; 71.5; 640.8; 326.6; 314.2;2085; 25.3; 12.5; 12.5;1350; 26.6;B;0;-;On;On;Off; 34.3; 33.8;0;71;1488;71;1488;71;1302;1;-
2026/04/28;13:14:28;-;-; 54.11; 10.7;-; 70.5; 71.7; 577.2; 296.3; 281.0;2085; 24.1; 12.0; 12.0;1284; 26.7;B;0;-;On;On;Off; 34.3; 33.7;0;71;1488;71;1488;71;1302;1;-
2026/04/28;13:15:28;-;-; 54.19; 11.7;-; 70.8; 71.7; 636.2; 325.0; 311.2;2085; 22.7; 11.3; 11.3;1209; 26.7;B;0;-;On;On;Off; 34.2; 33.6;0;71;1488;71;1488;71;1302;1;-
2026/04/28;13:16:27;-;-; 54.96; 15.5;-; 71.8; 72.8; 855.8; 441.2; 414.6;2085; 22.8; 11.4; 11.4;1213; 26.7;B;0;-;On;On;Off; 34.4; 33.9;0;72;1489;72;1489;72;1303;1;-
2026/04/28;13:17:27;-;-; 56.32; 25.3;-; 73.3; 73.2; 1425.5; 725.2; 700.3;2085; 37.1; 18.3; 18.3;2006; 26.7;B;0;-;On;On;Off; 35.1; 34.5;0;72;1489;72;1489;72;1303;1;-
2026/04/28;13:18:27;-;-; 54.94; 14.5;-; 71.8; 71.6; 795.7; 397.5; 398.3;2085; 52.4; 26.3; 26.3;2887; 26.7;B;0;-;On;On;Off; 34.6; 34.0;0;72;1489;72;1489;72;1303;1;-
2026/04/28;13:19:27;-;-; 54.54; 12.6;-; 71.1; 70.9; 688.9; 343.4; 345.6;2085; 31.4; 15.2; 15.2;1699; 26.7;B;0;-;On;On;Off; 34.4; 33.8;0;73;1490;73;1490;73;1304;1;-
2026/04/28;13:20:27;-;-; 54.70; 14.1;-; 71.3; 71.2; 771.5; 383.9; 387.6;2085; 25.3; 12.6; 12.6;1360; 26.7;B;0;-;On;On;Off; 34.3; 33.8;0;73;1490;73;1490;73;1304;1;-
2026/04/28;13:21:27;-;-; 56.48; 31.7;-; 74.5; 73.2; 1792.0; 872.9; 919.1;2085; 28.8; 14.4; 14.4;1546; 26.7;B;0;-;On;On;Off; 34.5; 33.9;0;73;1490;73;1490;73;1304;1;-
2026/04/28;13:22:27;-;-; 56.87; 28.8;-; 74.3; 73.9; 1641.9; 822.4; 819.4;2085; 43.1; 22.0; 22.0;2352; 26.7;B;0;-;On;On;Off; 35.2; 34.6;0;73;1490;73;1490;73;1304;1;-
2026/04/28;13:23:27;-;-; 56.24; 20.7;-; 73.5; 73.2; 1165.7; 584.7; 580.9;2085; 56.4; 27.7; 27.7;3144; 26.7;B;0;-;On;On;Off; 35.4; 34.7;0;74;1491;74;1491;74;1305;1;-
2026/04/28;13:24:27;-;-; 55.20; 13.7;-; 72.2; 71.8; 757.2; 377.1; 380.1;2085; 51.3; 25.2; 25.2;2856; 26.7;B;0;-;On;On;Off; 34.9; 34.3;0;74;1491;74;1491;74;1305;1;-
2026/04/28;13:25:27;-;-; 54.92; 14.1;-; 71.7; 71.5; 776.5; 386.4; 390.1;2085; 34.7; 17.0; 17.0;1899; 26.7;B;0;-;On;On;Off; 34.6; 34.1;0;74;1491;74;1491;75;1306;1;-
2026/04/28;13:26:27;-;-; 55.12; 14.0;-; 71.9; 73.0; 774.6; 404.7; 369.9;2085; 27.5; 13.7; 13.7;1487; 26.7;B;0;-;On;On;Off; 34.6; 34.1;0;75;1492;75;1492;75;1306;1;-
2026/04/28;13:27:27;-;-; 54.88; 12.8;-; 71.6; 71.4; 706.2; 351.2; 354.9;2085; 31.8; 15.7; 15.7;1723; 26.7;B;0;-;On;On;Off; 34.5; 34.0;0;75;1492;75;1492;75;1306;1;-
2026/04/28;13:28:27;-;-; 54.76; 12.1;-; 71.5; 71.2; 664.5; 331.5; 333.0;2085; 26.9; 13.3; 13.3;1453; 26.8;B;0;-;On;On;Off; 34.4; 33.9;0;75;1492;75;1492;75;1306;1;-
2026/04/28;13:29:27;-;-; 54.78; 12.4;-; 71.5; 71.2; 680.7; 340.4; 340.4;2085; 24.6; 12.2; 12.2;1322; 26.8;B;0;-;On;On;Off; 34.3; 33.8;0;75;1492;75;1492;76;1307;1;-
2026/04/28;13:30:26;-;-; 55.63; 21.1;-; 72.5; 72.2; 1174.6; 586.2; 588.4;2085; 24.3; 12.2; 12.2;1309; 26.8;B;0;-;On;On;Off; 34.4; 33.8;0;76;1493;76;1493;76;1307;1;-
2026/04/28;13:31:26;-;-; 56.24; 21.1;-; 73.4; 73.1; 1188.7; 614.0; 574.7;2085; 31.8; 16.0; 16.0;1725; 26.8;B;0;-;On;On;Off; 34.8; 34.2;0;76;1493;76;1493;76;1307;1;-
2026/04/28;13:32:26;-;-; 56.70; 23.4;-; 74.3; 73.7; 1331.5; 679.8; 651.7;2085; 44.9; 21.7; 21.7;2483; 26.8;B;0;-;On;On;Off; 34.9; 34.3;0;76;1493;76;1493;76;1307;1;-
2026/04/28;13:33:26;-;-; 54.76; 8.9;-; 73.1; 71.3; 489.9; 232.8; 257.1;2085; 38.9; 19.3; 19.3;2142; 26.8;B;0;-;On;On;Off; 34.5; 34.0;0;77;1494;77;1494;77;1308;1;-
2026/04/28;13:34:26;-;-; 54.49; 9.0;-; 71.1; 70.9; 490.8; 245.7; 245.0;2085; 20.2; 10.0; 10.0;1096; 26.8;B;0;-;On;On;Off; 34.3; 33.8;0;77;1494;77;1494;77;1308;1;-
2026/04/28;13:35:26;-;-; 54.51; 9.6;-; 71.1; 70.9; 525.2; 263.3; 261.8;2085; 17.9; 9.0; 9.0;962; 26.8;B;0;-;On;On;Off; 34.2; 33.7;0;77;1494;77;1494;77;1308;1;-
2026/04/28;13:36:26;-;-; 54.70; 11.1;-; 71.4; 71.2; 610.7; 305.3; 305.3;2085; 18.4; 9.3; 9.3;986; 26.8;B;0;-;On;On;Off; 34.2; 33.6;0;77;1494;77;1494;77;1308;1;-
2026/04/28;13:37:26;-;-; 57.23; 29.7;-; 74.5; 74.4; 1705.2; 860.7; 844.5;2085; 20.8; 10.5; 10.5;1118; 26.8;B;0;-;On;On;Off; 34.6; 34.0;0;77;1494;77;1494;77;1308;1;-
2026/04/28;13:38:26;-;-; 55.99; 13.1;-; 73.2; 72.9; 736.0; 372.9; 363.1;2085; 41.2; 21.3; 21.3;2268; 26.8;B;0;-;On;On;Off; 34.7; 34.1;0;78;1495;78;1495;78;1309;1;-
2026/04/28;13:39:26;-;-; 55.18; 11.9;-; 72.1; 71.9; 656.9; 328.1; 328.8;2085; 34.8; 16.9; 16.9;1921; 26.8;B;0;-;On;On;Off; 34.3; 33.8;0;78;1495;78;1495;78;1309;1;-
2026/04/28;13:40:26;-;-; 55.26; 13.3;-; 72.1; 71.8; 736.5; 367.2; 369.4;2085; 23.4; 11.7; 11.7;1272; 26.8;B;0;-;On;On;Off; 34.2; 33.7;0;78;1495;78;1495;78;1309;1;-
2026/04/28;13:41:26;-;-; 55.49; 13.1;-; 72.5; 73.4; 730.7; 384.3; 346.4;2085; 25.2; 12.6; 12.6;1367; 26.8;B;0;-;On;On;Off; 34.3; 33.7;0;78;1495;78;1495;78;1309;1;-
2026/04/28;13:42:26;-;-; 55.24; 11.6;-; 72.0; 71.8; 641.1; 320.2; 320.9;2085; 29.1; 14.4; 14.4;1585; 26.9;B;0;-;On;On;Off; 34.2; 33.7;0;78;1495;78;1495;79;1310;1;-
2026/04/28;13:43:26;-;-; 55.00; 10.0;-; 73.1; 72.4; 553.0; 269.5; 283.5;2085; 24.5; 12.1; 12.1;1333; 26.9;B;0;-;On;On;Off; 34.1; 33.6;0;79;1496;79;1496;79;1310;1;-
2026/04/28;13:44:26;-;-; 55.06; 11.1;-; 71.8; 71.6; 611.0; 304.4; 306.6;2085; 21.7; 10.8; 10.8;1174; 26.9;B;0;-;On;On;Off; 34.1; 33.5;0;79;1496;79;1496;79;1310;1;-
2026/04/28;13:45:25;-;-; 55.33; 13.2;-; 72.1; 73.7; 731.6; 390.0; 341.7;2085; 22.0; 11.0; 11.0;1188; 26.9;B;0;-;On;On;Off; 34.0; 33.5;0;79;1496;79;1496;79;1310;1;-
2026/04/28;13:46:25;-;-; 55.55; 13.2;-; 72.4; 72.3; 736.4; 364.5; 371.9;2085; 24.7; 12.4; 12.4;1343; 26.9;B;0;-;On;On;Off; 34.1; 33.5;0;79;1496;79;1496;79;1310;1;-
2026/04/28;13:47:25;-;-; 55.61; 12.6;-; 73.1; 72.3; 704.7; 338.9; 365.8;2085; 27.1; 13.4; 13.4;1476; 26.9;B;0;-;On;On;Off; 34.1; 33.5;0;79;1496;79;1496;80;1311;1;-
2026/04/28;13:48:25;-;-; 55.63; 12.9;-; 72.7; 72.3; 718.8; 359.0; 359.8;2085; 26.8; 13.3; 13.3;1464; 26.9;B;0;-;On;On;Off; 34.0; 33.5;0;80;1497;80;1497;80;1311;1;-
2026/04/28;13:49:25;-;-; 55.77; 14.0;-; 72.8; 72.5; 781.0; 390.1; 390.9;2085; 26.4; 13.1; 13.1;1441; 26.9;B;0;-;On;On;Off; 34.0; 33.5;0;80;1497;80;1497;80;1311;1;-
2026/04/28;13:50:25;-;-; 56.20; 14.3;-; 74.7; 74.7; 804.9; 405.1; 399.8;2085; 27.2; 13.6; 13.6;1491; 26.9;B;0;-;On;On;Off; 34.1; 33.6;0;80;1497;80;1497;80;1311;1;-
2026/04/28;13:51:25;-;-; 55.91; 13.9;-; 73.0; 72.8; 776.4; 387.1; 389.3;2085; 32.0; 15.9; 15.9;1765; 26.9;B;0;-;On;On;Off; 34.0; 33.5;0;80;1497;80;1497;81;1312;1;-
2026/04/28;13:52:25;-;-; 56.81; 17.6;-; 74.4; 75.2; 999.0; 545.3; 453.8;2085; 26.4; 13.2; 13.2;1452; 26.9;B;0;-;On;On;Off; 34.3; 33.7;0;81;1498;81;1498;81;1312;1;-
2026/04/28;13:53:25;-;-; 56.40; 14.6;-; 73.8; 73.4; 826.7; 413.3; 413.3;2085; 38.4; 19.3; 19.3;2142; 26.9;B;0;-;On;On;Off; 34.3; 33.7;0;81;1498;81;1498;81;1312;1;-
2026/04/28;13:54:25;-;-; 57.27; 23.2;-; 76.3; 74.8; 1333.4; 625.2; 708.2;2085; 33.0; 16.3; 16.3;1836; 26.9;B;0;-;On;On;Off; 34.3; 33.7;0;81;1498;81;1498;81;1312;1;-
2026/04/28;13:55:25;-;-; 57.29; 19.6;-; 77.4; 74.6; 1124.6; 426.9; 697.7;2085; 36.2; 18.2; 18.2;2020; 26.9;B;0;-;On;On;Off; 34.5; 34.0;0;82;1499;82;1499;82;1313;1;-
2026/04/28;13:56:25;-;-; 57.27; 19.3;-; 74.8; 75.0; 1109.6; 575.2; 534.4;2085; 40.4; 19.8; 19.8;2275; 26.9;B;0;-;On;On;Off; 34.5; 33.9;0;82;1499;82;1499;82;1313;1;-
2026/04/28;13:57:25;-;-; 56.01; 10.8;-; 73.2; 73.0; 603.6; 302.2; 301.4;2085; 37.3; 18.5; 18.5;2096; 26.9;B;0;-;On;On;Off; 34.4; 33.8;0;82;1499;82;1499;82;1313;1;-
2026/04/28;13:58:25;-;-; 57.23; 23.9;-; 74.2; 74.3; 1368.9; 718.2; 650.6;2086; 26.8; 12.8; 12.8;1486; 26.9;B;0;-;On;On;Off; 34.3; 33.7;0;82;1499;82;1499;83;1314;1;-
2026/04/28;13:59:25;-;-; 56.16; 12.0;-; 73.4; 73.1; 673.9; 339.3; 334.7;2086; 30.5; 15.4; 15.4;1690; 26.9;B;0;-;On;On;Off; 34.3; 33.7;0;83;1500;83;1500;83;1314;1;-
2026/04/28;14:00:24;-;-; 55.69; 8.1;-; 72.8; 72.4; 453.0; 228.0; 225.0;2086; 28.0; 13.9; 13.9;1556; 26.9;B;0;-;On;On;Off; 34.3; 33.7;0;83;1500;83;1500;83;1314;1;-
2026/04/28;14:01:24;-;-; 55.24; 8.2;-; 72.2; 71.9; 455.8; 229.8; 226.1;2086; 23.9; 11.8; 11.8;1323; 27.0;B;0;-;On;On;Off; 34.1; 33.6;0;83;1500;83;1500;83;1314;1;-
2026/04/28;14:02:24;-;-; 55.20; 8.7;-; 72.1; 71.8; 482.2; 242.9; 239.2;2086; 15.9; 8.0; 8.0;864; 27.0;B;0;-;On;On;Off; 34.0; 33.4;0;83;1500;83;1500;83;1314;1;-
2026/04/28;14:03:24;-;-; 55.29; 9.5;-; 72.1; 72.0; 526.4; 264.3; 262.1;2086; 16.7; 8.4; 8.4;905; 27.0;B;0;-;On;On;Off; 33.9; 33.4;0;83;1500;83;1500;83;1314;1;-
2026/04/28;14:04:24;-;-; 55.51; 10.2;-; 72.3; 72.2; 564.6; 283.1; 281.6;2086; 18.2; 9.2; 9.2;989; 27.0;B;0;-;On;On;Off; 33.9; 33.4;0;83;1500;83;1500;84;1315;1;-
2026/04/28;14:05:24;-;-; 55.67; 10.7;-; 72.8; 72.3; 594.8; 295.9; 298.9;2086; 19.6; 9.9; 9.9;1069; 27.0;B;0;-;On;On;Off; 33.9; 33.3;0;84;1501;84;1501;84;1315;1;-
2026/04/28;14:06:24;-;-; 56.04; 10.5;-; 73.2; 73.0; 586.8; 292.6; 294.1;2086; 20.5; 10.3; 10.3;1123; 27.0;B;0;-;On;On;Off; 33.9; 33.4;0;84;1501;84;1501;84;1315;1;-
2026/04/28;14:07:24;-;-; 55.67; 9.2;-; 72.6; 72.4; 512.4; 255.4; 256.9;2086; 25.1; 12.4; 12.4;1384; 27.0;B;0;-;On;On;Off; 33.9; 33.3;0;84;1501;84;1501;84;1315;1;-
2026/04/28;14:08:24;-;-; 55.69; 10.0;-; 72.6; 72.6; 557.6; 278.0; 279.6;2086; 18.2; 9.1; 9.1;996; 27.0;B;0;-;On;On;Off; 33.8; 33.3;0;84;1501;84;1501;84;1315;1;-
2026/04/28;14:09:24;-;-; 56.01; 11.5;-; 73.2; 74.2; 645.5; 338.9; 306.6;2086; 19.0; 9.6; 9.6;1039; 27.0;B;0;-;On;On;Off; 33.8; 33.3;0;84;1501;84;1501;84;1315;1;-
2026/04/28;14:10:24;-;-; 56.30; 11.6;-; 73.4; 73.2; 654.7; 325.8; 328.9;2086; 21.9; 11.1; 11.1;1200; 27.1;B;0;-;On;On;Off; 33.9; 33.3;0;85;1502;85;1502;85;1316;1;-
2026/04/28;14:11:24;-;-; 57.29; 16.4;-; 76.3; 75.1; 941.2; 422.1; 519.1;2086; 25.7; 12.8; 12.8;1424; 27.1;B;0;-;On;On;Off; 34.0; 33.4;0;85;1502;85;1502;85;1316;1;-
2026/04/28;14:12:24;-;-; 57.29; 15.0;-; 77.9; 75.9; 859.7; 265.3; 594.4;2086; 30.3; 15.2; 15.2;1693; 27.1;B;0;-;On;On;Off; 34.1; 33.6;0;85;1502;85;1502;85;1316;1;-
2026/04/28;14:13:24;-;-; 57.27; 15.6;-; 76.2; 75.6; 894.7; 433.5; 461.2;2086; 30.7; 15.1; 15.1;1727; 27.1;B;0;-;On;On;Off; 34.0; 33.4;0;85;1502;85;1502;85;1316;1;-
2026/04/28;14:14:23;-;-; 56.24; 8.7;-; 73.6; 73.2; 489.9; 244.6; 245.4;2086; 26.7; 13.2; 13.2;1495; 27.1;B;0;-;On;On;Off; 34.0; 33.4;0;85;1502;85;1502;86;1317;1;-
2026/04/28;14:15:23;-;-; 55.97; 9.3;-; 73.2; 72.9; 523.6; 259.2; 264.4;2086; 21.4; 10.5; 10.5;1191; 27.1;B;0;-;On;On;Off; 33.9; 33.3;0;86;1503;86;1503;86;1317;1;-
2026/04/28;14:16:23;-;-; 56.18; 11.0;-; 73.3; 73.2; 617.4; 310.6; 306.8;2086; 18.0; 9.1; 9.1;990; 27.1;B;0;-;On;On;Off; 33.8; 33.3;0;86;1503;86;1503;86;1317;1;-
2026/04/28;14:17:23;-;-; 56.64; 12.9;-; 73.9; 73.5; 729.3; 365.0; 364.2;2086; 20.4; 10.2; 10.2;1124; 27.2;B;0;-;On;On;Off; 33.8; 33.3;0;86;1503;86;1503;86;1317;1;-
2026/04/28;14:18:23;-;-; 56.87; 12.9;-; 74.2; 73.8; 734.4; 367.2; 367.2;2086; 23.9; 12.0; 12.0;1328; 27.2;B;0;-;On;On;Off; 33.8; 33.3;0;86;1503;86;1503;86;1317;1;-
2026/04/28;14:19:23;-;-; 57.25; 13.5;-; 74.7; 74.5; 775.6; 386.6; 388.9;2086; 24.0; 11.9; 11.9;1338; 27.2;B;0;-;On;On;Off; 33.9; 33.4;0;86;1503;86;1503;86;1317;1;-
2026/04/28;14:20:23;-;-; 56.75; 11.0;-; 74.1; 73.9; 623.4; 312.5; 310.9;2086; 28.6; 14.2; 14.2;1608; 27.2;B;0;-;On;On;Off; 33.8; 33.3;0;87;1504;87;1504;87;1318;1;-
2026/04/28;14:21:23;-;-; 56.75; 11.5;-; 74.1; 73.7; 654.4; 326.8; 327.6;2086; 22.1; 10.9; 10.9;1237; 27.2;B;0;-;On;On;Off; 33.8; 33.2;0;87;1504;87;1504;87;1318;1;-
2026/04/28;14:22:23;-;-; 57.03; 11.6;-; 74.5; 74.2; 662.9; 333.0; 329.9;2086; 21.6; 10.8; 10.8;1203; 27.3;B;0;-;On;On;Off; 33.8; 33.3;0;87;1504;87;1504;87;1318;1;-
2026/04/28;14:23:23;-;-; 57.27; 12.8;-; 75.9; 76.3; 736.7; 363.7; 373.0;2086; 25.4; 12.6; 12.6;1424; 27.3;B;0;-;On;On;Off; 33.9; 33.3;0;87;1504;87;1504;87;1318;1;-
2026/04/28;14:24:23;-;-; 56.22; 7.7;-; 73.5; 73.5; 435.3; 220.2; 215.0;2086; 24.2; 12.0; 12.0;1356; 27.3;B;0;-;On;On;Off; 33.7; 33.2;0;87;1504;87;1504;88;1319;1;-
2026/04/28;14:25:23;-;-; 56.01; 7.9;-; 73.2; 72.8; 443.5; 222.5; 221.0;2086; 15.5; 7.8; 7.8;861; 27.3;B;0;-;On;On;Off; 33.7; 33.1;0;88;1505;88;1505;88;1319;1;-
2026/04/28;14:26:23;-;-; 55.99; 8.2;-; 72.9; 72.9; 457.5; 229.1; 228.3;2086; 15.3; 7.7; 7.7;841; 27.3;B;0;-;On;On;Off; 33.6; 33.1;0;88;1505;88;1505;88;1319;1;-
2026/04/28;14:27:23;-;-; 55.99; 8.0;-; 73.1; 73.0; 447.7; 224.6; 223.1;2086; 15.8; 8.0; 8.0;871; 27.3;B;0;-;On;On;Off; 33.6; 33.1;0;88;1505;88;1505;88;1319;1;-
2026/04/28;14:28:23;-;-; 55.95; 7.2;-; 73.0; 73.0; 401.7; 202.0; 199.7;2086; 15.8; 8.0; 8.0;870; 27.3;B;0;-;On;On;Off; 33.6; 33.0;0;88;1505;88;1505;88;1319;1;-
2026/04/28;14:29:22;-;-; 55.73; 6.4;-; 72.8; 72.5; 357.4; 179.5; 178.0;2086; 15.8; 8.0; 8.0;872; 27.4;B;0;-;On;On;Off; 33.5; 33.0;0;88;1505;88;1505;88;1319;1;-
2026/04/28;14:30:22;-;-; 55.55; 6.1;-; 72.5; 72.4; 339.9; 171.5; 168.4;2086; 12.9; 6.5; 6.5;706; 27.3;B;0;-;On;On;Off; 33.5; 33.0;0;88;1505;88;1505;88;1319;1;-
2026/04/28;14:31:22;-;-; 55.51; 6.2;-; 72.5; 72.2; 344.9; 173.6; 171.3;2086; 12.0; 6.1; 6.1;655; 27.4;B;0;-;On;On;Off; 33.4; 32.9;0;88;1505;88;1505;88;1319;1;-
2026/04/28;14:32:22;-;-; 55.57; 6.6;-; 72.5; 72.3; 367.6; 184.1; 183.4;2086; 11.9; 6.1; 6.1;650; 27.3;B;0;-;On;On;Off; 33.4; 32.9;0;88;1505;88;1505;88;1319;1;-
2026/04/28;14:33:22;-;-; 55.71; 7.0;-; 72.6; 72.5; 390.3; 195.9; 194.4;2086; 12.6; 6.4; 6.4;685; 27.4;B;0;-;On;On;Off; 33.4; 32.9;0;88;1505;88;1505;89;1320;1;-
2026/04/28;14:34:22;-;-; 55.85; 7.3;-; 72.9; 72.7; 408.4; 204.6; 203.8;2086; 13.4; 6.8; 6.8;732; 27.4;B;0;-;On;On;Off; 33.3; 32.8;0;89;1506;89;1506;89;1320;1;-
2026/04/28;14:35:22;-;-; 56.01; 7.6;-; 73.2; 72.9; 426.1; 212.7; 213.4;2086; 14.1; 7.1; 7.1;770; 27.4;B;0;-;On;On;Off; 33.3; 32.8;0;89;1506;89;1506;89;1320;1;-
2026/04/28;14:36:22;-;-; 56.08; 7.5;-; 73.2; 73.0; 423.8; 212.3; 211.5;2086; 14.6; 7.4; 7.4;805; 27.4;B;0;-;On;On;Off; 33.3; 32.8;0;89;1506;89;1506;89;1320;1;-
2026/04/28;14:37:22;-;-; 56.12; 7.0;-; 74.5; 73.2; 394.7; 181.5; 213.2;2086; 14.7; 7.5; 7.5;812; 27.4;B;0;-;On;On;Off; 33.3; 32.7;0;89;1506;89;1506;89;1320;1;-
2026/04/28;14:38:22;-;-; 56.26; 7.8;-; 73.4; 73.3; 437.2; 217.5; 219.7;2086; 14.7; 7.5; 7.5;813; 27.4;B;0;-;On;On;Off; 33.2; 32.7;0;89;1506;89;1506;89;1320;1;-
2026/04/28;14:39:22;-;-; 56.44; 8.2;-; 73.7; 73.4; 463.6; 229.5; 234.1;2086; 15.0; 7.6; 7.6;831; 27.4;B;0;-;On;On;Off; 33.2; 32.7;0;89;1506;89;1506;89;1320;1;-
2026/04/28;14:40:22;-;-; 56.72; 8.8;-; 74.1; 73.9; 499.4; 248.2; 251.2;2086; 15.7; 8.0; 8.0;870; 27.4;B;0;-;On;On;Off; 33.2; 32.7;0;89;1506;89;1506;89;1320;1;-
2026/04/28;14:41:22;-;-; 57.09; 9.3;-; 74.3; 74.4; 532.9; 265.7; 267.2;2086; 16.8; 8.5; 8.5;934; 27.4;B;0;-;On;On;Off; 33.2; 32.7;0;89;1506;89;1506;90;1321;1;-
2026/04/28;14:42:22;-;-; 57.09; 9.0;-; 74.4; 74.4; 511.8; 255.9; 255.9;2086; 18.4; 9.3; 9.3;1030; 27.4;B;0;-;On;On;Off; 33.2; 32.7;0;90;1507;90;1507;90;1321;1;-
2026/04/28;14:43:21;-;-; 57.01; 8.5;-; 74.4; 74.1; 482.9; 239.5; 243.3;2086; 17.8; 9.0; 9.0;1000; 27.4;B;0;-;On;On;Off; 33.2; 32.7;0;90;1507;90;1507;90;1321;1;-
2026/04/28;14:44:21;-;-; 57.03; 8.4;-; 74.5; 74.2; 479.8; 239.5; 240.3;2086; 16.8; 8.4; 8.4;940; 27.4;B;0;-;On;On;Off; 33.2; 32.7;0;90;1507;90;1507;90;1321;1;-
2026/04/28;14:45:21;-;-; 57.03; 8.6;-; 74.4; 74.3; 489.9; 241.9; 248.0;2086; 16.5; 8.3; 8.3;921; 27.4;B;0;-;On;On;Off; 33.1; 32.6;0;90;1507;90;1507;90;1321;1;-
2026/04/28;14:46:21;-;-; 57.19; 8.6;-; 74.6; 74.3; 494.3; 244.1; 250.2;2086; 16.6; 8.4; 8.4;930; 27.4;B;0;-;On;On;Off; 33.2; 32.6;0;90;1507;90;1507;90;1321;1;-
2026/04/28;14:47:21;-;-; 57.23; 8.6;-; 74.7; 74.6; 493.1; 243.5; 249.7;2086; 16.8; 8.5; 8.5;946; 27.4;B;0;-;On;On;Off; 33.2; 32.6;0;90;1507;90;1507;90;1321;1;-
2026/04/28;14:48:21;-;-; 57.25; 8.4;-; 75.0; 75.0; 481.8; 241.3; 240.5;2086; 16.7; 8.4; 8.4;938; 27.4;B;0;-;On;On;Off; 33.2; 32.6;0;90;1507;90;1507;91;1322;1;-
2026/04/28;14:49:21;-;-; 57.25; 8.1;-; 75.4; 76.0; 466.4; 230.5; 235.9;2086; 16.4; 8.3; 8.3;920; 27.4;B;0;-;On;On;Off; 33.2; 32.7;0;91;1508;91;1508;91;1322;1;-
2026/04/28;14:50:21;-;-; 57.25; 8.0;-; 78.5; 74.7; 459.5; 89.1; 370.3;2086; 16.1; 8.1; 8.1;908; 27.4;B;0;-;On;On;Off; 33.2; 32.7;0;91;1508;91;1508;91;1322;1;-
2026/04/28;14:51:21;-;-; 57.25; 7.7;-; 76.8; 75.3; 441.6; 202.0; 239.6;2086; 15.8; 8.0; 8.0;888; 27.4;B;0;-;On;On;Off; 33.2; 32.7;0;91;1508;91;1508;91;1322;1;-
2026/04/28;14:52:21;-;-; 57.25; 7.7;-; 75.0; 75.1; 441.0; 224.3; 216.7;2086; 15.5; 7.8; 7.8;870; 27.4;B;0;-;On;On;Off; 33.2; 32.7;0;91;1508;91;1508;91;1322;1;-
2026/04/28;14:53:21;-;-; 57.23; 7.4;-; 74.7; 74.6; 426.4; 212.1; 214.4;2086; 15.2; 7.7; 7.7;853; 27.4;B;0;-;On;On;Off; 33.2; 32.6;0;91;1508;91;1508;91;1322;1;-
2026/04/28;14:54:21;-;-; 57.09; 7.2;-; 74.4; 74.4; 409.8; 206.0; 203.8;2086; 14.9; 7.5; 7.5;836; 27.4;B;0;-;On;On;Off; 33.1; 32.6;0;91;1508;91;1508;91;1322;1;-
2026/04/28;14:55:21;-;-; 57.01; 6.7;-; 74.4; 74.1; 383.1; 191.9; 191.2;2086; 14.1; 7.1; 7.1;789; 27.4;B;0;-;On;On;Off; 33.1; 32.6;0;91;1508;91;1508;92;1323;1;-
2026/04/28;14:56:21;-;-; 56.75; 5.8;-; 74.5; 74.0; 330.6; 151.6; 179.0;2086; 13.3; 6.7; 6.7;745; 27.4;B;0;-;On;On;Off; 33.1; 32.6;0;91;1508;91;1508;92;1323;1;-
2026/04/28;14:57:21;-;-; 56.62; 5.9;-; 73.9; 73.8; 332.8; 168.7; 164.1;2086; 12.4; 6.3; 6.3;691; 27.4;B;0;-;On;On;Off; 33.1; 32.6;0;92;1509;92;1509;92;1323;1;-
2026/04/28;14:58:20;-;-; 56.48; 5.5;-; 73.8; 73.5; 308.5; 154.6; 153.9;2087; 11.6; 5.9; 5.9;645; 27.4;B;0;-;On;On;Off; 33.1; 32.6;0;92;1509;92;1509;92;1323;1;-
2026/04/28;14:59:20;-;-; 56.32; 5.1;-; 73.6; 73.3; 286.4; 143.6; 142.8;2087; 10.7; 5.5; 5.5;596; 27.4;B;0;-;On;On;Off; 33.1; 32.6;0;92;1509;92;1509;92;1323;1;-
2026/04/28;15:00:20;-;-; 56.18; 4.8;-; 73.3; 73.2; 270.6; 135.7; 134.9;2087; 10.0; 5.1; 5.1;552; 27.5;B;0;-;On;On;Off; 33.1; 32.6;0;92;1509;92;1509;92;1323;1;-
2026/04/28;15:01:20;-;-; 56.08; 4.7;-; 73.1; 73.0; 263.3; 132.4; 130.9;2087; 9.4; 4.8; 4.8;516; 27.5;B;0;-;On;On;Off; 33.1; 32.5;0;92;1509;92;1509;92;1323;1;-
2026/04/28;15:02:20;-;-; 56.10; 4.8;-; 73.4; 73.0; 268.7; 134.7; 134.0;2087; 8.9; 4.6; 4.6;491; 27.4;B;0;-;On;On;Off; 33.0; 32.5;0;92;1509;92;1509;92;1323;1;-
2026/04/28;15:03:20;-;-; 56.20; 5.1;-; 73.3; 73.2; 286.5; 144.0; 142.5;2087; 9.0; 4.7; 4.7;496; 27.5;B;0;-;On;On;Off; 33.0; 32.5;0;92;1509;92;1509;92;1323;1;-
2026/04/28;15:04:20;-;-; 56.44; 5.5;-; 73.5; 73.4; 312.1; 155.3; 156.8;2087; 9.4; 4.9; 4.9;521; 27.5;B;0;-;On;On;Off; 33.0; 32.5;0;92;1509;92;1509;92;1323;1;-
2026/04/28;15:05:20;-;-; 56.72; 5.9;-; 74.1; 73.8; 332.5; 165.9; 166.6;2087; 10.2; 5.3; 5.3;567; 27.5;B;0;-;On;On;Off; 33.0; 32.5;0;92;1509;92;1509;92;1323;1;-
2026/04/28;15:06:20;-;-; 57.05; 6.0;-; 74.3; 74.1; 343.7; 171.4; 172.2;2087; 10.9; 5.6; 5.6;607; 27.5;B;0;-;On;On;Off; 33.0; 32.5;0;92;1509;92;1509;92;1323;1;-
2026/04/28;15:07:20;-;-; 57.25; 6.0;-; 74.8; 74.5; 343.3; 169.0; 174.3;2087; 11.5; 5.9; 5.9;645; 27.5;B;0;-;On;On;Off; 33.0; 32.5;0;92;1509;92;1509;93;1324;1;-
2026/04/28;15:08:20;-;-; 57.23; 5.7;-; 74.7; 75.7; 327.2; 183.6; 143.6;2087; 11.7; 6.0; 6.0;658; 27.5;B;0;-;On;On;Off; 33.0; 32.5;0;93;1510;93;1510;93;1324;1;-
2026/04/28;15:09:20;-;-; 57.25; 5.7;-; 75.4; 75.7; 324.2; 172.1; 152.1;2087; 11.4; 5.8; 5.8;643; 27.5;B;0;-;On;On;Off; 33.0; 32.5;0;93;1510;93;1510;93;1324;1;-
2026/04/28;15:10:20;-;-; 57.25; 5.5;-; 75.7; 76.1; 315.8; 179.8; 136.0;2087; 11.1; 5.7; 5.7;623; 27.5;B;0;-;On;On;Off; 33.0; 32.5;0;93;1510;93;1510;93;1324;1;-
2026/04/28;15:11:20;-;-; 57.25; 5.4;-; 74.7; 77.2; 311.9; 218.2; 93.7;2087; 10.8; 5.5; 5.5;607; 27.5;B;0;-;On;On;Off; 33.0; 32.5;0;93;1510;93;1510;93;1324;1;-
2026/04/28;15:12:20;-;-; 57.25; 5.3;-; 75.6; 77.3; 305.8; 212.1; 93.7;2087; 10.5; 5.4; 5.4;591; 27.5;B;0;-;On;On;Off; 33.1; 32.5;0;93;1510;93;1510;93;1324;1;-
2026/04/28;15:13:19;-;-; 57.23; 5.1;-; 76.7; 77.6; 292.6; 186.6; 106.0;2087; 10.3; 5.3; 5.3;578; 27.5;B;0;-;On;On;Off; 33.1; 32.6;0;93;1510;93;1510;93;1324;1;-
2026/04/28;15:14:19;-;-; 57.23; 5.0;-; 75.8; 78.2; 287.1; 243.4; 43.7;2087; 10.1; 5.2; 5.2;565; 27.5;B;0;-;On;On;Off; 33.1; 32.6;0;93;1510;93;1510;93;1324;1;-
2026/04/28;15:15:19;-;-; 57.23; 5.0;-; 77.5; 76.8; 285.0; 121.4; 163.6;2087; 9.8; 5.1; 5.1;552; 27.5;B;0;-;On;On;Off; 33.1; 32.6;0;93;1510;93;1510;93;1324;1;-
2026/04/28;15:16:19;-;-; 57.23; 4.8;-; 75.7; 78.3; 277.1; 237.3; 39.9;2087; 9.6; 4.9; 4.9;540; 27.5;B;0;-;On;On;Off; 33.1; 32.6;0;93;1510;93;1510;93;1324;1;-
2026/04/28;15:17:19;-;-; 57.23; 4.7;-; 76.6; 77.2; 268.8; 154.4; 114.4;2087; 9.4; 4.8; 4.8;529; 27.5;B;0;-;On;On;Off; 33.1; 32.6;0;93;1510;93;1510;93;1324;1;-
2026/04/28;15:18:19;-;-; 57.21; 4.6;-; 78.0; 76.4; 263.5; 76.8; 186.7;2087; 9.2; 4.8; 4.8;518; 27.5;B;0;-;On;On;Off; 33.1; 32.6;0;93;1510;93;1510;94;1325;1;-
2026/04/28;15:19:19;-;-; 57.23; 4.7;-; 75.6; 78.5; 271.9; 271.9; 0.0;2087; 9.0; 4.7; 4.7;507; 27.5;B;0;-;On;On;Off; 33.1; 32.6;0;94;1511;94;1511;94;1325;1;-
2026/04/28;15:20:19;-;-; 57.25; 4.4;-; 79.2; 77.9; 252.6; 36.8; 215.8;2087; 8.8; 4.6; 4.6;496; 27.6;B;0;-;On;On;Off; 33.1; 32.6;0;94;1511;94;1511;94;1325;1;-
2026/04/28;15:21:19;-;-; 57.23; 4.4;-; 75.8; 75.7; 252.6; 101.4; 151.3;2087; 8.6; 4.5; 4.5;486; 27.6;B;0;-;On;On;Off; 33.1; 32.6;0;94;1511;94;1511;94;1325;1;-
2026/04/28;15:22:19;-;-; 57.23; 4.2;-; 76.9; 77.7; 241.9; 145.2; 96.8;2087; 8.4; 4.4; 4.4;474; 27.6;B;0;-;On;On;Off; 33.1; 32.5;0;94;1511;94;1511;94;1325;1;-
2026/04/28;15:23:19;-;-; 57.23; 4.1;-; 79.5; 79.5; 234.2; 162.8; 71.4;2087; 8.3; 4.3; 4.3;465; 27.6;B;0;-;On;On;Off; 33.1; 32.6;0;94;1511;94;1511;94;1325;1;-
2026/04/28;15:24:19;-;-; 57.23; 4.0;-; 79.2; 78.7; 231.1; 141.3; 89.8;2087; 8.1; 4.2; 4.2;454; 27.6;B;0;-;On;On;Off; 33.1; 32.7;0;94;1511;94;1511;94;1325;1;-
2026/04/28;15:25:19;-;-; 57.23; 4.0;-; 77.4; 79.1; 231.9; 231.9; 0.0;2087; 7.9; 4.1; 4.1;443; 27.6;B;0;-;On;On;Off; 33.2; 32.6;0;94;1511;94;1511;94;1325;1;-
2026/04/28;15:26:19;-;-; 57.17; 3.8;-; 74.6; 74.5; 219.3; 110.4; 108.9;2087; 7.7; 4.0; 4.0;434; 27.6;B;0;-;On;On;Off; 33.1; 32.6;0;94;1511;94;1511;94;1325;1;-
2026/04/28;15:27:19;-;-; 56.95; 1.6;-; 76.0; 75.7; 90.1; 45.1; 45.1;2087; 7.5; 3.9; 3.9;421; 27.6;B;0;-;On;On;Off; 33.0; 32.5;0;94;1511;94;1511;94;1325;1;-
2026/04/28;15:28:18;-;-; 57.25; 3.9;-; 75.8; 75.5; 221.9; 82.9; 139.0;2087; 7.3; 3.8; 3.8;407; 27.6;B;0;-;On;On;Off; 33.0; 32.5;0;94;1511;94;1511;94;1325;1;-
2026/04/28;15:29:18;-;-; 57.25; 3.7;-; 77.8; 74.9; 212.7; 23.8; 188.9;2087; 7.2; 3.8; 3.8;406; 27.7;B;0;-;On;On;Off; 33.0; 32.5;0;94;1511;94;1511;94;1325;1;-
2026/04/28;15:30:18;-;-; 57.25; 3.6;-; 78.6; 77.0; 207.3; 0.0; 207.3;2087; 7.1; 3.7; 3.7;398; 27.7;B;0;-;On;On;Off; 33.1; 32.6;0;94;1511;94;1511;94;1325;1;-
2026/04/28;15:31:18;-;-; 57.23; 3.6;-; 75.6; 76.6; 207.4; 108.3; 99.1;2087; 6.9; 3.6; 3.6;388; 27.7;B;0;-;On;On;Off; 33.0; 32.5;0;94;1511;94;1511;94;1325;1;-
2026/04/28;15:32:18;-;-; 57.23; 3.4;-; 76.7; 77.2; 196.5; 102.9; 93.6;2087; 6.7; 3.6; 3.6;379; 27.7;B;0;-;On;On;Off; 33.0; 32.5;0;94;1511;94;1511;95;1326;1;-
2026/04/28;15:33:18;-;-; 57.23; 3.4;-; 77.8; 77.9; 192.8; 113.7; 79.1;2087; 6.6; 3.5; 3.5;372; 27.7;B;0;-;On;On;Off; 33.1; 32.5;0;94;1511;94;1511;95;1326;1;-
2026/04/28;15:34:18;-;-; 57.23; 3.3;-; 76.3; 77.6; 189.7; 175.9; 13.8;2087; 6.5; 3.4; 3.4;362; 27.7;B;0;-;On;On;Off; 33.1; 32.6;0;95;1512;95;1512;95;1326;1;-
2026/04/28;15:35:18;-;-; 57.23; 3.3;-; 75.2; 75.0; 186.5; 89.8; 96.7;2087; 6.3; 3.3; 3.3;353; 27.7;B;0;-;On;On;Off; 33.0; 32.5;0;95;1512;95;1512;95;1326;1;-
2026/04/28;15:36:18;-;-; 56.95; 3.2;-; 74.3; 74.2; 181.8; 93.2; 88.6;2087; 6.2; 3.3; 3.3;346; 27.7;B;0;-;On;On;Off; 33.0; 32.5;0;95;1512;95;1512;95;1326;1;-
2026/04/28;15:37:18;-;-; 56.91; 3.1;-; 74.3; 74.1; 177.9; 93.1; 84.7;2087; 5.8; 3.1; 3.1;327; 27.7;B;0;-;On;On;Off; 33.0; 32.5;0;95;1512;95;1512;95;1326;1;-
2026/04/28;15:38:18;-;-; 56.87; 3.2;-; 74.3; 74.3; 180.1; 93.1; 87.0;2087; 5.6; 3.0; 3.0;310; 27.7;B;0;-;On;On;Off; 33.0; 32.4;0;95;1512;95;1512;95;1326;1;-
2026/04/28;15:39:18;-;-; 57.17; 3.4;-; 74.6; 74.4; 194.0; 101.2; 92.8;2087; 5.6; 3.0; 3.0;311; 27.7;B;0;-;On;On;Off; 33.0; 32.5;0;95;1512;95;1512;95;1326;1;-
2026/04/28;15:40:18;-;-; 57.11; 1.7;-; 75.6; 75.7; 94.9; 66.6; 28.3;2087; 5.6; 3.0; 3.0;312; 27.7;B;0;-;On;On;Off; 33.0; 32.4;0;95;1512;95;1512;95;1326;1;-
2026/04/28;15:41:18;-;-; 57.05; 2.9;-; 74.5; 74.3; 166.8; 85.0; 81.9;2087; 5.4; 2.9; 2.9;304; 27.7;B;0;-;On;On;Off; 32.9; 32.4;0;95;1512;95;1512;95;1326;1;-
2026/04/28;15:42:17;-;-; 56.91; 2.8;-; 74.3; 74.1; 159.6; 81.0; 78.7;2087; 5.3; 2.8; 2.8;295; 27.6;B;0;-;On;On;Off; 32.9; 32.4;0;95;1512;95;1512;95;1326;1;-
2026/04/28;15:43:17;-;-; 56.81; 2.7;-; 74.2; 74.0; 154.7; 78.5; 76.2;2087; 5.1; 2.7; 2.7;282; 27.6;B;0;-;On;On;Off; 32.9; 32.4;0;95;1512;95;1512;95;1326;1;-
2026/04/28;15:44:17;-;-; 56.81; 2.7;-; 74.2; 73.8; 153.2; 77.7; 75.5;2087; 4.9; 2.6; 2.6;272; 27.6;B;0;-;On;On;Off; 32.9; 32.4;0;95;1512;95;1512;95;1326;1;-
2026/04/28;15:45:17;-;-; 56.95; 2.7;-; 74.3; 74.1; 151.2; 77.1; 74.1;2087; 4.8; 2.6; 2.6;267; 27.6;B;0;-;On;On;Off; 32.9; 32.4;0;95;1512;95;1512;95;1326;1;-
2026/04/28;15:46:17;-;-; 57.09; 2.7;-; 74.5; 74.3; 152.4; 77.3; 75.0;2087; 4.8; 2.6; 2.6;266; 27.6;B;0;-;On;On;Off; 32.9; 32.4;0;95;1512;95;1512;95;1326;1;-
2026/04/28;15:47:17;-;-; 57.23; 2.5;-; 75.1; 74.5; 142.8; 68.3; 74.4;2087; 4.7; 2.6; 2.6;265; 27.6;B;0;-;On;On;Off; 32.9; 32.4;0;95;1512;95;1512;95;1326;1;-
2026/04/28;15:48:17;-;-; 57.23; 2.4;-; 74.7; 75.6; 135.9; 79.1; 56.8;2087; 4.7; 2.5; 2.5;262; 27.6;B;0;-;On;On;Off; 32.9; 32.4;0;95;1512;95;1512;95;1326;1;-
2026/04/28;15:49:17;-;-; 57.23; 2.4;-; 74.7; 76.2; 135.9; 75.2; 60.6;2087; 4.5; 2.5; 2.5;253; 27.6;B;0;-;On;On;Off; 32.9; 32.4;0;95;1512;95;1512;95;1326;1;-
2026/04/28;15:50:17;-;-; 57.23; 2.3;-; 74.7; 76.8; 134.4; 103.7; 30.7;2087; 4.4; 2.4; 2.4;249; 27.6;B;0;-;On;On;Off; 32.9; 32.4;0;95;1512;95;1512;95;1326;1;-
2026/04/28;15:51:17;-;-; 57.23; 2.2;-; 75.8; 76.7; 127.4; 89.8; 37.6;2087; 4.3; 2.4; 2.4;243; 27.6;B;0;-;On;On;Off; 32.9; 32.4;0;95;1512;95;1512;95;1326;1;-
2026/04/28;15:52:17;-;-; 57.23; 2.4;-; 76.7; 75.4; 139.0; 33.8; 105.2;2087; 4.2; 2.3; 2.3;238; 27.6;B;0;-;On;On;Off; 32.9; 32.4;0;95;1512;95;1512;95;1326;1;-
2026/04/28;15:53:17;-;-; 57.23; 2.2;-; 76.2; 76.7; 126.6; 96.7; 29.9;2087; 4.2; 2.3; 2.3;233; 27.6;B;0;-;On;On;Off; 32.9; 32.4;0;95;1512;95;1512;95;1326;1;-
2026/04/28;15:54:17;-;-; 57.23; 2.3;-; 76.7; 76.0; 129.0; 28.4; 100.6;2087; 4.1; 2.2; 2.2;228; 27.6;B;0;-;On;On;Off; 32.9; 32.4;0;95;1512;95;1512;96;1327;1;-
2026/04/28;15:55:17;-;-; 57.23; 2.2;-; 76.8; 75.9; 124.4; 19.2; 105.2;2087; 4.0; 2.2; 2.2;224; 27.6;B;0;-;On;On;Off; 32.9; 32.4;0;95;1512;95;1512;96;1327;1;-
2026/04/28;15:56:17;-;-; 57.23; 2.2;-; 76.4; 76.5; 128.2; 57.6; 70.6;2087; 3.9; 2.2; 2.2;218; 27.6;B;0;-;On;On;Off; 32.9; 32.4;0;95;1512;95;1512;96;1327;1;-
2026/04/28;15:57:16;-;-; 57.23; 2.3;-; 74.9; 78.3; 132.1; 132.1; 0.0;2087; 3.8; 2.1; 2.1;214; 27.6;B;0;-;On;On;Off; 32.9; 32.4;0;96;1513;96;1513;96;1327;1;-
2026/04/28;15:58:16;-;-; 57.23; 2.2;-; 77.5; 77.2; 124.4; 46.8; 77.6;2088; 3.8; 2.1; 2.1;211; 27.6;B;0;-;On;On;Off; 32.9; 32.4;0;96;1513;96;1513;96;1327;1;-
2026/04/28;15:59:16;-;-; 57.23; 2.0;-; 78.2; 77.2; 114.4; 56.8; 57.6;2088; 3.7; 2.1; 2.1;206; 27.6;B;0;-;On;On;Off; 32.9; 32.5;0;96;1513;96;1513;96;1327;1;-
2026/04/28;16:00:16;-;-; 57.23; 2.3;-; 76.9; 79.0; 131.3; 131.3; 0.0;2088; 3.6; 2.0; 2.0;202; 27.6;B;0;-;On;On;Off; 33.0; 32.4;0;96;1513;96;1513;96;1327;1;-
2026/04/28;16:01:16;-;-; 57.25; 2.0;-; 78.1; 79.6; 112.9; 79.9; 33.0;2088; 3.5; 2.0; 2.0;198; 27.6;B;0;-;On;On;Off; 32.9; 32.5;0;96;1513;96;1513;96;1327;1;-
2026/04/28;16:02:16;-;-; 57.23; 1.8;-; 79.9; 79.0; 105.9; 0.7; 105.2;2088; 3.5; 1.9; 1.9;194; 27.6;B;0;-;On;On;Off; 33.0; 32.5;0;96;1513;96;1513;96;1327;1;-
2026/04/28;16:03:16;-;-; 57.23; 2.0;-; 77.0; 78.3; 112.1; 92.2; 19.9;2088; 3.4; 1.9; 1.9;190; 27.6;B;0;-;On;On;Off; 32.9; 32.5;0;96;1513;96;1513;96;1327;1;-
2026/04/28;16:04:16;-;-; 57.23; 1.8;-; 77.1; 77.8; 102.9; 96.7; 6.1;2088; 3.3; 1.9; 1.9;187; 27.6;B;0;-;On;On;Off; 33.0; 32.5;0;96;1513;96;1513;96;1327;1;-
2026/04/28;16:05:16;-;-; 57.23; 1.9;-; 76.7; 77.2; 111.3; 82.1; 29.2;2088; 3.3; 1.9; 1.9;183; 27.5;B;0;-;On;On;Off; 32.9; 32.5;0;96;1513;96;1513;96;1327;1;-
2026/04/28;16:06:16;-;-; 57.23; 1.7;-; 76.6; 76.9; 98.2; 43.7; 54.5;2088; 3.2; 1.8; 1.8;180; 27.5;B;0;-;On;On;Off; 32.9; 32.4;0;96;1513;96;1513;96;1327;1;-
2026/04/28;16:07:16;-;-; 57.25; 2.0;-; 77.6; 74.7; 116.7; 0.0; 116.7;2088; 3.1; 1.8; 1.8;177; 27.5;B;0;-;On;On;Off; 32.9; 32.4;0;96;1513;96;1513;96;1327;1;-
2026/04/28;16:08:16;-;-; 57.25; 1.8;-; 76.3; 75.4; 103.6; 22.2; 81.4;2088; 3.1; 1.8; 1.8;173; 27.5;B;0;-;On;On;Off; 32.9; 32.4;0;96;1513;96;1513;96;1327;1;-
2026/04/28;16:09:16;-;-; 57.23; 1.7;-; 76.9; 78.1; 99.0; 93.7; 5.3;2088; 3.0; 1.7; 1.7;170; 27.5;B;0;-;On;On;Off; 32.9; 32.4;0;96;1513;96;1513;96;1327;1;-
2026/04/28;16:10:16;-;-; 57.25; 1.6;-; 75.7; 75.5; 91.4; 36.9; 54.5;2088; 3.0; 1.7; 1.7;167; 27.5;B;0;-;On;On;Off; 32.9; 32.4;0;96;1513;96;1513;96;1327;1;-
2026/04/28;16:11:16;-;-; 57.25; 1.7;-; 74.9; 75.6; 97.5; 62.2; 35.3;2088; 2.9; 1.7; 1.7;164; 27.5;B;0;-;On;On;Off; 32.9; 32.4;0;96;1513;96;1513;96;1327;1;-
2026/04/28;16:12:15;-;-; 57.25; 1.6;-; 75.6; 75.4; 92.9; 42.2; 50.7;2088; 2.9; 1.7; 1.7;162; 27.5;B;0;-;On;On;Off; 32.9; 32.3;0;96;1513;96;1513;96;1327;1;-
2026/04/28;16:13:15;-;-; 57.25; 1.6;-; 76.5; 74.7; 91.4; 30.7; 60.7;2088; 2.8; 1.6; 1.6;159; 27.5;B;0;-;On;On;Off; 32.9; 32.3;0;96;1513;96;1513;96;1327;1;-
2026/04/28;16:14:15;-;-; 57.25; 1.7;-; 76.9; 74.7; 97.5; 4.6; 93.0;2088; 2.8; 1.6; 1.6;156; 27.5;B;0;-;On;On;Off; 32.9; 32.4;0;96;1513;96;1513;96;1327;1;-
2026/04/28;16:15:15;-;-; 57.27; 1.9;-; 74.9; 77.7; 108.3; 108.3; 0.0;2088; 2.7; 1.6; 1.6;153; 27.5;B;0;-;On;On;Off; 32.9; 32.4;0;96;1513;96;1513;96;1327;1;-
2026/04/28;16:16:15;-;-; 57.25; 2.0;-; 75.0; 77.9; 113.7; 113.7; 0.0;2088; 2.7; 1.6; 1.6;150; 27.4;B;0;-;On;On;Off; 32.9; 32.3;0;96;1513;96;1513;96;1327;1;-
2026/04/28;16:17:15;-;-; 57.27; 1.8;-; 75.4; 77.7; 101.4; 101.4; 0.0;2088; 2.6; 1.5; 1.5;148; 27.4;B;0;-;On;On;Off; 32.9; 32.4;0;96;1513;96;1513;96;1327;1;-
2026/04/28;16:18:15;-;-; 57.27; 1.9;-; 75.5; 78.2; 106.8; 106.8; 0.0;2088; 2.6; 1.5; 1.5;144; 27.4;B;0;-;On;On;Off; 32.9; 32.4;0;96;1513;96;1513;96;1327;1;-
2026/04/28;16:19:15;-;-; 57.27; 1.6;-; 77.2; 76.7; 89.9; 21.5; 68.4;2088; 2.5; 1.5; 1.5;141; 27.4;B;0;-;On;On;Off; 32.9; 32.4;0;96;1513;96;1513;96;1327;1;-
2026/04/28;16:20:15;-;-; 57.27; 1.8;-; 78.1; 76.3; 102.2; 0.0; 102.2;2088; 2.5; 1.5; 1.5;139; 27.4;B;0;-;On;On;Off; 32.9; 32.4;0;96;1513;96;1513;96;1327;1;-
2026/04/28;16:21:15;-;-; 57.25; 1.5;-; 77.0; 77.7; 85.2; 67.6; 17.7;2088; 2.4; 1.4; 1.4;136; 27.4;B;0;-;On;On;Off; 32.9; 32.4;0;96;1513;96;1513;96;1327;1;-
2026/04/28;16:22:15;-;-; 57.25; 1.5;-; 78.3; 76.6; 86.8; 0.0; 86.8;2088; 2.4; 1.4; 1.4;134; 27.4;B;0;-;On;On;Off; 32.9; 32.4;0;96;1513;96;1513;96;1327;1;-
2026/04/28;16:23:15;-;-; 57.27; 1.7;-; 78.5; 77.0; 96.0; 0.0; 96.0;2088; 2.3; 1.4; 1.4;132; 27.4;B;0;-;On;On;Off; 32.9; 32.4;0;96;1513;96;1513;96;1327;1;-
2026/04/28;16:24:15;-;-; 57.25; 1.4;-; 80.2; 80.8; 77.6; 76.8; 0.7;2088; 2.3; 1.4; 1.4;130; 27.5;B;0;-;On;On;Off; 32.9; 32.4;0;96;1513;96;1513;96;1327;1;-
2026/04/28;16:25:15;-;-; 57.25; 1.3;-; 80.1; 79.9; 76.0; 6.1; 69.9;2088; 2.2; 1.3; 1.3;126; 27.5;B;0;-;On;On;Off; 32.9; 32.4;0;96;1513;96;1513;96;1327;1;-
2026/04/28;16:26:15;-;-; 57.25; 1.2;-; 79.5; 79.8; 69.8; 45.3; 24.5;2088; 2.2; 1.3; 1.3;123; 27.5;B;0;-;On;On;Off; 32.9; 32.4;0;96;1513;96;1513;96;1327;1;-
2026/04/28;16:27:14;-;-; 57.25; 1.3;-; 79.6; 79.3; 72.2; 31.5; 40.7;2088; 2.2; 1.3; 1.3;121; 27.5;B;0;-;On;On;Off; 32.9; 32.4;0;96;1513;96;1513;96;1327;1;-
2026/04/28;16:28:14;-;-; 57.25; 1.5;-; 78.6; 79.3; 85.3; 85.3; 0.0;2088; 2.1; 1.3; 1.3;120; 27.5;B;0;-;On;On;Off; 32.9; 32.4;0;96;1513;96;1513;97;1328;1;-
2026/04/28;16:29:14;-;-; 57.27; 1.7;-; 79.2; 78.2; 98.4; 0.0; 98.4;2088; 2.1; 1.3; 1.3;118; 27.5;B;0;-;On;On;Off; 32.9; 32.4;0;96;1513;96;1513;97;1328;1;-
2026/04/28;16:30:14;-;-; 57.25; 1.3;-; 74.9; 75.0; 76.0; 52.2; 23.8;2088; 2.1; 1.3; 1.3;116; 27.5;B;0;-;On;On;Off; 32.9; 32.4;0;96;1513;96;1513;97;1328;1;-
2026/04/28;16:31:14;-;-; 57.27; 1.4;-; 76.3; 76.8; 79.9; 79.9; 0.0;2088; 2.1; 1.3; 1.3;116; 27.5;B;0;-;On;On;Off; 32.9; 32.4;0;96;1513;96;1513;97;1328;1;-
2026/04/28;16:32:14;-;-; 57.23; 1.4;-; 78.3; 79.1; 82.1; 82.1; 0.0;2088; 2.0; 1.3; 1.3;115; 27.5;B;0;-;On;On;Off; 32.9; 32.4;0;96;1513;96;1513;97;1328;1;-
2026/04/28;16:33:14;-;-; 57.23; 1.2;-; 78.3; 78.6; 68.3; 63.7; 4.6;2088; 2.0; 1.2; 1.2;111; 27.5;B;0;-;On;On;Off; 32.9; 32.4;0;96;1513;96;1513;97;1328;1;-
2026/04/28;16:34:14;-;-; 57.23; 1.2;-; 76.3; 74.9; 69.1; 0.0; 69.1;2088; 2.0; 1.2; 1.2;109; 27.5;B;0;-;On;On;Off; 32.9; 32.4;0;96;1513;96;1513;97;1328;1;-
2026/04/28;16:35:14;-;-; 57.23; 1.6;-; 75.4; 76.7; 89.1; 89.1; 0.0;2088; 1.9; 1.2; 1.2;108; 27.5;B;0;-;On;On;Off; 32.9; 32.4;0;97;1514;97;1514;97;1328;1;-
2026/04/28;16:36:14;-;-; 57.23; 1.3;-; 74.2; 74.6; 72.9; 47.6; 25.3;2088; 1.9; 1.2; 1.2;107; 27.5;B;0;-;On;On;Off; 32.8; 32.3;0;97;1514;97;1514;97;1328;1;-
2026/04/28;16:37:14;-;-; 56.83; 0.6;-; 75.5; 74.2; 35.1; 0.0; 35.1;2088; 1.9; 1.2; 1.2;105; 27.5;B;0;-;On;On;Off; 32.8; 32.3;0;97;1514;97;1514;97;1328;1;-
2026/04/28;16:38:14;-;-; 57.05; 1.3;-; 74.3; 74.3; 72.7; 41.3; 31.4;2088; 1.8; 1.2; 1.2;102; 27.5;B;0;-;On;On;Off; 32.8; 32.3;0;97;1514;97;1514;97;1328;1;-
2026/04/28;16:39:14;-;-; 57.11; 0.6;-; 75.6; 74.5; 35.2; 0.0; 35.2;2088; 1.8; 1.2; 1.2;101; 27.4;B;0;-;On;On;Off; 32.8; 32.3;0;97;1514;97;1514;97;1328;1;-
2026/04/28;16:40:14;-;-; 57.03; 1.8;-; 74.3; 74.2; 100.2; 52.0; 48.2;2088; 1.8; 1.2; 1.2;102; 27.4;B;0;-;On;On;Off; 32.8; 32.3;0;97;1514;97;1514;97;1328;1;-
2026/04/28;16:41:14;-;-; 57.01; 1.5;-; 74.8; 74.6; 84.1; 43.6; 40.5;2088; 1.8; 1.2; 1.2;100; 27.4;B;0;-;On;On;Off; 32.8; 32.2;0;97;1514;97;1514;97;1328;1;-
2026/04/28;16:42:13;-;-; 56.89; 1.3;-; 74.2; 75.4; 75.5; 57.3; 18.3;2088; 1.8; 1.1; 1.1;100; 27.4;B;0;-;On;On;Off; 32.8; 32.3;0;97;1514;97;1514;97;1328;1;-
2026/04/28;16:43:13;-;-; 57.25; 1.1;-; 76.3; 74.6; 62.1; 3.0; 59.1;2088; 1.8; 1.1; 1.1;99; 27.4;B;0;-;On;On;Off; 32.8; 32.2;0;97;1514;97;1514;97;1328;1;-
2026/04/28;16:44:13;-;-; 57.25; 1.1;-; 76.0; 75.2; 63.7; 4.6; 59.1;2088; 1.8; 1.1; 1.1;99; 27.4;B;0;-;On;On;Off; 32.8; 32.2;0;97;1514;97;1514;97;1328;1;-
2026/04/28;16:45:13;-;-; 57.27; 1.1;-; 76.9; 74.9; 60.7; 3.8; 56.8;2088; 1.8; 1.1; 1.1;98; 27.4;B;0;-;On;On;Off; 32.8; 32.2;0;97;1514;97;1514;97;1328;1;-
2026/04/28;16:46:13;-;-; 57.25; 1.1;-; 76.0; 76.5; 63.7; 28.4; 35.3;2088; 1.7; 1.1; 1.1;97; 27.4;B;0;-;On;On;Off; 32.8; 32.3;0;97;1514;97;1514;97;1328;1;-
2026/04/28;16:47:13;-;-; 57.25; 1.5;-; 77.7; 75.4; 84.5; 0.0; 84.5;2088; 1.7; 1.1; 1.1;96; 27.4;B;0;-;On;On;Off; 32.8; 32.3;0;97;1514;97;1514;97;1328;1;-
2026/04/28;16:48:13;-;-; 57.25; 1.1;-; 76.4; 77.7; 64.5; 64.5; 0.0;2088; 1.7; 1.1; 1.1;95; 27.4;B;0;-;On;On;Off; 32.8; 32.3;0;97;1514;97;1514;97;1328;1;-
2026/04/28;16:49:13;-;-; 57.27; 1.6;-; 78.7; 77.2; 89.9; 0.0; 89.9;2088; 1.7; 1.1; 1.1;94; 27.3;B;0;-;On;On;Off; 32.8; 32.3;0;97;1514;97;1514;97;1328;1;-
2026/04/28;16:50:13;-;-; 57.27; 1.0;-; 77.6; 78.2; 59.8; 9.2; 50.7;2088; 1.7; 1.1; 1.1;93; 27.3;B;0;-;On;On;Off; 32.9; 32.3;0;97;1514;97;1514;97;1328;1;-
2026/04/28;16:51:13;-;-; 57.25; 1.4;-; 80.7; 79.9; 81.4; 0.0; 81.4;2088; 1.6; 1.1; 1.1;92; 27.3;B;0;-;On;On;Off; 32.9; 32.4;0;97;1514;97;1514;97;1328;1;-
2026/04/28;16:52:13;-;-; 57.25; 1.1;-; 80.0; 79.9; 60.7; 29.9; 30.7;2088; 1.6; 1.0; 1.0;91; 27.3;B;0;-;On;On;Off; 32.9; 32.4;0;97;1514;97;1514;97;1328;1;-
2026/04/28;16:53:13;-;-; 57.25; 1.5;-; 79.2; 80.1; 86.8; 86.8; 0.0;2088; 1.6; 1.0; 1.0;90; 27.3;B;0;-;On;On;Off; 32.9; 32.4;0;97;1514;97;1514;97;1328;1;-
2026/04/28;16:54:13;-;-; 57.25; 1.0;-; 78.7; 78.3; 59.1; 9.2; 49.9;2088; 1.6; 1.0; 1.0;90; 27.3;B;0;-;On;On;Off; 32.9; 32.4;0;97;1514;97;1514;97;1328;1;-
2026/04/28;16:55:13;-;-; 57.25; 1.0;-; 78.8; 78.6; 56.1; 56.1; 0.0;2088; 1.6; 1.0; 1.0;89; 27.3;B;0;-;On;On;Off; 32.9; 32.4;0;97;1514;97;1514;97;1328;1;-
2026/04/28;16:56:13;-;-; 57.25; 1.1;-; 75.2; 75.1; 60.6; 39.9; 20.7;2088; 1.6; 1.0; 1.0;88; 27.3;B;0;-;On;On;Off; 32.9; 32.3;0;97;1514;97;1514;97;1328;1;-
2026/04/28;16:57:12;-;-; 57.25; 1.0;-; 74.7; 75.1; 58.3; 39.9; 18.4;2088; 1.6; 1.0; 1.0;88; 27.3;B;0;-;On;On;Off; 32.8; 32.3;0;97;1514;97;1514;97;1328;1;-
2026/04/28;16:58:12;-;-; 57.23; 0.8;-; 74.7; 75.3; 46.8; 45.3; 1.5;2089; 1.6; 1.0; 1.0;88; 27.3;B;0;-;On;On;Off; 32.8; 32.3;0;97;1514;97;1514;97;1328;1;-
2026/04/28;16:59:12;-;-; 57.09; 1.0;-; 74.5; 75.4; 55.9; 54.4; 1.5;2089; 1.5; 1.0; 1.0;85; 27.3;B;0;-;On;On;Off; 32.5; 30.2;0;97;1514;97;1514;97;1328;1;-
2026/04/28;17:00:12;-;-; 57.21; 1.0;-; 74.7; 75.7; 54.4; 52.9; 1.5;2089; 1.3; 0.8; 0.8;73; 27.3;B;0;-;On;On;Off; 32.3; 29.9;0;97;1514;97;1514;97;1328;1;-
2026/04/28;17:01:12;-;-; 57.31; 0.9;-; 75.1; 75.8; 49.2; 48.4; 0.7;2089; 1.3; 0.8; 0.8;73; 27.3;B;0;-;On;On;Off; 32.1; 29.7;0;97;1514;97;1514;97;1328;1;-
2026/04/28;17:02:12;-;-; 57.29; 0.8;-; 74.9; 76.1; 46.8; 45.3; 1.5;2089; 1.3; 0.8; 0.8;73; 27.3;B;0;-;On;On;Off; 32.0; 29.6;0;97;1514;97;1514;97;1328;1;-
2026/04/28;17:03:12;-;-; 57.31; 0.8;-; 75.6; 76.4; 45.3; 44.6; 0.7;2089; 1.3; 0.8; 0.8;72; 27.2;B;0;-;On;On;Off; 31.9; 29.4;0;97;1514;97;1514;97;1328;1;-
2026/04/28;17:04:12;-;-; 57.31; 0.8;-; 75.7; 76.5; 44.5; 43.0; 1.5;2089; 1.3; 0.8; 0.8;73; 27.2;B;0;-;On;On;Off; 31.8; 29.3;0;97;1514;97;1514;97;1328;1;-
2026/04/28;17:05:12;-;-; 57.29; 0.7;-; 76.7; 76.9; 42.2; 40.7; 1.5;2089; 1.3; 0.8; 0.8;72; 27.2;B;0;-;On;On;Off; 31.7; 29.2;0;97;1514;97;1514;97;1328;1;-
2026/04/28;17:06:12;-;-; 57.31; 0.7;-; 76.7; 77.2; 39.9; 39.2; 0.7;2089; 1.3; 0.8; 0.8;71; 27.3;B;0;-;On;On;Off; 31.6; 29.1;0;97;1514;97;1514;97;1328;1;-
2026/04/28;17:07:12;-;-; 57.31; 0.7;-; 77.4; 77.6; 39.2; 38.4; 0.7;2089; 1.3; 0.8; 0.8;70; 27.2;B;0;-;On;On;Off; 31.5; 29.0;0;97;1514;97;1514;97;1328;1;-
2026/04/28;17:08:12;-;-; 57.31; 0.9;-; 77.1; 77.7; 49.9; 48.4; 1.5;2089; 1.2; 0.8; 0.8;69; 27.2;B;0;-;On;On;Off; 31.4; 28.9;0;97;1514;97;1514;97;1328;1;-
2026/04/28;17:09:12;-;-; 57.31; 0.7;-; 77.3; 77.9; 40.7; 39.9; 0.7;2089; 1.2; 0.8; 0.8;69; 27.2;B;0;-;On;On;Off; 31.4; 28.9;0;97;1514;97;1514;97;1328;1;-
2026/04/28;17:10:12;-;-; 57.31; 0.9;-; 77.2; 78.0; 53.0; 51.5; 1.5;2089; 1.2; 0.8; 0.8;69; 27.3;B;0;-;On;On;Off; 31.3; 28.8;0;97;1514;97;1514;97;1328;1;-
2026/04/28;17:11:11;-;-; 57.29; 0.7;-; 77.7; 78.1; 41.4; 39.9; 1.5;2089; 1.2; 0.7; 0.7;68; 27.3;B;0;-;On;On;Off; 31.2; 28.7;0;97;1514;97;1514;97;1328;1;-
2026/04/28;17:12:11;-;-; 57.29; 0.6;-; 77.5; 78.0; 33.8; 33.0; 0.7;2089; 1.2; 0.7; 0.7;67; 27.3;B;0;-;On;On;Off; 31.1; 28.9;0;97;1514;97;1514;97;1328;1;-
2026/04/28;17:13:11;-;-; 57.25; 0.9;-; 78.7; 79.4; 50.7; 19.9; 30.7;2089; 1.1; 0.7; 0.7;60; 27.3;B;0;-;On;On;Off; 31.3; 30.6;0;97;1514;97;1514;97;1328;1;-
2026/04/28;17:14:11;-;-; 57.27; 0.9;-; 79.8; 79.0; 53.0; 3.0; 49.9;2089; 1.4; 1.0; 1.0;81; 27.3;B;0;-;On;On;Off; 31.5; 30.9;0;97;1514;97;1514;97;1328;1;-
2026/04/28;17:15:11;-;-; 57.25; 0.8;-; 79.3; 79.4; 47.6; 13.8; 33.8;2089; 1.4; 0.9; 0.9;77; 27.3;B;0;-;On;On;Off; 31.6; 31.1;0;97;1514;97;1514;97;1328;1;-
2026/04/28;17:16:11;-;-; 57.25; 0.5;-; 79.6; 79.2; 31.4; 1.5; 29.9;2089; 1.4; 0.9; 0.9;76; 27.3;B;0;-;On;On;Off; 30.9; 31.2;0;97;1514;97;1514;97;1328;1;-
2026/04/28;17:17:11;-;-; 57.29; 0.6;-; 79.7; 79.4; 36.8; 1.5; 35.3;2089; 1.3; 0.8; 0.8;70; 27.3;B;0;-;On;On;Off; 29.5; 31.0;0;97;1514;97;1514;97;1328;1;-
2026/04/28;17:18:11;-;-; 57.29; 0.6;-; 79.3; 79.0; 32.3; 1.5; 30.8;2089; 1.1; 0.7; 0.7;63; 27.3;B;0;-;On;On;Off; 29.3; 30.8;0;97;1514;97;1514;97;1328;1;-
2026/04/28;17:19:11;-;-; 57.29; 0.6;-; 78.9; 78.4; 36.8; 1.5; 35.3;2089; 1.1; 0.7; 0.7;63; 27.3;B;0;-;On;On;Off; 29.2; 30.7;0;97;1514;97;1514;97;1328;1;-
2026/04/28;17:20:11;-;-; 57.31; 0.8;-; 76.7; 75.8; 46.1; 1.5; 44.6;2089; 1.1; 0.7; 0.7;63; 27.3;B;0;-;On;On;Off; 29.1; 30.7;0;97;1514;97;1514;97;1328;1;-
2026/04/28;17:21:11;-;-; 57.31; 0.8;-; 76.0; 75.2; 46.8; 1.5; 45.3;2089; 1.1; 0.7; 0.7;62; 27.2;B;0;-;On;On;Off; 29.0; 30.6;0;97;1514;97;1514;97;1328;1;-
2026/04/28;17:22:11;-;-; 57.29; 0.6;-; 76.2; 76.0; 36.1; 1.5; 34.6;2089; 1.1; 0.7; 0.7;62; 27.2;B;0;-;On;On;Off; 29.0; 30.5;0;97;1514;97;1514;97;1328;1;-
2026/04/28;17:23:11;-;-; 57.29; 0.7;-; 76.7; 76.4; 39.9; 1.5; 38.4;2089; 1.1; 0.7; 0.7;62; 27.2;B;0;-;On;On;Off; 28.9; 30.5;0;97;1514;97;1514;97;1328;1;-
2026/04/28;17:24:11;-;-; 57.29; 0.6;-; 77.0; 76.4; 33.7; 1.5; 32.3;2089; 1.1; 0.7; 0.7;61; 27.2;B;0;-;On;On;Off; 28.8; 30.4;0;97;1514;97;1514;97;1328;1;-
2026/04/28;17:25:11;-;-; 57.29; 0.6;-; 76.9; 76.6; 35.3; 1.5; 33.8;2089; 1.1; 0.7; 0.7;61; 27.2;B;0;-;On;On;Off; 28.8; 30.4;0;97;1514;97;1514;97;1328;1;-
2026/04/28;17:26:10;-;-; 57.31; 0.8;-; 77.0; 76.3; 43.8; 1.5; 42.3;2089; 1.1; 0.7; 0.7;60; 27.2;B;0;-;On;On;Off; 28.7; 30.3;0;97;1514;97;1514;97;1328;1;-
2026/04/28;17:27:10;-;-; 57.29; 0.5;-; 77.1; 76.6; 31.4; 1.5; 29.9;2089; 1.1; 0.7; 0.7;60; 27.1;B;0;-;On;On;Off; 28.7; 30.3;0;97;1514;97;1514;97;1328;1;-
2026/04/28;17:28:10;-;-; 57.31; 0.7;-; 77.1; 76.6; 38.4; 1.5; 36.9;2089; 1.1; 0.7; 0.7;61; 27.1;B;0;-;On;On;Off; 28.6; 30.2;0;97;1514;97;1514;97;1328;1;-
2026/04/28;17:29:10;-;-; 57.31; 0.7;-; 77.1; 76.4; 38.4; 1.5; 36.9;2089; 1.1; 0.7; 0.7;60; 27.1;B;0;-;On;On;Off; 28.6; 30.2;0;97;1514;97;1514;97;1328;1;-
2026/04/28;17:30:10;-;-; 57.31; 0.7;-; 77.3; 76.7; 37.6; 1.5; 36.1;2089; 1.1; 0.7; 0.7;60; 27.1;B;0;-;On;On;Off; 28.5; 30.2;0;97;1514;97;1514;97;1328;1;-
2026/04/28;17:31:10;-;-; 57.29; 0.6;-; 77.1; 76.6; 36.1; 1.5; 34.6;2089; 1.1; 0.7; 0.7;59; 27.1;B;0;-;On;On;Off; 28.5; 30.1;0;97;1514;97;1514;97;1328;1;-
2026/04/28;17:32:10;-;-; 57.29; 0.5;-; 76.7; 76.4; 29.2; 1.5; 27.7;2089; 1.0; 0.7; 0.7;58; 27.0;B;0;-;On;On;Off; 28.5; 30.1;0;97;1514;97;1514;97;1328;1;-
2026/04/28;17:33:10;-;-; 57.29; 0.6;-; 76.6; 75.8; 34.5; 0.7; 33.8;2089; 1.0; 0.7; 0.7;57; 27.1;B;0;-;On;On;Off; 28.4; 30.1;0;97;1514;97;1514;98;1329;1;-
2026/04/28;17:34:10;-;-; 57.29; 0.6;-; 79.6; 79.6; 34.5; 1.5; 33.0;2089; 1.0; 0.7; 0.7;58; 27.1;B;0;-;On;On;Off; 28.4; 30.0;0;97;1514;97;1514;98;1329;1;-
2026/04/28;17:35:10;-;-; 57.31; 0.7;-; 79.5; 78.9; 40.7; 1.5; 39.2;2089; 1.0; 0.7; 0.7;58; 27.0;B;0;-;On;On;Off; 28.4; 30.0;0;97;1514;97;1514;98;1329;1;-
2026/04/28;17:36:10;-;-; 57.29; 0.6;-; 78.2; 78.2; 34.5; 1.5; 33.1;2089; 1.0; 0.6; 0.6;57; 27.0;B;0;-;On;On;Off; 28.3; 30.0;0;97;1514;97;1514;98;1329;1;-
2026/04/28;17:37:10;-;-; 57.29; 0.5;-; 80.0; 79.9; 29.9; 1.5; 28.4;2089; 1.0; 0.6; 0.6;56; 27.0;B;0;-;On;On;Off; 28.3; 30.0;0;97;1514;97;1514;98;1329;1;-
2026/04/28;17:38:10;-;-; 57.31; 0.6;-; 79.6; 79.4; 33.0; 1.5; 31.5;2089; 1.0; 0.6; 0.6;56; 27.0;B;0;-;On;On;Off; 28.3; 30.0;0;97;1514;97;1514;98;1329;1;-
2026/04/28;17:39:10;-;-; 57.29; 0.7;-; 79.0; 78.5; 39.9; 1.5; 38.4;2089; 1.0; 0.6; 0.6;56; 27.0;B;0;-;On;On;Off; 28.3; 30.0;0;97;1514;97;1514;98;1329;1;-
2026/04/28;17:40:10;-;-; 57.31; 0.9;-; 75.9; 74.1; 49.1; 1.5; 47.6;2089; 1.0; 0.6; 0.6;56; 27.0;B;0;-;On;On;Off; 28.2; 29.9;0;97;1514;97;1514;98;1329;1;-
2026/04/28;17:41:09;-;-; 57.31; 0.9;-; 76.0; 74.3; 52.2; 1.5; 50.7;2089; 1.0; 0.6; 0.6;56; 27.0;B;0;-;On;On;Off; 28.2; 29.9;0;97;1514;97;1514;98;1329;1;-
2026/04/28;17:42:09;-;-; 57.31; 0.5;-; 79.5; 79.4; 29.9; 1.5; 28.4;2089; 1.0; 0.6; 0.6;56; 27.0;B;0;-;On;On;Off; 28.2; 29.9;0;97;1514;97;1514;98;1329;1;-
2026/04/28;17:43:09;-;-; 57.31; 0.7;-; 79.2; 78.9; 43.0; 1.5; 41.5;2089; 1.0; 0.6; 0.6;55; 26.9;B;0;-;On;On;Off; 28.2; 29.9;0;97;1514;97;1514;98;1329;1;-
2026/04/28;17:44:09;-;-; 57.31; 0.8;-; 76.7; 76.0; 44.5; 0.7; 43.8;2089; 1.0; 0.6; 0.6;54; 26.9;B;0;-;On;On;Off; 28.2; 29.8;0;97;1514;97;1514;98;1329;1;-
2026/04/28;17:45:09;-;-; 57.31; 0.4;-; 76.5; 76.4; 24.6; 1.5; 23.1;2089; 1.0; 0.6; 0.6;54; 26.9;B;0;-;On;On;Off; 28.1; 29.8;0;98;1515;98;1515;98;1329;1;-
2026/04/28;17:46:09;-;-; 57.31; 0.6;-; 76.5; 76.0; 35.3; 1.5; 33.8;2089; 1.0; 0.6; 0.6;55; 26.9;B;0;-;On;On;Off; 28.1; 29.8;0;98;1515;98;1515;98;1329;1;-
2026/04/28;17:47:09;-;-; 57.31; 0.7;-; 75.9; 75.2; 40.7; 1.5; 39.2;2089; 1.0; 0.6; 0.6;54; 26.9;B;0;-;On;On;Off; 28.1; 29.7;0;98;1515;98;1515;98;1329;1;-
2026/04/28;17:48:09;-;-; 57.31; 0.7;-; 75.6; 74.5; 37.6; 1.5; 36.1;2089; 1.0; 0.6; 0.6;54; 26.9;B;0;-;On;On;Off; 28.1; 29.7;0;98;1515;98;1515;98;1329;1;-
2026/04/28;17:49:09;-;-; 57.31; 0.6;-; 75.4; 74.2; 35.3; 0.7; 34.6;2089; 1.0; 0.6; 0.6;53; 26.9;B;0;-;On;On;Off; 28.1; 29.7;0;98;1515;98;1515;98;1329;1;-
2026/04/28;17:50:09;-;-; 57.31; 0.5;-; 75.1; 74.5; 26.9; 1.5; 25.4;2089; 1.0; 0.6; 0.6;54; 26.9;B;0;-;On;On;Off; 28.0; 29.7;0;98;1515;98;1515;98;1329;1;-
2026/04/28;17:51:09;-;-; 57.31; 0.7;-; 75.1; 72.8; 39.9; 1.5; 38.4;2089; 1.0; 0.6; 0.6;53; 26.9;B;0;-;On;On;Off; 28.0; 29.6;0;98;1515;98;1515;98;1329;1;-
2026/04/28;17:52:09;-;-; 57.33; 0.6;-; 74.9; 73.9; 35.3; 1.5; 33.8;2089; 0.9; 0.6; 0.6;53; 26.9;B;0;-;On;On;Off; 28.0; 29.6;0;98;1515;98;1515;98;1329;1;-
2026/04/28;17:53:09;-;-; 57.31; 0.7;-; 75.2; 73.6; 38.4; 1.5; 36.9;2089; 0.9; 0.6; 0.6;53; 26.9;B;0;-;On;On;Off; 28.0; 29.6;0;98;1515;98;1515;98;1329;1;-
2026/04/28;17:54:09;-;-; 57.31; 0.7;-; 75.3; 73.6; 37.6; 1.5; 36.1;2089; 0.9; 0.6; 0.6;53; 26.9;B;0;-;On;On;Off; 28.0; 29.6;0;98;1515;98;1515;98;1329;1;-
2026/04/28;17:55:09;-;-; 57.31; 0.8;-; 75.7; 74.2; 43.8; 0.7; 43.0;2089; 0.9; 0.6; 0.6;52; 26.8;B;0;-;On;On;Off; 27.9; 29.6;0;98;1515;98;1515;98;1329;1;-
2026/04/28;17:56:08;-;-; 57.31; 0.7;-; 76.0; 74.7; 42.3; 1.5; 40.8;2089; 0.9; 0.6; 0.6;53; 26.9;B;0;-;On;On;Off; 27.9; 29.5;0;98;1515;98;1515;98;1329;1;-
2026/04/28;17:57:08;-;-; 57.31; 0.5;-; 76.3; 76.1; 26.9; 1.5; 25.4;2089; 0.9; 0.6; 0.6;52; 26.8;B;0;-;On;On;Off; 27.9; 29.5;0;98;1515;98;1515;98;1329;1;-
2026/04/28;17:58:08;-;-; 57.31; 0.7;-; 76.7; 75.4; 42.2; 1.5; 40.7;2090; 0.9; 0.6; 0.6;52; 26.8;B;0;-;On;On;Off; 27.9; 29.5;0;98;1515;98;1515;98;1329;1;-
2026/04/28;17:59:08;-;-; 57.31; 0.5;-; 76.8; 76.3; 31.5; 1.5; 30.0;2090; 0.9; 0.6; 0.6;51; 26.8;B;0;-;On;On;Off; 27.9; 29.5;0;98;1515;98;1515;98;1329;1;-
2026/04/28;18:00:08;-;-; 57.31; 0.5;-; 77.4; 77.4; 27.6; 1.5; 26.1;2090; 0.9; 0.6; 0.6;51; 26.8;B;0;-;On;On;Off; 27.9; 29.5;0;98;1515;98;1515;98;1329;1;-
2026/04/28;18:01:08;-;-; 57.33; 0.5;-; 77.3; 76.9; 26.1; 0.7; 25.4;2090; 0.9; 0.6; 0.6;51; 26.8;B;0;-;On;On;Off; 27.9; 29.5;0;98;1515;98;1515;98;1329;1;-
2026/04/28;18:02:08;-;-; 57.33; 0.5;-; 77.5; 77.5; 29.2; 1.5; 27.7;2090; 0.9; 0.6; 0.6;50; 26.8;B;0;-;On;On;Off; 27.9; 29.5;0;98;1515;98;1515;98;1329;1;-
2026/04/28;18:03:08;-;-; 57.33; 0.8;-; 77.5; 76.7; 44.6; 1.5; 43.1;2090; 0.9; 0.6; 0.6;51; 26.8;B;0;-;On;On;Off; 27.8; 29.5;0;98;1515;98;1515;98;1329;1;-
2026/04/28;18:04:08;-;-; 57.33; 0.6;-; 78.5; 77.9; 33.8; 1.5; 32.3;2090; 0.9; 0.6; 0.6;50; 26.8;B;0;-;On;On;Off; 27.8; 29.5;0;98;1515;98;1515;98;1329;1;-
2026/04/28;18:05:08;-;-; 57.31; 0.3;-; 78.5; 78.6; 17.6; 1.5; 16.1;2090; 0.9; 0.6; 0.6;50; 26.7;B;0;-;On;On;Off; 27.8; 29.5;0;98;1515;98;1515;98;1329;1;-
2026/04/28;18:06:08;-;-; 57.31; 0.5;-; 79.3; 79.0; 29.2; 1.5; 27.7;2090; 0.9; 0.6; 0.6;49; 26.7;B;0;-;On;On;Off; 27.8; 29.5;0;98;1515;98;1515;98;1329;1;-
2026/04/28;18:07:08;-;-; 57.31; 0.3;-; 79.1; 79.1; 16.9; 1.5; 15.4;2090; 0.9; 0.6; 0.6;49; 26.7;B;0;-;On;On;Off; 27.8; 29.5;0;98;1515;98;1515;98;1329;1;-
2026/04/28;18:08:08;-;-; 57.33; 0.7;-; 79.1; 79.0; 37.6; 1.5; 36.1;2090; 0.9; 0.6; 0.6;49; 26.7;B;0;-;On;On;Off; 27.8; 29.5;0;98;1515;98;1515;98;1329;1;-
2026/04/28;18:09:08;-;-; 57.33; 0.6;-; 79.3; 78.8; 36.1; 0.7; 35.4;2090; 0.9; 0.6; 0.6;49; 26.7;B;0;-;On;On;Off; 27.8; 29.5;0;98;1515;98;1515;98;1329;1;-
2026/04/28;18:10:08;-;-; 57.33; 0.6;-; 78.8; 78.4; 33.8; 1.5; 32.3;2090; 0.9; 0.6; 0.6;49; 26.7;B;0;-;On;On;Off; 27.8; 29.5;0;98;1515;98;1515;98;1329;1;-
2026/04/28;18:11:07;-;-; 57.33; 0.6;-; 78.4; 78.3; 34.6; 1.5; 33.1;2090; 0.9; 0.6; 0.6;49; 26.7;B;0;-;On;On;Off; 27.8; 29.5;0;98;1515;98;1515;98;1329;1;-
2026/04/28;18:12:07;-;-; 57.33; 0.7;-; 77.4; 77.0; 38.4; 1.5; 36.9;2090; 0.9; 0.6; 0.6;48; 26.7;B;0;-;On;On;Off; 27.8; 29.5;0;98;1515;98;1515;98;1329;1;-
2026/04/28;18:13:07;-;-; 57.33; 0.7;-; 77.4; 76.7; 40.7; 1.5; 39.2;2090; 0.8; 0.6; 0.6;47; 26.7;B;0;-;On;On;Off; 27.8; 29.4;0;98;1515;98;1515;98;1329;1;-
2026/04/28;18:14:07;-;-; 57.33; 0.5;-; 77.0; 76.1; 31.5; 1.5; 30.0;2090; 0.9; 0.6; 0.6;48; 26.7;B;0;-;On;On;Off; 27.8; 29.4;0;98;1515;98;1515;98;1329;1;-
2026/04/28;18:15:07;-;-; 57.33; 0.8;-; 78.1; 77.5; 46.1; 1.5; 44.6;2090; 0.9; 0.6; 0.6;48; 26.7;B;0;-;On;On;Off; 27.8; 29.4;0;98;1515;98;1515;98;1329;1;-
2026/04/28;18:16:07;-;-; 57.33; 0.8;-; 78.2; 77.7; 45.3; 1.5; 43.8;2090; 0.9; 0.6; 0.6;48; 26.6;B;0;-;On;On;Off; 27.7; 29.4;0;98;1515;98;1515;98;1329;1;-
2026/04/28;18:17:07;-;-; 57.33; 0.5;-; 77.6; 77.0; 27.7; 0.7; 26.9;2090; 0.8; 0.6; 0.6;47; 26.6;B;0;-;On;On;Off; 27.8; 29.4;0;98;1515;98;1515;98;1329;1;-
2026/04/28;18:18:07;-;-; 57.31; 0.5;-; 78.8; 78.5; 27.6; 1.5; 26.1;2090; 0.8; 0.6; 0.6;47; 26.6;B;0;-;On;On;Off; 27.7; 29.4;0;98;1515;98;1515;98;1329;1;-
2026/04/28;18:19:07;-;-; 57.31; 0.5;-; 78.2; 78.1; 26.1; 1.5; 24.6;2090; 0.8; 0.6; 0.6;47; 26.6;B;0;-;On;On;Off; 27.7; 29.4;0;98;1515;98;1515;98;1329;1;-
2026/04/28;18:20:07;-;-; 57.31; 0.3;-; 78.2; 77.9; 18.4; 1.5; 16.9;2090; 0.8; 0.6; 0.6;46; 26.6;B;0;-;On;On;Off; 27.7; 29.4;0;98;1515;98;1515;98;1329;1;-
2026/04/28;18:21:07;-;-; 57.33; 0.5;-; 77.9; 77.7; 28.4; 1.5; 26.9;2090; 0.8; 0.6; 0.6;46; 26.6;B;0;-;On;On;Off; 27.7; 29.4;0;98;1515;98;1515;98;1329;1;-
2026/04/28;18:22:07;-;-; 57.33; 0.6;-; 76.0; 75.5; 36.9; 1.5; 35.4;2090; 0.8; 0.6; 0.6;46; 26.6;B;0;-;On;On;Off; 27.7; 29.4;0;98;1515;98;1515;98;1329;1;-
2026/04/28;18:23:07;-;-; 57.33; 0.6;-; 76.1; 75.5; 33.0; 1.5; 31.5;2090; 0.8; 0.6; 0.6;46; 26.6;B;0;-;On;On;Off; 27.7; 29.3;0;98;1515;98;1515;98;1329;1;-
2026/04/28;18:24:07;-;-; 57.33; 0.5;-; 75.9; 74.8; 26.9; 1.5; 25.4;2090; 0.8; 0.6; 0.6;45; 26.6;B;0;-;On;On;Off; 27.7; 29.3;0;98;1515;98;1515;98;1329;1;-
2026/04/28;18:25:07;-;-; 57.35; 0.7;-; 76.0; 75.0; 37.6; 1.5; 36.1;2090; 0.8; 0.6; 0.6;46; 26.6;B;0;-;On;On;Off; 27.7; 29.3;0;98;1515;98;1515;98;1329;1;-
2026/04/28;18:26:07;-;-; 57.31; 0.5;-; 75.8; 75.0; 27.7; 0.7; 26.9;2090; 0.8; 0.6; 0.6;45; 26.6;B;0;-;On;On;Off; 27.7; 29.3;0;98;1515;98;1515;98;1329;1;-
2026/04/28;18:27:06;-;-; 57.33; 0.7;-; 75.7; 74.2; 39.2; 1.5; 37.7;2090; 0.8; 0.6; 0.6;46; 26.6;B;0;-;On;On;Off; 27.7; 29.3;0;98;1515;98;1515;98;1329;1;-
2026/04/28;18:28:06;-;-; 57.33; 0.6;-; 75.7; 74.7; 33.0; 1.5; 31.5;2090; 0.8; 0.6; 0.6;45; 26.6;B;0;-;On;On;Off; 27.7; 29.3;0;98;1515;98;1515;98;1329;1;-
2026/04/28;18:29:06;-;-; 57.33; 0.3;-; 76.0; 76.1; 17.6; 0.7; 16.9;2090; 0.8; 0.6; 0.6;46; 26.6;B;0;-;On;On;Off; 27.7; 29.3;0;98;1515;98;1515;98;1329;1;-
2026/04/28;18:30:06;-;-; 57.31; 0.3;-; 76.2; 75.9; 19.2; 1.5; 17.7;2090; 0.8; 0.6; 0.6;46; 26.6;B;0;-;On;On;Off; 27.6; 29.3;0;98;1515;98;1515;98;1329;1;-
2026/04/28;18:31:06;-;-; 57.33; 0.7;-; 76.8; 75.6; 39.2; 1.5; 37.7;2090; 0.8; 0.6; 0.6;45; 26.6;B;0;-;On;On;Off; 27.6; 29.3;0;98;1515;98;1515;98;1329;1;-
2026/04/28;18:32:06;-;-; 57.33; 0.6;-; 79.4; 79.2; 34.6; 1.5; 33.1;2090; 0.8; 0.6; 0.6;45; 26.6;B;0;-;On;On;Off; 27.6; 29.3;0;98;1515;98;1515;98;1329;1;-
2026/04/28;18:33:06;-;-; 57.33; 0.6;-; 76.2; 74.6; 34.6; 1.5; 33.1;2090; 0.8; 0.5; 0.5;44; 26.5;B;0;-;On;On;Off; 27.6; 29.3;0;98;1515;98;1515;98;1329;1;-
2026/04/28;18:34:06;-;-; 57.31; 0.3;-; 75.5; 75.0; 17.6; 1.5; 16.1;2090; 0.8; 0.5; 0.5;44; 26.5;B;0;-;On;On;Off; 27.6; 29.3;0;98;1515;98;1515;98;1329;1;-
2026/04/28;18:35:06;-;-; 57.33; 0.4;-; 75.3; 75.0; 23.8; 1.5; 22.3;2090; 0.8; 0.6; 0.6;45; 26.5;B;0;-;On;On;Off; 27.6; 29.2;0;98;1515;98;1515;98;1329;1;-
2026/04/28;18:36:06;-;-; 57.33; 0.7;-; 75.2; 72.9; 40.0; 0.7; 39.2;2090; 0.8; 0.6; 0.6;44; 26.5;B;0;-;On;On;Off; 27.6; 29.2;0;98;1515;98;1515;98;1329;1;-
2026/04/28;18:37:06;-;-; 57.33; 0.7;-; 75.1; 73.2; 40.0; 1.5; 38.5;2090; 0.8; 0.6; 0.6;44; 26.5;B;0;-;On;On;Off; 27.6; 29.2;0;98;1515;98;1515;98;1329;1;-
2026/04/28;18:38:06;-;-; 57.33; 0.5;-; 75.1; 73.8; 27.6; 1.5; 26.1;2090; 0.8; 0.6; 0.6;44; 26.5;B;0;-;On;On;Off; 27.6; 29.2;0;98;1515;98;1515;98;1329;1;-
2026/04/28;18:39:06;-;-; 57.33; 0.3;-; 75.2; 75.2; 15.3; 1.5; 13.8;2090; 0.8; 0.6; 0.6;45; 26.5;B;0;-;On;On;Off; 27.6; 29.2;0;98;1515;98;1515;98;1329;1;-
2026/04/28;18:40:06;-;-; 57.35; 0.3;-; 75.2; 74.6; 19.2; 1.5; 17.7;2090; 0.8; 0.5; 0.5;44; 26.5;B;0;-;On;On;Off; 27.6; 29.2;0;98;1515;98;1515;98;1329;1;-
2026/04/28;18:41:06;-;-; 57.35; 0.4;-; 75.5; 74.7; 25.3; 1.5; 23.8;2090; 0.8; 0.5; 0.5;44; 26.5;B;0;-;On;On;Off; 27.6; 29.2;0;98;1515;98;1515;98;1329;1;-
2026/04/28;18:42:05;-;-; 57.33; 0.4;-; 75.4; 75.1; 20.7; 1.5; 19.2;2090; 0.8; 0.5; 0.5;43; 26.5;B;0;-;On;On;Off; 27.6; 29.2;0;98;1515;98;1515;98;1329;1;-
2026/04/28;18:43:05;-;-; 57.33; 0.3;-; 75.3; 75.0; 18.4; 1.5; 16.9;2090; 0.8; 0.5; 0.5;43; 26.5;B;0;-;On;On;Off; 27.5; 29.2;0;98;1515;98;1515;98;1329;1;-
2026/04/28;18:44:05;-;-; 57.35; 0.5;-; 75.4; 74.1; 29.9; 1.5; 28.4;2090; 0.8; 0.5; 0.5;43; 26.5;B;0;-;On;On;Off; 27.5; 29.2;0;98;1515;98;1515;98;1329;1;-
2026/04/28;18:45:05;-;-; 57.35; 0.8;-; 75.4; 72.3; 47.7; 1.5; 46.2;2090; 0.8; 0.5; 0.5;43; 26.5;B;0;-;On;On;Off; 27.5; 29.2;0;98;1515;98;1515;98;1329;1;-
2026/04/28;18:46:05;-;-; 57.35; 0.5;-; 75.4; 73.9; 31.5; 1.5; 30.0;2090; 0.8; 0.5; 0.5;43; 26.5;B;0;-;On;On;Off; 27.5; 29.1;0;98;1515;98;1515;98;1329;1;-
2026/04/28;18:47:05;-;-; 57.35; 0.7;-; 75.5; 73.6; 40.7; 0.7; 40.0;2090; 0.8; 0.5; 0.5;43; 26.5;B;0;-;On;On;Off; 27.5; 29.1;0;98;1515;98;1515;98;1329;1;-
2026/04/28;18:48:05;-;-; 57.35; 0.8;-; 75.5; 72.8; 44.6; 1.5; 43.1;2090; 0.8; 0.5; 0.5;43; 26.5;B;0;-;On;On;Off; 27.5; 29.1;0;98;1515;98;1515;98;1329;1;-
2026/04/28;18:49:05;-;-; 57.35; 0.6;-; 75.6; 73.9; 32.3; 0.7; 31.5;2090; 0.8; 0.5; 0.5;43; 26.5;B;0;-;On;On;Off; 27.5; 29.1;0;98;1515;98;1515;98;1329;1;-
2026/04/28;18:50:05;-;-; 57.35; 0.5;-; 75.5; 74.7; 27.6; 1.5; 26.1;2090; 0.8; 0.5; 0.5;42; 26.4;B;0;-;On;On;Off; 27.5; 29.1;0;98;1515;98;1515;98;1329;1;-
2026/04/28;18:51:05;-;-; 57.35; 0.6;-; 75.5; 73.9; 35.3; 1.5; 33.8;2090; 0.8; 0.5; 0.5;43; 26.4;B;0;-;On;On;Off; 27.5; 29.1;0;98;1515;98;1515;98;1329;1;-
2026/04/28;18:52:05;-;-; 57.35; 0.8;-; 75.5; 73.3; 44.6; 1.5; 43.1;2090; 0.8; 0.5; 0.5;42; 26.4;B;0;-;On;On;Off; 27.5; 29.1;0;98;1515;98;1515;98;1329;1;-
2026/04/28;18:53:05;-;-; 57.37; 0.6;-; 75.1; 74.0; 35.4; 0.7; 34.6;2090; 0.8; 0.5; 0.5;42; 26.4;B;0;-;On;On;Off; 27.5; 29.1;0;98;1515;98;1515;98;1329;1;-
2026/04/28;18:54:05;-;-; 57.35; 0.6;-; 74.8; 72.6; 36.9; 1.5; 35.4;2090; 0.8; 0.5; 0.5;42; 26.4;B;0;-;On;On;Off; 27.5; 29.1;0;98;1515;98;1515;98;1329;1;-
2026/04/28;18:55:05;-;-; 57.35; 0.3;-; 74.7; 74.7; 20.0; 0.7; 19.2;2090; 0.7; 0.5; 0.5;41; 26.4;B;0;-;On;On;Off; 27.4; 29.1;0;98;1515;98;1515;98;1329;1;-
2026/04/28;18:56:05;-;-; 57.33; 0.4;-; 74.7; 74.2; 23.0; 1.5; 21.5;2090; 0.7; 0.5; 0.5;41; 26.4;B;0;-;On;On;Off; 27.5; 29.1;0;98;1515;98;1515;98;1329;1;-
2026/04/28;18:57:04;-;-; 57.33; 0.6;-; 74.5; 70.7; 33.8; 0.7; 33.1;2090; 0.7; 0.5; 0.5;41; 26.4;B;0;-;On;On;Off; 27.4; 29.0;0;98;1515;98;1515;98;1329;1;-
2026/04/28;18:58:04;-;-; 57.35; 0.4;-; 74.4; 72.5; 24.6; 0.7; 23.8;2091; 0.7; 0.5; 0.5;41; 26.3;B;0;-;On;On;Off; 27.4; 29.0;0;98;1515;98;1515;98;1329;1;-
2026/04/28;18:59:04;-;-; 57.37; 0.5;-; 74.3; 72.5; 29.9; 1.5; 28.4;2091; 0.7; 0.5; 0.5;41; 26.3;B;0;-;On;On;Off; 27.4; 29.0;0;98;1515;98;1515;98;1329;1;-
2026/04/28;19:00:04;-;-; 57.35; 0.5;-; 74.1; 72.2; 27.6; 1.5; 26.1;2091; 0.7; 0.5; 0.5;41; 26.3;B;0;-;On;On;Off; 27.4; 29.0;0;98;1515;98;1515;98;1329;1;-
2026/04/28;19:01:04;-;-; 57.35; 0.7;-; 74.1; 70.1; 38.4; 0.7; 37.7;2091; 0.7; 0.5; 0.5;41; 26.3;B;0;-;On;On;Off; 27.4; 29.0;0;98;1515;98;1515;98;1329;1;-
2026/04/28;19:02:04;-;-; 57.37; 0.7;-; 74.0; 70.1; 37.7; 0.7; 36.9;2091; 0.7; 0.5; 0.5;41; 26.3;B;0;-;On;On;Off; 27.4; 29.0;0;98;1515;98;1515;98;1329;1;-
2026/04/28;19:03:04;-;-; 57.37; 0.5;-; 74.0; 72.1; 28.4; 1.5; 26.9;2091; 0.7; 0.5; 0.5;41; 26.3;B;0;-;On;On;Off; 27.4; 29.0;0;98;1515;98;1515;98;1329;1;-
2026/04/28;19:04:04;-;-; 57.37; 0.5;-; 74.1; 71.9; 29.2; 1.5; 27.7;2091; 0.7; 0.5; 0.5;40; 26.3;B;0;-;On;On;Off; 27.4; 29.0;0;98;1515;98;1515;98;1329;1;-
2026/04/28;19:05:04;-;-; 57.35; 0.6;-; 74.2; 70.8; 34.6; 0.7; 33.8;2091; 0.7; 0.5; 0.5;40; 26.3;B;0;-;On;On;Off; 27.4; 29.0;0;98;1515;98;1515;98;1329;1;-
2026/04/28;19:06:04;-;-; 57.37; 0.6;-; 74.1; 71.7; 32.3; 0.7; 31.5;2091; 0.7; 0.5; 0.5;40; 26.3;B;0;-;On;On;Off; 27.4; 29.0;0;98;1515;98;1515;98;1329;1;-
2026/04/28;19:07:04;-;-; 57.37; 0.6;-; 74.1; 71.4; 33.0; 0.7; 32.3;2091; 0.7; 0.5; 0.5;40; 26.2;B;0;-;On;On;Off; 27.4; 29.0;0;98;1515;98;1515;98;1329;1;-
2026/04/28;19:08:04;-;-; 57.37; 0.3;-; 74.1; 73.3; 17.6; 0.7; 16.9;2091; 0.7; 0.5; 0.5;41; 26.3;B;0;-;On;On;Off; 27.4; 28.9;0;98;1515;98;1515;98;1329;1;-
2026/04/28;19:09:04;-;-; 57.37; 0.6;-; 74.0; 71.1; 33.8; 1.5; 32.3;2091; 0.7; 0.5; 0.5;40; 26.2;B;0;-;On;On;Off; 27.4; 28.9;0;98;1515;98;1515;98;1329;1;-
2026/04/28;19:10:04;-;-; 57.37; 0.6;-; 74.0; 71.2; 33.0; 1.5; 31.5;2091; 0.7; 0.5; 0.5;40; 26.2;B;0;-;On;On;Off; 27.4; 28.9;0;98;1515;98;1515;98;1329;1;-
2026/04/28;19:11:04;-;-; 57.37; 0.7;-; 74.0; 70.0; 38.4; 1.5; 36.9;2091; 0.7; 0.5; 0.5;40; 26.2;B;0;-;On;On;Off; 27.3; 28.9;0;98;1515;98;1515;98;1329;1;-
2026/04/28;19:12:03;-;-; 57.37; 0.6;-; 74.0; 70.1; 36.9; 0.7; 36.1;2091; 0.7; 0.5; 0.5;40; 26.2;B;0;-;On;On;Off; 27.4; 28.9;0;98;1515;98;1515;98;1329;1;-
2026/04/28;19:13:03;-;-; 57.35; 0.3;-; 74.0; 73.1; 18.4; 1.5; 16.9;2091; 0.7; 0.5; 0.5;38; 26.2;B;0;-;On;On;Off; 27.3; 28.9;0;98;1515;98;1515;98;1329;1;-
2026/04/28;19:14:03;-;-; 57.37; 0.4;-; 74.2; 73.3; 22.2; 1.5; 20.7;2091; 0.7; 0.5; 0.5;39; 26.2;B;0;-;On;On;Off; 27.3; 28.9;0;98;1515;98;1515;98;1329;1;-
2026/04/28;19:15:03;-;-; 57.39; 0.5;-; 74.3; 72.2; 29.9; 1.5; 28.4;2091; 0.7; 0.5; 0.5;39; 26.2;B;0;-;On;On;Off; 27.3; 28.9;0;98;1515;98;1515;98;1329;1;-
2026/04/28;19:16:03;-;-; 57.37; 0.6;-; 74.5; 72.6; 33.0; 1.5; 31.5;2091; 0.7; 0.5; 0.5;39; 26.2;B;0;-;On;On;Off; 27.3; 28.9;0;98;1515;98;1515;98;1329;1;-
2026/04/28;19:17:03;-;-; 57.37; 0.6;-; 74.7; 72.1; 32.3; 0.7; 31.5;2091; 0.7; 0.5; 0.5;39; 26.2;B;0;-;On;On;Off; 27.3; 28.9;0;98;1515;98;1515;98;1329;1;-
2026/04/28;19:18:03;-;-; 57.39; 0.4;-; 74.5; 73.8; 23.0; 1.5; 21.5;2091; 0.7; 0.5; 0.5;38; 26.2;B;0;-;On;On;Off; 27.3; 28.9;0;98;1515;98;1515;98;1329;1;-
2026/04/28;19:19:03;-;-; 57.37; 0.3;-; 74.5; 73.8; 19.9; 1.5; 18.4;2091; 0.7; 0.5; 0.5;39; 26.2;B;0;-;On;On;Off; 27.3; 28.9;0;98;1515;98;1515;99;1330;1;-
2026/04/28;19:20:03;-;-; 57.37; 0.6;-; 74.4; 70.7; 36.9; 0.7; 36.1;2091; 0.7; 0.5; 0.5;38; 26.2;B;0;-;On;On;Off; 27.3; 28.9;0;98;1515;98;1515;99;1330;1;-
2026/04/28;19:21:03;-;-; 57.37; 0.7;-; 74.1; 70.2; 38.4; 1.5; 36.9;2091; 0.7; 0.5; 0.5;38; 26.2;B;0;-;On;On;Off; 27.3; 28.9;0;98;1515;98;1515;99;1330;1;-
2026/04/28;19:22:03;-;-; 57.37; 0.5;-; 73.8; 71.8; 28.4; 1.5; 26.9;2091; 0.7; 0.5; 0.5;38; 26.2;B;0;-;On;On;Off; 27.3; 28.9;0;98;1515;98;1515;99;1330;1;-
2026/04/28;19:23:03;-;-; 57.37; 0.6;-; 73.7; 70.0; 34.6; 1.5; 33.1;2091; 0.7; 0.5; 0.5;37; 26.1;B;0;-;On;On;Off; 27.3; 28.9;0;98;1515;98;1515;99;1330;1;-
2026/04/28;19:24:03;-;-; 57.35; 0.4;-; 73.5; 71.8; 24.6; 1.5; 23.1;2091; 0.7; 0.5; 0.5;38; 26.1;B;0;-;On;On;Off; 27.3; 28.9;0;98;1515;98;1515;99;1330;1;-
2026/04/28;19:25:03;-;-; 57.35; 0.5;-; 73.4; 70.1; 30.0; 0.7; 29.2;2091; 0.7; 0.5; 0.5;38; 26.1;B;0;-;On;On;Off; 27.3; 28.8;0;98;1515;98;1515;99;1330;1;-
2026/04/28;19:26:03;-;-; 57.37; 0.4;-; 73.3; 72.0; 22.2; 1.5; 20.7;2091; 0.7; 0.5; 0.5;37; 26.1;B;0;-;On;On;Off; 27.3; 28.8;0;98;1515;98;1515;99;1330;1;-
2026/04/28;19:27:02;-;-; 57.35; 0.4;-; 73.4; 71.6; 23.8; 1.5; 22.3;2091; 0.7; 0.5; 0.5;37; 26.1;B;0;-;On;On;Off; 27.3; 28.8;0;98;1515;98;1515;99;1330;1;-
2026/04/28;19:28:02;-;-; 57.37; 0.3;-; 73.4; 72.5; 19.9; 1.5; 18.4;2091; 0.7; 0.5; 0.5;36; 26.1;B;0;-;On;On;Off; 27.3; 28.8;0;98;1515;98;1515;99;1330;1;-
2026/04/28;19:29:02;-;-; 57.37; 0.5;-; 73.3; 69.9; 27.7; 0.7; 26.9;2091; 0.6; 0.5; 0.5;36; 26.1;B;0;-;On;On;Off; 27.3; 28.8;0;98;1515;98;1515;99;1330;1;-
2026/04/28;19:30:02;-;-; 57.35; 0.4;-; 73.4; 71.1; 25.3; 1.5; 23.8;2091; 0.6; 0.5; 0.5;36; 26.1;B;0;-;On;On;Off; 27.3; 28.8;0;98;1515;98;1515;99;1330;1;-
2026/04/28;19:31:02;-;-; 57.35; 0.5;-; 73.3; 71.1; 26.1; 1.5; 24.6;2091; 0.6; 0.5; 0.5;35; 26.1;B;0;-;On;On;Off; 27.3; 28.8;0;98;1515;98;1515;99;1330;1;-
2026/04/28;19:32:02;-;-; 57.35; 0.3;-; 73.2; 72.5; 19.9; 1.5; 18.4;2091; 0.6; 0.5; 0.5;36; 26.1;B;0;-;On;On;Off; 27.3; 28.8;0;98;1515;98;1515;99;1330;1;-
2026/04/28;19:33:02;-;-; 57.37; 0.5;-; 73.4; 70.0; 30.7; 0.7; 30.0;2091; 0.6; 0.5; 0.5;36; 26.1;B;0;-;On;On;Off; 27.2; 28.8;0;98;1515;98;1515;99;1330;1;-
2026/04/28;19:34:02;-;-; 57.39; 0.4;-; 73.7; 72.4; 23.0; 0.7; 22.3;2091; 0.6; 0.5; 0.5;36; 26.1;B;0;-;On;On;Off; 27.2; 28.8;0;99;1516;99;1516;99;1330;1;-
2026/04/28;19:35:02;-;-; 57.37; 0.5;-; 73.7; 70.9; 30.0; 0.7; 29.2;2091; 0.7; 0.5; 0.5;36; 26.1;B;0;-;On;On;Off; 27.2; 28.8;0;99;1516;99;1516;99;1330;1;-
2026/04/28;19:36:02;-;-; 57.39; 0.5;-; 73.8; 72.2; 26.9; 1.5; 25.4;2091; 0.7; 0.5; 0.5;36; 26.1;B;0;-;On;On;Off; 27.2; 28.8;0;99;1516;99;1516;99;1330;1;-
2026/04/28;19:37:02;-;-; 57.37; 0.4;-; 73.9; 73.0; 20.7; 1.5; 19.3;2091; 0.6; 0.5; 0.5;36; 26.1;B;0;-;On;On;Off; 27.2; 28.8;0;99;1516;99;1516;99;1330;1;-
2026/04/28;19:38:02;-;-; 57.37; 0.2;-; 73.7; 74.4; 10.7; 1.5; 9.2;2091; 0.6; 0.5; 0.5;36; 26.1;B;0;-;On;On;Off; 27.2; 28.8;0;99;1516;99;1516;99;1330;1;-
2026/04/28;19:39:02;-;-; 57.37; 0.5;-; 73.7; 71.3; 26.1; 1.5; 24.6;2091; 0.6; 0.5; 0.5;35; 26.0;B;0;-;On;On;Off; 27.2; 28.8;0;99;1516;99;1516;99;1330;1;-
2026/04/28;19:40:02;-;-; 57.37; 0.5;-; 73.5; 70.7; 29.2; 0.7; 28.4;2091; 0.6; 0.5; 0.5;35; 26.0;B;0;-;On;On;Off; 27.2; 28.8;0;99;1516;99;1516;99;1330;1;-
2026/04/28;19:41:02;-;-; 57.37; 0.5;-; 73.6; 70.3; 30.0; 0.7; 29.2;2091; 0.6; 0.5; 0.5;35; 26.0;B;0;-;On;On;Off; 27.2; 28.8;0;99;1516;99;1516;99;1330;1;-
2026/04/28;19:42:01;-;-; 57.35; 0.2;-; 73.6; 73.8; 13.0; 1.5; 11.5;2091; 0.6; 0.5; 0.5;34; 26.0;B;0;-;On;On;Off; 27.2; 28.8;0;99;1516;99;1516;99;1330;1;-
2026/04/28;19:43:01;-;-; 57.37; 0.5;-; 73.8; 71.2; 27.7; 0.7; 27.0;2091; 0.6; 0.5; 0.5;34; 26.0;B;0;-;On;On;Off; 27.2; 28.8;0;99;1516;99;1516;99;1330;1;-
2026/04/28;19:44:01;-;-; 57.29; 0.0;-; 73.6; 73.6; 1.5; 0.7; 0.7;2091; 0.6; 0.5; 0.5;35; 26.0;B;0;-;On;On;Off; 27.2; 28.8;0;99;1516;99;1516;99;1330;1;-
2026/04/28;19:45:01;-;-; 54.60; 0.0;-; 73.5; 73.5; 1.4; 0.7; 0.7;2091; 0.6; 0.5; 0.5;31; 26.0;B;0;-;On;On;Off; 27.0; 26.8;0;99;1516;99;1516;99;1330;1;-
2026/04/28;19:46:01;-;-; 54.33; 0.8;-; 71.8; 70.5; 43.7; 18.9; 24.7;2091;-0.0; 0.0; 0.0;-2; 26.0;B;0;-;On;On;Off; 27.2; 26.8;0;99;1516;99;1516;99;1330;1;-
2026/04/28;19:47:01;-;-; 55.00; 0.6;-; 71.7; 71.6; 34.6; 17.7; 17.0;2091; 0.3; 0.3; 0.3;16; 26.0;B;0;-;On;On;Off; 28.9; 28.5;0;99;1516;99;1516;99;1330;1;-
2026/04/28;19:48:01;-;-; 54.80; 0.6;-; 71.5; 71.4; 33.0; 16.9; 16.1;2091; 0.8; 0.7; 0.7;42; 26.0;B;0;-;On;On;Off; 29.3; 28.8;0;99;1516;99;1516;99;1330;1;-
2026/04/28;19:49:01;-;-; 54.09; 0.0;-; 72.6; 72.7; 0.7; 0.7; 0.0;2091; 0.6; 0.6; 0.6;34; 26.0;B;0;-;On;On;Off; 27.5; 27.1;0;99;1516;99;1516;99;1330;1;-
2026/04/28;19:50:01;-;-; 53.89; 0.7;-; 70.3; 70.1; 39.0; 19.5; 19.5;2091; 0.0; 0.1; 0.1;0; 26.0;B;0;-;On;On;Off; 27.0; 26.7;0;99;1516;99;1516;99;1330;1;-
2026/04/28;19:51:01;-;-; 54.09; 0.6;-; 70.6; 71.5; 31.2; 18.2; 13.1;2091; 0.1; 0.2; 0.2;7; 26.0;B;0;-;On;On;Off; 29.0; 28.5;0;99;1516;99;1516;99;1330;1;-
2026/04/28;19:52:01;-;-; 54.15; 0.6;-; 70.6; 70.6; 33.4; 16.7; 16.7;2091; 0.8; 0.7; 0.7;41; 26.0;B;0;-;On;On;Off; 29.3; 28.9;0;99;1516;99;1516;99;1330;1;-
2026/04/28;19:53:01;-;-; 53.83; 0.0;-; 72.2; 72.2; 2.1; 1.4; 0.7;2091; 0.6; 0.6; 0.6;33; 25.9;B;0;-;On;On;Off; 27.5; 27.0;0;99;1516;99;1516;99;1330;1;-
2026/04/28;19:54:01;-;-; 53.74; 0.4;-; 71.8; 71.0; 22.3; 9.4; 13.0;2091;-0.0; 0.1; 0.1;0; 25.9;B;0;-;On;On;Off; 27.0; 27.4;0;99;1516;99;1516;99;1330;1;-
2026/04/28;19:55:01;-;-; 53.81; 0.6;-; 70.3; 70.1; 34.6; 17.3; 17.3;2091; 0.2; 0.2; 0.2;9; 25.9;B;0;-;On;On;Off; 29.0; 28.6;0;99;1516;99;1516;99;1330;1;-
2026/04/28;19:56:01;-;-; 53.74; 0.0;-; 72.2; 72.2; 2.1; 1.4; 0.7;2091; 0.7; 0.6; 0.6;36; 25.9;B;0;-;On;On;Off; 28.0; 27.3;0;99;1516;99;1516;99;1330;1;-
2026/04/28;19:57:01;-;-; 53.68; 0.0;-; 72.3; 72.1; 1.4; 0.7; 0.7;2091; 0.2; 0.2; 0.2;11; 25.9;B;0;-;On;On;Off; 27.0; 26.6;0;99;1516;99;1516;99;1330;1;-
2026/04/28;19:58:00;-;-; 53.72; 0.6;-; 71.0; 70.0; 30.2; 13.0; 17.3;2092;-0.0; 0.1; 0.1;0; 25.9;B;0;-;On;On;Off; 28.7; 28.3;0;99;1516;99;1516;99;1330;1;-
2026/04/28;19:59:00;-;-; 53.72; 0.0;-; 72.1; 72.0; 1.4; 0.7; 0.7;2092; 0.6; 0.6; 0.6;33; 25.9;B;0;-;On;On;Off; 29.2; 28.1;0;99;1516;99;1516;99;1330;1;-
2026/04/28;20:00:00;-;-; 53.64; 0.0;-; 72.0; 72.0; 1.4; 0.7; 0.7;2092; 0.5; 0.4; 0.4;24; 25.9;B;0;-;On;On;Off; 27.2; 26.7;0;99;1516;99;1516;99;1330;1;-
2026/04/28;20:01:00;-;-; 53.62; 0.5;-; 70.1; 70.8; 29.4; 17.2; 12.2;2092;-0.0; 0.0; 0.0;-2; 25.9;B;0;-;On;On;Off; 28.0; 28.0;0;99;1516;99;1516;99;1330;1;-
2026/04/28;20:02:00;-;-; 53.66; 0.6;-; 70.0; 69.9; 33.1; 16.6; 16.6;2092; 0.3; 0.4; 0.4;17; 25.9;B;0;-;On;On;Off; 29.1; 28.6;0;99;1516;99;1516;99;1330;1;-
2026/04/28;20:03:00;-;-; 53.58; 0.0;-; 72.1; 72.1; 2.1; 1.4; 0.7;2092; 0.7; 0.6; 0.6;35; 25.9;B;0;-;On;On;Off; 27.5; 26.9;0;99;1516;99;1516;99;1330;1;-
2026/04/28;20:04:00;-;-; 53.56; 0.4;-; 72.3; 69.8; 19.4; 1.4; 18.0;2092; 0.0; 0.1; 0.1;2; 25.9;B;0;-;On;On;Off; 26.9; 26.9;0;99;1516;99;1516;99;1330;1;-
2026/04/28;20:05:00;-;-; 53.64; 0.7;-; 70.1; 70.0; 35.2; 18.0; 17.2;2092; 0.1; 0.2; 0.2;5; 25.9;B;0;-;On;On;Off; 28.9; 28.4;0;99;1516;99;1516;99;1330;1;-
2026/04/28;20:06:00;-;-; 53.60; 0.0;-; 72.1; 72.1; 2.1; 1.4; 0.7;2092; 0.7; 0.6; 0.6;39; 25.9;B;0;-;On;On;Off; 28.3; 27.3;0;99;1516;99;1516;99;1330;1;-
2026/04/28;20:07:00;-;-; 53.56; 0.0;-; 72.0; 71.9; 2.1; 1.4; 0.7;2092; 0.3; 0.3; 0.3;15; 25.9;B;0;-;On;On;Off; 27.0; 26.6;0;99;1516;99;1516;99;1330;1;-
2026/04/28;20:08:00;-;-; 53.56; 0.6;-; 69.8; 69.8; 31.6; 16.5; 15.1;2092;-0.0; 0.0; 0.0;-2; 25.8;B;0;-;On;On;Off; 28.5; 28.2;0;99;1516;99;1516;99;1330;1;-
2026/04/28;20:09:00;-;-; 53.52; 0.3;-; 70.0; 71.5; 15.8; 15.1; 0.7;2092; 0.5; 0.5; 0.5;25; 25.8;B;0;-;On;On;Off; 29.1; 28.4;0;99;1516;99;1516;99;1330;1;-
2026/04/28;20:10:00;-;-; 53.48; 0.0;-; 71.5; 71.4; 1.4; 0.7; 0.7;2092; 0.4; 0.4; 0.4;22; 25.8;B;0;-;On;On;Off; 27.2; 26.7;0;99;1516;99;1516;99;1330;1;-
2026/04/28;20:11:00;-;-; 53.44; 0.5;-; 69.7; 69.6; 25.1; 12.9; 12.2;2092;-0.1; 0.0; 0.0;-2; 25.8;B;0;-;On;On;Off; 27.5; 27.7;0;99;1516;99;1516;99;1330;1;-
2026/04/28;20:12:00;-;-; 53.42; 0.5;-; 69.8; 69.6; 24.3; 12.1; 12.1;2092; 0.2; 0.2; 0.2;7; 25.8;B;0;-;On;On;Off; 29.0; 28.5;0;99;1516;99;1516;99;1330;1;-
2026/04/28;20:12:59;-;-; 53.42; 0.0;-; 71.2; 71.1; 2.1; 1.4; 0.7;2092; 0.4; 0.5; 0.5;18; 25.8;B;0;-;On;On;Off; 27.6; 26.9;0;99;1516;99;1516;99;1330;1;-
2026/04/28;20:13:59;-;-; 53.40; 0.2;-; 71.1; 69.6; 12.8; 1.4; 11.4;2092; 0.0; 0.1; 0.1;1; 25.8;B;0;-;On;On;Off; 26.9; 26.6;0;99;1516;99;1516;99;1330;1;-
2026/04/28;20:14:59;-;-; 53.38; 0.4;-; 69.6; 69.5; 22.2; 11.4; 10.7;2092;-0.0; 0.1; 0.1;0; 25.8;B;0;-;On;On;Off; 28.8; 28.3;0;99;1516;99;1516;99;1330;1;-
2026/04/28;20:15:59;-;-; 53.36; 0.0;-; 70.8; 70.7; 1.4; 0.7; 0.7;2092; 0.3; 0.4; 0.4;14; 25.8;B;0;-;On;On;Off; 28.7; 27.4;0;99;1516;99;1516;99;1330;1;-
2026/04/28;20:16:59;-;-; 53.36; 0.0;-; 70.6; 70.6; 1.4; 0.7; 0.7;2092; 0.1; 0.2; 0.2;5; 25.8;B;0;-;On;On;Off; 27.0; 26.6;0;99;1516;99;1516;99;1330;1;-
2026/04/28;20:17:59;-;-; 53.30; 0.3;-; 69.6; 69.5; 17.8; 9.3; 8.5;2092;-0.1; 0.0; 0.0;-2; 25.8;B;0;-;On;On;Off; 28.3; 28.1;0;99;1516;99;1516;99;1330;1;-
2026/04/28;20:18:59;-;-; 53.28; 0.2;-; 69.5; 70.2; 9.2; 8.5; 0.7;2092; 0.1; 0.3; 0.3;5; 25.7;B;0;-;On;On;Off; 29.0; 28.6;0;99;1516;99;1516;99;1330;1;-
2026/04/28;20:19:59;-;-; 53.28; 0.0;-; 70.1; 70.1; 0.7; 0.7; 0.0;2092; 0.1; 0.3; 0.3;5; 25.7;B;0;-;On;On;Off; 27.2; 26.7;0;99;1516;99;1516;99;1330;1;-
2026/04/28;20:20:59;-;-; 53.24; 0.3;-; 69.5; 69.3; 15.7; 8.5; 7.1;2092;-0.1; 0.0; 0.0;-3; 25.7;B;0;-;On;On;Off; 27.0; 27.4;0;99;1516;99;1516;99;1330;1;-
2026/04/28;20:21:59;-;-; 53.20; 0.3;-; 69.4; 69.3; 16.4; 8.5; 7.8;2092;-0.0; 0.1; 0.1;0; 25.7;B;0;-;On;On;Off; 28.9; 28.4;0;99;1516;99;1516;99;1330;1;-
2026/04/28;20:22:59;-;-; 53.22; 0.0;-; 70.0; 70.0; 1.4; 0.7; 0.7;2092; 0.1; 0.3; 0.3;2; 25.7;B;0;-;On;On;Off; 27.7; 27.0;0;99;1516;99;1516;99;1330;1;-
2026/04/28;20:23:59;-;-; 53.20; 0.0;-; 70.1; 70.0; 1.4; 0.7; 0.7;2092;-0.0; 0.1; 0.1;-1; 25.7;B;0;-;On;On;Off; 26.8; 26.4;0;99;1516;99;1516;99;1330;1;-
2026/04/28;20:24:59;-;-; 53.16; 0.3;-; 69.4; 69.1; 16.3; 8.5; 7.8;2092;-0.1; 0.1; 0.1;-2; 25.7;B;0;-;On;On;Off; 28.6; 28.2;0;99;1516;99;1516;99;1330;1;-
2026/04/28;20:25:59;-;-; 53.16; 0.0;-; 70.1; 69.9; 2.1; 1.4; 0.7;2092; 0.1; 0.3; 0.3;3; 25.7;B;0;-;On;On;Off; 29.0; 27.7;0;99;1516;99;1516;99;1330;1;-
2026/04/28;20:26:59;-;-; 53.18; 0.0;-; 70.0; 69.9; 1.4; 0.7; 0.7;2092; 0.0; 0.2; 0.2;1; 25.7;B;0;-;On;On;Off; 27.0; 26.6;0;99;1516;99;1516;99;1330;1;-
2026/04/28;20:27:58;-;-; 53.12; 0.3;-; 69.4; 69.3; 16.3; 8.5; 7.8;2092;-0.1; 0.0; 0.0;-2; 25.7;B;0;-;On;On;Off; 28.0; 27.9;0;99;1516;99;1516;99;1330;1;-
2026/04/28;20:28:58;-;-; 53.10; 0.3;-; 69.3; 69.2; 16.3; 8.5; 7.8;2092; 0.0; 0.2; 0.2;1; 25.7;B;0;-;On;On;Off; 29.0; 28.5;0;99;1516;99;1516;99;1330;1;-
2026/04/28;20:29:58;-;-; 53.14; 0.0;-; 69.8; 69.8; 2.1; 1.4; 0.7;2092; 0.1; 0.3; 0.3;2; 25.6;B;0;-;On;On;Off; 27.3; 26.7;0;99;1516;99;1516;99;1330;1;-
2026/04/28;20:30:58;-;-; 53.12; 0.2;-; 69.7; 69.3; 8.5; 1.4; 7.1;2092;-0.1; 0.1; 0.1;-3; 25.7;B;0;-;On;On;Off; 26.7; 27.0;0;99;1516;99;1516;99;1330;1;-
2026/04/28;20:31:58;-;-; 53.06; 0.3;-; 69.1; 69.1; 14.9; 7.8; 7.1;2092;-0.0; 0.1; 0.1;-1; 25.7;B;0;-;On;On;Off; 28.8; 28.3;0;99;1516;99;1516;99;1330;1;-
2026/04/28;20:32:58;-;-; 53.08; 0.0;-; 69.5; 69.6; 1.4; 0.7; 0.7;2092;-0.0; 0.3; 0.3;0; 25.6;B;0;-;On;On;Off; 28.0; 27.1;0;99;1516;99;1516;99;1330;1;-
2026/04/28;20:33:58;-;-; 53.10; 0.0;-; 69.6; 69.5; 1.4; 0.7; 0.7;2092;-0.1; 0.1; 0.1;-2; 25.6;B;0;-;On;On;Off; 26.8; 26.4;0;99;1516;99;1516;99;1330;1;-
2026/04/28;20:34:58;-;-; 53.04; 0.2;-; 69.2; 70.3; 10.6; 7.8; 2.8;2092;-0.1; 0.0; 0.0;-2; 25.6;B;0;-;On;On;Off; 28.4; 28.1;0;99;1516;99;1516;99;1330;1;-
2026/04/28;20:35:58;-;-; 53.03; 0.2;-; 69.1; 69.4; 8.5; 7.8; 0.7;2092;-0.0; 0.2; 0.2;-2; 25.6;B;0;-;On;On;Off; 29.0; 28.0;0;99;1516;99;1516;99;1330;1;-
2026/04/28;20:36:58;-;-; 53.04; 0.0;-; 69.6; 69.5; 2.1; 1.4; 0.7;2092;-0.1; 0.2; 0.2;-2; 25.6;B;0;-;On;On;Off; 27.0; 26.6;0;99;1516;99;1516;99;1330;1;-
2026/04/28;20:37:58;-;-; 53.04; 0.3;-; 69.2; 69.1; 14.9; 7.8; 7.1;2092;-0.1; 0.0; 0.0;-2; 25.6;B;0;-;On;On;Off; 27.6; 27.7;0;99;1516;99;1516;99;1330;1;-
2026/04/28;20:38:58;-;-; 53.01; 0.3;-; 69.1; 68.9; 15.6; 7.8; 7.8;2092;-0.0; 0.2; 0.2;0; 25.6;B;0;-;On;On;Off; 28.9; 28.4;0;99;1516;99;1516;99;1330;1;-
2026/04/28;20:39:58;-;-; 53.04; 0.0;-; 69.7; 69.7; 1.4; 0.7; 0.7;2092; 0.0; 0.3; 0.3;1; 25.6;B;0;-;On;On;Off; 27.3; 26.7;0;99;1516;99;1516;99;1330;1;-
2026/04/28;20:40:58;-;-; 53.03; 0.2;-; 69.8; 69.1; 9.2; 1.4; 7.8;2092;-0.1; 0.1; 0.1;-3; 25.6;B;0;-;On;On;Off; 26.7; 26.6;0;99;1516;99;1516;99;1330;1;-
2026/04/28;20:41:58;-;-; 52.99; 0.3;-; 69.2; 68.9; 16.3; 8.5; 7.8;2092;-0.0; 0.1; 0.1;-2; 25.6;B;0;-;On;On;Off; 28.7; 28.2;0;99;1516;99;1516;99;1330;1;-
2026/04/28;20:42:57;-;-; 53.03; 0.0;-; 69.8; 69.8; 2.1; 1.4; 0.7;2092; 0.0; 0.3; 0.3;2; 25.6;B;0;-;On;On;Off; 28.3; 27.2;0;99;1516;99;1516;99;1330;1;-
2026/04/28;20:43:57;-;-; 53.04; 0.0;-; 69.9; 69.7; 1.4; 0.7; 0.7;2092;-0.0; 0.2; 0.2;0; 25.6;B;0;-;On;On;Off; 26.8; 26.4;0;99;1516;99;1516;99;1330;1;-
2026/04/28;20:44:57;-;-; 52.99; 0.3;-; 69.1; 69.1; 16.3; 8.5; 7.8;2092;-0.0; 0.0; 0.0;-2; 25.6;B;0;-;On;On;Off; 28.3; 28.0;0;99;1516;99;1516;99;1330;1;-
2026/04/28;20:45:57;-;-; 52.99; 0.2;-; 69.2; 69.6; 8.5; 7.8; 0.7;2092; 0.0; 0.3; 0.3;1; 25.6;B;0;-;On;On;Off; 28.9; 28.4;0;99;1516;99;1516;99;1330;1;-
2026/04/28;20:46:57;-;-; 53.03; 0.0;-; 69.5; 69.6; 1.4; 0.7; 0.7;2092; 0.0; 0.3; 0.3;0; 25.6;B;0;-;On;On;Off; 27.1; 26.6;0;99;1516;99;1516;99;1330;1;-
2026/04/28;20:47:57;-;-; 52.97; 0.3;-; 69.2; 69.1; 14.2; 7.1; 7.1;2092;-0.1; 0.0; 0.0;-3; 25.6;B;0;-;On;On;Off; 27.2; 27.5;0;99;1516;99;1516;99;1330;1;-
2026/04/28;20:48:57;-;-; 52.95; 0.3;-; 69.0; 68.9; 13.5; 7.1; 6.4;2092;-0.0; 0.1; 0.1;-1; 25.6;B;0;-;On;On;Off; 28.8; 28.3;0;99;1516;99;1516;99;1330;1;-
2026/04/28;20:49:57;-;-; 52.99; 0.0;-; 69.1; 69.0; 2.1; 1.4; 0.7;2092;-0.0; 0.3; 0.3;-2; 25.6;B;0;-;On;On;Off; 27.5; 26.8;0;99;1516;99;1516;99;1330;1;-
2026/04/28;20:50:57;-;-; 52.99; 0.0;-; 68.9; 68.9; 1.4; 0.7; 0.7;2092;-0.1; 0.1; 0.1;-3; 25.6;B;0;-;On;On;Off; 26.7; 26.3;0;99;1516;99;1516;99;1330;1;-
2026/04/28;20:51:57;-;-; 52.91; 0.2;-; 69.1; 69.0; 11.3; 6.4; 4.9;2092;-0.0; 0.1; 0.1;-2; 25.6;B;0;-;On;On;Off; 28.6; 28.2;0;99;1516;99;1516;99;1330;1;-
2026/04/28;20:52:57;-;-; 52.93; 0.0;-; 68.8; 68.7; 2.1; 1.4; 0.7;2092;-0.1; 0.2; 0.2;-6; 25.6;B;0;-;On;On;Off; 28.7; 27.4;0;99;1516;99;1516;99;1330;1;-
2026/04/28;20:53:57;-;-; 52.95; 0.0;-; 68.7; 68.5; 1.4; 1.4; 0.0;2092;-0.1; 0.1; 0.1;-6; 25.6;B;0;-;On;On;Off; 26.9; 26.4;0;99;1516;99;1516;99;1330;1;-
2026/04/28;20:54:57;-;-; 52.91; 0.1;-; 70.3; 68.9; 6.3; 1.4; 4.9;2092;-0.0; 0.0; 0.0;-2; 25.6;B;0;-;On;On;Off; 28.1; 27.9;0;99;1516;99;1516;99;1330;1;-
2026/04/28;20:55:57;-;-; 52.87; 0.2;-; 69.0; 68.7; 9.8; 4.9; 4.9;2092;-0.1; 0.1; 0.1;-6; 25.6;B;0;-;On;On;Off; 28.9; 28.4;0;99;1516;99;1516;99;1330;1;-
2026/04/28;20:56:57;-;-; 52.91; 0.0;-; 68.2; 68.1; 1.4; 0.7; 0.7;2092;-0.2; 0.2; 0.2;-10; 25.6;B;0;-;On;On;Off; 27.1; 26.6;0;99;1516;99;1516;99;1330;1;-
2026/04/28;20:57:56;-;-; 52.89; 0.1;-; 70.2; 69.0; 6.4; 2.8; 3.5;2093;-0.1; 0.0; 0.0;-3; 25.6;B;0;-;On;On;Off; 26.7; 27.2;0;99;1516;99;1516;99;1330;1;-
2026/04/28;20:58:56;-;-; 52.83; 0.2;-; 69.0; 68.8; 9.2; 4.9; 4.2;2093;-0.1; 0.1; 0.1;-4; 25.6;B;0;-;On;On;Off; 28.7; 28.3;0;99;1516;99;1516;99;1330;1;-
2026/04/28;20:59:56;-;-; 52.89; 0.0;-; 67.9; 67.7; 1.4; 0.7; 0.7;2093;-0.3; 0.2; 0.2;-13; 25.5;B;0;-;On;On;Off; 27.7; 26.9;0;99;1516;99;1516;99;1330;1;-
2026/04/28;21:00:56;-;-; 52.93; 0.0;-; 67.5; 67.6; 2.1; 1.4; 0.7;2093;-0.2; 0.1; 0.1;-8; 25.5;B;0;-;On;On;Off; 26.7; 26.3;0;99;1516;99;1516;99;1330;1;-
2026/04/28;21:01:56;-;-; 52.83; 0.1;-; 69.1; 70.1; 4.2; 4.2; 0.0;2093;-0.0; 0.0; 0.0;-2; 25.5;B;0;-;On;On;Off; 28.4; 28.1;0;99;1516;99;1516;99;1330;1;-
2026/04/28;21:02:56;-;-; 52.83; 0.0;-; 67.6; 67.3; 1.4; 0.7; 0.7;2093;-0.3; 0.1; 0.1;-13; 25.5;B;0;-;On;On;Off; 28.9; 27.7;0;99;1516;99;1516;99;1330;1;-
2026/04/28;21:03:56;-;-; 52.89; 0.0;-; 67.4; 67.3; 1.4; 0.7; 0.7;2093;-0.3; 0.1; 0.1;-13; 25.5;B;0;-;On;On;Off; 26.9; 26.5;0;99;1516;99;1516;99;1330;1;-
2026/04/28;21:04:56;-;-; 52.87; 0.0;-; 70.3; 67.2; 0.0; 0.0; 0.0;2093;-0.1; 0.0; 0.0;-3; 25.5;B;0;-;On;On;Off; 27.6; 26.2;0;99;1516;99;1516;99;1330;1;-
2026/04/28;21:05:56;-;-; 52.85; 0.1;-; 69.0; 67.0; 3.5; 3.5; 0.0;2093;-0.1; 0.1; 0.1;-5; 25.5;B;0;-;On;On;Off; 28.5; 26.3;0;99;1516;99;1516;99;1330;1;-
2026/04/28;21:06:56;-;-; 52.89; 0.0;-; 67.0; 66.8; 2.1; 1.4; 0.7;2093;-0.2; 0.1; 0.1;-10; 25.5;B;0;-;On;On;Off; 26.9; 26.2;0;99;1516;99;1516;99;1330;1;-
2026/04/28;21:07:56;-;-; 52.89; 0.0;-; 66.8; 66.6; 1.4; 0.7; 0.7;2093;-0.1; 0.0; 0.0;-5; 25.5;B;0;-;On;On;Off; 26.4; 26.1;0;99;1516;99;1516;99;1330;1;-
2026/04/28;21:08:56;-;-; 52.91; 0.0;-; 66.6; 66.5; 0.7; 0.7; 0.0;2093;-0.1; 0.0; 0.0;-3; 25.5;B;0;-;On;On;Off; 26.3; 25.9;0;99;1516;99;1516;99;1330;1;-
2026/04/28;21:09:56;-;-; 52.95; 0.0;-; 66.4; 66.3; 0.7; 0.7; 0.0;2093;-0.1; 0.0; 0.0;-3; 25.5;B;0;-;On;On;Off; 26.2; 25.8;0;99;1516;99;1516;99;1330;1;-
2026/04/28;21:10:56;-;-; 52.93; 0.0;-; 66.1; 66.0; 1.4; 0.7; 0.7;2093;-0.1; 0.0; 0.0;-3; 25.5;B;0;-;On;On;Off; 26.0; 25.6;0;99;1516;99;1516;99;1330;1;-
2026/04/28;21:11:56;-;-; 52.95; 0.0;-; 65.9; 65.9; 1.4; 0.7; 0.7;2093;-0.1; 0.0; 0.0;-3; 25.5;B;0;-;On;On;Off; 26.0; 25.6;0;99;1516;99;1516;99;1330;1;-
2026/04/28;21:12:56;-;-; 52.97; 0.0;-; 65.7; 65.6; 2.1; 1.4; 0.7;2093;-0.1; 0.0; 0.0;-3; 25.5;B;0;-;On;On;Off; 25.9; 25.5;0;99;1516;99;1516;99;1330;1;-
2026/04/28;21:13:55;-;-; 52.97; 0.0;-; 65.5; 65.4; 1.4; 1.4; 0.0;2093;-0.1; 0.0; 0.0;-3; 25.5;B;0;-;On;On;Off; 25.8; 25.4;0;99;1516;99;1516;99;1330;1;-
2026/04/28;21:14:55;-;-; 52.97; 0.0;-; 65.3; 65.1; 1.4; 1.4; 0.0;2093;-0.1; 0.0; 0.0;-3; 25.4;B;0;-;On;On;Off; 25.8; 25.4;0;99;1516;99;1516;99;1330;1;-
2026/04/28;21:15:55;-;-; 52.99; 0.0;-; 65.1; 65.2; 1.4; 0.7; 0.7;2093;-0.1; 0.0; 0.0;-3; 25.5;B;0;-;On;On;Off; 25.7; 25.3;0;99;1516;99;1516;99;1330;1;-
2026/04/28;21:16:55;-;-; 52.99; 0.0;-; 65.1; 65.0; 1.4; 0.7; 0.7;2093;-0.1; 0.0; 0.0;-3; 25.4;B;0;-;On;On;Off; 25.6; 25.2;0;99;1516;99;1516;99;1330;1;-
2026/04/28;21:17:55;-;-; 52.99; 0.0;-; 64.9; 64.8; 2.1; 1.4; 0.7;2093;-0.1; 0.0; 0.0;-2; 25.4;B;0;-;On;On;Off; 25.5; 25.2;0;99;1516;99;1516;99;1330;1;-
2026/04/28;21:18:55;-;-; 52.99; 0.0;-; 64.7; 64.6; 1.4; 0.7; 0.7;2093;-0.1; 0.0; 0.0;-3; 25.4;B;0;-;On;On;Off; 25.5; 25.1;0;99;1516;99;1516;99;1330;1;-
2026/04/28;21:19:55;-;-; 52.97; 0.0;-; 64.6; 64.4; 1.4; 0.7; 0.7;2093;-0.1; 0.0; 0.0;-3; 25.4;B;0;-;On;On;Off; 25.4; 25.0;0;99;1516;99;1516;99;1330;1;-
2026/04/28;21:20:55;-;-; 52.97; 0.0;-; 64.3; 64.2; 2.1; 1.4; 0.7;2093;-0.1; 0.0; 0.0;-3; 25.4;B;0;-;On;On;Off; 25.3; 24.9;0;99;1516;99;1516;99;1330;1;-
2026/04/28;21:21:55;-;-; 52.99; 0.0;-; 64.1; 64.0; 2.1; 1.4; 0.7;2093;-0.1; 0.0; 0.0;-2; 25.4;B;0;-;On;On;Off; 25.3; 24.9;0;99;1516;99;1516;99;1330;1;-
2026/04/28;21:22:55;-;-; 52.97; 0.0;-; 63.9; 63.6; 2.1; 1.4; 0.7;2093;-0.1; 0.0; 0.0;-2; 25.4;B;0;-;On;On;Off; 25.2; 24.9;0;99;1516;99;1516;99;1330;1;-
2026/04/28;21:23:55;-;-; 52.97; 0.0;-; 63.4; 63.3; 2.1; 1.4; 0.7;2093;-0.1; 0.0; 0.0;-3; 25.4;B;0;-;On;On;Off; 25.2; 24.8;0;99;1516;99;1516;99;1330;1;-
2026/04/28;21:24:55;-;-; 52.97; 0.0;-; 63.2; 63.0; 1.4; 1.4; 0.0;2093;-0.1; 0.0; 0.0;-2; 25.4;B;0;-;On;On;Off; 25.2; 24.8;0;99;1516;99;1516;99;1330;1;-
2026/04/28;21:25:55;-;-; 52.97; 0.0;-; 63.0; 62.6; 2.1; 1.4; 0.7;2093;-0.1; 0.0; 0.0;-3; 25.4;B;0;-;On;On;Off; 25.1; 24.7;0;99;1516;99;1516;99;1330;1;-
2026/04/28;21:26:55;-;-; 52.97; 0.0;-; 62.4; 62.1; 2.1; 1.4; 0.7;2093;-0.1; 0.0; 0.0;-3; 25.4;B;0;-;On;On;Off; 25.0; 24.6;0;99;1516;99;1516;99;1330;1;-
2026/04/28;21:27:55;-;-; 52.97; 0.1;-; 62.1; 65.1; 4.9; 0.7; 4.2;2093;-0.1; 0.0; 0.0;-3; 25.4;B;0;-;On;On;Off; 25.0; 24.6;0;99;1516;99;1516;99;1330;1;-
2026/04/28;21:28:54;-;-; 52.97; 0.0;-; 61.7; 61.6; 2.1; 1.4; 0.7;2093;-0.1; 0.0; 0.0;-3; 25.3;B;0;-;On;On;Off; 25.0; 24.6;0;99;1516;99;1516;99;1330;1;-
2026/04/28;21:29:54;-;-; 52.97; 0.0;-; 61.5; 61.3; 2.1; 1.4; 0.7;2093;-0.1; 0.0; 0.0;-3; 25.3;B;0;-;On;On;Off; 24.9; 24.5;0;99;1516;99;1516;99;1330;1;-
2026/04/28;21:30:54;-;-; 52.99; 0.0;-; 61.3; 61.2; 2.1; 1.4; 0.7;2093;-0.1; 0.0; 0.0;-3; 25.3;B;0;-;On;On;Off; 24.9; 24.5;0;99;1516;99;1516;99;1330;1;-
2026/04/28;21:31:54;-;-; 52.97; 0.0;-; 61.1; 60.9; 2.1; 1.4; 0.7;2093;-0.1; 0.0; 0.0;-3; 25.3;B;0;-;On;On;Off; 24.9; 24.5;0;99;1516;99;1516;99;1330;1;-
2026/04/28;21:32:54;-;-; 52.99; 0.0;-; 61.1; 60.7; 2.1; 1.4; 0.7;2093;-0.1; 0.0; 0.0;-3; 25.3;B;0;-;On;On;Off; 24.8; 24.4;0;99;1516;99;1516;99;1330;1;-
2026/04/28;21:33:54;-;-; 52.97; 0.0;-; 60.7; 60.5; 2.1; 1.4; 0.7;2093;-0.1; 0.0; 0.0;-3; 25.3;B;0;-;On;On;Off; 24.7; 24.3;0;99;1516;99;1516;99;1330;1;-
2026/04/28;21:34:54;-;-; 52.97; 0.0;-; 60.4; 60.3; 1.4; 1.4; 0.0;2093;-0.1; 0.0; 0.0;-3; 25.3;B;0;-;On;On;Off; 24.7; 24.3;0;99;1516;99;1516;99;1330;1;-
2026/04/28;21:35:54;-;-; 52.97; 0.0;-; 60.2; 60.0; 2.1; 1.4; 0.7;2093;-0.1; 0.0; 0.0;-3; 25.3;B;0;-;On;On;Off; 24.7; 24.3;0;99;1516;99;1516;99;1330;1;-
2026/04/28;21:36:54;-;-; 52.97; 0.0;-; 59.8; 59.6; 1.4; 1.4;-;2093;-0.1; 0.0; 0.0;-3; 25.3;B;0;-;On;On;Off; 24.6; 24.3;0;99;1516;99;1516;99;1330;1;-
2026/04/28;21:37:54;-;-; 52.97; 0.0;-; 59.7; 59.4; 0.0;-;-;2093;-0.1; 0.0; 0.0;-2; 25.2;B;0;-;On;On;Off; 24.6; 24.2;0;99;1516;99;1516;99;1330;0;-
2026/04/28;21:38:54;-;-; 53.01; 0.0;-; 59.3; 58.9; 0.0;-;-;2093;-0.1; 0.0; 0.0;-3; 25.2;B;0;-;On;On;Off; 24.5; 24.2;0;99;1516;99;1516;99;1330;0;-
2026/04/28;21:39:54;-;-; 53.01; 0.0;-; 58.8; 58.5; 0.0;-;-;2093;-0.1; 0.0; 0.0;-2; 25.2;B;0;-;On;On;Off; 24.4; 24.1;0;99;1516;99;1516;99;1330;0;-
2026/04/28;21:40:54;-;-; 53.01; 0.0;-; 58.3; 57.9; 0.0;-;-;2093;-0.1; 0.0; 0.0;-2; 25.2;B;0;-;On;On;Off; 24.3; 24.1;0;99;1516;99;1516;99;1330;0;-
2026/04/28;21:41:54;-;-; 53.01; 0.0;-; 57.8; 57.4; 0.0;-;-;2093;-0.1; 0.0; 0.0;-2; 25.2;B;0;-;On;On;Off; 24.3; 24.0;0;99;1516;99;1516;99;1330;0;-
2026/04/28;21:42:54;-;-; 53.01; 0.0;-; 57.3; 56.8; 0.0;-;-;2093;-0.1; 0.0; 0.0;-3; 25.2;B;0;-;On;On;Off; 24.3; 24.0;0;99;1516;99;1516;99;1330;0;-
2026/04/28;21:43:53;-;-; 53.01; 0.0;-; 56.6; 55.9; 0.0;-;-;2093;-0.1; 0.0; 0.0;-3; 25.2;B;0;-;On;On;Off; 24.2; 23.9;0;99;1516;99;1516;99;1330;0;-
2026/04/28;21:44:53;-;-; 52.99; 0.0;-; 55.9; 55.4; 0.0;-;-;2093;-0.1; 0.0; 0.0;-3; 25.2;B;0;-;On;On;Off; 24.2; 23.9;0;99;1516;99;1516;99;1330;0;-
2026/04/28;21:45:53;-;-; 52.99; 0.0;-; 55.1; 54.6; 0.0;-;-;2093;-0.1; 0.0; 0.0;-3; 25.2;B;0;-;On;On;Off; 24.1; 23.8;0;99;1516;99;1516;99;1330;0;-
2026/04/28;21:46:53;-;-; 53.01; 0.0;-; 54.5; 53.7; 0.0;-;-;2093;-0.1; 0.0; 0.0;-3; 25.2;B;0;-;On;On;Off; 24.1; 23.8;0;99;1516;99;1516;99;1330;0;-
2026/04/28;21:47:53;-;-; 52.99; 0.0;-; 53.6; 52.7; 0.0;-;-;2093;-0.1; 0.0; 0.0;-3; 25.2;B;0;-;On;On;Off; 24.0; 23.8;0;99;1516;99;1516;99;1330;0;-
2026/04/28;21:48:53;-;-; 53.01; 0.0;-; 52.6; 51.9; 0.0;-;-;2093;-0.1; 0.0; 0.0;-3; 25.2;B;0;-;On;On;Off; 24.0; 23.7;0;99;1516;99;1516;99;1330;0;-
2026/04/28;21:49:53;-;-; 53.01; 0.0;-; 51.8; 50.8; 0.0;-;-;2093;-0.1; 0.0; 0.0;-3; 25.2;B;0;-;On;On;Off; 24.0; 23.7;0;99;1516;99;1516;99;1330;0;-
2026/04/28;21:50:53;-;-; 53.01; 0.0;-; 50.8; 49.9; 0.0;-;-;2093;-0.1; 0.0; 0.0;-3; 25.1;B;0;-;On;On;Off; 23.9; 23.7;0;99;1516;99;1516;99;1330;0;-
2026/04/28;21:51:53;-;-; 52.99; 0.0;-; 49.9; 49.0; 0.0;-;-;2093;-0.1; 0.0; 0.0;-3; 25.1;B;0;-;On;On;Off; 23.9; 23.6;0;99;1516;99;1516;99;1330;0;-
2026/04/28;21:52:53;-;-; 53.01; 0.0;-; 48.9; 47.9; 0.0;-;-;2093;-0.1; 0.0; 0.0;-3; 25.1;B;0;-;On;On;Off; 23.9; 23.6;0;99;1516;99;1516;99;1330;0;-
2026/04/28;21:53:53;-;-; 53.01; 0.0;-; 48.0; 47.0; 0.0;-;-;2093;-0.1; 0.0; 0.0;-3; 25.1;B;0;-;On;On;Off; 23.8; 23.6;0;99;1516;99;1516;99;1330;0;-
2026/04/28;21:54:53;-;-; 53.01; 0.0;-; 47.1; 46.1; 0.0;-;-;2093;-0.1; 0.0; 0.0;-3; 25.1;B;0;-;On;On;Off; 23.8; 23.5;0;99;1516;99;1516;99;1330;0;-
2026/04/28;21:55:53;-;-; 53.01; 0.0;-; 46.1; 45.0; 0.0;-;-;2093;-0.1; 0.0; 0.0;-3; 25.1;B;0;-;On;On;Off; 23.8; 23.5;0;99;1516;99;1516;99;1330;0;-
2026/04/28;21:56:53;-;-; 53.01; 0.0;-; 45.2; 44.0; 0.0;-;-;2093;-0.1; 0.0; 0.0;-3; 25.1;B;0;-;On;On;Off; 23.8; 23.5;0;99;1516;99;1516;99;1330;0;-
2026/04/28;21:57:53;-;-; 52.99; 0.0;-; 44.1; 43.0; 0.0;-;-;2094;-0.1; 0.0; 0.0;-3; 25.1;B;0;-;On;On;Off; 23.7; 23.4;0;99;1516;99;1516;99;1330;0;-
2026/04/28;21:58:53;-;-; 52.99; 0.0;-; 43.3; 42.0; 0.0;-;-;2094;-0.1; 0.0; 0.0;-3; 25.1;B;0;-;On;On;Off; 23.7; 23.4;0;99;1516;99;1516;99;1330;0;-
2026/04/28;21:59:52;-;-; 52.99; 0.0;-; 42.2; 41.1; 0.0;-;-;2094;-0.1; 0.0; 0.0;-3; 25.1;B;0;-;On;On;Off; 23.7; 23.4;0;99;1516;99;1516;99;1330;0;-
2026/04/28;22:00:52;-;-; 53.01; 0.0;-; 41.2; 40.4; 0.0;-;-;2094;-0.1; 0.0; 0.0;-3; 25.1;B;0;-;On;On;Off; 23.6; 23.4;0;99;1516;99;1516;99;1330;0;-
2026/04/28;22:01:52;-;-; 53.01; 0.0;-; 40.4; 39.3; 0.0;-;-;2094;-0.1; 0.0; 0.0;-3; 25.1;B;0;-;On;On;Off; 23.6; 23.3;0;99;1516;99;1516;99;1330;0;-
2026/04/28;22:02:52;-;-; 52.99; 0.0;-; 39.3; 38.3; 0.0;-;-;2094;-0.1; 0.0; 0.0;-3; 25.1;B;0;-;On;On;Off; 23.6; 23.3;0;99;1516;99;1516;99;1330;0;-
2026/04/28;22:03:52;-;-; 52.99; 0.0;-; 38.3; 37.4; 0.0;-;-;2094;-0.1; 0.0; 0.0;-3; 25.1;B;0;-;On;On;Off; 23.6; 23.3;0;99;1516;99;1516;99;1330;0;-
2026/04/28;22:04:52;-;-; 52.99; 0.0;-; 37.2; 36.4; 0.0;-;-;2094;-0.1; 0.0; 0.0;-2; 25.1;B;0;-;On;On;Off; 23.5; 23.3;0;99;1516;99;1516;99;1330;0;-
2026/04/28;22:05:52;-;-; 52.99; 0.0;-; 36.3; 35.5; 0.0;-;-;2094;-0.1; 0.0; 0.0;-3; 25.0;B;0;-;On;On;Off; 23.5; 23.2;0;99;1516;99;1516;99;1330;0;-
2026/04/28;22:06:52;-;-; 52.99; 0.0;-; 35.3; 34.7; 0.0;-;-;2094;-0.1; 0.0; 0.0;-2; 25.1;B;0;-;On;On;Off; 23.5; 23.2;0;99;1516;99;1516;99;1330;0;-
2026/04/28;22:07:52;-;-; 52.99; 0.0;-; 34.4; 33.8; 0.0;-;-;2094;-0.1; 0.0; 0.0;-2; 25.0;B;0;-;On;On;Off; 23.5; 23.2;0;99;1516;99;1516;99;1330;0;-
2026/04/28;22:08:52;-;-; 52.99; 0.0;-; 33.3; 32.9; 0.0;-;-;2094;-0.1; 0.0; 0.0;-3; 25.1;B;0;-;On;On;Off; 23.5; 23.2;0;99;1516;99;1516;99;1330;0;-
2026/04/28;22:09:52;-;-; 52.99; 0.0;-; 32.4; 32.0; 0.0;-;-;2094;-0.1; 0.0; 0.0;-3; 25.0;B;0;-;On;On;Off; 23.4; 23.1;0;99;1516;99;1516;99;1330;0;-
2026/04/28;22:10:52;-;-; 52.99; 0.0;-; 31.4; 31.0; 0.0;-;-;2094;-0.1; 0.0; 0.0;-3; 25.0;B;0;-;On;On;Off; 23.4; 23.1;0;99;1516;99;1516;99;1330;0;-
2026/04/28;22:11:52;-;-; 52.99; 0.0;-; 30.4; 30.3; 0.0;-;-;2094;-0.1; 0.0; 0.0;-3; 25.1;B;0;-;On;On;Off; 23.4; 23.1;0;99;1516;99;1516;99;1330;0;-
2026/04/28;22:12:52;-;-; 52.99; 0.0;-; 29.5; 29.4; 0.0;-;-;2094;-0.1; 0.0; 0.0;-3; 25.0;B;0;-;On;On;Off; 23.4; 23.1;0;99;1516;99;1516;99;1330;0;-
2026/04/28;22:13:52;-;-; 52.99; 0.0;-; 28.8; 28.5; 0.0;-;-;2094;-0.1; 0.0; 0.0;-3; 25.0;B;0;-;On;On;Off; 23.3; 23.1;0;99;1516;99;1516;99;1330;0;-
2026/04/28;22:14:51;-;-; 52.99; 0.0;-; 27.7; 27.8; 0.0;-;-;2094;-0.1; 0.0; 0.0;-3; 25.0;B;0;-;On;On;Off; 23.3; 23.1;0;99;1516;99;1516;99;1330;0;-
2026/04/28;22:15:51;-;-; 52.97; 0.0;-; 26.8; 27.0; 0.0;-;-;2094;-0.1; 0.0; 0.0;-3; 25.0;B;0;-;On;On;Off; 23.3; 23.0;0;99;1516;99;1516;99;1330;0;-
2026/04/28;22:16:51;-;-; 52.97; 0.0;-; 26.0; 26.1; 0.0;-;-;2094;-0.1; 0.0; 0.0;-3; 25.0;B;0;-;On;On;Off; 23.3; 23.0;0;99;1516;99;1516;99;1330;0;-
2026/04/28;22:17:51;-;-; 52.99; 0.0;-; 25.2; 25.5; 0.0;-;-;2094;-0.1; 0.0; 0.0;-3; 25.0;B;0;-;On;On;Off; 23.3; 23.0;0;99;1516;99;1516;99;1330;0;-
2026/04/28;22:18:51;-;-; 52.99; 0.0;-; 26.1; 24.9; 0.0;-;-;2094;-0.1; 0.0; 0.0;-3; 25.0;B;0;-;On;On;Off; 23.3; 23.0;0;99;1516;99;1516;99;1330;0;-
2026/04/28;22:19:51;-;-; 52.99; 0.0;-; 23.8; 24.3; 0.0;-;-;2094;-0.1; 0.0; 0.0;-3; 25.0;B;0;-;On;On;Off; 23.2; 23.0;0;99;1516;99;1516;99;1330;0;-
2026/04/28;22:20:51;-;-; 52.99; 0.0;-; 23.2; 23.6; 0.0;-;-;2094;-0.1; 0.0; 0.0;-3; 25.0;B;0;-;On;On;Off; 23.2; 23.0;0;99;1516;99;1516;99;1330;0;-
2026/04/28;22:21:51;-;-; 52.99; 0.0;-; 22.6; 23.1; 0.0;-;-;2094;-0.1; 0.0; 0.0;-3; 25.0;B;0;-;On;On;Off; 23.2; 22.9;0;99;1516;99;1516;99;1330;0;-
2026/04/28;22:22:51;-;-; 52.99; 0.0;-; 21.8; 22.5; 0.0;-;-;2094;-0.1; 0.0; 0.0;-3; 25.0;B;0;-;On;On;Off; 23.2; 22.9;0;99;1516;99;1516;99;1330;0;-
2026/04/28;22:23:51;-;-; 52.99; 0.0;-; 21.4; 22.1; 0.0;-;-;2094;-0.1; 0.0; 0.0;-3; 25.0;B;0;-;On;On;Off; 23.2; 22.9;0;99;1516;99;1516;99;1330;0;-
2026/04/28;22:24:51;-;-; 52.99; 0.0;-; 20.9; 21.7; 0.0;-;-;2094;-0.1; 0.0; 0.0;-3; 25.0;B;0;-;On;On;Off; 23.2; 22.9;0;99;1516;99;1516;99;1330;0;-
2026/04/28;22:25:51;-;-; 52.97; 0.0;-; 20.4; 21.3; 0.0;-;-;2094;-0.1; 0.0; 0.0;-3; 25.0;B;0;-;On;On;Off; 23.2; 22.9;0;99;1516;99;1516;99;1330;0;-
2026/04/28;22:26:51;-;-; 52.97; 0.0;-; 20.0; 21.0; 0.0;-;-;2094;-0.1; 0.0; 0.0;-3; 25.0;B;0;-;On;On;Off; 23.1; 22.9;0;99;1516;99;1516;99;1330;0;-
2026/04/28;22:27:51;-;-; 52.97; 0.0;-; 19.5; 20.4; 0.0;-;-;2094;-0.1; 0.0; 0.0;-3; 25.0;B;0;-;On;On;Off; 23.1; 22.9;0;99;1516;99;1516;99;1330;0;-
2026/04/28;22:28:51;-;-; 52.97; 0.0;-; 19.0; 20.3; 0.0;-;-;2094;-0.1; 0.0; 0.0;-3; 25.0;B;0;-;On;On;Off; 23.1; 22.9;0;99;1516;99;1516;99;1330;0;-
2026/04/28;22:29:51;-;-; 52.97; 0.0;-; 18.7; 19.9; 0.0;-;-;2094;-0.1; 0.0; 0.0;-3; 25.0;B;0;-;On;On;Off; 23.1; 22.8;0;99;1516;99;1516;99;1330;0;-
2026/04/28;22:30:50;-;-; 52.97; 0.0;-; 18.4; 19.7; 0.0;-;-;2094;-0.1; 0.0; 0.0;-3; 25.0;B;0;-;On;On;Off; 23.1; 22.8;0;99;1516;99;1516;99;1330;0;-
2026/04/28;22:31:50;-;-; 52.97; 0.0;-; 18.1; 19.5; 0.0;-;-;2094;-0.1; 0.0; 0.0;-4; 24.9;B;0;-;On;On;Off; 23.1; 22.8;0;99;1516;99;1516;99;1330;0;-
2026/04/28;22:32:50;-;-; 52.97; 0.0;-; 17.8; 19.2; 0.0;-;-;2094;-0.1; 0.0; 0.0;-4; 24.9;B;0;-;On;On;Off; 23.1; 22.8;0;99;1516;99;1516;99;1330;0;-
2026/04/28;22:33:50;-;-; 52.97; 0.0;-; 17.5; 18.9; 0.0;-;-;2094;-0.1; 0.0; 0.0;-3; 24.9;B;0;-;On;On;Off; 23.1; 22.8;0;99;1516;99;1516;99;1330;0;-
2026/04/28;22:34:50;-;-; 52.97; 0.0;-; 17.2; 18.7; 0.0;-;-;2094;-0.1; 0.0; 0.0;-3; 24.9;B;0;-;On;On;Off; 23.0; 22.8;0;99;1516;99;1516;99;1330;0;-
2026/04/28;22:35:50;-;-; 52.97; 0.0;-; 17.0; 18.4; 0.0;-;-;2094;-0.1; 0.0; 0.0;-3; 24.9;B;0;-;On;On;Off; 23.0; 22.8;0;99;1516;99;1516;99;1330;0;-
2026/04/28;22:36:50;-;-; 52.95; 0.0;-; 16.8; 18.3; 0.0;-;-;2094;-0.1; 0.0; 0.0;-3; 24.9;B;0;-;On;On;Off; 23.0; 22.8;0;99;1516;99;1516;99;1330;0;-
2026/04/28;22:37:50;-;-; 52.95; 0.0;-; 16.5; 18.0; 0.0;-;-;2094;-0.1; 0.0; 0.0;-4; 24.9;B;0;-;On;On;Off; 23.0; 22.8;0;99;1516;99;1516;99;1330;0;-
2026/04/28;22:38:50;-;-; 52.95; 0.0;-; 16.4; 17.9; 0.0;-;-;2094;-0.1; 0.0; 0.0;-4; 24.9;B;0;-;On;On;Off; 23.0; 22.8;0;99;1516;99;1516;99;1330;0;-
2026/04/28;22:39:50;-;-; 52.95; 0.0;-; 16.2; 17.7; 0.0;-;-;2094;-0.1; 0.0; 0.0;-4; 24.9;B;0;-;On;On;Off; 23.0; 22.7;0;99;1516;99;1516;99;1330;0;-
2026/04/28;22:40:50;-;-; 52.97; 0.0;-; 16.0; 17.8; 0.0;-;-;2094;-0.1; 0.0; 0.0;-4; 24.9;B;0;-;On;On;Off; 23.0; 22.7;0;99;1516;99;1516;99;1330;0;-
2026/04/28;22:41:50;-;-; 52.97; 0.0;-; 16.0; 17.7; 0.0;-;-;2094;-0.1; 0.0; 0.0;-4; 24.9;B;0;-;On;On;Off; 23.0; 22.7;0;99;1516;99;1516;99;1330;0;-
2026/04/28;22:42:50;-;-; 52.97; 0.0;-; 15.8; 17.5; 0.0;-;-;2094;-0.1; 0.0; 0.0;-4; 24.9;B;0;-;On;On;Off; 23.0; 22.7;0;99;1516;99;1516;99;1330;0;-
2026/04/28;22:43:50;-;-; 52.97; 0.0;-; 15.7; 17.4; 0.0;-;-;2094;-0.1; 0.0; 0.0;-3; 24.9;B;0;-;On;On;Off; 23.0; 22.7;0;99;1516;99;1516;99;1330;0;-
2026/04/28;22:44:50;-;-; 52.97; 0.0;-; 15.6; 17.3; 0.0;-;-;2094;-0.1; 0.0; 0.0;-3; 24.9;B;0;-;On;On;Off; 23.0; 22.7;0;99;1516;99;1516;99;1330;0;-
2026/04/28;22:45:49;-;-; 52.97; 0.0;-; 15.5; 17.3; 0.0;-;-;2094;-0.1; 0.0; 0.0;-4; 24.9;B;0;-;On;On;Off; 23.0; 22.7;0;99;1516;99;1516;99;1330;0;-
2026/04/28;22:46:49;-;-; 52.97; 0.0;-; 15.5; 17.2; 0.0;-;-;2094;-0.1; 0.0; 0.0;-3; 24.8;B;0;-;On;On;Off; 22.9; 22.7;0;99;1516;99;1516;99;1330;0;-
2026/04/28;22:47:49;-;-; 52.97; 0.0;-; 15.3; 17.2; 0.0;-;-;2094;-0.1; 0.0; 0.0;-3; 24.8;B;0;-;On;On;Off; 22.9; 22.7;0;99;1516;99;1516;99;1330;0;-
2026/04/28;22:48:49;-;-; 52.95; 0.0;-; 15.2; 17.0; 0.0;-;-;2094;-0.1; 0.0; 0.0;-3; 24.9;B;0;-;On;On;Off; 22.9; 22.7;0;99;1516;99;1516;99;1330;0;-
2026/04/28;22:49:49;-;-; 52.97; 0.0;-; 15.2; 17.0; 0.0;-;-;2094;-0.1; 0.0; 0.0;-3; 24.8;B;0;-;On;On;Off; 22.9; 22.7;0;99;1516;99;1516;99;1330;0;-
2026/04/28;22:50:49;-;-; 52.93; 0.0;-; 15.0; 17.0; 0.0;-;-;2094;-0.1; 0.0; 0.0;-4; 24.8;B;0;-;On;On;Off; 22.9; 22.6;0;99;1516;99;1516;99;1330;0;-
2026/04/28;22:51:49;-;-; 52.95; 0.0;-; 15.0; 16.9; 0.0;-;-;2094;-0.1; 0.0; 0.0;-4; 24.8;B;0;-;On;On;Off; 22.9; 22.6;0;99;1516;99;1516;99;1330;0;-
2026/04/28;22:52:49;-;-; 52.95; 0.0;-; 15.0; 16.7; 0.0;-;-;2094;-0.1; 0.0; 0.0;-4; 24.8;B;0;-;On;On;Off; 22.9; 22.6;0;99;1516;99;1516;99;1330;0;-
2026/04/28;22:53:49;-;-; 52.95; 0.0;-; 14.9; 16.9; 0.0;-;-;2094;-0.1; 0.0; 0.0;-3; 24.8;B;0;-;On;On;Off; 22.9; 22.6;0;99;1516;99;1516;99;1330;0;-
2026/04/28;22:54:49;-;-; 52.95; 0.0;-; 14.9; 16.7; 0.0;-;-;2094;-0.1; 0.0; 0.0;-4; 24.8;B;0;-;On;On;Off; 22.9; 22.6;0;99;1516;99;1516;99;1330;0;-
2026/04/28;22:55:49;-;-; 52.95; 0.0;-; 14.8; 16.8; 0.0;-;-;2094;-0.1; 0.0; 0.0;-4; 24.8;B;0;-;On;On;Off; 22.9; 22.6;0;99;1516;99;1516;99;1330;0;-
2026/04/28;22:56:49;-;-; 52.93; 0.0;-; 14.8; 16.7; 0.0;-;-;2094;-0.1; 0.0; 0.0;-4; 24.8;B;0;-;On;On;Off; 22.9; 22.6;0;99;1516;99;1516;99;1330;0;-
2026/04/28;22:57:49;-;-; 52.95; 0.0;-; 14.7; 16.7; 0.0;-;-;2095;-0.1; 0.0; 0.0;-4; 24.8;B;0;-;On;On;Off; 22.8; 22.6;0;99;1516;99;1516;99;1330;0;-
2026/04/28;22:58:49;-;-; 52.93; 0.0;-; 14.8; 16.8; 0.0;-;-;2095;-0.1; 0.0; 0.0;-4; 24.8;B;0;-;On;On;Off; 22.8; 22.6;0;99;1516;99;1516;99;1330;0;-
2026/04/28;22:59:49;-;-; 52.95; 0.0;-; 14.7; 16.7; 0.0;-;-;2095;-0.1; 0.0; 0.0;-4; 24.8;B;0;-;On;On;Off; 22.8; 22.6;0;99;1516;99;1516;99;1330;0;-
2026/04/28;23:00:49;-;-; 52.95; 0.0;-; 14.7; 16.6; 0.0;-;-;2095;-0.1; 0.0; 0.0;-4; 24.7;B;0;-;On;On;Off; 22.8; 22.6;0;99;1516;99;1516;99;1330;0;-
2026/04/28;23:01:48;-;-; 52.95; 0.0;-; 14.7; 16.5; 0.0;-;-;2095;-0.1; 0.0; 0.0;-4; 24.7;B;0;-;On;On;Off; 22.8; 22.6;0;99;1516;99;1516;99;1330;0;-
2026/04/28;23:02:48;-;-; 52.95; 0.0;-; 15.3; 16.7; 0.0;-;-;2095;-0.1; 0.0; 0.0;-4; 24.7;B;0;-;On;On;Off; 22.8; 22.6;0;99;1516;99;1516;99;1330;0;-
2026/04/28;23:03:48;-;-; 52.95; 0.0;-; 14.7; 16.6; 0.0;-;-;2095;-0.1; 0.0; 0.0;-4; 24.7;B;0;-;On;On;Off; 22.8; 22.6;0;99;1516;99;1516;99;1330;0;-
2026/04/28;23:04:48;-;-; 52.95; 0.0;-; 14.5; 16.4; 0.0;-;-;2095;-0.1; 0.0; 0.0;-4; 24.7;B;0;-;On;On;Off; 22.8; 22.6;0;99;1516;99;1516;99;1330;0;-
2026/04/28;23:05:48;-;-; 52.95; 0.0;-; 14.6; 16.6; 0.0;-;-;2095;-0.1; 0.0; 0.0;-4; 24.7;B;0;-;On;On;Off; 22.8; 22.5;0;99;1516;99;1516;99;1330;0;-
2026/04/28;23:06:48;-;-; 52.95; 0.0;-; 14.5; 16.4; 0.0;-;-;2095;-0.1; 0.0; 0.0;-4; 24.7;B;0;-;On;On;Off; 22.8; 22.5;0;99;1516;99;1516;99;1330;0;-
2026/04/28;23:07:48;-;-; 52.95; 0.0;-; 14.6; 16.6; 0.0;-;-;2095;-0.1; 0.0; 0.0;-4; 24.7;B;0;-;On;On;Off; 22.8; 22.5;0;99;1516;99;1516;99;1330;0;-
2026/04/28;23:08:48;-;-; 52.95; 0.0;-; 14.5; 16.4; 0.0;-;-;2095;-0.1; 0.0; 0.0;-4; 24.7;B;0;-;On;On;Off; 22.8; 22.5;0;99;1516;99;1516;99;1330;0;-
2026/04/28;23:09:48;-;-; 52.95; 0.0;-; 14.5; 16.6; 0.0;-;-;2095;-0.1; 0.0; 0.0;-4; 24.7;B;0;-;On;On;Off; 22.8; 22.5;0;99;1516;99;1516;99;1330;0;-
2026/04/28;23:10:48;-;-; 52.93; 0.0;-; 14.5; 16.5; 0.0;-;-;2095;-0.1; 0.0; 0.0;-4; 24.7;B;0;-;On;On;Off; 22.8; 22.5;0;99;1516;99;1516;99;1330;0;-
2026/04/28;23:11:48;-;-; 52.95; 0.0;-; 14.5; 16.5; 0.0;-;-;2095;-0.1; 0.0; 0.0;-4; 24.7;B;0;-;On;On;Off; 22.8; 22.5;0;99;1516;99;1516;99;1330;0;-
2026/04/28;23:12:48;-;-; 52.95; 0.0;-; 14.6; 16.5; 0.0;-;-;2095;-0.1; 0.0; 0.0;-4; 24.7;B;0;-;On;On;Off; 22.8; 22.5;0;99;1516;99;1516;99;1330;0;-
2026/04/28;23:13:48;-;-; 52.95; 0.0;-; 14.4; 16.5; 0.0;-;-;2095;-0.1; 0.0; 0.0;-4; 24.7;B;0;-;On;On;Off; 22.8; 22.5;0;99;1516;99;1516;99;1330;0;-
2026/04/28;23:14:48;-;-; 52.95; 0.0;-; 14.5; 16.6; 0.0;-;-;2095;-0.1; 0.0; 0.0;-4; 24.7;B;0;-;On;On;Off; 22.8; 22.5;0;99;1516;99;1516;99;1330;0;-
2026/04/28;23:15:48;-;-; 52.95; 0.0;-; 14.5; 16.5; 0.0;-;-;2095;-0.1; 0.0; 0.0;-4; 24.7;B;0;-;On;On;Off; 22.7; 22.5;0;99;1516;99;1516;99;1330;0;-
2026/04/28;23:16:48;-;-; 52.93; 0.0;-; 14.5; 16.6; 0.0;-;-;2095;-0.1; 0.0; 0.0;-4; 24.7;B;0;-;On;On;Off; 22.7; 22.5;0;99;1516;99;1516;99;1330;0;-
2026/04/28;23:17:47;-;-; 52.93; 0.0;-; 14.5; 16.6; 0.0;-;-;2095;-0.1; 0.0; 0.0;-4; 24.7;B;0;-;On;On;Off; 22.8; 22.5;0;99;1516;99;1516;99;1330;0;-
2026/04/28;23:18:47;-;-; 52.93; 0.0;-; 14.5; 16.5; 0.0;-;-;2095;-0.1; 0.0; 0.0;-3; 24.7;B;0;-;On;On;Off; 22.7; 22.5;0;99;1516;99;1516;99;1330;0;-
2026/04/28;23:19:47;-;-; 52.91; 0.0;-; 14.5; 16.5; 0.0;-;-;2095;-0.1; 0.0; 0.0;-4; 24.8;B;0;-;On;On;Off; 22.7; 22.5;0;99;1516;99;1516;99;1330;0;-
2026/04/28;23:20:47;-;-; 52.93; 0.0;-; 14.5; 16.4; 0.0;-;-;2095;-0.1; 0.0; 0.0;-4; 24.8;B;0;-;On;On;Off; 22.7; 22.4;0;99;1516;99;1516;99;1330;0;-
2026/04/28;23:21:47;-;-; 52.93; 0.0;-; 14.5; 16.5; 0.0;-;-;2095;-0.1; 0.0; 0.0;-4; 24.8;B;0;-;On;On;Off; 22.7; 22.4;0;99;1516;99;1516;99;1330;0;-
2026/04/28;23:22:47;-;-; 52.91; 0.0;-; 14.5; 16.5; 0.0;-;-;2095;-0.1; 0.0; 0.0;-3; 24.8;B;0;-;On;On;Off; 22.7; 22.4;0;99;1516;99;1516;99;1330;0;-
2026/04/28;23:23:47;-;-; 52.93; 0.0;-; 14.4; 16.5; 0.0;-;-;2095;-0.1; 0.0; 0.0;-3; 24.8;B;0;-;On;On;Off; 22.7; 22.5;0;99;1516;99;1516;99;1330;0;-
2026/04/28;23:24:47;-;-; 52.93; 0.0;-; 14.4; 16.5; 0.0;-;-;2095;-0.1; 0.0; 0.0;-3; 24.8;B;0;-;On;On;Off; 22.7; 22.5;0;99;1516;99;1516;99;1330;0;-
2026/04/28;23:25:47;-;-; 52.93; 0.0;-; 14.5; 16.7; 0.0;-;-;2095;-0.1; 0.0; 0.0;-4; 24.8;B;0;-;On;On;Off; 22.7; 22.4;0;99;1516;99;1516;99;1330;0;-
2026/04/28;23:26:47;-;-; 52.93; 0.0;-; 14.5; 16.6; 0.0;-;-;2095;-0.1; 0.0; 0.0;-3; 24.8;B;0;-;On;On;Off; 22.7; 22.4;0;99;1516;99;1516;99;1330;0;-
2026/04/28;23:27:47;-;-; 52.93; 0.0;-; 14.4; 16.7; 0.0;-;-;2095;-0.1; 0.0; 0.0;-4; 24.8;B;0;-;On;On;Off; 22.7; 22.4;0;99;1516;99;1516;99;1330;0;-
2026/04/28;23:28:47;-;-; 52.93; 0.0;-; 14.6; 16.7; 0.0;-;-;2095;-0.1; 0.0; 0.0;-4; 24.8;B;0;-;On;On;Off; 22.7; 22.4;0;99;1516;99;1516;99;1330;0;-
2026/04/28;23:29:47;-;-; 52.93; 0.0;-; 14.5; 16.5; 0.0;-;-;2095;-0.1; 0.0; 0.0;-4; 24.8;B;0;-;On;On;Off; 22.7; 22.4;0;99;1516;99;1516;99;1330;0;-
2026/04/28;23:30:47;-;-; 52.93; 0.0;-; 14.5; 16.5; 0.0;-;-;2095;-0.1; 0.0; 0.0;-4; 24.8;B;0;-;On;On;Off; 22.7; 22.4;0;99;1516;99;1516;99;1330;0;-
2026/04/28;23:31:47;-;-; 52.93; 0.0;-; 14.5; 16.7; 0.0;-;-;2095;-0.1; 0.0; 0.0;-4; 24.8;B;0;-;On;On;Off; 22.7; 22.4;0;99;1516;99;1516;99;1330;0;-
2026/04/28;23:32:46;-;-; 52.93; 0.0;-; 14.5; 16.6; 0.0;-;-;2095;-0.1; 0.0; 0.0;-4; 24.8;B;0;-;On;On;Off; 22.7; 22.4;0;99;1516;99;1516;99;1330;0;-
2026/04/28;23:33:46;-;-; 52.93; 0.0;-; 14.5; 16.6; 0.0;-;-;2095;-0.1; 0.0; 0.0;-3; 24.8;B;0;-;On;On;Off; 22.7; 22.4;0;99;1516;99;1516;99;1330;0;-
2026/04/28;23:34:46;-;-; 52.93; 0.0;-; 14.4; 16.6; 0.0;-;-;2095;-0.1; 0.0; 0.0;-4; 24.8;B;0;-;On;On;Off; 22.7; 22.4;0;99;1516;99;1516;99;1330;0;-
2026/04/28;23:35:46;-;-; 52.93; 0.0;-; 14.5; 16.6; 0.0;-;-;2095;-0.1; 0.0; 0.0;-4; 24.8;B;0;-;On;On;Off; 22.7; 22.4;0;99;1516;99;1516;99;1330;0;-
2026/04/28;23:36:46;-;-; 52.93; 0.0;-; 14.6; 16.7; 0.0;-;-;2095;-0.1; 0.0; 0.0;-4; 24.8;B;0;-;On;On;Off; 22.7; 22.4;0;99;1516;99;1516;99;1330;0;-
2026/04/28;23:37:46;-;-; 52.93; 0.0;-; 14.5; 16.6; 0.0;-;-;2095;-0.1; 0.0; 0.0;-4; 24.8;B;0;-;On;On;Off; 22.7; 22.4;0;99;1516;99;1516;99;1330;0;-
2026/04/28;23:38:46;-;-; 52.93; 0.0;-; 14.5; 16.5; 0.0;-;-;2095;-0.1; 0.0; 0.0;-4; 24.8;B;0;-;On;On;Off; 22.6; 22.4;0;99;1516;99;1516;99;1330;0;-
2026/04/28;23:39:46;-;-; 52.93; 0.0;-; 14.6; 16.7; 0.0;-;-;2095;-0.1; 0.0; 0.0;-4; 24.8;B;0;-;On;On;Off; 22.7; 22.4;0;99;1516;99;1516;99;1330;0;-
2026/04/28;23:40:46;-;-; 52.91; 0.0;-; 14.5; 16.6; 0.0;-;-;2095;-0.1; 0.0; 0.0;-4; 24.8;B;0;-;On;On;Off; 22.6; 22.4;0;99;1516;99;1516;99;1330;0;-
2026/04/28;23:41:46;-;-; 52.91; 0.0;-; 14.6; 16.6; 0.0;-;-;2095;-0.1; 0.0; 0.0;-4; 24.7;B;0;-;On;On;Off; 22.6; 22.4;0;99;1516;99;1516;99;1330;0;-
2026/04/28;23:42:46;-;-; 52.91; 0.0;-; 14.6; 16.7; 0.0;-;-;2095;-0.1; 0.0; 0.0;-4; 24.7;B;0;-;On;On;Off; 22.6; 22.4;0;99;1516;99;1516;99;1330;0;-
2026/04/28;23:43:46;-;-; 52.89; 0.0;-; 14.5; 16.5; 0.0;-;-;2095;-0.1; 0.0; 0.0;-4; 24.7;B;0;-;On;On;Off; 22.6; 22.4;0;99;1516;99;1516;99;1330;0;-
2026/04/28;23:44:46;-;-; 52.91; 0.0;-; 15.1; 16.9; 0.0;-;-;2095;-0.1; 0.0; 0.0;-4; 24.7;B;0;-;On;On;Off; 22.6; 22.4;0;99;1516;99;1516;99;1330;0;-
2026/04/28;23:45:46;-;-; 52.91; 0.0;-; 14.6; 16.6; 0.0;-;-;2095;-0.1; 0.0; 0.0;-4; 24.7;B;0;-;On;On;Off; 22.6; 22.3;0;99;1516;99;1516;99;1330;0;-
2026/04/28;23:46:46;-;-; 52.89; 0.0;-; 14.6; 16.6; 0.0;-;-;2095;-0.1; 0.0; 0.0;-5; 24.7;B;0;-;On;On;Off; 22.6; 22.4;0;99;1516;99;1516;99;1330;0;-
2026/04/28;23:47:46;-;-; 52.91; 0.0;-; 14.3; 14.4; 0.0;-;-;2095;-0.1; 0.0; 0.0;-4; 24.7;B;0;-;On;On;Off; 22.6; 22.3;0;99;1516;99;1516;99;1330;0;-
2026/04/28;23:48:45;-;-; 52.89; 0.0;-; 14.3; 14.4; 0.0;-;-;2095;-0.1; 0.0; 0.0;-4; 24.7;B;0;-;On;On;Off; 22.6; 22.3;0;99;1516;99;1516;99;1330;0;-
2026/04/28;23:49:45;-;-; 52.91; 0.0;-; 14.2; 14.4; 0.0;-;-;2095;-0.1; 0.0; 0.0;-5; 24.7;B;0;-;On;On;Off; 22.6; 22.3;0;99;1516;99;1516;99;1330;0;-
2026/04/28;23:50:45;-;-; 52.89; 0.0;-; 14.2; 14.4; 0.0;-;-;2095;-0.1; 0.0; 0.0;-5; 24.7;B;0;-;On;On;Off; 22.6; 22.3;0;99;1516;99;1516;99;1330;0;-
2026/04/28;23:51:45;-;-; 52.89; 0.0;-; 14.2; 14.5; 0.0;-;-;2095;-0.1; 0.0; 0.0;-4; 24.7;B;0;-;On;On;Off; 22.6; 22.3;0;99;1516;99;1516;99;1330;0;-
2026/04/28;23:52:45;-;-; 52.91; 0.0;-; 15.3; 14.6; 0.0;-;-;2095;-0.1; 0.0; 0.0;-4; 24.7;B;0;-;On;On;Off; 22.6; 22.3;0;99;1516;99;1516;99;1330;0;-
2026/04/28;23:53:45;-;-; 52.91; 0.0;-; 14.0; 14.2; 0.0;-;-;2095;-0.1; 0.0; 0.0;-4; 24.7;B;0;-;On;On;Off; 22.6; 22.3;0;99;1516;99;1516;99;1330;0;-
2026/04/28;23:54:45;-;-; 52.91; 0.0;-; 14.0; 14.2; 0.0;-;-;2095;-0.1; 0.0; 0.0;-4; 24.6;B;0;-;On;On;Off; 22.6; 22.3;0;99;1516;99;1516;99;1330;0;-
2026/04/28;23:55:45;-;-; 52.89; 0.0;-; 14.0; 14.5; 0.0;-;-;2095;-0.1; 0.0; 0.0;-4; 24.6;B;0;-;On;On;Off; 22.6; 22.3;0;99;1516;99;1516;99;1330;0;-
2026/04/28;23:56:45;-;-; 52.91; 0.0;-; 14.0; 14.2; 0.0;-;-;2095;-0.1; 0.0; 0.0;-4; 24.6;B;0;-;On;On;Off; 22.6; 22.3;0;99;1516;99;1516;99;1330;0;-
2026/04/28;23:57:45;-;-; 52.91; 0.0;-; 13.9; 14.3; 0.0;-;-;2096;-0.1; 0.0; 0.0;-4; 24.6;B;0;-;On;On;Off; 22.6; 22.3;0;99;1516;99;1516;99;1330;0;-
2026/04/28;23:58:45;-;-; 52.91; 0.0;-; 14.0; 14.4; 0.0;-;-;2096;-0.1; 0.0; 0.0;-4; 24.6;B;0;-;On;On;Off; 22.6; 22.3;0;99;1516;99;1516;99;1330;0;-
2026/04/28;23:59:45;-;-; 52.91; 0.0;-; 12.4; 13.8; 0.0;-;-;2096;-0.1; 0.0; 0.0;-4; 24.6;B;0;-;On;On;Off; 22.6; 22.3;0;99;1516;99;1516;99;1330;0;-
