Steca Elektronik GmbH;MPPT6000;760749IH008963540005
Date;Time;SOC[%];Kaptest[Ah];Vbat[V];Ibat_M[A];Vbat.sense[V];VPV1_M[V];VPV2_M[V];PVpower_M[W];PV1power_M[W];PV2power_M[W];Ophours[h];Ibat_total[A]SOC;Icharge_total[A];Iload_total[A];BatPower_total[W];BatTemp[°C];ChargeMode;ErrorState;ErrorNr;StateAux1;StateAux2;StateAux3;IntTemp1[°C];IntTemp2[°C];Derating;Ah_in_24h_M[Ah];Ah_in_total_M[Ah];Ah_in_24h_SYS[Ah];Ah_in_total_SYS[Ah];Ah_out_24h_SYS[Ah];Ah_out_total_SYS[Ah];Day_night;Status_AUXIO
2026/05/10;00:00:19;-;-; 52.79; 0.0;-; 8.0; 10.3; 0.0;-;-;2344;-0.2; 0.0; 0.0;-8; 22.3;B;0;-;On;On;Off; 22.9; 22.7;0;25;2007;25;2007;24;1821;0;-
2026/05/10;00:01:19;-;-; 52.77; 0.0;-; 7.9; 10.2; 0.0;-;-;2344;-0.2; 0.0; 0.0;-8; 22.3;B;0;-;On;On;Off; 22.9; 22.7;0;0;2007;0;2007;0;1821;0;-
2026/05/10;00:02:19;-;-; 52.77; 0.0;-; 7.9; 10.2; 0.0;-;-;2344;-0.2; 0.0; 0.0;-8; 22.3;B;0;-;On;On;Off; 22.9; 22.7;0;0;2007;0;2007;0;1821;0;-
2026/05/10;00:03:19;-;-; 52.79; 0.0;-; 7.9; 10.3; 0.0;-;-;2344;-0.2; 0.0; 0.0;-8; 22.3;B;0;-;On;On;Off; 22.9; 22.7;0;0;2007;0;2007;0;1821;0;-
2026/05/10;00:04:19;-;-; 52.79; 0.0;-; 7.9; 10.1; 0.0;-;-;2344;-0.2; 0.0; 0.0;-9; 22.3;B;0;-;On;On;Off; 22.9; 22.7;0;0;2007;0;2007;0;1821;0;-
2026/05/10;00:05:19;-;-; 52.79; 0.0;-; 7.8; 10.0; 0.0;-;-;2344;-0.2; 0.0; 0.0;-9; 22.3;B;0;-;On;On;Off; 22.9; 22.7;0;0;2007;0;2007;0;1821;0;-
2026/05/10;00:06:19;-;-; 52.79; 0.0;-; 7.9; 10.2; 0.0;-;-;2344;-0.2; 0.0; 0.0;-8; 22.3;B;0;-;On;On;Off; 22.9; 22.6;0;0;2007;0;2007;0;1821;0;-
2026/05/10;00:07:19;-;-; 52.79; 0.0;-; 7.8; 10.1; 0.0;-;-;2344;-0.2; 0.0; 0.0;-8; 22.3;B;0;-;On;On;Off; 22.9; 22.7;0;0;2007;0;2007;0;1821;0;-
2026/05/10;00:08:19;-;-; 52.77; 0.0;-; 7.8; 10.2; 0.0;-;-;2344;-0.2; 0.0; 0.0;-8; 22.3;B;0;-;On;On;Off; 22.9; 22.7;0;0;2007;0;2007;0;1821;0;-
2026/05/10;00:09:19;-;-; 52.77; 0.0;-; 7.8; 10.1; 0.0;-;-;2344;-0.2; 0.0; 0.0;-8; 22.3;B;0;-;On;On;Off; 22.9; 22.6;0;0;2007;0;2007;0;1821;0;-
2026/05/10;00:10:19;-;-; 52.79; 0.0;-; 7.7; 10.1; 0.0;-;-;2344;-0.2; 0.0; 0.0;-8; 22.3;B;0;-;On;On;Off; 22.9; 22.6;0;0;2007;0;2007;0;1821;0;-
2026/05/10;00:11:19;-;-; 52.77; 0.0;-; 7.6; 10.0; 0.0;-;-;2344;-0.2; 0.0; 0.0;-8; 22.3;B;0;-;On;On;Off; 22.9; 22.6;0;0;2007;0;2007;0;1821;0;-
2026/05/10;00:12:19;-;-; 52.79; 0.0;-; 7.7; 10.1; 0.0;-;-;2344;-0.2; 0.0; 0.0;-9; 22.3;B;0;-;On;On;Off; 22.9; 22.6;0;0;2007;0;2007;0;1821;0;-
2026/05/10;00:13:19;-;-; 52.79; 0.0;-; 7.6; 10.0; 0.0;-;-;2344;-0.2; 0.0; 0.0;-9; 22.3;B;0;-;On;On;Off; 22.9; 22.6;0;0;2007;0;2007;0;1821;0;-
2026/05/10;00:14:18;-;-; 52.77; 0.0;-; 7.6; 9.9; 0.0;-;-;2344;-0.2; 0.0; 0.0;-8; 22.3;B;0;-;On;On;Off; 22.9; 22.6;0;0;2007;0;2007;0;1821;0;-
2026/05/10;00:15:18;-;-; 52.77; 0.0;-; 7.5; 9.9; 0.0;-;-;2344;-0.2; 0.0; 0.0;-8; 22.3;B;0;-;On;On;Off; 22.9; 22.6;0;0;2007;0;2007;0;1821;0;-
2026/05/10;00:16:18;-;-; 52.77; 0.0;-; 7.5; 9.9; 0.0;-;-;2344;-0.2; 0.0; 0.0;-8; 22.3;B;0;-;On;On;Off; 22.9; 22.6;0;0;2007;0;2007;0;1821;0;-
2026/05/10;00:17:18;-;-; 52.79; 0.0;-; 7.5; 9.9; 0.0;-;-;2344;-0.2; 0.0; 0.0;-8; 22.3;B;0;-;On;On;Off; 22.9; 22.6;0;0;2007;0;2007;0;1821;0;-
2026/05/10;00:18:18;-;-; 52.77; 0.0;-; 7.5; 10.0; 0.0;-;-;2344;-0.2; 0.0; 0.0;-9; 22.2;B;0;-;On;On;Off; 22.9; 22.6;0;0;2007;0;2007;0;1821;0;-
2026/05/10;00:19:18;-;-; 52.79; 0.0;-; 7.6; 10.0; 0.0;-;-;2344;-0.2; 0.0; 0.0;-9; 22.3;B;0;-;On;On;Off; 22.9; 22.6;0;0;2007;0;2007;0;1821;0;-
2026/05/10;00:20:18;-;-; 52.77; 0.0;-; 7.5; 9.8; 0.0;-;-;2344;-0.2; 0.0; 0.0;-9; 22.3;B;0;-;On;On;Off; 22.9; 22.6;0;0;2007;0;2007;0;1821;0;-
2026/05/10;00:21:18;-;-; 52.77; 0.0;-; 7.4; 9.9; 0.0;-;-;2344;-0.2; 0.0; 0.0;-9; 22.3;B;0;-;On;On;Off; 22.9; 22.6;0;0;2007;0;2007;0;1821;0;-
2026/05/10;00:22:18;-;-; 52.77; 0.0;-; 7.4; 10.0; 0.0;-;-;2344;-0.2; 0.0; 0.0;-9; 22.2;B;0;-;On;On;Off; 22.9; 22.6;0;0;2007;0;2007;0;1821;0;-
2026/05/10;00:23:18;-;-; 52.77; 0.0;-; 7.5; 9.9; 0.0;-;-;2344;-0.2; 0.0; 0.0;-9; 22.2;B;0;-;On;On;Off; 22.9; 22.6;0;0;2007;0;2007;0;1821;0;-
2026/05/10;00:24:18;-;-; 52.77; 0.0;-; 7.4; 10.0; 0.0;-;-;2344;-0.2; 0.0; 0.0;-9; 22.2;B;0;-;On;On;Off; 22.9; 22.6;0;0;2007;0;2007;0;1821;0;-
2026/05/10;00:25:18;-;-; 52.75; 0.0;-; 7.5; 9.8; 0.0;-;-;2344;-0.2; 0.0; 0.0;-9; 22.2;B;0;-;On;On;Off; 22.9; 22.6;0;0;2007;0;2007;0;1821;0;-
2026/05/10;00:26:18;-;-; 52.75; 0.0;-; 7.4; 9.9; 0.0;-;-;2344;-0.2; 0.0; 0.0;-9; 22.2;B;0;-;On;On;Off; 22.9; 22.6;0;0;2007;0;2007;0;1821;0;-
2026/05/10;00:27:18;-;-; 52.77; 0.0;-; 7.4; 9.8; 0.0;-;-;2344;-0.2; 0.0; 0.0;-9; 22.2;B;0;-;On;On;Off; 22.8; 22.6;0;0;2007;0;2007;0;1821;0;-
2026/05/10;00:28:18;-;-; 52.77; 0.0;-; 7.5; 9.8; 0.0;-;-;2344;-0.2; 0.0; 0.0;-9; 22.2;B;0;-;On;On;Off; 22.8; 22.6;0;0;2007;0;2007;0;1821;0;-
2026/05/10;00:29:17;-;-; 52.77; 0.0;-; 7.4; 9.8; 0.0;-;-;2344;-0.2; 0.0; 0.0;-9; 22.2;B;0;-;On;On;Off; 22.8; 22.6;0;0;2007;0;2007;0;1821;0;-
2026/05/10;00:30:17;-;-; 52.77; 0.0;-; 7.3; 9.8; 0.0;-;-;2344;-0.2; 0.0; 0.0;-8; 22.2;B;0;-;On;On;Off; 22.8; 22.6;0;0;2007;0;2007;0;1821;0;-
2026/05/10;00:31:17;-;-; 52.77; 0.0;-; 7.5; 9.9; 0.0;-;-;2344;-0.2; 0.0; 0.0;-9; 22.2;B;0;-;On;On;Off; 22.8; 22.6;0;0;2007;0;2007;0;1821;0;-
2026/05/10;00:32:17;-;-; 52.77; 0.0;-; 7.4; 9.9; 0.0;-;-;2344;-0.2; 0.0; 0.0;-8; 22.2;B;0;-;On;On;Off; 22.8; 22.6;0;0;2007;0;2007;0;1821;0;-
2026/05/10;00:33:17;-;-; 52.77; 0.0;-; 7.3; 9.8; 0.0;-;-;2344;-0.2; 0.0; 0.0;-8; 22.2;B;0;-;On;On;Off; 22.8; 22.6;0;0;2007;0;2007;0;1821;0;-
2026/05/10;00:34:17;-;-; 52.75; 0.0;-; 7.5; 9.8; 0.0;-;-;2344;-0.2; 0.0; 0.0;-9; 22.2;B;0;-;On;On;Off; 22.8; 22.6;0;0;2007;0;2007;0;1821;0;-
2026/05/10;00:35:17;-;-; 52.75; 0.0;-; 7.4; 10.0; 0.0;-;-;2344;-0.2; 0.0; 0.0;-9; 22.2;B;0;-;On;On;Off; 22.8; 22.6;0;0;2007;0;2007;0;1821;0;-
2026/05/10;00:36:17;-;-; 52.77; 0.0;-; 7.5; 9.9; 0.0;-;-;2344;-0.2; 0.0; 0.0;-9; 22.2;B;0;-;On;On;Off; 22.8; 22.6;0;0;2007;0;2007;0;1821;0;-
2026/05/10;00:37:17;-;-; 52.77; 0.0;-; 7.3; 9.8; 0.0;-;-;2344;-0.2; 0.0; 0.0;-9; 22.2;B;0;-;On;On;Off; 22.8; 22.6;0;0;2007;0;2007;0;1821;0;-
2026/05/10;00:38:17;-;-; 52.75; 0.0;-; 7.4; 9.8; 0.0;-;-;2344;-0.2; 0.0; 0.0;-9; 22.2;B;0;-;On;On;Off; 22.8; 22.6;0;0;2007;0;2007;0;1821;0;-
2026/05/10;00:39:17;-;-; 52.77; 0.0;-; 7.3; 9.9; 0.0;-;-;2344;-0.2; 0.0; 0.0;-9; 22.2;B;0;-;On;On;Off; 22.8; 22.6;0;0;2007;0;2007;0;1821;0;-
2026/05/10;00:40:17;-;-; 52.75; 0.0;-; 7.4; 9.8; 0.0;-;-;2344;-0.2; 0.0; 0.0;-8; 22.2;B;0;-;On;On;Off; 22.8; 22.5;0;0;2007;0;2007;0;1821;0;-
2026/05/10;00:41:17;-;-; 52.75; 0.0;-; 7.3; 9.9; 0.0;-;-;2344;-0.2; 0.0; 0.0;-9; 22.2;B;0;-;On;On;Off; 22.8; 22.5;0;0;2007;0;2007;0;1821;0;-
2026/05/10;00:42:17;-;-; 52.75; 0.0;-; 7.4; 9.9; 0.0;-;-;2344;-0.2; 0.0; 0.0;-9; 22.2;B;0;-;On;On;Off; 22.8; 22.5;0;0;2007;0;2007;0;1821;0;-
2026/05/10;00:43:17;-;-; 52.75; 0.0;-; 7.6; 9.9; 0.0;-;-;2344;-0.2; 0.0; 0.0;-8; 22.2;B;0;-;On;On;Off; 22.8; 22.5;0;0;2007;0;2007;0;1821;0;-
2026/05/10;00:44:17;-;-; 52.73; 0.0;-; 7.3; 9.9; 0.0;-;-;2344;-0.2; 0.0; 0.0;-8; 22.2;B;0;-;On;On;Off; 22.8; 22.5;0;0;2007;0;2007;0;1821;0;-
2026/05/10;00:45:16;-;-; 52.75; 0.0;-; 7.4; 9.8; 0.0;-;-;2344;-0.2; 0.0; 0.0;-7; 22.1;B;0;-;On;On;Off; 22.8; 22.5;0;0;2007;0;2007;0;1821;0;-
2026/05/10;00:46:16;-;-; 52.75; 0.0;-; 7.4; 10.0; 0.0;-;-;2344;-0.2; 0.0; 0.0;-8; 22.1;B;0;-;On;On;Off; 22.8; 22.5;0;0;2007;0;2007;0;1821;0;-
2026/05/10;00:47:16;-;-; 52.73; 0.0;-; 7.5; 9.9; 0.0;-;-;2344;-0.2; 0.0; 0.0;-8; 22.1;B;0;-;On;On;Off; 22.8; 22.5;0;0;2007;0;2007;0;1821;0;-
2026/05/10;00:48:16;-;-; 52.75; 0.0;-; 7.4; 10.0; 0.0;-;-;2344;-0.2; 0.0; 0.0;-8; 22.1;B;0;-;On;On;Off; 22.8; 22.5;0;0;2007;0;2007;0;1821;0;-
2026/05/10;00:49:16;-;-; 52.75; 0.0;-; 7.4; 9.9; 0.0;-;-;2344;-0.2; 0.0; 0.0;-8; 22.1;B;0;-;On;On;Off; 22.8; 22.5;0;0;2007;0;2007;0;1821;0;-
2026/05/10;00:50:16;-;-; 52.75; 0.0;-; 7.4; 9.9; 0.0;-;-;2344;-0.2; 0.0; 0.0;-8; 22.1;B;0;-;On;On;Off; 22.8; 22.5;0;0;2007;0;2007;0;1821;0;-
2026/05/10;00:51:16;-;-; 52.75; 0.0;-; 7.5; 9.9; 0.0;-;-;2344;-0.2; 0.0; 0.0;-8; 22.1;B;0;-;On;On;Off; 22.8; 22.5;0;0;2007;0;2007;0;1821;0;-
2026/05/10;00:52:16;-;-; 52.75; 0.0;-; 7.4; 9.8; 0.0;-;-;2344;-0.2; 0.0; 0.0;-8; 22.1;B;0;-;On;On;Off; 22.8; 22.5;0;0;2007;0;2007;0;1821;0;-
2026/05/10;00:53:16;-;-; 52.75; 0.0;-; 7.4; 10.1; 0.0;-;-;2344;-0.2; 0.0; 0.0;-9; 22.1;B;0;-;On;On;Off; 22.8; 22.5;0;0;2007;0;2007;0;1821;0;-
2026/05/10;00:54:16;-;-; 52.73; 0.0;-; 7.5; 9.9; 0.0;-;-;2344;-0.2; 0.0; 0.0;-8; 22.1;B;0;-;On;On;Off; 22.7; 22.5;0;0;2007;0;2007;0;1821;0;-
2026/05/10;00:55:16;-;-; 52.75; 0.0;-; 7.4; 10.0; 0.0;-;-;2344;-0.2; 0.0; 0.0;-8; 22.1;B;0;-;On;On;Off; 22.7; 22.5;0;0;2007;0;2007;0;1821;0;-
2026/05/10;00:56:16;-;-; 52.75; 0.0;-; 7.4; 9.9; 0.0;-;-;2344;-0.2; 0.0; 0.0;-8; 22.1;B;0;-;On;On;Off; 22.7; 22.5;0;0;2007;0;2007;0;1821;0;-
2026/05/10;00:57:16;-;-; 52.75; 0.0;-; 7.4; 9.9; 0.0;-;-;2344;-0.2; 0.0; 0.0;-9; 22.1;B;0;-;On;On;Off; 22.7; 22.5;0;0;2007;0;2007;0;1821;0;-
2026/05/10;00:58:16;-;-; 52.75; 0.0;-; 7.4; 10.0; 0.0;-;-;2344;-0.2; 0.0; 0.0;-8; 22.1;B;0;-;On;On;Off; 22.7; 22.5;0;0;2007;0;2007;0;1821;0;-
2026/05/10;00:59:16;-;-; 52.73; 0.0;-; 7.4; 9.9; 0.0;-;-;2344;-0.2; 0.0; 0.0;-9; 22.1;B;0;-;On;On;Off; 22.7; 22.5;0;0;2007;0;2007;0;1821;0;-
2026/05/10;01:00:16;-;-; 52.73; 0.0;-; 7.4; 10.0; 0.0;-;-;2344;-0.2; 0.0; 0.0;-8; 22.1;B;0;-;On;On;Off; 22.7; 22.4;0;0;2007;0;2007;0;1821;0;-
2026/05/10;01:01:15;-;-; 52.75; 0.0;-; 7.5; 9.8; 0.0;-;-;2344;-0.2; 0.0; 0.0;-8; 22.1;B;0;-;On;On;Off; 22.7; 22.4;0;0;2007;0;2007;0;1821;0;-
2026/05/10;01:02:15;-;-; 52.75; 0.0;-; 7.5; 10.0; 0.0;-;-;2344;-0.2; 0.0; 0.0;-8; 22.1;B;0;-;On;On;Off; 22.7; 22.4;0;0;2007;0;2007;0;1821;0;-
2026/05/10;01:03:15;-;-; 52.73; 0.0;-; 7.4; 9.9; 0.0;-;-;2344;-0.2; 0.0; 0.0;-8; 22.1;B;0;-;On;On;Off; 22.7; 22.4;0;0;2007;0;2007;0;1821;0;-
2026/05/10;01:04:15;-;-; 52.75; 0.0;-; 9.0; 10.3; 0.0;-;-;2344;-0.2; 0.0; 0.0;-8; 22.1;B;0;-;On;On;Off; 22.7; 22.4;0;0;2007;0;2007;0;1821;0;-
2026/05/10;01:05:15;-;-; 52.75; 0.0;-; 7.4; 9.9; 0.0;-;-;2344;-0.2; 0.0; 0.0;-8; 22.1;B;0;-;On;On;Off; 22.7; 22.4;0;0;2007;0;2007;0;1821;0;-
2026/05/10;01:06:15;-;-; 52.73; 0.0;-; 7.3; 9.8; 0.0;-;-;2344;-0.2; 0.0; 0.0;-8; 22.1;B;0;-;On;On;Off; 22.7; 22.4;0;0;2007;0;2007;0;1821;0;-
2026/05/10;01:07:15;-;-; 52.71; 0.0;-; 7.4; 9.9; 0.0;-;-;2344;-0.2; 0.0; 0.0;-8; 22.1;B;0;-;On;On;Off; 22.7; 22.4;0;0;2007;0;2007;0;1821;0;-
2026/05/10;01:08:15;-;-; 52.73; 0.0;-; 7.5; 9.8; 0.0;-;-;2344;-0.2; 0.0; 0.0;-8; 22.1;B;0;-;On;On;Off; 22.7; 22.4;0;0;2007;0;2007;0;1821;0;-
2026/05/10;01:09:15;-;-; 52.73; 0.0;-; 7.5; 9.8; 0.0;-;-;2344;-0.2; 0.0; 0.0;-8; 22.1;B;0;-;On;On;Off; 22.7; 22.4;0;0;2007;0;2007;0;1821;0;-
2026/05/10;01:10:15;-;-; 52.73; 0.0;-; 7.4; 9.9; 0.0;-;-;2344;-0.2; 0.0; 0.0;-8; 22.1;B;0;-;On;On;Off; 22.7; 22.4;0;0;2007;0;2007;0;1821;0;-
2026/05/10;01:11:15;-;-; 52.73; 0.0;-; 7.5; 10.0; 0.0;-;-;2344;-0.2; 0.0; 0.0;-8; 22.1;B;0;-;On;On;Off; 22.7; 22.4;0;0;2007;0;2007;0;1821;0;-
2026/05/10;01:12:15;-;-; 52.73; 0.0;-; 7.4; 9.8; 0.0;-;-;2344;-0.2; 0.0; 0.0;-8; 22.1;B;0;-;On;On;Off; 22.7; 22.4;0;0;2007;0;2007;0;1821;0;-
2026/05/10;01:13:15;-;-; 52.73; 0.0;-; 7.5; 10.0; 0.0;-;-;2344;-0.2; 0.0; 0.0;-8; 22.1;B;0;-;On;On;Off; 22.7; 22.4;0;0;2007;0;2007;0;1821;0;-
2026/05/10;01:14:15;-;-; 52.71; 0.0;-; 7.4; 9.9; 0.0;-;-;2344;-0.2; 0.0; 0.0;-9; 22.1;B;0;-;On;On;Off; 22.7; 22.4;0;0;2007;0;2007;0;1821;0;-
2026/05/10;01:15:15;-;-; 52.73; 0.0;-; 7.4; 9.9; 0.0;-;-;2344;-0.2; 0.0; 0.0;-9; 22.1;B;0;-;On;On;Off; 22.7; 22.4;0;0;2007;0;2007;0;1821;0;-
2026/05/10;01:16:14;-;-; 52.73; 0.0;-; 7.6; 9.9; 0.0;-;-;2344;-0.2; 0.0; 0.0;-9; 22.1;B;0;-;On;On;Off; 22.7; 22.4;0;0;2007;0;2007;0;1821;0;-
2026/05/10;01:17:14;-;-; 52.73; 0.0;-; 7.4; 9.9; 0.0;-;-;2344;-0.2; 0.0; 0.0;-9; 22.1;B;0;-;On;On;Off; 22.7; 22.4;0;0;2007;0;2007;0;1821;0;-
2026/05/10;01:18:14;-;-; 52.71; 0.0;-; 7.5; 9.9; 0.0;-;-;2344;-0.2; 0.0; 0.0;-9; 22.1;B;0;-;On;On;Off; 22.7; 22.4;0;0;2007;0;2007;0;1821;0;-
2026/05/10;01:19:14;-;-; 52.73; 0.0;-; 7.4; 9.9; 0.0;-;-;2344;-0.2; 0.0; 0.0;-8; 22.1;B;0;-;On;On;Off; 22.7; 22.4;0;0;2007;0;2007;0;1821;0;-
2026/05/10;01:20:14;-;-; 52.71; 0.0;-; 7.5; 10.0; 0.0;-;-;2344;-0.2; 0.0; 0.0;-9; 22.1;B;0;-;On;On;Off; 22.7; 22.4;0;0;2007;0;2007;0;1821;0;-
2026/05/10;01:21:14;-;-; 52.73; 0.0;-; 7.5; 10.0; 0.0;-;-;2344;-0.2; 0.0; 0.0;-9; 22.1;B;0;-;On;On;Off; 22.7; 22.4;0;0;2007;0;2007;0;1821;0;-
2026/05/10;01:22:14;-;-; 52.73; 0.0;-; 7.5; 9.8; 0.0;-;-;2344;-0.2; 0.0; 0.0;-8; 22.1;B;0;-;On;On;Off; 22.7; 22.4;0;0;2007;0;2007;0;1821;0;-
2026/05/10;01:23:14;-;-; 52.73; 0.0;-; 7.5; 9.9; 0.0;-;-;2344;-0.2; 0.0; 0.0;-8; 22.1;B;0;-;On;On;Off; 22.7; 22.4;0;0;2007;0;2007;0;1821;0;-
2026/05/10;01:24:14;-;-; 52.73; 0.0;-; 7.4; 9.9; 0.0;-;-;2344;-0.2; 0.0; 0.0;-8; 22.1;B;0;-;On;On;Off; 22.7; 22.4;0;0;2007;0;2007;0;1821;0;-
2026/05/10;01:25:14;-;-; 52.73; 0.0;-; 7.5; 9.9; 0.0;-;-;2344;-0.2; 0.0; 0.0;-9; 22.1;B;0;-;On;On;Off; 22.7; 22.4;0;0;2007;0;2007;0;1821;0;-
2026/05/10;01:26:14;-;-; 52.71; 0.0;-; 7.5; 9.9; 0.0;-;-;2344;-0.2; 0.0; 0.0;-8; 22.1;B;0;-;On;On;Off; 22.7; 22.4;0;0;2007;0;2007;0;1821;0;-
2026/05/10;01:27:14;-;-; 52.73; 0.0;-; 7.6; 10.0; 0.0;-;-;2344;-0.2; 0.0; 0.0;-9; 22.1;B;0;-;On;On;Off; 22.7; 22.4;0;0;2007;0;2007;0;1821;0;-
2026/05/10;01:28:14;-;-; 52.73; 0.0;-; 7.5; 9.9; 0.0;-;-;2344;-0.2; 0.0; 0.0;-9; 22.1;B;0;-;On;On;Off; 22.7; 22.4;0;0;2007;0;2007;0;1821;0;-
2026/05/10;01:29:14;-;-; 52.71; 0.0;-; 7.5; 9.8; 0.0;-;-;2344;-0.2; 0.0; 0.0;-9; 22.1;B;0;-;On;On;Off; 22.7; 22.4;0;0;2007;0;2007;0;1821;0;-
2026/05/10;01:30:14;-;-; 52.73; 0.0;-; 7.5; 10.1; 0.0;-;-;2344;-0.2; 0.0; 0.0;-8; 22.1;B;0;-;On;On;Off; 22.7; 22.4;0;0;2007;0;2007;0;1821;0;-
2026/05/10;01:31:14;-;-; 52.73; 0.0;-; 7.4; 10.0; 0.0;-;-;2344;-0.2; 0.0; 0.0;-9; 22.1;B;0;-;On;On;Off; 22.7; 22.4;0;0;2007;0;2007;0;1821;0;-
2026/05/10;01:32:13;-;-; 52.73; 0.0;-; 7.4; 10.0; 0.0;-;-;2344;-0.2; 0.0; 0.0;-9; 22.1;B;0;-;On;On;Off; 22.7; 22.4;0;0;2007;0;2007;0;1821;0;-
2026/05/10;01:33:13;-;-; 52.73; 0.0;-; 7.5; 9.9; 0.0;-;-;2344;-0.2; 0.0; 0.0;-9; 22.1;B;0;-;On;On;Off; 22.7; 22.4;0;0;2007;0;2007;0;1821;0;-
2026/05/10;01:34:13;-;-; 52.71; 0.0;-; 7.5; 10.0; 0.0;-;-;2344;-0.2; 0.0; 0.0;-9; 22.1;B;0;-;On;On;Off; 22.7; 22.4;0;0;2007;0;2007;0;1821;0;-
2026/05/10;01:35:13;-;-; 52.73; 0.0;-; 7.4; 10.0; 0.0;-;-;2344;-0.2; 0.0; 0.0;-9; 22.1;B;0;-;On;On;Off; 22.7; 22.4;0;0;2007;0;2007;0;1821;0;-
2026/05/10;01:36:13;-;-; 52.73; 0.0;-; 7.5; 10.0; 0.0;-;-;2344;-0.2; 0.0; 0.0;-9; 22.1;B;0;-;On;On;Off; 22.7; 22.4;0;0;2007;0;2007;0;1821;0;-
2026/05/10;01:37:13;-;-; 52.71; 0.0;-; 7.5; 10.0; 0.0;-;-;2344;-0.2; 0.0; 0.0;-9; 22.1;B;0;-;On;On;Off; 22.7; 22.4;0;0;2007;0;2007;0;1821;0;-
2026/05/10;01:38:13;-;-; 52.73; 0.0;-; 7.5; 9.9; 0.0;-;-;2344;-0.2; 0.0; 0.0;-9; 22.1;B;0;-;On;On;Off; 22.7; 22.4;0;0;2007;0;2007;0;1821;0;-
2026/05/10;01:39:13;-;-; 52.71; 0.0;-; 7.5; 10.0; 0.0;-;-;2344;-0.2; 0.0; 0.0;-10; 22.1;B;0;-;On;On;Off; 22.7; 22.4;0;0;2007;0;2007;0;1821;0;-
2026/05/10;01:40:13;-;-; 52.71; 0.0;-; 7.5; 9.9; 0.0;-;-;2344;-0.2; 0.0; 0.0;-10; 22.1;B;0;-;On;On;Off; 22.7; 22.4;0;0;2007;0;2007;0;1821;0;-
2026/05/10;01:41:13;-;-; 52.71; 0.0;-; 7.5; 10.1; 0.0;-;-;2344;-0.2; 0.0; 0.0;-9; 22.1;B;0;-;On;On;Off; 22.7; 22.4;0;0;2007;0;2007;0;1821;0;-
2026/05/10;01:42:13;-;-; 52.73; 0.0;-; 7.5; 9.9; 0.0;-;-;2344;-0.2; 0.0; 0.0;-9; 22.1;B;0;-;On;On;Off; 22.7; 22.4;0;0;2007;0;2007;0;1821;0;-
2026/05/10;01:43:13;-;-; 52.71; 0.0;-; 7.5; 9.9; 0.0;-;-;2344;-0.2; 0.0; 0.0;-9; 22.1;B;0;-;On;On;Off; 22.7; 22.4;0;0;2007;0;2007;0;1821;0;-
2026/05/10;01:44:13;-;-; 52.71; 0.0;-; 7.5; 9.9; 0.0;-;-;2344;-0.2; 0.0; 0.0;-8; 22.1;B;0;-;On;On;Off; 22.7; 22.4;0;0;2007;0;2007;0;1821;0;-
2026/05/10;01:45:13;-;-; 52.71; 0.0;-; 7.6; 10.1; 0.0;-;-;2344;-0.2; 0.0; 0.0;-9; 22.1;B;0;-;On;On;Off; 22.7; 22.4;0;0;2007;0;2007;0;1821;0;-
2026/05/10;01:46:13;-;-; 52.71; 0.0;-; 7.5; 10.1; 0.0;-;-;2344;-0.2; 0.0; 0.0;-9; 22.1;B;0;-;On;On;Off; 22.7; 22.4;0;0;2007;0;2007;0;1821;0;-
2026/05/10;01:47:13;-;-; 52.69; 0.0;-; 7.6; 10.0; 0.0;-;-;2344;-0.2; 0.0; 0.0;-9; 22.1;B;0;-;On;On;Off; 22.7; 22.4;0;0;2007;0;2007;0;1821;0;-
2026/05/10;01:48:12;-;-; 52.71; 0.0;-; 7.5; 10.1; 0.0;-;-;2344;-0.2; 0.0; 0.0;-9; 22.1;B;0;-;On;On;Off; 22.7; 22.4;0;0;2007;0;2007;0;1821;0;-
2026/05/10;01:49:12;-;-; 52.71; 0.0;-; 7.5; 10.1; 0.0;-;-;2344;-0.2; 0.0; 0.0;-9; 22.1;B;0;-;On;On;Off; 22.7; 22.4;0;0;2007;0;2007;0;1821;0;-
2026/05/10;01:50:12;-;-; 52.71; 0.0;-; 7.6; 10.0; 0.0;-;-;2344;-0.2; 0.0; 0.0;-9; 22.1;B;0;-;On;On;Off; 22.7; 22.4;0;0;2007;0;2007;0;1821;0;-
2026/05/10;01:51:12;-;-; 52.71; 0.0;-; 7.5; 10.0; 0.0;-;-;2344;-0.2; 0.0; 0.0;-9; 22.1;B;0;-;On;On;Off; 22.6; 22.4;0;0;2007;0;2007;0;1821;0;-
2026/05/10;01:52:12;-;-; 52.71; 0.0;-; 7.5; 10.0; 0.0;-;-;2344;-0.2; 0.0; 0.0;-9; 22.1;B;0;-;On;On;Off; 22.6; 22.4;0;0;2007;0;2007;0;1821;0;-
2026/05/10;01:53:12;-;-; 52.71; 0.0;-; 7.5; 10.0; 0.0;-;-;2344;-0.2; 0.0; 0.0;-9; 22.1;B;0;-;On;On;Off; 22.7; 22.4;0;0;2007;0;2007;0;1821;0;-
2026/05/10;01:54:12;-;-; 52.71; 0.0;-; 7.5; 10.2; 0.0;-;-;2344;-0.2; 0.0; 0.0;-9; 22.1;B;0;-;On;On;Off; 22.6; 22.4;0;0;2007;0;2007;0;1821;0;-
2026/05/10;01:55:12;-;-; 52.69; 0.0;-; 7.5; 10.0; 0.0;-;-;2344;-0.2; 0.0; 0.0;-9; 22.1;B;0;-;On;On;Off; 22.7; 22.4;0;0;2007;0;2007;0;1821;0;-
2026/05/10;01:56:12;-;-; 52.71; 0.0;-; 7.5; 10.0; 0.0;-;-;2344;-0.2; 0.0; 0.0;-9; 22.1;B;0;-;On;On;Off; 22.6; 22.4;0;0;2007;0;2007;0;1821;0;-
2026/05/10;01:57:12;-;-; 52.71; 0.0;-; 7.6; 10.0; 0.0;-;-;2344;-0.2; 0.0; 0.0;-9; 22.1;B;0;-;On;On;Off; 22.7; 22.4;0;0;2007;0;2007;0;1821;0;-
2026/05/10;01:58:12;-;-; 52.71; 0.0;-; 7.6; 10.1; 0.0;-;-;2344;-0.2; 0.0; 0.0;-9; 22.1;B;0;-;On;On;Off; 22.6; 22.4;0;0;2007;0;2007;0;1821;0;-
2026/05/10;01:59:12;-;-; 52.71; 0.0;-; 7.5; 10.1; 0.0;-;-;2344;-0.2; 0.0; 0.0;-9; 22.1;B;0;-;On;On;Off; 22.7; 22.4;0;0;2007;0;2007;0;1821;0;-
2026/05/10;02:00:12;-;-; 52.71; 0.0;-; 7.5; 10.0; 0.0;-;-;2344;-0.2; 0.0; 0.0;-8; 22.1;B;0;-;On;On;Off; 22.6; 22.4;0;0;2007;0;2007;0;1821;0;-
2026/05/10;02:01:12;-;-; 52.71; 0.0;-; 7.6; 10.1; 0.0;-;-;2344;-0.2; 0.0; 0.0;-9; 22.1;B;0;-;On;On;Off; 22.6; 22.4;0;0;2007;0;2007;0;1821;0;-
2026/05/10;02:02:12;-;-; 52.71; 0.0;-; 7.6; 10.1; 0.0;-;-;2344;-0.2; 0.0; 0.0;-8; 22.1;B;0;-;On;On;Off; 22.6; 22.4;0;0;2007;0;2007;0;1821;0;-
2026/05/10;02:03:11;-;-; 52.69; 0.0;-; 7.5; 10.1; 0.0;-;-;2344;-0.2; 0.0; 0.0;-9; 22.1;B;0;-;On;On;Off; 22.6; 22.4;0;0;2007;0;2007;0;1821;0;-
2026/05/10;02:04:11;-;-; 52.71; 0.0;-; 7.6; 10.1; 0.0;-;-;2344;-0.2; 0.0; 0.0;-9; 22.1;B;0;-;On;On;Off; 22.6; 22.3;0;0;2007;0;2007;0;1821;0;-
2026/05/10;02:05:11;-;-; 52.71; 0.0;-; 7.6; 10.0; 0.0;-;-;2344;-0.2; 0.0; 0.0;-9; 22.1;B;0;-;On;On;Off; 22.6; 22.3;0;0;2007;0;2007;0;1821;0;-
2026/05/10;02:06:11;-;-; 52.71; 0.0;-; 7.7; 10.2; 0.0;-;-;2344;-0.2; 0.0; 0.0;-9; 22.1;B;0;-;On;On;Off; 22.6; 22.3;0;0;2007;0;2007;0;1821;0;-
2026/05/10;02:07:11;-;-; 52.71; 0.0;-; 7.6; 10.0; 0.0;-;-;2344;-0.2; 0.0; 0.0;-9; 22.1;B;0;-;On;On;Off; 22.6; 22.3;0;0;2007;0;2007;0;1821;0;-
2026/05/10;02:08:11;-;-; 52.71; 0.0;-; 7.7; 10.1; 0.0;-;-;2344;-0.2; 0.0; 0.0;-9; 22.1;B;0;-;On;On;Off; 22.6; 22.4;0;0;2007;0;2007;0;1821;0;-
2026/05/10;02:09:11;-;-; 52.71; 0.0;-; 7.6; 10.1; 0.0;-;-;2344;-0.2; 0.0; 0.0;-9; 22.1;B;0;-;On;On;Off; 22.6; 22.4;0;0;2007;0;2007;0;1821;0;-
2026/05/10;02:10:11;-;-; 52.71; 0.0;-; 7.7; 10.1; 0.0;-;-;2344;-0.2; 0.0; 0.0;-9; 22.1;B;0;-;On;On;Off; 22.6; 22.3;0;0;2007;0;2007;0;1821;0;-
2026/05/10;02:11:11;-;-; 52.71; 0.0;-; 7.6; 10.0; 0.0;-;-;2344;-0.2; 0.0; 0.0;-9; 22.0;B;0;-;On;On;Off; 22.6; 22.3;0;0;2007;0;2007;0;1821;0;-
2026/05/10;02:12:11;-;-; 52.71; 0.0;-; 7.6; 10.0; 0.0;-;-;2344;-0.2; 0.0; 0.0;-9; 22.0;B;0;-;On;On;Off; 22.6; 22.3;0;0;2007;0;2007;0;1821;0;-
2026/05/10;02:13:11;-;-; 52.71; 0.0;-; 7.6; 10.1; 0.0;-;-;2344;-0.2; 0.0; 0.0;-9; 22.1;B;0;-;On;On;Off; 22.6; 22.3;0;0;2007;0;2007;0;1821;0;-
2026/05/10;02:14:11;-;-; 52.69; 0.0;-; 7.6; 10.1; 0.0;-;-;2344;-0.2; 0.0; 0.0;-10; 22.0;B;0;-;On;On;Off; 22.6; 22.3;0;0;2007;0;2007;0;1821;0;-
2026/05/10;02:15:11;-;-; 52.71; 0.0;-; 7.7; 10.2; 0.0;-;-;2344;-0.2; 0.0; 0.0;-9; 22.0;B;0;-;On;On;Off; 22.6; 22.3;0;0;2007;0;2007;0;1821;0;-
2026/05/10;02:16:11;-;-; 52.71; 0.0;-; 7.6; 10.1; 0.0;-;-;2344;-0.2; 0.0; 0.0;-9; 22.0;B;0;-;On;On;Off; 22.6; 22.3;0;0;2007;0;2007;0;1821;0;-
2026/05/10;02:17:11;-;-; 52.69; 0.0;-; 7.6; 10.2; 0.0;-;-;2344;-0.2; 0.0; 0.0;-9; 22.0;B;0;-;On;On;Off; 22.6; 22.3;0;0;2007;0;2007;0;1821;0;-
2026/05/10;02:18:11;-;-; 52.69; 0.0;-; 7.6; 10.2; 0.0;-;-;2344;-0.2; 0.0; 0.0;-10; 22.0;B;0;-;On;On;Off; 22.6; 22.3;0;0;2007;0;2007;0;1821;0;-
2026/05/10;02:19:10;-;-; 52.69; 0.0;-; 7.7; 10.2; 0.0;-;-;2344;-0.2; 0.0; 0.0;-9; 22.0;B;0;-;On;On;Off; 22.6; 22.3;0;0;2007;0;2007;0;1821;0;-
2026/05/10;02:20:10;-;-; 52.69; 0.0;-; 7.7; 10.1; 0.0;-;-;2344;-0.2; 0.0; 0.0;-9; 22.0;B;0;-;On;On;Off; 22.6; 22.3;0;0;2007;0;2007;0;1821;0;-
2026/05/10;02:21:10;-;-; 52.69; 0.0;-; 7.8; 10.1; 0.0;-;-;2344;-0.2; 0.0; 0.0;-9; 22.0;B;0;-;On;On;Off; 22.6; 22.3;0;0;2007;0;2007;0;1821;0;-
2026/05/10;02:22:10;-;-; 52.69; 0.0;-; 7.7; 10.2; 0.0;-;-;2344;-0.2; 0.0; 0.0;-9; 22.0;B;0;-;On;On;Off; 22.6; 22.3;0;0;2007;0;2007;0;1821;0;-
2026/05/10;02:23:10;-;-; 52.69; 0.0;-; 7.7; 10.3; 0.0;-;-;2344;-0.2; 0.0; 0.0;-9; 22.0;B;0;-;On;On;Off; 22.6; 22.3;0;0;2007;0;2007;0;1821;0;-
2026/05/10;02:24:10;-;-; 52.69; 0.0;-; 7.8; 10.2; 0.0;-;-;2344;-0.2; 0.0; 0.0;-9; 22.0;B;0;-;On;On;Off; 22.6; 22.3;0;0;2007;0;2007;0;1821;0;-
2026/05/10;02:25:10;-;-; 52.67; 0.0;-; 7.7; 10.1; 0.0;-;-;2344;-0.2; 0.0; 0.0;-9; 22.0;B;0;-;On;On;Off; 22.6; 22.3;0;0;2007;0;2007;0;1821;0;-
2026/05/10;02:26:10;-;-; 52.69; 0.0;-; 7.8; 10.1; 0.0;-;-;2344;-0.2; 0.0; 0.0;-9; 22.0;B;0;-;On;On;Off; 22.6; 22.3;0;0;2007;0;2007;0;1821;0;-
2026/05/10;02:27:10;-;-; 52.67; 0.0;-; 7.9; 10.3; 0.0;-;-;2344;-0.2; 0.0; 0.0;-9; 22.0;B;0;-;On;On;Off; 22.6; 22.3;0;0;2007;0;2007;0;1821;0;-
2026/05/10;02:28:10;-;-; 52.69; 0.0;-; 7.8; 10.3; 0.0;-;-;2344;-0.2; 0.0; 0.0;-9; 22.0;B;0;-;On;On;Off; 22.6; 22.3;0;0;2007;0;2007;0;1821;0;-
2026/05/10;02:29:10;-;-; 52.69; 0.0;-; 7.9; 10.3; 0.0;-;-;2344;-0.2; 0.0; 0.0;-9; 22.0;B;0;-;On;On;Off; 22.6; 22.3;0;0;2007;0;2007;0;1821;0;-
2026/05/10;02:30:10;-;-; 52.69; 0.0;-; 7.8; 10.4; 0.0;-;-;2344;-0.2; 0.0; 0.0;-9; 22.0;B;0;-;On;On;Off; 22.6; 22.3;0;0;2007;0;2007;0;1821;0;-
2026/05/10;02:31:10;-;-; 52.69; 0.0;-; 7.9; 10.3; 0.0;-;-;2344;-0.2; 0.0; 0.0;-9; 22.0;B;0;-;On;On;Off; 22.6; 22.3;0;0;2007;0;2007;0;1821;0;-
2026/05/10;02:32:10;-;-; 52.69; 0.0;-; 7.9; 10.3; 0.0;-;-;2344;-0.2; 0.0; 0.0;-9; 22.0;B;0;-;On;On;Off; 22.6; 22.3;0;0;2007;0;2007;0;1821;0;-
2026/05/10;02:33:10;-;-; 52.69; 0.0;-; 8.0; 10.2; 0.0;-;-;2344;-0.2; 0.0; 0.0;-9; 22.0;B;0;-;On;On;Off; 22.6; 22.3;0;0;2007;0;2007;0;1821;0;-
2026/05/10;02:34:10;-;-; 52.69; 0.0;-; 7.9; 10.3; 0.0;-;-;2344;-0.2; 0.0; 0.0;-9; 22.0;B;0;-;On;On;Off; 22.6; 22.3;0;0;2007;0;2007;0;1821;0;-
2026/05/10;02:35:09;-;-; 52.67; 0.0;-; 8.1; 10.4; 0.0;-;-;2344;-0.2; 0.0; 0.0;-9; 22.0;B;0;-;On;On;Off; 22.6; 22.3;0;0;2007;0;2007;0;1821;0;-
2026/05/10;02:36:09;-;-; 52.69; 0.0;-; 8.1; 10.4; 0.0;-;-;2344;-0.2; 0.0; 0.0;-9; 22.0;B;0;-;On;On;Off; 22.5; 22.3;0;0;2007;0;2007;0;1821;0;-
2026/05/10;02:37:09;-;-; 52.67; 0.0;-; 8.5; 10.4; 0.0;-;-;2344;-0.2; 0.0; 0.0;-9; 22.0;B;0;-;On;On;Off; 22.6; 22.3;0;0;2007;0;2007;0;1821;0;-
2026/05/10;02:38:09;-;-; 52.69; 0.0;-; 8.1; 10.4; 0.0;-;-;2344;-0.2; 0.0; 0.0;-9; 22.0;B;0;-;On;On;Off; 22.5; 22.3;0;0;2007;0;2007;0;1821;0;-
2026/05/10;02:39:09;-;-; 52.67; 0.0;-; 8.1; 10.5; 0.0;-;-;2344;-0.2; 0.0; 0.0;-9; 22.0;B;0;-;On;On;Off; 22.6; 22.3;0;0;2007;0;2007;0;1821;0;-
2026/05/10;02:40:09;-;-; 52.69; 0.0;-; 8.2; 10.5; 0.0;-;-;2344;-0.2; 0.0; 0.0;-9; 22.0;B;0;-;On;On;Off; 22.5; 22.3;0;0;2007;0;2007;0;1821;0;-
2026/05/10;02:41:09;-;-; 52.69; 0.0;-; 8.3; 10.7; 0.0;-;-;2344;-0.2; 0.0; 0.0;-9; 22.0;B;0;-;On;On;Off; 22.6; 22.3;0;0;2007;0;2007;0;1821;0;-
2026/05/10;02:42:09;-;-; 52.69; 0.0;-; 8.2; 10.6; 0.0;-;-;2344;-0.2; 0.0; 0.0;-9; 22.0;B;0;-;On;On;Off; 22.5; 22.3;0;0;2007;0;2007;0;1821;0;-
2026/05/10;02:43:09;-;-; 52.67; 0.0;-; 8.2; 10.6; 0.0;-;-;2344;-0.2; 0.0; 0.0;-9; 22.0;B;0;-;On;On;Off; 22.6; 22.3;0;0;2007;0;2007;0;1821;0;-
2026/05/10;02:44:09;-;-; 52.69; 0.0;-; 8.3; 10.7; 0.0;-;-;2344;-0.2; 0.0; 0.0;-9; 22.0;B;0;-;On;On;Off; 22.5; 22.3;0;0;2007;0;2007;0;1821;0;-
2026/05/10;02:45:09;-;-; 52.69; 0.0;-; 8.4; 10.6; 0.0;-;-;2344;-0.2; 0.0; 0.0;-9; 22.0;B;0;-;On;On;Off; 22.6; 22.3;0;0;2007;0;2007;0;1821;0;-
2026/05/10;02:46:09;-;-; 52.69; 0.0;-; 8.4; 10.8; 0.0;-;-;2344;-0.2; 0.0; 0.0;-9; 22.0;B;0;-;On;On;Off; 22.5; 22.3;0;0;2007;0;2007;0;1821;0;-
2026/05/10;02:47:09;-;-; 52.69; 0.0;-; 8.5; 10.8; 0.0;-;-;2344;-0.2; 0.0; 0.0;-9; 22.0;B;0;-;On;On;Off; 22.5; 22.3;0;0;2007;0;2007;0;1821;0;-
2026/05/10;02:48:09;-;-; 52.69; 0.0;-; 8.4; 10.7; 0.0;-;-;2344;-0.2; 0.0; 0.0;-9; 22.0;B;0;-;On;On;Off; 22.5; 22.3;0;0;2007;0;2007;0;1821;0;-
2026/05/10;02:49:09;-;-; 52.67; 0.0;-; 8.6; 10.9; 0.0;-;-;2344;-0.2; 0.0; 0.0;-10; 22.0;B;0;-;On;On;Off; 22.5; 22.3;0;0;2007;0;2007;0;1821;0;-
2026/05/10;02:50:08;-;-; 52.69; 0.0;-; 8.6; 10.8; 0.0;-;-;2344;-0.2; 0.0; 0.0;-9; 22.0;B;0;-;On;On;Off; 22.5; 22.3;0;0;2007;0;2007;0;1821;0;-
2026/05/10;02:51:08;-;-; 52.69; 0.0;-; 8.7; 10.9; 0.0;-;-;2344;-0.2; 0.0; 0.0;-9; 22.0;B;0;-;On;On;Off; 22.5; 22.2;0;0;2007;0;2007;0;1821;0;-
2026/05/10;02:52:08;-;-; 52.69; 0.0;-; 8.7; 10.9; 0.0;-;-;2344;-0.2; 0.0; 0.0;-10; 22.0;B;0;-;On;On;Off; 22.5; 22.3;0;0;2007;0;2007;0;1821;0;-
2026/05/10;02:53:08;-;-; 52.69; 0.0;-; 8.8; 11.0; 0.0;-;-;2344;-0.2; 0.0; 0.0;-9; 22.0;B;0;-;On;On;Off; 22.5; 22.3;0;0;2007;0;2007;0;1821;0;-
2026/05/10;02:54:08;-;-; 52.69; 0.0;-; 8.8; 11.0; 0.0;-;-;2344;-0.2; 0.0; 0.0;-9; 22.0;B;0;-;On;On;Off; 22.5; 22.2;0;0;2007;0;2007;0;1821;0;-
2026/05/10;02:55:08;-;-; 52.69; 0.0;-; 8.9; 11.1; 0.0;-;-;2344;-0.2; 0.0; 0.0;-9; 22.0;B;0;-;On;On;Off; 22.5; 22.2;0;0;2007;0;2007;0;1821;0;-
2026/05/10;02:56:08;-;-; 52.69; 0.0;-; 8.9; 11.0; 0.0;-;-;2344;-0.2; 0.0; 0.0;-9; 22.0;B;0;-;On;On;Off; 22.5; 22.3;0;0;2007;0;2007;0;1821;0;-
2026/05/10;02:57:08;-;-; 52.67; 0.0;-; 9.0; 11.2; 0.0;-;-;2344;-0.2; 0.0; 0.0;-9; 22.0;B;0;-;On;On;Off; 22.5; 22.2;0;0;2007;0;2007;0;1821;0;-
2026/05/10;02:58:08;-;-; 52.67; 0.0;-; 9.2; 11.2; 0.0;-;-;2344;-0.2; 0.0; 0.0;-10; 22.0;B;0;-;On;On;Off; 22.5; 22.2;0;0;2007;0;2007;0;1821;0;-
2026/05/10;02:59:08;-;-; 52.67; 0.0;-; 9.2; 11.2; 0.0;-;-;2344;-0.2; 0.0; 0.0;-10; 22.0;B;0;-;On;On;Off; 22.5; 22.2;0;0;2007;0;2007;0;1821;0;-
2026/05/10;03:00:08;-;-; 52.67; 0.0;-; 9.4; 11.5; 0.0;-;-;2344;-0.2; 0.0; 0.0;-9; 22.0;B;0;-;On;On;Off; 22.5; 22.2;0;0;2007;0;2007;0;1821;0;-
2026/05/10;03:01:08;-;-; 52.67; 0.0;-; 9.5; 11.6; 0.0;-;-;2344;-0.2; 0.0; 0.0;-9; 22.0;B;0;-;On;On;Off; 22.5; 22.2;0;0;2007;0;2007;0;1821;0;-
2026/05/10;03:02:08;-;-; 52.67; 0.0;-; 9.5; 11.4; 0.0;-;-;2344;-0.2; 0.0; 0.0;-9; 22.0;B;0;-;On;On;Off; 22.5; 22.3;0;0;2007;0;2007;0;1821;0;-
2026/05/10;03:03:08;-;-; 52.67; 0.0;-; 9.6; 11.7; 0.0;-;-;2344;-0.2; 0.0; 0.0;-9; 22.0;B;0;-;On;On;Off; 22.5; 22.2;0;0;2007;0;2007;0;1821;0;-
2026/05/10;03:04:08;-;-; 52.67; 0.0;-; 9.8; 11.6; 0.0;-;-;2344;-0.2; 0.0; 0.0;-9; 22.0;B;0;-;On;On;Off; 22.5; 22.2;0;0;2007;0;2007;0;1821;0;-
2026/05/10;03:05:08;-;-; 52.67; 0.0;-; 9.8; 12.0; 0.0;-;-;2344;-0.2; 0.0; 0.0;-9; 22.0;B;0;-;On;On;Off; 22.5; 22.2;0;0;2007;0;2007;0;1821;0;-
2026/05/10;03:06:07;-;-; 52.67; 0.0;-; 10.1; 11.9; 0.0;-;-;2344;-0.2; 0.0; 0.0;-9; 22.0;B;0;-;On;On;Off; 22.5; 22.2;0;0;2007;0;2007;0;1821;0;-
2026/05/10;03:07:07;-;-; 52.65; 0.0;-; 10.1; 12.2; 0.0;-;-;2344;-0.2; 0.0; 0.0;-9; 22.0;B;0;-;On;On;Off; 22.5; 22.2;0;0;2007;0;2007;0;1821;0;-
2026/05/10;03:08:07;-;-; 52.67; 0.0;-; 10.4; 12.2; 0.0;-;-;2344;-0.2; 0.0; 0.0;-9; 22.0;B;0;-;On;On;Off; 22.5; 22.2;0;0;2007;0;2007;0;1821;0;-
2026/05/10;03:09:07;-;-; 52.65; 0.0;-; 10.4; 12.2; 0.0;-;-;2344;-0.2; 0.0; 0.0;-9; 21.9;B;0;-;On;On;Off; 22.5; 22.2;0;0;2007;0;2007;0;1821;0;-
2026/05/10;03:10:07;-;-; 52.67; 0.0;-; 10.7; 12.5; 0.0;-;-;2344;-0.2; 0.0; 0.0;-8; 22.0;B;0;-;On;On;Off; 22.5; 22.2;0;0;2007;0;2007;0;1821;0;-
2026/05/10;03:11:07;-;-; 52.67; 0.0;-; 10.9; 12.7; 0.0;-;-;2344;-0.2; 0.0; 0.0;-8; 22.0;B;0;-;On;On;Off; 22.5; 22.2;0;0;2007;0;2007;0;1821;0;-
2026/05/10;03:12:07;-;-; 52.67; 0.0;-; 11.0; 12.8; 0.0;-;-;2344;-0.2; 0.0; 0.0;-9; 21.9;B;0;-;On;On;Off; 22.5; 22.2;0;0;2007;0;2007;0;1821;0;-
2026/05/10;03:13:07;-;-; 52.67; 0.0;-; 11.2; 12.8; 0.0;-;-;2344;-0.2; 0.0; 0.0;-9; 21.9;B;0;-;On;On;Off; 22.5; 22.2;0;0;2007;0;2007;0;1821;0;-
2026/05/10;03:14:07;-;-; 52.67; 0.0;-; 11.4; 13.0; 0.0;-;-;2344;-0.2; 0.0; 0.0;-8; 22.0;B;0;-;On;On;Off; 22.5; 22.2;0;0;2007;0;2007;0;1821;0;-
2026/05/10;03:15:07;-;-; 52.67; 0.0;-; 11.7; 13.2; 0.0;-;-;2344;-0.2; 0.0; 0.0;-9; 22.0;B;0;-;On;On;Off; 22.5; 22.2;0;0;2007;0;2007;0;1821;0;-
2026/05/10;03:16:07;-;-; 52.67; 0.0;-; 11.8; 13.4; 0.0;-;-;2344;-0.2; 0.0; 0.0;-9; 22.0;B;0;-;On;On;Off; 22.5; 22.2;0;0;2007;0;2007;0;1821;0;-
2026/05/10;03:17:07;-;-; 52.65; 0.0;-; 11.8; 13.5; 0.0;-;-;2344;-0.2; 0.0; 0.0;-8; 21.9;B;0;-;On;On;Off; 22.5; 22.2;0;0;2007;0;2007;0;1821;0;-
2026/05/10;03:18:07;-;-; 52.67; 0.0;-; 12.1; 13.8; 0.0;-;-;2344;-0.2; 0.0; 0.0;-8; 22.0;B;0;-;On;On;Off; 22.5; 22.2;0;0;2007;0;2007;0;1821;0;-
2026/05/10;03:19:07;-;-; 52.65; 0.0;-; 12.3; 13.9; 0.0;-;-;2344;-0.2; 0.0; 0.0;-9; 21.9;B;0;-;On;On;Off; 22.5; 22.2;0;0;2007;0;2007;0;1821;0;-
2026/05/10;03:20:07;-;-; 52.67; 0.0;-; 12.7; 14.2; 0.0;-;-;2344;-0.2; 0.0; 0.0;-9; 21.9;B;0;-;On;On;Off; 22.5; 22.2;0;0;2007;0;2007;0;1821;0;-
2026/05/10;03:21:07;-;-; 52.67; 0.0;-; 14.6; 14.7; 0.0;-;-;2344;-0.2; 0.0; 0.0;-8; 21.9;B;0;-;On;On;Off; 22.5; 22.2;0;0;2007;0;2007;0;1821;0;-
2026/05/10;03:22:06;-;-; 52.65; 0.0;-; 13.5; 14.6; 0.0;-;-;2344;-0.2; 0.0; 0.0;-8; 22.0;B;0;-;On;On;Off; 22.5; 22.2;0;0;2007;0;2007;0;1821;0;-
2026/05/10;03:23:06;-;-; 52.67; 0.0;-; 13.8; 15.0; 0.0;-;-;2344;-0.2; 0.0; 0.0;-9; 21.9;B;0;-;On;On;Off; 22.5; 22.2;0;0;2007;0;2007;0;1821;0;-
2026/05/10;03:24:06;-;-; 52.67; 0.0;-; 14.2; 15.2; 0.0;-;-;2344;-0.2; 0.0; 0.0;-9; 21.9;B;0;-;On;On;Off; 22.5; 22.2;0;0;2007;0;2007;0;1821;0;-
2026/05/10;03:25:06;-;-; 52.67; 0.0;-; 14.6; 15.6; 0.0;-;-;2344;-0.2; 0.0; 0.0;-9; 21.9;B;0;-;On;On;Off; 22.5; 22.2;0;0;2007;0;2007;0;1821;0;-
2026/05/10;03:26:06;-;-; 52.67; 0.0;-; 15.0; 15.9; 0.0;-;-;2344;-0.2; 0.0; 0.0;-9; 21.9;B;0;-;On;On;Off; 22.5; 22.2;0;0;2007;0;2007;0;1821;0;-
2026/05/10;03:27:06;-;-; 52.67; 0.0;-; 15.4; 16.1; 0.0;-;-;2344;-0.2; 0.0; 0.0;-9; 21.9;B;0;-;On;On;Off; 22.5; 22.2;0;0;2007;0;2007;0;1821;0;-
2026/05/10;03:28:06;-;-; 52.67; 0.0;-; 15.9; 16.5; 0.0;-;-;2344;-0.2; 0.0; 0.0;-8; 21.9;B;0;-;On;On;Off; 22.5; 22.2;0;0;2007;0;2007;0;1821;0;-
2026/05/10;03:29:06;-;-; 52.67; 0.0;-; 16.4; 17.0; 0.0;-;-;2344;-0.2; 0.0; 0.0;-9; 21.9;B;0;-;On;On;Off; 22.5; 22.2;0;0;2007;0;2007;0;1821;0;-
2026/05/10;03:30:06;-;-; 52.67; 0.0;-; 16.9; 17.4; 0.0;-;-;2344;-0.2; 0.0; 0.0;-9; 21.9;B;0;-;On;On;Off; 22.5; 22.2;0;0;2007;0;2007;0;1821;0;-
2026/05/10;03:31:06;-;-; 52.67; 0.0;-; 17.5; 17.8; 0.0;-;-;2344;-0.2; 0.0; 0.0;-9; 21.9;B;0;-;On;On;Off; 22.5; 22.2;0;0;2007;0;2007;0;1821;0;-
2026/05/10;03:32:06;-;-; 52.67; 0.0;-; 18.0; 18.3; 0.0;-;-;2344;-0.2; 0.0; 0.0;-9; 21.9;B;0;-;On;On;Off; 22.5; 22.2;0;0;2007;0;2007;0;1821;0;-
2026/05/10;03:33:06;-;-; 52.67; 0.0;-; 18.6; 18.8; 0.0;-;-;2344;-0.2; 0.0; 0.0;-8; 21.9;B;0;-;On;On;Off; 22.5; 22.2;0;0;2007;0;2007;0;1821;0;-
2026/05/10;03:34:06;-;-; 52.65; 0.0;-; 19.3; 19.4; 0.0;-;-;2344;-0.2; 0.0; 0.0;-9; 21.9;B;0;-;On;On;Off; 22.5; 22.2;0;0;2007;0;2007;0;1821;0;-
2026/05/10;03:35:06;-;-; 52.67; 0.0;-; 20.0; 19.8; 0.0;-;-;2344;-0.2; 0.0; 0.0;-9; 21.9;B;0;-;On;On;Off; 22.5; 22.2;0;0;2007;0;2007;0;1821;0;-
2026/05/10;03:36:06;-;-; 52.65; 0.0;-; 20.5; 20.4; 0.0;-;-;2344;-0.2; 0.0; 0.0;-9; 21.9;B;0;-;On;On;Off; 22.5; 22.2;0;0;2007;0;2007;0;1821;0;-
2026/05/10;03:37:05;-;-; 52.67; 0.0;-; 21.1; 20.8; 0.0;-;-;2344;-0.2; 0.0; 0.0;-9; 21.9;B;0;-;On;On;Off; 22.5; 22.2;0;0;2007;0;2007;0;1821;0;-
2026/05/10;03:38:05;-;-; 52.67; 0.0;-; 22.0; 21.5; 0.0;-;-;2344;-0.2; 0.0; 0.0;-9; 21.9;B;0;-;On;On;Off; 22.5; 22.2;0;0;2007;0;2007;0;1821;0;-
2026/05/10;03:39:05;-;-; 52.67; 0.0;-; 22.7; 22.1; 0.0;-;-;2344;-0.2; 0.0; 0.0;-9; 21.9;B;0;-;On;On;Off; 22.5; 22.2;0;0;2007;0;2007;0;1821;0;-
2026/05/10;03:40:05;-;-; 52.65; 0.0;-; 23.4; 22.8; 0.0;-;-;2344;-0.2; 0.0; 0.0;-9; 21.9;B;0;-;On;On;Off; 22.5; 22.2;0;0;2007;0;2007;0;1821;0;-
2026/05/10;03:41:05;-;-; 52.65; 0.0;-; 24.3; 23.6; 0.0;-;-;2344;-0.2; 0.0; 0.0;-9; 21.9;B;0;-;On;On;Off; 22.5; 22.2;0;0;2007;0;2007;0;1821;0;-
2026/05/10;03:42:05;-;-; 52.65; 0.0;-; 25.1; 24.1; 0.0;-;-;2344;-0.2; 0.0; 0.0;-9; 21.9;B;0;-;On;On;Off; 22.5; 22.2;0;0;2007;0;2007;0;1821;0;-
2026/05/10;03:43:05;-;-; 52.65; 0.0;-; 25.9; 25.1; 0.0;-;-;2344;-0.2; 0.0; 0.0;-9; 21.9;B;0;-;On;On;Off; 22.5; 22.2;0;0;2007;0;2007;0;1821;0;-
2026/05/10;03:44:05;-;-; 52.65; 0.0;-; 26.7; 25.7; 0.0;-;-;2344;-0.2; 0.0; 0.0;-9; 21.9;B;0;-;On;On;Off; 22.5; 22.2;0;0;2007;0;2007;0;1821;0;-
2026/05/10;03:45:05;-;-; 52.65; 0.0;-; 27.6; 26.4; 0.0;-;-;2344;-0.2; 0.0; 0.0;-10; 21.9;B;0;-;On;On;Off; 22.5; 22.2;0;0;2007;0;2007;0;1821;0;-
2026/05/10;03:46:05;-;-; 52.65; 0.0;-; 28.4; 27.2; 0.0;-;-;2344;-0.2; 0.0; 0.0;-9; 21.9;B;0;-;On;On;Off; 22.5; 22.2;0;0;2007;0;2007;0;1821;0;-
2026/05/10;03:47:05;-;-; 52.65; 0.0;-; 29.4; 28.2; 0.0;-;-;2344;-0.2; 0.0; 0.0;-9; 21.9;B;0;-;On;On;Off; 22.5; 22.2;0;0;2007;0;2007;0;1821;0;-
2026/05/10;03:48:05;-;-; 52.65; 0.0;-; 30.3; 28.9; 0.0;-;-;2344;-0.2; 0.0; 0.0;-9; 21.9;B;0;-;On;On;Off; 22.5; 22.2;0;0;2007;0;2007;0;1821;0;-
2026/05/10;03:49:05;-;-; 52.65; 0.0;-; 31.2; 30.0; 0.0;-;-;2344;-0.2; 0.0; 0.0;-9; 21.9;B;0;-;On;On;Off; 22.5; 22.2;0;0;2007;0;2007;0;1821;0;-
2026/05/10;03:50:05;-;-; 52.63; 0.0;-; 32.2; 30.8; 0.0;-;-;2344;-0.2; 0.0; 0.0;-9; 21.9;B;0;-;On;On;Off; 22.5; 22.2;0;0;2007;0;2007;0;1821;0;-
2026/05/10;03:51:05;-;-; 52.63; 0.0;-; 33.0; 31.6; 0.0;-;-;2344;-0.2; 0.0; 0.0;-9; 21.9;B;0;-;On;On;Off; 22.4; 22.2;0;0;2007;0;2007;0;1821;0;-
2026/05/10;03:52:05;-;-; 52.65; 0.0;-; 33.9; 32.4; 0.0;-;-;2344;-0.2; 0.0; 0.0;-9; 21.9;B;0;-;On;On;Off; 22.4; 22.2;0;0;2007;0;2007;0;1821;0;-
2026/05/10;03:53:04;-;-; 52.65; 0.0;-; 34.8; 33.1; 0.0;-;-;2344;-0.2; 0.0; 0.0;-9; 21.9;B;0;-;On;On;Off; 22.5; 22.2;0;0;2007;0;2007;0;1821;0;-
2026/05/10;03:54:04;-;-; 52.65; 0.0;-; 35.7; 34.0; 0.0;-;-;2344;-0.2; 0.0; 0.0;-9; 21.9;B;0;-;On;On;Off; 22.5; 22.2;0;0;2007;0;2007;0;1821;0;-
2026/05/10;03:55:04;-;-; 52.65; 0.0;-; 36.6; 34.9; 0.0;-;-;2344;-0.2; 0.0; 0.0;-9; 21.9;B;0;-;On;On;Off; 22.4; 22.2;0;0;2007;0;2007;0;1821;0;-
2026/05/10;03:56:04;-;-; 52.65; 0.0;-; 37.6; 35.8; 0.0;-;-;2344;-0.2; 0.0; 0.0;-9; 21.9;B;0;-;On;On;Off; 22.5; 22.2;0;0;2007;0;2007;0;1821;0;-
2026/05/10;03:57:04;-;-; 52.65; 0.0;-; 38.5; 36.7; 0.0;-;-;2344;-0.2; 0.0; 0.0;-9; 21.9;B;0;-;On;On;Off; 22.5; 22.2;0;0;2007;0;2007;0;1821;0;-
2026/05/10;03:58:04;-;-; 52.65; 0.0;-; 39.4; 37.5; 0.0;-;-;2344;-0.2; 0.0; 0.0;-9; 21.9;B;0;-;On;On;Off; 22.4; 22.2;0;0;2007;0;2007;0;1821;0;-
2026/05/10;03:59:04;-;-; 52.65; 0.0;-; 40.2; 38.4; 0.0;-;-;2344;-0.2; 0.0; 0.0;-10; 21.9;B;0;-;On;On;Off; 22.5; 22.2;0;0;2007;0;2007;0;1821;0;-
2026/05/10;04:00:04;-;-; 52.65; 0.0;-; 41.2; 39.2; 0.0;-;-;2344;-0.2; 0.0; 0.0;-10; 21.9;B;0;-;On;On;Off; 22.4; 22.1;0;0;2007;0;2007;0;1821;0;-
2026/05/10;04:01:04;-;-; 52.65; 0.0;-; 42.0; 40.0; 0.0;-;-;2344;-0.2; 0.0; 0.0;-9; 21.9;B;0;-;On;On;Off; 22.4; 22.2;0;0;2007;0;2007;0;1821;0;-
2026/05/10;04:02:04;-;-; 52.63; 0.0;-; 42.8; 40.7; 0.0;-;-;2344;-0.2; 0.0; 0.0;-9; 21.9;B;0;-;On;On;Off; 22.4; 22.1;0;0;2007;0;2007;0;1821;0;-
2026/05/10;04:03:04;-;-; 52.65; 0.0;-; 43.7; 41.7; 0.0;-;-;2344;-0.2; 0.0; 0.0;-9; 21.9;B;0;-;On;On;Off; 22.4; 22.1;0;0;2007;0;2007;0;1821;0;-
2026/05/10;04:04:04;-;-; 52.65; 0.0;-; 44.4; 42.6; 0.0;-;-;2344;-0.2; 0.0; 0.0;-9; 21.9;B;0;-;On;On;Off; 22.4; 22.1;0;0;2007;0;2007;0;1821;0;-
2026/05/10;04:05:04;-;-; 52.65; 0.0;-; 45.2; 43.4; 0.0;-;-;2344;-0.2; 0.0; 0.0;-9; 21.9;B;0;-;On;On;Off; 22.4; 22.1;0;0;2007;0;2007;0;1821;0;-
2026/05/10;04:06:04;-;-; 52.63; 0.0;-; 45.9; 44.2; 0.0;-;-;2344;-0.2; 0.0; 0.0;-9; 22.0;B;0;-;On;On;Off; 22.4; 22.1;0;0;2007;0;2007;0;1821;0;-
2026/05/10;04:07:04;-;-; 52.65; 0.0;-; 46.7; 45.0; 0.0;-;-;2344;-0.2; 0.0; 0.0;-9; 21.9;B;0;-;On;On;Off; 22.4; 22.1;0;0;2007;0;2007;0;1821;0;-
2026/05/10;04:08:04;-;-; 52.65; 0.0;-; 47.5; 45.7; 0.0;-;-;2344;-0.2; 0.0; 0.0;-10; 21.9;B;0;-;On;On;Off; 22.4; 22.1;0;0;2007;0;2007;0;1821;0;-
2026/05/10;04:09:03;-;-; 52.65; 0.0;-; 48.1; 46.6; 0.0;-;-;2344;-0.2; 0.0; 0.0;-10; 22.0;B;0;-;On;On;Off; 22.4; 22.1;0;0;2007;0;2007;0;1821;0;-
2026/05/10;04:10:03;-;-; 52.65; 0.0;-; 48.9; 47.4; 0.0;-;-;2344;-0.2; 0.0; 0.0;-10; 22.0;B;0;-;On;On;Off; 22.4; 22.1;0;0;2007;0;2007;0;1821;0;-
2026/05/10;04:11:03;-;-; 52.63; 0.0;-; 49.5; 48.0; 0.0;-;-;2344;-0.2; 0.0; 0.0;-10; 22.0;B;0;-;On;On;Off; 22.4; 22.1;0;0;2007;0;2007;0;1821;0;-
2026/05/10;04:12:03;-;-; 52.63; 0.0;-; 50.3; 48.7; 0.0;-;-;2344;-0.2; 0.0; 0.0;-10; 22.0;B;0;-;On;On;Off; 22.4; 22.1;0;0;2007;0;2007;0;1821;0;-
2026/05/10;04:13:03;-;-; 52.63; 0.0;-; 51.0; 49.4; 0.0;-;-;2344;-0.2; 0.0; 0.0;-9; 22.0;B;0;-;On;On;Off; 22.4; 22.1;0;0;2007;0;2007;0;1821;0;-
2026/05/10;04:14:03;-;-; 52.65; 0.0;-; 51.7; 50.4; 0.0;-;-;2344;-0.2; 0.0; 0.0;-9; 22.0;B;0;-;On;On;Off; 22.4; 22.1;0;0;2007;0;2007;0;1821;0;-
2026/05/10;04:15:03;-;-; 52.65; 0.0;-; 52.4; 50.9; 0.0;-;-;2344;-0.2; 0.0; 0.0;-9; 22.0;B;0;-;On;On;Off; 22.4; 22.1;0;0;2007;0;2007;0;1821;0;-
2026/05/10;04:16:03;-;-; 52.65; 0.0;-; 53.0; 51.8; 0.0;-;-;2344;-0.2; 0.0; 0.0;-9; 22.0;B;0;-;On;On;Off; 22.4; 22.1;0;0;2007;0;2007;0;1821;0;-
2026/05/10;04:17:03;-;-; 52.65; 0.0;-; 53.7; 52.5; 0.0;-;-;2344;-0.2; 0.0; 0.0;-9; 22.0;B;0;-;On;On;Off; 22.4; 22.1;0;0;2007;0;2007;0;1821;0;-
2026/05/10;04:18:03;-;-; 52.65; 0.0;-; 54.4; 53.1; 0.0;-;-;2344;-0.2; 0.0; 0.0;-9; 22.0;B;0;-;On;On;Off; 22.4; 22.1;0;0;2007;0;2007;0;1821;0;-
2026/05/10;04:19:03;-;-; 52.65; 0.0;-; 55.0; 53.9; 0.0;-;-;2344;-0.2; 0.0; 0.0;-9; 22.0;B;0;-;On;On;Off; 22.4; 22.1;0;0;2007;0;2007;0;1821;0;-
2026/05/10;04:20:03;-;-; 52.65; 0.0;-; 55.7; 54.5; 0.0;-;-;2344;-0.2; 0.0; 0.0;-9; 22.0;B;0;-;On;On;Off; 22.4; 22.1;0;0;2007;0;2007;0;1821;0;-
2026/05/10;04:21:03;-;-; 52.63; 0.0;-; 56.3; 55.1; 0.0;-;-;2344;-0.2; 0.0; 0.0;-10; 22.0;B;0;-;On;On;Off; 22.4; 22.1;0;0;2007;0;2007;0;1821;0;-
2026/05/10;04:22:03;-;-; 52.65; 0.0;-; 56.9; 55.8; 0.0;-;-;2344;-0.2; 0.0; 0.0;-10; 22.0;B;0;-;On;On;Off; 22.4; 22.1;0;0;2007;0;2007;0;1821;0;-
2026/05/10;04:23:03;-;-; 52.65; 0.0;-; 57.5; 56.4; 0.0;-;-;2344;-0.2; 0.0; 0.0;-10; 22.0;B;0;-;On;On;Off; 22.4; 22.1;0;0;2007;0;2007;0;1821;0;-
2026/05/10;04:24:03;-;-; 52.65; 0.0;-; 58.0; 56.9; 0.0;-;-;2344;-0.2; 0.0; 0.0;-10; 22.0;B;0;-;On;On;Off; 22.4; 22.1;0;0;2007;0;2007;0;1821;0;-
2026/05/10;04:25:02;-;-; 52.63; 0.0;-; 58.5; 57.6; 0.0;-;-;2344;-0.2; 0.0; 0.0;-10; 22.0;B;0;-;On;On;Off; 22.4; 22.1;0;0;2007;0;2007;0;1821;0;-
2026/05/10;04:26:02;-;-; 52.63; 0.0;-; 59.0; 58.1; 0.0;-;-;2344;-0.2; 0.0; 0.0;-10; 22.0;B;0;-;On;On;Off; 22.4; 22.1;0;0;2007;0;2007;0;1821;0;-
2026/05/10;04:27:02;-;-; 52.63; 0.0;-; 59.5; 58.5; 0.0;-;-;2344;-0.2; 0.0; 0.0;-10; 22.0;B;0;-;On;On;Off; 22.4; 22.1;0;0;2007;0;2007;0;1821;0;-
2026/05/10;04:28:02;-;-; 52.63; 0.0;-; 60.0; 59.1; 0.0;-;-;2344;-0.2; 0.0; 0.0;-10; 22.0;B;0;-;On;On;Off; 22.4; 22.1;0;0;2007;0;2007;0;1821;0;-
2026/05/10;04:29:02;-;-; 52.65; 0.0;-; 60.5; 59.6; 0.0;-;-;2344;-0.2; 0.0; 0.0;-10; 22.0;B;0;-;On;On;Off; 22.4; 22.1;0;0;2007;0;2007;0;1821;0;-
2026/05/10;04:30:02;-;-; 52.63; 0.0;-; 61.0; 60.2; 0.0;-;-;2344;-0.2; 0.0; 0.0;-10; 22.0;B;0;-;On;On;Off; 22.4; 22.1;0;0;2007;0;2007;0;1821;0;-
2026/05/10;04:31:02;-;-; 52.63; 0.0;-; 61.5; 60.7; 0.0;-;-;2344;-0.2; 0.0; 0.0;-10; 22.0;B;0;-;On;On;Off; 22.4; 22.1;0;0;2007;0;2007;0;1821;0;-
2026/05/10;04:32:02;-;-; 52.63; 0.0;-; 61.8; 61.1; 0.0;-;-;2344;-0.2; 0.0; 0.0;-10; 22.0;B;0;-;On;On;Off; 22.4; 22.1;0;0;2007;0;2007;0;1821;0;-
2026/05/10;04:33:02;-;-; 52.63; 0.0;-; 62.5; 61.6; 0.0;-;-;2344;-0.2; 0.0; 0.0;-10; 22.0;B;0;-;On;On;Off; 22.4; 22.1;0;0;2007;0;2007;0;1821;0;-
2026/05/10;04:34:02;-;-; 52.63; 0.0;-; 62.8; 62.1; 0.0;-;-;2344;-0.2; 0.0; 0.0;-9; 22.0;B;0;-;On;On;Off; 22.4; 22.1;0;0;2007;0;2007;0;1821;0;-
2026/05/10;04:35:02;-;-; 52.63; 0.0;-; 63.4; 62.5; 0.0;-;-;2344;-0.2; 0.0; 0.0;-9; 22.0;B;0;-;On;On;Off; 22.4; 22.1;0;0;2007;0;2007;0;1821;0;-
2026/05/10;04:36:02;-;-; 52.61; 0.0;-; 63.8; 63.0; 0.0;-;-;2344;-0.2; 0.0; 0.0;-10; 22.0;B;0;-;On;On;Off; 22.4; 22.1;0;0;2007;0;2007;0;1821;0;-
2026/05/10;04:37:02;-;-; 52.63; 0.0;-; 64.3; 63.6; 0.0;-;-;2344;-0.2; 0.0; 0.0;-10; 21.9;B;0;-;On;On;Off; 22.4; 22.1;0;0;2007;0;2007;0;1821;0;-
2026/05/10;04:38:02;-;-; 52.63; 0.0;-; 64.7; 64.0; 0.0;-;-;2344;-0.2; 0.0; 0.0;-9; 22.0;B;0;-;On;On;Off; 22.4; 22.1;0;0;2007;0;2007;0;1821;0;-
2026/05/10;04:39:02;-;-; 52.63; 0.0;-; 65.1; 64.5; 0.0;-;-;2344;-0.2; 0.0; 0.0;-9; 21.9;B;0;-;On;On;Off; 22.4; 22.1;0;0;2007;0;2007;0;1821;0;-
2026/05/10;04:40:01;-;-; 52.63; 0.0;-; 65.5; 64.8; 0.0;-;-;2344;-0.2; 0.0; 0.0;-9; 21.9;B;0;-;On;On;Off; 22.4; 22.1;0;0;2007;0;2007;0;1821;0;-
2026/05/10;04:41:01;-;-; 52.63; 0.0;-; 66.0; 65.3; 0.0;-;-;2344;-0.2; 0.0; 0.0;-10; 22.0;B;0;-;On;On;Off; 22.4; 22.1;0;0;2007;0;2007;0;1821;0;-
2026/05/10;04:42:01;-;-; 52.63; 0.0;-; 66.2; 65.6; 0.0;-;-;2344;-0.2; 0.0; 0.0;-9; 21.9;B;0;-;On;On;Off; 22.4; 22.1;0;0;2007;0;2007;0;1821;0;-
2026/05/10;04:43:01;-;-; 52.63; 0.0;-; 66.6; 65.9; 0.0;-;-;2344;-0.2; 0.0; 0.0;-9; 21.9;B;0;-;On;On;Off; 22.4; 22.1;0;0;2007;0;2007;0;1821;0;-
2026/05/10;04:44:01;-;-; 52.63; 0.0;-; 66.8; 66.3; 0.0;-;-;2344;-0.2; 0.0; 0.0;-10; 21.9;B;0;-;On;On;Off; 22.4; 22.1;0;0;2007;0;2007;0;1821;0;-
2026/05/10;04:45:01;-;-; 52.63; 0.0;-; 67.3; 66.6; 0.0;-;-;2344;-0.2; 0.0; 0.0;-10; 21.9;B;0;-;On;On;Off; 22.4; 22.1;0;0;2007;0;2007;0;1821;0;-
2026/05/10;04:46:01;-;-; 52.63; 0.0;-; 67.3; 66.7; 0.0;-;-;2344;-0.2; 0.0; 0.0;-9; 21.9;B;0;-;On;On;Off; 22.4; 22.1;0;0;2007;0;2007;0;1821;0;-
2026/05/10;04:47:01;-;-; 52.63; 0.0;-; 67.6; 67.0; 0.0;-;-;2344;-0.2; 0.0; 0.0;-9; 21.9;B;0;-;On;On;Off; 22.4; 22.1;0;0;2007;0;2007;0;1821;0;-
2026/05/10;04:48:01;-;-; 52.63; 0.0;-; 67.6; 67.1; 0.0;-;-;2344;-0.2; 0.0; 0.0;-9; 21.9;B;0;-;On;On;Off; 22.4; 22.1;0;0;2007;0;2007;0;1821;0;-
2026/05/10;04:49:01;-;-; 52.61; 0.0;-; 67.9; 67.3; 0.0;-;-;2344;-0.2; 0.0; 0.0;-9; 21.9;B;0;-;On;On;Off; 22.4; 22.1;0;0;2007;0;2007;0;1821;0;-
2026/05/10;04:50:01;-;-; 52.63; 0.0;-; 68.1; 67.4; 0.0;-;-;2344;-0.2; 0.0; 0.0;-10; 21.9;B;0;-;On;On;Off; 22.4; 22.1;0;0;2007;0;2007;0;1821;0;-
2026/05/10;04:51:01;-;-; 52.65; 0.0;-; 68.0; 67.4; 0.0;-;-;2344;-0.2; 0.0; 0.0;-9; 21.9;B;0;-;On;On;Off; 22.4; 22.1;0;0;2007;0;2007;0;1821;1;-
2026/05/10;04:52:01;-;-; 52.65; 0.0;-; 68.2; 67.6; 0.0;-;-;2344;-0.2; 0.0; 0.0;-9; 21.9;B;0;-;On;On;Off; 22.4; 22.1;0;0;2007;0;2007;0;1821;1;-
2026/05/10;04:53:01;-;-; 52.65; 0.0;-; 68.2; 67.8; 0.0;-;-;2344;-0.2; 0.0; 0.0;-9; 21.9;B;0;-;On;On;Off; 22.4; 22.1;0;0;2007;0;2007;0;1821;1;-
2026/05/10;04:54:01;-;-; 52.65; 0.0;-; 68.4; 67.9; 0.0;-;-;2344;-0.2; 0.0; 0.0;-10; 21.9;B;0;-;On;On;Off; 22.4; 22.1;0;0;2007;0;2007;0;1821;1;-
2026/05/10;04:55:01;-;-; 52.65; 0.0;-; 68.6; 68.0; 0.0;-;-;2344;-0.2; 0.0; 0.0;-9; 21.9;B;0;-;On;On;Off; 22.4; 22.1;0;0;2007;0;2007;0;1821;1;-
2026/05/10;04:56:00;-;-; 52.67; 0.0;-; 68.6; 68.1; 0.0;-;-;2344;-0.2; 0.0; 0.0;-9; 21.9;B;0;-;On;On;Off; 22.4; 22.1;0;0;2007;0;2007;0;1821;1;-
2026/05/10;04:57:00;-;-; 52.65; 0.0;-; 68.9; 68.5; 0.0;-;-;2344;-0.2; 0.0; 0.0;-9; 21.9;B;0;-;On;On;Off; 22.4; 22.1;0;0;2007;0;2007;0;1821;1;-
2026/05/10;04:58:00;-;-; 52.65; 0.0;-; 69.0; 68.6; 0.0;-;-;2344;-0.2; 0.0; 0.0;-9; 21.9;B;0;-;On;On;Off; 22.4; 22.1;0;0;2007;0;2007;0;1821;1;-
2026/05/10;04:59:00;-;-; 52.67; 0.0;-; 69.2; 68.7; 0.0;-;-;2344;-0.2; 0.0; 0.0;-9; 21.9;B;0;-;On;On;Off; 22.4; 22.1;0;0;2007;0;2007;0;1821;1;-
2026/05/10;05:00:00;-;-; 52.65; 0.0;-; 69.3; 68.8; 0.0;-;-;2344;-0.2; 0.0; 0.0;-8; 21.9;B;0;-;On;On;Off; 22.4; 22.1;0;0;2007;0;2007;0;1821;1;-
2026/05/10;05:01:00;-;-; 52.67; 0.0;-; 69.5; 69.1; 0.0;-;-;2344;-0.2; 0.0; 0.0;-9; 21.9;B;0;-;On;On;Off; 22.4; 22.1;0;0;2007;0;2007;0;1821;1;-
2026/05/10;05:02:00;-;-; 52.67; 0.0;-; 69.6; 69.2; 0.0;-;-;2344;-0.2; 0.0; 0.0;-8; 21.9;B;0;-;On;On;Off; 22.4; 22.1;0;0;2007;0;2007;0;1821;1;-
2026/05/10;05:03:00;-;-; 52.63; 0.1;-; 68.7; 69.3; 7.7; 7.7;-;2344;-0.2; 0.0; 0.0;-9; 21.9;B;0;-;On;On;Off; 22.4; 22.1;0;0;2007;0;2007;0;1821;1;-
2026/05/10;05:04:00;-;-; 52.55; 0.3;-; 68.5; 68.3; 15.5; 8.4; 7.1;2344;-0.2; 0.1; 0.1;-8; 21.9;B;0;-;On;On;Off; 24.4; 22.9;0;0;2007;0;2007;0;1821;1;-
2026/05/10;05:05:00;-;-; 52.53; 0.2;-; 69.9; 68.3; 8.4; 0.7; 7.7;2344;-0.1; 0.2; 0.2;-5; 21.9;B;0;-;On;On;Off; 24.0; 24.5;0;0;2007;0;2007;0;1821;1;-
2026/05/10;05:06:00;-;-; 52.55; 0.0;-; 70.0; 69.7; 0.0; 0.0; 0.0;2344;-0.1; 0.2; 0.2;-6; 21.9;B;0;-;On;On;Off; 23.3; 23.2;0;0;2007;0;2007;0;1821;1;-
2026/05/10;05:07:00;-;-; 52.53; 0.2;-; 68.6; 69.9; 9.8; 9.2; 0.7;2344;-0.2; 0.1; 0.1;-9; 21.9;B;0;-;On;On;Off; 24.7; 22.8;0;0;2007;0;2007;0;1821;1;-
2026/05/10;05:08:00;-;-; 52.51; 0.4;-; 68.5; 68.3; 19.7; 10.6; 9.1;2344;-0.1; 0.2; 0.2;-4; 21.9;B;0;-;On;On;Off; 25.3; 24.7;0;0;2007;0;2007;0;1821;1;-
2026/05/10;05:09:00;-;-; 52.51; 0.0;-; 70.6; 70.1; 1.4; 0.7; 0.7;2344; 0.0; 0.3; 0.3;0; 21.9;B;0;-;On;On;Off; 23.8; 24.7;0;0;2007;0;2007;0;1821;1;-
2026/05/10;05:10:00;-;-; 52.53; 0.2;-; 68.6; 70.3; 11.3; 11.3; 0.0;2344;-0.1; 0.1; 0.1;-5; 21.9;B;0;-;On;On;Off; 24.5; 23.2;0;0;2007;0;2007;0;1821;1;-
2026/05/10;05:11:00;-;-; 52.51; 0.4;-; 68.5; 68.3; 21.8; 11.3; 10.6;2344;-0.1; 0.1; 0.1;-5; 21.9;B;0;-;On;On;Off; 25.5; 24.6;0;0;2007;0;2007;0;1821;1;-
2026/05/10;05:11:59;-;-; 52.51; 0.2;-; 70.9; 68.4; 11.2; 0.7; 10.6;2344; 0.1; 0.3; 0.3;4; 21.9;B;0;-;On;On;Off; 24.3; 25.4;0;0;2007;0;2007;0;1821;1;-
2026/05/10;05:12:59;-;-; 52.51; 0.0;-; 71.0; 70.7; 0.7; 0.7; 0.0;2344; 0.0; 0.2; 0.2;0; 21.9;B;0;-;On;On;Off; 23.9; 23.7;0;0;2007;0;2007;0;1821;1;-
2026/05/10;05:13:59;-;-; 52.53; 0.5;-; 68.5; 68.3; 24.6; 12.7; 11.9;2344;-0.2; 0.1; 0.1;-9; 21.9;B;0;-;On;On;Off; 25.6; 23.7;0;0;2007;0;2007;0;1821;1;-
2026/05/10;05:14:59;-;-; 52.51; 0.2;-; 71.2; 68.5; 12.6; 0.7; 11.9;2344; 0.1; 0.3; 0.3;4; 21.9;B;0;-;On;On;Off; 25.3; 25.6;0;0;2007;0;2007;0;1821;1;-
2026/05/10;05:15:59;-;-; 52.53; 0.0;-; 71.3; 71.1; 0.7; 0.7; 0.0;2344; 0.1; 0.4; 0.4;7; 21.9;B;0;-;On;On;Off; 24.3; 24.4;0;0;2007;0;2007;0;1821;1;-
2026/05/10;05:16:59;-;-; 52.55; 0.3;-; 68.6; 71.2; 14.0; 13.4; 0.7;2344;-0.1; 0.1; 0.1;-5; 21.9;B;0;-;On;On;Off; 25.6; 23.8;0;0;2007;0;2007;0;1821;1;-
2026/05/10;05:17:59;-;-; 52.57; 0.5;-; 68.6; 68.4; 26.8; 14.1; 12.7;2344; 0.0; 0.2; 0.2;0; 21.9;B;0;-;On;On;Off; 26.2; 25.6;0;0;2007;0;2007;0;1821;1;-
2026/05/10;05:18:59;-;-; 52.55; 0.0;-; 71.6; 71.4; 1.4; 0.7; 0.7;2344; 0.3; 0.5; 0.5;15; 21.8;B;0;-;On;On;Off; 24.7; 25.9;0;0;2007;0;2007;0;1821;1;-
2026/05/10;05:19:59;-;-; 52.55; 0.2;-; 70.2; 71.3; 11.9; 11.3; 0.7;2344;-0.0; 0.2; 0.2;0; 21.9;B;0;-;On;On;Off; 24.9; 24.0;0;0;2007;0;2007;0;1821;1;-
2026/05/10;05:20:59;-;-; 52.59; 0.6;-; 68.7; 68.6; 29.6; 15.5; 14.1;2344;-0.1; 0.1; 0.1;-4; 21.9;B;0;-;On;On;Off; 26.2; 25.2;0;0;2007;0;2007;0;1821;1;-
2026/05/10;05:21:59;-;-; 52.61; 0.3;-; 71.9; 68.4; 14.8; 0.7; 14.1;2344; 0.3; 0.4; 0.4;15; 21.9;B;0;-;On;On;Off; 25.2; 26.1;0;0;2007;0;2007;0;1821;1;-
2026/05/10;05:22:59;-;-; 52.59; 0.0;-; 72.0; 71.7; 1.4; 0.7; 0.7;2344; 0.2; 0.4; 0.4;11; 21.8;B;0;-;On;On;Off; 24.7; 24.5;0;0;2007;0;2007;0;1821;1;-
2026/05/10;05:23:59;-;-; 52.59; 0.4;-; 68.7; 71.7; 20.4; 16.2; 4.2;2344;-0.1; 0.1; 0.1;-7; 21.8;B;0;-;On;On;Off; 26.3; 24.2;0;0;2007;0;2007;0;1821;1;-
2026/05/10;05:24:59;-;-; 52.67; 0.3;-; 72.2; 68.5; 15.5; 0.7; 14.8;2344; 0.2; 0.4; 0.4;12; 21.8;B;0;-;On;On;Off; 26.4; 26.2;0;0;2007;0;2007;0;1821;1;-
2026/05/10;05:25:59;-;-; 52.65; 0.0;-; 72.3; 71.8; 0.7; 0.7; 0.0;2344; 0.4; 0.5; 0.5;21; 21.8;B;0;-;On;On;Off; 25.0; 25.3;0;0;2007;0;2007;0;1821;1;-
2026/05/10;05:26:58;-;-; 52.65; 0.3;-; 68.8; 71.9; 17.7; 17.7; 0.0;2344;-0.0; 0.2; 0.2;0; 21.8;B;0;-;On;On;Off; 26.0; 24.3;0;0;2007;0;2007;0;1821;1;-
2026/05/10;05:27:58;-;-; 52.71; 0.7;-; 68.7; 68.6; 34.6; 18.4; 16.3;2344; 0.1; 0.2; 0.2;3; 21.8;B;0;-;On;On;Off; 26.7; 26.0;0;0;2007;0;2007;0;1821;1;-
2026/05/10;05:28:58;-;-; 52.77; 0.6;-; 68.9; 70.6; 29.7; 18.4; 11.3;2344; 0.6; 0.6; 0.6;29; 21.9;B;0;-;On;On;Off; 27.1; 26.6;0;0;2007;0;2007;0;1821;1;-
2026/05/10;05:29:58;-;-; 52.77; 0.4;-; 68.9; 72.0; 19.8; 19.1; 0.7;2344; 0.6; 0.6; 0.6;30; 21.8;B;0;-;On;On;Off; 27.1; 24.9;0;0;2007;0;2007;0;1821;1;-
2026/05/10;05:30:58;-;-; 52.81; 0.7;-; 68.9; 68.6; 36.8; 19.1; 17.7;2344; 0.3; 0.4; 0.4;14; 21.9;B;0;-;On;On;Off; 27.1; 25.6;0;0;2007;0;2007;0;1821;1;-
2026/05/10;05:31:58;-;-; 52.85; 0.6;-; 69.1; 70.4; 32.5; 19.1; 13.4;2344; 0.5; 0.5; 0.5;24; 21.9;B;0;-;On;On;Off; 27.4; 26.8;0;0;2007;0;2007;0;1821;1;-
2026/05/10;05:32:58;-;-; 52.85; 0.4;-; 69.0; 72.2; 19.8; 19.8; 0.0;2344; 0.7; 0.7; 0.7;36; 21.9;B;0;-;On;On;Off; 27.5; 25.5;0;0;2007;0;2007;0;1821;1;-
2026/05/10;05:33:58;-;-; 52.87; 0.4;-; 69.0; 72.2; 20.5; 19.9; 0.7;2344; 0.4; 0.4; 0.4;20; 21.9;B;0;-;On;On;Off; 27.4; 25.2;0;0;2007;0;2007;0;1821;1;-
2026/05/10;05:34:58;-;-; 52.95; 0.7;-; 69.2; 69.3; 38.3; 20.6; 17.8;2344; 0.3; 0.4; 0.4;18; 21.9;B;0;-;On;On;Off; 27.6; 26.9;0;0;2007;0;2007;0;1821;1;-
2026/05/10;05:35:58;-;-; 52.95; 0.4;-; 69.3; 72.2; 19.9; 19.9; 0.0;2344; 0.8; 0.7; 0.7;39; 21.9;B;0;-;On;On;Off; 27.8; 26.6;0;0;2007;0;2007;0;1821;1;-
2026/05/10;05:36:58;-;-; 52.97; 0.4;-; 69.2; 72.4; 20.6; 20.6; 0.0;2344; 0.6; 0.6; 0.6;30; 21.9;B;0;-;On;On;Off; 27.7; 25.5;0;0;2007;0;2007;0;1821;1;-
2026/05/10;05:37:58;-;-; 53.03; 0.7;-; 69.2; 69.1; 38.4; 19.9; 18.5;2344; 0.3; 0.4; 0.4;15; 21.9;B;0;-;On;On;Off; 27.7; 26.8;0;0;2007;0;2007;0;1821;1;-
2026/05/10;05:38:58;-;-; 53.06; 0.7;-; 69.9; 69.1; 38.4; 19.9; 18.5;2344; 0.6; 0.6; 0.6;31; 21.9;B;0;-;On;On;Off; 28.0; 27.4;0;0;2007;0;2007;0;1821;1;-
2026/05/10;05:39:58;-;-; 53.12; 0.7;-; 69.3; 69.2; 39.8; 20.6; 19.2;2344; 0.8; 0.7; 0.7;39; 21.9;B;0;-;On;On;Off; 28.2; 27.6;0;0;2007;0;2007;0;1821;1;-
2026/05/10;05:40:58;-;-; 53.16; 0.7;-; 69.4; 69.2; 39.2; 20.7; 18.5;2344; 0.8; 0.7; 0.7;41; 21.9;B;0;-;On;On;Off; 28.3; 27.8;0;0;2007;0;2007;0;1821;1;-
2026/05/10;05:41:58;-;-; 53.20; 0.8;-; 69.5; 69.3; 40.7; 21.4; 19.2;2344; 0.8; 0.7; 0.7;42; 21.9;B;0;-;On;On;Off; 28.4; 27.9;0;0;2007;0;2007;0;1821;1;-
2026/05/10;05:42:57;-;-; 53.28; 0.8;-; 69.5; 69.4; 42.1; 22.1; 20.0;2344; 0.8; 0.8; 0.8;43; 21.9;B;0;-;On;On;Off; 28.6; 28.1;0;0;2007;0;2007;0;1821;1;-
2026/05/10;05:43:57;-;-; 53.32; 0.8;-; 69.6; 69.5; 42.9; 22.2; 20.7;2344; 0.9; 0.8; 0.8;45; 22.0;B;0;-;On;On;Off; 28.7; 28.2;0;0;2007;0;2007;0;1821;1;-
2026/05/10;05:44:57;-;-; 53.36; 0.8;-; 70.6; 69.4; 41.5; 20.7; 20.7;2344; 0.9; 0.8; 0.8;47; 22.0;B;0;-;On;On;Off; 28.8; 28.3;0;0;2007;0;2007;0;1821;1;-
2026/05/10;05:45:57;-;-; 53.44; 0.8;-; 69.6; 69.6; 43.7; 22.9; 20.8;2344; 0.9; 0.8; 0.8;48; 22.0;B;0;-;On;On;Off; 28.9; 28.4;0;0;2007;0;2007;0;1821;1;-
2026/05/10;05:46:57;-;-; 53.50; 0.8;-; 69.8; 69.7; 43.7; 22.9; 20.8;2344; 1.0; 0.8; 0.8;49; 22.0;B;0;-;On;On;Off; 29.0; 28.5;0;0;2007;0;2007;0;1821;1;-
2026/05/10;05:47:57;-;-; 53.56; 0.8;-; 70.0; 69.7; 44.5; 23.7; 20.8;2344; 1.0; 0.8; 0.8;51; 22.0;B;0;-;On;On;Off; 29.1; 28.6;0;0;2007;0;2007;0;1821;1;-
2026/05/10;05:48:57;-;-; 53.62; 0.8;-; 70.0; 69.8; 45.3; 23.7; 21.6;2344; 1.0; 0.8; 0.8;51; 22.0;B;0;-;On;On;Off; 29.2; 28.7;0;0;2007;0;2007;0;1821;1;-
2026/05/10;05:49:57;-;-; 53.70; 0.8;-; 70.0; 69.9; 45.4; 23.8; 21.6;2344; 1.0; 0.8; 0.8;52; 22.0;B;0;-;On;On;Off; 29.3; 28.7;0;0;2007;0;2007;0;1821;1;-
2026/05/10;05:50:57;-;-; 53.74; 0.8;-; 70.2; 70.0; 45.4; 23.8; 21.6;2344; 1.0; 0.8; 0.8;53; 22.0;B;0;-;On;On;Off; 29.3; 28.8;0;0;2007;0;2007;0;1821;1;-
2026/05/10;05:51:57;-;-; 53.79; 0.9;-; 70.2; 70.0; 46.9; 24.5; 22.3;2344; 1.0; 0.8; 0.8;54; 22.0;B;0;-;On;On;Off; 29.4; 28.9;0;0;2007;0;2007;0;1821;1;-
2026/05/10;05:52:57;-;-; 53.85; 0.9;-; 70.3; 70.2; 46.2; 24.5; 21.7;2344; 1.0; 0.9; 0.9;55; 22.0;B;0;-;On;On;Off; 29.5; 29.0;0;0;2007;0;2007;0;1821;1;-
2026/05/10;05:53:57;-;-; 53.93; 0.9;-; 70.4; 70.3; 47.7; 25.3; 22.4;2344; 1.1; 0.9; 0.9;56; 22.1;B;0;-;On;On;Off; 29.6; 29.1;0;0;2007;0;2007;0;1821;1;-
2026/05/10;05:54:57;-;-; 53.97; 0.9;-; 70.4; 70.3; 47.8; 25.4; 22.4;2344; 1.1; 0.9; 0.9;57; 22.1;B;0;-;On;On;Off; 29.6; 29.1;0;0;2007;0;2007;0;1821;1;-
2026/05/10;05:55:57;-;-; 54.03; 0.7;-; 70.4; 72.6; 38.4; 25.4; 13.0;2344; 1.1; 0.9; 0.9;58; 22.1;B;0;-;On;On;Off; 29.7; 29.2;0;0;2007;0;2007;0;1821;1;-
2026/05/10;05:56:57;-;-; 54.11; 0.9;-; 70.7; 70.5; 48.6; 25.4; 23.2;2344; 1.1; 0.9; 0.9;58; 22.1;B;0;-;On;On;Off; 29.8; 29.3;0;0;2007;0;2007;0;1821;1;-
2026/05/10;05:57:56;-;-; 54.17; 0.9;-; 70.9; 70.5; 47.9; 24.7; 23.2;2344; 1.1; 0.9; 0.9;58; 22.1;B;0;-;On;On;Off; 29.8; 29.3;0;0;2007;0;2007;0;1821;1;-
2026/05/10;05:58:56;-;-; 54.23; 0.9;-; 70.7; 70.7; 48.7; 25.5; 23.2;2344; 1.1; 0.9; 0.9;57; 22.1;B;0;-;On;On;Off; 29.9; 29.4;0;0;2007;0;2007;0;1821;1;-
2026/05/10;05:59:56;-;-; 54.29; 0.8;-; 70.9; 72.0; 43.7; 26.2; 17.5;2344; 1.1; 0.9; 0.9;59; 22.1;B;0;-;On;On;Off; 30.0; 29.5;0;0;2007;0;2007;0;1821;1;-
2026/05/10;06:00:56;-;-; 54.37; 0.9;-; 70.9; 70.8; 49.5; 26.2; 23.3;2344; 1.1; 0.9; 0.9;59; 22.1;B;0;-;On;On;Off; 30.0; 29.5;0;0;2007;0;2007;0;1821;1;-
2026/05/10;06:01:56;-;-; 54.43; 0.9;-; 71.1; 70.9; 48.9; 25.6; 23.3;2344; 1.1; 0.9; 0.9;58; 22.1;B;0;-;On;On;Off; 30.1; 29.6;0;0;2007;0;2007;0;1821;1;-
2026/05/10;06:02:56;-;-; 54.49; 0.9;-; 71.0; 70.9; 49.6; 26.3; 23.3;2344; 1.1; 0.9; 0.9;59; 22.1;B;0;-;On;On;Off; 30.1; 29.6;0;0;2007;0;2007;0;1821;1;-
2026/05/10;06:03:56;-;-; 54.54; 0.9;-; 71.2; 70.9; 49.7; 26.3; 23.4;2344; 1.1; 0.9; 0.9;59; 22.1;B;0;-;On;On;Off; 30.2; 29.7;0;0;2007;0;2007;0;1821;1;-
2026/05/10;06:04:56;-;-; 54.62; 0.9;-; 71.2; 71.1; 50.5; 27.1; 23.4;2344; 1.1; 0.9; 0.9;59; 22.1;B;0;-;On;On;Off; 30.2; 29.7;0;0;2007;0;2007;0;1821;1;-
2026/05/10;06:05:56;-;-; 54.70; 0.9;-; 71.4; 71.2; 50.5; 27.1; 23.4;2344; 1.1; 0.9; 0.9;61; 22.1;B;0;-;On;On;Off; 30.3; 29.8;0;0;2007;0;2007;0;1821;1;-
2026/05/10;06:06:56;-;-; 54.76; 0.8;-; 72.8; 71.3; 44.7; 21.3; 23.5;2344; 1.2; 0.9; 0.9;62; 22.0;B;0;-;On;On;Off; 30.3; 29.8;0;0;2007;0;2007;0;1821;1;-
2026/05/10;06:07:56;-;-; 54.84; 0.9;-; 71.9; 71.4; 50.7; 27.2; 23.5;2344; 1.2; 0.9; 0.9;63; 22.0;B;0;-;On;On;Off; 30.4; 29.9;0;0;2007;0;2007;0;1821;1;-
2026/05/10;06:08:56;-;-; 54.92; 1.0;-; 71.7; 71.5; 52.3; 29.5; 22.8;2344; 1.2; 0.9; 0.9;64; 22.0;B;0;-;On;On;Off; 30.4; 29.9;0;0;2007;0;2007;0;1821;1;-
2026/05/10;06:09:56;-;-; 54.96; 1.0;-; 71.7; 71.6; 53.1; 29.5; 23.6;2344; 1.2; 0.9; 0.9;62; 22.0;B;0;-;On;On;Off; 30.5; 30.0;0;0;2007;0;2007;0;1821;1;-
2026/05/10;06:10:56;-;-; 55.04; 1.0;-; 71.8; 71.6; 53.1; 30.3; 22.9;2344; 1.2; 0.9; 0.9;63; 22.0;B;0;-;On;On;Off; 30.5; 30.0;0;0;2007;0;2007;0;1821;1;-
2026/05/10;06:11:56;-;-; 55.10; 0.9;-; 72.3; 71.8; 51.0; 28.1; 22.9;2344; 1.2; 0.9; 0.9;63; 22.0;B;0;-;On;On;Off; 30.5; 30.1;0;0;2007;0;2007;0;1821;1;-
2026/05/10;06:12:55;-;-; 55.16; 0.9;-; 71.8; 71.8; 51.8; 30.3; 21.4;2344; 1.1; 0.9; 0.9;61; 22.0;B;0;-;On;On;Off; 30.6; 30.1;0;0;2007;0;2007;0;1821;1;-
2026/05/10;06:13:55;-;-; 55.22; 0.9;-; 72.0; 72.0; 51.8; 30.4; 21.5;2344; 1.2; 0.9; 0.9;64; 22.0;B;0;-;On;On;Off; 30.6; 30.1;0;0;2007;0;2007;0;1821;1;-
2026/05/10;06:14:55;-;-; 55.27; 0.9;-; 72.1; 72.0; 51.9; 30.4; 21.5;2344; 1.2; 0.9; 0.9;64; 22.0;B;0;-;On;On;Off; 30.6; 30.2;0;0;2007;0;2007;0;1821;1;-
2026/05/10;06:15:55;-;-; 55.31; 0.9;-; 72.2; 72.1; 51.2; 30.4; 20.8;2344; 1.2; 0.9; 0.9;63; 22.0;B;0;-;On;On;Off; 30.7; 30.2;0;0;2007;0;2007;0;1821;1;-
2026/05/10;06:16:55;-;-; 55.39; 0.9;-; 72.1; 72.1; 52.0; 31.2; 20.8;2344; 1.1; 0.9; 0.9;62; 22.0;B;0;-;On;On;Off; 30.7; 30.2;0;0;2007;0;2007;0;1821;1;-
2026/05/10;06:17:55;-;-; 55.43; 0.9;-; 72.4; 72.2; 50.5; 30.5; 20.0;2344; 1.1; 0.9; 0.9;60; 22.0;B;0;-;On;On;Off; 30.8; 30.3;0;0;2007;0;2007;0;1821;1;-
2026/05/10;06:18:55;-;-; 55.41; 0.7;-; 72.4; 73.4; 40.8; 30.5; 10.4;2344; 1.1; 0.9; 0.9;59; 22.0;B;0;-;On;On;Off; 30.8; 30.3;0;0;2007;0;2007;0;1821;1;-
2026/05/10;06:19:55;-;-; 55.49; 0.9;-; 72.4; 72.2; 50.6; 31.2; 19.3;2344; 1.1; 0.9; 0.9;57; 22.0;B;0;-;On;On;Off; 30.8; 30.3;0;0;2007;0;2007;0;1821;1;-
2026/05/10;06:20:55;-;-; 55.55; 0.9;-; 72.5; 72.4; 51.4; 32.1; 19.4;2344; 1.1; 0.9; 0.9;59; 22.0;B;0;-;On;On;Off; 30.9; 30.4;0;0;2007;0;2007;0;1821;1;-
2026/05/10;06:21:55;-;-; 55.65; 0.9;-; 72.6; 72.4; 51.5; 32.1; 19.4;2344; 1.1; 0.9; 0.9;59; 22.0;B;0;-;On;On;Off; 30.9; 30.4;0;0;2007;0;2007;1;1822;1;-
2026/05/10;06:22:55;-;-; 55.55; 0.6;-; 72.5; 73.9; 32.8; 32.8; 0.0;2344; 1.1; 0.9; 0.9;59; 22.0;B;0;-;On;On;Off; 30.9; 29.0;0;0;2007;0;2007;1;1822;1;-
2026/05/10;06:23:55;-;-; 55.55; 0.6;-; 72.5; 73.9; 32.8; 32.8; 0.0;2344; 0.8; 0.7; 0.7;45; 22.0;B;0;-;On;On;Off; 30.6; 28.3;0;0;2007;0;2007;1;1822;1;-
2026/05/10;06:24:55;-;-; 55.75; 0.9;-; 72.7; 72.5; 51.6; 32.9; 18.7;2344; 0.7; 0.6; 0.6;40; 22.0;B;0;-;On;On;Off; 30.6; 30.0;0;0;2007;0;2007;1;1822;1;-
2026/05/10;06:25:55;-;-; 55.79; 0.6;-; 72.9; 73.9; 32.9; 32.9; 0.0;2344; 1.1; 0.9; 0.9;59; 22.0;B;0;-;On;On;Off; 30.8; 30.2;0;0;2007;0;2007;1;1822;1;-
2026/05/10;06:26:55;-;-; 55.75; 0.5;-; 73.0; 74.0; 29.9; 29.1; 0.7;2344; 1.0; 0.8; 0.8;55; 22.0;B;0;-;On;On;Off; 30.6; 28.3;0;0;2007;0;2007;1;1822;1;-
2026/05/10;06:27:55;-;-; 55.99; 0.9;-; 73.1; 72.8; 51.1; 33.8; 17.3;2344; 0.8; 0.6; 0.6;42; 22.0;B;0;-;On;On;Off; 30.4; 29.3;0;0;2007;0;2007;1;1822;1;-
2026/05/10;06:28:54;-;-; 56.16; 0.9;-; 73.4; 73.1; 51.9; 34.6; 17.3;2344; 1.0; 0.8; 0.8;53; 22.0;B;0;-;On;On;Off; 30.6; 30.1;0;0;2007;0;2007;1;1822;1;-
2026/05/10;06:29:54;-;-; 56.16; 0.6;-; 73.4; 74.3; 36.1; 35.4; 0.7;2344; 1.1; 0.9; 0.9;60; 22.0;B;0;-;On;On;Off; 30.6; 28.4;0;0;2007;0;2007;1;1822;1;-
2026/05/10;06:30:54;-;-; 56.18; 0.7;-; 73.4; 74.4; 36.9; 36.2; 0.7;2344; 0.8; 0.6; 0.6;45; 21.9;B;0;-;On;On;Off; 30.4; 28.0;0;0;2007;0;2007;1;1822;1;-
2026/05/10;06:31:54;-;-; 56.52; 0.7;-; 73.9; 74.8; 37.9; 34.9; 3.0;2344; 0.9; 0.7; 0.7;48; 22.0;B;0;-;On;On;Off; 30.5; 29.9;0;1;2008;1;2008;1;1822;1;-
2026/05/10;06:32:54;-;-; 56.60; 0.6;-; 73.9; 74.7; 36.4; 35.7; 0.7;2344; 1.1; 0.9; 0.9;60; 21.9;B;0;-;On;On;Off; 30.6; 29.0;0;1;2008;1;2008;1;1822;1;-
2026/05/10;06:33:54;-;-; 56.70; 0.6;-; 74.1; 74.8; 35.0; 35.0; 0.0;2344; 0.9; 0.7; 0.7;51; 21.9;B;0;-;On;On;Off; 30.4; 28.1;0;1;2008;1;2008;1;1822;1;-
2026/05/10;06:34:54;-;-; 56.99; 0.9;-; 74.3; 74.2; 53.5; 33.6; 19.9;2344; 0.8; 0.6; 0.6;44; 22.0;B;0;-;On;On;Off; 30.4; 29.6;0;1;2008;1;2008;1;1822;1;-
2026/05/10;06:35:54;-;-; 57.15; 0.9;-; 74.4; 74.3; 52.1; 32.2; 19.9;2344; 1.0; 0.8; 0.8;57; 21.9;B;0;-;On;On;Off; 30.6; 30.1;0;1;2008;1;2008;1;1822;1;-
2026/05/10;06:36:54;-;-; 57.29; 0.9;-; 74.6; 74.5; 53.8; 32.2; 21.5;2344; 1.1; 0.9; 0.9;58; 22.0;B;0;-;On;On;Off; 30.7; 30.2;0;1;2008;1;2008;1;1822;1;-
2026/05/10;06:37:54;-;-; 57.43; 0.8;-; 74.8; 74.7; 48.5; 27.0; 21.6;2344; 1.0; 0.9; 0.9;57; 21.9;B;0;-;On;On;Off; 30.8; 30.3;0;1;2008;1;2008;1;1822;1;-
2026/05/10;06:38:54;-;-; 57.50; 0.8;-; 75.0; 74.7; 48.6; 25.5; 23.2;2344; 1.0; 0.9; 0.9;56; 21.9;B;0;-;On;On;Off; 30.9; 30.4;0;1;2008;1;2008;1;1822;1;-
2026/05/10;06:39:54;-;-; 57.47; 0.6;-; 75.3; 74.8; 34.7; 11.6; 23.1;2344; 1.0; 0.8; 0.8;55; 21.9;B;0;-;On;On;Off; 30.9; 30.4;0;1;2008;1;2008;1;1822;1;-
2026/05/10;06:40:54;-;-; 57.50; 0.5;-; 74.9; 76.1; 29.3; 23.9; 5.4;2344; 1.0; 0.8; 0.8;55; 21.9;B;0;-;On;On;Off; 31.0; 30.5;0;1;2008;1;2008;1;1822;1;-
2026/05/10;06:41:54;-;-; 57.56; 0.8;-; 75.1; 74.9; 48.7; 23.2; 25.5;2344; 0.9; 0.8; 0.8;53; 21.9;B;0;-;On;On;Off; 31.1; 30.5;0;1;2008;1;2008;1;1822;1;-
2026/05/10;06:42:54;-;-; 57.47; 0.9;-; 74.9; 74.8; 49.3; 23.1; 26.2;2344; 0.9; 0.8; 0.8;52; 21.9;B;0;-;On;On;Off; 31.1; 30.6;0;1;2008;1;2008;1;1822;1;-
2026/05/10;06:43:53;-;-; 57.56; 0.9;-; 75.0; 74.9; 51.0; 23.9; 27.0;2344; 0.9; 0.8; 0.8;51; 21.9;B;0;-;On;On;Off; 31.2; 30.6;0;1;2008;1;2008;1;1822;1;-
2026/05/10;06:44:53;-;-; 57.47; 0.4;-; 76.2; 75.2; 22.3; 0.0; 22.3;2344; 0.9; 0.8; 0.8;50; 21.9;B;0;-;On;On;Off; 31.2; 30.6;0;1;2008;1;2008;1;1822;1;-
2026/05/10;06:45:53;-;-; 57.60; 0.8;-; 74.9; 75.0; 47.9; 20.8; 27.0;2344; 0.9; 0.8; 0.8;49; 21.9;B;0;-;On;On;Off; 31.2; 30.7;0;1;2008;1;2008;1;1822;1;-
2026/05/10;06:46:53;-;-; 57.54; 0.8;-; 74.8; 74.9; 47.8; 20.8; 27.0;2344; 0.8; 0.8; 0.8;47; 21.9;B;0;-;On;On;Off; 31.3; 30.7;0;1;2008;1;2008;1;1822;1;-
2026/05/10;06:47:53;-;-; 57.54; 0.8;-; 74.8; 74.8; 47.8; 20.8; 27.0;2344; 0.8; 0.8; 0.8;46; 21.9;B;0;-;On;On;Off; 31.3; 30.8;0;1;2008;1;2008;1;1822;1;-
2026/05/10;06:48:53;-;-; 57.60; 0.8;-; 75.0; 74.9; 47.9; 20.8; 27.1;2344; 0.8; 0.7; 0.7;44; 21.9;B;0;-;On;On;Off; 31.3; 30.8;0;1;2008;1;2008;1;1822;1;-
2026/05/10;06:49:53;-;-; 57.62; 0.8;-; 74.9; 74.8; 46.4; 19.3; 27.1;2344; 0.8; 0.7; 0.7;44; 21.9;B;0;-;On;On;Off; 31.4; 30.8;0;1;2008;1;2008;1;1822;1;-
2026/05/10;06:50:53;-;-; 57.70; 0.7;-; 75.2; 74.8; 40.2; 13.1; 27.1;2344; 0.8; 0.7; 0.7;44; 21.9;B;0;-;On;On;Off; 31.4; 30.9;0;1;2008;1;2008;1;1822;1;-
2026/05/10;06:51:53;-;-; 57.37; 1.0;-; 74.7; 74.7; 58.4; 24.6; 33.8;2344; 0.8; 0.7; 0.7;43; 21.9;B;0;-;On;On;Off; 31.4; 30.9;0;1;2008;1;2008;1;1822;1;-
2026/05/10;06:52:53;-;-; 57.58; 0.3;-; 75.0; 76.3; 19.3; 19.3; 0.0;2344; 0.7; 0.7; 0.7;41; 21.9;B;0;-;On;On;Off; 31.5; 30.9;0;1;2008;1;2008;1;1822;1;-
2026/05/10;06:53:53;-;-; 57.68; 0.8;-; 75.2; 74.9; 44.1; 16.2; 27.9;2344; 0.7; 0.7; 0.7;41; 21.9;B;0;-;On;On;Off; 31.5; 31.0;0;1;2008;1;2008;1;1822;1;-
2026/05/10;06:54:53;-;-; 57.58; 0.5;-; 75.6; 75.0; 26.2; 0.0; 26.2;2344; 0.7; 0.7; 0.7;40; 21.9;B;0;-;On;On;Off; 29.9; 30.9;0;1;2008;1;2008;1;1822;1;-
2026/05/10;06:55:53;-;-; 57.45; 0.5;-; 75.6; 74.7; 27.7; 0.0; 27.7;2344; 0.5; 0.5; 0.5;30; 21.9;B;0;-;On;On;Off; 29.3; 30.7;0;1;2008;1;2008;1;1822;1;-
2026/05/10;06:56:53;-;-; 57.54; 0.7;-; 74.9; 74.9; 43.2; 18.5; 24.7;2344; 0.5; 0.5; 0.5;26; 21.9;B;0;-;On;On;Off; 31.0; 30.7;0;1;2008;1;2008;1;1822;1;-
2026/05/10;06:57:53;-;-; 57.49; 0.7;-; 74.9; 74.8; 43.1; 18.5; 24.6;2344; 0.7; 0.7; 0.7;40; 21.9;B;0;-;On;On;Off; 31.3; 30.8;0;1;2008;1;2008;1;1822;1;-
2026/05/10;06:58:52;-;-; 57.45; 0.5;-; 75.4; 74.7; 28.5; 0.7; 27.7;2344; 0.7; 0.7; 0.7;37; 21.9;B;0;-;On;On;Off; 29.4; 30.7;0;1;2008;1;2008;1;1822;1;-
2026/05/10;06:59:52;-;-; 57.70; 0.7;-; 75.0; 75.1; 40.2; 21.7; 18.6;2344; 0.4; 0.5; 0.5;24; 21.9;B;0;-;On;On;Off; 29.3; 30.6;0;1;2008;1;2008;1;1822;1;-
2026/05/10;07:00:52;-;-; 57.41; 0.8;-; 74.9; 74.9; 43.9; 20.8; 23.1;2344; 0.5; 0.5; 0.5;28; 21.9;B;0;-;On;On;Off; 31.1; 30.7;0;1;2008;1;2008;1;1822;1;-
2026/05/10;07:01:52;-;-; 57.54; 0.3;-; 74.8; 76.0; 20.1; 20.1; 0.0;2344; 0.7; 0.7; 0.7;36; 21.9;B;0;-;On;On;Off; 31.2; 30.8;0;1;2008;1;2008;1;1822;1;-
2026/05/10;07:02:52;-;-; 57.37; 0.8;-; 74.8; 74.7; 43.8; 21.5; 22.3;2344; 0.6; 0.7; 0.7;36; 21.9;B;0;-;On;On;Off; 31.3; 30.8;0;1;2008;1;2008;1;1822;1;-
2026/05/10;07:03:52;-;-; 57.49; 0.4;-; 74.8; 76.0; 20.8; 20.8; 0.0;2344; 0.6; 0.7; 0.7;35; 21.9;B;0;-;On;On;Off; 31.4; 30.9;0;1;2008;1;2008;1;1822;1;-
2026/05/10;07:04:52;-;-; 57.33; 0.7;-; 74.7; 74.8; 43.0; 22.3; 20.7;2344; 0.6; 0.7; 0.7;34; 21.9;B;0;-;On;On;Off; 31.4; 30.9;0;1;2008;1;2008;1;1822;1;-
2026/05/10;07:05:52;-;-; 57.45; 0.4;-; 74.8; 76.0; 20.8; 20.8; 0.0;2344; 0.6; 0.7; 0.7;33; 21.9;B;0;-;On;On;Off; 31.5; 30.9;0;1;2008;1;2008;1;1822;1;-
2026/05/10;07:06:52;-;-; 57.37; 0.7;-; 74.7; 74.8; 42.3; 21.5; 20.7;2344; 0.6; 0.7; 0.7;34; 21.9;B;0;-;On;On;Off; 31.5; 31.0;0;1;2008;1;2008;1;1822;1;-
2026/05/10;07:07:52;-;-; 57.43; 0.4;-; 74.9; 76.0; 20.8; 20.8; 0.0;2344; 0.6; 0.6; 0.6;33; 21.9;B;0;-;On;On;Off; 31.5; 31.0;0;1;2008;1;2008;1;1822;1;-
2026/05/10;07:08:52;-;-; 57.45; 0.7;-; 74.8; 74.6; 43.1; 20.8; 22.3;2344; 0.6; 0.7; 0.7;33; 21.9;B;0;-;On;On;Off; 31.5; 31.0;0;1;2008;1;2008;1;1822;1;-
2026/05/10;07:09:52;-;-; 57.49; 0.7;-; 74.8; 74.6; 41.6; 19.3; 22.3;2344; 0.6; 0.6; 0.6;32; 21.9;B;0;-;On;On;Off; 31.6; 31.1;0;1;2008;1;2008;1;1822;1;-
2026/05/10;07:10:52;-;-; 57.52; 0.7;-; 74.9; 74.6; 41.6; 20.0; 21.6;2344; 0.6; 0.6; 0.6;32; 21.9;B;0;-;On;On;Off; 31.6; 31.1;0;1;2008;1;2008;1;1822;1;-
2026/05/10;07:11:52;-;-; 57.58; 0.6;-; 74.8; 74.9; 35.5; 20.1; 15.5;2344; 0.6; 0.6; 0.6;32; 21.9;B;0;-;On;On;Off; 31.6; 31.1;0;1;2008;1;2008;1;1822;1;-
2026/05/10;07:12:52;-;-; 57.54; 0.6;-; 74.8; 74.8; 36.2; 20.1; 16.2;2344; 0.6; 0.6; 0.6;31; 21.9;B;0;-;On;On;Off; 31.6; 31.1;0;1;2008;1;2008;1;1822;1;-
2026/05/10;07:13:51;-;-; 57.39; 0.3;-; 74.9; 75.8; 18.4; 18.4; 0.0;2344; 0.6; 0.6; 0.6;31; 21.9;B;0;-;On;On;Off; 31.7; 31.2;0;1;2008;1;2008;1;1822;1;-
2026/05/10;07:14:51;-;-; 57.17; 0.7;-; 74.6; 74.4; 39.1; 19.9; 19.2;2344; 0.6; 0.6; 0.6;31; 21.9;B;0;-;On;On;Off; 31.7; 31.2;0;1;2008;1;2008;1;1822;1;-
2026/05/10;07:15:51;-;-; 57.23; 0.7;-; 74.7; 74.6; 38.3; 19.9; 18.4;2344; 0.6; 0.6; 0.6;30; 21.9;B;0;-;On;On;Off; 31.7; 31.2;0;1;2008;1;2008;1;1822;1;-
2026/05/10;07:16:51;-;-; 57.25; 0.7;-; 74.7; 74.6; 40.6; 20.7; 19.9;2344; 0.6; 0.6; 0.6;31; 21.9;B;0;-;On;On;Off; 31.7; 31.2;0;1;2008;1;2008;1;1822;1;-
2026/05/10;07:17:51;-;-; 57.23; 0.3;-; 75.9; 74.6; 19.9; 0.0; 19.9;2344; 0.6; 0.6; 0.6;30; 21.9;B;0;-;On;On;Off; 31.8; 31.2;0;1;2008;1;2008;1;1822;1;-
2026/05/10;07:18:51;-;-; 57.23; 0.7;-; 74.7; 74.5; 40.6; 20.7; 19.9;2344; 0.6; 0.6; 0.6;31; 21.9;B;0;-;On;On;Off; 31.8; 31.3;0;1;2008;1;2008;1;1822;1;-
2026/05/10;07:19:51;-;-; 57.19; 0.7;-; 74.5; 74.7; 40.7; 21.5; 19.2;2344; 0.5; 0.6; 0.6;29; 21.9;B;0;-;On;On;Off; 31.8; 31.3;0;1;2008;1;2008;1;1822;1;-
2026/05/10;07:20:51;-;-; 57.15; 0.7;-; 74.7; 74.4; 39.8; 20.7; 19.2;2344; 0.5; 0.6; 0.6;30; 21.9;B;0;-;On;On;Off; 31.8; 31.3;0;1;2008;1;2008;1;1822;1;-
2026/05/10;07:21:51;-;-; 57.17; 0.7;-; 74.6; 74.5; 39.0; 20.7; 18.4;2344; 0.5; 0.6; 0.6;28; 21.9;B;0;-;On;On;Off; 31.8; 31.3;0;1;2008;1;2008;1;1822;1;-
2026/05/10;07:22:51;-;-; 57.17; 0.7;-; 74.5; 74.5; 39.9; 20.7; 19.2;2344; 0.5; 0.6; 0.6;30; 21.9;B;0;-;On;On;Off; 31.8; 31.3;0;1;2008;1;2008;1;1822;1;-
2026/05/10;07:23:51;-;-; 57.13; 0.7;-; 74.7; 74.4; 39.0; 20.7; 18.4;2344; 0.5; 0.6; 0.6;29; 21.9;B;0;-;On;On;Off; 31.8; 31.3;0;1;2008;1;2008;1;1822;1;-
2026/05/10;07:24:51;-;-; 57.17; 0.7;-; 74.6; 74.5; 39.0; 20.7; 18.4;2344; 0.5; 0.6; 0.6;29; 21.9;B;0;-;On;On;Off; 31.9; 31.3;0;1;2008;1;2008;1;1822;1;-
2026/05/10;07:25:51;-;-; 57.11; 0.7;-; 74.6; 74.4; 39.0; 20.6; 18.4;2344; 0.5; 0.6; 0.6;29; 21.9;B;0;-;On;On;Off; 31.9; 31.4;0;1;2008;1;2008;1;1822;1;-
2026/05/10;07:26:51;-;-; 57.05; 0.4;-; 74.4; 74.9; 23.7; 23.0; 0.7;2344; 0.5; 0.6; 0.6;28; 21.9;B;0;-;On;On;Off; 31.9; 30.6;0;1;2008;1;2008;1;1822;1;-
2026/05/10;07:27:51;-;-; 56.93; 0.0;-; 75.6; 74.9; 0.0; 0.0; 0.0;2344; 0.4; 0.5; 0.5;22; 21.9;B;0;-;On;On;Off; 31.6; 29.2;0;1;2008;1;2008;1;1822;1;-
2026/05/10;07:28:50;-;-; 56.99; 0.7;-; 74.4; 74.4; 39.7; 22.1; 17.6;2344; 0.3; 0.4; 0.4;16; 21.9;B;0;-;On;On;Off; 31.5; 30.6;0;1;2008;1;2008;1;1822;1;-
2026/05/10;07:29:50;-;-; 57.07; 0.7;-; 74.4; 74.5; 39.8; 22.2; 17.6;2344; 0.5; 0.6; 0.6;26; 21.9;B;0;-;On;On;Off; 31.6; 31.1;0;1;2008;1;2008;1;1822;1;-
2026/05/10;07:30:50;-;-; 56.95; 0.4;-; 74.3; 74.8; 22.9; 22.9; 0.0;2344; 0.5; 0.6; 0.6;29; 21.9;B;0;-;On;On;Off; 31.6; 29.5;0;1;2008;1;2008;1;1822;1;-
2026/05/10;07:31:50;-;-; 56.97; 0.4;-; 74.4; 74.8; 21.3; 20.6; 0.7;2344; 0.3; 0.4; 0.4;18; 21.9;B;0;-;On;On;Off; 31.4; 28.9;0;1;2008;1;2008;1;1822;1;-
2026/05/10;07:32:50;-;-; 57.01; 0.6;-; 74.5; 74.3; 36.7; 19.9; 16.8;2344; 0.3; 0.4; 0.4;16; 21.9;B;0;-;On;On;Off; 31.4; 30.7;0;1;2008;1;2008;1;1822;1;-
2026/05/10;07:33:50;-;-; 56.81; 0.3;-; 74.4; 74.7; 19.1; 19.1; 0.0;2344; 0.5; 0.6; 0.6;28; 21.9;B;0;-;On;On;Off; 31.5; 30.7;0;1;2008;1;2008;1;1822;1;-
2026/05/10;07:34:50;-;-; 56.91; 0.4;-; 74.2; 74.8; 23.6; 22.9; 0.7;2344; 0.4; 0.5; 0.5;23; 21.9;B;0;-;On;On;Off; 31.3; 28.9;0;1;2008;1;2008;1;1822;1;-
2026/05/10;07:35:50;-;-; 57.01; 0.7;-; 74.5; 74.2; 37.5; 19.1; 18.3;2344; 0.3; 0.4; 0.4;15; 21.9;B;0;-;On;On;Off; 31.2; 30.1;0;1;2008;1;2008;1;1822;1;-
2026/05/10;07:36:50;-;-; 56.99; 0.7;-; 74.3; 74.2; 38.2; 19.9; 18.3;2344; 0.4; 0.5; 0.5;23; 22.0;B;0;-;On;On;Off; 31.4; 30.8;0;1;2008;1;2008;1;1822;1;-
2026/05/10;07:37:50;-;-; 56.89; 0.4;-; 74.2; 74.7; 22.1; 22.1; 0.0;2344; 0.5; 0.6; 0.6;28; 22.0;B;0;-;On;On;Off; 31.3; 29.1;0;1;2008;1;2008;1;1822;1;-
2026/05/10;07:38:50;-;-; 56.68; 0.5;-; 73.9; 74.7; 25.8; 25.1; 0.7;2344; 0.3; 0.4; 0.4;15; 21.9;B;0;-;On;On;Off; 31.1; 28.7;0;1;2008;1;2008;1;1822;1;-
2026/05/10;07:39:50;-;-; 56.91; 0.7;-; 74.3; 74.1; 38.2; 19.1; 19.1;2344; 0.3; 0.4; 0.4;18; 21.9;B;0;-;On;On;Off; 31.2; 30.5;0;1;2008;1;2008;1;1822;1;-
2026/05/10;07:40:50;-;-; 56.79; 0.4;-; 74.2; 74.7; 21.3; 20.5; 0.7;2344; 0.5; 0.6; 0.6;27; 21.9;B;0;-;On;On;Off; 31.3; 30.7;0;1;2008;1;2008;1;1822;1;-
2026/05/10;07:41:50;-;-; 56.79; 0.4;-; 74.2; 74.7; 22.8; 22.1; 0.7;2344; 0.4; 0.5; 0.5;23; 21.9;B;0;-;On;On;Off; 31.2; 28.8;0;1;2008;1;2008;1;1822;1;-
2026/05/10;07:42:50;-;-; 56.89; 0.6;-; 74.3; 74.2; 36.6; 18.3; 18.3;2344; 0.2; 0.4; 0.4;13; 22.0;B;0;-;On;On;Off; 31.0; 29.7;0;1;2008;1;2008;1;1822;1;-
2026/05/10;07:43:49;-;-; 56.91; 0.7;-; 74.2; 74.1; 38.1; 19.8; 18.3;2344; 0.4; 0.5; 0.5;21; 22.0;B;0;-;On;On;Off; 31.2; 30.6;0;1;2008;1;2008;1;1822;1;-
2026/05/10;07:44:49;-;-; 56.81; 0.4;-; 74.1; 74.7; 22.8; 22.1; 0.7;2344; 0.5; 0.6; 0.6;26; 22.0;B;0;-;On;On;Off; 31.3; 29.3;0;1;2008;1;2008;1;1822;1;-
2026/05/10;07:45:49;-;-; 56.72; 0.4;-; 74.1; 74.7; 21.3; 21.3; 0.0;2344; 0.3; 0.4; 0.4;17; 22.0;B;0;-;On;On;Off; 31.0; 28.6;0;1;2008;1;2008;1;1822;1;-
2026/05/10;07:46:49;-;-; 56.83; 0.3;-; 74.2; 75.2; 19.1; 19.1; 0.0;2344; 0.3; 0.4; 0.4;14; 22.0;B;0;-;On;On;Off; 31.0; 30.3;0;1;2008;1;2008;1;1822;1;-
2026/05/10;07:47:49;-;-; 56.87; 0.3;-; 74.9; 74.2; 19.1; 0.0; 19.1;2344; 0.5; 0.6; 0.6;27; 22.0;B;0;-;On;On;Off; 31.2; 30.6;0;1;2008;1;2008;1;1822;1;-
2026/05/10;07:48:49;-;-; 55.10; 0.0;-; 74.7; 74.7; 0.0; 0.0; 0.0;2344; 0.3; 0.5; 0.5;19; 21.9;B;0;-;On;On;Off; 29.0; 28.5;0;1;2008;1;2008;1;1822;1;-
2026/05/10;07:49:49;-;-; 56.83; 0.7;-; 74.2; 73.9; 40.4; 19.8; 20.6;2344;-0.2; 0.0; 0.0;-11; 22.0;B;0;-;On;On;Off; 29.6; 28.9;0;1;2008;1;2008;1;1822;1;-
2026/05/10;07:50:49;-;-; 56.93; 0.3;-; 75.4; 74.2; 19.8; 0.7; 19.1;2344; 0.4; 0.5; 0.5;23; 22.0;B;0;-;On;On;Off; 30.7; 30.2;0;1;2008;1;2008;1;1822;1;-
2026/05/10;07:51:49;-;-; 56.97; 0.7;-; 74.3; 74.2; 38.2; 19.1; 19.1;2344; 0.5; 0.6; 0.6;28; 22.0;B;0;-;On;On;Off; 30.9; 30.4;0;1;2008;1;2008;1;1822;1;-
2026/05/10;07:52:49;-;-; 56.81; 0.0;-; 74.8; 75.2; 0.0; 0.0; 0.0;2344; 0.5; 0.6; 0.6;25; 22.0;B;0;-;On;On;Off; 29.1; 30.4;0;1;2008;1;2008;1;1822;1;-
2026/05/10;07:53:49;-;-; 57.03; 0.6;-; 74.5; 74.4; 35.9; 16.8; 19.1;2344; 0.3; 0.4; 0.4;14; 22.0;B;0;-;On;On;Off; 29.4; 30.2;0;1;2008;1;2008;1;1822;1;-
2026/05/10;07:54:49;-;-; 57.13; 0.7;-; 74.3; 74.3; 39.1; 19.2; 19.9;2344; 0.4; 0.5; 0.5;20; 22.0;B;0;-;On;On;Off; 30.8; 30.4;0;1;2008;1;2008;1;1822;1;-
2026/05/10;07:55:49;-;-; 57.25; 0.5;-; 74.7; 74.7; 26.8; 12.3; 14.6;2344; 0.5; 0.6; 0.6;28; 22.0;B;0;-;On;On;Off; 31.0; 30.5;0;1;2008;1;2008;1;1822;1;-
2026/05/10;07:56:49;-;-; 56.99; 0.8;-; 74.3; 74.2; 44.3; 21.4; 22.9;2344; 0.5; 0.6; 0.6;27; 22.0;B;0;-;On;On;Off; 31.1; 30.6;0;1;2008;1;2008;2;1823;1;-
2026/05/10;07:57:49;-;-; 57.15; 0.7;-; 74.6; 74.5; 39.8; 19.2; 20.7;2344; 0.5; 0.6; 0.6;27; 22.0;B;0;-;On;On;Off; 31.2; 30.7;0;1;2008;1;2008;2;1823;1;-
2026/05/10;07:58:48;-;-; 57.37; 0.7;-; 74.6; 74.5; 39.2; 18.4; 20.7;2344; 0.5; 0.6; 0.6;27; 22.0;B;0;-;On;On;Off; 31.2; 30.7;0;1;2008;1;2008;2;1823;1;-
2026/05/10;07:59:48;-;-; 57.45; 0.7;-; 74.7; 74.5; 40.9; 19.3; 21.6;2344; 0.5; 0.6; 0.6;27; 22.0;B;0;-;On;On;Off; 31.3; 30.8;0;1;2008;1;2008;2;1823;1;-
2026/05/10;08:00:48;-;-; 57.45; 0.3;-; 75.0; 75.6; 14.6; 12.3; 2.3;2344; 0.5; 0.6; 0.6;26; 22.0;B;0;-;On;On;Off; 31.4; 30.8;0;1;2008;1;2008;2;1823;1;-
2026/05/10;08:01:48;-;-; 57.21; 0.8;-; 74.7; 74.5; 46.0; 21.5; 24.5;2344; 0.5; 0.6; 0.6;27; 22.0;B;0;-;On;On;Off; 31.4; 30.9;0;1;2008;1;2008;2;1823;1;-
2026/05/10;08:02:48;-;-; 57.31; 0.8;-; 74.7; 74.6; 43.1; 20.0; 23.1;2344; 0.5; 0.6; 0.6;26; 22.0;B;0;-;On;On;Off; 31.5; 30.9;0;1;2008;1;2008;2;1823;1;-
2026/05/10;08:03:48;-;-; 57.47; 0.7;-; 74.7; 74.7; 41.6; 20.0; 21.6;2344; 0.5; 0.6; 0.6;27; 22.0;B;0;-;On;On;Off; 31.5; 31.0;0;1;2008;1;2008;2;1823;1;-
2026/05/10;08:04:48;-;-; 57.43; 0.7;-; 74.9; 74.8; 38.5; 17.7; 20.8;2344; 0.5; 0.6; 0.6;26; 22.0;B;0;-;On;On;Off; 31.5; 31.0;0;1;2008;1;2008;2;1823;1;-
2026/05/10;08:05:48;-;-; 57.50; 0.7;-; 75.0; 74.8; 40.1; 18.5; 21.6;2344; 0.5; 0.6; 0.6;27; 22.0;B;0;-;On;On;Off; 31.6; 31.1;0;1;2008;1;2008;2;1823;1;-
2026/05/10;08:06:48;-;-; 57.60; 0.7;-; 74.9; 74.9; 40.9; 20.1; 20.8;2344; 0.5; 0.6; 0.6;28; 22.0;B;0;-;On;On;Off; 31.6; 31.1;0;1;2008;1;2008;2;1823;1;-
2026/05/10;08:07:48;-;-; 57.60; 0.7;-; 75.1; 75.0; 40.1; 18.5; 21.6;2344; 0.5; 0.6; 0.6;27; 22.0;B;0;-;On;On;Off; 31.6; 31.1;0;1;2008;1;2008;2;1823;1;-
2026/05/10;08:08:48;-;-; 57.41; 1.0;-; 74.7; 75.0; 57.0; 30.0; 27.0;2344; 0.5; 0.6; 0.6;28; 22.0;B;0;-;On;On;Off; 31.7; 31.1;0;1;2008;1;2008;2;1823;1;-
2026/05/10;08:09:48;-;-; 57.23; 0.6;-; 75.3; 75.2; 34.6; 15.4; 19.2;2344; 0.5; 0.6; 0.6;27; 22.0;B;0;-;On;On;Off; 31.7; 31.2;0;2;2009;2;2009;2;1823;1;-
2026/05/10;08:10:48;-;-; 57.74; 0.9;-; 75.2; 74.9; 51.9; 24.0; 27.9;2344; 0.5; 0.6; 0.6;26; 22.0;B;0;-;On;On;Off; 31.8; 31.2;0;2;2009;2;2009;2;1823;1;-
2026/05/10;08:11:48;-;-; 57.68; 0.9;-; 75.1; 74.9; 54.1; 24.7; 29.4;2344; 0.5; 0.6; 0.6;27; 22.0;B;0;-;On;On;Off; 31.8; 31.2;0;2;2009;2;2009;2;1823;1;-
2026/05/10;08:12:48;-;-; 57.72; 0.5;-; 75.6; 75.6; 31.7; 18.6; 13.1;2344; 0.5; 0.6; 0.6;28; 22.0;B;0;-;On;On;Off; 31.8; 31.3;0;2;2009;2;2009;2;1823;1;-
2026/05/10;08:13:47;-;-; 57.52; 1.2;-; 75.0; 74.8; 70.2; 33.9; 36.2;2344; 0.5; 0.6; 0.6;28; 22.0;B;0;-;On;On;Off; 31.8; 31.3;0;2;2009;2;2009;2;1823;1;-
2026/05/10;08:14:47;-;-; 57.49; 1.3;-; 74.9; 74.8; 76.3; 37.8; 38.6;2344; 0.5; 0.6; 0.6;27; 22.0;B;0;-;On;On;Off; 31.8; 31.3;0;2;2009;2;2009;2;1823;1;-
2026/05/10;08:15:47;-;-; 57.54; 1.1;-; 75.0; 75.1; 65.6; 33.2; 32.4;2344; 0.5; 0.6; 0.6;28; 22.0;B;0;-;On;On;Off; 31.9; 31.4;0;2;2009;2;2009;2;1823;1;-
2026/05/10;08:16:47;-;-; 57.74; 0.6;-; 75.7; 75.8; 37.1; 20.9; 16.3;2344; 0.5; 0.6; 0.6;29; 22.0;B;0;-;On;On;Off; 31.9; 31.4;0;2;2009;2;2009;2;1823;1;-
2026/05/10;08:17:47;-;-; 57.74; 1.1;-; 75.5; 75.8; 64.2; 37.9; 26.3;2344; 0.5; 0.6; 0.6;28; 22.0;B;0;-;On;On;Off; 31.9; 31.4;0;2;2009;2;2009;2;1823;1;-
2026/05/10;08:18:47;-;-; 57.74; 0.6;-; 76.4; 75.2; 36.4; 4.6; 31.7;2344; 0.5; 0.6; 0.6;28; 22.0;B;0;-;On;On;Off; 31.9; 31.4;0;2;2009;2;2009;2;1823;1;-
2026/05/10;08:19:47;-;-; 57.72; 0.5;-; 75.9; 75.8; 30.2; 17.8; 12.4;2344; 0.5; 0.6; 0.6;27; 22.0;B;0;-;On;On;Off; 32.0; 31.4;0;2;2009;2;2009;2;1823;1;-
2026/05/10;08:20:47;-;-; 57.74; 0.6;-; 75.7; 76.2; 34.8; 29.4; 5.4;2344; 0.5; 0.6; 0.6;28; 22.0;B;0;-;On;On;Off; 32.0; 31.5;0;2;2009;2;2009;2;1823;1;-
2026/05/10;08:21:47;-;-; 57.74; 0.6;-; 76.3; 75.6; 34.1; 10.1; 24.0;2344; 0.5; 0.6; 0.6;28; 22.0;B;0;-;On;On;Off; 32.0; 31.5;0;2;2009;2;2009;2;1823;1;-
2026/05/10;08:22:47;-;-; 57.74; 0.5;-; 76.2; 76.0; 31.7; 11.6; 20.1;2344; 0.5; 0.6; 0.6;27; 22.0;B;0;-;On;On;Off; 32.0; 31.5;0;2;2009;2;2009;2;1823;1;-
2026/05/10;08:23:47;-;-; 57.74; 0.5;-; 76.5; 75.6; 30.2; 0.0; 30.2;2344; 0.5; 0.6; 0.6;28; 22.0;B;0;-;On;On;Off; 32.0; 31.5;0;2;2009;2;2009;2;1823;1;-
2026/05/10;08:24:47;-;-; 57.74; 0.7;-; 75.2; 76.6; 42.6; 42.6; 0.0;2344; 0.5; 0.6; 0.6;27; 22.0;B;0;-;On;On;Off; 32.0; 31.5;0;2;2009;2;2009;2;1823;1;-
2026/05/10;08:25:47;-;-; 57.76; 0.8;-; 76.6; 75.3; 45.7; 0.0; 45.7;2344; 0.5; 0.6; 0.6;27; 22.0;B;0;-;On;On;Off; 32.1; 31.5;0;2;2009;2;2009;2;1823;1;-
2026/05/10;08:26:47;-;-; 57.76; 0.9;-; 77.1; 75.1; 50.4; 0.0; 50.4;2344; 0.5; 0.6; 0.6;26; 22.0;B;0;-;On;On;Off; 32.1; 31.6;0;2;2009;2;2009;2;1823;1;-
2026/05/10;08:27:47;-;-; 57.76; 0.6;-; 76.4; 75.8; 34.9; 0.0; 34.9;2344; 0.5; 0.6; 0.6;27; 22.0;B;0;-;On;On;Off; 32.1; 31.6;0;2;2009;2;2009;2;1823;1;-
2026/05/10;08:28:46;-;-; 57.76; 0.7;-; 75.6; 77.0; 41.1; 41.1; 0.0;2344; 0.5; 0.6; 0.6;26; 22.0;B;0;-;On;On;Off; 32.1; 31.6;0;2;2009;2;2009;2;1823;1;-
2026/05/10;08:29:46;-;-; 57.74; 0.6;-; 75.5; 76.8; 34.8; 14.7; 20.1;2344; 0.5; 0.6; 0.6;26; 22.0;B;0;-;On;On;Off; 32.1; 31.6;0;2;2009;2;2009;2;1823;1;-
2026/05/10;08:30:46;-;-; 57.76; 0.9;-; 77.0; 75.3; 49.6; 0.0; 49.6;2344; 0.5; 0.6; 0.6;27; 22.0;B;0;-;On;On;Off; 32.1; 31.6;0;2;2009;2;2009;2;1823;1;-
2026/05/10;08:31:46;-;-; 57.74; 0.6;-; 75.9; 76.3; 37.1; 24.8; 12.4;2344; 0.5; 0.6; 0.6;26; 22.0;B;0;-;On;On;Off; 32.2; 31.6;0;2;2009;2;2009;2;1823;1;-
2026/05/10;08:32:46;-;-; 57.74; 0.6;-; 75.9; 76.6; 37.1; 30.2; 6.9;2344; 0.5; 0.6; 0.6;26; 22.0;B;0;-;On;On;Off; 32.2; 31.7;0;2;2009;2;2009;2;1823;1;-
2026/05/10;08:33:46;-;-; 57.74; 0.6;-; 77.1; 75.8; 36.4; 0.0; 36.4;2344; 0.5; 0.6; 0.6;26; 22.0;B;0;-;On;On;Off; 32.2; 31.7;0;2;2009;2;2009;2;1823;1;-
2026/05/10;08:34:46;-;-; 57.76; 0.9;-; 75.5; 76.9; 50.4; 50.4; 0.0;2344; 0.5; 0.6; 0.6;26; 22.1;B;0;-;On;On;Off; 32.2; 31.7;0;2;2009;2;2009;2;1823;1;-
2026/05/10;08:35:46;-;-; 57.74; 0.7;-; 75.6; 76.9; 38.7; 38.7; 0.0;2344; 0.5; 0.6; 0.6;27; 22.1;B;0;-;On;On;Off; 32.3; 31.7;0;2;2009;2;2009;2;1823;1;-
2026/05/10;08:36:46;-;-; 57.74; 0.5;-; 76.6; 76.4; 29.4; 21.7; 7.7;2344; 0.5; 0.6; 0.6;26; 22.1;B;0;-;On;On;Off; 32.3; 31.8;0;2;2009;2;2009;2;1823;1;-
2026/05/10;08:37:46;-;-; 57.74; 0.6;-; 76.6; 76.3; 33.3; 27.1; 6.2;2344; 0.5; 0.6; 0.6;26; 22.0;B;0;-;On;On;Off; 32.3; 31.8;0;2;2009;2;2009;2;1823;1;-
2026/05/10;08:38:46;-;-; 57.74; 0.7;-; 76.6; 76.5; 39.5; 0.0; 39.5;2344; 0.5; 0.6; 0.6;27; 22.0;B;0;-;On;On;Off; 32.3; 31.8;0;2;2009;2;2009;2;1823;1;-
2026/05/10;08:39:46;-;-; 57.74; 0.7;-; 75.7; 77.0; 41.1; 41.1; 0.0;2344; 0.5; 0.6; 0.6;26; 22.1;B;0;-;On;On;Off; 32.3; 31.8;0;2;2009;2;2009;2;1823;1;-
2026/05/10;08:40:46;-;-; 57.74; 0.9;-; 76.0; 77.2; 51.1; 51.1; 0.0;2344; 0.5; 0.6; 0.6;26; 22.1;B;0;-;On;On;Off; 32.3; 31.8;0;2;2009;2;2009;2;1823;1;-
2026/05/10;08:41:46;-;-; 57.76; 0.7;-; 75.7; 77.3; 41.8; 41.8; 0.0;2344; 0.5; 0.6; 0.6;26; 22.1;B;0;-;On;On;Off; 32.3; 31.8;0;2;2009;2;2009;2;1823;1;-
2026/05/10;08:42:46;-;-; 57.74; 0.6;-; 76.3; 76.9; 34.1; 27.1; 6.9;2344; 0.5; 0.6; 0.6;26; 22.1;B;0;-;On;On;Off; 32.3; 31.8;0;2;2009;2;2009;2;1823;1;-
2026/05/10;08:43:45;-;-; 57.74; 0.6;-; 76.4; 77.0; 34.1; 29.4; 4.6;2344; 0.5; 0.6; 0.6;26; 22.1;B;0;-;On;On;Off; 32.4; 31.8;0;2;2009;2;2009;2;1823;1;-
2026/05/10;08:44:45;-;-; 57.76; 0.8;-; 77.3; 75.9; 44.1; 0.0; 44.1;2344; 0.5; 0.6; 0.6;25; 22.1;B;0;-;On;On;Off; 32.4; 31.9;0;2;2009;2;2009;2;1823;1;-
2026/05/10;08:45:45;-;-; 57.74; 0.7;-; 77.4; 76.0; 41.8; 0.0; 41.8;2344; 0.5; 0.6; 0.6;26; 22.1;B;0;-;On;On;Off; 32.4; 31.9;0;2;2009;2;2009;2;1823;1;-
2026/05/10;08:46:45;-;-; 57.74; 0.5;-; 77.0; 76.7; 29.4; 16.2; 13.1;2344; 0.5; 0.6; 0.6;26; 22.1;B;0;-;On;On;Off; 32.4; 31.9;0;2;2009;2;2009;2;1823;1;-
2026/05/10;08:47:45;-;-; 57.74; 0.6;-; 76.6; 76.7; 35.6; 35.6; 0.0;2344; 0.5; 0.6; 0.6;26; 22.1;B;0;-;On;On;Off; 32.4; 31.9;0;2;2009;2;2009;2;1823;1;-
2026/05/10;08:48:45;-;-; 57.76; 0.6;-; 77.1; 76.5; 34.1; 13.9; 20.1;2344; 0.5; 0.6; 0.6;26; 22.1;B;0;-;On;On;Off; 32.4; 31.9;0;2;2009;2;2009;2;1823;1;-
2026/05/10;08:49:45;-;-; 57.74; 1.0;-; 75.9; 77.3; 59.6; 59.6; 0.0;2344; 0.5; 0.6; 0.6;26; 22.1;B;0;-;On;On;Off; 32.4; 31.9;0;2;2009;2;2009;2;1823;1;-
2026/05/10;08:50:45;-;-; 57.74; 0.6;-; 76.9; 76.5; 32.5; 28.6; 3.9;2344; 0.5; 0.6; 0.6;27; 22.1;B;0;-;On;On;Off; 32.4; 31.9;0;2;2009;2;2009;2;1823;1;-
2026/05/10;08:51:45;-;-; 57.74; 0.9;-; 75.7; 77.4; 50.4; 50.4; 0.0;2344; 0.5; 0.6; 0.6;27; 22.1;B;0;-;On;On;Off; 32.4; 31.9;0;2;2009;2;2009;2;1823;1;-
2026/05/10;08:52:45;-;-; 57.74; 0.8;-; 76.3; 77.3; 46.5; 46.5; 0.0;2344; 0.5; 0.6; 0.6;27; 22.1;B;0;-;On;On;Off; 32.4; 31.9;0;2;2009;2;2009;2;1823;1;-
2026/05/10;08:53:45;-;-; 57.74; 0.5;-; 77.2; 76.6; 31.0; 31.0; 0.0;2344; 0.5; 0.6; 0.6;26; 22.1;B;0;-;On;On;Off; 32.4; 31.9;0;2;2009;2;2009;2;1823;1;-
2026/05/10;08:54:45;-;-; 57.74; 0.8;-; 76.5; 77.1; 48.8; 48.8; 0.0;2344; 0.5; 0.6; 0.6;26; 22.1;B;0;-;On;On;Off; 32.5; 31.9;0;2;2009;2;2009;2;1823;1;-
2026/05/10;08:55:45;-;-; 57.74; 0.6;-; 76.8; 77.0; 34.1; 17.8; 16.2;2344; 0.5; 0.6; 0.6;27; 22.1;B;0;-;On;On;Off; 32.5; 31.9;0;2;2009;2;2009;2;1823;1;-
2026/05/10;08:56:45;-;-; 57.74; 0.9;-; 77.6; 76.1; 51.9; 0.0; 51.9;2344; 0.5; 0.6; 0.6;26; 22.1;B;0;-;On;On;Off; 32.5; 32.0;0;2;2009;2;2009;2;1823;1;-
2026/05/10;08:57:45;-;-; 57.74; 0.5;-; 76.8; 76.9; 27.8; 3.1; 24.7;2344; 0.5; 0.6; 0.6;26; 22.1;B;0;-;On;On;Off; 32.5; 32.0;0;2;2009;2;2009;2;1823;1;-
2026/05/10;08:58:44;-;-; 57.74; 0.7;-; 76.5; 77.1; 39.5; 39.5; 0.0;2344; 0.5; 0.6; 0.6;26; 22.1;B;0;-;On;On;Off; 32.5; 32.0;0;2;2009;2;2009;2;1823;1;-
2026/05/10;08:59:44;-;-; 57.74; 1.0;-; 76.2; 77.5; 55.8; 55.8; 0.0;2344; 0.5; 0.6; 0.6;26; 22.1;B;0;-;On;On;Off; 32.5; 32.0;0;2;2009;2;2009;2;1823;1;-
2026/05/10;09:00:44;-;-; 57.74; 0.7;-; 77.5; 76.4; 41.8; 0.0; 41.8;2344; 0.5; 0.6; 0.6;26; 22.1;B;0;-;On;On;Off; 32.5; 32.0;0;2;2009;2;2009;2;1823;1;-
2026/05/10;09:01:44;-;-; 57.76; 0.8;-; 77.1; 76.6; 45.7; 0.0; 45.7;2344; 0.5; 0.6; 0.6;26; 22.1;B;0;-;On;On;Off; 32.5; 32.0;0;2;2009;2;2009;2;1823;1;-
2026/05/10;09:02:44;-;-; 57.74; 0.5;-; 77.1; 76.6; 31.0; 0.0; 31.0;2344; 0.5; 0.6; 0.6;26; 22.1;B;0;-;On;On;Off; 32.5; 32.0;0;2;2009;2;2009;2;1823;1;-
2026/05/10;09:03:44;-;-; 57.74; 0.6;-; 77.5; 76.2; 36.4; 0.0; 36.4;2344; 0.5; 0.6; 0.6;26; 22.1;B;0;-;On;On;Off; 32.5; 32.0;0;2;2009;2;2009;2;1823;1;-
2026/05/10;09:04:44;-;-; 57.74; 0.5;-; 76.7; 77.1; 31.7; 6.9; 24.8;2344; 0.5; 0.6; 0.6;26; 22.1;B;0;-;On;On;Off; 32.5; 32.0;0;2;2009;2;2009;2;1823;1;-
2026/05/10;09:05:44;-;-; 57.74; 0.9;-; 76.1; 77.5; 50.4; 50.4; 0.0;2344; 0.5; 0.6; 0.6;26; 22.1;B;0;-;On;On;Off; 32.5; 32.0;0;2;2009;2;2009;2;1823;1;-
2026/05/10;09:06:44;-;-; 57.74; 0.6;-; 75.8; 76.6; 35.6; 0.0; 35.6;2344; 0.5; 0.6; 0.6;26; 22.1;B;0;-;On;On;Off; 32.5; 32.0;0;2;2009;2;2009;2;1823;1;-
2026/05/10;09:07:44;-;-; 57.74; 0.9;-; 75.3; 76.4; 51.1; 0.0; 51.1;2344; 0.5; 0.6; 0.6;26; 22.1;B;0;-;On;On;Off; 32.6; 32.0;0;2;2009;2;2009;2;1823;1;-
2026/05/10;09:08:44;-;-; 57.76; 0.3;-; 73.9; 77.0; 17.8; 0.0; 17.8;2344; 0.5; 0.6; 0.6;25; 22.1;B;0;-;On;On;Off; 31.3; 32.0;0;2;2009;2;2009;2;1823;1;-
2026/05/10;09:09:44;-;-; 57.74; 0.3;-; 73.9; 77.0; 14.7; 0.0; 14.7;2344; 0.3; 0.4; 0.4;17; 22.1;B;0;-;On;On;Off; 30.3; 31.8;0;2;2009;2;2009;2;1823;1;-
2026/05/10;09:10:44;-;-; 57.74; 1.1;-; 75.0; 76.3; 62.0; 0.0; 62.0;2344; 0.2; 0.3; 0.3;12; 22.1;B;0;-;On;On;Off; 31.9; 31.6;0;2;2009;2;2009;2;1823;1;-
2026/05/10;09:11:44;-;-; 57.74; 0.4;-; 74.0; 76.7; 25.6; 0.0; 25.6;2344; 0.4; 0.5; 0.5;24; 22.1;B;0;-;On;On;Off; 32.3; 31.7;0;2;2009;2;2009;2;1823;1;-
2026/05/10;09:12:44;-;-; 57.74; 0.3;-; 74.0; 77.0; 16.2; 0.0; 16.2;2344; 0.4; 0.5; 0.5;22; 22.1;B;0;-;On;On;Off; 30.2; 31.6;0;2;2009;2;2009;2;1823;1;-
2026/05/10;09:13:43;-;-; 57.74; 0.7;-; 75.5; 76.7; 39.5; 0.0; 39.5;2344; 0.2; 0.4; 0.4;13; 22.1;B;0;-;On;On;Off; 30.9; 31.4;0;2;2009;2;2009;2;1823;1;-
2026/05/10;09:14:43;-;-; 57.74; 0.6;-; 75.6; 76.9; 34.8; 6.9; 27.9;2344; 0.3; 0.5; 0.5;19; 22.1;B;0;-;On;On;Off; 32.0; 31.6;0;2;2009;2;2009;2;1823;1;-
2026/05/10;09:15:43;-;-; 57.74; 0.5;-; 76.5; 77.3; 30.9; 29.4; 1.5;2344; 0.5; 0.6; 0.6;26; 22.1;B;0;-;On;On;Off; 32.1; 31.7;0;2;2009;2;2009;2;1823;1;-
2026/05/10;09:16:43;-;-; 57.74; 0.8;-; 77.1; 77.2; 46.5; 46.5; 0.0;2344; 0.5; 0.6; 0.6;25; 22.1;B;0;-;On;On;Off; 32.2; 31.8;0;2;2009;2;2009;2;1823;1;-
2026/05/10;09:17:43;-;-; 57.74; 1.0;-; 77.1; 76.6; 59.6; 59.6; 0.0;2344; 0.4; 0.6; 0.6;25; 22.1;B;0;-;On;On;Off; 32.2; 31.8;0;2;2009;2;2009;2;1823;1;-
2026/05/10;09:18:43;-;-; 57.74; 0.9;-; 77.1; 75.1; 52.7; 52.7; 0.0;2344; 0.5; 0.6; 0.6;25; 22.1;B;0;-;On;On;Off; 32.2; 31.8;0;2;2009;2;2009;2;1823;1;-
2026/05/10;09:19:43;-;-; 57.74; 1.0;-; 77.1; 74.7; 58.1; 58.1; 0.0;2344; 0.5; 0.6; 0.6;27; 22.1;B;0;-;On;On;Off; 32.2; 31.8;0;2;2009;2;2009;2;1823;1;-
2026/05/10;09:20:43;-;-; 57.76; 0.3;-; 77.5; 73.3; 17.8; 17.0; 0.8;2344; 0.4; 0.6; 0.6;25; 22.1;B;0;-;On;On;Off; 32.1; 29.8;0;2;2009;2;2009;2;1823;1;-
2026/05/10;09:21:43;-;-; 57.76; 0.4;-; 77.2; 73.4; 24.8; 24.0; 0.8;2344; 0.2; 0.3; 0.3;12; 22.1;B;0;-;On;On;Off; 31.9; 29.6;0;2;2009;2;2009;2;1823;1;-
2026/05/10;09:22:43;-;-; 57.76; 0.4;-; 77.3; 73.5; 20.9; 20.1; 0.8;2344; 0.2; 0.4; 0.4;13; 22.1;B;0;-;On;On;Off; 31.7; 29.3;0;2;2009;2;2009;2;1823;1;-
2026/05/10;09:23:43;-;-; 57.76; 0.3;-; 77.3; 73.6; 18.6; 17.8; 0.8;2344; 0.2; 0.3; 0.3;12; 22.1;B;0;-;On;On;Off; 31.6; 29.1;0;2;2009;2;2009;2;1823;1;-
2026/05/10;09:24:43;-;-; 57.76; 0.3;-; 77.1; 74.8; 20.1; 19.4; 0.8;2344; 0.2; 0.3; 0.3;13; 22.1;B;0;-;On;On;Off; 31.5; 29.0;0;2;2009;2;2009;2;1823;1;-
2026/05/10;09:25:43;-;-; 57.74; 0.5;-; 77.5; 76.3; 31.0; 3.9; 27.1;2344; 0.3; 0.4; 0.4;14; 22.1;B;0;-;On;On;Off; 31.6; 30.9;0;2;2009;2;2009;2;1823;1;-
2026/05/10;09:26:43;-;-; 57.74; 0.7;-; 77.4; 77.7; 42.6; 42.6; 0.0;2344; 0.5; 0.6; 0.6;27; 22.1;B;0;-;On;On;Off; 31.8; 31.2;0;2;2009;2;2009;2;1823;1;-
2026/05/10;09:27:42;-;-; 57.74; 0.6;-; 77.5; 77.2; 34.1; 6.9; 27.1;2344; 0.5; 0.6; 0.6;26; 22.1;B;0;-;On;On;Off; 31.9; 31.3;0;2;2009;2;2009;2;1823;1;-
2026/05/10;09:28:42;-;-; 57.74; 0.8;-; 77.7; 77.1; 45.7; 0.0; 45.7;2344; 0.5; 0.6; 0.6;25; 22.1;B;0;-;On;On;Off; 31.9; 31.4;0;2;2009;2;2009;2;1823;1;-
2026/05/10;09:29:42;-;-; 57.74; 0.5;-; 77.0; 77.8; 27.1; 9.3; 17.8;2344; 0.5; 0.6; 0.6;25; 22.1;B;0;-;On;On;Off; 32.0; 31.5;0;2;2009;2;2009;2;1823;1;-
2026/05/10;09:30:42;-;-; 57.74; 0.7;-; 77.4; 76.8; 37.9; 0.0; 37.9;2344; 0.5; 0.6; 0.6;25; 22.1;B;0;-;On;On;Off; 32.0; 31.5;0;2;2009;2;2009;2;1823;1;-
2026/05/10;09:31:42;-;-; 57.74; 0.6;-; 77.4; 76.8; 34.8; 9.3; 25.6;2344; 0.5; 0.6; 0.6;26; 22.1;B;0;-;On;On;Off; 32.1; 31.5;0;2;2009;2;2009;2;1823;1;-
2026/05/10;09:32:42;-;-; 57.74; 0.6;-; 76.4; 77.8; 34.1; 31.8; 2.3;2344; 0.5; 0.6; 0.6;26; 22.1;B;0;-;On;On;Off; 32.1; 31.6;0;2;2009;2;2009;2;1823;1;-
2026/05/10;09:33:42;-;-; 57.74; 0.5;-; 77.0; 77.1; 31.7; 31.7; 0.0;2344; 0.4; 0.6; 0.6;25; 22.1;B;0;-;On;On;Off; 32.1; 31.6;0;2;2009;2;2009;2;1823;1;-
2026/05/10;09:34:42;-;-; 57.74; 0.9;-; 77.4; 76.6; 53.4; 0.0; 53.4;2344; 0.4; 0.6; 0.6;25; 22.1;B;0;-;On;On;Off; 32.2; 31.6;0;2;2009;2;2009;2;1823;1;-
2026/05/10;09:35:42;-;-; 57.74; 0.8;-; 76.6; 77.2; 44.9; 44.9; 0.0;2344; 0.5; 0.6; 0.6;25; 22.1;B;0;-;On;On;Off; 32.2; 31.7;0;2;2009;2;2009;2;1823;1;-
2026/05/10;09:36:42;-;-; 57.74; 0.8;-; 77.3; 76.5; 48.8; 0.0; 48.8;2344; 0.5; 0.6; 0.6;26; 22.1;B;0;-;On;On;Off; 32.2; 31.7;0;2;2009;2;2009;2;1823;1;-
2026/05/10;09:37:42;-;-; 57.74; 0.9;-; 76.3; 77.4; 49.6; 49.6; 0.0;2344; 0.5; 0.6; 0.6;26; 22.1;B;0;-;On;On;Off; 32.3; 31.8;0;2;2009;2;2009;2;1823;1;-
2026/05/10;09:38:42;-;-; 57.74; 0.8;-; 77.2; 76.6; 45.7; 0.0; 45.7;2344; 0.4; 0.6; 0.6;25; 22.1;B;0;-;On;On;Off; 32.3; 31.8;0;2;2009;2;2009;2;1823;1;-
2026/05/10;09:39:42;-;-; 57.74; 0.7;-; 77.2; 76.4; 40.2; 0.0; 40.2;2344; 0.5; 0.6; 0.6;25; 22.1;B;0;-;On;On;Off; 32.3; 31.8;0;2;2009;2;2009;2;1823;1;-
2026/05/10;09:40:42;-;-; 57.76; 0.8;-; 76.2; 77.3; 47.2; 47.2; 0.0;2344; 0.5; 0.6; 0.6;25; 22.1;B;0;-;On;On;Off; 32.3; 31.8;0;2;2009;2;2009;2;1823;1;-
2026/05/10;09:41:42;-;-; 57.74; 0.8;-; 76.5; 77.1; 48.8; 48.8; 0.0;2344; 0.4; 0.6; 0.6;25; 22.1;B;0;-;On;On;Off; 32.3; 31.8;0;2;2009;2;2009;2;1823;1;-
2026/05/10;09:42:41;-;-; 57.74; 0.9;-; 77.3; 76.3; 50.4; 0.0; 50.4;2344; 0.5; 0.6; 0.6;25; 22.1;B;0;-;On;On;Off; 32.4; 31.8;0;2;2009;2;2009;2;1823;1;-
2026/05/10;09:43:41;-;-; 57.74; 0.9;-; 76.6; 77.1; 49.6; 49.6; 0.0;2344; 0.5; 0.6; 0.6;26; 22.1;B;0;-;On;On;Off; 32.4; 31.9;0;2;2009;2;2009;3;1824;1;-
2026/05/10;09:44:41;-;-; 57.74; 0.6;-; 76.4; 77.0; 34.9; 34.9; 0.0;2344; 0.5; 0.6; 0.6;25; 22.1;B;0;-;On;On;Off; 32.4; 31.9;0;2;2009;2;2009;3;1824;1;-
2026/05/10;09:45:41;-;-; 57.74; 0.5;-; 76.3; 77.1; 28.6; 26.3; 2.3;2344; 0.5; 0.6; 0.6;25; 22.1;B;0;-;On;On;Off; 32.4; 31.9;0;2;2009;2;2009;3;1824;1;-
2026/05/10;09:46:41;-;-; 57.74; 1.0;-; 76.2; 77.1; 56.6; 56.6; 0.0;2344; 0.5; 0.6; 0.6;26; 22.1;B;0;-;On;On;Off; 32.4; 31.9;0;2;2009;2;2009;3;1824;1;-
2026/05/10;09:47:41;-;-; 57.74; 0.7;-; 77.0; 76.0; 42.6; 0.0; 42.6;2344; 0.5; 0.6; 0.6;26; 22.1;B;0;-;On;On;Off; 32.4; 31.9;0;2;2009;2;2009;3;1824;1;-
2026/05/10;09:48:41;-;-; 57.74; 0.5;-; 76.9; 76.2; 28.6; 17.0; 11.6;2344; 0.5; 0.6; 0.6;25; 22.1;B;0;-;On;On;Off; 32.4; 31.9;0;2;2009;2;2009;3;1824;1;-
2026/05/10;09:49:41;-;-; 57.74; 0.6;-; 76.9; 75.9; 34.9; 0.0; 34.9;2344; 0.5; 0.6; 0.6;25; 22.1;B;0;-;On;On;Off; 32.4; 31.9;0;2;2009;2;2009;3;1824;1;-
2026/05/10;09:50:41;-;-; 57.74; 0.9;-; 76.2; 76.8; 50.4; 50.4; 0.0;2344; 0.5; 0.6; 0.6;26; 22.1;B;0;-;On;On;Off; 32.5; 32.0;0;2;2009;2;2009;3;1824;1;-
2026/05/10;09:51:41;-;-; 57.74; 0.6;-; 76.8; 76.3; 34.1; 24.0; 10.1;2344; 0.5; 0.6; 0.6;25; 22.1;B;0;-;On;On;Off; 32.5; 32.0;0;2;2009;2;2009;3;1824;1;-
2026/05/10;09:52:41;-;-; 57.76; 0.6;-; 76.8; 76.4; 32.5; 14.7; 17.8;2344; 0.5; 0.6; 0.6;26; 22.1;B;0;-;On;On;Off; 32.5; 32.0;0;2;2009;2;2009;3;1824;1;-
2026/05/10;09:53:41;-;-; 57.74; 1.0;-; 76.4; 77.0; 55.0; 55.0; 0.0;2344; 0.5; 0.6; 0.6;25; 22.1;B;0;-;On;On;Off; 32.5; 32.0;0;2;2009;2;2009;3;1824;1;-
2026/05/10;09:54:41;-;-; 57.76; 0.7;-; 77.1; 76.1; 40.3; 0.0; 40.3;2344; 0.5; 0.6; 0.6;26; 22.1;B;0;-;On;On;Off; 32.5; 32.0;0;2;2009;2;2009;3;1824;1;-
2026/05/10;09:55:41;-;-; 57.76; 0.6;-; 76.2; 77.0; 34.0; 20.9; 13.1;2344; 0.5; 0.6; 0.6;25; 22.1;B;0;-;On;On;Off; 32.5; 32.0;0;2;2009;2;2009;3;1824;1;-
2026/05/10;09:56:41;-;-; 57.76; 0.5;-; 76.8; 76.4; 30.2; 15.5; 14.7;2344; 0.5; 0.6; 0.6;25; 22.1;B;0;-;On;On;Off; 32.5; 32.0;0;3;2010;3;2010;3;1824;1;-
2026/05/10;09:57:40;-;-; 57.76; 0.5;-; 76.4; 76.5; 28.6; 1.5; 27.1;2344; 0.5; 0.6; 0.6;26; 22.1;B;0;-;On;On;Off; 32.5; 32.0;0;3;2010;3;2010;3;1824;1;-
2026/05/10;09:58:40;-;-; 57.74; 0.6;-; 76.4; 76.4; 33.3; 12.4; 20.9;2344; 0.5; 0.6; 0.6;26; 22.1;B;0;-;On;On;Off; 32.6; 32.0;0;3;2010;3;2010;3;1824;1;-
2026/05/10;09:59:40;-;-; 57.74; 0.9;-; 76.0; 76.9; 51.1; 51.1; 0.0;2344; 0.5; 0.6; 0.6;26; 22.1;B;0;-;On;On;Off; 32.5; 32.0;0;3;2010;3;2010;3;1824;1;-
2026/05/10;10:00:40;-;-; 57.74; 0.5;-; 76.8; 76.3; 28.6; 4.6; 24.0;2344; 0.5; 0.6; 0.6;26; 22.1;B;0;-;On;On;Off; 32.6; 32.1;0;3;2010;3;2010;3;1824;1;-
2026/05/10;10:01:40;-;-; 57.76; 0.8;-; 76.0; 76.9; 44.9; 44.9; 0.0;2344; 0.5; 0.6; 0.6;26; 22.1;B;0;-;On;On;Off; 32.6; 32.1;0;3;2010;3;2010;3;1824;1;-
2026/05/10;10:02:40;-;-; 57.74; 0.6;-; 76.9; 75.8; 35.6; 3.9; 31.8;2344; 0.5; 0.6; 0.6;25; 22.1;B;0;-;On;On;Off; 32.6; 32.1;0;3;2010;3;2010;3;1824;1;-
2026/05/10;10:03:40;-;-; 57.74; 0.6;-; 76.5; 76.2; 36.4; 0.0; 36.4;2344; 0.5; 0.6; 0.6;26; 22.1;B;0;-;On;On;Off; 32.6; 32.1;0;3;2010;3;2010;3;1824;1;-
2026/05/10;10:04:40;-;-; 57.74; 0.8;-; 76.8; 75.8; 44.9; 0.0; 44.9;2344; 0.5; 0.6; 0.6;26; 22.1;B;0;-;On;On;Off; 32.6; 32.1;0;3;2010;3;2010;3;1824;1;-
2026/05/10;10:05:40;-;-; 57.74; 0.7;-; 76.2; 76.6; 41.8; 41.8; 0.0;2344; 0.5; 0.6; 0.6;26; 22.1;B;0;-;On;On;Off; 32.6; 32.1;0;3;2010;3;2010;3;1824;1;-
2026/05/10;10:06:40;-;-; 57.74; 0.8;-; 76.8; 76.1; 48.0; 0.0; 48.0;2344; 0.5; 0.6; 0.6;26; 22.1;B;0;-;On;On;Off; 32.6; 32.1;0;3;2010;3;2010;3;1824;1;-
2026/05/10;10:07:40;-;-; 57.74; 0.6;-; 76.5; 76.5; 36.4; 36.4; 0.0;2344; 0.5; 0.6; 0.6;26; 22.1;B;0;-;On;On;Off; 32.6; 32.1;0;3;2010;3;2010;3;1824;1;-
2026/05/10;10:08:40;-;-; 57.74; 0.5;-; 76.7; 76.2; 30.9; 6.9; 24.0;2344; 0.5; 0.6; 0.6;25; 22.1;B;0;-;On;On;Off; 32.6; 32.1;0;3;2010;3;2010;3;1824;1;-
2026/05/10;10:09:40;-;-; 57.76; 0.7;-; 76.3; 77.0; 41.1; 41.1; 0.0;2344; 0.5; 0.6; 0.6;25; 22.1;B;0;-;On;On;Off; 32.6; 32.1;0;3;2010;3;2010;3;1824;1;-
2026/05/10;10:10:40;-;-; 57.74; 0.7;-; 76.0; 76.9; 40.3; 40.3; 0.0;2344; 0.5; 0.6; 0.6;26; 22.1;B;0;-;On;On;Off; 32.6; 32.1;0;3;2010;3;2010;3;1824;1;-
2026/05/10;10:11:40;-;-; 57.74; 0.8;-; 76.3; 77.0; 44.1; 44.1; 0.0;2344; 0.5; 0.6; 0.6;25; 22.1;B;0;-;On;On;Off; 32.6; 32.1;0;3;2010;3;2010;3;1824;1;-
2026/05/10;10:12:39;-;-; 57.74; 0.6;-; 76.4; 77.1; 36.4; 36.4; 0.0;2344; 0.5; 0.6; 0.6;25; 22.1;B;0;-;On;On;Off; 32.6; 32.1;0;3;2010;3;2010;3;1824;1;-
2026/05/10;10:13:39;-;-; 57.74; 0.6;-; 77.0; 76.5; 34.9; 0.0; 34.9;2344; 0.5; 0.6; 0.6;25; 22.1;B;0;-;On;On;Off; 32.6; 32.2;0;3;2010;3;2010;3;1824;1;-
2026/05/10;10:14:39;-;-; 57.76; 0.7;-; 76.5; 77.0; 40.3; 40.3; 0.0;2344; 0.4; 0.6; 0.6;25; 22.1;B;0;-;On;On;Off; 32.7; 32.1;0;3;2010;3;2010;3;1824;1;-
2026/05/10;10:15:39;-;-; 57.74; 0.6;-; 77.1; 76.6; 36.4; 0.0; 36.4;2344; 0.4; 0.6; 0.6;25; 22.1;B;0;-;On;On;Off; 32.7; 32.1;0;3;2010;3;2010;3;1824;1;-
2026/05/10;10:16:39;-;-; 57.74; 0.5;-; 76.8; 76.9; 27.9; 7.7; 20.1;2344; 0.4; 0.6; 0.6;25; 22.1;B;0;-;On;On;Off; 32.7; 32.2;0;3;2010;3;2010;3;1824;1;-
2026/05/10;10:17:39;-;-; 57.74; 0.7;-; 76.8; 76.3; 38.7; 6.9; 31.8;2344; 0.5; 0.6; 0.6;25; 22.1;B;0;-;On;On;Off; 32.7; 32.2;0;3;2010;3;2010;3;1824;1;-
2026/05/10;10:18:39;-;-; 57.74; 0.6;-; 76.7; 76.7; 34.8; 8.5; 26.3;2344; 0.5; 0.6; 0.6;26; 22.1;B;0;-;On;On;Off; 32.7; 32.2;0;3;2010;3;2010;3;1824;1;-
2026/05/10;10:19:39;-;-; 57.76; 0.7;-; 76.8; 76.6; 41.1; 0.0; 41.1;2344; 0.4; 0.6; 0.6;25; 22.1;B;0;-;On;On;Off; 32.7; 32.2;0;3;2010;3;2010;3;1824;1;-
2026/05/10;10:20:39;-;-; 57.74; 1.0;-; 77.1; 76.3; 55.8; 0.0; 55.8;2344; 0.4; 0.6; 0.6;24; 22.1;B;0;-;On;On;Off; 32.7; 32.2;0;3;2010;3;2010;3;1824;1;-
2026/05/10;10:21:39;-;-; 57.74; 0.5;-; 76.9; 76.3; 30.2; 16.2; 13.9;2344; 0.4; 0.6; 0.6;25; 22.1;B;0;-;On;On;Off; 32.7; 32.2;0;3;2010;3;2010;3;1824;1;-
2026/05/10;10:22:39;-;-; 57.74; 0.9;-; 76.9; 76.3; 53.4; 0.0; 53.4;2344; 0.4; 0.6; 0.6;25; 22.1;B;0;-;On;On;Off; 32.7; 32.2;0;3;2010;3;2010;3;1824;1;-
2026/05/10;10:23:39;-;-; 57.74; 0.8;-; 76.9; 76.2; 45.7; 0.0; 45.7;2344; 0.5; 0.6; 0.6;25; 22.1;B;0;-;On;On;Off; 32.7; 32.2;0;3;2010;3;2010;3;1824;1;-
2026/05/10;10:24:39;-;-; 57.74; 0.9;-; 76.0; 76.9; 49.6; 49.6; 0.0;2344; 0.5; 0.6; 0.6;26; 22.1;B;0;-;On;On;Off; 32.7; 32.2;0;3;2010;3;2010;3;1824;1;-
2026/05/10;10:25:39;-;-; 57.74; 0.5;-; 76.3; 76.8; 28.6; 27.9; 0.8;2344; 0.5; 0.6; 0.6;25; 22.1;B;0;-;On;On;Off; 32.7; 32.2;0;3;2010;3;2010;3;1824;1;-
2026/05/10;10:26:39;-;-; 57.74; 0.8;-; 76.3; 76.9; 47.3; 47.3; 0.0;2344; 0.5; 0.6; 0.6;25; 22.1;B;0;-;On;On;Off; 32.7; 32.2;0;3;2010;3;2010;3;1824;1;-
2026/05/10;10:27:38;-;-; 57.74; 0.5;-; 76.4; 76.8; 31.8; 23.3; 8.5;2344; 0.4; 0.6; 0.6;25; 22.1;B;0;-;On;On;Off; 32.7; 32.2;0;3;2010;3;2010;3;1824;1;-
2026/05/10;10:28:38;-;-; 57.76; 0.6;-; 76.9; 76.1; 33.3; 0.0; 33.3;2344; 0.4; 0.6; 0.6;25; 22.1;B;0;-;On;On;Off; 32.7; 32.2;0;3;2010;3;2010;3;1824;1;-
2026/05/10;10:29:38;-;-; 57.74; 0.5;-; 76.7; 76.7; 30.9; 20.1; 10.8;2344; 0.4; 0.6; 0.6;25; 22.1;B;0;-;On;On;Off; 32.7; 32.2;0;3;2010;3;2010;3;1824;1;-
2026/05/10;10:30:38;-;-; 57.74; 0.5;-; 76.9; 76.4; 30.1; 20.9; 9.3;2344; 0.5; 0.6; 0.6;25; 22.1;B;0;-;On;On;Off; 32.7; 32.2;0;3;2010;3;2010;3;1824;1;-
2026/05/10;10:31:38;-;-; 57.76; 0.8;-; 77.1; 76.1; 48.8; 0.0; 48.8;2344; 0.4; 0.6; 0.6;25; 22.1;B;0;-;On;On;Off; 32.8; 32.2;0;3;2010;3;2010;3;1824;1;-
2026/05/10;10:32:38;-;-; 57.74; 0.6;-; 77.1; 76.2; 34.1; 23.3; 10.8;2344; 0.4; 0.6; 0.6;24; 22.1;B;0;-;On;On;Off; 32.8; 32.2;0;3;2010;3;2010;3;1824;1;-
2026/05/10;10:33:38;-;-; 57.76; 0.6;-; 76.9; 76.4; 33.3; 0.0; 33.3;2344; 0.5; 0.6; 0.6;25; 22.1;B;0;-;On;On;Off; 32.8; 32.3;0;3;2010;3;2010;3;1824;1;-
2026/05/10;10:34:38;-;-; 57.74; 0.6;-; 76.5; 76.8; 32.5; 23.2; 9.3;2344; 0.5; 0.6; 0.6;25; 22.1;B;0;-;On;On;Off; 32.8; 32.3;0;3;2010;3;2010;3;1824;1;-
2026/05/10;10:35:38;-;-; 57.74; 0.8;-; 77.0; 76.2; 43.4; 0.0; 43.4;2344; 0.5; 0.6; 0.6;25; 22.1;B;0;-;On;On;Off; 32.8; 32.3;0;3;2010;3;2010;3;1824;1;-
2026/05/10;10:36:38;-;-; 57.74; 0.8;-; 77.1; 76.3; 45.7; 0.0; 45.7;2344; 0.5; 0.6; 0.6;26; 22.1;B;0;-;On;On;Off; 32.8; 32.3;0;3;2010;3;2010;3;1824;1;-
2026/05/10;10:37:38;-;-; 57.74; 0.5;-; 77.0; 76.5; 29.4; 20.1; 9.3;2344; 0.4; 0.6; 0.6;25; 22.1;B;0;-;On;On;Off; 32.8; 32.2;0;3;2010;3;2010;3;1824;1;-
2026/05/10;10:38:38;-;-; 57.76; 0.7;-; 76.9; 76.4; 37.9; 0.0; 37.9;2344; 0.4; 0.6; 0.6;25; 22.1;B;0;-;On;On;Off; 32.8; 32.2;0;3;2010;3;2010;3;1824;1;-
2026/05/10;10:39:38;-;-; 57.74; 0.5;-; 76.9; 76.5; 27.9; 11.6; 16.2;2344; 0.4; 0.6; 0.6;25; 22.1;B;0;-;On;On;Off; 32.7; 32.3;0;3;2010;3;2010;3;1824;1;-
2026/05/10;10:40:38;-;-; 57.74; 0.9;-; 76.4; 76.9; 52.7; 52.7; 0.0;2344; 0.5; 0.6; 0.6;25; 22.1;B;0;-;On;On;Off; 32.8; 32.3;0;3;2010;3;2010;3;1824;1;-
2026/05/10;10:41:38;-;-; 57.74; 0.5;-; 76.9; 76.5; 28.6; 0.0; 28.6;2344; 0.5; 0.6; 0.6;25; 22.1;B;0;-;On;On;Off; 32.8; 32.3;0;3;2010;3;2010;3;1824;1;-
2026/05/10;10:42:37;-;-; 57.74; 1.0;-; 76.2; 77.0; 56.6; 56.6; 0.0;2344; 0.5; 0.6; 0.6;25; 22.1;B;0;-;On;On;Off; 32.8; 32.3;0;3;2010;3;2010;3;1824;1;-
2026/05/10;10:43:37;-;-; 57.74; 0.4;-; 76.9; 76.6; 25.5; 20.9; 4.6;2344; 0.4; 0.6; 0.6;24; 22.1;B;0;-;On;On;Off; 32.8; 32.3;0;3;2010;3;2010;3;1824;1;-
2026/05/10;10:44:37;-;-; 57.76; 1.0;-; 76.3; 77.0; 60.4; 60.4; 0.0;2344; 0.4; 0.6; 0.6;25; 22.1;B;0;-;On;On;Off; 32.8; 32.3;0;3;2010;3;2010;3;1824;1;-
2026/05/10;10:45:37;-;-; 57.74; 0.5;-; 76.4; 76.9; 28.6; 27.9; 0.8;2344; 0.4; 0.6; 0.6;24; 22.1;B;0;-;On;On;Off; 32.8; 32.3;0;3;2010;3;2010;3;1824;1;-
2026/05/10;10:46:37;-;-; 57.76; 1.0;-; 76.9; 76.4; 55.0; 0.0; 55.0;2344; 0.4; 0.6; 0.6;25; 22.1;B;0;-;On;On;Off; 32.8; 32.3;0;3;2010;3;2010;3;1824;1;-
2026/05/10;10:47:37;-;-; 57.76; 0.8;-; 76.9; 76.1; 48.0; 0.0; 48.0;2344; 0.5; 0.6; 0.6;25; 22.1;B;0;-;On;On;Off; 32.8; 32.3;0;3;2010;3;2010;3;1824;1;-
2026/05/10;10:48:37;-;-; 57.74; 0.5;-; 76.2; 76.6; 29.4; 14.7; 14.7;2344; 0.4; 0.6; 0.6;25; 22.1;B;0;-;On;On;Off; 32.8; 32.3;0;3;2010;3;2010;3;1824;1;-
2026/05/10;10:49:37;-;-; 57.76; 0.6;-; 76.4; 76.3; 33.3; 18.6; 14.7;2344; 0.4; 0.6; 0.6;25; 22.1;B;0;-;On;On;Off; 32.8; 32.3;0;3;2010;3;2010;3;1824;1;-
2026/05/10;10:50:37;-;-; 57.74; 0.5;-; 76.6; 76.2; 31.0; 0.0; 31.0;2344; 0.4; 0.6; 0.6;25; 22.1;B;0;-;On;On;Off; 32.8; 32.3;0;3;2010;3;2010;3;1824;1;-
2026/05/10;10:51:37;-;-; 57.76; 0.6;-; 76.1; 76.6; 34.1; 17.8; 16.3;2344; 0.5; 0.6; 0.6;26; 22.1;B;0;-;On;On;Off; 32.8; 32.3;0;3;2010;3;2010;3;1824;1;-
2026/05/10;10:52:37;-;-; 57.74; 0.9;-; 75.6; 76.5; 52.7; 52.7; 0.0;2344; 0.5; 0.6; 0.6;26; 22.1;B;0;-;On;On;Off; 32.8; 32.3;0;3;2010;3;2010;3;1824;1;-
2026/05/10;10:53:37;-;-; 57.74; 0.6;-; 76.4; 76.1; 36.4; 9.3; 27.1;2344; 0.5; 0.6; 0.6;25; 22.1;B;0;-;On;On;Off; 32.8; 32.3;0;3;2010;3;2010;3;1824;1;-
2026/05/10;10:54:37;-;-; 57.74; 0.5;-; 76.3; 76.1; 29.4; 23.2; 6.2;2344; 0.5; 0.6; 0.6;25; 22.1;B;0;-;On;On;Off; 32.8; 32.3;0;3;2010;3;2010;3;1824;1;-
2026/05/10;10:55:37;-;-; 57.74; 1.1;-; 75.6; 76.5; 62.0; 62.0; 0.0;2344; 0.5; 0.6; 0.6;25; 22.1;B;0;-;On;On;Off; 32.8; 32.3;0;3;2010;3;2010;3;1824;1;-
2026/05/10;10:56:37;-;-; 57.74; 0.6;-; 76.1; 75.9; 34.8; 9.3; 25.6;2344; 0.5; 0.6; 0.6;25; 22.1;B;0;-;On;On;Off; 32.8; 32.3;0;3;2010;3;2010;3;1824;1;-
2026/05/10;10:57:36;-;-; 57.74; 0.6;-; 75.5; 76.3; 35.6; 35.6; 0.0;2344; 0.5; 0.6; 0.6;26; 22.1;B;0;-;On;On;Off; 32.8; 32.3;0;3;2010;3;2010;3;1824;1;-
2026/05/10;10:58:36;-;-; 57.74; 0.5;-; 76.2; 75.8; 28.6; 16.2; 12.4;2344; 0.5; 0.6; 0.6;26; 22.1;B;0;-;On;On;Off; 32.8; 32.3;0;3;2010;3;2010;3;1824;1;-
2026/05/10;10:59:36;-;-; 57.74; 0.8;-; 75.6; 76.2; 48.8; 48.8; 0.0;2344; 0.5; 0.6; 0.6;26; 22.1;B;0;-;On;On;Off; 32.8; 32.3;0;3;2010;3;2010;3;1824;1;-
2026/05/10;11:00:36;-;-; 57.74; 0.5;-; 76.3; 75.8; 27.8; 26.3; 1.5;2344; 0.5; 0.6; 0.6;26; 22.1;B;0;-;On;On;Off; 32.8; 32.3;0;3;2010;3;2010;3;1824;1;-
2026/05/10;11:01:36;-;-; 57.74; 0.8;-; 76.4; 75.7; 43.4; 0.0; 43.4;2344; 0.5; 0.6; 0.6;26; 22.1;B;0;-;On;On;Off; 32.7; 32.3;0;3;2010;3;2010;3;1824;1;-
2026/05/10;11:02:36;-;-; 57.74; 0.6;-; 76.2; 75.8; 32.5; 0.0; 32.5;2344; 0.5; 0.6; 0.6;26; 22.1;B;0;-;On;On;Off; 32.7; 32.3;0;3;2010;3;2010;3;1824;1;-
2026/05/10;11:03:36;-;-; 57.74; 0.5;-; 76.1; 75.7; 27.9; 10.1; 17.8;2344; 0.5; 0.6; 0.6;26; 22.1;B;0;-;On;On;Off; 32.8; 32.2;0;3;2010;3;2010;3;1824;1;-
2026/05/10;11:04:36;-;-; 57.74; 0.7;-; 75.6; 75.9; 38.7; 38.7; 0.0;2344; 0.5; 0.6; 0.6;26; 22.1;B;0;-;On;On;Off; 32.7; 32.3;0;3;2010;3;2010;3;1824;1;-
2026/05/10;11:05:36;-;-; 57.74; 0.5;-; 76.0; 75.6; 28.6; 6.9; 21.7;2344; 0.5; 0.6; 0.6;26; 22.1;B;0;-;On;On;Off; 32.7; 32.3;0;3;2010;3;2010;3;1824;1;-
2026/05/10;11:06:36;-;-; 57.74; 0.5;-; 76.2; 75.6; 31.0; 0.0; 31.0;2344; 0.5; 0.6; 0.6;26; 22.1;B;0;-;On;On;Off; 32.7; 32.3;0;3;2010;3;2010;3;1824;1;-
2026/05/10;11:07:36;-;-; 57.74; 0.6;-; 76.0; 75.6; 32.5; 8.5; 24.0;2344; 0.5; 0.6; 0.6;26; 22.1;B;0;-;On;On;Off; 32.8; 32.2;0;3;2010;3;2010;3;1824;1;-
2026/05/10;11:08:36;-;-; 57.74; 0.5;-; 76.1; 75.8; 28.6; 3.1; 25.6;2344; 0.5; 0.6; 0.6;26; 22.1;B;0;-;On;On;Off; 32.7; 32.3;0;3;2010;3;2010;3;1824;1;-
2026/05/10;11:09:36;-;-; 57.74; 0.6;-; 76.3; 75.6; 36.4; 0.0; 36.4;2344; 0.5; 0.6; 0.6;25; 22.1;B;0;-;On;On;Off; 32.8; 32.2;0;3;2010;3;2010;3;1824;1;-
2026/05/10;11:10:36;-;-; 57.74; 0.8;-; 76.4; 75.7; 43.4; 0.0; 43.4;2344; 0.5; 0.6; 0.6;25; 22.1;B;0;-;On;On;Off; 32.7; 32.2;0;3;2010;3;2010;3;1824;1;-
2026/05/10;11:11:35;-;-; 57.74; 0.5;-; 76.1; 75.8; 31.7; 27.1; 4.6;2344; 0.4; 0.6; 0.6;25; 22.1;B;0;-;On;On;Off; 32.7; 32.3;0;3;2010;3;2010;3;1824;1;-
2026/05/10;11:12:35;-;-; 57.74; 1.0;-; 75.7; 76.2; 60.4; 60.4; 0.0;2344; 0.4; 0.6; 0.6;25; 22.1;B;0;-;On;On;Off; 32.7; 32.3;0;3;2010;3;2010;3;1824;1;-
2026/05/10;11:13:35;-;-; 57.74; 0.5;-; 76.1; 75.6; 30.1; 5.4; 24.7;2344; 0.5; 0.6; 0.6;25; 22.1;B;0;-;On;On;Off; 32.7; 32.3;0;3;2010;3;2010;3;1824;1;-
2026/05/10;11:14:35;-;-; 57.74; 0.8;-; 75.9; 76.0; 44.1; 44.1; 0.0;2344; 0.5; 0.6; 0.6;25; 22.1;B;0;-;On;On;Off; 32.7; 32.3;0;3;2010;3;2010;3;1824;1;-
2026/05/10;11:15:35;-;-; 57.74; 0.5;-; 76.2; 75.7; 26.3; 5.4; 20.9;2344; 0.5; 0.6; 0.6;26; 22.1;B;0;-;On;On;Off; 32.7; 32.3;0;3;2010;3;2010;3;1824;1;-
2026/05/10;11:16:35;-;-; 57.72; 0.5;-; 76.0; 75.8; 28.6; 8.5; 20.1;2344; 0.5; 0.6; 0.6;25; 22.1;B;0;-;On;On;Off; 32.7; 32.3;0;3;2010;3;2010;3;1824;1;-
2026/05/10;11:17:35;-;-; 57.76; 1.0;-; 75.6; 76.1; 57.3; 57.3; 0.0;2344; 0.4; 0.6; 0.6;25; 22.1;B;0;-;On;On;Off; 32.7; 32.3;0;3;2010;3;2010;3;1824;1;-
2026/05/10;11:18:35;-;-; 57.72; 0.6;-; 76.3; 75.6; 34.1; 0.0; 34.1;2344; 0.5; 0.6; 0.6;25; 22.1;B;0;-;On;On;Off; 32.7; 32.2;0;3;2010;3;2010;3;1824;1;-
2026/05/10;11:19:35;-;-; 57.74; 0.6;-; 76.3; 75.9; 33.3; 19.4; 13.9;2344; 0.5; 0.6; 0.6;25; 22.1;B;0;-;On;On;Off; 32.8; 32.2;0;3;2010;3;2010;3;1824;1;-
2026/05/10;11:20:35;-;-; 57.76; 0.6;-; 76.3; 76.0; 35.6; 2.3; 33.3;2344; 0.4; 0.6; 0.6;25; 22.1;B;0;-;On;On;Off; 32.8; 32.3;0;3;2010;3;2010;3;1824;1;-
2026/05/10;11:21:35;-;-; 57.74; 0.6;-; 76.3; 75.8; 34.1; 11.6; 22.4;2344; 0.5; 0.6; 0.6;26; 22.1;B;0;-;On;On;Off; 32.8; 32.3;0;3;2010;3;2010;3;1824;1;-
2026/05/10;11:22:35;-;-; 57.74; 0.6;-; 76.1; 76.1; 36.4; 0.0; 36.4;2344; 0.5; 0.6; 0.6;26; 22.1;B;0;-;On;On;Off; 32.8; 32.3;0;3;2010;3;2010;3;1824;1;-
2026/05/10;11:23:35;-;-; 57.76; 0.6;-; 76.5; 75.9; 32.5; 0.0; 32.5;2344; 0.4; 0.6; 0.6;25; 22.1;B;0;-;On;On;Off; 32.8; 32.2;0;3;2010;3;2010;3;1824;1;-
2026/05/10;11:24:35;-;-; 57.76; 0.6;-; 76.4; 75.6; 37.2; 0.0; 37.2;2344; 0.4; 0.6; 0.6;25; 22.1;B;0;-;On;On;Off; 32.8; 32.2;0;3;2010;3;2010;3;1824;1;-
2026/05/10;11:25:35;-;-; 57.76; 0.6;-; 75.7; 76.4; 36.4; 32.5; 3.9;2344; 0.4; 0.6; 0.6;25; 22.1;B;0;-;On;On;Off; 32.8; 32.2;0;3;2010;3;2010;3;1824;1;-
2026/05/10;11:26:34;-;-; 57.74; 0.8;-; 75.7; 76.1; 48.8; 48.8; 0.0;2344; 0.4; 0.6; 0.6;24; 22.1;B;0;-;On;On;Off; 32.7; 32.3;0;3;2010;3;2010;3;1824;1;-
2026/05/10;11:27:34;-;-; 57.74; 0.5;-; 75.5; 75.9; 30.2; 30.2; 0.0;2344; 0.4; 0.6; 0.6;25; 22.1;B;0;-;On;On;Off; 32.7; 32.3;0;3;2010;3;2010;4;1825;1;-
2026/05/10;11:28:34;-;-; 57.74; 1.1;-; 75.4; 76.1; 61.2; 61.2; 0.0;2344; 0.5; 0.6; 0.6;25; 22.1;B;0;-;On;On;Off; 32.7; 32.3;0;3;2010;3;2010;4;1825;1;-
2026/05/10;11:29:34;-;-; 57.74; 0.6;-; 75.6; 76.1; 34.1; 24.0; 10.1;2344; 0.5; 0.6; 0.6;25; 22.1;B;0;-;On;On;Off; 32.7; 32.3;0;3;2010;3;2010;4;1825;1;-
2026/05/10;11:30:34;-;-; 57.74; 0.6;-; 75.8; 75.7; 34.9; 11.6; 23.3;2344; 0.5; 0.6; 0.6;25; 22.1;B;0;-;On;On;Off; 32.7; 32.3;0;3;2010;3;2010;4;1825;1;-
2026/05/10;11:31:34;-;-; 57.74; 0.9;-; 75.3; 76.1; 53.4; 53.4; 0.0;2344; 0.5; 0.6; 0.6;26; 22.1;B;0;-;On;On;Off; 32.7; 32.3;0;3;2010;3;2010;4;1825;1;-
2026/05/10;11:32:34;-;-; 57.76; 0.7;-; 75.6; 75.6; 38.8; 38.8; 0.0;2344; 0.4; 0.6; 0.6;25; 22.1;B;0;-;On;On;Off; 32.7; 32.3;0;3;2010;3;2010;4;1825;1;-
2026/05/10;11:33:34;-;-; 57.74; 0.3;-; 75.7; 75.6; 15.5; 15.5; 0.0;2344; 0.5; 0.6; 0.6;25; 22.1;B;0;-;On;On;Off; 32.7; 31.2;0;3;2010;3;2010;4;1825;1;-
2026/05/10;11:34:34;-;-; 57.74; 0.3;-; 75.7; 75.7; 15.4; 14.7; 0.8;2344; 0.3; 0.5; 0.5;19; 22.1;B;0;-;On;On;Off; 32.4; 30.0;0;3;2010;3;2010;4;1825;1;-
2026/05/10;11:35:34;-;-; 57.74; 0.7;-; 76.1; 75.2; 39.5; 0.0; 39.5;2344; 0.2; 0.3; 0.3;12; 22.1;B;0;-;On;On;Off; 32.3; 31.5;0;3;2010;3;2010;4;1825;1;-
2026/05/10;11:36:34;-;-; 57.74; 0.5;-; 75.6; 75.7; 31.7; 9.3; 22.4;2344; 0.4; 0.5; 0.5;22; 22.1;B;0;-;On;On;Off; 32.5; 31.9;0;3;2010;3;2010;4;1825;1;-
2026/05/10;11:37:34;-;-; 57.74; 0.6;-; 75.6; 75.5; 33.2; 32.5; 0.8;2344; 0.4; 0.6; 0.6;25; 22.1;B;0;-;On;On;Off; 32.5; 32.0;0;3;2010;3;2010;4;1825;1;-
2026/05/10;11:38:34;-;-; 57.74; 0.6;-; 75.8; 75.2; 37.2; 3.9; 33.3;2344; 0.4; 0.6; 0.6;24; 22.1;B;0;-;On;On;Off; 32.5; 32.0;0;3;2010;3;2010;4;1825;1;-
2026/05/10;11:39:34;-;-; 57.74; 0.6;-; 75.8; 75.4; 36.4; 0.0; 36.4;2344; 0.4; 0.6; 0.6;24; 22.1;B;0;-;On;On;Off; 32.6; 32.0;0;3;2010;3;2010;4;1825;1;-
2026/05/10;11:40:34;-;-; 57.74; 0.5;-; 75.4; 75.6; 31.7; 20.1; 11.6;2344; 0.4; 0.6; 0.6;25; 22.1;B;0;-;On;On;Off; 32.6; 32.0;0;3;2010;3;2010;4;1825;1;-
2026/05/10;11:41:33;-;-; 57.74; 0.6;-; 75.4; 75.6; 36.4; 18.6; 17.8;2344; 0.5; 0.6; 0.6;25; 22.1;B;0;-;On;On;Off; 32.6; 32.0;0;3;2010;3;2010;4;1825;1;-
2026/05/10;11:42:33;-;-; 57.74; 0.8;-; 75.5; 75.1; 43.4; 0.0; 43.4;2344; 0.5; 0.6; 0.6;25; 22.1;B;0;-;On;On;Off; 32.6; 32.0;0;4;2011;4;2011;4;1825;1;-
2026/05/10;11:43:33;-;-; 57.72; 0.6;-; 75.6; 75.2; 34.1; 0.0; 34.1;2344; 0.5; 0.6; 0.6;25; 22.1;B;0;-;On;On;Off; 32.6; 32.1;0;4;2011;4;2011;4;1825;1;-
2026/05/10;11:44:33;-;-; 57.72; 0.5;-; 75.3; 75.4; 30.9; 18.6; 12.4;2344; 0.5; 0.6; 0.6;25; 22.1;B;0;-;On;On;Off; 32.6; 32.0;0;4;2011;4;2011;4;1825;1;-
2026/05/10;11:45:33;-;-; 57.74; 0.7;-; 75.8; 75.3; 39.5; 0.0; 39.5;2344; 0.4; 0.6; 0.6;25; 22.1;B;0;-;On;On;Off; 32.6; 32.1;0;4;2011;4;2011;4;1825;1;-
2026/05/10;11:46:33;-;-; 57.74; 0.5;-; 75.6; 75.2; 28.6; 0.0; 28.6;2344; 0.4; 0.6; 0.6;25; 22.1;B;0;-;On;On;Off; 32.6; 32.1;0;4;2011;4;2011;4;1825;1;-
2026/05/10;11:47:33;-;-; 57.74; 0.7;-; 75.7; 75.2; 37.9; 1.5; 36.4;2344; 0.4; 0.6; 0.6;25; 22.1;B;0;-;On;On;Off; 32.6; 32.1;0;4;2011;4;2011;4;1825;1;-
2026/05/10;11:48:33;-;-; 57.72; 0.7;-; 75.3; 75.8; 40.2; 40.2; 0.0;2344; 0.4; 0.6; 0.6;25; 22.1;B;0;-;On;On;Off; 32.6; 32.1;0;4;2011;4;2011;4;1825;1;-
2026/05/10;11:49:33;-;-; 57.74; 0.8;-; 75.9; 75.3; 47.3; 0.0; 47.3;2344; 0.5; 0.6; 0.6;25; 22.1;B;0;-;On;On;Off; 32.7; 32.1;0;4;2011;4;2011;4;1825;1;-
2026/05/10;11:50:33;-;-; 57.76; 0.6;-; 75.4; 75.8; 35.6; 35.6; 0.0;2344; 0.5; 0.6; 0.6;25; 22.1;B;0;-;On;On;Off; 32.7; 32.1;0;4;2011;4;2011;4;1825;1;-
2026/05/10;11:51:33;-;-; 57.76; 0.6;-; 75.5; 75.7; 33.3; 17.0; 16.3;2344; 0.5; 0.6; 0.6;26; 22.1;B;0;-;On;On;Off; 32.7; 32.1;0;4;2011;4;2011;4;1825;1;-
2026/05/10;11:52:33;-;-; 57.74; 0.6;-; 76.0; 75.3; 32.5; 0.0; 32.5;2344; 0.5; 0.6; 0.6;26; 22.1;B;0;-;On;On;Off; 32.7; 32.2;0;4;2011;4;2011;4;1825;1;-
2026/05/10;11:53:33;-;-; 57.74; 0.8;-; 75.9; 75.4; 44.1; 0.0; 44.1;2344; 0.5; 0.6; 0.6;26; 22.1;B;0;-;On;On;Off; 32.7; 32.2;0;4;2011;4;2011;4;1825;1;-
2026/05/10;11:54:33;-;-; 57.74; 0.8;-; 75.5; 75.2; 44.9; 0.0; 44.9;2344; 0.5; 0.6; 0.6;25; 22.1;B;0;-;On;On;Off; 32.7; 32.2;0;4;2011;4;2011;4;1825;1;-
2026/05/10;11:55:33;-;-; 57.72; 0.5;-; 75.4; 75.2; 31.8; 2.3; 29.4;2344; 0.4; 0.6; 0.6;24; 22.1;B;0;-;On;On;Off; 32.7; 32.1;0;4;2011;4;2011;4;1825;1;-
2026/05/10;11:56:32;-;-; 56.10; 1.0;-; 73.3; 74.3; 53.4; 52.7; 0.7;2344; 0.5; 0.6; 0.6;25; 22.1;B;0;-;On;On;Off; 32.7; 32.0;0;4;2011;4;2011;4;1825;1;-
2026/05/10;11:57:32;-;-; 57.09; 0.0;-; 75.7; 75.4; 0.7; 0.0; 0.7;2344; 0.4; 0.5; 0.5;22; 22.1;B;0;-;On;On;Off; 32.6; 31.4;0;4;2011;4;2011;4;1825;1;-
2026/05/10;11:58:32;-;-; 57.70; 0.6;-; 75.6; 75.2; 33.3; 0.0; 33.3;2344; 0.4; 0.5; 0.5;20; 22.1;B;0;-;On;On;Off; 32.5; 31.4;0;4;2011;4;2011;4;1825;1;-
2026/05/10;11:59:32;-;-; 57.70; 0.7;-; 75.3; 75.1; 38.7; 14.7; 24.0;2344; 0.3; 0.5; 0.5;19; 22.1;B;0;-;On;On;Off; 32.4; 31.1;0;4;2011;4;2011;4;1825;1;-
2026/05/10;12:00:32;-;-; 57.11; 0.0;-; 75.7; 75.4; 0.0; 0.0; 0.0;2344; 0.4; 0.5; 0.5;20; 22.1;B;0;-;On;On;Off; 32.5; 31.9;0;4;2011;4;2011;4;1825;1;-
2026/05/10;12:01:32;-;-; 57.17; 2.0;-; 75.6; 74.5; 114.3; 0.0; 114.3;2344; 0.4; 0.5; 0.5;24; 22.1;B;0;-;On;On;Off; 32.4; 31.7;0;4;2011;4;2011;4;1825;1;-
2026/05/10;12:02:32;-;-; 57.45; 0.4;-; 75.5; 75.8; 22.3; 22.3; 0.0;2344; 0.4; 0.5; 0.5;19; 22.1;B;0;-;On;On;Off; 32.4; 31.1;0;4;2011;4;2011;4;1825;1;-
2026/05/10;12:03:32;-;-; 57.72; 0.6;-; 75.3; 75.6; 34.9; 34.9; 0.0;2344; 0.4; 0.5; 0.5;22; 22.1;B;0;-;On;On;Off; 32.4; 31.0;0;4;2011;4;2011;4;1825;1;-
2026/05/10;12:04:32;-;-; 57.72; 0.8;-; 75.6; 75.2; 44.1; 10.8; 33.3;2344; 0.3; 0.5; 0.5;18; 22.1;B;0;-;On;On;Off; 32.3; 31.4;0;4;2011;4;2011;4;1825;1;-
2026/05/10;12:05:32;-;-; 57.37; 1.0;-; 75.5; 74.7; 58.5; 0.0; 58.5;2344; 0.4; 0.5; 0.5;24; 22.1;B;0;-;On;On;Off; 32.4; 31.8;0;4;2011;4;2011;4;1825;1;-
2026/05/10;12:06:32;-;-; 57.15; 2.5;-; 75.8; 74.2; 144.2; 0.0; 144.2;2344; 0.4; 0.6; 0.6;24; 22.1;B;0;-;On;On;Off; 32.4; 31.8;0;4;2011;4;2011;4;1825;1;-
2026/05/10;12:07:32;-;-; 57.74; 0.5;-; 75.7; 75.3; 31.7; 22.4; 9.3;2344; 0.4; 0.6; 0.6;24; 22.1;B;0;-;On;On;Off; 32.3; 31.4;0;4;2011;4;2011;4;1825;1;-
2026/05/10;12:08:32;-;-; 57.39; 0.0;-; 75.6; 75.5; 0.0; 0.0; 0.0;2344; 0.4; 0.5; 0.5;22; 22.1;B;0;-;On;On;Off; 32.3; 31.2;0;4;2011;4;2011;4;1825;1;-
2026/05/10;12:09:32;-;-; 57.09; 0.0;-; 75.6; 75.4; 0.0; 0.0; 0.0;2344; 0.3; 0.5; 0.5;19; 22.1;B;0;-;On;On;Off; 32.3; 31.4;0;4;2011;4;2011;4;1825;1;-
2026/05/10;12:10:32;-;-; 57.70; 0.3;-; 75.3; 75.1; 17.0; 3.9; 13.1;2344; 0.4; 0.5; 0.5;23; 22.1;B;0;-;On;On;Off; 32.4; 31.8;0;4;2011;4;2011;4;1825;1;-
2026/05/10;12:11:31;-;-; 57.43; 1.0;-; 75.2; 74.7; 57.8; 0.0; 57.8;2344; 0.4; 0.6; 0.6;24; 22.1;B;0;-;On;On;Off; 32.4; 31.9;0;4;2011;4;2011;4;1825;1;-
2026/05/10;12:12:31;-;-; 57.35; 0.6;-; 75.1; 74.9; 34.6; 9.2; 25.4;2344; 0.4; 0.6; 0.6;24; 22.1;B;0;-;On;On;Off; 32.4; 31.8;0;4;2011;4;2011;4;1825;1;-
2026/05/10;12:13:31;-;-; 57.54; 0.1;-; 75.2; 75.1; 3.9; 3.9; 0.0;2344; 0.4; 0.6; 0.6;23; 22.1;B;0;-;On;On;Off; 32.5; 31.9;0;4;2011;4;2011;4;1825;1;-
2026/05/10;12:14:31;-;-; 57.41; 0.3;-; 75.4; 75.0; 16.2; 0.0; 16.2;2344; 0.5; 0.6; 0.6;25; 22.1;B;0;-;On;On;Off; 32.5; 31.9;0;4;2011;4;2011;4;1825;1;-
2026/05/10;12:15:31;-;-; 57.31; 1.2;-; 75.0; 74.6; 69.9; 6.9; 63.0;2344; 0.4; 0.6; 0.6;24; 22.1;B;0;-;On;On;Off; 32.5; 31.8;0;4;2011;4;2011;4;1825;1;-
2026/05/10;12:16:31;-;-; 57.45; 0.5;-; 74.9; 74.8; 28.5; 6.9; 21.6;2344; 0.4; 0.6; 0.6;25; 22.1;B;0;-;On;On;Off; 32.5; 31.8;0;4;2011;4;2011;4;1825;1;-
2026/05/10;12:17:31;-;-; 57.37; 0.4;-; 75.2; 74.7; 21.5; 0.0; 21.5;2344; 0.4; 0.6; 0.6;23; 22.1;B;0;-;On;On;Off; 32.5; 31.9;0;4;2011;4;2011;4;1825;1;-
2026/05/10;12:18:31;-;-; 56.89; 0.1;-; 74.9; 74.7; 6.1; 6.1; 0.0;2344; 0.4; 0.6; 0.6;23; 22.1;B;0;-;On;On;Off; 32.5; 31.9;0;4;2011;4;2011;4;1825;1;-
2026/05/10;12:19:31;-;-; 57.45; 0.6;-; 75.0; 74.7; 33.9; 18.5; 15.4;2344; 0.5; 0.6; 0.6;25; 22.1;B;0;-;On;On;Off; 32.5; 31.9;0;4;2011;4;2011;4;1825;1;-
2026/05/10;12:20:31;-;-; 57.43; 0.9;-; 74.8; 74.9; 53.9; 28.5; 25.4;2344; 0.4; 0.6; 0.6;24; 22.1;B;0;-;On;On;Off; 32.5; 31.9;0;4;2011;4;2011;4;1825;1;-
2026/05/10;12:21:31;-;-; 57.52; 0.5;-; 75.0; 74.8; 27.8; 10.0; 17.7;2344; 0.4; 0.6; 0.6;24; 22.1;B;0;-;On;On;Off; 32.5; 31.9;0;4;2011;4;2011;4;1825;1;-
2026/05/10;12:22:31;-;-; 57.33; 0.4;-; 75.1; 74.8; 21.5; 0.0; 21.5;2344; 0.4; 0.6; 0.6;24; 22.1;B;0;-;On;On;Off; 32.5; 31.8;0;4;2011;4;2011;4;1825;1;-
2026/05/10;12:23:31;-;-; 57.47; 0.7;-; 74.9; 74.7; 40.9; 13.9; 27.0;2344; 0.4; 0.5; 0.5;21; 22.1;B;0;-;On;On;Off; 32.5; 31.9;0;4;2011;4;2011;4;1825;1;-
2026/05/10;12:24:31;-;-; 57.37; 0.4;-; 75.2; 74.8; 20.7; 0.0; 20.7;2344; 0.5; 0.6; 0.6;27; 22.1;B;0;-;On;On;Off; 32.5; 31.8;0;4;2011;4;2011;4;1825;1;-
2026/05/10;12:25:31;-;-; 57.41; 0.5;-; 74.9; 74.7; 31.6; 12.3; 19.3;2344; 0.4; 0.6; 0.6;23; 22.1;B;0;-;On;On;Off; 32.5; 32.0;0;4;2011;4;2011;4;1825;1;-
2026/05/10;12:26:30;-;-; 57.35; 1.1;-; 74.8; 74.6; 61.6; 19.2; 42.3;2344; 0.4; 0.6; 0.6;24; 22.1;B;0;-;On;On;Off; 32.5; 32.0;0;4;2011;4;2011;4;1825;1;-
2026/05/10;12:27:30;-;-; 57.54; 0.7;-; 74.9; 74.7; 41.7; 0.0; 41.7;2344; 0.4; 0.5; 0.5;23; 22.1;B;0;-;On;On;Off; 32.6; 32.0;0;4;2011;4;2011;4;1825;1;-
2026/05/10;12:28:30;-;-; 57.31; 0.4;-; 74.8; 74.7; 23.0; 4.6; 18.4;2344; 0.4; 0.6; 0.6;24; 22.1;B;0;-;On;On;Off; 32.6; 32.0;0;4;2011;4;2011;4;1825;1;-
2026/05/10;12:29:30;-;-; 57.07; 1.1;-; 74.5; 74.4; 63.5; 12.2; 51.3;2344; 0.4; 0.6; 0.6;23; 22.1;B;0;-;On;On;Off; 32.5; 31.9;0;4;2011;4;2011;4;1825;1;-
2026/05/10;12:30:30;-;-; 57.27; 0.1;-; 74.7; 74.8; 6.1; 6.1; 0.0;2344; 0.4; 0.6; 0.6;22; 22.1;B;0;-;On;On;Off; 32.6; 32.0;0;4;2011;4;2011;4;1825;1;-
2026/05/10;12:31:30;-;-; 57.43; 0.7;-; 74.7; 74.6; 40.8; 0.0; 40.8;2344; 0.5; 0.6; 0.6;25; 22.1;B;0;-;On;On;Off; 32.6; 32.0;0;4;2011;4;2011;4;1825;1;-
2026/05/10;12:32:30;-;-; 57.35; 0.6;-; 74.8; 74.6; 33.1; 2.3; 30.8;2344; 0.4; 0.6; 0.6;24; 22.1;B;0;-;On;On;Off; 32.6; 32.0;0;4;2011;4;2011;4;1825;1;-
2026/05/10;12:33:30;-;-; 57.29; 1.2;-; 74.8; 74.7; 68.4; 21.5; 46.9;2344; 0.4; 0.6; 0.6;23; 22.1;B;0;-;On;On;Off; 32.6; 31.9;0;4;2011;4;2011;4;1825;1;-
2026/05/10;12:34:30;-;-; 57.31; 0.3;-; 74.8; 75.1; 17.7; 17.7; 0.0;2344; 0.4; 0.6; 0.6;23; 22.1;B;0;-;On;On;Off; 32.5; 31.7;0;4;2011;4;2011;4;1825;1;-
2026/05/10;12:35:30;-;-; 56.66; 0.0;-; 75.1; 74.7; 0.0; 0.0; 0.0;2344; 0.4; 0.5; 0.5;20; 22.1;B;0;-;On;On;Off; 32.6; 32.0;0;4;2011;4;2011;4;1825;1;-
2026/05/10;12:36:30;-;-; 57.25; 0.5;-; 74.7; 74.7; 28.4; 15.4; 13.0;2344; 0.4; 0.6; 0.6;25; 22.1;B;0;-;On;On;Off; 32.6; 32.0;0;4;2011;4;2011;4;1825;1;-
2026/05/10;12:37:30;-;-; 57.15; 1.1;-; 74.5; 74.3; 62.9; 26.0; 36.8;2344; 0.4; 0.6; 0.6;23; 22.1;B;0;-;On;On;Off; 32.6; 32.0;0;4;2011;4;2011;4;1825;1;-
2026/05/10;12:38:30;-;-; 56.30; 0.0;-; 74.8; 74.5; 0.0; 0.0; 0.0;2344; 0.4; 0.6; 0.6;23; 22.1;B;0;-;On;On;Off; 32.6; 32.0;0;4;2011;4;2011;4;1825;1;-
2026/05/10;12:39:30;-;-; 57.27; 0.8;-; 74.6; 74.7; 46.1; 46.1; 0.0;2344; 0.4; 0.6; 0.6;22; 22.1;B;0;-;On;On;Off; 32.5; 32.0;0;4;2011;4;2011;4;1825;1;-
2026/05/10;12:40:30;-;-; 57.09; 0.0;-; 74.8; 74.7; 0.0; 0.0; 0.0;2344; 0.4; 0.6; 0.6;24; 22.1;B;0;-;On;On;Off; 32.6; 32.0;0;4;2011;4;2011;4;1825;1;-
2026/05/10;12:41:29;-;-; 56.83; 0.6;-; 74.7; 74.5; 32.0; 21.3; 10.6;2344; 0.4; 0.6; 0.6;22; 22.1;B;0;-;On;On;Off; 32.6; 32.0;0;4;2011;4;2011;4;1825;1;-
2026/05/10;12:42:29;-;-; 57.29; 0.8;-; 74.5; 74.7; 48.4; 48.4; 0.0;2344; 0.4; 0.6; 0.6;23; 22.1;B;0;-;On;On;Off; 32.5; 32.0;0;4;2011;4;2011;4;1825;1;-
2026/05/10;12:43:29;-;-; 56.89; 1.1;-; 74.2; 74.4; 60.3; 54.2; 6.1;2344; 0.4; 0.6; 0.6;24; 22.1;B;0;-;On;On;Off; 32.6; 32.1;0;4;2011;4;2011;4;1825;1;-
2026/05/10;12:44:29;-;-; 57.03; 1.2;-; 74.5; 74.1; 71.1; 35.2; 35.9;2344; 0.4; 0.6; 0.6;23; 22.1;B;0;-;On;On;Off; 32.6; 32.0;0;4;2011;4;2011;4;1825;1;-
2026/05/10;12:45:29;-;-; 56.95; 0.6;-; 74.3; 74.2; 35.1; 20.6; 14.5;2344; 0.4; 0.5; 0.5;22; 22.1;B;0;-;On;On;Off; 32.6; 32.0;0;4;2011;4;2011;4;1825;1;-
2026/05/10;12:46:29;-;-; 56.85; 1.4;-; 74.2; 73.9; 82.4; 36.6; 45.8;2344; 0.4; 0.6; 0.6;22; 22.1;B;0;-;On;On;Off; 32.5; 31.9;0;4;2011;4;2011;4;1825;1;-
2026/05/10;12:47:29;-;-; 56.56; 0.0;-; 74.8; 74.3; 2.3; 0.0; 2.3;2344; 0.4; 0.6; 0.6;23; 22.1;B;0;-;On;On;Off; 32.6; 32.1;0;4;2011;4;2011;4;1825;1;-
2026/05/10;12:48:29;-;-; 56.66; 0.0;-; 74.7; 74.5; 0.0; 0.0; 0.0;2344; 0.4; 0.6; 0.6;24; 22.1;B;0;-;On;On;Off; 32.6; 32.0;0;4;2011;4;2011;4;1825;1;-
2026/05/10;12:49:29;-;-; 57.07; 0.9;-; 74.4; 73.8; 49.0; 0.0; 49.0;2344; 0.4; 0.5; 0.5;22; 22.1;B;0;-;On;On;Off; 32.5; 32.0;0;4;2011;4;2011;4;1825;1;-
2026/05/10;12:50:29;-;-; 56.70; 0.8;-; 74.1; 73.8; 44.1; 15.2; 28.9;2344; 0.4; 0.6; 0.6;23; 22.1;B;0;-;On;On;Off; 32.6; 32.0;0;4;2011;4;2011;4;1825;1;-
2026/05/10;12:51:29;-;-; 56.83; 0.7;-; 74.3; 73.9; 41.9; 17.5; 24.4;2344; 0.4; 0.6; 0.6;23; 22.1;B;0;-;On;On;Off; 32.6; 32.0;0;4;2011;4;2011;4;1825;1;-
2026/05/10;12:52:29;-;-; 56.62; 0.4;-; 74.7; 73.9; 21.3; 0.0; 21.3;2344; 0.4; 0.5; 0.5;23; 22.1;B;0;-;On;On;Off; 32.6; 32.0;0;4;2011;4;2011;4;1825;1;-
2026/05/10;12:53:29;-;-; 56.74; 0.6;-; 74.2; 73.9; 31.9; 18.2; 13.7;2344; 0.4; 0.6; 0.6;23; 22.1;B;0;-;On;On;Off; 32.5; 31.9;0;4;2011;4;2011;4;1825;1;-
2026/05/10;12:54:29;-;-; 56.66; 0.2;-; 74.0; 74.0; 13.6; 8.3; 5.3;2344; 0.4; 0.5; 0.5;22; 22.1;B;0;-;On;On;Off; 32.5; 31.9;0;4;2011;4;2011;4;1825;1;-
2026/05/10;12:55:28;-;-; 56.97; 0.5;-; 74.4; 74.2; 29.8; 22.9; 6.8;2344; 0.4; 0.5; 0.5;21; 22.1;B;0;-;On;On;Off; 32.5; 32.0;0;4;2011;4;2011;4;1825;1;-
2026/05/10;12:56:28;-;-; 56.72; 1.8;-; 73.9; 74.4; 99.7; 99.7; 0.0;2344; 0.5; 0.6; 0.6;25; 22.1;B;0;-;On;On;Off; 32.5; 32.0;0;4;2011;4;2011;4;1825;1;-
2026/05/10;12:57:28;-;-; 57.45; 0.3;-; 75.0; 74.6; 18.5; 8.5; 10.0;2344; 0.4; 0.6; 0.6;24; 22.1;B;0;-;On;On;Off; 32.6; 32.0;0;4;2011;4;2011;4;1825;1;-
2026/05/10;12:58:28;-;-; 57.27; 1.0;-; 74.6; 74.5; 59.9; 34.6; 25.4;2344; 0.4; 0.6; 0.6;23; 22.1;B;0;-;On;On;Off; 32.6; 32.0;0;4;2011;4;2011;4;1825;1;-
2026/05/10;12:59:28;-;-; 56.77; 1.5;-; 74.0; 73.9; 86.1; 32.7; 53.3;2344; 0.4; 0.6; 0.6;23; 22.1;B;0;-;On;On;Off; 32.5; 31.8;0;4;2011;4;2011;4;1825;1;-
2026/05/10;13:00:28;-;-; 57.05; 0.6;-; 74.9; 74.4; 33.6; 0.0; 33.6;2344; 0.4; 0.5; 0.5;23; 22.1;B;0;-;On;On;Off; 32.5; 31.7;0;4;2011;4;2011;4;1825;1;-
2026/05/10;13:01:28;-;-; 57.50; 1.5;-; 74.9; 74.1; 87.2; 0.0; 87.2;2344; 0.4; 0.5; 0.5;24; 22.1;B;0;-;On;On;Off; 32.5; 31.9;0;4;2011;4;2011;4;1825;1;-
2026/05/10;13:02:28;-;-; 56.95; 0.5;-; 74.5; 74.2; 29.0; 6.1; 22.9;2344; 0.4; 0.5; 0.5;23; 22.1;B;0;-;On;On;Off; 32.5; 31.8;0;4;2011;4;2011;4;1825;1;-
2026/05/10;13:03:28;-;-; 57.54; 0.5;-; 75.1; 74.9; 29.3; 7.7; 21.6;2344; 0.4; 0.5; 0.5;22; 22.1;B;0;-;On;On;Off; 32.5; 31.8;0;4;2011;4;2011;4;1825;1;-
2026/05/10;13:04:28;-;-; 56.02; 1.8;-; 73.6; 72.7; 99.9; 5.2; 94.7;2344; 0.5; 0.6; 0.6;25; 22.1;B;0;-;On;On;Off; 32.5; 31.8;0;4;2011;4;2011;4;1825;1;-
2026/05/10;13:05:28;-;-; 56.93; 1.4;-; 74.2; 74.0; 80.2; 33.6; 46.6;2344; 0.4; 0.5; 0.5;19; 22.1;B;0;-;On;On;Off; 32.5; 32.0;0;4;2011;4;2011;4;1825;1;-
2026/05/10;13:06:28;-;-; 56.97; 0.6;-; 74.3; 74.2; 32.8; 4.6; 28.2;2344; 0.5; 0.6; 0.6;26; 22.1;B;0;-;On;On;Off; 32.6; 31.9;0;4;2011;4;2011;4;1825;1;-
2026/05/10;13:07:28;-;-; 56.24; 0.0;-; 74.7; 74.4; 0.0; 0.0; 0.0;2344; 0.4; 0.6; 0.6;23; 22.1;B;0;-;On;On;Off; 32.6; 32.0;0;4;2011;4;2011;4;1825;1;-
2026/05/10;13:08:28;-;-; 56.74; 0.5;-; 74.3; 74.9; 31.2; 31.2; 0.0;2344; 0.4; 0.6; 0.6;23; 22.1;B;0;-;On;On;Off; 32.5; 31.9;0;4;2011;4;2011;4;1825;1;-
2026/05/10;13:09:28;-;-; 57.64; 1.0;-; 75.1; 74.7; 58.0; 0.0; 58.0;2344; 0.4; 0.5; 0.5;24; 22.1;B;0;-;On;On;Off; 32.6; 32.0;0;4;2011;4;2011;4;1825;1;-
2026/05/10;13:10:27;-;-; 57.11; 0.6;-; 74.5; 74.9; 32.1; 32.1; 0.0;2344; 0.4; 0.6; 0.6;24; 22.1;B;0;-;On;On;Off; 32.6; 32.1;0;4;2011;4;2011;4;1825;1;-
2026/05/10;13:11:27;-;-; 57.49; 0.8;-; 74.9; 74.5; 46.3; 0.0; 46.3;2344; 0.5; 0.6; 0.6;26; 22.1;B;0;-;On;On;Off; 32.6; 32.1;0;4;2011;4;2011;4;1825;1;-
2026/05/10;13:12:27;-;-; 56.95; 2.0;-; 75.1; 74.1; 111.6; 0.0; 111.6;2344; 0.4; 0.6; 0.6;23; 22.1;B;0;-;On;On;Off; 32.6; 32.1;0;4;2011;4;2011;4;1825;1;-
2026/05/10;13:13:27;-;-; 57.47; 0.0;-; 75.2; 75.4; 1.5; 1.5; 0.0;2344; 0.4; 0.6; 0.6;23; 22.1;B;0;-;On;On;Off; 32.6; 32.0;0;4;2011;4;2011;4;1825;1;-
2026/05/10;13:14:27;-;-; 57.19; 0.2;-; 74.8; 75.1; 10.7; 10.7; 0.0;2344; 0.4; 0.6; 0.6;23; 22.1;B;0;-;On;On;Off; 32.6; 32.0;0;4;2011;4;2011;4;1825;1;-
2026/05/10;13:15:27;-;-; 57.07; 1.1;-; 74.7; 74.4; 62.0; 4.6; 57.5;2344; 0.4; 0.6; 0.6;24; 22.1;B;0;-;On;On;Off; 32.6; 32.0;0;4;2011;4;2011;4;1825;1;-
2026/05/10;13:16:27;-;-; 57.29; 0.3;-; 74.8; 74.7; 14.6; 0.7; 13.8;2344; 0.4; 0.6; 0.6;24; 22.1;B;0;-;On;On;Off; 32.6; 32.0;0;4;2011;4;2011;5;1826;1;-
2026/05/10;13:17:27;-;-; 57.27; 0.6;-; 74.7; 74.5; 35.3; 0.0; 35.3;2344; 0.4; 0.6; 0.6;23; 22.1;B;0;-;On;On;Off; 32.6; 32.1;0;4;2011;4;2011;5;1826;1;-
2026/05/10;13:18:27;-;-; 57.23; 0.4;-; 75.2; 74.7; 22.2; 0.0; 22.2;2344; 0.4; 0.6; 0.6;24; 22.0;B;0;-;On;On;Off; 32.6; 32.1;0;4;2011;4;2011;5;1826;1;-
2026/05/10;13:19:27;-;-; 57.64; 0.7;-; 75.1; 74.9; 38.7; 0.0; 38.7;2344; 0.4; 0.6; 0.6;24; 22.0;B;0;-;On;On;Off; 32.7; 32.1;0;4;2011;4;2011;5;1826;1;-
2026/05/10;13:20:27;-;-; 57.56; 0.6;-; 75.0; 74.9; 36.3; 8.5; 27.8;2344; 0.4; 0.6; 0.6;23; 22.1;B;0;-;On;On;Off; 32.7; 32.1;0;4;2011;4;2011;5;1826;1;-
2026/05/10;13:21:27;-;-; 57.70; 1.1;-; 75.2; 74.8; 62.7; 17.0; 45.7;2344; 0.5; 0.6; 0.6;25; 22.0;B;0;-;On;On;Off; 32.7; 32.1;0;4;2011;4;2011;5;1826;1;-
2026/05/10;13:22:27;-;-; 57.49; 0.5;-; 75.6; 75.2; 29.3; 0.0; 29.3;2344; 0.4; 0.6; 0.6;22; 22.1;B;0;-;On;On;Off; 32.7; 31.9;0;4;2011;4;2011;5;1826;1;-
2026/05/10;13:23:27;-;-; 57.70; 0.3;-; 75.8; 75.5; 16.2; 0.0; 16.2;2344; 0.4; 0.6; 0.6;24; 22.0;B;0;-;On;On;Off; 32.6; 31.5;0;4;2011;4;2011;5;1826;1;-
2026/05/10;13:24:27;-;-; 57.74; 0.5;-; 75.3; 75.6; 28.6; 10.1; 18.6;2344; 0.3; 0.5; 0.5;19; 22.1;B;0;-;On;On;Off; 32.4; 31.6;0;4;2011;4;2011;5;1826;1;-
2026/05/10;13:25:26;-;-; 57.76; 0.6;-; 75.6; 75.5; 32.5; 11.6; 20.9;2344; 0.4; 0.5; 0.5;21; 22.0;B;0;-;On;On;Off; 32.4; 31.6;0;4;2011;4;2011;5;1826;1;-
2026/05/10;13:26:26;-;-; 57.74; 0.6;-; 75.7; 75.5; 34.1; 22.4; 11.6;2344; 0.4; 0.5; 0.5;21; 22.0;B;0;-;On;On;Off; 32.5; 31.7;0;4;2011;4;2011;5;1826;1;-
2026/05/10;13:27:26;-;-; 57.74; 0.6;-; 75.7; 75.8; 37.2; 37.2; 0.0;2344; 0.4; 0.5; 0.5;23; 22.0;B;0;-;On;On;Off; 32.5; 32.0;0;4;2011;4;2011;5;1826;1;-
2026/05/10;13:28:26;-;-; 57.74; 0.8;-; 77.1; 77.5; 44.9; 44.9; 0.0;2344; 0.5; 0.6; 0.6;25; 22.0;B;0;-;On;On;Off; 32.6; 32.1;0;4;2011;4;2011;5;1826;1;-
2026/05/10;13:29:26;-;-; 57.74; 0.4;-; 77.1; 76.8; 25.5; 1.5; 24.0;2344; 0.4; 0.6; 0.6;25; 22.0;B;0;-;On;On;Off; 32.6; 32.1;0;4;2011;4;2011;5;1826;1;-
2026/05/10;13:30:26;-;-; 57.74; 0.6;-; 75.9; 75.7; 32.5; 32.5; 0.0;2344; 0.4; 0.6; 0.6;24; 22.0;B;0;-;On;On;Off; 32.6; 32.1;0;5;2012;5;2012;5;1826;1;-
2026/05/10;13:31:26;-;-; 56.93; 0.7;-; 74.8; 74.7; 37.4; 0.0; 37.4;2344; 0.5; 0.6; 0.6;25; 22.0;B;0;-;On;On;Off; 32.6; 32.0;0;5;2012;5;2012;5;1826;1;-
2026/05/10;13:32:26;-;-; 56.66; 0.4;-; 74.6; 73.8; 22.0; 0.0; 22.0;2344; 0.4; 0.5; 0.5;21; 22.0;B;0;-;On;On;Off; 32.6; 32.1;0;5;2012;5;2012;5;1826;1;-
2026/05/10;13:33:26;-;-; 56.93; 0.5;-; 74.7; 74.0; 26.7; 0.0; 26.7;2344; 0.4; 0.6; 0.6;23; 22.0;B;0;-;On;On;Off; 32.6; 32.0;0;5;2012;5;2012;5;1826;1;-
2026/05/10;13:34:26;-;-; 57.39; 0.6;-; 74.7; 74.6; 37.0; 11.6; 25.4;2344; 0.4; 0.6; 0.6;23; 22.0;B;0;-;On;On;Off; 32.5; 32.1;0;5;2012;5;2012;5;1826;1;-
2026/05/10;13:35:26;-;-; 56.91; 1.1;-; 75.4; 74.1; 64.9; 0.0; 64.9;2344; 0.5; 0.6; 0.6;26; 22.0;B;0;-;On;On;Off; 32.6; 31.9;0;5;2012;5;2012;5;1826;1;-
2026/05/10;13:36:26;-;-; 57.15; 0.4;-; 74.9; 74.6; 22.2; 0.0; 22.2;2344; 0.4; 0.6; 0.6;24; 22.0;B;0;-;On;On;Off; 32.6; 31.9;0;5;2012;5;2012;5;1826;1;-
2026/05/10;13:37:26;-;-; 57.25; 0.3;-; 75.2; 74.7; 17.7; 0.0; 17.7;2344; 0.3; 0.5; 0.5;19; 22.0;B;0;-;On;On;Off; 32.5; 32.0;0;5;2012;5;2012;5;1826;1;-
2026/05/10;13:38:26;-;-; 57.49; 0.9;-; 75.3; 74.8; 52.4; 2.3; 50.1;2344; 0.5; 0.6; 0.6;25; 22.0;B;0;-;On;On;Off; 32.6; 32.1;0;5;2012;5;2012;5;1826;1;-
2026/05/10;13:39:26;-;-; 57.52; 0.2;-; 75.4; 75.6; 13.1; 13.1; 0.0;2344; 0.4; 0.6; 0.6;25; 22.0;B;0;-;On;On;Off; 32.6; 32.0;0;5;2012;5;2012;5;1826;1;-
2026/05/10;13:40:25;-;-; 57.76; 0.8;-; 75.6; 75.2; 44.1; 0.8; 43.4;2344; 0.4; 0.6; 0.6;24; 22.0;B;0;-;On;On;Off; 32.6; 32.1;0;5;2012;5;2012;5;1826;1;-
2026/05/10;13:41:25;-;-; 57.72; 1.2;-; 75.2; 75.2; 67.4; 31.7; 35.6;2344; 0.4; 0.6; 0.6;24; 22.0;B;0;-;On;On;Off; 32.6; 32.1;0;5;2012;5;2012;5;1826;1;-
2026/05/10;13:42:25;-;-; 57.70; 0.5;-; 75.4; 75.2; 27.1; 7.7; 19.4;2344; 0.4; 0.6; 0.6;24; 22.0;B;0;-;On;On;Off; 32.7; 32.1;0;5;2012;5;2012;5;1826;1;-
2026/05/10;13:43:25;-;-; 57.70; 1.8;-; 75.0; 74.7; 103.8; 58.8; 44.9;2344; 0.4; 0.6; 0.6;24; 22.0;B;0;-;On;On;Off; 32.6; 31.9;0;5;2012;5;2012;5;1826;1;-
2026/05/10;13:44:25;-;-; 57.50; 2.7;-; 75.0; 74.7; 156.6; 78.7; 77.9;2344; 0.4; 0.5; 0.5;22; 22.0;B;0;-;On;On;Off; 32.6; 32.1;0;5;2012;5;2012;5;1826;1;-
2026/05/10;13:45:25;-;-; 57.76; 0.7;-; 76.3; 75.7; 42.6; 0.0; 42.6;2344; 0.5; 0.6; 0.6;25; 22.0;B;0;-;On;On;Off; 32.6; 32.1;0;5;2012;5;2012;5;1826;1;-
2026/05/10;13:46:25;-;-; 57.39; 1.1;-; 74.9; 75.2; 60.8; 54.7; 6.2;2344; 0.4; 0.6; 0.6;24; 22.0;B;0;-;On;On;Off; 32.7; 32.1;0;5;2012;5;2012;5;1826;1;-
2026/05/10;13:47:25;-;-; 57.07; 0.1;-; 75.2; 75.1; 3.0; 3.0; 0.0;2344; 0.4; 0.6; 0.6;22; 22.0;B;0;-;On;On;Off; 32.7; 32.0;0;5;2012;5;2012;5;1826;1;-
2026/05/10;13:48:25;-;-; 57.50; 0.3;-; 75.4; 75.7; 16.9; 16.9; 0.0;2344; 0.5; 0.6; 0.6;25; 22.0;B;0;-;On;On;Off; 32.7; 32.1;0;5;2012;5;2012;5;1826;1;-
2026/05/10;13:49:25;-;-; 57.78; 0.6;-; 76.1; 76.2; 34.8; 9.3; 25.6;2344; 0.4; 0.6; 0.6;24; 22.0;B;0;-;On;On;Off; 32.6; 32.2;0;5;2012;5;2012;5;1826;1;-
2026/05/10;13:50:25;-;-; 57.64; 0.4;-; 75.3; 75.2; 22.4; 3.1; 19.3;2344; 0.4; 0.6; 0.6;25; 22.0;B;0;-;On;On;Off; 32.7; 32.2;0;5;2012;5;2012;5;1826;1;-
2026/05/10;13:51:25;-;-; 57.78; 0.7;-; 76.2; 76.3; 41.1; 41.1; 0.0;2344; 0.4; 0.5; 0.5;21; 22.0;B;0;-;On;On;Off; 32.6; 31.9;0;5;2012;5;2012;5;1826;1;-
2026/05/10;13:52:25;-;-; 57.76; 0.6;-; 75.4; 75.2; 33.3; 3.1; 30.2;2344; 0.5; 0.6; 0.6;26; 22.0;B;0;-;On;On;Off; 32.7; 32.1;0;5;2012;5;2012;5;1826;1;-
2026/05/10;13:53:25;-;-; 57.78; 0.6;-; 75.4; 75.8; 34.0; 13.1; 20.9;2344; 0.4; 0.5; 0.5;23; 21.9;B;0;-;On;On;Off; 32.6; 32.0;0;5;2012;5;2012;5;1826;1;-
2026/05/10;13:54:25;-;-; 57.78; 0.6;-; 76.0; 75.6; 33.3; 4.6; 28.6;2344; 0.5; 0.6; 0.6;25; 22.0;B;0;-;On;On;Off; 32.7; 32.1;0;5;2012;5;2012;5;1826;1;-
2026/05/10;13:55:24;-;-; 57.21; 0.6;-; 74.7; 74.4; 35.2; 10.7; 24.5;2344; 0.4; 0.6; 0.6;24; 22.0;B;0;-;On;On;Off; 32.6; 32.0;0;5;2012;5;2012;5;1826;1;-
2026/05/10;13:56:24;-;-; 57.19; 0.8;-; 74.6; 74.6; 46.8; 19.9; 26.9;2344; 0.4; 0.5; 0.5;22; 22.0;B;0;-;On;On;Off; 32.6; 31.9;0;5;2012;5;2012;5;1826;1;-
2026/05/10;13:57:24;-;-; 57.23; 1.5;-; 74.6; 74.4; 83.7; 23.8; 59.9;2344; 0.4; 0.6; 0.6;23; 21.9;B;0;-;On;On;Off; 32.7; 32.1;0;5;2012;5;2012;5;1826;1;-
2026/05/10;13:58:24;-;-; 57.78; 0.8;-; 76.7; 76.1; 48.0; 0.0; 48.0;2344; 0.4; 0.6; 0.6;23; 21.9;B;0;-;On;On;Off; 32.7; 32.0;0;5;2012;5;2012;5;1826;1;-
2026/05/10;13:59:24;-;-; 57.74; 0.5;-; 75.1; 75.2; 27.9; 17.8; 10.1;2344; 0.4; 0.6; 0.6;25; 21.9;B;0;-;On;On;Off; 32.7; 32.2;0;5;2012;5;2012;5;1826;1;-
2026/05/10;14:00:24;-;-; 57.76; 0.6;-; 75.7; 75.9; 35.6; 17.8; 17.8;2344; 0.4; 0.6; 0.6;23; 21.9;B;0;-;On;On;Off; 32.7; 32.1;0;5;2012;5;2012;5;1826;1;-
2026/05/10;14:01:24;-;-; 57.76; 0.9;-; 76.2; 76.7; 52.7; 52.7; 0.0;2344; 0.5; 0.6; 0.6;26; 21.9;B;0;-;On;On;Off; 32.7; 32.2;0;5;2012;5;2012;5;1826;1;-
2026/05/10;14:02:24;-;-; 57.76; 0.5;-; 76.0; 76.2; 29.5; 19.4; 10.1;2344; 0.4; 0.6; 0.6;24; 21.9;B;0;-;On;On;Off; 32.7; 32.2;0;5;2012;5;2012;5;1826;1;-
2026/05/10;14:03:24;-;-; 57.78; 0.5;-; 76.4; 76.2; 31.8; 27.1; 4.6;2344; 0.4; 0.6; 0.6;24; 21.9;B;0;-;On;On;Off; 32.7; 32.2;0;5;2012;5;2012;5;1826;1;-
2026/05/10;14:04:24;-;-; 57.29; 0.4;-; 74.8; 74.7; 23.8; 11.5; 12.3;2344; 0.4; 0.6; 0.6;24; 21.9;B;0;-;On;On;Off; 32.7; 32.1;0;5;2012;5;2012;5;1826;1;-
2026/05/10;14:05:24;-;-; 57.78; 0.8;-; 75.9; 76.5; 48.8; 48.8; 0.0;2344; 0.4; 0.6; 0.6;23; 21.9;B;0;-;On;On;Off; 32.7; 32.2;0;5;2012;5;2012;5;1826;1;-
2026/05/10;14:06:24;-;-; 57.78; 0.8;-; 76.5; 76.2; 47.3; 0.0; 47.3;2344; 0.4; 0.6; 0.6;25; 21.9;B;0;-;On;On;Off; 32.7; 32.2;0;5;2012;5;2012;5;1826;1;-
2026/05/10;14:07:24;-;-; 57.78; 1.1;-; 75.5; 76.3; 62.0; 62.0; 0.0;2344; 0.4; 0.6; 0.6;23; 21.9;B;0;-;On;On;Off; 32.8; 32.2;0;5;2012;5;2012;5;1826;1;-
2026/05/10;14:08:24;-;-; 57.78; 0.5;-; 75.7; 75.8; 31.8; 19.4; 12.4;2344; 0.4; 0.6; 0.6;24; 21.9;B;0;-;On;On;Off; 32.7; 32.2;0;5;2012;5;2012;5;1826;1;-
2026/05/10;14:09:24;-;-; 57.76; 0.6;-; 75.6; 75.5; 32.5; 3.1; 29.5;2344; 0.4; 0.6; 0.6;24; 21.9;B;0;-;On;On;Off; 32.8; 32.2;0;5;2012;5;2012;5;1826;1;-
2026/05/10;14:10:23;-;-; 57.74; 0.6;-; 75.3; 75.2; 32.5; 7.8; 24.8;2344; 0.4; 0.6; 0.6;24; 21.9;B;0;-;On;On;Off; 32.8; 32.2;0;5;2012;5;2012;5;1826;1;-
2026/05/10;14:11:23;-;-; 57.56; 2.1;-; 75.4; 74.7; 121.3; 18.5; 102.8;2344; 0.4; 0.6; 0.6;23; 21.9;B;0;-;On;On;Off; 32.7; 32.1;0;5;2012;5;2012;5;1826;1;-
2026/05/10;14:12:23;-;-; 57.66; 2.5;-; 75.4; 74.6; 146.3; 0.0; 146.3;2344; 0.4; 0.6; 0.6;23; 21.9;B;0;-;On;On;Off; 32.7; 31.8;0;5;2012;5;2012;5;1826;1;-
2026/05/10;14:13:23;-;-; 57.76; 0.6;-; 75.3; 75.2; 33.3; 6.2; 27.1;2344; 0.4; 0.5; 0.5;20; 21.9;B;0;-;On;On;Off; 32.6; 31.9;0;5;2012;5;2012;5;1826;1;-
2026/05/10;14:14:23;-;-; 57.21; 0.5;-; 75.4; 74.9; 28.4; 0.0; 28.4;2344; 0.4; 0.5; 0.5;22; 21.9;B;0;-;On;On;Off; 32.7; 32.1;0;5;2012;5;2012;5;1826;1;-
2026/05/10;14:15:23;-;-; 57.52; 1.0;-; 75.1; 74.9; 55.5; 20.1; 35.5;2344; 0.4; 0.6; 0.6;23; 21.9;B;0;-;On;On;Off; 32.7; 31.9;0;5;2012;5;2012;5;1826;1;-
2026/05/10;14:16:23;-;-; 57.29; 0.5;-; 74.7; 75.3; 28.4; 28.4; 0.0;2344; 0.4; 0.6; 0.6;24; 21.9;B;0;-;On;On;Off; 32.7; 32.0;0;5;2012;5;2012;5;1826;1;-
2026/05/10;14:17:23;-;-; 57.21; 1.0;-; 74.7; 74.6; 54.5; 8.4; 46.1;2344; 0.4; 0.6; 0.6;23; 21.9;B;0;-;On;On;Off; 32.7; 32.1;0;5;2012;5;2012;5;1826;1;-
2026/05/10;14:18:23;-;-; 57.68; 1.0;-; 75.3; 74.7; 59.6; 0.0; 59.6;2344; 0.4; 0.6; 0.6;24; 21.9;B;0;-;On;On;Off; 32.7; 32.0;0;5;2012;5;2012;5;1826;1;-
2026/05/10;14:19:23;-;-; 57.17; 1.7;-; 74.8; 74.5; 97.4; 0.7; 96.6;2344; 0.4; 0.6; 0.6;23; 21.9;B;0;-;On;On;Off; 32.7; 32.0;0;5;2012;5;2012;5;1826;1;-
2026/05/10;14:20:23;-;-; 57.54; 0.9;-; 74.9; 74.7; 50.2; 0.0; 50.2;2344; 0.4; 0.6; 0.6;23; 21.9;B;0;-;On;On;Off; 32.7; 32.1;0;5;2012;5;2012;5;1826;1;-
2026/05/10;14:21:23;-;-; 57.58; 0.7;-; 75.1; 74.8; 37.8; 0.0; 37.8;2344; 0.4; 0.6; 0.6;23; 21.9;B;0;-;On;On;Off; 32.7; 32.1;0;5;2012;5;2012;5;1826;1;-
2026/05/10;14:22:23;-;-; 57.60; 0.5;-; 75.5; 75.1; 30.9; 0.0; 30.9;2344; 0.4; 0.6; 0.6;24; 21.9;B;0;-;On;On;Off; 32.7; 32.1;0;5;2012;5;2012;5;1826;1;-
2026/05/10;14:23:23;-;-; 57.23; 2.0;-; 74.4; 75.4; 116.7; 116.0; 0.7;2344; 0.4; 0.6; 0.6;23; 21.9;B;0;-;On;On;Off; 32.7; 31.9;0;5;2012;5;2012;5;1826;1;-
2026/05/10;14:24:23;-;-; 57.76; 0.8;-; 75.6; 75.3; 48.0; 0.0; 48.0;2344; 0.4; 0.5; 0.5;20; 21.9;B;0;-;On;On;Off; 32.5; 31.8;0;5;2012;5;2012;5;1826;1;-
2026/05/10;14:25:22;-;-; 57.76; 0.5;-; 75.4; 75.8; 30.2; 26.3; 3.9;2344; 0.4; 0.5; 0.5;21; 21.9;B;0;-;On;On;Off; 32.6; 32.1;0;5;2012;5;2012;5;1826;1;-
2026/05/10;14:26:22;-;-; 57.76; 0.8;-; 75.3; 75.9; 48.0; 48.0; 0.0;2344; 0.4; 0.6; 0.6;23; 21.9;B;0;-;On;On;Off; 32.6; 32.1;0;5;2012;5;2012;5;1826;1;-
2026/05/10;14:27:22;-;-; 57.76; 0.6;-; 75.5; 75.7; 32.5; 16.3; 16.3;2344; 0.4; 0.6; 0.6;24; 21.9;B;0;-;On;On;Off; 32.7; 32.1;0;5;2012;5;2012;5;1826;1;-
2026/05/10;14:28:22;-;-; 57.76; 0.5;-; 75.4; 75.8; 28.6; 20.1; 8.5;2344; 0.4; 0.6; 0.6;24; 21.9;B;0;-;On;On;Off; 32.7; 32.1;0;5;2012;5;2012;5;1826;1;-
2026/05/10;14:29:22;-;-; 57.74; 0.5;-; 75.3; 75.2; 30.9; 6.2; 24.8;2344; 0.4; 0.6; 0.6;24; 21.9;B;0;-;On;On;Off; 32.7; 32.1;0;5;2012;5;2012;5;1826;1;-
2026/05/10;14:30:22;-;-; 57.58; 0.5;-; 75.1; 74.9; 29.3; 6.2; 23.2;2344; 0.4; 0.6; 0.6;24; 21.9;B;0;-;On;On;Off; 32.7; 32.0;0;5;2012;5;2012;5;1826;1;-
2026/05/10;14:31:22;-;-; 57.41; 0.5;-; 74.7; 75.2; 31.6; 31.6; 0.0;2344; 0.4; 0.5; 0.5;22; 21.9;B;0;-;On;On;Off; 32.7; 32.1;0;5;2012;5;2012;5;1826;1;-
2026/05/10;14:32:22;-;-; 57.17; 2.3;-; 75.4; 74.2; 128.9; 0.0; 128.9;2344; 0.4; 0.6; 0.6;23; 21.9;B;0;-;On;On;Off; 32.7; 32.1;0;5;2012;5;2012;5;1826;1;-
2026/05/10;14:33:22;-;-; 57.13; 0.4;-; 75.1; 74.5; 24.5; 0.0; 24.5;2344; 0.4; 0.6; 0.6;23; 21.9;B;0;-;On;On;Off; 32.7; 32.1;0;5;2012;5;2012;5;1826;1;-
2026/05/10;14:34:22;-;-; 57.25; 0.0;-; 75.4; 75.7; 0.0; 0.0; 0.0;2344; 0.4; 0.6; 0.6;22; 21.9;B;0;-;On;On;Off; 32.7; 32.0;0;5;2012;5;2012;5;1826;1;-
2026/05/10;14:35:22;-;-; 57.05; 0.3;-; 74.8; 75.1; 19.1; 19.1; 0.0;2344; 0.4; 0.5; 0.5;23; 21.9;B;0;-;On;On;Off; 32.6; 32.0;0;5;2012;5;2012;5;1826;1;-
2026/05/10;14:36:22;-;-; 57.76; 0.9;-; 75.2; 74.7; 50.4; 0.0; 50.4;2344; 0.4; 0.6; 0.6;23; 21.9;B;0;-;On;On;Off; 32.6; 31.6;0;5;2012;5;2012;5;1826;1;-
2026/05/10;14:37:22;-;-; 57.70; 0.5;-; 75.3; 75.1; 29.4; 15.5; 13.9;2344; 0.4; 0.5; 0.5;21; 21.9;B;0;-;On;On;Off; 32.6; 32.0;0;5;2012;5;2012;5;1826;1;-
2026/05/10;14:38:22;-;-; 57.52; 0.3;-; 75.7; 75.2; 16.2; 0.0; 16.2;2344; 0.4; 0.6; 0.6;25; 21.9;B;0;-;On;On;Off; 32.6; 32.0;0;5;2012;5;2012;5;1826;1;-
2026/05/10;14:39:22;-;-; 57.74; 0.6;-; 75.3; 75.2; 34.8; 16.3; 18.6;2344; 0.4; 0.6; 0.6;23; 21.9;B;0;-;On;On;Off; 32.6; 32.1;0;5;2012;5;2012;5;1826;1;-
2026/05/10;14:40:21;-;-; 57.74; 0.5;-; 75.6; 75.3; 30.2; 10.1; 20.1;2344; 0.4; 0.5; 0.5;23; 21.9;B;0;-;On;On;Off; 32.4; 31.9;0;5;2012;5;2012;5;1826;1;-
2026/05/10;14:41:21;-;-; 57.78; 0.8;-; 76.3; 75.5; 45.0; 0.0; 45.0;2344; 0.4; 0.5; 0.5;22; 21.9;B;0;-;On;On;Off; 32.6; 32.1;0;5;2012;5;2012;5;1826;1;-
2026/05/10;14:42:21;-;-; 57.49; 0.2;-; 75.4; 75.6; 10.0; 10.0; 0.0;2344; 0.4; 0.6; 0.6;24; 21.9;B;0;-;On;On;Off; 32.6; 32.1;0;5;2012;5;2012;5;1826;1;-
2026/05/10;14:43:21;-;-; 57.76; 0.6;-; 75.4; 76.1; 33.3; 33.3; 0.0;2344; 0.4; 0.6; 0.6;22; 21.9;B;0;-;On;On;Off; 32.5; 31.9;0;5;2012;5;2012;5;1826;1;-
2026/05/10;14:44:21;-;-; 57.76; 0.9;-; 76.0; 75.5; 50.4; 0.0; 50.4;2344; 0.4; 0.6; 0.6;24; 21.9;B;0;-;On;On;Off; 32.6; 32.1;0;5;2012;5;2012;5;1826;1;-
2026/05/10;14:45:21;-;-; 57.72; 0.6;-; 75.2; 75.2; 32.5; 12.4; 20.1;2344; 0.4; 0.6; 0.6;24; 21.9;B;0;-;On;On;Off; 32.6; 31.8;0;5;2012;5;2012;5;1826;1;-
2026/05/10;14:46:21;-;-; 57.76; 0.8;-; 76.6; 77.0; 45.0; 45.0; 0.0;2344; 0.4; 0.5; 0.5;23; 21.9;B;0;-;On;On;Off; 32.6; 32.1;0;5;2012;5;2012;5;1826;1;-
2026/05/10;14:47:21;-;-; 57.76; 0.5;-; 76.5; 76.6; 31.0; 22.4; 8.5;2344; 0.4; 0.6; 0.6;24; 21.9;B;0;-;On;On;Off; 32.7; 32.2;0;5;2012;5;2012;5;1826;1;-
2026/05/10;14:48:21;-;-; 57.78; 0.9;-; 76.3; 75.5; 54.3; 0.0; 54.3;2344; 0.4; 0.6; 0.6;23; 21.9;B;0;-;On;On;Off; 32.7; 32.2;0;5;2012;5;2012;5;1826;1;-
2026/05/10;14:49:21;-;-; 57.76; 0.8;-; 75.2; 75.8; 43.4; 42.6; 0.8;2344; 0.4; 0.6; 0.6;24; 21.9;B;0;-;On;On;Off; 32.7; 31.9;0;5;2012;5;2012;5;1826;1;-
2026/05/10;14:50:21;-;-; 57.62; 1.1;-; 75.0; 74.2; 61.9; 0.0; 61.9;2344; 0.4; 0.6; 0.6;23; 21.9;B;0;-;On;On;Off; 32.6; 32.1;0;5;2012;5;2012;5;1826;1;-
2026/05/10;14:51:21;-;-; 57.76; 0.6;-; 75.2; 75.2; 36.4; 26.3; 10.1;2344; 0.4; 0.5; 0.5;21; 21.9;B;0;-;On;On;Off; 32.6; 32.1;0;5;2012;5;2012;5;1826;1;-
2026/05/10;14:52:21;-;-; 57.23; 2.2;-; 74.7; 75.2; 127.4; 125.9; 1.5;2344; 0.4; 0.6; 0.6;24; 21.9;B;0;-;On;On;Off; 32.6; 32.0;0;5;2012;5;2012;5;1826;1;-
2026/05/10;14:53:21;-;-; 56.30; 0.1;-; 74.7; 74.7; 6.8; 6.8; 0.0;2344; 0.4; 0.5; 0.5;22; 21.9;B;0;-;On;On;Off; 32.6; 32.1;0;5;2012;5;2012;5;1826;1;-
2026/05/10;14:54:20;-;-; 56.22; 0.5;-; 73.6; 73.3; 26.3; 6.0; 20.3;2344; 0.4; 0.6; 0.6;22; 21.9;B;0;-;On;On;Off; 32.6; 32.1;0;5;2012;5;2012;5;1826;1;-
2026/05/10;14:55:20;-;-; 56.56; 0.8;-; 73.8; 73.3; 47.0; 9.9; 37.2;2344; 0.3; 0.5; 0.5;18; 21.9;B;0;-;On;On;Off; 32.6; 32.0;0;5;2012;5;2012;5;1826;1;-
2026/05/10;14:56:20;-;-; 56.83; 0.6;-; 74.3; 74.0; 32.8; 15.2; 17.5;2344; 0.4; 0.6; 0.6;24; 21.9;B;0;-;On;On;Off; 32.6; 31.9;0;5;2012;5;2012;5;1826;1;-
2026/05/10;14:57:20;-;-; 56.93; 0.6;-; 74.5; 74.2; 32.8; 19.8; 12.9;2344; 0.4; 0.5; 0.5;21; 21.9;B;0;-;On;On;Off; 32.5; 31.9;0;5;2012;5;2012;5;1826;1;-
2026/05/10;14:58:20;-;-; 57.03; 0.4;-; 75.2; 74.7; 22.2; 0.0; 22.2;2344; 0.4; 0.6; 0.6;23; 21.9;B;0;-;On;On;Off; 32.6; 32.0;0;5;2012;5;2012;5;1826;1;-
2026/05/10;14:59:20;-;-; 57.60; 0.6;-; 75.1; 74.7; 35.5; 0.8; 34.8;2344; 0.4; 0.6; 0.6;24; 21.9;B;0;-;On;On;Off; 32.6; 32.1;0;5;2012;5;2012;5;1826;1;-
2026/05/10;15:00:20;-;-; 57.58; 0.9;-; 75.0; 74.8; 51.0; 17.8; 33.2;2344; 0.4; 0.6; 0.6;23; 21.9;B;0;-;On;On;Off; 32.6; 32.1;0;5;2012;5;2012;5;1826;1;-
2026/05/10;15:01:20;-;-; 57.43; 1.0;-; 75.2; 74.7; 58.6; 21.6; 37.0;2344; 0.4; 0.6; 0.6;24; 21.9;B;0;-;On;On;Off; 32.6; 32.0;0;5;2012;5;2012;5;1826;1;-
2026/05/10;15:02:20;-;-; 57.25; 0.0;-; 75.8; 75.3; 0.0; 0.0; 0.0;2344; 0.4; 0.6; 0.6;24; 21.9;B;0;-;On;On;Off; 32.6; 31.7;0;5;2012;5;2012;5;1826;1;-
2026/05/10;15:03:20;-;-; 57.37; 0.0;-; 75.9; 75.5; 0.0; 0.0; 0.0;2344; 0.4; 0.5; 0.5;22; 21.9;B;0;-;On;On;Off; 32.5; 31.3;0;5;2012;5;2012;6;1827;1;-
2026/05/10;15:04:20;-;-; 57.72; 0.0;-; 75.9; 75.9; 0.8; 0.0; 0.8;2344; 0.3; 0.5; 0.5;18; 21.9;B;0;-;On;On;Off; 32.5; 31.1;0;5;2012;5;2012;6;1827;1;-
2026/05/10;15:05:20;-;-; 57.78; 0.7;-; 75.9; 75.3; 38.0; 4.6; 33.3;2344; 0.4; 0.5; 0.5;20; 21.9;B;0;-;On;On;Off; 32.5; 31.9;0;5;2012;5;2012;6;1827;1;-
2026/05/10;15:06:20;-;-; 57.76; 0.7;-; 76.1; 75.6; 41.8; 0.0; 41.8;2344; 0.4; 0.6; 0.6;25; 21.9;B;0;-;On;On;Off; 32.6; 32.0;0;5;2012;5;2012;6;1827;1;-
2026/05/10;15:07:20;-;-; 57.76; 0.5;-; 76.2; 75.8; 30.2; 2.3; 27.9;2344; 0.4; 0.6; 0.6;24; 21.9;B;0;-;On;On;Off; 32.6; 32.0;0;5;2012;5;2012;6;1827;1;-
2026/05/10;15:08:20;-;-; 57.76; 0.5;-; 76.0; 75.7; 27.1; 7.8; 19.4;2344; 0.4; 0.6; 0.6;24; 21.9;B;0;-;On;On;Off; 32.6; 32.1;0;5;2012;5;2012;6;1827;1;-
2026/05/10;15:09:19;-;-; 57.76; 0.6;-; 75.9; 75.6; 36.4; 13.1; 23.3;2344; 0.4; 0.6; 0.6;24; 21.9;B;0;-;On;On;Off; 32.6; 32.1;0;5;2012;5;2012;6;1827;1;-
2026/05/10;15:10:19;-;-; 57.76; 0.7;-; 75.9; 75.8; 38.8; 0.0; 38.8;2344; 0.4; 0.6; 0.6;24; 21.9;B;0;-;On;On;Off; 32.6; 32.1;0;5;2012;5;2012;6;1827;1;-
2026/05/10;15:11:19;-;-; 57.76; 0.6;-; 75.5; 76.1; 34.1; 34.1; 0.0;2344; 0.4; 0.6; 0.6;25; 21.9;B;0;-;On;On;Off; 32.7; 32.1;0;5;2012;5;2012;6;1827;1;-
2026/05/10;15:12:19;-;-; 57.78; 0.5;-; 75.8; 75.9; 30.9; 2.3; 28.6;2344; 0.4; 0.6; 0.6;24; 21.9;B;0;-;On;On;Off; 32.7; 32.1;0;5;2012;5;2012;6;1827;1;-
2026/05/10;15:13:19;-;-; 57.76; 0.7;-; 75.6; 76.2; 40.3; 40.3; 0.0;2344; 0.4; 0.6; 0.6;24; 21.9;B;0;-;On;On;Off; 32.7; 32.2;0;5;2012;5;2012;6;1827;1;-
2026/05/10;15:14:19;-;-; 57.76; 0.6;-; 76.0; 75.6; 36.4; 0.0; 36.4;2344; 0.4; 0.6; 0.6;25; 21.9;B;0;-;On;On;Off; 32.7; 32.2;0;5;2012;5;2012;6;1827;1;-
2026/05/10;15:15:19;-;-; 57.76; 0.6;-; 75.7; 75.9; 34.8; 22.4; 12.4;2344; 0.4; 0.6; 0.6;24; 21.9;B;0;-;On;On;Off; 32.7; 32.2;0;5;2012;5;2012;6;1827;1;-
2026/05/10;15:16:19;-;-; 57.76; 0.6;-; 76.0; 75.6; 35.6; 6.2; 29.5;2344; 0.4; 0.6; 0.6;25; 21.9;B;0;-;On;On;Off; 32.8; 32.2;0;5;2012;5;2012;6;1827;1;-
2026/05/10;15:17:19;-;-; 57.76; 1.0;-; 76.5; 75.3; 58.9; 0.0; 58.9;2344; 0.4; 0.6; 0.6;24; 21.9;B;0;-;On;On;Off; 32.8; 32.2;0;6;2013;6;2013;6;1827;1;-
2026/05/10;15:18:19;-;-; 57.76; 0.7;-; 76.4; 75.3; 39.5; 0.0; 39.5;2344; 0.4; 0.6; 0.6;25; 21.9;B;0;-;On;On;Off; 32.8; 32.3;0;6;2013;6;2013;6;1827;1;-
2026/05/10;15:19:19;-;-; 57.76; 0.6;-; 76.1; 75.7; 32.5; 22.4; 10.1;2344; 0.4; 0.6; 0.6;24; 21.9;B;0;-;On;On;Off; 32.8; 32.3;0;6;2013;6;2013;6;1827;1;-
2026/05/10;15:20:19;-;-; 57.76; 0.5;-; 75.6; 76.2; 31.7; 18.6; 13.1;2344; 0.4; 0.6; 0.6;24; 21.9;B;0;-;On;On;Off; 32.8; 32.3;0;6;2013;6;2013;6;1827;1;-
2026/05/10;15:21:19;-;-; 57.76; 0.6;-; 75.6; 76.3; 32.5; 32.5; 0.0;2344; 0.4; 0.6; 0.6;24; 21.9;B;0;-;On;On;Off; 32.8; 32.3;0;6;2013;6;2013;6;1827;1;-
2026/05/10;15:22:19;-;-; 57.76; 0.6;-; 76.1; 76.0; 32.5; 6.9; 25.6;2344; 0.4; 0.6; 0.6;24; 21.9;B;0;-;On;On;Off; 32.8; 32.3;0;6;2013;6;2013;6;1827;1;-
2026/05/10;15:23:19;-;-; 57.78; 0.5;-; 76.0; 76.3; 31.7; 18.6; 13.1;2344; 0.4; 0.6; 0.6;24; 21.9;B;0;-;On;On;Off; 32.8; 32.3;0;6;2013;6;2013;6;1827;1;-
2026/05/10;15:24:18;-;-; 57.76; 0.8;-; 75.6; 76.5; 48.0; 48.0; 0.0;2344; 0.4; 0.6; 0.6;23; 21.9;B;0;-;On;On;Off; 32.8; 32.3;0;6;2013;6;2013;6;1827;1;-
2026/05/10;15:25:18;-;-; 57.78; 0.7;-; 76.4; 75.7; 41.1; 0.0; 41.1;2344; 0.4; 0.6; 0.6;24; 21.9;B;0;-;On;On;Off; 32.8; 32.3;0;6;2013;6;2013;6;1827;1;-
2026/05/10;15:26:18;-;-; 57.76; 0.7;-; 76.4; 75.7; 41.1; 0.0; 41.1;2344; 0.4; 0.6; 0.6;24; 21.9;B;0;-;On;On;Off; 32.8; 32.3;0;6;2013;6;2013;6;1827;1;-
2026/05/10;15:27:18;-;-; 57.76; 1.0;-; 75.5; 76.5; 55.8; 55.8; 0.0;2344; 0.4; 0.6; 0.6;24; 21.9;B;0;-;On;On;Off; 32.8; 32.3;0;6;2013;6;2013;6;1827;1;-
2026/05/10;15:28:18;-;-; 57.76; 0.5;-; 75.8; 76.7; 31.8; 31.0; 0.8;2344; 0.4; 0.6; 0.6;24; 21.9;B;0;-;On;On;Off; 32.8; 32.3;0;6;2013;6;2013;6;1827;1;-
2026/05/10;15:29:18;-;-; 57.76; 0.7;-; 75.8; 76.7; 41.1; 41.1; 0.0;2344; 0.4; 0.6; 0.6;24; 21.9;B;0;-;On;On;Off; 32.9; 32.3;0;6;2013;6;2013;6;1827;1;-
2026/05/10;15:30:18;-;-; 57.76; 0.5;-; 76.2; 76.6; 26.3; 5.4; 20.9;2344; 0.4; 0.6; 0.6;24; 21.9;B;0;-;On;On;Off; 32.9; 32.4;0;6;2013;6;2013;6;1827;1;-
2026/05/10;15:31:18;-;-; 57.76; 0.6;-; 76.7; 75.7; 37.2; 6.2; 31.0;2344; 0.4; 0.6; 0.6;24; 21.9;B;0;-;On;On;Off; 32.9; 32.4;0;6;2013;6;2013;6;1827;1;-
2026/05/10;15:32:18;-;-; 57.76; 0.5;-; 76.5; 75.9; 29.4; 20.9; 8.5;2344; 0.4; 0.6; 0.6;23; 21.9;B;0;-;On;On;Off; 32.9; 32.4;0;6;2013;6;2013;6;1827;1;-
2026/05/10;15:33:18;-;-; 57.76; 0.5;-; 75.8; 76.6; 30.2; 30.2; 0.0;2344; 0.4; 0.6; 0.6;24; 21.9;B;0;-;On;On;Off; 32.9; 32.4;0;6;2013;6;2013;6;1827;1;-
2026/05/10;15:34:18;-;-; 57.76; 1.1;-; 75.6; 76.6; 62.8; 62.8; 0.0;2344; 0.4; 0.6; 0.6;23; 21.9;B;0;-;On;On;Off; 32.9; 32.4;0;6;2013;6;2013;6;1827;1;-
2026/05/10;15:35:18;-;-; 57.76; 0.5;-; 75.9; 76.2; 29.4; 17.0; 12.4;2344; 0.4; 0.6; 0.6;23; 21.9;B;0;-;On;On;Off; 32.9; 32.4;0;6;2013;6;2013;6;1827;1;-
2026/05/10;15:36:18;-;-; 57.76; 0.6;-; 76.2; 75.7; 32.5; 0.0; 32.5;2344; 0.4; 0.6; 0.6;23; 21.9;B;0;-;On;On;Off; 32.9; 32.4;0;6;2013;6;2013;6;1827;1;-
2026/05/10;15:37:18;-;-; 57.78; 0.6;-; 75.4; 76.3; 33.3; 28.6; 4.6;2344; 0.4; 0.6; 0.6;23; 21.9;B;0;-;On;On;Off; 32.9; 32.4;0;6;2013;6;2013;6;1827;1;-
2026/05/10;15:38:18;-;-; 57.76; 0.5;-; 76.1; 75.5; 28.6; 0.0; 28.6;2344; 0.4; 0.6; 0.6;23; 21.9;B;0;-;On;On;Off; 32.9; 32.4;0;6;2013;6;2013;6;1827;1;-
2026/05/10;15:39:17;-;-; 57.76; 0.7;-; 75.4; 75.9; 40.3; 40.3; 0.0;2344; 0.4; 0.6; 0.6;24; 21.9;B;0;-;On;On;Off; 32.9; 32.4;0;6;2013;6;2013;6;1827;1;-
2026/05/10;15:40:17;-;-; 57.76; 0.6;-; 76.1; 75.4; 36.4; 0.0; 36.4;2344; 0.4; 0.6; 0.6;24; 21.9;B;0;-;On;On;Off; 32.9; 32.4;0;6;2013;6;2013;6;1827;1;-
2026/05/10;15:41:17;-;-; 57.76; 0.6;-; 75.4; 75.6; 32.5; 16.3; 16.3;2344; 0.4; 0.6; 0.6;24; 21.9;B;0;-;On;On;Off; 32.9; 32.4;0;6;2013;6;2013;6;1827;1;-
2026/05/10;15:42:17;-;-; 57.76; 0.5;-; 75.8; 75.3; 30.9; 10.1; 20.9;2344; 0.4; 0.6; 0.6;24; 21.9;B;0;-;On;On;Off; 32.9; 32.4;0;6;2013;6;2013;6;1827;1;-
2026/05/10;15:43:17;-;-; 57.76; 0.6;-; 75.7; 75.3; 34.8; 16.3; 18.6;2344; 0.4; 0.6; 0.6;24; 21.9;B;0;-;On;On;Off; 32.9; 32.4;0;6;2013;6;2013;6;1827;1;-
2026/05/10;15:44:17;-;-; 57.76; 0.5;-; 75.4; 75.8; 29.4; 21.7; 7.8;2344; 0.4; 0.6; 0.6;24; 21.9;B;0;-;On;On;Off; 32.9; 32.4;0;6;2013;6;2013;6;1827;1;-
2026/05/10;15:45:17;-;-; 57.76; 0.7;-; 76.0; 75.2; 40.3; 0.0; 40.3;2344; 0.4; 0.6; 0.6;24; 21.9;B;0;-;On;On;Off; 32.9; 32.4;0;6;2013;6;2013;6;1827;1;-
2026/05/10;15:46:17;-;-; 57.78; 0.7;-; 75.7; 75.6; 37.9; 24.8; 13.1;2344; 0.4; 0.6; 0.6;24; 21.9;B;0;-;On;On;Off; 32.9; 32.4;0;6;2013;6;2013;6;1827;1;-
2026/05/10;15:47:17;-;-; 57.76; 0.6;-; 75.4; 75.6; 34.0; 17.0; 17.0;2344; 0.4; 0.6; 0.6;25; 21.9;B;0;-;On;On;Off; 32.9; 32.4;0;6;2013;6;2013;6;1827;1;-
2026/05/10;15:48:17;-;-; 57.76; 0.6;-; 75.4; 75.7; 33.3; 18.6; 14.7;2344; 0.4; 0.6; 0.6;24; 21.9;B;0;-;On;On;Off; 32.9; 32.4;0;6;2013;6;2013;6;1827;1;-
2026/05/10;15:49:17;-;-; 57.76; 0.5;-; 75.9; 75.3; 30.2; 3.9; 26.3;2344; 0.4; 0.6; 0.6;24; 21.9;B;0;-;On;On;Off; 32.9; 32.4;0;6;2013;6;2013;6;1827;1;-
2026/05/10;15:50:17;-;-; 57.76; 0.5;-; 75.8; 75.2; 31.0; 0.0; 31.0;2344; 0.4; 0.6; 0.6;24; 21.9;B;0;-;On;On;Off; 32.9; 32.4;0;6;2013;6;2013;6;1827;1;-
2026/05/10;15:51:17;-;-; 57.76; 0.5;-; 75.5; 75.7; 28.6; 16.3; 12.4;2344; 0.4; 0.6; 0.6;24; 21.9;B;0;-;On;On;Off; 32.9; 32.4;0;6;2013;6;2013;6;1827;1;-
2026/05/10;15:52:17;-;-; 57.76; 0.6;-; 75.5; 75.4; 35.6; 14.7; 20.9;2344; 0.4; 0.6; 0.6;24; 21.9;B;0;-;On;On;Off; 32.9; 32.4;0;6;2013;6;2013;6;1827;1;-
2026/05/10;15:53:17;-;-; 57.78; 0.6;-; 75.5; 75.6; 33.3; 10.1; 23.3;2344; 0.4; 0.6; 0.6;24; 21.9;B;0;-;On;On;Off; 32.9; 32.4;0;6;2013;6;2013;6;1827;1;-
2026/05/10;15:54:16;-;-; 57.76; 0.6;-; 75.6; 75.4; 34.0; 17.0; 17.0;2344; 0.4; 0.6; 0.6;24; 21.9;B;0;-;On;On;Off; 32.9; 32.4;0;6;2013;6;2013;6;1827;1;-
2026/05/10;15:55:16;-;-; 57.76; 0.5;-; 75.8; 75.4; 28.6; 3.1; 25.6;2344; 0.4; 0.6; 0.6;25; 21.9;B;0;-;On;On;Off; 32.9; 32.4;0;6;2013;6;2013;6;1827;1;-
2026/05/10;15:56:16;-;-; 57.76; 0.5;-; 75.4; 75.6; 31.8; 17.8; 13.9;2344; 0.4; 0.6; 0.6;25; 21.9;B;0;-;On;On;Off; 32.9; 32.4;0;6;2013;6;2013;6;1827;1;-
2026/05/10;15:57:16;-;-; 57.76; 0.5;-; 75.5; 75.6; 31.0; 11.6; 19.4;2344; 0.5; 0.6; 0.6;25; 21.9;B;0;-;On;On;Off; 32.9; 32.4;0;6;2013;6;2013;6;1827;1;-
2026/05/10;15:58:16;-;-; 57.78; 0.4;-; 75.7; 75.4; 21.7; 0.0; 21.7;2344; 0.4; 0.6; 0.6;24; 21.9;B;0;-;On;On;Off; 32.1; 32.4;0;6;2013;6;2013;6;1827;1;-
2026/05/10;15:59:16;-;-; 57.76; 0.3;-; 75.6; 75.5; 16.3; 0.8; 15.5;2344; 0.3; 0.5; 0.5;18; 21.9;B;0;-;On;On;Off; 30.7; 32.2;0;6;2013;6;2013;6;1827;1;-
2026/05/10;16:00:16;-;-; 57.41; 0.3;-; 76.0; 75.3; 16.9; 0.0; 16.9;2344; 0.2; 0.3; 0.3;11; 21.9;B;0;-;On;On;Off; 32.1; 31.9;0;6;2013;6;2013;6;1827;1;-
2026/05/10;16:01:16;-;-; 56.93; 1.1;-; 75.7; 74.6; 64.1; 0.0; 64.1;2344; 0.4; 0.5; 0.5;20; 21.9;B;0;-;On;On;Off; 32.6; 32.1;0;6;2013;6;2013;6;1827;1;-
2026/05/10;16:02:16;-;-; 57.62; 0.5;-; 75.3; 76.1; 27.1; 27.1; 0.0;2344; 0.4; 0.6; 0.6;25; 21.9;B;0;-;On;On;Off; 32.7; 32.2;0;6;2013;6;2013;6;1827;1;-
2026/05/10;16:03:16;-;-; 57.76; 0.5;-; 75.9; 75.2; 29.4; 6.9; 22.4;2344; 0.4; 0.6; 0.6;22; 21.9;B;0;-;On;On;Off; 32.6; 32.2;0;6;2013;6;2013;6;1827;1;-
2026/05/10;16:04:16;-;-; 57.76; 0.6;-; 75.4; 75.8; 32.5; 20.1; 12.4;2344; 0.4; 0.6; 0.6;25; 21.9;B;0;-;On;On;Off; 32.7; 32.2;0;6;2013;6;2013;6;1827;1;-
2026/05/10;16:05:16;-;-; 57.76; 0.7;-; 75.9; 75.2; 41.0; 9.3; 31.8;2344; 0.4; 0.6; 0.6;23; 21.9;B;0;-;On;On;Off; 32.8; 32.2;0;6;2013;6;2013;6;1827;1;-
2026/05/10;16:06:16;-;-; 57.76; 0.6;-; 75.4; 76.0; 33.3; 32.5; 0.8;2344; 0.4; 0.6; 0.6;23; 21.9;B;0;-;On;On;Off; 32.7; 32.2;0;6;2013;6;2013;6;1827;1;-
2026/05/10;16:07:16;-;-; 57.76; 0.6;-; 75.9; 75.4; 35.6; 15.5; 20.1;2344; 0.4; 0.6; 0.6;25; 21.9;B;0;-;On;On;Off; 32.8; 32.3;0;6;2013;6;2013;6;1827;1;-
2026/05/10;16:08:16;-;-; 57.76; 0.5;-; 75.8; 76.0; 31.7; 10.8; 20.9;2344; 0.4; 0.6; 0.6;25; 21.9;B;0;-;On;On;Off; 32.8; 32.3;0;6;2013;6;2013;6;1827;1;-
2026/05/10;16:09:15;-;-; 57.76; 0.5;-; 75.4; 76.3; 29.4; 21.7; 7.8;2344; 0.4; 0.6; 0.6;25; 21.9;B;0;-;On;On;Off; 32.8; 32.3;0;6;2013;6;2013;6;1827;1;-
2026/05/10;16:10:15;-;-; 57.76; 0.6;-; 75.8; 75.7; 33.3; 22.4; 10.8;2344; 0.4; 0.6; 0.6;24; 21.9;B;0;-;On;On;Off; 32.8; 32.3;0;6;2013;6;2013;6;1827;1;-
2026/05/10;16:11:15;-;-; 57.76; 0.8;-; 76.3; 75.2; 48.8; 0.0; 48.8;2344; 0.5; 0.6; 0.6;25; 21.9;B;0;-;On;On;Off; 32.8; 32.3;0;6;2013;6;2013;6;1827;1;-
2026/05/10;16:12:15;-;-; 57.78; 0.6;-; 76.2; 75.4; 34.1; 10.1; 24.0;2344; 0.4; 0.6; 0.6;25; 21.9;B;0;-;On;On;Off; 32.8; 32.3;0;6;2013;6;2013;6;1827;1;-
2026/05/10;16:13:15;-;-; 57.76; 0.7;-; 75.6; 76.2; 37.9; 37.9; 0.0;2344; 0.4; 0.6; 0.6;24; 21.9;B;0;-;On;On;Off; 32.8; 32.3;0;6;2013;6;2013;6;1827;1;-
2026/05/10;16:14:15;-;-; 57.76; 0.5;-; 76.3; 75.5; 31.8; 24.0; 7.8;2344; 0.4; 0.6; 0.6;24; 21.9;B;0;-;On;On;Off; 32.8; 32.3;0;6;2013;6;2013;6;1827;1;-
2026/05/10;16:15:15;-;-; 57.76; 0.5;-; 76.1; 76.1; 31.0; 8.5; 22.4;2344; 0.4; 0.6; 0.6;24; 21.9;B;0;-;On;On;Off; 32.8; 32.3;0;6;2013;6;2013;6;1827;1;-
2026/05/10;16:16:15;-;-; 57.76; 0.6;-; 76.2; 76.0; 34.1; 34.1; 0.0;2344; 0.4; 0.6; 0.6;25; 21.9;B;0;-;On;On;Off; 32.8; 32.3;0;6;2013;6;2013;6;1827;1;-
2026/05/10;16:17:15;-;-; 57.76; 0.9;-; 75.5; 76.5; 49.6; 49.6; 0.0;2344; 0.4; 0.6; 0.6;25; 21.9;B;0;-;On;On;Off; 32.8; 32.3;0;6;2013;6;2013;6;1827;1;-
2026/05/10;16:18:15;-;-; 57.76; 0.9;-; 76.7; 75.6; 51.1; 0.0; 51.1;2344; 0.4; 0.6; 0.6;24; 21.8;B;0;-;On;On;Off; 32.8; 32.3;0;6;2013;6;2013;6;1827;1;-
2026/05/10;16:19:15;-;-; 57.78; 0.9;-; 76.5; 75.5; 51.9; 0.0; 51.9;2344; 0.4; 0.6; 0.6;24; 21.8;B;0;-;On;On;Off; 32.9; 32.3;0;6;2013;6;2013;6;1827;1;-
2026/05/10;16:20:15;-;-; 57.76; 0.7;-; 75.6; 76.4; 38.8; 38.8; 0.0;2344; 0.4; 0.6; 0.6;24; 21.8;B;0;-;On;On;Off; 32.9; 32.3;0;6;2013;6;2013;6;1827;1;-
2026/05/10;16:21:15;-;-; 57.76; 0.7;-; 76.6; 75.2; 39.5; 7.8; 31.8;2344; 0.4; 0.6; 0.6;24; 21.9;B;0;-;On;On;Off; 32.8; 32.3;0;6;2013;6;2013;6;1827;1;-
2026/05/10;16:22:15;-;-; 57.76; 0.5;-; 75.4; 76.5; 30.2; 29.5; 0.8;2344; 0.4; 0.6; 0.6;24; 21.9;B;0;-;On;On;Off; 32.8; 32.4;0;6;2013;6;2013;6;1827;1;-
2026/05/10;16:23:15;-;-; 57.76; 0.8;-; 75.5; 76.6; 48.0; 48.0; 0.0;2344; 0.4; 0.6; 0.6;24; 21.8;B;0;-;On;On;Off; 32.9; 32.3;0;6;2013;6;2013;6;1827;1;-
2026/05/10;16:24:14;-;-; 57.78; 0.6;-; 75.5; 76.6; 36.4; 36.4; 0.0;2344; 0.4; 0.6; 0.6;24; 21.8;B;0;-;On;On;Off; 32.9; 32.3;0;6;2013;6;2013;6;1827;1;-
2026/05/10;16:25:14;-;-; 57.78; 0.5;-; 75.8; 76.4; 31.8; 17.8; 13.9;2344; 0.4; 0.6; 0.6;25; 21.8;B;0;-;On;On;Off; 32.9; 32.3;0;6;2013;6;2013;6;1827;1;-
2026/05/10;16:26:14;-;-; 57.76; 0.7;-; 76.6; 75.6; 37.9; 0.0; 37.9;2344; 0.4; 0.6; 0.6;25; 21.8;B;0;-;On;On;Off; 32.9; 32.3;0;6;2013;6;2013;6;1827;1;-
2026/05/10;16:27:14;-;-; 57.78; 0.5;-; 75.7; 76.4; 31.8; 20.1; 11.6;2344; 0.4; 0.6; 0.6;25; 21.8;B;0;-;On;On;Off; 32.9; 32.3;0;6;2013;6;2013;6;1827;1;-
2026/05/10;16:28:14;-;-; 57.76; 0.5;-; 75.5; 76.5; 28.6; 21.7; 6.9;2344; 0.4; 0.6; 0.6;25; 21.8;B;0;-;On;On;Off; 32.9; 32.4;0;6;2013;6;2013;6;1827;1;-
2026/05/10;16:29:14;-;-; 57.76; 0.5;-; 76.0; 75.8; 28.6; 2.3; 26.3;2344; 0.5; 0.6; 0.6;26; 21.8;B;0;-;On;On;Off; 32.9; 32.3;0;6;2013;6;2013;6;1827;1;-
2026/05/10;16:30:14;-;-; 57.76; 0.5;-; 75.4; 76.0; 31.0; 21.7; 9.3;2344; 0.4; 0.6; 0.6;25; 21.8;B;0;-;On;On;Off; 32.9; 32.3;0;6;2013;6;2013;6;1827;1;-
2026/05/10;16:31:14;-;-; 57.76; 0.6;-; 75.9; 75.3; 36.4; 10.1; 26.3;2344; 0.4; 0.6; 0.6;25; 21.8;B;0;-;On;On;Off; 32.8; 32.3;0;6;2013;6;2013;6;1827;1;-
2026/05/10;16:32:14;-;-; 57.76; 0.6;-; 75.4; 75.5; 37.2; 25.6; 11.6;2344; 0.4; 0.6; 0.6;24; 21.8;B;0;-;On;On;Off; 32.9; 32.3;0;6;2013;6;2013;6;1827;1;-
2026/05/10;16:33:14;-;-; 57.76; 0.5;-; 75.4; 75.6; 29.4; 17.8; 11.6;2344; 0.4; 0.6; 0.6;24; 21.8;B;0;-;On;On;Off; 32.8; 32.3;0;6;2013;6;2013;6;1827;1;-
2026/05/10;16:34:14;-;-; 57.74; 0.5;-; 75.4; 75.4; 30.9; 14.7; 16.3;2344; 0.4; 0.6; 0.6;24; 21.8;B;0;-;On;On;Off; 32.8; 32.3;0;6;2013;6;2013;6;1827;1;-
2026/05/10;16:35:14;-;-; 57.58; 0.7;-; 75.2; 75.0; 39.4; 16.2; 23.2;2344; 0.4; 0.6; 0.6;24; 21.8;B;0;-;On;On;Off; 32.8; 32.1;0;6;2013;6;2013;6;1827;1;-
2026/05/10;16:36:14;-;-; 57.49; 1.5;-; 74.7; 74.6; 84.1; 38.6; 45.5;2344; 0.4; 0.5; 0.5;22; 21.8;B;0;-;On;On;Off; 32.8; 32.1;0;6;2013;6;2013;6;1827;1;-
2026/05/10;16:37:14;-;-; 57.33; 0.8;-; 74.7; 75.0; 45.3; 28.4; 16.9;2344; 0.4; 0.5; 0.5;23; 21.8;B;0;-;On;On;Off; 32.8; 32.1;0;6;2013;6;2013;6;1827;1;-
2026/05/10;16:38:13;-;-; 57.58; 0.5;-; 74.9; 75.0; 31.6; 18.5; 13.1;2344; 0.4; 0.6; 0.6;25; 21.8;B;0;-;On;On;Off; 32.8; 32.2;0;6;2013;6;2013;6;1827;1;-
2026/05/10;16:39:13;-;-; 57.19; 0.8;-; 74.7; 74.7; 44.4; 26.1; 18.4;2344; 0.4; 0.6; 0.6;24; 21.8;B;0;-;On;On;Off; 32.8; 32.3;0;6;2013;6;2013;6;1827;1;-
2026/05/10;16:40:13;-;-; 57.25; 0.3;-; 74.7; 75.6; 19.9; 19.9; 0.0;2344; 0.4; 0.6; 0.6;23; 21.8;B;0;-;On;On;Off; 32.8; 32.2;0;6;2013;6;2013;6;1827;1;-
2026/05/10;16:41:13;-;-; 57.07; 0.8;-; 74.4; 74.6; 45.9; 26.0; 19.9;2344; 0.4; 0.6; 0.6;23; 21.8;B;0;-;On;On;Off; 32.8; 32.3;0;6;2013;6;2013;6;1827;1;-
2026/05/10;16:42:13;-;-; 57.15; 0.4;-; 74.6; 75.5; 20.7; 20.7; 0.0;2344; 0.4; 0.6; 0.6;23; 21.8;B;0;-;On;On;Off; 32.8; 32.3;0;6;2013;6;2013;6;1827;1;-
2026/05/10;16:43:13;-;-; 57.03; 0.8;-; 74.4; 74.5; 45.1; 26.8; 18.3;2344; 0.4; 0.6; 0.6;24; 21.8;B;0;-;On;On;Off; 32.8; 32.3;0;6;2013;6;2013;6;1827;1;-
2026/05/10;16:44:13;-;-; 57.09; 0.4;-; 74.6; 75.5; 20.6; 20.6; 0.0;2344; 0.4; 0.6; 0.6;22; 21.8;B;0;-;On;On;Off; 32.8; 32.2;0;6;2013;6;2013;6;1827;1;-
2026/05/10;16:45:13;-;-; 57.15; 0.7;-; 75.0; 74.5; 39.8; 15.3; 24.5;2344; 0.4; 0.6; 0.6;23; 21.8;B;0;-;On;On;Off; 32.8; 32.2;0;6;2013;6;2013;6;1827;1;-
2026/05/10;16:46:13;-;-; 56.99; 0.4;-; 74.5; 75.6; 22.9; 22.9; 0.0;2344; 0.4; 0.6; 0.6;23; 21.8;B;0;-;On;On;Off; 32.8; 32.2;0;6;2013;6;2013;6;1827;1;-
2026/05/10;16:47:13;-;-; 57.33; 0.3;-; 74.6; 75.6; 17.7; 17.7; 0.0;2344; 0.4; 0.6; 0.6;24; 21.8;B;0;-;On;On;Off; 32.8; 32.2;0;6;2013;6;2013;6;1827;1;-
2026/05/10;16:48:13;-;-; 57.21; 0.8;-; 74.7; 74.7; 44.5; 20.7; 23.8;2344; 0.4; 0.6; 0.6;24; 21.8;B;0;-;On;On;Off; 32.8; 32.2;0;6;2013;6;2013;6;1827;1;-
2026/05/10;16:49:13;-;-; 57.37; 0.3;-; 74.8; 75.8; 17.7; 17.7; 0.0;2344; 0.4; 0.6; 0.6;24; 21.8;B;0;-;On;On;Off; 32.8; 32.2;0;6;2013;6;2013;6;1827;1;-
2026/05/10;16:50:13;-;-; 57.27; 0.8;-; 74.7; 74.7; 44.6; 23.1; 21.5;2344; 0.4; 0.6; 0.6;24; 21.8;B;0;-;On;On;Off; 32.8; 32.2;0;6;2013;6;2013;7;1828;1;-
2026/05/10;16:51:13;-;-; 57.56; 0.6;-; 74.9; 74.9; 32.4; 17.8; 14.6;2344; 0.4; 0.6; 0.6;23; 21.8;B;0;-;On;On;Off; 32.8; 32.2;0;6;2013;6;2013;7;1828;1;-
2026/05/10;16:52:13;-;-; 57.19; 0.6;-; 74.8; 74.8; 34.5; 13.8; 20.7;2344; 0.4; 0.6; 0.6;23; 21.8;B;0;-;On;On;Off; 32.8; 32.2;0;6;2013;6;2013;7;1828;1;-
2026/05/10;16:53:12;-;-; 57.47; 0.3;-; 74.7; 75.8; 20.0; 20.0; 0.0;2344; 0.4; 0.6; 0.6;23; 21.8;B;0;-;On;On;Off; 32.8; 32.2;0;6;2013;6;2013;7;1828;1;-
2026/05/10;16:54:12;-;-; 57.25; 0.7;-; 74.9; 74.8; 37.6; 15.4; 22.2;2344; 0.4; 0.6; 0.6;24; 21.8;B;0;-;On;On;Off; 32.8; 32.2;0;6;2013;6;2013;7;1828;1;-
2026/05/10;16:55:12;-;-; 57.66; 0.5;-; 74.9; 75.4; 29.4; 19.3; 10.1;2344; 0.4; 0.6; 0.6;24; 21.8;B;0;-;On;On;Off; 32.8; 32.2;0;6;2013;6;2013;7;1828;1;-
2026/05/10;16:56:12;-;-; 57.29; 0.7;-; 74.9; 74.9; 39.9; 18.4; 21.5;2344; 0.4; 0.6; 0.6;23; 21.8;B;0;-;On;On;Off; 32.8; 32.2;0;6;2013;6;2013;7;1828;1;-
2026/05/10;16:57:12;-;-; 57.68; 0.3;-; 74.9; 75.9; 19.4; 19.4; 0.0;2344; 0.4; 0.6; 0.6;25; 21.8;B;0;-;On;On;Off; 32.8; 32.3;0;6;2013;6;2013;7;1828;1;-
2026/05/10;16:58:12;-;-; 57.01; 1.0;-; 74.7; 74.8; 56.5; 28.3; 28.3;2344; 0.5; 0.6; 0.6;25; 21.8;B;0;-;On;On;Off; 32.8; 32.2;0;6;2013;6;2013;7;1828;1;-
2026/05/10;16:59:12;-;-; 57.39; 1.4;-; 74.8; 74.5; 82.4; 37.7; 44.7;2344; 0.4; 0.5; 0.5;23; 21.8;B;0;-;On;On;Off; 32.8; 32.2;0;6;2013;6;2013;7;1828;1;-
2026/05/10;17:00:12;-;-; 57.50; 0.9;-; 74.9; 75.0; 49.3; 26.2; 23.1;2344; 0.4; 0.6; 0.6;24; 21.8;B;0;-;On;On;Off; 32.8; 32.2;0;6;2013;6;2013;7;1828;1;-
2026/05/10;17:01:12;-;-; 57.23; 0.5;-; 75.2; 74.9; 31.4; 10.7; 20.7;2344; 0.4; 0.6; 0.6;23; 21.8;B;0;-;On;On;Off; 32.8; 32.1;0;6;2013;6;2013;7;1828;1;-
2026/05/10;17:02:12;-;-; 57.70; 0.7;-; 75.2; 74.9; 41.8; 13.9; 27.9;2344; 0.4; 0.5; 0.5;22; 21.8;B;0;-;On;On;Off; 32.8; 32.1;0;6;2013;6;2013;7;1828;1;-
2026/05/10;17:03:12;-;-; 57.45; 0.6;-; 75.2; 75.3; 34.6; 20.0; 14.6;2344; 0.4; 0.6; 0.6;24; 21.8;B;0;-;On;On;Off; 32.7; 32.0;0;6;2013;6;2013;7;1828;1;-
2026/05/10;17:04:12;-;-; 57.68; 1.0;-; 75.0; 74.9; 57.2; 24.7; 32.5;2344; 0.4; 0.6; 0.6;23; 21.8;B;0;-;On;On;Off; 32.7; 32.0;0;7;2014;7;2014;7;1828;1;-
2026/05/10;17:05:12;-;-; 57.50; 1.1;-; 74.9; 74.8; 65.6; 25.5; 40.1;2344; 0.4; 0.5; 0.5;21; 21.8;B;0;-;On;On;Off; 32.8; 32.2;0;7;2014;7;2014;7;1828;1;-
2026/05/10;17:06:12;-;-; 57.54; 0.8;-; 75.3; 75.2; 45.5; 20.8; 24.7;2344; 0.4; 0.6; 0.6;25; 21.8;B;0;-;On;On;Off; 32.8; 32.2;0;7;2014;7;2014;7;1828;1;-
2026/05/10;17:07:12;-;-; 57.76; 0.6;-; 75.6; 75.2; 32.5; 10.8; 21.7;2344; 0.4; 0.6; 0.6;25; 21.8;B;0;-;On;On;Off; 32.8; 32.2;0;7;2014;7;2014;7;1828;1;-
2026/05/10;17:08:11;-;-; 57.37; 1.6;-; 74.7; 74.7; 92.3; 48.5; 43.8;2344; 0.4; 0.6; 0.6;23; 21.8;B;0;-;On;On;Off; 32.8; 32.3;0;7;2014;7;2014;7;1828;1;-
2026/05/10;17:09:11;-;-; 57.31; 1.6;-; 74.7; 74.6; 93.8; 43.1; 50.7;2344; 0.4; 0.6; 0.6;23; 21.8;B;0;-;On;On;Off; 32.8; 32.2;0;7;2014;7;2014;7;1828;1;-
2026/05/10;17:10:11;-;-; 57.25; 0.0;-; 76.3; 76.3; 0.0; 0.0; 0.0;2344; 0.4; 0.6; 0.6;23; 21.8;B;0;-;On;On;Off; 32.8; 32.3;0;7;2014;7;2014;7;1828;1;-
2026/05/10;17:11:11;-;-; 57.76; 0.5;-; 75.3; 75.4; 30.9; 12.4; 18.6;2344; 0.4; 0.6; 0.6;23; 21.8;B;0;-;On;On;Off; 32.8; 32.3;0;7;2014;7;2014;7;1828;1;-
2026/05/10;17:12:11;-;-; 57.60; 0.0;-; 76.2; 76.2; 0.0; 0.0; 0.0;2344; 0.4; 0.6; 0.6;24; 21.8;B;0;-;On;On;Off; 32.8; 32.3;0;7;2014;7;2014;7;1828;1;-
2026/05/10;17:13:11;-;-; 57.68; 0.9;-; 75.1; 74.9; 51.1; 23.2; 27.9;2344; 0.4; 0.6; 0.6;23; 21.8;B;0;-;On;On;Off; 32.8; 32.3;0;7;2014;7;2014;7;1828;1;-
2026/05/10;17:14:11;-;-; 57.76; 0.6;-; 75.4; 75.2; 34.8; 13.1; 21.7;2344; 0.4; 0.6; 0.6;23; 21.8;B;0;-;On;On;Off; 32.8; 32.3;0;7;2014;7;2014;7;1828;1;-
2026/05/10;17:15:11;-;-; 57.07; 0.6;-; 75.3; 75.2; 35.9; 15.3; 20.6;2344; 0.4; 0.6; 0.6;23; 21.8;B;0;-;On;On;Off; 32.8; 32.3;0;7;2014;7;2014;7;1828;1;-
2026/05/10;17:16:11;-;-; 57.74; 0.5;-; 75.5; 75.2; 31.8; 11.6; 20.1;2344; 0.4; 0.6; 0.6;24; 21.8;B;0;-;On;On;Off; 32.8; 32.3;0;7;2014;7;2014;7;1828;1;-
2026/05/10;17:17:11;-;-; 57.76; 0.6;-; 75.3; 75.2; 32.5; 13.1; 19.4;2344; 0.4; 0.6; 0.6;22; 21.8;B;0;-;On;On;Off; 32.8; 32.3;0;7;2014;7;2014;7;1828;1;-
2026/05/10;17:18:11;-;-; 57.70; 0.2;-; 75.4; 75.7; 13.1; 13.1; 0.0;2344; 0.4; 0.6; 0.6;23; 21.8;B;0;-;On;On;Off; 32.8; 32.3;0;7;2014;7;2014;7;1828;1;-
2026/05/10;17:19:11;-;-; 57.52; 0.3;-; 76.0; 75.2; 16.2; 0.0; 16.2;2344; 0.4; 0.6; 0.6;22; 21.8;B;0;-;On;On;Off; 32.8; 32.3;0;7;2014;7;2014;7;1828;1;-
2026/05/10;17:20:11;-;-; 57.23; 1.2;-; 74.6; 74.9; 68.3; 40.7; 27.6;2344; 0.4; 0.6; 0.6;22; 21.8;B;0;-;On;On;Off; 32.8; 32.2;0;7;2014;7;2014;7;1828;1;-
2026/05/10;17:21:11;-;-; 57.49; 0.8;-; 74.8; 74.8; 46.2; 22.3; 23.9;2344; 0.5; 0.6; 0.6;25; 21.8;B;0;-;On;On;Off; 32.8; 32.3;0;7;2014;7;2014;7;1828;1;-
2026/05/10;17:22:11;-;-; 57.31; 0.7;-; 75.0; 74.7; 39.2; 16.1; 23.1;2344; 0.4; 0.6; 0.6;25; 21.8;B;0;-;On;On;Off; 32.8; 32.3;0;7;2014;7;2014;7;1828;1;-
2026/05/10;17:23:10;-;-; 57.45; 0.8;-; 74.7; 74.7; 46.2; 22.3; 23.9;2344; 0.4; 0.6; 0.6;24; 21.8;B;0;-;On;On;Off; 32.8; 32.3;0;7;2014;7;2014;7;1828;1;-
2026/05/10;17:24:10;-;-; 57.47; 0.7;-; 75.0; 74.7; 37.8; 17.7; 20.0;2344; 0.4; 0.6; 0.6;24; 21.8;B;0;-;On;On;Off; 32.8; 32.3;0;7;2014;7;2014;7;1828;1;-
2026/05/10;17:25:10;-;-; 57.58; 0.8;-; 74.9; 74.7; 43.2; 16.2; 27.0;2344; 0.4; 0.6; 0.6;24; 21.8;B;0;-;On;On;Off; 32.8; 32.3;0;7;2014;7;2014;7;1828;1;-
2026/05/10;17:26:10;-;-; 57.41; 0.8;-; 74.7; 74.9; 45.4; 26.2; 19.3;2344; 0.4; 0.6; 0.6;24; 21.8;B;0;-;On;On;Off; 32.8; 32.3;0;7;2014;7;2014;7;1828;1;-
2026/05/10;17:27:10;-;-; 57.74; 0.6;-; 75.0; 75.1; 34.0; 20.9; 13.1;2344; 0.4; 0.6; 0.6;22; 21.8;B;0;-;On;On;Off; 32.8; 32.3;0;7;2014;7;2014;7;1828;1;-
2026/05/10;17:28:10;-;-; 57.76; 0.6;-; 75.3; 74.8; 37.2; 10.1; 27.1;2344; 0.4; 0.6; 0.6;24; 21.8;B;0;-;On;On;Off; 32.8; 32.2;0;7;2014;7;2014;7;1828;1;-
2026/05/10;17:29:10;-;-; 57.29; 0.9;-; 75.4; 74.6; 52.3; 11.5; 40.7;2344; 0.4; 0.6; 0.6;23; 21.8;B;0;-;On;On;Off; 32.8; 32.3;0;7;2014;7;2014;7;1828;1;-
2026/05/10;17:30:10;-;-; 57.66; 1.0;-; 75.0; 74.9; 55.7; 26.3; 29.4;2344; 0.4; 0.6; 0.6;23; 21.8;B;0;-;On;On;Off; 32.8; 32.3;0;7;2014;7;2014;7;1828;1;-
2026/05/10;17:31:10;-;-; 57.76; 0.7;-; 75.4; 75.2; 39.4; 17.0; 22.4;2344; 0.4; 0.6; 0.6;23; 21.8;B;0;-;On;On;Off; 32.8; 32.3;0;7;2014;7;2014;7;1828;1;-
2026/05/10;17:32:10;-;-; 57.74; 0.6;-; 75.4; 75.3; 33.3; 10.1; 23.3;2344; 0.4; 0.6; 0.6;24; 21.8;B;0;-;On;On;Off; 32.8; 32.3;0;7;2014;7;2014;7;1828;1;-
2026/05/10;17:33:10;-;-; 57.54; 0.0;-; 76.4; 76.2; 0.0; 0.0; 0.0;2344; 0.4; 0.6; 0.6;23; 21.8;B;0;-;On;On;Off; 32.8; 32.3;0;7;2014;7;2014;7;1828;1;-
2026/05/10;17:34:10;-;-; 57.35; 1.6;-; 74.7; 74.7; 90.8; 49.2; 41.5;2344; 0.4; 0.6; 0.6;23; 21.8;B;0;-;On;On;Off; 32.8; 32.3;0;7;2014;7;2014;7;1828;1;-
2026/05/10;17:35:10;-;-; 57.68; 0.9;-; 75.1; 75.0; 51.1; 23.2; 27.9;2344; 0.4; 0.6; 0.6;24; 21.8;B;0;-;On;On;Off; 32.8; 32.3;0;7;2014;7;2014;7;1828;1;-
2026/05/10;17:36:10;-;-; 57.76; 0.6;-; 75.4; 75.1; 33.3; 11.6; 21.7;2344; 0.4; 0.6; 0.6;25; 21.8;B;0;-;On;On;Off; 32.8; 32.3;0;7;2014;7;2014;7;1828;1;-
2026/05/10;17:37:10;-;-; 57.76; 0.6;-; 75.4; 75.1; 33.3; 13.1; 20.1;2344; 0.4; 0.6; 0.6;25; 21.8;B;0;-;On;On;Off; 32.8; 32.3;0;7;2014;7;2014;7;1828;1;-
2026/05/10;17:38:09;-;-; 57.72; 1.0;-; 75.0; 74.9; 55.7; 24.7; 31.0;2344; 0.4; 0.6; 0.6;24; 21.8;B;0;-;On;On;Off; 32.8; 32.3;0;7;2014;7;2014;7;1828;1;-
2026/05/10;17:39:09;-;-; 56.97; 0.5;-; 75.3; 75.2; 29.0; 12.2; 16.8;2344; 0.4; 0.6; 0.6;24; 21.8;B;0;-;On;On;Off; 32.8; 32.3;0;7;2014;7;2014;7;1828;1;-
2026/05/10;17:40:09;-;-; 57.62; 1.0;-; 74.9; 74.8; 57.2; 27.8; 29.4;2344; 0.4; 0.6; 0.6;24; 21.8;B;0;-;On;On;Off; 32.8; 32.3;0;7;2014;7;2014;7;1828;1;-
2026/05/10;17:41:09;-;-; 57.05; 0.6;-; 75.4; 74.9; 35.9; 13.8; 22.2;2344; 0.5; 0.6; 0.6;25; 21.8;B;0;-;On;On;Off; 32.8; 32.3;0;7;2014;7;2014;7;1828;1;-
2026/05/10;17:42:09;-;-; 57.31; 1.6;-; 74.5; 74.5; 94.6; 46.2; 48.5;2344; 0.4; 0.6; 0.6;24; 21.8;B;0;-;On;On;Off; 32.8; 32.3;0;7;2014;7;2014;7;1828;1;-
2026/05/10;17:43:09;-;-; 57.76; 0.7;-; 75.3; 75.2; 42.6; 17.0; 25.6;2344; 0.4; 0.6; 0.6;24; 21.8;B;0;-;On;On;Off; 32.8; 32.3;0;7;2014;7;2014;7;1828;1;-
2026/05/10;17:44:09;-;-; 57.64; 0.9;-; 75.1; 75.0; 51.0; 24.7; 26.3;2344; 0.4; 0.6; 0.6;23; 21.8;B;0;-;On;On;Off; 32.8; 32.3;0;7;2014;7;2014;7;1828;1;-
2026/05/10;17:45:09;-;-; 57.76; 0.6;-; 75.6; 75.2; 32.5; 10.8; 21.7;2344; 0.4; 0.6; 0.6;24; 21.8;B;0;-;On;On;Off; 32.8; 32.3;0;7;2014;7;2014;7;1828;1;-
2026/05/10;17:46:09;-;-; 57.72; 0.9;-; 75.2; 75.0; 50.4; 23.2; 27.1;2344; 0.4; 0.6; 0.6;24; 21.8;B;0;-;On;On;Off; 32.8; 32.3;0;7;2014;7;2014;7;1828;1;-
2026/05/10;17:47:09;-;-; 57.74; 0.5;-; 75.5; 75.3; 30.9; 8.5; 22.4;2344; 0.4; 0.6; 0.6;24; 21.8;B;0;-;On;On;Off; 32.8; 32.3;0;7;2014;7;2014;7;1828;1;-
2026/05/10;17:48:09;-;-; 57.11; 0.7;-; 75.3; 75.2; 39.0; 16.8; 22.2;2344; 0.4; 0.6; 0.6;24; 21.8;B;0;-;On;On;Off; 32.8; 32.3;0;7;2014;7;2014;7;1828;1;-
2026/05/10;17:49:09;-;-; 57.68; 0.3;-; 76.2; 75.2; 20.1; 0.0; 20.1;2344; 0.4; 0.6; 0.6;23; 21.8;B;0;-;On;On;Off; 32.8; 32.3;0;7;2014;7;2014;7;1828;1;-
2026/05/10;17:50:09;-;-; 57.64; 0.2;-; 76.2; 75.6; 10.0; 0.0; 10.0;2344; 0.4; 0.6; 0.6;24; 21.8;B;0;-;On;On;Off; 32.8; 32.3;0;7;2014;7;2014;7;1828;1;-
2026/05/10;17:51:09;-;-; 57.31; 1.6;-; 74.5; 74.9; 90.0; 46.9; 43.1;2344; 0.4; 0.5; 0.5;23; 21.8;B;0;-;On;On;Off; 32.8; 32.3;0;7;2014;7;2014;7;1828;1;-
2026/05/10;17:52:09;-;-; 57.47; 0.8;-; 75.1; 74.8; 45.5; 17.7; 27.7;2344; 0.4; 0.6; 0.6;25; 21.8;B;0;-;On;On;Off; 32.8; 32.3;0;7;2014;7;2014;7;1828;1;-
2026/05/10;17:53:08;-;-; 57.56; 0.7;-; 75.0; 74.9; 39.4; 16.2; 23.2;2344; 0.4; 0.6; 0.6;24; 21.8;B;0;-;On;On;Off; 32.8; 32.3;0;7;2014;7;2014;7;1828;1;-
2026/05/10;17:54:08;-;-; 57.35; 0.8;-; 75.1; 74.7; 46.1; 16.1; 30.0;2344; 0.4; 0.6; 0.6;23; 21.8;B;0;-;On;On;Off; 32.8; 32.3;0;7;2014;7;2014;7;1828;1;-
2026/05/10;17:55:08;-;-; 57.43; 0.7;-; 74.8; 74.7; 40.0; 17.7; 22.3;2344; 0.4; 0.6; 0.6;24; 21.8;B;0;-;On;On;Off; 32.8; 32.3;0;7;2014;7;2014;7;1828;1;-
2026/05/10;17:56:08;-;-; 57.19; 0.8;-; 74.7; 74.6; 44.5; 16.8; 27.6;2344; 0.4; 0.6; 0.6;23; 21.8;B;0;-;On;On;Off; 32.8; 32.3;0;7;2014;7;2014;7;1828;1;-
2026/05/10;17:57:08;-;-; 57.25; 0.7;-; 74.7; 74.6; 40.6; 18.4; 22.2;2344; 0.4; 0.6; 0.6;24; 21.8;B;0;-;On;On;Off; 32.8; 32.3;0;7;2014;7;2014;7;1828;1;-
2026/05/10;17:58:08;-;-; 57.21; 0.7;-; 74.6; 74.4; 38.3; 16.1; 22.2;2344; 0.4; 0.6; 0.6;23; 21.8;B;0;-;On;On;Off; 32.8; 32.3;0;7;2014;7;2014;7;1828;1;-
2026/05/10;17:59:08;-;-; 57.15; 0.7;-; 74.5; 74.4; 39.0; 18.4; 20.7;2344; 0.4; 0.6; 0.6;23; 21.8;B;0;-;On;On;Off; 32.8; 32.3;0;7;2014;7;2014;7;1828;1;-
2026/05/10;18:00:08;-;-; 57.31; 0.7;-; 74.4; 74.3; 42.3; 20.7; 21.5;2344; 0.4; 0.6; 0.6;23; 21.8;B;0;-;On;On;Off; 32.8; 32.2;0;7;2014;7;2014;7;1828;1;-
2026/05/10;18:01:08;-;-; 57.31; 0.8;-; 74.4; 74.3; 43.8; 21.5; 22.3;2344; 0.4; 0.6; 0.6;23; 21.8;B;0;-;On;On;Off; 32.8; 32.2;0;7;2014;7;2014;7;1828;1;-
2026/05/10;18:02:08;-;-; 57.49; 0.8;-; 74.4; 74.4; 43.2; 21.6; 21.6;2344; 0.4; 0.6; 0.6;23; 21.8;B;0;-;On;On;Off; 32.8; 32.2;0;7;2014;7;2014;7;1828;1;-
2026/05/10;18:03:08;-;-; 57.58; 0.4;-; 75.0; 74.6; 21.6; 0.0; 21.6;2344; 0.4; 0.6; 0.6;23; 21.7;B;0;-;On;On;Off; 32.8; 32.2;0;7;2014;7;2014;7;1828;1;-
2026/05/10;18:04:08;-;-; 57.27; 0.7;-; 74.6; 74.6; 41.4; 20.7; 20.7;2344; 0.4; 0.6; 0.6;23; 21.7;B;0;-;On;On;Off; 32.8; 32.2;0;7;2014;7;2014;7;1828;1;-
2026/05/10;18:05:08;-;-; 57.23; 0.7;-; 74.7; 74.7; 39.9; 20.7; 19.2;2344; 0.4; 0.6; 0.6;23; 21.8;B;0;-;On;On;Off; 32.8; 32.2;0;7;2014;7;2014;7;1828;1;-
2026/05/10;18:06:08;-;-; 57.74; 0.8;-; 74.9; 74.7; 44.9; 17.0; 27.9;2344; 0.4; 0.6; 0.6;24; 21.7;B;0;-;On;On;Off; 32.8; 32.2;0;7;2014;7;2014;7;1828;1;-
2026/05/10;18:07:08;-;-; 57.41; 0.6;-; 74.7; 74.9; 34.6; 17.7; 16.9;2344; 0.4; 0.6; 0.6;23; 21.8;B;0;-;On;On;Off; 32.8; 32.2;0;7;2014;7;2014;7;1828;1;-
2026/05/10;18:08:07;-;-; 57.27; 0.4;-; 75.9; 74.7; 22.3; 0.0; 22.3;2344; 0.4; 0.6; 0.6;24; 21.7;B;0;-;On;On;Off; 32.8; 32.2;0;7;2014;7;2014;7;1828;1;-
2026/05/10;18:09:07;-;-; 57.29; 0.6;-; 74.7; 74.7; 36.1; 18.4; 17.7;2344; 0.4; 0.6; 0.6;24; 21.7;B;0;-;On;On;Off; 32.8; 32.2;0;7;2014;7;2014;7;1828;1;-
2026/05/10;18:10:07;-;-; 57.11; 0.4;-; 75.6; 74.5; 20.6; 0.0; 20.6;2344; 0.4; 0.6; 0.6;23; 21.7;B;0;-;On;On;Off; 32.7; 32.2;0;7;2014;7;2014;7;1828;1;-
2026/05/10;18:11:07;-;-; 56.89; 0.7;-; 74.5; 74.3; 37.4; 17.5; 19.8;2344; 0.4; 0.6; 0.6;22; 21.7;B;0;-;On;On;Off; 32.7; 32.2;0;7;2014;7;2014;7;1828;1;-
2026/05/10;18:12:07;-;-; 56.89; 0.3;-; 75.5; 74.2; 19.8; 0.0; 19.8;2344; 0.4; 0.6; 0.6;23; 21.7;B;0;-;On;On;Off; 32.7; 32.2;0;7;2014;7;2014;7;1828;1;-
2026/05/10;18:13:07;-;-; 56.79; 0.7;-; 74.3; 74.2; 38.0; 18.3; 19.8;2344; 0.4; 0.6; 0.6;23; 21.7;B;0;-;On;On;Off; 32.7; 32.2;0;7;2014;7;2014;7;1828;1;-
2026/05/10;18:14:07;-;-; 56.75; 0.4;-; 75.4; 74.0; 20.5; 0.0; 20.5;2344; 0.4; 0.6; 0.6;22; 21.7;B;0;-;On;On;Off; 32.7; 32.2;0;7;2014;7;2014;7;1828;1;-
2026/05/10;18:15:07;-;-; 56.60; 0.7;-; 74.1; 73.9; 37.2; 17.5; 19.7;2344; 0.4; 0.6; 0.6;22; 21.7;B;0;-;On;On;Off; 32.7; 32.2;0;7;2014;7;2014;7;1828;1;-
2026/05/10;18:16:07;-;-; 56.56; 0.7;-; 73.8; 73.7; 38.7; 19.0; 19.7;2344; 0.4; 0.6; 0.6;23; 21.7;B;0;-;On;On;Off; 32.7; 32.2;0;7;2014;7;2014;7;1828;1;-
2026/05/10;18:17:07;-;-; 56.42; 0.6;-; 73.8; 73.7; 36.3; 17.4; 18.9;2344; 0.4; 0.6; 0.6;23; 21.7;B;0;-;On;On;Off; 32.7; 32.1;0;7;2014;7;2014;7;1828;1;-
2026/05/10;18:18:07;-;-; 56.34; 0.7;-; 73.6; 73.4; 38.5; 18.9; 19.6;2344; 0.4; 0.6; 0.6;22; 21.7;B;0;-;On;On;Off; 32.7; 32.1;0;7;2014;7;2014;7;1828;1;-
2026/05/10;18:19:07;-;-; 56.30; 0.6;-; 73.4; 73.3; 36.2; 16.6; 19.6;2344; 0.4; 0.6; 0.6;22; 21.7;B;0;-;On;On;Off; 32.7; 32.1;0;7;2014;7;2014;7;1828;1;-
2026/05/10;18:20:07;-;-; 56.18; 0.3;-; 73.8; 73.2; 19.6; 0.0; 19.6;2344; 0.4; 0.5; 0.5;22; 21.7;B;0;-;On;On;Off; 30.7; 32.0;0;7;2014;7;2014;7;1828;1;-
2026/05/10;18:21:07;-;-; 56.26; 0.5;-; 73.2; 73.3; 30.2; 16.6; 13.6;2344; 0.2; 0.3; 0.3;10; 21.7;B;0;-;On;On;Off; 30.6; 31.8;0;7;2014;7;2014;7;1828;1;-
2026/05/10;18:22:06;-;-; 56.16; 0.3;-; 73.1; 74.1; 16.5; 16.5; 0.0;2344; 0.3; 0.4; 0.4;14; 21.7;B;0;-;On;On;Off; 32.2; 31.8;0;7;2014;7;2014;7;1828;1;-
2026/05/10;18:23:06;-;-; 55.77; 0.3;-; 73.6; 72.9; 18.7; 0.0; 18.7;2344; 0.4; 0.6; 0.6;23; 21.7;B;0;-;On;On;Off; 31.1; 31.9;0;7;2014;7;2014;7;1828;1;-
2026/05/10;18:24:06;-;-; 55.73; 0.3;-; 73.2; 72.6; 19.4; 0.0; 19.4;2344; 0.3; 0.4; 0.4;14; 21.7;B;0;-;On;On;Off; 30.2; 31.6;0;7;2014;7;2014;7;1828;1;-
2026/05/10;18:25:06;-;-; 55.81; 0.5;-; 72.9; 72.8; 27.7; 12.7; 15.0;2344; 0.2; 0.3; 0.3;9; 21.7;B;0;-;On;On;Off; 31.8; 31.6;0;7;2014;7;2014;7;1828;1;-
2026/05/10;18:26:06;-;-; 55.47; 0.6;-; 72.4; 72.3; 33.4; 15.6; 17.8;2344; 0.4; 0.5; 0.5;21; 21.7;B;0;-;On;On;Off; 32.1; 31.7;0;7;2014;7;2014;7;1828;1;-
2026/05/10;18:27:06;-;-; 55.37; 0.3;-; 72.9; 72.1; 18.6; 0.0; 18.6;2344; 0.4; 0.5; 0.5;22; 21.7;B;0;-;On;On;Off; 30.3; 31.6;0;7;2014;7;2014;7;1828;1;-
2026/05/10;18:28:06;-;-; 55.53; 0.8;-; 71.8; 71.8; 41.7; 20.9; 20.9;2344; 0.2; 0.3; 0.3;8; 21.7;B;0;-;On;On;Off; 30.1; 31.4;0;7;2014;7;2014;7;1828;1;-
2026/05/10;18:29:06;-;-; 55.24; 0.3;-; 73.4; 72.0; 16.3; 0.0; 16.3;2344; 0.2; 0.4; 0.4;13; 21.7;B;0;-;On;On;Off; 31.8; 31.5;0;7;2014;7;2014;7;1828;1;-
2026/05/10;18:30:06;-;-; 54.76; 0.0;-; 72.9; 72.7; 0.0; 0.0; 0.0;2344; 0.4; 0.5; 0.5;21; 21.7;B;0;-;On;On;Off; 31.4; 30.5;0;7;2014;7;2014;7;1828;1;-
2026/05/10;18:31:06;-;-; 53.83; 0.0;-; 72.9; 72.8; 0.7; 0.0; 0.7;2344; 0.1; 0.3; 0.3;6; 21.7;B;0;-;On;On;Off; 29.7; 29.2;0;7;2014;7;2014;7;1828;1;-
2026/05/10;18:32:06;-;-; 55.26; 0.6;-; 72.1; 71.9; 32.6; 15.6; 17.0;2344;-0.2; 0.0; 0.0;-11; 21.7;B;0;-;On;On;Off; 30.9; 30.5;0;7;2014;7;2014;7;1828;1;-
2026/05/10;18:33:06;-;-; 55.26; 0.6;-; 72.0; 71.9; 34.0; 16.3; 17.8;2344; 0.5; 0.5; 0.5;25; 21.7;B;0;-;On;On;Off; 31.5; 31.1;0;7;2014;7;2014;7;1828;1;-
2026/05/10;18:34:06;-;-; 54.21; 0.0;-; 72.8; 72.7; 0.7; 0.0; 0.7;2344; 0.4; 0.5; 0.5;22; 21.7;B;0;-;On;On;Off; 30.0; 29.5;0;7;2014;7;2014;7;1828;1;-
2026/05/10;18:35:06;-;-; 53.70; 0.0;-; 72.8; 72.8; 0.7; 0.0; 0.7;2344;-0.1; 0.1; 0.1;-5; 21.7;B;0;-;On;On;Off; 29.2; 28.8;0;7;2014;7;2014;7;1828;1;-
2026/05/10;18:36:06;-;-; 55.24; 0.6;-; 72.0; 71.9; 34.0; 16.3; 17.7;2344;-0.1; 0.1; 0.1;-5; 21.7;B;0;-;On;On;Off; 31.0; 30.5;0;7;2014;7;2014;7;1828;1;-
2026/05/10;18:37:05;-;-; 55.22; 0.6;-; 72.1; 71.9; 34.0; 16.3; 17.7;2344; 0.6; 0.6; 0.6;31; 21.7;B;0;-;On;On;Off; 31.4; 30.9;0;7;2014;7;2014;7;1828;1;-
2026/05/10;18:38:05;-;-; 53.95; 0.0;-; 72.9; 72.7; 0.7; 0.0; 0.7;2344; 0.3; 0.5; 0.5;17; 21.6;B;0;-;On;On;Off; 29.3; 28.9;0;7;2014;7;2014;7;1828;1;-
2026/05/10;18:39:05;-;-; 54.62; 0.7;-; 71.3; 72.0; 36.6; 22.7; 13.9;2344;-0.2; 0.0; 0.0;-10; 21.7;B;0;-;On;On;Off; 29.8; 29.1;0;7;2014;7;2014;7;1828;1;-
2026/05/10;18:40:05;-;-; 55.14; 0.6;-; 71.9; 71.8; 34.0; 16.2; 17.7;2344; 0.3; 0.4; 0.4;16; 21.7;B;0;-;On;On;Off; 31.0; 30.5;0;7;2014;7;2014;7;1828;1;-
2026/05/10;18:41:05;-;-; 54.66; 0.0;-; 72.8; 72.5; 0.0; 0.0; 0.0;2344; 0.4; 0.6; 0.6;22; 21.6;B;0;-;On;On;Off; 30.5; 30.0;0;7;2014;7;2014;7;1828;1;-
2026/05/10;18:42:05;-;-; 53.79; 0.0;-; 72.5; 72.6; 0.7; 0.0; 0.7;2344; 0.1; 0.3; 0.3;7; 21.6;B;0;-;On;On;Off; 29.0; 28.5;0;7;2014;7;2014;7;1828;1;-
2026/05/10;18:43:05;-;-; 54.90; 0.6;-; 71.6; 71.5; 33.8; 16.2; 17.6;2344;-0.2; 0.0; 0.0;-10; 21.7;B;0;-;On;On;Off; 30.3; 29.8;0;7;2014;7;2014;7;1828;1;-
2026/05/10;18:44:05;-;-; 54.94; 0.6;-; 71.6; 71.5; 33.1; 16.2; 16.9;2344; 0.5; 0.5; 0.5;25; 21.6;B;0;-;On;On;Off; 30.9; 30.4;0;7;2014;7;2014;8;1829;1;-
2026/05/10;18:45:05;-;-; 54.09; 0.0;-; 72.6; 72.3; 0.0; 0.0; 0.0;2344; 0.4; 0.5; 0.5;21; 21.6;B;0;-;On;On;Off; 29.3; 29.0;0;7;2014;7;2014;8;1829;1;-
2026/05/10;18:46:05;-;-; 53.64; 0.0;-; 72.4; 72.4; 0.0; 0.0; 0.0;2344;-0.1; 0.1; 0.1;-3; 21.6;B;0;-;On;On;Off; 28.6; 28.2;0;7;2014;7;2014;8;1829;1;-
2026/05/10;18:47:05;-;-; 54.88; 0.6;-; 71.5; 71.3; 31.7; 14.7; 16.9;2344;-0.1; 0.1; 0.1;-6; 21.6;B;0;-;On;On;Off; 30.5; 30.0;0;7;2014;7;2014;8;1829;1;-
2026/05/10;18:48:05;-;-; 54.88; 0.6;-; 71.7; 71.5; 32.3; 16.2; 16.2;2344; 0.6; 0.6; 0.6;31; 21.6;B;0;-;On;On;Off; 30.8; 30.3;0;7;2014;7;2014;8;1829;1;-
2026/05/10;18:49:05;-;-; 53.85; 0.0;-; 72.6; 72.4; 0.7; 0.0; 0.7;2344; 0.3; 0.5; 0.5;17; 21.6;B;0;-;On;On;Off; 28.9; 28.4;0;7;2014;7;2014;8;1829;1;-
2026/05/10;18:50:05;-;-; 54.84; 0.8;-; 71.0; 71.3; 41.9; 23.5; 18.4;2344;-0.2; 0.0; 0.0;-11; 21.6;B;0;-;On;On;Off; 29.3; 28.6;0;7;2014;7;2014;8;1829;1;-
2026/05/10;18:51:05;-;-; 55.06; 0.6;-; 71.9; 71.8; 33.2; 16.2; 17.0;2344; 0.3; 0.4; 0.4;14; 21.6;B;0;-;On;On;Off; 30.5; 30.1;0;7;2014;7;2014;8;1829;1;-
2026/05/10;18:52:04;-;-; 54.58; 0.0;-; 72.9; 72.7; 0.0; 0.0; 0.0;2344; 0.4; 0.6; 0.6;24; 21.6;B;0;-;On;On;Off; 29.9; 29.2;0;7;2014;7;2014;8;1829;1;-
2026/05/10;18:53:04;-;-; 53.76; 0.0;-; 72.7; 72.7; 0.7; 0.0; 0.7;2344; 0.1; 0.3; 0.3;5; 21.6;B;0;-;On;On;Off; 28.5; 28.1;0;7;2014;7;2014;8;1829;1;-
2026/05/10;18:54:04;-;-; 55.22; 0.5;-; 72.1; 72.6; 27.4; 16.3; 11.1;2344;-0.2; 0.0; 0.0;-11; 21.6;B;0;-;On;On;Off; 30.0; 29.5;0;7;2014;7;2014;8;1829;1;-
2026/05/10;18:55:04;-;-; 55.27; 0.6;-; 72.1; 71.9; 31.9; 14.8; 17.0;2344; 0.6; 0.6; 0.6;29; 21.6;B;0;-;On;On;Off; 30.6; 30.1;0;7;2014;7;2014;8;1829;1;-
2026/05/10;18:56:04;-;-; 54.23; 0.0;-; 72.8; 72.7; 0.7; 0.0; 0.7;2344; 0.4; 0.6; 0.6;22; 21.6;B;0;-;On;On;Off; 29.0; 28.6;0;7;2014;7;2014;8;1829;1;-
2026/05/10;18:57:04;-;-; 53.68; 0.0;-; 72.9; 72.7; 0.7; 0.0; 0.7;2344;-0.1; 0.1; 0.1;-5; 21.6;B;0;-;On;On;Off; 28.3; 27.9;0;7;2014;7;2014;8;1829;1;-
2026/05/10;18:58:04;-;-; 55.20; 0.6;-; 72.0; 71.8; 33.3; 16.2; 17.0;2344;-0.1; 0.1; 0.1;-3; 21.6;B;0;-;On;On;Off; 30.2; 29.7;0;7;2014;7;2014;8;1829;1;-
2026/05/10;18:59:04;-;-; 55.16; 0.6;-; 72.0; 71.8; 33.3; 16.2; 17.0;2344; 0.6; 0.6; 0.6;31; 21.6;B;0;-;On;On;Off; 30.6; 30.1;0;7;2014;7;2014;8;1829;1;-
2026/05/10;19:00:04;-;-; 53.93; 0.0;-; 72.7; 72.7; 0.7; 0.0; 0.7;2344; 0.3; 0.5; 0.5;17; 21.6;B;0;-;On;On;Off; 28.6; 28.1;0;7;2014;7;2014;8;1829;1;-
2026/05/10;19:01:04;-;-; 54.84; 0.6;-; 72.2; 71.3; 33.1; 11.8; 21.3;2344;-0.2; 0.0; 0.0;-10; 21.6;B;0;-;On;On;Off; 29.1; 28.3;0;7;2014;7;2014;8;1829;1;-
2026/05/10;19:02:04;-;-; 55.24; 0.6;-; 72.0; 71.9; 34.1; 17.0; 17.0;2344; 0.3; 0.4; 0.4;16; 21.6;B;0;-;On;On;Off; 30.3; 29.8;0;7;2014;7;2014;8;1829;1;-
2026/05/10;19:03:04;-;-; 54.74; 0.0;-; 73.0; 72.7; 1.4; 0.7; 0.7;2344; 0.4; 0.6; 0.6;24; 21.6;B;0;-;On;On;Off; 29.8; 29.1;0;7;2014;7;2014;8;1829;1;-
2026/05/10;19:04:04;-;-; 53.79; 0.0;-; 72.9; 72.8; 0.0; 0.0; 0.0;2344; 0.2; 0.3; 0.3;8; 21.6;B;0;-;On;On;Off; 28.3; 27.9;0;7;2014;7;2014;8;1829;1;-
2026/05/10;19:05:04;-;-; 55.33; 0.6;-; 72.3; 72.0; 34.9; 16.3; 18.6;2344;-0.2; 0.0; 0.0;-10; 21.6;B;0;-;On;On;Off; 29.7; 29.3;0;7;2014;7;2014;8;1829;1;-
2026/05/10;19:06:04;-;-; 55.41; 0.6;-; 72.1; 72.0; 33.4; 16.3; 17.1;2344; 0.5; 0.6; 0.6;27; 21.6;B;0;-;On;On;Off; 30.4; 29.9;0;7;2014;7;2014;8;1829;1;-
2026/05/10;19:07:03;-;-; 54.39; 0.0;-; 73.1; 72.9; 1.4; 0.7; 0.7;2344; 0.4; 0.6; 0.6;22; 21.6;B;0;-;On;On;Off; 28.8; 28.5;0;8;2015;8;2015;8;1829;1;-
2026/05/10;19:08:03;-;-; 53.70; 0.0;-; 73.0; 72.9; 0.0; 0.0; 0.0;2344;-0.1; 0.1; 0.1;-3; 21.6;B;0;-;On;On;Off; 28.1; 27.7;0;8;2015;8;2015;8;1829;1;-
2026/05/10;19:09:03;-;-; 55.26; 0.6;-; 72.0; 72.0; 33.3; 16.3; 17.0;2344;-0.1; 0.1; 0.1;-4; 21.6;B;0;-;On;On;Off; 30.0; 29.5;0;8;2015;8;2015;8;1829;1;-
2026/05/10;19:10:03;-;-; 55.18; 0.6;-; 72.0; 71.9; 32.5; 16.2; 16.2;2344; 0.6; 0.6; 0.6;32; 21.6;B;0;-;On;On;Off; 30.4; 29.9;0;8;2015;8;2015;8;1829;1;-
2026/05/10;19:11:03;-;-; 53.91; 0.0;-; 72.7; 72.6; 0.7; 0.0; 0.7;2344; 0.3; 0.5; 0.5;16; 21.6;B;0;-;On;On;Off; 28.4; 28.0;0;8;2015;8;2015;8;1829;1;-
2026/05/10;19:12:03;-;-; 54.66; 0.6;-; 72.1; 71.2; 32.2; 11.7; 20.5;2344;-0.2; 0.0; 0.0;-10; 21.6;B;0;-;On;On;Off; 28.9; 28.2;0;8;2015;8;2015;8;1829;1;-
2026/05/10;19:13:03;-;-; 54.90; 0.6;-; 71.6; 71.5; 32.4; 15.4; 16.9;2344; 0.3; 0.4; 0.4;15; 21.6;B;0;-;On;On;Off; 30.1; 29.6;0;8;2015;8;2015;8;1829;1;-
2026/05/10;19:14:03;-;-; 54.41; 0.0;-; 72.5; 72.3; 0.0; 0.0; 0.0;2344; 0.4; 0.6; 0.6;23; 21.6;B;0;-;On;On;Off; 29.4; 29.1;0;8;2015;8;2015;8;1829;1;-
2026/05/10;19:15:03;-;-; 53.70; 0.0;-; 72.3; 72.2; 0.7; 0.0; 0.7;2344; 0.1; 0.3; 0.3;5; 21.6;B;0;-;On;On;Off; 28.1; 27.7;0;8;2015;8;2015;8;1829;1;-
2026/05/10;19:16:03;-;-; 54.70; 0.6;-; 71.2; 71.2; 33.0; 16.1; 16.9;2344;-0.2; 0.0; 0.0;-11; 21.6;B;0;-;On;On;Off; 29.6; 29.1;0;8;2015;8;2015;8;1829;1;-
2026/05/10;19:17:03;-;-; 54.72; 0.6;-; 71.4; 71.3; 31.5; 15.4; 16.1;2344; 0.5; 0.5; 0.5;25; 21.6;B;0;-;On;On;Off; 30.2; 29.7;0;8;2015;8;2015;8;1829;1;-
2026/05/10;19:18:03;-;-; 54.05; 0.0;-; 72.3; 72.2; 0.7; 0.0; 0.7;2344; 0.4; 0.5; 0.5;21; 21.6;B;0;-;On;On;Off; 28.8; 28.3;0;8;2015;8;2015;8;1829;1;-
2026/05/10;19:19:03;-;-; 53.60; 0.0;-; 72.4; 72.2; 0.0; 0.0; 0.0;2344;-0.0; 0.2; 0.2;-1; 21.6;B;0;-;On;On;Off; 28.0; 27.6;0;8;2015;8;2015;8;1829;1;-
2026/05/10;19:20:03;-;-; 54.72; 0.4;-; 71.4; 72.4; 23.5; 16.1; 7.3;2344;-0.2; 0.0; 0.0;-9; 21.6;B;0;-;On;On;Off; 29.8; 29.3;0;8;2015;8;2015;8;1829;1;-
2026/05/10;19:21:03;-;-; 54.76; 0.6;-; 71.5; 71.2; 30.8; 14.7; 16.1;2344; 0.6; 0.7; 0.7;33; 21.6;B;0;-;On;On;Off; 30.2; 29.7;0;8;2015;8;2015;8;1829;1;-
2026/05/10;19:22:02;-;-; 53.85; 0.0;-; 72.4; 72.3; 0.7; 0.0; 0.7;2344; 0.4; 0.5; 0.5;22; 21.6;B;0;-;On;On;Off; 28.4; 28.0;0;8;2015;8;2015;8;1829;1;-
2026/05/10;19:23:02;-;-; 53.68; 0.8;-; 70.0; 70.8; 42.5; 24.5; 18.0;2344;-0.2; 0.0; 0.0;-10; 21.6;B;0;-;On;On;Off; 28.0; 27.6;0;8;2015;8;2015;8;1829;1;-
2026/05/10;19:24:02;-;-; 54.56; 0.5;-; 71.3; 71.1; 28.5; 11.7; 16.8;2344; 0.1; 0.2; 0.2;4; 21.6;B;0;-;On;On;Off; 29.9; 29.4;0;8;2015;8;2015;8;1829;1;-
2026/05/10;19:25:02;-;-; 54.58; 0.6;-; 71.2; 71.0; 30.7; 15.4; 15.4;2344; 0.5; 0.6; 0.6;27; 21.6;B;0;-;On;On;Off; 30.2; 29.7;0;8;2015;8;2015;8;1829;1;-
2026/05/10;19:26:02;-;-; 53.74; 0.0;-; 72.0; 72.0; 0.7; 0.0; 0.7;2344; 0.3; 0.4; 0.4;15; 21.6;B;0;-;On;On;Off; 28.2; 27.8;0;8;2015;8;2015;8;1829;1;-
2026/05/10;19:27:02;-;-; 53.93; 0.7;-; 70.3; 70.1; 39.8; 19.5; 20.3;2344;-0.2; 0.0; 0.0;-11; 21.6;B;0;-;On;On;Off; 28.7; 28.3;0;8;2015;8;2015;8;1829;1;-
2026/05/10;19:28:02;-;-; 54.27; 0.6;-; 70.8; 70.6; 30.5; 15.3; 15.3;2344; 0.2; 0.4; 0.4;12; 21.6;B;0;-;On;On;Off; 30.0; 29.5;0;8;2015;8;2015;8;1829;1;-
2026/05/10;19:29:02;-;-; 53.91; 0.0;-; 71.7; 71.7; 0.7; 0.0; 0.7;2344; 0.4; 0.6; 0.6;23; 21.6;B;0;-;On;On;Off; 29.2; 28.9;0;8;2015;8;2015;8;1829;1;-
2026/05/10;19:30:02;-;-; 53.56; 0.0;-; 71.7; 71.7; 0.7; 0.0; 0.7;2344; 0.1; 0.3; 0.3;4; 21.6;B;0;-;On;On;Off; 28.0; 27.6;0;8;2015;8;2015;8;1829;1;-
2026/05/10;19:31:02;-;-; 53.64; 0.6;-; 69.9; 69.9; 33.1; 16.5; 16.5;2344;-0.2; 0.0; 0.0;-11; 21.6;B;0;-;On;On;Off; 29.4; 28.9;0;8;2015;8;2015;8;1829;1;-
2026/05/10;19:32:02;-;-; 53.66; 0.5;-; 70.1; 70.5; 25.9; 15.1; 10.8;2344; 0.3; 0.5; 0.5;17; 21.6;B;0;-;On;On;Off; 30.0; 29.5;0;8;2015;8;2015;8;1829;1;-
2026/05/10;19:33:02;-;-; 53.44; 0.0;-; 71.3; 71.1; 0.0; 0.0; 0.0;2344; 0.3; 0.5; 0.5;16; 21.6;B;0;-;On;On;Off; 28.1; 27.7;0;8;2015;8;2015;8;1829;1;-
2026/05/10;19:34:02;-;-; 53.34; 0.6;-; 69.5; 69.5; 30.7; 15.0; 15.7;2344;-0.2; 0.0; 0.0;-11; 21.6;B;0;-;On;On;Off; 28.5; 27.9;0;8;2015;8;2015;8;1829;1;-
2026/05/10;19:35:02;-;-; 53.40; 0.5;-; 69.7; 69.5; 29.4; 14.3; 15.0;2344; 0.0; 0.3; 0.3;1; 21.6;B;0;-;On;On;Off; 29.8; 29.3;0;8;2015;8;2015;8;1829;1;-
2026/05/10;19:36:02;-;-; 53.32; 0.0;-; 71.1; 71.1; 0.7; 0.0; 0.7;2344; 0.4; 0.5; 0.5;20; 21.6;B;0;-;On;On;Off; 28.4; 28.0;0;8;2015;8;2015;8;1829;1;-
2026/05/10;19:37:01;-;-; 53.24; 0.0;-; 71.1; 71.1; 0.0; 0.0; 0.0;2344;-0.1; 0.1; 0.1;-3; 21.6;B;0;-;On;On;Off; 27.7; 27.3;0;8;2015;8;2015;8;1829;1;-
2026/05/10;19:38:01;-;-; 53.32; 0.6;-; 69.6; 69.5; 31.4; 15.7; 15.7;2344;-0.2; 0.1; 0.1;-9; 21.6;B;0;-;On;On;Off; 29.5; 29.0;0;8;2015;8;2015;8;1829;1;-
2026/05/10;19:39:01;-;-; 53.38; 0.0;-; 71.2; 71.3; 0.0; 0.0; 0.0;2344; 0.5; 0.6; 0.6;24; 21.6;B;0;-;On;On;Off; 29.3; 29.0;0;8;2015;8;2015;8;1829;1;-
2026/05/10;19:40:01;-;-; 53.26; 0.0;-; 71.2; 71.1; 0.7; 0.0; 0.7;2344; 0.2; 0.4; 0.4;11; 21.6;B;0;-;On;On;Off; 27.8; 27.4;0;8;2015;8;2015;8;1829;1;-
2026/05/10;19:41:01;-;-; 53.32; 0.6;-; 69.5; 69.5; 32.9; 16.4; 16.4;2344;-0.2; 0.0; 0.0;-9; 21.6;B;0;-;On;On;Off; 29.1; 28.5;0;8;2015;8;2015;8;1829;1;-
2026/05/10;19:42:01;-;-; 53.42; 0.6;-; 69.8; 69.6; 32.2; 15.7; 16.5;2344; 0.3; 0.4; 0.4;15; 21.6;B;0;-;On;On;Off; 29.8; 29.3;0;8;2015;8;2015;8;1829;1;-
2026/05/10;19:43:01;-;-; 53.28; 0.0;-; 71.3; 71.3; 0.0; 0.0; 0.0;2344; 0.5; 0.6; 0.6;24; 21.6;B;0;-;On;On;Off; 28.0; 27.6;0;8;2015;8;2015;8;1829;1;-
2026/05/10;19:44:01;-;-; 53.26; 0.7;-; 69.5; 69.3; 35.7; 17.9; 17.9;2344;-0.2; 0.0; 0.0;-10; 21.6;B;0;-;On;On;Off; 28.0; 27.3;0;8;2015;8;2015;8;1829;1;-
2026/05/10;19:45:01;-;-; 53.44; 0.6;-; 69.8; 69.7; 34.3; 17.2; 17.2;2344; 0.0; 0.2; 0.2;1; 21.6;B;0;-;On;On;Off; 29.6; 29.1;0;8;2015;8;2015;8;1829;1;-
2026/05/10;19:46:01;-;-; 53.36; 0.0;-; 71.5; 71.4; 0.0; 0.0; 0.0;2344; 0.6; 0.6; 0.6;31; 21.6;B;0;-;On;On;Off; 28.4; 28.0;0;8;2015;8;2015;8;1829;1;-
2026/05/10;19:47:01;-;-; 53.26; 0.0;-; 71.5; 71.4; 0.0; 0.0; 0.0;2344; 0.0; 0.2; 0.2;2; 21.6;B;0;-;On;On;Off; 27.6; 27.2;0;8;2015;8;2015;8;1829;1;-
2026/05/10;19:48:01;-;-; 53.42; 0.7;-; 69.7; 69.7; 35.8; 17.9; 17.9;2344;-0.2; 0.0; 0.0;-10; 21.6;B;0;-;On;On;Off; 29.3; 28.8;0;8;2015;8;2015;8;1829;1;-
2026/05/10;19:49:01;-;-; 53.50; 0.3;-; 71.6; 69.7; 17.9; 0.7; 17.2;2344; 0.6; 0.6; 0.6;29; 21.6;B;0;-;On;On;Off; 29.6; 29.3;0;8;2015;8;2015;8;1829;1;-
2026/05/10;19:50:01;-;-; 53.32; 0.0;-; 71.5; 71.4; 0.7; 0.0; 0.7;2344; 0.3; 0.4; 0.4;18; 21.6;B;0;-;On;On;Off; 27.7; 27.3;0;8;2015;8;2015;8;1829;1;-
2026/05/10;19:51:01;-;-; 53.34; 0.6;-; 70.5; 69.5; 30.0; 12.9; 17.1;2344;-0.2; 0.0; 0.0;-10; 21.6;B;0;-;On;On;Off; 28.7; 27.9;0;8;2015;8;2015;8;1829;1;-
2026/05/10;19:52:01;-;-; 53.52; 0.6;-; 69.9; 69.7; 32.3; 15.8; 16.5;2344; 0.2; 0.4; 0.4;10; 21.6;B;0;-;On;On;Off; 29.6; 29.1;0;8;2015;8;2015;8;1829;1;-
2026/05/10;19:53:00;-;-; 53.38; 0.0;-; 71.4; 71.3; 0.7; 0.0; 0.7;2344; 0.5; 0.6; 0.6;28; 21.6;B;0;-;On;On;Off; 28.0; 27.6;0;8;2015;8;2015;8;1829;1;-
2026/05/10;19:54:00;-;-; 53.26; 0.3;-; 69.5; 71.4; 17.1; 17.1; 0.0;2344;-0.1; 0.1; 0.1;-6; 21.6;B;0;-;On;On;Off; 27.5; 27.0;0;8;2015;8;2015;8;1829;1;-
2026/05/10;19:55:00;-;-; 53.42; 0.5;-; 70.8; 69.5; 26.5; 9.3; 17.2;2344;-0.1; 0.1; 0.1;-2; 21.6;B;0;-;On;On;Off; 29.4; 28.9;0;8;2015;8;2015;8;1829;1;-
2026/05/10;19:56:00;-;-; 53.38; 0.0;-; 71.4; 71.3; 0.0; 0.0; 0.0;2344; 0.5; 0.6; 0.6;27; 21.6;B;0;-;On;On;Off; 28.5; 28.4;0;8;2015;8;2015;8;1829;1;-
2026/05/10;19:57:00;-;-; 53.26; 0.0;-; 71.3; 71.4; 0.0; 0.0; 0.0;2344; 0.1; 0.3; 0.3;7; 21.6;B;0;-;On;On;Off; 27.5; 27.1;0;8;2015;8;2015;8;1829;1;-
2026/05/10;19:58:00;-;-; 53.38; 0.6;-; 69.7; 69.6; 32.9; 16.5; 16.5;2344;-0.2; 0.0; 0.0;-10; 21.6;B;0;-;On;On;Off; 29.1; 28.5;0;8;2015;8;2015;8;1829;1;-
2026/05/10;19:59:00;-;-; 53.48; 0.3;-; 71.3; 69.7; 17.2; 0.7; 16.5;2344; 0.4; 0.5; 0.5;22; 21.6;B;0;-;On;On;Off; 29.6; 29.1;0;8;2015;8;2015;8;1829;1;-
2026/05/10;20:00:00;-;-; 53.30; 0.0;-; 71.3; 71.2; 0.7; 0.0; 0.7;2344; 0.4; 0.5; 0.5;20; 21.6;B;0;-;On;On;Off; 27.7; 27.3;0;8;2015;8;2015;8;1829;1;-
2026/05/10;20:01:00;-;-; 53.30; 0.6;-; 69.5; 69.4; 33.6; 17.1; 16.4;2344;-0.2; 0.0; 0.0;-10; 21.6;B;0;-;On;On;Off; 28.2; 27.4;0;8;2015;8;2015;8;1829;1;-
2026/05/10;20:02:00;-;-; 53.42; 0.6;-; 69.7; 69.6; 32.9; 16.5; 16.5;2344; 0.1; 0.3; 0.3;7; 21.6;B;0;-;On;On;Off; 29.4; 28.9;0;8;2015;8;2015;8;1829;1;-
2026/05/10;20:03:00;-;-; 53.34; 0.0;-; 71.4; 71.4; 0.0; 0.0; 0.0;2344; 0.5; 0.6; 0.6;26; 21.6;B;0;-;On;On;Off; 28.0; 27.6;0;8;2015;8;2015;8;1829;1;-
2026/05/10;20:04:00;-;-; 53.24; 0.0;-; 71.4; 71.4; 0.0; 0.0; 0.0;2344;-0.0; 0.1; 0.1;-1; 21.6;B;0;-;On;On;Off; 27.4; 26.9;0;8;2015;8;2015;8;1829;1;-
2026/05/10;20:05:00;-;-; 53.38; 0.6;-; 69.6; 69.6; 33.6; 16.5; 17.2;2344;-0.1; 0.1; 0.1;-6; 21.6;B;0;-;On;On;Off; 29.2; 28.7;0;8;2015;8;2015;8;1829;1;-
2026/05/10;20:06:00;-;-; 53.42; 0.0;-; 71.5; 71.5; 0.7; 0.0; 0.7;2344; 0.6; 0.6; 0.6;30; 21.6;B;0;-;On;On;Off; 28.8; 28.8;0;8;2015;8;2015;8;1829;1;-
2026/05/10;20:07:00;-;-; 53.28; 0.0;-; 71.5; 71.5; 0.0; 0.0; 0.0;2344; 0.2; 0.4; 0.4;12; 21.5;B;0;-;On;On;Off; 27.5; 27.1;0;8;2015;8;2015;8;1829;1;-
2026/05/10;20:07:59;-;-; 53.42; 0.7;-; 69.6; 69.6; 37.2; 18.6; 18.6;2344;-0.2; 0.0; 0.0;-9; 21.5;B;0;-;On;On;Off; 28.8; 28.2;0;8;2015;8;2015;8;1829;1;-
2026/05/10;20:08:59;-;-; 53.68; 0.6;-; 70.1; 69.9; 34.5; 17.3; 17.3;2344; 0.4; 0.5; 0.5;21; 21.6;B;0;-;On;On;Off; 29.5; 29.0;0;8;2015;8;2015;8;1829;1;-
2026/05/10;20:09:59;-;-; 53.58; 0.0;-; 71.8; 71.6; 0.7; 0.0; 0.7;2344; 0.6; 0.6; 0.6;31; 21.5;B;0;-;On;On;Off; 28.3; 28.6;0;8;2015;8;2015;8;1829;1;-
2026/05/10;20:10:59;-;-; 53.38; 0.0;-; 71.7; 71.7; 0.7; 0.0; 0.7;2344; 0.2; 0.3; 0.3;8; 21.5;B;0;-;On;On;Off; 27.4; 27.1;0;8;2015;8;2015;8;1829;1;-
2026/05/10;20:11:59;-;-; 53.66; 0.7;-; 70.0; 69.9; 37.4; 18.7; 18.7;2344;-0.2; 0.0; 0.0;-9; 21.6;B;0;-;On;On;Off; 29.0; 28.3;0;8;2015;8;2015;8;1829;1;-
2026/05/10;20:12:59;-;-; 54.01; 0.6;-; 70.5; 70.4; 33.3; 16.7; 16.7;2344; 0.6; 0.6; 0.6;29; 21.6;B;0;-;On;On;Off; 29.5; 29.0;0;8;2015;8;2015;8;1829;1;-
2026/05/10;20:13:59;-;-; 53.72; 0.0;-; 72.0; 71.7; 0.7; 0.0; 0.7;2344; 0.6; 0.6; 0.6;29; 21.5;B;0;-;On;On;Off; 28.3; 28.1;0;8;2015;8;2015;8;1829;1;-
2026/05/10;20:14:59;-;-; 53.44; 0.0;-; 71.8; 71.8; 0.0; 0.0; 0.0;2344; 0.1; 0.2; 0.2;4; 21.5;B;0;-;On;On;Off; 27.4; 27.0;0;8;2015;8;2015;8;1829;1;-
2026/05/10;20:15:59;-;-; 53.91; 0.4;-; 71.2; 71.5; 21.6; 12.3; 9.4;2344;-0.2; 0.0; 0.0;-9; 21.6;B;0;-;On;On;Off; 29.1; 28.6;0;8;2015;8;2015;8;1829;1;-
2026/05/10;20:16:59;-;-; 54.23; 0.4;-; 72.0; 70.6; 21.0; 5.1; 16.0;2344; 0.6; 0.6; 0.6;31; 21.6;B;0;-;On;On;Off; 29.6; 29.1;0;8;2015;8;2015;8;1829;1;-
2026/05/10;20:17:59;-;-; 53.81; 0.0;-; 71.9; 71.9; 0.7; 0.0; 0.7;2344; 0.5; 0.6; 0.6;25; 21.5;B;0;-;On;On;Off; 28.3; 27.7;0;8;2015;8;2015;8;1829;1;-
2026/05/10;20:18:59;-;-; 53.48; 0.0;-; 71.9; 71.7; 0.7; 0.0; 0.7;2344;-0.0; 0.2; 0.2;0; 21.5;B;0;-;On;On;Off; 27.4; 27.0;0;8;2015;8;2015;8;1829;1;-
2026/05/10;20:19:59;-;-; 53.95; 0.6;-; 70.4; 70.3; 33.3; 16.6; 16.6;2344;-0.2; 0.0; 0.0;-10; 21.5;B;0;-;On;On;Off; 29.2; 28.7;0;8;2015;8;2015;8;1829;1;-
2026/05/10;20:20:59;-;-; 54.05; 0.6;-; 70.6; 70.4; 30.4; 15.2; 15.2;2344; 0.6; 0.6; 0.6;31; 21.5;B;0;-;On;On;Off; 29.6; 29.1;0;8;2015;8;2015;8;1829;1;-
2026/05/10;20:21:59;-;-; 53.58; 0.0;-; 71.7; 71.7; 0.0; 0.0; 0.0;2344; 0.4; 0.5; 0.5;18; 21.5;B;0;-;On;On;Off; 27.7; 27.3;0;8;2015;8;2015;8;1829;1;-
2026/05/10;20:22:58;-;-; 53.58; 0.7;-; 69.8; 69.5; 39.5; 19.4; 20.1;2344;-0.2; 0.0; 0.0;-11; 21.5;B;0;-;On;On;Off; 28.0; 27.3;0;8;2015;8;2015;8;1829;1;-
2026/05/10;20:23:58;-;-; 54.11; 0.6;-; 70.7; 70.4; 30.4; 15.2; 15.2;2344; 0.1; 0.3; 0.3;6; 21.5;B;0;-;On;On;Off; 29.4; 28.9;0;8;2015;8;2015;8;1829;1;-
2026/05/10;20:24:58;-;-; 53.99; 0.0;-; 72.0; 71.9; 0.7; 0.0; 0.7;2344; 0.5; 0.6; 0.6;28; 21.5;B;0;-;On;On;Off; 28.9; 28.9;0;8;2015;8;2015;8;1829;1;-
2026/05/10;20:25:58;-;-; 53.52; 0.0;-; 72.0; 72.0; 0.0; 0.0; 0.0;2344; 0.2; 0.3; 0.3;10; 21.5;B;0;-;On;On;Off; 27.5; 27.1;0;8;2015;8;2015;8;1829;1;-
2026/05/10;20:26:58;-;-; 54.23; 0.7;-; 70.8; 70.6; 38.5; 18.9; 19.6;2344;-0.2; 0.0; 0.0;-10; 21.5;B;0;-;On;On;Off; 28.8; 28.2;0;8;2015;8;2015;8;1829;1;-
2026/05/10;20:27:58;-;-; 54.76; 0.6;-; 71.4; 71.2; 33.0; 16.1; 16.9;2344; 0.5; 0.5; 0.5;25; 21.5;B;0;-;On;On;Off; 29.5; 29.0;0;8;2015;8;2015;8;1829;1;-
2026/05/10;20:28:58;-;-; 54.33; 0.0;-; 72.4; 72.5; 0.0; 0.0; 0.0;2344; 0.5; 0.6; 0.6;25; 21.5;B;0;-;On;On;Off; 28.6; 28.3;0;8;2015;8;2015;8;1829;1;-
2026/05/10;20:29:58;-;-; 53.66; 0.0;-; 72.5; 72.4; 0.7; 0.0; 0.7;2344; 0.1; 0.3; 0.3;5; 21.5;B;0;-;On;On;Off; 27.5; 27.1;0;8;2015;8;2015;8;1829;1;-
2026/05/10;20:30:58;-;-; 54.86; 0.6;-; 71.5; 71.4; 35.3; 17.6; 17.6;2344;-0.2; 0.0; 0.0;-10; 21.5;B;0;-;On;On;Off; 29.0; 28.5;0;8;2015;8;2015;8;1829;1;-
2026/05/10;20:31:58;-;-; 54.92; 0.6;-; 71.7; 71.5; 32.4; 15.5; 16.9;2344; 0.6; 0.6; 0.6;29; 21.5;B;0;-;On;On;Off; 29.6; 29.1;0;8;2015;8;2015;8;1829;1;-
2026/05/10;20:32:58;-;-; 54.15; 0.0;-; 72.8; 72.5; 0.7; 0.0; 0.7;2344; 0.4; 0.6; 0.6;23; 21.5;B;0;-;On;On;Off; 28.2; 27.7;0;8;2015;8;2015;8;1829;1;-
2026/05/10;20:33:58;-;-; 53.60; 0.0;-; 72.6; 72.5; 0.7; 0.0; 0.7;2344;-0.0; 0.1; 0.1;-1; 21.5;B;0;-;On;On;Off; 27.4; 27.0;0;8;2015;8;2015;8;1829;1;-
2026/05/10;20:34:58;-;-; 54.92; 0.6;-; 71.7; 71.5; 33.1; 16.2; 16.9;2344;-0.2; 0.1; 0.1;-8; 21.5;B;0;-;On;On;Off; 29.2; 28.8;0;8;2015;8;2015;8;1829;1;-
2026/05/10;20:35:58;-;-; 54.88; 0.6;-; 71.6; 71.4; 31.6; 15.4; 16.2;2344; 0.6; 0.7; 0.7;34; 21.5;B;0;-;On;On;Off; 29.7; 29.2;0;8;2015;8;2015;8;1829;1;-
2026/05/10;20:36:58;-;-; 53.97; 0.0;-; 72.6; 72.3; 0.0; 0.0; 0.0;2344; 0.4; 0.5; 0.5;21; 21.5;B;0;-;On;On;Off; 27.9; 27.4;0;8;2015;8;2015;8;1829;1;-
2026/05/10;20:37:57;-;-; 53.70; 0.9;-; 69.8; 69.9; 47.5; 23.8; 23.8;2344;-0.2; 0.0; 0.0;-9; 21.5;B;0;-;On;On;Off; 27.6; 27.0;0;8;2015;8;2015;8;1829;1;-
2026/05/10;20:38:57;-;-; 54.45; 0.6;-; 71.0; 70.9; 31.4; 15.3; 16.0;2344; 0.1; 0.3; 0.3;4; 21.5;B;0;-;On;On;Off; 29.4; 28.9;0;8;2015;8;2015;8;1829;1;-
2026/05/10;20:39:57;-;-; 54.11; 0.0;-; 71.8; 71.7; 0.7; 0.0; 0.7;2344; 0.5; 0.6; 0.6;24; 21.5;B;0;-;On;On;Off; 29.5; 29.1;0;8;2015;8;2015;8;1829;1;-
2026/05/10;20:40:57;-;-; 53.58; 0.0;-; 71.5; 71.3; 1.4; 0.7; 0.7;2344; 0.2; 0.4; 0.4;9; 21.5;B;0;-;On;On;Off; 27.6; 27.2;0;8;2015;8;2015;8;1829;1;-
2026/05/10;20:41:57;-;-; 53.46; 0.5;-; 69.8; 69.6; 27.2; 13.6; 13.6;2344;-0.2; 0.0; 0.0;-10; 21.5;B;0;-;On;On;Off; 28.7; 28.1;0;8;2015;8;2015;8;1829;1;-
2026/05/10;20:42:57;-;-; 53.34; 0.4;-; 69.7; 69.6; 23.5; 12.1; 11.4;2344; 0.1; 0.3; 0.3;7; 21.5;B;0;-;On;On;Off; 29.5; 29.0;0;8;2015;8;2015;8;1829;1;-
2026/05/10;20:43:57;-;-; 53.22; 0.0;-; 70.6; 70.5; 0.0; 0.0; 0.0;2344; 0.3; 0.5; 0.5;13; 21.5;B;0;-;On;On;Off; 27.8; 27.4;0;8;2015;8;2015;8;1829;1;-
2026/05/10;20:44:57;-;-; 53.14; 0.1;-; 70.8; 70.6; 7.8; 3.6; 4.3;2344;-0.2; 0.0; 0.0;-9; 21.5;B;0;-;On;On;Off; 27.4; 26.9;0;8;2015;8;2015;8;1829;1;-
2026/05/10;20:45:57;-;-; 53.10; 0.3;-; 69.3; 70.4; 17.0; 12.1; 4.9;2344;-0.1; 0.1; 0.1;-6; 21.5;B;0;-;On;On;Off; 29.3; 28.8;0;8;2015;8;2015;8;1829;1;-
2026/05/10;20:46:57;-;-; 53.10; 0.0;-; 70.4; 70.5; 0.7; 0.0; 0.7;2344; 0.2; 0.4; 0.4;8; 21.5;B;0;-;On;On;Off; 28.3; 27.9;0;8;2015;8;2015;8;1829;1;-
2026/05/10;20:47:57;-;-; 53.08; 0.0;-; 70.5; 70.3; 0.7; 0.0; 0.7;2344;-0.0; 0.2; 0.2;-2; 21.5;B;0;-;On;On;Off; 27.4; 27.0;0;8;2015;8;2015;8;1829;1;-
2026/05/10;20:48:57;-;-; 53.04; 0.4;-; 69.2; 69.4; 22.0; 11.4; 10.7;2344;-0.2; 0.0; 0.0;-10; 21.5;B;0;-;On;On;Off; 29.0; 28.5;0;8;2015;8;2015;8;1829;1;-
2026/05/10;20:49:57;-;-; 53.03; 0.2;-; 70.4; 69.1; 10.7; 0.0; 10.7;2344; 0.1; 0.4; 0.4;7; 21.5;B;0;-;On;On;Off; 29.5; 29.0;0;8;2015;8;2015;8;1829;1;-
2026/05/10;20:50:57;-;-; 53.04; 0.0;-; 70.1; 70.1; 0.7; 0.0; 0.7;2344; 0.1; 0.3; 0.3;3; 21.5;B;0;-;On;On;Off; 27.5; 27.1;0;8;2015;8;2015;8;1829;1;-
2026/05/10;20:51:57;-;-; 52.97; 0.3;-; 69.1; 68.9; 17.0; 8.5; 8.5;2344;-0.2; 0.0; 0.0;-10; 21.5;B;0;-;On;On;Off; 28.2; 27.8;0;8;2015;8;2015;8;1829;1;-
2026/05/10;20:52:56;-;-; 52.93; 0.3;-; 69.0; 68.8; 17.0; 8.5; 8.5;2344;-0.1; 0.2; 0.2;-5; 21.5;B;0;-;On;On;Off; 29.3; 28.8;0;8;2015;8;2015;8;1829;1;-
2026/05/10;20:53:56;-;-; 52.93; 0.0;-; 69.7; 69.6; 0.7; 0.0; 0.7;2344;-0.0; 0.3; 0.3;-1; 21.5;B;0;-;On;On;Off; 27.8; 27.4;0;8;2015;8;2015;8;1829;1;-
2026/05/10;20:54:56;-;-; 52.95; 0.0;-; 69.9; 69.8; 0.7; 0.0; 0.7;2344;-0.2; 0.1; 0.1;-10; 21.5;B;0;-;On;On;Off; 27.2; 26.8;0;8;2015;8;2015;8;1829;1;-
2026/05/10;20:55:56;-;-; 52.89; 0.4;-; 69.0; 68.8; 19.1; 9.9; 9.2;2344;-0.2; 0.1; 0.1;-8; 21.5;B;0;-;On;On;Off; 29.1; 28.6;0;8;2015;8;2015;8;1829;1;-
2026/05/10;20:56:56;-;-; 52.89; 0.0;-; 69.8; 69.9; 0.7; 0.0; 0.7;2344; 0.0; 0.4; 0.4;1; 21.5;B;0;-;On;On;Off; 28.5; 28.1;0;8;2015;8;2015;8;1829;1;-
2026/05/10;20:57:56;-;-; 52.89; 0.0;-; 69.9; 69.8; 0.7; 0.0; 0.7;2344;-0.1; 0.2; 0.2;-3; 21.5;B;0;-;On;On;Off; 27.4; 26.9;0;8;2015;8;2015;8;1829;1;-
2026/05/10;20:58:56;-;-; 52.83; 0.3;-; 69.0; 68.7; 17.7; 8.5; 9.2;2344;-0.2; 0.0; 0.0;-10; 21.5;B;0;-;On;On;Off; 28.8; 28.3;0;8;2015;8;2015;8;1829;1;-
2026/05/10;20:59:56;-;-; 52.77; 0.3;-; 68.9; 68.7; 16.9; 8.5; 8.5;2344;-0.0; 0.3; 0.3;-1; 21.5;B;0;-;On;On;Off; 29.4; 28.9;0;8;2015;8;2015;8;1829;1;-
2026/05/10;21:00:56;-;-; 52.79; 0.0;-; 69.5; 69.4; 0.7; 0.0; 0.7;2344;-0.1; 0.3; 0.3;-3; 21.5;B;0;-;On;On;Off; 27.5; 27.1;0;8;2015;8;2015;8;1829;1;-
2026/05/10;21:01:56;-;-; 52.75; 0.3;-; 68.9; 68.7; 13.4; 7.1; 6.3;2344;-0.2; 0.0; 0.0;-11; 21.5;B;0;-;On;On;Off; 27.8; 27.3;0;8;2015;8;2015;8;1829;1;-
2026/05/10;21:02:56;-;-; 52.67; 0.3;-; 68.7; 68.5; 13.4; 7.1; 6.3;2344;-0.2; 0.1; 0.1;-10; 21.5;B;0;-;On;On;Off; 29.2; 28.7;0;8;2015;8;2015;8;1829;1;-
2026/05/10;21:03:56;-;-; 52.71; 0.0;-; 69.0; 69.0; 0.7; 0.0; 0.7;2344;-0.2; 0.2; 0.2;-9; 21.5;B;0;-;On;On;Off; 27.9; 27.5;0;8;2015;8;2015;8;1829;1;-
2026/05/10;21:04:56;-;-; 52.69; 0.0;-; 69.0; 68.8; 0.7; 0.0; 0.7;2344;-0.2; 0.1; 0.1;-11; 21.5;B;0;-;On;On;Off; 27.2; 26.8;0;8;2015;8;2015;8;1829;1;-
2026/05/10;21:05:56;-;-; 52.61; 0.2;-; 68.7; 68.6; 12.0; 6.3; 5.6;2344;-0.2; 0.0; 0.0;-10; 21.5;B;0;-;On;On;Off; 29.0; 28.5;0;8;2015;8;2015;8;1829;1;-
2026/05/10;21:06:56;-;-; 52.61; 0.0;-; 68.6; 68.5; 0.0; 0.0; 0.0;2344;-0.2; 0.2; 0.2;-11; 21.5;B;0;-;On;On;Off; 28.9; 28.5;0;8;2015;8;2015;8;1829;1;-
2026/05/10;21:07:55;-;-; 52.61; 0.0;-; 68.5; 68.4; 0.7; 0.0; 0.7;2344;-0.3; 0.1; 0.1;-13; 21.5;B;0;-;On;On;Off; 27.4; 26.9;0;8;2015;8;2015;8;1829;1;-
2026/05/10;21:08:55;-;-; 52.53; 0.2;-; 68.6; 68.3; 9.8; 4.9; 4.9;2344;-0.2; 0.0; 0.0;-10; 21.5;B;0;-;On;On;Off; 28.5; 28.1;0;8;2015;8;2015;8;1829;1;-
2026/05/10;21:09:55;-;-; 52.45; 0.2;-; 68.4; 68.3; 9.1; 4.9; 4.2;2344;-0.3; 0.1; 0.1;-14; 21.5;B;0;-;On;On;Off; 29.3; 28.8;0;8;2015;8;2015;8;1829;1;-
2026/05/10;21:10:55;-;-; 52.51; 0.0;-; 68.1; 67.8; 0.0; 0.0; 0.0;2344;-0.4; 0.2; 0.2;-18; 21.5;B;0;-;On;On;Off; 27.6; 27.1;0;8;2015;8;2015;8;1829;1;-
2026/05/10;21:11:55;-;-; 52.45; 0.2;-; 68.5; 68.3; 8.4; 4.2; 4.2;2344;-0.2; 0.0; 0.0;-12; 21.5;B;0;-;On;On;Off; 27.4; 26.9;0;8;2015;8;2015;8;1829;1;-
2026/05/10;21:12:55;-;-; 52.39; 0.1;-; 68.8; 68.2; 7.0; 2.8; 4.2;2344;-0.3; 0.1; 0.1;-13; 21.5;B;0;-;On;On;Off; 29.1; 28.7;0;8;2015;8;2015;8;1829;1;-
2026/05/10;21:13:55;-;-; 52.41; 0.0;-; 67.7; 67.5; 0.7; 0.0; 0.7;2344;-0.4; 0.1; 0.1;-19; 21.5;B;0;-;On;On;Off; 28.1; 27.6;0;8;2015;8;2015;8;1829;1;-
2026/05/10;21:14:55;-;-; 52.43; 0.0;-; 67.9; 67.5; 0.0; 0.0; 0.0;2344;-0.3; 0.1; 0.1;-14; 21.5;B;0;-;On;On;Off; 27.2; 26.8;0;8;2015;8;2015;8;1829;1;-
2026/05/10;21:15:55;-;-; 52.33; 0.2;-; 68.5; 68.1; 8.4; 4.2; 4.2;2344;-0.2; 0.0; 0.0;-10; 21.5;B;0;-;On;On;Off; 28.9; 28.4;0;8;2015;8;2015;8;1829;1;-
2026/05/10;21:16:55;-;-; 52.31; 0.0;-; 67.8; 67.6; 0.7; 0.0; 0.7;2344;-0.3; 0.1; 0.1;-17; 21.5;B;0;-;On;On;Off; 29.3; 28.8;0;8;2015;8;2015;8;1829;1;-
2026/05/10;21:17:55;-;-; 52.35; 0.0;-; 67.8; 67.5; 0.7; 0.0; 0.7;2344;-0.3; 0.1; 0.1;-16; 21.5;B;0;-;On;On;Off; 27.4; 26.9;0;8;2015;8;2015;8;1829;1;-
2026/05/10;21:18:55;-;-; 52.28; 0.2;-; 68.3; 68.0; 8.4; 4.2; 4.2;2344;-0.2; 0.0; 0.0;-10; 21.5;B;0;-;On;On;Off; 28.3; 27.8;0;8;2015;8;2015;8;1829;1;-
2026/05/10;21:19:55;-;-; 52.24; 0.1;-; 68.1; 68.1; 7.7; 4.2; 3.5;2344;-0.3; 0.1; 0.1;-15; 21.5;B;0;-;On;On;Off; 29.2; 28.7;0;8;2015;8;2015;8;1829;1;-
2026/05/10;21:20:55;-;-; 52.30; 0.0;-; 67.5; 67.3; 0.7; 0.0; 0.7;2344;-0.4; 0.1; 0.1;-20; 21.5;B;0;-;On;On;Off; 27.6; 27.2;0;8;2015;8;2015;8;1829;1;-
2026/05/10;21:21:55;-;-; 52.28; 0.1;-; 67.3; 68.0; 3.5; 0.0; 3.5;2344;-0.3; 0.0; 0.0;-13; 21.5;B;0;-;On;On;Off; 27.1; 26.7;0;8;2015;8;2015;8;1829;1;-
2026/05/10;21:22:55;-;-; 52.18; 0.1;-; 68.2; 68.0; 7.7; 4.2; 3.5;2344;-0.2; 0.0; 0.0;-12; 21.5;B;0;-;On;On;Off; 29.1; 28.6;0;8;2015;8;2015;8;1829;1;-
2026/05/10;21:23:54;-;-; 52.20; 0.0;-; 67.1; 66.9; 0.7; 0.0; 0.7;2344;-0.4; 0.1; 0.1;-21; 21.5;B;0;-;On;On;Off; 28.3; 27.9;0;8;2015;8;2015;8;1829;1;-
2026/05/10;21:24:54;-;-; 52.24; 0.0;-; 66.8; 66.7; 0.7; 0.0; 0.7;2344;-0.3; 0.1; 0.1;-17; 21.5;B;0;-;On;On;Off; 27.2; 26.8;0;8;2015;8;2015;8;1829;1;-
2026/05/10;21:25:54;-;-; 52.22; 0.1;-; 68.1; 66.3; 2.8; 2.8; 0.0;2344;-0.2; 0.0; 0.0;-10; 21.5;B;0;-;On;On;Off; 28.7; 26.7;0;8;2015;8;2015;8;1829;1;-
2026/05/10;21:26:54;-;-; 52.16; 0.0;-; 68.0; 65.9; 2.1; 2.1; 0.0;2344;-0.3; 0.0; 0.0;-16; 21.5;B;0;-;On;On;Off; 29.0; 26.7;0;8;2015;8;2015;8;1829;1;-
2026/05/10;21:27:54;-;-; 52.24; 0.0;-; 65.6; 65.6; 0.7; 0.0; 0.7;2344;-0.4; 0.0; 0.0;-20; 21.5;B;0;-;On;On;Off; 27.1; 26.6;0;8;2015;8;2015;8;1829;1;-
2026/05/10;21:28:54;-;-; 52.24; 0.0;-; 65.4; 65.2; 0.7; 0.0; 0.7;2344;-0.2; 0.0; 0.0;-11; 21.5;B;0;-;On;On;Off; 26.9; 26.5;0;8;2015;8;2015;8;1829;1;-
2026/05/10;21:29:54;-;-; 52.26; 0.0;-; 65.0; 64.8; 0.7; 0.7; 0.0;2344;-0.2; 0.0; 0.0;-11; 21.5;B;0;-;On;On;Off; 26.7; 26.3;0;8;2015;8;2015;8;1829;1;-
2026/05/10;21:30:54;-;-; 52.28; 0.0;-; 64.5; 64.3; 0.0; 0.0; 0.0;2344;-0.2; 0.0; 0.0;-12; 21.5;B;0;-;On;On;Off; 26.6; 26.2;0;8;2015;8;2015;8;1829;1;-
2026/05/10;21:31:54;-;-; 52.28; 0.0;-; 64.2; 64.1; 0.7; 0.0; 0.7;2344;-0.2; 0.0; 0.0;-11; 21.5;B;0;-;On;On;Off; 26.4; 26.1;0;8;2015;8;2015;8;1829;1;-
2026/05/10;21:32:54;-;-; 52.30; 0.0;-; 63.8; 63.7; 0.0; 0.0; 0.0;2344;-0.2; 0.0; 0.0;-11; 21.5;B;0;-;On;On;Off; 26.4; 26.0;0;8;2015;8;2015;8;1829;1;-
2026/05/10;21:33:54;-;-; 52.30; 0.0;-; 63.4; 63.3; 0.7; 0.0; 0.7;2344;-0.2; 0.0; 0.0;-11; 21.5;B;0;-;On;On;Off; 26.3; 25.9;0;8;2015;8;2015;8;1829;1;-
2026/05/10;21:34:54;-;-; 52.30; 0.0;-; 63.2; 63.0; 0.0; 0.0; 0.0;2344;-0.2; 0.0; 0.0;-10; 21.5;B;0;-;On;On;Off; 26.2; 25.8;0;8;2015;8;2015;8;1829;1;-
2026/05/10;21:35:54;-;-; 52.31; 0.0;-; 62.8; 62.6; 0.0; 0.0; 0.0;2344;-0.2; 0.0; 0.0;-10; 21.5;B;0;-;On;On;Off; 26.2; 25.8;0;8;2015;8;2015;8;1829;1;-
2026/05/10;21:36:54;-;-; 52.30; 0.0;-; 62.8; 62.3; 0.7; 0.7; 0.0;2344;-0.2; 0.0; 0.0;-11; 21.5;B;0;-;On;On;Off; 26.1; 25.7;0;8;2015;8;2015;8;1829;1;-
2026/05/10;21:37:54;-;-; 52.31; 0.0;-; 62.3; 62.0; 0.7; 0.0; 0.7;2344;-0.2; 0.0; 0.0;-11; 21.5;B;0;-;On;On;Off; 26.0; 25.6;0;8;2015;8;2015;8;1829;1;-
2026/05/10;21:38:53;-;-; 52.30; 0.0;-; 61.9; 61.7; 1.4; 0.7; 0.7;2344;-0.2; 0.0; 0.0;-10; 21.5;B;0;-;On;On;Off; 26.0; 25.6;0;8;2015;8;2015;8;1829;1;-
2026/05/10;21:39:53;-;-; 52.31; 0.0;-; 61.7; 61.5; 0.0; 0.0; 0.0;2344;-0.2; 0.0; 0.0;-10; 21.5;B;0;-;On;On;Off; 25.9; 25.5;0;8;2015;8;2015;8;1829;1;-
2026/05/10;21:40:53;-;-; 52.31; 0.0;-; 61.4; 61.3; 0.0; 0.0; 0.0;2344;-0.2; 0.0; 0.0;-10; 21.5;B;0;-;On;On;Off; 25.8; 25.4;0;8;2015;8;2015;8;1829;1;-
2026/05/10;21:41:53;-;-; 52.31; 0.0;-; 61.2; 61.1; 0.0; 0.0; 0.0;2344;-0.2; 0.0; 0.0;-11; 21.5;B;0;-;On;On;Off; 25.7; 25.3;0;8;2015;8;2015;8;1829;1;-
2026/05/10;21:42:53;-;-; 52.31; 0.0;-; 61.0; 60.8; 0.0; 0.0; 0.0;2344;-0.2; 0.0; 0.0;-10; 21.5;B;0;-;On;On;Off; 25.7; 25.3;0;8;2015;8;2015;8;1829;1;-
2026/05/10;21:43:53;-;-; 52.31; 0.0;-; 60.7; 60.5; 0.0; 0.0; 0.0;2344;-0.2; 0.0; 0.0;-11; 21.5;B;0;-;On;On;Off; 25.7; 25.3;0;8;2015;8;2015;8;1829;1;-
2026/05/10;21:44:53;-;-; 52.31; 0.0;-; 60.2; 60.1; 0.7; 0.0; 0.7;2344;-0.2; 0.0; 0.0;-11; 21.5;B;0;-;On;On;Off; 25.6; 25.2;0;8;2015;8;2015;8;1829;1;-
2026/05/10;21:45:53;-;-; 52.31; 0.0;-; 59.9; 59.7; 0.7; 0.0; 0.7;2344;-0.2; 0.0; 0.0;-10; 21.5;B;0;-;On;On;Off; 25.6; 25.2;0;8;2015;8;2015;8;1829;1;-
2026/05/10;21:46:53;-;-; 52.33; 0.0;-; 59.5; 59.3; 0.0; 0.0; 0.0;2344;-0.2; 0.0; 0.0;-10; 21.5;B;0;-;On;On;Off; 25.5; 25.1;0;8;2015;8;2015;8;1829;1;-
2026/05/10;21:47:53;-;-; 52.33; 0.0;-; 59.3; 59.0; 0.7; 0.0; 0.7;2344;-0.2; 0.0; 0.0;-10; 21.5;B;0;-;On;On;Off; 25.4; 25.1;0;8;2015;8;2015;8;1829;1;-
2026/05/10;21:48:53;-;-; 52.33; 0.0;-; 58.9; 58.7; 0.0; 0.0;-;2344;-0.2; 0.0; 0.0;-11; 21.5;B;0;-;On;On;Off; 25.4; 25.0;0;8;2015;8;2015;8;1829;1;-
2026/05/10;21:49:53;-;-; 52.35; 0.0;-; 58.5; 58.3; 0.7; 0.7;-;2344;-0.2; 0.0; 0.0;-11; 21.5;B;0;-;On;On;Off; 25.3; 25.0;0;8;2015;8;2015;8;1829;1;-
2026/05/10;21:50:53;-;-; 52.37; 0.0;-; 58.4; 58.0; 0.0;-;-;2344;-0.2; 0.0; 0.0;-11; 21.5;B;0;-;On;On;Off; 25.3; 24.9;0;8;2015;8;2015;8;1829;0;-
2026/05/10;21:51:53;-;-; 52.37; 0.0;-; 58.3; 58.0; 0.0;-;-;2344;-0.2; 0.0; 0.0;-11; 21.5;B;0;-;On;On;Off; 25.2; 24.9;0;8;2015;8;2015;8;1829;0;-
2026/05/10;21:52:53;-;-; 52.37; 0.0;-; 58.1; 57.7; 0.0;-;-;2344;-0.2; 0.0; 0.0;-10; 21.5;B;0;-;On;On;Off; 25.1; 24.8;0;8;2015;8;2015;8;1829;0;-
2026/05/10;21:53:52;-;-; 52.37; 0.0;-; 57.9; 57.6; 0.0;-;-;2344;-0.2; 0.0; 0.0;-10; 21.5;B;0;-;On;On;Off; 25.1; 24.8;0;8;2015;8;2015;8;1829;0;-
2026/05/10;21:54:52;-;-; 52.39; 0.0;-; 57.6; 57.3; 0.0;-;-;2344;-0.2; 0.0; 0.0;-10; 21.5;B;0;-;On;On;Off; 25.0; 24.7;0;8;2015;8;2015;8;1829;0;-
2026/05/10;21:55:52;-;-; 52.39; 0.0;-; 57.4; 57.1; 0.0;-;-;2344;-0.2; 0.0; 0.0;-10; 21.5;B;0;-;On;On;Off; 24.9; 24.6;0;8;2015;8;2015;8;1829;0;-
2026/05/10;21:56:52;-;-; 52.39; 0.0;-; 57.3; 56.8; 0.0;-;-;2344;-0.2; 0.0; 0.0;-10; 21.5;B;0;-;On;On;Off; 24.9; 24.6;0;8;2015;8;2015;8;1829;0;-
2026/05/10;21:57:52;-;-; 52.39; 0.0;-; 57.1; 56.6; 0.0;-;-;2344;-0.2; 0.0; 0.0;-11; 21.5;B;0;-;On;On;Off; 24.8; 24.6;0;8;2015;8;2015;8;1829;0;-
2026/05/10;21:58:52;-;-; 52.39; 0.0;-; 56.8; 56.3; 0.0;-;-;2344;-0.2; 0.0; 0.0;-11; 21.5;B;0;-;On;On;Off; 24.8; 24.5;0;8;2015;8;2015;8;1829;0;-
2026/05/10;21:59:52;-;-; 52.39; 0.0;-; 56.5; 56.0; 0.0;-;-;2344;-0.2; 0.0; 0.0;-10; 21.5;B;0;-;On;On;Off; 24.7; 24.4;0;8;2015;8;2015;8;1829;0;-
2026/05/10;22:00:52;-;-; 52.39; 0.0;-; 56.0; 55.6; 0.0;-;-;2344;-0.2; 0.0; 0.0;-10; 21.5;B;0;-;On;On;Off; 24.7; 24.4;0;8;2015;8;2015;8;1829;0;-
2026/05/10;22:01:52;-;-; 52.39; 0.0;-; 55.6; 55.2; 0.0;-;-;2344;-0.2; 0.0; 0.0;-10; 21.5;B;0;-;On;On;Off; 24.6; 24.3;0;8;2015;8;2015;8;1829;0;-
2026/05/10;22:02:52;-;-; 52.39; 0.0;-; 55.2; 54.8; 0.0;-;-;2344;-0.2; 0.0; 0.0;-11; 21.5;B;0;-;On;On;Off; 24.6; 24.3;0;8;2015;8;2015;8;1829;0;-
2026/05/10;22:03:52;-;-; 52.41; 0.0;-; 54.9; 54.2; 0.0;-;-;2344;-0.2; 0.0; 0.0;-10; 21.5;B;0;-;On;On;Off; 24.6; 24.3;0;8;2015;8;2015;8;1829;0;-
2026/05/10;22:04:52;-;-; 52.39; 0.0;-; 54.4; 53.8; 0.0;-;-;2344;-0.2; 0.0; 0.0;-10; 21.5;B;0;-;On;On;Off; 24.5; 24.2;0;8;2015;8;2015;8;1829;0;-
2026/05/10;22:05:52;-;-; 52.41; 0.0;-; 54.0; 53.5; 0.0;-;-;2344;-0.2; 0.0; 0.0;-11; 21.5;B;0;-;On;On;Off; 24.5; 24.2;0;8;2015;8;2015;8;1829;0;-
2026/05/10;22:06:52;-;-; 52.41; 0.0;-; 53.5; 53.0; 0.0;-;-;2344;-0.2; 0.0; 0.0;-10; 21.5;B;0;-;On;On;Off; 24.4; 24.1;0;8;2015;8;2015;8;1829;0;-
2026/05/10;22:07:52;-;-; 52.41; 0.0;-; 53.2; 52.6; 0.0;-;-;2344;-0.2; 0.0; 0.0;-10; 21.5;B;0;-;On;On;Off; 24.4; 24.1;0;8;2015;8;2015;8;1829;0;-
2026/05/10;22:08:52;-;-; 52.41; 0.0;-; 52.8; 52.2; 0.0;-;-;2344;-0.2; 0.0; 0.0;-10; 21.5;B;0;-;On;On;Off; 24.3; 24.1;0;8;2015;8;2015;8;1829;0;-
2026/05/10;22:09:51;-;-; 52.43; 0.0;-; 52.2; 51.6; 0.0;-;-;2344;-0.2; 0.0; 0.0;-10; 21.5;B;0;-;On;On;Off; 24.3; 24.0;0;8;2015;8;2015;8;1829;0;-
2026/05/10;22:10:51;-;-; 52.43; 0.0;-; 51.8; 51.0; 0.0;-;-;2344;-0.2; 0.0; 0.0;-10; 21.5;B;0;-;On;On;Off; 24.3; 24.0;0;8;2015;8;2015;8;1829;0;-
2026/05/10;22:11:51;-;-; 52.43; 0.0;-; 51.2; 50.4; 0.0;-;-;2344;-0.2; 0.0; 0.0;-10; 21.5;B;0;-;On;On;Off; 24.3; 24.0;0;8;2015;8;2015;8;1829;0;-
2026/05/10;22:12:51;-;-; 52.43; 0.0;-; 50.5; 49.9; 0.0;-;-;2344;-0.2; 0.0; 0.0;-11; 21.5;B;0;-;On;On;Off; 24.2; 23.9;0;8;2015;8;2015;8;1829;0;-
2026/05/10;22:13:51;-;-; 52.41; 0.0;-; 50.0; 49.2; 0.0;-;-;2344;-0.2; 0.0; 0.0;-11; 21.5;B;0;-;On;On;Off; 24.2; 23.9;0;8;2015;8;2015;8;1829;0;-
2026/05/10;22:14:51;-;-; 52.41; 0.0;-; 49.4; 48.5; 0.0;-;-;2344;-0.2; 0.0; 0.0;-10; 21.5;B;0;-;On;On;Off; 24.1; 23.9;0;8;2015;8;2015;8;1829;0;-
2026/05/10;22:15:51;-;-; 52.41; 0.0;-; 48.7; 47.9; 0.0;-;-;2344;-0.2; 0.0; 0.0;-10; 21.5;B;0;-;On;On;Off; 24.1; 23.8;0;8;2015;8;2015;8;1829;0;-
2026/05/10;22:16:51;-;-; 52.41; 0.0;-; 48.1; 47.5; 0.0;-;-;2344;-0.2; 0.0; 0.0;-10; 21.5;B;0;-;On;On;Off; 24.1; 23.8;0;8;2015;8;2015;8;1829;0;-
2026/05/10;22:17:51;-;-; 52.43; 0.0;-; 47.6; 47.0; 0.0;-;-;2344;-0.2; 0.0; 0.0;-10; 21.5;B;0;-;On;On;Off; 24.1; 23.8;0;8;2015;8;2015;8;1829;0;-
2026/05/10;22:18:51;-;-; 52.43; 0.0;-; 47.3; 46.5; 0.0;-;-;2344;-0.2; 0.0; 0.0;-10; 21.5;B;0;-;On;On;Off; 24.0; 23.8;0;8;2015;8;2015;8;1829;0;-
2026/05/10;22:19:51;-;-; 52.41; 0.0;-; 46.7; 45.9; 0.0;-;-;2344;-0.2; 0.0; 0.0;-10; 21.5;B;0;-;On;On;Off; 24.0; 23.7;0;8;2015;8;2015;8;1829;0;-
2026/05/10;22:20:51;-;-; 52.43; 0.0;-; 46.1; 45.2; 0.0;-;-;2344;-0.2; 0.0; 0.0;-10; 21.5;B;0;-;On;On;Off; 24.0; 23.7;0;8;2015;8;2015;8;1829;0;-
2026/05/10;22:21:51;-;-; 52.43; 0.0;-; 45.4; 44.6; 0.0;-;-;2344;-0.2; 0.0; 0.0;-10; 21.4;B;0;-;On;On;Off; 24.0; 23.7;0;8;2015;8;2015;8;1829;0;-
2026/05/10;22:22:51;-;-; 52.43; 0.0;-; 44.7; 43.8; 0.0;-;-;2344;-0.2; 0.0; 0.0;-10; 21.4;B;0;-;On;On;Off; 24.0; 23.7;0;8;2015;8;2015;8;1829;0;-
2026/05/10;22:23:51;-;-; 52.43; 0.0;-; 43.9; 43.0; 0.0;-;-;2344;-0.2; 0.0; 0.0;-10; 21.4;B;0;-;On;On;Off; 23.9; 23.7;0;8;2015;8;2015;8;1829;0;-
2026/05/10;22:24:50;-;-; 52.45; 0.0;-; 43.1; 42.2; 0.0;-;-;2344;-0.2; 0.0; 0.0;-10; 21.4;B;0;-;On;On;Off; 23.9; 23.6;0;8;2015;8;2015;8;1829;0;-
2026/05/10;22:25:50;-;-; 52.45; 0.0;-; 42.5; 41.7; 0.0;-;-;2344;-0.2; 0.0; 0.0;-10; 21.4;B;0;-;On;On;Off; 23.9; 23.6;0;8;2015;8;2015;8;1829;0;-
2026/05/10;22:26:50;-;-; 52.43; 0.0;-; 41.8; 40.8; 0.0;-;-;2344;-0.2; 0.0; 0.0;-11; 21.4;B;0;-;On;On;Off; 23.8; 23.6;0;8;2015;8;2015;8;1829;0;-
2026/05/10;22:27:50;-;-; 52.45; 0.0;-; 41.1; 40.0; 0.0;-;-;2344;-0.2; 0.0; 0.0;-11; 21.4;B;0;-;On;On;Off; 23.8; 23.5;0;8;2015;8;2015;8;1829;0;-
2026/05/10;22:28:50;-;-; 52.43; 0.0;-; 40.1; 39.0; 0.0;-;-;2344;-0.2; 0.0; 0.0;-11; 21.4;B;0;-;On;On;Off; 23.8; 23.5;0;8;2015;8;2015;8;1829;0;-
2026/05/10;22:29:50;-;-; 52.43; 0.0;-; 39.1; 38.0; 0.0;-;-;2344;-0.2; 0.0; 0.0;-11; 21.4;B;0;-;On;On;Off; 23.8; 23.5;0;8;2015;8;2015;8;1829;0;-
2026/05/10;22:30:50;-;-; 52.45; 0.0;-; 38.0; 36.9; 0.0;-;-;2344;-0.2; 0.0; 0.0;-10; 21.4;B;0;-;On;On;Off; 23.8; 23.5;0;8;2015;8;2015;8;1829;0;-
2026/05/10;22:31:50;-;-; 52.45; 0.0;-; 36.8; 35.9; 0.0;-;-;2344;-0.2; 0.0; 0.0;-10; 21.4;B;0;-;On;On;Off; 23.8; 23.5;0;8;2015;8;2015;8;1829;0;-
2026/05/10;22:32:50;-;-; 52.45; 0.0;-; 35.8; 35.0; 0.0;-;-;2344;-0.2; 0.0; 0.0;-10; 21.4;B;0;-;On;On;Off; 23.7; 23.5;0;8;2015;8;2015;8;1829;0;-
2026/05/10;22:33:50;-;-; 52.45; 0.0;-; 34.8; 34.1; 0.0;-;-;2344;-0.2; 0.0; 0.0;-10; 21.4;B;0;-;On;On;Off; 23.7; 23.4;0;8;2015;8;2015;8;1829;0;-
2026/05/10;22:34:50;-;-; 52.45; 0.0;-; 33.9; 33.2; 0.0;-;-;2344;-0.2; 0.0; 0.0;-10; 21.4;B;0;-;On;On;Off; 23.7; 23.4;0;8;2015;8;2015;8;1829;0;-
2026/05/10;22:35:50;-;-; 52.45; 0.0;-; 33.2; 32.5; 0.0;-;-;2344;-0.2; 0.0; 0.0;-11; 21.4;B;0;-;On;On;Off; 23.7; 23.4;0;8;2015;8;2015;8;1829;0;-
2026/05/10;22:36:50;-;-; 52.45; 0.0;-; 32.1; 31.6; 0.0;-;-;2344;-0.2; 0.0; 0.0;-11; 21.4;B;0;-;On;On;Off; 23.7; 23.4;0;8;2015;8;2015;8;1829;0;-
2026/05/10;22:37:50;-;-; 52.45; 0.0;-; 31.2; 30.6; 0.0;-;-;2344;-0.2; 0.0; 0.0;-11; 21.4;B;0;-;On;On;Off; 23.7; 23.4;0;8;2015;8;2015;8;1829;0;-
2026/05/10;22:38:50;-;-; 52.45; 0.0;-; 30.4; 29.9; 0.0;-;-;2344;-0.2; 0.0; 0.0;-11; 21.4;B;0;-;On;On;Off; 23.6; 23.4;0;8;2015;8;2015;8;1829;0;-
2026/05/10;22:39:50;-;-; 52.45; 0.0;-; 29.6; 29.2; 0.0;-;-;2344;-0.2; 0.0; 0.0;-11; 21.4;B;0;-;On;On;Off; 23.6; 23.4;0;8;2015;8;2015;8;1829;0;-
2026/05/10;22:40:49;-;-; 52.45; 0.0;-; 29.0; 28.2; 0.0;-;-;2344;-0.2; 0.0; 0.0;-10; 21.4;B;0;-;On;On;Off; 23.6; 23.3;0;8;2015;8;2015;8;1829;0;-
2026/05/10;22:41:49;-;-; 52.43; 0.0;-; 28.2; 27.6; 0.0;-;-;2344;-0.2; 0.0; 0.0;-10; 21.4;B;0;-;On;On;Off; 23.6; 23.3;0;8;2015;8;2015;8;1829;0;-
2026/05/10;22:42:49;-;-; 52.43; 0.0;-; 27.4; 26.9; 0.0;-;-;2344;-0.2; 0.0; 0.0;-10; 21.4;B;0;-;On;On;Off; 23.6; 23.3;0;8;2015;8;2015;8;1829;0;-
2026/05/10;22:43:49;-;-; 52.45; 0.0;-; 26.6; 26.2; 0.0;-;-;2344;-0.2; 0.0; 0.0;-11; 21.4;B;0;-;On;On;Off; 23.6; 23.3;0;8;2015;8;2015;8;1829;0;-
2026/05/10;22:44:49;-;-; 52.45; 0.0;-; 25.9; 25.5; 0.0;-;-;2344;-0.2; 0.0; 0.0;-11; 21.4;B;0;-;On;On;Off; 23.6; 23.3;0;8;2015;8;2015;8;1829;0;-
2026/05/10;22:45:49;-;-; 52.45; 0.0;-; 25.3; 24.8; 0.0;-;-;2344;-0.2; 0.0; 0.0;-11; 21.4;B;0;-;On;On;Off; 23.5; 23.3;0;8;2015;8;2015;8;1829;0;-
2026/05/10;22:46:49;-;-; 52.45; 0.0;-; 24.7; 24.3; 0.0;-;-;2344;-0.2; 0.0; 0.0;-11; 21.4;B;0;-;On;On;Off; 23.5; 23.3;0;8;2015;8;2015;8;1829;0;-
2026/05/10;22:47:49;-;-; 52.45; 0.0;-; 24.2; 24.0; 0.0;-;-;2344;-0.2; 0.0; 0.0;-11; 21.4;B;0;-;On;On;Off; 23.5; 23.3;0;8;2015;8;2015;8;1829;0;-
2026/05/10;22:48:49;-;-; 52.45; 0.0;-; 23.7; 23.4; 0.0;-;-;2344;-0.2; 0.0; 0.0;-10; 21.4;B;0;-;On;On;Off; 23.5; 23.2;0;8;2015;8;2015;8;1829;0;-
2026/05/10;22:49:49;-;-; 52.45; 0.0;-; 23.1; 23.1; 0.0;-;-;2344;-0.2; 0.0; 0.0;-10; 21.4;B;0;-;On;On;Off; 23.5; 23.2;0;8;2015;8;2015;8;1829;0;-
2026/05/10;22:50:49;-;-; 52.43; 0.0;-; 22.7; 22.6; 0.0;-;-;2344;-0.2; 0.0; 0.0;-10; 21.4;B;0;-;On;On;Off; 23.5; 23.2;0;8;2015;8;2015;8;1829;0;-
2026/05/10;22:51:49;-;-; 52.43; 0.0;-; 22.1; 22.0; 0.0;-;-;2344;-0.2; 0.0; 0.0;-10; 21.4;B;0;-;On;On;Off; 23.5; 23.2;0;8;2015;8;2015;8;1829;0;-
2026/05/10;22:52:49;-;-; 52.43; 0.0;-; 21.5; 21.5; 0.0;-;-;2344;-0.2; 0.0; 0.0;-10; 21.4;B;0;-;On;On;Off; 23.5; 23.2;0;8;2015;8;2015;8;1829;0;-
2026/05/10;22:53:49;-;-; 52.45; 0.0;-; 20.9; 21.0; 0.0;-;-;2344;-0.2; 0.0; 0.0;-10; 21.4;B;0;-;On;On;Off; 23.5; 23.2;0;8;2015;8;2015;8;1829;0;-
2026/05/10;22:54:49;-;-; 52.43; 0.0;-; 20.4; 20.5; 0.0;-;-;2344;-0.2; 0.0; 0.0;-10; 21.4;B;0;-;On;On;Off; 23.5; 23.2;0;8;2015;8;2015;8;1829;0;-
2026/05/10;22:55:48;-;-; 52.43; 0.0;-; 20.0; 19.9; 0.0;-;-;2344;-0.2; 0.0; 0.0;-10; 21.4;B;0;-;On;On;Off; 23.4; 23.1;0;8;2015;8;2015;8;1829;0;-
2026/05/10;22:56:48;-;-; 52.45; 0.0;-; 19.4; 19.7; 0.0;-;-;2344;-0.2; 0.0; 0.0;-9; 21.4;B;0;-;On;On;Off; 23.4; 23.1;0;8;2015;8;2015;8;1829;0;-
2026/05/10;22:57:48;-;-; 52.43; 0.0;-; 19.0; 19.2; 0.0;-;-;2344;-0.2; 0.0; 0.0;-9; 21.4;B;0;-;On;On;Off; 23.4; 23.1;0;8;2015;8;2015;8;1829;0;-
2026/05/10;22:58:48;-;-; 52.43; 0.0;-; 18.6; 18.7; 0.0;-;-;2344;-0.2; 0.0; 0.0;-9; 21.4;B;0;-;On;On;Off; 23.4; 23.1;0;8;2015;8;2015;8;1829;0;-
2026/05/10;22:59:48;-;-; 52.45; 0.0;-; 18.1; 18.5; 0.0;-;-;2344;-0.2; 0.0; 0.0;-9; 21.4;B;0;-;On;On;Off; 23.4; 23.1;0;8;2015;8;2015;8;1829;0;-
2026/05/10;23:00:48;-;-; 52.43; 0.0;-; 17.8; 18.0; 0.0;-;-;2344;-0.2; 0.0; 0.0;-9; 21.4;B;0;-;On;On;Off; 23.4; 23.1;0;8;2015;8;2015;8;1829;0;-
2026/05/10;23:01:48;-;-; 52.45; 0.0;-; 17.4; 17.7; 0.0;-;-;2344;-0.2; 0.0; 0.0;-9; 21.4;B;0;-;On;On;Off; 23.4; 23.1;0;8;2015;8;2015;8;1829;0;-
2026/05/10;23:02:48;-;-; 52.43; 0.0;-; 17.1; 17.4; 0.0;-;-;2344;-0.2; 0.0; 0.0;-9; 21.4;B;0;-;On;On;Off; 23.4; 23.1;0;8;2015;8;2015;8;1829;0;-
2026/05/10;23:03:48;-;-; 52.45; 0.0;-; 16.7; 17.0; 0.0;-;-;2344;-0.2; 0.0; 0.0;-10; 21.4;B;0;-;On;On;Off; 23.4; 23.1;0;8;2015;8;2015;8;1829;0;-
2026/05/10;23:04:48;-;-; 52.45; 0.0;-; 16.3; 16.7; 0.0;-;-;2344;-0.2; 0.0; 0.0;-10; 21.4;B;0;-;On;On;Off; 23.4; 23.1;0;8;2015;8;2015;8;1829;0;-
2026/05/10;23:05:48;-;-; 52.43; 0.0;-; 16.0; 16.4; 0.0;-;-;2344;-0.2; 0.0; 0.0;-10; 21.4;B;0;-;On;On;Off; 23.4; 23.1;0;8;2015;8;2015;8;1829;0;-
2026/05/10;23:06:48;-;-; 52.45; 0.0;-; 15.7; 16.1; 0.0;-;-;2344;-0.2; 0.0; 0.0;-10; 21.4;B;0;-;On;On;Off; 23.3; 23.1;0;8;2015;8;2015;8;1829;0;-
2026/05/10;23:07:48;-;-; 52.43; 0.0;-; 15.5; 15.8; 0.0;-;-;2344;-0.2; 0.0; 0.0;-10; 21.4;B;0;-;On;On;Off; 23.3; 23.1;0;8;2015;8;2015;8;1829;0;-
2026/05/10;23:08:48;-;-; 52.43; 0.0;-; 15.3; 15.7; 0.0;-;-;2344;-0.2; 0.0; 0.0;-10; 21.4;B;0;-;On;On;Off; 23.3; 23.1;0;8;2015;8;2015;8;1829;0;-
2026/05/10;23:09:48;-;-; 52.43; 0.0;-; 15.0; 15.4; 0.0;-;-;2344;-0.2; 0.0; 0.0;-10; 21.4;B;0;-;On;On;Off; 23.3; 23.1;0;8;2015;8;2015;8;1829;0;-
2026/05/10;23:10:48;-;-; 52.43; 0.0;-; 15.0; 15.4; 0.0;-;-;2344;-0.2; 0.0; 0.0;-11; 21.4;B;0;-;On;On;Off; 23.3; 23.0;0;8;2015;8;2015;8;1829;0;-
2026/05/10;23:11:47;-;-; 52.45; 0.0;-; 14.7; 15.2; 0.0;-;-;2344;-0.2; 0.0; 0.0;-10; 21.4;B;0;-;On;On;Off; 23.3; 23.0;0;8;2015;8;2015;8;1829;0;-
2026/05/10;23:12:47;-;-; 52.45; 0.0;-; 14.5; 15.0; 0.0;-;-;2344;-0.2; 0.0; 0.0;-10; 21.4;B;0;-;On;On;Off; 23.3; 23.0;0;8;2015;8;2015;8;1829;0;-
2026/05/10;23:13:47;-;-; 52.45; 0.0;-; 14.4; 14.8; 0.0;-;-;2344;-0.2; 0.0; 0.0;-10; 21.4;B;0;-;On;On;Off; 23.3; 23.0;0;8;2015;8;2015;8;1829;0;-
2026/05/10;23:14:47;-;-; 52.45; 0.0;-; 14.2; 14.9; 0.0;-;-;2344;-0.2; 0.0; 0.0;-10; 21.4;B;0;-;On;On;Off; 23.3; 23.0;0;8;2015;8;2015;8;1829;0;-
2026/05/10;23:15:47;-;-; 52.45; 0.0;-; 14.2; 14.7; 0.0;-;-;2344;-0.2; 0.0; 0.0;-10; 21.4;B;0;-;On;On;Off; 23.3; 23.0;0;8;2015;8;2015;8;1829;0;-
2026/05/10;23:16:47;-;-; 52.43; 0.0;-; 14.0; 14.6; 0.0;-;-;2344;-0.2; 0.0; 0.0;-10; 21.4;B;0;-;On;On;Off; 23.3; 23.0;0;8;2015;8;2015;8;1829;0;-
2026/05/10;23:17:47;-;-; 52.43; 0.0;-; 13.9; 14.4; 0.0;-;-;2344;-0.2; 0.0; 0.0;-10; 21.4;B;0;-;On;On;Off; 23.3; 23.0;0;8;2015;8;2015;8;1829;0;-
2026/05/10;23:18:47;-;-; 52.43; 0.0;-; 13.6; 14.3; 0.0;-;-;2344;-0.2; 0.0; 0.0;-10; 21.4;B;0;-;On;On;Off; 23.3; 23.0;0;8;2015;8;2015;8;1829;0;-
2026/05/10;23:19:47;-;-; 52.43; 0.0;-; 13.5; 14.1; 0.0;-;-;2344;-0.2; 0.0; 0.0;-10; 21.4;B;0;-;On;On;Off; 23.3; 23.0;0;8;2015;8;2015;8;1829;0;-
2026/05/10;23:20:47;-;-; 52.45; 0.0;-; 13.5; 14.1; 0.0;-;-;2344;-0.2; 0.0; 0.0;-10; 21.4;B;0;-;On;On;Off; 23.3; 23.0;0;8;2015;8;2015;8;1829;0;-
2026/05/10;23:21:47;-;-; 52.45; 0.0;-; 13.3; 14.1; 0.0;-;-;2344;-0.2; 0.0; 0.0;-10; 21.4;B;0;-;On;On;Off; 23.3; 23.0;0;8;2015;8;2015;8;1829;0;-
2026/05/10;23:22:47;-;-; 52.45; 0.0;-; 13.3; 14.0; 0.0;-;-;2344;-0.2; 0.0; 0.0;-10; 21.4;B;0;-;On;On;Off; 23.2; 23.0;0;8;2015;8;2015;8;1829;0;-
2026/05/10;23:23:47;-;-; 52.45; 0.0;-; 13.4; 13.9; 0.0;-;-;2344;-0.2; 0.0; 0.0;-10; 21.4;B;0;-;On;On;Off; 23.2; 23.0;0;8;2015;8;2015;8;1829;0;-
2026/05/10;23:24:47;-;-; 52.45; 0.0;-; 13.2; 13.8; 0.0;-;-;2344;-0.2; 0.0; 0.0;-10; 21.4;B;0;-;On;On;Off; 23.2; 23.0;0;8;2015;8;2015;8;1829;0;-
2026/05/10;23:25:47;-;-; 52.45; 0.0;-; 13.3; 14.0; 0.0;-;-;2344;-0.2; 0.0; 0.0;-9; 21.4;B;0;-;On;On;Off; 23.2; 23.0;0;8;2015;8;2015;8;1829;0;-
2026/05/10;23:26:46;-;-; 52.43; 0.0;-; 13.1; 13.8; 0.0;-;-;2344;-0.2; 0.0; 0.0;-10; 21.4;B;0;-;On;On;Off; 23.2; 23.0;0;8;2015;8;2015;8;1829;0;-
2026/05/10;23:27:46;-;-; 52.45; 0.0;-; 13.1; 13.8; 0.0;-;-;2344;-0.2; 0.0; 0.0;-10; 21.4;B;0;-;On;On;Off; 23.2; 22.9;0;8;2015;8;2015;8;1829;0;-
2026/05/10;23:28:46;-;-; 52.43; 0.0;-; 13.1; 13.7; 0.0;-;-;2344;-0.2; 0.0; 0.0;-9; 21.4;B;0;-;On;On;Off; 23.2; 22.9;0;8;2015;8;2015;8;1829;0;-
2026/05/10;23:29:46;-;-; 52.45; 0.0;-; 13.2; 13.8; 0.0;-;-;2344;-0.2; 0.0; 0.0;-10; 21.4;B;0;-;On;On;Off; 23.2; 22.9;0;8;2015;8;2015;8;1829;0;-
2026/05/10;23:30:46;-;-; 52.45; 0.0;-; 12.9; 13.6; 0.0;-;-;2344;-0.2; 0.0; 0.0;-9; 21.4;B;0;-;On;On;Off; 23.2; 22.9;0;8;2015;8;2015;8;1829;0;-
2026/05/10;23:31:46;-;-; 52.45; 0.0;-; 13.1; 13.6; 0.0;-;-;2344;-0.2; 0.0; 0.0;-9; 21.4;B;0;-;On;On;Off; 23.2; 22.9;0;8;2015;8;2015;8;1829;0;-
2026/05/10;23:32:46;-;-; 52.43; 0.0;-; 13.1; 13.8; 0.0;-;-;2344;-0.2; 0.0; 0.0;-10; 21.4;B;0;-;On;On;Off; 23.2; 22.9;0;8;2015;8;2015;8;1829;0;-
2026/05/10;23:33:46;-;-; 52.45; 0.0;-; 13.0; 13.8; 0.0;-;-;2344;-0.2; 0.0; 0.0;-10; 21.4;B;0;-;On;On;Off; 23.2; 22.9;0;8;2015;8;2015;8;1829;0;-
2026/05/10;23:34:46;-;-; 52.43; 0.0;-; 13.1; 13.9; 0.0;-;-;2344;-0.2; 0.0; 0.0;-10; 21.4;B;0;-;On;On;Off; 23.2; 22.9;0;8;2015;8;2015;8;1829;0;-
2026/05/10;23:35:46;-;-; 52.45; 0.0;-; 13.1; 13.8; 0.0;-;-;2344;-0.2; 0.0; 0.0;-10; 21.4;B;0;-;On;On;Off; 23.2; 22.9;0;8;2015;8;2015;8;1829;0;-
2026/05/10;23:36:46;-;-; 52.43; 0.0;-; 13.0; 13.7; 0.0;-;-;2344;-0.2; 0.0; 0.0;-10; 21.4;B;0;-;On;On;Off; 23.1; 22.9;0;8;2015;8;2015;8;1829;0;-
2026/05/10;23:37:46;-;-; 52.45; 0.0;-; 13.0; 13.8; 0.0;-;-;2344;-0.2; 0.0; 0.0;-10; 21.4;B;0;-;On;On;Off; 23.2; 22.9;0;8;2015;8;2015;8;1829;0;-
2026/05/10;23:38:46;-;-; 52.43; 0.0;-; 13.1; 13.8; 0.0;-;-;2344;-0.2; 0.0; 0.0;-10; 21.4;B;0;-;On;On;Off; 23.1; 22.9;0;8;2015;8;2015;8;1829;0;-
2026/05/10;23:39:46;-;-; 52.43; 0.0;-; 13.1; 13.8; 0.0;-;-;2344;-0.2; 0.0; 0.0;-10; 21.4;B;0;-;On;On;Off; 23.1; 22.9;0;8;2015;8;2015;8;1829;0;-
2026/05/10;23:40:46;-;-; 52.43; 0.0;-; 13.0; 13.8; 0.0;-;-;2344;-0.2; 0.0; 0.0;-10; 21.4;B;0;-;On;On;Off; 23.1; 22.8;0;8;2015;8;2015;8;1829;0;-
2026/05/10;23:41:46;-;-; 52.43; 0.0;-; 13.0; 13.6; 0.0;-;-;2344;-0.2; 0.0; 0.0;-10; 21.4;B;0;-;On;On;Off; 23.1; 22.9;0;8;2015;8;2015;8;1829;0;-
2026/05/10;23:42:45;-;-; 52.45; 0.0;-; 13.0; 13.7; 0.0;-;-;2344;-0.2; 0.0; 0.0;-9; 21.4;B;0;-;On;On;Off; 23.1; 22.8;0;8;2015;8;2015;8;1829;0;-
2026/05/10;23:43:45;-;-; 52.43; 0.0;-; 12.9; 13.6; 0.0;-;-;2344;-0.2; 0.0; 0.0;-10; 21.4;B;0;-;On;On;Off; 23.1; 22.8;0;8;2015;8;2015;8;1829;0;-
2026/05/10;23:44:45;-;-; 52.43; 0.0;-; 12.9; 13.7; 0.0;-;-;2344;-0.2; 0.0; 0.0;-10; 21.4;B;0;-;On;On;Off; 23.1; 22.8;0;8;2015;8;2015;8;1829;0;-
2026/05/10;23:45:45;-;-; 52.43; 0.0;-; 12.9; 13.6; 0.0;-;-;2344;-0.2; 0.0; 0.0;-10; 21.4;B;0;-;On;On;Off; 23.1; 22.8;0;8;2015;8;2015;8;1829;0;-
2026/05/10;23:46:45;-;-; 52.43; 0.0;-; 12.9; 13.7; 0.0;-;-;2344;-0.2; 0.0; 0.0;-10; 21.4;B;0;-;On;On;Off; 23.1; 22.8;0;8;2015;8;2015;8;1829;0;-
2026/05/10;23:47:45;-;-; 52.43; 0.0;-; 13.0; 13.6; 0.0;-;-;2344;-0.2; 0.0; 0.0;-10; 21.4;B;0;-;On;On;Off; 23.1; 22.8;0;8;2015;8;2015;8;1829;0;-
2026/05/10;23:48:45;-;-; 52.43; 0.0;-; 12.9; 13.6; 0.0;-;-;2344;-0.2; 0.0; 0.0;-10; 21.4;B;0;-;On;On;Off; 23.1; 22.8;0;8;2015;8;2015;8;1829;0;-
2026/05/10;23:49:45;-;-; 52.43; 0.0;-; 12.8; 13.5; 0.0;-;-;2344;-0.2; 0.0; 0.0;-10; 21.4;B;0;-;On;On;Off; 23.1; 22.8;0;8;2015;8;2015;8;1829;0;-
2026/05/10;23:50:45;-;-; 52.45; 0.0;-; 12.8; 13.5; 0.0;-;-;2344;-0.2; 0.0; 0.0;-10; 21.4;B;0;-;On;On;Off; 23.1; 22.8;0;8;2015;8;2015;8;1829;0;-
2026/05/10;23:51:45;-;-; 52.45; 0.0;-; 12.8; 13.5; 0.0;-;-;2344;-0.2; 0.0; 0.0;-10; 21.4;B;0;-;On;On;Off; 23.1; 22.8;0;8;2015;8;2015;8;1829;0;-
2026/05/10;23:52:45;-;-; 52.43; 0.0;-; 12.8; 13.5; 0.0;-;-;2344;-0.2; 0.0; 0.0;-10; 21.4;B;0;-;On;On;Off; 23.1; 22.8;0;8;2015;8;2015;8;1829;0;-
2026/05/10;23:53:45;-;-; 52.43; 0.0;-; 12.8; 13.5; 0.0;-;-;2344;-0.2; 0.0; 0.0;-11; 21.4;B;0;-;On;On;Off; 23.1; 22.8;0;8;2015;8;2015;8;1829;0;-
2026/05/10;23:54:45;-;-; 52.43; 0.0;-; 12.9; 13.5; 0.0;-;-;2344;-0.2; 0.0; 0.0;-10; 21.4;B;0;-;On;On;Off; 23.0; 22.8;0;8;2015;8;2015;8;1829;0;-
2026/05/10;23:55:45;-;-; 52.43; 0.0;-; 12.7; 13.6; 0.0;-;-;2344;-0.2; 0.0; 0.0;-10; 21.3;B;0;-;On;On;Off; 23.0; 22.8;0;8;2015;8;2015;8;1829;0;-
2026/05/10;23:56:45;-;-; 52.43; 0.0;-; 12.7; 13.6; 0.0;-;-;2344;-0.2; 0.0; 0.0;-10; 21.4;B;0;-;On;On;Off; 23.1; 22.8;0;8;2015;8;2015;8;1829;0;-
2026/05/10;23:57:45;-;-; 52.43; 0.0;-; 12.8; 13.5; 0.0;-;-;2344;-0.2; 0.0; 0.0;-11; 21.3;B;0;-;On;On;Off; 23.0; 22.8;0;8;2015;8;2015;8;1829;0;-
2026/05/10;23:58:44;-;-; 52.43; 0.0;-; 12.7; 13.5; 0.0;-;-;2344;-0.2; 0.0; 0.0;-11; 21.3;B;0;-;On;On;Off; 23.0; 22.8;0;8;2015;8;2015;8;1829;0;-
2026/05/10;23:59:44;-;-; 52.43; 0.0;-; 11.3; 13.1; 0.0;-;-;2344;-0.2; 0.0; 0.0;-10; 21.4;B;0;-;On;On;Off; 23.0; 22.8;0;8;2015;8;2015;8;1829;0;-
